{"Chapter":[{"Verse":[{"Verseid":"21000000","Verse":"\u0ab8\u0ac1\u0ab2\u0ac7\u0aae\u0abe\u0aa8\u0aa8\u0ac1\u0a82 \u0a86 \u0ab8\u0ab0\u0acd\u0ab5\u0acb\u0aa4\u0aae \u0a97\u0ac0\u0aa4. \u0aaa\u0acd\u0ab0\u0ac7\u0aae\u0abf\u0a95\u0abe \u0aaa\u0acb\u0aa4\u0abe\u0aa8\u0abe \u0aaa\u0acd\u0ab0\u0ac7\u0aae\u0ac0\u0aa8\u0ac7:"},{"Verseid":"21000001","Verse":"\u0aa4\u0abe\u0ab0\u0abe \u0a9a\u0ac1\u0a82\u0aac\u0aa8\u0acb\u0aa5\u0ac0 \u0aa4\u0ac1\u0a82 \u0aae\u0aa8\u0ac7 \u0aa8\u0ab5\u0aa1\u0abe\u0ab5\u0ac0 \u0aa6\u0ac7; \u0a95\u0abe\u0ab0\u0aa3 \u0aa4\u0abe\u0ab0\u0acb \u0aaa\u0acd\u0ab0\u0ac7\u0aae \u0aa6\u0acd\u0ab0\u0abe\u0a95\u0acd\u0ab7\u0abe\u0ab0\u0ab8\u0aa5\u0ac0 \u0a89\u0aa4\u0acd\u0aa4\u0aae \u0a9b\u0ac7."},{"Verseid":"21000002","Verse":"\u0aa4\u0abe\u0ab0\u0abe \u0a85\u0aa4\u0acd\u0aa4\u0ab0\u0aa8\u0ac0 \u0a96\u0ac1\u0ab6\u0acd\u0aac\u0acb \u0a95\u0ac7\u0ab5\u0ac0 \u0ab8\u0ab0\u0ab8 \u0a9b\u0ac7! \u0aa4\u0abe\u0ab0\u0ac1\u0a82 \u0aa8\u0abe\u0aae \u0a85\u0aa4\u0acd\u0aa4\u0ab0 \u0a9c\u0ac7\u0ab5\u0ac1\u0a82 \u0aae\u0ab9\u0abe\u0aa8 \u0a9b\u0ac7! \u0aa4\u0ac7\u0aa5\u0ac0\u0a9c \u0aac\u0aa7\u0ac0 \u0a95\u0ac1\u0aae\u0abe\u0ab0\u0abf\u0a95\u0abe\u0a93 \u0aa4\u0aa8\u0ac7 \u0aaa\u0acd\u0ab0\u0ac7\u0aae \u0a95\u0ab0\u0ac7 \u0a9b\u0ac7!"},{"Verseid":"21000003","Verse":"\u0ab9\u0ac7 \u0aae\u0abe\u0ab0\u0abe \u0aaa\u0acd\u0ab0\u0ac7\u0aae\u0ac0, \u0aae\u0aa8\u0ac7 \u0ab2\u0a87 \u0a9c\u0abe \u0aa4\u0abe\u0ab0\u0ac0 \u0ab8\u0abe\u0aa5\u0ac7; \u0a9a\u0abe\u0ab2, \u0a9a\u0abe\u0ab2\u0aa8\u0ac7 \u0a86\u0aaa\u0aa3\u0ac7 \u0aad\u0abe\u0a97\u0ac0 \u0a9c\u0a87\u0a8f, \u0ab0\u0abe\u0a9c\u0abe \u0aae\u0aa8\u0ac7 \u0aa4\u0ac7\u0aa8\u0abe \u0ab0\u0abe\u0a9c\u0aae\u0ab9\u0ac7\u0ab2\u0aae\u0abe \u0ab2\u0abe\u0ab5\u0acd\u0aaf\u0acb \u0a9b\u0ac7.\u0a93\u0ab9! \u0a85\u0ab9\u0ac0\u0a82 \u0a86\u0aaa\u0aa3\u0ac7 \u0a95\u0ac7\u0ab5\u0acb \u0a86\u0aa8\u0a82\u0aa6 \u0aae\u0abe\u0aa3\u0ac0\u0ab6\u0ac1\u0a82 \u0a85\u0aae\u0ac7 \u0aa4\u0abe\u0ab0\u0abe \u0aae\u0abe\u0a9f\u0ac7 \u0a96\u0ac2\u0aac \u0a96\u0ac1\u0ab6 \u0aa5\u0a87\u0ab6\u0ac1\u0a82 \u0a85\u0aa8\u0ac7 \u0aa4\u0abe\u0ab0\u0ac0 \u0aaa\u0acd\u0ab0\u0ab8\u0a82\u0ab6\u0abe \u0a95\u0ab0\u0ac0\u0ab6\u0ac1\u0a82. \u0aa4\u0abe\u0ab0\u0acb \u0aaa\u0acd\u0ab0\u0ac7\u0aae; \u0aa6\u0acd\u0ab0\u0abe\u0a95\u0acd\u0ab7\u0abe\u0ab0\u0ab8\u0aa5\u0ac0 \u0aaa\u0aa3 \u0ab5\u0aa7\u0abe\u0ab0\u0ac7 \u0ab8\u0abe\u0ab0\u0acb \u0a9b\u0ac7, \u0aac\u0aa7\u0ac0 \u0aaf\u0ac1\u0ab5\u0abe\u0aa8 \u0ab8\u0acd\u0aa4\u0acd\u0ab0\u0ac0\u0a93 \u0aa4\u0aa8\u0ac7 \u0ab6\u0ac1\u0aad \u0a86\u0ab6\u0aaf\u0aa5\u0ac0 \u0aaa\u0acd\u0ab0\u0ac7\u0aae \u0a95\u0ab0\u0ac7 \u0a9b\u0ac7."},{"Verseid":"21000004","Verse":"\u0ab9\u0ac7 \u0aaf\u0ab0\u0ac2\u0ab6\u0abe\u0ab2\u0ac7\u0aae\u0aa8\u0ac0 \u0aa6\u0ac0\u0a95\u0ab0\u0ac0\u0a93, \u0ab9\u0ac1\u0a82 \u0ab0\u0a82\u0a97\u0ac7 \u0ab6\u0acd\u0aaf\u0abe\u0aae \u0a9b\u0aa4\u0abe\u0a82 \u0ab8\u0acd\u0ab5\u0ab0\u0ac2\u0aaa\u0ab5\u0abe\u0aa8 \u0a9b\u0ac1\u0a82, \u0aae\u0abe\u0ab0\u0ac0 \u0ab6\u0acd\u0aaf\u0abe\u0aae\u0ab2\u0aa4\u0abe \u0a95\u0ac7\u0aa6\u0abe\u0ab0\u0aa8\u0abe \u0aa4\u0a82\u0aac\u0ac1\u0a93\u0aa8\u0abe \u0a9c\u0ac7\u0ab5\u0ac0 \u0a85\u0aa5\u0ab5\u0abe \u0ab8\u0ac1\u0ab2\u0ac7\u0aae\u0abe\u0aa8\u0aa8\u0abe \u0aa4\u0a82\u0aac\u0ac2\u0aa8\u0abe \u0aaa\u0aa1\u0aa6\u0abe\u0a93 \u0ab8\u0aae\u0abe\u0aa8 \u0a9b\u0ac7."},{"Verseid":"21000005","Verse":"\u0ab9\u0ac1\u0a82 \u0ab0\u0a82\u0a97\u0ac7 \u0ab6\u0acd\u0aaf\u0abe\u0aae \u0a9b\u0ac1\u0a82 \u0aa4\u0ac7\u0aa5\u0ac0 \u0aae\u0abe\u0ab0\u0ac0 \u0ab8\u0abe\u0aae\u0ac7 \u0a8f\u0a95\u0ac0\u0a9f\u0ab6\u0ac7 \u0a9c\u0acb\u0ab6\u0acb \u0aa8\u0ab9\u0abf. \u0a86 \u0ab8\u0ac2\u0ab0\u0acd\u0aaf\u0aa8\u0abe \u0aa4\u0aa1\u0a95\u0abe\u0a8f \u0aae\u0aa8\u0ac7 \u0aac\u0abe\u0ab3\u0ac0 \u0aa8\u0abe\u0a96\u0ac0 \u0a9b\u0ac7; \u0aae\u0abe\u0ab0\u0abe \u0aad\u0abe\u0a87\u0a93 \u0aaa\u0aa3 \u0a95\u0acb\u0aaa\u0abe\u0aaf\u0aae\u0abe\u0aa8 \u0aa5\u0aaf\u0abe \u0ab9\u0aa4\u0abe; \u0a85\u0aa8\u0ac7 \u0aa6\u0acd\u0ab0\u0abe\u0a95\u0acd\u0ab7\u0abe\u0ab5\u0abe\u0aa1\u0ac0\u0aa8\u0ac0 \u0ab0\u0a96\u0ac7\u0ab5\u0abe\u0ab3\u0ac0 \u0a95\u0ab0\u0ab5\u0abe \u0aa4\u0acd\u0aaf\u0abe\u0a82 \u0aae\u0aa8\u0ac7 \u0aae\u0acb\u0a95\u0ab2\u0ac0 \u0a86\u0aaa\u0ac0. \u0aa4\u0ac7\u0aa5\u0ac0 \u0ab9\u0ac1\u0a82 \u0ab6\u0acd\u0aaf\u0abe\u0aae \u0aa5\u0a87 \u0a97\u0a87, \u0aae\u0ac7\u0a82 \u0aae\u0abe\u0ab0\u0ac0 \u0aaa\u0acb\u0aa4\u0abe\u0aa8\u0ac0 \u0aa6\u0acd\u0ab0\u0abe\u0a95\u0acd\u0ab7\u0abe\u0ab5\u0abe\u0aa1\u0ac0 \u0ab8\u0a82\u0aad\u0abe\u0ab3\u0ac0 \u0aa8\u0aa5\u0ac0."},{"Verseid":"21000006","Verse":"\u0ab9\u0ac7 \u0aaa\u0acd\u0ab0\u0abe\u0aa3\u0aaa\u0acd\u0aaf\u0abe\u0ab0\u0abe, \u0aae\u0aa8\u0ac7 \u0a9c\u0aa3\u0abe\u0ab5 \u0aa4\u0acb \u0a96\u0ab0\u0acb \u0a95\u0ac7, \u0a86\u0a9c\u0ac7 \u0a98\u0ac7\u0a9f\u0abe\u0a82-\u0aac\u0a95\u0ab0\u0abe\u0a82 \u0a9a\u0ab0\u0abe\u0ab5\u0ab5\u0abe \u0a95\u0aaf\u0abe\u0a82 \u0a9c\u0a87 \u0ab0\u0ab9\u0acd\u0aaf\u0acb \u0a9b\u0ac7? \u0aa4\u0ac7\u0aae\u0aa8\u0ac7 \u0aac\u0aaa\u0acb\u0ab0\u0ac7 \u0ab5\u0abf\u0ab8\u0abe\u0aae\u0acb \u0a95\u0acd\u0aaf\u0abe\u0a82 \u0a86\u0aaa\u0ac7 \u0a9b\u0ac7 \u0aa4\u0ac7 \u0aa4\u0acb \u0a95\u0ab9\u0ac7; \u0aa4\u0abe\u0ab0\u0abe \u0ab8\u0abe\u0aa5\u0ac0\u0aa6\u0abe\u0ab0\u0acb\u0aa8\u0abe \u0a9f\u0acb\u0ab3\u0abe\u0aa8\u0ac0 \u0ab8\u0abe\u0aa5\u0ac7 \u0aac\u0ac1\u0ab0\u0a96\u0abe\u0ab5\u0abe\u0ab3\u0ac0 \u0ab8\u0acd\u0ab0\u0ac0\u0aa8\u0ac0 \u0a9c\u0ac7\u0aae \u0ab9\u0ac1\u0a82 \u0aad\u0a9f\u0a95\u0ac1\u0a82 \u0aa4\u0ac7 \u0a95\u0ab0\u0aa4\u0abe\u0a82 \u0aa4\u0abe\u0ab0\u0ac0 \u0ab8\u0a82\u0a97\u0aa4 \u0ab8\u0abe\u0ab0\u0ac0 \u0a9b\u0ac7."},{"Verseid":"21000007","Verse":"\u0ab9\u0ac7 \u0ab5\u0abf\u0ab6\u0acd\u0ab5\u0ab8\u0ac1\u0a82\u0aa6\u0ab0\u0ac0! \u0a9c\u0acb \u0aa4\u0aa8\u0ac7 \u0a96\u0aac\u0ab0 \u0aa8\u0abe \u0ab9\u0acb\u0aaf \u0aa4\u0acb, \u0a9f\u0acb\u0ab3\u0abe\u0aa8\u0ac7 \u0aaa\u0a97\u0ab2\u0ac7 \u0aaa\u0a97\u0ab2\u0ac7, \u0aad\u0ab0\u0ab5\u0abe\u0aa1\u0aa8\u0abe \u0aa8\u0ac7\u0ab8\u0aa1\u0abe \u0ab8\u0ac1\u0aa7\u0ac0 \u0a86\u0ab5\u0a9c\u0ac7, \u0a85\u0aa8\u0ac7 \u0aa4\u0acd\u0aaf\u0abe\u0a82 \u0aa4\u0abe\u0ab0\u0abe\u0a81 \u0a98\u0ac7\u0a9f\u0abe\u0a82 \u0aa8\u0ac7 \u0ab2\u0ab5\u0abe\u0ab0\u0abe\u0a82 \u0a9a\u0abe\u0ab0\u0a9c\u0ac7."},{"Verseid":"21000008","Verse":"\u0aae\u0abe\u0ab0\u0ac0 \u0aaa\u0acd\u0ab0\u0abf\u0aaf\u0aa4\u0aae\u0abe! \u0aae\u0ac7\u0a82 \u0aa4\u0aa8\u0ac7 \u0ab8\u0ab0\u0a96\u0abe\u0ab5\u0ac0 \u0a9b\u0ac7, \u0aab\u0abe\u0ab0\u0ac1\u0aa8\u0aa8\u0abe \u0ab0\u0aa5\u0acb\u0aa8\u0abe \u0a98\u0acb\u0aa1\u0abe\u0aa8\u0ac0 \u0ab8\u0ac1\u0a82\u0aa6\u0ab0\u0aa4\u0abe \u0ab8\u0abe\u0aa5\u0ac7."},{"Verseid":"21000009","Verse":"\u0aa4\u0abe\u0ab0\u0abe \u0a97\u0abe\u0ab2 \u0aaa\u0ab0 \u0aa4\u0abe\u0ab0\u0abe \u0a86\u0aad\u0ac2\u0ab7\u0aa3\u0acb \u0ab8\u0ac1\u0a82\u0aa6\u0ab0\u0aa4\u0abe\u0aa5\u0ac0 \u0ab2\u0a9f\u0a95\u0ac7 \u0a9b\u0ac7 \u0a85\u0aa8\u0ac7 \u0aa4\u0abe\u0ab0\u0ac0 \u0a97\u0ab0\u0aa6\u0aa8 \u0ab9\u0ac0\u0ab0\u0abe \u0a9c\u0aa1\u0abf\u0aa4 \u0ab9\u0abe\u0ab0\u0acb \u0aa5\u0ac0 \u0a9a\u0aae\u0a95\u0ac7 \u0a9b\u0ac7."},{"Verseid":"21000010","Verse":"\u0a85\u0aae\u0ac7 \u0aa4\u0abe\u0ab0\u0abe \u0aae\u0abe\u0a9f\u0ac7 \u0ab0\u0ac2\u0aaa\u0ac1\u0a82 \u0a9c\u0aa1\u0ac7\u0ab2\u0abe \u0ab8\u0acb\u0aa8\u0abe\u0aa8\u0abe \u0a86\u0aad\u0ac2\u0ab7\u0aa3\u0acb \u0aac\u0aa8\u0abe\u0ab5\u0aa1\u0abe\u0ab5\u0ac0\u0ab6\u0ac1\u0a82 ."},{"Verseid":"21000011","Verse":"\u0ab0\u0abe\u0a9c\u0abe\u0a8f \u0aae\u0ac7\u0a9c \u0a97\u0acb\u0aa0\u0ab5\u0acd\u0aaf\u0ac1\u0a82 \u0a9b\u0ac7 \u0a85\u0aa8\u0ac7 \u0aa4\u0ac7\u0aa8\u0ac7 \u0aa4\u0ac7\u0a9c\u0abe\u0aa8\u0abe \u0ab5\u0aa1\u0ac7 \u0ab8\u0ab0\u0ab8 \u0ab8\u0ac1\u0a97\u0a82\u0aa7\u0ac0\u0aa4 \u0a95\u0ab0\u0acd\u0aaf\u0ac1 \u0a9b\u0ac7."},{"Verseid":"21000012","Verse":"\u0aae\u0abe\u0ab0\u0acb \u0aaa\u0acd\u0ab0\u0ac0\u0aa4\u0aae \u0aae\u0abe\u0ab0\u0abe \u0ab8\u0acd\u0aa4\u0aa8\u0acb\u0aa8\u0ac0 \u0ab5\u0a9a\u0acd\u0a9a\u0ac7 \u0a95\u0ab8\u0acd\u0aa4\u0ac1\u0ab0\u0ac0\u0aa8\u0ac0 \u0aa5\u0ac7\u0ab2\u0ac0 \u0a9c\u0ac7\u0ab5\u0acb \u0ab2\u0abe\u0a97\u0ac7 \u0a9b\u0ac7."},{"Verseid":"21000013","Verse":"\u0aae\u0aa8\u0ac7 \u0aae\u0abe\u0ab0\u0acb \u0aaa\u0acd\u0ab0\u0ac0\u0aa4\u0aae, \u0a8f\u0aa8. \u0a97\u0ac7\u0aa6\u0ac0\u0aa8\u0ac0 \u0aae\u0ac7\u0a82\u0aa6\u0ac0\u0aa8\u0abe\u0a81 \u0aaa\u0ac1\u0ab7\u0acd\u0aaa\u0a97\u0ac1\u0a9a\u0acd\u0a9b \u0a9c\u0ac7\u0ab5\u0acb \u0ab2\u0abe\u0a97\u0ac7 \u0a9b\u0ac7."},{"Verseid":"21000014","Verse":"\u0aae\u0abe\u0ab0\u0ac0 \u0aaa\u0acd\u0ab0\u0abf\u0aaf\u0aa4\u0aae, \u0aa4\u0ac1\u0a82 \u0a95\u0ac7\u0a9f\u0ab2\u0ac0 \u0ab8\u0ac1\u0a82\u0aa6\u0ab0 \u0ab2\u0abe\u0a97\u0ac7 \u0a9b\u0ac7, \u0ab9\u0abe \u0a96\u0ab0\u0ac7\u0a96\u0ab0 \u0a96\u0ac1\u0aac \u0ab8\u0ac1\u0a82\u0aa6\u0ab0! \u0a85\u0aa8\u0ac7 \u0a86 \u0aa4\u0abe\u0ab0\u0ac0 \u0a86\u0a82\u0a96\u0acb \u0aaa\u0aa3 \u0a95\u0ac7\u0ab5\u0ac0 \u0aaa\u0abe\u0ab0\u0ac7\u0ab5\u0abe \u0a9c\u0ac7\u0ab5\u0ac0 \u0aa8\u0aae\u0aa3\u0ac0 \u0ab2\u0abe\u0a97\u0ac7 \u0a9b\u0ac7.\u0ab8\u0acd\u0aa4\u0acd\u0ab0\u0ac0\u0aa8\u0abe\u0a82 \u0ab5\u0a9a\u0aa8:"},{"Verseid":"21000015","Verse":"\u0ab9\u0ac7 \u0aaa\u0acd\u0ab0\u0ac0\u0aa4\u0aae, \u0aa4\u0ac1\u0a82 \u0ab8\u0ac1\u0a82\u0aa6\u0ab0 \u0a9b\u0ac7, \u0aa4\u0ac1\u0a82 \u0aae\u0aa8\u0acb\u0ab9\u0ab0 \u0a9b\u0ac7; \u0ab5\u0ab3\u0ac0 \u0a86\u0aaa\u0aa3\u0acb \u0aaa\u0ab2\u0a82\u0a97 \u0aaa\u0aa3 \u0ab2\u0ac0\u0ab2\u0abe\u0a9b\u0aae \u0a98\u0abe\u0ab8\u0aa8\u0ac0 \u0a9c\u0ac7\u0aae \u0a9b\u0ac7."},{"Verseid":"21000016","Verse":"\u0a86\u0aaa\u0aa3\u0abe \u0a98\u0ab0\u0aa8\u0abe \u0aa7\u0abe\u0aac\u0abe\u0aa8\u0abe \u0aae\u0acb\u0aad \u0a8f\u0ab0\u0ac7\u0a9c \u0ab5\u0ac3\u0a95\u0acd\u0ab7\u0acb \u0a85\u0aa8\u0ac7 \u0a86\u0aaa\u0aa3\u0ac0 \u0a9b\u0aa4\u0aa8\u0ac0 \u0ab5\u0ab3\u0ac0\u0a93 \u0aa6\u0ac7\u0ab5\u0aa6\u0abe\u0ab0 \u0ab5\u0ac3\u0a95\u0acd\u0ab7\u0acb\u0aa8\u0abe \u0aac\u0aa8\u0ac7\u0ab2\u0abe \u0a9b\u0ac7."}]},{"Verse":[{"Verseid":"21001000","Verse":"\u0ab9\u0ac1\u0a82 \u0ab6\u0abe\u0ab0\u0acb\u0aa8\u0aa8\u0ac1\u0a82 \u0a97\u0ac1\u0ab2\u0abe\u0aac \u0a9b\u0ac1\u0a82, \u0a85\u0aa8\u0ac7 \u0a96\u0ac0\u0aa3\u0acb\u0aa8\u0ac0 \u0a97\u0ac1\u0ab2\u0a9b\u0aa1\u0ac0 \u0a9b\u0ac1\u0a82."},{"Verseid":"21001001","Verse":"\u0ab9\u0abe, \u0a95\u0abe\u0a82\u0a9f\u0abe\u0a93 \u0aae\u0aa7\u0acd\u0aaf\u0ac7 \u0a9c\u0ac7\u0aae \u0a97\u0ac1\u0ab2\u0abe\u0aac \u0ab9\u0acb\u0aaf, \u0a8f\u0aae \u0aaf\u0ac1\u0ab5\u0aa4\u0ac0\u0a93 \u0ab5\u0a9a\u0acd\u0a9a\u0ac7 \u0aae\u0abe\u0ab0\u0ac0 \u0aaa\u0acd\u0ab0\u0ac0\u0aa4\u0aae\u0abe \u0a9b\u0ac7."},{"Verseid":"21001002","Verse":"\u0ab8\u0acd\u0aa4\u0acd\u0ab0\u0ac0 \u0a9c\u0ac7\u0aae \u0aab\u0ab3\u0acb\u0aa8\u0abe \u0aac\u0abe\u0a97\u0aae\u0abe \u0ab8\u0ab0\u0acd\u0ab5\u0acb\u0aa4\u0aae \u0ab8\u0aab\u0ab0\u0a9c\u0aa8\u0aa8\u0ac1\u0a82 \u0ab5\u0ac3\u0a95\u0acd\u0ab7, \u0aa4\u0ac7\u0aae \u0aaf\u0ac1\u0ab5\u0abe\u0aa8\u0acb \u0ab5\u0a9a\u0acd\u0a9a\u0ac7\u0ac7 \u0aae\u0abe\u0ab0\u0acb \u0aaa\u0acd\u0ab0\u0ac0\u0aa4\u0aae \u0a89\u0aa4\u0acd\u0aa4\u0aae \u0a9b\u0ac7;\u0aa4\u0ac7\u0aa8\u0abe \u0a9b\u0abe\u0a82\u0aaf\u0aa1\u0abe\u0aae\u0abe\u0a82 \u0aae\u0aa8\u0ac7 \u0a96\u0ac2\u0aac \u0ab8\u0ac1\u0a96 \u0aae\u0ab3\u0ac7 \u0a9b\u0ac7; \u0a85\u0aa8\u0ac7 \u0aa4\u0ac7\u0aa8\u0abe \u0aab\u0ab3\u0aa8\u0acb \u0ab8\u0acd\u0ab5\u0abe\u0aa6 \u0aae\u0ac0\u0aa0\u0acb \u0ab9\u0acb\u0aaf \u0a9b\u0ac7\u0ac7."},{"Verseid":"21001003","Verse":"\u0aad\u0acb\u0a9c\u0aa8 \u0a95\u0ab0\u0ab5\u0abe\u0aa8\u0ac7 \u0aa4\u0ac7 \u0aae\u0aa8\u0ac7 \u0a98\u0ac7\u0ab0 \u0ab2\u0a87 \u0a86\u0ab5\u0acd\u0aaf\u0acb, \u0a85\u0aa8\u0ac7 \u0aae\u0abe\u0ab0\u0abe \u0aaa\u0ab0 \u0aaa\u0acd\u0ab0\u0ac0\u0aa4\u0abf\u0ab0\u0ac2\u0aaa\u0ac0 \u0aa7\u0acd\u0ab5\u0a9c \u0aa4\u0ac7\u0aa3\u0ac7 \u0aab\u0ab0\u0a95\u0abe\u0ab5\u0acd\u0aaf\u0acb."},{"Verseid":"21001004","Verse":"\u0ab8\u0ac1\u0a95\u0ac0 \u0aa6\u0acd\u0ab0\u0abe\u0a95\u0acd\u0ab7\u0acb\u0aa5\u0ac0 \u0aae\u0abe\u0ab0\u0ac1\u0a82 \u0aaa\u0acb\u0ab7\u0aa3 \u0a95\u0ab0\u0acb \u0a85\u0aa8\u0ac7 \u0ab8\u0aab\u0ab0\u0a9c\u0aa8\u0aa5\u0ac0 \u0aae\u0aa8\u0ac7 \u0aac\u0ab3\u0ab5\u0abe\u0aa8 \u0aac\u0aa8\u0abe\u0ab5\u0acb; \u0a95\u0abe\u0ab0\u0aa3 \u0a95\u0ac7 \u0ab9\u0ac1\u0a82 \u0aaa\u0acd\u0ab0\u0ac7\u0aae\u0aaa\u0ac0\u0aa1\u0abf\u0aa4 \u0a9b\u0ac1\u0a82."},{"Verseid":"21001005","Verse":"\u0aae\u0abe\u0ab0\u0abe \u0aae\u0ab8\u0acd\u0aa4\u0a95 \u0aa8\u0ac0\u0a9a\u0ac7 \u0a9b\u0ac7 \u0aa4\u0ac7\u0aa8\u0acb \u0aa1\u0abe\u0aac\u0acb \u0ab9\u0abe\u0aa5, \u0a85\u0aa8\u0ac7 \u0a86\u0ab2\u0abf\u0a82\u0a97\u0aa8 \u0a95\u0ab0\u0ac7 \u0a9b\u0ac7 \u0aae\u0aa8\u0ac7 \u0aa4\u0ac7\u0aa8\u0acb \u0a9c\u0aae\u0aa3\u0acb \u0ab9\u0abe\u0aa5."},{"Verseid":"21001006","Verse":"\u0ab9\u0ac7 \u0aaf\u0ab0\u0ac2\u0ab6\u0abe\u0ab2\u0ac7\u0aae\u0aa8\u0ac0 \u0aaf\u0ac1\u0ab5\u0aa4\u0ac0\u0a93, \u0aa4\u0aae\u0ac7 \u0aae\u0aa8\u0ac7 \u0a9c\u0a82\u0a97\u0ab2\u0aae\u0abe\u0a82 \u0ab5\u0ab8\u0aa4\u0ac0 \u0a9a\u0aaa\u0ab3 \u0aae\u0ac3\u0a97\u0ab2\u0ac0\u0a93 \u0a85\u0aa8\u0ac7 \u0a9c\u0a82\u0a97\u0ab2\u0ac0 \u0ab9\u0ab0\u0aa3\u0ac0\u0a93\u0aa8\u0abe \u0aa8\u0abe\u0aae\u0ac7 \u0ab5\u0a9a\u0aa8 \u0a86\u0aaa\u0acb \u0a95\u0ac7 \u0aaf\u0ab0\u0acd\u0aa5\u0abe\u0aa5 \u0ab8\u0aae\u0aaf \u0a86\u0ab5\u0ac7 \u0aa8\u0ab9\u0abf \u0aa4\u0acd\u0aaf\u0abe\u0a82 \u0ab8\u0ac1\u0aa7\u0ac0 \u0aae\u0abe\u0ab0\u0abe \u0aaa\u0acd\u0ab0\u0ac0\u0aa4\u0aae\u0aa8\u0ac7 \u0a9c\u0a97\u0abe\u0aa1\u0ab6\u0acb \u0aa8\u0ab9\u0abf."},{"Verseid":"21001007","Verse":"\u0a85\u0ab0\u0ac7! \u0a86 \u0a85\u0ab5\u0abe\u0a9c \u0aa4\u0acb \u0aae\u0abe\u0ab0\u0abe \u0aaa\u0acd\u0ab0\u0ac0\u0aa4\u0aae\u0aa8\u0acb \u0a9b\u0ac7; \u0a9c\u0ac1\u0a93\u0aa4\u0acb \u0a96\u0ab0\u0abe,\u0aaa\u0ab0\u0acd\u0ab5\u0aa4\u0acb \u0aaa\u0ab0 \u0a95\u0ac2\u0aa6\u0a95\u0abe \u0aae\u0abe\u0ab0\u0aa4\u0acb \u0aae\u0abe\u0ab0\u0aa4\u0acb \u0a85\u0aa8\u0ac7 \u0a96\u0ac0\u0aa3\u0acb\u0aa8\u0ac7 \u0ab5\u0a9f\u0abe\u0ab5\u0aa4\u0acb \u0aa4\u0ac7 \u0a85\u0ab9\u0ac0\u0a82 \u0a86\u0ab5\u0ac0 \u0ab0\u0ab9\u0acd\u0aaf\u0acb \u0a9b\u0ac7."},{"Verseid":"21001008","Verse":"\u0a9a\u0aaa\u0ab3 \u0a85\u0aa8\u0ac7 \u0aaf\u0ac1\u0ab5\u0abe\u0aa8 \u0a9b\u0ac7 \u0aae\u0abe\u0ab0\u0acb \u0aaa\u0acd\u0ab0\u0ac0\u0aa4\u0aae,\u2019\u0aae\u0ac3\u0a97\u0ab2\u0abe \u0a9c\u0ac7\u0ab5\u0acb.\u2019 \u0a9c\u0ac1\u0a93, \u0ab9\u0ab5\u0ac7 \u0aa4\u0acb \u0aa4\u0ac7 \u0aa6\u0ac0\u0ab5\u0abe\u0ab2\u0aa8\u0ac0 \u0aaa\u0abe\u0a9b\u0ab3 \u0a8a\u0aad\u0acb \u0ab0\u0ab9\u0ac0, \u0aac\u0abe\u0ab0\u0ac0\u0a93\u0aae\u0abe\u0a82\u0aa5\u0ac0 \u0aa1\u0acb\u0a95\u0abf\u0aaf\u0abe \u0a95\u0ab0\u0ac7 \u0a9b\u0ac7."},{"Verseid":"21001009","Verse":"\u0aae\u0abe\u0ab0\u0abe \u0aaa\u0acd\u0ab0\u0ac0\u0aa4\u0aae\u0ac7 \u0aae\u0aa8\u0ac7 \u0a95\u0ab9\u0acd\u0aaf\u0ac1\u0a82, \u201c\u0aaa\u0acd\u0ab0\u0ac0\u0aa4\u0aae\u0abe, \u0aae\u0abe\u0ab0\u0ac0 \u0ab8\u0ac1\u0a82\u0aa6\u0ab0\u0ac0, \u0a8a\u0aa0,\u0a85\u0aa8\u0ac7 \u0aac\u0ab9\u0abe\u0ab0 \u0a86\u0ab5."},{"Verseid":"21001010","Verse":"\u0ab6\u0abf\u0aaf\u0abe\u0ab3\u0acb \u0ab8\u0aae\u0abe\u0aaa\u0acd\u0aa4 \u0aa5\u0aaf\u0acb \u0a9b\u0ac7 \u0ab9\u0ab5\u0ac7, \u0a85\u0aa8\u0ac7 \u0ab6\u0abf\u0aaf\u0abe\u0ab3\u0ac1 \u0ab5\u0ab0\u0ab8\u0abe\u0aa6 \u0aaa\u0aa3 \u0aaa\u0ac2\u0ab0\u0acb \u0aa5\u0a87 \u0a97\u0aaf\u0acb \u0a9b\u0ac7."},{"Verseid":"21001011","Verse":"\u0aaa\u0ac1\u0ab7\u0acd\u0aaa\u0acb \u0a9c\u0aae\u0ac0\u0aa8 \u0aaa\u0ab0 \u0a96\u0ac0\u0ab2\u0ab5\u0abe \u0ab2\u0abe\u0a97\u0acd\u0aaf\u0abe\u0a82 \u0a9b\u0ac7; \u0ab9\u0ab5\u0ac7 \u0ab5\u0ac3\u0a95\u0acd\u0ab7\u0acb\u0aa8\u0ac7 \u0a95\u0abe\u0aaa\u0a95\u0ac2\u0aaa \u0a95\u0ab0\u0ac0\u0aa8\u0ac7 \u0ab5\u0acd\u0aaf\u0ab5\u0ab8\u0acd\u0aa5\u0abf\u0aa4 \u0a95\u0ab0\u0ab5\u0abe\u0aa8\u0acb \u0ab8\u0aae\u0aaf \u0a86\u0ab5\u0acd\u0aaf\u0acb \u0a9b\u0ac7. \u0a86\u0aaa\u0aa3\u0abe \u0aa6\u0ac7\u0ab6\u0aae\u0abe\u0a82 \u0a95\u0aac\u0ac2\u0aa4\u0ab0\u0acb\u0aa8\u0ac7 \u0a97\u0ac0\u0aa4\u0a97\u0abe\u0a82\u0aa4\u0abe \u0ab8\u0abe\u0a82\u0aad\u0ab3\u0ac0 \u0ab6\u0a95\u0abe\u0aaf \u0a9b\u0ac7."},{"Verseid":"21001012","Verse":"\u0a85\u0a82\u0a9c\u0ac0\u0ab0\u0aa8\u0abe \u0a9d\u0abe\u0aa1 \u0a89\u0aaa\u0ab0 \u0ab2\u0ac0\u0ab2\u0abe\u0a82 \u0a85\u0a82\u0a9c\u0ac0\u0ab0 \u0aaa\u0abe\u0a95\u0ac0 \u0ab0\u0ab9\u0acd\u0aaf\u0abe\u0a82 \u0a9b\u0ac7, \u0a85\u0aa8\u0ac7 \u0aa6\u0acd\u0ab0\u0abe\u0a95\u0acd\u0ab7\u0ab5\u0abe\u0aa1\u0ac0\u0aae\u0abe\u0a82 \u0a96\u0ac0\u0ab2\u0aa4\u0ac0 \u0aa8\u0ab5\u0ac0 \u0aa6\u0acd\u0ab0\u0abe\u0a95\u0acd\u0ab7\u0acb\u0aa8\u0ac7 \u0ab8\u0ac2\u0a82\u0a98\u0acb \u0aa4\u0ac7\u0a93 \u0aaa\u0acb\u0aa4\u0abe\u0aa8\u0ac0 \u0a96\u0ac1\u0ab6\u0aac\u0acb \u0aab\u0ac7\u0ab2\u0abe\u0ab5\u0ac7 \u0a9b\u0ac7! \u0aae\u0abe\u0ab0\u0ac0 \u0aaa\u0acd\u0ab0\u0abf\u0aaf\u0aa4\u0aae\u0abe, \u0aae\u0abe\u0ab0\u0ac0 \u0ab8\u0ac1\u0a82\u0aa6\u0ab0\u0ac0, \u0a8a\u0aa0\u0ac0\u0aa8\u0ac7 \u0aa8\u0ac0\u0a95\u0ab3\u0ac0 \u0a86\u0ab5.\u201d\u0ab8\u0ac1\u0ab2\u0ac7\u0aae\u0abe\u0aa8:"},{"Verseid":"21001013","Verse":"\u0aa4\u0ac1\u0a82 \u0aad\u0ac7\u0a96\u0aa1 \u0a89\u0aaa\u0ab0 \u0aa8\u0abe\u0aa8\u0ac0 \u0a97\u0ac1\u0aab\u0abe\u0aae\u0abe\u0a82 \u0a9b\u0ac1\u0aaa\u0abe\u0aaf\u0ac7\u0ab2\u0ac0 \u2018\u0a95\u0aac\u0ac2\u0aa4\u0ab0\u0ac0\u2019 \u0a9c\u0ac7\u0ab5\u0ac0 \u0a9b\u0ac7. \u0aae\u0aa8\u0ac7 \u0aa4\u0abe\u0ab0\u0ac1\u0a82 \u0ab8\u0ac1\u0a82\u0aa6\u0ab0 \u0ab5\u0aa6\u0aa8 \u0aac\u0aa4\u0abe\u0ab5 \u0a85\u0aa8\u0ac7 \u0aa4\u0abe\u0ab0\u0acb \u0aae\u0aa7\u0ac1\u0ab0 \u0a85\u0ab5\u0abe\u0a9c \u0ab8\u0abe\u0a82\u0aad\u0ab3\u0ab5\u0abe \u0aa6\u0ac7. \u0a95\u0ac7\u0aae \u0a95\u0ac7 \u0aa4\u0abe\u0ab0\u0ac1\u0a82 \u0ab5\u0aa6\u0aa8 \u0a96\u0ac2\u0aac\u0ab8\u0ac2\u0ab0\u0aa4 \u0a9b\u0ac7."},{"Verseid":"21001014","Verse":"\u0aaa\u0ac7\u0ab2\u0abe\u0a82 \u0aa8\u0abe\u0aa8\u0abe\u0a82 \u0aa8\u0abe\u0aa8\u0abe\u0a82 \u0ab6\u0abf\u0aaf\u0abe\u0ab3\u0ab5\u0abe\u0a82 \u0aa6\u0acd\u0ab0\u0abe\u0a95\u0acd\u0ab7\u0abe\u0ab5\u0abe\u0aa1\u0ac0\u0aae\u0abe\u0a82 \u0aa8\u0abe\u0ab8\u0aad\u0abe\u0a97 \u0a95\u0ab0\u0ac0 \u0ab0\u0ab9\u0acd\u0aaf\u0abe\u0a82 \u0a9b\u0ac7, \u0aa4\u0aae\u0ac7 \u0aae\u0abe\u0ab0\u0abe \u0aae\u0abe\u0a9f\u0ac7 \u0aaa\u0a95\u0aa1\u0acb. \u0a85\u0aa4\u0acd\u0aaf\u0abe\u0ab0\u0ac7 \u0a86\u0aaa\u0aa3\u0ac0 \u0aa6\u0acd\u0ab0\u0abe\u0a95\u0acd\u0ab7\u0abe\u0ab5\u0abe\u0aa1\u0ac0 \u0aab\u0ac2\u0ab2\u0acb\u0aa5\u0ac0 \u0a9d\u0ac2\u0aae\u0ac0 \u0ab0\u0ab9\u0ac0 \u0a9b\u0ac7."},{"Verseid":"21001015","Verse":"\u0aae\u0abe\u0ab0\u0acb \u0aaa\u0acd\u0ab0\u0ac0\u0aa4\u0aae \u0aae\u0abe\u0ab0\u0acb \u0a9b\u0ac7, \u0aa8\u0ac7 \u0ab9\u0ac1\u0a82 \u0aaa\u0aa3 \u0aa4\u0ac7\u0aa8\u0ac0 \u0a9c \u0a9b\u0ac1\u0a82; \u0aa4\u0ac7 \u0aaa\u0acb\u0aa4\u0abe\u0aa8\u0abe \u0a9f\u0acb\u0ab3\u0abe\u0a82 \u0ab8\u0aab\u0ac7\u0aa6 \u0a95\u0aae\u0ab3\u0acb\u0aa8\u0ac0 \u0ab5\u0a9a\u0acd\u0a9a\u0ac7 \u0a9a\u0ab0\u0abe\u0ab5\u0ac7 \u0a9b\u0ac7."},{"Verseid":"21001016","Verse":"\u0aa6\u0abf\u0ab5\u0ab8 \u0a86\u0aa5\u0aae\u0ac0 \u0a9c\u0abe\u0aaf \u0a85\u0aa8\u0ac7 \u0aaa\u0aa1\u0a9b\u0abe\u0aaf\u0abe \u0a89\u0aa4\u0ab0\u0ac0 \u0a9c\u0abe\u0aaf \u0aa4\u0ac7 \u0aaa\u0ab9\u0ac7\u0ab2\u0abe, \u0ab9\u0ac7 \u0aae\u0abe\u0ab0\u0abe \u0aaa\u0acd\u0ab0\u0ac0\u0aa4\u0aae, \u0aa4\u0ac1\u0a82 \u0aaa\u0abe\u0a9b\u0acb \u0a86\u0ab5, \u0a85\u0aa8\u0ac7 \u0aaa\u0ab0\u0acd\u0ab5\u0aa4\u0acb \u0aaa\u0ab0\u0aa8\u0abe \u0ab5\u0abf\u0ab9\u0ab0\u0aa4\u0abe \u0a9a\u0aaa\u0ab3 \u0ab9\u0ab0\u0aa3\u0abe\u0a82 \u0a85\u0aa8\u0ac7 \u0aae\u0ac3\u0a97\u0ab2\u0abe \u0ab8\u0aae\u0abe\u0aa8 \u0aa4\u0ac1\u0a82 \u0aa5\u0abe."}]},{"Verse":[{"Verseid":"21002000","Verse":"\u0aae\u0ac7\u0a82 \u0ab0\u0abe\u0aa4\u0acd\u0ab0\u0ac7 \u0aae\u0abe\u0ab0\u0abe \u0aaa\u0acd\u0ab0\u0abe\u0aa3\u0aaa\u0acd\u0ab0\u0abf\u0aaf\u0aa8\u0ac7 \u0aae\u0abe\u0ab0\u0abe \u0aaa\u0ab2\u0a82\u0a97\u0aae\u0abe\u0a82 \u0ab6\u0acb\u0aa7\u0acd\u0aaf\u0acb, \u0aaa\u0aa3 \u0aa4\u0ac7 \u0aae\u0aa8\u0ac7 \u0aae\u0ab3\u0acd\u0aaf\u0acb \u0aa8\u0ab9\u0abf."},{"Verseid":"21002001","Verse":"\u0ab9\u0ac1\u0a82 \u0ab6\u0ab9\u0ac7\u0ab0\u0aa8\u0ac0 \u0a97\u0ab2\u0ac0 \u0a97\u0ab2\u0ac0 \u0a85\u0aa8\u0ac7 \u0ab0\u0ab8\u0acd\u0aa4\u0abe \u0aab\u0ab0\u0ac0 \u0ab5\u0ab3\u0ac0; \u0a9b\u0aa4\u0abe\u0a82\u0aaf \u0aae\u0abe\u0ab0\u0ac0 \u0ab8\u0a98\u0ab3\u0ac0 \u0ab6\u0acb\u0aa7\u0a96\u0acb\u0ab3 \u0aa8\u0abf\u0ab7\u0acd\u0aab\u0ab3 \u0aa8\u0ac0\u0ab5\u0aa1\u0ac0."},{"Verseid":"21002002","Verse":"\u0aa8\u0a97\u0ab0\u0aae\u0abe\u0a82 \u0ab0\u0acb\u0aa8 \u0aab\u0ab0\u0aa4\u0abe\u0a82 \u0a9a\u0acb\u0a95\u0ac0\u0aa6\u0abe\u0ab0\u0acb\u0aa8\u0acb \u0aae\u0aa8\u0ac7 \u0aad\u0ac7\u0a9f\u0acb \u0aa5\u0aaf\u0acb; \u0aae\u0ac7\u0a82 \u0aa4\u0ac7\u0a93\u0aa8\u0ac7 \u0aaa\u0ac2\u0a9b\u0aaf\u0ac1\u0a82, \u201c\u0aae\u0abe\u0ab0\u0abe \u0aaa\u0acd\u0ab0\u0abe\u0aa3\u0aaa\u0acd\u0ab0\u0abf\u0aaf\u0aa8\u0ac7 \u0aa4\u0aae\u0ac7 \u0a9c\u0acb\u0aaf\u0acb?\u201d"},{"Verseid":"21002003","Verse":"\u0aa5\u0acb\u0aa1\u0abe \u0ab8\u0aae\u0aaf \u0aaa\u0a9b\u0ac0 \u0aae\u0aa8\u0ac7 \u0aae\u0ab3\u0acd\u0aaf\u0acb \u0aae\u0abe\u0ab0\u0acb \u0aaa\u0acd\u0ab0\u0abe\u0aa3\u0aaa\u0acd\u0ab0\u0abf\u0aaf, \u0aaa\u0a95\u0aa1\u0ac0 \u0ab2\u0ac0\u0aa7\u0acb \u0aae\u0ac7\u0a82 \u0aa4\u0ac7\u0aa8\u0ac7, \u0aa4\u0ac7 \u0ab2\u0abe\u0ab5\u0ac0 \u0aa8\u0abf\u0ab5\u0abe\u0ab8\u0ab8\u0acd\u0aa5\u0abe\u0aa8\u0ac7; \u0aa8\u0ac7 \u0a96\u0ac7\u0a82\u0a9a\u0ac0 \u0a97\u0a87 \u0aae\u0ac1\u0a9c \u0a9c\u0aa8\u0ac7\u0aa4\u0abe\u0aa8\u0abe \u0a98\u0ab0\u0aae\u0abe\u0a82; \u0aa4\u0acd\u0aaf\u0abe\u0a82 \u0ab8\u0ac1\u0aa7\u0ac0 \u0aa8\u0ab9\u0abf \u0a9b\u0acb\u0aa1\u0acd\u0aaf\u0abe\u0a82 \u0aae\u0ac7\u0a82 \u0aae\u0abe\u0ab0\u0abe \u0aaa\u0acd\u0ab0\u0ac0\u0aa4\u0aae\u0aa8\u0ac7."},{"Verseid":"21002004","Verse":"\u0ab9\u0ac7 \u0aaf\u0ab0\u0ac2\u0ab6\u0abe\u0ab2\u0ac7\u0aae\u0aa8\u0ac0 \u0aaf\u0ac1\u0ab5\u0aa4\u0ac0\u0a93, \u0ab9\u0ac1\u0a82 \u0aa4\u0aae\u0aa8\u0ac7 \u0ab9\u0ab0\u0aa3\u0ac0\u0a93\u0aa8\u0abe \u0aa4\u0aa5\u0abe \u0aae\u0ac3\u0a97\u0ab2\u0ac0\u0a93\u0aa8\u0abe \u0ab8\u0aae \u0aa6\u0a87\u0aa8\u0ac7 \u0ab5\u0ac0\u0aa8\u0ab5\u0ac1\u0a82 \u0a9b\u0ac1\u0a82 \u0a95\u0ac7 \u0aaf\u0ab0\u0acd\u0aa5\u0abe\u0aa5 \u0ab8\u0aae\u0aaf \u0a86\u0ab5\u0acd\u0aaf\u0abe \u0aaa\u0ab9\u0ac7\u0ab2\u0abe\u0a82 \u0aae\u0abe\u0ab0\u0abe \u0aaa\u0acd\u0ab0\u0ac0\u0aa4\u0aae\u0aa8\u0ac7 \u0a9c\u0a97\u0abe\u0aa1\u0ab6\u0acb \u0aa8\u0ab9\u0abf."},{"Verseid":"21002005","Verse":"\u0ab0\u0aa3 \u0aa4\u0ab0\u0aab\u0aa5\u0ac0 \u0a86\u0ab5\u0aa4\u0acb, \u0a86 \u0a9c\u0ac7 \u0aae\u0aa7\u0ac1\u0ab0 \u0ab8\u0ac1\u0a97\u0a82\u0aa7\u0ac0 \u0aa7\u0ac2\u0aaa \u0aac\u0abe\u0ab3\u0ac0\u0aa8\u0ac7 \u0aac\u0aa8\u0abe\u0ab5\u0ac7\u0ab2\u0abe\u0a82 \u0aa7\u0ac1\u0aae\u0abe\u0aa1\u0abe\u0a82\u0aa8\u0abe \u0ab8\u0acd\u0aa4\u0a82\u0aad \u0a9c\u0ac7\u0ab5\u0acb \u0ab2\u0abe\u0a97\u0ac7 \u0a9b\u0ac7 \u0aa4\u0ac7 \u0a95\u0acb\u0aa3 \u0a9b\u0ac7?"},{"Verseid":"21002006","Verse":"\u0a9c\u0ac1\u0a93, \u0a86 \u0aa4\u0acb \u0ab8\u0ac1\u0ab2\u0ac7\u0aae\u0abe\u0aa8\u0aa8\u0ac0 \u0aaa\u0abe\u0ab2\u0a96\u0ac0 \u0a9b\u0ac7; \u0aa4\u0ac7\u0aa8\u0ac0 \u0ab8\u0abe\u0aa5\u0ac7 \u0a9b\u0ac7 \u0a87\u0ab8\u0acd\u0ab0\u0abe\u0a8f\u0ab2\u0ac0 \u0ab8\u0ac8\u0aa8\u0acd\u0aaf\u0aa8\u0abe \u0ab8\u0abe\u0aa0 \u0aaf\u0acb\u0aa6\u0acd\u0aa7\u0abe\u0a93"},{"Verseid":"21002007","Verse":"\u0aa4\u0ac7\u0a93 \u0a95\u0ac1\u0ab6\u0ab3 \u0aa4\u0ab0\u0ab5\u0abe\u0ab0\u0aac\u0abe\u0a9c \u0a85\u0aa8\u0ac7 \u0a85\u0aa8\u0ac1\u0aad\u0ab5\u0ac0 \u0a85\u0a82\u0a97\u0ab0\u0a95\u0acd\u0ab7\u0a95\u0acb \u0a9b\u0ac7, \u0ab0\u0abe\u0aa4\u0acd\u0ab0\u0ac0\u0aa8\u0abe \u0aad\u0aaf\u0aa8\u0ac7 \u0a95\u0abe\u0ab0\u0aa3\u0ac7 \u0aa6\u0ab0\u0ac7\u0a95\u0aa8\u0ac0 \u0a95\u0aae\u0ab0\u0ac7 \u0aa4\u0ab0\u0ab5\u0abe\u0ab0 \u0ab2\u0a9f\u0a95\u0ac7 \u0a9b\u0ac7."},{"Verseid":"21002008","Verse":"\u0ab2\u0aac\u0abe\u0aa8\u0acb\u0aa8\u0aa8\u0abe \u0a95\u0abe\u0ab7\u0acd\u0a9f\u0aae\u0abe\u0a82\u0aa5\u0ac0 \u0aac\u0aa8\u0abe\u0ab5\u0acd\u0aaf\u0acb \u0a9b\u0ac7 \u0ab0\u0aa5, \u0ab8\u0ac1\u0ab2\u0ac7\u0aae\u0abe\u0aa8 \u0ab0\u0abe\u0a9c\u0abe\u0a8f \u0aaa\u0acb\u0aa4\u0abe\u0aa8\u0abe \u0a89\u0aaa\u0aaf\u0acb\u0a97\u0abe\u0ab0\u0acd\u0aa5\u0ac7."},{"Verseid":"21002009","Verse":"\u0aa4\u0ac7\u0aa3\u0ac7 \u0aa4\u0ac7\u0aa8\u0abe \u0ab8\u0acd\u0aa4\u0a82\u0aad \u0a9a\u0abe\u0a82\u0aa6\u0ac0\u0aa8\u0abe \u0a85\u0aa8\u0ac7 \u0a9b\u0aa4 \u0ab8\u0acb\u0aa8\u0abe\u0aa8\u0ac0, \u0a85\u0aa8\u0ac7 \u0aa4\u0ac7\u0aa8\u0ac1\u0a82 \u0a86\u0ab8\u0aa8 \u0aac\u0aa8\u0abe\u0ab5\u0acd\u0aaf\u0ac1\u0a82 \u0a9c\u0abe\u0a82\u0aac\u0ac1\u0aa1\u0abe \u0ab0\u0a82\u0a97\u0aa8\u0ac1\u0a82; \u0aaf\u0ab0\u0ac2\u0ab6\u0abe\u0ab2\u0ac7\u0aae\u0aa8\u0ac0 \u0aa6\u0ac0\u0a95\u0ab0\u0ac0\u0a93 \u0aa6\u0acd\u0ab5\u0abe\u0ab0\u0abe \u0a85\u0a82\u0aa6\u0ab0\u0aa5\u0ac0 \u0aa4\u0ac7 \u0aaa\u0acd\u0ab0\u0ac7\u0aae\u0aaa\u0ac2\u0ab0\u0acd\u0ab5\u0a95 \u0ab6\u0aa3\u0a97\u0abe\u0ab0\u0abe\u0aaf\u0ac7\u0ab2\u0ac0 \u0ab9\u0aa4\u0ac0."},{"Verseid":"21002010","Verse":"\u201c\u0a93 \u0ab8\u0abf\u0aaf\u0acb\u0aa8\u0aa8\u0ac0 \u0aaf\u0ac1\u0ab5\u0aa4\u0ac0\u0a93, \u0a9c\u0abe\u0a93 \u0a85\u0aa8\u0ac7 \u0a9c\u0ac1\u0a93 \u0ab8\u0ac1\u0ab2\u0ac7\u0aae\u0abe\u0aa8 \u0ab0\u0abe\u0a9c\u0abe\u0aa8\u0ac7, \u0a8f\u0aa8\u0abe \u0a86\u0aa8\u0a82\u0aa6\u0aa8\u0abe \u0aa6\u0abf\u0ab5\u0ab8\u0ac7 \u0a8f\u0a9f\u0ab2\u0ac7 \u0aa4\u0ac7\u0aa8\u0abe \u0ab2\u0a97\u0acd\u0aa8\u0aa8\u0abe \u0aa6\u0abf\u0ab5\u0ab8\u0ac7 \u0aa4\u0ac7\u0aa8\u0ac0 \u0aae\u0abe\u0aa4\u0abe\u0a8f \u0aa4\u0ac7\u0aa8\u0ac7 \u0aaa\u0ab9\u0ac7\u0ab0\u0abe\u0ab5\u0acd\u0aaf\u0acb \u0a9b\u0ac7, \u0aa4\u0ac7 \u0aae\u0ac1\u0a97\u0a9f\u0ab8\u0ab9\u0abf\u0aa4 \u0aa8\u0abf\u0ab9\u0abe\u0ab3\u0acb \u0aa4\u0ac7\u0aa8\u0ac7.\u201d"}]},{"Verse":[{"Verseid":"21003000","Verse":"\u0aa4\u0ac1\u0a82 \u0a95\u0ac7\u0ab5\u0ac0 \u0ab8\u0ac1\u0a82\u0aa6\u0ab0 \u0a85\u0aa8\u0ac7 \u0aae\u0aa8\u0acb\u0ab9\u0ab0 \u0a9b\u0ac7; \u0aae\u0abe\u0ab0\u0ac0 \u0aaa\u0acd\u0ab0\u0abf\u0aaf\u0aa4\u0aae\u0abe! \u0aa4\u0abe\u0ab0\u0abe \u0aac\u0ac1\u0ab0\u0a96\u0abe \u0aaa\u0abe\u0a9b\u0ab3 \u0aa4\u0abe\u0ab0\u0ac0 \u0a95\u0aac\u0ac2\u0aa4\u0ab0 \u0a9c\u0ac7\u0ab5\u0ac0 \u0a86\u0a82\u0a96\u0acb \u0a9b\u0ac7; \u0aa4\u0abe\u0ab0\u0abe \u0a9a\u0ab9\u0ac7\u0ab0\u0abe \u0aaa\u0ab0 \u0ab2\u0a9f\u0a95\u0aa4\u0ac0 \u0a95\u0ac7\u0ab6\u0aa8\u0ac0 \u0ab2\u0a9f\u0acb \u0a9c\u0abe\u0aa3\u0ac7 \u0a97\u0abf\u0ab2\u0aaf\u0abe\u0aa6 \u0aaa\u0ab0\u0acd\u0ab5\u0aa4\u0aa8\u0abe \u0aa2\u0abe\u0ab3 \u0aaa\u0ab0\u0aa5\u0ac0 \u0aa8\u0ac0\u0a9a\u0ac7 \u0a86\u0ab5\u0aa4\u0abe\u0a82 \u0aac\u0a95\u0ab0\u0abe\u0a82\u0aa8\u0abe \u0a9f\u0acb\u0ab3\u0abe \u0a9c\u0ac7\u0ab5\u0abe \u0ab2\u0abe\u0a97\u0ac7 \u0a9b\u0ac7!"},{"Verseid":"21003001","Verse":"\u0aa4\u0abe\u0ab0\u0abe \u0aa6\u0abe\u0a82\u0aa4 \u0aa4\u0ab0\u0aa4\u0aa8\u0ac0 \u0a95\u0aa4\u0ab0\u0abe\u0aaf\u0ac7\u0ab2 \u0a85\u0aa8\u0ac7 \u0aa7\u0acb\u0aaf\u0ac7\u0ab2 \u0a98\u0ac7\u0a9f\u0ac0\u0aa8\u0abe \u0a9c\u0ac7\u0ab5\u0abe \u0ab8\u0aab\u0ac7\u0aa6 \u0a9b\u0ac7. \u0aaa\u0acd\u0ab0\u0aa4\u0acd\u0aaf\u0ac7\u0a95 \u0a98\u0ac7\u0a9f\u0ac0\u0aa8\u0ac7 \u0a9b\u0ac7 \u0aac\u0aac\u0acd\u0aac\u0ac7 \u0aac\u0a9a\u0acd\u0a9a\u0abe\u0a82, \u0a95\u0acb\u0a87 \u0aa8\u0aa5\u0ac0 \u0a85\u0ab9\u0ac0\u0a82 \u0a8f\u0a95\u0ab2\u0ac0."},{"Verseid":"21003002","Verse":"\u0aa4\u0abe\u0ab0\u0abe \u0ab9\u0acb\u0aa0 \u0ab2\u0abe\u0ab2 \u0ab0\u0a82\u0a97\u0aa8\u0abe \u0ab0\u0ac7\u0ab6\u0aae\u0aa8\u0abe \u0aa4\u0abe\u0a82\u0aa4\u0aa3\u0abe \u0a9c\u0ac7\u0ab5\u0abe \u0a9b\u0ac7, \u0aa8\u0ac7 \u0a95\u0ac7\u0ab5\u0ac1\u0a82 \u0ab8\u0ac1\u0a82\u0aa6\u0ab0 \u0a9b\u0ac7 \u0aa4\u0abe\u0ab0\u0ac1\u0a82 \u0aae\u0ac1\u0a96! \u0aa4\u0abe\u0ab0\u0abe \u0aac\u0ac1\u0ab0\u0a96\u0abe\u0aa8\u0ac0 \u0aaa\u0abe\u0a9b\u0ab3, \u0aa4\u0abe\u0ab0\u0abe \u0a97\u0abe\u0ab2 \u0aa6\u0abe\u0aa1\u0aae\u0aa8\u0abe \u0a85\u0aa1\u0aa7\u0abf\u0aaf\u0abe \u0a9c\u0ac7\u0ab5\u0abe \u0aa6\u0ac7\u0a96\u0abe\u0aaf \u0a9b\u0ac7!"},{"Verseid":"21003003","Verse":"\u0ab6\u0ab8\u0acd\u0ab0\u0a97\u0ac3\u0ab9 \u0aa5\u0ab5\u0abe \u0aae\u0abe\u0a9f\u0ac7 \u0aac\u0abe\u0a82\u0aa7\u0ac7\u0ab2\u0acb \u0aa6\u0abe\u0a89\u0aa6\u0aa8\u0acb \u0aac\u0ac1\u0ab0\u0a9c, \u0a9c\u0ac7\u0aae\u0abe \u0ab9\u0a9c\u0abe\u0ab0\u0acb \u0aa2\u0abe\u0ab2\u0acb \u0a8f\u0a9f\u0ab2\u0ac7 \u0aaf\u0acb\u0aa6\u0acd\u0aa7\u0abe\u0a93\u0aa8\u0ac0 \u0ab8\u0ab0\u0acd\u0ab5 \u0aa2\u0abe\u0ab2\u0acb \u0ab2\u0a9f\u0a95\u0abe\u0ab5\u0ac7\u0ab2\u0ac0 \u0a9b\u0ac7, \u0aa4\u0ac7\u0aa8\u0abe \u0a9c\u0ac7\u0ab5\u0ac0 \u0a9b\u0ac7 \u0a97\u0ab0\u0aa6\u0aa8 \u0aa4\u0abe\u0ab0\u0ac0."},{"Verseid":"21003004","Verse":"\u0ab8\u0aab\u0ac7\u0aa6 \u0a95\u0aae\u0ab3\u0acb\u0aa8\u0ac0 \u0ab5\u0a9a\u0acd\u0a9a\u0ac7 \u0a9a\u0abe\u0ab0\u0acb \u0a9a\u0ab0\u0aa4\u0abe\u0a82 \u0ab9\u0ab0\u0aa3\u0aa8\u0abe \u0a9c\u0acb\u0aa1\u0ac0\u0aaf\u0abe\u0a82 \u0aac\u0a9a\u0acd\u0a9a\u0abe\u0a82 \u0a9c\u0ac7\u0ab5\u0abe\u0a82 \u0a9b\u0ac7, \u0a9c\u0abe\u0aa3\u0ac7 \u0aac\u0a82\u0aa8\u0acd\u0aa8\u0ac7 \u0ab8\u0acd\u0aa4\u0aa8 \u0aa4\u0abe\u0ab0\u0abe."},{"Verseid":"21003005","Verse":"\u0aa6\u0abf\u0ab5\u0ab8 \u0a86\u0aa5\u0aae\u0ac7 \u0a85\u0aa8\u0ac7 \u0a93\u0ab3\u0abe \u0a89\u0aa4\u0ab0\u0ac0 \u0a9c\u0abe\u0aaf \u0aa4\u0acd\u0aaf\u0abe\u0a82 \u0ab8\u0ac1\u0aa7\u0ac0 \u0ab9\u0ac1\u0a82 \u0a95\u0ab8\u0acd\u0aa4\u0ac2\u0ab0\u0ac0 \u0a85\u0aa8\u0ac7 \u0ab2\u0acb\u0aac\u0abe\u0aa8\u0aa8\u0ac0 \u0ab8\u0ac1\u0a97\u0a82\u0aa7 \u0aa7\u0ab0\u0abe\u0ab5\u0aa4\u0abe \u0aaa\u0ab0\u0acd\u0ab5\u0aa4\u0acb \u0aaa\u0ab0 \u0a9c\u0a87\u0ab6."},{"Verseid":"21003006","Verse":"\u0aa4\u0ac1\u0a82 \u0a85\u0aa4\u0abf \u0ab8\u0ac1\u0a82\u0aa6\u0ab0 \u0a9b\u0ac7 \u0aae\u0abe\u0ab0\u0ac0 \u0aaa\u0acd\u0ab0\u0ac0\u0aa4\u0aae\u0abe, \u0aa4\u0abe\u0ab0\u0abe \u0a85\u0a82\u0a97\u0aae\u0abe \u0a95\u0acb\u0a87 \u0a96\u0acb\u0aa1 \u0aa8\u0aa5\u0ac0."},{"Verseid":"21003007","Verse":"\u0ab9\u0ac7 \u0aae\u0abe\u0ab0\u0ac0 \u0aa8\u0ab5\u0acb\u0aa2\u0abe, \u0ab2\u0aac\u0abe\u0aa8\u0acb\u0aa8\u0aa5\u0ac0 \u0aa4\u0ac1\u0a82 \u0a86\u0ab5 \u0aae\u0abe\u0ab0\u0ac0 \u0ab8\u0abe\u0aa5\u0ac7; \u0a86\u0aaa\u0aa3\u0ac7 \u0a86\u0aae\u0abe\u0aa8\u0abe\u0ab9 \u0aaa\u0ab0\u0acd\u0ab5\u0aa4\u0aa8\u0abe \u0ab6\u0abf\u0a96\u0ab0 \u0aaa\u0ab0 \u0a9c\u0a87\u0a8f \u0a85\u0aa8\u0ac7 \u0ab8\u0aa8\u0ac0\u0ab0\u0aa8\u0ac0 \u0a9f\u0acb\u0a9a \u0aaa\u0ab0\u0aa5\u0ac0 \u0aa8\u0abf\u0ab9\u0abe\u0ab3\u0ac0\u0ab6\u0ac1\u0a82; \u0a86\u0aaa\u0aa3\u0ac7 \u0ab9\u0ac7\u0aae\u0acb\u0ab0\u0acd\u0aa8 \u0aaa\u0ab0\u0acd\u0ab5\u0aa4\u0aa8\u0ac0 \u0a9f\u0acb\u0a9a \u0aaa\u0ab0\u0aa5\u0ac0 \u0aa8\u0ac0\u0a9a\u0ac7 \u0a9c\u0acd\u0aaf\u0abe\u0a82 \u0ab8\u0abf\u0a82\u0ab9\u0acb\u0aa8\u0abe \u0ab0\u0ab9\u0ac7\u0aa0\u0abe\u0aa3 \u0a9b\u0ac7 \u0aa4\u0acd\u0aaf\u0abe\u0a82 \u0a9a\u0abf\u0aa4\u0acd\u0aa4\u0abe\u0a93 \u0ab6\u0abf\u0a95\u0abe\u0ab0\u0aa8\u0ac0 \u0ab6\u0acb\u0aa7\u0aae\u0abe\u0a82 \u0aab\u0ab0\u0ac7 \u0a9b\u0ac7."},{"Verseid":"21003008","Verse":"\u0ab9\u0ac7 \u0aae\u0abe\u0ab0\u0ac0 \u0aaa\u0acd\u0ab0\u0abe\u0aa3\u0aaa\u0acd\u0ab0\u0abf\u0aaf\u0abe, \u0aae\u0abe\u0ab0\u0ac0 \u0aa8\u0ab5\u0acb\u0aa2\u0abe, \u0aa4\u0ac7\u0a82 \u0aae\u0abe\u0ab0\u0ac1\u0a82 \u0ab9\u0ac3\u0aa6\u0aaf \u0ab9\u0ab0\u0ac0 \u0ab2\u0ac0\u0aa7\u0ac1\u0a82 \u0a9b\u0ac7. \u0ab9\u0ac1\u0a82 \u0aa4\u0abe\u0ab0\u0ac0 \u0a86\u0a95\u0ab0\u0acd\u0ab7\u0a95 \u0a86\u0a82\u0a96\u0acb\u0aa5\u0ac0 \u0a85\u0aa8\u0ac7 \u0aa4\u0abe\u0ab0\u0abe \u0a97\u0ab3\u0abe\u0aa8\u0abe \u0ab9\u0abe\u0ab0\u0aa8\u0abe \u0a8f\u0a95 \u0aae\u0aa3\u0a95\u0abe\u0aa5\u0ac0 \u0ab8\u0a82\u0aae\u0acb\u0ab9\u0abf\u0aa4 \u0aa5\u0a87 \u0a97\u0aaf\u0acb \u0a9b\u0ac1\u0a82."},{"Verseid":"21003009","Verse":"\u0aae\u0abe\u0ab0\u0ac0 \u0aaa\u0acd\u0ab0\u0abe\u0aa3\u0aaa\u0acd\u0ab0\u0abf\u0aaf\u0abe, \u0aae\u0abe\u0ab0\u0ac0 \u0aa8\u0ab5\u0acb\u0aa2\u0abe, \u0aa4\u0abe\u0ab0\u0acb \u0aaa\u0acd\u0ab0\u0ac7\u0aae \u0a95\u0ac7\u0ab5\u0acb \u0aae\u0aa7\u0ac1\u0ab0 \u0a9b\u0ac7! \u0ab8\u0abe\u0a9a\u0ac7 \u0a9c \u0aa4\u0ac7 \u0aa6\u0acd\u0ab0\u0abe\u0a95\u0acd\u0ab7\u0abe\u0ab0\u0ab8\u0aa5\u0ac0\u0aaf \u0ab5\u0aa7\u0ac1 \u0aae\u0aa7\u0ac1\u0ab0 \u0a9b\u0ac7, \u0aa4\u0abe\u0ab0\u0abe \u0aaa\u0acd\u0ab0\u0ac7\u0aae\u0aa8\u0ac0 \u0ab8\u0ac1\u0ab5\u0abe\u0ab8 \u0a95\u0acb\u0a87 \u0aaa\u0aa3 \u0ab8\u0ac1\u0a97\u0a82\u0aa7\u0abf\u0aa4 \u0aa6\u0acd\u0ab0\u0ab5\u0acd\u0aaf\u0acb \u0a95\u0ab0\u0aa4\u0abe\u0a82 \u0ab5\u0aa7\u0abe\u0ab0\u0ac7 \u0aae\u0aa7\u0ac1\u0ab0 \u0a9b\u0ac7."},{"Verseid":"21003010","Verse":"\u0aae\u0abe\u0ab0\u0ac0 \u0aa8\u0ab5\u0acb\u0aa2\u0abe, \u0aae\u0aa7\u0aaa\u0ac2\u0aa1\u0abe\u0aa8\u0ac0 \u0a9c\u0ac7\u0aae \u0a9f\u0aaa\u0a95\u0ac7 \u0a9b\u0ac7 \u0aae\u0ac0\u0aa0\u0abe\u0ab6 \u0aa4\u0abe\u0ab0\u0abe \u0ab9\u0acb\u0aa0\u0aae\u0abe\u0a82\u0aa5\u0ac0; \u0aa4\u0abe\u0ab0\u0ac0 \u0a9c\u0ac0\u0aad \u0aa4\u0ab3\u0ac7 \u0aae\u0aa7\u0aa8\u0ac7 \u0aa6\u0ac2\u0aa7 \u0a9b\u0ac7; \u0a85\u0aa8\u0ac7 \u0aa4\u0abe\u0ab0\u0abe \u0ab5\u0ab8\u0acd\u0ab0\u0acb\u0aa8\u0ac0 \u0a96\u0ac1\u0ab6\u0acd\u0aac\u0acb \u0ab2\u0aac\u0abe\u0aa8\u0acb\u0aa8\u0aa8\u0abe \u0aa6\u0ac7\u0ab5\u0aa6\u0abe\u0ab0\u0acb\u0aa8\u0abe \u0ab5\u0ac3\u0a95\u0acd\u0ab7\u0acb\u0aa8\u0ac0 \u0a96\u0ac2\u0ab6\u0acd\u0aac\u0acb \u0a9c\u0ac7\u0ab5\u0ac0 \u0a9b\u0ac7."},{"Verseid":"21003011","Verse":"\u0aae\u0abe\u0ab0\u0ac0 \u0aaa\u0acd\u0ab0\u0abe\u0aa3\u0aaa\u0acd\u0ab0\u0abf\u0aaf\u0abe, \u0aae\u0abe\u0ab0\u0ac0 \u0aa8\u0ab5\u0acb\u0aa2\u0abe, \u0aa4\u0ac1\u0a82 \u0aac\u0a82\u0aa7 \u0a95\u0ab0\u0ac7\u0ab2\u0ac0 \u0ab5\u0abe\u0aa1\u0ac0; \u0aac\u0abe\u0a82\u0aa7\u0ac0 \u0aa6\u0ac0\u0aa7\u0ac7\u0ab2\u0acb \u0a9d\u0ab0\u0acb, \u0a85\u0aa5\u0ab5\u0abe \u0aaa\u0ac2\u0ab0\u0ac0 \u0aa6\u0ac0\u0aa7\u0ac7\u0ab2\u0abe\u0a82 \u0a95\u0ac2\u0ab5\u0abe \u0a9c\u0ac7\u0ab5\u0ac0 \u0a9b\u0ac7!"},{"Verseid":"21003012","Verse":"\u0aa4\u0ac1\u0a82 \u0a9c\u0abe\u0aa3\u0ac7 \u0aa6\u0abe\u0aa1\u0aae\u0aa1\u0ac0\u0a93\u0aa8\u0abe \u0aac\u0a97\u0ac0\u0a9a\u0abe \u0a9c\u0ac7\u0ab5\u0ac0 \u0a9b\u0ac7 \u0a9c\u0ac7\u0aae\u0abe\u0a82 \u0aae\u0ac7\u0a82\u0ab9\u0aa6\u0ac0\u0aa8\u0abe \u0a9b\u0acb\u0aa1\u0ab5\u0abe\u0a93 \u0a85\u0aa8\u0ac7 \u0aae\u0aa7\u0ac1\u0ab0 \u0ab8\u0ac1\u0a97\u0a82\u0aa7\u0abf\u0aa4 \u0aae\u0ac2\u0ab3\u0abf\u0aaf\u0abe\u0a93 \u0a9b\u0ac7."},{"Verseid":"21003013","Verse":"\u0a95\u0ac7\u0ab6\u0ab0, \u0aa4\u0a9c, \u0aae\u0aa7\u0ac1\u0ab0 \u0ab8\u0ac1\u0a97\u0a82\u0aa7\u0ac0 \u0ab5\u0ac3\u0a95\u0acd\u0ab7\u0acb \u0a85\u0aa8\u0ac7 \u0ab8\u0ab0\u0acd\u0ab5 \u0aaa\u0acd\u0ab0\u0a95\u0abe\u0ab0\u0aa8\u0abe \u0ab6\u0acd\u0ab0\u0ac7 \u0aa4\u0ac7\u0a9c\u0abe\u0aa8\u0abe \u0aaa\u0aa3 \u0a96\u0ab0\u0abe."},{"Verseid":"21003014","Verse":"\u0aa4\u0ac1\u0a82 \u0aac\u0abe\u0a97\u0aae\u0abe\u0a82\u0aa8\u0abe \u0aab\u0ac1\u0ab5\u0abe\u0ab0\u0abe \u0a9c\u0ac7\u0ab5\u0ac0, \u0aa8\u0aa6\u0ac0\u0aa8\u0abe \u0ab5\u0ab9\u0ac7\u0aa4\u0abe\u0a82 \u0aaa\u0abe\u0aa3\u0ac0 \u0a9c\u0ac7\u0ab5\u0ac0, \u0aa4\u0aa5\u0abe \u0ab2\u0aac\u0abe\u0aa8\u0acb\u0aa8\u0aa8\u0abe \u0ab5\u0ab9\u0ac7\u0aa4\u0abe\u0a82 \u0a9d\u0ab0\u0aa3\u0abe\u0a82 \u0a9c\u0ac7\u0ab5\u0ac0 \u0a9b\u0ac7."},{"Verseid":"21003015","Verse":"\u0ab9\u0ac7 \u0a89\u0aa4\u0acd\u0aa4\u0ab0\u0aa8\u0abe \u0ab5\u0abe\u0aaf\u0ac1, \u0aa4\u0ac1\u0a82 \u0a9c\u0abe\u0a97\u0ac3\u0aa4 \u0aa5\u0abe, \u0a85\u0aa8\u0ac7 \u0ab9\u0ac7 \u0aa6\u0a95\u0acd\u0ab7\u0abf\u0aa3\u0aa8\u0abe \u0ab5\u0abe\u0aaf\u0ac1, \u0aa4\u0ac1\u0a82 \u0a86\u0ab5, \u0aae\u0abe\u0ab0\u0abe \u0aac\u0a97\u0ac0\u0a9a\u0abe\u0aae\u0abe\u0a82 \u0aa5\u0a87\u0aa8\u0ac7 \u0aa4\u0ac1\u0a82 \u0aaa\u0ab8\u0abe\u0ab0 \u0aa5\u0abe, \u0a9c\u0ac7\u0aa5\u0ac0 \u0aa4\u0ac7\u0aa8\u0ac0 \u0ab8\u0ac1\u0ab5\u0abe\u0ab8 \u0ab8\u0ab0\u0acd\u0ab5\u0aa4\u0acd\u0ab0 \u0aab\u0ac7\u0ab2\u0abe\u0aaf, \u0aae\u0abe\u0ab0\u0acb \u0aaa\u0acd\u0ab0\u0ac0\u0aa4\u0aae \u0aaa\u0acb\u0aa4\u0abe\u0aa8\u0abe \u0aac\u0a97\u0ac0\u0a9a\u0abe\u0aae\u0abe\u0a82 \u0a86\u0ab5\u0ac7 \u0a85\u0aa8\u0ac7 \u0aa4\u0ac7\u0aa8\u0abe \u0ab6\u0acd\u0ab0\u0ac7 \u0aab\u0ab3\u0acb \u0a86\u0ab0\u0acb\u0a97\u0ac7."}]},{"Verse":[{"Verseid":"21004000","Verse":"\u0ab9\u0ac7 \u0aae\u0abe\u0ab0\u0ac0 \u0aaa\u0acd\u0ab0\u0abe\u0aa3\u0aaa\u0acd\u0ab0\u0abf\u0aaf\u0abe, \u0aae\u0abe\u0ab0\u0ac0 \u0aa8\u0ab5\u0acb\u0aa2\u0abe, \u0ab9\u0ac1\u0a82 \u0a86\u0ab5\u0acd\u0aaf\u0acb \u0a9b\u0ac1\u0a82 \u0aae\u0abe\u0ab0\u0abe \u0aac\u0abe\u0a97\u0aae\u0abe\u0a82; \u0aae\u0ac7\u0a82 \u0a8f\u0a95\u0aa0\u0abe\u0a82 \u0a95\u0ab0\u0acd\u0aaf\u0abe\u0a82 \u0a9b\u0ac7 \u0aae\u0abe\u0ab0\u0abe \u0aac\u0acb\u0ab3\u0aa8\u0ac7 \u0ab8\u0ac1\u0a97\u0a82\u0aa7\u0ac0 \u0aa6\u0acd\u0ab0\u0ab5\u0acd\u0aaf\u0acb; \u0aa8\u0ac7 \u0aae\u0ac7\u0a82 \u0a96\u0abe\u0aa7\u0ac1\u0a82 \u0a9b\u0ac7 \u0aae\u0aa7 \u0aae\u0abe\u0ab0\u0abe\u0a82 \u0aae\u0aa7\u0aaa\u0ac2\u0aa1\u0abe\u0aae\u0abe\u0a82\u0aa5\u0ac0; \u0aae\u0ac7\u0a82 \u0aaa\u0ac0\u0aa7\u0acb \u0a9b\u0ac7 \u0aae\u0abe\u0ab0\u0acb \u0aa6\u0acd\u0ab0\u0abe\u0a95\u0acd\u0ab7\u0abe\u0ab0\u0ab8 \u0aae\u0ac7\u0a82 \u0aae\u0abe\u0ab0\u0abe \u0aa6\u0ac2\u0aa7\u0aa8\u0ac0 \u0ab8\u0abe\u0aa5\u0ac7;\u0ab9\u0ac7 \u0aae\u0abf\u0aa4\u0acd\u0ab0\u0acb, \u0a96\u0abe\u0a93; \u0ab9\u0ac7 \u0ab5\u0acd\u0ab9\u0abe\u0ab2\u0abe\u0a93, \u0aaa\u0ac0\u0a93; \u0ab9\u0abe \u0aaa\u0ac1\u0ab7\u0acd\u0a95\u0ab3 \u0aaa\u0ac0\u0a93."},{"Verseid":"21004001","Verse":"\u0ab9\u0ac1\u0a82 \u0ab8\u0ac2\u0aa4\u0ac0 \u0ab9\u0acb\u0a89\u0a82 \u0a9b\u0ac1\u0a82 \u0aaa\u0aa3 \u0aae\u0abe\u0ab0\u0ac1\u0a82 \u0ab9\u0ac3\u0aa6\u0aaf \u0a9c\u0abe\u0a97\u0ac3\u0aa4 \u0ab9\u0acb\u0aaf \u0a9b\u0ac7. \u0a8f \u0aae\u0abe\u0ab0\u0abe \u0aaa\u0acd\u0ab0\u0ac0\u0aa4\u0aae\u0aa8\u0acb \u0ab8\u0abe\u0aa6 \u0a9b\u0ac7! \u0aa4\u0ac7 \u0a96\u0a9f\u0a96\u0a9f\u0abe\u0ab5\u0ac7 \u0a9b\u0ac7 \u0aa6\u0ab0\u0ab5\u0abe\u0a9c\u0acb \u0aa8\u0ac7 \u0a95\u0ab9\u0ac7 \u0a9b\u0ac7 \u0a95\u0ac7, \u201c\u0aae\u0abe\u0ab0\u0ac0 \u0aaa\u0acd\u0ab0\u0abe\u0aa3\u0aaa\u0acd\u0ab0\u0abf\u0aaf\u0abe, \u0aae\u0abe\u0ab0\u0ac0 \u0ab5\u0acd\u0ab9\u0abe\u0ab2\u0ac0\u0aae\u0abe\u0ab0\u0ac0 (\u0a95\u0acd\u0ab7\u0aa4\u0abf\u0ab9\u0ac0\u0aa8) \u0ab8\u0a82\u0aaa\u0ac2\u0ab0\u0acd\u0aa3, \u0aae\u0abe\u0ab0\u0ac0 \u0ab8\u0ac1\u0a82\u0ab5\u0abe\u0ab3\u0ac0 \u0ab8\u0acd\u0aa4\u0acd\u0ab0\u0ac0, \u0aae\u0abe\u0ab0\u0ac7 \u0aae\u0abe\u0a9f\u0ac7 \u0aac\u0abe\u0ab0\u0aa3\u0ac1\u0a82 \u0a96\u0acb\u0ab2; \u0aae\u0abe\u0ab0\u0abe \u0ab5\u0abe\u0ab3 \u0ab0\u0abe\u0aa4\u0acd\u0ab0\u0ac0\u0aa8\u0abe \u0a9d\u0abe\u0a95\u0ab3\u0aa5\u0ac0 \u0aad\u0ab0\u0ac7\u0ab2\u0abe \u0a9b\u0ac7, \u0aa4\u0ac7\u0aa5\u0ac0 \u0aae\u0abe\u0ab0\u0ac1\u0a82 \u0aae\u0abe\u0aa5\u0ac1\u0a82 \u0a9d\u0abe\u0a95\u0ab3\u0aa5\u0ac0 \u0aad\u0ac0\u0a9c\u0abe\u0a87 \u0a97\u0aaf\u0ac1\u0a82 \u0a9b\u0ac7!\u201d"},{"Verseid":"21004002","Verse":"\u201c\u0aae\u0ac7 \u0aae\u0abe\u0ab0\u0ac1\u0a82 \u0ab5\u0ab8\u0acd\u0aa4\u0acd\u0ab0 \u0a95\u0abe\u0aa2\u0aaf\u0ac1\u0a82 \u0a9b\u0ac7; \u0aa4\u0ac7 \u0ab9\u0ac1\u0a82 \u0a95\u0ac7\u0ab5\u0ac0 \u0ab0\u0ac0\u0aa4\u0ac7 \u0aab\u0ab0\u0ac0 \u0aaa\u0ab9\u0ac7\u0ab0\u0ac1\u0a82? \u0aae\u0ac7\u0a82 \u0aae\u0abe\u0ab0\u0abe \u0a9a\u0ab0\u0aa3 \u0aa7\u0acb\u0aaf\u0abe \u0a9b\u0ac7; \u0ab9\u0ac1\u0a82 \u0aa4\u0ac7\u0aae\u0aa8\u0ac7 \u0ab6\u0abe \u0aae\u0abe\u0a9f\u0ac7 \u0aae\u0ac7\u0ab2\u0abe \u0a95\u0ab0\u0ac1\u0a82?\u201d"},{"Verseid":"21004003","Verse":"\u0aae\u0abe\u0ab0\u0abe \u0aaa\u0acd\u0ab0\u0ac0\u0aa4\u0aae\u0ac7 \u0a95\u0abe\u0aa3\u0abe\u0aae\u0abe\u0a82\u0aa5\u0ac0 \u0aa4\u0ac7\u0aa8\u0acb \u0ab9\u0abe\u0aa5 \u0a85\u0a82\u0aa6\u0ab0 \u0aa8\u0abe\u0a96\u0acd\u0aaf\u0acb \u0a85\u0aa8\u0ac7 \u0aae\u0abe\u0ab0\u0abe \u0aae\u0aa8\u0aae\u0abe\u0a82 \u0aa4\u0ac7\u0aa8\u0abe \u0aaa\u0ab0 \u0aa6\u0aaf\u0abe \u0a86\u0ab5\u0ac0."},{"Verseid":"21004004","Verse":"\u0ab9\u0ac1\u0a82 \u0aac\u0abe\u0ab0\u0aa3\u0ac1\u0a82 \u0a96\u0acb\u0ab2\u0ab5\u0abe \u0a95\u0ac2\u0aa6\u0ac0 \u0aaa\u0aa1\u0ac0 \u0a85\u0aa8\u0ac7 \u0ab8\u0abe\u0a82\u0a95\u0ab3 \u0a96\u0acb\u0ab2\u0ab5\u0abe \u0a97\u0a87 \u0aa4\u0acd\u0aaf\u0abe\u0ab0\u0ac7 \u0aae\u0abe\u0ab0\u0abe \u0ab9\u0abe\u0aa5\u0aae\u0abe\u0a82\u0aa5\u0ac0 \u0a85\u0aa4\u0acd\u0aa4\u0ab0 \u0a85\u0aa8\u0ac7 \u0aae\u0abe\u0ab0\u0ac0 \u0a86\u0a82\u0a97\u0ab3\u0ac0\u0a93\u0aae\u0abe\u0a82\u0aa5\u0ac0 \u0aac\u0acb\u0ab3 \u0a9f\u0aaa\u0a95\u0ab5\u0abe \u0ab2\u0abe\u0a97\u0acd\u0aaf\u0ac1\u0a82."},{"Verseid":"21004005","Verse":"\u0aae\u0ac7\u0a82 \u0aae\u0abe\u0ab0\u0abe \u0aaa\u0acd\u0ab0\u0ac0\u0aa4\u0aae\u0aa8\u0ac7 \u0aae\u0abe\u0a9f\u0ac7 \u0aa6\u0acd\u0ab5\u0abe\u0ab0 \u0a89\u0a98\u0abe\u0aa1\u0acd\u0aaf\u0ac1\u0a82; \u0aaa\u0aa3 \u0aae\u0abe\u0ab0\u0acb \u0aaa\u0acd\u0ab0\u0ac0\u0aa4\u0aae \u0aa4\u0acd\u0aaf\u0abe\u0a82\u0aa5\u0ac0 \u0a96\u0ab8\u0ac0 \u0a97\u0aaf\u0acb \u0ab9\u0aa4\u0acb; \u0aa4\u0ac7 \u0aac\u0acb\u0ab2\u0acd\u0aaf\u0acb \u0aa4\u0ac7 \u0ab8\u0aae\u0aaf\u0ac7 \u0aae\u0abe\u0ab0\u0ac1\u0a82 \u0aae\u0aa8 \u0aa8\u0abe\u0ab9\u0abf\u0aae\u0acd\u0aae\u0aa4 \u0aa5\u0a87 \u0a97\u0aaf\u0ac1\u0a82 \u0ab9\u0aa4\u0ac1\u0a82; \u0aae\u0ac7\u0a82 \u0aa4\u0ac7\u0aa8\u0ac7 \u0ab6\u0acb\u0aa7\u0acd\u0aaf\u0acb, \u0aaa\u0aa3 \u0aae\u0aa8\u0ac7 \u0a9c\u0aa1\u0acd\u0aaf\u0acb \u0aa8\u0ab9\u0abf. \u0aae\u0ac7 \u0aa4\u0ac7\u0aa8\u0ac7 \u0aac\u0acb\u0ab2\u0abe\u0ab5\u0acd\u0aaf\u0acb, \u0aaa\u0aa3 \u0aa4\u0ac7\u0aa3\u0ac7 \u0aae\u0aa8\u0ac7 \u0a95\u0a87\u0a82 \u0a89\u0aa4\u0acd\u0aa4\u0ab0 \u0a86\u0aaa\u0acd\u0aaf\u0acb \u0aa8\u0ab9\u0abf."},{"Verseid":"21004006","Verse":"\u0aa8\u0a97\u0ab0\u0aa8\u0ac0 \u0a9a\u0acb\u0a95\u0ac0 \u0a95\u0ab0\u0aa4\u0abe\u0a82 \u0a9a\u0acb\u0a95\u0ac0\u0aa6\u0abe\u0ab0\u0acb\u0a8f \u0aae\u0aa8\u0ac7 \u0a9c\u0acb\u0a87; \u0aa4\u0ac7\u0aae\u0aa3\u0ac7 \u0aae\u0aa8\u0ac7 \u0aae\u0abe\u0ab0\u0ac0 \u0a85\u0aa8\u0ac7 \u0a98\u0abe\u0aaf\u0ab2 \u0a95\u0ab0\u0ac0, \u0aa8\u0a97\u0ab0\u0aa8\u0ac0 \u0aa6\u0ac0\u0ab5\u0abe\u0ab2 \u0aaa\u0abe\u0ab8\u0ac7 \u0aab\u0ab0\u0a9c \u0aac\u0a9c\u0abe\u0ab5\u0aa4\u0abe\u0a82 \u0a9a\u0acb\u0a95\u0ac0\u0aa6\u0abe\u0ab0\u0ac7 \u0aae\u0abe\u0ab0\u0acb \u0a98\u0ac1\u0aae\u0a9f\u0acb \u0a9a\u0ac0\u0ab0\u0ac0 \u0aa8\u0abe\u0a96\u0acd\u0aaf\u0acb."},{"Verseid":"21004007","Verse":"\u0ab9\u0ac7 \u0aaf\u0ab0\u0ac2\u0ab6\u0abe\u0ab2\u0ac7\u0aae\u0aa8\u0ac0 \u0a95\u0aa8\u0acd\u0aaf\u0abe\u0a93; \u0ab9\u0ac1\u0a82 \u0aa4\u0aae\u0aa8\u0ac7 \u0ab8\u0aae \u0aa6\u0a89 \u0a9b\u0ac1\u0a82 \u0a95\u0ac7, \u0a9c\u0acb \u0aa4\u0aae\u0aa8\u0ac7 \u0aae\u0abe\u0ab0\u0acb \u0aaa\u0acd\u0ab0\u0ac0\u0aa4\u0aae \u0aae\u0ab3\u0ac7, \u0aa4\u0acb \u0aa4\u0ac7\u0aa8\u0ac7 \u0a95\u0ab9\u0ac7\u0a9c\u0acb \u0a95\u0ac7 \u0ab9\u0ac1\u0a82 \u0aaa\u0acd\u0ab0\u0ac7\u0aae\u0aa8\u0ac0 \u0aac\u0abf\u0aae\u0abe\u0ab0\u0ac0\u0aa5\u0ac0 \u0aaa\u0ac0\u0aa1\u0abf\u0aa4 \u0a9b\u0ac1\u0a82."},{"Verseid":"21004008","Verse":"\u0a93 \u0ab8\u0acd\u0aa4\u0acd\u0ab0\u0ac0\u0a93\u0aae\u0abe\u0a82 \u0ab6\u0acd\u0ab0\u0ac7 \u0ab8\u0ac1\u0a82\u0aa6\u0ab0\u0ac0, \u0a85\u0aae\u0aa8\u0ac7 \u0a95\u0ab9\u0ac7 \u0a95\u0ac7, \u0aa4\u0abe\u0ab0\u0abe \u0aaa\u0acd\u0ab0\u0ac0\u0aa4\u0aae\u0aae\u0abe\u0a82 \u0aac\u0ac0\u0a9c\u0abe\u0aa8\u0abe \u0a95\u0ab0\u0aa4\u0abe\u0a82 \u0a8f\u0ab5\u0ac1\u0a82 \u0ab6\u0ac1\u0a82 \u0a9b\u0ac7 \u0a95\u0ac7, \u0aa4\u0ac1\u0a82 \u0a85\u0aae\u0aa8\u0ac7 \u0a86\u0ab5\u0ac0 \u0a86\u0a9c\u0acd\u0a9e\u0abe \u0a95\u0ab0\u0ac7 \u0a9b\u0ac7?"},{"Verseid":"21004009","Verse":"\u0aae\u0abe\u0ab0\u0acb \u0aaa\u0acd\u0ab0\u0ac0\u0aa4\u0aae \u0a89\u0a9c\u0ab3\u0acb \u0aae\u0aa8\u0acb\u0ab9\u0ab0 \u0aac\u0aa6\u0abe\u0aae\u0ac0 \u0ab0\u0a82\u0a97\u0aa8\u0acb \u0a9b\u0ac7, \u0a85\u0aa8\u0ac7 \u0aab\u0ac2\u0a9f\u0aa1\u0acb \u0a9b\u0ac7, \u0aa6\u0ab6\u0ab9\u0a9c\u0abe\u0ab0 \u0aaa\u0ac1\u0ab0\u0ac1\u0ab7\u0acb\u0aae\u0abe\u0a82 \u0aa4\u0ac7 \u0ab6\u0acd\u0ab0\u0ac7\u0ab7\u0acd\u0aa0 \u0a9b\u0ac7!"},{"Verseid":"21004010","Verse":"\u0aa4\u0ac7\u0aa8\u0ac1\u0a82 \u0aae\u0abe\u0aa5\u0ac1\u0a82 \u0a89\u0aa4\u0acd\u0aa4\u0aae \u0aaa\u0acd\u0ab0\u0a95\u0abe\u0ab0\u0aa8\u0abe \u0ab8\u0acb\u0aa8\u0abe \u0a9c\u0ac7\u0ab5\u0ac1\u0a82 \u0a9b\u0ac7, \u0aa4\u0ac7\u0aa8\u0ac0 \u0ab2\u0a9f\u0acb \u0ab2\u0ab9\u0ac7\u0ab0\u0abe\u0aa4\u0ac0 \u0a85\u0aa8\u0ac7 \u0a95\u0abe\u0a97\u0aa1\u0abe\u0aa8\u0abe \u0ab0\u0a82\u0a97 \u0a9c\u0ac7\u0ab5\u0ac0 \u0a95\u0abe\u0ab3\u0ac0 \u0a9b\u0ac7."},{"Verseid":"21004011","Verse":"\u0aa4\u0ac7\u0aa8\u0ac0 \u0a86\u0a82\u0a96\u0acb \u0aa8\u0aa6\u0ac0 \u0aaa\u0abe\u0ab8\u0ac7 \u0a8a\u0aad\u0ac7\u0ab2\u0abe \u0ab6\u0ac1\u0aa6\u0acd\u0aa7 \u0ab6\u0acd\u0ab5\u0ac7\u0aa4 \u0ab9\u0acb\u0ab2\u0abe \u0a9c\u0ac7\u0ab5\u0ac0 \u0a9b\u0ac7; \u0aa4\u0ac7 \u0aa6\u0ac2\u0aa7\u0aae\u0abe\u0a82 \u0aa7\u0acb\u0aaf\u0ac7\u0ab2\u0ac0 \u0aa4\u0aa5\u0abe \u0aaf\u0acb\u0a97\u0acd\u0aaf \u0ab0\u0ac0\u0aa4\u0ac7 \u0aac\u0ac7\u0ab8\u0abe\u0aa1\u0ac7\u0ab2\u0ac0 \u0a9b\u0ac7."},{"Verseid":"21004012","Verse":"\u0aa4\u0ac7\u0aa8\u0abe \u0a97\u0abe\u0ab2 \u0ab8\u0ac1\u0a97\u0a82\u0aa7\u0ac0 \u0aa6\u0acd\u0ab0\u0ab5\u0acd\u0aaf \u0aa4\u0ac7\u0a9c\u0abe\u0aa8\u0abe \u0aa2\u0a97\u0ab2\u0abe \u0a9c\u0ac7\u0ab5\u0abe, \u0aa4\u0aa5\u0abe \u0aae\u0aa7\u0ac1\u0ab0 \u0ab8\u0ac1\u0a97\u0a82\u0aa7\u0ab5\u0abe\u0ab3\u0abe \u0aab\u0ac2\u0ab2\u0acb \u0a9c\u0ac7\u0ab5\u0abe \u0a9b\u0ac7; \u0a9c\u0ac7\u0aae\u0abe\u0a82\u0aa5\u0ac0 \u0a95\u0ab8\u0acd\u0aa4\u0ac2\u0ab0\u0ac0 \u0a9d\u0ab0\u0aa4\u0ac0 \u0ab9\u0acb\u0aaf \u0a97\u0ac1\u0ab2\u0a9b\u0aa1\u0ac0\u0a93 \u0a9c\u0ac7\u0ab5\u0abe \u0aa4\u0ac7\u0aa8\u0abe \u0ab9\u0acb\u0aa0 \u0a9b\u0ac7!"},{"Verseid":"21004013","Verse":"\u0aa4\u0ac7\u0aa8\u0abe \u0ab9\u0abe\u0aa5 \u0ab8\u0acb\u0aa8\u0abe\u0aa8\u0ac0 \u0ab5\u0ac0\u0a82\u0a9f\u0ac0\u0a93 \u0a9c\u0ac7 \u0a95\u0abf\u0a82\u0aae\u0aa4\u0ac0 \u0aaa\u0aa5\u0acd\u0aa5\u0ab0\u0acb\u0aa5\u0ac0 \u0a9c\u0aa1\u0ab5\u0abe\u0aae\u0abe\u0a82 \u0a86\u0ab5\u0ac0 \u0a9b\u0ac7. \u0aa4\u0ac7\u0aa8\u0ac1\u0a82 \u0ab6\u0ab0\u0ac0\u0ab0 \u0aa8\u0ac0\u0ab2\u0aae \u0a9c\u0aa1\u0abf\u0aa4 \u0ab8\u0aab\u0ac7\u0aa6 \u0ab9\u0abe\u0aa5\u0ac0\u0aa6\u0abe\u0a82\u0aa4 \u0a9c\u0ac7\u0ab5\u0ac1\u0a82 \u0a9b\u0ac7."},{"Verseid":"21004014","Verse":"\u0aa4\u0ac7\u0aa8\u0abe \u0aaa\u0a97 \u0ab6\u0ac1\u0aa6\u0acd\u0aa7 \u0ab8\u0ac1\u0ab5\u0ab0\u0acd\u0aa3\u0aa8\u0abe \u0aaa\u0abe\u0aaf\u0abe \u0aaa\u0ab0 \u0a8a\u0aad\u0abe \u0a95\u0ab0\u0ac7\u0ab2\u0abe \u0a86\u0ab0\u0ab8\u0aaa\u0ab9\u0abe\u0aa3\u0aa8\u0abe \u0ab8\u0acd\u0aa4\u0a82\u0aad\u0acb \u0a9c\u0ac7\u0ab5\u0abe \u0a9b\u0ac7, \u0aa4\u0ac7 \u0ab2\u0aac\u0abe\u0aa8\u0acb\u0aa8\u0aa8\u0abe \u0a8a\u0aae\u0aa6\u0abe \u0aa6\u0ac7\u0ab5\u0aa6\u0abe\u0ab0 \u0ab5\u0ac3\u0a95\u0acd\u0ab7\u0acb \u0a9c\u0ac7\u0ab5\u0acb \u0a8a\u0a82\u0a9a\u0acb \u0a8a\u0aad\u0acb \u0ab0\u0ab9\u0ac7 \u0a9b\u0ac7."},{"Verseid":"21004015","Verse":"\u0aa4\u0ac7\u0aa8\u0ac1\u0a82 \u0aae\u0ac1\u0a96 \u0a85\u0aa4\u0abf \u0aae\u0aa7\u0ac1\u0ab0 \u0a85\u0aa8\u0ac7 \u0aae\u0aa8\u0acb\u0ab9\u0ab0 \u0a9b\u0ac7, \u0ab9\u0ac7 \u0aaf\u0ab0\u0ac2\u0ab6\u0abe\u0ab2\u0ac7\u0aae\u0aa8\u0ac0 \u0aaf\u0ac1\u0ab5\u0aa4\u0ac0\u0a93, \u0a86\u0ab5\u0acb \u0a9b\u0ac7 \u0aae\u0abe\u0ab0\u0acb \u0aaa\u0acd\u0ab0\u0ac0\u0aa4\u0aae \u0aa8\u0ac7 \u0aae\u0abe\u0ab0\u0acb \u0aae\u0abf\u0aa4\u0acd\u0ab0."}]},{"Verse":[{"Verseid":"21005000","Verse":"\u0ab9\u0ac7 \u0ab8\u0acd\u0aa4\u0acd\u0ab0\u0ac0\u0a93\u0aae\u0abe\u0a82 \u0ab8\u0ab0\u0acd\u0ab5\u0acb\u0aa4\u0aae \u0ab8\u0ac1\u0a82\u0aa6\u0ab0\u0ac0! \u0aa4\u0abe\u0ab0\u0acb \u0aaa\u0acd\u0ab0\u0ac0\u0aa4\u0aae \u0a95\u0a87 \u0aa6\u0abf\u0ab6\u0abe \u0aa4\u0ab0\u0aab \u0a97\u0aaf\u0acb \u0a9b\u0ac7 \u0a8f \u0aa4\u0acb \u0a9c\u0aa3\u0abe\u0ab5; \u0a85\u0aae\u0ac7 \u0aa4\u0ac7\u0aa8\u0ac7 \u0aa4\u0abe\u0ab0\u0ac0 \u0ab8\u0abe\u0aa5\u0ac7 \u0ab6\u0acb\u0aa7\u0ac0\u0a8f."},{"Verseid":"21005001","Verse":"\u0aae\u0abe\u0ab0\u0acb \u0aaa\u0acd\u0ab0\u0ac0\u0aa4\u0aae \u0aaa\u0acb\u0aa4\u0abe\u0aa8\u0abe \u0aac\u0abe\u0a97\u0aae\u0abe\u0a82 \u0a86\u0aa8\u0a82\u0aa6 \u0a95\u0ab0\u0ab5\u0abe \u0aa4\u0aa5\u0abe \u0aae\u0aa7\u0ac1\u0ab0 \u0ab8\u0ac1\u0ab5\u0abe\u0ab8\u0abf\u0aa4 \u0a95\u0aae\u0ab3 \u0ab5\u0ac0\u0aa3\u0ab5\u0abe \u0a97\u0aaf\u0acb \u0a9b\u0ac7."},{"Verseid":"21005002","Verse":"\u0ab9\u0ac1\u0a82 \u0aae\u0abe\u0ab0\u0abe \u0aaa\u0acd\u0ab0\u0ac0\u0aa4\u0aae\u0aa8\u0ac0 \u0a9b\u0ac1\u0a82 \u0a85\u0aa8\u0ac7 \u0aae\u0abe\u0ab0\u0acb \u0aaa\u0acd\u0ab0\u0ac0\u0aa4\u0aae \u0aae\u0abe\u0ab0\u0acb \u0a9c \u0a9b\u0ac7; \u0aa4\u0ac7 \u0ab8\u0aab\u0ac7\u0aa6 \u0a95\u0aae\u0ab3\u0acb\u0aa8\u0ac0 \u0ab5\u0a9a\u0acd\u0a9a\u0ac7 \u0aaa\u0acb\u0aa4\u0abe\u0aa8\u0ac7 \u0a86\u0aa8\u0a82\u0aa6\u0abf\u0aa4 \u0a95\u0ab0\u0ac7 \u0a9b\u0ac7!"},{"Verseid":"21005003","Verse":"\u0ab9\u0ac7 \u0aae\u0abe\u0ab0\u0ac0 \u0aaa\u0acd\u0ab0\u0ac0\u0aa4\u0aae\u0abe, \u0aa4\u0ac1\u0a82 \u0aa4\u0abf\u0ab0\u0acd\u0ab8\u0abe\u0ab9 \u0a9c\u0ac7\u0ab5\u0ac0 \u0ab8\u0ac1\u0a82\u0aa6\u0ab0, \u0aaf\u0ab0\u0ac2\u0ab6\u0abe\u0ab2\u0ac7\u0aae \u0a9c\u0ac7\u0ab5\u0ac0 \u0a96\u0ac2\u0aac\u0ab8\u0ac2\u0ab0\u0aa4, \u0aa7\u0acd\u0ab5\u0a9c\u0abe\u0a93 \u0ab8\u0ab9\u0abf\u0aa4\u0aa8\u0abe \u0ab8\u0ac8\u0aa8\u0acd\u0aaf \u0a9c\u0ac7\u0ab5\u0ac0 \u0aad\u0aaf\u0abe\u0ab5\u0ab9 \u0a9b\u0ac7."},{"Verseid":"21005004","Verse":"\u0aa4\u0abe\u0ab0\u0abe\u0a82 \u0aa8\u0ac7\u0aa4\u0acd\u0ab0 \u0aae\u0abe\u0ab0\u0ac0 \u0aa4\u0ab0\u0aab\u0aa5\u0ac0 \u0aab\u0ac7\u0ab0\u0ab5\u0ac0 \u0ab2\u0ac7, \u0a95\u0abe\u0ab0\u0aa3, \u0aa4\u0ac7\u0a93\u0a8f \u0aae\u0abe\u0ab0\u0acb \u0aaa\u0ab0\u0abe\u0a9c\u0aaf \u0a95\u0ab0\u0acd\u0aaf\u0acb \u0a9b\u0ac7. \u0aa4\u0abe\u0ab0\u0abe \u0a95\u0ac7\u0ab6, \u0a9c\u0abe\u0aa3\u0ac7 \u0a97\u0abf\u0ab2\u0aaf\u0abe\u0aa6 \u0aaa\u0ab0\u0acd\u0ab5\u0aa4\u0aa8\u0abe \u0aa2\u0acb\u0ab3\u0abe\u0ab5\u0acb \u0aaa\u0ab0\u0aa5\u0ac0 \u0a89\u0aa4\u0ab0\u0ac0 \u0a86\u0ab5\u0aa4\u0abe\u0a82 \u0aac\u0a95\u0ab0\u0abe\u0a82\u0aa8\u0abe \u0a9f\u0acb\u0ab3\u0abe \u0a9c\u0ac7\u0ab5\u0abe \u0a9b\u0ac7."},{"Verseid":"21005005","Verse":"\u0a98\u0acb\u0ab5\u0abe\u0a87\u0aa8\u0ac7 \u0aac\u0ab9\u0abe\u0ab0 \u0aa8\u0ac0\u0a95\u0ab3\u0ac7\u0ab2\u0ac0 \u0a98\u0ac7\u0a9f\u0ac0\u0a93\u0aa8\u0abe \u0a9f\u0acb\u0ab3\u0abe \u0a9c\u0ac7\u0ab5\u0abe \u0aa4\u0abe\u0ab0\u0abe \u0aa6\u0abe\u0a82\u0aa4 \u0a9b\u0ac7 \u0a95\u0ac7, \u0a9c\u0ac7\u0a93\u0aae\u0abe\u0a82\u0aa8\u0ac0 \u0aa6\u0ab0\u0ac7\u0a95 \u0aac\u0aac\u0acd\u0aac\u0ac7 \u0aac\u0a9a\u0acd\u0a9a\u0abe\u0a82 \u0a9c\u0aa3\u0ac7 \u0a9b\u0ac7 \u0a85\u0aa8\u0ac7 \u0aa4\u0ac7\u0a93\u0aae\u0abe\u0a82\u0aa8\u0abe \u0a95\u0acb\u0a87\u0a8f \u0aaa\u0acb\u0aa4\u0abe\u0aa8\u0abe \u0aac\u0a9a\u0acd\u0a9a\u0abe\u0a82 \u0a97\u0ac1\u0aae\u0abe\u0ab5\u0acd\u0aaf\u0abe\u0a82 \u0aa8\u0aa5\u0ac0."},{"Verseid":"21005006","Verse":"\u0aa4\u0abe\u0ab0\u0abe \u0aab\u0ac7\u0ab2\u0abe\u0aaf\u0ac7\u0ab2\u0abe \u0ab5\u0abe\u0ab3 \u0aaa\u0abe\u0a9b\u0ab3, \u0aa4\u0abe\u0ab0\u0abe \u0ab2\u0aae\u0aa3\u0abe\u0a82 \u0aa6\u0abe\u0aa1\u0aae\u0aa8\u0ac0 \u0aab\u0abe\u0aa1 \u0a9c\u0ac7\u0ab5\u0abe\u0a81 \u0a9b\u0ac7."},{"Verseid":"21005007","Verse":"\u0aa4\u0acd\u0aaf\u0abe\u0a82 \u0ab8\u0abe\u0aa0 \u0ab0\u0abe\u0aa3\u0ac0\u0a93 \u0a9b\u0ac7 \u0aa8\u0ac7 \u0a89\u0aaa\u0aaa\u0aa4\u0acd\u0aa8\u0ac0\u0a93 \u0a8f\u0a82\u0ab8\u0ac0 \u0a9b\u0ac7; \u0a85\u0aa8\u0ac7 \u0a85\u0a97\u0aa3\u0abf\u0aa4 \u0aaf\u0ac1\u0ab5\u0aa4\u0ac0\u0a93 \u0a9b\u0ac7."},{"Verseid":"21005008","Verse":"\u0aaa\u0aa3 \u0aae\u0abe\u0ab0\u0ac0 \u0ab5\u0acd\u0ab9\u0abe\u0ab2\u0ac0, \u0aae\u0abe\u0ab0\u0ac0 \u0aaa\u0acd\u0ab0\u0ac0\u0aa4\u0aae\u0abe \u0aa4\u0acb \u0a8f\u0a95\u0a9c \u0a9b\u0ac7; \u0aaa\u0acb\u0aa4\u0abe\u0aa8\u0ac0 \u0aae\u0abe\u0aa4\u0abe\u0aa8\u0ac0 \u0a8f\u0a95\u0aa8\u0ac0 \u0a8f\u0a95, \u0a85\u0aa8\u0ac7 \u0aaa\u0abf\u0aa4\u0abe\u0aa8\u0ac0 \u0ab5\u0ab9\u0abe\u0ab2\u0ac0. \u0aaf\u0ab0\u0ac2\u0ab6\u0abe\u0ab2\u0ac7\u0aae\u0aa8\u0ac0 \u0aa6\u0ac0\u0a95\u0ab0\u0ac0\u0a93 \u0aa4\u0abe\u0ab0\u0ac0 \u0ab8\u0abe\u0aae\u0ac7 \u0a9c\u0ac1\u0a8f \u0a9b\u0ac7 \u0a85\u0aa8\u0ac7 \u0aa4\u0aa8\u0ac7 \u0aa7\u0aa8\u0acd\u0aaf\u0ab5\u0abe\u0aa6 \u0a86\u0aaa\u0ac7 \u0a9b\u0ac7; \u0ab0\u0abe\u0aa3\u0ac0\u0a93 \u0a85\u0aa8\u0ac7 \u0a89\u0aaa\u0aaa\u0aa4\u0acd\u0aa8\u0ac0\u0a93 \u0aa4\u0abe\u0ab0\u0ac0 \u0aaa\u0acd\u0ab0\u0ab6\u0a82\u0ab8\u0abe \u0a95\u0ab0\u0ac7 \u0a9b\u0ac7."},{"Verseid":"21005009","Verse":"\u0aaa\u0acd\u0ab0\u0aad\u0abe\u0aa4\u0aa8\u0abe \u0a9c\u0ac7\u0ab5\u0ac0 \u0aaa\u0acd\u0ab0\u0a95\u0abe\u0ab6\u0abf\u0aa4 \u0a95\u0abe\u0a82\u0aa4\u0abf\u0ab5\u0abe\u0ab3\u0ac0, \u0a9a\u0a82\u0aa6\u0acd\u0ab0 \u0a9c\u0ac7\u0ab5\u0ac0 \u0ab8\u0ac1\u0a82\u0aa6\u0ab0, \u0ab8\u0ac2\u0ab0\u0acd\u0aaf \u0a9c\u0ac7\u0ab5\u0ac0 \u0aa1\u0abe\u0a98 \u0ab5\u0a97\u0ab0\u0aa8\u0ac0; \u0aa7\u0acd\u0ab5\u0a9c\u0abe\u0a93 \u0ab8\u0ab9\u0abf\u0aa4\u0aa8\u0abe \u0ab8\u0ac8\u0aa8\u0acd\u0aaf \u0a9c\u0ac7\u0ab5\u0ac0 \u0aad\u0aaf\u0a82\u0a95\u0ab0 \u0a8f \u0a95\u0acb\u0aa3 \u0a9b\u0ac7? \u0aa4\u0ac7\u0a93 \u0aaa\u0ac2\u0a9b\u0ac7 \u0a9b\u0ac7,"},{"Verseid":"21005010","Verse":"\u0ab5\u0ab8\u0a82\u0aa4\u0a8b\u0aa4\u0ac1 \u0a96\u0ac0\u0ab2\u0ac0 \u0a9b\u0ac7 \u0a95\u0ac7 \u0a95\u0ac7\u0aae; \u0aa6\u0acd\u0ab0\u0abe\u0a95\u0acd\u0ab7\u0abe\u0ab5\u0ac7\u0ab2\u0abe\u0aa8\u0ac7 \u0a95\u0ac2\u0a82\u0aaa\u0ab3\u0acb \u0aab\u0ac2\u0a9f\u0ac0 \u0a9b\u0ac7 \u0a95\u0ac7 \u0a95\u0ac7\u0aae; \u0aa6\u0abe\u0aa1\u0aae\u0aa1\u0ac0\u0aa8\u0ac7 \u0aae\u0acb\u0ab0 \u0a86\u0ab5\u0acd\u0aaf\u0acb \u0a9b\u0ac7 \u0a95\u0ac7 \u0a95\u0ac7\u0aae; \u0aa4\u0ac7 \u0a9c\u0acb\u0ab5\u0abe \u0aae\u0abe\u0a9f\u0ac7 \u0ab9\u0ac1\u0a82 \u0a85\u0a96\u0ab0\u0acb\u0a9f\u0aa8\u0abe \u0aac\u0a97\u0ac0\u0a9a\u0abe\u0aae\u0abe\u0a82 \u0aa5\u0a87\u0aa8\u0ac7 \u0a96\u0ac0\u0aa3\u0aae\u0abe\u0a82 \u0a97\u0a87."},{"Verseid":"21005011","Verse":"\u0ab9\u0ac1\u0a82 \u0a95\u0a82\u0a87 \u0ab8\u0aae\u0a9c\u0ac1 \u0aa4\u0ac7 \u0aaa\u0ab9\u0ac7\u0ab2\u0abe \u0aa4\u0acb \u0aae\u0ac7\u0a82 \u0aae\u0abe\u0ab0\u0ac0 \u0a9c\u0abe\u0aa4\u0aa8\u0ac7 \u0aae\u0abe\u0ab0\u0abe \u0ab2\u0acb\u0a95\u0acb\u0aa8\u0abe \u0ab0\u0abe\u0a9c\u0a95\u0ac1\u0aae\u0abe\u0ab0\u0aa8\u0ac0 \u0aac\u0abe\u0a9c\u0ac1\u0aa8\u0abe \u0ab0\u0aa5\u0aae\u0abe\u0a82 \u0aac\u0ac7\u0ab8\u0ac7\u0ab2\u0ac0 \u0a9c\u0abe\u0aa3\u0ac0."},{"Verseid":"21005012","Verse":"\u0ab9\u0ac7 \u0ab6\u0ac2\u0ab2\u0acd\u0ab2\u0abe\u0aae\u0ac0! \u0aaa\u0abe\u0a9b\u0ac0 \u0a86\u0ab5, \u0aaa\u0abe\u0a9b\u0ac0 \u0a86\u0ab5; \u0aaa\u0abe\u0a9b\u0ac0 \u0aab\u0ab0 \u0aaa\u0abe\u0a9b\u0ac0 \u0aab\u0ab0 \u0a95\u0ac7 \u0a85\u0aae\u0ac7 \u0aa4\u0aa8\u0ac7 \u0aa8\u0abf\u0ab9\u0abe\u0ab3\u0ac0\u0a8f.\u0aae\u0abe\u0ab9\u0aa8\u0abe\u0a87\u0aae\u0aa8\u0abe \u0aa8\u0ac3\u0aa4\u0acd\u0aaf\u0aa8\u0ac0 \u0a9c\u0ac7\u0aae \u0ab6\u0ac2\u0ab2\u0acd\u0ab2\u0abe\u0aae\u0ac0\u0aa8\u0ac7 \u0a9c\u0acb\u0ab5\u0abe \u0aa4\u0aae\u0ac7 \u0ab6\u0abe \u0aae\u0abe\u0a9f\u0ac7 \u0a86\u0a9f\u0ab2\u0abe \u0a89\u0aa4\u0acd\u0ab8\u0ac1\u0a95 \u0a9b\u0acb?"}]},{"Verse":[{"Verseid":"21006000","Verse":"\u0ab9\u0ac7 \u0ab0\u0abe\u0a9c\u0a95\u0ac1\u0a82\u0ab5\u0ab0\u0ac0, \u0a9a\u0a82\u0aaa\u0ab2\u0acb\u0aae\u0abe\u0a82 \u0aa4\u0abe\u0ab0\u0abe \u0aaa\u0a97 \u0a95\u0ac7\u0ab5\u0abe \u0ab8\u0ac1\u0a82\u0aa6\u0ab0 \u0aa6\u0ac7\u0a96\u0abe\u0aaf \u0a9b\u0ac7! \u0aa4\u0abe\u0ab0\u0abe \u0aaa\u0a97 \u0a95\u0ac1\u0ab6\u0ab3 \u0a95\u0abe\u0ab0\u0ac0\u0a97\u0ab0\u0ac7 \u0a95\u0a82\u0aa1\u0abe\u0ab0\u0ac7\u0ab2\u0abe \u0a9d\u0ab5\u0ac7\u0ab0\u0abe\u0aa4 \u0a9c\u0ac7\u0ab5\u0abe \u0a9b\u0ac7!"},{"Verseid":"21006001","Verse":"\u0aa4\u0abe\u0ab0\u0ac0 \u0aa8\u0abe\u0aad\u0abf \u0a9c\u0abe\u0aa3\u0ac7 \u0ab8\u0ac1\u0a82\u0aa6\u0ab0 \u0a97\u0acb\u0ab3\u0abe\u0a95\u0abe\u0ab0 \u0aaa\u0acd\u0aaf\u0abe\u0ab2\u0acb, \u0a9c\u0ac7\u0aae\u0abe \u0aa6\u0acd\u0ab0\u0abe\u0a95\u0acd\u0ab7\u0abe\u0ab0\u0ab8 \u0a95\u0aa6\u0ac0 \u0a96\u0ac2\u0a9f\u0aa4\u0acb \u0aa8\u0aa5\u0ac0. \u0aa4\u0abe\u0ab0\u0ac1\u0a82 \u0aaa\u0ac7\u0a9f \u0a96\u0ac0\u0ab2\u0ac7\u0ab2\u0abe \u0aab\u0ac2\u0ab2\u0acb\u0aa5\u0ac0 \u0ab6\u0aa3\u0a97\u0abe\u0ab0\u0ac7\u0ab2\u0ac0 \u0a98\u0a89\u0a82\u0aa8\u0ac0 \u0aa2\u0a97\u0ab2\u0ac0\u0aa8\u0abe \u0a9c\u0ac7\u0ab5\u0ac1\u0a82 \u0a9b\u0ac7."},{"Verseid":"21006002","Verse":"\u0aa4\u0abe\u0ab0\u0abe\u0a82 \u0aac\u0ac7 \u0ab8\u0acd\u0aa4\u0aa8 \u0a9c\u0abe\u0aa3\u0ac7 \u0ab9\u0ab0\u0aa3\u0ac0\u0aa8\u0abe \u0aae\u0aa8\u0acb\u0ab9\u0ab0 \u0a9c\u0acb\u0aa1\u0abf\u0aaf\u0abe \u0aac\u0a9a\u0acd\u0a9a\u0abe\u0a82 \u0a9c\u0ac7\u0ab5\u0abe \u0a9b\u0ac7!"},{"Verseid":"21006003","Verse":"\u0ab9\u0abe\u0aa5\u0ac0\u0aa6\u0abe\u0a82\u0aa4\u0aa8\u0abe \u0aac\u0ac1\u0ab0\u0a9c \u0a9c\u0ac7\u0ab5\u0ac0 \u0a9b\u0ac7 \u0aa4\u0abe\u0ab0\u0ac0 \u0a97\u0ab0\u0aa6\u0aa8; \u0aa4\u0abe\u0ab0\u0ac0 \u0a86\u0a82\u0a96\u0acb \u0a9c\u0abe\u0aa3\u0ac7 \u0aac\u0abe\u0aa5-\u0ab0\u0abe\u0aac\u0acd\u0aac\u0ac0\u0aae\u0aa8\u0abe \u0aa8\u0a97\u0ab0 \u0aa6\u0ab0\u0ab5\u0abe\u0a9c\u0abe \u0aaa\u0abe\u0ab8\u0ac7 \u0a86\u0ab5\u0ac7\u0ab2\u0abe \u0ab9\u0ac7\u0ab6\u0acd\u0aac\u0acb\u0aa8\u0aa8\u0abe \u0a9d\u0ab0\u0abe! \u0aa4\u0abe\u0a82\u0ab0\u0ac1 \u0aa8\u0abe\u0a95 \u0a9c\u0abe\u0aa3\u0ac7 \u0aa6\u0aae\u0ab8\u0acd\u0a95\u0aa8\u0ac0 \u0a9a\u0acb\u0a95\u0ac0 \u0a95\u0ab0\u0aa4\u0acb \u0ab2\u0aac\u0abe\u0aa8\u0acb\u0aa8\u0aa8\u0acb \u0aac\u0ac1\u0ab0\u0a9c!"},{"Verseid":"21006004","Verse":"\u0aa4\u0abe\u0ab0\u0ac1\u0a82 \u0aae\u0ab8\u0acd\u0aa4\u0a95 \u0a95\u0abe\u0aae\u0ac7\u0ab0\u0acd\u0ab2 \u0aaa\u0ab0\u0acd\u0ab5\u0aa4 \u0ab8\u0aae\u0ac1\u0a82 \u0a9b\u0ac7. \u0aa4\u0abe\u0ab0\u0abe \u0a95\u0ac7\u0ab6 \u0a98\u0aa8\u0a98\u0acb\u0ab0 \u0a98\u0a9f\u0abe\u0a82 \u0a9c\u0ac7\u0ab5\u0abe \u0a9b\u0ac7. \u0aa4\u0abe\u0ab0\u0abe \u0ab5\u0ab3\u0abe\u0a82\u0a95\u0acb\u0aae\u0abe\u0a82 \u0ab0\u0abe\u0a9c\u0abe \u0aaa\u0acb\u0aa4\u0ac7 \u0aac\u0a82\u0aa6\u0ac0\u0ab5\u0abe\u0aa8 \u0aac\u0aa8\u0ac0 \u0a97\u0aaf\u0acb \u0a9b\u0ac7."},{"Verseid":"21006005","Verse":"\u0a85\u0ab9\u0abe! \u0aae\u0abe\u0ab0\u0ac0 \u0aaa\u0acd\u0ab0\u0ac0\u0aa4\u0aae\u0abe, \u0aa4\u0ac1\u0a82 \u0a95\u0ac7\u0ab5\u0ac0 \u0ab8\u0ac1\u0a82\u0aa6\u0ab0 \u0a9b\u0ac7! \u0aa4\u0aa5\u0abe \u0ab5\u0abf\u0aa8\u0acb\u0aa6 \u0a95\u0ab0\u0ab5\u0abe \u0ab2\u0abe\u0aaf\u0a95 \u0a85\u0aa8\u0ac7 \u0a86\u0aa8\u0a82\u0aa6\u0aa6\u0abe\u0aaf\u0a95 \u0a9b\u0ac7!"},{"Verseid":"21006006","Verse":"\u0aa4\u0abe\u0aa1\u0aa8\u0abe \u0ab5\u0ac3\u0a95\u0acd\u0ab7 \u0a9c\u0ac7\u0ab5\u0ac0 \u0aa4\u0ac1\u0a82 \u0a8a\u0a82\u0a9a\u0ac0 \u0a85\u0aa8\u0ac7 \u0ab8\u0ac1\u0aa1\u0acb\u0ab3 \u0a9b\u0ac7; \u0a85\u0aa8\u0ac7 \u0aa4\u0abe\u0ab0\u0abe \u0ab8\u0acd\u0aa4\u0aa8\u0acb \u0aa4\u0ac7\u0aa8\u0abe \u0aab\u0ab3\u0acb \u0a9c\u0ac7\u0ab5\u0abe\u0a81 \u0a9b\u0ac7!"},{"Verseid":"21006007","Verse":"\u0aae\u0ac7\u0a82 \u0a95\u0ab9\u0acd\u0aaf\u0ac1\u0a82, \u201c\u0ab9\u0ac1\u0a82 \u0aa4\u0abe\u0aa1\u0aa8\u0abe \u0ab5\u0ac3\u0a95\u0acd\u0ab7 \u0aaa\u0ab0 \u0a9a\u0aa2\u0ac0 \u0a9c\u0abe\u0a89\u0a82; \u0aa4\u0ac7\u0aa8\u0abe \u0aab\u0ab3\u0acb \u0ab9\u0ac1\u0a82 \u0ab2\u0a89\u0a82, \u0aa4\u0abe\u0ab0\u0abe \u0ab8\u0acd\u0aa4\u0aa8 \u0aa6\u0acd\u0ab0\u0abe\u0a95\u0acd\u0ab7\u0aa8\u0ac0 \u0ab2\u0ac2\u0aae\u0acb \u0a9c\u0ac7\u0ab5\u0abe\u0a81 \u0aa5\u0abe\u0aaf! \u0aa4\u0abe\u0ab0\u0abe \u0ab6\u0acd\u0ab5\u0abe\u0ab8\u0aa8\u0ac0 \u0ab8\u0ac1\u0a97\u0a82\u0aa7 \u0ab8\u0aab\u0ab0\u0a9c\u0aa8 \u0a9c\u0ac7\u0ab5\u0ac0 \u0aa5\u0abe\u0aaf!"},{"Verseid":"21006008","Verse":"\u0aa4\u0abe\u0ab0\u0ac1\u0a82 \u0aae\u0ac1\u0a96 \u0a89\u0aa4\u0acd\u0aa4\u0aae \u0aa6\u0acd\u0ab0\u0abe\u0a95\u0acd\u0ab7\u0abe\u0ab0\u0ab8 \u0a9c\u0ac7\u0ab5\u0ac1\u0a82 \u0aa5\u0abe\u0aaf! \u0aa4\u0ac7 \u0aa6\u0acd\u0ab0\u0abe\u0a95\u0acd\u0ab7\u0abe\u0ab0\u0ab8 \u0ab8\u0ac0\u0aa7\u0acb \u0aae\u0abe\u0ab0\u0abe \u0aaa\u0acd\u0ab0\u0ac0\u0aa4\u0aae \u0aaa\u0abe\u0ab8\u0ac7 \u0a9c\u0abe\u0aaf, \u0a85\u0aa8\u0ac7 \u0aa4\u0ac7\u0aa8\u0abe \u0ab9\u0acb\u0aa0\u0acb \u0aa4\u0aa5\u0abe \u0aa6\u0abe\u0a82\u0aa4 \u0a89\u0aaa\u0ab0 \u0ab8\u0ab0\u0ab3\u0aa4\u0abe\u0aa5\u0ac0 \u0aaa\u0ac7\u0a9f\u0aae\u0abe\u0a82 \u0a8a\u0aa4\u0ab0\u0ac0 \u0a9c\u0abe\u0aaf.\u201d"},{"Verseid":"21006009","Verse":"\u0ab9\u0ac1\u0a82 \u0aa4\u0ac7\u0aa8\u0ac0 \u0aaa\u0acd\u0ab0\u0ac0\u0aa4\u0aae\u0abe \u0a9b\u0ac1\u0a82 \u0a85\u0aa8\u0ac7 \u0aa4\u0ac7 \u0aae\u0abe\u0ab0\u0abe \u0aae\u0abe\u0a9f\u0ac7 \u0aa4\u0ac0\u0ab5\u0acd\u0ab0 \u0a9d\u0a82\u0a96\u0aa8\u0abe \u0ab0\u0abe\u0a96\u0ac7 \u0a9b\u0ac7."},{"Verseid":"21006010","Verse":"\u0ab9\u0ac7 \u0aae\u0abe\u0ab0\u0abe \u0aaa\u0acd\u0ab0\u0ac0\u0aa4\u0aae! \u0a9a\u0abe\u0ab2, \u0a86\u0aaa\u0aa3\u0ac7 \u0a96\u0ac7\u0aa4\u0ab0\u0aae\u0abe\u0a82 \u0a9c\u0a87\u0a8f; \u0a85\u0aa8\u0ac7 \u0a86\u0aaa\u0aa3\u0ac7 \u0a97\u0abe\u0aae\u0aa1\u0abe\u0a82\u0aae\u0abe\u0a82 \u0a89\u0aa4\u0abe\u0ab0\u0acb \u0a95\u0ab0\u0ac0\u0a8f."},{"Verseid":"21006011","Verse":"\u0a86\u0aaa\u0aa3\u0ac7 \u0ab5\u0ab9\u0ac7\u0ab2\u0abe\u0a81 \u0a8a\u0aa0\u0ac0\u0aa8\u0ac7 \u0aa6\u0acd\u0ab0\u0abe\u0a95\u0acd\u0ab7\u0abe\u0ab5\u0abe\u0aa1\u0ac0\u0a93\u0aae\u0abe\u0a82 \u0a9c\u0a87\u0a8f; \u0aa6\u0acd\u0ab0\u0abe\u0a95\u0acd\u0ab7\u0abe\u0ab5\u0ac7\u0ab2\u0abe\u0aa8\u0ac7 \u0aae\u0acb\u0ab0 \u0a86\u0ab5\u0acd\u0aaf\u0acb \u0a9b\u0ac7 \u0aa4\u0ac7\u0aa8\u0abe\u0a82 \u0aab\u0ac2\u0ab2 \u0a96\u0ac0\u0ab2\u0acd\u0aaf\u0abe\u0a82 \u0a9b\u0ac7 \u0a95\u0ac7 \u0aa8\u0ab9\u0abf, \u0aa8\u0ac7 \u0aa6\u0abe\u0aa1\u0aae\u0aa1\u0ac0\u0a93\u0aa8\u0ac7 \u0aab\u0ac2\u0ab2 \u0aac\u0ac7\u0aa0\u0abe\u0a82 \u0a9b\u0ac7 \u0a95\u0ac7 \u0aa8\u0ab9\u0abf, \u0aa4\u0ac7 \u0a86\u0aaa\u0aa3\u0ac7 \u0a9c\u0acb\u0a87\u0a8f; \u0aa4\u0acd\u0aaf\u0abe\u0a82 \u0ab9\u0ac1\u0a82 \u0aa4\u0aa8\u0ac7 \u0aae\u0abe\u0ab0\u0ac0 \u0aaa\u0acd\u0ab0\u0ac0\u0aa4\u0abf\u0aa8\u0acb \u0a85\u0aa8\u0ac1\u0aad\u0ab5 \u0a95\u0ab0\u0abe\u0ab5\u0ac0\u0ab6."},{"Verseid":"21006012","Verse":"\u0aa4\u0acd\u0aaf\u0abe\u0a82 \u0aae\u0aa6\u0aa8\u0ab5\u0ac7\u0ab2 \u0aa4\u0ac7\u0aa8\u0ac0 \u0ab8\u0ac1\u0a97\u0a82\u0aa7 \u0aaa\u0acd\u0ab0\u0ab8\u0ab0\u0abe\u0ab5\u0ac7 \u0a9b\u0ac7; \u0ab5\u0ab3\u0ac0 \u0a86\u0aaa\u0aa3\u0abe\u0a82 \u0a86\u0a82\u0a97\u0aa3\u0abe\u0aae\u0abe\u0a82 \u0ab8\u0ab0\u0acd\u0ab5 \u0aaa\u0acd\u0ab0\u0a95\u0abe\u0ab0\u0aa8\u0abe \u0a9c\u0ac2\u0aa8\u0abe \u0a85\u0aa8\u0ac7 \u0aa8\u0ab5\u0abe \u0aa4\u0ab0\u0ac7\u0ab9 \u0aa4\u0ab0\u0ac7\u0ab9\u0aa8\u0abe\u0a82 \u0aab\u0ab3\u0acb \u0a9b\u0ac7, \u0aae\u0abe\u0ab0\u0abe \u0aaa\u0acd\u0ab0\u0ac0\u0aa4\u0aae, \u0aae\u0ac7\u0a82 \u0aa4\u0ac7\u0aa8\u0ac7 \u0a95\u0abe\u0ab3\u0a9c\u0ac0 \u0aaa\u0ac2\u0ab0\u0acd\u0ab5\u0a95 \u0aa4\u0abe\u0ab0\u0abe \u0aae\u0abe\u0a9f\u0ac7 \u0ab8\u0abe\u0a9a\u0ab5\u0ac0 \u0ab0\u0abe\u0a96\u0acd\u0aaf\u0abe \u0a9b\u0ac7."}]},{"Verse":[{"Verseid":"21007000","Verse":"\u0a9c\u0acb \u0aa4\u0ac1\u0a82 \u0aae\u0abe\u0ab0\u0ac0 \u0aae\u0abe\u0a8f \u0aa7\u0ab5\u0aa1\u0abe\u0ab5\u0ac7\u0ab2\u0acb \u0aae\u0abe\u0ab0\u0acb \u0ab8\u0a97\u0acb \u0aad\u0abe\u0a87 \u0ab9\u0acb\u0aa4 \u0aa4\u0acb \u0a95\u0ac7\u0ab5\u0ac1\u0a82 \u0ab8\u0abe\u0ab0\u0ac1\u0a82 \u0aa5\u0abe\u0aa4! \u0ab9\u0ac1\u0a82 \u0aa4\u0acb \u0a95\u0acb\u0a87\u0aa8\u0ac0 \u0a9a\u0abf\u0a82\u0aa4\u0abe \u0a95\u0ab0\u0acd\u0aaf\u0abe \u0ab5\u0abf\u0aa8\u0abe \u0a9c\u0abe\u0ab9\u0ac7\u0ab0\u0aae\u0abe\u0a82 \u0aa4\u0aa8\u0ac7 \u0a9a\u0ac1\u0a82\u0aac\u0aa8 \u0a95\u0ab0\u0ac1\u0a82, \u0a85\u0aa8\u0ac7 \u0a9b\u0aa4\u0abe\u0a82 \u0a86\u0aa8\u0abe \u0aae\u0abe\u0a9f\u0ac7 \u0aae\u0aa8\u0ac7 \u0a95\u0acb\u0a87\u0a8f \u0aa7\u0abf\u0a95\u0acd\u0a95\u0abe\u0ab0\u0ac0 \u0aa8 \u0ab9\u0acb\u0aa4."},{"Verseid":"21007001","Verse":"\u0ab9\u0ac1\u0a82 \u0aa4\u0aa8\u0ac7 \u0aae\u0abe\u0ab0\u0ac0 \u0aae\u0abe\u0aa4\u0abe\u0aa8\u0abe \u0a98\u0ab0\u0aae\u0abe\u0a82 \u0ab2\u0a87 \u0a86\u0ab5\u0aa4 \u0aae\u0ac7\u0a82 \u0aa4\u0aa8\u0ac7 \u0aae\u0abe\u0ab0\u0abe \u0aa6\u0abe\u0aa1\u0aae\u0aae\u0abe\u0a82\u0aa5\u0ac0 \u0aa8\u0ac0\u0a9a\u0acb\u0ab5\u0ac7\u0ab2\u0acb \u0aae\u0ab8\u0abe\u0ab2\u0ac7\u0aa6\u0abe\u0ab0 \u0aa6\u0acd\u0ab0\u0abe\u0a95\u0acd\u0ab7\u0abe\u0ab8\u0ab5 \u0a86\u0aaa\u0acd\u0aaf\u0acb \u0ab9\u0acb\u0aa4."},{"Verseid":"21007002","Verse":"\u0aa4\u0ac7\u0aa8\u0acb \u0aa1\u0abe\u0aac\u0acb \u0ab9\u0abe\u0aa5 \u0aae\u0abe\u0ab0\u0abe \u0aae\u0ab8\u0acd\u0aa4\u0a95 \u0aa8\u0ac0\u0a9a\u0ac7 \u0ab9\u0acb\u0aa4, \u0a85\u0aa8\u0ac7 \u0a9c\u0aae\u0aa3\u0abe \u0ab9\u0abe\u0aa5\u0aa5\u0ac0 \u0aae\u0aa8\u0ac7 \u0a86\u0ab2\u0abf\u0a82\u0a97\u0aa8 \u0a95\u0ab0\u0acd\u0aaf\u0ac1\u0a82 \u0ab9\u0acb\u0aa4."},{"Verseid":"21007003","Verse":"\u0a93 \u0aaf\u0ab0\u0ac2\u0ab6\u0abe\u0ab2\u0ac7\u0aae\u0aa8\u0ac0 \u0aaf\u0ac1\u0ab5\u0aa4\u0ac0\u0a93, \u0aae\u0aa8\u0ac7 \u0ab5\u0a9a\u0aa8 \u0a86\u0aaa\u0acb \u0a95\u0ac7 \u0a9c\u0acd\u0aaf\u0abe\u0a82 \u0ab8\u0ac1\u0aa7\u0ac0 \u0aaf\u0acb\u0a97\u0acd\u0aaf \u0ab8\u0aae\u0aaf \u0aa8 \u0a86\u0ab5\u0ac7 \u0aa4\u0acd\u0aaf\u0abe\u0a82 \u0ab8\u0ac1\u0aa7\u0ac0 \u0aa4\u0aae\u0ac7 \u0aae\u0abe\u0ab0\u0abe \u0aaa\u0acd\u0ab0\u0ac0\u0aa4\u0aae\u0aa8\u0ac7 \u0a9c\u0a97\u0abe\u0aa1\u0ab6\u0acb \u0aa8\u0ab9\u0ac0\u0a82.\u201d"},{"Verseid":"21007004","Verse":"\u0aaa\u0acb\u0aa4\u0abe\u0aa8\u0abe \u0aaa\u0acd\u0ab0\u0ac0\u0aa4\u0aae \u0ab8\u0abe\u0aa5\u0ac7 \u0ab0\u0aa3\u0aae\u0abe\u0a82\u0aa5\u0ac0 \u0a86 \u0ab8\u0acd\u0aa4\u0acd\u0ab0\u0ac0 \u0a95\u0acb\u0aa3 \u0a86\u0ab5\u0ac7 \u0a9b\u0ac7?\u0ab8\u0aab\u0ab0\u0a9c\u0aa8\u0aa8\u0abe \u0ab5\u0ac3\u0a95\u0acd\u0ab7 \u0aa8\u0ac0\u0a9a\u0ac7 \u0aa4\u0abe\u0ab0\u0ac0 \u0aae\u0abe\u0aa4\u0abe \u0aaa\u0acd\u0ab0\u0ab8\u0ac1\u0aa4\u0abf\u0aaa\u0ac0\u0aa1\u0abe \u0a85\u0aa8\u0ac1\u0aad\u0ab5\u0aa4\u0ac0 \u0ab9\u0aa4\u0ac0 \u0a85\u0aa8\u0ac7 \u0aa4\u0ac7\u0aa3\u0ac7 \u0aa4\u0acd\u0aaf\u0abe\u0a82 \u0a9c\u0aa8\u0acd\u0aae \u0a86\u0aaa\u0acd\u0aaf\u0acb\u2019 \u0ab9\u0aa4\u0acb \u0a8f \u0ab5\u0ac3\u0a95\u0acd\u0ab7 \u0aa8\u0ac0\u0a9a\u0ac7 \u0a9c \u0aae\u0ac7\u0a82 \u0aa4\u0abe\u0ab0\u0abe \u0aaa\u0acd\u0ab0\u0ac7\u0aae\u0aa8\u0ac7 \u0a9c\u0abe\u0a97\u0ac3\u0aa4 \u0a95\u0ab0\u0acd\u0aaf\u0acb \u0a9b\u0ac7.\u201d"},{"Verseid":"21007005","Verse":"\u0aae\u0aa8\u0ac7 \u0aa4\u0abe\u0ab0\u0abe \u0ab9\u0ac3\u0aa6\u0aaf\u0aa8\u0ac0 \u0aae\u0ac1\u0aa6\u0acd\u0ab0\u0abe \u0aa4\u0ab0\u0ac0\u0a95\u0ac7 \u0a85\u0aa5\u0ab5\u0abe \u0aa4\u0abe\u0ab0\u0abe \u0ab9\u0abe\u0aa5 \u0aaa\u0ab0\u0aa8\u0ac0 \u0ab5\u0ac0\u0a82\u0a9f\u0ac0 \u0aa4\u0ab0\u0ac0\u0a95\u0ac7 \u0aae\u0aa8\u0ac7 \u0ab8\u0acd\u0aa5\u0abe\u0aaa\u0aa8 \u0a95\u0ab0. \u0a95\u0abe\u0ab0\u0aa3\u0a95\u0ac7 \u0aaa\u0acd\u0ab0\u0ac7\u0aae \u0aae\u0ac3\u0aa4\u0acd\u0aaf\u0ac1 \u0ab8\u0aae\u0abe\u0aa8 \u0aac\u0ab3\u0ab5\u0abe\u0aa8 \u0a9b\u0ac7 \u0a85\u0aa8\u0ac7 \u0a87\u0ab0\u0acd\u0ab7\u0abe \u0a95\u0aac\u0ab0 \u0a9c\u0ac7\u0ab5\u0ac0 \u0a95\u0acd\u0ab0\u0ac2\u0ab0 \u0a9b\u0ac7, \u0a85\u0aa4\u0abf \u0aaa\u0acd\u0ab0\u0a9c\u0ab5\u0ab2\u0abf\u0aa4 \u0a86\u0a97\u0aa8\u0ac0 \u0a9c\u0ac7\u0aae \u0aa4\u0ac7 \u0aad\u0aa1\u0a95\u0ac7 \u0aac\u0ab3\u0ac7 \u0a9b\u0ac7 \u0a85\u0aa8\u0ac7 \u0aa4\u0ac7\u0aa8\u0ac0 \u0a9c\u0ab5\u0abe\u0ab3\u0abe \u0a98\u0aa3\u0ac0 \u0aaa\u0acd\u0ab0\u0aac\u0ab3 \u0a9b\u0ac7."},{"Verseid":"21007006","Verse":"\u0aa7\u0ab8\u0aae\u0ab8\u0aa4\u0abe\u0a82 \u0aaa\u0abe\u0aa3\u0ac0\u0aa8\u0acb \u0aaa\u0acd\u0ab0\u0ab5\u0abe\u0ab9 \u0aaa\u0acd\u0ab0\u0ac7\u0aae\u0a9c\u0ab5\u0abe\u0ab2\u0abe\u0aa8\u0ac7 \u0ab9\u0acb\u0ab2\u0ab5\u0ac0 \u0ab6\u0a95\u0ac7 \u0aa8\u0ab9\u0abf, \u0a9c\u0ab3\u0aaa\u0acd\u0ab0\u0ab2\u0aaf\u0aa8\u0abe \u0aaa\u0abe\u0aa3\u0ac0 \u0a8f\u0aa8\u0ac7 \u0a96\u0ac7\u0a82\u0a9a\u0ac0 \u0a9c\u0aa4\u0abe\u0a82 \u0aa8\u0aa5\u0ac0! \u0a9c\u0ac7 \u0ab5\u0acd\u0aaf\u0a95\u0abf\u0aa4 \u0aaa\u0acd\u0ab0\u0ac7\u0aae\u0aa8\u0ac7 \u0a96\u0ab0\u0ac0\u0aa6\u0ab5\u0abe\u0aa8\u0acb \u0aaa\u0acd\u0ab0\u0aaf\u0aa4\u0acd\u0aa8 \u0a95\u0ab0\u0ac7 \u0a9b\u0ac7 \u0aa4\u0ac7\u0aa8\u0ac7 \u0ab2\u0acb\u0a95\u0acb \u0aa7\u0abf\u0a95\u0acd\u0a95\u0abe\u0ab0\u0ac7 \u0a9b\u0ac7. \u0aaa\u0a9b\u0ac0 \u0aad\u0ab2\u0ac7\u0aa8\u0ac7 \u0aa4\u0ac7\u0aa3\u0ac7 \u0aaa\u0acb\u0aa4\u0abe\u0aa8\u0ac0 \u0ab8\u0a98\u0ab3\u0ac0 \u0ab8\u0a82\u0aaa\u0aa4\u0abf \u0a86\u0aaa\u0ac0 \u0aa6\u0ac0\u0aa7\u0ac0 \u0ab9\u0acb\u0aaf \u0aa4\u0acb \u0aaa\u0aa3."},{"Verseid":"21007007","Verse":"\u0a85\u0aae\u0abe\u0ab0\u0ac7 \u0a8f\u0a95 \u0aa8\u0abe\u0aa8\u0ac0 \u0aac\u0ab9\u0ac7\u0aa8 \u0a9b\u0ac7, \u0ab9\u0a9c\u0ac0 \u0aa4\u0acb \u0a8f\u0aa8\u0abe\u0a82 \u0aa5\u0abe\u0aa8 \u0aaa\u0aa3 \u0a89\u0aaa\u0ab8\u0acd\u0aaf\u0abe\u0a82 \u0aa8\u0aa5\u0ac0, \u0ab9\u0ab5\u0ac7 \u0a8f\u0aa8\u0ac0 \u0ab8\u0a97\u0abe\u0a87\u0aa8\u0ac0 \u0ab5\u0abe\u0aa4 \u0ab2\u0a87\u0aa8\u0ac7 \u0a95\u0acb\u0a87 \u0a86\u0ab5\u0ac7 \u0aa4\u0acb \u0a85\u0aae\u0abe\u0ab0\u0ac0 \u0aac\u0ab9\u0ac7\u0aa8 \u0aae\u0abe\u0a9f\u0ac7 \u0a85\u0aae\u0ac7 \u0ab6\u0ac1\u0a82 \u0a95\u0ab0\u0ac0\u0a8f?\u201d"},{"Verseid":"21007008","Verse":"\u0a9c\u0acb \u0aa4\u0ac7 \u0aa6\u0ac0\u0ab5\u0abe\u0ab2 \u0ab9\u0acb\u0aaf \u0aa4\u0acb, \u0a85\u0aae\u0ac7 \u0aa4\u0ac7\u0aa8\u0ac7 \u0a9a\u0abe\u0a82\u0aa6\u0ac0\u0aa5\u0ac0 \u0ab6\u0aa3\u0a97\u0abe\u0ab0\u0ab6\u0ac1\u0a82 \u0a85\u0aa8\u0ac7 \u0a9c\u0acb \u0aa4\u0ac7 \u0aaa\u0acd\u0ab0\u0ab5\u0ac7\u0ab6\u0aa6\u0acd\u0ab5\u0abe\u0ab0 \u0ab9\u0acb\u0aaf \u0aa4\u0acb \u0a85\u0aae\u0ac7 \u0aa4\u0ac7\u0aa8\u0ac7 \u0aaa\u0abe\u0a9f\u0ac0\u0aaf\u0abe \u0ab5\u0aa1\u0ac7 \u0aa2\u0abe\u0a82\u0a95\u0ac0\u0aa8\u0ac7 \u0aae\u0aa2\u0ac0 \u0aa6\u0a87\u0a8f.\u201d"},{"Verseid":"21007009","Verse":"\u0ab9\u0ac1\u0a82 \u0aa6\u0ac0\u0ab5\u0abe\u0ab2 \u0a9b\u0ac1\u0a82 \u0a85\u0aa8\u0ac7 \u0aae\u0abe\u0ab0\u0abe \u0aa5\u0abe\u0aa8 \u0aac\u0ac1\u0ab0\u0a9c\u0acb \u0a9c\u0ac7\u0ab5\u0abe\u0a81 \u0a9b\u0ac7, \u0aa4\u0ac7\u0aa8\u0ac0 \u0aa6\u0acd\u0ab0\u0ab7\u0acd\u0a9f\u0abf\u0aae\u0abe\u0a82 \u0ab9\u0ac1\u0a82 \u0aa4\u0ac7\u0aa8\u0ac7 \u0ab8\u0a82\u0aa4\u0acb\u0ab7 \u0ab6\u0abe\u0a82\u0aa4\u0abf \u0ab2\u0abe\u0ab5\u0ac0 \u0ab6\u0a95\u0ac1\u0a82 \u0aa4\u0ac7\u0ab5\u0ac0 \u0a9b\u0ac1\u0a82."},{"Verseid":"21007010","Verse":"\u0ab8\u0ac1\u0ab2\u0ac7\u0aae\u0abe\u0aa8\u0aa8\u0ac0 \u0aac\u0a86\u0ab2 \u0ab9\u0abe\u0aae\u0acb\u0aa8\u0aae\u0abe\u0a82 \u0a8f\u0a95 \u0aa6\u0acd\u0ab0\u0abe\u0a95\u0acd\u0ab7\u0abe\u0ab5\u0abe\u0aa1\u0ac0 \u0ab9\u0aa4\u0ac0 \u0a9c\u0ac7 \u0aa4\u0ac7\u0aa3\u0ac7 \u0a96\u0ac7\u0aa1\u0ac2\u0aa4\u0acb\u0aa8\u0ac7 \u0aad\u0abe\u0aa1\u0ac7 \u0a86\u0aaa\u0ac0 \u0aa6\u0ab0\u0ac7\u0a95 \u0a96\u0ac7\u0aa1\u0ac2\u0aa4\u0aa8\u0ac7 \u0aa4\u0ac7 \u0aaa\u0ac7\u0a9f\u0ac7 \u0a9a\u0abe\u0a82\u0aa6\u0ac0\u0aa8\u0abe \u0a8f\u0a95 \u0ab9\u0a9c\u0abe\u0ab0 \u0ab8\u0abf\u0a95\u0acd\u0a95\u0abe \u0ab2\u0abe\u0ab5\u0ac0\u0aa8\u0ac7 \u0a86\u0aaa\u0ab5\u0abe\u0aa8\u0abe \u0ab9\u0aa4\u0abe."},{"Verseid":"21007011","Verse":"\u0aae\u0abe\u0ab0\u0ac0 \u0aa6\u0acd\u0ab0\u0abe\u0a95\u0acd\u0ab7\u0abe\u0ab5\u0abe\u0aa1\u0ac0 \u0aae\u0abe\u0ab0\u0ac0 \u0aaa\u0acb\u0aa4\u0abe\u0aa8\u0ac0 \u0a9b\u0ac7. \u0ab9\u0ac7 \u0ab8\u0ac1\u0ab2\u0ac7\u0aae\u0abe\u0aa8, \u0aa4\u0ac1\u0a82 \u0aa4\u0abe\u0ab0\u0abe \u0ab9\u0a9c\u0abe\u0ab0 \u0ab6\u0ac7\u0a95\u0ac7\u0ab2 \u0ab0\u0abe\u0a96\u0ac0 \u0ab2\u0ac7 \u0a85\u0aa8\u0ac7 \u0aad\u0ab2\u0ac7 \u0aa6\u0ab0\u0ac7\u0a95 \u0a96\u0ac7\u0aa1\u0ac2\u0aa4 \u0aaa\u0abe\u0ab8\u0ac7 \u0aac\u0ab8\u0acd\u0ab8\u0acb \u0ab6\u0ac7\u0a95\u0ac7\u0ab2 \u0ab0\u0ab9\u0ac7.\u201d"},{"Verseid":"21007012","Verse":"\u0ab9\u0ac7 \u0aac\u0a97\u0ac0\u0a9a\u0abe\u0a93\u0aae\u0abe\u0a82 \u0ab5\u0ab8\u0aa8\u0abe\u0ab0\u0ac0, \u0aae\u0abe\u0ab0\u0abe \u0aae\u0abf\u0aa4\u0acd\u0ab0\u0acb \u0aa4\u0abe\u0ab0\u0acb \u0a85\u0ab5\u0abe\u0a9c \u0ab8\u0abe\u0a82\u0aad\u0ab3\u0ac0 \u0ab0\u0ab9\u0acd\u0aaf\u0abe\u0a82 \u0a9b\u0ac7, \u0aae\u0aa8\u0ac7 \u0aaa\u0aa3 \u0ab8\u0abe\u0a82\u0aad\u0ab3\u0ab5\u0abe \u0aa6\u0ac7."},{"Verseid":"21007013","Verse":"\u0ab9\u0ac7 \u0aae\u0abe\u0ab0\u0abe \u0aaa\u0acd\u0ab0\u0ac0\u0aa4\u0aae, \u0aa4\u0ac1\u0a82 \u0ab5\u0ab9\u0ac7\u0ab2\u0acb \u0a86\u0ab5. \u0ab8\u0ac1\u0a97\u0a82\u0aa7\u0ac0 \u0aa6\u0acd\u0ab0\u0ab5\u0acd\u0aaf\u0acb\u0aa8\u0abe \u0aaa\u0ab0\u0acd\u0ab5\u0aa4 \u0aaa\u0ab0 \u0aa4\u0ac1\u0a82 \u0ab9\u0ab5\u0ac7 \u0ab8\u0abe\u0aac\u0ab0\u0ac0 \u0a9c\u0ac7\u0ab5\u0acb \u0aac\u0aa8 \u0a85\u0aa5\u0ab5\u0abe \u0aaf\u0ac1\u0ab5\u0abe\u0aa8 \u0ab9\u0ab0\u0aa3 \u0a9c\u0ac7\u0ab5\u0acb \u0aac\u0aa8. \ufeff"}]}]}