{"Chapter":[{"Verse":[{"Verseid":"24000000","Verse":"\u0a8f \u0ab6\u0ab9\u0ac7\u0ab0 \u0a95\u0ac7\u0ab5\u0ac1\u0a82 \u0a8f\u0a95\u0ab2\u0ab5\u0abe\u0aaf\u0ac1\u0a82 \u0aaa\u0aa1\u0ac0 \u0ab0\u0ab9\u0acd\u0aaf\u0ac1\u0a82 \u0a9b\u0ac7! \u0a9c\u0ac7 \u0a8f\u0a95 \u0ab5\u0abe\u0ab0 \u0ab2\u0acb\u0a95\u0acb\u0aa5\u0ac0 \u0aa7\u0aae\u0aa7\u0aae\u0aa4\u0ac1\u0a82 \u0ab9\u0aa4\u0ac1\u0a82, \u0aa6\u0ac7\u0ab6\u0ab5\u0abf\u0aa6\u0ac7\u0ab6\u0aae\u0abe\u0a82 \u0aae\u0ab9\u0abe\u0aa8 \u0a97\u0aa3\u0abe\u0aa4\u0ac1\u0a82 \u0ab9\u0aa4\u0ac1, \u0aa4\u0ac7 \u0ab6\u0abe \u0aae\u0abe\u0a9f\u0ac7 \u0ab5\u0abf\u0aa7\u0ab5\u0abe \u0a9c\u0ac7\u0ab5\u0ac1\u0a82 \u0aa5\u0a87 \u0a97\u0aaf\u0ac1? \u0a9c\u0ac7 \u0ab6\u0ab9\u0ac7\u0ab0\u0acb\u0aa8\u0ac0 \u0aae\u0ab9\u0abe\u0ab0\u0abe\u0aa3\u0ac0 \u0a9c\u0ac7\u0ab5\u0ac1\u0a82 \u0ab9\u0aa4\u0ac1\u0a82, \u0aa4\u0ac7 \u0aac\u0ac0\u0a9c\u0ac0 \u0aaa\u0acd\u0ab0\u0a9c\u0abe\u0a93\u0aa8\u0ac1\u0a82 \u0a97\u0ac1\u0ab2\u0abe\u0aae \u0a95\u0ac7\u0aae \u0aa5\u0a87 \u0a97\u0aaf\u0ac1?"},{"Verseid":"24000001","Verse":"\u0aa4\u0ac7 \u0ab0\u0abe\u0aa4\u0acd\u0ab0\u0ac7 \u0aaa\u0acb\u0a95 \u0aae\u0ac2\u0a95\u0ac0 \u0ab0\u0aa1\u0ac7 \u0a9b\u0ac7, \u0aa8\u0ac7 \u0aa4\u0ac7\u0aa8\u0abe \u0a97\u0abe\u0ab2\u0ac7 \u0a85\u0ab6\u0acd\u0ab0\u0ac1\u0aa7\u0abe\u0ab0\u0abe \u0ab5\u0ab9\u0ac7 \u0a9b\u0ac7; \u0a86\u0ab6\u0acd\u0ab5\u0abe\u0ab8\u0aa8 \u0a86\u0aaa\u0aa8\u0abe\u0ab0 \u0a95\u0acb\u0a87 \u0ab0\u0ab9\u0acd\u0aaf\u0ac1\u0a82 \u0aa8\u0aa5\u0ac0, \u0aa4\u0ac7\u0aa3\u0ac0\u0aa8\u0abe \u0aae\u0abf\u0aa4\u0acd\u0ab0\u0acb\u0a8f \u0aa4\u0ac7\u0aa8\u0ac7 \u0a9b\u0ac7\u0aa4\u0ab0\u0ac0 \u0a9b\u0ac7 \u0a85\u0aa8\u0ac7 \u0aa4\u0ac7\u0aa3\u0ac0 \u0a9c\u0ac7\u0a93\u0aa8\u0ac7 \u0a9a\u0abe\u0ab9\u0ac7 \u0a9b\u0ac7 \u0aa4\u0ac7\u0a93 \u0aa4\u0ac7\u0aa8\u0abe \u0ab6\u0aa4\u0acd\u0ab0\u0ac1 \u0aa5\u0aaf\u0abe \u0a9b\u0ac7."},{"Verseid":"24000002","Verse":"\u0aa4\u0ac7\u0a93 \u0ab5\u0abf\u0aa6\u0ac7\u0ab6\u0ac0 \u0aaa\u0acd\u0ab0\u0a9c\u0abe\u0a93 \u0ab5\u0a9a\u0acd\u0a9a\u0ac7 \u0ab8\u0acd\u0aa5\u0abf\u0ab0 \u0aa5\u0aaf\u0abe \u0a9b\u0ac7. \u0a85\u0aa8\u0ac7 \u0aa4\u0ac7\u0aae\u0aa8\u0ac0 \u0aaa\u0abe\u0ab8\u0ac7 \u0ab5\u0abf\u0ab6\u0acd\u0ab0\u0abe\u0aae\u0aa8\u0ac1\u0a82 \u0ab8\u0acd\u0aa5\u0ab3 \u0aa8\u0aa5\u0ac0. \u0aaf\u0ab9\u0ac2\u0aa6\u0abe\u0aa8\u0ac0 \u0aaa\u0acd\u0ab0\u0a9c\u0abe \u0aa6\u0ac7\u0ab6\u0ab5\u0a9f\u0ac7 \u0a97\u0a87 \u0a9b\u0ac7. \u0aa4\u0ac7\u0aae\u0aa8\u0ac7 \u0ab8\u0a96\u0aa4 \u0aaa\u0ab0\u0abf\u0ab6\u0acd\u0ab0\u0aae \u0a95\u0ab0\u0ab5\u0abe \u0aae\u0abe\u0a9f\u0ac7 \u0aae\u0a9c\u0aac\u0ac2\u0ab0 \u0a95\u0ab0\u0abe\u0aaf \u0a9b\u0ac7. \u0a9c\u0ac7\u0a93\u0a8f \u0aa4\u0ac7\u0aae\u0aa8\u0acb \u0aaa\u0ac0\u0a9b\u0acb \u0a95\u0ab0\u0acd\u0aaf\u0acb \u0ab9\u0aa4\u0acb \u0aa4\u0ac7\u0aae\u0aa3\u0ac7 \u0aa4\u0ac7\u0a93\u0aa8\u0ac7 \u0aaa\u0a95\u0aa1\u0ac0 \u0ab2\u0ac0\u0aa7\u0abe \u0a9b\u0ac7. \u0aa4\u0ac7\u0a93 \u0aad\u0abe\u0a97\u0ac0 \u0ab6\u0a95\u0acd\u0aaf\u0abe \u0aa8\u0ab9\u0abf."},{"Verseid":"24000003","Verse":"\u0ab8\u0abf\u0aaf\u0acb\u0aa8\u0aa8\u0abe \u0aae\u0abe\u0a97\u0acb\u0ab0\u0acd \u0a86\u0a95\u0acd\u0ab0\u0a82\u0aa6 \u0a95\u0ab0\u0ac7 \u0a9b\u0ac7, \u0aa4\u0acd\u0aaf\u0abe\u0a82 \u0a95\u0acb\u0a87 \u0a89\u0aa4\u0acd\u0ab8\u0ab5\u0acb\u0aae\u0abe\u0a82 \u0a86\u0ab5\u0aa4\u0ac1\u0a82 \u0aa8\u0aa5\u0ac0; \u0aa4\u0ac7\u0aa8\u0abe \u0aa6\u0ab0\u0ab5\u0abe\u0a9c\u0abe \u0a89\u0a9c\u0acd\u0a9c\u0aa1 \u0aa5\u0a87 \u0a97\u0aaf\u0abe \u0a9b\u0ac7, \u0aa8\u0ac7 \u0aa4\u0ac7\u0aa8\u0abe \u0aaf\u0abe\u0a9c\u0a95\u0acb \u0a86\u0ab0\u0acd\u0aa4\u0aa8\u0abe\u0aa6 \u0a95\u0ab0\u0ac7 \u0a9b\u0ac7; \u0aa4\u0ac7\u0aa8\u0ac0 \u0a95\u0ac1\u0aae\u0abe\u0ab0\u0abf\u0a95\u0abe\u0a93 \u0a85\u0aa4\u0abf \u0a89\u0aa6\u0abe\u0ab8 \u0aa5\u0a87 \u0a97\u0a87 \u0a9b\u0ac7, \u0a85\u0aa8\u0ac7 \u0aa4\u0ac7 \u0ab6\u0ab9\u0ac7\u0ab0 \u0aa4\u0ac7\u0aa8\u0ac0 \u0a95\u0aa1\u0ab5\u0abe\u0ab6 \u0a85\u0aa8\u0ac1\u0aad\u0ab5\u0ac7 \u0a9b\u0ac7."},{"Verseid":"24000004","Verse":"\u0aa4\u0ac7 \u0ab6\u0ab9\u0ac7\u0ab0\u0aa8\u0abe \u0ab6\u0aa4\u0acd\u0ab0\u0ac1\u0a93 \u0aa4\u0ac7\u0aa8\u0abe \u0ab0\u0abe\u0a9c\u0a95\u0ab0\u0acd\u0aa4\u0abe \u0aa5\u0a87 \u0a97\u0aaf\u0abe \u0a85\u0aa8\u0ac7 \u0aa4\u0ac7 \u0ab6\u0aa4\u0acd\u0ab0\u0ac1\u0a93 \u0ab8\u0aae\u0ac3\u0aa6\u0acd\u0aa7 \u0aa5\u0aaf\u0abe, \u0aa4\u0ac7\u0aae\u0aa8\u0abe\u0a82 \u0a85\u0ab8\u0a82\u0a96\u0acd\u0aaf \u0aaa\u0abe\u0aaa\u0acb\u0aa8\u0abe \u0ab2\u0ac0\u0aa7\u0ac7 \u0aaf\u0ab9\u0acb\u0ab5\u0abe\u0a8f \u0aa4\u0ac7\u0aae\u0aa8\u0ac7 \u0ab6\u0abf\u0a95\u0acd\u0ab7\u0abe \u0a95\u0ab0\u0ac0 \u0a85\u0aa8\u0ac7 \u0aa4\u0ac7\u0aae\u0aa8\u0ac7 \u0a96\u0ac2\u0aac \u0aa6\u0ac1:\u0a96 \u0a89\u0aa0\u0abe\u0ab5\u0ab5\u0abe \u0aaa\u0aa1\u0acd\u0aaf\u0abe. \u0aa4\u0ac7\u0a93\u0a8f \u0aa4\u0ac7 \u0ab6\u0ab9\u0ac7\u0ab0\u0aa8\u0abe \u0ab2\u0acb\u0a95\u0acb\u0aa8\u0ac7 \u0aaa\u0a95\u0aa1\u0ac0\u0aa8\u0ac7 \u0aa4\u0ac7\u0aae\u0aa8\u0ac7 \u0aa4\u0ac7\u0aae\u0aa8\u0abe \u0aac\u0a82\u0aa6\u0ac0 \u0aac\u0aa8\u0abe\u0ab5\u0aa8\u0abe\u0ab0\u0aa8\u0ac0 \u0ab8\u0abe\u0aae\u0ac7 \u0a95\u0ac2\u0a9a \u0a95\u0ab0\u0abe\u0ab5\u0aa1\u0abe\u0ab5\u0ac0\u0aa8\u0ac7 \u0aac\u0a82\u0aa6\u0ac0\u0ab5\u0abe\u0ab8 \u0a95\u0ab0\u0acd\u0aaf\u0abe."},{"Verseid":"24000005","Verse":"\u0ab8\u0abf\u0aaf\u0acb\u0aa8\u0aa8\u0abe \u0aac\u0aa7\u0abe \u0aae\u0ab9\u0aa4\u0acd\u0ab5\u0aa8\u0abe \u0ab2\u0acb\u0a95\u0acb\u0a8f \u0aa4\u0ac7\u0aa8\u0ac7 \u0a9b\u0acb\u0aa1\u0ac0 \u0aa6\u0ac0\u0aa7\u0ac0 \u0a9b\u0ac7. \u0ab8\u0ab0\u0aa6\u0abe\u0ab0\u0acb \u0a9a\u0abe\u0ab0\u0abe \u0ab5\u0a97\u0ab0\u0aa8\u0abe\u0a82 \u0ab9\u0ab0\u0aa3\u0acb \u0a9c\u0ac7\u0ab5\u0abe; \u0a85\u0aa8\u0ac7 \u0aa4\u0ac7\u0aae\u0aa8\u0ac7 \u0a9c\u0ac7\u0a93 \u0aaa\u0a95\u0aa1\u0ac7 \u0a9b\u0ac7 \u0aa4\u0ac7\u0aae\u0aa8\u0abe\u0aa5\u0ac0 \u0aa6\u0ac2\u0ab0 \u0aad\u0abe\u0a97\u0ac0 \u0a9c\u0ab5\u0abe\u0aa8\u0ac0 \u0ab6\u0a95\u0abf\u0aa4 \u0ab5\u0a97\u0ab0\u0aa8\u0abe \u0aa5\u0a87 \u0a97\u0aaf\u0abe \u0a9b\u0ac7."},{"Verseid":"24000006","Verse":"\u0aaa\u0acb\u0aa4\u0abe\u0aa8\u0abe \u0aa6\u0ac1:\u0a96 \u0ab8\u0a82\u0aa4\u0abe\u0aaa\u0aa8\u0abe\u0a82 \u0aa6\u0abf\u0ab5\u0ab8\u0acb\u0aae\u0abe\u0a82, \u0aaf\u0ab0\u0ac2\u0ab6\u0abe\u0ab2\u0ac7\u0aae \u0a85\u0aa4\u0ac0\u0aa4\u0aa8\u0ac0 \u0ab8\u0aae\u0ac3\u0aa6\u0acd\u0aa7\u0abf \u0ab8\u0a82\u0aad\u0abe\u0ab0\u0ac7 \u0a9b\u0ac7. \u0aa4\u0ac7\u0aa8\u0abe \u0ab2\u0acb\u0a95\u0acb \u0ab6\u0aa4\u0acd\u0ab0\u0ac1\u0aa8\u0abe \u0ab9\u0abe\u0aa5\u0aae\u0abe\u0a82 \u0aaa\u0aa1\u0acd\u0aaf\u0abe \u0a9b\u0ac7. \u0a95\u0acb\u0a87 \u0aa4\u0ac7\u0aa8\u0ac0 \u0ab8\u0abe\u0aa5\u0ac7 \u0a9c\u0aa8\u0abe\u0ab0 \u0aa8\u0aa5\u0ac0 \u0aa4\u0ac7\u0aa5\u0ac0 \u0ab6\u0aa4\u0acd\u0ab0\u0ac1\u0a93 \u0aa4\u0ac7\u0aa8\u0ac0 \u0aaa\u0abe\u0aaf\u0aae\u0abe\u0ab2\u0ac0 \u0a9c\u0acb\u0a87 \u0a89\u0aaa\u0ab9\u0abe\u0ab8 \u0a95\u0ab0\u0ac7 \u0a9b\u0ac7."},{"Verseid":"24000007","Verse":"\u0aaf\u0ab0\u0ac2\u0ab6\u0abe\u0ab2\u0ac7\u0aae\u0ac7 \u0a98\u0acb\u0ab0 \u0a85\u0aaa\u0ab0\u0abe\u0aa7 \u0a95\u0ab0\u0acd\u0aaf\u0acb \u0a9b\u0ac7, \u0aa4\u0ac7\u0aa5\u0ac0 \u0a9c \u0aa4\u0ac7 \u0a85\u0ab6\u0ac1\u0aa6\u0acd\u0aa7 \u0ab8\u0acd\u0aa4\u0acd\u0ab0\u0ac0\u0aa8\u0ac0 \u0a9c\u0ac7\u0aae \u0aa5\u0a87 \u0aaa\u0aa1\u0acd\u0aaf\u0ac1\u0a82 \u0a9b\u0ac7. \u0a9c\u0ac7\u0a93 \u0aa4\u0ac7\u0aa8\u0ac7 \u0aae\u0abe\u0aa8 \u0a86\u0aaa\u0aa4\u0abe \u0ab9\u0aa4\u0abe \u0aa4\u0ac7\u0a93 \u0aa4\u0ac7\u0aa8\u0ac7 \u0aa4\u0ac1\u0a9a\u0acd\u0a9b \u0a97\u0aa3\u0ac7 \u0a9b,\u0ac7 \u0a95\u0abe\u0ab0\u0aa3 \u0a95\u0ac7, \u0aa4\u0ac7\u0a93\u0a8f \u0aa4\u0ac7\u0aa8\u0ac0 \u0aa8\u0a97\u0acd\u0aa8\u0aa4\u0abe \u0a9c\u0acb\u0a87 \u0ab2\u0ac0\u0aa7\u0ac0 \u0a9b\u0ac7. \u0a85\u0aa8\u0ac7 \u0aa4\u0ac7 \u0aaa\u0acb\u0aa4\u0ac7 \u0aae\u0acb\u0a82 \u0ab8\u0a82\u0aa4\u0abe\u0aa1\u0ac0\u0aa8\u0ac7 \u0aa8\u0abf\u0ab8\u0abe\u0ab8\u0abe \u0aa8\u0abe\u0a96\u0acd\u0aaf\u0abe \u0a95\u0ab0\u0ac7 \u0a9b\u0ac7."},{"Verseid":"24000008","Verse":"\u0aa4\u0ac7\u0aa3\u0ac0\u0aa8\u0ac0 \u0a85\u0ab6\u0ac1\u0aa6\u0acd\u0aa7\u0aa4\u0abe \u0aa4\u0ac7\u0aa8\u0abe \u0a9d\u0aad\u0acd\u0aad\u0abe\u0aa8\u0ac0 \u0a95\u0abf\u0aa8\u0abe\u0ab0\u0ac0 \u0ab8\u0ac1\u0aa7\u0ac0 \u0aab\u0ac7\u0ab2\u0abe\u0a87 \u0a97\u0a87 \u0ab9\u0aa4\u0ac0, \u0a9c\u0ac7\u0a93 \u0aa4\u0ac7\u0aa8\u0ac7 \u0aaa\u0ab9\u0ac7\u0ab2\u0abe \u0aae\u0abe\u0aa8 \u0a86\u0aaa\u0aa4\u0abe\u0a82 \u0ab9\u0aa4\u0abe, \u0a85\u0aa4\u0acd\u0aaf\u0abe\u0ab0\u0ac7 \u0aa4\u0ac7\u0aa8\u0ac7 \u0aa8\u0abe\u0aaa\u0ab8\u0a82\u0aa6 \u0a95\u0ab0\u0ac7 \u0a9b\u0ac7, \u0a95\u0abe\u0ab0\u0aa3 \u0a95\u0ac7 \u0aa4\u0ac7\u0a93\u0a8f \u0aa4\u0ac7\u0aa8\u0ac0 \u0aa8\u0a97\u0acd\u0aa8\u0aa4\u0abe\u0aa8\u0ac7 \u0a9c\u0acb\u0a87 \u0a9b\u0ac7. \u0a85\u0aa8\u0ac7 \u0aa4\u0ac7 \u0aaa\u0acb\u0aa4\u0ac7 \u0a9c \u0aa8\u0abf\u0ab8\u0abe\u0ab8\u0abe \u0aa8\u0abe\u0a96\u0ac7 \u0a9b\u0ac7 \u0a85\u0aa8\u0ac7 \u0aaa\u0acb\u0aa4\u0abe\u0aa8\u0ac1\u0a82 \u0aae\u0acb\u0aa2\u0ac1\u0a82 \u0aab\u0ac7\u0ab0\u0ab5\u0ac0 \u0ab2\u0ac7 \u0a9b\u0ac7."},{"Verseid":"24000009","Verse":"\u0aac\u0aa7\u0ac0 \u0a95\u0abf\u0a82\u0aae\u0aa4\u0ac0 \u0ab5\u0ab8\u0acd\u0aa4\u0ac1\u0a93 \u0aaa\u0ab0 \u0ab6\u0aa4\u0acd\u0ab0\u0ac1\u0a8f \u0aaa\u0acb\u0aa4\u0abe\u0aa8\u0acb \u0ab9\u0abe\u0aa5 \u0aae\u0ac2\u0a95\u0acd\u0aaf\u0acb \u0a9b\u0ac7, \u0aa8\u0ac7 \u0aa4\u0ac7\u0aa3\u0ac7 \u0aaa\u0acb\u0aa4\u0abe\u0aa8\u0abe \u0aae\u0a82\u0aa6\u0abf\u0ab0\u0aae\u0abe\u0a82 \u0ab5\u0abf\u0aa7\u0aae\u0ac0\u0ab0\u0acd \u0aaa\u0acd\u0ab0\u0a9c\u0abe\u0aa8\u0ac7 \u0aaa\u0acd\u0ab0\u0ab5\u0ac7\u0ab6 \u0a95\u0ab0\u0aa4\u0ac0 \u0a9c\u0acb\u0a87 \u0a9b\u0ac7; \u0a9c\u0acd\u0aaf\u0abe\u0a82 \u0aaf\u0ab9\u0acb\u0ab5\u0abe\u0a8f \u0aa4\u0ac7 \u0ab5\u0abf\u0aa6\u0ac7\u0ab6\u0ac0\u0a93\u0aa8\u0ac7 \u0aaa\u0acd\u0ab0\u0ab5\u0ac7\u0ab6\u0ab5\u0abe\u0aa8\u0ac0 \u0aae\u0aa8\u0abe\u0a87 \u0a95\u0ab0\u0ac0 \u0ab9\u0aa4\u0ac0."},{"Verseid":"24000010","Verse":"\u0aa4\u0ac7\u0aa8\u0abe \u0aac\u0aa7\u0abe \u0ab2\u0acb\u0a95\u0acb \u0a86\u0ab0\u0acd\u0aa4\u0aa8\u0abe\u0aa6 \u0a95\u0ab0\u0ac7 \u0a9b\u0ac7. \u0aa4\u0ac7\u0a93 \u0ab0\u0acb\u0a9f\u0ab2\u0abe\u0aa8\u0ac0 \u0aad\u0ac0\u0a96 \u0aae\u0abe\u0a82\u0a97\u0ac7 \u0a9b\u0ac7. \u0a9d\u0ab5\u0ac7\u0ab0\u0abe\u0aa4 \u0a86\u0aaa\u0ac0 \u0a85\u0aa8\u0acd\u0aa8 \u0a96\u0ab0\u0ac0\u0aa6\u0ac7 \u0a9b\u0ac7; \u0aa8\u0ac7 \u0aad\u0ac2\u0a96 \u0ab6\u0aae\u0abe\u0ab5\u0ac0, \u0aa8\u0a97\u0ab0\u0ac0 \u0aaa\u0acb\u0a95\u0abe\u0ab0\u0ac7 \u0a9b\u0ac7, \u0ab9\u0ac7 \u0aaf\u0ab9\u0acb\u0ab5\u0abe, \u0aa8\u0a9c\u0ab0 \u0a95\u0ab0\u0acb \u0a85\u0aa8\u0ac7 \u0a9c\u0ac1\u0a93; \u0aae\u0ac1\u0a9c \u0a85\u0aa7\u0aae\u0aa8\u0acb \u0a95\u0ac7\u0ab5\u0acb \u0aa4\u0abf\u0ab0\u0ab8\u0acd\u0a95\u0abe\u0ab0 \u0aa5\u0abe\u0aaf \u0a9b\u0ac7?"},{"Verseid":"24000011","Verse":"\u201c\u0a93, \u0a9c\u0aa8\u0abe\u0ab0 \u0ab8\u0acc \u0ab2\u0acb\u0a95\u0acb, \u0a9c\u0ab0\u0abe \u0aa8\u0a9c\u0ab0 \u0a95\u0ab0\u0acb; \u0a95\u0acb\u0a87\u0aa8\u0ac7 \u0aaf \u0aae\u0abe\u0ab0\u0abe \u0a9c\u0ac7\u0ab5\u0ac1\u0a82 \u0aa6\u0ac1:\u0a96 \u0aaa\u0aa1\u0acd\u0aaf\u0ac1\u0a82 \u0a9b\u0ac7? \u0a9c\u0ac7 \u0aaf\u0ab9\u0acb\u0ab5\u0abe\u0a8f \u0aae\u0aa8\u0ac7 \u0a95\u0acd\u0ab0\u0acb\u0aa7\u0aae\u0abe\u0a82 \u0a86\u0ab5\u0ac0\u0aa8\u0ac7 \u0aa6\u0ac0\u0aa7\u0ac1\u0a82 \u0a9b\u0ac7?\u201d"},{"Verseid":"24000012","Verse":"\u201c\u0a89\u0aaa\u0ab0\u0aa5\u0ac0 \u0aa4\u0ac7\u0aa3\u0ac7 \u0aae\u0abe\u0ab0\u0abe \u0ab9\u0abe\u0aa1\u0a95\u0abe\u0aae\u0abe\u0a82 \u0a85\u0a97\u0acd\u0aa8\u0abf \u0aae\u0acb\u0a95\u0ab2\u0acd\u0aaf\u0abe \u0a85\u0aa8\u0ac7 \u0aa4\u0ac7 \u0aa4\u0ac7\u0a93\u0aa8\u0ac7 \u0aa8\u0abf\u0ab0\u0acd\u0a97\u0aa4 \u0a95\u0ab0\u0ac7 \u0a9b\u0ac7; \u0aa4\u0ac7\u0aa3\u0ac7 \u0aae\u0abe\u0ab0\u0abe \u0aaa\u0a97 \u0aae\u0abe\u0a9f\u0ac7 \u0a9c\u0abe\u0ab3 \u0aaa\u0abe\u0aa5\u0ab0\u0ac0 \u0a9b\u0ac7, \u0a85\u0aa8\u0ac7 \u0a95\u0ac7\u0ab5\u0ac0 \u0aae\u0aa8\u0ac7 \u0aad\u0acb\u0a82\u0aaf\u0ac7 \u0aaa\u0a9b\u0abe\u0aa1\u0ac0 \u0a9b\u0ac7! \u0aa4\u0ac7\u0aa3\u0ac7 \u0aae\u0aa8\u0ac7 \u0a8f\u0a95\u0ab2\u0ac0 \u0a85\u0a9f\u0ac2\u0ab2\u0ac0 \u0a9b\u0acb\u0aa1\u0ac0 \u0aa6\u0ac0\u0aa7\u0ac0 \u0a85\u0aa8\u0ac7 \u0ab9\u0ac1\u0a82 \u0a86\u0a96\u0acb \u0ab5\u0a96\u0aa4 \u0ab0\u0abf\u0aac\u0abe\u0aa4\u0ac0 \u0ab0\u0ab9\u0ac0."},{"Verseid":"24000013","Verse":"\u201c\u0aa4\u0ac7\u0aa3\u0ac7 \u0aae\u0abe\u0ab0\u0abe \u0aaa\u0abe\u0aaa\u0acb\u0aa8\u0ac1\u0a82 \u0aaa\u0acb\u0a9f\u0ab2\u0ac1\u0a82 \u0aae\u0abe\u0ab0\u0ac0 \u0aa1\u0acb\u0a95\u0ac7 \u0aac\u0abe\u0a82\u0aa7\u0acd\u0aaf\u0ac1\u0a82 \u0a9b\u0ac7. \u0aae\u0abe\u0ab0\u0ac0 \u0ab6\u0a95\u0abf\u0aa4 \u0aa4\u0ac7\u0aa8\u0abe \u0aad\u0abe\u0ab0\u0aa5\u0ac0 \u0a96\u0ac2\u0a9f\u0ac0 \u0aaa\u0aa1\u0ac0 \u0a9b\u0ac7,\u0aae\u0aa8\u0ac7 \u0aae\u0abe\u0ab0\u0abe \u0ab6\u0aa4\u0acd\u0ab0\u0ac1\u0a93\u0aa8\u0abe \u0ab9\u0abe\u0aa5\u0aae\u0abe\u0a82 \u0ab8\u0acb\u0a82\u0aaa\u0ac0 \u0aa6\u0ac7\u0ab5\u0abe\u0aae\u0abe\u0a82 \u0a86\u0ab5\u0ac0 \u0a9b\u0ac7 \u0a9c\u0ac7\u0aa8\u0ac0 \u0ab8\u0abe\u0aae\u0ac7 \u0a9c\u0acd\u0aaf\u0abe\u0a82 \u0ab9\u0ac1\u0a82 \u0a89\u0aad\u0ac0 \u0ab0\u0ab9\u0ac0 \u0ab6\u0a95\u0aa4\u0ac0 \u0aa8\u0aa5\u0ac0.\u201d"},{"Verseid":"24000014","Verse":"\u201c\u0aaf\u0ab9\u0acb\u0ab5\u0abe\u0a8f \u0aae\u0abe\u0ab0\u0abe \u0ab6\u0acd\u0ab0\u0ac7\u0ab7\u0acd\u0aa0 \u0aaf\u0acb\u0aa6\u0acd\u0aa7\u0abe\u0a93\u0aa8\u0ac7 \u0aa4\u0ac1\u0a9a\u0acd\u0a9b\u0a95\u0abe\u0ab0\u0acd\u0aaf\u0abe \u0a9b\u0ac7, \u0a85\u0aa8\u0ac7 \u0aae\u0abe\u0ab0\u0abe\u0a82 \u0aa4\u0ab0\u0ac2\u0aa3 \u0aaf\u0acb\u0aa6\u0acd\u0aa7\u0abe\u0a93\u0aa8\u0ac7 \u0a95\u0a9a\u0aa1\u0ac0 \u0aa8\u0abe\u0a96\u0ab5\u0abe \u0aae\u0abe\u0a9f\u0ac7 \u0a9f\u0ac2\u0a95\u0aa1\u0ac0\u0a93 \u0aa4\u0ac8\u0aaf\u0abe\u0ab0 \u0a95\u0ab0\u0ac0 \u0a9b\u0ac7. \u0a85\u0aa8\u0ac7 \u0aaf\u0ab9\u0acb\u0ab5\u0abe\u0a8f \u0aaf\u0ab9\u0ac1\u0aa6\u0abe\u0aa8\u0ac0 \u0a95\u0ac1\u0a82\u0ab5\u0abe\u0ab0\u0ac0 \u0aa6\u0ac0\u0a95\u0ab0\u0ac0\u0aa8\u0ac7 \u0a96\u0ac2\u0a82\u0aa6\u0ac0 \u0aa8\u0abe\u0a96\u0ac0 \u0a9b\u0ac7, \u0a96\u0ab0\u0abe\u0aac\u0ab0 \u0a8f\u0ab5\u0ac0 \u0a9c \u0ab0\u0ac0\u0aa4\u0ac7 \u0a9c\u0ac7\u0aae \u0aa6\u0acd\u0ab0\u0abe\u0a95\u0acd\u0ab7\u0abe\u0ab0\u0ab8 \u0aac\u0aa8\u0abe\u0ab5\u0ab5\u0abe \u0aae\u0abe\u0a9f\u0ac7 \u0a95\u0acb\u0a87 \u0aa6\u0acd\u0ab0\u0abe\u0a95\u0acd\u0ab7\u0aa8\u0ac7 \u0a96\u0ac2\u0aa6\u0ac7."},{"Verseid":"24000015","Verse":"\u201c\u0aa4\u0ac7\u0aa5\u0ac0 \u0ab9\u0ac1\u0a82 \u0ab0\u0aa1\u0ac1\u0a82 \u0a9b\u0ac1\u0a82.\u201d \u0a85\u0aa8\u0ac7 \u0aa4\u0ac7\u0aa5\u0ac0 \u0aae\u0abe\u0ab0\u0ac0 \u0a86\u0a82\u0a96\u0acb \u0a86\u0a82\u0ab8\u0ac1\u0a93\u0aa5\u0ac0 \u0aad\u0ac0\u0a82\u0a9c\u0abe\u0aaf \u0a9b\u0ac7. \u0aae\u0abe\u0ab0\u0abe \u0a9c\u0ac0\u0ab5\u0aa8\u0aae\u0abe\u0a82 \u0a9c\u0ac0\u0ab5 \u0ab2\u0abe\u0ab5\u0aa8\u0abe\u0ab0 \u0a85\u0aa8\u0ac7 \u0a86\u0ab6\u0acd\u0ab5\u0abe\u0ab8\u0aa8 \u0a86\u0aaa\u0aa8\u0abe\u0ab0 \u0a95\u0acb\u0a87 \u0aa8\u0aa5\u0ac0, \u0aae\u0abe\u0ab0\u0abe \u0ab8\u0a82\u0aa4\u0abe\u0aa8\u0acb\u0aa8\u0acb \u0aa8\u0abe\u0ab6 \u0aa5\u0aaf\u0acb \u0a9b\u0ac7, \u0a95\u0abe\u0ab0\u0aa3\u0a95\u0ac7 \u0ab6\u0aa4\u0acd\u0ab0\u0ac1\u0a93\u0a8f \u0aa4\u0ac7\u0aae\u0aa8\u0ac7 \u0ab9\u0ab0\u0abe\u0ab5\u0acd\u0aaf\u0abe\u0a82 \u0a9b\u0ac7.\u201d"},{"Verseid":"24000016","Verse":"\u201c\u0aae\u0ac7\u0a82 \u0aae\u0aa6\u0aa6 \u0aae\u0abe\u0a9f\u0ac7, \u0ab9\u0abe\u0aa5 \u0ab2\u0abe\u0a82\u0aac\u0abe \u0a95\u0ab0\u0acd\u0aaf\u0abe \u0a9b\u0ac7, \u0aaa\u0aa3 \u0aae\u0aa8\u0ac7 \u0aa6\u0abf\u0ab2\u0abe\u0ab8\u0acb \u0a86\u0aaa\u0aa8\u0abe\u0ab0 \u0a95\u0acb\u0a87 \u0aa8\u0aa5\u0ac0. \u0aaf\u0ab9\u0acb\u0ab5\u0abe\u0a8f \u0aae\u0abe\u0ab0\u0ac0 \u0a86\u0ab8\u0aaa\u0abe\u0ab8\u0aa8\u0abe \u0ab6\u0aa4\u0acd\u0ab0\u0ac1\u0a93\u0aa8\u0ac7 \u0aae\u0abe\u0ab0\u0ac0 \u0aaa\u0ab0 \u0ab9\u0ac1\u0aae\u0ab2\u0acb \u0a95\u0ab0\u0ab5\u0abe \u0a95\u0ab9\u0acd\u0aaf\u0ac1\u0a82 \u0a9b\u0ac7. \u0a85\u0aa8\u0ac7 \u0aa4\u0ac7\u0a93 \u0aae\u0aa8\u0ac7 \u0a85\u0ab8\u0acd\u0aaa\u0ac3\u0ab6\u0acd\u0aaf \u0a97\u0aa3\u0ac7 \u0a9b\u0ac7 .\u201d"},{"Verseid":"24000017","Verse":"\u0aaf\u0ab0\u0ac2\u0ab6\u0abe\u0ab2\u0ac7\u0aae\u0ac7 \u0a95\u0ab9\u0acd\u0aaf\u0ac1\u0a82, \u201c\u0aaf\u0ab9\u0acb\u0ab5\u0abe \u0ab8\u0abe\u0ab0\u0abe \u0a9b\u0ac7, \u0a9c\u0acd\u0aaf\u0abe\u0ab0\u0ac7 \u0aa4\u0ac7 \u0aae\u0aa8\u0ac7 \u0ab6\u0abf\u0a95\u0acd\u0ab7\u0abe \u0a95\u0ab0\u0ac7 \u0a9b\u0ac7 \u0a95\u0abe\u0ab0\u0aa3\u0a95\u0ac7 \u0aae\u0ac7\u0a82 \u0aa4\u0ac7\u0aa8\u0ac0 \u0ab5\u0abf\u0ab0\u0ac1\u0aa6\u0acd\u0aa7 \u0aac\u0a82\u0aa1 \u0a95\u0aaf\u0ac1\u0a82\u0ab0\u0acd \u0a9b\u0ac7. \u0aae\u0ab9\u0ac7\u0ab0\u0aac\u0abe\u0aa8\u0ac0 \u0a95\u0ab0\u0ac0\u0aa8\u0ac7 \u0aae\u0aa8\u0ac7 \u0ab8\u0abe\u0a82\u0aad\u0ab3\u0acb \u0a85\u0aa8\u0ac7 \u0aae\u0abe\u0ab0\u0abe \u0aa6\u0ac1:\u0a96\u0aa8\u0ac7 \u0a9c\u0ac1\u0a93. \u0aae\u0abe\u0ab0\u0ac0 \u0a9c\u0ac1\u0ab5\u0abe\u0aa8\u0ac0 \u0a85\u0aa8\u0ac7 \u0a95\u0acc\u0aae\u0abe\u0ab0\u0acd\u0aaf, \u0a95\u0ac7\u0aa6\u0ac0\u0a93\u0aa8\u0ac0 \u0a9c\u0ac7\u0aae \u0aac\u0a82\u0aa6\u0ac0\u0ab5\u0abe\u0ab8\u0aae\u0abe\u0a82 \u0aaa\u0ab8\u0abe\u0ab0 \u0aa5\u0aaf\u0ac1\u0a82 \u0a9b\u0ac7.\u201d"},{"Verseid":"24000018","Verse":"\u201c\u0aae\u0ac7 \u0aae\u0abe\u0ab0\u0abe \u0aae\u0abf\u0aa4\u0acd\u0ab0\u0acb\u0aa8\u0ac7 \u0ab9\u0abe\u0a82\u0a95 \u0aae\u0abe\u0ab0\u0ac0, \u0aaa\u0aa3 \u0aa4\u0ac7\u0a93\u0a8f \u0aae\u0abe\u0ab0\u0acb \u0ab5\u0abf\u0ab6\u0acd\u0ab5\u0abe\u0ab8\u0a98\u0abe\u0aa4 \u0a95\u0ab0\u0acd\u0aaf\u0acb, \u0aae\u0abe\u0ab0\u0abe \u0aaf\u0abe\u0a9c\u0a95\u0acb \u0a85\u0aa8\u0ac7 \u0ab5\u0aa1\u0ac0\u0ab2\u0acb \u0ab6\u0ab9\u0ac7\u0ab0\u0aae\u0abe\u0a82 \u0aad\u0ac2\u0a96\u0aa8\u0ac7 \u0ab8\u0a82\u0aa4\u0acb\u0ab7\u0ab5\u0abe \u0aad\u0abf\u0a95\u0acd\u0ab7\u0abe \u0aae\u0abe\u0a97\u0aa4\u0abe\u0a82 \u0aae\u0ab0\u0aa3 \u0aaa\u0abe\u0aae\u0acd\u0aaf\u0abe.\u201d"},{"Verseid":"24000019","Verse":"\u201c\u0ab9\u0ac7 \u0aaf\u0ab9\u0acb\u0ab5\u0abe, \u0ab9\u0ac1\u0a82 \u0aad\u0abe\u0ab0\u0ac7 \u0aa6\u0ac1:\u0a96\u0aae\u0abe\u0a82 \u0a9b\u0ac1\u0a82, \u0a9c\u0acb \u0aae\u0abe\u0ab0\u0ac1\u0a82 \u0ab9\u0ac3\u0aa6\u0aaf \u0aae\u0abe\u0ab0\u0ac0 \u0a89\u0aaa\u0ab0 \u0a9a\u0aa2\u0ac0 \u0aac\u0ac7\u0aa0\u0ac1\u0a82 \u0a9b\u0ac7, \u0aa8\u0ac7 \u0aaa\u0ac7\u0a9f \u0a85\u0aae\u0ab3\u0abe\u0aaf \u0a9b\u0ac7; \u0a95\u0abe\u0ab0\u0aa3\u0a95\u0ac7, \u0ab9\u0ac1\u0a82 \u0a96\u0ac2\u0aac \u0ab5\u0abf\u0aa6\u0acd\u0ab0\u0acb\u0ab9\u0ac0 \u0ab9\u0aa4\u0acb. \u0ab0\u0ab8\u0acd\u0aa4\u0abe \u0aaa\u0ab0 \u0aa4\u0ab0\u0ab5\u0abe\u0ab0 \u0aae\u0abe\u0ab0\u0abe\u0a82 \u0ab8\u0a82\u0aa4\u0abe\u0aa8\u0acb\u0aa8\u0acb \u0ab8\u0a82\u0ab9\u0abe\u0ab0 \u0a95\u0ab0\u0ac7 \u0a9b\u0ac7; \u0aa8\u0ac7 \u0aae\u0acb\u0aa4 \u0a98\u0ab0\u0aae\u0abe\u0a82\u0aaf \u0a9b\u0ac7 .\u201d"},{"Verseid":"24000020","Verse":"\u201c\u0a9c\u0acd\u0aaf\u0abe\u0ab0\u0ac7 \u0ab9\u0ac1\u0a82 \u0aa8\u0abf\u0ab8\u0abe\u0ab8\u0abe \u0aa8\u0abe\u0a96\u0aa4\u0acb \u0ab9\u0aa4\u0acb, \u0aa4\u0ac7 \u0aa4\u0ac7\u0a93\u0a8f \u0ab8\u0abe\u0a82\u0aad\u0ab3\u0acd\u0aaf\u0ac1\u0a82 \u0a9b\u0ac7. \u0aae\u0aa8\u0ac7 \u0aa6\u0abf\u0ab2\u0abe\u0ab8\u0acb \u0a86\u0aaa\u0aa8\u0abe\u0ab0 \u0a95\u0acb\u0a87 \u0aa8\u0aa5\u0ac0; \u0aae\u0abe\u0ab0\u0abe \u0aac\u0aa7\u0abe \u0aa6\u0ac1\u0ab6\u0acd\u0aae\u0aa8\u0acb\u0a8f \u0aae\u0abe\u0ab0\u0abe \u0aa6\u0ac1:\u0a96 \u0ab5\u0abf\u0ab7\u0ac7 \u0ab8\u0abe\u0a82\u0aad\u0ab3\u0acd\u0aaf\u0a82\u0ac1 \u0a9b\u0ac7. \u0aa4\u0ac7\u0a93 \u0a96\u0ac1\u0ab6 \u0a9b\u0ac7 \u0a95\u0ac7 \u0a86 \u0aac\u0aa7\u0ac1\u0a82 \u0aa4\u0ac7\u0a82 \u0aaa\u0acb\u0aa4\u0ac7 \u0a95\u0ab0\u0acd\u0aaf\u0ac1\u0a82 \u0a9b\u0ac7. \u0aa4\u0ac7\u0a82 \u0a9c\u0ac7 \u0aa6\u0abf\u0ab5\u0ab8 \u0aae\u0abe\u0a9f\u0ac7 \u0ab5\u0a9a\u0aa8 \u0a86\u0aaa\u0acd\u0aaf\u0ac1\u0a82 \u0a9b\u0ac7 \u0aa4\u0ac7 \u0a86\u0ab5\u0ab5\u0abe \u0aa6\u0ac7, \u0aa4\u0ac7\u0a93\u0aa8\u0ac7 \u0aaa\u0aa3 \u0aae\u0abe\u0ab0\u0abe \u0a9c\u0ac7\u0ab5\u0abe \u0aa5\u0ab5\u0abe \u0aa6\u0ac7.\u201d"},{"Verseid":"24000021","Verse":"\u201c\u0aa4\u0ac1\u0a82 \u0aa4\u0ac7\u0aae\u0aa8\u0abe \u0aac\u0aa7\u0abe\u0a82 \u0aa6\u0ac1\u0ab7\u0acd\u0a95\u0ac3\u0aa4\u0acd\u0aaf\u0acb\u0aa8\u0ac7 \u0aa7\u0acd\u0aaf\u0abe\u0aa8\u0aae\u0abe\u0a82 \u0ab2\u0ac7, \u0a9c\u0ac7\u0ab5\u0ac0 \u0ab0\u0ac0\u0aa4\u0ac7 \u0aae\u0abe\u0ab0\u0abe \u0a97\u0ac1\u0aa8\u0abe\u0aa8\u0ac0 \u0aae\u0aa8\u0ac7 \u0ab8\u0a9c\u0abe \u0aa5\u0a87 \u0a9b\u0ac7 \u0aa4\u0ac7\u0ab5\u0ac0 \u0a9c \u0ab0\u0ac0\u0aa4\u0ac7 \u0aa4\u0ac7\u0a93\u0aa8\u0ac7 \u0aaa\u0aa3 \u0aa4\u0ac1\u0a82 \u0ab8\u0a9c\u0abe \u0a95\u0ab0. \u0aa4\u0ac7\u0ab5\u0ac1\u0a82 \u0a95\u0ab0 \u0a95\u0ac7\u0aae\u0a95\u0ac7 \u0ab9\u0ac1\u0a82 \u0ab8\u0aa4\u0aa4 \u0aa8\u0abf\u0ab8\u0abe\u0ab8\u0abe \u0aa8\u0abe\u0a96\u0ac1\u0a82 \u0a9b\u0ac1\u0a82 \u0a85\u0aa8\u0ac7 \u0aae\u0abe\u0ab0\u0ac1\u0a82 \u0ab9\u0ac3\u0aa6\u0aaf \u0aa8\u0aac\u0ab3\u0ac1\u0a82 \u0aa5\u0a87 \u0a97\u0aaf\u0ac1\u0a82 \u0a9b\u0ac7.\u201d"}]},{"Verse":[{"Verseid":"24001000","Verse":"\u0aaf\u0ab9\u0acb\u0ab5\u0abe\u0a8f \u0a95\u0acd\u0ab0\u0acb\u0aa7\u0ac7 \u0aad\u0ab0\u0abe\u0a87\u0aa8\u0ac7 \u0ab8\u0abf\u0aaf\u0acb\u0aa8 \u0aaa\u0ab0 \u0a85\u0a82\u0aa7\u0a95\u0abe\u0ab0 \u0aab\u0ac7\u0ab2\u0abe\u0ab5\u0acd\u0aaf\u0acb \u0a9b\u0ac7; \u0aa4\u0ac7\u0aa3\u0ac7 \u0a86\u0a95\u0abe\u0ab6\u0aae\u0abe\u0a82\u0aa5\u0ac0 \u0aa6\u0ac1\u0aa8\u0abf\u0aaf\u0abe \u0aaa\u0ab0 \u0a87\u0ab8\u0acd\u0aa4\u0acd\u0ab0\u0abe\u0a8f\u0ab2\u0aa8\u0abe \u0a86\u0a95\u0ab0\u0acd\u0ab7\u0a95 \u0a97\u0acc\u0ab0\u0ab5\u0aa8\u0ac7 \u0a9f\u0aaa\u0a95\u0abe\u0ab5\u0acd\u0aaf\u0acb \u0a9b\u0ac7. \u0a9c\u0acd\u0aaf\u0abe\u0ab0\u0ac7 \u0aa4\u0ac7 \u0a95\u0acd\u0ab0\u0acb\u0aa7\u0ac7 \u0aad\u0ab0\u0abe\u0aaf\u0acb \u0ab9\u0aa4\u0acb \u0aa4\u0acd\u0aaf\u0abe\u0ab0\u0ac7 \u0aa4\u0ac7\u0aa8\u0abe \u0aaa\u0abe\u0aaf\u0abe\u0ab8\u0aa8\u0aa8\u0ac7 \u0aaa\u0aa3 \u0aad\u0ac2\u0ab2\u0ac0 \u0a97\u0aaf\u0acb."},{"Verseid":"24001001","Verse":"\u0aa8\u0abf\u0ab7\u0acd\u0aa0\u0ac1\u0ab0\u0aa4\u0abe\u0aa5\u0ac0 \u0aaf\u0ab9\u0acb\u0ab5\u0abe\u0a8f \u0aaf\u0ab9\u0ac2\u0aa6\u0abe\u0aa8\u0ac0 \u0aad\u0ac2\u0aae\u0abf\u0aa8\u0abe\u0a82 \u0aac\u0aa7\u0abe\u0a82 \u0aa8\u0a97\u0ab0\u0acb \u0a9c\u0aae\u0ac0\u0aa8\u0aa6\u0acb\u0ab8\u0acd\u0aa4 \u0a95\u0ab0\u0ac0 \u0aa6\u0ac0\u0aa7\u0abe\u0a82 \u0a9b\u0ac7; \u0aa4\u0ac7\u0aa3\u0ac7 \u0aa4\u0ac7\u0aa8\u0abe \u0aac\u0aa7\u0abe \u0a95\u0abf\u0ab2\u0acd\u0ab2\u0abe\u0a93 \u0a95\u0acd\u0ab0\u0acb\u0aa7\u0ac7 \u0aad\u0ab0\u0abe\u0a87\u0aa8\u0ac7 \u0aa4\u0acb\u0aa1\u0ac0 \u0aaa\u0abe\u0aa1\u0acd\u0aaf\u0abe \u0a9b\u0ac7; \u0a85\u0aa8\u0ac7 \u0aa4\u0ac7\u0aa8\u0abe \u0ab6\u0abe\u0ab6\u0a95\u0acb\u0aa8\u0ac7 \u0a85\u0aaa\u0aae\u0abe\u0aa8 \u0a9c\u0aa8\u0a95 \u0ab0\u0ac0\u0aa4\u0ac7 \u0aa8\u0ac0\u0a9a\u0abe \u0aaa\u0abe\u0aa1\u0acd\u0aaf\u0abe \u0a9b\u0ac7."},{"Verseid":"24001002","Verse":"\u0aa4\u0ac7\u0aa3\u0ac7 \u0a87\u0ab8\u0acd\u0ab0\u0abe\u0a8f\u0ab2\u0aa8\u0ac0 \u0ab6\u0a95\u0abf\u0aa4 \u0aad\u0aaf\u0a82\u0a95\u0ab0 \u0a95\u0acd\u0ab0\u0acb\u0aa7\u0aae\u0abe\u0a82 \u0a86\u0ab5\u0ac0\u0aa8\u0ac7 \u0ab9\u0aa3\u0ac0 \u0aa8\u0abe\u0a96\u0ac0 \u0a9b\u0ac7; \u0aa4\u0ac7\u0aa3\u0ac7 \u0aa4\u0ac7\u0a93\u0aa8\u0ac7 \u0aaa\u0acb\u0aa4\u0abe\u0aa8\u0abe \u0ab6\u0aa4\u0acd\u0ab0\u0ac1\u0a93\u0aa8\u0ac0 \u0ab5\u0abf\u0ab0\u0ac2\u0aa6\u0acd\u0aa7 \u0ab2\u0aa1\u0ab5\u0abe \u0aae\u0abe\u0a9f\u0ac7 \u0aae\u0aa6\u0aa6 \u0a95\u0ab0\u0ac0 \u0aa8\u0ab9\u0acb\u0aa4\u0ac0. \u0a85\u0aa8\u0ac7 \u0aa4\u0ac7\u0aa3\u0ac7 \u0a86\u0a9c\u0ac1\u0aac\u0abe\u0a9c\u0ac1\u0aa8\u0ac1\u0a82 \u0aac\u0aa7\u0ac1\u0a82\u0aaf\u0ac7 \u0aad\u0aa1\u0aad\u0aa1\u0aa4\u0abe \u0a85\u0a97\u0acd\u0aa8\u0abf\u0aa8\u0ac0 \u0a9c\u0ac7\u0aae \u0aac\u0abe\u0ab3\u0ac0 \u0aa8\u0abe\u0a96\u0acd\u0aaf\u0ac1."},{"Verseid":"24001003","Verse":"\u0a85\u0aae\u0aa8\u0ac7 \u0aa4\u0ac7\u0aa8\u0abe \u0aa6\u0ac1\u0ab6\u0acd\u0aae\u0aa8\u0acb \u0ab8\u0aae\u0a9c\u0ac0 \u0aa4\u0ac7\u0aa3\u0ac7 \u0a85\u0aae\u0abe\u0ab0\u0ac0 \u0ab5\u0abf\u0ab0\u0ac1\u0aa6\u0acd\u0aa7 \u0aa7\u0aa8\u0ac1\u0ab7\u0acd\u0aaf \u0aa4\u0abe\u0aa3\u0acd\u0aaf\u0ac1 \u0aa4\u0ac7 \u0a85\u0aae\u0abe\u0ab0\u0ac0 \u0aaa\u0ab0 \u0aa4\u0acd\u0ab0\u0abe\u0a9f\u0a95\u0ab5\u0abe \u0aaa\u0acb\u0aa4\u0ac7 \u0a9c \u0aa4\u0ac8\u0aaf\u0abe\u0ab0 \u0aa5\u0aaf\u0acb, \u0aa8\u0ac7 \u0ab8\u0abf\u0aaf\u0acb\u0aa8\u0aa8\u0ac0 \u0aac\u0aa7\u0ac0 \u0ab8\u0acb\u0ab9\u0abe\u0aae\u0aa3\u0ac0 \u0ab5\u0acd\u0aaf\u0a95\u0abf\u0aa4\u0a93\u0aa8\u0acb \u0aa4\u0ac7\u0aa3\u0ac7 \u0ab8\u0a82\u0ab9\u0abe\u0ab0 \u0a95\u0ab0\u0acd\u0aaf\u0acb, \u0aa4\u0ac7\u0aa3\u0ac7 \u0aa4\u0ac7\u0aa8\u0acb \u0a95\u0acd\u0ab0\u0acb\u0aa7 \u0a85\u0a97\u0acd\u0aa8\u0abf\u0aa8\u0ac0 \u0a9c\u0ac7\u0aae \u0ab5\u0ab0\u0ab8\u0abe\u0ab5\u0acd\u0aaf\u0acb."},{"Verseid":"24001004","Verse":"\u0aaf\u0ab9\u0acb\u0ab5\u0abe \u0ab6\u0aa4\u0acd\u0ab0\u0ac1\u0aa8\u0abe \u0a9c\u0ac7\u0ab5\u0abe \u0ab9\u0aa4\u0abe, \u0aa4\u0ac7\u0aae\u0aa3\u0ac7 \u0a87\u0ab8\u0acd\u0ab0\u0abe\u0a8f\u0ab2\u0aa8\u0acb \u0aa8\u0abe\u0ab6 \u0a95\u0ab0\u0acd\u0aaf\u0acb. \u0ab9\u0abe, \u0aa4\u0ac7\u0aa3\u0ac7 \u0aa4\u0ac7\u0aa8\u0abe \u0aae\u0ab9\u0ac7\u0ab2\u0acb \u0a85\u0aa8\u0ac7 \u0a95\u0abf\u0ab2\u0acd\u0ab2\u0abe\u0a93\u0aa8\u0acb \u0aa8\u0abe\u0ab6 \u0a95\u0ab0\u0acd\u0aaf\u0acb. \u0aa4\u0ac7\u0aa3\u0ac0\u0aa8\u0ac7 \u0aa4\u0ac7\u0aa3\u0ac7 \u0ab6\u0acb\u0a95 \u0a95\u0ab0\u0ab5\u0abe\u0aa8\u0ac1\u0a82 \u0aa8\u0abf\u0aae\u0abf\u0aa4\u0acd\u0aa4 \u0a86\u0aaa\u0acd\u0aaf\u0ac1."},{"Verseid":"24001005","Verse":"\u0a9c\u0acd\u0aaf\u0abe\u0a82 \u0ab2\u0acb\u0a95\u0acb \u0aae\u0a82\u0aa6\u0abf\u0ab0\u0aae\u0abe\u0a82 \u0aaa\u0ac2\u0a9c\u0abe \u0a95\u0ab0\u0aa4\u0abe \u0ab9\u0aa4\u0abe \u0aa4\u0acd\u0aaf\u0abe\u0a82 \u0aa4\u0ac7\u0a93\u0aa8\u0acb \u0aa8\u0abe\u0ab6 \u0aa5\u0aaf\u0acb, \u0a9c\u0ac7\u0aae \u0a9c\u0aae\u0ac0\u0aa8 \u0aaa\u0ab0 \u0a98\u0abe\u0ab8\u0aa8\u0acb \u0aa8\u0abe\u0ab6 \u0aa5\u0abe\u0aaf \u0a9b\u0ac7.\u0aac\u0aa7\u0abe\u0a82 \u0ab5\u0abf\u0ab6\u0acd\u0ab0\u0abe\u0aae\u0ab5\u0abe\u0ab0\u0acb-\u0a89\u0aa4\u0acd\u0ab8\u0ab5\u0acb \u0aad\u0ac2\u0ab2\u0abe\u0a88 \u0a97\u0aaf\u0abe. \u0aa4\u0ac7\u0aa8\u0abe \u0a97\u0ac1\u0ab8\u0acd\u0ab8\u0abe\u0aa5\u0ac0 \u0aaf\u0abe\u0a9c\u0a95\u0acb \u0a85\u0aa8\u0ac7 \u0ab0\u0abe\u0a9c\u0abe \u0a98\u0ac3\u0aa3\u0abf\u0aa4 \u0aa5\u0aaf\u0abe\u0a82 \u0ab9\u0aa4\u0abe\u0a82."},{"Verseid":"24001006","Verse":"\u0aaf\u0ab9\u0acb\u0ab5\u0abe\u0a8f \u0aaa\u0acb\u0aa4\u0abe\u0aa8\u0ac0 \u0ab5\u0ac7\u0aa6\u0ac0\u0aa8\u0ac7 \u0aa8\u0a95\u0abe\u0ab0\u0ac0 \u0a85\u0aa8\u0ac7 \u0aa4\u0ac7\u0aa3\u0ac7 \u0aaa\u0acb\u0aa4\u0abe\u0aa8\u0abe \u0aaa\u0ab5\u0abf\u0aa4\u0acd\u0ab0 \u0ab8\u0acd\u0aa5\u0abe\u0aa8 \u0aa8\u0ac7 \u0a9c\u0aa4\u0ac1\u0a82 \u0a95\u0ab0\u0acd\u0aaf\u0ac1\u0a82 \u0a9b\u0ac7; \u0aa4\u0ac7\u0aa3\u0ac7 \u0aa6\u0ac1\u0ab6\u0acd\u0aae\u0aa8\u0aa8\u0abe \u0ab9\u0abe\u0aa5\u0ac7 \u0aa4\u0ac7\u0aa3\u0ac0\u0aa8\u0abe \u0aae\u0ab9\u0ac7\u0ab2\u0aa8\u0ac0 \u0aa6\u0ac0\u0ab5\u0abe\u0ab2\u0acb\u0aa8\u0acb \u0aa8\u0abe\u0ab6 \u0a95\u0ab0\u0abe\u0ab5\u0acd\u0aaf\u0acb. \u0aaa\u0ab9\u0ac7\u0ab2\u0abe \u0a85\u0aae\u0ac7 \u0aaf\u0ab9\u0acb\u0ab5\u0abe\u0aa8\u0abe \u0aae\u0a82\u0aa6\u0abf\u0ab0\u0aae\u0abe\u0a82 \u0a89\u0aa4\u0acd\u0ab8\u0ab5\u0aa8\u0abe \u0aaa\u0acb\u0a95\u0abe\u0ab0\u0acb \u0a95\u0ab0\u0aa4\u0abe \u0ab9\u0aa4\u0abe; \u0ab9\u0ab5\u0ac7 \u0aa4\u0acd\u0aaf\u0abe\u0a82 \u0aa6\u0ac1\u0ab6\u0acd\u0aae\u0aa8\u0acb \u0a95\u0acb\u0ab2\u0abe\u0ab9\u0ab2 \u0aae\u0a9a\u0abe\u0ab5\u0ac7 \u0a9b\u0ac7."},{"Verseid":"24001007","Verse":"\u0aa4\u0ac7\u0aa3\u0ac7 \u0ab8\u0abf\u0aaf\u0acb\u0aa8\u0aa8\u0a97\u0ab0\u0ac0\u0aa8\u0ac0 \u0aa6\u0ac0\u0ab5\u0abe\u0ab2\u0acb \u0aa4\u0acb\u0aa1\u0ac0 \u0aaa\u0abe\u0aa1\u0ab5\u0abe\u0aa8\u0acb \u0aa8\u0abf\u0ab6\u0acd\u0a9a\u0aaf \u0a95\u0ab0\u0acd\u0aaf\u0acb \u0a9b\u0ac7, \u0aa4\u0ac7\u0aa3\u0ac7 \u0aa4\u0ac7\u0aa8\u0ac1 \u0aae\u0abe\u0aaa \u0ab2\u0ac0\u0aa7\u0ac1\u0a82 \u0ab9\u0aa4\u0ac1 \u0a85\u0aa8\u0ac7 \u0aa4\u0ac7\u0aa8\u0ac7 \u0aa4\u0acb\u0aa1\u0ac0 \u0aaa\u0abe\u0aa1\u0aa4\u0abe\u0a82 \u0aa5\u0acb\u0aad\u0acd\u0aaf\u0acb \u0aa8\u0ab9\u0abf, \u0aa4\u0ac7\u0aa3\u0ac7 \u0a95\u0abf\u0ab2\u0acd\u0ab2\u0abe\u0aa8\u0ac0 \u0a85\u0a82\u0aa6\u0ab0\u0aa8\u0ac0 \u0a85\u0aa8\u0ac7 \u0aac\u0ab9\u0abe\u0ab0\u0aa8\u0ac0 \u0aa6\u0ac0\u0ab5\u0abe\u0ab2\u0acb\u0aa8\u0ac7 \u0aa4\u0acb\u0aa1\u0ac0 \u0aaa\u0abe\u0aa1\u0ac0. \u0a8f\u0a95 \u0ab8\u0abe\u0aa5\u0ac7 \u0aa4\u0ac7 \u0aac\u0aa7\u0ac0 \u0aa8\u0abe\u0ab6 \u0aa5\u0a87\u0aa8\u0ac7 \u0aaa\u0aa1\u0ac0 \u0ab9\u0aa4\u0ac0."},{"Verseid":"24001008","Verse":"\u0aa4\u0ac7\u0aa8\u0abe \u0aa6\u0ab0\u0ab5\u0abe\u0a9c\u0abe \u0a96\u0a82\u0aa1\u0ac7\u0ab0\u0acb\u0aa8\u0ac0 \u0a9c\u0ac7\u0aae \u0aa6\u0a9f\u0abe\u0aaf\u0ac7\u0ab2\u0abe \u0aaa\u0aa1\u0acd\u0aaf\u0abe \u0a9b\u0ac7, \u0aa4\u0ac7\u0aa8\u0ac0 \u0a95\u0aa1\u0ac0\u0a93 \u0a9c\u0ac7 \u0aac\u0a82\u0aa7 \u0a95\u0ab0\u0ab5\u0abe\u0aae\u0abe\u0a82 \u0a86\u0ab5\u0aa4\u0ac0 \u0ab9\u0aa4\u0ac0 \u0aa4\u0ac7 \u0aad\u0abe\u0a82\u0a97\u0ac0 \u0aaa\u0aa1\u0ac0 \u0a9b\u0ac7, \u0aaa\u0acd\u0ab0\u0aac\u0acb\u0aa7\u0a95\u0acb\u0aa8\u0ac7 \u0aaa\u0aa3 \u0aaf\u0ab9\u0acb\u0ab5\u0abe \u0aa4\u0ab0\u0aab\u0aa5\u0ac0 \u0aa6\u0ab0\u0acd\u0ab6\u0aa8 \u0aae\u0ab3\u0aa4\u0ac1\u0a82 \u0aa8 \u0ab9\u0aa4\u0ac1\u0a82."},{"Verseid":"24001009","Verse":"\u0a9c\u0ac1\u0a93, \u0ab8\u0abf\u0aaf\u0acb\u0aa8 \u0aa8\u0a97\u0ab0\u0aa8\u0abe\u0a82 \u0a86\u0a97\u0ac7\u0ab5\u0abe\u0aa8\u0acb, \u0aad\u0ac2\u0aae\u0abf \u0aaa\u0ab0 \u0aae\u0ac2\u0a82\u0a97\u0ac7 \u0aae\u0acb\u0aa2\u0ac7 \u0aac\u0ac7\u0aa0\u0abe \u0a9b\u0ac7. \u0aa4\u0ac7\u0aae\u0aa3\u0ac7 \u0aae\u0abe\u0aa5\u0abe \u0aaa\u0ab0 \u0aa7\u0ac2\u0ab3 \u0aa8\u0abe\u0a96\u0ac0 \u0a9b\u0ac7. \u0aa4\u0ac7\u0a93\u0a8f \u0ab6\u0acb\u0a95\u0aa8\u0abe\u0a82 \u0ab5\u0ab8\u0acd\u0aa4\u0acd\u0ab0 \u0aaa\u0ab9\u0ac7\u0ab0\u0acd\u0aaf\u0abe \u0a9b\u0ac7. \u0a85\u0ab0\u0ac7! \u0ab8\u0abf\u0aaf\u0acb\u0aa8\u0aa8\u0ac0 \u0a95\u0ac1\u0aae\u0abe\u0ab0\u0abf\u0a95\u0abe\u0a93\u0aa8\u0abe\u0a82 \u0aae\u0abe\u0aa5\u0abe\u0a82, \u0aa6\u0ac1:\u0a96\u0aa5\u0ac0 \u0aad\u0acb\u0a82\u0aaf \u0ab8\u0ac1\u0aa7\u0ac0 \u0aa8\u0ac0\u0a9a\u0abe \u0aa8\u0aae\u0ac0 \u0aaa\u0aa1\u0acd\u0aaf\u0abe\u0a82 \u0a9b\u0ac7!"},{"Verseid":"24001010","Verse":"\u0ab0\u0aa1\u0ac0 \u0ab0\u0aa1\u0ac0 \u0a86\u0a82\u0a96\u0acb\u0aa8\u0ac1\u0a82 \u0aa4\u0ac7\u0a9c \u0a98\u0a9f\u0ac0 \u0a97\u0aaf\u0ac1\u0a82 \u0a9b\u0ac7, \u0aa8\u0ac7 \u0aae\u0abe\u0ab0\u0abe \u0a86\u0a82\u0aa4\u0ab0\u0aa1\u0abe \u0a95\u0a95\u0ab3\u0ac0 \u0a8a\u0aa0\u0aaf\u0abe \u0a9b\u0ac7, \u0aae\u0abe\u0ab0\u0a82\u0ac1 \u0ab9\u0ac3\u0aa6\u0aaf, \u0ab2\u0acb\u0a95\u0acb\u0aa8\u0abe \u0aa8\u0abe\u0ab6\u0aa8\u0ac7 \u0a9c\u0acb\u0a87\u0aa8\u0ac7 \u0a93\u0a97\u0ab3\u0ac0 \u0ab0\u0ab9\u0acd\u0aaf\u0ac1\u0a82 \u0a9b\u0ac7; \u0aa8\u0a97\u0ab0\u0aa8\u0abe\u0a82 \u0aac\u0abe\u0ab3\u0a95\u0acb \u0ab0\u0abe\u0a9c\u0aae\u0abe\u0ab0\u0acd\u0a97 \u0aaa\u0ab0 \u0aae\u0ac2\u0a9b\u0abf\u0ab0\u0acd\u0aa4 \u0aa5\u0a87 \u0aaa\u0aa1\u0acd\u0aaf\u0abe \u0a9b\u0ac7."},{"Verseid":"24001011","Verse":"\u0aa4\u0ac7\u0a93 \u0aaa\u0acb\u0aa4\u0abe\u0aa8\u0ac0 \u0aae\u0abe\u0aa4\u0abe \u0aaa\u0abe\u0ab8\u0ac7 \u0ab0\u0acb\u0a9f\u0ab2\u0ac0 \u0a85\u0aa8\u0ac7 \u0aa6\u0acd\u0ab0\u0abe\u0a95\u0acd\u0ab7\u0abe\u0ab0\u0ab8\u0aa8\u0ac0 \u0aae\u0abe\u0a82\u0a97\u0aa3\u0ac0 \u0a95\u0ab0\u0ac7 \u0a9b\u0ac7; \u0a9c\u0acd\u0aaf\u0abe\u0ab0\u0ac7 \u0aa4\u0ac7\u0a93 \u0a98\u0ab5\u0abe\u0aaf\u0ac7\u0ab2\u0abe\u0a93\u0aa8\u0ac0 \u0a9c\u0ac7\u0aae \u0aac\u0ac7\u0aad\u0abe\u0aa8 \u0aa5\u0a87\u0aa8\u0ac7 \u0ab6\u0ab9\u0ac7\u0ab0\u0aa8\u0ac0 \u0a97\u0ab2\u0ac0\u0a93\u0aae\u0abe\u0a82 \u0aaa\u0aa1\u0acd\u0aaf\u0abe \u0a9b\u0ac7, \u0a85\u0aa5\u0ab5\u0abe \u0a9c\u0acd\u0aaf\u0abe\u0ab0\u0ac7 \u0aa4\u0ac7\u0a93 \u0aaa\u0acb\u0aa4\u0abe\u0aa8\u0ac0 \u0aae\u0abe\u0aa4\u0abe\u0aa8\u0ac0 \u0a9b\u0abe\u0aa4\u0ac0 \u0aaa\u0ab0 \u0aae\u0ac3\u0aa4\u0acd\u0aaf\u0ac1 \u0aaa\u0abe\u0aae\u0ac7 \u0a9b\u0ac7."},{"Verseid":"24001012","Verse":"\u0aa4\u0aa8\u0ac7 \u0ab6\u0ac1\u0a82 \u0a95\u0ab9\u0ac1\u0a82? \u0ab9\u0ac7 \u0aaf\u0ab0\u0ac2\u0ab6\u0abe\u0ab2\u0ac7\u0aae\u0aa8\u0a97\u0ab0\u0ac0; \u0ab9\u0ac7 \u0a95\u0ac1\u0a82\u0ab5\u0abe\u0ab0\u0ac0 \u0ab8\u0abf\u0aaf\u0acb\u0aa8\u0aaa\u0ac1\u0aa4\u0acd\u0ab0\u0ac0 \u0aa4\u0aa8\u0ac7 \u0a95\u0acb\u0aa8\u0ac0 \u0a89\u0aaa\u0aae\u0abe \u0a86\u0aaa\u0ac1\u0a82? \u0aa4\u0aa8\u0ac7 \u0a95\u0acb\u0aa8\u0ac0 \u0ab8\u0abe\u0aa5\u0ac7 \u0ab8\u0ab0\u0a96\u0abe\u0ab5\u0ac0? \u0aa4\u0abe\u0ab0\u0ac0 \u0ab8\u0abe\u0a97\u0ab0 \u0a9c\u0ac7\u0ab5\u0ac0 \u0ab5\u0abf\u0ab6\u0abe\u0ab3 \u0ab5\u0ac7\u0aa6\u0aa8\u0abe\u0aa8\u0acb \u0a89\u0aaa\u0abe\u0aaf \u0a95\u0acb\u0aa3 \u0a95\u0ab0\u0ab6\u0ac7?"},{"Verseid":"24001013","Verse":"\u0aa4\u0aae\u0abe\u0ab0\u0abe \u0aaa\u0acd\u0ab0\u0aac\u0acb\u0aa7\u0a95\u0acb\u0a8f \u0a95\u0ab9\u0acd\u0aaf\u0ac1\u0a82 \u0a95\u0ac7 \u0aa4\u0ac7\u0aae\u0aa8\u0ac7 \u0ab8\u0a82\u0aa6\u0ab0\u0acd\u0ab6\u0aa8 \u0aa5\u0aaf\u0ac1\u0a82 \u0ab9\u0aa4\u0ac1\u0a82 \u0aaa\u0aa3 \u0aa4\u0ac7\u0a93 \u0a9c\u0ac1\u0aa0\u0ac1\u0a82 \u0aac\u0acb\u0ab2\u0ac0 \u0ab0\u0ab9\u0acd\u0aaf\u0abe \u0a9b\u0ac7 \u0a85\u0aa8\u0ac7 \u0aa4\u0aa8\u0ac7 \u0a9b\u0ac7\u0aa4\u0ab0\u0ac7 \u0a9b\u0ac7, \u0a85\u0aa8\u0ac7 \u0aa4\u0aa8\u0ac7 \u0aa4\u0abe\u0ab0\u0abe \u0a85\u0aaa\u0ab0\u0abe\u0aa7\u0acb \u0ab5\u0abf\u0ab7\u0ac7 \u0aa8 \u0a95\u0ab9\u0ac0\u0aa8\u0ac7 \u0aa4\u0ac7\u0aa3\u0ac7 \u0aa4\u0aa8\u0ac7 \u0ab8\u0ac1\u0aa7\u0ab0\u0ab5\u0abe\u0aa8\u0ac0 \u0aa4\u0a95 \u0a9c \u0aa8\u0ab9\u0acb\u0aa4\u0ac0 \u0a86\u0aaa\u0ac0."},{"Verseid":"24001014","Verse":"\u0ab9\u0ac7 \u0aaf\u0ab0\u0ac2\u0ab6\u0abe\u0ab2\u0ac7\u0aae \u0aa8\u0a97\u0ab0\u0ac0, \u0aa4\u0aa8\u0ac7 \u0a9c\u0acb\u0a87\u0aa8\u0ac7 \u0a9c\u0aa4\u0abe\u0a82 \u0ab2\u0acb\u0a95\u0acb \u0aa4\u0abe\u0ab3\u0ac0 \u0aaa\u0abe\u0aa1\u0ac0\u0aa8\u0ac7 \u0aa4\u0abe\u0ab0\u0ac0 \u0ab9\u0abe\u0a82\u0ab8\u0ac0 \u0a8a\u0aa1\u0abe\u0ab5\u0ac7 \u0a9b\u0ac7; \u0aae\u0abe\u0aa5\u0ac1\u0a82 \u0a98\u0ac1\u0aa3\u0abe\u0ab5\u0ac0 \u0aab\u0abf\u0a9f\u0a95\u0abe\u0ab0 \u0ab5\u0ab0\u0ab8\u0abe\u0ab5\u0ac7 \u0a9b\u0ac7, \u201c\u0ab6\u0ac1\u0a82 \u0a86 \u0a8f \u0a9c \u0ab8\u0ac1\u0a82\u0aa6\u0ab0\u0aa4\u0abe\u0aa8\u0ac0 \u0aae\u0ac2\u0ab0\u0acd\u0aa4\u0abf \u0a85\u0aa8\u0ac7 \u0a9c\u0a97\u0aa4\u0aa8\u0ac0 \u0a86\u0aa8\u0a82\u0aa6\u0aa8\u0a97\u0ab0\u0ac0 \u0a9b\u0ac7!\u201d"},{"Verseid":"24001015","Verse":"\u0aa4\u0abe\u0ab0\u0abe \u0ab6\u0aa4\u0acd\u0ab0\u0ac1\u0a93 \u0aae\u0acb\u0a82 \u0a89\u0a98\u0abe\u0aa1\u0ac0 \u0aa4\u0abe\u0ab0\u0ac0 \u0ab9\u0abe\u0a82\u0ab8\u0ac0 \u0a89\u0aa1\u0abe\u0ab5\u0ac7 \u0a9b\u0ac7, \u0a85\u0aa8\u0ac7 \u0aa6\u0abe\u0a82\u0aa4 \u0a95\u0a9a\u0a95\u0a9a\u0abe\u0ab5\u0ac0 \u0aa8\u0ac7 \u0aab\u0abf\u0a9f\u0a95\u0abe\u0ab0 \u0ab5\u0ab0\u0ab8\u0abe\u0ab5\u0ac7 \u0a9b\u0ac7. \u0a86\u0aaa\u0aa3\u0ac7 \u0a9c \u0a8f\u0aa8\u0ac7 \u0aaa\u0abe\u0aaf\u0aae\u0abe\u0ab2 \u0a95\u0ab0\u0ac0 \u0a9b\u0ac7, \u0a86\u0aaa\u0aa3\u0ac7 \u0a86 \u0a9c \u0aa6\u0abf\u0ab5\u0ab8\u0aa8\u0ac0 \u0ab0\u0abe\u0ab9 \u0a9c\u0acb\u0aa4\u0abe \u0ab9\u0aa4\u0abe, \u0a9c\u0ac7\u0aa8\u0ac0 \u0a85\u0aae\u0aa8\u0ac7 \u0aaa\u0acd\u0ab0\u0aa4\u0abf\u0a95\u0acd\u0ab7\u0abe \u0ab9\u0aa4\u0ac0 \u0a85\u0aa8\u0ac7 \u0a85\u0aae\u0aa8\u0ac7 \u0aa4\u0ac7 \u0aaa\u0acd\u0ab0\u0abe\u0aaa\u0acd\u0aa4 \u0aa5\u0aaf\u0acb \u0a9b\u0ac7."},{"Verseid":"24001016","Verse":"\u0aaf\u0ab9\u0acb\u0ab5\u0abe\u0a8f \u0a9c\u0ac7 \u0ab5\u0abf\u0a9a\u0abe\u0ab0\u0acd\u0aaf\u0ac1 \u0aa4\u0ac7 \u0a95\u0ab0\u0acd\u0aaf\u0ac1\u0a82 \u0a85\u0aa8\u0ac7 \u0aa4\u0ac7 \u0ab8\u0abe\u0a9a\u0ac1\u0a82 \u0aaa\u0aa1\u0acd\u0aaf\u0ac1\u0a82; \u0aa4\u0ac7\u0aa8\u0acb \u0aad\u0aaf, \u0a9c\u0ac7\u0aae \u0aa4\u0ac7\u0aa3\u0ac7 \u0aaa\u0acd\u0ab0\u0abe\u0a9a\u0ac0\u0aa8\u0a95\u0abe\u0ab3\u0aae\u0abe\u0a82 \u0a9a\u0ac7\u0aa4\u0ab5\u0aa3\u0ac0 \u0a86\u0aaa\u0ac0 \u0ab9\u0aa4\u0ac0 \u0aa4\u0ac7\u0aae \u0aa4\u0ac7\u0aa3\u0ac7 \u0aa8\u0abf\u0ab0\u0acd\u0aa6\u0aaf\u0aaa\u0aa3\u0ac7 \u0aad\u0aaf\u0a82\u0a95\u0ab0 \u0ab5\u0abf\u0aa8\u0abe\u0ab6 \u0a95\u0ab0\u0acd\u0aaf\u0acb. \u0a85\u0aae\u0aa8\u0ac7 \u0aa8\u0ac0\u0a9a\u0abe \u0aaa\u0aa1\u0aa4\u0abe \u0a9c\u0acb\u0a87 \u0ab6\u0aa4\u0acd\u0ab0\u0ac1\u0a93\u0aa8\u0ac7 \u0a96\u0ac1\u0ab6 \u0a95\u0ab0\u0ab5\u0abe \u0ab8\u0abe\u0ab0\u0ac1\u0a82 \u0a86 \u0aa4\u0a95 \u0a86\u0aaa\u0ac0 \u0a9b\u0ac7, \u0aa4\u0ac7\u0aa3\u0ac7 \u0aa4\u0aae\u0abe\u0ab0\u0abe \u0ab6\u0aa4\u0acd\u0ab0\u0ac1\u0a93\u0aa8\u0ac7 \u0a98\u0aae\u0a82\u0aa1\u0ac0 \u0aac\u0aa8\u0abe\u0ab5\u0acd\u0aaf\u0abe \u0a9b\u0ac7."},{"Verseid":"24001017","Verse":"\u0ab9\u0ac7 \u0ab8\u0abf\u0aaf\u0acb\u0aa8\u0aa8\u0a97\u0ab0\u0ac0, \u0aa4\u0ac1\u0a82 \u0ab8\u0abe\u0aa6 \u0a8a\u0a82\u0a9a\u0acb \u0a95\u0ab0; \u0aa8\u0ac7 \u0aaf\u0ab9\u0acb\u0ab5\u0abe\u0aa8\u0ac7 \u0aa4\u0abe\u0ab0\u0acb \u0a86\u0ab0\u0acd\u0aa4\u0aa8\u0abe\u0aa6 \u0ab8\u0a82\u0aad\u0ab3\u0abe\u0ab5! \u0aa4\u0abe\u0ab0\u0ac0 \u0a86\u0a82\u0a96\u0ac7 \u0ab0\u0abe\u0aa4 \u0aa6\u0abf\u0ab5\u0ab8 \u0a86\u0a82\u0ab8\u0ac1 \u0ab5\u0ab9\u0ac7 \u0a9b\u0ac7. \u0ab5\u0abf\u0ab8\u0abe\u0aae\u0acb \u0aa8 \u0aa6\u0ac7 \u0a85\u0aa8\u0ac7 \u0a86\u0a82\u0a96\u0aa8\u0ac7 \u0ab8\u0ac1\u0a95\u0abe\u0ab5\u0abe \u0aa8 \u0aa6\u0ac7."},{"Verseid":"24001018","Verse":"\u0aa4\u0ac1\u0a82 \u0ab0\u0abe\u0aa4\u0acd\u0ab0\u0ac0\u0aa8\u0abe \u0aaa\u0acd\u0ab0\u0aa5\u0aae \u0aaa\u0ab9\u0acb\u0ab0\u0ac7 \u0a8a\u0aa0\u0ac0, \u0aae\u0acb\u0a9f\u0ac7\u0aa5\u0ac0 \u0aaa\u0acd\u0ab0\u0abe\u0ab0\u0acd\u0aa5\u0aa8\u0abe \u0a95\u0ab0; \u0a85\u0aa8\u0ac7 \u0aaf\u0ab9\u0acb\u0ab5\u0abe \u0ab8\u0aae\u0a95\u0acd\u0ab7 \u0aaa\u0abe\u0aa3\u0ac0\u0aa8\u0ac0 \u0a9c\u0ac7\u0aae \u0ab9\u0ac3\u0aa6\u0aaf \u0aa0\u0abe\u0ab2\u0ab5. \u0aad\u0ac2\u0a96\u0aa5\u0ac0 \u0a9a\u0a95\u0ab2\u0ac7 \u0a9a\u0a95\u0ab2\u0ac7 \u0aae\u0ac2\u0ab0\u0acd\u0a9a\u0acd\u0a9b\u0abe \u0aaa\u0abe\u0aae\u0aa4\u0abe\u0a82 \u0aa4\u0abe\u0ab0\u0abe\u0a82 \u0aac\u0abe\u0ab3\u0a95\u0aa8\u0acb \u0a9c\u0ac0\u0ab5 \u0aac\u0a9a\u0abe\u0ab5\u0ab5\u0abe \u0aaf\u0ab9\u0acb\u0ab5\u0abe \u0a86\u0a97\u0ab3-\u0aa4\u0abe\u0ab0\u0acb \u0ab9\u0abe\u0aa5 \u0aa4\u0ac7\u0aa8\u0ac0 \u0aad\u0aa3\u0ac0 \u0a8a\u0a82\u0a9a\u0abe \u0a95\u0ab0."},{"Verseid":"24001019","Verse":"\u0a86\u0a9c\u0ac1\u0aac\u0abe\u0a9c\u0ac1 \u0a9c\u0ac1\u0a93 \u0ab9\u0ac7 \u0aaf\u0ab9\u0acb\u0ab5\u0abe! \u0a9c\u0acb \u0aa4\u0ac1\u0a82 \u0a95\u0acb\u0aa8\u0ac7 \u0aa6\u0ac1:\u0a96\u0ac0 \u0a95\u0ab0\u0ac0 \u0ab0\u0ab9\u0acd\u0aaf\u0acb \u0a9b\u0ac7? \u0ab6\u0ac1\u0a82 \u0aae\u0abe\u0aa4\u0abe\u0a93 \u0aa4\u0ac7\u0aae\u0aa8\u0abe \u0a9c \u0aaa\u0acb\u0aa4\u0abe\u0aa8\u0abe \u0aac\u0abe\u0ab3\u0a95\u0acb\u0aa8\u0ac7 \u0a96\u0abe\u0aaf? \u0ab6\u0ac1\u0a82 \u0aa4\u0abe\u0ab0\u0abe \u0aaf\u0abe\u0a9c\u0a95\u0acb \u0a85\u0aa8\u0ac7 \u0aaa\u0acd\u0ab0\u0aac\u0acb\u0aa7\u0a95\u0acb\u0aa8\u0ac7 \u0aa4\u0abe\u0ab0\u0abe \u0a9c \u0aaa\u0ab5\u0abf\u0aa4\u0acd\u0ab0\u0ab8\u0acd\u0aa5\u0abe\u0aa8\u0aae\u0abe\u0a82 \u0aae\u0abe\u0ab0\u0ac0 \u0aa8\u0abe\u0a82\u0a96\u0ab5\u0abe\u0aae\u0abe\u0a82 \u0a86\u0ab5\u0ac7?"},{"Verseid":"24001020","Verse":"\u0ab5\u0ac3\u0aa6\u0acd\u0aa7\u0acb \u0a85\u0aa8\u0ac7 \u0aac\u0abe\u0ab3\u0a95\u0acb \u0ab0\u0ab8\u0acd\u0aa4\u0abe\u0aa8\u0ac0 \u0aa7\u0ac2\u0ab3\u0aae\u0abe\u0a82 \u0ab0\u0a9d\u0ab3\u0ac7 \u0a9b\u0ac7, \u0aae\u0abe\u0ab0\u0ac0 \u0a95\u0aa8\u0acd\u0aaf\u0abe\u0a93 \u0a85\u0aa8\u0ac7 \u0aaf\u0ac1\u0ab5\u0abe\u0aa8\u0acb \u0aa4\u0ab0\u0ab5\u0abe\u0ab0\u0aa8\u0acb \u0aad\u0acb\u0a97 \u0aac\u0aa8\u0acd\u0aaf\u0abe \u0a9b\u0ac7; \u0aa4\u0abe\u0ab0\u0abe \u0ab0\u0acb\u0ab7\u0aa8\u0ac7 \u0aa6\u0abf\u0ab5\u0ab8\u0ac7 \u0aa4\u0ac7\u0a82 \u0aa4\u0ac7\u0aae\u0aa8\u0acb \u0ab8\u0a82\u0ab9\u0abe\u0ab0 \u0a95\u0ab0\u0acd\u0aaf\u0acb \u0a9b\u0ac7; \u0aa4\u0aae\u0ac7 \u0aa8\u0abf\u0ab0\u0acd\u0aa6\u0aaf\u0aaa\u0aa3\u0ac7, \u0aa4\u0ac7\u0a93\u0aa8\u0ac7 \u0ab0\u0ab9\u0ac7\u0a82\u0ab8\u0ac0 \u0aa8\u0abe\u0a96\u0acd\u0aaf\u0abe\u0a82 \u0a9b\u0ac7."},{"Verseid":"24001021","Verse":"\u0a9c\u0abe\u0aa3\u0ac7 \u0a95\u0ac7 \u0a89\u0aa4\u0acd\u0ab8\u0ab5\u0aa8\u0acb \u0aa6\u0abf\u0ab5\u0ab8 \u0ab9\u0acb\u0aaf \u0aa4\u0ac7\u0aae, \u0aa4\u0ac7\u0a82 \u0a9a\u0abe\u0ab0\u0ac7 \u0aac\u0abe\u0a9c\u0ac1\u0aa5\u0ac0 \u0aae\u0abe\u0ab0\u0abe \u0aad\u0aaf\u0a82\u0a95\u0ab0 \u0aa6\u0ac1\u0ab6\u0acd\u0aae\u0aa8\u0acb\u0aa8\u0ac7 \u0aac\u0acb\u0ab2\u0abe\u0ab5\u0acd\u0aaf\u0abe \u0a9b\u0ac7. \u0aa4\u0abe\u0ab0\u0abe \u0ab0\u0acb\u0ab7\u0aa8\u0ac7 \u0aa6\u0abf\u0ab5\u0ab8\u0ac7 \u0a95\u0acb\u0a87 \u0a9b\u0a9f\u0a95\u0ab5\u0abe \u0aa8 \u0aaa\u0abe\u0aae\u0acd\u0aaf\u0abe. \u0aa4\u0ac7\u0aae\u0aa3\u0ac7 \u0ab2\u0abe\u0aa1\u0aa5\u0ac0 \u0a89\u0a9b\u0ab0\u0ac7\u0ab2\u0abe\u0a82 \u0ab8\u0ab9\u0ac1\u0aa8\u0ac7 \u0ab5\u0aa7\u0ac7\u0ab0\u0ac0 \u0aa8\u0abe\u0a96\u0acd\u0aaf\u0abe\u0a82 \u0a9b\u0ac7 \u0a85\u0aa8\u0ac7 \u0ab6\u0aa4\u0acd\u0ab0\u0ac1\u0a93\u0a8f \u0a95\u0acb\u0a87\u0aa8\u0ac7\u0aaf \u0a9c\u0ac0\u0ab5\u0aa4\u0acb \u0ab0\u0abe\u0a96\u0acd\u0aaf\u0acb \u0aa8\u0aa5\u0ac0."}]},{"Verse":[{"Verseid":"24002000","Verse":"\u0ab9\u0ac1\u0a82 \u0a8f\u0a95 \u0a8f\u0ab5\u0acb \u0aae\u0abe\u0aa3\u0ab8 \u0a9b\u0ac1\u0a82 \u0a9c\u0ac7\u0aa3\u0ac7 \u0aaf\u0ab9\u0acb\u0ab5\u0abe\u0aa8\u0abe \u0ab0\u0acb\u0ab7\u0aa8\u0abe \u0aa6\u0a82\u0aa1\u0abe\u0aa8\u0acb \u0aae\u0abe\u0ab0 \u0a85\u0aa8\u0ac1\u0aad\u0ab5\u0acd\u0aaf\u0acb \u0a9b\u0ac7."},{"Verseid":"24002001","Verse":"\u0ab9\u0ac1\u0a82 \u0a8f \u0aae\u0abe\u0aa3\u0ab8 \u0a9c\u0ac7\u0ab5\u0acb \u0a9b\u0ac1\u0a82 \u0a9c\u0ac7\u0aa8\u0ac7 \u0a85\u0a82\u0aa7\u0abe\u0ab0\u0abe \u0ab0\u0ab8\u0acd\u0aa4\u0abe \u0aaa\u0ab0 \u0aa6\u0ac0\u0ab5\u0abe \u0ab5\u0a97\u0ab0 \u0a9a\u0abe\u0ab2\u0ab5\u0abe \u0aae\u0abe\u0a9f\u0ac7 \u0aab\u0ab0\u0a9c \u0aaa\u0aa1\u0abe\u0a87 \u0a9b\u0ac7."},{"Verseid":"24002002","Verse":"\u0aab\u0a95\u0aa4 \u0aae\u0abe\u0ab0\u0ac0 \u0ab5\u0abf\u0ab0\u0ac2\u0aa6\u0acd\u0aa7 \u0a9c \u0aa4\u0ac7 \u0aab\u0ab0\u0ac0 \u0aab\u0ab0\u0ac0\u0aa8\u0ac7 \u0a86\u0a96\u0acb \u0ab5\u0a96\u0aa4 \u0aaa\u0acb\u0aa4\u0abe\u0aa8\u0acb \u0ab9\u0abe\u0aa5 \u0aa7\u0ac2\u0aae\u0abe\u0ab5\u0acd\u0aaf\u0abe \u0a95\u0ab0\u0ac7 \u0a9b\u0ac7."},{"Verseid":"24002003","Verse":"\u0aa4\u0ac7\u0aa3\u0ac7 \u0aae\u0abe\u0ab0\u0ac0 \u0a9a\u0ab0\u0aac\u0ac0 \u0a85\u0aa8\u0ac7 \u0a9a\u0abe\u0aae\u0aa1\u0ac0\u0aa8\u0ac7 \u0aa8\u0ac1\u0a95\u0ab6\u0abe\u0aa8 \u0aaa\u0ab9\u0acb\u0a82\u0a9a\u0abe\u0aa1\u0acd\u0aaf\u0ac1\u0a82 \u0a9b\u0ac7. \u0aa4\u0ac7\u0aa3\u0ac7 \u0aae\u0abe\u0ab0\u0abe \u0ab9\u0abe\u0aa1\u0a95\u0abe\u0a82 \u0aad\u0abe\u0a82\u0a97\u0ac0 \u0aa8\u0abe\u0a96\u0acd\u0aaf\u0abe \u0a9b\u0ac7."},{"Verseid":"24002004","Verse":"\u0aa6\u0ac1:\u0a96 \u0a85\u0aa8\u0ac7 \u0ab8\u0a82\u0aa4\u0abe\u0aaa\u0aa8\u0ac0 \u0a95\u0acb\u0a9f\u0aa1\u0ac0\u0aae\u0abe\u0a82 \u0aaa\u0ac2\u0ab0\u0ac0 \u0aa4\u0ac7\u0aa3\u0ac7 \u0aae\u0aa8\u0ac7 \u0a95\u0ac7\u0ab5\u0acb \u0ab0\u0ac2\u0a82\u0aa7\u0ac0 \u0aa8\u0abe\u0a96\u0acd\u0aaf\u0acb \u0a9b\u0ac7!"},{"Verseid":"24002005","Verse":"\u0aae\u0ab0\u0ac0 \u0a97\u0aaf\u0ac7\u0ab2\u0abe \u0aae\u0abe\u0aa3\u0ab8\u0aa8\u0ac0 \u0a9c\u0ac7\u0aae. \u0aa4\u0ac7\u0aa3\u0ac7 \u0aae\u0aa8\u0ac7 \u0a95\u0aaf\u0abe\u0ab0\u0aa8\u0acb\u0aaf \u0a85\u0a82\u0aa7\u0a95\u0abe\u0ab0\u0aae\u0abe\u0a82 \u0aaa\u0ac2\u0ab0\u0ac0 \u0ab0\u0abe\u0a96\u0acd\u0aaf\u0acb \u0a9b\u0ac7."},{"Verseid":"24002006","Verse":"\u0ab9\u0ac1\u0a82 \u0a95\u0acd\u0aaf\u0abe\u0a82\u0aaf \u0a9b\u0a9f\u0a95\u0ac0 \u0aa8 \u0a9c\u0a87 \u0ab6\u0a95\u0ac1\u0a82; \u0aa4\u0ac7\u0aa5\u0ac0 \u0aa4\u0ac7\u0aa3\u0ac7 \u0aae\u0abe\u0ab0\u0ac0 \u0a86\u0ab8\u0aaa\u0abe\u0ab8 \u0a95\u0acb\u0a9f \u0a9a\u0aa3\u0ac0 \u0ab2\u0ac0\u0aa7\u0acb \u0a9b\u0ac7. \u0a85\u0aa8\u0ac7 \u0aa4\u0ac7\u0aa3\u0ac7 \u0aad\u0abe\u0ab0\u0ac7 \u0ab8\u0abe\u0a82\u0a95\u0ab3\u0acb\u0aa5\u0ac0 \u0aae\u0aa8\u0ac7 \u0aaa\u0a95\u0aa1\u0ac0 \u0ab2\u0ac0\u0aa7\u0acb \u0a9b\u0ac7."},{"Verseid":"24002007","Verse":"\u0a9c\u0acd\u0aaf\u0abe\u0ab0\u0ac7 \u0ab9\u0ac1\u0a82 \u0aaa\u0acb\u0a95\u0abe\u0ab0 \u0a95\u0ab0\u0ac0\u0aa8\u0ac7 \u0ab8\u0ab9\u0abe\u0aaf \u0aae\u0abe\u0a82\u0a97\u0ac1 \u0a9b\u0ac1\u0a82, \u0aa4\u0acd\u0aaf\u0abe\u0ab0\u0ac7 \u0aae\u0abe\u0ab0\u0ac0 \u0aa4\u0ac7 \u0aaa\u0acd\u0ab0\u0abe\u0ab0\u0acd\u0aa5\u0aa8\u0abe \u0aaa\u0abe\u0a9b\u0ac0 \u0ab5\u0abe\u0ab3\u0ac7 \u0a9b\u0ac7."},{"Verseid":"24002008","Verse":"\u0aa4\u0ac7\u0aa3\u0ac7 \u0a98\u0aa1\u0ac7\u0ab2\u0abe \u0aaa\u0aa5\u0acd\u0aa5\u0ab0\u0acb\u0aa5\u0ac0 \u0aae\u0abe\u0ab0\u0abe \u0aae\u0abe\u0a97\u0acb\u0ab0\u0acd\u0aa8\u0ac7 \u0aac\u0a82\u0aa7 \u0a95\u0ab0\u0acd\u0aaf\u0abe \u0a9b\u0ac7 \u0a85\u0aa8\u0ac7 \u0aa4\u0ac7\u0aa3\u0ac7 \u0aa4\u0ac7\u0aa8\u0ac7 \u0ab5\u0abe\u0a82\u0a95\u0abe\u0a9a\u0ac2\u0a82\u0a95\u0abe \u0aad\u0ac2\u0ab2\u0aad\u0ac2\u0ab2\u0abe \u0aae\u0aa3\u0ac0\u0aad\u0ab0\u0acd\u0aaf\u0abe \u0a95\u0ab0\u0acd\u0aaf\u0abe \u0a9b\u0ac7."},{"Verseid":"24002009","Verse":"\u0aa4\u0ac7 \u0ab0\u0ac0\u0a82\u0a9b\u0aa8\u0ac0 \u0a9c\u0ac7\u0aae \u0aae\u0abe\u0ab0\u0ac0 \u0ab5\u0abe\u0a9f \u0a9c\u0acb\u0aa4\u0acb \u0aaa\u0aa1\u0acd\u0aaf\u0acb \u0ab0\u0ab9\u0ac7 \u0a9b\u0ac7, \u0ab8\u0abf\u0a82\u0ab9\u0aa8\u0ac0 \u0a9c\u0ac7\u0aae \u0aae\u0aa8\u0ac7 \u0aaa\u0a95\u0aa1\u0ab5\u0abe \u0ab8\u0a82\u0aa4\u0abe\u0a87 \u0ab0\u0ab9\u0ac7 \u0a9b\u0ac7."},{"Verseid":"24002010","Verse":"\u0aae\u0ac7\u0a82 \u0ab2\u0ac0\u0aa7\u0ac7\u0ab2\u0abe \u0aae\u0abe\u0ab0\u0acd\u0a97\u0aa5\u0ac0 \u0aa4\u0ac7\u0aa3\u0ac7 \u0aae\u0aa8\u0ac7 \u0aac\u0ab9\u0abe\u0ab0 \u0a96\u0ac7\u0a82\u0a9a\u0ac0 \u0a95\u0abe\u0aa2\u0aaf\u0acb \u0a9b\u0ac7. \u0aa4\u0ac7\u0aa3\u0ac7 \u0aae\u0abe\u0ab0\u0abe \u0a9f\u0ac2\u0a95\u0aa1\u0ac7-\u0a9f\u0ac2\u0a95\u0aa1\u0abe \u0a95\u0ab0\u0ac0\u0aa8\u0ac7 \u0aae\u0aa8\u0ac7 \u0aa4\u0acd\u0aaf\u0abe\u0a82 \u0aaa\u0aa1\u0acd\u0aaf\u0acb \u0ab0\u0ab9\u0ac7\u0ab5\u0abe \u0aa6\u0ac0\u0aa7\u0acb \u0a9b\u0ac7."},{"Verseid":"24002011","Verse":"\u0aa4\u0ac7\u0aa3\u0ac7 \u0aa7\u0aa8\u0ac1\u0ab7\u0acd\u0aaf \u0aaa\u0ab0 \u0aac\u0abe\u0aa3 \u0a9a\u0aa2\u0abe\u0ab5\u0acd\u0aaf\u0ac1\u0a82 \u0a9b\u0ac7 \u0a85\u0aa8\u0ac7 \u0aa4\u0ac7\u0aa8\u0ac7 \u0aae\u0abe\u0ab0\u0ac0 \u0ab8\u0abe\u0aae\u0ac7 \u0aa4\u0abe\u0a95\u0acd\u0aaf\u0ac1\u0a82 \u0a9b\u0ac7."},{"Verseid":"24002012","Verse":"\u0aa4\u0ac7\u0aa3\u0ac7 \u0aaa\u0acb\u0aa4\u0abe\u0aa8\u0abe \u0a9c \u0aad\u0abe\u0aa5\u0abe\u0aa8\u0abe\u0a82 \u0aac\u0abe\u0aa3\u0acb\u0aa5\u0ac0. \u0aae\u0abe\u0ab0\u0abe \u0aae\u0ab0\u0acd\u0aae\u0ab8\u0acd\u0aa5\u0abe\u0aa8\u0acb, \u0aad\u0ac7\u0aa6\u0ac0 \u0aa8\u0abe\u0a96\u0acd\u0aaf\u0abe\u0a82 \u0a9b\u0ac7."},{"Verseid":"24002013","Verse":"\u0ab9\u0ac1\u0a82 \u0aae\u0abe\u0ab0\u0abe \u0ab2\u0acb\u0a95\u0acb \u0ab8\u0aae\u0a95\u0acd\u0ab7 \u0ab9\u0abe\u0a82\u0ab8\u0ac0\u0aaa\u0abe\u0aa4\u0acd\u0ab0 \u0aa5\u0aaf\u0acb \u0a9b\u0ac1\u0a82; \u0a85\u0aa8\u0ac7 \u0aa4\u0ac7\u0a93 \u0a86\u0a96\u0acb \u0aa6\u0abf\u0ab5\u0ab8 \u0aae\u0aa8\u0ac7 \u0a9a\u0ac0\u0aa1\u0ab5\u0aa4\u0abe \u0a97\u0ac0\u0aa4\u0acb \u0a97\u0abe\u0aaf \u0a9b\u0ac7."},{"Verseid":"24002014","Verse":"\u0aa4\u0ac7\u0aa3\u0ac7 \u0aae\u0abe\u0ab0\u0abe \u0a9c\u0ac0\u0ab5\u0aa8\u0aa8\u0ac7 \u0a95\u0aa1\u0ab5\u0abe\u0ab6\u0aa5\u0ac0 \u0aad\u0ab0\u0ac0 \u0aa6\u0ac0\u0aa7\u0ac1 \u0a9b\u0ac7. \u0aa4\u0ac7\u0aa3\u0ac7 \u0aae\u0aa8\u0ac7 \u0a95\u0a9f\u0ac1\u0a9d\u0ac7\u0ab0\u0aa5\u0ac0 \u0aad\u0ab0\u0ac0 \u0aa6\u0ac0\u0aa7\u0acb \u0a9b\u0ac7."},{"Verseid":"24002015","Verse":"\u0ab5\u0ab3\u0ac0 \u0aa4\u0ac7\u0aa3\u0ac7 \u0aae\u0abe\u0ab0\u0abe \u0aa6\u0abe\u0a82\u0aa4 \u0a95\u0abe\u0a82\u0a95\u0ab0\u0abe\u0aa5\u0ac0 \u0aad\u0abe\u0a82\u0a97\u0ac0 \u0aa8\u0abe\u0a96\u0acd\u0aaf\u0abe \u0a9b\u0ac7, \u0aa4\u0ac7\u0aa3\u0ac7 \u0aae\u0aa8\u0ac7 \u0ab0\u0abe\u0a96\u0aae\u0abe\u0a82 \u0ab0\u0a97\u0aa6\u0acb\u0ab3\u0ac0 \u0aa6\u0ac0\u0aa7\u0acb \u0a9b\u0ac7."},{"Verseid":"24002016","Verse":"\u0aae\u0abe\u0ab0\u0abe \u0ab9\u0ac3\u0aa6\u0aaf\u0aa8\u0ac0 \u0ab6\u0abe\u0a82\u0aa4\u0abf \u0ab9\u0ab0\u0abe\u0a87 \u0a97\u0a87 \u0a9b\u0ac7, \u0ab8\u0ac1\u0a82\u0aa6\u0ab0 \u0a9c\u0ac0\u0ab5\u0aa8 \u0ab9\u0acb\u0ab5\u0ac1\u0a82 \u0a8f \u0ab6\u0ac1 \u0a9b\u0ac7 \u0aa4\u0ac7 \u0ab9\u0ac1\u0a82 \u0aad\u0ac2\u0ab2\u0ac0 \u0a97\u0aaf\u0acb \u0a9b\u0ac1\u0a82."},{"Verseid":"24002017","Verse":"\u0ab9\u0ac1\u0a82 \u0a95\u0ab9\u0ac1\u0a82 \u0a9b\u0ac1 \u0a95\u0ac7, \u0aae\u0abe\u0ab0\u0ac0 \u0ab6\u0a95\u0abf\u0aa4 \u0a96\u0ac2\u0a9f\u0ac0 \u0a97\u0a87 \u0a9b\u0ac7 \u0a85\u0aa8\u0ac7 \u0aaf\u0ab9\u0acb\u0ab5\u0abe \u0aa4\u0ab0\u0aab\u0aa8\u0ac0 \u0aae\u0abe\u0ab0\u0ac0 \u0a86\u0ab6\u0abe \u0aa8\u0ab7\u0acd\u0a9f \u0aa5\u0a87 \u0a9b\u0ac7."},{"Verseid":"24002018","Verse":"\u0aaf\u0abe\u0aa6 \u0a95\u0ab0 \u0a95\u0ac7, \u0ab9\u0ac1\u0a82 \u0aa4\u0acb \u0aae\u0abe\u0aa4\u0acd\u0ab0 \u0a97\u0ab0\u0ac0\u0aac \u0ab6\u0ab0\u0aa3\u0abe\u0aa5\u0ac0\u0ab0\u0acd \u0a9b\u0ac1\u0a82, \u0a85\u0aa8\u0ac7 \u0ab9\u0ac1\u0a82 \u0aa6\u0abf\u0ab5\u0ab8\u0ac7 \u0aa6\u0abf\u0ab5\u0ab8\u0ac7 \u0a95\u0aa1\u0ab5\u0abe \u0a85\u0aa8\u0ac1\u0aad\u0ab5\u0aae\u0abe\u0a82\u0aa5\u0ac0 \u0aaa\u0ab8\u0abe\u0ab0 \u0aa5\u0abe\u0a89\u0a82 \u0a9b\u0ac1\u0a82."},{"Verseid":"24002019","Verse":"\u0aa8\u0abf\u0ab0\u0a82\u0aa4\u0ab0 \u0aae\u0abe\u0ab0\u0ac1\u0a82 \u0a9a\u0abf\u0aa4\u0acd\u0aa4 \u0aa4\u0ac7\u0aa8\u0acb \u0a9c \u0ab5\u0abf\u0a9a\u0abe\u0ab0 \u0a95\u0ab0\u0acd\u0aaf\u0abe \u0a95\u0ab0\u0ac7 \u0a9b\u0ac7; \u0a85\u0aa8\u0ac7 \u0ab9\u0ac1\u0a82 \u0aa8\u0abe\u0ab9\u0abf\u0aae\u0acd\u0aae\u0aa4 \u0aa5\u0a87 \u0a9c\u0abe\u0a89\u0a82 \u0a9b\u0ac1\u0a82."},{"Verseid":"24002020","Verse":"\u0a8f \u0ab9\u0ac1\u0a82 \u0aae\u0aa8\u0aae\u0abe\u0a82 \u0ab2\u0abe\u0ab5\u0ac1\u0a82 \u0a9b\u0ac1\u0a82 \u0a85\u0aa8\u0ac7 \u0aa4\u0ac7\u0aa5\u0ac0 \u0a9c \u0ab9\u0ac1\u0a82 \u0a86\u0ab6\u0abe \u0ab0\u0abe\u0a96\u0ac1\u0a82 \u0a9b\u0ac1\u0a82."},{"Verseid":"24002021","Verse":"\u0aaf\u0ab9\u0acb\u0ab5\u0abe\u0aa8\u0ac0 \u0a95\u0ab0\u0ac2\u0aa3\u0abe, \u0a96\u0ac2\u0a9f\u0ac0 \u0aaa\u0ab0\u0ab5\u0abe\u0ab0\u0ac0 \u0aa8\u0aa5\u0ac0 \u0aa4\u0ac7\u0aae \u0a9c \u0aa4\u0ac7\u0aa8\u0ac0 \u0aa6\u0aaf\u0abe\u0aa8\u0acb \u0aaa\u0aa3 \u0a85\u0a82\u0aa4 \u0a86\u0ab5\u0acd\u0aaf\u0acb \u0aa8\u0aa5\u0ac0."},{"Verseid":"24002022","Verse":"\u0aa6\u0ab0\u0ab0\u0acb\u0a9c \u0ab8\u0ab5\u0abe\u0ab0\u0ac7 \u0aa4\u0abe\u0ab0\u0ac0 \u0a95\u0ac3\u0aaa\u0abe\u0a93 \u0aa8\u0ab5\u0ac7\u0ab8\u0ab0\u0aa5\u0ac0 \u0aae\u0aa8\u0ac7 \u0aae\u0ab3\u0ac7 \u0a9b\u0ac7, \u0aae\u0abe\u0aa3\u0ab8 \u0aa4\u0abe\u0ab0\u0ac0 \u0aaa\u0ab0 \u0ab9\u0a82\u0aae\u0ac7\u0ab6\u0abe \u0aa8\u0abf\u0ab0\u0acd\u0aad\u0ab0 \u0ab0\u0ab9\u0ac0 \u0ab6\u0a95\u0ac7."},{"Verseid":"24002023","Verse":"\u0aae\u0ac7\u0a82 \u0a95\u0ab9\u0acd\u0aaf\u0ac1\u0a82, \u201c\u0aae\u0abe\u0ab0\u0ac0 \u0aaa\u0abe\u0ab8\u0ac7 \u0a9c\u0ac7 \u0a95\u0a82\u0a87 \u0a9b\u0ac7 \u0aa4\u0ac7 \u0aaf\u0ab9\u0acb\u0ab5\u0abe \u0a9b\u0ac7. \u0aa4\u0ac7\u0aa5\u0ac0 \u0ab9\u0ac1\u0a82 \u0aa4\u0ac7\u0aa8\u0abe\u0aae\u0abe\u0a82 \u0aae\u0abe\u0ab0\u0ac0 \u0a86\u0ab6\u0abe \u0aae\u0ac2\u0a95\u0ac1\u0a82 \u0a9b\u0ac1\u0a82."},{"Verseid":"24002024","Verse":"\u0a9c\u0ac7 \u0aa4\u0ac7\u0aa8\u0abe\u0aae\u0abe\u0a82 \u0ab5\u0abf\u0ab6\u0acd\u0ab5\u0abe\u0ab8 \u0ab0\u0abe\u0a96\u0ac7 \u0a9b\u0ac7 \u0a85\u0aa8\u0ac7 \u0a9c\u0ac7\u0a93 \u0aa4\u0ac7\u0aa8\u0ac0 \u0ab5\u0abe\u0a9f \u0a9c\u0acb\u0ab5\u0abe\u0aa8\u0ac1\u0a82 \u0a9a\u0abe\u0ab2\u0ac1 \u0ab0\u0abe\u0a96\u0ac7 \u0a9b\u0ac7. \u0aa4\u0ac7\u0aae\u0aa8\u0abe \u0aae\u0abe\u0a9f\u0ac7 \u0aaf\u0ab9\u0acb\u0ab5\u0abe \u0ab8\u0abe\u0ab0\u0acb \u0a9b\u0ac7."},{"Verseid":"24002025","Verse":"\u0a9a\u0ac2\u0aaa \u0ab0\u0ab9\u0ac7\u0ab5\u0ac1\u0a82 \u0a85\u0aa8\u0ac7 \u0aaf\u0ab9\u0acb\u0ab5\u0abe \u0aa4\u0aae\u0aa8\u0ac7 \u0aac\u0a9a\u0abe\u0ab5\u0ac7 \u0aa4\u0ac7\u0aa8\u0ac0 \u0ab0\u0abe\u0ab9 \u0a9c\u0acb\u0ab5\u0ac0 \u0aa4\u0ac7 \u0ab8\u0abe\u0ab0\u0ac1\u0a82 \u0a9b\u0ac7."},{"Verseid":"24002026","Verse":"\u0ab9\u0a9c\u0ac1 \u0aaf\u0ac1\u0ab5\u0abe\u0aa8 \u0ab9\u0acb\u0aaf \u0aa4\u0ac7 \u0aa6\u0ab0\u0aae\u0acd\u0aaf\u0abe\u0aa8 \u0aa4\u0ac7 \u0ab5\u0acd\u0aaf\u0a95\u0abf\u0aa4 \u0aa6\u0ac1:\u0a96\u0aa8\u0ac0 \u0a9d\u0ac2\u0a82\u0ab8\u0ab0\u0ac0 \u0a89\u0aaa\u0abe\u0aa1\u0ac7 \u0a8f\u0aae\u0abe\u0a82\u0a9c \u0a8f\u0aa8\u0ac1\u0a82 \u0a95\u0ab2\u0acd\u0aaf\u0abe\u0aa3 \u0a9b\u0ac7."},{"Verseid":"24002027","Verse":"\u0a9c\u0acd\u0aaf\u0abe\u0ab0\u0ac7 \u0aaf\u0ab9\u0acb\u0ab5\u0abe \u0aa4\u0ac7\u0aa8\u0abe \u0aaa\u0ab0 \u0a9d\u0ac2\u0a82\u0ab8\u0ab0\u0ac0 \u0aae\u0ac2\u0a95\u0ac7 \u0a9b\u0ac7, \u0aa4\u0ac7\u0aa5\u0ac0 \u0aa4\u0ac7\u0aa3\u0ac7 \u0a8f\u0a95\u0ab2\u0abe \u0ab6\u0abe\u0a82\u0aa4 \u0aac\u0ac7\u0ab8\u0ab5\u0ac1\u0a82 \u0a9c\u0acb\u0a87\u0a8f."},{"Verseid":"24002028","Verse":"\u0aad\u0ab2\u0ac7 \u0aa4\u0ac7 \u0aa4\u0ac7\u0aa8\u0acb \u0a9a\u0ab9\u0ac7\u0ab0\u0acb \u0aa7\u0ac2\u0ab3\u0aae\u0abe\u0a82 \u0a98\u0abe\u0ab2\u0ac7, \u0aa4\u0acd\u0aaf\u0abe\u0a82 \u0ab9\u0a9c\u0ac0 \u0aaa\u0aa3 \u0a95\u0aa6\u0abe\u0a9a \u0a86\u0ab6\u0abe \u0ab9\u0ab6\u0ac7."},{"Verseid":"24002029","Verse":"\u0a9c\u0ac7 \u0aa4\u0ac7\u0aa8\u0ac7 \u0aae\u0abe\u0ab0\u0ac7 \u0a9b\u0ac7 \u0aa4\u0ac7\u0aa8\u0abe \u0aad\u0aa3\u0ac0 \u0aaa\u0acb\u0aa4\u0abe\u0aa8\u0acb \u0a97\u0abe\u0ab2 \u0aa7\u0ab0\u0ac7; \u0a85\u0aa8\u0ac7 \u0aac\u0aa7\u0abe \u0a85\u0aaa\u0aae\u0abe\u0aa8 \u0ab5\u0ac7\u0aa0\u0ac0 \u0ab2\u0acb."},{"Verseid":"24002030","Verse":"\u0aaf\u0ab9\u0acb\u0ab5\u0abe \u0a86\u0aaa\u0aa3\u0aa8\u0ac7 \u0a95\u0aa6\u0ac0 \u0aaa\u0aa3 \u0aa8\u0a95\u0abe\u0ab0\u0ab6\u0ac7 \u0aa8\u0ab9\u0abf."},{"Verseid":"24002031","Verse":"\u0a95\u0abe\u0ab0\u0aa3, \u0aa4\u0ac7 \u0ab8\u0a9c\u0abe \u0a95\u0ab0\u0ac7 \u0a9b\u0ac7 \u0a85\u0aa8\u0ac7 \u0aa6\u0ac1:\u0a96 \u0aa6\u0ac7 \u0a9b\u0ac7; \u0a9b\u0aa4\u0abe\u0a82 \u0aa4\u0ac7 \u0a95\u0ab0\u0ac2\u0aa3\u0abe\u0ab8\u0abe\u0a97\u0ab0 \u0ab9\u0acb\u0a87 \u0aa6\u0aaf\u0abe \u0ab0\u0abe\u0a96\u0ac7 \u0a9b\u0ac7."},{"Verseid":"24002032","Verse":"\u0aa4\u0ac7 \u0ab0\u0abe\u0a9c\u0ac0\u0a96\u0ac1\u0ab6\u0ac0\u0aa5\u0ac0 \u0a95\u0acb\u0a87\u0aa8\u0ac7 \u0aaa\u0aa3 \u0aa6\u0ac1:\u0a96 \u0aa6\u0ac7\u0aa4\u0acb \u0aa8\u0aa5\u0ac0, \u0a85\u0aa8\u0ac7 \u0aa4\u0ac7\u0aae\u0aa8\u0ac7 \u0aa6\u0ac1:\u0a96 \u0a86\u0aaa\u0ac0\u0aa8\u0ac7 \u0aa4\u0ac7 \u0a96\u0ac1\u0ab6 \u0aa5\u0aa4\u0acb \u0aa8\u0aa5\u0ac0."},{"Verseid":"24002033","Verse":"\u0a9c\u0acd\u0aaf\u0abe\u0ab0\u0ac7 \u0aaa\u0aa3 \u0aaa\u0ac3\u0aa5\u0acd\u0ab5\u0ac0 \u0aaa\u0ab0\u0aa8\u0abe \u0a95\u0ac7\u0aa6\u0ac0\u0aa8\u0ac7 \u0ab8\u0abf\u0aa4\u0aae\u0a97\u0abe\u0ab0 \u0aa6\u0acd\u0ab5\u0abe\u0ab0\u0abe \u0a95\u0a9a\u0aa1\u0ac0 \u0aa8\u0abe\u0a82\u0a96\u0ab5\u0abe\u0aae\u0abe\u0a82 \u0a86\u0ab5\u0ac7 \u0a9b\u0ac7 \u0aa4\u0acd\u0aaf\u0abe\u0ab0\u0ac7,"},{"Verseid":"24002034","Verse":"\u0a9c\u0acd\u0aaf\u0abe\u0ab0\u0ac7 \u0aaa\u0aa3 \u0a95\u0acb\u0a87\u0aa8\u0acb \u0ab9\u0a95\u0acd\u0a95 \u0aaa\u0aa1\u0abe\u0ab5\u0ac0 \u0ab2\u0ac7\u0ab5\u0abe\u0aae\u0abe\u0a82 \u0a86\u0ab5\u0ac7 \u0a9b\u0ac7, \u2018\u0aaa\u0ab0\u0aae \u0a89\u0a9a\u0acd\u0a9a\u0aa8\u0ac0 \u0ab9\u0abe\u0a9c\u0ab0\u0ac0\u0aae\u0abe\u0a82 \u0aa4\u0acd\u0aaf\u0abe\u0ab0\u0ac7\u2019."},{"Verseid":"24002035","Verse":"\u0a9c\u0acd\u0aaf\u0abe\u0ab0\u0ac7 \u0aaa\u0aa3 \u0aa8\u0acd\u0aaf\u0abe\u0aaf \u0aa5\u0aa4\u0acb \u0aa8\u0aa5\u0ac0, \u0aaf\u0ab9\u0acb\u0ab5\u0abe\u0aa8\u0ac7 \u0aa4\u0ac7 \u0aae\u0a82\u0a9c\u0ac2\u0ab0 \u0aa8\u0aa5\u0ac0."},{"Verseid":"24002036","Verse":"\u0aaf\u0ab9\u0acb\u0ab5\u0abe\u0aa8\u0ac0 \u0a86\u0a9c\u0acd\u0a9e\u0abe \u0ab5\u0abf\u0aa8\u0abe \u0a95\u0acb\u0aa8\u0ac1\u0a82 \u0aa7\u0abe\u0ab0\u0acd\u0aaf\u0ac1\u0a82 \u0aa5\u0abe\u0aaf \u0a9b\u0ac7?"},{"Verseid":"24002037","Verse":"\u0aaa\u0ab0\u0abe\u0aa4\u0acd\u0aaa\u0ab0 \u0aa6\u0ac7\u0ab5\u0aa8\u0ac0 \u0a86\u0a9c\u0acd\u0a9e\u0abe\u0aa5\u0ac0 \u0a9c \u0ab8\u0ac1\u0a96 \u0a85\u0aa8\u0ac7 \u0aa6\u0ac1:\u0a96 \u0aac\u0aa8\u0acd\u0aa8\u0ac7 \u0a89\u0aa4\u0acd\u0aaa\u0aa8\u0acd\u0aa8 \u0aa5\u0abe\u0aaf \u0a9b\u0ac7."},{"Verseid":"24002038","Verse":"\u0aaa\u0abe\u0aaa\u0aa8\u0ac0 \u0ab8\u0a9c\u0abe \u0ab8\u0abe\u0aae\u0ac7 \u0a95\u0acb\u0a87 \u0aae\u0abe\u0aa3\u0ab8\u0ac7 \u0ab6\u0abe \u0aae\u0abe\u0a9f\u0ac7 \u0aab\u0ab0\u0abf\u0aaf\u0abe\u0aa6 \u0a95\u0ab0\u0ab5\u0ac0 \u0a9c\u0acb\u0a87\u0a8f?"},{"Verseid":"24002039","Verse":"\u0a86\u0aaa\u0aa3\u0ac0 \u0ab0\u0ac0\u0aa4\u0aad\u0abe\u0aa4 \u0aa4\u0aaa\u0abe\u0ab8\u0ac0\u0a8f \u0a85\u0aa8\u0ac7 \u0a95\u0ab8\u0acb\u0a9f\u0ac0 \u0a95\u0ab0\u0ac0\u0a8f \u0a85\u0aa8\u0ac7 \u0a86\u0aaa\u0aa3\u0ac7 \u0aaf\u0ab9\u0acb\u0ab5\u0abe \u0aa4\u0ab0\u0aab \u0aaa\u0abe\u0a9b\u0abe \u0aab\u0ab0\u0ac0\u0a8f."},{"Verseid":"24002040","Verse":"\u0a86\u0aaa\u0aa3\u0ac7 \u0aac\u0ac7 \u0ab9\u0abe\u0aa5 \u0a9c\u0acb\u0aa1\u0ac0\u0aa8\u0ac7 \u0ab8\u0abe\u0a9a\u0abe \u0ab9\u0ac3\u0aa6\u0aaf\u0aa5\u0ac0. \u0ab8\u0acd\u0ab5\u0ab0\u0acd\u0a97\u0aae\u0abe\u0a82 \u0ab5\u0ab8\u0aa4\u0abe \u0aa6\u0ac7\u0ab5\u0aa8\u0ac7 \u0aaa\u0acd\u0ab0\u0abe\u0ab0\u0acd\u0aa5\u0aa8\u0abe \u0a95\u0ab0\u0ac0\u0a8f."},{"Verseid":"24002041","Verse":"\u0a85\u0aae\u0ac7 \u0aac\u0ab3\u0ab5\u0acb \u0a95\u0ab0\u0ac0\u0aa8\u0ac7 \u0a85\u0aaa\u0ab0\u0abe\u0aa7 \u0a95\u0ab0\u0acd\u0aaf\u0acb \u0a9b\u0ac7; \u0a85\u0aa8\u0ac7 \u0aa4\u0aae\u0ac7 \u0a85\u0aae\u0aa8\u0ac7 \u0aae\u0abe\u0aab \u0a95\u0ab0\u0acd\u0aaf\u0abe \u0aa8\u0aa5\u0ac0."},{"Verseid":"24002042","Verse":"\u0ab0\u0acb\u0ab7\u0ac7 \u0aad\u0ab0\u0abe\u0a87\u0aa8\u0ac7 \u0aa4\u0aae\u0ac7 \u0a85\u0aae\u0abe\u0ab0\u0acb \u0aaa\u0ac0\u0a9b\u0acb \u0a95\u0ab0\u0acd\u0aaf\u0acb \u0a9b\u0ac7 \u0a85\u0aa8\u0ac7 \u0aa8\u0abf\u0ab0\u0acd\u0aa6\u0aaf\u0ac0 \u0ab0\u0ac0\u0aa4\u0ac7 \u0a85\u0aae\u0abe\u0ab0\u0acb \u0ab5\u0aa7 \u0a95\u0ab0\u0acd\u0aaf\u0acb \u0a9b\u0ac7."},{"Verseid":"24002043","Verse":"\u0aa4\u0aae\u0ac7 \u0ab0\u0acb\u0ab7\u0aa8\u0abe \u0ab5\u0abe\u0aa6\u0ab3 \u0aaa\u0abe\u0a9b\u0ab3 \u0a9b\u0ac1\u0aaa\u0abe\u0a87 \u0a97\u0aaf\u0abe \u0a9b\u0acb; \u0a9c\u0ac7\u0aa5\u0ac0 \u0a85\u0aae\u0abe\u0ab0\u0ac0 \u0aaa\u0acd\u0ab0\u0abe\u0ab0\u0acd\u0aa5\u0aa8\u0abe \u0aa4\u0aae\u0aa8\u0ac7 \u0aad\u0ac7\u0aa6\u0ac0\u0aa8\u0ac7 \u0aaa\u0ab9\u0acb\u0a82\u0a9a\u0ac0 \u0ab6\u0a95\u0ac7 \u0aa8\u0ab9\u0abf."},{"Verseid":"24002044","Verse":"\u0aa4\u0aae\u0ac7 \u0a85\u0aae\u0aa8\u0ac7 \u0aaa\u0acd\u0ab0\u0a9c\u0abe\u0a93\u0aa8\u0ac0 \u0ab5\u0a9a\u0aae\u0abe\u0a82. \u0a95\u0a9a\u0ab0\u0abe \u0a85\u0aa8\u0ac7 \u0a89\u0a95\u0ab0\u0aa1\u0abe \u0a9c\u0ac7\u0ab5\u0abe \u0aac\u0aa8\u0abe\u0ab5\u0ac0 \u0aae\u0ac2\u0a95\u0acd\u0aaf\u0abe \u0a9b\u0ac7."},{"Verseid":"24002045","Verse":"\u0a85\u0aae\u0abe\u0ab0\u0ac0 \u0ab5\u0abf\u0ab0\u0ac1\u0aa6\u0acd\u0aa7 \u0aae\u0ac1\u0a96 \u0a89\u0a98\u0abe\u0aa1\u0ac0\u0aa8\u0ac7 \u0a85\u0aae\u0abe\u0ab0\u0abe \u0ab8\u0ab0\u0acd\u0ab5 \u0ab6\u0aa4\u0acd\u0ab0\u0ac1\u0a93\u0a8f \u0a85\u0aae\u0abe\u0ab0\u0ac0 \u0ab9\u0abe\u0a82\u0ab8\u0ac0 \u0a95\u0ab0\u0ac0 \u0a9b\u0ac7."},{"Verseid":"24002046","Verse":"\u0a85\u0aae\u0ac7 \u0aad\u0aaf\u0aad\u0ac0\u0aa4 \u0aa5\u0aaf\u0abe \u0a9b\u0ac0\u0a8f, \u0a9c\u0abe\u0aa3\u0ac7 \u0a85\u0aae\u0ac7 \u0a96\u0abe\u0aa1\u0abe\u0aae\u0abe\u0a82 \u0aaa\u0aa1\u0ac0 \u0a97\u0aaf\u0abe \u0ab9\u0acb\u0a87\u0a8f \u0a8f\u0ab5\u0ac1\u0a82 \u0ab2\u0abe\u0a97\u0ac7 \u0a9b\u0ac7. \u0a85\u0aae\u0ac7 \u0a8f\u0a95\u0ab2\u0abe \u0a9b\u0ac0\u0a8f \u0a85\u0aa8\u0ac7 \u0aad\u0abe\u0a82\u0a97\u0ac0 \u0aaa\u0aa1\u0acd\u0aaf\u0abe \u0a9b\u0ac0\u0a8f."},{"Verseid":"24002047","Verse":"\u0aae\u0abe\u0ab0\u0abe \u0ab2\u0acb\u0a95\u0acb\u0aa8\u0acb \u0ab5\u0abf\u0aa8\u0abe\u0ab6 \u0a9c\u0acb\u0a87\u0aa8\u0ac7 \u0aae\u0abe\u0ab0\u0ac0 \u0a86\u0a82\u0a96\u0acb\u0aae\u0abe\u0a82\u0aa5\u0ac0 \u0a86\u0a82\u0ab8\u0ac1\u0aa8\u0ac0 \u0aa8\u0aa6\u0ac0\u0a93 \u0ab5\u0ab9\u0ac7 \u0a9b\u0ac7."},{"Verseid":"24002048","Verse":"\u0aaf\u0ab9\u0acb\u0ab5\u0abe \u0a86\u0a95\u0abe\u0ab6\u0aae\u0abe\u0a82\u0aa5\u0ac0 \u0aa6\u0acd\u0ab0\u0ab7\u0acd\u0a9f\u0abf \u0a95\u0ab0\u0ac0\u0aa8\u0ac7 \u0a9c\u0ac1\u0a8f \u0aa4\u0acd\u0aaf\u0abe\u0a82 \u0ab8\u0ac1\u0aa7\u0ac0."},{"Verseid":"24002049","Verse":"\u0aa8\u0abf\u0ab0\u0a82\u0aa4\u0ab0 \u0aae\u0abe\u0ab0\u0ac0 \u0a86\u0a82\u0a96\u0aae\u0abe\u0a82\u0aa5\u0ac0 \u0a86\u0a82\u0ab8\u0ac1\u0a93 \u0ab5\u0ab9\u0ac7 \u0a9b\u0ac7."},{"Verseid":"24002050","Verse":"\u0aae\u0abe\u0ab0\u0ac0 \u0aa8\u0a97\u0ab0\u0ac0\u0aa8\u0ac0 \u0ab8\u0ab0\u0acd\u0ab5 \u0a95\u0ac1\u0aae\u0abe\u0ab0\u0ac0\u0a95\u0abe\u0a93\u0aa8\u0ac0 \u0aa6\u0ab6\u0abe \u0a9c\u0acb\u0a87\u0aa8\u0ac7 \u0aae\u0abe\u0ab0\u0ac0 \u0a86\u0a82\u0a96\u0acb \u0ab8\u0ac2\u0a9c\u0ac0 \u0a97\u0a87 \u0a9b\u0ac7."},{"Verseid":"24002051","Verse":"\u0aa4\u0ac7\u0a93 \u0a95\u0abe\u0ab0\u0aa3 \u0ab5\u0abf\u0aa8\u0abe \u0aae\u0abe\u0ab0\u0abe \u0ab6\u0aa4\u0acd\u0ab0\u0ac1 \u0aa5\u0aaf\u0abe \u0a9b\u0ac7 \u0a85\u0aa8\u0ac7 \u0aa4\u0ac7\u0aae\u0aa3\u0ac7 \u0aaa\u0a82\u0a96\u0ac0\u0aa8\u0ac0 \u0a9c\u0ac7\u0aae \u0aae\u0abe\u0ab0\u0acb \u0ab6\u0abf\u0a95\u0abe\u0ab0 \u0a95\u0ab0\u0acd\u0aaf\u0acb \u0a9b\u0ac7."},{"Verseid":"24002052","Verse":"\u0aa4\u0ac7\u0a93\u0a8f \u0aae\u0aa8\u0ac7 \u0a9c\u0ac0\u0ab5\u0aa4\u0acb \u0a96\u0abe\u0aa1\u0abe\u0aae\u0abe\u0a82 \u0aa8\u0abe\u0a96\u0acd\u0aaf\u0acb \u0a9b\u0ac7 \u0a85\u0aa8\u0ac7 \u0aa4\u0ac7\u0aae\u0aa3\u0ac7 \u0aae\u0abe\u0ab0\u0abe \u0aaa\u0ab0 \u0aaa\u0aa5\u0acd\u0aa5\u0ab0 \u0aa2\u0abe\u0a82\u0a95\u0acd\u0aaf\u0acb \u0a9b\u0ac7."},{"Verseid":"24002053","Verse":"\u0aae\u0abe\u0ab0\u0abe \u0aae\u0abe\u0aa5\u0abe \u0aaa\u0ab0 \u0aaa\u0abe\u0aa3\u0ac0 \u0aab\u0ab0\u0ac0 \u0ab5\u0ab3\u0acd\u0aaf\u0abe\u0a82 \u0a85\u0aa8\u0ac7 \u0ab9\u0ac1\u0a82 \u0aac\u0acb\u0ab2\u0ac0 \u0a89\u0aa0\u0aaf\u0acb \u0a95\u0ac7 \u201c\u0ab9\u0ac1\u0a82 \u0aae\u0ab0\u0ac0 \u0a97\u0aaf\u0acb \u0a9b\u0ac1\u0ac1\u0a82.\u201d"},{"Verseid":"24002054","Verse":"\u0ab9\u0ac7 \u0aaf\u0ab9\u0acb\u0ab5\u0abe, \u0a95\u0abe\u0ab0\u0abe\u0a97\u0ac3\u0ab9\u0aa8\u0abe \u0aa8\u0ac0\u0a9a\u0ab2\u0abe \u0aad\u0acb\u0a82\u0aaf\u0ab0\u0abe\u0aae\u0abe\u0a82\u0aa5\u0ac0. \u0aae\u0ac7\u0a82 \u0aa4\u0aae\u0abe\u0ab0\u0abe \u0aa8\u0abe\u0aae\u0aa8\u0acb \u0aaa\u0acb\u0a95\u0abe\u0ab0 \u0a95\u0ab0\u0acd\u0aaf\u0acb."},{"Verseid":"24002055","Verse":"\u0ab9\u0ac1\u0a82 \u0aae\u0aa6\u0aa6 \u0aae\u0abe\u0a9f\u0ac7 \u0a98\u0abe \u0aa8\u0abe\u0a96\u0ac1\u0a82 \u0a9b\u0ac1\u0a82 \u0a85\u0aa8\u0ac7 \u0aae\u0abe\u0ab0\u0ac0 \u0a85\u0ab0\u0a9c \u0ab8\u0abe\u0a82\u0aad\u0ab3\u0ac0\u0aa8\u0ac7 \u0aa4\u0aae\u0ac7 \u0aa4\u0aae\u0abe\u0ab0\u0acb \u0a95\u0abe\u0aa8 \u0aac\u0a82\u0aa7 \u0aa8 \u0a95\u0ab0\u0ab6\u0acb."},{"Verseid":"24002056","Verse":"\u0aa4\u0aae\u0ac7 \u0a9a\u0acb\u0a95\u0acd\u0a95\u0ab8 \u0aae\u0abe\u0ab0\u0ac0 \u0ab9\u0abe\u0a82\u0a95 \u0ab8\u0abe\u0a82\u0aad\u0ab3\u0ac0\u0aa8\u0ac7 \u0a86\u0ab5\u0acd\u0aaf\u0abe, \u0a85\u0aa8\u0ac7 \u0a95\u0ab9\u0acd\u0aaf\u0ac1\u0a82 \u0aaa\u0aa3 \u0a96\u0ab0\u0ac1 \u0a95\u0ac7,\u201d\u0aa1\u0ab0\u0ac0\u0ab6 \u0aa8\u0ab9\u0abf.\u201d"},{"Verseid":"24002057","Verse":"\u0ab9\u0ac7 \u0aaf\u0ab9\u0acb\u0ab5\u0abe! \u0aa4\u0aae\u0ac7 \u0a85\u0aae\u0abe\u0ab0\u0acb \u0aac\u0a9a\u0abe\u0ab5 \u0a95\u0ab0\u0acd\u0aaf\u0acb \u0a9b\u0ac7 \u0a85\u0aa8\u0ac7 \u0aae\u0abe\u0ab0\u0ac1\u0a82 \u0a9c\u0ac0\u0ab5\u0aa8 \u0aac\u0a9a\u0abe\u0ab5\u0acd\u0aaf\u0ac1\u0a82 \u0a9b\u0ac7."},{"Verseid":"24002058","Verse":"\u0ab9\u0ac7 \u0aaf\u0ab9\u0acb\u0ab5\u0abe, \u0aa4\u0aae\u0ac7 \u0aae\u0aa8\u0ac7 \u0aa5\u0aaf\u0ac7\u0ab2\u0abe \u0a85\u0aa8\u0acd\u0aaf\u0abe\u0aaf \u0a9c\u0acb\u0aaf\u0abe \u0a9b\u0ac7. \u0aa4\u0aae\u0ac7 \u0aae\u0abe\u0ab0\u0acb \u0aa8\u0acd\u0aaf\u0abe\u0aaf \u0a95\u0ab0\u0acb."},{"Verseid":"24002059","Verse":"\u0aae\u0abe\u0ab0\u0abe \u0aaa\u0acd\u0ab0\u0aa4\u0acd\u0aaf\u0ac7\u0aa8\u0ac0 \u0aa4\u0ac7\u0aae\u0aa8\u0ac0 \u0ab5\u0ac7\u0ab0\u0ab5\u0ac3\u0aa4\u0acd\u0aa4\u0abf, \u0a85\u0aa8\u0ac7 \u0aae\u0abe\u0ab0\u0ac0 \u0ab5\u0abf\u0ab0\u0ac1\u0aa6\u0acd\u0aa7\u0aa8\u0abe \u0ab8\u0ab0\u0acd\u0ab5 \u0a95\u0abe\u0ab5\u0abe\u0aa6\u0abe\u0ab5\u0abe \u0aa4\u0aae\u0ac7 \u0a9c\u0acb\u0aaf\u0abe \u0a9b\u0ac7."},{"Verseid":"24002060","Verse":"\u0ab9\u0ac7 \u0aaf\u0ab9\u0acb\u0ab5\u0abe, \u0aa4\u0ac7\u0a93\u0a8f \u0a95\u0ab0\u0ac7\u0ab2\u0ac0 \u0aae\u0abe\u0ab0\u0ac0 \u0aa8\u0abf\u0a82\u0aa6\u0abe \u0aa4\u0aa5\u0abe \u0aa4\u0ac7\u0a93\u0a8f \u0aae\u0abe\u0ab0\u0ac0 \u0ab5\u0abf\u0ab0\u0ac2\u0aa6\u0acd\u0aa7 \u0a95\u0ab0\u0ac7\u0ab2\u0abe \u0ab8\u0ab0\u0acd\u0ab5 \u0a95\u0abe\u0ab5\u0aa4\u0ab0\u0abe \u0aa4\u0ac7\u0a82 \u0ab8\u0abe\u0a82\u0aad\u0ab3\u0acd\u0aaf\u0abe\u0a82 \u0a9b\u0ac7."},{"Verseid":"24002061","Verse":"\u0aae\u0abe\u0ab0\u0abe \u0ab5\u0abf\u0ab0\u0acb\u0aa7\u0ac0\u0a93 \u0a86\u0a96\u0acb \u0aa6\u0abf\u0ab5\u0ab8 \u0aac\u0a96\u0abe\u0ab3\u0abe \u0a95\u0abe\u0aa2\u0ac7 \u0a9b\u0ac7. \u0aa4\u0aae\u0ac7 \u0aa4\u0ac7\u0aae\u0aa8\u0abe \u0a95\u0abe\u0ab5\u0abe\u0aa6\u0abe\u0ab5\u0abe \u0a9c\u0abe\u0aa3\u0acb \u0a9b\u0acb."},{"Verseid":"24002062","Verse":"\u0aaa\u0a9b\u0ac0 \u0aad\u0ab2\u0ac7 \u0aa4\u0ac7\u0a93 \u0aac\u0ac7\u0aa0\u0abe \u0ab9\u0acb\u0aaf \u0a95\u0ac7 \u0a89\u0aad\u0abe \u0ab9\u0acb\u0aaf, \u0ab9\u0ac1\u0a82 \u0aa4\u0acb \u0aa4\u0ac7\u0aae\u0aa8\u0ac0 \u0aa0\u0aa0\u0acd\u0aa0\u0abe \u0aae\u0ab6\u0acd\u0a95\u0ab0\u0ac0\u0aa8\u0ac1\u0a82 \u0aa7\u0acd\u0aaf\u0ac7\u0aaf \u0aac\u0aa8\u0ac0 \u0a97\u0aaf\u0acb \u0a9b\u0ac1."},{"Verseid":"24002063","Verse":"\u0ab9\u0ac7 \u0aaf\u0ab9\u0acb\u0ab5\u0abe, \u0aa4\u0aae\u0ac7 \u0aa4\u0ac7\u0aae\u0aa8\u0abe \u0ab9\u0abe\u0aa5\u0aa8\u0ac0 \u0a95\u0ab0\u0aa3\u0ac0 \u0aaa\u0acd\u0ab0\u0aae\u0abe\u0aa3\u0ac7 \u0aa4\u0ac7\u0a93\u0aa8\u0ac7, \u0aac\u0aa6\u0ab2\u0acb \u0a86\u0aaa\u0a9c\u0acb."},{"Verseid":"24002064","Verse":"\u0aa4\u0aae\u0ac7 \u0aa4\u0ac7\u0a93\u0aa8\u0ac0 \u0aac\u0ac1\u0aa6\u0acd\u0aa7\u0abf \u0a9c\u0aa1 \u0aac\u0aa8\u0abe\u0ab5\u0ac0 \u0aa6\u0ac7\u0a9c\u0acb \u0a85\u0aa8\u0ac7 \u0aa4\u0ac7\u0aae\u0aa8\u0abe \u0aaa\u0ab0 \u0ab6\u0abe\u0aaa \u0ab5\u0ab0\u0ab8\u0abe\u0ab5\u0a9c\u0acb."},{"Verseid":"24002065","Verse":"\u0a95\u0acd\u0ab0\u0acb\u0aa7\u0ac7 \u0aad\u0ab0\u0abe\u0a87\u0aa8\u0ac7 \u0aaa\u0ac0\u0a9b\u0acb \u0aaa\u0a95\u0aa1\u0ac0\u0aa8\u0ac7 \u0aa4\u0aae\u0ac7 \u0aa4\u0ac7\u0aae\u0aa8\u0acb \u0aa8\u0abe\u0ab6 \u0a95\u0ab0\u0a9c\u0acb \u0a85\u0aa8\u0ac7 \u0ab9\u0ac7 \u0aaf\u0ab9\u0acb\u0ab5\u0abe! \u0aa4\u0aae\u0ac7 \u0aa4\u0ac7\u0aae\u0aa8\u0acb \u0aaa\u0ac3\u0aa5\u0acd\u0ab5\u0ac0 \u0aaa\u0ab0\u0aa5\u0ac0 \u0ab8\u0a82\u0ab9\u0abe\u0ab0 \u0a95\u0ab0\u0a9c\u0acb."}]},{"Verse":[{"Verseid":"24003000","Verse":"\u0ab8\u0acb\u0aa8\u0ac1\u0a82 \u0a95\u0ac7\u0ab5\u0ac1\u0a82 \u0a9d\u0abe\u0a82\u0a96\u0ac1\u0a82 \u0aaa\u0aa1\u0acd\u0aaf\u0ac1\u0a82 \u0a9b\u0ac7, \u0aa8\u0ac7 \u0a95\u0ac1\u0a82\u0aa6\u0aa8 \u0aac\u0aa6\u0ab2\u0abe\u0a87 \u0a97\u0aaf\u0ac1\u0a82 \u0a9b\u0ac7. \u0aaa\u0ab5\u0abf\u0aa4\u0acd\u0ab0\u0ab8\u0acd\u0aa5\u0abe\u0aa8\u0aa8\u0abe \u0aaa\u0aa5\u0acd\u0aa5\u0ab0\u0acb \u0ab6\u0ac7\u0ab0\u0ac0\u0a93\u0aa8\u0ac7 \u0a96\u0ac2\u0aa3\u0ac7 \u0ab5\u0abf\u0a96\u0ac7\u0ab0\u0abe\u0a87\u0aa8\u0ac7 \u0a86\u0aae\u0aa4\u0ac7\u0aae \u0aaa\u0aa1\u0acd\u0aaf\u0abe \u0a9b\u0ac7."},{"Verseid":"24003001","Verse":"\u0ab8\u0abf\u0aaf\u0acb\u0aa8\u0aa8\u0abe \u0a85\u0aae\u0ac2\u0ab2\u0acd\u0aaf \u0aaa\u0ac1\u0aa4\u0acd\u0ab0\u0acb \u0a9c\u0ac7 \u0a95\u0ac1\u0a82\u0aa6\u0aa8 \u0a9c\u0ac7\u0ab5\u0abe \u0a9b\u0ac7. \u0aa4\u0ac7\u0a93 \u0ab6\u0abe \u0aae\u0abe\u0a9f\u0ac7 \u0aae\u0abe\u0a9f\u0ac0\u0aa8\u0abe \u0a98\u0aa1\u0abe\u0aa8\u0abe \u0aae\u0ac2\u0ab2\u0aae\u0abe \u0ab2\u0ac7\u0a96\u0abe\u0aaf \u0a9b\u0ac7?"},{"Verseid":"24003002","Verse":"\u0ab6\u0abf\u0aaf\u0abe\u0ab3 \u0aaa\u0aa3 \u0aaa\u0acb\u0aa4\u0abe\u0aa8\u0abe\u0a82 \u0aac\u0a9a\u0acd\u0a9a\u0abe\u0aa8\u0ac7 \u0aa5\u0abe\u0aa8\u0ac7 \u0ab5\u0ab3\u0a97\u0abe\u0aa1\u0ac0\u0aa8\u0ac7 \u0aa7\u0ab5\u0aa1\u0abe\u0ab5\u0ac7 \u0a9b\u0ac7 \u0aaa\u0ab0\u0a82\u0aa4\u0ac1 \u0aae\u0abe\u0ab0\u0ac0 \u0aaa\u0acd\u0ab0\u0a9c\u0abe \u0ab5\u0a97\u0aa1\u0abe\u0aa8\u0abe \u0ab6\u0abe\u0ab9\u0aae\u0ac3\u0a97 \u0a9c\u0ac7\u0ab5\u0ac0 \u0ab2\u0abe\u0a97\u0aa3\u0ac0 \u0ab6\u0ac2\u0aa8\u0acd\u0aaf \u0aa5\u0a87 \u0a97\u0a87 \u0a9b\u0ac7."},{"Verseid":"24003003","Verse":"\u0aa4\u0ab0\u0ab8\u0aa8\u0ac7 \u0a95\u0abe\u0ab0\u0aa3\u0ac7 \u0aac\u0abe\u0ab3\u0a95\u0acb\u0aa8\u0ac0 \u0a9c\u0ac0\u0aad \u0aa4\u0abe\u0ab3\u0ab5\u0ac7 \u0a9a\u0acb\u0a82\u0a9f\u0ac0 \u0ab0\u0ab9\u0ac7 \u0a9b\u0ac7, \u0a85\u0aa8\u0ac7 \u0aac\u0abe\u0ab3\u0a95\u0acb \u0a96\u0acb\u0ab0\u0abe\u0a95\u0aa8\u0ac7 \u0aae\u0abe\u0a9f\u0ac7 \u0aad\u0ac0\u0a96 \u0aae\u0abe\u0a82\u0a97\u0ac0 \u0ab0\u0ab9\u0acd\u0aaf\u0abe \u0a9b\u0ac7. \u0aaa\u0aa3 \u0aa4\u0ac7\u0aae \u0a9b\u0aa4\u0abe\u0a82 \u0a95\u0acb\u0a87 \u0aa4\u0ac7\u0aae\u0aa8\u0ac7 \u0a95\u0ab6\u0ac1\u0a82 \u0aaa\u0aa3 \u0a86\u0aaa\u0aa4\u0ac1\u0a82 \u0aa8\u0aa5\u0ac0."},{"Verseid":"24003004","Verse":"\u0aaa\u0abe\u0a82\u0a9a \u0aaa\u0a95\u0ab5\u0abe\u0aa8 \u0a96\u0abe\u0aa8\u0abe\u0ab0\u0abe \u0ab0\u0ab8\u0acd\u0aa4\u0ac7 \u0ab0\u0a9d\u0ab3\u0ac0\u0aa8\u0ac7 \u0aae\u0ab0\u0ac7 \u0a9b\u0ac7. \u0ab0\u0ac7\u0ab6\u0aae\u0ac0 \u0ab5\u0ab8\u0acd\u0aa4\u0acd\u0ab0\u0acb\u0aae\u0abe\u0a82 \u0a8a\u0a9b\u0ab0\u0ac7\u0ab2\u0abe\u0a82 \u0a89\u0a95\u0ab0\u0aa1\u0ac7 \u0a86\u0ab3\u0acb\u0a9f\u0ac7 \u0a9b\u0ac7."},{"Verseid":"24003005","Verse":"\u0aae\u0abe\u0ab0\u0abe \u0ab2\u0acb\u0a95\u0acb\u0a8f \u0ab8\u0aa6\u0acb\u0aae \u0a95\u0ab0\u0aa4\u0abe \u0ab5\u0aa7\u0abe\u0ab0\u0ac7 \u0aaa\u0abe\u0aaa \u0a95\u0ab0\u0acd\u0aaf\u0abe\u0a82 \u0a9b\u0ac7, \u0a85\u0aa8\u0ac7 \u0ab8\u0aa6\u0acb\u0aae\u0aae\u0abe\u0a82 \u0aa4\u0acb \u0a8f\u0a95 \u0a9c \u0a95\u0acd\u0ab7\u0aa3\u0aae\u0abe\u0a82 \u0aac\u0aa7\u0ac1\u0a82 \u0a9c \u0aa8\u0abe\u0ab6 \u0aaa\u0abe\u0aae\u0acd\u0aaf\u0ac1\u0a82 \u0a9b\u0ac7; \u0a9b\u0aa4\u0abe\u0a82 \u0aaa\u0aa3 \u0a95\u0acb\u0a87 \u0aae\u0abe\u0aa3\u0ab8\u0ac7 \u0aa4\u0ac7\u0aae\u0aa8\u0ac7 \u0ab9\u0abe\u0aa5 \u0ab2\u0a97\u0abe\u0aa1\u0aaf\u0acb \u0aa8\u0aa5\u0ac0."},{"Verseid":"24003006","Verse":"\u0aa4\u0ac7\u0aa8\u0abe \u0a9a\u0ac1\u0aa8\u0a82\u0aa6\u0abe \u0ab5\u0ac0\u0ab0\u0acb \u0ab9\u0ac0\u0aae \u0a95\u0ab0\u0aa4\u0abe\u0a82 \u0aaf \u0ab8\u0acd\u0ab5\u0a9a\u0acd\u0a9b \u0ab9\u0aa4\u0abe, \u0a85\u0aa8\u0ac7 \u0aa6\u0ac2\u0aa7 \u0a95\u0ab0\u0aa4\u0abe\u0a82 \u0aaf \u0aa7\u0acb\u0ab3\u0abe \u0ab9\u0aa4\u0abe. \u0aa4\u0ac7\u0aae\u0aa8\u0abe\u0a82 \u0ab6\u0ab0\u0ac0\u0ab0 \u0aaa\u0ab0\u0ab5\u0abe\u0ab3\u0abe\u0a82 \u0a95\u0ab0\u0aa4\u0abe\u0a82 \u0aaf \u0ab2\u0abe\u0ab2 \u0ab9\u0aa4\u0abe\u0a82 \u0a85\u0aa8\u0ac7 \u0aa4\u0ac7\u0aae\u0aa8\u0ac0 \u0aa8\u0ab8\u0acb \u0aa8\u0ac0\u0ab2\u0aae\u0aa3\u0ac0 \u0a9c\u0ac7\u0ab5\u0ac0 \u0aa8\u0ac0\u0ab2 \u0ab9\u0aa4\u0ac0."},{"Verseid":"24003007","Verse":"\u0aaa\u0aa3 \u0ab9\u0abe\u0ab2 \u0aa4\u0ac7\u0a93 \u0ab0\u0ab8\u0acd\u0aa4\u0abe\u0aae\u0abe\u0a82 \u0aaa\u0aa1\u0aaf\u0abe\u0a82 \u0a9b\u0ac7, \u0a93\u0ab3\u0a96\u0abe\u0aa4\u0abe \u0aa8\u0aa5\u0ac0. \u0aa4\u0ac7\u0aae\u0aa8\u0abe \u0aae\u0acb\u0a82\u0aa2\u0abe\u0a95\u0abe\u0a9c\u0ab3\u0aa5\u0ac0 \u0aaa\u0aa3 \u0a95\u0abe\u0ab3\u0abe \u0aaa\u0aa1\u0ac0 \u0a97\u0aaf\u0abe \u0a9b\u0ac7; \u0aa4\u0ac7\u0aae\u0aa8\u0ac0 \u0a9a\u0abe\u0aae\u0aa1\u0ac0 \u0ab9\u0abe\u0aa1\u0a95\u0abe \u0aaa\u0ab0 \u0a9a\u0ac0\u0aae\u0ab3\u0abe\u0a87 \u0a97\u0a87 \u0a9b\u0ac7 \u0a85\u0aa8\u0ac7 \u0ab8\u0ac1\u0a95\u0abe\u0a87\u0aa8\u0ac7 \u0ab2\u0abe\u0a95\u0aa1\u0abe \u0a9c\u0ac7\u0ab5\u0ac0 \u0aa5\u0a87 \u0a97\u0a87 \u0a9b\u0ac7."},{"Verseid":"24003008","Verse":"\u0aad\u0ac2\u0a96\u0aa5\u0ac0 \u0aae\u0ab0\u0aa8\u0abe\u0ab0 \u0a95\u0ab0\u0aa4\u0abe\u0a82 \u0aa4\u0ab0\u0ab5\u0abe\u0ab0\u0aa5\u0ac0 \u0aae\u0ab0\u0aa8\u0abe\u0ab0 \u0ab5\u0aa7\u0abe\u0ab0\u0ac7 \u0aa8\u0ab8\u0ac0\u0aac\u0aa6\u0abe\u0ab0 \u0ab9\u0aa4\u0abe; \u0aa4\u0ac7\u0aae\u0aa8\u0abe \u0a9c\u0ac0\u0ab5\u0aa8\u0acb \u0a85\u0aa8\u0acd\u0aa8\u0a9c\u0ab3 \u0ab5\u0abf\u0aa8\u0abe \u0ab5\u0ab9\u0ac0 \u0a97\u0aaf\u0abe\u0a82 \u0a9b\u0ac7 \u0a95\u0abe\u0ab0\u0aa3\u0a95\u0ac7 \u0aa4\u0acd\u0aaf\u0abe\u0a82 \u0ab2\u0aa3\u0ab5\u0abe \u0aae\u0abe\u0a9f\u0ac7 \u0aa7\u0abe\u0aa8 \u0aa8\u0ab9\u0acb\u0aa4\u0ac1\u0a82."},{"Verseid":"24003009","Verse":"\u0aae\u0abe\u0ab0\u0ac0 \u0aaa\u0acd\u0ab0\u0a9c\u0abe \u0aaa\u0ab0 \u0a8f\u0ab5\u0ac0 \u0a86\u0aab\u0aa4 \u0a8a\u0aa4\u0ab0\u0ac0 \u0a86\u0ab5\u0ac0 \u0a95\u0ac7 \u0a95\u0acb\u0aae\u0ab3 \u0ab9\u0ac3\u0aa6\u0aaf\u0aa8\u0ac0 \u0ab8\u0acd\u0aa4\u0acd\u0ab0\u0ac0\u0a93\u0a8f \u0aaa\u0acb\u0aa4\u0abe\u0aa8\u0abe \u0aaa\u0ac7\u0a9f\u0aa8\u0abe\u0a82 \u0a9b\u0acb\u0a95\u0ab0\u0abe\u0a82\u0aa8\u0ac7 \u0aaa\u0acb\u0aa4\u0abe\u0aa8\u0abe \u0ab9\u0abe\u0aa5\u0ac7 \u0ab0\u0abe\u0a82\u0aa7\u0ac0\u0aa8\u0ac7 \u0a96\u0abe\u0ab5\u0abe \u0aaa\u0aa1\u0acd\u0aaf\u0abe\u0a82."},{"Verseid":"24003010","Verse":"\u0aaf\u0ab9\u0acb\u0ab5\u0abe\u0a8f \u0aaa\u0ac2\u0ab0\u0ac7\u0aaa\u0ac2\u0ab0\u0acb \u0aaa\u0acb\u0aa4\u0abe\u0aa8\u0acb \u0a95\u0acd\u0ab0\u0acb\u0aa7 \u0aac\u0aa4\u0abe\u0ab5\u0acd\u0aaf\u0acb. \u0a85\u0aa8\u0ac7 \u0aa4\u0ac7\u0aae\u0aa3\u0ac7 \u0aa4\u0ac7\u0aa8\u0ac7 \u0a86\u0a97\u0aa8\u0ac0 \u0a9c\u0ac7\u0aae \u0ab5\u0ab0\u0ab8\u0abe\u0ab5\u0acd\u0aaf\u0acb \u0ab9\u0aa4\u0acb. \u0ab8\u0abf\u0aaf\u0acb\u0aa8 \u0aa8\u0a97\u0ab0\u0ac0\u0aae\u0abe\u0a82 \u0a8f\u0ab5\u0ac0 \u0a86\u0a97 \u0a9a\u0abe\u0a82\u0aaa\u0ac0 \u0ab9\u0aa4\u0ac0 \u0a9c\u0ac7 \u0aa4\u0ac7\u0aa8\u0abe \u0aaa\u0abe\u0aaf\u0abe\u0aa8\u0ac7 \u0ab8\u0ac1\u0aa6\u0acd\u0aa7\u0abe\u0a82 \u0aad\u0ab0\u0a96\u0ac0 \u0a97\u0a87."},{"Verseid":"24003011","Verse":"\u0aa6\u0ac1\u0aa8\u0abf\u0aaf\u0abe\u0aa8\u0abe \u0a95\u0acb\u0a87 \u0ab0\u0abe\u0a9c\u0abe \u0a95\u0ac7 \u0ab2\u0acb\u0a95\u0acb\u0a8f \u0aa7\u0abe\u0ab0\u0acd\u0aaf\u0ac1\u0a82 \u0aa8\u0ab9\u0acb\u0aa4\u0ac1\u0a82, \u0a95\u0ac7 \u0aaf\u0ab0\u0ac2\u0ab6\u0abe\u0ab2\u0ac7\u0aae\u0aa8\u0abe \u0ab6\u0aa4\u0acd\u0ab0\u0ac1\u0a93 \u0aa4\u0ac7\u0aae\u0aa8\u0abe \u0aa6\u0ab0\u0ab5\u0abe\u0a9c\u0ac7\u0aa5\u0ac0 \u0aaa\u0ab8\u0abe\u0ab0 \u0aa5\u0ab6\u0ac7."},{"Verseid":"24003012","Verse":"\u0aaa\u0aa3 \u0aac\u0aa8\u0acd\u0aaf\u0ac1\u0a82 \u0a8f\u0aae, \u0aaa\u0acd\u0ab0\u0aac\u0acb\u0aa7\u0a95\u0acb\u0aa8\u0abe \u0aaa\u0abe\u0aaa\u0ac7; \u0a85\u0aa8\u0ac7 \u0aaf\u0abe\u0a9c\u0a95\u0acb\u0aa8\u0abe \u0a85\u0aa8\u0acd\u0aaf\u0abe\u0aaf\u0aa8\u0ac7 \u0a95\u0abe\u0ab0\u0aa3\u0ac7; \u0aa4\u0ac7\u0aae\u0aa3\u0ac7 \u0aa8\u0a97\u0ab0\u0aae\u0abe\u0a82 \u0aa8\u0acd\u0aaf\u0abe\u0aaf\u0ac0\u0a93\u0aa8\u0ac1\u0a82 \u0ab2\u0acb\u0ab9\u0ac0 \u0ab5\u0ab9\u0abe\u0ab5\u0acd\u0aaf\u0ac1\u0a82 \u0a9b\u0ac7."},{"Verseid":"24003013","Verse":"\u0aa4\u0ac7\u0a93 \u0ab6\u0ac7\u0ab0\u0ac0\u0a8f \u0ab6\u0ac7\u0ab0\u0ac0\u0a8f \u0a86\u0a82\u0aa7\u0ab3\u0abe\u0a93\u0aa8\u0ac0 \u0a9c\u0ac7\u0aae \u0aad\u0a9f\u0a95\u0aaf\u0abe\u0a82. \u0aa4\u0ac7\u0a93 \u0ab2\u0acb\u0ab9\u0ac0\u0aa5\u0ac0 \u0a8f\u0ab5\u0abe \u0aa4\u0acb \u0ab2\u0aa5\u0aac\u0aa5 \u0ab9\u0aa4\u0abe \u0a95\u0ac7 \u0a95\u0acb\u0a87 \u0aa4\u0ac7\u0a93\u0aa8\u0abe \u0ab5\u0ab8\u0acd\u0aa4\u0acd\u0ab0\u0acb\u0aa8\u0ac7 \u0a85\u0aa1\u0a95\u0ac0 \u0ab6\u0a95\u0aa4\u0ac1\u0a82 \u0aa8\u0aa5\u0ac0."},{"Verseid":"24003014","Verse":"\u0aa4\u0ac7\u0a93\u0aa8\u0ac7 \u0a9c\u0acd\u0aaf\u0abe\u0ab0\u0ac7 \u0a9c\u0acb\u0aaf\u0abe \u0aa4\u0acd\u0aaf\u0abe\u0ab0\u0ac7 \u0ab2\u0acb\u0a95\u0acb \u0aac\u0ac2\u0aae\u0acb \u0aaa\u0abe\u0aa1\u0ac0 \u0a89\u0aa0\u0aaf\u0abe; \u0ab9\u0ac7 \u0a85\u0ab6\u0ac1\u0aa6\u0acd\u0aa7 \u0ab2\u0acb\u0a95\u0acb, \u0a85\u0aae\u0aa8\u0ac7 \u0a85\u0aa1\u0a95\u0ab6\u0acb \u0aa8\u0ab9\u0abf, \u0aa4\u0ac7\u0aa8\u0abe \u0a95\u0abe\u0ab0\u0aa3\u0ac7 \u0aa4\u0ac7\u0a93 \u0ab6\u0ab9\u0ac7\u0ab0\u0aa8\u0ac7 \u0a9b\u0acb\u0aa1\u0ac0\u0aa8\u0ac7 \u0a86\u0aae\u0aa4\u0ac7\u0aae \u0aad\u0a9f\u0a95\u0ab5\u0abe \u0ab2\u0abe\u0a97\u0acd\u0aaf\u0abe\u0a82. \u0ab0\u0abe\u0ab7\u0acd\u0a9f\u0acb \u0ab5\u0a9a\u0acd\u0a9a\u0ac7 \u0aaa\u0aa3 \u0a8f\u0aae \u0a95\u0ab9\u0ac7\u0ab5\u0abe\u0aae\u0abe\u0a82 \u0a86\u0ab5\u0acd\u0aaf\u0ac1\u0a82 \u0ab9\u0aa4\u0ac1\u0a82 \u0a95\u0ac7, \u201c\u0aa4\u0ac7\u0a93 \u0a85\u0aae\u0abe\u0ab0\u0ac0 \u0ab5\u0a9a\u0acd\u0a9a\u0ac7 \u0ab9\u0ab5\u0ac7 \u0a9c\u0ab0\u0abe\u0aaa\u0aa3 \u0ab5\u0aa7\u0abe\u0ab0\u0ac7 \u0ab0\u0ab9\u0ac7 \u0aa8\u0ab9\u0abf.\u201d"},{"Verseid":"24003015","Verse":"\u0aaf\u0ab9\u0acb\u0ab5\u0abe\u0a8f \u0a9c\u0abe\u0aa4\u0ac7 \u0a9c \u0aa4\u0ac7\u0aae\u0aa8\u0ac7 \u0ab5\u0ac7\u0ab0\u0ab5\u0abf\u0a96\u0ac7\u0ab0 \u0a95\u0ab0\u0ac0 \u0aa8\u0abe\u0a96\u0acd\u0aaf\u0abe. \u0a85\u0aa8\u0ac7 \u0aaa\u0a9b\u0ac0 \u0aa4\u0ac7\u0aae\u0aa3\u0ac7 \u0aa4\u0ac7\u0aae\u0aa8\u0abe \u0aad\u0aa3\u0ac0 \u0a9c\u0acb\u0aaf\u0ac1\u0a82 \u0a9c \u0aa8\u0ab9\u0abf. \u0aa4\u0ac7\u0aae\u0aa3\u0ac7 \u0aaf\u0abe\u0a9c\u0a95\u0acb \u0aaa\u0acd\u0ab0\u0aa4\u0acd\u0aaf\u0ac7 \u0a86\u0aa6\u0ab0 \u0aa8 \u0aa6\u0abe\u0a96\u0ab5\u0acd\u0aaf\u0acb \u0a95\u0ac7 \u0ab5\u0aa1\u0ac0\u0ab2\u0acb \u0aaa\u0ab0 \u0a9c\u0ab0\u0abe\u0aaf\u0ac7 \u0aa6\u0aaf\u0abe \u0aa8 \u0ab0\u0abe\u0a96\u0ac0."},{"Verseid":"24003016","Verse":"\u0aae\u0aa6\u0aa6\u0aa8\u0ac0 \u0a86\u0ab6\u0abe\u0aae\u0abe\u0a82 \u0ab8\u0aae\u0aaf \u0a9c\u0acb\u0a87 \u0a9c\u0acb\u0a87, \u0a85\u0aae\u0abe\u0ab0\u0ac0 \u0a86\u0a82\u0a96\u0acb \u0aaa\u0aa3 \u0aa5\u0abe\u0a95\u0ac0 \u0a97\u0a87. \u0aaa\u0acd\u0ab0\u0a9c\u0abe \u0ab0\u0a95\u0acd\u0ab7\u0a95\u0aa8\u0ac0 \u0a86\u0ab6\u0abe\u0a8f \u0ab0\u0abe\u0ab9 \u0a9c\u0acb\u0a87 \u0ab0\u0ab9\u0ac0 \u0aaa\u0ab0\u0a82\u0aa4\u0ac1 \u0a85\u0aae\u0aa8\u0ac7 \u0aac\u0a9a\u0abe\u0ab5\u0ab5\u0abe \u0a95\u0acb\u0a87 \u0aa8 \u0a86\u0ab5\u0acd\u0aaf\u0ac1\u0a82."},{"Verseid":"24003017","Verse":"\u0aa6\u0ac1\u0ab6\u0acd\u0aae\u0aa8\u0acb \u0a85\u0aae\u0abe\u0ab0\u0ac0 \u0aaa\u0abe\u0a9b\u0ab3 \u0aaa\u0aa1\u0acd\u0aaf\u0abe \u0ab9\u0aa4\u0abe\u0a82 \u0a85\u0aa8\u0ac7 \u0a85\u0aae\u0ac7 \u0ab0\u0ab8\u0acd\u0aa4\u0ac7 \u0a9a\u0abe\u0ab2\u0ac0 \u0aa8\u0ab9\u0acb\u0aa4\u0abe \u0ab6\u0a95\u0aa4\u0abe\u0a82. \u0a85\u0aae\u0abe\u0ab0\u0acb \u0a85\u0a82\u0aa4 \u0aa8\u0a9c\u0ac0\u0a95 \u0a86\u0ab5\u0acd\u0aaf\u0acb \u0ab9\u0aa4\u0acb \u0a85\u0aa8\u0ac7 \u0a85\u0aae\u0abe\u0ab0\u0abe \u0aa6\u0abf\u0ab5\u0ab8\u0acb \u0aaa\u0ac2\u0ab0\u0abe \u0aa5\u0aaf\u0abe \u0ab9\u0aa4\u0abe."},{"Verseid":"24003018","Verse":"\u0a86\u0a95\u0abe\u0ab6\u0aa8\u0abe \u0a97\u0ab0\u0ac2\u0aa1 \u0a95\u0ab0\u0aa4\u0abe\u0a82\u0aaf \u0a9d\u0aa1\u0aaa\u0aa5\u0ac0 \u0aa4\u0ac7\u0a93\u0a8f \u0a85\u0aae\u0abe\u0ab0\u0acb \u0aaa\u0ac0\u0a9b\u0acb \u0a95\u0ab0\u0acd\u0aaf\u0acb; \u0aaa\u0ab0\u0acd\u0ab5\u0aa4\u0acb \u0aaa\u0ab0 \u0aaa\u0aa3 \u0aa4\u0ac7\u0aae\u0aa3\u0ac7 \u0a85\u0aae\u0abe\u0ab0\u0acb \u0aaa\u0ac0\u0a9b\u0acb \u0a95\u0ab0\u0acd\u0aaf\u0acb; \u0aa8\u0ac7 \u0ab0\u0abe\u0aa8\u0aae\u0abe\u0a82 \u0aaa\u0aa3 \u0a85\u0aae\u0abe\u0ab0\u0ac0 \u0aaa\u0ab0 \u0aa4\u0ab0\u0abe\u0aaa \u0aae\u0abe\u0ab0\u0ab5\u0abe \u0ab8\u0a82\u0aa4\u0abe\u0a87 \u0a97\u0aaf\u0abe."},{"Verseid":"24003019","Verse":"\u0aaf\u0ab9\u0acb\u0ab5\u0abe\u0aa5\u0ac0 \u0a85\u0aad\u0abf\u0ab7\u0abf\u0a95\u0aa4 \u0aa5\u0aaf\u0ac7\u0ab2\u0acb \u0a9c\u0ac7 \u0a85\u0aae\u0abe\u0ab0\u0abe \u0aae\u0abe\u0a9f\u0ac7 \u0aa8\u0abe\u0a95\u0aae\u0abe\u0a82\u0aa8\u0abe \u0ab6\u0acd\u0ab5\u0abe\u0ab8 \u0a9c\u0ac7\u0a9f\u0ab2\u0acb \u0aae\u0ab9\u0aa4\u0acd\u0ab5\u0aaa\u0ac2\u0ab0\u0acd\u0aa3 \u0ab9\u0aa4\u0acb \u0aa4\u0ac7 \u0a85\u0aae\u0abe\u0ab0\u0abe \u0ab6\u0aa4\u0acd\u0ab0\u0ac1\u0a93\u0aa8\u0abe \u0aac\u0a82\u0aa6\u0ac0\u0ab5\u0abe\u0ab8\u0aae\u0abe\u0a82 \u0aac\u0a82\u0aa6\u0ac0 \u0aa5\u0a87 \u0aaa\u0aa1\u0acd\u0aaf\u0acb \u0ab9\u0aa4\u0acb, \u0a85\u0aae\u0ac7 \u0a95\u0ab9\u0ac7\u0aa4\u0abe \u0ab9\u0aa4\u0abe \u201c\u0a85\u0aae\u0ac7 \u0aa4\u0ac7\u0aa8\u0ac0 \u0a9b\u0aa4\u0acd\u0ab0\u0a9b\u0abe\u0aaf\u0abe\u0aae\u0abe\u0a82 \u0a85\u0aae\u0abe\u0ab0\u0abe \u0ab6\u0aa4\u0acd\u0ab0\u0ac1\u0a93\u0aa8\u0ac0 \u0ab5\u0a9a\u0acd\u0a9a\u0ac7 \u0ab8\u0ac1\u0ab0\u0a95\u0acd\u0ab7\u0abf\u0aa4 \u0a9b\u0ac0\u0a8f.\u201d"},{"Verseid":"24003020","Verse":"\u0a85\u0aa6\u0acb\u0aae\u0aa8\u0abe \u0ab2\u0acb\u0a95\u0acb \u0a86\u0aa8\u0a82\u0aa6 \u0aae\u0abe\u0aa3\u0acb, \u0aa4\u0aae\u0abe\u0ab0\u0abe\u0aae\u0abe\u0a82\u0aa8\u0abe \u0a9c\u0ac7 \u0a89\u0ab8 \u0aaa\u0acd\u0ab0\u0aa6\u0ac7\u0ab6\u0aae\u0abe\u0a82 \u0ab0\u0ab9\u0ac7 \u0a9b\u0ac7 \u0aa4\u0ac7\u0a93\u0a8f \u0aac\u0aa4\u0abe\u0ab5\u0ab5\u0ac1\u0a82 \u0a9c\u0acb\u0a87\u0a8f \u0a95\u0ac7 \u0aaf\u0ab0\u0ac2\u0ab6\u0abe\u0ab2\u0ac7\u0aae\u0aa8\u0abe \u0ab2\u0acb\u0a95\u0acb \u0a9c\u0acb\u0aa1\u0ac7 \u0a9c\u0ac7 \u0aa5\u0a87 \u0ab0\u0ab9\u0acd\u0aaf\u0ac1\u0a82 \u0a9b\u0ac7 \u0aa4\u0ac7\u0aa8\u0abe\u0aa5\u0ac0 \u0a96\u0ac1\u0ab6 \u0a9b\u0ac7. \u0aaa\u0aa3 \u0aa6\u0ac1:\u0a96\u0aa8\u0acb \u0aaa\u0acd\u0aaf\u0abe\u0ab2\u0acb \u0aa4\u0aae\u0abe\u0ab0\u0ac0 \u0aaa\u0ab0 \u0aaa\u0aa3 \u0a86\u0ab5\u0ab6\u0ac7 \u0aa4\u0acd\u0aaf\u0abe\u0ab0\u0ac7 \u0aa4\u0aae\u0ac7 \u0aad\u0abe\u0aa8 \u0aad\u0ac2\u0ab2\u0ac0 \u0a9c\u0ab6\u0acb \u0a85\u0aa8\u0ac7 \u0aaa\u0acb\u0aa4\u0abe\u0aa8\u0ac7 \u0aa8\u0a97\u0acd\u0aa8 \u0a95\u0ab0\u0ac0 \u0aa6\u0ac7\u0ab6\u0acb."},{"Verseid":"24003021","Verse":"\u0ab9\u0ac7 \u0ab8\u0abf\u0aaf\u0acb\u0aa8, \u0aa4\u0abe\u0ab0\u0abe\u0a82 \u0aaa\u0abe\u0aaa\u0aa8\u0ac0 \u0ab8\u0a9c\u0abe \u0aaa\u0ac2\u0ab0\u0ac0 \u0aa5\u0a87 \u0a9b\u0ac7. \u0ab9\u0ab5\u0ac7 \u0aa4\u0aa8\u0ac7 \u0aaf\u0ab9\u0acb\u0ab5\u0abe \u0aa6\u0ac7\u0ab6\u0ab5\u0a9f\u0ac7 \u0aa8\u0ab9\u0abf \u0ab0\u0abe\u0a96\u0ac7. \u0ab9\u0ac7 \u0a85\u0aa6\u0acb\u0aae, \u0aaf\u0ab9\u0acb\u0ab5\u0abe \u0aa4\u0aa8\u0ac7 \u0aa4\u0abe\u0ab0\u0abe \u0a85\u0aaa\u0ab0\u0abe\u0aa7\u0aa8\u0ac0 \u0ab8\u0a9c\u0abe, \u0a95\u0ab0\u0ab6\u0ac7 \u0a85\u0aa8\u0ac7 \u0aa4\u0abe\u0ab0\u0abe \u0aaa\u0abe\u0aaa \u0a89\u0a98\u0abe\u0aa1\u0abe \u0a95\u0ab0\u0ab6\u0ac7."}]},{"Verse":[{"Verseid":"24004000","Verse":"\u0ab9\u0ac7 \u0aaf\u0ab9\u0acb\u0ab5\u0abe, \u0a85\u0aae\u0abe\u0ab0\u0abe \u0aaa\u0ab0 \u0ab6\u0ac1\u0a82 \u0ab6\u0ac1\u0a82 \u0ab5\u0ac0\u0aa4\u0acd\u0aaf\u0ac1\u0a82 \u0a9b\u0ac7 \u0aa4\u0ac7\u0aa8\u0ac1\u0a82 \u0ab8\u0acd\u0aae\u0ab0\u0aa3 \u0a95\u0ab0; \u0aa8\u0ac7 \u0a85\u0aaa\u0aae\u0abe\u0aa8 \u0aaa\u0ab0 \u0aa8\u0a9c\u0ab0 \u0a95\u0ab0."},{"Verseid":"24004001","Verse":"\u0aa6\u0ac7\u0ab6 \u0ab5\u0abf\u0aa6\u0ac7\u0ab6\u0ac0\u0a93\u0aa8\u0abe \u0ab9\u0abe\u0aa5\u0aae\u0abe\u0a82 \u0a97\u0aaf\u0acb \u0a9b\u0ac7, \u0a85\u0aae\u0abe\u0ab0\u0abe \u0a98\u0ab0\u0aac\u0abe\u0ab0 \u0aaa\u0abe\u0ab0\u0a95\u0abe\u0a93\u0aa8\u0abe \u0a95\u0aac\u0a9c\u0abe\u0aae\u0abe\u0a82 \u0a97\u0aaf\u0abe \u0a9b\u0ac7."},{"Verseid":"24004002","Verse":"\u0a85\u0aae\u0ac7 \u0a85\u0aa8\u0abe\u0aa5 \u0a85\u0aa8\u0ac7 \u0aa8\u0aac\u0abe\u0aaa\u0abe \u0aa5\u0a87 \u0a97\u0aaf\u0abe \u0a9b\u0ac0\u0a8f, \u0aa8\u0ac7 \u0a85\u0aae\u0abe\u0ab0\u0ac0 \u0aae\u0abe\u0aa4\u0abe\u0a93 \u0ab5\u0abf\u0aa7\u0ab5\u0abe \u0aa5\u0a87 \u0a97\u0a87 \u0a9b\u0ac7."},{"Verseid":"24004003","Verse":"\u0aaa\u0ac0\u0ab5\u0abe\u0aa8\u0abe \u0aaa\u0abe\u0aa3\u0ac0\u0aa8\u0abe \u0aaa\u0ac8\u0ab8\u0abe \u0a86\u0aaa\u0ab5\u0abe \u0aaa\u0aa1\u0ac7 \u0a9b\u0ac7. \u0a85\u0aa8\u0ac7 \u0ab2\u0abe\u0a95\u0aa1\u0abe\u0a82 \u0aaa\u0aa3 \u0ab5\u0ac7\u0a9a\u0abe\u0aa4\u0abe\u0a82 \u0ab2\u0ac7\u0ab5\u0abe \u0aaa\u0aa1\u0ac7 \u0a9b\u0ac7."},{"Verseid":"24004004","Verse":"\u0a85\u0aae\u0abe\u0ab0\u0ac0 \u0aa1\u0acb\u0a95 \u0aaa\u0ab0 \u0a9d\u0ac2\u0a82\u0ab8\u0ab0\u0ac0 \u0aae\u0ac2\u0a95\u0ac0 \u0a85\u0aae\u0aa8\u0ac7 \u0aaa\u0ab6\u0ac1\u0aa8\u0ac0 \u0a9c\u0ac7\u0aae \u0ab9\u0abe\u0a82\u0a95\u0ab5\u0abe\u0aae\u0abe\u0a82 \u0a86\u0ab5\u0ac7 \u0a9b\u0ac7. \u0a85\u0aae\u0ac7 \u0ab9\u0ab5\u0ac7 \u0a85\u0aa8\u0ab9\u0aa6 \u0aa5\u0abe\u0a95\u0ac0 \u0a97\u0abe\u0aaf \u0a9b\u0ac0\u0a8f; \u0a85\u0aae\u0aa8\u0ac7 \u0ab5\u0abf\u0ab6\u0acd\u0ab0\u0abe\u0aae \u0aae\u0ab3\u0aa4\u0acb \u0aa8\u0aa5\u0ac0."},{"Verseid":"24004005","Verse":"\u0a85\u0aae\u0abe\u0ab0\u0ac7 \u0aaa\u0ac7\u0a9f \u0aad\u0ab0\u0ac0\u0aa8\u0ac7 \u0ab0\u0acb\u0a9f\u0ab2\u0acb \u0aae\u0ac7\u0ab3\u0ab5\u0ab5\u0abe \u0aae\u0abe\u0a9f\u0ac7 \u0aae\u0abf\u0ab8\u0ab0 \u0a85\u0aa8\u0ac7 \u0a86\u0ab6\u0acd\u0ab6\u0ac2\u0ab0 \u0ab8\u0abe\u0aae\u0ac7 \u0ab9\u0abe\u0aa5 \u0a9c\u0acb\u0aa1\u0ab5\u0abe \u0aaa\u0aa1\u0acd\u0aaf\u0abe."},{"Verseid":"24004006","Verse":"\u0aaa\u0abe\u0aaa \u0a95\u0ab0\u0aa8\u0abe\u0ab0\u0abe \u0a85\u0aae\u0abe\u0ab0\u0abe \u0aaa\u0abf\u0aa4\u0ac3\u0a93 \u0ab0\u0ab9\u0acd\u0aaf\u0abe \u0aa8\u0aa5\u0ac0. \u0a85\u0aae\u0abe\u0ab0\u0ac7 \u0aa4\u0ac7\u0aae\u0aa8\u0abe \u0aaa\u0abe\u0aaa\u0aa8\u0ac0 \u0ab8\u0a9c\u0abe \u0aad\u0acb\u0a97\u0ab5\u0ab5\u0ac0 \u0aaa\u0aa1\u0ac7 \u0a9b\u0ac7."},{"Verseid":"24004007","Verse":"\u0ab6\u0abe\u0ab8\u0aa8 \u0a95\u0ab0\u0ac7 \u0a9b\u0ac7 \u0a97\u0ac1\u0ab2\u0abe\u0aae\u0acb \u0a85\u0aae\u0abe\u0ab0\u0abe \u0aaa\u0ab0. \u0aa4\u0ac7\u0aae\u0aa8\u0abe \u0ab9\u0abe\u0aa5\u0aae\u0abe\u0a82\u0aa5\u0ac0 \u0a85\u0aae\u0aa8\u0ac7 \u0a9b\u0acb\u0aa1\u0abe\u0ab5\u0aa8\u0abe\u0ab0 \u0a95\u0acb\u0a87 \u0aa8\u0aa5\u0ac0."},{"Verseid":"24004008","Verse":"\u0a9c\u0ac0\u0ab5\u0aa8\u0ac7 \u0a9c\u0acb\u0a96\u0aae\u0ac7 \u0a85\u0aae\u0abe\u0ab0\u0ac7 \u0ab0\u0acb\u0a9f\u0ab2\u0acb \u0aae\u0ac7\u0ab3\u0ab5\u0ab5\u0acb \u0aaa\u0aa1\u0ac7 \u0a9b\u0ac7; \u0ab5\u0a97\u0aa1\u0abe\u0aae\u0abe\u0a82 \u0aa4\u0ab0\u0ab5\u0abe\u0ab0\u0aa8\u0ac1\u0a82 \u0a9c\u0acb\u0a96\u0aae \u0a9b\u0ac7."},{"Verseid":"24004009","Verse":"\u0aa6\u0ac1\u0a95\u0abe\u0ab3\u0aa8\u0ac0 \u0aad\u0aa1\u0aad\u0aa1\u0aa4\u0ac0 \u0a85\u0a97\u0aa8\u0a9c\u0abe\u0ab3\u0aa5\u0ac0 \u0a85\u0aae\u0abe\u0ab0\u0ac0 \u0a9a\u0abe\u0aae\u0aa1\u0ac0 \u0aad\u0aa0\u0acd\u0aa0\u0ac0 \u0a9c\u0ac7\u0ab5\u0ac0 \u0aa4\u0aaa\u0ac0 \u0a97\u0a87 \u0a9b\u0ac7."},{"Verseid":"24004010","Verse":"\u0a85\u0aae\u0abe\u0ab0\u0ac0 \u0ab8\u0acd\u0aa4\u0acd\u0ab0\u0ac0\u0a93\u0aa8\u0acb \u0ab8\u0abf\u0aaf\u0acb\u0aa8\u0aae\u0abe\u0a82 \u0aac\u0ab3\u0abe\u0aa4\u0acd\u0a95\u0abe\u0ab0 \u0aa5\u0abe\u0aaf \u0a9b\u0ac7, \u0a85\u0aa8\u0ac7 \u0a95\u0ac1\u0aae\u0abe\u0ab0\u0ac0\u0a95\u0abe\u0a93\u0aa8\u0acb \u0aaf\u0ab9\u0ac2\u0aa6\u0abe\u0aa8\u0abe \u0aa8\u0a97\u0ab0\u0acb\u0aae\u0abe\u0a82."},{"Verseid":"24004011","Verse":"\u0a85\u0aae\u0abe\u0ab0\u0abe \u0a86\u0a97\u0ac7\u0ab5\u0abe\u0aa8\u0acb\u0aa8\u0ac7 \u0aa4\u0ac7\u0aae\u0aa8\u0abe \u0ab9\u0abe\u0aa5 \u0ab5\u0aa1\u0ac7 \u0ab2\u0a9f\u0a95\u0abe\u0ab5\u0ac0 \u0aa6\u0ac7\u0ab5\u0abe\u0aae\u0abe\u0a82 \u0a86\u0ab5\u0ac7 \u0a9b\u0ac7, \u0a85\u0aa8\u0ac7 \u0ab5\u0aa1\u0ac0\u0ab2\u0acb\u0aa8\u0ac7 \u0a95\u0acb\u0a87 \u0aae\u0abe\u0aa8 \u0a86\u0aaa\u0aa4\u0ac1\u0a82 \u0aa8\u0aa5\u0ac0."},{"Verseid":"24004012","Verse":"\u0a9c\u0ac1\u0ab5\u0abe\u0aa8\u0acb \u0aaa\u0abe\u0ab8\u0ac7 \u0a9a\u0a95\u0acd\u0a95\u0ac0 \u0aaa\u0ac0\u0ab8\u0abe\u0ab5\u0ab5\u0abe\u0aae\u0abe\u0a82 \u0a86\u0ab5\u0ac7 \u0a9b\u0ac7. \u0a85\u0aa8\u0ac7 \u0a9b\u0acb\u0a95\u0ab0\u0abe\u0a93 \u0ab2\u0abe\u0a95\u0aa1\u0abe\u0aa8\u0abe \u0aad\u0abe\u0ab0\u0aa5\u0ac0 \u0ab2\u0aa5\u0aa1\u0ac0 \u0aaa\u0aa1\u0ac7 \u0a9b\u0ac7."},{"Verseid":"24004013","Verse":"\u0ab5\u0aa1\u0ac0\u0ab2\u0acb \u0ab9\u0ab5\u0ac7 \u0a9a\u0acb\u0ab0\u0ac7 \u0aac\u0ac7\u0ab8\u0aa4\u0abe \u0aa8\u0aa5\u0ac0. \u0a9c\u0ac1\u0ab5\u0abe\u0aa8\u0abf\u0aaf\u0abe\u0a93\u0a8f \u0a97\u0abe\u0ab5\u0abe\u0aa8\u0ac1\u0a82 \u0a9b\u0acb\u0aa1\u0ac0 \u0aa6\u0ac0\u0aa7\u0ac1\u0a82 \u0a9b\u0ac7"},{"Verseid":"24004014","Verse":"\u0a85\u0aae\u0abe\u0ab0\u0abe \u0a85\u0a82\u0aa4\u0ab0\u0aa8\u0acb \u0a86\u0aa8\u0a82\u0aa6 \u0aae\u0ab0\u0ac0 \u0aaa\u0ab0\u0ab5\u0abe\u0ab0\u0acd\u0aaf\u0acb \u0a9b\u0ac7. \u0a85\u0aae\u0abe\u0ab0\u0abe\u0a82 \u0aa8\u0ac3\u0aa4\u0acd\u0aaf\u0acb \u0a86\u0a95\u0acd\u0ab0\u0a82\u0aa6\u0aae\u0abe\u0a82 \u0aaa\u0ab0\u0abf\u0aa3\u0aae\u0acd\u0aaf\u0abe \u0a9b\u0ac7."},{"Verseid":"24004015","Verse":"\u0a85\u0aae\u0abe\u0ab0\u0ac7 \u0aae\u0abe\u0aa5\u0ac7\u0aa5\u0ac0 \u0aae\u0ac1\u0a97\u0a9f \u0aaa\u0aa1\u0ac0 \u0a97\u0aaf\u0acb \u0a9b\u0ac7, \u0aa6\u0ac1\u0ab0\u0acd\u0aad\u0abe\u0a97\u0acd\u0aaf \u0a85\u0aae\u0abe\u0ab0\u0ac2! \u0a95\u0abe\u0ab0\u0aa3\u0a95\u0ac7 \u0a85\u0aae\u0ac7 \u0aaa\u0abe\u0aaa \u0a95\u0ab0\u0acd\u0aaf\u0abe \u0a9b\u0ac7."},{"Verseid":"24004016","Verse":"\u0a86\u0aa8\u0ac7 \u0a95\u0abe\u0ab0\u0aa3\u0ac7 \u0a85\u0aae\u0abe\u0ab0\u0abe \u0ab9\u0ac3\u0aa6\u0aaf \u0aac\u0ac0\u0aae\u0abe\u0ab0 \u0aa5\u0a87 \u0a97\u0aaf\u0abe \u0a9b\u0ac7, \u0a85\u0aa8\u0ac7 \u0a86\u0aa8\u0ac7 \u0ab2\u0ac0\u0aa7\u0ac7 \u0a85\u0aae\u0abe\u0ab0\u0ac0 \u0a86\u0a82\u0a96\u0acb\u0a8f \u0a85\u0a82\u0aa7\u0abe\u0ab0\u0abe \u0a86\u0ab5\u0ac0 \u0a97\u0aaf\u0abe \u0a9b\u0ac7."},{"Verseid":"24004017","Verse":"\u0a95\u0abe\u0ab0\u0aa3\u0a95\u0ac7 \u0ab8\u0abf\u0aaf\u0acb\u0aa8\u0aa8\u0acb \u0aaa\u0ab0\u0acd\u0ab5\u0aa4 \u0a89\u0a9c\u0acd\u0a9c\u0aa1 \u0aa5\u0a87 \u0a97\u0aaf\u0acb \u0a9b\u0ac7 \u0a8f \u0a9c\u0a97\u0acd\u0aaf\u0abe, \u0a9c\u0acd\u0aaf\u0abe\u0a82 \u0ab6\u0abf\u0aaf\u0abe\u0ab3\u0ab5\u0abe\u0a82 \u0ab6\u0abf\u0a95\u0abe\u0ab0\u0aa8\u0ac0 \u0ab6\u0acb\u0aa7\u0aae\u0abe\u0a82 \u0aad\u0a9f\u0a95\u0ac7 \u0a9b\u0ac7."},{"Verseid":"24004018","Verse":"\u0aaa\u0aa3, \u0aaf\u0ab9\u0acb\u0ab5\u0abe, \u0aa4\u0aae\u0abe\u0ab0\u0ac1\u0a82 \u0ab0\u0abe\u0a9c \u0ab8\u0ab0\u0acd\u0ab5\u0a95\u0abe\u0ab3 \u0ab8\u0ac1\u0aa7\u0ac0 \u0ab0\u0ab9\u0ac7 \u0a9b\u0ac7. \u0aaa\u0ac7\u0aa2\u0ac0-\u0aa6\u0ab0\u0aaa\u0ac7\u0aa2\u0ac0 \u0ab0\u0abe\u0a9c\u0acd\u0aaf\u0abe\u0ab8\u0aa8 \u0a9a\u0abe\u0ab2\u0ac1 \u0ab0\u0ab9\u0ac7 \u0a9b\u0ac7."},{"Verseid":"24004019","Verse":"\u0aa4\u0ac1\u0a82 \u0ab6\u0abe \u0a95\u0abe\u0ab0\u0aa3\u0ac7 \u0a85\u0aae\u0aa8\u0ac7 \u0aad\u0ac2\u0ab2\u0ac0 \u0a9c\u0abe\u0aaf \u0a9b\u0ac7? \u0aa4\u0ac7\u0a82 \u0ab6\u0abe \u0aae\u0abe\u0a9f\u0ac7 \u0a86\u0a9f\u0ab2\u0abe \u0aac\u0aa7\u0abe \u0aa6\u0abf\u0ab5\u0ab8 \u0ab8\u0ac1\u0aa7\u0ac0 \u0a85\u0aae\u0abe\u0ab0\u0acb \u0aa4\u0acd\u0aaf\u0abe\u0a97 \u0a95\u0ab0\u0acd\u0aaf\u0acb \u0a9b\u0ac7?"},{"Verseid":"24004020","Verse":"\u0a85\u0aae\u0aa8\u0ac7 \u0aaa\u0abe\u0a9b\u0abe \u0ab2\u0a87 \u0ab2\u0ac7, \u0ab9\u0ac7 \u0aaf\u0ab9\u0acb\u0ab5\u0abe! \u0aa4\u0acd\u0aaf\u0abe\u0ab0\u0ac7 \u0a85\u0aae\u0ac7 \u0aab\u0ab0\u0ac0\u0aa5\u0ac0 \u0aa4\u0abe\u0ab0\u0abe \u0aa5\u0a87 \u0a9c\u0a87\u0ab6\u0ac1\u0a82. \u0a85\u0aae\u0aa8\u0ac7 \u0aa8\u0ab5\u0ac1\u0a82 \u0a9c\u0ac0\u0ab5\u0aa8 \u0a86\u0aaa \u0a9c\u0ac7\u0ab5\u0ac1\u0a82 \u0aa4\u0ac7\u0a82 \u0a98\u0aa3\u0abe \u0ab5\u0ab0\u0acd\u0ab7 \u0aaa\u0ab9\u0ac7\u0ab2\u0abe \u0a95\u0ab0\u0acd\u0aaf\u0ac1\u0a82 \u0ab9\u0aa4\u0ac1\u0a82."},{"Verseid":"24004021","Verse":"\u0aaa\u0aa3 \u0aa4\u0ac7\u0a82 \u0a85\u0aae\u0aa8\u0ac7 \u0ab8\u0a82\u0aaa\u0ac2\u0ab0\u0acd\u0aa3 \u0aa8\u0a95\u0abe\u0ab0\u0acd\u0aaf\u0abe \u0a9b\u0ac7; \u0aa4\u0ac1\u0a82 \u0a85\u0aae\u0abe\u0ab0\u0abe \u0aaa\u0ab0 \u0aac\u0ab9\u0ac1 \u0a95\u0acb\u0aaa\u0abe\u0aaa\u0aae\u0abe\u0aa8 \u0aa5\u0aaf\u0acb \u0a9b\u0ac7. \ufeff"}]}]}