{"Chapter":[{"Verse":[{"Verseid":"28000000","Verse":"\u0aaa\u0aa5\u0ac1\u0a8f\u0ab2\u0aa8\u0abe \u0aaa\u0ac1\u0aa4\u0acd\u0ab0 \u0aaf\u0acb\u0a8f\u0ab2\u0aa8\u0ac7 \u0ab8\u0a82\u0aad\u0ab3\u0abe\u0aaf\u0ac7\u0ab2\u0ac0 \u0aaf\u0ab9\u0acb\u0ab5\u0abe\u0aa8\u0ac0 \u0ab5\u0abe\u0aa3\u0ac0"},{"Verseid":"28000001","Verse":"\u0ab8\u0abe\u0a82\u0aad\u0ab3\u0acb, \u0ab9\u0ac7 \u0a87\u0ab8\u0acd\u0ab0\u0abe\u0a8f\u0ab2\u0aa8\u0abe \u0ab5\u0aa1\u0ac0\u0ab2\u0acb! \u0a85\u0aa8\u0ac7 \u0aa6\u0ac7\u0ab6\u0aa8\u0abe \u0ab8\u0ab0\u0acd\u0ab5 \u0ab5\u0aa4\u0aa8\u0ac0\u0a93, \u0aa4\u0aae\u0ac7 \u0aaa\u0aa3 \u0aa7\u0acd\u0aaf\u0abe\u0aa8 \u0a86\u0aaa\u0acb! \u0aa4\u0aae\u0abe\u0ab0\u0abe \u0a95\u0ac7 \u0aa4\u0aae\u0abe\u0ab0\u0abe \u0aaa\u0ac2\u0ab0\u0acd\u0ab5\u0a9c\u0acb\u0aa8\u0abe \u0ab8\u0aae\u0aaf\u0aae\u0abe\u0a82 \u0a95\u0aa6\u0ac0 \u0a86\u0ab5\u0ac1\u0a82 \u0aac\u0aa8\u0acd\u0aaf\u0ac1\u0a82 \u0a9b\u0ac7?"},{"Verseid":"28000002","Verse":"\u0aa4\u0aae\u0ac7 \u0aa4\u0aae\u0abe\u0ab0\u0abe\u0a81 \u0ab8\u0a82\u0aa4\u0abe\u0aa8\u0acb\u0aa8\u0ac7 \u0a8f\u0aa8\u0ac0 \u0ab5\u0abe\u0aa4 \u0a95\u0ab0\u0a9c\u0acb; \u0aa4\u0ac7\u0a93 \u0aa4\u0ac7\u0aae\u0aa8\u0abe\u0a82 \u0ab8\u0a82\u0aa4\u0abe\u0aa8\u0acb\u0aa8\u0ac7 \u0ab5\u0abe\u0aa4 \u0a95\u0ab0\u0ab6\u0ac7 \u0a85\u0aa8\u0ac7 \u0aa4\u0ac7\u0a93 \u0aaa\u0a9b\u0ac0\u0aa8\u0ac0 \u0aaa\u0ac7\u0aa2\u0ac0\u0aa8\u0ac7 \u0a95\u0ab9\u0ac7\u0ab6\u0ac7."},{"Verseid":"28000003","Verse":"\u0aa4\u0ac0\u0aa1\u0acb \u0aa4\u0aae\u0abe\u0ab0\u0acb \u0aac\u0a98\u0acb \u0aaa\u0abe\u0a95 \u0a96\u0abe\u0a88 \u0a9c\u0ab6\u0ac7. \u0a9c\u0ac7 \u0a95\u0abe\u0aa4\u0ab0\u0aa8\u0abe\u0ab0\u0abe \u0aa4\u0ac0\u0aa1\u0acb\u0a8f \u0a9b\u0acb\u0aa1\u0aaf\u0ac1\u0a82 \u0aa4\u0ac7 \u0a97\u0aa3\u0a97\u0aa3\u0aa4\u0abe \u0aa4\u0ac0\u0aa1\u0acb \u0a96\u0abe\u0ab6\u0ac7; \u0a9c\u0ac7 \u0a97\u0aa3\u0a97\u0aa3\u0aa4\u0abe \u0aa4\u0ac0\u0aa1\u0acb\u0a8f \u0a9b\u0acb\u0aa1\u0aaf\u0ac1\u0a82 \u0aa4\u0ac7 \u0a95\u0ac2\u0aa6\u0aa4\u0abe \u0aa4\u0ac0\u0aa1\u0acb \u0a96\u0abe\u0ab6\u0ac7; \u0a9b\u0ac7\u0ab2\u0acd\u0ab2\u0ac7 \u0a86\u0a82\u0a95\u0ab0\u0abe\u0a82\u0aa4\u0abf\u0aaf\u0abe \u0aa4\u0ac0\u0aa1 \u0aac\u0a9a\u0ac7\u0ab2\u0ac1\u0a82 \u0aac\u0a98\u0ac1\u0a82 \u0a96\u0abe\u0a88 \u0a9c\u0ab6\u0ac7."},{"Verseid":"28000004","Verse":"\u0ab9\u0ac7 \u0a9b\u0abe\u0a95\u0a9f\u0abe\u0a93, \u0aa4\u0aae\u0ac7 \u0a9c\u0abe\u0a97\u0acb \u0a85\u0aa8\u0ac7 \u0a86\u0a95\u0acd\u0ab0\u0a82\u0aa6 \u0a95\u0ab0\u0acb! \u0ab8\u0ab0\u0acd\u0ab5 \u0aa6\u0acd\u0ab0\u0abe\u0a95\u0acd\u0ab7\u0abe\u0ab0\u0ab8 \u0aaa\u0ac0\u0aa8\u0abe\u0ab0\u0abe\u0a93, \u0a9c\u0acb\u0ab0\u0aa5\u0ac0 \u0ab0\u0aa1\u0acb! \u0aae\u0ac0\u0aa0\u0acb \u0aa6\u0acd\u0ab0\u0abe\u0a95\u0acd\u0ab7\u0ab0\u0ab8 \u0aa4\u0aae\u0abe\u0ab0\u0ac0 \u0aaa\u0abe\u0ab8\u0ac7\u0aa5\u0ac0 \u0ab2\u0a88 \u0ab2\u0ac7\u0ab5\u0abe\u0aaf\u0acb \u0a9b\u0ac7."},{"Verseid":"28000005","Verse":"\u0a95\u0abe\u0ab0\u0aa3, \u0a8f\u0a95 \u0aa6\u0ac7\u0ab6\u0ac7 \u0aaa\u0ac3\u0aa5\u0acd\u0ab5\u0ac0\u0aa8\u0ac7 \u0aa2\u0abe\u0a82\u0a95\u0ac0 \u0aa6\u0ac0\u0aa7\u0ac0 \u0a9b\u0ac7. \u0aa4\u0ac7\u0a93 \u0a85\u0a97\u0aa3\u0abf\u0aa4 \u0a9b\u0ac7. \u0a8f\u0aae\u0aa8\u0abe\u0a82 \u0aa6\u0abe\u0a82\u0aa4 \u0ab8\u0abf\u0a82\u0ab9\u0aa8\u0abe \u0aa6\u0abe\u0a82\u0aa4 \u0a9c\u0ac7\u0ab5\u0abe \u0a9b\u0ac7, \u0aa4\u0ac7\u0aae\u0aa8\u0ac0 \u0aa6\u0abe\u0aa2\u0acb \u0ab8\u0abf\u0a82\u0ab9\u0aa3\u0aa8\u0ac0 \u0aa6\u0abe\u0aa2\u0acb \u0a9c\u0ac7\u0ab5\u0ac0 \u0a9b\u0ac7."},{"Verseid":"28000006","Verse":"\u0aa4\u0ac7\u0a93\u0a8f \u0aae\u0abe\u0ab0\u0ac0 \u0aa6\u0acd\u0ab0\u0abe\u0a95\u0acd\u0ab7\u0aa8\u0ac0 \u0ab2\u0aa4\u0abe\u0a93\u0aa8\u0acb \u0aa8\u0abe\u0ab6 \u0a95\u0ab0\u0acd\u0aaf\u0acb \u0a9b\u0ac7 \u0a85\u0aa8\u0ac7 \u0a85\u0a82\u0a9c\u0ac0\u0ab0 \u0ab5\u0ac3\u0a95\u0acd\u0ab7\u0acb \u0aaa\u0ab0 \u0aab\u0a95\u0aa4 \u0aaa\u0abe\u0aa4\u0ab3\u0ac0 \u0aa1\u0abe\u0ab3\u0ac0\u0a93 \u0a9b\u0acb\u0aa1\u0ac0 \u0a9b\u0ac7. \u0aa4\u0ac7\u0a93\u0a8f \u0aa4\u0ac7\u0aa8\u0ac0 \u0a9b\u0abe\u0ab2 \u0ab8\u0a82\u0aaa\u0ac2\u0ab0\u0acd\u0aa3\u0aa4: \u0a89\u0aa4\u0abe\u0ab0\u0ac0 \u0ab2\u0ac0\u0aa7\u0ac0 \u0a9b\u0ac7 \u0a85\u0aa8\u0ac7 \u0aa4\u0ac7\u0aa8\u0ac7 \u0aac\u0abe\u0a9c\u0ac1\u0aae\u0abe\u0a82 \u0aab\u0ac7\u0a82\u0a95\u0ac0 \u0aa6\u0ac0\u0a98\u0ac1\u0a82 \u0a9b\u0ac7. \u0aa1\u0abe\u0ab3\u0ac0\u0a93 \u0ab8\u0aab\u0ac7\u0aa6 \u0aa6\u0ac7\u0a96\u0abe\u0aaf \u0a9b\u0ac7."},{"Verseid":"28000007","Verse":"\u0a95\u0acb\u0a87 \u0a95\u0ac1\u0a82\u0ab5\u0abe\u0ab0\u0ac0 \u0a95\u0aa8\u0acd\u0aaf\u0abe \u0aaa\u0acb\u0aa4\u0abe\u0aa8\u0abe \u0a9c\u0ac1\u0ab5\u0abe\u0aa8 \u0aaa\u0aa4\u0abf\u0aa8\u0abe \u0a85\u0ab5\u0ab8\u0abe\u0aa8\u0aa5\u0ac0 \u0ab6\u0acb\u0a95\u0aa8\u0abe \u0ab5\u0ab8\u0acd\u0aa4\u0acd\u0ab0\u0acb \u0aaa\u0ab9\u0ac7\u0ab0\u0ac0\u0aa8\u0ac7 \u0a86\u0a95\u0acd\u0ab0\u0a82\u0aa6 \u0a95\u0ab0\u0ac7 \u0aa4\u0ac7\u0aae \u0aa4\u0aae\u0ac7 \u0a86\u0a95\u0acd\u0ab0\u0a82\u0aa6 \u0a95\u0ab0\u0acb."},{"Verseid":"28000008","Verse":"\u0aaf\u0ab9\u0acb\u0ab5\u0abe\u0aa8\u0abe \u0aae\u0a82\u0aa6\u0abf\u0ab0\u0aae\u0abe\u0a82 \u0a96\u0abe\u0aa6\u0acd\u0aaf\u0abe\u0ab0\u0acd\u0aaa\u0aa3\u0acb \u0a85\u0aa8\u0ac7 \u0aaa\u0ac7\u0aaf\u0abe\u0ab0\u0acd\u0aaa\u0aa3\u0acb \u0a86\u0ab5\u0aa4\u0abe\u0a82 \u0aa8\u0aa5\u0ac0. \u0aaf\u0abe\u0a9c\u0a95\u0acb \u0a9c\u0ac7 \u0aaf\u0ab9\u0acb\u0ab5\u0abe \u0a86\u0a97\u0ab3 \u0ab8\u0ac7\u0ab5\u0a95 \u0a9b\u0ac7 \u0aa4\u0ac7\u0a93 \u0ab6\u0acb\u0a95 \u0a95\u0ab0\u0ac7 \u0a9b\u0ac7."},{"Verseid":"28000009","Verse":"\u0a96\u0ac7\u0aa4\u0ab0\u0acb \u0ab2\u0ac2\u0a82\u0a9f\u0abe\u0a87 \u0a97\u0aaf\u0abe \u0a9b\u0ac7. \u0aad\u0ac2\u0aae\u0abf \u0a86\u0a95\u0acd\u0ab0\u0a82\u0aa6 \u0a95\u0ab0\u0ac7 \u0a9b\u0ac7. \u0a95\u0ac7\u0aae \u0a95\u0ac7 \u0a85\u0aa8\u0abe\u0a9c \u0ab2\u0ac2\u0a82\u0a9f\u0abe\u0a87 \u0a97\u0aaf\u0ac1\u0a82 \u0a9b\u0ac7. \u0aa8\u0ab5\u0ac0 \u0aa6\u0acd\u0ab0\u0abe\u0a95\u0acd\u0ab7 \u0ab8\u0ac1\u0a95\u0abe\u0a87 \u0a97\u0a87 \u0a9b\u0ac7. \u0aa4\u0ac7\u0ab2 \u0ab8\u0ac1\u0a95\u0abe\u0a87 \u0a9c\u0abe\u0aaf \u0a9b\u0ac7."},{"Verseid":"28000010","Verse":"\u0ab9\u0ac7 \u0aa7\u0ab0\u0aa4\u0ac0\u0aa8\u0abe \u0a96\u0ac7\u0aa1\u0aa8\u0abe\u0ab0\u0abe\u0a93! \u0aaa\u0acb\u0a95 \u0aae\u0ac2\u0a95\u0acb, \u0a86\u0a95\u0acd\u0ab0\u0a82\u0aa6 \u0a95\u0ab0\u0acb, \u0ab9\u0ac7 \u0aa6\u0acd\u0ab0\u0abe\u0a95\u0acd\u0ab7\u0aa8\u0ac0\u0ab5\u0abe\u0aa1\u0ac0\u0aa8\u0abe \u0aae\u0abe\u0ab3\u0ac0\u0a93! \u0a98\u0a89\u0a82 \u0aae\u0abe\u0a9f\u0ac7 \u0a85\u0aa8\u0ac7 \u0a9c\u0ab5 \u0aae\u0abe\u0a9f\u0ac7 \u0aaa\u0acb\u0a95 \u0aae\u0ac2\u0a95\u0acb; \u0a95\u0abe\u0ab0\u0aa3 \u0a95\u0ac7 \u0a96\u0ac7\u0aa4\u0ab0\u0acb\u0aa8\u0abe \u0aaa\u0abe\u0a95\u0aa8\u0acb \u0aa8\u0abe\u0ab6 \u0aa5\u0aaf\u0acb \u0a9b\u0ac7."},{"Verseid":"28000011","Verse":"\u0aa6\u0acd\u0ab0\u0abe\u0a95\u0acd\u0ab7\u0aa8\u0ac0 \u0ab5\u0ac7\u0ab2\u0ac0\u0a93 \u0ab8\u0ac1\u0a95\u0abe\u0a87 \u0ab0\u0ab9\u0ac0 \u0a9b\u0ac7, \u0a85\u0a82\u0a9c\u0ac0\u0ab0 \u0ab8\u0ac1\u0a95\u0abe\u0a88 \u0ab0\u0ab9\u0acd\u0aaf\u0abe\u0a82 \u0a9b\u0ac7. \u0aa6\u0abe\u0aa1\u0aae, \u0aa4\u0abe\u0aa1, \u0ab8\u0aab\u0ab0\u0a9c\u0aa8 \u0a85\u0aa8\u0ac7 \u0a96\u0ac7\u0aa4\u0ab0\u0aae\u0abe \u0aac\u0aa7\u0abe\u0a82 \u0ab5\u0ac3\u0a95\u0acd\u0ab7\u0acb \u0ab8\u0ac2\u0a95\u0abe\u0a87 \u0a97\u0aaf\u0abe \u0a9b\u0ac7. \u0ab2\u0acb\u0a95\u0acb\u0aae\u0abe\u0a82\u0aa5\u0ac0 \u0a86\u0aa8\u0a82\u0aa6 \u0a9c\u0aa4\u0acb \u0ab0\u0ab9\u0acd\u0aaf\u0acb \u0a9b\u0ac7."},{"Verseid":"28000012","Verse":"\u0ab9\u0ac7 \u0aaf\u0abe\u0a9c\u0a95\u0acb! \u0ab6\u0acb\u0a95\u0aa8\u0abe \u0ab5\u0ab8\u0acd\u0aa4\u0acd\u0ab0\u0acb \u0aa7\u0abe\u0ab0\u0aa3 \u0a95\u0ab0\u0ac0\u0aa8\u0ac7 \u0ab6\u0acb\u0a95 \u0a95\u0ab0\u0acb. \u0ab9\u0ac7 \u0ab5\u0ac7\u0aa6\u0ac0\u0aa8\u0abe \u0ab8\u0ac7\u0ab5\u0a95\u0acb, \u0a86\u0a95\u0acd\u0ab0\u0a82\u0aa6 \u0a95\u0ab0\u0acb. \u0ab9\u0ac7 \u0aae\u0abe\u0ab0\u0abe \u0aa6\u0ac7\u0ab5\u0aa8\u0abe \u0ab8\u0ac7\u0ab5\u0a95\u0acb, \u0ab6\u0acb\u0a95\u0aa8\u0abe \u0ab5\u0ab8\u0acd\u0aa4\u0acd\u0ab0\u0acb\u0aae\u0abe\u0a82 \u0a86\u0a96\u0ac0 \u0ab0\u0abe\u0aa4 \u0a97\u0abe\u0ab3\u0acb. \u0aa4\u0aae\u0abe\u0ab0\u0abe \u0aa6\u0ac7\u0ab5\u0aa8\u0abe \u0a98\u0ab0\u0aae\u0abe\u0a82 \u0a95\u0acb\u0a87 \u0a96\u0abe\u0aa6\u0acd\u0aaf\u0abe\u0ab0\u0acd\u0aaa\u0aa3 \u0a95\u0ac7 \u0aaa\u0ac7\u0aaf\u0abe\u0ab0\u0acd\u0aaa\u0aa3 \u0aa8\u0aa5\u0ac0."},{"Verseid":"28000013","Verse":"\u0aaa\u0ab5\u0abf\u0aa4\u0acd\u0ab0 \u0a89\u0aaa\u0ab5\u0abe\u0ab8\u0aa8\u0ac0 \u0a9c\u0abe\u0ab9\u0ac7\u0ab0\u0abe\u0aa4 \u0a95\u0ab0\u0acb. \u0aaa\u0ab5\u0abf\u0aa4\u0acd\u0ab0\u0ab8\u0aad\u0abe \u0aac\u0acb\u0ab2\u0abe\u0ab5\u0acb, \u0aa4\u0aae\u0abe\u0ab0\u0abe \u0aa6\u0ac7\u0ab5 \u0aaf\u0ab9\u0acb\u0ab5\u0abe\u0aa8\u0abe \u0aae\u0a82\u0aa6\u0abf\u0ab0\u0aae\u0abe\u0a82 \u0a86\u0a97\u0ac7\u0ab5\u0abe\u0aa8\u0acb\u0aa8\u0ac7 \u0a85\u0aa8\u0ac7 \u0aa6\u0ac7\u0ab6\u0ab5\u0abe\u0ab8\u0ac0\u0a93\u0aa8\u0ac7 \u0aad\u0ac7\u0a97\u0abe \u0a95\u0ab0\u0acb, \u0a85\u0aa8\u0ac7 \u0aaf\u0ab9\u0acb\u0ab5\u0abe \u0a86\u0a97\u0ab3 \u0ab0\u0ac2\u0aa6\u0aa8 \u0a95\u0ab0\u0acb."},{"Verseid":"28000014","Verse":"\u0a85\u0ab0\u0ab0! \u0a95\u0ac7\u0ab5\u0acb \u0aad\u0aaf\u0a82\u0a95\u0ab0 \u0aa6\u0abf\u0ab5\u0ab8. \u0aaf\u0ab9\u0acb\u0ab5\u0abe\u0aa8\u0acb \u0ab5\u0abf\u0ab6\u0ac7\u0ab7 \u0aa6\u0abf\u0ab5\u0ab8 \u0aa8\u0a9c\u0ac0\u0a95 \u0a9b\u0ac7! \u0ab8\u0ac8\u0aa8\u0acd\u0aaf\u0acb\u0aa8\u0acb \u0aa6\u0ac7\u0ab5 \u0aaf\u0ab9\u0acb\u0ab5\u0abe \u0aa4\u0ab0\u0aab\u0aa5\u0ac0 \u0ab5\u0abf\u0aa8\u0abe\u0ab6 \u0ab0\u0ac2\u0aaa\u0ac7 \u0a86\u0ab5\u0ab6\u0ac7."},{"Verseid":"28000015","Verse":"\u0a86\u0aaa\u0aa3\u0ac0 \u0aa8\u0a9c\u0ab0 \u0ab8\u0abe\u0aae\u0ac7 \u0a9c \u0a86\u0aaa\u0aa3\u0ac1\u0a82 \u0a85\u0aa8\u0acd\u0aa8 \u0a85\u0aa6\u0acd\u0ab0\u0ab6\u0acd\u0aaf \u0aa5\u0a87 \u0a97\u0aaf\u0ac1\u0a82. \u0a86\u0aaa\u0aa3\u0abe \u0aa6\u0ac7\u0ab5\u0aa8\u0abe \u0aae\u0a82\u0aa6\u0abf\u0ab0\u0aae\u0abe\u0a82\u0aa5\u0ac0 \u0ab8\u0ab0\u0acd\u0ab5 \u0a86\u0aa8\u0a82\u0aa6 \u0a85\u0aa8\u0ac7 \u0a89\u0aa4\u0acd\u0ab8\u0abe\u0ab9 \u0a8a\u0aa1\u0ac0 \u0a97\u0aaf\u0abe \u0a9b\u0ac7."},{"Verseid":"28000016","Verse":"\u0ab8\u0ac2\u0a95\u0ac0 \u0a9c\u0aae\u0ac0\u0aa8 \u0aa8\u0ac0\u0a9a\u0ac7 \u0aa7\u0abe\u0aa8\u0acd\u0aaf \u0ab8\u0aa1\u0ac0 \u0a9c\u0abe\u0aaf \u0a9b\u0ac7. \u0ab5\u0a96\u0abe\u0ab0\u0acb \u0aa8\u0ab7\u0acd\u0a9f \u0aa5\u0a87 \u0a9b\u0ac7. \u0a95\u0acb\u0aa0\u0abe\u0ab0\u0acb \u0a93\u0a9b\u0abe \u0aa5\u0aaf\u0abe \u0a9b\u0ac7. \u0a96\u0ac7\u0aa4\u0ab0\u0acb\u0aae\u0abe\u0a82 \u0a85\u0aa8\u0abe\u0a9c \u0ab8\u0ac1\u0a95\u0abe\u0a88 \u0a97\u0aaf\u0ac1\u0a82 \u0a9b\u0ac7."},{"Verseid":"28000017","Verse":"\u0aa2\u0acb\u0ab0 \u0aad\u0abe\u0a82\u0aad\u0ab0\u0ac0 \u0ab0\u0ab9\u0acd\u0aaf\u0abe\u0a82 \u0a9b\u0ac7! \u0a85\u0aa8\u0ac7 \u0aac\u0ab3\u0aa6\u0acb \u0aae\u0ac1\u0a82\u0a9c\u0abe\u0aaf\u0abe \u0a9b\u0ac7; \u0a95\u0abe\u0ab0\u0aa3\u0a95\u0ac7 \u0aa4\u0ac7\u0a93 \u0aae\u0abe\u0a9f\u0ac7 \u0a98\u0abe\u0ab8\u0a9a\u0abe\u0ab0\u0acb \u0ab0\u0ab9\u0acd\u0aaf\u0acb \u0aa8\u0aa5\u0ac0. \u0a98\u0ac7\u0a9f\u0abe\u0a82\u0aa8\u0abe\u0a82 \u0a9f\u0acb\u0ab3\u0abe\u0a82\u0a93 \u0aaa\u0aa3 \u0a95\u0ab7\u0acd\u0a9f \u0ab8\u0ab9\u0aa8 \u0a95\u0ab0\u0ac0 \u0ab0\u0ab9\u0acd\u0aaf\u0abe\u0a82 \u0a9b\u0ac7."},{"Verseid":"28000018","Verse":"\u0ab9\u0ac7 \u0aaf\u0ab9\u0acb\u0ab5\u0abe, \u0ab9\u0ac1\u0a82 \u0aa4\u0aae\u0aa8\u0ac7 \u0aac\u0acb\u0ab2\u0abe\u0ab5\u0ac1\u0a82 \u0a9b\u0ac1\u0a82, \u2018\u0a95\u0abe\u0ab0\u0aa3\u0a95\u0ac7 \u0a85\u0a97\u0acd\u0aa8\u0abf\u0a8f \u0aae\u0ab0\u0ac2\u0aad\u0ac2\u0aae\u0abf\u0aa8\u0abe \u0a98\u0abe\u0ab8\u0a9a\u0abe\u0ab0\u0abe\u0aa8\u0ac7 \u0aad\u0ab8\u0acd\u0aae \u0a95\u0ab0\u0acd\u0aaf\u0acb \u0a9b\u0ac7 \u0a85\u0aa8\u0ac7 \u0aaa\u0acd\u0ab0\u0a9c\u0ab5\u0ab2\u0abf\u0aa4 \u0a9c\u0ab5\u0abe\u0ab3\u0abe\u0a93\u0a8f \u0a96\u0ac7\u0aa4\u0ab0\u0aa8\u0abe \u0aac\u0aa7\u0abe \u0ab5\u0ac3\u0a95\u0acd\u0ab7\u0acb \u0aac\u0abe\u0ab3\u0ac0 \u0aa8\u0abe\u0a96\u0acd\u0aaf\u0abe\u0a82 \u0a9b\u0ac7."},{"Verseid":"28000019","Verse":"\u0ab9\u0abe, \u0ab5\u0aa8\u0a9a\u0ab0 \u0aaa\u0ab6\u0ac1\u0a93 \u0aaa\u0aa3 \u0aaa\u0abe\u0aa3\u0ac0 \u0aae\u0abe\u0a9f\u0ac7 \u0aa4\u0aae\u0aa8\u0ac7 \u0aaa\u0acb\u0a95\u0abe\u0ab0\u0ac7 \u0a9b\u0ac7; \u0a95\u0abe\u0ab0\u0aa3\u0a95\u0ac7 \u0aaa\u0abe\u0aa3\u0ac0\u0aa8\u0ac0 \u0a98\u0abe\u0ab0\u0abe\u0a93 \u0ab8\u0ac1\u0a95\u0abe\u0a87 \u0a97\u0a87 \u0a9b\u0ac7, \u0aa8\u0ac7 \u0a85\u0a97\u0acd\u0aa8\u0abf\u0a8f \u0ab5\u0aa8\u0aa8\u0acb \u0a98\u0abe\u0ab8\u0a9a\u0abe\u0ab0\u0acb \u0aad\u0ab8\u0acd\u0aae \u0a95\u0ab0\u0acd\u0aaf\u0acb \u0a9b\u0ac7.\u2019"}]},{"Verse":[{"Verseid":"28001000","Verse":"\u0ab8\u0abf\u0aaf\u0acb\u0aa8\u0aae\u0abe\u0a82 \u0ab0\u0aa3\u0ab6\u0abf\u0a82\u0a97\u0aa1\u0ac1\u0a82 \u0ab5\u0a97\u0abe\u0aa1\u0acb, \u0aae\u0abe\u0ab0\u0abe \u0aaa\u0ab5\u0abf\u0aa4\u0acd\u0ab0 \u0aaa\u0ab0\u0acd\u0ab5\u0aa4 \u0aaa\u0ab0 \u0aad\u0aaf \u0ab8\u0ac2\u0a9a\u0ab5\u0aa4\u0acb \u0a9a\u0ac7\u0aa4\u0ab5\u0aa3\u0ac0\u0aa8\u0acb \u0ab8\u0ac2\u0ab0 \u0ab8\u0a82\u0aad\u0ab3\u0abe\u0ab5\u0acb. \u0aa6\u0ac7\u0ab6\u0aa8\u0abe \u0ab8\u0ab0\u0acd\u0ab5 \u0ab2\u0acb\u0a95\u0acb, \u0aa5\u0ab0\u0aa5\u0ab0\u0ac0 \u0a8a\u0aa0\u0acb, \u0a95\u0abe\u0ab0\u0aa3\u0a95\u0ac7 \u0aaf\u0ab9\u0acb\u0ab5\u0abe\u0aa8\u0acb \u0aa8\u0acd\u0aaf\u0abe\u0aaf\u0aa8\u0acb \u0aa6\u0abf\u0ab5\u0ab8 \u0a86\u0ab5\u0ac0 \u0ab0\u0ab9\u0acd\u0aaf\u0acb \u0a9b\u0ac7. \u0aa4\u0ac7 \u0a9b\u0ac7\u0a95 \u0aa8\u0a9c\u0ac0\u0a95 \u0a9b\u0ac7."},{"Verseid":"28001001","Verse":"\u0a85\u0a82\u0aa7\u0a95\u0abe\u0ab0 \u0a85\u0aa8\u0ac7 \u0ab5\u0abf\u0ab7\u0abe\u0aa6\u0aa8\u0acb \u0aa4\u0ac7 \u0aa6\u0abf\u0ab5\u0ab8 \u0a9b\u0ac7. \u0ab5\u0abe\u0aa6\u0ab3\u0acb \u0a85\u0aa8\u0ac7 \u0a85\u0a82\u0aa7\u0a95\u0abe\u0ab0\u0aa8\u0acb \u0aa6\u0abf\u0ab5\u0ab8. \u0aaa\u0ab0\u0acd\u0ab5\u0aa4\u0acb \u0aaa\u0ab0 \u0aaa\u0aa5\u0ab0\u0abe\u0aa4\u0abe \u0a98\u0abe\u0a9f\u0abe \u0aaa\u0aa1\u0a9b\u0abe\u0aaf\u0abe \u0a9c\u0ac7\u0ab5\u0ac1\u0a82 \u0aac\u0ab3\u0ab5\u0abe\u0aa8 \u0a85\u0aa8\u0ac7 \u0ab5\u0abf\u0ab6\u0abe\u0ab3 \u0ab8\u0ac8\u0aa8\u0acd\u0aaf \u0a9c\u0ac7\u0ab5\u0ac1\u0a82 \u0aa6\u0ac7\u0a96\u0abe\u0aaf \u0a9b\u0ac7. \u0a8f\u0ab5\u0ac1\u0a82 \u0aaa\u0ab9\u0ac7\u0ab2\u0abe\u0a82 \u0a95\u0aa6\u0ac0 \u0aac\u0aa8\u0acd\u0aaf\u0ac1\u0a82 \u0aa8\u0aa5\u0ac0 \u0a95\u0ac7, \u0aad\u0ab5\u0abf\u0ab7\u0acd\u0aaf\u0aae\u0abe\u0a82 \u0a95\u0aa6\u0ac0 \u0a9c\u0acb\u0ab5\u0abe \u0aa8\u0ab9\u0abf \u0aae\u0ab3\u0ac7, \u0aae\u0acb\u0a9f\u0ac0 \u0aa4\u0aa5\u0abe \u0aac\u0ab3\u0ab5\u0abe\u0aa8 \u0aaa\u0acd\u0ab0\u0a9c\u0abe \u0a86\u0ab5\u0ab6\u0ac7."},{"Verseid":"28001002","Verse":"\u0a85\u0a97\u0acd\u0aa8\u0abf \u0aa4\u0ac7\u0aae\u0aa8\u0ac0 \u0ab8\u0aae\u0a95\u0acd\u0ab7 \u0aad\u0aad\u0ac2\u0a95\u0ac7 \u0a9b\u0ac7. \u0aa4\u0ac7\u0aae\u0aa8\u0ac0 \u0aaa\u0abe\u0a9b\u0ab3 \u0a9c\u0ab5\u0abe\u0ab3\u0abe\u0a93 \u0ab2\u0aaa\u0a95\u0abe\u0ab0\u0abe \u0aae\u0abe\u0ab0\u0ac7 \u0a9b\u0ac7. \u0aa4\u0ac7\u0aae\u0aa8\u0ac0 \u0ab8\u0aae\u0a95\u0acd\u0ab7\u0aa8\u0ac0 \u0aad\u0ac2\u0aae\u0abf \u0a86\u0aa6\u0aae\u0aa8\u0abe \u0aac\u0a97\u0ac0\u0a9a\u0abe \u0a9c\u0ac7\u0ab5\u0ac0 \u0a9b\u0ac7. \u0aaa\u0ab0\u0a82\u0aa4\u0ac1 \u0aa4\u0ac7\u0a93\u0aa8\u0ac0 \u0aaa\u0abe\u0a9b\u0ab3 \u0aa4\u0ac7 \u0a89\u0a9c\u0acd\u0a9c\u0aa1 \u0a85\u0ab0\u0aa3\u0acd\u0aaf \u0a9c\u0ac7\u0ab5\u0ac0 \u0a9b\u0ac7. \u0ab9\u0abe, \u0a95\u0ab6\u0ac1\u0a82 \u0a9c \u0ab0\u0ab9\u0ac7\u0aa4\u0ac1\u0a82 \u0aa8\u0aa5\u0ac0."},{"Verseid":"28001003","Verse":"\u0aa4\u0ac7\u0aae\u0aa8\u0acb \u0aa6\u0ac7\u0a96\u0abe\u0ab5 \u0a98\u0acb\u0aa1\u0abe\u0a93\u0aa8\u0abe \u0a9c\u0ac7\u0ab5\u0acb \u0a9b\u0ac7; \u0a85\u0aa8\u0ac7 \u0a9c\u0abe\u0aa3\u0ac7 \u0a98\u0acb\u0aa1\u0ac7\u0ab8\u0ab5\u0abe\u0ab0 \u0ab9\u0acb\u0aaf \u0aa4\u0ac7\u0aae \u0aa4\u0ac7\u0a93 \u0aa6\u0acb\u0aa1\u0ac7 \u0a9b\u0ac7."},{"Verseid":"28001004","Verse":"\u0aa4\u0ac7\u0a93 \u0ab6\u0abf\u0a96\u0ab0\u0acb \u0aaa\u0ab0 \u0a97\u0aa1\u0a97\u0aa1\u0abe\u0a9f \u0a95\u0ab0\u0aa4\u0abe\u0a82, \u0ab0\u0aa5\u0acb\u0aa8\u0ac0 \u0a9c\u0ac7\u0aae \u0a86\u0a97\u0ab3 \u0a98\u0ab8\u0ac0 \u0ab0\u0ab9\u0acd\u0aaf\u0abe\u0a82 \u0a9b\u0ac7, \u0a98\u0abe\u0ab8 \u0aac\u0ab3\u0aa4\u0ac0 \u0a9c\u0ab5\u0abe\u0ab3\u0abe\u0a93\u0aa8\u0abe \u0ab2\u0aaa\u0a95\u0abe\u0ab0\u0abe\u0aa8\u0ac0 \u0a9c\u0ac7\u0aae \u0a85\u0aa8\u0ac7 \u0aaf\u0ac1\u0aa6\u0acd\u0aa7\u0aad\u0ac2\u0aae\u0abf\u0aae\u0abe\u0a82 \u0ab6\u0a95\u0abf\u0aa4\u0ab6\u0abe\u0ab3\u0ac0 \u0ab8\u0ac8\u0aa8\u0abe\u0aa8\u0ac0 \u0a9c\u0ac7\u0aae \u0a86\u0a97\u0ab3 \u0ab5\u0aa7\u0ac7 \u0a9b\u0ac7."},{"Verseid":"28001005","Verse":"\u0aa4\u0ac7\u0aae\u0aa8\u0ac7 \u0a9c\u0acb\u0aa4\u0abe\u0a82 \u0aaa\u0acd\u0ab0\u0a9c\u0abe\u0a93 \u0aa7\u0acd\u0ab0\u0ac1\u0a9c\u0ac0 \u0a8a\u0aa0\u0ac7 \u0a9b\u0ac7. \u0aad\u0aaf\u0aa8\u0ac7 \u0a95\u0abe\u0ab0\u0aa3\u0ac7 \u0ab8\u0acc\u0aa8\u0abe \u0a9a\u0ab9\u0ac7\u0ab0\u0abe \u0a89\u0aaa\u0ab0\u0aa5\u0ac0 \u0ab2\u0acb\u0ab9\u0ac0 \u0a8a\u0aa1\u0ac0 \u0a9c\u0abe\u0aaf \u0a9b\u0ac7."},{"Verseid":"28001006","Verse":"\u0a86 \u2018\u0aaf\u0acb\u0aa6\u0acd\u0aa7\u0abe\u0a93\u2019 \u0aaa\u0abe\u0aaf\u0aa6\u0ab3\u0aa8\u0ac0 \u0a9c\u0ac7\u0aae \u0aa6\u0acb\u0aa1\u0ac7 \u0a9b\u0ac7, \u0a85\u0aa8\u0ac7 \u0aaa\u0acd\u0ab0\u0ab6\u0abf\u0a95\u0acd\u0ab7\u0aa3 \u0aaa\u0abe\u0aae\u0ac7\u0ab2\u0abe \u0ab8\u0ac8\u0aa8\u0abf\u0a95\u0acb\u0aa8\u0ac0 \u0a9c\u0ac7\u0aae \u0aad\u0ac0\u0a82\u0aa4\u0acb \u0a89\u0aaa\u0ab0 \u0a9a\u0aa2\u0ac0 \u0a9c\u0abe\u0aaf \u0a9b\u0ac7. \u0aa4\u0ac7\u0a93 \u0aac\u0aa7\u0abe \u0a8f\u0a95 \u0ab9\u0ab0\u0acb\u0ab3\u0aae\u0abe\u0a82 \u0a96\u0ab8\u0ac7 \u0a9b\u0ac7 \u0a85\u0aa8\u0ac7 \u0aa4\u0ac7\u0aae\u0aa8\u0ac0 \u0ab9\u0ab0\u0acb\u0ab3\u0aa5\u0ac0 \u0ab9\u0a9f\u0aa4\u0abe\u0a82 \u0aa8\u0aa5\u0ac0."},{"Verseid":"28001007","Verse":"\u0aa4\u0ac7\u0a93 \u0a8f\u0a95\u0aac\u0ac0\u0a9c\u0abe\u0aa8\u0ac7 \u0aa7\u0a95\u0acd\u0a95\u0acb \u0aa8\u0aa5\u0ac0 \u0aae\u0abe\u0ab0\u0aa4\u0abe\u0a82 \u0a85\u0aa8\u0ac7 \u0ab9\u0ab0\u0acb\u0ab3\u0aae\u0abe\u0a82 \u0ab0\u0ab9\u0ac7 \u0a9b\u0ac7. \u0a9c\u0acd\u0aaf\u0abe\u0ab0\u0ac7 \u0aa4\u0ac7\u0a93 \u0ab6\u0ab8\u0acd\u0aa4\u0acd\u0ab0\u0acb \u0ab8\u0aae\u0a95\u0acd\u0ab7 \u0aaa\u0aa1\u0ac7 \u0aa4\u0acd\u0aaf\u0abe\u0ab0\u0ac7, \u0aa4\u0ac7\u0a93 \u0a95\u0acd\u0ab0\u0aae \u0aa4\u0acb\u0aa1\u0aa4\u0abe\u0a82 \u0aa8\u0aa5\u0ac0."},{"Verseid":"28001008","Verse":"\u0aa4\u0ac7\u0a93 \u0ab6\u0ab9\u0ac7\u0ab0\u0aae\u0abe\u0a82 \u0a89\u0aae\u0a9f\u0aaf\u0abe \u0a9b\u0ac7. \u0aa4\u0ac7\u0a93 \u0aa6\u0ac0\u0ab5\u0abe\u0ab2\u0acb\u0aa8\u0ac0 \u0a8f\u0a95 \u0aa4\u0ab0\u0aab\u0aa5\u0ac0 \u0aac\u0ac0\u0a9c\u0ac0 \u0aa4\u0ab0\u0aab \u0aa6\u0acb\u0aa1\u0ac7 \u0a9b\u0ac7. \u0aa4\u0ac7\u0a93 \u0aae\u0a95\u0abe\u0aa8\u0acb\u0aa8\u0ac0 \u0a85\u0a82\u0aa6\u0ab0 \u0a9a\u0aa2\u0ac0 \u0a9c\u0abe\u0aaf \u0a9b\u0ac7. \u0a85\u0aa8\u0ac7 \u0aac\u0abe\u0ab0\u0ac0\u0a93\u0aae\u0abe\u0a82\u0aa5\u0ac0 \u0a9a\u0acb\u0ab0\u0aa8\u0ac0 \u0a9c\u0ac7\u0aae \u0aaa\u0acd\u0ab0\u0ab5\u0ac7\u0ab6\u0ac7 \u0a9b\u0ac7."},{"Verseid":"28001009","Verse":"\u0aa7\u0ab0\u0aa4\u0ac0 \u0aa4\u0ac7\u0aae\u0aa8\u0ac0 \u0a86\u0a97\u0ab3 \u0aa7\u0acd\u0ab0\u0ac1\u0a9c\u0ac7 \u0a9b\u0ac7 \u0a85\u0aa8\u0ac7 \u0a86\u0a95\u0abe\u0ab6 \u0aa5\u0ab0\u0aa5\u0ab0\u0ac7 \u0a9b\u0ac7, \u0ab8\u0ac2\u0ab0\u0acd\u0aaf \u0a85\u0aa8\u0ac7 \u0a9a\u0a82\u0aa6\u0acd\u0ab0 \u0a95\u0abe\u0ab3\u0abe \u0aaa\u0aa1\u0ac0 \u0a9c\u0abe\u0aaf \u0a9b\u0ac7 \u0a85\u0aa8\u0ac7 \u0aa4\u0abe\u0ab0\u0abe\u0a93 \u0aa4\u0ac7\u0a9c\u0ab8\u0acd\u0ab5\u0ac0\u0aa4\u0abe \u0a97\u0ac1\u0aae\u0abe\u0ab5\u0ac7 \u0a9b\u0ac7."},{"Verseid":"28001010","Verse":"\u0aaf\u0ab9\u0acb\u0ab5\u0abe \u0aa4\u0ac7\u0aa8\u0abe \u0ab8\u0ac8\u0aa8\u0acd\u0aaf\u0aa6\u0ab3\u0acb\u0aa8\u0ac7 \u0a86\u0a9c\u0acd\u0a9e\u0abe\u0a93 \u0a86\u0aaa\u0ac7 \u0a9b\u0ac7. \u0aa4\u0ac7\u0aae\u0aa8\u0ac1\u0a82 \u0ab8\u0ac8\u0aa8\u0acd\u0aaf \u0aae\u0acb\u0a9f\u0ac1\u0a82 \u0a9b\u0ac7, \u0a85\u0aa8\u0ac7 \u0aa4\u0ac7\u0aae\u0aa8\u0ac0 \u0a86\u0a9c\u0acd\u0a9e\u0abe \u0aaa\u0abe\u0ab3\u0aa8\u0abe\u0ab0\u0abe\u0a93 \u0ab6\u0a95\u0abf\u0aa4\u0ab6\u0abe\u0ab3\u0ac0 \u0a9b\u0ac7. \u0aaf\u0ab9\u0acb\u0ab5\u0abe\u0aa8\u0acb \u0aa8\u0acd\u0aaf\u0abe\u0aaf\u0aa8\u0acb \u0aa6\u0abf\u0ab5\u0ab8 \u0aad\u0aaf\u0a82\u0a95\u0ab0 \u0a85\u0aa8\u0ac7 \u0aac\u0abf\u0ab9\u0abe\u0aae\u0aa3\u0acb \u0a9b\u0ac7. \u0a8f\u0aa8\u0ac0 \u0ab8\u0abe\u0aae\u0ac7 \u0a95\u0acb\u0aa3 \u0a9f\u0a95\u0ac0 \u0ab6\u0a95\u0ac7?"},{"Verseid":"28001011","Verse":"\u0aa4\u0acb\u0aaa\u0aa3, \u0aaf\u0ab9\u0acb\u0ab5\u0abe \u0a95\u0ab9\u0ac7 \u0a9b\u0ac7, \u201c\u0ab9\u0a9c\u0ac0 \u0ab8\u0aae\u0aaf \u0a9b\u0ac7 \u0ab8\u0abe\u0a9a\u0abe \u0ab9\u0ac3\u0aa6\u0aaf\u0aa5\u0ac0 \u0aa4\u0aae\u0ac7 \u0aae\u0abe\u0ab0\u0ac0 \u0aaa\u0abe\u0ab8\u0ac7 \u0aaa\u0abe\u0a9b\u0abe \u0aab\u0ab0\u0acb. \u0a89\u0aaa\u0ab5\u0abe\u0ab8 \u0a95\u0ab0\u0ac0, \u0ab0\u0ac2\u0aa6\u0aa8 \u0a95\u0ab0\u0acb, \u0aa8\u0ac7 \u0a86\u0a95\u0acd\u0ab0\u0a82\u0aa6 \u0a95\u0ab0\u0acb."},{"Verseid":"28001012","Verse":"\u0aa4\u0aae\u0abe\u0ab0\u0abe\u0a82 \u0ab5\u0ab8\u0acd\u0aa4\u0acd\u0ab0\u0acb \u0aa8\u0ab9\u0abf, \u0ab9\u0ac3\u0aa6\u0aaf\u0acb \u0a9a\u0ac0\u0ab0\u0ac0 \u0aa8\u0abe\u0a96\u0acb. \u0aa4\u0aae\u0abe\u0ab0\u0abe \u0aaf\u0ab9\u0acb\u0ab5\u0abe \u0aa6\u0ac7\u0ab5 \u0aaa\u0abe\u0ab8\u0ac7 \u0aaa\u0abe\u0a9b\u0abe \u0aab\u0ab0\u0acb. \u0aa4\u0ac7 \u0aa6\u0aaf\u0abe\u0ab3\u0ac1 \u0a85\u0aa8\u0ac7 \u0a95\u0ac3\u0aaa\u0abe\u0ab3\u0ac1 \u0a9b\u0ac7. \u0aa4\u0ac7 \u0a97\u0ac1\u0ab8\u0acd\u0ab8\u0ac7 \u0aa5\u0ab5\u0abe\u0aae\u0abe\u0a82 \u0aa7\u0ac0\u0aae\u0acb \u0a9b\u0ac7 \u0a85\u0aa8\u0ac7 \u0aa4\u0ac7\u0aa8\u0ac0 \u0aaa\u0abe\u0ab8\u0ac7 \u0a85\u0aa8\u0ac7\u0ab0\u0acb \u0aaa\u0acd\u0ab0\u0ac7\u0aae \u0a9b\u0ac7 \u0a85\u0aa8\u0ac7 \u0aa4\u0ac7 \u0aa8\u0acd\u0aaf\u0abe\u0aaf\u0aa8\u0abe \u0a9a\u0ac1\u0a95\u0abe\u0aa6\u0abe\u0aa8\u0ac7 \u0ab2\u0a97\u0aa4\u0acb \u0aa4\u0ac7\u0aa8\u0acb \u0ab5\u0abf\u0a9a\u0abe\u0ab0 \u0aac\u0aa6\u0ab2\u0ac7 \u0a9b\u0ac7."},{"Verseid":"28001013","Verse":"\u0a95\u0acb\u0aa3 \u0a9c\u0abe\u0aa3\u0ac7 \u0a9b\u0ac7? \u0a95\u0aa6\u0abe\u0a9a \u0aa4\u0ac7 \u0aa4\u0ac7\u0aa8\u0abe \u0ab5\u0abf\u0a9a\u0abe\u0ab0 \u0aac\u0aa6\u0ab2\u0ac7 \u0a85\u0aa8\u0ac7 \u0ab8\u0a9c\u0abe\u0aa5\u0ac0 \u0aab\u0ab0\u0ac0 \u0aa4\u0aae\u0aa8\u0ac7 \u0a86\u0ab6\u0ac0\u0ab0\u0acd\u0ab5\u0abe\u0aa6 \u0a86\u0aaa\u0ac7. \u0aa4\u0acd\u0aaf\u0abe\u0ab0\u0ac7 \u0aa4\u0aae\u0abe\u0ab0\u0abe \u0aa6\u0ac7\u0ab5 \u0aaf\u0ab9\u0acb\u0ab5\u0abe\u0aa8\u0ac7 \u0a96\u0abe\u0aa6\u0acd\u0aaf\u0abe\u0ab0\u0acd\u0aaa\u0aa3 \u0a85\u0aa8\u0ac7 \u0aaa\u0ac7\u0aaf\u0abe\u0ab0\u0acd\u0aaa\u0aa3 \u0ab0\u0ab9\u0ac7\u0ab5\u0abe \u0aa6\u0ac7."},{"Verseid":"28001014","Verse":"\u0ab8\u0abf\u0aaf\u0acb\u0aa8\u0aae\u0abe\u0a82 \u0ab0\u0aa3\u0ab6\u0abf\u0a82\u0a97\u0aa1\u0ac1\u0a82 \u0ab5\u0a97\u0abe\u0aa1\u0acb, \u0aaa\u0ab5\u0abf\u0aa4\u0acd\u0ab0 \u0a89\u0aaa\u0ab5\u0abe\u0ab8 \u0a9c\u0abe\u0ab9\u0ac7\u0ab0 \u0a95\u0ab0\u0acb; \u0a85\u0aa8\u0ac7 \u0aa7\u0abe\u0aae\u0abf\u0ab0\u0acd\u0a95 \u0ab8\u0aad\u0abe \u0aae\u0abe\u0a9f\u0ac7 \u0ab2\u0acb\u0a95\u0acb\u0aa8\u0ac7 \u0aad\u0ac7\u0a97\u0abe \u0a95\u0ab0\u0acb."},{"Verseid":"28001015","Verse":"\u0ab2\u0acb\u0a95\u0acb\u0aa8\u0ac7 \u0aad\u0ac7\u0a97\u0abe \u0a95\u0ab0\u0acb, \u0ab8\u0aae\u0ac1\u0aa6\u0abe\u0aaf\u0aa8\u0ac7 \u0aaa\u0abe\u0ab5\u0aa8 \u0a95\u0ab0\u0acb, \u0ab5\u0aa1\u0ac0\u0ab2\u0acb, \u0aac\u0abe\u0ab3\u0a95\u0acb \u0a85\u0aa8\u0ac7 \u0aa7\u0abe\u0ab5\u0aa3\u0abe\u0a82 \u0aac\u0abe\u0ab3\u0a95\u0acb\u0aa8\u0ac7 \u0aad\u0ac7\u0a97\u0abe \u0a95\u0ab0\u0acb. \u0ab5\u0ab0 \u0a85\u0aa8\u0ac7 \u0a95\u0aa8\u0acd\u0aaf\u0abe\u0a8f \u0aa4\u0ac7\u0aae\u0aa8\u0acb \u0ab2\u0a97\u0acd\u0aa8 \u0aae\u0a82\u0aa1\u0aaa \u0a9b\u0acb\u0aa1\u0ac0 \u0a86\u0ab5\u0ab5\u0ac1\u0a82 \u0a9c\u0abe\u0a88\u0a8f."},{"Verseid":"28001016","Verse":"\u0aaf\u0abe\u0a9c\u0a95\u0acb, \u0a9c\u0ac7 \u0aaf\u0ab9\u0acb\u0ab5\u0abe\u0aa8\u0abe \u0ab8\u0ac7\u0ab5\u0a95\u0acb \u0a9b\u0ac7, \u0aa4\u0ac7\u0aae\u0aa3\u0ac7 \u0a93\u0ab8\u0ab0\u0ac0 \u0a85\u0aa8\u0ac7 \u0ab5\u0ac7\u0aa6\u0ac0 \u0ab5\u0a9a\u0acd\u0a9a\u0ac7 \u0ab0\u0aa1\u0ab5\u0ac1\u0a82 \u0a85\u0aa8\u0ac7 \u0a95\u0ab9\u0ac7\u0ab5\u0ac1\u0a82 \u0a95\u0ac7, \u201c\u0ab9\u0ac7 \u0aaf\u0ab9\u0acb\u0ab5\u0abe, \u0aa4\u0abe\u0ab0\u0abe \u0ab2\u0acb\u0a95\u0acb \u0aaa\u0ab0 \u0aa6\u0aaf\u0abe \u0a95\u0ab0. \u0ab5\u0abf\u0aa6\u0ac7\u0ab6\u0ac0\u0a93\u0aa8\u0ac7 \u0aa4\u0ac7\u0aae\u0aa8\u0ac7 \u0ab9\u0ab0\u0abe\u0ab5\u0ab5\u0abe \u0aa8 \u0aa6\u0acb. \u0aa4\u0aae\u0abe\u0ab0\u0abe \u0ab2\u0acb\u0a95\u0acb\u0aa8\u0ac7 \u0ab5\u0abf\u0aa6\u0ac7\u0ab6\u0ac0\u0a93 \u0ab8\u0aae\u0a95\u0acd\u0ab7 \u0ab2\u0a9c\u0acd\u0a9c\u0abf\u0aa4 \u0aa5\u0ab5\u0abe \u0aa8 \u0aa6\u0acb, \u0a9c\u0ac7\u0a93 \u0aa6\u0ab0\u0ac7\u0a95\u0aa8\u0ac7 \u0a95\u0ab9\u0ac7 \u0a9b\u0ac7, \u201c\u0aa4\u0ac7\u0a93\u0aa8\u0acb \u0aa6\u0ac7\u0ab5 \u0a95\u0aaf\u0abe\u0a82 \u0a9b\u0ac7?\u201d"},{"Verseid":"28001017","Verse":"\u0aa4\u0acd\u0aaf\u0abe\u0ab0\u0ac7 \u0aaf\u0ab9\u0acb\u0ab5\u0abe\u0aa8\u0ac7 \u0aaa\u0acb\u0aa4\u0abe\u0aa8\u0abe \u0aa6\u0ac7\u0ab6\u0aa8\u0ac7 \u0aae\u0abe\u0a9f\u0ac7 \u0ab2\u0abe\u0a97\u0aa3\u0ac0 \u0aa5\u0a87, \u0aa8\u0ac7 \u0aa4\u0ac7\u0aa8\u0ac7 \u0aaa\u0acb\u0aa4\u0abe\u0aa8\u0abe \u0ab2\u0acb\u0a95\u0acb \u0aaa\u0ab0 \u0aa6\u0aaf\u0abe \u0a86\u0ab5\u0ac0."},{"Verseid":"28001018","Verse":"\u0aaf\u0ab9\u0acb\u0ab5\u0abe\u0a8f \u0aaa\u0acb\u0aa4\u0abe\u0aa8\u0abe \u0ab2\u0acb\u0a95\u0acb\u0aa8\u0ac7 \u0a9c\u0ab5\u0abe\u0aac \u0a86\u0aaa\u0acd\u0aaf\u0acb, \u201c\u0a9c\u0ac1\u0a93, \u0ab9\u0ac1\u0a82 \u0aa4\u0aae\u0aa8\u0ac7 \u0ab8\u0a82\u0aa4\u0acb\u0ab7 \u0aa5\u0abe\u0aaf \u0aa4\u0ac7\u0a9f\u0ab2\u0abe \u0aaa\u0ac2\u0ab0\u0aa4\u0abe\u0a82 \u0a85\u0aa8\u0abe\u0a9c, \u0aa6\u0acd\u0ab0\u0abe\u0a95\u0acd\u0ab7\u0abe\u0ab0\u0ab8, \u0a85\u0aa8\u0ac7 \u0aa4\u0ac7\u0ab2 \u0aae\u0acb\u0a95\u0ab2\u0ac0\u0ab6. \u0ab9\u0ab5\u0ac7 \u0ab9\u0ac1\u0a82 \u0aa4\u0aae\u0aa8\u0ac7 \u0ab5\u0abf\u0aa6\u0ac7\u0ab6\u0ac0\u0a93 \u0ab8\u0aae\u0a95\u0acd\u0ab7 \u0ab9\u0a9c\u0ac0 \u0ab5\u0aa7\u0abe\u0ab0\u0ac7 \u0ab2\u0a9c\u0acd\u0a9c\u0abf\u0aa4 \u0aa5\u0ab5\u0abe \u0aa8\u0ab9\u0ac0\u0a82 \u0aa6\u0a89."},{"Verseid":"28001019","Verse":"\u0aaa\u0aa3 \u0ab9\u0ac1\u0a82 \u0a86 \u0ab8\u0ac8\u0aa8\u0acd\u0aaf\u0acb\u0aa8\u0ac7 \u0a89\u0aa4\u0acd\u0aa4\u0ab0\u0aae\u0abe\u0a82\u0aa5\u0ac0 \u0a96\u0ab8\u0ac7\u0aa1\u0ac0 \u0a85\u0aa8\u0ac7 \u0aa4\u0ac7\u0a93\u0aa8\u0ac7 \u0aa6\u0ac2\u0ab0 \u0aa6\u0ac7\u0ab6\u0aae\u0abe\u0a82 \u0aae\u0acb\u0a95\u0ab2\u0ac0 \u0aa6\u0a87\u0ab6. \u0ab9\u0ac1\u0a82 \u0aa4\u0ac7\u0a93\u0aa8\u0ac7 \u0a89\u0a9c\u0acd\u0a9c\u0aa1 \u0aa4\u0aa5\u0abe \u0ab5\u0ac7\u0ab0\u0abe\u0aa8 \u0aa6\u0ac7\u0ab6\u0aae\u0abe\u0a82 \u0aaa\u0abe\u0a9b\u0abe \u0aae\u0acb\u0a95\u0ab2\u0ac0 \u0aa6\u0a87\u0ab6. \u0aa4\u0ac7\u0a93\u0aae\u0abe\u0a82\u0aa8\u0abe \u0a85\u0aa1\u0aa7\u0abe\u0aa8\u0ac7 \u0aae\u0ac3\u0aa4 \u0ab8\u0ab0\u0acb\u0ab5\u0ab0\u0aae\u0abe\u0a82 \u0a85\u0aa8\u0ac7 \u0aac\u0abe\u0a95\u0ac0\u0aa8\u0abe\u0aa8\u0ac7 \u0aad\u0ac2\u0aae\u0aa7\u0acd\u0aaf \u0ab8\u0aae\u0ac1\u0aa6\u0acd\u0ab0\u0aae\u0abe\u0a82 \u0aa7\u0a95\u0ac7\u0ab2\u0ac0\u0ab6. \u0aaa\u0a9b\u0ac0 \u0aa4\u0ac7\u0a93 \u0aa6\u0ac1\u0ab0\u0acd\u0a97\u0a82\u0aa7\u0ac0\u0aa4 \u0aa5\u0ab6\u0ac7 \u0a85\u0aa8\u0ac7 \u0aa4\u0ac7\u0aae\u0aa8\u0ac0 \u0a97\u0a82\u0aa7 \u0a89\u0a9a\u0ac7 \u0a9a\u0aa2\u0ab6\u0ac7 \u0a95\u0abe\u0ab0\u0aa3\u0a95\u0ac7 \u0aa4\u0ac7\u0aa3\u0ac7 \u0ab6\u0a95\u0abf\u0aa4\u0ab6\u0abe\u0ab3\u0ac0 \u0a95\u0abe\u0ab0\u0acd\u0aaf\u0acb \u0a95\u0ab0\u0acd\u0aaf\u0abe\u0a82 \u0a9b\u0ac7.\u201d"},{"Verseid":"28001020","Verse":"\u0ab9\u0ac7 \u0aad\u0ac2\u0aae\u0abf, \u0a97\u0aad\u0ab0\u0abe\u0a87\u0ab6 \u0aa8\u0ab9\u0abf, \u0ab9\u0ab5\u0ac7 \u0a96\u0ac1\u0ab6 \u0aa5\u0abe \u0a85\u0aa8\u0ac7 \u0a86\u0aa8\u0a82\u0aa6 \u0a95\u0ab0. \u0a95\u0abe\u0ab0\u0aa3\u0a95\u0ac7 \u0aaf\u0ab9\u0acb\u0ab5\u0abe\u0a8f \u0aae\u0ab9\u0abe\u0aa8 \u0a95\u0abe\u0ab0\u0acd\u0aaf\u0acb \u0a95\u0ab0\u0acd\u0aaf\u0abe \u0a9b\u0ac7."},{"Verseid":"28001021","Verse":"\u0ab9\u0ac7 \u0ab5\u0aa8\u0a9a\u0ab0 \u0aaa\u0ab6\u0ac1\u0a93, \u0aa4\u0aae\u0ac7 \u0aa1\u0ab0\u0ab6\u0acb \u0aa8\u0ab9\u0abf; \u0a95\u0abe\u0ab0\u0aa3\u0a95\u0ac7 \u0a97\u0acc\u0a9a\u0ab0\u0aa8\u0ac0 \u0a9c\u0a97\u0acd\u0aaf\u0abe\u0a93 \u0aab\u0ab0\u0ac0\u0aa5\u0ac0 \u0ab9\u0ab0\u0abf\u0aaf\u0abe\u0ab3\u0ac0 \u0aa5\u0ab6\u0ac7. \u0ab5\u0ac3\u0a95\u0acd\u0ab7\u0acb \u0aaa\u0acb\u0aa4\u0abe\u0aa8\u0abe \u0aab\u0ab3 \u0a89\u0aaa\u0a9c\u0abe\u0ab5\u0ab6\u0ac7, \u0a85\u0a82\u0a9c\u0ac0\u0ab0\u0ab5\u0ac3\u0a95\u0acd\u0ab7\u0acb \u0a85\u0aa8\u0ac7 \u0aa6\u0acd\u0ab0\u0abe\u0a95\u0acd\u0ab7\u0abe\u0ab5\u0ac7\u0ab2\u0abe\u0a93 \u0aab\u0ab0\u0ac0\u0aa5\u0ac0 \u0aab\u0ab3\u0ab5\u0a82\u0aa4\u0abe \u0aa5\u0ab6\u0ac7."},{"Verseid":"28001022","Verse":"\u0ab9\u0ac7 \u0ab8\u0abf\u0aaf\u0acb\u0aa8\u0aa8\u0abe \u0ab2\u0acb\u0a95\u0acb, \u0a96\u0ac1\u0ab6 \u0aa5\u0abe\u0a93, \u0aa4\u0aae\u0abe\u0ab0\u0abe \u0aaf\u0ab9\u0acb\u0ab5\u0abe \u0aa6\u0ac7\u0ab5\u0aa8\u0abe \u0aa8\u0abe\u0aae\u0ac7 \u0a86\u0aa8\u0a82\u0aa6 \u0a95\u0ab0\u0acb; \u0a95\u0abe\u0ab0\u0aa3\u0a95\u0ac7 \u0aa4\u0ac7 \u0aa4\u0aae\u0abe\u0ab0\u0ac0 \u0ab8\u0abe\u0aa5\u0ac7\u0aa8\u0abe \u0ab8\u0a82\u0aac\u0a82\u0aa7\u0aa8\u0abe \u0aaa\u0acd\u0ab0\u0ab8\u0acd\u0aa5\u0abe\u0aaa\u0aa8\u0aa8\u0abe \u0a9a\u0abf\u0ab9\u0aa8\u0ab0\u0ac2\u0aaa\u0ac7 \u0ab6\u0ab0\u0aa6\u0a8b\u0aa4\u0ac1\u0aa8\u0abe\u0a82 \u0ab5\u0ab0\u0ab8\u0abe\u0aa6\u0acb \u0aae\u0acb\u0a95\u0ab2\u0ac0 \u0ab0\u0ab9\u0acd\u0aaf\u0acb \u0a9b\u0ac7. \u0aa4\u0ac7 \u0aa4\u0aae\u0abe\u0ab0\u0abe \u0aae\u0abe\u0a9f\u0ac7 \u0ab5\u0ab0\u0ab8\u0abe\u0aa6 \u0ab5\u0ab0\u0ab8\u0abe\u0ab5\u0ab6\u0ac7. \u0aab\u0ab0\u0ac0\u0aa5\u0ac0, \u0aa4\u0ac7 \u0ab5\u0ab8\u0a82\u0aa4 \u0a85\u0aa8\u0ac7 \u0ab6\u0ab0\u0aa6\u0a8b\u0aa4\u0ac1\u0aae\u0abe\u0a82 \u0ab5\u0ab0\u0ab8\u0abe\u0aa6 \u0ab5\u0ab0\u0ab8\u0abe\u0ab5\u0ab6\u0ac7."},{"Verseid":"28001023","Verse":"\u0aab\u0ab0\u0ac0 \u0a96\u0ab3\u0ac0\u0a93 \u0a98\u0a89\u0a82\u0aa5\u0ac0 \u0aad\u0ab0\u0abe\u0a87 \u0a9c\u0ab6\u0ac7 \u0a85\u0aa8\u0ac7 \u0a95\u0ac1\u0a82\u0aa1\u0acb \u0a9c\u0ac8\u0aa4\u0aa4\u0ac7\u0ab2 \u0a85\u0aa8\u0ac7 \u0aa6\u0acd\u0ab0\u0abe\u0a95\u0acd\u0ab7\u0abe\u0ab0\u0ab8\u0aa5\u0ac0 \u0a8a\u0aad\u0ab0\u0abe\u0ab6\u0ac7."},{"Verseid":"28001024","Verse":"\u0aae\u0ac7\u0a82 \u0aae\u0abe\u0ab0\u0ac1\u0a82 \u0aae\u0ab9\u0abe\u0aa8 \u0ab5\u0abf\u0aa8\u0abe\u0ab6\u0a95 \u0aa4\u0ac0\u0aa1\u0acb\u0aa8\u0ac1\u0a82 \u0ab2\u0ab6\u0acd\u0a95\u0ab0 \u0aa4\u0aae\u0abe\u0ab0\u0ac0 \u0ab5\u0abf\u0ab0\u0ac2\u0aa6\u0acd\u0aa7 \u0aae\u0acb\u0a95\u0ab2\u0acd\u0aaf\u0ac1\u0a82 \u0ab9\u0aa4\u0ac1\u0a82-\u0ab8\u0abe\u0aae\u0ac2\u0ab9\u0abf\u0a95 \u0aa4\u0ac0\u0aa1\u0acb, \u0aab\u0ac1\u0aa6\u0a95\u0aa4\u0abe\u0a82 \u0aa4\u0ac0\u0aa1\u0acb, \u0ab5\u0abf\u0aa8\u0abe\u0ab6\u0a95 \u0aa4\u0ac0\u0aa1\u0acb, \u0a85\u0aa8\u0ac7 \u0a95\u0abe\u0aaa\u0aa4\u0abe\u0a82 \u0aa4\u0ac0\u0aa1\u0acb. \u0aa4\u0ac7\u0aae\u0aa8\u0abe \u0aa6\u0acd\u0ab5\u0abe\u0ab0\u0abe \u0aa8\u0ab7\u0acd\u0a9f \u0aa5\u0aaf\u0ac7\u0ab2\u0acb \u0aaa\u0abe\u0a95 \u0ab9\u0ac1\u0a82 \u0aa4\u0aae\u0aa8\u0ac7 \u0aaa\u0abe\u0a9b\u0acb \u0a86\u0aaa\u0ac0\u0ab6."},{"Verseid":"28001025","Verse":"\u0aa4\u0aae\u0ac7 \u0a9a\u0acb\u0a95\u0acd\u0a95\u0ab8 \u0a98\u0ab0\u0abe\u0a87\u0aa8\u0ac7 \u0a96\u0abe\u0ab6\u0acb \u0a85\u0aa8\u0ac7 \u0aaf\u0ab9\u0acb\u0ab5\u0abe \u0aa6\u0ac7\u0ab5\u0aa8\u0abe \u0aa8\u0abe\u0aae\u0aa8\u0ac0 \u0ab8\u0acd\u0aa4\u0ac1\u0aa4\u0abf \u0a95\u0ab0\u0ab6\u0acb; \u0a9c\u0ac7 \u0aa4\u0aae\u0abe\u0ab0\u0ac0 \u0ab8\u0abe\u0aa5\u0ac7 \u0a85\u0aa6\u0acd\u0aad\u0ac2\u0aa4 \u0ab0\u0ac0\u0aa4\u0ac7 \u0ab0\u0acd\u0ab5\u0aa4\u0acd\u0aaf\u0abe \u0a9b\u0ac7 \u0a85\u0aa8\u0ac7 \u0aae\u0abe\u0ab0\u0abe \u0ab2\u0acb\u0a95\u0acb \u0aab\u0ab0\u0ac0 \u0a95\u0aa6\u0ac0 \u0ab2\u0a9c\u0acd\u0a9c\u0abf\u0aa4 \u0aa8\u0ab9\u0abf \u0aa5\u0abe\u0aaf."},{"Verseid":"28001026","Verse":"\u0aaa\u0a9b\u0ac0 \u0aa4\u0aae\u0aa8\u0ac7 \u0a96\u0aac\u0ab0 \u0aaa\u0aa1\u0ab6\u0ac7 \u0a95\u0ac7, \u0ab9\u0ac1\u0a82 \u0a87\u0ab8\u0acd\u0ab0\u0abe\u0a8f\u0ab2\u0aae\u0abe\u0a82 \u0a9b\u0ac1\u0a82, \u0aa8\u0ac7 \u0ab9\u0ac1\u0a82 \u0aa4\u0aae\u0abe\u0ab0\u0acb \u0aa6\u0ac7\u0ab5 \u0aaf\u0ab9\u0acb\u0ab5\u0abe \u0a9b\u0ac1\u0a82, \u0aa8\u0ac7 \u0aac\u0ac0\u0a9c\u0ac1\u0a82 \u0a95\u0acb\u0a87 \u0aa8\u0aa5\u0ac0; \u0a85\u0aa8\u0ac7 \u0aae\u0abe\u0ab0\u0abe \u0ab2\u0acb\u0a95\u0acb \u0a95\u0aa6\u0ac0 \u0ab2\u0a9c\u0acd\u0a9c\u0abf\u0aa4 \u0aa5\u0ab6\u0ac7 \u0aa8\u0ab9\u0abf.\u201d"},{"Verseid":"28001027","Verse":"\u201c\u0aa4\u0acd\u0aaf\u0abe\u0ab0 \u0aaa\u0a9b\u0ac0, \u0ab9\u0ac1\u0a82 \u0aae\u0abe\u0ab0\u0acb \u0a86\u0aa4\u0acd\u0aae\u0abe \u0aac\u0aa7\u0abe \u0ab2\u0acb\u0a95\u0acb \u0aaa\u0ab0 \u0ab0\u0ac7\u0aa1\u0ac0\u0ab6. \u0aa4\u0aae\u0abe\u0ab0\u0abe \u0aaa\u0ac1\u0aa4\u0acd\u0ab0\u0acb \u0a85\u0aa8\u0ac7 \u0aaa\u0ac1\u0aa4\u0acd\u0ab0\u0ac0\u0a93 \u0aaa\u0acd\u0ab0\u0aac\u0acb\u0aa7 \u0a95\u0ab0\u0ab6\u0ac7, \u0aa4\u0aae\u0abe\u0ab0\u0abe \u0a98\u0ab0\u0aa1\u0abe\u0a82\u0a93 \u0ab8\u0acd\u0ab5\u0aaa\u0acd\u0aa8\u0acb \u0a9c\u0acb\u0ab6\u0ac7 \u0a85\u0aa8\u0ac7 \u0aaf\u0ac1\u0ab5\u0abe\u0aa8\u0acb\u0aa8\u0ac7 \u0ab8\u0a82\u0aa6\u0ab0\u0acd\u0ab6\u0aa8\u0acb \u0aa5\u0ab6\u0ac7."},{"Verseid":"28001028","Verse":"\u0ab5\u0aa7\u0ac1\u0aae\u0abe\u0a82, \u0aa4\u0ac7 \u0ab8\u0aae\u0aaf\u0ac7 \u0ab9\u0ac1\u0a82 \u0aae\u0abe\u0ab0\u0acb \u0a86\u0aa4\u0acd\u0aae\u0abe \u0aa4\u0aae\u0abe\u0ab0\u0abe \u0aa6\u0abe\u0ab8\u0acb \u0a85\u0aa8\u0ac7 \u0aa6\u0abe\u0ab8\u0ac0\u0a93 \u0a89\u0aaa\u0ab0 \u0ab0\u0ac7\u0aa1\u0ac0\u0ab6."},{"Verseid":"28001029","Verse":"\u0ab5\u0ab3\u0ac0 \u0ab9\u0ac1\u0a82 \u0aaa\u0ac3\u0aa5\u0acd\u0ab5\u0ac0 \u0aaa\u0ab0 \u0a85\u0aa8\u0ac7 \u0a86\u0a95\u0abe\u0ab6\u0aae\u0abe\u0a82 \u0a86\u0ab6\u0acd\u0a9a\u0ab0\u0acd\u0aaf\u0a9c\u0aa8\u0a95 \u0aa8\u0abf\u0ab6\u0abe\u0aa8\u0ac0\u0a93 \u0aae\u0ac2\u0a95\u0ac0\u0ab6, \u0ab2\u0acb\u0ab9\u0ac0 \u0a85\u0aa8\u0ac7 \u0a85\u0a97\u0acd\u0aa8\u0abf \u0aa4\u0aa5\u0abe \u0aa7\u0ac1\u0aae\u0abe\u0aa1\u0abe\u0aa8\u0abe \u0ab8\u0acd\u0aa4\u0a82\u0aad\u0acb"},{"Verseid":"28001030","Verse":"\u0aaf\u0ab9\u0acb\u0ab5\u0abe\u0aa8\u0acb \u0aae\u0ab9\u0abe\u0aa8 \u0a85\u0aa8\u0ac7 \u0aad\u0aaf\u0a82\u0a95\u0ab0 \u0aa6\u0abf\u0ab5\u0ab8 \u0a86\u0ab5\u0ac7 \u0aa4\u0ac7 \u0aaa\u0ab9\u0ac7\u0ab2\u0abe\u0a81 \u0ab8\u0ac2\u0ab0\u0acd\u0aaf \u0a85\u0a82\u0aa7\u0a95\u0abe\u0ab0\u0ab0\u0ac2\u0aaa \u0a85\u0aa8\u0ac7 \u0a9a\u0a82\u0aa6\u0acd\u0ab0 \u0ab2\u0acb\u0ab9\u0ac0\u0ab0\u0ac2\u0aaa \u0aa5\u0a87 \u0a9c\u0ab6\u0ac7."},{"Verseid":"28001031","Verse":"\u0aa4\u0ac7 \u0ab8\u0aae\u0aaf\u0ac7 \u0a8f\u0aae \u0aa5\u0ab6\u0ac7 \u0a95\u0ac7, \u0a9c\u0ac7 \u0a95\u0acb\u0a87 \u0aaf\u0ab9\u0acb\u0ab5\u0abe\u0aa8\u0ac7 \u0aac\u0acb\u0ab2\u0abe\u0ab5\u0ab6\u0ac7 \u0aa4\u0ac7 \u0aad\u0abe\u0a97\u0ac0 \u0a9c\u0ab6\u0ac7, \u0a95\u0abe\u0ab0\u0aa3, \u0aaf\u0ab9\u0acb\u0ab5\u0abe\u0a8f \u0a95\u0ab9\u0acd\u0aaf\u0ac1\u0a82 \u0ab9\u0aa4\u0ac1\u0a82 \u0a95\u0ac7, \u201c\u0aaf\u0ab0\u0ac2\u0ab6\u0abe\u0ab2\u0ac7\u0aae\u0aae\u0abe\u0a82 \u0a85\u0aa8\u0ac7 \u0ab8\u0abf\u0aaf\u0acb\u0aa8 \u0aaa\u0ab0\u0acd\u0ab5\u0aa4 \u0aaa\u0ab0 \u0aa6\u0ac0\u0ab0\u0acd\u0aa7\u0a9c\u0ac0\u0ab5\u0ac0\u0a93 \u0aa5\u0ab6\u0ac7, \u0a85\u0aa8\u0ac7 \u0aaf\u0ab0\u0ac2\u0ab6\u0abe\u0ab2\u0ac7\u0aae\u0aae\u0abe\u0a82 \u0aac\u0abe\u0a95\u0ac0 \u0ab0\u0ab9\u0ac7\u0ab2\u0abe\u0a93\u0aae\u0abe\u0a82\u0aa5\u0ac0 \u0a9c\u0ac7\u0aa8\u0ac7 \u0aaf\u0ab9\u0acb\u0ab5\u0abe \u0aac\u0acb\u0ab2\u0abe\u0ab5\u0ac7. \u0aa4\u0ac7\u0a93 \u0a89\u0a97\u0ab0\u0ac0 \u0a9c\u0ab6\u0ac7."}]},{"Verse":[{"Verseid":"28002000","Verse":"\u201c\u0a9c\u0ac1\u0a93! \u0aa4\u0ac7 \u0aa6\u0abf\u0ab5\u0ab8\u0acb\u0aae\u0abe\u0a82 \u0a8f\u0a9f\u0ab2\u0ac7 \u0aa4\u0ac7 \u0ab8\u0aae\u0aaf\u0ac7, \u0a9c\u0acd\u0aaf\u0abe\u0ab0\u0ac7 \u0ab9\u0ac1\u0a82 \u0aaf\u0ab9\u0ac2\u0aa6\u0abe \u0a85\u0aa8\u0ac7 \u0aaf\u0ab0\u0ac2\u0ab6\u0abe\u0ab2\u0ac7\u0aae\u0aa8\u0abe\u0a82 \u0aad\u0abe\u0a97\u0acd\u0aaf \u0aab\u0ac7\u0ab0\u0ab5\u0ac0\u0ab6,"},{"Verseid":"28002001","Verse":"\u0ab9\u0ac1\u0a82 \u0aac\u0aa7\u0abe \u0ab2\u0acb\u0a95\u0acb\u0aa8\u0ac7 \u0aad\u0ac7\u0a97\u0abe \u0a95\u0ab0\u0ac0\u0ab6 \u0a85\u0aa8\u0ac7 \u0aa4\u0ac7\u0aae\u0aa8\u0ac7 \u0aaf\u0ab9\u0acb\u0ab6\u0abe\u0aab\u0abe\u0a9f\u0aa8\u0ac0 \u0a96\u0ac0\u0aa3\u0aae\u0abe\u0a82 \u0aa8\u0ac0\u0a9a\u0ac7 \u0ab2\u0a87 \u0a86\u0ab5\u0ac0\u0ab6; \u0a85\u0aa8\u0ac7 \u0aa4\u0ac7\u0aae\u0aa8\u0ac7 \u0aae\u0abe\u0ab0\u0abe \u0ab2\u0acb\u0a95\u0acb\u0aa8\u0ac7, \u0a88\u0ab8\u0acd\u0ab0\u0abe\u0a8f\u0ab2\u0ac0\u0a93 \u0aae\u0abe\u0ab0\u0abe \u0a89\u0aa4\u0acd\u0aa4\u0ab0\u0abe\u0aa7\u0abf\u0a95\u0abe\u0ab0\u0ac0\u0a93\u0aa8\u0ac7 \u0a87\u0a9c\u0abe \u0a95\u0ab0\u0ab5\u0abe \u0aae\u0abe\u0a9f\u0ac7 \u0ab8\u0a9c\u0abe \u0a95\u0ab0\u0ac0\u0ab6. \u0a9c\u0ac7\u0a93\u0aa8\u0ac7 \u0aa4\u0ac7\u0a93\u0a8f \u0ab5\u0abf\u0ab5\u0abf\u0aa7 \u0aa6\u0ac7\u0ab6\u0acb\u0aae\u0abe\u0a82 \u0ab5\u0ac7\u0ab0\u0ab5\u0abf\u0a96\u0ac7\u0ab0 \u0a95\u0ab0\u0ac0, \u0aae\u0abe\u0ab0\u0ac0 \u0aad\u0ac2\u0aae\u0abf\u0aa8\u0ac7 \u0ab5\u0abf\u0aad\u0abe\u0a9c\u0ac0\u0aa4 \u0a95\u0ab0\u0ac0 \u0ab9\u0aa4\u0ac0."},{"Verseid":"28002002","Verse":"\u0aa4\u0ac7\u0a93\u0a8f \u0a9a\u0abf\u0aa0\u0acd\u0aa0\u0ac0\u0a93 \u0aa8\u0abe\u0a96\u0ac0 \u0aae\u0abe\u0ab0\u0abe \u0ab2\u0acb\u0a95\u0acb\u0aa8\u0ac7 \u0ab8\u0ac7\u0ab5\u0a95\u0acb \u0aa4\u0ab0\u0ac0\u0a95\u0ac7 \u0ab5\u0ab9\u0ac7\u0a82\u0a9a\u0ac0\u0a82 \u0ab2\u0ac0\u0aa7\u0abe \u0a9b\u0ac7. \u0aa4\u0ac7\u0a93\u0a8f \u0aa8\u0abe\u0aa8\u0abe \u0a9b\u0acb\u0a95\u0ab0\u0abe\u0a93\u0aa8\u0ac7 \u0ab5\u0ac7\u0ab6\u0acd\u0aaf\u0abe\u0a93 \u0aae\u0ac7\u0ab3\u0ab5\u0ab5\u0abe \u0ab5\u0ac7\u0a82\u0a9a\u0ac0 \u0aa8\u0abe\u0a96\u0acd\u0aaf\u0abe\u0a82 \u0a9b\u0ac7, \u0a85\u0aa8\u0ac7 \u0aa6\u0acd\u0ab0\u0abe\u0a95\u0acd\u0ab7\u0abe\u0ab0\u0ab8 \u0a85\u0aa8\u0ac7 \u0aae\u0aa6\u0acd\u0aaf\u0aaa\u0abe\u0aa8\u0aa8\u0abe\u0a82 \u0aac\u0aa6\u0ab2\u0abe\u0aae\u0abe\u0a82 \u0a9b\u0acb\u0a95\u0ab0\u0ac0\u0a93 \u0aac\u0aa6\u0ab2\u0ac0 \u0a9b\u0ac7."},{"Verseid":"28002003","Verse":"\u201c\u0ab9\u0ac7 \u0aa4\u0ac2\u0ab0 \u0a85\u0aa8\u0ac7 \u0ab8\u0abf\u0aa6\u0acb\u0aa8 \u0aa4\u0aa5\u0abe \u0aaa\u0ab2\u0ac7\u0ab6\u0ac7\u0aa5\u0aa8\u0abe \u0aac\u0aa7\u0abe \u0aaa\u0acd\u0ab0\u0abe\u0a82\u0aa4\u0acb, \u0aa4\u0aae\u0abe\u0ab0\u0ac7 \u0aa8\u0ac7 \u0aae\u0abe\u0ab0\u0ac7 \u0ab6\u0ac1\u0a82 \u0ab2\u0ac7\u0ab5\u0abe \u0aa6\u0ac7\u0ab5\u0abe? \u0ab6\u0ac1\u0a82 \u0aa4\u0aae\u0ac7 \u0aaa\u0abe\u0a9b\u0ac1\u0a82 \u0ab5\u0abe\u0ab3\u0ab5\u0abe \u0aaa\u0acd\u0ab0\u0aaf\u0aa4\u0acd\u0aa8 \u0a95\u0ab0\u0acb \u0a9b\u0acb? \u0ab8\u0abe\u0ab5\u0aa7\u0abe\u0aa8 \u0ab0\u0ab9\u0acb, \u0aa4\u0aae\u0ac7 \u0a9c\u0acb \u0aac\u0aa6\u0ab2\u0acb \u0ab2\u0ac7\u0ab5\u0abe \u0aae\u0abe\u0a82\u0a97\u0ab6\u0acb, \u0aa4\u0acb \u0a9d\u0aa1\u0aaa\u0aa5\u0ac0 \u0ab9\u0ac1\u0a82 \u0aa4\u0aae\u0abe\u0ab0\u0ac0 \u0aa4\u0ab0\u0aab \u0aab\u0ab0\u0ac0\u0ab6 \u0a85\u0aa8\u0ac7 \u0a97\u0aa3\u0aa4\u0ab0\u0ac0\u0a93 \u0aa4\u0aae\u0abe\u0ab0\u0abe \u0aaa\u0ab0 \u0ab5\u0abe\u0ab3\u0ac0\u0ab6!"},{"Verseid":"28002004","Verse":"\u0aa4\u0aae\u0ac7 \u0aae\u0abe\u0ab0\u0abe\u0a82 \u0ab8\u0acb\u0aa8\u0abe\u0a9a\u0abe\u0a82\u0aa6\u0ac0 \u0ab2\u0a87 \u0ab2\u0ac0\u0aa7\u0abe\u0a82 \u0a9b\u0ac7, \u0aa4\u0aa5\u0abe \u0aae\u0abe\u0ab0\u0ac1\u0a82 \u0ab8\u0ab0\u0acd\u0ab5 \u0a95\u0abf\u0a82\u0aae\u0aa4\u0ac0 \u0aa6\u0acd\u0ab0\u0ab5\u0acd\u0aaf \u0aa4\u0aae\u0abe\u0ab0\u0abe \u0aae\u0a82\u0aa6\u0abf\u0ab0\u0acb\u0aae\u0abe\u0a82 \u0aa4\u0aae\u0ac7 \u0a89\u0aaa\u0abe\u0aa1\u0ac0 \u0a97\u0aaf\u0abe \u0a9b\u0acb."},{"Verseid":"28002005","Verse":"\u201c\u0ab5\u0ab3\u0ac0 \u0aa4\u0aae\u0ac7 \u0aaf\u0ab9\u0ac2\u0aa6\u0abe \u0a85\u0aa8\u0ac7 \u0aaf\u0ab0\u0ac2\u0ab6\u0abe\u0ab2\u0ac7\u0aae\u0aa8\u0abe \u0ab2\u0acb\u0a95\u0acb\u0aa8\u0ac7 \u0a97\u0acd\u0ab0\u0ac0\u0a95\u0acb\u0aa8\u0ac7 \u0ab5\u0ac7\u0a9a\u0ac0 \u0aa6\u0ac0\u0aa7\u0abe \u0a9b\u0ac7, \u0aa4\u0ac7\u0a93 \u0aa4\u0ac7\u0aae\u0aa8\u0ac7 \u0aaa\u0acb\u0aa4\u0abe\u0aa8\u0abe \u0ab5\u0aa4\u0aa8\u0aae\u0abe\u0a82 \u0aa6\u0ac2\u0ab0 \u0aa6\u0ac7\u0ab6\u0aae\u0abe\u0a82 \u0ab2\u0a87 \u0a97\u0aaf\u0abe \u0a9b\u0ac7."},{"Verseid":"28002006","Verse":"\u0aaa\u0ab0\u0a82\u0aa4\u0ac1 \u0ab9\u0ab5\u0ac7 \u0ab9\u0ac1\u0a82 \u0aa4\u0aae\u0ac7 \u0aa4\u0ac7\u0aae\u0aa8\u0ac7 \u0a9c\u0acd\u0aaf\u0abe\u0a82 \u0ab5\u0ac7\u0a9a\u0acd\u0aaf\u0abe\u0a82 \u0a9b\u0ac7 \u0aa4\u0acd\u0aaf\u0abe\u0a82\u0aa5\u0ac0 \u0a9c\u0a97\u0abe\u0aa1\u0ac0\u0ab6 \u0a85\u0aa8\u0ac7 \u0aa4\u0aae\u0ac7 \u0a9c\u0ac7 \u0a95\u0ab0\u0acd\u0aaf\u0ac1\u0a82 \u0a9b\u0ac7 \u0aa4\u0ac7 \u0ab8\u0aae\u0abe\u0aa8 \u0a9c \u0ab9\u0ac1\u0a82 \u0aa4\u0aae\u0abe\u0ab0\u0ac0 \u0ab8\u0abe\u0aa5\u0ac7 \u0a95\u0ab0\u0ac0\u0ab6."},{"Verseid":"28002007","Verse":"\u0ab9\u0ac1\u0a82 \u0aa4\u0aae\u0abe\u0ab0\u0abe \u0aaa\u0ac1\u0aa4\u0acd\u0ab0 \u0a85\u0aa8\u0ac7 \u0aaa\u0ac1\u0aa4\u0acd\u0ab0\u0ac0\u0a93\u0aa8\u0ac7 \u0aaf\u0ab9\u0ac2\u0aa6\u0abe\u0aa8\u0abe \u0ab5\u0a82\u0ab6\u0a9c\u0acb\u0aa8\u0ac7 \u0ab5\u0ac7\u0a82\u0a9a\u0ac0\u0a82\u0ab6 \u0a85\u0aa8\u0ac7 \u0aa4\u0ac7\u0a93 \u0aa4\u0ac7\u0aae\u0aa8\u0ac7 \u0aa6\u0ac2\u0ab0\u0aa8\u0abe \u0aa6\u0ac7\u0ab6 \u0ab6\u0ac7\u0aac\u0abe\u0aa8\u0abe \u0ab2\u0acb\u0a95\u0acb\u0aa8\u0ac7 \u0ab5\u0a82\u0ac7\u0a9a\u0ac0 \u0aa6\u0ac7\u0ab6\u0ac7.\u201d \u0a95\u0ac7\u0aae\u0a95\u0ac7 \u0a86 \u0aaf\u0ab9\u0acb\u0ab5\u0abe\u0aa8\u0ac1\u0a82 \u0ab5\u0a9a\u0aa8 \u0a9b\u0ac7."},{"Verseid":"28002008","Verse":"\u0aa4\u0aae\u0ac7 \u0aaa\u0acd\u0ab0\u0a9c\u0abe\u0a93\u0aae\u0abe\u0a82 \u0aac\u0aa7\u0ac0 \u0aac\u0abe\u0a9c\u0ac1 \u0a9c\u0abe\u0ab9\u0ac7\u0ab0 \u0a95\u0ab0\u0acb; \u0aaf\u0ac1\u0aa6\u0acd\u0aa7\u0aa8\u0ac0 \u0aa4\u0ac8\u0aaf\u0abe\u0ab0\u0ac0 \u0a95\u0ab0\u0acb. \u0ab6\u0acd\u0ab0\u0ac7\u0ab7\u0acd\u0aa0 \u0aaf\u0acb\u0aa6\u0acd\u0aa7\u0abe\u0a93\u0aa8\u0ac0 \u0aad\u0ab0\u0aa4\u0ac0 \u0a95\u0ab0\u0acb. \u0aaf\u0ac1\u0aa6\u0acd\u0aa7\u0aa8\u0abe \u0ab8\u0ab0\u0acd\u0ab5 \u0aaa\u0ac1\u0ab0\u0ac1\u0ab7\u0acb \u0aa4\u0ac8\u0aaf\u0abe\u0ab0 \u0aa5\u0abe\u0a93 \u0a85\u0aa8\u0ac7 \u0aaf\u0ac1\u0aa6\u0acd\u0aa7 \u0aa4\u0ab0\u0aab \u0a95\u0ac2\u0a9a \u0a95\u0ab0\u0acb."},{"Verseid":"28002009","Verse":"\u0aa4\u0aae\u0abe\u0ab0\u0abe \u0ab9\u0ab3\u0aa8\u0ac0 \u0a95\u0acb\u0ab6\u0acb\u0aa8\u0ac7 \u0a93\u0a97\u0abe\u0ab3\u0ac0\u0aa8\u0ac7 \u0aa4\u0ac7\u0aae\u0abe\u0a82\u0aa5\u0ac0 \u0aa4\u0ab0\u0ab5\u0abe\u0ab0\u0acb \u0aac\u0aa8\u0abe\u0ab5\u0acb \u0a85\u0aa8\u0ac7 \u0aa4\u0aae\u0abe\u0ab0\u0abe\u0a82 \u0aa6\u0abe\u0a82\u0aa4\u0ab0\u0aa1\u0abe\u0a81\u0a93\u0aa8\u0ac7 \u0a9f\u0ac0\u0aaa\u0ac0\u0aa8\u0ac7 \u0aad\u0abe\u0ab2\u0abe \u0aac\u0aa8\u0abe\u0ab5\u0acb. \u0aa6\u0ac1\u0ab0\u0acd\u0aac\u0ab3 \u0aae\u0abe\u0aa3\u0ab8\u0acb\u0aa8\u0ac7 \u0a95\u0ab9\u0ac7\u0ab5\u0abe \u0aa6\u0acb \u0a95\u0ac7 \u0aa4\u0ac7 \u0aac\u0ab3\u0ab5\u0abe\u0aa8 \u0a9b\u0ac7."},{"Verseid":"28002010","Verse":"\u0ab9\u0ac7 \u0a86\u0a9c\u0ac1\u0aac\u0abe\u0a9c\u0ac1\u0aa8\u0ac0 \u0ab8\u0ab0\u0acd\u0ab5 \u0aaa\u0acd\u0ab0\u0a9c\u0abe\u0a93, \u0a9c\u0ab2\u0aa6\u0ac0 \u0a86\u0ab5\u0acb, \u0aa8\u0ac7 \u0a8f\u0a95\u0aa4\u0acd\u0ab0 \u0aa5\u0abe\u0a93; \u0ab9\u0ac7 \u0aaf\u0ab9\u0acb\u0ab5\u0abe, \u0aa4\u0aae\u0abe\u0ab0\u0abe \u0aaf\u0acb\u0aa6\u0acd\u0aa7\u0abe\u0a93\u0aa8\u0ac7 \u0aa4\u0acd\u0aaf\u0abe\u0a82 \u0a89\u0aa4\u0abe\u0ab0\u0ac0 \u0ab2\u0abe\u0ab5\u0acb.\u201d"},{"Verseid":"28002011","Verse":"\u0ab0\u0abe\u0ab7\u0acd\u0a9f\u0acb\u0aa8\u0ac7 \u0a9c\u0abe\u0a97\u0ab5\u0abe \u0aa6\u0acb \u0a85\u0aa8\u0ac7 \u0aaf\u0ab9\u0acb\u0ab6\u0abe\u0aab\u0abe\u0a9f\u0aa8\u0ac0 \u0a95\u0acb\u0aa4\u0ab0\u0aae\u0abe\u0a82 \u0a86\u0ab5\u0ab5\u0abe \u0aa6\u0acb. \u0ab9\u0ac1\u0a82 \u0aa8\u0a9c\u0ac0\u0a95\u0aa8\u0abe \u0aa6\u0ac7\u0ab6\u0acb\u0aa8\u0acb \u0aa8\u0acd\u0aaf\u0abe\u0aaf \u0a86\u0aaa\u0ab5\u0abe \u0aae\u0abe\u0a9f\u0ac7 \u0aa4\u0acd\u0aaf\u0abe\u0a82 \u0aac\u0ac7\u0ab8\u0ab5\u0abe\u0aa8\u0acb \u0a9b\u0ac1\u0a82."},{"Verseid":"28002012","Verse":"\u0ab9\u0ab5\u0ac7 \u0aa4\u0aae\u0ac7 \u0aa6\u0abe\u0aa4\u0ab0\u0aa1\u0abe\u0a81 \u0a9a\u0ab2\u0abe\u0ab5\u0acb, \u0aae\u0acb\u0ab2 \u0aaa\u0abe\u0a95\u0ac0 \u0a97\u0aaf\u0acb \u0a9b\u0ac7. \u0a86\u0ab5\u0acb, \u0aa6\u0acd\u0ab0\u0abe\u0a95\u0acd\u0ab7\u0abe\u0a9a\u0a95\u0acd\u0a95\u0ac0 \u0aa6\u0acd\u0ab0\u0abe\u0a95\u0acd\u0ab7\u0aa5\u0ac0 \u0aad\u0ab0\u0ac7\u0ab2\u0ac0 \u0a9b\u0ac7; \u0a95\u0ac2\u0a82\u0aa1\u0abe \u0ab0\u0ab8\u0aa5\u0ac0 \u0a8a\u0aad\u0ab0\u0abe\u0aaf \u0aa4\u0acd\u0aaf\u0abe\u0a82 \u0ab8\u0ac1\u0aa7\u0ac0 \u0aa6\u0acd\u0ab0\u0abe\u0a95\u0acd\u0ab7\u0abe\u0a93\u0aa8\u0ac7 \u0a97\u0ac2\u0a82\u0aa7\u0acd\u0aaf\u0abe \u0a95\u0ab0\u0acb.\u201d \u0a95\u0abe\u0ab0\u0aa3\u0a95\u0ac7 \u0aa4\u0ac7\u0aae\u0aa8\u0ac0 \u0aa6\u0ac1\u0ab7\u0acd\u0a9f\u0aa4\u0abe \u0ab5\u0aa7\u0ac0 \u0a97\u0a87 \u0a9b\u0ac7."},{"Verseid":"28002013","Verse":"\u0aa8\u0acd\u0aaf\u0abe\u0aaf\u0a9a\u0ac1\u0a95\u0abe\u0aa6\u0abe\u0aa8\u0ac0 \u0a96\u0ac0\u0aa3\u0aae\u0abe\u0a82 \u0aae\u0acb\u0a9f\u0acb \u0a9c\u0aa8\u0ab8\u0aae\u0ac1\u0aa6\u0abe\u0aaf \u0ab0\u0abe\u0ab9 \u0a9c\u0acb\u0a87 \u0ab0\u0ab9\u0acd\u0aaf\u0acb \u0a9b\u0ac7! \u0a95\u0abe\u0ab0\u0aa3\u0a95\u0ac7 \u0aa8\u0acd\u0aaf\u0abe\u0aaf\u0a9a\u0ac1\u0a95\u0abe\u0aa6\u0abe\u0aa8\u0ac0 \u0a96\u0ac0\u0aa3\u0aae\u0abe\u0a82 \u0aaf\u0ab9\u0acb\u0ab5\u0abe\u0aa8\u0acb \u0aa6\u0abf\u0ab5\u0ab8 \u0aaa\u0abe\u0ab8\u0ac7 \u0aa5\u0a88 \u0ab0\u0ab9\u0acd\u0aaf\u0acb \u0a9b\u0ac7."},{"Verseid":"28002014","Verse":"\u0ab8\u0ac2\u0ab0\u0acd\u0aaf \u0a85\u0aa8\u0ac7 \u0a9a\u0a82\u0aa6\u0acd\u0ab0 \u0a95\u0abe\u0ab3\u0abe \u0aaa\u0aa1\u0ac0 \u0a9c\u0abe\u0aaf \u0a9b\u0ac7 \u0a85\u0aa8\u0ac7 \u0aa4\u0abe\u0ab0\u0abe\u0a93\u0aa8\u0acb \u0aaa\u0acd\u0ab0\u0a95\u0abe\u0ab6 \u0a9d\u0abe\u0a82\u0a96\u0acb \u0aaa\u0aa1\u0acd\u0aaf\u0acb \u0a9b\u0ac7."},{"Verseid":"28002015","Verse":"\u0aaf\u0ab9\u0acb\u0ab5\u0abe \u0aa6\u0ac7\u0ab5 \u0ab8\u0abf\u0aaf\u0acb\u0aa8\u0aae\u0abe\u0a82\u0aa5\u0ac0 \u0a97\u0ab0\u0acd\u0a9c\u0aa8\u0abe \u0a95\u0ab0\u0ac7 \u0a9b\u0ac7 \u0a85\u0aa8\u0ac7 \u0aaf\u0ab0\u0ac2\u0ab6\u0abe\u0ab2\u0ac7\u0aae\u0aae\u0abe\u0a82\u0aa5\u0ac0 \u0aa4\u0acd\u0ab0\u0abe\u0aa1 \u0aa8\u0abe\u0a96\u0ac7 \u0a9b\u0ac7; \u0aa4\u0ac7\u0aa5\u0ac0 \u0aaa\u0ac3\u0aa5\u0acd\u0ab5\u0ac0 \u0a85\u0aa8\u0ac7 \u0a86\u0a95\u0abe\u0ab6 \u0a9c\u0ac7 \u0a9b\u0ac7. \u0aaa\u0aa3 \u0aaf\u0ab9\u0acb\u0ab5\u0abe \u0aa4\u0ac7\u0aa8\u0abe\u0a82 \u0ab2\u0acb\u0a95\u0acb \u0aae\u0abe\u0a9f\u0ac7 \u0ab8\u0ac1\u0ab0\u0a95\u0acd\u0ab7\u0abf\u0aa4 \u0ab8\u0acd\u0aa5\u0ab3 \u0aa5\u0ab6\u0ac7. \u0aa4\u0ac7 \u0a87\u0ab8\u0acd\u0ab0\u0abe\u0a8f\u0ab2 \u0aae\u0abe\u0a9f\u0ac7 \u0a95\u0abf\u0ab2\u0acd\u0ab2\u0acb \u0a9b\u0ac7."},{"Verseid":"28002016","Verse":"\u0aa4\u0acd\u0aaf\u0abe\u0ab0\u0ac7 \u0aa4\u0aae\u0ac7 \u0a9c\u0abe\u0aa3\u0ab6\u0acb \u0a95\u0ac7, \u201c\u0ab9\u0ac1\u0a82 \u0aae\u0abe\u0ab0\u0abe \u0aaa\u0ab5\u0abf\u0aa4\u0acd\u0ab0 \u0aaa\u0ab0\u0acd\u0ab5\u0aa4 \u0ab8\u0abf\u0aaf\u0acb\u0aa8 \u0a89\u0aaa\u0ab0 \u0aac\u0ac7\u0ab8\u0aa8\u0abe\u0ab0\u0acb \u0aa4\u0aae\u0abe\u0ab0\u0acb \u0aa6\u0ac7\u0ab5 \u0aaf\u0ab9\u0acb\u0ab5\u0abe \u0a9b\u0ac1\u0a82. \u0aaa\u0a9b\u0ac0 \u0aaf\u0ab0\u0ac2\u0ab6\u0abe\u0ab2\u0ac7\u0aae \u0aaa\u0ab5\u0abf\u0aa4\u0acd\u0ab0 \u0aa8\u0a97\u0ab0\u0ac0 \u0aac\u0aa8\u0ab6\u0ac7 \u0a85\u0aa8\u0ac7 \u0ab5\u0abf\u0aa6\u0ac7\u0ab6\u0ac0\u0a93 \u0aa4\u0ac7\u0aa8\u0abe \u0aaa\u0ab0 \u0a86\u0a95\u0acd\u0ab0\u0aae\u0aa3 \u0a95\u0ab0\u0ab6\u0ac7 \u0aa8\u0ab9\u0abf.\u201d\u0aaf\u0ab9\u0ac2\u0aa6\u0abe\u0aa8\u0ac7 \u0aab\u0ab0\u0ac0\u0aa5\u0ac0 \u0aa8\u0ab5\u0ac0 \u0aac\u0aa8\u0abe\u0ab5\u0abe\u0ab6\u0ac7"},{"Verseid":"28002017","Verse":"\u201c\u0aa4\u0ac7 \u0aa6\u0abf\u0ab5\u0ab8\u0ac7 \u0aaa\u0ab0\u0acd\u0ab5\u0aa4\u0acb\u0aae\u0abe\u0a82\u0aa5\u0ac0 \u0aae\u0ac0\u0aa0\u0acb \u0aa6\u0acd\u0ab0\u0abe\u0a95\u0acd\u0ab7\u0abe\u0ab0\u0ab8 \u0a9f\u0aaa\u0a95\u0ab6\u0ac7 \u0a85\u0aa8\u0ac7 \u0aa1\u0ac1\u0a82\u0a97\u0ab0\u0acb\u0aae\u0abe\u0a82\u0aa5\u0ac0 \u0aa6\u0ac2\u0aa7 \u0ab5\u0ab9\u0ac7\u0ab6\u0ac7. \u0aaf\u0ab9\u0ac2\u0aa6\u0abe\u0aa8\u0ac0 \u0ab8\u0ac1\u0a95\u0abe\u0a87 \u0a97\u0aaf\u0ac7\u0ab2\u0ac0 \u0aa7\u0abe\u0ab0\u0abe\u0a93 \u0aaa\u0abe\u0aa3\u0ac0\u0aa5\u0ac0 \u0aad\u0ab0\u0aaa\u0ac2\u0ab0 \u0aa5\u0ab6\u0ac7. \u0ab6\u0abf\u0a9f\u0acd\u0a9f\u0ac0\u0aae\u0aa8\u0ac0 \u0a96\u0ac0\u0aa3\u0aa8\u0ac7 \u0aaa\u0abe\u0aa3\u0ac0 \u0aaa\u0ab9\u0acb\u0a82\u0a9a\u0abe\u0aa1\u0ab5\u0abe \u0aaf\u0ab9\u0acb\u0ab5\u0abe\u0aa8\u0abe \u0aae\u0a82\u0aa6\u0abf\u0ab0\u0aae\u0abe\u0a82\u0aa5\u0ac0 \u0a9d\u0ab0\u0acb \u0aa8\u0ac0\u0a95\u0ab3\u0ab6\u0ac7."},{"Verseid":"28002018","Verse":"\u0aae\u0abf\u0ab8\u0ab0 \u0a89\u0a9c\u0acd\u0a9c\u0aa1 \u0aa5\u0a87 \u0a9c\u0ab6\u0ac7, \u0a85\u0aa8\u0ac7 \u0a8f\u0aa6\u0acb\u0aae \u0a89\u0a9c\u0acd\u0a9c\u0aa1 \u0aae\u0ab0\u0ac2\u0aad\u0ac2\u0aae\u0abf \u0aac\u0aa8\u0ab6\u0ac7, \u0a95\u0abe\u0ab0\u0aa3 \u0a95\u0ac7 \u0a86 \u0ab2\u0acb\u0a95\u0acb\u0a8f \u0aaf\u0ab9\u0ac2\u0aa6\u0abe\u0aa8\u0abe \u0ab2\u0acb\u0a95\u0acb\u0aa8\u0ac7 \u0a89\u0aa4\u0acd\u0aaa\u0abe\u0aa4 \u0a95\u0ab0\u0acd\u0aaf\u0acb\u0a82 \u0ab9\u0aa4\u0acb \u0a85\u0aa8\u0ac7 \u0aa4\u0ac7\u0aae\u0aa8\u0ac1\u0a82 \u0aa8\u0abf\u0aa6\u0acb\u0ab0\u0acd\u0ab7 \u0ab2\u0acb\u0ab9\u0ac0 \u0ab5\u0ab9\u0ac7\u0ab5\u0aa1\u0abe\u0ab5\u0acd\u0aaf\u0ac1\u0a82 \u0ab9\u0aa4\u0ac1\u0a82."},{"Verseid":"28002019","Verse":"\u0aaa\u0aa3 \u0aaf\u0ab9\u0ac2\u0aa6\u0abe \u0ab8\u0aa6\u0abe \u0aa8\u0abf\u0ab0\u0acd\u0ab5\u0abe\u0ab8\u0ac0\u0aa4 \u0aa5\u0ab6\u0ac7 \u0a85\u0aa8\u0ac7 \u0aaf\u0ab0\u0ac2\u0ab6\u0abe\u0ab2\u0ac7\u0aae \u0aaa\u0ac7\u0aa2\u0ac0 \u0aa6\u0ab0 \u0aaa\u0ac7\u0aa2\u0ac0 \u0ab5\u0ab8\u0acd\u0aa4\u0ac0 \u0ab5\u0aa7\u0abe\u0ab0\u0acb \u0aaa\u0abe\u0aae\u0ab6\u0ac7."},{"Verseid":"28002020","Verse":"\u0a95\u0abe\u0ab0\u0aa3 \u0ab9\u0ac1\u0a82 \u0aa4\u0ac7\u0aae\u0aa8\u0abe \u0ab2\u0acb\u0ab9\u0ac0\u0aa8\u0ac7 \u0aa6\u0a82\u0aa1\u0ac0\u0ab6. \u0ab9\u0ac1\u0a82 \u0aa4\u0ac7\u0aa8\u0ac7 \u0ab5\u0a97\u0ab0 \u0aa6\u0a82\u0aa1\u0aaf\u0ac7 \u0a9b\u0acb\u0aa1\u0ac0\u0ab6 \u0aa8\u0ab9\u0abf.\u201d \u0a95\u0abe\u0ab0\u0aa3\u0a95\u0ac7 \u0aaf\u0ab9\u0acb\u0ab5\u0abe \u0ab8\u0abf\u0aaf\u0acb\u0aa8\u0aae\u0abe\u0a82 \u0ab0\u0ab9\u0ac7 \u0a9b\u0ac7. \ufeff"}]}]}