{"Chapter":[{"Verse":[{"Verseid":"30000000","Verse":"\u0a86 \u0a93\u0aac\u0abe\u0aa6\u0acd\u0aaf\u0abe\u0aa8\u0ac1\u0a82 \u0ab8\u0a82\u0aa6\u0ab0\u0acd\u0ab6\u0aa8 \u0a9b\u0ac7. \u0aaa\u0acd\u0ab0\u0aad\u0ac1 \u0aaf\u0ab9\u0acb\u0ab5\u0abe \u0a85\u0aa6\u0acb\u0aae \u0ab5\u0abf\u0ab7\u0ac7 \u0a86\u0aae \u0a95\u0ab9\u0ac7 \u0a9b\u0ac7:\u0aaf\u0ab9\u0acb\u0ab5\u0abe \u0aa6\u0ac7\u0ab5 \u0aa4\u0ab0\u0aab\u0aa5\u0ac0 \u0a85\u0aae\u0aa8\u0ac7 \u0ab8\u0a82\u0aa6\u0ac7\u0ab6\u0acb \u0aae\u0ab3\u0acd\u0aaf\u0acb \u0a9b\u0ac7. \u0aa6\u0ac7\u0ab5\u0ac7 \u0a8f\u0ab2\u0a9a\u0ac0 \u0aae\u0acb\u0a95\u0ab2\u0acd\u0aaf\u0acb \u0a9b\u0ac7 \u0a85\u0aa8\u0ac7 \u0ab0\u0abe\u0ab7\u0acd\u0a9f\u0acb \u0aae\u0abe\u0a9f\u0ac7 \u0a86 \u0ab8\u0a82\u0aa6\u0ac7\u0ab6\u0acb \u0a86\u0aaa\u0acd\u0aaf\u0acb \u0a9b\u0ac7. \u0a89\u0aad\u0abe \u0aa5\u0abe\u0a93, \u201c\u0a9a\u0abe\u0ab2\u0acb \u0a86\u0aaa\u0aa3\u0ac7 \u0a85\u0aa6\u0acb\u0aae\u0aa8\u0ac0 \u0ab8\u0abe\u0aae\u0ac7 \u0aaf\u0ac1\u0aa6\u0acd\u0aa7\u0ac7 \u0a9a\u0aa0\u0ac0\u0a8f.\u201d"},{"Verseid":"30000001","Verse":"\u201c\u0ab9\u0ac1\u0a82 \u0aa4\u0aa8\u0ac7 \u0ab0\u0abe\u0ab7\u0acd\u0a9f\u0acb \u0ab5\u0a9a\u0acd\u0a9a\u0ac7 \u0ab8\u0acc\u0aa5\u0ac0 \u0aa8\u0abe\u0aa8\u0ac1\u0a82 \u0aac\u0aa8\u0abe\u0ab5\u0ac0\u0ab6. \u0aa4\u0ac1\u0a82 \u0a85\u0aa4\u0abf\u0ab6\u0aaf \u0a98\u0ac3\u0aa3\u0abf\u0aa4 \u0a9b\u0ac7."},{"Verseid":"30000002","Verse":"\u0a93 \u0a8a\u0a82\u0a9a\u0abe \u0aaa\u0ab9\u0abe\u0aa1\u0acb \u0aaa\u0ab0 \u0a85\u0aa8\u0ac7 \u0a96\u0aa1\u0a95\u0acb\u0aa8\u0ac0 \u0aac\u0a96\u0acb\u0ab2\u0aae\u0abe\u0a82 \u0ab5\u0ab8\u0aa8\u0abe\u0ab0, \u0aa4\u0abe\u0ab0\u0abe \u0a85\u0a82\u0aa4\u0ab0\u0aa8\u0abe \u0a85\u0aad\u0abf\u0aae\u0abe\u0aa8\u0ac7 \u0aa4\u0aa8\u0ac7 \u0aad\u0ab0\u0aae\u0abe\u0ab5\u0acd\u0aaf\u0acb \u0a9b\u0ac7. \u0aa4\u0ac1\u0a82 \u0aa4\u0abe\u0ab0\u0abe \u0aae\u0aa8\u0aae\u0abe\u0a82 \u0a8f\u0aae \u0ab5\u0abf\u0a9a\u0abe\u0ab0\u0ac7 \u0a9b\u0ac7 \u0a95\u0ac7, \u2018\u0aae\u0aa8\u0ac7 \u0a95\u0acb\u0aa3 \u0aad\u0acb\u0a82\u0aaf \u0aaa\u0ab0 \u0aaa\u0a9b\u0abe\u0aa1\u0ac0 \u0ab6\u0a95\u0ac7 \u0a8f\u0aae \u0a9b\u0ac7?\u201d\u2018"},{"Verseid":"30000003","Verse":"\u201c\u0a97\u0ab0\u0ac2\u0aa1\u0aa8\u0ac0 \u0a9c\u0ac7\u0aae \u0aa4\u0ac1\u0a82 \u0a98\u0aa3\u0ac7 \u0a8a\u0a82\u0a9a\u0ac7 \u0a9a\u0aa2\u0ac0\u0ab6 \u0a85\u0aa8\u0ac7 \u0aa4\u0abe\u0ab0\u0abe\u0a93 \u0aae\u0aa7\u0acd\u0aaf\u0ac7 \u0aa4\u0abe\u0ab0\u0acb \u0aae\u0abe\u0ab3\u0acb \u0aac\u0abe\u0a82\u0aa7\u0ac0\u0ab6 \u0aa4\u0acb, \u0aa4\u0acd\u0aaf\u0abe\u0a82\u0aa5\u0ac0\u0aaf \u0ab9\u0ac1\u0a82 \u0aa4\u0aa8\u0ac7 \u0aa8\u0ac0\u0a9a\u0ac7 \u0aaa\u0abe\u0aa1\u0ac0\u0ab6 \u0a8f\u0aae \u0aaf\u0ab9\u0acb\u0ab5\u0abe \u0a95\u0ab9\u0ac7 \u0a9b\u0ac7.\u201d"},{"Verseid":"30000004","Verse":"\u0a9c\u0acb \u0a9a\u0acb\u0ab0\u0acb \u0aa4\u0abe\u0ab0\u0ac0 \u0aaa\u0abe\u0ab8\u0ac7 \u0a86\u0ab5\u0acd\u0aaf\u0abe \u0ab9\u0acb\u0aa4 \u0aa4\u0acb \u0a98\u0aa3\u0ac1\u0a82 \u0ab8\u0abe\u0ab0\u0ac1\u0a82 \u0aa5\u0abe\u0aa4. \u0aa7\u0abe\u0aa1\u0aaa\u0abe\u0aa1\u0ac1\u0a93 \u0ab0\u0abe\u0aa4\u0ac7 \u0a86\u0ab5\u0acd\u0aaf\u0abe \u0ab9\u0acb\u0aa4 \u0aa4\u0acb \u0ab5\u0aa7\u0abe\u0ab0\u0ac7 \u0ab8\u0abe\u0ab0\u0ac1\u0a82 \u0aa5\u0abe\u0aa4. \u0aa4\u0ac7\u0a93\u0a8f \u0aab\u0a95\u0aa4 \u0aa4\u0ac7\u0a93\u0aa8\u0ac7 \u0ab8\u0a82\u0aa4\u0acb\u0ab7 \u0aa5\u0abe\u0aaf \u0aa4\u0acd\u0aaf\u0abe\u0a82 \u0a9c \u0ab8\u0ac1\u0aa7\u0ac0 \u0ab2\u0ac0\u0aa7\u0ac1\u0a82 \u0ab9\u0acb\u0aa4. \u0a9c\u0acb \u0aa6\u0acd\u0ab0\u0abe\u0a95\u0acd\u0ab7 \u0ab5\u0ab9\u0ac7\u0ab0\u0ab5\u0abe \u0ab5\u0abe\u0ab3\u0abe\u0a93 \u0aa4\u0abe\u0ab0\u0ac0 \u0aaa\u0abe\u0ab8\u0ac7 \u0a86\u0ab5\u0acd\u0aaf\u0abe\u0a82 \u0ab9\u0acb\u0aa4. \u0aa4\u0ac7\u0a93\u0a8f \u0aa4\u0abe\u0ab0\u0abe \u0aae\u0abe\u0a9f\u0ac7 \u0ab5\u0ac7\u0ab0\u0aa3 \u0a9b\u0acb\u0aa1\u0ac0 \u0ab0\u0abe\u0a96\u0acd\u0aaf\u0ac1\u0a82 \u0ab9\u0acb\u0aa4, \u0aaa\u0aa3 \u0aa4\u0abe\u0ab0\u0acb \u0ab8\u0a82\u0aaa\u0ac2\u0ab0\u0acd\u0aa3 \u0aa8\u0abe\u0ab6 \u0aa5\u0ab6\u0ac7."},{"Verseid":"30000005","Verse":"\u0a8f\u0ab8\u0abe\u0ab5\u0aa8\u0acb \u0aa6\u0ac7\u0ab6 \u0a95\u0ac7\u0ab5\u0acb \u0ab2\u0ac2\u0a82\u0a9f\u0abe\u0a87 \u0a97\u0aaf\u0acb! \u0aa4\u0abe\u0ab0\u0abe \u0a9b\u0ac2\u0aaa\u0abe \u0aad\u0a82\u0aa1\u0abe\u0ab0\u0acb\u0aaf \u0ab0\u0ab9\u0ac7\u0ab5\u0abe \u0aa8 \u0aaa\u0abe\u0aae\u0acd\u0aaf\u0abe!"},{"Verseid":"30000006","Verse":"\u0aa4\u0abe\u0ab0\u0ac0 \u0ab8\u0abe\u0aa5\u0ac7 \u0aae\u0ac8\u0aa4\u0acd\u0ab0\u0ac0 \u0a95\u0ab0\u0abe\u0ab0 \u0a95\u0ab0\u0acd\u0aaf\u0acb \u0a9b\u0ac7, \u0aa4\u0ac7\u0a93 \u0aa4\u0aa8\u0ac7 \u0ab8\u0ab0\u0ab9\u0aa6 \u0aac\u0ab9\u0abe\u0ab0 \u0a95\u0abe\u0aa2\u0ac0 \u0aae\u0ac1\u0a95\u0ab6\u0ac7. \u0aa4\u0ac7\u0a93 \u0aa4\u0aa8\u0ac7 \u0a9b\u0ac7\u0aa4\u0ab0\u0ab6\u0ac7. \u0aa4\u0abe\u0ab0\u0abe \u0aac\u0aa7\u0abe \u0aae\u0abf\u0aa4\u0acd\u0ab0\u0acb \u0aa4\u0aa8\u0ac7 \u0ab9\u0ab0\u0abe\u0ab5\u0ab6\u0ac7. \u0aa4\u0ac7\u0a93 \u0aa4\u0abe\u0ab0\u0acb \u0ab0\u0acb\u0a9f\u0ab2\u0acb \u0aa4\u0abe\u0ab0\u0ac0 \u0aa8\u0ac0\u0a9a\u0ac7 \u0a9c\u0abe\u0ab3\u0aa8\u0ac0 \u0a9c\u0ac7\u0aae \u0ab0\u0abe\u0a96\u0ac7 \u0a9b\u0ac7. \u2018\u0aa4\u0aa8\u0ac7 \u0aa4\u0ac7\u0aa8\u0ac0 \u0ab8\u0aae\u0a9c \u0aa8\u0ab9\u0abf \u0ab9\u0acb\u0aaf.\u201d"},{"Verseid":"30000007","Verse":"\u0aaf\u0ab9\u0acb\u0ab5\u0abe \u0a95\u0ab9\u0ac7 \u0a9b\u0ac7, \u201c\u0aa4\u0ac7 \u0aa6\u0abf\u0ab5\u0ab8\u0ac7 \u0a86\u0a96\u0abe \u0a85\u0aa6\u0acb\u0aae\u0aae\u0abe\u0a82 \u0a8f\u0a95 \u0aaa\u0aa3 \u0ab6\u0abe\u0aa3\u0acb \u0aae\u0abe\u0aa3\u0ab8 \u0ab9\u0ab6\u0ac7 \u0aa8\u0ab9\u0abf \u0a95\u0abe\u0ab0\u0aa3\u0a95\u0ac7 \u0ab9\u0ac1\u0a82 \u0a8f\u0ab8\u0abe\u0ab5 \u0aaa\u0ab0\u0acd\u0ab5\u0aa4 \u0aaa\u0ab0\u0aa8\u0abe \u0ab8\u0ab0\u0acd\u0ab5 \u0ab6\u0abe\u0aa3\u0abe \u0aae\u0abe\u0aa3\u0ab8\u0acb\u0aa8\u0ac1\u0a82 \u0ab6\u0abe\u0aa3\u0aaa\u0aa3 \u0ab9\u0ab0\u0ac0 \u0ab2\u0a87\u0ab6."},{"Verseid":"30000008","Verse":"\u0ab9\u0ac7 \u0aa4\u0ac7\u0aae\u0abe\u0aa8, \u0aa4\u0abe\u0ab0\u0abe \u0ab6\u0ac2\u0ab0\u0ab5\u0ac0\u0ab0 \u0aaa\u0ac1\u0ab0\u0ac1\u0ab7\u0acb \u0aad\u0aaf\u0aad\u0ac0\u0aa4 \u0aa5\u0a87 \u0a9c\u0ab6\u0ac7 \u0a85\u0aa8\u0ac7 \u0a8f\u0ab8\u0abe\u0ab5\u0aa8\u0abe \u0aaa\u0ab0\u0acd\u0ab5\u0aa4 \u0aaa\u0ab0\u0aa8\u0abe \u0aaa\u0acd\u0ab0\u0aa4\u0acd\u0aaf\u0ac7\u0a95 \u0ab5\u0acd\u0aaf\u0a95\u0abf\u0aa4\u0aa8\u0acb \u0aa8\u0abe\u0ab6 \u0a85\u0aa8\u0ac7 \u0ab8\u0a82\u0ab9\u0abe\u0ab0 \u0a95\u0ab0\u0ab5\u0abe\u0aae\u0abe\u0a82 \u0a86\u0ab5\u0ab6\u0ac7."},{"Verseid":"30000009","Verse":"\u2018\u0ab9\u0ac7 \u0a85\u0aa6\u0acb\u0aae, \u0aa4\u0abe\u0ab0\u0abe \u0aad\u0abe\u0a87 \u0aaf\u0abe\u0a95\u0ac2\u0aac \u0aaa\u0ab0 \u0aa5\u0aaf\u0ac7\u0ab2\u0ac0 \u0aac\u0ab3\u0a9c\u0aac\u0ab0\u0ac0\u0aa8\u0ac7 \u0a95\u0abe\u0ab0\u0aa3\u0ac7 \u0ab6\u0ab0\u0aae\u0aa5\u0ac0 \u0aa2\u0a82\u0a95\u0abe\u0a87 \u0a9c\u0a87\u0ab6 \u0a85\u0aa8\u0ac7 \u0aa4\u0abe\u0ab0\u0acb \u0ab8\u0aa6\u0abe\u0aa8\u0ac7 \u0aae\u0abe\u0a9f\u0ac7 \u0aa8\u0abe\u0ab6 \u0aa5\u0ab6\u0ac7."},{"Verseid":"30000010","Verse":"\u0a9c\u0ac7 \u0aa6\u0abf\u0ab5\u0ab8\u0ac7 \u0aa6\u0ac1\u0ab6\u0acd\u0aae\u0aa8 \u0aaa\u0ab0\u0aa6\u0ac7\u0ab6\u0ac0\u0a93 \u0aaf\u0ab0\u0ac2\u0ab6\u0abe\u0ab2\u0ac7\u0aae\u0aa8\u0abe\u0a82 \u0aa6\u0ab0\u0ab5\u0abe\u0a9c\u0abe\u0a93\u0aae\u0abe\u0a82 \u0aaa\u0acd\u0ab0\u0ab5\u0ac7\u0ab6\u0acd\u0aaf\u0abe \u0a85\u0aa8\u0ac7 \u0aa4\u0ac7\u0aa8\u0ac0 \u0ab8\u0a82\u0aaa\u0aa4\u0acd\u0aa4\u0abf \u0a95\u0aac\u0a9c\u0ac7 \u0a95\u0ab0\u0ac0 \u0a85\u0aa8\u0ac7 \u0a9a\u0abf\u0aa0\u0acd\u0aa0\u0ac0\u0a93 \u0aa8\u0abe\u0a96\u0ac0 \u0aa4\u0ac7\u0aa8\u0abe \u0aad\u0abe\u0a97 \u0a95\u0ab0\u0acd\u0aaf\u0abe, \u0aa4\u0ac1\u0a82 \u0a9c\u0acb\u0aa4\u0acb \u0a89\u0aad\u0acb \u0ab0\u0ab9\u0acd\u0aaf\u0acb \u0a85\u0aa8\u0ac7 \u0aa4\u0ac7\u0a93\u0aae\u0abe\u0a82\u0aa8\u0acb \u0a8f\u0a95 \u0aac\u0aa8\u0acd\u0aaf\u0acb."},{"Verseid":"30000011","Verse":"\u0aaa\u0aa3 \u0a9c\u0acd\u0aaf\u0abe\u0ab0\u0ac7 \u0aa4\u0abe\u0ab0\u0abe \u0ab8\u0a97\u0abe\u0aa8\u0ac7 \u0aa6\u0ac2\u0ab0 \u0aa6\u0ac7\u0ab6\u0aae\u0abe\u0a82 \u0ab2\u0a87 \u0a9c\u0ab5\u0abe\u0aaf\u0acb \u0ab9\u0aa4\u0acb \u0aa4\u0acd\u0aaf\u0abe\u0ab0\u0ac7 \u0aa4\u0abe\u0ab0\u0ac7 \u0a96\u0ac1\u0ab6 \u0aa5\u0ab5\u0ac1\u0a82 \u0a9c\u0acb\u0a87\u0aa4\u0ac1\u0a82 \u0aa8 \u0ab9\u0aa4\u0ac1\u0a82, \u0aaf\u0ab9\u0ac2\u0aa6\u0abe\u0aa8\u0abe \u0aa8\u0abe\u0ab6\u0aa8\u0abe \u0aa6\u0abf\u0ab5\u0ab8\u0ac7 \u0aa4\u0abe\u0ab0\u0ac7 \u0a86\u0aa8\u0a82\u0aa6 \u0aae\u0abe\u0aa3\u0ab5\u0acb \u0a9c\u0acb\u0a87\u0aa4\u0acb \u0aa8 \u0ab9\u0aa4\u0acb, \u0a9c\u0acd\u0aaf\u0abe\u0ab0\u0ac7 \u0aa4\u0ac7\u0a93 \u0aaa\u0abf\u0aa1\u0ac0\u0aa4 \u0ab9\u0aa4\u0abe, \u0aa4\u0acd\u0aaf\u0abe\u0ab0\u0ac7 \u0aa4\u0ac7\u0a93\u0aa8\u0ac0 \u0ab9\u0abe\u0a82\u0ab8\u0ac0 \u0a89\u0aa1\u0abe\u0ab5\u0ab5\u0ac0 \u0a9c\u0acb\u0a87\u0aa4\u0ac0 \u0aa8 \u0ab9\u0aa4\u0ac0."},{"Verseid":"30000012","Verse":"\u0aa4\u0abe\u0ab0\u0ac7 \u0aae\u0abe\u0ab0\u0abe \u0ab2\u0acb\u0a95\u0acb\u0aa8\u0ac0 \u0a86\u0aaa\u0aa4\u0acd\u0aa4\u0abf\u0aa8\u0ac7 \u0aa6\u0abf\u0ab5\u0ab8\u0ac7 \u0a8f\u0aae\u0aa8\u0abe \u0ab6\u0ab9\u0ac7\u0ab0\u0aa8\u0abe\u0a82 \u0aa6\u0ab0\u0ab5\u0abe\u0a9c\u0abe\u0aae\u0abe\u0a82 \u0aa6\u0abe\u0a96\u0ab2 \u0aa5\u0ab5\u0ac1\u0a82 \u0a9c\u0acb\u0a87\u0aa4\u0ac1\u0a82 \u0aa8\u0ab9\u0acb\u0aa4\u0ac1\u0a82. \u0aa4\u0ac7\u0aae\u0aa8\u0ac0 \u0aae\u0ac1\u0ab6\u0acd\u0a95\u0ac7\u0ab2\u0ac0\u0aa8\u0abe \u0ab8\u0aae\u0aaf\u0ac7 \u0aa4\u0abe\u0ab0\u0ac7 \u0aa4\u0ac7\u0aae\u0aa8\u0ac0 \u0ab5\u0abf\u0aaa\u0aa4\u0acd\u0aa4\u0abf \u0ab5\u0abf\u0ab7\u0ac7 \u0a96\u0ac1\u0ab6 \u0aa5\u0ab5\u0ac1\u0a82 \u0a9c\u0acb\u0a87\u0aa4\u0ac1\u0a82 \u0aa8 \u0ab9\u0aa4\u0ac1\u0a82. \u0aa4\u0ac7\u0aae\u0aa8\u0ac0 \u0aae\u0ac1\u0ab6\u0acd\u0a95\u0ac7\u0ab2\u0ac0\u0aa8\u0abe \u0ab8\u0aae\u0aaf\u0ac7 \u0aa4\u0abe\u0ab0\u0ac7 \u0aa4\u0ac7\u0aae\u0aa8\u0ac0 \u0ab8\u0a82\u0aaa\u0aa4\u0acd\u0aa4\u0abf \u0ab2\u0ac1\u0a82\u0a9f\u0ab5\u0ac0 \u0a9c\u0acb\u0a87\u0aa4\u0ac0 \u0aa8 \u0ab9\u0aa4\u0ac0."},{"Verseid":"30000013","Verse":"\u0aa4\u0abe\u0ab0\u0ac7 \u0aa4\u0abe\u0ab0\u0abe \u0aad\u0abe\u0a97\u0ac0 \u0a9c\u0aa4\u0abe \u0aad\u0abe\u0a87\u0a93\u0aa8\u0ac0 \u0ab9\u0aa4\u0acd\u0aaf\u0abe \u0a95\u0ab0\u0ab5\u0abe \u0ab0\u0ab8\u0acd\u0aa4\u0abe\u0aa8\u0abe \u0aab\u0abe\u0a82\u0a9f\u0abe \u0a86\u0a97\u0ab3 \u0a8a\u0aad\u0abe \u0ab0\u0ab9\u0ac7\u0ab5\u0ac1\u0a82 \u0a9c\u0acb\u0a87\u0aa4\u0ac1\u0a82 \u0aa8\u0ab9\u0acb\u0aa4\u0ac1\u0a82. \u0aae\u0ac1\u0ab6\u0acd\u0a95\u0ac7\u0ab2\u0ac0\u0aa8\u0abe\u0a82 \u0ab8\u0aae\u0aaf\u0aae\u0abe\u0a82 \u0aa4\u0abe\u0ab0\u0ac7 \u0aac\u0a9a\u0ac7\u0ab2\u0abe \u0ab2\u0acb\u0a95\u0acb\u0aa8\u0ac7 \u0aac\u0a82\u0aa6\u0ac0\u0ab5\u0abe\u0aa8 \u0a95\u0ab0\u0ac0 \u0ab2\u0ac7\u0ab5\u0abe \u0a9c\u0acb\u0a87\u0aa4\u0abe \u0aa8 \u0ab9\u0aa4\u0abe\u0a82."},{"Verseid":"30000014","Verse":"\u0aaf\u0ab9\u0acb\u0ab5\u0abe \u0a9f\u0ac2\u0a82\u0a95 \u0ab8\u0aae\u0aaf\u0aae\u0abe\u0a82 \u0a9c \u0ab8\u0ab0\u0acd\u0ab5 \u0ab0\u0abe\u0ab7\u0acd\u0a9f\u0acb \u0aaa\u0ab0 \u0ab5\u0ac7\u0ab0 \u0ab2\u0ac7\u0ab6\u0ac7. \u0aa4\u0aae\u0ac7 \u0a9c\u0ac7\u0ab5\u0ac1\u0a82 \u0a87\u0ab8\u0acd\u0ab0\u0abe\u0a8f\u0ab2 \u0ab8\u0abe\u0aa5\u0ac7 \u0a95\u0ab0\u0acd\u0aaf\u0ac1\u0a82 \u0aa4\u0ac7\u0ab5\u0ac1\u0a82 \u0a9c \u0aa4\u0aae\u0abe\u0ab0\u0ac0 \u0ab8\u0abe\u0aa5\u0ac7 \u0aa5\u0ab6\u0ac7. \u0aa4\u0aae\u0abe\u0ab0\u0abe \u0a95\u0ac3\u0aa4\u0acd\u0aaf\u0acb \u0aa4\u0aae\u0abe\u0ab0\u0abe \u0a9c \u0aae\u0abe\u0aa5\u0abe\u0a82 \u0aaa\u0ab0 \u0aaa\u0abe\u0a9b\u0abe \u0a85\u0aab\u0ab3\u0abe\u0ab6\u0ac7."},{"Verseid":"30000015","Verse":"\u0a9c\u0ac7\u0aae \u0aa4\u0ac7\u0a81 \u0aae\u0abe\u0ab0\u0abe \u0aaa\u0ab5\u0abf\u0aa4\u0acd\u0ab0 \u0aaa\u0ab0\u0acd\u0ab5\u0aa4 \u0aaa\u0ab0 \u0aaa\u0ac0\u0aa7\u0ac1\u0a82, \u0aa4\u0ac7\u0aa5\u0ac0 \u0aac\u0aa7\u0abe\u0a82 \u0ab0\u0abe\u0ab7\u0acd\u0a9f\u0acb \u0aaa\u0aa3 \u0ab8\u0aa4\u0aa4 \u0aaa\u0ac0\u0ab6\u0ac7 \u0a85\u0aa8\u0ac7 \u0a97\u0ab3\u0ab6\u0ac7, \u0a9c\u0acd\u0aaf\u0abe\u0a82 \u0ab8\u0ac1\u0aa7\u0ac0 \u0aa4\u0ac7\u0aae\u0aa8\u0ac1\u0a82 \u0a85\u0ab8\u0acd\u0aa4\u0abf\u0aa4\u0acd\u0ab5 \u0ab8\u0aae\u0abe\u0aaa\u0acd\u0aa4 \u0aa5\u0abe\u0aaf \u0aa4\u0acd\u0aaf\u0abe\u0a82 \u0ab8\u0ac1\u0aa7\u0ac0."},{"Verseid":"30000016","Verse":"\u0aaa\u0ab0\u0a82\u0aa4\u0ac1 \u0ab8\u0abf\u0aaf\u0acb\u0aa8\u0aa8\u0abe \u0aaa\u0ab0\u0acd\u0ab5\u0aa4 \u0aaa\u0ab0 \u0a9c\u0ac7\u0a93 \u0aac\u0a9a\u0ac0 \u0ab0\u0ab9\u0ac7\u0ab2\u0abe \u0ab9\u0ab6\u0ac7, \u0a85\u0aa8\u0ac7 \u0aa4\u0ac7 \u0aaa\u0ab5\u0abf\u0aa4\u0acd\u0ab0 \u0aa5\u0ab6\u0ac7, \u0aaf\u0abe\u0a95\u0ac2\u0aac\u0aa8\u0abe \u0ab5\u0a82\u0ab6\u0a9c\u0acb \u0aaa\u0acb\u0aa4\u0abe\u0aa8\u0acb \u0ab5\u0abe\u0ab0\u0ab8\u0acb \u0aaa\u0abe\u0a9b\u0acb \u0aae\u0ac7\u0ab3\u0ab5\u0ab6\u0ac7."},{"Verseid":"30000017","Verse":"\u0aaf\u0abe\u0a95\u0ac2\u0aac\u0aa8\u0ac1\u0a82 \u0a95\u0ac1\u0a9f\u0ac1\u0a82\u0aac \u0a85\u0a97\u0acd\u0aa8\u0abf \u0a9c\u0ac7\u0ab5\u0ac1\u0a82 \u0a85\u0aa8\u0ac7 \u0aaf\u0ac2\u0ab8\u0aab\u0aa8\u0ac1\u0a82 \u0a95\u0ac1\u0a9f\u0ac1\u0a82\u0aac \u0a9c\u0ab5\u0abe\u0ab3\u0abe \u0a9c\u0ac7\u0ab5\u0ac1\u0a82 \u0aac\u0aa8\u0ab6\u0ac7. \u0aa4\u0ac7\u0a93 \u0a8f\u0ab8\u0abe\u0ab5\u0aa8\u0abe \u0ab5\u0a82\u0ab6\u0a9c\u0acb\u0aa8\u0ac7 \u0ab8\u0ac2\u0a95\u0abe \u0a96\u0ac7\u0aa4\u0ab0\u0aa8\u0ac0 \u0a9c\u0ac7\u0aae \u0ab8\u0ab3\u0a97\u0abe\u0ab5\u0ac0 \u0a85\u0aa8\u0ac7\u0aa8\u0ab7\u0acd\u0a9f \u0a95\u0ab0\u0ab6\u0ac7. \u0a95\u0acb\u0a87 \u0aaa\u0aa3 \u0a85\u0aa6\u0acb\u0aae\u0aa5\u0ac0 \u0aaa\u0ab2\u0abe\u0aaf\u0aa8 \u0aa5\u0ab6\u0ac7 \u0aa8\u0ab9\u0abf.\u201d \u0a95\u0abe\u0ab0\u0aa3\u0a95\u0ac7 \u0aaf\u0ab9\u0acb\u0ab5\u0abe\u0a8f \u0aa4\u0ac7\u0aae \u0a95\u0ab9\u0acd\u0aaf\u0ac1\u0a82 \u0a9b\u0ac7."},{"Verseid":"30000018","Verse":"\u0aa6\u0a95\u0acd\u0ab7\u0abf\u0aa3 \u0aaf\u0ab9\u0ac2\u0aa6\u0abe\u0aa8\u0abe \u0ab2\u0acb\u0a95\u0acb \u0a8f\u0ab8\u0abe\u0ab5\u0aa8\u0abe \u0aaa\u0ab0\u0acd\u0ab5\u0aa4\u0aa8\u0acb \u0a95\u0aac\u0a9c\u0acb \u0ab2\u0ac7\u0ab6\u0ac7; \u0aaa\u0ab6\u0acd\u0a9a\u0abf\u0aae\u0aa8\u0ac0 \u0aa4\u0ab3\u0ac7\u0a9f\u0ac0\u0aa8\u0abe \u0ab2\u0acb\u0a95\u0acb \u0aaa\u0ab2\u0abf\u0ab8\u0acd\u0aa4\u0ac0\u0aaf\u0acb\u0aa8\u0acb \u0a95\u0aac\u0a9c\u0acb \u0ab2\u0ac7\u0ab6\u0ac7; \u0aa4\u0ac7\u0a93 \u0a8f\u0aab\u0acd\u0ab0\u0abe\u0a87\u0aae\u0aa8\u0abe \u0a85\u0aa8\u0ac7 \u0ab8\u0aae\u0ab0\u0ac2\u0aa8\u0aa8\u0abe \u0aaa\u0acd\u0ab0\u0aa6\u0ac7\u0ab6\u0aa8\u0acb \u0aaa\u0aa3 \u0a95\u0aac\u0a9c\u0acb \u0ab2\u0ac7\u0ab6\u0ac7. \u0aac\u0abf\u0aa8\u0acd\u0aaf\u0abe\u0aae\u0ac0\u0aa8\u0aa8\u0abe \u0ab2\u0acb\u0a95\u0acb \u0a97\u0abf\u0ab2\u0aaf\u0abe\u0aa6\u0aa8\u0acb \u0a95\u0aac\u0a9c\u0acb \u0ab2\u0ac7\u0ab6\u0ac7."},{"Verseid":"30000019","Verse":"\u0a87\u0ab8\u0acd\u0ab0\u0abe\u0a8f\u0ab2\u0aa8\u0ac1\u0a82 \u0ab8\u0ac8\u0aa8\u0acd\u0aaf \u0a9c\u0ac7 \u0aa6\u0ac7\u0ab6\u0ab5\u0a9f\u0ac7 \u0a9b\u0ac7. \u0a95\u0aa8\u0abe\u0aa8\u0aa5\u0ac0 \u0ab8\u0abe\u0ab0\u0aab\u0aa4 \u0ab8\u0ac1\u0aa7\u0ac0\u0aa8\u0abe \u0ab2\u0acb\u0a95\u0acb \u0ab5\u0a9a\u0acd\u0a9a\u0ac7, \u0a85\u0aa8\u0ac7 \u0aaf\u0ab0\u0ac2\u0ab6\u0abe\u0ab2\u0ac7\u0aae\u0aa8\u0abe \u0aa4\u0ac7 \u0ab2\u0acb\u0a95\u0acb \u0a9c\u0ac7\u0a93 \u0ab8\u0aab\u0abe\u0ab0\u0abe\u0aa6\u0aae\u0abe\u0a82 \u0aa6\u0ac7\u0ab6\u0ab5\u0a9f\u0ac7 \u0a9b\u0ac7, \u0aa4\u0ac7\u0a93 \u0aa6\u0a95\u0acd\u0ab7\u0abf\u0aa3\u0aa8\u0abe \u0aaa\u0acd\u0ab0\u0aa6\u0ac7\u0ab6\u0acb\u0aa8\u0acb \u0a95\u0aac\u0a9c\u0acb \u0ab2\u0ac7\u0ab6\u0ac7."},{"Verseid":"30000020","Verse":"\u0a89\u0aa7\u0acd\u0aa7\u0abe\u0ab0\u0a95\u0acb \u0ab8\u0abf\u0aaf\u0acb\u0aa8 \u0aaa\u0ab0\u0acd\u0ab5\u0aa4 \u0aaa\u0ab0 \u0a9c\u0ab6\u0ac7 \u0a85\u0aa8\u0ac7 \u0a8f\u0ab8\u0abe\u0ab5\u0aa8\u0abe \u0aaa\u0ab0\u0acd\u0ab5\u0aa4\u0aa8\u0acb \u0aa8\u0acd\u0aaf\u0abe\u0aaf \u0a95\u0ab0\u0ab6\u0ac7 \u0a85\u0aa8\u0ac7 \u0aaf\u0ab9\u0acb\u0ab5\u0abe \u0aaa\u0acb\u0aa4\u0ac7 \u0ab0\u0abe\u0a9c\u0abe \u0aac\u0aa8\u0ab6\u0ac7. \ufeff"}]}]}