{"Chapter":[{"Verse":[{"Verseid":"32000000","Verse":"\u0aaf\u0ab9\u0ac2\u0aa6\u0abf\u0aaf\u0abe \u0ab0\u0abe\u0a9c\u0abe\u0a93 \u0aaf\u0acb\u0aa5\u0abe\u0aae, \u0a86\u0ab9\u0abe\u0a9d \u0a85\u0aa8\u0ac7 \u0ab9\u0abf\u0a9d\u0abf\u0a95\u0acd\u0aaf\u0abe\u0aa8\u0abe \u0ab6\u0abe\u0ab8\u0aa8 \u0aa6\u0ab0\u0aae\u0acd\u0aaf\u0abe\u0aa8 \u0ab8\u0aae\u0ab0\u0ac2\u0aa8 \u0a85\u0aa8\u0ac7 \u0aaf\u0ab0\u0ac2\u0ab6\u0abe\u0ab2\u0ac7\u0aae\u0aa8\u0ac7 \u0ab5\u0abf\u0ab7\u0ac7 \u0aae\u0acb\u0ab0\u0abe\u0ab6\u0acd\u0aa4\u0ac0\u0aa8\u0ac0 \u0aae\u0ac0\u0a96\u0abe\u0ab9\u0aa8\u0ac7 \u0aaf\u0ab9\u0acb\u0ab5\u0abe \u0aa4\u0ab0\u0aab\u0aa5\u0ac0 \u0ab8\u0a82\u0aa6\u0ac7\u0ab6\u0acb \u0aae\u0ab3\u0acd\u0aaf\u0acb \u0aa4\u0ac7,"},{"Verseid":"32000001","Verse":"\u0ab9\u0ac7 \u0ab5\u0abf\u0ab6\u0acd\u0ab5\u0aa8\u0ac0 \u0ab8\u0ab0\u0acd\u0ab5 \u0aaa\u0acd\u0ab0\u0a9c\u0abe\u0a93, \u0aa7\u0acd\u0aaf\u0abe\u0aa8 \u0a86\u0aaa\u0acb \u0a85\u0aa8\u0ac7 \u0ab8\u0abe\u0a82\u0aad\u0ab3\u0acb. \u0aa6\u0ac7\u0ab5 \u0aaf\u0ab9\u0acb\u0ab5\u0abe \u0aaa\u0acb\u0aa4\u0abe\u0aa8\u0abe \u0aaa\u0ab5\u0abf\u0aa4\u0acd\u0ab0\u0aae\u0a82\u0aa6\u0abf\u0ab0\u0aae\u0abe\u0a82\u0aa5\u0ac0, \u0aa4\u0aae\u0abe\u0ab0\u0ac0 \u0ab5\u0abf\u0ab0\u0ac1\u0aa6\u0acd\u0aa7 \u0ab8\u0abe\u0a95\u0acd\u0ab7\u0ac0 \u0a86\u0aaa\u0ac7 \u0a9b\u0ac7."},{"Verseid":"32000002","Verse":"\u0a9c\u0ac1\u0a93, \u0aaf\u0ab9\u0acb\u0ab5\u0abe \u0a86\u0ab5\u0ac7 \u0a9b\u0ac7! \u0aa4\u0ac7 \u0aaa\u0acb\u0aa4\u0abe\u0aa8\u0ac1\u0a82 \u0ab8\u0acd\u0ab5\u0ab0\u0acd\u0a97\u0aa8\u0ac1\u0a82 \u0ab0\u0abe\u0a9c\u0acd\u0aaf\u0abe\u0ab8\u0aa8 \u0a9b\u0acb\u0aa1\u0ac0\u0aa8\u0ac7 \u0aaa\u0ac3\u0aa5\u0acd\u0ab5\u0ac0 \u0aaa\u0ab0 \u0a86\u0ab5\u0ac7 \u0a9b\u0ac7 \u0a85\u0aa8\u0ac7 \u0aaa\u0ab0\u0acd\u0ab5\u0aa4\u0acb\u0aa8\u0abe \u0ab6\u0abf\u0a96\u0ab0\u0acb \u0a89\u0aaa\u0ab0 \u0a9a\u0abe\u0ab2\u0ac7 \u0a9b\u0ac7."},{"Verseid":"32000003","Verse":"\u0aa4\u0ac7\u0aae\u0aa8\u0abe \u0aaa\u0a97 \u0aa4\u0ab3\u0ac7, \u0aaa\u0ab0\u0acd\u0ab5\u0aa4\u0acb \u0a85\u0a97\u0acd\u0aa8\u0abf \u0a86\u0a97\u0ab3 \u0aae\u0ac0\u0aa3\u0aa8\u0ac0 \u0a9c\u0ac7\u0aae \u0a93\u0a97\u0ab3\u0ac7 \u0a9b\u0ac7 \u0a85\u0aa8\u0ac7 \u0aa2\u0acb\u0ab3\u0abe\u0ab5 \u0ab5\u0abe\u0ab3\u0ac0 \u0a9c\u0a97\u0acd\u0aaf\u0abe \u0a89\u0aaa\u0ab0\u0aa5\u0ac0 \u0ab5\u0ab9\u0ac0 \u0a9c\u0aa4\u0abe\u0a82 \u0aaa\u0abe\u0aa3\u0ac0\u0aa8\u0abe \u0aa7\u0acb\u0aa7\u0aa8\u0ac0 \u0a9c\u0ac7\u0aae \u0a96\u0ac0\u0aa3\u0acb \u0aab\u0abe\u0a9f\u0ac0 \u0a9c\u0abe\u0aaf \u0a9b\u0ac7."},{"Verseid":"32000004","Verse":"\u0a86 \u0aac\u0aa7\u0abe\u0aa8\u0ac1\u0a82 \u0a95\u0abe\u0ab0\u0aa3 \u0a9b\u0ac7 \u0a95\u0ac7 \u0aaf\u0abe\u0a95\u0ac2\u0aac\u0aa8\u0abe \u0a85\u0aaa\u0ab0\u0abe\u0aa7\u0acb \u0a85\u0aa8\u0ac7 \u0a87\u0ab8\u0acd\u0ab0\u0abe\u0a8f\u0ab2\u0aa8\u0abe \u0a95\u0ac1\u0ab3\u0aa8\u0abe \u0a85\u0aaa\u0ab0\u0abe\u0aa7\u0acb \u0aaf\u0abe\u0a95\u0ac2\u0aac\u0aa8\u0acb \u0a85\u0aaa\u0ab0\u0abe\u0aa7 \u0a9b\u0ac7 \u0ab8\u0aae\u0ab0\u0ac2\u0aa8! \u0aaf\u0ab9\u0ac2\u0aa6\u0abf\u0aaf\u0abe\u0aa8\u0ac1\u0a82 \u0a89\u0a9a\u0acd\u0a9a\u0ab8\u0acd\u0aa5\u0abe\u0aa8 \u0a9b\u0ac7 \u0aaf\u0ab0\u0ac2\u0ab6\u0abe\u0ab2\u0ac7\u0aae!"},{"Verseid":"32000005","Verse":"\u0aa4\u0ac7\u0aa5\u0ac0 \u0ab8\u0aae\u0ab0\u0ac2\u0aa8 \u0aa8\u0a97\u0ab0 \u0aaa\u0aa5\u0acd\u0aa5\u0ab0\u0acb\u0aa8\u0abe \u0aa2\u0a97\u0ab2\u0abe \u0a9c\u0ac7\u0ab5\u0ac1\u0a82 \u0a85\u0aa8\u0ac7 \u0a96\u0ac7\u0aa1\u0ac7\u0ab2\u0abe \u0a96\u0ac7\u0aa4\u0ab0 \u0a9c\u0ac7\u0ab5\u0ac1\u0a82 \u0a96\u0ac1\u0ab2\u0acd\u0ab2\u0ac1\u0a82 \u0aa5\u0ab6\u0ac7 \u0a9c\u0acd\u0aaf\u0abe\u0a82 \u0aa6\u0acd\u0ab0\u0abe\u0a95\u0acd\u0ab7\u0abe\u0ab5\u0ac7\u0ab2\u0abe\u0aa8\u0ac0 \u0ab0\u0acb\u0aaa\u0aa3\u0ac0 \u0aa5\u0ab6\u0ac7. \u0aa4\u0ac7\u0aa8\u0abe \u0aaa\u0aa5\u0acd\u0aa5\u0ab0\u0acb\u0aa8\u0ac7 \u0ab9\u0ac1\u0a82 \u0a96\u0ac0\u0aa3\u0acb\u0aae\u0abe\u0a82 \u0a97\u0aac\u0aa1\u0abe\u0ab5\u0ac0 \u0aa6\u0a87\u0ab6 \u0a85\u0aa8\u0ac7 \u0aa4\u0ac7\u0aa8\u0abe \u0aaa\u0abe\u0aaf\u0abe \u0aa8\u0ac7 \u0a89\u0a98\u0abe\u0aa1\u0abe \u0a95\u0ab0\u0ac0 \u0aa6\u0a87\u0ab6."},{"Verseid":"32000006","Verse":"\u0aa4\u0ac7\u0aa8\u0ac0 \u0aae\u0ac2\u0ab0\u0acd\u0aa4\u0abf\u0a93\u0aa8\u0abe \u0a9f\u0ac1\u0a95\u0aa1\u0ac7 \u0a9f\u0ac1\u0a95\u0aa1\u0abe \u0aa5\u0a87 \u0a9c\u0ab6\u0ac7, \u0aae\u0ac2\u0ab0\u0acd\u0aa4\u0abf\u0aaa\u0ac2\u0a9c\u0abe \u0aa6\u0acd\u0ab5\u0abe\u0ab0\u0abe \u0aae\u0ac7\u0ab3\u0ab5\u0ac7\u0ab2\u0ac0 \u0aa4\u0ac7\u0aa8\u0ac0 \u0aac\u0aa7\u0ac0 \u0a95\u0aae\u0abe\u0aa3\u0ac0 \u0a86\u0a97\u0aae\u0abe\u0a82 \u0aad\u0ab8\u0acd\u0aae \u0aa5\u0a87 \u0a9c\u0ab6\u0ac7. \u0a85\u0aa8\u0ac7 \u0aa4\u0ac7\u0aa8\u0abe \u0aac\u0aa7\u0abe\u0a82 \u0a9c\u0ac2\u0aa0\u0abe \u0aa6\u0ac7\u0ab5\u0acb\u0aa8\u0ac0 \u0aaa\u0acd\u0ab0\u0aa4\u0abf\u0aae\u0abe\u0a93\u0aa8\u0abe \u0ab9\u0ac1\u0a82 \u0a9a\u0ac2\u0ab0\u0ac7\u0a9a\u0ac2\u0ab0\u0abe \u0a95\u0ab0\u0ac0 \u0aa8\u0abe\u0a96\u0ac0\u0ab6; \u0a95\u0abe\u0ab0\u0aa3 \u0aa4\u0ac7\u0aa3\u0ac0\u0a8f \u0a8f \u0aac\u0aa7\u0ac1\u0a82 \u0aae\u0abe\u0ab0\u0abe \u0aaa\u0acd\u0ab0\u0aa4\u0acd\u0aaf\u0ac7\u0aa8\u0ac0 \u0a85\u0ab5\u0abf\u0ab6\u0acd\u0ab5\u0abe\u0ab8\u0aa8\u0ac0 \u0a95\u0aae\u0abe\u0aa3\u0ac0 \u0ab0\u0ac2\u0aaa\u0ac7 \u0aae\u0ac7\u0ab3\u0ab5\u0acd\u0aaf\u0ac1\u0a82 \u0a9b\u0ac7\u0a85\u0aa8\u0ac7 \u0aa4\u0ac7 \u0a85\u0ab5\u0abf\u0ab6\u0acd\u0ab5\u0abe\u0ab8\u0ac1\u0aaa\u0aa3\u0abe\u0aa8\u0ac0 \u0a95\u0aae\u0abe\u0aa3\u0ac0 \u0aa4\u0ab0\u0ac0\u0a95\u0ac7 \u0a9c \u0aaa\u0abe\u0a9b\u0ac1\u0a82 \u0a9c\u0ab6\u0ac7.\u201d"},{"Verseid":"32000007","Verse":"\u0a8f\u0a9f\u0ab2\u0ac7 \u0aae\u0ac0\u0a96\u0abe\u0ab9 \u0aac\u0acb\u0ab2\u0acd\u0aaf\u0acb, \u0a8f\u0aa8\u0ac7 \u0ab2\u0ac0\u0aa7\u0ac7 \u0ab9\u0ac1\u0a82 \u0aaa\u0acb\u0a95 \u0aae\u0ac2\u0a95\u0ac0\u0aa8\u0ac7 \u0ab5\u0abf\u0ab2\u0abe\u0aaa \u0a95\u0ab0\u0ac0\u0ab6. \u0a89\u0a98\u0abe\u0aa1\u0abe \u0aaa\u0a97\u0ac7 \u0aa8\u0abf\u0ab0\u0acd\u0ab5\u0ab8\u0acd\u0ab0 \u0aa5\u0a87\u0aa8\u0ac7 \u0aab\u0ab0\u0ac0\u0ab6, \u0ab6\u0abf\u0aaf\u0abe\u0ab3\u0ab5\u0abe\u0aa8\u0ac0 \u0a9c\u0ac7\u0aae \u0ab0\u0aa1\u0ac0\u0ab6, \u0a85\u0aa8\u0ac7 \u0ab6\u0abe\u0ab9\u0aae\u0ac3\u0a97\u0aa8\u0ac0 \u0a9c\u0ac7\u0aae \u0a95\u0ab3 \u0a95\u0ab3\u0ac0\u0ab6."},{"Verseid":"32000008","Verse":"\u0a95\u0abe\u0ab0\u0aa3 \u0a95\u0ac7 \u0aa4\u0ac7\u0aa8\u0acb \u0aaa\u0acd\u0ab0\u0ab9\u0abe\u0ab0, \u0a86 \u0a98\u0abe\u0aa8\u0ac7 \u0ab0\u0ac2\u0a9d\u0ab5\u0ac0 \u0ab6\u0a95\u0acd\u0aaf\u0acb \u0aa8\u0aa5\u0ac0 \u0a9c\u0ac7 \u0ab9\u0ab5\u0ac7 \u0aaf\u0ab9\u0ac2\u0aa6\u0abf\u0aaf\u0abe \u0ab8\u0ac1\u0aa7\u0ac0 \u0a86\u0ab5\u0acd\u0aaf\u0acb \u0a9b\u0ac7, \u0aae\u0abe\u0ab0\u0abe \u0ab2\u0acb\u0a95\u0acb \u0a9c\u0ac7\u0a93 \u0aaf\u0ab0\u0ac2\u0ab6\u0abe\u0ab2\u0ac7\u0aae\u0aae\u0abe\u0a82 \u0ab0\u0ab9\u0ac7 \u0a9b\u0ac7, \u0aa4\u0ac7\u0aae\u0aa8\u0abe \u0aa6\u0ab0\u0ab5\u0abe\u0a9c\u0abe \u0ab8\u0ac1\u0aa7\u0ac0 \u0a86\u0ab5\u0ac0 \u0aaa\u0ab9\u0acb\u0a82\u0a9a\u0acd\u0aaf\u0acb \u0a9b\u0ac7."},{"Verseid":"32000009","Verse":"\u0a97\u0abe\u0aa5\u0aae\u0abe\u0a82 \u0aa4\u0ac7 \u0a95\u0ab9\u0ac7\u0ab6\u0acb \u0aa8\u0ab9\u0abf, \u0ab5\u0abf\u0ab2\u0abe\u0aaa \u0a95\u0ab0\u0ab6\u0acb \u0aa8\u0ab9\u0abf; \u0aac\u0ac7\u0aa5\u0ab2\u0ac7-\u0a86\u0aab\u0acd\u0ab0\u0abe\u0ab9, \u0aa4\u0ac1\u0a82 \u0aa7\u0ac2\u0ab3\u0aae\u0abe\u0a82 \u0a86\u0ab3\u0acb\u0a9f."},{"Verseid":"32000010","Verse":"\u0ab9\u0ac7 \u0ab6\u0abe\u0aab\u0ac0\u0ab0\u0aa8\u0abe \u0ab0\u0ab9\u0ac7\u0ab5\u0abe\u0ab8\u0ac0\u0a93, \u0aa8\u0abf\u0ab0\u0acd\u0ab5\u0ab8\u0acd\u0ab0 \u0aa5\u0a87\u0aa8\u0ac7, \u0aa8\u0ac7 \u0aa8\u0abe\u0aae\u0acb\u0ab6\u0ac0 \u0ab5\u0ab9\u0acb\u0ab0\u0ac0\u0aa8\u0ac7 \u0aa6\u0ac7\u0ab6\u0ab5\u0a9f\u0abe\u0aa8\u0ac7 \u0ab0\u0ab8\u0acd\u0aa4\u0ac7 \u0aaa\u0aa1\u0acb. \u0ab8\u0abe\u0a85\u0aa8\u0abe\u0aa8\u0aa8\u0abe \u0ab0\u0ab9\u0ac7\u0ab5\u0abe\u0ab8\u0ac0\u0a93 \u0aaa\u0acb\u0aa4\u0abe\u0aa8\u0abe \u0a98\u0ab0\u0aa8\u0ac0 \u0aac\u0ab9\u0abe\u0ab0 \u0aa8\u0ac0\u0a95\u0ab3\u0ab5\u0abe\u0aa8\u0ac0 \u0ab9\u0abf\u0a82\u0aae\u0aa4 \u0a95\u0ab0\u0ac0 \u0ab6\u0a95\u0aa4\u0abe \u0aa8\u0aa5\u0ac0. \u0aac\u0ac7\u0aa5-\u0a8f\u0ab8\u0ac7\u0ab2 \u0ab5\u0abf\u0ab2\u0abe\u0aaa \u0a95\u0ab0\u0ac7 \u0a9b\u0ac7; \u0aa4\u0ac7 \u0aa4\u0aae\u0abe\u0ab0\u0ac0 \u0aaa\u0abe\u0ab8\u0ac7\u0aa5\u0ac0 \u0aaa\u0acb\u0aa4\u0abe\u0aa8\u0acb \u0a86\u0aa7\u0abe\u0ab0 \u0aae\u0ac7\u0ab3\u0ab5\u0ab6\u0ac7."},{"Verseid":"32000011","Verse":"\u0aae\u0abe\u0ab0\u0acb\u0aa5\u0aa8\u0abe \u0ab2\u0acb\u0a95\u0acb \u0a95\u0a82\u0a87 \u0ab8\u0abe\u0ab0\u0abe\u0aa8\u0ac0 \u0ab0\u0abe\u0ab9 \u0a9c\u0acb\u0ab5\u0abe\u0aae\u0abe\u0a82 \u0aa8\u0aac\u0ab3\u0abe \u0aac\u0aa8\u0ac0 \u0a97\u0aaf\u0abe, \u0a95\u0abe\u0ab0\u0aa3\u0a95\u0ac7, \u0aaf\u0ab9\u0acb\u0ab5\u0abe \u0aa4\u0ab0\u0aab\u0aa5\u0ac0 \u0a86\u0aab\u0aa4 \u0aaf\u0ab0\u0ac2\u0ab6\u0abe\u0ab2\u0ac7\u0aae\u0aa8\u0abe \u0aa6\u0ab0\u0ab5\u0abe\u0a9c\u0abe \u0ab8\u0ac1\u0aa7\u0ac0 \u0a86\u0ab5\u0ac0 \u0aaa\u0ab9\u0acb\u0a82\u0a9a\u0ac0 \u0a9b\u0ac7."},{"Verseid":"32000012","Verse":"\u0ab9\u0ac7 \u0ab2\u0abe\u0a96\u0ac0\u0ab6\u0aa8\u0abe \u0ab2\u0acb\u0a95\u0acb, \u0ab0\u0aa5\u0aa8\u0ac7 \u0a98\u0acb\u0aa1\u0abe \u0a9c\u0acb\u0aa1\u0acb; \u0ab8\u0abf\u0aaf\u0acb\u0aa8\u0aa8\u0ac0 \u0aaa\u0ac1\u0aa4\u0acd\u0ab0\u0ac0 \u0aae\u0abe\u0a9f\u0ac7 \u0aa4\u0ac7 \u0aaa\u0abe\u0aaa\u0aa8\u0ac0 \u0ab6\u0ab0\u0ac1\u0a86\u0aa4 \u0ab9\u0aa4\u0ac0; \u0a85\u0aa8\u0ac7 \u0aa4\u0aae\u0abe\u0ab0\u0abe\u0aae\u0abe\u0a82 \u0a87\u0ab8\u0acd\u0ab0\u0abe\u0a8f\u0ab2\u0aa8\u0abe \u0a85\u0aaa\u0ab0\u0abe\u0aa7 \u0aae\u0ab3\u0acd\u0aaf\u0abe \u0ab9\u0aa4\u0abe."},{"Verseid":"32000013","Verse":"\u0a85\u0aa8\u0ac7 \u0aa4\u0ac7\u0aa5\u0ac0 \u0aae\u0acb\u0ab0\u0ac7\u0ab6\u0ac7\u0aa5-\u0a97\u0abe\u0aa5\u0aa8\u0ac7 \u0ab5\u0abf\u0aa6\u0abe\u0aaf \u0a86\u0aaa\u0ab5\u0ac0 \u0aaa\u0aa1\u0ab6\u0ac7. \u0a86\u0a96\u0acd\u0a9d\u0ac0\u0aac\u0aa8\u0abe\u0a81 \u0a95\u0ac1\u0ab3\u0acb, \u0a87\u0ab8\u0acd\u0ab0\u0abe\u0a8f\u0ab2\u0aa8\u0abe \u0ab0\u0abe\u0a9c\u0abe\u0a93 \u0aae\u0abe\u0a9f\u0ac7 \u0a9b\u0ac7\u0aa4\u0ab0\u0abe\u0aae\u0aa3\u0abe\u0a82 \u0ab9\u0ab6\u0ac7."},{"Verseid":"32000014","Verse":"\u0ab9\u0ac7 \u0aae\u0abe\u0ab0\u0ac7\u0ab6\u0abe\u0ab9\u0aa8\u0abe \u0ab0\u0ab9\u0ac7\u0ab5\u0abe\u0ab8\u0ac0\u0a93, \u0ab9\u0ac1\u0a82 \u0aa4\u0aae\u0abe\u0ab0\u0abe \u0aae\u0abe\u0a9f\u0ac7 \u0a8f\u0a95 \u0ab5\u0abf\u0a9c\u0ac7\u0aa4\u0abe \u0ab2\u0abe\u0ab5\u0ac0\u0ab6, \u0a87\u0ab8\u0acd\u0ab0\u0abe\u0a8f\u0ab2\u0aa8\u0ac1\u0a82 \u0a97\u0acc\u0ab0\u0ab5 \u0a85\u0aa6\u0ac1\u0ab2\u0acd\u0ab2\u0abe\u0aae\u0aa8\u0ac0 \u0a97\u0ac1\u0aab\u0abe\u0aae\u0abe\u0a82 \u0a86\u0ab6\u0acd\u0ab0\u0aaf \u0ab2\u0ac7\u0ab6\u0ac7."},{"Verseid":"32000015","Verse":"\u0aa4\u0abe\u0ab0\u0abe\u0a81 \u0aaa\u0acd\u0ab0\u0abf\u0aaf \u0ab8\u0a82\u0aa4\u0abe\u0aa8\u0acb\u0aa8\u0ac7 \u0ab2\u0ac0\u0aa7\u0ac7 \u0aa4\u0abe\u0ab0\u0abe \u0aae\u0abe\u0aa5\u0abe\u0aa8\u0abe \u0ab5\u0abe\u0ab3 \u0a95\u0aaa\u0abe\u0ab5, \u0aa8\u0ac7 \u0aa4\u0abe\u0ab0\u0ac1\u0a82 \u0aaa\u0acb\u0aa4\u0abe\u0aa8\u0ac1\u0a82 \u0aae\u0abe\u0aa5\u0ac1\u0a82 \u0aae\u0ac1\u0a82\u0aa1\u0abe\u0ab5; \u0a85\u0aa8\u0ac7 \u0a97\u0ac0\u0aa7\u0aa8\u0abe \u0a9c\u0ac7\u0ab5\u0abe \u0aac\u0acb\u0aa1\u0abe \u0aa5\u0a87 \u0a9c\u0abe\u0a93, \u0a95\u0abe\u0ab0\u0aa3, \u0aa4\u0ac7\u0a93\u0aa8\u0ac7 \u0aa4\u0aae\u0abe\u0ab0\u0abe\u0aa5\u0ac0 \u0aa6\u0ac2\u0ab0 \u0ab2\u0a87 \u0a9c\u0ab5\u0abe\u0aae\u0abe\u0a82 \u0a86\u0ab5\u0aa8\u0abe\u0ab0 \u0a9b\u0ac7."}]},{"Verse":[{"Verseid":"32001000","Verse":"\u0a9c\u0ac7\u0a93 \u0aaa\u0acb\u0aa4\u0abe\u0aa8\u0ac0 \u0aaa\u0aa5\u0abe\u0ab0\u0ac0\u0aae\u0abe\u0a82 \u0a9c\u0abe\u0a97\u0ac3\u0aa4 \u0ab0\u0ab9\u0ac0\u0aa8\u0ac7 \u0aaa\u0abe\u0aaa\u0ac0 \u0aaf\u0acb\u0a9c\u0aa8\u0abe\u0a93 \u0a85\u0aa8\u0ac7 \u0aa6\u0ac1\u0ab7\u0acd\u0a9f\u0aa4\u0abe \u0a86\u0a9a\u0ab0\u0ab5\u0abe\u0aa8\u0ac0 \u0aaf\u0acb\u0a9c\u0aa8\u0abe\u0a93 \u0a95\u0ab0\u0ac7 \u0a9b\u0ac7 \u0aa4\u0ac7\u0a93\u0aa8\u0ac7 \u0aa7\u0abf\u0a95\u0acd\u0a95\u0abe\u0ab0 \u0a9b\u0ac7! \u0aaa\u0a9b\u0ac0 \u0aaa\u0acd\u0ab0\u0aad\u0abe\u0aa4\u0aa8\u0abe \u0aaa\u0acd\u0ab0\u0a95\u0abe\u0ab6\u0aae\u0abe\u0a82 \u0aa4\u0ac7\u0a93 \u0aa4\u0ac7\u0aa8\u0acb \u0a85\u0aae\u0ab2 \u0a95\u0ab0\u0ac7 \u0a9b\u0ac7."},{"Verseid":"32001001","Verse":"\u0aa4\u0ac7\u0a93 \u0a96\u0ac7\u0aa4\u0ab0\u0acb \u0aae\u0ac7\u0ab3\u0ab5\u0ab5\u0abe\u0aa8\u0ac0 \u0a87\u0a9a\u0acd\u0a9b\u0abe \u0ab0\u0abe\u0a96\u0ac7 \u0a9b\u0ac7 \u0aa4\u0ac7\u0aa5\u0ac0 \u0aa4\u0ac7\u0aa8\u0ac7 \u0a98\u0ac7\u0ab0\u0ac0 \u0ab5\u0ab3\u0ac7 \u0a9b\u0ac7, \u0aa4\u0ac7\u0a93 \u0a98\u0ab0 \u0aae\u0ac7\u0ab3\u0ab5\u0ab5\u0abe\u0aa8\u0ac0 \u0a87\u0a9a\u0acd\u0a9b\u0abe \u0ab0\u0abe\u0a96\u0ac7 \u0a9b\u0ac7 \u0aa4\u0ac7\u0aa5\u0ac0 \u0aa4\u0ac7\u0aa8\u0ac7 \u0aaa\u0aa1\u0abe\u0ab5\u0ac0 \u0ab2\u0ac7 \u0a9b\u0ac7. \u0aa4\u0ac7\u0a93 \u0ab5\u0acd\u0aaf\u0a95\u0abf\u0aa4\u0aa8\u0ac7 \u0aa4\u0ac7\u0aa8\u0ac0 \u0ab8\u0a82\u0aaa\u0aa4\u0abf \u0aae\u0abe\u0a9f\u0ac7 \u0a9b\u0ac7\u0aa4\u0ab0\u0ac7 \u0a9b\u0ac7, \u0aa4\u0ac7\u0a93 \u0ab5\u0abe\u0ab0\u0ab8\u0aa6\u0abe\u0ab0\u0aa8\u0ac7 \u0aa4\u0ac7\u0aa8\u0abe \u0ab5\u0abe\u0ab0\u0ab8\u0abe \u0aae\u0abe\u0a9f\u0ac7 \u0aa0\u0a97\u0ac7 \u0a9b\u0ac7."},{"Verseid":"32001002","Verse":"\u0aa4\u0ac7\u0aa5\u0ac0 \u0aaf\u0ab9\u0acb\u0ab5\u0abe \u0a95\u0ab9\u0ac7 \u0a9b\u0ac7 \u0a95\u0ac7, \u201c\u0a9c\u0ac1\u0a93, \u0ab9\u0ac1\u0a82 \u0a86 \u0a95\u0ac1\u0ab3 \u0a89\u0aaa\u0ab0 \u0a86\u0aab\u0aa4 \u0aa8\u0abe\u0a96\u0ab5\u0abe\u0aa8\u0acb \u0ab5\u0abf\u0a9a\u0abe\u0ab0 \u0a95\u0ab0\u0ac1\u0a82 \u0a9b\u0ac1\u0a82, \u0a8f\u0aae\u0abe\u0a82\u0aa5\u0ac0 \u0aa4\u0aae\u0ac7 \u0aa4\u0aae\u0abe\u0ab0\u0ac0 \u0a9c\u0abe\u0aa4\u0aa8\u0ac7 \u0aa8\u0ab9\u0abf \u0aac\u0a9a\u0abe\u0ab5\u0ac0 \u0ab6\u0a95\u0acb, \u0aa8\u0ac7 \u0aa4\u0aae\u0ac7 \u0ab9\u0ab5\u0ac7 \u0ab9\u0acb\u0ab6\u0ac0\u0aaf\u0abe\u0ab0\u0ac0\u0aa5\u0ac0 \u0a9a\u0abe\u0ab2\u0ac0 \u0ab6\u0a95\u0ab6\u0acb \u0aa8\u0ab9\u0abf, \u0a95\u0abe\u0ab0\u0aa3\u0a95\u0ac7 \u0aa4\u0ac7 \u0aad\u0aaf\u0abe\u0aa8\u0a95 \u0ab8\u0aae\u0aaf \u0ab9\u0ab6\u0ac7."},{"Verseid":"32001003","Verse":"\u0aa4\u0ac7 \u0aa6\u0abf\u0ab5\u0ab8\u0ac7 \u0aa4\u0ac7\u0a93 \u0aa4\u0aae\u0aa8\u0ac7 \u0aae\u0ab9\u0ac7\u0aa3\u0abe\u0a82 \u0a9f\u0acb\u0aa3\u0abe\u0a82 \u0aae\u0abe\u0ab0\u0ab6\u0ac7 \u0a85\u0aa8\u0ac7 \u0aa4\u0aae\u0abe\u0ab0\u0ac7 \u0aae\u0abe\u0a9f\u0ac7 \u0aa6\u0ac1:\u0a96\u0aa8\u0abe \u0a97\u0ac0\u0aa4\u0acb \u0a97\u0abe\u0a87\u0aa8\u0ac7 \u0a95\u0ab9\u0ac7\u0ab6\u0ac7 \u0a95\u0ac7, \u2018\u0a86\u0aaa\u0aa3\u0ac7 \u0aa4\u0acb \u0ab8\u0a82\u0aaa\u0ac2\u0ab0\u0acd\u0aa3 \u0ab0\u0ac0\u0aa4\u0ac7 \u0aaa\u0abe\u0aaf\u0aae\u0abe\u0ab2 \u0aa5\u0a87 \u0a97\u0aaf\u0abe \u0a9b\u0ac0\u0a8f, \u0aa4\u0ac7 \u0a85\u0aae\u0abe\u0ab0\u0ac0 \u0a9c\u0aae\u0ac0\u0aa8 \u0aac\u0aa6\u0ab2\u0ac0 \u0aa8\u0abe\u0a96\u0ac7 \u0a9b\u0ac7 \u0a85\u0aa8\u0ac7 \u0a9c\u0ac7 \u0aae\u0abe\u0ab0\u0ac0 \u0a9b\u0ac7 \u0aa4\u0ac7 \u0ab2\u0a87 \u0ab2\u0ac7 \u0a9b\u0ac7 \u0a85\u0aa8\u0ac7 \u0aa4\u0ac7 \u0a85\u0aae\u0abe\u0ab0\u0abe \u0a96\u0ac7\u0aa4\u0ab0\u0acb \u0a85\u0aae\u0aa8\u0ac7 \u0aa6\u0a97\u0acb \u0a86\u0aaa\u0aa8\u0abe\u0ab0\u0abe \u0ab5\u0a9a\u0acd\u0a9a\u0ac7 \u0ab5\u0ab9\u0ac7\u0a82\u0a9a\u0ac0 \u0a86\u0aaa\u0ac7 \u0a9b\u0ac7."},{"Verseid":"32001004","Verse":"\u0a9c\u0acd\u0aaf\u0abe\u0ab0\u0ac7 \u0aaf\u0ab9\u0acb\u0ab5\u0abe \u0ab2\u0acb\u0a95\u0acb\u0aa8\u0ac0 \u0a9c\u0aae\u0ac0\u0aa8\u0aa8\u0abe \u0aad\u0abe\u0a97 \u0aaa\u0abe\u0aa1\u0ab6\u0ac7, \u0aa4\u0acd\u0aaf\u0abe\u0ab0\u0ac7 \u0aa4\u0aae\u0aa8\u0ac7 \u0aa4\u0ac7 \u0aa8\u0ab9\u0abf \u0aae\u0ab3\u0ac7.\u201d\u2018"},{"Verseid":"32001005","Verse":"\u0ab2\u0acb\u0a95\u0acb \u0aae\u0aa8\u0ac7 \u0a95\u0ab9\u0ac7 \u0a9b\u0ac7, \u201c\u0aa4\u0aae\u0abe\u0ab0\u0ac7 \u0aaa\u0acd\u0ab0\u0aac\u0acb\u0aa7 \u0a95\u0ab0\u0ab5\u0acb \u0aa8\u0ab9\u0abf, \u0aa4\u0aae\u0ac7 \u0a86\u0ab5\u0ac0 \u0ab5\u0ab8\u0acd\u0aa4\u0ac1\u0a93 \u0aaa\u0acd\u0ab0\u0aac\u0acb\u0aa7\u0ab5\u0abe \u0aae\u0abe\u0a9f\u0ac7 \u0aa8\u0aa5\u0ac0, \u0a86\u0aaa\u0aa3\u0ac0 \u0a89\u0aaa\u0ab0 \u0a85\u0ab5\u0a95\u0ac3\u0aaa\u0abe \u0aa8\u0ab9\u0abf \u0a86\u0ab5\u0ac7.\u201d"},{"Verseid":"32001006","Verse":"\u0ab9\u0ac7 \u0aaf\u0abe\u0a95\u0ac2\u0aac\u0aa8\u0abe \u0a95\u0ac2\u0ab3\u0ab8\u0aae\u0ac1\u0ab9\u0acb, \u0ab6\u0ac1\u0a82 \u0a86\u0ab5\u0ac1\u0a82 \u0a95\u0ab9\u0ac7\u0ab5\u0abe\u0ab6\u0ac7? \u0a95\u0ac7 \u0aaf\u0ab9\u0acb\u0ab5\u0abe\u0aa8\u0acb \u0a86\u0aa4\u0acd\u0aae\u0abe \u0ab8\u0a82\u0a95\u0acb\u0a9a\u0abe\u0aaf\u0acb \u0a9b\u0ac7? \u0a86 \u0ab6\u0ac1\u0a82 \u0aa4\u0ac7\u0aa8\u0abe\u0a81 \u0a95\u0abe\u0ab0\u0acd\u0aaf\u0acb \u0a9b\u0ac7? \u0a9c\u0ac7\u0a93 \u0aa8\u0ac0\u0aa4\u0abf\u0aae\u0aa4\u0acd\u0aa4\u0abe\u0aa5\u0ac0 \u0a9a\u0abe\u0ab2\u0ac7 \u0a9b\u0ac7 \u0aa4\u0ac7\u0aae\u0aa8\u0abe \u0aae\u0abe\u0a9f\u0ac7 \u0aae\u0abe\u0ab0\u0abe \u0ab6\u0aac\u0acd\u0aa6\u0acb \u0ab8\u0abe\u0ab0\u0abe \u0aa8\u0aa5\u0ac0?"},{"Verseid":"32001007","Verse":"\u0aaa\u0aa3 \u0a9b\u0ac7\u0ab5\u0a9f\u0ac7 \u0aa5\u0acb\u0aa1\u0ac0 \u0aae\u0ac1\u0aa6\u0aa4\u0aa5\u0ac0 \u0aae\u0abe\u0ab0\u0abe \u0ab2\u0acb\u0a95\u0acb \u0ab6\u0aa4\u0acd\u0ab0\u0ac1\u0aa8\u0ac0 \u0a9c\u0ac7\u0aae \u0ab5\u0aa4\u0ac0\u0ab0\u0acd \u0ab0\u0ab9\u0acd\u0aaf\u0abe\u0a82 \u0a9b\u0ac7. \u0aa4\u0aae\u0ac7 \u0aaa\u0ab8\u0abe\u0ab0 \u0aa5\u0aa4\u0abe\u0a82 \u0ab6\u0abe\u0a82\u0aa4 \u0ab2\u0acb\u0a95\u0acb\u0aa8\u0abe \u0a95\u0aaa\u0aa1\u0abe\u0a82 \u0a89\u0aa4\u0abe\u0ab0\u0ac0 \u0aa8\u0abe\u0a96\u0acb \u0a9b\u0acb, \u0a9c\u0ac7\u0a93 \u0a8f\u0aae \u0ab5\u0abf\u0a9a\u0abe\u0ab0\u0ac7 \u0a9b\u0ac7 \u0a95\u0ac7 \u0aa4\u0ac7\u0a93 \u0aaf\u0ac1\u0aa6\u0acd\u0aa7\u0aae\u0abe\u0a82\u0aa5\u0ac0 \u0aaa\u0abe\u0a9b\u0abe \u0aab\u0ab0\u0aa4\u0abe\u0a82 \u0ab2\u0acb\u0a95\u0acb\u0aa8\u0ac0 \u0a9c\u0ac7\u0aae \u0ab8\u0ac1\u0ab0\u0a95\u0acd\u0ab7\u0abf\u0aa4 \u0a9b\u0ac7."},{"Verseid":"32001008","Verse":"\u0aae\u0abe\u0ab0\u0abe \u0ab2\u0acb\u0a95\u0acb\u0aa8\u0ac0 \u0ab8\u0acd\u0aa4\u0acd\u0ab0\u0ac0\u0a93\u0aa8\u0ac7 \u0aa4\u0aae\u0ac7 \u0aa4\u0ac7\u0a93\u0aa8\u0abe\u0a82 \u0a86\u0ab0\u0abe\u0aae\u0aa6\u0abe\u0aaf\u0a95 \u0aae\u0a95\u0abe\u0aa8\u0acb\u0aae\u0abe\u0a82\u0aa5\u0ac0 \u0a95\u0abe\u0aa2\u0ac0 \u0aae\u0ac2\u0a95\u0acb \u0a9b\u0acb; \u0a85\u0aa8\u0ac7 \u0aa4\u0ac7\u0aae\u0aa8\u0abe\u0a82 \u0aac\u0abe\u0ab3\u0a95\u0acb \u0aaa\u0abe\u0ab8\u0ac7\u0aa5\u0ac0 \u0aae\u0abe\u0ab0\u0ac1\u0a82 \u0a97\u0acc\u0ab0\u0ab5 \u0aa4\u0aae\u0ac7 \u0ab8\u0aa6\u0abe\u0aa8\u0ac7 \u0aae\u0abe\u0a9f\u0ac7 \u0ab9\u0ab3\u0ac0 \u0ab2\u0acb \u0a9b\u0acb."},{"Verseid":"32001009","Verse":"\u0a8a\u0aa0\u0acb, \u0a9a\u0abe\u0ab2\u0acd\u0aaf\u0abe \u0a9c\u0abe\u0a93, \u0a95\u0abe\u0ab0\u0aa3\u0a95\u0ac7 \u0a86 \u0aa4\u0aae\u0abe\u0ab0\u0ac1\u0a82 \u0ab5\u0abf\u0ab6\u0acd\u0ab0\u0abe\u0aae\u0ab8\u0acd\u0aa5\u0abe\u0aa8 \u0aa8\u0aa5\u0ac0. \u0a85\u0ab6\u0ac1\u0aa6\u0acd\u0aa7\u0abf \u0aad\u0aaf\u0a82\u0a95\u0ab0 \u0ab5\u0abf\u0aa8\u0abe\u0ab6 \u0ab8\u0abe\u0aa5\u0ac7 \u0ab8\u0a82\u0ab9\u0abe\u0ab0 \u0a95\u0ab0\u0ac7 \u0a9b\u0ac7.\u201d"},{"Verseid":"32001010","Verse":"\u0a9c\u0acb \u0a95\u0acb\u0a87 \u0a85\u0aaa\u0acd\u0ab0\u0abe\u0aae\u0abe\u0aa3\u0abf\u0a95\u0aa4\u0abe \u0a85\u0aa8\u0ac7 \u0a85\u0ab8\u0aa4\u0acd\u0aaf\u0aa8\u0ac0 \u0aaa\u0acd\u0ab0\u0a95\u0ac3\u0aa4\u0abf\u0ab5\u0abe\u0ab3\u0ac0 \u0ab5\u0acd\u0aaf\u0a95\u0abf\u0aa4 \u0a8f\u0aae \u0a95\u0ab9\u0ac7\u0aa4\u0ac0 \u0a86\u0ab5\u0ac7 \u0a95\u0ac7, \u201c\u0ab9\u0ac1\u0a82 \u0aa4\u0aae\u0aa8\u0ac7 \u0aaa\u0ac1\u0ab7\u0acd\u0a95\u0ab3 \u0aa6\u0acd\u0ab0\u0abe\u0ab8\u0abe\u0ab0\u0ab8 \u0a85\u0aa8\u0ac7 \u0aae\u0aa7 \u0ab5\u0abf\u0ab7\u0ac7 \u0a89\u0aaa\u0aa6\u0ac7\u0ab6 \u0a86\u0aaa\u0ac0\u0ab6,\u201d \u0aa4\u0acb \u0aa4\u0ac7 \u0a86 \u0ab2\u0acb\u0a95\u0acb\u0aa8\u0acb \u0a9c \u0aaa\u0acd\u0ab0\u0aac\u0acb\u0aa7\u0a95 \u0ab9\u0ab6\u0ac7.\u201d"},{"Verseid":"32001011","Verse":"\u0ab9\u0ac1\u0a82 \u0a9a\u0acb\u0a95\u0acd\u0a95\u0ab8\u0aaa\u0aa3\u0ac7 \u0aa4\u0aae\u0aa8\u0ac7 \u0aac\u0aa7\u0abe\u0aa8\u0ac7, \u0aaf\u0abe\u0a95\u0ac2\u0aac\u0aa8\u0abe \u0ab2\u0acb\u0a95\u0acb\u0aa8\u0ac7 \u0aad\u0ac7\u0a97\u0abe\u0a82 \u0a95\u0ab0\u0ac0\u0ab6. \u0ab9\u0ac1\u0a82 \u0a95\u0abe\u0ab3\u0a9c\u0ac0\u0aaa\u0ac2\u0ab0\u0acd\u0ab5\u0a95 \u0a87\u0ab8\u0acd\u0ab0\u0abe\u0a8f\u0ab2\u0aa8\u0abe \u0aac\u0a9a\u0ac7\u0ab2\u0abe\u0a93\u0aa8\u0ac7 \u0aad\u0ac7\u0a97\u0abe\u0a82 \u0a95\u0ab0\u0ac0\u0ab6. \u0ab9\u0ac1\u0a82 \u0aa4\u0ac7\u0aae\u0aa8\u0ac7 \u0ab5\u0abe\u0aa1\u0abe\u0aa8\u0abe \u0a98\u0ac7\u0a9f\u0abe\u0a82\u0aa8\u0ac0 \u0a9c\u0ac7\u0aae \u0aa4\u0aa5\u0abe \u0a97\u0acc\u0a9a\u0ab0\u0aa8\u0abe \u0a98\u0ac7\u0a9f\u0abe\u0a82\u0aa8\u0abe \u0a9f\u0acb\u0ab3\u0abe\u0a82\u0aa8\u0ac0 \u0a9c\u0ac7\u0aae \u0aad\u0ac7\u0a97\u0abe\u0a82 \u0a95\u0ab0\u0ac0\u0ab6. \u0a9a\u0abe\u0ab0\u0ac7\u0aac\u0abe\u0a9c\u0ac1\u0aa5\u0ac0 \u0aac\u0aa7\u0abe \u0ab2\u0acb\u0a95\u0acb\u0aa8\u0abe \u0a86\u0ab5\u0abe\u0a9c\u0aa5\u0ac0 \u0aa4\u0acd\u0aaf\u0abe\u0a82 \u0a98\u0acb\u0a82\u0a98\u0abe\u0a9f \u0aae\u0a9a\u0ac0 \u0a9c\u0ab6\u0ac7."},{"Verseid":"32001012","Verse":"\u0aaa\u0a9b\u0ac0 \u0a8f\u0a95 \u201c\u0a98\u0ab8\u0ac0 \u0aaa\u0aa1\u0aa8\u0abe\u0ab0\u201d \u0aa4\u0ac7\u0aae\u0aa8\u0ac0 \u0a86\u0a97\u0ab3 \u0a86\u0ab5\u0ab6\u0ac7 \u0a85\u0aa8\u0ac7 \u0aa4\u0ac7\u0a93 \u0aa6\u0ab0\u0ab5\u0abe\u0a9c\u0acb \u0aa4\u0acb\u0aa1\u0ac0\u0aa8\u0ac7 \u0aa4\u0ac7\u0aae\u0abe\u0a82\u0aa5\u0ac0 \u0aaa\u0ab8\u0abe\u0ab0 \u0aa5\u0ab6\u0ac7, \u0ab0\u0abe\u0a9c\u0abe \u0aa4\u0ac7\u0aae\u0aa8\u0ac0 \u0aaa\u0ab9\u0ac7\u0ab2\u0abe\u0a82 \u0aaa\u0ab8\u0abe\u0ab0 \u0aa5\u0a87 \u0a97\u0aaf\u0acb \u0a9b\u0ac7, \u0aaf\u0ab9\u0acb\u0ab5\u0abe \u0aa4\u0ac7\u0aae\u0aa8\u0acb \u0a86\u0a97\u0ac7\u0ab5\u0abe\u0aa8 \u0a9b\u0ac7!"}]},{"Verse":[{"Verseid":"32002000","Verse":"\u0aae\u0ac7\u0a82 \u0a95\u0ab9\u0acd\u0aaf\u0ac1\u0a82, \u201c\u0ab9\u0ac7 \u0aaf\u0abe\u0a95\u0ac2\u0aac\u0aa8\u0abe \u0aa8\u0ac7\u0aa4\u0abe\u0a93, \u0a85\u0aa8\u0ac7 \u0a87\u0ab8\u0acd\u0ab0\u0abe\u0a8f\u0ab2 \u0aa6\u0ac7\u0ab6\u0aa8\u0abe \u0ab6\u0abe\u0ab8\u0a95\u0acb, \u0ab9\u0ab5\u0ac7 \u0a86 \u0ab6\u0ac1\u0a82 \u0aa4\u0aae\u0abe\u0ab0\u0abe \u0aae\u0abe\u0a9f\u0ac7 \u0aa8\u0acd\u0aaf\u0abe\u0aaf\u0aa8\u0ac7 \u0a9c\u0abe\u0aa3\u0ab5\u0abe\u0aa8\u0ac0 \u0a9c\u0a97\u0acd\u0aaf\u0abe \u0aa8\u0aa5\u0ac0?"},{"Verseid":"32002001","Verse":"\u0aaa\u0aa3 \u0aa4\u0aae\u0ac7 \u0aa8\u0acd\u0aaf\u0abe\u0aaf\u0aa8\u0ac7 \u0aa7\u0abf\u0a95\u0acd\u0a95\u0abe\u0ab0\u0acb \u0a9b\u0acb, \u0aa8\u0ac7 \u0a85\u0aa8\u0acd\u0aaf\u0abe\u0aaf \u0aaa\u0ab0 \u0aaa\u0acd\u0ab0\u0ac7\u0aae \u0ab0\u0abe\u0a96\u0acb \u0a9b\u0acb! \u0aa4\u0aae\u0ac7 \u0aae\u0abe\u0ab0\u0abe \u0ab2\u0acb\u0a95\u0acb\u0aa8\u0abe \u0ab6\u0ab0\u0ac0\u0ab0 \u0aaa\u0ab0\u0aa5\u0ac0 \u0a9a\u0abe\u0aae\u0aa1\u0ac0 \u0a85\u0aa8\u0ac7 \u0aa4\u0ac7\u0aa8\u0abe \u0ab9\u0abe\u0aa1\u0a95\u0abe\u0a82 \u0a89\u0aaa\u0ab0\u0aa5\u0ac0 \u0aae\u0abe\u0a82\u0ab8 \u0a8a\u0aa4\u0abe\u0ab0\u0ac0 \u0ab2\u0acb \u0a9b\u0acb."},{"Verseid":"32002002","Verse":"\u0aa4\u0aae\u0ac7 \u0aae\u0abe\u0ab0\u0abe \u0ab2\u0acb\u0a95\u0acb\u0aa8\u0ac1\u0a82 \u0aae\u0abe\u0a82\u0ab8 \u0a96\u0abe\u0a93 \u0a9b\u0acb, \u0aa4\u0ac7\u0aae\u0aa8\u0abe \u0ab6\u0ab0\u0ac0\u0ab0 \u0a89\u0aaa\u0ab0\u0aa5\u0ac0 \u0a9a\u0abe\u0aae\u0aa1\u0ac0 \u0a89\u0a9d\u0ab0\u0aa1\u0ac0 \u0aa8\u0abe\u0a96\u0acb \u0a9b\u0acb, \u0aa4\u0ac7\u0aae\u0aa8\u0abe \u0ab9\u0abe\u0aa1\u0a95\u0abe\u0a82 \u0aad\u0abe\u0a82\u0a97\u0ac0\u0aa8\u0ac7 \u0a9a\u0ac2\u0ab0\u0abe\u0a82 \u0a95\u0ab0\u0ac0 \u0aa8\u0abe\u0a82\u0a96\u0acb \u0a9b\u0acb \u0a85\u0aa8\u0ac7 \u0aa4\u0ac7\u0aa8\u0ac7 \u0aae\u0abe\u0a82\u0ab8\u0aa8\u0ac0 \u0a9c\u0ac7\u0aae \u0ab0\u0abe\u0a82\u0aa7\u0ab5\u0abe \u0aae\u0abe\u0a9f\u0ac7 \u0aa4\u0aae\u0ac7 \u0aa4\u0ac7\u0aa8\u0ac7 \u0a95\u0aa2\u0abe\u0a87\u0aae\u0abe\u0a82 \u0aaa\u0abe\u0aa5\u0ab0\u0ac0 \u0aa6\u0acb \u0a9b\u0acb."},{"Verseid":"32002003","Verse":"\u0a85\u0aa8\u0ac7 \u0aaa\u0a9b\u0ac0 \u0ab8\u0a82\u0a95\u0a9f\u0aa8\u0abe \u0ab8\u0aae\u0aaf\u0ac7 \u0aae\u0aa6\u0aa6 \u0aae\u0abe\u0a9f\u0ac7 \u0aa4\u0aae\u0ac7 \u0aaf\u0ab9\u0acb\u0ab5\u0abe\u0aa8\u0ac7 \u0ab5\u0abf\u0aa8\u0a82\u0aa4\u0ac0 \u0a95\u0ab0\u0acb \u0a9b\u0acb! \u0aaa\u0ab0\u0a82\u0aa4\u0ac1 \u0aa4\u0ac7 \u0aa4\u0aae\u0aa8\u0ac7 \u0a9c\u0ab5\u0abe\u0aac \u0aa8\u0ab9\u0abf \u0a86\u0aaa\u0ac7. \u0aa4\u0aae\u0ac7 \u0a85\u0aa8\u0abf\u0ab7\u0acd\u0a9f \u0a95\u0abe\u0aae\u0acb \u0a95\u0ab0\u0acd\u0aaf\u0abe \u0a9b\u0ac7, \u0aa4\u0ac7\u0aa5\u0ac0 \u0aa4\u0ac7 \u0aa4\u0aae\u0abe\u0ab0\u0abe\u0aa5\u0ac0 \u0aae\u0acb\u0aa2\u0ac1\u0a82 \u0aab\u0ac7\u0ab0\u0ab5\u0ac0 \u0ab2\u0ac7\u0ab6\u0ac7.\u2019"},{"Verseid":"32002004","Verse":"\u0ab9\u0ac7 \u0a9c\u0ac2\u0aa0\u0abe \u0aaa\u0acd\u0ab0\u0aac\u0acb\u0aa7\u0a95\u0acb, \u0aa4\u0aae\u0ac7 \u0aaf\u0ab9\u0acb\u0ab5\u0abe\u0aa8\u0abe \u0ab2\u0acb\u0a95\u0acb\u0aa8\u0ac7 \u0a96\u0acb\u0a9f\u0abe \u0aae\u0abe\u0a97\u0ac7\u0ab0\u0acd \u0ab2\u0a87 \u0a9c\u0abe\u0a93 \u0a9b\u0acb.\u0aa4\u0aae\u0aa8\u0ac7 \u0a96\u0acb\u0ab0\u0abe\u0a95 \u0a86\u0aaa\u0ac7 \u0aa4\u0ac7\u0a93\u0aa8\u0ac7 \u0aa4\u0aae\u0ac7 \u0ab6\u0abe\u0a82\u0aa4\u0abf \u0aa5\u0abe\u0a93 \u0a8f\u0aae \u0a95\u0ab9\u0acb \u0a9b\u0acb \u0a85\u0aa8\u0ac7 \u0a9c\u0ac7\u0a93 \u0aa8\u0aa5\u0ac0 \u0a86\u0aaa\u0aa4\u0abe \u0aa4\u0ac7\u0a93\u0aa8\u0ac7 \u0aa4\u0aae\u0ac7 \u0aa7\u0aae\u0a95\u0abe\u0ab5\u0acb \u0a9b\u0acb. \u0aa4\u0aae\u0abe\u0ab0\u0abe \u0aae\u0abe\u0a9f\u0ac7 \u0aa6\u0ac7\u0ab5\u0aa8\u0acb \u0a86 \u0ab8\u0a82\u0aa6\u0ac7\u0ab6\u0acb \u0a9b\u0ac7."},{"Verseid":"32002005","Verse":"\u0aa4\u0aae\u0abe\u0ab0\u0abe \u0a89\u0aaa\u0ab0 \u0ab0\u0abe\u0aa4\u0acd\u0ab0\u0ac0\u0aa8\u0abe \u0a93\u0ab3\u0abe\u0a82 \u0a8a\u0aa4\u0ab0\u0ab6\u0ac7; \u0aa4\u0aae\u0aa8\u0ac7 \u0a95\u0acb\u0a87 \u0ab8\u0a82\u0aa6\u0ab0\u0acd\u0ab6\u0aa8 \u0aa8\u0ab9\u0abf \u0aa5\u0abe\u0aaf, \u0aa4\u0aae\u0abe\u0ab0\u0abe \u0a89\u0aaa\u0ab0 \u0a85\u0a82\u0aa7\u0abe\u0ab0\u0abe \u0a8a\u0aa4\u0ab0\u0ab6\u0ac7, \u0aa4\u0aae\u0ac7 \u0a95\u0acb\u0a87 \u0aad\u0ab5\u0abf\u0ab7\u0acd\u0aaf \u0aad\u0abe\u0a96\u0ac0 \u0ab6\u0a95\u0ab6\u0acb \u0aa8\u0ab9\u0abf, \u0aa4\u0aae\u0abe\u0ab0\u0acb \u0ab8\u0ac2\u0ab0\u0acd\u0aaf \u0a86\u0aa5\u0aae\u0ac0 \u0a9c\u0ab6\u0ac7 \u0a85\u0aa8\u0ac7 \u0aa4\u0aae\u0abe\u0ab0\u0acb \u0aa6\u0abf\u0ab5\u0ab8 \u0a85\u0a82\u0aa7\u0abe\u0ab0\u0aae\u0aaf \u0aa5\u0a87 \u0a9c\u0ab6\u0ac7."},{"Verseid":"32002006","Verse":"\u0aa6\u0acd\u0ab0\u0ab7\u0acd\u0a9f\u0abe\u0a93 \u0ab2\u0a9c\u0acd\u0a9c\u0abf\u0aa4 \u0aa5\u0ab6\u0ac7, \u0a85\u0aa8\u0ac7 \u0aad\u0ab5\u0abf\u0ab7\u0acd\u0aaf\u0ab5\u0ac7\u0aa4\u0acd\u0aa4\u0abe\u0a93 \u0a97\u0ac2\u0a82\u0a9a\u0ab5\u0abe\u0a87 \u0a9c\u0ab6\u0ac7, \u0aa4\u0ac7\u0a93 \u0aac\u0aa7\u0abe \u0aaa\u0acb\u0aa4\u0abe\u0aa8\u0abe \u0ab9\u0acb\u0aa0 \u0aa2\u0abe\u0a82\u0a95\u0ac0 \u0aa6\u0ac7\u0ab6\u0ac7; \u0a95\u0abe\u0ab0\u0aa3\u0a95\u0ac7 \u0aa6\u0ac7\u0ab5 \u0aa4\u0ab0\u0aab\u0aa5\u0ac0 \u0a95\u0a87\u0a82 \u0aaa\u0aa3 \u0a89\u0aa4\u0acd\u0aa4\u0ab0 \u0aae\u0ab3\u0aa4\u0acb \u0aa8\u0aa5\u0ac0."},{"Verseid":"32002007","Verse":"\u201c\u0aaa\u0ab0\u0a82\u0aa4\u0ac1 \u0a9c\u0acd\u0aaf\u0abe\u0ab0\u0ac7 \u0aae\u0abe\u0ab0\u0abe \u0aae\u0abe\u0a9f\u0ac7, \u0aaf\u0abe\u0a95\u0ac2\u0aac\u0aa8\u0ac7 \u0aa4\u0ac7\u0aa8\u0abe \u0a85\u0aaa\u0ab0\u0abe\u0aa7 \u0ab5\u0abf\u0ab7\u0ac7 \u0a85\u0aa8\u0ac7 \u0a87\u0ab8\u0acd\u0ab0\u0abe\u0a8f\u0ab2\u0aa8\u0ac7 \u0aa4\u0ac7\u0aa8\u0abe \u0aaa\u0abe\u0aaa\u0acb \u0ab5\u0abf\u0ab7\u0ac7 \u0a9c\u0aa3\u0abe\u0ab5\u0ab5\u0abe \u0aae\u0abe\u0a9f\u0ac7 \u0aaf\u0ab9\u0acb\u0ab5\u0abe\u0aa8\u0abe \u0a86\u0aa4\u0acd\u0aae\u0abe\u0a8f \u0aae\u0aa8\u0ac7 \u0ab8\u0abe\u0ab0\u0acd\u0aae\u0aa5\u0acd\u0aaf, \u0aa8\u0acd\u0aaf\u0abe\u0aaf \u0a85\u0aa8\u0ac7 \u0ab6\u0a95\u0abf\u0aa4\u0aa5\u0ac0 \u0aad\u0ab0\u0ac0 \u0aa6\u0ac0\u0aa7\u0acb \u0a9b\u0ac7.\u201d"},{"Verseid":"32002008","Verse":"\u0ab9\u0ac7 \u0aaf\u0abe\u0a95\u0ac2\u0aac\u0aa8\u0abe \u0ab5\u0a82\u0ab6\u0aa8\u0abe \u0aa8\u0ac7\u0aa4\u0abe\u0a93 \u0a85\u0aa8\u0ac7 \u0a87\u0ab8\u0acd\u0ab0\u0abe\u0a8f\u0ab2\u0aa8\u0abe \u0a95\u0ac2\u0ab3\u0aa8\u0abe \u0ab6\u0abe\u0ab8\u0a95\u0acb, \u0a9c\u0ac7\u0a93 \u0aa8\u0acd\u0aaf\u0abe\u0aaf\u0aa8\u0ac7 \u0aa7\u0abf\u0a95\u0acd\u0a95\u0abe\u0ab0\u0acb \u0a9b\u0acb, \u0a85\u0aa8\u0ac7 \u0ab8\u0ab0\u0acd\u0ab5 \u0aa8\u0ac0\u0aa4\u0abf\u0aae\u0aa4\u0acd\u0aa4\u0abe\u0aa8\u0ac7 \u0a89\u0ab2\u0a9f\u0abe\u0ab5\u0acb \u0a9b\u0acb, \u0ab9\u0ab5\u0ac7 \u0aa7\u0acd\u0aaf\u0abe\u0aa8\u0aa5\u0ac0 \u0ab8\u0abe\u0a82\u0aad\u0ab3\u0acb."},{"Verseid":"32002009","Verse":"\u0aa4\u0aae\u0ac7 \u0ab8\u0abf\u0aaf\u0acb\u0aa8\u0aa8\u0ac7 \u0ab9\u0abf\u0a82\u0ab8\u0abe\u0aa5\u0ac0 \u0a85\u0aa8\u0ac7 \u0aaf\u0ab0\u0ac2\u0ab6\u0abe\u0ab2\u0ac7\u0aae\u0aa8\u0ac7 \u0a85\u0aa8\u0acd\u0aaf\u0abe\u0aaf \u0aa6\u0acd\u0ab5\u0abe\u0ab0\u0abe \u0aac\u0abe\u0a82\u0aa7\u0acd\u0aaf\u0abe \u0a9b\u0ac7."},{"Verseid":"32002010","Verse":"\u0aa4\u0ac7\u0aa8\u0abe \u0a86\u0a97\u0ac7\u0ab5\u0abe\u0aa8 \u0aa8\u0ac7\u0aa4\u0abe\u0a93 \u0ab2\u0abe\u0a82\u0a9a \u0ab2\u0a87\u0aa8\u0ac7 \u0aa8\u0acd\u0aaf\u0abe\u0aaf \u0a95\u0ab0\u0ac7 \u0a9b\u0ac7. \u0aa8\u0ac7 \u0aa4\u0ac7\u0aa8\u0abe \u0aaf\u0abe\u0a9c\u0a95\u0acb \u0aaa\u0a97\u0abe\u0ab0 \u0ab2\u0a87\u0aa8\u0ac7 \u0aac\u0acb\u0aa7 \u0a95\u0ab0\u0ac7 \u0a9b\u0ac7 \u0a85\u0aa8\u0ac7 \u0aa4\u0ac7\u0aa8\u0abe \u0aaa\u0acd\u0ab0\u0aac\u0acb\u0aa7\u0a95\u0acb \u0aaa\u0ac8\u0ab8\u0abe \u0ab2\u0a87\u0aa8\u0ac7 \u0aad\u0ab5\u0abf\u0ab7\u0acd\u0aaf \u0aad\u0abe\u0a96\u0ac7 \u0a9b\u0ac7. \u0a8f\u0aae \u0a9b\u0aa4\u0abe\u0a82 \u0aaa\u0aa3 \u0aa4\u0ac7\u0a93 \u0aaf\u0ab9\u0acb\u0ab5\u0abe \u0aaa\u0ab0 \u0a86\u0aa7\u0abe\u0ab0 \u0ab0\u0abe\u0a96\u0ac7 \u0a9b\u0ac7, \u0a85\u0aa8\u0ac7 \u0a95\u0ab9\u0ac7 \u0a9b\u0ac7, \u201c\u0ab6\u0ac1\u0a82 \u0aaf\u0ab9\u0acb\u0ab5\u0abe \u0a86\u0aaa\u0aa3\u0ac0 \u0aaa\u0abe\u0ab8\u0ac7 \u0aa8\u0aa5\u0ac0? \u0a86\u0aaa\u0aa3\u0abe \u0aaa\u0ab0 \u0a95\u0acb\u0a87 \u0a86\u0aab\u0aa4 \u0a86\u0ab5\u0ab6\u0ac7 \u0aa8\u0ab9\u0abf.\u201d"},{"Verseid":"32002011","Verse":"\u0a86\u0aa5\u0ac0, \u0aa4\u0aae\u0abe\u0ab0\u0ac7 \u0a95\u0abe\u0ab0\u0aa3\u0ac7 \u0ab8\u0abf\u0aaf\u0acb\u0aa8\u0aa8\u0ac7 \u0a96\u0ac7\u0aa4\u0ab0\u0aa8\u0ac0 \u0a9c\u0ac7\u0aae \u0a96\u0ac7\u0aa1\u0ac0 \u0aa8\u0abe\u0a96\u0ab5\u0abe\u0aae\u0abe\u0a82 \u0a86\u0ab5\u0ab6\u0ac7, \u0a85\u0aa8\u0ac7 \u0aaf\u0ab0\u0ac2\u0ab6\u0abe\u0ab2\u0ac7\u0aae \u0a95\u0abe\u0a9f\u0aae\u0abe\u0ab3\u0aa8\u0acb \u0aa2\u0a97\u0ab2\u0acb \u0aa5\u0a87 \u0a9c\u0ab6\u0ac7; \u0a85\u0aa8\u0ac7 \u0a9f\u0ac7\u0a95\u0ab0\u0ac0 \u0a89\u0aaa\u0ab0\u0aa8\u0ac1\u0a82 \u0aae\u0a82\u0aa6\u0abf\u0ab0 \u0a9d\u0abe\u0aa1\u0ac0 \u0a9d\u0abe\u0a82\u0a96\u0ab0\u0abe\u0aa5\u0ac0 \u0aa2\u0a82\u0a95\u0abe\u0a87 \u0a9c\u0ab6\u0ac7."}]},{"Verse":[{"Verseid":"32003000","Verse":"\u0ab9\u0ab5\u0ac7 \u0aaa\u0abe\u0a9b\u0ab2\u0abe \u0aa6\u0abf\u0ab5\u0ab8\u0acb\u0aae\u0abe\u0a82 \u0aaf\u0ab9\u0acb\u0ab5\u0abe\u0aa8\u0abe \u0aae\u0a82\u0aa6\u0abf\u0ab0\u0aa8\u0acb \u0aaa\u0ab0\u0acd\u0ab5\u0aa4 \u0aac\u0ac0\u0a9c\u0abe \u0aac\u0aa7\u0abe \u0aaa\u0ab0\u0acd\u0ab5\u0aa4\u0acb \u0a95\u0ab0\u0aa4\u0abe\u0a82 \u0a8a\u0a82\u0a9a\u0acb \u0a95\u0ab0\u0ab5\u0abe\u0aae\u0abe\u0a82 \u0a86\u0ab5\u0ab6\u0ac7, \u0a9c\u0ac7 \u0aac\u0ac0\u0a9c\u0abe\u0a82 \u0aac\u0aa7\u0abe\u0a82 \u0ab6\u0abf\u0a96\u0ab0\u0acb \u0aaa\u0ab0 \u0aa5\u0ab6\u0ac7, \u0aa4\u0ac7 \u0aac\u0ac0\u0a9c\u0abe \u0aa1\u0ac1\u0a82\u0a97\u0ab0\u0acb \u0a95\u0ab0\u0aa4\u0abe\u0a82 \u0a8a\u0a9a\u0acb \u0a95\u0ab0\u0ab5\u0abe\u0aae\u0abe\u0a82 \u0a86\u0ab5\u0ab6\u0ac7."},{"Verseid":"32003001","Verse":"\u0a98\u0aa3\u0abe\u0a82 \u0a9c\u0ac1\u0aa6\u0abe \u0a9c\u0ac1\u0aa6\u0abe \u0aa6\u0ac7\u0ab6\u0aa8\u0abe \u0ab2\u0acb\u0a95\u0acb \u0aa4\u0acd\u0aaf\u0abe\u0a82 \u0a9a\u0abe\u0ab2\u0acd\u0aaf\u0abe\u0a82 \u0a86\u0ab5\u0ab6\u0ac7 \u0a85\u0aa8\u0ac7 \u0a95\u0ab9\u0ac7\u0ab6\u0ac7 \u0a95\u0ac7, \u201c\u0a9a\u0abe\u0ab2\u0acb \u0a86\u0aaa\u0aa3\u0ac7 \u0aaf\u0ab9\u0acb\u0ab5\u0abe\u0aa8\u0abe \u0aaa\u0ab0\u0acd\u0ab5\u0aa4 \u0a89\u0aaa\u0ab0, \u0aaf\u0abe\u0a95\u0ac2\u0aac\u0aa8\u0abe \u0ab5\u0a82\u0ab6\u0aa8\u0abe \u0aa6\u0ac7\u0ab5\u0aa8\u0abe\u0aae\u0a82\u0aa6\u0abf\u0ab0\u0ac7 \u0a9c\u0a87\u0a8f; \u0a9c\u0ac7 \u0a86\u0aaa\u0aa3\u0aa8\u0ac7 \u0aa4\u0ac7\u0aa8\u0abe \u0aaa\u0acb\u0aa4\u0abe\u0aa8\u0abe \u0a9c\u0ac0\u0ab5\u0aa8\u0aae\u0abe\u0ab0\u0acd\u0a97 \u0ab5\u0abf\u0ab7\u0ac7 \u0ab6\u0ac0\u0a96\u0ab5\u0ab6\u0ac7 \u0a85\u0aa8\u0ac7 \u0aaa\u0a9b\u0ac0 \u0a86\u0aaa\u0aa3\u0ac7 \u0aa4\u0ac7\u0aa8\u0abe \u0aae\u0abe\u0a97\u0ac7\u0ab0\u0acd \u0a9a\u0abe\u0ab2\u0ac0\u0ab6\u0ac1\u0a82.\u201d \u0a95\u0abe\u0ab0\u0aa3\u0a95\u0ac7 \u0aa8\u0abf\u0aaf\u0aae\u0ab6\u0abe\u0ab8\u0acd\u0aa4\u0acd\u0ab0 \u0ab8\u0abf\u0aaf\u0acb\u0aa8\u0aae\u0abe\u0a82\u0aa5\u0ac0 \u0aac\u0ab9\u0abe\u0ab0 \u0aaa\u0aa1\u0ab6\u0ac7 \u0a85\u0aa8\u0ac7 \u0aaf\u0ab9\u0acb\u0ab5\u0abe\u0aa8\u0abe\u0a82 \u0ab5\u0a9a\u0aa8 \u0aaf\u0ab0\u0ac2\u0ab6\u0abe\u0ab2\u0ac7\u0aae \u0aa4\u0ab0\u0aab\u0aa5\u0ac0 \u0aaa\u0acd\u0ab0\u0a97\u0a9f \u0aa5\u0aa8\u0abe\u0ab0 \u0a9b\u0ac7."},{"Verseid":"32003002","Verse":"\u0aa4\u0ac7 \u0a98\u0aa3\u0abe \u0ab2\u0acb\u0a95\u0acb\u0aa8\u0ac7 \u0aa8\u0acd\u0aaf\u0abe\u0aaf \u0a95\u0ab0\u0ab6\u0ac7, \u0aa6\u0ac2\u0ab0\u0aa8\u0abe \u0aac\u0ab3\u0ab5\u0abe\u0aa8 \u0ab2\u0acb\u0a95\u0acb \u0aae\u0abe\u0a9f\u0ac7 \u0aa8\u0abf\u0ab0\u0acd\u0aa3\u0aaf\u0acb \u0a95\u0ab0\u0ab6\u0ac7; \u0aa4\u0acd\u0aaf\u0abe\u0ab0\u0ac7 \u0ab2\u0acb\u0a95\u0acb \u0aaa\u0acb\u0aa4\u0abe\u0aa8\u0ac0 \u0aa4\u0ab0\u0ab5\u0abe\u0ab0\u0acb \u0a9f\u0ac0\u0aaa\u0ac0\u0aa8\u0ac7 \u0ab9\u0ab3\u0aa8\u0ac0 \u0a95\u0acb\u0ab6\u0acb \u0aac\u0aa8\u0abe\u0ab5\u0ab6\u0ac7; \u0a85\u0aa8\u0ac7 \u0aad\u0abe\u0ab2\u0abe\u0a93\u0aa8\u0abe\u0a82 \u0aa6\u0abe\u0a82\u0aa4\u0ab0\u0aa1\u0abe \u0aac\u0aa8\u0abe\u0ab5\u0ab6\u0ac7. \u0aaa\u0acd\u0ab0\u0a9c\u0abe\u0a93 \u0a8f\u0a95\u0aac\u0ac0\u0a9c\u0abe \u0ab8\u0abe\u0aae\u0ac7 \u0aa4\u0ab0\u0ab5\u0abe\u0ab0 \u0a89\u0a97\u0abe\u0aae\u0ab6\u0ac7 \u0aa8\u0ab9\u0abf \u0a95\u0ac7 \u0aab\u0ab0\u0ac0\u0aa5\u0ac0 \u0a95\u0aa6\u0ac0 \u0aaf\u0ac1\u0aa6\u0acd\u0aa7\u0aa8\u0ac1\u0a82 \u0aaa\u0acd\u0ab0\u0ab6\u0abf\u0a95\u0acd\u0ab7\u0aa3 \u0ab2\u0ac7\u0ab6\u0ac7 \u0aa8\u0ab9\u0abf."},{"Verseid":"32003003","Verse":"\u0aaa\u0aa3 \u0aaa\u0acd\u0ab0\u0aa4\u0acd\u0aaf\u0ac7\u0a95 \u0aae\u0aa8\u0ac1\u0ab7\u0acd\u0aaf \u0aaa\u0acb\u0aa4\u0aaa\u0acb\u0aa4\u0abe\u0aa8\u0abe \u0aa6\u0acd\u0ab0\u0abe\u0a95\u0acd\u0ab7\u0abe\u0ab5\u0ac7\u0ab2\u0abe \u0aa8\u0ac0\u0a9a\u0ac7 \u0aa4\u0aa5\u0abe \u0aaa\u0acb\u0aa4\u0aaa\u0acb\u0aa4\u0abe\u0aa8\u0ac0 \u0a85\u0a82\u0a9c\u0ac0\u0ab0\u0ac0 \u0aa8\u0ac0\u0a9a\u0ac7 \u0aac\u0ac7\u0ab8\u0ab6\u0ac7; \u0a85\u0aa8\u0ac7 \u0aa4\u0ac7\u0aae\u0aa8\u0ac7 \u0a95\u0acb\u0a87\u0aa8\u0acb \u0aad\u0aaf \u0ab0\u0ab9\u0ac7\u0ab6\u0ac7 \u0aa8\u0ab9\u0abf, \u0a95\u0abe\u0ab0\u0aa3 \u0a95\u0ac7 \u0a86 \u0ab8\u0ac8\u0aa8\u0acd\u0aaf\u0acb\u0aa8\u0acb \u0aa6\u0ac7\u0ab5 \u0aaf\u0ab9\u0acb\u0ab5\u0abe\u0aa8\u0abe \u0aae\u0ac1\u0a96\u0aa8\u0abe \u0ab5\u0a9a\u0aa8 \u0a9b\u0ac7."},{"Verseid":"32003004","Verse":"\u0aaa\u0acd\u0ab0\u0aa4\u0acd\u0aaf\u0ac7\u0a95 \u0aaa\u0acd\u0ab0\u0a9c\u0abe\u0a93 \u0aaa\u0acb\u0aa4\u0aaa\u0acb\u0aa4\u0abe\u0aa8\u0abe \u0aa6\u0ac7\u0ab5\u0aa8\u0abe \u0aa8\u0abe\u0aae \u0aaa\u0ab0 \u0ab6\u0acd\u0ab0\u0aa6\u0acd\u0aa7\u0abe \u0ab0\u0abe\u0a96\u0ac0\u0aa8\u0ac7 \u0a9a\u0abe\u0ab2\u0ac7 \u0a9b\u0ac7, \u0a85\u0aa8\u0ac7 \u0a85\u0aae\u0ac7 \u0aaa\u0aa3 \u0ab8\u0ab0\u0acd\u0ab5\u0a95\u0abe\u0ab3 \u0ab9\u0a82\u0aae\u0ac7\u0ab6\u0abe, \u0a85\u0aae\u0abe\u0ab0\u0abe \u0ab8\u0ac8\u0aa8\u0acd\u0aaf\u0acb\u0aa8\u0acb \u0aa6\u0ac7\u0ab5 \u0aaf\u0ab9\u0acb\u0ab5\u0abe \u0aa6\u0ac7\u0ab5\u0aa8\u0abe \u0aa8\u0abe\u0aae \u0aaa\u0ab0 \u0ab6\u0acd\u0ab0\u0aa6\u0acd\u0aa7\u0abe \u0ab0\u0abe\u0a96\u0ac0\u0aa8\u0ac7 \u0a9a\u0abe\u0ab2\u0ac0\u0ab6\u0ac1\u0a82."},{"Verseid":"32003005","Verse":"\u0aaf\u0ab9\u0acb\u0ab5\u0abe \u0a95\u0ab9\u0ac7 \u0a9b\u0ac7 \u0a95\u0ac7, \u201c\u0aa4\u0ac7 \u0aa6\u0abf\u0ab5\u0ab8\u0ac7 \u0a9c\u0ac7\u0aae\u0aa8\u0ac7 \u0aae\u0ac7\u0a82 \u0ab9\u0abe\u0a82\u0a95\u0ac0 \u0a95\u0abe\u0aa2\u0ac0\u0aa8\u0ac7 \u0aa6\u0ac1:\u0a96\u0ac0 \u0a95\u0ab0\u0acd\u0aaf\u0abe \u0a9b\u0ac7, \u0a9c\u0ac7\u0a93 \u0a85\u0aaa\u0a82\u0a97 \u0aa5\u0a87 \u0a97\u0aaf\u0abe \u0a9b\u0ac7 \u0aa4\u0ac7 \u0aae\u0abe\u0ab0\u0abe \u0ab2\u0acb\u0a95\u0acb\u0aa8\u0ac7 \u0ab9\u0ac1\u0a82 \u0a8f\u0a95\u0aa4\u0acd\u0ab0 \u0a95\u0ab0\u0ac0\u0ab6."},{"Verseid":"32003006","Verse":"\u0ab9\u0ac1\u0a82 \u0a85\u0aaa\u0a82\u0a97\u0acb\u0aa8\u0ac7 \u0a85\u0aa4\u0abf\u0a9c\u0ac0\u0ab5\u0ac0 \u0aac\u0aa8\u0abe\u0ab5\u0ac0\u0ab6 \u0a85\u0aa8\u0ac7 \u0aa6\u0ac2\u0ab0 \u0ab9\u0abe\u0a82\u0a95\u0ac0 \u0a95\u0aa2\u0abe\u0aaf\u0ac7\u0ab2\u0abe\u0a93\u0aae\u0abe\u0a82\u0aa5\u0ac0 \u0a8f\u0a95 \u0ab6\u0a95\u0abf\u0aa4\u0ab6\u0abe\u0ab3\u0ac0 \u0ab0\u0abe\u0ab7\u0acd\u0a9f \u0aac\u0aa8\u0abe\u0ab5\u0ac0\u0ab6 \u0a85\u0aa8\u0ac7 \u0aaf\u0ab9\u0acb\u0ab5\u0abe \u0ab8\u0aa6\u0abe\u0a95\u0abe\u0ab3\u0aa8\u0ac7 \u0aae\u0abe\u0a9f\u0ac7 \u0ab8\u0abf\u0aaf\u0acb\u0aa8\u0aa8\u0abe \u0aaa\u0ab0\u0acd\u0ab5\u0aa4 \u0a89\u0aaa\u0ab0\u0aa5\u0ac0 \u0aa4\u0ac7\u0aae\u0aa8\u0abe \u0a89\u0aaa\u0ab0 \u0ab8\u0ab0\u0acd\u0ab5\u0a95\u0abe\u0ab3 \u0ab8\u0ac1\u0aa7\u0ac0 \u0ab0\u0abe\u0a9c\u0acd\u0aaf \u0a95\u0ab0\u0ab6\u0ac7."},{"Verseid":"32003007","Verse":"\u0a85\u0aa8\u0ac7 \u0aa4\u0aae\u0ac7, \u0a9f\u0acb\u0ab3\u0abe\u0a82\u0aa8\u0abe \u0aac\u0ac2\u0ab0\u0a9c\u0acb, \u0ab8\u0abf\u0aaf\u0acb\u0aa8\u0aa8\u0ac0 \u0aaa\u0ac1\u0aa4\u0acd\u0ab0\u0ac0\u0aa8\u0abe \u0ab6\u0abf\u0a96\u0ab0, \u0aa4\u0aae\u0ac7 \u0aa4\u0aae\u0abe\u0ab0\u0ac0 \u0ab6\u0a95\u0abf\u0aa4 \u0aaa\u0abe\u0a9b\u0ac0 \u0aae\u0ac7\u0ab3\u0ab5\u0ab6\u0acb \u0a85\u0aa8\u0ac7 \u0a85\u0a97\u0abe\u0a89\u0aa8\u0ac1\u0a82 \u0ab0\u0abe\u0a9c\u0acd\u0aaf \u0aaf\u0ab0\u0ac2\u0ab6\u0abe\u0ab2\u0ac7\u0aae\u0aa8\u0ac0 \u0aaa\u0ac1\u0aa4\u0acd\u0ab0\u0ac0 \u0aaa\u0abe\u0ab8\u0ac7 \u0aaa\u0abe\u0a9b\u0ac1\u0a82 \u0aab\u0ab0\u0ab6\u0ac7.\u201d"},{"Verseid":"32003008","Verse":"\u0ab9\u0ab5\u0ac7 \u0aa4\u0ac1\u0a82 \u0ab6\u0abe \u0aae\u0abe\u0a9f\u0ac7 \u0aae\u0acb\u0a9f\u0ac7\u0aa5\u0ac0 \u0aac\u0ac2\u0aae\u0acb \u0aaa\u0abe\u0aa1\u0ac7 \u0a9b\u0ac7? \u0aa4\u0abe\u0ab0\u0ac7 \u0aa4\u0acd\u0aaf\u0abe\u0a82 \u0ab0\u0abe\u0a9c\u0abe \u0aa8\u0aa5\u0ac0? \u0aa4\u0abe\u0ab0\u0abe \u0ab8\u0ab2\u0abe\u0ab9\u0a95\u0abe\u0ab0\u0acb \u0aa8\u0abe\u0ab6 \u0aaa\u0abe\u0aae\u0acd\u0aaf\u0abe \u0a9b\u0ac7 \u0a95\u0ac7, \u0aa4\u0ac1\u0a82 \u0a86\u0aae \u0aaa\u0acd\u0ab0\u0ab8\u0ac1\u0aa4\u0abe\u0aa8\u0ac0 \u0a9c\u0ac7\u0aae \u0aaa\u0ac0\u0aa1\u0abe\u0aaf \u0a9b\u0ac7, \u0ab9\u0ac7 \u0aaf\u0ab0\u0ac2\u0ab6\u0abe\u0ab2\u0ac7\u0aae?"},{"Verseid":"32003009","Verse":"\u0ab9\u0ac7 \u0ab8\u0abf\u0aaf\u0acb\u0aa8\u0aa8\u0ac0 \u0aaa\u0ac1\u0aa4\u0acd\u0ab0\u0ac0, \u0aaa\u0acd\u0ab0\u0ab8\u0ac2\u0aa4\u0abf\u0aa5\u0ac0 \u0aaa\u0ac0\u0aa1\u0abe\u0aa4\u0ac0 \u0ab8\u0acd\u0aa4\u0acd\u0ab0\u0ac0\u0aa8\u0ac0 \u0a9c\u0ac7\u0aae \u0aa4\u0ac1\u0a82 \u0aa4\u0ab0\u0aab\u0aa1\u0a9c\u0ac7 \u0a85\u0aa8\u0ac7 \u0a9a\u0ac0\u0ab8\u0acb \u0aaa\u0abe\u0aa1\u0a9c\u0ac7; \u0a95\u0abe\u0ab0\u0aa3\u0a95\u0ac7 \u0ab9\u0ab5\u0ac7 \u0aa4\u0ac1\u0a82 \u0aaf\u0ab0\u0ac2\u0ab6\u0abe\u0ab2\u0ac7\u0aae\u0aae\u0abe\u0a82\u0aa5\u0ac0 \u0aa6\u0ac2\u0ab0 \u0aa5\u0a87 \u0a9c\u0ab6\u0ac7, \u0aa8\u0ac7 \u0ab8\u0ac0\u0aae\u0aae\u0abe\u0a82 \u0ab0\u0ab9\u0ac7\u0ab6\u0ac7, \u0aa8\u0ac7 \u0aac\u0abe\u0aac\u0abf\u0ab2\u0aae\u0abe\u0a82 \u0aaa\u0aa3 \u0a9c\u0ab6\u0ac7; \u0aa4\u0acd\u0aaf\u0abe\u0a82 \u0aa4\u0aa8\u0ac7 \u0a9b\u0acb\u0aa1\u0abe\u0ab5\u0ab5\u0abe\u0aae\u0abe\u0a82 \u0a86\u0ab5\u0ab6\u0ac7; \u0aa4\u0acd\u0aaf\u0abe\u0a82 \u0aaf\u0ab9\u0acb\u0ab5\u0abe \u0aa4\u0aa8\u0ac7 \u0aa4\u0abe\u0ab0\u0abe \u0ab6\u0aa4\u0acd\u0ab0\u0ac1\u0a93\u0aa8\u0abe \u0ab9\u0abe\u0aa5\u0aae\u0abe\u0a82\u0aa5\u0ac0 \u0a9b\u0acb\u0aa1\u0abe\u0ab5\u0ab6\u0ac7."},{"Verseid":"32003010","Verse":"\u0ab9\u0ab5\u0ac7 \u0a98\u0aa3\u0ac0 \u0aaa\u0acd\u0ab0\u0a9c\u0abe\u0a93 \u0aa4\u0abe\u0ab0\u0ac0 \u0ab8\u0abe\u0aae\u0ac7 \u0aad\u0ac7\u0a97\u0ac0 \u0aa5\u0a87 \u0a9b\u0ac7 \u0a85\u0aa8\u0ac7 \u0a95\u0ab9\u0ac7 \u0a9b\u0ac7 \u0a95\u0ac7, \u201c\u0aad\u0ab2\u0ac7 \u0aa4\u0ac7\u0aa3\u0ac0 \u0ab7\u0acd\u0a9f \u0aa5\u0abe\u0aaf \u0a9c\u0ac7\u0aa5\u0ac0 \u0a86\u0aaa\u0aa3\u0ac0 \u0a86\u0a82\u0a96\u0acb \u0ab8\u0abf\u0aaf\u0acb\u0aa8\u0aa8\u0ac7 \u0a9c\u0acb\u0a87 \u0ab6\u0a95\u0ac7.\u201d"},{"Verseid":"32003011","Verse":"\u0aaa\u0ab0\u0a82\u0aa4\u0ac1 \u0aa4\u0ac7\u0a93 \u0aaf\u0ab9\u0acb\u0ab5\u0abe\u0aa8\u0abe \u0ab5\u0abf\u0a9a\u0abe\u0ab0\u0acb\u0aa8\u0ac7 \u0a9c\u0abe\u0aa3\u0aa4\u0abe \u0aa8\u0aa5\u0ac0. \u0aa4\u0ac7\u0a93 \u0aaf\u0ab9\u0acb\u0ab5\u0abe\u0aa8\u0ac0 \u0aaf\u0acb\u0a9c\u0aa8\u0abe \u0ab8\u0aae\u0a9c\u0aa4\u0abe \u0aa8\u0aa5\u0ac0, \u0aa4\u0ac7\u0aa3\u0ac7 \u0aa4\u0ac7\u0aae\u0aa8\u0ac7 \u0a85\u0aa8\u0abe\u0a9c\u0aa8\u0ac0 \u0a9c\u0ac7\u0aae \u0aad\u0ac7\u0a97\u0abe \u0a95\u0ab0\u0acd\u0aaf\u0abe \u0a9b\u0ac7 \u0a85\u0aa8\u0ac7 \u0aa4\u0ac7\u0aae\u0aa8\u0ac7 \u0a9d\u0ac2\u0aa1\u0ab5\u0abe \u0aae\u0abe\u0a9f\u0ac7\u0aa8\u0ac0 \u0a9c\u0aae\u0ac0\u0aa8 \u0aaa\u0ab0 \u0ab2\u0abe\u0ab5\u0ac0\u0aa8\u0ac7 \u0aae\u0ac2\u0a95\u0acd\u0aaf\u0abe \u0a9b\u0ac7."},{"Verseid":"32003012","Verse":"\u201c\u0ab9\u0ac7 \u0ab8\u0abf\u0aaf\u0acb\u0aa8\u0aa8\u0ac0 \u0aaa\u0ac1\u0aa4\u0acd\u0ab0\u0ac0, \u0a8a\u0aa0, \u0a85\u0aa8\u0ac7 \u0a96\u0ac2\u0a82\u0aa6\u0ab5\u0abe \u0aae\u0abe\u0a82\u0aa1! \u0ab9\u0ac1\u0a82 \u0aa4\u0abe\u0ab0\u0abe \u0ab6\u0abf\u0a82\u0a97\u0aa1\u0abe\u0a82 \u0ab2\u0acb\u0a96\u0a82\u0aa1\u0aa8\u0abe \u0a85\u0aa8\u0ac7 \u0a96\u0ab0\u0ac0\u0a93 \u0a95\u0abe\u0a82\u0ab8\u0abe\u0aa8\u0ac0 \u0aac\u0aa8\u0abe\u0ab5\u0ac0\u0ab6; \u0a85\u0aa8\u0ac7 \u0aa4\u0ac1\u0a82 \u0aa4\u0ac7\u0aa8\u0abe \u0ab5\u0aa1\u0ac7 \u0a98\u0aa3\u0ac0 \u0aaa\u0acd\u0ab0\u0a9c\u0abe\u0a93\u0aa8\u0ac7 \u0a95\u0a9a\u0aa1\u0ac0 \u0aa8\u0abe\u0a96\u0ac0\u0aa8\u0ac7 \u0a9a\u0ac2\u0ab0\u0ac7\u0a9a\u0ac2\u0ab0\u0abe \u0a95\u0ab0\u0ac0 \u0aa8\u0abe\u0a96\u0ac0\u0ab6; \u0a85\u0aa8\u0ac7 \u0aa4\u0ac7\u0aae\u0aa8\u0ac0 \u0aaa\u0abe\u0ab8\u0ac7\u0aa5\u0ac0 \u0ab2\u0ac2\u0a82\u0a9f\u0aae\u0abe\u0a82 \u0aae\u0ab3\u0ac7\u0ab2\u0ac0 \u0ab8\u0a82\u0aaa\u0aa4\u0acd\u0aa4\u0abf \u0ab8\u0aae\u0a97\u0acd\u0ab0 \u0aaa\u0ac3\u0aa5\u0acd\u0ab5\u0ac0\u0aa8\u0abe \u0aaf\u0ab9\u0acb\u0ab5\u0abe\u0aa8\u0ac7 \u0ab8\u0aae\u0ab0\u0acd\u0aaa\u0aa3 \u0a95\u0ab0\u0ac0\u0ab6.\u201d"}]},{"Verse":[{"Verseid":"32004000","Verse":"\u0ab9\u0ac7 \u0aaf\u0ab0\u0ac2\u0ab6\u0abe\u0ab2\u0ac7\u0aae, \u0aa4\u0abe\u0ab0\u0ac0 \u0ab8\u0ac8\u0aa8\u0abe \u0aad\u0ac7\u0a97\u0ac0 \u0a95\u0ab0, \u0aa6\u0ac1\u0ab6\u0acd\u0aae\u0aa8\u0acb\u0a8f \u0a86\u0aaa\u0aa3\u0aa8\u0ac7 \u0a98\u0ac7\u0ab0\u0acb \u0a98\u0abe\u0ab2\u0acd\u0aaf\u0acb \u0a9b\u0ac7; \u0aa4\u0ac7\u0a93 \u0a87\u0ab8\u0acd\u0ab0\u0abe\u0a8f\u0ab2\u0aa8\u0abe \u0aa8\u0acd\u0aaf\u0abe\u0aaf\u0abe\u0aa7\u0ac0\u0ab6\u0aa8\u0ac7 \u0a97\u0abe\u0ab2 \u0aaa\u0ab0 \u0ab8\u0acb\u0a9f\u0ac0 \u0ab5\u0aa1\u0ac7 \u0aae\u0abe\u0ab0\u0ab6\u0ac7."},{"Verseid":"32004001","Verse":"\u0ab9\u0ac7 \u0aac\u0ac7\u0aa5\u0ab2\u0ac7\u0ab9\u0ac7\u0aae \u0a8f\u0aab\u0acd\u0ab0\u0abe\u0aa5\u0abe\u0ab9, \u0aa4\u0ac1\u0a82 \u0aaf\u0ab9\u0ac2\u0aa6\u0abf\u0aaf\u0abe\u0aa8\u0ac1\u0a82 \u0ab8\u0acc\u0aa5\u0ac0 \u0aa8\u0abe\u0aa8\u0a95\u0aa1\u0ac1\u0a82 \u0a97\u0abe\u0aae\u0aa1\u0ac1\u0a82 \u0a9b\u0ac7, \u0aaa\u0aa3 \u0aae\u0aa8\u0ac7 \u0ab2\u0abe\u0a97\u0ac7 \u0a9b\u0ac7 \u0a95\u0ac7, \u201c\u0a87\u0ab8\u0acd\u0ab0\u0abe\u0a8f\u0ab2\u0aa8\u0acb \u0ab6\u0abe\u0ab8\u0a95 \u0aa4\u0abe\u0ab0\u0abe\u0aae\u0abe\u0a82\u0aa5\u0ac0 \u0a86\u0ab5\u0ab6\u0ac7, \u0a9c\u0ac7\u0aa8\u0abe \u0ab5\u0a82\u0ab6\u0aa8\u0abe \u0aae\u0ac2\u0ab3 \u0a96\u0ac2\u0aac \u0aaa\u0acd\u0ab0\u0abe\u0a9a\u0ac0\u0aa8 \u0a95\u0abe\u0ab3\u0aae\u0abe\u0a82 \u0a9b\u0ac7.\u201d"},{"Verseid":"32004002","Verse":"\u0aa4\u0ac7\u0aa5\u0ac0 \u0aaf\u0ab9\u0acb\u0ab5\u0abe \u0aaa\u0acb\u0aa4\u0abe\u0aa8\u0abe \u0ab2\u0acb\u0a95\u0acb\u0aa8\u0acb \u0aa4\u0acd\u0aaf\u0abe\u0a97 \u0a95\u0ab0\u0ab6\u0ac7, \u0aaa\u0aa3 \u0a97\u0ab0\u0acd\u0aad\u0ab5\u0aa4\u0ac0\u0aa8\u0ac7 \u0aaa\u0ac1\u0aa4\u0acd\u0ab0 \u0a85\u0ab5\u0aa4\u0ab0\u0ab6\u0ac7 \u0aa4\u0acd\u0aaf\u0abe\u0a82 \u0ab8\u0ac1\u0aa7\u0ac0 \u0a9c. \u0aa4\u0acd\u0aaf\u0abe\u0ab0\u0aac\u0abe\u0aa6 \u0aa4\u0acb \u0a8f \u0aaa\u0ac1\u0aa4\u0acd\u0ab0\u0aa8\u0abe \u0a9c\u0abe\u0aa4\u0aad\u0abe\u0a87\u0a93\u0aae\u0abe\u0a82\u0aa5\u0ac0 \u0aac\u0a9a\u0ab5\u0abe \u0aaa\u0abe\u0aae\u0ac7\u0ab2\u0abe\u0a93 \u0aa6\u0ac7\u0ab6\u0ab5\u0a9f\u0ac7\u0aa5\u0ac0 \u0aaa\u0abe\u0a9b\u0abe \u0a86\u0ab5\u0ac0 \u0aac\u0ac0\u0a9c\u0abe \u0a87\u0ab8\u0acd\u0ab0\u0abe\u0a8f\u0ab2\u0ac0\u0a93\u0aa8\u0ac0 \u0ab8\u0abe\u0aa5\u0ac7 \u0aad\u0ac7\u0a97\u0abe \u0aa5\u0ab6\u0ac7."},{"Verseid":"32004003","Verse":"\u0aa4\u0ac7 \u0aaf\u0ab9\u0acb\u0ab5\u0abe\u0aa8\u0abe \u0ab8\u0abe\u0ab0\u0acd\u0aae\u0aa5\u0acd\u0aaf\u0ab8\u0ab9\u0abf\u0aa4 \u0aa4\u0aa5\u0abe \u0aaa\u0acb\u0aa4\u0abe\u0aa8\u0abe \u0aa6\u0ac7\u0ab5 \u0aaf\u0ab9\u0acb\u0ab5\u0abe\u0aa8\u0abe \u0aa8\u0abe\u0aae\u0aa8\u0abe \u0aaa\u0acd\u0ab0\u0aa4\u0abe\u0aaa\u0ab8\u0ab9\u0abf\u0aa4 \u0a8a\u0aad\u0acb \u0ab0\u0ab9\u0ac0\u0aa8\u0ac7 \u0aaa\u0acb\u0aa4\u0abe\u0aa8\u0abe \u0ab2\u0acb\u0a95\u0acb\u0aa8\u0ac1\u0a82 \u0aaa\u0abe\u0ab2\u0aa8 \u0a95\u0ab0\u0ab6\u0ac7. \u0a85\u0aa8\u0ac7 \u0aa4\u0ac7\u0a93 \u0ab8\u0ac1\u0ab0\u0a95\u0acd\u0ab7\u0abe\u0aae\u0abe\u0a82 \u0ab0\u0ab9\u0ac7\u0ab6\u0ac7. \u0a85\u0aa8\u0ac7 \u0aa4\u0ac7 \u0ab5\u0a96\u0aa4\u0ac7 \u0aa4\u0acb \u0a86\u0a96\u0ac0 \u0aa6\u0ac1\u0aa8\u0abf\u0aaf\u0abe\u0aae\u0abe\u0a82 \u0aa4\u0ac7\u0aae\u0aa8\u0acb \u0aaa\u0acd\u0ab0\u0aad\u0abe\u0ab5 \u0aaa\u0aa1\u0aa4\u0acb \u0ab9\u0ab6\u0ac7, \u0a85\u0aa8\u0ac7 \u0aa4\u0ac7 \u0a9c \u0ab6\u0abe\u0a82\u0aa4\u0abf \u0aab\u0ac7\u0ab2\u0abe\u0ab5\u0ab6\u0ac7."},{"Verseid":"32004004","Verse":"\u0ab9\u0ab5\u0ac7 \u0aa4\u0acd\u0aaf\u0abe\u0a82 \u0ab6\u0abe\u0a82\u0aa4\u0abf \u0ab9\u0ab6\u0ac7, \u0a86\u0ab6\u0acd\u0ab6\u0ac2\u0ab0\u0ac0 \u0ab8\u0ac8\u0aa8\u0acd\u0aaf \u0a86\u0aaa\u0aa3\u0abe \u0ab5\u0aa4\u0aa8 \u0ab5\u0abf\u0ab0\u0ac1\u0aa6\u0acd\u0aa7 \u0a9a\u0aa2\u0ac0 \u0a86\u0ab5\u0ab6\u0ac7 \u0a85\u0aa8\u0ac7 \u0aa4\u0ac7 \u0a86\u0aaa\u0aa3\u0ac0 \u0a9c\u0aae\u0ac0\u0aa8 \u0a89\u0aaa\u0ab0 \u0a95\u0ac2\u0a9a \u0a95\u0ab0\u0ab6\u0ac7, \u0aa4\u0acd\u0aaf\u0abe\u0ab0\u0ac7 \u0a86\u0aaa\u0aa3\u0ac0 \u0a95\u0abe\u0ab3\u0a9c\u0ac0 \u0ab2\u0ac7\u0ab5\u0abe \u0aae\u0abe\u0a9f\u0ac7 \u0aa4\u0ac7 \u0ab8\u0abe\u0aa4 \u0aaa\u0abe\u0ab3\u0a95\u0acb\u0aa8\u0ac0 \u0a85\u0aa8\u0ac7 \u0a86\u0aaa\u0aa3\u0aa8\u0ac7 \u0aa6\u0acb\u0ab0\u0ab5\u0aa3\u0ac0 \u0a86\u0aaa\u0ab5\u0abe \u0aae\u0abe\u0a9f\u0ac7 \u0a86\u0aa0 \u0ab8\u0ab0\u0aa6\u0abe\u0ab0\u0acb\u0aa8\u0ac0 \u0aa8\u0abf\u0aae\u0aa3\u0ac2\u0a82\u0a95 \u0a95\u0ab0\u0ab6\u0ac7."},{"Verseid":"32004005","Verse":"\u0aa4\u0ac7\u0a93 \u0a86\u0ab6\u0acd\u0ab6\u0ac2\u0ab0\u0aa8\u0ac0 \u0aad\u0ac2\u0aae\u0abf \u0aaa\u0ab0 \u0aa4\u0ab0\u0ab5\u0abe\u0ab0\u0aa5\u0ac0 \u0a85\u0aa8\u0ac7 \u0aa8\u0abf\u0aae\u0acd\u0ab0\u0acb\u0aa6\u0aa8\u0ac0 \u0aad\u0ac2\u0aae\u0abf \u0a89\u0aaa\u0ab0 \u0a89\u0a98\u0abe\u0aa1\u0ac0 \u0aa4\u0ab0\u0ab5\u0abe\u0ab0\u0acb\u0aa5\u0ac0 \u0ab6\u0abe\u0ab8\u0aa8 \u0a95\u0ab0\u0ab6\u0ac7, \u0a85\u0aa8\u0ac7 \u0aa4\u0ac7 \u0a86\u0aaa\u0aa3\u0aa8\u0ac7 \u0a86\u0ab6\u0acd\u0ab6\u0ac2\u0ab0\u0aa5\u0ac0 \u0aac\u0a9a\u0abe\u0ab5\u0ab6\u0ac7 \u0a9c\u0ac7 \u0a86\u0aaa\u0aa3\u0ac0 \u0aad\u0ac2\u0aae\u0abf \u0aaa\u0ab0 \u0aaa\u0acd\u0ab0\u0ab5\u0ac7\u0ab6\u0acd\u0aaf\u0abe \u0a9b\u0ac7 \u0a85\u0aa8\u0ac7 \u0a9c\u0ac7\u0aa3\u0ac7 \u0a86\u0aaa\u0aa3\u0ac0 \u0ab8\u0ab0\u0ab9\u0aa6\u0acb\u0aa8\u0ac7 \u0a95\u0a9a\u0aa1\u0ac0 \u0aa8\u0abe\u0a96\u0ac0 \u0a9b\u0ac7."},{"Verseid":"32004006","Verse":"\u0a98\u0aa3\u0ac0 \u0aaa\u0acd\u0ab0\u0a9c\u0abe\u0a93\u0aae\u0abe\u0a82\u0aa5\u0ac0 \u0aaf\u0abe\u0a95\u0ac2\u0aac\u0aa8\u0abe \u0aac\u0a9a\u0ab5\u0abe \u0aaa\u0abe\u0aae\u0ac7\u0ab2\u0abe \u0ab5\u0a82\u0ab6\u0a9c\u0acb \u0a98\u0abe\u0ab8 \u0a89\u0aaa\u0ab0 \u0ab5\u0ab0\u0ab8\u0aa4\u0abe\u0a82 \u0a9d\u0abe\u0aaa\u0a9f\u0abe\u0a82 \u0a9c\u0ac7\u0ab5\u0abe \u0aac\u0aa8\u0ac0 \u0a9c\u0ab6\u0ac7, \u0a9c\u0ac7 \u0aae\u0abe\u0aa3\u0ab8 \u0a89\u0aaa\u0ab0 \u0a86\u0aa7\u0abe\u0ab0 \u0ab0\u0abe\u0a96\u0aa4\u0abe \u0aa8\u0aa5\u0ac0, \u0a95\u0ac7 \u0aa4\u0ac7\u0aa8\u0abe \u0aae\u0abe\u0a9f\u0ac7 \u0ab0\u0acb\u0a95\u0abe\u0aa4\u0abe \u0aa8\u0aa5\u0ac0."},{"Verseid":"32004007","Verse":"\u0aaf\u0abe\u0a95\u0ac2\u0aac\u0aa8\u0abe \u0aac\u0a9a\u0ac0 \u0a97\u0aaf\u0ac7\u0ab2\u0abe\u0a93 \u0a98\u0aa3\u0ac0 \u0aaa\u0acd\u0ab0\u0a9c\u0abe\u0a93\u0aae\u0abe\u0a82 \u0ab5\u0aa8\u0aa8\u0abe\u0a82 \u0aaa\u0ab6\u0ac1\u0a93\u0aae\u0abe\u0a82 \u0ab8\u0abf\u0a82\u0ab9\u0aa8\u0abe \u0a9c\u0ac7\u0ab5\u0abe, \u0aa4\u0aa5\u0abe \u0a98\u0ac7\u0a9f\u0abe\u0a82\u0aa8\u0abe\u0a81 \u0a9f\u0acb\u0ab3\u0abe\u0aae\u0abe\u0a82 \u0ab8\u0abf\u0a82\u0ab9\u0aa8\u0abe \u0aac\u0a9a\u0acd\u0a9a\u0abe \u0a9c\u0ac7\u0ab5\u0abe \u0aa5\u0ab6\u0ac7; \u0a95\u0ac7 \u0a9c\u0ac7 \u0aa4\u0ac7\u0a93\u0aae\u0abe\u0a82 \u0aa5\u0a87\u0aa8\u0ac7 \u0a9c\u0abe\u0aaf \u0aa4\u0acb \u0aa4\u0ac7\u0aae\u0aa8\u0ac7 \u0a95\u0a9a\u0ab0\u0ac0 \u0aa8\u0abe\u0a96\u0ac7 \u0a9b\u0ac7, \u0aa8\u0ac7 \u0aa4\u0ac7\u0aae\u0aa8\u0ac7 \u0aab\u0abe\u0aa1\u0ac0\u0aa8\u0ac7 \u0a9f\u0ac1\u0a95\u0aa1\u0abe \u0a95\u0ab0\u0ac7 \u0a9b\u0ac7, \u0aa8\u0ac7 \u0a9b\u0acb\u0aa1\u0abe\u0ab5\u0aa8\u0abe\u0ab0 \u0a95\u0acb\u0a87 \u0ab9\u0acb\u0aa4\u0ac1\u0a82 \u0aa8\u0aa5\u0ac0."},{"Verseid":"32004008","Verse":"\u0aa4\u0abe\u0ab0\u0abe \u0ab6\u0aa4\u0acd\u0ab0\u0ac1\u0a93 \u0aaa\u0ab0 \u0aa4\u0abe\u0ab0\u0acb \u0ab9\u0abe\u0aa5 \u0a89\u0a97\u0abe\u0aae\u0abe\u0ab6\u0ac7 \u0a85\u0aa8\u0ac7 \u0aa4\u0abe\u0ab0\u0abe \u0aac\u0aa7\u0abe \u0ab9\u0ab0\u0ac0\u0aab\u0acb \u0aa8\u0abe\u0ab6 \u0aaa\u0abe\u0aae\u0ab6\u0ac7."},{"Verseid":"32004009","Verse":"\u0ab5\u0ab3\u0ac0 \u0aaf\u0ab9\u0acb\u0ab5\u0abe \u0a95\u0ab9\u0ac7 \u0a9b\u0ac7 \u0a95\u0ac7, \u201c\u0aa4\u0ac7 \u0aa6\u0abf\u0ab5\u0ab8\u0ac7 \u0ab9\u0ac1\u0a82 \u0aa4\u0aae\u0abe\u0ab0\u0ac0 \u0ab5\u0a9a\u0acd\u0a9a\u0ac7\u0aa5\u0ac0 \u0aa4\u0aae\u0abe\u0ab0\u0abe \u0a98\u0acb\u0aa1\u0abe\u0a93\u0aa8\u0acb \u0ab5\u0aa7 \u0a95\u0ab0\u0ac0 \u0aa8\u0abe\u0a96\u0ac0\u0ab6 \u0a85\u0aa8\u0ac7 \u0aa4\u0aae\u0abe\u0ab0\u0abe \u0ab0\u0aa5\u0acb\u0aa8\u0acb \u0aa8\u0abe\u0ab6 \u0a95\u0ab0\u0ac0\u0ab6."},{"Verseid":"32004010","Verse":"\u0ab9\u0ac1\u0a82 \u0aa4\u0aae\u0abe\u0ab0\u0abe \u0aa6\u0ac7\u0ab6\u0aa8\u0abe\u0a81 \u0aa8\u0a97\u0ab0\u0acb\u0aa8\u0acb \u0aa8\u0abe\u0ab6 \u0a95\u0ab0\u0ac0\u0ab6, \u0aa8\u0ac7 \u0aa4\u0aae\u0abe\u0ab0\u0abe \u0ab8\u0ab0\u0acd\u0ab5 \u0a95\u0abf\u0ab2\u0acd\u0ab2\u0abe\u0a93 \u0aa4\u0acb\u0aa1\u0ac0 \u0aaa\u0abe\u0aa1\u0ac0\u0ab6;"},{"Verseid":"32004011","Verse":"\u0ab5\u0ab3\u0ac0 \u0ab9\u0ac1\u0a82 \u0aac\u0aa7\u0abe \u0a9c\u0abe\u0aa6\u0ac1\u0a97\u0ab0\u0acb\u0aa8\u0acb \u0aa8\u0abe\u0ab6 \u0a95\u0ab0\u0ac0\u0ab6 \u0a85\u0aa8\u0ac7 \u0aac\u0aa7\u0abe \u0aad\u0ab5\u0abf\u0ab7\u0acd\u0aaf\u0ab5\u0ac7\u0aa4\u0acd\u0aa4\u0abe\u0a93\u0aa8\u0ac7 \u0ab9\u0abe\u0a82\u0a95\u0ac0 \u0a95\u0abe\u0aa2\u0ac0\u0ab6."},{"Verseid":"32004012","Verse":"\u0ab9\u0ac1\u0a82 \u0aa4\u0aae\u0abe\u0ab0\u0ac0 \u0ab8\u0ab0\u0acd\u0ab5 \u0aae\u0ac2\u0ab0\u0acd\u0aa4\u0abf\u0a93 \u0a85\u0aa8\u0ac7 \u0ab8\u0acd\u0aa4\u0ac1\u0aa4\u0abf\u0ab8\u0acd\u0aa4\u0a82\u0aad\u0acb \u0a9c\u0ac7\u0aa8\u0ac0 \u0aa4\u0aae\u0ac7 \u0a89\u0aaa\u0abe\u0ab8\u0aa8\u0abe \u0a95\u0ab0\u0acb \u0a9b\u0acb \u0aa4\u0ac7\u0aa8\u0acb \u0aa8\u0abe\u0ab6 \u0a95\u0ab0\u0ac0\u0ab6. \u0aa4\u0aae\u0abe\u0ab0\u0abe \u0ab9\u0abe\u0aa5\u0acb\u0a8f \u0a9c\u0ac7 \u0aac\u0aa8\u0abe\u0ab5\u0acd\u0aaf\u0ac1\u0a82 \u0a9b\u0ac7 \u0aa4\u0ac7\u0aa8\u0ac0 \u0aa4\u0aae\u0ac7 \u0aab\u0ab0\u0ac0\u0aa5\u0ac0 \u0aad\u0a95\u0abf\u0aa4 \u0a95\u0ab0\u0ab6\u0acb \u0aa8\u0ab9\u0abf,"},{"Verseid":"32004013","Verse":"\u0aa4\u0aae\u0abe\u0ab0\u0abe \u0aa6\u0ac7\u0ab6\u0aae\u0abe\u0a82\u0aa5\u0ac0 \u0ab9\u0ac1\u0a82 \u0a85\u0ab6\u0ac7\u0ab0\u0abe\u0aa6\u0ac7\u0ab5\u0ac0\u0aa8\u0ac0 \u0aaa\u0acd\u0ab0\u0aa4\u0abf\u0aae\u0abe\u0a93\u0aa8\u0ac7 \u0a89\u0a96\u0ac7\u0aa1\u0ac0 \u0aa8\u0abe\u0a96\u0ac0\u0ab6; \u0a85\u0aa8\u0ac7 \u0aa4\u0aae\u0abe\u0ab0\u0ac0 \u0aae\u0ac2\u0ab0\u0acd\u0aa4\u0abf\u0a93\u0aa8\u0acb \u0aa8\u0abe\u0ab6 \u0a95\u0ab0\u0ac0\u0ab6."},{"Verseid":"32004014","Verse":"\u0a85\u0aa8\u0ac7 \u0aae\u0abe\u0ab0\u0ac0 \u0a86\u0a9c\u0acd\u0a9e\u0abe\u0a93\u0aa8\u0ac1\u0a82 \u0aaa\u0abe\u0ab2\u0aa8 \u0aa8 \u0a95\u0ab0\u0aa8\u0abe\u0ab0 \u0aaa\u0acd\u0ab0\u0a9c\u0abe\u0a93 \u0a89\u0aaa\u0ab0 \u0ab9\u0ac1\u0a82 \u0ab0\u0acb\u0ab7\u0ac7 \u0aad\u0ab0\u0abe\u0a87\u0aa8\u0ac7 \u0ab5\u0ac8\u0ab0 \u0ab5\u0abe\u0ab3\u0ac0\u0ab6.\u201d"}]},{"Verse":[{"Verseid":"32005000","Verse":"\u0ab9\u0ab5\u0ac7 \u0aaf\u0ab9\u0acb\u0ab5\u0abe \u0ab6\u0ac1\u0a82 \u0a95\u0ab9\u0ac7 \u0a9b\u0ac7 \u0aa4\u0ac7 \u0aa4\u0aae\u0ac7 \u0ab8\u0abe\u0a82\u0aad\u0ab3\u0acb: \u201c\u0a8a\u0aa0, \u0a8a\u0aad\u0acb \u0aa5\u0abe, \u0a85\u0aa8\u0ac7 \u0aa1\u0ac1\u0a82\u0a97\u0ab0\u0acb \u0a85\u0aa8\u0ac7 \u0aaa\u0ab0\u0acd\u0ab5\u0aa4\u0acb\u0aa8\u0ac7 \u0aab\u0ab0\u0abf\u0aaf\u0abe\u0aa6 \u0ab8\u0abe\u0a82\u0aad\u0ab3\u0ab5\u0abe \u0aae\u0abe\u0a9f\u0ac7 \u0aac\u0acb\u0ab2\u0abe\u0ab5.\u201d"},{"Verseid":"32005001","Verse":"\u0ab9\u0ac7 \u0aaa\u0ab0\u0acd\u0ab5\u0aa4\u0acb \u0aa4\u0aa5\u0abe \u0aaa\u0ac3\u0aa5\u0acd\u0ab5\u0ac0\u0aa8\u0abe \u0a85\u0a9a\u0ab2 \u0aaa\u0abe\u0aaf\u0abe\u0a93, \u0aa4\u0aae\u0ac7 \u0aaf\u0ab9\u0acb\u0ab5\u0abe\u0aa8\u0ac0 \u0aab\u0ab0\u0abf\u0aaf\u0abe\u0aa6 \u0ab8\u0abe\u0a82\u0aad\u0ab3\u0acb, \u0a95\u0abe\u0ab0\u0aa3\u0a95\u0ac7 \u0aa4\u0ac7\u0aae\u0aa8\u0ac0 \u0aab\u0ab0\u0abf\u0aaf\u0abe\u0aa6 \u0aaa\u0acb\u0aa4\u0abe\u0aa8\u0abe \u0a87\u0ab8\u0acd\u0ab0\u0abe\u0a8f\u0ab2\u0ac0 \u0ab2\u0acb\u0a95\u0acb \u0ab5\u0abf\u0ab0\u0ac1\u0aa6\u0acd\u0aa7 \u0a9b\u0ac7, \u0aa4\u0ac7 \u0aa4\u0ac7\u0a93\u0aa8\u0ac0 \u0ab8\u0abe\u0aae\u0ac7 \u0a95\u0abe\u0aaf\u0aa6\u0ac7\u0ab8\u0ab0\u0aa8\u0abe \u0aaa\u0a97\u0ab2\u0abe\u0a82 \u0aad\u0ab0\u0ab6\u0ac7."},{"Verseid":"32005002","Verse":"\u0aaf\u0ab9\u0acb\u0ab5\u0abe \u0a95\u0ab9\u0ac7 \u0a9b\u0ac7, \u201c\u0ab9\u0ac7 \u0aae\u0abe\u0ab0\u0ac0 \u0aaa\u0acd\u0ab0\u0a9c\u0abe, \u0aae\u0ac7\u0a82 \u0aa4\u0aae\u0aa8\u0ac7 \u0ab6\u0ac1\u0a82 \u0a95\u0ab0\u0acd\u0aaf\u0ac1 \u0a9b\u0ac7? \u0aa4\u0aae\u0aa8\u0ac7 \u0a95\u0a87 \u0ab0\u0ac0\u0aa4\u0ac7 \u0aa6\u0ac1;\u0a96 \u0a86\u0aaa\u0acd\u0aaf\u0ac1\u0a82 \u0a9b\u0ac7? \u0a8f\u0aa8\u0acb \u0aae\u0aa8\u0ac7 \u0a9c\u0ab5\u0abe\u0aac \u0a86\u0aaa\u0acb."},{"Verseid":"32005003","Verse":"\u0ab9\u0ac1\u0a82 \u0aa4\u0aae\u0aa8\u0ac7 \u0aae\u0abf\u0ab8\u0ab0\u0aae\u0abe\u0a82\u0aa5\u0ac0 \u0aac\u0ab9\u0abe\u0ab0 \u0ab2\u0a87 \u0a86\u0ab5\u0acd\u0aaf\u0acb, \u0aae\u0ac7\u0a82 \u0aa4\u0aae\u0aa8\u0ac7 \u0a97\u0ac1\u0ab2\u0abe\u0aae\u0ac0\u0aae\u0abe\u0a82\u0aa5\u0ac0 \u0aae\u0ac1\u0a95\u0aa4 \u0a95\u0ab0\u0acd\u0aaf\u0abe \u0a85\u0aa8\u0ac7 \u0aa4\u0aae\u0aa8\u0ac7 \u0aa6\u0acb\u0ab0\u0ab5\u0aa3\u0ac0 \u0a86\u0aaa\u0ab5\u0abe \u0aae\u0abe\u0a9f\u0ac7 \u0aae\u0ac7\u0a82 \u0aae\u0ac2\u0ab8\u0abe\u0aa8\u0ac7, \u0ab9\u0abe\u0ab0\u0ac1\u0aa8\u0aa8\u0ac7 \u0a85\u0aa8\u0ac7 \u0aae\u0ab0\u0abf\u0aaf\u0aae\u0aa8\u0ac7 \u0aae\u0acb\u0a95\u0ab2\u0acd\u0aaf\u0abe\u0a82 \u0ab9\u0aa4\u0abe\u0a82."},{"Verseid":"32005004","Verse":"\u0ab9\u0ac7 \u0aae\u0abe\u0ab0\u0abe \u0ab2\u0acb\u0a95\u0acb, \u0aaf\u0abe\u0aa6 \u0ab0\u0abe\u0a96\u0a9c\u0acb \u0a95\u0ac7 \u0aae\u0acb\u0a86\u0aac\u0aa8\u0abe \u0ab0\u0abe\u0a9c\u0abe \u0aac\u0abe\u0ab2\u0abe\u0a95\u0ac7 \u0a95\u0ac7\u0ab5\u0ac0 \u0ab0\u0ac0\u0aa4\u0ac7 \u0a85\u0aa8\u0abf\u0ab7\u0acd\u0a9f \u0aaf\u0acb\u0a9c\u0aa8\u0abe \u0a95\u0ab0\u0ac0 \u0ab9\u0aa4\u0ac0, \u0a85\u0aa8\u0ac7 \u0aac\u0aaf\u0acb\u0ab0\u0aa8\u0abe \u0aaa\u0ac1\u0aa4\u0acd\u0ab0 \u0aac\u0ab2\u0abe\u0aae\u0ac7 \u0aa4\u0ac7\u0aa8\u0acb \u0a95\u0ac7\u0ab5\u0ac0 \u0ab0\u0ac0\u0aa4\u0ac7 \u0a89\u0aa4\u0acd\u0aa4\u0ab0 \u0a86\u0aaa\u0acd\u0aaf\u0acb \u0ab9\u0aa4\u0acb? \u0aaf\u0abe\u0aa6 \u0ab0\u0abe\u0a96\u0a9c\u0acb \u0a95\u0ac7 \u0ab6\u0abf\u0a9f\u0acd\u0a9f\u0ac0\u0aae\u0aa5\u0ac0 \u0a97\u0abf\u0ab2\u0acd\u0a97\u0abe\u0ab2\u0aa8\u0ac7 \u0ab6\u0ac1\u0a82 \u0aac\u0aa8\u0acd\u0aaf\u0ac1\u0a82 \u0ab9\u0aa4\u0ac1\u0a82, \u0a9c\u0ac7\u0aa5\u0ac0 \u0aa4\u0aae\u0ac7 \u0aaf\u0ab9\u0acb\u0ab5\u0abe\u0aa8\u0abe \u0aa8\u0acd\u0aaf\u0abe\u0aaf\u0ac0 \u0a95\u0abe\u0ab0\u0acd\u0aaf\u0acb\u0aa8\u0ac7 \u0ab8\u0aae\u0a9c\u0ac0 \u0ab6\u0a95\u0ab6\u0acb.\u201d"},{"Verseid":"32005005","Verse":"\u0ab9\u0ac1\u0a82 \u0a9c\u0acd\u0aaf\u0abe\u0ab0\u0ac7 \u0aaa\u0ab0\u0abe\u0aa4\u0acd\u0aaa\u0ab0 \u0aa6\u0ac7\u0ab5\u0aa8\u0ac0 \u0a89\u0aaa\u0abe\u0ab8\u0aa8\u0abe \u0a95\u0ab0\u0ab5\u0abe \u0a86\u0ab5\u0ac1\u0a82 \u0aa4\u0acd\u0aaf\u0abe\u0ab0\u0ac7 \u0ab8\u0abe\u0aa5\u0ac7 \u0ab6\u0ac1\u0a82 \u0ab2\u0ac7\u0aa4\u0acb \u0a86\u0ab5\u0ac1\u0a82? \u0a8f\u0a95 \u0ab5\u0ab0\u0acd\u0ab7\u0aa8\u0abe \u0ab5\u0abe\u0a9b\u0ab0\u0aa1\u0abe\u0a93\u0aa8\u0abe\u0a82 \u0a85\u0ab0\u0acd\u0aaa\u0aa3 \u0ab8\u0abe\u0aa5\u0ac7 \u0ab6\u0ac1\u0a82 \u0a85\u0aae\u0ac7 \u0aaf\u0ab9\u0acb\u0ab5\u0abe\u0aa8\u0ac0 \u0ab8\u0aae\u0a95\u0acd\u0ab7 \u0aa8\u0aae\u0aa8 \u0a95\u0ab0\u0ac0\u0a8f? \u0aa8\u0abe, \u0a8f\u0aae \u0aa8\u0ab9\u0abf!"},{"Verseid":"32005006","Verse":"\u0a9c\u0acb \u0aa4\u0aae\u0ac7 \u0ab9\u0a9c\u0abe\u0ab0\u0acb \u0a98\u0ac7\u0a9f\u0abe\u0a82 \u0a85\u0aa8\u0ac7 10,000 \u0a95\u0ab0\u0aa4\u0abe\u0a82 \u0ab5\u0aa7\u0abe\u0ab0\u0ac7 \u0a9c\u0ac8\u0aa4\u0aa4\u0ac7\u0ab2\u0aa8\u0ac0 \u0aa8\u0aa6\u0ac0\u0a93\u0aa8\u0ac1\u0a82 \u0aa4\u0ac7\u0aae\u0aa8\u0ac7 \u0a85\u0ab0\u0acd\u0aaa\u0aa3 \u0a95\u0ab0\u0acb, \u0aa4\u0acb \u0ab6\u0ac1\u0a82 \u0aa4\u0ac7 \u0ab0\u0abe\u0a9c\u0ac0 \u0aa5\u0ab6\u0ac7? \u0ab6\u0ac1\u0a82 \u0aa4\u0ac7\u0aa8\u0abe\u0aa5\u0ac0 \u0aa4\u0ac7\u0aa8\u0ac7 \u0ab8\u0a82\u0aa4\u0acb\u0ab7 \u0aa5\u0ab6\u0ac7? \u0ab6\u0ac1\u0a82 \u0ab9\u0ac1\u0a82 \u0aae\u0abe\u0ab0\u0abe \u0aaa\u0acd\u0ab0\u0aa5\u0aae \u0a9c\u0aa8\u0acd\u0aae\u0ac7\u0ab2\u0abe \u0aac\u0abe\u0ab3\u0a95\u0aa8\u0ac1\u0a82 \u0aae\u0abe\u0ab0\u0abe \u0a86\u0aa4\u0acd\u0aae\u0abe\u0aa8\u0abe \u0aaa\u0abe\u0aaa \u0aae\u0abe\u0a9f\u0ac7 \u0aac\u0ab2\u0abf\u0aa6\u0abe\u0aa8 \u0a95\u0ab0\u0ac1\u0a82? \u0aae\u0abe\u0ab0\u0abe \u0a85\u0aaa\u0ab0\u0abe\u0aa7\u0acb \u0aae\u0abe\u0a9f\u0ac7 \u0aae\u0abe\u0ab0\u0ac1\u0a82 \u0aaa\u0acb\u0aa4\u0abe\u0aa8\u0ac1\u0a82 \u0ab6\u0ab0\u0ac0\u0ab0 \u0aab\u0ab3 \u0aad\u0acb\u0a97\u0ab5\u0ab6\u0ac7."},{"Verseid":"32005007","Verse":"\u0a93 \u0aae\u0abe\u0aa8\u0ab5\u0ac0, \u0ab6\u0ac1\u0a82 \u0ab8\u0abe\u0ab0\u0ac1\u0a82 \u0a9b\u0ac7 \u0aa4\u0ac7 \u0aa4\u0ac7\u0aa3\u0ac7 \u0aa4\u0aae\u0aa8\u0ac7 \u0a9c\u0aa3\u0abe\u0ab5\u0acd\u0aaf\u0ac1\u0a82 \u0a9b\u0ac7. \u0a85\u0aa8\u0ac7 \u0aa4\u0aae\u0abe\u0ab0\u0ac0 \u0aaa\u0abe\u0ab8\u0ac7\u0aa5\u0ac0 \u0aaf\u0ab9\u0acb\u0ab5\u0abe\u0aa8\u0ac7 \u0aa4\u0acb \u0a8f\u0a9f\u0ab2\u0ac1\u0a82 \u0a9c \u0a9c\u0acb\u0a87\u0a8f \u0a9b\u0ac7, \u0aab\u0a95\u0aa4 \u0aa4\u0aae\u0ac7 \u0aa8\u0acd\u0aaf\u0abe\u0aaf \u0a86\u0a9a\u0ab0\u0acb, \u0aa6\u0aaf\u0abe\u0aad\u0abe\u0ab5\u0aa8\u0ac7 \u0a9a\u0abe\u0ab9\u0acb \u0a85\u0aa8\u0ac7 \u0aa4\u0aae\u0abe\u0ab0\u0abe \u0aa6\u0ac7\u0ab5 \u0ab8\u0abe\u0aa5\u0ac7 \u0aa8\u0aae\u0acd\u0ab0\u0aa4\u0abe\u0aa5\u0ac0 \u0a9a\u0abe\u0ab2\u0acb."},{"Verseid":"32005008","Verse":"\u0aaf\u0ab0\u0ac2\u0ab6\u0abe\u0ab2\u0ac7\u0aae\u0aa8\u0abe \u0ab8\u0ab0\u0acd\u0ab5 \u0ab0\u0ab9\u0ac7\u0ab5\u0abe\u0ab8\u0ac0\u0a93\u0aa8\u0ac7 \u0aaf\u0ab9\u0acb\u0ab5\u0abe \u0aac\u0acb\u0ab2\u0abe\u0ab5\u0ac7 \u0a9b\u0ac7; \u0a9c\u0ac7\u0a93 \u0a96\u0ab0\u0ac7\u0a96\u0ab0 \u0ab6\u0abe\u0aa3\u0abe \u0a9b\u0ac7 \u0aa4\u0ac7 \u0aa4\u0aae\u0abe\u0ab0\u0abe \u0aa8\u0abe\u0aae\u0aa5\u0ac0 \u0aac\u0ac0\u0ab6\u0ac7. \u0ab8\u0a9c\u0abe\u0aa8\u0abe \u0aa6\u0a82\u0aa1 \u0a89\u0aaa\u0ab0 \u0a85\u0aa8\u0ac7 \u0aa4\u0ac7\u0aa8\u0ac0 \u0aa8\u0abf\u0aae\u0aa3\u0ac2\u0a82\u0a95 \u0a95\u0ab0\u0aa8\u0abe\u0ab0 \u0a89\u0aaa\u0ab0 \u0aa7\u0acd\u0aaf\u0abe\u0aa8 \u0a86\u0aaa\u0acb."},{"Verseid":"32005009","Verse":"\u0ab6\u0ac1\u0a82 \u0aa6\u0ac1\u0ab7\u0acd\u0a9f\u0acb\u0aa8\u0abe \u0a98\u0ab0\u0acb\u0aae\u0abe\u0a82 \u0aaa\u0abe\u0aaa\u0aa8\u0acb \u0aaa\u0ac8\u0ab8\u0acb \u0a85\u0aa8\u0ac7 \u0aa4\u0abf\u0ab0\u0ab8\u0acd\u0a95\u0abe\u0ab0\u0aaa\u0abe\u0aa4\u0acd\u0ab0 \u0a96\u0acb\u0a9f\u0abe\u0a82 \u0aae\u0abe\u0aaa \u0aaa\u0aa1\u0ac7\u0ab2\u0abe\u0a82 \u0a9b\u0ac7?"},{"Verseid":"32005010","Verse":"\u0a96\u0acb\u0a9f\u0abe \u0aa4\u0acd\u0ab0\u0abe\u0a9c\u0ab5\u0abe\u0a82 \u0a85\u0aa8\u0ac7 \u0aa0\u0a97\u0abe\u0ab0\u0abe \u0a95\u0abe\u0a9f\u0ab2\u0abe\u0a82 \u0ab5\u0abe\u0aaa\u0ab0\u0aa8\u0abe\u0ab0 \u0aae\u0abe\u0aa3\u0ab8\u0aa8\u0ac7 \u0ab9\u0ac1\u0a82 \u0a95\u0ac7\u0ab5\u0ac0 \u0ab0\u0ac0\u0aa4\u0ac7 \u0a93\u0ab3\u0a96\u0ac1\u0a82?"},{"Verseid":"32005011","Verse":"\u0aa4\u0aae\u0abe\u0ab0\u0abe \u0aa7\u0aa8\u0ab5\u0abe\u0aa8\u0acb \u0a95\u0acd\u0ab0\u0ac2\u0ab0 \u0ab9\u0acb\u0aaf \u0a9b\u0ac7. \u0a85\u0aa8\u0ac7 \u0aa4\u0aae\u0abe\u0ab0\u0abe \u0ab0\u0ab9\u0ac7\u0ab5\u0abe\u0ab8\u0ac0\u0a93 \u0a9c\u0ac2\u0aa0\u0ac1\u0a82 \u0aac\u0acb\u0ab2\u0ac7 \u0a9b\u0ac7 \u0a85\u0aa8\u0ac7 \u0a9b\u0ac7\u0aa4\u0ab0\u0aa8\u0abe\u0ab0\u0ac0 \u0a9c\u0ac0\u0aad \u0aa4\u0ac7\u0aae\u0aa8\u0abe \u0aae\u0acb\u0aa2\u0abe\u0a82\u0aae\u0abe\u0a82 \u0a9c \u0ab0\u0ab9\u0ac7\u0aa4\u0ac0 \u0ab9\u0acb\u0aaf \u0a9b\u0ac7."},{"Verseid":"32005012","Verse":"\u0a86\u0aa5\u0ac0 \u0aae\u0ac7\u0a82 \u0aa4\u0aae\u0aa8\u0ac7 \u0ab8\u0a9c\u0abe \u0a95\u0ab0\u0ab5\u0abe\u0aa8\u0ac1\u0a82 \u0ab6\u0ab0\u0ac1\u0a82 \u0a95\u0ab0\u0acd\u0aaf\u0ac1 \u0a9b\u0ac7 \u0a85\u0aa8\u0ac7 \u0ab9\u0ac1\u0a82 \u0aa4\u0aae\u0aa8\u0ac7 \u0aa4\u0aae\u0abe\u0ab0\u0abe \u0aaa\u0abe\u0aaa\u0acb\u0aa8\u0ac7 \u0ab2\u0ac0\u0aa7\u0ac7 \u0a97\u0aae\u0a97\u0ac0\u0aa8 \u0aac\u0aa8\u0abe\u0ab5\u0ac0 \u0aa6\u0a87\u0ab6."},{"Verseid":"32005013","Verse":"\u0aa4\u0aae\u0ac7 \u0a96\u0abe\u0ab6\u0acb \u0aaa\u0aa3 \u0ab8\u0a82\u0aa4\u0acb\u0ab7 \u0aa8\u0ab9\u0abf \u0aaa\u0abe\u0aae\u0acb; \u0aad\u0ac2\u0a96\u0acd\u0aaf\u0abe \u0a9c \u0ab0\u0ab9\u0ac7\u0ab6\u0acb, \u0aa4\u0aae\u0ac7 \u0aac\u0a9a\u0ab5\u0abe\u0aa8\u0abe \u0a98\u0aa3\u0abe \u0aaa\u0acd\u0ab0\u0aaf\u0aa4\u0acd\u0aa8\u0acb \u0a95\u0ab0\u0ab6\u0acb, \u0aaa\u0aa3 \u0ab8\u0aab\u0ab3 \u0aa8\u0ab9\u0abf \u0aa5\u0abe\u0a93. \u0aa4\u0aae\u0ac7 \u0a9c\u0ac7 \u0a95\u0a82\u0a87 \u0aac\u0a9a\u0abe\u0ab5\u0ab6\u0acb \u0aa4\u0ac7 \u0ab9\u0ac1\u0a82, \u0a9c\u0ac7\u0a93\u0a8f \u0aa4\u0aae\u0aa8\u0ac7 \u0ab9\u0ab0\u0abe\u0ab5\u0acd\u0aaf\u0abe \u0a9b\u0ac7 \u0aa4\u0ac7\u0aae\u0aa8\u0ac7 \u0ab8\u0acb\u0a82\u0aaa\u0ac0 \u0aa6\u0a87\u0ab6."},{"Verseid":"32005014","Verse":"\u0aa4\u0aae\u0ac7 \u0ab5\u0abe\u0ab5\u0ab6\u0acb \u0aaa\u0ab0\u0a82\u0aa4\u0ac1 \u0aa4\u0aae\u0ac7 \u0aa7\u0abe\u0aa8\u0aa8\u0ac0 \u0a95\u0abe\u0aaa\u0aa3\u0ac0 \u0a95\u0ab0\u0ac0 \u0ab6\u0a95\u0ab6\u0acb \u0aa8\u0ab9\u0abf, \u0aa4\u0aae\u0ac7 \u0a9c\u0ac8\u0aa4\u0aab\u0ab3\u0acb\u0aa8\u0ac7 \u0aaa\u0ac0\u0ab2\u0ac0\u0aa8\u0ac7 \u0aa4\u0ac7\u0ab2 \u0a95\u0abe\u0aa2\u0ab6\u0acb \u0a9b\u0aa4\u0abe\u0a82 \u0aa4\u0aae\u0abe\u0ab0\u0abe \u0a85\u0a82\u0a97 \u0a89\u0aaa\u0ab0 \u0aaa\u0ac2\u0ab0\u0aa4\u0ac1\u0a82 \u0aa4\u0ac7\u0ab2 \u0a9a\u0acb\u0aaa\u0aa1\u0ab5\u0abe \u0aaa\u0abe\u0aae\u0ab6\u0acb \u0aa8\u0ab9\u0abf, \u0aa4\u0aae\u0ac7 \u0aa6\u0acd\u0ab0\u0abe\u0a95\u0acd\u0ab7\u0abe \u0a96\u0ac0\u0ab2\u0ab5\u0ab6\u0acb \u0aaa\u0aa3 \u0aa4\u0ac7\u0aae\u0abe\u0a82\u0aa5\u0ac0 \u0aa6\u0acd\u0ab0\u0abe\u0a95\u0acd\u0ab7\u0abe\u0ab0\u0ab8 \u0aaa\u0ac0 \u0ab6\u0a95\u0ab6\u0acb \u0aa8\u0ab9\u0abf."},{"Verseid":"32005015","Verse":"\u0aa4\u0aae\u0ac7 \u0ab0\u0abe\u0a9c\u0abe \u0a93\u0aae\u0ab0\u0ac0 \u0a85\u0aa8\u0ac7 \u0aa4\u0ac7\u0aa8\u0abe \u0ab5\u0a82\u0ab6\u0a9c \u0a86\u0ab9\u0abe\u0aac\u0aa8\u0abe \u0a95\u0ac1\u0ab0\u0abf\u0ab5\u0abe\u0a9c\u0acb \u0aaa\u0abe\u0ab3\u0acd\u0aaf\u0abe \u0a9b\u0ac7, \u0aa4\u0aae\u0ac7 \u0aa4\u0ac7\u0aae\u0aa8\u0ac7 \u0aaa\u0a97\u0ab2\u0ac7 \u0a9a\u0abe\u0ab2\u0acd\u0aaf\u0abe\u0a82 \u0a9b\u0acb, \u0aa4\u0ac7\u0aa5\u0ac0 \u0ab9\u0ac1\u0a82 \u0aa4\u0aae\u0aa8\u0ac7 \u0a96\u0ac7\u0aa6\u0abe\u0aa8\u0aae\u0ac7\u0aa6\u0abe\u0aa8 \u0a95\u0ab0\u0ac0 \u0aa8\u0abe\u0a96\u0ac0\u0ab6; \u0aa4\u0aae\u0abe\u0ab0\u0abe \u0ab2\u0acb\u0a95\u0acb \u0ab9\u0abe\u0a82\u0ab8\u0ac0 \u0aaa\u0abe\u0aa4\u0acd\u0ab0 \u0aac\u0aa8\u0ac0 \u0a9c\u0ab6\u0ac7 \u0a85\u0aa8\u0ac7 \u0ab8\u0acc \u0a95\u0acb\u0a87 \u0aa4\u0aae\u0abe\u0ab0\u0ac1\u0a82 \u0a85\u0aaa\u0aae\u0abe\u0aa8 \u0a95\u0ab0\u0ab6\u0ac7.\u201d"}]},{"Verse":[{"Verseid":"32006000","Verse":"\u0ab9\u0ac1\u0a82 \u0a95\u0ac7\u0a9f\u0ab2\u0acb \u0a89\u0aa6\u0abe\u0ab8 \u0a9b\u0ac1\u0a82! \u0a95\u0abe\u0ab0\u0aa3\u0a95\u0ac7 \u0ab9\u0ac1\u0a82 \u0a8f\u0ab5\u0acb \u0ab5\u0acd\u0aaf\u0a95\u0abf\u0aa4 \u0aa5\u0a87 \u0a97\u0aaf\u0acb \u0a9b\u0ac1\u0a82 \u0a9c\u0ac7\u0aa8\u0ac7 \u0a89\u0aa8\u0abe\u0ab3\u0ac1 \u0a95\u0abe\u0aaa\u0aa3\u0ac0 \u0aaa\u0a9b\u0ac0 \u0a85\u0aa8\u0ac7 \u0aa6\u0acd\u0ab0\u0abe\u0a95\u0acd\u0ab7 \u0aad\u0ac7\u0a97\u0ac0 \u0a95\u0ab0\u0ab5\u0abe\u0aa8\u0ac0 \u0a8b\u0aa4\u0ac1 \u0aaa\u0a9b\u0ac0 \u0a96\u0abe\u0ab5\u0abe \u0aae\u0abe\u0a9f\u0ac7 \u0aa6\u0acd\u0ab0\u0abe\u0a95\u0acd\u0ab7 \u0aae\u0ab3\u0aa4\u0ac0 \u0aa8\u0aa5\u0ac0 \u0a85\u0aa5\u0ab5\u0abe \u0aa4\u0acb \u0a9c\u0ac7\u0aa8\u0abe \u0aae\u0abe\u0a9f\u0ac7 \u0aa4\u0ac0\u0ab5\u0acd\u0ab0 \u0a87\u0a9a\u0acd\u0a9b\u0abe \u0ab0\u0abe\u0a96\u0ac0 \u0ab9\u0aa4\u0ac0 \u0aa4\u0ac7 \u0aaa\u0ab9\u0ac7\u0ab2\u0ac1\u0a82 \u0aab\u0ab3 \u0aae\u0ab3\u0aa4\u0ac1\u0a82 \u0aa8\u0aa5\u0ac0."},{"Verseid":"32006001","Verse":"\u0aad\u0ac2\u0aae\u0abf \u0aaa\u0ab0\u0aa5\u0ac0 \u0aac\u0aa7\u0abe\u0a82\u0a9c \u0aa7\u0abe\u0aae\u0abf\u0ab0\u0acd\u0a95 \u0aae\u0abe\u0aa3\u0ab8\u0acb \u0aa8\u0abe\u0ab6 \u0aaa\u0abe\u0aae\u0acd\u0aaf\u0abe \u0a9b\u0ac7, \u0aa8\u0ac7 \u0aae\u0aa8\u0ac1\u0ab7\u0acd\u0aaf\u0acb\u0aae\u0abe\u0a82 \u0a95\u0acb\u0a87 \u0aaa\u0acd\u0ab0\u0abe\u0aae\u0abe\u0aa3\u0abf\u0a95 \u0ab0\u0ab9\u0acd\u0aaf\u0acb \u0aa8\u0aa5\u0ac0; \u0a95\u0acb\u0a87\u0aa8\u0ac1\u0a82 \u0a96\u0ac2\u0aa8 \u0a95\u0ab0\u0ab5\u0abe\u0aa8\u0acb \u0ab2\u0abe\u0a97 \u0ab6\u0acb\u0aa7\u0ac0 \u0ab0\u0ab9\u0acd\u0aaf\u0abe\u0a82 \u0a9b\u0ac7,"},{"Verseid":"32006002","Verse":"\u0aa4\u0ac7\u0aae\u0aa8\u0abe \u0ab9\u0abe\u0aa5 \u0aa6\u0ac1\u0ab7\u0acd\u0a95\u0ac3\u0aa4\u0acd\u0aaf\u0acb \u0a95\u0ab0\u0ab5\u0abe\u0aae\u0abe\u0a82 \u0aaa\u0abe\u0ab5\u0ab0\u0aa7\u0abe \u0a9b\u0ac7. \u0a85\u0aae\u0ab2\u0aa6\u0abe\u0ab0\u0acb \u0ab2\u0abe\u0a82\u0a9a \u0aae\u0abe\u0a82\u0a97\u0ac7 \u0a9b\u0ac7, \u0a86\u0aa6\u0ab0\u0aa3\u0ac0\u0aaf \u0ab2\u0acb\u0a95\u0acb \u0aaa\u0aa3 \u0aa8\u0abf\u0ab7\u0acd\u0aa0\u0ac1\u0ab0\u0aa4\u0abe\u0aa5\u0ac0 \u0aaa\u0acb\u0aa4\u0abe\u0aa8\u0abe \u0ab8\u0acd\u0ab5\u0abe\u0ab0\u0acd\u0aa5\u0aa8\u0ac0\u0a9c \u0ab5\u0abe\u0aa4\u0acb \u0a95\u0ab0\u0ac7 \u0a9b\u0ac7 \u0a85\u0aa8\u0ac7 \u0aaa\u0acb\u0aa4\u0abe\u0aa8\u0ac1\u0a82 \u0aa7\u0abe\u0ab0\u0acd\u0aaf\u0ac1\u0a82 \u0a95\u0ab0\u0ac7 \u0a9b\u0ac7."},{"Verseid":"32006003","Verse":"\u0aa4\u0ac7\u0a93\u0aae\u0abe\u0a82 \u0a9c\u0ac7 \u0ab6\u0acd\u0ab0\u0ac7\u0ab7\u0acd\u0aa0 \u0a9b\u0ac7 \u0aa4\u0ac7\u0a93 \u0a95\u0abe\u0a82\u0a9f\u0abe \u0a9d\u0abe\u0a82\u0a96\u0ab0\u0abe \u0a9c\u0ac7\u0ab5\u0abe \u0a9b\u0ac7; \u0ab8\u0acc\u0aa5\u0ac0 \u0ab5\u0aa7\u0abe\u0ab0\u0ac7 \u0aaa\u0acd\u0ab0\u0abe\u0aae\u0abe\u0aa3\u0abf\u0a95 \u0a97\u0aa3\u0abe\u0aaf \u0a9b\u0ac7 \u0aa4\u0ac7\u0a93 \u0a9d\u0abe\u0a82\u0a96\u0ab0\u0abe\u0aae\u0abe\u0a82\u0aa5\u0ac0 \u0aac\u0aa8\u0abe\u0ab5\u0ac7\u0ab2\u0ac0 \u0ab5\u0abe\u0aa1 \u0a9c\u0ac7\u0ab5\u0abe \u0a9b\u0ac7,\u0aaa\u0aa3 \u0ab9\u0ab5\u0ac7 \u0aa4\u0aae\u0abe\u0ab0\u0acb \u0a9a\u0acb\u0a95\u0ac0\u0aa6\u0abe\u0ab0\u0acb\u0aa8\u0acb \u0aa6\u0abf\u0ab5\u0ab8 \u0ab8\u0aa4\u0acd\u0ab5\u0ab0\u0ac7 \u0a86\u0ab5\u0ac7 \u0a9b\u0ac7. \u0aa4\u0aae\u0abe\u0ab0\u0ac0 \u0ab6\u0abf\u0a95\u0acd\u0ab7\u0abe\u0aa8\u0acb \u0ab8\u0aae\u0aaf \u0ab2\u0a97\u0aad\u0a97 \u0a86\u0ab5\u0ac0 \u0a97\u0aaf\u0acb \u0a9b\u0ac7; \u0a97\u0ac2\u0a82\u0a9a\u0ab5\u0aa3, \u0ab5\u0abf\u0aa8\u0abe\u0ab6 \u0a85\u0aa8\u0ac7 \u0a97\u0aad\u0ab0\u0abe\u0a9f\u0aa8\u0acb \u0aa4\u0aae\u0ac7 \u0a85\u0aa8\u0ac1\u0aad\u0ab5 \u0a95\u0ab0\u0ab6\u0acb."},{"Verseid":"32006004","Verse":"\u0aaa\u0aa1\u0acb\u0ab6\u0ac0\u0aa8\u0acb \u0ab5\u0abf\u0ab6\u0acd\u0ab5\u0abe\u0ab8 \u0a95\u0ab0\u0ab6\u0acb \u0aa8\u0ab9\u0abf, \u0aae\u0abf\u0aa4\u0acd\u0ab0 \u0a89\u0aaa\u0ab0 \u0a86\u0aa7\u0abe\u0ab0 \u0ab0\u0abe\u0a96\u0ab6\u0acb \u0aa8\u0ab9\u0abf, \u0aa4\u0aae\u0abe\u0ab0\u0ac0 \u0aaa\u0acd\u0ab0\u0abe\u0aa3\u0aa5\u0ac0 \u0aaa\u0acd\u0aaf\u0abe\u0ab0\u0ac0 \u0aaa\u0aa4\u0acd\u0aa8\u0ac0 \u0a86\u0a97\u0ab3 \u0aaa\u0aa3 \u0aae\u0acb\u0aa2\u0abe\u0a82\u0aa8\u0ac1\u0a82 \u0aa6\u0acd\u0ab5\u0abe\u0ab0 \u0ab8\u0a82\u0aad\u0abe\u0ab3\u0ac0 \u0ab0\u0abe\u0a96\u0a9c\u0acb."},{"Verseid":"32006005","Verse":"\u0a95\u0abe\u0ab0\u0aa3\u0a95\u0ac7 \u0a8f\u0a95 \u0aaa\u0ac1\u0aa4\u0acd\u0ab0 \u0aaa\u0acb\u0aa4\u0abe\u0aa8\u0abe \u0aaa\u0abf\u0aa4\u0abe\u0aa8\u0acb \u0a86\u0aa6\u0ab0 \u0a95\u0ab0\u0aa4\u0acb \u0aa8\u0aa5\u0ac0. \u0aaa\u0ac1\u0aa4\u0acd\u0ab0\u0ac0 \u0aae\u0abe\u0aa8\u0ac0 \u0ab8\u0abe\u0aae\u0ac7 \u0aa5\u0abe\u0aaf \u0a9b\u0ac7, \u0aa8\u0ac7 \u0ab5\u0ab9\u0ac1\u0a82 \u0aaa\u0acb\u0aa4\u0abe\u0aa8\u0ac0 \u0ab8\u0abe\u0ab8\u0ac1\u0aa8\u0ac0 \u0ab8\u0abe\u0aae\u0ac0 \u0aa5\u0abe\u0aaf \u0a9b\u0ac7; \u0aae\u0abe\u0aa3\u0ab8\u0aa8\u0abe \u0a95\u0ac1\u0a9f\u0ac1\u0a82\u0aac\u0ac0\u0a93 \u0a9c \u0aa4\u0ac7\u0aa8\u0abe \u0ab5\u0ac8\u0ab0\u0ac0 \u0aac\u0aa8\u0ac0 \u0a97\u0aaf\u0abe \u0a9b\u0ac7."},{"Verseid":"32006006","Verse":"\u0aaa\u0aa3 \u0ab9\u0ac1\u0a82 \u0aa4\u0acb \u0aaf\u0ab9\u0acb\u0ab5\u0abe \u0aa4\u0ab0\u0aab \u0a9c\u0acb\u0a87\u0ab6, \u0ab9\u0ac1\u0a82 \u0aae\u0abe\u0ab0\u0abe \u0aa4\u0abe\u0ab0\u0aa3 \u0a95\u0ab0\u0aa8\u0abe\u0ab0 \u0aa6\u0ac7\u0ab5\u0aa8\u0ac0 \u0ab5\u0abe\u0a9f \u0a9c\u0acb\u0a87\u0ab6; \u0aae\u0abe\u0ab0\u0abe \u0aa6\u0ac7\u0ab5 \u0aae\u0aa8\u0ac7 \u0ab8\u0abe\u0a82\u0aad\u0ab3\u0ab6\u0ac7."},{"Verseid":"32006007","Verse":"\u0ab9\u0ac7 \u0aae\u0abe\u0ab0\u0abe \u0aa6\u0ac1\u0ab6\u0acd\u0aae\u0aa8, \u0aae\u0abe\u0ab0\u0ac0 \u0aa6\u0ac1\u0ab0\u0acd\u0aa6\u0ab6\u0abe\u0aae\u0abe\u0a82 \u0ab9\u0ab0\u0acd\u0ab7 \u0aa8 \u0a95\u0ab0; \u0a9c\u0acb \u0ab9\u0ac1\u0a82 \u0aaa\u0aa1\u0ac0 \u0a9c\u0abe\u0a89\u0a82, \u0aa4\u0acb \u0aaa\u0aa3 \u0ab9\u0ac1\u0a82 \u0aaa\u0abe\u0a9b\u0acb \u0a8a\u0aa0\u0ac0\u0ab6; \u0a9c\u0acb \u0ab9\u0ac1\u0a82 \u0a85\u0a82\u0aa7\u0a95\u0abe\u0ab0\u0aae\u0abe\u0a82 \u0aac\u0ac7\u0ab8\u0ac1\u0a82, \u0aa4\u0acb \u0aaa\u0aa3 \u0aaf\u0ab9\u0acb\u0ab5\u0abe \u0aae\u0aa8\u0ac7 \u0a85\u0a9c\u0ab5\u0abe\u0ab3\u0abe\u0ab0\u0ac2\u0aaa \u0aa5\u0ab6\u0ac7."},{"Verseid":"32006008","Verse":"\u0ab9\u0ac1\u0a82 \u0aaf\u0ab9\u0acb\u0ab5\u0abe\u0aa8\u0acb \u0a95\u0acb\u0aaa \u0ab8\u0ab9\u0aa8 \u0a95\u0ab0\u0ac0\u0ab6, \u0a95\u0abe\u0ab0\u0aa3\u0a95\u0ac7 \u0aae\u0ac7\u0a82 \u0aa4\u0ac7\u0aae\u0aa8\u0ac0 \u0ab5\u0abf\u0ab0\u0ac1\u0aa6\u0acd\u0aa7 \u0aaa\u0abe\u0aaa \u0a95\u0ab0\u0acd\u0aaf\u0ac1\u0a82 \u0a9b\u0ac7. \u0aa4\u0ac7\u0a93 \u0aae\u0abe\u0ab0\u0ac0 \u0aa4\u0ab0\u0aab\u0aa6\u0abe\u0ab0\u0ac0 \u0a95\u0ab0\u0ab6\u0ac7 \u0a85\u0aa8\u0ac7 \u0aae\u0aa8\u0ac7 \u0aa8\u0acd\u0aaf\u0abe\u0aaf \u0a95\u0ab0\u0ab6\u0ac7 \u0aa4\u0acd\u0aaf\u0abe\u0a82 \u0ab8\u0ac1\u0aa7\u0ac0. \u0aa6\u0ac7\u0ab5 \u0aae\u0aa8\u0ac7 \u0a85\u0a82\u0aa7\u0a95\u0abe\u0ab0\u0aae\u0abe\u0a82\u0aa5\u0ac0 \u0aaa\u0acd\u0ab0\u0a95\u0abe\u0ab6\u0aae\u0abe\u0a82 \u0ab2\u0abe\u0ab5\u0ab6\u0ac7 \u0a85\u0aa8\u0ac7 \u0ab9\u0ac1\u0a82 \u0aa4\u0ac7\u0aae\u0aa8\u0ac1\u0a82 \u0aa8\u0acd\u0aaf\u0abe\u0aaf\u0ac0\u0aaa\u0aa3\u0ac1\u0a82 \u0a9c\u0acb\u0a87\u0ab6."},{"Verseid":"32006009","Verse":"\u0aae\u0abe\u0ab0\u0abe \u0aa6\u0ac1\u0ab6\u0acd\u0aae\u0aa8\u0acb \u0a86 \u0a9c\u0acb\u0ab6\u0ac7 \u0a85\u0aa8\u0ac7 \u0a9c\u0ac7\u0a93 \u0aae\u0aa8\u0ac7 \u0a8f\u0aae \u0a95\u0ab9\u0ac7\u0aa4\u0abe\u0a82 \u0ab9\u0aa4\u0abe\u0a82 \u0a95\u0ac7, \u201c\u0aa4\u0abe\u0ab0\u0abe \u0aa6\u0ac7\u0ab5 \u0aaf\u0ab9\u0acb\u0ab5\u0abe \u0a95\u0aaf\u0abe\u0a82 \u0a9b\u0ac7?\u201d \u0aa4\u0ac7\u0a93 \u0ab6\u0ab0\u0aae\u0abf\u0a82\u0aa6\u0abe \u0aac\u0aa8\u0ac0 \u0a9c\u0ab6\u0ac7, \u0aae\u0abe\u0ab0\u0ac0 \u0a86\u0a82\u0a96\u0acb \u0a86 \u0a9c\u0acb\u0ab6\u0ac7, \u0aa4\u0ac7\u0aa3\u0ac0 \u0ab0\u0ab8\u0acd\u0aa4\u0abe\u0aa8\u0abe \u0a95\u0abe\u0aa6\u0ab5\u0aa8\u0ac0 \u0a9c\u0ac7\u0aae \u0aaa\u0a97 \u0aa4\u0ab3\u0ac7 \u0a95\u0a9a\u0aa1\u0abe\u0aaf\u0ac7\u0ab2\u0ac0 \u0a9c\u0a97\u0acd\u0aaf\u0abe \u0aac\u0aa8\u0ac0 \u0ab0\u0ab9\u0ac7\u0ab6\u0ac7."},{"Verseid":"32006010","Verse":"\u0a9c\u0ac7 \u0aa6\u0abf\u0ab5\u0ab8\u0ac7 \u0aa4\u0abe\u0ab0\u0abe \u0a95\u0acb\u0a9f \u0aac\u0a82\u0aa7\u0abe\u0ab6\u0ac7, \u0aa4\u0ac7 \u0aa6\u0abf\u0ab5\u0ab8\u0ac7 \u0aa4\u0abe\u0ab0\u0ac0 \u0ab8\u0ab0\u0ab9\u0aa6 \u0aac\u0ab9\u0ac1 \u0aa6\u0ac2\u0ab0 \u0aa5\u0ab6\u0ac7."},{"Verseid":"32006011","Verse":"\u0aa4\u0ac7 \u0aa6\u0abf\u0ab5\u0ab8\u0ac7 \u0ab2\u0acb\u0a95\u0acb-\u0a86\u0ab6\u0acd\u0ab6\u0ac2\u0ab0\u0aa5\u0ac0 \u0aae\u0abf\u0ab8\u0ab0 \u0ab8\u0ac1\u0aa7\u0ac0\u0aa8\u0abe, \u0a85\u0aa8\u0ac7 \u0aae\u0abf\u0ab8\u0ab0\u0aa5\u0ac0 \u0aa4\u0ac7 \u0aab\u0acd\u0ab0\u0abe\u0aa4 \u0aa8\u0aa6\u0ac0 \u0ab8\u0ac1\u0aa7\u0ac0\u0aa8\u0abe, \u0ab8\u0aae\u0ac1\u0aa6\u0acd\u0ab0\u0aa5\u0ac0 \u0ab8\u0aae\u0ac1\u0aa6\u0acd\u0ab0 \u0ab8\u0ac1\u0aa7\u0ac0\u0aa8\u0abe, \u0a85\u0aa8\u0ac7 \u0aaa\u0ab0\u0acd\u0ab5\u0aa4\u0aa5\u0ac0 \u0aaa\u0ab0\u0acd\u0ab5\u0aa4 \u0ab8\u0ac1\u0aa7\u0ac0\u0aa8\u0abe, \u0ab2\u0acb\u0a95\u0acb \u0aac\u0aa7\u0ac7 \u0aa0\u0ac7\u0a95\u0abe\u0aa3\u0ac7\u0aa5\u0ac0 \u0aa4\u0abe\u0ab0\u0ac7 \u0aa4\u0acd\u0aaf\u0abe\u0a82 \u0a86\u0ab5\u0ab6\u0ac7."},{"Verseid":"32006012","Verse":"\u0aaa\u0aa3 \u0aaa\u0ac3\u0aa5\u0acd\u0ab5\u0ac0 \u0a8f\u0aa8\u0abe\u0a82 \u0ab2\u0acb\u0a95\u0acb\u0aa8\u0ac7 \u0a95\u0abe\u0ab0\u0aa3\u0ac7 \u0a85\u0aa8\u0ac7 \u0aa4\u0ac7\u0aae\u0aa3\u0ac7 \u0a95\u0ab0\u0ac7\u0ab2\u0abe\u0a82 \u0a95\u0aae\u0acb\u0ab0\u0acd\u0aa8\u0abe \u0aab\u0ab3\u0ab0\u0ac2\u0aaa\u0ac7 \u0ab5\u0ac7\u0ab0\u0abe\u0aa8 \u0aac\u0aa8\u0ac0 \u0a9c\u0ab6\u0ac7."},{"Verseid":"32006013","Verse":"\u0ab9\u0ac7 \u0aaf\u0ab9\u0acb\u0ab5\u0abe, \u0a86\u0ab5\u0acb \u0a85\u0aa8\u0ac7 \u0aa4\u0aae\u0abe\u0ab0\u0abe \u0ab2\u0acb\u0a95\u0acb \u0a89\u0aaa\u0ab0 \u0a85\u0aa7\u0abf\u0a95\u0abe\u0ab0 \u0a9a\u0ab2\u0abe\u0ab5\u0acb, \u0aa4\u0aae\u0abe\u0ab0\u0abe \u0ab5\u0abe\u0ab0\u0ab8\u0abe\u0aa8\u0abe\u0a82 \u0a9f\u0acb\u0ab3\u0abe\u0aa8\u0ac7 \u0aa6\u0acb\u0ab0\u0ab5\u0aa3\u0ac0 \u0a86\u0aaa\u0acb; \u0aa4\u0ac7\u0a93\u0aa8\u0ac7 \u0a95\u0abe\u0aae\u0ac7\u0ab0\u0acd\u0ab2\u0aa8\u0abe \u0a9c\u0a82\u0a97\u0ab2\u0aae\u0abe\u0a82 \u0a8f\u0a95\u0ab2\u0abe \u0ab0\u0ab9\u0ac7\u0ab5\u0abe \u0aa6\u0acb. \u0aad\u0ab2\u0ac7 \u0a85\u0a97\u0abe\u0a89\u0aa8\u0abe \u0aa6\u0abf\u0ab5\u0ab8\u0acb\u0aa8\u0ac0 \u0a9c\u0ac7\u0aae \u0aac\u0abe\u0ab6\u0abe\u0aa8 \u0a85\u0aa8\u0ac7 \u0a97\u0abf\u0ab2\u0aaf\u0abe\u0aa6\u0aae\u0abe\u0a82 \u0aa4\u0ac7\u0a93 \u0a86\u0aa8\u0a82\u0aa6 \u0aaa\u0acd\u0ab0\u0aae\u0acb\u0aa6 \u0a95\u0ab0\u0ac7."},{"Verseid":"32006014","Verse":"\u0a9c\u0ac7\u0ab5\u0ac0 \u0ab0\u0ac0\u0aa4\u0ac7 \u0aae\u0abf\u0ab8\u0ab0\u0aa8\u0ac0 \u0aad\u0ac2\u0aae\u0abf\u0aae\u0abe\u0a82\u0aa5\u0ac0 \u0a9b\u0ac2\u0a9f\u0aaf\u0abe \u0ab9\u0aa4\u0abe\u0a82 \u0aa4\u0ac7 \u0aa6\u0ab0\u0aae\u0acd\u0aaf\u0abe\u0aa8 \u0a95\u0ab0\u0acd\u0aaf\u0ac1 \u0ab9\u0aa4\u0ac1\u0a82 \u0aa4\u0ac7\u0ab5\u0ac0\u0a9c \u0ab0\u0ac0\u0aa4\u0ac7 \u0a85\u0aa6\u0ac3\u0aad\u0ac2\u0aa4 \u0a95\u0abe\u0aae\u0acb \u0ab9\u0ac1\u0a82 \u0aac\u0aa4\u0abe\u0ab5\u0ac0\u0ab6."},{"Verseid":"32006015","Verse":"\u0a85\u0aa8\u0acd\u0aaf \u0aaa\u0acd\u0ab0\u0a9c\u0abe\u0a93 \u0a86 \u0a9c\u0acb\u0ab6\u0ac7 \u0a85\u0aa8\u0ac7 \u0aaa\u0acb\u0aa4\u0abe\u0aa8\u0ac0 \u0ab8\u0ab0\u0acd\u0ab5 \u0ab6\u0a95\u0abf\u0aa4 \u0ab9\u0acb\u0ab5\u0abe \u0a9b\u0aa4\u0abe\u0a82 \u0ab2\u0a9c\u0acd\u0a9c\u0abf\u0aa4 \u0aa5\u0ab6\u0ac7; \u0aa4\u0ac7\u0a93 \u0aaa\u0acb\u0aa4\u0abe\u0aa8\u0abe \u0ab9\u0abe\u0aa5 \u0aaa\u0acb\u0aa4\u0abe\u0aa8\u0abe \u0aae\u0acb\u0a82 \u0aaa\u0ab0 \u0aae\u0ac2\u0a95\u0ab6\u0ac7, \u0aa4\u0ac7\u0a93\u0aa8\u0abe \u0a95\u0abe\u0aa8 \u0aac\u0ab9\u0ac7\u0ab0\u0abe \u0aa5\u0a87 \u0a9c\u0ab6\u0ac7."},{"Verseid":"32006016","Verse":"\u0aa4\u0ac7\u0a93 \u0ab8\u0abe\u0aaa\u0aa8\u0ac0 \u0aaa\u0ac7\u0aa0\u0ac7 \u0aa7\u0ac2\u0ab3 \u0a9a\u0abe\u0a9f\u0ab6\u0ac7; \u0a9c\u0aae\u0ac0\u0aa8 \u0a89\u0aaa\u0ab0 \u0aaa\u0ac7\u0a9f\u0ac7\u0aa5\u0ac0 \u0a98\u0ab8\u0aa1\u0abe\u0aa4\u0abe \u0aaa\u0acd\u0ab0\u0abe\u0aa3\u0ac0\u0a93\u0aa8\u0ac0 \u0a9c\u0ac7\u0aae \u0aa4\u0ac7\u0a93 \u0aaa\u0acb\u0aa4\u0abe\u0aa8\u0abe \u0a95\u0abf\u0ab2\u0acd\u0ab2\u0abe\u0a93\u0aae\u0abe\u0a82\u0aa5\u0ac0 \u0aac\u0ab9\u0abe\u0ab0 \u0a86\u0ab5\u0ab6\u0ac7. \u0aa4\u0ac7\u0a93 \u0a86\u0aaa\u0aa3\u0abe \u0aa6\u0ac7\u0ab5 \u0aaf\u0ab9\u0acb\u0ab5\u0abe\u0aa8\u0ac7 \u0a95\u0abe\u0ab0\u0aa3\u0ac7 \u0aad\u0aaf\u0aa5\u0ac0 \u0aa5\u0ab0\u0aa5\u0ab0 \u0a95\u0abe\u0a82\u0aaa\u0ab6\u0ac7 \u0a85\u0aa8\u0ac7 \u0aa4\u0abe\u0ab0\u0abe\u0aa5\u0ac0 \u0aa1\u0ab0\u0ac0\u0aa8\u0ac7 \u0a9a\u0abe\u0ab2\u0ab6\u0ac7."},{"Verseid":"32006017","Verse":"\u0aa4\u0aae\u0abe\u0ab0\u0abe \u0a9c\u0ac7\u0ab5\u0abe \u0aa6\u0ac7\u0ab5 \u0aac\u0ac0\u0a9c\u0abe \u0a95\u0acb\u0aa3 \u0a9b\u0ac7? \u0a95\u0abe\u0ab0\u0aa3\u0a95\u0ac7 \u0aa4\u0aae\u0ac7 \u0aa4\u0acb \u0aaa\u0abe\u0aaa \u0aae\u0abe\u0aab \u0a95\u0ab0\u0acb \u0a9b\u0acb \u0a85\u0aa8\u0ac7 \u0aa4\u0aae\u0abe\u0ab0\u0abe \u0ab5\u0abe\u0ab0\u0ab8\u0abe\u0aa8\u0abe \u0aac\u0a9a\u0ac7\u0ab2\u0abe \u0aad\u0abe\u0a97\u0aa8\u0abe \u0a85\u0aaa\u0ab0\u0abe\u0aa7\u0aa8\u0ac7 \u0aa6\u0ab0\u0a97\u0ac1\u0a9c\u0ab0 \u0a95\u0ab0\u0acb \u0a9b\u0acb; \u0aa4\u0aae\u0ac7 \u0aaa\u0acb\u0aa4\u0abe\u0aa8\u0acb \u0a95\u0acd\u0ab0\u0acb\u0aa7 \u0a95\u0abe\u0aaf\u0aae \u0ab0\u0abe\u0a96\u0aa4\u0abe \u0aa8\u0aa5\u0ac0; \u0a95\u0abe\u0ab0\u0aa3 \u0a95\u0ac7 \u0aa4\u0aae\u0ac7 \u0a95\u0ab0\u0ac1\u0aa3\u0abe\u0aae\u0abe\u0a82 \u0a9c \u0ab0\u0abe\u0a9a\u0acb \u0a9b\u0acb."},{"Verseid":"32006018","Verse":"\u0aa4\u0aae\u0ac7 \u0aab\u0ab0\u0ac0 \u0a8f\u0a95 \u0ab5\u0a96\u0aa4 \u0a85\u0aae\u0abe\u0ab0\u0abe \u0a89\u0aaa\u0ab0 \u0a95\u0ac3\u0aaa\u0abe \u0a95\u0ab0\u0ab6\u0acb \u0a85\u0aa8\u0ac7 \u0a85\u0aae\u0abe\u0ab0\u0abe \u0a85\u0aaa\u0ab0\u0abe\u0aa7\u0acb\u0aa8\u0ac7 \u0aaa\u0a97 \u0aa4\u0ab3\u0ac7 \u0a95\u0a9a\u0aa1\u0ac0 \u0aa8\u0abe\u0a96\u0ab6\u0acb. \u0a85\u0aa8\u0ac7 \u0a85\u0aae\u0abe\u0ab0\u0abe \u0aac\u0aa7\u0abe \u0aaa\u0abe\u0aaa\u0acb\u0aa8\u0ac7 \u0aa6\u0ab0\u0abf\u0aaf\u0abe\u0aae\u0abe\u0a82 \u0aaa\u0aa7\u0ab0\u0abe\u0ab5\u0ac0 \u0aa6\u0ac7\u0ab6\u0acb."},{"Verseid":"32006019","Verse":"\u0aa4\u0aae\u0ac7 \u0aaf\u0abe\u0a95\u0ac2\u0aac\u0aa8\u0ac7 \u0ab5\u0abf\u0ab6\u0acd\u0ab5\u0abe\u0ab8\u0aaa\u0abe\u0aa4\u0acd\u0ab0 \u0ab9\u0ab6\u0acb \u0a85\u0aa8\u0ac7 \u0a87\u0aac\u0acd\u0ab0\u0abe\u0ab9\u0abf\u0aae\u0aa8\u0ac7 \u0a95\u0ac3\u0aaa\u0abe\u0aaa\u0abe\u0aa4\u0acd\u0ab0 \u0ab9\u0ab6\u0acb \u0a9c\u0ac7\u0aae \u0aa4\u0aae\u0ac7 \u0aaa\u0acd\u0ab0\u0abe\u0a9a\u0ac0\u0aa8 \u0a95\u0abe\u0ab3\u0aa5\u0ac0 \u0a85\u0aae\u0abe\u0ab0\u0abe \u0aaa\u0ac2\u0ab0\u0acd\u0ab5\u0a9c\u0acb\u0aa8\u0ac7 \u0ab5\u0a9a\u0aa8 \u0a86\u0aaa\u0acd\u0aaf\u0ac1 \u0ab9\u0aa4\u0ac1\u0a82. \ufeff"}]}]}