{"Chapter":[{"Verse":[{"Verseid":"33000000","Verse":"\u0a86 \u0aaa\u0ac1\u0ab8\u0acd\u0aa4\u0a95 \u0a8f\u0ab2\u0acd\u0a95\u0acb\u0ab6\u0ac0\u0aae\u0abe\u0a82 \u0ab0\u0ab9\u0ac7\u0aa4\u0abe \u0aa8\u0abe\u0ab9\u0ac2\u0aae\u0aa8\u0ac7 \u0aa8\u0abf\u0aa8\u0ab5\u0ac7\u0ab9 \u0aaa\u0ab0 \u0a86\u0ab5\u0ac0 \u0ab0\u0ab9\u0ac7\u0ab2\u0abe \u0ab5\u0abf\u0aa8\u0abe\u0ab6 \u0ab5\u0abf\u0ab7\u0ac7 \u0aa6\u0ac7\u0ab5\u0ac7 \u0a86\u0aaa\u0ac7\u0ab2\u0ac1\u0a82 \u0ab8\u0a82\u0aa6\u0ab0\u0acd\u0ab6\u0aa8 \u0a9b\u0ac7:"},{"Verseid":"33000001","Verse":"\u0aaf\u0ab9\u0acb\u0ab5\u0abe \u0a87\u0ab0\u0acd\u0ab7\u0abe\u0ab3\u0ac1\u0a82 \u0aa6\u0ac7\u0ab5 \u0a9b\u0ac7. \u0aa4\u0ac7\u0a93 \u0a95\u0acd\u0ab0\u0acb\u0aa7\u0ac7 \u0aad\u0ab0\u0abe\u0a87\u0aa8\u0ac7 \u0aac\u0aa6\u0ab2\u0acb \u0ab2\u0ac7\u0aa8\u0abe\u0ab0 \u0aa6\u0ac7\u0ab5 \u0a9b\u0ac7. \u0aa4\u0ac7 \u0aaa\u0acb\u0aa4\u0abe\u0aa8\u0abe \u0ab6\u0aa4\u0acd\u0ab0\u0ac1\u0a93 \u0aaa\u0ab0 \u0ab5\u0ac8\u0ab0 \u0ab5\u0abe\u0ab3\u0ac7 \u0a9b\u0ac7. \u0aa4\u0ac7 \u0aaa\u0acb\u0aa4\u0abe\u0aa8\u0abe \u0ab6\u0aa4\u0acd\u0ab0\u0ac1\u0a93 \u0aaa\u0ab0 \u0a95\u0acb\u0aaa\u0abe\u0aaf\u0aae\u0abe\u0aa8 \u0ab0\u0ab9\u0ac7 \u0a9b\u0ac7."},{"Verseid":"33000002","Verse":"\u0aaf\u0ab9\u0acb\u0ab5\u0abe \u0a97\u0ac1\u0ab8\u0acd\u0ab8\u0ac7 \u0aa5\u0ab5\u0abe\u0aae\u0abe\u0a82 \u0aa7\u0ac0\u0aae\u0abe \u0a9b\u0ac7. \u0aa4\u0ac7\u0aae\u0aa8\u0ac0 \u0aaa\u0abe\u0ab8\u0ac7 \u0aae\u0ab9\u0abe\u0aa8 \u0ab6\u0a95\u0abf\u0aa4 \u0a9b\u0ac7. \u0a85\u0aa8\u0ac7 \u0aa4\u0ac7 \u0a9a\u0acb\u0a95\u0acd\u0a95\u0ab8\u0aaa\u0aa3\u0ac7 \u0a97\u0ac1\u0aa8\u0ac7\u0a97\u0abe\u0ab0\u0acb\u0aa8\u0ac7 \u0aa6\u0a82\u0aa1\u0acd\u0aaf\u0abe \u0ab5\u0a97\u0ab0 \u0a9c\u0ab5\u0abe \u0aa6\u0ac7\u0aa4\u0abe \u0aa8\u0aa5\u0ac0. \u0aaa\u0acd\u0ab0\u0a9a\u0a82\u0aa1 \u0a9d\u0a82\u0a9c\u0abe\u0ab5\u0abe\u0aa4 \u0a85\u0aa8\u0ac7 \u0ab5\u0abe\u0ab5\u0abe\u0a9d\u0acb\u0aa1\u0abe\u0aae\u0abe\u0a82 \u0aa5\u0a87\u0aa8\u0ac7 \u0aaf\u0ab9\u0acb\u0ab5\u0abe\u0aa8\u0acb \u0aae\u0abe\u0ab0\u0acd\u0a97 \u0a9c\u0abe\u0aaf \u0a9b\u0ac7. \u0ab5\u0abe\u0aa6\u0ab3\u0acb \u0aa4\u0ac7\u0aa8\u0abe \u0aaa\u0a97\u0aa8\u0ac0 \u0ab0\u0a9c \u0a9b\u0ac7."},{"Verseid":"33000003","Verse":"\u0aa4\u0ac7 \u0ab8\u0abe\u0a97\u0ab0\u0aa8\u0ac7 \u0aa7\u0aae\u0a95\u0abe\u0ab5\u0ac7 \u0a9b\u0ac7 \u0a85\u0aa8\u0ac7 \u0aae\u0ab9\u0abe\u0ab8\u0abe\u0a97\u0ab0\u0acb \u0ab8\u0ac2\u0a95\u0ab5\u0ac0 \u0aa6\u0ac7 \u0a9b\u0ac7. \u0aa4\u0ac7 \u0aa8\u0aa6\u0ac0\u0a93 \u0ab8\u0ac2\u0a95\u0abe\u0ab5\u0ac0\u0aa8\u0ac7 \u0ab0\u0ac7\u0aa4\u0ac0\u0aae\u0abe\u0a82 \u0aab\u0ac7\u0ab0\u0ab5\u0ac0 \u0aa6\u0ac7 \u0a9b\u0ac7; \u0aac\u0abe\u0ab6\u0abe\u0aa8 \u0a85\u0aa8\u0ac7 \u0a95\u0abe\u0aae\u0ac7\u0ab0\u0acd\u0ab2\u0aa8\u0abe \u0ab2\u0ac0\u0ab2\u0abe\u0a82\u0a9b\u0aae \u0aaa\u0acd\u0ab0\u0abe\u0a82\u0aa4\u0acb \u0ab8\u0ac2\u0a95\u0abe\u0a87 \u0a9c\u0abe\u0aaf \u0a9b\u0ac7; \u0ab2\u0aac\u0abe\u0aa8\u0acb\u0aa8\u0aa8\u0abe\u0a82 \u0aab\u0ac2\u0ab2\u0acb \u0a95\u0ab0\u0aae\u0abe\u0a87 \u0a9c\u0abe\u0aaf \u0a9b\u0ac7."},{"Verseid":"33000004","Verse":"\u0aa4\u0ac7\u0aae\u0aa8\u0ac7 \u0a95\u0abe\u0ab0\u0aa3\u0ac7 \u0aaa\u0ab0\u0acd\u0ab5\u0aa4\u0acb \u0aa7\u0acd\u0ab0\u0ac1\u0a9c\u0ac7 \u0a9b\u0ac7. \u0aa8\u0ac7 \u0aa1\u0ac1\u0a82\u0a97\u0ab0\u0acb \u0a93\u0a97\u0ab3\u0ac0 \u0a9c\u0abe\u0aaf \u0a9b\u0ac7. \u0aa4\u0ac7\u0aae\u0aa8\u0ac0 \u0ab8\u0abe\u0aae\u0ac7 \u0aaa\u0ac3\u0aa5\u0acd\u0ab5\u0ac0 \u0aa7\u0acd\u0ab0\u0ac1\u0a9c\u0ac7 \u0a9b\u0ac7, \u0aa6\u0ac1\u0aa8\u0abf\u0aaf\u0abe \u0a85\u0aa8\u0ac7 \u0aa4\u0ac7\u0aae\u0abe\u0a82 \u0ab5\u0ab8\u0aa4\u0abe \u0aac\u0aa7\u0abe \u0a9c\u0ac0\u0ab5\u0acb \u0ab9\u0abe\u0ab2\u0ac0 \u0a8a\u0aa0\u0ac7 \u0a9b\u0ac7."},{"Verseid":"33000005","Verse":"\u0aaf\u0ab9\u0acb\u0ab5\u0abe\u0aa8\u0abe \u0ab0\u0acb\u0ab7 \u0a86\u0a97\u0ab3 \u0a95\u0acb\u0aa3 \u0a9f\u0a95\u0ac0 \u0ab6\u0a95\u0ac7? \u0aa4\u0ac7\u0aa8\u0abe \u0a95\u0acd\u0ab0\u0acb\u0aa7\u0aa8\u0acb \u0aa4\u0abe\u0aaa \u0a95\u0acb\u0aa3 \u0ab8\u0ab9\u0ac0 \u0ab6\u0a95\u0ac7? \u0aa4\u0ac7\u0aa8\u0acb \u0a95\u0acd\u0ab0\u0acb\u0aa7 \u0a85\u0a97\u0acd\u0aa8\u0abf\u0aa8\u0ac0 \u0a9c\u0ac7\u0aae \u0ab5\u0ab0\u0ab8\u0ac7 \u0a9b\u0ac7 \u0a85\u0aa8\u0ac7 \u0aa4\u0ac7 \u0a96\u0aa1\u0a95\u0acb\u0aa8\u0abe \u0a9a\u0ac2\u0ab0\u0ac7\u0a9a\u0ac2\u0ab0\u0abe \u0a95\u0ab0\u0ac0 \u0aa8\u0abe\u0a96\u0ac7 \u0a9b\u0ac7."},{"Verseid":"33000006","Verse":"\u0aaf\u0ab9\u0acb\u0ab5\u0abe \u0aad\u0ab2\u0abe \u0a9b\u0ac7; \u0aae\u0ac1\u0ab6\u0acd\u0a95\u0ac7\u0ab2\u0ac0\u0aa8\u0abe \u0ab8\u0aae\u0aaf\u0aae\u0abe\u0a82 \u0aa4\u0ac7 \u0a86\u0aaa\u0aa3\u0aa8\u0ac7 \u0a86\u0ab6\u0acd\u0ab0\u0aaf \u0a86\u0aaa\u0ac7 \u0a9b\u0ac7!\u0aa4\u0ac7\u0aa8\u0ac7 \u0ab6\u0ab0\u0aa3\u0ac7 \u0a86\u0ab5\u0aa8\u0abe\u0ab0\u0aa8\u0ac1\u0a82 \u0aa4\u0ac7 \u0aa7\u0acd\u0aaf\u0abe\u0aa8 \u0ab0\u0abe\u0a96\u0ac7 \u0a9b\u0ac7."},{"Verseid":"33000007","Verse":"\u0aaa\u0ab0\u0a82\u0aa4\u0ac1 \u0aa4\u0ac7 \u0aaa\u0acb\u0aa4\u0abe\u0aa8\u0abe \u0ab6\u0aa4\u0acd\u0ab0\u0ac1\u0a93\u0aa8\u0acb \u0aaa\u0acd\u0ab0\u0a9a\u0a82\u0aa1 \u0a98\u0ab8\u0aae\u0ab8\u0aa4\u0abe \u0a9c\u0ab3\u0aaa\u0acd\u0ab0\u0ab2\u0aaf\u0aa5\u0ac0 \u0ab8\u0a82\u0aaa\u0ac2\u0ab0\u0acd\u0aa3 \u0aa8\u0abe\u0ab6 \u0a95\u0ab0\u0ac7 \u0a9b\u0ac7; \u0a85\u0aa8\u0ac7 \u0aa4\u0ac7\u0a93\u0aa8\u0ac7 \u0a85\u0a82\u0aa7\u0abe\u0ab0\u0abe\u0aae\u0abe\u0a82 \u0aa7\u0a95\u0ac7\u0ab2\u0ac0 \u0aa6\u0ac7 \u0a9b\u0ac7."},{"Verseid":"33000008","Verse":"\u0ab9\u0ac7 \u0aa8\u0abf\u0aa8\u0ab5\u0ac7\u0ab9, \u0aaf\u0ab9\u0acb\u0ab5\u0abe \u0ab5\u0abf\u0ab0\u0ac2\u0aa6\u0acd\u0aa7 \u0aa4\u0aae\u0ac7 \u0ab6\u0ac1\u0a82 \u0ab7\u0aa1\u0aaf\u0a82\u0aa4\u0acd\u0ab0 \u0ab0\u0a9a\u0acb \u0a9b\u0acb? \u0aa4\u0ac7 \u0aa4\u0aae\u0abe\u0ab0\u0acb \u0ab8\u0a82\u0aaa\u0ac2\u0ab0\u0acd\u0aa3 \u0aa8\u0abe\u0ab6 \u0a95\u0ab0\u0ac0 \u0aa8\u0abe\u0a96\u0ab6\u0ac7. \u0aa4\u0ac1\u0a82 \u0aac\u0ac0\u0a9c\u0ac0\u0ab5\u0abe\u0ab0 \u0aae\u0ac1\u0ab6\u0acd\u0a95\u0ac7\u0ab2\u0ac0 \u0a8a\u0aad\u0ac0 \u0aa8\u0ab9\u0abf \u0a95\u0ab0\u0ac0 \u0ab6\u0a95\u0ac7."},{"Verseid":"33000009","Verse":"\u0a95\u0abe\u0a82\u0a9f\u0abe \u0ab5\u0a9a\u0acd\u0a9a\u0ac7 \u0a85\u0a9f\u0ab5\u0abe\u0aaf\u0ac7\u0ab2\u0abe\u0aa8\u0ac0 \u0a9c\u0ac7\u0aae, \u0a9c\u0ac7\u0a93 \u0aaa\u0ac0\u0aa7\u0ac7\u0ab2\u0abe \u0a9b\u0ac7 \u0aa4\u0ac7\u0aa8\u0ac0 \u0a9c\u0ac7\u0aae, \u0a85\u0aa8\u0ac7 \u0ab8\u0a82\u0aaa\u0ac2\u0ab0\u0acd\u0aa3 \u0ab0\u0ac0\u0aa4\u0ac7 \u0a95\u0ab0\u0aae\u0abe\u0aaf\u0ac7\u0ab2\u0abe, \u0ab2\u0aa3\u0ac0 \u0ab2\u0ac0\u0aa7\u0ac7\u0ab2\u0abe \u0a96\u0ac7\u0aa4\u0ab0\u0aa8\u0ac0 \u0a9c\u0ac7\u0aae \u0ab9\u0ab6\u0ac7 \u0aa4\u0acb\u0aaa\u0aa3 \u0aa4\u0ac7\u0a93\u0aa8\u0ac7 \u0aa4\u0ac7 \u0aad\u0ab0\u0a96\u0ac0 \u0a9c\u0ab6\u0ac7."},{"Verseid":"33000010","Verse":"\u0aaf\u0ab9\u0acb\u0ab5\u0abe\u0aa8\u0ac0 \u0ab5\u0abf\u0ab0\u0ac2\u0aa6\u0acd\u0aa7 \u0aa6\u0ac1\u0ab7\u0acd\u0a9f \u0aaf\u0acb\u0a9c\u0aa8\u0abe \u0a95\u0ab0\u0aa8\u0abe\u0ab0 \u0aa4\u0aae\u0abe\u0ab0\u0abe\u0aae\u0abe\u0a82\u0aa5\u0ac0 \u0a8f\u0a95 \u0aac\u0ab9\u0abe\u0ab0 \u0a86\u0ab5\u0ac7. \u0aa4\u0ac7 \u0aa6\u0ac1\u0ab7\u0acd\u0a9f \u0ab8\u0ab2\u0abe\u0ab9\u0a95\u0abe\u0ab0 \u0a9b\u0ac7."},{"Verseid":"33000011","Verse":"\u0aaf\u0ab9\u0acb\u0ab5\u0abe \u0aaa\u0acb\u0aa4\u0abe\u0aa8\u0abe \u0ab2\u0acb\u0a95\u0acb\u0aa8\u0ac7 \u0a95\u0ab9\u0ac7 \u0a9b\u0ac7, \u201c\u0aa4\u0aae\u0abe\u0ab0\u0abe \u0ab6\u0aa4\u0acd\u0ab0\u0ac1\u0a93 \u0a97\u0aae\u0ac7 \u0aa4\u0ac7\u0ab5\u0abe \u0aac\u0ab3\u0ab5\u0abe\u0aa8 \u0a85\u0aa8\u0ac7 \u0a85\u0ab8\u0a82\u0a96\u0acd\u0aaf \u0ab9\u0ab6\u0ac7 \u0aa4\u0ac7\u0aae \u0a9b\u0aa4\u0abe\u0a82 \u0aa4\u0ac7\u0aa8\u0acb \u0aa8\u0abe\u0ab6 \u0aa5\u0ab6\u0ac7. \u0aa4\u0ac7\u0aae\u0aa8\u0ac1\u0a82 \u0aa8\u0abe\u0aae\u0acb\u0aa8\u0abf\u0ab6\u0abe\u0aa8 \u0aa8\u0ab9\u0abf \u0ab0\u0ab9\u0ac7. \u0aae\u0ac7\u0a82 \u0aa4\u0aae\u0aa8\u0ac7 \u0ab6\u0abf\u0a95\u0acd\u0ab7\u0abe \u0a95\u0ab0\u0ac0 \u0a9b\u0ac7 \u0a9b\u0aa4\u0abe\u0a81 \u0ab9\u0ac1\u0a82 \u0ab9\u0ab5\u0ac7 \u0aa4\u0aae\u0aa8\u0ac7 \u0ab8\u0a9c\u0abe \u0aa8\u0ab9\u0abf \u0a95\u0ab0\u0ac1\u0a82!"},{"Verseid":"33000012","Verse":"\u0a85\u0aa8\u0ac7 \u0ab9\u0ab5\u0ac7 \u0ab9\u0ac1\u0a82 \u0aa4\u0aae\u0abe\u0ab0\u0ac0 \u0ab8\u0abe\u0a82\u0a95\u0ab3\u0ac0 \u0aa4\u0acb\u0aa1\u0ac0 \u0aa8\u0abe\u0a96\u0ac0\u0ab6 \u0a85\u0aa8\u0ac7 \u0a86\u0ab6\u0acd\u0ab6\u0ac2\u0ab0\u0aa8\u0abe \u0ab0\u0abe\u0a9c\u0abe\u0aa8\u0ac0 \u0a97\u0ac1\u0ab2\u0abe\u0aae\u0ac0\u0aa8\u0abe \u0aac\u0acb\u0a9c\u0aae\u0abe\u0a82\u0aa5\u0ac0 \u0aa4\u0aae\u0aa8\u0ac7 \u0aae\u0ac1\u0a95\u0aa4 \u0a95\u0ab0\u0ac0\u0ab6.\u201d"},{"Verseid":"33000013","Verse":"\u0aaf\u0ab9\u0acb\u0ab5\u0abe\u0a8f \u0aa4\u0aae\u0abe\u0ab0\u0abe \u0aae\u0abe\u0a9f\u0ac7 \u0a86 \u0ab9\u0ac1\u0a95\u0aae \u0a86\u0aaa\u0acd\u0aaf\u0acb \u0a9b\u0ac7, \u201c\u0aa4\u0abe\u0ab0\u0abe \u0a95\u0ac1\u0ab3\u0aa8\u0ac0 \u0ab9\u0abe\u0ab0\u0aae\u0abe\u0ab3\u0abe \u0a96\u0ab2\u0abe\u0ab8 \u0aa5\u0a87 \u0a9c\u0ab6\u0ac7. \u0aa4\u0abe\u0ab0\u0abe \u0aae\u0a82\u0aa6\u0abf\u0ab0\u0acb\u0aa8\u0ac0 \u0aae\u0ac2\u0ab0\u0acd\u0aa4\u0abf\u0a93 \u0a85\u0aa8\u0ac7 \u0aaa\u0acd\u0ab0\u0aa4\u0abf\u0aae\u0abe\u0a93\u0aa8\u0acb \u0ab9\u0ac1\u0a82 \u0aa8\u0abe\u0ab6 \u0a95\u0ab0\u0ac0\u0ab6. \u0ab9\u0ac1\u0a82 \u0aa4\u0aa8\u0ac7 \u0aa6\u0aab\u0aa8\u0abe\u0ab5\u0ac0 \u0aa6\u0a87\u0ab6! \u0a95\u0abe\u0ab0\u0aa3\u0a95\u0ac7 \u0aa4\u0ac1\u0a82 \u0aa4\u0abf\u0ab0\u0ab8\u0acd\u0a95\u0ac3\u0aa4 \u0aa5\u0aaf\u0acb \u0a9b\u0ac7!\u201d"},{"Verseid":"33000014","Verse":"\u0a9c\u0ac1\u0a93, \u0aaa\u0ab0\u0acd\u0ab5\u0aa4 \u0aaa\u0ab0 \u0ab8\u0a82\u0aa6\u0ac7\u0ab6\u0abe\u0a82\u0ab5\u0abe\u0ab9\u0a95\u0acb\u0aa8\u0abe \u0aaa\u0a97\u0ab2\u0abe\u0a82 \u0a9b\u0ac7; \u0aa4\u0ac7 \u0ab6\u0abe\u0a82\u0aa4\u0abf\u0aa8\u0abe \u0ab8\u0abe\u0ab0\u0abe \u0ab8\u0aae\u0abe\u0a9a\u0abe\u0ab0 \u0ab2\u0abe\u0ab5\u0ac0 \u0ab0\u0ab9\u0acd\u0aaf\u0abe\u0a82 \u0a9b\u0ac7. \u0ab9\u0ac7 \u0aaf\u0ab9\u0ac2\u0aa6\u0abf\u0aaf\u0abe\u0aa8\u0abe \u0ab2\u0acb\u0a95\u0acb, \u0aa4\u0aae\u0abe\u0ab0\u0abe \u0a89\u0aa4\u0acd\u0ab8\u0ab5\u0acb \u0a8a\u0a9c\u0ab5\u0acb, \u0aa4\u0aae\u0abe\u0ab0\u0abe \u0ab5\u0a9a\u0aa8\u0acb \u0aaa\u0ac2\u0ab0\u0abe \u0a95\u0ab0\u0acb, \u0a95\u0abe\u0ab0\u0aa3 \u0ab9\u0ab5\u0ac7 \u0a95\u0aa6\u0ac0 \u0aa6\u0ac1\u0ab7\u0acd\u0a9f \u0ab2\u0acb\u0a95\u0acb \u0aa4\u0aae\u0abe\u0ab0\u0abe \u0aaa\u0ab0 \u0a86\u0a95\u0acd\u0ab0\u0aae\u0aa3 \u0a95\u0ab0\u0ab6\u0ac7 \u0aa8\u0ab9\u0abf, \u0aa4\u0ac7\u0aae\u0aa8\u0acb \u0ab8\u0aae\u0ac2\u0ab3\u0a97\u0acb \u0aa8\u0abe\u0ab6 \u0a95\u0ab0\u0ab5\u0abe\u0aae\u0abe\u0a82 \u0a86\u0ab5\u0acd\u0aaf\u0acb \u0a9b\u0ac7."}]},{"Verse":[{"Verseid":"33001000","Verse":"\u0a93 \u0aa8\u0abf\u0aa8\u0ab5\u0ac7\u0ab9! \u0aa4\u0aa8\u0ac7 \u0ab5\u0abf\u0a96\u0ac7\u0ab0\u0ac0 \u0aa8\u0abe\u0a96\u0ab5\u0abe \u0a8f\u0a95 \u0ab6\u0aa4\u0acd\u0ab0\u0ac1 \u0a86\u0ab5\u0acd\u0aaf\u0acb \u0a9b\u0ac7! \u0a95\u0abf\u0ab2\u0acd\u0ab2\u0abe\u0aa8\u0ac0 \u0ab0\u0a95\u0acd\u0ab7\u0abe \u0a95\u0ab0. \u0ab0\u0ab8\u0acd\u0aa4\u0abe \u0aaa\u0ab0 \u0a9a\u0acb\u0a95\u0ac0 \u0a95\u0ab0, \u0aaf\u0ac1\u0aa6\u0acd\u0aa7 \u0aae\u0abe\u0a9f\u0ac7 \u0aa4\u0ac8\u0aaf\u0abe\u0ab0 \u0aa5\u0a87 \u0a9c\u0abe. \u0aa4\u0abe\u0ab0\u0ac0 \u0aac\u0aa7\u0ac0 \u0ab6\u0a95\u0abf\u0aa4\u0aa8\u0ac7 \u0aad\u0ac7\u0a97\u0ac0 \u0a95\u0ab0."},{"Verseid":"33001001","Verse":"\u0ab2\u0ac2\u0a82\u0a9f\u0abe\u0ab0\u0abe\u0a93\u0a8f \u0aa4\u0ac7\u0a93\u0aa8\u0ac7 \u0ab2\u0ac2\u0a82\u0a9f\u0ac0 \u0ab2\u0ac0\u0aa7\u0abe \u0a9b\u0ac7 \u0a85\u0aa8\u0ac7 \u0aa4\u0ac7\u0a93\u0aa8\u0abe \u0aa6\u0acd\u0ab0\u0abe\u0a95\u0acd\u0ab7\u0aa8\u0abe \u0ab5\u0ac7\u0ab2\u0abe\u0aa8\u0acb \u0aa8\u0abe\u0ab6 \u0a95\u0ab0\u0acd\u0aaf\u0acb \u0a9b\u0ac7, \u0aaa\u0ab0\u0a82\u0aa4\u0ac1 \u0aaf\u0ab9\u0acb\u0ab5\u0abe \u0aaf\u0abe\u0a95\u0ac2\u0aac\u0aa8\u0ac1\u0a82 \u0aae\u0abe\u0aa8 \u0a87\u0ab8\u0acd\u0ab0\u0abe\u0a8f\u0ab2\u0aa8\u0abe \u0ab8\u0aa8\u0acd\u0aae\u0abe\u0aa8\u0aa8\u0ac0 \u0a9c\u0ac7\u0aae \u0aaa\u0ac1\u0aa8:\u0ab8\u0acd\u0aa5\u0abe\u0aaa\u0abf\u0aa4 \u0a95\u0ab0\u0ab6\u0ac7."},{"Verseid":"33001002","Verse":"\u0aa4\u0ac7\u0aa8\u0abe \u0aaf\u0acb\u0aa6\u0acd\u0aa7\u0abe\u0a93\u0aa8\u0ac0 \u0aa2\u0abe\u0ab2\u0acb\u0aa8\u0acb \u0ab0\u0a82\u0a97 \u0ab2\u0abe\u0ab2 \u0a9b\u0ac7. \u0a85\u0aa4\u0abf \u0ab6\u0a95\u0abf\u0aa4\u0ab6\u0abe\u0ab3\u0ac0 \u0aae\u0abe\u0aa3\u0ab8\u0acb \u0ab2\u0abe\u0ab2 \u0ab0\u0a82\u0a97\u0aa8\u0abe \u0aaa\u0acb\u0ab7\u0abe\u0a95\u0aae\u0abe\u0a82 \u0a9b\u0ac7. \u0a9a\u0aae\u0a95\u0abe\u0ab0\u0abe \u0aae\u0abe\u0ab0\u0aa4\u0abe \u0aa4\u0ac7\u0aa8\u0abe \u0ab0\u0aa5\u0acb \u0aaf\u0ac1\u0aa6\u0acd\u0aa7 \u0aae\u0abe\u0a9f\u0ac7 \u0aa4\u0ac8\u0aaf\u0abe\u0ab0 \u0aa5\u0a87 \u0ab0\u0ab9\u0acd\u0aaf\u0abe \u0a9b\u0ac7. \u0aa4\u0ac7\u0aae\u0aa8\u0abe \u0ab5\u0ac3\u0a95\u0acd\u0ab7\u0acb \u0ab9\u0ab2\u0abe\u0ab5\u0abe\u0a87 \u0ab0\u0ab9\u0acd\u0aaf\u0abe\u0a82 \u0a9b\u0ac7."},{"Verseid":"33001003","Verse":"\u0ab0\u0aa5\u0acb \u0a97\u0ab2\u0ac0\u0a93\u0aae\u0abe\u0a82 \u0a97\u0abe\u0a82\u0aa1\u0abe\u0aa4\u0ac2\u0ab0 \u0aac\u0aa8\u0ac0\u0aa8\u0ac7 \u0a98\u0ac2\u0aae\u0ac0 \u0ab0\u0ab9\u0acd\u0aaf\u0abe\u0a82 \u0a9b\u0ac7. \u0aa4\u0ac7\u0a93 \u0a9a\u0acb\u0a95\u0aae\u0abe\u0a82 \u0a89\u0aaa\u0ab0 \u0aa8\u0ac0\u0a9a\u0ac7 \u0a89\u0aa4\u0abe\u0ab5\u0ab3\u0ac7 \u0a98\u0ab8\u0ac0 \u0ab0\u0ab9\u0acd\u0aaf\u0abe\u0a82 \u0a9b\u0ac7 \u0ab8\u0ab3\u0a97\u0aa4\u0ac0 \u0aae\u0ab6\u0abe\u0ab2\u0aa8\u0ac0 \u0a9c\u0ac7\u0aae \u0aa6\u0acb\u0aa1\u0ac7 \u0a9b\u0ac7 \u0a85\u0aa8\u0ac7 \u0ab5\u0ac0\u0a9c\u0ab3\u0ac0\u0aa8\u0ac0 \u0a9c\u0ac7\u0aae \u0a9c\u0acd\u0aaf\u0abe\u0a82 \u0aa4\u0acd\u0aaf\u0abe\u0a82 \u0aa4\u0acd\u0ab0\u0abe\u0a9f\u0a95\u0ab5\u0abe\u0aa8\u0abe \u0ab9\u0acb\u0aaf \u0aa4\u0ac7\u0ab5\u0abe \u0aa6\u0ac7\u0a96\u0abe\u0aaf \u0a9b\u0ac7."},{"Verseid":"33001004","Verse":"\u0a9a\u0ac1\u0aa8\u0a82\u0aa6\u0abe \u0aaf\u0acb\u0aa6\u0acd\u0aa7\u0abe\u0a93\u0aa8\u0ac7 \u0aa4\u0ac7\u0aa1\u0abe\u0ab5\u0ab5\u0abe\u0aae\u0abe\u0a82 \u0a86\u0ab5\u0acd\u0aaf\u0abe \u0a9b\u0ac7; \u0aa4\u0ac7\u0a93 \u0aa0\u0acb\u0a95\u0ab0 \u0a96\u0abe\u0aa4\u0abe \u0aa6\u0acb\u0aa1\u0aa4\u0abe \u0a86\u0ab5\u0ac7 \u0a9b\u0ac7, \u0aa4\u0ac7\u0a93 \u0a95\u0acb\u0a9f \u0aa4\u0ab0\u0aab \u0a86\u0a97\u0ab3 \u0ab5\u0aa7\u0ac0 \u0ab0\u0ab9\u0acd\u0aaf\u0abe\u0a82 \u0a9b\u0ac7 \u0a85\u0aa8\u0ac7 \u0ab9\u0ac1\u0aae\u0ab2\u0acb \u0a95\u0ab0\u0ab5\u0abe\u0aa8\u0abe \u0ab6\u0ab8\u0acd\u0aa4\u0acd\u0ab0\u0acb \u0a97\u0acb\u0aa0\u0ab5\u0ac0 \u0aa6\u0ac7 \u0a9b\u0ac7."},{"Verseid":"33001005","Verse":"\u0aa8\u0aa6\u0ac0 \u0aa4\u0ab0\u0aab\u0aa8\u0abe \u0aa6\u0ab0\u0ab5\u0abe\u0a9c\u0abe\u0a93 \u0a96\u0ac2\u0ab2\u0ac0 \u0a97\u0aaf\u0abe \u0a9b\u0ac7! \u0aae\u0ab9\u0ac7\u0ab2 \u0aa4\u0ac2\u0a9f\u0ac0 \u0a97\u0aaf\u0acb \u0a9b\u0ac7!"},{"Verseid":"33001006","Verse":"\u0aa8\u0abf\u0aa8\u0ab5\u0ac7\u0ab9\u0aa8\u0ac0 \u0ab0\u0abe\u0aa3\u0ac0\u0aa8\u0ac7 \u0aa8\u0abf\u0ab0\u0acd\u0ab5\u0ab8\u0acd\u0aa4\u0acd\u0ab0\u0ac0 \u0a95\u0ab0\u0ac0 \u0aac\u0a82\u0aa6\u0ac0\u0ab5\u0abe\u0aa8 \u0aac\u0aa8\u0abe\u0ab5\u0ac0 \u0ab2\u0a87 \u0a9c\u0ab5\u0abe\u0aae\u0abe\u0a82 \u0a86\u0ab5\u0ac7 \u0a9b\u0ac7. \u0aa6\u0abe\u0ab8\u0ac0\u0a93 \u0a9b\u0abe\u0aa4\u0ac0 \u0a95\u0ac2\u0a9f\u0ac7 \u0a9b\u0ac7, \u0aa8\u0ac7 \u0a95\u0aac\u0ac2\u0aa4\u0ab0\u0aa8\u0ac0 \u0a9c\u0ac7\u0aae \u0ab6\u0acb\u0a95 \u0a95\u0ab0\u0ac7 \u0a9b\u0ac7."},{"Verseid":"33001007","Verse":"\u0aa8\u0abf\u0aa8\u0ab5\u0ac7\u0ab9\u0aa8\u0abe \u0ab2\u0acb\u0a95\u0acb \u0aaa\u0abe\u0ab3 \u0aa4\u0ac2\u0a9f\u0ac7\u0ab2\u0abe \u0aa4\u0ab3\u0abe\u0ab5\u0aae\u0abe\u0a82\u0aa5\u0ac0 \u0aaa\u0abe\u0aa3\u0ac0 \u0ab5\u0ab9\u0ac0 \u0a9c\u0abe\u0aaf \u0aa4\u0ac7\u0aae \u0aad\u0abe\u0a97\u0ac7 \u0a9b\u0ac7. \u201c\u0aa5\u0acb\u0aad\u0acb, \u0aa5\u0acb\u0aad\u0acb\u201d \u0aa8\u0abe \u0aaa\u0acb\u0a95\u0abe\u0ab0 \u0ab8\u0a82\u0aad\u0ab3\u0abe\u0aaf \u0a9b\u0ac7, \u0aaa\u0aa3 \u0a95\u0acb\u0a87 \u0aaa\u0abe\u0a9b\u0ac1\u0a82 \u0aab\u0ab0\u0aa4\u0ac1\u0a82 \u0aa8\u0aa5\u0ac0."},{"Verseid":"33001008","Verse":"\u0aa4\u0aae\u0ac7 \u0a9a\u0abe\u0a82\u0aa6\u0ac0 \u0ab2\u0ac2\u0a82\u0a9f\u0acb! \u0ab8\u0acb\u0aa8\u0ac1 \u0ab2\u0ac2\u0a82\u0a9f\u0acb! \u0a95\u0abf\u0aae\u0aa4\u0ac0 \u0a9d\u0ab5\u0ac7\u0ab0\u0abe\u0aa4 \u0a96\u0a9c\u0abe\u0aa8\u0abe\u0aa8\u0acb \u0a95\u0acb\u0a87 \u0aaa\u0abe\u0ab0 \u0aa8\u0aa5\u0ac0. \u0a85\u0aa2\u0ab3\u0a95 \u0aa7\u0aa8\u0ab8\u0a82\u0aaa\u0aa4\u0acd\u0aa4\u0abf \u0ab2\u0a87 \u0a9c\u0ab5\u0abe\u0aae\u0abe\u0a82 \u0a86\u0ab5\u0ac0 \u0ab0\u0ab9\u0ac0 \u0a9b\u0ac7."},{"Verseid":"33001009","Verse":"\u0aa8\u0abf\u0aa8\u0ab5\u0ac7\u0ab9 \u0aa8\u0a97\u0ab0 \u0a89\u0a9c\u0acd\u0a9c\u0aa1 \u0a85\u0aa8\u0ac7 \u0a96\u0abe\u0ab2\u0ac0 \u0aa5\u0a87 \u0a97\u0aaf\u0ac1\u0a82 \u0a9b\u0ac7. \u0ab9\u0ac3\u0aa6\u0aaf\u0aa8\u0abe \u0aa7\u0aac\u0a95\u0abe\u0ab0\u0abe \u0aa7\u0ac0\u0aae\u0abe \u0aaa\u0aa1\u0ac0 \u0a9c\u0abe\u0aaf \u0a9b\u0ac7, \u0aaa\u0a97 \u0aa7\u0acd\u0ab0\u0ac1\u0a9c\u0ac7 \u0a9b\u0ac7, \u0aa6\u0ab0\u0ac7\u0a95 \u0a9c\u0aa3\u0aa8\u0abe \u0ab6\u0ab0\u0ac0\u0ab0 \u0aaf\u0abe\u0aa4\u0aa8\u0abe \u0aad\u0acb\u0a97\u0ab5\u0ac7 \u0a9b\u0ac7 \u0a85\u0aa8\u0ac7 \u0aa6\u0ab0\u0ac7\u0a95\u0aa8\u0abe \u0aae\u0acb\u0a82 \u0aa7\u0acb\u0ab3\u0abe\u0a82 \u0aaa\u0ac2\u0aa3\u0ac0 \u0a9c\u0ac7\u0ab5\u0abe \u0aa5\u0a87 \u0a9c\u0abe\u0aaf \u0a9b\u0ac7."},{"Verseid":"33001010","Verse":"\u0a95\u0acd\u0aaf\u0abe\u0a82 \u0a9b\u0ac7 \u0a8f \u0ab6\u0ab9\u0ac7\u0ab0, \u0a9c\u0ac7 \u0ab8\u0abf\u0a82\u0ab9\u0aa8\u0ac0 \u0a97\u0ac1\u0aab\u0abe \u0a9c\u0ac7\u0ab5\u0ac1\u0a82 \u0ab9\u0aa4\u0ac1\u0a82? \u0a9c\u0acd\u0aaf\u0abe\u0a82 \u0ab8\u0abf\u0a82\u0ab9\u0aa8\u0abe \u0aac\u0a9a\u0acd\u0a9a\u0abe\u0a82 \u0aaa\u0acb\u0ab7\u0abe\u0aa4\u0abe\u0a82 \u0ab9\u0aa4\u0abe\u0a82, \u0a9c\u0acd\u0aaf\u0abe\u0a82 \u0ab8\u0abf\u0a82\u0ab9-\u0ab8\u0abf\u0a82\u0ab9\u0aa3 \u0a85\u0aa8\u0ac7 \u0ab8\u0abf\u0a82\u0ab9\u0aa8\u0abe \u0aac\u0a9a\u0acd\u0a9a\u0abe\u0a82 \u0aa8\u0abf\u0ab0\u0abe\u0a82\u0aa4\u0ac7 \u0aab\u0ab0\u0aa4\u0abe\u0a82 \u0ab9\u0aa4\u0abe\u0a82. \u0aa4\u0ac7\u0a93\u0aa8\u0ac7 \u0ab5\u0acd\u0aaf\u0abe\u0a95\u0ac1\u0ab3 \u0a95\u0ab0\u0ac7 \u0aa4\u0ac7\u0ab5\u0ac1\u0a82 \u0aa4\u0acd\u0aaf\u0abe\u0a82 \u0a95\u0abe\u0a82\u0a87\u0a9c \u0aa8 \u0ab9\u0aa4\u0ac1\u0a82."},{"Verseid":"33001011","Verse":"\u0a9c\u0ac7\u0aae \u0ab8\u0abf\u0a82\u0ab9 \u0aa4\u0ac7\u0aa8\u0abe \u0aac\u0a9a\u0acd\u0a9a\u0abe\u0a82 \u0aae\u0abe\u0a9f\u0ac7 \u0aaa\u0ac2\u0ab0\u0aa4\u0acb \u0ab6\u0abf\u0a95\u0abe\u0ab0 \u0a95\u0ab0\u0ac7 \u0a9b\u0ac7 \u0aa4\u0ac7\u0ab5\u0ac0 \u0ab0\u0ac0\u0aa4\u0ac7 \u0aa4\u0ac7\u0aa3\u0ac7 \u0aac\u0acb\u0aa1 \u0a85\u0aa8\u0ac7 \u0a97\u0ac1\u0aab\u0abe \u0ab6\u0abf\u0a95\u0abe\u0ab0\u0aa5\u0ac0 \u0aad\u0ab0\u0ac0 \u0aa6\u0ac0\u0aa7\u0abe."},{"Verseid":"33001012","Verse":"\u0aaa\u0ab0\u0a82\u0aa4\u0ac1 \u0ab9\u0ab5\u0ac7 \u0ab8\u0ac8\u0aa8\u0acd\u0aaf\u0acb\u0aa8\u0acb \u0aa6\u0ac7\u0ab5 \u0aaf\u0ab9\u0acb\u0ab5\u0abe \u0a95\u0ab9\u0ac7 \u0a9b\u0ac7; \u201c\u0ab9\u0ac1\u0a82 \u0aa4\u0abe\u0ab0\u0ac0 \u0ab5\u0abf\u0ab0\u0ac2\u0aa6\u0acd\u0aa7 \u0a9b\u0ac1\u0a82. \u0ab9\u0ac1\u0a82 \u0aa4\u0abe\u0ab0\u0abe \u0ab0\u0aa5 \u0aac\u0abe\u0ab3\u0ac0\u0aa8\u0ac7 \u0aad\u0ab8\u0acd\u0aae \u0a95\u0ab0\u0ac0 \u0aa8\u0abe\u0a96\u0ac0\u0ab6, \u0a85\u0aa8\u0ac7 \u0aa4\u0ab0\u0ab5\u0abe\u0ab0 \u0aa4\u0abe\u0ab0\u0abe \u0aac\u0a9a\u0acd\u0a9a\u0abe\u0a93\u0aa8\u0acb \u0ab8\u0a82\u0ab9\u0abe\u0ab0 \u0a95\u0ab0\u0ab6\u0ac7. \u0ab9\u0ac1\u0a82 \u0aaa\u0ac3\u0aa5\u0acd\u0ab5\u0ac0 \u0aaa\u0ab0\u0aa5\u0ac0 \u0aa4\u0aae\u0aa8\u0ac7 \u0ab6\u0abf\u0a95\u0abe\u0ab0 \u0a95\u0ab0\u0ab5\u0abe \u0aae\u0abe\u0a9f\u0ac7 \u0aae\u0ab3\u0aa4\u0abe \u0aaa\u0ab6\u0ac1\u0a93 \u0ab2\u0a87 \u0ab2\u0a87\u0ab6; \u0ab8\u0a82\u0aa6\u0ac7\u0ab6\u0abe\u0a82\u0ab5\u0abe\u0ab9\u0a95\u0aa8\u0acb \u0ab8\u0abe\u0aa6 \u0aab\u0ab0\u0ac0 \u0a95\u0aa6\u0ac0 \u0ab8\u0a82\u0aad\u0ab3\u0abe\u0ab6\u0ac7 \u0aa8\u0ab9\u0abf.\u201d"}]},{"Verse":[{"Verseid":"33002000","Verse":"\u0a86 \u0ab2\u0acb\u0ab9\u0ac0 \u0aa4\u0ab0\u0ab8\u0ac0 \u0aa8\u0a97\u0ab0\u0ac0, \u0aa8\u0abf\u0aa8\u0ab5\u0ac7\u0ab9\u0aa8\u0ac7 \u0a85\u0aab\u0ab8\u0acb\u0ab8! \u0aa6\u0a97\u0abe\u0aab\u0a9f\u0a95\u0abe\u0aa5\u0ac0 \u0a85\u0aa8\u0ac7 \u0ab2\u0ac2\u0a82\u0a9f\u0aa5\u0ac0 \u0aa4\u0ac1\u0a82 \u0aad\u0ab0\u0ac7\u0ab2\u0ac0 \u0a9b\u0ac7 \u0a9b\u0aa4\u0abe\u0a82 \u0ab9\u0a9c\u0ac0 \u0ab6\u0abf\u0a95\u0abe\u0ab0 \u0a95\u0ab0\u0ab5\u0abe\u0aa8\u0ac1\u0a82 \u0aac\u0a82\u0aa7 \u0a95\u0ab0\u0acd\u0aaf\u0ac1 \u0aa8\u0aa5\u0ac0."},{"Verseid":"33002001","Verse":"\u0ab8\u0abe\u0a82\u0aad\u0ab3! \u0ab0\u0ab8\u0acd\u0aa4\u0abe\u0a93 \u0aaa\u0ab0 \u0aa5\u0a87\u0aa8\u0ac7 \u0a9c\u0aa4\u0abe \u0ab0\u0aa5\u0acb\u0aa8\u0acb \u0a97\u0aa1\u0a97\u0aa1\u0abe\u0a9f, \u0aa4\u0ac7\u0aa8\u0abe \u0aaa\u0ac8\u0aa1\u0abe\u0aa8\u0acb \u0a85\u0ab5\u0abe\u0a9c, \u0a98\u0acb\u0aa1\u0abe\u0aa8\u0ac0 \u0a96\u0ab0\u0ac0\u0a93\u0aa8\u0acb \u0a85\u0ab5\u0abe\u0a9c \u0a85\u0aa8\u0ac7 \u0a9a\u0abe\u0aac\u0ac2\u0a95\u0acb\u0aa8\u0acb \u0a85\u0ab5\u0abe\u0a9c."},{"Verseid":"33002002","Verse":"\u0aa7\u0ab8\u0aa4\u0abe \u0a98\u0acb\u0aa1\u0ac7\u0ab8\u0ab5\u0abe\u0ab0\u0acb, \u0a9a\u0aae\u0a95\u0aa4\u0ac0 \u0aa4\u0ab0\u0ab5\u0abe\u0ab0\u0acb, \u0a9d\u0ab3\u0ab9\u0ab3\u0aa4\u0abe \u0aad\u0abe\u0ab2\u0abe\u0a93, \u0a85\u0ab8\u0a82\u0a96\u0acd\u0aaf \u0aae\u0abe\u0aa3\u0ab8\u0acb \u0ab9\u0aa3\u0abe\u0aaf \u0a9b\u0ac7, \u0aae\u0ac3\u0aa4\u0aa6\u0ac7\u0ab9\u0acb\u0aa8\u0abe \u0aa2\u0a97\u0ab2\u0abe \u0ab8\u0ab0\u0acd\u0ab5\u0aa4\u0acd\u0ab0 \u0a9b\u0ac7, \u0aae\u0abe\u0aa3\u0ab8\u0acb \u0aae\u0ac3\u0aa4\u0aa6\u0ac7\u0ab9\u0acb \u0aaa\u0ab0 \u0aa5\u0a87\u0aa8\u0ac7 \u0a9c\u0abe\u0aaf \u0a9b\u0ac7! \u0aae\u0ac3\u0aa4\u0aa6\u0ac7\u0ab9\u0acb\u0aa8\u0acb \u0a95\u0acb\u0a87 \u0aaa\u0abe\u0ab0 \u0aa8\u0aa5\u0ac0!"},{"Verseid":"33002003","Verse":"\u0a86 \u0ab8\u0ab0\u0acd\u0ab5\u0aa8\u0ac1\u0a82 \u0a95\u0abe\u0ab0\u0aa3 \u0a8f \u0a9b\u0ac7 \u0a95\u0ac7, \u0aa8\u0abf\u0aa8\u0ab5\u0ac7\u0ab9 \u0a8f\u0a95 \u0ab5\u0ac7\u0ab6\u0acd\u0aaf\u0abe \u0a9c\u0ac7\u0ab5\u0ac0 \u0aac\u0aa8\u0ac0 \u0a97\u0a87 \u0a9b\u0ac7, \u0a9c\u0abe\u0aa6\u0ac1\u0a95\u0acd\u0ab0\u0abf\u0aaf\u0abe\u0aae\u0abe\u0a82 \u0aaa\u0acd\u0ab0\u0ab5\u0ac0\u0aa3 \u0aa8\u0abf\u0aa8\u0ab5\u0ac7\u0ab9\u0aa8\u0a97\u0ab0\u0ac7 \u0aaa\u0acb\u0aa4\u0abe\u0aa8\u0ac0 \u0ab8\u0ac1\u0a82\u0aa6\u0ab0\u0aa4\u0abe\u0aa5\u0ac0 \u0ab5\u0ac7\u0ab6\u0acd\u0aaf\u0abe\u0a97\u0ac0\u0ab0\u0ac0\u0aa5\u0ac0 \u0aaa\u0acd\u0ab0\u0a9c\u0abe\u0a93\u0aa8\u0ac7 \u0ab2\u0acb\u0aad\u0abe\u0ab5\u0ac0 \u0a85\u0aa8\u0ac7 \u0aa4\u0ac7\u0a93\u0aa8\u0ac7 \u0a9c\u0abe\u0ab3\u0aae\u0abe\u0a82 \u0aab\u0ab8\u0abe\u0ab5\u0ac0 \u0aa6\u0ac0\u0aa7\u0abe. \u0aa8\u0abf\u0aa8\u0ab5\u0ac7\u0ab9\u0ac7 \u0aa4\u0ac7\u0aa8\u0abe \u0a9c\u0abe\u0aa6\u0ac1\u0aa5\u0ac0 \u0aaa\u0ab0\u0abf\u0ab5\u0abe\u0ab0\u0acb\u0aa8\u0ac7 \u0a86\u0a95\u0ab7\u0abf\u0ab0\u0acd\u0aa4 \u0a95\u0ab0\u0acd\u0aaf\u0abe."},{"Verseid":"33002004","Verse":"\u0ab8\u0ac8\u0aa8\u0acd\u0aaf\u0acb\u0aa8\u0acb \u0aa6\u0ac7\u0ab5 \u0aaf\u0ab9\u0acb\u0ab5\u0abe \u0a95\u0ab9\u0ac7 \u0a9b\u0ac7, \u201c\u0ab9\u0ac7 \u0aa8\u0abf\u0aa8\u0ab5\u0ac7\u0ab9, \u0ab9\u0ac1\u0a82 \u0aa4\u0abe\u0ab0\u0ac0 \u0ab5\u0abf\u0ab0\u0ac2\u0aa6\u0acd\u0aa7 \u0a9b\u0ac1\u0a82 \u0a85\u0aa8\u0ac7 \u0aaa\u0acd\u0ab0\u0a9c\u0abe\u0a93 \u0a85\u0aa8\u0ac7 \u0ab0\u0abe\u0a9c\u0acd\u0aaf\u0acb \u0a86\u0a97\u0ab3 \u0aa4\u0aa8\u0ac7 \u0a89\u0a98\u0abe\u0aa1\u0ac0 \u0aaa\u0abe\u0aa1\u0ac0 \u0aa4\u0aa8\u0ac7 \u0aac\u0ac7\u0a86\u0aac\u0ab0\u0ac2 \u0a95\u0ab0\u0ac0\u0ab6."},{"Verseid":"33002005","Verse":"\u0ab9\u0ac1\u0a82 \u0aa4\u0abe\u0ab0\u0abe \u0aaa\u0ab0 \u0a95\u0a82\u0a9f\u0abe\u0ab3\u0abe\u0aa6\u0abe\u0aaf\u0a95 \u0a97\u0a82\u0aa6\u0a95\u0ac0 \u0aa8\u0abe\u0a96\u0ac0\u0ab6, \u0aa4\u0abe\u0ab0\u0acb \u0a85\u0aa8\u0abe\u0aa6\u0ab0 \u0a95\u0ab0\u0ac0\u0ab6, \u0aa8\u0ac7 \u0aa4\u0aa8\u0ac7 \u0ab9\u0abe\u0ab8\u0acd\u0aaf\u0a9c\u0aa8\u0a95 \u0ab0\u0ac0\u0aa4\u0ac7 \u0aaa\u0acd\u0ab0\u0aa6\u0ab6\u0ac0\u0ab0\u0acd\u0aa4 \u0a95\u0ab0\u0ac0\u0ab6."},{"Verseid":"33002006","Verse":"\u0a9c\u0ac7\u0a93 \u0aa4\u0ac7\u0aa8\u0ac7 \u0a9c\u0acb\u0ab6\u0ac7 \u0aa4\u0ac7 \u0a95\u0ab9\u0ac7\u0ab6\u0ac7, \u2018\u0aa8\u0abf\u0aa8\u0ab5\u0ac7\u0ab9 \u0aa7\u0ac2\u0ab3\u0aa7\u0abe\u0aa3\u0ac0 \u0aa5\u0a87 \u0a97\u0aaf\u0ac1\u0a82.\u2019 \u0a95\u0acb\u0a87 \u0a8f\u0aa8\u0ac7 \u0aae\u0abe\u0a9f\u0ac7 \u0ab5\u0abf\u0ab2\u0abe\u0aaa \u0aa8\u0ab9\u0abf \u0a95\u0ab0\u0ac7, \u0a8f\u0aa8\u0ac7 \u0a86\u0ab6\u0acd\u0ab5\u0abe\u0ab8\u0aa8 \u0a86\u0aaa\u0aa8\u0abe\u0ab0 \u0ab6\u0acb\u0aa7\u0acd\u0aaf\u0acb \u0a9c\u0aa1\u0ac7 \u0a8f\u0aae \u0aa8\u0aa5\u0ac0.\u201d"},{"Verseid":"33002007","Verse":"\u0ab6\u0ac1\u0a82 \u0aa4\u0ac1\u0a82 \u0aa4\u0ac7\u0aa8\u0abe-\u0a86\u0aae\u0acb\u0aa8\u0aa8\u0a97\u0ab0 \u0a95\u0ab0\u0aa4\u0abe\u0a82 \u0aaa\u0aa3 \u0a9a\u0aa1\u0abf\u0aaf\u0abe\u0aa4\u0ac0 \u0a9b\u0ac7, \u0a9c\u0ac7 \u0aa8\u0ac0\u0ab2 \u0aa8\u0aa6\u0ac0\u0aa8\u0ac7 \u0a95\u0abe\u0a82\u0aa0\u0ac7 \u0ab5\u0ab8\u0ac7\u0ab2\u0ac1\u0a82 \u0ab9\u0aa4\u0ac1\u0a82. \u0a9c\u0ac7\u0aa8\u0ac0 \u0a9a\u0abe\u0ab0\u0ac7\u0a95\u0acb\u0ab0 \u0aaa\u0abe\u0aa3\u0ac0 \u0ab9\u0aa4\u0ac1\u0a82, \u0aa8\u0aa6\u0ac0 \u0a9c\u0ac7\u0aa8\u0acb \u0a97\u0aa2 \u0ab9\u0aa4\u0acb \u0a85\u0aa8\u0ac7 \u0aaa\u0abe\u0aa3\u0ac0 \u0a9c\u0ac7\u0aa8\u0acb \u0a95\u0acb\u0a9f \u0ab9\u0aa4\u0acb?"},{"Verseid":"33002008","Verse":"\u0aa4\u0ac7\u0aa8\u0ac7 \u0aaa\u0a95\u0acd\u0ab7\u0ac7 \u0a95\u0ac2\u0ab6 \u0a85\u0aa8\u0ac7 \u0aae\u0abf\u0ab8\u0ab0\u0aa8\u0ac0 \u0ab8\u0ac8\u0aa8\u0abe\u0aa8\u0ac1\u0a82 \u0a85\u0aae\u0abe\u0aaa \u0aac\u0ab3 \u0ab9\u0aa4\u0ac1\u0a82. \u0a85\u0aa8\u0ac7 \u0aaa\u0ac2\u0a9f \u0aa4\u0aa5\u0abe \u0ab2\u0ac2\u0aac\u0ac0\u0a93\u0aa8\u0ac7 \u0aac\u0acb\u0ab2\u0abe\u0ab5\u0ac0\u0aa8\u0ac7 \u0aa4\u0ac7 \u0ab8\u0ab9\u0abe\u0aaf \u0aaa\u0acd\u0ab0\u0abe\u0aaa\u0acd\u0aa4 \u0a95\u0ab0\u0ac0 \u0ab6\u0a95\u0aa4\u0ac1\u0a82 \u0ab9\u0aa4\u0ac1\u0a82."},{"Verseid":"33002009","Verse":"\u0aa4\u0ac7\u0aae \u0a9b\u0aa4\u0abe\u0a82 \u0aa4\u0ac7 \u0aac\u0a82\u0aa6\u0ac0\u0ab5\u0abe\u0aa8 \u0aa5\u0aaf\u0ac1\u0a82, \u0aa4\u0ac7\u0aa3\u0ac7 \u0aa6\u0ac7\u0ab6\u0ab5\u0a9f\u0acb \u0aad\u0acb\u0a97\u0ab5\u0ab5\u0acb \u0aaa\u0aa1\u0acd\u0aaf\u0acb. \u0ab6\u0ac7\u0ab0\u0ac0\u0aa8\u0abe \u0aa8\u0abe\u0a95\u0ac7 \u0aa4\u0ac7\u0aa8\u0abe \u0aac\u0abe\u0ab3\u0a95\u0acb\u0aa8\u0ac7 \u0aae\u0abe\u0ab0 \u0aae\u0abe\u0ab0\u0ac0\u0aa8\u0ac7 \u0aae\u0abe\u0ab0\u0ac0 \u0aa8\u0abe\u0a96\u0ab5\u0abe\u0aae\u0abe \u0a86\u0ab5\u0acd\u0aaf\u0abe\u0a82, \u0aa4\u0ac7\u0aa8\u0abe \u0aae\u0abe\u0aa8\u0ab5\u0a82\u0aa4\u0abe \u0aae\u0abe\u0aa3\u0ab8\u0acb \u0a9a\u0abf\u0aa0\u0acd\u0aa0\u0ac0 \u0aa8\u0abe\u0a96\u0ac0 \u0ab5\u0ab9\u0ac7\u0a82\u0a9a\u0abe\u0aaf\u0abe. \u0a85\u0aa8\u0ac7 \u0ab8\u0abe\u0a82\u0a95\u0ab3\u0aae\u0abe\u0a82 \u0a9c\u0a95\u0aa1\u0abe\u0aaf\u0abe."},{"Verseid":"33002010","Verse":"\u0aa8\u0abf\u0aa8\u0ab5\u0ac7\u0ab9 \u0aaa\u0aa3 \u0aaa\u0ac0\u0aa7\u0ac7\u0ab2\u0abe\u0aa8\u0ac0 \u0aae\u0abe\u0aab\u0a95 \u0ab2\u0aa5\u0aa1\u0ac0\u0aaf\u0abe\u0a82 \u0a96\u0abe\u0ab6\u0ac7 \u0a85\u0aa8\u0ac7 \u0aad\u0aaf\u0aad\u0ac0\u0aa4 \u0aac\u0aa8\u0ac0 \u0ab6\u0aa4\u0acd\u0ab0\u0ac1\u0a93\u0aa5\u0ac0 \u0ab8\u0a82\u0aa4\u0abe\u0a87 \u0a9c\u0ab6\u0ac7. \u0a85\u0aa8\u0ac7 \u0aa4\u0ac1\u0a82 \u0aaa\u0aa3 \u0ab6\u0aa4\u0acd\u0ab0\u0ac1\u0aa8\u0ac7 \u0ab2\u0ac0\u0aa7\u0ac7 \u0a86\u0ab6\u0acd\u0ab0\u0aaf\u0ab8\u0acd\u0aa5\u0ab3 \u0ab6\u0acb\u0aa7\u0ab6\u0ac7."},{"Verseid":"33002011","Verse":"\u0aa4\u0abe\u0ab0\u0abe \u0aac\u0aa7\u0abe \u0a95\u0abf\u0ab2\u0acd\u0ab2\u0abe\u0a93 \u0aa4\u0acb \u0a85\u0a82\u0a9c\u0ac0\u0ab0\u0ac0 \u0aaa\u0ab0\u0aa8\u0abe \u0aaa\u0abe\u0a95\u0abe\u0a82 \u0a85\u0a82\u0a9c\u0ac0\u0ab0 \u0a9c\u0ac7\u0ab5\u0abe \u0a9b\u0ac7. \u0a9c\u0ab0\u0abe \u0ab9\u0ab2\u0abe\u0ab5\u0aa4\u0abe \u0aa4\u0ac7 \u0a96\u0abe\u0aa8\u0abe\u0ab0\u0abe\u0aa8\u0abe \u0aae\u0acb\u0aae\u0abe\u0a82 \u0a86\u0ab5\u0ac0 \u0aaa\u0aa1\u0ac7 \u0a9b\u0ac7."},{"Verseid":"33002012","Verse":"\u0aa4\u0abe\u0ab0\u0abe \u0ab8\u0ac8\u0aa8\u0abf\u0a95\u0acb \u0ab8\u0acd\u0aa4\u0acd\u0ab0\u0ac0\u0a93\u0aa8\u0ac0 \u0a9c\u0ac7\u0aae \u0aa8\u0abf\u0ab0\u0acd\u0aac\u0ab3 \u0a85\u0aa8\u0ac7 \u0ab2\u0abe\u0a9a\u0abe\u0ab0 \u0aac\u0aa8\u0ac0 \u0a9c\u0ab6\u0ac7. \u0aa4\u0abe\u0ab0\u0abe \u0aa6\u0ac7\u0ab6\u0aa8\u0abe \u0aa6\u0ab0\u0ab5\u0abe\u0a9c\u0abe\u0a93 \u0ab6\u0aa4\u0acd\u0ab0\u0ac1 \u0aae\u0abe\u0a9f\u0ac7 \u0aaa\u0ac2\u0ab0\u0abe \u0a89\u0a98\u0abe\u0aa1\u0ac0 \u0aa8\u0abe\u0a96\u0ab5\u0abe\u0aae\u0abe\u0a82 \u0a86\u0ab5\u0ab6\u0ac7, \u0a85\u0aa8\u0ac7 \u0aa4\u0ac7 \u0aa6\u0ab0\u0ab5\u0abe\u0a9c\u0abe\u0a93 \u0a85\u0a97\u0acd\u0aa8\u0abf\u0aa5\u0ac0 \u0aad\u0ab8\u0acd\u0aae\u0ac0\u0aad\u0ac2\u0aa4 \u0a95\u0ab0\u0ac0 \u0aa6\u0ac7\u0ab5\u0abe\u0aae\u0abe\u0a82 \u0a86\u0ab5\u0ab6\u0ac7."},{"Verseid":"33002013","Verse":"\u0aa4\u0ac7\u0aa5\u0ac0 \u0ab9\u0ac1\u0aae\u0ab2\u0abe \u0aae\u0abe\u0a9f\u0ac7 \u0aaa\u0abe\u0aa3\u0ac0\u0aa8\u0acb \u0ab8\u0a82\u0a97\u0acd\u0ab0\u0ab9 \u0a95\u0ab0, \u0aa4\u0abe\u0ab0\u0abe \u0a95\u0abf\u0ab2\u0acd\u0ab2\u0abe\u0a93 \u0aae\u0a9c\u0aac\u0ac2\u0aa4 \u0aac\u0aa8\u0abe\u0ab5, \u0aae\u0abe\u0a9f\u0ac0\u0aae\u0abe\u0a82 \u0a8a\u0aa4\u0ab0\u0ac0\u0aa8\u0ac7 \u0a96\u0abe\u0a82\u0aa1\u0aa3\u0ac0 \u0aac\u0aa8\u0abe\u0ab5 \u0a85\u0aa8\u0ac7 \u0a87\u0a82\u0a9f\u0aa8\u0abe \u0aac\u0ac0\u0aac\u0abe\u0a82 \u0ab9\u0abe\u0aa5\u0aae\u0abe\u0a82 \u0ab2\u0ac7!"},{"Verseid":"33002014","Verse":"\u0a85\u0a97\u0acd\u0aa8\u0abf \u0aa4\u0aa8\u0ac7 \u0aad\u0ab0\u0a96\u0ac0 \u0a9c\u0ab6\u0ac7, \u0aa4\u0ab0\u0ab5\u0abe\u0ab0 \u0aa4\u0abe\u0ab0\u0ac0 \u0ab9\u0aa4\u0acd\u0aaf\u0abe \u0a95\u0ab0\u0ab6\u0ac7. \u0aa4\u0ac7 \u0aa4\u0aa8\u0ac7 \u0aa4\u0ac0\u0aa1\u0aa8\u0ac0 \u0a9c\u0ac7\u0aae \u0ab8\u0acd\u0ab5\u0abe\u0ab9\u0abe \u0a95\u0ab0\u0ac0 \u0a9c\u0ab6\u0ac7.\u0aa4\u0ac0\u0aa1\u0aa8\u0ac0 \u0a9c\u0ac7\u0aae \u0ab5\u0aa7\u0abe\u0ab0\u0ac7 \u0aa5\u0ab6\u0ac7."},{"Verseid":"33002015","Verse":"\u0aa4\u0ac7\u0a82 \u0a86\u0a95\u0abe\u0ab6\u0aa8\u0abe \u0aa4\u0abe\u0ab0\u0abe \u0a95\u0ab0\u0aa4\u0abe\u0a82 \u0aa4\u0abe\u0ab0\u0abe \u0ab5\u0ac7\u0aaa\u0abe\u0ab0\u0ac0\u0a93\u0aa8\u0ac0 \u0ab8\u0a82\u0a96\u0acd\u0aaf\u0abe \u0ab5\u0aa7\u0abe\u0ab0\u0ac0, \u0aaa\u0ab0\u0a82\u0aa4\u0ac1 \u0aa4\u0ac7\u0a93 \u0aaa\u0aa3 \u0aa4\u0ac0\u0aa1 \u0aa4\u0ac7\u0aa8\u0ac0 \u0aaa\u0abe\u0a82\u0a96\u0acb \u0a8a\u0aa4\u0ab0\u0acd\u0aaf\u0abe \u0aaa\u0a9b\u0ac0 \u0a9c\u0ac7\u0aae \u0a8a\u0aa1\u0ac0 \u0a9c\u0abe\u0aaf \u0a9b\u0ac7 \u0aa4\u0ac7\u0aae \u0a8a\u0aa1\u0ac0 \u0a97\u0aaf\u0abe."},{"Verseid":"33002016","Verse":"\u0aa4\u0abe\u0ab0\u0abe \u0ab8\u0ab0\u0aa6\u0abe\u0ab0\u0acb \u0aa4\u0ac0\u0aa1 \u0a9c\u0ac7\u0ab5\u0abe \u0a9b\u0ac7 \u0a85\u0aa8\u0ac7 \u0ab6\u0abe\u0ab8\u0aa8 \u0a85\u0aa7\u0abf\u0a95\u0abe\u0ab0\u0ac0\u0a93 \u0aa4\u0ac0\u0aa1\u0aa8\u0abe \u0a9f\u0acb\u0ab3\u0abe \u0a9c\u0ac7\u0ab5\u0abe \u0a9b\u0ac7, \u0aa4\u0ac7\u0a93 \u0aa0\u0a82\u0aa1\u0ac0\u0aa8\u0abe \u0aa6\u0abf\u0ab5\u0ab8\u0acb\u0aae\u0abe\u0a82 \u0ab5\u0abe\u0aa1\u0acb \u0aaa\u0ab0 \u0a86\u0ab0\u0abe\u0aae \u0a95\u0ab0\u0ac7 \u0a9b\u0ac7. \u0ab8\u0ac2\u0ab0\u0a9c \u0a8a\u0a97\u0aa4\u0abe\u0a82 \u0a9c \u0aa4\u0ac7\u0a93 \u0a8a\u0aa1\u0ac0 \u0a9c\u0abe\u0aaf \u0a9b\u0ac7. \u0a95\u0acd\u0aaf\u0abe\u0a82 \u0a97\u0aaf\u0abe \u0aa4\u0ac7\u0aa8\u0ac0 \u0a95\u0acb\u0a87\u0aa8\u0ac7 \u0a96\u0aac\u0ab0 \u0aaa\u0aa1\u0aa4\u0ac0 \u0aa8\u0aa5\u0ac0."},{"Verseid":"33002017","Verse":"\u0ab9\u0ac7 \u0a86\u0ab6\u0acd\u0ab6\u0ac2\u0ab0\u0aa8\u0abe \u0ab0\u0abe\u0a9c\u0abe, \u0aa4\u0abe\u0ab0\u0abe \u0aaa\u0abe\u0ab3\u0a95\u0acb \u0a8a\u0a82\u0a98\u0ac7 \u0a9b\u0ac7; \u0aa4\u0abe\u0ab0\u0abe \u0a86\u0a97\u0ac7\u0ab5\u0abe\u0aa8\u0acb \u0a86\u0ab0\u0abe\u0aae \u0a95\u0ab0\u0ac7 \u0a9b\u0ac7; \u0aa4\u0abe\u0ab0\u0abe \u0ab2\u0acb\u0a95\u0acb \u0aaa\u0ab0\u0acd\u0ab5\u0aa4\u0acb \u0aaa\u0ab0 \u0ab5\u0abf\u0a96\u0ac7\u0ab0\u0abe\u0a87 \u0a97\u0aaf\u0abe \u0a9b\u0ac7, \u0aa4\u0ac7\u0a93\u0aa8\u0ac7 \u0a8f\u0a95\u0aa4\u0acd\u0ab0 \u0a95\u0ab0\u0ab5\u0abe \u0ab9\u0ab5\u0ac7 \u0a95\u0acb\u0a87 \u0aaa\u0abe\u0ab3\u0a95 \u0aa8\u0aa5\u0ac0."},{"Verseid":"33002018","Verse":"\u0aa4\u0abe\u0ab0\u0ac0 \u0ab5\u0ac7\u0aa6\u0aa8\u0abe\u0aa8\u0ac7 \u0aac\u0abf\u0ab2\u0a95\u0ac1\u0ab2 \u0ab0\u0abe\u0ab9\u0aa4 \u0aa8\u0aa5\u0ac0; \u0aa4\u0abe\u0ab0\u0acb \u0a98\u0abe \u0aaa\u0acd\u0ab0\u0abe\u0aa3\u0a98\u0abe\u0aa4\u0a95 \u0a9b\u0ac7; \u0a9c\u0ac7 \u0a95\u0acb\u0a87 \u0aa4\u0abe\u0ab0\u0ac0 \u0aaa\u0aa1\u0aa4\u0ac0\u0aa8\u0abe \u0ab8\u0aae\u0abe\u0a9a\u0abe\u0ab0 \u0ab8\u0abe\u0a82\u0aad\u0ab3\u0ac7 \u0a9b\u0ac7, \u0aa4\u0ac7 \u0aa4\u0abe\u0ab3\u0ac0\u0a93 \u0aaa\u0abe\u0aa1\u0ac7 \u0a9b\u0ac7; \u0a95\u0abe\u0ab0\u0aa3\u0a95\u0ac7 \u0a8f\u0ab5\u0acb \u0a95\u0acb\u0a87 \u0a9b\u0ac7 \u0a9c\u0ac7\u0aa8\u0abe \u0aaa\u0acd\u0ab0\u0aa4\u0acd\u0aaf\u0ac7 \u0aa4\u0ac7\u0a82 \u0ab8\u0a96\u0aa4 \u0aa6\u0ac1\u0ab7\u0acd\u0a9f\u0aa4\u0abe \u0a86\u0a9a\u0ab0\u0ac0 \u0aa8\u0abe \u0ab9\u0acb\u0aaf? \ufeff"}]}]}