{"Chapter":[{"Verse":[{"Verseid":"34000000","Verse":"\u0aa6\u0ac7\u0ab5\u0ac7 \u0ab9\u0aac\u0abe\u0a95\u0acd\u0a95\u0ac1\u0a95 \u0aaa\u0acd\u0ab0\u0aac\u0acb\u0aa7\u0a95\u0aa8\u0ac7 \u0ab8\u0a82\u0aa6\u0ab0\u0acd\u0ab6\u0aa8 \u0aa6\u0acd\u0ab5\u0abe\u0ab0\u0abe \u0a86\u0aaa\u0ac7\u0ab2\u0acb \u0ab8\u0a82\u0aa6\u0ac7\u0ab6\u0acb:"},{"Verseid":"34000001","Verse":"\u0ab9\u0ac7 \u0aaf\u0ab9\u0acb\u0ab5\u0abe, \u0a95\u0acd\u0aaf\u0abe\u0a82 \u0ab8\u0ac1\u0aa7\u0ac0 \u0ab9\u0ac1\u0a82 \u0aa4\u0aae\u0aa8\u0ac7 \u0aac\u0acb\u0ab2\u0abe\u0ab5\u0acd\u0aaf\u0abe \u0a95\u0ab0\u0ac1\u0a82 \u0a85\u0aa8\u0ac7 \u0aa4\u0aae\u0ac7 \u0ab8\u0abe\u0a82\u0aad\u0ab3\u0acb \u0a9c \u0aa8\u0ab9\u0abf, \u201c\u0ab9\u0abf\u0a82\u0ab8\u0abe\u201d \u0a86 \u0ab9\u0abf\u0a82\u0ab8\u0abe \u0aae\u0abe\u0a9f\u0ac7 \u0ab9\u0ac1\u0a82 \u0aaa\u0acb\u0a95\u0abe\u0ab0 \u0a95\u0ab0\u0ac1\u0a82 \u0a9b\u0ac1\u0a82, \u0aa4\u0acb \u0aaa\u0aa3 \u0aa4\u0aae\u0ac7 \u0aae\u0aa8\u0ac7 \u0aac\u0a9a\u0abe\u0ab5\u0aa4\u0abe \u0aa8\u0aa5\u0ac0."},{"Verseid":"34000002","Verse":"\u0aa4\u0ac1\u0a82 \u0ab6\u0abe \u0aae\u0abe\u0a9f\u0ac7 \u0aae\u0aa8\u0ac7 \u0a86\u0ab5\u0abe \u0a85\u0aa8\u0acd\u0aaf\u0abe\u0aaf\u0aa8\u0acb \u0ab8\u0abe\u0a95\u0acd\u0ab7\u0ac0 \u0aac\u0aa8\u0abe\u0ab5\u0ac7 \u0a9b\u0ac7, \u0a85\u0aa8\u0ac7 \u0ab6\u0abe \u0aae\u0abe\u0a9f\u0ac7 \u0a86\u0ab5\u0abe\u0a82 \u0aa6\u0ac1\u0ab7\u0acd\u0a95\u0ac3\u0aa4\u0acd\u0aaf\u0acb \u0ab8\u0ab9\u0ac0 \u0ab2\u0ac7 \u0a9b\u0ac7? \u0aae\u0abe\u0ab0\u0ac0 \u0a86\u0a82\u0a96 \u0ab8\u0abe\u0aae\u0ac7 \u0a9c \u0ab5\u0abf\u0aa8\u0abe\u0ab6 \u0a85\u0aa8\u0ac7 \u0ab9\u0abf\u0a82\u0ab8\u0abe \u0a9d\u0a98\u0aa1\u0abe \u0a85\u0aa8\u0ac7 \u0a9f\u0a82\u0a9f\u0abe \u0aa5\u0a87 \u0ab0\u0ab9\u0acd\u0aaf\u0abe\u0a82 \u0a9b\u0ac7;"},{"Verseid":"34000003","Verse":"\u0a85\u0aa8\u0ac7 \u0a95\u0abe\u0aaf\u0aa6\u0abe\u0aa8\u0acb \u0a85\u0aae\u0ab2 \u0aa5\u0aa4\u0acb \u0aa8\u0aa5\u0ac0, \u0aa4\u0ac7\u0aa5\u0ac0 \u0a95\u0aa6\u0ac0 \u0a85\u0aa6\u0ab2 \u0aa8\u0acd\u0aaf\u0abe\u0aaf \u0aae\u0ab3\u0aa4\u0acb \u0aa8\u0aa5\u0ac0; \u0ab8\u0aa6\u0abe\u0a9a\u0abe\u0ab0\u0ac0 \u0ab2\u0acb\u0a95\u0acb\u0aa8\u0ac7 \u0aa6\u0ac1\u0ab7\u0acd\u0a9f \u0ab2\u0acb\u0a95\u0acb\u0a8f \u0a98\u0ac7\u0ab0\u0ac0 \u0ab2\u0ac0\u0aa7\u0abe \u0a9b\u0ac7; \u0aa4\u0ac7\u0aa5\u0ac0 \u0a95\u0ac1\u0a9f\u0abf\u0ab2 \u0aa8\u0acd\u0aaf\u0abe\u0aaf \u0aa5\u0abe\u0aaf \u0a9b\u0ac7."},{"Verseid":"34000004","Verse":"\u0aaf\u0ab9\u0acb\u0ab5\u0abe\u0a8f \u0a95\u0ab9\u0acd\u0aaf\u0ac1\u0a82, \u201c\u0aa4\u0aae\u0ac7 \u0a9c\u0ab0\u0abe \u0ab5\u0abf\u0aa6\u0ac7\u0ab6\u0ac0\u0a93 \u0aa4\u0ab0\u0aab \u0aa8\u0a9c\u0ab0 \u0a95\u0ab0\u0acb \u0a85\u0aa8\u0ac7 \u0a9c\u0ac1\u0a93, \u0aa4\u0acb \u0aa4\u0aae\u0ac7 \u0ab5\u0abf\u0ab8\u0acd\u0aae\u0aaf \u0aaa\u0abe\u0aae\u0ab6\u0acb, \u0a95\u0abe\u0ab0\u0aa3\u0a95\u0ac7 \u0aa4\u0aae\u0abe\u0ab0\u0abe \u0a9c\u0aae\u0abe\u0aa8\u0abe\u0aae\u0abe\u0a82 \u0a9c \u0ab9\u0ac1\u0a82 \u0a8f\u0ab5\u0ac1\u0a82 \u0a95\u0a87\u0a82\u0a95 \u0a95\u0ab0\u0ac0 \u0ab0\u0ab9\u0acd\u0aaf\u0acb \u0a9b\u0ac1\u0a82, \u0a9c\u0ac7 \u0aa4\u0aae\u0aa8\u0ac7 \u0a95\u0ab9\u0acd\u0aaf\u0ac1\u0a82 \u0ab9\u0acb\u0aaf \u0aaa\u0aa3 \u0aa4\u0aae\u0ac7 \u0aae\u0abe\u0aa8\u0acb \u0aa8\u0ab9\u0abf."},{"Verseid":"34000005","Verse":"\u0a9c\u0a97\u0aa4\u0aae\u0abe\u0a82 \u0ab9\u0ac1\u0a82 \u0a8f\u0a95 \u0aa8\u0ab5\u0ac1\u0a82 \u0a95\u0abe\u0ab0\u0acd\u0aaf \u0ab8\u0acd\u0aa5\u0abe\u0aaa\u0ac0 \u0ab0\u0ab9\u0acd\u0aaf\u0acb \u0a9b\u0ac1\u0a82, \u0a8f\u0a9f\u0ab2\u0ac7 \u0a95\u0ac7 \u0a96\u0abe\u0ab2\u0aa6\u0ac0\u0a93 \u0a9c\u0ac7-\u0a95\u0acd\u0ab0\u0ac2\u0ab0 \u0a85\u0aa8\u0ac7 \u0ab9\u0abf\u0a82\u0ab8\u0a95 \u0aaa\u0acd\u0ab0\u0a9c\u0abe \u0a9b\u0ac7, \u0aa4\u0ac7\u0a93 \u0aa4\u0ac7\u0aae\u0aa8\u0ac0 \u0aae\u0abe\u0ab2\u0abf\u0a95\u0ac0\u0aa8\u0abe \u0aa8 \u0ab9\u0acb\u0aaf \u0aa4\u0ac7\u0ab5\u0abe \u0ab8\u0acd\u0aa5\u0ab3\u0acb \u0a95\u0aac\u0a9c\u0ac7 \u0a95\u0ab0\u0ab5\u0abe \u0aaa\u0ac3\u0aa5\u0acd\u0ab5\u0ac0\u0aa8\u0abe \u0a9b\u0ac7\u0aa1\u0abe \u0ab8\u0ac1\u0aa7\u0ac0 \u0a9c\u0ab6\u0ac7."},{"Verseid":"34000006","Verse":"\u0aa4\u0ac7\u0a93 \u0a9c\u0acd\u0aaf\u0abe\u0a82 \u0a9c\u0acd\u0aaf\u0abe\u0a82 \u0a9c\u0abe\u0aaf \u0aa4\u0acd\u0aaf\u0abe\u0a82 \u0aa4\u0acd\u0aaf\u0abe\u0a82 \u0aad\u0aaf \u0a85\u0aa8\u0ac7 \u0a86\u0aa4\u0a82\u0a95 \u0aab\u0ac7\u0ab2\u0abe\u0ab5\u0ac7 \u0a9b\u0ac7; \u0aa4\u0ac7\u0a93\u0aa8\u0acb \u0a97\u0ab0\u0acd\u0ab5 \u0a85\u0aa8\u0ac7 \u0aa8\u0acd\u0aaf\u0abe\u0aaf \u0aa4\u0ac7\u0a93\u0aa8\u0ac0 \u0a85\u0a82\u0aa6\u0ab0\u0aa5\u0ac0 \u0a9c \u0a86\u0ab5\u0ac7 \u0a9b\u0ac7, \u0aa4\u0ac7\u0aae\u0aa8\u0abe \u0a98\u0acb\u0aa1\u0abe\u0a93 \u0a9a\u0abf\u0aa4\u0acd\u0aa4\u0abe \u0a95\u0ab0\u0aa4\u0abe \u0ab5\u0aa7\u0ac1 \u0ab5\u0ac7\u0a97\u0ab5\u0abe\u0aa8 \u0a9b\u0ac7 \u0a85\u0aa8\u0ac7 \u0ab8\u0abe\u0a82\u0a9c\u0aa8\u0abe \u0ab5\u0ab0\u0ac2\u0a93 \u0a95\u0ab0\u0aa4\u0abe\u0a82 \u0ab5\u0aa7\u0abe\u0ab0\u0ac7 \u0ab8\u0a9c\u0abe\u0a97 \u0a9b\u0ac7."},{"Verseid":"34000007","Verse":"\u0aa4\u0ac7\u0aae\u0aa8\u0abe \u0a98\u0acb\u0aa1\u0ac7\u0ab8\u0ab5\u0abe\u0ab0\u0acb \u0a9d\u0aa1\u0aaa\u0aa5\u0ac0 \u0aa6\u0ac2\u0ab0\u0aa5\u0ac0 \u0a86\u0ab5\u0ac7 \u0a9b\u0ac7, \u0aa4\u0ac7\u0a93 \u0ab6\u0abf\u0a95\u0abe\u0ab0 \u0aaa\u0ab0 \u0aa4\u0ac2\u0a9f\u0ac0 \u0aaa\u0aa1\u0aa4\u0abe \u0a97\u0ab0\u0ac2\u0aa1\u0aa8\u0abe \u0a9c\u0ac7\u0ab5\u0abe \u0a9b\u0ac7."},{"Verseid":"34000008","Verse":"\u0a8f\u0aae\u0aa8\u0ac0 \u0ab8\u0aae\u0a97\u0acd\u0ab0 \u0ab8\u0ac8\u0aa8\u0abe \u0ab9\u0abf\u0a82\u0ab8\u0abe \u0aae\u0abe\u0a9f\u0ac7 \u0a86\u0ab5\u0ac7 \u0a9b\u0ac7. \u0aa4\u0ac7\u0aae\u0aa8\u0abe \u0a9a\u0ab9\u0ac7\u0ab0\u0abe \u0a86\u0aa4\u0ac1\u0ab0\u0aa4\u0abe\u0aa5\u0ac0 \u0a86\u0a97\u0ab3 \u0aa7\u0aaa\u0ab5\u0abe\u0aa8\u0ac0 \u0ab0\u0abe\u0ab9 \u0a9c\u0ac1\u0a8f \u0a9b\u0ac7; \u0a85\u0aa8\u0ac7 \u0aa4\u0ac7\u0a93 \u0ab0\u0ac7\u0aa4\u0ac0\u0aa8\u0abe \u0a95\u0aa3 \u0a9c\u0ac7\u0a9f\u0ab2\u0abe \u0a85\u0ab8\u0a82\u0a96\u0acd\u0aaf \u0aac\u0a82\u0aa6\u0ac0\u0ab5\u0abe\u0aa8\u0acb \u0a8f\u0a95\u0aa0\u0abe \u0a95\u0ab0\u0ac7 \u0a9b\u0ac7."},{"Verseid":"34000009","Verse":"\u201c\u0a85\u0aa8\u0ac7 \u0aa4\u0ac7\u0a93 \u0ab0\u0abe\u0a9c\u0abe\u0a93\u0aa8\u0ac0 \u0aae\u0ab6\u0acd\u0a95\u0ab0\u0ac0 \u0a95\u0ab0\u0ac7 \u0a9b\u0ac7, \u0aa8\u0ac7 \u0ab8\u0ab0\u0aa6\u0abe\u0ab0\u0acb \u0aa4\u0acb \u0aa4\u0ac7\u0aa8\u0ac0 \u0aa8\u0a9c\u0ab0\u0aae\u0abe\u0a82 \u0ab9\u0abe\u0ab8\u0acd\u0aaf\u0ab0\u0ac2\u0aaa \u0a9b\u0ac7. \u0aa4\u0ac7\u0aa5\u0ac0 \u0aa4\u0ac7\u0a93\u0aa8\u0abe \u0a95\u0abf\u0ab2\u0acd\u0ab2\u0abe\u0a93\u0aa8\u0ac0 \u0aa4\u0ac7 \u0ab9\u0abe\u0a82\u0ab8\u0ac0 \u0a89\u0aa1\u0abe\u0ab5\u0ac7 \u0a9b\u0ac7. \u0a95\u0abf\u0ab2\u0acd\u0ab2\u0abe\u0a93\u0aa8\u0abe \u0a95\u0acb\u0a9f \u0a86\u0a97\u0ab3 \u0aa7\u0ac2\u0ab3\u0aa8\u0abe \u0aa2\u0a97\u0ab2\u0abe \u0a95\u0ab0\u0ac0 \u0aac\u0ab9\u0ac1 \u0a86\u0ab8\u0abe\u0aa8\u0ac0\u0aa5\u0ac0 \u0aa4\u0ac7\u0a93\u0aa8\u0ac7 \u0a9c\u0ac0\u0aa4\u0ac0 \u0ab2\u0ac7 \u0a9b\u0ac7."},{"Verseid":"34000010","Verse":"\u0aa4\u0acd\u0aaf\u0abe\u0ab0\u0aac\u0abe\u0aa6 \u0aa4\u0ac7\u0a93 \u0ab5\u0abe\u0aaf\u0ac1\u0ab5\u0ac7\u0a97\u0ac7 \u0a86\u0a97\u0ab3 \u0ab5\u0aa7\u0ac0 \u0a85\u0aa8\u0ac7 \u0aaa\u0ab8\u0abe\u0ab0 \u0aa5\u0a87 \u0a9c\u0abe\u0aaf \u0a9b\u0ac7; \u0ab6\u0a95\u0abf\u0aa4 \u0aa4\u0ac7 \u0aaa\u0abe\u0aaa\u0ac0\u0a93\u0aa8\u0abe \u0aa6\u0ac7\u0ab5 \u0a9b\u0ac7. \u0aa4\u0ac7\u0a93 \u0a97\u0ac1\u0aa8\u0ac7\u0a97\u0abe\u0ab0 \u0a9b\u0ac7.\u201d"},{"Verseid":"34000011","Verse":"\u201c\u0ab9\u0ac7 \u0aae\u0abe\u0ab0\u0abe \u0aa6\u0ac7\u0ab5 \u0aaf\u0ab9\u0acb\u0ab5\u0abe, \u0aae\u0abe\u0ab0\u0abe \u0aaa\u0ab0\u0aae \u0aaa\u0ab5\u0abf\u0aa4\u0acd\u0ab0 \u0aa6\u0ac7\u0ab5, \u0aa4\u0ac1\u0a82 \u0a85\u0aa8\u0abe\u0aa6\u0abf \u0a85\u0aa8\u0ac7 \u0a85\u0aae\u0ab0 \u0a9b\u0ac7. \u0a85\u0aae\u0ac7 \u0aae\u0abe\u0ab0\u0acd\u0aaf\u0abe \u0a9c\u0ab5\u0abe\u0aa8\u0abe \u0aa8\u0aa5\u0ac0, \u0aa4\u0aae\u0ac7 \u0ab6\u0abf\u0a95\u0acd\u0ab7\u0abe\u0aa8\u0ac7 \u0aae\u0abe\u0a9f\u0ac7 \u0aa4\u0ac7\u0aa8\u0ac1\u0a82 \u0aa8\u0abf\u0ab0\u0acd\u0aae\u0abe\u0aa3 \u0a95\u0ab0\u0acd\u0aaf\u0ac1\u0a82 \u0a9b\u0ac7. \u0a85\u0aa8\u0ac7 \u0ab9\u0ac7 \u0aae\u0abe\u0ab0\u0abe \u0aaf\u0ab9\u0acb\u0ab5\u0abe, \u0aa4\u0aae\u0ac7 \u0ab6\u0abf\u0a96\u0abe\u0aae\u0aa3\u0aa8\u0ac7 \u0aae\u0abe\u0a9f\u0ac7 \u0aa4\u0ac7\u0aa8\u0ac7 \u0ab8\u0acd\u0aa5\u0abe\u0aaa\u0acd\u0aaf\u0acb \u0a9b\u0ac7."},{"Verseid":"34000012","Verse":"\u0aa4\u0aae\u0abe\u0ab0\u0ac0 \u0a86\u0a82\u0a96\u0acb \u0a8f\u0a9f\u0ab2\u0ac0 \u0aaa\u0ab5\u0abf\u0aa4\u0acd\u0ab0 \u0a9b\u0ac7 \u0a95\u0ac7 \u0aa4\u0aae\u0ac7 \u0aa6\u0ac1\u0ab7\u0acd\u0a9f\u0aa4\u0abe \u0a9c\u0acb\u0a87 \u0ab6\u0a95\u0aa4\u0abe \u0aa8\u0aa5\u0ac0, \u0a85\u0aa8\u0acd\u0aaf\u0abe\u0aaf \u0a9c\u0acb\u0ab5\u0abe \u0aa4\u0aae\u0ac7 \u0a8a\u0aad\u0abe \u0ab0\u0ab9\u0ac0 \u0ab6\u0a95\u0aa4\u0abe \u0aa8\u0aa5\u0ac0. \u0aa4\u0acb \u0aaa\u0a9b\u0ac0 \u0ab6\u0abe \u0aae\u0abe\u0a9f\u0ac7 \u0aa4\u0aae\u0ac7 \u0a8f \u0a85\u0aaa\u0acd\u0ab0\u0abe\u0aae\u0abe\u0aa3\u0abf\u0a95 \u0ab2\u0acb\u0a95\u0acb\u0aa8\u0ac7 \u0a9c\u0acb\u0a87 \u0ab0\u0ab9\u0acd\u0aaf\u0abe\u0a82 \u0a9b\u0acb. \u0a85\u0aa8\u0ac7 \u0aa6\u0ac1\u0ab7\u0acd\u0a9f \u0aae\u0abe\u0aa3\u0ab8 \u0aaa\u0acb\u0aa4\u0abe\u0aa8\u0abe \u0a95\u0ab0\u0aa4\u0abe\u0a82 \u0ab8\u0abe\u0ab0\u0abe \u0aae\u0abe\u0aa3\u0ab8\u0aa8\u0ac7 \u0a97\u0ab3\u0ac0 \u0a9c\u0abe\u0aaf \u0a9b\u0ac7, \u0aa4\u0acd\u0aaf\u0abe\u0ab0\u0ac7 \u0aa4\u0aae\u0ac7 \u0ab6\u0abe \u0aae\u0abe\u0a9f\u0ac7 \u0aae\u0ac2\u0a82\u0a97\u0abe \u0ab0\u0ab9\u0acb \u0a9b\u0acb?"},{"Verseid":"34000013","Verse":"\u0aa4\u0aae\u0ac7 \u0aae\u0abe\u0aa3\u0ab8\u0acb\u0aa8\u0ac7 \u0aa6\u0ab0\u0abf\u0aaf\u0abe\u0aa8\u0abe \u0aae\u0abe\u0a9b\u0ab2\u0abe\u0a82 \u0a9c\u0ac7\u0ab5\u0abe \u0ab6\u0abe \u0aae\u0abe\u0a9f\u0ac7 \u0aac\u0aa8\u0abe\u0ab5\u0acb \u0a9b\u0acb? \u0aa4\u0ac7\u0a93 \u0aa7\u0aa3\u0ac0 \u0ab5\u0a97\u0ab0\u0aa8\u0abe \u0ab8\u0aae\u0ac1\u0aa6\u0acd\u0ab0\u0aa8\u0abe \u0aaa\u0acd\u0ab0\u0abe\u0aa3\u0ac0 \u0a9c\u0ac7\u0ab5\u0abe \u0a9b\u0ac7."},{"Verseid":"34000014","Verse":"\u0aa4\u0ac7 \u0ab2\u0acb\u0a95\u0acb\u0aa8\u0ac7 \u0aa4\u0ac7 \u0a97\u0ab2\u0aa5\u0ac0 \u0a8a\u0a82\u0a9a\u0a95\u0ac0 \u0ab2\u0ac7 \u0a9b\u0ac7, \u0aa4\u0ac7\u0a93 \u0aaa\u0acb\u0aa4\u0abe\u0aa8\u0ac0 \u0a9c\u0abe\u0ab3\u0aae\u0abe\u0a82 \u0aaa\u0a95\u0aa1\u0ac0\u0aa8\u0ac7 \u0aa4\u0ac7\u0a93\u0aa8\u0ac7 \u0aae\u0acb\u0a9f\u0ac0 \u0a9c\u0abe\u0ab3\u0aae\u0abe\u0a82 \u0aad\u0ac7\u0a97\u0abe\u0a82 \u0a95\u0ab0\u0ac7 \u0a9b\u0ac7 \u0aa4\u0ac7\u0aa5\u0ac0 \u0aa4\u0ac7\u0a93 \u0a96\u0ac1\u0ab6\u0ac0 \u0aa8\u0ac7 \u0a86\u0aa8\u0a82\u0aa6\u0ac0\u0aa4 \u0aa5\u0abe\u0aaf \u0a9b\u0ac7."},{"Verseid":"34000015","Verse":"\u0aa4\u0ac7 \u0aae\u0abe\u0a9f\u0ac7 \u0aa4\u0ac7 \u0aaa\u0acb\u0aa4\u0abe\u0aa8\u0ac0 \u0a9c\u0abe\u0ab3\u0aae\u0abe\u0a82 \u0aac\u0ab2\u0abf\u0aa6\u0abe\u0aa8 \u0a86\u0aaa\u0ac7 \u0a9b\u0ac7, \u0aa8\u0ac7 \u0aaa\u0acb\u0aa4\u0abe\u0aa8\u0ac0 \u0aae\u0acb\u0a9f\u0ac0 \u0a9c\u0abe\u0ab3\u0aa8\u0ac0 \u0a86\u0a97\u0ab3 \u0aa7\u0ac2\u0aaa \u0aac\u0abe\u0ab3\u0ac7 \u0a9b\u0ac7; \u0a95\u0abe\u0ab0\u0aa3\u0a95\u0ac7 \u0aa4\u0ac7\u0aae\u0aa8\u0abe \u0ab5\u0aa1\u0ac7 \u0aa4\u0ac7\u0a93\u0aa8\u0acb \u0ab9\u0abf\u0ab8\u0acd\u0ab8\u0acb \u0aae\u0acb\u0a9f\u0acb \u0aa5\u0abe\u0aaf \u0a9b\u0ac7; \u0aa4\u0aa5\u0abe \u0aa4\u0ac7\u0aae\u0aa8\u0ac7 \u0aaa\u0ac2\u0ab0\u0aa4\u0acb \u0a96\u0acb\u0ab0\u0abe\u0a95 \u0aae\u0ab3\u0ac7 \u0a9b\u0ac7."},{"Verseid":"34000016","Verse":"\u0aa4\u0ac7\u0aa5\u0ac0 \u0ab6\u0ac1\u0a82 \u0aa4\u0ac7\u0a93 \u0ab8\u0aa6\u0abe \u0aae\u0abe\u0a9f\u0ac7 \u0aa4\u0ac7\u0a93\u0aa8\u0ac0 \u0a9c\u0abe\u0ab3 \u0a96\u0abe\u0ab2\u0ac0 \u0a95\u0ab0\u0ab6\u0ac7? \u0ab6\u0ac1\u0a82 \u0aa4\u0ac7\u0a93 \u0ab2\u0acb\u0a95\u0acb\u0aa8\u0acb \u0ab8\u0aa4\u0aa4 \u0ab8\u0a82\u0ab9\u0abe\u0ab0 \u0a95\u0ab0\u0ab5\u0abe\u0aa8\u0ac1\u0a82 \u0aac\u0a82\u0aa7 \u0aa8\u0ab9\u0abf \u0a95\u0ab0\u0ac7?"}]},{"Verse":[{"Verseid":"34001000","Verse":"\u201c\u0ab9\u0ab5\u0ac7 \u0ab9\u0ac1\u0a82 \u0aae\u0abe\u0ab0\u0ac0 \u0a9a\u0acb\u0a95\u0ac0 \u0aaa\u0ab0 \u0a8a\u0aad\u0acb \u0ab0\u0ab9\u0ac0\u0ab6, \u0aa8\u0ac7 \u0aac\u0ac1\u0ab0\u0a9c \u0aaa\u0ab0 \u0a8a\u0aad\u0acb \u0ab0\u0ab9\u0ac0\u0aa8\u0ac7 \u0a9c\u0acb\u0aaf\u0abe\u0a81 \u0a95\u0ab0\u0ac0\u0ab6 \u0a95\u0ac7 \u0aa4\u0ac7 \u0aae\u0abe\u0ab0\u0ac0 \u0ab8\u0abe\u0aa5\u0ac7 \u0ab6\u0ac1\u0a82 \u0aac\u0acb\u0ab2\u0ac7 \u0a9b\u0ac7, \u0aa8\u0ac7 \u0aa4\u0ac7 \u0aae\u0aa8\u0ac7 \u0aa0\u0aaa\u0a95\u0acb \u0a86\u0aaa\u0ac7 \u0aa4\u0acd\u0aaf\u0abe\u0ab0\u0ac7 \u0aa4\u0ac7 \u0ab6\u0ac1\u0a82 \u0a9c\u0ab5\u0abe\u0aac \u0a86\u0aaa\u0ab6\u0ac7?\u201d"},{"Verseid":"34001001","Verse":"\u0aa4\u0acd\u0aaf\u0abe\u0ab0\u0ac7 \u0aaf\u0ab9\u0acb\u0ab5\u0abe\u0a8f \u0aae\u0aa8\u0ac7 \u0a95\u0ab9\u0acd\u0aaf\u0ac1\u0a82, \u201c\u0ab9\u0ac1\u0a82 \u0aa4\u0aa8\u0ac7 \u0a9c\u0ac7 \u0a95\u0a82\u0a87 \u0a95\u0ab9\u0ac1\u0a82 \u0aa4\u0ac7 \u0aa4\u0a95\u0aa4\u0ac0 \u0a89\u0aaa\u0ab0 \u0a9a\u0acb\u0a96\u0acd\u0a96\u0abe \u0a85\u0a95\u0acd\u0ab7\u0ab0\u0ac7 \u0a8f\u0ab5\u0ac0 \u0ab0\u0ac0\u0aa4\u0ac7 \u0ab2\u0a96\u0ac0 \u0aa8\u0abe\u0a96, \u0a9c\u0ac7\u0aa5\u0ac0 \u0a95\u0acb\u0a87 \u0aaa\u0aa3 \u0aa4\u0ac7 \u0ab8\u0ab9\u0ac7\u0ab2\u0abe\u0a87\u0aa5\u0ac0 \u0ab5\u0abe\u0a82\u0a9a\u0ac0 \u0ab6\u0a95\u0ac7;"},{"Verseid":"34001002","Verse":"\u0a86\u0a9c\u0ac7 \u0ab9\u0ac1\u0a82 \u0a9c\u0ac7 \u0aac\u0aa7\u0ac0 \u0aaf\u0acb\u0a9c\u0aa8\u0abe\u0a93 \u0aa4\u0aa8\u0ac7 \u0a95\u0ab9\u0ac1\u0a82 \u0a9b\u0ac1\u0a82 \u0aa4\u0ac7 \u0aa8\u0a95\u0acd\u0a95\u0ac0 \u0a95\u0ab0\u0ac7\u0ab2\u0abe \u0ab8\u0aae\u0aaf \u0aae\u0abe\u0a9f\u0ac7 \u0a9b\u0ac7. \u0a86 \u0ab8\u0a82\u0aa6\u0ab0\u0acd\u0ab6\u0aa8 \u0a85\u0a82\u0aa4 \u0aae\u0abe\u0a9f\u0ac7 \u0a95\u0ab9\u0ac7 \u0a9b\u0ac7, \u0aa4\u0ac7 \u0a96\u0acb\u0a9f\u0ac1\u0a82 \u0aaa\u0aa1\u0ab6\u0ac7 \u0aa8\u0ab9\u0abf. \u0a9c\u0acb \u0aa4\u0ac7 \u0ab5\u0aa7\u0abe\u0ab0\u0ac7 \u0ab8\u0aae\u0aaf \u0ab2\u0ac7 \u0a9b\u0ac7 \u0a8f\u0aae \u0ab2\u0abe\u0a97\u0ac7 \u0aa4\u0acb \u0ab0\u0abe\u0ab9 \u0a9c\u0acb\u0a9c\u0ac7, \u0a95\u0abe\u0ab0\u0aa3 \u0a95\u0ac7 \u0a86 \u0aac\u0abe\u0aac\u0aa4\u0acb \u0a85\u0a9a\u0ac2\u0a95 \u0aac\u0aa8\u0ab6\u0ac7 \u0a9c. \u0aae\u0acb\u0aa1\u0ac1\u0a82 \u0aa8\u0ab9\u0abf \u0aa5\u0abe\u0aaf."},{"Verseid":"34001003","Verse":"\u0a97\u0ab5\u0abf\u0ab0\u0acd\u0ab7\u0acd\u0aa0 \u0aae\u0abe\u0aa3\u0ab8 \u0aa4\u0ab0\u0aab \u0a9c\u0ac1\u0a93, \u0aa4\u0ac7\u0aa8\u0acb \u0a86\u0aa4\u0acd\u0aae\u0abe \u0aa4\u0ac7\u0aa8\u0abe\u0aae\u0abe\u0a82 \u0aaa\u0acd\u0ab0\u0abe\u0aae\u0abe\u0aa3\u0abf\u0a95 \u0aa8\u0aa5\u0ac0; \u0aaa\u0ab0\u0a82\u0aa4\u0ac1 \u0ab8\u0abe\u0a9a\u0acb \u0aa8\u0acd\u0aaf\u0abe\u0aaf\u0ac0 \u0aae\u0abe\u0aa3\u0ab8 \u0aa4\u0ac7\u0aa8\u0ac0 \u0ab5\u0aab\u0abe\u0aa6\u0abe\u0ab0\u0ac0\u0aa8\u0ac7 \u0a95\u0abe\u0ab0\u0aa3\u0ac7 \u0a9c\u0ac0\u0ab5\u0ab6\u0ac7.\u201d"},{"Verseid":"34001004","Verse":"\u201c\u0aae\u0aa6\u0acd\u0aaf\u0aaa\u0abe\u0aa8 \u0a9b\u0ac7\u0aa4\u0ab0\u0abe\u0aae\u0aa3\u0ac1\u0a82 \u0a9b\u0ac7; \u0aa4\u0ac7\u0ab5\u0ac0 \u0a9c \u0ab0\u0ac0\u0aa4\u0ac7 \u0aa4\u0ac7\u0aae\u0aa8\u0abe \u0a85\u0aad\u0abf\u0aae\u0abe\u0aa8\u0aa8\u0ac7 \u0a95\u0abe\u0ab0\u0aa3\u0ac7 \u0aac\u0abe\u0aac\u0ac0\u0ab2\u0ac0\u0a93 \u0a98\u0ab0\u0ac7 \u0ab0\u0ab9\u0ac7\u0aa4\u0abe \u0aa8\u0aa5\u0ac0. \u0aa4\u0ac7\u0a93\u0aa8\u0abe \u0ab2\u0acb\u0aad\u0aae\u0abe\u0a82 \u0a98\u0aa3\u0abe \u0aa6\u0ac7\u0ab6\u0acb \u0a85\u0aa8\u0ac7 \u0ab2\u0acb\u0a95\u0acb\u0aa8\u0ac7 \u0a9c\u0ac0\u0aa4\u0acd\u0aaf\u0abe\u0a82 \u0a9b\u0ac7. \u0aaa\u0ab0\u0a82\u0aa4\u0ac1 \u0aae\u0ac3\u0aa4\u0acd\u0aaf\u0ac1 \u0a85\u0aa8\u0ac7 \u0aa8\u0ab0\u0acd\u0a95\u0aa8\u0ac0 \u0aae\u0abe\u0aab\u0a95 \u0aa4\u0ac7\u0a93 \u0a95\u0aa6\u0ac0 \u0aa4\u0ac3\u0aaa\u0acd\u0aa4 \u0aa5\u0aa4\u0abe\u0a82 \u0aa8\u0aa5\u0ac0."},{"Verseid":"34001005","Verse":"\u0a8f\u0ab5\u0acb \u0ab8\u0aae\u0aaf \u0a86\u0ab5\u0ac0 \u0ab0\u0ab9\u0acd\u0aaf\u0acb \u0a9b\u0ac7, \u0a9c\u0acd\u0aaf\u0abe\u0ab0\u0ac7 \u0aa4\u0ac7\u0a93\u0aa8\u0abe\u0a82 \u0ab8\u0ab0\u0acd\u0ab5 \u0aac\u0a82\u0aa6\u0ac0\u0ab5\u0abe\u0aa8\u0acb \u0aa4\u0ac7\u0aa8\u0ac0 \u0aae\u0ab6\u0acd\u0a95\u0ab0\u0ac0 \u0a95\u0ab0\u0ab6\u0ac7; \u2018\u0aa4\u0ac7\u0a93 \u0aa4\u0ac7\u0aa8\u0ac0 \u0aae\u0a9c\u0abe\u0a95 \u0a95\u0ab0\u0ab6\u0ac7 \u0a85\u0aa8\u0ac7 \u0aa4\u0ac7\u0aa8\u0abe \u0aaa\u0ab0 \u0ab9\u0ab8\u0ab6\u0ac7! \u0aa7\u0abf\u0a95\u0acd\u0a95\u0abe\u0ab0 \u0a9b\u0ac7 \u0aa4\u0ac7\u0aa8\u0ac7 \u0a9c\u0ac7\u0aa3\u0ac7 \u0a9c\u0ac7 \u0aaa\u0acb\u0aa4\u0abe\u0aa8\u0ac0 \u0ab5\u0ab8\u0acd\u0aa4\u0ac1 \u0aa8\u0aa5\u0ac0 \u0aa4\u0ac7 \u0ab2\u0ac2\u0a82\u0a9f\u0ac0 \u0a9b\u0ac7. \u0aad\u0abe\u0ab0\u0ac7 \u0aa6\u0ac7\u0ab5\u0ac1\u0a82 \u0aad\u0ac7\u0a97\u0ac1\u0a82 \u0a95\u0ab0\u0ab5\u0abe\u0aa5\u0ac0 \u0aa4\u0aae\u0ac7 \u0a95\u0ac7\u0a9f\u0ab2\u0acb \u0ab5\u0a96\u0aa4 \u0aa7\u0aa8\u0ab5\u0abe\u0aa8 \u0ab0\u0ab9\u0ac0 \u0ab6\u0a95\u0ab6\u0acb?\u2019"},{"Verseid":"34001006","Verse":"\u201c\u0ab6\u0ac1\u0a82 \u0a8f\u0a95\u0abe\u0a8f\u0a95 \u0a8f\u0ab5\u0abe \u0aae\u0abe\u0aa3\u0ab8\u0acb \u0a8a\u0aad\u0abe \u0aa8\u0ab9\u0abf \u0aa5\u0abe\u0aaf \u0a95\u0ac7 \u0a9c\u0ac7\u0a93 \u0aa4\u0aae\u0aa8\u0ac7 \u0a95\u0ab0\u0aa1\u0ac0 \u0a96\u0abe\u0ab6\u0ac7, \u0ab6\u0ac1\u0a82 \u0a8f\u0ab5\u0abe \u0aa8\u0ab9\u0abf \u0a9c\u0abe\u0a97\u0ac7 \u0a95\u0ac7 \u0a9c\u0ac7\u0a93 \u0aa4\u0aa8\u0ac7 \u0ab9\u0ac7\u0ab0\u0abe\u0aa8 \u0a95\u0ab0\u0ab6\u0ac7, \u0aa8\u0ac7 \u0aa4\u0ac1\u0a82 \u0ab2\u0abe\u0a9a\u0abe\u0ab0 \u0aa7\u0acd\u0ab0\u0ac1\u0a9c\u0aa4\u0acb \u0a8a\u0aad\u0acb \u0ab0\u0ab9\u0ac0\u0ab6 \u0a85\u0aa8\u0ac7 \u0aa4\u0aae\u0abe\u0ab0\u0abe \u0ab2\u0ac7\u0aa3\u0aa6\u0abe\u0ab0\u0acb \u0a85\u0a9a\u0abe\u0aa8\u0a95 \u0aa4\u0aae\u0abe\u0ab0\u0ac1\u0a82 \u0ab8\u0ab0\u0acd\u0ab5\u0ab8\u0acd\u0ab5 \u0ab2\u0ac2\u0a82\u0a9f\u0ac0 \u0ab2\u0ac7\u0ab6\u0ac7."},{"Verseid":"34001007","Verse":"\u0aa4\u0aae\u0ac7 \u0a98\u0aa3\u0abe \u0aa6\u0ac7\u0ab6\u0acb\u0aa8\u0abe \u0ab2\u0acb\u0a95\u0acb\u0aa8\u0ac7 \u0ab2\u0ac2\u0a82\u0a9f\u0aaf\u0abe \u0a9b\u0ac7, \u0aa4\u0ac7\u0aa5\u0ac0 \u0aa4\u0ac7 \u0aac\u0abe\u0a95\u0ac0 \u0ab0\u0ab9\u0ac7\u0ab2\u0abe \u0ab2\u0acb\u0a95\u0acb \u0aa4\u0aa8\u0ac7 \u0ab2\u0ac2\u0a82\u0a9f\u0ab6\u0ac7; \u0aae\u0abe\u0aa3\u0ab8\u0acb\u0aa8\u0abe \u0ab0\u0a95\u0aa4\u0aaa\u0abe\u0aa4\u0aa8\u0ac7, \u0a85\u0aa8\u0ac7 \u0aa6\u0ac7\u0ab6\u0aae\u0abe\u0a82 \u0ab9\u0abf\u0a82\u0ab8\u0abe\u0aa8\u0ac7 \u0ab2\u0ac0\u0aa7\u0ac7, \u0aa8\u0a97\u0ab0 \u0aa4\u0aa5\u0abe \u0aa4\u0ac7\u0aa8\u0abe \u0ab8\u0ab0\u0acd\u0ab5 \u0ab0\u0ab9\u0ac7\u0ab5\u0abe\u0ab8\u0ac0\u0a93\u0aa8\u0ac7 \u0ab2\u0ac2\u0a82\u0a9f\u0ac0 \u0ab2\u0ac7\u0ab5\u0abe\u0ab6\u0ac7."},{"Verseid":"34001008","Verse":"\u0a8f\u0ab5\u0abe \u0aae\u0abe\u0aa3\u0ab8\u0acb\u0aa8\u0ac1\u0a82 \u0aad\u0abe\u0ab5\u0abf \u0ab8\u0abe\u0ab0\u0ac1\u0a82 \u0aa8\u0aa5\u0ac0, \u0a9c\u0ac7\u0a93 \u0ab2\u0ac2\u0a82\u0a9f\u0aa8\u0abe \u0aa6\u0acd\u0ab0\u0ab5\u0acd\u0aaf\u0aa5\u0ac0 \u0aaa\u0acb\u0aa4\u0abe\u0aa8\u0ac1\u0a82 \u0a98\u0ab0 \u0aad\u0ab0\u0ac7 \u0a9b\u0ac7 \u0a85\u0aa8\u0ac7 \u0a96\u0ac2\u0aac \u0a8a\u0a82\u0a9a\u0ac7 \u0aac\u0abe\u0a82\u0aa7\u0ac7\u0ab2\u0abe \u0aae\u0abe\u0ab3\u0abe\u0aa8\u0ac0 \u0a9c\u0ac7\u0aae \u0a8f\u0aae\u0aa8\u0ac7 \u0ab8\u0a82\u0a95\u0a9f\u0acb\u0aa5\u0ac0 \u0ab8\u0ac1\u0ab0\u0a95\u0acd\u0ab7\u0abf\u0aa4 \u0ab0\u0abe\u0a96\u0ab5\u0abe \u0aae\u0aa5\u0ac7 \u0a9b\u0ac7."},{"Verseid":"34001009","Verse":"\u201c\u0a86 \u0aac\u0aa7\u0ac0 \u0aaf\u0acb\u0a9c\u0aa8\u0abe\u0a93\u0aa8\u0ac7 \u0ab2\u0ac0\u0aa7\u0ac7 \u0aa4\u0ac7\u0a81 \u0aa4\u0abe\u0ab0\u0abe \u0a95\u0ac1\u0a9f\u0ac1\u0a82\u0aac\u0aa8\u0ac7 \u0a95\u0abe\u0ab3\u0ac0 \u0a9f\u0ac0\u0ab2\u0ac0 \u0ab2\u0a97\u0abe\u0aa1\u0ac0 \u0a9b\u0ac7. \u0a85\u0aa8\u0ac7\u0a95 \u0ab2\u0acb\u0a95\u0acb\u0aa8\u0ac0 \u0ab9\u0aa4\u0acd\u0aaf\u0abe \u0a95\u0ab0\u0ac0\u0aa8\u0ac7 \u0aa4\u0ac7\u0a81 \u0aa4\u0abe\u0ab0\u0ac0 \u0a9c\u0abe\u0aa4 \u0ab8\u0abe\u0aa5\u0ac7 \u0aaa\u0abe\u0aaa \u0a95\u0ab0\u0acd\u0aaf\u0ac1 \u0a9b\u0ac7."},{"Verseid":"34001010","Verse":"\u0a95\u0abe\u0ab0\u0aa3\u0a95\u0ac7 \u0aa6\u0ac0\u0ab5\u0abe\u0ab2\u0aa8\u0acb \u0a8f\u0a95\u0ac7\u0a95 \u0aaa\u0aa5\u0acd\u0aa5\u0ab0 \u0ab8\u0ac1\u0aa6\u0acd\u0aa7\u0abe\u0a82 \u0aa4\u0ac7\u0aa8\u0ac0 \u0ab5\u0abf\u0ab0\u0ac2\u0aa6\u0acd\u0aa7 \u0aaa\u0acb\u0a95\u0abe\u0ab0\u0ac0 \u0a8a\u0aa0\u0ab6\u0ac7 \u0a85\u0aa8\u0ac7 \u0ab2\u0a95\u0acd\u0a95\u0aa1\u0a95\u0abe\u0aae\u0aa8\u0acb \u0a8f\u0a95\u0ac7\u0a8f\u0a95 \u0a9f\u0ac1\u0a95\u0aa1\u0acb \u0ab8\u0ac1\u0aa6\u0acd\u0aa7\u0abe\u0a82 \u0aa4\u0ac7\u0aa8\u0acb \u0aaa\u0aa1\u0a98\u0acb \u0aaa\u0abe\u0aa1\u0ab6\u0ac7."},{"Verseid":"34001011","Verse":"\u201c\u0aa7\u0abf\u0a95\u0acd\u0a95\u0abe\u0ab0 \u0a9b\u0ac7 \u0aa4\u0ac7\u0aa8\u0ac7 \u0ab0\u0a95\u0aa4\u0aaa\u0abe\u0aa4 \u0a95\u0ab0\u0ac0\u0aa8\u0ac7 \u0ab6\u0ab9\u0ac7\u0ab0 \u0aac\u0abe\u0a82\u0aa7\u0ac7 \u0a9b\u0ac7, \u0aa8\u0ac7 \u0a85\u0aa8\u0acd\u0aaf\u0abe\u0aaf\u0aa5\u0ac0 \u0aa8\u0a97\u0ab0 \u0ab5\u0ab8\u0abe\u0ab5\u0ac7 \u0a9b\u0ac7!"},{"Verseid":"34001012","Verse":"\u0ab6\u0ac1\u0a82 \u0a86 \u0ab8\u0ac8\u0aa8\u0acd\u0aaf\u0acb\u0aa8\u0acb \u0aa6\u0ac7\u0ab5 \u0aaf\u0ab9\u0acb\u0ab5\u0abe\u0a8f \u0a95\u0ab0\u0acd\u0aaf\u0ac1 \u0a9b\u0ac7? \u0ab2\u0acb\u0a95\u0acb\u0a8f \u0aaa\u0acb\u0aa4\u0abe\u0aa8\u0ac0 \u0a9c\u0abe\u0aa4\u0ac7 \u0a9c\u0ac7 \u0aac\u0aa7\u0acb \u0aaa\u0ab0\u0abf\u0ab6\u0acd\u0ab0\u0aae \u0a95\u0ab0\u0acd\u0aaf\u0acb \u0a9b\u0ac7, \u0aa4\u0ac7 \u0aac\u0ab3\u0ac0 \u0a97\u0aaf\u0acb \u0a9b\u0ac7, \u0aaa\u0acd\u0ab0\u0a9c\u0abe\u0a8f \u0a95\u0abe\u0ab0\u0aa3 \u0ab5\u0a97\u0ab0 \u0ab8\u0a96\u0aa4 \u0aaa\u0ab0\u0abf\u0ab6\u0acd\u0ab0\u0aae \u0a95\u0ab0\u0acd\u0aaf\u0acb \u0a9b\u0ac7."},{"Verseid":"34001013","Verse":"\u0a95\u0abe\u0ab0\u0aa3\u0a95\u0ac7 \u0a9c\u0ac7\u0aae \u0ab8\u0aae\u0ac1\u0aa6\u0acd\u0ab0 \u0aaa\u0abe\u0aa3\u0ac0\u0aa5\u0ac0 \u0a9b\u0ab2\u0acb\u0a9b\u0ab2 \u0aad\u0ab0\u0ac7\u0ab2\u0acb \u0a9b\u0ac7 \u0aa4\u0ac7\u0aae \u0aaf\u0ab9\u0acb\u0ab5\u0abe\u0aa8\u0abe \u0a97\u0acc\u0ab0\u0ab5\u0aa8\u0abe \u0a9c\u0acd\u0a9e\u0abe\u0aa8\u0aa5\u0ac0 \u0a9b\u0ab2\u0acb\u0a9b\u0ab2 \u0aad\u0ab0\u0abe\u0a87 \u0a9c\u0ab6\u0ac7."},{"Verseid":"34001014","Verse":"\u0aa4\u0aae\u0ac7 \u0aa4\u0aae\u0abe\u0ab0\u0abe \u0aaa\u0abe\u0aa1\u0acb\u0ab6\u0ac0\u0aa8\u0ac7 \u0aa6\u0abe\u0ab0\u0ac2\u0aa1\u0ac0\u0aaf\u0acb \u0aac\u0aa8\u0abe\u0ab5\u0acd\u0aaf\u0acb \u0aa4\u0aae\u0ac7 \u0aa4\u0aae\u0abe\u0ab0\u0acb \u0a95\u0acb\u0aaa \u0aa4\u0ac7\u0aa8\u0abe \u0aaa\u0ab0 \u0ab5\u0ab0\u0ab8\u0abe\u0ab5\u0acd\u0aaf\u0acb \u0a9c\u0ac7\u0aa5\u0ac0 \u0aa4\u0aae\u0ac7 \u0aa4\u0ac7\u0aa8\u0ac7 \u0aa8\u0a97\u0acd\u0aa8 \u0a9c\u0acb\u0a87 \u0ab6\u0a95\u0acb, \u0aa4\u0aae\u0aa8\u0ac7 \u0ab6\u0acd\u0ab0\u0abe\u0aaa \u0aae\u0ab3\u0ac7!"},{"Verseid":"34001015","Verse":"\u201c\u0aa4\u0aae\u0ac7 \u0a95\u0ac0\u0aa4\u0abf\u0ab0\u0acd\u0aa8\u0ac7 \u0aac\u0aa6\u0ab2\u0ac7 \u0ab6\u0ab0\u0aae\u0aa5\u0ac0 \u0aad\u0ab0\u0aaa\u0ac2\u0ab0 \u0ab9\u0ab6\u0acb, \u0aa4\u0ac1\u0a82 \u0aaa\u0ac0\u0ab6\u0ac7 \u0a85\u0aa8\u0ac7 \u0aa4\u0abe\u0ab0\u0ac0 \u0a9c\u0abe\u0aa4\u0aa8\u0ac7 \u0a96\u0ac1\u0ab2\u0acd\u0ab2\u0ac0 \u0a95\u0ab0\u0ab6\u0ac7; \u0aaf\u0ab9\u0acb\u0ab5\u0abe\u0aa8\u0abe \u0a9c\u0aae\u0aa3\u0abe \u0ab9\u0abe\u0aa5\u0aa8\u0acb \u0aaa\u0acd\u0aaf\u0abe\u0ab2\u0acb \u0aa4\u0abe\u0ab0\u0abe \u0aa4\u0ab0\u0aab \u0ab5\u0ab3\u0ab6\u0ac7, \u0aa8\u0ac7 \u0aa4\u0aa8\u0ac7 \u0a85\u0aaa\u0a95\u0abf\u0aa4\u0ac0\u0ab0\u0acd \u0aae\u0ab3\u0ab6\u0ac7."},{"Verseid":"34001016","Verse":"\u201c\u0a95\u0abe\u0ab0\u0aa3 \u0a95\u0ac7 \u0ab2\u0aac\u0abe\u0aa8\u0acb\u0aa8 \u0aaa\u0ab0 \u0a95\u0ab0\u0ac7\u0ab2\u0abe \u0a97\u0ac1\u0aa8\u0abe\u0a93 \u0aa4\u0aa8\u0ac7 \u0aa2\u0abe\u0a82\u0a95\u0ac0 \u0aa6\u0ac7\u0ab6\u0ac7. \u0a85\u0aa8\u0ac7 \u0aa4\u0acd\u0aaf\u0abe\u0a82\u0aa8\u0abe \u0aaa\u0acd\u0ab0\u0abe\u0aa3\u0ac0\u0a93 \u0aaa\u0ab0 \u0ab2\u0abe\u0aa6\u0ac7\u0ab2\u0acb \u0aa4\u0acd\u0ab0\u0abe\u0ab8 \u0aa4\u0ac7\u0aa8\u0ac7 \u0aad\u0aaf\u0aad\u0ac0\u0aa4 \u0aac\u0aa8\u0abe\u0ab5\u0ac0 \u0aa6\u0ac7\u0ab6\u0ac7, \u0a95\u0abe\u0ab0\u0aa3 \u0a95\u0ac7 \u0aa4\u0ac7\u0aa3\u0ac7 \u0ab2\u0acb\u0a95\u0acb\u0aa8\u0ac7 \u0aae\u0abe\u0ab0\u0ac0 \u0aa8\u0abe\u0a96\u0acd\u0aaf\u0abe \u0a9b\u0ac7 \u0a85\u0aa8\u0ac7 \u0aa6\u0ac7\u0ab6\u0aae\u0abe\u0a82 \u0ab9\u0abf\u0a82\u0ab8\u0abe \u0ab2\u0abe\u0ab5\u0ac0 \u0a9b\u0ac7, \u0aa4\u0ac7\u0aa3\u0ac7 \u0aa8\u0a97\u0ab0 \u0a85\u0aa8\u0ac7 \u0aa4\u0ac7\u0aae\u0abe\u0a82 \u0ab0\u0ab9\u0ac7\u0aa8\u0abe\u0ab0\u0abe\u0a93 \u0ab8\u0abe\u0aa5\u0ac7 \u0a96\u0ab0\u0abe\u0aac \u0ab5\u0ab0\u0acd\u0aa4\u0abe\u0ab5 \u0a95\u0ab0\u0acd\u0aaf\u0acb \u0a9b\u0ac7.\u201d"},{"Verseid":"34001017","Verse":"\u0aae\u0abe\u0aa3\u0ab8\u0ac7 \u0aac\u0aa8\u0abe\u0ab5\u0ac7\u0ab2\u0ac0 \u0aae\u0ac2\u0ab0\u0acd\u0aa4\u0abf\u0a93\u0aa8\u0acb \u0ab6\u0acb \u0a89\u0aaa\u0aaf\u0acb\u0a97 \u0a9b\u0ac7? \u0a8f \u0aa4\u0acb \u0aae\u0abe\u0aa4\u0acd\u0ab0 \u0aa7\u0abe\u0aa4\u0ac1\u0aae\u0abe\u0a82\u0aa5\u0ac0 \u0aac\u0aa8\u0abe\u0ab5\u0ac7\u0ab2\u0ac0 \u0aaa\u0ac1\u0aa4\u0ab3\u0ac0\u0a93 \u0a9b\u0ac7, \u0a9c\u0ac7 \u0a95\u0ac7\u0ab5\u0ab3 \u0a9c\u0ac2\u0aa0\u0ac1 \u0aad\u0abe\u0a96\u0ac7 \u0a9b\u0ac7. \u0aae\u0abe\u0aa3\u0ab8 \u0a9c\u0ac7 \u0a8f\u0a95 \u0aae\u0ac2\u0ab0\u0acd\u0aa4\u0abf \u0aac\u0aa8\u0abe\u0ab5\u0ac7 \u0a9b\u0ac7 \u0aa4\u0ac7\u0aae\u0abe\u0a82 \u0ab6\u0abe \u0aae\u0abe\u0a9f\u0ac7 \u0ab5\u0abf\u0ab6\u0acd\u0ab5\u0abe\u0ab8 \u0ab0\u0abe\u0a96\u0ac7 \u0a9b\u0ac7? \u0aa4\u0ac7 \u0a8f\u0ab5\u0abe \u0aa6\u0ac7\u0ab5 \u0aac\u0aa8\u0abe\u0ab5\u0ac7 \u0a9b\u0ac7 \u0a9c\u0ac7 \u0aac\u0acb\u0ab2\u0ac0 \u0aaa\u0aa3 \u0ab6\u0a95\u0aa4\u0abe\u0a82 \u0aa8\u0aa5\u0ac0."},{"Verseid":"34001018","Verse":"\u0a9c\u0ac7 \u0aae\u0aa8\u0ac1\u0ab7\u0acd\u0aaf \u0ab2\u0abe\u0a95\u0aa1\u0abe\u0aa8\u0ac0 \u0aae\u0ac2\u0ab0\u0acd\u0aa4\u0abf\u0aa8\u0ac7 \u0a8a\u0aa0\u0abe\u0aa1\u0ab5\u0abe\u0aa8\u0acb \u0aaa\u0acd\u0ab0\u0aaf\u0aa4\u0acd\u0aa8 \u0a95\u0ab0\u0ac7 \u0a9b\u0ac7. \u0a9c\u0ac7 \u0aae\u0abe\u0aa3\u0ab8 \u0aaa\u0aa5\u0acd\u0aa5\u0ab0\u0aa8\u0ac7 \u0a96\u0ab8\u0ac7\u0aa1\u0ab5\u0abe\u0aa8\u0ac0 \u0a95\u0acb\u0ab6\u0abf\u0ab7 \u0a95\u0ab0\u0ac7 \u0a9b\u0ac7 \u0aa4\u0ac7 \u0a9c\u0acb\u0a96\u0aae\u0aae\u0abe\u0a82 \u0a9b\u0ac7! \u0ab6\u0ac1\u0a82 \u0aae\u0ac2\u0ab0\u0acd\u0aa4\u0abf \u0a95\u0abe\u0a82\u0a87 \u0ab6\u0ac0\u0a96\u0ab5\u0ac0 \u0ab6\u0a95\u0ac7 \u0a9b\u0ac7? \u0aa4\u0ac7\u0a93 \u0ab8\u0acb\u0aa8\u0abe\u0aa5\u0ac0 \u0a85\u0aa8\u0ac7 \u0a9a\u0abe\u0a82\u0aa6\u0ac0\u0aae\u0abe\u0a82 \u0a9c\u0aa1\u0abe\u0aaf\u0ac7\u0ab2\u0ac0 \u0a9b\u0ac7, \u0aaa\u0aa3 \u0aa4\u0ac7\u0aa8\u0ac0 \u0a85\u0a82\u0aa6\u0ab0 \u0ab6\u0acd\u0ab5\u0abe\u0ab8 \u0aac\u0abf\u0ab2\u0a95\u0ac1\u0ab2 \u0aa8\u0aa5\u0ac0."},{"Verseid":"34001019","Verse":"\u0aaa\u0ab0\u0a82\u0aa4\u0ac1 \u0aaf\u0ab9\u0acb\u0ab5\u0abe \u0aa4\u0ac7\u0aae\u0aa8\u0abe \u0aaa\u0ab5\u0abf\u0aa4\u0acd\u0ab0 \u0aae\u0a82\u0aa6\u0abf\u0ab0\u0aae\u0abe\u0a82 \u0a9b\u0ac7; \u0ab8\u0aae\u0a97\u0acd\u0ab0 \u0aaa\u0ac3\u0aa5\u0acd\u0ab5\u0ac0 \u0aa4\u0ac7\u0aae\u0aa8\u0ac0 \u0ab8\u0aae\u0a95\u0acd\u0ab7 \u0aae\u0acc\u0aa8 \u0aa5\u0a87 \u0a9c\u0abe\u0a93."}]},{"Verse":[{"Verseid":"34002000","Verse":"\u0aaa\u0acd\u0ab0\u0aac\u0acb\u0aa7\u0a95 \u0ab9\u0aac\u0abe\u0a95\u0acd\u0a95\u0ac1\u0a95\u0ac7 \u0a86 \u0aaa\u0acd\u0ab0\u0abe\u0ab0\u0acd\u0aa5\u0aa8\u0abe \u0aaf\u0ab9\u0acb\u0ab5\u0abe\u0aa8\u0ac7 \u0a95\u0ab0\u0ac0, \u0ab0\u0abe\u0a97 \u0ab6\u0abf\u0a97\u0acd\u0aaf\u0acb\u0aa8\u0acb\u0aa5."},{"Verseid":"34002001","Verse":"\u0ab9\u0ac7 \u0aaf\u0ab9\u0acb\u0ab5\u0abe, \u0aa4\u0aae\u0abe\u0ab0\u0abe \u0ab5\u0abf\u0ab7\u0ac7 \u0ab9\u0ab5\u0ac7 \u0aae\u0ac7\u0a82 \u0ab8\u0abe\u0a82\u0aad\u0ab3\u0acd\u0aaf\u0ac1\u0a82 \u0a9b\u0ac7, \u0a85\u0aa8\u0ac7 \u0aae\u0aa8\u0ac7 \u0a9a\u0abf\u0a82\u0aa4\u0abe \u0aa5\u0abe\u0aaf \u0a9b\u0ac7, \u0aad\u0ac2\u0aa4\u0a95\u0abe\u0ab3\u0aae\u0abe\u0a82 \u0a9c\u0ac7\u0aae \u0aa4\u0aae\u0ac7 \u0a95\u0ab0\u0acd\u0aaf\u0ac1\u0a82 \u0ab9\u0aa4\u0ac1\u0a82 \u0aa4\u0ac7\u0aae \u0a85\u0aae\u0abe\u0ab0\u0ac0 \u0a9c\u0ab0\u0ac2\u0ab0\u0abf\u0aaf\u0abe\u0aa4\u0aa8\u0abe \u0a86 \u0ab8\u0aae\u0aaf\u0aae\u0abe\u0a82 \u0aab\u0ab0\u0ac0 \u0ab5\u0abe\u0ab0 \u0a85\u0aae\u0abe\u0ab0\u0ac0 \u0ab8\u0ab9\u0abe\u0aaf \u0a95\u0ab0\u0acb. \u0a86 \u0a9c\u0ab0\u0ac2\u0ab0\u0abf\u0aaf\u0abe\u0aa4\u0aa8\u0abe \u0ab8\u0aae\u0aaf\u0aae\u0abe\u0a82 \u0aa4\u0aae\u0abe\u0ab0\u0ac0 \u0a9c\u0abe\u0aa4\u0aa8\u0ac7 \u0aac\u0aa4\u0abe\u0ab5\u0acb, \u0aa4\u0aae\u0abe\u0ab0\u0abe \u0a95\u0acd\u0ab0\u0acb\u0aa7\u0aae\u0abe\u0a82 \u0aa6\u0aaf\u0abe\u0ab3\u0ac1 \u0aa5\u0ab5\u0abe\u0aa8\u0ac1\u0a82 \u0aad\u0ac2\u0ab2\u0aa4\u0abe \u0aa8\u0ab9\u0abf."},{"Verseid":"34002002","Verse":"\u0aa6\u0ac7\u0ab5 \u0aa4\u0ac7\u0aae\u0abe\u0aa8\u0aa5\u0ac0 \u0a86\u0ab5\u0ac7 \u0a9b\u0ac7, \u0aaa\u0ab5\u0abf\u0aa4\u0acd\u0ab0 \u0aa6\u0ac7\u0ab5 \u0aaa\u0abe\u0ab0\u0abe\u0aa8\u0aa8\u0abe \u0aaa\u0ab0\u0acd\u0ab5\u0aa4 \u0aaa\u0ab0\u0aa5\u0ac0 \u0a86\u0ab5\u0ac7 \u0a9b\u0ac7. \u0aa4\u0ac7\u0aa8\u0acb \u0aaa\u0acd\u0ab0\u0a95\u0abe\u0ab6 \u0a86\u0a95\u0abe\u0ab6\u0aae\u0abe\u0a82 \u0aaa\u0aa5\u0ab0\u0abe\u0aaf \u0a9b\u0ac7; \u0aa4\u0ac7\u0aa8\u0ac0 \u0a95\u0abf\u0aa4\u0ac0\u0ab0\u0acd \u0aaa\u0ac3\u0aa5\u0acd\u0ab5\u0ac0 \u0aaa\u0ab0 \u0aab\u0ac7\u0ab2\u0abe\u0aaf \u0a9b\u0ac7."},{"Verseid":"34002003","Verse":"\u0ab8\u0ac2\u0ab0\u0acd\u0aaf \u0a9c\u0ac7\u0ab5\u0ac1\u0a82 \u0a9b\u0ac7 \u0aa4\u0ac7\u0aa8\u0ac1\u0a82 \u0a85\u0aa8\u0ac1\u0aaa\u0aae \u0aa4\u0ac7\u0a9c, \u0a95\u0abf\u0ab0\u0aa3\u0acb \u0aaa\u0acd\u0ab0\u0a97\u0a9f\u0ac7 \u0a9b\u0ac7 \u0aa4\u0ac7\u0aa8\u0abe \u0ab9\u0abe\u0aa5\u0aae\u0abe\u0a82\u0aa5\u0ac0; \u0aa4\u0acd\u0aaf\u0abe\u0a82 \u0a9c \u0a9b\u0ac1\u0aaa\u0abe\u0aaf\u0ac7\u0ab2\u0ac1\u0a82 \u0a9b\u0ac7 \u0aa4\u0ac7\u0aa8\u0ac1 \u0ab8\u0abe\u0ab0\u0acd\u0aae\u0aa5\u0acd\u0aaf."},{"Verseid":"34002004","Verse":"\u0aae\u0ab0\u0a95\u0ac0 \u0a9c\u0abe\u0aaf \u0a9b\u0ac7 \u0aa4\u0ac7\u0aa8\u0ac0 \u0a86\u0a97\u0ab3 \u0a86\u0a97\u0ab3, \u0aa8\u0ac7 \u0ab0\u0acb\u0a97\u0a9a\u0abe\u0ab3\u0acb \u0a9c\u0abe\u0aaf \u0a9b\u0ac7 \u0aa4\u0ac7\u0aa8\u0ac7 \u0aaa\u0a97\u0ab2\u0ac7-\u0aaa\u0a97\u0ab2\u0ac7."},{"Verseid":"34002005","Verse":"\u0aa4\u0ac7 \u0a8a\u0aad\u0abe \u0aa5\u0abe\u0aaf \u0a9b\u0ac7 \u0a85\u0aa8\u0ac7 \u0aaa\u0ac3\u0aa5\u0acd\u0ab5\u0ac0\u0aa8\u0ac7 \u0ab9\u0ab2\u0abe\u0ab5\u0ac7 \u0a9b\u0ac7, \u0aa4\u0ac7\u0aa8\u0ac0 \u0aa8\u0a9c\u0ab0\u0aa5\u0ac0 \u0ab2\u0acb\u0a95\u0acb\u0aa8\u0ac7 \u0ab5\u0abf\u0a96\u0ac7\u0ab0\u0ac0 \u0aa8\u0abe\u0a96\u0ac7 \u0a9b\u0ac7, \u0aaa\u0acd\u0ab0\u0abe\u0a9a\u0ac0\u0aa8 \u0aaa\u0ab0\u0acd\u0ab5\u0aa4\u0acb\u0aa8\u0abe \u0a9f\u0ac2\u0a95\u0aa1\u0ac7 \u0a9f\u0ac2\u0a95\u0aa1\u0abe \u0aa5\u0a87 \u0a9c\u0abe\u0aaf \u0a9b\u0ac7, \u0aaa\u0acd\u0ab0\u0abe\u0a9a\u0ac0\u0aa8 \u0a9f\u0ac7\u0a95\u0ab0\u0ac0\u0a93 \u0aa8\u0aae\u0ac0 \u0a9c\u0abe\u0aaf \u0a9b\u0ac7, \u0aa4\u0ac7\u0a93 \u0ab9\u0a82\u0aae\u0ac7\u0ab6\u0abe \u0a86\u0ab5\u0abe\u0a9c \u0ab9\u0aa4\u0abe."},{"Verseid":"34002006","Verse":"\u0aae\u0ac7\u0a82 \u0a95\u0ac2\u0ab6\u0abe\u0aa8\u0aa8\u0abe \u0aa4\u0a82\u0aac\u0ac1\u0a93\u0aa8\u0ac7 \u0ab5\u0abf\u0aaa\u0aa4\u0acd\u0aa4\u0abf\u0aae\u0abe\u0a82 \u0a9c\u0acb\u0aaf\u0abe \u0a9b\u0ac7; \u0aae\u0ac7\u0a82 \u0aae\u0abf\u0aa6\u0acd\u0aaf\u0abe\u0aa8\u0aae\u0abe\u0a82 \u0aa4\u0a82\u0aac\u0ac1\u0a93\u0aa8\u0ac7 \u0ab9\u0ab2\u0aa4\u0abe \u0a9c\u0acb\u0aaf\u0abe \u0a9b\u0ac7."},{"Verseid":"34002007","Verse":"\u0ab9\u0ac7 \u0aaf\u0ab9\u0acb\u0ab5\u0abe, \u0aa4\u0aae\u0ac7 \u0aa8\u0aa6\u0ac0\u0a93 \u0aaa\u0ab0 \u0a97\u0ac1\u0ab8\u0acd\u0ab8\u0ac7 \u0aa5\u0aaf\u0abe \u0a9b\u0acb? \u0ab6\u0ac1\u0a82 \u0aa4\u0aae\u0ac7 \u0a9d\u0ab0\u0aa3\u0abe\u0a93 \u0aaa\u0ab0 \u0ab0\u0acb\u0ab7\u0ac7 \u0aad\u0ab0\u0abe\u0aaf\u0abe \u0a9b\u0acb? \u0ab6\u0ac1\u0a82 \u0aa4\u0aae\u0abe\u0ab0\u0acb \u0a95\u0acd\u0ab0\u0acb\u0aa7 \u0ab8\u0aae\u0ac1\u0aa6\u0acd\u0ab0 \u0aaa\u0ab0 \u0a9b\u0ac7? \u0a9c\u0ac7\u0aa8\u0ac7 \u0a95\u0abe\u0ab0\u0aa3\u0ac7 \u0aa4\u0aae\u0ac7 \u0a98\u0acb\u0aa1\u0abe\u0a93\u0aa8\u0ac7, \u0ab5\u0abf\u0a9c\u0acd\u0aaf\u0ac0 \u0ab0\u0aa5\u0acb \u0aaa\u0ab0 \u0ab8\u0ab5\u0abe\u0ab0\u0ac0 \u0a95\u0ab0\u0ac0 \u0ab0\u0ab9\u0acd\u0aaf\u0abe\u0a82 \u0a9b\u0acb?"},{"Verseid":"34002008","Verse":"\u0a9c\u0acd\u0aaf\u0abe\u0ab0\u0ac7 \u0aa4\u0aae\u0ac7 \u0aa4\u0aae\u0abe\u0ab0\u0ac1\u0a82 \u0aae\u0ac7\u0a98\u0aa7\u0aa8\u0ac1\u0ab7\u0acd\u0aaf \u0aac\u0ab9\u0abe\u0ab0 \u0a95\u0abe\u0aa2\u0acb \u0a9b\u0acb, \u0aa4\u0ac7 \u0aa4\u0aae\u0ac7 \u0ab2\u0acb\u0a95\u0acb\u0aa8\u0ac7 \u0a86\u0aaa\u0ac7\u0ab2\u0abe \u0ab5\u0a9a\u0aa8\u0aa8\u0ac0 \u0aa8\u0abf\u0ab6\u0abe\u0aa8\u0ac0 \u0ab9\u0aa4\u0ac0, \u0aaa\u0ac3\u0aa5\u0acd\u0ab5\u0ac0\u0a8f \u0aa8\u0aa6\u0ac0\u0a93\u0aa8\u0ac7 \u0ab5\u0ab9\u0ac7\u0a82\u0a9a\u0ac0 \u0aa8\u0abe\u0a96\u0ac0 \u0a9b\u0ac7."},{"Verseid":"34002009","Verse":"\u0aa5\u0ab0\u0aa5\u0ab0 \u0aa7\u0acd\u0ab0\u0ac1\u0a9c\u0ac7 \u0a9b\u0ac7 \u0aa4\u0aa8\u0ac7 \u0a9c\u0acb\u0a87\u0aa8\u0ac7 \u0aaa\u0ab0\u0acd\u0ab5\u0aa4\u0acb, \u0aae\u0ac2\u0ab6\u0ab3\u0aa7\u0abe\u0ab0 \u0ab5\u0ab0\u0ab8\u0ac7 \u0a9b\u0ac7 \u0ab5\u0ab0\u0ab8\u0abe\u0aa6, \u0a85\u0aa8\u0ac7 \u0ab8\u0abe\u0a97\u0ab0 \u0a95\u0ab0\u0ac7 \u0a9b\u0ac7 \u0a98\u0acb\u0ab0 \u0a97\u0ab0\u0acd\u0a9c\u0aa8\u0abe, \u0aa8\u0ac7 \u0ab9\u0ac7\u0ab2\u0ac7 \u0a9a\u0aa1\u0ac7 \u0a9b\u0ac7 \u0aa4\u0ac7\u0aa8\u0abe \u0aae\u0acb\u0a9c\u0abe \u0a95\u0ac7\u0ab5\u0abe!"},{"Verseid":"34002010","Verse":"\u0ab0\u0abe \u0ab5\u0ac7\u0a97\u0ac0\u0ab2\u0abe \u0aac\u0abe\u0aa3\u0acb\u0aa8\u0abe \u0a9d\u0aac\u0a95\u0abe\u0ab0\u0aa5\u0ac0, \u0a85\u0aa8\u0ac7 \u0aa4\u0abe\u0ab0\u0abe \u0a9a\u0a95\u0a9a\u0a95\u0aa4\u0abe \u0aad\u0abe\u0ab2\u0abe\u0aa8\u0abe \u0a9a\u0ab3\u0a95\u0abe\u0a9f\u0aa5\u0ac0; \u0ab8\u0ac2\u0ab0\u0acd\u0aaf \u0a85\u0aa8\u0ac7 \u0a9a\u0a82\u0aa6\u0acd\u0ab0 \u0aaa\u0acb\u0aa4\u0aaa\u0acb\u0aa4\u0abe\u0aa8\u0abe \u0ab8\u0acd\u0aa5\u0abe\u0aa8\u0aae\u0abe\u0a82 \u0aa5\u0a82\u0aad\u0ac0 \u0a97\u0aaf\u0abe \u0a9b\u0ac7."},{"Verseid":"34002011","Verse":"\u0aa4\u0aae\u0ac7 \u0a97\u0ac1\u0ab8\u0acd\u0ab8\u0abe\u0aae\u0abe\u0a82 \u0aaa\u0ac3\u0aa5\u0acd\u0ab5\u0ac0 \u0aaa\u0ab0 \u0aaa\u0a97 \u0aaa\u0a9b\u0abe\u0aa1\u0acb \u0a9b\u0acb, \u0a85\u0aa8\u0ac7 \u0a95\u0acd\u0ab0\u0acb\u0aa7\u0aae\u0abe\u0a82, \u0aaa\u0acd\u0ab0\u0a9c\u0abe\u0a93\u0aa8\u0ac7 \u0aaa\u0a97\u0aa4\u0ab3\u0ac7 \u0a95\u0a9a\u0aa1\u0ac0 \u0aa8\u0abe\u0a96\u0acb \u0a9b\u0acb."},{"Verseid":"34002012","Verse":"\u0aa4\u0aae\u0ac7 \u0aa4\u0aae\u0abe\u0ab0\u0abe \u0ab2\u0acb\u0a95\u0acb\u0aa8\u0abe \u0a89\u0aa7\u0acd\u0aa7\u0abe\u0ab0\u0aa8\u0ac7 \u0aae\u0abe\u0a9f\u0ac7, \u0ab5\u0ab3\u0ac0 \u0aa4\u0aae\u0abe\u0ab0\u0abe \u0a85\u0aad\u0abf\u0ab7\u0abf\u0a95\u0aa4\u0aa8\u0abe \u0a89\u0aa7\u0acd\u0aa7\u0abe\u0ab0\u0aa8\u0ac7 \u0aae\u0abe\u0a9f\u0ac7 \u0aaa\u0aa3 \u0aac\u0ab9\u0abe\u0ab0 \u0a97\u0aaf\u0abe. \u0aa4\u0aae\u0ac7 \u0aa6\u0ab0\u0ac7\u0a95 \u0aa6\u0ac1\u0ab7\u0acd\u0a9f \u0a95\u0ac1\u0ab3\u0aa8\u0abe \u0aa8\u0ac7\u0aa4\u0abe\u0a93\u0aa8\u0ac7 \u0a95\u0abe\u0aaa\u0ac0 \u0aa8\u0abe\u0a96\u0acb \u0a9b\u0acb \u0a85\u0aa8\u0ac7 \u0a9c\u0aae\u0ac0\u0aa8\u0aa5\u0ac0 \u0a97\u0ab3\u0abe \u0ab8\u0ac1\u0aa7\u0ac0 \u0aa4\u0ac7\u0aae\u0aa8\u0ac7 \u0a96\u0ac1\u0ab2\u0acd\u0ab2\u0abe \u0aaa\u0abe\u0aa1\u0acb \u0a9b\u0acb."},{"Verseid":"34002013","Verse":"\u0aa4\u0aae\u0ac7 \u0ab2\u0aa1\u0ab5\u0ac8\u0aaf\u0abe\u0a93\u0aa8\u0abe \u0aae\u0abe\u0aa5\u0abe \u0aa4\u0ac7\u0aae\u0aa8\u0abe \u0aaa\u0acb\u0aa4\u0abe\u0aa8\u0abe \u0a9c \u0aad\u0abe\u0ab2\u0abe\u0a93\u0aa5\u0ac0 \u0ab5\u0ac0\u0a82\u0aa7\u0ac0 \u0aa8\u0abe\u0a96\u0acb \u0a9b\u0acb. \u0a9c\u0acd\u0aaf\u0abe\u0ab0\u0ac7\u0ac7 \u0aa4\u0ac7\u0a93 \u0ab5\u0abe\u0ab5\u0abe\u0a9d\u0acb\u0aa1\u0abe\u0aa8\u0ac0 \u0a9c\u0ac7\u0aae \u0a85\u0aae\u0aa8\u0ac7 \u0aae\u0abe\u0ab0\u0ac0 \u0aa8\u0abe\u0a96\u0ab5\u0abe \u0a86\u0ab5\u0acd\u0aaf\u0abe. \u0ab8\u0a82\u0aa4\u0abe\u0a87 \u0a97\u0aaf\u0ac7\u0ab2\u0abe \u0a97\u0ab0\u0ac0\u0aac\u0acb\u0aa8\u0ac7 \u0aad\u0ab8\u0acd\u0aae\u0ab8\u0abe\u0aa4 \u0a95\u0ab0\u0aa8\u0abe\u0ab0\u0abe \u0ab2\u0acb\u0a95\u0acb\u0aa8\u0ac0 \u0a9c\u0ac7\u0aae \u0aa4\u0ac7\u0a93 \u0a86\u0aa8\u0a82\u0aa6 \u0aae\u0abe\u0aa8\u0ac7 \u0a9b\u0ac7."},{"Verseid":"34002014","Verse":"\u0aa4\u0aae\u0ac7 \u0a9c\u0acd\u0aaf\u0abe\u0ab0\u0ac7 \u0aa4\u0aae\u0abe\u0ab0\u0abe \u0a98\u0acb\u0aa1\u0abe \u0aaa\u0ab0 \u0ab8\u0ab5\u0abe\u0ab0 \u0aa5\u0a87\u0aa8\u0ac7 \u0ab8\u0abe\u0a97\u0ab0\u0aae\u0abe\u0a82\u0aa5\u0ac0 \u0aaa\u0abe\u0a9b\u0abe \u0aab\u0ab0\u0acb \u0a9b\u0acb, \u0aa4\u0acd\u0aaf\u0abe\u0ab0\u0ac7 \u0aaa\u0abe\u0aa3\u0ac0 \u0a96\u0ab3\u0aad\u0ab3\u0ac0 \u0a9c\u0abe\u0aaf \u0a9b\u0ac7."},{"Verseid":"34002015","Verse":"\u0a8f \u0ab8\u0abe\u0a82\u0aad\u0ab3\u0ac0\u0aa8\u0ac7 \u0aa4\u0acb \u0ab9\u0ac1\u0a82 \u0aa7\u0acd\u0ab0\u0ac1\u0a9c\u0ac0 \u0a8a\u0aa0\u0ac1\u0a82 \u0a9b\u0ac1\u0a82; \u0aae\u0abe\u0ab0\u0abe \u0ab9\u0acb\u0aa0 \u0a85\u0aa8\u0ac7 \u0aae\u0abe\u0ab0\u0abe \u0aaa\u0a97\u0aa4\u0ab3\u0ac7\u0aa5\u0ac0 \u0aa7\u0ab0\u0aa4\u0ac0 \u0a96\u0ab8\u0ac0 \u0a9c\u0abe\u0aaf \u0a9b\u0ac7, \u0aae\u0abe\u0ab0\u0abe\u0a81 \u0ab9\u0abe\u0aa1\u0a95\u0abe\u0a82 \u0ab8\u0aa1\u0ac0 \u0a9c\u0abe\u0aaf \u0a9b\u0ac7, \u0aae\u0abe\u0ab0\u0ac1\u0a82 \u0a86\u0a96\u0ac1\u0a82 \u0ab6\u0ab0\u0ac0\u0ab0 \u0aa7\u0acd\u0ab0\u0ac1\u0a9c\u0ac7 \u0a9b\u0ac7, \u0aaa\u0aa3 \u0ab9\u0ac1\u0a82 \u0aa7\u0ac0\u0ab0\u0a9c\u0aaa\u0ac2\u0ab0\u0acd\u0ab5\u0a95 \u0a86\u0aab\u0aa4\u0aa8\u0abe \u0aa6\u0abf\u0ab5\u0ab8\u0aa8\u0ac0 \u0ab0\u0abe\u0ab9 \u0a9c\u0acb\u0a89\u0a82 \u0a9b\u0ac1\u0a82 \u0a9c\u0acd\u0aaf\u0abe\u0ab0\u0ac7 \u0aa4\u0ac7 \u0ab2\u0acb\u0a95\u0acb\u0aa8\u0ac1\u0a82 \u0ab2\u0ab6\u0acd\u0a95\u0ab0 \u0a85\u0aae\u0abe\u0ab0\u0ac0 \u0ab8\u0abe\u0aae\u0ac7 \u0a9a\u0aa2\u0ac0 \u0a86\u0ab5\u0ab6\u0ac7."},{"Verseid":"34002016","Verse":"\u0aad\u0ab2\u0ac7\u0aa8\u0ac7 \u0a85\u0a82\u0a9c\u0ac0\u0ab0\u0ac0\u0aa8\u0ac7 \u0aab\u0ac2\u0ab2\u0aa8\u0abe \u0aac\u0ac7\u0ab8\u0ac7, \u0aa8\u0ac7 \u0aa6\u0acd\u0ab0\u0abe\u0a95\u0acd\u0ab7\u0aa8\u0ac0 \u0ab2\u0aa4\u0abe\u0a93\u0aa8\u0ac7 \u0aa6\u0acd\u0ab0\u0abe\u0a95\u0acd\u0ab7\u0abe \u0aa8 \u0a86\u0ab5\u0ac7; \u0a9c\u0ac8\u0aa4\u0ac2\u0aa8\u0aa8\u0acb \u0aaa\u0abe\u0a95 \u0aa8\u0abf\u0ab7\u0acd\u0aab\u0ab3 \u0a9c\u0abe\u0aaf, \u0aa8\u0ac7 \u0a96\u0ac7\u0aa4\u0ab0\u0acb\u0aae\u0abe\u0a82 \u0aa7\u0abe\u0aa8 \u0aa8 \u0aaa\u0abe\u0a95\u0ac7, \u0a95\u0acb\u0aa1\u0aae\u0abe \u0aa2\u0acb\u0ab0\u0aa2\u0abe\u0a82\u0a96\u0ab0 \u0aa8\u0abe \u0ab0\u0ab9\u0ac7, \u0aa8\u0ac7 \u0aa8\u0abe\u0ab6 \u0aaa\u0abe\u0aae\u0ac7 \u0ab5\u0abe\u0aa1\u0abe\u0aae\u0abe\u0a82 \u0aa8\u0ac7 \u0aa4\u0aac\u0ac7\u0ab2\u0abe\u0aae\u0abe ,\u0a98\u0ac7\u0a9f\u0abe\u0a82\u0aac\u0a95\u0ab0\u0abe\u0a82,"},{"Verseid":"34002017","Verse":"\u0a9b\u0aa4\u0abe \u0ab9\u0ac1\u0a82 \u0aaf\u0ab9\u0acb\u0ab5\u0abe\u0aa5\u0ac0 \u0a86\u0aa8\u0a82\u0aa6\u0abf\u0aa4 \u0ab0\u0ab9\u0ac0\u0ab6, \u0a85\u0aa8\u0ac7 \u0aa6\u0ac7\u0ab5, \u0a9c\u0ac7 \u0aae\u0abe\u0ab0\u0ac1\u0a82 \u0aa4\u0abe\u0ab0\u0aa3 \u0a9b\u0ac7, \u0aa4\u0ac7\u0aa8\u0abe\u0aa5\u0ac0 \u0ab9\u0ac1\u0a82 \u0a86\u0aa8\u0a82\u0aa6\u0abf\u0aa4 \u0aa5\u0a87\u0ab6."},{"Verseid":"34002018","Verse":"\u0aaf\u0ab9\u0acb\u0ab5\u0abe \u0aae\u0abe\u0ab0\u0abe \u0aaa\u0acd\u0ab0\u0aad\u0ac1 \u0aae\u0abe\u0ab0\u0ac1\u0a82 \u0aac\u0ab3 \u0a9b\u0ac7; \u0aa4\u0ac7 \u0aae\u0aa8\u0ac7 \u0ab9\u0ab0\u0aa3\u0aa8\u0abe \u0a9c\u0ac7\u0ab5\u0abe \u0aaa\u0a97 \u0a86\u0aaa\u0ab6\u0ac7 \u0a85\u0aa8\u0ac7 \u0aa4\u0ac7 \u0aae\u0aa8\u0ac7 \u0ab8\u0ac1\u0ab0\u0a95\u0acd\u0ab7\u0abe\u0aa5\u0ac0 \u0aaa\u0ab0\u0acd\u0ab5\u0aa4\u0acb \u0a89\u0aaa\u0ab0 \u0ab2\u0a87 \u0a9c\u0ab6\u0ac7.\u0aae\u0ac1\u0a96\u0acd\u0aaf \u0a97\u0abe\u0aaf\u0a95 \u0aae\u0abe\u0a9f\u0ac7. \u0aa4\u0abe\u0ab0\u0ab5\u0abe\u0ab3\u0abe\u0a82 \u0ab5\u0abe\u0a9c\u0abf\u0a82\u0aa4\u0acd\u0ab0 \u0ab8\u0abe\u0aa5\u0ac7 \u0a97\u0abe\u0ab5\u0ac1\u0a82. \ufeff"}]}]}