{"Chapter":[{"Verse":[{"Verseid":"49000000","Verse":"\u0a96\u0acd\u0ab0\u0abf\u0ab8\u0acd\u0aa4 \u0a88\u0ab8\u0ac1\u0aa8\u0abe \u0ab8\u0ac7\u0ab5\u0a95\u0acb \u0aaa\u0abe\u0a89\u0ab2 \u0a85\u0aa8\u0ac7 \u0aa4\u0abf\u0aae\u0acb\u0aa5\u0ac0 \u0aa4\u0ab0\u0aab\u0aa5\u0ac0 \u0a95\u0ac1\u0ab6\u0ab3\u0aa4\u0abe \u0ab9\u0acb. \u0aa6\u0ab0\u0ac7\u0a95 \u0ab8\u0a82\u0aa4\u0acb \u0a9c\u0ac7\u0a93 \u0a96\u0acd\u0ab0\u0abf\u0ab8\u0acd\u0aa4 \u0a88\u0ab8\u0ac1\u0aae\u0abe\u0a82 \u0a9b\u0ac7. \u0a85\u0aa8\u0ac7 \u0aab\u0abf\u0ab2\u0abf\u0aaa\u0acd\u0aaa\u0ac0\u0aae\u0abe\u0a82 \u0ab0\u0ab9\u0ac7 \u0a9b\u0ac7. \u0a85\u0aa8\u0ac7 \u0aa4\u0aae\u0abe\u0ab0\u0abe \u0ab8\u0ab0\u0acd\u0ab5 \u0ab5\u0aa1\u0ac0\u0ab2\u0acb \u0a85\u0aa8\u0ac7 \u0ab5\u0abf\u0ab6\u0abf\u0ab7\u0acd\u0a9f \u0aae\u0aa6\u0aa6\u0a97\u0abe\u0ab0\u0acb\u0aa8\u0ac7."},{"Verseid":"49000001","Verse":"\u0aa6\u0ac7\u0ab5 \u0a86\u0aaa\u0aa3\u0abe \u0aac\u0abe\u0aaa \u0a85\u0aa8\u0ac7 \u0aaa\u0acd\u0ab0\u0aad\u0ac1 \u0a88\u0ab8\u0ac1 \u0a96\u0acd\u0ab0\u0abf\u0ab8\u0acd\u0aa4 \u0aa4\u0ab0\u0aab\u0aa5\u0ac0 \u0aa4\u0aae\u0aa8\u0ac7 \u0a95\u0ac3\u0aaa\u0abe \u0aa4\u0aa5\u0abe \u0ab6\u0abe\u0a82\u0aa4\u0abf \u0ab9\u0acb."},{"Verseid":"49000002","Verse":"\u0ab9\u0ac1\u0a82 \u0a9c\u0acd\u0aaf\u0abe\u0ab0\u0ac7 \u0aaa\u0aa3 \u0aa4\u0aae\u0aa8\u0ac7 \u0aaf\u0abe\u0aa6 \u0a95\u0ab0\u0ac1\u0a82 \u0a9b\u0ac1\u0a82. \u0aa4\u0acd\u0aaf\u0abe\u0ab0\u0ac7 \u0aae\u0abe\u0ab0\u0abe \u0aa6\u0ac7\u0ab5\u0aa8\u0acb \u0a86\u0aad\u0abe\u0ab0 \u0aae\u0abe\u0aa8\u0ac1\u0a82 \u0a9b\u0ac1\u0a82."},{"Verseid":"49000003","Verse":"\u0a85\u0aa8\u0ac7 \u0aa4\u0aae\u0abe\u0ab0\u0abe \u0aac\u0aa7\u0abe \u0aae\u0abe\u0a9f\u0ac7 \u0ab9\u0ac1\u0a82 \u0ab9\u0aae\u0ac7\u0ab6\u0abe \u0a86\u0aa8\u0a82\u0aa6\u0aa5\u0ac0 \u0aaa\u0acd\u0ab0\u0abe\u0ab0\u0acd\u0aa5\u0aa8\u0abe \u0a95\u0ab0\u0ac1\u0a82 \u0a9b\u0ac1\u0a82."},{"Verseid":"49000004","Verse":"\u0aae\u0ac7 \u0a9c\u0acd\u0aaf\u0abe\u0ab0\u0ac7 \u0ab2\u0acb\u0a95\u0acb\u0aa8\u0ac7 \u0ab8\u0ac1\u0ab5\u0abe\u0ab0\u0acd\u0aa4\u0abe \u0a86\u0aaa\u0ac0 \u0aa4\u0acd\u0aaf\u0abe\u0ab0\u0ac7 \u0aa4\u0aae\u0ac7 \u0aae\u0abe\u0ab0\u0ac0 \u0a9c\u0ac7 \u0aae\u0aa6\u0aa6 \u0a95\u0ab0\u0ac0 \u0aa4\u0ac7 \u0aae\u0abe\u0a9f\u0ac7 \u0ab9\u0ac1\u0a82 \u0aaa\u0acd\u0ab0\u0aad\u0ac1\u0aa8\u0acb \u0a86\u0aad\u0abe\u0ab0\u0ac0 \u0a9b\u0ac1\u0a82. \u0aa4\u0aae\u0ac7 \u0a9c\u0ac7 \u0aa6\u0abf\u0ab5\u0ab8\u0aa5\u0ac0 \u0ab5\u0abf\u0ab6\u0acd\u0ab5\u0abe\u0ab8\u0ac0 \u0aac\u0aa8\u0acd\u0aaf\u0abe \u0aa4\u0ac7 \u0aa6\u0abf\u0ab5\u0ab8\u0aa5\u0ac0 \u0aa4\u0aae\u0ac7 \u0aae\u0aa8\u0ac7 \u0aae\u0aa6\u0aa6 \u0a95\u0ab0\u0ac0."},{"Verseid":"49000005","Verse":"\u0aa6\u0ac7\u0ab5\u0ac7 \u0aa4\u0aae\u0abe\u0ab0\u0abe\u0aae\u0abe\u0a82 \u0ab6\u0ac1\u0aad \u0a95\u0abe\u0aae\u0aa8\u0ac0 \u0ab6\u0ab0\u0ac2\u0a86\u0aa4 \u0a95\u0ab0\u0ac0 \u0a85\u0aa8\u0ac7 \u0aa4\u0ac7 \u0aa4\u0aae\u0abe\u0ab0\u0abe \u0aaa\u0acd\u0ab0\u0aa4\u0abf \u0ab9\u0a9c\u0ac1 \u0aaa\u0aa3 \u0a9a\u0abe\u0ab2\u0ac1 \u0a9b\u0ac7. \u0aae\u0aa8\u0ac7 \u0a96\u0abe\u0aa4\u0ab0\u0ac0 \u0a9b\u0ac7 \u0a95\u0ac7 \u0a88\u0ab8\u0ac1 \u0a96\u0acd\u0ab0\u0abf\u0ab8\u0acd\u0aa4\u0aa8\u0ac1\u0a82 \u0aaa\u0ac1\u0ab0\u0abe\u0a97\u0aae\u0aa8 \u0aa5\u0ab6\u0ac7, \u0aa4\u0acd\u0aaf\u0abe\u0ab0\u0ac7 \u0aa6\u0ac7\u0ab5 \u0aa4\u0ac7 \u0a95\u0abe\u0aae \u0aaa\u0ac1\u0ab0\u0ac1\u0a82 \u0a95\u0ab0\u0ab6\u0ac7."},{"Verseid":"49000006","Verse":"\u0aae\u0aa8\u0ac7 \u0a96\u0aac\u0ab0 \u0a9b\u0ac7 \u0a95\u0ac7 \u0aa4\u0aae\u0abe\u0ab0\u0abe \u0ab5\u0abf\u0ab7\u0ac7 \u0a86\u0aae \u0ab5\u0abf\u0a9a\u0abe\u0ab0\u0ab5\u0abe\u0aae\u0abe\u0a82 \u0ab9\u0ac1\u0a82 \u0ab8\u0abe\u0a9a\u0acb \u0a9b\u0ac1\u0a82. \u0aa4\u0aae\u0ac7 \u0aae\u0abe\u0ab0\u0abe \u0a85\u0a82\u0aa4\u0ab0\u0aae\u0abe\u0a82 \u0a9b\u0acb, \u0aa4\u0ac7\u0aa5\u0ac0 \u0ab9\u0ac1\u0a82 \u0aa8\u0abf\u0ab6\u0acd\u0a9a\u0abf\u0a82\u0aa4 \u0a9b\u0ac1\u0a82, \u0ab9\u0ac1\u0a82 \u0aae\u0abe\u0ab0\u0ac0 \u0a9c\u0abe\u0aa4\u0aa8\u0ac7 \u0aa4\u0aae\u0abe\u0ab0\u0ac0 \u0a98\u0aa3\u0ac0 \u0aa8\u0a9c\u0ac0\u0a95 \u0a85\u0aa8\u0ac1\u0aad\u0ab5\u0ac1\u0a82 \u0a9b\u0ac1\u0a82. \u0ab9\u0ac1\u0a82 \u0aa4\u0aae\u0abe\u0ab0\u0ac0 \u0ab8\u0abe\u0aa5\u0ac7 \u0a86\u0aa4\u0acd\u0aae\u0ac0\u0aaf\u0aa4\u0abe \u0a85\u0aa8\u0ac1\u0aad\u0ab5\u0ac1\u0a82 \u0a9b\u0ac1\u0a82 \u0a95\u0abe\u0ab0\u0aa3 \u0a95\u0ac7 \u0aae\u0abe\u0ab0\u0ac0 \u0ab8\u0abe\u0aa5\u0ac7 \u0aa6\u0ac7\u0ab5\u0aa8\u0ac0 \u0a95\u0ac3\u0aaa\u0abe\u0aae\u0abe\u0a82 \u0aa4\u0aae\u0ac7 \u0aad\u0abe\u0a97\u0ac0\u0aa6\u0abe\u0ab0 \u0a9b\u0acb. \u0a9c\u0acd\u0aaf\u0abe\u0ab0\u0ac7 \u0ab9\u0ac1\u0a82 \u0a9c\u0ac7\u0ab2\u0aae\u0abe\u0a82 \u0ab9\u0acb\u0a89 \u0a9b\u0ac1\u0a82, \u0a85\u0aa8\u0ac7 \u0a9c\u0acd\u0aaf\u0abe\u0ab0\u0ac7 \u0ab9\u0ac1\u0a82 \u0ab8\u0ac1\u0ab5\u0abe\u0ab0\u0acd\u0aa4\u0abe\u0aa8\u0abe \u0ab8\u0aa4\u0acd\u0aaf\u0aae\u0abe\u0a82 \u0aac\u0a9a\u0abe\u0ab5 \u0a95\u0ab0\u0ac1\u0a82 \u0a9b\u0ac1\u0a82 \u0a85\u0aa8\u0ac7 \u0aae\u0a95\u0a95\u0aae\u0aa4\u0abe \u0aa6\u0abe\u0a96\u0ab5\u0ac1\u0a82 \u0a9b\u0ac1\u0a82 \u0aa4\u0acd\u0aaf\u0abe\u0ab0\u0ac7 \u0aae\u0abe\u0ab0\u0ac0 \u0ab8\u0abe\u0aa5\u0ac7 \u0aa4\u0aae\u0ac7 \u0aa6\u0ac7\u0ab5 \u0a95\u0ac3\u0aaa\u0abe\u0aa8\u0abe \u0ab8\u0ab9\u0aad\u0abe\u0a97\u0ac0 \u0a9b\u0acb."},{"Verseid":"49000007","Verse":"\u0aa6\u0ac7\u0ab5 \u0a9c\u0abe\u0aa3\u0ac7 \u0a9b\u0ac7 \u0a95\u0ac7 \u0aa4\u0aae\u0aa8\u0ac7 \u0aae\u0ab3\u0ab5\u0abe\u0aa8\u0ac7 \u0ab9\u0ac1\u0a82 \u0a98\u0aa3\u0acb \u0a86\u0aa4\u0ac1\u0ab0 \u0a9b\u0ac1\u0a82. \u0ab9\u0ac1\u0a82 \u0aa4\u0aae\u0aa8\u0ac7 \u0aac\u0aa7\u0abe\u0aa8\u0ac7 \u0a96\u0acd\u0ab0\u0abf\u0ab8\u0acd\u0aa4 \u0a88\u0ab8\u0ac1\u0aa8\u0abe \u0aaa\u0acd\u0ab0\u0ac7\u0aae \u0ab8\u0abe\u0aa5\u0ac7 \u0a9a\u0abe\u0ab9\u0ac1\u0a82 \u0a9b\u0ac1\u0a82."},{"Verseid":"49000008","Verse":"\u0aa4\u0aae\u0abe\u0ab0\u0abe \u0aae\u0abe\u0a9f\u0ac7 \u0aae\u0abe\u0ab0\u0ac0 \u0a86 \u0aaa\u0acd\u0ab0\u0abe\u0ab0\u0acd\u0aa5\u0aa8\u0abe \u0a9b\u0ac7 \u0a95\u0ac7:\u0aa4\u0aae\u0abe\u0ab0\u0acb \u0aaa\u0acd\u0ab0\u0ac7\u0aae \u0a89\u0aa4\u0acd\u0aa4\u0ab0\u0acb\u0aa4\u0acd\u0aa4\u0ab0 \u0ab5\u0ac3\u0aa6\u0acd\u0aa7\u0abf \u0aaa\u0abe\u0aae\u0ac7; \u0a95\u0ac7 \u0aa4\u0aae\u0aa8\u0ac7 \u0a9c\u0acd\u0a9e\u0abe\u0aa8 \u0ab6\u0abe\u0aa3\u0aaa\u0aa3 \u0aaa\u0acd\u0ab0\u0ac7\u0aae \u0ab8\u0abe\u0aa5\u0ac7 \u0aaa\u0acd\u0ab0\u0abe\u0aaa\u0acd\u0aa4 \u0aa5\u0abe\u0aaf;"},{"Verseid":"49000009","Verse":"\u0aa4\u0aae\u0ac7 \u0ab8\u0abe\u0ab0\u0abe \u0a85\u0aa8\u0ac7 \u0aa8\u0ab0\u0ab8\u0abe\u0aa8\u0acb \u0aa4\u0aab\u0abe\u0ab5\u0aa4 \u0ab8\u0aae\u0a9c\u0ac0 \u0ab6\u0a95\u0acb \u0a85\u0aa8\u0ac7 \u0ab8\u0abe\u0ab0\u0abe\u0aa8\u0ac0 \u0aaa\u0ab8\u0a82\u0aa6\u0a97\u0ac0 \u0a95\u0ab0\u0acb \u0a9c\u0ac7\u0aa5\u0ac0 \u0a96\u0acd\u0ab0\u0abf\u0ab8\u0acd\u0aa4\u0aa8\u0abe \u0aaa\u0ac1\u0aa8\u0a83\u0a86\u0a97\u0aae\u0aa8 \u0aae\u0abe\u0a9f\u0ac7 \u0aa4\u0aae\u0ac7 \u0aa8\u0abf\u0aae\u0ab0\u0acd\u0ab3 \u0a85\u0aa8\u0ac7 \u0aa8\u0abf\u0ab7\u0acd\u0a95\u0ab2\u0a82\u0a95 \u0aa5\u0abe\u0a93."},{"Verseid":"49000010","Verse":"\u0aa4\u0aae\u0ac7 \u0a88\u0ab8\u0ac1 \u0a96\u0acd\u0ab0\u0abf\u0ab8\u0acd\u0aa4\u0aa8\u0ac0 \u0aae\u0aa6\u0aa6\u0aa5\u0ac0 \u0a98\u0aa3\u0abe \u0ab8\u0abe\u0ab0\u0abe\u0a82 \u0a95\u0abe\u0ab0\u0acd\u0aaf\u0acb \u0a95\u0ab0\u0ab6\u0acb \u0a9c\u0ac7 \u0aa6\u0ac7\u0ab5\u0aa8\u0acb \u0aae\u0ab9\u0abf\u0aae\u0abe \u0ab5\u0aa7\u0abe\u0ab0\u0ab6\u0ac7 \u0a85\u0aa8\u0ac7 \u0aa6\u0ac7\u0ab5\u0aa8\u0ac0 \u0ab8\u0acd\u0aa4\u0ac1\u0aa4\u0abf \u0a95\u0ab0\u0ab6\u0ac7."},{"Verseid":"49000011","Verse":"\u0aad\u0abe\u0a88\u0a93 \u0a85\u0aa8\u0ac7 \u0aac\u0ab9\u0ac7\u0aa8\u0acb, \u0ab9\u0ac1\u0a82 \u0aa4\u0aae\u0aa8\u0ac7 \u0a9c\u0aa3\u0abe\u0ab5\u0ab5\u0abe \u0aae\u0abe\u0a97\u0ac1\u0a82 \u0a9b\u0ac1\u0a82 \u0a95\u0ac7 \u0aae\u0abe\u0ab0\u0ac0 \u0ab8\u0abe\u0aa5\u0ac7 \u0a9c\u0ac7 \u0aa6\u0ac1\u0a83\u0a96\u0aa6 \u0aac\u0aa8\u0acd\u0aaf\u0ac1\u0a82 \u0a9b\u0ac7 \u0aa4\u0ac7 \u0ab8\u0ac1\u0ab5\u0abe\u0ab0\u0acd\u0aa4\u0abe\u0aa8\u0abe \u0aab\u0ac7\u0ab2\u0abe\u0ab5\u0abe\u0aae\u0abe\u0a82 \u0aae\u0aa6\u0aa6\u0ab0\u0ac2\u0aaa \u0aac\u0aa8\u0acd\u0aaf\u0ac1\u0a82 \u0a9b\u0ac7."},{"Verseid":"49000012","Verse":"\u0ab9\u0ac1\u0a82 \u0a96\u0acd\u0ab0\u0abf\u0ab8\u0acd\u0aa4\u0aae\u0abe\u0a82 \u0ab5\u0abf\u0ab6\u0acd\u0ab5\u0abe\u0ab8 \u0a98\u0ab0\u0abe\u0ab5\u0ac1\u0a82 \u0a9b\u0ac1\u0a82 \u0aa4\u0ac7\u0aa5\u0ac0 \u0ab9\u0ac1\u0a82 \u0a9c\u0ac7\u0ab2\u0aae\u0abe\u0a82 \u0a9b\u0ac1\u0a82 \u0aa4\u0ac7 \u0ab5\u0abe\u0aa4 \u0ab8\u0acd\u0aaa\u0ab7\u0acd\u0a9f \u0aac\u0aa8\u0ac0 \u0a9b\u0ac7. \u0aac\u0aa7\u0abe\u0a82 \u0a9c \u0ab0\u0abe\u0a9c\u0acd\u0aaf \u0aa6\u0ab0\u0aac\u0abe\u0ab0\u0aa8\u0abe\u0a82 \u0ab0\u0a95\u0acd\u0ab7\u0a95\u0acb \u0a85\u0aa8\u0ac7 \u0aac\u0aa7\u0abe \u0ab2\u0acb\u0a95\u0acb \u0a86 \u0ab5\u0abe\u0aa4\u0aa5\u0ac0 \u0a9c\u0acd\u0a9e\u0abe\u0aa4 \u0a9b\u0ac7."},{"Verseid":"49000013","Verse":"\u0ab9\u0ac1\u0a82 \u0ab9\u0a9c\u0ac1 \u0a9c\u0ac7\u0ab2\u0aae\u0abe\u0a82 \u0a9b\u0ac1\u0a82 \u0aaa\u0ab0\u0a82\u0aa4\u0ac1 \u0aa4\u0ac7 \u0ab5\u0abf\u0ab7\u0ac7 \u0ab9\u0ab5\u0ac7 \u0aae\u0acb\u0a9f\u0abe \u0aad\u0abe\u0a97\u0aa8\u0abe \u0ab5\u0abf\u0ab6\u0acd\u0ab5\u0abe\u0ab8\u0ac0\u0a93\u0aa8\u0ac7 \u0a95\u0abe\u0a82\u0a88\u0a95 \u0ab8\u0abe\u0ab0\u0ac1\u0a82 \u0ab2\u0abe\u0a97\u0ac7 \u0a9b\u0ac7 \u0a85\u0aa8\u0ac7 \u0aa4\u0ac7\u0a93 \u0a96\u0acd\u0ab0\u0abf\u0ab8\u0acd\u0aa4\u0aa8\u0ac0 \u0ab8\u0ac1\u0ab5\u0abe\u0ab0\u0acd\u0aa4\u0abe \u0ab2\u0acb\u0a95\u0acb\u0aa8\u0ac7 \u0a95\u0ab9\u0ac7\u0ab5\u0abe \u0aae\u0abe\u0a9f\u0ac7 \u0ab5\u0aa7\u0ac1 \u0ab9\u0abf\u0aae\u0a82\u0aa4\u0ab5\u0abe\u0aa8 \u0aac\u0aa8\u0acd\u0aaf\u0abe \u0a9b\u0ac7."},{"Verseid":"49000014","Verse":"\u0a95\u0ac7\u0a9f\u0ab2\u0abe\u0a95 \u0ab2\u0acb\u0a95\u0acb \u0a8f\u0aa6\u0ac7\u0a96\u0abe\u0a88 \u0aa4\u0aa5\u0abe \u0ab5\u0abf\u0ab0\u0acb\u0aa7\u0aa5\u0ac0 \u0a96\u0acd\u0ab0\u0abf\u0ab8\u0acd\u0aa4\u0aa8\u0ac0 \u0ab8\u0ac1\u0ab5\u0abe\u0ab0\u0acd\u0aa4\u0abe \u0aaa\u0acd\u0ab0\u0a97\u0a9f \u0a95\u0ab0\u0ac7 \u0a9b\u0ac7. \u0a9c\u0acd\u0aaf\u0abe\u0ab0\u0ac7 \u0aac\u0ac0\u0a9c\u0abe \u0ab2\u0acb\u0a95\u0acb \u0aae\u0aa6\u0aa6 \u0a95\u0ab0\u0ab5\u0abe\u0aa8\u0ac1\u0a82 \u0a88\u0a9a\u0acd\u0a9b\u0ac7 \u0a9b\u0ac7 \u0aa4\u0ac7\u0aa5\u0ac0 \u0a96\u0acd\u0ab0\u0abf\u0ab8\u0acd\u0aa4\u0aa8\u0ac0 \u0ab8\u0ac1\u0ab5\u0abe\u0ab0\u0acd\u0aa4\u0abe \u0aaa\u0acd\u0ab0\u0a97\u0a9f \u0a95\u0ab0\u0ac7 \u0a9b\u0ac7."},{"Verseid":"49000015","Verse":"\u0a86 \u0ab2\u0acb\u0a95\u0acb\u0aae\u0abe\u0a82 \u0aaa\u0acd\u0ab0\u0ac7\u0aae\u0aa8\u0ac0 \u0ab2\u0abe\u0a97\u0aa3\u0ac0 \u0a9b\u0ac7 \u0a85\u0aa8\u0ac7 \u0aa4\u0ac7\u0a93 \u0a9c\u0abe\u0aa3\u0ac7 \u0a9b\u0ac7 \u0a95\u0ac7 \u0aa6\u0ac7\u0ab5\u0ac7 \u0aae\u0aa8\u0ac7 \u0ab8\u0ac1\u0ab5\u0abe\u0ab0\u0acd\u0aa4\u0abe\u0aa8\u0acb \u0aac\u0a9a\u0abe\u0ab5 \u0a95\u0ab0\u0ab5\u0abe\u0aa8\u0ac1\u0a82 \u0a95\u0abe\u0aae \u0ab8\u0acb\u0aaa\u0acd\u0aaf\u0ac1\u0a82 \u0a9b\u0ac7. \u0aa4\u0ac7\u0aa5\u0ac0 \u0aa4\u0ac7\u0a93 \u0a89\u0aaa\u0aa6\u0ac7\u0ab6 \u0a86\u0aaa\u0ac7 \u0a9b\u0ac7."},{"Verseid":"49000016","Verse":"\u0aaa\u0ab0\u0a82\u0aa4\u0ac1 \u0aaa\u0ac7\u0ab2\u0abe \u0aac\u0ac0\u0a9c\u0abe \u0ab2\u0acb\u0a95\u0acb \u0ab8\u0acd\u0ab5\u0abe\u0ab0\u0acd\u0aa5\u0ac0 \u0a9b\u0ac7 \u0aa4\u0ac7\u0aa5\u0ac0 \u0a89\u0aaa\u0aa6\u0ac7\u0ab6 \u0a86\u0aaa\u0ac7 \u0a9b\u0ac7. \u0a85\u0aa8\u0ac7 \u0a89\u0aaa\u0aa6\u0ac7\u0ab6 \u0a86\u0aaa\u0ab5\u0abe \u0aae\u0abe\u0a9f\u0ac7\u0aa8\u0ac1\u0a82 \u0aa4\u0ac7\u0aae\u0aa8\u0ac1\u0a82 \u0a95\u0abe\u0ab0\u0aa3 \u0a96\u0acb\u0a9f\u0ac1\u0a82 \u0a9b\u0ac7. \u0aa4\u0ac7\u0a93 \u0aae\u0abe\u0ab0\u0abe \u0aae\u0abe\u0a9f\u0ac7 \u0a95\u0ac7\u0aa6\u0a96\u0abe\u0aa8\u0abe\u0aae\u0abe\u0a82 \u0aae\u0ac1\u0ab6\u0acd\u0a95\u0ac7\u0ab2\u0ac0\u0a93 \u0a8a\u0aad\u0ac0 \u0a95\u0ab0\u0ab5\u0abe \u0aae\u0abe\u0a82\u0a97\u0ac7 \u0a9b\u0ac7."},{"Verseid":"49000017","Verse":"\u0aae\u0abe\u0ab0\u0ac7 \u0aae\u0abe\u0a9f\u0ac7 \u0aa4\u0ac7\u0a93 \u0aae\u0ac1\u0ab6\u0acd\u0a95\u0ac7\u0ab2\u0ac0 \u0a8a\u0aad\u0ac0 \u0a95\u0ab0\u0ac7 \u0aa4\u0ac7\u0aa8\u0ac0 \u0ab9\u0ac1\u0a82 \u0aa6\u0ab0\u0a95\u0abe\u0ab0 \u0a95\u0ab0\u0aa4\u0acb \u0aa8\u0aa5\u0ac0. \u0aaa\u0ab0\u0a82\u0aa4\u0ac1 \u0aae\u0ab9\u0aa4\u0acd\u0ab5\u0aa8\u0ac1\u0a82 \u0a8f \u0a9b\u0ac7 \u0a95\u0ac7 \u0aa4\u0ac7\u0a93 \u0ab2\u0acb\u0a95\u0acb\u0aa8\u0ac7 \u0a96\u0acd\u0ab0\u0abf\u0ab8\u0acd\u0aa4 \u0ab5\u0abf\u0ab7\u0ac7 \u0a95\u0ab9\u0ac7 \u0a9b\u0ac7. \u0a85\u0aa8\u0ac7 \u0aae\u0abe\u0ab0\u0ac0 \u0a8f \u0a88\u0a9a\u0acd\u0a9b\u0abe \u0a9b\u0ac7 \u0a95\u0ac7 \u0aa4\u0ac7\u0a93 \u0a86\u0aae \u0a95\u0ab0\u0ac7, \u0aaa\u0ab0\u0a82\u0aa4\u0ac1 \u0aa4\u0ac7\u0a93\u0a8f \u0aaf\u0acb\u0a97\u0acd\u0aaf \u0a95\u0abe\u0ab0\u0aa3\u0aa5\u0ac0 \u0a86\u0aae \u0a95\u0ab0\u0ab5\u0ac1\u0a82 \u0a9c\u0acb\u0a88\u0a8f. \u0a9c\u0acb \u0a95\u0ac7 \u0aa4\u0ac7\u0a93 \u0a96\u0acb\u0a9f\u0abe \u0a85\u0aa8\u0ac7 \u0a96\u0ab0\u0abe\u0aac \u0a95\u0abe\u0ab0\u0aa3\u0aa5\u0ac0 \u0aaa\u0aa3 \u0a86 \u0a95\u0ab0\u0ac7 \u0aa4\u0ac7\u0aae\u0abe \u0ab9\u0ac1\u0a82 \u0a96\u0ac1\u0ab6 \u0a9b\u0ac1\u0a82. \u0ab9\u0ac1\u0a82 \u0aaa\u0acd\u0ab0\u0ab8\u0aa8\u0acd\u0aa8 \u0a9b\u0ac1\u0a82 \u0a85\u0aa8\u0ac7 \u0ab0\u0ab9\u0ac0\u0ab6 \u0a95\u0abe\u0ab0\u0aa3 \u0a95\u0ac7 \u0aa4\u0ac7\u0a93 \u0ab2\u0acb\u0a95\u0acb\u0aa8\u0ac7 \u0a96\u0acd\u0ab0\u0abf\u0ab8\u0acd\u0aa4 \u0ab5\u0abf\u0ab7\u0ac7 \u0a95\u0ab9\u0ac7 \u0a9b\u0ac7."},{"Verseid":"49000018","Verse":"\u0aa4\u0aae\u0ac7 \u0aae\u0abe\u0ab0\u0abe \u0aae\u0abe\u0a9f\u0ac7 \u0aaa\u0acd\u0ab0\u0abe\u0ab0\u0acd\u0aa5\u0aa8\u0abe \u0a95\u0ab0\u0acb \u0a9b\u0acb, \u0a85\u0aa8\u0ac7 \u0a88\u0ab8\u0ac1 \u0a96\u0acd\u0ab0\u0abf\u0ab8\u0acd\u0aa4\u0aa8\u0acb \u0a86\u0aa4\u0acd\u0aae\u0abe \u0aae\u0aa8\u0ac7 \u0aae\u0aa6\u0aa6 \u0a95\u0ab0\u0ac7 \u0a9b\u0ac7. \u0aa4\u0ac7\u0aa5\u0ac0 \u0ab9\u0ac1\u0a82 \u0a9c\u0abe\u0aa3\u0ac1\u0a82 \u0a9b\u0ac1\u0a82 \u0a95\u0ac7 \u0a86 \u0aae\u0ac1\u0ab6\u0acd\u0a95\u0ac7\u0ab2\u0ac0 \u0a9c \u0aae\u0abe\u0ab0\u0ac1\u0a82 \u0aa4\u0abe\u0ab0\u0aa3 \u0ab2\u0abe\u0ab5\u0ab6\u0ac7."},{"Verseid":"49000019","Verse":"\u0ab9\u0ac1\u0a82 \u0a9c\u0ac7\u0aa8\u0ac0 \u0a86\u0ab6\u0abe \u0ab0\u0abe\u0a96\u0ac1\u0a82 \u0a9b\u0ac1\u0a82 \u0a85\u0aa8\u0ac7 \u0a88\u0a9a\u0acd\u0a9b\u0ac1 \u0a9b\u0ac1\u0a82 \u0aa4\u0ac7 \u0a8f \u0a9b\u0ac7 \u0a95\u0ac7 \u0ab9\u0a82\u0aae\u0ac7\u0ab6\u0aa8\u0ac0 \u0a9c\u0ac7\u0aae \u0aae\u0abe\u0ab0\u0abe\u0aae\u0abe\u0a82, \u0a96\u0acd\u0ab0\u0abf\u0ab8\u0acd\u0aa4\u0aa8\u0ac0 \u0aae\u0ab9\u0abe\u0aa8\u0aa4\u0abe\u0aa8\u0ac1\u0a82 \u0aae\u0abe\u0ab0\u0ac0 \u0a86 \u0a9c\u0ac0\u0a82\u0aa6\u0a97\u0ac0\u0aae\u0abe\u0a82 \u0a9c\u0ac7 \u0aae\u0ab9\u0aa4\u0acd\u0ab5 \u0a9b\u0ac7 \u0aa4\u0ac7 \u0ab9\u0ac1\u0a82 \u0aa6\u0ab0\u0acd\u0ab6\u0abe\u0ab5\u0ac0 \u0ab6\u0a95\u0ac1\u0a82 \u0a85\u0aa8\u0ac7 \u0a96\u0acd\u0ab0\u0abf\u0ab8\u0acd\u0aa4\u0aa8\u0ac7 \u0aae\u0abe\u0ab0\u0abe \u0a95\u0abe\u0ab0\u0acd\u0aaf\u0acb \u0aa5\u0a95\u0ac0 \u0aa8\u0abf\u0ab0\u0abe\u0ab6 \u0aa8 \u0a95\u0ab0\u0ac1\u0a82. \u0ab9\u0ac1\u0a82 \u0a9c\u0ac0\u0ab5\u0ac1\u0a82 \u0a95\u0ac7 \u0aae\u0ab0\u0ac1\u0a82 \u0aae\u0abe\u0ab0\u0ac7 \u0a86 \u0a95\u0abe\u0ab0\u0acd\u0aaf \u0a95\u0ab0\u0ab5\u0ac1\u0a82 \u0a9b\u0ac7."},{"Verseid":"49000020","Verse":"\u0ab9\u0ac1\u0a82 \u0a95\u0ab9\u0ac7\u0ab5\u0abe \u0aae\u0abe\u0a97\u0ac1\u0a82 \u0a9b\u0ac1\u0a82 \u0a95\u0ac7 \u0a96\u0acd\u0ab0\u0abf\u0ab8\u0acd\u0aa4 \u0aae\u0abe\u0aa4\u0acd\u0ab0 \u0a8f\u0a95 \u0a9c \u0aae\u0abe\u0ab0\u0abe \u0a9c\u0ac0\u0ab5\u0aa8\u0aae\u0abe\u0a82 \u0aae\u0ab9\u0aa4\u0acd\u0ab5\u0aa8\u0acb \u0a9b\u0ac7. \u0a85\u0aa8\u0ac7 \u0aae\u0aa8\u0ac7 \u0aa4\u0acb \u0aae\u0ab0\u0aa3\u0aa5\u0ac0 \u0aaa\u0aa3 \u0ab2\u0abe\u0aad \u0aa5\u0ab5\u0abe\u0aa8\u0acb \u0a9b\u0ac7."},{"Verseid":"49000021","Verse":"\u0a9c\u0acb \u0ab9\u0ac1\u0a82 \u0aa6\u0ac7\u0ab9\u0aae\u0abe\u0a82 \u0a9c\u0ac0\u0ab5\u0aa4\u0acb \u0ab9\u0acb\u0a88\u0ab6 \u0aa4\u0acb \u0ab9\u0ac1\u0a82 \u0aaa\u0acd\u0ab0\u0aad\u0ac1\u0aa8\u0abe \u0a95\u0abe\u0ab0\u0acd\u0aaf\u0acb \u0a95\u0ab0\u0ac0 \u0ab6\u0a95\u0ac0\u0ab6 \u0aaa\u0ab0\u0a82\u0aa4\u0ac1 \u0ab9\u0ac1\u0a82 \u0aa8\u0aa5\u0ac0 \u0a9c\u0abe\u0aa3\u0aa4\u0acb \u0a95\u0ac7 \u0ab9\u0ac1\u0a82 \u0ab6\u0ac1\u0a82 \u0aaa\u0ab8\u0a82\u0aa6 \u0a95\u0ab0\u0ac1\u0a82 \u0a9b\u0ac1\u0a82, \u0aae\u0ab0\u0ab5\u0abe\u0aa8\u0ac1\u0a82 \u0a95\u0ac7 \u0a9c\u0ac0\u0ab5\u0ab5\u0abe\u0aa8\u0ac1\u0a82?"},{"Verseid":"49000022","Verse":"\u0a9c\u0ac0\u0ab5\u0aa8 \u0a85\u0aa8\u0ac7 \u0aae\u0ab0\u0aa3 \u0ab5\u0a9a\u0acd\u0a9a\u0ac7\u0aa8\u0ac0 \u0aaa\u0ab8\u0a82\u0aa6\u0a97\u0ac0 \u0a98\u0aa3\u0ac0 \u0aae\u0ac1\u0ab6\u0acd\u0a95\u0ac7\u0ab2 \u0a9b\u0ac7. \u0a86 \u0a9c\u0ac0\u0ab5\u0aa8 \u0a9c\u0ac0\u0ab5\u0ab5\u0abe\u0aa8\u0ac1\u0a82 \u0ab9\u0ac1\u0a82 \u0a88\u0a9a\u0acd\u0a9b\u0ac1 \u0a9b\u0ac1\u0a82, \u0a85\u0aa8\u0ac7 \u0a96\u0acd\u0ab0\u0abf\u0ab8\u0acd\u0aa4 \u0ab8\u0abe\u0aa5\u0ac7 \u0aa5\u0a88\u0ab6. \u0a95\u0abe\u0ab0\u0aa3 \u0a95\u0ac7 \u0aa4\u0ac7 \u0ab5\u0aa7\u0abe\u0ab0\u0ac7 \u0ab8\u0abe\u0ab0\u0ac1\u0a82 \u0a9b\u0ac7."},{"Verseid":"49000023","Verse":"\u0aa4\u0aae\u0abe\u0ab0\u0abe \u0ab2\u0acb\u0a95\u0acb \u0aae\u0abe\u0a9f\u0ac7 \u0aae\u0aa8\u0ac7 \u0a85\u0ab9\u0ac0\u0a82 \u0a86 \u0ab6\u0ab0\u0ac0\u0ab0\u0ab0\u0ac2\u0aaa\u0ac7 \u0ab0\u0ab9\u0ac7\u0ab5\u0ac1\u0a82 \u0ab5\u0aa7\u0ac1 \u0a9c\u0ab0\u0ac2\u0ab0\u0ac0 \u0a9b\u0ac7."},{"Verseid":"49000024","Verse":"\u0aae\u0aa8\u0ac7 \u0a96\u0aac\u0ab0 \u0a9b\u0ac7 \u0a95\u0ac7 \u0aa4\u0aae\u0aa8\u0ac7 \u0aae\u0abe\u0ab0\u0ac0 \u0a9c\u0ab0\u0ac2\u0ab0 \u0a9b\u0ac7 \u0a85\u0aa8\u0ac7 \u0aa4\u0ac7\u0aa5\u0ac0 \u0ab9\u0ac1\u0a82 \u0a9c\u0abe\u0aa3\u0ac1\u0a82 \u0a9b\u0ac1\u0a82 \u0a95\u0ac7 \u0ab9\u0ac1\u0a82 \u0aa4\u0aae\u0abe\u0ab0\u0ac0 \u0ab8\u0abe\u0aa5\u0ac7 \u0ab0\u0ab9\u0ac0\u0ab6. \u0aa4\u0aae\u0abe\u0ab0\u0abe \u0ab5\u0abf\u0ab6\u0acd\u0ab5\u0abe\u0ab8\u0aa8\u0ac0 \u0ab5\u0ac3\u0aa6\u0acd\u0aa7\u0abf \u0aa4\u0aa5\u0abe \u0a86\u0aa8\u0a82\u0aa6\u0aa8\u0ac7 \u0ab8\u0abe\u0ab0\u0ac1\u0a82 \u0ab9\u0ac1\u0a82 \u0aa4\u0aae\u0aa8\u0ac7 \u0aae\u0aa6\u0aa6 \u0a95\u0ab0\u0ac0\u0ab6."},{"Verseid":"49000025","Verse":"\u0a9c\u0acd\u0aaf\u0abe\u0ab0\u0ac7 \u0aab\u0ab0\u0ac0\u0aa5\u0ac0 \u0ab9\u0ac1\u0a82 \u0aa4\u0aae\u0abe\u0ab0\u0ac0 \u0ab8\u0abe\u0aa5\u0ac7 \u0ab9\u0acb\u0a88\u0ab6 \u0aa4\u0acd\u0aaf\u0abe\u0ab0\u0ac7 \u0a96\u0acd\u0ab0\u0abf\u0ab8\u0acd\u0aa4 \u0a88\u0ab8\u0ac1\u0aae\u0abe\u0a82 \u0aa5\u0aa4\u0acb \u0a98\u0aa3\u0acb \u0a9c \u0a86\u0aa8\u0a82\u0aa6 \u0aa4\u0aae\u0ac7 \u0a85\u0aa8\u0ac1\u0aad\u0ab5\u0ab6\u0acb."},{"Verseid":"49000026","Verse":"\u0a8f\u0aa8\u0ac0 \u0a9a\u0acb\u0a95\u0ab8\u0abe\u0a88 \u0ab0\u0abe\u0a96\u0acb \u0a95\u0ac7 \u0a96\u0acd\u0ab0\u0abf\u0ab8\u0acd\u0aa4\u0aa8\u0ac0 \u0ab8\u0ac1\u0ab5\u0abe\u0ab0\u0acd\u0aa4\u0abe\u0aa8\u0ac7 \u0aaf\u0acb\u0a97\u0acd\u0aaf \u0a9c\u0ac0\u0ab5\u0aa8 \u0aa4\u0aae\u0ac7 \u0a9c\u0ac0\u0ab5\u0acb. \u0aa4\u0ac7\u0aa5\u0ac0 \u0ab9\u0ac1\u0a82 \u0aa4\u0aae\u0aa8\u0ac7 \u0a86\u0ab5\u0ac0\u0aa8\u0ac7 \u0aae\u0ab3\u0ac1\u0a82 \u0a95\u0ac7 \u0ab9\u0ac1\u0a82 \u0aa4\u0aae\u0abe\u0ab0\u0abe\u0aa5\u0ac0 \u0aa6\u0ac2\u0ab0 \u0ab9\u0acb\u0a89\u0a82, \u0ab9\u0ac1\u0a82 \u0aa4\u0aae\u0abe\u0ab0\u0abe \u0ab5\u0abf\u0ab7\u0ac7 \u0ab8\u0abe\u0ab0\u0ac0 \u0ab5\u0abe\u0aa4\u0acb \u0a9c \u0ab8\u0abe\u0a82\u0aad\u0ab3\u0ac1\u0a82, \u0aae\u0abe\u0ab0\u0ac7 \u0ab8\u0abe\u0a82\u0aad\u0ab3\u0ab5\u0ac1\u0a82 \u0a9c\u0acb\u0a88\u0a8f \u0a95\u0ac7 \u0aa4\u0aae\u0ac7 \u0aac\u0aa7\u0abe \u0a86\u0aa4\u0acd\u0aae\u0ac0\u0aaf \u0a8f\u0a95\u0aa4\u0abe \u0ab0\u0abe\u0a96\u0acb \u0a9b\u0acb \u0a85\u0aa8\u0ac7 \u0a8f\u0a95 \u0a9a\u0abf\u0aa4\u0acd\u0aa4 \u0aa5\u0a88\u0aa8\u0ac7 \u0ab8\u0abe\u0aa5\u0ac7 \u0aae\u0ab3\u0ac0\u0aa8\u0ac7 \u0ab8\u0ac1\u0ab5\u0abe\u0ab0\u0acd\u0aa4\u0abe\u0aae\u0abe\u0a82\u0aa5\u0ac0 \u0a9c\u0ac7 \u0ab5\u0abf\u0ab6\u0acd\u0ab5\u0abe\u0ab8 \u0a86\u0ab5\u0ac7 \u0a9b\u0ac7 \u0aa4\u0ac7 \u0aae\u0abe\u0a9f\u0ac7 \u0a95\u0abe\u0aae \u0a95\u0ab0\u0acb \u0a9b\u0acb."},{"Verseid":"49000027","Verse":"\u0a85\u0aa8\u0ac7 \u0a9c\u0ac7 \u0ab2\u0acb\u0a95\u0acb \u0aa4\u0aae\u0abe\u0ab0\u0ac0 \u0ab5\u0abf\u0ab0\u0ac1\u0a82\u0aa6\u0acd\u0aa7 \u0a9b\u0ac7 \u0aa4\u0ac7\u0a93\u0aa8\u0abe\u0aa5\u0ac0 \u0aa4\u0aae\u0ac7 \u0a97\u0aad\u0ab0\u0abe\u0aa4\u0abe \u0aa8\u0aa5\u0ac0 \u0a86 \u0ab8\u0ab0\u0acd\u0ab5 \u0ab5\u0ab8\u0acd\u0aa4\u0ac1\u0a93 \u0aa6\u0ac7\u0ab5\u0aa8\u0ac0 \u0ab8\u0abe\u0aac\u0abf\u0aa4\u0ac0 \u0a9b\u0ac7 \u0a95\u0ac7 \u0aa4\u0aae\u0abe\u0ab0\u0acb \u0a89\u0aa6\u0acd\u0aa7\u0abe\u0ab0 \u0aa5\u0aaf\u0acb \u0a9b\u0ac7 \u0a85\u0aa8\u0ac7 \u0aa4\u0aae\u0abe\u0ab0\u0abe \u0aa6\u0ac1\u0ab6\u0acd\u0aae\u0aa8\u0acb\u0aa8\u0acb \u0ab5\u0abf\u0aa8\u0abe\u0ab6."},{"Verseid":"49000028","Verse":"\u0aa6\u0ac7\u0ab5\u0ac7 \u0aa4\u0aae\u0aa8\u0ac7 \u0a96\u0acd\u0ab0\u0abf\u0ab8\u0acd\u0aa4\u0aae\u0abe\u0a82 \u0ab5\u0abf\u0ab6\u0acd\u0ab5\u0abe\u0ab8 \u0ab0\u0abe\u0a96\u0ab5\u0abe \u0ab8\u0aa8\u0acd\u0aae\u0abe\u0aa8\u0ac0\u0aa4 \u0a95\u0ab0\u0acd\u0aaf\u0abe \u0a9b\u0ac7 \u0a8f\u0a9f\u0ab2\u0ac1\u0a82 \u0a9c \u0aa8\u0ab9\u0abf, \u0aaa\u0ab0\u0a82\u0aa4\u0ac1 \u0a96\u0acd\u0ab0\u0abf\u0ab8\u0acd\u0aa4 \u0aae\u0abe\u0a9f\u0ac7 \u0aa6\u0ac1\u0a83\u0a96 \u0ab8\u0ab9\u0aa8 \u0a95\u0ab0\u0ab5\u0abe\u0aa8\u0ac1\u0a82 \u0aae\u0abe\u0aa8 \u0aaa\u0aa3 \u0aa4\u0ac7\u0aa3\u0ac7 \u0aa4\u0aae\u0aa8\u0ac7 \u0a86\u0aaa\u0acd\u0aaf\u0ac1\u0a82 \u0a9b\u0ac7. \u0a86 \u0aac\u0a82\u0aa8\u0ac7 \u0ab5\u0ab8\u0acd\u0aa4\u0ac1 \u0a96\u0acd\u0ab0\u0abf\u0ab8\u0acd\u0aa4\u0aa8\u0acb \u0aae\u0ab9\u0abf\u0aae\u0abe \u0ab5\u0aa7\u0abe\u0ab0\u0ac7 \u0a9b\u0ac7."},{"Verseid":"49000029","Verse":"\u0a9c\u0acd\u0aaf\u0abe\u0ab0\u0ac7 \u0ab9\u0ac1\u0a82 \u0aa4\u0aae\u0abe\u0ab0\u0ac0 \u0ab8\u0abe\u0aa5\u0ac7 \u0ab9\u0aa4\u0acb, \u0aa4\u0acd\u0aaf\u0abe\u0ab0\u0ac7 \u0a9c\u0ac7 \u0ab2\u0acb\u0a95\u0acb \u0ab8\u0ac1\u0ab5\u0abe\u0ab0\u0acd\u0aa4\u0abe\u0aa8\u0ac0 \u0ab5\u0abf\u0ab0\u0ac1\u0a82\u0aa6\u0acd\u0aa7 \u0ab9\u0aa4\u0abe \u0aa4\u0ac7\u0a93\u0aa8\u0ac0 \u0ab8\u0abe\u0aa5\u0ac7\u0aa8\u0acb \u0aae\u0abe\u0ab0\u0acb \u0ab8\u0a82\u0a98\u0ab0\u0acd\u0ab7 \u0aa4\u0aae\u0ac7 \u0a9c\u0acb\u0aaf\u0acb \u0ab9\u0aa4\u0acb. \u0a85\u0aa8\u0ac7 \u0a85\u0aa4\u0acd\u0aaf\u0abe\u0ab0\u0ac7 \u0aae\u0abe\u0ab0\u0ac0 \u0ab8\u0abe\u0aa5\u0ac7 \u0a9c\u0ac7 \u0ab8\u0a82\u0a98\u0ab0\u0acd\u0ab7 \u0a9a\u0abe\u0ab2\u0ac0 \u0ab0\u0ab9\u0acd\u0aaf\u0acb \u0a9b\u0ac7 \u0aa4\u0ac7 \u0ab5\u0abf\u0ab7\u0ac7 \u0aa4\u0aae\u0ac7 \u0ab8\u0abe\u0a82\u0aad\u0ab3\u0acb \u0a9b\u0acb. \u0aa4\u0aae\u0ac7 \u0aaa\u0acb\u0aa4\u0ac7 \u0aaa\u0aa3 \u0aa4\u0ac7 \u0aaa\u0acd\u0ab0\u0a95\u0abe\u0ab0\u0aa8\u0abe \u0ab8\u0a82\u0a98\u0ab0\u0acd\u0ab7\u0aae\u0abe\u0a82\u0aa5\u0ac0 \u0aaa\u0ab8\u0abe\u0ab0 \u0aa5\u0a88 \u0ab0\u0ab9\u0acd\u0aaf\u0abe \u0a9b\u0acb."}]},{"Verse":[{"Verseid":"49001000","Verse":"\u0a96\u0acd\u0ab0\u0abf\u0ab8\u0acd\u0aa4\u0aae\u0abe\u0a82 \u0a8f\u0ab5\u0ac0 \u0a95\u0acb\u0a88 \u0ab0\u0ac0\u0aa4 \u0a9b\u0ac7 \u0a95\u0ac7 \u0a9c\u0ac7 \u0aa5\u0a95\u0ac0 \u0ab9\u0ac1\u0a82 \u0aa4\u0aae\u0abe\u0ab0\u0ac0 \u0aaa\u0abe\u0ab8\u0ac7 \u0a95\u0a82\u0a88 \u0aae\u0abe\u0a97\u0ac0 \u0ab6\u0a95\u0ac1\u0a82? \u0ab6\u0ac1\u0a82 \u0aa4\u0aae\u0abe\u0ab0\u0acb \u0aae\u0abe\u0ab0\u0abe \u0aaa\u0acd\u0ab0\u0aa4\u0acd\u0aaf\u0ac7\u0aa8\u0acb \u0aaa\u0acd\u0ab0\u0ac7\u0aae \u0aae\u0aa8\u0ac7 \u0aa6\u0abf\u0ab2\u0abe\u0ab8\u0acb \u0a86\u0aaa\u0ab5\u0abe \u0aa4\u0aae\u0aa8\u0ac7 \u0aaa\u0acd\u0ab0\u0ac7\u0ab0\u0aa3\u0abe \u0a86\u0aaa\u0ac7 \u0a9b\u0ac7? \u0ab6\u0ac1\u0a82 \u0a86\u0aaa\u0aa3\u0ac7 \u0a8f\u0a95 \u0a9c \u0a86\u0aa4\u0acd\u0aae\u0abe\u0aa8\u0abe \u0ab8\u0ab9\u0aad\u0abe\u0a97\u0ac0 \u0a9b\u0ac0\u0a8f? \u0ab6\u0ac1\u0a82 \u0aa4\u0aae\u0abe\u0ab0\u0abe\u0aae\u0abe\u0a82 \u0a95\u0ac3\u0aaa\u0abe \u0a85\u0aa8\u0ac7 \u0aae\u0aae\u0aa4\u0abe \u0a9b\u0ac7?"},{"Verseid":"49001001","Verse":"\u0a9c\u0acb \u0aa4\u0aae\u0abe\u0ab0\u0abe\u0a82\u0aae\u0abe \u0a86 \u0ab8\u0ab0\u0acd\u0ab5 \u0ab9\u0acb\u0aaf, \u0aa4\u0acb \u0ab9\u0ac1\u0a82 \u0aa4\u0aae\u0aa8\u0ac7 \u0aae\u0abe\u0ab0\u0abe \u0aae\u0abe\u0a9f\u0ac7 \u0a95\u0a82\u0a88\u0a95 \u0a95\u0ab0\u0ab5\u0abe \u0ab5\u0abf\u0aa8\u0ab5\u0ac1\u0a82 \u0a9b\u0ac1\u0a82. \u0a9c\u0ac7 \u0aae\u0aa8\u0ac7 \u0a86\u0aa8\u0a82\u0aa6\u0aa5\u0ac0 \u0aad\u0ab0\u0ac0 \u0aa6\u0ac7\u0ab6\u0ac7. \u0ab9\u0ac1\u0a82 \u0aa4\u0aae\u0abe\u0ab0\u0ac0 \u0aaa\u0abe\u0ab8\u0ac7 \u0aae\u0abe\u0a97\u0ac1\u0a82 \u0a9b\u0ac1\u0a82 \u0a95\u0ac7 \u0a8f\u0a95 \u0a9c \u0a85\u0aa8\u0ac7 \u0a8f\u0a95 \u0ab8\u0ab0\u0a96\u0abe \u0ab5\u0abf\u0ab6\u0acd\u0ab5\u0abe\u0ab8\u0aae\u0abe\u0a82 \u0aa4\u0aae\u0abe\u0ab0\u0abe \u0aac\u0aa7\u0abe\u0aa8\u0abe \u0aae\u0abe\u0aa8\u0ab8 \u0a8f\u0a95 \u0a85\u0aa8\u0ac7 \u0ab8\u0a82\u0a97\u0aa0\u0ac0\u0aa4 \u0a95\u0ab0\u0acb, \u0a8f\u0a95\u0aac\u0ac0\u0a9c\u0abe \u0aaa\u0acd\u0ab0\u0aa4\u0acd\u0aaf\u0ac7\u0aa8\u0abe \u0aaa\u0acd\u0ab0\u0ac7\u0aae \u0aae\u0abe\u0a9f\u0ac7, \u0a8f\u0a95\u0aac\u0ac0\u0a9c\u0abe \u0ab8\u0abe\u0aa5\u0ac7 \u0ab8\u0ab9\u0aae\u0aa4 \u0aa5\u0ab5\u0abe\u0aa8\u0ac0 \u0aac\u0abe\u0aac\u0aa4\u0aae\u0abe\u0a82 \u0a85\u0aa8\u0ac7 \u0ab8\u0aae\u0abe\u0aa8 \u0ab9\u0ac7\u0aa4\u0ac1 \u0ab8\u0abe\u0aa7\u0ab5\u0abe, \u0ab8\u0abe\u0aa5\u0ac7 \u0ab0\u0ab9\u0ac0\u0aa8\u0ac7 \u0a8f\u0a95 \u0a85\u0aa8\u0ac7 \u0ab8\u0aae\u0abe\u0aa8 \u0ab5\u0abf\u0a9a\u0abe\u0ab0\u0aa8\u0abe \u0aac\u0aa8\u0acb."},{"Verseid":"49001002","Verse":"\u0aa4\u0aae\u0ac7 \u0a9c\u0ac7 \u0a95\u0a82\u0a88 \u0a95\u0abe\u0ab0\u0acd\u0aaf \u0a95\u0ab0\u0acb \u0aa4\u0ac7 \u0ab8\u0acd\u0ab5\u0abe\u0ab0\u0acd\u0aa5 \u0a85\u0aa8\u0ac7 \u0a85\u0ab9\u0a82\u0a95\u0abe\u0ab0 \u0aaa\u0acd\u0ab0\u0ac7\u0ab0\u0abf\u0aa4 \u0aa8 \u0a95\u0ab0\u0ab6\u0acb. \u0aa8\u0aae\u0acd\u0ab0 \u0aac\u0aa8\u0acb \u0a85\u0aa8\u0ac7 \u0aac\u0ac0\u0a9c\u0abe\u0aa8\u0ac7 \u0aa4\u0aae\u0abe\u0ab0\u0abe \u0a95\u0ab0\u0aa4\u0abe \u0ab5\u0abf\u0ab6\u0ac7\u0ab7 \u0a89\u0aa4\u0acd\u0aa4\u0aae \u0a97\u0aa3\u0acb."},{"Verseid":"49001003","Verse":"\u0aa4\u0aae\u0ac7 \u0aa6\u0ab0\u0ac7\u0a95 \u0aaa\u0acb\u0aa4\u0abe\u0aa8\u0abe \u0ab9\u0abf\u0aa4 \u0aaa\u0ab0 \u0a9c \u0aa8\u0ab9\u0abf, \u0aaa\u0aa3 \u0aac\u0ac0\u0a9c\u0abe\u0a93\u0aa8\u0abe \u0ab9\u0abf\u0aa4 \u0aaa\u0ab0 \u0aaa\u0aa3 \u0ab2\u0a95\u0acd\u0ab7 \u0ab0\u0abe\u0a96\u0acb."},{"Verseid":"49001004","Verse":"\u0aa4\u0aae\u0abe\u0ab0\u0abe \u0a9c\u0ac0\u0ab5\u0aa8\u0aae\u0abe\u0a82 \u0aa4\u0aae\u0abe\u0ab0\u0abe \u0ab5\u0abf\u0a9a\u0abe\u0ab0 \u0a85\u0aa8\u0ac7 \u0ab5\u0ab0\u0acd\u0aa4\u0aa8 \u0a96\u0acd\u0ab0\u0abf\u0ab8\u0acd\u0aa4 \u0a88\u0ab8\u0ac1 \u0a9c\u0ac7\u0ab5\u0abe\u0a82 \u0ab9\u0acb\u0ab5\u0abe\u0a82 \u0a9c\u0acb\u0a88\u0a8f."},{"Verseid":"49001005","Verse":"\u0a96\u0acd\u0ab0\u0abf\u0ab8\u0acd\u0aa4 \u0aaa\u0acb\u0aa4\u0ac7 \u0aa6\u0ac7\u0ab5 \u0a9c\u0ac7\u0ab5\u0acb \u0ab9\u0aa4\u0acb \u0a85\u0aa8\u0ac7 \u0aa6\u0ac7\u0ab5 \u0ab8\u0aae\u0abe\u0aa8 \u0ab9\u0aa4\u0acb. \u0aaa\u0ab0\u0a82\u0aa4\u0ac1 \u0a96\u0acd\u0ab0\u0abf\u0ab8\u0acd\u0aa4 \u0aa6\u0ac7\u0ab5\u0aa8\u0ac7 \u0ab8\u0aae\u0abe\u0aa8 \u0ab9\u0acb\u0ab5\u0abe \u0a9b\u0aa4\u0abe\u0a82 \u0aa4\u0ac7 \u0ab8\u0aae\u0abe\u0aa8\u0aa4\u0abe\u0aa8\u0ac7 \u0aa4\u0ac7 \u0ab5\u0ab3\u0a97\u0ac0 \u0ab0\u0ab9\u0ac7\u0ab5\u0ac1 \u0a9c\u0ab0\u0ac2\u0ab0\u0ac0 \u0aae\u0abe\u0aa8\u0aa4\u0acb \u0aa8 \u0ab9\u0aa4\u0acb."},{"Verseid":"49001006","Verse":"\u0aaa\u0acb\u0aa4\u0abe\u0aa8\u0ac1\u0a82 \u0aa6\u0ac7\u0ab5\u0aa8\u0ac0 \u0ab8\u0aae\u0a95\u0a95\u0acd\u0ab7 \u0ab9\u0acb\u0ab5\u0abe\u0aa8\u0ac1\u0a82 \u0ab8\u0acd\u0aa5\u0abe\u0aa8 \u0aa4\u0ac7\u0aa3\u0ac7 \u0a9b\u0acb\u0aa1\u0ac0 \u0aa6\u0ac0\u0aa7\u0ac1\u0a82. \u0a85\u0aa8\u0ac7 \u0aa6\u0abe\u0ab8 \u0a9c\u0ac7\u0ab5\u0abe \u0aac\u0aa8\u0ab5\u0abe\u0aa8\u0ac1\u0a82 \u0a95\u0aac\u0ac2\u0ab2\u0acd\u0aaf\u0ac1\u0a82. \u0aa4\u0ac7 \u0aae\u0abe\u0aa8\u0ab5 \u0aa4\u0ab0\u0ac0\u0a95\u0ac7 \u0a9c\u0aa8\u0acd\u0aae\u0acd\u0aaf\u0acb \u0a85\u0aa8\u0ac7 \u0aa6\u0abe\u0ab8 \u0a9c\u0ac7\u0ab5\u0acb \u0aac\u0aa8\u0acd\u0aaf\u0acb."},{"Verseid":"49001007","Verse":"\u0a85\u0aa8\u0ac7 \u0a9c\u0acd\u0aaf\u0abe\u0ab0\u0ac7 \u0aa4\u0ac7 \u0aae\u0abe\u0aa8\u0ab5 \u0aa4\u0ab0\u0ac0\u0a95\u0ac7 \u0a9c\u0ac0\u0ab5\u0aa4\u0acb \u0ab9\u0aa4\u0acb, \u0aa4\u0acd\u0aaf\u0abe\u0ab0\u0ac7 \u0aa4\u0ac7 \u0aa6\u0ac7\u0ab5 \u0aaa\u0acd\u0ab0\u0aa4\u0acd\u0aaf\u0ac7 \u0a86\u0a9c\u0acd\u0a9e\u0abe\u0a82\u0a95\u0abf\u0aa4 \u0ab0\u0ab9\u0acd\u0aaf\u0acb \u0a85\u0aa8\u0ac7 \u0aaa\u0acb\u0aa4\u0abe\u0aa8\u0ac0 \u0a9c\u0abe\u0aa4\u0ac7 \u0ab5\u0abf\u0aa8\u0aae\u0acd\u0ab0 \u0aac\u0aa8\u0acd\u0aaf\u0acb, \u0aa4\u0ac7 \u0ab5\u0aa7\u0ab8\u0acd\u0aa4\u0a82\u0aad \u0aaa\u0ab0 \u0aae\u0ab0\u0ab5\u0abe\u0aa8\u0ac0 \u0a85\u0aa3\u0ac0 \u0aaa\u0ab0 \u0ab9\u0aa4\u0acb \u0a9b\u0aa4\u0abe\u0a82 \u0aaa\u0aa3 \u0a86\u0a9c\u0acd\u0a9e\u0abe\u0a82\u0a95\u0abf\u0aa4 \u0ab0\u0ab9\u0acd\u0aaf\u0acb."},{"Verseid":"49001008","Verse":"\u0a96\u0acd\u0ab0\u0abf\u0ab8\u0acd\u0aa4 \u0aa6\u0ac7\u0ab5\u0aa8\u0ac0 \u0a86\u0ab6\u0abe\u0aa8\u0ac1\u0a82 \u0aaa\u0abe\u0ab2\u0aa8 \u0a95\u0ab0\u0aa4\u0acb \u0ab0\u0ab9\u0acd\u0aaf\u0acb, \u0a85\u0aa8\u0ac7 \u0aa6\u0ac7\u0ab5\u0aa8\u0ac7 \u0a85\u0aa8\u0ac1\u0ab8\u0ab0\u0acd\u0aaf\u0acb \u0aa4\u0ac7\u0aa5\u0ac0 \u0aa6\u0ac7\u0ab5\u0ac7 \u0aa4\u0ac7\u0aa8\u0ac7 \u0a89\u0a9a\u0acd\u0a9a \u0ab8\u0acd\u0aa5\u0abe\u0aa8 \u0a8a\u0aaa\u0ab0 \u0aac\u0ac0\u0ab0\u0abe\u0a9c\u0aae\u0abe\u0aa8 \u0a95\u0ab0\u0acd\u0aaf\u0acb. \u0aa4\u0ac7\u0aa8\u0abe \u0aa8\u0abe\u0aae\u0aa8\u0ac7 \u0aac\u0aa7\u0abe \u0a9c \u0aa8\u0abe\u0aae\u0acb \u0a95\u0ab0\u0aa4\u0abe\u0a82 \u0aa6\u0ac7\u0ab5\u0ac7 \u0ab6\u0acd\u0ab0\u0ac7\u0ab7\u0acd\u0aa0 \u0a9c\u0abe\u0ab9\u0ac7\u0ab0 \u0a95\u0ab0\u0acd\u0aaf\u0ac1."},{"Verseid":"49001009","Verse":"\u0aa6\u0ac7\u0ab5\u0ac7 \u0a86 \u0a95\u0ab0\u0acd\u0aaf\u0ac1\u0a82 \u0a95\u0abe\u0ab0\u0aa3 \u0a95\u0ac7 \u0a86\u0a95\u0abe\u0ab6\u0aae\u0abe\u0a82, \u0aaa\u0ac3\u0aa5\u0acd\u0ab5\u0ac0\u0aae\u0abe\u0a82 \u0a95\u0ac7 \u0aaa\u0abe\u0aa4\u0abe\u0ab3\u0aae\u0abe\u0a82 \u0ab8\u0acd\u0aa5\u0abf\u0aa4 \u0aa6\u0ab0\u0ac7\u0a95 \u0ab5\u0acd\u0aaf\u0a95\u0acd\u0aa4\u0abf \u0a88\u0ab8\u0ac1\u0aa8\u0abe \u0aa8\u0abe\u0aae\u0ac7 \u0a98\u0ac2\u0a82\u0a9f\u0aa3\u0ac7 \u0aaa\u0aa1\u0ac0\u0aa8\u0ac7 \u0aa8\u0aae\u0ac7 \u0aa4\u0ac7\u0ab5\u0ac0 \u0aa6\u0ac7\u0ab5\u0aa8\u0ac0 \u0a88\u0a9a\u0acd\u0a9b\u0abe \u0ab9\u0aa4\u0ac0."},{"Verseid":"49001010","Verse":"\u0aa6\u0ab0\u0ac7\u0a95 \u0ab5\u0acd\u0aaf\u0a95\u0acd\u0aa4\u0abf \u0a95\u0aac\u0ac2\u0ab2 \u0a95\u0ab0\u0ab6\u0ac7 (\u0a95\u0ab9\u0ac7\u0ab6\u0ac7), \u201c\u0a88\u0ab8\u0ac1 \u0a96\u0acd\u0ab0\u0abf\u0ab8\u0acd\u0aa4 \u0aaa\u0acd\u0ab0\u0aad\u0ac1 \u0a9b\u0ac7.\u201d \u0a9c\u0acd\u0aaf\u0abe\u0ab0\u0ac7 \u0aa4\u0ac7\u0a93 \u0a86\u0aae \u0a95\u0ab9\u0ac7\u0ab6\u0ac7 \u0aa4\u0acd\u0aaf\u0abe\u0ab0\u0ac7, \u0aa6\u0ac7\u0ab5 \u0aac\u0abe\u0aaa\u0aa8\u0acb \u0aae\u0ab9\u0abf\u0aae\u0abe \u0ab5\u0aa7\u0ab6\u0ac7."},{"Verseid":"49001011","Verse":"\u0aae\u0abe\u0ab0\u0abe \u0ab5\u0ab9\u0abe\u0ab2\u0abe \u0aae\u0abf\u0aa4\u0acd\u0ab0\u0acb, \u0aa4\u0aae\u0ac7 \u0ab9\u0aae\u0ac7\u0ab6\u0abe \u0a86\u0a9c\u0acd\u0a9e\u0abe\u0a82\u0a95\u0abf\u0aa4 \u0ab0\u0ab9\u0acd\u0aaf\u0abe \u0a9b\u0acb. \u0ab9\u0ac1\u0a82 \u0aa4\u0acd\u0aaf\u0abe\u0a82 \u0ab9\u0aa4\u0acb, \u0aa4\u0acd\u0aaf\u0abe\u0ab0\u0ac7 \u0ab9\u0aae\u0ac7\u0ab6\u0abe\u0a82 \u0aa4\u0aae\u0ac7 \u0aa6\u0ac7\u0ab5\u0aa8\u0ac7 \u0a85\u0aa8\u0ac1\u0ab8\u0ab0\u0acd\u0aaf\u0abe \u0a9b\u0acb. \u0a9c\u0acd\u0aaf\u0abe\u0ab0\u0ac7 \u0ab9\u0ac1\u0a82 \u0aa4\u0aae\u0abe\u0ab0\u0ac0 \u0ab8\u0abe\u0aa5\u0ac7 \u0aa8\u0aa5\u0ac0 \u0aa4\u0acd\u0aaf\u0abe\u0ab0\u0ac7 \u0aa4\u0aae\u0ac7 \u0a86\u0a9c\u0acd\u0a9e\u0abe\u0a82\u0a95\u0abf\u0aa4 \u0aac\u0aa8\u0acb. \u0a85\u0aa8\u0ac7 \u0aae\u0abe\u0ab0\u0ac0 \u0aae\u0aa6\u0aa6 \u0ab5\u0a97\u0ab0 \u0aa4\u0aae\u0abe\u0ab0\u0ac1\u0a82 \u0aa4\u0abe\u0ab0\u0aa3 \u0aa5\u0abe\u0aaf \u0aa4\u0ac7 \u0ab5\u0aa7\u0ac1 \u0aae\u0ab9\u0aa4\u0acd\u0ab5\u0aa8\u0ac1\u0a82 \u0a9b\u0ac7. \u0aa6\u0ac7\u0ab5 \u0aaa\u0acd\u0ab0\u0aa4\u0acd\u0aaf\u0ac7 \u0aae\u0abe\u0aa8 \u0a85\u0aa8\u0ac7 \u0aad\u0aaf \u0a9c\u0abe\u0ab3\u0ab5\u0ac0 \u0a86\u0aae \u0a95\u0ab0\u0acb."},{"Verseid":"49001012","Verse":"\u0ab9\u0abe, \u0aa6\u0ac7\u0ab5 \u0aa4\u0aae\u0abe\u0ab0\u0abe\u0aae\u0abe\u0a82 \u0ab8\u0a95\u0acd\u0ab0\u0abf\u0aaf \u0a9b\u0ac7. \u0a85\u0aa8\u0ac7 \u0aa6\u0ac7\u0ab5 \u0aa4\u0ac7\u0aa8\u0ac0 \u0aaa\u0acd\u0ab0\u0ab8\u0aa8\u0acd\u0aa8\u0aa4\u0abe \u0aaa\u0acd\u0ab0\u0aae\u0abe\u0aa3\u0ac7\u0aa8\u0ac1\u0a82 \u0a95\u0abe\u0ab0\u0acd\u0aaf \u0a95\u0ab0\u0ab5\u0abe \u0aa4\u0aae\u0aa8\u0ac7 \u0aae\u0aa6\u0aa6 \u0a95\u0ab0\u0ab6\u0ac7. \u0a85\u0aa8\u0ac7 \u0a86\u0aae \u0a95\u0ab0\u0ab5\u0abe\u0aa8\u0ac0 \u0ab6\u0a95\u0acd\u0aa4\u0abf \u0aa4\u0ac7 \u0aa4\u0aae\u0aa8\u0ac7 \u0aaa\u0acd\u0ab0\u0aa6\u0abe\u0aa8 \u0a95\u0ab0\u0ab6\u0ac7."},{"Verseid":"49001013","Verse":"\u0a95\u0acb\u0a88 \u0aaa\u0aa3 \u0a9c\u0abe\u0aa4\u0aa8\u0ac0 \u0aab\u0ab0\u0abf\u0aaf\u0abe\u0aa6 \u0a95\u0ac7 \u0ab5\u0abe\u0aa6\u0ab5\u0abf\u0ab5\u0abe\u0aa6 \u0ab5\u0a97\u0ab0 \u0aac\u0aa7\u0ac1\u0a82 \u0a95\u0ab0\u0acb."},{"Verseid":"49001014","Verse":"\u0aa4\u0acd\u0aaf\u0abe\u0ab0\u0ac7 \u0aa4\u0aae\u0ac7 \u0aa8\u0abf\u0ab0\u0acd\u0aa6\u0acb\u0ab7 \u0a85\u0aa8\u0ac7 \u0aa8\u0abf\u0ab7\u0acd\u0a95\u0ab2\u0a82\u0a95 \u0aac\u0aa8\u0ab6\u0acb. \u0aa4\u0aae\u0ac7 \u0aa6\u0ac7\u0ab5\u0aa8\u0abe \u0a95\u0acd\u0ab7\u0aa4\u0abf\u0ab9\u0ac0\u0aa8 \u0ab8\u0a82\u0aa4\u0abe\u0aa8 \u0aac\u0aa8\u0ab6\u0acb. \u0aaa\u0ab0\u0a82\u0aa4\u0ac1 \u0aa4\u0aae\u0ac7 \u0aa4\u0aae\u0abe\u0ab0\u0ac0 \u0a86\u0a9c\u0ac1\u0aac\u0abe\u0a9c\u0ac1 \u0a98\u0aa3\u0abe \u0a9c \u0aa6\u0ac1\u0ab7\u0acd\u0a9f \u0a85\u0aa8\u0ac7 \u0a85\u0aa8\u0abf\u0ab7\u0acd\u0a9f \u0ab2\u0acb\u0a95\u0acb\u0aa8\u0ac0 \u0ab5\u0a9a\u0acd\u0a9a\u0ac7 \u0ab0\u0ab9\u0acb \u0a9b\u0acb. \u0a86\u0ab5\u0abe \u0ab2\u0acb\u0a95\u0acb\u0aa8\u0ac0 \u0ab5\u0a9a\u0acd\u0a9a\u0ac7, \u0aa4\u0aae\u0ac7 \u0a85\u0a82\u0aa7\u0a95\u0abe\u0ab0\u0aa8\u0ac0 \u0aa6\u0ac1\u0aa8\u0abf\u0aaf\u0abe\u0aae\u0abe\u0a82 \u0a9d\u0ab3\u0ab9\u0ab3\u0aa4\u0abe \u0aaa\u0acd\u0ab0\u0a95\u0abe\u0ab6 \u0a9c\u0ac7\u0ab5\u0abe \u0aa5\u0abe\u0a93."},{"Verseid":"49001015","Verse":"\u0aa4\u0aae\u0ac7 \u0aa4\u0ac7\u0a93\u0aa8\u0ac7 \u0a9c\u0ac7 \u0a9c\u0ac0\u0ab5\u0aa8 \u0a86\u0aaa\u0ac7 \u0a9b\u0ac7 \u0aa4\u0ac7\u0aa8\u0acb \u0a89\u0aaa\u0aa6\u0ac7\u0ab6 \u0a86\u0aaa\u0acd\u0aaf\u0acb \u0aa4\u0ac7\u0aa5\u0ac0 \u0a9c\u0acd\u0aaf\u0abe\u0ab0\u0ac7 \u0a96\u0acd\u0ab0\u0abf\u0ab8\u0acd\u0aa4 \u0aab\u0ab0\u0ac0 \u0aaa\u0abe\u0a9b\u0acb \u0a86\u0ab5\u0ab6\u0ac7 \u0aa4\u0acd\u0aaf\u0abe\u0ab0\u0ac7 \u0aae\u0aa8\u0ac7 \u0a97\u0acc\u0ab0\u0ab5 \u0aa5\u0ab6\u0ac7. \u0a95\u0abe\u0ab0\u0aa3 \u0a95\u0ac7 \u0ab9\u0ac1\u0a82 \u0aa6\u0acb\u0aa1\u0ab5\u0abe\u0aa8\u0ac0 \u0ab9\u0ab0\u0ac0\u0aab\u0abe\u0a88\u0aae\u0abe\u0a82 \u0ab9\u0aa4\u0acb \u0a85\u0aa8\u0ac7 \u0ab9\u0ac1\u0a82 \u0a9c\u0ac0\u0aa4\u0acd\u0aaf\u0acb. \u0aae\u0abe\u0ab0\u0ac1\u0a82 \u0a95\u0abe\u0aae \u0aa8\u0abf\u0ab0\u0ab0\u0acd\u0aa5\u0a95 \u0a97\u0aaf\u0ac1\u0a82 \u0aa8\u0aa5\u0ac0."},{"Verseid":"49001016","Verse":"\u0aa4\u0aae\u0abe\u0ab0\u0acb \u0ab5\u0abf\u0ab6\u0acd\u0ab5\u0abe\u0ab8 \u0aa6\u0ac7\u0ab5\u0aa8\u0ac0 \u0ab8\u0ac7\u0ab5\u0abe\u0aae\u0abe\u0a82 \u0aa4\u0ac7\u0aae\u0abe\u0ab0\u0abe \u0a9c\u0ac0\u0ab5\u0aa8\u0aa8\u0ac1\u0a82 \u0a85\u0ab0\u0acd\u0aaa\u0aa3 \u0a86\u0aaa\u0ab5\u0abe \u0aa4\u0aae\u0aa8\u0ac7 \u0aaa\u0acd\u0ab0\u0ac7\u0ab0\u0ab6\u0ac7. \u0aa4\u0aae\u0abe\u0ab0\u0abe \u0a85\u0ab0\u0acd\u0aaa\u0aa3 (\u0aac\u0ab2\u0abf\u0aa6\u0abe\u0aa8) \u0ab8\u0abe\u0aa5\u0ac7 \u0a95\u0aa6\u0abe\u0a9a \u0aae\u0abe\u0ab0\u0ac7 \u0aae\u0abe\u0ab0\u0abe \u0ab0\u0a95\u0acd\u0aa4\u0aa8\u0ac1\u0a82 (\u0aae\u0ab0\u0aa3) \u0a85\u0ab0\u0acd\u0aaa\u0aa3 \u0aaa\u0aa3 \u0a86\u0aaa\u0ab5\u0ac1\u0a82 \u0aaa\u0aa1\u0ac7. \u0aaa\u0ab0\u0a82\u0aa4\u0ac1 \u0a9c\u0acb \u0aa4\u0ac7\u0aae \u0aa5\u0abe\u0aaf, \u0aa4\u0acb \u0aae\u0aa8\u0ac7 \u0a86\u0aa8\u0a82\u0aa6 \u0aa5\u0ab6\u0ac7 \u0a85\u0aa8\u0ac7 \u0aa4\u0aae \u0ab8\u0ab0\u0acd\u0ab5 \u0ab8\u0abe\u0aa5\u0ac7 \u0ab9\u0ab0\u0a96\u0abe\u0a89\u0a82 \u0a9b\u0ac1\u0a82; \u0a85\u0aa8\u0ac7 \u0aa4\u0aae\u0abe\u0ab0\u0abe \u0aac\u0aa7\u0abe\u0aa8\u0ac0 \u0ab8\u0abe\u0aa5\u0ac7 \u0aa4\u0ac7\u0aae\u0abe\u0a82 \u0aad\u0abe\u0a97\u0ac0\u0aa6\u0abe\u0ab0 \u0aac\u0aa8\u0ac0\u0ab6."},{"Verseid":"49001017","Verse":"\u0aa4\u0ac7 \u0ab0\u0ac0\u0aa4\u0ac7 \u0aa4\u0aae\u0ac7 \u0aaa\u0aa3 \u0a86\u0aa8\u0a82\u0aa6 \u0aaa\u0abe\u0aae\u0ab6\u0acb \u0a85\u0aa8\u0ac7 \u0aae\u0abe\u0ab0\u0ac0 \u0ab8\u0abe\u0aa5\u0ac7 \u0ab9\u0ab0 \u0a96\u0abe\u0ab6\u0acb."},{"Verseid":"49001018","Verse":"\u0aaa\u0acd\u0ab0\u0aad\u0ac1 \u0a88\u0ab8\u0ac1\u0aae\u0abe\u0a82 \u0aa4\u0abf\u0aae\u0acb\u0aa5\u0ac0\u0aa8\u0ac7 \u0aa4\u0aae\u0abe\u0ab0\u0ac0 \u0aaa\u0abe\u0ab8\u0ac7 \u0aae\u0acb\u0a95\u0ab2\u0ab5\u0abe\u0aa8\u0ac0 \u0ab9\u0ac1\u0a82 \u0a86\u0ab6\u0abe \u0ab0\u0abe\u0a96\u0ac1\u0a82 \u0a9b\u0ac1\u0a82. \u0aa4\u0aae\u0abe\u0ab0\u0abe \u0ab5\u0abf\u0ab7\u0ac7 \u0a9c\u0abe\u0aa3\u0aa4\u0abe \u0aae\u0aa8\u0ac7 \u0a98\u0aa3\u0acb \u0a86\u0aa8\u0a82\u0aa6 \u0aa5\u0ab6\u0ac7."},{"Verseid":"49001019","Verse":"\u0aae\u0abe\u0ab0\u0ac0 \u0aaa\u0abe\u0ab8\u0ac7 \u0aa4\u0abf\u0aae\u0acb\u0aa5\u0ac0 \u0a9c\u0ac7\u0ab5\u0acb \u0aac\u0ac0\u0a9c\u0acb \u0a95\u0acb\u0a88 \u0aae\u0abe\u0aa3\u0ab8 \u0aa8\u0aa5\u0ac0. \u0aa4\u0ac7 \u0a96\u0ab0\u0ac7\u0a96\u0ab0 \u0aa4\u0aae\u0abe\u0ab0\u0ac0 \u0a95\u0abe\u0ab3\u0a9c\u0ac0 \u0ab0\u0abe\u0a96\u0ac7 \u0a9b\u0ac7."},{"Verseid":"49001020","Verse":"\u0aac\u0ac0\u0a9c\u0abe \u0aac\u0aa7\u0abe\u0aa8\u0ac7 \u0aae\u0abe\u0aa4\u0acd\u0ab0 \u0aaa\u0acb\u0aa4\u0abe\u0aa8\u0ac0 \u0a9c\u0abe\u0aa4\u0aae\u0abe\u0a82 \u0ab0\u0ab8 \u0a9b\u0ac7. \u0aa4\u0ac7\u0a93\u0aa8\u0ac7 \u0a88\u0ab8\u0ac1 \u0a96\u0acd\u0ab0\u0abf\u0ab8\u0acd\u0aa4\u0aa8\u0abe \u0a95\u0abe\u0ab0\u0acd\u0aaf\u0aae\u0abe\u0a82 \u0ab0\u0ab8 \u0aa8\u0aa5\u0ac0."},{"Verseid":"49001021","Verse":"\u0aa4\u0aae\u0ac7 \u0a9c\u0abe\u0aa3\u0acb \u0a9b\u0acb \u0a95\u0ac7 \u0aa4\u0abf\u0aae\u0acb\u0aa5\u0ac0 \u0a95\u0ac7\u0ab5\u0abe \u0aaa\u0acd\u0ab0\u0a95\u0abe\u0ab0\u0aa8\u0acb \u0aae\u0abe\u0aa3\u0ab8 \u0a9b\u0ac7. \u0a9c\u0ac7 \u0ab0\u0ac0\u0aa4\u0ac7 \u0a8f\u0a95 \u0aaa\u0ac1\u0aa4\u0acd\u0ab0 \u0aa4\u0ac7\u0aa8\u0abe \u0aaa\u0abf\u0aa4\u0abe\u0aa8\u0ac0 \u0ab8\u0ac7\u0ab5\u0abe \u0a95\u0ab0\u0ac7 \u0aa4\u0ac7 \u0ab0\u0ac0\u0aa4\u0ac7 \u0ab8\u0ac1\u0ab5\u0abe\u0ab0\u0acd\u0aa4\u0abe\u0aa8\u0abe (\u0aaa\u0acd\u0ab0\u0ab8\u0abe\u0ab0) \u0a95\u0abe\u0ab0\u0acd\u0aaf\u0aae\u0abe\u0a82 \u0aa4\u0ac7\u0aa3\u0ac7 \u0aae\u0abe\u0ab0\u0ac0 \u0ab8\u0abe\u0aa5\u0ac7 \u0ab8\u0ac7\u0ab5\u0abe \u0a95\u0ab0\u0ac0 \u0a9b\u0ac7."},{"Verseid":"49001022","Verse":"\u0a9c\u0acd\u0aaf\u0abe\u0ab0\u0ac7 \u0aae\u0aa8\u0ac7 \u0a96\u0aac\u0ab0 \u0aaa\u0aa1\u0ab6\u0ac7 \u0a95\u0ac7 \u0aae\u0abe\u0ab0\u0ac1\u0a82 \u0ab6\u0ac1\u0a82 \u0aa5\u0ab5\u0abe\u0aa8\u0ac1\u0a82 \u0a9b\u0ac7, \u0aa4\u0acd\u0aaf\u0abe\u0ab0\u0ac7 \u0aa4\u0ab0\u0aa4 \u0a9c \u0aa4\u0ac7\u0aa8\u0ac7 \u0aae\u0acb\u0a95\u0acd\u0ab2\u0ab5\u0abe\u0aa8\u0ac0 \u0aae\u0abe\u0ab0\u0ac0 \u0aaf\u0acb\u0a9c\u0aa8\u0abe \u0a9b\u0ac7."},{"Verseid":"49001023","Verse":"\u0aae\u0aa8\u0ac7 \u0a96\u0abe\u0aa4\u0ab0\u0ac0 \u0a9b\u0ac7 \u0a95\u0ac7 \u0aaa\u0acd\u0ab0\u0aad\u0ac1 \u0aae\u0aa8\u0ac7 \u0aae\u0aa6\u0aa6\u0ab0\u0ac2\u0aaa \u0aa5\u0ab6\u0ac7."},{"Verseid":"49001024","Verse":"\u0a8f\u0aaa\u0abe\u0aab\u0acd\u0ab0\u0aa6\u0abf\u0aa4\u0ab8 \u0a96\u0acd\u0ab0\u0abf\u0ab8\u0acd\u0aa4\u0aae\u0abe\u0a82 \u0aae\u0abe\u0ab0\u0acb \u0aad\u0abe\u0a88 \u0a9b\u0ac7. \u0a96\u0acd\u0ab0\u0abf\u0ab8\u0acd\u0aa4\u0aa8\u0ac0 \u0ab8\u0ac7\u0aa8\u0abe\u0aae\u0abe\u0a82 \u0aa4\u0ac7 \u0aae\u0abe\u0ab0\u0ac0 \u0ab8\u0abe\u0aa5\u0ac7 \u0ab8\u0ab9\u0aaf\u0acb\u0aa6\u0acd\u0aa7\u0acb \u0a85\u0aa8\u0ac7 \u0aae\u0aa6\u0aa6\u0a97\u0abe\u0ab0 \u0a9b\u0ac7. \u0a9c\u0acd\u0aaf\u0abe\u0ab0\u0ac7 \u0aae\u0abe\u0ab0\u0ac7 \u0aae\u0aa6\u0aa6\u0aa8\u0ac0 \u0a9c\u0ab0\u0ac2\u0ab0 \u0ab9\u0aa4\u0ac0 \u0aa4\u0acd\u0aaf\u0abe\u0ab0\u0ac7 \u0aa4\u0aae\u0ac7 \u0aa4\u0ac7\u0aa8\u0ac7 \u0aae\u0abe\u0ab0\u0ac0 \u0aaa\u0abe\u0ab8\u0ac7 \u0aae\u0acb\u0a95\u0ab2\u0acd\u0aaf\u0acb."},{"Verseid":"49001025","Verse":"\u0ab9\u0ab5\u0ac7 \u0aae\u0ac7\u0a82 \u0aa4\u0ac7\u0aa8\u0ac7 \u0aa4\u0aae\u0abe\u0ab0\u0ac0 \u0aaa\u0abe\u0ab8\u0ac7 \u0aae\u0acb\u0a95\u0ab2\u0ab5\u0abe\u0aa8\u0ac1\u0a82 \u0aa8\u0a95\u0acd\u0a95\u0ac0 \u0a95\u0ab0\u0acd\u0aaf\u0ac1 \u0a9b\u0ac7. \u0ab9\u0ac1\u0a82 \u0aa4\u0ac7\u0aa8\u0ac7 \u0aae\u0acb\u0a95\u0acd\u0ab2\u0ac1\u0a82 \u0a9b\u0ac1\u0a82 \u0a95\u0abe\u0ab0\u0aa3 \u0a95\u0ac7 \u0aa4\u0aae\u0aa8\u0ac7 \u0aae\u0ab3\u0ab5\u0abe\u0aa8\u0ac0 \u0aa4\u0ac7\u0aa8\u0ac0 \u0a96\u0ac2\u0aac \u0a88\u0a9a\u0acd\u0a9b\u0abe \u0a9b\u0ac7. \u0aa4\u0ac7\u0aa8\u0ac0 \u0aae\u0abe\u0a82\u0aa6\u0a97\u0ac0 \u0ab5\u0abf\u0ab7\u0ac7 \u0ab8\u0abe\u0a82\u0aad\u0ab3\u0ab5\u0abe\u0aa5\u0ac0 \u0aa4\u0aae\u0ac7 \u0ab2\u0acb\u0a95\u0acb \u0a9a\u0abf\u0a82\u0aa4\u0ac0\u0aa4 \u0a9b\u0acb \u0aa4\u0ac7\u0aa8\u0abe\u0aa5\u0ac0 \u0aa4\u0ac7 \u0aaa\u0acb\u0aa4\u0ac7 \u0ab5\u0acd\u0aaf\u0a97\u0acd\u0ab0 \u0a9b\u0ac7."},{"Verseid":"49001026","Verse":"\u0aa4\u0ac7 \u0aae\u0abe\u0a82\u0aa6\u0acb \u0ab9\u0aa4\u0acb \u0a85\u0aa8\u0ac7 \u0aae\u0ab0\u0aa3\u0aa8\u0ac0 \u0aa8\u0a9c\u0ac0\u0a95 \u0ab9\u0aa4\u0acb. \u0aaa\u0ab0\u0a82\u0aa4\u0ac1 \u0aa6\u0ac7\u0ab5\u0ac7 \u0aa4\u0ac7\u0aa8\u0ac7 \u0a85\u0aa8\u0ac7 \u0aae\u0aa8\u0ac7 \u0aae\u0aa6\u0aa6 \u0a95\u0ab0\u0ac0, \u0a95\u0ac7 \u0a9c\u0ac7\u0aa5\u0ac0 \u0aae\u0aa8\u0ac7 \u0ab5\u0aa7\u0ac1 \u0ab6\u0acb\u0a95\u0acd\u0aa8\u0ac1\u0a82 \u0a95\u0abe\u0ab0\u0aa3 \u0aa8 \u0aae\u0ab3\u0ac7."},{"Verseid":"49001027","Verse":"\u0aa4\u0ac7\u0aa5\u0ac0 \u0aa4\u0ac7\u0aa8\u0ac7 \u0aae\u0acb\u0a95\u0ab2\u0ab5\u0abe\u0aa8\u0ac0 \u0aae\u0abe\u0ab0\u0ac0 \u0a98\u0aa3\u0ac0 \u0a88\u0a9a\u0acd\u0a9b\u0abe \u0a9b\u0ac7. \u0a9c\u0acd\u0aaf\u0abe\u0ab0\u0ac7 \u0aa4\u0aae\u0ac7 \u0aa4\u0ac7\u0aa8\u0ac7 \u0a9c\u0acb\u0ab6\u0acb, \u0aa4\u0acd\u0aaf\u0abe\u0ab0\u0ac7 \u0aa4\u0aae\u0ac7 \u0a86\u0aa8\u0a82\u0aa6\u0ac0\u0aa4 \u0aa5\u0ab6\u0acb. \u0a85\u0aa8\u0ac7 \u0aae\u0aa8\u0ac7 \u0aa4\u0aae\u0abe\u0ab0\u0ac0 \u0a9a\u0abf\u0a82\u0aa4\u0abe \u0aa8\u0ab9\u0abf \u0aa5\u0abe\u0aaf."},{"Verseid":"49001028","Verse":"\u0aaa\u0acd\u0ab0\u0aad\u0ac1\u0aa8\u0abe \u0aa8\u0abe\u0aae\u0ac7 \u0aa4\u0ac7\u0aa8\u0ac7 \u0a96\u0ac2\u0aac \u0a86\u0aa8\u0a82\u0aa6\u0aa5\u0ac0 \u0a86\u0ab5\u0a95\u0abe\u0ab0\u0a9c\u0acb. \u0a85\u0aa8\u0ac7 \u0aa4\u0ac7\u0aa8\u0abe \u0a9c\u0ac7\u0ab5\u0abe \u0aae\u0abe\u0aa3\u0ab8\u0aa8\u0ac1\u0a82 \u0aac\u0ab9\u0ac1\u0aae\u0abe\u0aa8 \u0a95\u0ab0\u0a9c\u0acb."},{"Verseid":"49001029","Verse":"\u0aa4\u0ac7\u0aa8\u0ac1\u0a82 \u0aac\u0ab9\u0ac1\u0aae\u0abe\u0aa8 \u0aa5\u0ab5\u0ac1\u0a82 \u0a9c \u0a9c\u0acb\u0a88\u0a8f \u0a95\u0abe\u0ab0\u0aa3 \u0a95\u0ac7 \u0a96\u0acd\u0ab0\u0abf\u0ab8\u0acd\u0aa4\u0aa8\u0abe \u0a95\u0abe\u0ab0\u0acd\u0aaf\u0aae\u0abe\u0a82 \u0aa4\u0ac7\u0aa3\u0ac7 \u0ab2\u0a97\u0aad\u0a97 \u0aaa\u0acb\u0aa4\u0abe\u0aa8\u0acb \u0aaa\u0acd\u0ab0\u0abe\u0aa3 \u0a85\u0ab0\u0acd\u0aaa\u0aa3 \u0a95\u0ab0\u0ac0 \u0aa6\u0ac0\u0aa7\u0acb. \u0aae\u0aa8\u0ac7 \u0aae\u0aa6\u0aa6 \u0a95\u0ab0\u0ab5\u0abe\u0aae\u0abe\u0a82 \u0aa4\u0ac7\u0aa3\u0ac7 \u0aa4\u0ac7\u0aa8\u0acb \u0a9c\u0ac0\u0ab5 \u0a9c\u0acb\u0a96\u0aae\u0aae\u0abe\u0a82 \u0aae\u0ac2\u0a95\u0acd\u0aaf\u0acb. \u0a86 \u0a8f\u0ab5\u0ac0 \u0aae\u0aa6\u0aa6 \u0ab9\u0aa4\u0ac0 \u0a9c\u0ac7 \u0aa4\u0aae\u0ac7 \u0aae\u0aa8\u0ac7 \u0a86\u0aaa\u0ac0 \u0ab6\u0a95\u0acd\u0aaf\u0abe \u0aa8\u0ab9\u0acb\u0aa4\u0abe."}]},{"Verse":[{"Verseid":"49002000","Verse":"\u0a85\u0aa8\u0ac7 \u0ab9\u0ab5\u0ac7, \u0aae\u0abe\u0ab0\u0abe \u0aad\u0abe\u0a88\u0a93 \u0a85\u0aa8\u0ac7 \u0aac\u0ab9\u0ac7\u0aa8\u0acb, \u0aaa\u0acd\u0ab0\u0aad\u0ac1 \u0aa6\u0acd\u0ab5\u0abe\u0ab0\u0abe \u0aa4\u0aae\u0aa8\u0ac7 \u0a86\u0aa8\u0a82\u0aa6 \u0aaa\u0acd\u0ab0\u0abe\u0aaa\u0acd\u0aa4 \u0aa5\u0abe\u0a93. \u0aa4\u0aae\u0aa8\u0ac7 \u0aab\u0ab0\u0ac0\u0aa5\u0ac0 \u0ab2\u0a96\u0ab5\u0abe\u0aae\u0abe\u0a82 \u0aae\u0aa8\u0ac7 \u0a95\u0acb\u0a88 \u0aa4\u0a95\u0ab2\u0ac0\u0aab \u0aa8\u0aa5\u0ac0, \u0a85\u0aa8\u0ac7 \u0a86\u0aae \u0a95\u0ab0\u0ab5\u0abe\u0aa5\u0ac0 \u0aa4\u0aae\u0ac7 \u0ab5\u0aa7\u0ac1 \u0a9c\u0abe\u0a97\u0ac3\u0aa4 \u0aac\u0aa8\u0ab6\u0acb."},{"Verseid":"49002001","Verse":"\u0a9c\u0ac7\u0a93 \u0a85\u0aa8\u0abf\u0ab7\u0acd\u0a9f \u0a95\u0ab0\u0ac7 \u0a9b\u0ac7 \u0aa4\u0ac7\u0ab5\u0abe \u0ab2\u0acb\u0a95\u0acb\u0aa5\u0ac0 \u0ab8\u0abe\u0ab5\u0aa7 \u0ab0\u0ab9\u0ac7\u0a9c\u0acb. \u0aa4\u0ac7\u0a93 \u0aab\u0ac2\u0aa4\u0ab0\u0abe \u0a9c\u0ac7\u0ab5\u0abe \u0a9b\u0ac7. \u0aa4\u0ac7\u0a93 \u0ab6\u0ab0\u0ac0\u0ab0\u0aa8\u0ac7 \u0a95\u0abe\u0aaa\u0ab5\u0abe \u0aaa\u0ab0 \u0aad\u0abe\u0ab0 \u0aae\u0ac2\u0a95\u0ac7 \u0a9b\u0ac7."},{"Verseid":"49002002","Verse":"\u0a86\u0aaa\u0aa3\u0ac7 \u0ab8\u0abe\u0a9a\u0ac0 \u0ab0\u0ac0\u0aa4\u0ac7 \u0ab8\u0ac1\u0aa8\u0acd\u0aa8\u0aa4 \u0aaa\u0abe\u0aae\u0ac7\u0ab2\u0abe \u0a9b\u0ac0\u0a8f \u0a85\u0aa8\u0ac7 \u0aa4\u0ac7\u0aa8\u0abe \u0a86\u0aa4\u0acd\u0aae\u0abe\u0aa5\u0ac0 \u0a86\u0aaa\u0aa3\u0ac7 \u0aa6\u0ac7\u0ab5\u0aa8\u0ac0 \u0ab8\u0acd\u0aa4\u0ac1\u0aa4\u0abf (\u0ab8\u0ac7\u0ab5\u0abe \u0a95\u0ab0\u0ac0\u0a8f \u0a9b\u0ac0\u0a8f. \u0a86\u0aaa\u0aa3\u0aa8\u0ac7 \u0a96\u0acd\u0ab0\u0abf\u0ab8\u0acd\u0aa4 \u0a88\u0ab8\u0ac1\u0aae\u0abe\u0a82 \u0ab9\u0acb\u0ab5\u0abe \u0aae\u0abe\u0a9f\u0ac7 \u0a97\u0acc\u0ab0\u0ab5 \u0a9b\u0ac7. \u0a85\u0aa8\u0ac7 \u0a86\u0aaa\u0aa3\u0ac7 \u0a86\u0aaa\u0aa3\u0ac0 \u0a9c\u0abe\u0aa4\u0aae\u0abe\u0a82 \u0a95\u0ac7 \u0a85\u0aa8\u0acd\u0aaf \u0a95\u0acb\u0a88 \u0a86\u0aaa\u0aa3\u0abe \u0a95\u0abe\u0ab0\u0acd\u0aaf\u0aae\u0abe\u0a82 \u0ab5\u0abf\u0ab6\u0acd\u0ab5\u0abe\u0ab8 \u0aa8\u0aa5\u0ac0 \u0aae\u0ac2\u0a95\u0acd\u0aa4\u0abe."},{"Verseid":"49002003","Verse":"\u0ab9\u0ac1\u0a82 \u0aae\u0abe\u0ab0\u0ac0 \u0a9c\u0abe\u0aa4\u0aae\u0abe\u0a82 \u0ab5\u0abf\u0ab6\u0acd\u0ab5\u0abe\u0ab8 \u0aae\u0ac2\u0a95\u0ab5\u0abe\u0aa8\u0ac7 \u0ab6\u0a95\u0acd\u0aa4\u0abf\u0aae\u0abe\u0aa8 \u0ab9\u0acb\u0a89, \u0aa4\u0acb \u0aaa\u0aa3 \u0ab9\u0ac1\u0a82 \u0aae\u0abe\u0ab0\u0abe\u0aae\u0abe\u0a82 \u0ab5\u0abf\u0ab6\u0acd\u0ab5\u0abe\u0ab8 \u0aa8\u0ab9\u0ac0 \u0aae\u0ac1\u0a95\u0ac1\u0a82. \u0a9c\u0acb \u0a95\u0acb\u0a88 \u0ab5\u0acd\u0aaf\u0a95\u0acd\u0aa4\u0abf \u0a8f\u0aae \u0aae\u0abe\u0aa8\u0ac7 \u0a95\u0ac7 \u0aa4\u0ac7\u0aa8\u0ac7 \u0aaa\u0acb\u0aa4\u0abe\u0aa8\u0ac0 \u0a9c\u0abe\u0aa4\u0aae\u0abe\u0a82 \u0ab5\u0abf\u0ab6\u0acd\u0ab5\u0abe\u0ab8 \u0aae\u0ac2\u0a95\u0ab5\u0abe \u0aae\u0abe\u0a9f\u0ac7 \u0a95\u0abe\u0ab0\u0aa3 \u0a9b\u0ac7, \u0aa4\u0acb \u0aa4\u0ac7 \u0ab5\u0acd\u0aaf\u0a95\u0acd\u0aa4\u0abf \u0a9c\u0abe\u0aa3\u0ac0 \u0ab2\u0ac7 \u0a95\u0ac7 \u0aae\u0aa8\u0ac7 \u0aae\u0abe\u0ab0\u0ac0 \u0a9c\u0abe\u0aa4\u0aae\u0abe\u0a82 \u0ab5\u0abf\u0ab6\u0acd\u0ab5\u0abe\u0ab8 \u0aae\u0ac2\u0a95\u0ab5\u0abe \u0aae\u0abe\u0a9f\u0ac7 \u0ab8\u0aac\u0ab3 \u0a95\u0abe\u0ab0\u0aa3 \u0a9b\u0ac7."},{"Verseid":"49002004","Verse":"\u0ab9\u0ac1\u0a82 \u0a86\u0aa0 \u0aa6\u0abf\u0ab5\u0ab8\u0aa8\u0acb \u0ab9\u0aa4\u0acb, \u0aa4\u0acd\u0aaf\u0abe\u0ab0\u0ac7 \u0aae\u0abe\u0ab0\u0ac0 \u0ab8\u0ac1\u0aa8\u0acd\u0aa8\u0aa4 \u0aa5\u0aaf\u0ac7\u0ab2\u0ac0, \u0ab9\u0ac1\u0a82 \u0a88\u0ab8\u0acd\u0ab0\u0abe\u0aaf\u0ac7\u0ab2\u0ac0 \u0a9b\u0ac1\u0a82 \u0a85\u0aa8\u0ac7 \u0aac\u0abf\u0aa8\u0acd\u0aaf\u0abe\u0aae\u0ac0\u0aa8\u0aa8\u0abe \u0aab\u0ac1\u0ab3\u0aa8\u0acb \u0a9b\u0ac1\u0a82. \u0ab9\u0ac1\u0a82 \u0ab9\u0abf\u0aac\u0acd\u0ab0\u0ac2\u0a93\u0aa8\u0acb \u0ab9\u0abf\u0aac\u0acd\u0ab0\u0ac2 \u0a9b\u0ac1\u0a82 \u0a85\u0aa8\u0ac7 \u0aae\u0abe\u0ab0\u0abe \u0aae\u0abe\u0aa4\u0abe\u0aaa\u0abf\u0aa4\u0abe \u0ab9\u0abf\u0aac\u0acd\u0ab0\u0ac2 \u0ab9\u0aa4\u0abe, \u0aae\u0ac2\u0ab8\u0abe\u0aa8\u0ac1\u0a82 \u0aa8\u0abf\u0aaf\u0aae\u0ab6\u0abe\u0ab8\u0acd\u0aa4\u0acd\u0ab0 \u0aae\u0abe\u0ab0\u0ac7 \u0aae\u0abe\u0a9f\u0ac7 \u0a98\u0aa3\u0ac1\u0a82 \u0a9c \u0aae\u0ab9\u0aa4\u0acd\u0ab5\u0aa8\u0ac1\u0a82 \u0ab9\u0aa4\u0ac1\u0a82 \u0a85\u0aa8\u0ac7 \u0aa4\u0ac7\u0aa5\u0ac0 \u0a9c \u0ab9\u0ac1\u0a82 \u0aab\u0ab0\u0acb\u0ab6\u0ac0 \u0aac\u0aa8\u0acd\u0aaf\u0acb \u0ab9\u0aa4\u0acb."},{"Verseid":"49002005","Verse":"\u0ab9\u0ac1\u0a82 \u0aae\u0abe\u0ab0\u0abe \u0aaf\u0ab9\u0ac2\u0aa6\u0ac0 \u0aa7\u0ab0\u0acd\u0aae\u0aa5\u0ac0 \u0a8f\u0a9f\u0ab2\u0acb \u0aac\u0aa7\u0acb \u0a89\u0aa4\u0acd\u0aa4\u0ac7\u0a9c\u0ac0\u0aa4 \u0ab9\u0aa4\u0acb \u0a95\u0ac7 \u0aae\u0ac7\u0a82 \u0aae\u0a82\u0aa1\u0ab3\u0ac0\u0aa8\u0ac7 \u0ab8\u0aa4\u0abe\u0ab5\u0ac7\u0ab2\u0ac0. \u0ab9\u0ac1\u0a82 \u0a9c\u0ac7 \u0ab0\u0ac0\u0aa4\u0ac7 \u0aae\u0ac2\u0ab8\u0abe\u0aa8\u0abe \u0aa8\u0abf\u0aaf\u0aae \u0ab6\u0abe\u0ab8\u0acd\u0aa4\u0acd\u0ab0\u0aa8\u0ac7 \u0a85\u0aa8\u0ac1\u0ab8\u0ab0\u0acd\u0aaf\u0acb \u0ab9\u0aa4\u0acb \u0aa4\u0ac7\u0aae\u0abe \u0a95\u0acb\u0a88 \u0aa6\u0acb\u0ab7 \u0ab6\u0acb\u0aa7\u0ac0 \u0ab6\u0a95\u0ac7 \u0aa4\u0ac7\u0aae \u0aa8\u0ab9\u0acb\u0aa4\u0acb."},{"Verseid":"49002006","Verse":"\u0a8f\u0a95 \u0ab8\u0aae\u0aaf\u0ac7, \u0a86 \u0aac\u0aa7\u0ac0 \u0a9c \u0ab5\u0ab8\u0acd\u0aa4\u0ac1 \u0aae\u0abe\u0ab0\u0abe \u0aae\u0abe\u0a9f\u0ac7 \u0a98\u0aa3\u0ac0 \u0aae\u0ab9\u0aa4\u0acd\u0ab5\u0aa8\u0ac0 \u0ab9\u0aa4\u0ac0. \u0aaa\u0ab0\u0a82\u0aa4\u0ac1 \u0aae\u0ac7\u0a82 \u0aa8\u0a95\u0acd\u0a95\u0ac0 \u0a95\u0ab0\u0acd\u0aaf\u0ac1 \u0a95\u0ac7 \u0a96\u0acd\u0ab0\u0abf\u0ab8\u0acd\u0aa4 \u0a86\u0a97\u0ab3 \u0a86 \u0aac\u0aa7\u0ac0 \u0ab5\u0ab8\u0acd\u0aa4\u0ac1\u0a93\u0aa8\u0ac1\u0a82 \u0a95\u0ab6\u0ac1\u0a82 \u0a9c \u0aae\u0ac2\u0ab2\u0acd\u0aaf \u0aa8\u0aa5\u0ac0."},{"Verseid":"49002007","Verse":"\u0aae\u0abe\u0aa4\u0acd\u0ab0 \u0aa4\u0ac7 \u0a9c \u0ab5\u0ab8\u0acd\u0aa4\u0ac1\u0a93 \u0aa8\u0ab9\u0abf, \u0aaa\u0ab0\u0a82\u0aa4\u0ac1 \u0ab9\u0ab5\u0ac7 \u0aa4\u0acb \u0aae\u0aa8\u0ac7 \u0ab2\u0abe\u0a97\u0ac7 \u0a9b\u0ac7 \u0a95\u0ac7 \u0a96\u0acd\u0ab0\u0abf\u0ab8\u0acd\u0aa4 \u0a88\u0ab8\u0ac1 \u0aae\u0abe\u0ab0\u0abe \u0aaa\u0acd\u0ab0\u0aad\u0ac1\u0aa8\u0ac7 \u0aaa\u0abe\u0aae\u0ab5\u0abe\u0aa8\u0ac0 \u0aae\u0ab9\u0abe\u0aa8\u0aa4\u0abe\u0aa8\u0ac0 \u0ab8\u0ab0\u0a96\u0abe\u0aae\u0aa3\u0ac0\u0aae\u0abe\u0a82 \u0a95\u0acb\u0a88 \u0aaa\u0aa3 \u0ab5\u0ab8\u0acd\u0aa4\u0ac1 \u0aae\u0ab9\u0aa4\u0acd\u0ab5\u0aa8\u0ac0 \u0aa8\u0aa5\u0ac0. \u0a96\u0acd\u0ab0\u0abf\u0ab8\u0acd\u0aa4\u0aa8\u0ac7 \u0a95\u0abe\u0ab0\u0aa3\u0ac7 \u0aae\u0ac7\u0a82 \u0a8f \u0aac\u0aa7\u0ac0 \u0ab5\u0ab8\u0acd\u0aa4\u0ac1\u0a93\u0aa8\u0acb \u0aa4\u0acd\u0aaf\u0abe\u0a97 \u0a95\u0ab0\u0acd\u0aaf\u0acb \u0a85\u0aa8\u0ac7 \u0ab9\u0ab5\u0ac7 \u0ab9\u0ac1\u0a82 \u0a9c\u0abe\u0aa3\u0ac1\u0a82 \u0a9b\u0ac1\u0a82 \u0a95\u0ac7 \u0a96\u0acd\u0ab0\u0abf\u0ab8\u0acd\u0aa4 \u0a86\u0a97\u0ab3 \u0aa4\u0ac7 \u0aac\u0aa7\u0ac0 \u0ab5\u0ab8\u0acd\u0aa4\u0ac1\u0a93 \u0aa4\u0ac1\u0a9a\u0acd\u0a9b \u0a95\u0a9a\u0ab0\u0abe \u0a9c\u0ac7\u0ab5\u0ac0 \u0a9b\u0ac7. \u0a86 \u0ab0\u0ac0\u0aa4\u0ac7 \u0aae\u0aa8\u0ac7 \u0a96\u0acd\u0ab0\u0abf\u0ab8\u0acd\u0aa4 \u0aae\u0ab3\u0acd\u0aaf\u0acb."},{"Verseid":"49002008","Verse":"\u0a86\u0aa8\u0ac7 \u0a95\u0abe\u0ab0\u0aa3\u0ac7 \u0ab9\u0ac1\u0a82 \u0a96\u0acd\u0ab0\u0abf\u0ab8\u0acd\u0aa4 \u0aa6\u0acd\u0ab5\u0abe\u0ab0\u0abe \u0aa8\u0acd\u0aaf\u0abe\u0aaf\u0ac0 \u0a9b\u0ac1\u0a82. \u0ab9\u0ac1\u0a82 \u0aa8\u0abf\u0aaf\u0aae\u0ab6\u0abe\u0ab8\u0acd\u0aa4\u0acd\u0ab0\u0aa8\u0ac7 \u0a85\u0aa8\u0ac1\u0ab8\u0ab0\u0acd\u0aaf\u0acb \u0a8f\u0aa8\u0ac7 \u0a95\u0abe\u0ab0\u0aa3\u0ac7 \u0a86 \u0aac\u0aa8\u0acd\u0aaf\u0ac1\u0a82 \u0aa8\u0aa5\u0ac0. \u0aaa\u0ab0\u0a82\u0aa4\u0ac1 \u0a96\u0acd\u0ab0\u0abf\u0ab8\u0acd\u0aa4\u0aae\u0abe\u0a82 \u0aae\u0abe\u0ab0\u0abe \u0ab5\u0abf\u0ab6\u0acd\u0ab5\u0abe\u0ab8\u0aa8\u0ac7 \u0a95\u0abe\u0ab0\u0aa3\u0ac7 \u0ab6\u0a95\u0acd\u0aaf \u0aac\u0aa8\u0acd\u0aaf\u0ac1\u0a82 \u0ab9\u0aa4\u0ac1\u0a82. \u0aa6\u0ac7\u0ab5\u0ac7 \u0aae\u0abe\u0ab0\u0abe \u0a96\u0acd\u0ab0\u0abf\u0ab8\u0acd\u0aa4\u0aae\u0abe\u0a82\u0aa8\u0abe \u0ab5\u0abf\u0ab6\u0acd\u0ab5\u0abe\u0ab8\u0aa8\u0acb \u0a89\u0aaa\u0aaf\u0acb\u0a97 \u0aae\u0aa8\u0ac7 \u0aa4\u0ac7\u0aa8\u0ac7 \u0a85\u0aa8\u0ac1\u0ab0\u0ac2\u0aaa \u0aac\u0aa8\u0abe\u0ab5\u0ab5\u0abe\u0aae\u0abe\u0a82 \u0a95\u0ab0\u0acd\u0aaf\u0acb."},{"Verseid":"49002009","Verse":"\u0ab9\u0ac1\u0a82 \u0aae\u0abe\u0aa4\u0acd\u0ab0 \u0a96\u0acd\u0ab0\u0abf\u0ab8\u0acd\u0aa4\u0aa8\u0ac7 \u0a85\u0aa8\u0ac7 \u0aae\u0ac3\u0aa4\u0acd\u0aaf\u0ac1\u0aae\u0abe\u0a82\u0aa5\u0ac0 \u0ab8\u0a9c\u0ac0\u0ab5\u0aa8 \u0aa5\u0ab5\u0abe\u0aa8\u0abe \u0ab8\u0abe\u0ab0\u0acd\u0aae\u0aa5\u0acd\u0aaf\u0aa8\u0ac7 \u0a9c\u0abe\u0aa3\u0ab5\u0abe \u0aae\u0abe\u0a82\u0a97\u0ac1 \u0a9b\u0ac1\u0a82. \u0ab9\u0ac1\u0a82 \u0a96\u0acd\u0ab0\u0abf\u0ab8\u0acd\u0aa4\u0aa8\u0ac0 \u0ab5\u0acd\u0aaf\u0aa5\u0abe\u0aae\u0abe\u0a82 \u0ab8\u0ab9\u0aad\u0abe\u0a97\u0ac0 \u0aa5\u0ab5\u0abe \u0aae\u0abe\u0a82\u0a97\u0ac1 \u0a9b\u0ac1\u0a82 \u0a85\u0aa8\u0ac7 \u0aa4\u0ac7\u0aa8\u0abe \u0aae\u0ab0\u0aa3\u0aae\u0abe\u0a82 \u0aa4\u0ac7\u0aa8\u0abe \u0ab8\u0aae\u0abe\u0aa8 \u0aa5\u0ab5\u0abe \u0aae\u0abe\u0a97\u0ac1\u0a82 \u0a9b\u0ac1\u0a82."},{"Verseid":"49002010","Verse":"\u0a9c\u0acb \u0ab9\u0ac1\u0a82 \u0a86\u0aae \u0a95\u0ab0\u0ac0 \u0ab6\u0a95\u0ac1\u0a82 \u0aa4\u0acb \u0aae\u0abe\u0ab0\u0ac0 \u0a9c\u0abe\u0aa4\u0ac7 \u0aae\u0ac3\u0aa4\u0acd\u0aaf\u0ac1\u0aae\u0abe\u0a82\u0aa5\u0ac0 \u0a8a\u0aa0\u0ab5\u0abe\u0aa8\u0ac0 \u0a86\u0ab6\u0abe \u0ab9\u0ac1\u0a82 \u0ab0\u0abe\u0a96\u0ac0 \u0ab6\u0a95\u0ac1\u0a82."},{"Verseid":"49002011","Verse":"\u0ab9\u0ac1\u0a82 \u0aa8\u0aa5\u0ac0 \u0a95\u0ab9\u0ac7\u0ab5\u0abe \u0aae\u0abe\u0a82\u0a97\u0aa4\u0acb \u0a95\u0ac7 \u0aa6\u0ac7\u0ab5\u0aa8\u0ac0 \u0a9c\u0ac7\u0ab5\u0ac0 \u0a88\u0a9a\u0acd\u0a9b\u0abe \u0ab9\u0aa4\u0ac0 \u0aa4\u0ac7\u0ab5\u0acb \u0a9c \u0ab9\u0ac1\u0a82 \u0a9b\u0ac1\u0a82. \u0ab9\u0a9c\u0ac0 \u0ab9\u0ac1\u0a82 \u0aa4\u0ac7 \u0ab8\u0abf\u0aa6\u0acd\u0aa7\u0abf\u0aa8\u0ac7 \u0aaa\u0abe\u0aae\u0acd\u0aaf\u0acb \u0aa8\u0aa5\u0ac0. \u0aaa\u0ab0\u0a82\u0aa4\u0ac1 \u0aa4\u0ac7 \u0aa7\u0acd\u0aaf\u0ac7\u0aaf\u0aa8\u0ac7 \u0aaa\u0acd\u0ab0\u0abe\u0aaa\u0acd\u0aa4 \u0a95\u0ab0\u0ab5\u0abe\u0aa8\u0abe \u0aae\u0abe\u0ab0\u0abe \u0aaa\u0acd\u0ab0\u0aaf\u0aa4\u0acd\u0aa8\u0acb \u0ab8\u0aa4\u0aa4 \u0a9a\u0abe\u0ab2\u0ac1\u0a82 \u0a9b\u0ac7, \u0a96\u0acd\u0ab0\u0abf\u0ab8\u0acd\u0aa4 \u0aae\u0abe\u0ab0\u0ac0 \u0aaa\u0abe\u0ab8\u0ac7 \u0a86\u0aae \u0a95\u0ab0\u0abe\u0ab5\u0ab5\u0abe \u0aae\u0abe\u0a82\u0a97\u0ac7 \u0a9b\u0ac7. \u0a85\u0aa8\u0ac7 \u0aa4\u0ac7\u0aa5\u0ac0 \u0aa4\u0ac7\u0aa3\u0ac7 \u0a9c \u0aae\u0aa8\u0ac7 \u0aa4\u0ac7\u0aa8\u0acb \u0aac\u0aa8\u0abe\u0ab5\u0acd\u0aaf\u0acb \u0a9b\u0ac7."},{"Verseid":"49002012","Verse":"\u0aad\u0abe\u0a88\u0a93 \u0a85\u0aa8\u0ac7 \u0aac\u0ab9\u0ac7\u0aa8\u0acb, \u0aae\u0aa8\u0ac7 \u0a96\u0aac\u0ab0 \u0a9b\u0ac7, \u0ab9\u0ac1\u0a82 \u0a8f \u0ab8\u0abf\u0aa6\u0acd\u0aa7\u0abf\u0aa8\u0ac7 \u0aa8\u0aa5\u0ac0 \u0aaa\u0abe\u0aae\u0acd\u0aaf\u0acb \u0aaa\u0ab0\u0a82\u0aa4\u0ac1 \u0ab9\u0aae\u0ac7\u0ab6\u0abe \u0a8f\u0a95 \u0a95\u0abe\u0aae \u0ab9\u0ac1\u0a82 \u0a95\u0ab0\u0ac1\u0a82 \u0a9b\u0ac1\u0a82: \u0a95\u0ac7 \u0ab9\u0ac1\u0a82 \u0aad\u0ac2\u0aa4\u0a95\u0abe\u0ab3\u0aa8\u0ac0 \u0ab5\u0ab8\u0acd\u0aa4\u0ac1\u0a93\u0aa8\u0ac7 \u0aad\u0ac2\u0ab2\u0ac0 \u0a9c\u0abe\u0a89 \u0a9b\u0ac1\u0a82. \u0aae\u0abe\u0ab0\u0ac0 \u0ab8\u0aae\u0a95\u0acd\u0ab7 \u0a9c\u0ac7 \u0aa7\u0acd\u0aaf\u0ac7\u0aaf \u0ab9\u0acb\u0aaf \u0a9b\u0ac7 \u0aa4\u0ac7\u0aa8\u0ac7 \u0aaa\u0acd\u0ab0\u0abe\u0aaa\u0acd\u0aa4 \u0a95\u0ab0\u0ab5\u0abe \u0ab9\u0aae\u0ac7\u0ab6\u0abe \u0aaa\u0acd\u0ab0\u0aaf\u0aa4\u0acd\u0aa8\u0ab6\u0ac0\u0ab2 \u0ab0\u0ab9\u0ac1\u0a82 \u0a9b\u0ac1\u0a82."},{"Verseid":"49002013","Verse":"\u0aa4\u0ac7\u0aa5\u0ac0 \u0ab9\u0aae\u0ac7\u0ab6\u0abe \u0aa7\u0acd\u0aaf\u0ac7\u0aaf \u0aaa\u0acd\u0ab0\u0abe\u0aaa\u0acd\u0aa4\u0abf\u0aae\u0abe\u0a82 \u0ab9\u0ac1\u0a82 \u0aaa\u0acd\u0ab0\u0aaf\u0aa4\u0acd\u0aa8\u0ab6\u0ac0\u0ab2 \u0ab0\u0ab9\u0ac1\u0a82 \u0a9b\u0ac1\u0a82 \u0aa4\u0ac7\u0aa5\u0ac0 \u0aaa\u0ac1\u0ab0\u0ab8\u0acd\u0a95\u0ac3\u0aa4 \u0aa5\u0abe\u0a89 \u0a9b\u0ac1\u0a82 \u0a86 \u0aaa\u0ac1\u0ab0\u0ab8\u0acd\u0a95\u0abe\u0ab0 \u0aae\u0abe\u0ab0\u0acb \u0a9b\u0ac7 \u0a95\u0abe\u0ab0\u0aa3 \u0a95\u0ac7 \u0a96\u0acd\u0ab0\u0abf\u0ab8\u0acd\u0aa4 \u0a88\u0ab8\u0ac1 \u0ab5\u0aa1\u0ac7 \u0aa6\u0ac7\u0ab5\u0ac7 \u0aae\u0aa8\u0ac7 \u0ab8\u0acd\u0ab5\u0ab0\u0acd\u0a97\u0ac0\u0aaf \u0a9c\u0ac0\u0ab5\u0aa8 \u0aae\u0abe\u0a9f\u0ac7 \u0aac\u0acb\u0ab2\u0abe\u0ab5\u0acd\u0aaf\u0acb \u0a9b\u0ac7."},{"Verseid":"49002014","Verse":"\u0a86\u0aaa\u0aa3\u0ac7 \u0aac\u0aa7\u0abe \u0a9c\u0ac7 \u0a86\u0aa4\u0acd\u0aae\u0ac0\u0aaf \u0ab0\u0ac0\u0aa4\u0ac7 \u0aaa\u0ab0\u0abf\u0aaa\u0a95\u0ab5 \u0aa5\u0aaf\u0abe \u0a9b\u0ac0\u0a8f \u0aa4\u0ac7\u0aae\u0aa3\u0ac7 \u0a86 \u0ab0\u0ac0\u0aa4\u0ac7 \u0ab5\u0abf\u0a9a\u0abe\u0ab0\u0ab5\u0ac1\u0a82 \u0a9c\u0acb\u0a88\u0a8f. \u0a86\u0aae\u0abe\u0a82\u0aa8\u0ac0 \u0a95\u0acb\u0a88 \u0ab5\u0ab8\u0acd\u0aa4\u0ac1 \u0ab8\u0abe\u0aa5\u0ac7 \u0a9c\u0acb \u0aa4\u0aae\u0ac7 \u0ab8\u0a82\u0aae\u0aa4 \u0aa8\u0aa5\u0ac0 \u0aa5\u0aa4\u0abe \u0aa4\u0acb, \u0aa6\u0ac7\u0ab5 \u0aa4\u0aae\u0aa8\u0ac7 \u0a8f \u0ab8\u0acd\u0aaa\u0ab7\u0acd\u0a9f \u0a95\u0ab0\u0ab6\u0ac7."},{"Verseid":"49002015","Verse":"\u0aaa\u0ab0\u0a82\u0aa4\u0ac1 \u0a9c\u0ac7 \u0ab8\u0aa4\u0acd\u0aaf \u0a86\u0aaa\u0aa3\u0aa8\u0ac7 \u0ab2\u0abe\u0aa7\u0ac0 \u0a9a\u0ac2\u0a95\u0acd\u0aaf\u0ac1 \u0a9b\u0ac7 \u0aa4\u0ac7\u0aa8\u0ac7 \u0a85\u0aa8\u0ac1\u0ab8\u0ab0\u0ab5\u0abe\u0aa8\u0ac1\u0a82 \u0a86\u0aaa\u0aa3\u0ac7 \u0a9a\u0abe\u0ab2\u0ac1 \u0ab0\u0abe\u0a96\u0ab5\u0ac1\u0a82 \u0a9c\u0acb\u0a88\u0a8f."},{"Verseid":"49002016","Verse":"\u0aad\u0abe\u0a88\u0a93 \u0a85\u0aa8\u0ac7 \u0aac\u0ab9\u0ac7\u0aa8\u0acb, \u0aa4\u0aae\u0abe\u0ab0\u0ac7 \u0aac\u0aa7\u0abe\u0a8f \u0aae\u0abe\u0ab0\u0abe \u0a9c\u0ac7\u0ab5\u0ac1\u0a82 \u0a9c\u0ac0\u0ab5\u0aa8 \u0a9c\u0ac0\u0ab5\u0aa8\u0abe\u0aa8\u0acb \u0aaa\u0acd\u0ab0\u0aaf\u0aa4\u0acd\u0aa8 \u0a95\u0ab0\u0ab5\u0acb \u0a9c\u0acb\u0a88\u0a8f, \u0a85\u0aa8\u0ac7 \u0a8f\u0aae \u0aa4\u0aae\u0aa8\u0ac7 \u0aac\u0aa4\u0abe\u0ab5\u0acd\u0aaf\u0abe \u0aaa\u0acd\u0ab0\u0aae\u0abe\u0aa3\u0ac7\u0aa8\u0ac1\u0a82 \u0a9c\u0ac0\u0ab5\u0aa8 \u0a9c\u0ac7 \u0a9c\u0ac0\u0ab5\u0aa4\u0acb \u0ab9\u0acb\u0aaf \u0aa4\u0ac7\u0a93\u0aa8\u0ac1\u0a82 \u0a85\u0aa8\u0ac1\u0a95\u0ab0\u0aa3 \u0a95\u0ab0\u0acb."},{"Verseid":"49002017","Verse":"\u0a98\u0aa3\u0abe \u0ab2\u0acb\u0a95\u0acb \u0a96\u0acd\u0ab0\u0abf\u0ab8\u0acd\u0aa4\u0aa8\u0abe \u0ab5\u0aa7\u0ab8\u0acd\u0aa4\u0a82\u0aad\u0aa8\u0abe \u0aa6\u0ac1\u0ab6\u0acd\u0aae\u0aa8 \u0a9c\u0ac7\u0ab5\u0ac1\u0a82 \u0a9c\u0ac0\u0ab5\u0aa8 \u0a9c\u0ac0\u0ab5\u0ac7 \u0a9b\u0ac7. \u0aae\u0ac7 \u0aa4\u0aae\u0aa8\u0ac7 \u0aa7\u0aa3\u0ac0 \u0ab5\u0abe\u0ab0 \u0a86 \u0ab2\u0acb\u0a95\u0acb \u0ab5\u0abf\u0ab7\u0ac7 \u0a95\u0ab9\u0acd\u0aaf\u0ac1\u0a82 \u0a9b\u0ac7 \u0a85\u0aa8\u0ac7 \u0ab9\u0aae\u0aa3\u0abe\u0a82 \u0aaa\u0aa3 \u0aa4\u0ac7\u0a93\u0aa8\u0abe \u0ab5\u0abf\u0ab7\u0ac7 \u0ab0\u0aa1\u0aa4\u0abe \u0ab0\u0aa1\u0aa4\u0abe \u0a95\u0ab9\u0ac1\u0a82 \u0a9b\u0ac1\u0a82."},{"Verseid":"49002018","Verse":"\u0a9c\u0ac7 \u0ab0\u0ac0\u0aa4\u0ac7 \u0a86 \u0ab2\u0acb\u0a95\u0acb \u0a9c\u0ac0\u0ab5\u0ac7 \u0a9b\u0ac7 \u0aa4\u0ac7\u0aa5\u0ac0 \u0aa4\u0ac7\u0a93 \u0aa4\u0ac7\u0a93\u0aa8\u0acb \u0ab5\u0abf\u0aa8\u0abe\u0ab6 \u0aa8\u0acb\u0a82\u0aa4\u0ab0\u0ac7 \u0a9b\u0ac7 \u0a85\u0aa8\u0ac7 \u0aa6\u0ac7\u0ab5\u0aa8\u0ac0 \u0ab8\u0ac7\u0ab5\u0abe \u0aa8\u0aa5\u0ac0 \u0a95\u0ab0\u0aa4\u0abe. \u0aa4\u0ac7\u0a93\u0aa8\u0acb \u0aa6\u0ac7\u0ab5 \u0aa4\u0ac7\u0a93\u0aa8\u0ac1\u0a82 \u0aaa\u0ac7\u0a9f \u0a9b\u0ac7, \u0ab6\u0ab0\u0aae\u0a9c\u0aa8\u0a95 \u0a95\u0ac3\u0aa4\u0acd\u0aaf\u0acb \u0a95\u0ab0\u0ac7 \u0a9b\u0ac7 \u0a85\u0aa8\u0ac7 \u0aa4\u0ac7\u0aa8\u0ac7 \u0aae\u0abe\u0a9f\u0ac7 \u0a97\u0acc\u0ab0\u0ab5 \u0a85\u0aa8\u0ac1\u0aad\u0ab5\u0ac7 \u0a9b\u0ac7. \u0aa4\u0ac7\u0a93 \u0aae\u0abe\u0aa4\u0acd\u0ab0 \u0aaa\u0abe\u0ab0\u0acd\u0aa5\u0abf\u0ab5 \u0ab5\u0ab8\u0acd\u0aa4\u0ac1\u0aa8\u0acb \u0a9c \u0ab5\u0abf\u0a9a\u0abe\u0ab0 \u0a95\u0ab0\u0ac7 \u0a9b\u0ac7."},{"Verseid":"49002019","Verse":"\u0a86\u0aaa\u0aa3\u0ac1\u0a82 \u0aaa\u0acb\u0aa4\u0abe\u0aa8\u0ac1\u0a82 \u0ab8\u0acd\u0aa5\u0abe\u0aa8 \u0a86\u0a95\u0abe\u0ab6\u0aae\u0abe\u0a82 \u0a9b\u0ac7 \u0a85\u0aa8\u0ac7 \u0a86\u0aaa\u0aa3\u0ac7 \u0a86\u0aaa\u0aa3\u0abe \u0aa4\u0abe\u0ab0\u0aa8\u0abe\u0ab0\u0aa8\u0ac0 \u0a86\u0a95\u0abe\u0ab6\u0aae\u0abe\u0a82\u0aa5\u0ac0 \u0a86\u0ab5\u0ab5\u0abe \u0aae\u0abe\u0a9f\u0ac7 \u0ab0\u0abe\u0ab9 \u0a9c\u0acb\u0a88\u0a8f \u0a9b\u0ac0\u0a8f. \u0a86\u0aaa\u0aa3\u0acb \u0aa4\u0abe\u0ab0\u0aa8\u0abe\u0ab0 \u0aa4\u0ac7 \u0aaa\u0acd\u0ab0\u0aad\u0ac1 \u0a88\u0ab8\u0ac1 \u0a96\u0acd\u0ab0\u0abf\u0ab8\u0acd\u0aa4 \u0a9b\u0ac7."},{"Verseid":"49002020","Verse":"\u0aa4\u0ac7 \u0a86\u0aaa\u0aa3\u0abe \u0aa8\u0abf\u0ab0\u0acd\u0aac\u0ab3 \u0ab6\u0ab0\u0ac0\u0ab0\u0aa8\u0ac7 \u0aac\u0aa6\u0ab2\u0ac0 \u0aa4\u0ac7\u0a93\u0aa8\u0ac7 \u0aa4\u0ac7\u0aa8\u0abe \u0aaa\u0acb\u0aa4\u0abe\u0aa8\u0abe \u0a9c\u0ac7\u0ab5\u0abe \u0aae\u0ab9\u0abf\u0aae\u0abe\u0ab5\u0abe\u0aa8 \u0aac\u0aa8\u0abe\u0ab5\u0ab6\u0ac7. \u0a96\u0acd\u0ab0\u0abf\u0ab8\u0acd\u0aa4 \u0aaa\u0acb\u0aa4\u0abe\u0aa8\u0ac0 \u0ab6\u0a95\u0acd\u0aa4\u0abf \u0a95\u0ac7 \u0a9c\u0ac7\u0aa8\u0abe \u0ab5\u0aa1\u0ac7 \u0aa4\u0ac7 \u0aac\u0aa7\u0ac0 \u0ab5\u0ab8\u0acd\u0aa4\u0ac1 \u0a89\u0aaa\u0ab0 \u0ab6\u0abe\u0ab8\u0aa8 \u0a95\u0ab0\u0ac7 \u0a9b\u0ac7, \u0aa4\u0ac7\u0aa8\u0abe\u0aa5\u0ac0 \u0a86\u0aae \u0a95\u0ab0\u0ac0 \u0ab6\u0a95\u0ab6\u0ac7."}]},{"Verse":[{"Verseid":"49003000","Verse":"\u0aae\u0abe\u0ab0\u0abe \u0aaa\u0acd\u0ab0\u0abf\u0aaf \u0aad\u0abe\u0a88\u0a93 \u0a85\u0aa8\u0ac7 \u0aac\u0ab9\u0ac7\u0aa8\u0acb, \u0ab9\u0ac1\u0a82 \u0aa4\u0aae\u0aa8\u0ac7 \u0a9a\u0abe\u0ab9\u0ac1\u0a82 \u0a9b\u0ac1\u0a82 \u0a85\u0aa8\u0ac7 \u0aa4\u0aae\u0aa8\u0ac7 \u0aae\u0ab3\u0ab5\u0abe \u0a88\u0a9a\u0acd\u0a9b\u0ac1 \u0a9b\u0ac1\u0a82. \u0aa4\u0aae\u0abe\u0ab0\u0abe \u0a95\u0abe\u0ab0\u0aa3\u0ac7 \u0aae\u0aa8\u0ac7 \u0a86\u0aa8\u0a82\u0aa6 \u0aa5\u0abe\u0aaf \u0a9b\u0ac7 \u0a85\u0aa8\u0ac7 \u0aae\u0aa8\u0ac7 \u0aa4\u0aae\u0abe\u0ab0\u0ac1\u0a82 \u0a97\u0acc\u0ab0\u0ab5 \u0a9b\u0ac7. \u0aae\u0abe\u0ab0\u0abe \u0a95\u0ab9\u0acd\u0aaf\u0abe \u0aaa\u0acd\u0ab0\u0aae\u0abe\u0aa3\u0ac7 \u0aa4\u0aae\u0ac7 \u0aaa\u0acd\u0ab0\u0aad\u0ac1\u0aa8\u0ac7 \u0a85\u0aa8\u0ac1\u0ab8\u0ab0\u0ab5\u0abe\u0aa8\u0ac1 \u0a9a\u0abe\u0ab2\u0ac1 \u0ab0\u0abe\u0a96\u0a9c\u0acb."},{"Verseid":"49003001","Verse":"\u0ab9\u0ac1\u0a82 \u0aaf\u0ac2\u0ab5\u0aa6\u0abf\u0aaf\u0abe \u0a85\u0aa8\u0ac7 \u0ab8\u0ac1\u0aa8\u0acd\u0aa4\u0ac1\u0a96\u0ac7\u0aa8\u0ac7, \u0aaa\u0acd\u0ab0\u0aad\u0ac1\u0aae\u0abe\u0a82 \u0a8f\u0a95 \u0a9a\u0abf\u0aa4\u0acd\u0aa4\u0aa8\u0abe \u0aa5\u0ab5\u0abe \u0a95\u0ab9\u0ac1\u0a82 \u0a9b\u0ac1\u0a82."},{"Verseid":"49003002","Verse":"\u0a85\u0aa8\u0ac7 \u0aa4\u0aae\u0ac7 \u0aae\u0abe\u0ab0\u0abe \u0aae\u0abf\u0aa4\u0acd\u0ab0\u0acb \u0a9c\u0ac7\u0aa3\u0ac7 \u0aae\u0abe\u0ab0\u0ac0 \u0ab8\u0abe\u0aa5\u0ac7 \u0ab5\u0aab\u0abe\u0aa6\u0abe\u0ab0\u0ac0\u0aaa\u0ac2\u0ab0\u0acd\u0ab5\u0a95 \u0ab8\u0ac7\u0ab5\u0abe \u0a95\u0ab0\u0ac0 \u0a9b\u0ac7, \u0aa4\u0ac7\u0aa5\u0ac0 \u0a86 \u0ab8\u0acd\u0aa4\u0acd\u0ab0\u0ac0\u0a93\u0aa8\u0ac7 \u0aae\u0aa6\u0aa6 \u0a95\u0ab0\u0ab5\u0abe\u0aa8\u0ac1\u0a82 \u0ab9\u0ac1\u0a82 \u0aa4\u0aae\u0aa8\u0ac7 \u0a95\u0ab9\u0ac1\u0a82 \u0a9b\u0ac1\u0a82. \u0a86 \u0ab8\u0acd\u0aa4\u0acd\u0ab0\u0ac0\u0a93\u0a8f \u0ab8\u0ac1\u0ab5\u0abe\u0ab0\u0acd\u0aa4\u0abe\u0aa8\u0abe \u0aaa\u0acd\u0ab0\u0a9a\u0abe\u0ab0\u0aae\u0abe\u0a82 \u0aae\u0abe\u0ab0\u0ac0 \u0ab8\u0abe\u0aa5\u0ac7 \u0a95\u0abe\u0aae \u0a95\u0ab0\u0acd\u0aaf\u0ac1 \u0a9b\u0ac7. \u0aa4\u0ac7\u0a93 \u0a95\u0ab2\u0ac7\u0aae\u0ac7\u0aa8\u0acd\u0aa4 \u0a85\u0aa8\u0ac7 \u0aac\u0ac0\u0a9c\u0abe \u0ab2\u0acb\u0a95\u0acb \u0a9c\u0ac7 \u0aae\u0abe\u0ab0\u0ac0 \u0ab8\u0abe\u0aa5\u0ac7 \u0a95\u0abe\u0aae \u0a95\u0ab0\u0aa4\u0abe\u0a82 \u0ab9\u0aa4\u0abe \u0aa4\u0ac7\u0a93\u0aa8\u0ac0 \u0ab8\u0abe\u0aa5\u0ac7 \u0a95\u0abe\u0aae \u0a95\u0ab0\u0acd\u0aaf\u0ac1 \u0a9b\u0ac7. \u0a9c\u0ac0\u0ab5\u0aa8\u0aa8\u0abe \u0aaa\u0ac1\u0ab8\u0acd\u0aa4\u0a95\u0aae\u0abe\u0aa4\u0ac7\u0a93\u0aa8\u0abe\u0a82 \u0aa8\u0abe\u0aae \u0ab2\u0a96\u0abe\u0a88 \u0a9a\u0ac1\u0a95\u0acd\u0aaf\u0abe\u0a82 \u0a9b\u0ac7."},{"Verseid":"49003003","Verse":"\u0aaa\u0acd\u0ab0\u0aad\u0ac1\u0aae\u0abe\u0a82 \u0ab8\u0aa6\u0abe \u0a86\u0aa8\u0a82\u0aa6 \u0a95\u0ab0\u0acb; \u0ab9\u0ac1\u0a82 \u0aab\u0ab0\u0ac0\u0aa5\u0ac0 \u0a95\u0ab9\u0ac1\u0a82 \u0a9b\u0ac1\u0a82 \u0a95\u0ac7 \u0a86\u0aa8\u0a82\u0aa6 \u0a95\u0ab0\u0acb."},{"Verseid":"49003004","Verse":"\u0aa6\u0ab0\u0ac7\u0a95 \u0ab2\u0acb\u0a95\u0acb\u0aa8\u0ac7 \u0a9c\u0abe\u0aa3\u0ab5\u0abe \u0aa6\u0acb \u0a95\u0ac7 \u0aa4\u0aae\u0ac7 \u0aa8\u0aae\u0acd\u0ab0 \u0a85\u0aa8\u0ac7 \u0aae\u0abe\u0aaf\u0abe\u0ab3\u0ac1 \u0a9b\u0acb. \u0aaa\u0acd\u0ab0\u0aad\u0ac1 \u0a9c\u0ab2\u0aa6\u0ac0 \u0a86\u0ab5\u0ac7 \u0a9b\u0ac7."},{"Verseid":"49003005","Verse":"\u0a95\u0ab6\u0abe\u0aa8\u0ac0 \u0a9a\u0abf\u0aa4\u0abe \u0aa8 \u0a95\u0ab0\u0ab6\u0acb. \u0aaa\u0ab0\u0a82\u0aa4\u0ac1 \u0aa4\u0aae\u0abe\u0ab0\u0ac7 \u0a9c\u0ac7 \u0a95\u0acb\u0a88 \u0a9c\u0acb\u0a88\u0a8f \u0a9b\u0ac7 \u0aa4\u0ac7 \u0aa6\u0ac7\u0ab5 \u0aaa\u0abe\u0ab8\u0ac7 \u0aae\u0abe\u0a82\u0a97\u0acb \u0a85\u0aa8\u0ac7 \u0aaa\u0acd\u0ab0\u0abe\u0ab0\u0acd\u0aa5\u0aa8\u0abe \u0a95\u0ab0\u0acb. \u0a85\u0aa8\u0ac7 \u0a9c\u0acd\u0aaf\u0abe\u0ab0\u0ac7 \u0aa4\u0aae\u0ac7 \u0aaa\u0acd\u0ab0\u0abe\u0ab0\u0acd\u0aa5\u0aa8\u0abe \u0a95\u0ab0\u0acb \u0aa4\u0acd\u0aaf\u0abe\u0ab0\u0ac7 \u0ab9\u0aae\u0ac7\u0ab6\u0abe \u0a86\u0aad\u0abe\u0ab0\u0ab8\u0acd\u0aa4\u0ac1\u0aa4\u0abf \u0ab8\u0ab9\u0abf\u0aa4 \u0aa4\u0aae\u0abe\u0ab0\u0ac0 \u0a85\u0ab0\u0a9c\u0acb \u0aa6\u0ac7\u0ab5\u0aa8\u0ac7 \u0a9c\u0aa3\u0abe\u0ab5\u0acb."},{"Verseid":"49003006","Verse":"\u0aaa\u0acd\u0ab0\u0aad\u0ac1\u0aa8\u0ac0 \u0ab6\u0abe\u0a82\u0aa4\u0abf \u0a88\u0ab8\u0ac1 \u0a96\u0acd\u0ab0\u0abf\u0ab8\u0acd\u0aa4\u0aae\u0abe\u0a82 \u0aa4\u0aae\u0abe\u0ab0\u0abe \u0ab9\u0ac3\u0aa6\u0aaf \u0a85\u0aa8\u0ac7 \u0aae\u0aa8\u0aa8\u0ac1\u0a82 \u0ab0\u0a95\u0acd\u0ab7\u0aa3 \u0a95\u0ab0\u0ab6\u0ac7. \u0aa4\u0ac7 \u0ab6\u0abe\u0a82\u0aa4\u0abf \u0a8f\u0a9f\u0ab2\u0ac0 \u0aae\u0ab9\u0abe\u0aa8 \u0a9b\u0ac7 \u0a95\u0ac7 \u0a9c\u0ac7\u0aa8\u0ac7 \u0aaa\u0acd\u0ab0\u0aad\u0ac1\u0a8f \u0a86\u0aaa\u0ac7\u0ab2\u0ac0 \u0a9b\u0ac7 \u0a9c\u0ac7 \u0a86\u0aaa\u0aa3\u0ac7 \u0ab8\u0aae\u0a9c\u0ac0 \u0ab6\u0a95\u0ac0\u0a8f \u0aa4\u0ac7\u0aae \u0aa8\u0aa5\u0ac0."},{"Verseid":"49003007","Verse":"\u0aad\u0abe\u0a88\u0a93 \u0a85\u0aa8\u0ac7 \u0aac\u0ab9\u0ac7\u0aa8\u0acb, \u0a9c\u0ac7 \u0ab5\u0ab8\u0acd\u0aa4\u0ac1 \u0ab8\u0abe\u0ab0\u0ac0 \u0a9b\u0ac7 \u0a85\u0aa8\u0ac7 \u0aa7\u0aa8\u0acd\u0aaf\u0ab5\u0abe\u0aa6\u0aa8\u0ac7 \u0aaa\u0abe\u0aa4\u0acd\u0ab0 \u0a9b\u0ac7 \u0aa4\u0ac7\u0aa8\u0abe \u0ab5\u0abf\u0ab7\u0ac7 \u0ab5\u0abf\u0a9a\u0abe\u0ab0\u0ab5\u0abe\u0aa8\u0ac1\u0a82 \u0a9a\u0abe\u0ab2\u0ac1 \u0ab0\u0abe\u0a96\u0acb, \u0a9c\u0ac7 \u0ab5\u0ab8\u0acd\u0aa4\u0ac1\u0a93 \u0ab8\u0aa4\u0acd\u0aaf \u0a9b\u0ac7, \u0ab8\u0aa8\u0acd\u0aae\u0abe\u0aa8\u0ac0\u0aaf \u0a9b\u0ac7, \u0aaf\u0aa5\u0abe\u0ab0\u0acd\u0aa5 \u0a85\u0aa8\u0ac7 \u0ab6\u0ac1\u0aa6\u0acd\u0aa7 \u0a9b\u0ac7, \u0ab8\u0ac1\u0a82\u0aa6\u0ab0 \u0a85\u0aa8\u0ac7 \u0a86\u0aa6\u0ab0\u0aa3\u0ac0\u0aaf \u0a9b\u0ac7 \u0aa4\u0ac7\u0aa8\u0acb \u0a9c \u0ab5\u0abf\u0a9a\u0abe\u0ab0 \u0a95\u0ab0\u0acb."},{"Verseid":"49003008","Verse":"\u0aa4\u0aae\u0ac7 \u0aae\u0abe\u0ab0\u0abe \u0aa6\u0acd\u0ab5\u0abe\u0ab0\u0abe \u0ab6\u0ac0\u0a96\u0ac7\u0ab2\u0abe \u0a85\u0aa8\u0ac7 \u0aae\u0ac7\u0ab3\u0ab5\u0ac7\u0ab2\u0abe\u0a82 \u0a95\u0abe\u0ab0\u0acd\u0aaf \u0a95\u0ab0\u0acb. \u0aae\u0ac7\u0a82 \u0aa4\u0aae\u0aa8\u0ac7 \u0a95\u0ab9\u0ac7\u0ab2\u0ac1\u0a82 \u0a85\u0aa8\u0ac7 \u0aa4\u0aae\u0ac7 \u0a9c\u0ac7 \u0a95\u0ab0\u0aa4\u0abe \u0aae\u0aa8\u0ac7 \u0a9c\u0acb\u0aaf\u0acb \u0aa4\u0ac7 \u0ab8\u0ab0\u0acd\u0ab5 \u0a95\u0ab0\u0acb. \u0a85\u0aa8\u0ac7 \u0ab6\u0abe\u0a82\u0aa4\u0abf\u0aa8\u0acb \u0aa6\u0ac7\u0ab5 \u0aa4\u0aae\u0abe\u0ab0\u0ac0 \u0ab8\u0abe\u0aa5\u0ac7 \u0ab0\u0ab9\u0ac7\u0ab6\u0ac7."},{"Verseid":"49003009","Verse":"\u0ab9\u0ac1\u0a82 \u0aaa\u0acd\u0ab0\u0aad\u0ac1\u0aae\u0abe\u0a82 \u0a98\u0aa3\u0acb \u0a86\u0aa8\u0a82\u0aa6\u0ac0\u0aa4 \u0a9b\u0ac1\u0a82 \u0a95\u0ac7 \u0aab\u0ab0\u0ac0\u0aa5\u0ac0 \u0aa4\u0aae\u0ac7 \u0aae\u0abe\u0ab0\u0ac0 \u0ab8\u0a82\u0aad\u0abe\u0ab3 \u0ab2\u0acb \u0a9b\u0acb. \u0aa4\u0aae\u0ac7 \u0ab9\u0aae\u0ac7\u0ab6\u0abe \u0aae\u0abe\u0ab0\u0ac0 \u0ab8\u0a82\u0aad\u0abe\u0ab3 \u0ab2\u0ac0\u0aa7\u0ac0 \u0a9b\u0ac7, \u0aaa\u0ab0\u0a82\u0aa4\u0ac1 \u0aa4\u0ac7 \u0aa6\u0ab0\u0acd\u0ab6\u0abe\u0ab5\u0ac0 \u0ab6\u0a95\u0abe\u0a88 \u0aa8\u0aa5\u0ac0."},{"Verseid":"49003010","Verse":"\u0aae\u0abe\u0ab0\u0ac7 \u0a95\u0ab6\u0abe\u0aa8\u0ac0 \u0a9c\u0ab0\u0ac2\u0ab0 \u0a9b\u0ac7 \u0aa4\u0ac7\u0aa5\u0ac0 \u0ab9\u0ac1\u0a82 \u0aa4\u0aae\u0aa8\u0ac7 \u0a86\u0aae \u0aa8\u0aa5\u0ac0 \u0a95\u0ab9\u0ac7\u0aa4\u0acb, \u0aae\u0abe\u0ab0\u0ac0 \u0aaa\u0abe\u0ab8\u0ac7 \u0a9c\u0ac7 \u0a95\u0a88 \u0a9b\u0ac7 \u0a85\u0aa8\u0ac7 \u0a9c\u0ac7 \u0a95\u0a88 \u0aac\u0aa8\u0ac0 \u0ab0\u0ab9\u0acd\u0aaf\u0ac1 \u0a9b\u0ac7, \u0aa4\u0ac7\u0aa8\u0abe\u0aa5\u0ac0 \u0ab8\u0a82\u0aa4\u0acb\u0ab7 \u0aae\u0ac7\u0ab3\u0ab5\u0ab5\u0abe\u0aa8\u0ac1\u0a82 \u0ab9\u0ac1\u0a82 \u0ab6\u0ac0\u0a96\u0acd\u0aaf\u0acb \u0a9b\u0ac1."},{"Verseid":"49003011","Verse":"\u0aa6\u0ab0\u0abf\u0aa6\u0acd\u0ab0\u0ac0 \u0a85\u0aa8\u0ac7 \u0ab8\u0aae\u0ac3\u0aa6\u0acd\u0aa7 \u0aac\u0aa8\u0ac7 \u0a85\u0ab5\u0ab8\u0acd\u0aa5\u0abe\u0a93\u0aae\u0abe\u0a82 \u0a95\u0ac7\u0ab5\u0ac0 \u0ab0\u0ac0\u0aa4\u0ac7 \u0a9c\u0ac0\u0ab5\u0ab5\u0ac1\u0a82 \u0aa4\u0ac7 \u0ab9\u0ac1\u0a82 \u0a9c\u0abe\u0aa3\u0ac1\u0a82 \u0a9b\u0ac1\u0a82, \u0a95\u0acb\u0a88 \u0aaa\u0aa3 \u0ab5\u0a96\u0aa4\u0ac7 \u0a85\u0aa8\u0ac7 \u0a97\u0aae\u0ac7 \u0aa4\u0ac7\u0ab5\u0abe \u0ab8\u0a82\u0a9c\u0acb\u0a97\u0acb\u0aae\u0abe\u0a82 \u0a86\u0aa8\u0a82\u0aa6\u0ac0 \u0ab0\u0ab9\u0ac7\u0ab5\u0abe\u0aa8\u0ac1\u0a82 \u0ab6\u0ac0\u0a96\u0acd\u0aaf\u0acb \u0a9b\u0ac1\u0a82. \u0aae\u0abe\u0ab0\u0ac0 \u0aaa\u0abe\u0ab8\u0ac7 \u0a96\u0abe\u0ab5\u0abe\u0aa8\u0ac7 \u0aaa\u0ac2\u0ab0\u0aa4\u0ac1\u0a82 \u0ab9\u0acb\u0aaf \u0a95\u0ac7 \u0aa8 \u0ab9\u0acb\u0aaf, \u0a86\u0aa8\u0a82\u0aa6\u0ac0 \u0ab0\u0ab9\u0ac7\u0ab5\u0abe\u0aa8\u0ac1\u0a82 \u0ab9\u0ac1\u0a82 \u0ab6\u0ac0\u0a96\u0acd\u0aaf\u0acb \u0a9b\u0ac1\u0a82. \u0aae\u0aa8\u0ac7 \u0a9c\u0ab0\u0ac2\u0ab0\u0ac0 \u0aac\u0aa7\u0ac0 \u0a9c \u0ab5\u0ab8\u0acd\u0aa4\u0ac1\u0a93 \u0aae\u0abe\u0ab0\u0ac0 \u0aaa\u0abe\u0ab8\u0ac7 \u0ab9\u0acb\u0aaf \u0a95\u0ac7 \u0aa8\u0abe \u0ab9\u0acb\u0aaf, \u0ab9\u0ac1\u0a82 \u0a86\u0aa8\u0a82\u0aa6\u0ac0 \u0ab0\u0ab9\u0ac7\u0ab5\u0abe\u0aa8\u0ac1\u0a82 \u0a9c\u0abe\u0aa3\u0ac1\u0a82 \u0a9b\u0ac1\u0a82."},{"Verseid":"49003012","Verse":"\u0a96\u0acd\u0ab0\u0abf\u0ab8\u0acd\u0aa4\u0aa8\u0ac7 \u0a95\u0abe\u0ab0\u0aa3\u0ac7 \u0a86 \u0aac\u0aa7\u0ac1\u0a82 \u0ab9\u0ac1\u0a82 \u0a95\u0ab0\u0ac0 \u0ab6\u0a95\u0ac1\u0a82 \u0a9b\u0ac1\u0a82, \u0a95\u0abe\u0ab0\u0aa3 \u0a95\u0ac7 \u0aa4\u0ac7 \u0aae\u0aa8\u0ac7 \u0a86\u0aae \u0a95\u0ab0\u0ab5\u0abe\u0aa8\u0ac1\u0a82 \u0ab8\u0abe\u0ab0\u0acd\u0aae\u0aa5\u0acd\u0aaf \u0a86\u0aaa\u0ac7 \u0a9b\u0ac7."},{"Verseid":"49003013","Verse":"\u0aaa\u0ab0\u0a82\u0aa4\u0ac1 \u0a9c\u0acd\u0aaf\u0abe\u0ab0\u0ac7 \u0aae\u0abe\u0ab0\u0ac7 \u0aae\u0ac1\u0ab6\u0acd\u0a95\u0ac7\u0ab2\u0ac0\u0a93 \u0ab9\u0aa4\u0ac0 \u0aa4\u0acd\u0aaf\u0abe\u0ab0\u0ac7 \u0aa4\u0aae\u0ac7 \u0aae\u0aa8\u0ac7 \u0aae\u0aa6\u0aa6 \u0a95\u0ab0\u0ac0 \u0aa4\u0ac7 \u0a98\u0aa3\u0ac1\u0a82 \u0ab8\u0abe\u0ab0\u0ac1\u0a82 \u0a9b\u0ac7."},{"Verseid":"49003014","Verse":"\u0aa4\u0aae\u0ac7 \u0aab\u0abf\u0ab2\u0abf\u0aaa\u0acd\u0aaa\u0ac0\u0aa8\u0abe \u0ab2\u0acb\u0a95\u0acb \u0aaf\u0abe\u0aa6 \u0a95\u0ab0\u0acb \u0a9c\u0acd\u0aaf\u0abe\u0ab0\u0ac7 \u0aae\u0ac7\u0a82 \u0aa4\u0acd\u0aaf\u0abe\u0a82 \u0ab8\u0ac1\u0ab5\u0abe\u0ab0\u0acd\u0aa4\u0abe \u0a86\u0aaa\u0ab5\u0abe\u0aa8\u0ac0 \u0ab6\u0ab0\u0ac2\u0a86\u0aa4 \u0a95\u0ab0\u0ac7\u0ab2\u0ac0. \u0aae\u0ac7\u0a82 \u0a9c\u0acd\u0aaf\u0abe\u0ab0\u0ac7 \u0aae\u0a95\u0aa6\u0acb\u0aa8\u0abf\u0aaf\u0abe \u0a9b\u0acb\u0aa1\u0acd\u0aaf\u0ac1\u0a82 \u0aa4\u0acd\u0aaf\u0abe\u0ab0\u0ac7 \u0aa4\u0aae\u0abe\u0ab0\u0ac0 \u0a8f\u0a95 \u0a9c \u0aae\u0a82\u0aa1\u0ab3\u0ac0 \u0a8f\u0ab5\u0ac0 \u0ab9\u0aa4\u0ac0 \u0a95\u0ac7 \u0a9c\u0ac7\u0aa3\u0ac7 \u0aae\u0aa8\u0ac7 \u0aae\u0aa6\u0aa6 \u0a95\u0ab0\u0ac0."},{"Verseid":"49003015","Verse":"\u0ab9\u0ac1\u0a82 \u0a9c\u0acd\u0aaf\u0abe\u0ab0\u0ac7 \u0aa5\u0ac7\u0ab8\u0acd\u0ab8\u0abe\u0ab2\u0acb\u0aa8\u0abf\u0a95\u0abe\u0aae\u0abe\u0a82 \u0ab9\u0aa4\u0acb \u0aa4\u0acd\u0aaf\u0abe\u0ab0\u0ac7 \u0aae\u0abe\u0ab0\u0ac7 \u0a9c\u0ab0\u0ac2\u0ab0\u0ac0 \u0ab5\u0ab8\u0acd\u0aa4\u0ac1\u0a93 \u0aa4\u0aae\u0ac7 \u0aae\u0aa8\u0ac7 \u0a98\u0aa3\u0ac0\u0ab5\u0abe\u0ab0 \u0aae\u0acb\u0a95\u0ab2\u0ac0."},{"Verseid":"49003016","Verse":"\u0aae\u0abe\u0ab0\u0ac7 \u0a96\u0ab0\u0ac7\u0a96\u0ab0 \u0aa4\u0aae\u0abe\u0ab0\u0abe \u0aa4\u0ab0\u0aab\u0aa5\u0ac0 \u0aa6\u0abe\u0aa8 \u0aa8\u0aa5\u0ac0 \u0a9c\u0acb\u0a88\u0aa4\u0ac1\u0a82. \u0aaa\u0ab0\u0a82\u0aa4\u0ac1 \u0a86\u0aaa\u0ab5\u0abe\u0aa5\u0ac0 \u0a9c\u0ac7 \u0ab8\u0abe\u0ab0\u0ac1\u0a82 \u0aa5\u0abe\u0aaf \u0a9b\u0ac7 \u0aa4\u0ac7 \u0aa4\u0aae\u0aa8\u0ac7 \u0aae\u0ab3\u0acb \u0aa4\u0ac7\u0aae \u0ab9\u0ac1\u0a82 \u0a88\u0a9a\u0acd\u0a9b\u0ac1 \u0a9b\u0ac1\u0a82."},{"Verseid":"49003017","Verse":"\u0aae\u0abe\u0ab0\u0ac0 \u0aaa\u0abe\u0ab8\u0ac7 \u0a9c\u0ab0\u0ac2\u0ab0 \u0a95\u0ab0\u0aa4\u0abe\u0a82 \u0aaa\u0aa3 \u0ab5\u0aa7\u0abe\u0ab0\u0ac7 \u0a9b\u0ac7. \u0aae\u0abe\u0ab0\u0ac7 \u0a9c\u0ab0\u0ac2\u0ab0\u0ac0 \u0aac\u0aa7\u0ac0 \u0ab5\u0ab8\u0acd\u0aa4\u0ac1\u0a93 \u0a9b\u0ac7 \u0a95\u0abe\u0ab0\u0aa3 \u0a95\u0ac7 \u0a8f\u0aaa\u0abe\u0aab\u0aa6\u0abf\u0aa4\u0ab8 \u0aa4\u0aae\u0ac7 \u0a86\u0aaa\u0ac7\u0ab2 \u0aa6\u0abe\u0aa8 \u0ab2\u0abe\u0ab5\u0acd\u0aaf\u0acb \u0ab9\u0aa4\u0acb. \u0aa4\u0aae\u0abe\u0ab0\u0ac1\u0a82 \u0aa6\u0abe\u0aa8 \u0aa6\u0ac7\u0ab5\u0aa8\u0ac7 \u0a98\u0ab0\u0ac7\u0ab2\u0ac1\u0a82 \u0aae\u0aa7\u0ac1\u0ab0 \u0aae\u0ab9\u0ac7\u0a95\u0aa4\u0abe \u0a85\u0ab0\u0acd\u0aaa\u0aa3 \u0a9c\u0ac7\u0ab5\u0ac1\u0a82 \u0a9b\u0ac7. \u0aa6\u0ac7\u0ab5\u0ac7 \u0aa4\u0ac7 \u0a85\u0ab0\u0acd\u0aaa\u0aa3 \u0ab8\u0acd\u0ab5\u0ac0\u0a95\u0abe\u0ab0\u0acd\u0aaf\u0ac1 \u0a85\u0aa8\u0ac7 \u0aaa\u0acd\u0ab0\u0ab8\u0aa8\u0acd\u0aa8 \u0aa5\u0aaf\u0acb."},{"Verseid":"49003018","Verse":"\u0a96\u0acd\u0ab0\u0abf\u0ab8\u0acd\u0aa4 \u0a88\u0ab8\u0ac1\u0aa8\u0abe \u0aae\u0ab9\u0abf\u0aae\u0abe\u0aa5\u0ac0 \u0aae\u0abe\u0ab0\u0acb \u0aa6\u0ac7\u0ab5 \u0a98\u0aa3\u0acb \u0ab8\u0aae\u0ac3\u0aa6\u0acd\u0aa7 \u0aa5\u0aaf\u0acb \u0a9b\u0ac7. \u0aaa\u0ab0\u0a82\u0aa4\u0ac1 \u0a96\u0acd\u0ab0\u0abf\u0ab8\u0acd\u0aa4 \u0a88\u0ab8\u0ac1\u0aae\u0abe\u0a82 \u0aa4\u0ac7\u0aa8\u0ac0 \u0ab8\u0aae\u0ac3\u0aa6\u0acd\u0aa7\u0abf\u0aa8\u0acb \u0a89\u0aaa\u0aaf\u0acb\u0a97 \u0aa4\u0aae\u0aa8\u0ac7 \u0a9c\u0ab0\u0ac2\u0ab0\u0ac0 \u0aac\u0aa7\u0ac0 \u0ab5\u0ab8\u0acd\u0aa4\u0ac1\u0a93 \u0a86\u0aaa\u0ab5\u0abe\u0aae\u0abe\u0a82 \u0a95\u0ab0\u0ab6\u0ac7."},{"Verseid":"49003019","Verse":"\u0a86\u0aaa\u0aa3\u0abe \u0aa6\u0ac7\u0ab5 \u0a85\u0aa8\u0ac7 \u0aac\u0abe\u0aaa\u0aa8\u0ac7 \u0ab8\u0ab0\u0acd\u0ab5\u0a95\u0abe\u0ab3 \u0aae\u0ab9\u0abf\u0aae\u0abe \u0ab9\u0acb. \u0a86\u0aae\u0ac0\u0aa8."},{"Verseid":"49003020","Verse":"\u0a96\u0acd\u0ab0\u0abf\u0ab8\u0acd\u0aa4 \u0a88\u0ab8\u0ac1\u0aae\u0abe\u0a82 \u0aa6\u0ac7\u0ab5\u0aa8\u0abe \u0aac\u0aa7\u0abe \u0a9c \u0ab8\u0a82\u0aa4\u0acb\u0aa8\u0ac7 \u0ab8\u0ab2\u0abe\u0aae \u0a95\u0ab9\u0ac7\u0a9c\u0acb. \u0aae\u0abe\u0ab0\u0ac0 \u0ab8\u0abe\u0aa5\u0ac7 \u0a9c\u0ac7 \u0aad\u0abe\u0a88\u0a93 \u0a9b\u0ac7 \u0aa4\u0ac7\u0a93 \u0aa4\u0aae\u0aa8\u0ac7 \u0a95\u0acd\u0ab7\u0ac7\u0aae\u0a95\u0ac1\u0ab6\u0ab3 \u0a95\u0ab9\u0ac7 \u0a9b\u0ac7."},{"Verseid":"49003021","Verse":"\u0aa6\u0ac7\u0ab5\u0aa8\u0abe \u0aac\u0aa7\u0abe \u0a9c \u0ab8\u0a82\u0aa4\u0acb \u0a9c\u0ac7 \u0aae\u0abe\u0ab0\u0ac0 \u0ab8\u0abe\u0aa5\u0ac7 \u0a9b\u0ac7 \u0aa4\u0ac7\u0a93 \u0aa4\u0aae\u0aa8\u0ac7 \u0a95\u0acd\u0ab7\u0ac7\u0aae\u0a95\u0ac1\u0ab6\u0ab3 \u0a95\u0ab9\u0ac7 \u0a9b\u0ac7. \u0aac\u0aa7\u0abe \u0ab8\u0a82\u0aa4\u0acb\u0aa8\u0ac7 \u0a85\u0aa8\u0ac7 \u0a95\u0ac8\u0ab8\u0ab0\u0aa8\u0abe \u0a98\u0ab0\u0aa8\u0abe\u0a82 \u0aac\u0aa7\u0abe \u0ab5\u0abf\u0ab6\u0acd\u0ab5\u0abe\u0ab8\u0ac0\u0a93 \u0aa4\u0aae\u0aa8\u0ac7 \u0a95\u0acd\u0ab7\u0ac7\u0aae\u0a95\u0ac1\u0ab6\u0ab3 \u0a95\u0ab9\u0ac7 \u0a9b\u0ac7."},{"Verseid":"49003022","Verse":"\u0aaa\u0acd\u0ab0\u0aad\u0ac1 \u0a88\u0ab8\u0ac1 \u0a96\u0acd\u0ab0\u0abf\u0ab8\u0acd\u0aa4\u0aa8\u0ac0 \u0a95\u0ac3\u0aaa\u0abe (\u0aa6\u0aaf\u0abe) \u0aa4\u0aae\u0abe\u0ab0\u0ac0 \u0ab8\u0abe\u0aa5\u0ac7 \u0ab0\u0ab9\u0acb. \u0a86\u0aae\u0ac0\u0aa8 \ufeff"}]}]}