{"Chapter":[{"Verse":[{"Verseid":"50000000","Verse":"\u0a96\u0acd\u0ab0\u0abf\u0ab8\u0acd\u0aa4 \u0a88\u0ab8\u0ac1\u0aa8\u0abe \u0aaa\u0acd\u0ab0\u0ac7\u0ab0\u0abf\u0aa4 \u0aaa\u0abe\u0a89\u0ab2 \u0aa4\u0ab0\u0aab\u0aa5\u0ac0 \u0a95\u0ac1\u0ab6\u0ab3\u0aa4\u0abe \u0ab9\u0ac1\u0a82 \u0aaa\u0acd\u0ab0\u0ac7\u0ab0\u0abf\u0aa4 \u0a9b\u0ac1\u0a82. \u0a95\u0abe\u0ab0\u0aa3 \u0a95\u0ac7 \u0aa6\u0ac7\u0ab5 \u0a9c \u0aa4\u0ac7\u0aae \u0a88\u0a9a\u0acd\u0a9b\u0aa4\u0acb \u0ab9\u0aa4\u0acb. \u0a96\u0acd\u0ab0\u0abf\u0ab8\u0acd\u0aa4\u0aae\u0abe\u0a82 \u0a86\u0aaa\u0aa3\u0abe \u0aad\u0abe\u0a88 \u0aa4\u0abf\u0aae\u0acb\u0aa5\u0ac0 \u0aa4\u0ab0\u0aab\u0aa5\u0ac0 \u0aaa\u0aa3 \u0ab8\u0ab2\u0abe\u0aae."},{"Verseid":"50000001","Verse":"\u0a95\u0ab2\u0acb\u0ab8\u0acd\u0ab8\u0abe\u0aae\u0abe\u0a82 \u0ab0\u0ab9\u0ac7\u0aa4\u0abe \u0a96\u0acd\u0ab0\u0abf\u0ab8\u0acd\u0aa4\u0aae\u0abe\u0a82 \u0a86\u0aaa\u0aa3\u0abe \u0aaa\u0ab5\u0abf\u0aa4\u0acd\u0ab0 \u0a85\u0aa8\u0ac7 \u0ab5\u0abf\u0ab6\u0acd\u0ab5\u0abe\u0ab8\u0ac1 \u0aad\u0abe\u0a88\u0a93 \u0a85\u0aa8\u0ac7 \u0aac\u0ab9\u0ac7\u0aa8\u0acb\u0aa8\u0ac7 \u0a86\u0aaa\u0aa3\u0abe \u0aa6\u0ac7\u0ab5 \u0aac\u0abe\u0aaa \u0aa4\u0ab0\u0aab\u0aa5\u0ac0 \u0a95\u0ac3\u0aaa\u0abe \u0aa4\u0aa5\u0abe \u0ab6\u0abe\u0a82\u0aa4\u0abf \u0aaa\u0acd\u0ab0\u0abe\u0aaa\u0acd\u0aa4 \u0aa5\u0abe\u0a93."},{"Verseid":"50000002","Verse":"\u0ab9\u0a82\u0aae\u0ac7\u0ab6\u0abe \u0a85\u0aae\u0ac7 \u0a85\u0aae\u0abe\u0ab0\u0ac0 \u0aaa\u0acd\u0ab0\u0abe\u0ab0\u0acd\u0aa5\u0aa8\u0abe\u0aae\u0abe\u0a82 \u0aa4\u0aae\u0abe\u0ab0\u0ac7 \u0ab8\u0abe\u0ab0\u0ac1\u0a82 \u0aa6\u0ac7\u0ab5\u0aa8\u0acb \u0a86\u0aad\u0abe\u0ab0 \u0aae\u0abe\u0aa8\u0ac0\u0a8f \u0a9b\u0ac0\u0a8f. \u0aa6\u0ac7\u0ab5 \u0a86\u0aaa\u0aa3\u0abe \u0aaa\u0acd\u0ab0\u0aad\u0ac1 \u0a88\u0ab8\u0ac1 \u0a96\u0acd\u0ab0\u0abf\u0ab8\u0acd\u0aa4\u0aa8\u0acb \u0aac\u0abe\u0aaa \u0a9b\u0ac7."},{"Verseid":"50000003","Verse":"\u0a85\u0aae\u0ac7 \u0aa6\u0ac7\u0ab5\u0aa8\u0acb \u0a86\u0aad\u0abe\u0ab0 \u0aae\u0abe\u0aa8\u0ac0\u0a8f \u0a9b\u0ac0\u0a8f \u0a95\u0abe\u0ab0\u0aa3 \u0a95\u0ac7 \u0aa4\u0aae\u0ac7 \u0a9c\u0ac7 \u0ab5\u0abf\u0ab6\u0acd\u0ab5\u0abe\u0ab8 \u0a96\u0acd\u0ab0\u0abf\u0ab8\u0acd\u0aa4 \u0a88\u0ab8\u0ac1\u0aae\u0abe\u0a82 \u0aa7\u0ab0\u0abe\u0ab5\u0acb \u0a9b\u0acb \u0a85\u0aa8\u0ac7 \u0aa6\u0ac7\u0ab5\u0aa8\u0abe \u0ab8\u0ab0\u0acd\u0ab5 \u0ab8\u0a82\u0aa4\u0acb \u0aae\u0abe\u0a9f\u0ac7 \u0aa4\u0aae\u0aa8\u0ac7 \u0a9c\u0ac7 \u0aaa\u0acd\u0ab0\u0ac7\u0aae \u0a9b\u0ac7 \u0aa4\u0ac7\u0aa8\u0abe \u0ab5\u0abf\u0ab7\u0ac7 \u0a85\u0aae\u0ac7 \u0ab8\u0abe\u0aad\u0a82\u0ab3\u0acd\u0aaf\u0ac1\u0a82 \u0a9b\u0ac7."},{"Verseid":"50000004","Verse":"\u0aa4\u0aae\u0aa8\u0ac7 \u0a96\u0acd\u0ab0\u0abf\u0ab8\u0acd\u0aa4\u0aae\u0abe\u0a82 \u0ab5\u0abf\u0ab6\u0acd\u0ab5\u0abe\u0ab8 \u0a9b\u0ac7. \u0aa4\u0aae\u0abe\u0ab0\u0ac0 \u0a86\u0ab6\u0abe\u0aa8\u0ac7 \u0a95\u0abe\u0ab0\u0aa3\u0ac7 \u0aa4\u0aae\u0ac7 \u0aa6\u0ac7\u0ab5\u0aa8\u0abe \u0ab8\u0a82\u0aa4\u0acb\u0aa8\u0ac7 \u0aaa\u0acd\u0ab0\u0ac7\u0aae \u0a95\u0ab0\u0acb \u0a9b\u0acb. \u0aa4\u0aae\u0ac7 \u0a9c\u0abe\u0aa3\u0acb \u0a9b\u0acb \u0a95\u0ac7 \u0a9c\u0ac7 \u0ab5\u0ab8\u0acd\u0aa4\u0ac1\u0aa8\u0ac0 \u0aa4\u0aae\u0ac7 \u0a86\u0ab6\u0abe \u0ab0\u0abe\u0a96\u0acb \u0a9b\u0acb, \u0aa4\u0ac7 \u0a86\u0a95\u0abe\u0ab6\u0aae\u0abe\u0a82 \u0ab8\u0ab2\u0abe\u0aae\u0aa4 \u0a9b\u0ac7. \u0aa4\u0aae\u0ac7 \u0aa4\u0ac7\u0aa8\u0ac0 \u0a86\u0ab6\u0abe \u0a9c\u0abe\u0aa3\u0ab5\u0abe \u0a86\u0ab5\u0acd\u0aaf\u0abe \u0a9b\u0acb. \u0a9c\u0acd\u0aaf\u0abe\u0ab0\u0ac7 \u0aa4\u0aae\u0ac7 \u0ab8\u0aa4\u0acd\u0aaf\u0aa8\u0abe \u0a89\u0aaa\u0aa6\u0ac7\u0ab6\u0aa8\u0ac7 \u0ab8\u0abe\u0a82\u0aad\u0ab3\u0acd\u0aaf\u0acb, \u0ab8\u0aa4\u0acd\u0aaf \u0ab8\u0a82\u0aa6\u0ac7\u0ab6 \u0a8f \u0a9c \u0ab8\u0ac1\u0ab0\u0acd\u0ab5\u0abe\u0aa4\u0abe \u0a9b\u0ac7."},{"Verseid":"50000005","Verse":"\u0a9c\u0acd\u0aaf\u0abe\u0ab0\u0ac7 \u0aa4\u0aae\u0aa8\u0ac7 \u0ab8\u0ac1\u0ab5\u0abe\u0ab0\u0acd\u0aa4\u0abe \u0a86\u0aaa\u0ab5\u0abe\u0aae\u0abe\u0a82 \u0a86\u0ab5\u0ac0 \u0aa4\u0acd\u0aaf\u0abe\u0ab0\u0ac7 \u0ab8\u0ac1\u0ab5\u0abe\u0ab0\u0acd\u0aa4\u0abe \u0a86\u0ab6\u0ac0\u0ab0\u0acd\u0ab5\u0abe\u0aa6 \u0ab5\u0ab0\u0ab8\u0abe\u0ab5\u0ac0 \u0ab0\u0ab9\u0ac0 \u0a9b\u0ac7. \u0a9c\u0acd\u0aaf\u0abe\u0ab0\u0ac7 \u0aa4\u0aae\u0ac7 \u0aa4\u0ac7 \u0ab8\u0ac1\u0ab5\u0abe\u0ab0\u0acd\u0aa4\u0abe \u0aaa\u0acd\u0ab0\u0aa5\u0aae \u0ab8\u0abe\u0a82\u0aad\u0ab3\u0ac0 \u0a85\u0aa8\u0ac7 \u0aa6\u0ac7\u0ab5\u0aa8\u0ac0 \u0a95\u0ac3\u0aaa\u0abe\u0aa8\u0ac0 (\u0aa6\u0aaf\u0abe) \u0ab8\u0aa4\u0acd\u0aaf\u0aa4\u0abe \u0aa4\u0aae\u0ac7 \u0ab8\u0aae\u0a9c\u0aaf\u0abe \u0aa4\u0ac7 \u0ab8\u0aae\u0aaf\u0ac7 \u0aaa\u0aa3 \u0a86\u0aae \u0a9c \u0aac\u0aa8\u0acd\u0aaf\u0ac1\u0a82 \u0ab9\u0aa4\u0ac1\u0a82."},{"Verseid":"50000006","Verse":"\u0a8f\u0aaa\u0abe\u0aab\u0acd\u0ab0\u0abe\u0ab8 \u0aaa\u0abe\u0ab8\u0ac7\u0aa5\u0ac0 \u0aa4\u0aae\u0ac7 \u0aa6\u0ac7\u0ab5\u0aa8\u0ac0 \u0a95\u0ac3\u0aaa\u0abe \u0ab5\u0abf\u0ab7\u0ac7 \u0a9c\u0abe\u0aa3\u0acd\u0aaf\u0ac1\u0a82. \u0a8f\u0aaa\u0abe\u0aab\u0acd\u0ab0\u0abe\u0ab8 \u0a85\u0aae\u0abe\u0ab0\u0ac0 \u0ab8\u0abe\u0aa5\u0ac7 \u0a9c \u0a95\u0abe\u0ab0\u0acd\u0aaf \u0a95\u0ab0\u0ac7 \u0a9b\u0ac7, \u0a85\u0aa8\u0ac7 \u0a85\u0aae\u0ac7 \u0aa4\u0ac7\u0aa8\u0ac7 \u0a9a\u0abe\u0ab9\u0ac0\u0a8f \u0a9b\u0ac0\u0a8f. \u0aa4\u0ac7 \u0a85\u0aae\u0abe\u0ab0\u0abe \u0aae\u0abe\u0a9f\u0ac7 \u0a96\u0acd\u0ab0\u0abf\u0ab8\u0acd\u0aa4\u0aa8\u0acb \u0ab5\u0abf\u0ab6\u0acd\u0ab5\u0abe\u0ab8\u0ac1 \u0ab8\u0ac7\u0ab5\u0a95 \u0a9b\u0ac7."},{"Verseid":"50000007","Verse":"\u0aaa\u0ab5\u0abf\u0aa4\u0acd\u0ab0 \u0a86\u0aa4\u0acd\u0aae\u0abe \u0aa4\u0ab0\u0aab\u0aa5\u0ac0 \u0aa4\u0aae\u0aa8\u0ac7 \u0a9c\u0ac7 \u0aaa\u0acd\u0ab0\u0ac7\u0aae \u0aaa\u0acd\u0ab0\u0abe\u0aaa\u0acd\u0aa4 \u0aa5\u0aaf\u0acb \u0a9b\u0ac7 \u0aa4\u0ac7 \u0aaa\u0aa3 \u0a8f\u0aaa\u0abe\u0aab\u0acd\u0ab0\u0abe\u0ab8\u0ac7 \u0a85\u0aae\u0aa8\u0ac7 \u0a9c\u0aa3\u0abe\u0ab5\u0acd\u0aaf\u0ac1\u0a82 \u0a9b\u0ac7."},{"Verseid":"50000008","Verse":"\u0a9c\u0ac7 \u0aa6\u0abf\u0ab5\u0ab8\u0aa5\u0ac0 \u0a85\u0aae\u0ac7 \u0a86 \u0aac\u0abe\u0aac\u0aa4\u0acb \u0aa4\u0aae\u0abe\u0ab0\u0abe \u0ab5\u0abf\u0ab7\u0ac7 \u0ab8\u0abe\u0a82\u0aad\u0ab3\u0ac0 \u0aa4\u0ac7 \u0aa6\u0abf\u0ab5\u0ab8\u0aa5\u0ac0 \u0aa4\u0aae\u0abe\u0ab0\u0ac7 \u0ab8\u0abe\u0ab0\u0ac1\u0a82 \u0aaa\u0acd\u0ab0\u0abe\u0ab0\u0acd\u0aa5\u0aa8\u0abe \u0a95\u0ab0\u0ac0\u0a8f \u0a9b\u0ac0\u0a8f. \u0a85\u0aae\u0ac7 \u0a86 \u0aac\u0abe\u0aac\u0aa4\u0acb \u0aae\u0abe\u0a9f\u0ac7 \u0aaa\u0acd\u0ab0\u0abe\u0ab0\u0acd\u0aa5\u0aa8\u0abe \u0a95\u0ab0\u0ac0\u0a8f \u0a9b\u0ac0\u0a8f:\u0a95\u0ac7 \u0aa4\u0aae\u0ac7 \u0ab8\u0ab0\u0acd\u0ab5 \u0a86\u0aa4\u0acd\u0aae\u0abf\u0a95 \u0ab8\u0aae\u0a9c\u0aa3 \u0aa4\u0aa5\u0abe \u0aac\u0ac1\u0aa6\u0acd\u0aa7\u0abf\u0aae\u0abe\u0a82 \u0aa6\u0ac7\u0ab5\u0aa8\u0ac0 \u0a88\u0a9a\u0acd\u0a9b\u0abe\u0aa8\u0abe \u0a9c\u0acd\u0a9e\u0abe\u0aa8\u0aa5\u0ac0 \u0aad\u0ab0\u0aaa\u0ac2\u0ab0 \u0aa5\u0abe\u0a93;"},{"Verseid":"50000009","Verse":"\u0aa4\u0aae\u0ac7 \u0a86 \u0aac\u0abe\u0aac\u0aa4\u0acb\u0aa8\u0acb \u0a9c\u0ac0\u0ab5\u0aa8\u0aae\u0abe\u0a82 \u0a8f \u0ab0\u0ac0\u0aa4\u0ac7 \u0a89\u0aaa\u0aaf\u0acb\u0a97 \u0a95\u0ab0\u0acb \u0a95\u0ac7 \u0a9c\u0ac7\u0aa5\u0ac0 \u0aaa\u0acd\u0ab0\u0aad\u0ac1 \u0aa4\u0ac7\u0aae\u0aa8\u0abe \u0ab5\u0aa1\u0ac7 \u0ab8\u0aae\u0acd\u0aae\u0abe\u0aa8\u0abf\u0aa4 \u0aa5\u0abe\u0aaf, \u0a85\u0aa8\u0ac7 \u0ab8\u0ab0\u0acd\u0ab5 \u0aaa\u0acd\u0ab0\u0a95\u0abe\u0ab0\u0ac7 \u0aa4\u0ac7\u0aa8\u0abe\u0aa5\u0ac0 \u0aa4\u0ac7 \u0aaa\u0acd\u0ab0\u0ab8\u0aa8\u0acd\u0aa8 \u0aa5\u0abe\u0aaf; \u0a95\u0ac7 \u0aa4\u0aae\u0ac7 \u0aa6\u0ab0\u0ac7\u0a95 \u0aaa\u0acd\u0ab0\u0a95\u0abe\u0ab0\u0aa8\u0abe \u0ab8\u0aa4\u0acd\u0a95\u0abe\u0ab0\u0acd\u0aaf\u0acb \u0a95\u0ab0\u0acb \u0a85\u0aa8\u0ac7 \u0aa6\u0ac7\u0ab5 \u0a85\u0a82\u0a97\u0ac7\u0aa8\u0abe \u0a9c\u0acd\u0a9e\u0abe\u0aa8\u0aae\u0abe\u0a82 \u0ab5\u0abf\u0a95\u0ab8\u0abf\u0aa4 \u0aa5\u0abe\u0ab5;"},{"Verseid":"50000010","Verse":"\u0aa6\u0ac7\u0ab5 \u0aa4\u0ac7\u0aa8\u0abe \u0aae\u0ab9\u0abf\u0aae\u0abe\u0aa8\u0abe \u0ab8\u0abe\u0ab0\u0acd\u0aae\u0aa5\u0acd\u0aaf \u0aaa\u0acd\u0ab0\u0aae\u0abe\u0aa3\u0ac7 \u0aa4\u0aae\u0aa8\u0ac7 \u0ab6\u0a95\u0acd\u0aa4\u0abf\u0ab6\u0abe\u0ab3\u0ac0 \u0aac\u0aa8\u0abe\u0ab5\u0ac7, \u0a9c\u0ac7\u0aa5\u0ac0 \u0a9c\u0acd\u0aaf\u0abe\u0ab0\u0ac7 \u0a86\u0aaa\u0aa4\u0acd\u0aa4\u0abf\u0a93 \u0a86\u0ab5\u0ac7 \u0aa4\u0acd\u0aaf\u0abe\u0ab0\u0ac7 \u0aa4\u0aae\u0ac7 \u0aa1\u0a97\u0ac0 \u0aa8 \u0a9c\u0abe\u0ab5 \u0a85\u0aa8\u0ac7 \u0ab8\u0ab9\u0aa8\u0ab6\u0ac0\u0ab2 \u0aac\u0aa8\u0acb.\u0aaa\u0a9b\u0ac0 \u0aa4\u0aae\u0aa8\u0ac7 \u0a86\u0aa8\u0a82\u0aa6 \u0aaa\u0acd\u0ab0\u0abe\u0aaa\u0acd\u0aa4 \u0aa5\u0ab6\u0ac7."},{"Verseid":"50000011","Verse":"\u0a85\u0aa8\u0ac7 (\u0aa6\u0ac7\u0ab5) \u0aac\u0abe\u0aaa\u0aa8\u0ac0 \u0a86\u0aad\u0abe\u0ab0\u0ab8\u0acd\u0aa4\u0ac1\u0aa4\u0abf \u0a95\u0ab0\u0acb. \u0a9c\u0ac7 \u0ab5\u0ab8\u0acd\u0aa4\u0ac1\u0a93 \u0aa4\u0ac7\u0aa3\u0ac7 \u0aa4\u0aae\u0abe\u0ab0\u0abe \u0aae\u0abe\u0a9f\u0ac7 \u0aa4\u0ac8\u0aaf\u0abe\u0ab0 \u0a95\u0ab0\u0ac0 \u0a9b\u0ac7, \u0aa4\u0ac7\u0aa8\u0ac7 \u0aaa\u0abe\u0aae\u0ab5\u0abe \u0aae\u0abe\u0a9f\u0ac7 \u0aa4\u0ac7\u0aa3\u0ac7 \u0a9c \u0aa4\u0aae\u0aa8\u0ac7 \u0aaf\u0acb\u0a97\u0acd\u0aaf \u0aac\u0aa8\u0abe\u0ab5\u0acd\u0aaf\u0abe \u0a9b\u0ac7. \u0aa4\u0ac7\u0aa3\u0ac7 \u0a86 \u0ab5\u0ab8\u0acd\u0aa4\u0ac1\u0a93 \u0aa4\u0ac7\u0aa8\u0abe \u0aac\u0aa7\u0abe \u0a9c \u0ab2\u0acb\u0a95\u0acb \u0aae\u0abe\u0a9f\u0ac7 \u0aac\u0aa8\u0abe\u0ab5\u0ac0 \u0a9b\u0ac7, \u0a95\u0ac7 \u0a9c\u0ac7 \u0ab2\u0acb\u0a95\u0acb \u0aaa\u0acd\u0ab0\u0a95\u0abe\u0ab6\u0aae\u0abe\u0a82 (\u0ab8\u0abe\u0ab0\u0ac1\u0a82) \u0a9c\u0ac0\u0ab5\u0ac7 \u0a9b\u0ac7."},{"Verseid":"50000012","Verse":"\u0aa6\u0ac7\u0ab5\u0ac7 \u0a86\u0aaa\u0aa3\u0aa8\u0ac7 \u0a85\u0a82\u0aa7\u0a95\u0abe\u0ab0\u0aa8\u0ac0 (\u0ab6\u0ac8\u0aa4\u0abe\u0aa8) \u0ab8\u0aa4\u0acd\u0aa4\u0abe\u0aae\u0abe\u0a82\u0aa5\u0ac0 \u0aae\u0ac1\u0a95\u0acd\u0aa4 \u0a95\u0ab0\u0acd\u0aaf\u0abe \u0a9b\u0ac7. \u0a85\u0aa8\u0ac7 \u0aa4\u0ac7 \u0a9c \u0a86\u0aaa\u0aa3\u0aa8\u0ac7 \u0aa4\u0ac7\u0aa8\u0abe \u0aaa\u0acd\u0ab0\u0abf\u0aaf \u0aaa\u0ac1\u0aa4\u0acd\u0ab0 (\u0a88\u0ab8\u0ac1) \u0aa8\u0abe \u0ab0\u0abe\u0a9c\u0acd\u0aaf\u0aae\u0abe\u0a82 \u0ab2\u0a88 \u0a86\u0ab5\u0acd\u0aaf\u0acb."},{"Verseid":"50000013","Verse":"\u0aaa\u0ac1\u0aa4\u0acd\u0ab0\u0a8f \u0a86\u0aaa\u0aa3\u0aa8\u0ac7 \u0a9b\u0acb\u0aa1\u0abe\u0ab5\u0ab5\u0abe \u0aae\u0abe\u0a9f\u0ac7 \u0a95\u0abf\u0aae\u0aa4 \u0a9a\u0ac1\u0a95\u0acd\u0ab5\u0ac0 \u0a9b\u0ac7. \u0aa4\u0ac7\u0aa8\u0abe\u0aae\u0abe\u0a82 \u0a9c \u0a86\u0aaa\u0aa3\u0aa8\u0ac7 \u0a86\u0aaa\u0aa3\u0abe \u0aaa\u0abe\u0aaa\u0acb\u0aa8\u0ac0 \u0aae\u0abe\u0aab\u0ac0 \u0aaa\u0acd\u0ab0\u0abe\u0aaa\u0acd\u0aa4 \u0aa5\u0a88 \u0a9b\u0ac7."},{"Verseid":"50000014","Verse":"\u0a95\u0acb\u0a88 \u0aaa\u0aa3 \u0ab5\u0acd\u0aaf\u0a95\u0acd\u0aa4\u0abf \u0aa6\u0ac7\u0ab5\u0aa8\u0ac7 \u0a9c\u0acb\u0a88 \u0ab6\u0a95\u0acd\u0aa4\u0ac0 \u0aa8\u0aa5\u0ac0. \u0aaa\u0ab0\u0a82\u0aa4\u0ac1 \u0a88\u0ab8\u0ac1 \u0aa6\u0ac7\u0ab5\u0aa8\u0ac0 \u0aaa\u0acd\u0ab0\u0aa4\u0abf\u0aae\u0abe\u0a82 \u0a9c \u0a9b\u0ac7. \u0a88\u0ab8\u0ac1 \u0a9c, \u0a9c\u0ac7 \u0aac\u0aa7\u0ac0 \u0ab5\u0ab8\u0acd\u0aa4\u0ac1\u0a93\u0aa8\u0ac1\u0a82 \u0ab8\u0ab0\u0acd\u0a9c\u0aa8 \u0a95\u0ab0\u0ab5\u0abe\u0aae\u0abe\u0a82 \u0a86\u0ab5\u0acd\u0aaf\u0ac1\u0a82 \u0a9b\u0ac7 \u0aa4\u0ac7\u0aa8\u0acb \u0ab6\u0abe\u0ab8\u0a95 \u0a9b\u0ac7."},{"Verseid":"50000015","Verse":"\u0aa4\u0ac7\u0aa8\u0abe \u0ab8\u0abe\u0ab0\u0acd\u0aae\u0aa5\u0acd\u0aaf \u0ab5\u0aa1\u0ac7 \u0aa6\u0ab0\u0ac7\u0a95 \u0ab5\u0ab8\u0acd\u0aa4\u0ac1\u0aa8\u0ac1\u0a82 \u0ab8\u0ab0\u0acd\u0a9c\u0aa8 \u0a95\u0ab0\u0ab5\u0abe\u0aae\u0abe\u0a82 \u0a86\u0ab5\u0acd\u0aaf\u0ac1\u0a82-\u0a86\u0a95\u0abe\u0ab6\u0aa8\u0ac0 \u0ab5\u0ab8\u0acd\u0aa4\u0ac1\u0a93, \u0aaa\u0ac3\u0aa5\u0acd\u0ab5\u0ac0\u0aa8\u0ac0 \u0ab5\u0ab8\u0acd\u0aa4\u0ac1\u0a93, \u0aa6\u0ac3\u0ab6\u0acd\u0aaf\u0aae\u0abe\u0aa8 \u0a85\u0aa8\u0ac7 \u0a85\u0aa6\u0ac3\u0ab6\u0acd\u0aaf \u0ab5\u0ab8\u0acd\u0aa4\u0ac1\u0a93, \u0ab8\u0aae\u0a97\u0acd\u0ab0 \u0a86\u0aa4\u0acd\u0aae\u0ac0\u0aaf \u0ab8\u0aa4\u0acd\u0aa4\u0abe, \u0a85\u0aa7\u0abf\u0a95\u0abe\u0ab0\u0ac0\u0a93, \u0aa6\u0ab0\u0ac7\u0a95 \u0ab5\u0ab8\u0acd\u0aa4\u0ac1\u0aa8\u0ac1\u0a82 \u0ab8\u0ab0\u0acd\u0a9c\u0aa8 \u0a96\u0acd\u0ab0\u0abf\u0ab8\u0acd\u0aa4 \u0aa6\u0acd\u0ab5\u0abe\u0ab0\u0abe \u0a85\u0aa8\u0ac7 \u0a96\u0acd\u0ab0\u0abf\u0ab8\u0acd\u0aa4 \u0aae\u0abe\u0a9f\u0ac7 \u0a9c \u0a95\u0ab0\u0ab5\u0abe\u0aae\u0abe\u0a82 \u0a86\u0ab5\u0acd\u0aaf\u0ac1\u0a82."},{"Verseid":"50000016","Verse":"\u0a95\u0acb\u0a88 \u0aaa\u0aa3 \u0ab5\u0ab8\u0acd\u0aa4\u0ac1\u0aa8\u0abe \u0ab8\u0ab0\u0acd\u0a9c\u0aa8 \u0aaa\u0ab9\u0ac7\u0ab2\u0abe \u0a96\u0acd\u0ab0\u0abf\u0ab8\u0acd\u0aa4 \u0ab9\u0aa4\u0acb. \u0a85\u0aa8\u0ac7 \u0aa4\u0ac7\u0aa8\u0abe \u0a9c \u0a95\u0abe\u0ab0\u0aa3\u0ac7 \u0aa6\u0ab0\u0ac7\u0a95 \u0ab5\u0ab8\u0acd\u0aa4\u0ac1\u0aae\u0abe\u0a82 \u0ab8\u0abe\u0aa4\u0aa4\u0acd\u0aaf \u0a9b\u0ac7."},{"Verseid":"50000017","Verse":"\u0a96\u0acd\u0ab0\u0abf\u0ab8\u0acd\u0aa4 \u0aa4\u0acb \u0ab6\u0ab0\u0ac0\u0ab0\u0aa8\u0ac1\u0a82 \u0a8f\u0a9f\u0ab2\u0ac7 \u0aae\u0a82\u0aa1\u0ab3\u0ac0\u0aa8\u0ac1\u0a82 \u0ab6\u0abf\u0ab0 \u0a9b\u0ac7. \u0aa4\u0ac7 \u0a86\u0ab0\u0a82\u0aad, \u0a8f\u0a9f\u0ab2\u0ac7 \u0aae\u0ac2\u0a8f\u0ab2\u0abe\u0a82\u0a93\u0aae\u0abe\u0a82\u0aa5\u0ac0 \u0aaa\u0acd\u0ab0\u0aa5\u0aae \u0a8a\u0aa0\u0ac7\u0ab2\u0acb \u0a9b\u0ac7; \u0a95\u0ac7 \u0a9c\u0ac7\u0aa5\u0ac0 \u0ab8\u0a98\u0ab3\u0abe\u0aae\u0abe\u0a82 \u0aa4\u0ac7 \u0ab6\u0acd\u0ab0\u0ac7\u0ab7\u0acd\u0aa0 \u0aa5\u0abe\u0aaf."},{"Verseid":"50000018","Verse":"\u0a95\u0ac7\u0aae \u0a95\u0ac7 \u0aa4\u0ac7\u0aa8\u0abe\u0aae\u0abe\u0a82 \u0ab8\u0ab0\u0acd\u0ab5 \u0aaa\u0acd\u0ab0\u0a95\u0abe\u0ab0\u0aa8\u0ac0 \u0ab8\u0a82\u0aaa\u0ac2\u0ab0\u0acd\u0aa3\u0aa4\u0abe \u0ab0\u0ab9\u0ac7 \u0a8f\u0aae \u0aac\u0abe\u0aaa\u0aa8\u0ac7 \u0aaa\u0ab8\u0a82\u0aa6 \u0aaa\u0aa1\u0aaf\u0ac1\u0a82; \u0aa4\u0ac7\u0aa8\u0ac1 \u0aaa\u0acb\u0aa4\u0abe\u0aa8\u0ac1\u0a82 \u0a9c\u0ac0\u0ab5\u0aa8 \u0aaa\u0ab0\u0abf\u0aaa\u0ac2\u0ab0\u0acd\u0aa3 \u0a96\u0acd\u0ab0\u0abf\u0ab8\u0acd\u0aa4\u0aae\u0abe\u0a82 \u0ab9\u0aa4\u0ac1\u0a82 \u0aa4\u0ac7\u0aa5\u0ac0 \u0aa6\u0ac7\u0ab5 \u0aaa\u0acd\u0ab0\u0ab8\u0aa8\u0acd\u0aa8 \u0ab9\u0aa4\u0acb."},{"Verseid":"50000019","Verse":"\u0aa6\u0ac7\u0ab5 \u0aaa\u0acd\u0ab0\u0aa4\u0acd\u0aaf\u0ac7\u0a95 \u0ab5\u0ab8\u0acd\u0aa4\u0ac1\u0aa8\u0ac7 \u0aaa\u0acb\u0aa4\u0abe\u0aa8\u0abe \u0aae\u0abe\u0a9f\u0ac7 \u0a96\u0acd\u0ab0\u0abf\u0ab8\u0acd\u0aa4 \u0aa6\u0acd\u0ab5\u0abe\u0ab0\u0abe \u0aaa\u0ac1\u0aa8\u0a83\u0aaa\u0acd\u0ab0\u0abe\u0aaa\u0acd\u0aa4 \u0a95\u0ab0\u0ac0\u0aa8\u0ac7 \u0aaa\u0acd\u0ab0\u0ab8\u0aa8\u0acd\u0aa8 \u0aa5\u0aaf\u0acb-\u0aaa\u0ac3\u0aa5\u0acd\u0ab5\u0ac0 \u0aaa\u0ab0\u0aa8\u0ac0 \u0a85\u0aa8\u0ac7 \u0a86\u0a95\u0abe\u0ab6\u0aa8\u0ac0 \u0ab5\u0ab8\u0acd\u0aa4\u0ac1\u0a93. \u0aa6\u0ac7\u0ab5\u0ac7 \u0ab5\u0aa7\u0ab8\u0acd\u0aa4\u0a82\u0aad\u0aa8\u0abe \u0a96\u0acd\u0ab0\u0abf\u0ab8\u0acd\u0aa4\u0aa8\u0abe \u0ab0\u0a95\u0acd\u0aa4 (\u0aae\u0ab0\u0aa3) \u0aa6\u0acd\u0ab5\u0abe\u0ab0\u0abe \u0ab6\u0abe\u0a82\u0aa4\u0abf \u0a95\u0ab0\u0abe\u0ab5\u0ac0."},{"Verseid":"50000020","Verse":"\u0a8f\u0a95 \u0ab8\u0aae\u0aaf\u0ac7 \u0aa4\u0aae\u0ac7 \u0aa6\u0ac7\u0ab5\u0aa5\u0ac0 \u0ab5\u0abf\u0a96\u0ac2\u0a9f\u0abe \u0aaa\u0aa1\u0ac0 \u0a97\u0aaf\u0ac7\u0ab2\u0abe. \u0aae\u0aa8\u0aae\u0abe\u0a82 \u0aa4\u0acb \u0aa4\u0aae\u0ac7 \u0aa6\u0ac7\u0ab5\u0aa8\u0abe \u0ab6\u0aa4\u0acd\u0ab0\u0ac1\u0a82 \u0ab9\u0aa4\u0abe, \u0a95\u0abe\u0ab0\u0aa3 \u0a95\u0ac7 \u0a9c\u0ac7 \u0aa6\u0ac1\u0ab7\u0acd\u0a9f \u0a86\u0a9a\u0ab0\u0aa3 \u0aa4\u0aae\u0ac7 \u0a95\u0ab0\u0ac7\u0ab2\u0ac1\u0a82 \u0aa4\u0ac7 \u0aa6\u0ac7\u0ab5 \u0ab5\u0abf\u0ab0\u0ac1\u0a82\u0aa6\u0acd\u0aa7 \u0ab9\u0aa4\u0ac1\u0a82."},{"Verseid":"50000021","Verse":"\u0aaa\u0ab0\u0a82\u0aa4\u0ac1 \u0ab9\u0ab5\u0ac7 \u0a96\u0acd\u0ab0\u0abf\u0ab8\u0acd\u0aa4\u0ac7 \u0aa4\u0aae\u0aa8\u0ac7 \u0aab\u0ab0\u0ac0\u0aa5\u0ac0 \u0aa6\u0ac7\u0ab5\u0aa8\u0abe \u0aae\u0abf\u0aa4\u0acd\u0ab0 \u0aac\u0aa8\u0abe\u0ab5\u0ac0 \u0aa6\u0ac0\u0a98\u0abe \u0a9b\u0ac7. \u0a9c\u0acd\u0aaf\u0abe\u0ab0\u0ac7 \u0aa4\u0ac7 \u0aa4\u0ac7\u0aa8\u0abe \u0ab6\u0ab0\u0ac0\u0ab0\u0aae\u0abe\u0a82 \u0ab9\u0aa4\u0acb, \u0aa4\u0acd\u0aaf\u0abe\u0ab0\u0ac7 \u0a96\u0acd\u0ab0\u0abf\u0ab8\u0acd\u0aa4\u0ac7 \u0aa4\u0ac7\u0aa8\u0abe \u0aae\u0ab0\u0aa3 \u0aa6\u0acd\u0ab5\u0abe\u0ab0\u0abe \u0a86\u0aae \u0a95\u0ab0\u0acd\u0aaf\u0ac1. \u0aa4\u0ac7 \u0aa4\u0aae\u0aa8\u0ac7 \u0aa6\u0ac7\u0ab5 \u0ab8\u0aae\u0a95\u0acd\u0ab7 \u0ab2\u0a88 \u0a9c\u0a88 \u0ab6\u0a95\u0ac7 \u0aa4\u0ac7\u0aa5\u0ac0 \u0a96\u0acd\u0ab0\u0abf\u0ab8\u0acd\u0aa4\u0ac7 \u0a86\u0aae \u0a95\u0ab0\u0acd\u0aaf\u0ac1. \u0aa4\u0ac7 \u0aa4\u0aae\u0aa8\u0ac7 \u0aa6\u0ac7\u0ab5 \u0ab8\u0aae\u0a95\u0acd\u0ab7 \u0a8f\u0ab5\u0abe \u0ab2\u0acb\u0a95\u0acb \u0aa4\u0ab0\u0ac0\u0a95\u0ac7 \u0aaa\u0acd\u0ab0\u0ab8\u0acd\u0aa4\u0ac1\u0aa4 \u0a95\u0ab0\u0ac7 \u0a9b\u0ac7 \u0a95\u0ac7 \u0a9c\u0ac7 \u0aaa\u0ab5\u0abf\u0aa4\u0acd\u0ab0 \u0a9b\u0ac7, \u0a9c\u0ac7\u0aa8\u0abe\u0aae\u0abe\u0a82 \u0a95\u0acb\u0a88 \u0a95\u0acd\u0ab7\u0aa4\u0abf \u0aa8\u0aa5\u0ac0, \u0a85\u0aa8\u0ac7 \u0aa6\u0ac7\u0ab5 \u0a9c\u0ac7\u0aa8\u0ac7 \u0aaa\u0abe\u0aaa\u0acb \u0a97\u0aa3\u0ac0 \u0aa4\u0aae\u0aa8\u0ac7 \u0aaa\u0abe\u0aaa\u0ac0 \u0aa8 \u0aa0\u0ac7\u0ab0\u0ab5\u0ac0 \u0ab6\u0a95\u0ac7."},{"Verseid":"50000022","Verse":"\u0a9c\u0acb \u0aa4\u0aae\u0ac7 \u0ab8\u0abe\u0a82\u0aad\u0ab3\u0ac7\u0ab2 \u0ab8\u0ac1\u0ab5\u0abe\u0ab0\u0acd\u0aa4\u0abe\u0aae\u0abe\u0a82 \u0ab5\u0abf\u0ab6\u0acd\u0ab5\u0abe\u0ab8 \u0aa7\u0ab0\u0abe\u0ab5\u0aa4\u0abe \u0ab0\u0ab9\u0ac7\u0ab6\u0acb, \u0aa4\u0acb \u0a96\u0acd\u0ab0\u0abf\u0ab8\u0acd\u0aa4 \u0a86\u0aae \u0a95\u0ab0\u0ab6\u0ac7. \u0aa4\u0aae\u0abe\u0ab0\u0ac7 \u0aa4\u0aae\u0abe\u0ab0\u0abe \u0ab5\u0abf\u0ab6\u0acd\u0ab5\u0abe\u0ab8\u0aae\u0abe\u0a82 \u0ab8\u0acd\u0aa5\u0abe\u0aaa\u0abf\u0aa4 \u0a85\u0aa8\u0ac7 \u0aa6\u0acd\u0ab0\u0aa2 \u0aac\u0aa8\u0ab5\u0abe\u0aa8\u0ac1\u0a82 \u0a9a\u0abe\u0ab2\u0ac1 \u0ab0\u0abe\u0a96\u0ab5\u0ac1\u0a82 \u0a9c\u0acb\u0a88\u0a8f. \u0ab8\u0ac1\u0ab5\u0abe\u0ab0\u0acd\u0aa4\u0abe\u0a8f \u0a9c\u0ac7 \u0a86\u0ab6\u0abe \u0aa4\u0aae\u0aa8\u0ac7 \u0aaa\u0acd\u0ab0\u0aa6\u0abe\u0aa8 \u0a95\u0ab0\u0ac0 \u0a9b\u0ac7 \u0aa4\u0ac7\u0aae\u0abe\u0a82\u0aa5\u0ac0 \u0aa4\u0aae\u0abe\u0ab0\u0ac7 \u0a95\u0aa6\u0abe\u0aaa\u0abf \u0a9a\u0ab2\u0abf\u0aa4 \u0aa5\u0ab5\u0ac1\u0a82 \u0a9c\u0acb\u0a88\u0a8f \u0aa8\u0ab9\u0abf. \u0a85\u0aa8\u0ac7 \u0aa4\u0ac7 \u0ab8\u0ac1\u0ab5\u0abe\u0ab0\u0acd\u0aa4\u0abe \u0a86\u0a96\u0abe \u0ab5\u0abf\u0ab6\u0acd\u0ab5\u0aae\u0abe\u0a82 \u0aaa\u0acd\u0ab0\u0a97\u0a9f \u0aa5\u0a88 \u0a9b\u0ac7. \u0ab9\u0ac1\u0a82 \u0aaa\u0abe\u0a89\u0ab2, \u0aa4\u0ac7 \u0ab8\u0ac1\u0ab5\u0abe\u0ab0\u0acd\u0aa4\u0abe \u0aaa\u0acd\u0ab0\u0a97\u0a9f \u0a95\u0ab0\u0ab5\u0abe\u0aae\u0abe\u0a82 \u0aae\u0aa6\u0aa6 \u0a95\u0ab0\u0ac1\u0a82 \u0a9b\u0ac1\u0a82."},{"Verseid":"50000023","Verse":"\u0aa4\u0aae\u0abe\u0ab0\u0abe \u0aae\u0abe\u0a9f\u0ac7 \u0aae\u0ac7\u0a82 \u0a9c\u0ac7 \u0aa6\u0ac1\u0a83\u0a96\u0acb \u0ab8\u0ab9\u0aa8 \u0a95\u0ab0\u0acd\u0aaf\u0abe \u0a9b\u0ac7 \u0aa4\u0ac7\u0aa8\u0abe\u0aa5\u0ac0 \u0ab9\u0ac1\u0a82 \u0ab9\u0aae\u0aa3\u0abe\u0a82 \u0a86\u0aa8\u0a82\u0aa6 \u0a85\u0aa8\u0ac1\u0aad\u0ab5\u0ac1\u0a82 \u0a9b\u0ac1\u0a82. \u0a96\u0acd\u0ab0\u0abf\u0ab8\u0acd\u0aa4\u0ac7 \u0ab9\u0a9c\u0ac1 \u0aaa\u0aa3 \u0aa4\u0ac7\u0aa8\u0abe \u0ab6\u0ab0\u0ac0\u0ab0, \u0aae\u0a82\u0aa1\u0ab3\u0ac0, \u0aa6\u0acd\u0ab5\u0abe\u0ab0\u0abe \u0a98\u0aa3\u0ac0 \u0aaf\u0abe\u0aa4\u0aa8\u0abe\u0a93 \u0aad\u0acb\u0a97\u0ab5\u0ab5\u0ac0 \u0aaa\u0aa1\u0ab6\u0ac7. \u0a9c\u0ac7 \u0aaa\u0ac0\u0aa1\u0abe \u0aad\u0acb\u0a97\u0ab5\u0ab5\u0abe\u0aa8\u0ac0 \u0a9b\u0ac7 \u0aa4\u0ac7\u0aa8\u0ac7 \u0ab9\u0ac1\u0a82 \u0aae\u0abe\u0ab0\u0abe \u0ab6\u0ab0\u0ac0\u0ab0\u0aae\u0abe\u0a82 \u0ab8\u0acd\u0ab5\u0ac0\u0a95\u0abe\u0ab0\u0ac1\u0a82 \u0a9b\u0ac1\u0a82. \u0ab9\u0ac1\u0a82 \u0aa4\u0ac7\u0aa8\u0abe \u0ab6\u0ab0\u0ac0\u0ab0, \u0aae\u0a82\u0aa1\u0ab3\u0ac0 \u0aae\u0abe\u0a9f\u0ac7 \u0aaf\u0abe\u0aa4\u0aa8\u0abe \u0ab8\u0ab9\u0ac1\u0a82 \u0a9b\u0ac1\u0a82."},{"Verseid":"50000024","Verse":"\u0aa6\u0ac7\u0ab5\u0ac7 \u0aae\u0aa8\u0ac7 \u0ab5\u0abf\u0ab6\u0abf\u0ab7\u0acd\u0a9f \u0a95\u0abe\u0ab0\u0acd\u0aaf \u0ab8\u0acb\u0a82\u0aaa\u0ac7\u0ab2\u0ac1\u0a82 \u0aa4\u0ac7\u0aa5\u0ac0 \u0ab9\u0ac1\u0a82 \u0aae\u0a82\u0aa1\u0ab3\u0ac0\u0aa8\u0acb \u0ab8\u0ac7\u0ab5\u0a95 \u0aac\u0aa8\u0acd\u0aaf\u0acb. \u0a86 \u0a95\u0abe\u0ab0\u0acd\u0aaf \u0aa4\u0aae\u0aa8\u0ac7 \u0aae\u0aa6\u0aa6\u0ab0\u0ac2\u0aaa \u0aa5\u0ab5\u0abe\u0aa8\u0ac1\u0a82 \u0a9b\u0ac7. \u0aae\u0abe\u0ab0\u0ac1\u0a82 \u0a95\u0abe\u0ab0\u0acd\u0aaf \u0ab8\u0a82\u0aaa\u0ac2\u0ab0\u0acd\u0aa3\u0aaa\u0aa3\u0ac7 \u0aa6\u0ac7\u0ab5\u0aa8\u0ac0 \u0ab5\u0abe\u0aa4 \u0a9c\u0aa3\u0abe\u0ab5\u0ab5\u0abe\u0aa8\u0ac1\u0a82 \u0a9b\u0ac7."},{"Verseid":"50000025","Verse":"\u0aaa\u0acd\u0ab0\u0abe\u0ab0\u0a82\u0aad\u0a95\u0abe\u0ab3\u0aa5\u0ac0 \u0a9c \u0a9c\u0ac7\u0aa8\u0ac7 \u0a97\u0ac1\u0aaa\u0acd\u0aa4 \u0ab0\u0abe\u0a96\u0ab5\u0abe\u0aae\u0abe\u0a82 \u0a86\u0ab5\u0acd\u0aaf\u0ac1\u0a82 \u0a9b\u0ac7 \u0aa4\u0ac7\u0ab5\u0acb \u0a89\u0aaa\u0aa6\u0ac7\u0ab6 \u0a97\u0ac2\u0aa2 \u0ab8\u0aa4\u0acd\u0aaf \u0a9b\u0ac7. \u0a86 \u0ab8\u0aa4\u0acd\u0aaf\u0aa8\u0ac7 \u0ab8\u0ab0\u0acd\u0ab5 \u0ab8\u0a82\u0aa4\u0acb\u0aa5\u0ac0 \u0a97\u0ac1\u0aaa\u0acd\u0aa4 \u0ab0\u0abe\u0a96\u0ab5\u0abe\u0aae\u0abe\u0a82 \u0a86\u0ab5\u0ac7\u0ab2\u0ac1\u0a82. \u0aaa\u0ab0\u0a82\u0aa4\u0ac1 \u0ab9\u0ab5\u0ac7 \u0aa4\u0ac7 \u0a97\u0ac1\u0aa2 \u0ab8\u0aa4\u0acd\u0aaf\u0aa8\u0ac7 \u0aa6\u0ac7\u0ab5\u0aa8\u0abe \u0ab8\u0a82\u0aa4\u0acb \u0ab8\u0aae\u0a95\u0acd\u0ab7 \u0a9c\u0abe\u0ab9\u0ac7\u0ab0 \u0a95\u0ab0\u0ab5\u0abe\u0aae\u0abe\u0a82 \u0a86\u0ab5\u0acd\u0aaf\u0ac1\u0a82 \u0a9b\u0ac7."},{"Verseid":"50000026","Verse":"\u0aa4\u0ac7\u0aa8\u0abe \u0ab2\u0acb\u0a95\u0acb \u0a86 \u0ab8\u0aae\u0ac3\u0aa6\u0acd\u0aa7\u0abf \u0a85\u0aa8\u0ac7 \u0aae\u0ab9\u0abf\u0aae\u0abe\u0aa8\u0ac1\u0a82 \u0ab8\u0aa4\u0acd\u0aaf \u0a9c\u0abe\u0aa8\u0acb \u0aa4\u0ac7\u0ab5\u0acb \u0aa8\u0abf\u0ab0\u0acd\u0aa3\u0aaf \u0aa6\u0ac7\u0ab5\u0ac7 \u0a95\u0ab0\u0acd\u0aaf\u0acb. \u0aa4\u0ac7 \u0aae\u0ab9\u0abf\u0aae\u0abe\u0aa8\u0ac0 \u0a86\u0ab6\u0abe \u0aa4\u0aae\u0abe\u0aae \u0ab2\u0acb\u0a95\u0acb \u0aae\u0abe\u0a9f\u0ac7 \u0a9b\u0ac7. \u0aa4\u0ac7 \u0ab8\u0aa4\u0acd\u0aaf \u0a9c\u0ac7 \u0aa4\u0aae\u0abe\u0ab0\u0abe\u0aae\u0abe\u0a82 \u0a9b\u0ac7, \u0aa4\u0ac7 \u0a88\u0ab8\u0ac1 \u0a96\u0acd\u0ab0\u0abf\u0ab8\u0acd\u0aa4 \u0aaa\u0acb\u0aa4\u0ac7 \u0a9c \u0a9b\u0ac7 \u0a9c\u0ac7 \u0aae\u0ab9\u0abf\u0aae\u0abe\u0aa8\u0ac0 \u0a86\u0ab6\u0abe \u0a9b\u0ac7."},{"Verseid":"50000027","Verse":"\u0aa6\u0ab0\u0ac7\u0a95 \u0aae\u0abe\u0aa3\u0ab8\u0aa8\u0ac7 \u0a96\u0acd\u0ab0\u0abf\u0ab8\u0acd\u0aa4\u0aae\u0abe\u0a82 \u0ab8\u0a82\u0aaa\u0ac2\u0ab0\u0acd\u0aa3 \u0aa5\u0aaf\u0ac7\u0ab2\u0acb \u0ab0\u0a9c\u0ac2 \u0a95\u0ab0\u0ac0\u0a8f \u0a8f \u0aae\u0abe\u0a9f\u0ac7 \u0a85\u0aae\u0ac7 \u0aa4\u0ac7\u0aa8\u0ac0 \u0ab5\u0abe\u0aa4 \u0aaa\u0acd\u0ab0\u0a97\u0a9f \u0a95\u0ab0\u0ac0\u0a8f \u0a9b\u0ac0\u0a8f. \u0a85\u0aa8\u0ac7 \u0aa6\u0ab0\u0ac7\u0a95 \u0aae\u0abe\u0aa3\u0ab8\u0aa8\u0ac7 \u0aac\u0acb\u0aa7 \u0a95\u0ab0\u0ac0\u0a8f \u0a9b\u0ac0\u0a8f \u0aa4\u0aa5\u0abe \u0ab8\u0ab0\u0acd\u0ab5 \u0aaa\u0acd\u0ab0\u0a95\u0abe\u0ab0\u0aa8\u0abe \u0a9c\u0acd\u0a9e\u0abe\u0aa8\u0aa8\u0acb \u0a89\u0aaa\u0aaf\u0acb\u0a97 \u0a95\u0ab0\u0ac0\u0a8f \u0a9b\u0ac0\u0a8f. \u0aac\u0aa7\u0abe \u0a9c \u0ab2\u0acb\u0a95\u0acb\u0aa8\u0ac7 \u0a85\u0aae\u0ac7 \u0aa6\u0ac7\u0ab5 \u0ab8\u0aae\u0a95\u0acd\u0ab7 \u0a8f\u0ab5\u0abe \u0aaa\u0acd\u0ab0\u0ab8\u0acd\u0aa4\u0ac1\u0aa4 \u0a95\u0ab0\u0ab5\u0abe \u0aae\u0abe\u0a82\u0a97\u0ac0\u0a8f \u0a9b\u0ac0\u0a8f \u0a95\u0ac7 \u0a9c\u0ac7\u0a93 \u0a96\u0acd\u0ab0\u0abf\u0ab8\u0acd\u0aa4\u0aae\u0abe\u0a82 \u0a86\u0aa4\u0acd\u0aae\u0abf\u0a95 \u0ab0\u0ac0\u0aa4\u0ac7 \u0ab8\u0a82\u0aaa\u0ac2\u0ab0\u0acd\u0aa3 \u0aa5\u0aaf\u0ac7\u0ab2\u0abe \u0a9b\u0ac7."},{"Verseid":"50000028","Verse":"\u0a86\u0aae \u0a95\u0ab0\u0ab5\u0abe \u0aae\u0abe\u0a9f\u0ac7, \u0a96\u0acd\u0ab0\u0abf\u0ab8\u0acd\u0aa4\u0ac7 \u0aae\u0aa8\u0ac7 \u0aaa\u0acd\u0ab0\u0aa6\u0abe\u0aa8 \u0a95\u0ab0\u0ac0 \u0a9b\u0ac7 \u0aa4\u0ac7 \u0aae\u0ab9\u0abe\u0aa8 \u0ab6\u0a95\u0acd\u0aa4\u0abf\u0aa8\u0acb \u0ab9\u0ac1\u0a82 \u0a95\u0abe\u0ab0\u0acd\u0aaf \u0a85\u0aa8\u0ac7 \u0ab8\u0a82\u0a98\u0ab0\u0acd\u0ab7 \u0a95\u0ab0\u0ab5\u0abe\u0aae\u0abe\u0a82 \u0a89\u0aaa\u0aaf\u0acb\u0a97 \u0a95\u0ab0\u0ac1\u0a82 \u0a9b\u0ac1\u0a82. \u0aa4\u0ac7 \u0ab6\u0a95\u0acd\u0aa4\u0abf \u0aae\u0abe\u0ab0\u0abe \u0a9c\u0ac0\u0ab5\u0aa8\u0aae\u0abe\u0a82 \u0a95\u0abe\u0ab0\u0acd\u0aaf\u0abe\u0aa8\u0acd\u0ab5\u0abf\u0aa4 \u0aac\u0aa8\u0ac0 \u0a9b\u0ac7."}]},{"Verse":[{"Verseid":"50001000","Verse":"\u0aa4\u0aae\u0aa8\u0ac7 \u0aae\u0aa6\u0aa6 \u0a95\u0ab0\u0ab5\u0abe \u0aae\u0abe\u0a9f\u0ac7 \u0ab9\u0ac1\u0a82 \u0a98\u0aa3\u0ac0 \u0a9c\u0ab9\u0ac7\u0aae\u0aa4 \u0a89\u0aa0\u0abe\u0ab5\u0ac0 \u0ab0\u0ab9\u0acd\u0aaf\u0acb \u0a9b\u0ac1\u0a82 \u0aa4\u0ac7 \u0aa4\u0aae\u0ac7 \u0a9c\u0abe\u0aa3\u0acb \u0a8f\u0aae \u0ab9\u0ac1\u0a82 \u0a88\u0a9a\u0acd\u0a9b\u0ac1 \u0a9b\u0ac1\u0a82. \u0a85\u0aa8\u0ac7 \u0ab2\u0abe\u0ab5\u0aa6\u0abf\u0a95\u0abf\u0aaf\u0abe\u0aa8\u0abe \u0ab2\u0acb\u0a95\u0acb\u0aa8\u0ac7 \u0a9c\u0ac7\u0a93 \u0aae\u0aa8\u0ac7 \u0a95\u0aa6\u0abe\u0aaa\u0abf \u0aae\u0ab3\u0acd\u0aaf\u0abe \u0aa8\u0aa5\u0ac0 \u0aa4\u0ac7\u0a93\u0aa8\u0ac7 \u0aaa\u0aa3 \u0ab9\u0ac1\u0a82 \u0aae\u0aa6\u0aa6 \u0a95\u0ab0\u0ab5\u0abe \u0aaa\u0acd\u0ab0\u0aaf\u0abe\u0ab8 \u0a95\u0ab0\u0ac0 \u0ab0\u0ab9\u0acd\u0aaf\u0acb \u0a9b\u0ac1\u0a82."},{"Verseid":"50001001","Verse":"\u0aa4\u0ac7\u0a93 \u0ab5\u0abf\u0ab6\u0acd\u0ab5\u0abe\u0ab8\u0aae\u0abe\u0a82 \u0ab8\u0aae\u0ac3\u0aa6\u0acd\u0aa7 \u0a85\u0aa8\u0ac7 \u0ab6\u0a95\u0acd\u0aa4\u0abf\u0ab6\u0abe\u0ab3\u0ac0 \u0aac\u0aa8\u0ac7 \u0a9c\u0ac7 \u0ab8\u0aae\u0a9c\u0ab6\u0a95\u0acd\u0aa4\u0abf \u0aa6\u0acd\u0ab5\u0abe\u0ab0\u0abe \u0a86\u0ab5\u0ac7 \u0a9b\u0ac7 \u0a85\u0aa8\u0ac7 \u0aaa\u0acd\u0ab0\u0ac7\u0aae \u0ab5\u0aa1\u0ac7 \u0a8f\u0a95\u0aac\u0ac0\u0a9c\u0abe \u0ab8\u0abe\u0aa5\u0ac7 \u0a9c\u0acb\u0aa1\u0abe\u0aaf \u0aa4\u0ac7\u0aae \u0ab9\u0ac1\u0a82 \u0a88\u0a9a\u0acd\u0a9b\u0ac1 \u0a9b\u0ac1\u0a82. \u0ab8\u0aae\u0a9c\u0ab6\u0a95\u0acd\u0aa4\u0abf \u0aa6\u0acd\u0ab5\u0abe\u0ab0\u0abe \u0a9c\u0ac7 \u0aa6\u0acd\u0ab0\u0aa2 \u0ab5\u0abf\u0ab6\u0acd\u0ab5\u0abe\u0ab8 \u0a89\u0aa6\u0aad\u0ab5\u0ac7 \u0a9b\u0ac7, \u0aa4\u0ac7\u0aae\u0abe\u0a82 \u0aa4\u0ac7\u0a93 \u0ab8\u0aae\u0ac3\u0aa6\u0acd\u0aa7 \u0aac\u0aa8\u0ac7 \u0aa4\u0ac7\u0aae \u0ab9\u0ac1\u0a82 \u0a88\u0a9a\u0acd\u0a9b\u0ac1 \u0a9b\u0ac1\u0a82. \u0aa6\u0ac7\u0ab5\u0ac7 \u0a9c\u0ac7\u0aa8\u0ac7 \u0a9c\u0abe\u0ab9\u0ac7\u0ab0 \u0a95\u0ab0\u0acd\u0aaf\u0ac1 \u0a9b\u0ac7 \u0aa4\u0ac7 \u0aae\u0ab0\u0acd\u0aae\u0aa5\u0ac0 \u0aa4\u0ac7\u0a93 \u0ab8\u0a82\u0aaa\u0ac2\u0ab0\u0acd\u0aa3\u0aaa\u0aa3\u0ac7 \u0ab5\u0abe\u0a95\u0ac7\u0aab \u0aa5\u0abe\u0aaf \u0aa4\u0ac7\u0aae \u0ab9\u0ac1\u0a82 \u0a88\u0a9a\u0acd\u0a9b\u0ac1 \u0a9b\u0ac1\u0a82. \u0aa4\u0ac7 \u0ab8\u0aa4\u0acd\u0aaf \u0ab8\u0acd\u0ab5\u0aaf\u0a82 \u0a96\u0acd\u0ab0\u0abf\u0ab8\u0acd\u0aa4 \u0a9c \u0a9b\u0ac7."},{"Verseid":"50001002","Verse":"\u0a96\u0acd\u0ab0\u0abf\u0ab8\u0acd\u0aa4\u0aae\u0abe\u0a82 \u0aac\u0aa7\u0abe \u0a9c \u0a9c\u0acd\u0a9e\u0abe\u0aa8 \u0aa4\u0aa5\u0abe \u0aac\u0ac1\u0aa6\u0acd\u0aa7\u0abf\u0aa8\u0acb \u0a96\u0a9c\u0abe\u0aa8\u0acb \u0ab8\u0ac1\u0ab0\u0a95\u0acd\u0ab7\u0abf\u0aa4 \u0ab0\u0a96\u0abe\u0aaf\u0ac7\u0ab2\u0acb \u0a9b\u0ac7."},{"Verseid":"50001003","Verse":"\u0ab9\u0ac1\u0a82 \u0aa4\u0aae\u0aa8\u0ac7 \u0a86 \u0aac\u0abe\u0aac\u0aa4\u0acb \u0a8f\u0a9f\u0ab2\u0abe \u0aae\u0abe\u0a9f\u0ac7 \u0a9c\u0aa3\u0abe\u0ab5\u0ac1\u0a82 \u0a9b\u0ac1\u0a82 \u0a95\u0ac7 \u0a95\u0acb\u0a88 \u0aaa\u0aa3 \u0ab5\u0acd\u0aaf\u0a95\u0acd\u0aa4\u0abf \u0aa4\u0aae\u0aa8\u0ac7 \u0a8f\u0ab5\u0abe \u0a96\u0acd\u0aaf\u0abe\u0ab2\u0acb\u0aa5\u0ac0 \u0aae\u0ac2\u0ab0\u0acd\u0a96 \u0aa8 \u0aac\u0aa8\u0abe\u0ab5\u0ac7 \u0a95\u0ac7 \u0a9c\u0ac7 \u0ab8\u0abe\u0ab0\u0abe \u0ab2\u0abe\u0a97\u0ac7 \u0a96\u0ab0\u0abe\u0a82, \u0aaa\u0aa3 \u0ab9\u0acb\u0aaf \u0a96\u0acb\u0a9f\u0abe."},{"Verseid":"50001004","Verse":"\u0ab9\u0ac1\u0a82 \u0ab8\u0aa6\u0ac7\u0ab9\u0ac7 \u0aa4\u0aae\u0abe\u0ab0\u0ac0 \u0ab8\u0abe\u0aa5\u0ac7 \u0aa8\u0aa5\u0ac0, \u0aaa\u0ab0\u0a82\u0aa4\u0ac1 \u0aae\u0abe\u0ab0\u0ac1\u0a82 \u0ab9\u0ac3\u0aa6\u0aaf \u0aa4\u0acb \u0aa4\u0aae\u0abe\u0ab0\u0ac0 \u0ab8\u0abe\u0aa5\u0ac7 \u0a9c \u0a9b\u0ac7. \u0aa4\u0aae\u0abe\u0ab0\u0ac1\u0a82 \u0ab8\u0abe\u0ab0\u0ac1\u0a82 \u0a9c\u0ac0\u0ab5\u0aa8 \u0a85\u0aa8\u0ac7 \u0a96\u0acd\u0ab0\u0abf\u0ab8\u0acd\u0aa4 \u0aaa\u0acd\u0ab0\u0aa4\u0acd\u0aaf\u0ac7\u0aa8\u0acb \u0aa6\u0acd\u0ab0\u0aa2 \u0ab5\u0abf\u0ab6\u0acd\u0ab5\u0abe\u0ab8 \u0a9c\u0acb\u0a88\u0aa8\u0ac7 \u0aae\u0aa8\u0ac7 \u0a86\u0aa8\u0a82\u0aa6 \u0aa5\u0abe\u0aaf \u0a9b\u0ac7."},{"Verseid":"50001005","Verse":"\u0aa4\u0aae\u0ac7 \u0a96\u0acd\u0ab0\u0abf\u0ab8\u0acd\u0aa4 \u0a88\u0ab8\u0ac1 \u0aaa\u0acd\u0ab0\u0aad\u0ac1\u0aa8\u0ac7 \u0ab8\u0acd\u0ab5\u0ac0\u0a95\u0abe\u0ab0\u0acd\u0aaf\u0acb \u0a9b\u0ac7. \u0aa4\u0ac7\u0aa5\u0ac0 \u0a95\u0acb\u0a88 \u0aaa\u0aa3 \u0aaa\u0ab0\u0abf\u0ab5\u0ab0\u0acd\u0aa4\u0aa8 \u0ab2\u0abe\u0ab5\u0acd\u0aaf\u0abe \u0ab5\u0abf\u0aa8\u0abe \u0aa4\u0ac7\u0aa8\u0ac7 \u0a85\u0aa8\u0ac1\u0ab8\u0ab0\u0ab5\u0abe\u0aa8\u0ac1\u0a82 \u0a9a\u0abe\u0ab2\u0ac1 \u0ab0\u0abe\u0a96\u0acb."},{"Verseid":"50001006","Verse":"\u0aa4\u0aae\u0abe\u0ab0\u0ac7 \u0aab\u0a95\u0acd\u0aa4 \u0a96\u0acd\u0ab0\u0abf\u0ab8\u0acd\u0aa4 \u0aaa\u0ab0 \u0a9c \u0a86\u0aa7\u0abe\u0ab0\u0abf\u0aa4 \u0ab0\u0ab9\u0ac7\u0ab5\u0ac1\u0a82. \u0a9c\u0ac0\u0ab5\u0aa8 \u0a85\u0aa8\u0ac7 \u0ab8\u0abe\u0ab0\u0acd\u0aae\u0aa5\u0acd\u0aaf \u0aa4\u0ac7\u0aa8\u0abe \u0aa4\u0ab0\u0aab\u0aa5\u0ac0 \u0a86\u0ab5\u0ac7 \u0a9b\u0ac7, \u0aa4\u0aae\u0aa8\u0ac7 \u0ab8\u0aa4\u0acd\u0aaf \u0ab6\u0ac0\u0a96\u0ab5\u0ab5\u0abe\u0aae\u0abe\u0a82 \u0a86\u0ab5\u0acd\u0aaf\u0ac1 \u0a9b\u0ac7. \u0aa4\u0aae\u0abe\u0ab0\u0ac7 \u0aa4\u0ac7 \u0ab8\u0aa4\u0acd\u0aaf \u0a89\u0aaa\u0aa6\u0ac7\u0ab6 \u0a85\u0a82\u0a97\u0ac7 \u0aa6\u0acd\u0ab0\u0aa2 \u0ab0\u0ab9\u0ac7\u0ab5\u0abe\u0aa8\u0ac1\u0a82 \u0a9a\u0abe\u0ab2\u0ac1 \u0a9c \u0ab0\u0abe\u0a96\u0ab5\u0ac1\u0a82 \u0a9c\u0acb\u0a88\u0a8f. \u0a85\u0aa8\u0ac7 \u0ab9\u0a82\u0aae\u0ac7\u0ab6\u0abe \u0a86\u0aad\u0abe\u0ab0\u0ab8\u0acd\u0aa4\u0ac1\u0aa4\u0abf \u0a95\u0ab0\u0ab5\u0ac0 \u0a9c\u0acb\u0a88\u0a8f."},{"Verseid":"50001007","Verse":"\u0a9c\u0ac7 \u0a85\u0ab0\u0acd\u0aa5\u0ab9\u0ac0\u0aa8 \u0ab9\u0acb\u0aaf \u0aa4\u0ac7\u0ab5\u0abe \u0ab5\u0acd\u0aaf\u0ab0\u0acd\u0aa5 \u0a96\u0acd\u0aaf\u0abe\u0ab2\u0acb \u0a95\u0ac7 \u0ab6\u0aac\u0acd\u0aa6\u0acb \u0ab5\u0aa1\u0ac7 \u0a95\u0acb\u0a88 \u0ab5\u0acd\u0aaf\u0a95\u0acd\u0aa4\u0abf \u0aa4\u0aae\u0aa8\u0ac7 \u0aa6\u0acb\u0ab0\u0ac7 \u0aa8\u0ab9\u0abf \u0aa4\u0ac7 \u0a85\u0a82\u0a97\u0ac7 \u0ab8\u0abe\u0ab5\u0aa7 \u0ab0\u0ab9\u0acb. \u0aa4\u0ac7\u0ab5\u0abe \u0a96\u0acd\u0aaf\u0abe\u0ab2\u0acb \u0a96\u0acd\u0ab0\u0abf\u0ab8\u0acd\u0aa4 \u0aa4\u0ab0\u0aab\u0aa5\u0ac0 \u0aa8\u0ab9\u0abf, \u0aaa\u0ab0\u0a82\u0aa4\u0ac1 \u0ab2\u0acb\u0a95\u0acb \u0aa4\u0ab0\u0aab\u0aa5\u0ac0 \u0a86\u0ab5\u0aa4\u0abe \u0ab9\u0acb\u0aaf \u0a9b\u0ac7."},{"Verseid":"50001008","Verse":"\u0aa6\u0ac7\u0ab5 \u0ab8\u0a82\u0aaa\u0ac2\u0ab0\u0acd\u0aa3\u0aaa\u0aa3\u0ac7 \u0a96\u0acd\u0ab0\u0abf\u0ab8\u0acd\u0aa4\u0aae\u0abe\u0a82 \u0aa8\u0abf\u0ab5\u0abe\u0ab8 \u0a95\u0ab0\u0ac7 \u0a9b\u0ac7."},{"Verseid":"50001009","Verse":"\u0a85\u0aa8\u0ac7 \u0a96\u0acd\u0ab0\u0abf\u0ab8\u0acd\u0aa4\u0aae\u0abe\u0a82 \u0aa4\u0aae\u0ac7 \u0ab8\u0a82\u0aaa\u0ac2\u0ab0\u0acd\u0aa3 \u0a9b\u0acb. \u0aa4\u0aae\u0abe\u0ab0\u0ac7 \u0aac\u0ac0\u0a9c\u0abe \u0a95\u0ab6\u0abe\u0aa8\u0ac0 \u0a86\u0ab5\u0ab6\u0acd\u0aaf\u0a95\u0aa4\u0abe \u0a9c \u0aa8\u0aa5\u0ac0. \u0aac\u0aa7\u0abe \u0a9c \u0ab6\u0abe\u0ab8\u0a95\u0acb \u0a85\u0aa8\u0ac7 \u0ab8\u0aa4\u0acd\u0aa4\u0abe\u0a93\u0aa8\u0abe \u0a88\u0ab8\u0ac1 \u0a9c \u0ab6\u0abe\u0ab8\u0a95 \u0a9b\u0ac7."},{"Verseid":"50001010","Verse":"\u0a96\u0acd\u0ab0\u0abf\u0ab8\u0acd\u0aa4\u0aae\u0abe\u0a82 \u0aa4\u0aae\u0aa8\u0ac7 \u0ab5\u0abf\u0ab5\u0abf\u0aa7 \u0aaa\u0acd\u0ab0\u0a95\u0abe\u0ab0\u0aa8\u0ac0 \u0ab8\u0ac1\u0aa8\u0acd\u0aa8\u0aa4 \u0aae\u0ab3\u0ac0 \u0ab9\u0aa4\u0ac0. \u0a9c\u0ac7 \u0ab8\u0ac1\u0aa8\u0acd\u0aa8\u0aa4 \u0a95\u0ac7\u0a9f\u0ab2\u0abe\u0a95 \u0aae\u0abe\u0aa3\u0ab8\u0acb\u0aa8\u0abe \u0ab9\u0abe\u0aa5\u0aa5\u0ac0 \u0a95\u0ab0\u0ab5\u0abe\u0aae\u0abe\u0a82 \u0a86\u0ab5\u0ac0 \u0aa8 \u0ab9\u0aa4\u0ac0. \u0aae\u0abe\u0ab0\u0acb \u0aae\u0aa4\u0ab2\u0aac \u0a9b\u0ac7 \u0a95\u0ac7 \u0aa4\u0aae\u0abe\u0ab0\u0ac0 \u0aaa\u0abe\u0aaa\u0ac0 \u0a9c\u0abe\u0aa4\u0aa8\u0abe \u0ab8\u0abe\u0ab0\u0acd\u0aae\u0aa5\u0acd\u0aaf\u0aa5\u0ac0 \u0aa4\u0aae\u0aa8\u0ac7 \u0aae\u0ac1\u0a95\u0acd\u0aa4 \u0a95\u0ab0\u0ab5\u0abe\u0aae\u0abe\u0a82 \u0a86\u0ab5\u0ac7\u0ab2\u0abe. \u0a96\u0acd\u0ab0\u0abf\u0ab8\u0acd\u0aa4 \u0aa4\u0acb \u0a86 \u0a9c \u0aaa\u0acd\u0ab0\u0a95\u0abe\u0ab0\u0aa8\u0ac0 \u0ab8\u0ac1\u0aa8\u0acd\u0aa8\u0aa4 \u0a95\u0ab0\u0ac7 \u0a9b\u0ac7."},{"Verseid":"50001011","Verse":"\u0a9c\u0acd\u0aaf\u0abe\u0ab0\u0ac7 \u0aa4\u0aae\u0ac7 \u0aac\u0abe\u0aaa\u0acd\u0aa4\u0abf\u0ab8\u0acd\u0aae\u0abe \u0aaa\u0abe\u0aae\u0acd\u0aaf\u0abe, \u0aa4\u0acd\u0aaf\u0abe\u0ab0\u0ac7 \u0aa4\u0aae\u0abe\u0ab0\u0ac0 \u0ab0\u0acd\u0a9c\u0ac0\u0aa3\u0a9c\u0abe\u0aa4 \u0aae\u0ac3\u0aa4\u0acd\u0aaf\u0ac1 \u0aaa\u0abe\u0aae\u0ac0 \u0a85\u0aa8\u0ac7 \u0a96\u0acd\u0ab0\u0abf\u0ab8\u0acd\u0aa4\u0aa8\u0ac0 \u0ab8\u0abe\u0aa5\u0ac7 \u0aa4\u0aae\u0ac7 \u0aa6\u0a9f\u0abe\u0aaf\u0abe. \u0a85\u0aa8\u0ac7 \u0aa4\u0ac7 \u0aac\u0abe\u0aaa\u0acd\u0aa4\u0abf\u0ab8\u0acd\u0aae\u0abe\u0aae\u0abe\u0a82 \u0a96\u0acd\u0ab0\u0abf\u0ab8\u0acd\u0aa4\u0aa8\u0ac0 \u0ab8\u0abe\u0aa5\u0ac7 \u0aa4\u0aae\u0aa8\u0ac7 \u0a89\u0aa0\u0abe\u0aa1\u0ab5\u0abe\u0aae\u0abe\u0a82 \u0a86\u0ab5\u0acd\u0aaf\u0abe, \u0a95\u0abe\u0ab0\u0aa3 \u0a95\u0ac7 \u0aa6\u0ac7\u0ab5\u0aa8\u0abe \u0ab8\u0abe\u0ab0\u0acd\u0aae\u0aa5\u0acd\u0aaf\u0aae\u0abe\u0a82 \u0aa4\u0aae\u0aa8\u0ac7 \u0ab5\u0abf\u0ab6\u0acd\u0ab5\u0abe\u0ab8 \u0ab9\u0aa4\u0acb. \u0a9c\u0acd\u0aaf\u0abe\u0ab0\u0ac7 \u0aa4\u0ac7\u0aa3\u0ac7 \u0a96\u0acd\u0ab0\u0abf\u0ab8\u0acd\u0aa4\u0aa8\u0ac7 \u0aae\u0ac2\u0a8f\u0ab2\u0abe\u0aae\u0abe\u0a82\u0aa5\u0ac0 \u0a89\u0aa0\u0abe\u0aa1\u0aaf\u0acb \u0aa4\u0acd\u0aaf\u0abe\u0ab0\u0ac7 \u0aa6\u0ac7\u0ab5\u0aa8\u0abe \u0ab8\u0abe\u0ab0\u0acd\u0aae\u0aa5\u0acd\u0aaf\u0aa8\u0ac7 \u0aa6\u0ab0\u0acd\u0ab6\u0abe\u0ab5\u0acd\u0aaf\u0ac1\u0a82."},{"Verseid":"50001012","Verse":"\u0aa4\u0aae\u0ac7 \u0aa4\u0aae\u0abe\u0ab0\u0abe \u0aaa\u0abe\u0aaa\u0ac0 \u0ab8\u0acd\u0ab5\u0aad\u0abe\u0ab5 \u0a85\u0aa8\u0ac7 \u0aa4\u0aae\u0abe\u0ab0\u0ac0 \u0aaa\u0abe\u0aaa\u0ac0 \u0a95\u0abe\u0aaf\u0abe\u0aa8\u0ac0 \u0aa4\u0abe\u0a95\u0abe\u0aa4\u0aa5\u0ac0 \u0aac\u0a82\u0aa7\u0abe\u0aaf\u0ac7\u0ab2\u0abe \u0ab9\u0aa4\u0abe, \u0aa4\u0ac7\u0aa5\u0ac0 \u0aa4\u0aae\u0ac7 \u0a86\u0aa4\u0acd\u0aae\u0abf\u0a95 \u0ab0\u0ac0\u0aa4\u0ac7 \u0aae\u0ac2\u0a8f\u0ab2\u0abe \u0ab9\u0aa4\u0abe. \u0aaa\u0ab0\u0a82\u0aa4\u0ac1 \u0a96\u0acd\u0ab0\u0abf\u0ab8\u0acd\u0aa4 \u0ab8\u0abe\u0aa5\u0ac7 \u0aa6\u0ac7\u0ab5\u0ac7 \u0aa4\u0aae\u0aa8\u0ac7 \u0a9c\u0ac0\u0ab5\u0aa4\u0abe \u0a95\u0ab0\u0acd\u0aaf\u0abe \u0a85\u0aa8\u0ac7 \u0aa6\u0ac7\u0ab5\u0ac7 \u0a86\u0aaa\u0aa3\u0abe \u0aaa\u0abe\u0aaa\u0acb\u0aa8\u0ac0 \u0aae\u0abe\u0aab\u0ac0 \u0a86\u0aaa\u0ac0."},{"Verseid":"50001013","Verse":"\u0a86\u0aaa\u0aa3\u0ac7 \u0aa6\u0ac7\u0ab5\u0aa8\u0abe \u0aa8\u0abf\u0aaf\u0aae\u0aa8\u0acb \u0aad\u0a82\u0a97 \u0a95\u0ab0\u0acd\u0aaf\u0acb \u0aa4\u0ac7\u0aa5\u0ac0 \u0a86\u0aaa\u0aa3\u0ac7 \u0aa6\u0ac7\u0ab5\u0abe\u0aa6\u0abe\u0ab0 \u0aac\u0aa8\u0acd\u0aaf\u0abe. \u0a9c\u0ac7 \u0aa8\u0abf\u0aaf\u0aae\u0acb\u0aa8\u0ac7 \u0a85\u0aa8\u0ac1\u0ab8\u0ab0\u0ab5\u0abe\u0aae\u0abe\u0a82 \u0a86\u0aaa\u0aa3\u0ac7 \u0aa8\u0abf\u0ab7\u0acd\u0aab\u0ab3 \u0ab0\u0ab9\u0acd\u0aaf\u0abe\u0a82, \u0aa4\u0ac7\u0aa8\u0ac7 \u0a95\u0ab0\u0a9c\u0aa8\u0ac0 \u0aaf\u0abe\u0aa6\u0ac0 \u0aa6\u0ab0\u0acd\u0ab6\u0abe\u0ab5\u0ac7 \u0a9b\u0ac7. \u0aaa\u0ab0\u0a82\u0aa4\u0ac1 \u0aa6\u0ac7\u0ab5\u0ac7 \u0a86\u0aaa\u0aa3\u0ac1\u0a82 \u0aac\u0aa7\u0ac1\u0a82 \u0a9c \u0a95\u0ab0\u0a9c \u0aae\u0abe\u0aab \u0a95\u0ab0\u0acd\u0aaf\u0ac1. \u0aa6\u0ac7\u0ab5\u0ac7 \u0a86\u0aaa\u0aa3\u0ac1\u0a82 \u0a95\u0ab0\u0a9c \u0ab2\u0a88 \u0ab2\u0ac0\u0aa7\u0ac1\u0a82 \u0a85\u0aa8\u0ac7 \u0aa4\u0ac7\u0aa8\u0ac7 \u0ab5\u0aa7\u0ab8\u0acd\u0aa4\u0a82\u0aad \u0aaa\u0ab0 \u0a96\u0ac0\u0ab2\u0abe\u0aa5\u0ac0 \u0a9c\u0aa1\u0ac0 \u0aa6\u0ac0\u0aa7\u0ac1\u0a82."},{"Verseid":"50001014","Verse":"\u0a86\u0aa4\u0acd\u0aae\u0abf\u0a95 \u0ab6\u0abe\u0ab8\u0a95\u0acb \u0a85\u0aa8\u0ac7 \u0ab8\u0aa4\u0acd\u0aa4\u0abe\u0a93\u0aa8\u0ac7 \u0aa6\u0ac7\u0ab5\u0ac7 \u0aaa\u0ab0\u0abe\u0a9c\u0ac0\u0aa4 \u0a95\u0ab0\u0acd\u0aaf\u0acb. \u0ab5\u0aa7\u0ab8\u0acd\u0aa4\u0a82\u0aad \u0ab5\u0aa1\u0ac7 \u0aa6\u0ac7\u0ab5\u0ac7 \u0a9c\u0aaf \u0aae\u0ac7\u0ab3\u0ab5\u0acd\u0aaf\u0acb \u0a85\u0aa8\u0ac7 \u0aa4\u0ac7 \u0ab6\u0abe\u0ab8\u0a95\u0acb \u0a85\u0aa8\u0ac7 \u0ab8\u0aa4\u0acd\u0aa4\u0abe\u0a93\u0aa8\u0ac7 \u0aaa\u0ab0\u0abe\u0a9c\u0ac0\u0aa4 \u0a95\u0ab0\u0acd\u0aaf\u0abe. \u0aa6\u0ac7\u0ab5\u0ac7 \u0a9c\u0a97\u0aa4\u0aa8\u0ac7 \u0aac\u0aa4\u0abe\u0ab5\u0acd\u0aaf\u0ac1\u0a82 \u0a95\u0ac7 \u0aa4\u0ac7\u0a93 \u0ab8\u0abe\u0ab0\u0acd\u0aae\u0aa5\u0acd\u0aaf\u0ab9\u0ac0\u0aa8 \u0ab9\u0aa4\u0abe."},{"Verseid":"50001015","Verse":"\u0aa4\u0ac7\u0aa5\u0ac0 \u0a95\u0acb\u0a88 \u0aaa\u0aa3 \u0ab5\u0acd\u0aaf\u0a95\u0acd\u0aa4\u0abf\u0aa8\u0ac7 \u0aa4\u0aae\u0abe\u0ab0\u0abe \u0aae\u0abe\u0a9f\u0ac7 \u0a96\u0abe\u0ab5\u0abe\u0aaa\u0ac0\u0ab5\u0abe \u0a85\u0a82\u0a97\u0ac7\u0aa8\u0abe \u0a95\u0ac7 \u0aaf\u0ab9\u0ac2\u0aa6\u0ac0 \u0ab0\u0abf\u0ab5\u0abe\u0a9c\u0acb. (\u0a89\u0aa4\u0acd\u0ab8\u0ab5\u0acb, \u0a9a\u0abe\u0a82\u0aa6\u0ab0\u0abe\u0aa4,\u0a95\u0ac7 \u0ab5\u0abf\u0ab6\u0acd\u0ab0\u0abe\u0aae\u0ab5\u0abe\u0ab0) \u0ab5\u0abf\u0ab7\u0ac7 \u0a95\u0acb\u0a88 \u0aa4\u0aae\u0aa8\u0ac7 \u0aa6\u0acb\u0ab7\u0abf\u0aa4 \u0aa8 \u0aa0\u0ab0\u0abe\u0ab5\u0ac7. \u0a95\u0acb\u0a88 \u0aaa\u0aa3 \u0ab5\u0acd\u0aaf\u0a95\u0acd\u0aa4\u0abf\u0aa8\u0ac7 \u0a86 \u0ab5\u0abf\u0ab7\u0ac7 \u0aa4\u0aae\u0abe\u0ab0\u0abe \u0aae\u0abe\u0a9f\u0ac7 \u0aa8\u0abf\u0aaf\u0aae\u0acb \u0aa8 \u0a98\u0aa1\u0ab5\u0abe \u0aa6\u0acb."},{"Verseid":"50001016","Verse":"\u0aad\u0ac2\u0aa4\u0a95\u0abe\u0ab3\u0aae\u0abe\u0a82, \u0a86 \u0aac\u0abe\u0aac\u0aa4\u0acb \u0aaa\u0aa1\u0a9b\u0abe\u0aaf\u0abe\u0ab0\u0ac2\u0aaa \u0ab9\u0aa4\u0ac0 \u0a95\u0ac7 \u0a9c\u0ac7\u0aa8\u0ac1\u0a82 \u0a86\u0a97\u0aae\u0aa8 \u0aa5\u0a88 \u0ab0\u0ab9\u0acd\u0aaf\u0ac1\u0a82 \u0a9b\u0ac7 \u0aa4\u0ac7 \u0aa6\u0ab0\u0acd\u0ab6\u0abe\u0ab5\u0aa4\u0ac0 \u0ab9\u0aa4\u0ac0. \u0aaa\u0ab0\u0a82\u0aa4\u0ac1 \u0aa8\u0ac2\u0aa4\u0aa8 \u0aac\u0abe\u0aac\u0aa4\u0acb \u0a95\u0ac7 \u0a9c\u0ac7\u0aa8\u0ac1\u0a82 \u0a86\u0a97\u0aae\u0aa8 \u0aa5\u0ab5\u0abe\u0aa8\u0ac1\u0a82 \u0ab9\u0aa4\u0ac1\u0a82 \u0aa4\u0ac7 \u0a96\u0acd\u0ab0\u0abf\u0ab8\u0acd\u0aa4\u0aae\u0abe\u0a82 \u0aa6\u0ac7\u0a96\u0abe\u0a88 \u0a9b\u0ac7."},{"Verseid":"50001017","Verse":"\u0a95\u0ac7\u0a9f\u0ab2\u0abe\u0a95 \u0ab2\u0acb\u0a95\u0acb \u0aa8\u0aae\u0acd\u0ab0\u0aa4\u0abe \u0a85\u0aa8\u0ac7 \u0aa6\u0ac2\u0aa4\u0acb\u0aa8\u0ac0 \u0ab8\u0ac7\u0ab5\u0abe \u0a95\u0ab0\u0ab5\u0abe \u0a88\u0a9a\u0acd\u0a9b\u0aa4\u0abe \u0ab9\u0acb\u0aaf, \u0a8f\u0ab5\u0ac1\u0a82 \u0ab5\u0ab0\u0acd\u0aa4\u0aa8 \u0a95\u0ab0\u0ac7 \u0a9b\u0ac7. \u0aa4\u0ac7 \u0ab2\u0acb\u0a95\u0acb \u0ab9\u0aae\u0ac7\u0ab6\u0abe \u0a9c\u0ac7 \u0aa6\u0ab0\u0acd\u0ab6\u0aa8\u0acb \u0aa4\u0ac7\u0a93\u0a8f \u0a9c\u0acb\u0aaf\u0abe \u0ab9\u0acb\u0aaf \u0aa4\u0ac7\u0aa8\u0abe \u0ab5\u0abf\u0ab7\u0ac7 \u0a95\u0ab9\u0ac7\u0aa4\u0abe \u0ab0\u0ab9\u0ac7 \u0a9b\u0ac7. \u0aa4\u0ac7 \u0ab2\u0acb\u0a95\u0acb\u0aa8\u0ac7 \u0aa8 \u0a95\u0ab9\u0ac7\u0ab5\u0abe \u0aa6\u0acb \u0a95\u0ac7, \u201c\u0aa4\u0aae\u0ac7 \u0a86\u0aae \u0a95\u0ab0\u0aa4\u0abe \u0aa8\u0aa5\u0ac0, \u0aa4\u0ac7\u0aa5\u0ac0 \u0aa4\u0aae\u0ac7 \u0a96\u0acb\u0a9f\u0abe \u0a9b\u0acb.\u201d \u0aa4\u0ac7 \u0ab2\u0acb\u0a95\u0acb \u0aae\u0ac2\u0ab0\u0acd\u0a96 \u0a85\u0aad\u0abf\u0aae\u0abe\u0aa8\u0aa5\u0ac0 \u0aad\u0ab0\u0aaa\u0ac2\u0ab0 \u0a9b\u0ac7. \u0a95\u0abe\u0ab0\u0aa3 \u0a95\u0ac7 \u0aa4\u0ac7\u0a93 \u0aab\u0a95\u0acd\u0aa4 \u0aae\u0abe\u0aa8\u0ab5 \u0ab5\u0abf\u0a9a\u0abe\u0ab0\u0acb\u0aa8\u0ac7 \u0a9c \u0ab5\u0abf\u0a9a\u0abe\u0ab0\u0ac0 \u0ab6\u0a95\u0ac7, \u0aa6\u0ac7\u0ab5\u0aa8\u0abe \u0ab5\u0abf\u0a9a\u0abe\u0ab0\u0acb\u0aa8\u0ac7 \u0aa8\u0ab9\u0abf."},{"Verseid":"50001018","Verse":"\u0aa4\u0ac7 \u0ab2\u0acb\u0a95\u0acb \u0aa4\u0ac7\u0aae\u0aa8\u0ac0 \u0a9c\u0abe\u0aa4\u0aa8\u0ac7 \u0ab6\u0abf\u0ab0\u0aa8\u0abe\u0a82 \u0aa8\u0abf\u0aaf\u0a82\u0aa4\u0acd\u0ab0\u0aa3 \u0ab9\u0ac7\u0aa0\u0ab3 \u0ab0\u0abe\u0a96\u0aa4\u0abe \u0aa8\u0aa5\u0ac0. \u0ab8\u0aae\u0a97\u0acd\u0ab0 \u0ab6\u0ab0\u0ac0\u0ab0 \u0a96\u0acd\u0ab0\u0abf\u0ab8\u0acd\u0aa4 \u0aaa\u0ab0 \u0a86\u0aa7\u0abe\u0ab0\u0abf\u0aa4 \u0ab9\u0acb\u0aaf \u0a9b\u0ac7. \u0a96\u0acd\u0ab0\u0abf\u0ab8\u0acd\u0aa4\u0aa8\u0ac7 (\u0ab6\u0abf\u0ab0) \u0ab2\u0ac0\u0aa7\u0ac7 \u0a9c \u0ab6\u0ab0\u0ac0\u0ab0\u0aa8\u0abe\u0a82 \u0aac\u0aa7\u0abe \u0a9c \u0a85\u0ab5\u0aaf\u0ab5\u0acb \u0a8f\u0a95\u0aac\u0ac0\u0a9c\u0abe\u0aa8\u0ac0 \u0aa6\u0ab0\u0a95\u0abe\u0ab0 \u0ab0\u0abe\u0a96\u0ac7 \u0a9b\u0ac7 \u0a85\u0aa8\u0ac7 \u0a8f\u0a95\u0aac\u0ac0\u0a9c\u0abe\u0aa8\u0ac7 \u0aae\u0aa6\u0aa6 \u0a95\u0ab0\u0ac7 \u0a9b\u0ac7. \u0a86 \u0ab6\u0ab0\u0ac0\u0ab0\u0aa8\u0ac7 \u0aae\u0a9c\u0aac\u0ac2\u0aa4 \u0aac\u0aa8\u0abe\u0ab5\u0ac7 \u0a9b\u0ac7. \u0a85\u0aa8\u0ac7 \u0aa4\u0ac7\u0aa8\u0ac7 \u0ab8\u0a82\u0a97\u0aa0\u0abf\u0aa4 \u0a95\u0ab0\u0ac7 \u0a9b\u0ac7. \u0a85\u0aa8\u0ac7 \u0aa4\u0ac7\u0aa5\u0ac0 \u0aa6\u0ac7\u0ab5 \u0a9c\u0ac7 \u0ab0\u0ac0\u0aa4\u0ac7 \u0a88\u0a9a\u0acd\u0a9b\u0ac7 \u0a9b\u0ac7 \u0aa4\u0ac7 \u0ab0\u0ac0\u0aa4\u0ac7 \u0ab6\u0ab0\u0ac0\u0ab0 \u0ab5\u0abf\u0a95\u0abe\u0ab8 \u0aaa\u0abe\u0aae\u0ac7 \u0a9b\u0ac7."},{"Verseid":"50001019","Verse":"\u0aa4\u0aae\u0ac7 \u0a96\u0acd\u0ab0\u0abf\u0ab8\u0acd\u0aa4 \u0ab8\u0abe\u0aa5\u0ac7 \u0aae\u0ac2\u0a86 \u0a85\u0aa8\u0ac7 \u0aa6\u0ac1\u0aa8\u0acd\u0aaf\u0ab5\u0ac0 \u0aa8\u0abf\u0ab0\u0ab0\u0acd\u0aa5\u0a95 \u0aa8\u0abf\u0aaf\u0aae\u0acb\u0aa5\u0ac0 \u0aae\u0ac1\u0a95\u0acd\u0aa4 \u0aa5\u0aaf\u0ac7\u0ab2\u0abe \u0a9b\u0acb. \u0aa4\u0ac7\u0aa5\u0ac0 \u0aa4\u0aae\u0ac7 \u0ab9\u0a9c\u0ac1 \u0aaa\u0aa3 \u0a86 \u0aa6\u0ac1\u0aa8\u0abf\u0aaf\u0abe \u0ab8\u0abe\u0aa5\u0ac7 \u0ab8\u0a82\u0a95\u0ab3\u0aaf\u0ac7\u0ab2\u0abe \u0ab9\u0acb\u0aaf \u0aa4\u0aae\u0ac7 \u0ab5\u0ab0\u0acd\u0aa4\u0acb \u0a9b\u0acb? \u0aae\u0abe\u0ab0\u0acb \u0a86 \u0aae\u0aa4\u0ab2\u0aac \u0a9b\u0ac7, \u0a95\u0ac7 \u0ab6\u0abe \u0aae\u0abe\u0a9f\u0ac7 \u0a86\u0ab5\u0abe \u0aa8\u0abf\u0aaf\u0aae\u0acb \u0aaa\u0abe\u0ab3\u0acb \u0a9b\u0acb:"},{"Verseid":"50001020","Verse":"\u201c\u0a86 \u0a96\u0abe\u0ab6\u0acb \u0aa8\u0ab9\u0abf,\u201d \u201c\u0aaa\u0ac7\u0ab2\u0ac1\u0a82 \u0a9a\u0abe\u0a96\u0ab5\u0ac1\u0a82 \u0aa8\u0ab9\u0abf,\u201d \u201c\u0aaa\u0ac7\u0ab2\u0ac0 \u0ab5\u0ab8\u0acd\u0aa4\u0ac1\u0aa8\u0ac7 \u0a85\u0aa1\u0a95\u0ab6\u0acb \u0aa8\u0ab9\u0abf?\u201d"},{"Verseid":"50001021","Verse":"\u0a86 \u0aa8\u0abf\u0aae\u0aaf\u0acb \u0a8f\u0ab5\u0ac0 \u0aa6\u0ac1\u0aa8\u0acd\u0aaf\u0ab5\u0ac0 \u0ab5\u0ab8\u0acd\u0aa4\u0ac1\u0a93 \u0ab5\u0abf\u0ab7\u0ac7 \u0ab5\u0abe\u0aa4\u0a9a\u0ac0\u0aa4 \u0a95\u0ab0\u0ac0 \u0ab0\u0ab9\u0acd\u0aaf\u0abe\u0a82 \u0a9b\u0ac7 \u0a95\u0ac7 \u0a9c\u0ac7\u0aa8\u0acb \u0a89\u0aaa\u0aaf\u0acb\u0a97 \u0a95\u0ab0\u0acd\u0aaf\u0abe \u0aaa\u0a9b\u0ac0 \u0a9c\u0ac7\u0aa8\u0ac1\u0a82 \u0a95\u0acb\u0a88 \u0a85\u0ab8\u0acd\u0aa4\u0abf\u0aa4\u0acd\u0ab5 \u0a9c \u0ab0\u0ab9\u0ac7\u0aa4\u0ac1\u0a82 \u0aa8\u0aa5\u0ac0. \u0a86 \u0aa8\u0abf\u0aaf\u0aae\u0acb \u0aa4\u0acb \u0aab\u0a95\u0acd\u0aa4 \u0ab2\u0acb\u0a95\u0acb\u0aa5\u0ac0 \u0aae\u0ab3\u0ac7\u0ab2 \u0a86\u0a9c\u0acd\u0a9e\u0abe \u0aa4\u0aa5\u0abe \u0ab6\u0abf\u0a95\u0acd\u0ab7\u0aa3 \u0a9b\u0ac7, \u0aa6\u0ac7\u0ab5\u0aa5\u0ac0 \u0aa8\u0ab9\u0abf."},{"Verseid":"50001022","Verse":"\u0a86 \u0aa8\u0abf\u0aaf\u0aae\u0acb \u0ab8\u0abe\u0ab0\u0abe \u0ab2\u0abe\u0a97\u0ac7 \u0a9b\u0ac7. \u0aaa\u0ab0\u0a82\u0aa4\u0ac1 \u0a86 \u0aa8\u0abf\u0aaf\u0aae\u0acb \u0aa4\u0acb \u0aac\u0ab8 \u0aae\u0abe\u0aa8\u0ab5 \u0aa8\u0abf\u0ab0\u0acd\u0aae\u0abf\u0aa4 \u0aa7\u0ab0\u0acd\u0aae\u0aa8\u0abe \u0aad\u0abe\u0a97\u0ab0\u0ac2\u0aaa \u0a9b\u0ac7 \u0a95\u0ac7 \u0a9c\u0ac7 \u0aae\u0abe\u0aa3\u0ab8\u0acb\u0aa8\u0ac7 \u0aa8\u0aae\u0acd\u0ab0\u0aa4\u0abe\u0aa8\u0acb \u0aa2\u0acb\u0a82\u0a97 \u0ab0\u0a9a\u0ab5\u0abe \u0aaa\u0acd\u0ab0\u0ac7\u0ab0\u0ac7 \u0a9b\u0ac7, \u0a85\u0aa8\u0ac7 \u0aa4\u0ac7\u0a93\u0aa8\u0ac7 \u0aa6\u0ac7\u0ab9\u0aa6\u0aae\u0aa8 \u0aae\u0abe\u0a9f\u0ac7 \u0aaa\u0acd\u0ab0\u0ac7\u0ab0\u0ac7 \u0a9b\u0ac7. \u0aaa\u0ab0\u0a82\u0aa4\u0ac1 \u0a86 \u0aa8\u0abf\u0aaf\u0aae\u0acb \u0ab2\u0acb\u0a95\u0acb\u0aa8\u0ac7 \u0aa4\u0ac7\u0a93\u0aa8\u0acb \u0aaa\u0abe\u0aaa\u0ac0 \u0ab8\u0acd\u0ab5\u0aad\u0abe\u0ab5 \u0a9c\u0ac7 \u0aa6\u0ac1\u0ab7\u0acd\u0a95\u0ab0\u0acd\u0aae\u0acb \u0a88\u0a9a\u0acd\u0a9b\u0ac7 \u0aa4\u0ac7 \u0a95\u0ab0\u0abe\u0ab5\u0ac7 \u0a9b\u0ac7, \u0aa4\u0ac7\u0aa8\u0ac7 \u0a85\u0a9f\u0a95\u0abe\u0ab5\u0ab5\u0abe\u0aae\u0abe\u0a82 \u0aae\u0aa6\u0aa6\u0a95\u0ab0\u0acd\u0aa4\u0abe"}]},{"Verse":[{"Verseid":"50002000","Verse":"\u0a96\u0acd\u0ab0\u0abf\u0ab8\u0acd\u0aa4 \u0ab8\u0abe\u0aa5\u0ac7 \u0aa4\u0aae\u0aa8\u0ac7 \u0aae\u0ac2\u0a8f\u0ab2\u0abe\u0aae\u0abe\u0a82\u0aa5\u0ac0 \u0a89\u0aa0\u0abe\u0aa1\u0ab5\u0abe\u0aae\u0abe\u0a82 \u0a86\u0ab5\u0ac7\u0ab2\u0abe. \u0aa4\u0ac7\u0aa5\u0ac0 \u0aa4\u0ac7 \u0ab5\u0ab8\u0acd\u0aa4\u0ac1\u0a93, \u0a9c\u0ac7 \u0a86\u0a95\u0abe\u0ab6\u0aae\u0abe\u0a82 \u0a9b\u0ac7 \u0aa4\u0ac7 \u0aaa\u0acd\u0ab0\u0abe\u0aaa\u0acd\u0aa4 \u0a95\u0ab0\u0ab5\u0abe \u0aae\u0abe\u0a9f\u0ac7 \u0a88\u0a9a\u0acd\u0a9b\u0abe \u0a95\u0ab0\u0acb. \u0aae\u0abe\u0ab0\u0acb \u0aae\u0aa4\u0ab2\u0aac \u0a9b\u0ac7 \u0a95\u0ac7 \u0a8f \u0ab5\u0ab8\u0acd\u0aa4\u0ac1\u0a93 \u0a95\u0ac7 \u0a9c\u0acd\u0aaf\u0abe\u0a82 \u0a96\u0acd\u0ab0\u0abf\u0ab8\u0acd\u0aa4 \u0aa6\u0ac7\u0ab5\u0aa8\u0abe \u0a9c\u0aae\u0aa3\u0abe \u0ab9\u0abe\u0aa5\u0ac7 \u0aac\u0ac7\u0aa0\u0ac7\u0ab2\u0acb \u0a9b\u0ac7."},{"Verseid":"50002001","Verse":"\u0aab\u0a95\u0acd\u0aa4 \u0a86\u0a95\u0abe\u0ab6\u0aa8\u0ac0 \u0ab5\u0ab8\u0acd\u0aa4\u0ac1\u0a93 \u0ab5\u0abf\u0ab7\u0ac7 \u0a9c \u0ab5\u0abf\u0a9a\u0abe\u0ab0 \u0a95\u0ab0\u0acb, \u0aaa\u0ac3\u0aa5\u0acd\u0ab5\u0ac0 \u0aaa\u0ab0\u0aa8\u0ac0 \u0ab5\u0ab8\u0acd\u0aa4\u0ac1\u0a93 \u0ab5\u0abf\u0ab7\u0ac7 \u0aa8\u0ab9\u0abf."},{"Verseid":"50002002","Verse":"\u0aa4\u0aae\u0abe\u0ab0\u0ac0 \u0a9c\u0ac2\u0aa8\u0ac0 \u0aaa\u0abe\u0aaa\u0ac0 \u0a9c\u0abe\u0aa4 \u0aae\u0ac3\u0aa4\u0acd\u0aaf\u0ac1 \u0aaa\u0abe\u0aae\u0ac0 \u0a9b\u0ac7, \u0a85\u0aa8\u0ac7 \u0a96\u0acd\u0ab0\u0abf\u0ab8\u0acd\u0aa4 \u0ab8\u0abe\u0aa5\u0ac7 \u0aa6\u0ac7\u0ab5\u0aae\u0abe\u0a82 \u0aa4\u0aae\u0abe\u0ab0\u0ac1\u0a82 \u0aa8\u0ab5\u0ac1\u0a82 \u0a9c\u0ac0\u0ab5\u0aa8 \u0a97\u0ac1\u0aaa\u0acd\u0aa4 \u0ab0\u0abe\u0a96\u0ac7\u0ab2 \u0a9b\u0ac7."},{"Verseid":"50002003","Verse":"\u0a96\u0acd\u0ab0\u0abf\u0ab8\u0acd\u0aa4 \u0a9c \u0aa4\u0aae\u0abe\u0ab0\u0ac1\u0a82 \u0a9c\u0ac0\u0ab5\u0aa8 \u0a9b\u0ac7. \u0a9c\u0acd\u0aaf\u0abe\u0ab0\u0ac7 \u0aa4\u0ac7\u0aa8\u0ac1\u0a82 \u0aaa\u0ac1\u0aa8\u0ab0\u0abe\u0a97\u0aae\u0aa8 \u0aa5\u0ab6\u0ac7, \u0aa4\u0acd\u0aaf\u0abe\u0ab0\u0ac7 \u0aa4\u0aae\u0ac7 \u0aa4\u0ac7\u0aa8\u0abe \u0aae\u0ab9\u0abf\u0aae\u0abe\u0aa8\u0abe \u0ab8\u0ab9\u0aad\u0abe\u0a97\u0ac0 \u0aac\u0aa8\u0ab6\u0acb."},{"Verseid":"50002004","Verse":"\u0a8f \u0aae\u0abe\u0a9f\u0ac7 \u0aaa\u0ac3\u0aa5\u0acd\u0ab5\u0ac0 \u0aaa\u0ab0\u0aa8\u0abe \u0aa4\u0aae\u0abe\u0aae \u0a85\u0ab5\u0aaf\u0ab5\u0acb, \u0a8f\u0a9f\u0ab2\u0ac7 \u0ab5\u0acd\u0aaf\u0aad\u0abf\u0a9a\u0abe\u0ab0, \u0a85\u0ab6\u0ac1\u0aa6\u0acd\u0aa7\u0aa4\u0abe, \u0ab5\u0abf\u0ab7\u0aaf\u0ab5\u0abe\u0ab8\u0aa8\u0abe, \u0aad\u0ac2\u0a82\u0aa1\u0ac0 \u0a88\u0a9a\u0acd\u0a9b\u0abe \u0aa4\u0aa5\u0abe \u0aa6\u0acd\u0ab0\u0ab5\u0acd\u0aaf\u0ab2\u0acb\u0aad \u0a9c\u0ac7 \u0aae\u0ac2\u0ab0\u0acd\u0aa4\u0abf\u0aaa\u0ac2\u0a9c\u0abe \u0a9b\u0ac7, \u0aa4\u0ac7\u0a93\u0aa8\u0ac7 \u0aae\u0abe\u0ab0\u0ac0 \u0aa8\u0abe\u0a96\u0acb."},{"Verseid":"50002005","Verse":"\u0a8f \u0a95\u0abe\u0aae\u0acb \u0aa6\u0ac7\u0ab5\u0aa8\u0ac7 \u0a95\u0acd\u0ab0\u0acb\u0aa7\u0abf\u0aa4 \u0a95\u0ab0\u0ac7 \u0a9b\u0ac7."},{"Verseid":"50002006","Verse":"\u0aad\u0ac2\u0aa4\u0a95\u0abe\u0ab3\u0aa8\u0abe \u0aa4\u0aae\u0abe\u0ab0\u0abe \u0aa6\u0ac1\u0ab7\u0acd\u0a9f \u0a9c\u0ac0\u0ab5\u0aa8\u0aae\u0abe\u0a82 \u0aaa\u0aa3 \u0aa4\u0aae\u0ac7 \u0a86 \u0a9c \u0aac\u0abe\u0aac\u0aa4\u0acb \u0a95\u0ab0\u0ac0 \u0a9b\u0ac7."},{"Verseid":"50002007","Verse":"\u0aaa\u0ab0\u0a82\u0aa4\u0ac1 \u0ab9\u0ab5\u0ac7 \u0aa4\u0aae\u0abe\u0ab0\u0abe \u0a9c\u0ac0\u0ab5\u0aa8\u0aae\u0abe\u0a82 \u0a86 \u0ab5\u0ab8\u0acd\u0aa4\u0ac1\u0a93\u0aa8\u0ac7 \u0a9c\u0abe\u0a95\u0abe\u0ab0\u0acb \u0a86\u0aaa\u0acb: \u0a9c\u0ac7\u0ab5\u0ac0 \u0a95\u0ac7 \u0ab0\u0ac0\u0ab8, \u0aac\u0ac0\u0a9c\u0abe \u0ab2\u0acb\u0a95\u0acb\u0aa8\u0ac0 \u0ab2\u0abe\u0a97\u0aa3\u0ac0 \u0aa6\u0ac1\u0aad\u0abe\u0ab5\u0ac7 \u0aa4\u0ac7\u0ab5\u0ac0 \u0ab5\u0ab8\u0acd\u0aa4\u0ac1\u0a93 \u0aac\u0acb\u0ab2\u0ab5\u0ac0 \u0a95\u0ac7 \u0a95\u0ab0\u0ab5\u0ac0, \u0a85\u0aa8\u0ac7 \u0ab5\u0abe\u0aa4\u0a9a\u0ac0\u0aa4 \u0aa6\u0ab0\u0aae\u0acd\u0aaf\u0abe\u0aa8 \u0a85\u0aaa\u0ab6\u0aac\u0acd\u0aa6\u0acb\u0aa8\u0acb \u0a89\u0aaa\u0aaf\u0acb\u0a97 \u0a95\u0ab0\u0ab5\u0acb, \u0a85\u0aa8\u0ac7 \u0ab5\u0abe\u0aa4\u0a9a\u0ac0\u0aa4 \u0aa6\u0ab0\u0aae\u0acd\u0aaf\u0abe\u0aa8 \u0a85\u0aaa\u0ab6\u0aac\u0acd\u0aa6\u0acb\u0aa8\u0acb \u0a89\u0aaa\u0aaf\u0acb\u0a97 \u0a95\u0ab0\u0ab5\u0acb."},{"Verseid":"50002008","Verse":"\u0a8f\u0a95\u0aac\u0ac0\u0a9c\u0abe \u0ab8\u0abe\u0aa5\u0ac7 \u0a9c\u0ac2\u0aa0\u0acd\u0aa0\u0ac1\u0a82 \u0aa8 \u0aac\u0acb\u0ab2\u0acb. \u0ab6\u0abe \u0aae\u0abe\u0a9f\u0ac7? \u0a95\u0abe\u0ab0\u0aa3 \u0a95\u0ac7 \u0aa4\u0aae\u0ac7 \u0aa4\u0aae\u0abe\u0ab0\u0ac1\u0a82 \u0aaa\u0abe\u0aaa\u0ac0 \u0a9c\u0ac0\u0ab5\u0aa8 \u0aa4\u0aa5\u0abe \u0aa4\u0ac7\u0ab5\u0abe\u0a82 \u0a95\u0abe\u0ab0\u0acd\u0aaf\u0acb \u0a9c\u0ac7 \u0aa4\u0aae\u0ac7 \u0a85\u0a97\u0abe\u0a89 \u0a95\u0ab0\u0ac7\u0ab2\u0abe\u0a82 \u0aa4\u0ac7 \u0aa4\u0acb \u0a95\u0acd\u0aaf\u0abe\u0ab0\u0aa8\u0abe \u0aaf \u0a9b\u0acb\u0aa1\u0ac0 \u0aa6\u0ac0\u0aa7\u0abe\u0a82 \u0a9b\u0ac7."},{"Verseid":"50002009","Verse":"\u0aa4\u0aae\u0ac7 \u0aa8\u0ab5\u0ac1\u0a82 \u0a9c\u0ac0\u0ab5\u0aa8 \u0ab6\u0ab0\u0ac2 \u0a95\u0ab0\u0acd\u0aaf\u0ac1 \u0a9b\u0ac7. \u0aa4\u0aae\u0abe\u0ab0\u0abe \u0aa8\u0ab5\u0abe \u0a9c\u0ac0\u0ab5\u0aa8\u0aae\u0abe\u0a82 \u0aa4\u0aae\u0ac7 \u0aa8\u0ab5\u0abe \u0aac\u0aa8\u0abe\u0ab5\u0abe\u0aaf\u0abe \u0a9b\u0acb. \u0a9c\u0ac7\u0aa3\u0ac7 \u0aa4\u0aae\u0abe\u0ab0\u0ac1\u0a82 \u0ab8\u0ab0\u0acd\u0a9c\u0aa8 \u0a95\u0ab0\u0acd\u0aaf\u0ac1 \u0a9b\u0ac7 \u0aa4\u0ac7\u0aa8\u0abe \u0a9c\u0ac7\u0ab5\u0abe \u0aa4\u0aae\u0ac7 \u0aac\u0aa8\u0ac0 \u0ab0\u0ab9\u0acd\u0aaf\u0abe\u0a82 \u0a9b\u0acb. \u0a86 \u0aa8\u0ab5\u0ac1\u0a82 \u0a9c\u0ac0\u0ab5\u0aa8 \u0aa4\u0aae\u0aa8\u0ac7 \u0aa6\u0ac7\u0ab5\u0aa8\u0ac1\u0a82 \u0ab8\u0aa4\u0acd\u0aaf \u0a9c\u0acd\u0a9e\u0abe\u0aa8 \u0a86\u0aaa\u0ac7 \u0a9b\u0ac7."},{"Verseid":"50002010","Verse":"\u0aa8\u0ab5\u0abe \u0a9c\u0ac0\u0ab5\u0aa8\u0aae\u0abe\u0a82 \u0a97\u0acd\u0ab0\u0ac0\u0a95 \u0a85\u0aa8\u0ac7 \u0aaf\u0ab9\u0ac2\u0aa6\u0abf \u0ab2\u0acb\u0a95\u0acb \u0ab5\u0a9a\u0acd\u0a9a\u0ac7 \u0a95\u0acb\u0a88 \u0aad\u0abf\u0aa8\u0acd\u0aa8\u0aa4\u0abe \u0aa8\u0aa5\u0ac0. \u0a9c\u0ac7 \u0ab2\u0acb\u0a95\u0acb\u0aa8\u0ac0 \u0ab8\u0ac1\u0aa8\u0acd\u0aa8\u0aa4 \u0a95\u0ab0\u0ab5\u0abe\u0aae\u0abe\u0a82 \u0a86\u0ab5\u0ac0 \u0a9b\u0ac7, \u0a85\u0aa8\u0ac7 \u0a9c\u0ac7\u0aa8\u0ac0 \u0ab8\u0ac1\u0aa8\u0acd\u0aa8\u0aa4 \u0a95\u0ab0\u0ab5\u0abe\u0aae\u0abe\u0a82 \u0aa8\u0aa5\u0ac0 \u0a86\u0ab5\u0aa4\u0ac0 \u0aa4\u0ac7\u0ab5\u0abe \u0ab2\u0acb\u0a95\u0acb \u0ab5\u0a9a\u0acd\u0a9a\u0ac7 \u0a95\u0acb\u0a88 \u0aad\u0abf\u0aa8\u0acd\u0aa8\u0aa4\u0abe \u0aa8\u0aa5\u0ac0. \u0a85\u0aa5\u0ab5\u0abe \u0aa4\u0acb \u0aa4\u0ac7 \u0ab2\u0acb\u0a95\u0acb \u0a95\u0ac7 \u0a9c\u0ac7 \u0ab5\u0abf\u0aa6\u0ac7\u0ab6\u0ac0\u0a93 \u0a85\u0aa5\u0ab5\u0abe \u0ab8\u0abf\u0aa5\u0abf\u0aaf\u0aa8\u0acb \u0a9b\u0ac7 \u0aa4\u0ac7\u0aae\u0aa8\u0ac0 \u0ab5\u0a9a\u0acd\u0a9a\u0ac7 \u0a95\u0acb\u0a88 \u0aad\u0abf\u0aa8\u0acd\u0aa8\u0aa4\u0abe \u0aa8\u0aa5\u0ac0. \u0ab8\u0acd\u0ab5\u0aa4\u0a82\u0aa4\u0acd\u0ab0 \u0ab2\u0acb\u0a95\u0acb \u0a85\u0aa8\u0ac7 \u0aa6\u0abe\u0ab8\u0acb \u0ab5\u0a9a\u0acd\u0a9a\u0ac7 \u0aaa\u0aa3 \u0a95\u0acb\u0a88 \u0a9c \u0aad\u0abf\u0aa8\u0acd\u0aa8\u0aa4\u0abe \u0aa8\u0aa5\u0ac0. \u0aaa\u0ab0\u0a82\u0aa4\u0ac1 \u0a96\u0acd\u0ab0\u0abf\u0ab8\u0acd\u0aa4 \u0aa4\u0acb \u0aac\u0aa7\u0abe \u0a9c \u0ab5\u0abf\u0ab6\u0acd\u0ab5\u0abe\u0ab8\u0ac0\u0a93\u0aae\u0abe\u0a82 \u0ab5\u0ab8\u0ac7 \u0a9b\u0ac7. \u0a85\u0aa8\u0ac7 \u0a96\u0acd\u0ab0\u0abf\u0ab8\u0acd\u0aa4 \u0ab8\u0ab0\u0acd\u0ab5 \u0aa4\u0aa5\u0abe \u0ab8\u0ab0\u0acd\u0ab5\u0aae\u0abe\u0a82 \u0a9b\u0ac7."},{"Verseid":"50002011","Verse":"\u0aa6\u0ac7\u0ab5\u0ac7 \u0aa4\u0aae\u0aa8\u0ac7 \u0aaa\u0ab8\u0a82\u0aa6 \u0a95\u0ab0\u0acd\u0aaf\u0abe \u0a9b\u0ac7 \u0a85\u0aa8\u0ac7 \u0aa4\u0aae\u0aa8\u0ac7 \u0aa4\u0ac7\u0aa8\u0abe \u0aaa\u0ab5\u0abf\u0aa4\u0acd\u0ab0 \u0ab2\u0acb\u0a95\u0acb \u0aac\u0aa8\u0abe\u0ab5\u0acd\u0aaf\u0abe \u0a9b\u0ac7. \u0aa4\u0ac7 \u0aa4\u0aae\u0aa8\u0ac7 \u0aaa\u0acd\u0ab0\u0ac7\u0aae \u0a95\u0ab0\u0ac7 \u0a9b\u0ac7. \u0aa4\u0ac7\u0aa5\u0ac0 \u0ab9\u0aae\u0ac7\u0ab6\u0abe \u0a86 \u0ab5\u0ab8\u0acd\u0aa4\u0ac1\u0a93 \u0a95\u0ab0\u0acb: \u0aa7\u0ac8\u0ab0\u0acd\u0aaf\u0ab5\u0abe\u0aa8 \u0aa8\u0ac7 \u0aa6\u0aaf\u0abe\u0ab5\u0abe\u0aa8 \u0aac\u0aa8\u0acb, \u0aad\u0ab2\u0abe\u0a88 \u0a95\u0ab0\u0acb, \u0aa6\u0ac0\u0aa8, \u0aa8\u0aae\u0acd\u0ab0, \u0ab8\u0ab9\u0aa8\u0ab6\u0ac0\u0ab2 \u0aac\u0aa8\u0acb."},{"Verseid":"50002012","Verse":"\u0a8f\u0a95\u0aac\u0ac0\u0a9c\u0abe\u0aa8\u0ac7 \u0ab8\u0ab9\u0aa8 \u0a95\u0ab0\u0acb, \u0a8f\u0a95\u0aac\u0ac0\u0a9c\u0abe\u0aa8\u0ac7 \u0aae\u0abe\u0aab \u0a95\u0ab0\u0acb. \u0a9c\u0acb \u0a95\u0acb\u0a88 \u0ab5\u0acd\u0aaf\u0a95\u0acd\u0aa4\u0abf \u0aa4\u0aae\u0abe\u0ab0\u0ac0 \u0ab5\u0abf\u0ab0\u0ac1\u0a82\u0aa6\u0acd\u0aa7 \u0a95\u0acb\u0a88 \u0a85\u0aa8\u0ac1\u0a9a\u0abf\u0aa4 \u0a86\u0a9a\u0ab0\u0aa3 \u0a95\u0ab0\u0ac7, \u0aa4\u0acb \u0aa4\u0ac7\u0aa8\u0ac7 \u0aa4\u0aae\u0ac7 \u0aae\u0abe\u0aab \u0a95\u0ab0\u0acb. \u0aac\u0ac0\u0a9c\u0abe \u0ab2\u0acb\u0a95\u0acb\u0aa8\u0ac7 \u0aae\u0abe\u0aab \u0a95\u0ab0\u0acb \u0a95\u0abe\u0ab0\u0aa3 \u0a95\u0ac7 \u0aaa\u0acd\u0ab0\u0aad\u0ac1\u0a8f \u0aa4\u0aae\u0aa8\u0ac7 \u0aae\u0abe\u0aab \u0a95\u0ab0\u0acd\u0aaf\u0abe \u0a9b\u0ac7."},{"Verseid":"50002013","Verse":"\u0a86 \u0aac\u0aa7\u0ac0 \u0a9c \u0aac\u0abe\u0aac\u0aa4\u0acb \u0a95\u0ab0\u0acb; \u0aaa\u0ab0\u0a82\u0aa4\u0ac1 \u0aa4\u0ac7 \u0aac\u0aa7\u0abe\u0aa5\u0ac0 \u0aae\u0ab9\u0aa4\u0acd\u0ab5\u0aaa\u0ac2\u0ab0\u0acd\u0aa3 \u0a8f \u0a9b\u0ac7 \u0a95\u0ac7, \u0aa4\u0aae\u0ac7 \u0a8f\u0a95\u0aac\u0ac0\u0a9c\u0abe\u0aa8\u0ac7 \u0aaa\u0acd\u0ab0\u0ac7\u0aae \u0a95\u0ab0\u0acb. \u0aa4\u0aae\u0aa8\u0ac7 \u0aa6\u0ab0\u0ac7\u0a95\u0aa8\u0ac7 \u0ab8\u0a82\u0aaa\u0ac2\u0ab0\u0acd\u0aa3 \u0a8f\u0a95\u0aa4\u0abe\u0aae\u0abe\u0a82 \u0ab8\u0abe\u0a82\u0a95\u0ab3\u0aa4\u0ac1\u0a82 \u0aac\u0a82\u0aa7\u0aa8 \u0a9c \u0aaa\u0acd\u0ab0\u0ac7\u0aae \u0a9b\u0ac7."},{"Verseid":"50002014","Verse":"\u0a96\u0acd\u0ab0\u0abf\u0ab8\u0acd\u0aa4 \u0a9c\u0ac7 \u0ab6\u0abe\u0a82\u0aa4\u0abf \u0aaa\u0acd\u0ab0\u0aa6\u0abe\u0aa8 \u0a95\u0ab0\u0ac7 \u0a9b\u0ac7 \u0aa4\u0ac7\u0aa8\u0abe \u0ab5\u0aa1\u0ac7 \u0aa4\u0aae\u0abe\u0ab0\u0abe \u0ab5\u0abf\u0a9a\u0abe\u0ab0\u0acb\u0aa8\u0ac7 \u0aa8\u0abf\u0aaf\u0a82\u0aa4\u0acd\u0ab0\u0abf\u0aa4 \u0aa5\u0ab5\u0abe \u0aa6\u0acb. \u0ab6\u0abe\u0a82\u0aa4\u0abf \u0aaa\u0acd\u0ab0\u0abe\u0aaa\u0acd\u0aa4\u0abf \u0a85\u0ab0\u0acd\u0aa5\u0ac7 \u0aa4\u0aae\u0ac7 \u0aac\u0aa7\u0abe \u0a8f\u0a95 \u0a9c \u0ab6\u0ab0\u0ac0\u0ab0\u0aac\u0aa8\u0ab5\u0abe \u0aae\u0abe\u0a9f\u0ac7 \u0aa4\u0ac7\u0aa1\u0abe\u0aaf\u0ac7\u0ab2\u0abe \u0a9b\u0acb. \u0ab9\u0aae\u0ac7\u0ab6\u0abe \u0a86\u0aad\u0abe\u0ab0\u0ab8\u0acd\u0aa4\u0ac1\u0aa4\u0abf \u0a95\u0ab0\u0acb."},{"Verseid":"50002015","Verse":"\u0a96\u0acd\u0ab0\u0abf\u0ab8\u0acd\u0aa4\u0aa8\u0ac0 \u0ab5\u0abe\u0aa4\u0acb \u0ab8\u0ab0\u0acd\u0ab5 \u0a9c\u0acd\u0a9e\u0abe\u0aa8\u0aae\u0abe\u0a82 \u0aaa\u0ac1\u0ab7\u0acd\u0a95\u0ab3\u0aa4\u0abe\u0aa5\u0ac0 \u0aa4\u0aae\u0abe\u0ab0\u0abe\u0aae\u0abe\u0a82 \u0ab0\u0ab9\u0ac7. \u0a8f\u0a95\u0aac\u0ac0\u0a9c\u0abe\u0aa8\u0ac7 \u0ab6\u0ac0\u0a96\u0ab5\u0ab5\u0abe \u0aae\u0abe\u0a9f\u0ac7 \u0a85\u0aa8\u0ac7 \u0ab8\u0a95\u0acd\u0ab7\u0aae \u0aac\u0aa8\u0abe\u0ab5\u0ab5\u0abe \u0aa4\u0aae\u0abe\u0ab0\u0abe \u0ab8\u0a82\u0aaa\u0ac2\u0ab0\u0acd\u0aa3 \u0a9c\u0acd\u0a9e\u0abe\u0aa8\u0aa8\u0acb \u0a89\u0aaa\u0aaf\u0acb\u0a97 \u0a95\u0ab0\u0acb. \u0a97\u0ac0\u0aa4\u0acb, \u0ab8\u0acd\u0aa4\u0acb\u0aa4\u0acd\u0ab0\u0acb \u0a85\u0aa8\u0ac7 \u0a86\u0aa4\u0acd\u0aae\u0abf\u0a95 \u0a97\u0abe\u0aaf\u0aa8\u0acb\u0aa5\u0ac0 \u0aa4\u0aae\u0abe\u0ab0\u0abe \u0ab9\u0ac3\u0aa6\u0aaf\u0aae\u0abe\u0a82 \u0aa6\u0ac7\u0ab5\u0aa8\u0ac0 \u0a86\u0aad\u0abe\u0ab0\u0ab8\u0acd\u0aa4\u0ac1\u0aa4\u0abf \u0a95\u0ab0\u0acb."},{"Verseid":"50002016","Verse":"\u0aa4\u0aae\u0ac7 \u0a9c\u0ac7 \u0a95\u0ab9\u0acb \u0a85\u0aa8\u0ac7 \u0a95\u0ab0\u0acb \u0aa4\u0ac7 \u0ab8\u0ab0\u0acd\u0ab5 \u0aaa\u0acd\u0ab0\u0aad\u0ac1 \u0a88\u0ab8\u0ac1\u0aa8\u0abe \u0aa8\u0abe\u0aae\u0ac7 \u0aa5\u0ab5\u0abe \u0aa6\u0acb. \u0a85\u0aa8\u0ac7 \u0aa4\u0aae\u0abe\u0ab0\u0abe \u0a86 \u0aa6\u0ab0\u0ac7\u0a95 \u0a95\u0abe\u0ab0\u0acd\u0aaf\u0acb\u0aae\u0abe\u0a82, \u0aa6\u0ac7\u0ab5 \u0aac\u0abe\u0aaa\u0aa8\u0ac0 \u0a86\u0aad\u0abe\u0ab0\u0ab8\u0acd\u0aa4\u0ac1\u0aa4\u0abf \u0a88\u0ab8\u0ac1 \u0aa6\u0acd\u0ab5\u0abe\u0ab0\u0abe \u0ab5\u0acd\u0aaf\u0a95\u0acd\u0aa4 \u0a95\u0ab0\u0acb."},{"Verseid":"50002017","Verse":"\u0aaa\u0aa4\u0acd\u0aa8\u0ac0\u0a93, \u0aa4\u0aae\u0abe\u0ab0\u0abe \u0aaa\u0aa4\u0abf\u0aa8\u0ac0 \u0ab8\u0aa4\u0acd\u0aa4\u0abe\u0aa8\u0ac7 \u0a86\u0aa7\u0ac0\u0aa8 \u0ab0\u0ab9\u0acb. \u0aaa\u0acd\u0ab0\u0aad\u0ac1\u0aae\u0abe\u0a82 \u0a86 \u0a95\u0abe\u0aae \u0a95\u0ab0\u0ab5\u0abe\u0aa8\u0ac0 \u0ab8\u0ac1\u0aaf\u0acb\u0a97\u0acd\u0aaf \u0aac\u0abe\u0aac\u0aa4 \u0a9b\u0ac7."},{"Verseid":"50002018","Verse":"\u0aaa\u0aa4\u0abf\u0a93, \u0aa4\u0aae\u0ac7 \u0aa4\u0aae\u0abe\u0ab0\u0ac0 \u0aaa\u0aa4\u0acd\u0aa8\u0ac0\u0a93 \u0aaa\u0ab0 \u0aaa\u0acd\u0ab0\u0ac7\u0aae \u0a95\u0ab0\u0acb, \u0a85\u0aa8\u0ac7 \u0aa4\u0ac7\u0aae\u0aa8\u0abe \u0aaa\u0acd\u0ab0\u0aa4\u0acd\u0aaf\u0ac7 \u0a95\u0aa0\u0acb\u0ab0 \u0aa8 \u0aa5\u0abe\u0a93."},{"Verseid":"50002019","Verse":"\u0aac\u0abe\u0ab3\u0a95\u0acb, \u0aa4\u0aae\u0abe\u0ab0\u0abe \u0aae\u0abe\u0aac\u0abe\u0aaa\u0acb\u0aa8\u0ac0 \u0aa6\u0ab0\u0ac7\u0a95 \u0a86\u0a9c\u0acd\u0a9e\u0abe\u0aa8\u0ac7 \u0a85\u0aa8\u0ac1\u0ab8\u0ab0\u0acb, \u0a86 \u0aaa\u0acd\u0ab0\u0aad\u0ac1\u0aa8\u0ac7 \u0aaa\u0acd\u0ab0\u0ab8\u0aa8\u0acd\u0aa8 \u0a95\u0ab0\u0ac7 \u0a9b\u0ac7."},{"Verseid":"50002020","Verse":"\u0aaa\u0abf\u0aa4\u0abe\u0a93, \u0aa4\u0aae\u0abe\u0ab0\u0abe \u0aac\u0abe\u0ab3\u0a95\u0acb\u0aa8\u0ac7 \u0a9a\u0ac0\u0aa1\u0ab5\u0acb \u0aa8\u0ab9\u0abf. \u0a9c\u0acb \u0aa4\u0aae\u0ac7 \u0aa4\u0ac7\u0aae\u0aa8\u0abe \u0aaa\u0acd\u0ab0\u0aa4\u0acd\u0aaf\u0ac7 \u0a95\u0aa0\u0acb\u0ab0 \u0aac\u0aa8\u0ab6\u0acb, \u0aa4\u0acb \u0aaa\u0a9b\u0ac0 \u0aa4\u0ac7\u0a93 \u0aaa\u0acd\u0ab0\u0aaf\u0aa4\u0acd\u0aa8\u0acb \u0a95\u0ab0\u0ab5\u0abe\u0aa8\u0ac1\u0a82 \u0a9c \u0a9b\u0acb\u0aa1\u0ac0 \u0aa6\u0ac7\u0ab6\u0ac7."},{"Verseid":"50002021","Verse":"\u0aa6\u0abe\u0ab8\u0acb, \u0aa4\u0aae\u0abe\u0ab0\u0abe \u0aaa\u0ac3\u0aa5\u0acd\u0ab5\u0ac0 \u0aaa\u0ab0\u0aa8\u0abe \u0aae\u0abe\u0ab2\u0abf\u0a95\u0acb\u0aa8\u0ac0 \u0aa6\u0ab0\u0ac7\u0a95 \u0a86\u0a9c\u0acd\u0a9e\u0abe \u0aaa\u0abe\u0ab3\u0acb. \u0aa4\u0aae\u0abe\u0ab0\u0acb \u0aae\u0abe\u0ab2\u0abf\u0a95 \u0aa4\u0aae\u0aa8\u0ac7 \u0a9c\u0acb\u0a88 \u0ab6\u0a95\u0ac7 \u0aa4\u0ac7\u0aae \u0aa8 \u0ab9\u0acb\u0aaf \u0aa4\u0ac7\u0ab5\u0abe \u0ab8\u0aae\u0aaf\u0ac7 \u0aaa\u0aa3 \u0aa4\u0aae\u0abe\u0ab0\u0abe \u0aae\u0abe\u0ab2\u0abf\u0a95\u0aa8\u0ac0 \u0a86\u0a9c\u0acd\u0a9e\u0abe\u0a93\u0aa8\u0ac1\u0a82 \u0aaa\u0abe\u0ab2\u0aa8 \u0a95\u0ab0\u0acb. \u0aa4\u0aae\u0ac7 \u0aa4\u0acb \u0a96\u0ab0\u0ac7\u0a96\u0ab0 \u0ab2\u0acb\u0a95\u0acb\u0aa8\u0ac7 \u0a96\u0ac1\u0ab6 \u0a95\u0ab0\u0ab5\u0abe \u0aaa\u0acd\u0ab0\u0aaf\u0aa4\u0acd\u0aa8 \u0a95\u0ab0\u0ac0 \u0ab0\u0ab9\u0acd\u0aaf\u0abe \u0aa8\u0aa5\u0ac0, \u0aa4\u0aae\u0ac7 \u0aa4\u0acb \u0aaa\u0acd\u0ab0\u0aad\u0ac1\u0aa8\u0ac7 \u0aaa\u0acd\u0ab0\u0ab8\u0aa8\u0acd\u0aa8 \u0a95\u0ab0\u0ab5\u0abe \u0aaa\u0acd\u0ab0\u0aaf\u0aa4\u0acd\u0aa8 \u0a95\u0ab0\u0ac0 \u0ab0\u0ab9\u0acd\u0aaf\u0abe \u0a9b\u0acb. \u0aa4\u0ac7\u0aa5\u0ac0 \u0aaa\u0acd\u0ab0\u0abe\u0aae\u0abe\u0aa3\u0abf\u0a95\u0aaa\u0aa3\u0ac7 \u0a86\u0a9c\u0acd\u0a9e\u0abe\u0aaa\u0abe\u0ab2\u0aa8 \u0a95\u0ab0\u0acb \u0a95\u0abe\u0ab0\u0aa3 \u0a95\u0ac7 \u0aa4\u0aae\u0ac7 \u0aaa\u0acd\u0ab0\u0aad\u0ac1\u0aa8\u0acb \u0a86\u0aa6\u0ab0 \u0a95\u0ab0\u0acb \u0a9b\u0acb."},{"Verseid":"50002022","Verse":"\u0aa4\u0aae\u0ac7 \u0a9c\u0ac7 \u0a95\u0ab0\u0ac0 \u0ab0\u0ab9\u0acd\u0aaf\u0abe \u0a9b\u0acb \u0aa4\u0ac7 \u0aa6\u0ab0\u0ac7\u0a95 \u0a95\u0abe\u0ab0\u0acd\u0aaf\u0aae\u0abe\u0a82, \u0aa4\u0aae\u0ac7 \u0a9c\u0ac7\u0a9f\u0ab2\u0ac1\u0a82 \u0aa5\u0a88 \u0ab6\u0a95\u0ac7 \u0aa4\u0ac7\u0a9f\u0ab2\u0ac1\u0a82 \u0ab6\u0acd\u0ab0\u0ac7\u0ab7\u0acd\u0aa0 \u0a95\u0abe\u0aae \u0a95\u0ab0\u0acb. \u0a8f \u0ab0\u0ac0\u0aa4\u0ac7 \u0a95\u0abe\u0aae \u0a95\u0ab0\u0acb, \u0a9c\u0abe\u0aa3\u0ac7 \u0ab2\u0acb\u0a95\u0acb \u0aae\u0abe\u0a9f\u0ac7 \u0aa8\u0ab9\u0abf, \u0aaa\u0ab0\u0a82\u0aa4\u0ac1 \u0aaa\u0acd\u0ab0\u0aad\u0ac1 \u0aae\u0abe\u0a9f\u0ac7 \u0a95\u0abe\u0ab0\u0acd\u0aaf \u0a95\u0ab0\u0ac0 \u0ab0\u0ab9\u0acd\u0aaf\u0abe \u0a9b\u0acb."},{"Verseid":"50002023","Verse":"\u0aaf\u0abe\u0aa6 \u0ab0\u0abe\u0a96\u0acb \u0a95\u0ac7 \u0aaa\u0acd\u0ab0\u0aad\u0ac1 \u0aa4\u0ab0\u0aab\u0aa5\u0ac0 \u0aa4\u0aae\u0aa8\u0ac7 \u0aac\u0aa6\u0ab2\u0acb \u0aae\u0ab3\u0ab5\u0abe\u0aa8\u0acb \u0a9b\u0ac7. \u0aa4\u0ac7 \u0aa4\u0aae\u0aa8\u0ac7, \u0aa4\u0ac7\u0aa3\u0ac7 \u0a9c\u0ac7 \u0aa4\u0ac7\u0aa8\u0abe \u0ab2\u0acb\u0a95\u0acb\u0aa8\u0ac7 \u0ab5\u0a9a\u0aa8 \u0a86\u0aaa\u0ac7\u0ab2\u0ac1\u0a82 \u0aa4\u0ac7 \u0aaa\u0acd\u0ab0\u0aa6\u0abe\u0aa8 \u0a95\u0ab0\u0ab6\u0ac7. \u0aa4\u0aae\u0ac7 \u0aa4\u0acb \u0aaa\u0acd\u0ab0\u0aad\u0ac1 \u0a96\u0acd\u0ab0\u0abf\u0ab8\u0acd\u0aa4\u0aa8\u0ac0 \u0ab8\u0ac7\u0ab5\u0abe \u0a95\u0ab0\u0ac0 \u0ab0\u0ab9\u0acd\u0aaf\u0abe \u0a9b\u0acb."},{"Verseid":"50002024","Verse":"\u0aaf\u0abe\u0aa6 \u0ab0\u0abe\u0a96\u0acb \u0a95\u0ac7 \u0a95\u0acb\u0a88 \u0aaa\u0aa3 \u0ab5\u0acd\u0aaf\u0a95\u0acd\u0aa4\u0abf \u0a85\u0aa8\u0ac1\u0a9a\u0abf\u0aa4 \u0a95\u0abe\u0ab0\u0acd\u0aaf \u0a95\u0ab0\u0ab6\u0ac7 \u0aa4\u0ac7 \u0aa4\u0ac7\u0aa8\u0abe \u0a85\u0aa8\u0ac1\u0a9a\u0abf\u0aa4 \u0a95\u0abe\u0ab0\u0acd\u0aaf\u0aa8\u0ac7 \u0a95\u0abe\u0ab0\u0aa3\u0ac7 \u0ab8\u0a9c\u0abe\u0aa8\u0ac7 \u0aaa\u0abe\u0aa4\u0acd\u0ab0 \u0aac\u0aa8\u0ab6\u0ac7. \u0aaa\u0acd\u0ab0\u0aad\u0ac1 \u0aa8\u0ac7 \u0aa4\u0acd\u0aaf\u0abe\u0a82 \u0aaa\u0a95\u0acd\u0ab7\u0aaa\u0abe\u0aa4 \u0aa8\u0aa5\u0ac0."}]},{"Verse":[{"Verseid":"50003000","Verse":"\u0a98\u0aa3\u0ac0\u0a93, \u0a9c\u0ac7 \u0aac\u0abe\u0aac\u0aa4\u0acb \u0aa4\u0aae\u0abe\u0ab0\u0abe \u0ab8\u0ac7\u0ab5\u0a95\u0acb \u0aae\u0abe\u0a9f\u0ac7 \u0ab8\u0ac1\u0a82\u0aa6\u0ab0 \u0a85\u0aa8\u0ac7 \u0aa8\u0acd\u0aaf\u0abe\u0aaf\u0ac0 \u0ab9\u0acb\u0aaf \u0aa4\u0ac7 \u0aa4\u0ac7\u0aae\u0aa8\u0ac7 \u0a86\u0aaa\u0acb. \u0aaf\u0abe\u0aa6 \u0ab0\u0abe\u0a96\u0acb \u0a95\u0ac7 \u0a86\u0a95\u0abe\u0ab6\u0aae\u0abe\u0a82 \u0aa4\u0aae\u0abe\u0ab0\u0acb \u0aaa\u0aa3 \u0a98\u0aa3\u0ac0 \u0a9b\u0ac7."},{"Verseid":"50003001","Verse":"\u0aaa\u0acd\u0ab0\u0abe\u0ab0\u0acd\u0aa5\u0aa8\u0abe\u0aae\u0abe\u0a82 \u0a96\u0a82\u0aa4\u0aa5\u0ac0 \u0aae\u0a82\u0aa1\u0aaf\u0abe \u0ab0\u0ab9\u0acb. \u0a85\u0aa8\u0ac7 \u0a9c\u0acd\u0aaf\u0abe\u0ab0\u0ac7 \u0aa4\u0aae\u0ac7 \u0aaa\u0acd\u0ab0\u0abe\u0ab0\u0acd\u0aa5\u0aa8\u0abe \u0a95\u0ab0\u0acb, \u0aa4\u0acd\u0aaf\u0abe\u0ab0\u0ac7 \u0ab9\u0aae\u0ac7\u0ab6\u0abe \u0aa6\u0ac7\u0ab5\u0aa8\u0ac0 \u0a86\u0aad\u0abe\u0ab0\u0ab8\u0acd\u0aa4\u0ac1\u0aa4\u0abf \u0a95\u0ab0\u0acb."},{"Verseid":"50003002","Verse":"\u0a85\u0aae\u0abe\u0ab0\u0abe \u0aae\u0abe\u0a9f\u0ac7 \u0aaa\u0aa3 \u0aaa\u0acd\u0ab0\u0abe\u0ab0\u0acd\u0aa5\u0aa8\u0abe \u0a95\u0ab0\u0acb. \u0aaa\u0acd\u0ab0\u0abe\u0ab0\u0acd\u0aa5\u0aa8\u0abe \u0a95\u0ab0\u0acb \u0a95\u0ac7 \u0aa6\u0ac7\u0ab5 \u0a85\u0aae\u0aa8\u0ac7 \u0aa4\u0ac7\u0aa8\u0ac0 \u0ab8\u0ac1\u0ab5\u0abe\u0ab0\u0acd\u0aa4\u0abe \u0aab\u0ac7\u0ab2\u0abe\u0ab5\u0ab5\u0abe\u0aa8\u0ac0 \u0aa4\u0a95 \u0a86\u0aaa\u0ac7. \u0aaa\u0acd\u0ab0\u0abe\u0ab0\u0acd\u0aa5\u0aa8\u0abe \u0a95\u0ab0\u0acb \u0a95\u0ac7 \u0aa6\u0ac7\u0ab5\u0ac7 \u0a9c\u0ac7 \u0a96\u0acd\u0ab0\u0abf\u0ab8\u0acd\u0aa4 \u0ab5\u0abf\u0ab7\u0ac7\u0aa8\u0ac1\u0a82 \u0aae\u0ab0\u0acd\u0aae \u0aaa\u0acd\u0ab0\u0a95\u0abe\u0ab6\u0abf\u0aa4 \u0a95\u0ab0\u0acd\u0aaf\u0ac1 \u0a9b\u0ac7 \u0aa4\u0ac7\u0aa8\u0acb \u0a85\u0aae\u0ac7 \u0a89\u0aaa\u0aa6\u0ac7\u0ab6 \u0a86\u0aaa\u0ac0 \u0ab6\u0a95\u0ac0\u0a8f. \u0ab9\u0ac1\u0a82 \u0a95\u0abe\u0ab0\u0abe\u0a97\u0ac3\u0ab9\u0aae\u0abe\u0a82 \u0a9b\u0ac1\u0a82 \u0a95\u0abe\u0ab0\u0aa3 \u0a95\u0ac7 \u0ab9\u0ac1\u0a82 \u0a86 \u0ab8\u0aa4\u0acd\u0aaf\u0aa8\u0acb \u0a89\u0aaa\u0aa6\u0ac7\u0ab6 \u0a86\u0aaa\u0ac1\u0a82 \u0a9b\u0ac1."},{"Verseid":"50003003","Verse":"\u0aaa\u0acd\u0ab0\u0abe\u0ab0\u0acd\u0aa5\u0aa8\u0abe \u0a95\u0ab0\u0acb \u0a95\u0ac7 \u0a86 \u0ab8\u0aa4\u0acd\u0aaf\u0aa8\u0ac7 \u0ab9\u0ac1\u0a82 \u0ab2\u0acb\u0a95\u0acb\u0aa8\u0ac7 \u0ab8\u0acd\u0aaa\u0ab7\u0acd\u0a9f \u0a9c\u0abe\u0ab9\u0ac7\u0ab0 \u0a95\u0ab0\u0ac0 \u0ab6\u0a95\u0ac1\u0a82. \u0a86 \u0a9c \u0aae\u0abe\u0ab0\u0ac7 \u0a95\u0ab0\u0ab5\u0ac1\u0a82 \u0a9c\u0acb\u0a88\u0a8f."},{"Verseid":"50003004","Verse":"\u0a9c\u0ac7 \u0ab2\u0acb\u0a95\u0acb \u0ab5\u0abf\u0ab6\u0acd\u0ab5\u0abe\u0ab8\u0ac1 \u0aa8\u0aa5\u0ac0 \u0aa4\u0ac7\u0ab5\u0abe \u0ab2\u0acb\u0a95\u0acb \u0ab8\u0abe\u0aa5\u0ac7 \u0aa1\u0ab9\u0abe\u0aaa\u0aa3\u0aa5\u0ac0 \u0ab5\u0ab0\u0acd\u0aa4\u0acb. \u0aa4\u0aae\u0abe\u0ab0\u0abe \u0ab8\u0aae\u0aaf\u0aa8\u0acb \u0ab8\u0aa6\u0ac1\u0aaa\u0aaf\u0acb\u0a97 \u0a95\u0ab0\u0acb."},{"Verseid":"50003005","Verse":"\u0a9c\u0acd\u0aaf\u0abe\u0ab0\u0ac7 \u0aa4\u0aae\u0ac7 \u0ab5\u0abe\u0aa4\u0a9a\u0ac0\u0aa4 \u0a95\u0ab0\u0acb, \u0aa4\u0acd\u0aaf\u0abe\u0ab0\u0ac7 \u0aa4\u0aae\u0ac7 \u0ab9\u0aae\u0ac7\u0ab6\u0abe \u0aae\u0abe\u0aaf\u0abe\u0ab3\u0ac1 \u0a85\u0aa8\u0ac7 \u0aac\u0ac1\u0aa6\u0acd\u0aa7\u0abf\u0aae\u0abe\u0aa8 \u0ab0\u0ab9\u0acb. \u0aaa\u0a9b\u0ac0 \u0a9c \u0aa4\u0aae\u0ac7 \u0aaa\u0acd\u0ab0\u0aa4\u0acd\u0aaf\u0ac7\u0a95 \u0ab5\u0acd\u0aaf\u0a95\u0acd\u0aa4\u0abf\u0aa8\u0ac7 \u0aa4\u0aae\u0abe\u0ab0\u0ac7 \u0a9c\u0ac7 \u0ab0\u0ac0\u0aa4\u0ac7 \u0a89\u0aa4\u0acd\u0aa4\u0ab0 \u0a86\u0aaa\u0ab5\u0acb \u0a9c\u0acb\u0a88\u0a8f \u0aa4\u0ac7 \u0ab0\u0ac0\u0aa4\u0ac7 \u0a86\u0aaa\u0ac0 \u0ab6\u0a95\u0ab6\u0acb."},{"Verseid":"50003006","Verse":"\u0aa4\u0ac1\u0a96\u0abf\u0a95\u0ab8 \u0a96\u0acd\u0ab0\u0abf\u0ab8\u0acd\u0aa4\u0aae\u0abe\u0a82 \u0aae\u0abe\u0ab0\u0acb \u0ab5\u0ab9\u0abe\u0ab2\u0acb \u0aad\u0abe\u0a88 \u0a9b\u0ac7. \u0aaa\u0acd\u0ab0\u0aad\u0ac1\u0aae\u0abe\u0a82 \u0aa4\u0ac7 \u0aae\u0abe\u0ab0\u0ac0 \u0ab8\u0abe\u0aa5\u0ac7 \u0ab5\u0abf\u0ab6\u0acd\u0ab5\u0abe\u0ab8\u0ac1 \u0ab8\u0ac7\u0ab5\u0a95 \u0aa4\u0aa5\u0abe \u0ab8\u0abe\u0aa5\u0ac0 \u0aa6\u0abe\u0ab8 \u0a9b\u0ac7. \u0aa4\u0ac7 \u0aa4\u0aae\u0aa8\u0ac7 \u0aae\u0abe\u0ab0\u0ac0 \u0ab8\u0abe\u0aa5\u0ac7 \u0aac\u0aa8\u0ac0 \u0ab0\u0ab9\u0ac7\u0ab2\u0ac0 \u0aa4\u0aae\u0abe\u0aae \u0a98\u0a9f\u0aa8\u0abe\u0a93 \u0a9c\u0aa3\u0abe\u0ab5\u0ab6\u0ac7."},{"Verseid":"50003007","Verse":"\u0aa4\u0ac7\u0aa5\u0ac0 \u0a9c \u0ab9\u0ac1\u0a82 \u0a8f\u0aa8\u0ac7 \u0aae\u0acb\u0a95\u0ab2\u0ac0 \u0ab0\u0ab9\u0acd\u0aaf\u0acb \u0a9b\u0ac1\u0a82. \u0a85\u0aae\u0ac7 \u0a95\u0ac7\u0ab5\u0ac0 \u0ab8\u0acd\u0aa5\u0abf\u0aa4\u0abf\u0aae\u0abe\u0a82 \u0a9b\u0ac0\u0a8f, \u0aa4\u0ac7 \u0aa4\u0aae\u0ac7 \u0a9c\u0abe\u0aa3\u0acb \u0a8f\u0aae \u0ab9\u0ac1\u0a82 \u0a88\u0a9a\u0acd\u0a9b\u0ac1 \u0a9b\u0ac1\u0a82. \u0a85\u0aa8\u0ac7 \u0aa4\u0aae\u0aa8\u0ac7 \u0aaa\u0acd\u0ab0\u0acb\u0aa4\u0acd\u0ab8\u0abe\u0ab9\u0abf\u0aa4 \u0a95\u0ab0\u0ab5\u0abe \u0aae\u0abe\u0a9f\u0ac7 \u0aaa\u0aa3 \u0ab9\u0ac1\u0a82 \u0a8f\u0aa8\u0ac7 \u0aae\u0acb\u0a95\u0ab2\u0ac0 \u0ab0\u0ab9\u0acd\u0aaf\u0acb \u0a9b\u0ac1\u0a82."},{"Verseid":"50003008","Verse":"\u0a93\u0aa8\u0ab8\u0abf\u0aae\u0ab8\u0aa8\u0ac0 \u0ab8\u0abe\u0aa5\u0ac7 \u0ab9\u0ac1\u0a82 \u0a8f\u0aa8\u0ac7 \u0aae\u0acb\u0a95\u0ab2\u0ac0 \u0ab0\u0ab9\u0acd\u0aaf\u0acb \u0a9b\u0ac1\u0a82. \u0a93\u0aa8\u0ac7\u0ab8\u0abf\u0aae\u0ab8 \u0a96\u0acd\u0ab0\u0abf\u0ab8\u0acd\u0aa4\u0aae\u0abe\u0a82 \u0ab5\u0abf\u0ab6\u0acd\u0ab5\u0abe\u0ab8\u0ac1 \u0a85\u0aa8\u0ac7 \u0ab5\u0ab9\u0abe\u0ab2\u0acb \u0aad\u0abe\u0a88 \u0a9b\u0ac7. \u0aa4\u0ac7 \u0aa4\u0aae\u0abe\u0ab0\u0abe \u0ab8\u0aae\u0ac2\u0ab9\u0aae\u0abe\u0a82\u0aa5\u0ac0 \u0a86\u0ab5\u0ac7 \u0a9b\u0ac7. \u0aa4\u0ac1\u0a96\u0abf\u0a95\u0ab8 \u0a85\u0aa8\u0ac7 \u0a93\u0aa8\u0ac7\u0ab8\u0abf\u0aae\u0ab8 \u0aa4\u0aae\u0aa8\u0ac7 \u0a85\u0ab9\u0ac0\u0a82 \u0a9c\u0ac7 \u0a95\u0a82\u0a88 \u0aac\u0aa8\u0acd\u0aaf\u0ac1\u0a82 \u0a9b\u0ac7 \u0aa4\u0ac7 \u0a9c\u0aa3\u0abe\u0ab5\u0ab6\u0ac7."},{"Verseid":"50003009","Verse":"\u0a85\u0ab0\u0abf\u0ab8\u0acd\u0aa4\u0abe\u0ab0\u0acd\u0a96\u0ab8 \u0aa4\u0aae\u0aa8\u0ac7 \u0a95\u0acd\u0ab7\u0ac7\u0aae\u0a95\u0ac1\u0ab6\u0ab3 \u0a95\u0ab9\u0ac7 \u0a9b\u0ac7. \u0aa4\u0ac7 \u0aae\u0abe\u0ab0\u0ac0 \u0ab8\u0abe\u0aa5\u0ac7 \u0a85\u0ab9\u0ac0\u0a82 \u0a95\u0ac7\u0aa6\u0ac0 \u0a9b\u0ac7. \u0a85\u0aa8\u0ac7 \u0aae\u0abe\u0ab0\u0acd\u0a95, \u0aac\u0abe\u0ab0\u0acd\u0aa8\u0abe\u0aac\u0abe\u0ab8\u0aa8\u0acb \u0aaa\u0abf\u0aa4\u0acd\u0ab0\u0abe\u0a88 \u0aaa\u0aa3 \u0aa4\u0aae\u0aa8\u0ac7 \u0a95\u0acd\u0ab7\u0ac7\u0aae\u0a95\u0ac1\u0ab6\u0ab3 \u0a95\u0ab9\u0ac7 \u0a9b\u0ac7. (\u0aae\u0abe\u0ab0\u0acd\u0a95 \u0a85\u0a82\u0a97\u0ac7 \u0ab6\u0ac1\u0a82 \u0a95\u0ab0\u0ab5\u0ac1\u0a82 \u0aa4\u0ac7 \u0a95\u0acd\u0aaf\u0abe\u0ab0\u0aa8\u0ac1\u0a82 \u0aae\u0ac7\u0a82 \u0aa4\u0aae\u0aa8\u0ac7 \u0a9c\u0aa3\u0abe\u0ab5\u0ac0 \u0aa6\u0ac0\u0aa7\u0ac1\u0a82 \u0a9b\u0ac7. \u0a9c\u0acb \u0aa4\u0ac7 \u0aa4\u0acd\u0aaf\u0abe\u0a82 \u0a86\u0ab5\u0ac7, \u0aa4\u0acb \u0aa4\u0aae\u0ac7 \u0aa4\u0ac7\u0aa8\u0ac7 \u0a86\u0ab5\u0a95\u0abe\u0ab0\u0a9c\u0acb.)"},{"Verseid":"50003010","Verse":"\u0a88\u0ab8\u0ac1 \u0aaa\u0aa3 (\u0aa4\u0ac7 \u0aaf\u0ac1\u0ab8\u0acd\u0aa4\u0ab8\u0aa8\u0abe \u0aa8\u0abe\u0aae\u0ac7 \u0aaa\u0aa3 \u0a93\u0ab3\u0a96\u0abe\u0aaf \u0a9b\u0ac7) \u0aa4\u0aae\u0aa8\u0ac7 \u0a95\u0acd\u0ab7\u0ac7\u0aae\u0a95\u0ac1\u0ab6\u0ab3 \u0a95\u0ab9\u0ac7 \u0a9b\u0ac7. \u0a86 \u0a9c \u0aab\u0a95\u0acd\u0aa4 \u0aaf\u0ab9\u0ac2\u0aa6\u0ac0 \u0ab5\u0abf\u0ab6\u0acd\u0ab5\u0abe\u0ab8\u0ac1\u0a93 \u0a9b\u0ac7 \u0a95\u0ac7 \u0a9c\u0ac7 \u0aae\u0abe\u0ab0\u0ac0 \u0ab8\u0abe\u0aa5\u0ac7 \u0aa6\u0ac7\u0ab5\u0aa8\u0abe \u0ab0\u0abe\u0a9c\u0acd\u0aaf \u0aae\u0abe\u0a9f\u0ac7 \u0a95\u0abe\u0ab0\u0acd\u0aaf \u0a95\u0ab0\u0ac7 \u0a9b\u0ac7. \u0aa4\u0ac7\u0a93 \u0aae\u0abe\u0ab0\u0abe \u0aae\u0abe\u0a9f\u0ac7 \u0aa6\u0abf\u0ab2\u0abe\u0ab8\u0abe\u0ab0\u0ac1\u0a82\u0aaa \u0aac\u0aa8\u0ac0 \u0ab0\u0ab9\u0acd\u0aaf\u0abe \u0a9b\u0ac7."},{"Verseid":"50003011","Verse":"\u0a8f\u0aaa\u0abe\u0aab\u0acd\u0ab0\u0abe\u0ab8 \u0aaa\u0aa3 \u0aa4\u0aae\u0aa8\u0ac7 \u0a95\u0acd\u0ab7\u0ac7\u0aae\u0a95\u0ac1\u0ab6\u0ab3 \u0a95\u0ab9\u0ac7 \u0a9b\u0ac7. \u0aa4\u0ac7 \u0a88\u0ab8\u0ac1 \u0a96\u0acd\u0ab0\u0abf\u0ab8\u0acd\u0aa4\u0aa8\u0acb \u0ab8\u0ac7\u0ab5\u0a95 \u0a9b\u0ac7. \u0a85\u0aa8\u0ac7 \u0aa4\u0ac7 \u0aa4\u0aae\u0abe\u0ab0\u0abe \u0ab8\u0a82\u0a98\u0aa8\u0acb \u0a9b\u0ac7. \u0aa4\u0ac7 \u0ab9\u0aae\u0ac7\u0ab6\u0abe \u0aa4\u0aae\u0abe\u0ab0\u0abe \u0aae\u0abe\u0a9f\u0ac7 \u0a86\u0a97\u0acd\u0ab0\u0ab9\u0aa5\u0ac0 \u0aaa\u0acd\u0ab0\u0abe\u0ab0\u0acd\u0aa5\u0aa8\u0abe \u0a95\u0ab0\u0ac7 \u0a9b\u0ac7. \u0aa4\u0ac7 \u0aaa\u0acd\u0ab0\u0abe\u0ab0\u0acd\u0aa5\u0ac7 \u0a9b\u0ac7 \u0a95\u0ac7 \u0aa4\u0aae\u0ac7 \u0a86\u0aa4\u0acd\u0aae\u0abf\u0a95 \u0ab0\u0ac0\u0aa4\u0ac7 \u0aaa\u0ab0\u0abf\u0aaa\u0a95\u0ab5 \u0aac\u0aa8\u0ab5\u0abe \u0aae\u0abe\u0a9f\u0ac7 \u0ab5\u0abf\u0a95\u0abe\u0ab8 \u0aaa\u0abe\u0aae\u0acb \u0a85\u0aa8\u0ac7 \u0aa6\u0ac7\u0ab5 \u0aa4\u0aae\u0abe\u0ab0\u0abe \u0aae\u0abe\u0a9f\u0ac7 \u0a88\u0a9a\u0acd\u0a9b\u0ac7 \u0a9b\u0ac7 \u0aa4\u0ac7 \u0aa6\u0ab0\u0ac7\u0a95 \u0ab5\u0ab8\u0acd\u0aa4\u0ac1 \u0aa4\u0aae\u0aa8\u0ac7 \u0aaa\u0acd\u0ab0\u0abe\u0aaa\u0acd\u0aa4 \u0aa5\u0abe\u0aaf."},{"Verseid":"50003012","Verse":"\u0ab9\u0ac1\u0a82 \u0a9c\u0abe\u0aa3\u0ac1\u0a82 \u0a9b\u0ac1\u0a82 \u0a95\u0ac7 \u0aa4\u0ac7\u0aa3\u0ac7 \u0aa4\u0aae\u0abe\u0ab0\u0abe \u0aae\u0abe\u0a9f\u0ac7 \u0a85\u0aa8\u0ac7 \u0ab2\u0abe\u0ab5\u0aa6\u0abf\u0a95\u0abf\u0aaf\u0abe \u0a85\u0aa8\u0ac7 \u0ab9\u0abf\u0aaf\u0ab0\u0abe\u0aaa\u0ac1\u0ab2\u0abf\u0ab8\u0aa8\u0abe \u0ab2\u0acb\u0a95\u0acb \u0aae\u0abe\u0a9f\u0ac7 \u0a95\u0aa0\u0acb\u0ab0 \u0aaa\u0ab0\u0abf\u0ab6\u0acd\u0ab0\u0aae \u0a95\u0ab0\u0acd\u0aaf\u0acb \u0a9b\u0ac7."},{"Verseid":"50003013","Verse":"\u0aa6\u0ac7\u0aae\u0abe\u0ab8 \u0a85\u0aa8\u0ac7 \u0a86\u0aaa\u0aa3\u0abe \u0ab5\u0ab9\u0abe\u0ab2\u0abe \u0aae\u0abf\u0aa4\u0acd\u0ab0 \u0ab2\u0ac2\u0a95 \u0ab5\u0ac7\u0a82\u0aa6 \u0aaa\u0aa3 \u0a95\u0acd\u0ab7\u0ac7\u0aae\u0a95\u0ac1\u0ab6\u0ab3 \u0a95\u0ab9\u0ac7 \u0a9b\u0ac7."},{"Verseid":"50003014","Verse":"\u0ab2\u0abe\u0ab5\u0aa6\u0abf\u0a95\u0abf\u0aaf\u0abe\u0aa8\u0abe \u0aad\u0abe\u0a88\u0a93 \u0a85\u0aa8\u0ac7 \u0aac\u0ab9\u0ac7\u0aa8\u0acb\u0aa8\u0ac7 \u0a95\u0acd\u0ab7\u0ac7\u0aae\u0a95\u0ac1\u0ab6\u0ab3 \u0a95\u0ab9\u0ac7\u0a9c\u0acb. \u0a85\u0aa8\u0ac7 \u0aa8\u0ac1\u0aae\u0acd\u0aab\u0abe \u0a85\u0aa8\u0ac7 \u0aae\u0a82\u0aa1\u0ab3\u0ac0 \u0a95\u0ac7 \u0a9c\u0ac7 \u0aa4\u0ac7\u0aa8\u0abe \u0a98\u0ab0\u0aae\u0abe\u0a82 \u0aae\u0ab3\u0ac7 \u0a9b\u0ac7, \u0aa4\u0ac7\u0aae\u0aa8\u0ac7 \u0aaa\u0aa3 \u0a95\u0acd\u0ab7\u0ac7\u0aae\u0a95\u0ac1\u0ab6\u0ab3 \u0a95\u0ab9\u0ac7\u0a9c\u0acb."},{"Verseid":"50003015","Verse":"\u0a86 \u0aaa\u0aa4\u0acd\u0ab0 \u0aa4\u0aae\u0abe\u0ab0\u0ac0 \u0a86\u0a97\u0ab3 \u0ab5\u0abe\u0a82\u0a9a\u0acd\u0aaf\u0abe\u0a82 \u0aaa\u0a9b\u0ac0, \u0aa4\u0ac7 \u0ab2\u0abe\u0ab5\u0aa6\u0abf\u0a95\u0abf\u0aaf\u0abe\u0aa8\u0ac0 \u0aae\u0a82\u0aa1\u0ab3\u0ac0\u0aae\u0abe\u0a82 \u0aaa\u0aa3 \u0ab5\u0a82\u0a9a\u0abe\u0ab5\u0ab5\u0abe \u0aa4\u0ac7\u0aa8\u0ac0 \u0a95\u0abe\u0ab3\u0a9c\u0ac0 \u0ab0\u0abe\u0a96\u0a9c\u0acb. \u0a85\u0aa8\u0ac7 \u0ab2\u0abe\u0ab5\u0aa6\u0abf\u0a95\u0abf\u0aaf\u0abe\u0aae\u0abe\u0a82 \u0a9c\u0ac7 \u0aaa\u0aa4\u0acd\u0ab0 \u0aae\u0ac7\u0a82 \u0ab2\u0a96\u0acd\u0aaf\u0acb \u0a9b\u0ac7 \u0aa4\u0ac7 \u0aaa\u0aa3 \u0aa4\u0aae\u0ac7 \u0ab5\u0abe\u0a82\u0a9a\u0a9c\u0acb."},{"Verseid":"50003016","Verse":"\u0a86\u0ab0\u0acd\u0a96\u0abf\u0aaa\u0ab8\u0aa8\u0ac7 \u0a95\u0ab9\u0ac7\u0a9c\u0acb \u0a95\u0ac7, \u201c\u0aa4\u0aa8\u0ac7 \u0aaa\u0acd\u0ab0\u0aad\u0ac1\u0a8f \u0a9c\u0ac7 \u0a95\u0abe\u0aae \u0ab8\u0acb\u0a82\u0aaa\u0acd\u0aaf\u0ac1\u0a82 \u0a9b\u0ac7 \u0aa4\u0ac7 \u0aaa\u0ac2\u0ab0\u0acd\u0aa3 \u0a95\u0ab0\u0ab5\u0abe \u0ab8\u0abe\u0ab5\u0aa7 \u0ab0\u0ab9\u0ac7\u0a9c\u0ac7.\u201d"},{"Verseid":"50003017","Verse":"\u0ab9\u0ac1\u0a82 \u0aaa\u0abe\u0a89\u0ab2, \u0aae\u0abe\u0ab0\u0abe \u0ab8\u0acd\u0ab5\u0ab9\u0ab8\u0acd\u0aa4\u0ac7 \u0a86 \u0aaa\u0aa4\u0acd\u0ab0 \u0ab2\u0a96\u0ac0 \u0ab0\u0ab9\u0acd\u0aaf\u0acb \u0a9b\u0ac1\u0a82 \u0a85\u0aa8\u0ac7 \u0aa4\u0aae\u0aa8\u0ac7 \u0a95\u0acd\u0ab7\u0ac7\u0aae\u0a95\u0ac1\u0ab6\u0ab3 \u0aaa\u0abe\u0aa0\u0ab5\u0ac0 \u0ab0\u0ab9\u0acd\u0aaf\u0acb \u0a9b\u0ac1, \u0a95\u0abe\u0ab0\u0abe\u0a97\u0abe\u0ab0\u0aae\u0abe\u0a82 \u0aae\u0aa8\u0ac7 \u0aaf\u0abe\u0aa6 \u0a95\u0ab0\u0a9c\u0acb. \u0aa6\u0ac7\u0ab5\u0aa8\u0ac0 \u0a95\u0ac3\u0aaa\u0abe (\u0aa6\u0aaf\u0abe) \u0aa4\u0aae\u0abe\u0ab0\u0abe \u0aaa\u0ab0 \u0aa5\u0abe\u0a93. \ufeff"}]}]}