{"Chapter":[{"Verse":[{"Verseid":"51000000","Verse":"\u0aaa\u0abe\u0a89\u0ab2, \u0ab8\u0abf\u0ab2\u0acd\u0ab5\u0abe\u0aa8\u0ac1\u0ab8 \u0a85\u0aa8\u0ac7 \u0aa4\u0abf\u0aae\u0acb\u0aa5\u0ac0 \u0aa4\u0ab0\u0aab\u0aa5\u0ac0 \u0aa5\u0ac7\u0ab8\u0acd\u0ab8\u0ab2\u0acb\u0aa8\u0abf\u0a95\u0abe\u0aae\u0abe \u0ab0\u0ab9\u0ac7\u0aa4\u0ac0 \u0aae\u0a82\u0aa1\u0ab3\u0ac0, \u0aa4\u0ac7 \u0aae\u0aa1\u0a82\u0ab3\u0ac0 \u0a9c\u0acb\u0a97, \u0aa6\u0ac7\u0ab5 \u0aac\u0abe\u0aaa\u0aae\u0abe\u0a82 \u0a85\u0aa8\u0ac7 \u0aaa\u0acd\u0ab0\u0aad\u0ac1 \u0a88\u0ab8\u0ac1 \u0a96\u0acd\u0ab0\u0abf\u0ab8\u0acd\u0aa4\u0aae\u0abe\u0a82 \u0aa4\u0aae\u0aa8\u0ac7 \u0a95\u0ac3\u0aaa\u0abe \u0a85\u0aa8\u0ac7 \u0ab6\u0abe\u0a82\u0aa4\u0abf \u0aa5\u0abe\u0a93."},{"Verseid":"51000001","Verse":"\u0a9c\u0acd\u0aaf\u0abe\u0ab0\u0ac7 \u0a85\u0aae\u0ac7 \u0aaa\u0acd\u0ab0\u0abe\u0ab0\u0acd\u0aa5\u0aa8\u0abe \u0a95\u0ab0\u0ac0\u0a8f \u0a9b\u0ac0\u0a8f \u0aa4\u0acd\u0aaf\u0abe\u0ab0\u0ac7 \u0a85\u0aae\u0ac7 \u0ab9\u0a82\u0aae\u0ac7\u0ab6\u0abe \u0aa4\u0aae\u0abe\u0ab0\u0abe \u0aac\u0aa7\u0abe\u0aa8\u0ac1\u0a82 \u0ab8\u0acd\u0aae\u0ab0\u0aa3 \u0a95\u0ab0\u0ac0\u0a8f \u0a9b\u0ac0\u0a8f \u0a85\u0aa8\u0ac7 \u0aa4\u0aae\u0abe\u0ab0\u0abe \u0aac\u0aa7\u0abe \u0aae\u0abe\u0a9f\u0ac7 \u0a85\u0aae\u0ac7 \u0aa6\u0ac7\u0ab5\u0aa8\u0ac0 \u0a86\u0aad\u0abe\u0ab0\u0ab8\u0acd\u0aa4\u0ac1\u0aa4\u0abf \u0a95\u0ab0\u0ac0\u0a8f \u0a9b\u0ac0\u0a8f."},{"Verseid":"51000002","Verse":"\u0a9c\u0acd\u0aaf\u0abe\u0ab0\u0ac7 \u0a85\u0aae\u0ac7 \u0aa6\u0ac7\u0ab5 \u0aac\u0abe\u0aaa\u0aa8\u0ac7 \u0aaa\u0acd\u0ab0\u0abe\u0ab0\u0acd\u0aa5\u0ac0\u0a8f \u0a9b\u0ac0\u0a8f \u0aa4\u0acd\u0aaf\u0abe\u0ab0\u0ac7 \u0aa4\u0aae\u0abe\u0ab0\u0abe \u0ab5\u0abf\u0ab6\u0acd\u0ab5\u0abe\u0ab8\u0aa8\u0ac7 \u0a95\u0abe\u0ab0\u0aa3\u0ac7 \u0aa4\u0aae\u0ac7 \u0a9c\u0ac7 \u0a95\u0abe\u0ab0\u0acd\u0aaf\u0acb \u0a95\u0ab0\u0acd\u0aaf\u0abe \u0a9b\u0ac7 \u0aa4\u0ac7\u0aa8\u0abe \u0aae\u0abe\u0a9f\u0ac7 \u0a85\u0aae\u0ac7 \u0ab8\u0aa4\u0aa4 \u0aa6\u0ac7\u0ab5\u0aa8\u0acb \u0a86\u0aad\u0abe\u0ab0 \u0aae\u0abe\u0aa8\u0ac0\u0a8f \u0a9b\u0ac0\u0a8f. \u0a85\u0aa8\u0ac7 \u0aa4\u0aae\u0abe\u0ab0\u0abe \u0aaa\u0acd\u0ab0\u0ac7\u0aae\u0aa8\u0ac7 \u0ab2\u0ac0\u0aa7\u0ac7 \u0aa4\u0aae\u0ac7 \u0a9c\u0ac7 \u0a95\u0abe\u0ab0\u0acd\u0aaf\u0acb \u0a95\u0ab0\u0acd\u0aaf\u0acb \u0a9b\u0ac7 \u0aa4\u0ac7\u0aa8\u0abe \u0aae\u0abe\u0a9f\u0ac7 \u0aaa\u0aa3 \u0a85\u0aae\u0ac7 \u0aa6\u0ac7\u0ab5\u0aa8\u0acb \u0a86\u0aad\u0abe\u0ab0 \u0aae\u0abe\u0aa8\u0ac0\u0a8f \u0a9b\u0ac0\u0a8f. \u0a85\u0aa8\u0ac7 \u0aa4\u0aae\u0ac7 \u0a86\u0aaa\u0aa3\u0abe \u0aaa\u0acd\u0ab0\u0aad\u0ac1 \u0a88\u0ab8\u0ac1 \u0a96\u0acd\u0ab0\u0abf\u0ab8\u0acd\u0aa4\u0aae\u0abe\u0a82 \u0aa4\u0aae\u0abe\u0ab0\u0ac0 \u0a86\u0ab6\u0abe\u0aae\u0abe\u0a82 \u0aa6\u0ac3\u0aa2 \u0aac\u0aa8\u0ac0 \u0ab0\u0ab9\u0acb \u0aa4\u0ac7 \u0aae\u0abe\u0a9f\u0ac7 \u0a85\u0aae\u0ac7 \u0aa4\u0ac7\u0aa8\u0acb \u0a86\u0aad\u0abe\u0ab0 \u0aae\u0abe\u0aa8\u0ac0\u0a8f \u0a9b\u0ac0\u0a8f."},{"Verseid":"51000003","Verse":"\u0aad\u0abe\u0a88\u0a93 \u0a85\u0aa8\u0ac7 \u0aac\u0ab9\u0ac7\u0aa8\u0acb, \u0aa6\u0ac7\u0ab5 \u0aa4\u0aae\u0aa8\u0ac7 \u0aaa\u0acd\u0ab0\u0ac7\u0aae \u0a95\u0ab0\u0ac7 \u0a9b\u0ac7. \u0a85\u0aa8\u0ac7 \u0a85\u0aae\u0ac7 \u0a9c\u0abe\u0aa3\u0ac0\u0a8f \u0a9b\u0ac0\u0a8f \u0a95\u0ac7 \u0aa4\u0aae\u0aa8\u0ac7 \u0aa4\u0ac7\u0aa8\u0abe \u0aac\u0aa8\u0ab5\u0abe \u0aae\u0abe\u0a9f\u0ac7 \u0aa4\u0ac7\u0aa3\u0ac7 \u0aaa\u0ab8\u0a82\u0aa6 \u0a95\u0ab0\u0acd\u0aaf\u0abe \u0a9b\u0ac7."},{"Verseid":"51000004","Verse":"\u0a85\u0aae\u0ac7 \u0aa4\u0aae\u0aa8\u0ac7 \u0ab8\u0ac1\u0ab5\u0abe\u0ab0\u0acd\u0aa4\u0abe \u0aaa\u0ab9\u0acb\u0a82\u0a9a\u0abe\u0aa1\u0ac0 \u0aaa\u0ab0\u0a82\u0aa4\u0ac1 \u0a85\u0aae\u0ac7 \u0aab\u0a95\u0acd\u0aa4 \u0ab6\u0aac\u0acd\u0aa6\u0acb\u0aa8\u0acb \u0a9c \u0a89\u0aaa\u0aaf\u0acb\u0a97 \u0aa8 \u0a95\u0ab0\u0acd\u0aaf\u0acb, \u0a85\u0aae\u0ac7 \u0ab8\u0ac1\u0ab5\u0abe\u0ab0\u0acd\u0aa4\u0abe\u0aa8\u0ac7 \u0ab8\u0abe\u0ab0\u0acd\u0aae\u0aa5\u0acd\u0aaf\u0ab8\u0ab9\u0abf\u0aa4 \u0ab2\u0a88 \u0a86\u0ab5\u0acd\u0aaf\u0abe. \u0a85\u0aae\u0ac7 \u0aa4\u0ac7\u0aa8\u0ac7 \u0aaa\u0ab5\u0abf\u0aa4\u0acd\u0ab0 \u0a86\u0aa4\u0acd\u0aae\u0abe \u0a85\u0aa8\u0ac7 \u0aaa\u0ac2\u0ab0\u0acd\u0aa3 \u0a9c\u0acd\u0a9e\u0abe\u0aa8 \u0ab8\u0ab9\u0abf\u0aa4 \u0ab2\u0a88 \u0a86\u0ab5\u0acd\u0aaf\u0abe \u0a9c\u0ac7 \u0ab8\u0aa4\u0acd\u0aaf \u0a9b\u0ac7. \u0aa4\u0aae\u0abe\u0ab0\u0ac0 \u0ab8\u0abe\u0aa5\u0ac7 \u0a85\u0aae\u0ac7 \u0a89\u0aaa\u0ab8\u0acd\u0aa5\u0abf\u0aa4 \u0ab9\u0aa4\u0abe \u0aa4\u0acd\u0aaf\u0abe\u0ab0\u0ac7 \u0a85\u0aae\u0ac7 \u0a95\u0ac7\u0ab5\u0ac1\u0a82 \u0a9c\u0ac0\u0ab5\u0aa8 \u0a9c\u0ac0\u0ab5\u0aa4\u0abe \u0ab9\u0aa4\u0abe \u0aa4\u0ac7 \u0aaa\u0aa3 \u0aa4\u0aae\u0ac7 \u0a9c\u0abe\u0aa3\u0acb \u0a9b\u0acb. \u0a85\u0aae\u0ac7 \u0aa4\u0aae\u0aa8\u0ac7 \u0aae\u0aa6\u0aa6\u0a95\u0ab0\u0acd\u0aa4\u0abe \u0aa5\u0a88\u0a8f \u0a8f \u0ab0\u0ac0\u0aa4\u0ac7 \u0a9c\u0ac0\u0ab5\u0acd\u0aaf\u0abe \u0ab9\u0aa4\u0abe."},{"Verseid":"51000005","Verse":"\u0a85\u0aa8\u0ac7 \u0aa4\u0aae\u0ac7 \u0a85\u0aae\u0abe\u0ab0\u0abe \u0a9c\u0ac7\u0ab5\u0abe \u0a85\u0aa8\u0ac7 \u0aaa\u0acd\u0ab0\u0aad\u0ac1 \u0a9c\u0ac7\u0ab5\u0abe \u0aac\u0aa8\u0acd\u0aaf\u0abe. \u0aa4\u0aae\u0ac7 \u0a98\u0aa3\u0ac1\u0a82 \u0ab8\u0ab9\u0aa8 \u0a95\u0ab0\u0acd\u0aaf\u0ac1, \u0aaa\u0ab0\u0a82\u0aa4\u0ac1 \u0aa4\u0aae\u0ac7 \u0a86\u0aa8\u0a82\u0aa6\u0aaa\u0ac2\u0ab0\u0acd\u0ab5\u0a95 \u0aaa\u0acd\u0ab0\u0aad\u0ac1\u0aa8\u0ac0 \u0ab5\u0abe\u0aa4 \u0ab8\u0acd\u0ab5\u0ac0\u0a95\u0abe\u0ab0\u0ac0. \u0aaa\u0ab5\u0abf\u0aa4\u0acd\u0ab0 \u0a86\u0aa4\u0acd\u0aae\u0abe\u0a8f \u0aa4\u0aae\u0aa8\u0ac7 \u0aa4\u0ac7 \u0a86\u0aa8\u0a82\u0aa6 \u0a86\u0aaa\u0acd\u0aaf\u0acb."},{"Verseid":"51000006","Verse":"\u0aa4\u0aae\u0ac7 \u0aae\u0a95\u0aa6\u0acb\u0aa8\u0abf\u0aaf\u0abe \u0a85\u0aa8\u0ac7 \u0a85\u0a96\u0abe\u0aaf\u0abe\u0aae\u0abe\u0a82 \u0aa4\u0aae\u0abe\u0aae \u0ab5\u0abf\u0ab6\u0acd\u0ab5\u0abe\u0ab8\u0ac0\u0a93 \u0aae\u0abe\u0a9f\u0ac7 \u0aa8\u0aae\u0ac2\u0aa8\u0abe\u0ab0\u0ac2\u0aaa \u0aac\u0aa8\u0acd\u0aaf\u0abe."},{"Verseid":"51000007","Verse":"\u0aa4\u0aae\u0abe\u0ab0\u0abe \u0aa6\u0acd\u0ab5\u0abe\u0ab0\u0abe \u0aae\u0a95\u0aa6\u0acb\u0aa8\u0abf\u0aaf\u0abe \u0a85\u0aa8\u0ac7 \u0a85\u0a96\u0abe\u0aaf\u0abe\u0aae\u0abe\u0a82 \u0aaa\u0acd\u0ab0\u0aad\u0ac1\u0aa8\u0ac0 \u0ab5\u0abe\u0aa4 \u0aab\u0ac7\u0ab2\u0abe\u0a88 \u0a85\u0aa8\u0ac7 \u0aa6\u0ac7\u0ab5 \u0aaa\u0acd\u0ab0\u0aa4\u0abf \u0aa4\u0aae\u0abe\u0ab0\u0acb \u0ab5\u0abf\u0ab6\u0acd\u0ab5\u0abe\u0ab8 \u0ab8\u0ab0\u0acd\u0ab5\u0aa4\u0acd\u0ab0 \u0aaa\u0acd\u0ab0\u0a97\u0a9f \u0aa5\u0aaf\u0acb \u0a9b\u0ac7. \u0aa4\u0ac7\u0aa5\u0ac0 \u0aa4\u0aae\u0abe\u0ab0\u0abe \u0ab5\u0abf\u0ab6\u0acd\u0ab5\u0abe\u0ab8 \u0ab5\u0abf\u0ab7\u0ac7 \u0a85\u0aae\u0abe\u0ab0\u0ac7 \u0a95\u0abe\u0a82\u0a88 \u0a95\u0ab9\u0ac7\u0ab5\u0abe\u0aa8\u0ac0 \u0a9c\u0ab0\u0ac1\u0a82\u0ab0 \u0aa8\u0aa5\u0ac0."},{"Verseid":"51000008","Verse":"\u0a85\u0aae\u0ac7 \u0a9c\u0acd\u0aaf\u0abe\u0ab0\u0ac7 \u0aa4\u0aae\u0abe\u0ab0\u0ac0 \u0ab8\u0abe\u0aa5\u0ac7 \u0ab9\u0aa4\u0abe \u0aa4\u0acd\u0aaf\u0abe\u0ab0\u0ac7 \u0a9c\u0ac7 \u0ab8\u0aa6\u0aad\u0abe\u0ab5\u0aaa\u0ac2\u0ab0\u0acd\u0ab5\u0a95 \u0aa4\u0aae\u0ac7 \u0a85\u0aae\u0aa8\u0ac7 \u0ab8\u0acd\u0ab5\u0ac0\u0a95\u0abe\u0ab0\u0acd\u0aaf\u0acb \u0aa4\u0ac7 \u0ab5\u0abf\u0ab7\u0ac7 \u0ab2\u0acb\u0a95\u0acb \u0ab8\u0ab0\u0acd\u0ab5\u0aa4\u0acd\u0ab0 \u0ab5\u0abe\u0aa4 \u0a95\u0ab0\u0ac7 \u0a9b\u0ac7. \u0aa4\u0aae\u0ac7 \u0a95\u0ac7\u0ab5\u0ac0 \u0ab0\u0ac0\u0aa4\u0ac7 \u0aae\u0ac2\u0ab0\u0acd\u0aa4\u0abf\u0aaa\u0ac2\u0a9c\u0abe \u0aac\u0a82\u0aa7 \u0a95\u0ab0\u0ac0 \u0a9c\u0ac0\u0ab5\u0aa4\u0abe \u0a85\u0aa8\u0ac7 \u0ab8\u0abe\u0a9a\u0abe \u0aa6\u0ac7\u0ab5\u0aa8\u0ac0 \u0ab8\u0ac7\u0ab5\u0abe \u0a95\u0ab0\u0ab5\u0abe \u0aa4\u0ab0\u0aab \u0ab5\u0ab3\u0acd\u0aaf\u0abe \u0aa4\u0ac7 \u0ab5\u0abf\u0ab7\u0ac7 \u0ab2\u0acb\u0a95\u0acb \u0ab5\u0abe\u0aa4 \u0a95\u0ab0\u0ac7 \u0a9b\u0ac7."},{"Verseid":"51000009","Verse":"\u0aa4\u0aae\u0ac7 \u0aae\u0ac2\u0ab0\u0acd\u0aa4\u0abf\u0aaa\u0ac2\u0a9c\u0abe \u0aac\u0a82\u0aa7 \u0a95\u0ab0\u0ac0 \u0a85\u0aa8\u0ac7 \u0ab9\u0ab5\u0ac7 \u0aa4\u0aae\u0ac7 \u0a86\u0a95\u0abe\u0ab6\u0aae\u0abe\u0a82\u0aa5\u0ac0 \u0aa6\u0ac7\u0ab5\u0aa8\u0acb \u0aa6\u0ac0\u0a95\u0ab0\u0acb \u0a86\u0ab5\u0ac7 \u0aa4\u0ac7\u0aa8\u0ac0 \u0aaa\u0acd\u0ab0\u0aa4\u0ac0\u0a95\u0acd\u0ab7\u0abe \u0a95\u0ab0\u0acb \u0a9b\u0acb. \u0aa6\u0ac7\u0ab5\u0ac7 \u0aa4\u0ac7 \u0aa6\u0ac0\u0a95\u0ab0\u0abe\u0aa8\u0ac7 \u0aae\u0ac2\u0a8f\u0ab2\u0abe\u0aae\u0abe\u0a82\u0aa5\u0ac0 \u0a89\u0aa0\u0abe\u0aa1\u0aaf\u0acb \u0aa4\u0ac7 \u0a88\u0ab8\u0ac1 \u0a9b\u0ac7, \u0a95\u0ac7 \u0a9c\u0ac7 \u0a86\u0aaa\u0aa3\u0aa8\u0ac7 \u0aa6\u0ac7\u0ab5\u0aa8\u0abe \u0a86\u0ab5\u0aa8\u0abe\u0ab0\u0abe \u0aa8\u0acd\u0aaf\u0abe\u0aaf\u0aae\u0abe\u0a82\u0aa5\u0ac0 \u0aac\u0a9a\u0abe\u0ab5\u0ac7 \u0a9b\u0ac7."}]},{"Verse":[{"Verseid":"51001000","Verse":"\u0aad\u0abe\u0a88\u0a93 \u0a85\u0aa8\u0ac7 \u0aac\u0ab9\u0ac7\u0aa8\u0acb, \u0aa4\u0aae\u0ac7 \u0a9c\u0abe\u0aa3\u0acb \u0a9b\u0acb \u0a95\u0ac7 \u0a85\u0aae\u0abe\u0ab0\u0ac0 \u0aa4\u0aae\u0abe\u0ab0\u0ac0 \u0ab8\u0abe\u0aa5\u0ac7\u0aa8\u0ac0 \u0aae\u0ac1\u0ab2\u0abe\u0a95\u0abe\u0aa4 \u0aa8\u0abf\u0ab7\u0acd\u0aab\u0ab3 \u0aa8\u0ab9\u0acb\u0aa4\u0ac0 \u0aa8\u0ac0\u0ab5\u0aa1\u0ac0."},{"Verseid":"51001001","Verse":"\u0a85\u0aae\u0ac7 \u0aa4\u0aae\u0abe\u0ab0\u0ac0 \u0aaa\u0abe\u0ab8\u0ac7 \u0a86\u0ab5\u0acd\u0aaf\u0abe \u0aa4\u0ac7 \u0aaa\u0ab9\u0ac7\u0ab2\u0abe, \u0aab\u0abf\u0ab2\u0abf\u0aaa\u0acd\u0aaa\u0ac0\u0aae\u0abe\u0a82 \u0a85\u0aae\u0abe\u0ab0\u0ac7 \u0a98\u0aa3\u0ac1\u0a82 \u0ab8\u0ab9\u0aa8 \u0a95\u0ab0\u0ab5\u0ac1\u0a82 \u0aaa\u0aa1\u0aaf\u0ac1\u0a82 \u0ab9\u0aa4\u0ac1\u0a82, \u0aa4\u0acd\u0aaf\u0abe\u0a82\u0aa8\u0abe \u0ab2\u0acb\u0a95\u0acb \u0a85\u0aae\u0abe\u0ab0\u0abe \u0ab5\u0abf\u0ab7\u0ac7 \u0a98\u0aa3\u0abe \u0a95\u0a9f\u0ac1\u0ab5\u0a9a\u0aa8\u0acb \u0aac\u0acb\u0ab2\u0acd\u0aaf\u0abe. \u0aa4\u0aae\u0ac7 \u0a86 \u0aac\u0aa7\u0abe \u0ab5\u0abf\u0ab7\u0ac7 \u0a9c\u0abe\u0aa3\u0acb \u0a9b\u0acb. \u0a85\u0aa8\u0ac7 \u0a85\u0aae\u0ac7 \u0a9c\u0acd\u0aaf\u0abe\u0ab0\u0ac7 \u0aa4\u0aae\u0abe\u0ab0\u0ac0 \u0aaa\u0abe\u0ab8\u0ac7 \u0a86\u0ab5\u0acd\u0aaf\u0abe \u0aa4\u0acd\u0aaf\u0abe\u0ab0\u0ac7, \u0a98\u0aa3\u0abe \u0ab2\u0acb\u0a95\u0acb \u0a85\u0aae\u0abe\u0ab0\u0ac0 \u0ab5\u0abf\u0ab0\u0ac2\u0aa6\u0acd\u0aa7 \u0ab9\u0aa4\u0abe. \u0aaa\u0ab0\u0a82\u0aa4\u0ac1 \u0a86\u0aaa\u0aa3\u0abe \u0aa6\u0ac7\u0ab5\u0ac7 \u0a85\u0aae\u0aa8\u0ac7 \u0ab9\u0abf\u0a82\u0aae\u0aa4\u0ab5\u0abe\u0aa8 \u0aac\u0aa8\u0abe\u0ab5\u0acd\u0aaf\u0abe \u0a85\u0aa8\u0ac7 \u0aa6\u0ac7\u0ab5 \u0aa4\u0ac7\u0aa8\u0ac0 \u0ab8\u0ac1\u0ab5\u0abe\u0ab0\u0acd\u0aa4\u0abe \u0aa4\u0aae\u0aa8\u0ac7 \u0a95\u0ab9\u0ac7\u0ab5\u0abe\u0aae\u0abe\u0a82 \u0a85\u0aae\u0aa8\u0ac7 \u0aae\u0aa6\u0aa6\u0ab0\u0ac1\u0a82\u0aaa \u0aa5\u0aaf\u0acb."},{"Verseid":"51001002","Verse":"\u0a85\u0aae\u0ac7 \u0ab2\u0acb\u0a95\u0acb\u0aa8\u0ac7 \u0aac\u0acb\u0aa7 \u0a86\u0aaa\u0ac0\u0a8f \u0a9b\u0ac0\u0a8f. \u0a95\u0acb\u0a88\u0a8f \u0aaa\u0aa3 \u0a85\u0aae\u0aa8\u0ac7 \u0aae\u0ac2\u0ab0\u0acd\u0a96 \u0aac\u0aa8\u0abe\u0ab5\u0acd\u0aaf\u0abe \u0aa8\u0aa5\u0ac0. \u0a85\u0aae\u0ac7 \u0aa6\u0ac1\u0ab7\u0acd\u0a9f \u0aa8\u0aa5\u0ac0. \u0a85\u0aae\u0ac7 \u0ab2\u0acb\u0a95\u0acb\u0aa8\u0ac7 \u0a9b\u0ac7\u0aa4\u0ab0\u0ab5\u0abe\u0aa8\u0acb \u0aaa\u0acd\u0ab0\u0aaf\u0aa4\u0acd\u0aa8 \u0a95\u0ab0\u0aa4\u0abe\u0a82 \u0aa8\u0aa5\u0ac0. \u0a85\u0aae\u0ac7 \u0a9c\u0ac7 \u0a95\u0ab0\u0ac0\u0a8f \u0a9b\u0ac0\u0a8f \u0aa4\u0ac7 \u0aae\u0abe\u0a9f\u0ac7 \u0a85\u0aae\u0abe\u0ab0\u0abe \u0a95\u0abe\u0ab0\u0aa3\u0acb \u0aa8\u0aa5\u0ac0."},{"Verseid":"51001003","Verse":"\u0aa8\u0abe. \u0a85\u0aae\u0ac7 \u0ab8\u0ac1\u0ab5\u0abe\u0ab0\u0acd\u0aa4\u0abe \u0a86\u0aaa\u0ac0\u0a8f \u0a9b\u0ac0\u0a8f \u0a95\u0abe\u0ab0\u0aa3 \u0a95\u0ac7 \u0ab8\u0ac1\u0ab5\u0abe\u0ab0\u0acd\u0aa4\u0abe \u0a86\u0aaa\u0ab5\u0abe \u0aae\u0abe\u0a9f\u0ac7 \u0aa6\u0ac7\u0ab5\u0ac7 \u0a85\u0aae\u0abe\u0ab0\u0ac0 \u0aaa\u0ab0\u0ac0\u0a95\u0acd\u0ab7\u0abe \u0a95\u0ab0\u0ac0 \u0a9b\u0ac7 \u0a85\u0aa8\u0ac7 \u0a85\u0aae\u0abe\u0ab0\u0abe \u0aaa\u0ab0 \u0ab5\u0abf\u0ab6\u0acd\u0ab5\u0abe\u0ab8 \u0aae\u0ac2\u0a95\u0acd\u0aaf\u0acb \u0a9b\u0ac7. \u0aa4\u0ac7\u0aa5\u0ac0 \u0a9c\u0acd\u0aaf\u0abe\u0ab0\u0ac7 \u0a85\u0aae\u0ac7 \u0aac\u0acb\u0ab2\u0ac0\u0a8f \u0a9b\u0ac0\u0a8f \u0aa4\u0acd\u0aaf\u0abe\u0ab0\u0ac7 \u0aa6\u0ac7\u0ab5\u0aa8\u0ac7 \u0aaa\u0acd\u0ab0\u0ab8\u0aa8\u0acd\u0aa8 \u0a95\u0ab0\u0ab5\u0abe\u0aa8\u0acb \u0aaa\u0acd\u0ab0\u0aaf\u0aa4\u0acd\u0aa8 \u0a95\u0ab0\u0ac0\u0a8f \u0a9b\u0ac0\u0a8f, \u0aa8\u0ab9\u0abf \u0a95\u0ac7 \u0aae\u0abe\u0aa3\u0ab8\u0acb\u0aa8\u0ac7. \u0aa6\u0ac7\u0ab5 \u0a8f \u0a8f\u0a95 \u0a9b\u0ac7 \u0a9c\u0ac7 \u0a85\u0aae\u0abe\u0ab0\u0abe\u0a82 \u0ab9\u0ac3\u0aa6\u0aaf\u0acb\u0aa8\u0acb \u0aaa\u0abe\u0ab0\u0a96\u0aa8\u0abe\u0ab0 \u0a9b\u0ac7."},{"Verseid":"51001004","Verse":"\u0aa4\u0aae\u0ac7 \u0a9c\u0abe\u0aa3\u0acb \u0a9b\u0acb \u0a95\u0ac7 \u0aa4\u0aae\u0abe\u0ab0\u0abe \u0ab5\u0abf\u0ab7\u0ac7 \u0ab8\u0abe\u0ab0\u0ac1\u0a82 \u0aac\u0acb\u0ab2\u0ac0\u0aa8\u0ac7 \u0aa4\u0aae\u0abe\u0ab0\u0ac0 \u0aaa\u0acd\u0ab0\u0ab6\u0a82\u0ab8\u0abe \u0a95\u0ab0\u0ab5\u0abe\u0aa8\u0acb \u0a85\u0aae\u0ac7 \u0a95\u0aa6\u0acd\u0aa6\u0ac0 \u0aaa\u0acd\u0ab0\u0aaf\u0aa4\u0acd\u0aa8 \u0a95\u0ab0\u0acd\u0aaf\u0acb \u0aa8\u0aa5\u0ac0. \u0a85\u0aae\u0abe\u0ab0\u0ac7 \u0aa4\u0aae\u0abe\u0ab0\u0abe \u0aaa\u0ac8\u0ab8\u0abe \u0aa8\u0aa5\u0ac0 \u0a9c\u0acb\u0a88\u0aa4\u0abe \u0a95\u0ac7 \u0aa4\u0aae\u0abe\u0ab0\u0abe \u0aa5\u0a95\u0ac0 \u0a85\u0aae\u0abe\u0ab0\u0ac7 \u0a85\u0aae\u0abe\u0ab0\u0acb \u0a95\u0acb\u0a88 \u0ab8\u0acd\u0ab5\u0abe\u0ab0\u0acd\u0aa5 \u0a9b\u0ac1\u0aaa\u0abe\u0ab5\u0abe\u0aa8\u0acb \u0aa8\u0aa5\u0ac0. \u0aa6\u0ac7\u0ab5 \u0a9c\u0abe\u0aa3\u0ac7 \u0a9b\u0ac7 \u0a95\u0ac7 \u0a86 \u0ab8\u0aa4\u0acd\u0aaf \u0a9b\u0ac7."},{"Verseid":"51001005","Verse":"\u0a85\u0aae\u0ac7 \u0ab2\u0acb\u0a95\u0acb \u0aa4\u0ab0\u0aab\u0aa5\u0ac0, \u0aa4\u0aae\u0abe\u0ab0\u0abe \u0aa4\u0ab0\u0aab\u0aa5\u0ac0, \u0a95\u0ac7 \u0aac\u0ac0\u0a9c\u0abe \u0a95\u0acb\u0a88 \u0aa4\u0ab0\u0aab\u0aa5\u0ac0 \u0aaa\u0acd\u0ab0\u0ab8\u0a82\u0ab6\u0abe\u0aa8\u0ac0 \u0a85\u0aaa\u0ac7\u0a95\u0acd\u0ab7\u0abe \u0aa8\u0aa5\u0ac0 \u0ab0\u0abe\u0a96\u0aa4\u0abe."},{"Verseid":"51001006","Verse":"\u0a85\u0aae\u0ac7 \u0a96\u0acd\u0ab0\u0abf\u0ab8\u0acd\u0aa4\u0aa8\u0abe \u0aaa\u0acd\u0ab0\u0ac7\u0ab0\u0abf\u0aa4\u0acb \u0a9b\u0ac0\u0a8f. \u0a85\u0aa8\u0ac7 \u0aa4\u0ac7\u0aa5\u0ac0 \u0a85\u0aae\u0ac7 \u0a9c\u0acd\u0aaf\u0abe\u0ab0\u0ac7 \u0aa4\u0aae\u0abe\u0ab0\u0ac0 \u0aaa\u0abe\u0ab8\u0ac7 \u0ab9\u0aa4\u0abe \u0aa4\u0acd\u0aaf\u0abe\u0ab0\u0ac7, \u0aa4\u0aae\u0abe\u0ab0\u0ac0 \u0aaa\u0abe\u0ab8\u0ac7 \u0a85\u0aae\u0ac1\u0a95 \u0a95\u0abe\u0aae \u0a95\u0ab0\u0abe\u0ab5\u0ab5\u0abe \u0aae\u0abe\u0a9f\u0ac7 \u0a85\u0aae\u0ac7 \u0a85\u0aae\u0abe\u0ab0\u0ac0 \u0ab8\u0aa4\u0acd\u0aa4\u0abe\u0aa8\u0acb \u0a89\u0aaa\u0aaf\u0acb\u0a97 \u0a95\u0ab0\u0ac0 \u0ab6\u0a95\u0acd\u0aaf\u0abe \u0ab9\u0acb\u0aa4. \u0aaa\u0ab0\u0a82\u0aa4\u0ac1 \u0a9c\u0ac7 \u0ab0\u0ac0\u0aa4\u0ac7 \u0a8f\u0a95 \u0aae\u0abe \u0aaa\u0acb\u0aa4\u0abe\u0aa8\u0abe \u0aac\u0abe\u0ab3\u0a95\u0aa8\u0ac1\u0a82 \u0a9c\u0aa4\u0aa8 \u0a95\u0ab0\u0ac7 \u0a9b\u0ac7, \u0aa4\u0ac7 \u0ab0\u0ac0\u0aa4\u0ac7 \u0a85\u0aae\u0ac7 \u0aa4\u0aae\u0abe\u0ab0\u0abe \u0aaa\u0acd\u0ab0\u0aa4\u0acd\u0aaf\u0ac7 \u0ab5\u0abf\u0aa8\u0aae\u0acd\u0ab0 \u0ab5\u0ab0\u0acd\u0aa4\u0abe\u0ab5 \u0a95\u0ab0\u0ac7\u0ab2\u0acb."},{"Verseid":"51001007","Verse":"\u0a85\u0aae\u0ac7 \u0aa4\u0aae\u0aa8\u0ac7 \u0aac\u0ab9\u0ac1 \u0aaa\u0acd\u0ab0\u0ac7\u0aae \u0a95\u0ab0\u0acd\u0aaf\u0acb. \u0aa4\u0ac7\u0aa5\u0ac0 \u0a85\u0aae\u0ac7 \u0aa6\u0ac7\u0ab5\u0aa8\u0ac0 \u0ab8\u0ac1\u0ab5\u0abe\u0ab0\u0acd\u0aa4\u0abe\u0aae\u0abe\u0a82 \u0aa4\u0aae\u0abe\u0ab0\u0ac0 \u0ab8\u0abe\u0aa5\u0ac7 \u0ab8\u0ab9\u0aad\u0abe\u0a97\u0ac0 \u0aa5\u0aa4\u0abe \u0ab9\u0aa4\u0abe \u0aa4\u0ac7 \u0a8f\u0a95 \u0a86\u0aa8\u0a82\u0aa6 \u0ab9\u0aa4\u0acb \u0a8f\u0a9f\u0ab2\u0ac1\u0a82 \u0a9c \u0aa8\u0ab9\u0abf; \u0a85\u0aae\u0ac7 \u0a85\u0aae\u0abe\u0ab0\u0abe \u0a9c\u0ac0\u0ab5\u0aa8\u0aa8\u0ac0 \u0ab8\u0abe\u0aa5\u0ac7 \u0aa4\u0aae\u0abe\u0ab0\u0abe \u0a9c\u0ac0\u0ab5\u0aa8\u0aae\u0abe\u0a82 \u0ab8\u0ab9\u0aad\u0abe\u0a97\u0ac0 \u0aa4\u0aa5\u0abe \u0aaa\u0acd\u0ab0\u0ab8\u0aa8\u0acd\u0aa8 \u0aa5\u0aaf\u0abe \u0ab9\u0aa4\u0abe."},{"Verseid":"51001008","Verse":"\u0aad\u0abe\u0a88\u0a93 \u0a85\u0aa8\u0ac7 \u0aac\u0ab9\u0ac7\u0aa8\u0acb, \u0aa4\u0aae\u0aa8\u0ac7 \u0aaf\u0abe\u0aa6 \u0a9b\u0ac7 \u0a95\u0ac7 \u0ab0\u0abe\u0aa4 \u0a85\u0aa8\u0ac7 \u0aa6\u0abf\u0ab5\u0ab8 \u0a85\u0aae\u0ac7 \u0a95\u0ac7\u0a9f\u0ab2\u0acb \u0a95\u0aa0\u0acb\u0ab0 \u0aaa\u0ab0\u0abf\u0ab6\u0acd\u0ab0\u0aae \u0a95\u0ab0\u0acd\u0aaf\u0acb \u0ab9\u0aa4\u0acb. \u0a9c\u0acd\u0aaf\u0abe\u0ab0\u0ac7 \u0a85\u0aae\u0ac7 \u0aa6\u0ac7\u0ab5\u0aa8\u0ac0 \u0ab8\u0ac1\u0ab5\u0abe\u0ab0\u0acd\u0aa4\u0abe \u0aa4\u0aae\u0aa8\u0ac7 \u0a86\u0aaa\u0aa4\u0abe \u0ab9\u0aa4\u0abe \u0aa4\u0acd\u0aaf\u0abe\u0ab0\u0ac7 \u0aa4\u0aae\u0abe\u0ab0\u0ac0 \u0aaa\u0abe\u0ab8\u0ac7\u0aa5\u0ac0 \u0ab5\u0ab3\u0aa4\u0ab0 \u0ab2\u0a88\u0aa8\u0ac7 \u0aa4\u0aae\u0aa8\u0ac7 \u0a85\u0aae\u0ac7 \u0aac\u0acb\u0a9c\u0abe\u0ab0\u0ac2\u0aaa \u0aac\u0aa8\u0ab5\u0abe \u0aa8\u0ab9\u0acb\u0aa4\u0abe \u0a88\u0a9a\u0acd\u0a9b\u0aa4\u0abe."},{"Verseid":"51001009","Verse":"\u0a9c\u0acd\u0aaf\u0abe\u0ab0\u0ac7 \u0aa4\u0aae\u0acb \u0ab5\u0abf\u0ab6\u0acd\u0ab5\u0abe\u0ab8\u0ac0\u0a93\u0aa8\u0ac0 \u0ab8\u0abe\u0aa5\u0ac7 \u0a85\u0aae\u0ac7 \u0ab9\u0aa4\u0abe \u0aa4\u0acd\u0aaf\u0abe\u0ab0\u0ac7, \u0a85\u0aae\u0ac7 \u0aaa\u0ab5\u0abf\u0aa4\u0acd\u0ab0 \u0a85\u0aa8\u0ac7 \u0ab8\u0aa4\u0acd\u0aaf\u0aa8\u0abf\u0ab7\u0acd\u0aa0 \u0a9c\u0ac0\u0ab5\u0aa8 \u0aa8\u0abf\u0ab7\u0acd\u0a95\u0ab2\u0a82\u0a95 \u0ab0\u0ac0\u0aa4\u0ac7 \u0a9c\u0ac0\u0ab5\u0acd\u0aaf\u0abe \u0ab9\u0aa4\u0abe, \u0aa4\u0aae\u0ac7 \u0a9c\u0abe\u0aa3\u0acb \u0a9b\u0acb \u0a95\u0ac7 \u0a86 \u0ab8\u0aa4\u0acd\u0aaf \u0a9b\u0ac7 \u0a85\u0aa8\u0ac7 \u0aa6\u0ac7\u0ab5 \u0a9c\u0abe\u0aa3\u0ac7 \u0a9b\u0ac7 \u0a95\u0ac7 \u0a86 \u0ab8\u0aa4\u0acd\u0aaf \u0a9b\u0ac7."},{"Verseid":"51001010","Verse":"\u0aa4\u0aae\u0ac7 \u0a9c\u0abe\u0aa3\u0ac7 \u0a9b\u0acb \u0a95\u0ac7 \u0a9c\u0ac7\u0aae \u0aac\u0abe\u0aaa \u0aaa\u0acb\u0aa4\u0abe\u0aa8\u0abe\u0a82 \u0aac\u0abe\u0ab3\u0a95\u0acb \u0ab8\u0abe\u0aa5\u0ac7 \u0a9c\u0ac7\u0ab5\u0ac1\u0a82 \u0ab5\u0ab0\u0acd\u0aa4\u0aa8 \u0a95\u0ab0\u0ac7, \u0aa4\u0ac7\u0ab5\u0ac1\u0a82 \u0ab5\u0ab0\u0acd\u0aa4\u0aa8 \u0a85\u0aae\u0ac7 \u0aa4\u0aae\u0abe\u0ab0\u0ac0 \u0ab8\u0abe\u0aa5\u0ac7 \u0a95\u0ab0\u0acd\u0aaf\u0ac1 \u0ab9\u0aa4\u0ac1\u0a82."},{"Verseid":"51001011","Verse":"\u0a85\u0aae\u0ac7 \u0aa4\u0aae\u0aa8\u0ac7 \u0aaa\u0acd\u0ab0\u0acb\u0aa4\u0acd\u0ab8\u0abe\u0ab9\u0abf\u0aa4 \u0a95\u0ab0\u0acd\u0aaf\u0abe, \u0a85\u0aae\u0ac7 \u0aa4\u0aae\u0aa8\u0ac7 \u0ab0\u0abe\u0ab9\u0aa4 \u0aaa\u0ab9\u0acb\u0a82\u0a9a\u0abe\u0aa1\u0ac0, \u0a85\u0aa8\u0ac7 \u0a85\u0aae\u0ac7 \u0aa4\u0aae\u0aa8\u0ac7 \u0aa6\u0ac7\u0ab5 \u0aae\u0abe\u0a9f\u0ac7 \u0ab8\u0abe\u0ab0\u0ac1\u0a82 \u0a9c\u0ac0\u0ab5\u0aa8 \u0a9c\u0ac0\u0ab5\u0ab5\u0abe \u0aae\u0abe\u0a9f\u0ac7 \u0a95\u0ab9\u0acd\u0aaf\u0ac1\u0a82. \u0aa6\u0ac7\u0ab5 \u0aa4\u0ac7\u0aa8\u0abe \u0ab0\u0abe\u0a9c\u0acd\u0aaf \u0a85\u0aa8\u0ac7 \u0aae\u0ab9\u0abf\u0aae\u0abe \u0aae\u0abe\u0a9f\u0ac7 \u0aa4\u0aae\u0aa8\u0ac7 \u0aa4\u0ac7\u0aa1\u0ac7 \u0a9b\u0ac7."},{"Verseid":"51001012","Verse":"\u0a9c\u0ac7 \u0ab0\u0ac0\u0aa4\u0ac7, \u0aa4\u0aae\u0ac7 \u0aa6\u0ac7\u0ab5\u0aa8\u0acb \u0ab8\u0a82\u0aa6\u0ac7\u0ab6\u0acb \u0ab8\u0acd\u0ab5\u0ac0\u0a95\u0abe\u0ab0\u0acd\u0aaf\u0acb \u0aa4\u0ac7 \u0aae\u0abe\u0a9f\u0ac7 \u0a85\u0aae\u0ac7 \u0aa6\u0ac7\u0ab5\u0aa8\u0ac0 \u0ab8\u0aa4\u0aa4 \u0a86\u0aad\u0abe\u0ab0\u0ab8\u0acd\u0aa4\u0ac1\u0aa4\u0abf \u0a95\u0ab0\u0ac0\u0a8f \u0a9b\u0ac0\u0a8f. \u0aa4\u0aae\u0ac7 \u0a85\u0aae\u0abe\u0ab0\u0ac0 \u0aaa\u0abe\u0ab8\u0ac7\u0aa5\u0ac0 \u0aa4\u0ac7 \u0ab5\u0a9a\u0aa8 \u0ab8\u0abe\u0a82\u0aad\u0ab3\u0acd\u0aaf\u0ac1, \u0a85\u0aa8\u0ac7 \u0aa4\u0aae\u0ac7 \u0aa4\u0ac7\u0aa8\u0ac7 \u0aae\u0abe\u0aa3\u0ab8\u0acb\u0aa8\u0ac1\u0a82 \u0aa8\u0ab9\u0abf \u0aaa\u0ab0\u0a82\u0aa4\u0ac1 \u0aa6\u0ac7\u0ab5\u0aa8\u0abe \u0ab5\u0a9a\u0aa8\u0acb\u0aa8\u0ac0 \u0a9c\u0ac7\u0aae \u0ab8\u0acd\u0ab5\u0ac0\u0a95\u0abe\u0ab0\u0acd\u0aaf\u0ac1 \u0a85\u0aa8\u0ac7 \u0aa4\u0ac7 \u0a96\u0ab0\u0ac7\u0a96\u0ab0 \u0aa6\u0ac7\u0ab5\u0aa8\u0ac1\u0a82 \u0ab5\u0a9a\u0aa8 \u0a9c \u0a9b\u0ac7. \u0a85\u0aa8\u0ac7 \u0a9c\u0ac7 \u0ab2\u0acb\u0a95\u0acb \u0aa4\u0ac7\u0aa8\u0abe\u0aae\u0abe\u0a82 \u0ab5\u0abf\u0ab6\u0acd\u0ab5\u0abe\u0ab8 \u0ab0\u0abe\u0a96\u0ac7 \u0a9b\u0ac7 \u0aa4\u0ac7\u0aa8\u0abe\u0aae\u0abe\u0a82 \u0aa4\u0ac7 \u0a95\u0abe\u0ab0\u0acd\u0aaf\u0ab6\u0ac0\u0ab2 \u0aac\u0aa8\u0ac7 \u0a9b\u0ac7."},{"Verseid":"51001013","Verse":"\u0aad\u0abe\u0a88\u0a93 \u0a85\u0aa8\u0ac7 \u0aac\u0ab9\u0ac7\u0aa8\u0acb, \u0aa4\u0aae\u0ac7 \u0aaf\u0ab9\u0ac2\u0aa6\u0abf\u0aaf\u0abe\u0aae\u0abe\u0a82 \u0a96\u0acd\u0ab0\u0abf\u0ab8\u0acd\u0aa4 \u0a88\u0ab8\u0ac1\u0aae\u0abe\u0a82 \u0aac\u0aa8\u0ac7\u0ab2\u0ac0 \u0aa6\u0ac7\u0ab5\u0aa8\u0ac0 \u0aae\u0a82\u0aa1\u0ab3\u0ac0\u0a93 \u0a9c\u0ac7\u0ab5\u0abe \u0a9b\u0acb. \u0aaf\u0ab9\u0ac2\u0aa6\u0abf\u0aaf\u0abe\u0aae\u0abe\u0a82 \u0aa6\u0ac7\u0ab5\u0aa8\u0abe \u0ab2\u0acb\u0a95\u0acb\u0a8f \u0aa4\u0acd\u0aaf\u0abe\u0a82\u0aa8\u0abe \u0aac\u0ac0\u0a9c\u0abe \u0aaf\u0ab9\u0ac2\u0aa6\u0ac0\u0a93 \u0aa6\u0acd\u0ab5\u0abe\u0ab0\u0abe \u0a98\u0aa3\u0ac0 \u0a85\u0aa8\u0abf\u0ab7\u0acd\u0a9f \u0aac\u0abe\u0aac\u0aa4\u0acb \u0ab8\u0ab9\u0aa8 \u0a95\u0ab0\u0ac0 \u0ab9\u0aa4\u0ac0. \u0a85\u0aa8\u0ac7 \u0aa4\u0aae\u0ac7 \u0aaa\u0aa3 \u0aa4\u0ac7 \u0a9c \u0a85\u0aa8\u0abf\u0ab7\u0acd\u0a9f \u0aac\u0abe\u0aac\u0aa4\u0acb \u0aa4\u0aae\u0abe\u0ab0\u0abe \u0aaa\u0acb\u0aa4\u0abe\u0aa8\u0abe \u0aa6\u0ac7\u0ab6\u0ab5\u0abe\u0ab8\u0ac0\u0a93 \u0aa6\u0acd\u0ab5\u0abe\u0ab0\u0abe \u0ab8\u0ab9\u0aa8 \u0a95\u0ab0\u0ac0 \u0ab0\u0ab9\u0aaf\u0abe\u0a82 \u0a9b\u0acb."},{"Verseid":"51001014","Verse":"\u0aa4\u0ac7 \u0aaf\u0ab9\u0ac2\u0aa6\u0abf\u0a93\u0a8f \u0aaa\u0acd\u0ab0\u0aad\u0ac1 \u0a88\u0ab8\u0ac1\u0aa8\u0ac7 \u0aae\u0abe\u0ab0\u0ac0 \u0aa8\u0abe\u0a96\u0acd\u0aaf\u0acb. \u0a85\u0aa8\u0ac7 \u0aa4\u0ac7\u0a93\u0a8f \u0aaa\u0acd\u0ab0\u0aac\u0acb\u0aa7\u0a95\u0acb\u0aa8\u0ac7 \u0aaa\u0aa3 \u0aae\u0abe\u0ab0\u0ac0 \u0aa8\u0abe\u0a96\u0acd\u0aaf\u0abe. \u0a85\u0aa8\u0ac7 \u0aa4\u0ac7 \u0aaf\u0ab9\u0ac2\u0aa6\u0abf\u0a93\u0a8f \u0a86\u0aaa\u0aa3\u0aa8\u0ac7 \u0aa4\u0ac7 \u0aaa\u0acd\u0ab0\u0aa6\u0ac7\u0ab6 \u0aaf\u0ab9\u0ac2\u0aa6\u0abf\u0aaf\u0abe\u0a82 \u0a9b\u0acb\u0aa1\u0ac0 \u0a9c\u0ab5\u0abe \u0aa6\u0aac\u0abe\u0aa3 \u0a95\u0ab0\u0acd\u0aaf\u0ac1, \u0aa6\u0ac7\u0ab5 \u0aa4\u0ac7\u0a93\u0aa8\u0abe\u0aa5\u0ac0 \u0aaa\u0acd\u0ab0\u0ab8\u0aa8\u0acd\u0aa8 \u0aa8\u0aa5\u0ac0. \u0aa4\u0ac7\u0a93 \u0aa4\u0acb \u0aac\u0aa7\u0abe\u0a9c \u0ab2\u0acb\u0a95\u0acb\u0aa8\u0ac0 \u0ab5\u0abf\u0ab0\u0ac2\u0aa6\u0acd\u0aa7 \u0a9b\u0ac7."},{"Verseid":"51001015","Verse":"\u0ab9\u0abe, \u0aa4\u0ac7\u0a93 \u0a86\u0aaa\u0aa3\u0aa8\u0ac7 \u0aac\u0abf\u0aa8\u0aaf\u0ab9\u0ac2\u0aa6\u0abf\u0a93\u0aa8\u0ac7 \u0ab6\u0abf\u0a95\u0acd\u0ab7\u0aa3 \u0a86\u0aaa\u0aa4\u0abe \u0ab0\u0acb\u0a95\u0ab5\u0abe \u0aae\u0abe\u0a97\u0ac7 \u0a9b\u0ac7. \u0a85\u0aae\u0ac7 \u0aac\u0abf\u0aa8\u0aaf\u0ab9\u0ac2\u0aa6\u0abf\u0a93\u0aa8\u0ac7 \u0ab6\u0abf\u0a95\u0acd\u0ab7\u0aa3 \u0a86\u0aaa\u0ac0\u0a8f \u0a9b\u0ac0\u0a8f, \u0a9c\u0ac7\u0aa5\u0ac0 \u0aa4\u0ac7\u0a93\u0aa8\u0ac1\u0a82 \u0aa4\u0abe\u0ab0\u0aa3 \u0aa5\u0a88 \u0ab6\u0a95\u0ac7. \u0aaa\u0ab0\u0a82\u0aa4\u0ac1 \u0aaa\u0ac7\u0ab2\u0abe \u0aaf\u0ab9\u0ac2\u0aa6\u0abf\u0a93 \u0aa4\u0acb \u0aa4\u0ac7\u0a93\u0aa8\u0abe\u0a82 \u0a95\u0ab0\u0ac7\u0ab2\u0abe\u0a82 \u0a9c \u0aaa\u0abe\u0aaa\u0aae\u0abe\u0a82 \u0a8f\u0a95 \u0aaa\u0a9b\u0ac0 \u0a8f\u0a95 \u0aaa\u0abe\u0aaa \u0a89\u0aae\u0ac7\u0ab0\u0aa4\u0abe\u0a82 \u0a9c\u0abe\u0aaf \u0a9b\u0ac7. \u0aa6\u0ac7\u0ab5\u0aa8\u0acb \u0a95\u0acb\u0aaa \u0ab9\u0ab5\u0ac7 \u0aa4\u0ac7\u0a93\u0aa8\u0abe \u0aaa\u0ab0 \u0a9b\u0ab5\u0abe\u0a88 \u0a9a\u0ac2\u0a95\u0acd\u0aaf\u0acb \u0a9b\u0ac7."},{"Verseid":"51001016","Verse":"\u0aad\u0abe\u0a88\u0a93 \u0a85\u0aa8\u0ac7 \u0aac\u0ab9\u0ac7\u0aa8\u0acb, \u0a85\u0ab2\u0acd\u0aaa \u0ab8\u0aae\u0aaf \u0aae\u0abe\u0a9f\u0ac7 \u0a85\u0aae\u0ac7 \u0aa4\u0aae\u0abe\u0ab0\u0abe\u0aa5\u0ac0 \u0ab5\u0abf\u0a96\u0ac2\u0a9f\u0abe \u0aaa\u0aa1\u0aaf\u0abe. (\u0a85\u0aae\u0ac7 \u0aa4\u0acd\u0aaf\u0abe\u0a82 \u0aa4\u0aae\u0abe\u0ab0\u0ac0 \u0ab8\u0abe\u0aa5\u0ac7 \u0aa8 \u0ab9\u0aa4\u0abe, \u0aaa\u0ab0\u0a82\u0aa4\u0ac1 \u0ab5\u0abf\u0a9a\u0abe\u0ab0\u0acb\u0aa5\u0ac0 \u0aa4\u0acb \u0a85\u0aae\u0ac7 \u0aa4\u0aae\u0abe\u0ab0\u0ac0 \u0ab8\u0abe\u0aa5\u0ac7\u0a9c \u0ab9\u0aa4\u0abe.) \u0aa4\u0aae\u0aa8\u0ac7 \u0aae\u0ab3\u0ab5\u0abe\u0aa8\u0ac0 \u0a85\u0aae\u0abe\u0ab0\u0ac0 \u0a89\u0aa4\u0acd\u0a95\u0a9f \u0a88\u0a9a\u0acd\u0a9b\u0abe \u0ab9\u0aa4\u0ac0, \u0a85\u0aa8\u0ac7 \u0aa4\u0aae\u0aa8\u0ac7 \u0aae\u0ab3\u0ab5\u0abe \u0a96\u0ac2\u0aac \u0aaa\u0acd\u0ab0\u0aaf\u0aa4\u0acd\u0aa8\u0acb \u0aaa\u0aa3 \u0a95\u0ab0\u0acd\u0aaf\u0abe."},{"Verseid":"51001017","Verse":"\u0ab9\u0abe, \u0a85\u0aae\u0ac7 \u0aa4\u0aae\u0abe\u0ab0\u0ac0 \u0aaa\u0abe\u0ab8\u0ac7 \u0a86\u0ab5\u0ab5\u0abe \u0aae\u0abe\u0a82\u0a97\u0aa4\u0abe \u0ab9\u0aa4\u0abe. \u0a96\u0ab0\u0ac7\u0a96\u0ab0 \u0aae\u0ac7\u0a82, \u0aaa\u0abe\u0a89\u0ab2\u0ac7 \u0aa4\u0acd\u0aaf\u0abe\u0a82 \u0a86\u0ab5\u0ab5\u0abe \u0a98\u0aa3\u0abe \u0aaa\u0acd\u0ab0\u0aaf\u0abe\u0ab8\u0acb \u0a95\u0ab0\u0acd\u0aaf\u0abe, \u0aaa\u0aa3 \u0ab6\u0ac7\u0aa4\u0abe\u0aa8\u0ac7 \u0a85\u0aae\u0aa8\u0ac7 \u0a85\u0a9f\u0a95\u0abe\u0ab5\u0acd\u0aaf\u0abe."},{"Verseid":"51001018","Verse":"\u0aa4\u0aae\u0ac7 \u0a9c \u0a85\u0aae\u0abe\u0ab0\u0ac0 \u0a86\u0ab6\u0abe, \u0a85\u0aae\u0abe\u0ab0\u0acb \u0a86\u0aa8\u0a82\u0aa6, \u0a85\u0aa8\u0ac7 \u0aae\u0ac1\u0a97\u0a9f \u0a9b\u0acb \u0a9c\u0ac7\u0aa8\u0abe \u0aae\u0abe\u0a9f\u0ac7 \u0a88\u0ab8\u0ac1 \u0a96\u0acd\u0ab0\u0abf\u0ab8\u0acd\u0aa4\u0aa8\u0abe \u0a86\u0ab5\u0ab5\u0abe\u0aa8\u0abe \u0ab8\u0aae\u0aaf\u0ac7 \u0aa4\u0ac7\u0aa8\u0ac0 \u0ab8\u0aae\u0a95\u0acd\u0ab7 \u0a85\u0aae\u0aa8\u0ac7 \u0a85\u0aad\u0abf\u0aae\u0abe\u0aa8 \u0aa5\u0ab6\u0ac7."},{"Verseid":"51001019","Verse":"\u0a96\u0ab0\u0ac7\u0a96\u0ab0 \u0aa4\u0aae\u0ac7\u0a9c \u0a85\u0aae\u0abe\u0ab0\u0acb \u0aae\u0ab9\u0abf\u0aae\u0abe \u0a85\u0aa8\u0ac7 \u0a86\u0aa8\u0a82\u0aa6 \u0a9b\u0acb."}]},{"Verse":[{"Verseid":"51002000","Verse":"\u0a85\u0aae\u0ac7 \u0aa4\u0aae\u0abe\u0ab0\u0abe \u0ab8\u0ac1\u0aa7\u0ac0 \u0a86\u0ab5\u0ac0 \u0ab6\u0a95\u0acd\u0aaf\u0abe \u0aa8\u0ab9\u0abf, \u0aaa\u0ab0\u0a82\u0aa4\u0ac1 \u0aa5\u0acb\u0aa1\u0ac0 \u0ab5\u0aa7\u0abe\u0ab0\u0ac7 \u0aaa\u0acd\u0ab0\u0aa4\u0ac0\u0a95\u0acd\u0ab7\u0abe \u0a95\u0ab0\u0ab5\u0ac0 \u0a85\u0aae\u0abe\u0ab0\u0abe\u0a82 \u0aae\u0abe\u0a9f\u0ac7 \u0a96\u0ac2\u0aac \u0a95\u0aa0\u0abf\u0aa8 \u0ab9\u0aa4\u0ac1\u0a82. \u0aa4\u0ac7\u0aa5\u0ac0 \u0a85\u0aae\u0ac7 \u0aa4\u0abf\u0aae\u0acb\u0aa5\u0ac0\u0aa8\u0ac7 \u0aa4\u0aae\u0abe\u0ab0\u0ac0 \u0aaa\u0abe\u0ab8\u0ac7 \u0aae\u0acb\u0a95\u0ab2\u0ab5\u0abe\u0aa8\u0acb \u0aa8\u0abf\u0ab0\u0acd\u0aa3\u0aaf \u0a95\u0ab0\u0acd\u0aaf\u0acb. \u0a85\u0aa8\u0ac7 \u0a85\u0aae\u0ac7 \u0a86\u0aa5\u0ac7 \u0ab8\u0aae\u0abe\u0a82 \u0a8f\u0a95\u0ab2\u0abe \u0ab0\u0ab9\u0ac7\u0ab5\u0abe\u0aa8\u0ac1\u0a82 \u0aa8\u0a95\u0acd\u0a95\u0ac0 \u0a95\u0ab0\u0acd\u0aaf\u0ac1, \u0aa4\u0abf\u0aae\u0acb\u0aa5\u0ac0 \u0a86\u0aaa\u0aa3\u0acb \u0aad\u0abe\u0a88 \u0a9b\u0ac7."},{"Verseid":"51002001","Verse":"\u0aa4\u0ac7 \u0aa6\u0ac7\u0ab5 \u0ab8\u0abe\u0aa5\u0ac7 \u0a96\u0acd\u0ab0\u0abf\u0ab8\u0acd\u0aa4 \u0ab5\u0abf\u0ab7\u0ac7\u0aa8\u0ac0 \u0ab8\u0ac1\u0ab5\u0abe\u0ab0\u0acd\u0aa4\u0abe \u0ab2\u0acb\u0a95\u0acb\u0aa8\u0ac7 \u0a95\u0ab9\u0ac7\u0ab5\u0abe\u0aa8\u0ac1\u0a82 \u0a95\u0abe\u0ab0\u0acd\u0aaf \u0a95\u0ab0\u0ac7 \u0a9b\u0ac7. \u0a85\u0aae\u0ac7 \u0aa4\u0abf\u0aae\u0acb\u0aa5\u0ac0\u0aa8\u0ac7 \u0aa4\u0aae\u0abe\u0ab0\u0ac0 \u0aaa\u0abe\u0ab8\u0ac7 \u0aa4\u0aae\u0abe\u0ab0\u0abe \u0ab5\u0abf\u0ab6\u0acd\u0ab5\u0abe\u0ab8\u0aae\u0abe\u0a82 \u0aa4\u0aae\u0aa8\u0ac7 \u0aa6\u0ac3\u0aa2 \u0a95\u0ab0\u0ab5\u0abe\u0aa8\u0ac7 \u0a85\u0aa8\u0ac7 \u0aa4\u0aae\u0aa8\u0ac7 \u0a89\u0aa4\u0acd\u0aa4\u0ac7\u0a9c\u0aa8 \u0a86\u0aaa\u0ab5\u0abe\u0aa8\u0ac7 \u0aae\u0acb\u0a95\u0ab2\u0acd\u0aaf\u0acb."},{"Verseid":"51002002","Verse":"\u0a85\u0aae\u0ac7 \u0aa4\u0abf\u0aae\u0acb\u0aa5\u0ac0\u0aa8\u0ac7 \u0aae\u0acb\u0a95\u0ab2\u0acd\u0aaf\u0acb \u0a9c\u0ac7\u0aa5\u0ac0 \u0aa4\u0aae\u0abe\u0ab0\u0abe\u0aae\u0abe\u0a82\u0aa8\u0acb \u0a95\u0acb\u0a88 \u0a85\u0aa4\u0acd\u0aaf\u0abe\u0ab0\u0ac7 \u0a9c\u0ac7 \u0a86\u0aaa\u0aa4\u0acd\u0aa4\u0abf\u0a93 \u0a9b\u0ac7, \u0aa4\u0ac7\u0aa8\u0abe\u0aa5\u0ac0 \u0ab5\u0abf\u0a9a\u0ab2\u0abf\u0aa4 \u0aa8 \u0aa5\u0abe\u0aaf. \u0aa4\u0aae\u0ac7 \u0aaa\u0acb\u0aa4\u0ac7 \u0aaa\u0aa3 \u0a9c\u0abe\u0aa3\u0acb \u0a9c \u0a9b\u0acb \u0a95\u0ac7 \u0a86\u0aaa\u0aa3\u0abe \u0aaa\u0ab0 \u0aa4\u0acb \u0a86\u0ab5\u0ac0 \u0aae\u0ac1\u0ab6\u0acd\u0a95\u0ac7\u0ab2\u0ac0\u0a93 \u0a86\u0ab5\u0ab6\u0ac7 \u0a9c."},{"Verseid":"51002003","Verse":"\u0a9c\u0acd\u0aaf\u0abe\u0ab0\u0ac7 \u0a85\u0aae\u0ac7 \u0aa4\u0aae\u0abe\u0ab0\u0ac0 \u0ab8\u0abe\u0aa5\u0ac7 \u0ab9\u0aa4\u0abe, \u0aa4\u0acd\u0aaf\u0abe\u0ab0\u0ac7 \u0a85\u0aae\u0ac7 \u0aa4\u0aae\u0aa8\u0ac7 \u0a9c\u0aa3\u0abe\u0ab5\u0acd\u0aaf\u0ac1\u0a82 \u0ab9\u0aa4\u0ac1\u0a82 \u0a95\u0ac7, \u0a86\u0aaa\u0aa3\u0ac7 \u0ab8\u0ab9\u0aa8 \u0a95\u0ab0\u0ab5\u0abe\u0aa8\u0ac1\u0a82 \u0aa5\u0ab6\u0ac7. \u0a85\u0aa8\u0ac7 \u0aa4\u0aae\u0ac7 \u0a9c\u0abe\u0aa3\u0acb \u0a9b\u0acb \u0a95\u0ac7 \u0a9c\u0ac7 \u0ab0\u0ac0\u0aa4\u0ac7 \u0a85\u0aae\u0ac7 \u0a95\u0ab9\u0acd\u0aaf\u0ac1\u0a82 \u0ab9\u0aa4\u0ac1\u0a82 \u0aa4\u0ac7 \u0a9c \u0aaa\u0acd\u0ab0\u0aae\u0abe\u0aa3\u0ac7 \u0aa4\u0ac7 \u0aa5\u0aaf\u0ac1\u0a82."},{"Verseid":"51002004","Verse":"\u0aa4\u0ac7\u0aa5\u0ac0 \u0a9c \u0aa4\u0abf\u0aae\u0acb\u0aa5\u0ac0\u0aa8\u0ac7 \u0aae\u0ac7\u0a82 \u0aa4\u0aae\u0abe\u0ab0\u0ac0 \u0aaa\u0abe\u0ab8\u0ac7 \u0aae\u0acb\u0a95\u0ab2\u0acd\u0aaf\u0acb, \u0a9c\u0ac7\u0aa5\u0ac0 \u0a95\u0ab0\u0ac0\u0aa8\u0ac7 \u0aa4\u0aae\u0abe\u0ab0\u0abe \u0ab5\u0abf\u0ab6\u0acd\u0ab5\u0abe\u0ab8 \u0ab5\u0abf\u0ab7\u0ac7 \u0ab9\u0ac1\u0a82 \u0a9c\u0abe\u0aa3\u0ac0 \u0ab6\u0a95\u0ac1\u0a82. \u0ab9\u0ac1\u0a82 \u0ab5\u0aa7\u0abe\u0ab0\u0ac7 \u0aaa\u0acd\u0ab0\u0aa4\u0ac0\u0a95\u0acd\u0ab7\u0abe \u0a95\u0ab0\u0ac0 \u0ab6\u0a95\u0ac1\u0a82 \u0aa4\u0ac7\u0aae \u0aa8 \u0ab9\u0aa4\u0acb \u0aa4\u0ac7\u0aa5\u0ac0 \u0aae\u0ac7\u0a82 \u0aa4\u0ac7\u0aa8\u0ac7 \u0aae\u0acb\u0a95\u0ab2\u0acd\u0aaf\u0acb. \u0aae\u0aa8\u0ac7 \u0aad\u0aaf \u0ab9\u0aa4\u0acb \u0a95\u0ac7 \u0aa4\u0ac7 \u0a8f\u0a95 (\u0ab6\u0ac7\u0aa4\u0abe\u0aa8) \u0a95\u0ac7 \u0a9c\u0ac7 \u0ab2\u0acb\u0a95\u0acb\u0aa8\u0ac1\u0a82 \u0aaa\u0ab0\u0ac0\u0a95\u0acd\u0ab7\u0aa3 \u0a95\u0ab0\u0ac7 \u0a9b\u0ac7 \u0aa4\u0ac7\u0aa3\u0ac7 \u0aa4\u0aae\u0abe\u0ab0\u0ac1\u0a82 \u0aaa\u0aa3 \u0aaa\u0ab0\u0ac0\u0a95\u0acd\u0ab7\u0aa3 \u0a95\u0ab0\u0acd\u0aaf\u0ac1 \u0ab9\u0acb\u0aaf, \u0a85\u0aa8\u0ac7 \u0aa4\u0aae\u0abe\u0ab0\u0acb \u0aaa\u0ab0\u0abe\u0a9c\u0aaf \u0a95\u0ab0\u0acd\u0aaf\u0acb \u0ab9\u0acb\u0aaf. \u0aa4\u0ac7\u0aa5\u0ac0 \u0a85\u0aae\u0abe\u0ab0\u0acb \u0a95\u0aa0\u0acb\u0ab0 \u0aaa\u0ab0\u0abf\u0ab6\u0acd\u0ab0\u0aae \u0ab5\u0ac7\u0aa1\u0aab\u0abe\u0a88 \u0a97\u0aaf\u0acb \u0ab9\u0aa4\u0acb."},{"Verseid":"51002005","Verse":"\u0aaa\u0ab0\u0a82\u0aa4\u0ac1 \u0aa4\u0abf\u0aae\u0acb\u0aa5\u0ac0 \u0aa4\u0aae\u0abe\u0ab0\u0ac0 \u0aaa\u0abe\u0ab8\u0ac7\u0aa5\u0ac0 \u0a85\u0aae\u0abe\u0ab0\u0ac0 \u0aaa\u0abe\u0ab8\u0ac7 \u0aaa\u0abe\u0a9b\u0acb \u0a86\u0ab5\u0acd\u0aaf\u0acb. \u0aa4\u0ac7\u0aa3\u0ac7 \u0aa4\u0aae\u0abe\u0ab0\u0abe \u0ab5\u0abf\u0ab6\u0acd\u0ab5\u0abe\u0ab8 \u0a85\u0aa8\u0ac7 \u0aaa\u0acd\u0ab0\u0ac7\u0aae\u0aa8\u0abe \u0a96\u0ac1\u0ab6\u0a95\u0abe\u0ab0\u0a95 \u0ab8\u0aae\u0abe\u0a9a\u0abe\u0ab0 \u0a85\u0aae\u0aa8\u0ac7 \u0a9c\u0acd\u0aa3\u0abe\u0ab5\u0acd\u0aaf\u0abe. \u0aa4\u0abf\u0aae\u0acb\u0aa5\u0ac0\u0a8f \u0a85\u0aae\u0aa8\u0ac7 \u0a9c\u0acd\u0aa3\u0abe\u0ab5\u0acd\u0aaf\u0ac1\u0a82 \u0a95\u0ac7 \u0aa4\u0aae\u0ac7 \u0ab9\u0aae\u0ac7\u0ab6\u0abe \u0ab8\u0abe\u0ab0\u0ac0 \u0aad\u0abe\u0ab5\u0aa8\u0abe\u0aa5\u0ac0 \u0a85\u0aae\u0abe\u0ab0\u0ac1\u0a82 \u0ab8\u0acd\u0aae\u0ab0\u0aa3 \u0a95\u0ab0\u0acb \u0a9b\u0acb. \u0aa4\u0ac7\u0aa3\u0ac7 \u0a85\u0aae\u0aa8\u0ac7 \u0a9c\u0acd\u0aa3\u0abe\u0ab5\u0acd\u0aaf\u0ac1\u0a82 \u0a95\u0ac7 \u0aa4\u0aae\u0ac7 \u0a85\u0aae\u0aa8\u0ac7 \u0aae\u0ab3\u0ab5\u0abe \u0a85\u0aa4\u0acd\u0aaf\u0a82\u0aa4 \u0a86\u0aa4\u0ac1\u0ab0 \u0a9b\u0acb. \u0a85\u0aa8\u0ac7 \u0a85\u0aae\u0abe\u0ab0\u0ac0 \u0ab8\u0abe\u0aa5\u0ac7 \u0aaa\u0aa3 \u0aa4\u0ac7\u0aae \u0a9c \u0a9b\u0ac7, \u0a85\u0aae\u0ac7 \u0aaa\u0aa3 \u0aa4\u0aae\u0aa8\u0ac7 \u0aae\u0ab3\u0ab5\u0abe \u0a85\u0aa4\u0acd\u0aaf\u0a82\u0aa4 \u0a88\u0a9a\u0acd\u0a9b\u0ac0\u0a8f \u0a9b\u0ac0\u0a8f."},{"Verseid":"51002006","Verse":"\u0aa4\u0ac7\u0aa5\u0ac0 \u0aad\u0abe\u0a88\u0a93 \u0a85\u0aa8\u0ac7 \u0aac\u0ab9\u0ac7\u0aa8\u0acb, \u0aa4\u0aae\u0abe\u0ab0\u0abe \u0ab5\u0abf\u0ab7\u0ac7 \u0a9c\u0abe\u0aa3\u0ac0\u0aa8\u0ac7 \u0aa4\u0aae\u0abe\u0ab0\u0abe \u0ab5\u0abf\u0ab6\u0acd\u0ab5\u0abe\u0ab8\u0aa8\u0ac7 \u0a95\u0abe\u0ab0\u0aa3\u0ac7 \u0a85\u0aae\u0aa8\u0ac7 \u0aaa\u0acd\u0ab0\u0acb\u0aa4\u0acd\u0ab8\u0abe\u0ab9\u0aa8 \u0aae\u0ab3\u0acd\u0aaf\u0ac1\u0a82 \u0a9b\u0ac7. \u0a85\u0aae\u0abe\u0ab0\u0ac7 \u0a98\u0aa3\u0ac0 \u0aae\u0ac1\u0ab6\u0acd\u0a95\u0ac7\u0ab2\u0ac0\u0a93 \u0a85\u0aa8\u0ac7 \u0aaa\u0ac0\u0aa1\u0abe\u0a93 \u0a9b\u0ac7, \u0a9b\u0aa4\u0abe\u0a82 \u0aaa\u0aa3 \u0a85\u0aae\u0aa8\u0ac7 \u0ab8\u0abe\u0a82\u0aa4\u0acd\u0ab5\u0aa8 \u0a9b\u0ac7."},{"Verseid":"51002007","Verse":"\u0a9c\u0acb \u0aa4\u0aae\u0ac7 \u0aaa\u0acd\u0ab0\u0aad\u0ac1\u0aae\u0abe\u0a82 \u0aa6\u0acd\u0ab0\u0aa2 \u0a9b\u0acb \u0aa4\u0acb \u0a86\u0aaa\u0aa3\u0ac1\u0a82 \u0a9c\u0ac0\u0ab5\u0aa8 \u0a96\u0ab0\u0ac7\u0a96\u0ab0 \u0aad\u0ab0\u0aaa\u0ac2\u0ab0 \u0a9b\u0ac7."},{"Verseid":"51002008","Verse":"\u0aa4\u0aae\u0abe\u0ab0\u0ac7 \u0a95\u0abe\u0ab0\u0aa3\u0ac7 \u0a85\u0aae\u0abe\u0ab0\u0abe \u0aa6\u0ac7\u0ab5 \u0a86\u0a97\u0ab3 \u0a85\u0aae\u0ac7 \u0a85\u0aa4\u0acd\u0aaf\u0a82\u0aa4 \u0ab9\u0ab0\u0acd\u0ab7 \u0a85\u0aa8\u0ac1\u0aad\u0ab5\u0ac0\u0a8f \u0a9b\u0ac7! \u0aa4\u0ac7\u0aa5\u0ac0 \u0aa4\u0aae\u0abe\u0ab0\u0abe \u0aae\u0abe\u0a9f\u0ac7 \u0a85\u0aae\u0ac7 \u0aa6\u0ac7\u0ab5\u0aa8\u0ac0 \u0a86\u0aad\u0abe\u0ab0\u0ab8\u0acd\u0aa4\u0ac1\u0aa4\u0abf \u0a95\u0ab0\u0ac0\u0a8f \u0a9b\u0ac0\u0a8f. \u0aaa\u0ab0\u0a82\u0aa4\u0ac1 \u0a9c\u0ac7 \u0aaa\u0ab0\u0aae \u0a86\u0aa8\u0a82\u0aa6\u0aa8\u0acb \u0a85\u0aa8\u0ac1\u0aad\u0ab5 \u0a85\u0aae\u0ac7 \u0a95\u0ab0\u0ac0\u0a8f \u0a9b\u0ac0\u0a8f \u0aa4\u0ac7\u0aa8\u0abe \u0aae\u0abe\u0a9f\u0ac7 \u0a85\u0aae\u0ac7 \u0aa6\u0ac7\u0ab5\u0aa8\u0acb \u0aaa\u0ac2\u0ab0\u0aa4\u0acb \u0a86\u0aad\u0abe\u0ab0 \u0aae\u0abe\u0aa8\u0ac0 \u0ab6\u0a95\u0aa4\u0abe \u0aa8\u0aa5\u0ac0."},{"Verseid":"51002009","Verse":"\u0aa6\u0abf\u0ab5\u0ab8 \u0a85\u0aa8\u0ac7 \u0ab0\u0abe\u0aa4\u0acd\u0ab0\u0ac7 \u0aa4\u0aae\u0abe\u0ab0\u0abe \u0aae\u0abe\u0a9f\u0ac7 \u0a85\u0aa4\u0abf\u0ab6\u0aaf \u0aaa\u0acd\u0ab0\u0abe\u0ab0\u0acd\u0aa5\u0aa8\u0abe \u0a95\u0ab0\u0ac0 \u0ab0\u0ab9\u0acd\u0aaf\u0abe\u0a82 \u0a9b\u0ac0\u0a8f. \u0a85\u0aae\u0ac7 \u0aaa\u0acd\u0ab0\u0abe\u0ab0\u0acd\u0aa5\u0ac0 \u0ab0\u0ab9\u0acd\u0aaf\u0abe\u0a82 \u0a9b\u0ac0\u0a8f \u0a95\u0ac7 \u0aa4\u0aae\u0abe\u0ab0\u0abe \u0ab5\u0abf\u0ab6\u0acd\u0ab5\u0abe\u0ab8\u0aae\u0abe\u0a82 \u0a9c\u0ac7 \u0a95\u0a88 \u0aa8\u0acd\u0aaf\u0ac2\u0aa8\u0aa4\u0abe \u0ab9\u0acb\u0aaf \u0aa4\u0ac7 \u0ab8\u0a82\u0aaa\u0ac2\u0ab0\u0acd\u0aa3 \u0a95\u0ab0\u0ab5\u0abe \u0a85\u0aae\u0ac7 \u0aa4\u0acd\u0aaf\u0abe\u0a82 \u0a86\u0ab5\u0ac0 \u0ab6\u0a95\u0ac0\u0a8f, \u0aa4\u0aae\u0aa8\u0ac7 \u0aaa\u0ac1\u0aa8\u0a83\u0aae\u0ab3\u0ac0 \u0ab6\u0a95\u0ac0\u0a8f \u0a85\u0aa8\u0ac7 \u0aa4\u0aae\u0aa8\u0ac7 \u0a86\u0ab5\u0ab6\u0acd\u0aaf\u0a95 \u0aac\u0aa7\u0ac0 \u0a9c \u0ab5\u0ab8\u0acd\u0aa4\u0ac1\u0a93 \u0aa4\u0aae\u0aa8\u0ac7 \u0aaa\u0ac2\u0ab0\u0ac0 \u0aaa\u0abe\u0aa1\u0ac0 \u0ab6\u0a95\u0ac0\u0a8f."},{"Verseid":"51002010","Verse":"\u0a85\u0aae\u0ac7 \u0aaa\u0acd\u0ab0\u0abe\u0ab0\u0acd\u0aa5\u0ac0\u0a8f \u0a9b\u0ac0\u0a8f \u0a95\u0ac7 \u0aa6\u0ac7\u0ab5 \u0a86\u0aaa\u0aa3\u0abe \u0aac\u0abe\u0aaa \u0a85\u0aa8\u0ac7 \u0a86\u0aaa\u0aa3\u0abe \u0aaa\u0acd\u0ab0\u0aad\u0ac1 \u0a88\u0ab8\u0ac1 \u0aa4\u0aae\u0abe\u0ab0\u0abe \u0ab8\u0ac1\u0aa7\u0ac0 \u0aaa\u0ab9\u0acb\u0a82\u0a9a\u0ab5\u0abe \u0aae\u0abe\u0a9f\u0ac7\u0aa8\u0acb \u0a85\u0aae\u0abe\u0ab0\u0acb \u0aae\u0abe\u0ab0\u0acd\u0a97 \u0ab8\u0ab0\u0ab3 \u0aac\u0aa8\u0abe\u0ab5\u0ac7."},{"Verseid":"51002011","Verse":"\u0a85\u0aae\u0ac7 \u0aaa\u0acd\u0ab0\u0abe\u0ab0\u0acd\u0aa5\u0ac0\u0a8f \u0a9b\u0ac0\u0a8f \u0a95\u0ac7 \u0aaa\u0acd\u0ab0\u0aad\u0ac1 \u0aa4\u0aae\u0abe\u0ab0\u0abe\u0aae\u0abe\u0a82 \u0aaa\u0acd\u0ab0\u0ac7\u0aae\u0aa8\u0ac7 \u0ab5\u0abf\u0a95\u0ab8\u0abf\u0aa4 \u0a95\u0ab0\u0ac7. \u0a85\u0aae\u0ac7 \u0aaa\u0acd\u0ab0\u0abe\u0ab0\u0acd\u0aa5\u0ac0\u0a8f \u0a9b\u0ac0\u0a8f \u0a95\u0ac7 \u0aa4\u0ac7 \u0aa4\u0aae\u0abe\u0ab0\u0abe\u0aae\u0abe\u0a82 \u0a8f\u0a95\u0aac\u0ac0\u0a9c\u0abe \u0a85\u0aa8\u0ac7 \u0a85\u0aa8\u0acd\u0aaf \u0ab2\u0acb\u0a95\u0acb \u0aae\u0abe\u0a9f\u0ac7 \u0a89\u0aa4\u0acd\u0aa4\u0ab0\u0acb\u0aa4\u0acd\u0aa4\u0ab0 \u0aaa\u0acd\u0ab0\u0ac7\u0aae \u0ab5\u0aa7\u0abe\u0ab0\u0ac7. \u0a85\u0aae\u0ac7 \u0aaa\u0acd\u0ab0\u0abe\u0ab0\u0acd\u0aa5\u0ac0\u0a8f \u0a95\u0ac7 \u0a9c\u0ac7\u0aae \u0a85\u0aae\u0ac7 \u0aa4\u0aae\u0aa8\u0ac7 \u0aaa\u0acd\u0ab0\u0ac7\u0aae \u0a95\u0ab0\u0ac0\u0a8f \u0a9b\u0ac0\u0a8f \u0aa4\u0ac7\u0aae \u0aa4\u0aae\u0ac7 \u0aac\u0aa7\u0abe \u0a9c \u0ab2\u0acb\u0a95\u0acb\u0aa8\u0ac7 \u0aaa\u0acd\u0ab0\u0ac7\u0aae \u0a95\u0ab0\u0acb."},{"Verseid":"51002012","Verse":"\u0aa4\u0aae\u0abe\u0ab0\u0abe \u0ab9\u0ac3\u0aa6\u0aaf \u0ab8\u0ac1\u0aa6\u0ac3\u0aa2 \u0aac\u0aa8\u0ac7 \u0aa4\u0ac7\u0aa5\u0ac0 \u0a85\u0aae\u0ac7 \u0a86\u0aae \u0aaa\u0acd\u0ab0\u0abe\u0ab0\u0acd\u0aa5\u0ac0\u0a8f \u0a9b\u0ac0\u0a8f. \u0aa4\u0ac7\u0aa5\u0ac0 \u0a9c\u0acd\u0aaf\u0abe\u0ab0\u0ac7 \u0a86\u0aaa\u0aa3\u0abe \u0aaa\u0acd\u0ab0\u0aad\u0ac1 \u0a88\u0ab8\u0ac1 \u0aa4\u0ac7\u0aa8\u0abe \u0ab8\u0ab0\u0acd\u0ab5 \u0ab8\u0a82\u0aa4\u0acb \u0ab8\u0ab9\u0abf\u0aa4 \u0aaa\u0aa7\u0abe\u0ab0\u0ac7, \u0aa4\u0acd\u0aaf\u0abe\u0ab0\u0ac7 \u0aa6\u0ac7\u0ab5 \u0a86\u0aaa\u0aa3\u0abe \u0aac\u0abe\u0aaa\u0aa8\u0ac0 \u0ab9\u0a9c\u0ac2\u0ab0\u0aae\u0abe\u0a82 \u0aa4\u0aae\u0ac7 \u0aaa\u0ab5\u0abf\u0aa4\u0acd\u0ab0 \u0a85\u0aa8\u0ac7 \u0aa8\u0abf\u0ab0\u0acd\u0aa6\u0acb\u0ab7 \u0aac\u0aa8\u0ac0 \u0ab6\u0a95\u0acb."}]},{"Verse":[{"Verseid":"51003000","Verse":"\u0aad\u0abe\u0a88\u0a93 \u0a85\u0aa8\u0ac7 \u0aac\u0ab9\u0ac7\u0aa8\u0acb, \u0ab9\u0ab5\u0ac7 \u0aae\u0abe\u0ab0\u0ac7 \u0aa4\u0aae\u0aa8\u0ac7 \u0aac\u0ac0\u0a9c\u0ac0 \u0a95\u0ac7\u0a9f\u0ab2\u0ac0\u0a95 \u0ab5\u0abe\u0aa4\u0acb \u0a95\u0ab9\u0ac7\u0ab5\u0abe\u0aa8\u0ac0 \u0a9b\u0ac7. \u0aa6\u0ac7\u0ab5\u0aa8\u0ac7 \u0aaa\u0acd\u0ab0\u0ab8\u0aa8\u0acd\u0aa8 \u0a95\u0ab0\u0ac7 \u0aa4\u0ac7 \u0ab0\u0ac0\u0aa4\u0ac7 \u0a95\u0ac7\u0aae \u0a9c\u0ac0\u0ab5\u0ab5\u0ac1\u0a82 \u0aa4\u0ac7 \u0ab5\u0abf\u0ab7\u0ac7 \u0a85\u0aae\u0ac7 \u0aa4\u0aae\u0aa8\u0ac7 \u0aa6\u0ab0\u0acd\u0ab6\u0abe\u0ab5\u0acd\u0aaf\u0ac1 \u0a9b\u0ac7. \u0a85\u0aa8\u0ac7 \u0aa4\u0aae\u0ac7 \u0aa4\u0ac7 \u0a9c \u0ab0\u0ac0\u0aa4\u0ac7 \u0a9c\u0ac0\u0ab5\u0ac0 \u0ab0\u0ab9\u0acd\u0aaf\u0abe\u0a82 \u0a9b\u0acb. \u0ab9\u0ab5\u0ac7 \u0a85\u0aae\u0ac7 \u0aa4\u0aae\u0aa8\u0ac7 \u0aaa\u0acd\u0ab0\u0aad\u0ac1 \u0a88\u0ab8\u0ac2\u0aae\u0abe\u0a82 \u0a9c\u0ac0\u0ab5\u0ab5\u0abe \u0aae\u0abe\u0a9f\u0ac7 \u0ab5\u0aa7\u0ac1 \u0aa8\u0ac7 \u0ab5\u0aa7\u0ac1 \u0a86\u0a97\u0acd\u0ab0\u0ab9 \u0a85\u0aa8\u0ac7 \u0aaa\u0acd\u0ab0\u0acb\u0aa4\u0acd\u0ab8\u0abe\u0ab9\u0aa8 \u0a86\u0aaa\u0ac0\u0a8f \u0a9b\u0ac0\u0a8f."},{"Verseid":"51003001","Verse":"\u0aa4\u0aae\u0abe\u0ab0\u0ac7 \u0ab6\u0ac1\u0a82 \u0a95\u0ab0\u0ab5\u0ac1\u0a82 \u0aa4\u0ac7 \u0aac\u0abe\u0aac\u0aa4\u0acb \u0a9c\u0ac7 \u0a85\u0aae\u0ac7 \u0aa4\u0aae\u0aa8\u0ac7 \u0a95\u0ab9\u0ac7\u0ab2\u0ac0 \u0aa4\u0ac7 \u0aa4\u0aae\u0ac7 \u0a9c\u0abe\u0aa3\u0acb \u0a9b\u0acb, \u0a85\u0aae\u0ac7 \u0aa4\u0aae\u0aa8\u0ac7 \u0aa4\u0ac7 \u0aac\u0abe\u0aac\u0aa4\u0acb \u0aaa\u0acd\u0ab0\u0aad\u0ac1 \u0a88\u0ab8\u0ac1\u0aa8\u0abe \u0a85\u0aa7\u0abf\u0a95\u0abe\u0ab0 \u0ab5\u0aa1\u0ac7 \u0a9c\u0acd\u0aa3\u0abe\u0ab5\u0ac7\u0ab2\u0ac0 \u0a9b\u0ac7."},{"Verseid":"51003002","Verse":"\u0aa6\u0ac7\u0ab5 \u0a88\u0a9a\u0acd\u0a9b\u0ac7 \u0a9b\u0ac7 \u0a95\u0ac7, \u0aa4\u0aae\u0ac7 \u0aaa\u0ab5\u0abf\u0aa4\u0acd\u0ab0 \u0aa5\u0abe\u0a93. \u0aa4\u0aae\u0ac7 \u0ab5\u0acd\u0aaf\u0aad\u0abf\u0a9a\u0abe\u0ab0\u0aa5\u0ac0 \u0aa6\u0ac2\u0ab0 \u0ab0\u0ab9\u0acb \u0aa4\u0aae\u0ac7 \u0aa4\u0ac7 \u0a88\u0a9a\u0acd\u0a9b\u0ac7 \u0a9b\u0ac7."},{"Verseid":"51003003","Verse":"\u0aa4\u0aae\u0abe\u0ab0\u0abe\u0aae\u0abe\u0a82\u0aa8\u0ac0 \u0aa6\u0ab0\u0ac7\u0a95 \u0ab5\u0acd\u0aaf\u0a95\u0acd\u0aa4\u0abf \u0ab6\u0ab0\u0ac0\u0ab0 \u0aaa\u0ab0 \u0aa8\u0abf\u0aaf\u0a82\u0aa4\u0acd\u0ab0\u0aa3 \u0ab0\u0abe\u0a96\u0ab5\u0abe\u0aa8\u0ac1\u0a82 \u0ab6\u0ac0\u0a96\u0ac7 \u0aa4\u0ac7\u0aae \u0aa6\u0ac7\u0ab5 \u0a88\u0a9a\u0acd\u0a9b\u0ac7 \u0a9b\u0ac7. \u0aa4\u0aae\u0abe\u0ab0\u0abe \u0ab6\u0ab0\u0ac0\u0ab0\u0aa8\u0acb \u0aaa\u0ab5\u0abf\u0aa4\u0acd\u0ab0\u0aa4\u0abe\u0aae\u0abe\u0a82 \u0a89\u0aaa\u0aaf\u0acb\u0a97 \u0a95\u0ab0\u0acb \u0a95\u0ac7 \u0a9c\u0ac7 \u0aa6\u0ac7\u0ab5\u0aa8\u0ac7 \u0ab8\u0aae\u0acd\u0aae\u0abe\u0aa8\u0abf\u0aa4 \u0a95\u0ab0\u0ac7 \u0a9b\u0ac7."},{"Verseid":"51003004","Verse":"\u0aa4\u0aae\u0abe\u0ab0\u0abe \u0ab6\u0ab0\u0ac0\u0ab0\u0aa8\u0acb \u0aad\u0acb\u0a97 \u0ab5\u0abf\u0ab2\u0abe\u0ab8 \u0aae\u0abe\u0a9f\u0ac7 \u0a89\u0aaa\u0aaf\u0acb\u0a97 \u0aa8 \u0a95\u0ab0\u0acb. \u0a9c\u0ac7 \u0ab2\u0acb\u0a95\u0acb \u0aa6\u0ac7\u0ab5\u0aa8\u0ac7 \u0a9c\u0abe\u0aa3\u0aa4\u0abe \u0aa8\u0aa5\u0ac0 \u0aa4\u0ac7 \u0aa4\u0ac7\u0aae\u0aa8\u0abe \u0ab6\u0ab0\u0ac0\u0ab0\u0aa8\u0acb \u0aa4\u0ac7\u0ab5\u0acb \u0a89\u0aaa\u0aaf\u0acb\u0a97 \u0a95\u0ab0\u0ac7 \u0a9b\u0ac7."},{"Verseid":"51003005","Verse":"\u0aa4\u0aae\u0abe\u0ab0\u0abe\u0aae\u0abe\u0a82\u0aa8\u0abe \u0a95\u0acb\u0a88\u0a8f \u0aa4\u0aae\u0abe\u0ab0\u0abe \u0aad\u0abe\u0a88 \u0ab8\u0abe\u0aa5\u0ac7 \u0a85\u0aa8\u0ac1\u0a9a\u0abf\u0aa4 \u0ab5\u0acd\u0aaf\u0ab5\u0ab9\u0abe\u0ab0 \u0aa8 \u0a95\u0ab0\u0ab5\u0acb \u0a9c\u0acb\u0a88\u0a8f \u0a95\u0ac7 \u0aa4\u0ac7\u0aa8\u0ac7 \u0a9b\u0ac7\u0aa4\u0ab0\u0ab5\u0acb \u0aaa\u0aa3 \u0aa8 \u0a9c\u0acb\u0a88\u0a8f. \u0a9c\u0ac7 \u0ab2\u0acb\u0a95\u0acb \u0a86\u0aae \u0a95\u0ab0\u0ac7 \u0a9b\u0ac7 \u0aa4\u0ac7\u0aae\u0aa8\u0ac7 \u0aaa\u0acd\u0ab0\u0aad\u0ac1 \u0ab6\u0abf\u0a95\u0acd\u0ab7\u0abe \u0a95\u0ab0\u0ab6\u0ac7. \u0a85\u0aae\u0ac7 \u0a95\u0acd\u0aaf\u0abe\u0ab0\u0aa8\u0ac1\u0a82 \u0aaf \u0aa4\u0aae\u0aa8\u0ac7 \u0a8f \u0aac\u0abe\u0aac\u0aa4 \u0ab5\u0abf\u0ab7\u0ac7 \u0a9c\u0aa3\u0abe\u0ab5\u0acd\u0aaf\u0ac1\u0a82 \u0a9b\u0ac7 \u0a85\u0aa8\u0ac7 \u0a9a\u0ac7\u0aa4\u0ab5\u0acd\u0aaf\u0abe \u0a9b\u0ac7."},{"Verseid":"51003006","Verse":"\u0aa6\u0ac7\u0ab5\u0ac7 \u0a86\u0aaa\u0aa3\u0aa8\u0ac7 \u0aaa\u0ab5\u0abf\u0aa4\u0acd\u0ab0 \u0aa5\u0ab5\u0abe \u0aa4\u0ac7\u0aa1\u0aaf\u0abe \u0a9b\u0ac7. \u0aa4\u0ac7 \u0a86\u0aaa\u0aa3\u0ac7 \u0a85\u0ab6\u0ac1\u0aa6\u0acd\u0aa7 \u0a9c\u0ac0\u0ab5\u0aa8 \u0a9c\u0ac0\u0ab5\u0ac0\u0a8f \u0aa4\u0ac7\u0aae \u0a88\u0a9a\u0acd\u0a9b\u0aa4\u0acb \u0aa8\u0aa5\u0ac0."},{"Verseid":"51003007","Verse":"\u0a8f \u0aae\u0abe\u0a9f\u0ac7 \u0a9c\u0ac7 \u0ab5\u0acd\u0aaf\u0a95\u0acd\u0aa4\u0abf \u0aa6\u0ac7\u0ab5\u0aa8\u0abe \u0a89\u0aaa\u0aa6\u0ac7\u0ab6\u0aa8\u0acb \u0a85\u0ab8\u0acd\u0ab5\u0ac0\u0a95\u0abe\u0ab0 \u0a95\u0ab0\u0ac7 \u0a9b\u0ac7 \u0aa4\u0ac7 \u0aae\u0abe\u0aa3\u0ab8\u0aa8\u0acb \u0a85\u0ab8\u0acd\u0ab5\u0ac0\u0a95\u0abe\u0ab0 \u0a95\u0ab0\u0aa4\u0acb \u0aa8\u0aa5\u0ac0, \u0aa4\u0ac7 \u0aa6\u0ac7\u0ab5\u0aa8\u0acb \u0a85\u0ab8\u0acd\u0ab5\u0ac0\u0a95\u0abe\u0ab0 \u0a95\u0ab0\u0ac7 \u0a9b\u0ac7. \u0a85\u0aa8\u0ac7 \u0aa6\u0ac7\u0ab5 \u0a8f \u0a8f\u0a95 \u0a9b\u0ac7 \u0a9c\u0ac7 \u0aa4\u0aae\u0aa8\u0ac7 \u0aa4\u0ac7\u0aa8\u0acb \u0aaa\u0ab5\u0abf\u0aa4\u0acd\u0ab0 \u0a86\u0aa4\u0acd\u0aae\u0abe \u0aaa\u0acd\u0ab0\u0aa6\u0abe\u0aa8 \u0a95\u0ab0\u0ac0 \u0ab0\u0ab9\u0acd\u0aaf\u0acb \u0a9b\u0ac7."},{"Verseid":"51003008","Verse":"\u0a96\u0acd\u0ab0\u0abf\u0ab8\u0acd\u0aa4\u0aae\u0abe\u0a82 \u0aa4\u0aae\u0abe\u0ab0\u0abe \u0aad\u0abe\u0a88\u0a93 \u0a85\u0aa8\u0ac7 \u0aac\u0ab9\u0ac7\u0aa8\u0acb \u0aae\u0abe\u0a9f\u0ac7 \u0aaa\u0ab0\u0ab8\u0acd\u0aaa\u0ab0 \u0aaa\u0acd\u0ab0\u0ac7\u0aae \u0ab0\u0abe\u0a96\u0ab5\u0abe \u0a85\u0a82\u0a97\u0ac7 \u0aa4\u0aae\u0aa8\u0ac7 \u0a95\u0a88 \u0ab2\u0a96\u0ab5\u0abe\u0aa8\u0ac0 \u0a85\u0aae\u0abe\u0ab0\u0ac7 \u0a9c\u0ab0\u0ac1\u0a82\u0ab0 \u0aa8\u0aa5\u0ac0. \u0aa6\u0ac7\u0ab5\u0ac7 \u0aa4\u0aae\u0aa8\u0ac7 \u0a8f\u0a95\u0aac\u0ac0\u0a9c\u0abe\u0aa8\u0ac7 \u0aaa\u0acd\u0ab0\u0ac7\u0aae \u0a95\u0ab0\u0ab5\u0abe \u0aae\u0abe\u0a9f\u0ac7 \u0aac\u0acb\u0aa7 \u0a86\u0aaa\u0acd\u0aaf\u0acb \u0a9c \u0a9b\u0ac7."},{"Verseid":"51003009","Verse":"\u0ab8\u0abe\u0a9a\u0ac0 \u0ab0\u0ac0\u0aa4\u0ac7 \u0ab8\u0aae\u0a97\u0acd\u0ab0 \u0aae\u0a95\u0aa6\u0acb\u0aa8\u0abf\u0aaf\u0abe\u0aa8\u0abe \u0aac\u0aa7\u0abe \u0a9c \u0aad\u0abe\u0a88\u0a93 \u0a85\u0aa8\u0ac7 \u0aac\u0ab9\u0ac7\u0aa8\u0acb\u0aa8\u0ac7 \u0aa4\u0aae\u0ac7 \u0aaa\u0acd\u0ab0\u0ac7\u0aae \u0a95\u0ab0\u0acb \u0a9b\u0acb. \u0aad\u0abe\u0a88\u0a93 \u0a85\u0aa8\u0ac7 \u0aac\u0ab9\u0ac7\u0aa8\u0acb, \u0ab9\u0ab5\u0ac7 \u0aa4\u0ac7\u0a93\u0aa8\u0ac7 \u0aa4\u0aae\u0ac7 \u0ab5\u0aa7\u0ac1 \u0aaa\u0acd\u0ab0\u0ac7\u0aae \u0a95\u0ab0\u0acb \u0aae\u0abe\u0a9f\u0ac7 \u0a85\u0aae\u0ac7 \u0aa4\u0aae\u0aa8\u0ac7 \u0aaa\u0acd\u0ab0\u0acb\u0aa4\u0acd\u0ab8\u0abe\u0ab9\u0abf\u0aa4 \u0a95\u0ab0\u0ac0\u0a8f \u0a9b\u0ac0\u0a8f."},{"Verseid":"51003010","Verse":"\u0ab6\u0abe\u0a82\u0aa4\u0abf\u0aaa\u0ac2\u0ab0\u0acd\u0aa3 \u0a9c\u0ac0\u0ab5\u0aa8 \u0aae\u0abe\u0a9f\u0ac7 \u0aa4\u0aae\u0ac7 \u0a9c\u0ac7 \u0a95\u0a88 \u0a95\u0ab0\u0ac0 \u0ab6\u0a95\u0acb \u0aa4\u0ac7 \u0a95\u0ab0\u0acb. \u0aa4\u0aae\u0abe\u0ab0\u0ac1\u0a82 \u0aaa\u0acb\u0aa4\u0abe\u0aa8\u0ac1\u0a82 \u0a95\u0abe\u0aae\u0a95\u0abe\u0a9c \u0ab8\u0a82\u0aad\u0abe\u0ab3\u0acb. \u0aa4\u0aae\u0abe\u0ab0\u0ac1\u0a82 \u0aaa\u0acb\u0aa4\u0abe\u0aa8\u0ac1\u0a82 \u0a9c \u0a95\u0abe\u0aae \u0a95\u0ab0\u0acb. \u0aa4\u0aae\u0aa8\u0ac7 \u0a86\u0aae \u0a95\u0ab0\u0ab5\u0abe\u0aa8\u0ac1\u0a82 \u0a85\u0aae\u0ac7 \u0a95\u0acd\u0aaf\u0abe\u0ab0\u0aa8\u0ac1\u0a82 \u0a9c \u0a9c\u0aa3\u0abe\u0ab5\u0ac7\u0ab2 \u0a9b\u0ac7."},{"Verseid":"51003011","Verse":"\u0a9c\u0acb \u0aa4\u0aae\u0ac7 \u0a86 \u0aac\u0abe\u0aac\u0aa4\u0acb \u0a95\u0ab0\u0ab6\u0acb, \u0aa4\u0acb \u0a9c\u0ac7 \u0ab2\u0acb\u0a95\u0acb \u0ab5\u0abf\u0ab6\u0acd\u0ab5\u0abe\u0ab8\u0ac0\u0a93 \u0aa8\u0aa5\u0ac0 \u0aa4\u0ac7 \u0aa4\u0aae\u0abe\u0ab0\u0ac0 \u0a9c\u0ac0\u0ab5\u0aa8\u0aaa\u0aa6\u0acd\u0aa7\u0aa4\u0abf\u0aa8\u0ac7 \u0aae\u0abe\u0aa8\u0aa8\u0ac0 \u0aa6\u0ab7\u0acd\u0a9f\u0abf\u0aa5\u0ac0 \u0a9c\u0acb\u0ab6\u0ac7. \u0a85\u0aa8\u0ac7 \u0aa4\u0aae\u0abe\u0ab0\u0ac7 \u0aa4\u0aae\u0abe\u0ab0\u0ac0 \u0a86\u0ab5\u0ab6\u0acd\u0aaf\u0a95\u0aa4\u0abe\u0a93 \u0aae\u0abe\u0a9f\u0ac7 \u0aac\u0ac0\u0a9c\u0abe \u0aaa\u0ab0 \u0a86\u0aa7\u0abe\u0ab0\u0abf\u0aa4 \u0aa8\u0ab9\u0abf \u0aac\u0aa8\u0ab5\u0ac1\u0a82 \u0aaa\u0aa1\u0ac7."},{"Verseid":"51003012","Verse":"\u0aad\u0abe\u0a88\u0a93 \u0a85\u0aa8\u0ac7 \u0aac\u0ab9\u0ac7\u0aa8\u0acb, \u0a9c\u0ac7 \u0ab2\u0acb\u0a95\u0acb \u0aae\u0ac3\u0aa4\u0acd\u0aaf\u0ac1 \u0aaa\u0abe\u0aae\u0acd\u0aaf\u0abe \u0a9b\u0ac7 \u0aa4\u0ac7\u0a93 \u0ab5\u0abf\u0ab7\u0ac7 \u0aa4\u0aae\u0ac7 \u0a9c\u0abe\u0aa3\u0acb \u0aa4\u0ac7\u0aae \u0a85\u0aae\u0ac7 \u0a88\u0a9a\u0acd\u0a9b\u0ac0\u0a8f \u0a9b\u0ac0\u0a8f. \u0a9c\u0ac7\u0aa5\u0ac0 \u0aac\u0ac0\u0a9c\u0abe \u0aae\u0abe\u0aa3\u0ab8\u0acb \u0a9c\u0ac7\u0a93\u0aa8\u0ac7 \u0a86\u0ab6\u0abe \u0aa8\u0aa5\u0ac0 \u0a85\u0aa8\u0ac7 \u0a96\u0ac7\u0aa6 \u0a95\u0ab0\u0ac7 \u0a9b\u0ac7 \u0aa4\u0ac7\u0aae \u0aa4\u0aae\u0ac7 \u0aa4\u0ac7\u0a93\u0aa8\u0ac0 \u0a9c\u0ac7\u0aae \u0a96\u0ac7\u0aa6 \u0a95\u0ab0\u0acb \u0a8f\u0ab5\u0ac1\u0a82 \u0a85\u0aae\u0ac7 \u0a88\u0a9a\u0acd\u0a9b\u0aa4\u0abe \u0aa8\u0aa5\u0ac0."},{"Verseid":"51003013","Verse":"\u0a85\u0aae\u0ac7 \u0ab5\u0abf\u0ab6\u0acd\u0ab5\u0abe\u0ab8 \u0a95\u0ab0\u0ac0\u0a8f \u0a9b\u0ac0\u0a8f \u0a95\u0ac7 \u0a88\u0ab8\u0ac1 \u0aae\u0ab0\u0aa3 \u0aaa\u0abe\u0aae\u0acd\u0aaf\u0acb. \u0aaa\u0ab0\u0a82\u0aa4\u0ac1 \u0a85\u0aae\u0ac7 \u0a8f\u0aae \u0aaa\u0aa3 \u0ab5\u0abf\u0ab6\u0acd\u0ab5\u0abe\u0ab8 \u0a95\u0ab0\u0ac0\u0a8f \u0a9b\u0ac0\u0a8f \u0a95\u0ac7 \u0aa4\u0ac7 \u0aaa\u0abe\u0a9b\u0acb \u0a8a\u0aa0\u0aaf\u0acb. \u0a9c\u0ac7\u0a93 \u0a88\u0ab8\u0ac1\u0aae\u0abe\u0a82 \u0aae\u0ab0\u0aa3 \u0aaa\u0abe\u0aae\u0acd\u0aaf\u0abe \u0a9b\u0ac7 \u0aa4\u0ac7\u0a93\u0aa8\u0ac7 \u0aa6\u0ac7\u0ab5 \u0aab\u0ab0\u0ac0 \u0a88\u0ab8\u0ac1 \u0ab8\u0abe\u0aa5\u0ac7 \u0ab2\u0abe\u0ab5\u0ab6\u0ac7."},{"Verseid":"51003014","Verse":"\u0a85\u0aa4\u0acd\u0aaf\u0abe\u0ab0\u0ac7 \u0a85\u0aae\u0ac7 \u0a9c\u0ac7 \u0aa4\u0aae\u0aa8\u0ac7 \u0a9c\u0aa3\u0abe\u0ab5\u0ac0 \u0ab0\u0ab9\u0acd\u0aaf\u0abe\u0a82 \u0a9b\u0ac0\u0a8f \u0aa4\u0ac7 \u0aaa\u0acd\u0ab0\u0aad\u0ac1\u0aa8\u0acb \u0aaa\u0acb\u0aa4\u0abe\u0aa8\u0acb \u0a9c \u0ab8\u0a82\u0aa6\u0ac7\u0ab6 \u0a9b\u0ac7. \u0a85\u0aae\u0ac7 \u0a95\u0ac7 \u0a9c\u0ac7 \u0a85\u0aa4\u0acd\u0aaf\u0abe\u0ab0\u0ac7 \u0a9c\u0ac0\u0ab5\u0abf\u0aa4 \u0a9b\u0ac0\u0a8f \u0aa4\u0ac7 \u0aaa\u0acd\u0ab0\u0aad\u0ac1\u0aa8\u0ac1\u0a82 \u0aaa\u0ac1\u0aa8\u0ab0\u0abe\u0a97\u0aae\u0aa8 \u0aa5\u0abe\u0aaf \u0aa4\u0acd\u0aaf\u0abe\u0ab0\u0ac7 \u0aaa\u0aa3 \u0a9c\u0ac0\u0ab5\u0abf\u0aa4 \u0ab9\u0acb\u0a88\u0a8f. \u0a85\u0aae\u0ac7 \u0a95\u0ac7 \u0a9c\u0ac7 \u0aa4\u0acd\u0aaf\u0abe\u0ab0\u0ac7 \u0a9c\u0ac0\u0ab5\u0abf\u0aa4 \u0ab9\u0acb\u0a88\u0ab6\u0ac1\u0a82 \u0aa4\u0ac7 \u0aaa\u0acd\u0ab0\u0aad\u0ac1\u0aa8\u0ac0 \u0ab8\u0abe\u0aa5\u0ac7 \u0ab9\u0acb\u0a88\u0ab6\u0ac1\u0a82. \u0aaa\u0ab0\u0a82\u0aa4\u0ac1 \u0a9c\u0ac7 \u0ab2\u0acb\u0a95\u0acb \u0a95\u0acd\u0aaf\u0abe\u0ab0\u0aa8\u0abe\u0aaf \u0aae\u0ab0\u0aa3 \u0aaa\u0abe\u0aae\u0acd\u0aaf\u0abe \u0a9b\u0ac7 \u0aa4\u0ac7\u0a93\u0aa8\u0abe \u0a95\u0ab0\u0aa4\u0abe \u0aaa\u0ab9\u0ac7\u0ab2\u0abe\u0a82 \u0aa8\u0ab9\u0abf \u0ab9\u0acb\u0a88\u0a8f."},{"Verseid":"51003015","Verse":"\u0aaa\u0acd\u0ab0\u0aad\u0ac1 \u0aaa\u0acb\u0aa4\u0ac7 \u0a97\u0ab0\u0acd\u0a9c\u0aa8\u0abe\u0ab8\u0ab9\u0abf\u0aa4 \u0a86\u0a95\u0abe\u0ab6\u0aae\u0abe\u0a82\u0aa5\u0ac0 \u0a89\u0aa4\u0ab0\u0ab6\u0ac7. \u0aaa\u0acd\u0ab0\u0aae\u0ac1\u0a96 \u0aa6\u0ac2\u0aa4\u0aa8\u0ac0\u0ab5\u0abe\u0aa3\u0ac0 \u0a85\u0aa8\u0ac7 \u0aa6\u0ac7\u0ab5\u0aa8\u0abe \u0ab0\u0aa3\u0ab6\u0abf\u0a82\u0a97\u0aa1\u0abe\u0aa8\u0abe \u0a85\u0ab5\u0abe\u0a9c \u0ab8\u0abe\u0aa5\u0ac7 \u0a86\u0aa6\u0ac7\u0ab6 \u0a86\u0aaa\u0ab5\u0abe\u0aae\u0abe\u0a82 \u0a86\u0ab5\u0ab6\u0ac7. \u0a85\u0aa8\u0ac7 \u0a96\u0acd\u0ab0\u0abf\u0ab8\u0acd\u0aa4\u0aae\u0abe\u0a82 \u0a9c\u0ac7\u0a93 \u0aae\u0ac2\u0a8f\u0ab2\u0abe\u0a82 \u0a9b\u0ac7 \u0aa4\u0ac7\u0a93 \u0aaa\u0acd\u0ab0\u0aa5\u0aae \u0a8a\u0aa0\u0ab6\u0ac7."},{"Verseid":"51003016","Verse":"\u0aa4\u0acd\u0aaf\u0abe\u0ab0 \u0aaa\u0a9b\u0ac0, \u0a86\u0aaa\u0aa3\u0abe\u0aae\u0abe\u0a82\u0aa8\u0abe \u0a9c\u0ac7\u0a93 \u0a9c\u0ac0\u0ab5\u0aa4\u0abe\u0a82 \u0ab0\u0ab9\u0ac7\u0aa8\u0abe\u0ab0\u0abe\u0a82 \u0a9b\u0ac0\u0a8f \u0aa4\u0ac7\u0a93 \u0a9c\u0ac7\u0a93 \u0aae\u0ab0\u0aa3 \u0aaa\u0abe\u0aae\u0acd\u0aaf\u0abe \u0ab9\u0aa4\u0abe \u0aa4\u0ac7\u0a93\u0aa8\u0ac0 \u0ab8\u0abe\u0aa5\u0ac7 \u0a97\u0a97\u0aa8\u0aae\u0abe\u0a82 \u0aaa\u0acd\u0ab0\u0aad\u0ac1\u0aa8\u0ac7 \u0aae\u0ab3\u0ab5\u0abe \u0ab8\u0abe\u0ab0\u0ac1\u0a82 \u0a86\u0aaa\u0aa3\u0aa8\u0ac7 \u0a97\u0a97\u0aa8\u0aae\u0abe\u0a82 \u0a8a\u0a82\u0a9b\u0a8f \u0a8a\u0aa0\u0abe\u0ab5\u0abe\u0ab6\u0ac7. \u0a85\u0aa8\u0ac7 \u0a86\u0aaa\u0aa3\u0ac7 \u0ab9\u0aae\u0ac7\u0ab6 \u0aae\u0abe\u0a9f\u0ac7 \u0aaa\u0acd\u0ab0\u0aad\u0ac1\u0aa8\u0ac0 \u0ab8\u0abe\u0aa5\u0ac7 \u0ab0\u0ab9\u0ac0\u0ab6\u0ac1\u0a82."},{"Verseid":"51003017","Verse":"\u0aa4\u0ac7\u0aa5\u0ac0 \u0a86 \u0ab5\u0a9a\u0aa8\u0acb \u0ab5\u0aa1\u0ac7 \u0aa4\u0aae\u0ac7 \u0a8f\u0a95\u0aac\u0ac0\u0a9c\u0abe\u0aa8\u0ac7 \u0a89\u0aa4\u0acd\u0aa4\u0ac7\u0a9c\u0aa8 \u0a86\u0aaa\u0acb."}]},{"Verse":[{"Verseid":"51004000","Verse":"\u0ab9\u0ab5\u0ac7, \u0aad\u0abe\u0a88\u0a93 \u0a85\u0aa8\u0ac7 \u0aac\u0ab9\u0ac7\u0aa8\u0acb, \u0a85\u0aae\u0abe\u0ab0\u0ac7 \u0aa4\u0aae\u0aa8\u0ac7 \u0ab8\u0aae\u0aaf \u0a85\u0aa8\u0ac7 \u0aa4\u0abe\u0ab0\u0ac0\u0a96\u0acb \u0ab5\u0abf\u0ab7\u0ac7 \u0ab2\u0a96\u0ab5\u0abe\u0aa8\u0ac0 \u0a9c\u0ab0\u0ac1\u0a82\u0ab0 \u0aa8\u0aa5\u0ac0."},{"Verseid":"51004001","Verse":"\u0aa4\u0aae\u0ac7 \u0ab8\u0abe\u0ab0\u0ac0 \u0ab0\u0ac0\u0aa4\u0ac7 \u0a9c\u0abe\u0aa3\u0acb \u0a9b\u0ac7 \u0a95\u0ac7 \u0a8f \u0aa6\u0abf\u0ab5\u0ab8 \u0a95\u0ac7 \u0a9c\u0acd\u0aaf\u0abe\u0ab0\u0ac7 \u0aaa\u0acd\u0ab0\u0aad\u0ac1 \u0a86\u0ab5\u0ab6\u0ac7 \u0aa4\u0acd\u0aaf\u0abe\u0ab0\u0ac7 \u0a8f\u0a95 \u0a9a\u0acb\u0ab0 \u0ab0\u0abe\u0aa4\u0ac7 \u0a86\u0ab5\u0ac7 \u0a9b\u0ac7 \u0aa4\u0ac7 \u0ab0\u0ac0\u0aa4\u0ac7 \u0aa4\u0ac7 \u0a86\u0ab5\u0ab6\u0ac7."},{"Verseid":"51004002","Verse":"\u0ab2\u0acb\u0a95\u0acb \u0a95\u0ab9\u0ac7\u0ab6\u0ac7 \u0a95\u0ac7, \u201c\u0a85\u0aae\u0aa8\u0ac7 \u0ab6\u0abe\u0a82\u0aa4\u0abf \u0a9b\u0ac7 \u0a85\u0aa8\u0ac7 \u0a85\u0aae\u0ac7 \u0ab8\u0ac1\u0ab0\u0a95\u0acd\u0ab7\u0abf\u0aa4 \u0a9b\u0ac0\u0a8f.\u201d \u0aa4\u0ac7 \u0ab8\u0aae\u0aaf\u0ac7 \u0aaa\u0acd\u0ab0\u0ab8\u0ac2\u0aa4\u0abe\u0aa8\u0ac0 \u0aaa\u0ac0\u0aa1\u0abe\u0aa8\u0ac0 \u0a9c\u0ac7\u0aae \u0a8f\u0a95\u0abe\u0a8f\u0a95 \u0aa4\u0ac7\u0a93\u0aa8\u0acb \u0ab5\u0abf\u0aa8\u0abe\u0ab6 \u0a86\u0ab5\u0ac0 \u0a9c\u0ab6\u0ac7. \u0a85\u0aa8\u0ac7 \u0aa4\u0ac7 \u0ab2\u0acb\u0a95\u0acb \u0aac\u0a9a\u0ac0 \u0ab6\u0a95\u0ab6\u0ac7 \u0aa8\u0ab9\u0abf."},{"Verseid":"51004003","Verse":"\u0aaa\u0ab0\u0a82\u0aa4\u0ac1 \u0aa4\u0aae\u0ac7, \u0aad\u0abe\u0a88\u0a93 \u0a85\u0aa8\u0ac7 \u0aac\u0ab9\u0ac7\u0aa8\u0acb, \u0aa4\u0aae\u0abe\u0ab0\u0ac7 \u0a85\u0a82\u0aa7\u0a95\u0abe\u0ab0\u0aae\u0abe\u0a82 (\u0aaa\u0abe\u0aaa) \u0a9c\u0ac0\u0ab5\u0aa8 \u0a9c\u0ac0\u0ab5\u0ab5\u0ac1\u0a82 \u0aa8\u0abe \u0a9c\u0acb\u0a88\u0a8f. \u0a85\u0aa8\u0ac7 \u0aa4\u0ac7 \u0aa6\u0abf\u0ab5\u0ab8 \u0a9a\u0acb\u0ab0\u0aa8\u0ac0 \u0a9c\u0ac7\u0aae \u0aa4\u0aae\u0abe\u0ab0\u0abe \u0aaa\u0ab0 \u0a86\u0ab5\u0ac0 \u0aaa\u0aa1\u0ac7 \u0aa4\u0acb \u0aa4\u0aae\u0ac7 \u0a86\u0ab6\u0acd\u0a9a\u0ab0\u0acd\u0aaf \u0aaa\u0abe\u0aae\u0ab6\u0acb \u0aa8\u0ab9\u0abf."},{"Verseid":"51004004","Verse":"\u0aa4\u0aae\u0ac7 \u0aac\u0aa7\u0abe \u0a85\u0a9c\u0ab5\u0abe\u0ab3\u0abe\u0aa8\u0abe (\u0ab8\u0abe\u0ab0\u0abe\u0a82) \u0ab8\u0a82\u0aa4\u0abe\u0aa8 \u0a9b\u0acb. \u0aa4\u0aae\u0ac7 \u0aa6\u0ab9\u0abe\u0aa1\u0abe\u0aa8\u0abe \u0ab8\u0a82\u0aa4\u0abe\u0aa8 \u0a9b\u0acb. \u0a86\u0aaa\u0aa3\u0ac7 \u0ab0\u0abe\u0aa4\u0aa8\u0abe \u0a95\u0ac7 \u0a85\u0a82\u0aa7\u0a95\u0abe\u0ab0\u0aa8\u0abe (\u0ab6\u0ac7\u0aa4\u0abe\u0aa8) \u0ab8\u0a82\u0aa4\u0abe\u0aa8 \u0aa8\u0aa5\u0ac0."},{"Verseid":"51004005","Verse":"\u0aa4\u0ac7\u0aa5\u0ac0 \u0a86\u0aaa\u0aa3\u0ac7 \u0a85\u0aa8\u0acd\u0aaf \u0ab2\u0acb\u0a95\u0acb \u0a9c\u0ac7\u0ab5\u0abe \u0aa8 \u0aac\u0aa8\u0ab5\u0ac1\u0a82 \u0a9c\u0acb\u0a88\u0a8f. \u0a86\u0aaa\u0aa3\u0ac7 \u0a8a\u0a82\u0aa7\u0ac0 \u0aa8 \u0ab0\u0ab9\u0ac7\u0ab5\u0ac1\u0a82 \u0a9c\u0acb\u0a88\u0a8f. \u0a86\u0aaa\u0aa3\u0ac7 \u0a9c\u0abe\u0a97\u0acd\u0ab0\u0aa4 \u0a85\u0aa8\u0ac7 \u0ab8\u0acd\u0ab5-\u0aa8\u0abf\u0aaf\u0a82\u0aa4\u0acd\u0ab0\u0aa3\u0aae\u0abe\u0a82 \u0ab0\u0ab9\u0ac7\u0ab5\u0ac1\u0a82 \u0a9c\u0acb\u0a88\u0a8f."},{"Verseid":"51004006","Verse":"\u0a9c\u0ac7 \u0ab2\u0acb\u0a95\u0acb \u0a8a\u0a82\u0aa7\u0ac7 \u0a9b\u0ac7, \u0aa4\u0ac7 \u0ab0\u0abe\u0aa4\u0ac7 \u0a8a\u0a82\u0aa7\u0ac7 \u0a9b\u0ac7. \u0a9c\u0ac7 \u0ab2\u0acb\u0a95\u0acb \u0aae\u0aa6\u0acd\u0aaf\u0aaa\u0abe\u0aa8\u0aa5\u0ac0 \u0a9a\u0a95\u0a9a\u0ac2\u0ab0 \u0aac\u0aa8\u0ac7 \u0a9b\u0ac7, \u0aa4\u0ac7 \u0ab0\u0abe\u0aa4\u0acd\u0ab0\u0ac7 \u0aae\u0aa6\u0acd\u0aaf\u0aaa\u0abe\u0aa8\u0aa5\u0ac0 \u0a9a\u0a95\u0a9a\u0ac2\u0ab0 \u0aac\u0aa8\u0ac7 \u0a9b\u0ac7."},{"Verseid":"51004007","Verse":"\u0aaa\u0ab0\u0a82\u0aa4\u0ac1 \u0a86\u0aaa\u0aa3\u0ac7 \u0aa4\u0acb \u0aa6\u0abf\u0ab5\u0ab8 (\u0ab8\u0abe\u0ab0\u0abe\u0aaa\u0aa3\u0ac1\u0a82) \u0ab8\u0abe\u0aa5\u0ac7 \u0a9c\u0acb\u0aa1\u0abe\u0aaf\u0ac7\u0ab2\u0abe \u0a9b\u0ac0\u0a8f, \u0aa4\u0ac7\u0aa5\u0ac0 \u0a86\u0aaa\u0aa3\u0ac7 \u0a86\u0aaa\u0aa3\u0ac0 \u0a9c\u0abe\u0aa4\u0aa8\u0ac7 \u0aa8\u0abf\u0aaf\u0a82\u0aa4\u0acd\u0ab0\u0aa3\u0aae\u0abe\u0a82 \u0ab0\u0abe\u0a96\u0ab5\u0ac0 \u0a9c\u0acb\u0a88\u0a8f. \u0a86\u0aaa\u0aa3\u0ac7 \u0a86\u0aaa\u0aa3\u0ac0 \u0a9c\u0abe\u0aa4\u0aa8\u0ac1\u0a82 \u0ab0\u0a95\u0acd\u0ab7\u0aa3 \u0a95\u0ab0\u0ab5\u0abe \u0ab5\u0abf\u0ab6\u0acd\u0ab5\u0abe\u0ab8, \u0a85\u0aa8\u0ac7 \u0aaa\u0acd\u0ab0\u0ac7\u0aae\u0aa8\u0ac1\u0a82 \u0aac\u0a96\u0aa4\u0ab0 \u0aaa\u0ab9\u0ac7\u0ab0\u0ab5\u0ac1\u0a82 \u0a9c\u0acb\u0a88\u0a8f. \u0a85\u0aa8\u0ac7 \u0aa4\u0abe\u0ab0\u0aa3\u0aa8\u0ac0 \u0a86\u0ab6\u0abe\u0aa8\u0acb \u0a9f\u0acb\u0aaa \u0aaa\u0ab9\u0ac7\u0ab0\u0ac0\u0aa8\u0ac7 \u0ab8\u0abe\u0ab5\u0aa7 \u0ab0\u0ab9\u0ac0\u0a8f."},{"Verseid":"51004008","Verse":"\u0aa6\u0ac7\u0ab5\u0ac7 \u0aa4\u0ac7\u0aa8\u0abe \u0a95\u0acd\u0ab0\u0acb\u0aa7\u0aa8\u0acb \u0a85\u0aad\u0abf\u0ab6\u0abe\u0aaa \u0aac\u0aa8\u0ab5\u0abe \u0a86\u0aaa\u0aa3\u0aa8\u0ac7 \u0aaa\u0ab8\u0a82\u0aa6 \u0a95\u0ab0\u0acd\u0aaf\u0abe \u0aa8\u0aa5\u0ac0. \u0aa6\u0ac7\u0ab5\u0ac7 \u0aa4\u0acb \u0a86\u0aaa\u0aa3\u0aa8\u0ac7 \u0a86\u0aaa\u0aa3\u0abe \u0aaa\u0acd\u0ab0\u0aad\u0ac1 \u0a88\u0ab8\u0ac1 \u0a96\u0acd\u0ab0\u0abf\u0ab8\u0acd\u0aa4 \u0aa6\u0acd\u0ab5\u0abe\u0ab0\u0abe \u0aa4\u0abe\u0ab0\u0aa3\u0aa8\u0ac0 \u0aaa\u0acd\u0ab0\u0abe\u0aaa\u0acd\u0aa4\u0abf\u0aa8\u0ac7 \u0aae\u0abe\u0a9f\u0ac7 \u0aaa\u0ab8\u0a82\u0aa6 \u0a95\u0ab0\u0acd\u0aaf\u0abe \u0a9b\u0ac7."},{"Verseid":"51004009","Verse":"\u0a86\u0aaa\u0aa3\u0ac7 \u0aa4\u0ac7\u0aa8\u0ac0 \u0ab8\u0a82\u0a98\u0abe\u0aa4\u0ac7 \u0a9c\u0ac0\u0ab5\u0ac0 \u0ab6\u0a95\u0ac0\u0a8f \u0aa4\u0ac7\u0aa5\u0ac0 \u0a88\u0ab8\u0ac1 \u0a96\u0acd\u0ab0\u0abf\u0ab8\u0acd\u0aa4 \u0a86\u0aaa\u0aa3\u0abe \u0aae\u0abe\u0a9f\u0ac7 \u0aae\u0ab0\u0aa3 \u0aaa\u0abe\u0aae\u0acd\u0aaf\u0acb. \u0a9c\u0acd\u0aaf\u0abe\u0ab0\u0ac7 \u0a88\u0ab8\u0ac1\u0aa8\u0ac1\u0a82 \u0a86\u0a97\u0aae\u0aa8 \u0aa5\u0abe\u0aaf \u0aa4\u0acd\u0aaf\u0abe\u0ab0\u0ac7 \u0a86\u0aaa\u0aa3\u0ac7 \u0a9c\u0ac0\u0ab5\u0abf\u0aa4 \u0ab9\u0acb\u0a88\u0a8f \u0a95\u0ac7 \u0aae\u0ac3\u0aa4 \u0aa4\u0ac7\u0aa8\u0ac1\u0a82 \u0a95\u0acb\u0a88 \u0aae\u0ab9\u0aa4\u0acd\u0ab5 \u0aa8\u0aa5\u0ac0."},{"Verseid":"51004010","Verse":"\u0aa4\u0ac7\u0aa5\u0ac0 \u0a8f\u0a95\u0aac\u0ac0\u0a9c\u0abe\u0aa8\u0ac7 \u0ab9\u0abf\u0a82\u0aae\u0aa4 \u0a86\u0aaa\u0ac0\u0a8f. \u0a85\u0aa8\u0ac7 \u0aa6\u0ac3\u0aa2 \u0aac\u0aa8\u0ab5\u0abe \u0aae\u0abe\u0a9f\u0ac7 \u0a8f\u0a95\u0aac\u0ac0\u0a9c\u0abe\u0aa8\u0ac7 \u0aae\u0aa6\u0aa6 \u0a95\u0ab0\u0ac0\u0a8f."},{"Verseid":"51004011","Verse":"\u0ab9\u0ab5\u0ac7 \u0aad\u0abe\u0a88\u0a93 \u0a85\u0aa8\u0ac7 \u0aac\u0ab9\u0ac7\u0aa8\u0acb, \u0a85\u0aae\u0ac7 \u0aa4\u0aae\u0aa8\u0ac7 \u0a9c\u0ac7 \u0ab2\u0acb\u0a95\u0acb \u0aa4\u0aae\u0abe\u0ab0\u0abe\u0aae\u0abe\u0a82 \u0aaa\u0ab0\u0abf\u0ab6\u0acd\u0ab0\u0aae \u0a95\u0ab0\u0ac7 \u0a9b\u0ac7 \u0a85\u0aa8\u0ac7 \u0aaa\u0acd\u0ab0\u0aad\u0ac1\u0aae\u0abe\u0a82 \u0aa4\u0aae\u0abe\u0ab0\u0abe \u0a86\u0a97\u0ac7\u0ab5\u0abe\u0aa8\u0acb \u0a9b\u0ac7 \u0a85\u0aa8\u0ac7 \u0aa4\u0aae\u0aa8\u0ac7 \u0ab8\u0ac2\u0a9a\u0aa8\u0acb \u0a95\u0ab0\u0ac7 \u0a9b\u0ac7 \u0aa4\u0ac7\u0a93\u0aa8\u0acb \u0aa4\u0aae\u0ac7 \u0a86\u0aa6\u0ab0 \u0a95\u0ab0\u0acb \u0a8f\u0aae \u0a85\u0aae\u0ac7 \u0a88\u0a9a\u0acd\u0a9b\u0ac0\u0a8f \u0a9b\u0ac0\u0a8f."},{"Verseid":"51004012","Verse":"\u0aa4\u0ac7\u0a93 \u0a9c\u0ac7 \u0a95\u0abe\u0ab0\u0acd\u0aaf \u0a95\u0ab0\u0ac0 \u0ab0\u0ab9\u0acd\u0aaf\u0abe\u0a82 \u0a9b\u0ac7 \u0aa4\u0ac7\u0aa8\u0ac7 \u0a96\u0abe\u0aa4\u0ab0 \u0aa4\u0ac7\u0a93\u0aa8\u0abe \u0aa4\u0ab0\u0aab \u0aaa\u0acd\u0ab0\u0ac7\u0aae \u0ab8\u0abe\u0aa5\u0ac7 \u0ab5\u0aa7\u0abe\u0ab0\u0ac7 \u0a86\u0aa6\u0ab0 \u0aa6\u0ab0\u0acd\u0ab6\u0abe\u0ab5\u0acb."},{"Verseid":"51004013","Verse":"\u0aad\u0abe\u0a88\u0a93 \u0a85\u0aa8\u0ac7 \u0aac\u0ab9\u0ac7\u0aa8\u0acb, \u0a85\u0aae\u0ac7 \u0aa4\u0aae\u0aa8\u0ac7 \u0a9c\u0ac7 \u0a95\u0ab9\u0ac0\u0a8f \u0a9b\u0ac0\u0a8f \u0aa4\u0ac7 \u0a9c\u0ac7 \u0a95\u0abe\u0ab0\u0acd\u0aaf \u0a95\u0ab0\u0aa4\u0abe\u0a82 \u0aa8\u0aa5\u0ac0 \u0aa4\u0ac7\u0a93\u0aa8\u0ac7 \u0a9a\u0ac7\u0aa4\u0ab5\u0aa3\u0ac0 \u0a86\u0aaa\u0acb. \u0a9c\u0ac7 \u0ab2\u0acb\u0a95\u0acb \u0aac\u0ac0\u0a95\u0aa3\u0acb \u0a9b\u0ac7 \u0aa4\u0ac7\u0a93\u0aa8\u0ac7 \u0a89\u0aa4\u0acd\u0aa4\u0ac7\u0a9c\u0aa8 \u0a86\u0aaa\u0acb. \u0a9c\u0ac7 \u0ab2\u0acb\u0a95\u0acb \u0aa8\u0abf\u0ab0\u0acd\u0aac\u0ab3 \u0a9b\u0ac7 \u0aa4\u0ac7\u0a93\u0aa8\u0ac7 \u0aae\u0aa6\u0aa6 \u0a95\u0ab0\u0acb. \u0aa6\u0ab0\u0ac7\u0a95 \u0ab5\u0acd\u0aaf\u0a95\u0acd\u0aa4\u0abf \u0ab8\u0abe\u0aa5\u0ac7 \u0aa7\u0ac0\u0ab0\u0a9c\u0aaa\u0ac2\u0ab0\u0acd\u0ab5\u0a95 \u0ab5\u0ab0\u0acd\u0aa4\u0acb."},{"Verseid":"51004014","Verse":"\u0a8f \u0aac\u0abe\u0aac\u0aa4\u0ac7 \u0aa8\u0abf\u0ab6\u0acd\u0a9a\u0abf\u0aa4 \u0aac\u0aa8\u0acb \u0a95\u0ac7 \u0a95\u0acb\u0a88 \u0aaa\u0aa3 \u0ab5\u0acd\u0aaf\u0a95\u0acd\u0aa4\u0abf \u0aad\u0ac2\u0a82\u0aa1\u0abe\u0a88\u0aa8\u0acb \u0aac\u0aa6\u0ab2\u0acb \u0aad\u0ac2\u0a82\u0aa1\u0abe\u0a88\u0aa5\u0ac0 \u0aa8 \u0ab5\u0abe\u0ab3\u0ac7. \u0aaa\u0ab0\u0a82\u0aa4\u0ac1 \u0aa4\u0aae\u0abe\u0ab0\u0abe \u0a8f\u0a95\u0aac\u0ac0\u0a9c\u0abe\u0aa8\u0ac7 \u0aae\u0abe\u0a9f\u0ac7 \u0a9c\u0ac7 \u0ab8\u0abe\u0ab0\u0ac1\u0a82 \u0a9b\u0ac7 \u0aa4\u0ac7 \u0a95\u0ab0\u0ab5\u0abe \u0ab9\u0aae\u0ac7\u0ab6\u0abe \u0aaa\u0acd\u0ab0\u0aaf\u0aa4\u0acd\u0aa8 \u0a95\u0ab0\u0acb."},{"Verseid":"51004015","Verse":"\u0ab8\u0aa6\u0abe \u0a86\u0aa8\u0a82\u0aa6 \u0a95\u0ab0\u0acb."},{"Verseid":"51004016","Verse":"\u0aaa\u0acd\u0ab0\u0abe\u0ab0\u0acd\u0aa5\u0aa8\u0abe \u0a95\u0ab0\u0ab5\u0abe\u0aa8\u0ac1\u0a82 \u0a95\u0aa6\u0ac0 \u0aaa\u0aa1\u0aa4\u0ac1\u0a82 \u0aae\u0ac2\u0a95\u0ab6\u0acb \u0aa8\u0ab9\u0abf."},{"Verseid":"51004017","Verse":"\u0aa6\u0ab0\u0ac7\u0a95 \u0ab8\u0aae\u0aaf\u0ac7 \u0aa6\u0ac7\u0ab5\u0aa8\u0ac0 \u0a86\u0aad\u0abe\u0ab0\u0ab8\u0acd\u0aa4\u0ac1\u0aa4\u0abf \u0a95\u0ab0\u0acb \u0a95\u0ac7\u0aae \u0a95\u0ac7 \u0aa4\u0aae\u0abe\u0ab0\u0abe \u0ab5\u0abf\u0ab7\u0ac7 \u0a96\u0acd\u0ab0\u0abf\u0ab8\u0acd\u0aa4 \u0a88\u0ab8\u0ac1\u0aae\u0abe\u0a82 \u0aa6\u0ac7\u0ab5\u0aa8\u0ac0 \u0aae\u0ab0\u0a9c\u0ac0 \u0a8f\u0ab5\u0ac0 \u0a9b\u0ac7."},{"Verseid":"51004018","Verse":"\u0aaa\u0ab5\u0abf\u0aa4\u0acd\u0ab0 \u0a86\u0aa4\u0acd\u0aae\u0abe\u0aa8\u0ac1\u0a82 \u0a95\u0abe\u0ab0\u0acd\u0aaf \u0a95\u0aa6\u0abe\u0aaa\u0abf \u0a85\u0a9f\u0a95\u0abe\u0ab5\u0ab6\u0acb \u0aa8\u0ab9\u0abf."},{"Verseid":"51004019","Verse":"\u0aaa\u0acd\u0ab0\u0aac\u0acb\u0aa7\u0aa8\u0ac7 \u0a95\u0aa6\u0abe\u0aaa\u0abf \u0aac\u0abf\u0aa8\u0aae\u0ab9\u0aa4\u0acd\u0ab5\u0aaa\u0ac2\u0ab0\u0acd\u0aa3 \u0aa8 \u0a97\u0aa3\u0ab6\u0acb."},{"Verseid":"51004020","Verse":"\u0aaa\u0ab0\u0a82\u0aa4\u0ac1 \u0aa6\u0ab0\u0ac7\u0a95 \u0ab5\u0ab8\u0acd\u0aa4\u0ac1\u0aa8\u0ac0 \u0aaa\u0ab0\u0a96 \u0a95\u0ab0\u0acb. \u0a9c\u0ac7 \u0ab8\u0abe\u0ab0\u0ac1\u0a82 \u0a9b\u0ac7 \u0aa4\u0ac7\u0aa8\u0ac7 \u0a97\u0acd\u0ab0\u0ab9\u0aa3 \u0a95\u0ab0\u0acb."},{"Verseid":"51004021","Verse":"\u0a85\u0aa8\u0ac7 \u0ab8\u0ab0\u0acd\u0ab5 \u0aaa\u0acd\u0ab0\u0a95\u0abe\u0ab0\u0aa8\u0ac0 \u0aa6\u0ac1\u0ab7\u0acd\u0a9f\u0aa4\u0abe\u0aa5\u0ac0 \u0aa6\u0ac2\u0ab0 \u0ab0\u0ab9\u0acb."},{"Verseid":"51004022","Verse":"\u0a85\u0aae\u0ac7 \u0aaa\u0acd\u0ab0\u0abe\u0ab0\u0acd\u0aa5\u0ac0\u0a8f \u0a9b\u0ac0\u0a8f \u0a95\u0ac7 \u0aa6\u0ac7\u0ab5 \u0aaa\u0acb\u0aa4\u0ac7 \u0a9c, \u0ab6\u0abe\u0a82\u0aa4\u0abf\u0aa6\u0abe\u0aa4\u0abe \u0aa4\u0aae\u0aa8\u0ac7 \u0aaa\u0ac2\u0ab0\u0abe \u0aaa\u0ab5\u0abf\u0aa4\u0acd\u0ab0 \u0a95\u0ab0\u0acb; \u0a85\u0aa8\u0ac7 \u0aa4\u0ac7\u0aa8\u0ac7 \u0a9c \u0aaa\u0ac2\u0ab0\u0acd\u0aa3 \u0a86\u0aa7\u0abf\u0aa8 \u0aac\u0aa8\u0abe\u0ab5\u0ac7. \u0a85\u0aae\u0ac7 \u0aaa\u0acd\u0ab0\u0abe\u0ab0\u0acd\u0aa5\u0ac0\u0a8f \u0a9b\u0ac0\u0a8f \u0a95\u0ac7 \u0aa4\u0aae\u0abe\u0ab0\u0ac0 \u0ab8\u0a82\u0aaa\u0ac2\u0ab0\u0acd\u0aa3 \u0a9c\u0abe\u0aa4-\u0a86\u0aa4\u0acd\u0aae\u0abe, \u0aaa\u0acd\u0ab0\u0abe\u0aa3 \u0a85\u0aa8\u0ac7 \u0ab6\u0ab0\u0ac0\u0ab0-\u0ab8\u0ac1\u0ab0\u0a95\u0acd\u0ab7\u0abf\u0aa4 \u0a85\u0aa8\u0ac7 \u0aa8\u0abf\u0ab0\u0acd\u0aa6\u0acb\u0ab7 \u0aac\u0aa8\u0ac0 \u0ab0\u0ab9\u0ac7 \u0a9c\u0acd\u0aaf\u0abe\u0ab0\u0ac7 \u0aaa\u0acd\u0ab0\u0aad\u0ac1 \u0a88\u0ab8\u0ac1 \u0a96\u0acd\u0ab0\u0abf\u0ab8\u0acd\u0aa4\u0aa8\u0ac1\u0a82 \u0a86\u0a97\u0aae\u0aa8 \u0aa5\u0abe\u0aaf."},{"Verseid":"51004023","Verse":"\u0aa4\u0ac7 \u0a8f\u0a95 (\u0aa6\u0ac7\u0ab5) \u0a95\u0ac7 \u0a9c\u0ac7 \u0aa4\u0aae\u0aa8\u0ac7 \u0aac\u0acb\u0ab2\u0abe\u0ab5\u0ac7 \u0a9b\u0ac7 \u0a85\u0aa8\u0ac7 \u0aa4\u0ac7 \u0a9c \u0aa4\u0aae\u0abe\u0ab0\u0ac7 \u0aae\u0abe\u0a9f\u0ac7 \u0a8f\u0aae \u0a95\u0ab0\u0ab6\u0ac7. \u0aa4\u0aae\u0ac7 \u0aa4\u0ac7\u0aa8\u0abe \u0aaa\u0ab0 \u0ab5\u0abf\u0ab6\u0acd\u0ab5\u0abe\u0ab8 \u0a95\u0ab0\u0acb."},{"Verseid":"51004024","Verse":"\u0aad\u0abe\u0a88\u0a93 \u0a85\u0aa8\u0ac7 \u0aac\u0ab9\u0ac7\u0aa8\u0acb, \u0a95\u0ac3\u0aaa\u0abe \u0a95\u0ab0\u0ac0\u0aa8\u0ac7 \u0a85\u0aae\u0abe\u0ab0\u0abe \u0aae\u0abe\u0a9f\u0ac7 \u0aaa\u0acd\u0ab0\u0abe\u0ab0\u0acd\u0aa5\u0aa8\u0abe \u0a95\u0ab0\u0acb."},{"Verseid":"51004025","Verse":"\u0a9c\u0acd\u0aaf\u0abe\u0ab0\u0ac7 \u0aa4\u0aae\u0ac7 \u0aae\u0ab3\u0acb \u0aa4\u0acd\u0aaf\u0abe\u0ab0\u0ac7 \u0ab8\u0ab0\u0acd\u0ab5 \u0aad\u0abe\u0a88\u0a93 \u0a85\u0aa8\u0ac7 \u0aac\u0ab9\u0ac7\u0aa8\u0acb\u0aa8\u0ac7 \u0aaa\u0ab5\u0abf\u0aa4\u0acd\u0ab0 \u0a9a\u0ac1\u0a82\u0aac\u0aa8 \u0a95\u0ab0\u0a9c\u0acb."},{"Verseid":"51004026","Verse":"\u0aaa\u0acd\u0ab0\u0aad\u0ac1\u0aa8\u0abe \u0a85\u0aa7\u0abf\u0a95\u0abe\u0ab0 \u0ab5\u0aa1\u0ac7 \u0ab9\u0ac1\u0a82 \u0aa4\u0aae\u0aa8\u0ac7 \u0a95\u0ab9\u0ac1\u0a82 \u0a9b\u0ac1 \u0a95\u0ac7 \u0a86 \u0aaa\u0aa4\u0acd\u0ab0 \u0aa6\u0ab0\u0ac7\u0a95 \u0aad\u0abe\u0a88\u0a93 \u0a85\u0aa8\u0ac7 \u0aac\u0ab9\u0ac7\u0aa8\u0acb\u0aa8\u0ac7 \u0ab5\u0abe\u0a82\u0a9a\u0ac0 \u0ab8\u0a82\u0aad\u0ab3\u0abe\u0ab5\u0a9c\u0acb."},{"Verseid":"51004027","Verse":"\u0a86\u0aaa\u0aa3\u0abe \u0aaa\u0acd\u0ab0\u0aad\u0ac1 \u0a88\u0ab8\u0ac1 \u0a96\u0acd\u0ab0\u0abf\u0ab8\u0acd\u0aa4\u0aa8\u0ac0 \u0a95\u0ac3\u0aaa\u0abe \u0aa4\u0aae\u0abe\u0ab0\u0abe \u0aaa\u0ab0 \u0aa5\u0abe\u0a93. \ufeff"}]}]}