{"Chapter":[{"Verse":[{"Verseid":"53000000","Verse":"\u0a96\u0acd\u0ab0\u0abf\u0ab8\u0acd\u0aa4 \u0a88\u0ab8\u0ac1\u0aa8\u0acb \u0aaa\u0acd\u0ab0\u0ac7\u0ab0\u0abf\u0aa4 \u0aaa\u0abe\u0a89\u0ab2 \u0aa4\u0ab0\u0aab\u0aa5\u0ac0 \u0a95\u0ac1\u0ab6\u0ab3\u0aa4\u0abe \u0ab9\u0acb. \u0aa6\u0ac7\u0ab5 \u0a86\u0aaa\u0aa3\u0abe \u0aa4\u0abe\u0ab0\u0aa8\u0abe\u0ab0 \u0aa4\u0aa5\u0abe \u0a96\u0acd\u0ab0\u0abf\u0ab8\u0acd\u0aa4 \u0a88\u0ab8\u0ac1 \u0a9c\u0ac7\u0aa8\u0abe\u0aae\u0abe\u0a82 \u0a86\u0aaa\u0aa3\u0ac0 \u0a86\u0ab6\u0abe \u0a9b\u0ac7 \u0aa4\u0ac7\u0aa8\u0ac0 \u0a86\u0a9c\u0acd\u0a9e\u0abe\u0aa5\u0ac0 \u0ab9\u0ac1\u0a82 \u0aaa\u0acd\u0ab0\u0ac7\u0ab0\u0abf\u0aa4 \u0a9b\u0ac1\u0a82."},{"Verseid":"53000001","Verse":"\u0ab9\u0ab5\u0ac7 \u0aa4\u0abf\u0aae\u0acb\u0aa5\u0ac0\u0aa8\u0ac7 \u0a95\u0ab9\u0ac1\u0a82 \u0a9b\u0ac1\u0a82. \u0aa4\u0ac7\u0aa5\u0ac0 \u0aa4\u0ac1\u0a82 \u0aae\u0abe\u0ab0\u0abe \u0a96\u0ab0\u0abe \u0aa6\u0ac0\u0a95\u0ab0\u0abe \u0ab8\u0aae\u0abe\u0aa8 \u0a9b\u0ac7. \u0aa6\u0ac7\u0ab5 \u0a86\u0aaa\u0aa3\u0abe \u0aac\u0abe\u0aaa \u0aa4\u0aa5\u0abe \u0a96\u0acd\u0ab0\u0abf\u0ab8\u0acd\u0aa4 \u0a88\u0ab8\u0ac1 \u0a86\u0aaa\u0aa3\u0abe \u0aaa\u0acd\u0ab0\u0aad\u0ac1 \u0aa4\u0ab0\u0aab\u0aa5\u0ac0 \u0aa4\u0aa8\u0ac7 \u0aa4\u0ac7\u0aa8\u0ac0 \u0a95\u0ac3\u0aaa\u0abe, \u0aa6\u0aaf\u0abe \u0a85\u0aa8\u0ac7 \u0ab6\u0abe\u0a82\u0aa4\u0abf \u0aaa\u0acd\u0ab0\u0abe\u0aaa\u0acd\u0aa4 \u0aa5\u0abe\u0a93."},{"Verseid":"53000002","Verse":"\u0aae\u0abe\u0ab0\u0ac0 \u0a88\u0a9a\u0acd\u0a9b\u0abe \u0a9b\u0ac7 \u0a95\u0ac7 \u0aa4\u0ac1\u0a82 \u0a85\u0aab\u0ac7\u0ab8\u0ab8\u0aae\u0abe\u0a82 \u0ab0\u0ab9\u0ac7. \u0a9c\u0acd\u0aaf\u0abe\u0ab0\u0ac7 \u0ab9\u0ac1\u0a82 \u0aae\u0a95\u0aa6\u0acb\u0aa8\u0abf\u0aaf\u0abe\u0aae\u0abe\u0a82 \u0a97\u0aaf\u0acb \u0aa4\u0acd\u0aaf\u0abe\u0ab0\u0ac7 \u0aae\u0ac7\u0a82 \u0aa4\u0aa8\u0ac7 \u0aa4\u0ac7 \u0a86\u0a9c\u0acd\u0a9e\u0abe \u0a86\u0aaa\u0ac0 \u0ab9\u0aa4\u0ac0. \u0aa4\u0acd\u0aaf\u0abe\u0a82 \u0a8f\u0aab\u0ac7\u0ab8\u0ab8\u0aae\u0abe\u0a82 \u0a95\u0ac7\u0a9f\u0ab2\u0abe\u0a8f\u0a95 \u0ab2\u0acb\u0a95\u0acb \u0a96\u0acb\u0a9f\u0ac1\u0a82 \u0ab6\u0abf\u0a95\u0acd\u0ab7\u0aa3 \u0a86\u0aaa\u0ac0 \u0ab0\u0ab9\u0acd\u0aaf\u0abe\u0a82 \u0a9b\u0ac7. \u0aa4\u0ac7 \u0ab2\u0acb\u0a95\u0acb \u0aa4\u0acd\u0aaf\u0abe\u0a82 \u0a96\u0acb\u0a9f\u0ac0 \u0aac\u0abe\u0aac\u0aa4\u0acb\u0aa8\u0ac1\u0a82 \u0ab6\u0abf\u0a95\u0acd\u0ab7\u0aa3 \u0aa8 \u0a86\u0aaa\u0ac7 \u0a8f\u0ab5\u0acb \u0aa4\u0ac7\u0a93\u0aa8\u0ac7 \u0ab9\u0ac1\u0a95\u0aae \u0a95\u0ab0\u0ab5\u0abe \u0aa4\u0ac1\u0a82 \u0aa4\u0acd\u0aaf\u0abe\u0a82 \u0a9c \u0ab0\u0ab9\u0ac7\u0a9c\u0ac7."},{"Verseid":"53000003","Verse":"\u0a9c\u0ac7 \u0ab5\u0abe\u0ab0\u0acd\u0aa4\u0abe\u0a93 \u0ab8\u0abe\u0a9a\u0ac0 \u0aa8\u0aa5\u0ac0 \u0a85\u0aa8\u0ac7 \u0ab5\u0a82\u0ab6\u0abe\u0ab5\u0ab3\u0ac0\u0a93\u0aae\u0abe\u0a82 \u0a86\u0ab5\u0aa4\u0abe\u0a82 \u0aa8\u0abe\u0aae\u0acb\u0aa8\u0ac0 \u0ab2\u0abe\u0a82\u0aac\u0ac0 \u0aaf\u0abe\u0aa6\u0ac0\u0a93\u0aae\u0abe\u0a82 \u0aa4\u0ac7\u0a93 \u0aa4\u0ac7\u0a93\u0aa8\u0acb \u0ab8\u0aae\u0aaf \u0aa8 \u0aac\u0a97\u0abe\u0aa1\u0ac7 \u0a8f\u0ab5\u0ac1\u0a82 \u0aa4\u0ac1\u0a82 \u0aa4\u0ac7\u0a93\u0aa8\u0ac7 \u0a95\u0ab9\u0ac7\u0a9c\u0ac7 \u0a95\u0ac7\u0aae \u0a95\u0ac7 \u0aa4\u0ac7 \u0aac\u0abe\u0aac\u0aa4\u0acb \u0aae\u0abe\u0aa4\u0acd\u0ab0 \u0aa6\u0ab2\u0ac0\u0ab2\u0aac\u0abe\u0a9c\u0ac0\u0aa8\u0ac7 \u0a9c \u0a89\u0aa4\u0acd\u0aa4\u0ac7\u0a9c\u0ac7 \u0a9b\u0ac7. \u0aa6\u0ac7\u0ab5\u0aa8\u0abe \u0a95\u0abe\u0ab0\u0acd\u0aaf\u0aae\u0abe\u0a82 \u0aa4\u0ac7 \u0aac\u0abe\u0aac\u0aa4\u0acb \u0a9c\u0ab0\u0abe\u0aaf \u0a89\u0aaa\u0aaf\u0acb\u0a97\u0ac0 \u0ab9\u0acb\u0aa4\u0ac0 \u0aa8\u0aa5\u0ac0. \u0ab5\u0abf\u0ab6\u0acd\u0ab5\u0abe\u0ab8\u0aa5\u0ac0 \u0a9c \u0aa6\u0ac7\u0ab5\u0aa8\u0ac1\u0a82 \u0a95\u0abe\u0ab0\u0acd\u0aaf \u0ab8\u0abf\u0aa6\u0acd\u0aa7 \u0aa5\u0abe\u0aaf \u0a9b\u0ac7."},{"Verseid":"53000004","Verse":"\u0a86 \u0a86\u0a9c\u0acd\u0a9e\u0abe\u0aa8\u0acb \u0ab9\u0ac7\u0aa4\u0ac1 \u0a8f \u0a9b\u0ac7 \u0a95\u0ac7 \u0ab2\u0acb\u0a95\u0acb \u0aaa\u0acd\u0ab0\u0ac7\u0aae\u0aa8\u0acb \u0aae\u0abe\u0ab0\u0acd\u0a97 \u0ab8\u0acd\u0ab5\u0ac0\u0a95\u0abe\u0ab0\u0ac7. \u0a86 \u0aaa\u0acd\u0ab0\u0ac7\u0aae\u0aa8\u0ac0 \u0aaa\u0acd\u0ab0\u0abe\u0aaa\u0acd\u0aa4\u0abf \u0aae\u0abe\u0a9f\u0ac7 \u0ab2\u0acb\u0a95\u0acb\u0aa8\u0ac1\u0a82 \u0ab9\u0ac3\u0aa6\u0aaf \u0ab6\u0ac1\u0aa6\u0acd\u0aa7 \u0a85\u0aa8\u0ac7 \u0aaa\u0ab5\u0abf\u0aa4\u0acd\u0ab0 \u0ab9\u0acb\u0ab5\u0ac1\u0a82 \u0a9c\u0acb\u0a88\u0a8f. \u0a9c\u0ac7 \u0aaf\u0acb\u0a97\u0acd\u0aaf \u0a85\u0aa8\u0ac7 \u0ab8\u0abe\u0a9a\u0ac1\u0a82 \u0ab2\u0abe\u0a97\u0aa4\u0ac1\u0a82 \u0ab9\u0acb\u0aaf \u0aa4\u0ac7 \u0a9c \u0aa4\u0ac7\u0a93\u0a8f \u0a95\u0ab0\u0ab5\u0ac1\u0a82 \u0a9c\u0acb\u0a88\u0a8f. \u0a85\u0aa8\u0ac7 \u0aa4\u0ac7\u0a93\u0aae\u0abe\u0a82 \u0ab8\u0abe\u0a9a\u0acb \u0ab5\u0abf\u0ab6\u0acd\u0ab5\u0abe\u0ab8 \u0ab9\u0acb\u0ab5\u0acb \u0a9c\u0acb\u0a88\u0a8f."},{"Verseid":"53000005","Verse":"\u0a95\u0ac7\u0a9f\u0ab2\u0abe\u0a8f\u0a95 \u0ab2\u0acb\u0a95\u0acb\u0a8f \u0a86 \u0aac\u0aa7\u0ac1\u0a82 \u0aa4\u0acb \u0a95\u0ab0\u0acd\u0aaf\u0ac1 \u0a9c \u0aa8\u0aa5\u0ac0. \u0aa4\u0ac7\u0a93 \u0a96\u0acb\u0a9f\u0abe \u0ab0\u0ab8\u0acd\u0aa4\u0ac7 \u0aad\u0ac2\u0ab2\u0abe \u0aaa\u0aa1\u0ac0 \u0a97\u0aaf\u0abe \u0a9b\u0ac7, \u0a85\u0aa8\u0ac7 \u0a9c\u0ac7 \u0aac\u0abe\u0aac\u0aa4\u0acb\u0aa8\u0ac0 \u0a95\u0ab6\u0ac0 \u0a95\u0abf\u0aae\u0aa4 \u0aa8\u0aa5\u0ac0 \u0aa4\u0ac7\u0aa8\u0abe \u0ab5\u0abf\u0ab7\u0ac7 \u0aa4\u0ac7\u0a93 \u0ab5\u0abe\u0aa4\u0acb \u0a95\u0ab0\u0acd\u0aaf\u0abe \u0a95\u0ab0 \u0a9b\u0ac7."},{"Verseid":"53000006","Verse":"\u0aa4\u0ac7 \u0ab2\u0acb\u0a95\u0acb\u0aa8\u0ac7 \u0aa4\u0acb \u0aae\u0ac2\u0ab8\u0abe\u0aa8\u0abe \u0aa8\u0abf\u0aaf\u0aae\u0ab6\u0abe\u0ab8\u0acd\u0aa4\u0acd\u0ab0\u0aa8\u0abe \u0a89\u0aaa\u0aa6\u0ac7\u0ab6\u0a95\u0acb \u0aa5\u0ab5\u0ac1\u0a82 \u0a9b\u0ac7. \u0aaa\u0ab0\u0a82\u0aa4\u0ac1 \u0aa4\u0ac7\u0a93 \u0ab6\u0abe\u0aa8\u0abe \u0ab5\u0abf\u0ab7\u0ac7 \u0aac\u0acb\u0ab2\u0ac0 \u0ab0\u0ab9\u0acd\u0aaf\u0abe\u0a82 \u0a9b\u0ac7, \u0aa4\u0ac7\u0aa8\u0ac1\u0a82 \u0aa4\u0ac7\u0a93\u0aa8\u0ac7 \u0aad\u0abe\u0aa8 \u0aa8\u0aa5\u0ac0. \u0a9c\u0ac7 \u0aac\u0abe\u0aac\u0aa4\u0acb \u0ab5\u0abf\u0ab7\u0ac7 \u0aa4\u0ac7\u0a93 \u0a96\u0abe\u0aa4\u0ab0\u0ac0\u0aaa\u0ac2\u0ab0\u0acd\u0ab5\u0a95 \u0aac\u0acb\u0ab2\u0ac0 \u0ab0\u0ab9\u0acd\u0aaf\u0abe \u0a9b\u0ac7 \u0aa4\u0ac7 \u0aa4\u0ac7\u0a93 \u0aaa\u0acb\u0aa4\u0ac7 \u0aaa\u0aa3 \u0ab8\u0aae\u0a9c\u0ac0 \u0ab6\u0a95\u0acd\u0aa4\u0abe \u0aa8\u0aa5\u0ac0."},{"Verseid":"53000007","Verse":"\u0a9c\u0acb \u0a95\u0acb\u0a88\u0aa8\u0ac7 \u0aa8\u0abf\u0aaf\u0aae\u0ab6\u0abe\u0ab8\u0acd\u0aa4\u0acd\u0ab0\u0aa8\u0acb \u0aaf\u0acb\u0a97\u0acd\u0aaf \u0a89\u0aaa\u0aaf\u0acb\u0a97 \u0a95\u0ab0\u0aa4\u0abe\u0a82 \u0a86\u0ab5\u0aa1\u0ac7 \u0aa4\u0acb \u0aa4\u0ac7 \u0ab8\u0abe\u0ab0\u0ac1\u0a82 \u0a9c \u0a9b\u0ac7 \u0aa4\u0ac7 \u0a86\u0aaa\u0aa3\u0ac7 \u0ab8\u0abe\u0ab0\u0ac0 \u0ab0\u0ac0\u0aa4\u0ac7 \u0a9c\u0abe\u0aa3\u0ac0\u0a8f \u0a9b\u0ac0\u0a8f."},{"Verseid":"53000008","Verse":"\u0a86\u0aaa\u0aa3\u0ac7 \u0aa4\u0ac7 \u0aaa\u0aa3 \u0a9c\u0abe\u0aa3\u0ac0\u0a8f \u0a9b\u0ac0\u0a8f \u0a95\u0ac7 \u0aa8\u0acd\u0aaf\u0abe\u0aaf\u0ac0 \u0aae\u0abe\u0aa3\u0ab8\u0acb \u0aae\u0abe\u0a9f\u0ac7 \u0aa8\u0abf\u0aaf\u0aae\u0aa8\u0ac0 \u0ab0\u0a9a\u0aa8\u0abe \u0a95\u0ab0\u0ab5\u0abe\u0aae\u0abe\u0a82 \u0a86\u0ab5\u0ac0 \u0aa8\u0aa5\u0ac0. \u0aa8\u0abf\u0aaf\u0aae \u0aa4\u0acb \u0aa4\u0ac7\u0a93\u0aa8\u0abe \u0aae\u0abe\u0a9f\u0ac7 \u0a9b\u0ac7 \u0a95\u0ac7 \u0a9c\u0ac7 \u0ab2\u0acb\u0a95\u0acb \u0aa8\u0abf\u0aaf\u0aae\u0aa8\u0ac0 \u0ab5\u0abf\u0ab0\u0ac2\u0aa6\u0acd\u0aa7\u0aae\u0abe\u0a82 \u0a9b\u0ac7 \u0a85\u0aa8\u0ac7 \u0a9c\u0ac7\u0a93 \u0aa8\u0abf\u0aaf\u0aae\u0aa8\u0abe \u0aaa\u0abe\u0ab2\u0aa8\u0aa8\u0acb \u0a88\u0aa8\u0acd\u0a95\u0abe\u0ab0 \u0a95\u0ab0\u0ac7 \u0a9b\u0ac7. \u0a9c\u0ac7 \u0ab2\u0acb\u0a95\u0acb \u0aa6\u0ac7\u0ab5\u0aa5\u0ac0 \u0ab5\u0abf\u0aae\u0ac1\u0a96 \u0ab9\u0acb\u0aaf, \u0a9c\u0ac7 \u0aaa\u0abe\u0aaa\u0ac0 \u0ab9\u0acb\u0aaf, \u0a9c\u0ac7\u0a93 \u0aaa\u0ab5\u0abf\u0aa4\u0acd\u0ab0 \u0aa8 \u0ab9\u0acb\u0aaf, \u0a85\u0aa8\u0ac7 \u0a9c\u0ac7\u0aa8\u0ac7 \u0a95\u0acb\u0a88 \u0aa7\u0ab0\u0acd\u0aae \u0aa8 \u0ab9\u0acb\u0aaf, \u0a9c\u0ac7 \u0ab2\u0acb\u0a95\u0acb \u0aaa\u0abf\u0aa4\u0ac3\u0ab9\u0aa4\u0acd\u0aaf\u0abe\u0ab0\u0abe \u0aa4\u0aa5\u0abe \u0aae\u0abe\u0aa4\u0ac3\u0ab9\u0aa4\u0acd\u0aaf\u0abe\u0ab0\u0abe \u0ab9\u0acb\u0aaf, \u0a96\u0ac2\u0aa8\u0ac0 \u0ab9\u0acb\u0aaf, \u0a8f\u0ab5\u0abe \u0ab2\u0acb\u0a95\u0acb \u0aae\u0abe\u0a9f\u0ac7 \u0aa8\u0abf\u0aaf\u0aae \u0ab9\u0acb\u0aaf \u0a9b\u0ac7."},{"Verseid":"53000009","Verse":"\u0a9c\u0ac7 \u0ab2\u0acb\u0a95\u0acb \u0ab5\u0acd\u0aaf\u0aad\u0abf\u0a9a\u0abe\u0ab0\u0aa8\u0ac1\u0a82 \u0aaa\u0abe\u0aaa \u0a95\u0ab0\u0aa4\u0abe \u0ab9\u0acb\u0aaf, \u0a9c\u0ac7\u0a93 \u0aaa\u0ac1\u0a82\u0aae\u0ac8\u0aa5\u0ac1\u0aa8\u0ac0\u0a93 \u0ab9\u0acb\u0aaf, \u0a9c\u0ac7\u0a93 \u0a97\u0ac1\u0ab2\u0abe\u0aae\u0acb\u0aa8\u0ac7 \u0ab5\u0ac7\u0a9a\u0aa4\u0abe \u0ab9\u0acb\u0aaf \u0a9c\u0ac7\u0a93 \u0a9c\u0ac2\u0aa0 \u0aac\u0acb\u0ab2\u0aa4\u0abe \u0ab9\u0acb\u0aaf, \u0a9c\u0ac7\u0a93 \u0a96\u0acb\u0a9f\u0abe \u0ab8\u0aae \u0ab2\u0ac7\u0aa4\u0abe \u0ab9\u0acb\u0aaf \u0a9b\u0ac7 \u0a85\u0aa8\u0ac7 \u0aa6\u0ac7\u0ab5\u0aa8\u0abe \u0ab6\u0ac1\u0aa6\u0acd\u0aa7 \u0a89\u0aaa\u0aa6\u0ac7\u0ab6\u0aa8\u0ac0 \u0ab5\u0abf\u0ab0\u0ac2\u0aa6\u0acd\u0aa7\u0aae\u0abe\u0a82 \u0a95\u0a88 \u0aaa\u0aa3 \u0a95\u0ab0\u0aa4\u0abe \u0ab2\u0acb\u0a95\u0acb \u0aae\u0abe\u0a9f\u0ac7 \u0aa8\u0abf\u0aaf\u0aae \u0a9b\u0ac7."},{"Verseid":"53000010","Verse":"\u0aa6\u0ac7\u0ab5\u0ac7 \u0aae\u0aa8\u0ac7 \u0a9c\u0ac7 \u0ab8\u0ac1\u0ab5\u0abe\u0ab0\u0acd\u0aa4\u0abe \u0a95\u0ab9\u0ac7\u0ab5\u0abe \u0aae\u0acb\u0a95\u0ab2\u0acd\u0aaf\u0acb \u0a9b\u0ac7, \u0aa4\u0ac7\u0aa8\u0abe \u0a8f\u0a95 \u0aad\u0abe\u0a97\u0ab0\u0ac1\u0a82\u0aaa\u0ac7 \u0ab9\u0ac1 \u0a86 \u0a89\u0aaa\u0aa6\u0ac7\u0ab6 \u0a86\u0aaa\u0ac0 \u0ab0\u0ab9\u0acd\u0aaf\u0acb \u0a9b\u0ac1\u0a82. \u0aa4\u0ac7 \u0aae\u0ab9\u0abf\u0aae\u0abe\u0aa8\u0ac0 \u0ab8\u0ac1\u0ab5\u0abe\u0ab0\u0acd\u0aa4\u0abe \u0ab8\u0acd\u0aa4\u0ac1\u0aa4\u0acd\u0aaf \u0aa6\u0ac7\u0ab5 \u0aa4\u0ab0\u0aab\u0aa5\u0ac0 \u0aaa\u0acd\u0ab0\u0abe\u0aaa\u0acd\u0aa4 \u0aa5\u0a88 \u0a9b\u0ac7.\u0aa6\u0ac7\u0ab5\u0aa8\u0ac0 \u0aa6\u0aaf\u0abe \u0aae\u0abe\u0a9f\u0ac7 \u0a86\u0aad\u0abe\u0ab0"},{"Verseid":"53000011","Verse":"\u0a86\u0aaa\u0aa3\u0abe \u0a96\u0acd\u0ab0\u0abf\u0ab8\u0acd\u0aa4 \u0a88\u0ab8\u0ac1\u0aa8\u0acb \u0ab9\u0ac1 \u0a86\u0aad\u0abe\u0ab0 \u0aae\u0abe\u0aa8\u0ac1\u0a82 \u0a9b\u0ac1\u0a82 \u0a95\u0ac7\u0aae \u0a95\u0ac7 \u0aa4\u0ac7\u0aa3\u0ac7 \u0aae\u0abe\u0ab0\u0abe\u0aae\u0abe\u0a82 \u0ab5\u0abf\u0ab6\u0acd\u0ab5\u0abe\u0ab8 \u0aae\u0ac2\u0a95\u0ac0\u0aa8\u0ac7 \u0aa4\u0ac7\u0aa8\u0ac0 \u0ab8\u0ac7\u0ab5\u0abe \u0a95\u0ab0\u0ab5\u0abe\u0aa8\u0ac1\u0a82 \u0a86 \u0a95\u0abe\u0aae \u0aae\u0aa8\u0ac7 \u0a86\u0aaa\u0acd\u0aaf\u0ac1\u0a82. \u0aa4\u0ac7\u0aa3\u0ac7 \u0a9c \u0aae\u0aa8\u0ac7 \u0a86 \u0ab8\u0ac7\u0ab5\u0abe \u0aae\u0abe\u0a9f\u0ac7 \u0ab8\u0abe\u0ab0\u0acd\u0aae\u0aa5\u0acd\u0aaf \u0a86\u0aaa\u0acd\u0aaf\u0ac1\u0a82."},{"Verseid":"53000012","Verse":"\u0aad\u0ac2\u0aa4\u0a95\u0abe\u0ab3\u0aae\u0abe\u0a82 \u0aa4\u0acb \u0ab9\u0ac1 \u0a96\u0acd\u0ab0\u0abf\u0ab8\u0acd\u0aa4\u0aa8\u0ac0 \u0ab5\u0abf\u0ab0\u0ac2\u0aa6\u0acd\u0aa7\u0aae\u0abe\u0a82 \u0aac\u0acb\u0ab2\u0aa4\u0acb \u0ab9\u0aa4\u0acb, \u0a85\u0aa8\u0ac7 \u0aac\u0aa7\u0abe \u0aaa\u0ab0 \u0a9c\u0ac1\u0ab2\u0aae \u0a97\u0ac1\u0a9c\u0abe\u0ab0\u0aa4\u0acb \u0ab9\u0aa4\u0acb \u0aae\u0ac7 \u0aa4\u0ac7\u0aa8\u0ac7 \u0a86\u0a98\u0abe\u0aa4 \u0a86\u0aaa\u0ac7 \u0aa4\u0ac7\u0ab5\u0abe \u0a98\u0aa3\u0abe\u0a82 \u0a95\u0abe\u0aae\u0acb \u0a95\u0ab0\u0acd\u0aaf\u0abe. \u0aaa\u0ab0\u0a82\u0aa4\u0ac1 \u0aa6\u0ac7\u0ab5\u0ac7 \u0aae\u0aa8\u0ac7 \u0a95\u0acd\u0ab7\u0aae\u0abe \u0a86\u0aaa\u0ac0, \u0a95\u0ac7\u0aae \u0a95\u0ac7 \u0ab9\u0ac1 \u0ab6\u0ac1\u0a82 \u0a95\u0ab0\u0aa4\u0acb \u0ab9\u0aa4\u0acb \u0aa4\u0ac7\u0aa8\u0ac1\u0a82 \u0aae\u0aa8\u0ac7 \u0aad\u0abe\u0aa8 \u0aa8\u0ab9\u0acb\u0aa4\u0ac1\u0a82. \u0a9c\u0acd\u0aaf\u0abe\u0a82 \u0ab8\u0ac1\u0aa7\u0ac0 \u0ab9\u0ac1 \u0ab5\u0abf\u0ab6\u0acd\u0ab5\u0abe\u0ab8\u0ac1 \u0aa8 \u0aa5\u0aaf\u0acb, \u0aa4\u0acd\u0aaf\u0abe\u0a82 \u0ab8\u0ac1\u0aa7\u0ac0 \u0a8f\u0ab5\u0ac1\u0a82 \u0a95\u0ab0\u0acd\u0aaf\u0abe \u0a95\u0ab0\u0acd\u0aaf\u0ac1."},{"Verseid":"53000013","Verse":"\u0aaa\u0ab0\u0a82\u0aa4\u0ac1 \u0aae\u0aa8\u0ac7 \u0a86\u0aaa\u0aa3\u0abe \u0aaa\u0acd\u0ab0\u0aad\u0ac1\u0aa8\u0ac0 \u0ab8\u0a82\u0aaa\u0ac2\u0ab0\u0acd\u0aa3 \u0a95\u0ac3\u0aaa\u0abe \u0aaa\u0acd\u0ab0\u0abe\u0aaa\u0acd\u0aa4 \u0aa5\u0a88. \u0a85\u0aa8\u0ac7 \u0aa4\u0ac7 \u0a95\u0ac3\u0aaa\u0abe\u0aae\u0abe\u0a82\u0aa5\u0ac0 \u0aae\u0abe\u0ab0\u0abe\u0aae\u0abe\u0a82 \u0a96\u0acd\u0ab0\u0abf\u0ab8\u0acd\u0aa4 \u0a88\u0ab8\u0ac1 \u0aae\u0abe\u0a9f\u0ac7 \u0ab5\u0abf\u0ab6\u0acd\u0ab5\u0abe\u0ab8 \u0a85\u0aa8\u0ac7 \u0aaa\u0acd\u0ab0\u0ac7\u0aae \u0aaa\u0acd\u0ab0\u0a97\u0a9f \u0aa5\u0aaf\u0abe\u0a82."},{"Verseid":"53000014","Verse":"\u0ab9\u0ac1 \u0a9c\u0ac7 \u0a95\u0ab9\u0ac1 \u0a9b\u0ac1\u0a82 \u0aa4\u0ac7 \u0ab8\u0aa4\u0acd\u0aaf \u0a9b\u0ac7, \u0a85\u0aa8\u0ac7 \u0aa4\u0abe\u0ab0\u0ac7 \u0a8f\u0aa8\u0acb \u0ab8\u0a82\u0aaa\u0ac2\u0ab0\u0acd\u0aa3 \u0ab8\u0acd\u0ab5\u0ac0\u0a95\u0abe\u0ab0 \u0a95\u0ab0\u0ab5\u0acb \u0a9c\u0acb\u0a88\u0a8f; \u0a85\u0aa8\u0ac7 \u0aaa\u0abe\u0aaa\u0ac0\u0a93\u0aa8\u0ac7 \u0aa4\u0abe\u0ab0\u0ab5\u0abe \u0aae\u0abe\u0a9f\u0ac7 \u0a96\u0acd\u0ab0\u0abf\u0ab8\u0acd\u0aa4 \u0a88\u0ab8\u0ac1 \u0aa6\u0ac1\u0aa8\u0abf\u0aaf\u0abe\u0aae\u0abe\u0a82 \u0a86\u0ab5\u0acd\u0aaf\u0acb. \u0a85\u0aa8\u0ac7 \u0a8f\u0ab5\u0abe \u0aaa\u0abe\u0aaa\u0ac0\u0a93\u0aae\u0abe\u0a82 \u0ab9\u0ac1 \u0ab8\u0acc\u0aa5\u0ac0 \u0aae\u0ac1\u0a96\u0acd\u0aaf \u0a9b\u0ac1\u0a82."},{"Verseid":"53000015","Verse":"\u0aaa\u0ab0\u0a82\u0aa4\u0ac1 \u0aae\u0abe\u0ab0\u0abe \u0aaa\u0ab0 \u0aa6\u0aaf\u0abe \u0a95\u0ab0\u0ab5\u0abe\u0aae\u0abe\u0a82 \u0a86\u0ab5\u0ac0. \u0aae\u0abe\u0ab0\u0abe \u0aaa\u0ab0 \u0aa6\u0aaf\u0abe \u0a95\u0ab0\u0ac0\u0aa8\u0ac7 \u0a96\u0acd\u0ab0\u0abf\u0ab8\u0acd\u0aa4 \u0a88\u0ab8\u0ac1 \u0aa6\u0ab0\u0acd\u0ab6\u0abe\u0ab5\u0ab5\u0abe \u0aae\u0abe\u0a97\u0aa4\u0acb \u0ab9\u0aa4\u0acb \u0a95\u0ac7 \u0aa4\u0ac7 \u0aaa\u0ac2\u0ab0\u0ac0 \u0ab8\u0ab9\u0aa8\u0ab6\u0ac0\u0ab2\u0aa4\u0abe \u0aa6\u0abe\u0a96\u0ab5\u0ac0 \u0ab6\u0a95\u0ac7 \u0a9b\u0ac7. \u0a96\u0acd\u0ab0\u0abf\u0ab8\u0acd\u0aa4\u0ac7 \u0aae\u0abe\u0ab0\u0abe \u0aae\u0abe\u0a9f\u0ac7 \u0aa7\u0ac0\u0ab0\u0a9c \u0ab0\u0abe\u0a96\u0ac0 \u0aac\u0aa4\u0abe\u0ab5\u0ac0, \u0a9c\u0ac7 \u0ab2\u0acb\u0a95\u0acb \u0a85\u0aa8\u0a82\u0aa4\u0a9c\u0ac0\u0ab5\u0aa8\u0aa8\u0ac7 \u0ab8\u0abe\u0ab0\u0ac1\u0a82 \u0a88\u0ab8\u0ac1 \u0a96\u0acd\u0ab0\u0abf\u0ab8\u0acd\u0aa4 \u0aaa\u0ab0 \u0ab5\u0abf\u0ab6\u0acd\u0ab5\u0abe\u0ab8 \u0a95\u0ab0\u0ac7 \u0a9b\u0ac7 \u0aa4\u0ac7\u0a93\u0aa8\u0ac7 \u0aae\u0abe\u0a9f\u0ac7 \u0ab9\u0ac1 \u0aa8\u0aae\u0ac2\u0aa8\u0abe\u0ab0\u0ac1\u0a82\u0aaa \u0aa5\u0abe\u0a89 \u0aa4\u0ac7\u0aae \u0a96\u0acd\u0ab0\u0abf\u0ab8\u0acd\u0aa4\u0ac7 \u0aae\u0abe\u0ab0\u0abe \u0aa6\u0acd\u0ab5\u0abe\u0ab0\u0abe \u0a8f\u0a95 \u0aa6\u0abe\u0a96\u0ab2\u0acb \u0aac\u0ac7\u0ab8\u0abe\u0aa1\u0acd\u0aaf\u0acb."},{"Verseid":"53000016","Verse":"\u0a9c\u0ac7 \u0ab8\u0aa8\u0abe\u0aa4\u0aa8 \u0aaf\u0ac1\u0a97\u0acb\u0aa8\u0acb \u0ab0\u0abe\u0a9c\u0abe \u0ab0\u0abe\u0a9c \u0a95\u0ab0\u0ac7 \u0a9b\u0ac7 \u0aa4\u0ac7\u0aa8\u0ac7 \u0aae\u0abe\u0aa8 \u0aa4\u0aa5\u0abe \u0aae\u0ab9\u0abf\u0aae\u0abe \u0ab9\u0acb. \u0aa4\u0ac7 \u0a85\u0ab5\u0abf\u0aa8\u0abe\u0ab6\u0ac0, \u0a85\u0aa6\u0acd\u0ab0\u0ab6\u0acd\u0aaf \u0aa4\u0aa5\u0abe \u0a8f\u0a95\u0abe\u0a95\u0ac0 \u0aa6\u0ac7\u0ab5 \u0a9b\u0ac7. \u0aa4\u0ac7\u0aa8\u0ac7 \u0ab8\u0aa6\u0abe\u0ab8\u0ab0\u0acd\u0ab5\u0a95\u0abe\u0ab3 \u0aae\u0abe\u0aa8 \u0aa4\u0aa5\u0abe \u0aae\u0ab9\u0abf\u0aae\u0abe \u0ab9\u0acb. \u0a86\u0aae\u0ac0\u0aa8."},{"Verseid":"53000017","Verse":"\u0aa4\u0abf\u0aae\u0acb\u0aa5\u0ac0, \u0aa4\u0ac1\u0a82 \u0aa4\u0acb \u0aae\u0abe\u0ab0\u0abe \u0aa6\u0ac0\u0a95\u0ab0\u0abe \u0ab8\u0aae\u0abe\u0aa8 \u0a9b\u0ac7. \u0ab9\u0ac1 \u0aa4\u0aa8\u0ac7 \u0a86\u0a9c\u0acd\u0a9e\u0abe \u0a86\u0aaa\u0ac1\u0a82 \u0a9b\u0ac1\u0a82. \u0aad\u0ac2\u0aa4\u0a95\u0abe\u0ab3\u0aae\u0abe\u0a82 \u0aa4\u0abe\u0ab0\u0abe \u0ab5\u0abf\u0ab7\u0ac7 \u0a9c\u0ac7 \u0aad\u0ab5\u0abf\u0ab7\u0acd\u0aaf\u0a95\u0aa5\u0aa8\u0acb \u0aa5\u0aaf\u0ac7\u0ab2\u0abe \u0aa4\u0ac7\u0aa8\u0abe \u0a85\u0aa8\u0ac1\u0ab8\u0a82\u0aa7\u0abe\u0aa8\u0aae\u0abe\u0a82 \u0a86 \u0a86\u0a9c\u0acd\u0a9e\u0abe \u0a9b\u0ac7. \u0a8f \u0aad\u0ab5\u0abf\u0ab7\u0acd\u0aaf\u0a95\u0aa5\u0aa8\u0aa8\u0ac7 \u0a85\u0aa8\u0ac1\u0ab8\u0ab0\u0ac0\u0aa8\u0ac7 \u0ab8\u0abe\u0ab0\u0ac0 \u0ab0\u0ac0\u0aa4\u0ac7 \u0ab8\u0a82\u0a98\u0ab0\u0acd\u0ab7 \u0ab8\u0abe\u0aae\u0ac7 \u0ab2\u0aa1\u0ac0 \u0ab6\u0a95\u0ac7, \u0aa4\u0ac7 \u0aae\u0abe\u0a9f\u0ac7 \u0ab9\u0ac1\u0a82 \u0aa4\u0ac7\u0aa8\u0ac7 \u0a86 \u0aac\u0aa7\u0ac1\u0a82 \u0a95\u0ab9\u0ac1 \u0a9b\u0ac1\u0a82."},{"Verseid":"53000018","Verse":"\u0aa4\u0abe\u0ab0\u0acb \u0ab5\u0abf\u0ab6\u0acd\u0ab5\u0abe\u0ab8 \u0a9f\u0a95\u0abe\u0ab5\u0ac0 \u0ab0\u0abe\u0a96\u0a9c\u0ac7 \u0a85\u0aa8\u0ac7 \u0aa4\u0aa8\u0ac7 \u0a9c\u0ac7 \u0aa8\u0acd\u0aaf\u0abe\u0aaf\u0ac0 \u0ab2\u0abe\u0a97\u0ac7 \u0aa4\u0ac7 \u0a95\u0ab0\u0a9c\u0ac7. \u0a95\u0ac7\u0a9f\u0ab2\u0abe\u0a8f\u0a95 \u0ab2\u0acb\u0a95\u0acb \u0a86 \u0a95\u0ab0\u0ac0 \u0ab6\u0a95\u0acd\u0aaf\u0abe \u0aa8\u0aa5\u0ac0. \u0aa4\u0ac7\u0a93\u0aa8\u0acb \u0ab5\u0abf\u0ab6\u0acd\u0ab5\u0abe\u0ab8 \u0aa1\u0a97\u0ac0 \u0a97\u0aaf\u0acb \u0a9b\u0ac7."},{"Verseid":"53000019","Verse":"\u0ab9\u0ac1\u0aae\u0aa8\u0abe\u0aaf\u0ab8 \u0a85\u0aa8\u0ac7 \u0a86\u0ab2\u0ac7\u0a95\u0ab8\u0abe\u0a82\u0aa6\u0ab0\u0ac7 \u0a8f\u0ab5\u0ac1\u0a82 \u0a95\u0ab0\u0acd\u0aaf\u0ac1 \u0a9b\u0ac7. \u0aae\u0ac7\u0a82 \u0a8f \u0ab2\u0acb\u0a95\u0acb\u0aa8\u0ac7 \u0ab6\u0ac7\u0aa4\u0abe\u0aa8\u0aa8\u0ac7 \u0ab8\u0acb\u0a82\u0aaa\u0ac0 \u0aa6\u0ac0\u0a98\u0abe \u0a9b\u0ac7, \u0a9c\u0ac7\u0aa5\u0ac0 \u0aa4\u0ac7\u0a93 \u0ab6\u0ac0\u0a96\u0ac7 \u0a95\u0ac7 \u0aa6\u0ac7\u0ab5\u0aa8\u0ac0 \u0ab5\u0abf\u0ab0\u0ac2\u0aa6\u0acd\u0aa7 \u0aac\u0acb\u0ab2\u0abe\u0aaf \u0aa8\u0ab9\u0abf."}]},{"Verse":[{"Verseid":"53001000","Verse":"\u0ab9\u0ac1\u0aa5\u0ac0 \u0aaa\u0acd\u0ab0\u0aa5\u0aae \u0aa4\u0acb \u0ab8\u0ab0\u0acd\u0ab5 \u0ab2\u0acb\u0a95\u0acb \u0aae\u0abe\u0a9f\u0ac7 \u0aaa\u0acd\u0ab0\u0abe\u0ab0\u0acd\u0aa5\u0aa8\u0abe \u0a95\u0ab0\u0ab5\u0abe\u0aa8\u0ac1\u0a82 \u0ab9\u0ac1\u0a82 \u0aa4\u0aae\u0aa8\u0ac7 \u0a95\u0ab9\u0ac1\u0a82 \u0a9b\u0ac1. \u0ab8\u0ab0\u0acd\u0ab5 \u0ab2\u0acb\u0a95\u0acb \u0aae\u0abe\u0a9f\u0ac7 \u0aa4\u0aae\u0ac7 \u0aa6\u0ac7\u0ab5 \u0ab8\u0abe\u0aa5\u0ac7 \u0ab5\u0abe\u0aa4 \u0a95\u0ab0\u0acb. \u0ab2\u0acb\u0a95\u0acb\u0aa8\u0ac7 \u0a9c\u0ac7 \u0ab5\u0ab8\u0acd\u0aa4\u0ac1\u0a93\u0aa8\u0ac0 \u0a9c\u0ab0\u0ac1\u0a82\u0ab0 \u0a9b\u0ac7 \u0aa4\u0ac7 \u0aa6\u0ac7\u0ab5 \u0aaa\u0abe\u0ab8\u0ac7 \u0aae\u0abe\u0a97\u0acb \u0a85\u0aa8\u0ac7 \u0aa4\u0ac7\u0aa8\u0acb \u0a86\u0aad\u0abe\u0ab0 \u0aae\u0abe\u0aa8\u0acb."},{"Verseid":"53001001","Verse":"\u0ab0\u0abe\u0a9c\u0abe\u0a93 \u0aa4\u0ac7\u0aae\u0a9c \u0ab8\u0aa4\u0acd\u0aa4\u0abe \u0aad\u0acb\u0a97\u0ab5\u0aa4\u0abe \u0aac\u0aa7\u0abe \u0ab2\u0acb\u0a95\u0acb \u0aae\u0abe\u0a9f\u0ac7 \u0aa4\u0aae\u0abe\u0ab0\u0ac7 \u0aaa\u0acd\u0ab0\u0abe\u0ab0\u0acd\u0aa5\u0aa8\u0abe \u0a95\u0ab0\u0ab5\u0ac0 \u0a9c\u0acb\u0a88\u0a8f. \u0aa6\u0ac7\u0ab5 \u0aae\u0abe\u0a9f\u0ac7 \u0aad\u0a95\u0acd\u0aa4\u0abf\u0aad\u0abe\u0ab5 \u0a85\u0aa8\u0ac7 \u0aae\u0abe\u0aa8\u0aa5\u0ac0 \u0a9b\u0ab2\u0a95\u0abe\u0aa4\u0ac1\u0a82 \u0aa4\u0aa5\u0abe \u0aaa\u0ab0\u0aae \u0ab6\u0abe\u0a82\u0aa4\u0abf \u0aaa\u0acd\u0ab0\u0aa6 \u0a9c\u0ac0\u0ab5\u0aa8 \u0a86\u0aaa\u0aa3\u0aa8\u0ac7 \u0aaa\u0acd\u0ab0\u0abe\u0aaa\u0acd\u0aa4 \u0aa5\u0abe\u0aaf \u0aa4\u0ac7 \u0aae\u0abe\u0a9f\u0ac7 \u0a8f\u0ab5\u0abe \u0a85\u0aa7\u0abf\u0a95\u0abe\u0ab0\u0ac0\u0a93 \u0ab8\u0abe\u0ab0\u0ac1\u0a82 \u0aaa\u0acd\u0ab0\u0abe\u0ab0\u0acd\u0aa5\u0aa8\u0abe \u0a95\u0ab0\u0acb."},{"Verseid":"53001002","Verse":"\u0a86 \u0ab8\u0abe\u0ab0\u0ac0 \u0ab5\u0abe\u0aa4 \u0a9b\u0ac7 \u0a85\u0aa8\u0ac7 \u0a8f\u0aa8\u0abe\u0aa5\u0ac0 \u0a86\u0aaa\u0aa3\u0abe \u0aa4\u0abe\u0ab0\u0aa8\u0abe\u0ab0 \u0aa6\u0ac7\u0ab5 \u0aaa\u0acd\u0ab0\u0ab8\u0aa8\u0acd\u0aa8 \u0aa5\u0abe\u0aaf \u0a9b\u0ac7."},{"Verseid":"53001003","Verse":"\u0aa6\u0ac7\u0ab5 \u0a88\u0a9a\u0acd\u0a9b\u0ac7 \u0a9b\u0ac7 \u0a95\u0ac7 \u0aa6\u0ab0\u0ac7\u0a95 \u0a9c\u0abe\u0aa3\u0aa8\u0ac1\u0a82 \u0aa4\u0abe\u0ab0\u0aa3 \u0aa5\u0abe\u0aaf. \u0a85\u0aa8\u0ac7 \u0aa4\u0ac7\u0aa8\u0ac0 \u0a88\u0a9a\u0acd\u0a9b\u0abe \u0a9b\u0ac7 \u0a95\u0ac7 \u0ab8\u0ab0\u0acd\u0ab5 \u0ab2\u0acb\u0a95\u0acb \u0a86 \u0ab8\u0aa4\u0acd\u0aaf \u0a9c\u0abe\u0aa3\u0ac7."},{"Verseid":"53001004","Verse":"\u0aa6\u0ac7\u0ab5 \u0aa4\u0acb \u0aae\u0abe\u0aa4\u0acd\u0ab0 \u0a8f\u0a95 \u0a9c \u0a9b\u0ac7. \u0a85\u0aa8\u0ac7 \u0ab2\u0acb\u0a95\u0acb \u0aa6\u0ac7\u0ab5 \u0ab8\u0ac1\u0aa7\u0ac0 \u0aaa\u0ab9\u0acb\u0a82\u0a9a\u0ac7 \u0a8f \u0aae\u0abe\u0a9f\u0ac7 \u0aaa\u0aa3 \u0a8f\u0a95 \u0a9c \u0aae\u0aa7\u0acd\u0aaf\u0ab8\u0acd\u0aa5 \u0a9b\u0ac7. \u0aa4\u0ac7 \u0aae\u0aa7\u0acd\u0aaf\u0ab8\u0acd\u0aa5 \u0a88\u0ab8\u0ac1 \u0a96\u0acd\u0ab0\u0abf\u0ab8\u0acd\u0aa4 \u0a9b\u0ac7 \u0a9c\u0ac7 \u0a8f\u0a95 \u0aae\u0abe\u0aa8\u0ab5 \u0aaa\u0aa3 \u0a9b\u0ac7."},{"Verseid":"53001005","Verse":"\u0aac\u0aa7\u0abe \u0a9c \u0ab2\u0acb\u0a95\u0acb\u0aa8\u0abe \u0aaa\u0abe\u0aaa \u0aae\u0abe\u0a9f\u0ac7 \u0a88\u0ab8\u0ac1\u0a8f \u0aaa\u0acb\u0aa4\u0abe\u0aa8\u0ac0 \u0a9c\u0abe\u0aa4\u0aa8\u0ac1\u0a82 \u0ab8\u0acd\u0ab5\u0abe\u0ab0\u0acd\u0aaa\u0aa3 \u0a95\u0ab0\u0acd\u0aaf\u0ac1. \u0a88\u0ab8\u0ac1 \u0a8f \u0ab5\u0abe\u0aa4\u0aa8\u0ac0 \u0ab8\u0abe\u0aac\u0abf\u0aa4\u0ac0 \u0a9b\u0ac7 \u0a95\u0ac7 \u0aa6\u0ac7\u0ab5 \u0ab8\u0ab0\u0acd\u0ab5 \u0ab2\u0acb\u0a95\u0acb\u0aa8\u0ac7 \u0aac\u0a9a\u0abe\u0ab5\u0ac0 \u0ab2\u0ac7\u0ab5\u0abe \u0aae\u0abe\u0a97\u0ac7 \u0a9b\u0ac7. \u0a85\u0aa8\u0ac7 \u0aaf\u0acb\u0a97\u0acd\u0aaf \u0ab8\u0aae\u0aaf\u0ac7 \u0a9c \u0aa4\u0ac7 (\u0a88\u0ab8\u0ac1) \u0a86\u0ab5\u0acd\u0aaf\u0acb."},{"Verseid":"53001006","Verse":"\u0aa4\u0ac7\u0aa5\u0ac0 \u0a9c \u0aa4\u0acb \u0ab8\u0ac1\u0ab5\u0abe\u0ab0\u0acd\u0aa4\u0abe \u0a95\u0ab9\u0ac7\u0ab5\u0abe \u0ab8\u0abe\u0ab0\u0ac1\u0a82 \u0aae\u0abe\u0ab0\u0ac0 \u0aaa\u0ab8\u0a82\u0aa6\u0a97\u0ac0 \u0a95\u0ab0\u0ab5\u0abe\u0aae\u0abe\u0a82 \u0a86\u0ab5\u0ac0 \u0ab9\u0aa4\u0ac0. \u0aa4\u0ac7\u0aa5\u0ac0 \u0a9c \u0aa4\u0acb \u0aaa\u0acd\u0ab0\u0ac7\u0ab0\u0abf\u0aa4 \u0aa4\u0ab0\u0ac0\u0a95\u0ac7 \u0aae\u0aa8\u0ac7 \u0aaa\u0ab8\u0a82\u0aa6 \u0a95\u0ab0\u0ab5\u0abe\u0aae\u0abe\u0a82 \u0a86\u0ab5\u0acd\u0aaf\u0acb \u0ab9\u0aa4\u0acb. (\u0ab9\u0ac1 \u0aa4\u0aae\u0aa8\u0ac7 \u0ab8\u0aa4\u0acd\u0aaf \u0a9c \u0a95\u0ab9\u0ac1 \u0a9b\u0ac1\u0a82. \u0ab9\u0ac1 \u0a95\u0a88 \u0a9c\u0ac2\u0aa0\u0ac1 \u0aac\u0acb\u0ab2\u0aa4\u0acb \u0aa8\u0aa5\u0ac0.) \u0aac\u0abf\u0aa8\u0aaf\u0ab9\u0ac2\u0aa6\u0abf \u0ab2\u0acb\u0a95\u0acb\u0aa8\u0ac7 \u0ab6\u0ac0\u0a96\u0ab5\u0aa8\u0abe\u0ab0 \u0aa5\u0ab5\u0abe \u0aae\u0abe\u0a9f\u0ac7 \u0aae\u0abe\u0ab0\u0ac0 \u0aaa\u0ab8\u0a82\u0aa6\u0a97\u0ac0 \u0a95\u0ab0\u0ab5\u0abe\u0aae\u0abe\u0a82 \u0a86\u0ab5\u0ac0 \u0ab9\u0aa4\u0ac0. \u0aa4\u0ac7\u0a93 \u0ab5\u0abf\u0ab6\u0acd\u0ab5\u0abe\u0ab8 \u0a95\u0ab0\u0ac0 \u0ab6\u0a95\u0ac7 \u0a85\u0aa8\u0ac7 \u0ab8\u0aa4\u0acd\u0aaf\u0aa8\u0ac7 \u0a9c\u0abe\u0aa3\u0ac7 \u0a8f\u0ab5\u0ac1\u0a82 \u0ab9\u0ac1\u0a82 \u0aa4\u0ac7\u0a93\u0aa8\u0ac7 \u0ab6\u0abf\u0a95\u0acd\u0ab7\u0aa3 \u0a86\u0aaa\u0ac1\u0a82 \u0a9b\u0ac1."},{"Verseid":"53001007","Verse":"\u0aa6\u0ab0\u0ac7\u0a95 \u0a9c\u0a97\u0acd\u0aaf\u0abe\u0a8f \u0ab0\u0ab9\u0ac7\u0aa4\u0abe \u0aae\u0abe\u0aa3\u0ab8\u0acb \u0aaa\u0acd\u0ab0\u0abe\u0ab0\u0acd\u0aa5\u0aa8\u0abe \u0a95\u0ab0\u0ac7 \u0a8f\u0aae \u0ab9\u0ac1 \u0a88\u0a9a\u0acd\u0a9b\u0ac1 \u0a9b\u0ac1\u0a82. \u0aaa\u0acd\u0ab0\u0abe\u0ab0\u0acd\u0aa5\u0aa8\u0abe\u0aae\u0abe\u0a82 \u0a9c\u0ac7\u0a93 \u0ab9\u0abe\u0aa5 \u0a8a\u0a82\u0a9a\u0abe \u0a95\u0ab0\u0aa4\u0abe \u0ab9\u0acb\u0aaf \u0aa4\u0ac7\u0a93 \u0aaa\u0ab5\u0abf\u0aa4\u0acd\u0ab0 \u0ab9\u0acb\u0ab5\u0abe \u0a9c\u0acb\u0a88\u0a8f. \u0aa4\u0ac7 \u0aae\u0abe\u0aa3\u0ab8\u0acb \u0a8f\u0ab5\u0abe \u0aa8 \u0ab9\u0acb\u0ab5\u0abe \u0a9c\u0acb\u0a88\u0a8f \u0a95\u0ac7 \u0a9c\u0ac7 \u0a97\u0ac1\u0ab8\u0acd\u0ab8\u0ac7 \u0aa5\u0aa4\u0abe \u0ab9\u0acb\u0aaf \u0a85\u0aa8\u0ac7 \u0aa6\u0ab2\u0ac0\u0ab2\u0aac\u0abe\u0a9c\u0ac0 \u0a95\u0ab0\u0aa4\u0abe \u0ab9\u0acb\u0aaf."},{"Verseid":"53001008","Verse":"\u0ab9\u0ac1 \u0a8f \u0aaa\u0aa3 \u0a88\u0a9a\u0acd\u0a9b\u0ac1\u0a82 \u0a9b\u0ac1\u0a82 \u0a95\u0ac7 \u0ab8\u0acd\u0aa4\u0acd\u0ab0\u0ac0\u0a93 \u0a8f\u0ab5\u0abe\u0a82 \u0a95\u0aaa\u0aa1\u0abe\u0a82 \u0aaa\u0ab9\u0ac7\u0ab0\u0ac7 \u0a95\u0ac7 \u0a9c\u0ac7 \u0a8f\u0aae\u0aa8\u0abe \u0aae\u0abe\u0a9f\u0ac7 \u0aaf\u0acb\u0a97\u0acd\u0aaf \u0ab9\u0acb\u0aaf. \u0ab8\u0aa8\u0acd\u0aae\u0abe\u0aa8\u0aa8\u0ac0\u0aaf \u0a85\u0aa8\u0ac7 \u0a89\u0a9a\u0acd\u0a9a \u0ab5\u0abf\u0a9a\u0abe\u0ab0\u0acb \u0a9c\u0ab3\u0ab5\u0abe\u0aaf \u0a8f \u0ab0\u0ac0\u0aa4\u0ac7 \u0ab8\u0acd\u0aa4\u0acd\u0ab0\u0ac0\u0a93\u0a8f \u0a95\u0aaa\u0aa1\u0abe \u0aa7\u0abe\u0ab0\u0aa3 \u0a95\u0ab0\u0ab5\u0abe\u0a82 \u0a9c\u0acb\u0a88\u0a8f. \u0aa4\u0ac7\u0aae\u0aa3\u0ac7 \u0aaa\u0acb\u0aa4\u0abe\u0aa8\u0abe \u0ab5\u0abe\u0ab3 \u0a95\u0ab2\u0abe\u0aa4\u0acd\u0aae\u0a95 \u0a85\u0aa8\u0ac7 \u0a86\u0a95\u0ab0\u0acd\u0ab7\u0a95 \u0ab0\u0ac0\u0aa4\u0ac7 \u0a97\u0ac2\u0a82\u0aa5\u0ac7\u0ab2\u0abe \u0ab9\u0acb\u0ab5\u0abe \u0aa8 \u0a9c\u0acb\u0a88\u0a8f. \u0aa4\u0ac7\u0aae\u0a9c \u0aaa\u0acb\u0aa4\u0abe\u0aa8\u0ac7 \u0ab8\u0acc\u0aa6\u0ab0\u0acd\u0aaf\u0ab5\u0abe\u0aa8 \u0aac\u0aa8\u0abe\u0ab5\u0ab5\u0abe \u0aae\u0abe\u0aa3\u0ac7\u0a95-\u0aae\u0acb\u0aa4\u0ac0 \u0a95\u0ac7 \u0ab8\u0acb\u0aa8\u0abe\u0aa8\u0abe \u0a86\u0aad\u0ac2\u0ab7\u0aa3\u0acb \u0a95\u0ac7 \u0a95\u0abf\u0aae\u0aa4\u0ac0 \u0aaa\u0acb\u0ab7\u0abe\u0a95\u0acb\u0aa8\u0acb \u0a89\u0aaa\u0aaf\u0acb\u0a97 \u0aa8\u0ab9\u0abf \u0a95\u0ab0\u0ab5\u0acb \u0a9c\u0acb\u0a88\u0a8f."},{"Verseid":"53001009","Verse":"\u0aaa\u0ab0\u0a82\u0aa4\u0ac1 \u0ab8\u0abe\u0ab0\u0abe \u0a95\u0abe\u0ab0\u0acd\u0aaf\u0acb \u0a95\u0ab0\u0ac0\u0aa8\u0ac7 \u0aa4\u0ac7\u0aae\u0aa3\u0ac7 \u0ab8\u0ac1\u0a82\u0aa6\u0ab0 \u0aac\u0aa8\u0ab5\u0ac1\u0a82 \u0a9c\u0acb\u0a88\u0a8f. \u0a9c\u0ac7 \u0ab8\u0acd\u0aa4\u0acd\u0ab0\u0ac0\u0a93 \u0a8f\u0aae \u0a95\u0ab9\u0ac7\u0aa4\u0ac0 \u0ab9\u0acb\u0aaf \u0a95\u0ac7 \u0aa4\u0ac7\u0a93 \u0aa6\u0ac7\u0ab5\u0aa8\u0ac7 \u0aad\u0a9c\u0ac7 \u0a9b\u0ac7 \u0aa4\u0ac7\u0aae\u0aa3\u0ac7 \u0a8f \u0ab0\u0ac0\u0aa4\u0ac7 \u0aaa\u0acb\u0aa4\u0abe\u0aa8\u0ac7 \u0ab8\u0ac1\u0a82\u0aa6\u0ab0 \u0aac\u0aa8\u0abe\u0ab5\u0ab5\u0ac0 \u0a9c\u0acb\u0a88\u0a8f."},{"Verseid":"53001010","Verse":"\u0ab8\u0acd\u0aa4\u0acd\u0ab0\u0ac0\u0a8f \u0a95\u0acb\u0a88\u0aaa\u0aa3 \u0ab5\u0abe\u0aa4 \u0ab6\u0abe\u0a82\u0aa4\u0abf\u0aa5\u0ac0 \u0ab8\u0abe\u0a82\u0aad\u0ab3\u0ac0\u0aa8\u0ac7 \u0a85\u0aa8\u0ac7 \u0a86\u0a9c\u0acd\u0a9e\u0abe\u0aa8\u0ac1\u0a82 \u0aaa\u0abe\u0ab2\u0aa8 \u0a95\u0ab0\u0ab5\u0abe \u0ab8\u0a82\u0aaa\u0ac2\u0ab0\u0acd\u0aa3 \u0ab0\u0ac0\u0aa4\u0ac7 \u0aa4\u0ac8\u0aaf\u0abe\u0ab0 \u0ab0\u0ab9\u0ac0\u0aa8\u0ac7 \u0ab6\u0ac0\u0a96\u0ab5\u0abe\u0aa8\u0acb \u0aaa\u0acd\u0ab0\u0aaf\u0abe\u0ab8 \u0a95\u0ab0\u0ab5\u0acb \u0a9c\u0acb\u0a88\u0a8f."},{"Verseid":"53001011","Verse":"\u0ab8\u0acd\u0aa4\u0acd\u0ab0\u0ac0 \u0aaa\u0ac1\u0ab0\u0ac1\u0a82\u0ab7\u0aa8\u0ac7 \u0aad\u0aa3\u0abe\u0ab5\u0ac7 \u0a8f \u0aae\u0abe\u0a9f\u0ac7 \u0ab9\u0ac1\u0a82 \u0aae\u0a82\u0a9c\u0ac2\u0ab0\u0ac0 \u0a86\u0aaa\u0aa4\u0acb \u0aa8\u0aa5\u0ac0. \u0a85\u0aa8\u0ac7 \u0aaa\u0ac1\u0ab0\u0ac1\u0a82\u0ab7 \u0aaa\u0ab0 \u0ab8\u0acd\u0aa4\u0acd\u0ab0\u0ac0\u0aa8\u0ac0 \u0ab8\u0aa4\u0acd\u0aa4\u0abe \u0a9a\u0abe\u0ab2\u0ac7 \u0a8f\u0aa8\u0ac0 \u0aaa\u0aa3 \u0ab9\u0ac1\u0a82 \u0a9b\u0ac2\u0a9f \u0a86\u0aaa\u0aa4\u0acb \u0aa8\u0aa5\u0ac0. \u0ab8\u0acd\u0aa4\u0acd\u0ab0\u0ac0\u0a8f \u0ab6\u0abe\u0a82\u0aa4\u0abf\u0aa5\u0ac0 \u0aaa\u0acb\u0aa4\u0abe\u0aa8\u0ac1\u0a82 \u0a95\u0abe\u0aae\u0a95\u0abe\u0a9c \u0a95\u0ab0\u0aa4\u0abe \u0ab0\u0ab9\u0ac7\u0ab5\u0ac1\u0a82. \u0a86\u0ab5\u0ac1\u0a82 \u0ab6\u0abe \u0aae\u0abe\u0a9f\u0ac7?"},{"Verseid":"53001012","Verse":"\u0a95\u0abe\u0ab0\u0aa3 \u0a95\u0ac7 \u0aaa\u0acd\u0ab0\u0aa5\u0aae \u0a86\u0aa6\u0aae\u0aa8\u0ac0 \u0a89\u0aa4\u0acd\u0aaa\u0aa4\u0acd\u0aa4\u0abf \u0aa5\u0a88. \u0aa4\u0acd\u0aaf\u0abe\u0ab0\u0aac\u0abe\u0aa6 \u0ab9\u0ab5\u0abe\u0aa8\u0ac1\u0a82 \u0ab8\u0ab0\u0acd\u0a9c\u0aa8 \u0aa5\u0aaf\u0ac1\u0a82."},{"Verseid":"53001013","Verse":"\u0ab6\u0ac7\u0aa4\u0abe\u0aa8\u0ac7 \u0a86\u0aa6\u0aae\u0aa8\u0ac0 \u0a9b\u0ac7\u0aa4\u0ab0\u0aaa\u0ac0\u0a82\u0aa1\u0ac0 \u0a95\u0ab0\u0ac0 \u0aa8\u0ab9\u0abf, \u0aa4\u0ac7\u0aa3\u0ac7 \u0ab9\u0ab5\u0abe\u0aa8\u0ac7 \u0a9b\u0ac7\u0aa4\u0ab0\u0ac0 \u0a85\u0aa8\u0ac7 \u0aa4\u0ac7\u0aa5\u0ac0 \u0aa4\u0ac7 \u0aaa\u0abe\u0aaa\u0ac0 \u0aac\u0aa8\u0ac0."},{"Verseid":"53001014","Verse":"\u0aaa\u0ab0\u0a82\u0aa4\u0ac1 \u0ab8\u0acd\u0aa4\u0acd\u0ab0\u0ac0\u0a93\u0aa8\u0ac7 \u0aac\u0abe\u0ab3\u0a95\u0acb \u0ab9\u0acb\u0ab5\u0abe\u0aa8\u0ac7 \u0a95\u0abe\u0ab0\u0aa3\u0ac7 \u0aac\u0a9a\u0abe\u0ab5\u0ab5\u0abe\u0aae\u0abe\u0a82 \u0a86\u0ab5\u0ab6\u0ac7. \u0a9c\u0acb \u0aa4\u0ac7\u0a93 \u0aaf\u0acb\u0a97\u0acd\u0aaf \u0ab0\u0ac0\u0aa4\u0ac7 \u0a86\u0aa4\u0acd\u0aae\u0ab8\u0a82\u0aaf\u0aae \u0ab0\u0abe\u0a96\u0ac0 \u0aaa\u0ab5\u0abf\u0aa4\u0acd\u0ab0 \u0a9c\u0ac0\u0ab5\u0aa8 \u0a9c\u0ac0\u0ab5\u0ab6\u0ac7 \u0aa4\u0aa5\u0abe \u0ab5\u0abf\u0ab6\u0acd\u0ab5\u0abe\u0ab8 \u0a85\u0aa8\u0ac7 \u0aaa\u0acd\u0ab0\u0ac7\u0aae \u0a9a\u0abe\u0ab2\u0ac1 \u0ab0\u0abe\u0a96\u0ab6\u0ac7 \u0aa4\u0acb \u0aa4\u0ac7\u0a93 \u0aa4\u0abe\u0ab0\u0aa3 \u0aaa\u0abe\u0aae\u0ab6\u0ac7."}]},{"Verse":[{"Verseid":"53002000","Verse":"\u0ab9\u0ac1 \u0a9c\u0ac7 \u0a95\u0ab9\u0ac1 \u0a9b\u0ac1\u0a82 \u0aa4\u0ac7 \u0ab8\u0abe\u0a9a\u0ac1\u0a82 \u0a9b\u0ac7: \u0a9c\u0acb \u0a95\u0acb\u0a88 \u0ab5\u0acd\u0aaf\u0a95\u0acd\u0aa4\u0abf \u0aae\u0a82\u0aa1\u0ab3\u0ac0\u0aa8\u0acb \u0a85\u0aa7\u0acd\u0aaf\u0a95\u0acd\u0ab7 \u0aac\u0aa8\u0ab5\u0abe\u0aa8\u0acb \u0ab8\u0a96\u0aa4 \u0aaa\u0acd\u0ab0\u0aaf\u0aa4\u0acd\u0aa8 \u0a95\u0ab0\u0aa4\u0ac0 \u0ab9\u0acb\u0aaf. \u0aa4\u0acb \u0aa4\u0ac7\u0aa8\u0ac0 \u0a88\u0a9a\u0acd\u0a9b\u0abe \u0a95\u0a88\u0a95 \u0ab8\u0abe\u0ab0\u0ac1\u0a82 \u0a95\u0abe\u0aae \u0a95\u0ab0\u0ac0 \u0aac\u0aa4\u0abe\u0ab5\u0ab5\u0abe\u0aa8\u0ac0 \u0a9b\u0ac7."},{"Verseid":"53002001","Verse":"\u0aae\u0a82\u0aa1\u0ab3\u0ac0\u0aa8\u0acb \u0a85\u0aa7\u0acd\u0aaf\u0a95\u0acd\u0ab7 \u0a98\u0aa3\u0acb \u0ab8\u0a9c\u0a9c\u0aa8 \u0ab9\u0acb\u0ab5\u0acb \u0a9c\u0acb\u0a88\u0a8f \u0a9c\u0ac7\u0aa5\u0ac0 \u0ab2\u0acb\u0a95\u0acb \u0aa4\u0ac7\u0aa8\u0ac0 \u0a9f\u0ac0\u0a95\u0abe \u0a95\u0ab0\u0ac0 \u0aa8 \u0ab6\u0a95\u0ac7. \u0aa4\u0ac7\u0aa8\u0ac7 \u0a8f\u0a95\u0a9c \u0aaa\u0aa4\u0acd\u0aa8\u0ac0 \u0ab9\u0acb\u0ab5\u0ac0 \u0a9c\u0acb\u0a88\u0a8f. \u0aa4\u0ac7 \u0aae\u0abe\u0aa3\u0ab8 \u0a86\u0aa4\u0acd\u0aae-\u0ab8\u0a82\u0aaf\u0aae\u0ac0 \u0a85\u0aa8\u0ac7 \u0aa1\u0abe\u0ab9\u0acd\u0aaf\u0acb \u0ab9\u0acb\u0ab5\u0acb \u0a9c\u0acb\u0a88\u0a8f. \u0aac\u0ac0\u0a9c\u0abe \u0ab2\u0acb\u0a95\u0acb\u0aa8\u0ac0 \u0aa8\u0a9c\u0ab0\u0aae\u0abe\u0a82 \u0aa4\u0ac7 \u0aae\u0abe\u0aa8\u0aa8\u0ac0\u0aaf, \u0a86\u0aa6\u0ab0\u0aa3\u0ac0\u0aaf \u0ab9\u0acb\u0ab5\u0acb \u0a9c\u0acb\u0a88\u0a8f. \u0ab2\u0acb\u0a95\u0acb\u0aa8\u0ac7 \u0aaa\u0acb\u0aa4\u0abe\u0aa8\u0abe \u0a98\u0ab0\u0aae\u0abe\u0a82 \u0a86\u0ab5\u0a95\u0abe\u0ab0\u0ac0\u0aa8\u0ac7 \u0aa4\u0ac7\u0a93\u0aa8\u0ac7 \u0aae\u0aa6\u0aa6 \u0a95\u0ab0\u0ab5\u0abe \u0aa4\u0ac7 \u0aa4\u0aa4\u0acd\u0aaa\u0ab0 \u0ab0\u0ab9\u0ac7\u0ab5\u0acb \u0a9c\u0acb\u0a88\u0a8f. \u0aa4\u0ac7 \u0a8f\u0a95 \u0ab8\u0abe\u0ab0\u0acb \u0ab6\u0abf\u0a95\u0acd\u0ab7\u0a95 \u0ab9\u0acb\u0ab5\u0acb \u0a9c\u0acb\u0a88\u0a8f."},{"Verseid":"53002002","Verse":"\u0aa4\u0ac7 \u0a85\u0aa4\u0abf\u0ab6\u0aaf \u0aae\u0aa6\u0acd\u0aaf\u0aaa\u0abe\u0aa8 \u0a95\u0ab0\u0aa4\u0acb \u0ab9\u0acb\u0ab5\u0acb \u0aa8 \u0a9c\u0acb\u0a88\u0a8f, \u0a85\u0aa8\u0ac7 \u0aa4\u0ac7 \u0a8f\u0ab5\u0ac0 \u0ab5\u0acd\u0aaf\u0a95\u0acd\u0aa4\u0abf \u0aa8 \u0a9c \u0ab9\u0acb\u0ab5\u0ac0 \u0a9c\u0acb\u0a88\u0a8f \u0a95\u0ac7 \u0a9c\u0ac7\u0aa8\u0ac7 \u0a9d\u0a98\u0aa1\u0ab5\u0abe\u0aa8\u0ac1\u0a82 \u0a97\u0aae\u0aa4\u0ac1\u0a82 \u0ab9\u0acb\u0aaf. \u0aa4\u0ac7 \u0ab5\u0abf\u0aa8\u0aae\u0acd\u0ab0 \u0a85\u0aa8\u0ac7 \u0ab8\u0ab9\u0aa8\u0ab6\u0ac0\u0ab2, \u0ab6\u0abe\u0a82\u0aa4\u0abf\u0aaa\u0acd\u0ab0\u0abf\u0aaf \u0ab9\u0acb\u0ab5\u0acb \u0a9c\u0acb\u0a88\u0a8f. \u0a8f \u0aae\u0abe\u0aa3\u0ab8 \u0a8f\u0ab5\u0acb \u0aa8 \u0ab9\u0acb\u0ab5\u0acb \u0a9c\u0acb\u0a88\u0a8f \u0a95\u0ac7 \u0a9c\u0ac7 \u0aa6\u0acd\u0ab0\u0ab5\u0acd\u0aaf\u0ab2\u0acb\u0aad\u0ac0 \u0ab9\u0acb\u0aaf."},{"Verseid":"53002003","Verse":"\u0aa4\u0ac7 \u0aa4\u0ac7\u0aa8\u0abe \u0aaa\u0acb\u0aa4\u0abe\u0aa8\u0abe \u0a95\u0ac1\u0a9f\u0ac1\u0a82\u0aac\u0aa8\u0acb \u0aaa\u0aa3 \u0a8f\u0a95 \u0ab8\u0abe\u0ab0\u0acb \u0ab5\u0aa1\u0ac0\u0ab2 \u0ab9\u0acb\u0ab5\u0acb \u0a9c\u0acb\u0a88\u0a8f. \u0a86\u0aa8\u0acb \u0a85\u0ab0\u0acd\u0aa5 \u0a8f \u0a9b\u0ac7 \u0a95\u0ac7 \u0aa4\u0ac7\u0aa8\u0abe \u0aac\u0abe\u0ab3\u0a95\u0acb \u0aaa\u0ac2\u0ab0\u0abe \u0a86\u0aa6\u0ab0\u0aad\u0abe\u0ab5\u0aa5\u0ac0 \u0aa4\u0ac7\u0aa8\u0ac0 \u0a86\u0a9c\u0acd\u0a9e\u0abe \u0aaa\u0abe\u0ab3\u0aa4\u0abe \u0ab9\u0acb\u0ab5\u0abe \u0a9c\u0acb\u0a88\u0a8f."},{"Verseid":"53002004","Verse":"(\u0a9c\u0acb \u0a95\u0acb\u0a88 \u0aae\u0abe\u0aa3\u0ab8\u0aa8\u0ac7 \u0aa4\u0ac7\u0aa8\u0abe \u0aaa\u0acb\u0aa4\u0abe\u0aa8\u0abe \u0a9c \u0a95\u0ac1\u0a9f\u0ac1\u0a82\u0aac\u0aa8\u0acb \u0ab8\u0abe\u0ab0\u0acb \u0ab5\u0aa1\u0ac0\u0ab2 \u0aac\u0aa8\u0aa4\u0abe\u0a82 \u0aa8 \u0a86\u0ab5\u0aa1\u0ac7, \u0aa4\u0acb \u0aa4\u0ac7 \u0aa6\u0ac7\u0ab5\u0aa8\u0ac0 \u0aae\u0a82\u0aa1\u0ab3\u0ac0\u0aa8\u0ac0 \u0ab8\u0a82\u0aad\u0abe\u0ab3 \u0ab2\u0a88 \u0ab6\u0a95\u0ab6\u0ac7 \u0aa8\u0ab9\u0abf.)"},{"Verseid":"53002005","Verse":"\u0aaa\u0ab0\u0a82\u0aa4\u0ac1 \u0a95\u0acb\u0a88 \u0aa8\u0ab5\u0acb \u0ab5\u0abf\u0ab6\u0acd\u0ab5\u0abe\u0ab8\u0ac1 \u0a85\u0aa7\u0acd\u0aaf\u0a95\u0acd\u0ab7 \u0aa5\u0a88 \u0aa8 \u0ab6\u0a95\u0ac7. \u0a9c\u0acb \u0a95\u0acb\u0a88 \u0aa8\u0ab5\u0abe \u0ab5\u0abf\u0ab6\u0acd\u0ab5\u0abe\u0ab8\u0ac0\u0aa8\u0ac7 \u0aae\u0a82\u0aa1\u0ab3\u0ac0\u0aa8\u0acb \u0a85\u0aa7\u0acd\u0aaf\u0a95\u0acd\u0ab7 \u0aac\u0aa8\u0abe\u0ab5\u0ab5\u0abe\u0aae\u0abe\u0a82 \u0a86\u0ab5\u0ac7, \u0aa4\u0acb \u0ab6\u0a95\u0acd\u0aaf \u0a9b\u0ac7 \u0a95\u0ac7 \u0aa4\u0ac7 \u0aaa\u0acb\u0aa4\u0ac7 \u0a85\u0aad\u0abf\u0aae\u0abe\u0aa8\u0aa5\u0ac0 \u0a9b\u0a95\u0ac0 \u0a9c\u0abe\u0aaf. \u0a8f\u0aae \u0aa5\u0abe\u0aaf \u0aa4\u0acb, \u0a9c\u0ac7 \u0ab0\u0ac0\u0aa4\u0ac7 \u0ab6\u0ac7\u0aa4\u0abe\u0aa8 \u0aa7\u0abf\u0a95\u0acd\u0a95\u0abe\u0ab0\u0aa8\u0ac7 \u0aaa\u0abe\u0aa4\u0acd\u0ab0 \u0aa5\u0aaf\u0acb \u0ab9\u0aa4\u0acb, \u0aa4\u0ac7\u0aae \u0a8f\u0aa8\u0abe \u0a85\u0aad\u0abf\u0aae\u0abe\u0aa8\u0ac0 \u0ab5\u0ab0\u0acd\u0aa4\u0aa8 \u0aae\u0abe\u0a9f\u0ac7 \u0a8f\u0aa8\u0acb \u0aaa\u0aa3 \u0a8f \u0ab0\u0ac0\u0aa4\u0ac7 \u0aa8\u0acd\u0aaf\u0abe\u0aaf \u0a95\u0ab0\u0ab5\u0abe\u0aae\u0abe\u0a82 \u0a86\u0ab5\u0ab6\u0ac7. \u0aa4\u0ac7\u0aa8\u0ac1\u0a82 \u0a85\u0aad\u0abf\u0aae\u0abe\u0aa8 \u0ab6\u0ac7\u0aa4\u0abe\u0aa8 \u0a9c\u0ac7\u0ab5\u0ac1\u0a82 \u0a9c \u0aa5\u0ab6\u0ac7."},{"Verseid":"53002006","Verse":"\u0aae\u0a82\u0aa1\u0ab3\u0ac0\u0aa8\u0abe \u0ab8\u0aad\u0acd\u0aaf \u0aa8 \u0ab9\u0acb\u0aaf \u0a8f\u0ab5\u0abe \u0aac\u0ab9\u0abe\u0ab0\u0aa8\u0abe \u0ab2\u0acb\u0a95\u0acb\u0aa8\u0acb \u0aaa\u0aa3 \u0a86\u0aa6\u0ab0 \u0aa4\u0ac7\u0aa8\u0abe \u0aaa\u0acd\u0ab0\u0aa4\u0acd\u0aaf\u0ac7 \u0ab9\u0acb\u0ab5\u0acb \u0a9c\u0acb\u0a88\u0a8f. \u0aa4\u0acb \u0aaa\u0a9b\u0ac0 \u0aac\u0ac0\u0a9c\u0abe \u0ab2\u0acb\u0a95\u0acb \u0aa4\u0ac7\u0aa8\u0ac0 \u0a9f\u0ac0\u0a95\u0abe \u0a95\u0ab0\u0ac0 \u0ab6\u0a95\u0ab6\u0ac7 \u0aa8\u0ab9\u0abf, \u0a85\u0aa8\u0ac7 \u0aa4\u0ac7 \u0ab6\u0ac7\u0aa4\u0abe\u0aa8\u0aa8\u0ac0 \u0a9c\u0abe\u0ab3\u0aae\u0abe\u0a82 \u0aab\u0ab8\u0abe\u0a88 \u0aa8\u0ab9\u0abf \u0a9c\u0abe\u0aaf."},{"Verseid":"53002007","Verse":"\u0a8f \u0a9c \u0aaa\u0acd\u0ab0\u0aae\u0abe\u0aa3\u0ac7, \u0a9c\u0ac7 \u0aae\u0abe\u0aa3\u0ab8\u0acb \u0ab8\u0ac7\u0ab5\u0a95\u0acb \u0aa4\u0ab0\u0ac0\u0a95\u0ac7 \u0ab8\u0ac7\u0ab5\u0abe \u0a86\u0aaa\u0aa4\u0abe \u0ab9\u0acb\u0aaf \u0aa4\u0ac7\u0a93 \u0a8f\u0ab5\u0abe \u0ab9\u0acb\u0ab5\u0abe \u0a9c\u0acb\u0a88\u0a8f \u0a95\u0ac7 \u0a9c\u0ac7\u0aae\u0aa8\u0ac7 \u0ab2\u0acb\u0a95\u0acb \u0aae\u0abe\u0aa8 \u0a86\u0aaa\u0ac0 \u0ab6\u0a95\u0ac7. \u0a9c\u0ac7 \u0a96\u0ab0\u0ac7\u0a96\u0ab0 \u0aa4\u0ac7\u0a93\u0aa8\u0ac7 \u0ab8\u0aae\u0a9c\u0abe\u0aa4\u0ac0 \u0aa8\u0abe \u0ab9\u0acb\u0aaf \u0aa4\u0ac7\u0ab5\u0ac0 \u0ab5\u0abe\u0aa4\u0acb \u0a86 \u0aae\u0abe\u0aa3\u0ab8\u0acb\u0a8f \u0a95\u0ab9\u0ac7\u0ab5\u0ac0 \u0aa8 \u0a9c\u0acb\u0a88\u0a8f, \u0aa4\u0ac7\u0a93\u0a8f \u0ab8\u0aae\u0a9c\u0ac0-\u0ab5\u0abf\u0a9a\u0abe\u0ab0\u0ac0\u0aa8\u0ac7 \u0ab5\u0abe\u0aa3\u0ac0 \u0a89\u0a9a\u0acd\u0a9a\u0abe\u0ab0\u0ab5\u0ac0 \u0a9c\u0acb\u0a88\u0a8f. \u0a85\u0aa8\u0ac7 \u0a85\u0aa4\u0abf\u0ab6\u0aaf \u0aae\u0aa6\u0acd\u0aaf\u0aaa\u0abe\u0aa8 \u0a95\u0ab0\u0ab5\u0abe \u0aaa\u0abe\u0a9b\u0ab3 \u0aa4\u0ac7\u0a93\u0a8f \u0aaa\u0acb\u0aa4\u0abe\u0aa8\u0acb \u0ab8\u0aae\u0aaf \u0aac\u0ab0\u0aac\u0abe\u0aa6 \u0aa8 \u0a95\u0ab0\u0ab5\u0acb \u0a9c\u0acb\u0a88\u0a8f. \u0aa4\u0ac7\u0a93 \u0a8f\u0ab5\u0abe \u0aae\u0abe\u0aa3\u0ab8\u0acb \u0ab9\u0acb\u0ab5\u0abe \u0aa8 \u0a9c\u0acb\u0a88\u0a8f \u0a95\u0ac7 \u0a9c\u0ac7 \u0ab9\u0aae\u0ac7\u0ab6\u0abe \u0aac\u0ac0\u0a9c\u0abe \u0ab2\u0acb\u0a95\u0acb\u0aa8\u0ac7 \u0a9b\u0ac7\u0aa4\u0ab0\u0ac0\u0aa8\u0ac7 \u0aaa\u0ac8\u0ab8\u0abe\u0aa6\u0abe\u0ab0 \u0aa5\u0ab5\u0abe\u0aa8\u0acb \u0aaa\u0acd\u0ab0\u0aaf\u0aa4\u0acd\u0aa8 \u0a95\u0ab0\u0aa4\u0abe \u0ab9\u0acb\u0aaf."},{"Verseid":"53002008","Verse":"\u0aa6\u0ac7\u0ab5\u0ac7 \u0a9c\u0ac7 \u0ab8\u0aa4\u0acd\u0aaf\u0aa8\u0ac1\u0a82 \u0a86\u0aaa\u0aa3\u0aa8\u0ac7 \u0aa6\u0ab0\u0acd\u0ab6\u0aa8 \u0a95\u0ab0\u0abe\u0ab5\u0acd\u0aaf\u0ac1\u0a82 \u0a9b\u0ac7, \u0aa4\u0ac7\u0aa8\u0abe \u0aa4\u0ac7\u0a93 \u0ab6\u0abf\u0ab7\u0acd\u0aaf\u0acb \u0ab9\u0acb\u0ab5\u0abe \u0a9c\u0acb\u0a88\u0a8f. \u0a85\u0aa8\u0ac7 \u0aa4\u0ac7\u0aae\u0aa3\u0ac7 \u0ab9\u0aae\u0ac7\u0ab6\u0abe \u0a9c\u0ac7 \u0a95\u0a88 \u0aa8\u0acd\u0aaf\u0abe\u0aaf\u0ac0 \u0ab2\u0abe\u0a97\u0ac7 \u0aa4\u0ac7 \u0a9c \u0a95\u0ab0\u0ab5\u0ac1\u0a82 \u0a9c\u0acb\u0a88\u0a8f."},{"Verseid":"53002009","Verse":"\u0aaa\u0abe\u0a89\u0ab2 \u0aa4\u0abf\u0aae\u0acb\u0aa5\u0ac0\u0aa8\u0ac7 \u0a95\u0ab9\u0ac7 \u0a9b\u0ac7 \u0a8f \u0ab2\u0acb\u0a95\u0acb\u0aa8\u0ac0 \u0aaa\u0ab9\u0ac7\u0ab2\u0ac7\u0aa5\u0ac0 \u0a9c \u0aa4\u0abe\u0ab0\u0ac7 \u0aaa\u0ab0\u0a96 \u0a95\u0ab0\u0ac0 \u0ab2\u0ac7\u0ab5\u0ac0 \u0a9c\u0acb\u0a88\u0a8f. \u0a9c\u0acb \u0a8f\u0aae\u0aa8\u0abe\u0aae\u0abe\u0a82 \u0aa4\u0aa8\u0ac7 \u0a95\u0acb\u0a88 \u0a85\u0aaa\u0ab0\u0abe\u0aa7 \u0aa8 \u0a9c\u0acd\u0aa3\u0abe\u0aaf \u0aa4\u0acb \u0aa4\u0ac7\u0a93 \u0aae\u0a82\u0aa1\u0ab3\u0ac0\u0aa8\u0abe \u0ab8\u0ac7\u0ab5\u0a95\u0acb \u0aa4\u0ab0\u0ac0\u0a95\u0ac7 \u0ab8\u0ac7\u0ab5\u0abe \u0a86\u0aaa\u0ac0 \u0ab6\u0a95\u0ac7."},{"Verseid":"53002010","Verse":"\u0a8f \u0a9c \u0ab0\u0ac0\u0aa4\u0ac7, \u0a9c\u0ac7 \u0ab8\u0acd\u0aa4\u0acd\u0ab0\u0ac0 \u0ab8\u0ac7\u0ab5\u0abe\u0aae\u0abe\u0a82 \u0a9b\u0ac7 \u0aa4\u0ac7 \u0aac\u0ac0\u0a9c\u0abe \u0ab2\u0acb\u0a95\u0acb\u0aa8\u0ac0 \u0aa8\u0a9c\u0ab0\u0ac7 \u0a86\u0aa6\u0ab0\u0aa3\u0ac0\u0aaf \u0ab9\u0acb\u0ab5\u0ac0 \u0a9c\u0acb\u0a88\u0a8f. \u0aa4\u0ac7 \u0ab8\u0acd\u0aa4\u0acd\u0ab0\u0ac0\u0a93 \u0a8f\u0ab5\u0ac0 \u0ab9\u0acb\u0ab5\u0ac0 \u0aa8 \u0a9c\u0acb\u0a88\u0a8f \u0a95\u0ac7 \u0a9c\u0ac7 \u0aac\u0ac0\u0a9c\u0abe \u0ab2\u0acb\u0a95\u0acb \u0ab5\u0abf\u0ab7\u0ac7 \u0a96\u0ab0\u0abe\u0aac \u0aa8\u0abf\u0a82\u0aa6\u0abe \u0a95\u0ab0\u0aa4\u0ac0 \u0ab9\u0acb\u0aaf. \u0aa4\u0ac7\u0a93\u0aa8\u0abe\u0aae\u0abe\u0a82 \u0a86\u0aa4\u0acd\u0aae-\u0ab8\u0a82\u0aaf\u0aae \u0ab9\u0acb\u0ab5\u0acb \u0a9c\u0acb\u0a88\u0a8f \u0a85\u0aa8\u0ac7 \u0aa4\u0ac7\u0a93 \u0a8f\u0ab5\u0ac0 \u0ab9\u0acb\u0ab5\u0ac0 \u0a9c\u0acb\u0a88\u0a8f \u0a95\u0ac7 \u0aa6\u0ab0\u0ac7\u0a95 \u0ab5\u0abe\u0aa4\u0ac7 \u0a8f\u0aae\u0aa8\u0abe\u0aae\u0abe\u0a82 \u0ab5\u0abf\u0ab6\u0acd\u0ab5\u0abe\u0ab8 \u0aae\u0ac2\u0a95\u0ac0 \u0ab6\u0a95\u0abe\u0aaf."},{"Verseid":"53002011","Verse":"\u0ab8\u0ac7\u0ab5\u0a95\u0acb \u0aa4\u0ab0\u0ac0\u0a95\u0ac7 \u0ab8\u0ac7\u0ab5\u0abe \u0a86\u0aaa\u0aa8\u0abe\u0ab0 \u0aaa\u0ac1\u0ab0\u0ac1\u0a82\u0ab7\u0acb\u0aa8\u0ac7 \u0a8f\u0a95\u0a9c \u0aaa\u0aa4\u0acd\u0aa8\u0ac0 \u0ab9\u0acb\u0ab5\u0ac0 \u0a9c\u0acb\u0a88\u0a8f. \u0aa4\u0ac7\u0a93\u0aa8\u0abe\u0a82 \u0aaa\u0acb\u0aa4\u0abe\u0aa8\u0abe\u0a82 \u0aac\u0abe\u0ab3\u0a95\u0acb \u0a85\u0aa8\u0ac7 \u0a95\u0ac1\u0a9f\u0ac1\u0a82\u0aac\u0acb\u0aa8\u0abe \u0aa4\u0ac7\u0a93 \u0ab8\u0abe\u0ab0\u0abe \u0ab5\u0aa1\u0ac0\u0ab2 \u0aa4\u0ab0\u0ac0\u0a95\u0ac7 \u0aa8\u0ac0\u0ab5\u0aa1\u0ac7\u0ab2\u0abe \u0ab9\u0acb\u0ab5\u0abe \u0a9c\u0acb\u0a88\u0a8f."},{"Verseid":"53002012","Verse":"\u0ab8\u0abe\u0ab0\u0ac0 \u0ab0\u0ac0\u0aa4\u0ac7 \u0ab8\u0ac7\u0ab5\u0abe \u0a95\u0ab0\u0aa4\u0abe \u0aae\u0abe\u0aa3\u0ab8\u0acb \u0aaa\u0acb\u0aa4\u0abe\u0aa8\u0abe \u0aae\u0abe\u0a9f\u0ac7 \u0aae\u0abe\u0aa8-\u0ab8\u0aa8\u0acd\u0aae\u0abe\u0aa8\u0aad\u0ab0\u0acd\u0aaf\u0ac1 \u0ab8\u0acd\u0aa5\u0abe\u0aa8 \u0aac\u0aa8\u0abe\u0ab5\u0ac7 \u0a9b\u0ac7. \u0aa4\u0ac7 \u0ab2\u0acb\u0a95\u0acb\u0aa8\u0ac7 \u0a96\u0acd\u0ab0\u0abf\u0ab8\u0acd\u0aa4 \u0a88\u0ab8\u0ac1\u0aae\u0abe\u0a82 \u0aaa\u0acb\u0aa4\u0abe\u0aa8\u0abe \u0ab5\u0abf\u0ab6\u0acd\u0ab5\u0abe\u0ab8 \u0ab5\u0abf\u0ab7\u0ac7 \u0aaa\u0abe\u0a95\u0ac0 \u0a96\u0abe\u0aa4\u0ab0\u0ac0\u0aa8\u0acb \u0a85\u0aa8\u0ac1\u0aad\u0ab5 \u0aa5\u0ab6\u0ac7."},{"Verseid":"53002013","Verse":"\u0aae\u0aa8\u0ac7 \u0a86\u0ab6\u0abe \u0a9b\u0ac7 \u0a95\u0ac7 \u0ab9\u0ac1\u0a82 \u0aa4\u0abe\u0ab0\u0ac0 \u0aaa\u0abe\u0ab8\u0ac7 \u0a9c\u0ab2\u0acd\u0aa6\u0ac0 \u0a86\u0ab5\u0ac0 \u0ab6\u0a95\u0ac0\u0ab6. \u0aaa\u0ab0\u0a82\u0aa4\u0ac1 \u0a86 \u0aac\u0aa7\u0ac0 \u0ab5\u0abe\u0aa4\u0acb \u0ab9\u0ac1\u0a82 \u0aa4\u0aa8\u0ac7 \u0a85\u0aa4\u0acd\u0aaf\u0abe\u0ab0\u0ac7 \u0ab2\u0a96\u0ac0 \u0a9c\u0aa3\u0abe\u0ab5\u0ac1\u0a82 \u0a9b\u0ac1\u0a82."},{"Verseid":"53002014","Verse":"\u0aaa\u0a9b\u0ac0, \u0a9c\u0acb \u0a95\u0aa6\u0abe\u0a9a \u0ab9\u0ac1 \u0a9c\u0ab2\u0acd\u0aa6\u0ac0 \u0a86\u0ab5\u0ac0 \u0aa8 \u0ab6\u0a95\u0ac1, \u0aa4\u0acb \u0aa6\u0ac7\u0ab5\u0aa8\u0abe \u0a95\u0ac1\u0a9f\u0ac1\u0a82\u0aac\u0aa8\u0abe \u0ab8\u0aad\u0acd\u0aaf\u0acb\u0a8f \u0a9c\u0ac7 \u0aab\u0ab0\u0a9c\u0acb \u0aac\u0a9c\u0abe\u0ab5\u0ab5\u0ac0 \u0a9c\u0acb\u0a88\u0a8f \u0aa4\u0ac7 \u0aa4\u0ac1\u0a82 \u0a9c\u0abe\u0aa3\u0ac0 \u0ab2\u0ac7 \u0aa4\u0ac7 \u0a95\u0ac1\u0a9f\u0ac1\u0a82\u0aac \u0aa4\u0acb \u0a9c\u0ac0\u0ab5\u0aa4\u0abe \u0aa6\u0ac7\u0ab5\u0aa8\u0ac0 \u0aae\u0a82\u0aa1\u0ab3\u0ac0 \u0a9b\u0ac7. \u0a85\u0aa8\u0ac7 \u0aa6\u0ac7\u0ab5\u0aa8\u0ac0 \u0aae\u0a82\u0aa1\u0ab3\u0ac0 \u0aa4\u0acb \u0ab8\u0aa4\u0acd\u0aaf\u0aa8\u0acb \u0a86\u0aa7\u0abe\u0ab0 \u0a85\u0aa8\u0ac7 \u0aae\u0ac2\u0ab3\u0aad\u0ac2\u0aa4 \u0ab8\u0acd\u0aa4\u0a82\u0aad \u0a85\u0aa8\u0ac7 \u0aaa\u0abe\u0aaf\u0acb \u0a9b\u0ac7."},{"Verseid":"53002015","Verse":"\u0aac\u0ac7\u0ab6\u0a95, \u0ab8\u0acd\u0aa4\u0ac1\u0aa4\u0abf\u0aa8\u0ac1\u0a82 \u0a86\u0aaa\u0aa3\u0abe \u0a9c\u0ac0\u0ab5\u0aa8\u0aa8\u0ac1\u0a82 \u0ab0\u0ab9\u0ab8\u0acd\u0aaf \u0aae\u0ab9\u0abe\u0aa8 \u0a9b\u0ac7.\u0aa4\u0ac7 (\u0a96\u0acd\u0ab0\u0abf\u0ab8\u0acd\u0aa4) \u0aae\u0abe\u0aa8\u0ab5 \u0ab6\u0ab0\u0ac0\u0ab0\u0aae\u0abe\u0a82 \u0a86\u0aaa\u0aa3\u0ac0 \u0a86\u0a97\u0ab3 \u0aaa\u0acd\u0ab0\u0a97\u0a9f \u0aa5\u0aaf\u0acb; \u0aa4\u0ac7 \u0aa8\u0acd\u0aaf\u0abe\u0aaf\u0ac0 \u0ab9\u0aa4\u0acb \u0a8f\u0aae \u0aaa\u0ab5\u0abf\u0aa4\u0acd\u0ab0 \u0a86\u0aa4\u0acd\u0aae\u0abe\u0a8f \u0aa0\u0ac7\u0ab0\u0ab5\u0acd\u0aaf\u0ac1\u0a82; \u0aa6\u0ac2\u0aa4\u0acb\u0a8f \u0aa4\u0ac7\u0aa8\u0ac7 \u0aa6\u0ac0\u0aa0\u0acb; \u0aac\u0abf\u0aa8\u0aaf\u0ab9\u0ac2\u0aa6\u0ac0 \u0ab0\u0abe\u0ab7\u0acd\u0a9f\u0acd\u0ab0\u0acb\u0aae\u0abe\u0a82 \u0aa4\u0ac7\u0aa8\u0abe \u0ab5\u0abf\u0ab7\u0ac7\u0aa8\u0ac0 \u0ab8\u0ac1\u0ab5\u0abe\u0ab0\u0acd\u0aa4\u0abe\u0aa8\u0acb \u0a89\u0aaa\u0aa6\u0ac7\u0ab6 \u0aa5\u0aaf\u0acb; \u0a86\u0a96\u0ac0 \u0aa6\u0ac1\u0aa8\u0abf\u0aaf\u0abe\u0aa8\u0abe \u0ab2\u0acb\u0a95\u0acb \u0aa4\u0ac7\u0aa8\u0abe \u0aaa\u0ab0 \u0ab5\u0abf\u0ab6\u0acd\u0ab5\u0abe\u0ab8 \u0a95\u0ab0\u0ab5\u0abe \u0ab2\u0abe\u0a97\u0acd\u0aaf\u0abe. \u0aa4\u0ac7\u0aa8\u0ac7 \u0aae\u0ab9\u0abf\u0aae\u0abe\u0aae\u0abe\u0a82 \u0a86\u0a95\u0abe\u0ab6\u0aae\u0abe\u0a82 \u0a89\u0aaa\u0ab0 \u0ab2\u0ac7\u0ab5\u0abe\u0aae\u0abe\u0a82 \u0a86\u0ab5\u0acd\u0aaf\u0acb."}]},{"Verse":[{"Verseid":"53003000","Verse":"\u0aaa\u0ab5\u0abf\u0aa4\u0acd\u0ab0 \u0a86\u0aa4\u0acd\u0aae\u0abe \u0ab8\u0acd\u0aaa\u0ab7\u0acd\u0a9f \u0ab0\u0ac0\u0aa4\u0ac7 \u0a95\u0ab9\u0ac7 \u0a9b\u0ac7 \u0a95\u0ac7 \u0aaa\u0abe\u0a9b\u0ab2\u0abe \u0ab8\u0aae\u0aaf\u0aae\u0abe\u0a82 \u0a95\u0ac7\u0a9f\u0ab2\u0abe\u0a8f\u0a95 \u0ab2\u0acb\u0a95\u0acb \u0ab8\u0abe\u0a9a\u0abe \u0ab5\u0abf\u0ab6\u0acd\u0ab5\u0abe\u0ab8\u0aae\u0abe\u0a82\u0aa5\u0ac0 \u0aa6\u0ac2\u0ab0 \u0a9c\u0ab6\u0ac7. \u0aa4\u0ac7 \u0ab2\u0acb\u0a95\u0acb \u0a96\u0acb\u0a9f\u0ac1\u0a82 \u0aac\u0acb\u0ab2\u0aa8\u0abe\u0ab0\u0abe \u0a86\u0aa4\u0acd\u0aae\u0abe\u0a93\u0aa8\u0ac0 \u0a86\u0a9c\u0acd\u0a9e\u0abe\u0aa8\u0ac1\u0a82 \u0aaa\u0abe\u0ab2\u0aa8 \u0a95\u0ab0\u0ab6\u0ac7. \u0ab5\u0ab3\u0ac0 \u0aa4\u0ac7 \u0ab2\u0acb\u0a95\u0acb \u0aad\u0ac2\u0aa4\u0acb\u0aa8\u0abe \u0a89\u0aaa\u0aa6\u0ac7\u0ab6\u0aa8\u0ac7 \u0a85\u0aa8\u0ac1\u0ab8\u0ab0\u0ab6\u0ac7."},{"Verseid":"53003001","Verse":"\u0a9c\u0ac7 \u0ab2\u0acb\u0a95\u0acb \u0a9c\u0ac2\u0aa0\u0ac1\u0a82 \u0aac\u0acb\u0ab2\u0ac0\u0aa8\u0ac7 \u0ab2\u0acb\u0a95\u0acb\u0aa8\u0ac7 \u0a9b\u0ac7\u0aa4\u0ab0\u0aa4\u0abe \u0ab9\u0acb\u0aaf \u0aa4\u0ac7\u0a93\u0aa8\u0abe \u0aa6\u0acd\u0ab5\u0abe\u0ab0\u0abe \u0a96\u0acb\u0a9f\u0acb \u0a89\u0aaa\u0aa6\u0ac7\u0ab6 \u0aaa\u0acd\u0ab0\u0a9a\u0abe\u0ab0 \u0aaa\u0abe\u0aae\u0ac7 \u0a9b\u0ac7. \u0aa4\u0ac7 \u0ab2\u0acb\u0a95\u0acb \u0ab8\u0abe\u0ab0\u0abe \u0aa8\u0ab0\u0ab8\u0abe\u0aa8\u0acb \u0aad\u0ac7\u0aa6\u0aad\u0abe\u0ab5 \u0aaa\u0abe\u0ab0\u0a96\u0ac0 \u0ab6\u0a95\u0aa4\u0abe \u0aa8\u0aa5\u0ac0. \u0a97\u0ab0\u0aae \u0ab2\u0acb\u0a96\u0a82\u0aa1 \u0ab5\u0aa1\u0ac7 \u0a8f\u0aae\u0aa8\u0ac0 \u0ab8\u0aae\u0a9c \u0ab6\u0a95\u0acd\u0aa4\u0abf\u0aa8\u0ac7 \u0aa1\u0abe\u0aae \u0aa6\u0a88\u0aa8\u0ac7 \u0aac\u0abe\u0ab3\u0ac0 \u0aa8\u0abe\u0a96\u0ac0 \u0ab9\u0acb\u0aaf \u0a8f\u0ab5\u0ac0 \u0a86 \u0ab5\u0abe\u0aa4 \u0a9b\u0ac7."},{"Verseid":"53003002","Verse":"\u0a8f\u0ab5\u0abe \u0aae\u0abe\u0aa3\u0ab8\u0acb \u0ab2\u0acb\u0a95\u0acb\u0aa8\u0ac7 \u0a95\u0ab9\u0ac7\u0aa4\u0abe \u0aab\u0ab0\u0ac7 \u0a9b\u0ac7 \u0a95\u0ac7 \u0aa4\u0ac7\u0a93 \u0ab2\u0a97\u0acd\u0ab0 \u0a95\u0ab0\u0ac0 \u0ab6\u0a95\u0ac7 \u0aa8\u0ab9\u0abf. \u0a85\u0aa8\u0ac7 \u0aa4\u0ac7\u0a93 \u0ab2\u0acb\u0a95\u0acb\u0aa8\u0ac7 \u0a95\u0ab9\u0ac7 \u0a9b\u0ac7 \u0a95\u0ac7 \u0a85\u0aae\u0ac1\u0a95 \u0a85\u0aae\u0ac1\u0a95 \u0a9c\u0abe\u0aa4\u0aa8\u0acb \u0a96\u0acb\u0ab0\u0abe\u0a95 \u0a96\u0abe\u0ab5\u0acb \u0aa8 \u0a9c\u0acb\u0a88\u0a8f. \u0aaa\u0ab0\u0a82\u0aa4\u0ac1 \u0aa4\u0ac7 \u0a96\u0acb\u0ab0\u0abe\u0a95 \u0aaa\u0aa3 \u0aa6\u0ac7\u0ab5\u0ac7 \u0a9c \u0aac\u0aa8\u0abe\u0ab5\u0acd\u0aaf\u0acb \u0a9b\u0ac7. \u0a85\u0aa8\u0ac7 \u0aa6\u0ac7\u0ab5\u0aa8\u0ac7 \u0aae\u0abe\u0aa8\u0aa8\u0abe\u0ab0\u0abe \u0aa4\u0aa5\u0abe \u0ab8\u0aa4\u0acd\u0aaf\u0aa8\u0ac7 \u0a9c\u0abe\u0aa3\u0aa8\u0abe\u0ab0\u0abe \u0ab2\u0acb\u0a95\u0acb \u0a86\u0aad\u0abe\u0ab0\u0ab8\u0acd\u0aa4\u0ac1\u0aa4\u0abf \u0a95\u0ab0\u0ac0\u0aa8\u0ac7 \u0a8f \u0a96\u0acb\u0ab0\u0abe\u0a95 \u0a96\u0abe\u0a88 \u0ab6\u0a95\u0ac7 \u0a9b\u0ac7."},{"Verseid":"53003003","Verse":"\u0aa6\u0ac7\u0ab5\u0ac7 \u0ab8\u0ab0\u0acd\u0a9c\u0ab2\u0ac0 \u0aa6\u0ab0\u0ac7\u0a95 \u0ab5\u0ab8\u0acd\u0aa4\u0ac1 \u0ab8\u0abe\u0ab0\u0ac0 \u0a9b\u0ac7. \u0aa6\u0ac7\u0ab5\u0aa8\u0ac0 \u0a86\u0aad\u0abe\u0ab0\u0ab8\u0acd\u0aa4\u0ac1\u0aa4\u0abf \u0a95\u0ab0\u0ac0\u0aa8\u0ac7 \u0ab8\u0acd\u0ab5\u0ac0\u0a95\u0abe\u0ab0\u0ac7\u0ab2\u0ac0 \u0a95\u0acb\u0a88 \u0aaa\u0aa3 \u0ab5\u0ab8\u0acd\u0aa4\u0ac1\u0aa8\u0acb \u0a88\u0aa8\u0acd\u0a95\u0abe\u0ab0 \u0a95\u0ac7 \u0a85\u0aa8\u0abe\u0aa6\u0ab0 \u0a95\u0ab0\u0ab5\u0acb \u0aa8 \u0a9c\u0acb\u0a88\u0a8f."},{"Verseid":"53003004","Verse":"\u0aa6\u0ac7\u0ab5\u0ac7 \u0a9c\u0ac7 \u0a95\u0ab9\u0acd\u0aaf\u0ac1 \u0ab9\u0acb\u0aaf \u0aa4\u0ac7 \u0a95\u0abe\u0ab0\u0aa3\u0ac7 \u0aaa\u0acd\u0ab0\u0abe\u0ab0\u0acd\u0aa5\u0aa8\u0abe \u0ab5\u0aa1\u0ac7 \u0aa6\u0ac7\u0ab5\u0ac7 \u0aac\u0aa8\u0abe\u0ab5\u0ac7\u0ab2\u0ac0 \u0aa6\u0ab0\u0ac7\u0a95 \u0ab5\u0ab8\u0acd\u0aa4\u0ac1 \u0aaa\u0ab5\u0abf\u0aa4\u0acd\u0ab0 \u0aac\u0aa8\u0abe\u0ab5\u0abe\u0aaf \u0a9b\u0ac7."},{"Verseid":"53003005","Verse":"\u0a86 \u0aac\u0aa7\u0ac0 \u0ab5\u0abe\u0aa4\u0acb \u0aa4\u0ac1\u0a82 \u0aa4\u0abe\u0ab0\u0abe \u0aad\u0abe\u0a88\u0a93 \u0aa4\u0aa5\u0abe \u0aac\u0ab9\u0ac7\u0aa8\u0acb\u0aa8\u0ac7 \u0a95\u0ab9\u0ac7\u0a9c\u0ac7. \u0a9c\u0acb \u0aa4\u0ac1\u0a82 \u0a86 \u0a95\u0ab0\u0ac0\u0ab6 \u0aa4\u0acb \u0ab8\u0abe\u0aac\u0abf\u0aa4 \u0aa5\u0ab6\u0ac7 \u0a95\u0ac7 \u0a96\u0acd\u0ab0\u0abf\u0ab8\u0acd\u0aa4 \u0a88\u0ab8\u0ac1\u0aa8\u0acb \u0aa4\u0ac1\u0a82 \u0a8f\u0a95 \u0ab8\u0abe\u0ab0\u0acb \u0ab8\u0ac7\u0ab5\u0a95 \u0a9b\u0ac7. \u0ab5\u0abf\u0ab6\u0acd\u0ab5\u0abe\u0ab8\u0aa5\u0ac0 \u0ab6\u0aac\u0acd\u0aa6\u0acb \u0aa6\u0acd\u0ab5\u0abe\u0ab0\u0abe \u0aa4\u0aa5\u0abe \u0ab8\u0abe\u0ab0\u0abe \u0a89\u0aaa\u0aa6\u0ac7\u0ab6\u0aa8\u0abe \u0aa4\u0abe\u0ab0\u0abe \u0a85\u0aa8\u0ac1\u0ab8\u0ab0\u0aa3\u0aa8\u0ac7 \u0ab2\u0ac0\u0aa7\u0ac7 \u0aa4\u0ac1\u0a82 \u0aae\u0a95\u0acd\u0a95\u0aae \u0a85\u0aa8\u0ac7 \u0aa6\u0ac3\u0aa2 \u0aac\u0aa8\u0acd\u0aaf\u0acb \u0a9b\u0ac7 \u0aa4\u0ac7 \u0aa4\u0ac1\u0a82 \u0aac\u0aa4\u0abe\u0ab5\u0ac0 \u0ab6\u0a95\u0ac0\u0ab6."},{"Verseid":"53003006","Verse":"\u0aa6\u0ac7\u0ab5\u0aa8\u0abe \u0ab8\u0aa4\u0acd\u0aaf\u0aa8\u0ac0 \u0ab8\u0abe\u0aa5\u0ac7 \u0ab8\u0ac1\u0ab8\u0a82\u0a97\u0aa4 \u0aa8 \u0ab9\u0acb\u0aaf \u0a8f\u0ab5\u0ac0 \u0aae\u0ac2\u0ab0\u0acd\u0a96\u0abe\u0a88\u0aad\u0ab0\u0ac0 \u0ab5\u0abe\u0aa4\u0acb \u0ab2\u0acb\u0a95\u0acb\u0aa8\u0ac7 \u0a95\u0ab9\u0ac7\u0aa4\u0abe \u0aab\u0ab0\u0ac7 \u0a9b\u0ac7. \u0a8f\u0ab5\u0ac0 \u0ab5\u0abe\u0aa4\u0acb\u0aa8\u0ac1\u0a82 \u0ab6\u0abf\u0a95\u0acd\u0ab7\u0aa3 \u0aa4\u0ac1\u0a82 \u0a97\u0acd\u0ab0\u0ab9\u0aa3 \u0a95\u0ab0\u0aa4\u0acb \u0aa8\u0ab9\u0abf. \u0aaa\u0ab0\u0a82\u0aa4\u0ac1 \u0aa6\u0ac7\u0ab5\u0aa8\u0ac0 \u0ab8\u0abe\u0a9a\u0ac0 \u0ab0\u0ac0\u0aa4\u0ac7 \u0ab8\u0ac7\u0ab5\u0abe \u0a95\u0ab0\u0ab5\u0abe \u0aa4\u0abe\u0ab0\u0ac0 \u0a9c\u0abe\u0aa4\u0aa8\u0ac7 \u0aa4\u0abe\u0ab2\u0ac0\u0aae \u0a86\u0aaa."},{"Verseid":"53003007","Verse":"\u0ab6\u0ab0\u0ac0\u0ab0\u0aa8\u0ac7 \u0aa4\u0abe\u0ab2\u0ac0\u0aae \u0a86\u0aaa\u0ab5\u0abe\u0aa8\u0abe \u0a95\u0ac7\u0a9f\u0ab2\u0abe\u0a8f\u0a95 \u0aab\u0abe\u0aaf\u0aa6\u0abe \u0a9b\u0ac7. \u0aaa\u0ab0\u0a82\u0aa4\u0ac1 \u0aa6\u0ac7\u0ab5\u0aa8\u0ac0 \u0ab8\u0ac7\u0ab5\u0abe\u0aa5\u0ac0 \u0aa4\u0acb \u0aa6\u0ab0\u0ac7\u0a95 \u0ab5\u0abe\u0aa4\u0ac7 \u0aab\u0abe\u0aaf\u0aa6\u0acb \u0a9c \u0a9b\u0ac7. \u0aa6\u0ac7\u0ab5\u0aa8\u0ac0 \u0ab8\u0ac7\u0ab5\u0abe\u0aa5\u0ac0 \u0a86 \u0a9c\u0ac0\u0ab5\u0aa8\u0aae\u0abe\u0a82 \u0aa4\u0ac7\u0aae\u0a9c \u0aad\u0ab5\u0abf\u0ab7\u0acd\u0aaf\u0aa8\u0abe \u0a9c\u0ac0\u0ab5\u0aa8\u0aae\u0abe\u0a82 \u0aaa\u0aa3 \u0a8f\u0aa8\u0abe \u0a86\u0ab6\u0ac0\u0ab0\u0acd\u0ab5\u0abe\u0aa6 \u0aaa\u0acd\u0ab0\u0abe\u0aaa\u0acd\u0aa4 \u0aa5\u0abe\u0aaf \u0a9b\u0ac7."},{"Verseid":"53003008","Verse":"\u0ab9\u0ac1 \u0a9c\u0ac7 \u0a95\u0ab9\u0ac1\u0a82 \u0a9b\u0ac1\u0a82 \u0aa4\u0ac7 \u0ab8\u0abe\u0a9a\u0ac1\u0a82 \u0a9b\u0ac7. \u0a85\u0aa8\u0ac7 \u0aa4\u0abe\u0ab0\u0ac7 \u0ab8\u0a82\u0aaa\u0ac2\u0ab0\u0acd\u0aa3 \u0ab0\u0ac0\u0aa4\u0ac7 \u0a8f\u0aa8\u0acb \u0ab8\u0acd\u0ab5\u0ac0\u0a95\u0abe\u0ab0 \u0a95\u0ab0\u0ab5\u0acb \u0a9c\u0acb\u0a88\u0a8f."},{"Verseid":"53003009","Verse":"\u0a8f \u0a95\u0abe\u0ab0\u0aa3\u0ac7 \u0a9c \u0a86\u0aaa\u0aa3\u0ac7 \u0ab8\u0a96\u0aa4 \u0aae\u0ab9\u0ac7\u0aa8\u0aa4 \u0aa4\u0aa5\u0abe \u0aaa\u0ab0\u0abf\u0ab6\u0acd\u0ab0\u0aae \u0a95\u0ab0\u0ac0 \u0ab0\u0ab9\u0acd\u0aaf\u0abe \u0a9b\u0ac0\u0a8f. \u0a86\u0aaa\u0aa3\u0ac7 \u0a9c\u0ac0\u0ab5\u0aa4\u0abe \u0aa6\u0ac7\u0ab5\u0aae\u0abe\u0a82 \u0a86\u0ab6\u0abe \u0ab0\u0abe\u0a96\u0ac0\u0a8f \u0a9b\u0ac0\u0a8f. \u0ab8\u0ab0\u0acd\u0ab5 \u0ab2\u0acb\u0a95\u0acb\u0aa8\u0acb \u0aa4\u0ac7 \u0aa4\u0abe\u0ab0\u0aa8\u0abe\u0ab0 \u0a9b\u0ac7. \u0ab5\u0abf\u0ab6\u0ac7\u0ab7 \u0a95\u0ab0\u0ac0\u0aa8\u0ac7 \u0a9c\u0ac7\u0a93 \u0aa4\u0ac7\u0aa8\u0abe\u0aae\u0abe\u0a82 \u0ab5\u0abf\u0ab6\u0acd\u0ab5\u0abe\u0ab8 \u0a95\u0ab0\u0ac7 \u0a9b\u0ac7 \u0aa4\u0ac7 \u0ab8\u0ab0\u0acd\u0ab5 \u0ab2\u0acb\u0a95\u0acb\u0aa8\u0abe\u0a82 \u0aa4\u0abe\u0ab0\u0aa8\u0abe\u0ab0 \u0a9b\u0ac7."},{"Verseid":"53003010","Verse":"\u0a86 \u0aac\u0aa7\u0ac0 \u0aac\u0abe\u0aac\u0aa4\u0acb\u0aa8\u0ac0 \u0aa4\u0ac1\u0a82 \u0a86\u0a9c\u0acd\u0a9e\u0abe \u0a86\u0aaa\u0a9c\u0ac7 \u0aa4\u0aa5\u0abe \u0ab6\u0ac0\u0a96\u0ab5\u0a9c\u0ac7."},{"Verseid":"53003011","Verse":"\u0aa4\u0aa8\u0ac7 \u0a9c\u0ac1\u0ab5\u0abe\u0aa8 \u0a9c\u0abe\u0aa3\u0ac0\u0aa8\u0ac7 \u0aa4\u0abe\u0ab0\u0ac1\u0a82 \u0a95\u0a88 \u0aae\u0ab9\u0aa4\u0acd\u0ab5 \u0aa8 \u0ab9\u0acb\u0aaf \u0a8f \u0ab0\u0ac0\u0aa4\u0ac7 \u0a95\u0acb\u0a88 \u0aaa\u0aa3 \u0ab5\u0acd\u0aaf\u0a95\u0acd\u0aa4\u0abf\u0aa8\u0ac7 \u0aa4\u0abe\u0ab0\u0ac0 \u0ab8\u0abe\u0aa5\u0ac7 \u0ab5\u0ab0\u0acd\u0aa4\u0ab5\u0abe \u0aa8 \u0aa6\u0a88\u0ab6. \u0ab5\u0abf\u0ab6\u0acd\u0ab5\u0abe\u0ab8\u0ac0\u0a93\u0a8f \u0a95\u0ac7\u0ab5\u0ac0 \u0ab0\u0ac0\u0aa4\u0ac7 \u0a9c\u0ac0\u0ab5\u0ab5\u0ac1\u0a82 \u0a9c\u0acb\u0a88\u0a8f \u0aa4\u0ac7 \u0aac\u0aa4\u0abe\u0ab5\u0ab5\u0abe \u0aa4\u0abe\u0ab0\u0ac0 \u0ab5\u0abe\u0aa3\u0ac0 \u0ab5\u0aa1\u0ac7, \u0aa4\u0abe\u0ab0\u0abe \u0ab5\u0abf\u0ab6\u0acd\u0ab5\u0abe\u0ab8 \u0ab5\u0aa1\u0ac7, \u0a85\u0aa8\u0ac7 \u0aa4\u0abe\u0ab0\u0abe \u0ab8\u0acd\u0ab5\u0a9a\u0acd\u0a9b \u0a9c\u0ac0\u0ab5\u0aa8 \u0ab5\u0aa1\u0ac7 \u0a9c\u0ac0\u0ab5\u0ab5\u0abe\u0aa8\u0ac7 \u0ab2\u0ac0\u0aa7\u0ac7 \u0aa4\u0ac1\u0a82 \u0ab2\u0acb\u0a95\u0acb\u0aa8\u0ac7 \u0aa8\u0aae\u0ac2\u0aa8\u0abe\u0ab0\u0ac1\u0a82\u0aaa \u0aa5\u0a9c\u0ac7."},{"Verseid":"53003012","Verse":"\u0ab2\u0acb\u0a95\u0acb\u0aa8\u0ac0 \u0a86\u0a97\u0ab3 \u0aaa\u0ab5\u0abf\u0aa4\u0acd\u0ab0\u0ab6\u0abe\u0ab8\u0acd\u0aa4\u0acd\u0ab0 \u0ab5\u0abe\u0a9a\u0ab5\u0abe\u0aa8\u0ac1\u0a82 \u0aa4\u0ac1\u0a82 \u0a9a\u0abe\u0ab2\u0ac1 \u0ab0\u0abe\u0a96, \u0aa4\u0ac7\u0a93\u0aa8\u0ac7 \u0ab5\u0abf\u0ab6\u0acd\u0ab5\u0abe\u0ab8\u0aae\u0abe\u0a82 \u0aa6\u0ac3\u0aa2 \u0a95\u0ab0, \u0a85\u0aa8\u0ac7 \u0aa4\u0ac7\u0a93\u0aa8\u0ac7 \u0a89\u0aaa\u0aa6\u0ac7\u0ab6 \u0a86\u0aaa. \u0ab9\u0ac1 \u0aa4\u0acd\u0aaf\u0abe\u0a82 \u0a86\u0ab5\u0ac0 \u0aaa\u0ab9\u0acb\u0a82\u0a9a\u0ac1\u0a82 \u0aa4\u0acd\u0aaf\u0abe \u0ab8\u0ac1\u0aa7\u0ac0 \u0aa4\u0ac1\u0a82 \u0a8f \u0a95\u0abe\u0ab0\u0acd\u0aaf\u0acb \u0a95\u0ab0\u0aa4\u0acb \u0ab0\u0ab9\u0ac7\u0a9c\u0ac7."},{"Verseid":"53003013","Verse":"\u0aa4\u0abe\u0ab0\u0ac0 \u0aaa\u0abe\u0ab8\u0ac7 \u0a9c\u0ac7 \u0a95\u0ac3\u0aaa\u0abe\u0aa6\u0abe\u0aa8 \u0a9b\u0ac7 \u0aa4\u0ac7\u0aa8\u0acb \u0a89\u0aaa\u0aaf\u0acb\u0a97 \u0a95\u0ab0\u0aa4\u0abe \u0ab0\u0ab9\u0ac7\u0ab5\u0abe\u0aa8\u0ac1\u0a82 \u0aaf\u0abe\u0aa6 \u0ab0\u0abe\u0a96\u0a9c\u0ac7. \u0a9c\u0acd\u0aaf\u0abe\u0ab0\u0ac7 \u0ab5\u0aa1\u0ac0\u0ab2\u0acb\u0a8f \u0aa4\u0abe\u0ab0\u0abe \u0aaa\u0ab0 \u0aa4\u0ac7\u0a93\u0aa8\u0abe \u0ab9\u0abe\u0aa5 \u0aae\u0ac2\u0a95\u0acd\u0aaf\u0abe\u0aa4\u0ac7 \u0ab5\u0a96\u0aa4\u0ac7 \u0aa5\u0aaf\u0ac7\u0ab2 \u0aaa\u0acd\u0ab0\u0aac\u0acb\u0aa7 \u0aa6\u0acd\u0ab5\u0abe\u0ab0\u0abe \u0a8f \u0a95\u0ac3\u0aaa\u0abe\u0aa6\u0abe\u0aa8 \u0aa4\u0aa8\u0ac7 \u0a86\u0aaa\u0ab5\u0abe\u0aae\u0abe\u0a82 \u0a86\u0ab5\u0acd\u0aaf\u0ac1 \u0ab9\u0aa4\u0ac1."},{"Verseid":"53003014","Verse":"\u0a8f \u0aac\u0aa7\u0ac0 \u0aaa\u0acd\u0ab0\u0ab5\u0ac3\u0aa4\u0acd\u0aa4\u0abf\u0a93 \u0aa4\u0ac1\u0a82 \u0a9a\u0abe\u0ab2\u0ac1 \u0ab0\u0abe\u0a96\u0a9c\u0ac7. \u0aa4\u0ac7 \u0aaa\u0acd\u0ab0\u0ab5\u0ac3\u0aa4\u0acd\u0aa4\u0abf\u0a93 \u0a95\u0ab0\u0ab5\u0abe \u0aa4\u0ac1\u0a82 \u0aa4\u0abe\u0ab0\u0ac1\u0a82 \u0a9c\u0ac0\u0ab5\u0aa8 \u0a86\u0aaa\u0ac0 \u0aa6\u0ac7. \u0aaa\u0a9b\u0ac0 \u0aac\u0aa7\u0abe \u0ab2\u0acb\u0a95\u0acb \u0a9c\u0acb\u0a88 \u0ab6\u0a95\u0ab6\u0ac7 \u0a95\u0ac7 \u0aa4\u0abe\u0ab0\u0ac1\u0a82 \u0a95\u0abe\u0ab0\u0acd\u0aaf \u0aaa\u0acd\u0ab0\u0a97\u0aa4\u0abf \u0ab8\u0abe\u0aa7\u0ac0 \u0ab0\u0ab9\u0acd\u0aaf\u0ac1\u0a82 \u0a9b\u0ac7."},{"Verseid":"53003015","Verse":"\u0aa4\u0abe\u0ab0\u0abe \u0a9c\u0ac0\u0ab5\u0aa8\u0aae\u0abe\u0a82 \u0a85\u0aa8\u0ac7 \u0aa4\u0abe\u0ab0\u0abe \u0a89\u0aaa\u0aa6\u0ac7\u0ab6\u0aae\u0abe\u0a82 \u0ab8\u0abe\u0ab5\u0aa7 \u0ab0\u0ab9\u0ac7\u0a9c\u0ac7. \u0aaf\u0acb\u0a97\u0acd\u0aaf \u0ab0\u0ac0\u0aa4\u0ac7 \u0a9c\u0ac0\u0ab5\u0aa4\u0acb \u0ab0\u0ab9\u0ac7\u0a9c\u0ac7 \u0a85\u0aa8\u0ac7 \u0a89\u0aaa\u0aa6\u0ac7\u0ab6 \u0a86\u0aaa\u0aa4\u0acb \u0ab0\u0ab9\u0ac7\u0a9c\u0ac7. \u0a86\u0aae, \u0aa4\u0abe\u0ab0\u0acb \u0a89\u0aaa\u0aa6\u0ac7\u0ab6 \u0ab8\u0abe\u0a82\u0aad\u0ab3\u0aa8\u0abe\u0ab0\u0abe \u0ab2\u0acb\u0a95\u0acb\u0aa8\u0ac7 \u0aa4\u0aa5\u0abe \u0aa4\u0abe\u0ab0\u0ac0 \u0a9c\u0abe\u0aa4\u0aa8\u0ac7 \u0aa4\u0ac2\u0a82 \u0aa4\u0abe\u0ab0\u0ac0\u0ab6."}]},{"Verse":[{"Verseid":"53004000","Verse":"\u0ab5\u0ac3\u0aa6\u0acd\u0aa7\u0aa8\u0ac7 \u0aa0\u0aaa\u0a95\u0acb \u0aa8\u0abe \u0a86\u0aaa, \u0aaa\u0ab0\u0a82\u0aa4\u0ac1 \u0a8f \u0aa4\u0abe\u0ab0\u0acb \u0aaa\u0abf\u0aa4\u0abe \u0ab9\u0acb\u0aaf \u0a8f \u0ab0\u0ac0\u0aa4\u0ac7 \u0aa4\u0ac7\u0aa8\u0ac0 \u0ab8\u0abe\u0aa5\u0ac7 \u0ab5\u0abe\u0aa4 \u0a95\u0ab0\u0a9c\u0ac7. \u0a9c\u0ac1\u0ab5\u0abe\u0aa8\u0acb \u0aa4\u0abe\u0ab0\u0abe \u0aad\u0abe\u0a88\u0a93 \u0ab9\u0acb\u0aaf \u0a8f \u0ab0\u0ac0\u0aa4\u0ac7 \u0ab5\u0ab0\u0acd\u0aa4\u0a9c\u0ac7."},{"Verseid":"53004001","Verse":"\u0ab5\u0ac3\u0aa6\u0acd\u0aa7 \u0ab8\u0acd\u0aa4\u0acd\u0ab0\u0ac0\u0a93\u0aa8\u0ac7 \u0aae\u0abe \u0ab8\u0aae\u0abe\u0aa8 \u0a97\u0aa3\u0a9c\u0ac7 \u0a85\u0aa8\u0ac7 \u0a9c\u0ac1\u0ab5\u0abe\u0aa8 \u0ab8\u0acd\u0aa4\u0acd\u0ab0\u0ac0\u0a93\u0aa8\u0ac7 \u0aac\u0ab9\u0ac7\u0aa8\u0acb \u0a9c\u0ac7\u0ab5\u0ac0 \u0a97\u0aa3\u0a9c\u0ac7. \u0aa4\u0ac7\u0a93\u0aa8\u0ac0 \u0ab8\u0abe\u0aa5\u0ac7 \u0ab9\u0a82\u0aae\u0ac7\u0ab6\u0abe \u0ab8\u0abe\u0ab0\u0ac1\u0a82 \u0ab5\u0ab0\u0acd\u0aa4\u0aa8 \u0a95\u0ab0\u0a9c\u0ac7."},{"Verseid":"53004002","Verse":"\u0a9c\u0ac7 \u0ab5\u0abf\u0aa7\u0ab5\u0abe \u0a96\u0ab0\u0ac7\u0a96\u0ab0 \u0aa8\u0abf\u0ab0\u0abe\u0aa7\u0abe\u0ab0 \u0ab9\u0acb\u0aaf \u0aa4\u0ac7\u0a93\u0aa8\u0ac1\u0a82 \u0aae\u0abe\u0aa8-\u0ab8\u0aa8\u0acd\u0aae\u0abe\u0aa8 \u0a9c\u0abe\u0ab3\u0ab5\u0a9c\u0ac7 \u0a85\u0aa8\u0ac7 \u0aa4\u0ac7\u0a93\u0aa8\u0ac0 \u0ab8\u0a82\u0aad\u0abe\u0ab3 \u0ab2\u0ac7\u0a9c\u0ac7."},{"Verseid":"53004003","Verse":"\u0aaa\u0ab0\u0a82\u0aa4\u0ac1 \u0a9c\u0acb \u0a95\u0acb\u0a88 \u0ab5\u0abf\u0aa7\u0ab5\u0abe\u0aa8\u0ac7 \u0aac\u0abe\u0ab3\u0a95\u0acb \u0ab9\u0acb\u0aaf \u0a85\u0aa5\u0ab5\u0abe \u0aaa\u0acc\u0aa4\u0acd\u0ab0-\u0aaa\u0acc\u0aa4\u0acd\u0ab0\u0ac0\u0a93 \u0ab9\u0acb\u0aaf \u0aa4\u0acb \u0aaa\u0acd\u0ab0\u0aa5\u0aae \u0aa4\u0acb \u0aa4\u0ac7\u0aae\u0aa3\u0ac7 \u0a86 \u0ab6\u0ac0\u0a96\u0ab5\u0abe\u0aa8\u0ac0 \u0a9c\u0ab0\u0ac1\u0a82\u0ab0 \u0a9b\u0ac7: \u0a8f \u0aac\u0abe\u0ab3\u0a95\u0acb \u0a85\u0aa5\u0ab5\u0abe \u0aaa\u0acc\u0aa4\u0acd\u0ab0\u0acb\u0a93 \u0aaa\u0acb\u0aa4\u0abe\u0aa8\u0abe \u0a9c \u0a95\u0ac1\u0a9f\u0ac1\u0a82\u0aac \u0aaa\u0acd\u0ab0\u0aa4\u0acd\u0aaf\u0ac7\u0aa8\u0ac0 \u0ab5\u0aab\u0abe\u0aa6\u0abe\u0ab0\u0ac0 \u0aa4\u0ac7\u0a93\u0aa8\u0ac7 \u0aae\u0aa6\u0aa6\u0ab0\u0ac1\u0a82\u0aaa \u0aa5\u0a88\u0aa8\u0ac7 \u0aac\u0aa4\u0abe\u0ab5\u0ab5\u0ac0 \u0a9c\u0acb\u0a88\u0a8f. \u0a9c\u0acd\u0aaf\u0abe\u0ab0\u0ac7 \u0aa4\u0ac7\u0a93 \u0a86\u0aae \u0a95\u0ab0\u0ac7 \u0a9b\u0ac7 \u0aa4\u0acd\u0aaf\u0abe\u0ab0\u0ac7 \u0aa4\u0ac7\u0a93 \u0aaa\u0acb\u0aa4\u0abe\u0aa8\u0abe\u0a82 \u0aae\u0abe-\u0aac\u0abe\u0aaa\u0aa8\u0ac1\u0a82 \u0a8b\u0aa3 \u0a85\u0aa6\u0abe \u0a95\u0ab0\u0ac7 \u0a9b\u0ac7. \u0a8f\u0aa8\u0abe\u0aa5\u0ac0 \u0aa6\u0ac7\u0ab5 \u0aaa\u0acd\u0ab0\u0ab8\u0aa8\u0acd\u0aa8 \u0aa5\u0abe\u0aaf \u0a9b\u0ac7."},{"Verseid":"53004004","Verse":"\u0a9c\u0acb \u0a95\u0acb\u0a88 \u0ab5\u0abf\u0aa7\u0ab5\u0abe \u0a96\u0ab0\u0ac7\u0a96\u0ab0 \u0aa8\u0abf\u0ab0\u0abe\u0aa7\u0abe\u0ab0 \u0ab9\u0acb\u0aaf \u0aa4\u0acb \u0aa4\u0ac7\u0aa8\u0ac0 \u0ab8\u0a82\u0aad\u0abe\u0ab3 \u0aae\u0abe\u0a9f\u0ac7 \u0aa4\u0ac7 \u0aa6\u0ac7\u0ab5\u0aa8\u0ac0 \u0a9c \u0a86\u0ab6\u0abe \u0ab0\u0abe\u0a96\u0ac7 \u0a9b\u0ac7. \u0aa4\u0ac7 \u0ab8\u0acd\u0aa4\u0acd\u0ab0\u0ac0 \u0ab0\u0abe\u0aa4-\u0aa6\u0abf\u0ab5\u0ab8 \u0ab9\u0aae\u0ac7\u0ab6\u0abe \u0aaa\u0acd\u0ab0\u0abe\u0ab0\u0acd\u0aa5\u0aa8\u0abe \u0a95\u0ab0\u0aa4\u0ac0 \u0ab9\u0acb\u0aaf \u0a9b\u0ac7. \u0aa4\u0ac7 \u0aa6\u0ac7\u0ab5 \u0aaa\u0abe\u0ab8\u0ac7 \u0aae\u0aa6\u0aa6 \u0aae\u0abe\u0a97\u0ac7 \u0a9b\u0ac7."},{"Verseid":"53004005","Verse":"\u0aaa\u0ab0\u0a82\u0aa4\u0ac1 \u0a9c\u0ac7 \u0ab5\u0abf\u0aa7\u0ab5\u0abe \u0aaa\u0acb\u0aa4\u0abe\u0aa8\u0ac7 \u0ab0\u0abe\u0a9c\u0ac0 \u0ab0\u0abe\u0a96\u0ab5\u0abe \u0aae\u0acb\u0a9c-\u0aae\u0a9d\u0abe\u0aae\u0abe\u0a82 \u0a9c\u0ac0\u0ab5\u0aa8 \u0ab5\u0ac7\u0aa1\u0aab\u0ac7 \u0a9b\u0ac7, \u0aa4\u0ac7 \u0a9c\u0ac0\u0ab5\u0aa4\u0ac0 \u0ab9\u0acb\u0ab5\u0abe \u0a9b\u0aa4\u0abe\u0a82 \u0a96\u0ab0\u0ac7\u0a96\u0ab0 \u0aae\u0ab0\u0aa3 \u0aaa\u0abe\u0aae\u0ac7\u0ab2\u0ac0 \u0a9c \u0a9b\u0ac7."},{"Verseid":"53004006","Verse":"\u0aa4\u0acd\u0aaf\u0abe\u0aa8\u0abe\u0a82 \u0ab5\u0abf\u0ab6\u0acd\u0ab5\u0abe\u0ab8\u0ac0\u0a93\u0aa8\u0ac7 \u0aa4\u0ac1\u0a82 \u0a86 \u0aac\u0aa7\u0ac0 \u0ab5\u0abe\u0aa4 \u0a95\u0ab9\u0ac7\u0a9c\u0ac7 (\u0aaa\u0acb\u0aa4\u0abe\u0aa8\u0abe \u0a98\u0ab0\u0aa8\u0ac0 \u0ab8\u0a82\u0aad\u0abe\u0ab3 \u0ab2\u0ac7\u0ab5\u0abe\u0aa8\u0ac1\u0a82) \u0a9c\u0ac7\u0aa5\u0ac0, \u0aac\u0ac0\u0a9c\u0ac0 \u0a95\u0acb\u0a88 \u0ab5\u0acd\u0aaf\u0a95\u0acd\u0aa4\u0abf \u0a8f\u0aae \u0a95\u0ab9\u0ac0 \u0aa8 \u0ab6\u0a95\u0ac7 \u0a95\u0ac7 \u0aa4\u0ac7\u0a93 \u0a96\u0acb\u0a9f\u0ac1\u0a82 \u0a95\u0ab0\u0ac0 \u0ab0\u0ab9\u0acd\u0aaf\u0abe\u0a82 \u0a9b\u0ac7."},{"Verseid":"53004007","Verse":"\u0ab5\u0acd\u0aaf\u0a95\u0acd\u0aa4\u0abf\u0a8f \u0aaa\u0acb\u0aa4\u0abe\u0aa8\u0abe \u0aac\u0aa7\u0abe \u0aae\u0abe\u0aa3\u0ab8\u0acb\u0aa8\u0ac0 \u0ab8\u0a82\u0aad\u0abe\u0ab3 \u0ab2\u0ac7\u0ab5\u0ac0 \u0a9c\u0acb\u0a88\u0a8f. \u0aaa\u0aa3, \u0aa4\u0ac7\u0aae\u0abe\u0a82\u0aaf \u0ab8\u0acc\u0aa5\u0ac0 \u0a85\u0a97\u0aa4\u0acd\u0aaf\u0aa8\u0ac0 \u0ab5\u0abe\u0aa4 \u0a8f \u0a9b\u0ac7 \u0a95\u0ac7 \u0aa4\u0ac7\u0aa3\u0ac7 \u0aa4\u0ac7\u0aa8\u0abe \u0aaa\u0acb\u0aa4\u0abe\u0aa8\u0abe\u0a82 \u0a95\u0ac1\u0a9f\u0ac1\u0a82\u0aac\u0aa8\u0ac0 \u0ab8\u0a82\u0aad\u0abe\u0ab3 \u0ab2\u0ac7\u0ab5\u0ac0 \u0a9c\u0acb\u0a88\u0a8f. \u0a9c\u0ac7 \u0ab5\u0acd\u0aaf\u0a95\u0acd\u0aa4\u0abf \u0a86\u0aae \u0a95\u0ab0\u0aa4\u0ac0 \u0aa8\u0aa5\u0ac0, \u0aa4\u0acb \u0aa4\u0ac7 \u0ab8\u0abe\u0a9a\u0abe \u0ab5\u0abf\u0ab6\u0acd\u0ab5\u0abe\u0ab8\u0aa8\u0ac7 (\u0a89\u0aaa\u0aa6\u0ac7\u0ab6) \u0ab8\u0acd\u0ab5\u0ac0\u0a95\u0abe\u0ab0\u0aa4\u0ac0 \u0aa8\u0aa5\u0ac0. \u0aa4\u0ac7 \u0ab5\u0acd\u0aaf\u0a95\u0acd\u0aa4\u0abf \u0aa4\u0acb \u0a85\u0ab5\u0abf\u0ab6\u0acd\u0ab5\u0abe\u0ab8\u0ac0 \u0a95\u0ab0\u0aa4\u0abe\u0a82 \u0aaa\u0aa3 \u0aad\u0ac2\u0a82\u0aa1\u0acb \u0a9b\u0ac7."},{"Verseid":"53004008","Verse":"\u0ab5\u0abf\u0aa7\u0ab5\u0abe\u0a93\u0aa8\u0ac0 \u0aa4\u0abe\u0ab0\u0ac0 \u0aaf\u0abe\u0aa6\u0ac0\u0aae\u0abe\u0a82 \u0a8f\u0ab5\u0ac0 \u0ab8\u0acd\u0aa4\u0acd\u0ab0\u0ac0\u0aa8\u0ac1\u0a82 \u0aa8\u0abe\u0aae \u0a89\u0aae\u0ac7\u0ab0\u0a9c\u0ac7 \u0a95\u0ac7 \u0a9c\u0ac7 60 \u0ab5\u0ab0\u0acd\u0ab7 \u0a95\u0ac7 \u0aa4\u0ac7\u0aa5\u0ac0 \u0ab5\u0aa7\u0abe\u0ab0\u0ac7 \u0a8a\u0a82\u0aae\u0ab0\u0aa8\u0ac0 \u0ab9\u0acb\u0aaf. \u0aa4\u0ac7 \u0aa4\u0ac7\u0aa8\u0abe \u0aaa\u0aa4\u0abf\u0aa8\u0ac7 \u0ab5\u0aab\u0abe\u0aa6\u0abe\u0ab0 \u0ab0\u0ab9\u0ac0 \u0a9a\u0ac2\u0a95\u0ac0 \u0ab9\u0acb\u0aaf. \u0a85\u0aa8\u0ac7 \u0aaa\u0ab0\u0acd\u0aa3\u0ab2\u0a97\u0acd\u0aa8 \u0aa8\u0abe \u0a95\u0ab0\u0acd\u0aaf\u0ac1 \u0ab9\u0acb\u0aaf."},{"Verseid":"53004009","Verse":"\u0ab8\u0aa4\u0acd\u0a95\u0ab0\u0acd\u0aae \u0aa6\u0acd\u0ab5\u0abe\u0ab0\u0abe \u0a95\u0ac0\u0ab0\u0acd\u0aa4\u0abf \u0aaa\u0acd\u0ab0\u0abe\u0aaa\u0acd\u0aa4 \u0a95\u0ab0\u0ac7\u0ab2\u0ac0 \u0ab9\u0acb\u0aaf, \u0aaa\u0acb\u0aa4\u0abe\u0aa8\u0abe \u0a9b\u0acb\u0a95\u0ab0\u0abe\u0a93\u0aa8\u0ac7 \u0a89\u0a9b\u0ac7\u0ab0\u0acd\u0aaf\u0abe \u0ab9\u0acb\u0aaf, \u0aae\u0ab9\u0ac7\u0aae\u0abe\u0aa8\u0acb\u0aa8\u0ac1\u0a82 \u0ab8\u0acd\u0ab5\u0abe\u0a97\u0aa4 \u0a95\u0ab0\u0aa8\u0abe\u0ab0\u0ac0 \u0ab9\u0acb\u0aaf, \u0ab8\u0a82\u0aa4\u0acb\u0aa8\u0abe \u0aaa\u0a97 \u0aa7\u0acb\u0aaf\u0abe \u0ab9\u0acb\u0aaf. \u0aa6\u0ac1\u0a83\u0a96\u0ac0\u0a93\u0aa8\u0ac7 \u0aae\u0aa6\u0aa6 \u0a95\u0ab0\u0ac0 \u0ab9\u0acb\u0aaf, \u0a85\u0aa8\u0ac7\u0a95 \u0aaa\u0acd\u0ab0\u0a95\u0abe\u0ab0\u0aa8\u0abe \u0ab8\u0aa4\u0acd\u0a95\u0ab0\u0acd\u0aae\u0acb\u0aae\u0abe\u0a82 \u0a96\u0aa4 \u0ab0\u0abe\u0a96\u0aa4\u0ac0 \u0ab9\u0acb\u0aaf, \u0a8f\u0ab5\u0ac0 \u0ab5\u0abf\u0aa7\u0ab5\u0abe\u0aa8\u0ac1\u0a82 \u0aa8\u0abe\u0aae \u0aa4\u0abe\u0ab0\u0ac0 \u0aaf\u0abe\u0aa6\u0ac0\u0aae\u0abe\u0a82 \u0a89\u0aae\u0ac7\u0ab0\u0ab5\u0ac1\u0a82."},{"Verseid":"53004010","Verse":"\u0aaa\u0ab0\u0a82\u0aa4\u0ac1 \u0a8f \u0aaf\u0abe\u0aa6\u0ac0\u0aae\u0abe\u0a82 \u0a9c\u0ac1\u0ab5\u0abe\u0aa8 \u0ab5\u0abf\u0aa7\u0ab5\u0abe\u0a93\u0aa8\u0acb \u0ab8\u0aae\u0abe\u0ab5\u0ac7\u0ab6 \u0aa8 \u0a95\u0ab0\u0ac0\u0ab6. \u0a9c\u0acd\u0aaf\u0abe\u0ab0\u0ac7 \u0aa4\u0ac7\u0a93 \u0a96\u0acd\u0ab0\u0abf\u0ab8\u0acd\u0aa4\u0aa8\u0ac7 \u0ab8\u0aae\u0ab0\u0acd\u0aaa\u0abf\u0aa4 \u0aa5\u0a87 \u0a9c\u0abe\u0aaf \u0a9b\u0ac7, \u0aa4\u0acd\u0aaf\u0abe\u0ab0\u0aac\u0abe\u0aa6 \u0aa4\u0ac7\u0a93\u0aa8\u0abe \u0aa4\u0ac0\u0ab5\u0acd\u0ab0 \u0ab6\u0abe\u0ab0\u0ac0\u0ab0\u0abf\u0a95 \u0a86\u0ab5\u0ac7\u0a97\u0acb\u0aa8\u0ac7 \u0ab2\u0ac0\u0aa7\u0ac7 \u0aa4\u0ac7\u0a93 \u0a98\u0aa3\u0ac0\u0ab5\u0abe\u0ab0 \u0a96\u0acd\u0ab0\u0abf\u0ab8\u0acd\u0aa4\u0aa5\u0ac0 \u0aa6\u0ac2\u0ab0 \u0a96\u0ac7\u0a82\u0a9a\u0abe\u0a88 \u0a9c\u0abe\u0aaf \u0a9b\u0ac7. \u0aaa\u0a9b\u0ac0 \u0aa4\u0ac7\u0a93 \u0aab\u0ab0\u0ac0\u0aa5\u0ac0 \u0aaa\u0ab0\u0aa3\u0ab5\u0abe \u0a9a\u0abe\u0ab9\u0ac7 \u0a9b\u0ac7."},{"Verseid":"53004011","Verse":"\u0a85\u0aa8\u0ac7 \u0a8f\u0ab5\u0ac1\u0a82 \u0a95\u0ab0\u0aa8\u0abe\u0ab0 \u0a9c\u0ac1\u0ab5\u0abe\u0aa8 \u0ab5\u0abf\u0aa7\u0ab5\u0abe\u0a93\u0aa8\u0acb \u0aa8\u0acd\u0aaf\u0abe\u0aaf \u0aa4\u0acb\u0ab3\u0abe\u0ab6\u0ac7. \u0aa4\u0ac7\u0a93\u0a8f \u0aaa\u0ab9\u0ac7\u0ab2\u0abe \u0a9c\u0ac7 \u0a95\u0ab0\u0ab5\u0abe\u0aa8\u0ac1\u0a82 \u0ab5\u0a9a\u0aa8 \u0a86\u0aaa\u0acd\u0aaf\u0ac1\u0a82 \u0ab9\u0aa4\u0ac1\u0a82, \u0aa4\u0ac7 \u0aa8 \u0a95\u0ab0\u0ab5\u0abe\u0aa8\u0abe \u0a95\u0abe\u0ab0\u0aa3\u0ac7 \u0aa4\u0ac7\u0a93\u0aa8\u0acb \u0aa8\u0acd\u0aaf\u0abe\u0aaf \u0aa4\u0acb\u0ab3\u0ab5\u0abe\u0aae\u0abe\u0a82 \u0a86\u0ab5\u0ab6\u0ac7."},{"Verseid":"53004012","Verse":"\u0ab5\u0ab3\u0ac0, \u0aa4\u0ac7 \u0a9c\u0ac1\u0ab5\u0abe\u0aa8 \u0ab5\u0abf\u0aa7\u0ab5\u0abe\u0a93 \u0a98\u0ac7\u0ab0\u0a98\u0ac7\u0ab0 \u0aad\u0a9f\u0a95\u0ab5\u0abe\u0aa8\u0ac1\u0a82 \u0ab6\u0ab0\u0ac1\u0a82 \u0a95\u0ab0\u0ac7 \u0a9b\u0ac7 \u0a85\u0aa8\u0ac7 \u0aaa\u0acb\u0aa4\u0abe\u0aa8\u0acb \u0ab8\u0aae\u0aaf \u0ab5\u0ac7\u0aa1\u0aab\u0ac7 \u0a9b\u0ac7. \u0aa4\u0ac7\u0a93 \u0aa8\u0abf\u0a82\u0aa6\u0abe \u0a85\u0aa8\u0ac7 \u0a95\u0ac2\u0aa5\u0ab2\u0ac0 \u0a95\u0ab0\u0ab5\u0abe\u0aa8\u0ac1\u0a82 \u0ab6\u0ab0\u0ac1\u0a82 \u0a95\u0ab0\u0ac0 \u0aa6\u0ac7 \u0a9b\u0ac7 \u0a85\u0aa8\u0ac7 \u0aac\u0ac0\u0a9c\u0abe \u0ab2\u0acb\u0a95\u0acb\u0aa8\u0abe \u0a9c\u0ac0\u0ab5\u0aa8\u0aae\u0abe\u0a82 \u0ab0\u0ab8 \u0ab2\u0ac7\u0aa4\u0ac0 \u0aa5\u0a88 \u0a9c\u0abe\u0aaf \u0a9b\u0ac7. \u0a9c\u0ac7 \u0aa8 \u0aac\u0acb\u0ab2\u0ab5\u0ac1\u0a82 \u0a9c\u0acb\u0a88\u0a8f \u0aa4\u0ac7 \u0aa4\u0ac7\u0a93 \u0aac\u0acb\u0ab2\u0ab5\u0abe \u0ab2\u0abe\u0a97\u0ac7 \u0a9b\u0ac7."},{"Verseid":"53004013","Verse":"\u0aa4\u0ac7\u0aa5\u0ac0 \u0ab9\u0ac1 \u0a88\u0a9a\u0acd\u0a9b\u0ac1 \u0a9b\u0ac1\u0a82 \u0a95\u0ac7 \u0a9c\u0ac1\u0ab5\u0abe\u0aa8 \u0ab5\u0abf\u0aa7\u0ab5\u0abe\u0a93 \u0aab\u0ab0\u0ac0\u0aa5\u0ac0 \u0ab2\u0a97\u0acd\u0aa8 \u0a95\u0ab0\u0ac7, \u0aac\u0abe\u0ab3\u0a95\u0acb\u0aa8\u0ac7 \u0a9c\u0aa8\u0acd\u0aae \u0a86\u0aaa\u0ac7, \u0a85\u0aa8\u0ac7 \u0aaa\u0acb\u0aa4\u0abe\u0aa8\u0abe\u0a82 \u0a98\u0ab0\u0acb\u0aa8\u0ac0 \u0ab8\u0a82\u0aad\u0abe\u0ab3 \u0ab2\u0ac7. \u0a9c\u0acb \u0aa4\u0ac7\u0a93 \u0a86\u0aae \u0a95\u0ab0\u0ab6\u0ac7, \u0aa4\u0acb \u0aa4\u0ac7\u0a93\u0aa8\u0ac0 \u0a9f\u0ac0\u0a95\u0abe \u0a95\u0ab0\u0ab5\u0abe \u0aa6\u0ac1\u0ab6\u0acd\u0aae\u0aa8\u0acb \u0aaa\u0abe\u0ab8\u0ac7 \u0a95\u0acb\u0a88 \u0aaf\u0acb\u0a97\u0acd\u0aaf \u0a95\u0abe\u0ab0\u0aa3 \u0aa8\u0ab9\u0abf \u0ab9\u0acb\u0aaf."},{"Verseid":"53004014","Verse":"\u0aaa\u0ab0\u0a82\u0aa4\u0ac1 \u0a95\u0ac7\u0a9f\u0ab2\u0ac0\u0a8f\u0a95 \u0a9c\u0ac1\u0ab5\u0abe\u0aa8 \u0ab5\u0abf\u0aa7\u0ab5\u0abe\u0a93 \u0a85\u0ab5\u0ab3\u0ac7 \u0aae\u0abe\u0ab0\u0acd\u0a97\u0ac7 \u0aa6\u0acb\u0ab0\u0ab5\u0abe\u0a88 \u0a9c\u0a88\u0aa8\u0ac7 \u0ab6\u0ac7\u0aa4\u0abe\u0aa8\u0aa8\u0ac7 \u0a85\u0aa8\u0ac1\u0ab8\u0ab0\u0ac7 \u0a9b\u0ac7."},{"Verseid":"53004015","Verse":"\u0a9c\u0acb \u0a95\u0acb\u0a88 \u0ab5\u0abf\u0ab6\u0acd\u0ab5\u0abe\u0ab8\u0ac0 \u0ab8\u0acd\u0aa4\u0acd\u0ab0\u0ac0\u0aa8\u0abe \u0a95\u0ac1\u0a9f\u0ac1\u0a82\u0aac\u0aae\u0abe\u0a82 \u0ab5\u0abf\u0aa7\u0ab5\u0abe\u0a93 \u0ab9\u0acb\u0aaf \u0aa4\u0acb, \u0aa4\u0ac7\u0aa3\u0ac7 \u0aaa\u0acb\u0aa4\u0ac7 \u0aa4\u0ac7\u0a93\u0aa8\u0ac0 \u0ab8\u0a82\u0aad\u0abe\u0ab3 \u0ab2\u0ac7\u0ab5\u0ac0 \u0a9c\u0acb\u0a88\u0a8f. \u0aa4\u0ac7\u0a93\u0aa8\u0ac0 \u0ab8\u0a82\u0aad\u0abe\u0ab3 \u0aae\u0abe\u0a9f\u0ac7 \u0aae\u0a82\u0aa1\u0ab3\u0ac0\u0a8f \u0aad\u0abe\u0ab0 \u0a8a\u0aa0\u0abe\u0ab5\u0ab5\u0acb \u0a9c\u0acb\u0a88\u0a8f \u0aa8\u0ab9\u0abf. \u0a9c\u0ac7\u0aa5\u0ac0 \u0a95\u0ac1\u0a9f\u0ac1\u0a82\u0aac \u0ab5\u0abf\u0ab9\u0acb\u0aa3\u0ac0 \u0aa8\u0abf\u0ab0\u0abe\u0aa7\u0abe\u0ab0 \u0ab5\u0abf\u0aa7\u0ab5\u0abe\u0a93\u0aa8\u0ac0 \u0ab8\u0a82\u0aad\u0abe\u0ab3 \u0ab2\u0ac7\u0ab5\u0abe\u0aa8\u0ac1\u0a82 \u0a95\u0abe\u0aae \u0aae\u0a82\u0aa1\u0ab3\u0ac0 \u0a95\u0ab0\u0ac0 \u0ab6\u0a95\u0ab6\u0ac7."},{"Verseid":"53004016","Verse":"\u0aae\u0a82\u0aa1\u0ab3\u0ac0\u0aa8\u0acb \u0ab8\u0abe\u0ab0\u0ac0 \u0ab0\u0ac0\u0aa4\u0ac7 \u0a85\u0aa7\u0abf\u0a95\u0abe\u0ab0 \u0a9a\u0ab2\u0abe\u0ab5\u0aa8\u0abe\u0ab0 \u0ab5\u0aa1\u0ac0\u0ab2\u0acb\u0aa8\u0ac7 \u0aae\u0abe\u0aa8 \u0aaa\u0abe\u0aa4\u0acd\u0ab0 \u0a97\u0aa3\u0ab5\u0abe \u0a9c\u0acb\u0a88\u0a8f. \u0a96\u0abe\u0ab8 \u0a95\u0ab0\u0ac0\u0aa8\u0ac7 \u0a86 \u0ab8\u0abe\u0a9a\u0ac1\u0a82 \u0a9b\u0ac7 \u0a95\u0ac7 \u0ab5\u0aa1\u0ac0\u0ab2\u0acb\u0aa8\u0ac7 \u0aae\u0abe\u0aa8 \u0aae\u0ab3\u0ab5\u0ac1\u0a82 \u0a9c\u0acb\u0a88\u0a8f. \u0a9c\u0ac7\u0a93 \u0a89\u0aaa\u0aa6\u0ac7\u0ab6 \u0a95\u0ab0\u0ab5\u0abe\u0aae\u0abe\u0a82 \u0aa4\u0aa5\u0abe \u0ab6\u0abf\u0a95\u0acd\u0ab7\u0aa3 \u0a86\u0aaa\u0ab5\u0abe\u0aae\u0abe\u0a82 \u0ab6\u0acd\u0ab0\u0aae \u0ab2\u0ac7 \u0a9b\u0ac7."},{"Verseid":"53004017","Verse":"\u0a8f\u0ab5\u0ac1\u0a82 \u0ab6\u0abe \u0aae\u0abe\u0a9f\u0ac7? \u0a95\u0abe\u0ab0\u0aa3 \u0a95\u0ac7 \u0ab6\u0abe\u0ab8\u0acd\u0aa4\u0acd\u0ab0 \u0a95\u0ab9\u0ac7 \u0a9b\u0ac7 \u0a95\u0ac7, \u201c\u0a9c\u0acd\u0aaf\u0abe\u0ab0\u0ac7 \u0a95\u0abe\u0aae\u0aae\u0abe\u0a82 \u0a9c\u0acb\u0aa4\u0ab0\u0ac7\u0ab2\u0acb \u0aac\u0ab3\u0aa6 \u0a85\u0aa8\u0abe\u0a9c \u0a9b\u0ac1\u0a9f\u0ac1\u0a82 \u0aaa\u0abe\u0aa1\u0ab5\u0abe\u0aa8\u0ac1\u0a82 \u0a95\u0abe\u0aae \u0a95\u0ab0\u0aa4\u0acb \u0ab9\u0acb\u0aaf \u0aa4\u0acd\u0aaf\u0abe\u0ab0\u0ac7, \u0a8f\u0aa8\u0ac1\u0a82 \u0aae\u0acb\u0aa2\u0ac1\u0a82 \u0aac\u0abe\u0a82\u0aa7\u0ac0\u0aa8\u0ac7 \u0aa4\u0ac7\u0aa8\u0ac7 \u0a85\u0aa8\u0abe\u0a9c \u0a96\u0abe\u0aa4\u0acb \u0ab0\u0acb\u0a95\u0ab5\u0acb \u0aa8\u0ab9\u0ac0.\u0a85\u0aa8\u0ac7 \u0ab5\u0ab3\u0ac0 \u0ab6\u0abe\u0ab8\u0acd\u0aa4\u0acd\u0ab0 \u0a8f \u0aaa\u0aa3 \u0a95\u0ab9\u0ac7 \u0a9b\u0ac7 \u0a95\u0ac7, \u201c\u0aae\u0a9c\u0ac2\u0ab0\u0aa8\u0ac7 \u0aa4\u0ac7\u0aa8\u0ac0 \u0aae\u0a9c\u0ac2\u0ab0\u0ac0 \u0a86\u0aaa\u0ab5\u0ac0 \u0a9c\u0acb\u0a88\u0a8f.\u201d"},{"Verseid":"53004018","Verse":"\u0aae\u0a82\u0aa1\u0ab3\u0ac0\u0aa8\u0abe \u0ab5\u0aa1\u0ac0\u0ab2 \u0aaa\u0ab0 \u0a86\u0a95\u0acd\u0ab7\u0ac7\u0aaa \u0aae\u0ac2\u0a95\u0aa8\u0abe\u0ab0 \u0ab5\u0acd\u0aaf\u0a95\u0acd\u0aa4\u0abf\u0aa8\u0ac0 \u0ab5\u0abe\u0aa4 \u0ab8\u0abe\u0a82\u0aad\u0ab3\u0aa4\u0acb \u0aa8\u0ab9\u0abf. \u0a8f \u0ab5\u0aa1\u0ac0\u0ab2\u0ac7 \u0a95\u0a82\u0a88\u0a95 \u0a96\u0acb\u0a9f\u0ac1\u0a82 \u0a95\u0ab0\u0acd\u0aaf\u0ac1 \u0a9b\u0ac7 \u0a8f\u0ab5\u0ac1\u0a82 \u0a95\u0ab9\u0ac7\u0aa8\u0abe\u0ab0 \u0aac\u0ac0\u0a9c\u0abe \u0aac\u0ac7-\u0aa4\u0acd\u0ab0\u0aa3 \u0aae\u0abe\u0aa3\u0ab8\u0acb \u0aa8\u0ac0\u0a95\u0ab3\u0ac7 \u0aa4\u0acb \u0a9c \u0aaa\u0ac7\u0ab2\u0abe \u0aae\u0abe\u0aa3\u0ab8\u0aa8\u0ac0 \u0ab5\u0abe\u0aa4 \u0ab8\u0abe\u0a82\u0aad\u0ab3\u0ab5\u0ac0."},{"Verseid":"53004019","Verse":"\u0aaa\u0abe\u0aaa \u0a95\u0ab0\u0aa8\u0abe\u0ab0\u0abe\u0a93\u0aa8\u0ac7 \u0a95\u0ab9\u0ac7\u0a9c\u0ac7 \u0a95\u0ac7 \u0aa4\u0ac7\u0a93 \u0a96\u0acb\u0a9f\u0abe \u0a9b\u0ac7. \u0a86\u0a96\u0ac0 \u0aae\u0a82\u0aa1\u0ab3\u0ac0\u0aa8\u0ac0 \u0ab8\u0aae\u0a95\u0acd\u0ab7 \u0a86 \u0a95\u0ab0. \u0a9c\u0ac7\u0aa5\u0ac0 \u0aac\u0ac0\u0a9c\u0abe \u0ab2\u0acb\u0a95\u0acb\u0aa8\u0ac7 \u0aaa\u0aa3 \u0a9a\u0ac7\u0aa4\u0ab5\u0aa3\u0ac0 \u0aae\u0ab3\u0ac0 \u0a9c\u0ab6\u0ac7."},{"Verseid":"53004020","Verse":"\u0aa6\u0ac7\u0ab5 \u0aa4\u0aa5\u0abe \u0a88\u0ab8\u0ac1 \u0a96\u0acd\u0ab0\u0abf\u0ab8\u0acd\u0aa4 \u0a85\u0aa8\u0ac7 \u0a96\u0abe\u0ab8 \u0aaa\u0ab8\u0a82\u0aa6\u0a97\u0ac0 \u0aaa\u0abe\u0aae\u0ac7\u0ab2\u0abe \u0aa6\u0ac2\u0aa4\u0acb\u0aa8\u0ac0 \u0ab8\u0aae\u0a95\u0acd\u0ab7 \u0ab9\u0ac1\u0a82 \u0aa4\u0aa8\u0ac7 \u0a86 \u0aac\u0aa7\u0ac1\u0a82 \u0a95\u0ab0\u0ab5\u0abe\u0aa8\u0ac0 \u0a86\u0a9c\u0acd\u0a9e\u0abe \u0a86\u0aaa\u0ac1\u0a82 \u0a9b\u0ac1\u0a82. \u0aaa\u0ab0\u0a82\u0aa4\u0ac1 \u0ab8\u0aa4\u0acd\u0aaf \u0ab9\u0a95\u0ac0\u0a95\u0aa4\u0acb \u0a9c\u0abe\u0aa3\u0acd\u0aaf\u0abe \u0ab5\u0abf\u0aa8\u0abe \u0aa4\u0ac1\u0a82 \u0ab2\u0acb\u0a95\u0acb\u0aa8\u0acb \u0aa8\u0acd\u0aaf\u0abe\u0aaf \u0aa4\u0acb\u0ab3\u0ab5\u0abe \u0aac\u0ac7\u0ab8\u0ac0 \u0aa8\u0abe \u0a9c\u0aa4\u0acb. \u0a85\u0aa8\u0ac7 \u0aa6\u0ab0\u0ac7\u0a95 \u0ab5\u0acd\u0aaf\u0a95\u0acd\u0aa4\u0abf \u0ab8\u0abe\u0aa5\u0ac7 \u0a8f\u0a95 \u0ab8\u0ab0\u0a96\u0acb \u0ab5\u0acd\u0aaf\u0ab5\u0ab9\u0abe\u0ab0 \u0ab0\u0abe\u0a96\u0a9c\u0ac7."},{"Verseid":"53004021","Verse":"\u0a95\u0acb\u0a88 \u0aaa\u0aa3 \u0ab5\u0acd\u0aaf\u0a95\u0acd\u0aa4\u0abf\u0aa8\u0ac7 \u0aae\u0a82\u0aa1\u0ab3\u0ac0\u0aa8\u0abe \u0ab5\u0aa1\u0ac0\u0ab2 \u0aa4\u0ab0\u0ac0\u0a95\u0ac7 \u0aa8\u0abf\u0aaf\u0ac1\u0a95\u0acd\u0aa4 \u0a95\u0ab0\u0ab5\u0abe \u0aa4\u0ac1\u0a82 \u0aa4\u0ac7\u0aa8\u0abe \u0aaa\u0ab0 \u0ab9\u0abe\u0aa5 \u0aae\u0ac2\u0a95\u0ac7 \u0aa4\u0ac7 \u0aaa\u0ab9\u0ac7\u0ab2\u0abe \u0a95\u0abe\u0ab3\u0a9c\u0ac0\u0aaa\u0ac2\u0ab0\u0acd\u0ab5\u0a95 \u0ab5\u0abf\u0a9a\u0abe\u0ab0 \u0a95\u0ab0\u0a9c\u0ac7. \u0aac\u0ac0\u0a9c\u0abe \u0ab2\u0acb\u0a95\u0acb\u0aa8\u0abe \u0aaa\u0abe\u0aaa\u0aae\u0abe\u0a82 \u0aad\u0abe\u0a97\u0ac0\u0aa6\u0abe\u0ab0 \u0aa5\u0aa4\u0acb \u0aa8\u0ab9\u0abf. \u0aa4\u0ac1\u0a82 \u0aa4\u0abe\u0ab0\u0ac0 \u0a9c\u0abe\u0aa4\u0aa8\u0ac7 \u0ab6\u0ac1\u0aa6\u0acd\u0aa7 \u0ab0\u0abe\u0a96\u0a9c\u0ac7."},{"Verseid":"53004022","Verse":"\u0aa4\u0abf\u0aae\u0acb\u0aa5\u0ac0, \u0a86\u0a9c \u0ab8\u0ac1\u0aa7\u0ac0 \u0aa4\u0ac7 \u0aab\u0a95\u0acd\u0aa4 \u0aaa\u0abe\u0aa3\u0ac0\u0a9c \u0aaa\u0ac0\u0aa7\u0abe \u0a95\u0ab0\u0acd\u0aaf\u0ac1 \u0a9b\u0ac7. \u0ab9\u0ab5\u0ac7 \u0aaa\u0abe\u0aa3\u0ac0 \u0aaa\u0ac0\u0ab5\u0abe\u0aa8\u0ac1\u0a82 \u0aac\u0a82\u0aa7 \u0a95\u0ab0\u0ac0\u0aa8\u0ac7 \u0aa5\u0acb\u0aa1\u0acb \u0aa6\u0acd\u0ab0\u0abe\u0a95\u0acd\u0ab7\u0abe\u0ab0\u0ab8 \u0aaa\u0ac0\u0a9c\u0ac7. \u0aa4\u0ac7\u0aa8\u0abe\u0aa5\u0ac0 \u0aa4\u0abe\u0ab0\u0ac1\u0a82 \u0aaa\u0ac7\u0a9f \u0ab8\u0abe\u0ab0\u0ac1\u0a82 \u0aa5\u0ab6\u0ac7, \u0a85\u0aa8\u0ac7 \u0aa4\u0ac1\u0a82 \u0ab5\u0abe\u0ab0\u0a82\u0ab5\u0abe\u0ab0 \u0aac\u0abf\u0aae\u0abe\u0ab0 \u0aa8\u0ab9\u0abf \u0aa5\u0abe\u0aaf."},{"Verseid":"53004023","Verse":"\u0a95\u0ac7\u0a9f\u0ab2\u0abe\u0a8f\u0a95 \u0ab2\u0acb\u0a95\u0acb\u0aa8\u0abe\u0a82 \u0aaa\u0abe\u0aaa \u0ab8\u0ab9\u0ac7\u0ab2\u0abe\u0a88\u0aa5\u0ac0 \u0a9c\u0aa3\u0abe\u0a88 \u0a86\u0ab5\u0ac7 \u0a9b\u0ac7. \u0aa4\u0ac7\u0a93\u0aa8\u0abe\u0a82 \u0aaa\u0abe\u0aaa \u0a9c\u0aa3\u0abe\u0ab5\u0ac7 \u0a9b\u0ac7 \u0a95\u0ac7 \u0aa4\u0ac7\u0a93\u0aa8\u0ac7 \u0aa8\u0acd\u0aaf\u0abe\u0aaf \u0aa4\u0acb\u0ab3\u0acb\u0ab6\u0ac7. \u0aaa\u0ab0\u0a82\u0aa4\u0ac1 \u0aac\u0ac0\u0a9c\u0abe \u0a95\u0ac7\u0a9f\u0ab2\u0abe\u0a8f\u0a95 \u0ab2\u0acb\u0a95\u0acb\u0aa8\u0abe\u0a82 \u0aaa\u0abe\u0aaa \u0aaa\u0abe\u0a9b\u0ab3\u0aa5\u0ac0 \u0a96\u0aac\u0ab0 \u0aaa\u0aa1\u0ac7 \u0a9b\u0ac7."},{"Verseid":"53004024","Verse":"\u0ab8\u0abe\u0ab0\u0abe\u0a82 \u0a95\u0abe\u0aae\u0acb \u0a95\u0ac7 \u0a9c\u0ac7 \u0ab2\u0acb\u0a95\u0acb \u0a95\u0ab0\u0ac7 \u0a9b\u0ac7 \u0aa4\u0ac7 \u0aac\u0abe\u0aac\u0aa4\u0aae\u0abe\u0a82 \u0aaa\u0aa3 \u0a86\u0ab5\u0ac1\u0a82 \u0a9c \u0a9b\u0ac7. \u0ab2\u0acb\u0a95\u0acb\u0aa8\u0abe\u0a82 \u0ab8\u0abe\u0ab0\u0abe \u0a95\u0abe\u0aae\u0acb \u0ab8\u0ab9\u0ac7\u0ab2\u0abe\u0a88\u0aa5\u0ac0 \u0aa6\u0ac7\u0a96\u0abe\u0a88 \u0a86\u0ab5\u0ac7 \u0a9b\u0ac7. \u0aaa\u0ab0\u0a82\u0aa4\u0ac1 \u0a9c\u0acd\u0aaf\u0abe\u0ab0\u0ac7 \u0a8f \u0ab8\u0abe\u0ab0\u0abe \u0a95\u0abe\u0aae\u0acb \u0ab8\u0ab9\u0ac7\u0ab2\u0abe\u0a88\u0aa5\u0ac0 \u0aa8 \u0aa6\u0ac7\u0a96\u0abe\u0aaf, \u0aa4\u0acb \u0aaa\u0aa3 \u0aa4\u0ac7 \u0a9b\u0ac1\u0aaa\u0abe\u0ab5\u0ac0 \u0ab6\u0a95\u0aa4\u0abe \u0aa8\u0aa5\u0ac0."}]},{"Verse":[{"Verseid":"53005000","Verse":"\u0ab8\u0ab0\u0acd\u0ab5 \u0aa6\u0abe\u0ab8\u0acb\u0a8f \u0aaa\u0acb\u0aa4\u0abe\u0aa8\u0abe \u0ab6\u0ac7\u0aa0 \u0aaa\u0acd\u0ab0\u0aa4\u0acd\u0aaf\u0ac7 \u0ab8\u0a82\u0aaa\u0ac2\u0ab0\u0acd\u0aa3 \u0aae\u0abe\u0aa8 \u0aa6\u0ab0\u0acd\u0ab6\u0abe\u0ab5\u0ab5\u0ac1\u0a82 \u0a9c\u0acb\u0a88\u0a8f. \u0a9c\u0acb \u0aa4\u0ac7\u0a93 \u0a86\u0aae \u0a95\u0ab0\u0ab6\u0ac7 \u0aa4\u0acb, \u0aa6\u0ac7\u0ab5\u0aa8\u0ac1\u0a82 \u0aa8\u0abe\u0aae \u0a85\u0aa8\u0ac7 \u0a86\u0aaa\u0aa3\u0acb \u0a89\u0aaa\u0aa6\u0ac7\u0ab6 \u0a9f\u0ac0\u0a95\u0abe\u0aa8\u0ac7 \u0aaa\u0abe\u0aa4\u0acd\u0ab0 \u0aa5\u0ab6\u0ac7 \u0aa8\u0ab9\u0abf."},{"Verseid":"53005001","Verse":"\u0a95\u0ac7\u0a9f\u0ab2\u0abe\u0a8f\u0a95 \u0aa6\u0abe\u0ab8\u0acb\u0aa8\u0abe \u0ab6\u0ac7\u0aa0\u0acb \u0ab5\u0abf\u0ab6\u0acd\u0ab5\u0abe\u0ab8\u0ac0\u0a93 \u0ab9\u0acb\u0aaf \u0a9b\u0ac7. \u0aa4\u0ac7\u0aa5\u0ac0 \u0a9c\u0ac7 \u0aa6\u0abe\u0ab8\u0acb \u0aa4\u0aa5\u0abe \u0a8f \u0ab6\u0ac7\u0aa0\u0acb \u0aad\u0abe\u0a88\u0a93 \u0a9b\u0ac7. \u0aaa\u0ab0\u0a82\u0aa4\u0ac1 \u0a8f\u0aa8\u0acb \u0a85\u0ab0\u0acd\u0aa5 \u0a8f\u0ab5\u0acb \u0aa8\u0aa5\u0ac0 \u0a95\u0ac7 \u0a8f \u0aa6\u0abe\u0ab8\u0acb \u0aaa\u0acb\u0aa4\u0abe\u0aa8\u0abe \u0ab6\u0ac7\u0aa0\u0acb\u0aa8\u0ac7 \u0a93\u0a9b\u0ac1\u0a82 \u0aae\u0abe\u0aa8 \u0a86\u0aaa\u0ac7 \u0aa4\u0acb \u0a9a\u0abe\u0ab2\u0ac7. \u0aa8\u0abe! \u0aa4\u0ac7\u0a93\u0a8f \u0aa4\u0acb \u0ab5\u0aa7\u0abe\u0ab0\u0ac7 \u0a95\u0abe\u0aae \u0a95\u0ab0\u0ab5\u0ac1\u0a82 \u0a9c\u0acb\u0a88\u0a8f \u0a95\u0abe\u0ab0\u0aa3 \u0a95\u0ac7 \u0aa4\u0ac7\u0a93 \u0a95\u0ac7 \u0a9c\u0ac7\u0aa8\u0ac7 \u0aa4\u0ac7\u0aa8\u0ac0 \u0ab8\u0ac7\u0ab5\u0abe\u0a93 \u0aa6\u0acd\u0ab5\u0abe\u0ab0\u0abe \u0ab2\u0abe\u0aad \u0aa5\u0aaf\u0acb \u0a9b\u0ac7 \u0aa4\u0ac7\u0a93 \u0ab5\u0abf\u0ab6\u0acd\u0ab5\u0abe\u0ab8\u0ac0\u0a93 \u0a9b\u0ac7. \u0a9c\u0ac7\u0aa8\u0ac7 \u0aa4\u0ac7\u0a93 \u0aaa\u0acd\u0ab0\u0ac7\u0aae \u0a95\u0ab0\u0ac7 \u0a9b\u0ac7.\u0aa4\u0ac7\u0a93\u0aa8\u0ac7 \u0a86 \u0ab5\u0abe\u0aa4\u0acb \u0ab6\u0ac0\u0a96\u0ab5 \u0a85\u0aa8\u0ac7 \u0ab8\u0ab2\u0abe\u0ab9 \u0a86\u0aaa."},{"Verseid":"53005002","Verse":"\u0a95\u0ac7\u0a9f\u0ab2\u0abe\u0a8f\u0a95 \u0ab2\u0acb\u0a95\u0acb \u0a8f\u0ab5\u0ac0 \u0aac\u0abe\u0aac\u0aa4\u0acb\u0aa8\u0acb \u0a89\u0aaa\u0aa6\u0ac7\u0ab6 \u0a86\u0aaa\u0ab6\u0ac7 \u0a95\u0ac7 \u0a9c\u0ac7 \u0a96\u0acb\u0a9f\u0acb \u0a9c \u0ab9\u0acb\u0aaf. \u0a86\u0aaa\u0aa3\u0abe \u0aaa\u0acd\u0ab0\u0aad\u0ac1 \u0a88\u0ab8\u0ac1 \u0a96\u0acd\u0ab0\u0abf\u0ab8\u0acd\u0aa4\u0aa8\u0abe\u0a82 \u0ab8\u0aa4\u0acd\u0aaf \u0ab5\u0a9a\u0aa8\u0acb \u0ab8\u0abe\u0aa5\u0ac7 \u0a8f \u0ab2\u0acb\u0a95\u0acb \u0ab8\u0a82\u0aae\u0aa4 \u0aa8\u0ab9\u0abf \u0aa5\u0abe\u0aaf. \u0a85\u0aa8\u0ac7 \u0aa6\u0ac7\u0ab5\u0aa8\u0ac0 \u0ab8\u0ac7\u0ab5\u0abe\u0aa8\u0acb \u0ab8\u0abe\u0a9a\u0acb \u0aae\u0abe\u0ab0\u0acd\u0a97 \u0aa6\u0ab0\u0acd\u0ab6\u0abe\u0ab5\u0aa4\u0abe \u0a89\u0aaa\u0aa6\u0ac7\u0ab6\u0aa8\u0acb \u0aa4\u0ac7\u0a93 \u0ab8\u0acd\u0ab5\u0ac0\u0a95\u0abe\u0ab0 \u0aa8\u0ab9\u0abf \u0a95\u0ab0\u0ac7."},{"Verseid":"53005003","Verse":"\u0a96\u0acb\u0a9f\u0ac0 \u0ab0\u0ac0\u0aa4\u0ac7 \u0a89\u0aaa\u0aa6\u0ac7\u0ab6 \u0a86\u0aaa\u0aa4\u0ac0 \u0ab5\u0acd\u0aaf\u0a95\u0acd\u0aa4\u0abf \u0a85\u0aad\u0abf\u0aae\u0abe\u0aa8\u0aa5\u0ac0 \u0a9b\u0ab2\u0a95\u0abe\u0aaf \u0a9b\u0ac7 \u0a85\u0aa8\u0ac7 \u0a95\u0ab6\u0ac1\u0a82 \u0a9c\u0abe\u0aa3\u0aa4\u0ac0 \u0ab9\u0acb\u0aa4\u0ac0 \u0aa8\u0aa5\u0ac0. \u0aa4\u0ac7 \u0ab5\u0acd\u0aaf\u0a95\u0acd\u0aa4\u0abf\u0aae\u0abe\u0a82 \u0aa6\u0ab2\u0ac0\u0ab2\u0aac\u0abe\u0a9c\u0ac0\u0aa8\u0ac0 \u0aac\u0abf\u0aae\u0abe\u0ab0\u0ac0 \u0ab9\u0acb\u0aaf \u0a9b\u0ac7. \u0a85\u0aa8\u0ac7 \u0a8f \u0ab6\u0aac\u0acd\u0aa6\u0acb \u0ab5\u0abf\u0ab7\u0ac7 \u0aa6\u0ab2\u0ac0\u0ab2\u0aac\u0abe\u0a9c\u0ac0 \u0a95\u0ab0\u0ac7 \u0a9b\u0ac7. \u0a8f\u0aa8\u0abe \u0aaa\u0ab0\u0abf\u0aa3\u0abe\u0aae\u0ac7 \u0a88\u0ab0\u0acd\u0ab7\u0abe, \u0aae\u0ac1\u0ab6\u0acd\u0a95\u0ac7\u0ab2\u0ac0\u0a93, \u0a85\u0aaa\u0aae\u0abe\u0aa8\u0acb \u0a85\u0aa8\u0ac7 \u0a96\u0acb\u0a9f\u0abe \u0ab5\u0ab9\u0ac7\u0aae \u0a89\u0aa4\u0acd\u0aaa\u0aa8\u0acd\u0aa8 \u0aa5\u0abe\u0aaf \u0a9b\u0ac7."},{"Verseid":"53005004","Verse":"\u0aaa\u0aa3 \u0aad\u0acd\u0ab0\u0ab7\u0acd\u0a9f \u0aae\u0aa4\u0abf\u0aa8\u0abe \u0ab2\u0acb\u0a95\u0acb\u0aa5\u0ac0 \u0aaa\u0ab0\u0abf\u0aa3\u0abe\u0aae\u0ac7 \u0ab8\u0aa4\u0aa4 \u0aa6\u0ab2\u0ac0\u0ab2\u0aac\u0abe\u0a9c\u0ac0 \u0aa5\u0abe\u0aaf \u0a9b\u0ac7. \u0a8f \u0ab2\u0acb\u0a95\u0acb\u0a8f \u0ab8\u0aa4\u0acd\u0aaf \u0a96\u0acb\u0a88 \u0aa8\u0abe\u0a96\u0acd\u0aaf\u0ac1\u0a82 \u0a9b\u0ac7. \u0aa4\u0ac7\u0a93 \u0a8f\u0ab5\u0ac1\u0a82 \u0aae\u0abe\u0aa8\u0aa4\u0abe \u0ab9\u0acb\u0aaf \u0a9b\u0ac7 \u0a95\u0ac7 \u0aa6\u0ac7\u0ab5\u0aa8\u0ac0 \u0ab8\u0ac7\u0ab5\u0abe \u0aa4\u0acb \u0a95\u0aae\u0abe\u0a88\u0aa8\u0ac1\u0a82 \u0ab8\u0abe\u0aa7\u0aa8 \u0a9b\u0ac7."},{"Verseid":"53005005","Verse":"\u0a8f \u0ab8\u0abe\u0a9a\u0ac1\u0a82 \u0a9b\u0ac7 \u0a95\u0ac7 \u0aa6\u0ac7\u0ab5\u0aa8\u0ac0 \u0ab8\u0ac7\u0ab5\u0abe-\u0aad\u0a95\u0acd\u0aa4\u0abf \u0aae\u0abe\u0aa3\u0ab8\u0aa8\u0ac7 \u0a96\u0ac2\u0aac \u0aa7\u0aa8\u0ab5\u0abe\u0aa8 \u0aac\u0aa8\u0abe\u0ab5\u0ac7 \u0a9b\u0ac7. \u0a9c\u0acb \u0aa4\u0ac7\u0aa8\u0ac7 \u0aaa\u0acb\u0aa4\u0abe\u0aa8\u0ac0 \u0ab5\u0ab8\u0acd\u0aa4\u0ac1\u0a93\u0aa5\u0ac0 \u0ab8\u0a82\u0aa4\u0acb\u0ab7 \u0ab9\u0acb\u0aaf \u0aa4\u0acb."},{"Verseid":"53005006","Verse":"\u0a86 \u0aa6\u0ac1\u0aa8\u0abf\u0aaf\u0abe\u0aae\u0abe\u0a82 \u0a86\u0aaa\u0aa3\u0ac7 \u0a9c\u0acd\u0aaf\u0abe\u0ab0\u0ac7 \u0a86\u0ab5\u0acd\u0aaf\u0abe \u0aa4\u0acd\u0aaf\u0abe\u0ab0\u0ac7, \u0a86\u0aaa\u0aa3\u0ac7 \u0a95\u0ab6\u0ac1\u0a82\u0aaf \u0ab2\u0ac0\u0aa7\u0abe \u0ab5\u0a97\u0ab0 \u0a96\u0abe\u0ab2\u0ac0 \u0ab9\u0abe\u0aa5\u0ac7 \u0a86\u0ab5\u0acd\u0aaf\u0abe \u0ab9\u0aa4\u0abe. \u0a85\u0aa8\u0ac7 \u0a86\u0aaa\u0aa3\u0ac7 \u0a9c\u0acd\u0aaf\u0abe\u0ab0\u0ac7 \u0aae\u0ab0\u0ac0 \u0a9c\u0a88\u0ab6\u0ac1\u0a82 \u0aa4\u0acd\u0aaf\u0abe\u0ab0\u0ac7, \u0a86\u0aaa\u0aa3\u0ac7 \u0a95\u0ab6\u0ac1\u0a82\u0aaf \u0ab2\u0a88 \u0a9c\u0a88 \u0ab6\u0a95\u0ab5\u0abe\u0aa8\u0abe \u0aa8\u0aa5\u0ac0."},{"Verseid":"53005007","Verse":"\u0aa4\u0ac7\u0aa5\u0ac0 \u0a86\u0aaa\u0aa3\u0aa8\u0ac7 \u0a9c\u0acb \u0aaa\u0ac2\u0ab0\u0aa4\u0acb \u0a96\u0acb\u0ab0\u0abe\u0a95 \u0a85\u0aa8\u0ac7 \u0a95\u0aaa\u0aa1\u0abe\u0a82 \u0aae\u0ab3\u0ac0 \u0ab0\u0ab9\u0ac7, \u0aa4\u0acb \u0aa4\u0ac7\u0aa8\u0abe\u0aa5\u0ac0 \u0a86\u0aaa\u0aa3\u0ac7 \u0ab8\u0a82\u0aa4\u0acb\u0ab7 \u0aae\u0abe\u0aa8\u0ab5\u0acb \u0a9c\u0acb\u0a88\u0a8f."},{"Verseid":"53005008","Verse":"\u0aa7\u0aa8\u0ab5\u0abe\u0aa8 \u0aa5\u0ab5\u0abe\u0aa8\u0ac0 \u0a88\u0a9a\u0acd\u0a9b\u0abe \u0ab0\u0abe\u0a96\u0aa4\u0abe \u0ab2\u0acb\u0a95\u0acb \u0aaa\u0acb\u0aa4\u0ac7 \u0a9c \u0aaa\u0acd\u0ab0\u0ab2\u0acb\u0aad\u0aa8\u0acb\u0aa8\u0ac0 \u0a9c\u0abe\u0ab3\u0aae\u0abe\u0a82 \u0aaa\u0a95\u0aa1\u0abe\u0aaf \u0a9b\u0ac7. \u0aa4\u0ac7\u0a93\u0aa8\u0ac7 \u0a98\u0aa3\u0ac0 \u0aac\u0aa7\u0ac0 \u0a9a\u0abf\u0aa4\u0acd\u0ab0-\u0ab5\u0abf\u0a9a\u0abf\u0aa4\u0acd\u0ab0 \u0ab5\u0ab8\u0acd\u0aa4\u0ac1\u0a93 \u0aae\u0ac7\u0ab3\u0ab5\u0ac0 \u0ab2\u0ac7\u0ab5\u0abe\u0aa8\u0ac0 \u0a88\u0a9a\u0acd\u0a9b\u0abe \u0aa5\u0abe\u0aaf \u0a9b\u0ac7, \u0a95\u0ac7 \u0a9c\u0ac7 \u0a9a\u0ac0\u0a9c\u0ac7 \u0aa4\u0ac7\u0a93\u0aa8\u0ac7 \u0aa8\u0ac1\u0a95\u0ab8\u0abe\u0aa8 \u0a95\u0ac7 \u0a86\u0a98\u0abe\u0aa4 \u0a86\u0aaa\u0aa8\u0abe\u0ab0\u0ac0 \u0aa8\u0ac0\u0ab5\u0aa1\u0ac7 \u0a9b\u0ac7. \u0a8f \u0ab5\u0ab8\u0acd\u0aa4\u0ac1\u0a93 \u0ab2\u0acb\u0a95\u0acb\u0aa8\u0ac7 \u0aaa\u0abe\u0aaf\u0aae\u0abe\u0ab2 \u0a95\u0ab0\u0ac0\u0aa8\u0ac7 \u0aa4\u0ac7\u0a93\u0aa8\u0acb \u0ab8\u0ab0\u0acd\u0ab5\u0aa8\u0abe\u0ab6 \u0a86\u0aa3\u0ac7 \u0a9b\u0ac7."},{"Verseid":"53005009","Verse":"\u0aaa\u0ac8\u0ab8\u0abe \u0aae\u0abe\u0a9f\u0ac7\u0aa8\u0acb \u0ab2\u0acb\u0aad \u0aa6\u0ab0\u0ac7\u0a95 \u0a9c\u0abe\u0aa4\u0aa8\u0abe\u0a82 \u0aaa\u0abe\u0aaa\u0acb\u0aa8\u0ac7 \u0a9c\u0aa8\u0acd\u0aae \u0a86\u0aaa\u0ac7 \u0a9b\u0ac7. \u0a95\u0ac7\u0a9f\u0ab2\u0abe\u0a8f\u0a95 \u0ab2\u0acb\u0a95\u0acb\u0a8f \u0ab8\u0abe\u0a9a\u0acb \u0ab5\u0abf\u0ab6\u0acd\u0ab5\u0abe\u0ab8 (\u0a89\u0aaa\u0aa6\u0ac7\u0ab6) \u0a9b\u0acb\u0aa1\u0ac0 \u0aa6\u0ac0\u0aa7\u0acb \u0a9b\u0ac7 \u0a95\u0ac7\u0aae \u0a95\u0ac7 \u0aa4\u0ac7\u0a93 \u0ab5\u0aa7\u0ac1 \u0aa8\u0ac7 \u0aac\u0aa7\u0ac1 \u0aa7\u0aa8 \u0aae\u0ac7\u0ab3\u0ab5\u0ab5\u0abe \u0aae\u0abe\u0a97\u0ac7 \u0a9b\u0ac7. \u0aaa\u0ab0\u0a82\u0aa4\u0ac1 \u0a86\u0aae \u0a95\u0ab0\u0aa4\u0abe\u0a82 \u0aa4\u0ac7\u0a93 \u0aaa\u0acb\u0aa4\u0abe\u0aa8\u0ac0 \u0a9c\u0abe\u0aa4\u0ac7 \u0a98\u0aa3\u0ac0 \u0aa4\u0acd\u0ab0\u0abe\u0ab8\u0aa6\u0abe\u0aaf\u0a95 \u0aae\u0ac1\u0ab6\u0acd\u0a95\u0ac7\u0ab2\u0ac0\u0a93 \u0a8a\u0aad\u0ac0 \u0a95\u0ab0\u0ac0 \u0ab8\u0ab9\u0aa8 \u0a95\u0ab0\u0ac7 \u0a9b\u0ac7."},{"Verseid":"53005010","Verse":"\u0aaa\u0ab0\u0a82\u0aa4\u0ac1 \u0aa4\u0ac1\u0a82 \u0aa4\u0acb \u0aa6\u0ac7\u0ab5\u0aad\u0a95\u0acd\u0aa4 \u0a9b\u0ac7. \u0aa4\u0ac7\u0aa5\u0ac0 \u0a8f \u0aac\u0aa7\u0ac0 \u0aac\u0abe\u0aac\u0aa4\u0acb\u0aa5\u0ac0 \u0aa4\u0abe\u0ab0\u0ac7 \u0aa6\u0ac2\u0ab0 \u0ab0\u0ab9\u0ac7\u0ab5\u0ac1\u0a82 \u0a9c\u0acb\u0a88\u0a8f. \u0aa8\u0acd\u0aaf\u0abe\u0aaf\u0ac0 \u0aae\u0abe\u0ab0\u0acd\u0a97\u0ac7 \u0a9c\u0ac0\u0ab5\u0ab5\u0abe\u0aa8\u0acb \u0aaa\u0acd\u0ab0\u0aaf\u0aa4\u0acd\u0aa8 \u0a95\u0ab0, \u0aad\u0a95\u0acd\u0aa4\u0abf\u0aad\u0abe\u0ab5, \u0ab5\u0abf\u0ab6\u0acd\u0ab5\u0abe\u0ab8, \u0aaa\u0acd\u0ab0\u0ac7\u0aae, \u0aa7\u0ac0\u0ab0\u0a9c \u0aa4\u0aa5\u0abe \u0aa8\u0aae\u0acd\u0ab0\u0aa4\u0abe\u0aa8\u0abe \u0ab8\u0aa6\u0a97\u0ac1\u0aa3 \u0a95\u0ac7\u0ab3\u0ab5."},{"Verseid":"53005011","Verse":"\u0ab5\u0abf\u0ab6\u0acd\u0ab5\u0abe\u0ab8 \u0a9f\u0a95\u0abe\u0ab5\u0ac0 \u0ab0\u0abe\u0a96\u0ab5\u0acb \u0a8f \u0ab8\u0acd\u0aaa\u0ab0\u0acd\u0aa7\u0abe\u0aa8\u0ac0 \u0ab9\u0ab0\u0ac0\u0aab\u0abe\u0a88\u0aae\u0abe\u0a82 \u0a89\u0aa4\u0ab0\u0ab5\u0abe \u0a9c\u0ac7\u0ab5\u0ac1\u0a82 \u0a9b\u0ac7. \u0a8f \u0ab8\u0acd\u0aaa\u0ab0\u0acd\u0aa7\u0abe \u0a9c\u0ac0\u0aa4\u0ab5\u0abe \u0aa4\u0abe\u0ab0\u0abe\u0aa5\u0ac0 \u0a9c\u0ac7\u0aae \u0aac\u0aa8\u0ac7 \u0aa4\u0ac7\u0aae \u0ab8\u0a96\u0aa4 \u0aaa\u0acd\u0ab0\u0aaf\u0aa4\u0acd\u0aa8 \u0a95\u0ab0\u0a9c\u0ac7. \u0a85\u0aa8\u0a82\u0aa4\u0a9c\u0ac0\u0ab5\u0aa8 \u0aa4\u0aa8\u0ac7 \u0aaa\u0acd\u0ab0\u0abe\u0aaa\u0acd\u0aa4 \u0aa5\u0abe\u0aaf \u0a8f\u0aa8\u0ac0 \u0a96\u0abe\u0aa4\u0ab0\u0ac0 \u0a95\u0ab0\u0a9c\u0ac7. \u0a8f\u0ab5\u0ac1\u0a82 \u0a9c\u0ac0\u0ab5\u0aa8 \u0aa4\u0aa8\u0ac7 \u0aae\u0ab3\u0ac7 \u0a8f \u0aae\u0abe\u0a9f\u0ac7 \u0aa4\u0aa8\u0ac7 \u0aa4\u0ac7\u0aa1\u0ab5\u0abe\u0aae\u0abe\u0a82 \u0a86\u0ab5\u0acd\u0aaf\u0acb \u0a9b\u0ac7. \u0a85\u0aa8\u0ac7 \u0a96\u0acd\u0ab0\u0abf\u0ab8\u0acd\u0aa4 \u0ab5\u0abf\u0ab7\u0ac7\u0aa8\u0abe \u0aae\u0ab9\u0abe\u0aa8 \u0ab8\u0aa4\u0acd\u0aaf\u0aa8\u0ac0 \u0aa4\u0ac7\u0a82 \u0a8f\u0ab5\u0ac0 \u0ab0\u0ac0\u0aa4\u0ac7 \u0a95\u0aac\u0ac2\u0ab2\u0abe\u0aa4 \u0a95\u0ab0\u0ac0 \u0a9b\u0ac7 \u0a95\u0ac7 \u0a9c\u0ac7\u0aa8\u0abe \u0a98\u0aa3\u0abe \u0ab2\u0acb\u0a95\u0acb \u0ab8\u0abe\u0a95\u0acd\u0ab7\u0ac0 \u0a9b\u0ac7."},{"Verseid":"53005012","Verse":"\u0aa6\u0ac7\u0ab5 \u0a85\u0aa8\u0ac7 \u0a88\u0ab8\u0ac1 \u0a96\u0acd\u0ab0\u0abf\u0ab8\u0acd\u0aa4 \u0a86\u0a97\u0ab3 \u0ab9\u0ac1\u0a82 \u0aa4\u0aa8\u0ac7 \u0a86\u0a9c\u0acd\u0a9e\u0abe \u0a86\u0aaa\u0ac1\u0a82 \u0a9b\u0ac1\u0a82. \u0a9c\u0acd\u0aaf\u0abe\u0ab0\u0ac7 \u0a96\u0acd\u0ab0\u0abf\u0ab8\u0acd\u0aa4 \u0a88\u0ab8\u0ac1 \u0aaa\u0acb\u0a82\u0aa4\u0abf\u0aaf\u0ac1\u0ab8 \u0aaa\u0abf\u0ab2\u0abe\u0aa4 \u0a86\u0a97\u0ab3 \u0a8a\u0aad\u0acb \u0ab0\u0ab9\u0acd\u0aaf\u0acb \u0aa4\u0acd\u0aaf\u0abe\u0ab0\u0ac7 \u0aa4\u0ac7\u0aa3\u0ac7 \u0aaa\u0aa3 \u0a86\u0a9c \u0aae\u0ab9\u0abe\u0aa8 \u0ab8\u0aa4\u0acd\u0aaf \u0a95\u0aac\u0ac2\u0ab2 \u0a95\u0ab0\u0acd\u0aaf\u0ac1 \u0ab9\u0aa4\u0ac1\u0a82. \u0a85\u0aa8\u0ac7 \u0aaa\u0acd\u0ab0\u0aa4\u0acd\u0aaf\u0ac7\u0a95\u0aa8\u0ac7 \u0a9c\u0ac0\u0ab5\u0aa8 \u0a86\u0aaa\u0aa8\u0abe\u0ab0 \u0a8f\u0a95 \u0aae\u0abe\u0aa4\u0acd\u0ab0 \u0a8f\u0ab5\u0acb \u0aa6\u0ac7\u0ab5 \u0a9c \u0a9b\u0ac7. \u0ab9\u0ab5\u0ac7 \u0a9c\u0ac7 \u0ab9\u0ac1\u0a82 \u0aa4\u0aa8\u0ac7 \u0a95\u0ab9\u0ac1\u0a82 \u0a9b\u0ac1\u0a82:"},{"Verseid":"53005013","Verse":"\u0aa4\u0aa8\u0ac7 \u0a9c\u0ac7 \u0a9c\u0ac7 \u0a95\u0abe\u0ab0\u0acd\u0aaf\u0acb \u0a95\u0ab0\u0ab5\u0abe\u0aa8\u0ac0 \u0a86\u0a9c\u0acd\u0a9e\u0abe \u0a95\u0ab0\u0ab5\u0abe\u0aae\u0abe\u0a82 \u0a86\u0ab5\u0ac0 \u0ab9\u0aa4\u0ac0 \u0aa4\u0ac7 \u0a95\u0ab0. \u0a86\u0aaa\u0aa3\u0abe \u0aaa\u0acd\u0ab0\u0aad\u0ac1 \u0a88\u0ab8\u0ac1 \u0a96\u0acd\u0ab0\u0abf\u0ab8\u0acd\u0aa4\u0aa8\u0ac1\u0a82 \u0aaa\u0ac1\u0aa8\u0ab0\u0abe\u0a97\u0aae\u0aa8 \u0aa8 \u0aa5\u0abe\u0aaf \u0aa4\u0acd\u0aaf\u0abe\u0a82 \u0ab8\u0ac1\u0aa7\u0ac0 \u0aa4\u0ac1\u0a82 \u0a8f \u0a95\u0abe\u0ab0\u0acd\u0aaf\u0acb \u0a95\u0acb\u0a88 \u0aaa\u0aa3 \u0aa6\u0acb\u0ab7 \u0a95\u0ac7 \u0aad\u0ac2\u0ab2 \u0a95\u0ab0\u0acd\u0aaf\u0abe \u0ab5\u0a97\u0ab0 \u0a95\u0ab0\u0aa4\u0acb \u0ab0\u0ab9\u0ac7."},{"Verseid":"53005014","Verse":"\u0aaf\u0acb\u0a97\u0acd\u0aaf \u0ab8\u0aae\u0aaf\u0ac7 \u0a8f \u0a98\u0a9f\u0aa8\u0abe \u0a98\u0a9f\u0ac7 \u0a8f\u0ab5\u0ac1\u0a82 \u0aa6\u0ac7\u0ab5 \u0a95\u0ab0\u0abe\u0ab5\u0ab6\u0ac7. \u0a9c\u0ac7 \u0aa7\u0aa8\u0acd\u0aaf \u0aa4\u0aa5\u0abe \u0a8f\u0a95\u0ab2\u0acb \u0ab8\u0acd\u0ab5\u0abe\u0aae\u0ac0 \u0a9b\u0ac7. \u0a9c\u0ac7 \u0ab0\u0abe\u0a9c\u0abe\u0a93\u0aa8\u0acb \u0ab0\u0abe\u0a9c\u0abe \u0a85\u0aa8\u0ac7 \u0aaa\u0acd\u0ab0\u0aad\u0ac1\u0a93\u0aa8\u0acb \u0aaa\u0acd\u0ab0\u0aad\u0ac1 \u0a9b\u0ac7."},{"Verseid":"53005015","Verse":"\u0aa6\u0ac7\u0ab5 \u0a8f\u0a95\u0ab2\u0abe\u0aa8\u0ac7 \u0a85\u0aae\u0ab0\u0aaa\u0aa3\u0ac1\u0a82 \u0a9b\u0ac7. \u0aa6\u0ac7\u0ab5 \u0aa4\u0acb \u0a8f\u0ab5\u0abe \u0a9d\u0ab3\u0ab9\u0ab3\u0aa4\u0abe \u0aaa\u0acd\u0ab0\u0a95\u0abe\u0ab6\u0aae\u0abe\u0a82 \u0ab0\u0ab9\u0ac7 \u0a9b\u0ac7 \u0a95\u0ac7 \u0aae\u0abe\u0aa8\u0ab5\u0acb \u0a8f\u0aa8\u0ac0 \u0aa8\u0a9c\u0ac0\u0a95 \u0a9c\u0a88 \u0ab6\u0a95\u0acd\u0aa4\u0abe \u0aa8\u0aa5\u0ac0. \u0a95\u0acb\u0a88 \u0aaa\u0aa3 \u0ab5\u0acd\u0aaf\u0a95\u0acd\u0aa4\u0abf\u0a8f \u0a95\u0aa6\u0ac0 \u0aa6\u0ac7\u0ab5\u0aa8\u0ac7 \u0a9c\u0acb\u0aaf\u0acb \u0aa8\u0aa5\u0ac0. \u0aa6\u0ac7\u0ab5\u0aa8\u0ac7 \u0a9c\u0acb\u0ab5\u0abe \u0aae\u0abe\u0a9f\u0ac7 \u0a95\u0acb\u0a88 \u0aaa\u0aa3 \u0ab5\u0acd\u0aaf\u0a95\u0acd\u0aa4\u0abf \u0ab6\u0a95\u0acd\u0aa4\u0abf\u0aae\u0abe\u0aa8 \u0aa8\u0aa5\u0ac0. \u0aa4\u0ac7\u0aa8\u0ac7 \u0ab8\u0aa6\u0abe\u0a95\u0abe\u0ab3 \u0a97\u0acc\u0ab0\u0ab5 \u0aa4\u0aa5\u0abe \u0ab8\u0abe\u0ab0\u0acd\u0aae\u0aa5\u0acd\u0aaf \u0ab9\u0acb. \u0a86\u0aae\u0ac0\u0aa8."},{"Verseid":"53005016","Verse":"\u0aa6\u0ac1\u0aa8\u0acd\u0aaf\u0ab5\u0ac0 \u0a9a\u0ac0\u0a9c-\u0ab5\u0ab8\u0acd\u0aa4\u0ac1\u0a93 \u0ab5\u0aa1\u0ac7 \u0aa7\u0aa8\u0abf\u0a95 \u0aa5\u0aaf\u0ac7\u0ab2\u0abe \u0ab2\u0acb\u0a95\u0acb\u0aa8\u0ac7 \u0aa4\u0ac1\u0a82 \u0a95\u0ab9\u0ac7\u0a9c\u0ac7 \u0a95\u0ac7 \u0aa4\u0ac7\u0a93 \u0a85\u0aad\u0abf\u0aae\u0abe\u0aa8\u0ac0 \u0aa8 \u0aac\u0aa8\u0ac7. \u0a8f \u0aa7\u0aa8\u0ab5\u0abe\u0aa8 \u0ab2\u0acb\u0a95\u0acb\u0aa8\u0ac7 \u0aa4\u0ac1\u0a82 \u0a95\u0ab9\u0ac7 \u0a95\u0ac7 \u0aa4\u0ac7\u0a93 \u0aa4\u0ac7\u0a93\u0aa8\u0abe \u0aa7\u0aa8\u0aae\u0abe\u0a82 \u0aa8\u0ab9\u0abf, \u0aaa\u0ab0\u0a82\u0aa4\u0ac1 \u0aa6\u0ac7\u0ab5\u0aae\u0abe\u0a82 \u0a86\u0ab6\u0abe \u0ab0\u0abe\u0a96\u0ac7. \u0aaa\u0ac8\u0ab8\u0abe\u0aa8\u0acb \u0ab5\u0abf\u0ab6\u0acd\u0ab5\u0abe\u0ab8 \u0a95\u0ab0\u0ac0 \u0aa8 \u0ab6\u0a95\u0abe\u0aaf. \u0aaa\u0ab0\u0a82\u0aa4\u0ac1 \u0aa6\u0ac7\u0ab5 \u0a96\u0ac2\u0aac \u0ab8\u0abe\u0ab0\u0ac0 \u0ab0\u0ac0\u0aa4\u0ac7 \u0a86\u0aaa\u0aa3\u0ac0 \u0ab8\u0a82\u0aad\u0abe\u0ab3 \u0ab2\u0ac7 \u0a9b\u0ac7. \u0aa4\u0ac7 \u0a86\u0aaa\u0aa3\u0aa8\u0ac7 \u0aa6\u0ab0\u0ac7\u0a95 \u0ab5\u0ab8\u0acd\u0aa4\u0ac1 \u0a86\u0aa8\u0a82\u0aa6\u0aa5\u0ac0 \u0aae\u0abe\u0aa3\u0ab5\u0abe \u0a86\u0aaa\u0ac7 \u0a9b\u0ac7."},{"Verseid":"53005017","Verse":"\u0aa4\u0ac1\u0a82 \u0aaa\u0ac8\u0ab8\u0abe\u0aa6\u0abe\u0ab0 \u0ab2\u0acb\u0a95\u0acb\u0aa8\u0ac7 \u0ab8\u0abe\u0ab0\u0abe\u0a82 \u0a95\u0abe\u0ab0\u0acd\u0aaf\u0acb \u0a95\u0ab0\u0ab5\u0abe\u0aa8\u0ac1\u0a82 \u0a95\u0ab9\u0ac7. \u0ab8\u0abe\u0ab0\u0abe\u0a82 \u0a95\u0abe\u0ab0\u0acd\u0aaf\u0acb \u0a95\u0ab0\u0ac0\u0aa8\u0ac7 \u0ab8\u0aae\u0ac3\u0aa6\u0acd\u0aa7 \u0aa5\u0abe\u0aaf. \u0aa4\u0ac7\u0a93 \u0aad\u0ab2\u0ac1\u0a82 \u0a95\u0ab0\u0ac7. \u0a89\u0aa4\u0acd\u0aa4\u0aae \u0a95\u0abe\u0ab0\u0acd\u0aaf\u0acb \u0ab0\u0ac1\u0a82\u0aaa\u0ac0 \u0ab8\u0aae\u0ac3\u0aa6\u0acd\u0aa7\u0abf \u0aaa\u0acd\u0ab0\u0abe\u0aaa\u0acd\u0aa4 \u0a95\u0ab0\u0ac7 \u0a85\u0aa8\u0ac7 \u0a89\u0aa6\u0abe\u0ab0 \u0aa4\u0aa5\u0abe \u0aaa\u0ab0\u0acb\u0aaa\u0a95\u0abe\u0ab0\u0ac0 \u0aa5\u0abe\u0aaf."},{"Verseid":"53005018","Verse":"\u0a8f\u0ab5\u0ac1\u0a82 \u0a95\u0ab0\u0ac0\u0aa8\u0ac7 \u0aa4\u0ac7\u0a93 \u0aaa\u0acb\u0aa4\u0abe\u0aa8\u0abe \u0aae\u0abe\u0a9f\u0ac7 \u0a86\u0a95\u0abe\u0ab6\u0aae\u0abe\u0a82 \u0a8f\u0a95 \u0a96\u0a9c\u0abe\u0aa8\u0acb \u0ab8\u0a82\u0a97\u0acd\u0ab0\u0ab9 \u0a95\u0ab0\u0ab6\u0ac7. \u0aa4\u0ac7 \u0a96\u0a9c\u0abe\u0aa8\u0acb \u0aae\u0a9c\u0aac\u0ac2\u0aa4 \u0ab8\u0acd\u0aa4\u0a82\u0aad \u0aac\u0aa8\u0ab6\u0ac7 - \u0aa4\u0ac7 \u0a96\u0a9c\u0abe\u0aa8\u0abe \u0a89\u0aaa\u0ab0 \u0aa4\u0ac7\u0a93 \u0aa4\u0ac7 \u0aad\u0ab5\u0abf\u0ab7\u0acd\u0aaf\u0aa8\u0ac1\u0a82 \u0aa8\u0abf\u0ab0\u0acd\u0aae\u0abe\u0aa3 \u0a95\u0ab0\u0ac0 \u0ab6\u0a95\u0ab6\u0ac7. \u0a9c\u0ac7\u0aa5\u0ac0 \u0aa4\u0ac7\u0a93 \u0a9c\u0ac7 \u0a96\u0ab0\u0ac7\u0a96\u0ab0\u0ac1\u0a82 \u0a9c\u0ac0\u0ab5\u0aa8 \u0a9b\u0ac7 \u0aa4\u0ac7 \u0aaa\u0acd\u0ab0\u0abe\u0aaa\u0acd\u0aa4 \u0a95\u0ab0\u0ac0 \u0ab6\u0a95\u0ac7."},{"Verseid":"53005019","Verse":"\u0aa4\u0abf\u0aae\u0acb\u0aa5\u0ac0, \u0aa6\u0ac7\u0ab5\u0ac7 \u0aa4\u0abe\u0ab0\u0abe\u0aae\u0abe\u0a82 \u0ab5\u0abf\u0ab6\u0acd\u0ab5\u0abe\u0ab8 \u0aae\u0ac2\u0a95\u0ac0\u0aa8\u0ac7 \u0aa4\u0aa8\u0ac7 \u0a98\u0aa3\u0ac0 \u0ab5\u0ab8\u0acd\u0aa4\u0ac1\u0a93 \u0ab8\u0acb\u0a82\u0aaa\u0ac0 \u0a9b\u0ac7. \u0aa4\u0ac7 \u0ab5\u0ab8\u0acd\u0aa4\u0ac1\u0a93\u0aa8\u0ac7 \u0aa4\u0ac1\u0a82 \u0ab8\u0ac1\u0ab0\u0a95\u0acd\u0ab7\u0abf\u0aa4 \u0ab0\u0abe\u0a96\u0a9c\u0ac7. \u0aa6\u0ac7\u0ab5 \u0aa4\u0ab0\u0aab\u0aa5\u0ac0 \u0a86\u0ab5\u0aa4\u0ac0 \u0aa8 \u0ab9\u0acb\u0aaf \u0a8f\u0ab5\u0ac0 \u0aae\u0ac2\u0ab0\u0acd\u0a96\u0abe\u0a88 \u0aad\u0ab0\u0ac0 \u0ab5\u0abe\u0aa4\u0acb \u0a95\u0ab0\u0aa4\u0abe\u0a82 \u0ab2\u0acb\u0a95\u0acb\u0aa5\u0ac0 \u0aa4\u0ac1\u0a82 \u0aa6\u0ac2\u0ab0 \u0ab0\u0ab9\u0ac7\u0a9c\u0ac7. \u0ab8\u0aa4\u0acd\u0aaf\u0aa8\u0ac0 \u0ab5\u0abf\u0ab0\u0ac2\u0aa6\u0acd\u0aa7\u0aae\u0abe\u0a82 \u0aa6\u0ab2\u0ac0\u0ab2\u0acb \u0a95\u0ab0\u0aa4\u0abe\u0a82 \u0ab2\u0acb\u0a95\u0acb\u0aa5\u0ac0 \u0aa4\u0ac1\u0a82 \u0aa6\u0ac2\u0ab0 \u0ab0\u0ab9\u0ac7\u0a9c\u0ac7. \u0aa4\u0ac7\u0a93 \u0a9c\u0ac7\u0aa8\u0ac7 \u201c\u0a9c\u0acd\u0a9e\u0abe\u0aa8\u201d \u0aa4\u0ab0\u0ac0\u0a95\u0ac7 \u0a93\u0ab3\u0a96\u0abe\u0ab5\u0ac7 \u0a9b\u0ac7, \u0aa4\u0ac7\u0aa8\u0acb \u0aa4\u0ac7 \u0ab2\u0acb\u0a95\u0acb \u0a89\u0aaa\u0aaf\u0acb\u0a97 \u0a95\u0ab0\u0ac7 \u0a9b\u0ac7. \u0aaa\u0ab0\u0a82\u0aa4\u0ac1 \u0a96\u0ab0\u0ac7\u0a96\u0ab0 \u0aa4\u0acb \u0aa4\u0ac7 \u0a9c\u0acd\u0a9e\u0abe\u0aa8 \u0aa8\u0aa5\u0ac0."},{"Verseid":"53005020","Verse":"\u0a95\u0ac7\u0a9f\u0ab2\u0abe\u0a8f\u0a95 \u0ab2\u0acb\u0a95\u0acb \u0a8f\u0ab5\u0ac1\u0a82 \u0a95\u0ab9\u0ac7\u0aa4\u0abe \u0ab9\u0acb\u0aaf \u0a9b\u0ac7 \u0a95\u0ac7 \u0aa4\u0ac7\u0a93\u0aa8\u0ac0 \u0aaa\u0abe\u0ab8\u0ac7 \u0a8f \u201c\u0a9c\u0acd\u0a9e\u0abe\u0aa8\u201d \u0a9b\u0ac7. \u0a8f \u0ab2\u0acb\u0a95\u0acb\u0a8f \u0ab8\u0aa4\u0acd\u0aaf \u0ab5\u0abf\u0ab6\u0acd\u0ab5\u0abe\u0ab8 \u0aa4\u0a9c\u0acd\u0aaf\u0acb \u0a9b\u0ac7.\u0aa4\u0aae \u0ab8\u0ab0\u0acd\u0ab5 \u0aaa\u0ab0 \u0aa6\u0ac7\u0ab5\u0aa8\u0ac0 \u0a95\u0ac3\u0aaa\u0abe \u0aa5\u0abe\u0a93. \ufeff"}]}]}