{"Chapter":[{"Verse":[{"Verseid":"54000000","Verse":"\u0a88\u0ab8\u0ac1 \u0a96\u0acd\u0ab0\u0abf\u0ab8\u0acd\u0aa4\u0aa8\u0abe \u0aaa\u0acd\u0ab0\u0ac7\u0ab0\u0abf\u0aa4 \u0aaa\u0abe\u0a89\u0ab2 \u0aa4\u0ab0\u0aab\u0aa5\u0ac0 \u0a95\u0ac1\u0ab6\u0ab3\u0aa4\u0abe \u0ab9\u0acb. \u0aa6\u0ac7\u0ab5\u0aa8\u0ac0 \u0a87\u0a9a\u0acd\u0a9b\u0abe\u0aa5\u0ac0 \u0ab9\u0ac1\u0a82 \u0aaa\u0acd\u0ab0\u0ac7\u0ab0\u0abf\u0aa4 \u0aac\u0aa8\u0acd\u0aaf\u0acb \u0a9b\u0ac1\u0a82. \u0a96\u0acd\u0ab0\u0abf\u0ab8\u0acd\u0aa4 \u0a88\u0ab8\u0ac1\u0aae\u0abe\u0a82 \u0a9c\u0ac0\u0ab5\u0aa8 \u0ab5\u0abf\u0ab7\u0ac7 \u0a9c\u0ac7 \u0ab5\u0a9a\u0aa8 \u0a9b\u0ac7 \u0aa4\u0ac7 \u0ab5\u0abf\u0ab7\u0ac7 \u0ab2\u0acb\u0a95\u0acb\u0aa8\u0ac7 \u0a9c\u0aa3\u0abe\u0ab5\u0ab5\u0abe \u0aa6\u0ac7\u0ab5\u0ac7 \u0aae\u0aa8\u0ac7 \u0aae\u0acb\u0a95\u0ab2\u0acd\u0aaf\u0acb \u0a9b\u0ac7."},{"Verseid":"54000001","Verse":"\u0ab9\u0ab5\u0ac7 \u0aa4\u0abf\u0aae\u0acb\u0aa5\u0ac0\u0aa8\u0ac7 \u0ab8\u0a82\u0aac\u0acb\u0aa7\u0aa8 \u0a95\u0ab0\u0ac1\u0a82 \u0a9b\u0ac1\u0a82. \u0aa4\u0ac1\u0a82 \u0aa4\u0acb \u0aae\u0abe\u0ab0\u0abe \u0aaa\u0acd\u0ab0\u0abf\u0aaf \u0aaa\u0ac1\u0aa4\u0acd\u0ab0 \u0ab8\u0aae\u0abe\u0aa8 \u0a9b\u0ac7. \u0aa6\u0ac7\u0ab5-\u0aaa\u0abf\u0aa4\u0abe \u0aa4\u0aa5\u0abe \u0a86\u0aaa\u0aa3\u0abe \u0aaa\u0acd\u0ab0\u0aad\u0ac1 \u0a88\u0ab8\u0ac1 \u0a96\u0acd\u0ab0\u0abf\u0ab8\u0acd\u0aa4 \u0aa4\u0ab0\u0aab\u0aa5\u0ac0 \u0aa4\u0aa8\u0ac7 \u0a95\u0ac3\u0aaa\u0abe, \u0aa6\u0aaf\u0abe \u0a85\u0aa8\u0ac7 \u0ab6\u0abe\u0a82\u0aa4\u0abf \u0aaa\u0acd\u0ab0\u0abe\u0aaa\u0acd\u0aa4 \u0aa5\u0abe\u0a93."},{"Verseid":"54000002","Verse":"\u0ab0\u0abe\u0aa4-\u0aa6\u0abf\u0ab5\u0ab8 \u0ab9\u0a82\u0aae\u0ac7\u0ab6\u0abe \u0aae\u0abe\u0ab0\u0ac0 \u0aaa\u0acd\u0ab0\u0abe\u0ab0\u0acd\u0aa5\u0aa8\u0abe\u0a93\u0aae\u0abe\u0a82 \u0ab9\u0ac1\u0a82 \u0aa4\u0aa8\u0ac7 \u0aaf\u0abe\u0aa6 \u0a95\u0ab0\u0ac1\u0a82 \u0a9b\u0ac1\u0a82. \u0a8f \u0aaa\u0acd\u0ab0\u0abe\u0ab0\u0acd\u0aa5\u0aa8\u0abe\u0a93\u0aae\u0abe\u0a82 \u0aa4\u0abe\u0ab0\u0abe \u0aae\u0abe\u0a9f\u0ac7 \u0ab9\u0ac1\u0a82 \u0aa6\u0ac7\u0ab5\u0aa8\u0ac0 \u0a86\u0aad\u0abe\u0ab0\u0ab8\u0acd\u0aa4\u0ac1\u0aa4\u0abf \u0a95\u0ab0\u0ac1\u0a82 \u0a9b\u0ac1\u0a82. \u0aae\u0abe\u0ab0\u0abe \u0aaa\u0ac2\u0ab0\u0acd\u0ab5\u0a9c\u0acb \u0a9c\u0ac7\u0aa8\u0ac0 \u0ab8\u0ac7\u0ab5\u0abe \u0a95\u0ab0\u0aa4\u0abe \u0ab9\u0aa4\u0abe \u0aa4\u0ac7 \u0a8f \u0a9c \u0aa6\u0ac7\u0ab5 \u0a9b\u0ac7. \u0ab9\u0ac1\u0a82 \u0a9c\u0ac7 \u0a9c\u0abe\u0aa3\u0ac1\u0a82 \u0a9b\u0ac1\u0a82 \u0aa4\u0ac7 \u0ab8\u0abe\u0a9a\u0ac1\u0a82 \u0a9b\u0ac7 \u0a8f\u0aae \u0ab8\u0aae\u0a9c\u0ac0, \u0aae\u0ac7\u0a82 \u0ab9\u0a82\u0aae\u0ac7\u0ab6\u0abe \u0a8f \u0aa6\u0ac7\u0ab5\u0aa8\u0ac0 \u0ab8\u0ac7\u0ab5\u0abe \u0a95\u0ab0\u0ac0 \u0a9b\u0ac7."},{"Verseid":"54000003","Verse":"\u0aa4\u0abe\u0ab0\u0abe\u0a82 \u0a86\u0a82\u0ab8\u0ac1\u0a93 \u0ab8\u0a82\u0aad\u0abe\u0ab0\u0aa4\u0abe\u0a82 \u0aa4\u0aa8\u0ac7 \u0aae\u0ab3\u0ab5\u0abe\u0aa8\u0ac1\u0a82 \u0aae\u0aa8\u0ac7 \u0a98\u0aa3\u0ac1\u0a82 \u0aae\u0aa8 \u0aa5\u0abe\u0aaf \u0a9b\u0ac7 \u0a9c\u0ac7\u0aa5\u0ac0 \u0aae\u0abe\u0ab0\u0ac1\u0a82 \u0ab9\u0ac8\u0aaf\u0ac1\u0a82 \u0a86\u0aa8\u0a82\u0aa6\u0aa5\u0ac0 \u0a9b\u0ab2\u0a95\u0abe\u0a87 \u0a9c\u0abe\u0aaf."},{"Verseid":"54000004","Verse":"\u0aa4\u0abe\u0ab0\u0acb \u0ab8\u0abe\u0a9a\u0acb \u0ab5\u0abf\u0ab6\u0acd\u0ab5\u0abe\u0ab8 \u0aaa\u0aa3 \u0aae\u0aa8\u0ac7 \u0aaf\u0abe\u0aa6 \u0a86\u0ab5\u0ac7 \u0a9b\u0ac7. \u0aa4\u0abe\u0ab0\u0ac0 \u0aa6\u0abe\u0aa6\u0ac0 \u0ab2\u0acb\u0a88\u0ab8 \u0a85\u0aa8\u0ac7 \u0aa4\u0abe\u0ab0\u0ac0 \u0aae\u0abe\u0aa4\u0abe \u0aaf\u0ac1\u0aa8\u0abf\u0a95\u0abe \u0ab8\u0acc \u0aaa\u0acd\u0ab0\u0aa5\u0aae \u0a8f\u0ab5\u0acb \u0a9c \u0ab5\u0abf\u0ab6\u0acd\u0ab5\u0abe\u0ab8 \u0aa7\u0ab0\u0abe\u0ab5\u0aa4\u0abe\u0a82 \u0ab9\u0aa4\u0abe\u0a82. \u0ab9\u0ac1\u0a82 \u0a9c\u0abe\u0aa3\u0ac1\u0a82 \u0a9b\u0ac1\u0a82 \u0a95\u0ac7 \u0a8f \u0a9c \u0ab5\u0abf\u0ab6\u0acd\u0ab5\u0abe\u0ab8 \u0ab9\u0ab5\u0ac7 \u0aa4\u0ac1\u0a82 \u0aa7\u0ab0\u0abe\u0ab5\u0ac7 \u0a9b\u0ac7."},{"Verseid":"54000005","Verse":"\u0aae\u0abe\u0a9f\u0ac7 \u0ab9\u0ac1\u0a82 \u0aa4\u0aa8\u0ac7 \u0aaf\u0abe\u0aa6 \u0aa6\u0ac7\u0ab5\u0aa1\u0abe\u0ab5\u0abe \u0a88\u0a9a\u0acd\u0a9b\u0ac1\u0a82 \u0a9b\u0ac1\u0a82 \u0a95\u0ac7, \u0a9c\u0acd\u0aaf\u0abe\u0ab0\u0ac7 \u0aae\u0ac7\u0a82 \u0aae\u0abe\u0ab0\u0abe \u0ab9\u0abe\u0aa5\u0acb \u0aa4\u0abe\u0ab0\u0abe \u0aae\u0abe\u0aa5\u0abe \u0aaa\u0ab0 \u0aae\u0ac2\u0a95\u0acd\u0aaf\u0abe, \u0aa6\u0ac7\u0ab5\u0ac7 \u0aa4\u0aa8\u0ac7 \u0aa4\u0ac7 \u0a95\u0ac3\u0aaa\u0abe\u0aa6\u0abe\u0aa8 \u0a86\u0aaa\u0acd\u0aaf\u0ac1\u0a82. \u0a9c\u0ac7\u0aae \u0a8f\u0a95 \u0aa8\u0abe\u0aa8\u0ac0 \u0ab8\u0ab0\u0a96\u0ac0 \u0a9c\u0acd\u0aaf\u0acb\u0aa4 \u0aa7\u0ac0\u0ab0\u0ac7 \u0aa7\u0ac0\u0ab0\u0ac7 \u0aae\u0acb\u0a9f\u0abe \u0a85\u0a97\u0acd\u0aa8\u0abf\u0aae\u0abe\u0a82 \u0aaa\u0ab0\u0abf\u0ab5\u0ab0\u0acd\u0aa4\u0aa8 \u0aaa\u0abe\u0aae\u0ac7 \u0a9b\u0ac7, \u0aa4\u0ac7\u0aae \u0aa6\u0ac7\u0ab5\u0ac7 \u0aa4\u0aa8\u0ac7 \u0a86\u0aaa\u0ac7\u0ab2 \u0aa4\u0ac7 \u0a96\u0abe\u0ab8 \u0a95\u0ac3\u0aaa\u0abe\u0aa6\u0abe\u0aa8 \u0ab5\u0aa7\u0ac1 \u0aa8\u0ac7 \u0ab5\u0aa7\u0ac1 \u0a96\u0ac0\u0ab2\u0ac7 \u0a85\u0aa8\u0ac7 \u0aa4\u0ac1\u0a82 \u0a8f\u0aa8\u0acb \u0a89\u0aaa\u0aaf\u0acb\u0a97 \u0a95\u0ab0\u0ac7 \u0a8f\u0aae \u0ab9\u0ac1\u0a82 \u0a88\u0a9a\u0acd\u0a9b\u0ac1\u0a82 \u0a9b\u0ac1\u0a82."},{"Verseid":"54000006","Verse":"\u0a95\u0ac7\u0aae \u0a95\u0ac7 \u0aa6\u0ac7\u0ab5\u0ac7 \u0a86\u0aaa\u0aa3\u0aa8\u0ac7 \u0aad\u0aaf\u0aa8\u0acb \u0a86\u0aa4\u0acd\u0aae\u0abe \u0aa8\u0ab9\u0abf, \u0aaa\u0aa3 \u0ab8\u0abe\u0ab0\u0acd\u0aae\u0aa5\u0acd\u0aaf\u0aa8\u0acb \u0aa4\u0aa5\u0abe \u0aaa\u0acd\u0ab0\u0ac7\u0aae\u0aa8\u0acb \u0aa4\u0aa5\u0abe \u0ab8\u0abe\u0ab5\u0aa7 \u0aac\u0ac1\u0aa7\u0acd\u0aa7\u0abf\u0aa8\u0acb \u0a86\u0aa4\u0acd\u0aae\u0abe \u0a86\u0aaa\u0acd\u0aaf\u0acb \u0a9b\u0ac7."},{"Verseid":"54000007","Verse":"\u0aa4\u0ac7\u0aa5\u0ac0 \u0a86\u0aaa\u0aa3\u0abe \u0aaa\u0acd\u0ab0\u0aad\u0ac1 \u0a88\u0ab8\u0ac1 \u0ab5\u0abf\u0ab7\u0ac7 \u0ab2\u0acb\u0a95\u0acb\u0aa8\u0ac7 \u0a95\u0ab9\u0ac7\u0aa4\u0abe\u0a82 \u0aa4\u0ac1\u0a82 \u0ab6\u0ab0\u0aae \u0a95\u0ac7 \u0ab8\u0a82\u0a95\u0acb\u0a9a \u0aa8 \u0ab0\u0abe\u0a96\u0ac0\u0ab6. \u0a85\u0aa8\u0ac7 \u0aae\u0abe\u0ab0\u0abe \u0aae\u0abe\u0a9f\u0ac7 \u0aaa\u0aa3 \u0aa4\u0abe\u0ab0\u0ac7 \u0ab6\u0ab0\u0aae\u0abf\u0a82\u0aa6\u0abe \u0aac\u0aa8\u0ab5\u0abe\u0aa8\u0ac0 \u0a9c\u0ab0\u0ac2\u0ab0 \u0aa8\u0aa5\u0ac0 \u0a95\u0ac7\u0aae \u0a95\u0ac7 \u0ab9\u0ac1\u0a82 \u0aaa\u0acd\u0ab0\u0aad\u0ac1\u0aa8\u0ac7 \u0a96\u0abe\u0aa4\u0ab0 \u0a9c \u0a95\u0ac7\u0aa6\u0aae\u0abe\u0a82 \u0a9b\u0ac1\u0a82. \u0aaa\u0ab0\u0a82\u0aa4\u0ac1 \u0a8f \u0ab8\u0ac1\u0ab5\u0abe\u0ab0\u0acd\u0aa4\u0abe\u0aa8\u0ac7 \u0ab2\u0ac0\u0aa7\u0ac7 \u0aa4\u0ac1\u0a82 \u0aaa\u0aa3 \u0aae\u0abe\u0ab0\u0ac0 \u0ab8\u0abe\u0aa5\u0ac7 \u0aa6\u0ac1:\u0a96 \u0ab8\u0ab9\u0aa8 \u0a95\u0ab0 \u0a8f \u0ab8\u0ab9\u0aa8 \u0a95\u0ab0\u0ab5\u0abe \u0aa6\u0ac7\u0ab5 \u0a86\u0aaa\u0aa3\u0aa8\u0ac7 \u0ab8\u0abe\u0ab0\u0acd\u0aae\u0aa5\u0acd\u0aaf \u0a86\u0aaa\u0ac7 \u0a9c \u0a9b\u0ac7."},{"Verseid":"54000008","Verse":"\u0aa6\u0ac7\u0ab5\u0ac7 \u0a86\u0aaa\u0aa3\u0aa8\u0ac7 \u0aa4\u0abe\u0ab0\u0acd\u0aaf\u0abe \u0a9b\u0ac7 \u0a85\u0aa8\u0ac7 \u0a86\u0aaa\u0aa3\u0aa8\u0ac7 \u0aa4\u0ac7\u0aa8\u0abe \u0ab8\u0a82\u0aa4\u0acb \u0aac\u0aa8\u0abe\u0ab5\u0acd\u0aaf\u0abe \u0a9b\u0ac7. \u0a86\u0aaa\u0aa3\u0abe \u0aaa\u0acb\u0aa4\u0abe\u0aa8\u0abe \u0aaa\u0acd\u0ab0\u0aaf\u0aa4\u0acd\u0aa8\u0aa8\u0ac7 \u0a95\u0abe\u0ab0\u0aa3\u0ac7 \u0a8f \u0aa5\u0aaf\u0ac1\u0a82 \u0aa8\u0aa5\u0ac0. \u0aa8\u0abe! \u0aa4\u0ac7\u0aa8\u0ac0 \u0a95\u0ac3\u0aaa\u0abe\u0aa8\u0ac7 \u0a95\u0abe\u0ab0\u0aa3\u0ac7 \u0aa6\u0ac7\u0ab5\u0ac7 \u0a86\u0aaa\u0aa3\u0aa8\u0ac7 \u0aac\u0a9a\u0abe\u0ab5\u0acd\u0aaf\u0abe \u0a85\u0aa8\u0ac7 \u0a86\u0aaa\u0aa3\u0aa8\u0ac7 \u0aa4\u0ac7\u0aa8\u0abe \u0ab8\u0a82\u0aa4\u0acb \u0aac\u0aa8\u0abe\u0ab5\u0acd\u0aaf\u0abe \u0a95\u0abe\u0ab0\u0aa3 \u0a95\u0ac7 \u0a8f\u0ab5\u0ac0 \u0aa6\u0ac7\u0ab5\u0aa8\u0ac0 \u0a88\u0a9a\u0acd\u0a9b\u0abe \u0ab9\u0aa4\u0ac0. \u0ab8\u0aae\u0aaf\u0aa8\u0acb \u0aaa\u0acd\u0ab0\u0abe\u0ab0\u0a82\u0aad \u0aa5\u0aaf\u0acb \u0aa4\u0ac7 \u0aaa\u0ab9\u0ac7\u0ab2\u0abe \u0a96\u0acd\u0ab0\u0abf\u0ab8\u0acd\u0aa4 \u0a88\u0ab8\u0ac1 \u0aa7\u0acd\u0ab5\u0abe\u0ab0\u0abe \u0aa6\u0ac7\u0ab5\u0ac7 \u0a8f \u0a95\u0ac3\u0aaa\u0abe \u0a86\u0aaa\u0aa3\u0aa8\u0ac7 \u0a86\u0aaa\u0ac7\u0ab2\u0ac0 \u0ab9\u0aa4\u0ac0."},{"Verseid":"54000009","Verse":"\u0a85\u0aa4\u0acd\u0aaf\u0abe\u0ab0 \u0ab8\u0ac1\u0aa7\u0ac0 \u0a8f \u0a95\u0ac3\u0aaa\u0abe \u0a86\u0aaa\u0aa3\u0aa8\u0ac7 \u0aaa\u0acd\u0ab0\u0a97\u0a9f \u0aa5\u0a88 \u0aa8 \u0ab9\u0aa4\u0ac0. \u0a9c\u0acd\u0aaf\u0abe\u0ab0\u0ac7 \u0a86\u0aaa\u0aa3\u0acb \u0aa4\u0abe\u0ab0\u0aa8\u0abe\u0ab0 \u0a96\u0acd\u0ab0\u0abf\u0ab8\u0acd\u0aa4 \u0a88\u0ab8\u0ac1 \u0a86\u0ab5\u0acd\u0aaf\u0acb \u0aa4\u0acd\u0aaf\u0abe\u0ab0\u0ac7 \u0a86\u0aaa\u0aa3\u0aa8\u0ac7 \u0aa4\u0ac7\u0aa8\u0ac0 \u0a95\u0ac3\u0aaa\u0abe \u0aaa\u0acd\u0ab0\u0a97\u0a9f \u0aa5\u0a88. \u0a88\u0ab8\u0ac1\u0a8f \u0aae\u0ab0\u0aa3\u0aa8\u0ac7 \u0aa8\u0abe\u0aac\u0ac2\u0aa6 \u0a95\u0ab0\u0acd\u0aaf\u0ac1 \u0a85\u0aa8\u0ac7 \u0a86\u0aaa\u0aa3\u0aa8\u0ac7 \u0a9c\u0ac0\u0ab5\u0aa8 \u0aae\u0ac7\u0ab3\u0ab5\u0ab5\u0abe\u0aa8\u0acb \u0aae\u0abe\u0ab0\u0acd\u0a97 \u0aac\u0aa4\u0abe\u0ab5\u0acd\u0aaf\u0acb. \u0ab9\u0abe! \u0ab8\u0ac1\u0ab5\u0abe\u0ab0\u0acd\u0aa4\u0abe \u0aa6\u0acd\u0aa7\u0abe\u0ab0\u0abe \u0a88\u0ab8\u0ac1\u0a8f \u0a86\u0aaa\u0aa3\u0aa8\u0ac7 \u0a85\u0ab5\u0abf\u0aa8\u0abe\u0ab6\u0ac0 \u0a9c\u0ac0\u0ab5\u0aa8 \u0aaa\u0acd\u0ab0\u0abe\u0aaa\u0acd\u0aa4 \u0a95\u0ab0\u0ab5\u0abe\u0aa8\u0acb \u0aae\u0abe\u0ab0\u0acd\u0a97 \u0aa6\u0ac7\u0a96\u0abe\u0aa1\u0acd\u0aaf\u0acb."},{"Verseid":"54000010","Verse":"\u0aa4\u0ac7 \u0ab8\u0ac1\u0ab5\u0abe\u0ab0\u0acd\u0aa4\u0abe\u0aa8\u0abe \u0aaa\u0acd\u0ab0\u0a9a\u0abe\u0ab0 \u0aae\u0abe\u0a9f\u0ac7, \u0ab8\u0ac1\u0ab5\u0abe\u0ab0\u0acd\u0aa4\u0abe\u0aa8\u0abe \u0aaa\u0acd\u0ab0\u0ac7\u0ab0\u0abf\u0aa4 \u0aa4\u0aa5\u0abe \u0a89\u0aaa\u0aa6\u0ac7\u0ab6\u0a95 \u0aa5\u0ab5\u0abe \u0aae\u0abe\u0a9f\u0ac7 \u0aae\u0abe\u0ab0\u0ac0 \u0aaa\u0ab8\u0a82\u0aa6\u0a97\u0ac0 \u0a95\u0ab0\u0ab5\u0abe\u0aae\u0abe\u0a82 \u0a86\u0ab5\u0ac0 \u0ab9\u0aa4\u0ac0."},{"Verseid":"54000011","Verse":"\u0a85\u0aa8\u0ac7 \u0a85\u0aa4\u0acd\u0aaf\u0abe\u0ab0\u0ac7 \u0ab9\u0ac1\u0a82 \u0aa6\u0ac1:\u0a96 \u0ab8\u0ab9\u0aa8 \u0a95\u0ab0\u0ac0 \u0ab0\u0ab9\u0acd\u0aaf\u0acb \u0a9b\u0ac1\u0a82 \u0a95\u0ac7\u0aae \u0a95\u0ac7 \u0ab9\u0ac1\u0a82 \u0ab8\u0ac1\u0ab5\u0abe\u0ab0\u0acd\u0aa4\u0abe \u0aac\u0aa7\u0ac7 \u0a95\u0ab9\u0ac7\u0aa4\u0acb \u0aab\u0ab0\u0ac1\u0a82 \u0a9b\u0ac1\u0a82. \u0aaa\u0aa3 \u0aa4\u0ac7\u0aa5\u0ac0 \u0a95\u0a88 \u0ab9\u0ac1\u0a82 \u0ab6\u0ab0\u0aae\u0abe\u0aa4\u0acb \u0aa8\u0aa5\u0ac0. \u0a9c\u0ac7\u0aa8\u0ac7 \u0aae\u0ac7\u0a82 \u0ab8\u0acd\u0ab5\u0ac0\u0a95\u0abe\u0ab0\u0acd\u0aaf\u0acb \u0a9b\u0ac7 \u0aa4\u0ac7 \u0a8f\u0a95 (\u0a88\u0ab8\u0ac1) \u0aa8\u0ac7 \u0a9c\u0abe\u0aa3\u0ac1\u0a82 \u0a9b\u0ac1\u0a82. \u0aa4\u0ac7 \u0aa6\u0abf\u0ab5\u0ab8 \u0a86\u0ab5\u0ac7 \u0aa4\u0acd\u0aaf\u0abe\u0a82 \u0ab8\u0ac1\u0aa7\u0ac0 \u0aae\u0aa8\u0ac7 \u0ab8\u0acb\u0a82\u0aaa\u0ac7\u0ab2\u0ac0 \u0ab5\u0ab8\u0acd\u0aa4\u0ac1\u0a93\u0aa8\u0ac1\u0a82 \u0ab0\u0a95\u0acd\u0ab7\u0aa3 \u0a95\u0ab0\u0ab5\u0abe \u0aa4\u0ac7 \u0ab8\u0aae\u0ab0\u0acd\u0aa5 \u0a9b\u0ac7, \u0a8f\u0aa8\u0ac0 \u0aae\u0aa8\u0ac7 \u0a96\u0abe\u0aa4\u0ab0\u0ac0 \u0a9b\u0ac7."},{"Verseid":"54000012","Verse":"\u0aae\u0abe\u0ab0\u0ac0 \u0aaa\u0abe\u0ab8\u0ac7\u0aa5\u0ac0 \u0aa4\u0ac7\u0a82 \u0a9c\u0ac7 \u0ab8\u0aa4\u0acd\u0aaf \u0ab5\u0a9a\u0aa8\u0acb \u0ab8\u0abe\u0a82\u0aad\u0ab3\u0acd\u0aaf\u0abe\u0a82 \u0a9b\u0ac7 \u0aa4\u0ac7\u0aa8\u0ac7 \u0aa4\u0ac1\u0a82 \u0a85\u0aa8\u0ac1\u0ab8\u0ab0. \u0a96\u0acd\u0ab0\u0abf\u0ab8\u0acd\u0aa4 \u0a88\u0ab8\u0ac1\u0aae\u0abe\u0a82 \u0a86\u0aaa\u0aa3\u0aa8\u0ac7 \u0a9c\u0ac7 \u0ab5\u0abf\u0ab6\u0acd\u0ab5\u0abe\u0ab8 \u0a85\u0aa8\u0ac7 \u0aaa\u0acd\u0ab0\u0ac7\u0aae \u0a9b\u0ac7 \u0aa4\u0ac7\u0aa8\u0abe \u0aa7\u0acd\u0ab5\u0abe\u0ab0\u0abe \u0a8f \u0a89\u0aaa\u0aa6\u0ac7\u0ab6\u0aa8\u0ac7 \u0aa4\u0ac1\u0a82 \u0a85\u0aa8\u0ac1\u0ab8\u0ab0. \u0a8f \u0a89\u0aaa\u0aa6\u0ac7\u0ab6 \u0aa8\u0aae\u0ac2\u0aa8\u0abe\u0ab0\u0ac2\u0aaa \u0a9b\u0ac7, \u0a95\u0ac7 \u0a9c\u0ac7 \u0aa6\u0ab0\u0acd\u0ab6\u0abe\u0ab5\u0ac7 \u0a9b\u0ac7 \u0a95\u0ac7 \u0aa4\u0abe\u0ab0\u0ac7 \u0a95\u0ac7\u0ab5\u0acb \u0a89\u0aaa\u0aa6\u0ac7\u0ab6 \u0a86\u0aaa\u0ab5\u0acb \u0a9c\u0acb\u0a88\u0a8f."},{"Verseid":"54000013","Verse":"\u0aa4\u0aa8\u0ac7 \u0a9c\u0ac7 \u0ab8\u0aa4\u0acd\u0aaf \u0aae\u0ab3\u0ac7\u0ab2 \u0a9b\u0ac7 \u0aa4\u0ac7\u0aa8\u0ac1\u0a82 \u0aa4\u0ac1\u0a82 \u0ab0\u0a95\u0acd\u0ab7\u0aa3 \u0a95\u0ab0. \u0aaa\u0ab5\u0abf\u0aa4\u0acd\u0ab0 \u0a86\u0aa4\u0acd\u0aae\u0abe\u0aa8\u0ac0 \u0ab8\u0ab9\u0abe\u0aaf \u0ab5\u0aa1\u0ac7 \u0a8f \u0ab5\u0ab8\u0acd\u0aa4\u0ac1\u0a93\u0aa8\u0ac7 \u0aa4\u0ac1\u0a82 \u0ab8\u0a82\u0aad\u0abe\u0ab3\u0ac0 \u0ab0\u0abe\u0a96. \u0a8f \u0aaa\u0ab5\u0abf\u0aa4\u0acd\u0ab0 \u0a86\u0aa4\u0acd\u0aae\u0abe \u0a86\u0aaa\u0aa3\u0abe \u0a85\u0a82\u0aa4:\u0a95\u0ab0\u0aa3\u0aae\u0abe\u0a82 \u0a9c \u0ab5\u0ab8\u0ac7 \u0a9b\u0ac7."},{"Verseid":"54000014","Verse":"\u0aa4\u0ac1\u0a82 \u0aa4\u0acb \u0a9c\u0abe\u0aa3\u0ac7 \u0a9c \u0a9b\u0ac7 \u0a95\u0ac7 \u0a86\u0ab8\u0abf\u0aaf\u0abe\u0aa8\u0abe \u0aaa\u0acd\u0ab0\u0abe\u0a82\u0aa4\u0aa8\u0abe \u0aaa\u0ab6\u0acd\u0a9a\u0abf\u0aae\u0aa8\u0ac0 \u0aa6\u0ab0\u0ac7\u0a95 \u0ab5\u0acd\u0aaf\u0a95\u0acd\u0aa4\u0abf\u0a8f \u0aae\u0aa8\u0ac7 \u0aa4\u0acd\u0aaf\u0a9c\u0ac0 \u0aa6\u0ac0\u0aa7\u0acb \u0a9b\u0ac7. \u0aab\u0ac1\u0a97\u0abf\u0ab2\u0ab8 \u0a85\u0aa8\u0ac7 \u0ab9\u0ab0\u0acd\u0aae\u0acb\u0a97\u0aa8\u0ac7\u0ab8 \u0aaa\u0aa3 \u0aae\u0aa8\u0ac7 \u0a9b\u0acb\u0aa1\u0ac0\u0aa8\u0ac7 \u0a9a\u0abe\u0ab2\u0acd\u0aaf\u0abe \u0a97\u0aaf\u0abe \u0a9b\u0ac7."},{"Verseid":"54000015","Verse":"\u0a93\u0aa8\u0ac7\u0ab8\u0abf\u0aab\u0ab0\u0ab8\u0aa8\u0abe \u0a95\u0ac1\u0a9f\u0ac1\u0a82\u0aac \u0aaa\u0ab0 \u0aaa\u0acd\u0ab0\u0aad\u0ac1 \u0aa6\u0aaf\u0abe \u0a95\u0ab0\u0ac7 \u0a8f\u0ab5\u0ac0 \u0aae\u0abe\u0ab0\u0ac0 \u0aaa\u0acd\u0ab0\u0abe\u0ab0\u0acd\u0aa5\u0aa8\u0abe \u0a9b\u0ac7. \u0a93\u0aa8\u0ac7\u0ab8\u0abf\u0aab\u0ab0\u0ab8\u0ac7 \u0a98\u0aa3\u0ac0 \u0ab5\u0abe\u0ab0 \u0aae\u0aa8\u0ac7 \u0aae\u0aa6\u0aa6 \u0a95\u0ab0\u0ac0 \u0a9b\u0ac7. \u0aae\u0abe\u0ab0\u0ac0 \u0a95\u0ac7\u0aa6\u0aa8\u0ac0 \u0ab8\u0a9c\u0abe\u0aa8\u0ac7 \u0a95\u0abe\u0ab0\u0aa3\u0ac7 \u0aa4\u0ac7 \u0ab6\u0ab0\u0aae\u0abf\u0a82\u0aa6\u0acb \u0aa5\u0aaf\u0acb \u0aa8 \u0ab9\u0aa4\u0acb."},{"Verseid":"54000016","Verse":"\u0aa8\u0abe, \u0aa4\u0ac7 \u0ab6\u0ab0\u0aae\u0abe\u0aaf\u0acb \u0aa8 \u0ab9\u0aa4\u0acb. \u0a9c\u0acd\u0aaf\u0abe\u0ab0\u0ac7 \u0aa4\u0ac7 \u0ab0\u0acb\u0aae \u0a86\u0ab5\u0acd\u0aaf\u0acb \u0aa4\u0acd\u0aaf\u0abe\u0ab0\u0ac7 \u0a9c\u0acd\u0aaf\u0abe\u0a82 \u0ab8\u0ac1\u0aa7\u0ac0 \u0ab9\u0ac1\u0a82 \u0aa4\u0ac7\u0aa8\u0ac7 \u0aae\u0ab3\u0acd\u0aaf\u0acb \u0aa8\u0ab9\u0abf \u0aa4\u0acd\u0aaf\u0abe\u0a82 \u0ab8\u0ac1\u0aa7\u0ac0 \u0aa4\u0ac7\u0aa3\u0ac7 \u0aae\u0abe\u0ab0\u0ac0 \u0a96\u0a82\u0aa4\u0aaa\u0ac2\u0ab0\u0acd\u0ab5\u0a95 \u0ab6\u0acb\u0aa7 \u0a95\u0ab0\u0ac0."},{"Verseid":"54000017","Verse":"\u0aae\u0abe\u0ab0\u0ac0 \u0aaa\u0acd\u0ab0\u0abe\u0ab0\u0acd\u0aa5\u0aa8\u0abe \u0a9b\u0ac7 \u0a95\u0ac7 \u0aa4\u0ac7 \u0aa6\u0abf\u0ab5\u0ab8\u0ac7 \u0aaa\u0acd\u0ab0\u0aad\u0ac1 \u0a93\u0aa8\u0ac7\u0ab8\u0abf\u0aab\u0ab0\u0ab8\u0aa8\u0ac7 \u0aa6\u0aaf\u0abe \u0aac\u0aa4\u0abe\u0ab5\u0ab6\u0ac7. \u0aa4\u0ac1\u0a82 \u0aa4\u0acb \u0a9c\u0abe\u0aa3\u0ac7 \u0a9b\u0ac7 \u0a9c \u0a8f\u0aab\u0ac7\u0ab8\u0ab8\u0aae\u0abe\u0a82 \u0a93\u0aa8\u0ac7\u0ab8\u0abf\u0aab\u0ab0\u0ab8\u0ac7 \u0aae\u0aa8\u0ac7 \u0a95\u0a88 \u0a95\u0a88 \u0ab0\u0ac0\u0aa4\u0ac7 \u0aae\u0aa6\u0aa6 \u0a95\u0ab0\u0ac0 \u0ab9\u0aa4\u0ac0."}]},{"Verse":[{"Verseid":"54001000","Verse":"\u0aa4\u0abf\u0aae\u0acb\u0aa5\u0ac0, \u0aae\u0abe\u0ab0\u0abe \u0aae\u0abe\u0a9f\u0ac7 \u0aa4\u0acb \u0aa4\u0ac1\u0a82 \u0aa6\u0ac0\u0a95\u0ab0\u0abe \u0ab8\u0aae\u0abe\u0aa8 \u0a9b\u0ac7. \u0a96\u0acd\u0ab0\u0abf\u0ab8\u0acd\u0aa4 \u0a88\u0ab8\u0ac1\u0aae\u0abe\u0a82 \u0a86\u0aaa\u0aa3\u0aa8\u0ac7 \u0a9c\u0ac7 \u0a95\u0ac3\u0aaa\u0abe \u0a9b\u0ac7 \u0aa4\u0ac7\u0aae\u0abe\u0a82 \u0aac\u0ab3\u0ab5\u0abe\u0aa8 \u0aa5\u0abe."},{"Verseid":"54001001","Verse":"\u0aae\u0ac7\u0a82 \u0a9c\u0ac7 \u0a9c\u0ac7 \u0aac\u0abe\u0aac\u0aa4\u0acb\u0aa8\u0acb \u0a89\u0aaa\u0aa6\u0ac7\u0ab6 \u0a86\u0aaa\u0acd\u0aaf\u0acb \u0a9b\u0ac7 \u0aa4\u0ac7 \u0aa4\u0ac7\u0a82 \u0ab8\u0abe\u0a82\u0aad\u0ab3\u0acd\u0aaf\u0acb \u0a9b\u0ac7. \u0aac\u0ac0\u0a9c\u0abe \u0a85\u0aa8\u0ac7\u0a95 \u0ab2\u0acb\u0a95\u0acb\u0a8f \u0aaa\u0aa3 \u0a8f \u0aac\u0aa7\u0ac1\u0a82 \u0ab8\u0abe\u0a82\u0aad\u0ab3\u0acd\u0aaf\u0ac1\u0a82 \u0a9b\u0ac7. \u0aa4\u0abe\u0ab0\u0ac7 \u0a8f \u0a9c \u0aac\u0abe\u0aac\u0aa4\u0acb \u0ab2\u0acb\u0a95\u0acb\u0aa8\u0ac7 \u0ab6\u0ac0\u0a96\u0ab5\u0ab5\u0ac0 \u0a9c\u0acb\u0a88\u0a8f. \u0a9c\u0ac7 \u0a95\u0ac7\u0a9f\u0ab2\u0abe\u0a8f\u0a95 \u0ab2\u0acb\u0a95\u0acb \u0aaa\u0ab0 \u0aa4\u0ac1\u0a82 \u0ab5\u0abf\u0ab6\u0acd\u0ab5\u0abe\u0ab8 \u0aae\u0ac2\u0a95\u0ac0 \u0ab6\u0a95\u0ac7 \u0aa4\u0ac7\u0a93\u0aa8\u0ac7 \u0aa4\u0ac1\u0a82 \u0a8f \u0a89\u0aaa\u0aa6\u0ac7\u0ab6 \u0a86\u0aaa. \u0aaa\u0a9b\u0ac0 \u0aa4\u0ac7\u0a93 \u0aac\u0ac0\u0a9c\u0abe \u0ab2\u0acb\u0a95\u0acb\u0aa8\u0ac7 \u0a8f \u0aac\u0abe\u0aac\u0aa4\u0acb \u0ab6\u0ac0\u0a96\u0ab5\u0ac0 \u0ab6\u0a95\u0ab6\u0ac7."},{"Verseid":"54001002","Verse":"\u0a86\u0aaa\u0aa3\u0aa8\u0ac7 \u0a9c\u0ac7 \u0aae\u0ac1\u0ab6\u0acd\u0a95\u0ac7\u0ab2\u0ac0\u0a93 \u0aaa\u0aa1\u0ac7 \u0a9b\u0ac7 \u0aa4\u0ac7\u0aae\u0abe\u0a82 \u0aa4\u0ac1\u0a82 \u0ab8\u0ab9\u0aad\u0abe\u0a97\u0ac0 \u0aa5\u0abe. \u0a96\u0acd\u0ab0\u0abf\u0ab8\u0acd\u0aa4 \u0a88\u0ab8\u0ac1\u0aa8\u0abe \u0a8f\u0a95 \u0ab8\u0abe\u0ab0\u0abe \u0ab8\u0ac8\u0aa8\u0abf\u0a95\u0aa8\u0ac0 \u0a9c\u0ac7\u0aae \u0a8f \u0aae\u0ac1\u0ab6\u0acd\u0a95\u0ac7\u0ab2\u0ac0\u0a93 \u0aa4\u0ac1\u0a82 \u0ab8\u0acd\u0ab5\u0ac0\u0a95\u0abe\u0ab0\u0ac0 \u0ab2\u0ac7."},{"Verseid":"54001003","Verse":"\u0a9c\u0ac7 \u0aae\u0abe\u0aa3\u0ab8 \u0ab8\u0ac8\u0aa8\u0abf\u0a95 \u0ab9\u0acb\u0aaf \u0aa4\u0ac7 \u0aaa\u0acb\u0aa4\u0abe\u0aa8\u0abe \u0a89\u0aaa\u0ab0\u0ac0 \u0a85\u0aa7\u0abf\u0a95\u0abe\u0ab0\u0ac0\u0aa8\u0ac7 \u0a96\u0ac1\u0ab6 \u0ab0\u0abe\u0a96\u0ab5\u0abe\u0aa8\u0ac0 \u0a87\u0a9a\u0acd\u0a9b\u0abe \u0aa7\u0ab0\u0abe\u0ab5\u0ac7 \u0a9b\u0ac7. \u0aa4\u0ac7 \u0aaa\u0acb\u0aa4\u0abe\u0aa8\u0ac0 \u0ab0\u0acb\u0a9c\u0ac0\u0a82\u0aa6\u0ac0 \u0a9c\u0ac0\u0ab5\u0aa8\u0aae\u0abe\u0a82 \u0aaa\u0acb\u0aa4\u0abe\u0aa8\u0acb \u0ab8\u0aae\u0aaf \u0ab5\u0ac7\u0aa1\u0aab\u0aa4\u0acb \u0aa8\u0aa5\u0ac0."},{"Verseid":"54001004","Verse":"\u0a9c\u0acb \u0a95\u0acb\u0a87 \u0a85\u0a96\u0abe\u0aa1\u0abe\u0aae\u0abe\u0a82 \u0ab9\u0ab0\u0ac0\u0aab\u0abe\u0a87\u0aae\u0abe\u0a82 \u0a8a\u0aa4\u0ab0\u0ac7 \u0aa4\u0acb, \u0aa8\u0abf\u0aaf\u0aae\u0acb\u0aa8\u0abe \u0aaa\u0abe\u0ab2\u0aa8 \u0ab5\u0abf\u0aa8\u0abe \u0aa4\u0ac7\u0aa8\u0ac7 \u0a88\u0aa8\u0abe\u0aae \u0aae\u0ab3\u0aa4\u0ac1\u0a82 \u0aa8\u0aa5\u0ac0."},{"Verseid":"54001005","Verse":"\u0ab8\u0a96\u0aa4 \u0aaa\u0ab0\u0abf\u0ab6\u0acd\u0ab0\u0aae \u0a95\u0ab0\u0aa8\u0abe\u0ab0 \u0a96\u0ac7\u0aa1\u0ac2\u0aa4\u0aa8\u0ac7 \u0aa4\u0ac7\u0aa8\u0abe \u0a89\u0a97\u0abe\u0aa1\u0ac7\u0ab2\u0abe \u0a85\u0aa8\u0abe\u0a9c\u0aae\u0abe\u0a82\u0aa5\u0ac0 \u0a95\u0ac7\u0a9f\u0ab2\u0acb\u0a95 \u0aad\u0abe\u0a97 \u0aae\u0ac7\u0ab3\u0ab5\u0ab5\u0abe\u0aa8\u0acb \u0aaa\u0ab9\u0ac7\u0ab2\u0acb \u0ab9\u0a95\u0acd\u0a95 \u0a9b\u0ac7."},{"Verseid":"54001006","Verse":"\u0ab9\u0ac1\u0a82 \u0a9c\u0ac7 \u0aac\u0abe\u0aac\u0aa4\u0acb \u0a95\u0ab9\u0ac1\u0a82 \u0a9b\u0ac1\u0a82 \u0aa4\u0ac7\u0aa8\u0abe \u0aaa\u0ab0 \u0aa4\u0ac1\u0a82 \u0ab5\u0abf\u0a9a\u0abe\u0ab0 \u0a95\u0ab0\u0a9c\u0ac7. \u0a86 \u0aac\u0aa7\u0ac0 \u0ab5\u0abe\u0aa4\u0acb \u0ab8\u0aae\u0a9c\u0ab5\u0abe \u0aae\u0abe\u0a9f\u0ac7 \u0aaa\u0acd\u0ab0\u0aad\u0ac1 \u0aa4\u0aa8\u0ac7 \u0ab6\u0a95\u0acd\u0aa4\u0abf \u0a86\u0aaa\u0ab6\u0ac7."},{"Verseid":"54001007","Verse":"\u0a88\u0ab8\u0ac1 \u0a96\u0acd\u0ab0\u0abf\u0ab8\u0acd\u0aa4\u0aa8\u0ac7 \u0aaf\u0abe\u0aa6 \u0ab0\u0abe\u0a96. \u0aa4\u0ac7 \u0aa6\u0abe\u0a89\u0aa6\u0aa8\u0abe \u0ab8\u0a82\u0aa4\u0abe\u0aa8\u0aa8\u0acb \u0a9b\u0ac7. \u0a88\u0ab8\u0ac1 \u0aae\u0ac3\u0aa4\u0acd\u0aaf\u0ac1 \u0aaa\u0abe\u0aae\u0acd\u0aaf\u0acb \u0aaa\u0a9b\u0ac0 \u0aa4\u0ac7\u0aa8\u0ac7 \u0aae\u0ac2\u0a8f\u0ab2\u0abe\u0aae\u0abe\u0a82\u0aa5\u0ac0 \u0a89\u0aa0\u0abe\u0aa1\u0ab5\u0abe\u0aae\u0abe\u0a82 \u0a86\u0ab5\u0acd\u0aaf\u0acb \u0ab9\u0aa4\u0acb. \u0a86\u0a9c \u0ab8\u0ac1\u0ab5\u0abe\u0ab0\u0acd\u0aa4\u0abe \u0ab9\u0ac1\u0a82 \u0ab2\u0acb\u0a95\u0acb\u0aa8\u0ac7 \u0a95\u0ab9\u0ac1\u0a82 \u0a9b\u0ac1\u0a82."},{"Verseid":"54001008","Verse":"9\u0a95\u0abe\u0ab0\u0aa3 \u0a95\u0ac7 \u0a8f \u0ab8\u0ac1\u0ab5\u0abe\u0ab0\u0acd\u0aa4\u0abe \u0ab9\u0ac1\u0a82 \u0a95\u0ab9\u0ac7\u0aa4\u0acb \u0aab\u0ab0\u0ac1\u0a82 \u0a9b\u0ac1\u0a82. \u0aa4\u0ac7\u0aa5\u0ac0 \u0ab9\u0ac1\u0a82 \u0a97\u0ac1\u0aa8\u0ac7\u0a97\u0abe\u0ab0\u0aa8\u0ac0 \u0a9c\u0ac7\u0aae \u0aa6\u0ac1:\u0a96 \u0ab8\u0ab9\u0aa8 \u0a95\u0ab0\u0ac1\u0a82 \u0a8f\u0aae \u0aae\u0aa8\u0ac7 \u0a97\u0ac1\u0aa8\u0ac7\u0a97\u0abe\u0ab0 \u0ab5\u0acd\u0aaf\u0a95\u0acd\u0aa4\u0abf\u0aa8\u0ac0 \u0a9c\u0ac7\u0aae \u0ab8\u0abe\u0a82\u0a95\u0ab3\u0acb\u0aa5\u0ac0 \u0aaa\u0aa3 \u0aac\u0abe\u0a82\u0aa7\u0ac0 \u0ab0\u0abe\u0a96\u0acd\u0aaf\u0acb \u0a9b\u0ac7. \u0aaa\u0ab0\u0a82\u0aa4\u0ac1 \u0aa6\u0ac7\u0ab5\u0aa8\u0acb \u0a89\u0aaa\u0aa6\u0ac7\u0ab6 \u0a95\u0a88 \u0aac\u0a82\u0aa7\u0aa8\u0aae\u0abe\u0a82 \u0aa8\u0aa5\u0ac0."},{"Verseid":"54001009","Verse":"\u0aa4\u0ac7\u0aa5\u0ac0 \u0a86 \u0aac\u0aa7\u0ac0 \u0aae\u0ac1\u0ab6\u0acd\u0a95\u0ac7\u0ab2\u0ac0\u0a93 \u0ab9\u0ac1\u0a82 \u0aa7\u0ac0\u0ab0\u0a9c\u0aaa\u0ac2\u0ab0\u0acd\u0ab5\u0a95 \u0ab8\u0acd\u0ab5\u0ac0\u0a95\u0abe\u0ab0\u0ac1\u0a82 \u0a9b\u0ac1\u0a82. \u0aa6\u0ac7\u0ab5\u0ac7 \u0aaa\u0ab8\u0a82\u0aa6 \u0a95\u0ab0\u0ac7\u0ab2\u0abe \u0aac\u0aa7\u0abe \u0ab2\u0acb\u0a95\u0acb\u0aa8\u0ac7 \u0aae\u0aa6\u0aa6 \u0a95\u0ab0\u0ab5\u0abe \u0a96\u0abe\u0aa4\u0ab0 \u0ab9\u0ac1\u0a82 \u0a86 \u0a95\u0ab0\u0ac1\u0a82 \u0a9b\u0ac1\u0a82. \u0ab9\u0ac1\u0a82 \u0a86 \u0aaf\u0abe\u0aa4\u0aa8\u0abe\u0a93 \u0a8f\u0a9f\u0ab2\u0abe \u0aae\u0abe\u0a9f\u0ac7 \u0ab8\u0acd\u0ab5\u0ac0\u0a95\u0abe\u0ab0\u0ac1\u0a82 \u0a9b\u0ac1\u0a82. \u0a9c\u0ac7\u0aa5\u0ac0 \u0a8f \u0ab2\u0acb\u0a95\u0acb\u0aa8\u0ac1\u0a82 \u0a96\u0acd\u0ab0\u0abf\u0ab8\u0acd\u0aa4 \u0a88\u0ab8\u0ac1\u0aae\u0abe\u0a82 \u0aa4\u0abe\u0ab0\u0aa3 \u0aa5\u0abe\u0aaf. \u0aa4\u0ac7 \u0aa4\u0abe\u0ab0\u0aa3\u0aa5\u0ac0 \u0a9c\u0ac7 \u0aae\u0ab9\u0abf\u0aa8\u0abe \u0aaa\u0acd\u0ab0\u0abe\u0aaa\u0acd\u0aa4 \u0aa5\u0abe\u0aaf \u0a9b\u0ac7 \u0aa4\u0ac7 \u0a85\u0aa8\u0a82\u0aa4 \u0a9b\u0ac7."},{"Verseid":"54001010","Verse":"\u0a86 \u0a89\u0aaa\u0aa6\u0ac7\u0ab6 \u0ab8\u0abe\u0a9a\u0acb \u0a9b\u0ac7:\u0a9c\u0acb \u0a86\u0aaa\u0aa3\u0ac7 \u0aa4\u0ac7\u0aa8\u0ac0 \u0ab8\u0abe\u0aa5\u0ac7 \u0aae\u0ab0\u0acd\u0aaf\u0abe \u0ab9\u0acb\u0a87\u0ab6\u0ac1\u0a82, \u0aa4\u0acb \u0aa4\u0ac7\u0aa8\u0ac0 \u0ab8\u0abe\u0aa5\u0ac7 \u0a86\u0aaa\u0aa3\u0ac7 \u0a9c\u0ac0\u0ab5\u0ac0\u0ab6\u0ac1\u0a82 \u0aaa\u0aa3 \u0a96\u0ab0\u0abe."},{"Verseid":"54001011","Verse":"\u0a9c\u0acb \u0a86\u0aaa\u0aa3\u0ac7 \u0aaf\u0abe\u0aa4\u0aa8\u0abe\u0a93 \u0ab8\u0acd\u0ab5\u0ac0\u0a95\u0abe\u0ab0\u0ac0\u0a8f, \u0aa4\u0acb \u0a86\u0aaa\u0aa3\u0ac7 \u0aaa\u0aa3 \u0a88\u0ab8\u0ac1\u0aa8\u0ac0 \u0ab8\u0abe\u0aa5\u0ac7 \u0ab0\u0abe\u0a9c \u0a95\u0ab0\u0ac0\u0ab6\u0ac1\u0a82. \u0a9c\u0acb \u0a86\u0aaa\u0aa3\u0ac7 \u0a88\u0ab8\u0ac1\u0aa8\u0ac7 \u0ab8\u0acd\u0ab5\u0ac0\u0a95\u0abe\u0ab0\u0ab5\u0abe\u0aa8\u0acb \u0aa8\u0a95\u0abe\u0ab0 \u0a95\u0ab0\u0ac0\u0a8f, \u0aa4\u0acb \u0aa4\u0ac7 \u0a86\u0aaa\u0aa3\u0aa8\u0ac7 \u0a85\u0aaa\u0aa8\u0abe\u0ab5\u0ab5\u0abe\u0aa8\u0acb \u0aa8\u0a95\u0abe\u0ab0 \u0a95\u0ab0\u0ab6\u0ac7."},{"Verseid":"54001012","Verse":"\u0a86\u0aaa\u0aa3\u0ac7 \u0a9c\u0acb \u0ab5\u0abf\u0ab6\u0acd\u0ab5\u0abe\u0ab8\u0ac1 \u0aa8\u0ab9\u0abf \u0ab9\u0acb\u0a87\u0a8f, \u0aa4\u0acb \u0aaa\u0aa3 \u0aa4\u0ac7 \u0aa4\u0acb \u0ab5\u0abf\u0ab6\u0acd\u0ab5\u0abe\u0ab8\u0ac1 \u0a9c \u0ab0\u0ab9\u0ac7\u0ab6\u0ac7, \u0a95\u0abe\u0ab0\u0aa3 \u0a95\u0ac7 \u0aa4\u0ac7 \u0aaa\u0acb\u0aa4\u0abe\u0aa8\u0ac0 \u0a9c\u0abe\u0aa4\u0aa8\u0ac7 \u0a95\u0aa6\u0ac0 \u0aac\u0aa6\u0ab2\u0ac0 \u0ab6\u0a95\u0aa4\u0acb \u0aa8\u0aa5\u0ac0."},{"Verseid":"54001013","Verse":"\u0ab2\u0acb\u0a95\u0acb\u0aa8\u0ac7 \u0a86 \u0aac\u0aa7\u0ac0 \u0ab5\u0abe\u0aa4\u0acb \u0a95\u0ab9\u0ac7\u0ab5\u0abe\u0aa8\u0ac1\u0a82 \u0aa4\u0ac1\u0a82 \u0a9a\u0abe\u0ab2\u0ac1 \u0ab0\u0abe\u0a96\u0a9c\u0ac7. \u0a85\u0aa8\u0ac7 \u0aa6\u0ac7\u0ab5 \u0a86\u0a97\u0ab3 \u0a8f \u0ab2\u0acb\u0a95\u0acb\u0aa8\u0ac7 \u0aa4\u0ac1\u0a82 \u0a9a\u0ac7\u0aa4\u0ab5\u0a9c\u0ac7 \u0a95\u0ac7 \u0aa4\u0ac7\u0a93 \u0ab6\u0aac\u0acd\u0aa6\u0acb \u0ab5\u0abf\u0ab7\u0ac7 \u0aa6\u0ab2\u0ac0\u0ab2\u0aac\u0abe\u0a9c\u0ac0 \u0aa8 \u0a95\u0ab0\u0ac7. \u0ab6\u0aac\u0acd\u0aa6\u0acb \u0ab5\u0abf\u0ab7\u0ac7 \u0aa6\u0ab2\u0ac0\u0ab2\u0aac\u0abe\u0a9c\u0ac0 \u0a95\u0ab0\u0aa8\u0abe\u0ab0 \u0a95\u0a88\u0a9c \u0a89\u0aaa\u0aaf\u0acb\u0a97\u0ac0 \u0a95\u0ab0\u0ac0 \u0ab6\u0a95\u0aa4\u0acb \u0aa8\u0aa5\u0ac0. \u0a85\u0aa8\u0ac7 \u0aa4\u0ac7 \u0ab8\u0abe\u0a82\u0aad\u0ab3\u0aa8\u0abe\u0ab0 \u0ab2\u0acb\u0a95\u0acb\u0aa8\u0acb \u0aa4\u0acb \u0ab8\u0ab0\u0acd\u0ab5\u0aa8\u0abe\u0ab6 \u0aa5\u0abe\u0aaf \u0a9b\u0ac7."},{"Verseid":"54001014","Verse":"\u0aa6\u0ac7\u0ab5 \u0aa4\u0aa8\u0ac7 \u0aaa\u0ab8\u0a82\u0aa6 \u0a95\u0ab0\u0ac7 \u0a9b\u0ac7 \u0a8f\u0ab5\u0ac0 \u0aaa\u0abe\u0aa4\u0acd\u0ab0\u0aa4\u0abe \u0aae\u0ac7\u0ab3\u0ab5\u0ab5\u0abe \u0aa4\u0ac1\u0a82 \u0ab8\u0ab0\u0acd\u0ab5\u0acb\u0aa4\u0acd\u0aa4\u0aae \u0a95\u0abe\u0ab0\u0acd\u0aaf\u0acb \u0a95\u0ab0, \u0a85\u0aa8\u0ac7 \u0aa4\u0ac1\u0a82 \u0aa6\u0ac7\u0ab5\u0aa8\u0ac7 \u0aaa\u0ac2\u0ab0\u0acd\u0aa3 \u0ab8\u0aae\u0ab0\u0acd\u0aaa\u0abf\u0aa4 \u0aa5\u0a88 \u0a9c\u0abe. \u0aaa\u0acb\u0aa4\u0abe\u0aa8\u0abe \u0a95\u0abe\u0aae\u0aa8\u0ac0 \u0aac\u0abe\u0aac\u0aa4\u0aae\u0abe\u0a82 \u0a9c\u0ac7 \u0ab6\u0ab0\u0aae \u0a85\u0aa8\u0ac1\u0aad\u0ab5\u0aa4\u0acb \u0aa8\u0aa5\u0ac0 \u0a8f\u0ab5\u0acb \u0a95\u0abe\u0ab0\u0acd\u0aaf\u0a95\u0ab0 \u0aa4\u0ac1\u0a82 \u0aa5\u0abe-\u0a95\u0ac7 \u0a9c\u0ac7 \u0a95\u0abe\u0ab0\u0acd\u0aaf\u0a95\u0ab0 \u0ab8\u0abe\u0a9a\u0abe \u0a89\u0aaa\u0aa6\u0ac7\u0ab6\u0aa8\u0acb \u0aaf\u0acb\u0a97\u0acd\u0aaf \u0ab0\u0ac0\u0aa4\u0ac7 \u0a89\u0aaa\u0aaf\u0acb\u0a97 \u0a95\u0ab0\u0ac7 \u0a9b\u0ac7."},{"Verseid":"54001015","Verse":"\u0aa6\u0ac7\u0ab5 \u0aa4\u0ab0\u0aab\u0aa5\u0ac0 \u0a9c\u0ac7 \u0aac\u0abe\u0aac\u0aa4\u0acb \u0a95\u0aa6\u0ac0 \u0a86\u0ab5\u0ac0 \u0a9c \u0aa8\u0aa5\u0ac0 \u0a8f\u0ab5\u0ac0 \u0ab5\u0acd\u0aaf\u0ab0\u0acd\u0aa5 \u0ab5\u0abe\u0aa4\u0acb \u0a95\u0ab0\u0aa8\u0abe\u0ab0\u0abe \u0ab2\u0acb\u0a95\u0acb\u0aa5\u0ac0 \u0aa4\u0ac1\u0a82 \u0aa6\u0ac2\u0ab0 \u0ab0\u0ab9\u0ac7\u0a9c\u0ac7. \u0a8f\u0ab5\u0ac0 \u0ab5\u0abe\u0aa4\u0acb \u0aae\u0abe\u0aa3\u0ab8\u0aa8\u0ac7 \u0aa6\u0ac7\u0ab5\u0aa5\u0ac0 \u0ab5\u0aa7\u0ac1 \u0aa8\u0ac7 \u0ab5\u0aa7\u0ac1 \u0ab5\u0abf\u0ab0\u0ac2\u0aa6\u0acd\u0aa7 \u0a95\u0ab0\u0aa8\u0abe\u0ab0\u0ac0 \u0ab9\u0acb\u0aaf \u0a9b\u0ac7."},{"Verseid":"54001016","Verse":"\u0aa4\u0ac7\u0a93\u0aa8\u0ac0 \u0ab5\u0abe\u0aa4\u0acb \u0ab6\u0ab0\u0ac0\u0ab0\u0aae\u0abe\u0a82 \u0a9c\u0ac7\u0aae \u0ab0\u0acb\u0a97 \u0aab\u0ac7\u0ab2\u0abe\u0aaf \u0a9b\u0ac7 \u0aa4\u0ac7\u0aae \u0a85\u0aa8\u0abf\u0ab7\u0acd\u0a9f \u0aab\u0ac7\u0ab2\u0abe\u0ab5\u0ac7 \u0a9b\u0ac7. \u0ab9\u0ac1\u0aae\u0aa8\u0abe\u0aaf\u0ab8 \u0a85\u0aa8\u0ac7 \u0aab\u0abf\u0ab2\u0ac7\u0aa4\u0ab8 \u0a8f\u0ab5\u0abe \u0aae\u0abe\u0aa3\u0ab8\u0acb \u0a9b\u0ac7."},{"Verseid":"54001017","Verse":"\u0aa4\u0ac7\u0a93\u0a8f \u0ab8\u0abe\u0a9a\u0acb \u0a89\u0aaa\u0aa6\u0ac7\u0ab6 \u0aa4\u0acd\u0aaf\u0a9c\u0ac0 \u0aa6\u0ac0\u0aa7\u0acb \u0a9b\u0ac7. \u0aa4\u0ac7\u0a93 \u0aa4\u0acb \u0a8f\u0aae \u0a95\u0ab9\u0ac7 \u0a9b\u0ac7 \u0a95\u0ac7 \u0aae\u0ac3\u0aa4\u0acd\u0aaf\u0ac1\u0aae\u0abe\u0a82\u0aa5\u0ac0 \u0ab2\u0acb\u0a95\u0acb\u0aa8\u0ac1\u0a82 \u0aaa\u0ac1\u0aa8\u0ab0\u0ac1\u0a82\u0aa4\u0acd\u0aa5\u0abe\u0aa8 \u0aa4\u0acb \u0a95\u0acd\u0aaf\u0abe\u0ab0\u0aa8\u0ac1\u0a82 \u0aa5\u0a88 \u0a97\u0aaf\u0ac1\u0a82 \u0a9b\u0ac7. \u0a85\u0aa8\u0ac7 \u0aa4\u0ac7\u0a93 \u0aac\u0a82\u0aa8\u0acd\u0aa8\u0ac7 \u0a95\u0ac7\u0a9f\u0ab2\u0abe\u0a8f\u0a95 \u0ab2\u0acb\u0a95\u0acb\u0aa8\u0acb \u0ab5\u0abf\u0ab6\u0acd\u0ab5\u0abe\u0ab8 \u0aa8\u0ab7\u0acd\u0a9f \u0a95\u0ab0\u0ac0 \u0ab0\u0ab9\u0acd\u0aaf\u0abe \u0a9b\u0ac7."},{"Verseid":"54001018","Verse":"\u0aaa\u0ab0\u0a82\u0aa4\u0ac1 \u0aa6\u0ac7\u0ab5\u0aa8\u0abe \u0a85\u0ab8\u0acd\u0aa4\u0abf\u0aa4\u0acd\u0ab5\u0aa8\u0acb \u0aaa\u0abe\u0aaf\u0acb \u0ab8\u0aa6\u0abe\u0aa8\u0ac7 \u0aae\u0abe\u0a9f\u0ac7 \u0aae\u0a9c\u0aac\u0ac2\u0aa4 \u0a9b\u0ac7, \u0a8f \u0aaa\u0abe\u0aaf\u0abe \u0aaa\u0ab0 \u0a86 \u0ab6\u0aac\u0acd\u0aa6\u0acb \u0ab2\u0a96\u0ac7\u0ab2\u0abe \u0a9b\u0ac7: \u201c\u0a9c\u0ac7 \u0ab2\u0acb\u0a95\u0acb \u0aa4\u0ac7\u0aa8\u0abe \u0a9b\u0ac7 \u0aa4\u0ac7\u0a93\u0aa8\u0ac7 \u0aaa\u0acd\u0ab0\u0aad\u0ac1 \u0a93\u0ab3\u0a96\u0ac7 \u0a9b\u0ac7.\u201d\u0aa6\u0ac7\u0ab5\u0aa8\u0ac0 \u0a87\u0aae\u0abe\u0ab0\u0aa4\u0aa8\u0abe \u0aaa\u0abe\u0aaf\u0abe \u0aaa\u0ab0 \u0a86 \u0ab6\u0aac\u0acd\u0aa6\u0acb \u0ab2\u0a96\u0ac7\u0ab2\u0abe \u0a9b\u0ac7: \u201c\u0a9c\u0ac7 \u0a9c\u0ac7 \u0aae\u0abe\u0aa3\u0ab8 \u0a8f\u0aae \u0a95\u0ab9\u0ac7\u0aa4\u0acb \u0ab9\u0acb\u0aaf \u0a95\u0ac7 \u0aa4\u0ac7 \u0aaa\u0acd\u0ab0\u0aad\u0ac1\u0aae\u0abe\u0a82 \u0ab5\u0abf\u0ab6\u0acd\u0ab5\u0abe\u0ab8 \u0aa7\u0ab0\u0abe\u0ab5\u0ac7 \u0a9b\u0ac7, \u0aa4\u0ac7\u0aa3\u0ac7 \u0a96\u0acb\u0a9f\u0abe\u0a82 \u0a95\u0abe\u0aae \u0a95\u0ab0\u0ab5\u0abe\u0aa8\u0ac1\u0a82 \u0a9b\u0acb\u0aa1\u0ab5\u0ac1\u0a82 \u0a9c \u0aaa\u0aa1\u0ab6\u0ac7.\u201d"},{"Verseid":"54001019","Verse":"\u0aae\u0acb\u0a9f\u0abe \u0a98\u0ab0\u0acb\u0aae\u0abe\u0a82 \u0ab8\u0acb\u0aa8\u0abe-\u0a9a\u0abe\u0a82\u0aa6\u0ac0\u0aa8\u0ac0 \u0ab5\u0ab8\u0acd\u0aa4\u0ac1\u0a93 \u0ab9\u0acb\u0aaf \u0a9b\u0ac7 \u0aaa\u0ab0\u0a82\u0aa4\u0ac1 \u0ab2\u0abe\u0a95\u0aa1\u0abe\u0aa8\u0ac0 \u0a85\u0aa8\u0ac7 \u0aae\u0abe\u0a9f\u0ac0\u0aa8\u0ac0 \u0ab5\u0ab8\u0acd\u0aa4\u0ac1\u0a93 \u0aaa\u0aa3 \u0aa4\u0acd\u0aaf\u0abe\u0a82 \u0ab9\u0acb\u0aaf \u0a9b\u0ac7. \u0a95\u0ac7\u0a9f\u0ab2\u0ac0\u0a95 \u0ab5\u0ab8\u0acd\u0aa4\u0ac1\u0a93 \u0ab5\u0abf\u0ab6\u0abf\u0ab7\u0acd\u0a9f \u0ab9\u0ac7\u0aa4\u0ac1 \u0aae\u0abe\u0a9f\u0ac7 \u0ab5\u0aaa\u0ab0\u0abe\u0aaf \u0a9b\u0ac7. \u0aac\u0ac0\u0a9c\u0ac0 \u0a85\u0aae\u0ac1\u0a95 \u0ab5\u0ab8\u0acd\u0aa4\u0ac1\u0a93 \u0ab8\u0abe\u0aab\u0ab8\u0ac2\u0aab\u0ac0 \u0a95\u0ac7 \u0ab8\u0acd\u0ab5\u0a9a\u0acd\u0a9b\u0aa4\u0abe \u0a95\u0ab0\u0ab5\u0abe \u0aac\u0aa8\u0abe\u0ab5\u0ac7\u0ab2\u0ac0 \u0ab9\u0acb\u0aaf \u0a9b\u0ac7."},{"Verseid":"54001020","Verse":"\u0a9c\u0acb \u0a95\u0acb\u0a87 \u0ab5\u0acd\u0aaf\u0a95\u0acd\u0aa4\u0abf \u0a86 \u0aac\u0aa7\u0abe \u0a9c \u0aa6\u0ac1\u0ab7\u0acd\u0a9f \u0a95\u0ab0\u0acd\u0aae\u0acb\u0aa5\u0ac0 \u0ab8\u0acd\u0ab5\u0a9a\u0acd\u0a9b \u0aac\u0aa8\u0ab6\u0ac7 \u0aa4\u0acb \u0a96\u0abe\u0ab8 \u0ab9\u0ac7\u0aa4\u0ac1\u0ab8\u0ab0 \u0a8f \u0ab5\u0acd\u0aaf\u0a95\u0acd\u0aa4\u0abf\u0aa8\u0acb \u0a89\u0aaa\u0aaf\u0acb\u0a97 \u0a95\u0ab0\u0ab5\u0abe\u0aae\u0abe\u0a82 \u0a86\u0ab5\u0ab6\u0ac7. \u0a8f \u0ab5\u0acd\u0aaf\u0a95\u0acd\u0aa4\u0abf\u0aa8\u0ac7 \u0aaa\u0ab5\u0abf\u0aa4\u0acd\u0ab0 \u0aac\u0aa8\u0abe\u0ab5\u0ab5\u0abe\u0aae\u0abe\u0a82 \u0a86\u0ab5\u0ab6\u0ac7, \u0a85\u0aa8\u0ac7 \u0ab8\u0acd\u0ab5\u0abe\u0aae\u0ac0 \u0aa4\u0ac7\u0aa8\u0acb \u0a89\u0aaa\u0aaf\u0acb\u0a97 \u0a95\u0ab0\u0ac0 \u0ab6\u0a95\u0ab6\u0ac7. \u0a95\u0acb\u0a87 \u0aaa\u0aa3 \u0ab8\u0abe\u0ab0\u0ac1\u0a82 \u0a95\u0abe\u0aae \u0a95\u0ab0\u0ab5\u0abe \u0a8f \u0ab5\u0acd\u0aaf\u0a95\u0acd\u0aa4\u0abf \u0aa4\u0ac8\u0aaf\u0abe\u0ab0 \u0aa5\u0ab6\u0ac7."},{"Verseid":"54001021","Verse":"\u0a9c\u0ac1\u0ab5\u0abe\u0aa8 \u0aae\u0abe\u0aa3\u0ab8\u0aa8\u0ac7 \u0a9c\u0ac7 \u0a96\u0ab0\u0abe\u0aac \u0a95\u0abe\u0aae\u0acb \u0a95\u0ab0\u0ab5\u0abe\u0aa8\u0ac1\u0a82 \u0aae\u0aa8 \u0aa5\u0aa4\u0ac1\u0a82 \u0ab9\u0acb\u0aaf \u0a9b\u0ac7 \u0aa4\u0ac7\u0ab5\u0ac0 \u0aac\u0abe\u0aac\u0aa4\u0acb\u0aa5\u0ac0 \u0aa4\u0ac1\u0a82 \u0aa6\u0ac2\u0ab0 \u0ab0\u0ab9\u0ac7\u0a9c\u0ac7. \u0aaf\u0acb\u0a97\u0acd\u0aaf \u0ab0\u0ac0\u0aa4\u0ac7 \u0a9c \u0a9c\u0ac0\u0ab5\u0aa8 \u0a9c\u0ac0\u0ab5\u0ab5\u0abe\u0aa8\u0acb \u0a85\u0aa8\u0ac7 \u0ab5\u0abf\u0ab6\u0acd\u0ab5\u0abe\u0ab8, \u0aaa\u0acd\u0ab0\u0ac7\u0aae, \u0a85\u0aa8\u0ac7 \u0ab6\u0abe\u0a82\u0aa4\u0abf \u0aaa\u0acd\u0ab0\u0abe\u0aaa\u0acd\u0aa4 \u0a95\u0ab0\u0ab5\u0abe\u0aa8\u0acb \u0aa4\u0ac1\u0a82 \u0a96\u0ac2\u0aac \u0aaa\u0acd\u0ab0\u0aaf\u0aa4\u0acd\u0aa8 \u0a95\u0ab0\u0a9c\u0ac7. \u0ab6\u0ac1\u0aa6\u0acd\u0aa7 \u0ab9\u0acd\u0ab0\u0aa6\u0aaf\u0aa5\u0ac0 \u0aaa\u0acd\u0ab0\u0aad\u0ac1\u0aae\u0abe\u0a82 \u0ab5\u0abf\u0ab6\u0acd\u0ab5\u0abe\u0ab8 \u0aa7\u0ab0\u0abe\u0ab5\u0aa4\u0abe \u0ab2\u0acb\u0a95\u0acb\u0aa8\u0ac0 \u0ab8\u0abe\u0aa5\u0ac7 \u0ab0\u0ab9\u0ac0\u0aa8\u0ac7 \u0aa4\u0ac1\u0a82 \u0a86 \u0aac\u0aa7\u0ac1\u0a82 \u0a95\u0ab0\u0a9c\u0ac7."},{"Verseid":"54001022","Verse":"\u0a85\u0a95\u0acd\u0a95\u0ab2 \u0ab5\u0a97\u0ab0\u0aa8\u0ac0 \u0a85\u0aa8\u0ac7 \u0aae\u0ac2\u0ab0\u0acd\u0a96\u0abe\u0a87\u0aad\u0ab0\u0ac0 \u0aa6\u0ab2\u0ac0\u0ab2\u0aac\u0abe\u0a9c\u0ac0\u0aa5\u0ac0 \u0aa4\u0ac1\u0a82 \u0aa6\u0ac2\u0ab0 \u0ab0\u0ab9\u0ac7\u0a9c\u0ac7. \u0aa4\u0ac1\u0a82 \u0a9c\u0abe\u0aa3\u0ac7 \u0a9b\u0ac7 \u0a95\u0ac7 \u0a86\u0ab5\u0ac0 \u0aa6\u0ab2\u0ac0\u0ab2\u0acb\u0aae\u0abe\u0a82\u0aa5\u0ac0 \u0aae\u0acb\u0a9f\u0ac0 \u0aa6\u0ab2\u0ac0\u0ab2\u0aac\u0abe\u0a9c\u0ac0 \u0a9c\u0aa8\u0acd\u0aae\u0ac7 \u0a9b\u0ac7."},{"Verseid":"54001023","Verse":"\u0aaa\u0acd\u0ab0\u0aad\u0ac1\u0aa8\u0abe \u0ab8\u0ac7\u0ab5\u0a95\u0ac7 \u0aa4\u0acb \u0a9d\u0a98\u0aa1\u0ab5\u0ac1\u0a82 \u0aa8 \u0a9c\u0acb\u0a88\u0a8f! \u0aa4\u0ac7\u0aa3\u0ac7 \u0aa4\u0acb \u0aa6\u0ab0\u0ac7\u0a95 \u0ab5\u0acd\u0aaf\u0a95\u0acd\u0aa4\u0abf \u0aaa\u0acd\u0ab0\u0aa4\u0acd\u0aaf\u0ac7 \u0aae\u0abe\u0aaf\u0abe\u0ab3\u0ac1 \u0aa5\u0ab5\u0ac1\u0a82 \u0a9c\u0acb\u0a88\u0a8f. \u0aaa\u0acd\u0ab0\u0aad\u0ac1\u0aa8\u0abe \u0ab8\u0ac7\u0ab5\u0a95\u0ac7 \u0aa4\u0acb \u0a8f\u0a95 \u0ab8\u0abe\u0ab0\u0abe \u0ab6\u0abf\u0a95\u0acd\u0ab7\u0a95 \u0aa5\u0ab5\u0ac1\u0a82 \u0a9c\u0acb\u0a88\u0a8f. \u0aa4\u0ac7 \u0ab8\u0ab9\u0aa8\u0ab6\u0ac0\u0ab2 \u0ab9\u0acb\u0ab5\u0acb \u0a9c\u0acb\u0a88\u0a8f."},{"Verseid":"54001024","Verse":"\u0aaa\u0acd\u0ab0\u0aad\u0ac1\u0aa8\u0abe \u0ab8\u0ac7\u0ab5\u0a95\u0ac7 \u0aa4\u0acb \u0aa4\u0ac7\u0aa8\u0ac0 \u0ab8\u0abe\u0aa5\u0ac7 \u0a85\u0ab8\u0a82\u0aae\u0aa4 \u0aa5\u0aa4\u0abe \u0ab5\u0abf\u0ab0\u0acb\u0aa7\u0ac0\u0a93\u0aa8\u0ac7 \u0aa8\u0aae\u0acd\u0ab0\u0aa4\u0abe\u0aa5\u0ac0 \u0a89\u0aaa\u0aa6\u0ac7\u0ab6 \u0a95\u0ab0\u0ab5\u0acb \u0a9c\u0acb\u0a88\u0a8f. \u0ab6\u0a95\u0acd\u0aaf \u0a9b\u0ac7 \u0a95\u0ac7 \u0aa6\u0ac7\u0ab5 \u0a8f\u0ab5\u0abe \u0ab2\u0acb\u0a95\u0acb\u0aa8\u0ac7 \u0aaa\u0ab8\u0acd\u0aa4\u0abe\u0ab5\u0acb \u0a95\u0ab0\u0ab5\u0abe \u0aa6\u0ac7, \u0a9c\u0ac7\u0aa5\u0ac0 \u0aa4\u0ac7\u0a93 \u0ab8\u0aa4\u0acd\u0aaf \u0ab8\u0acd\u0ab5\u0ac0\u0a95\u0abe\u0ab0\u0ac0 \u0ab6\u0a95\u0ac7."},{"Verseid":"54001025","Verse":"\u0ab6\u0ac7\u0aa4\u0abe\u0aa8\u0ac7 \u0a8f\u0ab5\u0abe \u0ab2\u0acb\u0a95\u0acb\u0aa8\u0ac7 \u0aaa\u0acb\u0aa4\u0abe\u0aa8\u0ac0 \u0a9c\u0abe\u0ab3\u0aae\u0abe\u0a82 \u0aab\u0ab8\u0abe\u0ab5\u0acd\u0aaf\u0abe \u0a9b\u0ac7 \u0a85\u0aa8\u0ac7 \u0aa4\u0ac7\u0a93\u0aa8\u0ac0 \u0aaa\u0abe\u0ab8\u0ac7 \u0aaa\u0acb\u0aa4\u0abe\u0aa8\u0ac1\u0a82 \u0aa7\u0abe\u0ab0\u0acd\u0aaf\u0ac1\u0a82 \u0a95\u0ab0\u0abe\u0ab5\u0ac7 \u0a9b\u0ac7. \u0aaa\u0ab0\u0a82\u0aa4\u0ac1 \u0ab6\u0a95\u0acd\u0aaf \u0a9b\u0ac7 \u0a95\u0ac7 \u0aa4\u0ac7\u0a93 \u0a9c\u0abe\u0a97\u0ac0 \u0a9c\u0abe\u0aaf \u0a85\u0aa8\u0ac7 \u0ab8\u0aae\u0a9c\u0ac7 \u0a95\u0ac7 \u0ab6\u0ac7\u0aa4\u0abe\u0aa8 \u0aa4\u0ac7\u0a93\u0aa8\u0acb \u0aa6\u0ac1\u0ab0\u0ac1\u0a82\u0aaa\u0aaf\u0acb\u0a97 \u0a95\u0ab0\u0ac0 \u0ab0\u0ab9\u0acd\u0aaf\u0acb \u0a9b\u0ac7, \u0a85\u0aa8\u0ac7 \u0a85\u0a82\u0aa4\u0ac7 \u0ab6\u0ac7\u0aa4\u0abe\u0aa8\u0aa8\u0ac0 \u0aae\u0abe\u0aaf\u0abe\u0a9c\u0abe\u0ab3\u0aae\u0abe\u0a82\u0aa5\u0ac0 \u0aaa\u0acb\u0aa4\u0abe\u0aa8\u0ac7 \u0aae\u0ac1\u0a95\u0acd\u0aa4 \u0a95\u0ab0\u0abe\u0ab5\u0ac7."}]},{"Verse":[{"Verseid":"54002000","Verse":"\u0a86 \u0aaf\u0abe\u0aa6 \u0ab0\u0abe\u0a96\u0a9c\u0ac7! \u0a9b\u0ac7\u0ab2\u0acd\u0ab2\u0abe \u0aa6\u0abf\u0ab5\u0ab8\u0acb\u0aae\u0abe\u0a82 \u0aa7\u0aa3\u0ac0 \u0aac\u0aa7\u0ac0 \u0aae\u0ac1\u0ab6\u0acd\u0a95\u0ac7\u0ab2\u0ac0\u0a93 \u0a86\u0ab5\u0ab6\u0ac7."},{"Verseid":"54002001","Verse":"\u0a8f\u0ab5\u0acb \u0ab8\u0aae\u0aaf \u0a86\u0ab5\u0ab6\u0ac7 \u0a95\u0ac7 \u0a9c\u0acd\u0aaf\u0abe\u0ab0\u0ac7 \u0ab2\u0acb\u0a95\u0acb \u0aaa\u0acb\u0aa4\u0abe\u0aa8\u0ac0 \u0a9c\u0abe\u0aa4\u0aa8\u0ac7 \u0a9c \u0aa4\u0aa5\u0abe \u0aaa\u0ac8\u0ab8\u0abe\u0aa8\u0ac7 \u0aaa\u0acd\u0ab0\u0ac7\u0aae \u0a95\u0ab0\u0ab6\u0ac7. \u0aa4\u0ac7\u0a93 \u0aac\u0aa1\u0abe\u0ab6\u0a96\u0acb\u0ab0 \u0a85\u0aa8\u0ac7 \u0a85\u0aad\u0abf\u0aae\u0abe\u0aa8\u0ac0 \u0aac\u0aa8\u0ab6\u0ac7. \u0ab2\u0acb\u0a95\u0acb \u0aac\u0ac0\u0a9c\u0abe\u0aa8\u0ac0 \u0aa8\u0abf\u0a82\u0aa6\u0abe-\u0a95\u0ac2\u0aa5\u0ab2\u0ac0 \u0a95\u0ab0\u0aa4\u0abe \u0aa5\u0a88 \u0a9c\u0ab6\u0ac7. \u0ab2\u0acb\u0a95\u0acb \u0aaa\u0acb\u0aa4\u0abe\u0aa8\u0abe \u0aae\u0abe-\u0aac\u0abe\u0aaa\u0aa8\u0ac0 \u0a86\u0a9c\u0acd\u0a9e\u0abe \u0aa8\u0ab9\u0abf \u0aaa\u0abe\u0ab3\u0ac7. \u0ab2\u0acb\u0a95\u0acb\u0aae\u0abe\u0a82 \u0a86\u0aad\u0abe\u0ab0\u0aa8\u0ac0 \u0aad\u0abe\u0ab5\u0aa8\u0abe \u0aae\u0ab0\u0ac0 \u0aaa\u0ab0\u0ab5\u0abe\u0ab0\u0ab6\u0ac7. \u0aa6\u0ac7\u0ab5\u0aa8\u0ac7 \u0a9c\u0ac7\u0ab5\u0abe \u0ab2\u0acb\u0a95\u0acb \u0a97\u0aae\u0ac7 \u0a9b\u0ac7 \u0aa4\u0ac7\u0ab5\u0abe \u0aa4\u0ac7\u0a93 \u0aa8\u0ab9\u0abf \u0ab9\u0acb\u0aaf."},{"Verseid":"54002002","Verse":"\u0ab2\u0acb\u0a95\u0acb\u0aa8\u0ac7 \u0a8f\u0a95\u0aac\u0ac0\u0a9c\u0abe \u0aae\u0abe\u0a9f\u0ac7 \u0aaa\u0acd\u0ab0\u0ac7\u0aae \u0aa8\u0ab9\u0abf \u0ab9\u0acb\u0aaf. \u0aa4\u0ac7\u0a93 \u0aac\u0ac0\u0a9c\u0abe \u0ab2\u0acb\u0a95\u0acb\u0aa8\u0ac7 \u0aae\u0abe\u0aab \u0a95\u0ab0\u0ac0 \u0ab6\u0a95\u0ab6\u0ac7 \u0aa8\u0ab9\u0abf. \u0a85\u0aa8\u0ac7 \u0aa4\u0ac7\u0a93 \u0a96\u0ab0\u0abe\u0aac \u0ab5\u0abe\u0aa4\u0acb \u0a95\u0ab0\u0ab6\u0ac7. \u0ab2\u0acb\u0a95\u0acb \u0aaa\u0acb\u0aa4\u0abe\u0aa8\u0ac0 \u0a9c\u0abe\u0aa4 \u0aaa\u0ab0\u0aa8\u0acb \u0a95\u0abe\u0aac\u0ac2 \u0a97\u0ac1\u0aae\u0abe\u0ab5\u0ab6\u0ac7. \u0aa4\u0ac7\u0a93 \u0a95\u0acd\u0ab0\u0acb\u0aa7\u0ac0 \u0a85\u0aa8\u0ac7 \u0ab9\u0ab2\u0a95\u0ac0 \u0ab5\u0ac3\u0aa4\u0acd\u0aa4\u0abf\u0ab5\u0abe\u0ab3\u0abe \u0a85\u0aa8\u0ac7 \u0a9c\u0ac7 \u0ab5\u0ab8\u0acd\u0aa4\u0ac1\u0a93 \u0ab8\u0abe\u0ab0\u0ac0 \u0ab9\u0ab6\u0ac7 \u0aa4\u0ac7\u0aa8\u0ac7 \u0aa7\u0abf\u0a95\u0acd\u0a95\u0abe\u0ab0\u0ab6\u0ac7."},{"Verseid":"54002003","Verse":"\u0a86\u0ab5\u0aa8\u0abe\u0ab0\u0abe \u0a9b\u0ac7\u0ab2\u0acd\u0ab2\u0abe \u0aa6\u0abf\u0ab5\u0ab8\u0acb\u0aae\u0abe\u0a82 \u0ab2\u0acb\u0a95\u0acb \u0aaa\u0acb\u0aa4\u0abe\u0aa8\u0abe \u0aae\u0abf\u0aa4\u0acd\u0ab0\u0acb\u0aa8\u0abe \u0ab5\u0abf\u0ab6\u0acd\u0ab5\u0abe\u0ab8\u0a98\u0abe\u0aa4\u0ac0 \u0aac\u0aa8\u0ac0 \u0a9c\u0ab6\u0ac7. \u0aa4\u0ac7\u0a93 \u0a9c\u0ab0\u0abe \u0aaa\u0aa3 \u0ab5\u0abf\u0a9a\u0abe\u0ab0 \u0a95\u0ab0\u0acd\u0aaf\u0abe \u0ab5\u0a97\u0ab0 \u0aae\u0ac2\u0ab0\u0acd\u0a96\u0aa4\u0abe\u0aad\u0ab0\u0acd\u0aaf\u0abe \u0a95\u0abe\u0aae\u0acb \u0a95\u0ab0\u0ab6\u0ac7. \u0ab2\u0acb\u0a95\u0acb \u0aa6\u0ac7\u0ab5 \u0aaa\u0ab0 \u0aaa\u0acd\u0ab0\u0ac0\u0aa4\u0abf \u0ab0\u0abe\u0a96\u0ab5\u0abe\u0aa8\u0ac7 \u0aac\u0aa6\u0ab2\u0ac7 \u0ab5\u0abf\u0ab2\u0abe\u0ab8 \u0aaa\u0ab0 \u0aaa\u0acd\u0ab0\u0ac0\u0aa4\u0abf \u0ab0\u0abe\u0a96\u0aa8\u0abe\u0ab0\u0abe \u0aa5\u0ab6\u0ac7."},{"Verseid":"54002004","Verse":"\u0a8f \u0ab2\u0acb\u0a95\u0acb \u0aa6\u0ac7\u0ab5\u0aa8\u0ac0 \u0ab8\u0ac7\u0ab5\u0abe \u0a95\u0ab0\u0ab5\u0abe\u0aa8\u0acb \u0aa1\u0acb\u0ab3 \u0a9a\u0abe\u0ab2\u0ac1 \u0ab0\u0abe\u0a96\u0ab6\u0ac7, \u0aaa\u0ab0\u0a82\u0aa4\u0ac1 \u0aa4\u0ac7\u0a93\u0aa8\u0ac0 \u0a9c\u0ac0\u0ab5\u0aa8 \u0a9c\u0ac0\u0ab5\u0ab5\u0abe\u0aa8\u0ac0 \u0ab0\u0ac0\u0aa4 \u0aaa\u0ab0\u0aa5\u0ac0 \u0a96\u0acd\u0aaf\u0abe\u0ab2 \u0a86\u0ab5\u0ab6\u0ac7 \u0a95\u0ac7 \u0aa4\u0ac7\u0a93 \u0aa6\u0ac7\u0ab5\u0aa8\u0ac0 \u0ab8\u0ac7\u0ab5\u0abe \u0a96\u0ab0\u0ac7\u0a96\u0ab0 \u0a95\u0ab0\u0aa4\u0abe\u0a82 \u0a9c \u0aa8\u0aa5\u0ac0. \u0aa4\u0abf\u0aae\u0acb\u0aa5\u0ac0, \u0a8f\u0ab5\u0abe \u0ab2\u0acb\u0a95\u0acb\u0aa5\u0ac0 \u0aa4\u0ac1\u0a82 \u0aa6\u0ac2\u0ab0 \u0ab0\u0ab9\u0ac7\u0a9c\u0ac7."},{"Verseid":"54002005","Verse":"\u0aa4\u0ac7\u0a93\u0aae\u0abe\u0a82\u0aa8\u0abe \u0a95\u0ac7\u0a9f\u0ab2\u0abe\u0a8f\u0a95 \u0ab2\u0acb\u0a95\u0acb \u0aa4\u0acb \u0aaa\u0abe\u0ab0\u0a95\u0abe\u0aa8\u0abe \u0a98\u0ab0\u0aae\u0abe\u0a82 \u0a98\u0ac2\u0ab8\u0ac0 \u0a9c\u0a87\u0aa8\u0ac7 \u0a85\u0aac\u0ab3\u0abe \u0ab8\u0acd\u0aa4\u0acd\u0ab0\u0ac0\u0a93\u0aa8\u0ac7 \u0aab\u0ab8\u0abe\u0ab5\u0ab5\u0abe\u0aa8\u0acb \u0aaa\u0acd\u0ab0\u0aaf\u0aa4\u0acd\u0aa8 \u0a95\u0ab0\u0aa4\u0abe \u0ab9\u0acb\u0aaf \u0a9b\u0ac7. \u0a8f \u0ab8\u0acd\u0aa4\u0acd\u0ab0\u0ac0\u0a93\u0aae\u0abe\u0a82 \u0aaa\u0aa3 \u0aaa\u0ac1\u0ab7\u0acd\u0a95\u0ab3 \u0aaa\u0abe\u0aaa \u0ab9\u0acb\u0aaf \u0a9b\u0ac7. \u0a85\u0aa8\u0ac7\u0a95 \u0a85\u0aa8\u0abf\u0ab7\u0acd\u0a9f \u0a95\u0ac1\u0a95\u0ab0\u0acd\u0aae\u0acb \u0a95\u0ab0\u0ab5\u0abe\u0aa8\u0ac0 \u0a88\u0a9a\u0acd\u0a9b\u0abe \u0aa7\u0ab0\u0abe\u0ab5\u0aa4\u0ac0 \u0a8f \u0ab8\u0acd\u0aa4\u0acd\u0ab0\u0ac0\u0a93 \u0aaa\u0abe\u0aaa\u0ac5\u0a82\u0ac7\u0aa5\u0ac0 \u0aad\u0ab0\u0aaa\u0ac2\u0ab0 \u0ab9\u0acb\u0aaf \u0a9b\u0ac7."},{"Verseid":"54002006","Verse":"\u0a8f \u0ab8\u0acd\u0aa4\u0acd\u0ab0\u0ac0\u0a93 \u0ab9\u0a82\u0aae\u0ac7\u0ab6\u0abe \u0aa8\u0ab5\u0ac1\u0a82 \u0aa8\u0ab5\u0ac1\u0a82 \u0ab6\u0abf\u0a95\u0acd\u0ab7\u0aa3 \u0ab6\u0ac0\u0a96\u0ab5\u0ab5\u0abe\u0aa8\u0acb \u0aaa\u0acd\u0ab0\u0aaf\u0aa4\u0acd\u0aa8 \u0a95\u0ab0\u0ac7 \u0a9b\u0ac7, \u0aaa\u0ab0\u0a82\u0aa4\u0ac1 \u0aa4\u0ac7\u0a93 \u0ab8\u0aa4\u0acd\u0aaf\u0aa8\u0abe \u0a9c\u0acd\u0a9e\u0abe\u0aa8 \u0ab8\u0ac1\u0aa7\u0ac0 \u0aaa\u0ab9\u0acb\u0a82\u0a9a\u0ac0 \u0ab6\u0a95\u0ab5\u0abe \u0ab6\u0a95\u0acd\u0aa4\u0abf\u0aae\u0abe\u0aa8 \u0aa5\u0aa4\u0ac0 \u0aa8\u0aa5\u0ac0."},{"Verseid":"54002007","Verse":"\u0aaf\u0abe\u0aa8\u0acd\u0aa8\u0ac7\u0ab8 \u0a85\u0aa8\u0ac7 \u0aaf\u0abe\u0a82\u0aac\u0acd\u0ab0\u0ac7\u0ab8\u0aa8\u0ac7 \u0aaf\u0abe\u0aa6 \u0a95\u0ab0. \u0aa4\u0ac7\u0a93 \u0aae\u0ac2\u0ab8\u0abe\u0aa8\u0abe \u0ab5\u0abf\u0ab0\u0acb\u0aa7\u0ac0\u0a93 \u0ab9\u0aa4\u0abe. \u0a86 \u0ab2\u0acb\u0a95\u0acb\u0aa8\u0ac0 \u0aac\u0abe\u0aac\u0aa4\u0aae\u0abe\u0a82 \u0aaa\u0aa3 \u0a8f\u0ab5\u0ac1\u0a82 \u0a9c \u0a9b\u0ac7. \u0aa4\u0ac7\u0a93 \u0ab8\u0aa4\u0acd\u0aaf\u0aa8\u0acb \u0ab5\u0abf\u0ab0\u0acb\u0aa7 \u0a95\u0ab0\u0ac7 \u0a9b\u0ac7. \u0a8f \u0a8f\u0ab5\u0abe \u0ab2\u0acb\u0a95\u0acb \u0a9b\u0ac7 \u0a9c\u0ac7\u0aae\u0aa8\u0ac0 \u0ab5\u0abf\u0a9a\u0abe\u0ab0-\u0ab6\u0a95\u0acd\u0aa4\u0abf \u0a97\u0ac2\u0a82\u0a9a\u0ab5\u0abe\u0a87 \u0a97\u0a87 \u0a9b\u0ac7. \u0aa4\u0ac7\u0a93 \u0ab5\u0abf\u0ab6\u0acd\u0ab5\u0abe\u0ab8\u0aa8\u0acb \u0aae\u0abe\u0ab0\u0acd\u0a97 \u0a85\u0aa8\u0ac1\u0ab8\u0ab0\u0ab5\u0abe\u0aae\u0abe\u0a82 \u0aa8\u0abf\u0ab7\u0acd\u0aab\u0ab3 \u0a97\u0aaf\u0abe \u0a9b\u0ac7."},{"Verseid":"54002008","Verse":"\u0aaa\u0ab0\u0a82\u0aa4\u0ac1 \u0aa4\u0ac7\u0a93 \u0a9c\u0ac7 \u0a95\u0abe\u0ab0\u0acd\u0aaf\u0acb \u0a95\u0ab0\u0ac0 \u0ab0\u0ab9\u0acd\u0aaf\u0abe \u0a9b\u0ac7 \u0aa4\u0ac7\u0aae\u0abe\u0a82 \u0ab8\u0aab\u0ab3 \u0aa4\u0ab5\u0abe\u0aa8\u0abe \u0aa8\u0aa5\u0ac0. \u0aac\u0aa7\u0abe \u0ab2\u0acb\u0a95\u0acb\u0aa8\u0ac7 \u0a96\u0aac\u0ab0 \u0aaa\u0aa1\u0ab6\u0ac7 \u0a95\u0ac7 \u0aa4\u0ac7\u0a93 \u0a95\u0ac7\u0ab5\u0abe \u0aae\u0ac2\u0ab0\u0acd\u0a96 \u0a9b\u0ac7. \u0aaf\u0abe\u0a82\u0aa8\u0acd\u0aa8\u0ac7\u0ab8 \u0a85\u0aa8\u0ac7 \u0aaf\u0abe\u0a82\u0aac\u0acd\u0ab0\u0ac7\u0ab8\u0aa8\u0ac1\u0a82 \u0a86\u0ab5\u0ac1\u0a82 \u0a9c \u0aa5\u0aaf\u0ac1\u0a82 \u0ab9\u0aa4\u0ac1\u0a82."},{"Verseid":"54002009","Verse":"\u0aaa\u0ab0\u0a82\u0aa4\u0ac1 \u0aae\u0abe\u0ab0\u0abe \u0ab5\u0abf\u0ab7\u0ac7 \u0aa4\u0acb \u0aa4\u0ac1\u0a82 \u0aac\u0aa7\u0ac1\u0a82 \u0a9c\u0abe\u0aa3\u0ac7 \u0a9b\u0ac7. \u0ab9\u0ac1\u0a82 \u0a9c\u0ac7 \u0ab6\u0ac0\u0a96\u0ab5\u0ac1\u0a82 \u0a9b\u0ac1\u0a82 \u0a85\u0aa8\u0ac7 \u0a9c\u0ac7 \u0ab0\u0ac0\u0aa4\u0ac7 \u0ab9\u0ac1\u0a82 \u0ab0\u0ab9\u0ac1\u0a82 \u0a9b\u0ac1\u0a82 \u0aa4\u0ac7 \u0aa4\u0aa8\u0ac7 \u0a96\u0aac\u0ab0 \u0a9b\u0ac7. \u0aae\u0abe\u0ab0\u0abe \u0a9c\u0ac0\u0ab5\u0aa8\u0aa8\u0acb \u0ab9\u0ac7\u0aa4\u0ac1\u0a82 \u0aa4\u0ac1\u0a82 \u0a9c\u0abe\u0aa3\u0ac7 \u0a9b\u0ac7. \u0aae\u0abe\u0ab0\u0acb \u0ab5\u0abf\u0ab6\u0acd\u0ab5\u0abe\u0ab8, \u0aae\u0abe\u0ab0\u0acb \u0aaa\u0acd\u0ab0\u0ac7\u0aae \u0a85\u0aa8\u0ac7 \u0aae\u0abe\u0ab0\u0ac0 \u0aa7\u0ac0\u0ab0\u0a9c\u0aa5\u0ac0 \u0aa4\u0ac1\u0a82 \u0aaa\u0ab0\u0abf\u0a9a\u0abf\u0aa4 \u0a9b\u0ac7. \u0ab9\u0ac1\u0a82 \u0aae\u0abe\u0ab0\u0acb \u0aaa\u0acd\u0ab0\u0aaf\u0aa4\u0acd\u0aa8 \u0a95\u0aa6\u0ac0\u0aaf \u0a9b\u0acb\u0aa1\u0aa4\u0acb \u0aa8\u0aa5\u0ac0, \u0a8f \u0aa4\u0ac1\u0a82 \u0a9c\u0abe\u0aa3\u0ac7 \u0a9b\u0ac7."},{"Verseid":"54002010","Verse":"\u0aae\u0ac7\u0a82 \u0a9c\u0ac7 \u0ab8\u0aa4\u0abe\u0ab5\u0aa3\u0ac0 \u0a85\u0aa8\u0ac7 \u0aaf\u0abe\u0aa4\u0aa8\u0abe\u0a93 \u0ab8\u0ab9\u0aa8 \u0a95\u0ab0\u0ac0 \u0a9b\u0ac7 \u0aa4\u0ac7 \u0ab5\u0abf\u0ab7\u0ac7 \u0aa4\u0aa8\u0ac7 \u0a96\u0aac\u0ab0 \u0a9b\u0ac7. \u0a85\u0a82\u0aa4\u0acd\u0aaf\u0acb\u0a96, \u0a88\u0a95\u0acb\u0aa8\u0abf\u0aaf\u0abe\u0aae\u0abe\u0a82, \u0a85\u0aa8\u0ac7 \u0ab2\u0ac1\u0ab8\u0acd\u0aa4\u0acd\u0ab0\u0abe\u0aae\u0abe\u0a82 \u0aae\u0abe\u0ab0\u0ac0 \u0ab8\u0abe\u0aa5\u0ac7 \u0a9c\u0ac7 \u0aac\u0aa8\u0acd\u0aaf\u0ac1\u0a82 \u0ab9\u0aa4\u0ac1\u0a82 \u0aa4\u0ac7 \u0aa4\u0ac1\u0a82 \u0a9c\u0abe\u0aa3\u0ac7 \u0a9b\u0ac7. \u0a8f \u0ab8\u0acd\u0aa5\u0ab3\u0acb\u0a8f \u0aae\u0ac7\u0a82 \u0a95\u0ac7\u0ab5\u0ac0 \u0a95\u0ac7\u0ab5\u0ac0 \u0ab8\u0aa4\u0abe\u0ab5\u0aa3\u0ac0 \u0ab8\u0ab9\u0aa8 \u0a95\u0ab0\u0ac0 \u0ab9\u0aa4\u0ac0, \u0a8f \u0aa4\u0aa8\u0ac7 \u0a96\u0aac\u0ab0 \u0a9b\u0ac7. \u0aaa\u0ab0\u0a82\u0aa4\u0ac1 \u0a8f \u0aac\u0aa7\u0ac0 \u0aae\u0ac1\u0ab6\u0acd\u0a95\u0ac7\u0ab2\u0ac0\u0a93\u0aae\u0abe\u0a82 \u0aaa\u0acd\u0ab0\u0aad\u0ac1\u0a8f \u0a9c \u0aae\u0abe\u0ab0\u0acb \u0a9b\u0ac1\u0a9f\u0a95\u0abe\u0ab0\u0acb \u0a95\u0ab0\u0acd\u0aaf\u0acb \u0a9b\u0ac7."},{"Verseid":"54002011","Verse":"\u0aa6\u0ab0\u0ac7\u0a95 \u0ab5\u0acd\u0aaf\u0a95\u0acd\u0aa4\u0abf \u0aa6\u0ac7\u0ab5\u0aa8\u0ac0 \u0a88\u0a9a\u0acd\u0a9b\u0abe \u0aae\u0ac1\u0a9c\u0aac \u0a96\u0acd\u0ab0\u0abf\u0ab8\u0acd\u0aa4 \u0a88\u0ab8\u0ac1\u0aae\u0abe\u0a82 \u0a9c\u0ac0\u0ab5\u0aa8 \u0ab8\u0aae\u0ab0\u0acd\u0aaa\u0abf\u0aa4 \u0a95\u0ab0\u0ac0 \u0a9c\u0ac0\u0ab5\u0ab5\u0abe\u0aa8\u0acb \u0aaa\u0acd\u0ab0\u0aaf\u0aa4\u0acd\u0aa8 \u0a95\u0ab0\u0ab6\u0ac7 \u0aa4\u0ac7 \u0aa6\u0ab0\u0ac7\u0a95 \u0ab5\u0acd\u0aaf\u0a95\u0acd\u0aa4\u0abf\u0aa8\u0ac0 \u0ab8\u0aa4\u0abe\u0ab5\u0aa3\u0ac0 \u0a95\u0ab0\u0ab5\u0abe\u0aae\u0abe\u0a82 \u0a86\u0ab5\u0ab6\u0ac7."},{"Verseid":"54002012","Verse":"\u0a9c\u0ac7 \u0aa6\u0ac1\u0ab7\u0acd\u0a9f \u0ab2\u0acb\u0a95\u0acb \u0aac\u0ac0\u0a9c\u0abe\u0aa8\u0ac7 \u0a9b\u0ac7\u0aa4\u0ab0\u0ac7 \u0a9b\u0ac7 \u0aa4\u0ac7 \u0ab2\u0acb\u0a95\u0acb \u0ab5\u0aa7\u0ac1 \u0aa8\u0ac7 \u0ab5\u0aa7\u0ac1 \u0a96\u0ab0\u0abe\u0aac \u0aa5\u0aa4\u0abe \u0a9c\u0ab6\u0ac7. \u0aa4\u0ac7\u0a93 \u0aac\u0ac0\u0a9c\u0abe \u0ab2\u0acb\u0a95\u0acb\u0aa8\u0ac7 \u0aae\u0ac2\u0ab0\u0acd\u0a96 \u0aac\u0aa8\u0abe\u0ab5\u0ab6\u0ac7, \u0aaa\u0ab0\u0a82\u0aa4\u0ac1 \u0aa4\u0ac7\u0a93 \u0aaa\u0acb\u0aa4\u0ac7 \u0aaa\u0aa3 \u0aae\u0ac2\u0ab0\u0acd\u0a96 \u0aac\u0aa8\u0ab6\u0ac7."},{"Verseid":"54002013","Verse":"\u0aaa\u0ab0\u0a82\u0aa4\u0ac1 \u0a9c\u0ac7 \u0ab5\u0abe\u0aa4\u0acb \u0aa4\u0ac1\u0a82 \u0ab6\u0ac0\u0a96\u0acd\u0aaf\u0acb \u0a9b\u0ac7 \u0aa4\u0ac7\u0aa8\u0ac7 \u0a85\u0aa8\u0ac1\u0ab8\u0ab0\u0ab5\u0abe\u0aa8\u0ac1\u0a82 \u0aa4\u0abe\u0ab0\u0ac7 \u0a9a\u0abe\u0ab2\u0ac1 \u0ab0\u0abe\u0a96\u0ab5\u0ac1\u0a82 \u0a9c\u0acb\u0a88\u0a8f. \u0aa4\u0ac1\u0a82 \u0a9c\u0abe\u0aa3\u0ac7 \u0a9b\u0ac7 \u0a95\u0ac7 \u0a8f \u0aac\u0aa7\u0ac0 \u0ab5\u0aa4\u0acb \u0ab8\u0abe\u0a9a\u0ac0 \u0a9b\u0ac7. \u0aa4\u0ac1\u0a82 \u0a8f \u0aac\u0abe\u0aac\u0aa4\u0acb \u0ab6\u0ac0\u0a96\u0ab5\u0aa8\u0abe\u0ab0\u0abe\u0a93 \u0aaa\u0ab0 \u0aaa\u0ac2\u0ab0\u0acb \u0ab5\u0abf\u0ab6\u0acd\u0ab5\u0abe\u0ab8 \u0ab0\u0abe\u0a96\u0ac0 \u0ab6\u0a95\u0ac7 \u0a9b\u0ac7 \u0a8f\u0aa8\u0ac0 \u0aa4\u0aa8\u0ac7 \u0a96\u0aac\u0ab0 \u0a9b\u0ac7."},{"Verseid":"54002014","Verse":"\u0aa4\u0ac1\u0a82 \u0aac\u0abe\u0ab3\u0a95 \u0ab9\u0aa4\u0acb \u0aa4\u0acd\u0aaf\u0abe\u0ab0\u0aa8\u0acb \u0aaa\u0ab5\u0abf\u0aa4\u0acd\u0ab0 \u0ab6\u0abe\u0ab8\u0acd\u0aa4\u0acd\u0ab0\u0aa5\u0ac0 \u0aaa\u0ab0\u0abf\u0a9a\u0abf\u0aa4 \u0a9b\u0ac7. \u0a8f \u0aaa\u0ab5\u0abf\u0aa4\u0acd\u0ab0\u0ab6\u0abe\u0ab8\u0acd\u0aa4\u0acd\u0ab0\u0aa4\u0aa8\u0ac7 \u0ab5\u0abf\u0ab5\u0ac7\u0a95\u0aac\u0ac1\u0aa6\u0acd\u0aa7\u0abf\u0ab5\u0abe\u0ab3\u0acb \u0aac\u0aa8\u0abe\u0ab5\u0ab5\u0abe\u0aa8\u0ac0 \u0a95\u0acd\u0ab7\u0aae\u0aa4\u0abe \u0aa7\u0ab0\u0abe\u0ab5\u0ac7 \u0a9b\u0ac7 \u0a85\u0aa8\u0ac7 \u0a96\u0acd\u0ab0\u0abf\u0ab8\u0acd\u0aa4 \u0a88\u0ab8\u0ac1\u0aae\u0abe\u0a82 \u0ab5\u0abf\u0ab6\u0acd\u0ab5\u0abe\u0ab8 \u0aa6\u0acd\u0aa7\u0abe\u0ab0\u0abe \u0aa4\u0abe\u0ab0\u0aa3\u0aa8\u0abe \u0aae\u0abe\u0ab0\u0acd\u0a97\u0ac7 \u0a9c\u0ab5\u0abe \u0a8f \u0ab5\u0abf\u0ab5\u0ac7\u0a95\u0aac\u0ac1\u0aa6\u0acd\u0aa7\u0abf \u0aa4\u0aa8\u0ac7 \u0a89\u0aaa\u0aaf\u0acb\u0a97\u0ac0 \u0aa8\u0ac0\u0ab5\u0aa1\u0ab6\u0ac7."},{"Verseid":"54002015","Verse":"\u0aa6\u0ab0\u0ac7\u0a95 \u0ab6\u0abe\u0ab8\u0acd\u0aa4\u0acd\u0ab0 \u0a87\u0ab6\u0acd\u0ab5\u0ab0\u0aaa\u0acd\u0ab0\u0ac7\u0ab0\u0abf\u0aa4 \u0a9b\u0ac7. \u0ab2\u0acb\u0a95\u0acb\u0aa8\u0abe \u0a9c\u0ac0\u0ab5\u0aa8\u0aae\u0abe\u0a82 \u0a95\u0acd\u0aaf\u0abe\u0a82 \u0a96\u0acb\u0a9f\u0ac1\u0a82 \u0aa5\u0abe\u0aaf \u0a9b\u0ac7 \u0aa4\u0ac7 \u0aac\u0aa4\u0abe\u0ab5\u0ab5\u0abe \u0a85\u0aa8\u0ac7 \u0aac\u0acb\u0aa7 \u0a86\u0aaa\u0ab5\u0abe \u0aa6\u0ab0\u0ac7\u0a95 \u0ab6\u0abe\u0ab8\u0acd\u0aa4\u0acd\u0ab0 \u0a89\u0aaa\u0aaf\u0acb\u0a97\u0ac0 \u0a9b\u0ac7. \u0aad\u0ac2\u0ab2\u0acb \u0ab8\u0ac1\u0aa7\u0abe\u0ab0\u0ab5\u0abe \u0a85\u0aa8\u0ac7 \u0aa8\u0acd\u0aaf\u0abe\u0aaf\u0ac0 \u0a9c\u0ac0\u0ab5\u0aa8 \u0a9c\u0ac0\u0ab5\u0ab5\u0abe\u0aa8\u0abe \u0ab6\u0abf\u0a95\u0acd\u0ab7\u0aa3\u0aae\u0abe\u0a82 \u0aad\u0ac2\u0ab2\u0acb \u0ab8\u0ac1\u0aa7\u0abe\u0ab0\u0ab5\u0abe \u0aa6\u0ab0\u0ac7\u0a95 \u0ab6\u0abe\u0ab8\u0acd\u0aa4\u0acd\u0ab0 \u0a89\u0aaa\u0aaf\u0acb\u0a97\u0ac0 \u0a9b\u0ac7."},{"Verseid":"54002016","Verse":"\u0ab6\u0abe\u0ab8\u0acd\u0aa4\u0acd\u0ab0\u0acb\u0aa8\u0acb \u0a89\u0aaa\u0aaf\u0acb\u0a97 \u0a95\u0ab0\u0ac0\u0aa8\u0ac7 \u0a9c\u0ac7 \u0ab5\u0acd\u0aaf\u0a95\u0acd\u0aa4\u0abf \u0aa6\u0ac7\u0ab5\u0aa8\u0ac0 \u0ab8\u0ac7\u0ab5\u0abe \u0a95\u0ab0\u0ab6\u0ac7, \u0aa4\u0ac7 \u0aac\u0aa7\u0abe\u0a9c \u0ab8\u0abe\u0ab0\u0abe \u0a95\u0abe\u0ab0\u0acd\u0aaf\u0acb \u0a95\u0ab0\u0ab5\u0abe \u0aae\u0abe\u0a9f\u0ac7 \u0aaa\u0ac2\u0ab0\u0ac7\u0aaa\u0ac2\u0ab0\u0acb \u0ab8\u0ac1\u0ab8\u0a9c\u0a9c \u0aa5\u0ab6\u0ac7."}]},{"Verse":[{"Verseid":"54003000","Verse":"\u0aa6\u0ac7\u0ab5 \u0aa4\u0aa5\u0abe \u0a88\u0ab8\u0ac1 \u0a96\u0acd\u0ab0\u0abf\u0ab8\u0acd\u0aa4 \u0ab8\u0aae\u0a95\u0acd\u0ab7 \u0ab9\u0ac1\u0a82 \u0aa4\u0aa8\u0ac7 \u0a86\u0aa6\u0ac7\u0ab6 \u0a86\u0aaa\u0ac1\u0a82 \u0a9b\u0ac1\u0a82 \u0a95\u0ac7 \u0aae\u0ab0\u0aa3 \u0aaa\u0abe\u0aae\u0ac7\u0ab2\u0abe \u0aa4\u0ac7\u0aae\u0a9c \u0a9c\u0ac0\u0ab5\u0aa4\u0abe \u0ab2\u0acb\u0a95\u0acb\u0aa8\u0acb \u0a8f\u0a95 \u0aae\u0abe\u0aa4\u0acd\u0ab0 \u0a8f\u0ab5\u0acb \u0a96\u0acd\u0ab0\u0abf\u0ab8\u0acd\u0aa4 \u0a88\u0ab8\u0ac1 \u0aa8\u0acd\u0aaf\u0abe\u0aaf \u0a95\u0ab0\u0ab6\u0ac7. \u0a88\u0ab8\u0ac1\u0aa8\u0ac1\u0a82 \u0ab0\u0abe\u0a9c\u0acd\u0aaf \u0a9b\u0ac7, \u0a85\u0aa8\u0ac7 \u0aa4\u0ac7 \u0aab\u0ab0\u0ac0\u0aa5\u0ac0 \u0a86\u0ab5\u0ac0 \u0ab0\u0ab9\u0acd\u0aaf\u0acb \u0a9b\u0ac7. \u0aa4\u0ac7\u0aa5\u0ac0 \u0ab9\u0ac1\u0a82 \u0aa4\u0aa8\u0ac7 \u0a86 \u0a86\u0aa6\u0ac7\u0ab6 \u0a86\u0aaa\u0ac1\u0a82 \u0a9b\u0ac1\u0a82:"},{"Verseid":"54003001","Verse":"\u0ab2\u0acb\u0a95\u0acb\u0aa8\u0ac7 \u0aa4\u0ac1\u0a82 \u0ab8\u0ac1\u0ab5\u0abe\u0ab0\u0acd\u0aa4\u0abe \u0aaa\u0acd\u0ab0\u0a97\u0a9f \u0a95\u0ab0. \u0aa4\u0ac7 \u0ab8\u0a82\u0aa6\u0ac7\u0ab6 \u0a8f \u0a9b\u0ac7 \u0a95\u0ac7, \u0ab2\u0acb\u0a95\u0acb\u0aa8\u0abe\u0a82 \u0aaa\u0abe\u0aaa \u0aae\u0abe\u0aab \u0aa5\u0a88 \u0ab6\u0a95\u0ac7 \u0a85\u0aa8\u0ac7 \u0aa4\u0ac7\u0a93 \u0aa6\u0ac7\u0ab5\u0aa8\u0abe \u0ab8\u0abe\u0aa8\u0acd\u0aa8\u0abf\u0aa7\u0acd\u0aaf\u0aae\u0abe\u0a82 \u0ab0\u0ab9\u0ac0 \u0ab6\u0a95\u0ac7, \u0a8f\u0ab5\u0acb \u0aae\u0abe\u0ab0\u0acd\u0a97 \u0aa6\u0ac7\u0ab5\u0ac7 \u0ab9\u0ab5\u0ac7 \u0ab8\u0ab0\u0acd\u0ab5 \u0aae\u0abe\u0a9f\u0ac7 \u0a96\u0ac2\u0ab2\u0acd\u0ab2\u0acb \u0a95\u0ab0\u0ac0 \u0aa6\u0ac0\u0aa7\u0acb \u0a9b\u0ac7. \u0aa6\u0ab0\u0ac7\u0a95 \u0ab8\u0aae\u0aaf\u0ac7 \u0aa4\u0ac1\u0a82 \u0aa4\u0ac8\u0aaf\u0abe\u0ab0 \u0ab0\u0ab9\u0ac7\u0a9c\u0ac7. \u0ab2\u0acb\u0a95\u0acb\u0a8f \u0ab6\u0ac1\u0a82 \u0ab6\u0ac1\u0a82 \u0a95\u0ab0\u0ab5\u0abe\u0aa8\u0ac0 \u0a9c\u0ab0\u0ac1\u0a82\u0ab0 \u0a9b\u0ac7 \u0aa4\u0ac7 \u0aa4\u0ac1\u0a82 \u0aa4\u0ac7\u0a93\u0aa8\u0ac7 \u0a95\u0ab9\u0ac7, \u0aa4\u0ac7\u0a93\u0aa8\u0ac0 \u0aad\u0ac2\u0ab2 \u0aa5\u0abe\u0aaf \u0aa4\u0acd\u0aaf\u0abe\u0ab0\u0ac7 \u0aa4\u0ac1\u0a82 \u0aa4\u0ac7\u0a93\u0aa8\u0ac7 \u0aa7\u0aae\u0a95\u0abe\u0ab5 \u0a85\u0aa8\u0ac7 \u0aa4\u0ac7\u0a93\u0aa8\u0ac7 \u0aaa\u0acd\u0ab0\u0acb\u0aa4\u0acd\u0ab8\u0abe\u0ab9\u0abf\u0aa4 \u0a95\u0ab0. \u0a86 \u0aac\u0aa7\u0ac1\u0a82 \u0aa4\u0ac1\u0a82 \u0a96\u0ac2\u0aac\u0a9c \u0aa7\u0ac0\u0ab0\u0a9c\u0aaa\u0ac2\u0ab0\u0acd\u0ab5\u0a95 \u0aa4\u0aa5\u0abe \u0a95\u0abe\u0ab3\u0a9c\u0ac0\u0aaa\u0ac2\u0ab0\u0acd\u0ab5\u0a95\u0aa8\u0abe \u0a89\u0aaa\u0aa6\u0ac7\u0ab6 \u0ab5\u0aa1\u0ac7 \u0a95\u0ab0."},{"Verseid":"54003002","Verse":"\u0a8f\u0ab5\u0acb \u0ab8\u0aae\u0aaf \u0a86\u0ab5\u0ab6\u0ac7 \u0a95\u0ac7 \u0a9c\u0acd\u0aaf\u0abe\u0ab0\u0ac7 \u0ab2\u0acb\u0a95\u0acb \u0ab8\u0abe\u0a9a\u0acb \u0a89\u0aaa\u0aa6\u0ac7\u0ab6 \u0aa8\u0ab9\u0abf \u0ab8\u0abe\u0a82\u0aad\u0ab3\u0ac7. \u0aaa\u0aa3 \u0a95\u0abe\u0aa8\u0aae\u0abe\u0a82 \u0a96\u0a82\u0a9c\u0ab5\u0abe\u0ab3 \u0a86\u0ab5\u0ab5\u0abe\u0aa5\u0ac0 \u0aa4\u0ac7\u0a93 \u0aaa\u0acb\u0aa4\u0abe\u0aa8\u0ac7 \u0aae\u0aa8\u0a97\u0aae\u0aa4\u0abe \u0a89\u0aaa\u0aa6\u0ac7\u0ab6\u0a95\u0acb \u0aaa\u0acb\u0aa4\u0abe\u0aa8\u0abe \u0aae\u0abe\u0a9f\u0ac7 \u0aad\u0ac7\u0a97\u0abe \u0a95\u0ab0\u0ab6\u0ac7."},{"Verseid":"54003003","Verse":"\u0ab2\u0acb\u0a95\u0acb \u0ab8\u0aa4\u0acd\u0aaf \u0aa4\u0ab0\u0aab \u0a86\u0aa1\u0abe \u0a95\u0abe\u0aa8 \u0a95\u0ab0\u0ab6\u0ac7. \u0a95\u0abe\u0ab2\u0acd\u0aaa\u0aa8\u0abf\u0a95 \u0ab5\u0abe\u0aa4\u0acb\u0aa8\u0abe \u0ab6\u0abf\u0a95\u0acd\u0ab7\u0aa3\u0aa8\u0ac7 \u0a85\u0aa8\u0ac1\u0ab8\u0ab0\u0ab5\u0abe\u0aa8\u0ac1\u0a82 \u0ab6\u0ab0\u0ac1\u0a82 \u0a95\u0ab0\u0ab6\u0ac7."},{"Verseid":"54003004","Verse":"\u0aaa\u0ab0\u0a82\u0aa4\u0ac1 \u0ab9\u0ab0 \u0a98\u0aa1\u0ac0\u0a8f \u0aa4\u0ac1\u0a82 \u0ab8\u0ab0\u0acd\u0ab5 \u0aac\u0abe\u0aac\u0aa4\u0acb\u0aae\u0abe\u0a82 \u0ab8\u0abe\u0ab5\u0aa7 \u0ab0\u0ab9\u0ac7\u0a9c\u0ac7. \u0a9c\u0acd\u0aaf\u0abe\u0ab0\u0ac7 \u0aae\u0ac1\u0ab8\u0ac0\u0aac\u0aa4\u0acb \u0a86\u0ab5\u0ac7 \u0aa4\u0acd\u0aaf\u0abe\u0ab0\u0ac7 \u0aa4\u0ac7\u0a93\u0aa8\u0ac7 \u0aa4\u0ac1\u0a82 \u0ab8\u0acd\u0ab5\u0ac0\u0a95\u0abe\u0ab0\u0ac0 \u0ab2\u0ac7\u0a9c\u0ac7. \u0ab8\u0ac1\u0ab5\u0abe\u0ab0\u0acd\u0aa4\u0abe \u0aaa\u0acd\u0ab0\u0a9a\u0abe\u0ab0\u0aa8\u0ac1\u0a82 \u0a95\u0abe\u0aae \u0a95\u0ab0\u0aa4\u0acb \u0ab0\u0ab9\u0ac7\u0a9c\u0ac7. \u0aa6\u0ac7\u0ab5\u0aa8\u0abe \u0ab8\u0ac7\u0ab5\u0a95\u0aa8\u0ac0 \u0aac\u0aa7\u0ac0 \u0a9c \u0aab\u0ab0\u0a9c\u0acb \u0aa4\u0ac1\u0a82 \u0a85\u0aa6\u0abe \u0a95\u0ab0\u0ac0 \u0aac\u0aa4\u0abe\u0ab5\u0a9c\u0ac7."},{"Verseid":"54003005","Verse":"\u0a95\u0ac7\u0aae \u0a95\u0ac7 \u0ab9\u0ac1\u0a82 \u0a85\u0aa4\u0acd\u0aaf\u0abe\u0ab0\u0ac7 \u0aaa\u0ac7\u0aaf\u0abe\u0ab0\u0acd\u0aaa\u0aa3 \u0aa4\u0ab0\u0ac0\u0a95\u0ac7 \u0ab0\u0ac7\u0aa1\u0abe\u0a89\u0a82 \u0a9b\u0ac1\u0a82. \u0a85\u0aa8\u0ac7 \u0aae\u0abe\u0ab0\u0acb \u0aaa\u0acd\u0ab0\u0aaf\u0abe\u0aa3\u0a95\u0abe\u0ab3 \u0aaa\u0abe\u0ab8\u0ac7 \u0a86\u0ab5\u0ac0 \u0a97\u0aaf\u0acb \u0a9b\u0ac7."},{"Verseid":"54003006","Verse":"\u0ab9\u0ac1\u0a82 \u0ab8\u0abe\u0ab0\u0ac0 \u0ab2\u0aa1\u0abe\u0a87 \u0ab2\u0aa1\u0acd\u0aaf\u0acb \u0a9b\u0ac1\u0a82. \u0aae\u0ac7\u0a82 \u0aa6\u0acb\u0aa1 \u0aaa\u0ac2\u0ab0\u0ac0 \u0a95\u0ab0\u0ac0 \u0a9b\u0ac7. \u0aae\u0ac7\u0a82 \u0ab5\u0abf\u0ab6\u0acd\u0ab5\u0abe\u0ab8 \u0ab0\u0abe\u0a96\u0acd\u0aaf\u0acb \u0a9b\u0ac7."},{"Verseid":"54003007","Verse":"\u0ab9\u0ab5\u0ac7 \u0aae\u0abe\u0ab0\u0ac7 \u0ab8\u0abe\u0a82\u0ab0\u0ac1\u0a82 \u0aa8\u0acd\u0aaf\u0abe\u0aaf\u0ac0\u0aaa\u0aa3\u0abe\u0aa8\u0acb \u0aae\u0ac1\u0a97\u0a9f \u0ab0\u0abe\u0a96\u0ac0 \u0aae\u0ac2\u0a95\u0ac7\u0ab2\u0acb \u0a9b\u0ac7, \u0aa4\u0ac7\u0aa5\u0ac0 \u0a8f \u0aae\u0ac1\u0a97\u0a9f \u0aae\u0aa8\u0ac7 \u0aae\u0ab3\u0ab6\u0ac7 \u0a95\u0abe\u0ab0\u0aa3 \u0a95\u0ac7 \u0ab9\u0ac1\u0a82 \u0aa6\u0ac7\u0ab5 \u0ab8\u0abe\u0aa5\u0ac7 \u0aa8\u0acd\u0aaf\u0abe\u0aaf\u0ac0 \u0a9b\u0ac1\u0a82. \u0aaa\u0acd\u0ab0\u0aad\u0ac1 \u0aa4\u0acb \u0a8f\u0ab5\u0acb \u0aa8\u0acd\u0aaf\u0abe\u0aaf\u0abe\u0aa7\u0ac0\u0ab6 \u0a9b\u0ac7 \u0a95\u0ac7 \u0a9c\u0ac7 \u0aaf\u0acb\u0a97\u0acd\u0aaf \u0a9c \u0aa8\u0acd\u0aaf\u0abe\u0aaf \u0a95\u0ab0\u0ac7 \u0a9b\u0ac7. \u0aa4\u0ac7 \u0aa6\u0abf\u0ab5\u0ab8\u0ac7 \u0aaa\u0acd\u0ab0\u0aad\u0ac1 \u0aae\u0aa8\u0ac7 \u0aa4\u0ac7 \u0aae\u0ac1\u0a97\u0a9f \u0a86\u0aaa\u0ab6\u0ac7. \u0ab9\u0abe! \u0aa4\u0ac7 \u0aae\u0aa8\u0ac7 \u0aae\u0ac1\u0a97\u0a9f \u0a86\u0aaa\u0ab6\u0ac7. \u0aaa\u0acd\u0ab0\u0aad\u0ac1\u0aa8\u0abe \u0aaa\u0acd\u0ab0\u0a97\u0a9f \u0aa5\u0ab5\u0abe\u0aa8\u0ac0 \u0a87\u0a9a\u0acd\u0a9b\u0abe \u0ab0\u0abe\u0a96\u0aa8\u0abe\u0ab0\u0abe \u0a85\u0aa8\u0ac7 \u0aa4\u0ac7\u0aa8\u0ac0 \u0aaa\u0acd\u0ab0\u0aa4\u0abf\u0a95\u0acd\u0ab7\u0abe \u0a95\u0ab0\u0aa8\u0abe\u0ab0\u0abe \u0ab8\u0ab0\u0acd\u0ab5 \u0ab2\u0acb\u0a95\u0acb\u0aa8\u0ac7 \u0aaa\u0acd\u0ab0\u0aad\u0ac1 \u0aa4\u0ac7 \u0aae\u0ac1\u0a97\u0a9f \u0a86\u0aaa\u0ab6\u0ac7."},{"Verseid":"54003008","Verse":"\u0a9c\u0ac7\u0aae \u0aac\u0aa8\u0ac7 \u0a8f\u0aae \u0a9c\u0ab2\u0acd\u0aa6\u0ac0 \u0aae\u0abe\u0ab0\u0ac0 \u0aaa\u0abe\u0ab8\u0ac7 \u0a86\u0ab5\u0ab5\u0abe\u0aa8\u0acb \u0aa4\u0ac1\u0a82 \u0aaa\u0acd\u0ab0\u0aaf\u0aa4\u0acd\u0aa8 \u0a95\u0ab0\u0a9c\u0ac7."},{"Verseid":"54003009","Verse":"\u0aa6\u0ac7\u0aae\u0abe\u0ab8\u0ac7 \u0ab5\u0ab0\u0acd\u0aa4\u0aae\u0abe\u0aa8 \u0aa6\u0ac1\u0aa8\u0abf\u0aaf\u0abe\u0aa8\u0ac7 \u0aaa\u0ac1\u0ab7\u0acd\u0a95\u0ab3 \u0aaa\u0acd\u0ab0\u0ac7\u0aae \u0a95\u0ab0\u0acd\u0aaf\u0acb \u0ab9\u0aa4\u0acb. \u0aa4\u0ac7\u0aa5\u0ac0 \u0a9c \u0aa4\u0acb \u0aa4\u0ac7 \u0aae\u0aa8\u0ac7 \u0a9b\u0acb\u0aa1\u0ac0\u0aa8\u0ac7 \u0a9a\u0abe\u0ab2\u0acd\u0aaf\u0acb \u0a97\u0aaf\u0acb \u0a9b\u0ac7. \u0aa4\u0ac7 \u0aa5\u0ac7\u0ab8\u0acd\u0ab8\u0ab2\u0acb\u0aa8\u0abf\u0a95\u0abe \u0a9c\u0aa4\u0acb \u0ab0\u0ab9\u0acd\u0aaf\u0acb \u0a9b\u0ac7 \u0a85\u0aa8\u0ac7 \u0a95\u0acd\u0ab0\u0ac7\u0ab8\u0acd\u0a95\u0ac7\u0aa8\u0acd\u0ab8 \u0a97\u0ab2\u0abe\u0aa4\u0abf\u0aaf\u0abe \u0a97\u0aaf\u0acb \u0a9b\u0ac7. \u0a85\u0aa8\u0ac7 \u0aa4\u0abf\u0aa4\u0ab8 \u0aa6\u0ab2\u0acd\u0aae\u0aa4\u0abf\u0aaf\u0abe \u0a97\u0aaf\u0acb \u0a9b\u0ac7."},{"Verseid":"54003010","Verse":"\u0ab9\u0ab5\u0ac7 \u0aae\u0abe\u0ab0\u0ac0 \u0ab8\u0abe\u0aa5\u0ac7 \u0aab\u0a95\u0acd\u0aa4 \u0ab2\u0ac2\u0a95 \u0a9c \u0ab0\u0ab9\u0acd\u0aaf\u0acb \u0a9b\u0ac7. \u0aae\u0abe\u0ab0\u0acd\u0a95\u0aa8\u0ac7 \u0ab6\u0acb\u0aa7\u0ac0 \u0a95\u0abe\u0aa2\u0a9c\u0ac7 \u0a85\u0aa8\u0ac7 \u0aa4\u0ac1\u0a82 \u0a86\u0ab5\u0ac7 \u0aa4\u0acd\u0aaf\u0abe\u0ab0\u0ac7 \u0a8f\u0aa8\u0ac7 \u0aa4\u0abe\u0ab0\u0ac0 \u0ab8\u0abe\u0aa5\u0ac7 \u0ab2\u0ac7\u0aa4\u0acb \u0a86\u0ab5\u0a9c\u0ac7. \u0a85\u0ab9\u0ac0\u0a82\u0aa8\u0abe \u0aae\u0abe\u0ab0\u0abe \u0a95\u0abe\u0ab0\u0acd\u0aaf\u0aae\u0abe\u0a82 \u0aa4\u0ac7 \u0aae\u0aa8\u0ac7 \u0aae\u0aa6\u0aa6 \u0a95\u0ab0\u0ac0 \u0ab6\u0a95\u0ac7 \u0a8f\u0ab5\u0acb \u0a9b\u0ac7."},{"Verseid":"54003011","Verse":"\u0aae\u0ac7\u0a82 \u0aa4\u0ac1\u0a96\u0abf\u0a95\u0ab8\u0aa8\u0ac7 \u0a8f\u0aab\u0ac7\u0ab8\u0ab8\u0aae\u0abe\u0a82 \u0aae\u0acb\u0a95\u0ab2\u0acd\u0aaf\u0acb \u0a9b\u0ac7."},{"Verseid":"54003012","Verse":"\u0ab9\u0ac1\u0a82 \u0a9c\u0acd\u0aaf\u0abe\u0ab0\u0ac7 \u0aa4\u0acd\u0ab0\u0acb\u0a86\u0ab8\u0aae\u0abe\u0a82 \u0ab9\u0aa4\u0acb \u0aa4\u0acd\u0aaf\u0abe\u0ab0\u0ac7 \u0a95\u0abe\u0ab0\u0acd\u0aaa\u0ab8 \u0aaa\u0abe\u0ab8\u0ac7 \u0aae\u0abe\u0ab0\u0acb \u0a95\u0acb\u0a9f \u0aae\u0ac2\u0a95\u0ac0 \u0a86\u0ab5\u0acd\u0aaf\u0acb \u0a9b\u0ac1\u0a82. \u0aa4\u0acb \u0aa4\u0ac1\u0a82 \u0a9c\u0acd\u0aaf\u0abe\u0ab0\u0ac7 \u0a86\u0ab5\u0ac7 \u0aa4\u0acd\u0aaf\u0abe\u0ab0\u0ac7 \u0aae\u0abe\u0ab0\u0acb \u0a8f \u0a95\u0acb\u0a9f \u0ab2\u0ac7\u0aa4\u0acb \u0a86\u0ab5\u0a9c\u0ac7. \u0a85\u0aa8\u0ac7 \u0aae\u0abe\u0ab0\u0abe\u0a82 \u0aaa\u0ac1\u0ab8\u0acd\u0aa4\u0a95\u0acb \u0aaa\u0aa3 \u0ab2\u0abe\u0ab5\u0a9c\u0ac7. \u0a9c\u0ac7 \u0aaa\u0ac1\u0ab8\u0acd\u0aa4\u0a95\u0acb \u0ab5\u0abf\u0ab6\u0abf\u0ab7\u0acd\u0a9f \u0ab0\u0ac0\u0aa4\u0ac7 \u0a9a\u0ab0\u0acd\u0aae\u0aaa\u0aa4\u0acd\u0ab0\u0acb \u0aaa\u0ab0 \u0ab2\u0a96\u0ac7\u0ab2\u0abe \u0a9b\u0ac7 \u0aa4\u0ac7\u0aa8\u0ac0 \u0aae\u0abe\u0ab0\u0ac7 \u0a96\u0abe\u0ab8 \u0a9c\u0ab0\u0ac2\u0ab0 \u0a9b\u0ac7."},{"Verseid":"54003013","Verse":"\u0a86\u0ab2\u0ac7\u0a95\u0ab8\u0abe\u0a82\u0aa6\u0ab0 \u0a95\u0a82\u0ab8\u0abe\u0ab0\u0abe\u0a8f \u0aae\u0abe\u0ab0\u0ac1\u0a82 \u0a98\u0aa3\u0ac1\u0a82 \u0aa8\u0ac1\u0a95\u0ab6\u0abe\u0aa8 \u0a95\u0ab0\u0acd\u0aaf\u0ac1 \u0a9b\u0ac7. \u0a86\u0ab2\u0ac7\u0a95\u0ab8\u0abe\u0a82\u0aa6\u0ab0\u0aa8\u0abe \u0a95\u0ac1\u0a95\u0ab0\u0acd\u0aae\u0acb \u0aac\u0aa6\u0ab2 \u0aaa\u0acd\u0ab0\u0aad\u0ac1 \u0aa4\u0ac7\u0aa8\u0ac7 \u0ab6\u0abf\u0a95\u0acd\u0ab7\u0abe \u0a95\u0ab0\u0ab6\u0ac7."},{"Verseid":"54003014","Verse":"\u0aa4\u0ac1\u0a82 \u0aa4\u0ac7 \u0aae\u0abe\u0aa3\u0ab8\u0aa5\u0ac0 \u0a9a\u0ac7\u0aa4\u0aa4\u0acb \u0ab0\u0ab9\u0ac7\u0a9c\u0ac7 \u0a9c\u0ac7\u0aa5\u0ac0 \u0aa4\u0ac7 \u0aa4\u0aa8\u0ac7 \u0aaa\u0aa3 \u0a86\u0a98\u0abe\u0aa4 \u0aa8 \u0a86\u0aaa\u0ac7. \u0aa4\u0ac7\u0aa3\u0ac7 \u0a86\u0aaa\u0aa3\u0abe \u0a89\u0aaa\u0aa6\u0ac7\u0ab6\u0aa8\u0ac0 \u0ab8\u0abe\u0aae\u0ac7 \u0a98\u0aa3\u0acb \u0ab5\u0abf\u0ab0\u0acb\u0aa7 \u0aa6\u0ab0\u0acd\u0ab6\u0abe\u0ab5\u0acd\u0aaf\u0acb \u0a9b\u0ac7."},{"Verseid":"54003015","Verse":"\u0aaa\u0ab9\u0ac7\u0ab2\u0ac0 \u0ab5\u0abe\u0ab0 \u0a9c\u0acd\u0aaf\u0abe\u0ab0\u0ac7 \u0aae\u0ac7\u0a82 \u0aae\u0abe\u0ab0\u0acb \u0aac\u0a9a\u0abe\u0ab5 \u0a95\u0ab0\u0acd\u0aaf\u0acb, \u0aa4\u0acd\u0aaf\u0abe\u0ab0\u0ac7 \u0aae\u0aa8\u0ac7 \u0a95\u0acb\u0a88\u0a8f \u0aae\u0aa6\u0aa6 \u0aa8 \u0a95\u0ab0\u0ac0. \u0aa6\u0ab0\u0ac7\u0a95 \u0a9c\u0aa3 \u0aae\u0aa8\u0ac7 \u0a9b\u0acb\u0aa1\u0ac0\u0aa8\u0ac7 \u0a9a\u0abe\u0ab2\u0acd\u0aaf\u0abe \u0a97\u0aaf\u0abe \u0ab9\u0aa4\u0abe. \u0aae\u0abe\u0ab0\u0ac0 \u0aaa\u0acd\u0ab0\u0abe\u0ab0\u0acd\u0aa5\u0aa8\u0abe \u0a9b\u0ac7 \u0a95\u0ac7 \u0aa6\u0ac7\u0ab5 \u0aa4\u0ac7\u0a93\u0aa8\u0ac7 \u0aae\u0abe\u0aab \u0a95\u0ab0\u0ac7."},{"Verseid":"54003016","Verse":"\u0aaa\u0ab0\u0a82\u0aa4\u0ac1 \u0aaa\u0acd\u0ab0\u0aad\u0ac1 \u0aae\u0abe\u0ab0\u0abe\u0a82 \u0aaa\u0a95\u0acd\u0ab7\u0aae\u0abe\u0a82 \u0a8a\u0aad\u0acb \u0ab0\u0ab9\u0acd\u0aaf\u0acb. \u0aac\u0abf\u0aa8-\u0aaf\u0ab9\u0ac2\u0aa6\u0abf\u0a93\u0aa8\u0ac7 \u0ab9\u0ac1\u0a82 \u0ab8\u0ac1\u0ab5\u0abe\u0ab0\u0acd\u0aa4\u0abe \u0ab8\u0a82\u0aaa\u0ac2\u0ab0\u0acd\u0aa3 \u0ab0\u0ac0\u0aa4\u0ac7 \u0a9c\u0aa3\u0abe\u0ab5\u0ac0 \u0ab6\u0a95\u0ac1\u0a82 \u0a8f \u0aae\u0abe\u0a9f\u0ac7 \u0aaa\u0acd\u0ab0\u0aad\u0ac1\u0a8f \u0aae\u0aa8\u0ac7 \u0aaa\u0ac2\u0ab0\u0aa4\u0ac0 \u0ab6\u0a95\u0acd\u0aa4\u0abf \u0a86\u0aaa\u0ac0. \u0ab8\u0acc \u0aac\u0abf\u0aa8\u0aaf\u0ab9\u0ac2\u0aa6\u0abf\u0a93 \u0aa4\u0ac7 \u0ab8\u0ac1\u0ab5\u0abe\u0ab0\u0acd\u0aa4\u0abe \u0ab8\u0abe\u0a82\u0aad\u0ab3\u0ac7 \u0a8f\u0ab5\u0ac0 \u0aaa\u0acd\u0ab0\u0aad\u0ac1\u0aa8\u0ac0 \u0a88\u0a9a\u0acd\u0a9b\u0abe \u0ab9\u0aa4\u0ac0. \u0ab8\u0abf\u0a82\u0ab9 \u0aa8\u0abe\u0a82 \u0aae\u0acb\u0aa2\u0abe\u0a82\u0aae\u0abe\u0aa5\u0ac0 \u0aae\u0aa8\u0ac7 \u0aac\u0a9a\u0abe\u0ab5\u0ac0 \u0ab2\u0ac7\u0ab5\u0abe\u0aae\u0abe\u0a82 \u0a86\u0ab5\u0acd\u0aaf\u0acb."},{"Verseid":"54003017","Verse":"\u0a9c\u0acd\u0aaf\u0abe\u0ab0\u0ac7 \u0a95\u0acb\u0a87 \u0aaa\u0aa3 \u0ab5\u0acd\u0aaf\u0a95\u0acd\u0aa4\u0abf \u0aae\u0aa8\u0ac7 \u0a87\u0a9c\u0abe \u0a95\u0ab0\u0ab5\u0abe\u0aa8\u0acb \u0aaa\u0acd\u0ab0\u0aaf\u0aa4\u0acd\u0aa8 \u0a95\u0ab0\u0ab6\u0ac7 \u0aa4\u0acd\u0aaf\u0abe\u0ab0\u0ac7 \u0aaa\u0acd\u0ab0\u0aad\u0ac1 \u0aae\u0abe\u0ab0\u0acb \u0aac\u0a9a\u0abe\u0ab5 \u0a95\u0ab0\u0ab6\u0ac7. \u0aaa\u0acd\u0ab0\u0aad\u0ac1 \u0aae\u0aa8\u0ac7 \u0aa4\u0ac7\u0aa8\u0abe \u0ab8\u0acd\u0ab5\u0ab0\u0acd\u0a97\u0ac0\u0aaf \u0ab0\u0abe\u0a9c\u0acd\u0aaf\u0aae\u0abe\u0a82 \u0ab8\u0ac1\u0ab0\u0a95\u0acd\u0ab7\u0abf\u0aa4 \u0ab0\u0ac0\u0aa4\u0ac7 \u0ab2\u0a88 \u0a9c\u0ab6\u0ac7. \u0aaa\u0acd\u0ab0\u0aad\u0ac1\u0aa8\u0acb \u0aae\u0ab9\u0abf\u0aae\u0abe \u0ab8\u0ab0\u0acd\u0ab5\u0a95\u0abe\u0ab3 \u0ab9\u0acb."},{"Verseid":"54003018","Verse":"\u0aaa\u0acd\u0ab0\u0abf\u0ab8\u0acd\u0a95\u0ac0 \u0a85\u0aa8\u0ac7 \u0a85\u0a95\u0ac1\u0ab2\u0abe\u0ab8 \u0aa4\u0aa5\u0abe \u0a93\u0aa8\u0ac7\u0ab8\u0abf\u0aab\u0ab0\u0ab8\u0aa8\u0abe \u0a95\u0ac1\u0a9f\u0ac1\u0a82\u0aac\u0aa8\u0ac7 \u0aae\u0abe\u0ab0\u0abe \u0aa4\u0ab0\u0aab\u0aa5\u0ac0 \u0a95\u0acd\u0ab7\u0ac7\u0aae\u0a95\u0ac1\u0ab6\u0ab3 \u0a95\u0ab9\u0ac7\u0a9c\u0ac7."},{"Verseid":"54003019","Verse":"\u0a8f\u0ab0\u0abe\u0ab8\u0acd\u0aa4\u0ab8 \u0a95\u0ab0\u0abf\u0a82\u0aa5\u0aae\u0abe\u0a82 \u0ab0\u0ab9\u0acd\u0aaf\u0acb \u0a85\u0aa8\u0ac7 \u0aae\u0ac7\u0a82 \u0aa4\u0acd\u0ab0\u0acb\u0aab\u0abf\u0aae\u0ab8\u0aa8\u0ac7 \u0aac\u0abf\u0aae\u0abe\u0ab0 \u0ab9\u0aa4\u0acb \u0aa4\u0ac7\u0aa5\u0ac0 \u0aae\u0abf\u0ab2\u0ac7\u0aa4\u0ab8\u0aae\u0abe\u0a82 \u0ab0\u0abe\u0a96\u0acd\u0aaf\u0acb \u0a9b\u0ac7."},{"Verseid":"54003020","Verse":"\u0ab6\u0abf\u0aaf\u0abe\u0ab3\u0abe \u0aaa\u0ab9\u0ac7\u0ab2\u0abe\u0a82 \u0aa4\u0ac1\u0a82 \u0aae\u0abe\u0ab0\u0ac0 \u0aaa\u0abe\u0ab8\u0ac7 \u0a86\u0ab5\u0ac0 \u0aaa\u0ab9\u0acb\u0a82\u0a9a\u0ac7 \u0a8f\u0ab5\u0acb \u0aaa\u0acd\u0ab0\u0aaf\u0aa4\u0acd\u0aa8 \u0a95\u0ab0\u0a9c\u0ac7.\u0aaf\u0ac1\u0aac\u0ac2\u0ab2\u0ab8 \u0aa4\u0aa8\u0ac7 \u0a95\u0acd\u0ab7\u0ac7\u0aae\u0a95\u0ac1\u0ab6\u0ab3 \u0a95\u0ab9\u0ac7 \u0a9b\u0ac7. \u0ab5\u0ab3\u0ac0 \u0aaa\u0ac1\u0aa6\u0ac7\u0aa8\u0acd\u0ab8, \u0ab2\u0abf\u0aa8\u0ab8, \u0a95\u0ab2\u0acb\u0aa6\u0abf\u0aaf\u0abe, \u0a85\u0aa8\u0ac7 \u0a96\u0acd\u0ab0\u0abf\u0ab8\u0acd\u0aa4\u0aae\u0abe\u0a82 \u0ab8\u0ab0\u0acd\u0ab5"},{"Verseid":"54003021","Verse":"\u0aad\u0abe\u0a88\u0a93 \u0aa4\u0aa8\u0ac7 \u0a95\u0acd\u0ab7\u0ac7\u0aae\u0a95\u0ac1\u0ab6\u0ab3 \u0a95\u0ab9\u0ac7 \u0a9b\u0ac7. \u0aaa\u0acd\u0ab0\u0aad\u0ac1 \u0aa4\u0abe\u0ab0\u0abe \u0a86\u0aa4\u0acd\u0aae\u0abe\u0aa8\u0ac0 \u0ab8\u0abe\u0aa5\u0ac7 \u0aa5\u0abe\u0a93. \u0aa4\u0abe\u0ab0\u0abe \u0aaa\u0ab0 \u0a95\u0ac3\u0aaa\u0abe \u0aa5\u0abe\u0a93. \ufeff"}]}]}