{"Chapter":[{"Verse":[{"Verseid":"55000000","Verse":"\u0aa6\u0ac7\u0ab5\u0aa8\u0abe \u0aa6\u0abe\u0ab8 \u0aa4\u0aa5\u0abe \u0a88\u0ab8\u0ac1 \u0a96\u0acd\u0ab0\u0abf\u0ab8\u0acd\u0aa4\u0aa8\u0abe \u0aaa\u0acd\u0ab0\u0ac7\u0ab0\u0abf\u0aa4 \u0aaa\u0abe\u0a89\u0ab2 \u0aa4\u0ab0\u0aab\u0aa5\u0ac0 \u0a95\u0ac1\u0ab6\u0ab3\u0aa4\u0abe \u0ab9\u0acb. \u0aa6\u0ac7\u0ab5\u0aa8\u0ac0 \u0aaa\u0ab8\u0a82\u0aa6\u0a97\u0ac0 \u0aaa\u0abe\u0aae\u0ac7\u0ab2\u0abe \u0ab2\u0acb\u0a95\u0acb\u0aa8\u0abe \u0ab5\u0abf\u0ab6\u0acd\u0ab5\u0abe\u0ab8\u0aa8\u0ac7 \u0aae\u0aa6\u0aa6\u0ab0\u0ac2\u0aaa \u0aa5\u0a88 \u0ab6\u0a95\u0abe\u0aaf \u0aa4\u0ac7 \u0aae\u0abe\u0a9f\u0ac7 \u0a85\u0aa8\u0ac7 \u0a8f \u0ab2\u0acb\u0a95\u0acb \u0ab8\u0aa4\u0acd\u0aaf\u0aa8\u0ac7 \u0a9c\u0abe\u0aa3\u0ac0 \u0ab6\u0a95\u0ac7 \u0aa4\u0ac7 \u0aae\u0abe\u0a9f\u0ac7 \u0ab8\u0ab9\u0abe\u0aaf \u0a95\u0ab0\u0ab5\u0abe \u0aae\u0aa8\u0ac7 \u0aae\u0acb\u0a95\u0ab2\u0acd\u0aaf\u0acb \u0a9b\u0ac7. \u0a85\u0aa8\u0ac7 \u0aa4\u0ac7 \u0ab8\u0aa4\u0acd\u0aaf \u0ab2\u0acb\u0a95\u0acb\u0aa8\u0ac7 \u0aac\u0aa4\u0abe\u0ab5\u0ac7 \u0a9b\u0ac7 \u0a95\u0ac7 \u0a95\u0ac7\u0ab5\u0ac0 \u0ab0\u0ac0\u0aa4\u0ac7 \u0aa6\u0ac7\u0ab5\u0aa8\u0ac0 \u0ab8\u0ac7\u0ab5\u0abe \u0a95\u0ab0\u0ab5\u0ac0."},{"Verseid":"55000001","Verse":"\u0a85\u0aa8\u0a82\u0aa4\u0a9c\u0ac0\u0ab5\u0aa8\u0aa8\u0ac0 \u0a86\u0aaa\u0aa3\u0ac0 \u0a86\u0ab6\u0abe\u0aae\u0abe\u0a82\u0aa5\u0ac0 \u0a9c \u0a8f \u0ab5\u0abf\u0ab6\u0acd\u0ab5\u0abe\u0ab8 \u0a85\u0aa8\u0ac7 \u0a9c\u0acd\u0a9e\u0abe\u0aa8 \u0a9c\u0aa8\u0acd\u0aae\u0ac7 \u0a9b\u0ac7. \u0ab8\u0aae\u0aaf\u0aa8\u0acb \u0aaa\u0acd\u0ab0\u0abe\u0ab0\u0a82\u0aad \u0aa5\u0aaf\u0acb \u0aa4\u0ac7 \u0aaa\u0ab9\u0ac7\u0ab2\u0abe \u0aa6\u0ac7\u0ab5\u0ac7 \u0a8f \u0a9c\u0ac0\u0ab5\u0aa8\u0aa8\u0ac1\u0a82 \u0ab5\u0a9a\u0aa8 \u0a86\u0aaa\u0acd\u0aaf\u0ac1\u0a82 \u0ab9\u0aa4\u0ac1\u0a82 \u0a85\u0aa8\u0ac7 \u0aa6\u0ac7\u0ab5 \u0a95\u0aa6\u0ac0 \u0a9c\u0ac2\u0aa0\u0ac1 \u0aac\u0acb\u0ab2\u0ac0 \u0ab6\u0a95\u0aa4\u0acb \u0aa8\u0aa5\u0ac0."},{"Verseid":"55000002","Verse":"\u0aaf\u0acb\u0a97\u0acd\u0aaf \u0ab8\u0aae\u0aaf\u0ac7 \u0aa6\u0ac7\u0ab5\u0ac7 \u0a8f\u0ab5\u0abe \u0a9c\u0ac0\u0ab5\u0aa8 \u0ab5\u0abf\u0ab7\u0ac7 \u0a9c\u0a97\u0aa4\u0aa8\u0ac7 \u0a9c\u0abe\u0aa3\u0ab5\u0abe \u0aa6\u0ac0\u0aa7\u0ac1\u0a82. \u0aa6\u0ac7\u0ab5\u0ac7 \u0ab8\u0ac1\u0ab5\u0abe\u0ab0\u0acd\u0aa4\u0abe \u0aa6\u0acd\u0ab5\u0abe\u0ab0\u0abe \u0aa6\u0ac1\u0aa8\u0abf\u0aaf\u0abe\u0aa8\u0ac7 \u0a8f \u0ab5\u0abe\u0aa4 \u0a9c\u0aa3\u0abe\u0ab5\u0ac0. \u0a8f \u0a95\u0abe\u0ab0\u0acd\u0aaf \u0aae\u0abe\u0a9f\u0ac7 \u0aa6\u0ac7\u0ab5\u0ac7 \u0aae\u0abe\u0ab0\u0abe\u0aae\u0abe\u0a82 \u0ab5\u0abf\u0ab6\u0acd\u0ab5\u0abe\u0ab8 \u0aae\u0ac2\u0a95\u0acd\u0aaf\u0acb. \u0a86\u0aaa\u0aa3\u0abe \u0aa4\u0abe\u0ab0\u0aa8\u0abe\u0ab0 \u0aa6\u0ac7\u0ab5\u0ac7 \u0aae\u0aa8\u0ac7 \u0a86\u0a9c\u0acd\u0a9e\u0abe \u0a86\u0aaa\u0ac0 \u0aa4\u0ac7\u0aa5\u0ac0 \u0a8f \u0aac\u0aa7\u0ac0 \u0aac\u0abe\u0aac\u0aa4\u0acb\u0aa8\u0acb \u0aae\u0ac7\u0a82 \u0a89\u0aaa\u0aa6\u0ac7\u0ab6 \u0a95\u0ab0\u0acd\u0aaf\u0acb \u0a9b\u0ac7."},{"Verseid":"55000003","Verse":"\u0ab9\u0ab5\u0ac7 \u0ab9\u0ac1\u0a82 \u0aa4\u0abf\u0aa4\u0ab8\u0aa8\u0ac7 \u0a86 \u0ab2\u0a96\u0ac1\u0a82 \u0a9b\u0ac1\u0a82 \u0a95\u0ac7 \u0a9c\u0ac7 \u0ab5\u0abf\u0ab6\u0acd\u0ab5\u0abe\u0ab8\u0aa8\u0abe \u0a86\u0aaa\u0aa3\u0ac7 \u0ab8\u0ab9\u0aad\u0abe\u0a97\u0ac0 \u0a9b\u0ac0\u0a8f, \u0aa4\u0ac7\u0aae\u0abe\u0a82 \u0aa4\u0ac1\u0a82 \u0aae\u0abe\u0ab0\u0abe \u0ab8\u0a97\u0abe \u0aaa\u0ac1\u0aa4\u0acd\u0ab0 \u0ab8\u0aae\u0abe\u0aa8 \u0a9b\u0ac7. \u0aa6\u0ac7\u0ab5 \u0a9c\u0ac7 \u0aaa\u0abf\u0aa4\u0abe \u0aa4\u0aa5\u0abe \u0a86\u0aaa\u0aa3\u0abe \u0aa4\u0abe\u0ab0\u0aa8\u0abe\u0ab0 \u0a96\u0acd\u0ab0\u0abf\u0ab8\u0acd\u0aa4 \u0a88\u0ab8\u0ac1 \u0aa4\u0ab0\u0aab\u0aa5\u0ac0 \u0aa4\u0aa8\u0ac7 \u0a95\u0ac3\u0aaa\u0abe \u0a85\u0aa8\u0ac7 \u0ab6\u0abe\u0a82\u0aa4\u0abf \u0aaa\u0acd\u0ab0\u0abe\u0aaa\u0acd\u0aa4 \u0aa5\u0abe\u0a93."},{"Verseid":"55000004","Verse":"\u0aa4\u0aa8\u0ac7 \u0a95\u0acd\u0ab0\u0ac0\u0aa4 \u0a9f\u0abe\u0aaa\u0ac1 \u0aaa\u0ab0 \u0a8f\u0a9f\u0ab2\u0abe \u0aae\u0abe\u0a9f\u0ac7 \u0ab0\u0abe\u0a96\u0acd\u0aaf\u0acb \u0a9b\u0ac7 \u0a95\u0ac7 \u0aa4\u0acd\u0aaf\u0abe\u0a82 \u0a9c\u0ac7 \u0a95\u0abe\u0ab0\u0acd\u0aaf\u0acb \u0a95\u0ab0\u0ab5\u0abe\u0aa8\u0ac0 \u0a9c\u0ab0\u0ac2\u0ab0 \u0a9b\u0ac7, \u0aa4\u0ac7 \u0aa4\u0ac1\u0a82 \u0aaa\u0ab0\u0abf\u0aaa\u0ac2\u0ab0\u0acd\u0aa3 \u0a95\u0ab0\u0ac0 \u0ab6\u0a95\u0ac7 \u0a85\u0aa8\u0ac7 \u0aae\u0ac7\u0a82 \u0aa4\u0aa8\u0ac7 \u0aa4\u0acd\u0aaf\u0abe\u0a82 \u0a8f\u0a9f\u0ab2\u0abe \u0aae\u0abe\u0a9f\u0ac7 \u0aaa\u0aa3 \u0ab0\u0abe\u0a96\u0acd\u0aaf\u0acb \u0a9b\u0ac7 \u0a95\u0ac7 \u0a9c\u0ac7\u0aa5\u0ac0 \u0a95\u0ab0\u0ac0\u0aa8\u0ac7 \u0aa6\u0ab0\u0ac7\u0a95 \u0aa8\u0a97\u0ab0\u0aae\u0abe\u0a82 \u0aae\u0abe\u0aa3\u0ab8\u0acb\u0aa8\u0ac0 \u0ab5\u0aa1\u0ac0\u0ab2\u0acb \u0aa4\u0ab0\u0ac0\u0a95\u0ac7 \u0aa4\u0ac1\u0a82 \u0aaa\u0ab8\u0a82\u0aa6\u0a97\u0ac0 \u0a95\u0ab0\u0ac0 \u0ab6\u0a95\u0ac7."},{"Verseid":"55000005","Verse":"\u0ab5\u0aa1\u0ac0\u0ab2 \u0aa5\u0ab5\u0abe \u0aae\u0abe\u0a9f\u0ac7 \u0a8f \u0ab5\u0acd\u0aaf\u0a95\u0acd\u0aa4\u0abf \u0a95\u0acb\u0a88 \u0aaa\u0aa3 \u0a96\u0ab0\u0abe\u0aac \u0a95\u0abe\u0aae \u0aae\u0abe\u0a9f\u0ac7 \u0a85\u0aaa\u0ab0\u0abe\u0aa7\u0ac0 \u0aa0\u0ab0\u0ac7\u0ab2\u0ac0 \u0aa8 \u0ab9\u0acb\u0ab5\u0ac0 \u0a9c\u0acb\u0a88\u0a8f. \u0a8f \u0aae\u0abe\u0aa3\u0ab8\u0aa8\u0ac7 \u0a8f\u0a95 \u0a9c \u0aaa\u0aa4\u0acd\u0aa8\u0ac0 \u0ab9\u0acb\u0ab5\u0ac0 \u0a9c\u0acb\u0a88\u0a8f. \u0aa4\u0ac7\u0aa8\u0abe\u0a82 \u0aac\u0abe\u0ab3\u0a95\u0acb \u0ab5\u0abf\u0ab6\u0acd\u0ab5\u0abe\u0ab8\u0ac0 \u0ab9\u0acb\u0ab5\u0abe\u0a82 \u0a9c\u0acb\u0a88\u0a8f. \u0aa4\u0ac7\u0aa8\u0abe\u0a82 \u0aac\u0abe\u0ab3\u0a95\u0acb \u0a89\u0aa6\u0acd\u0aa7\u0aa4 \u0a85\u0aa8\u0ac7 \u0a86\u0a9c\u0acd\u0a9e\u0abe\u0aa8\u0ac1\u0a82 \u0a89\u0ab2\u0acd\u0ab2\u0a82\u0a98\u0aa8 \u0a95\u0ab0\u0aa8\u0abe\u0ab0\u0abe\u0a82 \u0ab9\u0acb\u0ab5\u0abe\u0a82 \u0aa8 \u0a9c\u0acb\u0a88\u0a8f."},{"Verseid":"55000006","Verse":"\u0aa6\u0ac7\u0ab5\u0aa8\u0abe \u0a95\u0abe\u0ab0\u0acd\u0aaf\u0aa8\u0ac0 \u0ab8\u0a82\u0aad\u0abe\u0ab3 \u0ab0\u0abe\u0a96\u0ab5\u0abe\u0aa8\u0ac1\u0a82 \u0a95\u0abe\u0aae \u0a8f \u0a85\u0aa7\u0acd\u0aaf\u0a95\u0acd\u0ab7\u0aa8\u0ac1\u0a82 \u0a9b\u0ac7. \u0aa4\u0ac7\u0aa5\u0ac0 \u0a95\u0acb\u0a88 \u0aaa\u0aa3 \u0a96\u0ab0\u0abe\u0aac \u0a95\u0abe\u0ab0\u0acd\u0aaf\u0aa8\u0acb \u0aa4\u0ac7 \u0a97\u0ac1\u0aa8\u0ac7\u0a97\u0abe\u0ab0 \u0ab9\u0acb\u0ab5\u0acb \u0aa8 \u0a9c\u0acb\u0a88\u0a8f. \u0aa4\u0ac7 \u0ab5\u0acd\u0aaf\u0a95\u0acd\u0aa4\u0abf \u0a8f\u0ab5\u0ac0 \u0aa8 \u0ab9\u0acb\u0ab5\u0ac0 \u0a9c\u0acb\u0a88\u0a8f \u0a95\u0ac7 \u0a9c\u0ac7 \u0a85\u0aad\u0abf\u0aae\u0abe\u0aa8\u0ac0 \u0a85\u0aa8\u0ac7 \u0ab8\u0acd\u0ab5\u0abe\u0ab0\u0acd\u0aa5\u0ac0 \u0ab9\u0acb\u0aaf, \u0a85\u0aa5\u0ab5\u0abe \u0aa4\u0acb \u0a9c\u0ac7 \u0ab5\u0abe\u0ab0\u0a82\u0ab5\u0abe\u0ab0 \u0a97\u0ac1\u0ab8\u0acd\u0ab8\u0ac7 \u0aa5\u0a88 \u0a9c\u0aa4\u0ac0 \u0ab9\u0acb\u0aaf. \u0aa4\u0ac7\u0aa3\u0ac7 \u0a85\u0aa4\u0abf\u0ab6\u0aaf \u0aae\u0aa6\u0acd\u0aaf\u0aaa\u0abe\u0aa8 \u0aa8 \u0a95\u0ab0\u0ab5\u0ac1\u0a82 \u0a9c\u0acb\u0a88\u0a8f. \u0aa4\u0ac7 \u0ab5\u0acd\u0aaf\u0a95\u0acd\u0aa4\u0abf \u0a8f\u0ab5\u0ac0 \u0aa8 \u0ab9\u0acb\u0ab5\u0ac0 \u0a9c\u0acb\u0a88\u0a8f \u0a9c\u0ac7\u0aa8\u0ac7 \u0a9d\u0a98\u0aa1\u0abe \u0aaa\u0ab8\u0a82\u0aa6 \u0ab9\u0acb\u0aaf. \u0a85\u0aa8\u0ac7 \u0aa4\u0ac7 \u0ab5\u0acd\u0aaf\u0a95\u0acd\u0aa4\u0abf \u0a8f\u0ab5\u0ac0 \u0aa4\u0acb \u0aa8 \u0ab9\u0acb\u0ab5\u0ac0 \u0a9c\u0acb\u0a88\u0a8f \u0a9c\u0ac7 \u0a95\u0ac7 \u0ab9\u0aae\u0ac7\u0ab6\u0abe\u0a82 \u0ab2\u0acb\u0a95\u0acb\u0aa8\u0ac7 \u0a9b\u0ac7\u0aa4\u0ab0\u0ac0\u0aa8\u0ac7 \u0aa7\u0aa8\u0ab5\u0abe\u0aa8 \u0aa5\u0ab5\u0abe\u0aa8\u0acb \u0aaa\u0acd\u0ab0\u0aaf\u0aa4\u0acd\u0aa8 \u0a95\u0ab0\u0aa4\u0ac0 \u0ab9\u0acb\u0aaf."},{"Verseid":"55000007","Verse":"\u0ab5\u0aa1\u0ac0\u0ab2 \u0aa4\u0acb \u0a8f\u0ab5\u0acb \u0ab9\u0acb\u0ab5\u0acb \u0a9c\u0acb\u0a88\u0a8f \u0a95\u0ac7 \u0a9c\u0ac7 \u0ab2\u0acb\u0a95\u0acb\u0aa8\u0ac7 \u0aaa\u0acb\u0aa4\u0abe\u0aa8\u0abe \u0a98\u0ab0\u0aae\u0abe\u0a82 \u0a86\u0ab5\u0a95\u0abe\u0ab0\u0ab5\u0abe \u0a85\u0aa8\u0ac7 \u0aa4\u0ac7\u0a93\u0aa8\u0ac7 \u0aae\u0aa6\u0aa6 \u0a95\u0ab0\u0ab5\u0abe \u0ab9\u0a82\u0aae\u0ac7\u0ab6\u0abe \u0a86\u0aa4\u0ac1\u0ab0 \u0ab9\u0acb\u0aaf. \u0a9c\u0ac7 \u0a95\u0a82\u0a88 \u0ab8\u0aa4\u0acd\u0a95\u0ab0\u0acd\u0aae \u0ab9\u0acb\u0aaf \u0aa4\u0ac7\u0aa8\u0acb \u0aa4\u0ac7 \u0a9a\u0abe\u0ab9\u0a95 \u0ab9\u0acb\u0ab5\u0acb \u0a9c\u0acb\u0a88\u0a8f. \u0aa4\u0ac7 \u0ab5\u0abf\u0ab5\u0ac7\u0a95\u0aac\u0ac1\u0aa6\u0acd\u0aa7\u0abf \u0a98\u0ab0\u0abe\u0ab5\u0aa4\u0acb \u0ab9\u0acb\u0ab5\u0acb \u0a9c\u0acb\u0a88\u0a8f. \u0aa4\u0ac7\u0aa3\u0ac7 \u0aa8\u0acd\u0aaf\u0abe\u0aaf\u0ac0 \u0a9c\u0ac0\u0ab5\u0aa8 \u0a9c\u0ac0\u0ab5\u0ab5\u0ac1\u0a82 \u0a9c\u0acb\u0a88\u0a8f. \u0aa4\u0ac7 \u0aaa\u0ab5\u0abf\u0aa4\u0acd\u0ab0 \u0a9c \u0ab9\u0acb\u0ab5\u0acb \u0a9c\u0acb\u0a88\u0a8f, \u0aa4\u0ac7 \u0aaa\u0acb\u0aa4\u0abe\u0aa8\u0ac0 \u0a9c\u0abe\u0aa4 \u0aaa\u0ab0 \u0a85\u0a82\u0a95\u0ac1\u0ab6 \u0ab0\u0abe\u0a96\u0ac0 \u0ab6\u0a95\u0aa4\u0acb \u0ab9\u0acb\u0ab5\u0acb \u0a9c\u0acb\u0a88\u0a8f."},{"Verseid":"55000008","Verse":"\u0a86\u0aaa\u0aa3\u0ac7 \u0a9c\u0ac7 \u0ab8\u0aa4\u0acd\u0aaf\u0aa8\u0acb \u0a89\u0aaa\u0aa6\u0ac7\u0ab6 \u0a86\u0aaa\u0ac0\u0a8f \u0a9b\u0ac0\u0a8f \u0aa4\u0ac7\u0aa8\u0ac1\u0a82 \u0aa4\u0ac7 \u0aaa\u0acb\u0aa4\u0ac7 \u0aaa\u0aa3 \u0ab5\u0aab\u0abe\u0aa6\u0abe\u0ab0\u0ac0\u0aaa\u0ac2\u0ab0\u0acd\u0ab5\u0a95 \u0aaa\u0abe\u0ab2\u0aa8 \u0a95\u0ab0\u0aa4\u0acb \u0ab9\u0acb\u0ab5\u0acb \u0a9c\u0acb\u0a88\u0a8f. \u0aa4\u0ac7 \u0ab5\u0aa1\u0ac0\u0ab2\u0aae\u0abe\u0a82 \u0ab8\u0abe\u0ab0\u0abe \u0a95\u0ac7 \u0ab6\u0ac1\u0aa6\u0acd\u0aa7 \u0a89\u0aaa\u0aa6\u0ac7\u0ab6 \u0aa6\u0acd\u0ab5\u0abe\u0ab0\u0abe \u0ab2\u0acb\u0a95\u0acb\u0aa8\u0ac7 \u0ab8\u0ab9\u0abe\u0aaf \u0a95\u0ab0\u0ab5\u0abe\u0aa8\u0ac0 \u0a95\u0acd\u0ab7\u0aae\u0aa4\u0abe \u0ab9\u0acb\u0ab5\u0ac0 \u0a9c\u0acb\u0a88\u0a8f. \u0a9c\u0ac7 \u0ab2\u0acb\u0a95\u0acb \u0ab8\u0abe\u0a9a\u0abe \u0ab6\u0abf\u0a95\u0acd\u0ab7\u0aa3\u0aa5\u0ac0 \u0ab5\u0abf\u0aae\u0ac1\u0a96 \u0ab9\u0acb\u0aaf \u0aa4\u0ac7\u0a93 \u0a96\u0acb\u0a9f\u0abe \u0a9b\u0ac7, \u0a8f\u0ab5\u0ac1\u0a82 \u0aa4\u0ac7\u0a93\u0aa8\u0ac7 \u0ab8\u0acd\u0aaa\u0ab7\u0acd\u0a9f \u0a95\u0ab9\u0ac7\u0ab5\u0abe \u0ab6\u0a95\u0acd\u0aa4\u0abf\u0aae\u0abe\u0aa8 \u0ab9\u0acb\u0ab5\u0acb \u0a9c\u0acb\u0a88\u0a8f."},{"Verseid":"55000009","Verse":"\u0a8f\u0ab5\u0abe \u0a85\u0aa8\u0ac7\u0a95 \u0ab2\u0acb\u0a95\u0acb \u0a9b\u0ac7 \u0a95\u0ac7 \u0a9c\u0ac7 \u0a86\u0a9c\u0acd\u0a9e\u0abe\u0aa8\u0ac1\u0a82 \u0aaa\u0abe\u0ab2\u0aa8 \u0a95\u0ab0\u0aa4\u0abe \u0aa8\u0aa5\u0ac0-\u0a8f\u0ab5\u0abe \u0ab2\u0acb\u0a95\u0acb \u0a95\u0ac7 \u0a9c\u0ac7 \u0aa8\u0a95\u0abe\u0aae\u0ac0 \u0aac\u0abe\u0aac\u0aa4\u0acb \u0ab5\u0abf\u0ab7\u0ac7 \u0a9a\u0ab0\u0acd\u0a9a\u0abe \u0a95\u0ab0\u0acd\u0aaf\u0abe \u0a95\u0ab0\u0aa4\u0abe \u0ab9\u0acb\u0aaf \u0a85\u0aa8\u0ac7 \u0aac\u0ac0\u0a9c\u0abe \u0ab2\u0acb\u0a95\u0acb\u0aa8\u0ac7 \u0a96\u0acb\u0a9f\u0abe \u0aae\u0abe\u0ab0\u0acd\u0a97\u0ac7 \u0aa6\u0acb\u0ab0\u0aa4\u0abe \u0ab9\u0acb\u0aaf \u0a9b\u0ac7. \u0ab9\u0ac1\u0a82 \u0a96\u0abe\u0ab8 \u0aa4\u0acb \u0a8f\u0ab5\u0abe \u0ab2\u0acb\u0a95\u0acb \u0ab5\u0abf\u0ab7\u0ac7 \u0a89\u0ab2\u0acd\u0ab2\u0ac7\u0a96 \u0a95\u0ab0\u0ab5\u0abe \u0aae\u0abe\u0a97\u0ac1\u0a82 \u0a9b\u0ac1\u0a82 \u0a95\u0ac7 \u0a9c\u0ac7\u0a93 \u0a8f\u0aae \u0a95\u0ab9\u0ac7\u0aa4\u0abe \u0aab\u0ab0\u0ac7 \u0a9b\u0ac7 \u0a95\u0ac7 \u0ab8\u0acc \u0aac\u0abf\u0aa8\u0aaf\u0ab9\u0ac2\u0aa6\u0abf \u0ab2\u0acb\u0a95\u0acb\u0aa8\u0ac0 \u0ab8\u0ac1\u0aa8\u0acd\u0aa8\u0aa4 \u0a95\u0ab0\u0ab5\u0ac0 \u0a9c \u0a9c\u0acb\u0a88\u0a8f."},{"Verseid":"55000010","Verse":"\u0ab5\u0aa1\u0ac0\u0ab2 \u0a8f\u0ab5\u0acb \u0ab9\u0acb\u0ab5\u0acb \u0a9c\u0acb\u0a88\u0a8f \u0a95\u0ac7 \u0a9c\u0ac7 \u0a8f\u0ab5\u0abe \u0ab2\u0acb\u0a95\u0acb\u0aa8\u0ac7 \u0ab8\u0acd\u0aaa\u0ab7\u0acd\u0a9f \u0aac\u0aa4\u0abe\u0ab5\u0ac0 \u0ab6\u0a95\u0ac7 \u0a95\u0ac7 \u0aa4\u0ac7\u0a93\u0aa8\u0ac0 \u0aae\u0abe\u0aa8\u0acd\u0aaf\u0aa4\u0abe \u0a96\u0acb\u0a9f\u0ac0 \u0a9b\u0ac7, \u0a85\u0aa8\u0ac7 \u0aa4\u0ac7\u0a93\u0aa8\u0ac7 \u0aa8\u0a95\u0abe\u0aae\u0ac0 \u0aac\u0abe\u0aac\u0aa4\u0acb \u0ab5\u0abf\u0ab7\u0ac7 \u0aac\u0acb\u0ab2\u0aa4\u0abe \u0aac\u0a82\u0aa7 \u0a95\u0ab0\u0ac0 \u0aa6\u0ac7. \u0a9c\u0ac7\u0aa8\u0acb \u0a89\u0aaa\u0aa6\u0ac7\u0ab6 \u0aa4\u0ac7\u0a93\u0a8f \u0a86\u0aaa\u0ab5\u0abe \u0a9c\u0ac7\u0ab5\u0acb \u0aa8\u0aa5\u0ac0 \u0a8f\u0ab5\u0ac0 \u0aac\u0abe\u0aac\u0aa4\u0aa8\u0acb \u0a89\u0aaa\u0aa6\u0ac7\u0ab6 \u0a86\u0aaa\u0ac0\u0aa8\u0ac7 \u0aa4\u0ac7 \u0ab2\u0acb\u0a95\u0acb \u0a86\u0a96\u0abe \u0a95\u0ac1\u0a9f\u0ac1\u0a82\u0aac\u0aa8\u0acb \u0aa8\u0abe\u0ab6 \u0a95\u0ab0\u0ac0 \u0ab0\u0ab9\u0acd\u0aaf\u0abe \u0a9b\u0ac7. \u0aa4\u0ac7\u0a93 \u0ab2\u0acb\u0a95\u0acb\u0aa8\u0ac7 \u0aae\u0abe\u0aa4\u0acd\u0ab0 \u0a9b\u0ac7\u0aa4\u0ab0\u0ab5\u0abe \u0a85\u0aa8\u0ac7 \u0aaa\u0ac8\u0ab8\u0abe \u0aac\u0aa8\u0abe\u0ab5\u0ab5\u0abe \u0a8f\u0ab5\u0ac1\u0a82 \u0aac\u0aa7\u0ac1\u0a82 \u0ab6\u0ac0\u0a96\u0ab5\u0ac0 \u0ab0\u0ab9\u0acd\u0aaf\u0abe \u0a9b\u0ac7."},{"Verseid":"55000011","Verse":"\u0a8f\u0aae\u0aa8\u0abe \u0a9c \u0a95\u0acd\u0ab0\u0ac0\u0aa4 \u0a9f\u0abe\u0aaa\u0ac1\u0aa8\u0abe \u0aa4\u0ac7\u0a93\u0aa8\u0abe \u0aaa\u0acb\u0aa4\u0abe\u0aa8\u0abe \u0aaa\u0acd\u0ab0\u0aac\u0acb\u0aa7\u0a95\u0acb\u0aae\u0abe\u0a82\u0aa8\u0abe \u0a8f\u0a95\u0ac7 \u0a86\u0aae \u0a95\u0ab9\u0acd\u0aaf\u0ac1\u0a82 \u0aaa\u0aa3 \u0a9b\u0ac7 \u0a95\u0ac7, \u201c\u0a95\u0acd\u0ab0\u0ac0\u0aa4\u0aa8\u0abe \u0ab2\u0acb\u0a95\u0acb \u0aa4\u0acb \u0ab9\u0a82\u0aae\u0ac7\u0ab6\u0abe \u0a9c\u0ac2\u0aa0\u0ac1\u0a82 \u0aac\u0acb\u0ab2\u0aa8\u0abe\u0ab0\u0abe \u0ab9\u0acb\u0aaf \u0a9b\u0ac7, \u0aa4\u0ac7\u0a93 \u0a9c\u0a82\u0a97\u0ab2\u0ac0 \u0aaa\u0ab6\u0ac1\u0a93 \u0a9c\u0ac7\u0ab5\u0abe \u0a85\u0aa8\u0ac7 \u0a86\u0ab3\u0ab8\u0ac1 \u0a9b\u0ac7 \u0a95\u0ac7 \u0a9c\u0ac7\u0a93 \u0a96\u0abe\u0ab5\u0abe \u0ab8\u0abf\u0ab5\u0abe\u0aaf \u0aac\u0ac0\u0a9c\u0ac1\u0a82 \u0a95\u0a82\u0a88 \u0a95\u0ab0\u0aa4\u0abe \u0aa8\u0aa5\u0ac0.\u201d"},{"Verseid":"55000012","Verse":"\u0a8f \u0aaa\u0acd\u0ab0\u0aac\u0acb\u0aa7\u0a95\u0ac7 \u0a95\u0ab9\u0ac7\u0ab2\u0abe \u0ab6\u0aac\u0acd\u0aa6\u0acb \u0ab8\u0abe\u0a9a\u0abe \u0a9b\u0ac7. \u0aa4\u0ac7\u0aa5\u0ac0 \u0aa4\u0ac1\u0a82 \u0a8f \u0ab2\u0acb\u0a95\u0acb\u0aa8\u0ac7 \u0a95\u0ab9\u0ac7 \u0a95\u0ac7 \u0aa4\u0ac7\u0a93 \u0a96\u0acb\u0a9f\u0abe \u0a9b\u0ac7. \u0aa4\u0abe\u0ab0\u0ac7 \u0a8f\u0aae\u0aa8\u0ac0 \u0ab8\u0abe\u0aa5\u0ac7 \u0a95\u0aa1\u0a95 \u0aa5\u0ab5\u0ac1\u0a82 \u0a9c \u0aaa\u0aa1\u0ab6\u0ac7. \u0aa4\u0acb \u0a9c \u0a8f\u0aae\u0aa8\u0acb \u0ab5\u0abf\u0ab6\u0acd\u0ab5\u0abe\u0ab8 \u0aa6\u0ac3\u0aa2 \u0aa5\u0ab6\u0ac7."},{"Verseid":"55000013","Verse":"\u0aa4\u0acd\u0aaf\u0abe\u0ab0\u0aac\u0abe\u0aa6 \u0aa4\u0ac7\u0a93 \u0aaf\u0ab9\u0ac2\u0aa6\u0ac0 \u0ab5\u0abe\u0ab0\u0acd\u0aa4\u0abe\u0a93\u0aa8\u0ac7 \u0aae\u0abe\u0aa8\u0ac0 \u0ab2\u0ac7\u0ab5\u0abe\u0aa8\u0ac1\u0a82 \u0aac\u0a82\u0aa7 \u0a95\u0ab0\u0ab6\u0ac7. \u0a85\u0aa8\u0ac7 \u0a9c\u0ac7 \u0ab2\u0acb\u0a95\u0acb \u0ab8\u0aa4\u0acd\u0aaf\u0aa8\u0ac7 \u0ab8\u0acd\u0ab5\u0ac0\u0a95\u0abe\u0ab0\u0aa4\u0abe \u0aa8\u0aa5\u0ac0 \u0aa4\u0ac7\u0a93 \u0a86\u0aa6\u0ac7\u0ab6\u0acb\u0aa8\u0ac7 \u0a85\u0aa8\u0ac1\u0ab8\u0ab0\u0ab5\u0abe\u0aa8\u0ac1\u0a82 \u0aaa\u0aa3 \u0aa4\u0ac7\u0a93 \u0aac\u0a82\u0aa7 \u0a95\u0ab0\u0ab6\u0ac7."},{"Verseid":"55000014","Verse":"\u0a9c\u0ac7 \u0ab2\u0acb\u0a95\u0acb \u0aaa\u0acb\u0aa4\u0ac7 \u0ab6\u0ac1\u0aa6\u0acd\u0aa7 \u0a9b\u0ac7, \u0aa4\u0ac7\u0a93\u0aa8\u0abe \u0aae\u0abe\u0a9f\u0ac7 \u0aa4\u0acb \u0aac\u0aa7\u0ac0 \u0ab5\u0ab8\u0acd\u0aa4\u0ac1\u0a93 \u0ab6\u0ac1\u0aa6\u0acd\u0aa7 \u0ab9\u0acb\u0aaf \u0a9b\u0ac7. \u0aaa\u0ab0\u0a82\u0aa4\u0ac1 \u0aaa\u0abe\u0aaa\u0aa5\u0ac0 \u0aad\u0ab0\u0ac7\u0ab2\u0abe \u0a85\u0aa8\u0ac7 \u0a85\u0ab5\u0abf\u0ab6\u0acd\u0ab5\u0abe\u0ab8\u0ac0\u0a93\u0aa8\u0ac7 \u0aae\u0abe\u0a9f\u0ac7 \u0a95\u0a82\u0a88 \u0aaa\u0aa3 \u0ab6\u0ac1\u0aa6\u0acd\u0aa7 \u0ab9\u0acb\u0aa4\u0ac1\u0a82 \u0aa8\u0aa5\u0ac0. \u0a96\u0ab0\u0ac7\u0a96\u0ab0, \u0a8f \u0ab2\u0acb\u0a95\u0acb\u0aa8\u0abe \u0ab5\u0abf\u0a9a\u0abe\u0ab0\u0acb \u0aa6\u0ac1\u0ab7\u0acd\u0a9f \u0aac\u0aa8\u0acd\u0aaf\u0abe \u0a9b\u0ac7 \u0a85\u0aa8\u0ac7 \u0ab8\u0aa4\u0acd\u0aaf \u0ab6\u0ac1\u0a82 \u0a9b\u0ac7 \u0aa4\u0ac7 \u0a9c\u0abe\u0aa3\u0ab5\u0abe \u0aa4\u0ac7\u0a93\u0aa8\u0ac1\u0a82 \u0a9c\u0acd\u0a9e\u0abe\u0aa8 \u0aa8\u0ab7\u0acd\u0a9f \u0aa5\u0a88 \u0a97\u0aaf\u0ac1 \u0a9b\u0ac7."},{"Verseid":"55000015","Verse":"\u0a8f \u0ab2\u0acb\u0a95\u0acb \u0aa4\u0acb \u0a8f\u0aae \u0a95\u0ab9\u0ac7\u0aa4\u0abe \u0ab9\u0acb\u0aaf \u0a9b\u0ac7 \u0a95\u0ac7 \u0aa4\u0ac7\u0a93 \u0aa6\u0ac7\u0ab5\u0aa8\u0ac7 \u0a9c\u0abe\u0aa3\u0ac7 \u0a9b\u0ac7, \u0a93\u0ab3\u0a96\u0ac7 \u0a9b\u0ac7. \u0aaa\u0ab0\u0a82\u0aa4\u0ac1 \u0a8f \u0ab2\u0acb\u0a95\u0acb \u0a9c\u0ac7 \u0a96\u0ab0\u0abe\u0aac \u0a95\u0abe\u0ab0\u0acd\u0aaf\u0acb \u0a95\u0ab0\u0ac7 \u0a9b\u0ac7 \u0aa4\u0ac7 \u0aac\u0aa4\u0abe\u0ab5\u0ac7 \u0a9b\u0ac7 \u0a95\u0ac7 \u0aa4\u0ac7\u0a93 \u0aa6\u0ac7\u0ab5\u0aa8\u0acb \u0aa8\u0a95\u0abe\u0ab0 \u0a95\u0ab0\u0ac7 \u0a9b\u0ac7. \u0aa4\u0ac7\u0a93 \u0aa4\u0acb \u0aad\u0aaf\u0a82\u0a95\u0ab0 \u0ab2\u0acb\u0a95\u0acb \u0a9b\u0ac7, \u0aa4\u0ac7\u0a93 \u0aa6\u0ac7\u0ab5\u0aa8\u0ac0 \u0a86\u0a9c\u0acd\u0a9e\u0abe\u0aa8\u0acb \u0aad\u0a82\u0a97 \u0a95\u0ab0\u0ac7 \u0a9b\u0ac7, \u0a85\u0aa8\u0ac7 \u0aa4\u0ac7\u0a93 \u0a95\u0acb\u0a88 \u0aaa\u0aa3 \u0ab8\u0abe\u0ab0\u0abe\u0a82 \u0a95\u0abe\u0aae\u0aa8\u0ac7 \u0aae\u0abe\u0a9f\u0ac7 \u0aa8\u0a95\u0abe\u0aae\u0abe \u0a9b\u0ac7."}]},{"Verse":[{"Verseid":"55001000","Verse":"\u0ab6\u0ac1\u0aa6\u0acd\u0aa7 \u0a89\u0aaa\u0aa6\u0ac7\u0ab6\u0aa8\u0ac1\u0a82 \u0aaa\u0abe\u0ab2\u0aa8 \u0a95\u0ab0\u0ab5\u0abe \u0ab2\u0acb\u0a95\u0acb\u0a8f \u0ab6\u0ac1\u0a82 \u0ab6\u0ac1\u0a82 \u0a95\u0ab0\u0ab5\u0ac1\u0a82 \u0a9c\u0acb\u0a88\u0a8f \u0a8f \u0ab5\u0abf\u0ab7\u0ac7 \u0aa4\u0abe\u0ab0\u0ac7 \u0a8f\u0aae\u0aa8\u0ac7 \u0a95\u0ab9\u0ac7\u0ab5\u0ac1\u0a82 \u0a9c \u0a9c\u0acb\u0a88\u0a8f."},{"Verseid":"55001001","Verse":"\u0ab5\u0ac3\u0aa6\u0acd\u0aa7\u0acb\u0aa8\u0ac7 \u0aa4\u0ac1\u0a82 \u0a86\u0aa4\u0acd\u0aae-\u0ab8\u0a82\u0aaf\u0aae \u0ab0\u0abe\u0a96\u0ab5\u0abe\u0aa8\u0ac1\u0a82, \u0a97\u0a82\u0aad\u0ac0\u0ab0, \u0aa4\u0aa5\u0abe \u0ab6\u0abe\u0aa3\u0abe \u0aa5\u0ab5\u0abe\u0aa8\u0ac1\u0a82 \u0ab6\u0ac0\u0a96\u0ab5. \u0aa4\u0ac7\u0a93\u0a8f \u0aa6\u0ac3\u0aa2 \u0ab5\u0abf\u0ab6\u0acd\u0ab5\u0abe\u0ab8, \u0a89\u0aa4\u0acd\u0a95\u0a9f \u0aaa\u0acd\u0ab0\u0ac7\u0aae \u0aa4\u0aa5\u0abe \u0aa7\u0ac0\u0ab0\u0a9c\u0aae\u0abe\u0a82 \u0aa6\u0ac3\u0aa2 \u0aa5\u0ab5\u0ac1\u0a82 \u0a9c\u0acb\u0a88\u0a8f."},{"Verseid":"55001002","Verse":"\u0ab5\u0ab3\u0ac0 \u0aa4\u0ac1\u0a82 \u0ab5\u0ac3\u0aa6\u0acd\u0aa7 \u0ab8\u0acd\u0aa4\u0acd\u0ab0\u0ac0\u0a93\u0aa8\u0ac7 \u0aaa\u0ab5\u0abf\u0aa4\u0acd\u0ab0 \u0a9c\u0ac0\u0ab5\u0aa8 \u0a97\u0abe\u0ab3\u0ab5\u0abe\u0aa8\u0ac1\u0a82 \u0ab6\u0ac0\u0a96\u0ab5. \u0aa4\u0ac1\u0a82 \u0a8f\u0aae\u0aa8\u0ac7 \u0ab6\u0ac0\u0a96\u0ab5 \u0a95\u0ac7 \u0aac\u0ac0\u0a9c\u0abe \u0ab2\u0acb\u0a95\u0acb\u0aa8\u0ac0 \u0ab5\u0abf\u0ab0\u0ac2\u0aa6\u0acd\u0aa7\u0aae\u0abe\u0a82 \u0a95\u0ac2\u0aa5\u0ab2\u0ac0 \u0a95\u0ab0\u0aa8\u0abe\u0ab0\u0ac0 \u0aa8\u0ab9\u0abf, \u0a95\u0ac7 \u0a98\u0aa3\u0acb \u0aa6\u0acd\u0ab0\u0abe\u0a95\u0acd\u0ab7\u0abe\u0ab0\u0ab8 \u0aaa\u0ac0\u0aa8\u0abe\u0ab0\u0ac0 \u0aa8\u0ab9\u0abf \u0aaa\u0aa3 \u0ab8\u0acd\u0aa4\u0acd\u0ab0\u0ac0\u0a93\u0a8f \u0a9c\u0ac7 \u0ab8\u0abe\u0ab0\u0ac1\u0a82 \u0a9b\u0ac7 \u0aa4\u0ac7 \u0ab6\u0ac0\u0a96\u0ab5\u0ab5\u0ac1\u0a82 \u0a9c\u0acb\u0a88\u0a8f."},{"Verseid":"55001003","Verse":"\u0a8f \u0ab0\u0ac0\u0aa4\u0ac7 \u0aa4\u0ac7\u0a93 \u0a9c\u0ac1\u0ab5\u0abe\u0aa8 \u0ab8\u0acd\u0aa4\u0acd\u0ab0\u0ac0\u0a93\u0aa8\u0ac7 \u0aa4\u0ac7\u0aae\u0aa8\u0abe \u0aaa\u0aa4\u0abf \u0a85\u0aa8\u0ac7 \u0aac\u0abe\u0ab3\u0a95\u0acb\u0aa8\u0ac7 \u0aaa\u0acd\u0ab0\u0ac7\u0aae \u0ab0\u0abe\u0a96\u0ab5\u0abe\u0aa8\u0ac1\u0a82 \u0ab6\u0ac0\u0a96\u0ab5\u0ab5\u0ac1\u0a82 \u0a9c\u0acb\u0a88\u0a8f."},{"Verseid":"55001004","Verse":"\u0a9c\u0ac1\u0ab5\u0abe\u0aa8 \u0ab8\u0acd\u0aa4\u0acd\u0ab0\u0ac0\u0a93\u0aa8\u0ac7 \u0ab8\u0aae\u0a9c\u0ac1 \u0a85\u0aa8\u0ac7 \u0ab6\u0aa6\u0acd\u0aa7 \u0aac\u0aa8\u0ab5\u0abe\u0aa8\u0ac1\u0a82, \u0aaa\u0acb\u0aa4\u0abe\u0aa8\u0abe\u0a82 \u0a98\u0ab0\u0acb\u0aa8\u0ac0 \u0ab8\u0a82\u0aad\u0abe\u0ab3 \u0ab0\u0abe\u0a96\u0ab5\u0abe\u0aa8\u0ac1\u0a82, \u0aa6\u0aaf\u0abe\u0ab3\u0ac1 \u0aa5\u0ab5\u0abe\u0aa8\u0ac1\u0a82 \u0a85\u0aa8\u0ac7 \u0aaa\u0acb\u0aa4\u0abe\u0aa8\u0abe \u0aaa\u0aa4\u0abf\u0aa8\u0ac0 \u0a86\u0a9c\u0acd\u0a9e\u0abe \u0aaa\u0abe\u0ab3\u0ab5\u0abe\u0aa8\u0ac1\u0a82, \u0aa4\u0ac7\u0a93\u0a8f \u0ab6\u0ac0\u0a96\u0ab5\u0ab5\u0ac1\u0a82 \u0a9c\u0acb\u0a88\u0a8f. \u0aa4\u0ac7 \u0aaa\u0a9b\u0ac0, \u0aaa\u0acd\u0ab0\u0aad\u0ac1\u0a8f \u0a86\u0aaa\u0aa3\u0aa8\u0ac7 \u0a86\u0aaa\u0ac7\u0ab2\u0abe \u0ab5\u0abe\u0aa4\u0aa8\u0ac0 \u0a95\u0acb\u0a88 \u0aaa\u0aa3 \u0ab5\u0acd\u0aaf\u0a95\u0acd\u0aa4\u0abf \u0a9f\u0ac0\u0a95\u0abe \u0a95\u0ab0\u0ac0 \u0ab6\u0a95\u0ab6\u0ac7 \u0aa8\u0ab9\u0abf."},{"Verseid":"55001005","Verse":"\u0a8f \u0a9c \u0ab0\u0ac0\u0aa4\u0ac7, \u0a9c\u0ac1\u0ab5\u0abe\u0aa8 \u0aae\u0abe\u0aa3\u0ab8\u0acb\u0aa8\u0ac7 \u0aaa\u0aa3 \u0aa4\u0ac1\u0a82 \u0ab6\u0abe\u0aa3\u0abe \u0aa5\u0ab5\u0abe\u0aa8\u0ac1\u0a82 \u0a95\u0ab9\u0ac7."},{"Verseid":"55001006","Verse":"\u0a9c\u0ac1\u0ab5\u0abe\u0aa8 \u0aae\u0abe\u0aa3\u0ab8\u0acb \u0aae\u0abe\u0a9f\u0ac7 \u0aa6\u0ab0\u0ac7\u0a95 \u0aac\u0abe\u0aac\u0aa4\u0aae\u0abe\u0a82 \u0aa8\u0aae\u0ac2\u0aa8\u0abe\u0ab0\u0ac1\u0a82\u0aaa \u0aa5\u0ab5\u0abe \u0aa4\u0abe\u0ab0\u0ac7 \u0ab8\u0abe\u0ab0\u0abe\u0a82 \u0a95\u0abe\u0aae\u0acb \u0a95\u0ab0\u0ab5\u0abe\u0a82 \u0a9c\u0acb\u0a88\u0a8f. \u0a9c\u0acd\u0aaf\u0abe\u0ab0\u0ac7 \u0aa4\u0ac1\u0a82 \u0a89\u0aaa\u0aa6\u0ac7\u0ab6 \u0a86\u0aaa\u0ac7 \u0aa4\u0acd\u0aaf\u0abe\u0ab0\u0ac7 \u0aaa\u0acd\u0ab0\u0abe\u0aae\u0abe\u0aa3\u0abf\u0a95 \u0a85\u0aa8\u0ac7 \u0a97\u0a82\u0aad\u0ac0\u0ab0 \u0aac\u0aa8."},{"Verseid":"55001007","Verse":"\u0a85\u0aa8\u0ac7 \u0a9c\u0acd\u0aaf\u0abe\u0ab0\u0ac7 \u0aa4\u0ac1\u0a82 \u0aac\u0acb\u0ab2\u0ac7, \u0aa4\u0acd\u0aaf\u0abe\u0ab0\u0ac7 \u0ab8\u0aa4\u0acd\u0aaf \u0a9c \u0a89\u0a9a\u0acd\u0a9a\u0abe\u0ab0\u0a9c\u0ac7 \u0a9c\u0ac7\u0aa5\u0ac0 \u0a95\u0ab0\u0ac0\u0aa8\u0ac7 \u0aa4\u0abe\u0ab0\u0ac0 \u0a9f\u0ac0\u0a95\u0abe \u0aa8 \u0aa5\u0abe\u0aaf. \u0aa4\u0ac7 \u0aaa\u0a9b\u0ac0 \u0aa4\u0acb \u0aa4\u0abe\u0ab0\u0acb \u0aa6\u0ac1\u0ab6\u0acd\u0aae\u0aa8 \u0ab6\u0ab0\u0aae\u0abe\u0a88 \u0a9c\u0ab6\u0ac7 \u0a95\u0ac7\u0aae \u0a95\u0ac7 \u0a86\u0aaa\u0aa3\u0ac0 \u0ab5\u0abf\u0ab0\u0ac2\u0aa6\u0acd\u0aa7 \u0a96\u0ab0\u0abe\u0aac \u0a95\u0ab9\u0ac7\u0ab5\u0abe\u0aa8\u0ac1\u0a82 \u0a8f\u0aa8\u0ac0 \u0aaa\u0abe\u0ab8\u0ac7 \u0a95\u0a82\u0a88 \u0aaa\u0aa3 \u0ab9\u0ab6\u0ac7 \u0aa8\u0ab9\u0abf."},{"Verseid":"55001008","Verse":"\u0a85\u0aa8\u0ac7 \u0a9c\u0ac7 \u0ab2\u0acb\u0a95\u0acb \u0aa6\u0abe\u0ab8\u0acb \u0aa4\u0ab0\u0ac0\u0a95\u0ac7 \u0ab8\u0ac7\u0ab5\u0abe \u0a86\u0aaa\u0ac7 \u0a9b\u0ac7 \u0aa4\u0ac7\u0a93\u0aa8\u0ac7 \u0aa4\u0ac1\u0a82 \u0a86 \u0aac\u0aa7\u0ac1\u0a82 \u0a95\u0ab9\u0ac7\u0a9c\u0ac7: \u0aa4\u0ac7\u0a93\u0a8f \u0ab9\u0a82\u0aae\u0ac7\u0ab6\u0abe \u0aaa\u0acb\u0aa4\u0abe\u0aa8\u0abe \u0aa7\u0aa3\u0ac0\u0aa8\u0ac0 \u0a86\u0a9c\u0acd\u0a9e\u0abe \u0aaa\u0abe\u0ab3\u0ab5\u0ac0 \u0a9c\u0acb\u0a88\u0a8f, \u0aa4\u0ac7\u0a93\u0a8f \u0aaa\u0acb\u0aa4\u0abe\u0aa8\u0abe \u0aa7\u0aa3\u0ac0\u0a93\u0aa8\u0ac7 \u0a96\u0ac1\u0ab6 \u0ab0\u0abe\u0a96\u0ab5\u0abe\u0aa8\u0acb \u0aaa\u0acd\u0ab0\u0aaf\u0aa4\u0acd\u0aa8 \u0a95\u0ab0\u0ab5\u0acb \u0a9c\u0acb\u0a88\u0a8f; \u0aa4\u0ac7\u0a93\u0a8f \u0aaa\u0acb\u0aa4\u0abe\u0aa8\u0abe \u0aa7\u0aa3\u0ac0\u0a93 \u0ab8\u0abe\u0aa5\u0ac7 \u0aa6\u0ab2\u0ac0\u0ab2\u0aac\u0abe\u0a9c\u0ac0\u0aae\u0abe\u0a82 \u0a89\u0aa4\u0ab0\u0ab5\u0ac1\u0a82 \u0aa8 \u0a9c\u0acb\u0a88\u0a8f;"},{"Verseid":"55001009","Verse":"\u0aa4\u0ac7\u0a93\u0a8f \u0aaa\u0acb\u0aa4\u0abe\u0aa8\u0abe \u0aa7\u0aa3\u0ac0\u0a93\u0aa8\u0ac7 \u0aa4\u0acd\u0aaf\u0abe\u0a82\u0aa5\u0ac0 \u0a9a\u0acb\u0ab0\u0ac0 \u0aa8 \u0a95\u0ab0\u0ab5\u0ac0 \u0a9c\u0acb\u0a88\u0a8f; \u0a85\u0aa8\u0ac7 \u0aa4\u0ac7\u0a93\u0a8f \u0aa4\u0ac7\u0aae\u0aa8\u0abe \u0aa7\u0aa3\u0ac0\u0a93\u0aa8\u0ac7 \u0a8f\u0ab5\u0ac1\u0a82 \u0aa6\u0ac7\u0a96\u0abe\u0aa1\u0ab5\u0ac1\u0a82 \u0a9c\u0acb\u0a88\u0a8f \u0a95\u0ac7 \u0aa4\u0ac7\u0a93 \u0aad\u0ab0\u0acb\u0ab8\u0abe\u0aaa\u0abe\u0aa4\u0acd\u0ab0 \u0a9b\u0ac7. \u0aa6\u0abe\u0ab8\u0acb\u0a8f \u0a86 \u0ab0\u0ac0\u0aa4\u0ac7 \u0ab5\u0ab0\u0acd\u0aa4\u0ab5\u0ac1\u0a82 \u0a9c\u0acb\u0a88\u0a8f, \u0a9c\u0ac7\u0aa5\u0ac0 \u0aa4\u0ac7\u0a93 \u0a9c\u0ac7 \u0a95\u0a82\u0a88 \u0a95\u0ab0\u0ac7 \u0aa4\u0ac7\u0aae\u0abe\u0a82 \u0a8f\u0ab5\u0ac1\u0a82 \u0aa6\u0ac7\u0a96\u0abe\u0aaf \u0a95\u0ac7 \u0a86\u0aaa\u0aa3\u0abe \u0aa4\u0abe\u0ab0\u0aa8\u0abe\u0ab0 \u0aa6\u0ac7\u0ab5\u0aa8\u0acb \u0ab8\u0ac1\u0aac\u0acb\u0aa7 \u0ab8\u0abe\u0ab0\u0acb \u0a9b\u0ac7."},{"Verseid":"55001010","Verse":"\u0a86\u0aaa\u0aa3\u0ac7 \u0a86 \u0ab0\u0ac0\u0aa4\u0ac7 \u0a9c \u0a9c\u0ac0\u0ab5\u0ab5\u0ac1\u0a82 \u0a9c\u0acb\u0a88\u0a8f, \u0a95\u0abe\u0ab0\u0aa3 \u0a95\u0ac7 \u0aa6\u0ac7\u0ab5\u0aa8\u0ac0 \u0a95\u0ac3\u0aaa\u0abe\u0aa8\u0ac1\u0a82 \u0a86\u0a97\u0aae\u0aa8 \u0aa5\u0aaf\u0ac1\u0a82 \u0a9b\u0ac7. \u0a9c\u0ac7 \u0a95\u0ac3\u0aaa\u0abe \u0aa6\u0ab0\u0ac7\u0a95 \u0ab5\u0acd\u0aaf\u0a95\u0acd\u0aa4\u0abf\u0aa8\u0ac1\u0a82 \u0aa4\u0abe\u0ab0\u0aa3 \u0a95\u0ab0\u0ac7 \u0a9b\u0ac7. \u0a85\u0aa8\u0ac7 \u0aa4\u0ac7 \u0a95\u0ac3\u0aaa\u0abe \u0ab9\u0ab5\u0ac7 \u0a86\u0aaa\u0aa3\u0aa8\u0ac7 \u0a86\u0aaa\u0ab5\u0abe\u0aae\u0abe\u0a82 \u0a86\u0ab5\u0ac0 \u0a9b\u0ac7."},{"Verseid":"55001011","Verse":"\u0aa4\u0ac7 \u0a95\u0ac3\u0aaa\u0abe \u0a86\u0aaa\u0aa3\u0aa8\u0ac7 \u0ab6\u0ac0\u0a96\u0ab5\u0ac7 \u0a9b\u0ac7 \u0a95\u0ac7 \u0aa6\u0ac7\u0ab5\u0aa5\u0ac0 \u0ab5\u0abf\u0aae\u0ac1\u0a96 \u0a9c\u0ac0\u0ab5\u0aa8 \u0a9c\u0ac0\u0ab5\u0ab5\u0ac1\u0a82 \u0aa8 \u0a9c\u0acb\u0a88\u0a8f \u0a85\u0aa8\u0ac7 \u0aa6\u0ac1\u0aa8\u0abf\u0aaf\u0abe \u0a86\u0aaa\u0aa3\u0ac0 \u0aaa\u0abe\u0ab8\u0ac7 \u0a96\u0acb\u0a9f\u0abe\u0a82 \u0a95\u0abe\u0aae\u0acb \u0a95\u0ab0\u0abe\u0ab5\u0ab5\u0abe \u0aae\u0abe\u0a97\u0aa4\u0ac0 \u0ab9\u0acb\u0aaf \u0aa4\u0ac7 \u0aa8 \u0a95\u0ab0\u0ab5\u0abe\u0a82 \u0a9c\u0acb\u0a88\u0a8f. \u0aa4\u0ac7 \u0a95\u0ac3\u0aaa\u0abe \u0a86\u0aaa\u0aa3\u0aa8\u0ac7 \u0ab9\u0ab5\u0ac7 \u0ab6\u0abe\u0aa3\u0aaa\u0aa3\u0aa5\u0ac0 \u0a85\u0aa8\u0ac7 \u0ab8\u0abe\u0a9a\u0abe \u0aae\u0abe\u0ab0\u0acd\u0a97\u0ac7 \u0aaa\u0ac3\u0aa5\u0acd\u0ab5\u0ac0 \u0aaa\u0ab0 \u0ab0\u0ab9\u0ac7\u0ab5\u0abe\u0aa8\u0acb \u0a89\u0aaa\u0aa6\u0ac7\u0ab6 \u0a86\u0aaa\u0ac7 \u0a9b\u0ac7-\u0a9c\u0ac0\u0ab5\u0ab5\u0abe\u0aa8\u0ac0 \u0a8f\u0ab5\u0ac0 \u0ab0\u0ac0\u0aa4 \u0a95\u0ac7 \u0a9c\u0ac7 \u0aac\u0aa4\u0abe\u0ab5\u0ac7 \u0a95\u0ac7 \u0a86\u0aaa\u0aa3\u0ac7 \u0aa6\u0ac7\u0ab5\u0aa8\u0ac0 \u0ab8\u0ac7\u0ab5\u0abe \u0a95\u0ab0\u0ac0\u0a8f \u0a9b\u0ac0\u0a8f."},{"Verseid":"55001012","Verse":"\u0a86\u0aaa\u0aa3\u0abe \u0aae\u0ab9\u0abe\u0aa8 \u0aa6\u0ac7\u0ab5 \u0aa4\u0aa5\u0abe \u0aa4\u0abe\u0ab0\u0aa8\u0abe\u0ab0 \u0a88\u0ab8\u0ac1 \u0a96\u0acd\u0ab0\u0abf\u0ab8\u0acd\u0aa4\u0aa8\u0abe \u0a86\u0ab5\u0ab5\u0abe\u0aa8\u0ac0 \u0ab0\u0abe\u0ab9 \u0a9c\u0acb\u0aa4\u0abe\u0a82 \u0a86\u0aaa\u0aa3\u0ac7 \u0a8f \u0ab0\u0ac0\u0aa4\u0ac7 \u0a9c\u0ac0\u0ab5\u0ab5\u0ac1\u0a82 \u0a9c\u0acb\u0a88\u0a8f. \u0aa4\u0ac7 \u0a9c \u0aa4\u0acb \u0a86\u0aaa\u0aa3\u0ac0 \u0aae\u0ab9\u0abe\u0aa8 \u0a86\u0ab6\u0abe \u0a9b\u0ac7, \u0a85\u0aa8\u0ac7 \u0aa4\u0ac7\u0aa8\u0ac1\u0a82 \u0a86\u0a97\u0aae\u0aa8 \u0aae\u0ab9\u0abf\u0aae\u0abe\u0ab5\u0a82\u0aa4 \u0ab9\u0ab6\u0ac7."},{"Verseid":"55001013","Verse":"\u0aa4\u0ac7\u0aa3\u0ac7 \u0a86\u0aaa\u0aa3\u0abe \u0aae\u0abe\u0a9f\u0ac7 \u0aaa\u0acb\u0aa4\u0abe\u0aa8\u0ac0 \u0a9c\u0abe\u0aa4\u0aa8\u0ac1\u0a82 \u0ab8\u0acd\u0ab5\u0abe\u0ab0\u0acd\u0aaa\u0aa3 \u0a95\u0ab0\u0ac0 \u0aa6\u0ac0\u0aa7\u0ac1\u0a82. \u0aa4\u0ac7 \u0aac\u0aa7\u0abe \u0a85\u0aa8\u0acd\u0aaf\u0abe\u0aaf\u0aa5\u0ac0 \u0a86\u0aaa\u0aa3\u0aa8\u0ac7 \u0a9b\u0acb\u0aa1\u0abe\u0ab5\u0ab5\u0abe \u0aae\u0ab0\u0aa3 \u0aaa\u0abe\u0aae\u0acd\u0aaf\u0acb. \u0aa4\u0ac7 \u0aae\u0ab0\u0aa3 \u0a86\u0aaa\u0aa3\u0aa8\u0ac7 \u0aaa\u0ab5\u0abf\u0aa4\u0acd\u0ab0 \u0a95\u0ab0\u0ac0\u0aa8\u0ac7 \u0aaa\u0acb\u0aa4\u0abe\u0aa8\u0ac7 \u0ab8\u0abe\u0ab0\u0ac1\u0a82 \u0a96\u0abe\u0ab8 \u0aaa\u0acd\u0ab0\u0a9c\u0abe \u0aa4\u0aa5\u0abe \u0ab8\u0ab0\u0acd\u0ab5 \u0ab8\u0abe\u0ab0\u0abe \u0a95\u0abe\u0aae \u0a95\u0ab0\u0ab5\u0abe\u0aa8\u0ac7 \u0a86\u0aa4\u0ac1\u0ab0 \u0a8f\u0ab5\u0abe \u0ab2\u0acb\u0a95 \u0aa4\u0ac8\u0aaf\u0abe\u0ab0 \u0a95\u0ab0\u0ac7."},{"Verseid":"55001014","Verse":"\u0a86 \u0aac\u0aa7\u0ac0 \u0ab5\u0abe\u0aa4\u0acb \u0aa4\u0ac1\u0a82 \u0ab2\u0acb\u0a95\u0acb\u0aa8\u0ac7 \u0a95\u0ab9\u0ac7. \u0a8f \u0aae\u0abe\u0a9f\u0ac7 \u0aa4\u0aa8\u0ac7 \u0ab8\u0a82\u0aaa\u0ac2\u0ab0\u0acd\u0aa3 \u0ab8\u0aa4\u0acd\u0aa4\u0abe \u0a9b\u0ac7. \u0aa4\u0ac7\u0aa5\u0ac0 \u0ab2\u0acb\u0a95\u0acb\u0aa8\u0abe \u0ab5\u0abf\u0ab6\u0acd\u0ab5\u0abe\u0ab8\u0aa8\u0ac7 \u0aa6\u0ac3\u0aa2 \u0a95\u0ab0\u0ab5\u0abe \u0aae\u0abe\u0a9f\u0ac7 \u0aa4\u0ac7\u0a93\u0a8f \u0ab6\u0ac1\u0a82 \u0ab6\u0ac1\u0a82 \u0a95\u0ab0\u0ab5\u0ac1\u0a82 \u0a9c\u0acb\u0a88\u0a8f \u0aa4\u0ac7 \u0a95\u0ab9\u0ac7\u0ab5\u0abe \u0aa4\u0ac1\u0a82 \u0aa4\u0abe\u0ab0\u0abe \u0a85\u0aa7\u0abf\u0a95\u0abe\u0ab0\u0aa8\u0acb \u0a89\u0aaa\u0aaf\u0acb\u0a97 \u0a95\u0ab0. \u0aa4\u0ac7\u0a93\u0aa8\u0ac7 \u0aaa\u0acd\u0ab0\u0acb\u0aa4\u0acd\u0ab8\u0abe\u0ab9\u0abf\u0aa4 \u0a95\u0ab0 \u0a85\u0aa8\u0ac7 \u0aa4\u0ac7\u0a93 \u0a95\u0a82\u0a88 \u0aaa\u0aa3 \u0a96\u0acb\u0a9f\u0ac1\u0a82 \u0a95\u0ab0\u0aa4\u0abe \u0ab9\u0acb\u0aaf \u0aa4\u0acd\u0aaf\u0abe\u0ab0\u0ac7 \u0aa4\u0ac7\u0a93\u0aa8\u0ac7 \u0ab8\u0ac1\u0aa7\u0abe\u0ab0. \u0a85\u0aa8\u0ac7 \u0aa4\u0abe\u0ab0\u0ac1\u0a82 \u0a95\u0acb\u0a88 \u0aae\u0ab9\u0aa4\u0acd\u0ab5 \u0aa8 \u0ab9\u0acb\u0aaf \u0a8f\u0aae \u0aae\u0abe\u0aa8\u0aa8\u0abe\u0ab0 \u0a95\u0acb\u0a88 \u0aaa\u0aa3 \u0ab5\u0acd\u0aaf\u0a95\u0acd\u0aa4\u0abf\u0aa8\u0ac7 \u0aa4\u0abe\u0ab0\u0ac0 \u0ab8\u0abe\u0aa5\u0ac7 \u0a8f \u0ab0\u0ac0\u0aa4\u0ac7 \u0ab5\u0ab0\u0acd\u0aa4\u0ab5\u0abe \u0aa8 \u0aa6\u0a88\u0ab6."}]},{"Verse":[{"Verseid":"55002000","Verse":"\u0aa4\u0ac1\u0a82 \u0ab2\u0acb\u0a95\u0acb\u0aa8\u0ac7 \u0a95\u0ab9\u0ac7 \u0a95\u0ac7 \u0aa4\u0ac7\u0a93 \u0ab9\u0a82\u0aae\u0ac7\u0ab6\u0abe \u0a86 \u0aac\u0abe\u0aac\u0aa4\u0acb \u0aaf\u0abe\u0aa6 \u0ab0\u0abe\u0a96\u0ac7: \u0ab0\u0abe\u0a9c\u0ab8\u0aa4\u0acd\u0aa4\u0abe\u0aa8\u0ac7 \u0a85\u0aa8\u0ac7 \u0a85\u0aa7\u0abf\u0a95\u0abe\u0ab0\u0ac0\u0a93\u0aa8\u0ac0 \u0ab8\u0aa4\u0acd\u0aa4\u0abe \u0ab9\u0ac7\u0aa0\u0ab3 \u0ab0\u0ab9\u0ac7\u0ab5\u0ac1\u0a82; \u0a8f \u0a85\u0aa7\u0abf\u0a95\u0abe\u0ab0\u0ac0\u0a93\u0aa8\u0ac0 \u0a86\u0a9c\u0acd\u0a9e\u0abe \u0aaa\u0abe\u0ab3\u0ab5\u0ac0 \u0a85\u0aa8\u0ac7 \u0aa6\u0ab0\u0ac7\u0a95 \u0ab8\u0abe\u0ab0\u0ac0 \u0ab5\u0ab8\u0acd\u0aa4\u0ac1 \u0a95\u0ab0\u0ab5\u0abe \u0aa4\u0aa4\u0acd\u0aaa\u0ab0 \u0ab0\u0ab9\u0ac7\u0ab5\u0ac1\u0a82;"},{"Verseid":"55002001","Verse":"\u0a95\u0acb\u0a88 \u0aaa\u0aa3 \u0ab5\u0acd\u0aaf\u0a95\u0acd\u0aa4\u0abf\u0aa8\u0abe \u0ab5\u0abf\u0ab7\u0ac7 \u0a96\u0ab0\u0abe\u0aac \u0aa8 \u0aac\u0acb\u0ab2\u0ab5\u0ac1\u0a82; \u0aac\u0ac0\u0a9c\u0abe \u0ab2\u0acb\u0a95\u0acb \u0ab8\u0abe\u0aa5\u0ac7 \u0ab6\u0abe\u0a82\u0aa4\u0abf\u0aa5\u0ac0 \u0ab0\u0ab9\u0ac7\u0ab5\u0ac1\u0a82; \u0aac\u0ac0\u0a9c\u0abe \u0ab2\u0acb\u0a95\u0acb \u0ab8\u0abe\u0aa5\u0ac7 \u0ab5\u0abf\u0aa8\u0aae\u0acd\u0ab0 \u0aa5\u0ab5\u0ac1\u0a82; \u0a85\u0aa8\u0ac7 \u0aa4\u0ac7\u0a93\u0aa8\u0ac0 \u0ab8\u0abe\u0aa5\u0ac7 \u0aae\u0abe\u0aaf\u0abe\u0ab3\u0ac1 \u0aa5\u0ab5\u0ac1\u0a82. \u0aac\u0ac0\u0a9c\u0abe \u0ab2\u0acb\u0a95\u0acb \u0ab8\u0abe\u0aa5\u0ac7 \u0aa6\u0aaf\u0abe\u0ab3\u0ac1 \u0aac\u0aa8\u0ab5\u0ac1\u0a82. \u0aac\u0aa7\u0abe \u0ab2\u0acb\u0a95\u0acb\u0aa8\u0ac0 \u0ab8\u0abe\u0aa5\u0ac7 \u0a86\u0ab5\u0acb \u0ab5\u0acd\u0aaf\u0ab5\u0ab9\u0abe\u0ab0 \u0a95\u0ab0\u0ab5\u0abe\u0aa8\u0ac1\u0a82 \u0aa4\u0ac1\u0a82 \u0ab5\u0abf\u0ab6\u0acd\u0ab5\u0abe\u0ab8\u0ac0\u0a93\u0aa8\u0ac7 \u0a95\u0ab9\u0ac7."},{"Verseid":"55002002","Verse":"\u0aad\u0ac2\u0aa4\u0a95\u0abe\u0ab3\u0aae\u0abe\u0a82 \u0aa4\u0acb \u0a86\u0aaa\u0aa3\u0ac7 \u0aaa\u0aa3 \u0aae\u0ac2\u0ab0\u0acd\u0a96 \u0ab2\u0acb\u0a95\u0acb \u0ab9\u0aa4\u0abe. \u0a86\u0aaa\u0aa3\u0ac7 \u0a86\u0a9c\u0acd\u0a9e\u0abe\u0a93\u0aa8\u0ac1\u0a82 \u0a89\u0ab2\u0acd\u0ab2\u0a82\u0a98\u0aa8 \u0a95\u0ab0\u0aa4\u0abe \u0ab9\u0aa4\u0abe, \u0a86\u0aaa\u0aa3\u0ac7 \u0a96\u0acb\u0a9f\u0abe \u0ab9\u0aa4\u0abe, \u0a85\u0aa8\u0ac7 \u0a86\u0aaa\u0aa3\u0abe\u0a82 \u0ab6\u0ab0\u0ac0\u0ab0\u0aa8\u0ac0 \u0a88\u0a9a\u0acd\u0a9b\u0abe\u0aa8\u0ac7 \u0a86\u0aa7\u0ac0\u0aa8 \u0aa5\u0a88 \u0a86\u0aaa\u0aa3\u0ac7 \u0a85\u0aa8\u0ac7\u0a95 \u0aaa\u0acd\u0ab0\u0a95\u0abe\u0ab0\u0aa8\u0acb \u0aad\u0acb\u0a97 \u0ab5\u0abf\u0ab2\u0abe\u0ab8 \u0aad\u0acb\u0a97\u0ab5\u0aa4\u0abe \u0ab9\u0aa4\u0abe, \u0a85\u0aa8\u0ac7 \u0a86\u0aaa\u0aa3\u0ac7 \u0aa4\u0ac7 \u0a88\u0a9a\u0acd\u0a9b\u0abe\u0a93 \u0a85\u0aa8\u0ac7 \u0ab5\u0abf\u0ab2\u0abe\u0ab8\u0aa8\u0abe \u0a97\u0ac1\u0ab2\u0abe\u0aae \u0ab9\u0aa4\u0abe. \u0a86\u0aaa\u0aa3\u0ac7 \u0aa6\u0ac1\u0ab7\u0acd\u0a9f \u0a95\u0abe\u0ab0\u0acd\u0aaf\u0acb\u0ab5\u0abe\u0ab3\u0ac1\u0a82 \u0a85\u0aa8\u0ac7 \u0a88\u0ab0\u0acd\u0ab7\u0acd\u0aaf\u0abe\u0ab3\u0ac1 \u0a9c\u0ac0\u0ab5\u0aa8 \u0a9c\u0ac0\u0ab5\u0aa4\u0abe \u0ab9\u0aa4\u0abe. \u0ab2\u0acb\u0a95\u0acb \u0a86\u0aaa\u0aa3\u0aa8\u0ac7 \u0aa7\u0abf\u0a95\u0acd\u0a95\u0abe\u0ab0\u0aa4\u0abe \u0ab9\u0aa4\u0abe \u0a85\u0aa8\u0ac7 \u0a86\u0aaa\u0aa3\u0ac7 \u0a8f\u0a95\u0aac\u0ac0\u0a9c\u0abe\u0aa8\u0ac7 \u0aa7\u0abf\u0a95\u0acd\u0a95\u0abe\u0ab0\u0aa4\u0abe \u0ab9\u0aa4\u0abe."},{"Verseid":"55002003","Verse":"\u0aaa\u0ab0\u0a82\u0aa4\u0ac1 \u0aa4\u0acd\u0aaf\u0abe\u0ab0\u0aac\u0abe\u0aa6 \u0aa6\u0ac7\u0ab5 \u0a86\u0aaa\u0aa3\u0abe \u0aa4\u0abe\u0ab0\u0aa8\u0abe\u0ab0\u0aa8\u0ac0 \u0aa6\u0aaf\u0abe \u0a85\u0aa8\u0ac7 \u0aaa\u0acd\u0ab0\u0ac7\u0aae \u0ab8\u0acc\u0aa8\u0ac7 \u0aaa\u0acd\u0ab0\u0a97\u0a9f \u0aa5\u0aaf\u0abe\u0a82."},{"Verseid":"55002004","Verse":"\u0aa4\u0ac7\u0aa8\u0ac0 \u0ab8\u0abe\u0aa5\u0ac7 \u0aa8\u0acd\u0aaf\u0abe\u0aaf\u0ac0 \u0aa5\u0ab5\u0abe \u0aae\u0abe\u0a9f\u0ac7 \u0a86\u0aaa\u0aa3\u0ac7 \u0a95\u0ab0\u0ac7\u0ab2\u0abe \u0a95\u0ac3\u0aa4\u0acd\u0aaf\u0acb\u0aa8\u0ac7 \u0a95\u0abe\u0ab0\u0aa3\u0ac7 \u0aa4\u0ac7\u0aa3\u0ac7 \u0a86\u0aaa\u0aa3\u0aa8\u0ac7 \u0aa4\u0abe\u0ab0\u0acd\u0aaf\u0abe \u0aa8\u0aa5\u0ac0. \u0aaa\u0ab0\u0a82\u0aa4\u0ac1 \u0aa4\u0ac7\u0aa8\u0ac0 \u0aa6\u0aaf\u0abe\u0aa5\u0ac0 \u0aa4\u0ac7\u0aa3\u0ac7 \u0a86\u0aaa\u0aa3\u0aa8\u0ac7 \u0aaa\u0ac1\u0aa8\u0ab0\u0acd\u0a9c\u0aa8\u0acd\u0aae\u0aa8\u0abe \u0ab8\u0acd\u0aa8\u0abe\u0aa8\u0aa5\u0ac0 \u0aa4\u0ac7\u0aa8\u0abe \u0aaa\u0ab5\u0abf\u0aa4\u0acd\u0ab0 \u0a86\u0aa4\u0acd\u0aae\u0abe \u0aa6\u0acd\u0ab5\u0abe\u0ab0\u0abe \u0a86\u0aaa\u0aa3\u0ac1\u0a82 \u0aa8\u0ab5\u0ac0\u0aa8\u0ac0\u0a95\u0ab0\u0aa3 \u0a95\u0ab0\u0ac0\u0aa8\u0ac7 \u0aa6\u0ac7\u0ab5\u0ac7 \u0a86\u0aaa\u0aa3\u0aa8\u0ac7 \u0aa4\u0abe\u0ab0\u0acd\u0aaf\u0abe \u0a9b\u0ac7."},{"Verseid":"55002005","Verse":"\u0a86\u0aaa\u0aa3\u0abe \u0aa4\u0abe\u0ab0\u0aa8\u0abe\u0ab0 \u0a88\u0ab8\u0ac1 \u0a96\u0acd\u0ab0\u0abf\u0ab8\u0acd\u0aa4 \u0aa6\u0acd\u0ab5\u0abe\u0ab0\u0abe \u0aa6\u0ac7\u0ab5\u0ac7 \u0a8f \u0aaa\u0ab5\u0abf\u0aa4\u0acd\u0ab0 \u0a86\u0aa4\u0acd\u0aae\u0abe \u0a86\u0aaa\u0aa3\u0abe \u0a89\u0aaa\u0ab0 \u0aaa\u0ac1\u0ab7\u0acd\u0a95\u0ab3 \u0ab0\u0ac7\u0aa1\u0aaf\u0acb \u0a9b\u0ac7."},{"Verseid":"55002006","Verse":"\u0a86\u0aae, \u0aa6\u0ac7\u0ab5\u0aa8\u0ac0 \u0a95\u0ac3\u0aaa\u0abe \u0ab5\u0aa1\u0ac7 \u0a9c \u0a86\u0aaa\u0aa3\u0ac7 \u0aa8\u0acd\u0aaf\u0abe\u0aaf\u0ac0 \u0aa5\u0aaf\u0abe. \u0a85\u0aa8\u0ac7 \u0aa6\u0ac7\u0ab5\u0ac7 \u0a86\u0aaa\u0aa3\u0aa8\u0ac7 \u0a86\u0aa4\u0acd\u0aae\u0abe \u0a86\u0aaa\u0acd\u0aaf\u0acb \u0a9c\u0ac7\u0aa5\u0ac0 \u0a86\u0aaa\u0aa3\u0aa8\u0ac7 \u0a85\u0aa8\u0a82\u0aa4\u0a9c\u0ac0\u0ab5\u0aa8 \u0aae\u0ab3\u0ac7. \u0a86\u0aaa\u0aa3\u0ac7 \u0a8f\u0aa8\u0ac0 \u0a9c \u0aa4\u0acb \u0a86\u0ab6\u0abe \u0ab0\u0abe\u0a96\u0ac0\u0a8f \u0a9b\u0ac0\u0a8f."},{"Verseid":"55002007","Verse":"\u0a86 \u0ab5\u0abe\u0aa4 \u0ab8\u0abe\u0a9a\u0ac0 \u0a9b\u0ac7.\u0a86 \u0aac\u0aa7\u0ac0 \u0aac\u0abe\u0aac\u0aa4\u0acb \u0ab2\u0acb\u0a95\u0acb \u0ab8\u0aae\u0a9c\u0ac7 \u0a8f\u0aa8\u0ac0 \u0aa4\u0ac1\u0a82 \u0a96\u0abe\u0aa4\u0ab0\u0ac0 \u0a95\u0ab0 \u0a8f\u0aae \u0ab9\u0ac1\u0a82 \u0a88\u0a9a\u0acd\u0a9b\u0ac1\u0a82 \u0a9b\u0ac1\u0a82. \u0aa4\u0acb \u0a9c \u0aa6\u0ac7\u0ab5\u0aae\u0abe\u0a82 \u0ab5\u0abf\u0ab6\u0acd\u0ab5\u0abe\u0ab8 \u0a95\u0ab0\u0aa8\u0abe\u0ab0\u0abe \u0ab2\u0acb\u0a95\u0acb \u0ab8\u0abe\u0ab0\u0abe \u0a95\u0abe\u0ab0\u0acd\u0aaf\u0acb \u0a95\u0ab0\u0ab5\u0abe \u0aae\u0abe\u0a9f\u0ac7 \u0aaa\u0acb\u0aa4\u0abe\u0aa8\u0abe \u0a9c\u0ac0\u0ab5\u0aa8\u0aa8\u0ac7 \u0ab8\u0aae\u0ab0\u0acd\u0aaa\u0abf\u0aa4 \u0a95\u0ab0\u0ab6\u0ac7. \u0a86 \u0aac\u0aa7\u0ac0 \u0ab5\u0abe\u0aa4\u0acb \u0ab8\u0abe\u0ab0\u0ac0 \u0a9b\u0ac7, \u0a85\u0aa8\u0ac7 \u0ab8\u0acc \u0ab2\u0acb\u0a95\u0acb\u0aa8\u0ac7 \u0aae\u0aa6\u0aa6\u0ab0\u0ac1\u0a82\u0aaa \u0aa5\u0ab6\u0ac7."},{"Verseid":"55002008","Verse":"\u0a8f\u0ab5\u0abe \u0ab2\u0acb\u0a95\u0acb\u0aa5\u0ac0 \u0aa6\u0ac2\u0ab0 \u0ab0\u0ab9\u0ac7\u0a9c\u0ac7 \u0a9c\u0ac7 \u0aae\u0ac2\u0ab0\u0acd\u0a96\u0abe\u0a88\u0aad\u0ab0\u0ac0 \u0aa6\u0ab2\u0ac0\u0ab2\u0acb \u0a95\u0ab0\u0aa4\u0abe \u0ab9\u0acb\u0aaf, \u0a9c\u0ac7 \u0ab2\u0acb\u0a95\u0acb \u0aa8\u0a95\u0abe\u0aae\u0ac0 \u0ab5\u0a82\u0ab6\u0abe\u0ab5\u0ab3\u0ac0\u0a93\u0aa8\u0ac0 \u0ab5\u0abe\u0aa4\u0acb \u0a95\u0ab0\u0acd\u0aaf\u0abe \u0a95\u0ab0\u0aa4\u0abe \u0ab9\u0acb\u0aaf, \u0a9c\u0ac7 \u0ab2\u0acb\u0a95\u0acb \u0aae\u0ac2\u0ab8\u0abe\u0aa8\u0abe \u0aa8\u0abf\u0aae\u0aaf\u0ab6\u0abe\u0ab8\u0acd\u0aa4\u0acd\u0ab0\u0aa8\u0abe \u0a89\u0aaa\u0aa6\u0ac7\u0ab6 \u0ab5\u0abf\u0ab7\u0ac7 \u0aae\u0ac1\u0ab6\u0acd\u0a95\u0ac7\u0ab2\u0ac0\u0a93 \u0a8a\u0aad\u0ac0 \u0a95\u0ab0\u0ac0\u0aa8\u0ac7 \u0a9d\u0aa7\u0aa1\u0aa4\u0abe \u0ab9\u0acb\u0aaf. \u0a86 \u0aac\u0abe\u0aac\u0aa4\u0acb \u0aa8\u0a95\u0abe\u0aae\u0ac0 \u0a9b\u0ac7 \u0a85\u0aa8\u0ac7 \u0aa4\u0ac7 \u0ab2\u0acb\u0a95\u0acb\u0aa8\u0ac7 \u0ab8\u0ab9\u0abe\u0aaf\u0ab0\u0ac1\u0a82\u0aaa \u0aa8\u0ab9\u0abf \u0aa5\u0abe\u0aaf."},{"Verseid":"55002009","Verse":"\u0a9c\u0acb \u0a95\u0acb\u0a88 \u0ab5\u0acd\u0aaf\u0a95\u0acd\u0aa4\u0abf \u0aa6\u0ab2\u0ac0\u0ab2\u0aac\u0abe\u0a9c\u0ac0 \u0a95\u0ab0\u0ab5\u0abe\u0aa8\u0ac1\u0a82 \u0a95\u0abe\u0ab0\u0aa3 \u0aae\u0abe\u0a97\u0aa4\u0ac0 \u0ab9\u0acb\u0aaf, \u0aa4\u0acb \u0aa4\u0ac1\u0a82 \u0a8f\u0aa8\u0ac7 \u0a9a\u0ac7\u0aa4\u0ab5\u0aa3\u0ac0 \u0a86\u0aaa. \u0a9c\u0acb \u0a8f \u0ab5\u0acd\u0aaf\u0a95\u0acd\u0aa4\u0abf \u0aa6\u0ab2\u0ac0\u0ab2\u0aac\u0abe\u0a9c\u0ac0 \u0a95\u0ab0\u0ab5\u0abe\u0aa8\u0ac1\u0a82 \u0a95\u0abe\u0ab0\u0aa3 \u0a9a\u0abe\u0ab2\u0ac1 \u0ab0\u0abe\u0a96\u0ac7, \u0aa4\u0acb \u0aab\u0ab0\u0ac0 \u0a8f\u0a95 \u0ab5\u0abe\u0ab0 \u0a8f\u0aa8\u0ac7 \u0a9a\u0ac7\u0aa4\u0ab5\u0a9c\u0ac7. \u0aa4\u0ac7\u0aae \u0a9b\u0aa4\u0abe\u0a82 \u0a9c\u0acb \u0aa4\u0ac7 \u0aa6\u0ab2\u0ac0\u0ab2\u0aac\u0abe\u0a9c\u0ac0 \u0a95\u0ab0\u0ab5\u0abe\u0aa8\u0ac1\u0a82 \u0a95\u0abe\u0ab0\u0aa3 \u0a9a\u0abe\u0ab2\u0ac1 \u0a9c \u0ab0\u0abe\u0a96\u0ac7, \u0aa4\u0acb \u0aa4\u0ac7 \u0aae\u0abe\u0aa3\u0ab8 \u0ab8\u0abe\u0aa5\u0ac7 \u0a95\u0acb\u0a88 \u0ab8\u0a82\u0aac\u0a82\u0aa7 \u0ab0\u0abe\u0a96\u0aa4\u0acb \u0aa8\u0ab9\u0abf."},{"Verseid":"55002010","Verse":"\u0aa4\u0ac1\u0a82 \u0a9c\u0abe\u0aa3\u0ac7 \u0a9b\u0ac7 \u0a95\u0ac7 \u0a8f\u0ab5\u0ac0 \u0ab5\u0acd\u0aaf\u0a95\u0acd\u0aa4\u0abf \u0aa6\u0ac1\u0ab7\u0acd\u0a9f \u0a85\u0aa8\u0ac7 \u0aaa\u0abe\u0aaa\u0ac0 \u0ab9\u0acb\u0aaf \u0a9b\u0ac7. \u0aa4\u0ac7\u0aa8\u0abe\u0a82 \u0aaa\u0abe\u0aaa \u0a9c \u0ab8\u0abe\u0aac\u0abf\u0aa4 \u0a95\u0ab0\u0ac7 \u0a9b\u0ac7 \u0a95\u0ac7 \u0aa4\u0ac7 \u0a96\u0acb\u0a9f\u0acb \u0a9b\u0ac7."},{"Verseid":"55002011","Verse":"\u0ab9\u0ac1\u0a82 \u0a86\u0ab0\u0acd\u0aa4\u0abf\u0aae\u0abe\u0ab8 \u0a85\u0aa8\u0ac7 \u0aa4\u0ac1\u0a96\u0abf\u0a95\u0ab8\u0aa8\u0ac7 \u0aa4\u0abe\u0ab0\u0ac0 \u0aaa\u0abe\u0ab8\u0ac7 \u0aae\u0acb\u0a95\u0ab2\u0ac0\u0ab6. \u0a9c\u0acd\u0aaf\u0abe\u0ab0\u0ac7 \u0aa4\u0ac7\u0a93\u0aa8\u0ac7 \u0ab9\u0ac1\u0a82 \u0aa4\u0acd\u0aaf\u0abe\u0a82 \u0aae\u0acb\u0a95\u0ab2\u0ac1\u0a82 \u0aa4\u0acd\u0aaf\u0abe\u0ab0\u0ac7, \u0aa4\u0ac1\u0a82 \u0aa8\u0abf\u0a95\u0acb\u0aaa\u0ac1\u0ab2\u0abf\u0ab8\u0aae\u0abe\u0a82 \u0aae\u0abe\u0ab0\u0ac0 \u0aaa\u0abe\u0ab8\u0ac7 \u0a86\u0ab5\u0ab5\u0abe\u0aa8\u0acb \u0aaa\u0acd\u0ab0\u0aaf\u0aa4\u0acd\u0aa8 \u0a95\u0ab0\u0a9c\u0ac7. \u0a86 \u0ab6\u0abf\u0aaf\u0abe\u0ab3\u0abe \u0aa6\u0ab0\u0aae\u0acd\u0aaf\u0abe\u0aa8 \u0aa4\u0acd\u0aaf\u0abe\u0a82 \u0ab0\u0ab9\u0ac7\u0ab5\u0abe\u0aa8\u0ac1\u0a82 \u0aae\u0ac7\u0a82 \u0aa8\u0a95\u0acd\u0a95\u0ac0 \u0a95\u0ab0\u0acd\u0aaf\u0ac1 \u0a9b\u0ac7."},{"Verseid":"55002012","Verse":"\u0aa4\u0acd\u0aaf\u0abe\u0a82\u0aa5\u0ac0 \u0a9d\u0ac7\u0aa8\u0abe\u0ab8 \u0ab6\u0abe\u0ab8\u0acd\u0aa4\u0acd\u0ab0\u0ac0 \u0a85\u0aa8\u0ac7 \u0a85\u0aaa\u0acb\u0ab2\u0acb\u0ab8 \u0aaa\u0acd\u0ab0\u0ab5\u0abe\u0ab8 \u0a95\u0ab0\u0ab5\u0abe\u0aa8\u0abe \u0a9b\u0ac7. \u0aa4\u0abe\u0ab0\u0abe\u0aa5\u0ac0 \u0aa5\u0a88 \u0ab6\u0a95\u0ac7 \u0a8f\u0a9f\u0ab2\u0ac0 \u0aac\u0aa7\u0ac0\u0a9c \u0aae\u0aa6\u0aa6 \u0aa4\u0ac1\u0a82 \u0a8f\u0aae\u0aa8\u0abe \u0aaa\u0acd\u0ab0\u0ab5\u0abe\u0ab8 \u0aae\u0abe\u0a9f\u0ac7 \u0a95\u0ab0\u0a9c\u0ac7. \u0a9c\u0ab0\u0ac1\u0a82\u0ab0 \u0ab9\u0acb\u0aaf \u0a8f\u0ab5\u0ac0 \u0aa6\u0ab0\u0ac7\u0a95 \u0ab5\u0ab8\u0acd\u0aa4\u0ac1 \u0a8f\u0aae\u0aa8\u0ac7 \u0aae\u0ab3\u0ac0 \u0ab0\u0ab9\u0ac7 \u0a8f\u0aa8\u0ac0 \u0aa4\u0ac1\u0a82 \u0a96\u0abe\u0aa4\u0ab0\u0ac0 \u0a95\u0ab0\u0a9c\u0ac7."},{"Verseid":"55002013","Verse":"\u0a86\u0aaa\u0aa3\u0abe \u0ab2\u0acb\u0a95\u0acb\u0a8f \u0ab8\u0abe\u0ab0\u0abe \u0a95\u0abe\u0aae\u0acb \u0a95\u0ab0\u0ab5\u0abe \u0aae\u0abe\u0a9f\u0ac7 \u0aa4\u0ac7\u0aae\u0aa8\u0abe \u0a9c\u0ac0\u0ab5\u0aa8\u0aa8\u0acb \u0a89\u0aaa\u0aaf\u0acb\u0a97 \u0a95\u0ab0\u0ab5\u0abe\u0aa8\u0ac1\u0a82 \u0ab6\u0ac0\u0a96\u0ab5\u0ac1\u0a82 \u0a9c \u0aaa\u0aa1\u0ab6\u0ac7. \u0a9c\u0ac7 \u0ab2\u0acb\u0a95\u0acb\u0aa8\u0ac7 \u0a9c\u0ab0\u0ac1\u0a82\u0ab0 \u0ab9\u0acb\u0aaf \u0a8f\u0ab5\u0abe\u0aa8\u0ac1\u0a82 \u0aa4\u0ac7\u0a93\u0a8f \u0aad\u0ab2\u0ac1\u0a82 \u0a95\u0ab0\u0ab5\u0ac1\u0a82 \u0a9c\u0acb\u0a88\u0a8f. \u0aa4\u0ac7 \u0aaa\u0a9b\u0ac0 \u0aa4\u0ac7 \u0ab2\u0acb\u0a95\u0acb\u0aa8\u0abe \u0a9c\u0ac0\u0ab5\u0aa8 \u0aa8\u0a95\u0abe\u0aae\u0abe \u0aa8\u0ab9\u0abf \u0ab0\u0ab9\u0ac7."},{"Verseid":"55002014","Verse":"\u0a85\u0ab9\u0ac0\u0a82 \u0aae\u0abe\u0ab0\u0ac0 \u0ab8\u0abe\u0aa5\u0ac7\u0aa8\u0abe \u0aac\u0aa7\u0abe \u0ab2\u0acb\u0a95\u0acb \u0aa4\u0aa8\u0ac7 \u0a95\u0acd\u0ab7\u0ac7\u0aae\u0a95\u0ac1\u0ab6\u0ab3 \u0a95\u0ab9\u0ac7 \u0a9b\u0ac7. \u0ab5\u0abf\u0ab6\u0acd\u0ab5\u0abe\u0ab8\u0aae\u0abe\u0a82\u0aa8\u0abe \u0a9c\u0ac7\u0a93 \u0a86\u0aaa\u0aa3\u0abe \u0aaa\u0ab0 \u0aaa\u0acd\u0ab0\u0ac7\u0aae \u0ab0\u0abe\u0a96\u0ac7 \u0a9b\u0ac7 \u0aa4\u0ac7\u0aae\u0aa8\u0ac7 \u0aa4\u0ac1\u0a82 \u0a95\u0acd\u0ab7\u0ac7\u0aae\u0a95\u0ac1\u0ab6\u0ab3 \u0a95\u0ab9\u0ac7\u0a9c\u0ac7.\u0aa4\u0aae \u0ab8\u0ab0\u0acd\u0ab5 \u0aaa\u0ab0 \u0a95\u0ac3\u0aaa\u0abe \u0aa5\u0abe\u0a93. \ufeff"}]}]}