{"Chapter":[{"Verse":[{"Verseid":"56000000","Verse":"\u0a85\u0aae\u0abe\u0ab0\u0abe \u0aaa\u0acd\u0ab0\u0abf\u0aaf \u0aae\u0abf\u0aa4\u0acd\u0ab0 \u0a85\u0aa8\u0ac7 \u0a85\u0aae\u0abe\u0ab0\u0abe \u0ab8\u0ab9-\u0a95\u0abe\u0ab0\u0acd\u0aaf\u0a95\u0ab0 \u0aab\u0abf\u0ab2\u0ac7\u0aae\u0acb\u0aa8\u0aa8\u0ac7 \u0a89\u0aa6\u0acd\u0aa6\u0ac7\u0ab6\u0ac0\u0aa8\u0ac7 \u0a86 \u0aaa\u0aa4\u0acd\u0ab0 \u0a9b\u0ac7.\u0a86\u0aaa\u0aa3\u0ac0 \u0aac\u0ab9\u0ac7\u0aa8 \u0a86\u0aab\u0abf\u0aaf\u0abe, \u0a85\u0aae\u0abe\u0ab0\u0abe \u0a8f\u0a95 \u0ab8\u0ab9-\u0a95\u0abe\u0ab0\u0acd\u0aaf\u0a95\u0ab0 \u0a86\u0ab0\u0acd\u0a96\u0abf\u0aaa\u0ab8, \u0a85\u0aa8\u0ac7 \u0aa4\u0abe\u0ab0\u0abe \u0a98\u0ab0\u0aae\u0abe\u0a82\u0aa8\u0ac0 \u0a8f\u0a95\u0aa4\u0acd\u0ab0\u0ac0\u0aa4 \u0aae\u0a82\u0aa1\u0ab3\u0ac0 \u0a8f \u0ab8\u0ab0\u0acd\u0ab5\u0aa8\u0abe\u0a82 \u0aa8\u0abe\u0aae \u0a9c\u0acb\u0a97 \u0ab2\u0a96\u0abf\u0aa4\u0a82\u0a97."},{"Verseid":"56000001","Verse":"\u0a96\u0acd\u0ab0\u0abf\u0ab8\u0acd\u0aa4 \u0a88\u0ab8\u0ac1\u0aa8\u0acb \u0aac\u0a82\u0aa6\u0ac0\u0ab5\u0abe\u0aa8 \u0aaa\u0abe\u0a89\u0ab2 \u0aa4\u0aa5\u0abe \u0a86\u0aaa\u0aa3\u0acb \u0aad\u0abe\u0a88 \u0aa4\u0abf\u0aae\u0acb\u0aa5\u0ac0."},{"Verseid":"56000002","Verse":"\u0aa6\u0ac7\u0ab5 \u0a86\u0aaa\u0aa3\u0abe \u0aaa\u0abf\u0aa4\u0abe \u0a85\u0aa8\u0ac7 \u0aaa\u0acd\u0ab0\u0aad\u0ac1 \u0a88\u0ab8\u0ac1 \u0a96\u0acd\u0ab0\u0abf\u0ab8\u0acd\u0aa4 \u0aa4\u0ab0\u0aab\u0aa5\u0ac0 \u0aa4\u0aae\u0aa8\u0ac7 \u0a95\u0ac3\u0aaa\u0abe \u0aa4\u0aa5\u0abe \u0ab6\u0abe\u0a82\u0aa4\u0abf \u0aaa\u0acd\u0ab0\u0abe\u0aaa\u0acd\u0aa4 \u0aa5\u0abe\u0a93."},{"Verseid":"56000003","Verse":"\u0aae\u0abe\u0ab0\u0ac0 \u0aaa\u0acd\u0ab0\u0abe\u0ab0\u0acd\u0aa5\u0aa8\u0abe\u0a93\u0aae\u0abe\u0a82 \u0ab9\u0ac1\u0a82 \u0aa4\u0aa8\u0ac7 \u0aaf\u0abe\u0aa6 \u0a95\u0ab0\u0ac1\u0a82 \u0a9b\u0ac1\u0a82. \u0a85\u0aa8\u0ac7 \u0aa4\u0abe\u0ab0\u0abe \u0aae\u0abe\u0a9f\u0ac7 \u0ab9\u0ac1\u0a82 \u0ab9\u0a82\u0aae\u0ac7\u0ab6\u0abe \u0aae\u0abe\u0ab0\u0abe \u0aa6\u0ac7\u0ab5\u0aa8\u0ac0 \u0a86\u0aad\u0abe\u0ab0\u0ab8\u0acd\u0aa4\u0ac1\u0aa4\u0abf \u0a95\u0ab0\u0ac1\u0a82 \u0a9b\u0ac1\u0a82."},{"Verseid":"56000004","Verse":"\u0aa6\u0ac7\u0ab5 \u0a85\u0aa8\u0ac7 \u0ab8\u0ab0\u0acd\u0ab5 \u0ab8\u0a82\u0aa4\u0acb \u0aae\u0abe\u0a9f\u0ac7 \u0aa4\u0aa8\u0ac7 \u0a9c\u0ac7 \u0aaa\u0acd\u0ab0\u0ac7\u0aae \u0a9b\u0ac7 \u0a85\u0aa8\u0ac7 \u0aaa\u0acd\u0ab0\u0aad\u0ac1 \u0a88\u0ab8\u0ac1\u0aae\u0abe\u0a82 \u0aa4\u0aa8\u0ac7 \u0ab5\u0abf\u0ab6\u0acd\u0ab5\u0abe\u0ab8 \u0a9b\u0ac7, \u0aa4\u0ac7 \u0ab5\u0abf\u0ab7\u0ac7 \u0aae\u0ac7\u0a82 \u0ab8\u0abe\u0a82\u0aad\u0ab3\u0acd\u0aaf\u0ac1\u0a82 \u0a9b\u0ac7. \u0a85\u0aa8\u0ac7 \u0aa4\u0abe\u0ab0\u0abe \u0a8f \u0ab5\u0abf\u0ab6\u0acd\u0ab5\u0abe\u0ab8 \u0a85\u0aa8\u0ac7 \u0aaa\u0acd\u0ab0\u0ac7\u0aae \u0aac\u0aa6\u0ab2 \u0ab9\u0ac1\u0a82 \u0aa6\u0ac7\u0ab5\u0aa8\u0ac0 \u0a86\u0aad\u0abe\u0ab0\u0ab8\u0acd\u0aa4\u0ac1\u0aa4\u0abf \u0a95\u0ab0\u0ac1\u0a82 \u0a9b\u0ac1\u0a82."},{"Verseid":"56000005","Verse":"\u0aae\u0abe\u0ab0\u0ac0 \u0aaa\u0acd\u0ab0\u0abe\u0ab0\u0acd\u0aa5\u0aa8\u0abe \u0a9b\u0ac7 \u0a95\u0ac7 \u0a9c\u0ac7 \u0ab5\u0abf\u0ab6\u0acd\u0ab5\u0abe\u0ab8\u0aae\u0abe\u0a82 \u0aa4\u0ac1\u0a82 \u0ab8\u0ab9\u0aad\u0abe\u0a97\u0ac0 \u0aa5\u0aaf\u0acb \u0a9b\u0ac7 \u0aa4\u0ac7\u0aa8\u0ac7 \u0ab2\u0ac0\u0aa7\u0ac7 \u0a96\u0acd\u0ab0\u0abf\u0ab8\u0acd\u0aa4\u0aa8\u0ac0 \u0aa6\u0ab0\u0ac7\u0a95 \u0ab8\u0abe\u0ab0\u0ac0 \u0aac\u0abe\u0aac\u0aa4 \u0a86\u0aaa\u0aa3\u0abe\u0aae\u0abe\u0a82 \u0a9b\u0ac7 \u0aa4\u0ac7 \u0a86\u0aaa\u0aa3\u0aa8\u0ac7 \u0a96\u0acd\u0ab0\u0abf\u0ab8\u0acd\u0aa4 \u0aa4\u0ab0\u0aab \u0aa6\u0acb\u0ab0\u0ac0 \u0a9c\u0abe\u0aaf \u0a9b\u0ac7 \u0aa4\u0ac7 \u0ab8\u0abe\u0ab0\u0ac0 \u0aac\u0abe\u0aac\u0aa4 \u0aa4\u0ac1\u0a82 \u0ab8\u0aae\u0a9c\u0ac0 \u0ab6\u0a95\u0ac0\u0ab6."},{"Verseid":"56000006","Verse":"\u0aae\u0abe\u0ab0\u0abe \u0aad\u0abe\u0a88, \u0aa4\u0ac7\u0a82 \u0aa6\u0ac7\u0ab5\u0aa8\u0abe \u0ab2\u0acb\u0a95\u0acb \u0aaa\u0acd\u0ab0\u0aa4\u0acd\u0aaf\u0ac7 \u0aaa\u0ac1\u0ab7\u0acd\u0a95\u0ab3 \u0aaa\u0acd\u0ab0\u0ac7\u0aae \u0aa6\u0ab0\u0acd\u0ab6\u0abe\u0ab5\u0acd\u0aaf\u0acb \u0a9b\u0ac7. \u0aa4\u0ac7\u0a82 \u0aa4\u0ac7\u0a93\u0aa8\u0ac7 \u0ab8\u0ac1\u0a96\u0ac0 \u0a95\u0ab0\u0acd\u0aaf\u0abe \u0a9b\u0ac7. \u0a86\u0aa5\u0ac0 \u0aae\u0abe\u0ab0\u0abe \u0aae\u0aa8\u0aa8\u0ac7 \u0a96\u0ac2\u0aac \u0a9c \u0a86\u0aa8\u0a82\u0aa6 \u0aa4\u0aa5\u0abe \u0aa6\u0abf\u0ab2\u0abe\u0ab8\u0acb \u0aae\u0ab3\u0acd\u0aaf\u0acb \u0a9b\u0ac7."},{"Verseid":"56000007","Verse":"\u0a8f\u0a95 \u0aac\u0abe\u0aac\u0aa4 \u0a9b\u0ac7 \u0a95\u0ac7 \u0a9c\u0ac7 \u0aa4\u0abe\u0ab0\u0ac7 \u0a95\u0ab0\u0ab5\u0abe\u0aa8\u0ac0 \u0a9b\u0ac7 \u0a85\u0aa8\u0ac7 \u0a96\u0acd\u0ab0\u0abf\u0ab8\u0acd\u0aa4\u0aae\u0abe\u0a82 \u0aa4\u0abe\u0ab0\u0abe \u0aaa\u0acd\u0ab0\u0ac7\u0aae\u0aa8\u0ac7 \u0a95\u0abe\u0ab0\u0aa3\u0ac7 \u0aa4\u0aa8\u0ac7 \u0aa4\u0ac7 \u0a95\u0ab0\u0ab5\u0abe\u0aa8\u0ac0 \u0a86\u0a9c\u0acd\u0a9e\u0abe \u0a86\u0aaa\u0ab5\u0abe\u0aa8\u0ac0 \u0aae\u0aa8\u0ac7 \u0a9b\u0ac2\u0a9f \u0a9b\u0ac7."},{"Verseid":"56000008","Verse":"\u0aaa\u0aa3 \u0ab9\u0ac1\u0a82 \u0aa4\u0aa8\u0ac7 \u0a86\u0a9c\u0acd\u0a9e\u0abe \u0a95\u0ab0\u0aa4\u0acb \u0aa8\u0aa5\u0ac0; \u0ab9\u0ac1\u0a82 \u0aa4\u0acb \u0aa4\u0aa8\u0ac7 \u0aa4\u0ac7 \u0a95\u0abe\u0aae \u0a95\u0ab0\u0ab5\u0abe \u0a9c\u0aa3\u0abe\u0ab5\u0ac1\u0a82 \u0a9b\u0ac1\u0a82. \u0ab9\u0ac1\u0a82 \u0aaa\u0abe\u0a89\u0ab2 \u0a9b\u0ac1\u0a82, \u0ab9\u0ab5\u0ac7 \u0ab9\u0ac1\u0a82 \u0ab5\u0ac3\u0aa6\u0acd\u0aa7 \u0aa5\u0aaf\u0acb \u0a9b\u0ac1\u0a82, \u0a85\u0aa8\u0ac7 \u0a96\u0acd\u0ab0\u0abf\u0ab8\u0acd\u0aa4 \u0a88\u0ab8\u0ac1\u0aa8\u0abe \u0a95\u0abe\u0ab0\u0aa3\u0ac7 \u0ab9\u0ac1\u0a82 \u0a95\u0ac7\u0aa6\u0ac0 \u0aa5\u0aaf\u0acb \u0a9b\u0ac1\u0a82."},{"Verseid":"56000009","Verse":"\u0aae\u0abe\u0ab0\u0abe \u0aaa\u0ac1\u0aa4\u0acd\u0ab0 \u0ab8\u0aae\u0abe\u0aa8 \u0a93\u0aa8\u0ac7\u0ab8\u0abf\u0aae\u0ab8 \u0ab5\u0abf\u0ab7\u0ac7 \u0ab9\u0ac1\u0a82 \u0aa4\u0aa8\u0ac7 \u0a95\u0ab9\u0ac1\u0a82 \u0a9b\u0ac1\u0a82. \u0ab9\u0ac1\u0a82 \u0a9c\u0acd\u0aaf\u0abe\u0ab0\u0ac7 \u0a95\u0ac7\u0aa6\u0aae\u0abe\u0a82 \u0ab9\u0aa4\u0acb \u0aa4\u0acd\u0aaf\u0abe\u0ab0\u0ac7 \u0aa4\u0ac7 \u0aae\u0abe\u0ab0\u0acb \u0aa7\u0ab0\u0acd\u0aae\u0aaa\u0ac1\u0aa4\u0acd\u0ab0 \u0aa5\u0aaf\u0acb \u0a9b\u0ac7."},{"Verseid":"56000010","Verse":"\u0aad\u0ac2\u0aa4\u0a95\u0abe\u0ab3\u0aae\u0abe\u0a82 \u0aa4\u0acb \u0aa4\u0ac7 \u0aa4\u0abe\u0ab0\u0abe\u0a82 \u0aae\u0abe\u0a9f\u0ac7 \u0aa8\u0a95\u0abe\u0aae\u0acb \u0a9c \u0ab9\u0aa4\u0acb. \u0aaa\u0ab0\u0a82\u0aa4\u0ac1 \u0aa4\u0ac7 \u0ab9\u0ab5\u0ac7 \u0a86\u0aaa\u0aa3\u0abe \u0aac\u0a82\u0aa8\u0ac7 \u0aae\u0abe\u0a9f\u0ac7 \u0a89\u0aaa\u0aaf\u0acb\u0a97\u0ac0 \u0aac\u0aa8\u0acd\u0aaf\u0acb \u0a9b\u0ac7."},{"Verseid":"56000011","Verse":"\u0ab9\u0ac1\u0a82 \u0aa4\u0abe\u0ab0\u0ac0 \u0aaa\u0abe\u0ab8\u0ac7 \u0aa4\u0ac7\u0aa8\u0ac7 \u0aaa\u0abe\u0a9b\u0acb \u0aae\u0acb\u0a95\u0ab2\u0ac1\u0a82 \u0a9b\u0ac1\u0a82. \u0aae\u0abe\u0ab0\u0ac1\u0a82 \u0aaa\u0acb\u0aa4\u0abe\u0aa8\u0ac1\u0a82 \u0ab9\u0ac8\u0aaf\u0ac1\u0a82 \u0ab9\u0ac1\u0a82 \u0aa4\u0ac7\u0aa8\u0ac0 \u0ab8\u0abe\u0aa5\u0ac7 \u0aae\u0acb\u0a95\u0ab2\u0ac1\u0a82 \u0a9b\u0ac1\u0a82."},{"Verseid":"56000012","Verse":"\u0ab8\u0ac1\u0ab5\u0abe\u0ab0\u0acd\u0aa4\u0abe\u0aa8\u0ac7 \u0a95\u0abe\u0ab0\u0aa3\u0ac7 \u0ab9\u0ac1\u0a82 \u0a9c\u0acd\u0aaf\u0abe\u0ab0\u0ac7 \u0a9c\u0ac7\u0ab2\u0aae\u0abe\u0a82 \u0a9b\u0ac1\u0a82 \u0a8f\u0ab5\u0abe \u0ab8\u0aae\u0aaf\u0ac7 \u0aa4\u0ac7 \u0aae\u0aa8\u0ac7 \u0aae\u0aa6\u0aa6\u0ab0\u0ac1\u0a82\u0aaa \u0aa5\u0abe\u0aaf, \u0a8f \u0aae\u0abe\u0a9f\u0ac7 \u0ab9\u0ac1\u0a82 \u0aa4\u0ac7\u0aa8\u0ac7 \u0aae\u0abe\u0ab0\u0ac0 \u0aaa\u0abe\u0ab8\u0ac7 \u0a9c \u0a85\u0ab9\u0ac0\u0a82 \u0ab0\u0abe\u0a96\u0ab5\u0abe \u0a88\u0a9a\u0acd\u0a9b\u0aa4\u0acb \u0ab9\u0aa4\u0acb. \u0aae\u0aa8\u0ac7 \u0aae\u0aa6\u0aa6 \u0a95\u0ab0\u0aa4\u0abe\u0a82 \u0a95\u0ab0\u0aa4\u0abe\u0a82 \u0a8f \u0aa4\u0abe\u0ab0\u0ac0 \u0a9c \u0ab8\u0ac7\u0ab5\u0abe \u0a95\u0ab0\u0ac7."},{"Verseid":"56000013","Verse":"\u0aaa\u0ab0\u0a82\u0aa4\u0ac1 \u0a8f \u0aae\u0abe\u0a9f\u0ac7 \u0aa4\u0aa8\u0ac7 \u0a85\u0a97\u0abe\u0a89\u0aa5\u0ac0 \u0aaa\u0ac2\u0a9b\u0aaf\u0abe \u0ab5\u0abf\u0aa8\u0abe \u0a95\u0a88 \u0aaa\u0aa3 \u0a95\u0ab0\u0ab5\u0ac1\u0a82 \u0aae\u0aa8\u0ac7 \u0aa8 \u0a97\u0aae\u0ac7. \u0aa4\u0abe\u0ab0\u0ac0 \u0aaa\u0ab0 \u0aa6\u0aac\u0abe\u0aa3 \u0a95\u0ab0\u0ac0\u0aa8\u0ac7 \u0a95\u0abe\u0aae \u0ab8\u0acb\u0a82\u0aaa\u0ac1 \u0a9b\u0ac1\u0a82 \u0a8f\u0aae \u0aa8\u0ab9\u0abf \u0aaa\u0ab0\u0a82\u0aa4\u0ac1 \u0aae\u0abe\u0ab0\u0abe \u0aae\u0abe\u0a9f\u0ac7 \u0aa4\u0ac1\u0a82 \u0a9c\u0ac7 \u0a95\u0a82\u0a88 \u0ab8\u0abe\u0ab0\u0ac1\u0a82 \u0a95\u0ab0\u0ac7 \u0aa4\u0ac7 \u0aa4\u0abe\u0ab0\u0ac0 \u0ab8\u0acd\u0ab5\u0ac7\u0a9a\u0acd\u0a9b\u0abe\u0aa5\u0ac0 \u0aa5\u0abe\u0aaf \u0a8f\u0aae \u0ab9\u0ac1\u0a82 \u0a88\u0a9a\u0acd\u0a9b\u0ac1\u0a82 \u0a9b\u0ac1\u0a82."},{"Verseid":"56000014","Verse":"\u0a93\u0aa8\u0ac7\u0ab8\u0abf\u0aae\u0ab8 \u0aa5\u0acb\u0aa1\u0abe \u0ab8\u0aae\u0aaf \u0aae\u0abe\u0a9f\u0ac7 \u0aa4\u0abe\u0ab0\u0abe\u0aa5\u0ac0 \u0a9b\u0ac2\u0a9f\u0acb \u0aaa\u0aa1\u0ac0 \u0a97\u0aaf\u0acb \u0ab9\u0aa4\u0acb, \u0a8f\u0ab5\u0ac1\u0a82 \u0a95\u0aa6\u0abe\u0a9a \u0a8f\u0a9f\u0ab2\u0abe \u0aae\u0abe\u0a9f\u0ac7 \u0aac\u0aa8\u0acd\u0aaf\u0ac1\u0a82 \u0a95\u0ac7 \u0aa4\u0ac7 \u0a9c\u0acd\u0aaf\u0abe\u0ab0\u0ac7 \u0aaa\u0abe\u0a9b\u0acb \u0a86\u0ab5\u0ac7 \u0aa4\u0acd\u0aaf\u0abe\u0ab0\u0ac7 \u0ab9\u0a82\u0aae\u0ac7\u0ab6\u0aa8\u0ac7 \u0aae\u0abe\u0a9f\u0ac7 \u0aa4\u0abe\u0ab0\u0acb \u0aa5\u0a88\u0aa8\u0ac7 \u0ab0\u0ab9\u0ac7."},{"Verseid":"56000015","Verse":"\u0aa6\u0abe\u0ab8 \u0aa4\u0ab0\u0ac0\u0a95\u0ac7 \u0aa8\u0ab9\u0abf, \u0aaa\u0ab0\u0a82\u0aa4\u0ac1 \u0aa6\u0abe\u0ab8 \u0a95\u0ab0\u0aa4\u0abe\u0a82 \u0a95\u0a82\u0a88\u0a95 \u0ab5\u0aa7\u0abe\u0ab0\u0ac7 \u0ab8\u0abe\u0ab0\u0acb, \u0ab5\u0ab9\u0abe\u0ab2\u0abe \u0aad\u0abe\u0a88 \u0aa4\u0ab0\u0ac0\u0a95\u0ac7 \u0ab9\u0ac1\u0a82 \u0aa4\u0ac7\u0aa8\u0ac7 \u0a96\u0ac2\u0aac \u0aaa\u0acd\u0ab0\u0ac7\u0aae \u0a95\u0ab0\u0ac1\u0a82 \u0a9b\u0ac1\u0a82. \u0aaa\u0ab0\u0a82\u0aa4\u0ac1 \u0aa4\u0ac1\u0a82 \u0a8f\u0aa8\u0ac7 \u0ab5\u0aa7\u0abe\u0ab0\u0ac7 \u0aaa\u0acd\u0ab0\u0ac7\u0aae \u0a95\u0ab0\u0ac0\u0ab6. \u0a95\u0ac7\u0ab5\u0ab3 \u0a8f\u0a95 \u0aae\u0aa8\u0ac1\u0ab7\u0acd\u0aaf\u0aa8\u0abe \u0ab0\u0ac2\u0aaa\u0ac7 \u0a85\u0aa8\u0ac7 \u0aaa\u0acd\u0ab0\u0aad\u0ac1\u0aae\u0abe\u0a82 \u0ab8\u0acd\u0aa5\u0abf\u0ab0 \u0a8f\u0a95 \u0a96\u0acd\u0ab0\u0abf\u0ab8\u0acd\u0aa4\u0ac0 \u0aad\u0abe\u0a88 \u0aa4\u0ab0\u0ac0\u0a95\u0ac7 \u0aaa\u0acd\u0ab0\u0ac7\u0aae \u0a95\u0ab0\u0a9c\u0ac7."},{"Verseid":"56000016","Verse":"\u0a9c\u0acb \u0aa4\u0abe\u0ab0\u0abe \u0aae\u0abf\u0aa4\u0acd\u0ab0 \u0aa4\u0ab0\u0ac0\u0a95\u0ac7 \u0aa4\u0ac1\u0a82 \u0aae\u0aa8\u0ac7 \u0ab8\u0acd\u0ab5\u0ac0\u0a95\u0abe\u0ab0\u0aa4\u0acb \u0ab9\u0acb\u0aaf \u0aa4\u0acb, \u0aa4\u0ac1\u0a82 \u0a93\u0aa8\u0ac7\u0ab8\u0abf\u0aae\u0ab8\u0aa8\u0ac7 \u0aab\u0ab0\u0ac0 \u0aaa\u0abe\u0a9b\u0acb \u0a85\u0aaa\u0aa8\u0abe\u0ab5\u0ac0 \u0ab2\u0ac7\u0a9c\u0ac7. \u0aae\u0abe\u0ab0\u0ac1\u0a82 \u0ab8\u0acd\u0ab5\u0abe\u0a97\u0aa4 \u0a95\u0ab0\u0ac7 \u0aa4\u0ac7\u0aae \u0aa4\u0ac1\u0a82 \u0a8f\u0aa8\u0ac7 \u0a86\u0ab5\u0a95\u0abe\u0ab0\u0a9c\u0ac7."},{"Verseid":"56000017","Verse":"\u0a93\u0aa8\u0ac7\u0ab8\u0abf\u0aae\u0ab8\u0ac7 \u0a9c\u0acb \u0aa4\u0abe\u0ab0\u0abe \u0aae\u0abe\u0a9f\u0ac7 \u0a95\u0a88\u0a95 \u0a96\u0acb\u0a9f\u0ac1\u0a82 \u0a95\u0ab0\u0acd\u0aaf\u0ac1 \u0ab9\u0acb\u0aaf \u0a85\u0aa5\u0ab5\u0abe \u0a9c\u0acb \u0aa4\u0ac7\u0aa3\u0ac7 \u0aa4\u0abe\u0ab0\u0ac1\u0a82 \u0aa6\u0ac7\u0ab5\u0ac1\u0a82 \u0a95\u0ab0\u0acd\u0aaf\u0ac1 \u0ab9\u0acb\u0aaf, \u0aa4\u0acb \u0aa4\u0ac7 \u0aae\u0abe\u0ab0\u0abe \u0a96\u0abe\u0aa4\u0ac7 \u0a89\u0aa7\u0abe\u0ab0\u0a9c\u0ac7."},{"Verseid":"56000018","Verse":"\u0ab9\u0ac1\u0a82 \u0aaa\u0abe\u0a89\u0ab2 \u0a9b\u0ac1\u0a82, \u0a85\u0aa8\u0ac7 \u0aae\u0abe\u0ab0\u0abe \u0aaa\u0acb\u0aa4\u0abe\u0aa8\u0abe \u0ab9\u0abe\u0aa5\u0ac7 \u0ab9\u0ac1\u0a82 \u0a86 \u0ab2\u0a96\u0ac0 \u0ab0\u0ab9\u0acd\u0aaf\u0acb \u0a9b\u0ac1\u0a82. \u0a93\u0aa8\u0ac7\u0ab8\u0abf\u0aae\u0ab8\u0aa8\u0ac1\u0a82 \u0a9c\u0ac7 \u0a95\u0abe\u0a82\u0a87 \u0aa6\u0ac7\u0ab5\u0ac1\u0a82 \u0ab9\u0acb\u0aaf \u0aa4\u0ac7 \u0ab9\u0ac1\u0a82 \u0aad\u0ab0\u0aaa\u0abe\u0a88 \u0a95\u0ab0\u0ac0 \u0a86\u0aaa\u0ac0\u0ab6. \u0a85\u0aa8\u0ac7 \u0a9c\u0acb \u0a95\u0ac7 \u0aa4\u0abe\u0ab0\u0abe \u0aaa\u0acb\u0aa4\u0abe\u0aa8\u0abe \u0a9c\u0ac0\u0ab5\u0aa8 \u0aae\u0abe\u0a9f\u0ac7 \u0aa4\u0ac1\u0a82 \u0aae\u0abe\u0ab0\u0acb \u0a95\u0ac7\u0a9f\u0ab2\u0acb \u0a8b\u0aa3\u0ac0 \u0a9b\u0ac1\u0a82, \u0aa4\u0ac7 \u0ab5\u0abf\u0ab6\u0ac7 \u0ab9\u0ac1\u0a82 \u0a95\u0ab6\u0ac1\u0a82 \u0a9c \u0aa8\u0aa5\u0ac0 \u0a95\u0ab9\u0ac7\u0aa4\u0acb."},{"Verseid":"56000019","Verse":"\u0aa4\u0ac7\u0aa5\u0ac0, \u0aae\u0abe\u0ab0\u0abe \u0aad\u0abe\u0a88, \u0aaa\u0acd\u0ab0\u0aad\u0ac1\u0aae\u0abe\u0a82 \u0aa4\u0ac1\u0a82 \u0aae\u0abe\u0ab0\u0ac0 \u0aae\u0abe\u0a9f\u0ac7 \u0a95\u0a88\u0a95 \u0a95\u0ab0\u0ac0 \u0aac\u0aa4\u0abe\u0ab5. \u0a96\u0acd\u0ab0\u0abf\u0ab8\u0acd\u0aa4\u0aae\u0abe\u0a82 \u0aae\u0abe\u0ab0\u0abe \u0ab9\u0acd\u0ab0\u0aa6\u0aaf\u0aa8\u0ac7 \u0aa4\u0ac1\u0a82 \u0ab6\u0abe\u0a82\u0aa4 \u0a95\u0ab0."},{"Verseid":"56000020","Verse":"\u0ab9\u0ac1\u0a82 \u0aa4\u0aa8\u0ac7 \u0a86 \u0aaa\u0aa4\u0acd\u0ab0 \u0ab2\u0a96\u0ac1\u0a82 \u0a9b\u0ac1\u0a82 \u0a95\u0abe\u0ab0\u0aa3 \u0aae\u0aa8\u0ac7 \u0a96\u0abe\u0aa4\u0ab0\u0ac0 \u0a9b\u0ac7 \u0a95\u0ac7 \u0ab9\u0ac1\u0a82 \u0a9c\u0ac7 \u0a87\u0a9a\u0acd\u0a9b\u0ac1\u0a82 \u0a9b\u0ac1\u0a82 \u0aa4\u0ac7 \u0a95\u0abe\u0aae \u0aa4\u0ac1\u0a82 \u0a95\u0ab0\u0ac0\u0ab6 \u0a9c. \u0ab9\u0ac1\u0a82 \u0a9c\u0abe\u0aa3\u0ac1\u0a82 \u0a9b\u0ac1\u0a82 \u0a95\u0ac7 \u0ab9\u0ac1\u0a82 \u0a9c\u0ac7 \u0a95\u0ab9\u0ac1\u0a82 \u0a9b\u0ac1\u0a82 \u0aa4\u0ac7 \u0a95\u0ab0\u0aa4\u0abe\u0a82 \u0aaa\u0aa3 \u0a95\u0a88\u0a95 \u0ab5\u0aa7\u0abe\u0ab0\u0ac7 \u0a95\u0ab0\u0ac0\u0ab6."},{"Verseid":"56000021","Verse":"\u0ab5\u0ab3\u0ac0, \u0aae\u0abe\u0ab0\u0ac7 \u0ab0\u0ab9\u0ac7\u0ab5\u0abe \u0aae\u0abe\u0a9f\u0ac7 \u0aaa\u0aa3 \u0a8f\u0a95 \u0a93\u0ab0\u0aa1\u0acb \u0aa4\u0ac1\u0a82 \u0aa4\u0ac8\u0aaf\u0abe\u0ab0 \u0a95\u0ab0\u0abe\u0ab5\u0ac0 \u0ab0\u0abe\u0a96\u0a9c\u0ac7. \u0aae\u0aa8\u0ac7 \u0a86\u0ab6\u0abe \u0a9b\u0ac7 \u0a95\u0ac7 \u0aa6\u0ac7\u0ab5 \u0aa4\u0abe\u0ab0\u0ac0 \u0aaa\u0acd\u0ab0\u0abe\u0ab0\u0acd\u0aa5\u0aa8\u0abe\u0a93\u0aa8\u0acb \u0aaa\u0acd\u0ab0\u0aa4\u0acd\u0aaf\u0ac1\u0aa4\u0ab0 \u0a86\u0aaa\u0ab6\u0ac7 \u0a85\u0aa8\u0ac7 \u0ab9\u0ac1\u0a82 \u0aa4\u0abe\u0ab0\u0ac0 \u0aaa\u0abe\u0ab8\u0ac7 \u0a86\u0ab5\u0ac0 \u0ab6\u0a95\u0ac0\u0ab6."},{"Verseid":"56000022","Verse":"\u0a96\u0acd\u0ab0\u0abf\u0ab8\u0acd\u0aa4 \u0a88\u0ab8\u0ac1 \u0aae\u0abe\u0a9f\u0ac7 \u0a95\u0ac7\u0aa6\u0ac0 \u0aac\u0aa8\u0ac7\u0ab2\u0acb \u0a8f\u0aaa\u0abe\u0aab\u0acd\u0ab0\u0abe\u0ab8 \u0aaa\u0aa3 \u0aae\u0abe\u0ab0\u0ac0 \u0ab8\u0abe\u0aa5\u0ac7 \u0a9b\u0ac7. \u0aa4\u0ac7 \u0aa4\u0aa8\u0ac7 \u0a95\u0acd\u0ab7\u0ac7\u0aae\u0a95\u0ac1\u0ab6\u0ab3 \u0a95\u0ab9\u0ac7 \u0a9b\u0ac7."},{"Verseid":"56000023","Verse":"\u0ab5\u0ab3\u0ac0 \u0aae\u0abe\u0ab0\u0acd\u0a95, \u0a85\u0ab0\u0abf\u0ab8\u0acd\u0aa4\u0abe\u0ab0\u0acd\u0a96\u0ab8, \u0aa6\u0ac7\u0aae\u0abe\u0ab8 \u0a85\u0aa8\u0ac7 \u0ab2\u0ac2\u0a95 \u0aaa\u0aa3 \u0aa4\u0aa8\u0ac7 \u0a95\u0acd\u0ab7\u0ac7\u0aae\u0a95\u0ac1\u0ab6\u0ab3 \u0a95\u0ab9\u0ac7 \u0a9b\u0ac7. \u0aa4\u0ac7\u0a93 \u0aae\u0abe\u0ab0\u0ac0 \u0ab8\u0abe\u0aa5\u0ac7\u0aa8\u0abe \u0a95\u0abe\u0ab0\u0acd\u0aaf\u0a95\u0ab0\u0acb \u0a9b\u0ac7."},{"Verseid":"56000024","Verse":"\u0a86\u0aaa\u0aa3\u0abe \u0aaa\u0acd\u0ab0\u0aad\u0ac1 \u0a88\u0ab8\u0ac1 \u0a96\u0acd\u0ab0\u0abf\u0ab8\u0acd\u0aa4\u0aa8\u0ac0 \u0a95\u0ac3\u0aaa\u0abe \u0aa4\u0aae\u0abe\u0ab0\u0abe \u0a86\u0aa4\u0acd\u0aae\u0abe \u0aaa\u0ab0 \u0aa5\u0abe\u0a93. \ufeff"}]}]}