{"Chapter":[{"Verse":[{"Verseid":"58000000","Verse":"\u0aa6\u0ac7\u0ab5\u0aa8\u0abe \u0aa4\u0aa5\u0abe \u0aaa\u0acd\u0ab0\u0aad\u0ac1 \u0a88\u0ab8\u0ac1 \u0a96\u0acd\u0ab0\u0abf\u0ab8\u0acd\u0aa4\u0aa8\u0abe \u0ab8\u0ac7\u0ab5\u0a95 \u0aaf\u0abe\u0a95\u0ac2\u0aac\u0aa8\u0ac0 \u0ab5\u0abf\u0ab6\u0acd\u0ab5\u0aae\u0abe\u0a82 \u0a9a\u0abe\u0ab0\u0ac7\u0aac\u0abe\u0a9c\u0ac1\u0a8f \u0ab5\u0abf\u0a96\u0ac7\u0ab0\u0abe\u0a88 \u0a97\u0aaf\u0ac7\u0ab2\u0abe\u0a82 \u0aaa\u0acd\u0ab0\u0aad\u0ac1\u0aa8\u0abe \u0ab2\u0acb\u0a95\u0acb\u0aa8\u0ac7 \u0ab6\u0ac1\u0aad\u0ac7\u0a9a\u0acd\u0a9b\u0abe."},{"Verseid":"58000001","Verse":"\u0aae\u0abe\u0ab0\u0abe \u0aad\u0abe\u0a88\u0a93 \u0a85\u0aa8\u0ac7 \u0aac\u0ab9\u0ac7\u0aa8\u0acb, \u0aa4\u0aae\u0aa8\u0ac7 \u0ab5\u0abf\u0ab5\u0abf\u0aa7 \u0a9c\u0abe\u0aa4\u0aa8\u0abe\u0a82 \u0aaa\u0ab0\u0ac0\u0a95\u0acd\u0ab7\u0aa3\u0acb \u0aa5\u0ab6\u0ac7. \u0aaa\u0ab0\u0a82\u0aa4\u0ac1 \u0aa4\u0aae\u0abe\u0ab0\u0ac7 \u0a98\u0aa3\u0abe \u0a86\u0aa8\u0a82\u0aa6\u0aa5\u0ac0 \u0ab0\u0ab9\u0ac7\u0ab5\u0ac1\u0a82."},{"Verseid":"58000002","Verse":"\u0ab6\u0abe \u0aae\u0abe\u0a9f\u0ac7? \u0a95\u0abe\u0ab0\u0aa3 \u0a95\u0ac7 \u0aa4\u0aae\u0ac7 \u0a8f \u0a9c\u0abe\u0aa3\u0acb \u0a9b\u0acb \u0a95\u0ac7 \u0aa4\u0aae\u0abe\u0ab0\u0acb \u0ab5\u0abf\u0ab6\u0acd\u0ab5\u0abe\u0ab8 \u0aaa\u0ab0\u0ac0\u0a95\u0acd\u0ab7\u0aa3\u0aae\u0abe\u0a82\u0aa5\u0ac0 \u0ab8\u0aab\u0ab3 \u0aa5\u0abe\u0aaf \u0a9b\u0ac7 \u0aa4\u0acd\u0aaf\u0abe\u0ab0\u0ac7 \u0aa4\u0aae\u0abe\u0ab0\u0ac0 \u0aa7\u0ac0\u0ab0\u0a9c \u0ab5\u0aa7\u0ac7 \u0a9b\u0ac7."},{"Verseid":"58000003","Verse":"\u0a85\u0aa8\u0ac7 \u0a85\u0a82\u0aa4 \u0ab8\u0ac1\u0aa7\u0ac0 \u0aa4\u0aae\u0abe\u0ab0\u0ac0 \u0aa7\u0ac0\u0ab0\u0a9c\u0aa8\u0ac7 \u0a9a\u0abe\u0ab2\u0ac1 \u0ab0\u0ab9\u0ac7\u0ab5\u0abe \u0aa6\u0acb.\u0a9c\u0ac7\u0aa5\u0ac0 \u0aa4\u0aae\u0ac7 \u0aaa\u0ac2\u0ab0\u0acd\u0aa3 \u0aac\u0aa8\u0acb. \u0aa4\u0aae\u0abe\u0ab0\u0ac7 \u0a9c\u0ac7\u0aa8\u0ac0 \u0a9c\u0ab0\u0ac2\u0ab0\u0ac0\u0aaf\u0abe\u0aa4 \u0a9b\u0ac7 \u0aa4\u0ac7\u0aa8\u0ac0 \u0a89\u0aa3\u0aaa \u0aa8 \u0ab0\u0ab9\u0ac7."},{"Verseid":"58000004","Verse":"\u0aaa\u0aa3 \u0a9c\u0acb \u0aa4\u0aae\u0abe\u0ab0\u0abe\u0aae\u0abe\u0aa5\u0ac0 \u0a95\u0acb\u0a88\u0aa8\u0ac7 \u0aaa\u0aa3 \u0aa1\u0abe\u0ab9\u0aaa\u0aa3\u0aa8\u0ac0 \u0a9c\u0ab0\u0ac1\u0a82\u0ab0 \u0ab9\u0ab6\u0ac7, \u0a85\u0aa8\u0ac7 \u0aa4\u0aae\u0ac7 \u0aa6\u0ac7\u0ab5 \u0aaa\u0abe\u0ab8\u0ac7 \u0aa4\u0ac7 \u0aae\u0abe\u0a9f\u0ac7 \u0aae\u0abe\u0a97\u0aa3\u0ac0 \u0a95\u0ab0\u0ab6\u0acb, \u0aa4\u0acb \u0aa4\u0ac7 \u0aa4\u0aae\u0aa8\u0ac7 \u0a86\u0aaa\u0ab6\u0ac7. \u0aa6\u0ac7\u0ab5 \u0ab8\u0ab0\u0acd\u0ab5\u0aa8\u0ac7 \u0a89\u0aa6\u0abe\u0ab0\u0aa4\u0abe\u0aa5\u0ac0 \u0aa0\u0aaa\u0a95\u0acb \u0a86\u0aaa\u0acd\u0aaf\u0abe \u0ab5\u0abf\u0aa8\u0abe \u0aa1\u0abe\u0ab9\u0aaa\u0aa3 \u0a86\u0aaa\u0ac7 \u0a9b\u0ac7."},{"Verseid":"58000005","Verse":"\u0aaa\u0ab0\u0a82\u0aa4\u0ac1 \u0aa6\u0ac7\u0ab5 \u0aaa\u0abe\u0ab8\u0ac7 \u0aa4\u0aae\u0ac7 \u0a9c\u0ac7 \u0a95\u0a88 \u0aaa\u0aa3 \u0aae\u0abe\u0a97\u0acb \u0aa4\u0acd\u0aaf\u0abe\u0ab0\u0ac7 \u0aa4\u0aae\u0abe\u0ab0\u0ac7 \u0a96\u0ac2\u0aac\u0a9c \u0ab5\u0abf\u0ab6\u0acd\u0ab5\u0abe\u0ab8\u0aa5\u0ac0 \u0a85\u0aa8\u0ac7 \u0aa4\u0aae\u0abe\u0ab0\u0abe \u0aae\u0aa8\u0aae\u0abe\u0a82 \u0ab6\u0a82\u0a95\u0abe \u0ab0\u0abe\u0a96\u0acd\u0aaf\u0abe \u0ab5\u0abf\u0aa8\u0abe \u0aae\u0abe\u0a97\u0ab5\u0ac1\u0a82 \u0a9c\u0acb\u0a88\u0a8f\u0ac7. \u0aa6\u0ac7\u0ab5 \u0ab5\u0abf\u0ab7\u0ac7 \u0a9c\u0ac7 \u0a95\u0acb\u0a88 \u0ab5\u0acd\u0aaf\u0a95\u0acd\u0aa4\u0abf \u0ab6\u0a82\u0a95\u0abe \u0a95\u0ab0\u0ac7 \u0a9b\u0ac7 \u0aa4\u0ac7 \u0aaa\u0ab5\u0aa8\u0aa8\u0abe \u0a89\u0a9b\u0ab3\u0aa4\u0abe \u0aa4\u0aa5\u0abe \u0ab8\u0aae\u0ac1\u0aa6\u0acd\u0aa7\u0aa8\u0abe\u0a82 \u0a8a\u0a9b\u0ab3\u0aa4\u0abe, \u0a85\u0aab\u0ab3\u0abe\u0aa4\u0abe \u0aae\u0acb\u0a82\u0a9c\u0abe \u0a9c\u0ac7\u0ab5\u0acb \u0a9b\u0ac7."},{"Verseid":"58000006","Verse":"\u0a9c\u0ac7 \u0ab5\u0acd\u0aaf\u0a95\u0acd\u0aa4\u0abf \u0ab6\u0a82\u0a95\u0abe \u0a95\u0ab0\u0ac7 \u0a9b\u0ac7 \u0aa4\u0ac7 \u0a8f\u0a95 \u0ab8\u0abe\u0aa5\u0ac7 \u0aac\u0ac7 \u0a9c\u0ac1\u0aa6\u0ac0 \u0a9c\u0ac1\u0aa6\u0ac0 \u0ab5\u0ab8\u0acd\u0aa4\u0ac1\u0a93\u0aa8\u0acb \u0ab5\u0abf\u0a9a\u0abe\u0ab0 \u0a95\u0ab0\u0ac7 \u0a9b\u0ac7, \u0a8f \u0ab6\u0ac1\u0a82 \u0a95\u0ab0\u0ac7 \u0a9b\u0ac7 \u0aa4\u0ac7 \u0ab5\u0abf\u0ab7\u0ac7 \u0aa4\u0ac7 \u0a95\u0a82\u0a88 \u0a9c \u0aa8\u0a95\u0acd\u0a95\u0ac0 \u0a95\u0ab0\u0ac0 \u0ab6\u0a95\u0aa4\u0acb \u0aa8\u0aa5\u0ac0."},{"Verseid":"58000007","Verse":"\u0a8f\u0ab5\u0abe \u0aae\u0abe\u0aa3\u0ab8\u0acb \u0aaa\u0acd\u0ab0\u0aad\u0ac1 \u0aaa\u0abe\u0ab8\u0ac7\u0aa5\u0ac0 \u0a95\u0a88\u0a95 \u0aae\u0ac7\u0ab3\u0ab5\u0ab6\u0ac7 \u0aa4\u0ac7\u0ab5\u0acb \u0ab5\u0abf\u0a9a\u0abe\u0ab0 \u0aaa\u0aa3 \u0aa8\u0abe \u0a95\u0ab0\u0ab5\u0acb \u0a9c\u0acb\u0a88\u0a8f."},{"Verseid":"58000008","Verse":"\u0a9c\u0acb \u0ab5\u0abf\u0ab6\u0acd\u0ab5\u0abe\u0ab8 \u0ab0\u0abe\u0a96\u0aa8\u0abe\u0ab0 \u0a97\u0ab0\u0ac0\u0aac \u0ab9\u0acb\u0aaf \u0aa4\u0acb, \u0aa4\u0ac7\u0aa3\u0ac7 \u0a97\u0ab0\u0acd\u0ab5 \u0ab2\u0ac7\u0ab5\u0acb \u0a9c\u0acb\u0a88\u0a8f\u0ac7 \u0a95\u0ac7\u0aae \u0a95\u0ac7 \u0aa6\u0ac7\u0ab5\u0ac7 \u0aa4\u0ac7\u0aa8\u0ac7 \u0a86\u0aa4\u0acd\u0aae\u0ac0\u0a95 \u0ab8\u0aae\u0ac3\u0aa6\u0acd\u0aa7\u0abf \u0a86\u0aaa\u0ac0 \u0a9b\u0ac7."},{"Verseid":"58000009","Verse":"\u0a9c\u0acb \u0a95\u0acb\u0a88 \u0ab5\u0abf\u0ab6\u0acd\u0ab5\u0abe\u0ab8\u0ac1 \u0aae\u0abe\u0aa3\u0ab8 \u0ab6\u0acd\u0ab0\u0ac0\u0aae\u0a82\u0aa4 \u0ab9\u0acb\u0aaf \u0aa4\u0acb \u0aa4\u0ac7\u0aa3\u0ac7 \u0a97\u0ab0\u0acd\u0ab5 \u0ab2\u0ac7\u0ab5\u0acb \u0a9c\u0acb\u0a88\u0a8f\u0ac7 \u0a95\u0ac7 \u0aa6\u0ac7\u0ab5\u0ac7 \u0aa4\u0ac7\u0aa8\u0ac7 \u0aac\u0aa4\u0abe\u0ab5\u0acd\u0aaf\u0ac1\u0a82 \u0a9b\u0ac7 \u0a95\u0ac7 \u0aa4\u0ac7 \u0a86\u0aa4\u0acd\u0aae\u0abe\u0aa5\u0ac0 \u0a97\u0ab0\u0ac0\u0aac \u0a9b\u0ac7. \u0a85\u0aa8\u0ac7 \u0a9c\u0a82\u0a97\u0ab2\u0aa8\u0abe\u0a82 \u0aab\u0ac2\u0ab2\u0aa8\u0ac0 \u0a9c\u0ac7\u0aae \u0aa4\u0ac7 \u0aae\u0ac3\u0aa4\u0acd\u0aaf\u0ac1 \u0aaa\u0abe\u0aae\u0ab6\u0ac7."},{"Verseid":"58000010","Verse":"\u0ab8\u0ac2\u0ab0\u0acd\u0aaf \u0a8a\u0a97\u0ac7 \u0a9b\u0ac7 \u0a85\u0aa8\u0ac7 \u0a97\u0ab0\u0aae\u0ac0 \u0ab5\u0aa7\u0aa4\u0ac0 \u0a9c\u0abe\u0aaf \u0a9b\u0ac7. \u0aa4\u0ac7\u0aa8\u0ac0 \u0a97\u0ab0\u0aae\u0ac0\u0aa5\u0ac0 \u0a9b\u0acb\u0aa1 \u0ab8\u0ac1\u0a95\u0abe\u0a87 \u0a9c\u0abe\u0aaf \u0a9b\u0ac7. \u0aab\u0ac2\u0ab2\u0acb \u0a96\u0ab0\u0ac0 \u0aaa\u0aa1\u0ac7 \u0a9b\u0ac7. \u0aab\u0ac2\u0ab2 \u0ab8\u0ac1\u0a82\u0aa6\u0ab0 \u0ab9\u0aa4\u0ac1\u0a82 \u0aaa\u0aa3 \u0aa4\u0ac7 \u0a95\u0ab0\u0aae\u0abe\u0a88 \u0a97\u0aaf\u0ac1\u0a82 \u0aa4\u0ac7\u0ab5\u0ac1\u0a82 \u0a9c \u0ab6\u0acd\u0ab0\u0ac0\u0aae\u0a82\u0aa4 \u0aae\u0abe\u0aa3\u0ab8 \u0aae\u0abe\u0a9f\u0ac7 \u0a9b\u0ac7. \u0a9c\u0acd\u0aaf\u0abe\u0ab0\u0ac7 \u0aa4\u0ac7 \u0aaa\u0acb\u0aa4\u0abe\u0aa8\u0abe \u0aa7\u0a82\u0aa7\u0abe \u0aae\u0abe\u0a9f\u0ac7 \u0aaf\u0acb\u0a9c\u0aa8\u0abe\u0a93 \u0a95\u0ab0\u0aa4\u0acb \u0ab9\u0ab6\u0ac7 \u0aa4\u0ac7 \u0a85\u0ab0\u0ab8\u0abe\u0aae\u0abe\u0a82 \u0aa4\u0acb \u0aa4\u0ac7 \u0aae\u0ac3\u0aa4\u0acd\u0aaf\u0ac1 \u0aaa\u0abe\u0aae\u0ab6\u0ac7."},{"Verseid":"58000011","Verse":"\u0a9c\u0ac7 \u0ab5\u0acd\u0aaf\u0a95\u0acd\u0aa4\u0abf \u0aaa\u0ab0\u0ac0\u0a95\u0acd\u0ab7\u0aa3\u0aae\u0abe\u0a82 \u0aaa\u0abe\u0ab0 \u0a8a\u0aa4\u0ab0\u0ac7 \u0a9b\u0ac7 \u0aa4\u0ac7 \u0ab8\u0ac1\u0a96\u0ac0 \u0aa5\u0abe\u0aaf \u0a9b\u0ac7. \u0a95\u0abe\u0ab0\u0aa3 \u0aaa\u0ab0\u0ac0\u0a95\u0acd\u0ab7\u0aa3\u0aae\u0abe\u0a82\u0aa5\u0ac0 \u0aaa\u0abe\u0ab0 \u0a8a\u0aa4\u0ab0\u0aa8\u0abe\u0ab0 \u0ab5\u0acd\u0aaf\u0a95\u0acd\u0aa4\u0abf \u0aa6\u0ac7\u0ab5\u0aae\u0abe\u0a82 \u0ab5\u0abf\u0ab6\u0acd\u0ab5\u0abe\u0ab8 \u0ab5\u0acd\u0aaf\u0a95\u0acd\u0aa4 \u0a95\u0ab0\u0ac7 \u0a9b\u0ac7. \u0aa4\u0ac7\u0aa5\u0ac0 \u0aa6\u0ac7\u0ab5 \u0aa4\u0ac7\u0aa8\u0ac7 \u0aac\u0aa6\u0ab2\u0abe\u0aae\u0abe\u0a82 \u0a85\u0aa8\u0a82\u0aa4\u0a9c\u0ac0\u0ab5\u0aa8 \u0a86\u0aaa\u0ab6\u0ac7. \u0aac\u0aa7\u0abe \u0ab2\u0acb\u0a95\u0acb \u0a9c\u0ac7 \u0aa6\u0ac7\u0ab5\u0aa8\u0ac7 \u0a9a\u0abe\u0ab9\u0ac7 \u0a9b\u0ac7 \u0aa4\u0ac7 \u0aa6\u0ab0\u0ac7\u0a95\u0aa8\u0ac7 \u0aa6\u0ac7\u0ab5\u0ac7 \u0a86 \u0ab5\u0a9a\u0aa8 \u0a86\u0aaa\u0acd\u0aaf\u0ac1\u0a82 \u0a9b\u0ac7."},{"Verseid":"58000012","Verse":"\u0a9c\u0acb \u0a95\u0acb\u0a88 \u0a96\u0ab0\u0abe\u0aac \u0a95\u0ab0\u0ab5\u0abe \u0ab2\u0ab2\u0a9a\u0abe\u0aaf, \u0aa4\u0acb \u0aa4\u0ac7\u0aa3\u0ac7 \u0a8f\u0aae \u0aa8 \u0a95\u0ab9\u0ac7\u0ab5\u0ac1\u0a82 \u0a9c\u0acb\u0a88\u0a8f\u0ac7 \u0a95\u0ac7, \u201c\u0aa6\u0ac7\u0ab5\u0ac7 \u0aae\u0abe\u0ab0\u0ac1\u0a82 \u0aaa\u0ab0\u0ac0\u0a95\u0acd\u0ab7\u0aa3 \u0a95\u0ab0\u0acd\u0aaf\u0ac1 \u0a9b\u0ac7.\u201d \u0a95\u0abe\u0ab0\u0aa3 \u0a95\u0ac7 \u0aa6\u0ac1\u0ab7\u0acd\u0a9f\u0aa4\u0abe\u0aa5\u0ac0 \u0aa6\u0ac7\u0ab5\u0aa8\u0ac1\u0a82 \u0a95\u0aa6\u0abe\u0aaa\u0abf \u0aaa\u0ab0\u0ac0\u0a95\u0acd\u0ab7\u0aa3 \u0aa5\u0aa4\u0ac1\u0a82 \u0aa8\u0aa5\u0ac0 \u0a95\u0abe\u0ab0\u0aa3 \u0a95\u0ac7 \u0aa6\u0ac7\u0ab5 \u0a96\u0ab0\u0abe\u0aac \u0a95\u0ab0\u0ab5\u0abe \u0a95\u0acb\u0a88\u0aa8\u0ac7 \u0aaa\u0ab0\u0ac0\u0a95\u0acd\u0ab7\u0aa3\u0aae\u0abe\u0a82 \u0aa8\u0abe\u0a96\u0aa4\u0acb \u0aa8\u0aa5\u0ac0."},{"Verseid":"58000013","Verse":"\u0aa6\u0ac1\u0ab7\u0acd\u0a9f \u0ab5\u0abe\u0ab8\u0aa8\u0abe\u0a93 \u0aae\u0abe\u0aa3\u0ab8\u0aa8\u0ac7 \u0ab2\u0ab2\u0a9a\u0abe\u0ab5\u0ac7 \u0a9b\u0ac7 \u0a85\u0aa8\u0ac7 \u0aa4\u0ac7\u0aa8\u0ac0 \u0aaa\u0acb\u0aa4\u0abe\u0aa8\u0ac0 \u0aa6\u0ac1\u0ab7\u0acd\u0a9f \u0a88\u0a9a\u0acd\u0a9b\u0abe\u0a93 \u0aa4\u0ac7\u0aa8\u0ac7 \u0aaa\u0ab0\u0ac0\u0a95\u0acd\u0ab7\u0aa3 \u0aa4\u0ab0\u0aab \u0a96\u0ac7\u0a82\u0a9a\u0ac0 \u0a9c\u0abe\u0aaf \u0a9b\u0ac7."},{"Verseid":"58000014","Verse":"\u0aa6\u0ac1\u0ab7\u0acd\u0a9f \u0a88\u0a9a\u0acd\u0a9b\u0abe\u0a93 \u0aaa\u0abe\u0aaa \u0a95\u0ab0\u0abe\u0ab5\u0ac7 \u0a9b\u0ac7. \u0a85\u0aa8\u0ac7 \u0aaa\u0abe\u0aaa \u0ab5\u0aa7\u0ac0 \u0a9c\u0abe\u0aaf \u0a9b\u0ac7 \u0a85\u0aa8\u0ac7 \u0aa4\u0ac7 \u0aae\u0acb\u0aa4 \u0aa8\u0abf\u0aaa\u0a9c\u0abe\u0ab5\u0ac7 \u0a9b\u0ac7."},{"Verseid":"58000015","Verse":"\u0aa4\u0ac7\u0aa5\u0ac0 \u0aae\u0abe\u0ab0\u0abe \u0ab5\u0ab9\u0abe\u0ab2\u0abe \u0aad\u0abe\u0a88\u0a93 \u0a85\u0aa8\u0ac7 \u0aac\u0ab9\u0ac7\u0aa8\u0acb, \u0a86 \u0ab5\u0abf\u0ab6\u0ac7 \u0a9b\u0ac7\u0aa4\u0ab0\u0abe\u0ab6\u0acb \u0aa8\u0ab9\u0abf."},{"Verseid":"58000016","Verse":"\u0aa6\u0ab0\u0ac7\u0a95 \u0a89\u0aa4\u0acd\u0aa4\u0aae \u0ab5\u0ab8\u0acd\u0aa4\u0ac1 \u0aa6\u0ac7\u0ab5 \u0aaa\u0abe\u0ab8\u0ac7\u0aa5\u0ac0 \u0a9c \u0a86\u0ab5\u0ac7 \u0a9b\u0ac7 \u0a85\u0aa8\u0ac7 \u0aac\u0aa7\u0ac0\u0a9c \u0aaa\u0ab0\u0abf\u0aaa\u0ac2\u0ab0\u0acd\u0aa3 \u0aad\u0ac7\u0a9f\u0acb \u0aaa\u0acd\u0ab0\u0aad\u0ac1 \u0aa4\u0ab0\u0aab\u0aa5\u0ac0 \u0a86\u0ab5\u0ac7 \u0a9b\u0ac7. \u0ab8\u0ab0\u0acd\u0ab5 \u0aaa\u0acd\u0ab0\u0a95\u0abe\u0ab6\u0acb\u0aa8\u0abe \u0aaa\u0abf\u0aa4\u0abe \u0aaa\u0abe\u0ab8\u0ac7\u0aa5\u0ac0 \u0a86 \u0aac\u0aa7\u0ac0\u0a9c \u0ab6\u0ac1\u0aad \u0ab5\u0ab8\u0acd\u0aa4\u0ac1\u0a93 (\u0ab8\u0ac2\u0ab0\u0a9c, \u0a9a\u0a82\u0aa6\u0acd\u0aa7, \u0aa4\u0abe\u0ab0\u0abe) \u0a86\u0ab5\u0ac7 \u0a9b\u0ac7. \u0aa6\u0ac7\u0ab5 \u0a95\u0aa6\u0ac0 \u0aac\u0aa6\u0ab2\u0abe\u0aa4\u0acb \u0aa8\u0aa5\u0ac0. \u0aa4\u0ac7 \u0ab8\u0aa6\u0abe\u0aaf \u0a8f \u0a9c \u0ab0\u0ab9\u0ac7 \u0a9b\u0ac7."},{"Verseid":"58000017","Verse":"\u0aa6\u0ac7\u0ab5\u0ac7 \u0ab8\u0aa4\u0acd\u0aaf\u0aa8\u0abe \u0ab5\u0a9a\u0aa8 \u0aa6\u0acd\u0aa7\u0abe\u0ab0\u0abe \u0a86\u0aaa\u0aa3\u0aa8\u0ac7 \u0a9c\u0ac0\u0ab5\u0aa8 \u0a86\u0aaa\u0ab5\u0abe \u0aa8\u0abf\u0ab6\u0acd\u0a9a\u0aaf \u0a95\u0ab0\u0acd\u0aaf\u0acb \u0a9b\u0ac7. \u0a9c\u0a97\u0aa4\u0aae\u0abe\u0a82 \u0a9c\u0ac7 \u0aa4\u0ac7\u0aa3\u0ac7 \u0aac\u0aa8\u0abe\u0ab5\u0acd\u0aaf\u0ac1\u0a82 \u0a9b\u0ac7 \u0aa4\u0ac7\u0aae\u0abe\u0a82 \u0a86\u0aaa\u0aa3\u0aa8\u0ac7 \u0a8f \u0aac\u0aa7\u0abe\u0aae\u0abe\u0a82 \u0a96\u0ac2\u0aac\u0a9c \u0aae\u0ab9\u0aa4\u0acd\u0ab5\u0aa8\u0abe \u0aac\u0aa8\u0abe\u0ab5\u0acd\u0aaf\u0abe \u0a9b\u0ac7."},{"Verseid":"58000018","Verse":"\u0aae\u0abe\u0ab0\u0abe \u0ab5\u0ab9\u0abe\u0ab2\u0abe \u0aad\u0abe\u0a88\u0a93 \u0a85\u0aa8\u0ac7 \u0aac\u0ab9\u0ac7\u0aa8\u0acb, \u0ab9\u0a82\u0aae\u0ac7\u0ab6\u0abe \u0aac\u0acb\u0ab2\u0ab5\u0abe\u0aae\u0abe\u0a82 \u0aa7\u0ac0\u0aae\u0abe \u0ab0\u0ab9\u0acb. \u0a95\u0abe\u0ab3\u0a9c\u0ac0\u0aaa\u0ac2\u0ab0\u0acd\u0ab5\u0a95 \u0aa7\u0acd\u0aaf\u0abe\u0aa8\u0aa5\u0ac0 \u0ab8\u0abe\u0a82\u0aad\u0ab3\u0ab5\u0abe \u0a86\u0aa4\u0ac1\u0ab0 \u0ab0\u0ab9\u0acb. \u0ab8\u0ab9\u0ac7\u0ab2\u0abe\u0a87\u0aa5\u0ac0 \u0a97\u0ac1\u0ab8\u0acd\u0ab8\u0ac7 \u0aa8\u0abe \u0aa5\u0abe\u0a93."},{"Verseid":"58000019","Verse":"\u0aa6\u0ac7\u0ab5\u0aa8\u0ac0 \u0a88\u0a9a\u0acd\u0a9b\u0abe \u0aaa\u0acd\u0ab0\u0aae\u0abe\u0aa3\u0ac7 \u0ab8\u0abe\u0a9a\u0ac1\u0a82 \u0a9c\u0ac0\u0ab5\u0aa8 \u0a9c\u0ac0\u0ab5\u0ab5\u0abe\u0aae\u0abe\u0a82 \u0ab5\u0acd\u0aaf\u0a95\u0acd\u0aa4\u0abf\u0aa8\u0acb \u0a97\u0ac1\u0ab8\u0acd\u0ab8\u0acb \u0aae\u0aa6\u0aa6 \u0a95\u0ab0\u0aa4\u0acb \u0aa8\u0aa5\u0ac0."},{"Verseid":"58000020","Verse":"\u0aae\u0abe\u0a9f\u0ac7 \u0aa4\u0aae\u0abe\u0ab0\u0abe \u0a9c\u0ac0\u0ab5\u0aa8\u0aae\u0abe\u0a82 \u0ab0\u0ab9\u0ac7\u0ab2\u0ac0 \u0aac\u0aa7\u0abe\u0a82\u0a9c \u0aaa\u0acd\u0ab0\u0a95\u0abe\u0ab0\u0aa8\u0ac0 \u0aa6\u0ac1\u0ab7\u0acd\u0a9f\u0aa4\u0abe\u0a93 \u0a85\u0aa8\u0ac7 \u0aac\u0aa7\u0abe \u0a9c \u0aaa\u0acd\u0ab0\u0a95\u0abe\u0ab0\u0aa8\u0abe \u0aa6\u0ac1\u0ab7\u0acd\u0a95\u0ac3\u0aa4\u0acd\u0aaf\u0acb\u0aa5\u0ac0 \u0aa6\u0ac2\u0ab0 \u0ab0\u0ab9\u0acb. \u0aa8\u0aae\u0acd\u0ab0 \u0aac\u0aa8\u0acb \u0a85\u0aa8\u0ac7 \u0aa4\u0aae\u0abe\u0ab0\u0abe \u0ab9\u0ac3\u0aa6\u0aaf\u0aae\u0abe\u0a82 \u0ab0\u0acb\u0aaa\u0ac7\u0ab2\u0ac1\u0a82 \u0aa6\u0ac7\u0ab5\u0aa8\u0ac1\u0a82 \u0ab5\u0a9a\u0aa8 \u0a97\u0acd\u0ab0\u0ab9\u0aa3 \u0a95\u0ab0\u0acb. \u0aa4\u0ac7 \u0a9c \u0aa6\u0ac7\u0ab5\u0aa8\u0ac1\u0a82 \u0ab6\u0abf\u0a95\u0acd\u0ab7\u0aa3 \u0aa4\u0aae\u0abe\u0ab0\u0abe \u0a86\u0aa4\u0acd\u0aae\u0abe\u0a93\u0aa8\u0ac7 \u0aa4\u0abe\u0ab0\u0ab5\u0abe\u0aa8\u0ac7 \u0ab6\u0a95\u0acd\u0aa4\u0abf\u0aae\u0abe\u0aa8 \u0a9b\u0ac7."},{"Verseid":"58000021","Verse":"\u0aa6\u0ac7\u0ab5\u0aa8\u0abe \u0ab6\u0abf\u0a95\u0acd\u0ab7\u0aa3 \u0aaa\u0acd\u0ab0\u0aae\u0abe\u0aa3\u0ac7 \u0a9c \u0ab5\u0ab0\u0acd\u0aa4\u0acb; \u0ab8\u0a82\u0aa6\u0ac7\u0ab6\u0acb \u0aab\u0a95\u0acd\u0aa4 \u0ab8\u0abe\u0a82\u0aad\u0ab3\u0ab5\u0abe \u0aae\u0abe\u0a9f\u0ac7 \u0aa8\u0aa5\u0ac0 \u0aaa\u0ab0\u0a82\u0aa4\u0ac1 \u0a85\u0aae\u0ab2\u0aae\u0abe\u0a82 \u0aae\u0ac2\u0a95\u0ab5\u0abe \u0aae\u0abe\u0a9f\u0ac7 \u0a9b\u0ac7, \u0aa4\u0ac7\u0aa5\u0ac0 \u0aa4\u0aae\u0ac7 \u0aa4\u0aae\u0abe\u0ab0\u0ac0 \u0a9c\u0abe\u0aa4\u0aa8\u0ac7 \u0a9b\u0ac7\u0aa4\u0ab0\u0ab6\u0acb \u0aa8\u0ab9\u0abf."},{"Verseid":"58000022","Verse":"\u0a9c\u0ac7 \u0ab5\u0acd\u0aaf\u0a95\u0acd\u0aa4\u0abf \u0aab\u0a95\u0acd\u0aa4 \u0ab8\u0abe\u0a82\u0aad\u0ab3\u0ac7 \u0a9b\u0ac7 \u0aaa\u0aa3 \u0a85\u0aae\u0ab2\u0aae\u0abe\u0a82 \u0aae\u0ac2\u0a95\u0aa4\u0acb \u0aa8\u0aa5\u0ac0, \u0aa4\u0ac7 \u0aaa\u0acb\u0aa4\u0abe\u0aa8\u0ac1\u0a82 \u0aae\u0ac1\u0a96 \u0a86\u0ab0\u0ab8\u0ac0\u0aae\u0abe \u0a9c\u0acb\u0aa8\u0abe\u0ab0\u0aa8\u0abe \u0a9c\u0ac7\u0ab5\u0acb \u0a9b\u0ac7."},{"Verseid":"58000023","Verse":"\u0aa4\u0ac7 \u0aaa\u0acb\u0aa4\u0abe\u0aa8\u0ac7 \u0a9c\u0ac1\u0a8f \u0a9b\u0ac7, \u0aaa\u0a9b\u0ac0 \u0aa4\u0acd\u0aaf\u0abe\u0a82\u0aa5\u0ac0 \u0a96\u0ab8\u0ac0 \u0a9c\u0abe\u0aaf \u0a9b\u0ac7, \u0a8f\u0a9f\u0ab2\u0ac7 \u0aa4\u0ac7 \u0aaa\u0acb\u0aa4\u0ac7 \u0a95\u0ac7\u0ab5\u0acb \u0ab9\u0aa4\u0acb, \u0a8f \u0aa4\u0ab0\u0aa4 \u0a9c \u0aad\u0ac2\u0ab2\u0ac0 \u0a9c\u0abe\u0aaf \u0a9b\u0ac7."},{"Verseid":"58000024","Verse":"\u0aaa\u0ab0\u0a82\u0aa4\u0ac1 \u0a96\u0ab0\u0ac7\u0a96\u0ab0 \u0ab8\u0ac1\u0a96\u0ac0 \u0aae\u0abe\u0aa3\u0ab8 \u0aa4\u0acb \u0a8f \u0ab5\u0acd\u0aaf\u0a95\u0acd\u0aa4\u0abf \u0a9b\u0ac7 \u0a9c\u0ac7 \u0aa7\u0acd\u0aaf\u0abe\u0aa8\u0aaa\u0ac2\u0ab0\u0acd\u0ab5\u0a95 \u0ab8\u0a82\u0aaa\u0ac2\u0ab0\u0acd\u0aa3 \u0aa8\u0abf\u0aaf\u0aae\u0aa8\u0acb \u0a85\u0aad\u0acd\u0aaf\u0abe\u0ab8 \u0a95\u0ab0\u0ac7 \u0a9b\u0ac7 \u0a95\u0ac7 \u0a9c\u0ac7 \u0ab2\u0acb\u0a95\u0acb\u0aa8\u0ac7 \u0aae\u0ac1\u0a95\u0acd\u0aa4 \u0a95\u0ab0\u0ac7 \u0a9b\u0ac7. \u0a85\u0aa8\u0ac7 \u0aa4\u0ac7 \u0aa4\u0ac7\u0aa8\u0acb \u0a85\u0aad\u0acd\u0aaf\u0abe\u0ab8 \u0a9a\u0abe\u0ab2\u0ac1 \u0ab0\u0abe\u0a96\u0ac7 \u0a9b\u0ac7. \u0aa4\u0ac7\u0aa3\u0ac7 \u0a9c\u0ac7 \u0ab8\u0abe\u0a82\u0aad\u0ab3\u0ac7\u0ab2\u0ac1\u0a82 \u0a9b\u0ac7 \u0aa4\u0ac7 \u0aad\u0ac2\u0ab2\u0aa4\u0acb \u0aa8\u0aa5\u0ac0. \u0aa4\u0ac7 \u0aa6\u0ac7\u0ab5\u0aa8\u0abe\u0a82 \u0ab5\u0a9a\u0aa8\u0acb\u0aa8\u0ac7 \u0ab8\u0abe\u0a82\u0aad\u0ab3\u0ac7 \u0a9b\u0ac7. \u0aaa\u0a9b\u0ac0 \u0aa4\u0ac7 \u0aa6\u0ac7\u0ab5 \u0a9c\u0ac7 \u0ab6\u0abf\u0a95\u0acd\u0ab7\u0aa3 \u0a86\u0aaa\u0ac7 \u0a9b\u0ac7 \u0aa4\u0ac7\u0aa8\u0ac7 \u0a85\u0aa8\u0ac1\u0ab8\u0ab0\u0ac7 \u0a9b\u0ac7. \u0a85\u0aa8\u0ac7 \u0a86\u0aae \u0a95\u0ab0\u0ab5\u0abe\u0aa5\u0ac0 \u0aa4\u0ac7 \u0aa4\u0ac7\u0aa8\u0ac0 \u0a9c\u0abe\u0aa4\u0aa8\u0ac7 \u0ab8\u0ac1\u0a96\u0ac0 \u0aac\u0aa8\u0abe\u0ab5\u0ac7 \u0a9b\u0ac7."},{"Verseid":"58000025","Verse":"\u0a9c\u0ac7 \u0ab5\u0acd\u0aaf\u0a95\u0acd\u0aa4\u0abf \u0aaa\u0acb\u0aa4\u0abe\u0aa8\u0ac7 \u0aa7\u0abe\u0ab0\u0acd\u0aae\u0abf\u0a95 (\u0ab8\u0abe\u0ab0\u0acb) \u0aae\u0abe\u0aa8\u0ac7 \u0a9b\u0ac7 \u0aaa\u0aa3 \u0a9c\u0acb \u0aaa\u0acb\u0aa4\u0abe\u0aa8\u0ac0 \u0a9c\u0ac0\u0aad \u0aaa\u0ab0 \u0a95\u0abe\u0aac\u0ac1 \u0ab0\u0abe\u0a96\u0aa4\u0acb \u0aa8\u0aa5\u0ac0 \u0aa4\u0acb \u0aa4\u0ac7 \u0aaa\u0acb\u0aa4\u0abe\u0aa8\u0ac7 \u0a9b\u0ac7\u0aa4\u0ab0\u0ac7 \u0a9b\u0ac7. \u0a85\u0aa8\u0ac7 \u0aa4\u0ac7\u0aa8\u0ac0 \u0aa7\u0abe\u0ab0\u0acd\u0aae\u0abf\u0a95\u0aa4\u0abe\u0aa8\u0ac7 \u0aa8\u0abf\u0ab0\u0ab0\u0acd\u0aa5\u0a95 \u0aac\u0aa8\u0abe\u0ab5\u0ac7 \u0a9b\u0ac7."},{"Verseid":"58000026","Verse":"\u0aa6\u0ac7\u0ab5\u0aa8\u0ac0 \u0aa6\u0acd\u0aa6\u0ab7\u0acd\u0a9f\u0abf\u0aae\u0abe\u0a82 \u0aa7\u0abe\u0ab0\u0acd\u0aae\u0abf\u0a95 \u0a8f \u0a9b\u0ac7 \u0a95\u0ac7 \u0a9c\u0ac7 \u0a85\u0aa8\u0abe\u0aa5 \u0a85\u0aa8\u0ac7 \u0ab5\u0abf\u0aa7\u0ab5\u0abe\u0a93\u0aa8\u0ac0 \u0aa4\u0ac7\u0aae\u0aa8\u0abe \u0aa6\u0ac1:\u0a96\u0aa8\u0abe \u0ab8\u0aae\u0aaf\u0ac7 \u0aae\u0ac1\u0ab2\u0abe\u0a95\u0abe\u0aa4 \u0ab2\u0ac7 \u0a9b\u0ac7 \u0aa4\u0aa5\u0abe \u0a9c\u0a97\u0aa4\u0aa8\u0ac0 \u0aa6\u0ac1\u0ab7\u0acd\u0a9f\u0aa4\u0abe\u0aa5\u0ac0 \u0aa6\u0ac2\u0ab0 \u0ab0\u0ab9\u0ac0 \u0aaa\u0acb\u0aa4\u0abe\u0aa8\u0ac0 \u0a9c\u0abe\u0aa4\u0aa8\u0ac7 \u0aa8\u0abf\u0ab7\u0acd\u0a95\u0ab2\u0a82\u0a95 \u0ab0\u0abe\u0a96\u0ac0, \u0aa6\u0ac7\u0ab5\u0aa8\u0ac0 \u0a88\u0a9a\u0acd\u0a9b\u0abe\u0aa8\u0ac7 \u0a86\u0aa7\u0ac0\u0aa8 \u0ab0\u0ab9\u0ac7 \u0a9b\u0ac7."}]},{"Verse":[{"Verseid":"58001000","Verse":"\u0aae\u0abe\u0ab0\u0abe \u0ab5\u0ab9\u0abe\u0ab2\u0abe \u0aad\u0abe\u0a88\u0a93 \u0a85\u0aa8\u0ac7 \u0aac\u0ab9\u0ac7\u0aa8\u0acb, \u0aa4\u0aae\u0ac7 \u0a86\u0aaa\u0aa3\u0abe \u0aae\u0ab9\u0abf\u0aae\u0abe\u0ab5\u0abe\u0aa8 \u0aaa\u0acd\u0ab0\u0aad\u0ac1 \u0a88\u0ab8\u0ac1 \u0a96\u0acd\u0ab0\u0abf\u0ab8\u0acd\u0aa4\u0aae\u0abe\u0a82 \u0ab5\u0abf\u0ab6\u0acd\u0ab5\u0abe\u0ab8 \u0aa7\u0ab0\u0abe\u0ab5\u0acb \u0a9b\u0acb. \u0aa4\u0acb \u0a8f\u0ab5\u0ac1\u0a82 \u0aa8\u0abe \u0aae\u0abe\u0aa8\u0ab6\u0acb \u0a95\u0ac7 \u0a95\u0ac7\u0a9f\u0ab2\u0abe\u0a8f\u0a95 \u0ab2\u0acb\u0a95\u0acb \u0aac\u0ac0\u0a9c\u0abe \u0ab2\u0acb\u0a95\u0acb \u0a95\u0ab0\u0aa4\u0abe\u0a82 \u0a85\u0a97\u0aa4\u0acd\u0aaf\u0aa8\u0abe \u0a9b\u0ac7."},{"Verseid":"58001001","Verse":"\u0aa7\u0abe\u0ab0\u0acb\u0a95\u0ac7 \u0a95\u0acb\u0a88 \u0ab5\u0acd\u0aaf\u0a95\u0acd\u0aa4\u0abf \u0aa4\u0aae\u0abe\u0ab0\u0ac0 \u0ab8\u0aad\u0abe\u0aae\u0abe\u0a82 \u0ab8\u0ac1\u0a82\u0aa6\u0ab0 \u0a95\u0aaa\u0aa1\u0abe\u0a82 \u0a85\u0aa8\u0ac7 \u0ab8\u0acb\u0aa8\u0abe\u0aa8\u0ac0 \u0ab5\u0abf\u0a82\u0a9f\u0ac0 \u0aaa\u0ab9\u0ac7\u0ab0\u0ac0\u0aa8\u0ac7 \u0a86\u0ab5\u0ac7, \u0a9c\u0acd\u0aaf\u0abe\u0ab0\u0ac7 \u0aac\u0ac0\u0a9c\u0acb \u0a97\u0ab0\u0ac0\u0aac \u0aae\u0abe\u0aa3\u0ab8 \u0aab\u0abe\u0a9f\u0ac7\u0ab2\u0abe \u0a9c\u0ac2\u0aa8\u0abe\u0a82 \u0ab5\u0ab8\u0acd\u0aa4\u0acd\u0ab0\u0acb \u0aaa\u0ab9\u0ac7\u0ab0\u0ac0\u0aa8\u0ac7 \u0a86\u0ab5\u0ac7."},{"Verseid":"58001002","Verse":"\u0aa4\u0acb \u0aa4\u0aae\u0ac7 \u0ab8\u0abe\u0ab0\u0abe\u0a82 \u0a95\u0aaa\u0aa1\u0abe\u0a82 \u0aaa\u0ab9\u0ac7\u0ab0\u0ac7\u0ab2\u0abe \u0aae\u0abe\u0aa3\u0ab8 \u0aa4\u0ab0\u0aab \u0a96\u0abe\u0ab8 \u0aa7\u0acd\u0aaf\u0abe\u0aa8 \u0a86\u0aaa\u0acb \u0a9b\u0acb. \u0a85\u0aa8\u0ac7 \u0aa4\u0aae\u0ac7 \u0aa4\u0ac7\u0aa8\u0ac7 \u0a95\u0ab9\u0acb \u0a9b\u0acb \u0a95\u0ac7, \u201c\u0a86 \u0ab8\u0abe\u0ab0\u0abe \u0a86\u0ab8\u0aa8\u0ac7 \u0aac\u0ac7\u0ab8;\u201d \u0a9c\u0acd\u0aaf\u0abe\u0ab0\u0ac7 \u0a97\u0ab0\u0ac0\u0aac \u0aae\u0abe\u0aa3\u0ab8\u0aa8\u0ac7 \u0aa4\u0aae\u0ac7 \u0a95\u0ab9\u0ac7\u0ab6\u0acb \u0a95\u0ac7, \u201c\u0aa4\u0ac1\u0a82 \u0aa4\u0acd\u0aaf\u0abe\u0a82 \u0a8a\u0aad\u0acb \u0ab0\u0ab9\u0ac7,\u201d \u0a85\u0aa5\u0ab5\u0abe, \u201c\u0aae\u0abe\u0ab0\u0abe \u0aaa\u0a97\u0aa8\u0abe \u0a86\u0ab8\u0aa8 \u0aaa\u0abe\u0ab8\u0ac7 \u0aac\u0ac7\u0ab8!\u201d"},{"Verseid":"58001003","Verse":"\u0a86 \u0aa4\u0aae\u0ac7 \u0ab6\u0ac1\u0a82 \u0a95\u0ab0\u0acb \u0a9b\u0acb? \u0a86 \u0ab0\u0ac0\u0aa4\u0ac7 \u0a96\u0ab0\u0abe\u0aac \u0ab5\u0abf\u0a9a\u0abe\u0ab0\u0acb\u0aa5\u0ac0 \u0aa4\u0aae\u0abe\u0ab0\u0abe\u0aae\u0abe\u0a82 \u0aac\u0ac0\u0a9c\u0abe\u0a93 \u0a95\u0ab0\u0aa4\u0abe\u0a82 \u0a95\u0aaf\u0abe \u0aae\u0abe\u0aa3\u0ab8\u0acb \u0a85\u0a97\u0aa4\u0acd\u0aaf\u0aa8\u0abe \u0a9b\u0ac7 \u0aa4\u0ac7 \u0aa4\u0aae\u0ac7 \u0aa8\u0a95\u0acd\u0a95\u0ac0 \u0a95\u0ab0\u0acb \u0a9b\u0acb."},{"Verseid":"58001004","Verse":"\u0aae\u0abe\u0ab0\u0abe \u0ab5\u0ab9\u0abe\u0ab2\u0abe \u0aad\u0abe\u0a88\u0a93 \u0a85\u0aa8\u0ac7 \u0aac\u0ab9\u0ac7\u0aa8\u0acb! \u0aa7\u0acd\u0aaf\u0abe\u0aa8\u0aa5\u0ac0 \u0ab8\u0abe\u0a82\u0aad\u0ab3\u0acb, \u0a86 \u0aa6\u0ac1\u0aa8\u0abf\u0aaf\u0abe\u0aa8\u0abe \u0a97\u0ab0\u0ac0\u0aac \u0ab2\u0acb\u0a95\u0acb \u0ab5\u0abf\u0ab6\u0acd\u0ab5\u0abe\u0ab8\u0aae\u0abe\u0a82 \u0aa7\u0aa8\u0ab5\u0abe\u0aa8 \u0aac\u0aa8\u0ac7 \u0a85\u0aa8\u0ac7 \u0aa6\u0ac7\u0ab5\u0ac7 \u0aaa\u0acb\u0aa4\u0abe\u0aa8\u0abe \u0aaa\u0acd\u0ab0\u0ac7\u0aae \u0ab0\u0abe\u0a96\u0aa8\u0abe\u0ab0\u0abe\u0a93\u0aa8\u0ac7 \u0a9c\u0ac7 \u0ab0\u0abe\u0a9c\u0acd\u0aaf \u0a86\u0aaa\u0ab5\u0abe\u0aa8\u0ac1\u0a82 \u0ab5\u0a9a\u0aa8 \u0a86\u0aaa\u0acd\u0aaf\u0ac1\u0a82 \u0a9b\u0ac7 \u0aa4\u0ac7 \u0aaa\u0acd\u0ab0\u0abe\u0aaa\u0acd\u0aa4 \u0a95\u0ab0\u0ac7 \u0aae\u0abe\u0a9f\u0ac7 \u0aa6\u0ac7\u0ab5\u0ac7 \u0aa4\u0ac7\u0a93\u0aa8\u0ac7 \u0aaa\u0ab8\u0a82\u0aa6 \u0a95\u0ab0\u0acd\u0aaf\u0abe \u0a9b\u0ac7."},{"Verseid":"58001005","Verse":"\u0aaa\u0aa3 \u0aa4\u0aae\u0ac7 \u0a97\u0ab0\u0ac0\u0aac \u0ab2\u0acb\u0a95\u0acb\u0aa8\u0ac7 \u0aac\u0abf\u0ab2\u0a95\u0ac1\u0ab2 \u0aae\u0abe\u0aa8 \u0a86\u0aaa\u0aa4\u0abe \u0aa8\u0aa5\u0ac0. \u0a85\u0aa8\u0ac7 \u0aa4\u0aae\u0ac7 \u0a9c\u0abe\u0aa3\u0acb \u0a9b\u0acb \u0a95\u0ac7 \u0ab6\u0acd\u0ab0\u0ac0\u0aae\u0a82\u0aa4 \u0ab2\u0acb\u0a95\u0acb \u0a9c \u0aa4\u0aae\u0abe\u0ab0\u0ac1\u0a82 \u0ab6\u0acb\u0ab7\u0aa3 \u0a95\u0ab0\u0ac7 \u0a9b\u0ac7. \u0a85\u0aa8\u0ac7 \u0aa4\u0aae\u0aa8\u0ac7 \u0aa8\u0acd\u0aaf\u0abe\u0aaf\u0abe\u0ab8\u0aa8 \u0a86\u0a97\u0ab3 \u0a98\u0ab8\u0aa1\u0ac0 \u0a9c\u0abe\u0aaf \u0a9b\u0ac7."},{"Verseid":"58001006","Verse":"\u0a8f \u0aa4\u0ac7 \u0ab2\u0acb\u0a95\u0acb \u0a9b\u0ac7, \u0a9c\u0ac7\u0a93 \u0a89\u0aa4\u0acd\u0aa4\u0aae \u0aa8\u0abe\u0aae\u0aa5\u0ac0 \u0a93\u0ab3\u0a96\u0abe\u0aaf \u0a9b\u0ac7, \u0aa4\u0ac7\u0a93\u0aa8\u0ac0 \u0aa8\u0abf\u0a82\u0aa6\u0abe \u0a95\u0ab0\u0ac7 \u0a9b\u0ac7."},{"Verseid":"58001007","Verse":"\u0a9c\u0acb \u0aa4\u0aae\u0ac7 \u0aaa\u0ab5\u0abf\u0aa4\u0acd\u0ab0\u0ab2\u0ac7\u0a96\u0aae\u0abe\u0a82 \u0a86\u0aaa\u0ac7\u0ab2\u0abe \u0a9c\u0ac7 \u0ab0\u0abe\u0a9c\u0aae\u0abe\u0aa8\u0acd\u0aaf \u0aa8\u0abf\u0aaf\u0aae \u0a9b\u0ac7 \u0aa4\u0ac7\u0aa8\u0ac7 \u0a85\u0aa8\u0ac1\u0ab8\u0ab0\u0ab6\u0acb, \u0a8f\u0a9f\u0ab2\u0ac7 \u0a95\u0ac7, \u201c\u0aa4\u0ac1\u0a82 \u0aaa\u0acb\u0aa4\u0abe\u0aa8\u0abe \u0a9c\u0ac7\u0ab5\u0acb \u0aaa\u0acb\u0aa4\u0abe\u0aa8\u0abe \u0aaa\u0aa1\u0acb\u0ab6\u0ac0 \u0aaa\u0ab0 \u0aaa\u0acd\u0ab0\u0ac7\u0aae \u0ab0\u0abe\u0a96.\u201d\u0a8f\u0aa8\u0ac1\u0a82 \u0a9c\u0acb \u0aa4\u0aa8\u0ac7 \u0aaa\u0ac1\u0ab0\u0ac7\u0aaa\u0ac1\u0ab0\u0ac1\u0a82 \u0aaa\u0abe\u0ab2\u0aa8 \u0a95\u0ab0\u0acb \u0a9b\u0acb \u0aa4\u0acb \u0aa4\u0aae\u0ac7 \u0a98\u0aa3\u0ac1\u0a82 \u0ab8\u0abe\u0ab0\u0ac1\u0a82 \u0a95\u0ab0\u0acb \u0a9b\u0acb."},{"Verseid":"58001008","Verse":"\u0aaa\u0aa3 \u0a9c\u0acb \u0aa4\u0aae\u0ac7 \u0a8f\u0a95 \u0ab5\u0acd\u0aaf\u0a95\u0acd\u0aa4\u0abf\u0aa8\u0ac7 \u0aac\u0ac0\u0a9c\u0abe \u0a95\u0ab0\u0aa4\u0abe\u0a82 \u0ab5\u0aa7\u0ac1 \u0aae\u0ab9\u0aa4\u0acd\u0ab5 \u0a86\u0aaa\u0ab6\u0acb, \u0aa4\u0acb \u0aa4\u0aae\u0ac7 \u0aaa\u0abe\u0aaa \u0a95\u0ab0\u0acb \u0a9b\u0acb, \u0a8f \u0ab0\u0ac0\u0aa4\u0ac7 \u0aa4\u0aae\u0ac7 \u0aa6\u0ac7\u0ab5\u0aa8\u0abe \u0aa8\u0abf\u0aaf\u0aae\u0aa8\u0acb \u0aad\u0a82\u0a97 \u0a95\u0ab0\u0acb \u0a9b\u0acb \u0aa4\u0ac7\u0aae \u0ab8\u0abe\u0aac\u0abf\u0aa4 \u0aa5\u0abe\u0aaf \u0a9b\u0ac7."},{"Verseid":"58001009","Verse":"\u0a95\u0acb\u0a88 \u0ab5\u0acd\u0aaf\u0a95\u0acd\u0aa4\u0abf \u0a86\u0a96\u0abe \u0aa8\u0abf\u0aaf\u0aae\u0ab6\u0abe\u0ab8\u0acd\u0aa4\u0acd\u0ab0\u0aa8\u0ac1\u0a82 \u0aaa\u0abe\u0ab2\u0aa8 \u0a95\u0ab0\u0ac7, \u0aaa\u0aa3 \u0a9c\u0acb \u0a8f\u0a95 \u0a86\u0a9c\u0acd\u0a9e\u0abe\u0aa8\u0acb \u0aad\u0a82\u0a97 \u0a95\u0ab0\u0ac7, \u0aa4\u0acb \u0aa4\u0ac7 \u0aa8\u0abf\u0aaf\u0aae\u0aa8\u0ac0 \u0aac\u0aa7\u0ac0 \u0a9c \u0a86\u0a9c\u0acd\u0a9e\u0abe\u0a93\u0aa8\u0acb \u0aad\u0a82\u0a97 \u0a95\u0ab0\u0aa8\u0abe\u0ab0 \u0a9c\u0ac7\u0a9f\u0ab2\u0acb \u0a9c \u0a97\u0ac1\u0aa8\u0ac7\u0a97\u0abe\u0ab0 \u0aa0\u0ab0\u0ac7 \u0a9b\u0ac7."},{"Verseid":"58001010","Verse":"\u0aa6\u0ac7\u0ab5\u0ac7 \u0a95\u0ab9\u0acd\u0aaf\u0ac1\u0a82 \u0a9b\u0ac7 \u0a95\u0ac7, \u201c\u0aa4\u0ac1\u0a82 \u0ab5\u0acd\u0aaf\u0aad\u0abf\u0a9a\u0abe\u0ab0 \u0aa8\u0ac1\u0a82 \u0aaa\u0abe\u0aaa \u0aa8 \u0a95\u0ab0.\u201d\u0aa4\u0ac7 \u0a9c \u0aa6\u0ac7\u0ab5\u0ac7 \u0a8f\u0aae \u0aaa\u0aa3 \u0a95\u0ab9\u0acd\u0aaf\u0ac1\u0a82 \u0a9b\u0ac7 \u0a95\u0ac7, \u201c\u0ab9\u0aa4\u0acd\u0aaf\u0abe \u0aa8 \u0a95\u0ab0.\u201d\u0aae\u0abe\u0a9f\u0ac7 \u0a9c\u0acb \u0aa4\u0aae\u0ac7 \u0ab5\u0acd\u0aaf\u0aad\u0abf\u0a9a\u0abe\u0ab0\u0aa8\u0ac1\u0a82 \u0aaa\u0abe\u0aaa \u0aa8 \u0a95\u0ab0\u0acb \u0a85\u0aa8\u0ac7 \u0a95\u0acb\u0a88\u0a95\u0aa8\u0ac0 \u0ab9\u0aa4\u0acd\u0aaf\u0abe \u0a95\u0ab0\u0acb \u0aa4\u0acb \u0aa4\u0aae\u0ac7 \u0aa6\u0ac7\u0ab5\u0aa8\u0abe \u0aac\u0aa7\u0abe\u0a9c \u0aa8\u0abf\u0aaf\u0aae\u0acb\u0aa8\u0acb \u0aad\u0a82\u0a97 \u0a95\u0ab0\u0acb \u0a9b\u0acb\u201d."},{"Verseid":"58001011","Verse":"\u0aa4\u0aae\u0ac7 \u0a9c\u0ac7 \u0a95\u0a88 \u0a95\u0ab0\u0acb \u0a95\u0ac7 \u0a95\u0ab9\u0acb \u0aa4\u0acd\u0aaf\u0abe\u0ab0\u0ac7 \u0aaf\u0abe\u0aa6 \u0ab0\u0abe\u0a96\u0acb \u0a95\u0ac7 \u0ab8\u0acd\u0ab5\u0aa4\u0a82\u0aa4\u0acd\u0ab0\u0aa4\u0abe \u0a86\u0aaa\u0aa8\u0abe\u0ab0 \u0aa4\u0ac7\u0aa8\u0abe \u0a86\u0aa7\u0abe\u0ab0\u0ac7 \u0a9c \u0aa8\u0abf\u0aaf\u0aae \u0aa6\u0acd\u0aa7\u0abe\u0ab0\u0abe \u0aa4\u0aae\u0abe\u0ab0\u0acb \u0aa8\u0acd\u0aaf\u0abe\u0aaf \u0a95\u0ab0\u0ab6\u0ac7."},{"Verseid":"58001012","Verse":"\u0ab9\u0abe, \u0aa4\u0aae\u0abe\u0ab0\u0ac7 \u0aac\u0ac0\u0a9c\u0abe \u0ab2\u0acb\u0a95\u0acb \u0aaa\u0ab0 \u0aa6\u0aaf\u0abe \u0aac\u0aa4\u0abe\u0ab5\u0ab5\u0ac0 \u0a9c \u0a9c\u0acb\u0a88\u0a8f\u0ac7. \u0a9c\u0acb \u0a95\u0acb\u0a88 \u0ab5\u0acd\u0aaf\u0a95\u0acd\u0aa4\u0abf \u0aac\u0ac0\u0a9c\u0abe \u0ab2\u0acb\u0a95\u0acb \u0aa4\u0ab0\u0aab \u0aa6\u0aaf\u0abe \u0aa8\u0ab9\u0abf \u0ab0\u0abe\u0a96\u0ac7 \u0aa4\u0acb, \u0aa6\u0ac7\u0ab5 \u0aa4\u0ac7\u0aa8\u0ac7 \u0aa6\u0aaf\u0abe \u0ab0\u0abe\u0a96\u0acd\u0aaf\u0abe \u0ab5\u0a97\u0ab0 \u0aa8\u0acd\u0aaf\u0abe\u0aaf \u0a86\u0aaa\u0ab6\u0ac7 \u0a95\u0abe\u0ab0\u0aa3 \u0aa8\u0acd\u0aaf\u0abe\u0aaf \u0aaa\u0ab0 \u0aa6\u0aaf\u0abe\u0aa8\u0acb \u0ab5\u0abf\u0a9c\u0aaf \u0ab9\u0acb\u0aaf \u0a9b\u0ac7."},{"Verseid":"58001013","Verse":"\u0aae\u0abe\u0ab0\u0abe \u0ab5\u0ab9\u0abe\u0ab2\u0abe \u0aad\u0abe\u0a88\u0a93 \u0a85\u0aa8\u0ac7 \u0aac\u0ab9\u0ac7\u0aa8\u0acb, \u0a95\u0acb\u0a88 \u0a95\u0ab9\u0ac7 \u0a95\u0ac7 \u0aa4\u0ac7\u0aa8\u0ac7 \u0ab5\u0abf\u0ab6\u0acd\u0ab5\u0abe\u0ab8 \u0a9b\u0ac7, \u0aaa\u0aa3 \u0aa4\u0ac7 \u0aaa\u0acd\u0ab0\u0aae\u0abe\u0aa3\u0ac7 \u0ab5\u0ab0\u0acd\u0aa4\u0aa8\u0aae\u0abe\u0a82 \u0aa8 \u0aae\u0ac2\u0a95\u0ac7, \u0aa4\u0acb \u0ab6\u0acb \u0aab\u0abe\u0aaf\u0aa6\u0acb? \u0ab6\u0ac1\u0a82 \u0a8f\u0ab5\u0acb \u0ab5\u0abf\u0ab6\u0acd\u0ab5\u0abe\u0ab8 \u0aa4\u0ac7\u0aa8\u0acb \u0a89\u0aa6\u0acd\u0aa7\u0abe\u0ab0 \u0a95\u0ab0\u0ac0 \u0ab6\u0a95\u0ac7? \u0aa8\u0abe!"},{"Verseid":"58001014","Verse":"\u0a96\u0acd\u0ab0\u0abf\u0ab8\u0acd\u0aa4\u0aae\u0abe\u0a82 \u0a95\u0ac7\u0a9f\u0ab2\u0abe\u0a8f\u0a95 \u0aad\u0abe\u0a88\u0a93 \u0a85\u0aa8\u0ac7 \u0aac\u0ab9\u0ac7\u0aa8\u0acb\u0aa8\u0ac7 \u0aa6\u0abf\u0ab5\u0ab8 \u0aa6\u0ab0\u0aae\u0acd\u0aaf\u0abe\u0aa8 \u0a95\u0aaa\u0aa1\u0abe \u0aaa\u0ab9\u0ac7\u0ab0\u0ab5\u0abe \u0aa8 \u0aae\u0ab3\u0ac7 \u0a85\u0aa8\u0ac7 \u0ab0\u0acb\u0a9c\u0aa8\u0acb \u0aaa\u0ac2\u0ab0\u0aa4\u0acb \u0a96\u0acb\u0ab0\u0abe\u0a95 \u0aa8 \u0ab9\u0acb\u0aaf."},{"Verseid":"58001015","Verse":"\u0a85\u0aa8\u0ac7 \u0aa4\u0aae\u0abe\u0ab0\u0abe\u0aae\u0abe\u0a82\u0aa8\u0acb \u0a95\u0acb\u0a88 \u0aa4\u0ac7\u0a93\u0aa8\u0ac7 \u0a95\u0ab9\u0ac7 \u0a95\u0ac7, \u201c\u0aa6\u0ac7\u0ab5 \u0aa4\u0aae\u0abe\u0ab0\u0ac0 \u0ab8\u0abe\u0aa5\u0ac7 \u0ab0\u0ab9\u0acb, \u0ab6\u0abe\u0a82\u0aa4\u0abf\u0aa5\u0ac0 \u0a9c\u0abe\u0a93, \u0aa4\u0abe\u0aaa\u0acb \u0a85\u0aa8\u0ac7 \u0aa4\u0ac3\u0aaa\u0acd\u0aa4 \u0aa5\u0abe\u0a93;\u201d \u0a9b\u0aa4\u0abe\u0a82 \u0ab6\u0ab0\u0ac0\u0ab0\u0aa8\u0ac7 \u0a9c\u0ac7 \u0a9c\u0acb\u0a88\u0a8f\u0ac7 \u0aa4\u0ac7 \u0a96\u0acb\u0ab0\u0abe\u0a95 \u0a95\u0ac7 \u0a95\u0aaa\u0aa1\u0abe\u0a82 \u0aa8 \u0a86\u0aaa\u0acb \u0aa4\u0acb \u0aa4\u0aae\u0abe\u0ab0\u0abe \u0ab6\u0aac\u0acd\u0aa6\u0acb \u0aa8\u0a95\u0abe\u0aae\u0abe\u0a82 \u0a9b\u0ac7."},{"Verseid":"58001016","Verse":"\u0a8f\u0ab5\u0ac1\u0a82 \u0a9c \u0ab5\u0abf\u0ab6\u0acd\u0ab5\u0abe\u0ab8 \u0aae\u0abe\u0a9f\u0ac7 \u0a9b\u0ac7, \u0ab5\u0abf\u0ab6\u0acd\u0ab5\u0abe\u0ab8\u0aae\u0abe\u0a82 \u0a9c\u0acb \u0a95\u0ab0\u0aa3\u0ac0 \u0aa8 \u0ab9\u0acb\u0aaf, \u0aa4\u0acb \u0aa4\u0ac7 \u0aa4\u0ac7\u0aa8\u0ac0 \u0a9c\u0abe\u0aa4\u0ac7 \u0aae\u0ac3\u0aa4\u0aaa\u0acd\u0ab0\u0abe\u0aaf \u0a9b\u0ac7, \u0ab5\u0abf\u0ab6\u0acd\u0ab5\u0abe\u0ab8 \u0a8f\u0a95\u0ab2\u0acb \u0aaa\u0ac2\u0ab0\u0aa4\u0acb \u0aa8\u0aa5\u0ac0, \u0a95\u0abe\u0ab0\u0aa3 \u0a95\u0ac7 \u0a95\u0ab0\u0aa3\u0ac0\u0a93 \u0ab5\u0abf\u0aa8\u0abe\u0aa8\u0acb \u0ab5\u0abf\u0ab6\u0acd\u0ab5\u0abe\u0ab8 \u0a8f \u0ab5\u0abf\u0ab6\u0acd\u0ab5\u0abe\u0ab8 \u0aa8\u0aa5\u0ac0."},{"Verseid":"58001017","Verse":"\u0a95\u0acb\u0a88 \u0ab5\u0acd\u0aaf\u0a95\u0acd\u0aa4\u0abf \u0a95\u0ab9\u0ac7\u0ab6\u0ac7 \u0a95\u0ac7, \u201c\u0aa4\u0aa8\u0ac7 \u0ab5\u0abf\u0ab6\u0acd\u0ab5\u0abe\u0ab8 \u0a9b\u0ac7, \u0aaa\u0aa3 \u0aae\u0abe\u0ab0\u0ac0 \u0aaa\u0abe\u0ab8\u0ac7 \u0a95\u0ab0\u0aa3\u0ac0\u0a93 \u0a9b\u0ac7.\u201d \u0ab9\u0ac1\u0a82 \u0aa4\u0ac7\u0aa8\u0ac7 \u0a9c\u0ab5\u0abe\u0aac \u0a86\u0aaa\u0ac0\u0ab6 \u0a95\u0ac7,\u201d\u0aa4\u0abe\u0ab0\u0ac0 \u0aaa\u0abe\u0ab8\u0ac7 \u0a9c\u0ac7 \u0ab5\u0abf\u0ab6\u0acd\u0ab5\u0abe\u0ab8 \u0a9b\u0ac7 \u0aa4\u0ac7 \u0aae\u0abe\u0ab0\u0ac0 \u0a95\u0ab0\u0aa3\u0ac0\u0a93 \u0ab5\u0abf\u0aa8\u0abe \u0aae\u0aa8\u0ac7 \u0aac\u0aa4\u0abe\u0ab5 \u0a85\u0aa8\u0ac7 \u0ab9\u0ac1\u0a82 \u0aae\u0abe\u0ab0\u0acb \u0ab5\u0abf\u0ab6\u0acd\u0ab5\u0abe\u0ab8 \u0aae\u0abe\u0ab0\u0ac0 \u0a95\u0ab0\u0aa3\u0ac0\u0a93\u0aa5\u0ac0 \u0aa4\u0aa8\u0ac7 \u0aac\u0aa4\u0abe\u0ab5\u0ac0\u0ab6.\u201d"},{"Verseid":"58001018","Verse":"\u0aa6\u0ac7\u0ab5 \u0a8f\u0a95\u0a9c \u0a9b\u0ac7 \u0a8f\u0ab5\u0ac1\u0a82 \u0aa4\u0aae\u0abe\u0ab0\u0ac1\u0a82 \u0aae\u0abe\u0aa8\u0ab5\u0ac1\u0a82 \u0aa4\u0ac7 \u0ab8\u0abe\u0ab0\u0ac1\u0a82 \u0a9b\u0ac7! \u0aad\u0ac2\u0aa4\u0acb \u0aaa\u0aa3 \u0a8f\u0ab5\u0acb \u0a9c \u0ab5\u0abf\u0ab6\u0acd\u0ab5\u0abe\u0ab8 \u0a95\u0ab0\u0ac7 \u0a9b\u0ac7! \u0a85\u0aa8\u0ac7 \u0aa4\u0ac7\u0a93 \u0aac\u0ac0\u0a95\u0aa5\u0ac0 \u0aa7\u0acd\u0ab0\u0ac1\u0a82\u0a9c\u0ac7 \u0a9b\u0ac7."},{"Verseid":"58001019","Verse":"\u0a93 \u0aae\u0ac2\u0ab0\u0acd\u0a96 \u0aae\u0abe\u0aa3\u0ab8! \u0ab6\u0ac1\u0a82 \u0aa4\u0abe\u0ab0\u0ac7 \u0a9c\u0abe\u0aa3\u0ab5\u0ac1\u0a82 \u0a9b\u0ac7? \u0ab5\u0abf\u0ab6\u0acd\u0ab5\u0abe\u0ab8 \u0ab5\u0a97\u0ab0\u0aa8\u0ac1\u0a82 \u0a95\u0abe\u0aae \u0ab5\u0acd\u0aaf\u0ab0\u0acd\u0aa5 \u0a9b\u0ac7 \u0aa4\u0ac7\u0aa8\u0ac0 \u0a86\u0a9c\u0acd\u0a9e\u0abe \u0aaa\u0acd\u0ab0\u0aae\u0abe\u0aa3\u0ac7 \u0a95\u0abe\u0aae \u0aa8 \u0a95\u0ab0\u0ab5\u0ac1\u0a82 \u0aa4\u0ac7 \u0aaa\u0aa3 \u0aa8\u0a95\u0abe\u0aae\u0ac1\u0a82 \u0a9b\u0ac7."},{"Verseid":"58001020","Verse":"\u0a86\u0aaa\u0aa3\u0abe \u0aaa\u0ac2\u0ab0\u0acd\u0ab5\u0a9c \u0a88\u0aac\u0acd\u0ab0\u0abe\u0ab9\u0abf\u0aae\u0ac7 \u0a9c\u0acd\u0aaf\u0abe\u0ab0\u0ac7 \u0aaa\u0acb\u0aa4\u0abe\u0aa8\u0abe \u0aaa\u0ac1\u0aa4\u0acd\u0ab0 \u0a88\u0ab8\u0ab9\u0abe\u0a95\u0aa8\u0ac7 \u0aaf\u0a9c\u0acd\u0a9e\u0ab5\u0ac7\u0aa6\u0ac0 \u0aaa\u0ab0 \u0aac\u0ab2\u0abf\u0aa6\u0abe\u0aa8 \u0aae\u0abe\u0a9f\u0ac7 \u0a86\u0aaa\u0acd\u0aaf\u0acb. \u0aa4\u0ac7\u0aa8\u0abe \u0a8f \u0a95\u0abe\u0ab0\u0acd\u0aaf\u0aa8\u0ac7 \u0ab2\u0ac0\u0aa7\u0ac7 \u0aa4\u0ac7\u0aa8\u0ac7 \u0aa8\u0acd\u0aaf\u0abe\u0aaf\u0ac0 \u0aa0\u0ab0\u0abe\u0ab5\u0ab5\u0abe\u0aae\u0abe\u0a82 \u0a86\u0ab5\u0acd\u0aaf\u0acb."},{"Verseid":"58001021","Verse":"\u0aa4\u0ac1\u0a82 \u0a9c\u0ac1\u0a8f \u0a9b\u0ac7 \u0a95\u0ac7, \u0a88\u0aac\u0acd\u0ab0\u0abe\u0ab9\u0abf\u0aae \u0ab5\u0abf\u0ab6\u0acd\u0ab5\u0abe\u0ab8\u0aa8\u0ac7 \u0ab2\u0ac0\u0a98\u0ac7 \u0aac\u0aa7\u0ac1\u0a9c \u0a95\u0ab0\u0ab5\u0abe \u0aa4\u0ac8\u0aaf\u0abe\u0ab0 \u0ab9\u0aa4\u0acb. \u0aa4\u0ac7\u0aa8\u0abe\u0a82 \u0ab8\u0abe\u0ab0\u0abe \u0a95\u0abe\u0ab0\u0acd\u0aaf\u0acb\u0aa5\u0ac0 \u0aa4\u0ac7\u0aa8\u0acb \u0ab5\u0abf\u0ab6\u0acd\u0ab5\u0abe\u0ab8 \u0ab8\u0a82\u0aaa\u0ac2\u0ab0\u0acd\u0aa3 \u0a95\u0ab0\u0abe\u0aaf\u0acb."},{"Verseid":"58001022","Verse":"\u0a86 \u0ab6\u0abe\u0ab8\u0acd\u0aa4\u0acd\u0ab0\u0aa8\u0acb \u0a85\u0ab0\u0acd\u0aa5 \u0ab8\u0aae\u0a9c\u0abe\u0ab5\u0ac7 \u0a9b\u0ac7 \u0a95\u0ac7: \u201c\u0a88\u0aac\u0acd\u0ab0\u0abe\u0ab9\u0abf\u0aae\u0ac7 \u0aa6\u0ac7\u0ab5 \u0aaa\u0ab0 \u0ab5\u0abf\u0ab6\u0acd\u0ab5\u0abe\u0ab8 \u0a95\u0ab0\u0acd\u0aaf\u0acb. \u0a85\u0aa8\u0ac7 \u0aa6\u0ac7\u0ab5\u0ac7 \u0a88\u0aac\u0acd\u0ab0\u0abe\u0ab9\u0abf\u0aae\u0aa8\u0abe \u0ab5\u0abf\u0ab6\u0acd\u0ab5\u0abe\u0ab8\u0aa8\u0ac7 \u0ab8\u0acd\u0ab5\u0ac0\u0a95\u0abe\u0ab0\u0acd\u0aaf\u0acb, \u0aa4\u0ac7 \u0ab5\u0abf\u0ab6\u0acd\u0ab5\u0abe\u0ab8\u0ac7 \u0a88\u0aac\u0acd\u0ab0\u0abe\u0ab9\u0abf\u0aae\u0aa8\u0ac7 \u0aa6\u0ac7\u0ab5\u0aa8\u0ac0 \u0aa8\u0a9c\u0ab0\u0aae\u0abe\u0a82 \u0aa8\u0acd\u0aaf\u0abe\u0aaf\u0ac0 \u0aa0\u0ab0\u0abe\u0ab5\u0acd\u0aaf\u0acb.\u201d\u0a88\u0aac\u0acd\u0ab0\u0abe\u0aac\u0abf\u0aae\u0aa8\u0ac7 \u201c\u0aa6\u0ac7\u0ab5\u0aa8\u0acb \u0aae\u0abf\u0aa4\u0acd\u0ab0\u201d\u0a95\u0ab9\u0ac7\u0ab5\u0abe\u0aae\u0abe \u0a86\u0ab5\u0acd\u0aaf\u0acb."},{"Verseid":"58001023","Verse":"\u0aa4\u0ac7\u0aa5\u0ac0 \u0aa4\u0aae\u0ac7 \u0a9c\u0ac1\u0a93 \u0aae\u0abe\u0aa3\u0ab8 \u0aa4\u0ac7\u0aa8\u0abe \u0ab5\u0abf\u0ab6\u0acd\u0ab5\u0abe\u0ab8 \u0a8f\u0a95\u0ab2\u0abe\u0aa5\u0ac0 \u0aa8\u0ab9\u0abf \u0aaa\u0ab0\u0a82\u0aa4\u0ac1 \u0ab8\u0abe\u0ab0\u0ac0 \u0a95\u0ab0\u0aa3\u0ac0\u0a93\u0aa5\u0ac0 \u0aae\u0abe\u0aa3\u0ab8\u0aa8\u0ac7 \u0aa8\u0acd\u0aaf\u0abe\u0aaf\u0ac0 \u0aa0\u0ab0\u0abe\u0ab5\u0ab5\u0abe\u0aae\u0abe\u0a82 \u0a86\u0ab5\u0ac7 \u0a9b\u0ac7."},{"Verseid":"58001024","Verse":"\u0aa4\u0ac7 \u0a9c \u0aaa\u0acd\u0ab0\u0aae\u0abe\u0aa3\u0ac7 \u0ab0\u0abe\u0ab9\u0abe\u0aac \u0ab5\u0ac7\u0ab6\u0acd\u0aaf\u0abe\u0aa8\u0ac1\u0a82 \u0a89\u0aa6\u0abe\u0ab9\u0ab0\u0aa3 \u0a9b\u0ac7. \u0a9c\u0abe\u0ab8\u0ac2\u0ab8\u0acb\u0aa8\u0acb \u0ab8\u0aa4\u0acd\u0a95\u0abe\u0ab0 \u0a95\u0ab0\u0acd\u0aaf\u0acb \u0a85\u0aa8\u0ac7 \u0aac\u0ac0\u0a9c\u0ac7 \u0aae\u0abe\u0ab0\u0acd\u0a97\u0ac7\u0aa5\u0ac0 \u0ab8\u0ac1\u0ab0\u0a95\u0acd\u0ab7\u0abf\u0aa4 \u0aac\u0ab9\u0abe\u0ab0 \u0aae\u0acb\u0a95\u0ab2\u0ac0 \u0aa6\u0ac0\u0aa7\u0abe. \u0a86\u0aae \u0aa4\u0ac7\u0aa3\u0ac7 \u0a9c\u0ac7 \u0a95\u0abe\u0a82\u0a87 \u0a95\u0ab0\u0acd\u0aaf\u0ac1\u0a82 \u0a9b\u0ac7 \u0aa4\u0ac7\u0aa5\u0ac0 \u0aa4\u0ac7\u0aa8\u0ac7 \u0aa8\u0acd\u0aaf\u0abe\u0aaf\u0ac0 \u0aa0\u0ab0\u0abe\u0ab5\u0ab5\u0abe\u0aae\u0abe\u0a82 \u0a86\u0ab5\u0ac0."},{"Verseid":"58001025","Verse":"\u0a95\u0abe\u0ab0\u0aa3 \u0a95\u0ac7 \u0a9c\u0ac7 \u0ab0\u0ac0\u0aa4\u0ac7 \u0ab6\u0ab0\u0ac0\u0ab0 \u0a86\u0aa4\u0acd\u0aae\u0abe \u0ab5\u0abf\u0aa8\u0abe \u0aa8\u0abf\u0ab0\u0acd\u0a9c\u0ac0\u0ab5 \u0a9b\u0ac7, \u0aa4\u0ac7 \u0a9c \u0ab0\u0ac0\u0aa4\u0ac7 \u0ab5\u0abf\u0ab6\u0acd\u0ab5\u0abe\u0ab8 \u0aaa\u0aa3 \u0a95\u0ab0\u0aa3\u0ac0\u0a93 \u0ab5\u0a97\u0ab0 \u0aa8\u0abf\u0ab0\u0acd\u0a9c\u0ac0\u0ab5 \u0a9b\u0ac7!"}]},{"Verse":[{"Verseid":"58002000","Verse":"\u0ab5\u0ab9\u0abe\u0ab2\u0abe \u0aad\u0abe\u0a88\u0a93 \u0a85\u0aa8\u0ac7 \u0aac\u0ab9\u0ac7\u0aa8\u0acb, \u0aa4\u0aae\u0abe\u0ab0\u0abe\u0aae\u0abe\u0a82\u0aa8\u0abe \u0a98\u0aa3\u0abe \u0a89\u0aaa\u0aa6\u0ac7\u0ab6\u0a95\u0acb \u0aac\u0aa8\u0abe\u0ab5\u0abe\u0aa8\u0ac1\u0a82 \u0aaa\u0ab8\u0a82\u0aa6 \u0aa8 \u0a95\u0ab0\u0ac7. \u0a95\u0ac7\u0aae \u0a95\u0ac7 \u0a89\u0aaa\u0aa6\u0ac7\u0ab6\u0a95\u0acb \u0aa5\u0a87\u0aa8\u0ac7 \u0aa4\u0acb \u0aac\u0ac0\u0a9c\u0abe\u0a93 \u0a95\u0ab0\u0aa4\u0abe\u0a82 \u0a95\u0aa1\u0a95 \u0ab6\u0abf\u0a95\u0acd\u0ab7\u0abe\u0aa8\u0ac7 \u0aaa\u0abe\u0aa4\u0acd\u0ab0 \u0aa0\u0ab0\u0ac0\u0a8f \u0a9b\u0ac0\u0a8f."},{"Verseid":"58002001","Verse":"\u0a86\u0aaa\u0aa3\u0ac7 \u0aac\u0aa7\u0abe \u0a98\u0aa3\u0ac0\u0a9c \u0aad\u0ac2\u0ab2\u0acb \u0a95\u0ab0\u0ac0\u0a8f \u0a9b\u0ac0\u0a8f. \u0a9c\u0acb \u0a95\u0acb\u0a88 \u0a8f\u0ab5\u0acb \u0aae\u0abe\u0aa3\u0ab8 \u0ab9\u0acb\u0aaf \u0a95\u0ac7 \u0aac\u0acb\u0ab2\u0ab5\u0abe\u0aae\u0abe\u0a82 \u0a95\u0acb\u0a88 \u0aaa\u0aa3 \u0aad\u0ac2\u0ab2 \u0aa8 \u0a95\u0ab0\u0ac7, \u0a96\u0ab0\u0abe\u0aac \u0aa8 \u0aac\u0acb\u0ab2\u0ac7, \u0aa4\u0acb \u0a8f \u0a8f\u0a95 \u0ab8\u0a82\u0aaa\u0ac2\u0ab0\u0acd\u0aa3 \u0ab5\u0acd\u0aaf\u0a95\u0acd\u0aa4\u0abf \u0a9b\u0ac7 \u0a85\u0aa8\u0ac7 \u0aa4\u0ac7 \u0aa4\u0ac7\u0aa8\u0ac0 \u0a9c\u0ac0\u0aad \u0a89\u0aaa\u0ab0 \u0a85\u0a82\u0a95\u0ac1\u0ab6 \u0ab0\u0abe\u0a96\u0ab5\u0abe \u0ab6\u0a95\u0acd\u0aa4\u0abf\u0aae\u0abe\u0aa8 \u0a9b\u0ac7, \u0aa4\u0ac7 \u0ab8\u0abe\u0aac\u0abf\u0aa4 \u0aa5\u0abe\u0aaf \u0a9b\u0ac7."},{"Verseid":"58002002","Verse":"\u0a98\u0acb\u0aa1\u0abe \u0a9c\u0ac7\u0ab5\u0abe \u0aaa\u0acd\u0ab0\u0abe\u0aa3\u0ac0\u0aa8\u0abe \u0aae\u0acb\u0a82\u0aae\u0abe \u0a8f\u0a95 \u0aa8\u0abe\u0aa8\u0ac0 \u0ab2\u0a97\u0abe\u0aae \u0ab0\u0abe\u0a96\u0ac0\u0aa8\u0ac7 \u0a86\u0aaa\u0aa3\u0ac7 \u0a86\u0aaa\u0aa3\u0ac0 \u0a88\u0a9a\u0acd\u0a9b\u0abe \u0aaa\u0acd\u0ab0\u0aae\u0abe\u0aa3\u0ac7 \u0aa4\u0ac7\u0aa8\u0abe \u0a86\u0a96\u0abe \u0ab6\u0ab0\u0ac0\u0ab0\u0aa8\u0ac7 \u0aab\u0ac7\u0ab0\u0ab5\u0ac0\u0a8f \u0a9b\u0ac0\u0a8f."},{"Verseid":"58002003","Verse":"\u0a8f\u0a9c \u0aaa\u0acd\u0ab0\u0aae\u0abe\u0aa3\u0ac7 \u0a8f\u0a95 \u0ab8\u0ac1\u0a95\u0abe\u0aa8\u0ac0 \u0a97\u0aae\u0ac7 \u0aa4\u0ac7\u0a9f\u0ab2\u0abe \u0aae\u0acb\u0a9f\u0abe \u0ab5\u0ab9\u0abe\u0aa3\u0aa8\u0ac7 \u0a8f\u0a95 \u0aa8\u0abe\u0aa8\u0abe \u0ab8\u0ac1\u0a95\u0abe\u0aa8 \u0ab5\u0aa1\u0ac7 \u0aaa\u0acb\u0aa4\u0ac7 \u0aa7\u0abe\u0ab0\u0ac7 \u0aa4\u0ac7 \u0aa8\u0abf\u0ab6\u0acd\u0a9a\u0abf\u0aa4 \u0aae\u0abe\u0ab0\u0acd\u0a97\u0ac7, \u0aa7\u0abe\u0ab0\u0ac7 \u0aa4\u0ac7 \u0aa6\u0abf\u0ab6\u0abe\u0aae\u0abe\u0a82 \u0a9a\u0ab2\u0abe\u0ab5\u0ac0 \u0ab6\u0a95\u0ac7 \u0a9b\u0ac7. \u0aaa\u0a9b\u0ac0 \u0aad\u0ab2\u0ac7\u0aa8\u0ac7 \u0aad\u0abe\u0ab0\u0ac7 \u0aaa\u0ab5\u0aa8 \u0aab\u0ac1\u0a82\u0a95\u0abe\u0aa4\u0acb \u0ab9\u0acb\u0aaf."},{"Verseid":"58002004","Verse":"\u0a8f\u0a9c \u0aaa\u0acd\u0ab0\u0aae\u0abe\u0aa3\u0ac7 \u0a9c\u0ac0\u0aad \u0aaa\u0aa3 \u0a8f\u0a95 \u0aa8\u0abe\u0aa8\u0acb \u0a85\u0ab5\u0aaf\u0ab5 \u0a9b\u0ac7, \u0a9b\u0aa4\u0abe\u0a82 \u0aa4\u0ac7 \u0aae\u0acb\u0a9f\u0ac0 \u0ab5\u0abe\u0aa4\u0acb \u0a95\u0ab0\u0ab5\u0abe \u0aac\u0aa1\u0abe\u0ab6 \u0aae\u0abe\u0ab0\u0ac7 \u0a9b\u0ac7.\u0a85\u0a9c\u0acd\u0a9e\u0abf\u0aa8\u0ac0 \u0aa8\u0abe\u0aa8\u0ac0 \u0a9a\u0ac0\u0aa8\u0a97\u0abe\u0ab0\u0ac0 \u0aae\u0acb\u0a9f\u0abe \u0a9c\u0a82\u0a97\u0ab2\u0aa8\u0ac7 \u0ab8\u0ab3\u0a97\u0abe\u0ab5\u0ac0 \u0ab6\u0a95\u0ac7 \u0a9b\u0ac7."},{"Verseid":"58002005","Verse":"\u0a9c\u0ac0\u0aad \u0a8f\u0a95 \u0a85\u0a9c\u0acd\u0a9e\u0abf\u0aa8\u0ac0 \u0a9c\u0ab5\u0abe\u0ab3\u0abe \u0a9c\u0ac7\u0ab5\u0ac0 \u0a9b\u0ac7. \u0aa4\u0ac7 \u0a86\u0aaa\u0aa3\u0abe \u0ab6\u0ab0\u0ac0\u0ab0\u0aa8\u0abe \u0a85\u0ab5\u0aaf\u0ab5\u0acb\u0aae\u0abe\u0a82 \u0aa6\u0ac1\u0ab7\u0acd\u0a9f\u0aa4\u0abe\u0aa8\u0abe \u0a9c\u0a97\u0aa4 \u0a9c\u0ac7\u0ab5\u0ac0 \u0a9b\u0ac7. \u0a85\u0aa8\u0ac7 \u0a86\u0aaa\u0aa3\u0abe \u0a85\u0ab8\u0acd\u0aa4\u0abf\u0aa4\u0acd\u0ab5\u0aa8\u0ac7 \u0a85\u0ab8\u0ab0 \u0a95\u0ab0\u0ac7 \u0a9b\u0ac7 \u0aa4\u0aa5\u0abe \u0a86\u0aaa\u0aa3\u0abe \u0a86\u0a96\u0abe \u0ab6\u0ab0\u0ac0\u0ab0\u0aa8\u0ac7 \u0aaa\u0acd\u0ab0\u0aa6\u0ac1\u0ab7\u0abf\u0aa4 \u0a95\u0ab0\u0ac7 \u0a9b\u0ac7, \u0aa4\u0ac7 \u0aa8\u0ab0\u0a95\u0aae\u0abe\u0a82\u0aa5\u0ac0 \u0a85\u0a9c\u0acd\u0a9e\u0abf \u0aaa\u0acd\u0ab0\u0abe\u0aaa\u0acd\u0aa4 \u0a95\u0ab0\u0ac0\u0aa8\u0ac7 \u0a86\u0a97\u0aa8\u0ac0 \u0ab6\u0ab0\u0ac1\u0a82\u0a86\u0aa4 \u0a95\u0ab0\u0ac7 \u0a9b\u0ac7, \u0a9c\u0ac7 \u0a86\u0aaa\u0aa3\u0abe \u0ab8\u0aae\u0a97\u0acd\u0ab0 \u0a9c\u0ac0\u0ab5\u0aa8\u0a9a\u0a95\u0acd\u0ab0\u0aa8\u0ac7 \u0a85\u0ab8\u0ab0 \u0a95\u0ab0\u0ac7 \u0a9b\u0ac7."},{"Verseid":"58002006","Verse":"\u0aae\u0abe\u0aa3\u0ab8 \u0aaa\u0acd\u0ab0\u0aa4\u0acd\u0aaf\u0ac7\u0a95 \u0aaa\u0acd\u0ab0\u0a95\u0abe\u0ab0\u0aa8\u0abe \u0aaa\u0ab6\u0ac1\u0a93, \u0aaa\u0a95\u0acd\u0ab7\u0ac0\u0a93, \u0aaa\u0ac7\u0a9f\u0ac7 \u0a9a\u0abe\u0ab2\u0aa8\u0abe\u0ab0\u0abe\u0a82 \u0a85\u0aa8\u0ac7 \u0a9c\u0ab3\u0a9a\u0ab0 \u0aaa\u0acd\u0ab0\u0abe\u0aa3\u0ac0\u0a93\u0aa8\u0ac7 \u0ab5\u0ab6 \u0a95\u0ab0\u0ac0 \u0ab6\u0a95\u0ac7 \u0a9b\u0ac7 \u0a85\u0aa8\u0ac7 \u0ab5\u0ab6 \u0a95\u0ab0\u0acd\u0aaf\u0abe \u0a9b\u0ac7 \u0aaa\u0aa3 \u0a96\u0ab0\u0abe\u0a82."},{"Verseid":"58002007","Verse":"\u0aaa\u0aa3 \u0a95\u0acb\u0a88 \u0aaa\u0aa3 \u0aae\u0abe\u0aa3\u0ab8 \u0a8f\u0ab5\u0acb \u0aa8\u0aa5\u0ac0 \u0a95\u0ac7 \u0a9c\u0ac7\u0aa3\u0ac7 \u0a9c\u0ac0\u0aad\u0aa8\u0ac7 \u0a95\u0abe\u0aac\u0ac1\u0aae\u0abe\u0a82 \u0ab0\u0abe\u0a96\u0ac0 \u0ab9\u0acb\u0aaf. \u0aa4\u0ac7 \u0a85\u0a82\u0a95\u0ac1\u0ab6 \u0ab5\u0abf\u0aa8\u0abe\u0aa8\u0ac0 \u0aab\u0ac7\u0ab2\u0abe\u0aa4\u0ac0 \u0aae\u0ab0\u0a95\u0ac0 \u0a9b\u0ac7. \u0a9c\u0ac0\u0aad \u0aaa\u0acd\u0ab0\u0abe\u0aa3\u0a98\u0abe\u0aa4\u0a95 \u0a9d\u0ac7\u0ab0\u0aa5\u0ac0 \u0aad\u0ab0\u0aaa\u0ac2\u0ab0 \u0a9b\u0ac7 \u0a9c\u0ac7 \u0aae\u0abe\u0ab0\u0ac0 \u0ab6\u0a95\u0ac7 \u0a9b\u0ac7."},{"Verseid":"58002008","Verse":"\u0a8f\u0aa8\u0abe\u0aa5\u0ac0 \u0a86\u0aaa\u0aa3\u0ac7 \u0aaa\u0acd\u0ab0\u0aad\u0ac1\u0aa8\u0ac0 \u0a85\u0aa8\u0ac7 \u0a86\u0aaa\u0aa3\u0abe \u0aaa\u0abf\u0aa4\u0abe\u0aa8\u0ac0 (\u0aa6\u0ac7\u0ab5) \u0ab8\u0acd\u0aa4\u0ac1\u0aa4\u0abf \u0a95\u0ab0\u0ac0\u0a8f \u0a9b\u0ac0\u0a8f, \u0a85\u0aa8\u0ac7 \u0a8f\u0a9c \u0a9c\u0ac0\u0aad \u0ab5\u0aa1\u0ac7 \u0aa6\u0ac7\u0ab5\u0aa8\u0ac0 \u0aaa\u0acd\u0ab0\u0aa4\u0abf\u0aae\u0abe \u0aaa\u0acd\u0ab0\u0aae\u0abe\u0aa3\u0ac7 \u0a89\u0aa4\u0acd\u0aaa\u0aa8\u0acd\u0aa8 \u0aa5\u0aaf\u0ac7\u0ab2\u0abe\u0a82 \u0aae\u0abe\u0aa3\u0ab8\u0acb\u0aa8\u0ac7 \u0ab6\u0abe\u0aaa \u0aaa\u0aa3 \u0a86\u0aaa\u0ac0\u0a8f \u0a9b\u0ac0\u0a8f."},{"Verseid":"58002009","Verse":"\u0a8f\u0a95 \u0a9c \u0aae\u0ac1\u0a96\u0aae\u0abe\u0aa5\u0ac0 \u0ab8\u0acd\u0aa4\u0ac1\u0aa4\u0abf \u0aa4\u0aa5\u0abe \u0ab6\u0abe\u0aaa \u0aac\u0a82\u0aa8\u0acd\u0aa8\u0ac7 \u0aa8\u0ac0\u0a95\u0ab3\u0ac7 \u0a9b\u0ac7. \u0aad\u0abe\u0a88\u0a93 \u0a85\u0aa8\u0ac7 \u0aac\u0ab9\u0ac7\u0aa8\u0acb, \u0a86\u0ab5\u0ac1\u0a82 \u0aa8 \u0a9c \u0aa5\u0ab5\u0ac1\u0a82 \u0a9c\u0acb\u0a88\u0a8f\u0ac7."},{"Verseid":"58002010","Verse":"\u0ab6\u0ac1\u0a82 \u0a9d\u0ab0\u0aa3 \u0a8f\u0a95 \u0a9c \u0aae\u0ac1\u0a96\u0aae\u0abe\u0a82\u0aa5\u0ac0 \u0aae\u0ac0\u0aa0\u0ac1\u0a82 \u0aa4\u0aa5\u0abe \u0a96\u0abe\u0a82\u0ab0\u0ac1\u0a82 \u0aaa\u0abe\u0aa3\u0ac0 \u0a86\u0aaa\u0ac0 \u0ab6\u0a95\u0ac7? \u0aa8\u0abe!"},{"Verseid":"58002011","Verse":"\u0aae\u0abe\u0ab0\u0abe \u0aad\u0abe\u0a88\u0a93 \u0a85\u0aa8\u0ac7 \u0aac\u0ab9\u0ac7\u0aa8\u0acb, \u0ab6\u0ac1\u0a82 \u0a85\u0a82\u0a9c\u0ac0\u0ab0\u0ac0 \u0aaa\u0ab0\u0aa5\u0ac0 \u0a9c\u0ac8\u0aa4\u0aab\u0ab3\u0acb \u0a85\u0aa8\u0ac7 \u0aa6\u0acd\u0aa7\u0abe\u0a95\u0acd\u0ab7\u0abe\u0ab5\u0ac7\u0ab2\u0abe \u0aaa\u0ab0\u0aa5\u0ac0 \u0a85\u0a82\u0a9c\u0ac0\u0ab0\u0ac0 \u0aae\u0ac7\u0ab3\u0ab5\u0ac0 \u0ab6\u0a95\u0abe\u0aaf \u0a9b\u0ac7! \u0aa8\u0abe! \u0a85\u0aa8\u0ac7 \u0a8f \u0ab0\u0ac0\u0aa4\u0ac7 \u0aa4\u0aae\u0ac7 \u0a96\u0abe\u0ab0\u0abe \u0aaa\u0abe\u0aa3\u0ac0\u0aa8\u0abe \u0a95\u0ac2\u0ab5\u0abe\u0aae\u0abe\u0a82\u0aa5\u0ac0 \u0aae\u0ac0\u0aa0\u0ac1\u0a82 \u0aaa\u0abe\u0aa3\u0ac0 \u0a95\u0aa6\u0ac0 \u0aae\u0ac7\u0ab3\u0ab5\u0ac0 \u0ab6\u0a95\u0acb \u0aa8\u0ab9\u0abf."},{"Verseid":"58002012","Verse":"\u0aa4\u0aae\u0abe\u0ab0\u0abe\u0aae\u0abe\u0a82\u0aa5\u0ac0 \u0a95\u0acb\u0a88 \u0a96\u0ab0\u0ac7\u0a96\u0ab0 \u0a9c\u0acd\u0a9e\u0abe\u0aa8\u0ac0 \u0a85\u0aa8\u0ac7 \u0ab8\u0aae\u0a9c\u0ac1\u0a95 \u0aae\u0abe\u0aa3\u0ab8 \u0a9b\u0ac7? \u0a9c\u0acb \u0a8f\u0aae \u0ab9\u0acb\u0aaf \u0aa4\u0acb, \u0aa4\u0ac7\u0aa3\u0ac7 \u0aa8\u0acd\u0aaf\u0abe\u0aaf\u0ac0 \u0a9c\u0ac0\u0ab5\u0aa8 \u0a9c\u0ac0\u0ab5\u0ac0\u0aa8\u0ac7 \u0aa4\u0ac7\u0aa8\u0ac1\u0a82 \u0ab8\u0abe\u0a9a\u0ac1\u0a82 \u0a9c\u0acd\u0a9e\u0abe\u0aa8 \u0aac\u0aa4\u0abe\u0ab5\u0ab5\u0ac1\u0a82 \u0a9c\u0acb\u0a88\u0a8f\u0ac7. \u0a9c\u0acd\u0a9e\u0abe\u0aa8\u0ac0 \u0aae\u0abe\u0aa3\u0ab8 \u0a85\u0aad\u0abf\u0aae\u0abe\u0aa8 \u0a95\u0ab0\u0aa4\u0acb \u0aa8\u0aa5\u0ac0."},{"Verseid":"58002013","Verse":"\u0aa4\u0aae\u0ac7 \u0ab8\u0acd\u0ab5\u0abe\u0ab0\u0acd\u0aa5 \u0a85\u0aa8\u0ac7 \u0ab9\u0acd\u0ab0\u0aa6\u0aaf\u0aae\u0abe\u0a82 \u0a95\u0aa1\u0ab5\u0ac0 \u0a85\u0aa6\u0ac7\u0a96\u0abe\u0a87 \u0a95\u0ab0\u0ab5\u0abe\u0aa8\u0ac1\u0a82 \u0ab0\u0abe\u0a96\u0ab6\u0acb \u0aa4\u0acb \u0aa4\u0aae\u0abe\u0ab0\u0ac7 \u0a85\u0aad\u0abf\u0aae\u0abe\u0aa8\u0aa8\u0ac1\u0a82 \u0a95\u0acb\u0a88\u0a9c \u0a95\u0abe\u0ab0\u0aa3 \u0aa8\u0aa5\u0ac0. \u0aa4\u0aae\u0abe\u0ab0\u0ac1\u0a82 \u0a85\u0aad\u0abf\u0aae\u0abe\u0aa8 \u0a9c\u0ac2\u0aa0\u0abe\u0aa3\u0ac1\u0a82 \u0a9b\u0ac7 \u0a9c\u0ac7 \u0ab8\u0aa4\u0acd\u0aaf\u0aa8\u0ac7 \u0aa2\u0abe\u0a95\u0ac0 \u0aa6\u0ac7 \u0a9b\u0ac7."},{"Verseid":"58002014","Verse":"\u0a86 \u0a8f\u0ab5\u0ac0 \u0a9c\u0abe\u0aa4\u0aa8\u0ac1\u0a82 \u201c\u0a9c\u0acd\u0a9e\u0abe\u0aa8\u201d \u0aa8\u0aa5\u0ac0 \u0a95\u0ac7 \u0a9c\u0ac7 \u0aa6\u0ac7\u0ab5 \u0aaa\u0abe\u0ab8\u0ac7\u0aa5\u0ac0 \u0aaa\u0acd\u0ab0\u0abe\u0aaa\u0acd\u0aa4 \u0aa5\u0aa4\u0ac1\u0a82 \u0ab9\u0acb\u0aaf, \u0aa4\u0ac7\u0aa8\u0ac7 \u0aac\u0aa6\u0ab2\u0ac7 \u0aa4\u0ac7 \u0a9c\u0acd\u0a9e\u0abe\u0aa8 \u0a9c\u0a97\u0aa4\u0aae\u0abe\u0a82\u0aa5\u0ac0 \u0aaa\u0acd\u0ab0\u0abe\u0aaa\u0acd\u0aa4 \u0aa5\u0abe\u0aaf \u0a9b\u0ac7. \u0aa4\u0ac7 \u0a90\u0ab9\u0abf\u0a95, \u0ab5\u0abf\u0ab7\u0aaf\u0ac0, \u0ab6\u0ac7\u0aa4\u0abe\u0aa8 \u0aaa\u0acd\u0ab0\u0ac7\u0ab0\u0abf\u0aa4 \u0a9b\u0ac7."},{"Verseid":"58002015","Verse":"\u0a9c\u0acd\u0aaf\u0abe\u0a82 \u0a85\u0aa6\u0ac7\u0a96\u0abe\u0a87 \u0aa4\u0aa5\u0abe \u0ab8\u0acd\u0ab5\u0abe\u0ab0\u0acd\u0aa5\u0ac0 \u0aae\u0ab9\u0aa4\u0acd\u0ab5\u0abe\u0a95\u0abe\u0a82\u0a95\u0acd\u0ab7\u0abe \u0a9b\u0ac7, \u0aa4\u0acd\u0aaf\u0abe\u0a82 \u0a85\u0ab5\u0acd\u0aaf\u0ab5\u0ab8\u0acd\u0aa5\u0abe \u0aa4\u0aa5\u0abe \u0ab8\u0ab0\u0acd\u0ab5 \u0aaa\u0acd\u0ab0\u0a95\u0abe\u0ab0\u0aa8\u0ac0 \u0aad\u0ac2\u0aa1\u0abe\u0a87 \u0aaa\u0acd\u0ab0\u0ab5\u0ab0\u0acd\u0aa4\u0aa4\u0ac0 \u0ab0\u0ab9\u0ac7\u0ab6\u0ac7."},{"Verseid":"58002016","Verse":"\u0aaa\u0aa3 \u0aa6\u0ac7\u0ab5 \u0aa4\u0ab0\u0aab\u0aa5\u0ac0 \u0a86\u0ab5\u0aa4\u0ac1\u0a82 \u0a9c\u0acd\u0a9e\u0abe\u0aa8 \u0aa8\u0abf\u0ab0\u0acd\u0aae\u0ab3, \u0ab6\u0abe\u0a82\u0aa4\u0abf\u0aaa\u0acd\u0ab0\u0abf\u0aaf, \u0aa8\u0aae\u0acd\u0ab0 \u0a85\u0aa8\u0ac7 \u0a96\u0ac1\u0ab2\u0acd\u0ab2\u0abe \u0aae\u0aa8\u0aa8\u0ac1\u0a82, \u0aa6\u0aaf\u0abe \u0a85\u0aa8\u0ac7 \u0aad\u0ab2\u0abe\u0a88\u0aa5\u0ac0 \u0aad\u0ab0\u0aaa\u0ac2\u0ab0 \u0a9b\u0ac7. \u0ab8\u0abe\u0ab0\u0abe\u0a82 \u0aab\u0ab3\u0acb\u0aa5\u0ac0 \u0aad\u0ab0\u0aaa\u0ac2\u0ab0 \u0aa8\u0abf\u0ab7\u0acd\u0aaa\u0a95\u0acd\u0ab7\u0aaa\u0abe\u0aa4 \u0aa4\u0aa5\u0abe \u0aa6\u0a82\u0aad\u0ab0\u0ab9\u0abf\u0aa4 \u0a9b\u0ac7."},{"Verseid":"58002017","Verse":"\u0a9c\u0ac7 \u0ab2\u0acb\u0a95\u0acb \u0ab6\u0abe\u0a82\u0aa4\u0abf \u0aae\u0abe\u0a9f\u0ac7 \u0a95\u0abe\u0ab0\u0acd\u0aaf \u0a95\u0ab0\u0ac7 \u0a9b\u0ac7 \u0aa4\u0ac7\u0a93 \u0aa8\u0acd\u0aaf\u0abe\u0aaf\u0ac0 \u0a9c\u0ac0\u0ab5\u0aa8\u0aae\u0abe\u0a82\u0aa5\u0ac0 \u0a86\u0ab5\u0aa4\u0abe\u0a82 \u0ab8\u0abe\u0ab0\u0abe\u0a82 \u0ab5\u0abe\u0aa8\u0abe\u0a82 \u0aaa\u0acd\u0ab0\u0abe\u0aaa\u0acd\u0aa4 \u0a95\u0ab0\u0ac7 \u0a9b\u0ac7."}]},{"Verse":[{"Verseid":"58003000","Verse":"\u0aa4\u0aae\u0ac7 \u0a9c\u0abe\u0aa3\u0acb \u0a9b\u0acb \u0aa4\u0aae\u0abe\u0ab0\u0abe\u0aae\u0abe\u0a82 \u0a9d\u0a98\u0aa1\u0abe \u0a85\u0aa8\u0ac7 \u0ab5\u0abe\u0aa6\u0ab5\u0abf\u0ab5\u0abe\u0aa6 \u0a95\u0acd\u0aaf\u0abe\u0a82\u0abe\u0aa5\u0ac0 \u0a86\u0ab5\u0ac7 \u0a9b\u0ac7? \u0aa4\u0aae\u0abe\u0ab0\u0abe\u0aae\u0abe\u0a82 \u0ab0\u0ab9\u0ac7\u0ab2\u0ac0 \u0ab8\u0acd\u0ab5\u0abe\u0ab0\u0acd\u0aa5\u0ac0\u0ab5\u0ac3\u0aa4\u0acd\u0aa4\u0abf\u0aa8\u0ac7 \u0ab2\u0ac0\u0aa7\u0ac7 \u0aa5\u0abe\u0aaf \u0a9b\u0ac7."},{"Verseid":"58003001","Verse":"\u0aa4\u0aae\u0abe\u0ab0\u0ac0 \u0aaa\u0abe\u0ab8\u0ac7 \u0a9c\u0ac7 \u0aa8\u0aa5\u0ac0 \u0aa4\u0ac7 \u0aaa\u0acd\u0ab0\u0abe\u0aaa\u0acd\u0aa4 \u0a95\u0ab0\u0ab5\u0abe \u0aa4\u0aae\u0ac7 \u0ab8\u0acd\u0ab5\u0abe\u0ab0\u0acd\u0aa5\u0ac0 \u0a88\u0a9a\u0acd\u0a9b\u0abe \u0ab0\u0abe\u0a96\u0acb \u0a9b\u0acb \u0a85\u0aa8\u0ac7 \u0aa4\u0ac7 \u0aae\u0ac7\u0ab3\u0ab5\u0ab5\u0abe \u0a85\u0aa6\u0ac7\u0a96\u0abe\u0a87 \u0a95\u0ab0\u0acb \u0a9b\u0acb \u0a85\u0aa8\u0ac7 \u0aa4\u0ac7\u0aa5\u0ac0 \u0aa4\u0aae\u0ac7 \u0ab9\u0aa4\u0acd\u0aaf\u0abe \u0a95\u0ab0\u0acb \u0a9b\u0acb \u0aaa\u0ab0\u0a82\u0aa4\u0ac1 \u0a95\u0ab6\u0ac1\u0a82 \u0aae\u0ac7\u0ab3\u0ab5\u0ac0 \u0ab6\u0a95\u0aa4\u0abe \u0aa8\u0aa5\u0ac0. \u0ab5\u0ab3\u0ac0 \u0aa4\u0ac7 \u0aae\u0abe\u0a9f\u0ac7 \u0aa4\u0aae\u0ac7 \u0ab5\u0abf\u0ab5\u0abe\u0aa6 \u0a85\u0aa8\u0ac7 \u0a9d\u0a98\u0aa1\u0abe \u0a95\u0ab0\u0acb \u0a9b\u0acb. \u0aa4\u0aae\u0abe\u0ab0\u0ac7 \u0a9c\u0ac7 \u0a9c\u0acb\u0a88\u0a8f\u0ac7 \u0a9b\u0ac7 \u0aa4\u0ac7 \u0aa4\u0aae\u0aa8\u0ac7 \u0aae\u0ab3\u0aa4\u0ac1\u0a82 \u0aa8\u0aa5\u0ac0 \u0a95\u0abe\u0ab0\u0aa3 \u0aa4\u0aae\u0ac7 \u0aa6\u0ac7\u0ab5 \u0aaa\u0abe\u0ab8\u0ac7 \u0aae\u0abe\u0a82\u0a97\u0aa4\u0abe \u0aa8\u0aa5\u0ac0."},{"Verseid":"58003002","Verse":"\u0a9c\u0acd\u0aaf\u0abe\u0ab0\u0ac7 \u0aa4\u0aae\u0ac7 \u0aae\u0abe\u0a97\u0acb \u0a9b\u0acb, \u0a9b\u0aa4\u0abe\u0a82 \u0aa4\u0aae\u0aa8\u0ac7 \u0aae\u0ab3\u0aa4\u0ac1\u0a82 \u0aa8\u0aa5\u0ac0 \u0a95\u0ac7\u0aae \u0a95\u0ac7 \u0aa4\u0aae\u0abe\u0ab0\u0acb \u0a87\u0ab0\u0abe\u0aa6\u0acb \u0ab8\u0abe\u0a9a\u0acb \u0aa8\u0aa5\u0ac0. \u0aa4\u0aae\u0ac7 \u0a9c\u0ac7 \u0aae\u0abe\u0a97\u0acb \u0a9b\u0acb \u0aa4\u0acb \u0aae\u0acb\u0a9c \u0ab6\u0acb\u0a96 \u0aae\u0abe\u0a9f\u0ac7 \u0aae\u0abe\u0a97\u0acb \u0a9b\u0acb \u0aa4\u0ac7\u0aa5\u0ac0 \u0aa4\u0ac7 \u0aa4\u0aae\u0aa8\u0ac7 \u0aae\u0ab3\u0aa4\u0ac1\u0a82 \u0aa8\u0aa5\u0ac0."},{"Verseid":"58003003","Verse":"\u0aa4\u0aae\u0ac7 \u0ab2\u0acb\u0a95\u0acb \u0aa6\u0ac7\u0ab5\u0aa8\u0ac7 \u0ab5\u0aab\u0abe\u0aa6\u0abe\u0ab0 \u0aa8\u0aa5\u0ac0! \u0aa4\u0aae\u0abe\u0ab0\u0ac7 \u0a9c\u0abe\u0aa3\u0ab5\u0ac1\u0a82 \u0a9c\u0acb\u0a88\u0a8f\u0ac7 \u0a95\u0ac7 \u0a9c\u0a97\u0aa4\u0aa8\u0ac7 \u0a9a\u0abe\u0a82\u0ab9\u0ab5\u0ac1\u0a82 \u0aa4\u0ac7 \u0aa6\u0ac7\u0ab5\u0aa8\u0ac7 \u0aa7\u0abf\u0a95\u0acd\u0a95\u0abe\u0ab0\u0ab5\u0abe \u0aac\u0ab0\u0abe\u0aac\u0ab0 \u0a9b\u0ac7. \u0aa4\u0ac7\u0aa5\u0ac0 \u0ab5\u0acd\u0aaf\u0a95\u0acd\u0aa4\u0abf \u0a9c\u0acd\u0aaf\u0abe\u0ab0\u0ac7 \u0aa6\u0ac1\u0aa8\u0abf\u0aaf\u0abe\u0aa8\u0acb \u0a8f\u0a95 \u0aad\u0abe\u0a97\u0aac\u0aa8\u0ab5\u0abe \u0a88\u0a9a\u0acd\u0a9b\u0ac7 \u0a9b\u0ac7, \u0aa4\u0acd\u0aaf\u0abe\u0ab0\u0ac7 \u0aa4\u0ac7 \u0aaa\u0acb\u0aa4\u0abe\u0aa8\u0ac0 \u0a9c\u0abe\u0aa4\u0aa8\u0ac7 \u0aa6\u0ac7\u0ab5\u0aa8\u0acb \u0aa6\u0ac1\u0ab6\u0acd\u0aae\u0aa8 \u0aac\u0aa8\u0abe\u0ab5\u0ac7 \u0a9b\u0ac7."},{"Verseid":"58003004","Verse":"\u0aa4\u0aae\u0ac7 \u0ab6\u0ac1\u0a82 \u0a8f\u0aae \u0aae\u0abe\u0aa8\u0acb \u0a9b\u0acb \u0a95\u0ac7 \u0ab6\u0abe\u0ab8\u0acd\u0aa4\u0acd\u0ab0\u0aa8\u0acb \u0a95\u0ab6\u0acb \u0a9c \u0a85\u0ab0\u0acd\u0aa5 \u0aa8\u0aa5\u0ac0? \u0ab6\u0abe\u0ab8\u0acd\u0aa4\u0acd\u0ab0 \u0a95\u0ab9\u0ac7 \u0a9b\u0ac7 \u0a95\u0ac7; \u201c\u0aa6\u0ac7\u0ab5\u0ac7 \u0a9c\u0ac7 \u0a86\u0aaa\u0aa3\u0abe\u0aae\u0abe\u0a82 \u0a86\u0aa4\u0acd\u0aae\u0abe \u0aae\u0ac2\u0a95\u0acd\u0aaf\u0acb \u0a9b\u0ac7 \u0aa4\u0ac7\u0aa5\u0ac0 \u0aa4\u0ac7 \u0a86\u0aa4\u0acd\u0aae\u0abe \u0aa4\u0ac7\u0aa8\u0ac0 \u0a9c\u0abe\u0aa4 \u0aae\u0abe\u0a9f\u0ac7 \u0a9c \u0a88\u0a9a\u0acd\u0a9b\u0ac7 \u0a9b\u0ac7.\u201d"},{"Verseid":"58003005","Verse":"\u0aaa\u0ab0\u0a82\u0aa4\u0ac1 \u0aa4\u0ac7 \u0aa4\u0acb \u0ab5\u0aa7\u0ac1 \u0aa8\u0ac7 \u0ab5\u0aa7\u0ac1 \u0a95\u0ac3\u0aaa\u0abe \u0a86\u0aaa\u0ac7 \u0a9b\u0ac7. \u0a85\u0aa8\u0ac7 \u0ab6\u0abe\u0ab8\u0acd\u0aa4\u0acd\u0ab0 \u0a95\u0ab9\u0ac7 \u0a9b\u0ac7 \u0a95\u0ac7; \u201c\u0a9c\u0ac7 \u0ab2\u0acb\u0a95\u0acb \u0a85\u0aad\u0abf\u0aae\u0abe\u0aa8\u0ac0\u0a9b\u0ac7, \u0aa4\u0ac7\u0a93\u0aa8\u0ac0 \u0ab5\u0abf\u0ab0\u0ac2\u0aa6\u0acd\u0aa7 \u0aa6\u0ac7\u0ab5 \u0a9b\u0ac7. \u0aaa\u0ab0\u0a82\u0aa4\u0ac1 \u0a9c\u0ac7\u0a93 \u0ab5\u0abf\u0aa8\u0aae\u0acd\u0ab0 \u0a9b\u0ac7 \u0aa4\u0ac7\u0a93\u0aa8\u0abe \u0aaa\u0ab0 \u0aa6\u0ac7\u0ab5\u0aa8\u0ac0 \u0a95\u0ac3\u0aaa\u0abe \u0a9b\u0ac7.\u201d"},{"Verseid":"58003006","Verse":"\u0aa4\u0ac7\u0aa5\u0ac0 \u0aa4\u0aae\u0abe\u0ab0\u0ac0 \u0a9c\u0abe\u0aa4 \u0aa6\u0ac7\u0ab5\u0aa8\u0ac7 \u0ab8\u0acb\u0a82\u0aaa\u0ac0 \u0aa6\u0acb. \u0ab6\u0ac7\u0aa4\u0abe\u0aa8\u0aa8\u0ac0 \u0ab8\u0abe\u0aae\u0abe \u0aa5\u0abe\u0a93, \u0a85\u0aa8\u0ac7 \u0ab6\u0ac7\u0aa4\u0abe\u0aa8 \u0aa4\u0aae\u0abe\u0ab0\u0ac0 \u0aaa\u0abe\u0ab8\u0ac7\u0aa5\u0ac0 \u0aa8\u0abe\u0ab8\u0ac0 \u0a9c\u0ab6\u0ac7."},{"Verseid":"58003007","Verse":"\u0aa6\u0ac7\u0ab5\u0aa8\u0ac0 \u0aa8\u0a9c\u0ac0\u0a95 \u0a86\u0ab5\u0acb \u0a85\u0aa8\u0ac7 \u0aa6\u0ac7\u0ab5 \u0aa4\u0aae\u0abe\u0ab0\u0ac0 \u0aaa\u0abe\u0ab8\u0ac7 \u0a86\u0ab5\u0ab6\u0ac7. \u0aa4\u0aae\u0ac7 \u0aaa\u0abe\u0aaa\u0ac0 \u0a9b\u0acb. \u0aa4\u0ac7\u0aa5\u0ac0 \u0aa4\u0aae\u0abe\u0ab0\u0abe \u0a9c\u0ac0\u0ab5\u0aa8\u0aae\u0abe\u0a82\u0aa5\u0ac0 \u0aaa\u0abe\u0aaa \u0aa6\u0ac2\u0ab0 \u0a95\u0ab0\u0acb. \u0aa4\u0aae\u0ac7 \u0aa6\u0ac1\u0aa8\u0abf\u0aaf\u0abe \u0a85\u0aa8\u0ac7 \u0aa6\u0ac7\u0ab5 \u0aac\u0a82\u0aa8\u0ac7\u0aa8\u0ac7 \u0a8f\u0a95 \u0ab8\u0abe\u0aa5\u0ac7 \u0a85\u0aa8\u0ac1\u0ab8\u0ab0\u0ab5\u0abe \u0aae\u0abe\u0a97\u0acb \u0a9b\u0acb. \u0aa4\u0aae\u0abe\u0ab0\u0ac0 \u0ab5\u0abf\u0a9a\u0abe\u0ab0\u0aa7\u0abe\u0ab0\u0abe\u0aa8\u0ac7 \u0aa8\u0abf\u0ab0\u0acd\u0aae\u0ab3 \u0aac\u0aa8\u0abe\u0ab5\u0acb."},{"Verseid":"58003008","Verse":"\u0aa4\u0aae\u0ac7 \u0a89\u0aa6\u0abe\u0ab8 \u0aa5\u0abe\u0a93, \u0ab6\u0acb\u0a95 \u0a95\u0ab0\u0acb, \u0a85\u0aa8\u0ac7 \u0ab0\u0aa1\u0acb! \u0aa4\u0aae\u0abe\u0ab0\u0abe \u0ab9\u0abe\u0ab8\u0acd\u0aaf\u0aa8\u0ac7 \u0ab6\u0acb\u0a95\u0aae\u0abe\u0a82 \u0aab\u0ac7\u0ab0\u0ab5\u0acb. \u0aa4\u0aae\u0abe\u0ab0\u0abe \u0a86\u0aa8\u0a82\u0aa6\u0aa8\u0ac7 \u0ab5\u0abf\u0ab7\u0abe\u0aa6\u0aae\u0aaf \u0aac\u0aa8\u0abe\u0ab5\u0acb."},{"Verseid":"58003009","Verse":"\u0aaa\u0acd\u0ab0\u0aad\u0ac1 \u0a86\u0a97\u0ab3 \u0aa6\u0ac0\u0aa8 \u0aac\u0aa8\u0acb, \u0a85\u0aa8\u0ac7 \u0aa4\u0ac7 \u0aa4\u0aae\u0aa8\u0ac7 \u0aae\u0ab9\u0abe\u0aa8 \u0aac\u0aa8\u0abe\u0ab5\u0ab6\u0ac7."},{"Verseid":"58003010","Verse":"\u0aad\u0abe\u0a88\u0a93 \u0a85\u0aa8\u0ac7 \u0aac\u0ab9\u0ac7\u0aa8\u0acb, \u0a8f\u0a95\u0aac\u0ac0\u0a9c\u0abe\u0aa8\u0ac0 \u0ab5\u0abf\u0ab0\u0ac2\u0aa6\u0acd\u0aa7 \u0a95\u0ab6\u0ac1\u0a82 \u0a9c \u0aac\u0acb\u0ab2\u0ab6\u0acb \u0aa8\u0ab9\u0abf. \u0a9c\u0acb \u0aa4\u0aae\u0ac7 \u0a96\u0acd\u0ab0\u0abf\u0ab8\u0acd\u0aa4\u0aae\u0abe\u0a82 \u0aa4\u0aae\u0abe\u0ab0\u0abe \u0aad\u0abe\u0a88\u0aa8\u0ac0 \u0a9f\u0ac0\u0a95\u0abe \u0a95\u0ab0\u0acb \u0a95\u0ac7 \u0aa4\u0ac7\u0aa8\u0acb \u0aa8\u0acd\u0aaf\u0abe\u0aaf \u0a95\u0ab0\u0acb \u0aa4\u0acb \u0aa4\u0aae\u0ac7 \u0a9c\u0ac7 \u0aa8\u0abf\u0aaf\u0aae\u0ab6\u0abe\u0ab8\u0acd\u0aa4\u0acd\u0ab0\u0aa8\u0ac7 \u0a85\u0aa8\u0ac1\u0ab8\u0ab0\u0ac0 \u0ab0\u0ab9\u0acd\u0aaf\u0abe \u0a9b\u0acb \u0aa4\u0ac7\u0aa8\u0ac0 \u0a9f\u0ac0\u0a95\u0abe \u0a95\u0ab0\u0acb \u0a9b\u0acb. \u0a9c\u0acd\u0aaf\u0abe\u0ab0\u0ac7 \u0a96\u0acd\u0ab0\u0abf\u0ab8\u0acd\u0aa4\u0aae\u0abe\u0a82 \u0aad\u0abe\u0a88\u0a93\u0aa8\u0acb \u0aa4\u0aae\u0ac7 \u0aa8\u0acd\u0aaf\u0abe\u0aaf \u0a95\u0ab0\u0acb \u0a9b\u0acb \u0aa4\u0acd\u0aaf\u0abe\u0ab0\u0ac7 \u0ab9\u0a95\u0ac0\u0a95\u0aa4\u0aae\u0abe\u0a82 \u0aa4\u0ac7 \u0a9c\u0ac7 \u0aa8\u0abf\u0aaf\u0aae\u0ab6\u0abe\u0ab8\u0acd\u0aa4\u0acd\u0ab0\u0aa8\u0ac7 \u0a85\u0aa8\u0ac1\u0ab8\u0ab0\u0ac7 \u0a9b\u0ac7, \u0aa4\u0ac7\u0aa8\u0acb \u0aa4\u0aae\u0ac7 \u0aa8\u0acd\u0aaf\u0abe\u0aaf \u0a95\u0ab0\u0acb \u0a9b\u0acb \u0a85\u0aa8\u0ac7 \u0a9c\u0acd\u0aaf\u0abe\u0ab0\u0ac7 \u0aa4\u0aae\u0ac7 \u0aa8\u0ac0\u0aa4\u0abf\u0ab6\u0abe\u0ab8\u0acd\u0aa4\u0acd\u0ab0\u0aa8\u0ac0 \u0aae\u0ac2\u0ab2\u0ab5\u0aa3\u0ac0 \u0a95\u0ab0\u0ab5\u0abe \u0a9c\u0abe\u0a93 \u0aa4\u0acd\u0aaf\u0abe\u0ab0\u0ac7 \u0aa4\u0aae\u0ac7 \u0aa4\u0ac7\u0aa8\u0abe \u0ab6\u0abf\u0ab7\u0acd\u0aaf\u0acb \u0aa8\u0aa5\u0ac0. \u0aa4\u0aae\u0ac7 \u0aaa\u0acb\u0aa4\u0ac7 \u0a9c \u0aa4\u0ac7\u0aa8\u0abe \u0aa8\u0acd\u0aaf\u0abe\u0aaf\u0abe\u0aa7\u0ac0\u0ab6 \u0aac\u0aa8\u0ac0 \u0a9c\u0abe\u0a93 \u0a9b\u0acb."},{"Verseid":"58003011","Verse":"\u0aa6\u0ac7\u0ab5\u0ac7 \u0aa4\u0ac7 \u0a8f\u0a95 \u0a9c \u0a9b\u0ac7 \u0a95\u0ac7 \u0a9c\u0ac7 \u0aa8\u0abf\u0aaf\u0aae\u0ab6\u0abe\u0ab8\u0acd\u0aa4\u0acd\u0ab0\u0aa8\u0ac0 \u0ab0\u0a9a\u0aa8\u0abe \u0a95\u0ab0\u0ac7 \u0a9b\u0ac7. \u0a85\u0aa8\u0ac7 \u0aa4\u0ac7 \u0aae\u0abe\u0aa4\u0acd\u0ab0 \u0a8f\u0a95 \u0a9c \u0aa8\u0acd\u0aaf\u0abe\u0aaf\u0abe\u0aa7\u0ac0\u0ab6 \u0a9b\u0ac7. \u0a8f\u0a95 \u0aa6\u0ac7\u0ab5 \u0aae\u0abe\u0aa4\u0acd\u0ab0 \u0aa4\u0abe\u0ab0\u0ac0 \u0ab6\u0a95\u0ac7 \u0a9b\u0ac7 \u0a85\u0aa8\u0ac7 \u0aa8\u0abe\u0ab6 \u0a95\u0ab0\u0ac0 \u0ab6\u0a95\u0ac7 \u0a9b\u0ac7. \u0aa4\u0ac7\u0aa5\u0ac0 \u0a85\u0aa8\u0acd\u0aaf \u0ab5\u0acd\u0aaf\u0a95\u0acd\u0aa4\u0abf\u0aa8\u0acb \u0aa8\u0acd\u0aaf\u0abe\u0aaf \u0a95\u0ab0\u0aa8\u0abe\u0ab0 \u0aa4\u0ac1\u0a82 \u0a95\u0acb\u0aa3 \u0a9b\u0ac7?"},{"Verseid":"58003012","Verse":"\u0aa4\u0aae\u0abe\u0ab0\u0abe\u0aae\u0abe\u0a82\u0aa8\u0abe \u0a95\u0ac7\u0a9f\u0ab2\u0abe\u0a8f\u0a95 \u0a95\u0ab9\u0ac7 \u0a9b\u0ac7 \u0a95\u0ac7, \u201c\u0a86\u0a9c\u0ac7 \u0a85\u0aa5\u0ab5\u0abe \u0a95\u0abe\u0ab2\u0ac7 \u0a86\u0aaa\u0aa3\u0ac7 \u0a95\u0acb\u0a88 \u0a8f\u0a95 \u0ab6\u0ab9\u0ac7\u0ab0 \u0aa4\u0ab0\u0aab \u0a9c\u0a88\u0ab6\u0ac1\u0a82. \u0a86\u0aaa\u0aa3\u0ac7 \u0aa4\u0acd\u0aaf\u0abe\u0a82 \u0a8f\u0a95 \u0ab5\u0ab0\u0acd\u0ab7 \u0ab0\u0ab9\u0ac0\u0ab6\u0ac1\u0a82, \u0ab5\u0ac7\u0aaa\u0abe\u0ab0 \u0a95\u0ab0\u0ac0\u0ab6\u0ac1\u0a82 \u0a85\u0aa8\u0ac7 \u0aaa\u0ac8\u0ab8\u0abe \u0aac\u0aa8\u0abe\u0ab5\u0ac0\u0ab6\u0ac1\u0a82,\u201d \u0ab8\u0abe\u0a82\u0aad\u0ab3\u0acb! \u0a86 \u0ab5\u0abf\u0ab6\u0ac7 \u0ab5\u0abf\u0a9a\u0abe\u0ab0\u0acb:"},{"Verseid":"58003013","Verse":"\u0a95\u0abe\u0ab2\u0ac7 \u0ab6\u0ac1\u0a82 \u0aa5\u0ab5\u0abe\u0aa8\u0ac1\u0a82 \u0a9b\u0ac7 \u0aa4\u0ac7\u0aa8\u0ac0 \u0aa4\u0aae\u0aa8\u0ac7 \u0a96\u0aac\u0ab0 \u0aa8\u0aa5\u0ac0! \u0aa4\u0aae\u0abe\u0ab0\u0ac1\u0a82 \u0a9c\u0ac0\u0ab5\u0aa8 \u0ab6\u0abe\u0aa8\u0abe \u0a9c\u0ac7\u0ab5\u0ac1\u0a82 \u0a9b\u0ac7? \u0aa4\u0ac7 \u0aa4\u0acb \u0aab\u0a95\u0acd\u0aa4 \u0a8f\u0a95 \u0aa7\u0ac2\u0aae\u0ab0 \u0a9c\u0ac7\u0ab5\u0ac1\u0a82 \u0a9b\u0ac7. \u0a85\u0ab2\u0acd\u0aaa \u0ab8\u0aae\u0aaf \u0aae\u0abe\u0a9f\u0ac7 \u0a9c\u0ac1\u0a93 \u0a9b\u0acb, \u0a85\u0aa8\u0ac7 \u0aaa\u0a9b\u0ac0 \u0aa4\u0ac7 \u0a85\u0aa6\u0acd\u0ab0\u0ab6\u0acd\u0aaf \u0aa5\u0a88 \u0a9c\u0abe\u0aaf \u0a9b\u0ac7."},{"Verseid":"58003014","Verse":"\u0aa4\u0ac7\u0aa5\u0ac0 \u0aa4\u0aae\u0abe\u0ab0\u0ac7 \u0a95\u0ab9\u0ac7\u0ab5\u0ac1\u0a82 \u0a9c\u0acb\u0a88\u0a8f\u0ac7 \u0a95\u0ac7, \u201c\u0aaa\u0acd\u0ab0\u0aad\u0ac1\u0aa8\u0ac0 \u0a88\u0a9a\u0acd\u0a9b\u0abe \u0ab9\u0ab6\u0ac7, \u0aa4\u0acb \u0a85\u0aae\u0ac7 \u0a9c\u0ac0\u0ab5\u0ac0\u0ab6\u0ac1\u0a82 \u0a85\u0aa8\u0ac7 \u0a86\u0aae \u0a95\u0ac7 \u0aa4\u0ac7\u0aae \u0a95\u0ab0\u0ac0\u0ab6\u0ac1\u0a82.\u201d"},{"Verseid":"58003015","Verse":"\u0aaa\u0ab0\u0a82\u0aa4\u0ac1 \u0a85\u0aa4\u0acd\u0aaf\u0abe\u0ab0\u0ac7 \u0aa4\u0aae\u0ac7 \u0a85\u0aad\u0abf\u0aae\u0abe\u0aa8\u0ac0 \u0a85\u0aa8\u0ac7 \u0a85\u0ab9\u0a82\u0a95\u0abe\u0ab0\u0ac0 \u0a9b\u0acb. \u0a86 \u0aac\u0aa7\u0acb\u0a9c \u0a85\u0aac\u0a82\u0a95\u0abe\u0ab0 \u0a96\u0acb\u0a9f\u0acb \u0a9b\u0ac7."},{"Verseid":"58003016","Verse":"\u0a85\u0aa8\u0ac7 \u0a9c\u0ac7 \u0ab5\u0acd\u0aaf\u0a95\u0acd\u0aa4\u0abf \u0aad\u0ab2\u0ac1\u0a82 \u0a95\u0ab0\u0ac0 \u0a9c\u0abe\u0aa3\u0ac7 \u0a9b\u0ac7 \u0a85\u0aa8\u0ac7 \u0a9b\u0aa4\u0abe\u0a82 \u0aa4\u0ac7 \u0aa8 \u0a95\u0ab0\u0ac7 \u0aa4\u0acb \u0aa4\u0ac7 \u0aaa\u0abe\u0aaa \u0a95\u0ab0\u0ac7 \u0a9b\u0ac7."}]},{"Verse":[{"Verseid":"58004000","Verse":"\u0aa4\u0aae\u0ac7 \u0ab6\u0acd\u0ab0\u0ac0\u0aae\u0a82\u0aa4\u0acb, \u0ab8\u0abe\u0a82\u0aad\u0ab3\u0acb! \u0ab0\u0ac2\u0aa6\u0aa8 \u0a95\u0ab0\u0acb \u0a85\u0aa8\u0ac7 \u0a96\u0ac2\u0aac\u0a9c \u0ab5\u0acd\u0aaf\u0aa5\u0abf\u0aa4 \u0aa5\u0abe\u0ab5. \u0a95\u0abe\u0ab0\u0aa3 \u0a95\u0ac7 \u0a98\u0aa3\u0abe \u0ab8\u0a82\u0a95\u0a9f\u0acb \u0aa4\u0aae\u0abe\u0ab0\u0abe \u0aaa\u0ab0 \u0a86\u0ab5\u0ab5\u0abe\u0aa8\u0abe\u0a82 \u0a9b\u0ac7."},{"Verseid":"58004001","Verse":"\u0ab5\u0ab3\u0ac0 \u0aa4\u0aae\u0abe\u0ab0\u0ac0 \u0ab8\u0aae\u0ac3\u0aa6\u0acd\u0aa7\u0abf \u0ab8\u0aa1\u0ac0 \u0a97\u0a87 \u0a9b\u0ac7, \u0a85\u0aa8\u0ac7 \u0aa4\u0ac7\u0aa8\u0ac1\u0a82 \u0aae\u0ac2\u0ab2\u0acd\u0aaf \u0a95\u0ab6\u0ac1\u0a82 \u0a9c \u0ab0\u0ab9\u0acd\u0aaf\u0ac1\u0a82 \u0aa8\u0aa5\u0ac0, \u0aa4\u0aae\u0abe\u0ab0\u0abe \u0ab5\u0ab8\u0acd\u0aa4\u0acd\u0ab0\u0acb \u0a9c\u0ac0\u0ab5\u0a9c\u0a82\u0aa4\u0ac1 \u0a96\u0abe\u0a88 \u0a9c\u0ab6\u0ac7."},{"Verseid":"58004002","Verse":"\u0aa4\u0aae\u0abe\u0ab0\u0ac1\u0a82 \u0ab8\u0acb\u0aa8\u0ac1\u0a82 \u0a85\u0aa8\u0ac7 \u0a9a\u0abe\u0a82\u0aa6\u0ac0 \u0a95\u0a9f\u0abe\u0a88 \u0a9c\u0ab6\u0ac7, \u0a85\u0aa8\u0ac7 \u0aa4\u0ac7\u0aa8\u0acb \u0a95\u0abe\u0a9f \u0aa4\u0aae\u0abe\u0ab0\u0abe \u0a96\u0acb\u0a9f\u0abe\u0aaa\u0aa3\u0abe\u0aa8\u0ac0 \u0ab8\u0abe\u0aac\u0abf\u0aa4\u0ac0 \u0aac\u0aa8\u0ab6\u0ac7 \u0aa4\u0ac7 \u0a95\u0abe\u0a9f \u0a85\u0a9c\u0acd\u0a9e\u0abf\u0aa8\u0ac0 \u0a9c\u0ac7\u0aae \u0aa4\u0aae\u0abe\u0ab0\u0abe\u0a82 \u0ab6\u0ab0\u0ac0\u0ab0\u0aa8\u0ac7 \u0aad\u0ab0\u0a96\u0ac0 \u0a9c\u0ab6\u0ac7. \u0a85\u0a82\u0aa4\u0a95\u0abe\u0ab3 \u0ab8\u0ac1\u0aa7\u0ac0 \u0aa4\u0aae\u0ac7 \u0aa4\u0aae\u0abe\u0ab0\u0acb \u0a96\u0a9c\u0abe\u0aa8\u0acb \u0ab8\u0a82\u0a98\u0ab0\u0ac0 \u0ab0\u0abe\u0a96\u0acd\u0aaf\u0acb \u0a9b\u0ac7."},{"Verseid":"58004003","Verse":"\u0ab2\u0acb\u0a95\u0acb\u0a8f \u0aa4\u0aae\u0abe\u0ab0\u0abe\u0a82 \u0a96\u0ac7\u0aa4\u0ab0\u0acb\u0aae\u0abe \u0a95\u0abe\u0aae \u0a95\u0ab0\u0acd\u0aaf\u0ac1\u0a82, \u0aaa\u0ab0\u0a82\u0aa4\u0ac1 \u0aa4\u0aae\u0ac7 \u0aa4\u0ac7\u0aae\u0aa8\u0ac7 \u0ab5\u0ab3\u0aa4\u0ab0 \u0a9a\u0ac2\u0a95\u0ab5\u0acd\u0aaf\u0ac1\u0a82 \u0aa8\u0ab9\u0abf \u0aa4\u0ac7\u0a82 \u0ab2\u0acb\u0a95\u0acb \u0aa4\u0aae\u0abe\u0ab0\u0ac0 \u0ab5\u0abf\u0ab0\u0ac2\u0aa6\u0acd\u0aa7 \u0ab0\u0ac2\u0aa6\u0aa8 \u0a95\u0ab0\u0ac0 \u0ab0\u0ab9\u0acd\u0aaf\u0abe \u0a9b\u0ac7 \u0aa4\u0ac7 \u0ab2\u0acb\u0a95\u0acb\u0a8f \u0aa4\u0aae\u0abe\u0ab0\u0abe \u0aaa\u0abe\u0a95\u0aa8\u0ac0 \u0ab2\u0aa3\u0aa3\u0ac0 \u0a95\u0ab0\u0ac0. \u0ab9\u0ab5\u0ac7 \u0a86\u0a95\u0abe\u0ab6\u0aa8\u0abe \u0ab2\u0ab6\u0acd\u0a95\u0ab0\u0acb\u0aa8\u0abe \u0aaa\u0acd\u0ab0\u0aad\u0ac1\u0a8f \u0aa4\u0ac7\u0a93\u0aa8\u0ac0 \u0aac\u0ac2\u0aae\u0acb \u0ab8\u0abe\u0a82\u0aad\u0ab3\u0ac0 \u0a9b\u0ac7."},{"Verseid":"58004004","Verse":"\u0aa4\u0aae\u0ac7 \u0aaa\u0ac3\u0aa5\u0acd\u0ab5\u0ac0 \u0aaa\u0ab0 \u0aae\u0acb\u0a9c\u0ab6\u0acb\u0a96 \u0a85\u0aa8\u0ac7 \u0ab5\u0abf\u0ab2\u0abe\u0ab8\u0ac0 \u0a9c\u0ac0\u0ab5\u0aa8 \u0a9c\u0ac0\u0ab5\u0acb \u0a9b\u0acb. \u0aa4\u0aae\u0ac7 \u0a95\u0abe\u0aaa\u0abe\u0a95\u0abe\u0aaa\u0ac0\u0aa8\u0abe \u0aa6\u0abf\u0ab5\u0ab8 \u0aae\u0abe\u0a9f\u0ac7 \u0aa4\u0ac8\u0aaf\u0abe\u0ab0 \u0aaa\u0acd\u0ab0\u0abe\u0aa3\u0ac0\u0aa8\u0ac0 \u0a9c\u0ac7\u0aae \u0aa4\u0aae\u0abe\u0ab0\u0ac0 \u0a9c\u0abe\u0aa4\u0aa8\u0ac7 \u0ab8\u0acd\u0aa5\u0ac2\u0ab3 \u0aac\u0aa8\u0abe\u0ab5\u0ac0 \u0aa6\u0ac0\u0aa7\u0ac0 \u0a9b\u0ac7."},{"Verseid":"58004005","Verse":"\u0aa8\u0acd\u0aaf\u0abe\u0aaf\u0ac0 \u0aaa\u0acd\u0ab0\u0aa4\u0acd\u0aaf\u0ac7 \u0aa4\u0aae\u0ac7 \u0a95\u0acb\u0a88 \u0aa6\u0aaf\u0abe \u0aac\u0aa4\u0abe\u0ab5\u0ac0 \u0aa8\u0aa5\u0ac0. \u0aa4\u0ac7\u0a93 \u0aa4\u0aae\u0abe\u0ab0\u0ac0 \u0ab5\u0abf\u0ab0\u0ac2\u0aa6\u0acd\u0aa7 \u0aa8\u0ab9\u0acb\u0aa4\u0abe, \u0a9b\u0aa4\u0abe\u0a82 \u0aa4\u0aae\u0ac7 \u0aa4\u0ac7\u0a93\u0aa8\u0ac7 \u0aae\u0abe\u0ab0\u0ac0 \u0aa8\u0abe\u0a96\u0acd\u0aaf\u0abe\u0a82 \u0a9b\u0ac7."},{"Verseid":"58004006","Verse":"\u0aad\u0abe\u0a88\u0a93 \u0a85\u0aa8\u0ac7 \u0aac\u0ab9\u0ac7\u0aa8\u0acb, \u0aa7\u0ac0\u0ab0\u0a9c \u0ab0\u0abe\u0a96\u0acb, \u0aaa\u0acd\u0ab0\u0aad\u0ac1 \u0a88\u0ab8\u0ac1 \u0a86\u0ab5\u0ab6\u0ac7; \u0aa4\u0ac7\u0aa5\u0ac0 \u0aa4\u0ac7 \u0ab8\u0aae\u0aaf \u0ab8\u0ac1\u0aa7\u0ac0 \u0aa7\u0ac0\u0ab0\u0a9c \u0ab0\u0abe\u0a96\u0acb. \u0a96\u0ac7\u0aa1\u0ac2\u0aa4\u0acb \u0aa7\u0ac0\u0ab0\u0a9c\u0ab5\u0abe\u0aa8 \u0a9b\u0ac7. \u0a96\u0ac7\u0aa1\u0ac2\u0aa4 \u0aaa\u0acb\u0aa4\u0abe\u0aa8\u0acb \u0aae\u0ac2\u0ab2\u0acd\u0aaf\u0ab5\u0abe\u0aa8 \u0aaa\u0abe\u0a95 \u0a9c\u0aae\u0ac0\u0aa8\u0aae\u0abe\u0a82\u0aa5\u0ac0 \u0a8a\u0a82\u0a97\u0ac7 \u0aa4\u0acd\u0aaf\u0abe\u0a82 \u0ab8\u0ac1\u0aa7\u0ac0 \u0ab0\u0abe\u0ab9 \u0a9c\u0ac1\u0a8f \u0a9b\u0ac7. \u0a96\u0ac7\u0aa1\u0ac2\u0aa4 \u0aa7\u0ac0\u0ab0\u0a9c\u0aa5\u0ac0 \u0aaa\u0acb\u0aa4\u0abe\u0aa8\u0abe \u0aaa\u0abe\u0a95\u0aa8\u0ac7 \u0aae\u0ab3\u0aa8\u0abe\u0ab0 \u0aaa\u0acd\u0ab0\u0aa5\u0aae \u0ab5\u0ab0\u0ab8\u0abe\u0aa6 \u0a85\u0aa8\u0ac7 \u0a85\u0a82\u0aa4\u0abf\u0aae \u0ab5\u0ab0\u0ab8\u0abe\u0aa6\u0aa8\u0ac0 \u0ab0\u0abe\u0ab9 \u0a9c\u0ac1\u0a8f \u0a9b\u0ac7."},{"Verseid":"58004007","Verse":"\u0aa4\u0aae\u0abe\u0ab0\u0ac7 \u0aaa\u0aa3 \u0aa7\u0ac0\u0ab0\u0a9c\u0ab5\u0abe\u0aa8 \u0aa5\u0ab5\u0ac1\u0a82 \u0a9c\u0acb\u0a88\u0a8f\u0ac7, \u0a86\u0ab6\u0abe \u0aa8 \u0a9b\u0acb\u0aa1\u0ab6\u0acb. \u0aaa\u0acd\u0ab0\u0aad\u0ac1 \u0a88\u0ab8\u0ac1 \u0a98\u0aa3\u0acb \u0a9c\u0ab2\u0acd\u0aa6\u0ac0 \u0a86\u0ab5\u0ac0 \u0ab0\u0ab9\u0acd\u0aaf\u0acb \u0a9b\u0ac7."},{"Verseid":"58004008","Verse":"\u0aad\u0abe\u0a88\u0a93 \u0a85\u0aa8\u0ac7 \u0aac\u0ab9\u0ac7\u0aa8\u0acb, \u0a8f\u0a95 \u0aac\u0ac0\u0a9c\u0abe\u0aa8\u0ac0 \u0ab5\u0abf\u0ab0\u0ac2\u0aa6\u0acd\u0aa7 \u0aab\u0ab0\u0abf\u0aaf\u0abe\u0aa6 \u0aa8 \u0a95\u0ab0\u0acb. \u0a9c\u0acb \u0aa4\u0aae\u0ac7 \u0aab\u0ab0\u0abf\u0aaf\u0abe\u0aa6 \u0a95\u0ab0\u0aa4\u0abe \u0aa8\u0ab9\u0abf \u0a85\u0a9f\u0a95\u0abe\u0ab6\u0acb, \u0aa4\u0acb \u0aa4\u0aae\u0ac7 \u0aa6\u0acb\u0ab7\u0abf\u0aa4 \u0aa5\u0ab6\u0acb. \u0aa8\u0acd\u0aaf\u0abe\u0aaf\u0abe\u0aa7\u0ac0\u0ab6\u0aa8\u0ac7 \u0a86\u0ab5\u0ab5\u0abe\u0aa8\u0ac0 \u0aa4\u0ac8\u0aaf\u0abe\u0ab0\u0ac0 \u0a9b\u0ac7!"},{"Verseid":"58004009","Verse":"\u0aad\u0abe\u0a88\u0a93 \u0a85\u0aa8\u0ac7 \u0aac\u0ab9\u0ac7\u0aa8\u0acb, \u0a9c\u0ac7 \u0aaa\u0acd\u0ab0\u0aac\u0acb\u0aa7\u0a95\u0acb \u0a8f \u0aaa\u0acd\u0ab0\u0aad\u0ac1 \u0ab5\u0abf\u0ab6\u0ac7 \u0ab5\u0abe\u0aa4 \u0a95\u0ab0\u0ac7\u0ab2\u0ac0 \u0aa4\u0ac7\u0aa8\u0abe \u0a89\u0aa6\u0abe\u0ab9\u0ab0\u0aa3\u0aa8\u0ac7 \u0a85\u0aa8\u0ac1\u0ab8\u0ab0\u0acb. \u0aa4\u0ac7\u0a93\u0a8f \u0a98\u0aa3\u0ac0 \u0a96\u0ab0\u0abe\u0aac \u0ab5\u0ab8\u0acd\u0aa4\u0ac1\u0a93 \u0ab8\u0ab9\u0aa8 \u0a95\u0ab0\u0ac0, \u0aaa\u0aa3 \u0aa4\u0ac7\u0a93\u0a8f \u0aa7\u0ac0\u0ab0\u0a9c \u0ab0\u0abe\u0a96\u0ac0."},{"Verseid":"58004010","Verse":"\u0a9c\u0ac7\u0a93\u0a8f \u0aa7\u0ac0\u0ab0\u0a9c \u0ab0\u0abe\u0a96\u0ac0 \u0a9b\u0ac7 \u0aa4\u0ac7 \u0ab2\u0acb\u0a95\u0acb\u0aa8\u0acb \u0aa7\u0aa8\u0acd\u0aaf \u0a9b\u0ac7. \u0aa4\u0ac7\u0a93 \u0a85\u0aa4\u0acd\u0aaf\u0abe\u0ab0\u0ac7 \u0ab8\u0ac1\u0a96\u0ac0 \u0a9b\u0ac7. \u0a85\u0aaf\u0ac2\u0aac\u0aa8\u0ac0 \u0aa7\u0ac0\u0ab0\u0a9c \u0ab5\u0abf\u0ab7\u0ac7 \u0aa4\u0aae\u0ac7 \u0ab8\u0abe\u0a82\u0aad\u0ab3\u0acd\u0aaf\u0ac1\u0a82 \u0a9b\u0ac7 \u0a85\u0aa8\u0ac7 \u0aaa\u0acd\u0ab0\u0aad\u0ac1\u0aa5\u0ac0 \u0a9c\u0ac7 \u0aaa\u0ab0\u0abf\u0aa3\u0abe\u0aae \u0a86\u0ab5\u0acd\u0aaf\u0ac1\u0a82 \u0aa4\u0ac7 \u0a89\u0aaa\u0ab0\u0aa5\u0ac0 \u0aa4\u0aae\u0ac7 \u0a9c\u0acb\u0aaf\u0ac1\u0a82 \u0a9b\u0ac7 \u0a95\u0ac7, \u0aaa\u0acd\u0ab0\u0aad\u0ac1 \u0a98\u0aa3\u0acb \u0aa6\u0aaf\u0abe\u0ab3\u0ac1 \u0aa4\u0aa5\u0abe \u0a95\u0ac3\u0aaa\u0abe\u0ab3\u0ac1 \u0a9b\u0ac7."},{"Verseid":"58004011","Verse":"\u0aae\u0abe\u0ab0\u0abe \u0aad\u0abe\u0a88\u0a93 \u0a85\u0aa8\u0ac7 \u0aac\u0ab9\u0ac7\u0aa8\u0acb, \u0a9c\u0acd\u0aaf\u0abe\u0ab0\u0ac7 \u0aa4\u0aae\u0ac7 \u0ab5\u0a9a\u0aa8 \u0a86\u0aaa\u0acb \u0aa4\u0acd\u0aaf\u0abe\u0ab0\u0ac7 \u0ab8\u0aae \u0aa8 \u0a96\u0abe\u0a93. \u0aa4\u0ac7 \u0a96\u0ac2\u0aac\u0a9c \u0aae\u0ab9\u0aa4\u0acd\u0ab5\u0aa8\u0ac1\u0a82 \u0a9b\u0ac7 \u0a95\u0ac7 \u0aa4\u0aae\u0ac7 \u0a9c\u0ac7 \u0a95\u0ab9\u0acb \u0a9b\u0acb \u0aa4\u0ac7\u0aa8\u0ac7 \u0ab8\u0abe\u0aac\u0abf\u0aa4 \u0a95\u0ab0\u0ab5\u0abe\u0aae\u0abe\u0a82 \u0a86\u0a95\u0abe\u0ab6, \u0aa7\u0ab0\u0aa4\u0ac0 \u0a85\u0aa5\u0ab5\u0abe \u0aac\u0ac0\u0a9c\u0ac0 \u0a95\u0acb\u0a88 \u0aaa\u0aa3 \u0ab5\u0ab8\u0acd\u0aa4\u0ac1\u0aa8\u0abe \u0aa8\u0abe\u0aae\u0aa8\u0abe \u0ab8\u0aae \u0aa8 \u0a96\u0abe\u0a93. \u0a9c\u0acd\u0aaf\u0abe\u0ab0\u0ac7 \u0aa4\u0aae\u0ac7 \u0ab9\u0a95\u0abe\u0ab0\u0abe\u0aa4\u0acd\u0aae\u0a95 \u0a9b\u0acb \u0aa4\u0acd\u0aaf\u0abe\u0ab0\u0ac7 \u0aae\u0abe\u0aa4\u0acd\u0ab0 \u201c\u0ab9\u0abe\u201d \u0a95\u0ab9\u0acb \u0a85\u0aa8\u0ac7 \u0aa8\u0a95\u0abe\u0ab0\u0abe\u0aa4\u0acd\u0aae\u0a95 \u0a9b\u0acb, \u0aa4\u0acd\u0aaf\u0abe\u0ab0\u0ac7 \u0aae\u0abe\u0aa4\u0acd\u0ab0 \u201c\u0aa8\u0abe\u201d \u0a95\u0ab9\u0acb. \u0a86\u0aae \u0a95\u0ab0\u0acb \u0a95\u0ac7 \u0a9c\u0ac7\u0aa5\u0ac0 \u0aa4\u0aae\u0ac7 \u0a97\u0ac1\u0aa8\u0ac7\u0a97\u0abe\u0ab0 \u0aa8 \u0aa0\u0ab0\u0acb."},{"Verseid":"58004012","Verse":"\u0a9c\u0acb \u0aa4\u0aae\u0abe\u0ab0\u0abe\u0aae\u0abe\u0a82 \u0a95\u0acb\u0a88 \u0aa6\u0ac1:\u0a96\u0ac0 \u0ab9\u0acb\u0aaf, \u0aa4\u0acb \u0aa4\u0ac7\u0aa3\u0ac7 \u0aaa\u0acd\u0ab0\u0abe\u0ab0\u0acd\u0aa5\u0aa8\u0abe \u0a95\u0ab0\u0ab5\u0ac0 \u0a9c\u0acb\u0a88\u0a8f. \u0a85\u0aa8\u0ac7 \u0a9c\u0acb \u0a95\u0acb\u0a88 \u0a86\u0aa8\u0a82\u0aa6\u0abf\u0aa4 \u0aac\u0aa8\u0ac7 \u0aa4\u0acb, \u0aa4\u0ac7\u0aa3\u0ac7 \u0ab8\u0acd\u0aa4\u0acb\u0aa4\u0acd\u0ab0 \u0a97\u0abe\u0ab5\u0ac1\u0a82 \u0a9c\u0acb\u0a88\u0a8f."},{"Verseid":"58004013","Verse":"\u0a9c\u0acb \u0aa4\u0aae\u0abe\u0ab0\u0abe\u0aae\u0abe\u0a82\u0aa8\u0ac1\u0a82 \u0a95\u0acb\u0a88 \u0aae\u0abe\u0a82\u0aa6\u0ac1 \u0aaa\u0aa1\u0ac7 \u0aa4\u0acb, \u0aa4\u0ac7\u0aa3\u0ac7 \u0aae\u0a82\u0aa1\u0ab3\u0ac0\u0aa8\u0abe \u0ab5\u0aa1\u0ac0\u0ab2\u0acb\u0aa8\u0ac7 \u0aac\u0acb\u0ab2\u0abe\u0ab5\u0ab5\u0abe \u0a9c\u0acb\u0a88\u0a8f. \u0ab5\u0aa1\u0ac0\u0ab2\u0acb\u0a8f \u0aaa\u0acd\u0ab0\u0aad\u0ac1\u0aa8\u0abe \u0aa8\u0abe\u0aae\u0ac7 \u0aa4\u0ac7\u0aa8\u0ac7 \u0aa4\u0ac7\u0ab2 \u0a9a\u0acb\u0ab3\u0ac0\u0aa8\u0ac7 \u0aa4\u0ac7\u0aa8\u0ac7 \u0aae\u0abe\u0a9f\u0ac7 \u0aaa\u0acd\u0ab0\u0abe\u0ab0\u0acd\u0aa5\u0aa8\u0abe \u0a95\u0ab0\u0ab5\u0ac0 \u0a9c\u0acb\u0a88\u0a8f."},{"Verseid":"58004014","Verse":"\u0a85\u0aa8\u0ac7 \u0ab5\u0abf\u0ab6\u0acd\u0ab5\u0abe\u0ab8\u0aa5\u0ac0 \u0a95\u0ab0\u0ac7\u0ab2\u0ac0 \u0aaa\u0acd\u0ab0\u0abe\u0ab0\u0acd\u0aa5\u0aa8\u0abe \u0aae\u0abe\u0a82\u0aa6\u0abe \u0aae\u0abe\u0aa3\u0ab8\u0aa8\u0ac7 \u0ab8\u0abe\u0a9c\u0acb \u0a95\u0ab0\u0ac7 \u0a9b\u0ac7. \u0aaa\u0acd\u0ab0\u0aad\u0ac1 \u0aa4\u0ac7\u0aa8\u0ac7 \u0ab8\u0abe\u0a9c\u0acb \u0a95\u0ab0\u0ab6\u0ac7. \u0a85\u0aa8\u0ac7 \u0a86 \u0aae\u0abe\u0aa3\u0ab8\u0ac7 \u0a9c\u0acb \u0aaa\u0abe\u0aaa \u0a95\u0ab0\u0acd\u0aaf\u0abe \u0ab9\u0ab6\u0ac7 \u0aa4\u0acb \u0aa6\u0ac7\u0ab5 \u0aa4\u0ac7\u0aa8\u0ac7 \u0aae\u0abe\u0aab \u0a95\u0ab0\u0ab6\u0ac7."},{"Verseid":"58004015","Verse":"\u0aa4\u0aae\u0ac7 \u0a9c\u0ac7 \u0a96\u0ab0\u0abe\u0aac \u0a95\u0abe\u0aae \u0a95\u0ab0\u0acd\u0aaf\u0abe \u0ab9\u0acb\u0aaf \u0aa4\u0ac7 \u0a8f\u0a95\u0aac\u0ac0\u0a9c\u0abe\u0aa8\u0ac7 \u0a95\u0ab9\u0acb. \u0a85\u0aa8\u0ac7 \u0aaa\u0a9b\u0ac0 \u0a8f\u0a95\u0aac\u0ac0\u0a9c\u0abe \u0aae\u0abe\u0a9f\u0ac7 \u0aaa\u0acd\u0ab0\u0abe\u0ab0\u0acd\u0aa5\u0aa8\u0abe \u0a95\u0ab0\u0acb. \u0a86\u0aae \u0a95\u0ab0\u0acb \u0a95\u0ac7 \u0a9c\u0ac7\u0aa5\u0ac0 \u0aa6\u0ac7\u0ab5 \u0aa4\u0aae\u0aa8\u0ac7 \u0ab8\u0abe\u0a9c\u0abe \u0a95\u0ab0\u0ac0 \u0ab6\u0a95\u0ac7. \u0a9c\u0acb \u0ab8\u0abe\u0ab0\u0acb \u0aae\u0abe\u0aa3\u0ab8 \u0a86\u0a97\u0acd\u0ab0\u0ab9\u0aa5\u0ac0 \u0aaa\u0acd\u0ab0\u0abe\u0ab0\u0acd\u0aa5\u0aa8\u0abe \u0a95\u0ab0\u0ac7 \u0aa4\u0acb \u0aae\u0ab9\u0abe\u0aa8 \u0a95\u0abe\u0ab0\u0acd\u0aaf\u0acb \u0aa5\u0abe\u0aaf \u0a9b\u0ac7."},{"Verseid":"58004016","Verse":"\u0a8f\u0ab2\u0abf\u0aaf\u0abe \u0ab8\u0acd\u0ab5\u0aad\u0abe\u0ab5\u0ac7 \u0a86\u0aaa\u0aa3\u0abe \u0a9c\u0ac7\u0ab5\u0ac0 \u0a9c \u0ab5\u0acd\u0aaf\u0a95\u0acd\u0aa4\u0abf \u0ab9\u0aa4\u0ac0. \u0aa4\u0ac7\u0aa3\u0ac7 \u0aaa\u0acd\u0ab0\u0abe\u0ab0\u0acd\u0aa5\u0aa8\u0abe \u0a95\u0ab0\u0ac0 \u0a95\u0ac7 \u0ab5\u0ab0\u0ab8\u0abe\u0aa6 \u0aa8 \u0aaa\u0aa1\u0ac7. \u0a85\u0aa8\u0ac7 \u0ab8\u0abe\u0aa1\u0abe \u0aa4\u0acd\u0ab0\u0aa3 \u0ab5\u0ab0\u0ab8 \u0ab8\u0ac1\u0aa7\u0ac0 \u0aaa\u0ac3\u0aa5\u0acd\u0ab5\u0ac0 \u0aaa\u0ab0 \u0ab5\u0ab0\u0ab8\u0abe\u0aa6 \u0aa8 \u0aaa\u0aa1\u0acd\u0aaf\u0acb!"},{"Verseid":"58004017","Verse":"\u0aaa\u0a9b\u0ac0 \u0a8f\u0ab2\u0abf\u0aaf\u0abe\u0a8f \u0aaa\u0acd\u0ab0\u0abe\u0ab0\u0acd\u0aa5\u0aa8\u0abe \u0a95\u0ab0\u0ac0 \u0a95\u0ac7 \u0ab5\u0ab0\u0ab8\u0abe\u0aa6 \u0aaa\u0aa1\u0ac7. \u0a85\u0aa8\u0ac7 \u0a86\u0a95\u0abe\u0ab6\u0aae\u0abe\u0a82\u0aa5\u0ac0 \u0ab5\u0ab0\u0ab8\u0abe\u0aa6 \u0aaa\u0aa1\u0acd\u0aaf\u0acb, \u0a85\u0aa8\u0ac7 \u0aa7\u0ab0\u0aa4\u0ac0\u0aae\u0abe\u0a82\u0aa5\u0ac0 \u0aaa\u0abe\u0a95 \u0a8a\u0a97\u0ac0 \u0aa8\u0ac0\u0a95\u0ab3\u0acd\u0aaf\u0acb."},{"Verseid":"58004018","Verse":"\u0aae\u0abe\u0ab0\u0abe \u0aad\u0abe\u0a88\u0a93 \u0a85\u0aa8\u0ac7 \u0aac\u0ab9\u0ac7\u0aa8\u0acb, \u0a9c\u0acb \u0aa4\u0aae\u0abe\u0ab0\u0abe\u0aae\u0abe\u0a82\u0aa8\u0acb \u0a95\u0acb\u0a88 \u0ab8\u0aa4\u0acd\u0aaf\u0aae\u0abe\u0a82\u0aa5\u0ac0 \u0aad\u0ac2\u0ab2\u0acb \u0aaa\u0aa1\u0ac7 \u0aa4\u0acb \u0aac\u0ac0\u0a9c\u0ac0 \u0ab5\u0acd\u0aaf\u0a95\u0acd\u0aa4\u0abf \u0aa4\u0ac7\u0aa8\u0ac7 \u0ab8\u0aa4\u0acd\u0aaf \u0aa4\u0ab0\u0aab \u0aaa\u0abe\u0a9b\u0abe \u0ab5\u0ab3\u0ab5\u0abe \u0aae\u0aa6\u0aa6\u0ab0\u0ac1\u0a82\u0aaa \u0aac\u0aa8\u0ac7."},{"Verseid":"58004019","Verse":"\u0aaf\u0abe\u0aa6 \u0ab0\u0abe\u0a96\u0acb: \u0a9c\u0ac7 \u0ab5\u0acd\u0aaf\u0a95\u0acd\u0aa4\u0abf \u0aaa\u0abe\u0aaa\u0ac0\u0aa8\u0ac7 \u0a96\u0acb\u0a9f\u0abe \u0aae\u0abe\u0ab0\u0acd\u0a97\u0ac7\u0aa5\u0ac0 \u0aaa\u0abe\u0a9b\u0ac0 \u0ab5\u0abe\u0ab3\u0ac7 \u0a9b\u0ac7, \u0aa4\u0ac7 \u0ab5\u0acd\u0aaf\u0a95\u0acd\u0aa4\u0abf \u0aa4\u0ac7 \u0ab5\u0acd\u0aaf\u0a95\u0acd\u0aa4\u0abf\u0aa8\u0abe \u0aaa\u0acd\u0ab0\u0abe\u0aa3\u0aa8\u0ac7 \u0aae\u0acb\u0aa4\u0aae\u0abe\u0a82\u0aa5\u0ac0 \u0aac\u0a9a\u0abe\u0ab5\u0ac7 \u0a9b\u0ac7. \u0a86\u0aae \u0aa4\u0ac7 \u0aaa\u0abe\u0aaa\u0acb\u0aa8\u0ac0 \u0a95\u0acd\u0ab7\u0aae\u0abe \u0aae\u0abe\u0a9f\u0ac7 \u0aa8\u0abf\u0aae\u0abf\u0aa4\u0acd\u0aa4 \u0aac\u0aa8\u0ac7 \u0a9b\u0ac7. \ufeff"}]}]}