{"Chapter":[{"Verse":[{"Verseid":"59000000","Verse":"\u0a88\u0ab8\u0ac1 \u0a96\u0acd\u0ab0\u0abf\u0ab8\u0acd\u0aa4\u0aa8\u0acb \u0aaa\u0acd\u0ab0\u0ac7\u0ab0\u0abf\u0aa4 \u0aaa\u0abf\u0aa4\u0ab0, \u0aa4\u0ab0\u0aab\u0aa5\u0ac0 \u0a95\u0ac1\u0ab6\u0ab3\u0aa4\u0abe \u0ab9\u0acb. \u0aa6\u0ac7\u0ab5\u0aa8\u0ac0 \u0aaa\u0ab8\u0a82\u0aa6\u0a97\u0ac0 \u0aaa\u0abe\u0aae\u0ac7\u0ab2\u0abe \u0ab2\u0acb\u0a95\u0acb \u0a9c\u0acb\u0a97 \u0a9c\u0ac7\u0a93 \u0aa4\u0ac7\u0a93\u0aa8\u0abe \u0a98\u0ab0\u0aa5\u0ac0 \u0aa6\u0ac2\u0ab0 \u0aaa\u0acb\u0aa8\u0acd\u0aa4\u0ab8, \u0a97\u0ab2\u0abe\u0aa4\u0abf\u0aaf\u0abe, \u0a95\u0aaa\u0acd\u0aaa\u0aa6\u0acb\u0a95\u0abf\u0aaf\u0abe, \u0a86\u0ab8\u0abf\u0aaf\u0abe \u0a85\u0aa8\u0ac7 \u0aac\u0abf\u0aa5\u0ac2\u0aa8\u0abf\u0aaf\u0abe\u0aa8\u0abe \u0ab5\u0abf\u0ab5\u0abf\u0aa7 \u0ab5\u0abf\u0ab8\u0acd\u0aa4\u0abe\u0ab0\u0acb\u0aae\u0abe\u0a82 \u0aaa\u0aa5\u0ab0\u0abe\u0aaf\u0ac7\u0ab2\u0abe \u0a9b\u0ac7."},{"Verseid":"59000001","Verse":"\u0aa6\u0ac7\u0ab5 \u0aac\u0abe\u0aaa\u0ac7 \u0a98\u0aa3\u0abe \u0ab8\u0aae\u0aaf \u0aaa\u0ab9\u0ac7\u0ab2\u0abe \u0aa4\u0ac7\u0aa8\u0abe \u0aaa\u0ab5\u0abf\u0aa4\u0acd\u0ab0 \u0ab2\u0acb\u0a95\u0acb \u0aac\u0aa8\u0abe\u0ab5\u0ab5\u0abe \u0aa4\u0aae\u0aa8\u0ac7 \u0aaa\u0ab8\u0a82\u0aa6 \u0a95\u0ab0\u0acd\u0aaf\u0abe \u0ab9\u0aa4\u0abe. \u0aa4\u0aae\u0aa8\u0ac7 \u0aaa\u0ab5\u0abf\u0aa4\u0acd\u0ab0 \u0a95\u0ab0\u0ab5\u0abe\u0aa8\u0ac1\u0a82 \u0a95\u0abe\u0aae \u0a86\u0aa4\u0acd\u0aae\u0abe\u0aa8\u0ac1\u0a82 \u0a9b\u0ac7. \u0aa6\u0ac7\u0ab5 \u0a88\u0a9a\u0acd\u0a9b\u0aa4\u0acb \u0ab9\u0aa4\u0acb \u0a95\u0ac7 \u0aa4\u0aae\u0ac7 \u0aa4\u0ac7\u0aa8\u0ac7 \u0a86\u0a9c\u0acd\u0a9e\u0abe\u0a82\u0a95\u0abf\u0aa4 \u0aac\u0aa8\u0acb. \u0a85\u0aa8\u0ac7 \u0a88\u0ab8\u0ac1 \u0a96\u0acd\u0ab0\u0abf\u0ab8\u0acd\u0aa4\u0aa8\u0abe \u0ab0\u0a95\u0acd\u0aa4 \u0aa6\u0acd\u0aa7\u0abe\u0ab0\u0abe \u0aa4\u0aae\u0ac7 \u0ab6\u0ac1\u0aa6\u0acd\u0aa7 \u0aac\u0aa8\u0acb. \u0aa4\u0aae\u0abe\u0ab0\u0abe \u0aaa\u0ab0 \u0a95\u0ac3\u0aaa\u0abe \u0a85\u0aa8\u0ac7 \u0ab6\u0abe\u0a82\u0aa4\u0abf \u0aaa\u0ac1\u0ab7\u0acd\u0a95\u0ab3 \u0aa5\u0abe\u0a93."},{"Verseid":"59000002","Verse":"\u0a86\u0aaa\u0aa3\u0abe \u0aaa\u0acd\u0ab0\u0aad\u0ac1 \u0a88\u0ab8\u0ac1 \u0a96\u0acd\u0ab0\u0abf\u0ab8\u0acd\u0aa4\u0aa8\u0abe \u0aa6\u0ac7\u0ab5 \u0aa4\u0aa5\u0abe \u0aac\u0abe\u0aaa\u0aa8\u0ac7 \u0aa7\u0aa8\u0acd\u0aaf\u0ab5\u0abe\u0aa6 \u0ab9\u0acb. \u0aa6\u0ac7\u0ab5 \u0a98\u0aa3\u0acb \u0a95\u0ac3\u0aaa\u0abe\u0ab3\u0ac1 \u0a9b\u0ac7, \u0a85\u0aa8\u0ac7 \u0aa4\u0ac7\u0aa8\u0ac0 \u0aa6\u0aaf\u0abe\u0aa5\u0ac0 \u0a86\u0aaa\u0aa3\u0aa8\u0ac7 \u0aa8\u0ab5\u0a9c\u0ac0\u0ab5\u0aa8 \u0aaa\u0acd\u0ab0\u0abe\u0aaa\u0acd\u0aa4 \u0aa5\u0aaf\u0ac1\u0a82 \u0a9b\u0ac7. \u0a85\u0aa8\u0ac7 \u0a88\u0ab8\u0ac1 \u0a96\u0acd\u0ab0\u0abf\u0ab8\u0acd\u0aa4\u0aa8\u0abe \u0aae\u0ac2\u0a8f\u0ab2\u0abe\u0aae\u0abe\u0aa5\u0ac0 \u0aaa\u0ac1\u0aa8\u0ab0\u0ac1\u0a82\u0aa4\u0acd\u0aa5\u0abe\u0aa8 \u0aa6\u0acd\u0aa7\u0abe\u0ab0\u0abe \u0a86 \u0aa8\u0ab5\u0a9c\u0ac0\u0ab5\u0aa8 \u0a86\u0aaa\u0aa3\u0abe\u0aae\u0abe\u0a82 \u0a9c\u0ac0\u0ab5\u0a82\u0aa4 \u0a86\u0ab6\u0abe \u0a85\u0a82\u0a95\u0ac1\u0ab0\u0abf\u0aa4 \u0a95\u0ab0\u0ac7 \u0a9b\u0ac7."},{"Verseid":"59000003","Verse":"\u0ab9\u0ab5\u0ac7 \u0aa6\u0ac7\u0ab5\u0aa8\u0abe \u0aac\u0abe\u0ab3\u0a95\u0acb \u0aaa\u0acd\u0ab0\u0aa4\u0acd\u0aaf\u0ac7\u0a95 \u0aa4\u0ac7\u0aa8\u0abe \u0a86\u0ab6\u0ac0\u0ab0\u0acd\u0ab5\u0abe\u0aa6\u0acb\u0aa8\u0ac0 \u0a86\u0aaa\u0aa3\u0aa8\u0ac7 \u0a86\u0ab6\u0abe \u0a9b\u0ac7. \u0aa4\u0aae\u0abe\u0ab0\u0abe \u0aae\u0abe\u0a9f\u0ac7 \u0a86 \u0a86\u0ab6\u0ac0\u0ab0\u0acd\u0ab5\u0abe\u0aa6\u0acb \u0a86\u0a95\u0abe\u0ab6\u0aae\u0abe\u0a82 \u0ab8\u0acd\u0aa5\u0abe\u0aaa\u0abf\u0aa4 \u0a95\u0ab0\u0abe\u0aaf\u0abe \u0a9b\u0ac7. \u0a86 \u0a86\u0ab6\u0ac0\u0ab0\u0acd\u0ab5\u0abe\u0aa6\u0acb \u0a85\u0ab5\u0abf\u0aa8\u0abe\u0ab6\u0ac0 \u0a9b\u0ac7. \u0aa4\u0ac7\u0aa8\u0ac7 \u0aa8\u0ab7\u0acd\u0a9f \u0aa8 \u0a95\u0ab0\u0ac0 \u0ab6\u0a95\u0abe\u0aaf. \u0aa4\u0ac7 \u0aa4\u0ac7\u0aae\u0aa8\u0ac0 \u0ab8\u0ac1\u0a82\u0aa6\u0ab0\u0aa4\u0abe \u0a97\u0ac1\u0aae\u0abe\u0ab5\u0aa4\u0abe \u0aa8\u0aa5\u0ac0."},{"Verseid":"59000004","Verse":"\u0aa4\u0aae\u0abe\u0ab0\u0abe \u0ab5\u0abf\u0ab6\u0acd\u0ab5\u0abe\u0ab8 \u0aa5\u0a95\u0ac0 \u0aa6\u0ac7\u0ab5\u0aa8\u0ac1\u0a82 \u0ab8\u0abe\u0ab0\u0acd\u0aae\u0aa5\u0acd\u0aaf \u0aa4\u0aae\u0abe\u0ab0\u0ac1\u0a82 \u0ab0\u0a95\u0acd\u0ab7\u0aa3 \u0a95\u0ab0\u0ac7 \u0a9b\u0ac7, \u0a85\u0aa8\u0ac7 \u0aa4\u0aae\u0abe\u0ab0\u0ac1\u0a82 \u0aa4\u0abe\u0ab0\u0aa3 \u0aa5\u0abe\u0aaf \u0aa4\u0acd\u0aaf\u0abe\u0a82 \u0ab8\u0ac1\u0aa7\u0ac0 \u0aa4\u0ac7 \u0aa4\u0aae\u0aa8\u0ac7 \u0ab8\u0ab2\u0abe\u0aae\u0aa4 \u0ab0\u0abe\u0a96\u0ac7 \u0a9b\u0ac7."},{"Verseid":"59000005","Verse":"\u0a86 \u0aa4\u0aae\u0aa8\u0ac7 \u0a86\u0aa8\u0a82\u0aa6\u0abf\u0aa4 \u0aac\u0aa8\u0abe\u0ab5\u0ac7 \u0a9b\u0ac7. \u0aaa\u0ab0\u0a82\u0aa4\u0ac1 \u0ab9\u0aae\u0aa3\u0abe \u0aa5\u0acb\u0aa1\u0abe \u0ab8\u0aae\u0aaf \u0aaa\u0ac2\u0ab0\u0aa4\u0abe \u0ab5\u0abf\u0ab5\u0abf\u0aa7 \u0aaa\u0acd\u0ab0\u0a95\u0abe\u0ab0\u0aa8\u0abe \u0aaa\u0ab0\u0ac0\u0a95\u0acd\u0ab7\u0aa3 \u0aa4\u0aae\u0aa8\u0ac7 \u0a95\u0aa6\u0abe\u0a9a \u0aa6\u0ac1:\u0a96\u0ac0 \u0aac\u0aa8\u0abe\u0ab5\u0ab6\u0ac7."},{"Verseid":"59000006","Verse":"\u0a86 \u0aae\u0ac1\u0ab6\u0acd\u0a95\u0ac7\u0ab2\u0ac0\u0a93 \u0ab6\u0abe\u0aa5\u0ac0 \u0a89\u0aa6\u0aad\u0ab5\u0ab6\u0ac7? \u0a8f \u0ab8\u0abe\u0aac\u0abf\u0aa4 \u0a95\u0ab0\u0ab5\u0abe \u0a95\u0ac7 \u0aa4\u0aae\u0abe\u0ab0\u0acb \u0ab5\u0abf\u0ab6\u0acd\u0ab5\u0abe\u0ab8 \u0ab6\u0ac1\u0aa6\u0acd\u0aa7 \u0a9b\u0ac7.\u0ab5\u0abf\u0ab6\u0acd\u0ab5\u0abe\u0ab8\u0aa8\u0ac0 \u0a86 \u0ab6\u0ac1\u0aa6\u0acd\u0aa7\u0aa4\u0abe \u0ab8\u0acb\u0aa8\u0abe \u0a95\u0ab0\u0aa4\u0abe\u0a82 \u0aaa\u0aa3 \u0ab5\u0aa7\u0ac1 \u0aae\u0ac2\u0ab2\u0acd\u0aaf\u0ab5\u0abe\u0aa8 \u0a9b\u0ac7. \u0aa6\u0ac7\u0ab5 \u0a85\u0a97\u0acd\u0aa8\u0abf\u0aa5\u0ac0 \u0ab8\u0acb\u0aa8\u0ac1\u0a82 \u0aaa\u0abe\u0ab0\u0a96\u0ac0 \u0ab6\u0a95\u0ac7 \u0a9b\u0ac7, \u0aaa\u0ab0\u0a82\u0aa4\u0ac1 \u0a86\u0aae \u0a95\u0ab0\u0ab5\u0abe\u0aa5\u0ac0 \u0ab8\u0acb\u0aa8\u0abe\u0aa8\u0acb \u0aa8\u0abe\u0ab6 \u0aa5\u0ab6\u0ac7. \u0aa4\u0aae\u0abe\u0ab0\u0abe \u0ab5\u0abf\u0ab6\u0acd\u0ab5\u0abe\u0ab8\u0aa8\u0ac0 \u0ab6\u0ac1\u0aa6\u0acd\u0aa7\u0aa4\u0abe \u0a9c\u0acd\u0aaf\u0abe\u0ab0\u0ac7 \u0a88\u0ab8\u0ac1 \u0a96\u0acd\u0ab0\u0abf\u0ab8\u0acd\u0aa4 \u0aab\u0ab0\u0ac0\u0aa5\u0ac0 \u0a86\u0ab5\u0ab6\u0ac7 \u0aa4\u0acd\u0aaf\u0abe\u0ab0\u0ac7 \u0aa4\u0aae\u0abe\u0ab0\u0ac7 \u0aae\u0abe\u0a9f\u0ac7 \u0ab8\u0acd\u0aa4\u0ac1\u0aa4\u0abf, \u0aae\u0abe\u0aa8 \u0aa4\u0aa5\u0abe \u0aae\u0ab9\u0abf\u0aae\u0abe \u0aaf\u0acb\u0a97\u0acd\u0aaf \u0aa5\u0abe\u0aaf."},{"Verseid":"59000007","Verse":"\u0aa4\u0aae\u0ac7 \u0a96\u0acd\u0ab0\u0abf\u0ab8\u0acd\u0aa4\u0aa8\u0ac7 \u0a9c\u0acb\u0aaf\u0acb \u0aa8\u0aa5\u0ac0, \u0a9b\u0aa4\u0abe\u0a82 \u0aa4\u0aae\u0ac7 \u0aa4\u0ac7\u0aa8\u0abe \u0aaa\u0ab0 \u0aaa\u0acd\u0ab0\u0ac0\u0aa4\u0abf \u0ab0\u0abe\u0a96\u0acb \u0a9b\u0acb. \u0aa4\u0aae\u0ac7 \u0aa4\u0ac7\u0aa8\u0ac7 \u0a85\u0aa4\u0acd\u0aaf\u0abe\u0ab0\u0ac7 \u0a9c\u0acb\u0a88 \u0ab6\u0a95\u0aa4\u0abe \u0aa8\u0aa5\u0ac0, \u0a9b\u0aa4\u0abe\u0a82 \u0aa4\u0aae\u0ac7 \u0aa4\u0ac7\u0aa8\u0abe \u0aaa\u0ab0 \u0ab5\u0abf\u0ab6\u0acd\u0ab5\u0abe\u0ab8 \u0ab0\u0abe\u0a96\u0acb \u0a9b\u0acb. \u0aa8 \u0ab8\u0aae\u0a9c\u0abe\u0ab5\u0ac0 \u0ab6\u0a95\u0abe\u0aaf \u0aa4\u0ac7\u0ab5\u0abe \u0a85\u0ab5\u0ab0\u0acd\u0aa3\u0aa8\u0ac0\u0aaf \u0a86\u0aa8\u0a82\u0aa6\u0aae\u0abe\u0a82 \u0aa4\u0aae\u0ac7 \u0aa4\u0ab3\u0aac\u0acb\u0ab3 \u0a9b\u0acb. \u0a85\u0aa8\u0ac7 \u0a86 \u0a86\u0aa8\u0a82\u0aa6 \u0aae\u0ab9\u0abf\u0aae\u0abe\u0aa5\u0ac0 \u0aad\u0ab0\u0aaa\u0ac2\u0ab0 \u0a9b\u0ac7."},{"Verseid":"59000008","Verse":"\u0aa4\u0aae\u0abe\u0ab0\u0abe \u0ab5\u0abf\u0ab6\u0acd\u0ab5\u0abe\u0ab8\u0aa8\u0ac1\u0a82 \u0aab\u0ab3 \u0aa4\u0ac7 \u0aa4\u0aae\u0abe\u0ab0\u0abe \u0a86\u0aa4\u0acd\u0aae\u0abe\u0aa8\u0ac1\u0a82 \u0aa4\u0abe\u0ab0\u0aa3 \u0a9b\u0ac7. \u0a85\u0aa8\u0ac7 \u0aa4\u0aae\u0ac7 \u0aa4\u0ac7 \u0aab\u0ab3 \u0aa6\u0acd\u0aa7\u0abe\u0ab0\u0abe \u0aa4\u0aae\u0abe\u0ab0\u0ac1\u0a82 \u0aa4\u0abe\u0ab0\u0aa3 \u0aae\u0ac7\u0ab3\u0ab5\u0ac0 \u0ab0\u0ab9\u0acd\u0aaf\u0abe \u0a9b\u0acb."},{"Verseid":"59000009","Verse":"\u0aaa\u0acd\u0ab0\u0aac\u0acb\u0aa7\u0a95\u0acb\u0a8f \u0a96\u0a82\u0aa4\u0aa5\u0ac0 \u0a85\u0aad\u0acd\u0aaf\u0abe\u0ab8 \u0a95\u0ab0\u0ac0\u0aa8\u0ac7 \u0a86 \u0aa4\u0abe\u0ab0\u0aa3 \u0ab5\u0abf\u0ab7\u0ac7 \u0ab8\u0aae\u0a9c\u0ab5\u0abe\u0aa8\u0acb \u0aaa\u0acd\u0ab0\u0aaf\u0aa4\u0acd\u0aa8 \u0a95\u0ab0\u0acd\u0aaf\u0acb. \u0aaa\u0acd\u0ab0\u0aac\u0acb\u0aa7\u0a95\u0acb\u0a8f \u0aa4\u0aae\u0abe\u0ab0\u0abe \u0aaa\u0ab0 \u0aa5\u0ab5\u0abe\u0aa8\u0ac0 \u0a95\u0ac3\u0aaa\u0abe \u0ab5\u0abf\u0ab6\u0ac7 \u0ab5\u0abe\u0aa4 \u0a95\u0ab0\u0ac0 \u0a9b\u0ac7."},{"Verseid":"59000010","Verse":"\u0a96\u0acd\u0ab0\u0abf\u0ab8\u0acd\u0aa4\u0aa8\u0acb \u0a86\u0aa4\u0acd\u0aae\u0abe \u0aa4\u0ac7 \u0aaa\u0acd\u0ab0\u0aac\u0acb\u0aa7\u0a95\u0acb\u0aae\u0abe\u0a82 \u0ab9\u0aa4\u0acb. \u0a85\u0aa8\u0ac7 \u0aa4\u0ac7 \u0a86\u0aa4\u0acd\u0aae\u0abe \u0a96\u0acd\u0ab0\u0abf\u0ab8\u0acd\u0aa4\u0aa8\u0ac7 \u0ab8\u0ab9\u0aa8 \u0a95\u0ab0\u0ab5\u0abe\u0aa8\u0ac0 \u0ab5\u0acd\u0aaf\u0aa5\u0abe \u0ab5\u0abf\u0ab7\u0ac7 \u0aa4\u0ac7\u0aae\u0a9c \u0aa4\u0ac7 \u0ab5\u0acd\u0aaf\u0aa5\u0abe \u0aaa\u0a9b\u0ac0 \u0a86\u0ab5\u0aa8\u0abe\u0ab0 \u0aae\u0ab9\u0abf\u0aae\u0abe \u0ab5\u0abf\u0ab7\u0ac7 \u0ab5\u0abe\u0aa4 \u0a95\u0ab0\u0aa4\u0acb \u0ab9\u0aa4\u0acb. \u0a86 \u0a86\u0aa4\u0acd\u0aae\u0abe \u0a9c\u0ac7 \u0aa6\u0ab0\u0acd\u0ab6\u0abe\u0ab5\u0aa4\u0acb \u0ab9\u0aa4\u0acb \u0aa4\u0ac7 \u0ab5\u0abf\u0ab7\u0ac7 \u0ab8\u0aae\u0a9c\u0ab5\u0abe\u0aa8\u0acb \u0aa4\u0ac7 \u0aaa\u0acd\u0ab0\u0aac\u0acb\u0aa7\u0a95\u0acb\u0a8f \u0aaa\u0acd\u0ab0\u0aaf\u0aa4\u0acd\u0aa8 \u0a95\u0ab0\u0acd\u0aaf\u0acb \u0ab9\u0aa4\u0acb. \u0aa4\u0ac7\u0a93 \u0a86 \u0a98\u0a9f\u0aa8\u0abe \u0a95\u0acd\u0aaf\u0abe\u0ab0\u0ac7 \u0a98\u0a9f\u0ab6\u0ac7 \u0a85\u0aa8\u0ac7 \u0aa4\u0ac7 \u0ab5\u0a96\u0aa4\u0ac7 \u0aa6\u0ac1\u0aa8\u0abf\u0aaf\u0abe \u0a95\u0ac7\u0ab5\u0ac0 \u0ab9\u0ab6\u0ac7 \u0aa4\u0ac7 \u0ab8\u0aae\u0a9c\u0ab5\u0abe\u0aa8\u0acb \u0aaa\u0acd\u0ab0\u0aaf\u0aa4\u0acd\u0aa8 \u0a95\u0ab0\u0acd\u0aaf\u0acb \u0ab9\u0aa4\u0acb."},{"Verseid":"59000011","Verse":"\u0aa4\u0ac7 \u0aaa\u0acd\u0ab0\u0aac\u0acb\u0aa7\u0a95\u0acb\u0aa8\u0ac7 \u0ab8\u0aae\u0a9c\u0abe\u0ab5\u0ab5\u0abe\u0aae\u0abe\u0a82 \u0a86\u0ab5\u0acd\u0aaf\u0ac1\u0a82 \u0ab9\u0aa4\u0ac1 \u0a95\u0ac7 \u0aa4\u0ac7\u0a93 \u0a9c\u0ac7 \u0ab8\u0ac7\u0ab5\u0abe \u0a95\u0ab0\u0ac7 \u0a9b\u0ac7 \u0aa4\u0ac7 \u0aa4\u0ac7\u0a93\u0aa8\u0abe \u0aaa\u0acb\u0aa4\u0abe\u0aa8\u0abe \u0aae\u0abe\u0a9f\u0ac7 \u0aa8\u0ab9\u0abf, \u0aaa\u0ab0\u0a82\u0aa4\u0ac1 \u0aa4\u0aae\u0abe\u0ab0\u0abe \u0aae\u0abe\u0a9f\u0ac7 \u0a95\u0ab0\u0ac7 \u0a9b\u0ac7. \u0aa4\u0ac7\u0a93\u0a8f \u0a9c \u0a95\u0ab9\u0acd\u0aaf\u0ac1\u0a82 \u0aa4\u0ac7 \u0aa4\u0aae\u0ac7 \u0a9c\u0acd\u0aaf\u0abe\u0ab0\u0ac7 \u0ab8\u0abe\u0aad\u0ab3\u0acd\u0aaf\u0ac1\u0a82 \u0aa4\u0acd\u0aaf\u0abe\u0ab0\u0ac7 \u0aa4\u0ac7\u0a93 \u0aa4\u0aae\u0abe\u0ab0\u0ac0 \u0ab8\u0ac7\u0ab5\u0abe \u0a9c \u0a95\u0ab0\u0ac0 \u0ab0\u0ab9\u0acd\u0aaf\u0abe \u0ab9\u0aa4\u0abe. \u0a9c\u0ac7 \u0aae\u0abe\u0aa3\u0ab8\u0acb\u0a8f \u0aa4\u0aae\u0aa8\u0ac7 \u0ab8\u0ac1\u0ab5\u0abe\u0ab0\u0acd\u0aa4\u0abe \u0a86\u0aaa\u0ac0 \u0aa4\u0ac7\u0a93\u0a8f \u0aa4\u0aae\u0aa8\u0ac7 \u0a86 \u0aac\u0aa7\u0ac0 \u0aac\u0abe\u0aac\u0aa4\u0acb \u0a95\u0ab9\u0ac0 \u0a9b\u0ac7. \u0aa4\u0ac7\u0a93\u0a8f \u0a86\u0a95\u0abe\u0ab6\u0aae\u0abe\u0aa5\u0ac0 \u0aae\u0acb\u0a95\u0ab2\u0ac7\u0ab2\u0abe \u0aaa\u0ab5\u0abf\u0aa4\u0acd\u0ab0\u0a86\u0aa4\u0acd\u0aae\u0abe\u0aa8\u0ac0 \u0aae\u0aa6\u0aa6\u0aa5\u0ac0 \u0aa4\u0aae\u0aa8\u0ac7 \u0a86 \u0a95\u0ab9\u0acd\u0aaf\u0ac1\u0a82 \u0ab9\u0aa4\u0ac1\u0a82. \u0aa4\u0aae\u0aa8\u0ac7 \u0a9c\u0ac7 \u0ab5\u0abe\u0aa4 \u0a95\u0ab9\u0ac7\u0ab5\u0abe\u0aae\u0abe \u0a86\u0ab5\u0ac0 \u0ab9\u0aa4\u0ac0 \u0aa4\u0ac7 \u0ab5\u0abf\u0ab6\u0ac7 \u0aa6\u0ac2\u0aa4\u0acb \u0aaa\u0aa3 \u0a9c\u0abe\u0aa3\u0ab5\u0abe \u0a89\u0aa4\u0acd\u0ab8\u0ac1\u0a95 \u0a9b\u0ac7."},{"Verseid":"59000012","Verse":"\u0aa4\u0ac7\u0aa5\u0ac0 \u0ab8\u0ac7\u0ab5\u0abe \u0aae\u0abe\u0a9f\u0ac7 \u0aa4\u0aae\u0abe\u0ab0\u0abe \u0aae\u0aa8 \u0aa4\u0ac8\u0aaf\u0abe\u0ab0 \u0a95\u0ab0\u0acb, \u0a85\u0aa8\u0ac7 \u0aa4\u0aae\u0abe\u0ab0\u0ac0 \u0a9c\u0abe\u0aa4\u0aa8\u0ac7 \u0aa8\u0abf\u0aaf\u0a82\u0aa4\u0acd\u0ab0\u0aa3\u0aae\u0abe\u0a82 \u0ab0\u0abe\u0a96\u0acb. \u0a88\u0ab8\u0ac1 \u0a96\u0acd\u0ab0\u0abf\u0ab8\u0acd\u0aa4\u0aa8\u0abe \u0aaa\u0acd\u0ab0\u0a97\u0a9f \u0aa5\u0ab5\u0abe\u0aa8\u0ac0 \u0ab5\u0ac7\u0ab3\u0abe\u0a8f \u0aa4\u0aae\u0aa8\u0ac7 \u0aaa\u0acd\u0ab0\u0abe\u0aaa\u0acd\u0aa4 \u0aa5\u0aa8\u0abe\u0ab0 \u0a95\u0ac3\u0aaa\u0abe \u0aaa\u0ab0 \u0aa4\u0aae\u0abe\u0ab0\u0ac0 \u0aaa\u0ac2\u0ab0\u0acd\u0aa3 \u0a86\u0ab6\u0abe \u0ab0\u0abe\u0a96\u0acb."},{"Verseid":"59000013","Verse":"\u0aad\u0ac2\u0aa4\u0a95\u0abe\u0ab3\u0aae\u0abe\u0a82 \u0aa4\u0aae\u0ac7 \u0a86 \u0aac\u0aa7\u0ac1\u0a82 \u0ab8\u0aae\u0a9c\u0acd\u0aaf\u0abe \u0aa8\u0ab9\u0abf, \u0aa4\u0ac7\u0aa5\u0ac0 \u0aa4\u0aae\u0ac7 \u0a88\u0a9a\u0acd\u0a9b\u0aa4\u0abe \u0ab9\u0aa4\u0abe \u0aa4\u0ac7\u0ab5\u0abe \u0aa6\u0ac1\u0ab7\u0acd\u0a9f \u0a95\u0abe\u0ab0\u0acd\u0aaf\u0acb \u0aa4\u0aae\u0ac7 \u0a95\u0ab0\u0acd\u0aaf\u0abe, \u0aaa\u0ab0\u0a82\u0aa4\u0ac1 \u0ab9\u0ab5\u0ac7 \u0aa4\u0aae\u0ac7 \u0aa6\u0ac7\u0ab5\u0aa8\u0abe \u0a86\u0a9c\u0acd\u0a9e\u0abe\u0a82\u0a95\u0abf\u0aa4 \u0a9b\u0acb\u0a95\u0ab0\u0abe\u0a82 \u0a9b\u0acb. \u0aa4\u0ac7\u0aa5\u0ac0 \u0aad\u0ac2\u0aa4\u0a95\u0abe\u0ab3\u0aae\u0abe \u0a9c\u0ac0\u0ab5\u0aa4\u0abe \u0ab9\u0aa4\u0abe \u0aa4\u0ac7\u0ab5\u0ac1\u0a82 \u0aa8 \u0a9c\u0ac0\u0ab5\u0ab6\u0acb."},{"Verseid":"59000014","Verse":"\u0aaa\u0ab0\u0a82\u0aa4\u0ac1 \u0a9c\u0ac7 \u0a95\u0a82\u0a88 \u0a95\u0ab0\u0acb \u0aa4\u0ac7\u0aae\u0abe\u0a82 \u0aa6\u0ac7\u0ab5 \u0a9c\u0ac7\u0ab5\u0abe \u0aaa\u0ab5\u0abf\u0aa4\u0acd\u0ab0 \u0aac\u0aa8\u0acb. \u0aa6\u0ac7\u0ab5 \u0a8f\u0a95 \u0a9c \u0a9b\u0ac7 \u0a95\u0ac7 \u0a9c\u0ac7\u0aa3\u0ac7 \u0aa4\u0aae\u0aa8\u0ac7 \u0aa4\u0ac7\u0aa1\u0acd\u0aaf\u0abe \u0a9b\u0ac7."},{"Verseid":"59000015","Verse":"\u0aaa\u0ab5\u0abf\u0aa4\u0acd\u0ab0 \u0ab6\u0abe\u0ab8\u0acd\u0aa4\u0acd\u0ab0\u0aae\u0abe\u0a82 \u0ab2\u0a96\u0ac7\u0ab2\u0ac1\u0a82 \u0a9b\u0ac7 \u0a95\u0ac7, \u201c\u0aa4\u0aae\u0ac7 \u0aaa\u0ab5\u0abf\u0aa4\u0acd\u0ab0 \u0aa5\u0abe\u0a93, \u0a95\u0abe\u0ab0\u0aa3 \u0a95\u0ac7 \u0ab9\u0ac1\u0a82 \u0aaa\u0ab5\u0abf\u0aa4\u0acd\u0ab0 \u0a9b\u0ac1\u0a82.\u201d40"},{"Verseid":"59000016","Verse":"\u0aa4\u0aae\u0ac7 \u0aa6\u0ac7\u0ab5\u0aa8\u0ac0 \u0aaa\u0acd\u0ab0\u0abe\u0ab0\u0acd\u0aa5\u0aa8\u0abe \u0a95\u0ab0\u0acb \u0a85\u0aa8\u0ac7 \u0aa4\u0ac7\u0aa8\u0ac7 \u0aac\u0abe\u0aaa \u0aa4\u0ab0\u0ac0\u0a95\u0ac7 \u0ab8\u0a82\u0aac\u0acb\u0aa7\u0acb. \u0aa6\u0ac7\u0ab5 \u0aa6\u0ab0\u0ac7\u0a95 \u0ab5\u0acd\u0aaf\u0a95\u0acd\u0aa4\u0abf\u0aa8\u0abe \u0a95\u0abe\u0ab0\u0acd\u0aaf\u0aa8\u0acb \u0ab8\u0aae\u0abe\u0aa8 \u0aa8\u0acd\u0aaf\u0abe\u0aaf \u0a95\u0ab0\u0ac7 \u0a9b\u0ac7. \u0aa4\u0ac7\u0aa5\u0ac0 \u0a9c\u0acd\u0aaf\u0abe\u0ab0\u0ac7 \u0aa4\u0aae\u0ac7 \u0a85\u0ab9\u0ac0\u0a82 \u0aaa\u0ac3\u0aa5\u0acd\u0ab5\u0ac0 \u0aaa\u0ab0\u0aa8\u0abe \u0aaa\u0acd\u0ab0\u0ab5\u0abe\u0ab8\u0aae\u0abe\u0a82 \u0a9b\u0acb, \u0aa4\u0acd\u0aaf\u0abe\u0ab0\u0ac7 \u0aa6\u0ac7\u0ab5\u0aa8\u0acb \u0aad\u0aaf (\u0aae\u0abe\u0aa8) \u0ab0\u0abe\u0a96\u0ac0\u0aa8\u0ac7 \u0a9c\u0ac0\u0ab5\u0acb."},{"Verseid":"59000017","Verse":"\u0aa4\u0aae\u0ac7 \u0a9c\u0abe\u0aa3\u0acb \u0a9b\u0acb \u0a95\u0ac7 \u0aad\u0ac2\u0aa4\u0a95\u0abe\u0ab3\u0aae\u0abe\u0a82 \u0aa4\u0aae \u0aa8\u0abf\u0ab0\u0ab0\u0acd\u0aa5\u0a95 \u0a9c\u0ac0\u0ab5\u0aa8 \u0a9c\u0ac0\u0ab5\u0aa4\u0abe \u0ab9\u0aa4\u0abe. \u0aa4\u0aae\u0abe\u0ab0\u0abe \u0aaa\u0ab9\u0ac7\u0ab2\u0abe \u0a9c\u0ac0\u0ab5\u0ac0 \u0a97\u0aaf\u0ac7\u0ab2\u0abe \u0ab2\u0acb\u0a95\u0acb \u0aaa\u0abe\u0ab8\u0ac7\u0aa5\u0ac0 \u0aa4\u0aae\u0aa8\u0ac7 \u0a86\u0ab5\u0ac1\u0a82 \u0a9c\u0ac0\u0ab5\u0aa8 \u0ab5\u0abe\u0ab0\u0ab8\u0abe\u0aae\u0abe\u0a82 \u0aae\u0ab3\u0acd\u0aaf\u0ac1\u0a82 \u0ab9\u0aa4\u0ac1\u0a82. \u0aaa\u0ab0\u0a82\u0aa4\u0ac1 \u0aa4\u0ac7 \u0aaa\u0acd\u0ab0\u0a95\u0abe\u0ab0\u0aa8\u0ac0 \u0a9c\u0ac0\u0ab5\u0aa8 \u0aaa\u0aa6\u0acd\u0aa7\u0aa4\u0abf\u0aae\u0abe\u0a82\u0aa5\u0ac0 \u0aa4\u0aae\u0aa8\u0ac7 \u0aac\u0a9a\u0abe\u0ab5\u0ac0 \u0ab2\u0ac7\u0ab5\u0abe\u0aae\u0abe \u0a86\u0ab5\u0acd\u0aaf\u0abe \u0a9b\u0ac7, \u0aa4\u0aae\u0aa8\u0ac7 \u0a96\u0ab0\u0ac0\u0aa6\u0ab5\u0abe\u0aae\u0abe\u0a82 \u0a86\u0ab5\u0acd\u0aaf\u0abe \u0a9b\u0ac7. \u0aaa\u0ab0\u0a82\u0aa4\u0ac1 \u0ab8\u0acb\u0aa8\u0abe \u0a95\u0ac7 \u0a9a\u0abe\u0a82\u0aa6\u0ac0 \u0a9c\u0ac7\u0ab5\u0ac0 \u0aa8\u0abe\u0ab6\u0ab5\u0a82\u0aa4 \u0ab5\u0ab8\u0acd\u0aa4\u0ac1\u0a93\u0aa5\u0ac0 \u0aa8\u0ab9\u0abf."},{"Verseid":"59000018","Verse":"\u0aa4\u0aae\u0ac7 \u0aa4\u0acb \u0a96\u0acd\u0ab0\u0abf\u0ab8\u0acd\u0aa4\u0aa8\u0abe \u0a85\u0aae\u0ac2\u0ab2\u0acd\u0aaf \u0ab0\u0a95\u0acd\u0aa4 \u0aa5\u0ac0 \u0a96\u0ab0\u0ac0\u0aa6\u0abe\u0aaf\u0abe \u0a9b\u0acb \u0a95\u0ac7 \u0a9c\u0ac7 \u0aa8\u0abf\u0ab7\u0acd\u0a95\u0ab2\u0a82\u0a95 \u0aa4\u0aa5\u0abe \u0aa8\u0abf\u0ab0\u0acd\u0aa6\u0acb\u0ab7 \u0ab9\u0ab2\u0ab5\u0abe\u0aa8 \u0a9b\u0ac7."},{"Verseid":"59000019","Verse":"\u0a86 \u0a9c\u0a97\u0aa4\u0aa8\u0ac0 \u0ab0\u0a9a\u0aa8\u0abe \u0aaa\u0ab9\u0ac7\u0ab2\u0abe \u0a96\u0acd\u0ab0\u0abf\u0ab8\u0acd\u0aa4\u0aa8\u0ac0 \u0aaa\u0ab8\u0a82\u0aa6\u0a97\u0ac0 \u0aa5\u0a87 \u0ab9\u0aa4\u0ac0. \u0aaa\u0ab0\u0a82\u0aa4\u0ac1 \u0a86 \u0a85\u0a82\u0aa4\u0abf\u0aae \u0ab8\u0aae\u0aaf\u0aae\u0abe\u0a82 \u0aa4\u0aae\u0abe\u0ab0\u0ac0 \u0aae\u0abe\u0a9f\u0ac7 \u0a9c\u0a97\u0aa4\u0aae\u0abe\u0a82 \u0a96\u0acd\u0ab0\u0abf\u0ab8\u0acd\u0aa4 \u0aaa\u0acd\u0ab0\u0a97\u0a9f \u0aa5\u0aaf\u0acb \u0a9b\u0ac7."},{"Verseid":"59000020","Verse":"\u0a96\u0acd\u0ab0\u0abf\u0ab8\u0acd\u0aa4 \u0aa5\u0a95\u0ac0 \u0aa4\u0aae\u0ac7 \u0aa6\u0ac7\u0ab5\u0aae\u0abe \u0ab5\u0abf\u0ab6\u0acd\u0ab5\u0abe\u0ab8 \u0a95\u0ab0\u0acb \u0a9b\u0acb. \u0aa6\u0ac7\u0ab5\u0ac7 \u0a96\u0acd\u0ab0\u0abf\u0ab8\u0acd\u0aa4\u0aa8\u0ac7 \u0aae\u0ac2\u0a8f\u0ab2\u0abe\u0a82\u0aae\u0abe\u0a82\u0aa5\u0ac0 \u0a89\u0aa0\u0abe\u0aa1\u0acd\u0aaf\u0acb \u0a85\u0aa8\u0ac7 \u0aa4\u0ac7\u0aa8\u0ac7 \u0aae\u0ab9\u0abf\u0aae\u0abe \u0aac\u0a95\u0acd\u0ab7\u0acd\u0aaf\u0acb. \u0aa4\u0ac7\u0aa5\u0ac0 \u0aa4\u0aae\u0abe\u0ab0\u0acb \u0ab5\u0abf\u0ab6\u0acd\u0ab5\u0abe\u0ab8 \u0a85\u0aa8\u0ac7 \u0aa4\u0aae\u0abe\u0ab0\u0ac0 \u0a86\u0ab6\u0abe \u0aa6\u0ac7\u0ab5\u0aae\u0abe\u0a82 \u0a9b\u0ac7."},{"Verseid":"59000021","Verse":"\u0ab9\u0ab5\u0ac7 \u0ab8\u0aa4\u0acd\u0aaf\u0aa8\u0ac7 \u0a85\u0aa8\u0ac1\u0ab8\u0ab0\u0ac0\u0aa8\u0ac7 \u0aa4\u0aae\u0ac7 \u0aa4\u0aae\u0abe\u0ab0\u0ac0 \u0a9c\u0abe\u0aa4\u0aa8\u0ac7 \u0aa8\u0abf\u0ab0\u0acd\u0aae\u0ab3 \u0aac\u0aa8\u0abe\u0ab5\u0ac0 \u0a9b\u0ac7. \u0ab9\u0ab5\u0ac7 \u0aa4\u0aae\u0ac7 \u0aa4\u0aae\u0abe\u0ab0\u0abe \u0aad\u0abe\u0a87\u0a93 \u0a85\u0aa8\u0ac7 \u0aac\u0ab9\u0ac7\u0aa8\u0acb \u0aae\u0abe\u0a9f\u0ac7 \u0ab8\u0a82\u0aaa\u0ac2\u0ab0\u0acd\u0aa3 \u0ab9\u0ac3\u0aa6\u0aaf\u0aa5\u0ac0 \u0aa4\u0aa5\u0abe \u0aac\u0ab3\u0aa5\u0ac0 \u0aaa\u0acd\u0ab0\u0ac0\u0aa4\u0abf \u0a95\u0ab0\u0acb."},{"Verseid":"59000022","Verse":"\u0aa4\u0aae\u0ac7 \u0aaa\u0ac1\u0ab0\u0acd\u0aa8\u0a9c\u0aa8\u0acd\u0aae \u0aaa\u0abe\u0aae\u0acd\u0aaf\u0abe \u0a9b\u0acb. \u0a86 \u0aa8\u0ab5\u0a9c\u0ac0\u0ab5\u0aa8 \u0ab5\u0abf\u0aa8\u0abe\u0ab6\u0ac0 \u0aac\u0ac0\u0a9c\u0aae\u0abe\u0a82\u0aa5\u0ac0 \u0a86\u0ab5\u0acd\u0aaf\u0ac1\u0a82 \u0aa8\u0aa5\u0ac0. \u0aaa\u0ab0\u0a82\u0aa4\u0ac1 \u0a85\u0ab5\u0abf\u0aa8\u0abe\u0ab6\u0ac0\u0aa5\u0ac0 \u0aa4\u0aae\u0aa8\u0ac7 \u0a86 \u0aa8\u0ab5\u0a9c\u0ac0\u0ab5\u0aa8 \u0aaa\u0acd\u0ab0\u0abe\u0aaa\u0acd\u0aa4 \u0aa5\u0aaf\u0ac1\u0a82 \u0a9b\u0ac7. \u0aa6\u0ac7\u0ab5\u0aa8\u0abe \u0a9c\u0ac0\u0ab5\u0a82\u0aa4 \u0aa4\u0aa5\u0abe \u0ab8\u0aa6\u0abe\u0a95\u0abe\u0ab3 \u0ab0\u0ab9\u0ac7\u0aa8\u0abe\u0ab0 \u0ab5\u0a9a\u0aa8 \u0ab5\u0aa1\u0ac7 \u0aa4\u0aae\u0aa8\u0ac7 \u0aaa\u0ac1\u0ab0\u0acd\u0aa8\u0a9c\u0aa8\u0acd\u0aae \u0a86\u0aaa\u0ab5\u0abe\u0aae\u0abe\u0a82 \u0a86\u0ab5\u0acd\u0aaf\u0acb \u0a9b\u0ac7."},{"Verseid":"59000023","Verse":"\u0aaa\u0ab5\u0abf\u0aa4\u0acd\u0ab0\u0ab6\u0abe\u0ab8\u0acd\u0aa4\u0acd\u0ab0 \u0a95\u0ab9\u0ac7 \u0a9b\u0ac7 \u0a95\u0ac7,\u201c\u0ab2\u0acb\u0a95\u0acb \u0a85\u0aae\u0ab0 \u0aa8\u0aa5\u0ac0, \u0aa4\u0ac7\u0a93 \u0aa4\u0acb \u0a98\u0abe\u0ab8 \u0a9c\u0ac7\u0ab5\u0abe \u0a9b\u0ac7. \u0a85\u0aa8\u0ac7 \u0aa4\u0ac7\u0a93\u0aa8\u0ac1 \u0ab8\u0a98\u0ab3\u0ac1 \u0a97\u0acc\u0ab0\u0ab5 \u0a98\u0abe\u0ab8\u0aa8\u0abe \u0aab\u0ac2\u0ab2 \u0a9c\u0ac7\u0ab5\u0ac1\u0a82 \u0a9b\u0ac7. \u0a98\u0abe\u0ab8 \u0ab8\u0ac1\u0a95\u0abe\u0a88 \u0a9c\u0abe\u0aaf \u0a9b\u0ac7. \u0a85\u0aa8\u0ac7 \u0aab\u0ac2\u0ab2 \u0a96\u0ab0\u0ac0 \u0aaa\u0aa1\u0ac7 \u0a9b\u0ac7."},{"Verseid":"59000024","Verse":"\u0aaa\u0ab0\u0a82\u0aa4\u0ac1 \u0aaa\u0acd\u0ab0\u0aad\u0ac1\u0aa8\u0ac1\u0a82 \u0ab5\u0a9a\u0aa8 \u0ab8\u0aa6\u0abe\u0a95\u0abe\u0ab3 \u0ab0\u0ab9\u0ac7 \u0a9b\u0ac7.\u201d \u0aaf\u0ab6\u0abe\u0aaf\u0abe 40:6-8\u0a85\u0aa8\u0ac7 \u0a9c\u0ac7 \u0ab8\u0ac1\u0ab5\u0abe\u0ab0\u0acd\u0aa4\u0abe\u0aa8\u0ac1\u0a82 \u0ab5\u0a9a\u0aa8 \u0aa4\u0aae\u0aa8\u0ac7 \u0aaa\u0acd\u0ab0\u0a97\u0a9f \u0a95\u0ab0\u0ab5\u0abe\u0aae\u0abe \u0a86\u0ab5\u0acd\u0aaf\u0ac1\u0a82 \u0ab9\u0aa4\u0ac1\u0a82 \u0aa4\u0ac7 \u0a8f \u0a9c \u0a9b\u0ac7."}]},{"Verse":[{"Verseid":"59001000","Verse":"\u0aa4\u0ac7\u0aa5\u0ac0 \u0aac\u0ac0\u0a9c\u0abe \u0ab2\u0acb\u0a95\u0acb\u0aa8\u0ac7 \u0aa8\u0ac1\u0a95\u0ab8\u0abe\u0aa8 \u0aaa\u0ab9\u0acb\u0a82\u0a9a\u0ac7 \u0a95\u0ac7 \u0aa4\u0ac7\u0aae\u0aa8\u0ac7 \u0aae\u0abe\u0aa8\u0ab8\u0abf\u0a95 \u0aa6\u0ac1:\u0a96 \u0aa5\u0abe\u0aaf \u0aa4\u0ac7\u0ab5\u0ac1 \u0a95\u0ab6\u0ac1\u0a82 \u0a9c \u0aa8 \u0a95\u0ab0\u0acb. \u0a85\u0ab8\u0aa4\u0acd\u0aaf \u0aa8 \u0aac\u0acb\u0ab2\u0ab6\u0acb, \u0ab2\u0acb\u0a95\u0acb\u0aa8\u0ac7 \u0aae\u0ac2\u0ab0\u0acd\u0a96 \u0aac\u0aa8\u0abe\u0ab5\u0ab5\u0abe \u0aae\u0abe\u0a9f\u0ac7 \u0a95\u0acb\u0a88 \u0a95\u0abe\u0ab0\u0acd\u0aaf \u0aa8 \u0a95\u0ab0\u0acb. \u0a88\u0ab0\u0acd\u0ab7\u0abe\u0ab3\u0ac1 \u0aa8 \u0aa5\u0abe\u0a93, \u0a85\u0aa6\u0ac7\u0a96\u0abe\u0a87 \u0aa8 \u0a95\u0ab0\u0acb. \u0a86 \u0aac\u0aa7\u0ac0\u0a9c \u0ab5\u0ab8\u0acd\u0aa4\u0ac1\u0a93 \u0aa4\u0aae\u0abe\u0ab0\u0abe \u0a9c\u0ac0\u0ab5\u0aa8\u0aae\u0abe\u0a82\u0aa5\u0ac0 \u0aa6\u0ac2\u0ab0 \u0a95\u0ab0\u0acb."},{"Verseid":"59001001","Verse":"\u0aa8\u0ab5\u0abe\u0a82 \u0a9c\u0aa8\u0acd\u0aae\u0ac7\u0ab2\u0abe\u0a82 \u0aac\u0abe\u0ab3\u0a95\u0acb\u0aa8\u0ac0 \u0a9c\u0ac7\u0aae \u0aa8\u0abf\u0ab7\u0acd\u0a95\u0aaa\u0a9f \u0a86\u0aa4\u0acd\u0aae\u0abf\u0a95 \u0aa6\u0ac2\u0aa7 (\u0ab6\u0abf\u0a95\u0acd\u0ab7\u0aa3) \u0aae\u0abe\u0a9f\u0ac7 \u0aad\u0ac2\u0a96\u0acd\u0aaf\u0abe \u0ab0\u0ab9\u0ac0 \u0a86\u0aa4\u0ac1\u0ab0 \u0aac\u0aa8\u0acb. \u0a86\u0aa8\u0ac1\u0a82 \u0aaa\u0abe\u0aa8 \u0a95\u0ab0\u0ab5\u0abe\u0aa5\u0ac0 \u0aa4\u0aae\u0abe\u0ab0\u0acb \u0ab5\u0abf\u0a95\u0abe\u0ab8 \u0a85\u0aa8\u0ac7 \u0aa4\u0abe\u0ab0\u0aa3 \u0aa5\u0ab6\u0ac7."},{"Verseid":"59001002","Verse":"\u0aaa\u0acd\u0ab0\u0aad\u0ac1\u0aa8\u0ac0 \u0aa6\u0aaf\u0abe\u0aa8\u0acb \u0a85\u0aa8\u0ac1\u0aad\u0ab5 \u0aa4\u0aae\u0ac7 \u0a95\u0acd\u0aaf\u0abe\u0ab0\u0aa8\u0acb\u0aaf \u0a95\u0ab0\u0acd\u0aaf\u0acb \u0a9b\u0ac7. \u0aa4\u0ac7\u0aa5\u0ac0 \u0aa4\u0ac7\u0aa8\u0abe \u0ab5\u0aa1\u0ac7 \u0aa4\u0abe\u0ab0\u0aa3 \u0aae\u0ac7\u0ab3\u0ab5\u0ab5\u0abe \u0a86\u0a97\u0ab3 \u0ab5\u0aa7\u0acb."},{"Verseid":"59001003","Verse":"\u0aaa\u0acd\u0ab0\u0aad\u0ac1 \u0a88\u0ab8\u0ac1 \u0aa4\u0ac7 \u0a9c\u0ac0\u0ab5\u0a82\u0aa4 \u201c\u0aaa\u0aa5\u0acd\u0aa5\u0ab0\u201d \u0a9b\u0ac7. \u0aa6\u0ac1\u0aa8\u0abf\u0aaf\u0abe\u0aa8\u0abe \u0ab2\u0acb\u0a95\u0acb\u0a8f \u0aa8\u0abf\u0ab0\u0acd\u0aa3\u0aaf \u0a95\u0ab0\u0acd\u0aaf\u0acb \u0a95\u0ac7 \u0aa4\u0ac7\u0a93\u0aa8\u0ac7 \u0a86 \u0aaa\u0aa5\u0acd\u0aa5\u0ab0 (\u0a88\u0ab8\u0ac1) \u0aa8\u0ac0 \u0a9c\u0ab0\u0ac1\u0a82\u0ab0 \u0aa8\u0aa5\u0ac0.\u0aaa\u0ab0\u0a82\u0aa4\u0ac1 \u0aa4\u0ac7 \u0aa4\u0acb \u0aa6\u0ac7\u0ab5 \u0aa6\u0acd\u0aa7\u0abe\u0ab0\u0abe \u0aaa\u0ab8\u0a82\u0aa6\u0a97\u0ac0 \u0aaa\u0abe\u0aae\u0ac7\u0ab2 \u0aaa\u0aa5\u0acd\u0aa5\u0ab0 \u0ab9\u0aa4\u0acb. \u0a85\u0aa8\u0ac7 \u0aa6\u0ac7\u0ab5 \u0a86\u0a97\u0ab3 \u0aa4\u0ac7\u0aa8\u0ac1\u0a82 \u0a98\u0aa3\u0ac1\u0a82 \u0aae\u0ac2\u0ab2\u0acd\u0aaf \u0ab9\u0aa4\u0ac1\u0a82. \u0aa4\u0ac7\u0aa5\u0ac0 \u0aa4\u0ac7\u0aa8\u0ac0 \u0aa8\u0a9c\u0ac0\u0a95 \u0a86\u0ab5\u0acb."},{"Verseid":"59001004","Verse":"\u0aa4\u0aae\u0ac7 \u0aaa\u0aa3 \u0a9c\u0ac0\u0ab5\u0a82\u0aa4 \u0aaa\u0aa5\u0acd\u0aa5\u0ab0 \u0a9c\u0ac7\u0ab5\u0abe \u0a9b\u0acb. \u0a86\u0aa4\u0acd\u0aae\u0abf\u0a95 \u0a98\u0ab0 \u0a9a\u0aa3\u0ab5\u0abe \u0aa6\u0ac7\u0ab5 \u0aa4\u0aae\u0abe\u0ab0\u0acb \u0a89\u0aaa\u0aaf\u0acb\u0a97 \u0a95\u0ab0\u0ac7 \u0a9b\u0ac7. \u0aa4\u0ac7 \u0aae\u0a82\u0aa6\u0abf\u0ab0\u0aae\u0abe\u0a82 \u0aa6\u0ac7\u0ab5\u0aa8\u0ac0 \u0ab8\u0ac7\u0ab5\u0abe \u0a95\u0ab0\u0ab5\u0abe \u0aa4\u0aae\u0ac7 \u0aaa\u0ab5\u0abf\u0aa4\u0acd\u0ab0 \u0aaf\u0abe\u0a9c\u0a95\u0acb \u0aa5\u0aaf\u0abe \u0a9b\u0acb. \u0aa4\u0aae\u0ac7 \u0a88\u0ab8\u0ac1 \u0a96\u0acd\u0ab0\u0abf\u0ab8\u0acd\u0aa4 \u0aa5\u0a95\u0ac0 \u0aa6\u0ac7\u0ab5\u0aa8\u0ac7 \u0aaa\u0acd\u0ab0\u0ab8\u0aa8\u0acd\u0aa8 \u0a9b\u0ac7 \u0a8f \u0a86\u0aa4\u0acd\u0aae\u0abf\u0a95 \u0aaf\u0a9c\u0acd\u0a9e\u0acb \u0a86\u0aaa\u0acb."},{"Verseid":"59001005","Verse":"\u0aaa\u0ab5\u0abf\u0aa4\u0acd\u0ab0\u0ab6\u0abe\u0ab8\u0acd\u0aa4\u0acd\u0ab0 \u0a95\u0ab9\u0ac7 \u0a9b\u0ac7 \u0a95\u0ac7: \u201c\u0a9c\u0ac1\u0a93, \u0aae\u0ac7\u0a82 \u0aae\u0ac2\u0ab2\u0acd\u0aaf\u0ab5\u0abe\u0aa8 \u0a8f\u0ab5\u0acb \u0a96\u0ac2\u0aa3\u0abe\u0aa8\u0acb \u0aae\u0ac1\u0a96\u0acd\u0aaf \u0aaa\u0aa5\u0acd\u0aa5\u0ab0 \u0aaa\u0ab8\u0a82\u0aa6 \u0a95\u0ab0\u0acd\u0aaf\u0acb \u0a9b\u0ac7, \u0a85\u0aa8\u0ac7 \u0aa4\u0ac7 \u0aaa\u0aa5\u0acd\u0aa5\u0ab0\u0aa8\u0ac7 \u0ab9\u0ac1\u0a82 \u0ab8\u0abf\u0aaf\u0acb\u0aa8\u0aae\u0abe\u0a82 \u0aae\u0ac2\u0a95\u0ac1\u0a82 \u0a9b\u0ac1\u0a82; \u0a9c\u0ac7 \u0ab5\u0acd\u0aaf\u0a95\u0acd\u0aa4\u0abf \u0aa4\u0ac7\u0aa8\u0abe \u0aaa\u0ab0 \u0ab5\u0abf\u0ab6\u0acd\u0ab5\u0abe\u0ab8 \u0a95\u0ab0\u0ab6\u0ac7 \u0aa4\u0ac7 \u0a95\u0aa6\u0ac0 \u0aaa\u0aa3 \u0ab6\u0ab0\u0aae\u0abe\u0ab6\u0ac7 \u0aa8\u0ab9\u0abf.\u201d \u0aaf\u0ab6\u0abe\u0aaf\u0abe 28:16"},{"Verseid":"59001006","Verse":"\u0aa4\u0ac7\u0aa5\u0ac0 \u0aa4\u0aae\u0ac7 \u0ab5\u0abf\u0ab6\u0acd\u0ab5\u0abe\u0ab8 \u0a95\u0ab0\u0aa8\u0abe\u0ab0\u0abe\u0a93\u0aa8\u0abe \u0aae\u0abe\u0a9f\u0ac7 \u0aa4\u0ac7 \u0aaa\u0aa5\u0acd\u0aa5\u0ab0 \u0aae\u0ac2\u0ab2\u0acd\u0aaf\u0ab5\u0abe\u0aa8 \u0a9b\u0ac7 \u0aaa\u0aa3 \u0a85\u0ab5\u0abf\u0ab6\u0acd\u0ab5\u0abe\u0ab8\u0ac0\u0a93 \u0aae\u0abe\u0a9f\u0ac7 \u0aa4\u0ac7 \u0aaa\u0aa5\u0acd\u0aa5\u0ab0- \u0aa4\u0ac7 \u0a8f\u0a95 \u0a8f\u0ab5\u0acb \u0aaa\u0aa5\u0acd\u0aa5\u0ab0 \u0a9b\u0ac7: \u201c\u0a9c\u0ac7\u0aa8\u0ac7 \u0ab8\u0acd\u0aa5\u0aaa\u0aa4\u0abf\u0a93\u0a8f \u0a85\u0ab5\u0a97\u0aa3\u0acd\u0aaf\u0acb \u0a9b\u0ac7. \u0aa4\u0ac7 \u0aaa\u0aa5\u0acd\u0aa5\u0ab0 \u0a98\u0aa3\u0acb\u0a9c \u0aae\u0ab9\u0aa4\u0acd\u0ab5\u0aa8\u0acb \u0aaa\u0aa5\u0acd\u0aa5\u0ab0 \u0aac\u0aa8\u0acd\u0aaf\u0acb.\u201d \u0a97\u0ac0\u0aa4\u0ab6\u0abe\u0ab8\u0acd\u0aa4\u0acd\u0ab0 118:22"},{"Verseid":"59001007","Verse":"\u0a85\u0ab5\u0abf\u0ab6\u0acd\u0ab5\u0abe\u0ab8\u0ac0\u0a93 \u0aae\u0abe\u0a9f\u0ac7, \u0aa4\u0ac7 \u0a9b\u0ac7: \u201c\u0aa4\u0ac7 \u0a8f\u0a95 \u0a8f\u0ab5\u0acb \u0aaa\u0aa5\u0acd\u0aa5\u0ab0 \u0a9b\u0ac7 \u0a95\u0ac7 \u0a9c\u0ac7 \u0ab2\u0acb\u0a95\u0acb\u0aa8\u0ac7 \u0aa0\u0acb\u0a95\u0ab0 \u0a96\u0ab5\u0aa1\u0abe\u0ab5\u0ac7 \u0a9b\u0ac7, \u0a8f \u0aaa\u0aa5\u0acd\u0aa5\u0ab0 \u0a9c\u0ac7 \u0ab2\u0acb\u0a95\u0acb\u0aa8\u0ac7 \u0aa0\u0acb\u0a95\u0ab0 \u0a96\u0ab5\u0aa1\u0abe\u0ab5\u0aa8\u0abe\u0ab0 \u0a96\u0aa1\u0a95 \u0aa5\u0aaf\u0acb \u0a9b\u0ac7.\u201d \u0aaf\u0ab6\u0abe\u0aaf\u0abe 8:14 \u0ab2\u0acb\u0a95\u0acb \u0aa0\u0acb\u0a95\u0ab0 \u0a96\u0abe\u0aaf \u0a9b\u0ac7 \u0a95\u0abe\u0ab0\u0aa3 \u0a95\u0ac7 \u0aa4\u0ac7\u0a93 \u0aa6\u0ac7\u0ab5 \u0a9c\u0ac7 \u0a95\u0ab9\u0ac7 \u0a9b\u0ac7 \u0aa4\u0ac7 \u0ab5\u0a9a\u0aa8\u0acb\u0aa8\u0ac1\u0a82 \u0aaa\u0abe\u0ab2\u0aa8 \u0a95\u0ab0\u0aa4\u0abe \u0aa8\u0aa5\u0ac0. \u0aa4\u0ac7\u0a93\u0aa8\u0ac7 \u0aae\u0abe\u0a9f\u0ac7 \u0aa6\u0ac7\u0ab5\u0ac7 \u0a86\u0ab5\u0ac1\u0a9c \u0a86\u0aaf\u0acb\u0a9c\u0aa8 \u0a95\u0ab0\u0acd\u0aaf\u0ac1 \u0ab9\u0aa4\u0ac1\u0a82."},{"Verseid":"59001008","Verse":"\u0aaa\u0ab0\u0a82\u0aa4\u0ac1 \u0aa4\u0aae\u0ac7 \u0aaa\u0ab8\u0a82\u0aa6 \u0a95\u0ab0\u0abe\u0aaf\u0ac7\u0ab2\u0ac0 \u0a9c\u0abe\u0aa4\u0ac0, \u0ab0\u0abe\u0a9c\u0aae\u0abe\u0aa8\u0acd\u0aaf \u0aaf\u0abe\u0a9c\u0a95\u0ab5\u0ab0\u0acd\u0a97, \u0aaa\u0ab5\u0abf\u0aa4\u0acd\u0ab0 \u0aaa\u0acd\u0ab0\u0a9c\u0abe, \u0aa4\u0aa5\u0abe \u0aaa\u0acd\u0ab0\u0aad\u0ac1\u0aa8\u0abe \u0a96\u0abe\u0ab8 \u0ab2\u0acb\u0a95 \u0a9b\u0acb, \u0aa4\u0aae\u0ac7 \u0aaa\u0ab5\u0abf\u0aa4\u0acd\u0ab0 \u0ab0\u0abe\u0ab7\u0acd\u0a9f\u0acd\u0ab0\u0aa8\u0abe \u0ab2\u0acb\u0a95 \u0a9b\u0acb. \u0aa6\u0ac7\u0ab5\u0ac7 \u0aa4\u0aae\u0aa8\u0ac7 \u0a85\u0aa6\u0aad\u0ac2\u0aa4 \u0aaa\u0ab0\u0abe\u0a95\u0acd\u0ab0\u0aae\u0acb \u0a95\u0ab9\u0ac7\u0ab5\u0abe \u0aae\u0abe\u0a9f\u0ac7 \u0aaa\u0ab8\u0a82\u0aa6 \u0a95\u0ab0\u0acd\u0aaf\u0abe \u0a9b\u0ac7. \u0aa6\u0ac7\u0ab5\u0ac7 \u0aa4\u0aae\u0aa8\u0ac7 \u0a85\u0a82\u0aa7\u0a95\u0abe\u0ab0\u0aae\u0abe\u0a82\u0aa5\u0ac0 \u0aa4\u0ac7\u0aa8\u0abe \u0a86\u0ab6\u0acd\u0a9a\u0ab0\u0acd\u0aaf\u0a95\u0abe\u0ab0\u0a95 \u0aaa\u0acd\u0ab0\u0a95\u0abe\u0ab6\u0aae\u0abe\u0a82 \u0aac\u0acb\u0ab2\u0abe\u0ab5\u0acd\u0aaf\u0abe \u0a9b\u0ac7."},{"Verseid":"59001009","Verse":"\u0a95\u0acb\u0a88 \u0a8f\u0a95 \u0ab8\u0aae\u0aaf\u0ac7 \u0aa4\u0aae\u0ac7 \u0aaa\u0acd\u0ab0\u0a9c\u0abe \u0a9c \u0aa8 \u0ab9\u0aa4\u0abe. \u0aaa\u0ab0\u0a82\u0aa4\u0ac1 \u0ab9\u0ab5\u0ac7 \u0aa4\u0aae\u0ac7 \u0aa6\u0ac7\u0ab5\u0aa8\u0ac0 \u0aaa\u0acd\u0ab0\u0a9c\u0abe \u0a9b\u0acb. \u0aad\u0ac2\u0aa4\u0a95\u0abe\u0ab3\u0aae\u0abe\u0a82 \u0aa4\u0aae\u0aa8\u0ac7 \u0aa6\u0aaf\u0abe \u0aaa\u0acd\u0ab0\u0abe\u0aaa\u0acd\u0aa4 \u0aa5\u0a88 \u0aa8\u0ab9\u0acb\u0aa4\u0ac0. \u0aaa\u0ab0\u0a82\u0aa4\u0ac1 \u0ab9\u0ab5\u0ac7 \u0aa4\u0aae\u0aa8\u0ac7 \u0aa6\u0aaf\u0abe \u0aaa\u0acd\u0ab0\u0abe\u0aaa\u0acd\u0aa4 \u0aa5\u0a88 \u0a9b\u0ac7.41"},{"Verseid":"59001010","Verse":"\u0aaa\u0acd\u0ab0\u0abf\u0aaf \u0aae\u0abf\u0aa4\u0acd\u0ab0\u0acb, \u0a86 \u0aa6\u0ac1\u0aa8\u0abf\u0aaf\u0abe\u0aae\u0abe\u0a82 \u0aa4\u0aae\u0ac7 \u0a85\u0a9c\u0abe\u0aa3\u0acd\u0aaf\u0abe \u0aaa\u0ab0\u0aa6\u0ac7\u0ab6\u0ac0 \u0a85\u0aa8\u0ac7 \u0aaa\u0acd\u0ab0\u0ab5\u0abe\u0ab8\u0ac0 \u0a9c\u0ac7\u0ab5\u0abe \u0a9b\u0acb. \u0aa4\u0ac7\u0aa5\u0ac0 \u0ab9\u0ac1\u0a82 \u0aa4\u0aae\u0aa8\u0ac7 \u0ab5\u0abf\u0aa8\u0a82\u0aa4\u0ac0 \u0a95\u0ab0\u0ac1\u0a82 \u0a9b\u0ac1\u0a82 \u0a95\u0ac7 \u0aa4\u0aae\u0abe\u0ab0\u0ac1\u0a82 \u0ab6\u0ab0\u0ac0\u0ab0 \u0a9c\u0ac7 \u0a88\u0a9a\u0acd\u0a9b\u0ac7 \u0a9b\u0ac7 \u0aa4\u0ac7 \u0ab5\u0abf\u0ab7\u0aaf\u0acb\u0aa5\u0ac0 \u0aa6\u0ac2\u0ab0 \u0ab0\u0ab9\u0acb. \u0aa4\u0ac7 \u0ab5\u0ab8\u0acd\u0aa4\u0ac1\u0a93 \u0aa4\u0aae\u0abe\u0ab0\u0abe \u0a86\u0aa4\u0acd\u0aae\u0abe\u0aa8\u0ac0 \u0ab5\u0abf\u0ab0\u0ac2\u0aa6\u0acd\u0aa7 \u0ab2\u0aa1\u0ac7 \u0a9b\u0ac7."},{"Verseid":"59001011","Verse":"\u0aa4\u0aae\u0abe\u0ab0\u0ac0 \u0ab8\u0abe\u0aa5\u0ac7 \u0a86\u0a9c\u0ac1\u0aac\u0abe\u0a9c\u0ac1 \u0a85\u0ab5\u0abf\u0ab6\u0acd\u0ab5\u0abe\u0ab8\u0ac0\u0a93 \u0ab0\u0ab9\u0ac7 \u0a9b\u0ac7. \u0aa4\u0ac7\u0a93 \u0a95\u0ab9\u0ac7\u0ab6\u0ac7 \u0a95\u0ac7 \u0aa4\u0aae\u0ac7 \u0a96\u0acb\u0a9f\u0ac1\u0a82 \u0a95\u0ab0\u0ac0 \u0ab0\u0ab9\u0acd\u0aaf\u0abe\u0a82 \u0a9b\u0acb. \u0aa4\u0ac7\u0aa5\u0ac0 \u0ab8\u0abe\u0ab0\u0ac1\u0a82 \u0a9c\u0ac0\u0ab5\u0aa8 \u0a9c\u0ac0\u0ab5\u0acb. \u0aaa\u0a9b\u0ac0 \u0aa4\u0aae\u0ac7 \u0a9c\u0ac7 \u0ab8\u0aa4\u0acd\u0a95\u0ab0\u0acd\u0aae\u0acb \u0a95\u0ab0\u0acb \u0a9b\u0acb \u0aa4\u0ac7\u0aa8\u0ac7 \u0aa4\u0ac7\u0a93 \u0a9c\u0acb\u0ab6\u0ac7. \u0a85\u0aa8\u0ac7 \u0aaa\u0ac1\u0aa8\u0ab0\u0abe\u0a97\u0aae\u0aa8\u0aa8\u0abe \u0aa6\u0abf\u0ab5\u0ab8\u0ac7 \u0aa6\u0ac7\u0ab5\u0aa8\u0acb \u0aae\u0ab9\u0abf\u0aae\u0abe \u0ab5\u0aa7\u0abe\u0ab0\u0ab6\u0ac7."},{"Verseid":"59001012","Verse":"\u0a86 \u0aa6\u0ac1\u0aa8\u0abf\u0aaf\u0abe\u0aae\u0abe \u0a9c\u0ac7\u0a93\u0aa8\u0ac0 \u0aaa\u0abe\u0ab8\u0ac7 \u0ab8\u0aa4\u0acd\u0aa4\u0abe \u0a9b\u0ac7 \u0aa4\u0ac7 \u0ab2\u0acb\u0a95\u0acb\u0aa8\u0ac7 \u0a86\u0a9c\u0acd\u0a9e\u0abe\u0a82\u0a95\u0abf\u0a82\u0aa4 \u0aac\u0aa8\u0acb. \u0aaa\u0acd\u0ab0\u0aad\u0ac1 \u0aae\u0abe\u0a9f\u0ac7 \u0a86\u0aae \u0a95\u0ab0\u0acb. \u0ab0\u0abe\u0a9c\u0abe \u0a95\u0ac7 \u0a9c\u0ac7 \u0ab8\u0ab0\u0acd\u0ab5\u0acb\u0aaa\u0ab0\u0ac0 \u0a9b\u0ac7 \u0aa4\u0ac7\u0aa8\u0ac7 \u0a86\u0a9c\u0acd\u0a9e\u0abe\u0a82\u0a95\u0abf\u0a82\u0aa4 \u0aac\u0aa8\u0acb."},{"Verseid":"59001013","Verse":"\u0ab0\u0abe\u0a9c\u0abe \u0aa6\u0acd\u0aa7\u0abe\u0ab0\u0abe \u0aae\u0acb\u0a95\u0ab2\u0ab5\u0abe\u0aae\u0abe \u0a86\u0ab5\u0ac7\u0ab2\u0abe \u0a85\u0aa7\u0abf\u0a95\u0abe\u0ab0\u0ac0\u0a93\u0aa8\u0ac7 \u0a86\u0a9c\u0acd\u0a9e\u0abe\u0a82\u0a95\u0abf\u0aa4 \u0aac\u0aa8\u0acb. \u0a9c\u0ac7 \u0ab2\u0acb\u0a95\u0acb \u0a96\u0acb\u0a9f\u0ac1\u0a82 \u0a95\u0ab0\u0ac7 \u0a9b\u0ac7 \u0aa4\u0ac7\u0a93\u0aa8\u0ac7 \u0ab6\u0abf\u0a95\u0acd\u0ab7\u0abe \u0a95\u0ab0\u0ab5\u0abe \u0a85\u0aa8\u0ac7 \u0a9c\u0ac7 \u0ab2\u0acb\u0a95\u0acb \u0ab8\u0abe\u0ab0\u0ac1\u0a82 \u0a95\u0ab0\u0ac7 \u0a9b\u0ac7, \u0aa4\u0ac7\u0a93\u0aa8\u0abe \u0ab5\u0a96\u0abe\u0aa3 \u0a95\u0ab0\u0ab5\u0abe \u0a86 \u0ab2\u0acb\u0a95\u0acb\u0aa8\u0ac7 \u0aa6\u0ac7\u0ab5\u0ac7 \u0aae\u0acb\u0a95\u0ab2\u0acd\u0aaf\u0abe \u0a9b\u0ac7."},{"Verseid":"59001014","Verse":"\u0aa4\u0ac7\u0aa5\u0ac0 \u0a9c\u0acd\u0aaf\u0abe\u0ab0\u0ac7 \u0aa4\u0aae\u0ac7 \u0ab8\u0abe\u0ab0\u0ac1\u0a82 \u0a95\u0ab0\u0acb \u0aa4\u0acd\u0aaf\u0abe\u0ab0\u0ac7 \u0aa4\u0aae\u0abe\u0ab0\u0abe \u0ab5\u0abf\u0ab7\u0ac7 \u0aae\u0ac2\u0ab0\u0acd\u0a96\u0abe\u0a87 \u0aad\u0ab0\u0ac7\u0ab2\u0ac0 \u0ab5\u0abe\u0aa4\u0acb \u0a95\u0ab0\u0aa4\u0abe \u0aae\u0ac2\u0ab0\u0acd\u0a96 \u0ab2\u0acb\u0a95\u0acb\u0aa8\u0abe \u0aae\u0ac1\u0a96 \u0aa4\u0aae\u0ac7 \u0aac\u0a82\u0aa7 \u0a95\u0ab0\u0ac0 \u0aa6\u0acb. \u0aa6\u0ac7\u0ab5 \u0a9c\u0ac7 \u0a88\u0a9a\u0acd\u0a9b\u0ac7 \u0aa4\u0ac7 \u0a86 \u0a9b\u0ac7."},{"Verseid":"59001015","Verse":"\u0ab8\u0acd\u0ab5\u0aa4\u0a82\u0aa4\u0acd\u0ab0 \u0ab2\u0acb\u0a95\u0acb\u0aa8\u0ac0 \u0a9c\u0ac7\u0aae \u0a9c\u0ac0\u0ab5\u0acb. \u0aaa\u0ab0\u0a82\u0aa4\u0ac1 \u0aa6\u0ac1\u0ab7\u0acd\u0a9f \u0a95\u0abe\u0ab0\u0acd\u0aaf \u0a95\u0ab0\u0ab5\u0abe \u0aae\u0abe\u0a9f\u0ac7 \u0ab8\u0acd\u0ab5\u0aa4\u0a82\u0aa4\u0acd\u0ab0\u0aa4\u0abe\u0aa8\u0ac7 \u0aac\u0ab9\u0abe\u0aa8\u0ac1\u0a82 \u0aa8 \u0aac\u0aa8\u0ab5\u0abe \u0aa6\u0ac7\u0ab5\u0aa8\u0ac0 \u0ab8\u0ac7\u0ab5\u0abe\u0aae\u0abe\u0a82 \u0a9c\u0ac0\u0ab5\u0aa8 \u0ab5\u0abf\u0aa4\u0abe\u0ab5\u0acb."},{"Verseid":"59001016","Verse":"\u0aa6\u0ab0\u0ac7\u0a95 \u0ab2\u0acb\u0a95\u0acb\u0aa8\u0acb \u0a86\u0aa6\u0ab0 \u0a95\u0ab0\u0acb. \u0aa6\u0ac7\u0ab5\u0aa8\u0abe \u0a95\u0ac1\u0a9f\u0ac1\u0a82\u0aac\u0aa8\u0abe \u0aa6\u0ab0\u0ac7\u0a95 \u0aad\u0abe\u0a88\u0a93 \u0a85\u0aa8\u0ac7 \u0aac\u0ab9\u0ac7\u0aa8\u0acb\u0aa8\u0ac7 \u0aaa\u0acd\u0ab0\u0ac7\u0aae \u0a95\u0ab0\u0acb. \u0ab0\u0abe\u0a9c\u0abe\u0aa8\u0ac1\u0a82 \u0ab8\u0aa8\u0acd\u0aae\u0abe\u0aa8 \u0a95\u0ab0\u0acb \u0a85\u0aa8\u0ac7 \u0aa6\u0ac7\u0ab5\u0aa5\u0ac0 \u0aa1\u0ab0\u0acb, \u0a85\u0aa8\u0ac7 \u0ab0\u0abe\u0a9c\u0abe\u0aa8\u0ac7 \u0aae\u0abe\u0aa8 \u0a86\u0aaa\u0acb."},{"Verseid":"59001017","Verse":"\u0a9a\u0abe\u0a95\u0ab0\u0acb, \u0aa4\u0aae\u0abe\u0ab0\u0abe \u0aa7\u0aa3\u0ac0\u0aa8\u0ac0 \u0ab8\u0aa4\u0acd\u0aa4\u0abe\u0aa8\u0acb \u0ab8\u0acd\u0ab5\u0ac0\u0a95\u0abe\u0ab0 \u0a95\u0ab0\u0acb. \u0a85\u0aa8\u0ac7 \u0aa4\u0ac7 \u0aaa\u0aa3 \u0ab8\u0a82\u0aaa\u0ac2\u0ab0\u0acd\u0aa3 \u0ab8\u0aa8\u0acd\u0aae\u0abe\u0aa8\u0ab8\u0ab9\u0abf\u0aa4 \u0a95\u0ab0\u0acb. \u0aa4\u0aae\u0abe\u0ab0\u0ac7 \u0aad\u0ab2\u0abe \u0a85\u0aa8\u0ac7 \u0aa6\u0aaf\u0abe\u0ab3\u0ac1 \u0aa7\u0aa3\u0ac0\u0aa8\u0ac0 \u0a86\u0a9c\u0acd\u0a9e\u0abe\u0aa8\u0ac1\u0a82 \u0aaa\u0abe\u0ab2\u0aa8 \u0a95\u0ab0\u0ab5\u0ac1\u0a82 \u0a9c\u0acb\u0a88\u0a8f. \u0aa4\u0ac7\u0aae\u0a9c \u0a96\u0ab0\u0abe\u0aac \u0aa7\u0aa3\u0ac0\u0aa8\u0ac0 \u0a86\u0a9c\u0acd\u0a9e\u0abe\u0aa8\u0ac1\u0a82 \u0aaa\u0aa3 \u0aaa\u0abe\u0ab2\u0aa8 \u0a95\u0ab0\u0ab5\u0ac1\u0a82 \u0a9c\u0acb\u0a88\u0a8f."},{"Verseid":"59001018","Verse":"\u0aaa\u0acb\u0aa4\u0ac7 \u0a95\u0ab6\u0ac1\u0a9c \u0a96\u0ab0\u0abe\u0aac \u0aa8 \u0a95\u0ab0\u0acd\u0aaf\u0ac1 \u0ab9\u0acb\u0aaf \u0a9b\u0aa4\u0abe\u0a82 \u0a95\u0acb\u0a87 \u0ab5\u0acd\u0aaf\u0a95\u0acd\u0aa4\u0abf\u0aa8\u0ac7 \u0aa6\u0ac1:\u0a96 \u0ab8\u0ab9\u0aa8 \u0a95\u0ab0\u0ab5\u0ac1\u0a82 \u0aaa\u0aa1\u0ac7. \u0aa4\u0acb \u0aa4\u0ac7 \u0ab5\u0acd\u0aaf\u0a95\u0acd\u0aa4\u0abf \u0aa6\u0ac7\u0ab5\u0aa8\u0acb \u0ab5\u0abf\u0a9a\u0abe\u0ab0 \u0a95\u0ab0\u0ac0\u0aa8\u0ac7 \u0aa6\u0ac1:\u0a96 \u0ab8\u0ab9\u0aa8 \u0a95\u0ab0\u0ac7 \u0aa4\u0acb \u0aa4\u0ac7\u0aa8\u0abe\u0aa5\u0ac0 \u0aa6\u0ac7\u0ab5\u0aa8\u0ac7 \u0a86\u0aa8\u0a82\u0aa6 \u0aa5\u0abe\u0aaf \u0a9b\u0ac7."},{"Verseid":"59001019","Verse":"\u0aaa\u0ab0\u0a82\u0aa4\u0ac1 \u0a95\u0ab6\u0ac1\u0a82 \u0aa6\u0ac1\u0ab7\u0acd\u0a9f \u0a95\u0abe\u0ab0\u0acd\u0aaf \u0a95\u0ab0\u0ab5\u0abe \u0a9c\u0acb \u0aa4\u0aae\u0aa8\u0ac7 \u0ab6\u0abf\u0a95\u0acd\u0ab7\u0abe \u0a95\u0ab0\u0ab5\u0abe\u0aae\u0abe\u0a82 \u0a86\u0ab5\u0ac7, \u0aa4\u0acb \u0a8f \u0ab6\u0abf\u0a95\u0acd\u0ab7\u0abe \u0ab8\u0ab9\u0aa8 \u0a95\u0ab0\u0ab5\u0abe \u0aac\u0aa6\u0ab2 \u0aa4\u0aae\u0aa8\u0ac7 \u0a95\u0acb\u0a87 \u0aa7\u0aa8\u0acd\u0aaf\u0ab5\u0abe\u0aa8 \u0aa8 \u0aae\u0ab3\u0ab5\u0abe \u0a9c\u0acb\u0a88\u0a8f. \u0aaa\u0ab0\u0a82\u0aa4\u0ac1 \u0ab8\u0abe\u0ab0\u0ac1\u0a82 \u0a95\u0ab0\u0ab5\u0abe \u0a9b\u0aa4\u0abe\u0a82, \u0aa4\u0aae\u0aa8\u0ac7 \u0aa6\u0ac1:\u0a96 \u0aaa\u0aa1\u0ac7 \u0a85\u0aa8\u0ac7 \u0aa4\u0aae\u0ac7 \u0aa4\u0ac7 \u0aa6\u0ac1:\u0a96 \u0ab8\u0ab9\u0aa8 \u0a95\u0ab0\u0acb \u0a9b\u0acb, \u0aa4\u0acb \u0aa4\u0ac7 \u0aa6\u0ac7\u0ab5\u0aa8\u0ac0 \u0aa8\u0a9c\u0ab0\u0aae\u0abe\u0a82 \u0aaa\u0acd\u0ab0\u0ab8\u0a82\u0ab6\u0abe\u0aaa\u0abe\u0aa4\u0acd\u0ab0 \u0a9b\u0ac7."},{"Verseid":"59001020","Verse":"\u0aaa\u0aa3 \u0aa4\u0aae\u0aa8\u0ac7 \u0a86\u0ab9\u0ab5\u0abe\u0aa8 \u0a86\u0aaa\u0ab5\u0abe\u0aae\u0abe \u0a86\u0ab5\u0acd\u0aaf\u0ac1\u0a82 \u0a9b\u0ac7. \u0a96\u0acd\u0ab0\u0abf\u0ab8\u0acd\u0aa4\u0ac7 \u0aa4\u0aae\u0aa8\u0ac7 \u0a8f\u0a95 \u0aa8\u0aae\u0ac2\u0aa8\u0acb \u0a86\u0aaa\u0acd\u0aaf\u0acb. \u0aa4\u0ac7\u0aa3\u0ac7 \u0a9c\u0ac7 \u0a95\u0ab0\u0acd\u0aaf\u0ac1\u0a82 \u0aa4\u0ac7\u0aa8\u0ac7 \u0a85\u0aa8\u0ac1\u0ab8\u0ab0\u0acb. \u0a9c\u0acd\u0aaf\u0abe\u0ab0\u0ac7 \u0aa4\u0aae\u0ac7 \u0aa6\u0ac1:\u0a96\u0ac0 \u0aa5\u0abe\u0a93, \u0aa4\u0acd\u0aaf\u0abe\u0ab0\u0ac7 \u0aa7\u0ac0\u0ab0\u0a9c \u0ab0\u0abe\u0a96\u0acb \u0a95\u0abe\u0ab0\u0aa3 \u0a95\u0ac7 \u0a96\u0acd\u0ab0\u0abf\u0ab8\u0acd\u0aa4 \u0aa4\u0aae\u0abe\u0ab0\u0abe \u0aae\u0abe\u0a9f\u0ac7 \u0aa6\u0ac1:\u0a96\u0ac0 \u0aa5\u0aaf\u0acb \u0ab9\u0aa4\u0acb."},{"Verseid":"59001021","Verse":"\u201c\u0aa4\u0ac7\u0aa3\u0ac7 \u0a95\u0acb\u0a88 \u0aaa\u0abe\u0aaa \u0aa8\u0ab9\u0acb\u0aa4\u0ac1\u0a82 \u0a95\u0ab0\u0acd\u0aaf\u0ac1, \u0a85\u0aa8\u0ac7 \u0aa4\u0ac7\u0aa8\u0abe \u0aae\u0ac1\u0a96\u0ac7\u0aa5\u0ac0 \u0a95\u0acb\u0a87 \u0a85\u0ab8\u0aa4\u0acd\u0aaf \u0a89\u0a9a\u0acd\u0a9a\u0abe\u0ab0\u0aaf\u0ac1\u0a82 \u0aa8\u0ab9\u0acb\u0aa4\u0ac1\u0a82.\u201d \u0aaf\u0ab6\u0abe\u0aaf\u0abe 53:9"},{"Verseid":"59001022","Verse":"\u0a96\u0acd\u0ab0\u0abf\u0ab8\u0acd\u0aa4 \u0ab5\u0abf\u0ab7\u0ac7 \u0ab2\u0acb\u0a95\u0acb \u0a96\u0ab0\u0abe\u0aac \u0aac\u0acb\u0ab2\u0acd\u0aaf\u0abe, \u0aaa\u0ab0\u0a82\u0aa4\u0ac1 \u0a96\u0acd\u0ab0\u0abf\u0ab8\u0acd\u0aa4 \u0aa4\u0ac7\u0a93\u0aa8\u0abe \u0aae\u0abe\u0a9f\u0ac7 \u0a95\u0ab6\u0ac1\u0a82 \u0a9c \u0a96\u0ab0\u0abe\u0aac \u0aa8 \u0aac\u0acb\u0ab2\u0acd\u0aaf\u0abe. \u0a96\u0acd\u0ab0\u0abf\u0ab8\u0acd\u0aa4\u0ac7 \u0ab8\u0ab9\u0aa8 \u0a95\u0ab0\u0acd\u0aaf\u0ac1\u0a82 \u0aaa\u0ab0\u0a82\u0aa4\u0ac1 \u0ab2\u0acb\u0a95\u0acb\u0aa8\u0ac7 \u0aa4\u0ac7\u0aa3\u0ac7 \u0aa7\u0aae\u0a95\u0abe\u0ab5\u0acd\u0aaf\u0abe \u0aa8\u0ab9\u0abf. \u0a85\u0aa6\u0aac \u0aa8\u0acd\u0aaf\u0abe\u0aaf \u0a95\u0ab0\u0aa8\u0abe\u0ab0\u0aa8\u0ac7 \u0aaa\u0acb\u0aa4\u0abe\u0aa8\u0ac7 \u0ab8\u0acb\u0a82\u0aaa\u0ac0 \u0aa6\u0ac0\u0aa7\u0acb. \u0a96\u0acd\u0ab0\u0abf\u0ab8\u0acd\u0aa4\u0ac7 \u0aa6\u0ac7\u0ab5\u0aa8\u0ac7 \u0aa4\u0ac7\u0aa8\u0ac0 \u0a95\u0abe\u0ab3\u0a9c\u0ac0 \u0ab2\u0ac7\u0ab5\u0abe \u0aa6\u0ac0\u0aa7\u0ac0. \u0aa6\u0ac7\u0ab5 \u0aa4\u0ac7 \u0aaf\u0acb\u0a97\u0acd\u0aaf \u0aa8\u0acd\u0aaf\u0abe\u0aaf \u0a95\u0ab0\u0ac7 \u0a9b\u0ac7."},{"Verseid":"59001023","Verse":"\u0ab5\u0aa7\u0ab8\u0acd\u0aa4\u0a82\u0aad \u0aaa\u0ab0 \u0a96\u0acd\u0ab0\u0abf\u0ab8\u0acd\u0aa4\u0ac7 \u0aa4\u0ac7\u0aa8\u0abe \u0ab6\u0ab0\u0ac0\u0ab0\u0aae\u0abe \u0a86\u0aaa\u0aa3\u0abe\u0a82 \u0aaa\u0abe\u0aaa \u0ab2\u0ac0\u0aa7\u0abe. \u0aa4\u0ac7\u0aa3\u0ac7 \u0a86\u0aae \u0a95\u0ab0\u0acd\u0aaf\u0ac1 \u0a95\u0ac7 \u0a9c\u0ac7\u0aa5\u0ac0 \u0a86\u0aaa\u0aa3\u0ac7 \u0aaa\u0abe\u0aaa\u0ac0 \u0a9c\u0ac0\u0ab5\u0aa8 \u0a9c\u0ac0\u0ab5\u0ab5\u0abe\u0aa8\u0ac1 \u0a9b\u0acb\u0aa1\u0ac0 \u0a9c\u0ac7 \u0aaf\u0ab0\u0acd\u0aa5\u0abe\u0aa5 \u0a9b\u0ac7 \u0aa4\u0ac7\u0aa8\u0ac7 \u0aae\u0abe\u0a9f\u0ac7 \u0a9c\u0ac0\u0ab5\u0ac0\u0a8f. \u0aa4\u0ac7\u0aa8\u0abe \u0a98\u0abe\u0a93\u0aa5\u0ac0 \u0aa4\u0aae\u0ac7 \u0ab8\u0abe\u0a9c\u0abe \u0aa5\u0aaf\u0abe\u0a82."},{"Verseid":"59001024","Verse":"\u0aa4\u0aae\u0ac7 \u0a96\u0acb\u0a9f\u0abe \u0ab0\u0ab8\u0acd\u0aa4\u0ac7 \u0aa6\u0acb\u0ab0\u0ab5\u0abe\u0a87 \u0a97\u0aaf\u0ac7\u0ab2\u0abe \u0a98\u0ac7\u0a82\u0a9f\u0abe \u0a9c\u0ac7\u0ab5\u0abe\u0a82 \u0ab9\u0aa4\u0abe\u0a82. \u0aaa\u0ab0\u0a82\u0aa4\u0ac1 \u0ab9\u0ab5\u0ac7 \u0aa4\u0aae\u0ac7 \u0aa4\u0aae\u0abe\u0ab0\u0abe \u0a9c\u0ac0\u0ab5\u0acb\u0aa8\u0abe \u0aaa\u0abe\u0ab3\u0a95 \u0a85\u0aa8\u0ac7 \u0aa4\u0aae\u0abe\u0ab0\u0abe \u0a86\u0aa4\u0acd\u0aae\u0abe\u0aa8\u0abe \u0ab0\u0a95\u0acd\u0ab7\u0a95 \u0aaa\u0abe\u0ab8\u0ac7 \u0aaa\u0abe\u0a9b\u0abe \u0a86\u0ab5\u0acd\u0aaf\u0abe \u0a9b\u0acb."}]},{"Verse":[{"Verseid":"59002000","Verse":"\u0aa4\u0ac7 \u0a9c \u0ab0\u0ac0\u0aa4\u0ac7 \u0aaa\u0aa4\u0acd\u0aa8\u0ac0\u0a93\u0a8f \u0aaa\u0aa4\u0abf\u0a93\u0aa8\u0ac0 \u0ab8\u0aa4\u0acd\u0aa4\u0abe\u0aa8\u0ac7 \u0ab8\u0acd\u0ab5\u0ac0\u0a95\u0abe\u0ab0\u0ab5\u0ac0 \u0a9c\u0acb\u0a88\u0a8f. \u0aa4\u0ac7\u0aa5\u0ac0 \u0a9c\u0acb \u0aa4\u0aae\u0abe\u0ab0\u0abe\u0aae\u0abe\u0a82\u0aa8\u0abe \u0a95\u0ac7\u0a9f\u0ab2\u0abe\u0a8f\u0a95 \u0aaa\u0aa4\u0abf\u0a93 \u0aa6\u0ac7\u0ab5\u0aa8\u0ac0 \u0ab8\u0ac1\u0ab5\u0abe\u0ab0\u0acd\u0aa4\u0abe\u0aa8\u0ac7 \u0a85\u0aa8\u0ac1\u0ab8\u0ab0\u0ab5\u0abe \u0aa8\u0abe \u0aaa\u0abe\u0aa1\u0ac7, \u0aa4\u0acb \u0aa4\u0ac7\u0a93\u0aa8\u0ac7 \u0a85\u0aa8\u0ac1\u0ab8\u0ab0\u0ab5\u0abe \u0ab8\u0aae\u0a9c\u0abe\u0ab5\u0ac0 \u0ab6\u0a95\u0abe\u0aaf. \u0aa4\u0aae\u0abe\u0ab0\u0ac7 \u0a95\u0a82\u0a88\u0a9c \u0a95\u0ab9\u0ac7\u0ab5\u0abe\u0aa8\u0ac0 \u0a9c\u0ab0\u0ac1\u0a82\u0ab0 \u0aa8\u0aa5\u0ac0. \u0aa4\u0ac7\u0a93 \u0aaa\u0acb\u0aa4\u0abe\u0aa8\u0ac0 \u0ab8\u0acd\u0aa4\u0acd\u0ab0\u0ac0\u0a93\u0aa8\u0abe \u0a86\u0a9a\u0ab0\u0aa3\u0aa5\u0ac0 \u0ab8\u0aae\u0a9c\u0ac0 \u0ab6\u0a95\u0ab6\u0ac7."},{"Verseid":"59002001","Verse":"\u0aa6\u0ac7\u0ab5 \u0aaa\u0acd\u0ab0\u0aa4\u0acd\u0aaf\u0ac7\u0aa8\u0abe \u0ab8\u0aa8\u0acd\u0aae\u0abe\u0aa8 \u0ab8\u0abe\u0aa5\u0ac7 \u0aa4\u0aae\u0ac7 \u0a9c\u0ac7 \u0a9c\u0ac0\u0ab5\u0aa8 \u0a9c\u0ac0\u0ab5\u0acb \u0a9b\u0acb \u0aa4\u0ac7 \u0aa4\u0aae\u0abe\u0ab0\u0abe \u0aaa\u0aa4\u0abf\u0a93 \u0a9c\u0acb\u0ab6\u0ac7."},{"Verseid":"59002002","Verse":"\u0aa4\u0aae\u0abe\u0ab0\u0acb \u0aac\u0abe\u0ab9\u0acd\u0aaf \u0ab6\u0aa3\u0a97\u0abe\u0ab0 \u0a95\u0ab2\u0abe\u0aa4\u0acd\u0aae\u0a95 \u0ab0\u0ac0\u0aa4\u0ac7 \u0a97\u0ac1\u0a82\u0aa5\u0ac7\u0ab2\u0abe \u0a95\u0ac7\u0ab6, \u0ab8\u0acb\u0aa8\u0abe\u0aa8\u0abe \u0a98\u0ab0\u0ac7\u0aa3\u0abe\u0a82\u0aa8\u0acb \u0a95\u0ac7 \u0ab8\u0ac1\u0a82\u0aa6\u0ab0 \u0ab5\u0ab8\u0acd\u0aa4\u0acd\u0ab0\u0acb\u0aa8\u0acb \u0a8f\u0ab5\u0acb \u0aa8\u0abe \u0ab9\u0acb\u0aaf."},{"Verseid":"59002003","Verse":"\u0aa8\u0abe! \u0aa4\u0aae\u0abe\u0ab0\u0ac0 \u0ab8\u0ac1\u0a82\u0aa6\u0ab0\u0aa4\u0abe \u0aa4\u0acb \u0a8f\u0ab5\u0ac0 \u0ab9\u0acb\u0ab5\u0ac0 \u0a9c\u0acb\u0a88\u0a8f \u0a9c\u0ac7 \u0aa4\u0aae\u0abe\u0ab0\u0abe \u0a85\u0a82\u0aa4:\u0a95\u0ab0\u0aa3\u0aae\u0abe\u0a82\u0aa5\u0ac0 \u0a86\u0ab5\u0aa4\u0ac0 \u0ab9\u0acb\u0aaf. \u0aa8\u0aae\u0acd\u0ab0 \u0a85\u0aa8\u0ac7 \u0ab6\u0abe\u0a82\u0aa4 \u0a86\u0aa4\u0acd\u0aae\u0abe\u0aa8\u0ac0 \u0a86 \u0ab8\u0ac1\u0a82\u0aa6\u0ab0\u0aa4\u0abe \u0a95\u0aa6\u0ac0 \u0a85\u0aa6\u0ab6\u0acd\u0aaf \u0aa8\u0ab9\u0abf \u0aa5\u0abe\u0aaf. \u0aa4\u0ac7 \u0aa6\u0ac7\u0ab5 \u0aae\u0abe\u0a9f\u0ac7 \u0a98\u0aa3\u0ac0\u0a9c \u0aae\u0ac2\u0ab2\u0acd\u0aaf\u0ab5\u0abe\u0aa8 \u0a9b\u0ac7."},{"Verseid":"59002004","Verse":"\u0a98\u0aa3\u0abe \u0ab5\u0a96\u0aa4 \u0aaa\u0ab9\u0ac7\u0ab2\u0abe \u0aa6\u0ac7\u0ab5\u0aa8\u0ac7 \u0a85\u0aa8\u0ac1\u0ab8\u0ab0\u0aa8\u0abe\u0ab0\u0ac0 \u0aaa\u0ab5\u0abf\u0aa4\u0acd\u0ab0 \u0aa8\u0abe\u0ab0\u0ac0\u0a93 \u0ab8\u0abe\u0aa5\u0ac7 \u0aaa\u0aa3 \u0a86\u0aae \u0a9c \u0ab9\u0aa4\u0ac1\u0a82. \u0a8f\u0a9c \u0ab0\u0ac0\u0aa4\u0ac7 \u0aa4\u0ac7\u0aae\u0aa3\u0ac7 \u0aa4\u0ac7\u0a93\u0aa8\u0ac0 \u0a9c\u0abe\u0aa4\u0aa8\u0ac7 \u0ab8\u0ac1\u0a82\u0aa6\u0ab0 \u0aac\u0aa8\u0abe\u0ab5\u0ac0 \u0ab9\u0aa4\u0ac0 \u0a85\u0aa8\u0ac7 \u0aa4\u0ac7\u0aae\u0aa8\u0abe \u0aaa\u0aa4\u0abf\u0a93\u0aa8\u0ac0 \u0ab8\u0aa4\u0acd\u0aa4\u0abe\u0aa8\u0ac7 \u0aa4\u0ac7\u0aae\u0aa3\u0ac7 \u0ab8\u0acd\u0ab5\u0ac0\u0a95\u0abe\u0ab0\u0ac0 \u0ab9\u0aa4\u0ac0."},{"Verseid":"59002005","Verse":"\u0ab9\u0ac1\u0a82 \u0ab8\u0abe\u0ab0\u0abe \u0a9c\u0ac7\u0ab5\u0ac0 \u0ab8\u0acd\u0aa4\u0acd\u0ab0\u0ac0\u0aa8\u0ac0 \u0ab5\u0abe\u0aa4 \u0a95\u0ab0\u0ac1\u0a82 \u0a9b\u0ac1\u0a82. \u0aa4\u0ac7 \u0aaa\u0acb\u0aa4\u0abe\u0aa8\u0abe \u0aaa\u0aa4\u0abf \u0a88\u0aac\u0acd\u0ab0\u0abe\u0ab9\u0abf\u0aae\u0aa8\u0ac7 \u0a86\u0a9c\u0acd\u0a9e\u0abe\u0a82\u0a95\u0abf\u0aa4 \u0ab0\u0ab9\u0ac0 \u0a85\u0aa8\u0ac7 \u0aa4\u0ac7\u0aa8\u0ac7 \u0aaa\u0acb\u0aa4\u0abe\u0aa8\u0acb \u0ab8\u0acd\u0ab5\u0abe\u0aae\u0ac0 \u0a97\u0aa3\u0acd\u0aaf\u0acb. \u0a85\u0aa8\u0ac7 \u0a9c\u0acb \u0aa4\u0aae\u0ac7 \u0ab9\u0a82\u0aae\u0ac7\u0ab6\u0abe \u0aaf\u0acb\u0a97\u0acd\u0aaf \u0ab5\u0ab0\u0acd\u0aa4\u0aa8 \u0a95\u0ab0\u0acb \u0a85\u0aa8\u0ac7 \u0aad\u0aaf\u0aad\u0ac0\u0aa4 \u0aa8 \u0aac\u0aa8\u0acb \u0aa4\u0acb \u0aa4\u0aae\u0ac7 \u0aaa\u0aa3 \u0ab8\u0abe\u0ab0\u0abe\u0aa8\u0abe\u0a82 \u0ab8\u0abe\u0a9a\u0abe\u0a82 \u0ab8\u0a82\u0aa4\u0abe\u0aa8 \u0a9b\u0acb."},{"Verseid":"59002006","Verse":"\u0aa4\u0ac7 \u0a9c \u0ab0\u0ac0\u0aa4\u0ac7 \u0aa4\u0aae\u0abe\u0ab0\u0ac7 \u0aaa\u0aa4\u0abf\u0a93\u0a8f \u0aaa\u0aa3 \u0aa4\u0aae\u0abe\u0ab0\u0ac0 \u0aaa\u0aa4\u0acd\u0aa8\u0ac0\u0a93 \u0ab8\u0abe\u0aa5\u0ac7 \u0ab8\u0aae\u0a9c\u0aa3\u0aaa\u0ac2\u0ab0\u0acd\u0ab5\u0a95 \u0ab0\u0ab9\u0ac7\u0ab5\u0ac1\u0a82 \u0a9c\u0acb\u0a88\u0a8f. \u0aa4\u0aae\u0abe\u0ab0\u0ac0 \u0aaa\u0aa4\u0acd\u0aa8\u0ac0\u0a93 \u0aaa\u0acd\u0ab0\u0aa4\u0acd\u0aaf\u0ac7 \u0aa4\u0aae\u0abe\u0ab0\u0ac7 \u0aae\u0abe\u0aa8 \u0aa6\u0ab0\u0acd\u0ab6\u0abe\u0ab5\u0ab5\u0ac1\u0a82 \u0a9c\u0acb\u0a88\u0a8f. \u0aa4\u0ac7\u0a93 \u0aa4\u0aae\u0abe\u0ab0\u0abe \u0a95\u0ab0\u0aa4\u0abe\u0a82 \u0aa8\u0aac\u0ab3\u0ac1\u0a82 \u0aaa\u0abe\u0aa4\u0acd\u0ab0 \u0a9b\u0ac7. \u0aaa\u0ab0\u0a82\u0aa4\u0ac1 \u0a9c\u0ac7 \u0aa6\u0ac7\u0ab5\u0aa8\u0abe \u0a86\u0ab6\u0ac0\u0ab0\u0acd\u0ab5\u0abe\u0aa6 \u0aa4\u0aae\u0aa8\u0ac7 \u0ab2\u0aad\u0acd\u0aaf \u0a9b\u0ac7 \u0aa4\u0ac7 \u0aa4\u0ac7\u0a93\u0aa8\u0ac7 \u0aaa\u0aa3 \u0ab2\u0aad\u0acd\u0aaf \u0a9b\u0ac7, \u0a85\u0aa8\u0ac7 \u0a8f \u0a95\u0ab0\u0ac2\u0aa3\u0abe \u0aaa\u0aa3 \u0a9c\u0ac7 \u0aa4\u0aae\u0aa8\u0ac7 \u0ab8\u0abe\u0a9a\u0ac1\u0a82 \u0a9c\u0ac0\u0ab5\u0aa8 \u0aac\u0a95\u0acd\u0ab7\u0ac7 \u0a9b\u0ac7. \u0a86\u0aae \u0a95\u0ab0\u0acb \u0a95\u0ac7 \u0a9c\u0ac7\u0aa5\u0ac0 \u0aa4\u0aae\u0abe\u0ab0\u0ac0 \u0aaa\u0acd\u0ab0\u0abe\u0ab0\u0acd\u0aa5\u0aa8\u0abe\u0aae\u0abe\u0a82 \u0a95\u0acb\u0a88 \u0aae\u0ac1\u0ab6\u0acd\u0a95\u0ac7\u0ab2\u0ac0 \u0a8a\u0aad\u0ac0 \u0aa8\u0ab9\u0abf \u0aa5\u0abe\u0aaf."},{"Verseid":"59002007","Verse":"\u0aa4\u0ac7\u0aa5\u0ac0 \u0aa4\u0aae\u0abe\u0ab0\u0ac7 \u0aac\u0aa7\u0abe\u0a8f \u0a90\u0a95\u0acd\u0aaf \u0aad\u0abe\u0ab5\u0aa5\u0ac0 \u0ab0\u0ab9\u0ac7\u0ab5\u0ac1\u0a82 \u0a9c\u0acb\u0a88\u0a8f. \u0a85\u0aa8\u0ac7 \u0a8f\u0a95 \u0aac\u0ac0\u0a9c\u0abe\u0aa8\u0ac7 \u0ab8\u0aae\u0a9c\u0ab5\u0abe\u0aa8\u0acb \u0a85\u0aa8\u0ac7 \u0aad\u0abe\u0a88\u0aa8\u0ac0 \u0a9c\u0ac7\u0aae \u0a85\u0a95\u0aac\u0ac0\u0a9c\u0abe\u0aa8\u0ac7 \u0aaa\u0acd\u0ab0\u0ac7\u0aae \u0a95\u0ab0\u0ab5\u0abe\u0aa8\u0acb \u0aaa\u0acd\u0ab0\u0aaf\u0aa4\u0acd\u0aa8 \u0a95\u0ab0\u0ab5\u0acb \u0a9c\u0acb\u0a88\u0a8f. \u0aa6\u0aaf\u0abe\u0ab3\u0ac1 \u0a85\u0aa8\u0ac7 \u0ab5\u0abf\u0aa8\u0aae\u0acd\u0ab0 \u0aac\u0aa8\u0acb."},{"Verseid":"59002008","Verse":"\u0a8f\u0a95 \u0ab5\u0acd\u0aaf\u0a95\u0acd\u0aa4\u0abf \u0a95\u0ac7 \u0a9c\u0ac7\u0aa3\u0ac7 \u0aa4\u0aae\u0abe\u0ab0\u0ac1\u0a82 \u0aad\u0ac2\u0a82\u0aa1\u0ac1\u0a82 \u0a95\u0ab0\u0acd\u0aaf\u0ac1 \u0ab9\u0acb\u0aaf \u0aa4\u0acb \u0aa4\u0ac7\u0aa8\u0acb \u0aac\u0aa6\u0ab2\u0acb \u0ab5\u0abe\u0ab3\u0ab5\u0abe \u0aa4\u0aae\u0ac7 \u0aad\u0ac2\u0a82\u0aa1\u0ac1 \u0aa8 \u0a95\u0ab0\u0acb. \u0aa4\u0aae\u0abe\u0ab0\u0abe \u0aae\u0abe\u0a9f\u0ac7 \u0aa8\u0abf\u0a82\u0aa6\u0abe \u0a95\u0ab0\u0aa8\u0abe\u0ab0\u0aa8\u0ac0 \u0ab8\u0abe\u0aae\u0ac7 \u0aac\u0aa6\u0ab2\u0acb \u0ab5\u0abe\u0ab3\u0ab5\u0abe \u0aa4\u0aae\u0ac7 \u0aa8\u0abf\u0a82\u0aa6\u0abe \u0aa8 \u0a95\u0ab0\u0acb. \u0aaa\u0ab0\u0a82\u0aa4\u0ac1 \u0aa6\u0ac7\u0ab5 \u0aaa\u0abe\u0ab8\u0ac7 \u0aa4\u0ac7\u0aa8\u0ac7 \u0aae\u0abe\u0a9f\u0ac7 \u0a86\u0ab6\u0ac0\u0ab0\u0acd\u0ab5\u0abe\u0aa6 \u0aae\u0abe\u0a97\u0acb. \u0a86\u0aae \u0a95\u0ab0\u0acb \u0a95\u0abe\u0ab0\u0aa3 \u0a95\u0ac7 \u0aa4\u0aae\u0aa8\u0ac7 \u0a9c \u0a86\u0ab5\u0ac1\u0a82 \u0a95\u0ab0\u0ab5\u0abe \u0aa6\u0ac7\u0ab5\u0ac7 \u0aac\u0acb\u0ab2\u0abe\u0ab5\u0acd\u0aaf\u0abe \u0a9b\u0ac7. \u0aa4\u0ac7\u0aa5\u0ac0 \u0a9c \u0aa4\u0aae\u0ac7 \u0aa6\u0ac7\u0ab5\u0aa8\u0abe \u0a86\u0ab6\u0ac0\u0ab0\u0acd\u0ab5\u0abe\u0aa6\u0aa8\u0ac7 \u0aaa\u0abe\u0aa4\u0acd\u0ab0 \u0aac\u0aa8\u0acd\u0aaf\u0abe \u0a9b\u0acb."},{"Verseid":"59002009","Verse":"\u0aaa\u0ab5\u0abf\u0aa4\u0acd\u0ab0\u0ab6\u0abe\u0ab8\u0acd\u0aa4\u0acd\u0ab0 \u0a95\u0ab9\u0ac7 \u0a9b\u0ac7 \u0a95\u0ac7; \u201c\u0a9c\u0ac7 \u0ab5\u0acd\u0aaf\u0a95\u0acd\u0aa4\u0abf \u0a9c\u0ac0\u0ab5\u0aa8\u0aa8\u0ac7 \u0aaa\u0acd\u0ab0\u0ac7\u0aae \u0a95\u0ab0\u0ab5\u0abe \u0aae\u0abe\u0a97\u0ac7 \u0a9b\u0ac7 \u0a85\u0aa8\u0ac7 \u0ab8\u0abe\u0ab0\u0abe \u0aa6\u0abf\u0ab5\u0ab8\u0acb\u0aa8\u0acb \u0a86\u0aa8\u0a82\u0aa6 \u0aae\u0abe\u0aa3\u0ab5\u0abe \u0aae\u0abe\u0a97\u0ac7 \u0a9b\u0ac7 \u0aa4\u0acb \u0aa4\u0ac7\u0aa3\u0ac7 \u0aa6\u0ac1\u0ab7\u0acd\u0a9f \u0aac\u0acb\u0ab2\u0ab5\u0abe \u0aae\u0abe\u0a9f\u0ac7 \u0aaa\u0acb\u0aa4\u0abe\u0aa8\u0ac0 \u0a9c\u0ac0\u0aad \u0aac\u0a82\u0aa7 \u0a95\u0ab0\u0ac0 \u0aa6\u0ac7\u0ab5\u0ac0 \u0a9c\u0acb\u0a88\u0a8f, \u0a85\u0aa8\u0ac7 \u0a9c\u0ac1\u0aa0\u0ac1\u0a82 \u0aac\u0acb\u0ab2\u0ab5\u0abe\u0aa5\u0ac0 \u0aaa\u0acb\u0aa4\u0abe\u0aa8\u0abe \u0ab9\u0acb\u0aa0 \u0aac\u0a82\u0aa7 \u0a95\u0ab0\u0ac0 \u0aa6\u0ac7\u0ab5\u0abe \u0a9c\u0acb\u0a88\u0a8f."},{"Verseid":"59002010","Verse":"\u0aa4\u0ac7 \u0ab5\u0acd\u0aaf\u0a95\u0acd\u0aa4\u0abf\u0a8f \u0aa6\u0ac1\u0ab7\u0acd\u0a9f \u0a95\u0abe\u0ab0\u0acd\u0aaf \u0a95\u0ab0\u0ab5\u0abe\u0a82 \u0aa8 \u0a9c\u0acb\u0a88\u0a8f \u0a85\u0aa8\u0ac7 \u0ab8\u0aa4\u0acd\u0a95\u0ab0\u0acd\u0aae \u0a95\u0ab0\u0ab5\u0abe\u0a82 \u0a9c\u0acb\u0a88\u0a8f; \u0aa4\u0ac7\u0aa3\u0ac7 \u0ab6\u0abe\u0a82\u0aa4\u0abf\u0aa8\u0ac0 \u0ab6\u0acb\u0aa7 \u0a95\u0ab0\u0ab5\u0ac0 \u0a9c\u0acb\u0a88\u0a8f \u0a85\u0aa8\u0ac7 \u0aa4\u0ac7 \u0aaa\u0acd\u0ab0\u0abe\u0aaa\u0acd\u0aa4 \u0a95\u0ab0\u0ab5\u0abe \u0aaa\u0acd\u0ab0\u0aaf\u0aa4\u0acd\u0aa8 \u0a95\u0ab0\u0ab5\u0acb \u0a9c\u0acb\u0a88\u0a8f."},{"Verseid":"59002011","Verse":"\u0aaa\u0acd\u0ab0\u0aad\u0ac1\u0aa8\u0ac0 \u0aa8\u0a9c\u0ab0 \u0ab8\u0abe\u0ab0\u0abe \u0ab2\u0acb\u0a95\u0acb \u0aaa\u0ab0 \u0ab9\u0acb\u0aaf \u0a9b\u0ac7, \u0a85\u0aa8\u0ac7 \u0aa6\u0ac7\u0ab5 \u0aa4\u0ac7\u0a93\u0aa8\u0ac0 \u0aaa\u0acd\u0ab0\u0abe\u0aa5\u0ac5\u0aa8\u0abe\u0a93 \u0ab8\u0abe\u0a82\u0aad\u0ab3\u0ac7 \u0a9b\u0ac7; \u0aaa\u0ab0\u0a82\u0aa4\u0ac1 \u0aa6\u0ac7\u0ab5 \u0aa6\u0ac1\u0ab7\u0acd\u0a9f\u0aa4\u0abe \u0a95\u0ab0\u0aa8\u0abe\u0ab0\u0aa8\u0ac0 \u0ab5\u0abf\u0ab0\u0ac2\u0aa6\u0acd\u0aa7 \u0a9b\u0ac7.\u201d \u0a97\u0ac0\u0aa4\u0ab6\u0abe\u0ab8\u0acd\u0aa4\u0acd\u0ab0 34:12-16"},{"Verseid":"59002012","Verse":"\u0a9c\u0acb \u0aa4\u0aae\u0ac7 \u0ab9\u0a82\u0aae\u0ac7\u0ab6\u0abe \u0ab8\u0aa4\u0acd\u0a95\u0ab0\u0acd\u0aae\u0aa8\u0ac7 \u0ab8\u0aae\u0ab0\u0acd\u0aaa\u0abf\u0aa4 \u0ab9\u0acb \u0aa4\u0acb \u0a95\u0acb\u0a87 \u0aaa\u0aa3 \u0ab5\u0acd\u0aaf\u0a95\u0acd\u0aa4\u0abf \u0aa4\u0aae\u0aa8\u0ac7 \u0aa8\u0ac1\u0a95\u0ab8\u0abe\u0aa8 \u0aaa\u0ab9\u0acb\u0a82\u0a9a\u0abe\u0aa1\u0ac0 \u0ab6\u0a95\u0ab6\u0ac7 \u0aa8\u0ab9\u0abf."},{"Verseid":"59002013","Verse":"\u0aaa\u0ab0\u0a82\u0aa4\u0ac1 \u0ab8\u0aa4\u0acd\u0a95\u0ab0\u0acd\u0aae \u0a95\u0ab0\u0ab5\u0abe \u0a9b\u0aa4\u0abe\u0a82 \u0aaa\u0aa3 \u0aa4\u0aae\u0abe\u0ab0\u0ac7 \u0aa6\u0ac1:\u0a96 \u0ab8\u0ab9\u0aa8 \u0a95\u0ab0\u0ab5\u0ac1\u0a82 \u0aaa\u0aa1\u0ac7. \u0a9c\u0acb \u0a86\u0aae \u0aa5\u0abe\u0aaf \u0aa4\u0acb \u0aa4\u0aae\u0aa8\u0ac7 \u0aa7\u0aa8\u0acd\u0aaf \u0a9b\u0ac7. \u0aa4\u0aae\u0aa8\u0ac7 \u0aa6\u0ac1:\u0a96\u0ac0 \u0a95\u0ab0\u0aa8\u0abe\u0ab0 \u0ab2\u0acb\u0a95\u0acb\u0aa5\u0ac0 \u0a97\u0aad\u0ab0\u0abe\u0ab6\u0acb \u0aa8\u0ab9\u0abf \u0a95\u0ac7 \u0aae\u0ac1\u0ab6\u0acd\u0a95\u0ac7\u0ab2\u0ac0 \u0a85\u0aa8\u0ac1\u0aad\u0ab5\u0ab6\u0acb \u0aa8\u0ab9\u0abf."},{"Verseid":"59002014","Verse":"\u0aaa\u0ab0\u0a82\u0aa4\u0ac1 \u0a96\u0acd\u0ab0\u0abf\u0ab8\u0acd\u0aa4\u0aa8\u0ac7 \u0aa4\u0aae\u0abe\u0ab0\u0abe \u0aaa\u0acd\u0ab0\u0aad\u0ac1 \u0aa4\u0ab0\u0ac0\u0a95\u0ac7 \u0aa4\u0aae\u0abe\u0ab0\u0abe \u0ab9\u0acd\u0ab0\u0aa6\u0aaf\u0aae\u0abe\u0a82 \u0aaa\u0ab5\u0abf\u0aa4\u0acd\u0ab0 \u0aae\u0abe\u0aa8\u0acb. \u0aa4\u0aae\u0abe\u0ab0\u0ac0 \u0a86\u0ab6\u0abe \u0aae\u0abe\u0a9f\u0ac7 \u0ab8\u0a82\u0aa6\u0ac7\u0ab9 \u0a95\u0ab0\u0ac7 \u0aa4\u0ac7\u0aa8\u0ac7 \u0aaa\u0acd\u0ab0\u0aa4\u0acd\u0aaf\u0ac1\u0aa4\u0acd\u0aa4\u0ab0 \u0a86\u0aaa\u0ab5\u0abe \u0ab9\u0a82\u0aae\u0ac7\u0ab6\u0abe \u0aa4\u0ac8\u0aaf\u0abe\u0ab0 \u0ab0\u0ab9\u0acb."},{"Verseid":"59002015","Verse":"\u0aaa\u0ab0\u0a82\u0aa4\u0ac1 \u0aa4\u0aae\u0abe\u0ab0\u0acb \u0aaa\u0acd\u0ab0\u0aa4\u0acd\u0aaf\u0ac1\u0aa4\u0acd\u0aa4\u0ab0 \u0ab5\u0abf\u0aa8\u0aae\u0acd\u0ab0 \u0a85\u0aa8\u0ac7 \u0aae\u0abe\u0aa8\u0ab8\u0ab9\u0abf\u0aa4 \u0ab9\u0acb\u0ab5\u0acb \u0a9c\u0acb\u0a88\u0a8f. \u0aa4\u0aae\u0ac7 \u0ab9\u0a82\u0aae\u0ac7\u0ab6\u0abe \u0ab8\u0abe\u0ab0\u0ac1\u0a82 \u0a95\u0ab0\u0acb \u0a9b\u0acb \u0aa4\u0ac7\u0ab5\u0ac0 \u0ab2\u0abe\u0a97\u0aa3\u0ac0 \u0a85\u0aa8\u0ac1\u0aad\u0ab5\u0ab5\u0abe \u0aae\u0abe\u0a9f\u0ac7 \u0ab8\u0abe\u0ab0\u0acd\u0aae\u0aa5\u0acd\u0aaf\u0ab5\u0abe\u0aa8 \u0aac\u0aa8\u0acb. \u0aa4\u0aae\u0ac7 \u0a9c\u0acd\u0aaf\u0abe\u0ab0\u0ac7 \u0a86\u0aae \u0a95\u0ab0\u0ab6\u0acb \u0aa4\u0acd\u0aaf\u0abe\u0ab0\u0ac7, \u0aa4\u0aae\u0abe\u0ab0\u0abe \u0aae\u0abe\u0a9f\u0ac7 \u0a96\u0ab0\u0abe\u0aac \u0aac\u0acb\u0ab2\u0aa8\u0abe\u0ab0 \u0ab2\u0acb\u0a95\u0acb \u0ab6\u0ab0\u0aae\u0abe\u0ab6\u0ac7. \u0a96\u0acd\u0ab0\u0abf\u0ab8\u0acd\u0aa4\u0aae\u0abe\u0a82\u0aa8\u0ac0 \u0aa4\u0aae\u0abe\u0ab0\u0ac0 \u0ab8\u0abe\u0ab0\u0ac0 \u0a9a\u0abe\u0ab2\u0aa8\u0ac0 \u0aa4\u0ac7\u0a93 \u0aa8\u0abf\u0a82\u0aa6\u0abe \u0a95\u0ab0\u0ac7 \u0a9b\u0ac7 \u0a85\u0aa8\u0ac7 \u0aa4\u0ac7\u0aa5\u0ac0 \u0aa4\u0aae\u0abe\u0ab0\u0abe \u0ab5\u0abf\u0ab7\u0ac7 \u0a96\u0ab0\u0abe\u0aac \u0aae\u0abe\u0a9f\u0ac7 \u0aa4\u0ac7\u0a93 \u0ab6\u0ab0\u0aae\u0abe\u0ab6\u0ac7."},{"Verseid":"59002016","Verse":"\u0a96\u0ab0\u0abe\u0aac \u0a95\u0abe\u0aae \u0a95\u0ab0\u0ac0 \u0a85\u0aa8\u0ac7 \u0ab8\u0ab9\u0aa8 \u0a95\u0ab0\u0ab5\u0ac1\u0a82 \u0a8f\u0aa8\u0abe \u0a95\u0ab0\u0aa4\u0abe\u0a82 \u0ab8\u0abe\u0ab0\u0ac1\u0a82 \u0a95\u0abe\u0aae \u0a95\u0ab0\u0ac0 \u0a85\u0aa8\u0ac7 \u0ab8\u0ab9\u0aa8 \u0a95\u0ab0\u0ab5\u0ac1\u0a82 \u0aa4\u0ac7 \u0ab5\u0aa7\u0abe\u0ab0\u0ac7 \u0ab8\u0abe\u0ab0\u0ac1\u0a82 \u0a9b\u0ac7. \u0ab9\u0abe, \u0a9c\u0acb \u0aa6\u0ac7\u0ab5 \u0aa4\u0aae\u0ac7 \u0a88\u0a9a\u0acd\u0a9b\u0aa4\u0acb \u0ab9\u0acb\u0aaf \u0aa4\u0acb \u0aa4\u0ac7 \u0ab5\u0aa7\u0abe\u0ab0\u0ac7 \u0ab8\u0abe\u0ab0\u0ac1\u0a82 \u0a9b\u0ac7."},{"Verseid":"59002017","Verse":"\u0a96\u0acd\u0ab0\u0abf\u0ab8\u0acd\u0aa4 \u0aaa\u0acb\u0aa4\u0ac7 \u0aa4\u0aae\u0abe\u0ab0\u0abe \u0aae\u0abe\u0a9f\u0ac7 \u0aae\u0ab0\u0aa3 \u0aaa\u0abe\u0aae\u0acd\u0aaf\u0acb. \u0a85\u0aa8\u0ac7 \u0aae\u0ab0\u0aa3 \u0aa4\u0ac7 \u0aa4\u0aae\u0abe\u0ab0\u0abe \u0aaa\u0abe\u0aaa\u0aa8\u0ac0 \u0a8f\u0a95 \u0a9a\u0ac2\u0a95\u0ab5\u0aa3\u0ac0 \u0ab9\u0aa4\u0ac0. \u0aa4\u0ac7 \u0a97\u0ac1\u0aa8\u0ac7\u0a97\u0abe\u0ab0 \u0aa8\u0ab9\u0acb\u0aa4\u0acb. \u0aaa\u0aa3 \u0a97\u0ac1\u0aa8\u0ac7\u0a97\u0abe\u0ab0 \u0ab2\u0acb\u0a95\u0acb \u0aae\u0abe\u0a9f\u0ac7 \u0aa4\u0ac7 \u0aae\u0ab0\u0aa3 \u0aaa\u0abe\u0aae\u0acd\u0aaf\u0acb. \u0aa4\u0aae\u0aa8\u0ac7 \u0aac\u0aa7\u0abe\u0aa8\u0ac7 \u0aa6\u0ac7\u0ab5\u0aa8\u0ac0 \u0aa8\u0a9c\u0ac0\u0a95 \u0ab2\u0abe\u0ab5\u0ab5\u0abe \u0aa4\u0ac7\u0aa3\u0ac7 \u0a86\u0aae \u0a95\u0ab0\u0acd\u0aaf\u0ac1 \u0aa4\u0ac7\u0aa8\u0ac1\u0a82 \u0ab6\u0ab0\u0ac0\u0ab0 \u0aae\u0ab0\u0aa3 \u0aaa\u0abe\u0aae\u0acd\u0aaf\u0ac1\u0a82, \u0aaa\u0ab0\u0a82\u0aa4\u0ac1 \u0a86\u0aa4\u0acd\u0aae\u0abe \u0aa6\u0acd\u0aa7\u0abe\u0ab0\u0abe \u0aa4\u0ac7 \u0ab8\u0a9c\u0ac0\u0ab5\u0aa8 \u0aa5\u0aaf\u0acb."},{"Verseid":"59002018","Verse":"\u0aa4\u0ac7 \u0a95\u0abe\u0ab0\u0abe\u0ab5\u0abe\u0ab8\u0aae\u0abe\u0a82 \u0a97\u0aaf\u0acb \u0a85\u0aa8\u0ac7 \u0a86\u0aa4\u0acd\u0aae\u0abe\u0a93\u0aa8\u0ac7 \u0a86\u0aa4\u0acd\u0aae\u0abe\u0aae\u0abe\u0a82 \u0a89\u0aaa\u0aa6\u0ac7\u0ab6 \u0a95\u0ab0\u0acd\u0aaf\u0acb."},{"Verseid":"59002019","Verse":"\u0aa4\u0ac7 \u0a8f \u0a86\u0aa4\u0acd\u0aae\u0abe\u0a93 \u0ab9\u0aa4\u0abe \u0a95\u0ac7 \u0a9c\u0ac7\u0aae\u0aa3\u0ac7 \u0a98\u0aa3\u0acb \u0ab5\u0a96\u0aa4 \u0aaa\u0ab9\u0ac7\u0ab2\u0abe \u0a8f\u0a9f\u0ab2\u0ac7 \u0a95\u0ac7 \u0aa8\u0ac2\u0ab9\u0aa8\u0abe \u0ab8\u0aae\u0aaf\u0aae\u0abe\u0a82 \u0aa6\u0ac7\u0ab5\u0aa8\u0ac0 \u0a85\u0ab5\u0a9c\u0acd\u0a9e\u0abe \u0a95\u0ab0\u0aa8\u0abe\u0ab0\u0abe \u0ab9\u0aa4\u0abe. \u0a9c\u0acd\u0aaf\u0abe\u0ab0\u0ac7 \u0aa8\u0ac2\u0ab9 \u0ab5\u0ab9\u0abe\u0aa3 \u0aac\u0abe\u0a82\u0aa7\u0ac0 \u0ab0\u0ab9\u0acd\u0aaf\u0acb \u0ab9\u0aa4\u0acb \u0aa4\u0acd\u0aaf\u0abe\u0ab0\u0ac7 \u0aa6\u0ac7\u0ab5 \u0aa7\u0ac0\u0ab0\u0a9c\u0aaa\u0ac2\u0ab0\u0acd\u0ab5\u0a95 \u0ab0\u0abe\u0ab9 \u0a9c\u0acb\u0a88 \u0ab0\u0ab9\u0acd\u0aaf\u0acb \u0ab9\u0aa4\u0acb. \u0aa4\u0ac7 \u0ab5\u0ab9\u0abe\u0aa3\u0aae\u0abe\u0a82 \u0aae\u0abe\u0aa4\u0acd\u0ab0 \u0aa5\u0acb\u0aa1\u0abe\u0a95 \u0a9c \u0ab2\u0acb\u0a95\u0acb\u0aa8\u0ac7 \u0aac\u0a9a\u0abe\u0ab5\u0ab5\u0abe\u0aae\u0abe\u0a82 \u0a86\u0ab5\u0acd\u0aaf\u0abe \u0ab9\u0aa4\u0abe. \u0aa4\u0ac7\u0a93 \u0a86\u0aa0 \u0a9c\u0aa3 \u0ab9\u0aa4\u0abe. \u0aa4\u0ac7 \u0ab2\u0acb\u0a95\u0acb \u0aaa\u0abe\u0aa3\u0ac0\u0aa5\u0ac0 \u0aac\u0a9a\u0abe\u0ab5\u0ac0 \u0ab2\u0ac7\u0ab5\u0abe\u0aaf\u0abe."},{"Verseid":"59002020","Verse":"\u0a8f \u0aa6\u0ab7\u0acd\u0a9f\u0abe\u0aa4 \u0aaa\u0acd\u0ab0\u0aae\u0abe\u0aa3\u0ac7 \u0aa4\u0ac7 \u0aaa\u0abe\u0aa3\u0ac0 \u0aac\u0abe\u0aaa\u0acd\u0aa4\u0abf\u0ab8\u0acd\u0aae\u0abe \u0ab8\u0aae\u0abe\u0aa8 \u0a9b\u0ac7 \u0a9c\u0ac7 \u0aa4\u0aae\u0aa8\u0ac7 \u0a85\u0aa4\u0acd\u0aaf\u0abe\u0ab0\u0ac7 \u0aac\u0a9a\u0abe\u0ab5\u0ac7 \u0a9b\u0ac7. \u0aac\u0abe\u0aaa\u0acd\u0aa4\u0abf\u0ab8\u0acd\u0aae\u0abe \u0a8f \u0ab6\u0ab0\u0ac0\u0ab0\u0aa8\u0acb \u0aae\u0ac7\u0ab2 \u0aa6\u0ac2\u0ab0 \u0a95\u0ab0\u0ab5\u0abe\u0aa8\u0ac0 \u0aaa\u0acd\u0ab0\u0a95\u0acd\u0ab0\u0abf\u0aaf\u0abe \u0aa8\u0aa5\u0ac0. \u0aac\u0abe\u0aaa\u0acd\u0aa4\u0abf\u0ab8\u0acd\u0aae\u0abe \u0aa4\u0acb \u0a88\u0ab6\u0acd\u0ab5\u0ab0 \u0aaa\u0abe\u0ab8\u0ac7 \u0ab6\u0ac1\u0aa6\u0acd\u0aa7 \u0ab9\u0acd\u0ab0\u0aa6\u0aaf \u0aae\u0abe\u0a9f\u0ac7\u0aa8\u0ac0 \u0a8f\u0a95 \u0aaf\u0abe\u0a9a\u0aa8\u0abe \u0a9b\u0ac7. \u0aa4\u0ac7 \u0aa4\u0aae\u0aa8\u0ac7 \u0aac\u0a9a\u0abe\u0ab5\u0ac7 \u0a9b\u0ac7 \u0a95\u0abe\u0ab0\u0aa3 \u0a95\u0ac7 \u0a88\u0ab8\u0ac1 \u0a96\u0acd\u0ab0\u0abf\u0ab8\u0acd\u0aa4 \u0aae\u0ac2\u0a8f\u0ab2\u0abe\u0aae\u0abe\u0a82\u0aa5\u0ac0 \u0aaa\u0ac1\u0aa8\u0ab0\u0ac2\u0aa4\u0acd\u0aa5\u0abe\u0aa8 \u0aaa\u0abe\u0aae\u0acd\u0aaf\u0acb \u0ab9\u0aa4\u0acb."},{"Verseid":"59002021","Verse":"\u0ab9\u0ab5\u0ac7, \u0a88\u0ab8\u0ac1 \u0a86\u0a95\u0abe\u0ab6\u0aae\u0abe\u0a82 \u0a97\u0aaf\u0acb \u0a9b\u0ac7. \u0aa4\u0ac7 \u0aa6\u0ac7\u0ab5\u0aa8\u0ac0 \u0a9c\u0aae\u0aa3\u0ac0 \u0aac\u0abe\u0a9c\u0ac1\u0a8f \u0a9b\u0ac7. \u0aa4\u0ac7 \u0aa6\u0ac2\u0aa4\u0acb, \u0a85\u0aa7\u0abf\u0a95\u0abe\u0ab0\u0ac0\u0a93, \u0a85\u0aa8\u0ac7 \u0aaa\u0ab0\u0abe\u0a95\u0acd\u0ab0\u0aae\u0ac0\u0a93 \u0aaa\u0ab0 \u0ab0\u0abe\u0a9c \u0a95\u0ab0\u0ac7 \u0a9b\u0ac7."}]},{"Verse":[{"Verseid":"59003000","Verse":"\u0a9c\u0acd\u0aaf\u0abe\u0ab0\u0ac7 \u0a96\u0acd\u0ab0\u0abf\u0ab8\u0acd\u0aa4 \u0aa4\u0ac7\u0aa8\u0abe \u0ab6\u0ab0\u0ac0\u0ab0\u0aae\u0abe\u0a82 \u0ab9\u0aa4\u0acb \u0aa4\u0acd\u0aaf\u0abe\u0ab0\u0ac7 \u0aa4\u0ac7\u0aa3\u0ac7 \u0ab5\u0ac7\u0aa6\u0aa8\u0abe\u0a93 \u0ab8\u0ab9\u0aa8 \u0a95\u0ab0\u0ac0 \u0aa4\u0ac7\u0aa5\u0ac0 \u0a9c\u0ac7 \u0ab0\u0ac0\u0aa4\u0ac7 \u0a96\u0acd\u0ab0\u0abf\u0ab8\u0acd\u0aa4 \u0ab5\u0abf\u0a9a\u0abe\u0ab0\u0aa4\u0acb \u0ab9\u0aa4\u0acb \u0aa4\u0ac7\u0ab5\u0abe \u0ab5\u0abf\u0a9a\u0abe\u0ab0\u0acb\u0aae\u0abe\u0a82 \u0aa4\u0aae\u0abe\u0ab0\u0ac7 \u0ab8\u0ac1\u0aa6\u0acd\u0aa6\u0aa2 \u0aa5\u0ab5\u0ac1\u0a82 \u0a9c\u0acb\u0a88\u0a8f. \u0a9c\u0ac7 \u0ab5\u0acd\u0aaf\u0a95\u0acd\u0aa4\u0abf\u0a8f \u0ab6\u0ab0\u0ac0\u0ab0\u0aae\u0abe\u0a82 \u0aa6\u0ac1:\u0a96\u0acb \u0ab8\u0ab9\u0acd\u0aaf\u0abe\u0a82 \u0a9b\u0ac7 \u0aa4\u0ac7 \u0aaa\u0abe\u0aaa\u0aa5\u0ac0 \u0aae\u0ac1\u0a95\u0acd\u0aa4 \u0aa5\u0aaf\u0acb \u0a9b\u0ac7."},{"Verseid":"59003001","Verse":"\u0aa4\u0aae\u0abe\u0ab0\u0ac0 \u0a9c\u0abe\u0aa4\u0aa8\u0ac7 \u0ab8\u0ac1\u0aa6\u0acd\u0aa6\u0aa2 \u0aac\u0aa8\u0abe\u0ab5\u0acb \u0a95\u0ac7 \u0a9c\u0ac7\u0aa5\u0ac0 \u0a86 \u0aaa\u0ac3\u0aa5\u0acd\u0ab5\u0ac0 \u0aaa\u0ab0 \u0aa6\u0ac7\u0ab5 \u0a9c\u0ac7\u0ab5\u0ac1\u0a82 \u0a88\u0a9a\u0acd\u0a9b\u0ac7 \u0a9b\u0ac7 \u0aa4\u0ac7\u0ab5\u0ac1\u0a82 \u0aac\u0abe\u0a95\u0ac0\u0aa8\u0ac1\u0a82 \u0a9c\u0ac0\u0ab5\u0aa8 \u0aa4\u0aae\u0ac7 \u0a9c\u0ac0\u0ab5\u0acb \u0a85\u0aa8\u0ac7 \u0aa8\u0ab9\u0abf \u0a95\u0ac7 \u0ab2\u0acb\u0a95\u0acb \u0a88\u0a9a\u0acd\u0a9b\u0ac7 \u0a9b\u0ac7 \u0aa4\u0ac7\u0ab5\u0abe\u0a82 \u0aa6\u0ac1\u0ab7\u0acd\u0a9f \u0a95\u0abe\u0ab0\u0acd\u0aaf\u0acb \u0a95\u0ab0\u0acb."},{"Verseid":"59003002","Verse":"\u0aad\u0ac2\u0aa4\u0a95\u0abe\u0ab3\u0aae\u0abe\u0a82 \u0a85\u0ab5\u0abf\u0ab6\u0acd\u0ab5\u0abe\u0ab8\u0ac0\u0a93 \u0a9c\u0ac7 \u0aaa\u0ab8\u0a82\u0aa6 \u0a95\u0ab0\u0ac7 \u0a9b\u0ac7 \u0aa4\u0ac7\u0ab5\u0abe \u0a95\u0abe\u0ab0\u0acd\u0aaf\u0acb \u0a95\u0ab0\u0ac0\u0aa8\u0ac7 \u0aa4\u0aae\u0ac7 \u0aa4\u0aae\u0abe\u0ab0\u0acb \u0a98\u0aa3\u0acb \u0a9c \u0ab8\u0aae\u0aaf \u0ab5\u0ac7\u0aa1\u0aab\u0ac0 \u0aa8\u0abe\u0a96\u0acd\u0aaf\u0acb. \u0aa4\u0aae\u0ac7 \u0ab5\u0acd\u0aaf\u0aad\u0abf\u0a9a\u0abe\u0ab0 \u0a85\u0aa8\u0ac7 \u0aa4\u0aae\u0abe\u0ab0\u0ac0 \u0a88\u0a9a\u0acd\u0a9b\u0abe \u0aae\u0ac1\u0a9c\u0aac\u0aa8\u0abe\u0a82 \u0aa6\u0ac1\u0ab7\u0acd\u0a9f \u0a95\u0abe\u0ab0\u0acd\u0aaf\u0acb \u0a95\u0ab0\u0acd\u0aaf\u0abe \u0ab9\u0aa4\u0abe\u0a82. \u0aa4\u0aae\u0ac7 \u0aae\u0aa6\u0acd\u0aaf\u0aaa\u0abe\u0aa8 \u0a95\u0ab0\u0ac0\u0aa8\u0ac7 \u0a9b\u0a95\u0ac0 \u0a97\u0aaf\u0abe \u0ab9\u0aa4\u0abe \u0a85\u0aa8\u0ac7 \u0aae\u0acb\u0a9c\u0ab6\u0acb\u0a96\u0aae\u0abe\u0a82 \u0a85\u0aa8\u0ac7 \u0aae\u0ac2\u0ab0\u0acd\u0aa4\u0abf\u0a93\u0aa8\u0ac0 \u0aaa\u0ac2\u0a9c\u0abe \u0a95\u0ab0\u0ac0\u0aa8\u0ac7 \u0a96\u0acb\u0a9f\u0ac1\u0a82 \u0a95\u0abe\u0aae \u0a95\u0ab0\u0acd\u0aaf\u0ac1\u0a82 \u0ab9\u0aa4\u0ac1\u0a82."},{"Verseid":"59003003","Verse":"\u0aa4\u0ac7 \u0a85\u0ab5\u0abf\u0ab6\u0acd\u0ab5\u0abe\u0ab8\u0ac0\u0a93\u0aa8\u0ac7 \u0a86\u0ab6\u0acd\u0ab5\u0ab0\u0acd\u0aaf \u0aa5\u0abe\u0aaf \u0a9b\u0ac7 \u0a95\u0ac7 \u0aa4\u0ac7\u0a93 \u0a95\u0ab0\u0ac7 \u0a9b\u0ac7 \u0aa4\u0ac7\u0ab5\u0ac1\u0a82 \u0a9c\u0a82\u0a97\u0ab2\u0ac0 \u0a85\u0aa8\u0ac7 \u0aa8\u0abf\u0ab0\u0ab0\u0acd\u0aa5\u0a95 \u0a95\u0ac3\u0aa4\u0acd\u0aaf \u0aa4\u0aae\u0ac7 \u0a95\u0ac7\u0aae \u0aa8\u0aa5\u0ac0 \u0a95\u0ab0\u0aa4\u0abe! \u0a85\u0aa8\u0ac7 \u0aa4\u0ac7\u0aa5\u0ac0 \u0aa4\u0ac7\u0a93 \u0aa4\u0aae\u0abe\u0ab0\u0ac0 \u0aa8\u0abf\u0a82\u0aa6\u0abe \u0a95\u0ab0\u0ac7 \u0a9b\u0ac7."},{"Verseid":"59003004","Verse":"\u0aaa\u0ab0\u0a82\u0aa4\u0ac1 \u0aa4\u0ac7 \u0ab2\u0acb\u0a95\u0acb\u0a8f \u0a9c\u0ac7 \u0a95\u0ab0\u0acd\u0aaf\u0ac1\u0a82 \u0a9b\u0ac7 \u0aa4\u0ac7\u0aa8\u0ac1 \u0aa4\u0ac7\u0a93\u0aa8\u0ac7 \u0ab8\u0acd\u0aaa\u0ab7\u0acd\u0a9f\u0ac0\u0a95\u0ab0\u0aa3 \u0a95\u0ab0\u0ab5\u0ac1\u0a82 \u0aaa\u0aa1\u0ab6\u0ac7. \u0aa4\u0ac7\u0a93\u0a8f \u0a86 \u0ab8\u0acd\u0aaa\u0ab7\u0acd\u0a9f\u0ac0\u0a95\u0ab0\u0aa3 \u0aa4\u0ac7 \u0a8f\u0a95 \u0a9c\u0ac0\u0ab5\u0aa4\u0abe\u0a82\u0a93\u0aa8\u0acb \u0aa4\u0aa5\u0abe \u0aae\u0ac2\u0a8f\u0ab2\u0abe\u0a93\u0aa8\u0acb \u0aa8\u0acd\u0aaf\u0abe\u0aaf \u0a95\u0ab0\u0ab5\u0abe\u0aa8\u0ac7 \u0aa4\u0ac8\u0aaf\u0abe\u0ab0 \u0a9b\u0ac7 \u0aa4\u0ac7\u0aa8\u0ac0 \u0a86\u0a97\u0ab3 \u0a95\u0ab0\u0ab5\u0ac1\u0a82 \u0aaa\u0aa1\u0ab6\u0ac7."},{"Verseid":"59003005","Verse":"\u0a9c\u0ac7\u0a93 \u0ab9\u0abe\u0ab2 \u0aae\u0ac2\u0a8f\u0ab2\u0abe\u0a82 \u0a9b\u0ac7 \u0aa4\u0ac7\u0a93\u0aa8\u0ac7 \u0ab8\u0ac1\u0ab5\u0abe\u0ab0\u0acd\u0aa4\u0abe \u0aaa\u0acd\u0ab0\u0a97\u0a9f \u0a95\u0ab0\u0ab5\u0abe\u0aae\u0abe\u0a82 \u0a86\u0ab5\u0ac0 \u0ab9\u0aa4\u0ac0, \u0a95\u0abe\u0ab0\u0aa3 \u0a95\u0ac7 \u0aac\u0aa7\u0abe\u0aa8\u0ac0 \u0a9c\u0ac7\u0aae \u0aa4\u0ac7 \u0ab2\u0acb\u0a95\u0acb\u0aa8\u0acb \u0aaa\u0aa3 \u0aa8\u0acd\u0aaf\u0abe\u0aaf \u0a95\u0ab0\u0ab5\u0abe\u0aae\u0abe\u0a82 \u0a86\u0ab5\u0ab6\u0ac7. \u0aa4\u0ac7\u0a93 \u0a9c\u0acd\u0aaf\u0abe\u0ab0\u0ac7 \u0a9c\u0ac0\u0ab5\u0a82\u0aa4 \u0ab9\u0aa4\u0abe \u0aa4\u0acd\u0aaf\u0abe\u0ab0\u0ac7 \u0aa4\u0ac7\u0a93\u0a8f \u0a9c\u0ac7 \u0aac\u0abe\u0aac\u0aa4\u0acb \u0a95\u0ab0\u0ac0 \u0ab9\u0aa4\u0ac0 \u0aa4\u0ac7\u0aa8\u0acb \u0aa8\u0acd\u0aaf\u0abe\u0aaf \u0aa4\u0acb\u0ab3\u0ab5\u0abe\u0aa8\u0acb \u0ab9\u0aa4\u0acb. \u0aaa\u0ab0\u0a82\u0aa4\u0ac1 \u0aa4\u0ac7\u0a93\u0aa8\u0ac7 \u0ab8\u0ac1\u0ab5\u0abe\u0ab0\u0acd\u0aa4\u0abe \u0aaa\u0acd\u0ab0\u0a97\u0a9f \u0a95\u0ab0\u0ab5\u0abe\u0aae\u0abe\u0a82 \u0a86\u0ab5\u0ac0 \u0a95\u0ac7 \u0a9c\u0ac7\u0aa5\u0ac0 \u0aa4\u0ac7\u0a93 \u0aa6\u0ac7\u0ab5\u0aa8\u0abe \u0a9c\u0ac7\u0ab5\u0abe \u0a86\u0aa4\u0acd\u0aae\u0abe\u0aae\u0abe\u0a82 \u0a9c\u0ac0\u0ab5\u0ac7."},{"Verseid":"59003006","Verse":"\u0a8f \u0ab8\u0aae\u0aaf \u0aa8\u0a9c\u0ac0\u0a95 \u0a9b\u0ac7 \u0a95\u0ac7 \u0a9c\u0acd\u0aaf\u0abe\u0ab0\u0ac7 \u0aac\u0aa7\u0ac0\u0a9c \u0ab5\u0ab8\u0acd\u0aa4\u0ac1\u0a93\u0aa8\u0acb \u0a85\u0a82\u0aa4 \u0aa5\u0ab6\u0ac7. \u0aa4\u0ac7\u0aa5\u0ac0 \u0aa4\u0aae\u0abe\u0ab0\u0abe \u0aae\u0aa8 \u0ab6\u0ac1\u0aa6\u0acd\u0aa7 \u0ab0\u0abe\u0a96\u0acb, \u0a85\u0aa8\u0ac7 \u0aa4\u0aae\u0abe\u0ab0\u0ac0 \u0a9c\u0abe\u0aa4 \u0a89\u0aaa\u0ab0 \u0aa8\u0abf\u0aaf\u0a82\u0aa4\u0acd\u0ab0\u0aa3 \u0ab0\u0abe\u0a96\u0acb. \u0aa4\u0aae\u0aa8\u0ac7 \u0aaa\u0acd\u0ab0\u0abe\u0ab0\u0acd\u0aa5\u0aa8\u0abe \u0a95\u0ab0\u0ab5\u0abe\u0aae\u0abe\u0a82 \u0a86 \u0aae\u0aa6\u0aa6\u0ab0\u0ac2\u0aaa \u0aac\u0aa8\u0ab6\u0ac7."},{"Verseid":"59003007","Verse":"\u0ab5\u0aa7\u0ac1 \u0aae\u0ab9\u0aa4\u0acd\u0ab5\u0aa8\u0ac1\u0a82 \u0a8f \u0a9b\u0ac7 \u0a95\u0ac7, \u0a8f\u0a95 \u0aac\u0ac0\u0a9c\u0abe \u0aaa\u0ab0 \u0a86\u0a97\u0acd\u0ab0\u0ab9\u0aa5\u0ac0 \u0aaa\u0acd\u0ab0\u0ac0\u0aa4\u0abf \u0a95\u0ab0\u0acb. \u0aaa\u0acd\u0ab0\u0ac0\u0aa4\u0abf \u0aac\u0aa7\u0abe \u0aaa\u0abe\u0aaa\u0acb\u0aa8\u0ac7 \u0aa2\u0abe\u0a82\u0a95\u0ac7 \u0a9b\u0ac7."},{"Verseid":"59003008","Verse":"\u0a95\u0acb\u0a87 \u0aaa\u0aa3 \u0a9c\u0abe\u0aa4\u0aa8\u0ac0 \u0aab\u0ab0\u0ac0\u0aaf\u0abe\u0aa6 \u0ab5\u0a97\u0ab0 \u0a8f\u0a95\u0aac\u0ac0\u0a9c\u0abe\u0aa8\u0ac7 \u0aaa\u0ab0\u0acb\u0aa3\u0abe \u0ab0\u0abe\u0a96\u0acb."},{"Verseid":"59003009","Verse":"\u0aa4\u0aae\u0abe\u0ab0\u0abe\u0aae\u0abe\u0aa8\u0abe\u0a82 \u0aa6\u0ab0\u0ac7\u0a95\u0aa8\u0ac7 \u0aa6\u0ac7\u0ab5 \u0aa4\u0ab0\u0aab\u0aa5\u0ac0 \u0a86\u0aa4\u0acd\u0aae\u0abf\u0a95 \u0a95\u0ac3\u0aaa\u0abe\u0aa6\u0abe\u0aa8 \u0aaa\u0acd\u0ab0\u0abe\u0aaa\u0acd\u0aa4 \u0aa5\u0aaf\u0ac1\u0a82 \u0a9b\u0ac7. \u0aa6\u0ac7\u0ab5\u0ac7 \u0aa4\u0ac7\u0aa8\u0ac0 \u0a95\u0ac3\u0aaa\u0abe \u0ab5\u0abf\u0ab5\u0abf\u0aa7 \u0ab0\u0ac0\u0aa4\u0ac7 \u0aa4\u0aae\u0aa8\u0ac7 \u0aa6\u0ab0\u0acd\u0ab6\u0abe\u0ab5\u0ac0 \u0a9b\u0ac7. \u0a85\u0aa8\u0ac7 \u0aa4\u0aae\u0ac7 \u0a8f\u0ab5\u0abe \u0ab8\u0ac7\u0ab5\u0a95 \u0a9b\u0acb \u0a95\u0ac7 \u0a9c\u0ac7 \u0aa6\u0ac7\u0ab5\u0aa8\u0abe \u0a95\u0ac3\u0aaa\u0abe\u0aa6\u0abe\u0aa8\u0aa8\u0abe \u0a89\u0aaa\u0aaf\u0acb\u0a97 \u0aae\u0abe\u0a9f\u0ac7 \u0a9c\u0ab5\u0abe\u0aac\u0aa6\u0abe\u0ab0 \u0a9b\u0acb. \u0aa4\u0ac7\u0aa5\u0ac0 \u0ab8\u0abe\u0ab0\u0abe \u0ab8\u0ac7\u0ab5\u0a95\u0acb \u0aac\u0aa8\u0acb. \u0a85\u0aa8\u0ac7 \u0a8f\u0a95\u0aac\u0ac0\u0a9c\u0abe\u0aa8\u0ac0 \u0ab8\u0ac7\u0ab5\u0abe \u0a95\u0ab0\u0ab5\u0abe \u0a95\u0ac3\u0aaa\u0abe\u0aa6\u0abe\u0aa8\u0aa8\u0acb \u0a89\u0aaa\u0aaf\u0acb\u0a97 \u0a95\u0ab0\u0acb."},{"Verseid":"59003010","Verse":"\u0a9c\u0acb \u0a95\u0acb\u0a88 \u0ab5\u0acd\u0aaf\u0a95\u0acd\u0aa4\u0abf \u0aac\u0acb\u0aa7 \u0a95\u0ab0\u0ac7 \u0aa4\u0acb \u0aa4\u0ac7\u0aa3\u0ac7 \u0aa6\u0ac7\u0ab5\u0aa8\u0abe \u0ab5\u0a9a\u0aa8 \u0aaa\u0acd\u0ab0\u0aae\u0abe\u0aa3\u0ac7 \u0aac\u0acb\u0aa7 \u0a95\u0ab0\u0ab5\u0acb \u0a9c\u0acb\u0a88\u0a8f. \u0a85\u0aa8\u0ac7 \u0a9c\u0ac7 \u0ab8\u0ac7\u0ab5\u0abe \u0a95\u0ab0\u0ac7 \u0a9b\u0ac7 \u0aa4\u0ac7\u0aa3\u0ac7 \u0aa6\u0ac7\u0ab5 \u0aa5\u0a95\u0ac0 \u0aaa\u0acd\u0ab0\u0abe\u0aaa\u0acd\u0aa4 \u0aa5\u0aaf\u0ac7\u0ab2 \u0ab8\u0abe\u0ab0\u0acd\u0aae\u0aa5\u0acd\u0aaf \u0ab5\u0aa1\u0ac7 \u0ab8\u0ac7\u0ab5\u0abe \u0a95\u0ab0\u0ab5\u0ac0 \u0a9c\u0acb\u0a88\u0a8f. \u0aa4\u0aae\u0abe\u0ab0\u0ac7 \u0a8f\u0ab5\u0abe\u0a82 \u0a9c \u0a95\u0abe\u0ab0\u0acd\u0aaf\u0acb \u0a95\u0ab0\u0ab5\u0abe \u0a9c\u0acb\u0a88\u0a8f \u0a95\u0ac7 \u0a9c\u0ac7\u0aa5\u0ac0 \u0aac\u0aa7\u0ac0 \u0aac\u0abe\u0aac\u0aa4\u0acb\u0aae\u0abe\u0a82 \u0a88\u0ab8\u0ac1 \u0a96\u0acd\u0ab0\u0abf\u0ab8\u0acd\u0aa4 \u0aa6\u0acd\u0aa7\u0abe\u0ab0\u0abe \u0aa6\u0ac7\u0ab5 \u0aae\u0ab9\u0abf\u0aae\u0abe\u0ab5\u0abe\u0aa8 \u0aa5\u0abe\u0aaf \u0aa4\u0ac7\u0aa8\u0ac7 \u0ab8\u0aa6\u0abe\u0ab8\u0ab0\u0acd\u0ab5\u0a95\u0abe\u0ab3 \u0aae\u0ab9\u0abf\u0aae\u0abe \u0aa4\u0aa5\u0abe \u0ab8\u0aa4\u0acd\u0aa4\u0abe \u0a9b\u0ac7. \u0a86\u0aae\u0ac0\u0aa8."},{"Verseid":"59003011","Verse":"\u0aae\u0abe\u0ab0\u0abe \u0aae\u0abf\u0aa4\u0acd\u0ab0\u0acb, \u0a9c\u0ac7 \u0ab5\u0ac7\u0aa6\u0aa8\u0abe\u0a93 \u0a85\u0aa4\u0acd\u0aaf\u0abe\u0ab0\u0ac7 \u0aa4\u0aae\u0ac7 \u0ab8\u0ab9\u0ac0 \u0ab0\u0ab9\u0acd\u0aaf\u0abe \u0a9b\u0acb \u0aa4\u0ac7\u0aa8\u0abe\u0aa5\u0ac0 \u0a86\u0ab6\u0acd\u0ab5\u0ab0\u0acd\u0aaf \u0aa8 \u0aaa\u0abe\u0aae\u0ab6\u0acb. \u0aa4\u0ac7 \u0aa4\u0acb \u0aa4\u0aae\u0abe\u0ab0\u0abe \u0ab5\u0abf\u0ab6\u0acd\u0ab5\u0abe\u0ab8\u0aa8\u0ac0 \u0a95\u0ab8\u0acb\u0a9f\u0ac0 \u0a9b\u0ac7. \u0a8f\u0ab5\u0ac1\u0a82 \u0aa8\u0abe \u0ab5\u0abf\u0a9a\u0abe\u0ab0\u0ab6\u0acb \u0a95\u0ac7 \u0aa4\u0aae\u0abe\u0ab0\u0abe \u0aaa\u0acd\u0ab0\u0aa4\u0acd\u0aaf\u0ac7 \u0a95\u0ab6\u0ac1\u0a82\u0a95 \u0aa8\u0ab5\u0ac1\u0a82 \u0aa5\u0a88 \u0ab0\u0ab9\u0acd\u0aaf\u0ac1\u0a82 \u0a9b\u0ac7."},{"Verseid":"59003012","Verse":"\u0aaa\u0ab0\u0a82\u0aa4\u0ac1 \u0aa4\u0aae\u0ac7 \u0a96\u0acd\u0ab0\u0abf\u0ab8\u0acd\u0aa4\u0aa8\u0ac0 \u0aaf\u0abe\u0aa4\u0aa8\u0abe\u0aa8\u0abe \u0ab8\u0ab9\u0aad\u0abe\u0a97\u0ac0 \u0a9b\u0acb \u0aa4\u0ac7 \u0aae\u0abe\u0a9f\u0ac7 \u0aa4\u0aae\u0abe\u0ab0\u0ac7 \u0a86\u0aa8\u0a82\u0aa6 \u0a85\u0aa8\u0ac1\u0aad\u0ab5\u0ab5\u0acb \u0a9c\u0acb\u0a88\u0a8f. \u0a9c\u0acd\u0aaf\u0abe\u0ab0\u0ac7 \u0a96\u0acd\u0ab0\u0abf\u0ab8\u0acd\u0aa4 \u0aa4\u0ac7\u0aa8\u0acb \u0aae\u0ab9\u0abf\u0aae\u0abe \u0aaa\u0acd\u0ab0\u0a97\u0a9f \u0a95\u0ab0\u0ab6\u0ac7 \u0aa4\u0acd\u0aaf\u0abe\u0ab0\u0ac7 \u0aa4\u0aae\u0ac7 \u0aac\u0ab9\u0ac1 \u0a89\u0ab2\u0acd\u0ab2\u0abe\u0ab8\u0aa5\u0ac0 \u0a96\u0ac2\u0aac\u0a9c \u0a86\u0aa8\u0a82\u0aa6\u0abf\u0aa4 \u0aac\u0aa8\u0ab6\u0acb."},{"Verseid":"59003013","Verse":"\u0a9c\u0acd\u0aaf\u0abe\u0ab0\u0ac7 \u0a96\u0acd\u0ab0\u0abf\u0ab8\u0acd\u0aa4\u0aa8\u0ac7 \u0a85\u0aa8\u0ac1\u0ab8\u0ab0\u0ab5\u0abe\u0aa8\u0ac7 \u0a95\u0abe\u0ab0\u0aa3\u0ac7 \u0ab2\u0acb\u0a95\u0acb \u0aa4\u0aae\u0abe\u0ab0\u0abe \u0ab5\u0abf\u0ab7\u0ac7 \u0a96\u0ab0\u0abe\u0aac \u0aac\u0acb\u0ab2\u0ac7 \u0a9b\u0ac7, \u0aa4\u0acb \u0aa4\u0aae\u0aa8\u0ac7 \u0aa7\u0aa8\u0acd\u0aaf \u0a9b\u0ac7, \u0a95\u0abe\u0ab0\u0aa3 \u0a95\u0ac7 \u0aae\u0ab9\u0abf\u0aae\u0abe\u0aa8\u0acb \u0a86\u0aa4\u0acd\u0aae\u0abe \u0aa4\u0aae\u0abe\u0ab0\u0ac0 \u0ab8\u0abe\u0aa5\u0ac7 \u0a9b\u0ac7. \u0aa4\u0ac7 \u0a86\u0aa4\u0acd\u0aae\u0abe \u0aa6\u0ac7\u0ab5\u0aa8\u0acb \u0a9b\u0ac7."},{"Verseid":"59003014","Verse":"\u0a96\u0ac2\u0aa8\u0ac0, \u0aa6\u0ac1\u0ab7\u0acd\u0a95\u0ab0\u0acd\u0aae\u0ac0, \u0a9a\u0acb\u0ab0 \u0a85\u0aa5\u0ab5\u0abe \u0aac\u0ac0\u0a9c\u0abe \u0ab2\u0acb\u0a95\u0acb\u0aa8\u0abe \u0a95\u0abe\u0aae\u0aae\u0abe\u0a82 \u0aa6\u0a96\u0ab2 \u0a95\u0ab0\u0aa8\u0abe\u0ab0\u0aa8\u0abe \u0a9c\u0ac7\u0ab5\u0abe \u0aa8 \u0aa5\u0ab6\u0acb, \u0a86\u0aae \u0a95\u0ab0\u0aa8\u0abe\u0ab0 \u0ab5\u0acd\u0aaf\u0a95\u0acd\u0aa4\u0abf \u0aa6\u0ac1:\u0a96\u0ac0 \u0aa5\u0ab6\u0ac7 \u0aaa\u0ab0\u0a82\u0aa4\u0ac1 \u0aa4\u0aae\u0abe\u0ab0\u0abe\u0aae\u0abe\u0a82\u0aa5\u0ac0 \u0a95\u0acb\u0a87 \u0aa6\u0ac1:\u0a96\u0ac0 \u0aa8\u0ab9\u0abf \u0aa5\u0abe\u0aaf."},{"Verseid":"59003015","Verse":"\u0aaa\u0ab0\u0a82\u0aa4\u0ac1 \u0a96\u0acd\u0ab0\u0abf\u0ab8\u0acd\u0aa4\u0ac0 \u0ab9\u0acb\u0ab5\u0abe\u0aa8\u0ac7 \u0ab2\u0ac0\u0aa7\u0ac7 \u0aa4\u0aae\u0ac7 \u0a9c\u0acb \u0ab8\u0ab9\u0aa8 \u0a95\u0ab0\u0acb, \u0aa4\u0acb \u0aa4\u0ac7\u0aa8\u0abe\u0aa5\u0ac0 \u0ab6\u0ab0\u0aae\u0abe\u0ab6\u0acb \u0aa8\u0ab9\u0abf. \u0aaa\u0ab0\u0a82\u0aa4\u0ac1 \u0aa4\u0ac7 \u0aa8\u0abe\u0aae (\u0a96\u0acd\u0ab0\u0abf\u0ab8\u0acd\u0aa4\u0ac0) \u0aae\u0abe\u0a9f\u0ac7 \u0aa4\u0aae\u0abe\u0ab0\u0ac7 \u0aa6\u0ac7\u0ab5\u0aa8\u0ac0 \u0ab8\u0acd\u0aa4\u0ac1\u0aa4\u0abf \u0a95\u0ab0\u0ab5\u0ac0 \u0a9c\u0acb\u0a88\u0a8f."},{"Verseid":"59003016","Verse":"\u0a95\u0ac7\u0aae \u0a95\u0ac7 \u0aa8\u0acd\u0aaf\u0abe\u0aaf \u0aae\u0abe\u0a9f\u0ac7\u0aa8\u0acb \u0ab8\u0aae\u0aaf \u0a86\u0ab5\u0ac0 \u0a97\u0aaf\u0acb \u0a9b\u0ac7. \u0aa4\u0ac7 \u0aa8\u0acd\u0aaf\u0abe\u0aaf\u0aa8\u0ac0 \u0ab6\u0ab0\u0ac1\u0a82\u0a86\u0aa4 \u0aa6\u0ac7\u0ab5\u0aa8\u0abe \u0a95\u0ac1\u0a9f\u0ac1\u0a82\u0aac (\u0aae\u0a82\u0aa1\u0ab3\u0ac0) \u0aa5\u0ac0 \u0aa5\u0ab6\u0ac7. \u0aa8\u0acd\u0aaf\u0abe\u0aaf\u0aa8\u0ac0 \u0ab6\u0ab0\u0ac2\u0a86\u0aa4 \u0a86\u0aaa\u0aa3\u0abe\u0aa5\u0ac0 \u0aa5\u0abe\u0aaf \u0aa4\u0acb \u0a9c\u0ac7\u0a93 \u0aa6\u0ac7\u0ab5\u0aa8\u0ac0 \u0ab8\u0ac1\u0ab5\u0abe\u0ab0\u0acd\u0aa4\u0abe\u0aa8\u0abe \u0a86\u0a9c\u0acd\u0a9e\u0abe\u0a82\u0a95\u0abf\u0aa4 \u0aa8\u0aa5\u0ac0 \u0aa4\u0ac7\u0a93\u0aa8\u0ac1 \u0ab6\u0ac1\u0a82 \u0aa5\u0ab6\u0ac7?"},{"Verseid":"59003017","Verse":"\u201c\u0a9c\u0acb \u0ab8\u0abe\u0ab0\u0abe \u0aae\u0abe\u0aa3\u0ab8\u0aa8\u0acb \u0a89\u0aa6\u0acd\u0aa7\u0abe\u0ab0 \u0aae\u0ac1\u0ab6\u0acd\u0a95\u0ac7\u0ab2\u0ac0\u0aa5\u0ac0 \u0aa5\u0abe\u0aaf \u0a9b\u0ac7 \u0aa4\u0acb \u0aaa\u0a9b\u0ac0 \u0a9c\u0ac7 \u0aae\u0abe\u0aa3\u0ab8 \u0aa6\u0ac7\u0ab5\u0aa8\u0ac0 \u0ab5\u0abf\u0ab0\u0ac2\u0aa6\u0acd\u0aa7 \u0a9b\u0ac7 \u0a85\u0aa8\u0ac7 \u0a9c\u0ac7 \u0aaa\u0abe\u0aaa\u0ac0 \u0a9b\u0ac7 \u0aa4\u0ac7\u0aa8\u0ac1\u0a82 \u0ab6\u0ac1\u0a82 \u0aa5\u0ab6\u0ac7?\u201d \u0aa8\u0ac0\u0aa4\u0abf\u0ab5\u0a9a\u0aa8\u0acb 11:31"},{"Verseid":"59003018","Verse":"\u0aae\u0abe\u0a9f\u0ac7 \u0a9c\u0ac7 \u0ab2\u0acb\u0a95\u0acb \u0aa6\u0ac7\u0ab5\u0aa8\u0ac0 \u0a88\u0a9a\u0acd\u0a9b\u0abe \u0aaa\u0acd\u0ab0\u0aae\u0abe\u0aa3\u0ac7 \u0aa6\u0ac1:\u0a96\u0acb \u0ab8\u0ab9\u0aa8 \u0a95\u0ab0\u0ac7 \u0a9b\u0ac7 \u0aa4\u0ac7\u0a93 \u0ab8\u0abe\u0a82\u0ab0\u0ac1\u0a82 \u0a95\u0ab0\u0ac0\u0aa8\u0ac7 \u0aaa\u0acb\u0aa4\u0abe\u0aa8\u0abe \u0a86\u0aa4\u0acd\u0aae\u0abe\u0a93\u0aa8\u0ac7 \u0ab5\u0abf\u0ab6\u0acd\u0ab5\u0abe\u0ab8 \u0a89\u0aa4\u0acd\u0aaa\u0aa8\u0acd\u0aa8 \u0a95\u0ab0\u0aa8\u0abe\u0ab0\u0aa8\u0ac7 \u0ab8\u0ac1\u0aaa\u0acd\u0ab0\u0aa4 \u0a95\u0ab0\u0ac7. \u0aa6\u0ac7\u0ab5 \u0a8f\u0a95 \u0a9b\u0ac7 \u0a9c\u0ac7\u0aa3\u0ac7 \u0aa4\u0ac7\u0a93\u0aa8\u0ac7 \u0a89\u0aa4\u0acd\u0aaa\u0aa8\u0acd\u0aa8 \u0a95\u0ab0\u0acd\u0aaf\u0abe \u0a9b\u0ac7, \u0a85\u0aa8\u0ac7 \u0aa4\u0ac7\u0a93 \u0aa4\u0ac7\u0aa8\u0abe\u0aae\u0abe\u0a82 \u0ab5\u0abf\u0ab6\u0acd\u0ab5\u0abe\u0ab8 \u0a95\u0ab0\u0ac0 \u0ab6\u0a95\u0ac7 \u0a9b\u0ac7. \u0aa4\u0ac7\u0aa5\u0ac0 \u0aa4\u0ac7\u0a93\u0a8f \u0ab8\u0abe\u0ab0\u0abe \u0a95\u0abe\u0aae\u0acb \u0a95\u0ab0\u0ab5\u0abe\u0aa8\u0ac1\u0a82 \u0a9a\u0abe\u0ab2\u0ac1\u0a82 \u0ab0\u0abe\u0a96\u0ab5\u0ac1\u0a82 \u0a9c\u0acb\u0a88\u0a8f."}]},{"Verse":[{"Verseid":"59004000","Verse":"\u0ab9\u0ab5\u0ac7 \u0aa4\u0aae\u0abe\u0ab0\u0abe \u0ab8\u0aae\u0ac2\u0ab9\u0aa8\u0abe \u0ab5\u0aa1\u0ac0\u0ab2\u0acb\u0aa8\u0ac7 \u0aae\u0abe\u0ab0\u0ac7 \u0a95\u0a82\u0a88\u0a95 \u0a95\u0ab9\u0ac7\u0a82\u0ab5\u0ac1\u0a82 \u0a9b\u0ac7. \u0ab9\u0ac1\u0a82 \u0aaa\u0aa3 \u0ab5\u0aa1\u0ac0\u0ab2 \u0a9b\u0ac1\u0a82. \u0aae\u0ac7\u0a82 \u0aaa\u0acb\u0aa4\u0ac7 \u0a96\u0acd\u0ab0\u0abf\u0ab8\u0acd\u0aa4\u0aa8\u0ac0 \u0aaf\u0abe\u0aa4\u0aa8\u0abe\u0a93 \u0a9c\u0acb\u0a88 \u0a9b\u0ac7. \u0a85\u0aa8\u0ac7 \u0a9c\u0ac7 \u0aae\u0ab9\u0abf\u0aae\u0abe \u0a86\u0aaa\u0aa3\u0aa8\u0ac7 \u0aaa\u0acd\u0ab0\u0a97\u0a9f \u0aa5\u0aa8\u0abe\u0ab0 \u0a9b\u0ac7 \u0aa4\u0ac7\u0aa8\u0acb \u0ab9\u0ac1\u0a82 \u0aaa\u0aa3 \u0aad\u0abe\u0a97\u0ac0\u0aa6\u0abe\u0ab0 \u0a9b\u0ac1\u0a82, \u0aa4\u0ac7\u0aa5\u0ac0 \u0aa4\u0ac7\u0a93\u0aa8\u0ac7 \u0ab5\u0abf\u0aa8\u0a82\u0aa4\u0ac0 \u0a95\u0ab0\u0ac1\u0a82 \u0a9b\u0ac1\u0a82 \u0a95\u0ac7,"},{"Verseid":"59004001","Verse":"\u0aa6\u0ac7\u0ab5\u0aa8\u0ac1\u0a82 \u0a9c\u0ac7 \u0a9f\u0acb\u0ab3\u0ac1\u0a82 \u0aa4\u0aae\u0abe\u0ab0\u0abe\u0aae\u0abe\u0a82 \u0a9b\u0ac7 \u0aa4\u0ac7\u0aa8\u0ac1\u0a82 \u0aaa\u0acd\u0ab0\u0aa4\u0abf\u0aaa\u0abe\u0ab2\u0aa8 \u0a95\u0ab0\u0acb. \u0a85\u0aa7\u0acd\u0aaf\u0a95\u0acd\u0ab7\u0aa8\u0ac1\u0a82 \u0a95\u0abe\u0aae \u0aab\u0ab0\u0a9c \u0aaa\u0aa1\u0acd\u0aaf\u0abe\u0aa5\u0ac0 \u0aa8\u0ab9\u0abf \u0aaa\u0aa3 \u0a96\u0ac1\u0ab6\u0ac0\u0aa5\u0ac0 \u0a95\u0ab0\u0acb. \u0aa8\u0ac0\u0a9a \u0ab2\u0acb\u0aad\u0aa8\u0ac7 \u0aae\u0abe\u0a9f\u0ac7 \u0aa8\u0ab9\u0abf, \u0aaa\u0aa3 \u0ab9\u0acb\u0a82\u0ab8\u0aa5\u0ac0 \u0a95\u0ab0\u0acb, \u0aa6\u0ac7\u0ab5\u0aa8\u0ac0 \u0a86\u0ab5\u0ac0 \u0a88\u0a9a\u0acd\u0a9b\u0abe \u0a9b\u0ac7. \u0aa4\u0aae\u0ac7 \u0ab8\u0ac7\u0ab5\u0abe \u0a95\u0ab0\u0ab5\u0abe\u0aa5\u0ac0 \u0aaa\u0acd\u0ab0\u0ab8\u0aa8\u0acd\u0aa8 \u0aa5\u0abe\u0a93 \u0a9b\u0acb \u0aa4\u0ac7\u0aa5\u0ac0 \u0a86\u0aae \u0a95\u0ab0\u0a9c\u0acb. \u0aaa\u0ac8\u0ab8\u0abe\u0aa8\u0ac7 \u0aae\u0abe\u0a9f\u0ac7 \u0aa8 \u0a95\u0ab0\u0aa4\u0abe."},{"Verseid":"59004002","Verse":"\u0a9c\u0ac7 \u0ab2\u0acb\u0a95\u0acb \u0aaa\u0acd\u0ab0\u0aa4\u0acd\u0aaf\u0ac7 \u0aa4\u0aae\u0ac7 \u0a9c\u0ab5\u0abe\u0aac\u0aa6\u0abe\u0ab0 \u0a9b\u0acb, \u0aa4\u0ac7\u0a93\u0aa8\u0abe \u0ab8\u0aa4\u0acd\u0aa4\u0abe\u0aa7\u0ac0\u0ab6 \u0aa8 \u0aac\u0aa8\u0ab6\u0acb. \u0aaa\u0ab0\u0a82\u0aa4\u0ac1 \u0aa4\u0ac7 \u0ab2\u0acb\u0a95\u0acb\u0aa8\u0ac7 \u0a86\u0aa6\u0ab6\u0ab0\u0ac1\u0a82\u0aaa \u0aa5\u0abe\u0a93."},{"Verseid":"59004003","Verse":"\u0aaa\u0a9b\u0ac0 \u0a9c\u0acd\u0aaf\u0abe\u0ab0\u0ac7 \u0aae\u0ac1\u0a96\u0acd\u0aaf \u0a98\u0ac7\u0a82\u0a9f\u0abe\u0aaa\u0abe\u0ab3\u0a95 (\u0a96\u0acd\u0ab0\u0abf\u0ab8\u0acd\u0aa4) \u0a86\u0ab5\u0ab6\u0ac7 \u0aa4\u0acd\u0aaf\u0abe\u0ab0\u0ac7, \u0aa4\u0aae\u0aa8\u0ac7 \u0aae\u0ac1\u0a97\u0a9f \u0aae\u0ab3\u0ab6\u0ac7. \u0aa4\u0ac7 \u0aae\u0ac1\u0a97\u0a9f \u0a98\u0aa3\u0acb\u0a9c \u0aae\u0ab9\u0abf\u0aae\u0abe\u0ab5\u0a82\u0aa4 \u0ab9\u0ab6\u0ac7 \u0a85\u0aa8\u0ac7 \u0aa4\u0ac7\u0aa8\u0ac0 \u0ab8\u0ac1\u0a82\u0aa6\u0ab0\u0aa4\u0abe \u0a95\u0aa6\u0ac0 \u0aaa\u0aa3 \u0aa8\u0abe\u0ab6 \u0aaa\u0abe\u0aae\u0ab6\u0ac7 \u0aa8\u0ab9\u0abf."},{"Verseid":"59004004","Verse":"\u0a9c\u0ac1\u0ab5\u0abe\u0aa8\u0acb, \u0aae\u0abe\u0ab0\u0ac7 \u0aa4\u0aae\u0aa8\u0ac7 \u0aaa\u0aa3 \u0a95\u0a82\u0a88\u0a95 \u0a95\u0ab9\u0ac7\u0ab5\u0ac1\u0a82 \u0a9b\u0ac7. \u0aa4\u0aae\u0abe\u0ab0\u0ac7 \u0ab5\u0aa1\u0ac0\u0ab2\u0acb\u0aa8\u0ac0 \u0ab8\u0aa4\u0acd\u0aa4\u0abe\u0aa8\u0ac7 \u0ab8\u0acd\u0ab5\u0ac0\u0a95\u0abe\u0ab0\u0ab5\u0ac0 \u0a9c\u0acb\u0a88\u0a8f \u0a85\u0aa8\u0ac7 \u0a8f\u0a95\u0aac\u0ac0\u0a9c\u0abe \u0aaa\u0acd\u0ab0\u0aa4\u0acd\u0aaf\u0ac7 \u0aa4\u0aae\u0abe\u0ab0\u0ac7 \u0aac\u0aa7\u0abe\u0aa8\u0ac7 \u0ab5\u0abf\u0aa8\u0aae\u0acd\u0ab0 \u0aac\u0aa8\u0ab5\u0ac1\u0a82 \u0a9c\u0acb\u0a88\u0a8f. \u201c\u0aa6\u0ac7\u0ab5 \u0a85\u0aad\u0abf\u0aae\u0abe\u0aa8\u0ac0 \u0ab2\u0acb\u0a95\u0acb\u0aa8\u0ac0 \u0ab5\u0abf\u0ab0\u0ac2\u0aa6\u0acd\u0aa7 \u0a9b\u0ac7. \u0aaa\u0ab0\u0a82\u0aa4\u0ac1 \u0ab5\u0abf\u0aa8\u0aae\u0acd\u0ab0 \u0ab2\u0acb\u0a95\u0acb \u0aaa\u0acd\u0ab0\u0aa4\u0abf \u0aa4\u0ac7 \u0a95\u0ac3\u0aaa\u0abe (\u0aa6\u0aaf\u0abe) \u0ab0\u0abe\u0a96\u0ac7 \u0a9b\u0ac7.\u201d \u0aa8\u0ac0\u0aa4\u0abf\u0ab5\u0a9a\u0aa8\u0acb 3:34"},{"Verseid":"59004005","Verse":"\u0aa4\u0ac7\u0aa5\u0ac0 \u0aa6\u0ac7\u0ab5\u0aa8\u0abe \u0ab8\u0aae\u0ab0\u0acd\u0aa5 \u0ab9\u0abe\u0aa5\u0acb \u0aa8\u0ac0\u0a9a\u0ac7 \u0aaa\u0acb\u0aa4\u0abe\u0aa8\u0ac7 \u0ab5\u0abf\u0aa8\u0aae\u0acd\u0ab0 \u0aac\u0aa8\u0abe\u0ab5\u0acb \u0aaa\u0a9b\u0ac0 \u0aaf\u0acb\u0a97\u0acd\u0aaf \u0ab8\u0aae\u0aaf\u0ac7 \u0aa4\u0ac7 \u0aa4\u0aae\u0aa8\u0ac7 \u0a89\u0a9a\u0acd\u0a9a\u0aaa\u0aa6\u0ac7 \u0aae\u0ac2\u0a95\u0ab6\u0ac7."},{"Verseid":"59004006","Verse":"\u0aa4\u0aae\u0abe\u0ab0\u0ac0 \u0aac\u0aa7\u0ac0\u0a9c \u0a9a\u0abf\u0a82\u0aa4\u0abe\u0a93 \u0aa4\u0ac7\u0aa8\u0ac7 \u0ab8\u0acb\u0a82\u0aaa\u0ac0 \u0aa6\u0acb, \u0a95\u0abe\u0ab0\u0aa3 \u0a95\u0ac7 \u0aa4\u0ac7 \u0aa4\u0aae\u0abe\u0ab0\u0ac0 \u0ab8\u0a82\u0aad\u0abe\u0ab3 \u0ab0\u0abe\u0a96\u0ac7 \u0a9b\u0ac7."},{"Verseid":"59004007","Verse":"\u0aa4\u0aae\u0abe\u0ab0\u0ac0 \u0a9c\u0abe\u0aa4\u0aa8\u0ac7 \u0aa8\u0abf\u0aaf\u0a82\u0aa4\u0acd\u0ab0\u0abf\u0aa4 \u0a95\u0ab0\u0acb \u0a85\u0aa8\u0ac7 \u0ab8\u0abe\u0ab5\u0aa7\u0abe\u0aa8 \u0ab0\u0ab9\u0acb! \u0ab6\u0ac7\u0aa4\u0abe\u0aa8 \u0aa4\u0aae\u0abe\u0ab0\u0acb \u0aa6\u0ac1\u0ab6\u0acd\u0aae\u0aa8 \u0a9b\u0ac7, \u0a85\u0aa8\u0ac7 \u0aa4\u0ac7 \u0a97\u0abe\u0a9c\u0aa8\u0abe\u0ab0 \u0ab8\u0abf\u0a82\u0ab9\u0aa8\u0ac0 \u0aaa\u0ac7\u0aa0\u0ac7 \u0a95\u0acb\u0a87 \u0aae\u0ab3\u0ac7 \u0aa4\u0ac7\u0aa8\u0ac7 \u0a96\u0abe\u0a87 \u0a9c\u0ab5\u0abe \u0aae\u0abe\u0a9f\u0ac7 \u0ab6\u0acb\u0aa7\u0aa4\u0acb \u0aab\u0ab0\u0ac7 \u0a9b\u0ac7."},{"Verseid":"59004008","Verse":"\u0ab6\u0ac7\u0aa4\u0abe\u0aa8\u0aa8\u0acb \u0ab5\u0abf\u0ab0\u0acb\u0aa7 \u0a95\u0ab0\u0acb. \u0a85\u0aa8\u0ac7 \u0aa4\u0aae\u0abe\u0ab0\u0abe \u0ab5\u0abf\u0ab6\u0acd\u0ab5\u0abe\u0ab8\u0aae\u0abe\u0a82 \u0ab8\u0ac1\u0aa6\u0aa2 \u0aac\u0aa8\u0acb. \u0aa4\u0aae\u0ac7 \u0a9c\u0abe\u0aa3\u0acb \u0a9b\u0acb \u0a95\u0ac7 \u0aa4\u0aae\u0abe\u0ab0\u0abe \u0a9c\u0ac7\u0ab5\u0ac0 \u0a9c \u0aaf\u0abe\u0aa4\u0aa8\u0abe \u0aa6\u0ac1\u0aa8\u0abf\u0aaf\u0abe\u0aad\u0ab0\u0aae\u0abe\u0a82 \u0aa4\u0aae\u0abe\u0ab0\u0abe \u0aad\u0abe\u0a87\u0a93 \u0a85\u0aa8\u0ac7 \u0aac\u0ab9\u0ac7\u0aa8\u0acb \u0aad\u0acb\u0a97\u0ab5\u0ac0 \u0ab0\u0ab9\u0acd\u0aaf\u0abe \u0a9b\u0ac7."},{"Verseid":"59004009","Verse":"\u0ab9\u0abe, \u0aa5\u0acb\u0aa1\u0abe \u0ab8\u0aae\u0aaf \u0aae\u0abe\u0a9f\u0ac7 \u0aa4\u0aae\u0abe\u0ab0\u0ac7 \u0ab8\u0ab9\u0aa8 \u0a95\u0ab0\u0ab5\u0ac1\u0a82 \u0aaa\u0aa1\u0ab6\u0ac7. \u0aaa\u0ab0\u0a82\u0aa4\u0ac1 \u0aa4\u0ac7 \u0aaa\u0a9b\u0ac0, \u0aa6\u0ac7\u0ab5 \u0aac\u0aa7\u0ac1\u0a82\u0a9c \u0ab8\u0abe\u0a82\u0ab0\u0ac1\u0a82 \u0a95\u0ab0\u0ab6\u0ac7. \u0aa4\u0ac7 \u0aa4\u0aae\u0aa8\u0ac7 \u0ab6\u0a95\u0acd\u0aa4\u0abf\u0ab6\u0abe\u0ab3\u0ac0 \u0aac\u0aa8\u0abe\u0ab5\u0ab6\u0ac7. \u0aa4\u0aae\u0abe\u0ab0\u0ac1\u0a82 \u0aaa\u0aa4\u0aa8 \u0aa8 \u0aa5\u0abe\u0aaf \u0aa4\u0ac7 \u0aae\u0abe\u0a9f\u0ac7 \u0aa4\u0aae\u0abe\u0ab0\u0acb \u0a86\u0aa7\u0abe\u0ab0 \u0aac\u0aa8\u0ac0 \u0ab0\u0ab9\u0ac7\u0ab6\u0ac7. \u0aa4\u0ac7 \u0a9c \u0ab8\u0ab0\u0acd\u0ab5 \u0a95\u0ac3\u0aaa\u0abe\u0aa8\u0acb \u0aa6\u0ac7\u0ab5 \u0a9b\u0ac7. \u0aa4\u0ac7\u0aa3\u0ac7 \u0aa4\u0aae\u0aa8\u0ac7 \u0a96\u0acd\u0ab0\u0abf\u0ab8\u0acd\u0aa4\u0aae\u0abe\u0a82 \u0aaa\u0acb\u0aa4\u0abe\u0aa8\u0abe \u0aae\u0ab9\u0abf\u0aae\u0abe\u0aae\u0abe\u0a82 \u0ab8\u0ab9\u0aad\u0abe\u0a97\u0ac0 \u0aa5\u0ab5\u0abe \u0aac\u0acb\u0ab2\u0abe\u0ab5\u0acd\u0aaf\u0abe \u0a9b\u0ac7. \u0a86 \u0aae\u0ab9\u0abf\u0aae\u0abe \u0ab8\u0aa6\u0abe\u0ab8\u0ab0\u0acd\u0ab5\u0a95\u0abe\u0ab3 \u0aaa\u0ab0\u0acd\u0aaf\u0a82\u0aa4 \u0ab0\u0ab9\u0ac7\u0ab6\u0ac7."},{"Verseid":"59004010","Verse":"\u0aa4\u0ac7\u0aa8\u0ac7 \u0ab8\u0aa6\u0abe\u0ab8\u0ab0\u0acd\u0ab5\u0a95\u0abe\u0ab3 \u0ab8\u0aa4\u0acd\u0aa4\u0abe \u0ab9\u0acb\u0a9c\u0acb. \u0a86\u0aae\u0ac0\u0aa8."},{"Verseid":"59004011","Verse":"\u0ab8\u0abf\u0ab2\u0acd\u0ab5\u0abe\u0aa8\u0ac1\u0ab8, \u0aae\u0aa8\u0ac7 \u0a96\u0aac\u0ab0 \u0a9b\u0ac7 \u0a95\u0ac7 \u0aa4\u0ac7 \u0a96\u0acd\u0ab0\u0abf\u0ab8\u0acd\u0aa4\u0aae\u0abe\u0a82 \u0ab5\u0abf\u0ab6\u0acd\u0ab5\u0abe\u0ab8\u0ac1 \u0aad\u0abe\u0a88 \u0a9b\u0ac7. \u0aa4\u0aae\u0aa8\u0ac7 \u0a86\u0aa6\u0ab0 \u0ab8\u0abe\u0aa5\u0ac7 \u0ab9\u0abf\u0a82\u0aae\u0aa4 \u0a85\u0aa8\u0ac7 \u0aaa\u0acd\u0ab0\u0acb\u0aa4\u0acd\u0ab8\u0abe\u0ab9\u0aa8 \u0a86\u0aaa\u0ab5\u0abe \u0aa4\u0ac7\u0aa8\u0ac0 \u0ab9\u0ab8\u0acd\u0aa4\u0a95 \u0aae\u0ac7\u0a82 \u0a9f\u0ac2\u0a82\u0a95\u0aae\u0abe \u0a86 \u0ab2\u0a96\u0acd\u0aaf\u0ac1\u0a82 \u0a9b\u0ac7. \u0aae\u0abe\u0ab0\u0ac7 \u0aa4\u0aae\u0aa8\u0ac7 \u0a95\u0ab9\u0ac7\u0ab5\u0ac1\u0a82 \u0ab9\u0aa4\u0ac1\u0a82 \u0a95\u0ac7 \u0a86 \u0aa4\u0acb \u0aa6\u0ac7\u0ab5\u0aa8\u0ac0 \u0a96\u0ab0\u0ac0 \u0a95\u0ac3\u0aaa\u0abe \u0a9b\u0ac7. \u0a85\u0aa8\u0ac7 \u0aa4\u0ac7 \u0a95\u0ac3\u0aaa\u0abe\u0aae\u0abe\u0a82 \u0ab8\u0acd\u0aa5\u0abf\u0ab0 \u0a8a\u0aad\u0abe \u0ab0\u0ab9\u0acb."},{"Verseid":"59004012","Verse":"\u0aac\u0abe\u0aac\u0abf\u0ab2\u0acb\u0aa8\u0aa8\u0ac0 \u0aae\u0a82\u0aa1\u0ab3\u0ac0 \u0aa4\u0aae\u0aa8\u0ac7 \u0ab8\u0ab2\u0abe\u0aae \u0a95\u0ab9\u0ac7 \u0a9b\u0ac7. \u0aa4\u0aae\u0abe\u0ab0\u0ac0 \u0a9c\u0ac7\u0aae \u0aa4\u0ac7 \u0ab2\u0acb\u0a95\u0acb \u0aaa\u0ab8\u0a82\u0aa6 \u0a95\u0ab0\u0abe\u0aaf\u0ac7\u0ab2\u0abe \u0a9b\u0ac7. \u0a96\u0acd\u0ab0\u0abf\u0ab8\u0acd\u0aa4\u0aae\u0abe\u0a82 \u0aae\u0abe\u0ab0\u0acb \u0aaa\u0ac1\u0aa4\u0acd\u0ab0 \u0aae\u0abe\u0ab0\u0acd\u0a95 \u0aaa\u0aa3 \u0aa4\u0aae\u0aa8\u0ac7 \u0ab8\u0ab2\u0abe\u0aae \u0a95\u0ab9\u0ac7 \u0a9b\u0ac7."},{"Verseid":"59004013","Verse":"\u0a9c\u0acd\u0aaf\u0abe\u0ab0\u0ac7 \u0aa4\u0aae\u0ac7 \u0aae\u0ab3\u0acb \u0aa4\u0acd\u0aaf\u0abe\u0ab0\u0ac7 \u0aaa\u0acd\u0ab0\u0abf\u0aa4\u0abf\u0aa8\u0abe \u0a9a\u0ac1\u0a82\u0aac\u0aa8\u0aa5\u0ac0 \u0a85\u0a95\u0aac\u0ac0\u0a9c\u0abe\u0aa8\u0ac7 \u0ab8\u0ab2\u0abe\u0aae \u0a95\u0ab0\u0a9c\u0acb. \u0a96\u0acd\u0ab0\u0abf\u0ab8\u0acd\u0aa4 \u0a88\u0ab8\u0ac1\u0aae\u0abe\u0a82 \u0aa4\u0aae \u0ab8\u0ab0\u0acd\u0ab5\u0aa8\u0ac7 \u0ab6\u0abe\u0a82\u0aa4\u0abf \u0aa5\u0abe\u0a93. \ufeff"}]}]}