{"Chapter":[{"Verse":[{"Verseid":"61000000","Verse":"\u0ab9\u0ab5\u0ac7 \u0a85\u0aae\u0ac7 \u0aa4\u0aae\u0aa8\u0ac7 \u0a9c\u0a97\u0aa4\u0aa8\u0abe \u0a86\u0ab0\u0a82\u0aad\u0a95\u0abe\u0ab3 \u0aaa\u0ab9\u0ac7\u0ab2\u0abe \u0a9c\u0ac7 \u0a95\u0acb\u0a88 \u0ab5\u0ab8\u0acd\u0aa4\u0ac1\u0a93\u0aa8\u0ac1\u0a82 \u0a85\u0ab8\u0acd\u0aa4\u0abf\u0aa4\u0acd\u0ab5 \u0ab9\u0aa4\u0ac1\u0a82 \u0aa4\u0ac7 \u0ab5\u0abf\u0ab7\u0ac7 \u0a95\u0ab9\u0ac0\u0a8f \u0a9b\u0ac0\u0a8f \u0a86 \u0a85\u0aae\u0ac7 \u0ab8\u0abe\u0a82\u0aad\u0ab3\u0acd\u0aaf\u0ac1\u0a82 \u0a9b\u0ac7, \u0a85\u0aae\u0ac7 \u0aaa\u0acb\u0aa4\u0abe\u0aa8\u0ac0 \u0a86\u0a82\u0a96\u0acb \u0ab5\u0aa1\u0ac7 \u0a9c\u0acb\u0aaf\u0ac1\u0a82 \u0a9b\u0ac7, \u0a85\u0aae\u0ac7 \u0aa8\u0abf\u0ab9\u0abe\u0ab3\u0acd\u0aaf\u0ac1\u0a82 \u0a9b\u0ac7, \u0a85\u0aae\u0ac7 \u0a85\u0aae\u0abe\u0ab0\u0abe \u0ab9\u0abe\u0aa5\u0ac7 \u0ab8\u0acd\u0aaa\u0ab0\u0acd\u0ab6 \u0a95\u0ab0\u0acd\u0aaf\u0acb \u0a9b\u0ac7. \u0a85\u0aae\u0ac7 \u0aa4\u0aae\u0aa8\u0ac7 \u0aa4\u0ac7 \u0ab6\u0aac\u0acd\u0aa6 (\u0a96\u0acd\u0ab0\u0abf\u0ab8\u0acd\u0aa4) \u0a9c\u0ac7 \u0a9c\u0ac0\u0ab5\u0aa8 \u0a86\u0aaa\u0ac7 \u0a9b\u0ac7 \u0aa4\u0ac7 \u0ab5\u0abf\u0ab7\u0ac7 \u0ab2\u0a96\u0ac0\u0a8f \u0a9b\u0ac0\u0a8f."},{"Verseid":"61000001","Verse":"\u0aa4\u0ac7 \u0a9c\u0ac0\u0ab5\u0aa8 \u0a85\u0aae\u0aa8\u0ac7 \u0aac\u0aa4\u0abe\u0ab5\u0acd\u0aaf\u0ac1\u0a82 \u0a9b\u0ac7. \u0a85\u0aae\u0ac7 \u0aa4\u0ac7 \u0a9c\u0acb\u0aaf\u0ac1\u0a82 \u0a9b\u0ac7. \u0a85\u0aae\u0ac7 \u0aa4\u0ac7 \u0ab5\u0abf\u0ab7\u0ac7 \u0ab8\u0abe\u0a95\u0acd\u0ab7\u0ac0 \u0a86\u0aaa\u0ac0 \u0ab6\u0a95\u0ac0\u0a8f \u0a9b\u0ac0\u0a8f. \u0ab9\u0ab5\u0ac7 \u0a85\u0aae\u0ac7 \u0aa4\u0aae\u0aa8\u0ac7 \u0aa4\u0ac7 \u0a9c\u0ac0\u0ab5\u0aa8 \u0ab5\u0abf\u0ab7\u0ac7 \u0a95\u0ab9\u0ac0\u0a8f \u0a9b\u0ac0\u0a8f. \u0aa4\u0ac7 \u0a9c\u0ac0\u0ab5\u0aa8 \u0a9c\u0ac7 \u0a85\u0aa8\u0a82\u0aa4\u0a95\u0abe\u0ab3\u0aa8\u0ac1\u0a82 \u0a9b\u0ac7. \u0a86 \u0aa4\u0ac7 \u0a9c\u0ac0\u0ab5\u0aa8 \u0a9b\u0ac7 \u0a9c\u0ac7 \u0aa6\u0ac7\u0ab5 \u0aac\u0abe\u0aaa \u0ab8\u0abe\u0aa5\u0ac7 \u0ab9\u0aa4\u0ac1\u0a82. \u0aa6\u0ac7\u0ab5\u0ac7 \u0a86\u0aaa\u0aa3\u0aa8\u0ac7 \u0a86 \u0a9c\u0ac0\u0ab5\u0aa8 \u0aac\u0aa4\u0abe\u0ab5\u0acd\u0aaf\u0ac1\u0a82 \u0a9b\u0ac7."},{"Verseid":"61000002","Verse":"\u0ab9\u0ab5\u0ac7 \u0a85\u0aae\u0ac7 \u0aa4\u0aae\u0aa8\u0ac7 \u0a9c\u0ac7 \u0a95\u0a82\u0a88 \u0a9c\u0acb\u0aaf\u0ac1\u0a82 \u0a9b\u0ac7 \u0a85\u0aa8\u0ac7 \u0ab8\u0abe\u0a82\u0aad\u0ab3\u0acd\u0aaf\u0ac1 \u0a9b\u0ac7 \u0aa4\u0ac7 \u0a95\u0ab9\u0ac0\u0a8f \u0a9b\u0ac0\u0a8f. \u0ab6\u0abe \u0aae\u0abe\u0a9f\u0ac7? \u0a95\u0abe\u0ab0\u0aa3 \u0a95\u0ac7 \u0a85\u0aae\u0ac7 \u0aa4\u0aae\u0aa8\u0ac7 \u0a85\u0aae\u0abe\u0ab0\u0ac0 \u0ab8\u0abe\u0aa5\u0ac7 \u0aad\u0abe\u0a97\u0ac0\u0aa6\u0abe\u0ab0 \u0aac\u0aa8\u0abe\u0ab5\u0ab5\u0abe \u0a88\u0a9a\u0acd\u0a9b\u0ac0\u0a8f \u0a9b\u0ac0\u0a8f.\u0a9c\u0ac7\u0aa5\u0ac0 \u0aa6\u0ac7\u0ab5 \u0aac\u0abe\u0aaa \u0a85\u0aa8\u0ac7 \u0aa4\u0ac7\u0aa8\u0abe \u0aaa\u0ac1\u0aa4\u0acd\u0ab0 \u0a88\u0ab8\u0ac1 \u0a96\u0acd\u0ab0\u0abf\u0ab8\u0acd\u0aa4 \u0ab8\u0abe\u0aa5\u0ac7 \u0a85\u0aae\u0aa8\u0ac7 \u0a9c\u0ac7 \u0a86\u0aa8\u0a82\u0aa6 \u0a85\u0aa8\u0ac7\u0ab8\u0a82\u0a97\u0aa4 \u0aae\u0ab3\u0acd\u0aaf\u0abe\u0a82 \u0a9b\u0ac7 \u0aa4\u0ac7\u0aa8\u0abe \u0aa4\u0aae\u0ac7 \u0aaa\u0aa3 \u0aad\u0abe\u0a97\u0ac0\u0aa6\u0abe\u0ab0 \u0aac\u0aa8\u0acb."},{"Verseid":"61000003","Verse":"\u0a85\u0aae\u0ac7 \u0aa4\u0aae\u0aa8\u0ac7 \u0a86 \u0aac\u0abe\u0aac\u0aa4 \u0ab2\u0a96\u0ac0\u0a8f \u0a9b\u0ac0\u0a8f \u0aa4\u0ac7\u0aa5\u0ac0 \u0aa4\u0aae\u0abe\u0ab0\u0acb \u0aaa\u0aa3 \u0a86\u0aa8\u0a82\u0aa6 \u0a85\u0aae\u0abe\u0ab0\u0ac0 \u0ab8\u0abe\u0aa5\u0ac7 \u0ab8\u0a82\u0aaa\u0ac2\u0ab0\u0acd\u0aa3 \u0aa5\u0abe\u0aaf."},{"Verseid":"61000004","Verse":"\u0a85\u0aae\u0ac7 \u0aa6\u0ac7\u0ab5 \u0aaa\u0abe\u0ab8\u0ac7\u0aa5\u0ac0 \u0ab8\u0abe\u0a9a\u0acb \u0ab8\u0a82\u0aa6\u0ac7\u0ab6\u0acb \u0ab8\u0abe\u0a82\u0aad\u0ab3\u0acd\u0aaf\u0acb \u0a9b\u0ac7. \u0ab9\u0ab5\u0ac7 \u0a85\u0aae\u0ac7 \u0aa4\u0ac7 \u0aa4\u0aae\u0aa8\u0ac7 \u0a95\u0ab9\u0ac0\u0a8f \u0a9b\u0ac0\u0a8f \u0aa6\u0ac7\u0ab5 \u0aaa\u0acd\u0ab0\u0a95\u0abe\u0ab6 \u0a9b\u0ac7. \u0aa6\u0ac7\u0ab5\u0aae\u0abe\u0a82 \u0a85\u0a82\u0aa7\u0a95\u0abe\u0ab0 \u0aa8\u0aa5\u0ac0."},{"Verseid":"61000005","Verse":"\u0aa4\u0ac7\u0aa5\u0ac0 \u0a9c\u0acb \u0a86\u0aaa\u0aa3\u0ac7 \u0a95\u0ab9\u0ac0\u0a8f \u0a95\u0ac7 \u0a86\u0aaa\u0aa3\u0aa8\u0ac7 \u0aa6\u0ac7\u0ab5 \u0ab8\u0abe\u0aa5\u0ac7 \u0ab8\u0a82\u0a97\u0aa4 \u0a9b\u0ac7 \u0a85\u0aa8\u0ac7 \u0a86\u0aaa\u0aa3\u0ac7 \u0a85\u0a82\u0aa7\u0a95\u0abe\u0ab0\u0aae\u0abe\u0a82 \u0a9c\u0ac0\u0ab5\u0ac0\u0a8f \u0aa4\u0acb \u0aaa\u0a9b\u0ac0 \u0a86\u0aaa\u0aa3\u0ac7 \u0a9c\u0ac2\u0aa0\u0abe\u0a82 \u0a9b\u0ac0\u0a8f. \u0a86\u0aaa\u0aa3\u0ac7 \u0ab8\u0aa4\u0acd\u0aaf\u0aa8\u0ac7 \u0a85\u0aa8\u0ac1\u0ab8\u0ab0\u0aa4\u0abe \u0aa8\u0aa5\u0ac0."},{"Verseid":"61000006","Verse":"\u0aa6\u0ac7\u0ab5 \u0aaa\u0acd\u0ab0\u0a95\u0abe\u0ab6\u0aae\u0abe\u0a82 \u0a9b\u0ac7. \u0a86\u0aaa\u0aa3\u0ac7 \u0aaa\u0aa3 \u0aaa\u0acd\u0ab0\u0a95\u0abe\u0ab6\u0aae\u0abe\u0a82 \u0a9c\u0ac0\u0ab5\u0ab5\u0ac1\u0a82 \u0a9c\u0acb\u0a88\u0a8f, \u0a9c\u0acb \u0a86\u0aaa\u0aa3\u0ac7 \u0aaa\u0acd\u0ab0\u0a95\u0abe\u0ab6\u0aae\u0abe\u0a82 \u0a9c\u0ac0\u0ab5\u0ac0\u0a8f \u0aa4\u0acb, \u0aaa\u0a9b\u0ac0 \u0a86\u0aaa\u0aa3\u0ac7 \u0a8f\u0a95\u0aac\u0ac0\u0a9c\u0abe\u0aa8\u0ac0 \u0ab8\u0abe\u0aa5\u0ac7 \u0ab8\u0a82\u0a97\u0aa4\u0a82\u0aae\u0abe\u0a82 \u0a9b\u0ac0\u0a8f. \u0a85\u0aa8\u0ac7 \u0a9c\u0acd\u0aaf\u0abe\u0ab0\u0ac7 \u0a86\u0aaa\u0aa3\u0ac7 \u0aaa\u0acd\u0ab0\u0a95\u0abe\u0ab6\u0aae\u0abe\u0a82 \u0a9c\u0ac0\u0ab5\u0ac0\u0a8f \u0a9b\u0ac0\u0a8f, \u0aa4\u0acb \u0aa4\u0ac7\u0aa8\u0abe \u0aaa\u0ac1\u0aa4\u0acd\u0ab0 \u0a88\u0ab8\u0ac1\u0aa8\u0ac1\u0a82 \u0ab0\u0a95\u0aa4 \u0a86\u0aaa\u0aa3\u0aa8\u0ac7 \u0ab8\u0aa7\u0ab3\u0abe\u0a82 \u0aaa\u0abe\u0aaa\u0aae\u0abe\u0a82\u0aa5\u0ac0 \u0ab6\u0ac1\u0aa6\u0acd\u0aa7 \u0a95\u0ab0\u0ac7 \u0a9b\u0ac7."},{"Verseid":"61000007","Verse":"\u0a9c\u0acb \u0a86\u0aaa\u0aa3\u0ac7 \u0a95\u0ab9\u0ac0\u0a8f \u0a95\u0ac7 \u0a86\u0aaa\u0aa3\u0abe\u0aae\u0abe\u0a82 \u0aaa\u0abe\u0aaa \u0aa8\u0aa5\u0ac0 \u0aa4\u0acb, \u0a86\u0aaa\u0aa3\u0ac7 \u0a86\u0aaa\u0aa3\u0ac0 \u0a9c\u0abe\u0aa4\u0aa8\u0ac7 \u0aae\u0ac2\u0ab0\u0acd\u0a96 \u0aac\u0aa8\u0abe\u0ab5\u0ac0\u0a8f \u0a9b\u0ac0\u0a8f, \u0a85\u0aa8\u0ac7 \u0ab8\u0aa4\u0acd\u0aaf \u0a86\u0aaa\u0aa3\u0ac0 \u0a85\u0a82\u0aa6\u0ab0 \u0aa8\u0aa5\u0ac0."},{"Verseid":"61000008","Verse":"\u0aaa\u0aa3 \u0a9c\u0acb \u0a86\u0aaa\u0aa3\u0ac7 \u0a86\u0aaa\u0aa3\u0abe\u0a82 \u0aaa\u0abe\u0aaa\u0acb \u0a95\u0aac\u0ac2\u0ab2 \u0a95\u0ab0\u0ac0\u0a8f \u0a9b\u0ac0\u0a8f, \u0aa4\u0acb \u0aa6\u0ac7\u0ab5 \u0a86\u0aaa\u0aa3\u0abe\u0a82 \u0aaa\u0abe\u0aaa \u0aae\u0abe\u0aab \u0a95\u0ab0\u0ab6\u0ac7. \u0a86\u0aaa\u0aa3\u0ac7 \u0aa6\u0ac7\u0ab5 \u0aaa\u0ab0 \u0ab5\u0abf\u0ab6\u0acd\u0ab5\u0abe\u0ab8 \u0a95\u0ab0\u0ac0 \u0ab6\u0a95\u0ac0\u0a8f \u0a9b\u0ac0\u0a8f. \u0aa6\u0ac7\u0ab5 \u0a9c\u0ac7 \u0ab8\u0aa4\u0acd\u0aaf \u0a9b\u0ac7 \u0aa4\u0ac7 \u0a9c \u0a95\u0ab0\u0ac7 \u0a9b\u0ac7. \u0a86\u0aaa\u0aa3\u0ac7 \u0a95\u0ab0\u0ac7\u0ab2\u0abe \u0aac\u0aa7\u0abe\u0a82 \u0a96\u0acb\u0a9f\u0abe\u0a82 \u0a95\u0abe\u0aae\u0acb\u0aae\u0abe\u0a82\u0aa5\u0ac0 \u0aa6\u0ac7\u0ab5 \u0a86\u0aaa\u0aa3\u0aa8\u0ac7 \u0ab6\u0ac1\u0aa7\u0acd\u0aa7 \u0a95\u0ab0\u0ac7 \u0a9b\u0ac7."},{"Verseid":"61000009","Verse":"\u0a9c\u0acb \u0a86\u0aaa\u0aa3\u0ac7 \u0a95\u0ab9\u0ac0\u0a8f \u0a95\u0ac7 \u0a86\u0aaa\u0aa3\u0ac7 \u0aaa\u0abe\u0aaa \u0a95\u0ab0\u0acd\u0aaf\u0ac1\u0a82 \u0aa8\u0aa5\u0ac0, \u0aa4\u0acb \u0a86\u0aaa\u0aa3\u0ac7 \u0aa6\u0ac7\u0ab5\u0aa8\u0ac7 \u0a9c\u0ac2\u0aa0\u0abe\u0a82 \u0aa0\u0ab0\u0abe\u0ab5\u0ac0\u0a8f \u0a9b\u0ac0\u0a8f \u0a86\u0aaa\u0aa3\u0ac7 \u0aa6\u0ac7\u0ab5\u0aa8\u0abe\u0a82 \u0ab8\u0abe\u0a9a\u0abe \u0ab5\u0a9a\u0aa8\u0aa8\u0acb \u0ab8\u0acd\u0ab5\u0ac0\u0a95\u0abe\u0ab0 \u0a95\u0ab0\u0aa4\u0abe\u0a82 \u0aa8\u0aa5\u0ac0."}]},{"Verse":[{"Verseid":"61001000","Verse":"\u0aae\u0abe\u0ab0\u0abe\u0a82 \u0ab5\u0ab9\u0abe\u0ab2\u0abe\u0a82 \u0aac\u0abe\u0ab3\u0a95\u0acb, \u0ab9\u0ac1\u0a82 \u0a86 \u0aaa\u0aa4\u0acd\u0ab0 \u0aa4\u0aae\u0aa8\u0ac7 \u0ab2\u0a96\u0ac1\u0a82 \u0a9b\u0ac1\u0a82 \u0a9c\u0ac7\u0aa5\u0ac0 \u0aa4\u0aae\u0ac7 \u0aaa\u0abe\u0aaa \u0a95\u0ab0\u0ab6\u0acb \u0aa8\u0ab9\u0abf. \u0aaa\u0aa3 \u0a9c\u0acb \u0a95\u0abe\u0a88 \u0ab5\u0acd\u0aaf\u0a95\u0acd\u0aa4\u0abf \u0aaa\u0abe\u0aaa \u0a95\u0ab0\u0ac7 \u0a9b\u0ac7, \u0aa4\u0acb \u0a86\u0aaa\u0aa3\u0ac0 \u0aaa\u0abe\u0ab8\u0ac7 \u0a86\u0aaa\u0aa3\u0ac0 \u0aae\u0aa6\u0aa6\u0aae\u0abe\u0a82 \u0a88\u0ab8\u0ac1 \u0a96\u0acd\u0ab0\u0abf\u0ab8\u0acd\u0aa4 \u0a9c\u0ac7 \u0aa8\u0acd\u0aaf\u0abe\u0aaf\u0ac0 \u0a9b\u0ac7 \u0aa4\u0ac7 \u0a88\u0ab8\u0ac1 \u0aa6\u0ac7\u0ab5 \u0aac\u0abe\u0aaa \u0a86\u0a97\u0ab3 \u0a86\u0aaa\u0aa3\u0acb \u0aac\u0a9a\u0abe\u0ab5 \u0a95\u0ab0\u0ac7 \u0a9b\u0ac7."},{"Verseid":"61001001","Verse":"\u0a88\u0ab8\u0ac1\u0aa8\u0abe \u0aa6\u0acd\u0ab5\u0abe\u0ab0\u0abe \u0a86\u0aaa\u0aa3\u0abe \u0aaa\u0abe\u0aaa\u0acb \u0aa6\u0ac2\u0ab0 \u0a95\u0ab0\u0ab5\u0abe\u0aae\u0abe\u0a82 \u0a86\u0ab5\u0ac7 \u0a9b\u0ac7. \u0a85\u0aa8\u0ac7 \u0a95\u0ac7\u0ab5\u0ab3 \u0a86\u0aaa\u0aa3\u0abe\u0a82 \u0a9c \u0aa8\u0ab9\u0abf, \u0ab8\u0aae\u0a97\u0acd\u0ab0 \u0a9c\u0a97\u0aa4\u0aa8\u0abe\u0a82 \u0aaa\u0abe\u0aaa\u0acb \u0aa6\u0ac2\u0ab0 \u0a95\u0ab0\u0aa8\u0abe\u0ab0 \u0aa4\u0ac7 \u0a9c \u0a9b\u0ac7."},{"Verseid":"61001002","Verse":"\u0a9c\u0acb \u0a86\u0aaa\u0aa3\u0ac7 \u0aa6\u0ac7\u0ab5\u0ac7 \u0a9c\u0ac7 \u0a86\u0aaa\u0aa3\u0aa8\u0ac7 \u0a95\u0ab9\u0acd\u0aaf\u0ac1\u0a82 \u0a9b\u0ac7 \u0aa4\u0ac7\u0aa8\u0ac1 \u0aaa\u0abe\u0ab2\u0aa8 \u0a95\u0ab0\u0ac0\u0ab6\u0ac1\u0a82, \u0aa4\u0acb \u0aaa\u0a9b\u0ac0 \u0a86\u0aaa\u0aa3\u0aa8\u0ac7 \u0a96\u0abe\u0aa4\u0ab0\u0ac0 \u0a9b\u0ac7 \u0a95\u0ac7 \u0a86\u0aaa\u0aa3\u0ac7 \u0a96\u0ab0\u0ac7\u0a96\u0ab0 \u0aa6\u0ac7\u0ab5\u0aa8\u0ac7 \u0a93\u0ab3\u0a96\u0ac0\u0a8f \u0a9b\u0ac0\u0a8f."},{"Verseid":"61001003","Verse":"\u0a8f\u0a95 \u0ab5\u0acd\u0aaf\u0a95\u0acd\u0aa4\u0abf \u0a95\u0ab9\u0ac7 \u0a9b\u0ac7 \u0a95\u0ac7, \u201c\u0ab9\u0ac1\u0a82 \u0aa6\u0ac7\u0ab5\u0aa8\u0ac7 \u0a9c\u0abe\u0aa3\u0ac1\u0a82 \u0a9b\u0ac1\u0a82!\u201d \u0aaa\u0aa3 \u0a9c\u0acb \u0aa4\u0ac7 \u0ab5\u0acd\u0aaf\u0a95\u0acd\u0aa4\u0abf \u0aa6\u0ac7\u0ab5\u0aa8\u0ac0 \u0a86\u0a9c\u0acd\u0a9e\u0abe\u0a93\u0aa8\u0ac1\u0a82 \u0aaa\u0abe\u0ab2\u0aa8 \u0a95\u0ab0\u0aa4\u0acb \u0aa8\u0aa5\u0ac0, \u0aa4\u0acb \u0aaa\u0a9b\u0ac0 \u0aa4\u0ac7 \u0ab5\u0acd\u0aaf\u0a95\u0acd\u0aa4\u0abf \u0a9c\u0ac2\u0aa0\u0acb \u0a9b\u0ac7. \u0aa4\u0ac7\u0aa8\u0abe\u0aae\u0abe\u0a82 \u0ab8\u0aa4\u0acd\u0aaf \u0aa8\u0aa5\u0ac0."},{"Verseid":"61001004","Verse":"\u0aaa\u0aa3 \u0a9c\u0acd\u0aaf\u0abe\u0ab0\u0ac7 \u0a8f\u0a95 \u0ab5\u0acd\u0aaf\u0a95\u0acd\u0aa4\u0abf \u0aa6\u0ac7\u0ab5\u0aa8\u0abe \u0ab5\u0a9a\u0aa8\u0aa8\u0ac1\u0a82 \u0aaa\u0abe\u0ab2\u0aa8 \u0a95\u0ab0\u0ac7 \u0a9b\u0ac7, \u0aa4\u0acb \u0aa4\u0ac7\u0aa8\u0abe\u0aae\u0abe\u0a82 \u0aa6\u0ac7\u0ab5 \u0aaa\u0ab0\u0aa8\u0acb \u0aaa\u0acd\u0ab0\u0ac7\u0aae \u0aa4\u0ac7\u0aa8\u0abe \u0ab2\u0a95\u0acd\u0ab7\u0acd\u0aaf\u0abe\u0a82\u0a95 \u0ab8\u0ac1\u0aa7\u0ac0 \u0aaa\u0ab9\u0acb\u0a82\u0a9a\u0acd\u0aaf\u0acb \u0a9b\u0ac7. \u0a86 \u0ab0\u0ac0\u0aa4\u0ac7 \u0a86\u0aaa\u0aa3\u0ac7 \u0a9c\u0abe\u0aa3\u0ac0\u0a8f \u0a9b\u0ac0\u0a8f \u0a95\u0ac7 \u0a86\u0aaa\u0aa3\u0ac7 \u0aa6\u0ac7\u0ab5\u0aa8\u0ac7 \u0a85\u0aa8\u0ac1\u0ab8\u0ab0\u0ac0\u0a8f \u0a9b\u0ac0\u0a8f."},{"Verseid":"61001005","Verse":"\u0a9c\u0acb \u0a95\u0acb\u0a88 \u0ab5\u0acd\u0aaf\u0a95\u0acd\u0aa4\u0abf \u0a95\u0ab9\u0ac7 \u0a95\u0ac7 \u0aa4\u0ac7 \u0aa6\u0ac7\u0ab5\u0aae\u0abe\u0a82 \u0a9c\u0ac0\u0ab5\u0ac7 \u0a9b\u0ac7, \u0aa4\u0acb \u0aaa\u0a9b\u0ac0 \u0aa4\u0ac7\u0aa3\u0ac7 \u0a88\u0ab8\u0ac1 \u0a9c\u0ac7\u0ab5\u0ac1\u0a82 \u0a9c\u0ac0\u0ab5\u0aa8 \u0a9c\u0ac0\u0ab5\u0acd\u0aaf\u0acb \u0aa4\u0ac7\u0ab5\u0ac1\u0a82 \u0a9c\u0ac0\u0ab5\u0aa8 \u0a9c\u0ac0\u0ab5\u0ab5\u0ac1\u0a82 \u0a9c\u0acb\u0a88\u0a8f."},{"Verseid":"61001006","Verse":"\u0aae\u0abe\u0ab0\u0abe \u0ab5\u0ab9\u0abe\u0ab2\u0abe \u0aae\u0abf\u0aa4\u0acd\u0ab0\u0acb, \u0ab9\u0ac1\u0a82 \u0aa4\u0aae\u0aa8\u0ac7 \u0aa8\u0ab5\u0ac0 \u0a86\u0a9c\u0acd\u0a9e\u0abe \u0ab2\u0a96\u0aa4\u0acb \u0aa8\u0aa5\u0ac0. \u0a9c\u0ac7 \u0aa4\u0aae\u0aa8\u0ac7 \u0ab6\u0ab0\u0ac1\u0a82\u0a86\u0aa4\u0aa5\u0ac0 \u0a86\u0aaa\u0ab5\u0abe\u0aae\u0abe\u0a82 \u0a86\u0ab5\u0ac0 \u0a9b\u0ac7 \u0aa4\u0ac7 \u0a8f \u0a9c \u0a86\u0a9c\u0acd\u0a9e\u0abe \u0a9b\u0ac7. \u0a9c\u0ac7 \u0ab5\u0a9a\u0aa8 \u0aa4\u0aae\u0ac7 \u0ab8\u0abe\u0a82\u0aad\u0ab3\u0acd\u0aaf\u0ac1\u0a82 \u0a9b\u0ac7 \u0aa4\u0ac7\u0aa8\u0ac0 \u0aa4\u0ac7 \u0a9c \u0a86 \u0a86\u0a9c\u0acd\u0a9e\u0abe \u0a9b\u0ac7."},{"Verseid":"61001007","Verse":"\u0aaa\u0aa3 \u0ab9\u0ac1\u0a82 \u0a86 \u0aa8\u0ab5\u0ac0 \u0a86\u0a9c\u0acd\u0a9e\u0abe \u0aa4\u0ab0\u0ac0\u0a95\u0ac7 \u0aa4\u0aae\u0aa8\u0ac7 \u0ab2\u0a96\u0ac1\u0a82 \u0a9b\u0ac1\u0a82. \u0a86 \u0a86\u0a9c\u0acd\u0a9e\u0abe \u0ab8\u0aa4\u0acd\u0aaf \u0a9b\u0ac7. \u0aa4\u0aae\u0ac7 \u0aa4\u0ac7\u0aa8\u0ac1\u0a82 \u0ab8\u0abe\u0a9a\u0abe\u0aaa\u0aa3\u0ac1\u0a82 \u0a88\u0ab8\u0ac1\u0aae\u0abe\u0a82 \u0a85\u0aa8\u0ac7 \u0aa4\u0aae\u0abe\u0ab0\u0ac0 \u0a9c\u0abe\u0aa4\u0aae\u0abe\u0aae \u0a9c\u0acb\u0a88 \u0ab6\u0a95\u0ab6\u0acb. \u0a85\u0a82\u0aa7\u0a95\u0abe\u0ab0 \u0aa6\u0ac1\u0ab0 \u0a9c\u0a88 \u0ab0\u0ab9\u0acd\u0aaf\u0acb \u0a9b\u0ac7 \u0a85\u0aa8\u0ac7 \u0a96\u0ab0\u0acb \u0aaa\u0acd\u0ab0\u0a95\u0abe\u0ab6 \u0a86 \u0ab8\u0aae\u0aaf\u0ac7 \u0ab9\u0aae\u0aa3\u0abe \u0aaa\u0acd\u0ab0\u0a95\u0abe\u0ab6\u0ac0 \u0ab0\u0ab9\u0acd\u0aaf\u0acb \u0a9b\u0ac7."},{"Verseid":"61001008","Verse":"\u0a95\u0acb\u0a88 \u0ab5\u0acd\u0aaf\u0a95\u0acd\u0aa4\u0abf \u0a95\u0ab9\u0ac7 \u0a9b\u0ac7 \u0a95\u0ac7, \u201c\u0ab9\u0ac1\u0a82 \u0aaa\u0acd\u0ab0\u0a95\u0abe\u0ab6\u0aae\u0abe\u0a82 \u0a9b\u0ac1\u0a82, \u0aaa\u0aa3 \u0a9c\u0acb \u0aa4\u0ac7 \u0ab5\u0acd\u0aaf\u0a95\u0acd\u0aa4\u0abf \u0aa4\u0ac7\u0aa8\u0abe \u0aad\u0abe\u0a88\u0aa8\u0ac7 \u0aa7\u0abf\u0a95\u0acd\u0a95\u0abe\u0ab0\u0ac7 \u0a9b\u0ac7, \u0aa4\u0acb \u0aaa\u0a9b\u0ac0 \u0aa4\u0ac7 \u0ab9\u0a9c\u0ac1 \u0a85\u0a82\u0aa7\u0a95\u0abe\u0ab0\u0aae\u0abe\u0a82 \u0a9c \u0a9b\u0ac7."},{"Verseid":"61001009","Verse":"\u0a9c\u0ac7 \u0ab5\u0acd\u0aaf\u0a95\u0acd\u0aa4\u0abf \u0aa4\u0ac7\u0aa8\u0abe \u0aad\u0abe\u0a88\u0aa8\u0ac7 \u0aaa\u0acd\u0ab0\u0ac7\u0aae \u0a95\u0ab0\u0ac7 \u0a9b\u0ac7 \u0aa4\u0acb \u0aa4\u0ac7 \u0aaa\u0acd\u0ab0\u0a95\u0abe\u0ab6\u0aae\u0abe\u0a82 \u0a9c\u0ac0\u0ab5\u0ac7 \u0a9b\u0ac7, \u0a85\u0aa8\u0ac7 \u0aa4\u0ac7 \u0ab5\u0acd\u0aaf\u0a95\u0acd\u0aa4\u0abf\u0aae\u0abe\u0a82 \u0a8f\u0ab5\u0ac1\u0a82 \u0a95\u0ab6\u0ac1\u0a82 \u0aa8\u0aa5\u0ac0 \u0a9c\u0ac7\u0aa5\u0ac0 \u0aa4\u0ac7 \u0a96\u0acb\u0a9f\u0ac1\u0a82 \u0a95\u0ab0\u0ac0 \u0ab6\u0a95\u0ac7."},{"Verseid":"61001010","Verse":"\u0aaa\u0ab0\u0a82\u0aa4\u0ac1 \u0a9c\u0ac7 \u0ab5\u0acd\u0aaf\u0a95\u0acd\u0aa4\u0abf \u0aa4\u0ac7\u0aa8\u0abe \u0aad\u0abe\u0a88\u0aa8\u0ac7 \u0aa7\u0abf\u0a95\u0acd\u0a95\u0abe\u0ab0\u0ac7 \u0a9b\u0ac7 \u0aa4\u0ac7 \u0a85\u0aa7\u0a82\u0a95\u0abe\u0ab0\u0aae\u0abe\u0a82 \u0a9b\u0ac7. \u0aa4\u0ac7 \u0a85\u0aa7\u0a82\u0a95\u0abe\u0ab0\u0aae\u0abe\u0a82 \u0a9c\u0ac0\u0ab5\u0ac7 \u0a9b\u0ac7. \u0aa4\u0ac7 \u0ab5\u0acd\u0aaf\u0a95\u0acd\u0aa4\u0abf \u0a9c\u0abe\u0aa3\u0aa4\u0acb \u0aa8\u0aa5\u0ac0 \u0a95\u0ac7 \u0aa4\u0ac7 \u0a95\u0acd\u0aaf\u0abe\u0a82 \u0a9c\u0abe\u0aaf \u0a9b\u0ac7. \u0ab6\u0abe \u0aae\u0abe\u0a9f\u0ac7? \u0a95\u0abe\u0ab0\u0aa3 \u0a95\u0ac7 \u0a85\u0a82\u0aa7\u0a95\u0abe\u0ab0\u0ac7 \u0aa4\u0ac7\u0aa8\u0ac7 \u0a86\u0aa7\u0ab3\u0acb \u0aac\u0aa8\u0abe\u0ab5\u0ac0 \u0aa6\u0ac0\u0aa7\u0acb \u0a9b\u0ac7."},{"Verseid":"61001011","Verse":"\u0ab5\u0ab9\u0abe\u0ab2\u0abe \u0aac\u0abe\u0ab3\u0a95\u0acb, \u0ab9\u0ac1\u0a82 \u0aa4\u0aae\u0aa8\u0ac7 \u0ab2\u0a96\u0ac1\u0a82 \u0a9b\u0ac1\u0a82, \u0a95\u0abe\u0ab0\u0aa3 \u0a95\u0ac7 \u0aa4\u0aae\u0abe\u0ab0\u0abe\u0a82 \u0aaa\u0abe\u0aaa\u0acb \u0a96\u0acd\u0ab0\u0abf\u0ab8\u0acd\u0aa4 \u0aa6\u0acd\u0ab5\u0abe\u0ab0\u0abe \u0aae\u0abe\u0aab \u0a95\u0ab0\u0ab5\u0abe\u0aae\u0abe\u0a82 \u0a86\u0ab5\u0acd\u0aaf\u0abe\u0a82 \u0a9b\u0ac7."},{"Verseid":"61001012","Verse":"\u0aaa\u0abf\u0aa4\u0abe\u0a93, \u0ab9\u0ac1\u0a82 \u0aa4\u0aae\u0aa8\u0ac7 \u0ab2\u0a96\u0ac1\u0a82 \u0a9b\u0ac1\u0a82 \u0a95\u0abe\u0ab0\u0aa3 \u0a95\u0ac7 \u0a86\u0ab0\u0a82\u0aad\u0aa5\u0ac0 \u0aa4\u0aae\u0ac7 \u0aa4\u0ac7 \u0a95\u0acb\u0aa3 \u0a9b\u0ac7 \u0aa4\u0ac7 \u0a9c\u0abe\u0aa3\u0acb \u0a9b\u0acb, \u0a9c\u0ac1\u0ab5\u0abe\u0aa8\u0acb, \u0ab9\u0ac1\u0a82 \u0aa4\u0aae\u0aa8\u0ac7 \u0ab2\u0a96\u0ac1\u0a82 \u0a9b\u0ac1, \u0a95\u0abe\u0ab0\u0aa3 \u0a95\u0ac7 \u0aa4\u0aae\u0ac7 \u0aa6\u0ac1\u0ab7\u0acd\u0a9f \u0ab5\u0acd\u0aaf\u0a95\u0acd\u0aa4\u0abf (\u0ab6\u0ac7\u0aa4\u0abe\u0aa8) \u0aaa\u0ab0 \u0ab5\u0abf\u0a9c\u0aaf \u0aae\u0ac7\u0ab3\u0ab5\u0acd\u0aaf\u0acb \u0a9b\u0ac7."},{"Verseid":"61001013","Verse":"\u0aac\u0abe\u0ab3\u0a95\u0acb \u0ab9\u0ac1\u0a82 \u0aa4\u0aae\u0aa8\u0ac7 \u0ab2\u0a96\u0ac1\u0a82 \u0a9b\u0ac1\u0a82, \u0a95\u0abe\u0ab0\u0aa3 \u0a95\u0ac7 \u0aa4\u0aae\u0ac7 \u0aaa\u0abf\u0aa4\u0abe\u0aa8\u0ac7 \u0a93\u0ab3\u0a96\u0acb \u0a9b\u0acb. \u0aaa\u0abf\u0aa4\u0abe\u0a93, \u0aae\u0ac7\u0a82 \u0aa4\u0aae\u0aa8\u0ac7 \u0ab2\u0a96\u0acd\u0aaf\u0ac1\u0a82 \u0a9b\u0ac7 \u0a95\u0abe\u0ab0\u0aa3 \u0a95\u0ac7 \u0a9c\u0ac7 \u0a86\u0ab0\u0a82\u0aad\u0aa5\u0ac0 \u0aa4\u0acd\u0aaf\u0abe\u0a82 \u0ab9\u0aa4\u0acb \u0aa4\u0ac7\u0aa8\u0ac7 \u0aa4\u0aae\u0ac7 \u0a93\u0ab3\u0a96\u0acb \u0a9b\u0acb. \u0a9c\u0ac1\u0ab5\u0abe\u0aa8\u0acb, \u0aae\u0ac7 \u0aa4\u0aae\u0aa8\u0ac7 \u0ab2\u0a96\u0acd\u0aaf\u0ac1\u0a82 \u0a9b\u0ac7. \u0a95\u0abe\u0ab0\u0aa3 \u0a95\u0ac7 \u0aa4\u0aae\u0ac7 \u0aac\u0ab3\u0ab5\u0abe\u0aa8 \u0a9b\u0acb; \u0aa6\u0ac7\u0ab5\u0aa8\u0ac1\u0a82 \u0ab5\u0a9a\u0aa8 \u0aa4\u0aae\u0abe\u0ab0\u0abe\u0aae\u0abe\u0a82 \u0a9b\u0ac7, \u0a85\u0aa8\u0ac7 \u0aa4\u0aae\u0ac7 \u0aa6\u0ac1\u0ab7\u0acd\u0a9f \u0ab5\u0acd\u0aaf\u0a95\u0acd\u0aa4\u0abf \u0aaa\u0ab0 \u0ab5\u0abf\u0a9c\u0aaf \u0aae\u0ac7\u0ab3\u0ab5\u0acd\u0aaf\u0acb \u0a9b\u0ac7."},{"Verseid":"61001014","Verse":"\u0a9c\u0a97\u0aa4 \u0aaa\u0ab0 \u0a85\u0aa5\u0ab5\u0abe \u0a9c\u0a97\u0aa4\u0aae\u0abe\u0a82\u0aa8\u0abe \u0ab5\u0abe\u0aa8\u0abe\u0a82 \u0aaa\u0ab0 \u0aaa\u0acd\u0ab0\u0ac7\u0aae \u0aa8\u0abe \u0ab0\u0abe\u0a96\u0acb. \u0a9c\u0acb \u0a95\u0acb\u0a88 \u0a9c\u0a97\u0aa4 \u0aaa\u0ab0 \u0aaa\u0acd\u0ab0\u0ac7\u0aae \u0ab0\u0abe\u0a96\u0ac7 \u0a9b\u0ac7, \u0aa4\u0acb \u0aa4\u0ac7\u0aa8\u0abe\u0aae\u0abe\u0a82 \u0aac\u0abe\u0aaa \u0aaa\u0ab0\u0aa8\u0acb \u0aaa\u0acd\u0ab0\u0ac7\u0aae \u0aa8\u0aa5\u0ac0."},{"Verseid":"61001015","Verse":"\u0a9c\u0a97\u0aa4\u0aae\u0abe\u0a82 \u0a86 \u0aa6\u0ac1\u0ab7\u0acd\u0a9f \u0ab5\u0ab8\u0acd\u0aa4\u0ac1\u0a93 \u0a9b\u0ac7 \u0a86\u0aaa\u0aa3\u0abe \u0aaa\u0abe\u0aaa\u0ac0 \u0ab8\u0acd\u0ab5\u0aad\u0abe\u0ab5\u0aa8\u0ac7 \u0aaa\u0acd\u0ab0\u0ab8\u0aa8\u0acd\u0aa8 \u0a95\u0ab0\u0ab5\u0abe \u0aae\u0abe\u0a9f\u0ac7\u0aa8\u0ac0 \u0a88\u0a9a\u0acd\u0a9b\u0abe, \u0a86\u0a82\u0a96\u0acb\u0aa8\u0ac0 \u0ab2\u0abe\u0ab2\u0ab8\u0abe \u0aae\u0abe\u0a9f\u0ac7\u0aa8\u0ac0 \u0a88\u0a9a\u0acd\u0a9b\u0abe,\u0a86\u0aaa\u0aa3\u0ac0 \u0ab8\u0a82\u0aaa\u0aa4\u0acd\u0aa4\u0abf\u0aa8\u0ac1\u0a82 \u0a96\u0ac2\u0aac \u0a85\u0aad\u0abf\u0aae\u0abe\u0aa8 \u0ab9\u0acb\u0ab5\u0ac1\u0a82, \u0a86 \u0aac\u0aa7\u0ac1\u0a82 \u0aac\u0abe\u0aaa (\u0aa6\u0ac7\u0ab5) \u0aaa\u0abe\u0ab8\u0ac7\u0aa5\u0ac0 \u0a86\u0ab5\u0aa4\u0ac1\u0a82 \u0aa8\u0aa5\u0ac0, \u0a86 \u0ab8\u0ab0\u0acd\u0ab5 \u0a9c\u0a97\u0aa4\u0aae\u0abe\u0a82\u0aa5\u0ac0 \u0a86\u0ab5\u0ac7 \u0a9b\u0ac7."},{"Verseid":"61001016","Verse":"\u0a9c\u0a97\u0aa4 \u0a85\u0aa8\u0ac7 \u0aa6\u0ac1\u0aa8\u0abf\u0aaf\u0abe\u0aa8\u0ac0 \u0a9c\u0ac7 \u0aac\u0aa7\u0ac0 \u0ab5\u0ab8\u0acd\u0aa4\u0ac1\u0a93 \u0ab2\u0acb\u0a95\u0acb \u0a88\u0a9a\u0acd\u0a9b\u0ac7 \u0a9b\u0ac7 \u0aa4\u0ac7\u0aa8\u0acb \u0aaa\u0aa3 \u0ab2\u0aaf \u0aa5\u0ab6\u0ac7\u0a9c. \u0aaa\u0ab0\u0a82\u0aa4\u0ac1 \u0a9c\u0ac7 \u0ab5\u0acd\u0aaf\u0a95\u0acd\u0aa4\u0abf \u0aa6\u0ac7\u0ab5\u0aa8\u0ac0 \u0a88\u0a9a\u0acd\u0a9b\u0abe \u0aaa\u0acd\u0ab0\u0aae\u0abe\u0aa3\u0ac7 \u0a95\u0ab0\u0ac7 \u0a9b\u0ac7 \u0aa4\u0ac7 \u0a85\u0aa8\u0a82\u0aa4\u0a95\u0abe\u0ab3 \u0a9c\u0ac0\u0ab5\u0ac7 \u0a9b\u0ac7."},{"Verseid":"61001017","Verse":"\u0aae\u0abe\u0ab0\u0abe\u0a82 \u0ab5\u0ab9\u0abe\u0ab2\u0abe\u0a82 \u0aac\u0abe\u0ab3\u0a95\u0acb, \u0a85\u0a82\u0aa4 \u0aa8\u0a9c\u0ac0\u0a95 \u0a9b\u0ac7! \u0aa4\u0aae\u0ac7 \u0ab8\u0abe\u0a82\u0aad\u0ab3\u0acd\u0aaf\u0ac1\u0a82 \u0a9b\u0ac7 \u0a95\u0ac7 \u0a96\u0acd\u0ab0\u0abf\u0ab8\u0acd\u0aa4\u0ab5\u0abf\u0ab0\u0acb\u0aa7\u0ac0 \u0a86\u0ab5\u0ac7 \u0a9b\u0ac7. \u0a85\u0aa8\u0ac7 \u0ab9\u0ab5\u0ac7 \u0a96\u0acd\u0ab0\u0abf\u0ab8\u0acd\u0aa4\u0ab5\u0abf\u0ab0\u0acb\u0aa7\u0ac0\u0a93 \u0a98\u0aa3\u0abe\u0a82 \u0a85\u0ab9\u0ac0\u0a82 \u0a9b\u0ac7. \u0aa4\u0ac7\u0aa5\u0ac0 \u0a85\u0aae\u0ac7 \u0a9c\u0abe\u0aa3\u0ac0\u0a8f \u0a9b\u0ac0\u0a8f \u0a95\u0ac7 \u0ab9\u0ab5\u0ac7 \u0a85\u0a82\u0aa4 \u0aa8\u0a9c\u0ac0\u0a95 \u0a9b\u0ac7."},{"Verseid":"61001018","Verse":"\u0a96\u0acd\u0ab0\u0abf\u0ab8\u0acd\u0aa4\u0aa8\u0abe \u0aa4\u0ac7 \u0ab5\u0abf\u0ab0\u0acb\u0aa7\u0ac0\u0a93 \u0a86\u0aaa\u0aa3\u0abe \u0ab8\u0aae\u0ac1\u0ab9\u0aae\u0abe\u0a82 \u0ab9\u0aa4\u0abe. \u0aaa\u0aa3 \u0aa4\u0ac7\u0a93 \u0a86\u0aaa\u0aa3\u0abe\u0aae\u0abe\u0a82\u0aa5\u0ac0 \u0aa8\u0ac0\u0a95\u0ab3\u0ac0 \u0a97\u0aaf\u0abe. \u0aa4\u0ac7\u0a93 \u0a96\u0ab0\u0ac7\u0a96\u0ab0 \u0a86\u0aaa\u0aa3\u0ac0 \u0ab8\u0abe\u0aa5\u0ac7 \u0aa8 \u0ab9\u0aa4\u0abe. \u0a9c\u0acb \u0aa4\u0ac7 \u0a96\u0ab0\u0ac7\u0a96\u0ab0 \u0a86\u0aaa\u0aa3\u0abe \u0ab8\u0aae\u0ac1\u0ab9\u0aa8\u0abe \u0ab9\u0acb\u0aa4, \u0aa4\u0acb \u0aa4\u0ac7\u0a93 \u0a86\u0aaa\u0aa3\u0ac0 \u0ab8\u0abe\u0aa5\u0ac7 \u0ab0\u0ab9\u0acd\u0aaf\u0abe \u0ab9\u0acb\u0aa4. \u0aaa\u0aa3 \u0aa4\u0ac7\u0a93 \u0aa8\u0ac0\u0a95\u0ab3\u0ac0 \u0a97\u0aaf\u0abe. \u0a86 \u0aa4\u0ac7 \u0aac\u0aa4\u0abe\u0ab5\u0ac7 \u0a9b\u0ac7 \u0a95\u0ac7 \u0aa4\u0ac7\u0aae\u0abe\u0a82\u0aa8\u0acb \u0a95\u0acb\u0a88 \u0aaa\u0aa3 \u0a96\u0ab0\u0ac7\u0a96\u0ab0 \u0a86\u0aaa\u0aa3\u0aae\u0abe\u0a82\u0aa8\u0acb \u0ab9\u0aa4\u0acb \u0aa8\u0ab9\u0abf."},{"Verseid":"61001019","Verse":"\u0aa4\u0aae\u0ac7 \u0a9c\u0ac7 \u0aaa\u0ab5\u0abf\u0aa4\u0acd\u0ab0 \u0a9b\u0ac7 (\u0aa6\u0ac7\u0ab5 \u0a95\u0ac7 \u0a96\u0acd\u0ab0\u0abf\u0ab8\u0acd\u0aa4) \u0aa4\u0ac7\u0aa8\u0abe \u0aa6\u0acd\u0ab5\u0abe\u0ab0\u0abe \u0a85\u0aad\u0abf\u0ab7\u0abf\u0a95\u0acd\u0aa4 \u0aa5\u0aaf\u0abe \u0a9b\u0acb. \u0aa4\u0ac7\u0aa5\u0ac0 \u0aa4\u0aae\u0ac7 \u0aac\u0aa7\u0abe \u0ab8\u0aa4\u0acd\u0aaf\u0aa8\u0ac7 \u0a9c\u0abe\u0aa3\u0acb \u0a9b\u0acb."},{"Verseid":"61001020","Verse":"\u0aae\u0abe\u0ab0\u0ac7 \u0aa4\u0aae\u0aa8\u0ac7 \u0ab6\u0abe \u0aae\u0abe\u0a9f\u0ac7 \u0ab2\u0a96\u0ab5\u0ac1\u0a82? \u0aa4\u0aae\u0ac7 \u0ab8\u0aa4\u0acd\u0aaf\u0aa8\u0ac7 \u0a9c\u0abe\u0aa3\u0aa4\u0abe \u0aa8\u0aa5\u0ac0 \u0aa4\u0ac7\u0aa5\u0ac0 \u0aae\u0abe\u0ab0\u0ac7 \u0ab2\u0a96\u0ab5\u0ac1\u0a82? \u0aa8\u0abe! \u0ab9\u0ac1\u0a82 \u0a86 \u0aaa\u0aa4\u0acd\u0ab0 \u0ab2\u0a96\u0ac1\u0a82 \u0a9b\u0ac1\u0a82 \u0a95\u0abe\u0ab0\u0aa3 \u0a95\u0ac7 \u0aa4\u0aae\u0ac7 \u0ab8\u0aa4\u0acd\u0aaf\u0aa8\u0ac7 \u0a9c\u0abe\u0aa3\u0acb \u0a9b\u0acb. \u0a85\u0aa8\u0ac7 \u0aa4\u0aae\u0ac7 \u0a9c\u0abe\u0aa3\u0acb \u0a9b\u0acb \u0a95\u0ac7 \u0a95\u0acb\u0a88 \u0aaa\u0aa3 \u0a9c\u0ac1\u0aa0\u0abe\u0aa3\u0ac1\u0a82 \u0ab8\u0aa4\u0acd\u0aaf\u0aae\u0abe\u0a82\u0aa5\u0ac0 \u0a86\u0ab5\u0aa4\u0ac1\u0a82 \u0aa8\u0aa5\u0ac0."},{"Verseid":"61001021","Verse":"\u0aa4\u0ac7\u0aa5\u0ac0 \u0a9c\u0ac1\u0aa0\u0acb \u0a95\u0acb\u0aa3 \u0a9b\u0ac7? \u0aa4\u0ac7 \u0a8f \u0ab5\u0acd\u0aaf\u0a95\u0acd\u0aa4\u0abf \u0a9b\u0ac7 \u0a9c\u0ac7 \u0a95\u0ab9\u0ac7 \u0a9b\u0ac7 \u0a95\u0ac7 \u0a88\u0ab8\u0ac1, \u0a96\u0acd\u0ab0\u0abf\u0ab8\u0acd\u0aa4 \u0aa8\u0aa5\u0ac0. \u0aa4\u0ac7 \u0a96\u0acd\u0ab0\u0abf\u0ab8\u0acd\u0aa4\u0ab5\u0abf\u0ab0\u0acb\u0aa7\u0ac0 \u0a9b\u0ac7. \u0aa4\u0ac7 \u0ab5\u0acd\u0aaf\u0a95\u0acd\u0aa4\u0abf \u0aaa\u0abf\u0aa4\u0abe\u0aae\u0abe\u0a82 \u0ab5\u0abf\u0ab6\u0acd\u0ab5\u0abe\u0ab8 \u0a95\u0ab0\u0aa4\u0acb \u0aa8\u0aa5\u0ac0. \u0a85\u0aa5\u0ab5\u0abe \u0aa4\u0ac7\u0aa8\u0abe \u0aaa\u0ac1\u0aa4\u0acd\u0ab0\u0aae\u0abe\u0a82 \u0ab5\u0abf\u0ab6\u0acd\u0ab5\u0abe\u0ab8 \u0a95\u0ab0\u0aa4\u0acb \u0aa8\u0aa5\u0ac0, \u0aa4\u0acb \u0aa4\u0ac7\u0aa8\u0ac7 \u0aac\u0abe\u0aaa \u0ab9\u0acb\u0aa4\u0acb \u0aa8\u0aa5\u0ac0, \u0aaa\u0ab0\u0a82\u0aa4\u0ac1 \u0a9c\u0ac7 \u0ab5\u0acd\u0aaf\u0a95\u0acd\u0aa4\u0abf \u0aaa\u0ac1\u0aa4\u0acd\u0ab0\u0aa8\u0ac7 \u0ab8\u0acd\u0ab5\u0ac0\u0a95\u0abe\u0ab0\u0ac7 \u0a9b\u0ac7 \u0aa4\u0acb \u0aa4\u0ac7\u0aa8\u0ac7 \u0aac\u0abe\u0aaa \u0aaa\u0aa3 \u0a9b\u0ac7."},{"Verseid":"61001022","Verse":"\u0aa4\u0aae\u0ac7 \u0a86\u0ab0\u0a82\u0aad\u0aa5\u0ac0 \u0a9c\u0ac7 \u0ab8\u0abe\u0a82\u0aad\u0ab3\u0acd\u0aaf\u0ac1\u0a82 \u0a9b\u0ac7 \u0aa4\u0ac7 \u0aa4\u0aae\u0abe\u0ab0\u0abe\u0aae\u0abe\u0a82 \u0ab0\u0ab9\u0acb,"},{"Verseid":"61001023","Verse":"\u0a86\u0ab0\u0a82\u0aad\u0aa5\u0ac0 \u0a9c\u0ac7 \u0aa4\u0aae\u0ac7 \u0ab8\u0abe\u0a82\u0aad\u0ab3\u0acd\u0aaf\u0ac1\u0a82 \u0a9b\u0ac7 \u0aa4\u0ac7 \u0a9c\u0acb \u0aa4\u0aae\u0abe\u0ab0\u0abe\u0aae\u0abe\u0a82 \u0ab0\u0ab9\u0ac7 \u0aa4\u0acb \u0aa4\u0aae\u0ac7 \u0aaa\u0aa3 \u0aaa\u0ac1\u0aa4\u0acd\u0ab0\u0aae\u0abe\u0a82 \u0aa4\u0aa5\u0abe \u0aaa\u0abf\u0aa4\u0abe\u0aae\u0abe \u0ab0\u0ab9\u0ac7\u0ab6\u0acb. \u0aa4\u0ac7\u0aa8\u0ac0 \u0a96\u0abe\u0aa4\u0ab0\u0ac0 \u0ab0\u0abe\u0a96\u0a9c\u0acb."},{"Verseid":"61001024","Verse":"\u0aaa\u0ac1\u0aa4\u0acd\u0ab0\u0a8f \u0a86\u0aaa\u0aa3\u0aa8\u0ac7 \u0a85\u0aa8\u0a82\u0aa4\u0a95\u0abe\u0ab3\u0aa8\u0ac1\u0a82 \u0a9c\u0ac0\u0ab5\u0aa8 \u0a86\u0aaa\u0ab5\u0abe\u0aa8\u0ac1\u0a82 \u0ab5\u0a9a\u0aa8 \u0a86\u0aaa\u0acd\u0aaf\u0ac1\u0a82 \u0a9b\u0ac7."},{"Verseid":"61001025","Verse":"\u0a9c\u0ac7 \u0ab2\u0acb\u0a95\u0acb \u0aa4\u0aae\u0aa8\u0ac7 \u0a96\u0acb\u0a9f\u0abe \u0ab0\u0ab8\u0acd\u0aa4\u0ac7 \u0aa6\u0acb\u0ab0\u0ab5\u0abe\u0aa8\u0acb \u0aaa\u0acd\u0ab0\u0aaf\u0aa4\u0acd\u0aa8 \u0a95\u0ab0\u0ac7 \u0a9b\u0ac7 \u0aa4\u0ac7 \u0ab2\u0acb\u0a95\u0acb \u0ab5\u0abf\u0ab7\u0ac7 \u0ab9\u0ac1\u0a82 \u0a86 \u0aaa\u0aa4\u0acd\u0ab0 \u0ab2\u0a96\u0ac1\u0a82 \u0a9b\u0ac1\u0a82"},{"Verseid":"61001026","Verse":"\u0a96\u0acd\u0ab0\u0abf\u0ab8\u0acd\u0aa4\u0ac7 \u0aa4\u0aae\u0abe\u0ab0\u0acb \u0a85\u0aad\u0abf\u0ab7\u0ac7\u0a95 \u0a95\u0aaf\u0acb \u0a9b\u0ac7 \u0aa4\u0ac7 \u0ab9\u0a9c\u0ac1 \u0aa4\u0aae\u0abe\u0ab0\u0ac0 \u0ab8\u0abe\u0aa5\u0ac7 \u0ab0\u0ab9\u0ac7 \u0a9b\u0ac7. \u0aa4\u0ac7\u0aa5\u0ac0 \u0aa4\u0aae\u0aa8\u0ac7 \u0a89\u0aaa\u0aa6\u0ac7\u0ab6\u0a95 \u0a86\u0aaa\u0ab5\u0abe \u0aae\u0abe\u0a9f\u0ac7 \u0a95\u0acb\u0a88 \u0ab5\u0acd\u0aaf\u0a95\u0acd\u0aa4\u0abf\u0aa8\u0ac0 \u0aa4\u0aae\u0aa8\u0ac7 \u0a9c\u0ab0\u0ac1\u0a82\u0ab0 \u0aa8\u0aa5\u0ac0. \u0aa4\u0aae\u0aa8\u0ac7 \u0a96\u0acd\u0ab0\u0abf\u0ab8\u0acd\u0aa4\u0ac7 \u0a86\u0aaa\u0ac7\u0ab2 \u0aad\u0ac7\u0a9f \u0aac\u0aa7\u0ac0 \u0aac\u0abe\u0aac\u0aa4\u0acb \u0ab5\u0abf\u0ab7\u0ac7 \u0ab6\u0ac0\u0a96\u0ab5\u0ac7 \u0a9b\u0ac7. \u0a86 \u0a85\u0aad\u0abf\u0ab7\u0ac7\u0a95 \u0a96\u0ab0\u0acb \u0a9b\u0ac7. \u0aa4\u0ac7 \u0a96\u0acb\u0a9f\u0acb \u0aa8\u0aa5\u0ac0. \u0aa4\u0ac7\u0aa5\u0ac0 \u0aa4\u0ac7\u0aa8\u0abe \u0a85\u0aad\u0abf\u0ab7\u0ac7\u0a95\u0ac7 \u0a9c\u0ac7 \u0ab6\u0ac0\u0a96\u0ab5\u0acd\u0aaf\u0ac1\u0a82 \u0a9b\u0ac7 \u0aa4\u0ac7 \u0aaa\u0acd\u0ab0\u0aae\u0abe\u0aa3\u0ac7 \u0a96\u0acd\u0ab0\u0abf\u0ab8\u0acd\u0aa4\u0aae\u0abe\u0a82 \u0a9c\u0ac0\u0ab5\u0ab5\u0abe\u0aa8\u0ac1\u0a82 \u0a9a\u0abe\u0ab2\u0ac1 \u0ab0\u0abe\u0a96\u0acb."},{"Verseid":"61001027","Verse":"\u0ab9\u0abe, \u0aae\u0abe\u0ab0\u0abe\u0a82 \u0aac\u0abe\u0ab3\u0a95\u0acb, \u0aa4\u0ac7\u0aa8\u0abe\u0aae\u0abe\u0a82 \u0a9c\u0ac0\u0ab5\u0acb. \u0a9c\u0acb \u0a86\u0aaa\u0aa3\u0ac7 \u0a86 \u0a95\u0ab0\u0ac0\u0ab6\u0ac1, \u0aa4\u0acb \u0a86\u0aaa\u0aa3\u0ac7 \u0a96\u0acd\u0ab0\u0abf\u0ab8\u0acd\u0aa4 \u0a88\u0ab8\u0ac1 \u0a9c\u0acd\u0aaf\u0abe\u0ab0\u0ac7 \u0aaa\u0abe\u0a9b\u0acb \u0a86\u0ab5\u0ab5\u0abe\u0aa8\u0acb \u0a9b\u0ac7 \u0aa4\u0ac7 \u0aa6\u0abf\u0ab5\u0ab8\u0ac7 \u0aa8\u0abf\u0ab0\u0acd\u0aad\u0aaf \u0aac\u0aa8\u0ac0\u0ab6\u0ac1\u0a82 \u0a9c\u0acd\u0aaf\u0abe\u0ab0\u0ac7 \u0aa4\u0ac7 \u0a86\u0ab5\u0ac7 \u0aa4\u0acd\u0aaf\u0abe\u0ab0\u0ac7 \u0a86\u0aaa\u0aa3\u0ac7 \u0a9b\u0ac1\u0aaa\u0abe\u0a88 \u0a9c\u0ab5\u0abe\u0aa8\u0ac0 \u0a95\u0ac7 \u0ab6\u0ab0\u0aae\u0abe\u0a88 \u0a9c\u0ab5\u0abe\u0aa8\u0ac0 \u0a9c\u0ab0\u0ac1\u0a82\u0ab0 \u0aa8\u0aa5\u0ac0."},{"Verseid":"61001028","Verse":"\u0aa4\u0aae\u0ac7 \u0a9c\u0abe\u0aa3\u0acb \u0a9b\u0acb \u0a95\u0ac7 \u0a88\u0ab8\u0ac1 \u0aa8\u0acd\u0aaf\u0abe\u0aaf\u0ac0 \u0a9b\u0ac7. \u0aa4\u0ac7\u0aa5\u0ac0 \u0aa4\u0aae\u0ac7 \u0a8f \u0aac\u0aa7\u0abe \u0ab2\u0acb\u0a95\u0acb\u0aa8\u0ac7 \u0a9c\u0abe\u0aa3\u0acb \u0a9b\u0acb \u0a9c\u0ac7 \u0ab8\u0abe\u0a9a\u0ac1\u0a82 \u0ab9\u0acb\u0aaf \u0aa4\u0ac7 \u0a9c \u0aa4\u0ac7 \u0a95\u0ab0\u0ac7 \u0a9b\u0ac7. \u0aa4\u0ac7 \u0aa6\u0ac7\u0ab5\u0aa8\u0abe\u0a82 \u0a9b\u0acb\u0a95\u0ab0\u0abe\u0a82 \u0a9b\u0ac7."}]},{"Verse":[{"Verseid":"61002000","Verse":"\u0aaa\u0abf\u0aa4\u0abe\u0a8f \u0a86\u0aaa\u0aa3\u0abe \u0aaa\u0ab0 \u0a95\u0ac7\u0a9f\u0ab2\u0acb \u0aac\u0aa7\u0acb \u0aaa\u0acd\u0ab0\u0ac7\u0aae \u0a95\u0aaf\u0acb \u0a9b\u0ac7! \u0a8f \u0a9c \u0aac\u0aa4\u0abe\u0ab5\u0ac7 \u0a9b\u0ac7 \u0a95\u0ac7 \u0aa4\u0ac7\u0aa3\u0ac7 \u0a86\u0aaa\u0aa3\u0aa8\u0ac7 \u0a95\u0ac7\u0a9f\u0ab2\u0acb \u0aaa\u0acd\u0ab0\u0ac7\u0aae \u0a95\u0aaf\u0acb \u0a9b\u0ac7! \u0a86\u0aaa\u0aa3\u0ac7 \u0aa6\u0ac7\u0ab5\u0aa8\u0abe\u0a82 \u0a9b\u0acb\u0a95\u0ab0\u0abe\u0a82 \u0a95\u0ab9\u0ac7\u0ab5\u0abe\u0a88\u0a8f \u0a9b\u0ac0\u0a8f \u0a85\u0aa8\u0ac7 \u0a96\u0ab0\u0ac7\u0a96\u0ab0 \u0a86\u0aaa\u0aa3\u0ac7 \u0aa4\u0ac7\u0aa8\u0abe\u0a82 \u0a9b\u0acb\u0a95\u0ab0\u0abe\u0a82 \u0a9b\u0ac0\u0a8f. \u0aaa\u0ab0\u0a82\u0aa4\u0ac1 \u0a9c\u0a97\u0aa4\u0aa8\u0abe\u0a82 \u0ab2\u0acb\u0a95\u0acb \u0ab8\u0aae\u0a9c\u0aa4\u0abe \u0aa8\u0aa5\u0ac0 \u0a95\u0ac7 \u0a86\u0aaa\u0aa3\u0ac7 \u0aa6\u0ac7\u0ab5\u0aa8\u0abe\u0a82 \u0a9b\u0acb\u0a95\u0ab0\u0abe\u0a82 \u0a9b\u0ac0\u0a8f, \u0a95\u0abe\u0ab0\u0aa3 \u0a95\u0ac7 \u0aa4\u0ac7\u0a93\u0a8f \u0aa4\u0ac7\u0aa8\u0ac7 \u0a93\u0ab3\u0a96\u0acd\u0aaf\u0acb \u0aa8\u0aa5\u0ac0."},{"Verseid":"61002001","Verse":"\u0ab5\u0acd\u0ab9\u0abe\u0ab2\u0abe \u0aae\u0abf\u0aa4\u0acd\u0ab0\u0acb, \u0ab9\u0ab5\u0ac7 \u0a86\u0aaa\u0aa3\u0ac7 \u0aa6\u0ac7\u0ab5\u0aa8\u0abe \u0a9b\u0acb\u0a95\u0ab0\u0abe \u0a9b\u0ac0\u0a8f. \u0a85\u0aa8\u0ac7 \u0aad\u0ab5\u0abf\u0ab7\u0acd\u0aaf\u0aae\u0abe\u0a82 \u0a86\u0aaa\u0aa3\u0ac7 \u0a95\u0ac7\u0ab5\u0abe \u0aa5\u0a88\u0ab6\u0ac1\u0a82 \u0aa4\u0ac7 \u0ab9\u0a9c\u0ac0 \u0ab8\u0ac1\u0aa7\u0ac0 \u0aaa\u0acd\u0ab0\u0a97\u0a9f \u0aa5\u0aaf\u0ac1\u0a82 \u0aa8\u0aa5\u0ac0. \u0aaa\u0aa3 \u0a86\u0aaa\u0aa3\u0ac7 \u0a9c\u0abe\u0aa3\u0ac0\u0a8f \u0a9b\u0ac0\u0a8f \u0a95\u0ac7 \u0a9c\u0acd\u0aaf\u0abe\u0ab0\u0ac7 \u0a88\u0ab8\u0ac1 \u0aab\u0ab0\u0ac0\u0aa5\u0ac0 \u0a86\u0ab5\u0ab6\u0ac7 \u0aa4\u0acd\u0aaf\u0abe\u0ab0\u0ac7 \u0a86\u0aaa\u0aa3\u0ac7 \u0a96\u0acd\u0ab0\u0abf\u0ab8\u0acd\u0aa4 \u0a9c\u0ac7\u0ab5\u0abe \u0aa5\u0a88\u0ab6\u0ac1\u0a82. \u0aa4\u0ac7 \u0a9c\u0ac7\u0ab5\u0acb \u0a9b\u0ac7 \u0aa4\u0ac7\u0ab5\u0acb \u0a86\u0aaa\u0aa3\u0ac7 \u0aa4\u0ac7\u0aa8\u0ac7 \u0a9c\u0acb\u0a88\u0ab6\u0ac1\u0a82."},{"Verseid":"61002002","Verse":"\u0a96\u0acd\u0ab0\u0abf\u0ab8\u0acd\u0aa4 \u0aaa\u0ab5\u0abf\u0aa4\u0acd\u0ab0 \u0a9b\u0ac7. \u0a85\u0aa8\u0ac7 \u0aaa\u0acd\u0ab0\u0aa4\u0acd\u0aaf\u0ac7\u0a95 \u0ab5\u0acd\u0aaf\u0a95\u0acd\u0aa4\u0abf \u0a9c\u0ac7\u0aa8\u0ac7 \u0a96\u0acd\u0ab0\u0abf\u0ab8\u0acd\u0aa4\u0aae\u0abe\u0a82 \u0a86\u0ab6\u0abe \u0a9b\u0ac7 \u0aa4\u0ac7 \u0aaa\u0acb\u0aa4\u0abe\u0aa8\u0ac0 \u0a9c\u0abe\u0aa4\u0aa8\u0ac7 \u0a96\u0acd\u0ab0\u0abf\u0ab8\u0acd\u0aa4 \u0a9c\u0ac7\u0ab5\u0ac0 \u0aaa\u0ab5\u0abf\u0aa4\u0acd\u0ab0 \u0ab0\u0abe\u0a96\u0ac7 \u0a9b\u0ac7."},{"Verseid":"61002003","Verse":"\u0a9c\u0acd\u0aaf\u0abe\u0ab0\u0ac7 \u0a95\u0acb\u0a88 \u0ab5\u0acd\u0aaf\u0a95\u0acd\u0aa4\u0abf \u0aaa\u0abe\u0aaa \u0a95\u0ab0\u0ac7 \u0a9b\u0ac7, \u0aa4\u0acd\u0aaf\u0abe\u0ab0\u0ac7 \u0aa4\u0ac7 \u0aa6\u0ac7\u0ab5\u0aa8\u0abe \u0aa8\u0abf\u0aaf\u0aae\u0aa8\u0ac7 \u0aa4\u0acb\u0aa1\u0ac7 \u0a9b\u0ac7. \u0ab9\u0abe, \u0aaa\u0abe\u0aaa \u0a95\u0ab0\u0ab5\u0ac1 \u0aa4\u0ac7 \u0aa6\u0ac7\u0ab5\u0aa8\u0abe \u0aa8\u0abf\u0aaf\u0aae \u0ab5\u0abf\u0ab0\u0ac1\u0a82\u0aa7\u0acd\u0aa7 \u0a9c\u0ac0\u0ab5\u0ab5\u0abe \u0a9c\u0ac7\u0ab5\u0ac1\u0a82 \u0a9b\u0ac7."},{"Verseid":"61002004","Verse":"\u0aa4\u0aae\u0ac7 \u0a9c\u0abe\u0aa3\u0acb \u0a9b\u0acb \u0a95\u0ac7 \u0a96\u0acd\u0ab0\u0abf\u0ab8\u0acd\u0aa4 \u0ab2\u0acb\u0a95\u0acb\u0aa8\u0abe\u0a82 \u0aaa\u0abe\u0aaa\u0acb\u0aa8\u0ac7 \u0aa6\u0ac2\u0ab0 \u0a95\u0ab0\u0ab5\u0abe \u0a86\u0ab5\u0acd\u0aaf\u0acb \u0ab9\u0aa4\u0acb. \u0a96\u0acd\u0ab0\u0abf\u0ab8\u0acd\u0aa4\u0aae\u0abe\u0a82 \u0a95\u0acb\u0a88 \u0aaa\u0abe\u0aaa \u0aa8\u0aa5\u0ac0."},{"Verseid":"61002005","Verse":"\u0aa4\u0ac7\u0aa5\u0ac0 \u0a9c\u0ac7 \u0ab5\u0acd\u0aaf\u0a95\u0acd\u0aa4\u0abf \u0a96\u0acd\u0ab0\u0abf\u0ab8\u0acd\u0aa4\u0aae\u0abe\u0a82 \u0a9c\u0ac0\u0ab5\u0ac7 \u0a9b\u0ac7 \u0aa4\u0ac7 \u0aaa\u0abe\u0aaa \u0a95\u0ab0\u0aa4\u0acb \u0aa8\u0aa5\u0ac0. \u0a9c\u0ac7 \u0a95\u0acb\u0a88 \u0ab5\u0acd\u0aaf\u0a95\u0acd\u0aa4\u0abf \u0aaa\u0abe\u0aaa \u0a95\u0ab0\u0ac7 \u0a9b\u0ac7, \u0aa4\u0ac7 \u0a96\u0ab0\u0ac7\u0a96\u0ab0 \u0a96\u0acd\u0ab0\u0abf\u0ab8\u0acd\u0aa4\u0aa8\u0ac7 \u0ab8\u0aae\u0a9c\u0acd\u0aaf\u0acb \u0aa8\u0aa5\u0ac0 \u0a85\u0aa8\u0ac7 \u0a95\u0aa6\u0ac0 \u0aa4\u0ac7\u0aa3\u0ac7 \u0a96\u0acd\u0ab0\u0abf\u0ab8\u0acd\u0aa4\u0aa8\u0ac7 \u0a93\u0ab3\u0a96\u0acd\u0aaf\u0acb \u0aa8\u0aa5\u0ac0."},{"Verseid":"61002006","Verse":"\u0ab5\u0ab9\u0abe\u0ab2\u0abe\u0a82 \u0aac\u0abe\u0ab3\u0a95\u0acb, \u0a95\u0acb\u0a88 \u0aa4\u0aae\u0aa8\u0ac7 \u0a96\u0acb\u0a9f\u0abe \u0ab0\u0ab8\u0acd\u0aa4\u0ac7 \u0aa6\u0acb\u0ab0\u0ac7 \u0aa8\u0ab9\u0abf. \u0a96\u0acd\u0ab0\u0abf\u0ab8\u0acd\u0aa4 \u0aa8\u0acd\u0aaf\u0abe\u0aaf\u0ac0 \u0a9b\u0ac7. \u0a96\u0acd\u0ab0\u0abf\u0ab8\u0acd\u0aa4\u0aa8\u0ac0 \u0a9c\u0ac7\u0aae \u0ab8\u0abe\u0ab0\u0abe \u0aa5\u0ab5\u0abe \u0aae\u0abe\u0a9f\u0ac7, \u0ab5\u0acd\u0aaf\u0a95\u0acd\u0aa4\u0abf\u0a8f \u0a9c\u0ac7 \u0aa8\u0acd\u0aaf\u0abe\u0aaf\u0ac0 \u0a9b\u0ac7 \u0aa4\u0ac7 \u0a95\u0ab0\u0ab5\u0ac1\u0a82 \u0a9c\u0acb\u0a88\u0a8f."},{"Verseid":"61002007","Verse":"\u0ab6\u0ac7\u0aa4\u0abe\u0aa8 \u0a86\u0ab0\u0a82\u0aad\u0a95\u0abe\u0ab3\u0aa5\u0ac0 \u0a9c \u0aaa\u0abe\u0aaa \u0a95\u0ab0\u0ac7 \u0a9b\u0ac7 \u0a9c\u0ac7 \u0ab5\u0acd\u0aaf\u0a95\u0acd\u0aa4\u0abf \u0aaa\u0abe\u0aaa \u0a95\u0ab0\u0ab5\u0abe\u0aa8\u0ac1\u0a82 \u0a9a\u0abe\u0ab2\u0ac1 \u0ab0\u0abe\u0a96\u0ac7 \u0a9b\u0ac7 \u0aa4\u0ac7 \u0ab6\u0ac7\u0aa4\u0abe\u0aa8\u0aa8\u0acb \u0a9b\u0ac7. \u0aa6\u0ac7\u0ab5\u0aa8\u0acb \u0aaa\u0ac1\u0aa4\u0acd\u0ab0 \u0ab6\u0ac7\u0aa4\u0abe\u0aa8\u0aa8\u0abe\u0a82 \u0a95\u0abe\u0aae\u0acb\u0aa8\u0acb \u0aa8\u0abe\u0ab6 \u0a95\u0ab0\u0ab5\u0abe \u0aae\u0abe\u0a9f\u0ac7 \u0a86\u0ab5\u0acd\u0aaf\u0acb."},{"Verseid":"61002008","Verse":"\u0a9c\u0acd\u0aaf\u0abe\u0ab0\u0ac7 \u0aa6\u0ac7\u0ab5 \u0a8f\u0a95 \u0ab5\u0acd\u0aaf\u0a95\u0acd\u0aa4\u0abf\u0aa8\u0ac7 \u0aa4\u0ac7\u0aa8\u0acb \u0aac\u0abe\u0ab3\u0a95 \u0aac\u0aa8\u0abe\u0ab5\u0ac7 \u0a9b\u0ac7, \u0aa4\u0acd\u0aaf\u0abe\u0ab0\u0ac7 \u0aa4\u0ac7 \u0ab5\u0acd\u0aaf\u0a95\u0acd\u0aa4\u0abf \u0aaa\u0abe\u0aaa \u0a95\u0ab0\u0ab5\u0abe\u0aa8\u0ac1\u0a82 \u0a9a\u0abe\u0ab2\u0ac1\u0a82 \u0ab0\u0abe\u0a96\u0aa4\u0acb \u0aa8\u0aa5\u0ac0. \u0ab6\u0abe \u0aae\u0abe\u0a9f\u0ac7? \u0a95\u0abe\u0ab0\u0aa3 \u0a95\u0ac7 \u0aa6\u0ac7\u0ab5\u0ac7 \u0aa4\u0ac7\u0aa8\u0abe\u0aae\u0abe\u0a82 \u0a9c\u0ac7 \u0aac\u0ac0\u0a9c \u0ab0\u0acb\u0aaa\u0acd\u0aaf\u0ac1\u0a82 \u0a9b\u0ac7 \u0aa4\u0ac7 \u0aa4\u0ac7\u0aa8\u0ac0 \u0a85\u0a82\u0aa6\u0ab0 \u0ab0\u0ab9\u0ac7 \u0a9b\u0ac7 \u0a85\u0aa8\u0ac7 \u0aa4\u0ac7 \u0aaa\u0abe\u0aaa \u0a95\u0ab0\u0ac0 \u0ab6\u0a95\u0aa4\u0acb \u0aa8\u0aa5\u0ac0. \u0a95\u0abe\u0ab0\u0aa3 \u0a95\u0ac7 \u0aa4\u0ac7 \u0aa6\u0ac7\u0ab5\u0aa5\u0ac0 \u0a9c\u0aa8\u0acd\u0aae\u0ac7\u0ab2\u0acb \u0a9b\u0ac7."},{"Verseid":"61002009","Verse":"\u0aa4\u0ac7\u0aa5\u0ac0 \u0a86\u0aaa\u0aa3\u0ac7 \u0a9c\u0acb\u0a88 \u0ab6\u0a95\u0ac0\u0a8f \u0a9b\u0ac0\u0a8f \u0a95\u0ac7 \u0aa6\u0ac7\u0ab5\u0aa8\u0abe\u0a82 \u0a9b\u0acb\u0a95\u0ab0\u0abe\u0a82 \u0a95\u0acb\u0aa3 \u0a9b\u0ac7. \u0ab5\u0ab3\u0ac0, \u0a86\u0aaa\u0aa3\u0ac7 \u0a9c\u0abe\u0aa3\u0ac0 \u0ab6\u0a95\u0ac0\u0a8f \u0a9b\u0ac0\u0a8f \u0a95\u0ac7 \u0ab6\u0ac7\u0aa4\u0abe\u0aa8\u0aa8\u0abe\u0a82 \u0a9b\u0acb\u0a95\u0ab0\u0abe\u0a82 \u0a95\u0acb\u0aa3 \u0a9b\u0ac7 \u0a9c\u0ac7 \u0ab2\u0acb\u0a95\u0acb \u0ab8\u0abe\u0a9a\u0ac1 \u0a9c\u0ac7 \u0a9b\u0ac7 \u0aa4\u0ac7 \u0a95\u0ab0\u0aa4\u0abe \u0aa8\u0aa5\u0ac0 \u0aa4\u0ac7 \u0aa6\u0ac7\u0ab5\u0aa8\u0abe\u0a82 \u0a9b\u0acb\u0a95\u0ab0\u0abe\u0a82 \u0aa8\u0aa5\u0ac0. \u0a85\u0aa8\u0ac7 \u0a9c\u0ac7 \u0ab5\u0acd\u0aaf\u0a95\u0acd\u0aa4\u0abf \u0aa4\u0ac7\u0aa8\u0abe \u0aad\u0abe\u0a88\u0aa8\u0ac7 \u0aaa\u0acd\u0ab0\u0ac7\u0aae \u0a95\u0ab0\u0aa4\u0acb \u0aa8\u0aa5\u0ac0. \u0aa4\u0ac7 \u0aaa\u0aa3 \u0aa6\u0ac7\u0ab5\u0aa8\u0ac1\u0a82 \u0aac\u0abe\u0ab3\u0a95 \u0aa8\u0aa5\u0ac0."},{"Verseid":"61002010","Verse":"\u0a86\u0ab0\u0a82\u0aad\u0aa5\u0ac0 \u0a9c\u0ac7 \u0a89\u0aaa\u0aa6\u0ac7\u0ab6 \u0aa4\u0aae\u0ac7 \u0ab8\u0abe\u0a82\u0aad\u0ab3\u0acd\u0aaf\u0acb \u0a9b\u0ac7 \u0aa4\u0ac7 \u0a86 \u0a9c \u0a9b\u0ac7: \u0a86\u0aaa\u0aa3\u0ac7 \u0a8f\u0a95 \u0aac\u0ac0\u0a9c\u0abe \u0aaa\u0ab0 \u0aaa\u0acd\u0ab0\u0ac7\u0aae \u0a95\u0ab0\u0ab5\u0acb \u0a9c\u0acb\u0a88\u0a8f."},{"Verseid":"61002011","Verse":"\u0a95\u0abe\u0a88\u0aa8 44 \u0a9c\u0ac7\u0ab5\u0abe \u0aa8 \u0aa5\u0abe\u0a93. \u0a95\u0abe\u0a88\u0aa8 \u0aa6\u0ac1\u0ab7\u0acd\u0a9f\u0aa8\u0acb \u0ab9\u0aa4\u0acb. \u0a95\u0abe\u0a88\u0aa8\u0ac7 \u0aa4\u0ac7\u0aa8\u0abe \u0aad\u0abe\u0a88 \u0ab9\u0abe\u0aac\u0ac7\u0ab2\u0aa8\u0ac7 \u0aae\u0abe\u0ab0\u0ac0 \u0aa8\u0abe\u0a96\u0acd\u0aaf\u0acb? \u0a95\u0abe\u0ab0\u0aa3 \u0a95\u0ac7 \u0a95\u0abe\u0a88\u0aa8\u0aa8\u0abe\u0a82 \u0a95\u0abe\u0aae\u0acb \u0aad\u0ac1\u0a82\u0aa1\u0abe\u0a82 \u0ab9\u0aa4\u0abe\u0a82 \u0a85\u0aa8\u0ac7 \u0aa4\u0ac7\u0aa8\u0abe \u0aad\u0abe\u0a88 \u0ab9\u0abe\u0aac\u0ac7\u0ab2\u0aa8\u0abe\u0a82\u0ae4 \u0a95\u0abe\u0aae\u0acb \u0ab8\u0abe\u0ab0\u0abe\u0a82 \u0ab9\u0aa4\u0abe\u0a82."},{"Verseid":"61002012","Verse":"\u0aad\u0abe\u0a88\u0a93 \u0a85\u0aa8\u0ac7 \u0aac\u0ab9\u0ac7\u0aa8\u0acb, \u0a86 \u0a9c\u0a97\u0aa4\u0aa8\u0abe \u0ab2\u0acb\u0a95\u0acb \u0a9c\u0acd\u0aaf\u0abe\u0ab0\u0ac7 \u0aa4\u0aae\u0aa8\u0ac7 \u0aa7\u0abf\u0a95\u0acd\u0a95\u0abe\u0ab0\u0ac7 \u0aa4\u0acd\u0aaf\u0abe\u0a82\u0ab0\u0ac7 \u0aa8\u0ab5\u0abe\u0a88 \u0aaa\u0abe\u0aae\u0ab6\u0acb \u0aa8\u0ab9\u0abf."},{"Verseid":"61002013","Verse":"\u0a86\u0aaa\u0aa3\u0ac7 \u0a9c\u0abe\u0aa3\u0ac0\u0a8f \u0a9b\u0ac0\u0a8f \u0a95\u0ac7 \u0a86\u0aaa\u0aa3\u0ac7 \u0aae\u0ab0\u0aa3\u0aae\u0abe\u0a82\u0aa5\u0ac0 \u0aa8\u0ac0\u0a95\u0ab3\u0ac0\u0aa8\u0ac7 \u0a9c\u0ac0\u0ab5\u0aa8\u0aae\u0abe\u0a82 \u0a86\u0ab5\u0acd\u0aaf\u0abe\u0a82 \u0a9b\u0ac0\u0a8f. \u0a86\u0aaa\u0aa3\u0ac7 \u0a86 \u0a9c\u0abe\u0aa3\u0ac0\u0a8f \u0a9b\u0ac0\u0a8f \u0a95\u0abe\u0ab0\u0aa3 \u0a95\u0ac7 \u0a86\u0aaa\u0aa3\u0ac7 \u0a86\u0aaa\u0aa3\u0abe \u0aad\u0abe\u0a88\u0a93 \u0a85\u0aa8\u0ac7 \u0aac\u0ab9\u0ac7\u0aa8\u0acb\u0aa8\u0ac7 \u0aaa\u0acd\u0ab0\u0ac7\u0aae \u0a95\u0ab0\u0ac0\u0a8f \u0a9b\u0ac0\u0a8f. \u0a9c\u0ac7 \u0ab5\u0acd\u0aaf\u0a95\u0acd\u0aa4\u0abf \u0aaa\u0acd\u0ab0\u0ac7\u0aae \u0a95\u0ab0\u0aa4\u0acb \u0aa8\u0aa5\u0ac0 \u0aa4\u0ac7 \u0ab9\u0a9c\u0ac1 \u0aae\u0ab0\u0aa3\u0aae\u0abe \u0a9b\u0ac7."},{"Verseid":"61002014","Verse":"\u0aaa\u0acd\u0ab0\u0aa4\u0acd\u0aaf\u0ac7\u0a95 \u0ab5\u0acd\u0aaf\u0a95\u0acd\u0aa4\u0abf \u0a9c\u0ac7 \u0aa4\u0ac7\u0aa8\u0abe \u0aad\u0abe\u0a88\u0aa8\u0acb \u0aa6\u0acd\u0ab0\u0ac7\u0ab7 \u0a95\u0ab0\u0ac7 \u0a9b\u0ac7 \u0aa4\u0ac7 \u0a96\u0ac1\u0aa8\u0ac0 \u0a9b\u0ac7. \u0a85\u0aa8\u0ac7 \u0aa4\u0aae\u0ac7 \u0a9c\u0abe\u0aa3\u0acb \u0a9b\u0acb \u0a95\u0ac7 \u0a95\u0acb\u0a88 \u0a96\u0ac1\u0aa8\u0ac0\u0aae\u0abe\u0a82 \u0a85\u0aa8\u0a82\u0aa4\u0a9c\u0ac0\u0ab5\u0aa8 \u0ab0\u0ab9\u0ac7\u0aa4\u0ac1\u0a82 \u0aa8\u0aa5\u0ac0."},{"Verseid":"61002015","Verse":"\u0a8f\u0aa5\u0ac0 \u0a86\u0aaa\u0aa3\u0ac7 \u0a9c\u0abe\u0aa3\u0ac0\u0a8f \u0a9b\u0ac0\u0a8f \u0a95\u0ac7 \u0ab8\u0abe\u0a9a\u0acb \u0aaa\u0acd\u0ab0\u0ac7\u0aae \u0ab6\u0ac1\u0a82 \u0a9b\u0ac7 \u0a88\u0ab8\u0ac1\u0a8f \u0aaa\u0acb\u0aa4\u0abe\u0aa8\u0acb \u0aaa\u0acd\u0ab0\u0abe\u0aa3 \u0a86\u0aaa\u0aa3\u0abe \u0aae\u0abe\u0a9f\u0ac7 \u0a86\u0aaa\u0acd\u0aaf\u0acb. \u0aa4\u0ac7\u0aa5\u0ac0 \u0a86\u0aaa\u0aa3\u0ac7 \u0a96\u0acd\u0ab0\u0abf\u0ab8\u0acd\u0aa4\u0aae\u0abe\u0a82 \u0a86\u0aaa\u0aa3\u0abe \u0aad\u0abe\u0a88\u0a93 \u0a85\u0aa8\u0ac7 \u0aac\u0ab9\u0ac7\u0aa8\u0acb \u0aae\u0abe\u0a9f\u0ac7 \u0a86\u0aaa\u0aa3\u0ac1\u0a82 \u0a9c\u0ac0\u0ab5\u0aa8 \u0ab8\u0aae\u0ab0\u0acd\u0aaa\u0aa3 \u0a95\u0ab0\u0ab5\u0ac1\u0a82 \u0a9c\u0acb\u0a88\u0a8f."},{"Verseid":"61002016","Verse":"\u0aa7\u0abe\u0ab0\u0acb \u0a95\u0ac7 \u0a8f\u0a95 \u0ab5\u0abf\u0ab6\u0acd\u0ab5\u0abe\u0ab8\u0ac0 \u0a95\u0ac7 \u0a9c\u0ac7 \u0a96\u0ac2\u0aac \u0aa7\u0aa8\u0ab5\u0abe\u0aa8 \u0ab9\u0acb\u0ab5\u0abe\u0aa5\u0ac0 \u0aa4\u0ac7\u0aa8\u0ac0 \u0aaa\u0abe\u0ab8\u0ac7 \u0a9c\u0ab0\u0ac1\u0a82\u0ab0\u0ac0 \u0aac\u0aa7\u0ac0 \u0a9c \u0ab5\u0ab8\u0acd\u0aa4\u0ac1\u0a93 \u0ab9\u0acb\u0aaf \u0a9b\u0ac7. \u0aa4\u0ac7 \u0a96\u0acd\u0ab0\u0abf\u0ab8\u0acd\u0aa4\u0aae\u0abe\u0a82 \u0aa4\u0ac7\u0aa8\u0abe \u0aad\u0abe\u0a88\u0aa8\u0ac7 \u0a9c\u0ac1\u0a8f \u0a9b\u0ac7 \u0a9c\u0ac7 \u0a97\u0ab0\u0ac0\u0aac \u0a9b\u0ac7 \u0a85\u0aa8\u0ac7 \u0aa4\u0ac7\u0aa8\u0ac0 \u0a9c\u0ab0\u0ac1\u0a82\u0ab0\u0ac0 \u0ab5\u0ab8\u0acd\u0aa4\u0ac1\u0a93 \u0aa4\u0ac7\u0aa8\u0ac0 \u0aaa\u0abe\u0ab8\u0ac7 \u0aa8\u0aa5\u0ac0. \u0aa4\u0acb \u0aaa\u0a9b\u0ac0 \u0a9c\u0acb \u0ab5\u0abf\u0ab6\u0acd\u0ab5\u0abe\u0ab8\u0ac0 \u0aaa\u0abe\u0ab8\u0ac7 \u0ab5\u0ab8\u0acd\u0aa4\u0ac1\u0a93 \u0ab9\u0acb\u0aaf \u0a85\u0aa8\u0ac7 \u0a97\u0ab0\u0ac0\u0aac \u0aa8\u0ac7 \u0aae\u0aa6\u0aa6 \u0aa8 \u0a95\u0ab0\u0ac7 \u0aa4\u0acb \u0ab6\u0ac1\u0a82? \u0aaa\u0a9b\u0ac0 \u0a9c\u0ac7 \u0ab5\u0abf\u0ab6\u0acd\u0ab5\u0abe\u0ab8\u0ac0 \u0aaa\u0abe\u0ab8\u0ac7 \u0a9c\u0ab0\u0ac1\u0a82\u0ab0\u0ac0 \u0ab5\u0ab8\u0acd\u0aa4\u0ac1\u0a93 \u0a9b\u0ac7 \u0aaa\u0ab0\u0a82\u0aa4\u0ac1 \u0aa4\u0ac7\u0aa8\u0abe \u0ab9\u0ac3\u0aa6\u0aaf\u0aae\u0abe\u0a82 \u0aa6\u0ac7\u0ab5\u0aa8\u0ac0 \u0aaa\u0acd\u0ab0\u0ac0\u0aa4\u0abf \u0ab9\u0acb\u0aa4\u0ac0 \u0aa8\u0aa5\u0ac0."},{"Verseid":"61002017","Verse":"\u0aae\u0abe\u0ab0\u0abe\u0a82 \u0aac\u0abe\u0ab3\u0a95\u0acb, \u0a86\u0aaa\u0aa3\u0acb \u0aaa\u0acd\u0ab0\u0ac7\u0aae \u0aab\u0a95\u0acd\u0aa4 \u0ab6\u0aac\u0acd\u0aa6\u0acb\u0aae\u0abe\u0a82 \u0a85\u0aa8\u0ac7 \u0ab5\u0abe\u0aa4\u0acb\u0aae\u0abe\u0a82 \u0ab9\u0acb\u0ab5\u0acb \u0a9c\u0acb\u0a88\u0a8f \u0aa8\u0ab9\u0ac0. \u0aa8\u0abe! \u0a86\u0aaa\u0aa3\u0acb \u0aaa\u0acd\u0ab0\u0ac7\u0aae \u0ab8\u0abe\u0a9a\u0acb \u0aaa\u0acd\u0ab0\u0ac7\u0aae \u0ab9\u0acb\u0ab5\u0acb \u0a9c\u0acb\u0a88\u0a8f. \u0a86\u0aaa\u0aa3\u0ac7 \u0a86\u0aaa\u0aa3\u0acb \u0aaa\u0acd\u0ab0\u0ac7\u0aae \u0a86\u0aaa\u0aa3\u0abe\u0a82 \u0a95\u0abe\u0ab0\u0acd\u0aaf\u0acb \u0aa6\u0acd\u0ab5\u0abe\u0ab0\u0abe \u0aa6\u0ab0\u0acd\u0ab6\u0abe\u0ab5\u0ab5\u0acb \u0a9c\u0acb\u0a88\u0a8f."},{"Verseid":"61002018","Verse":"\u0aa4\u0ac7\u0aa5\u0ac0 \u0a86 \u0a8f \u0a9c \u0ab0\u0ab8\u0acd\u0aa4\u0acb \u0a9b\u0ac7 \u0a9c\u0ac7 \u0a86\u0aaa\u0aa3\u0ac7 \u0a9c\u0abe\u0aa3\u0ac0\u0a8f \u0a9b\u0ac0\u0a8f \u0a95\u0ac7 \u0a86\u0aaa\u0aa3\u0ac7 \u0ab8\u0aa4\u0acd\u0aaf \u0aae\u0abe\u0ab0\u0acd\u0a97\u0aa8\u0abe \u0a9b\u0ac0\u0a8f. \u0a85\u0aa8\u0ac7 \u0a9c\u0acd\u0aaf\u0abe\u0ab0\u0ac7 \u0a86\u0aaa\u0aa3\u0ac7 \u0a86\u0aaa\u0aa3\u0ac1\u0a82 \u0ab9\u0ac3\u0aa6\u0aaf \u0aa6\u0acb\u0ab7\u0abf\u0aa4 \u0aa0\u0ab0\u0abe\u0ab5\u0ac7 \u0a9b\u0ac7, \u0a9b\u0aa4\u0abe\u0a82 \u0aa6\u0ac7\u0ab5 \u0a86\u0a97\u0ab3 \u0a86\u0aaa\u0aa3\u0aa8\u0ac7 \u0ab6\u0abe\u0a82\u0aa4\u0abf \u0aae\u0ab3\u0ac0 \u0ab6\u0a95\u0ac7 \u0a9b\u0ac7."},{"Verseid":"61002019","Verse":"\u0ab6\u0abe \u0aae\u0abe\u0a9f\u0ac7? \u0a95\u0abe\u0ab0\u0aa3 \u0a95\u0ac7 \u0aa6\u0ac7\u0ab5 \u0a86\u0aaa\u0aa3\u0abe \u0ab9\u0acd\u0ab0\u0aa6\u0aaf \u0a95\u0ab0\u0aa4\u0abe\u0a82 \u0aae\u0ab9\u0abe\u0aa8 \u0a9b\u0ac7. \u0aa4\u0ac7 \u0aa6\u0ac7\u0ab5 \u0aac\u0aa7\u0ac1\u0a82\u0a9c \u0a9c\u0abe\u0aa3\u0ac7 \u0a9b\u0ac7."},{"Verseid":"61002020","Verse":"\u0aae\u0abe\u0ab0\u0abe \u0ab5\u0ab9\u0abe\u0ab2\u0abe \u0aae\u0abf\u0aa4\u0acd\u0ab0\u0acb, \u0a9c\u0acb \u0a86\u0aaa\u0aa3\u0ac1\u0a82 \u0a85\u0a82\u0aa4:\u0a95\u0ab0\u0aa3 \u0a86\u0aaa\u0aa3\u0aa8\u0ac7 \u0aa6\u0acb\u0ab7\u0abf\u0aa4 \u0aa8 \u0aa0\u0ab0\u0abe\u0ab5\u0ac7 \u0aa4\u0acb \u0a9c\u0acd\u0aaf\u0abe\u0ab0\u0ac7 \u0a86\u0aaa\u0aa3\u0ac7 \u0aa6\u0ac7\u0ab5 \u0aaa\u0abe\u0ab8\u0ac7 \u0a86\u0ab5\u0ac0\u0a8f \u0a9b\u0ac0\u0a8f \u0aa4\u0acd\u0aaf\u0abe\u0ab0\u0ac7 \u0a86\u0aaa\u0aa3\u0ac7 \u0aa8\u0abf\u0ab0\u0acd\u0aad\u0aaf \u0aa5\u0a88 \u0ab6\u0a95\u0ac0\u0a8f \u0a9b\u0ac0\u0a8f."},{"Verseid":"61002021","Verse":"\u0a85\u0aa8\u0ac7 \u0aa6\u0ac7\u0ab5 \u0a86\u0aaa\u0aa3\u0aa8\u0ac7 \u0a86\u0aaa\u0aa3\u0ac7 \u0a9c\u0ac7 \u0aae\u0abe\u0a97\u0ac0\u0a8f \u0aa4\u0ac7 \u0a86\u0aaa\u0ac7 \u0a9b\u0ac7. \u0a86\u0aaa\u0aa3\u0ac7 \u0a86 \u0ab5\u0abe\u0aa8\u0abe\u0a82 \u0aaa\u0acd\u0ab0\u0abe\u0aaa\u0acd\u0aa4 \u0a95\u0ab0\u0ac0\u0a8f \u0a9b\u0ac0\u0a8f \u0a95\u0ac7\u0aae \u0a95\u0ac7 \u0a86\u0aaa\u0aa3\u0ac7 \u0aa6\u0ac7\u0ab5\u0aa8\u0ac0 \u0a86\u0a9c\u0acd\u0a9e\u0abe\u0a93\u0aa8\u0ac1\u0a82 \u0aaa\u0abe\u0ab2\u0aa8 \u0a95\u0ab0\u0ac0\u0a8f \u0a9b\u0ac0\u0a8f \u0a85\u0aa8\u0ac7 \u0a86\u0aaa\u0aa3\u0ac7 \u0aa6\u0ac7\u0ab5 \u0aaa\u0acd\u0ab0\u0ab8\u0aa8\u0acd\u0aa8 \u0aa5\u0abe\u0aaf \u0aa4\u0ac7\u0ab5\u0abe\u0a82 \u0a95\u0abe\u0aae\u0acb \u0a95\u0ab0\u0ac0\u0a8f \u0a9b\u0ac0\u0a8f."},{"Verseid":"61002022","Verse":"\u0aa6\u0ac7\u0ab5\u0ac7 \u0a86\u0aaa\u0aa3\u0aa8\u0ac7 \u0a9c\u0ac7 \u0a86\u0a9c\u0acd\u0a9e\u0abe \u0a95\u0ab0\u0ac0 \u0a9b\u0ac7 \u0aa4\u0ac7 \u0a86 \u0a9b\u0ac7 \u0a95\u0ac7, \u2018\u0a86\u0aaa\u0aa3\u0ac7 \u0aa4\u0ac7\u0aa8\u0abe \u0aaa\u0ac1\u0aa4\u0acd\u0ab0 \u0a88\u0ab8\u0ac1 \u0a96\u0acd\u0ab0\u0abf\u0ab8\u0acd\u0aa4\u0aae\u0abe\u0a82 \u0ab5\u0abf\u0ab6\u0acd\u0ab5\u0abe\u0ab8 \u0a95\u0ab0\u0ac0\u0a8f \u0a85\u0aa8\u0ac7 \u0a86\u0aaa\u0aa3\u0ac7 \u0a8f\u0a95\u0aac\u0ac0\u0a9c\u0abe\u0aa8\u0ac7 \u0aaa\u0acd\u0ab0\u0ac7\u0aae \u0a95\u0ab0\u0ac0\u0a8f.\u201d \u0aa4\u0ac7\u0aa3\u0ac7 \u0a9c\u0ac7 \u0a86\u0a9c\u0acd\u0a9e\u0abe \u0a95\u0ab0\u0ac0 \u0a9b\u0ac7 \u0aa4\u0ac7 \u0a86 \u0a9b\u0ac7."},{"Verseid":"61002023","Verse":"\u0aa4\u0ac7 \u0ab5\u0acd\u0aaf\u0a95\u0acd\u0aa4\u0abf \u0a9c\u0ac7 \u0aa6\u0ac7\u0ab5\u0aa8\u0ac0 \u0a86\u0a9c\u0acd\u0a9e\u0abe\u0a93\u0aa8\u0ac1 \u0aaa\u0abe\u0ab2\u0aa8 \u0a95\u0ab0\u0ac7 \u0a9b\u0ac7 \u0aa4\u0ac7 \u0aa6\u0ac7\u0ab5\u0aae\u0abe\u0a82 \u0ab0\u0ab9\u0ac7 \u0a9b\u0ac7. \u0a85\u0aa8\u0ac7 \u0aa6\u0ac7\u0ab5 \u0aa4\u0ac7 \u0ab5\u0acd\u0aaf\u0a95\u0acd\u0aa4\u0abf\u0aae\u0abe\u0a82 \u0ab0\u0ab9\u0ac7 \u0a9b\u0ac7. \u0a86\u0aaa\u0aa3\u0ac7 \u0a95\u0ac7\u0ab5\u0ac0 \u0ab0\u0ac0\u0aa4\u0ac7 \u0a9c\u0abe\u0aa3\u0ac0\u0a8f \u0a95\u0ac7 \u0aa6\u0ac7\u0ab5 \u0a86\u0aaa\u0aa3\u0abe\u0aae\u0abe\u0a82 \u0ab0\u0ab9\u0ac7 \u0a9b\u0ac7? \u0aa6\u0ac7\u0ab5\u0ac7 \u0a86\u0aaa\u0aa3\u0aa8\u0ac7 \u0a9c\u0ac7 \u0a86\u0aa4\u0acd\u0aae\u0abe \u0a86\u0aaa\u0acd\u0aaf\u0acb \u0a9b\u0ac7 \u0aa4\u0ac7\u0aa8\u0abe \u0a95\u0abe\u0ab0\u0aa3\u0ac7 \u0a86\u0aaa\u0aa3\u0ac7 \u0a9c\u0abe\u0aa3\u0ac0\u0a8f \u0a9b\u0ac0\u0a8f."}]},{"Verse":[{"Verseid":"61003000","Verse":"\u0aae\u0abe\u0ab0\u0abe \u0ab5\u0ab9\u0abe\u0ab2\u0abe \u0aae\u0abf\u0aa4\u0acd\u0ab0\u0acb, \u0ab9\u0aae\u0aa3\u0abe \u0a9c\u0a97\u0aa4\u0aae\u0abe\u0a82 \u0a98\u0aa3\u0abe \u0a9c\u0ac2\u0aa0\u0abe \u0aaa\u0acd\u0ab0\u0aac\u0acb\u0aa7\u0a95\u0acb \u0a9b\u0ac7. \u0aa4\u0ac7\u0aa5\u0ac0 \u0aaa\u0acd\u0ab0\u0aa4\u0acd\u0aaf\u0ac7\u0a95 \u0a86\u0aa4\u0acd\u0aae\u0abe\u0a93 \u0aaa\u0ab0 \u0ab5\u0abf\u0ab6\u0acd\u0ab5\u0abe\u0ab8 \u0a95\u0ab0\u0ab5\u0acb \u0aa8\u0ab9\u0abf \u0aaa\u0ab0\u0a82\u0aa4\u0ac1 \u0aa4\u0ac7 \u0a86\u0aa4\u0acd\u0aae\u0abe\u0a93 \u0aa6\u0ac7\u0ab5 \u0aaa\u0abe\u0ab8\u0ac7\u0aa5\u0ac0 \u0a9b\u0ac7 \u0a95\u0ac7 \u0aa8\u0ab9\u0abf \u0aa4\u0ac7 \u0aaa\u0abe\u0ab0\u0a96\u0ac0 \u0a9c\u0ac1\u0a93."},{"Verseid":"61003001","Verse":"\u0a8f\u0aa5\u0ac0 \u0aa4\u0aae\u0ac7 \u0aa6\u0ac7\u0ab5\u0aa8\u0acb \u0a86\u0aa4\u0acd\u0aae\u0abe \u0a93\u0ab3\u0a96\u0ac0 \u0ab6\u0a95\u0acb \u0a9b\u0acb. \u0a86\u0aa4\u0acd\u0aae\u0abe \u0a95\u0ab9\u0ac7 \u0a9b\u0ac7, \u201c\u0ab9\u0ac1\u0a82 \u0aae\u0abe\u0aa8\u0ac1 \u0a9b\u0ac1\u0a82 \u0a95\u0ac7 \u0a88\u0ab8\u0ac1 \u0aa4\u0ac7 \u0a96\u0acd\u0ab0\u0abf\u0ab8\u0acd\u0aa4 \u0a9b\u0ac7 \u0a9c\u0ac7 \u0aaa\u0ac3\u0aa5\u0acd\u0ab5\u0ac0 \u0aaa\u0ab0 \u0a86\u0ab5\u0acd\u0aaf\u0acb \u0a85\u0aa8\u0ac7 \u0aae\u0abe\u0aa8\u0ab5 \u0aac\u0aa8\u0acd\u0aaf\u0acb.\u201d \u0aa4\u0ac7 \u0a86\u0aa4\u0acd\u0aae\u0abe \u0aa6\u0ac7\u0ab5 \u0aa4\u0ab0\u0aab\u0aa5\u0ac0 \u0a9b\u0ac7."},{"Verseid":"61003002","Verse":"\u0aac\u0ac0\u0a9c\u0abe \u0a86\u0aa4\u0acd\u0aae\u0abe\u0a8f \u0a88\u0ab8\u0ac1 \u0ab5\u0abf\u0ab7\u0ac7 \u0a86 \u0a95\u0ab9\u0ac7\u0ab5\u0abe\u0aa8\u0ac0 \u0aa8\u0abe \u0aaa\u0abe\u0aa1\u0ac0. \u0aa4\u0ac7 \u0a86\u0aa4\u0acd\u0aae\u0abe \u0aa6\u0ac7\u0ab5 \u0aa4\u0ab0\u0aab\u0aa5\u0ac0 \u0aa8\u0aa5\u0ac0. \u0a86 \u0a86\u0aa4\u0acd\u0aae\u0abe \u0a96\u0acd\u0ab0\u0abf\u0ab8\u0acd\u0aa4\u0abf\u0ab5\u0abf\u0ab0\u0acb\u0aa7\u0ac0\u0aa8\u0acb \u0a9b\u0ac7. \u0aa4\u0aae\u0ac7 \u0ab8\u0abe\u0aad\u0ab3\u0acd\u0aaf\u0ac1\u0a82 \u0a9b\u0ac7 \u0a95\u0ac7 \u0a96\u0acd\u0ab0\u0abf\u0ab8\u0acd\u0aa4\u0ab5\u0abf\u0ab0\u0acb\u0aa7\u0ac0 \u0a86\u0ab5\u0ac7 \u0a9b\u0ac7. \u0a85\u0aa8\u0ac7 \u0ab9\u0ab5\u0ac7 \u0aa4\u0ac7 \u0a96\u0acd\u0ab0\u0abf\u0ab8\u0acd\u0aa4\u0ab5\u0abf\u0ab0\u0acb\u0aa7\u0ac0 \u0a9c\u0a97\u0aa4\u0aae\u0abe\u0a82 \u0a9b\u0ac7."},{"Verseid":"61003003","Verse":"\u0aae\u0abe\u0ab0\u0abe\u0a82 \u0ab5\u0acd\u0ab9\u0abe\u0ab2\u0abe\u0a82 \u0aac\u0abe\u0ab3\u0a95\u0acb, \u0aa4\u0aae\u0ac7 \u0aa6\u0ac7\u0ab5\u0aa8\u0abe \u0a9b\u0acb. \u0aa4\u0ac7\u0aa5\u0ac0 \u0aa4\u0aae\u0ac7 \u0a9c\u0ac2\u0aa0\u0abe \u0aaa\u0acd\u0ab0\u0aac\u0acb\u0aa7\u0a95\u0acb \u0aa8\u0ac7 \u0ab9\u0ab0\u0abe\u0ab5\u0acd\u0aaf\u0abe \u0a9b\u0ac7. \u0ab6\u0abe \u0aae\u0abe\u0a9f\u0ac7? \u0a95\u0abe\u0ab0\u0aa3 \u0a95\u0ac7 (\u0aa6\u0ac7\u0ab5) \u0a9c\u0ac7 \u0aa4\u0aae\u0abe\u0ab0\u0abe\u0aae\u0abe\u0a82 \u0a9b\u0ac7 \u0aa4\u0ac7 (\u0ab6\u0ac7\u0aa4\u0abe\u0aa8) \u0a9c\u0ac7 \u0a9c\u0a97\u0aa4\u0aa8\u0abe \u0ab2\u0acb\u0a95\u0acb\u0aae\u0abe \u0a9b\u0ac7 \u0aa4\u0ac7\u0aa8\u0abe \u0a95\u0ab0\u0aa4\u0abe\u0a82 \u0ab5\u0aa7\u0abe\u0ab0\u0ac7 \u0aae\u0acb\u0a9f\u0acb \u0a9b\u0ac7."},{"Verseid":"61003004","Verse":"\u0a85\u0aa8\u0ac7 \u0aaa\u0ac7\u0ab2\u0abe \u0ab2\u0acb\u0a95\u0acb (\u0a9c\u0ac2\u0aa0\u0abe \u0aaa\u0acd\u0ab0\u0aac\u0acb\u0aa7\u0a95\u0acb) \u0a9c\u0a97\u0aa4\u0aa8\u0abe \u0a9b\u0ac7. \u0aa4\u0ac7\u0aa5\u0ac0 \u0a9c\u0ac7 \u0ab5\u0abe\u0aa4\u0acb \u0aa4\u0ac7\u0a93 \u0a95\u0ab9\u0ac7 \u0a9b\u0ac7 \u0aa4\u0ac7 \u0a9c\u0a97\u0aa4\u0aa8\u0ac0 \u0a9b\u0ac7. \u0a85\u0aa8\u0ac7 \u0a9c\u0a97\u0aa4 \u0aa4\u0ac7\u0a93 \u0a9c\u0ac7 \u0a95\u0ab9\u0ac7 \u0a9b\u0ac7 \u0aa4\u0ac7 \u0aa7\u0acd\u0aaf\u0abe\u0aa8\u0aa5\u0ac0 \u0ab8\u0abe\u0a82\u0aad\u0ab3\u0ac7 \u0a9b\u0ac7."},{"Verseid":"61003005","Verse":"\u0aaa\u0aa3 \u0a86\u0aaa\u0aa3\u0ac7 \u0aa6\u0ac7\u0ab5\u0aa8\u0abe \u0a9b\u0ac0\u0a8f. \u0aa4\u0ac7\u0aa5\u0ac0 \u0a9c\u0ac7 \u0ab2\u0acb\u0a95\u0acb \u0aa6\u0ac7\u0ab5\u0aa8\u0ac7 \u0a9c\u0abe\u0aa3\u0ac7 \u0a9b\u0ac7 \u0aa4\u0ac7\u0a93 \u0a86\u0aaa\u0aa3\u0aa8\u0ac7 \u0aa7\u0acd\u0aaf\u0abe\u0aa8\u0aa5\u0ac0 \u0ab8\u0abe\u0a82\u0aad\u0ab3\u0ac7 \u0a9b\u0ac7. \u0aaa\u0ab0\u0a82\u0aa4\u0ac1 \u0a9c\u0ac7 \u0ab2\u0acb\u0a95\u0acb \u0aa6\u0ac7\u0ab5\u0aa8\u0abe \u0aa8\u0aa5\u0ac0 \u0aa4\u0ac7\u0a93 \u0a86\u0aaa\u0aa3\u0aa8\u0ac7 \u0ab8\u0abe\u0a82\u0aad\u0ab3\u0aa4\u0abe \u0aa8\u0aa5\u0ac0. \u0a86 \u0ab0\u0ac0\u0aa4\u0ac7 \u0a86\u0aaa\u0aa3\u0ac7 \u0ab8\u0aa4\u0acd\u0aaf\u0aa8\u0abe \u0a86\u0aa4\u0acd\u0aae\u0abe\u0a93\u0aa8\u0ac7 \u0aad\u0acd\u0ab0\u0abe\u0a82\u0aa4\u0abf\u0aa8\u0abe \u0a86\u0aa4\u0acd\u0aae\u0abe\u0a93\u0aa5\u0ac0 \u0a9c\u0ac2\u0aa6\u0abe \u0aa4\u0abe\u0ab0\u0ab5\u0ac0 \u0ab6\u0a95\u0ac0\u0a8f \u0a9b\u0ac0\u0a8f."},{"Verseid":"61003006","Verse":"\u0ab5\u0ab9\u0abe\u0ab2\u0abe \u0aae\u0abf\u0aa4\u0acd\u0ab0\u0acb, \u0a86\u0aaa\u0aa3\u0ac7 \u0a8f\u0a95\u0aac\u0ac0\u0a9c\u0abe\u0aa8\u0ac7 \u0aaa\u0acd\u0ab0\u0ac7\u0aae \u0a95\u0ab0\u0ab5\u0acb \u0a9c\u0acb\u0a88\u0a8f, \u0a95\u0abe\u0ab0\u0aa3 \u0a95\u0ac7 \u0aaa\u0acd\u0ab0\u0ac7\u0aae \u0aa6\u0ac7\u0ab5 \u0aaa\u0abe\u0ab8\u0ac7\u0aa5\u0ac0 \u0a86\u0ab5\u0ac7 \u0a9b\u0ac7. \u0a9c\u0ac7 \u0ab5\u0acd\u0aaf\u0a95\u0acd\u0aa4\u0abf \u0aaa\u0acd\u0ab0\u0ac7\u0aae \u0a95\u0ab0\u0ac7 \u0a9b\u0ac7 \u0aa4\u0ac7 \u0aa6\u0ac7\u0ab5\u0aa8\u0ac1 \u0aac\u0abe\u0ab3\u0a95 \u0aac\u0aa8\u0ac7 \u0a9b\u0ac7 \u0a85\u0aa8\u0ac7 \u0aa6\u0ac7\u0ab5\u0aa8\u0ac7 \u0a93\u0ab3\u0a96\u0ac7 \u0a9b\u0ac7."},{"Verseid":"61003007","Verse":"\u0a9c\u0ac7 \u0ab5\u0acd\u0aaf\u0a95\u0acd\u0aa4\u0abf \u0aaa\u0acd\u0ab0\u0ac7\u0aae \u0a95\u0ab0\u0aa4\u0acb \u0aa8\u0aa5\u0ac0 \u0aa4\u0ac7 \u0aa6\u0ac7\u0ab5\u0aa8\u0ac7 \u0a86\u0ab3\u0a96\u0aa4\u0acb \u0aa8\u0aa5\u0ac0 \u0a95\u0ac7\u0aae \u0a95\u0ac7 \u0aa6\u0ac7\u0ab5 \u0aaa\u0acd\u0ab0\u0ac7\u0aae \u0a9b\u0ac7."},{"Verseid":"61003008","Verse":"\u0a86 \u0ab0\u0ac0\u0aa4\u0ac7 \u0aa6\u0ac7\u0ab5\u0ac7 \u0aa4\u0ac7\u0aa8\u0acb \u0aaa\u0acd\u0ab0\u0ac7\u0aae \u0a86\u0aaa\u0aa3\u0aa8\u0ac7 \u0aac\u0aa4\u0abe\u0ab5\u0acd\u0aaf\u0acb \u0a9b\u0ac7: \u0aa6\u0ac7\u0ab5\u0ac7 \u0aa4\u0ac7\u0aa8\u0abe \u0a8f\u0a95 \u0aae\u0abe\u0aa4\u0acd\u0ab0 \u0aaa\u0ac1\u0aa4\u0acd\u0ab0\u0aa8\u0ac7 \u0aa4\u0ac7\u0aa8\u0abe \u0aae\u0abe\u0ab0\u0aab\u0aa4 \u0a86\u0aaa\u0aa3\u0aa8\u0ac7 \u0a9c\u0ac0\u0ab5\u0aa8 \u0a86\u0aaa\u0ab5\u0abe \u0aae\u0abe\u0a9f\u0ac7 \u0a86 \u0aa6\u0ac1\u0aa8\u0abf\u0aaf\u0abe\u0aae\u0abe\u0a82 \u0aae\u0acb\u0a95\u0ab2\u0acd\u0aaf\u0acb \u0a9b\u0ac7."},{"Verseid":"61003009","Verse":"\u0ab8\u0abe\u0a9a\u0acb \u0aaa\u0acd\u0ab0\u0ac7\u0aae \u0a8f \u0aa6\u0ac7\u0ab5\u0aa8\u0acb \u0a86\u0aaa\u0aa3\u0abe \u0aaa\u0acd\u0ab0\u0aa4\u0acd\u0aaf\u0ac7\u0aa8\u0acb \u0aaa\u0acd\u0ab0\u0ac7\u0aae \u0a9b\u0ac7, \u0a86\u0aaa\u0aa3\u0ac7 \u0aa6\u0ac7\u0ab5 \u0aaa\u0ab0 \u0aaa\u0acd\u0ab0\u0ac7\u0aae \u0ab0\u0abe\u0a96\u0acd\u0aaf\u0acb \u0a8f\u0aae \u0aa8\u0ab9\u0abf. \u0aaa\u0aa3 \u0aa4\u0ac7\u0aa3\u0ac7 \u0a86\u0aaa\u0aa3\u0abe \u0aaa\u0ab0 \u0aaa\u0acd\u0ab0\u0ac7\u0aae \u0ab0\u0abe\u0a96\u0acd\u0aaf\u0acb \u0a85\u0aa8\u0ac7 \u0aaa\u0acb\u0aa4\u0abe\u0aa8\u0abe \u0aaa\u0ac1\u0aa4\u0acd\u0ab0\u0aa8\u0ac7 \u0a86\u0aaa\u0aa3\u0abe\u0a82 \u0aaa\u0abe\u0aaa\u0aa8\u0ac1\u0a82 \u0aaa\u0acd\u0ab0\u0abe\u0aaf\u0ab6\u0acd\u0a9a\u0abf\u0aa4 \u0aa5\u0ab5\u0abe \u0aae\u0abe\u0a9f\u0ac7 \u0aae\u0acb\u0a95\u0ab2\u0acd\u0aaf\u0acb \u0a8f\u0aae\u0abe\u0a82 \u0aaa\u0acd\u0ab0\u0ac7\u0aae \u0a9b\u0ac7."},{"Verseid":"61003010","Verse":"\u0a9c\u0acb \u0aa6\u0ac7\u0ab5\u0ac7 \u0a86\u0aaa\u0aa3\u0aa8\u0ac7 \u0a86\u0a9f\u0ab2\u0acb \u0aac\u0aa7\u0acb \u0aaa\u0acd\u0ab0\u0ac7\u0aae \u0a86\u0aaa\u0acd\u0aaf\u0acb \u0aa4\u0acb, \u0ab5\u0ab9\u0abe\u0ab2\u0abe \u0aae\u0abf\u0aa4\u0acd\u0ab0\u0acb! \u0aa4\u0ac7\u0aa5\u0ac0 \u0a86\u0aaa\u0aa3\u0ac7 \u0aaa\u0aa3 \u0a8f\u0a95\u0aac\u0ac0\u0a9c\u0abe\u0aa8\u0ac7 \u0aaa\u0acd\u0ab0\u0ac7\u0aae \u0a95\u0ab0\u0ab5\u0acb \u0a9c\u0acb\u0a88\u0a8f."},{"Verseid":"61003011","Verse":"\u0a95\u0acb\u0a88 \u0ab5\u0acd\u0aaf\u0a95\u0acd\u0aa4\u0abf\u0a8f \u0ab9\u0a9c\u0ac1 \u0ab8\u0ac1\u0aa7\u0ac0 \u0aa6\u0ac7\u0ab5\u0aa8\u0ac7 \u0a9c\u0acb\u0aaf\u0acb \u0aa8\u0aa5\u0ac0. \u0aaa\u0aa3 \u0a9c\u0acb \u0a86\u0aaa\u0aa3\u0ac7 \u0a8f\u0a95\u0aac\u0ac0\u0a9c\u0abe\u0aa8\u0ac7 \u0aaa\u0acd\u0ab0\u0ac7\u0aae \u0a95\u0ab0\u0ac0\u0ab6\u0ac1\u0a82, \u0aa4\u0acb \u0aa6\u0ac7\u0ab5 \u0a86\u0aaa\u0aa3\u0abe\u0aae\u0abe\u0a82 \u0ab0\u0ab9\u0ac7 \u0a9b\u0ac7. \u0a9c\u0acb \u0a86\u0aaa\u0aa3\u0ac7 \u0a8f\u0a95\u0aac\u0ac0\u0a9c\u0abe\u0aa8\u0ac7 \u0aaa\u0acd\u0ab0\u0ac7\u0aae \u0a95\u0ab0\u0ac0\u0a8f, \u0aa4\u0acb \u0aa6\u0ac7\u0ab5\u0aa8\u0acb \u0aaa\u0acd\u0ab0\u0ac7\u0aae \u0a86\u0aaa\u0aa3\u0abe\u0aae\u0abe\u0a82 \u0ab8\u0a82\u0aaa\u0ac2\u0aa3\u0ac5 \u0aa5\u0aaf\u0ac7\u0ab2\u0acb \u0a9b\u0ac7."},{"Verseid":"61003012","Verse":"\u0a86\u0aaa\u0aa3\u0ac7 \u0a9c\u0abe\u0aa3\u0ac0\u0a8f \u0a9b\u0ac0\u0a8f \u0a95\u0ac7 \u0a86\u0aaa\u0aa3\u0ac7 \u0aa6\u0ac7\u0ab5\u0aae\u0abe\u0a82 \u0ab0\u0ab9\u0ac0\u0a8f \u0a9b\u0ac0\u0a8f \u0a85\u0aa8\u0ac7 \u0aa6\u0ac7\u0ab5 \u0a86\u0aaa\u0aa3\u0abe\u0aae\u0abe\u0a82 \u0ab0\u0ab9\u0ac7 \u0a9b\u0ac7. \u0a86\u0aaa\u0aa3\u0ac7 \u0a86 \u0a9c\u0abe\u0aa3\u0ac0\u0a8f \u0a9b\u0ac0\u0a8f \u0a95\u0ac7\u0aae \u0a95\u0ac7 \u0aa6\u0ac7\u0ab5\u0ac7 \u0a86\u0aaa\u0aa3\u0aa8\u0ac7 \u0aa4\u0ac7\u0aa8\u0acb \u0a86\u0aa4\u0acd\u0aae\u0abe \u0a86\u0aaa\u0acd\u0aaf\u0acb \u0a9b\u0ac7."},{"Verseid":"61003013","Verse":"\u0a85\u0aae\u0ac7 \u0a9c\u0acb\u0aaf\u0ac1\u0a82 \u0a9b\u0ac7 \u0a95\u0ac7 \u0aaa\u0abf\u0aa4\u0abe\u0a8f \u0aa4\u0ac7\u0aa8\u0abe \u0aaa\u0ac1\u0aa4\u0acd\u0ab0\u0aa8\u0ac7 \u0a9c\u0a97\u0aa4\u0aa8\u0acb \u0aa4\u0abe\u0ab0\u0aa8\u0abe\u0ab0 \u0aa5\u0ab5\u0abe \u0aae\u0acb\u0a95\u0ab2\u0acd\u0aaf\u0acb \u0a9b\u0ac7. \u0ab9\u0ab5\u0ac7 \u0a86\u0aaa\u0aa3\u0ac7 \u0ab2\u0acb\u0a95\u0acb\u0aa8\u0ac7 \u0a9c\u0ac7 \u0a95\u0ab9\u0ac0\u0a8f \u0a9b\u0ac0\u0a8f \u0aa4\u0ac7 \u0a86 \u0a9b\u0ac7."},{"Verseid":"61003014","Verse":"\u0a9c\u0acb \u0a95\u0acb\u0a88 \u0ab5\u0acd\u0aaf\u0a95\u0acd\u0aa4\u0abf \u0a95\u0ab9\u0ac7 \u0a95\u0ac7, \u201c\u0aae\u0aa8\u0ac7 \u0ab5\u0abf\u0ab6\u0acd\u0ab5\u0abe\u0ab8 \u0a9b\u0ac7 \u0a95\u0ac7 \u0a88\u0ab8\u0ac1 \u0aa6\u0ac7\u0ab5\u0aa8\u0acb \u0aaa\u0ac1\u0aa4\u0acd\u0ab0 \u0a9b\u0ac7.\u201d \u0aa4\u0acb \u0aa6\u0ac7\u0ab5 \u0aa4\u0ac7 \u0ab5\u0acd\u0aaf\u0a95\u0acd\u0aa4\u0abf\u0aae\u0abe\u0a82 \u0ab0\u0ab9\u0ac7 \u0a9b\u0ac7. \u0a85\u0aa8\u0ac7 \u0aa4\u0ac7 \u0ab5\u0acd\u0aaf\u0a95\u0acd\u0aa4\u0abf \u0aa6\u0ac7\u0ab5\u0aae\u0abe\u0a82 \u0ab0\u0ab9\u0ac7 \u0a9b\u0ac7."},{"Verseid":"61003015","Verse":"\u0a85\u0aa8\u0ac7 \u0aa4\u0ac7\u0aa5\u0ac0 \u0a86\u0aaa\u0aa3\u0ac7 \u0a9c\u0abe\u0aa3\u0ac0\u0a8f \u0a9b\u0ac0\u0a8f \u0a95\u0ac7 \u0aa6\u0ac7\u0ab5\u0ac7 \u0a86\u0aaa\u0aa3\u0aa8\u0ac7 \u0a95\u0ac7\u0a9f\u0ab2\u0acb \u0aac\u0aa7\u0acb \u0aaa\u0acd\u0ab0\u0ac7\u0aae \u0a86\u0aaa\u0acd\u0aaf\u0acb \u0a9b\u0ac7. \u0a85\u0aa8\u0ac7 \u0a86\u0aaa\u0aa3\u0ac7 \u0aa4\u0ac7 \u0aaa\u0acd\u0ab0\u0ac7\u0aae \u0aaa\u0ab0 \u0ab5\u0abf\u0ab6\u0acd\u0ab5\u0abe\u0ab8 \u0a95\u0ab0\u0acd\u0aaf\u0acb \u0a9b\u0ac7. \u0aa6\u0ac7\u0ab5 \u0aaa\u0acd\u0ab0\u0ac7\u0aae \u0a9b\u0ac7. \u0a9c\u0ac7 \u0ab5\u0acd\u0aaf\u0a95\u0acd\u0aa4\u0abf \u0aaa\u0acd\u0ab0\u0ac7\u0aae\u0aae\u0abe\u0a82 \u0ab0\u0ab9\u0ac7 \u0a9b\u0ac7 \u0aa4\u0ac7 \u0aa6\u0ac7\u0ab5\u0aae\u0abe\u0a82 \u0ab0\u0ab9\u0ac7 \u0a9b\u0ac7, \u0a85\u0aa8\u0ac7 \u0aa6\u0ac7\u0ab5 \u0aa4\u0ac7 \u0ab5\u0acd\u0aaf\u0a95\u0acd\u0aa4\u0abf\u0aae\u0abe\u0a82 \u0ab0\u0ab9\u0ac7 \u0a9b\u0ac7."},{"Verseid":"61003016","Verse":"\u0a9c\u0acb \u0aa6\u0ac7\u0ab5\u0aa8\u0acb \u0aaa\u0acd\u0ab0\u0ac7\u0aae \u0a86\u0aaa\u0aa3\u0abe\u0aae\u0abe\u0a82 \u0ab8\u0a82\u0aaa\u0ac2\u0ab0\u0acd\u0aa3 \u0aa5\u0abe\u0aaf \u0aa4\u0acb, \u0aaa\u0a9b\u0ac0 \u0a9c\u0acd\u0aaf\u0abe\u0ab0\u0ac7 \u0aa6\u0ac7\u0ab5 \u0a86\u0aaa\u0aa3\u0acb \u0aa8\u0acd\u0aaf\u0abe\u0aaf \u0a95\u0ab0\u0ab6\u0ac7 \u0aa4\u0ac7 \u0aa6\u0abf\u0ab5\u0ab8\u0ac7 \u0a86\u0aaa\u0aa3\u0ac7 \u0aad\u0aaf\u0ab0\u0ab9\u0abf\u0aa4 \u0ab0\u0ab9\u0ac0 \u0ab6\u0a95\u0ac0\u0ab6\u0ac1\u0a82 \u0a86\u0aaa\u0aa3\u0ac7 \u0aa8\u0abf\u0ab0\u0acd\u0aad\u0aaf \u0ab0\u0ab9\u0ac0\u0ab6\u0ac1\u0a82, \u0a95\u0abe\u0ab0\u0aa3 \u0a95\u0ac7 \u0a86 \u0a9c\u0a97\u0aa4\u0aae\u0abe\u0a82 \u0a86\u0aaa\u0aa3\u0ac7 \u0aa4\u0ac7\u0aa8\u0abe (\u0a96\u0acd\u0ab0\u0abf\u0ab8\u0acd\u0aa4 \u0a95\u0ac7 \u0aa6\u0ac7\u0ab5) \u0a9c\u0ac7\u0ab5\u0abe \u0a9b\u0ac0\u0a8f."},{"Verseid":"61003017","Verse":"\u0a9c\u0acd\u0aaf\u0abe\u0a82 \u0aa6\u0ac7\u0ab5\u0aa8\u0acb \u0aaa\u0acd\u0ab0\u0ac7\u0aae \u0a9b\u0ac7, \u0aa4\u0acd\u0aaf\u0abe\u0a82 \u0aad\u0aaf \u0aa8\u0aa5\u0ac0. \u0ab6\u0abe \u0aae\u0abe\u0a9f\u0ac7? \u0a95\u0abe\u0ab0\u0aa3 \u0a95\u0ac7 \u0aa6\u0ac7\u0ab5\u0aa8\u0acb \u0ab8\u0a82\u0aaa\u0ac2\u0ab0\u0acd\u0aa3 \u0aaa\u0acd\u0ab0\u0ac7\u0aae \u0aad\u0aaf \u0aa6\u0ac2\u0ab0 \u0a95\u0ab0\u0ac7 \u0a9b\u0ac7. \u0aa6\u0ac7\u0ab5\u0aa8\u0ac0 \u0ab6\u0abf\u0a95\u0acd\u0ab7\u0abe \u0ab5\u0acd\u0aaf\u0a95\u0acd\u0aa4\u0abf\u0aa8\u0ac7 \u0aad\u0aaf\u0aad\u0ac0\u0aa4 \u0aac\u0aa8\u0abe\u0ab5\u0ac7 \u0a9b\u0ac7. \u0aa4\u0ac7\u0aa5\u0ac0 \u0a9c\u0ac7 \u0ab5\u0acd\u0aaf\u0a95\u0acd\u0aa4\u0abf\u0aae\u0abe\u0a82 \u0aad\u0aaf \u0a9b\u0ac7 \u0aa4\u0ac7\u0aa8\u0abe\u0aae\u0abe\u0a82 \u0aa6\u0ac7\u0ab5\u0aa8\u0acb \u0aaa\u0acd\u0ab0\u0ac7\u0aae \u0ab8\u0a82\u0aaa\u0ac2\u0ab0\u0acd\u0aa3 \u0aa5\u0aa4\u0acb \u0aa8\u0aa5\u0ac0."},{"Verseid":"61003018","Verse":"\u0a86\u0aaa\u0aa3\u0ac7 \u0aaa\u0acd\u0ab0\u0ac7\u0aae \u0a95\u0ab0\u0ac0\u0a8f \u0a9b\u0ac0\u0a8f \u0a95\u0abe\u0ab0\u0aa3 \u0a95\u0ac7 \u0aaa\u0ab9\u0ac7\u0ab2\u0abe \u0aa6\u0ac7\u0ab5\u0ac7 \u0a86\u0aaa\u0aa3\u0abe \u0aaa\u0ab0 \u0aaa\u0acd\u0ab0\u0ac7\u0aae \u0a95\u0ab0\u0acd\u0aaf\u0acb."},{"Verseid":"61003019","Verse":"\u0a9c\u0acb \u0a95\u0acb\u0a88 \u0ab5\u0acd\u0aaf\u0a95\u0acd\u0aa4\u0abf \u0a95\u0ab9\u0ac7 \u0a95\u0ac7: \u2018\u0ab9\u0ac1\u0a82 \u0aa6\u0ac7\u0ab5\u0aa8\u0ac7 \u0aaa\u0acd\u0ab0\u0ac7\u0aae \u0a95\u0ab0\u0ac1\u0a82 \u0a9b\u0ac1\u0a82.\u2019 \u0aaa\u0ab0\u0a82\u0aa4\u0ac1 \u0aa4\u0ac7 \u0ab5\u0acd\u0aaf\u0a95\u0acd\u0aa4\u0abf \u0a96\u0acd\u0ab0\u0abf\u0ab8\u0acd\u0aa4\u0aae\u0abe\u0a82 \u0aa4\u0ac7\u0aa8\u0abe \u0aad\u0abe\u0a88 \u0a95\u0ac7 \u0aac\u0ab9\u0ac7\u0aa8\u0aa8\u0acb \u0aa6\u0acd\u0aa7\u0ac7\u0ab7 \u0a95\u0ab0\u0ac7 \u0a9b\u0ac7. \u0aa4\u0acb \u0aa4\u0ac7 \u0ab5\u0acd\u0aaf\u0a95\u0acd\u0aa4\u0abf \u0a9c\u0ac1\u0aa0\u0acb \u0a9b\u0ac7. \u0aa4\u0ac7 \u0ab5\u0acd\u0aaf\u0a95\u0acd\u0aa4\u0abf \u0aa4\u0ac7\u0aa8\u0abe \u0aad\u0abe\u0a88\u0aa8\u0ac7 \u0a9c\u0acb\u0a88 \u0ab6\u0a95\u0ac7 \u0a9b\u0ac7, \u0a9b\u0aa4\u0abe\u0a82 \u0aa4\u0ac7 \u0aa4\u0ac7\u0aa8\u0acb \u0aa6\u0acd\u0aa7\u0ac7\u0ab7 \u0a95\u0ab0\u0ac7 \u0a9b\u0ac7. \u0aa4\u0ac7\u0aa5\u0ac0 \u0aa4\u0ac7 \u0ab5\u0acd\u0aaf\u0a95\u0acd\u0aa4\u0abf \u0aa6\u0ac7\u0ab5\u0aa8\u0ac7 \u0aaa\u0acd\u0ab0\u0ac7\u0aae \u0a95\u0ab0\u0ac0 \u0ab6\u0a95\u0aa4\u0acb \u0aa8\u0aa5\u0ac0, \u0a95\u0abe\u0ab0\u0aa3 \u0a95\u0ac7 \u0aa4\u0ac7\u0aa3\u0ac7 \u0aa6\u0ac7\u0ab5\u0aa8\u0ac7 \u0a95\u0aa6\u0ac0 \u0a9c\u0acb\u0aaf\u0acb \u0aa8\u0aa5\u0ac0."},{"Verseid":"61003020","Verse":"\u0a85\u0aa8\u0ac7 \u0aa6\u0ac7\u0ab5 \u0a86\u0aaa\u0aa3\u0aa8\u0ac7 \u0a86 \u0a86\u0a9c\u0acd\u0a9e\u0abe \u0a95\u0ab0\u0ac0 \u0a9b\u0ac7: \u0a9c\u0ac7 \u0ab5\u0acd\u0aaf\u0a95\u0acd\u0aa4\u0abf \u0aa6\u0ac7\u0ab5\u0aa8\u0ac7 \u0aaa\u0acd\u0ab0\u0ac7\u0aae \u0a95\u0ab0\u0ac7 \u0a9b\u0ac7 \u0aa4\u0ac7\u0aa3\u0ac7 \u0a96\u0acd\u0ab0\u0abf\u0ab8\u0acd\u0aa4\u0aae\u0abe\u0a82 \u0aa4\u0ac7\u0aa8\u0abe \u0aad\u0abe\u0a88\u0a93 \u0a85\u0aa8\u0ac7 \u0aac\u0ab9\u0ac7\u0aa8\u0acb\u0aa8\u0ac7 \u0aaa\u0aa3 \u0aaa\u0acd\u0ab0\u0ac7\u0aae \u0a95\u0ab0\u0ab5\u0acb \u0a9c\u0acb\u0a88\u0a8f."}]},{"Verse":[{"Verseid":"61004000","Verse":"\u0a88\u0ab8\u0ac1 \u0a8f \u0a9c \u0a96\u0acd\u0ab0\u0abf\u0ab8\u0acd\u0aa4 \u0a9b\u0ac7 \u0a8f\u0ab5\u0acb \u0a9c\u0ac7 \u0a95\u0acb\u0a88 \u0ab5\u0abf\u0ab6\u0acd\u0ab5\u0abe\u0ab8 \u0a95\u0ab0\u0ac7 \u0a9b\u0ac7 \u0aa4\u0ac7\u0a93 \u0aa6\u0ac7\u0ab5\u0aa8\u0abe\u0a82 \u0a9b\u0acb\u0a95\u0ab0\u0abe\u0a82 \u0a9b\u0ac7. \u0a9c\u0ac7 \u0ab5\u0acd\u0aaf\u0a95\u0acd\u0aa4\u0abf \u0aaa\u0abf\u0aa4\u0abe\u0aa8\u0ac7 \u0aaa\u0acd\u0ab0\u0ac7\u0aae \u0a95\u0ab0\u0ac7 \u0a9b\u0ac7 \u0aa4\u0ac7 \u0aaa\u0abf\u0aa4\u0abe\u0aa8\u0abe\u0a82 \u0a9b\u0acb\u0a95\u0ab0\u0abe\u0a82\u0a93\u0aa8\u0ac7 \u0aaa\u0aa3 \u0aaa\u0acd\u0ab0\u0ac7\u0aae \u0a95\u0ab0\u0ac7 \u0a9b\u0ac7."},{"Verseid":"61004001","Verse":"\u0a86\u0aaa\u0aa3\u0ac7 \u0a95\u0ac7\u0ab5\u0ac0 \u0ab0\u0ac0\u0aa4\u0ac7 \u0a9c\u0abe\u0aa3\u0ac0 \u0ab6\u0a95\u0ac0\u0a8f \u0a95\u0ac7 \u0a86\u0aaa\u0aa3\u0ac7 \u0aa6\u0ac7\u0ab5\u0aa8\u0abe\u0a82 \u0a9b\u0acb\u0a95\u0ab0\u0abe\u0a82\u0a93\u0aa8\u0ac7 \u0aaa\u0aa3 \u0aaa\u0acd\u0ab0\u0ac7\u0aae \u0a95\u0ab0\u0ac0\u0a8f \u0a9b\u0ac0\u0a8f? \u0a86\u0aaa\u0aa3\u0ac7 \u0a9c\u0abe\u0aa3\u0ac0\u0a8f \u0a9b\u0ac0\u0a8f \u0a95\u0ac7\u0aae \u0a95\u0ac7 \u0a86\u0aaa\u0aa3\u0ac7 \u0aa6\u0ac7\u0ab5\u0aa8\u0ac7 \u0aaa\u0acd\u0ab0\u0ac7\u0aae \u0a95\u0ab0\u0ac0\u0a8f \u0a9b\u0ac0\u0a8f \u0a85\u0aa8\u0ac7 \u0a86\u0aaa\u0aa3\u0ac7 \u0aa4\u0ac7\u0aa8\u0ac0 \u0a86\u0a9c\u0acd\u0a9e\u0abe\u0a93\u0aa8\u0ac1\u0a82 \u0aaa\u0abe\u0ab2\u0aa8 \u0a95\u0ab0\u0ac0\u0a8f \u0a9b\u0ac0\u0a8f."},{"Verseid":"61004002","Verse":"\u0aa6\u0ac7\u0ab5\u0aa8\u0ac7 \u0aaa\u0acd\u0ab0\u0ac7\u0aae \u0a95\u0ab0\u0ab5\u0acb \u0aa4\u0ac7\u0aa8\u0acb \u0a85\u0ab0\u0acd\u0aa5 \u0aa4\u0ac7\u0aa8\u0ac0 \u0a86\u0a9c\u0acd\u0a9e\u0abe\u0a93\u0aa8\u0ac1\u0a82 \u0aaa\u0abe\u0ab2\u0aa8 \u0a95\u0ab0\u0ab5\u0ac1\u0a82. \u0a85\u0aa8\u0ac7 \u0aa6\u0ac7\u0ab5\u0aa8\u0ac0 \u0a86\u0a9c\u0acd\u0a9e\u0abe\u0a93 \u0a86\u0aaa\u0aa3\u0abe \u0aae\u0abe\u0a9f\u0ac7 \u0a8f\u0a9f\u0ab2\u0ac0 \u0aac\u0aa7\u0ac0 \u0a95\u0aa0\u0abf\u0aa3 \u0aa8\u0aa5\u0ac0."},{"Verseid":"61004003","Verse":"\u0ab6\u0abe \u0aae\u0abe\u0a9f\u0ac7? \u0a95\u0abe\u0ab0\u0aa3 \u0a95\u0ac7 \u0aaa\u0acd\u0ab0\u0aa4\u0acd\u0aaf\u0ac7\u0a95 \u0ab5\u0acd\u0aaf\u0a95\u0acd\u0aa4\u0abf \u0a9c\u0ac7 \u0aa6\u0ac7\u0ab5\u0aa8\u0ac1\u0a82 \u0aac\u0abe\u0ab3\u0a95 \u0a9b\u0ac7 \u0aa4\u0ac7 \u0a9c\u0a97\u0aa4\u0aae\u0abe\u0a82 \u0ab5\u0abf\u0a9c\u0aaf \u0aae\u0ac7\u0ab3\u0ab5\u0ab5\u0abe \u0ab6\u0a95\u0acd\u0aa4\u0abf\u0aae\u0abe\u0aa8 \u0a9b\u0ac7."},{"Verseid":"61004004","Verse":"\u0aa4\u0ac7 \u0a86\u0aaa\u0aa3\u0acb \u0ab5\u0abf\u0ab6\u0acd\u0ab5\u0abe\u0ab8 \u0a9b\u0ac7 \u0a95\u0ac7 \u0a9c\u0ac7\u0aa3\u0ac7 \u0a9c\u0a97\u0aa4 \u0ab8\u0abe\u0aae\u0ac7 \u0ab5\u0abf\u0a9c\u0aaf \u0aae\u0ac7\u0ab3\u0ab5\u0acd\u0aaf\u0acb \u0a9b\u0ac7. \u0aab\u0a95\u0acd\u0aa4 \u0aa4\u0ac7 \u0ab5\u0acd\u0aaf\u0a95\u0acd\u0aa4\u0abf \u0a9c\u0ac7 \u0ab5\u0abf\u0ab6\u0acd\u0ab5\u0abe\u0ab8 \u0a95\u0ab0\u0ac7 \u0a9b\u0ac7 \u0a95\u0ac7 \u0a88\u0ab8\u0ac1 \u0aa6\u0ac7\u0ab5\u0aa8\u0acb \u0aa6\u0ac0\u0a95\u0ab0\u0acb \u0a9b\u0ac7 \u0aa4\u0ac7\u0aa8\u0abe \u0ab5\u0abf\u0aa8\u0abe \u0aac\u0ac0\u0a9c\u0acb \u0a95\u0acb\u0aa3 \u0a9c\u0a97\u0aa4\u0aa8\u0ac7 \u0a9c\u0ac0\u0aa4\u0ac7 \u0a9b\u0ac7?"},{"Verseid":"61004005","Verse":"\u0a9c\u0ac7 \u0a86\u0ab5\u0acd\u0aaf\u0acb \u0aa4\u0ac7 \u0a88\u0ab8\u0ac1 \u0a96\u0acd\u0ab0\u0abf\u0ab8\u0acd\u0aa4 \u0a9b\u0ac7. \u0a88\u0ab8\u0ac1 \u0aaa\u0abe\u0aa3\u0ac0 45 \u0ab8\u0abe\u0aa5\u0ac7 \u0a85\u0aa8\u0ac7 \u0ab0\u0a95\u0acd\u0aa4 46 \u0ab8\u0abe\u0aa5\u0ac7 \u0a86\u0ab5\u0acd\u0aaf\u0acb. \u0a88\u0ab8\u0ac1 \u0aae\u0abe\u0aa4\u0acd\u0ab0 \u0aaa\u0abe\u0aa3\u0ac0\u0aa5\u0ac0 \u0a86\u0ab5\u0acd\u0aaf\u0acb \u0aa8\u0aa5\u0ac0. \u0aa8\u0abe, \u0a88\u0ab8\u0ac1 \u0aaa\u0abe\u0aa3\u0ac0 \u0a85\u0aa8\u0ac7 \u0ab0\u0a95\u0acd\u0aa4 \u0aac\u0a82\u0aa8\u0ac7\u0aa5\u0ac0 \u0a86\u0ab5\u0acd\u0aaf\u0acb \u0a85\u0aa8\u0ac7 \u0a86\u0aa4\u0acd\u0aae\u0abe \u0a86\u0aaa\u0aa3\u0aa8\u0ac7 \u0a95\u0ab9\u0ac7 \u0a9b\u0ac7 \u0a95\u0ac7 \u0a86 \u0ab8\u0abe\u0a9a\u0ac1 \u0a9b\u0ac7. \u0a86\u0aa4\u0acd\u0aae\u0abe \u0ab8\u0aa4\u0acd\u0aaf \u0a9b\u0ac7."},{"Verseid":"61004006","Verse":"\u0aa4\u0ac7\u0aa5\u0ac0 \u0aa4\u0acd\u0aaf\u0abe\u0a82 \u0a88\u0ab8\u0ac1 \u0ab5\u0abf\u0ab6\u0ac7 \u0a86\u0aaa\u0aa3\u0aa8\u0ac7 \u0a95\u0ab9\u0ac7\u0aa8\u0abe\u0ab0\u0abe \u0aa4\u0acd\u0ab0\u0aa3 \u0ab8\u0abe\u0a95\u0acd\u0ab7\u0ac0\u0a93 \u0a9b\u0ac7:"},{"Verseid":"61004007","Verse":"\u0a95\u0ac7\u0aae \u0a95\u0ac7 \u0ab8\u0abe\u0a95\u0acd\u0ab7\u0ac0 \u0aaa\u0ac2\u0ab0\u0aa8\u0abe\u0ab0 \u0aa4\u0acd\u0ab0\u0aa3 \u0a9b\u0ac7, \u0a8f\u0a9f\u0ab2\u0ac7 \u0a86\u0aa4\u0acd\u0aae\u0abe, \u0aaa\u0abe\u0aa3\u0ac0 \u0a85\u0aa8\u0ac7 \u0ab2\u0acb\u0ab9\u0ac0. \u0a86 \u0aa4\u0acd\u0ab0\u0aa3 \u0ab8\u0abe\u0a95\u0acd\u0ab7\u0ac0\u0a93 \u0a9b\u0ac7."},{"Verseid":"61004008","Verse":"\u0aa4\u0ac7\u0a93 \u0a9c\u0ac7 \u0a95\u0ab9\u0ac7 \u0a9b\u0ac7 \u0aa4\u0ac7 \u0a95\u0a82\u0a88\u0a95 \u0ab8\u0abe\u0a9a\u0ac1\u0a82 \u0ab9\u0acb\u0aaf \u0a8f\u0ab5\u0acb \u0ab5\u0abf\u0ab6\u0acd\u0ab5\u0abe\u0ab8 \u0a86\u0aaa\u0aa3\u0ac7 \u0ab2\u0acb\u0a95\u0acb \u0aaa\u0ab0 \u0a95\u0ab0\u0ac0\u0a8f \u0a9b\u0ac0\u0a8f. \u0aaa\u0ab0\u0a82\u0aa4\u0ac1 \u0aa6\u0ac7\u0ab5 \u0a9c\u0ac7 \u0a95\u0ab9\u0ac7 \u0a9b\u0ac7 \u0aa4\u0ac7 \u0ab5\u0aa7\u0abe\u0ab0\u0ac7 \u0aae\u0ab9\u0aa4\u0acd\u0ab5\u0aa8\u0ac1\u0a82 \u0a9b\u0ac7. \u0a85\u0aa8\u0ac7 \u0aa6\u0ac7\u0ab5\u0ac7 \u0a86\u0aaa\u0aa3\u0aa8\u0ac7 \u0aa4\u0ac7\u0aa8\u0abe \u0aaa\u0acb\u0aa4\u0abe\u0aa8\u0abe \u0aaa\u0ac1\u0aa4\u0acd\u0ab0 \u0ab5\u0abf\u0ab6\u0ac7 \u0ab8\u0abe\u0a9a\u0ac1\u0a82 \u0a95\u0ab9\u0acd\u0aaf\u0ac1\u0a82 \u0a9b\u0ac7."},{"Verseid":"61004009","Verse":"\u0a9c\u0ac7 \u0ab5\u0acd\u0aaf\u0a95\u0acd\u0aa4\u0abf \u0aa6\u0ac7\u0ab5\u0aa8\u0abe \u0aaa\u0ac1\u0aa4\u0acd\u0ab0 \u0aaa\u0ab0 \u0ab5\u0abf\u0ab6\u0acd\u0ab5\u0abe\u0ab8 \u0ab0\u0abe\u0a96\u0ac7 \u0a9b\u0ac7 \u0aa4\u0ac7\u0aa8\u0ac0 \u0aaa\u0abe\u0ab8\u0ac7 \u0aa4\u0ac7 \u0ab8\u0aa4\u0acd\u0aaf \u0a9b\u0ac7 \u0a9c\u0ac7 \u0aa6\u0ac7\u0ab5\u0ac7 \u0a86\u0aaa\u0aa3\u0aa8\u0ac7 \u0a95\u0ab9\u0acd\u0aaf\u0ac1 \u0a9b\u0ac7. \u0a9c\u0ac7 \u0ab5\u0acd\u0aaf\u0a95\u0acd\u0aa4\u0abf \u0aa6\u0ac7\u0ab5\u0aae\u0abe\u0a82 \u0ab5\u0abf\u0ab6\u0acd\u0ab5\u0abe\u0ab8 \u0a95\u0ab0\u0aa4\u0ac0 \u0aa8\u0aa5\u0ac0 \u0aa4\u0ac7 \u0aa6\u0ac7\u0ab5\u0aa8\u0ac7 \u0a9c\u0ac2\u0aa0\u0acb \u0aaa\u0abe\u0aa1\u0ac7 \u0a9b\u0ac7. \u0ab6\u0abe \u0aae\u0abe\u0a9f\u0ac7? \u0a95\u0abe\u0ab0\u0aa3 \u0a95\u0ac7 \u0aa6\u0ac7\u0ab5\u0ac7 \u0a86\u0aaa\u0aa3\u0aa8\u0ac7 \u0aa4\u0ac7\u0aa8\u0abe \u0aaa\u0ac1\u0aa4\u0acd\u0ab0 \u0ab5\u0abf\u0ab7\u0ac7 \u0a9c\u0ac7 \u0a95\u0ab9\u0acd\u0aaf\u0ac1\u0a82 \u0aa4\u0ac7\u0aae\u0abe\u0a82 \u0aa4\u0ac7 \u0ab5\u0acd\u0aaf\u0a95\u0acd\u0aa4\u0abf \u0ab5\u0abf\u0ab6\u0acd\u0ab5\u0abe\u0ab8 \u0a95\u0ab0\u0aa4\u0ac0 \u0aa8\u0aa5\u0ac0."},{"Verseid":"61004010","Verse":"\u0aa6\u0ac7\u0ab5\u0ac7 \u0a86\u0aaa\u0aa3\u0aa8\u0ac7 \u0a95\u0ab9\u0acd\u0aaf\u0ac1\u0a82 \u0a9b\u0ac7: \u0aa6\u0ac7\u0ab5\u0ac7 \u0a86\u0aaa\u0aa3\u0aa8\u0ac7 \u0a85\u0aa8\u0a82\u0aa4\u0a9c\u0ac0\u0ab5\u0aa8 \u0a86\u0aaa\u0acd\u0aaf\u0ac1\u0a82 \u0a9b\u0ac7. \u0a85\u0aa8\u0ac7 \u0a86 \u0a85\u0aa8\u0a82\u0aa4\u0a9c\u0ac0\u0ab5\u0aa8 \u0aa4\u0ac7\u0aa8\u0abe \u0aaa\u0ac1\u0aa4\u0acd\u0ab0\u0aae\u0abe\u0a82 \u0a9b\u0ac7."},{"Verseid":"61004011","Verse":"\u0a9c\u0ac7 \u0ab5\u0acd\u0aaf\u0a95\u0acd\u0aa4\u0abf \u0aaa\u0abe\u0ab8\u0ac7 \u0aaa\u0ac1\u0aa4\u0acd\u0ab0 \u0a9b\u0ac7 \u0aa4\u0ac7\u0aa8\u0ac0 \u0aaa\u0abe\u0ab8\u0ac7 \u0ab8\u0abe\u0a9a\u0ac1\u0a82 \u0a9c\u0ac0\u0ab5\u0aa8 \u0a9b\u0ac7. \u0aaa\u0ab0\u0a82\u0aa4\u0ac1 \u0a9c\u0ac7 \u0ab5\u0acd\u0aaf\u0a95\u0acd\u0aa4\u0abf\u0aa8\u0ac0 \u0aaa\u0abe\u0ab8\u0ac7 \u0aa6\u0ac7\u0ab5\u0aa8\u0acb \u0aaa\u0ac1\u0aa4\u0acd\u0ab0 \u0aa8\u0aa5\u0ac0, \u0aa4\u0ac7\u0aa8\u0ac0 \u0aaa\u0abe\u0ab8\u0ac7 \u0a9c\u0ac0\u0ab5\u0aa8 \u0aa8\u0aa5\u0ac0."},{"Verseid":"61004012","Verse":"\u0ab9\u0ac1\u0a82 \u0a86 \u0aaa\u0aa4\u0acd\u0ab0, \u0a9c\u0ac7 \u0aa6\u0ac7\u0ab5\u0aa8\u0abe \u0aaa\u0ac1\u0aa4\u0acd\u0ab0\u0aae\u0abe\u0a82 \u0ab5\u0abf\u0ab6\u0acd\u0ab5\u0abe\u0ab8 \u0a95\u0ab0\u0ac7 \u0a9b\u0ac7 \u0a8f\u0ab5\u0abe \u0aa4\u0aae\u0aa8\u0ac7 \u0ab2\u0acb\u0a95\u0acb\u0aa8\u0ac7 \u0ab2\u0a96\u0ac1\u0a82 \u0a9b\u0ac1\u0a82. \u0a9c\u0ac7\u0aa5\u0ac0 \u0aa4\u0aae\u0ac7 \u0a9c\u0abe\u0aa3\u0ab6\u0acb \u0a95\u0ac7 \u0ab9\u0ab5\u0ac7 \u0aa4\u0aae\u0abe\u0ab0\u0ac0 \u0aaa\u0abe\u0ab8\u0ac7 \u0a85\u0aa8\u0a82\u0aa4\u0a9c\u0ac0\u0ab5\u0aa8 \u0a9b\u0ac7."},{"Verseid":"61004013","Verse":"\u0a86\u0aaa\u0aa3\u0ac7 \u0aa6\u0ac7\u0ab5 \u0aaa\u0abe\u0ab8\u0ac7 \u0ab6\u0a82\u0a95\u0abe \u0ab5\u0a97\u0ab0 \u0a86\u0ab5\u0ac0 \u0ab6\u0a95\u0ac0\u0a8f \u0a9b\u0ac0\u0a8f. \u0a8f\u0aa8\u0acb \u0a85\u0ab0\u0acd\u0aa5 \u0a8f \u0a9b\u0ac7 \u0a95\u0ac7 \u0a86\u0aaa\u0aa3\u0ac7 \u0aa6\u0ac7\u0ab5 \u0aaa\u0abe\u0ab8\u0ac7 \u0aa4\u0ac7\u0aa8\u0ac0 \u0a88\u0a9a\u0acd\u0a9b\u0abe\u0aa8\u0ac1\u0ab8\u0abe\u0ab0 \u0a95\u0a82\u0a88 \u0aaa\u0aa3 \u0aae\u0abe\u0a97\u0ac0\u0a8f \u0aa4\u0acb \u0aa6\u0ac7\u0ab5 \u0a86\u0aaa\u0aa3\u0aa8\u0ac7 \u0ab8\u0abe\u0a82\u0aad\u0ab3\u0ac7 \u0a9b\u0ac7."},{"Verseid":"61004014","Verse":"\u0aa6\u0ab0\u0ac7\u0a95 \u0ab5\u0a96\u0aa4\u0ac7 \u0a86\u0aaa\u0aa3\u0ac7 \u0aa4\u0ac7\u0aa8\u0ac0 \u0aaa\u0abe\u0ab8\u0ac7 \u0aae\u0abe\u0a97\u0ac0\u0a8f \u0a9b\u0ac0\u0a8f \u0aa4\u0acd\u0aaf\u0abe\u0ab0\u0ac7 \u0aa6\u0ac7\u0ab5 \u0a86\u0aaa\u0aa3\u0aa8\u0ac7 \u0aa7\u0acd\u0aaf\u0abe\u0aa8\u0aa5\u0ac0 \u0ab8\u0abe\u0a82\u0aad\u0ab3\u0ac7 \u0a9b\u0ac7. \u0aa4\u0ac7\u0aa5\u0ac0 \u0a86\u0aaa\u0aa3\u0ac7 \u0a9c\u0abe\u0aa3\u0ac0\u0a8f \u0a9b\u0ac0\u0a8f \u0a95\u0ac7 \u0aa4\u0ac7\u0aa8\u0ac0 \u0aaa\u0abe\u0ab8\u0ac7 \u0a86\u0aaa\u0aa3\u0ac7 \u0a9c\u0ac7 \u0aae\u0abe\u0a97\u0ac0\u0a8f \u0aa4\u0ac7 \u0ab5\u0ab8\u0acd\u0aa4\u0ac1\u0a93 \u0aa4\u0ac7 \u0a86\u0aaa\u0aa3\u0aa8\u0ac7 \u0a86\u0aaa\u0ac7 \u0a9b\u0ac7."},{"Verseid":"61004015","Verse":"\u0aa7\u0abe\u0ab0\u0acb \u0a95\u0ac7 \u0a95\u0acb\u0a87 \u0ab5\u0acd\u0aaf\u0a95\u0acd\u0aa4\u0abf \u0a96\u0acd\u0ab0\u0abf\u0ab8\u0acd\u0aa4\u0aae\u0abe\u0a82 \u0aa4\u0ac7\u0aa8\u0abe \u0aad\u0abe\u0a87 \u0a85\u0aa5\u0ab5\u0abe \u0aac\u0ab9\u0ac7\u0aa8\u0aa8\u0ac7 \u0aaa\u0abe\u0aaa \u0a95\u0ab0\u0aa4\u0abe \u0a9c\u0ac1\u0a8f \u0a9b\u0ac7 (\u0aaa\u0abe\u0aaa \u0a95\u0ac7 \u0a9c\u0ac7 \u0aae\u0ab0\u0aa3\u0a95\u0abe\u0ab0\u0a95 \u0aa8\u0aa5\u0ac0) \u0aa4\u0acb \u0aa4\u0ac7 \u0ab5\u0acd\u0aaf\u0a95\u0acd\u0aa4\u0abf \u0a8f \u0aa4\u0ac7\u0aa8\u0ac0 \u0aac\u0ab9\u0ac7\u0aa8 \u0a85\u0aa5\u0ab5\u0abe \u0aad\u0abe\u0a87 \u0a9c\u0ac7 \u0aaa\u0abe\u0aaa \u0a95\u0ab0\u0ac7 \u0a9b\u0ac7 \u0aa4\u0ac7\u0a93\u0aa8\u0abe \u0aae\u0abe\u0a9f\u0ac7 \u0aaa\u0acd\u0ab0\u0abe\u0ab0\u0acd\u0aa5\u0aa8\u0abe \u0a95\u0ab0\u0ab5\u0ac0 \u0a9c\u0acb\u0a88\u0a8f. \u0aaa\u0a9b\u0ac0 \u0aad\u0abe\u0a88 \u0a95\u0ac7 \u0aac\u0ab9\u0ac7\u0aa8\u0aa8\u0ac7 \u0aa6\u0ac7\u0ab5 \u0a9c\u0ac0\u0ab5\u0aa8 \u0a86\u0aaa\u0ab6\u0ac7. \u0a9c\u0ac7\u0aae\u0aa8\u0ac1\u0a82 \u0aaa\u0abe\u0aaa \u0a85\u0aa8\u0a82\u0aa4 \u0aae\u0ac3\u0aa4\u0acd\u0aaf\u0ac1\u0aae\u0abe\u0a82 \u0aa6\u0acb\u0ab0\u0ac0 \u0a9c\u0aa4\u0ac1 \u0aa8\u0aa5\u0ac0 \u0a8f\u0ab5\u0abe \u0ab2\u0acb\u0a95\u0acb \u0ab5\u0abf\u0ab6\u0ac7 \u0ab9\u0ac1\u0a82 \u0ab5\u0abe\u0aa4 \u0a95\u0ab0\u0ac1\u0a82 \u0a9b\u0ac1\u0a82. \u0a8f\u0ab5\u0ac1\u0a82 \u0aaa\u0aa3 \u0aaa\u0abe\u0aaa \u0a9b\u0ac7 \u0a9c\u0ac7 \u0aae\u0ab0\u0aa3\u0a95\u0abe\u0ab0\u0a95 \u0a9b\u0ac7. \u0aa4\u0ac7 \u0ab5\u0abf\u0ab6\u0ac7 \u0ab9\u0ac1\u0a82 \u0a95\u0ab9\u0ac7\u0aa4\u0acb \u0aa8\u0aa5\u0ac0 \u0a95\u0ac7 \u0aaa\u0acd\u0ab0\u0abe\u0ab0\u0acd\u0aa5\u0aa8\u0abe \u0a95\u0ab0\u0ab5\u0ac0."},{"Verseid":"61004016","Verse":"\u0a96\u0acb\u0a9f\u0ac1\u0a82 \u0a95\u0ab0\u0ab5\u0ac1\u0a82 \u0aa4\u0ac7 \u0ab9\u0a82\u0aae\u0ac7\u0ab6\u0abe \u0aaa\u0abe\u0aaa \u0a9b\u0ac7. \u0aaa\u0ab0\u0a82\u0aa4\u0ac1 \u0a8f\u0ab5\u0ac1\u0a82 \u0aaa\u0aa3 \u0aaa\u0abe\u0aaa \u0a9b\u0ac7 \u0a9c\u0ac7 \u0a85\u0aa8\u0a82\u0aa4 \u0aae\u0ac3\u0aa4\u0acd\u0aaf\u0ac1 \u0aa4\u0ab0\u0aab \u0aa6\u0acb\u0ab0\u0ac0 \u0a9c\u0aa4\u0ac1\u0a82 \u0aa8\u0aa5\u0ac0."},{"Verseid":"61004017","Verse":"\u0a86\u0aaa\u0aa3\u0ac7 \u0a9c\u0abe\u0aa3\u0ac0\u0a8f \u0a9b\u0ac0\u0a8f \u0a95\u0ac7 \u0a95\u0acb\u0a87 \u0aaa\u0aa3 \u0ab5\u0acd\u0aaf\u0a95\u0acd\u0aa4\u0abf \u0a9c\u0ac7 \u0aa6\u0ac7\u0ab5\u0aa8\u0acb \u0aac\u0abe\u0ab3\u0a95 \u0aac\u0aa8\u0acd\u0aaf\u0acb \u0a9b\u0ac7 \u0aa4\u0ac7 \u0aaa\u0abe\u0aaa \u0a95\u0ab0\u0acd\u0aaf\u0abe \u0a95\u0ab0\u0aa4\u0acb \u0aa8\u0aa5\u0ac0. \u0aa6\u0ac7\u0ab5\u0aa8\u0acb \u0aaa\u0ac1\u0aa4\u0acd\u0ab0 \u0aa6\u0ac7\u0ab5\u0aa8\u0abe \u0aac\u0abe\u0ab3\u0a95\u0aa8\u0ac7 \u0ab8\u0ac1\u0ab0\u0a95\u0acd\u0ab7\u0abf\u0aa4 \u0ab0\u0abe\u0a96\u0ac7 \u0a9b\u0ac7. 47 \u0ab6\u0ac7\u0aa4\u0abe\u0aa8 \u0aaa\u0aa3 \u0aa4\u0ac7 \u0ab5\u0acd\u0aaf\u0a95\u0acd\u0aa4\u0abf\u0aa8\u0ac7 \u0a88\u0a9c\u0abe \u0a95\u0ab0\u0ac0 \u0ab6\u0a95\u0aa4\u0acb \u0aa8\u0aa5\u0ac0."},{"Verseid":"61004018","Verse":"\u0a86\u0aaa\u0aa3\u0ac7 \u0a9c\u0abe\u0aa3\u0ac0\u0a8f \u0a9b\u0ac0\u0a8f \u0a95\u0ac7 \u0a86\u0aaa\u0aa3\u0ac7 \u0aa6\u0ac7\u0ab5\u0aa8\u0abe \u0a9b\u0ac0\u0a8f. \u0aaa\u0ab0\u0a82\u0aa4\u0ac1 \u0ab6\u0ac7\u0aa4\u0abe\u0aa8 \u0a86\u0a96\u0ac0 \u0aa6\u0ac1\u0aa8\u0abf\u0aaf\u0abe\u0aa8\u0ac7 \u0a95\u0abe\u0aac\u0ac1\u0aae\u0abe\u0a82 \u0ab0\u0abe\u0a96\u0ac7 \u0a9b\u0ac7"},{"Verseid":"61004019","Verse":"\u0a85\u0aa8\u0ac7 \u0a86\u0aaa\u0aa3\u0ac7 \u0a9c\u0abe\u0aa3\u0ac0\u0a8f \u0a9b\u0ac0\u0a8f \u0a95\u0ac7 \u0aa6\u0ac7\u0ab5\u0aa8\u0acb \u0aaa\u0ac1\u0aa4\u0acd\u0ab0 \u0a88\u0ab8\u0ac1 \u0a96\u0acd\u0ab0\u0abf\u0ab8\u0acd\u0aa4 \u0a86\u0ab5\u0acd\u0aaf\u0acb \u0a9b\u0ac7. \u0aa6\u0ac7\u0ab5\u0aa8\u0abe \u0aaa\u0ac1\u0aa4\u0acd\u0ab0\u0a8f \u0a86\u0aaa\u0aa3\u0aa8\u0ac7 \u0ab8\u0aae\u0a9c \u0a86\u0aaa\u0ac0 \u0a9b\u0ac7. \u0ab9\u0ab5\u0ac7 \u0a86\u0aaa\u0aa3\u0ac7 \u0aa6\u0ac7\u0ab5\u0aa8\u0ac7 \u0a93\u0ab3\u0a96\u0ac0 \u0ab6\u0a95\u0ac0\u0a8f \u0a9b\u0ac0\u0a8f. \u0aa6\u0ac7\u0ab5 \u0a9c\u0ac7 \u0ab8\u0abe\u0a9a\u0acb \u0a9b\u0ac7. \u0a85\u0aa8\u0ac7 \u0a86\u0aaa\u0aa3\u0ac1\u0a82 \u0a9c\u0ac0\u0ab5\u0aa8 \u0aa4\u0ac7 \u0ab8\u0abe\u0a9a\u0abe \u0aa6\u0ac7\u0ab5 \u0a85\u0aa8\u0ac7 \u0aa4\u0ac7\u0aa8\u0abe \u0aaa\u0ac1\u0aa4\u0acd\u0ab0\u0aae\u0abe\u0a82 \u0a9b\u0ac7, \u0a88\u0ab8\u0ac1 \u0a96\u0acd\u0ab0\u0abf\u0ab8\u0acd\u0aa4 \u0aa4\u0ac7 \u0a9c \u0a96\u0ab0\u0acb \u0aa6\u0ac7\u0ab5 \u0a9b\u0ac7, \u0a85\u0aa8\u0ac7 \u0aa4\u0ac7 \u0a85\u0aa8\u0a82\u0aa4\u0a9c\u0ac0\u0ab5\u0aa8 \u0a9b\u0ac7."},{"Verseid":"61004020","Verse":"\u0aa4\u0ac7\u0aa5\u0ac0, \u0ab5\u0ab9\u0abe\u0ab2\u0abe\u0a82 \u0aac\u0abe\u0ab3\u0a95\u0acb, \u0aa4\u0aae\u0abe\u0ab0\u0ac0 \u0a9c\u0abe\u0aa4\u0aa8\u0ac7 \u0a9c\u0ac2\u0aa0\u0abe \u0aa6\u0ac7\u0ab5\u0acb\u0aa5\u0ac0 \u0aa6\u0ac2\u0ab0 \u0ab0\u0abe\u0a96\u0acb. \ufeff"}]}]}