{"Chapter":[{"Verse":[{"Verseid":"63000000","Verse":"\u0a9c\u0ac7\u0aa8\u0abe \u0aaa\u0ab0 \u0ab9\u0ac1\u0a82 \u0ab8\u0aa4\u0acd\u0aaf\u0aae\u0abe\u0a82 \u0aaa\u0acd\u0ab0\u0ac7\u0aae \u0ab0\u0abe\u0a96\u0ac1\u0a82 \u0a9b\u0ac1\u0a82,\u0aa4\u0ac7 \u0aaa\u0acd\u0ab0\u0abf\u0aaf \u0a97\u0abe\u0aaf\u0ab8 \u0a9c\u0acb\u0a97 \u0ab2\u0a96\u0abf\u0aa4\u0a82\u0a97 \u0ab5\u0aa1\u0ac0\u0ab2 \u0aa4\u0ab0\u0aab\u0aa5\u0ac0 \u0a95\u0ac1\u0ab6\u0ab3\u0aa4\u0abe:"},{"Verseid":"63000001","Verse":"\u0aae\u0abe\u0ab0\u0abe \u0aaa\u0acd\u0ab0\u0abf\u0aaf \u0aae\u0abf\u0aa4\u0acd\u0ab0, \u0ab9\u0ac1\u0a82 \u0a9c\u0abe\u0aa3\u0ac1\u0a82 \u0a9b\u0ac1\u0a82 \u0aa4\u0abe\u0ab0\u0acb \u0a86\u0aa4\u0acd\u0aae\u0abe \u0a95\u0ac1\u0ab6\u0ab3 \u0a9b\u0ac7. \u0aa4\u0ac7\u0aa5\u0ac0 \u0ab9\u0ac1\u0a82 \u0aaa\u0acd\u0ab0\u0abe\u0ab0\u0acd\u0aa5\u0aa8\u0abe \u0a95\u0ab0\u0ac1\u0a82 \u0a9b\u0ac1\u0a82 \u0a95\u0ac7 \u0aa4\u0ac1\u0a82 \u0aac\u0aa7\u0ac0 \u0ab0\u0ac0\u0aa4\u0ac7 \u0a95\u0ac1\u0ab6\u0ab3 \u0ab0\u0ab9\u0ac7. \u0a85\u0aa8\u0ac7 \u0ab9\u0ac1 \u0aaa\u0acd\u0ab0\u0abe\u0ab0\u0acd\u0aa5\u0aa8\u0abe \u0a95\u0ab0\u0ac1\u0a82 \u0a9b\u0ac1\u0a82 \u0a95\u0ac7 \u0aa4\u0ac1\u0a82 \u0aa4\u0a82\u0aa6\u0ac1\u0ab0\u0ab8\u0acd\u0aa4 \u0ab0\u0ab9\u0ac7."},{"Verseid":"63000002","Verse":"\u0a95\u0ac7\u0a9f\u0ab2\u0abe\u0a8f\u0a95 \u0a96\u0acd\u0ab0\u0abf\u0ab8\u0acd\u0aa4\u0aae\u0abe\u0a82 \u0aad\u0abe\u0a88\u0a93 \u0a86\u0ab5\u0acd\u0aaf\u0abe \u0a85\u0aa8\u0ac7 \u0aa4\u0abe\u0ab0\u0abe \u0a9c\u0ac0\u0ab5\u0aa8\u0aa8\u0abe \u0ab8\u0aa4\u0acd\u0aaf \u0ab5\u0abf\u0ab7\u0ac7 \u0aae\u0aa8\u0ac7 \u0a95\u0ab9\u0acd\u0aaf\u0ac1\u0a82. \u0aa4\u0ac7\u0a93\u0a8f \u0aae\u0aa8\u0ac7 \u0a95\u0ab9\u0acd\u0aaf\u0ac1 \u0a95\u0ac7 \u0aa4\u0ac1\u0a82 \u0ab8\u0aa4\u0acd\u0aaf\u0aa8\u0abe \u0aae\u0abe\u0ab0\u0acd\u0a97\u0aa8\u0ac7 \u0a85\u0aa8\u0ac1\u0ab8\u0ab0\u0ac0 \u0ab0\u0ab9\u0acd\u0aaf\u0acb \u0a9b\u0ac7. \u0aa4\u0ac7\u0aa5\u0ac0 \u0ab9\u0ac1\u0a82 \u0a98\u0aa3\u0acb \u0a96\u0ac1\u0ab6 \u0aa5\u0aaf\u0acb."},{"Verseid":"63000003","Verse":"\u0a9c\u0acd\u0aaf\u0abe\u0ab0\u0ac7 \u0ab9\u0ac1\u0a82 \u0ab8\u0abe\u0a82\u0aad\u0ab3\u0ac1\u0a82 \u0a9b\u0ac1\u0a82 \u0a95\u0ac7 \u0aae\u0abe\u0ab0\u0abe\u0a82 \u0aac\u0abe\u0ab3\u0a95\u0acb \u0ab8\u0aa4\u0acd\u0aaf\u0aa8\u0abe \u0aae\u0abe\u0ab0\u0acd\u0a97\u0aa8\u0ac7 \u0a85\u0aa8\u0ac1\u0ab8\u0ab0\u0ac7 \u0a9b\u0ac7 \u0aa4\u0acd\u0aaf\u0abe\u0ab0\u0ac7 \u0aae\u0aa8\u0ac7 \u0ab9\u0a82\u0aae\u0ac7\u0ab6\u0abe \u0ab8\u0acc\u0aa5\u0ac0 \u0ab5\u0aa7\u0ac1 \u0a86\u0aa8\u0a82\u0aa6 \u0aa5\u0abe\u0aaf \u0a9b\u0ac7."},{"Verseid":"63000004","Verse":"\u0aae\u0abe\u0ab0\u0abe \u0aaa\u0acd\u0ab0\u0abf\u0aaf \u0aae\u0abf\u0aa4\u0acd\u0ab0, \u0aa4\u0ac1\u0a82 \u0a96\u0acd\u0ab0\u0abf\u0ab8\u0acd\u0aa4\u0aae\u0abe\u0a82 \u0aad\u0abe\u0a88\u0a93\u0aa8\u0ac7 \u0aae\u0abe\u0a9f\u0ac7 \u0ab9\u0abe, \u0aaa\u0abe\u0ab0\u0a95\u0abe \u0aad\u0abe\u0a88\u0a93\u0aa8\u0ac7 \u0aae\u0abe\u0a9f\u0ac7 \u0aaa\u0aa3, \u0aa4\u0ac1\u0a82 \u0a9c\u0ac7 \u0a95\u0a82\u0a88 \u0a95\u0ab0\u0ac7 \u0a9b\u0ac7 \u0aa4\u0ac7 \u0aa4\u0ac1\u0a82 \u0ab5\u0abf\u0ab6\u0acd\u0ab5\u0abe\u0ab8 \u0a95\u0ab0\u0aa8\u0abe\u0ab0\u0aa8\u0ac7 \u0aaf\u0acb\u0a97\u0acd\u0aaf \u0a95\u0abe\u0aae \u0a95\u0ab0\u0ac7 \u0a9b\u0ac7. \u0aa4\u0ac1 \u0a9c\u0ac7\u0aa8\u0ac7 \u0a9c\u0abe\u0aa3\u0aa4\u0acb \u0aa8\u0aa5\u0ac0 \u0a8f\u0ab5\u0abe \u0aad\u0abe\u0a88\u0a93\u0aa8\u0ac7 \u0aaa\u0aa3 \u0aa4\u0ac1\u0a82 \u0aae\u0aa6\u0aa6 \u0a95\u0ab0\u0ac7 \u0a9b\u0ac7."},{"Verseid":"63000005","Verse":"\u0a86 \u0aad\u0abe\u0a88\u0a93\u0a8f \u0aae\u0a82\u0aa1\u0ab3\u0ac0\u0aa8\u0ac7 \u0aa4\u0abe\u0ab0\u0abe \u0aaa\u0acd\u0ab0\u0ac7\u0aae \u0ab5\u0abf\u0ab6\u0ac7 \u0ab5\u0abe\u0aa4 \u0a95\u0ab0\u0ac0 \u0a9b\u0ac7. \u0a95\u0ac3\u0aaa\u0abe \u0a95\u0ab0\u0ac0\u0aa8\u0ac7 \u0aa4\u0ac7\u0a93\u0aa8\u0acb \u0aaa\u0acd\u0ab0\u0ab5\u0abe\u0ab8 \u0a9a\u0abe\u0ab2\u0ac1 \u0ab0\u0abe\u0a96\u0ab5\u0abe\u0aae\u0abe\u0a82 \u0aa4\u0ac7\u0a93\u0aa8\u0ac7 \u0aae\u0aa6\u0aa6 \u0a95\u0ab0. \u0aa6\u0ac7\u0ab5 \u0aaa\u0acd\u0ab0\u0ab8\u0aa8\u0acd\u0aa8 \u0aa5\u0abe\u0aaf \u0aa4\u0ac7 \u0ab0\u0ac0\u0aa4\u0ac7 \u0aa4\u0ac7\u0a93\u0aa8\u0ac7 \u0aae\u0aa6\u0aa6 \u0a95\u0ab0."},{"Verseid":"63000006","Verse":"\u0a86 \u0aad\u0abe\u0a88\u0a93 \u0a96\u0acd\u0ab0\u0abf\u0ab8\u0acd\u0aa4\u0aa8\u0ac0 \u0ab8\u0ac7\u0ab5\u0abe \u0a95\u0ab0\u0ab5\u0abe \u0aae\u0abe\u0a9f\u0ac7 \u0a86\u0a9c\u0ac1\u0aac\u0abe\u0a9c\u0ac1 \u0aaa\u0acd\u0ab0\u0ab5\u0abe\u0ab8 \u0a95\u0ab0\u0ac0 \u0ab0\u0ab9\u0acd\u0aaf\u0abe \u0a9b\u0ac7. \u0aa4\u0ac7\u0a93 \u0a9c\u0ac7 \u0ab2\u0acb\u0a95\u0acb \u0ab5\u0abf\u0ab6\u0acd\u0ab5\u0abe\u0ab8\u0ac0\u0a93 \u0aa8\u0aa5\u0ac0 \u0aa4\u0ac7\u0a93\u0aa8\u0ac0 \u0a95\u0acb\u0a88 \u0aaa\u0aa3 \u0aaa\u0acd\u0ab0\u0a95\u0abe\u0ab0\u0aa8\u0ac0 \u0aae\u0aa6\u0aa6\u0aa8\u0acb \u0ab8\u0acd\u0ab5\u0ac0\u0a95\u0abe\u0ab0 \u0a95\u0ab0\u0aa4\u0abe \u0aa8\u0aa5\u0ac0."},{"Verseid":"63000007","Verse":"\u0aa4\u0ac7\u0aa5\u0ac0 \u0a86\u0aaa\u0aa3\u0ac7 \u0a86 \u0aad\u0abe\u0a88\u0a93\u0aa8\u0ac7 \u0aae\u0aa6\u0aa6 \u0a95\u0ab0\u0ab5\u0ac0 \u0a9c\u0acb\u0a88\u0a8f. \u0a9c\u0acd\u0aaf\u0abe\u0ab0\u0ac7 \u0a86\u0aaa\u0aa3\u0ac7 \u0aa4\u0ac7\u0a93\u0aa8\u0ac7 \u0aae\u0aa6\u0aa6 \u0a95\u0ab0\u0ac0\u0a8f \u0a9b\u0ac0\u0a8f, \u0aa4\u0acd\u0aaf\u0abe\u0ab0\u0ac7 \u0a86\u0aaa\u0aa3\u0ac7 \u0aa4\u0ac7\u0a93\u0aa8\u0abe \u0ab8\u0aa4\u0acd\u0aaf \u0aae\u0abe\u0a9f\u0ac7\u0aa8\u0abe \u0a95\u0abe\u0ab0\u0acd\u0aaf\u0aae\u0abe\u0a82 \u0ab8\u0ab9\u0aad\u0abe\u0a97\u0ac0 \u0aa5\u0a88\u0a8f \u0a9b\u0ac0\u0a8f."},{"Verseid":"63000008","Verse":"\u0aae\u0ac7\u0a82 \u0aae\u0a82\u0aa1\u0ab3\u0ac0\u0aa8\u0ac7 \u0aaa\u0aa4\u0acd\u0ab0 \u0ab2\u0a96\u0acd\u0aaf\u0acb \u0a9b\u0ac7.\u0aaa\u0aa3 \u0aa6\u0abf\u0aaf\u0acb\u0aa4\u0acd\u0ab0\u0aab\u0ac7\u0ab8 \u0a85\u0aae\u0ac7 \u0a9c\u0ac7 \u0a95\u0ab9\u0ac0\u0a8f \u0a9b\u0ac0\u0a8f \u0aa4\u0ac7 \u0aa7\u0acd\u0aaf\u0abe\u0aa8\u0aaa\u0ac2\u0ab0\u0acd\u0ab5\u0a95 \u0ab8\u0abe\u0a82\u0aad\u0ab3\u0aa4\u0acb \u0aa8\u0aa5\u0ac0. \u0aa4\u0ac7 \u0ab9\u0a82\u0aae\u0ac7\u0ab6\u0abe \u0aa4\u0ac7\u0a93\u0aa8\u0acb \u0a86\u0a97\u0ac7\u0ab5\u0abe\u0aa8 \u0aa5\u0ab5\u0abe \u0a88\u0a9a\u0acd\u0a9b\u0ac7 \u0a9b\u0ac7."},{"Verseid":"63000009","Verse":"\u0a9c\u0aaf\u0abe\u0ab0\u0ac7 \u0ab9\u0ac1\u0a82 \u0a86\u0ab5\u0ac0\u0ab6, \u0aa4\u0acd\u0aaf\u0abe\u0ab0\u0ac7 \u0ab9\u0ac1\u0a82 \u0aa6\u0abf\u0aaf\u0acb\u0aa4\u0acd\u0ab0\u0aab\u0ac7\u0ab8 \u0ab6\u0ac1\u0a82 \u0a95\u0ab0\u0ac7 \u0a9b\u0ac7 \u0aa4\u0ac7 \u0ab5\u0abf\u0ab6\u0ac7 \u0a95\u0ab9\u0ac0\u0ab6. \u0aa4\u0ac7 \u0a9c\u0ac2\u0aa0\u0ac1 \u0aac\u0acb\u0ab2\u0ac7 \u0a9b\u0ac7 \u0a85\u0aa8\u0ac7 \u0a85\u0aae\u0abe\u0ab0\u0abe \u0ab5\u0abf\u0ab7\u0ac7 \u0aad\u0ac2\u0a82\u0aa1\u0ac1\u0a82 \u0aac\u0acb\u0ab2\u0ac7 \u0a9b\u0ac7. \u0aaa\u0ab0\u0a82\u0aa4\u0ac1 \u0aa4\u0ac7 \u0a9c\u0ac7 \u0aac\u0aa7\u0ac1\u0a82 \u0a95\u0ab0\u0ac7 \u0a9b\u0ac7 \u0aa4\u0ac7 \u0a8f\u0a9f\u0ab2\u0ac1\u0a82 \u0a9c \u0aa8\u0aa5\u0ac0! \u0aa4\u0ac7 \u0a9c\u0ac7 \u0aad\u0abe\u0a88\u0a93 \u0a96\u0acd\u0ab0\u0abf\u0ab8\u0acd\u0aa4\u0aa8\u0ac0 \u0ab8\u0ac7\u0ab5\u0abe\u0aa8\u0abe\u0a82 \u0a95\u0abe\u0aae\u0acb \u0a95\u0ab0\u0ac7 \u0a9b\u0ac7 \u0aa4\u0ac7\u0a93\u0aa8\u0ac7 \u0aae\u0aa6\u0aa6 \u0a95\u0ab0\u0ab5\u0abe\u0aa8\u0ac0 \u0aaa\u0aa3 \u0aa8\u0abe \u0aaa\u0abe\u0aa1\u0ac7 \u0a9b\u0ac7. \u0aa6\u0abf\u0aaf\u0acb\u0aa4\u0acd\u0ab0\u0aab\u0ac7\u0ab8 \u0aaa\u0ac7\u0ab2\u0abe \u0ab2\u0acb\u0a95\u0acb \u0a9c\u0ac7 \u0aad\u0abe\u0a88\u0a93\u0aa8\u0ac7 \u0aae\u0aa6\u0aa6 \u0a95\u0ab0\u0ab5\u0abe \u0a88\u0a9a\u0acd\u0a9b\u0ac7 \u0a9b\u0ac7 \u0aa4\u0ac7\u0a93\u0aa8\u0ac7 \u0aaa\u0aa3 \u0a85\u0a9f\u0a95\u0abe\u0ab5\u0ac7 \u0a9b\u0ac7. \u0a85\u0aa8\u0ac7 \u0aa4\u0ac7 \u0ab2\u0acb\u0a95\u0acb\u0aa8\u0ac7 \u0aae\u0a82\u0aa1\u0ab3\u0ac0\u0aae\u0abe\u0a82\u0aa5\u0ac0 \u0aac\u0ab9\u0abf\u0ab7\u0acd\u0a95\u0ac3\u0aa4 \u0a95\u0ab0\u0ac7 \u0a9b\u0ac7."},{"Verseid":"63000010","Verse":"\u0aae\u0abe\u0ab0\u0abe \u0aaa\u0acd\u0ab0\u0abf\u0aaf \u0aae\u0abf\u0aa4\u0acd\u0ab0, \u0a9c\u0ac7 \u0a96\u0ab0\u0abe\u0aac \u0a9b\u0ac7 \u0aa4\u0ac7\u0aa8\u0ac7 \u0a85\u0aa8\u0ac1\u0ab8\u0ab0\u0acb \u0aa8\u0ab9\u0abf; \u0a9c\u0ac7 \u0ab8\u0abe\u0ab0\u0ac1\u0a82 \u0a9b\u0ac7 \u0aa4\u0ac7\u0aa8\u0ac7 \u0a85\u0aa8\u0ac1\u0ab8\u0ab0\u0acb. \u0a9c\u0ac7 \u0ab5\u0acd\u0aaf\u0a95\u0acd\u0aa4\u0abf \u0ab8\u0abe\u0ab0\u0ac1\u0a82 \u0a9b\u0ac7 \u0aa4\u0ac7 \u0a95\u0ab0\u0ac7 \u0a9b\u0ac7 \u0aa4\u0ac7 \u0aa6\u0ac7\u0ab5\u0aa5\u0ac0 \u0a9b\u0ac7. \u0aaa\u0aa3 \u0a9c\u0ac7 \u0ab5\u0acd\u0aaf\u0a95\u0acd\u0aa4\u0abf \u0aa6\u0ac1\u0ab7\u0acd\u0a9f \u0a95\u0abe\u0ab0\u0acd\u0aaf \u0a95\u0ab0\u0ac7 \u0a9b\u0ac7 \u0aa4\u0ac7\u0aa3\u0ac7 \u0a95\u0aa6\u0ac0 \u0aa6\u0ac7\u0ab5\u0aa8\u0ac7 \u0a93\u0ab3\u0a96\u0acd\u0aaf\u0acb \u0aa8\u0aa5\u0ac0."},{"Verseid":"63000011","Verse":"\u0aac\u0aa7\u0abe \u0ab2\u0acb\u0a95\u0acb \u0aa6\u0ac7\u0aae\u0ac7\u0aa4\u0acd\u0ab0\u0abf\u0aaf\u0ab8 \u0ab5\u0abf\u0ab7\u0ac7 \u0ab8\u0abe\u0ab0\u0ac1\u0a82 \u0aac\u0acb\u0ab2\u0ac7 \u0a9b\u0ac7. \u0a85\u0aa8\u0ac7 \u0aa4\u0ac7\u0a93 \u0a9c\u0ac7 \u0a95\u0ab9\u0ac7 \u0a9b\u0ac7 \u0aa4\u0ac7 \u0ab8\u0abe\u0aa5\u0ac7 \u0ab8\u0aa4\u0acd\u0aaf \u0ab8\u0a82\u0aae\u0aa4 \u0aa5\u0abe\u0aaf \u0a9b\u0ac7. \u0a86\u0aaa\u0aa3\u0ac7 \u0aaa\u0aa3 \u0aa4\u0ac7\u0aa8\u0abe \u0aae\u0abe\u0a9f\u0ac7 \u0ab8\u0abe\u0ab0\u0ac1\u0a82 \u0a95\u0ab9\u0ac0\u0a8f \u0a9b\u0ac0\u0a8f. \u0a85\u0aa8\u0ac7 \u0aa4\u0aae\u0ac7 \u0a9c\u0abe\u0aa3\u0acb \u0a9b\u0acb \u0a95\u0ac7 \u0a86\u0aaa\u0aa3\u0ac7 \u0a9c\u0ac7 \u0a95\u0ab9\u0ac0\u0a8f \u0a9b\u0ac0\u0a8f \u0aa4\u0ac7 \u0ab8\u0abe\u0a9a\u0ac1\u0a82 \u0a9b\u0ac7."},{"Verseid":"63000012","Verse":"\u0aae\u0abe\u0ab0\u0ac0 \u0aaa\u0abe\u0ab8\u0ac7 \u0a98\u0aa3\u0ac1\u0a82 \u0a9b\u0ac7 \u0a9c\u0ac7 \u0aae\u0abe\u0ab0\u0ac7 \u0aa4\u0aae\u0aa8\u0ac7 \u0a95\u0ab9\u0ac7\u0ab5\u0ac1\u0a82 \u0a9b\u0ac7. \u0aaa\u0aa3 \u0ab9\u0ac1\u0a82 \u0ab6\u0abe\u0ab9\u0ac0 \u0a85\u0aa8\u0ac7 \u0a95\u0ab2\u0aae\u0aa8\u0acb \u0a89\u0aaa\u0aaf\u0acb\u0a97 \u0a95\u0ab0\u0ab5\u0abe \u0a88\u0a9a\u0acd\u0a9b\u0aa4\u0acb \u0aa8\u0aa5\u0ac0."},{"Verseid":"63000013","Verse":"\u0ab9\u0ac1\u0a82 \u0a9c\u0ab2\u0acd\u0aa6\u0ac0\u0aa5\u0ac0 \u0aa4\u0abe\u0ab0\u0ac0 \u0aae\u0ac1\u0ab2\u0abe\u0a95\u0abe\u0aa4 \u0ab2\u0ac7\u0ab5\u0abe\u0aa8\u0ac0 \u0a86\u0ab6\u0abe \u0ab0\u0abe\u0a96\u0ac1\u0a82 \u0a9b\u0ac1\u0a82. \u0aaa\u0a9b\u0ac0 \u0a86\u0aaa\u0aa3\u0ac7 \u0ab8\u0abe\u0aa5\u0ac7 \u0aae\u0ab3\u0ac0\u0aa8\u0ac7 \u0ab5\u0abe\u0aa4\u0acb \u0a95\u0ab0\u0ac0 \u0ab6\u0a95\u0ac0\u0ab6\u0ac1\u0a82."},{"Verseid":"63000014","Verse":"\u0aa4\u0aa8\u0ac7 \u0ab6\u0abe\u0a82\u0aa4\u0abf \u0aa5\u0abe\u0a93. \u0a9c\u0ac7 \u0aae\u0abf\u0aa4\u0acd\u0ab0\u0acb \u0a85\u0ab9\u0ac0\u0a82 \u0aae\u0abe\u0ab0\u0ac0 \u0ab8\u0abe\u0aa5\u0ac7 \u0a9b\u0ac7 \u0aa4\u0ac7\u0a93 \u0aa4\u0aa8\u0ac7 \u0a95\u0acd\u0ab7\u0ac7\u0aae\u0a95\u0ac1\u0ab6\u0ab3 \u0a95\u0ab9\u0ac7 \u0a9b\u0ac7. \u0aae\u0ab9\u0ac7\u0ab0\u0aac\u0abe\u0aa8\u0ac0 \u0a95\u0ab0\u0ac0\u0aa8\u0ac7 \u0aa4\u0acd\u0aaf\u0abe\u0a82\u0aa8\u0abe \u0aa6\u0ab0\u0ac7\u0a95 \u0aae\u0abf\u0aa4\u0acd\u0ab0\u0acb\u0aa8\u0ac7 \u0ab5\u0acd\u0aaf\u0a95\u0acd\u0aa4\u0abf\u0a97\u0aa4 \u0ab0\u0ac0\u0aa4\u0ac7 \u0a85\u0aae\u0abe\u0ab0\u0acb \u0aaa\u0acd\u0ab0\u0ac7\u0aae \u0a85\u0aa8\u0ac7 \u0a95\u0acd\u0ab7\u0ac7\u0aae\u0a95\u0ac1\u0ab6\u0ab3 \u0a95\u0ab9\u0ac7\u0a9c\u0ac7."}]}]}