{"Chapter":[{"Verse":[{"Verseid":"24000000","Verse":"\u0c9c\u0ca8\u0cad\u0cb0\u0cbf\u0ca4\u0cb5\u0cbe\u0c97\u0cbf\u0ca6\u0ccd\u0ca6 \u0ca8\u0c97\u0cb0\u0cbf\u0caf\u0cc1 \u0cb9\u0cc7\u0c97\u0cc6 \u0c92\u0c82\u0c9f\u0cbf\u0caf\u0cbe\u0c97\u0cbf \u0c95\u0cc2\u0ca4\u0cc1\u0c95\u0cca\u0c82\u0ca1\u0cbf\u0ca6\u0ccd\u0ca6\u0cbe\u0cb3\u0cc6! \u0c85\u0cb5\u0cb3\u0cc1 \u0cb9\u0cc7\u0c97\u0cc6 \u0cb5\u0cbf\u0ca7\u0cb5\u0cc6\u0caf\u0cbe\u0ca6\u0cb3\u0cc1! \u0c9c\u0ca8\u0cbe\u0c82\u0c97\u0c97\u0cb3\u0cb2\u0ccd\u0cb2\u0cbf \u0cb6\u0ccd\u0cb0\u0cc7\u0cb7\u0ccd\u0ca0\u0cb3\u0cbe\u0ca6\u0cb5\u0cb3\u0cc2 \u0cb8\u0c82\u0cb8\u0ccd\u0ca5\u0cbe\u0ca8\u0c97\u0cb3\u0cb2\u0ccd\u0cb2\u0cbf \u0cb0\u0cbe\u0c9c\u0c95\u0cc1\u0cae\u0cbe\u0cb0\u0cbf\u0caf\u0cbe\u0c97\u0cbf\u0ca6\u0ccd\u0ca6\u0cb5\u0cb3\u0cc2 \u0cb9\u0cc7\u0c97\u0cc6 \u0c95\u0caa\u0ccd\u0caa\u0cb5\u0ca8\u0ccd\u0ca8\u0cc1 \u0c95\u0cca\u0ca1\u0cc1\u0cb5\u0c82\u0ca5\u0cb5\u0cb3\u0cbe\u0ca6\u0cb3\u0cc1!"},{"Verseid":"24000001","Verse":"\u0c85\u0cb5\u0cb3\u0cc1 \u0cb0\u0cbe\u0ca4\u0ccd\u0cb0\u0cbf\u0caf\u0cb2\u0ccd\u0cb2\u0cbf \u0caf\u0cbe\u0ca4\u0ca8\u0cc6\u0c97\u0cca\u0c82\u0ca1\u0cc1 \u0c85\u0cb3\u0cc1\u0ca4\u0ccd\u0ca4\u0cbe\u0cb3\u0cc6. \u0c86\u0c95\u0cc6\u0caf \u0c95\u0ca3\u0ccd\u0ca3\u0cc0\u0cb0\u0cc1 \u0c95\u0cc6\u0ca8\u0ccd\u0ca8\u0cc6\u0c97\u0cb3 \u0cae\u0cc7\u0cb2\u0cbf\u0ca6\u0cc6; \u0c8e\u0cb2\u0ccd\u0cb2\u0cbe \u0caa\u0ccd\u0cb0\u0cbf\u0caf\u0cb0\u0cb2\u0ccd\u0cb2\u0cbf \u0c86\u0c95\u0cc6\u0caf\u0ca8\u0ccd\u0ca8\u0cc1 \u0c86\u0ca6\u0cb0\u0cbf\u0cb8\u0cc1\u0cb5\u0cb5\u0ca8\u0cc1 \u0c92\u0cac\u0ccd\u0cac\u0ca8\u0cc2 \u0c87\u0cb2\u0ccd\u0cb2. \u0c86\u0c95\u0cc6\u0caf \u0cb8\u0ccd\u0ca8\u0cc7\u0cb9\u0cbf\u0ca4\u0cb0\u0cc6\u0cb2\u0ccd\u0cb2\u0cb0\u0cc2 \u0cb5\u0c82\u0c9a\u0ca8\u0cc6\u0cae\u0cbe\u0ca1\u0cbf \u0cb6\u0ca4\u0ccd\u0cb0\u0cc1\u0c97\u0cb3\u0cbe\u0ca6\u0cb0\u0cc1."},{"Verseid":"24000002","Verse":"\u0caf\u0cc6\u0cb9\u0cc2\u0ca6\u0cb5\u0cc1 \u0cb8\u0c82\u0c95\u0c9f\u0ca6 \u0ca8\u0cbf\u0cae\u0cbf\u0ca4\u0ccd\u0ca4\u0cb5\u0cc2 \u0c98\u0ccb\u0cb0\u0cb5\u0cbe\u0ca6 \u0ca6\u0cbe\u0cb8\u0ccd\u0caf\u0ca6 \u0ca8\u0cbf\u0cae\u0cbf\u0ca4\u0ccd\u0ca4\u0cb5\u0cc2 \u0cb8\u0cc6\u0cb0\u0cc6\u0caf\u0cbe\u0c97\u0cbf \u0cb9\u0ccb\u0caf\u0cbf\u0ca4\u0cc1; \u0c86\u0c95\u0cc6\u0caf\u0cc1 \u0c85\u0ca8\u0ccd\u0caf\u0c9c\u0ca8\u0cbe\u0c82\u0c97\u0c97\u0cb3\u0cca\u0cb3\u0c97\u0cc6 \u0cb5\u0cbe\u0cb8\u0cae\u0cbe\u0ca1\u0cc1\u0cb5\u0cb5\u0cb3\u0cbe\u0c97\u0cbf \u0cb5\u0cbf\u0cb6\u0ccd\u0cb0\u0cbe\u0c82\u0ca4\u0cbf\u0caf\u0ca8\u0ccd\u0ca8\u0cc1 \u0c95\u0cbe\u0ca3\u0cb3\u0cc1; \u0c85\u0cb5\u0cb3\u0ca8\u0ccd\u0ca8\u0cc1 \u0cb9\u0cbf\u0c82\u0cb8\u0cbf\u0cb8\u0cc1\u0cb5\u0cb5 \u0cb0\u0cc6\u0cb2\u0ccd\u0cb2\u0cb0\u0cc2 \u0c85\u0cb5\u0cb3\u0ca8\u0ccd\u0ca8\u0cc1 \u0c87\u0c95\u0ccd\u0c95\u0c9f\u0ccd\u0c9f\u0cbf\u0ca8 \u0cae\u0ca7\u0ccd\u0caf\u0ca6\u0cb2\u0ccd\u0cb2\u0cbf \u0cb8\u0cbf\u0c95\u0ccd\u0c95\u0cbf\u0cb8\u0cbf\u0cb0\u0cc1\u0ca4\u0ccd\u0ca4\u0cbe\u0cb0\u0cc6."},{"Verseid":"24000003","Verse":"\u0c9a\u0cc0\u0caf\u0ccb\u0ca8\u0cbf\u0ca8 \u0cae\u0cbe\u0cb0\u0ccd\u0c97\u0c97\u0cb3\u0cc1 \u0ca6\u0cc1\u0c83\u0c96\u0cbf\u0cb8\u0cc1\u0ca4\u0ccd\u0ca4\u0cb5\u0cc6, \u0caf\u0cbe\u0c95\u0c82\u0ca6\u0cb0\u0cc6 \u0caa\u0cb5\u0cbf\u0ca4\u0ccd\u0cb0 \u0cb9\u0cac\u0ccd\u0cac\u0c97\u0cb3\u0cbf\u0c97\u0cc6 \u0caf\u0cbe\u0cb0\u0cc2 \u0cac\u0cb0\u0cb2\u0cbf\u0cb2\u0ccd\u0cb2; \u0c86\u0c95\u0cc6\u0caf \u0c8e\u0cb2\u0ccd\u0cb2\u0cbe \u0cac\u0cbe\u0c97\u0cbf\u0cb2\u0cc1\u0c97\u0cb3\u0cc1 \u0cb9\u0cbe\u0cb3\u0cc1\u0cac\u0cbf\u0ca6\u0ccd\u0ca6\u0cbf\u0cb5\u0cc6. \u0caf\u0cbe\u0c9c\u0c95\u0cb0\u0cc1 \u0ca8\u0cbf\u0c9f\u0ccd\u0c9f\u0cc1\u0cb8\u0cbf\u0cb0\u0cbf\u0ca1\u0cc1\u0ca4\u0ccd\u0ca4\u0cbe\u0cb0\u0cc6, \u0c95\u0ca8\u0ccd\u0caf\u0cc6\u0caf\u0cb0\u0cc1 \u0cb8\u0c82\u0c95\u0c9f\u0caa\u0ca1\u0cc1\u0ca4\u0ccd\u0ca4\u0cbe\u0cb0\u0cc6. \u0c86\u0c95\u0cc6\u0caf\u0cc1 \u0cb5\u0ccd\u0caf\u0ca5\u0cc6\u0caf\u0cb2\u0ccd\u0cb2\u0cbf\u0ca6\u0ccd\u0ca6\u0cbe\u0cb3\u0cc6."},{"Verseid":"24000004","Verse":"\u0c86\u0c95\u0cc6\u0caf \u0cb5\u0cc8\u0cb0\u0cbf\u0c97\u0cb3\u0cc1 \u0caa\u0ccd\u0cb0\u0cae\u0cc1\u0c96\u0cb0\u0cbe\u0ca6\u0cb0\u0cc1, \u0cb6\u0ca4\u0ccd\u0cb0\u0cc1\u0c97\u0cb3\u0cc1 \u0c85\u0cad\u0cbf\u0cb5\u0cc3\u0ca6\u0ccd\u0ca7\u0cbf\u0caf\u0cbe\u0c97\u0cbf \u0ca6\u0ccd\u0ca6\u0cbe\u0cb0\u0cc6; \u0c85\u0ca8\u0cc7\u0c95 \u0c85\u0caa\u0cb0\u0cbe\u0ca7\u0c97\u0cb3 \u0ca8\u0cbf\u0cae\u0cbf\u0ca4\u0ccd\u0ca4 \u0c95\u0cb0\u0ccd\u0ca4\u0ca8\u0cc1 \u0c86\u0c95\u0cc6\u0caf\u0ca8\u0ccd\u0ca8\u0cc1 \u0cb8\u0c82\u0c95\u0c9f\u0caa\u0ca1\u0cbf\u0cb8\u0cbf\u0ca6\u0ccd\u0ca6\u0cbe\u0ca8\u0cc6. \u0c86\u0c95\u0cc6\u0caf \u0cae\u0c95\u0ccd\u0c95\u0cb3\u0cc1 \u0cb6\u0ca4\u0ccd\u0cb0\u0cc1 \u0cb5\u0cbf\u0ca8 \u0cae\u0cc1\u0c82\u0ca6\u0cc6 \u0cb8\u0cc6\u0cb0\u0cc6\u0c97\u0cc6 \u0cb9\u0ccb\u0c97\u0cbf\u0ca6\u0ccd\u0ca6\u0cbe\u0cb0\u0cc6."},{"Verseid":"24000005","Verse":"\u0c9a\u0cc0\u0caf\u0ccb\u0ca8\u0cbf\u0ca8 \u0cae\u0c97\u0cb3 \u0c8e\u0cb2\u0ccd\u0cb2\u0cbe \u0cb8\u0ccc\u0c82\u0ca6\u0cb0\u0ccd\u0caf\u0cb5\u0cc1 \u0c85\u0cb5\u0cb3\u0ca8\u0ccd\u0ca8\u0cc1 \u0cac\u0cbf\u0c9f\u0ccd\u0c9f\u0cc1 \u0cb9\u0ccb\u0caf\u0cbf\u0ca4\u0cc1. \u0c85\u0cb5\u0cb3 \u0caa\u0ccd\u0cb0\u0ca7\u0cbe\u0ca8\u0cb0\u0cc1 \u0cae\u0cc7\u0cb5\u0cc1 \u0c95\u0cbe\u0ca3\u0ca6 \u0c9c\u0cbf\u0c82\u0c95\u0cc6\u0c97\u0cb3 \u0cb9\u0cbe\u0c97\u0cbe\u0ca6\u0cb0\u0cc1. \u0c85\u0cb5\u0cb0\u0cc1 \u0cb9\u0cbf\u0c82\u0ca6\u0c9f\u0ccd\u0c9f\u0cc1\u0cb5\u0cb5\u0ca8 \u0cae\u0cc1\u0c82\u0ca6\u0cc6 \u0ca4\u0ccd\u0cb0\u0cbe\u0ca3\u0cb5\u0cbf\u0cb2\u0ccd\u0cb2\u0ca6\u0cb5\u0cb0 \u0cb9\u0cbe\u0c97\u0cc6 \u0cb9\u0ccb\u0ca6\u0cb0\u0cc1."},{"Verseid":"24000006","Verse":"\u0caf\u0cc6\u0cb0\u0cc2\u0cb8\u0cb2\u0cc7\u0cae\u0cc1 \u0c95\u0cb7\u0ccd\u0c9f \u0cae\u0ca4\u0ccd\u0ca4\u0cc1 \u0cb8\u0c82\u0c95\u0c9f\u0ca6\u0cb2\u0ccd\u0cb2\u0cbf\u0ca6\u0ccd\u0ca6\u0cbe\u0c97 \u0caa\u0cc2\u0cb0\u0ccd\u0cb5\u0ca6\u0cbf\u0ca8\u0c97\u0cb3\u0cb2\u0ccd\u0cb2\u0cbf \u0ca4\u0ca8\u0c97\u0cbf\u0ca6\u0ccd\u0ca6 \u0cb0\u0cae\u0ccd\u0caf\u0cb5\u0cbe\u0ca6\u0cb5\u0cc1\u0c97\u0cb3\u0cc6\u0cb2\u0ccd\u0cb2\u0cb5\u0ca8\u0ccd\u0ca8\u0cc1 \u0c9c\u0ccd\u0c9e\u0cbe\u0caa\u0c95\u0cae\u0cbe\u0ca1\u0cbf\u0c95\u0cca\u0c82\u0ca1\u0cbf\u0ca6\u0ccd\u0ca6\u0cbe\u0cb3\u0cc6. \u0c86\u0c95\u0cc6\u0caf \u0c9c\u0ca8\u0cb0\u0cc1 \u0cb6\u0ca4\u0ccd\u0cb0\u0cc1\u0cb5\u0cbf\u0ca8 \u0c95\u0cc8\u0caf\u0cb2\u0ccd\u0cb2\u0cbf \u0cac\u0cbf\u0ca6\u0ccd\u0ca6\u0cbe\u0c97 \u0caf\u0cbe\u0cb5\u0ca8\u0cc2 \u0cb8\u0cb9\u0cbe\u0caf\u0cae\u0cbe\u0ca1\u0cb2\u0cbf\u0cb2\u0ccd\u0cb2. \u0cb5\u0cc8\u0cb0\u0cbf\u0c97\u0cb3\u0cc1 \u0c85\u0cb5\u0cb3\u0ca8\u0ccd\u0ca8\u0cc1 \u0ca8\u0ccb\u0ca1\u0cbf \u0c85\u0cb5\u0cb3 \u0cb8\u0cac\u0ccd\u0cac\u0ca4\u0ccd\u0ca4\u0cc1\u0c97\u0cb3 \u0cb5\u0cbf\u0cb7\u0caf\u0ca6\u0cb2\u0ccd\u0cb2\u0cbf \u0c85\u0caa\u0cb9\u0cbe\u0cb8\u0ccd\u0caf\u0cae\u0cbe\u0ca1\u0cbf\u0ca6\u0cb0\u0cc1."},{"Verseid":"24000007","Verse":"\u0caf\u0cc6\u0cb0\u0cc2\u0cb8 \u0cb2\u0cc7\u0cae\u0cc1 \u0c98\u0ccb\u0cb0\u0cb5\u0cbe\u0c97\u0cbf \u0caa\u0cbe\u0caa\u0cae\u0cbe\u0ca1\u0cbf\u0ca6\u0cc6; \u0c86\u0ca6\u0ca6\u0cb0\u0cbf\u0c82\u0ca6 \u0c85\u0cb5\u0cb3\u0cc1 \u0ca4\u0cc6\u0c97\u0cc6\u0ca6\u0cc1\u0cb9\u0cbe\u0c95\u0cb2\u0ccd\u0caa\u0c9f\u0ccd\u0c9f\u0cbf\u0ca6\u0ccd\u0ca6\u0cbe\u0cb3\u0cc6; \u0c85\u0cb5\u0cb3\u0ca8\u0ccd\u0ca8\u0cc1 \u0cb8\u0ca8\u0ccd\u0cae\u0cbe\u0ca8\u0cbf\u0cb8\u0cbf \u0ca6\u0cb5\u0cb0\u0cc6\u0cb2\u0ccd\u0cb2\u0cb0\u0cc2 \u0c85\u0cb5\u0cb3\u0ca8\u0ccd\u0ca8\u0cc1 \u0cb9\u0cc0\u0ca8\u0cc8\u0cb8\u0cc1\u0ca4\u0ccd\u0ca4\u0cbe\u0cb0\u0cc6; \u0c85\u0cb5\u0cb0\u0cc1 \u0c85\u0cb5\u0cb3 \u0cac\u0cc6\u0ca4\u0ccd\u0ca4\u0cb2\u0cc6\u0ca4\u0ca8\u0cb5\u0ca8\u0ccd\u0ca8\u0cc1 \u0ca8\u0ccb\u0ca1\u0cbf\u0ca6\u0ccd\u0ca6\u0cbe\u0cb0\u0cc6; \u0cb9\u0ccc\u0ca6\u0cc1, \u0c85\u0cb5\u0cb3\u0cc1 \u0ca8\u0cbf\u0c9f\u0ccd\u0c9f\u0cc1\u0cb8\u0cbf\u0cb0\u0cbf\u0c9f\u0ccd\u0c9f\u0cc1 \u0cb9\u0cbf\u0c82\u0ca6\u0c95\u0ccd\u0c95\u0cc6 \u0ca4\u0cbf\u0cb0\u0cc1\u0c97\u0cc1\u0ca4\u0ccd\u0ca4\u0cbe\u0cb3\u0cc6."},{"Verseid":"24000008","Verse":"\u0c85\u0cb5\u0cb3 \u0ca8\u0cc6\u0cb0\u0cbf\u0c97\u0cc6\u0caf\u0cc1 \u0c85\u0cb6\u0cc1\u0ca6\u0ccd\u0ca7\u0cb5\u0cbe\u0c97\u0cbf\u0ca6\u0cc6; \u0c85\u0cb5\u0cb3\u0cc1 \u0ca4\u0ca8\u0ccd\u0ca8 \u0c85\u0c82\u0ca4\u0ccd\u0caf\u0cb5\u0ca8\u0ccd\u0ca8\u0cc1 \u0c9c\u0ccd\u0c9e\u0cbe\u0caa\u0c95 \u0cae\u0cbe\u0ca1\u0cbf\u0c95\u0cca\u0cb3\u0ccd\u0cb3\u0cc1\u0cb5\u0ca6\u0cbf\u0cb2\u0ccd\u0cb2; \u0c86\u0ca6\u0cc1\u0ca6\u0cb0\u0cbf\u0c82\u0ca6 \u0c85\u0cb5\u0cb3\u0cc1 \u0c86\u0cb6\u0ccd\u0c9a\u0cb0\u0ccd\u0caf \u0c95\u0cb0\u0cb5\u0cbe\u0c97\u0cbf \u0c87\u0cb3\u0cbf\u0ca6\u0cc1 \u0cac\u0c82\u0ca6\u0cb3\u0cc1; \u0c85\u0cb5\u0cb3\u0ca8\u0ccd\u0ca8\u0cc1 \u0c86\u0ca6\u0cb0\u0cbf\u0cb8\u0cc1\u0cb5\u0cb5\u0cb0\u0cc1 \u0caf\u0cbe\u0cb0\u0cc2 \u0c87\u0cb2\u0ccd\u0cb2. \u0c93 \u0c95\u0cb0\u0ccd\u0ca4\u0ca8\u0cc7, \u0ca8\u0ca8\u0ccd\u0ca8 \u0cb8\u0c82\u0c95\u0c9f\u0cb5\u0ca8\u0ccd\u0ca8\u0cc1 \u0ca8\u0ccb\u0ca1\u0cc1, \u0cb6\u0ca4\u0ccd\u0cb0\u0cc1\u0cb5\u0cc1 \u0ca4\u0ca8\u0ccd\u0ca8\u0ca8\u0ccd\u0ca8\u0cc1 \u0ca4\u0cbe\u0ca8\u0cc7 \u0cb9\u0cc6\u0c9a\u0ccd\u0c9a\u0cbf\u0cb8\u0cbf\u0c95\u0cca\u0c82\u0ca1\u0cbf\u0ca6\u0ccd\u0ca6\u0cbe\u0ca8\u0cc6."},{"Verseid":"24000009","Verse":"\u0cb5\u0cc8\u0cb0\u0cbf\u0caf\u0cc1 \u0c86\u0c95\u0cc6\u0caf \u0c8e\u0cb2\u0ccd\u0cb2\u0cbe \u0cb0\u0cae\u0ccd\u0caf\u0cb5\u0cbe\u0ca6 \u0cb5\u0cb8\u0ccd\u0ca4\u0cc1\u0c97\u0cb3 \u0cae\u0cc7\u0cb2\u0cc6 \u0ca4\u0ca8\u0ccd\u0ca8 \u0c95\u0cc8 \u0c9a\u0cbe\u0c9a\u0cbf\u0ca6\u0ccd\u0ca6\u0cbe\u0ca8\u0cc6. \u0ca8\u0cbf\u0ca8\u0ccd\u0ca8 \u0cb8\u0cad\u0cc6\u0caf\u0cb2\u0ccd\u0cb2\u0cbf \u0cb8\u0cc7\u0cb0 \u0cac\u0cbe\u0cb0\u0ca6\u0cc6\u0c82\u0ca6\u0cc1 \u0ca8\u0cc0\u0ca8\u0cc1 \u0c86\u0c9c\u0ccd\u0c9e\u0cbe\u0caa\u0cbf\u0cb8\u0cbf\u0ca6 \u0c85\u0ca8\u0ccd\u0caf \u0c9c\u0ca8\u0cbe\u0c82\u0c97\u0c97\u0cb3\u0cc1 \u0ca4\u0ca8\u0ccd\u0ca8 \u0caa\u0cb0\u0cbf\u0cb6\u0cc1\u0ca6\u0ccd\u0ca7 \u0cb8\u0ccd\u0ca5\u0cb3\u0ca6\u0cb2\u0ccd\u0cb2\u0cbf \u0cb8\u0cc7\u0cb0\u0cbf\u0cb0\u0cc1\u0cb5\u0ca6\u0ca8\u0ccd\u0ca8\u0cc1 \u0ca8\u0ccb\u0ca1\u0cbf\u0ca6\u0ccd\u0ca6\u0cbe\u0cb3\u0cc6."},{"Verseid":"24000010","Verse":"\u0c85\u0cb5\u0cb3 \u0c9c\u0ca8\u0cb0\u0cc6\u0cb2\u0ccd\u0cb2\u0cbe \u0ca8\u0cbf\u0c9f\u0ccd\u0c9f\u0cc1\u0cb8\u0cbf\u0cb0\u0cc1 \u0cac\u0cbf\u0ca1\u0cc1\u0ca4\u0ccd\u0ca4\u0cbe\u0cb0\u0cc6. \u0c85\u0cb5\u0cb0\u0cc1 \u0cb0\u0cca\u0c9f\u0ccd\u0c9f\u0cbf\u0caf\u0ca8\u0ccd\u0ca8\u0cc1 \u0cb9\u0cc1\u0ca1\u0cc1\u0c95\u0cc1\u0ca4\u0ccd\u0ca4\u0cbe\u0cb0\u0cc6. \u0c85\u0cb5\u0cb0\u0cc1 \u0caa\u0ccd\u0cb0\u0cbe\u0ca3\u0cb5\u0ca8\u0ccd\u0ca8\u0cc1 \u0c89\u0cb3\u0cbf\u0cb8\u0cbf\u0c95\u0cca\u0cb3\u0ccd\u0cb3\u0cb2\u0cc1 \u0ca4\u0cae\u0ccd\u0cae \u0cb0\u0cae\u0ccd\u0caf\u0cb5\u0cbe\u0ca6\u0cb5\u0cc1\u0c97\u0cb3\u0ca8\u0ccd\u0ca8\u0cc1 \u0c86\u0cb9\u0cbe\u0cb0 \u0c95\u0ccd\u0c95\u0cbe\u0c97\u0cbf \u0c95\u0cca\u0c9f\u0ccd\u0c9f\u0cbf\u0ca6\u0ccd\u0ca6\u0cbe\u0cb0\u0cc6. \u0c93 \u0c95\u0cb0\u0ccd\u0ca4\u0ca8\u0cc7, \u0ca8\u0ccb\u0ca1\u0cc1, \u0cb2\u0c95\u0ccd\u0cb7\u0cbf\u0cb8\u0cc1; \u0ca8\u0cbe\u0ca8\u0cc1 \u0cad\u0ccd\u0cb0\u0cb7\u0ccd\u0ca0\u0cb3\u0cbe\u0ca6\u0cc6\u0ca8\u0cc1."},{"Verseid":"24000011","Verse":"\u0cb9\u0cbe\u0ca6\u0cc1 \u0cb9\u0ccb\u0c97\u0cc1\u0cb5 \u0cb5\u0cb0\u0cc6\u0cb2\u0ccd\u0cb2\u0cb0\u0cc7, \u0c87\u0ca6\u0cc1 \u0ca8\u0cbf\u0cae\u0c97\u0cc6 \u0c8f\u0ca8\u0cc2 \u0c85\u0cb2\u0ccd\u0cb2\u0cb5\u0ccb? \u0c87\u0c97\u0ccb, \u0c95\u0cb0\u0ccd\u0ca4\u0ca8 \u0c95\u0ccb\u0caa \u0c89\u0cb0\u0cbf\u0caf\u0cc1\u0cb5 \u0ca6\u0cbf\u0ca8\u0ca6\u0cb2\u0ccd\u0cb2\u0cbf \u0ca8\u0ca8\u0ccd\u0ca8\u0ca8\u0ccd\u0ca8\u0cc1 \u0cb8\u0c82\u0c95\u0c9f\u0caa\u0ca1\u0cbf\u0cb8\u0cbf\u0ca6 \u0ca8\u0ca8\u0ccd\u0ca8 \u0ca6\u0cc1\u0c83\u0c96\u0ca6 \u0cb9\u0cbe\u0c97\u0cc6 \u0cac\u0cc7\u0cb0\u0cc6 \u0caf\u0cbe\u0cb5 \u0ca6\u0cc1\u0c83\u0c96\u0cb5\u0cbe\u0ca6\u0cb0\u0cc2 \u0c87\u0ca6\u0ccd\u0ca6\u0cb0\u0cc6 \u0ca8\u0ccb\u0ca1\u0cbf\u0cb0\u0cbf."},{"Verseid":"24000012","Verse":"\u0c86\u0ca4\u0ca8\u0cc1 \u0cae\u0cc7\u0cb2\u0cbf\u0ca8\u0cbf\u0c82\u0ca6 \u0ca8\u0ca8\u0ccd\u0ca8 \u0c8e\u0cb2\u0cc1\u0cac\u0cc1\u0c97\u0cb3\u0cbf\u0c97\u0cc6 \u0cac\u0cc6\u0c82\u0c95\u0cbf\u0caf\u0ca8\u0ccd\u0ca8\u0cc1 \u0c95\u0cb3\u0cc1\u0cb9\u0cbf\u0cb8\u0cbf \u0ca6\u0ccd\u0ca6\u0cbe\u0ca8\u0cc6, \u0c85\u0ca6\u0cc1 \u0c85\u0cb5\u0cc1\u0c97\u0cb3\u0ca8\u0ccd\u0ca8\u0cc1 \u0cb5\u0cb6\u0caa\u0ca1\u0cbf\u0cb8\u0cbf\u0c95\u0cca\u0c82\u0ca1\u0cbf\u0ca6\u0cc6; \u0ca8\u0ca8\u0ccd\u0ca8 \u0caa\u0cbe\u0ca6\u0ca6 \u0cae\u0cc7\u0cb2\u0cc6 \u0c92\u0c82\u0ca6\u0cc1 \u0cac\u0cb2\u0cc6\u0caf\u0ca8\u0ccd\u0ca8\u0cc1 \u0cac\u0cc0\u0cb8\u0cbf \u0ca8\u0ca8\u0ccd\u0ca8\u0ca8\u0ccd\u0ca8\u0cc1 \u0cb9\u0cbf\u0c82\u0ca6\u0c95\u0ccd\u0c95\u0cc6 \u0ca4\u0cbf\u0cb0\u0cc1\u0c97\u0cbf\u0cb8\u0cbf\u0ca6\u0ccd\u0ca6\u0cbe\u0ca8\u0cc6; \u0ca8\u0ca8\u0ccd\u0ca8\u0ca8\u0ccd\u0ca8\u0cc1 \u0ca6\u0cbf\u0ca8\u0cb5\u0cc6\u0cb2\u0ccd\u0cb2\u0cbe \u0cb9\u0cbe\u0cb3\u0cbe\u0c97\u0cbf\u0caf\u0cc2 \u0cae\u0cc2\u0cb0\u0ccd\u0c9b\u0cc6 \u0cb9\u0ccb\u0c97\u0cc1\u0cb5\u0c82\u0ca4\u0cc6\u0caf\u0cc2 \u0cae\u0cbe\u0ca1\u0cbf\u0ca6\u0ccd\u0ca6\u0cbe\u0ca8\u0cc6."},{"Verseid":"24000013","Verse":"\u0ca8\u0ca8\u0ccd\u0ca8 \u0c85\u0c95\u0ccd\u0cb0\u0cae\u0c97\u0cb3 \u0ca8\u0cca\u0c97\u0cb5\u0cc1 \u0c86\u0ca4\u0ca8 \u0c95\u0cc8\u0caf\u0cbf\u0c82\u0ca6 \u0c95\u0c9f\u0ccd\u0c9f\u0cb2\u0ccd\u0caa\u0c9f\u0ccd\u0c9f\u0cbf\u0ca6\u0cc6; \u0c85\u0cb5\u0cc1 \u0cb9\u0cc6\u0ca3\u0cc6\u0caf\u0cb2\u0ccd\u0caa\u0c9f\u0ccd\u0c9f\u0cbf\u0cb5\u0cc6; \u0ca8\u0ca8\u0ccd\u0ca8 \u0c95\u0cc1\u0ca4\u0ccd\u0ca4\u0cbf\u0c97\u0cc6\u0caf\u0ca8\u0ccd\u0ca8\u0cc1 \u0cb8\u0cc1\u0ca4\u0ccd\u0ca4\u0cbf\u0c95\u0cca\u0c82\u0ca1\u0cbf\u0cb5\u0cc6; \u0cae\u0cc7\u0cb2\u0cc6 \u0cac\u0cb0\u0cc1\u0ca4\u0ccd\u0ca4\u0cb5\u0cc6. \u0c86\u0ca4\u0ca8\u0cc1 \u0ca8\u0ca8\u0ccd\u0ca8 \u0cb6\u0c95\u0ccd\u0ca4\u0cbf\u0caf\u0cc1 \u0c95\u0cc1\u0c97\u0ccd\u0c97\u0cc1\u0cb5 \u0cb9\u0cbe\u0c97\u0cc6 \u0cae\u0cbe\u0ca1\u0cbf\u0ca6\u0ca8\u0cc1, \u0c95\u0cb0\u0ccd\u0ca4\u0ca8\u0cc1 \u0ca8\u0ca8\u0ccd\u0ca8\u0ca8\u0ccd\u0ca8\u0cc1 \u0c85\u0cb5\u0cb0 \u0c95\u0cc8\u0c97\u0cb3\u0cbf\u0c97\u0cc6 \u0c92\u0caa\u0ccd\u0caa\u0cbf\u0cb8\u0cbf \u0c85\u0cb5\u0cb0\u0cbf\u0c82\u0ca6 \u0ca8\u0cbe\u0ca8\u0cc1 \u0c8e\u0ca6\u0ccd\u0ca6\u0cc7\u0cb3\u0cb2\u0cc1 \u0cb6\u0c95\u0ccd\u0ca4\u0ca8\u0cbe\u0c97\u0ca6\u0c82\u0ca4\u0cc6 \u0cae\u0cbe\u0ca1\u0cbf\u0ca6\u0ccd\u0ca6\u0cbe\u0ca8\u0cc6."},{"Verseid":"24000014","Verse":"\u0c95\u0cb0\u0ccd\u0ca4\u0ca8\u0cc1 \u0ca8\u0ca8\u0ccd\u0ca8 \u0c8e\u0ca6\u0cc1\u0cb0\u0cbf\u0ca8\u0cb2\u0ccd\u0cb2\u0cbf \u0ca8\u0ca8\u0ccd\u0ca8 \u0caa\u0cb0\u0cbe\u0c95\u0ccd\u0cb0\u0cae\u0cb6\u0cbe\u0cb2\u0cbf\u0c97\u0cb3\u0ca8\u0ccd\u0ca8\u0cc6\u0cb2\u0ccd\u0cb2\u0cbe \u0c95\u0cbe\u0cb2\u0cbf\u0ca8 \u0c95\u0cc6\u0cb3\u0c97\u0cc6 \u0ca4\u0cc1\u0cb3\u0cbf\u0ca6\u0cc1\u0cac\u0cbf\u0c9f\u0ccd\u0c9f\u0cbf\u0ca6\u0ccd\u0ca6\u0cbe\u0ca8\u0cc6; \u0c86\u0ca4\u0ca8\u0cc1 \u0ca8\u0ca8\u0ccd\u0ca8 \u0caf\u0ccc\u0cb5\u0ca8\u0cb8\u0ccd\u0ca5\u0cb0\u0ca8\u0ccd\u0ca8\u0cc1 \u0c9c\u0c9c\u0ccd\u0c9c\u0cb2\u0cc1 \u0ca8\u0ca8\u0c97\u0cc6 \u0cb5\u0cbf\u0cb0\u0cc1\u0ca6\u0ccd\u0ca7\u0cb5\u0cbe\u0c97\u0cbf \u0cb8\u0cad\u0cc6\u0caf\u0ca8\u0ccd\u0ca8\u0cc1 \u0c95\u0cb0\u0cc6\u0ca6\u0cbf\u0ca6\u0ccd\u0ca6\u0cbe\u0ca8\u0cc6; \u0c95\u0cb0\u0ccd\u0ca4\u0ca8\u0cc1 \u0caf\u0cc6\u0cb9\u0cc2\u0ca6\u0ca6 \u0cae\u0c97\u0cb3\u0cbe\u0ca6 \u0c95\u0ca8\u0ccd\u0caf\u0cc6\u0caf\u0ca8\u0ccd\u0ca8\u0cc1 \u0ca6\u0ccd\u0cb0\u0cbe\u0c95\u0ccd\u0cb7\u0cc6\u0caf \u0ca4\u0cca\u0c9f\u0ccd\u0c9f\u0cbf\u0caf\u0c82\u0ca4\u0cc6 \u0ca4\u0cc1\u0cb3\u0cbf\u0ca6\u0cbf\u0ca6\u0ccd\u0ca6\u0cbe\u0ca8\u0cc6."},{"Verseid":"24000015","Verse":"\u0c87\u0cb5\u0cc1\u0c97\u0cb3 \u0ca8\u0cbf\u0cae\u0cbf\u0ca4\u0ccd\u0ca4 \u0ca8\u0cbe\u0ca8\u0cc1 \u0c85\u0cb3\u0cc1\u0ca4\u0ccd\u0ca4\u0cc7\u0ca8\u0cc6; \u0c95\u0ca3\u0ccd\u0ca3\u0cc0\u0cb0\u0cc1 \u0ca7\u0cbe\u0cb0\u0cc6\u0ca7\u0cbe\u0cb0\u0cc6\u0caf\u0cbe\u0c97\u0cbf \u0cb8\u0cc1\u0cb0\u0cbf\u0caf\u0cc1\u0cb5\u0ca6\u0cc1, \u0ca8\u0ca8\u0ccd\u0ca8\u0ca8\u0ccd\u0ca8\u0cc1 \u0c86\u0ca6\u0cb0\u0cbf\u0cb8\u0cc1\u0cb5\u0cbe\u0ca4\u0ca8\u0cc2 \u0ca8\u0ca8\u0ccd\u0ca8 \u0caa\u0ccd\u0cb0\u0cbe\u0ca3\u0cb5\u0ca8\u0ccd\u0ca8\u0cc1 \u0cac\u0ca6\u0cc1\u0c95\u0cbf\u0cb8\u0cc1\u0cb5 \u0c86\u0ca6\u0cb0\u0cbf\u0c95\u0ca8\u0cc2 \u0ca8\u0ca8\u0ccd\u0ca8\u0cbf\u0c82\u0ca6 \u0ca6\u0cc2\u0cb0\u0cb5\u0cbe\u0c97\u0cbf\u0ca6\u0ccd\u0ca6\u0cbe\u0ca8\u0cc6; \u0ca8\u0ca8\u0ccd\u0ca8 \u0cae\u0c95\u0ccd\u0c95\u0cb3\u0cc1 \u0cb9\u0cbe\u0cb3\u0cbe\u0c97\u0cbf\u0ca6\u0ccd\u0ca6\u0cbe\u0cb0\u0cc6, \u0ca8\u0ca8\u0ccd\u0ca8 \u0cb6\u0ca4\u0ccd\u0cb0\u0cc1\u0cb5\u0cc1 \u0c97\u0cc6\u0ca6\u0ccd\u0ca6\u0cbf\u0ca6\u0ccd\u0ca6\u0cbe\u0ca8\u0cc6."},{"Verseid":"24000016","Verse":"\u0c9a\u0cc0\u0caf\u0ccb\u0ca8\u0ccd\u200c \u0ca4\u0ca8\u0ccd\u0ca8 \u0c95\u0cc8\u0c97\u0cb3\u0ca8\u0ccd\u0ca8\u0cc1 \u0c9a\u0cbe\u0c9a\u0cc1\u0ca4\u0ccd\u0ca4\u0cbe\u0cb3\u0cc6; \u0c85\u0cb2\u0ccd\u0cb2\u0cbf \u0c85\u0cb5\u0cb3\u0ca8\u0ccd\u0ca8\u0cc1 \u0c86\u0ca6\u0cb0\u0cbf\u0cb8\u0cc1\u0cb5\u0cb5\u0ca8\u0cc1 \u0c92\u0cac\u0ccd\u0cac\u0ca8\u0cc2 \u0c87\u0cb2\u0ccd\u0cb2; \u0caf\u0cbe\u0c95\u0ccb\u0cac\u0cbf\u0c97\u0cc6 \u0cb8\u0c82\u0cac\u0c82\u0ca7\u0cbf\u0cb8\u0cbf\u0ca6 \u0c85\u0cb5\u0ca8 \u0cb5\u0cc8\u0cb0\u0cbf\u0c97\u0cb3\u0cc1 \u0c85\u0cb5\u0ca8 \u0cb8\u0cc1\u0ca4\u0ccd\u0ca4\u0cb2\u0cc2 \u0c87\u0cb0\u0cac\u0cc7\u0c95\u0cc6\u0c82\u0ca6\u0cc1 \u0c95\u0cb0\u0ccd\u0ca4\u0ca8\u0cc1 \u0c86\u0c9c\u0ccd\u0c9e\u0cbe\u0caa\u0cbf\u0cb8\u0cbf\u0ca6\u0ccd\u0ca6\u0cbe\u0ca8\u0cc6. \u0caf\u0cc6\u0cb0\u0cc2\u0cb8\u0cb2\u0cc7\u0cae\u0cc1 \u0c85\u0cb5\u0cb0 \u0cae\u0ca6\u0ccd\u0caf\u0ca6\u0cb2\u0ccd\u0cb2\u0cbf \u0cae\u0cc1\u0c9f\u0ccd\u0c9f\u0cbe\u0ca6 \u0cb9\u0cc6\u0c82\u0c97\u0cb8\u0cbf\u0ca8 \u0cb9\u0cbe\u0c97\u0cc6 \u0c87\u0ca6\u0cc6."},{"Verseid":"24000017","Verse":"\u0c95\u0cb0\u0ccd\u0ca4\u0ca8\u0cc1 \u0ca8\u0cc0\u0ca4\u0cbf\u0cb5\u0c82\u0ca4\u0ca8\u0cc1, \u0ca8\u0cbe\u0ca8\u0cc1 \u0c86\u0ca4\u0ca8 \u0c86\u0c9c\u0ccd\u0c9e\u0cc6\u0c97\u0cc6 \u0cb5\u0cbf\u0cb0\u0cc1\u0ca6\u0ccd\u0ca7\u0cb5\u0cbe\u0c97\u0cbf \u0ca4\u0cbf\u0cb0\u0cc1\u0c97\u0cbf\u0cac\u0cbf\u0ca6\u0ccd\u0ca6\u0cbf\u0ca6\u0ccd\u0ca6\u0cc7\u0ca8\u0cc6; \u0c8e\u0cb2\u0ccd\u0cb2\u0cbe \u0c9c\u0ca8\u0cb0\u0cc7, \u0c95\u0cc7\u0cb3\u0cbf\u0cb0\u0cbf, \u0ca8\u0cbe\u0ca8\u0cc1 \u0ca8\u0cbf\u0cae\u0ccd\u0cae\u0ca8\u0ccd\u0ca8\u0cc1 \u0c95\u0cc7\u0cb3\u0cbf \u0c95\u0cca\u0cb3\u0ccd\u0cb3\u0cc1\u0ca4\u0ccd\u0ca4\u0cc7\u0ca8\u0cc6; \u0ca8\u0ca8\u0ccd\u0ca8 \u0ca6\u0cc1\u0c83\u0c96\u0cb5\u0ca8\u0ccd\u0ca8\u0cc1 \u0ca8\u0ccb\u0ca1\u0cbf\u0cb0\u0cbf, \u0ca8\u0ca8\u0ccd\u0ca8 \u0c95\u0ca8\u0ccd\u0caf\u0cc6\u0caf\u0cb0\u0cc2 \u0ca8\u0ca8\u0ccd\u0ca8 \u0caf\u0ccc\u0cb5\u0ca8\u0cb8\u0ccd\u0ca5\u0cb0\u0cc2 \u0cb8\u0cc6\u0cb0\u0cc6\u0c97\u0cc6 \u0cb9\u0ccb\u0c97\u0cbf\u0ca6\u0ccd\u0ca6\u0cbe\u0cb0\u0cc6."},{"Verseid":"24000018","Verse":"\u0ca8\u0cbe\u0ca8\u0cc1 \u0ca8\u0ca8\u0ccd\u0ca8 \u0caa\u0ccd\u0cb0\u0cbf\u0caf\u0cb0\u0ca8\u0ccd\u0ca8\u0cc1 \u0c95\u0cb0\u0cc6\u0ca6\u0cc6\u0ca8\u0cc1, \u0c86\u0ca6\u0cb0\u0cc6 \u0c85\u0cb5\u0cb0\u0cc1 \u0ca8\u0ca8\u0ccd\u0ca8\u0ca8\u0ccd\u0ca8\u0cc1 \u0cae\u0ccb\u0cb8\u0c97\u0cca\u0cb3\u0cbf\u0cb8\u0cbf\u0ca6\u0cb0\u0cc1; \u0ca8\u0ca8\u0ccd\u0ca8 \u0caf\u0cbe\u0c9c\u0c95\u0cb0\u0cc2 \u0cb9\u0cbf\u0cb0\u0cbf \u0caf\u0cb0\u0cc2 \u0ca4\u0cae\u0ccd\u0cae \u0caa\u0ccd\u0cb0\u0cbe\u0ca3\u0cb5\u0ca8\u0ccd\u0ca8\u0cc1 \u0c89\u0cb3\u0cbf\u0cb8\u0cbf\u0c95\u0cca\u0cb3\u0ccd\u0cb3\u0cc1\u0cb5\u0ca6\u0c95\u0ccd\u0c95\u0cc6 \u0cb0\u0cca\u0c9f\u0ccd\u0c9f\u0cbf \u0caf\u0ca8\u0ccd\u0ca8\u0cc1 \u0cb9\u0cc1\u0ca1\u0cc1\u0c95\u0cc1\u0ca4\u0ccd\u0ca4\u0cbe \u0ca8\u0c97\u0cb0\u0ca6\u0cb2\u0ccd\u0cb2\u0cbf \u0cb8\u0ca4\u0ccd\u0ca4\u0cc1\u0cb9\u0ccb\u0ca6\u0cb0\u0cc1."},{"Verseid":"24000019","Verse":"\u0c93 \u0c95\u0cb0\u0ccd\u0ca4\u0ca8\u0cc7, \u0ca8\u0ccb\u0ca1\u0cc1; \u0ca8\u0cbe\u0ca8\u0cc1 \u0c87\u0c95\u0ccd\u0c95\u0c9f\u0ccd\u0c9f\u0cbf\u0ca8\u0cb2\u0ccd\u0cb2\u0cbf\u0ca6\u0ccd\u0ca6\u0cc7\u0ca8\u0cc6. \u0ca8\u0ca8\u0ccd\u0ca8 \u0c95\u0cb0\u0cc1\u0cb3\u0cc1\u0c97\u0cb3\u0cc1 \u0ca8\u0ca8\u0ccd\u0ca8 \u0cb9\u0cc3\u0ca6\u0caf\u0cb5\u0cc1 \u0cae\u0c97\u0c9a\u0cbf\u0c95\u0cca\u0c82\u0ca1\u0cbf\u0ca6\u0cc6. \u0ca8\u0cbe\u0ca8\u0cc1 \u0c98\u0ccb\u0cb0\u0cb5\u0cbe\u0c97\u0cbf \u0ca4\u0cbf\u0cb0\u0cc1\u0c97\u0cbf\u0cac\u0cbf\u0ca6\u0ccd\u0ca6\u0cbf\u0ca6\u0ccd\u0ca6\u0cc7\u0ca8\u0cc6. \u0cb9\u0cca\u0cb0\u0c97\u0cc6 \u0c95\u0ca4\u0ccd\u0ca4\u0cbf \u0caf\u0cbf\u0c82\u0ca6 \u0cb8\u0c82\u0cb9\u0cbe\u0cb0, \u0cae\u0ca8\u0cc6\u0caf\u0cca\u0cb3\u0c97\u0cc6 \u0cae\u0cb0\u0ca3."},{"Verseid":"24000020","Verse":"\u0ca8\u0cbe\u0ca8\u0cc1 \u0ca8\u0cbf\u0c9f\u0ccd\u0c9f\u0cc1\u0cb8\u0cbf\u0cb0\u0cbf\u0ca1\u0cc1\u0cb5\u0ca6\u0ca8\u0ccd\u0ca8\u0cc1 \u0c85\u0cb5\u0cb0\u0cc1 \u0c95\u0cc7\u0cb3\u0cbf\u0ca6\u0cb0\u0cc2 \u0ca8\u0ca8\u0ccd\u0ca8\u0ca8\u0ccd\u0ca8\u0cc1 \u0c86\u0ca6\u0cb0\u0cbf \u0cb8\u0cb2\u0cc1 \u0caf\u0cbe\u0cb0\u0cc2 \u0c85\u0cb2\u0ccd\u0cb2\u0cbf\u0cb0\u0cb2\u0cbf\u0cb2\u0ccd\u0cb2; \u0ca8\u0ca8\u0ccd\u0ca8 \u0cb6\u0ca4\u0ccd\u0cb0\u0cc1\u0c97\u0cb3\u0cc6\u0cb2\u0ccd\u0cb2\u0cbe \u0ca8\u0ca8\u0ccd\u0ca8 \u0c95\u0cb7\u0ccd\u0c9f\u0ca6 \u0cb5\u0cbf\u0cb7\u0caf\u0cb5\u0ca8\u0ccd\u0ca8\u0cc1 \u0c95\u0cc7\u0cb3\u0cbf\u0ca6\u0cb0\u0cc1; \u0ca8\u0cc0\u0ca8\u0cc1 \u0cb9\u0cbe\u0c97\u0cc6 \u0cae\u0cbe\u0ca1\u0cbf\u0ca6\u0cc6\u0caf\u0cc6\u0c82\u0ca6\u0cc1 \u0c85\u0cb5\u0cb0\u0cc1 \u0cb8\u0c82\u0ca4\u0ccb\u0cb7\u0caa\u0c9f\u0ccd\u0c9f\u0cb0\u0cc1. \u0ca8\u0cc0\u0ca8\u0cc1 \u0ca4\u0cbf\u0cb3\u0cbf\u0cb8\u0cbf\u0ca6 \u0c86 \u0ca6\u0cbf\u0ca8\u0cb5\u0cc1 \u0cac\u0cb0\u0cb2\u0cc1 \u0c85\u0cb5\u0cb0\u0cc1 \u0ca8\u0ca8\u0ccd\u0ca8 \u0cb9\u0cbe\u0c97\u0cc6\u0caf\u0cc7 \u0c86\u0c97\u0cc1\u0cb5\u0cb0\u0cc1."},{"Verseid":"24000021","Verse":"\u0c85\u0cb5\u0cb0 \u0c95\u0cc6\u0ca1\u0cc1\u0c95\u0cc6\u0cb2\u0ccd\u0cb2\u0cbe \u0ca8\u0cbf\u0ca8\u0ccd\u0ca8 \u0cae\u0cc1\u0c82\u0ca6\u0cc6 \u0cac\u0cb0\u0cb2\u0cbf; \u0ca8\u0ca8\u0ccd\u0ca8 \u0c8e\u0cb2\u0ccd\u0cb2\u0cbe \u0ca6\u0ccd\u0cb0\u0ccb\u0cb9\u0c97\u0cb3 \u0ca8\u0cbf\u0cae\u0cbf\u0ca4\u0ccd\u0ca4 \u0ca8\u0cc0\u0ca8\u0cc1 \u0ca8\u0ca8\u0c97\u0cc6 \u0cae\u0cbe\u0ca1\u0cbf\u0ca6 \u0caa\u0ccd\u0cb0\u0c95\u0cbe\u0cb0\u0cb5\u0cc7 \u0c85\u0cb5\u0cb0\u0cbf\u0c97\u0cc6 \u0cae\u0cbe\u0ca1\u0cc1; \u0ca8\u0ca8\u0ccd\u0ca8 \u0ca8\u0cbf\u0c9f\u0ccd\u0c9f\u0cc1 \u0cb8\u0cbf\u0cb0\u0cc1\u0c97\u0cb3\u0cc1 \u0c85\u0ca8\u0cc7\u0c95\u0cb5\u0cbe\u0c97\u0cbf\u0cb5\u0cc6; \u0ca8\u0ca8\u0ccd\u0ca8 \u0cb9\u0cc3\u0ca6\u0caf\u0cb5\u0cc1 \u0c95\u0cc1\u0c82\u0ca6\u0cbf\u0ca6\u0cc6."}]},{"Verse":[{"Verseid":"24001000","Verse":"\u0c95\u0cb0\u0ccd\u0ca4\u0ca8\u0cc1 \u0cb9\u0cc7\u0c97\u0cc6 \u0ca4\u0ca8\u0ccd\u0ca8 \u0c95\u0ccb\u0caa\u0ca6\u0cb2\u0ccd\u0cb2\u0cbf \u0cae\u0cc7\u0c98\u0ca6\u0cbf\u0c82\u0ca6 \u0c9a\u0cc0\u0caf\u0ccb\u0ca8\u0cbf\u0ca8 \u0cae\u0c97\u0cb3\u0ca8\u0ccd\u0ca8\u0cc1 \u0cae\u0cc1\u0c9a\u0ccd\u0c9a\u0cbf, \u0c87\u0cb8\u0ccd\u0cb0\u0cbe\u0caf\u0cc7\u0cb2\u0cbf\u0ca8 \u0cb8\u0ccc\u0c82\u0ca6\u0cb0\u0ccd\u0caf\u0cb5\u0ca8\u0ccd\u0ca8\u0cc1 \u0c86\u0c95\u0cbe\u0cb6\u0ca6\u0cbf\u0c82\u0ca6 \u0cad\u0cc2\u0cae\u0cbf\u0c97\u0cc6 \u0c8e\u0cb8\u0cc6\u0ca6\u0cc1 \u0ca4\u0ca8\u0ccd\u0ca8 \u0c95\u0ccb\u0caa\u0ca6 \u0ca6\u0cbf\u0ca8\u0ca6\u0cb2\u0ccd\u0cb2\u0cbf \u0ca4\u0ca8\u0ccd\u0ca8 \u0caa\u0cbe\u0ca6\u0caa\u0cc0\u0ca0\u0cb5\u0ca8\u0ccd\u0ca8\u0cc1 \u0c9c\u0ccd\u0c9e\u0cbe\u0caa\u0c95\u0cae\u0cbe\u0ca1\u0cbf\u0c95\u0cca\u0cb3\u0ccd\u0cb3\u0cb2\u0cbf\u0cb2\u0ccd\u0cb2\u0cbe!"},{"Verseid":"24001001","Verse":"\u0c95\u0cb0\u0ccd\u0ca4\u0ca8\u0cc1 \u0caf\u0cbe\u0c95\u0ccb\u0cac\u0cbf\u0ca8 \u0c8e\u0cb2\u0ccd\u0cb2\u0cbe \u0ca8\u0cbf\u0cb5\u0cbe\u0cb8\u0cbf\u0c97\u0cb3\u0ca8\u0ccd\u0ca8\u0cc1 \u0c95\u0ca8\u0cbf\u0c95\u0cb0\u0cbf\u0cb8\u0ca6\u0cc6 \u0ca8\u0cc1\u0c82\u0c97\u0cbf\u0ca6\u0ccd\u0ca6\u0cbe\u0ca8\u0cc6; \u0caf\u0cc6\u0cb9\u0cc2\u0ca6\u0ca6 \u0cae\u0c97\u0cb3 \u0cad\u0ca6\u0ccd\u0cb0\u0cb5\u0cbe\u0ca6 \u0cb8\u0ccd\u0ca5\u0cbe\u0ca8\u0c97\u0cb3\u0ca8\u0ccd\u0ca8\u0cc1 \u0ca4\u0ca8\u0ccd\u0ca8 \u0cb0\u0ccb\u0cb7\u0ca6\u0cb2\u0ccd\u0cb2\u0cbf \u0c95\u0cc6\u0ca1\u0cb5\u0cbf\u0cb9\u0cbe\u0c95\u0cbf \u0ca6\u0ccd\u0ca6\u0cbe\u0ca8\u0cc6; \u0c86\u0ca4\u0ca8\u0cc1 \u0c85\u0cb5\u0cc1\u0c97\u0cb3\u0ca8\u0ccd\u0ca8\u0cc1 \u0ca8\u0cc6\u0cb2 \u0cb8\u0cae \u0cae\u0cbe\u0ca1\u0cbf\u0ca6\u0ccd\u0ca6\u0cbe\u0ca8\u0cc6; \u0c86\u0ca4\u0ca8\u0cc1 \u0cb0\u0cbe\u0c9c\u0ccd\u0caf\u0cb5\u0ca8\u0ccd\u0ca8\u0cc2 \u0caa\u0ccd\u0cb0\u0cad\u0cc1\u0c97\u0cb3\u0ca8\u0ccd\u0ca8\u0cc2 \u0c85\u0caa\u0cb5\u0cbf\u0ca4\u0ccd\u0cb0 \u0cae\u0cbe\u0ca1\u0cbf\u0ca6\u0ccd\u0ca6\u0cbe\u0ca8\u0cc6."},{"Verseid":"24001002","Verse":"\u0c86\u0ca4\u0ca8\u0cc1 \u0ca4\u0ca8\u0ccd\u0ca8 \u0ca4\u0cc0\u0c95\u0ccd\u0cb7\u0ccd\u0ca3 \u0c95\u0ccb\u0caa\u0ca6\u0cb2\u0ccd\u0cb2\u0cbf \u0c87\u0cb8\u0ccd\u0cb0\u0cbe\u0caf\u0cc7\u0cb2\u0cbf\u0ca8 \u0c95\u0cca\u0c82\u0cac\u0cc1\u0c97\u0cb3\u0ca8\u0ccd\u0ca8\u0cc6\u0cb2\u0ccd\u0cb2\u0cbe \u0c95\u0ca1\u0cbf\u0ca6\u0cc1 \u0cb9\u0cbe\u0c95\u0cbf\u0ca6\u0ccd\u0ca6\u0cbe\u0ca8\u0cc6. \u0c86\u0ca4\u0ca8\u0cc1 \u0cb6\u0ca4\u0ccd\u0cb0\u0cc1\u0cb5\u0cbf\u0ca8 \u0c8e\u0ca6\u0cc1\u0cb0\u0cbf\u0ca8\u0cbf\u0c82\u0ca6 \u0ca4\u0ca8\u0ccd\u0ca8 \u0cac\u0cb2\u0c97\u0cc8\u0caf\u0ca8\u0ccd\u0ca8\u0cc1 \u0cb9\u0cbf\u0c82\u0ca4\u0cc6\u0c97\u0cc6\u0ca6\u0cc1\u0c95\u0cca\u0c82\u0ca1\u0cbf\u0ca6\u0ccd\u0ca6\u0cbe\u0ca8\u0cc6. \u0c86\u0ca4\u0ca8\u0cc1 \u0cb8\u0cc1\u0ca4\u0ccd\u0ca4\u0cb2\u0cc2 \u0caa\u0ccd\u0cb0\u0c9c\u0ccd\u0cb5\u0cb2\u0cbf\u0cb8\u0cbf \u0ca6\u0cb9\u0cbf\u0cb8\u0cc1\u0cb5 \u0cac\u0cc6\u0c82\u0c95\u0cbf\u0caf \u0cb9\u0cbe\u0c97\u0cc6 \u0caf\u0cbe\u0c95\u0ccb\u0cac\u0ca8\u0cbf\u0c97\u0cc6 \u0cb5\u0cbf\u0cb0\u0cc1\u0ca6\u0ccd\u0ca7 \u0cb5\u0cbe\u0c97\u0cbf \u0ca6\u0cb9\u0cbf\u0cb8\u0cbf\u0cac\u0cbf\u0c9f\u0ccd\u0c9f\u0cbf\u0ca6\u0ccd\u0ca6\u0cbe\u0ca8\u0cc6."},{"Verseid":"24001003","Verse":"\u0c86\u0ca4\u0ca8\u0cc1 \u0cb6\u0ca4\u0ccd\u0cb0\u0cc1\u0cb5\u0cbf\u0ca8 \u0cb9\u0cbe\u0c97\u0cc6 \u0ca4\u0ca8\u0ccd\u0ca8 \u0cac\u0cbf\u0cb2\u0ccd\u0cb2\u0ca8\u0ccd\u0ca8\u0cc1 \u0cac\u0cca\u0c97\u0ccd\u0c97\u0cbf\u0cb8\u0cbf\u0ca6\u0ccd\u0ca6\u0cbe\u0ca8\u0cc6, \u0cb5\u0cc8\u0cb0\u0cbf\u0caf \u0cb9\u0cbe\u0c97\u0cc6 \u0ca4\u0ca8\u0ccd\u0ca8 \u0cac\u0cb2\u0c97\u0cc8 \u0c8e\u0ca4\u0ccd\u0ca4\u0cbf \u0ca8\u0cbf\u0c82\u0ca4\u0cc1\u0c95\u0cca\u0c82\u0ca1\u0cc1 \u0c95\u0ca3\u0ccd\u0ca3\u0cbf\u0c97\u0cc6 \u0cb0\u0cae\u0ccd\u0caf\u0cb5\u0cbe\u0c97\u0cbf \u0c95\u0cbe\u0ca3\u0cc1\u0cb5 \u0c8e\u0cb2\u0ccd\u0cb2\u0cb5\u0cc1\u0c97\u0cb3\u0ca8\u0ccd\u0ca8\u0cc1 \u0c95\u0cca\u0c82\u0ca6\u0cc1\u0cb9\u0cbe\u0c95\u0cbf\u0ca6\u0ccd\u0ca6\u0cbe\u0ca8\u0cc6. \u0c86\u0ca4\u0ca8\u0cc1 \u0ca4\u0ca8\u0ccd\u0ca8 \u0cb0\u0ccb\u0cb7\u0cb5\u0cc6\u0c82\u0cac \u0c85\u0c97\u0ccd\u0ca8\u0cbf\u0caf\u0ca8\u0ccd\u0ca8\u0cc1 \u0c9a\u0cc0\u0caf\u0ccb\u0ca8\u0ccd\u200c \u0cae\u0c97\u0cb3 \u0c97\u0cc1\u0ca1\u0cbe\u0cb0\u0ca6\u0cb2\u0ccd\u0cb2\u0cbf \u0cb8\u0cc1\u0cb0\u0cbf\u0ca6\u0cbf\u0ca6\u0ccd\u0ca6\u0cbe\u0ca8\u0cc6."},{"Verseid":"24001004","Verse":"\u0c95\u0cb0\u0ccd\u0ca4\u0ca8\u0cc1 \u0cb6\u0ca4\u0ccd\u0cb0\u0cc1\u0cb5\u0cbf\u0ca8\u0c82\u0ca4\u0cc6 \u0c87\u0cb8\u0ccd\u0cb0\u0cbe\u0caf\u0cc7\u0cb2\u0ca8\u0ccd\u0ca8\u0cc1 \u0ca8\u0cc1\u0c82\u0c97\u0cbf\u0cac\u0cbf\u0c9f\u0ccd\u0c9f\u0cbf\u0ca6\u0ccd\u0ca6\u0cbe\u0ca8\u0cc6; \u0c86\u0ca4\u0ca8\u0cc1 \u0c85\u0cb5\u0ca8 \u0c85\u0cb0\u0cae\u0ca8\u0cc6\u0c97\u0cb3\u0ca8\u0ccd\u0ca8\u0cc6\u0cb2\u0ccd\u0cb2\u0cbe \u0ca8\u0cc1\u0c82\u0c97\u0cbf\u0cac\u0cbf\u0c9f\u0ccd\u0c9f\u0cbf\u0ca6\u0ccd\u0ca6\u0cbe\u0ca8\u0cc6, \u0c86\u0ca4\u0ca8\u0cc1 \u0c85\u0cb5\u0ca8 \u0cad\u0ca6\u0ccd\u0cb0\u0cb5\u0cbe\u0ca6 \u0cb8\u0ccd\u0ca5\u0cbe\u0ca8\u0c97\u0cb3\u0ca8\u0ccd\u0ca8\u0cc6\u0cb2\u0ccd\u0cb2\u0cbe \u0ca8\u0cbe\u0cb6\u0cae\u0cbe\u0ca1\u0cbf\u0ca6\u0ccd\u0ca6\u0cbe\u0ca8\u0cc6; \u0caf\u0cc6\u0cb9\u0cc2\u0ca6\u0ca6 \u0cae\u0c97\u0cb3 \u0ca6\u0cc1\u0c83\u0c96\u0cb5\u0ca8\u0ccd\u0ca8\u0cc2 \u0caa\u0ccd\u0cb0\u0cb2\u0cbe\u0caa\u0cb5\u0ca8\u0ccd\u0ca8\u0cc2 \u0cb9\u0cc6\u0c9a\u0ccd\u0c9a\u0cbf\u0cb8\u0cbf\u0ca6\u0ccd\u0ca6\u0cbe\u0ca8\u0cc6."},{"Verseid":"24001005","Verse":"\u0c86\u0ca4\u0ca8\u0cc1 \u0ca4\u0ca8\u0ccd\u0ca8 \u0c97\u0cc1\u0ca1\u0cbe\u0cb0\u0cb5\u0ca8\u0ccd\u0ca8\u0cc1 \u0ca4\u0ccb\u0c9f\u0ca6\u0c82\u0ca4\u0cc6 \u0cac\u0cb2\u0cbe\u0ca4\u0ccd\u0c95\u0cbe\u0cb0\u0cb5\u0cbe\u0c97\u0cbf \u0ca4\u0cc6\u0c97\u0cc6\u0ca6\u0cc1\u0cb9\u0cbe\u0c95\u0cbf\u0ca6\u0ccd\u0ca6\u0cbe\u0ca8\u0cc6. \u0c86\u0ca4\u0ca8\u0cc1 \u0ca4\u0ca8\u0ccd\u0ca8 \u0cb8\u0cad\u0cbe\u0cb8\u0ccd\u0ca5\u0cbe\u0ca8\u0c97\u0cb3\u0ca8\u0ccd\u0ca8\u0cc1 \u0ca8\u0cbe\u0cb6\u0cae\u0cbe\u0ca1\u0cbf\u0ca6\u0ccd\u0ca6\u0cbe\u0ca8\u0cc6; \u0c95\u0cb0\u0ccd\u0ca4\u0ca8\u0cc1 \u0c9a\u0cc0\u0caf\u0ccb\u0ca8\u0cbf\u0ca8\u0cb2\u0ccd\u0cb2\u0cbf \u0caa\u0cb5\u0cbf\u0ca4\u0ccd\u0cb0 \u0cb9\u0cac\u0ccd\u0cac\u0c97\u0cb3\u0ca8\u0ccd\u0ca8\u0cc2 \u0cb8\u0cac\u0ccd\u0cac\u0ca4\u0ccd\u0ca4\u0ca8\u0ccd\u0ca8\u0cc2 \u0cae\u0cb0\u0cc6\u0ca4\u0cc1\u0cac\u0cbf\u0ca1\u0cc1\u0cb5\u0c82\u0ca4\u0cc6 \u0cae\u0cbe\u0ca1\u0cbf\u0ca6\u0ccd\u0ca6\u0cbe\u0ca8\u0cc6, \u0ca4\u0ca8\u0ccd\u0ca8 \u0c95\u0ccb\u0caa\u0ca6 \u0c89\u0cb0\u0cbf\u0caf\u0cb2\u0ccd\u0cb2\u0cbf \u0c85\u0cb0\u0cb8\u0ca8\u0ca8\u0ccd\u0ca8\u0cc2 \u0caf\u0cbe\u0c9c\u0c95\u0ca8\u0ca8\u0ccd\u0ca8\u0cc2 \u0ca4\u0cc1\u0c9a\u0ccd\u0c9b\u0cc0\u0c95\u0cb0\u0cbf \u0cb8\u0cbf\u0ca6\u0ccd\u0ca6\u0cbe\u0ca8\u0cc6."},{"Verseid":"24001006","Verse":"\u0c95\u0cb0\u0ccd\u0ca4\u0ca8\u0cc1 \u0ca4\u0ca8\u0ccd\u0ca8 \u0caf\u0c9c\u0ccd\u0c9e\u0cb5\u0cc7\u0ca6\u0cbf\u0caf\u0ca8\u0ccd\u0ca8\u0cc1 \u0ca4\u0cb3\u0ccd\u0cb3\u0cbf\u0cac\u0cbf\u0c9f\u0ccd\u0c9f\u0cbf \u0ca6\u0ccd\u0ca6\u0cbe\u0ca8\u0cc6; \u0ca4\u0ca8\u0ccd\u0ca8 \u0caa\u0cb0\u0cbf\u0cb6\u0cc1\u0ca6\u0ccd\u0ca7 \u0cb8\u0ccd\u0ca5\u0cb3\u0cb5\u0ca8\u0ccd\u0ca8\u0cc1 \u0c85\u0cb8\u0cb9\u0ccd\u0caf\u0caa\u0ca1\u0cbf\u0cb8\u0cbf\u0ca6\u0ccd\u0ca6\u0cbe\u0ca8\u0cc6; \u0c86\u0ca4\u0ca8\u0cc1 \u0c85\u0cb5\u0cb3 \u0c85\u0cb0\u0cae\u0ca8\u0cc6\u0c97\u0cb3 \u0c97\u0ccb\u0ca1\u0cc6\u0c97\u0cb3\u0ca8\u0ccd\u0ca8\u0cc1 \u0cb6\u0ca4\u0ccd\u0cb0\u0cc1\u0cb5\u0cbf\u0ca8 \u0c95\u0cc8\u0caf\u0cb2\u0ccd\u0cb2\u0cbf \u0c92\u0caa\u0ccd\u0caa\u0cbf\u0cb8\u0cbf\u0c95\u0cca\u0c9f\u0ccd\u0c9f\u0cbf\u0ca6\u0ccd\u0ca6\u0cbe\u0ca8\u0cc6; \u0caa\u0cb0\u0cbf\u0cb6\u0cc1\u0ca6\u0ccd\u0ca7 \u0cb9\u0cac\u0ccd\u0cac\u0ca6 \u0ca6\u0cbf\u0ca8\u0ca6\u0cb2\u0ccd\u0cb2\u0cbf \u0cae\u0cbe\u0ca1\u0cbf\u0ca6 \u0cb9\u0cbe\u0c97\u0cc6 \u0c85\u0cb5\u0cb0\u0cc1 \u0c95\u0cb0\u0ccd\u0ca4\u0ca8 \u0c86\u0cb2\u0caf\u0ca6\u0cb2\u0ccd\u0cb2\u0cbf \u0cb6\u0cac\u0ccd\u0ca6\u0cae\u0cbe\u0ca1\u0cbf\u0ca6\u0ccd\u0ca6\u0cbe\u0cb0\u0cc6."},{"Verseid":"24001007","Verse":"\u0c95\u0cb0\u0ccd\u0ca4\u0ca8\u0cc1 \u0c9a\u0cc0\u0caf\u0ccb\u0ca8\u0cbf\u0ca8 \u0cae\u0c97\u0cb3 \u0c97\u0ccb\u0ca1\u0cc6\u0caf\u0ca8\u0ccd\u0ca8\u0cc1 \u0ca8\u0cbe\u0cb6 \u0cae\u0cbe\u0ca1\u0cac\u0cc7\u0c95\u0cc6\u0c82\u0ca6\u0cc1 \u0c89\u0ca6\u0ccd\u0ca6\u0cc7\u0cb6\u0cbf\u0cb8\u0cbf\u0ca6\u0ccd\u0ca6\u0cbe\u0ca8\u0cc6; \u0c97\u0cc6\u0cb0\u0cc6\u0caf\u0ca8\u0ccd\u0ca8\u0cc1 \u0c8e\u0cb3\u0cc6\u0ca6\u0cbf\u0ca6\u0ccd\u0ca6\u0cbe\u0ca8\u0cc6. \u0ca4\u0ca8\u0ccd\u0ca8 \u0c95\u0cc8\u0caf\u0ca8\u0ccd\u0ca8\u0cc1 \u0c95\u0cc6\u0ca1\u0cbf\u0cb8\u0cc1\u0cb5\u0ca6\u0cb0\u0cbf\u0c82\u0ca6 \u0cb9\u0cbf\u0c82\u0ca4\u0cc6\u0c97\u0cc6\u0caf\u0cb2\u0cbf\u0cb2\u0ccd\u0cb2; \u0c95\u0cb2\u0ccd\u0cb2\u0cbf\u0ca8 \u0caa\u0ccd\u0cb0\u0cbe\u0c95\u0cbe\u0cb0\u0cb5\u0ca8\u0ccd\u0ca8\u0cc2 \u0cae\u0ca4\u0ccd\u0ca4\u0cc1 \u0c97\u0ccb\u0ca1\u0cc6 \u0caf\u0ca8\u0ccd\u0ca8\u0cc2 \u0c97\u0ccb\u0cb3\u0cbe\u0ca1\u0cc1\u0cb5\u0c82\u0ca4\u0cc6 \u0c86\u0ca4\u0ca8\u0cc1 \u0cae\u0cbe\u0ca1\u0cbf\u0ca6\u0ccd\u0ca6\u0cbe\u0ca8\u0cc6, \u0c85\u0cb5\u0cc6\u0cb0\u0ca1\u0cc2 \u0c9c\u0cca\u0ca4\u0cc6\u0caf\u0cbe\u0c97\u0cbf \u0c95\u0cc1\u0cb8\u0cbf\u0ca6\u0cc1 \u0cb9\u0ccb\u0c97\u0cbf\u0cb5\u0cc6."},{"Verseid":"24001008","Verse":"\u0c85\u0cb5\u0cb3 \u0cac\u0cbe\u0c97\u0cbf\u0cb2\u0cc1\u0c97\u0cb3\u0cc1 \u0ca8\u0cc6\u0cb2\u0ca6\u0cca\u0cb3\u0c97\u0cc6 \u0cb9\u0cc2\u0ca4\u0cc1\u0c95\u0cca\u0c82\u0ca1\u0cbf\u0cb5\u0cc6; \u0c86\u0ca4\u0ca8\u0cc1 \u0c86\u0c95\u0cc6\u0caf \u0c85\u0c97\u0cc1\u0cb3\u0cbf\u0c97\u0cb3\u0ca8\u0ccd\u0ca8\u0cc1 \u0cae\u0cc1\u0cb0\u0cbf\u0ca6\u0cc1 \u0cb9\u0cbe\u0cb3\u0cc1 \u0cae\u0cbe\u0ca1\u0cbf\u0ca6\u0ccd\u0ca6\u0cbe\u0ca8\u0cc6. \u0c85\u0cb5\u0cb3 \u0c85\u0cb0\u0cb8\u0ca8\u0cc1 \u0cae\u0ca4\u0ccd\u0ca4\u0cc1 \u0caa\u0ccd\u0cb0\u0cad\u0cc1\u0c97\u0cb3\u0cc1 \u0c85\u0ca8\u0ccd\u0caf\u0c9c\u0ca8\u0cbe\u0c82\u0c97\u0c97\u0cb3 \u0cae\u0ca7\u0ccd\u0caf\u0cc6 \u0c87\u0cb0\u0cc1\u0cb5\u0cb0\u0cc1; \u0c87\u0ca8\u0ccd\u0ca8\u0cc1 \u0ca8\u0ccd\u0caf\u0cbe\u0caf \u0caa\u0ccd\u0cb0\u0cae\u0cbe\u0ca3\u0cb5\u0cc1 \u0c87\u0cb0\u0cc1\u0cb5\u0ca6\u0cc7 \u0c87\u0cb2\u0ccd\u0cb2; \u0c86\u0c95\u0cc6\u0caf \u0caa\u0ccd\u0cb0\u0cb5\u0cbe\u0ca6\u0cbf\u0c97\u0cb3\u0cc1 \u0cb8\u0cb9 \u0c95\u0cb0\u0ccd\u0ca4\u0ca8\u0cbf\u0c82\u0ca6 \u0ca6\u0cb0\u0ccd\u0cb6\u0ca8\u0cb5\u0ca8\u0ccd\u0ca8\u0cc1 \u0c95\u0c82\u0ca1\u0cc1 \u0c95\u0cca\u0cb3\u0ccd\u0cb3\u0cc1\u0cb5\u0ca6\u0cbf\u0cb2\u0ccd\u0cb2."},{"Verseid":"24001009","Verse":"\u0c9a\u0cc0\u0caf\u0ccb\u0ca8\u0ccd\u200c \u0cae\u0c97\u0cb3 \u0cb9\u0cbf\u0cb0\u0cbf\u0caf\u0cb0\u0cc1 \u0ca8\u0cc6\u0cb2\u0ca6 \u0cae\u0cc7\u0cb2\u0cc6 \u0c95\u0cc1\u0cb3\u0cbf\u0ca4\u0cc1\u0c95\u0cca\u0c82\u0ca1\u0cc1 \u0ca8\u0cbf\u0cb6\u0ccd\u0caf\u0cac\u0ccd\u0ca7\u0cb5\u0cbe\u0c97\u0cbf\u0ca6\u0ccd\u0ca6\u0cbe\u0cb0\u0cc6; \u0ca4\u0cae\u0ccd\u0cae \u0ca4\u0cb2\u0cc6\u0c97\u0cb3 \u0cae\u0cc7\u0cb2\u0cc6 \u0ca6\u0cc2\u0cb3\u0cc1 \u0cb9\u0cbe\u0c95\u0cbf\u0c95\u0cca\u0c82\u0ca1\u0cbf\u0ca6\u0ccd\u0ca6\u0cbe\u0cb0\u0cc6; \u0c85\u0cb5\u0cb0\u0cc1 \u0c97\u0cca\u0ca3\u0cc0\u0ca4\u0c9f\u0ccd\u0c9f\u0ca8\u0ccd\u0ca8\u0cc1 \u0cb8\u0cc1\u0ca4\u0ccd\u0ca4\u0cbf\u0c95\u0cca\u0c82\u0ca1\u0cbf\u0ca6\u0ccd\u0ca6\u0cbe\u0cb0\u0cc6; \u0caf\u0cc6\u0cb0\u0cc2\u0cb8\u0cb2\u0cc7 \u0cae\u0cbf\u0ca8 \u0c95\u0ca8\u0ccd\u0caf\u0cc6\u0caf\u0cb0\u0cc1 \u0ca4\u0cae\u0ccd\u0cae \u0ca4\u0cb2\u0cc6\u0caf\u0ca8\u0ccd\u0ca8\u0cc1 \u0ca8\u0cc6\u0cb2\u0ca6 \u0c95\u0ca1\u0cc6\u0c97\u0cc6 \u0cac\u0cca\u0c97\u0ccd\u0c97\u0cbf\u0cb8\u0cbf\u0c95\u0cca\u0c82\u0ca1\u0cbf\u0ca6\u0ccd\u0ca6\u0cbe\u0cb0\u0cc6."},{"Verseid":"24001010","Verse":"\u0ca8\u0ca8\u0ccd\u0ca8 \u0c95\u0ca3\u0ccd\u0ca3\u0cc1\u0c97\u0cb3\u0cc1 \u0c95\u0ca3\u0ccd\u0ca3\u0cc0\u0cb0\u0ca8\u0ccd\u0ca8\u0cc1 \u0cb8\u0cc1\u0cb0\u0cbf\u0cb8\u0cc1\u0ca4\u0ccd\u0ca4\u0cb2\u0cc7 \u0c87\u0cb5\u0cc6. \u0ca8\u0ca8\u0ccd\u0ca8 \u0c95\u0cb0\u0cc1\u0cb3\u0cc1\u0c97\u0cb3\u0cc1 \u0c95\u0cc1\u0ca6\u0cbf\u0caf\u0cc1\u0ca4\u0ccd\u0ca4\u0cb5\u0cc6, \u0ca8\u0ca8\u0ccd\u0ca8 \u0caa\u0cbf\u0ca4\u0ccd\u0ca4\u0c95\u0ccb\u0cb6\u0cb5\u0cc1 \u0ca8\u0cc6\u0cb2\u0ca6 \u0cae\u0cc7\u0cb2\u0cc6 \u0cb8\u0cc1\u0cb0\u0cbf\u0caf\u0cb2\u0ccd\u0caa\u0c9f\u0ccd\u0c9f\u0cbf\u0ca6\u0cc6, \u0caf\u0cbe\u0c95\u0c82\u0ca6\u0cb0\u0cc6 \u0ca8\u0ca8\u0ccd\u0ca8 \u0c9c\u0ca8\u0cb0 \u0cae\u0c97\u0cb3\u0cc1 \u0ca8\u0cbe\u0cb6\u0cb5\u0cbe\u0c97\u0cbf\u0ca6\u0ccd\u0ca6\u0cbe\u0cb3\u0cc6. \u0cae\u0c95\u0ccd\u0c95\u0cb3\u0cc2 \u0cae\u0cca\u0cb2\u0cc6\u0c95\u0cc2\u0cb8\u0cc1\u0c97\u0cb3\u0cc2 \u0ca8\u0c97\u0cb0\u0ca6 \u0cac\u0cc0\u0ca6\u0cbf\u0c97\u0cb3\u0cb2\u0ccd\u0cb2\u0cbf \u0cae\u0cc2\u0cb0\u0ccd\u0c9b\u0cc6 \u0cb9\u0ccb\u0c97\u0cbf\u0ca6\u0ccd\u0ca6\u0cbe\u0cb0\u0cc6."},{"Verseid":"24001011","Verse":"\u0c85\u0cb5\u0cb0\u0cc1 \u0ca8\u0c97\u0cb0\u0ca6 \u0cac\u0cc0\u0ca6\u0cbf \u0c97\u0cb3\u0cb2\u0ccd\u0cb2\u0cbf \u0c97\u0cbe\u0caf \u0caa\u0c9f\u0ccd\u0c9f\u0cb5\u0cb0 \u0cb9\u0cbe\u0c97\u0cc6 \u0cae\u0cc2\u0cb0\u0ccd\u0c9b\u0cc6 \u0cb9\u0ccb\u0c97\u0cbf, \u0ca4\u0cae\u0ccd\u0cae \u0ca4\u0cbe\u0caf\u0c82\u0ca6\u0cbf\u0cb0 \u0c8e\u0ca6\u0cc6\u0caf\u0cb2\u0ccd\u0cb2\u0cbf \u0cac\u0cc0\u0cb3\u0cc1\u0ca4\u0ccd\u0ca4\u0cbe--\u0cb0\u0cca\u0c9f\u0ccd\u0c9f\u0cbf\u0caf\u0cc2 \u0ca6\u0ccd\u0cb0\u0cbe\u0c95\u0ccd\u0cb7\u0cbe\u0cb0\u0cb8\u0cb5\u0cc2 \u0c8e\u0cb2\u0ccd\u0cb2\u0cbf \u0c8e\u0c82\u0ca6\u0cc1 \u0ca4\u0cae \u0ca4\u0cbe\u0caf\u0c82\u0ca6\u0cbf\u0cb0\u0cbf\u0c97\u0cc6 \u0cb9\u0cc7\u0cb3\u0cc1\u0ca4\u0ccd\u0ca4\u0cbe\u0cb0\u0cc6."},{"Verseid":"24001012","Verse":"\u0caf\u0cc6\u0cb0\u0cc2\u0cb8\u0cb2\u0cc7\u0cae\u0cbf\u0ca8 \u0c95\u0cc1\u0cae\u0cbe\u0cb0\u0ccd\u0ca4\u0cc6\u0caf\u0cc7, \u0ca8\u0cbe\u0ca8\u0cc1 \u0caf\u0cbe\u0cb5\u0ca6\u0ca8\u0ccd\u0ca8\u0cc1 \u0ca8\u0cbf\u0ca8\u0c97\u0cc6 \u0cb8\u0cbe\u0c95\u0ccd\u0cb7\u0cbf\u0caf \u0ca8\u0ccd\u0ca8\u0cbe\u0c97\u0cbf\u0ca1\u0cb2\u0cbf? \u0caf\u0cbe\u0cb5\u0ca6\u0ca8\u0ccd\u0ca8\u0cc1 \u0ca8\u0cbf\u0ca8\u0c97\u0cc6 \u0cb8\u0cae\u0cbe\u0ca8 \u0cae\u0cbe\u0ca1\u0cb2\u0cbf? \u0c9a\u0cc0\u0caf\u0ccb\u0ca8\u0cbf\u0ca8 \u0cae\u0c97\u0cb3\u0cbe\u0ca6 \u0c95\u0ca8\u0ccd\u0caf\u0cc6\u0caf\u0cc7, \u0ca8\u0cbf\u0ca8\u0ccd\u0ca8\u0ca8\u0ccd\u0ca8\u0cc1 \u0c86\u0ca6\u0cb0\u0cbf\u0cb8\u0cc1\u0cb5 \u0cb9\u0cbe\u0c97\u0cc6 \u0ca8\u0cbe\u0ca8\u0cc1 \u0caf\u0cbe\u0cb5\u0ca6\u0ca8\u0ccd\u0ca8\u0cc1 \u0ca8\u0cbf\u0ca8\u0c97\u0cc6 \u0cb8\u0cae\u0cbe\u0ca8\u0cae\u0cbe\u0ca1\u0cb2\u0cbf? \u0ca8\u0cbf\u0ca8\u0ccd\u0ca8 \u0cae\u0cc1\u0cb0\u0cbf\u0caf\u0cc1\u0cb5\u0cbf\u0c95\u0cc6\u0caf\u0cc1 \u0cb8\u0cae\u0cc1\u0ca6\u0ccd\u0cb0\u0ca6 \u0cb9\u0cbe\u0c97\u0cc6 \u0ca6\u0cca\u0ca1\u0ccd\u0ca1 \u0ca6\u0cbe\u0c97\u0cbf\u0ca6\u0cc6, \u0ca8\u0cbf\u0ca8\u0ccd\u0ca8\u0ca8\u0ccd\u0ca8\u0cc1 \u0c97\u0cc1\u0ca3\u0caa\u0ca1\u0cbf\u0cb8\u0cc1\u0cb5\u0cb5\u0cb0\u0cc1 \u0caf\u0cbe\u0cb0\u0cc1?"},{"Verseid":"24001013","Verse":"\u0ca8\u0cbf\u0ca8\u0ccd\u0ca8 \u0caa\u0ccd\u0cb0\u0cb5\u0cbe\u0ca6\u0cbf\u0c97\u0cb3\u0cc1 \u0ca8\u0cbf\u0ca8\u0c97\u0cbe\u0c97\u0cbf \u0cb5\u0ccd\u0caf\u0cb0\u0ccd\u0ca5\u0cb5\u0cbe\u0ca6 \u0cae\u0cc2\u0cb0\u0ccd\u0c96\u0ca4\u0ca8\u0ca6 \u0cb5\u0cbf\u0cb7\u0caf\u0c97\u0cb3\u0ca8\u0ccd\u0ca8\u0cc1 \u0ca8\u0ccb\u0ca1\u0cbf\u0ca6\u0ccd\u0ca6\u0cbe\u0cb0\u0cc6. \u0c85\u0cb5\u0cb0\u0cc1 \u0ca8\u0cbf\u0ca8\u0ccd\u0ca8 \u0ca6\u0cc1\u0cb0\u0cb5\u0cb8\u0ccd\u0ca5\u0cc6\u0caf\u0ca8\u0ccd\u0ca8\u0cc1 \u0ca8\u0cc0\u0c97\u0cbf\u0cb8\u0cc1\u0cb5\u0ca6\u0c95\u0ccd\u0c95\u0cbe\u0c97\u0cbf \u0ca8\u0cbf\u0ca8\u0ccd\u0ca8 \u0ca6\u0cc1\u0cb7\u0ccd\u0c9f\u0ca4\u0ca8 \u0cb5\u0ca8\u0ccd\u0ca8\u0cc1 \u0cac\u0caf\u0cb2\u0cbf\u0c97\u0cc6 \u0ca4\u0cb0\u0cb2\u0cbf\u0cb2\u0ccd\u0cb2; \u0c86\u0ca6\u0cb0\u0cc6 \u0ca8\u0cbf\u0ca8\u0c97\u0cbe\u0c97\u0cbf \u0cb8\u0cc1\u0cb3\u0ccd\u0cb3\u0cbf\u0ca8 \u0cad\u0cbe\u0cb0\u0c97\u0cb3\u0ca8\u0ccd\u0ca8\u0cc1 \u0cae\u0ca4\u0ccd\u0ca4\u0cc1 \u0c97\u0ca1\u0cc0\u0caa\u0cbe\u0cb0\u0cc1 \u0cae\u0cbe\u0ca1\u0cc1\u0cb5 \u0c95\u0cbe\u0cb0\u0ca3 \u0c97\u0cb3\u0ca8\u0ccd\u0ca8\u0cc1 \u0ca8\u0ccb\u0ca1\u0cbf\u0ca6\u0ccd\u0ca6\u0cbe\u0cb0\u0cc6."},{"Verseid":"24001014","Verse":"\u0ca6\u0cbe\u0cb0\u0cbf\u0caf\u0cb2\u0ccd\u0cb2\u0cbf \u0cb9\u0ccb\u0c97\u0cc1\u0cb5\u0cb5 \u0cb0\u0cc6\u0cb2\u0ccd\u0cb2\u0cb0\u0cc2 \u0ca8\u0cbf\u0ca8\u0ccd\u0ca8 \u0cb5\u0cbf\u0cb7\u0caf\u0ca6\u0cb2\u0ccd\u0cb2\u0cbf \u0ca4\u0cae\u0ccd\u0cae \u0c95\u0cc8\u0c97\u0cb3\u0ca8\u0ccd\u0ca8\u0cc1 \u0ca4\u0c9f\u0ccd\u0c9f\u0cc1\u0ca4\u0ccd\u0ca4\u0cbe\u0cb0\u0cc6; \u0c85\u0cb5\u0cb0\u0cc1 \u0caf\u0cc6\u0cb0\u0cc2\u0cb8\u0cb2\u0cc7\u0cae\u0cbf\u0ca8 \u0c95\u0cc1\u0cae\u0cbe\u0cb0\u0ccd\u0ca4\u0cc6\u0caf \u0cb5\u0cbf\u0cb7\u0caf\u0ca6\u0cb2\u0ccd\u0cb2\u0cbf \u0cb8\u0cbf\u0cb3\u0ccd\u0cb3\u0cc1 \u0cb9\u0cbe\u0c95\u0cbf \u0ca4\u0cb2\u0cc6\u0caf\u0cbe\u0ca1\u0cbf\u0cb8\u0cbf--\u0c86 \u0cae\u0ca8\u0cc1\u0cb7\u0ccd\u0caf\u0cb0\u0cc1 \u0c95\u0cb0\u0cc6\u0caf\u0cc1 \u0ca4\u0ccd\u0ca4\u0cbf\u0ca6\u0ccd\u0ca6 \u0cb8\u0ccc\u0c82\u0ca6\u0cb0\u0ccd\u0caf\u0ca6 \u0cb8\u0c82\u0caa\u0cc2\u0cb0\u0ccd\u0ca3\u0ca4\u0cc6\u0caf\u0cc2 \u0cb8\u0cb0\u0ccd\u0cb5 \u0cad\u0cc2\u0cae\u0cbf\u0caf \u0cb8\u0c82\u0ca4\u0ccb\u0cb7\u0cb5\u0cc2 \u0c86\u0c97\u0cbf\u0cb0\u0cc1\u0cb5 \u0ca8\u0c97\u0cb0\u0cbf\u0caf\u0cc1 \u0c87\u0ca6\u0cc7\u0caf\u0ccb?"},{"Verseid":"24001015","Verse":"\u0ca8\u0cbf\u0ca8\u0ccd\u0ca8 \u0c8e\u0cb2\u0ccd\u0cb2\u0cbe \u0cb6\u0ca4\u0ccd\u0cb0\u0cc1\u0c97\u0cb3\u0cc1 \u0ca8\u0cbf\u0ca8\u0c97\u0cc6 \u0cb5\u0cbf\u0cb0\u0ccb\u0ca7\u0cb5\u0cbe\u0c97\u0cbf \u0ca4\u0cae\u0ccd\u0cae \u0cac\u0cbe\u0caf\u0cbf \u0ca4\u0cc6\u0cb0\u0cc6\u0ca6\u0cbf\u0ca6\u0ccd\u0ca6\u0cbe\u0cb0\u0cc6; \u0c85\u0cb5\u0cb0\u0cc1 \u0cb8\u0cbf\u0cb3\u0ccd\u0cb3\u0cc1 \u0cb9\u0cbe\u0c95\u0cbf \u0cb9\u0cb2\u0ccd\u0cb2\u0cc1 \u0c95\u0ca1\u0cbf\u0caf\u0cc1\u0ca4\u0ccd\u0ca4\u0cbe--\u0ca8\u0cbe\u0cb5\u0cc1 \u0c85\u0cb5\u0cb3\u0ca8\u0ccd\u0ca8\u0cc1 \u0ca8\u0cc1\u0c82\u0c97\u0cbf \u0cac\u0cbf\u0c9f\u0ccd\u0c9f\u0cbf\u0ca6\u0ccd\u0ca6\u0cc7\u0cb5\u0cc6; \u0ca8\u0cbf\u0cb6\u0ccd\u0c9a\u0caf\u0cb5\u0cbe\u0c97\u0cbf \u0ca8\u0cbe\u0cb5\u0cc1 \u0ca8\u0cbf\u0cb0\u0cc0\u0c95\u0ccd\u0cb7\u0cbf\u0cb8\u0cbf\u0ca6 \u0ca6\u0cbf\u0ca8\u0cb5\u0cc1 \u0c87\u0ca6\u0cc7; \u0c85\u0ca6\u0ca8\u0ccd\u0ca8\u0cc1 \u0ca8\u0cbe\u0cb5\u0cc1 \u0c95\u0c82\u0ca1\u0cbf\u0ca6\u0ccd\u0ca6\u0cc7\u0cb5\u0cc6; \u0ca8\u0ccb\u0ca1\u0cbf \u0ca6\u0ccd\u0ca6\u0cc7\u0cb5\u0cc6 \u0c8e\u0c82\u0ca6\u0cc1 \u0c85\u0cb5\u0cb0\u0cc1 \u0cb9\u0cc7\u0cb3\u0cc1\u0ca4\u0ccd\u0ca4\u0cbe\u0cb0\u0cc6."},{"Verseid":"24001016","Verse":"\u0c95\u0cb0\u0ccd\u0ca4\u0ca8\u0cc1 \u0ca4\u0cbe\u0ca8\u0cc1 \u0cb8\u0c82\u0c95\u0cb2\u0ccd\u0caa\u0cbf\u0cb8\u0cbf\u0ca6\u0ccd\u0ca6\u0ca8\u0ccd\u0ca8\u0cc1 \u0cae\u0cbe\u0ca1\u0cbf\u0ca6\u0ccd\u0ca6\u0cbe\u0ca8\u0cc6; \u0c86\u0ca4\u0ca8\u0cc1 \u0caa\u0cc1\u0cb0\u0cbe\u0ca4\u0ca8 \u0c95\u0cbe\u0cb2\u0ca6 \u0ca6\u0cbf\u0ca8\u0c97\u0cb3\u0cb2\u0ccd\u0cb2\u0cbf \u0c86\u0c9c\u0ccd\u0c9e\u0cbe\u0caa\u0cbf\u0cb8\u0cbf\u0ca6 \u0ca4\u0ca8\u0ccd\u0ca8 \u0cb5\u0cbe\u0c95\u0ccd\u0caf\u0cb5\u0ca8\u0ccd\u0ca8\u0cc1 \u0caa\u0cc2\u0cb0\u0cc8\u0cb8\u0cbf\u0ca6\u0ccd\u0ca6\u0cbe\u0ca8\u0cc6. \u0c86\u0ca4\u0ca8\u0cc1 \u0c95\u0cc6\u0ca1\u0cb5\u0cbf \u0c95\u0ca8\u0cbf\u0c95\u0cb0\u0cbf\u0cb8\u0cb2\u0cbf\u0cb2\u0ccd\u0cb2; \u0c86\u0ca4\u0ca8\u0cc1 \u0ca8\u0cbf\u0ca8\u0ccd\u0ca8 \u0cb6\u0ca4\u0ccd\u0cb0\u0cc1\u0cb5\u0ca8\u0ccd\u0ca8\u0cc1 \u0ca8\u0cbf\u0ca8\u0ccd\u0ca8 \u0cb5\u0cbf\u0cb7\u0caf\u0cb5\u0cbe\u0c97\u0cbf \u0cb8\u0c82\u0ca4\u0ccb\u0cb7\u0caa\u0ca1\u0cc1\u0cb5 \u0cb9\u0cbe\u0c97\u0cc6 \u0cae\u0cbe\u0ca1\u0cbf \u0c85\u0cb5\u0ca8 \u0c95\u0cca\u0c82\u0cac\u0ca8\u0ccd\u0ca8\u0cc1 \u0c8e\u0ca4\u0ccd\u0ca4\u0cbf\u0ca6\u0ccd\u0ca6\u0cbe\u0ca8\u0cc6."},{"Verseid":"24001017","Verse":"\u0c85\u0cb5\u0cb0 \u0cb9\u0cc3\u0ca6\u0caf\u0cb5\u0cc1 \u0c95\u0cb0\u0ccd\u0ca4\u0ca8 \u0c95\u0ca1\u0cc6\u0c97\u0cc6 \u0c95\u0cc2\u0c97\u0cbf--\u0c93 \u0c9a\u0cc0\u0caf\u0ccb\u0ca8\u0cbf\u0ca8 \u0cae\u0c97\u0cb3 \u0c97\u0ccb\u0ca1\u0cc6\u0caf\u0cc7, \u0cb0\u0cbe\u0ca4\u0ccd\u0cb0\u0cbf \u0cb9\u0c97\u0cb2\u0cc2 \u0ca8\u0cbf\u0ca8\u0ccd\u0ca8 \u0c95\u0ca3\u0ccd\u0ca3\u0cc0\u0cb0\u0cc1 \u0ca8\u0ca6\u0cbf\u0caf\u0c82\u0ca4\u0cc6 \u0cb9\u0cb0\u0cbf\u0ca6\u0cc1 \u0cb9\u0ccb\u0c97\u0cb2\u0cbf, \u0ca8\u0cc0\u0ca8\u0cc1 \u0cb5\u0cbf\u0cb6\u0ccd\u0cb0\u0cbe\u0c82\u0ca4\u0cbf \u0ca4\u0c95\u0ccd\u0c95\u0cca\u0cb3\u0ccd\u0cb3\u0cac\u0cc7\u0ca1; \u0ca8\u0cbf\u0ca8\u0ccd\u0ca8 \u0c95\u0ca3\u0ccd\u0ca3\u0cc1 \u0cb0\u0cc6\u0caa\u0ccd\u0caa\u0cc6\u0caf\u0ca8\u0ccd\u0ca8\u0cc1 \u0cae\u0cc1\u0c9a\u0ccd\u0c9a\u0cac\u0cc7\u0ca1."},{"Verseid":"24001018","Verse":"\u0c8e\u0ca6\u0ccd\u0ca6\u0cc7\u0cb3\u0cc1, \u0cb0\u0cbe\u0ca4\u0ccd\u0cb0\u0cbf\u0caf\u0cb2\u0ccd\u0cb2\u0cbf \u0c95\u0cc2\u0c97\u0cc1; \u0ca8\u0cbf\u0ca8\u0ccd\u0ca8 \u0cb9\u0cc3\u0ca6\u0caf\u0cb5\u0ca8\u0ccd\u0ca8\u0cc1 \u0c95\u0cb0\u0ccd\u0ca4\u0ca8 \u0cb8\u0cae\u0ccd\u0cae\u0cc1\u0c96\u0ca6\u0cb2\u0ccd\u0cb2\u0cbf \u0c86\u0cb0\u0c82\u0cad\u0ca6 \u0c9c\u0cbe\u0cb5\u0c97\u0cb3\u0cb2\u0ccd\u0cb2\u0cbf (\u0ca8\u0cc0\u0cb0\u0cbf\u0ca8\u0c82\u0ca4\u0cc6) \u0cb9\u0cca\u0caf\u0ccd\u0caf\u0cbf; \u0ca8\u0cbf\u0ca8\u0ccd\u0ca8 \u0c95\u0cc8\u0c97\u0cb3\u0ca8\u0ccd\u0ca8\u0cc1 \u0c86\u0ca4\u0ca8 \u0c95\u0ca1\u0cc6\u0c97\u0cc6 \u0c8e\u0ca4\u0ccd\u0ca4\u0cc1, \u0caf\u0cbe\u0c95\u0c82\u0ca6\u0cb0\u0cc6 \u0ca8\u0cbf\u0ca8\u0ccd\u0ca8 \u0c9a\u0cbf\u0c95\u0ccd\u0c95 \u0cae\u0c95\u0ccd\u0c95\u0cb3 \u0caa\u0ccd\u0cb0\u0cbe\u0ca3\u0cb5\u0cc1 \u0caa\u0ccd\u0cb0\u0ca4\u0cbf\u0caf\u0cca\u0c82\u0ca6\u0cc1 \u0cac\u0cc0\u0ca6\u0cbf\u0caf \u0cac\u0ca6\u0cbf\u0caf\u0cb2\u0ccd\u0cb2\u0cbf \u0cb9\u0cb8\u0cbf\u0cb5\u0cc6\u0caf\u0cbf\u0c82\u0ca6 \u0ca6\u0cc1\u0cb0\u0ccd\u0cac\u0cb2\u0cb5\u0cbe\u0c97\u0cbf\u0ca6\u0cc6."},{"Verseid":"24001019","Verse":"\u0c93 \u0c95\u0cb0\u0ccd\u0ca4\u0ca8\u0cc7, \u0ca8\u0ccb\u0ca1\u0cc1, \u0ca8\u0cc0\u0ca8\u0cc1 \u0c87\u0ca6\u0ca8\u0ccd\u0ca8\u0cc1 \u0caf\u0cbe\u0cb0\u0cbf\u0c97\u0cc6 \u0cae\u0cbe\u0ca1\u0cbf\u0ca6\u0cbf\u0caf\u0ccb \u0caf\u0ccb\u0c9a\u0cbf\u0cb8\u0cc1. \u0cb8\u0ccd\u0ca4\u0ccd\u0cb0\u0cc0\u0caf\u0cb0\u0cc1 \u0ca4\u0cae\u0ccd\u0cae \u0cab\u0cb2\u0cb5\u0cbe\u0ca6 \u0c97\u0cc7\u0ca3\u0cc1\u0ca6\u0ccd\u0ca6\u0ca6 \u0c95\u0cc2\u0cb8\u0cc1\u0c97\u0cb3\u0ca8\u0ccd\u0ca8\u0cc1 \u0ca4\u0cbf\u0ca8\u0ccd\u0ca8\u0cac\u0cc7\u0c95\u0cc7? \u0caf\u0cbe\u0c9c\u0c95\u0ca8\u0cc1 \u0caa\u0ccd\u0cb0\u0cb5\u0cbe\u0ca6\u0cbf\u0caf\u0cc1 \u0c95\u0cb0\u0ccd\u0ca4\u0ca8 \u0caa\u0cb0\u0cbf\u0cb6\u0cc1\u0ca6\u0ccd\u0ca7 \u0cb8\u0ccd\u0ca5\u0cb3\u0ca6\u0cb2\u0ccd\u0cb2\u0cbf \u0c95\u0cca\u0cb2\u0ccd\u0cb2\u0cb2\u0ccd\u0caa\u0ca1\u0cac\u0cc7\u0c95\u0ccb?"},{"Verseid":"24001020","Verse":"\u0c8e\u0cb3\u0cc7 \u0caa\u0ccd\u0cb0\u0cbe\u0caf\u0ca6\u0cb5\u0cb0\u0cc2 \u0cae\u0cc1\u0ca6\u0cc1\u0c95\u0cb0\u0cc2 \u0cac\u0cc0\u0ca6\u0cbf\u0c97\u0cb3\u0cb2\u0ccd\u0cb2\u0cbf \u0cac\u0cbf\u0ca6\u0ccd\u0ca6\u0cbf\u0ca6\u0ccd\u0ca6\u0cbe\u0cb0\u0cc6; \u0ca8\u0ca8\u0ccd\u0ca8 \u0c95\u0ca8\u0ccd\u0caf\u0cc6\u0caf\u0cb0\u0cc2 \u0caf\u0ccc\u0cb5\u0ca8\u0cb8\u0ccd\u0ca5\u0cb0\u0cc2 \u0c95\u0ca4\u0ccd\u0ca4\u0cbf\u0caf\u0cbf\u0c82\u0ca6 \u0cb9\u0ca4\u0cb0\u0cbe\u0c97\u0cbf\u0ca6\u0ccd\u0ca6\u0cbe\u0cb0\u0cc6; \u0ca8\u0cbf\u0ca8\u0ccd\u0ca8 \u0c95\u0ccb\u0caa\u0ca6 \u0ca6\u0cbf\u0ca8\u0ca6\u0cb2\u0ccd\u0cb2\u0cbf \u0ca8\u0cc0\u0ca8\u0cc1 \u0c85\u0cb5\u0cb0\u0ca8\u0ccd\u0ca8\u0cc1 \u0cb8\u0cbe\u0caf\u0cbf\u0cb8\u0cbf\u0cb0\u0cc1\u0cb5\u0cbf; \u0c95\u0ca8\u0cbf\u0c95\u0cb0\u0cbf\u0cb8\u0ca6\u0cc6 \u0c95\u0cca\u0c82\u0ca6\u0cc1\u0cb9\u0cbe\u0c95\u0cbf \u0cac\u0cbf\u0c9f\u0ccd\u0c9f\u0cbf\u0ca6\u0ccd\u0ca6\u0cc0."},{"Verseid":"24001021","Verse":"\u0caa\u0cb0\u0cbf\u0cb6\u0cc1\u0ca6\u0ccd\u0ca7 \u0ca6\u0cbf\u0ca8\u0ca6\u0cb2\u0ccd\u0cb2\u0cbf \u0c86\u0ca6 \u0cb9\u0cbe\u0c97\u0cc6 \u0cb8\u0cc1\u0ca4\u0ccd\u0ca4\u0cb2\u0cc2 \u0ca8\u0ca8\u0ccd\u0ca8 \u0cad\u0caf\u0cbe\u0ca8\u0c95\u0c97\u0cb3\u0ca8\u0ccd\u0ca8\u0cc1 \u0ca8\u0cc0\u0ca8\u0cc1 \u0c95\u0cb0\u0cc6\u0ca6\u0cbf\u0cb0\u0cc1\u0cb5\u0cbf, \u0c86\u0ca6\u0cb0\u0cc6 \u0c95\u0cb0\u0ccd\u0ca4\u0ca8 \u0c95\u0ccb\u0caa\u0ca6 \u0ca6\u0cbf\u0ca8\u0ca6\u0cb2\u0ccd\u0cb2\u0cbf \u0ca4\u0caa\u0ccd\u0caa\u0cbf\u0cb8\u0cbf\u0c95\u0cca\u0c82\u0ca1\u0cc1 \u0c89\u0cb3\u0cbf\u0ca6\u0cb5\u0ca8\u0cc1 \u0c92\u0cac\u0ccd\u0cac\u0ca8\u0cc2 \u0c87\u0cb2\u0ccd\u0cb2; \u0ca8\u0cbe\u0ca8\u0cc1 \u0cb8\u0cbe\u0c95\u0cbf \u0cac\u0cc6\u0cb3\u0cc6\u0cb8\u0cbf\u0ca6\u0cb5\u0cb0\u0ca8\u0ccd\u0ca8\u0cc1 \u0ca8\u0ca8\u0ccd\u0ca8 \u0cb6\u0ca4\u0ccd\u0cb0\u0cc1\u0cb5\u0cc1 \u0ca8\u0cbf\u0cb0\u0ccd\u0cae\u0cc2\u0cb2 \u0cae\u0cbe\u0ca1\u0cbf\u0ca6\u0ccd\u0ca6\u0cbe\u0ca8\u0cc6."}]},{"Verse":[{"Verseid":"24002000","Verse":"\u0c86\u0ca4\u0ca8 \u0c95\u0ccb\u0caa\u0ca6 \u0c95\u0ccb\u0cb2\u0cbf\u0ca8\u0cbf\u0c82\u0ca6 \u0c95\u0cb7\u0ccd\u0c9f\u0cb5\u0ca8\u0ccd\u0ca8\u0cc1 \u0ca8\u0ccb\u0ca1\u0cbf\u0ca6 \u0cae\u0ca8\u0cc1\u0cb7\u0ccd\u0caf\u0ca8\u0cc1 \u0ca8\u0cbe\u0ca8\u0cc7."},{"Verseid":"24002001","Verse":"\u0c86\u0ca4\u0ca8\u0cc1 \u0ca8\u0ca8\u0ccd\u0ca8\u0ca8\u0ccd\u0ca8\u0cc1 \u0c95\u0cb0\u0cc6\u0ca4\u0c82\u0ca6\u0cc1 \u0ca8\u0ca1\u0cbf\u0cb8\u0cbf\u0ca6\u0ccd\u0ca6\u0cc1 \u0c95\u0ca4\u0ccd\u0ca4\u0cb2\u0cc6\u0c97\u0cc7 \u0cb9\u0cca\u0cb0\u0ca4\u0cc1 \u0cac\u0cc6\u0cb3\u0c95\u0cbf\u0c97\u0cb2\u0ccd\u0cb2."},{"Verseid":"24002002","Verse":"\u0ca8\u0cbf\u0cb6\u0ccd\u0c9a\u0caf\u0cb5\u0cbe\u0c97\u0cbf \u0c86\u0ca4\u0ca8\u0cc1 \u0ca8\u0ca8\u0c97\u0cc6 \u0cb5\u0cbf\u0cb0\u0ccb\u0ca7 \u0cb5\u0cbe\u0c97\u0cbf \u0ca4\u0cbf\u0cb0\u0cc1\u0c97\u0cbf\u0ca6\u0ccd\u0ca6\u0cbe\u0ca8\u0cc6 \u0ca6\u0cbf\u0ca8\u0cb5\u0cc6\u0cb2\u0ccd\u0cb2\u0cbe \u0ca4\u0ca8\u0ccd\u0ca8 \u0c95\u0cc8\u0caf\u0ca8\u0ccd\u0ca8\u0cc1 \u0ca8\u0ca8\u0c97\u0cc6 \u0cb5\u0cbf\u0cb0\u0ccb\u0ca7\u0cb5\u0cbe\u0c97\u0cbf \u0ca4\u0cbf\u0cb0\u0cc1\u0c97\u0cbf\u0cb8\u0cbf\u0ca6\u0ccd\u0ca6\u0cbe\u0ca8\u0cc6."},{"Verseid":"24002003","Verse":"\u0c86\u0ca4\u0ca8\u0cc1 \u0ca8\u0ca8\u0ccd\u0ca8 \u0cae\u0cbe\u0c82\u0cb8 \u0c9a\u0cb0\u0ccd\u0cae\u0cb5\u0ca8\u0ccd\u0ca8\u0cc2 \u0c8e\u0cb2\u0cc1\u0cac\u0cc1\u0c97\u0cb3\u0ca8\u0ccd\u0ca8\u0cc2 \u0cae\u0cc1\u0cb0\u0cbf\u0ca6\u0cbf\u0ca6\u0ccd\u0ca6\u0cbe\u0ca8\u0cc6."},{"Verseid":"24002004","Verse":"\u0c86\u0ca4\u0ca8\u0cc1 \u0ca8\u0ca8\u0c97\u0cc6 \u0cb5\u0cbf\u0cb0\u0ccb\u0ca7\u0cb5\u0cbe\u0c97\u0cbf \u0c95\u0c9f\u0ccd\u0c9f\u0cbf\u0ca6\u0ccd\u0ca6\u0cbe\u0ca8\u0cc6, \u0cb5\u0cbf\u0cb7\u0ca6\u0cbf\u0c82\u0ca6\u0cb2\u0cc2 \u0cb8\u0c82\u0c95\u0c9f\u0ca6\u0cbf\u0c82\u0ca6\u0cb2\u0cc2 \u0cb8\u0cc1\u0ca4\u0ccd\u0ca4\u0cbf\u0c95\u0cca\u0c82\u0ca1\u0cbf\u0ca6\u0ccd\u0ca6\u0cbe\u0ca8\u0cc6."},{"Verseid":"24002005","Verse":"\u0c86\u0ca4\u0ca8\u0cc1 \u0ca8\u0ca8\u0ccd\u0ca8\u0ca8\u0ccd\u0ca8\u0cc1 \u0cac\u0cb9\u0cc1 \u0c95\u0cbe\u0cb2\u0ca6 \u0cb9\u0cbf\u0c82\u0ca6\u0cc6 \u0cb8\u0ca4\u0ccd\u0ca4\u0cb5\u0cb0 \u0cb9\u0cbe\u0c97\u0cc6 \u0c95\u0ca4\u0ccd\u0ca4\u0cb2\u0cc6\u0caf \u0cb8\u0ccd\u0ca5\u0cb3\u0c97\u0cb3\u0cb2\u0ccd\u0cb2\u0cbf \u0c87\u0cb0\u0cbf\u0cb8\u0cbf\u0ca6\u0ccd\u0ca6\u0cbe\u0ca8\u0cc6."},{"Verseid":"24002006","Verse":"\u0ca8\u0cbe\u0ca8\u0cc1 \u0cb9\u0cca\u0cb0\u0c97\u0cc6 \u0cac\u0cbe\u0cb0\u0ca6 \u0cb9\u0cbe\u0c97\u0cc6 \u0c86\u0ca4\u0ca8\u0cc1 \u0ca8\u0ca8\u0ccd\u0ca8 \u0cb8\u0cc1\u0ca4\u0ccd\u0ca4\u0cb2\u0cc2 \u0cac\u0cc7\u0cb2\u0cbf \u0cb9\u0cbe\u0c95\u0cbf\u0ca6\u0ccd\u0ca6\u0cbe\u0ca8\u0cc6; \u0c86\u0ca4\u0ca8\u0cc1 \u0ca8\u0ca8\u0ccd\u0ca8 \u0cb8\u0c82\u0c95\u0ccb\u0cb2\u0cc6\u0caf \u0cad\u0cbe\u0cb0\u0cb5\u0ca8\u0ccd\u0ca8\u0cc1 \u0cb9\u0cc6\u0c9a\u0ccd\u0c9a\u0cbf\u0cb8\u0cbf\u0ca6\u0ccd\u0ca6\u0cbe\u0ca8\u0cc6."},{"Verseid":"24002007","Verse":"\u0ca8\u0cbe\u0ca8\u0cc1 \u0cae\u0cca\u0cb0\u0cc6\u0caf\u0cbf\u0c9f\u0ccd\u0c9f\u0cc1 \u0c95\u0cc2\u0c97\u0cbf\u0ca6\u0cb0\u0cc2 \u0c86\u0ca4\u0ca8\u0cc1 \u0ca8\u0ca8\u0ccd\u0ca8 \u0caa\u0ccd\u0cb0\u0cbe\u0cb0\u0ccd\u0ca5\u0ca8\u0cc6 \u0caf\u0ca8\u0ccd\u0ca8\u0cc1 \u0cb2\u0cbe\u0cb2\u0cbf\u0cb8\u0cc1\u0cb5\u0ca6\u0cbf\u0cb2\u0ccd\u0cb2."},{"Verseid":"24002008","Verse":"\u0c95\u0cc6\u0ca4\u0ccd\u0ca4\u0cbf\u0ca6 \u0c95\u0cb2\u0ccd\u0cb2\u0cbf\u0ca8\u0cbf\u0c82\u0ca6 \u0ca8\u0ca8\u0ccd\u0ca8 \u0cae\u0cbe\u0cb0\u0ccd\u0c97\u0c97\u0cb3\u0ca8\u0ccd\u0ca8\u0cc1 \u0cae\u0cc1\u0c9a\u0ccd\u0c9a\u0cbf \u0c86\u0ca4\u0ca8\u0cc1 \u0ca8\u0ca8\u0ccd\u0ca8 \u0ca6\u0cbe\u0cb0\u0cbf\u0c97\u0cb3\u0ca8\u0ccd\u0ca8\u0cc1 \u0ca1\u0cca\u0c82\u0c95\u0cc1 \u0cae\u0cbe\u0ca1\u0cbf\u0ca6\u0ccd\u0ca6\u0cbe\u0ca8\u0cc6."},{"Verseid":"24002009","Verse":"\u0c86\u0ca4\u0ca8\u0cc1 \u0ca8\u0ca8\u0c97\u0cc6 \u0cb9\u0cca\u0c82\u0c9a\u0cc1\u0cb9\u0cbe\u0c95\u0cc1\u0cb5 \u0c95\u0cb0\u0ca1\u0cbf\u0caf \u0cb9\u0cbe\u0c97\u0cc6\u0caf\u0cc2 \u0c97\u0cc1\u0caa\u0ccd\u0ca4\u0cb8\u0ccd\u0ca5\u0cb3\u0c97\u0cb3\u0cb2\u0ccd\u0cb2\u0cbf\u0cb0\u0cc1\u0cb5 \u0cb8\u0cbf\u0c82\u0cb9\u0ca6 \u0cb9\u0cbe\u0c97\u0cc6\u0caf\u0cc2 \u0c87\u0ca6\u0ccd\u0ca6\u0cbe\u0ca8\u0cc6."},{"Verseid":"24002010","Verse":"\u0c86\u0ca4\u0ca8\u0cc1 \u0ca8\u0ca8\u0ccd\u0ca8 \u0cae\u0cbe\u0cb0\u0ccd\u0c97\u0c97\u0cb3\u0ca8\u0ccd\u0ca8\u0cc1 \u0ca4\u0caa\u0ccd\u0caa\u0cbf\u0cb8\u0cbf \u0ca8\u0ca8\u0ccd\u0ca8\u0ca8\u0ccd\u0ca8\u0cc1 \u0ca4\u0cc1\u0c82\u0ca1\u0cc1\u0c97\u0cb3\u0ca8\u0ccd\u0ca8\u0cbe\u0c97\u0cbf \u0c95\u0ca4\u0ccd\u0ca4\u0cb0\u0cbf\u0cb8\u0cbf \u0cb9\u0cbe\u0cb3\u0cc1\u0cae\u0cbe\u0ca1\u0cbf\u0ca6\u0ccd\u0ca6\u0cbe\u0ca8\u0cc6."},{"Verseid":"24002011","Verse":"\u0c86\u0ca4\u0ca8\u0cc1 \u0ca4\u0ca8\u0ccd\u0ca8 \u0cac\u0cbf\u0cb2\u0ccd\u0cb2\u0ca8\u0ccd\u0ca8\u0cc1 \u0cac\u0c97\u0ccd\u0c97\u0cbf\u0cb8\u0cbf\u0ca6\u0ccd\u0ca6\u0cbe\u0ca8\u0cc6 \u0cae\u0ca4\u0ccd\u0ca4\u0cc1 \u0ca8\u0ca8\u0ccd\u0ca8\u0ca8\u0ccd\u0ca8\u0cc1 \u0cac\u0cbe\u0ca3\u0c95\u0ccd\u0c95\u0cc6 \u0c97\u0cc1\u0cb0\u0cbf\u0cae\u0cbe\u0ca1\u0cbf\u0ca6\u0ccd\u0ca6\u0cbe\u0ca8\u0cc6."},{"Verseid":"24002012","Verse":"\u0c86\u0ca4\u0ca8\u0cc1 \u0ca4\u0ca8\u0ccd\u0ca8 \u0cac\u0ca4\u0ccd\u0ca4\u0cb3\u0cbf\u0c95\u0cc6\u0caf\u0cb2\u0ccd\u0cb2\u0cbf\u0ca8 \u0cac\u0cbe\u0ca3\u0c97\u0cb3\u0cc1 \u0ca8\u0ca8\u0ccd\u0ca8 \u0c85\u0c82\u0ca4\u0cb0\u0c82\u0c97\u0c97\u0cb3\u0cb2\u0ccd\u0cb2\u0cbf \u0ca4\u0cc2\u0cb0\u0cbf\u0cb9\u0ccb\u0c97\u0cc1\u0cb5 \u0cb9\u0cbe\u0c97\u0cc6 \u0cae\u0cbe\u0ca1\u0cbf \u0ca6\u0ccd\u0ca6\u0cbe\u0ca8\u0cc6."},{"Verseid":"24002013","Verse":"\u0ca8\u0cbe\u0ca8\u0cc1 \u0ca8\u0ca8\u0ccd\u0ca8 \u0c8e\u0cb2\u0ccd\u0cb2\u0cbe \u0c9c\u0ca8\u0cb0\u0cbf\u0c97\u0cc6 \u0cb9\u0cbe\u0cb8\u0ccd\u0caf\u0cb5\u0cc2 \u0ca6\u0cbf\u0ca8\u0cb5\u0cc6\u0cb2\u0ccd\u0cb2\u0cb5\u0cc2 \u0c85\u0cb5\u0cb0 \u0cb9\u0cbe\u0ca1\u0cbe\u0c97\u0cbf\u0caf\u0cc2 \u0c87\u0ca6\u0ccd\u0ca6\u0cc7\u0ca8\u0cc6."},{"Verseid":"24002014","Verse":"\u0c86\u0ca4\u0ca8\u0cc1 \u0ca8\u0ca8\u0ccd\u0ca8\u0ca8\u0ccd\u0ca8\u0cc1 \u0c95\u0cb9\u0cbf\u0caf\u0cbf\u0c82\u0ca6 \u0ca4\u0cc1\u0c82\u0cac\u0cbf\u0cb8\u0cbf \u0cae\u0cbe\u0c9a\u0cbf \u0caa\u0ca4\u0ccd\u0cb0\u0cc6\u0caf\u0cbf\u0c82\u0ca6 \u0ca8\u0ca8\u0ccd\u0ca8\u0ca8\u0ccd\u0ca8\u0cc1 \u0c85\u0cae\u0cb2\u0cc7\u0cb0\u0cbf\u0cb8\u0cbf\u0ca6\u0ccd\u0ca6\u0cbe\u0ca8\u0cc6."},{"Verseid":"24002015","Verse":"\u0c86\u0ca4\u0ca8\u0cc1 \u0ca8\u0cc1\u0cb0\u0cc1\u0c9c\u0cc1 \u0c95\u0cb2\u0ccd\u0cb2\u0cc1\u0c97\u0cb3\u0cbf\u0c82\u0ca6 \u0ca8\u0ca8\u0ccd\u0ca8 \u0cb9\u0cb2\u0ccd\u0cb2\u0cc1\u0c97\u0cb3\u0ca8\u0ccd\u0ca8\u0cc1 \u0cae\u0cc1\u0cb0\u0cbf\u0ca6\u0cc1 \u0ca8\u0ca8\u0ccd\u0ca8\u0ca8\u0ccd\u0ca8\u0cc1 \u0cac\u0cc2\u0ca6\u0cbf\u0caf\u0cbf\u0c82\u0ca6 \u0cae\u0cc1\u0c9a\u0ccd\u0c9a\u0cbf\u0ca6\u0ccd\u0ca6\u0cbe\u0ca8\u0cc6."},{"Verseid":"24002016","Verse":"\u0ca8\u0ca8\u0ccd\u0ca8 \u0caa\u0ccd\u0cb0\u0cbe\u0ca3\u0cb5\u0ca8\u0ccd\u0ca8\u0cc1 \u0cb8\u0cae\u0cbe\u0ca7\u0cbe\u0ca8\u0ca6\u0cbf\u0c82\u0ca6 \u0ca6\u0cc2\u0cb0\u0cae\u0cbe\u0ca1\u0cbf\u0ca6\u0ccd\u0ca6\u0cbe\u0ca8\u0cc6; \u0ca8\u0cbe\u0ca8\u0cc1 \u0c8f\u0cb3\u0cbf\u0c97\u0cc6\u0caf\u0ca8\u0ccd\u0ca8\u0cc1 \u0cae\u0cb0\u0cc6\u0ca4\u0cc1\u0cac\u0cbf\u0c9f\u0ccd\u0c9f\u0cc6\u0ca8\u0cc1."},{"Verseid":"24002017","Verse":"\u0ca8\u0ca8\u0ccd\u0ca8 \u0cac\u0cb2\u0cb5\u0cc2 \u0ca8\u0cbf\u0cb0\u0cc0\u0c95\u0ccd\u0cb7\u0cc6\u0caf\u0cc2 \u0c95\u0cb0\u0ccd\u0ca4\u0ca8\u0cbf\u0c82\u0ca6 \u0ca8\u0cbe\u0cb6\u0cb5\u0cbe\u0ca6\u0cb5\u0cc6\u0c82\u0ca6\u0cc1 \u0cb9\u0cc7\u0cb3\u0cbf"},{"Verseid":"24002018","Verse":"\u0ca8\u0ca8\u0ccd\u0ca8 \u0cb8\u0c82\u0c95\u0c9f\u0cb5\u0ca8\u0ccd\u0ca8\u0cc1 \u0cb9\u0cbf\u0c82\u0cb8\u0cc6\u0caf\u0ca8\u0ccd\u0ca8\u0cc1 \u0cae\u0cbe\u0c9a\u0cbf\u0caa\u0ca4\u0ccd\u0cb0\u0cc6\u0caf\u0ca8\u0ccd\u0ca8\u0cc1 \u0cb5\u0cbf\u0cb7\u0cb5\u0ca8\u0ccd\u0ca8\u0cc1 \u0c87\u0cb5\u0cc1\u0c97\u0cb3\u0ca8\u0ccd\u0ca8\u0cc1 \u0c9c\u0ccd\u0c9e\u0cbe\u0caa\u0c95\u0cae\u0cbe\u0ca1\u0cbf\u0c95\u0cca\u0c82\u0ca1\u0cc6\u0ca8\u0cc1."},{"Verseid":"24002019","Verse":"\u0ca8\u0ca8\u0ccd\u0ca8 \u0caa\u0ccd\u0cb0\u0cbe\u0ca3\u0cb5\u0cc1 \u0c87\u0ca8\u0ccd\u0ca8\u0cc2 \u0c85\u0cb5\u0cc1\u0c97\u0cb3\u0ca8\u0ccd\u0ca8\u0cc1 \u0c9c\u0ccd\u0c9e\u0cbe\u0caa\u0cbf\u0cb8\u0cbf \u0c95\u0cca\u0cb3\u0ccd\u0cb3\u0cc1\u0ca4\u0ccd\u0ca4\u0cbe \u0ca8\u0ca8\u0ccd\u0ca8\u0cca\u0cb3\u0c97\u0cc6 \u0c95\u0cc1\u0c82\u0ca6\u0cbf\u0cb9\u0ccb\u0c97\u0cbf\u0ca6\u0cc6."},{"Verseid":"24002020","Verse":"\u0c87\u0ca6\u0ca8\u0ccd\u0ca8\u0cc1 \u0ca8\u0cbe\u0ca8\u0cc1 \u0ca8\u0ca8\u0ccd\u0ca8 \u0cae\u0ca8\u0cb8\u0ccd\u0cb8\u0cbf\u0c97\u0cc6 \u0ca4\u0cb0\u0cc1\u0ca4\u0ccd\u0ca4\u0cc7\u0ca8\u0cc6, \u0c86\u0ca6\u0ca6\u0cb0\u0cbf\u0c82\u0ca6 \u0ca8\u0ca8\u0c97\u0cc6 \u0ca8\u0cbf\u0cb0\u0cc0\u0c95\u0ccd\u0cb7\u0cc6 \u0c87\u0ca6\u0cc6."},{"Verseid":"24002021","Verse":"\u0c95\u0cb0\u0ccd\u0ca4\u0ca8 \u0c95\u0ca8\u0cbf\u0c95\u0cb0\u0c97\u0cb3\u0cbf\u0c82\u0ca6\u0cb2\u0cc7 \u0ca8\u0cbe\u0cb5\u0cc1 \u0ca8\u0cbe\u0cb6\u0cb5\u0cbe\u0c97 \u0cb2\u0cbf\u0cb2\u0ccd\u0cb2, \u0c86\u0ca4\u0ca8 \u0c85\u0c82\u0ca4\u0c83\u0c95\u0cb0\u0cc1\u0ca3\u0cc6\u0caf\u0cc1 \u0cae\u0cc1\u0c97\u0cbf\u0caf\u0cc1\u0cb5\u0ca6\u0cbf\u0cb2\u0ccd\u0cb2."},{"Verseid":"24002022","Verse":"\u0c85\u0cb5\u0cc1 \u0caa\u0ccd\u0cb0\u0ca4\u0cbf \u0cae\u0cc1\u0c82\u0c9c\u0cbe\u0ca8\u0cc6\u0caf\u0cc2 \u0cb9\u0cca\u0cb8\u0ca6\u0cbe\u0c97\u0cbf\u0cb0\u0cc1\u0cb5\u0cb5\u0cc1; \u0ca8\u0cbf\u0ca8\u0ccd\u0ca8 \u0ca8\u0c82\u0cac\u0cbf\u0c97\u0cb8\u0ccd\u0ca4\u0cbf\u0c95\u0cc6\u0caf\u0cc1 \u0cae\u0cb9\u0ca4\u0ccd\u0ca4\u0cbe\u0ca6\u0ca6\u0ccd\u0ca6\u0cc1."},{"Verseid":"24002023","Verse":"\u0c95\u0cb0\u0ccd\u0ca4\u0ca8\u0cc7 \u0ca8\u0ca8\u0ccd\u0ca8 \u0caa\u0cbe\u0cb2\u0cc6\u0c82\u0ca6\u0cc1 \u0ca8\u0ca8\u0ccd\u0ca8 \u0caa\u0ccd\u0cb0\u0cbe\u0ca3\u0cb5\u0cc1 \u0cb9\u0cc7\u0cb3\u0cc1\u0ca4\u0ccd\u0ca4\u0ca6\u0cc6, \u0c86\u0ca6\u0ca6\u0cb0\u0cbf\u0c82\u0ca6 \u0ca8\u0cbe\u0ca8\u0cc1 \u0c86\u0ca4\u0ca8\u0cb2\u0ccd\u0cb2\u0cbf \u0ca8\u0cbf\u0cb0\u0cc0\u0c95\u0ccd\u0cb7\u0cc6 \u0c87\u0ca1\u0cc1\u0ca4\u0ccd\u0ca4\u0cc7\u0ca8\u0cc6."},{"Verseid":"24002024","Verse":"\u0c95\u0cb0\u0ccd\u0ca4\u0ca8\u0cc1 \u0ca4\u0ca8\u0c97\u0cbe\u0c97\u0cbf \u0c95\u0cbe\u0caf\u0cc1\u0cb5\u0cb5\u0ca8\u0cbf\u0c97\u0cc2 \u0cb9\u0cc1\u0ca1\u0cc1\u0c95\u0cc1\u0cb5 \u0caa\u0ccd\u0cb0\u0cbe\u0ca3\u0c95\u0ccd\u0c95\u0cc2 \u0c92\u0cb3\u0ccd\u0cb3\u0cc6\u0caf\u0cb5\u0ca8\u0cbe\u0c97\u0cbf\u0ca6\u0ccd\u0ca6\u0cbe\u0ca8\u0cc6."},{"Verseid":"24002025","Verse":"\u0cae\u0ca8\u0cc1\u0cb7\u0ccd\u0caf\u0ca8\u0cc1 \u0ca8\u0cbf\u0cb0\u0cc0\u0c95\u0ccd\u0cb7\u0cc6\u0caf\u0cbf\u0c82\u0ca6 \u0cae\u0ccc\u0ca8\u0cb5\u0cbe\u0c97\u0cbf \u0c95\u0cb0\u0ccd\u0ca4\u0ca8 \u0cb0\u0c95\u0ccd\u0cb7\u0ca3\u0cc6\u0c97\u0cbe\u0c97\u0cbf \u0c95\u0cbe\u0caf\u0cc1 \u0cb5\u0ca6\u0cc1 \u0c92\u0cb3\u0ccd\u0cb3\u0cc6\u0caf\u0ca6\u0cc1."},{"Verseid":"24002026","Verse":"\u0ca4\u0ca8\u0ccd\u0ca8 \u0caf\u0ccc\u0cb5\u0ca8\u0ca6\u0cb2\u0ccd\u0cb2\u0cbf \u0ca8\u0cca\u0c97\u0cb5\u0ca8\u0ccd\u0ca8\u0cc1 \u0cb9\u0cca\u0cb0\u0cc1\u0cb5\u0ca6\u0cc1 \u0c85\u0cb5\u0ca8\u0cbf\u0c97\u0cc6 \u0c92\u0cb3\u0ccd\u0cb3\u0cc6\u0caf\u0ca6\u0cc1."},{"Verseid":"24002027","Verse":"\u0c85\u0cb5\u0ca8\u0cc1 \u0c92\u0c82\u0c9f\u0cbf\u0caf\u0cbe\u0c97\u0cbf \u0c95\u0cc2\u0ca4\u0cc1\u0c95\u0cca\u0c82\u0ca1\u0cc1 \u0cae\u0ccc\u0ca8 \u0cb5\u0cbe\u0c97\u0cbf\u0cb0\u0cc1\u0cb5\u0ca8\u0cc1, \u0caf\u0cbe\u0c95\u0c82\u0ca6\u0cb0\u0cc6 \u0c86\u0ca4\u0ca8\u0cc7 \u0c85\u0ca6\u0ca8\u0ccd\u0ca8\u0cc1 \u0c85\u0cb5\u0ca8 \u0cae\u0cc7\u0cb2\u0cc6 \u0cb9\u0cca\u0cb0\u0cbf\u0cb8\u0cbf\u0ca6\u0ccd\u0ca6\u0cbe\u0ca8\u0cc6."},{"Verseid":"24002028","Verse":"\u0c92\u0c82\u0ca6\u0cc1 \u0cb5\u0cc7\u0cb3\u0cc6 \u0c85\u0cb2\u0ccd\u0cb2\u0cbf \u0ca8\u0cbf\u0cb0\u0cc0\u0c95\u0ccd\u0cb7\u0cc6 \u0c87\u0cb0\u0cc1\u0cb5\u0ca6\u0cbe\u0ca6\u0cb0\u0cc6 \u0c85\u0cb5\u0ca8\u0cc1 \u0ca4\u0ca8\u0ccd\u0ca8 \u0cac\u0cbe\u0caf\u0cbf \u0caf\u0ca8\u0ccd\u0ca8\u0cc1 \u0ca6\u0cc2\u0cb3\u0cbf\u0ca8\u0cb2\u0ccd\u0cb2\u0cbf \u0c87\u0ca1\u0cc1\u0ca4\u0ccd\u0ca4\u0cbe\u0ca8\u0cc6."},{"Verseid":"24002029","Verse":"\u0c86\u0ca4\u0ca8\u0cc1 \u0ca4\u0ca8\u0ccd\u0ca8\u0ca8\u0ccd\u0ca8\u0cc1 \u0cb9\u0cca\u0ca1\u0cc6\u0caf\u0cc1\u0cb5\u0cb5\u0ca8\u0cbf\u0c97\u0cc6 \u0c95\u0cc6\u0ca8\u0ccd\u0ca8\u0cc6 \u0c95\u0cca\u0ca1\u0cc1\u0ca4\u0ccd\u0ca4\u0cbe\u0ca8\u0cc6 \u0c86\u0ca4\u0ca8\u0cc1 \u0ca8\u0cbf\u0c82\u0ca6\u0cc6\u0caf\u0cbf\u0c82\u0ca6\u0cb2\u0cc7 \u0ca4\u0cc1\u0c82\u0cac\u0cbf\u0ca6\u0ccd\u0ca6\u0cbe\u0ca8\u0cc6."},{"Verseid":"24002030","Verse":"\u0c95\u0cb0\u0ccd\u0ca4\u0ca8\u0cc1 \u0c8e\u0c82\u0ca6\u0cc6\u0c82\u0ca6\u0cbf\u0c97\u0cc2 \u0ca4\u0cb3\u0ccd\u0cb3\u0cbf\u0cac\u0cbf\u0ca1\u0cc1\u0cb5\u0ca6\u0cbf\u0cb2\u0ccd\u0cb2;"},{"Verseid":"24002031","Verse":"\u0c86\u0ca4\u0ca8\u0cc1 \u0ca6\u0cc1\u0c83\u0c96\u0caa\u0ca1\u0cbf\u0cb8\u0cbf\u0ca6\u0cb0\u0cc2 \u0ca4\u0ca8\u0ccd\u0ca8 \u0c95\u0cc3\u0caa\u0cbe\u0ca4\u0cbf\u0cb6\u0caf\u0ca6\u0cbf\u0c82\u0ca6 \u0c95\u0ca8\u0cbf\u0c95\u0cb0\u0cbf\u0cb8\u0cc1\u0cb5\u0ca8\u0cc1."},{"Verseid":"24002032","Verse":"\u0c86\u0ca4\u0ca8\u0cc1 \u0c87\u0cb7\u0ccd\u0c9f\u0caa\u0cc2\u0cb0\u0ccd\u0cb5\u0c95\u0cb5\u0cbe\u0c97\u0cbf \u0cae\u0ca8\u0cc1\u0cb7\u0ccd\u0caf\u0cb0 \u0cae\u0c95\u0ccd\u0c95\u0cb3\u0ca8\u0ccd\u0ca8\u0cc1 \u0cac\u0cbe\u0ca7\u0cbf\u0cb8\u0cc1\u0cb5\u0ca6\u0cc1 \u0c87\u0cb2\u0ccd\u0cb2 \u0ca6\u0cc1\u0c83\u0c96\u0cbf\u0cb8\u0cc1 \u0cb5\u0ca6\u0cc2 \u0c87\u0cb2\u0ccd\u0cb2."},{"Verseid":"24002033","Verse":"\u0cad\u0cc2\u0cb2\u0ccb\u0c95\u0ca6 \u0cb8\u0cc6\u0cb0\u0cc6\u0caf\u0cb5\u0cb0\u0ca8\u0ccd\u0ca8\u0cc6\u0cb2\u0ccd\u0cb2\u0cbe \u0c95\u0cbe\u0cb2\u0cc1\u0c97\u0cb3 \u0c95\u0cc6\u0cb3\u0c97\u0cc6 \u0ca4\u0cc1\u0cb3\u0cbf\u0caf\u0cc1\u0cb5\u0ca6\u0ca8\u0ccd\u0ca8\u0cc2"},{"Verseid":"24002034","Verse":"\u0cae\u0cb9\u0ccb\u0ca8\u0ccd\u0ca8\u0ca4\u0ca8 \u0cb8\u0ca8\u0ccd\u0ca8\u0cbf\u0ca7\u0cbf\u0caf\u0cb2\u0ccd\u0cb2\u0cbf \u0cae\u0ca8\u0cc1\u0cb7\u0ccd\u0caf\u0ca8 \u0ca8\u0ccd\u0caf\u0cbe\u0caf\u0cb5\u0ca8\u0ccd\u0ca8\u0cc1 \u0ca4\u0cbf\u0cb0\u0cc1\u0c97\u0cbf\u0cb8\u0cc1 \u0cb5\u0ca6\u0ca8\u0ccd\u0ca8\u0cc2"},{"Verseid":"24002035","Verse":"\u0cae\u0ca8\u0cc1\u0cb7\u0ccd\u0caf\u0ca8\u0ca8\u0ccd\u0ca8\u0cc1 \u0c85\u0cb5\u0ca8 \u0cb5\u0ccd\u0caf\u0cbe\u0c9c\u0ccd\u0caf\u0ca6\u0cb2\u0ccd\u0cb2\u0cbf \u0c95\u0cc6\u0ca1\u0cbf\u0cb8\u0cc1\u0cb5\u0ca6\u0ca8\u0ccd\u0ca8\u0cc2 \u0c95\u0cb0\u0ccd\u0ca4\u0ca8\u0cc1 \u0cae\u0cc6\u0c9a\u0ccd\u0c9a\u0cc1\u0cb5\u0ca6\u0cbf\u0cb2\u0ccd\u0cb2."},{"Verseid":"24002036","Verse":"\u0c95\u0cb0\u0ccd\u0ca4\u0ca8\u0cc1 \u0c86\u0c9c\u0ccd\u0c9e\u0cbe\u0caa\u0cbf\u0cb8\u0ca6\u0cbf\u0cb0\u0cc1 \u0cb5\u0cbe\u0c97 \u0cb8\u0c82\u0cad\u0cb5\u0cbf\u0cb8\u0cbf \u0ca8\u0ca1\u0cc6\u0caf\u0cc1\u0cb5 \u0cb9\u0cbe\u0c97\u0cc6 \u0cb9\u0cc7\u0cb3\u0cc1\u0cb5\u0cb5\u0ca8\u0cc1 \u0caf\u0cbe\u0cb0\u0cc1?"},{"Verseid":"24002037","Verse":"\u0cae\u0cb9\u0ccb\u0ca8\u0ccd\u0ca8\u0ca4\u0ca8 \u0cac\u0cbe\u0caf\u0cbf\u0c82\u0ca6 \u0c95\u0cc6\u0c9f\u0ccd\u0c9f\u0ca6\u0ccd\u0ca6\u0cc2 \u0c92\u0cb3\u0ccd\u0cb3\u0cc6\u0caf\u0ca6\u0cc2 \u0cb9\u0cca\u0cb0\u0ca1\u0cc1\u0cb5\u0ca6\u0cbf\u0cb2\u0ccd\u0cb2\u0cb5\u0cc7?"},{"Verseid":"24002038","Verse":"\u0cac\u0ca6\u0cc1\u0c95\u0cc1\u0cb5 \u0cae\u0ca8\u0cc1\u0cb7\u0ccd\u0caf\u0ca8\u0cc1 \u0ca4\u0ca8\u0ccd\u0ca8 \u0caa\u0cbe\u0caa\u0c97\u0cb3 \u0cb6\u0cbf\u0c95\u0ccd\u0cb7\u0cc6\u0c97\u0cbe\u0c97\u0cbf \u0c97\u0cc1\u0ca3\u0cc1 \u0c97\u0cc1\u0c9f\u0ccd\u0c9f\u0cc1\u0cb5\u0ca6\u0cc7\u0c95\u0cc6?"},{"Verseid":"24002039","Verse":"\u0ca8\u0cbe\u0cb5\u0cc1 \u0ca8\u0cae\u0ccd\u0cae \u0cae\u0cbe\u0cb0\u0ccd\u0c97\u0c97\u0cb3\u0ca8\u0ccd\u0ca8\u0cc1 \u0cb6\u0ccb\u0ca7\u0cbf\u0cb8\u0cbf \u0caa\u0cb0\u0cc0\u0c95\u0ccd\u0cb7\u0cbf\u0cb8\u0cbf \u0c95\u0cca\u0c82\u0ca1\u0cc1 \u0cae\u0ca4\u0ccd\u0ca4\u0cc6 \u0c95\u0cb0\u0ccd\u0ca4\u0ca8 \u0cac\u0cb3\u0cbf\u0c97\u0cc6 \u0ca4\u0cbf\u0cb0\u0cc1\u0c97\u0cbf\u0c95\u0cca\u0cb3\u0ccd\u0cb3\u0ccb\u0ca3."},{"Verseid":"24002040","Verse":"\u0ca8\u0cae\u0ccd\u0cae \u0cb9\u0cc3\u0ca6\u0caf\u0cb5\u0ca8\u0ccd\u0ca8\u0cc1 \u0c95\u0cc8\u0c97\u0cb3\u0cca\u0c82\u0ca6\u0cbf\u0c97\u0cc6 \u0caa\u0cb0\u0cb2\u0ccb\u0c95\u0ca6 \u0ca6\u0cc7\u0cb5\u0cb0 \u0c95\u0ca1\u0cc6\u0c97\u0cc6 \u0c8e\u0ca4\u0ccd\u0ca4\u0cbf\u0c95\u0cca\u0cb3\u0ccd\u0cb3\u0ccb\u0ca3."},{"Verseid":"24002041","Verse":"\u0ca8\u0cbe\u0cb5\u0cc1 \u0ca6\u0ccd\u0cb0\u0ccb\u0cb9\u0cae\u0cbe\u0ca1\u0cbf \u0c8e\u0ca6\u0cc1\u0cb0\u0cc1 \u0cac\u0cbf\u0ca6\u0ccd\u0ca6\u0cbf\u0ca6\u0ccd\u0ca6\u0cc7\u0cb5\u0cc6; \u0ca8\u0cc0\u0ca8\u0cc1 \u0cae\u0ca8\u0ccd\u0ca8\u0cbf\u0cb8\u0cb2\u0cbf\u0cb2\u0ccd\u0cb2."},{"Verseid":"24002042","Verse":"\u0c95\u0ccb\u0caa\u0ca6\u0cb2\u0ccd\u0cb2\u0cbf \u0ca8\u0cae\u0ccd\u0cae\u0ca8\u0ccd\u0ca8\u0cc1 \u0cae\u0cc1\u0c9a\u0ccd\u0c9a\u0cbf, \u0cb9\u0cbf\u0c82\u0cb8\u0cbf\u0cb8\u0cbf\u0ca6\u0ccd\u0ca6\u0cc0; \u0c95\u0ca8\u0cbf\u0c95\u0cb0\u0cbf\u0cb8\u0ca6\u0cc6 \u0c95\u0cca\u0c82\u0ca6\u0cc1\u0cb9\u0cbe\u0c95\u0cbf\u0cb0\u0cc1\u0cb5\u0cbf."},{"Verseid":"24002043","Verse":"\u0ca8\u0cae\u0ccd\u0cae \u0caa\u0ccd\u0cb0\u0cbe\u0cb0\u0ccd\u0ca5 \u0ca8\u0cc6\u0caf\u0cc1 \u0ca8\u0cbf\u0ca8\u0c97\u0cc6 \u0cae\u0cc1\u0c9f\u0ccd\u0c9f\u0ca6\u0c82\u0ca4\u0cc6 \u0ca8\u0cbf\u0ca8\u0ccd\u0ca8\u0ca8\u0ccd\u0ca8\u0cc1 \u0cae\u0cc7\u0c98\u0ca6\u0cbf\u0c82\u0ca6 \u0cae\u0cc1\u0c9a\u0ccd\u0c9a\u0cbf \u0c95\u0cca\u0c82\u0ca1\u0cbf\u0ca6\u0ccd\u0ca6\u0cc0."},{"Verseid":"24002044","Verse":"\u0ca8\u0cc0\u0ca8\u0cc1 \u0ca8\u0cae\u0ccd\u0cae\u0ca8\u0ccd\u0ca8\u0cc1 \u0c9c\u0ca8\u0cb0 \u0cae\u0ca7\u0ccd\u0caf\u0ca6\u0cb2\u0ccd\u0cb2\u0cbf \u0c95\u0cb2\u0ccd\u0cae\u0cb7\u0cb5\u0ca8\u0ccd\u0ca8\u0cbe\u0c97\u0cbf\u0caf\u0cc2 \u0c95\u0cb8\u0cb5\u0ca8\u0ccd\u0ca8\u0cbe\u0c97\u0cbf\u0caf\u0cc2 \u0cae\u0cbe\u0ca1\u0cbf\u0ca6\u0ccd\u0ca6\u0cc0."},{"Verseid":"24002045","Verse":"\u0ca8\u0cae\u0ccd\u0cae \u0c8e\u0cb2\u0ccd\u0cb2\u0cbe \u0cb6\u0ca4\u0ccd\u0cb0\u0cc1\u0c97\u0cb3\u0cc1 \u0ca8\u0cae\u0c97\u0cc6 \u0cb5\u0cbf\u0cb0\u0cc1\u0ca6\u0ccd\u0ca7\u0cb5\u0cbe\u0c97\u0cbf \u0c85\u0cb5\u0cb0 \u0cac\u0cbe\u0caf\u0cbf\u0c97\u0cb3\u0ca8\u0ccd\u0ca8\u0cc1 \u0ca4\u0cc6\u0cb0\u0cc6\u0ca6\u0cbf\u0ca6\u0ccd\u0ca6\u0cbe\u0cb0\u0cc6."},{"Verseid":"24002046","Verse":"\u0cad\u0caf\u0cb5\u0cc2 \u0cac\u0ccb\u0ca8\u0cc2 \u0ca8\u0cbe\u0cb6\u0ca8\u0cb5\u0cc2 \u0cb8\u0c82\u0cb9\u0cbe\u0cb0\u0cb5\u0cc2 \u0ca8\u0cae\u0ccd\u0cae \u0cae\u0cc7\u0cb2\u0cc6 \u0cac\u0c82\u0ca6\u0cbf\u0cb5\u0cc6."},{"Verseid":"24002047","Verse":"\u0ca8\u0ca8\u0ccd\u0ca8 \u0c9c\u0ca8\u0cb0 \u0c95\u0cc1\u0cae\u0cbe\u0cb0\u0cbf\u0caf \u0ca8\u0cbe\u0cb6\u0ca8\u0ca6 \u0ca8\u0cbf\u0cae\u0cbf\u0ca4\u0ccd\u0ca4\u0cb5\u0cbe\u0c97\u0cbf \u0ca8\u0ca8\u0ccd\u0ca8 \u0c95\u0ca3\u0ccd\u0ca3\u0cbf\u0ca8\u0cbf\u0c82\u0ca6 \u0ca8\u0cc0\u0cb0\u0cc1 \u0ca8\u0ca6\u0cbf\u0caf\u0cbe\u0c97\u0cbf \u0cb9\u0cb0\u0cbf\u0ca6\u0cc1\u0cb9\u0ccb\u0c97\u0cc1\u0ca4\u0ccd\u0ca4\u0ca6\u0cc6."},{"Verseid":"24002048","Verse":"\u0c95\u0cb0\u0ccd\u0ca4\u0ca8\u0cc1 \u0c95\u0c9f\u0cbe\u0c95\u0ccd\u0cb7\u0cbf\u0cb8\u0cbf \u0caa\u0cb0\u0cb2\u0ccb\u0c95\u0ca6\u0cbf\u0c82\u0ca6 \u0ca8\u0ccb\u0ca1\u0cc1\u0cb5 \u0ca4\u0ca8\u0c95 \u0ca8\u0cc7\u0ca4\u0ccd\u0cb0\u0cb5\u0cc1 \u0c8e\u0ca1\u0cc6\u0cac\u0cbf\u0ca1\u0ca6\u0cc6 \u0c95\u0ca3\u0ccd\u0ca3\u0cc0\u0cb0\u0cc1 \u0cb8\u0cc1\u0cb0\u0cbf\u0cb8\u0cc1\u0ca4\u0ccd\u0ca4\u0ca6\u0cc6;"},{"Verseid":"24002049","Verse":"\u0cb5\u0cbf\u0cb6\u0ccd\u0cb0\u0cae\u0cbf\u0cb8\u0cbf\u0c95\u0cca\u0cb3\u0ccd\u0cb3\u0cc1\u0cb5\u0ca6\u0cc2 \u0c87\u0cb2\u0ccd\u0cb2."},{"Verseid":"24002050","Verse":"\u0ca8\u0ca8\u0ccd\u0ca8 \u0ca8\u0c97\u0cb0\u0ca6 \u0c95\u0cc1\u0cae\u0cbe\u0cb0\u0ccd\u0ca4\u0cc6\u0caf\u0cb0\u0cc6\u0cb2\u0ccd\u0cb2\u0cb0 \u0ca8\u0cbf\u0cae\u0cbf\u0ca4\u0ccd\u0ca4\u0cb5\u0cbe\u0c97\u0cbf \u0ca8\u0ca8\u0ccd\u0ca8 \u0c95\u0ca3\u0ccd\u0ca3\u0cc1 \u0ca8\u0ca8\u0ccd\u0ca8 \u0cb9\u0cc3\u0ca6\u0caf\u0cb5\u0ca8\u0ccd\u0ca8\u0cc1 \u0caa\u0cc0\u0ca1\u0cbf\u0cb8\u0cbf\u0ca6\u0cc6."},{"Verseid":"24002051","Verse":"\u0ca8\u0ca8\u0ccd\u0ca8 \u0cb6\u0ca4\u0ccd\u0cb0\u0cc1\u0c97\u0cb3\u0cc1 \u0c95\u0cbe\u0cb0\u0ca3\u0cb5\u0cbf\u0cb2\u0ccd\u0cb2\u0ca6\u0cc6 \u0caa\u0c95\u0ccd\u0cb7\u0cbf\u0caf\u0c82\u0ca4\u0cc6 \u0ca8\u0ca8\u0ccd\u0ca8\u0ca8\u0ccd\u0ca8\u0cc1 \u0c95\u0ca0\u0ccb\u0cb0\u0cb5\u0cbe\u0c97\u0cbf \u0cb9\u0cbf\u0c82\u0ca6\u0c9f\u0ccd\u0c9f\u0cbf \u0cac\u0cc7\u0c9f\u0cc6\u0caf\u0cbe\u0ca1\u0cbf\u0ca6\u0cb0\u0cc1."},{"Verseid":"24002052","Verse":"\u0c85\u0cb5\u0cb0\u0cc1 \u0c95\u0cbe\u0cb0\u0cbe\u0c97\u0cc3\u0cb9\u0ca6\u0cb2\u0ccd\u0cb2\u0cbf \u0ca8\u0ca8\u0ccd\u0ca8 \u0c9c\u0cc0\u0cb5\u0cb5\u0ca8\u0ccd\u0ca8\u0cc1 \u0ca4\u0cc6\u0c97\u0cc6\u0ca6\u0cc1\u0cb9\u0cbe\u0c95\u0cbf \u0ca8\u0ca8\u0ccd\u0ca8 \u0cae\u0cc7\u0cb2\u0cc6 \u0c95\u0cb2\u0ccd\u0cb2\u0ca8\u0ccd\u0ca8\u0cc1 \u0cb9\u0cbe\u0c95\u0cbf\u0ca6\u0ccd\u0ca6\u0cbe\u0cb0\u0cc6."},{"Verseid":"24002053","Verse":"\u0caa\u0ccd\u0cb0\u0cb5\u0cbe\u0cb9\u0cb5\u0cc1 \u0ca8\u0ca8 \u0ca4\u0cb2\u0cc6\u0caf \u0cae\u0cc7\u0cb2\u0cc6 \u0cb9\u0cb0\u0cbf\u0caf\u0cbf\u0ca4\u0cc1; \u0c86\u0c97--\u0ca8\u0cbe\u0ca8\u0cc1 \u0cb8\u0ca4\u0ccd\u0ca4\u0cc6\u0ca8\u0cc1 \u0c85\u0c82\u0ca6\u0cc1\u0c95\u0cca\u0c82\u0ca1\u0cc6\u0ca8\u0cc1."},{"Verseid":"24002054","Verse":"\u0c93 \u0c95\u0cb0\u0ccd\u0ca4\u0ca8\u0cc7, \u0ca8\u0cbe\u0ca8\u0cc1 \u0c86\u0cb3\u0cb5\u0cbe\u0ca6 \u0c95\u0cbe\u0cb0\u0cbe\u0c97\u0cc3\u0cb9\u0ca6\u0cbf\u0c82\u0ca6 \u0ca8\u0cbf\u0ca8\u0ccd\u0ca8 \u0cb9\u0cc6\u0cb8\u0cb0\u0ca8\u0ccd\u0ca8\u0cc1 \u0c8e\u0ca4\u0ccd\u0ca4\u0cbf \u0cac\u0cc7\u0ca1\u0cbf\u0c95\u0cca\u0c82\u0ca1\u0cc6\u0ca8\u0cc1."},{"Verseid":"24002055","Verse":"\u0ca8\u0cc0\u0ca8\u0cc1 \u0ca8\u0ca8\u0ccd\u0ca8 \u0cb8\u0ccd\u0cb5\u0cb0\u0cb5\u0ca8\u0ccd\u0ca8\u0cc1 \u0c95\u0cc7\u0cb3\u0cbf\u0ca6\u0ccd\u0ca6\u0cc0; \u0ca8\u0ca8\u0ccd\u0ca8 \u0cb6\u0ccd\u0cb5\u0cbe\u0cb8\u0c95\u0ccd\u0c95\u0cc2 \u0ca8\u0ca8\u0ccd\u0ca8 \u0c95\u0cc2\u0c97\u0cbf\u0c97\u0cc2 \u0ca8\u0cbf\u0ca8\u0ccd\u0ca8 \u0c95\u0cbf\u0cb5\u0cbf\u0caf\u0ca8\u0ccd\u0ca8\u0cc1 \u0cae\u0cb0\u0cc6\u0cae\u0cbe\u0ca1\u0cb2\u0cbf\u0cb2\u0ccd\u0cb2."},{"Verseid":"24002056","Verse":"\u0ca8\u0cbe\u0ca8\u0cc1 \u0ca8\u0cbf\u0ca8\u0ccd\u0ca8\u0ca8\u0ccd\u0ca8\u0cc1 \u0c95\u0cb0\u0cc6\u0ca6 \u0ca6\u0cbf\u0ca8\u0ca6\u0cb2\u0ccd\u0cb2\u0cbf \u0ca8\u0cc0\u0ca8\u0cc1 \u0cb8\u0cb5\u0cbf\u0cbe\u0caa\u0c95\u0ccd\u0c95\u0cc6 \u0cac\u0c82\u0ca6\u0cc1--\u0cad\u0caf\u0caa\u0ca1 \u0cac\u0cc7\u0ca1 \u0c8e\u0c82\u0ca6\u0cc1 \u0cb9\u0cc7\u0cb3\u0cbf\u0ca6\u0cbf."},{"Verseid":"24002057","Verse":"\u0c93 \u0c95\u0cb0\u0ccd\u0ca4\u0ca8\u0cc7, \u0ca8\u0cc0\u0ca8\u0cc1 \u0ca8\u0ca8\u0ccd\u0ca8 \u0caa\u0ccd\u0cb0\u0cbe\u0ca3\u0ca6 \u0cb5\u0ccd\u0caf\u0cbe\u0c9c\u0ccd\u0caf\u0c97\u0cb3\u0ca8\u0ccd\u0ca8\u0cc1 \u0ca8\u0ca1\u0cbf\u0cb8\u0cbf \u0ca8\u0ca8\u0ccd\u0ca8 \u0c9c\u0cc0\u0cb5\u0cb5\u0ca8\u0ccd\u0ca8\u0cc1 \u0cb5\u0cbf\u0cae\u0ccb\u0c9a\u0cbf\u0cb8\u0cbf\u0ca6\u0ccd\u0ca6\u0cc0."},{"Verseid":"24002058","Verse":"\u0c93 \u0c95\u0cb0\u0ccd\u0ca4\u0ca8\u0cc7, \u0ca8\u0cc0\u0ca8\u0cc1 \u0ca8\u0ca8\u0ccd\u0ca8 \u0c85\u0ca8\u0ccd\u0caf\u0cbe\u0caf\u0cb5\u0ca8\u0ccd\u0ca8\u0cc1 \u0ca8\u0ccb\u0ca1\u0cbf\u0ca6\u0ccd\u0ca6\u0cc0, \u0ca8\u0ca8\u0c97\u0cc6 \u0ca8\u0ccd\u0caf\u0cbe\u0caf\u0cb5\u0ca8\u0ccd\u0ca8\u0cc1 \u0ca4\u0cc0\u0cb0\u0cbf\u0cb8\u0cc1."},{"Verseid":"24002059","Verse":"\u0c85\u0cb5\u0cb0 \u0c8e\u0cb2\u0ccd\u0cb2\u0cbe \u0caa\u0ccd\u0cb0\u0ca4\u0cc0\u0c95\u0cbe\u0cb0\u0cb5\u0ca8\u0ccd\u0ca8\u0cc2 \u0ca8\u0ca8\u0c97\u0cc6 \u0cb5\u0cbf\u0cb0\u0cc1\u0ca6\u0ccd\u0ca7\u0cb5\u0cbe\u0ca6 \u0c85\u0cb5\u0cb0 \u0c8e\u0cb2\u0ccd\u0cb2\u0cbe \u0c95\u0cb2\u0ccd\u0caa\u0ca8\u0cc6\u0c97\u0cb3\u0ca8\u0ccd\u0ca8\u0cc2 \u0ca8\u0cc0\u0ca8\u0cc1 \u0ca8\u0ccb\u0ca1\u0cbf\u0cb0\u0cc1\u0cb5\u0cbf."},{"Verseid":"24002060","Verse":"\u0c93 \u0c95\u0cb0\u0ccd\u0ca4\u0ca8\u0cc7, \u0c85\u0cb5\u0cb0 \u0ca8\u0cbf\u0c82\u0ca6\u0cc6\u0caf\u0ca8\u0ccd\u0ca8\u0cc2 \u0ca8\u0ca8\u0c97\u0cc6 \u0cb5\u0cbf\u0cb0\u0cc1\u0ca6\u0ccd\u0ca7\u0cb5\u0cbe\u0ca6 \u0c85\u0cb5\u0cb0 \u0c8e\u0cb2\u0ccd\u0cb2\u0cbe \u0c95\u0cb2\u0ccd\u0caa\u0ca8\u0cc6\u0c97\u0cb3\u0ca8\u0ccd\u0ca8\u0cc2 \u0ca8\u0ca8\u0c97\u0cc6 \u0cb5\u0cbf\u0cb0\u0cc1\u0ca6\u0ccd\u0ca7\u0cb5\u0cbe\u0c97\u0cbf \u0cb9\u0cc7\u0cb3\u0cc1\u0cb5\u0cb5\u0cb0 \u0ca4\u0cc1\u0c9f\u0cbf\u0c97\u0cb3\u0ca8\u0ccd\u0ca8\u0cc2"},{"Verseid":"24002061","Verse":"\u0ca6\u0cbf\u0ca8\u0cb5\u0cbf\u0ca1\u0cc0 \u0ca8\u0ca8\u0c97\u0cc6 \u0cb5\u0cbf\u0cb0\u0cc1\u0ca6\u0ccd\u0ca7\u0cb5\u0cbe\u0ca6 \u0c85\u0cb5\u0cb0 \u0ca6\u0cc1\u0cb0\u0cbe\u0cb2\u0ccb\u0c9a\u0ca8\u0cc6\u0caf\u0ca8\u0ccd\u0ca8\u0cc2 \u0c95\u0cc7\u0cb3\u0cbf\u0cb0\u0cc1\u0cb5\u0cbf."},{"Verseid":"24002062","Verse":"\u0c85\u0cb5\u0cb0\u0cc1 \u0c95\u0cc2\u0ca1\u0ccd\u0cb0\u0cc1\u0cb5\u0ca6\u0ca8\u0ccd\u0ca8\u0cc2 \u0c8f\u0cb3\u0cc1\u0cb5\u0ca6\u0ca8\u0ccd\u0ca8\u0cc2 \u0ca8\u0ccb\u0ca1\u0cc1; \u0ca8\u0cbe\u0ca8\u0cc7 \u0c85\u0cb5\u0cb0\u0cbf\u0c97\u0cc6 \u0cb8\u0c82\u0c97\u0cc0\u0ca4\u0cb5\u0cbe\u0c97\u0cbf\u0ca6\u0ccd\u0ca6\u0cc7\u0ca8\u0cc6."},{"Verseid":"24002063","Verse":"\u0c93 \u0c95\u0cb0\u0ccd\u0ca4\u0ca8\u0cc7, \u0c85\u0cb5\u0cb0 \u0c95\u0cc8\u0c95\u0cc6\u0cb2\u0cb8\u0c97\u0cb3 \u0caa\u0ccd\u0cb0\u0c95\u0cbe\u0cb0 \u0c85\u0cb5\u0cb0\u0cbf\u0c97\u0cc6 \u0caa\u0ccd\u0cb0\u0ca4\u0cbf\u0cab\u0cb2\u0cb5\u0ca8\u0ccd\u0ca8\u0cc1 \u0c95\u0cca\u0ca1\u0cc1."},{"Verseid":"24002064","Verse":"\u0c85\u0cb5\u0cb0\u0cbf\u0c97\u0cc6 \u0ca6\u0cc1\u0c83\u0c96\u0c95\u0cb0\u0cb5\u0cbe\u0ca6 \u0cb9\u0cc3\u0ca6\u0caf\u0cb5\u0ca8\u0ccd\u0ca8\u0cc2 \u0ca8\u0cbf\u0ca8\u0ccd\u0ca8 \u0cb6\u0cbe\u0caa\u0cb5\u0ca8\u0ccd\u0ca8\u0cc2 \u0c95\u0cca\u0ca1\u0cc1."},{"Verseid":"24002065","Verse":"\u0c95\u0cb0\u0ccd\u0ca4\u0ca8\u0cc7 \u0c86\u0c95\u0cbe\u0cb6\u0ca6 \u0c95\u0cc6\u0cb3\u0c97\u0cbf\u0cb0\u0cc1\u0cb5\u0cb5\u0cb0\u0ca8\u0ccd\u0ca8\u0cc1 \u0ca8\u0cbf\u0ca8\u0ccd\u0ca8 \u0c95\u0ccb\u0caa\u0ca6\u0cbf\u0c82\u0ca6 \u0cb9\u0cbf\u0c82\u0cb8\u0cbf\u0cb8\u0cbf \u0cb9\u0cbe\u0cb3\u0cc1\u0cae\u0cbe\u0ca1\u0cc1."}]},{"Verse":[{"Verseid":"24003000","Verse":"\u0cac\u0c82\u0c97\u0cbe\u0cb0\u0cb5\u0cc1 \u0cb9\u0cc7\u0c97\u0cc6 \u0cae\u0cc1\u0cb8\u0cc1\u0c95\u0cbe\u0caf\u0cbf\u0ca4\u0cc1! \u0cac\u0cb9\u0cb3 \u0cb6\u0cc1\u0ca6\u0ccd\u0ca7\u0cb5\u0cbe\u0ca6 \u0cac\u0c82\u0c97\u0cbe\u0cb0\u0cb5\u0cc1 \u0cb9\u0cc7\u0c97\u0cc6 \u0cac\u0ca6\u0cb2\u0cbe\u0caf\u0cbf\u0ca4\u0cc1! \u0caa\u0cb0\u0cbf\u0cb6\u0cc1\u0ca6\u0ccd\u0ca7 \u0cb8\u0ccd\u0ca5\u0cb3\u0ca6 \u0c95\u0cb2\u0ccd\u0cb2\u0cc1\u0c97\u0cb3\u0cc1 \u0caa\u0ccd\u0cb0\u0ca4\u0cbf\u0caf\u0cca\u0c82\u0ca6\u0cc1 \u0cac\u0cc0\u0ca6\u0cbf\u0caf \u0cac\u0ca6\u0cbf\u0caf\u0cb2\u0ccd\u0cb2\u0cbf \u0cb8\u0cc1\u0cb0\u0cbf\u0caf\u0cb2\u0ccd\u0caa\u0c9f\u0ccd\u0c9f\u0cbf\u0cb5\u0cc6."},{"Verseid":"24003001","Verse":"\u0c85\u0caa\u0cb0\u0c82\u0c9c\u0cbf\u0c97\u0cc6 \u0cb8\u0cae\u0cbe\u0ca8\u0cb0\u0cbe\u0ca6 \u0c9a\u0cc0\u0caf\u0ccb\u0ca8\u0cbf\u0ca8 \u0c85\u0cae\u0cc2\u0cb2\u0ccd\u0caf \u0c95\u0cc1\u0cae\u0cbe\u0cb0\u0cb0\u0cc1 \u0cb9\u0cc7\u0c97\u0cc6 \u0cae\u0ca3\u0ccd\u0ca3\u0cbf\u0ca8 \u0caa\u0cbe\u0ca4\u0ccd\u0cb0\u0cc6\u0c97\u0cb3\u0c82\u0ca4\u0cc6\u0caf\u0cc2 \u0c95\u0cc1\u0c82\u0cac\u0cbe\u0cb0\u0ca8 \u0c95\u0cc8\u0c95\u0cc6\u0cb2\u0cb8\u0ca6 \u0cb9\u0cbe\u0c97\u0cc6\u0caf\u0cc2 \u0c8e\u0ca3\u0cbf\u0cb8\u0cb2\u0ccd\u0caa\u0c9f\u0ccd\u0c9f\u0cbf \u0ca6\u0ccd\u0ca6\u0cbe\u0cb0\u0cb2\u0ccd\u0cb2\u0cbe!"},{"Verseid":"24003002","Verse":"\u0cb8\u0cae\u0cc1\u0ca6\u0ccd\u0cb0\u0ca6 \u0cb5\u0cbf\u0c95\u0cbe\u0cb0\u0cb5\u0cbe\u0ca6 \u0caa\u0ccd\u0cb0\u0cbe\u0ca3\u0cbf\u0c97\u0cb3\u0cbe \u0ca6\u0cb0\u0cc2 \u0ca4\u0cae\u0ccd\u0cae \u0c95\u0cc6\u0c9a\u0ccd\u0c9a\u0cb2\u0ca8\u0ccd\u0ca8\u0cc1 \u0cb9\u0cca\u0cb0 \u0c8e\u0cb3\u0cc6\u0ca6\u0cc1 \u0ca4\u0cae\u0ccd\u0cae \u0cae\u0cb0\u0cbf\u0c97\u0cb3\u0cbf\u0c97\u0cc6 \u0cae\u0cca\u0cb2\u0cc6 \u0c95\u0cca\u0ca1\u0cc1\u0ca4\u0ccd\u0ca4\u0cb5\u0cc6; \u0c86\u0ca6\u0cb0\u0cc6 \u0ca8\u0ca8\u0ccd\u0ca8 \u0c9c\u0ca8\u0cb0 \u0cae\u0c97\u0cb3\u0cc1 \u0c85\u0cb0\u0ca3\u0ccd\u0caf\u0ca6\u0cb2\u0ccd\u0cb2\u0cbf\u0cb0\u0cc1\u0cb5 \u0c89\u0cb7\u0ccd\u0c9f\u0ccd\u0cb0\u0caa\u0c95\u0ccd\u0cb7\u0cbf\u0c97\u0cb3 \u0cb9\u0cbe\u0c97\u0cc6 \u0c95\u0ccd\u0cb0\u0cc2\u0cb0\u0cb5\u0cbe\u0c97\u0cbf \u0ca6\u0ccd\u0ca6\u0cbe\u0cb3\u0cc6."},{"Verseid":"24003003","Verse":"\u0cae\u0cca\u0cb2\u0cc6\u0c95\u0cc2\u0cb8\u0cbf\u0ca8 \u0ca8\u0cbe\u0cb2\u0cbf\u0c97\u0cc6\u0caf\u0cc1 \u0ca6\u0cbe\u0cb9\u0ca6\u0cbf\u0c82\u0ca6 \u0c85\u0c82\u0c97\u0cb3\u0c95\u0ccd\u0c95\u0cc6 \u0cb9\u0ca4\u0ccd\u0ca4\u0cc1\u0ca4\u0ccd\u0ca4\u0ca6\u0cc6, \u0c8e\u0cb3\u0cc6\u0c95\u0cc2\u0cb8\u0cc1\u0c97\u0cb3\u0cc1 \u0cb0\u0cca\u0c9f\u0ccd\u0c9f\u0cbf \u0c95\u0cc7\u0cb3\u0cc1\u0ca4\u0ccd\u0ca4\u0cb5\u0cc6; \u0c86\u0ca6\u0cb0\u0cc6 \u0c85\u0cb5\u0cb0\u0cbf\u0c97\u0cc6 \u0caf\u0cbe\u0cb0\u0cc2 \u0c95\u0cca\u0ca1\u0cc1\u0cb5\u0ca6\u0cbf\u0cb2\u0ccd\u0cb2."},{"Verseid":"24003004","Verse":"\u0cb0\u0cc1\u0c9a\u0cbf \u0caf\u0cbe\u0ca6\u0cb5\u0cc1\u0c97\u0cb3\u0ca8\u0ccd\u0ca8\u0cc1 \u0ca4\u0cbf\u0c82\u0ca6\u0cb5\u0cb0\u0cc1 \u0cac\u0cc0\u0ca6\u0cbf\u0c97\u0cb3\u0cb2\u0ccd\u0cb2\u0cbf \u0cb9\u0cbe\u0cb3\u0cbe\u0c97\u0cbf \u0ca6\u0ccd\u0ca6\u0cbe\u0cb0\u0cc6; \u0cb8\u0c95\u0cb2\u0cbe\u0ca4\u0cbf\u0c97\u0cb3\u0cb2\u0ccd\u0cb2\u0cbf \u0cac\u0cc6\u0cb3\u0cc6\u0cb8\u0cb2\u0ccd\u0caa\u0c9f\u0ccd\u0c9f\u0cb5\u0cb0\u0cc1 \u0ca4\u0cbf\u0caa\u0ccd\u0caa\u0cc6\u0c97\u0cb3\u0ca8\u0ccd\u0ca8\u0cc1 \u0c85\u0caa\u0ccd\u0caa\u0cbf\u0c95\u0cca\u0cb3\u0ccd\u0cb3\u0cc1\u0ca4\u0ccd\u0ca4\u0cbe\u0cb0\u0cc6."},{"Verseid":"24003005","Verse":"\u0ca8\u0ca8\u0ccd\u0ca8 \u0c9c\u0ca8\u0cb0 \u0cae\u0c97\u0cb3 \u0c85\u0c95\u0ccd\u0cb0\u0cae\u0ca6 \u0ca6\u0c82\u0ca1\u0ca8\u0cc6\u0caf\u0cc1 \u0cb8\u0cca\u0ca6\u0ccb\u0cae\u0cbf\u0ca8 \u0caa\u0cbe\u0caa\u0ca6 \u0ca6\u0c82\u0ca1\u0ca8\u0cc6\u0c97\u0cbf\u0c82\u0ca4 \u0ca6\u0cca\u0ca1\u0ccd\u0ca1\u0ca6\u0cc1; \u0c85\u0ca6\u0cc1 \u0c95\u0ccd\u0cb7\u0ca3\u0cae\u0cbe\u0ca4\u0ccd\u0cb0\u0ca6\u0cb2\u0ccd\u0cb2\u0cbf \u0c95\u0cc6\u0ca1\u0cb5\u0cbf \u0cb9\u0cbe\u0c95\u0cb2\u0ccd\u0caa\u0c9f\u0ccd\u0c9f\u0cbf\u0ca4\u0cc1! \u0c85\u0cb5\u0cb3\u0ca8\u0ccd\u0ca8\u0cc1 \u0caf\u0cbe\u0cb5 \u0c95\u0cc8\u0c97\u0cb3\u0cc2 \u0ca4\u0ca1\u0cc6\u0caf\u0cb2\u0cbf\u0cb2\u0ccd\u0cb2."},{"Verseid":"24003006","Verse":"\u0c85\u0cb5\u0cb3 \u0ca8\u0c9c\u0cb0\u0cc0\u0caf\u0cb0\u0cc1 \u0cb9\u0cbf\u0cae\u0c95\u0ccd\u0c95\u0cbf\u0c82\u0ca4\u0cb2\u0cc2 \u0cb8\u0ccd\u0cb5\u0c9a\u0ccd\u0c9b\u0cb5\u0cbe\u0c97\u0cbf\u0ca6\u0ccd\u0ca6\u0cb0\u0cc1, \u0cb9\u0cbe\u0cb2\u0cbf\u0c97\u0cbf\u0c82\u0ca4\u0cb2\u0cc2 \u0cac\u0cc6\u0cb3\u0ccd\u0cb3\u0c97\u0cbf\u0ca6\u0ccd\u0ca6\u0cb0\u0cc1, \u0c85\u0cb5\u0cb0\u0cc1 \u0cae\u0cc8 \u0c95\u0c9f\u0ccd\u0c9f\u0cbf\u0ca8\u0cb2\u0ccd\u0cb2\u0cbf \u0cb9\u0cb5\u0cb3\u0c95\u0ccd\u0c95\u0cbf\u0c82\u0ca4\u0cb2\u0cc2 \u0c95\u0cc6\u0c82\u0caa\u0cbe\u0c97\u0cbf\u0ca6\u0ccd\u0ca6\u0cb0\u0cc1; \u0c85\u0cb5\u0cb0 \u0cb9\u0cca\u0cb3\u0caa\u0cc1 \u0c87\u0c82\u0ca6\u0ccd\u0cb0\u0ca8\u0cc0\u0cb2\u0cae\u0ca3\u0cbf\u0caf \u0cb9\u0cbe\u0c97\u0cbf\u0ca4\u0ccd\u0ca4\u0cc1."},{"Verseid":"24003007","Verse":"\u0c88\u0c97 \u0c85\u0cb5\u0cb0 \u0cb0\u0cc2\u0caa\u0cb5\u0cc1 \u0c95\u0cb2\u0ccd\u0cb2\u0cbf\u0ca6\u0ccd\u0ca6\u0cb2\u0cbf\u0c97\u0cbf\u0c82\u0ca4 \u0c95\u0caa\u0ccd\u0caa\u0cbe\u0c97\u0cbf\u0ca6\u0cc6, \u0cac\u0cc0\u0ca6\u0cbf\u0c97\u0cb3\u0cb2\u0ccd\u0cb2\u0cbf \u0c85\u0cb5\u0cb0\u0cc1 \u0caf\u0cbe\u0cb0\u0cc6\u0c82\u0cac\u0ca6\u0cc1 \u0ca4\u0cbf\u0cb3\u0cbf\u0caf\u0cb2\u0cbf\u0cb2\u0ccd\u0cb2; \u0c85\u0cb5\u0cb0 \u0c9a\u0cb0\u0ccd\u0cae\u0cb5\u0cc1 \u0c85\u0cb5\u0cb0 \u0c8e\u0cb2\u0cc1\u0cac\u0cc1\u0c97\u0cb3\u0cbf\u0c97\u0cc6 \u0cb9\u0ca4\u0ccd\u0ca4\u0cbf\u0c95\u0cca\u0c82\u0ca1\u0cbf\u0ca6\u0cc6, \u0c85\u0ca6\u0cc1 \u0c92\u0ca3\u0c97\u0cbf \u0c95\u0ca1\u0ccd\u0ca1\u0cbf\u0caf \u0cb9\u0cbe\u0c97\u0cc6 \u0c86\u0c97\u0cbf\u0ca6\u0cc6."},{"Verseid":"24003008","Verse":"\u0c95\u0ca4\u0ccd\u0ca4\u0cbf\u0caf\u0cbf\u0c82\u0ca6 \u0cb9\u0ca4\u0cb0\u0cbe\u0ca6\u0cb5\u0cb0\u0cc1 \u0cb9\u0cb8\u0cbf\u0cb5\u0cc6 \u0caf\u0cbf\u0c82\u0ca6 \u0cb9\u0ca4\u0cb0\u0cbe\u0ca6\u0cb5\u0cb0\u0cbf\u0c97\u0cbf\u0c82\u0ca4 \u0cb2\u0cc7\u0cb8\u0cc1, \u0c87\u0cb5\u0cb0\u0cc1 \u0cad\u0cc2\u0cab\u0cb2 \u0c97\u0cb3\u0cbf\u0cb2\u0ccd\u0cb2\u0ca6\u0cc6 \u0c95\u0ccd\u0cb7\u0cbe\u0cae\u0ca6\u0cbf\u0c82\u0ca6 \u0ca4\u0cbf\u0cb5\u0cbf\u0caf\u0cb2\u0ccd\u0caa\u0c9f\u0ccd\u0c9f\u0cc1 \u0c95\u0ccd\u0cb7\u0cc0\u0ca3\u0cbf\u0cb8\u0cbf \u0cb9\u0ccb\u0c97\u0cc1\u0ca4\u0ccd\u0ca4\u0cbe\u0cb0\u0cc6."},{"Verseid":"24003009","Verse":"\u0c95\u0ca8\u0cbf\u0c95\u0cb0 \u0ca4\u0cc1\u0c82\u0cac\u0cbf\u0ca6 \u0cb9\u0cc6\u0c82\u0c97\u0cb8\u0cb0 \u0c95\u0cc8\u0c97\u0cb3\u0cc1 \u0c85\u0cb5\u0cb0 \u0cb8\u0ccd\u0cb5\u0c82\u0ca4 \u0cae\u0c95\u0ccd\u0c95\u0cb3\u0ca8\u0ccd\u0ca8\u0cc7 \u0cac\u0cc7\u0caf\u0cbf\u0cb8\u0cbf\u0ca6\u0cb5\u0cc1; \u0c87\u0cb5\u0cb0\u0cc1 \u0ca8\u0ca8\u0ccd\u0ca8 \u0c9c\u0ca8\u0cb0 \u0cae\u0c97\u0cb3 \u0ca8\u0cbe\u0cb6\u0ca6\u0cb2\u0ccd\u0cb2\u0cbf \u0c85\u0cb5\u0cb0\u0cbf\u0c97\u0cc6 \u0c86\u0cb9\u0cbe\u0cb0 \u0cb5\u0cbe\u0ca6\u0cb0\u0cc1."},{"Verseid":"24003010","Verse":"\u0c95\u0cb0\u0ccd\u0ca4\u0ca8\u0cc1 \u0ca4\u0ca8\u0ccd\u0ca8 \u0cb0\u0ccb\u0cb7\u0cb5\u0ca8\u0ccd\u0ca8\u0cc1 \u0ca4\u0cc0\u0cb0\u0cbf\u0cb8\u0cbf \u0ca6\u0ccd\u0ca6\u0cbe\u0ca8\u0cc6; \u0c86\u0ca4\u0ca8\u0cc1 \u0ca4\u0ca8\u0ccd\u0ca8 \u0c89\u0c97\u0ccd\u0cb0\u0cb5\u0cbe\u0ca6 \u0c95\u0ccb\u0caa\u0cb5\u0ca8\u0ccd\u0ca8\u0cc1 \u0cb8\u0cc1\u0cb0\u0cbf\u0ca6\u0cbf\u0ca6\u0ccd\u0ca6\u0cbe\u0ca8\u0cc6; \u0c9a\u0cc0\u0caf\u0ccb\u0ca8\u0cbf\u0ca8\u0cb2\u0ccd\u0cb2\u0cbf \u0cb9\u0cca\u0ca4\u0ccd\u0ca4\u0cbf\u0cb8\u0cbf\u0ca6 \u0cac\u0cc6\u0c82\u0c95\u0cbf\u0caf\u0cc1 \u0c85\u0ca6\u0cb0 \u0c85\u0cb8\u0ccd\u0ca4\u0cbf\u0cb5\u0cbe\u0cb0\u0c97\u0cb3\u0ca8\u0ccd\u0ca8\u0cc1 \u0ca4\u0cbf\u0c82\u0ca6\u0cc1\u0cac\u0cbf\u0c9f\u0ccd\u0c9f\u0cbf\u0ca4\u0cc1."},{"Verseid":"24003011","Verse":"\u0cad\u0cc2 \u0cb0\u0cbe\u0c9c\u0cb0\u0cc2 \u0cb5\u0cbf\u0cb0\u0ccb\u0ca7\u0cbf\u0caf\u0cc2 \u0cb6\u0ca4\u0ccd\u0cb0\u0cc1\u0cb5\u0cc2 \u0caf\u0cc6\u0cb0\u0cc2\u0cb8\u0cb2\u0cc7 \u0cae\u0cbf\u0ca8\u0cb2\u0ccd\u0cb2\u0cbf \u0caa\u0ccd\u0cb0\u0cb5\u0cc7\u0cb6\u0cbf\u0cb8\u0cbf\u0ca6\u0ccd\u0ca6\u0ca8\u0ccd\u0ca8\u0cc1 \u0caa\u0ccd\u0cb0\u0caa\u0c82\u0c9a\u0ca6 \u0c8e\u0cb2\u0ccd\u0cb2\u0cbe \u0ca8\u0cbf\u0cb5\u0cbe\u0cb8\u0cbf\u0c97\u0cb3\u0cc2 \u0ca8\u0c82\u0cac\u0cc1\u0ca4\u0ccd\u0ca4\u0cbf\u0cb0\u0cb2\u0cbf\u0cb2\u0ccd\u0cb2."},{"Verseid":"24003012","Verse":"\u0c85\u0cb5\u0cb3 \u0caa\u0ccd\u0cb0\u0cb5\u0cbe\u0ca6\u0cbf\u0c97\u0cb3 \u0caa\u0cbe\u0caa\u0c97\u0cb3\u0cbf\u0c97\u0ccb\u0cb8\u0ccd\u0c95\u0cb0\u0cb5\u0cc2 \u0c85\u0cb5\u0cb3 \u0caf\u0cbe\u0c9c\u0c95\u0cb0 \u0c85\u0c95\u0ccd\u0cb0\u0cae\u0c97\u0cb3\u0cbf \u0c97\u0ccb\u0cb8\u0ccd\u0c95\u0cb0\u0cb5\u0cc2 \u0cb9\u0cc0\u0c97\u0cbe\u0caf\u0cbf\u0ca4\u0cc1. \u0caf\u0cbe\u0c95\u0c82\u0ca6\u0cb0\u0cc6 \u0c87\u0cb5\u0cb0\u0cc1 \u0ca8\u0cc0\u0ca4\u0cbf\u0cb5\u0c82\u0ca4\u0cb0 \u0cb0\u0c95\u0ccd\u0ca4\u0cb5\u0ca8\u0ccd\u0ca8\u0cc1 \u0c85\u0cb5\u0cb3 \u0cae\u0ca7\u0ccd\u0caf \u0c9a\u0cc6\u0cb2\u0ccd\u0cb2\u0cbf\u0ca6\u0ccd\u0ca6\u0cb0\u0cc1."},{"Verseid":"24003013","Verse":"\u0c85\u0cb5\u0cb0\u0cc1 \u0cac\u0cc0\u0ca6\u0cbf\u0c97\u0cb3\u0cb2\u0ccd\u0cb2\u0cbf \u0c95\u0cc1\u0cb0\u0cc1\u0ca1\u0cb0\u0c82\u0ca4\u0cc6 \u0c85\u0cb2\u0cc6\u0ca6\u0cbe\u0ca1\u0cbf\u0ca6\u0cb0\u0cc1, \u0c85\u0cb5\u0cb0\u0cc1 \u0cb0\u0c95\u0ccd\u0ca4\u0ca6\u0cbf\u0c82\u0ca6 \u0ca4\u0cae\u0ccd\u0cae\u0ca8\u0ccd\u0ca8\u0cc1 \u0ca4\u0cbe\u0cb5\u0cc7 \u0c85\u0caa\u0cb5\u0cbf\u0ca4\u0ccd\u0cb0\u0caa\u0ca1\u0cbf\u0cb8\u0cbf \u0c95\u0cca\u0c82\u0ca1\u0cb0\u0cc1; \u0c86\u0ca6\u0ca6\u0cb0\u0cbf\u0c82\u0ca6 \u0cae\u0ca8\u0cc1\u0cb7\u0ccd\u0caf\u0cb0\u0cc1 \u0c85\u0cb5\u0cb0 \u0cb5\u0cb8\u0ccd\u0ca4\u0ccd\u0cb0\u0c97\u0cb3\u0ca8\u0ccd\u0ca8\u0cc1 \u0cae\u0cc1\u0c9f\u0ccd\u0c9f\u0cb2\u0cbe\u0cb0\u0ca6\u0cc6 \u0cb9\u0ccb\u0ca6\u0cb0\u0cc1."},{"Verseid":"24003014","Verse":"\u0c85\u0cb5\u0cb0\u0cc1 \u0c9c\u0ca8\u0cb0\u0cbf\u0c97\u0cc6--\u0ca8\u0cc0\u0cb5\u0cc1 \u0cb8\u0cb0\u0cbf\u0caf\u0cbf\u0cb0\u0cbf \u0c87\u0ca6\u0cc1 \u0c85\u0cb6\u0cc1\u0ca6\u0ccd\u0ca7\u0cb5\u0cbe\u0c97\u0cbf\u0ca6\u0cc6; \u0cb8\u0cb0\u0cbf\u0caf\u0cbf\u0cb0\u0cbf, \u0cb8\u0cb0\u0cbf\u0caf\u0cbf\u0cb0\u0cbf; \u0cae\u0cc1\u0c9f\u0ccd\u0c9f\u0cac\u0cc7\u0ca1\u0cbf\u0cb0\u0cbf \u0c8e\u0c82\u0ca6\u0cc1 \u0c95\u0cc2\u0c97\u0cbf \u0c95\u0cca\u0c82\u0ca1\u0cb0\u0cc1. \u0c85\u0cb5\u0cb0\u0cc1 \u0c93\u0ca1\u0cbf\u0cb9\u0ccb\u0c97\u0cbf \u0c85\u0cb2\u0cc6\u0ca6\u0cbe\u0ca1\u0cc1\u0ca4\u0ccd\u0ca4\u0cbf\u0cb0\u0cc1 \u0cb5\u0cbe\u0c97--\u0c85\u0cb5\u0cb0\u0cc1 \u0c87\u0ca8\u0ccd\u0ca8\u0cc1 \u0cae\u0cc7\u0cb2\u0cc6 \u0c85\u0cb2\u0ccd\u0cb2\u0cbf \u0cb5\u0cbe\u0cb8\u0cae\u0cbe\u0ca1\u0cc1 \u0cb5\u0ca6\u0cbf\u0cb2\u0ccd\u0cb2 \u0c8e\u0c82\u0ca6\u0cc1 \u0c85\u0ca8\u0ccd\u0caf \u0c9c\u0ca8\u0cbe\u0c82\u0c97\u0c97\u0cb3\u0cca\u0cb3\u0c97\u0cc6 \u0cb9\u0cc7\u0cb3\u0cbf\u0ca6\u0cb0\u0cc1."},{"Verseid":"24003015","Verse":"\u0c95\u0cb0\u0ccd\u0ca4\u0ca8 \u0c95\u0ccb\u0caa\u0cb5\u0cc1 \u0c85\u0cb5\u0cb0\u0ca8\u0ccd\u0ca8\u0cc1 \u0cb5\u0cbf\u0cad\u0cbe\u0c97\u0cbf\u0cb8\u0cbf\u0ca4\u0cc1; \u0c86\u0ca4\u0ca8\u0cc1 \u0c87\u0ca8\u0ccd\u0ca8\u0cc1 \u0c85\u0cb5\u0cb0\u0ca8\u0ccd\u0ca8\u0cc1 \u0cb2\u0c95\u0ccd\u0cb7\u0cbf\u0cb8\u0cc1\u0cb5\u0ca6\u0cbf\u0cb2\u0ccd\u0cb2; \u0c85\u0cb5\u0cb0\u0cc1 \u0caf\u0cbe\u0c9c\u0c95\u0cb0\u0ca8\u0ccd\u0ca8\u0cc1 \u0c97\u0ccc\u0cb0\u0cb5\u0cbf\u0cb8\u0cb2\u0cbf\u0cb2\u0ccd\u0cb2; \u0c85\u0cb5\u0cb0\u0cc1 \u0cb9\u0cbf\u0cb0\u0cbf\u0caf\u0cb0\u0cbf\u0c97\u0cc6 \u0ca6\u0caf\u0cc6\u0ca4\u0ccb\u0cb0\u0cbf \u0cb8\u0cb2\u0cbf\u0cb2\u0ccd\u0cb2."},{"Verseid":"24003016","Verse":"\u0ca8\u0cae\u0c97\u0cbe\u0ca6\u0cb0\u0ccb \u0ca8\u0cae\u0ccd\u0cae \u0c95\u0ca3\u0ccd\u0ca3\u0cc1\u0c97\u0cb3\u0cc1 \u0ca8\u0cae\u0ccd\u0cae \u0cb5\u0ccd\u0caf\u0cb0\u0ccd\u0ca5\u0cb5\u0cbe\u0ca6 \u0cb8\u0cb9\u0cbe\u0caf\u0c95\u0ccd\u0c95\u0cbe\u0c97\u0cbf \u0ca8\u0ccb\u0ca1\u0cbf \u0cb8\u0ccb\u0ca4\u0cc1 \u0cb9\u0ccb\u0ca6\u0cb5\u0cc1; \u0ca8\u0cae\u0ccd\u0cae \u0c95\u0ca3\u0ccd\u0ca3\u0cc1\u0c97\u0cb3\u0cc1 \u0ca8\u0cae\u0ccd\u0cae\u0ca8\u0ccd\u0ca8\u0cc1 \u0cb0\u0c95\u0ccd\u0cb7\u0cbf\u0cb8\u0cb2\u0cbe\u0cb0\u0ca6\u0c82\u0ca5 \u0c9c\u0ca8\u0cbe\u0c82\u0c97\u0c95\u0ccd\u0c95\u0cbe\u0c97\u0cbf \u0c95\u0cbe\u0cb5\u0cb2\u0cbe\u0c97\u0cbf\u0ca6\u0ccd\u0ca6\u0cb5\u0cc1."},{"Verseid":"24003017","Verse":"\u0ca8\u0cbe\u0cb5\u0cc1 \u0ca8\u0cae\u0ccd\u0cae \u0cac\u0cc0\u0ca6\u0cbf\u0c97\u0cb3\u0cb2\u0ccd\u0cb2\u0cbf \u0cb9\u0ccb\u0c97\u0ca6 \u0cb9\u0cbe\u0c97\u0cc6, \u0c85\u0cb5\u0cb0\u0cc1 \u0ca8\u0cae\u0ccd\u0cae \u0cb9\u0cc6\u0c9c\u0ccd\u0c9c\u0cc6\u0c97\u0cb3\u0ca8\u0ccd\u0ca8\u0cc7 \u0cac\u0cc7\u0c9f\u0cc6\u0caf\u0cbe\u0ca1\u0cc1\u0ca4\u0ccd\u0ca4\u0cbe\u0cb0\u0cc6; \u0ca8\u0cae\u0ccd\u0cae \u0c85\u0c82\u0ca4\u0ccd\u0caf\u0cb5\u0cc1 \u0cb8\u0cb5\u0cbf\u0cbe\u0caa\u0cbf\u0cb8\u0cbf\u0ca4\u0cc1, \u0ca8\u0cae\u0ccd\u0cae \u0ca6\u0cbf\u0ca8\u0c97\u0cb3\u0cc1 \u0ca4\u0cc1\u0c82\u0cac\u0cbf\u0ca6\u0cb5\u0cc1; \u0ca8\u0cae\u0ccd\u0cae \u0c85\u0c82\u0ca4\u0ccd\u0caf\u0cb5\u0cc1 \u0cac\u0c82\u0ca6\u0cbf\u0ca4\u0cc1."},{"Verseid":"24003018","Verse":"\u0ca8\u0cae\u0ccd\u0cae\u0ca8\u0ccd\u0ca8\u0cc1 \u0cb9\u0cbf\u0c82\u0cb8\u0cbf\u0cb8\u0cc1\u0cb5\u0cb5\u0cb0\u0cc1 \u0c86\u0c95\u0cbe\u0cb6\u0ca6\u0cb2\u0ccd\u0cb2\u0cbf \u0cb9\u0cbe\u0cb0\u0cc1\u0cb5 \u0cb9\u0ca6\u0ccd\u0ca6\u0cc1\u0c97\u0cb3\u0cbf\u0c97\u0cbf\u0c82\u0ca4 \u0ca4\u0cc0\u0cb5\u0ccd\u0cb0 \u0cb5\u0cbe\u0c97\u0cbf\u0ca6\u0ccd\u0ca6\u0cbe\u0cb0\u0cc6; \u0c85\u0cb5\u0cb0\u0cc1 \u0caa\u0cb0\u0ccd\u0cb5\u0ca4\u0c97\u0cb3 \u0cae\u0cc7\u0cb2\u0cc6 \u0ca8\u0cae\u0ccd\u0cae\u0ca8\u0ccd\u0ca8\u0cc1 \u0cb9\u0cbf\u0c82\u0ca6\u0c9f\u0ccd\u0c9f\u0cbf \u0c85\u0cb0\u0ca3\u0ccd\u0caf\u0ca6\u0cb2\u0ccd\u0cb2\u0cbf \u0cb9\u0cca\u0c82\u0c9a\u0cc1\u0cb9\u0cbe\u0c95\u0cbf\u0ca6\u0cb0\u0cc1."},{"Verseid":"24003019","Verse":"\u0caf\u0cbe\u0cb0 \u0cb5\u0cbf\u0cb7\u0caf\u0cb5\u0cbe\u0c97\u0cbf \u0ca8\u0cbe\u0cb5\u0cc1--\u0c85\u0cb5\u0ca8 \u0ca8\u0cc6\u0cb0\u0cb3\u0cbf\u0ca8 \u0c95\u0cc6\u0cb3\u0c97\u0cc6 \u0c85\u0ca8\u0ccd\u0caf \u0c9c\u0ca8\u0cbe\u0c82\u0c97\u0c97\u0cb3\u0cca\u0cb3\u0c97\u0cc6 \u0cac\u0ca6\u0cc1\u0c95\u0cc1\u0cb5\u0cc6\u0cb5\u0cc1 \u0c8e\u0c82\u0ca6\u0cc1 \u0cb9\u0cc7\u0cb3\u0cbf \u0c95\u0cca\u0c82\u0ca1\u0cc6\u0cb5\u0ccb \u0ca8\u0cae\u0ccd\u0cae \u0cae\u0cc2\u0c97\u0cbf\u0ca8 \u0c89\u0cb8\u0cbf\u0cb0\u0cbe\u0ca6 \u0c86 \u0c95\u0cb0\u0ccd\u0ca4\u0ca8 \u0c85\u0cad\u0cbf\u0cb7\u0cbf\u0c95\u0ccd\u0ca4\u0ca8\u0cc1 \u0c85\u0cb5\u0cb0 \u0c95\u0cc1\u0ca3\u0cbf\u0c97\u0cb3\u0cb2\u0ccd\u0cb2\u0cbf \u0cb8\u0cbf\u0c95\u0ccd\u0c95\u0cbf\u0c95\u0cca\u0c82\u0ca1\u0ca8\u0cc1."},{"Verseid":"24003020","Verse":"\u0c8e\u0ca6\u0ccb\u0cae\u0cbf\u0ca8 \u0cae\u0c97\u0cb3\u0cc7, \u0c8a\u0c9a\u0ccd\u200c \u0ca6\u0cc7\u0cb6\u0ca6\u0cb2\u0ccd\u0cb2\u0cbf \u0cb5\u0cbe\u0cb8\u0cb5\u0cbe\u0c97\u0cbf\u0cb0\u0cc1\u0cb5\u0cb5\u0cb3\u0cc7, \u0c86\u0ca8\u0c82\u0ca6\u0cbf\u0cb8\u0cc1, \u0cb8\u0c82\u0ca4\u0ccb\u0cb7\u0caa\u0ca1\u0cc1; \u0ca8\u0cbf\u0ca8\u0ccd\u0ca8 \u0cac\u0cb3\u0cbf\u0c97\u0cc6 \u0caa\u0cbe\u0ca4\u0ccd\u0cb0\u0cc6\u0caf\u0cc1 \u0cb8\u0cb9 \u0ca6\u0cbe\u0c9f\u0cbf \u0cac\u0cb0\u0cc1\u0cb5\u0ca6\u0cc1, \u0ca8\u0cc0\u0ca8\u0cc1 \u0c95\u0cc1\u0ca1\u0cbf\u0ca6\u0cc1 \u0ca8\u0cbf\u0ca8\u0ccd\u0ca8\u0ca8\u0ccd\u0ca8\u0cc1 \u0ca8\u0cc0\u0ca8\u0cc7 \u0cac\u0cc6\u0ca4\u0ccd\u0ca4\u0cb2\u0cc6 \u0cae\u0cbe\u0ca1\u0cbf\u0c95\u0cca\u0cb3\u0ccd\u0cb3\u0cc1\u0cb5\u0cbf."},{"Verseid":"24003021","Verse":"\u0c9a\u0cc0\u0caf\u0ccb\u0ca8\u0cbf\u0ca8 \u0cae\u0c97\u0cb3\u0cc7, \u0ca8\u0cbf\u0ca8\u0ccd\u0ca8 \u0c85\u0c95\u0ccd\u0cb0\u0cae\u0ca6 \u0cb6\u0cbf\u0c95\u0ccd\u0cb7\u0cc6\u0caf\u0cc1 \u0ca4\u0cc0\u0cb0\u0cbf\u0cb9\u0ccb\u0caf\u0cbf\u0ca4\u0cc1; \u0c86\u0ca4\u0ca8\u0cc1 \u0c87\u0ca8\u0ccd\u0ca8\u0cc1 \u0cae\u0cc7\u0cb2\u0cc6 \u0ca8\u0cbf\u0ca8\u0ccd\u0ca8\u0ca8\u0ccd\u0ca8\u0cc1 \u0cb8\u0cc6\u0cb0\u0cc6\u0c97\u0cc6 \u0c92\u0caf\u0ccd\u0caf\u0cc1\u0cb5\u0ca6\u0cbf\u0cb2\u0ccd\u0cb2. \u0c8e\u0ca6\u0ccb\u0cae\u0cbf\u0ca8 \u0cae\u0c97\u0cb3\u0cc7, \u0c86\u0ca4\u0ca8\u0cc1 \u0ca8\u0cbf\u0ca8\u0ccd\u0ca8 \u0c85\u0c95\u0ccd\u0cb0\u0cae\u0cb5\u0ca8\u0ccd\u0ca8\u0cc1 \u0cb5\u0cbf\u0c9a\u0cbe\u0cb0\u0cbf\u0cb8\u0cc1\u0cb5\u0ca8\u0cc1; \u0c86\u0ca4\u0ca8\u0cc1 \u0ca8\u0cbf\u0ca8\u0ccd\u0ca8 \u0caa\u0cbe\u0caa\u0c97\u0cb3\u0ca8\u0ccd\u0ca8\u0cc1 \u0c95\u0c82\u0ca1\u0cc1 \u0cb9\u0cbf\u0ca1\u0cbf\u0caf\u0cc1\u0cb5\u0ca8\u0cc1."}]},{"Verse":[{"Verseid":"24004000","Verse":"\u0c93 \u0c95\u0cb0\u0ccd\u0ca4\u0ca8\u0cc7, \u0ca8\u0ca8\u0ccd\u0ca8 \u0cae\u0cc7\u0cb2\u0cc6 \u0cac\u0c82\u0ca6 \u0ca6\u0cc1\u0cb0\u0ccd\u0c97\u0ca4\u0cbf\u0caf\u0ca8\u0ccd\u0ca8\u0cc1 \u0c9c\u0ccd\u0c9e\u0cbe\u0caa\u0c95\u0cae\u0cbe\u0ca1\u0cbf\u0c95\u0ccb \u0caa\u0cb0\u0cbf\u0c97\u0ca3\u0cbf\u0cb8\u0cc1, \u0ca8\u0cae\u0ccd\u0cae \u0ca8\u0cbf\u0c82\u0ca6\u0cc6\u0caf\u0ca8\u0ccd\u0ca8\u0cc1 \u0ca8\u0ccb\u0ca1\u0cc1."},{"Verseid":"24004001","Verse":"\u0ca8\u0cae\u0ccd\u0cae \u0cb8\u0ccd\u0cb5\u0cbe\u0cb8\u0ccd\u0ca4\u0ccd\u0caf\u0cb5\u0cc1 \u0c85\u0caa\u0cb0\u0cbf\u0c9a\u0cbf\u0ca4\u0cb0\u0cbf\u0c97\u0cc2 \u0ca8\u0cae\u0ccd\u0cae \u0cae\u0ca8\u0cc6\u0c97\u0cb3\u0cc1 \u0c85\u0ca8\u0ccd\u0caf\u0cb0\u0cbf\u0c97\u0cc2 \u0cb5\u0cb6 \u0cb5\u0cbe\u0ca6\u0cb5\u0cc1."},{"Verseid":"24004002","Verse":"\u0ca8\u0cbe\u0cb5\u0cc1 \u0c85\u0ca8\u0cbe\u0ca5\u0cb0\u0cc1 \u0ca4\u0c82\u0ca6\u0cc6 \u0c87\u0cb2\u0ccd\u0cb2\u0ca6\u0cb5\u0cb0\u0cc1, \u0ca8\u0cae\u0ccd\u0cae \u0ca4\u0cbe\u0caf\u0cbf\u0c82\u0ca6\u0cbf\u0cb0\u0cc1 \u0cb5\u0cbf\u0ca7\u0cb5\u0cc6\u0caf\u0cb0\u0cc1."},{"Verseid":"24004003","Verse":"\u0ca8\u0cbe\u0cb5\u0cc1 \u0ca8\u0cae\u0ccd\u0cae \u0ca8\u0cc0\u0cb0\u0ca8\u0ccd\u0ca8\u0cc1 \u0cb9\u0ca3 \u0c95\u0cca\u0c9f\u0ccd\u0c9f\u0cc1 \u0c95\u0cc1\u0ca1\u0cbf\u0ca6\u0cbf\u0ca6\u0ccd\u0ca6\u0cc7\u0cb5\u0cc6, \u0ca8\u0cae\u0ccd\u0cae \u0cb8\u0ccc\u0ca6\u0cc6\u0caf\u0cc1 \u0ca8\u0cae\u0c97\u0cc6 \u0cae\u0cbe\u0cb0\u0cb2\u0ccd\u0caa\u0c9f\u0ccd\u0c9f\u0cbf\u0ca6\u0cc6."},{"Verseid":"24004004","Verse":"\u0ca8\u0cae\u0ccd\u0cae \u0c95\u0cc1\u0ca4\u0ccd\u0ca4\u0cbf\u0c97\u0cc6\u0c97\u0cb3\u0cc1 \u0cb9\u0cbf\u0c82\u0cb8\u0cc6\u0c97\u0cca\u0cb3 \u0c97\u0cbe\u0ca6\u0cb5\u0cc1; \u0ca8\u0cbe\u0cb5\u0cc1 \u0cb5\u0cbf\u0cb6\u0ccd\u0cb0\u0cbe\u0c82\u0ca4\u0cbf\u0caf\u0cbf\u0cb2\u0ccd\u0cb2\u0ca6\u0cc6 \u0c95\u0cb7\u0ccd\u0c9f\u0caa\u0ca1\u0cc1\u0ca4\u0ccd\u0ca4\u0cc7\u0cb5\u0cc6."},{"Verseid":"24004005","Verse":"\u0cb0\u0cca\u0c9f\u0ccd\u0c9f\u0cbf\u0caf\u0cbf\u0c82\u0ca6 \u0ca4\u0cc3\u0caa\u0ccd\u0ca4\u0cbf\u0caa\u0ca1\u0cc1\u0cb5\u0ca6\u0c95\u0ccd\u0c95\u0cbe\u0c97\u0cbf \u0ca8\u0cae\u0ccd\u0cae \u0c95\u0cc8\u0caf\u0ca8\u0ccd\u0ca8\u0cc1 \u0c90\u0c97\u0cc1\u0caa\u0ccd\u0ca4\u0ccd\u0caf\u0cb0\u0cbf\u0c97\u0cc2 \u0c85\u0cb6\u0ccd\u0cb6\u0cc2\u0cb0\u0ccd\u0caf\u0cb0\u0cbf\u0c97\u0cc2 \u0c95\u0cca\u0c9f\u0ccd\u0c9f\u0cbf\u0ca6\u0ccd\u0ca6\u0cc7\u0cb5\u0cc6."},{"Verseid":"24004006","Verse":"\u0ca8\u0cae\u0ccd\u0cae \u0ca4\u0c82\u0ca6\u0cc6\u0c97\u0cb3\u0cc1 \u0caa\u0cbe\u0caa \u0cae\u0cbe\u0ca1\u0cbf \u0c87\u0cb2\u0ccd\u0cb2\u0ca6\u0cc6 \u0cb9\u0ccb\u0ca6\u0cb0\u0cc1; \u0ca8\u0cbe\u0cb5\u0cc1 \u0c85\u0cb5\u0cb0 \u0c85\u0c95\u0ccd\u0cb0\u0cae\u0c97\u0cb3\u0ca8\u0ccd\u0ca8\u0cc1 \u0cb9\u0cca\u0cb0\u0cc1\u0ca4\u0ccd\u0ca4\u0cc7\u0cb5\u0cc6."},{"Verseid":"24004007","Verse":"\u0c86\u0cb3\u0cc1\u0c97\u0cb3\u0cc1 \u0ca8\u0cae\u0ccd\u0cae \u0cae\u0cc7\u0cb2\u0cc6 \u0c86\u0cb3\u0cbf\u0ca6\u0ccd\u0ca6\u0cbe\u0cb0\u0cc6; \u0caf\u0cbe\u0cb0\u0cc2 \u0c85\u0cb5\u0cb0 \u0c95\u0cc8\u0caf\u0cbf\u0c82\u0ca6 \u0ca8\u0cae\u0ccd\u0cae\u0ca8\u0ccd\u0ca8\u0cc1 \u0ca4\u0caa\u0ccd\u0caa\u0cbf\u0cb8\u0cc1\u0cb5\u0ca6\u0cbf\u0cb2\u0ccd\u0cb2."},{"Verseid":"24004008","Verse":"\u0c85\u0ca1\u0cb5\u0cbf \u0c95\u0ca4\u0ccd\u0ca4\u0cbf\u0caf \u0ca8\u0cbf\u0cae\u0cbf\u0ca4\u0ccd\u0ca4 \u0caa\u0ccd\u0cb0\u0cbe\u0ca3 \u0cb8\u0c82\u0c95\u0c9f\u0ca6\u0cbf\u0c82\u0ca6 \u0ca8\u0cae\u0c97\u0cc6 \u0cb0\u0cca\u0c9f\u0ccd\u0c9f\u0cbf \u0cb8\u0cbf\u0c95\u0ccd\u0c95\u0cbf\u0ca6\u0cc6."},{"Verseid":"24004009","Verse":"\u0cad\u0caf\u0c82\u0c95\u0cb0\u0cb5\u0cbe\u0ca6 \u0c95\u0ccd\u0cb7\u0cbe\u0cae\u0ca6\u0cbf\u0c82\u0ca6 \u0ca8\u0cae\u0ccd\u0cae \u0c9a\u0cb0\u0ccd\u0cae \u0c92\u0cb2\u0cc6\u0caf \u0cb9\u0cbe\u0c97\u0cc6 \u0c95\u0caa\u0ccd\u0caa\u0cbe\u0c97\u0cbf\u0ca6\u0cc6."},{"Verseid":"24004010","Verse":"\u0c85\u0cb5\u0cb0\u0cc1 \u0c9a\u0cc0\u0caf\u0ccb\u0ca8\u0cbf\u0ca8\u0cb2\u0ccd\u0cb2\u0cbf \u0cb9\u0cc6\u0c82\u0c97\u0cb8\u0cb0\u0ca8\u0ccd\u0ca8\u0cc2 \u0caf\u0cc6\u0cb9\u0cc2\u0ca6\u0ca6 \u0ca8\u0c97\u0cb0\u0c97\u0cb3\u0cb2\u0ccd\u0cb2\u0cbf \u0c95\u0ca8\u0ccd\u0caf\u0cc6\u0caf\u0cb0\u0ca8\u0ccd\u0ca8\u0cc2 \u0c95\u0cc6\u0ca1\u0cbf\u0cb8\u0cbf\u0ca6\u0cb0\u0cc1."},{"Verseid":"24004011","Verse":"\u0caa\u0ccd\u0cb0\u0cad\u0cc1\u0c97\u0cb3\u0cc1 \u0c85\u0cb5\u0cb0 \u0c95\u0cc8\u0caf\u0cbf\u0c82\u0ca6 \u0c97\u0cb2\u0ccd\u0cb2\u0cbf\u0c97\u0cc7\u0cb0\u0cbf\u0cb8\u0cb2\u0ccd\u0caa\u0c9f\u0ccd\u0c9f\u0cb0\u0cc1; \u0cb9\u0cbf\u0cb0\u0cbf\u0caf\u0cb0 \u0cae\u0cc1\u0c96\u0c97\u0cb3\u0cc1 \u0c97\u0ccc\u0cb0\u0cb5\u0cbf \u0cb8\u0cb2\u0ccd\u0caa\u0ca1\u0cb2\u0cbf\u0cb2\u0ccd\u0cb2."},{"Verseid":"24004012","Verse":"\u0c85\u0cb5\u0cb0\u0cc1 \u0caf\u0ccc\u0cb5\u0ca8\u0cb8\u0ccd\u0ca5\u0cb0\u0ca8\u0ccd\u0ca8\u0cc1 \u0c85\u0cb0\u0cc6\u0caf\u0cc1 \u0cb5\u0ca6\u0c95\u0ccd\u0c95\u0cc6 \u0ca4\u0cc6\u0c97\u0cc6\u0ca6\u0cc1\u0c95\u0cca\u0c82\u0ca1\u0cb0\u0cc1; \u0cae\u0c95\u0ccd\u0c95\u0cb3\u0cc1 \u0c95\u0c9f\u0ccd\u0c9f\u0cbf\u0c97\u0cc6\u0caf \u0c95\u0cc6\u0cb3\u0c97\u0cc6 \u0cac\u0cbf\u0ca6\u0ccd\u0ca6\u0cb0\u0cc1."},{"Verseid":"24004013","Verse":"\u0cb9\u0cbf\u0cb0\u0cbf\u0caf\u0cb0\u0cc1 \u0cac\u0cbe\u0c97\u0cbf\u0cb2\u0ca8\u0ccd\u0ca8\u0cc1 \u0caa\u0ccd\u0cb0\u0cb5\u0cc7\u0cb6\u0cbf\u0cb8\u0cc1\u0cb5\u0ca6\u0cc2 \u0caf\u0ccc\u0cb5\u0ca8\u0cb8\u0ccd\u0ca5\u0cb0\u0cc1 \u0cb8\u0c82\u0c97\u0cc0\u0ca4\u0cb5\u0ca8\u0ccd\u0ca8\u0cc1 \u0cb9\u0cbe\u0ca1\u0cc1\u0cb5\u0ca6\u0cc2 \u0ca8\u0cbf\u0c82\u0ca4\u0cc1 \u0cb9\u0ccb\u0caf\u0cbf\u0ca4\u0cc1."},{"Verseid":"24004014","Verse":"\u0ca8\u0cae\u0ccd\u0cae \u0cb9\u0cc3\u0ca6\u0caf\u0ca6 \u0cb8\u0c82\u0ca4\u0ccb\u0cb7\u0cb5\u0cc1 \u0ca8\u0cbf\u0c82\u0ca4\u0cc1\u0cb9\u0ccb\u0caf\u0cbf\u0ca4\u0cc1; \u0ca8\u0cae\u0ccd\u0cae \u0ca8\u0cbe\u0c9f\u0ccd\u0caf\u0cb5\u0cc1 \u0ca6\u0cc1\u0c83\u0c96\u0ca6 \u0c95\u0ca1\u0cc6\u0c97\u0cc6 \u0ca4\u0cbf\u0cb0\u0cc1\u0c97\u0cbf\u0ca4\u0cc1."},{"Verseid":"24004015","Verse":"\u0c95\u0cbf\u0cb0\u0cc0\u0c9f\u0cb5\u0cc1 \u0ca8\u0cae\u0ccd\u0cae \u0ca4\u0cb2\u0cc6\u0caf \u0cae\u0cc7\u0cb2\u0cbf\u0c82\u0ca6 \u0cac\u0cbf\u0ca6\u0ccd\u0ca6\u0cc1 \u0cb9\u0ccb\u0caf\u0cbf\u0ca4\u0cc1; \u0ca8\u0cae\u0c97\u0cc6 \u0c85\u0caf\u0ccd\u0caf\u0ccb, \u0ca8\u0cbe\u0cb5\u0cc1 \u0caa\u0cbe\u0caa\u0cae\u0cbe\u0ca1\u0cbf\u0ca6\u0ccd\u0ca6\u0cc7\u0cb5\u0cc6."},{"Verseid":"24004016","Verse":"\u0c87\u0ca6\u0c95\u0ccd\u0c95\u0cbe\u0c97\u0cbf \u0ca8\u0cae\u0ccd\u0cae \u0cb9\u0cc3\u0ca6\u0caf\u0cb5\u0cc1 \u0ca6\u0cc1\u0cb0\u0ccd\u0cac\u0cb2\u0cb5\u0cbe\u0c97\u0cbf\u0ca6\u0cc6; \u0c87\u0cb5\u0cc1\u0c97\u0cb3\u0cbf\u0c82\u0ca6 \u0ca8\u0cae\u0ccd\u0cae \u0c95\u0ca3\u0ccd\u0ca3\u0cc1\u0c97\u0cb3\u0cc1 \u0cae\u0cca\u0cac\u0ccd\u0cac\u0cbe\u0c97\u0cbf\u0cb5\u0cc6."},{"Verseid":"24004017","Verse":"\u0c9a\u0cc0\u0caf\u0ccb\u0ca8\u0ccd\u200c \u0caa\u0cb0\u0ccd\u0cb5\u0ca4\u0cb5\u0cc1 \u0cb9\u0cbe\u0cb3\u0cbe\u0c97\u0cbf\u0cb0\u0cc1 \u0cb5\u0ca6\u0cb0\u0cbf\u0c82\u0ca6\u0cb2\u0cc7 \u0ca8\u0cb0\u0cbf\u0c97\u0cb3\u0cc1 \u0c85\u0cb5\u0cc1\u0c97\u0cb3 \u0cae\u0cc7\u0cb2\u0cc6 \u0ca4\u0cbf\u0cb0\u0cc1\u0c97\u0cbe\u0ca1\u0cc1 \u0cb5\u0cb5\u0cc1."},{"Verseid":"24004018","Verse":"\u0c93 \u0c95\u0cb0\u0ccd\u0ca4\u0ca8\u0cc7, \u0ca8\u0cc0\u0ca8\u0cc1 \u0c8e\u0c82\u0ca6\u0cc6\u0c82\u0ca6\u0cbf\u0c97\u0cc2 \u0c87\u0cb0\u0cc1\u0ca4\u0ccd\u0ca4\u0cc0. \u0ca8\u0cbf\u0ca8\u0ccd\u0ca8 \u0cb8\u0cbf\u0c82\u0cb9\u0cbe\u0cb8\u0ca8\u0cb5\u0cc1 \u0ca4\u0cb2\u0ca4\u0cb2\u0cbe\u0c82\u0ca4\u0cb0\u0c97\u0cb3 \u0cb5\u0cb0\u0cc6\u0c97\u0cc2 \u0c87\u0cb0\u0cc1 \u0cb5\u0ca6\u0cc1."},{"Verseid":"24004019","Verse":"\u0c86\u0ca6\u0c95\u0cbe\u0cb0\u0ca3 \u0ca8\u0cc0\u0ca8\u0cc1 \u0ca8\u0cae\u0ccd\u0cae\u0ca8\u0ccd\u0ca8\u0cc1 \u0cae\u0cb0\u0cc6\u0caf\u0cc1 \u0cb5\u0ca6\u0cc7\u0c95\u0cc6? \u0caf\u0cbe\u0c95\u0cc6 \u0ca8\u0cae\u0ccd\u0cae\u0ca8\u0ccd\u0ca8\u0cc1 \u0c87\u0cb7\u0ccd\u0c9f\u0cc1 \u0c95\u0cbe\u0cb2 \u0c95\u0cc8\u0cac\u0cbf\u0c9f\u0ccd\u0c9f\u0cbf\u0ca6\u0ccd\u0ca6\u0cc0?"},{"Verseid":"24004020","Verse":"\u0c95\u0cb0\u0ccd\u0ca4\u0ca8\u0cc7, \u0ca8\u0cae\u0ccd\u0cae\u0ca8\u0ccd\u0ca8\u0cc1 \u0ca8\u0cbf\u0ca8\u0ccd\u0ca8 \u0c95\u0ca1\u0cc6\u0c97\u0cc6 \u0ca4\u0cbf\u0cb0\u0cc1\u0c97\u0cbf\u0cb8\u0cc1; \u0c86\u0c97 \u0ca8\u0cbe\u0cb5\u0cc1 \u0ca4\u0cbf\u0cb0\u0cc1\u0c97\u0cbf\u0c95\u0cca\u0cb3\u0ccd\u0cb3\u0cc1\u0cb5\u0cc6\u0cb5\u0cc1, \u0cb9\u0cb3\u0cc6\u0caf \u0ca6\u0cbf\u0ca8\u0c97\u0cb3 \u0cb9\u0cbe\u0c97\u0cc6 \u0ca8\u0cae\u0ccd\u0cae \u0ca6\u0cbf\u0ca8\u0c97\u0cb3\u0ca8\u0ccd\u0ca8\u0cc1 \u0ca8\u0cc2\u0ca4\u0ca8\u0cae\u0cbe\u0ca1\u0cc1."},{"Verseid":"24004021","Verse":"\u0c86\u0ca6\u0cb0\u0cc6 \u0ca8\u0cae\u0ccd\u0cae\u0ca8\u0ccd\u0ca8\u0cc1 \u0caa\u0cc2\u0cb0\u0ccd\u0ca3\u0cb5\u0cbe\u0c97\u0cbf \u0ca4\u0cb3\u0ccd\u0cb3\u0cbf\u0cac\u0cbf\u0c9f\u0ccd\u0c9f\u0cbf\u0cb0\u0cc1\u0cb5\u0cbf; \u0ca8\u0cae\u0c97\u0cc6 \u0cb5\u0cbf\u0cb0\u0cc1\u0ca6\u0ccd\u0ca7\u0cb5\u0cbe\u0c97\u0cbf \u0ca8\u0cc0\u0ca8\u0cc1 \u0cac\u0cb9\u0cb3 \u0c95\u0ccb\u0caa\u0c97\u0cca\u0c82\u0ca1\u0cbf\u0cb0\u0cc1\u0cb5\u0cbf."}]}]}