{"Chapter":[{"Verse":[{"Verseid":"28000000","Verse":"\u0caa\u0cc6\u0ca4\u0cc2\u0cb5\u0cc7\u0cb2\u0ca8 \u0cae\u0c97\u0ca8\u0cbe\u0ca6 \u0caf\u0ccb\u0cb5\u0cc7\u0cb2\u0ca8\u0cbf\u0c97\u0cc6 \u0cac\u0c82\u0ca6 \u0c95\u0cb0\u0ccd\u0ca4\u0ca8 \u0cb5\u0cbe\u0c95\u0ccd\u0caf\u0cb5\u0cc1."},{"Verseid":"28000001","Verse":"\u0cb5\u0cc3\u0ca6\u0ccd\u0ca7\u0cb0\u0cc7, \u0c95\u0cc7\u0cb3\u0cbf\u0cb0\u0cbf! \u0ca6\u0cc7\u0cb6\u0ca8\u0cbf\u0cb5\u0cbe\u0cb8\u0cbf\u0c97\u0cb3\u0cc7, \u0ca8\u0cc0\u0cb5\u0cc6\u0cb2\u0ccd\u0cb2\u0cb0\u0cc2 \u0c95\u0cbf\u0cb5\u0cbf\u0c97\u0cca\u0ca1\u0cbf\u0cb0\u0cbf; \u0c87\u0ca6\u0cc1 \u0ca8\u0cbf\u0cae\u0ccd\u0cae \u0ca6\u0cbf\u0cb5\u0cb8\u0c97\u0cb3\u0cb2\u0ccd\u0cb2\u0cbe\u0ca6\u0cb0\u0cc2 \u0ca8\u0cbf\u0cae\u0ccd\u0cae \u0ca4\u0c82\u0ca6\u0cc6\u0c97\u0cb3 \u0ca6\u0cbf\u0cb5\u0cb8\u0c97\u0cb3\u0cb2\u0ccd\u0cb2\u0cbe\u0ca6\u0cb0\u0cc2 \u0c89\u0c82\u0c9f\u0cbe\u0caf\u0cbf\u0ca4\u0ccb?"},{"Verseid":"28000002","Verse":"\u0c87\u0ca6\u0cb0 \u0cb5\u0cbf\u0cb7\u0caf\u0cb5\u0ca8\u0ccd\u0ca8\u0cc1 \u0ca8\u0cbf\u0cae\u0ccd\u0cae \u0cae\u0c95\u0ccd\u0c95\u0cb3\u0cbf\u0c97\u0cc6 \u0ca4\u0cbf\u0cb3\u0cbf\u0cb8\u0cbf\u0cb0\u0cbf, \u0ca8\u0cbf\u0cae\u0ccd\u0cae \u0cae\u0c95\u0ccd\u0c95\u0cb3\u0cc1 \u0ca4\u0cae\u0ccd\u0cae \u0cae\u0c95\u0ccd\u0c95\u0cb3\u0cbf\u0c97\u0cc2 \u0c85\u0cb5\u0cb0 \u0cae\u0c95\u0ccd\u0c95\u0cb3\u0cc1 \u0cae\u0ca4\u0ccd\u0ca4\u0cca\u0c82\u0ca6\u0cc1 \u0ca4\u0cb2\u0cbe\u0c82\u0ca4\u0cb0\u0c95\u0ccd\u0c95\u0cc2 \u0ca4\u0cbf\u0cb3\u0cbf\u0cb8\u0cb2\u0cbf."},{"Verseid":"28000003","Verse":"\u0cb9\u0cc1\u0cb3\u0cb5\u0cc1 \u0c89\u0cb3\u0cbf\u0cb8\u0cbf\u0ca6\u0ccd\u0ca6\u0ca8\u0ccd\u0ca8\u0cc1 \u0cae\u0cbf\u0ca1\u0ca4\u0cc6 \u0ca4\u0cbf\u0c82\u0ca6\u0cc1\u0cac\u0cbf\u0c9f\u0ccd\u0c9f\u0cbf\u0ca6\u0cc6; \u0cae\u0cbf\u0ca1\u0ca4\u0cc6 \u0c89\u0cb3\u0cbf\u0cb8\u0cbf\u0ca6\u0ccd\u0ca6\u0ca8\u0ccd\u0ca8\u0cc1 \u0c92\u0cb3\u0c97\u0cc6 \u0ca8\u0cbe\u0cb6 \u0cae\u0cbe\u0ca1\u0cc1\u0cb5 \u0cb9\u0cc1\u0cb3\u0cb5\u0cc1 \u0ca4\u0cbf\u0c82\u0ca6\u0cc1\u0cac\u0cbf\u0c9f\u0ccd\u0c9f\u0cbf\u0ca6\u0cc6; \u0c85\u0ca6\u0cc1 \u0c89\u0cb3\u0cbf\u0cb8\u0cbf\u0ca6\u0ccd\u0ca6\u0ca8\u0ccd\u0ca8\u0cc1 \u0c95\u0c82\u0cac\u0cb3\u0cbf \u0cb9\u0cc1\u0cb3\u0cb5\u0cc1 \u0ca4\u0cbf\u0c82\u0ca6\u0cc1\u0cac\u0cbf\u0c9f\u0ccd\u0c9f\u0cbf\u0ca6\u0cc6."},{"Verseid":"28000004","Verse":"\u0c85\u0cae\u0cb2\u0cc7\u0cb0\u0cbf\u0ca6\u0cb5\u0cb0\u0cc7, \u0ca8\u0cc0\u0cb5\u0cc1 \u0c8e\u0c9a\u0ccd\u0c9a\u0ca4\u0ccd\u0ca4\u0cc1 \u0c85\u0cb3\u0cbf\u0cb0\u0cbf; \u0ca6\u0ccd\u0cb0\u0cbe\u0c95\u0ccd\u0cb7\u0cbe\u0cb0\u0cb8 \u0c95\u0cc1\u0ca1\u0cbf\u0caf\u0cc1\u0cb5\u0cb5\u0cb0\u0cc6\u0cb2\u0ccd\u0cb2\u0cb0\u0cc7, \u0cb9\u0cca\u0cb8 \u0ca6\u0ccd\u0cb0\u0cbe\u0c95\u0ccd\u0cb7\u0cbe \u0cb0\u0cb8\u0ca6 \u0ca8\u0cbf\u0cae\u0cbf\u0ca4\u0ccd\u0ca4 \u0c97\u0ccb\u0cb3\u0cbe\u0ca1\u0cbf\u0cb0\u0cbf; \u0c85\u0ca6\u0cc1 \u0ca8\u0cbf\u0cae\u0ccd\u0cae \u0cac\u0cbe\u0caf\u0cbf \u0caf\u0cca\u0cb3\u0c97\u0cbf\u0c82\u0ca6 \u0ca4\u0cc6\u0c97\u0cc6\u0caf\u0cb2\u0ccd\u0caa\u0c9f\u0ccd\u0c9f\u0cbf\u0ca6\u0cc6."},{"Verseid":"28000005","Verse":"\u0ca8\u0ca8\u0ccd\u0ca8 \u0ca6\u0cc7\u0cb6\u0ca6 \u0cae\u0cc7\u0cb2\u0cc6 \u0c92\u0c82\u0ca6\u0cc1 \u0c9c\u0ca8\u0cbe\u0c82\u0c97\u0cb5\u0cc1 \u0c8f\u0cb0\u0cbf \u0cac\u0c82\u0ca4\u0cc1; \u0c85\u0ca6\u0cc1 \u0cac\u0cb2\u0cb5\u0cbe\u0ca6\u0ca6\u0ccd\u0ca6\u0cc2 \u0cb2\u0cc6\u0c95\u0ccd\u0c95\u0cb5\u0cbf\u0cb2\u0ccd\u0cb2\u0ca6\u0ccd\u0ca6\u0cc2; \u0c85\u0ca6\u0cb0 \u0cb9\u0cb2\u0ccd\u0cb2\u0cc1\u0c97\u0cb3\u0cc1 \u0cb8\u0cbf\u0c82\u0cb9\u0ca6 \u0cb9\u0cb2\u0ccd\u0cb2\u0cc1\u0c97\u0cb3\u0cc1, \u0ca6\u0cca\u0ca1\u0ccd\u0ca1 \u0cb8\u0cbf\u0c82\u0cb9\u0ca6 \u0ca6\u0cb5\u0ca1\u0cc6 \u0cb9\u0cb2\u0ccd\u0cb2\u0cc1\u0c97\u0cb3\u0cc1 \u0c85\u0ca6\u0c95\u0ccd\u0c95\u0cc6 \u0c89\u0c82\u0c9f\u0cc1."},{"Verseid":"28000006","Verse":"\u0c85\u0ca6\u0cc1 \u0ca8\u0ca8\u0ccd\u0ca8 \u0ca6\u0ccd\u0cb0\u0cbe\u0c95\u0ccd\u0cb7\u0cc7 \u0cac\u0cb3\u0ccd\u0cb3\u0cbf\u0caf\u0ca8\u0ccd\u0ca8\u0cc1 \u0cb9\u0cbe\u0cb3\u0cc1\u0cae\u0cbe\u0ca1\u0cbf \u0ca8\u0ca8\u0ccd\u0ca8 \u0c85\u0c82\u0c9c\u0cc2\u0cb0\u0ca6 \u0c97\u0cbf\u0ca1\u0cb5\u0ca8\u0ccd\u0ca8\u0cc1 \u0cae\u0cc1\u0cb0\u0cbf\u0ca6\u0cc1 \u0cb9\u0cbe\u0c95\u0cbf\u0ca6\u0cc6; \u0c85\u0ca6\u0ca8\u0ccd\u0ca8\u0cc1 \u0cb8\u0c82\u0caa\u0cc2\u0cb0\u0ccd\u0ca3 \u0cb8\u0cc1\u0cb2\u0cbf\u0ca6\u0cc1 \u0cac\u0cbf\u0cb8\u0cbe\u0ca1\u0cbf\u0cac\u0cbf\u0c9f\u0ccd\u0c9f\u0cbf\u0ca6\u0cc6; \u0c85\u0ca6\u0cb0 \u0c95\u0cca\u0c82\u0cac\u0cc6 \u0c97\u0cb3\u0cc1 \u0cac\u0cbf\u0cb3\u0cc1\u0caa\u0cbe\u0ca6\u0cb5\u0cc1."},{"Verseid":"28000007","Verse":"\u0caf\u0ccc\u0cb5\u0ca8\u0ca6 \u0c97\u0c82\u0ca1\u0ca8\u0cbf\u0c97\u0ccb\u0cb8\u0ccd\u0c95\u0cb0 \u0c97\u0ccb\u0ca3\u0cc0\u0ca4\u0c9f\u0ccd\u0c9f\u0cc1 \u0ca7\u0cb0\u0cbf\u0cb8\u0cbf\u0ca6 \u0c95\u0ca8\u0ccd\u0caf\u0cc6\u0caf \u0cb9\u0cbe\u0c97\u0cc6 \u0caa\u0ccd\u0cb0\u0cb2\u0cbe\u0caa\u0cbf\u0cb8\u0cc1."},{"Verseid":"28000008","Verse":"\u0c86\u0cb9\u0cbe\u0cb0 \u0ca6\u0cb0\u0ccd\u0caa\u0ca3\u0cc6\u0caf\u0cc2 \u0caa\u0cbe\u0ca8\u0cbe\u0cb0\u0ccd\u0caa\u0ca3\u0cc6\u0caf\u0cc2 \u0c95\u0cb0\u0ccd\u0ca4\u0ca8 \u0c86\u0cb2\u0caf\u0ca6\u0cca\u0cb3\u0c97\u0cbf\u0c82\u0ca6 \u0ca4\u0cc6\u0c97\u0cc6\u0caf\u0cb2\u0ccd\u0caa\u0c9f\u0ccd\u0c9f\u0cbf\u0cb5\u0cc6; \u0c95\u0cb0\u0ccd\u0ca4\u0ca8 \u0cb8\u0cc7\u0cb5\u0c95 \u0cb0\u0cbe\u0ca6 \u0caf\u0cbe\u0c9c\u0c95\u0cb0\u0cc1 \u0c97\u0ccb\u0cb3\u0cbe\u0ca1\u0cc1\u0ca4\u0ccd\u0ca4\u0cbe\u0cb0\u0cc6."},{"Verseid":"28000009","Verse":"\u0cb9\u0cca\u0cb2\u0cb5\u0cc1 \u0cb9\u0cbe\u0cb3\u0cbe\u0c97\u0cbf\u0ca6\u0cc6; \u0cad\u0cc2\u0cae\u0cbf\u0caf\u0cc1 \u0c97\u0ccb\u0cb3\u0cbe\u0ca1\u0cc1\u0ca4\u0ccd\u0ca4\u0ca6\u0cc6; \u0ca7\u0cbe\u0ca8\u0ccd\u0caf\u0cb5\u0cc1 \u0cb9\u0cbe\u0cb3\u0cbe\u0c97\u0cbf\u0ca6\u0cc6; \u0cb9\u0cca\u0cb8 \u0ca6\u0ccd\u0cb0\u0cbe\u0c95\u0ccd\u0cb7\u0cbe\u0cb0\u0cb8\u0cb5\u0cc1 \u0c92\u0ca3\u0c97\u0cbf\u0ca6\u0cc6; \u0c8e\u0ca3\u0ccd\u0ca3\u0cc6 \u0cac\u0cbe\u0ca1\u0cbf\u0cb9\u0ccb\u0c97\u0cbf\u0ca6\u0cc6."},{"Verseid":"28000010","Verse":"\u0c93 \u0c92\u0c95\u0ccd\u0c95\u0cb2\u0cbf\u0c97\u0cb0\u0cc7, \u0ca8\u0cbe\u0c9a\u0cbf\u0c95\u0cc6\u0caa\u0ca1\u0cbf\u0cb0\u0cbf; \u0c97\u0ccb\u0ca7\u0cbf, \u0c9c\u0cb5\u0cc6 \u0c97\u0ccb\u0ca7\u0cbf\u0c97\u0cb3 \u0ca8\u0cbf\u0cae\u0cbf\u0ca4\u0ccd\u0ca4 \u0ca6\u0ccd\u0cb0\u0cbe\u0c95\u0ccd\u0cb7\u0cc7 \u0ca4\u0ccb\u0c9f\u0ca6\u0cb5\u0cb0\u0cc7, \u0c97\u0ccb\u0cb3\u0cbe \u0ca1\u0cbf\u0cb0\u0cbf; \u0cb9\u0cca\u0cb2\u0ca6 \u0caa\u0cc8\u0cb0\u0cc1 \u0ca8\u0cbe\u0cb6\u0cb5\u0cbe\u0caf\u0cbf\u0ca4\u0cc1."},{"Verseid":"28000011","Verse":"\u0ca6\u0ccd\u0cb0\u0cbe\u0c95\u0ccd\u0cb7\u0cc7 \u0cac\u0cb3\u0ccd\u0cb3\u0cbf \u0c92\u0ca3\u0c97\u0cbf\u0cb9\u0ccb\u0c97\u0cbf\u0ca6\u0cc6; \u0c85\u0c82\u0c9c\u0cc2\u0cb0\u0ca6\u0cae\u0cb0 \u0cac\u0cbe\u0ca1\u0cbf \u0cb9\u0ccb\u0c97\u0cbf\u0ca6\u0cc6; \u0ca6\u0cbe\u0cb3\u0cbf\u0c82\u0cac\u0cb0\u0ca6\u0c97\u0cbf\u0ca1\u0cb5\u0cc2 \u0c96\u0cb0\u0ccd\u0c9c\u0cc2\u0cb0\u0ca6 \u0c97\u0cbf\u0ca1\u0cb5\u0cc2 \u0cb8\u0cc7\u0cac\u0cc1 \u0c97\u0cbf\u0ca1\u0cb5\u0cc2 \u0cb9\u0cca\u0cb2\u0ca6 \u0cae\u0cb0\u0c97\u0cb3\u0cc6\u0cb2\u0ccd\u0cb2\u0cb5\u0cc2 \u0c92\u0ca3\u0c97\u0cbf\u0cb9\u0ccb\u0c97\u0cbf\u0cb5\u0cc6; \u0cb8\u0c82\u0ca4\u0ccb\u0cb7\u0cb5\u0cc1 \u0cae\u0ca8\u0cc1\u0cb7\u0ccd\u0caf\u0cb0 \u0caa\u0cc1\u0ca4\u0ccd\u0cb0\u0cb0\u0ca8\u0ccd\u0ca8\u0cc1 \u0cac\u0cbf\u0c9f\u0ccd\u0c9f\u0cc1 \u0c92\u0ca3\u0c97\u0cbf\u0cb9\u0ccb\u0c97\u0cbf\u0ca6\u0cc6."},{"Verseid":"28000012","Verse":"\u0caf\u0cbe\u0c9c\u0c95\u0cb0\u0cc7, \u0ca8\u0cbf\u0cae\u0ccd\u0cae \u0ca8\u0ca1\u0cc1\u0c95\u0c9f\u0ccd\u0c9f\u0cbf\u0c95\u0cca\u0c82\u0ca1\u0cc1 \u0c97\u0ccb\u0cb3\u0cbe \u0ca1\u0cbf\u0cb0\u0cbf; \u0cac\u0cb2\u0cbf\u0caa\u0cc0\u0ca0\u0ca6 \u0cb8\u0cc7\u0cb5\u0c95\u0cb0\u0cc7, \u0c97\u0ccb\u0cb3\u0cbe\u0ca1\u0cbf\u0cb0\u0cbf; \u0ca8\u0ca8\u0ccd\u0ca8 \u0ca6\u0cc7\u0cb5\u0cb0 \u0cb8\u0cc7\u0cb5\u0c95\u0cb0\u0cc7, \u0cac\u0c82\u0ca6\u0cc1 \u0c97\u0ccb\u0ca3\u0cc0\u0ca4\u0c9f\u0ccd\u0c9f\u0cbf\u0ca8\u0cb2\u0ccd\u0cb2\u0cbf \u0cb0\u0cbe\u0ca4\u0ccd\u0cb0\u0cbf \u0caf\u0cc6\u0cb2\u0ccd\u0cb2\u0cbe \u0cae\u0cb2\u0c97\u0cbf\u0cb0\u0cbf, \u0caf\u0cbe\u0c95\u0c82\u0ca6\u0cb0\u0cc6 \u0c86\u0cb9\u0cbe\u0cb0\u0ca6\u0cb0\u0ccd\u0caa\u0ca3\u0cc6\u0caf\u0cc2 \u0caa\u0cbe\u0ca8 \u0ca6\u0cb0\u0ccd\u0caa\u0ca3\u0cc6\u0caf\u0cc2 \u0ca8\u0cbf\u0cae\u0ccd\u0cae \u0ca6\u0cc7\u0cb5\u0cb0 \u0c86\u0cb2\u0caf\u0ca6\u0cbf\u0c82\u0ca6 \u0cb9\u0cbf\u0c82\u0ca4\u0cc6\u0c97\u0cc6\u0caf\u0cb2\u0ccd\u0caa\u0c9f\u0ccd\u0c9f\u0cbf\u0cb5\u0cc6."},{"Verseid":"28000013","Verse":"\u0c89\u0caa\u0cb5\u0cbe\u0cb8\u0cb5\u0ca8\u0ccd\u0ca8\u0cc1 \u0caa\u0cb0\u0cbf\u0cb6\u0cc1\u0ca6\u0ccd\u0ca7 \u0cae\u0cbe\u0ca1\u0cbf\u0cb0\u0cbf; \u0caa\u0cb5\u0cbf\u0ca4\u0ccd\u0cb0 \u0cb8\u0c82\u0c98\u0cb5\u0ca8\u0ccd\u0ca8\u0cc1 \u0c95\u0cb0\u0cc6\u0caf\u0cbf\u0cb0\u0cbf; \u0cb9\u0cbf\u0cb0\u0cbf\u0caf \u0cb0\u0ca8\u0ccd\u0ca8\u0cc2 \u0ca6\u0cc7\u0cb6\u0ca6 \u0ca8\u0cbf\u0cb5\u0cbe\u0cb8\u0cbf\u0c97\u0cb3\u0cc6\u0cb2\u0ccd\u0cb2\u0cb0\u0ca8\u0ccd\u0ca8\u0cc2 \u0ca8\u0cbf\u0cae\u0ccd\u0cae \u0ca6\u0cc7\u0cb5\u0cb0\u0cbe\u0ca6 \u0c95\u0cb0\u0ccd\u0ca4\u0ca8 \u0c86\u0cb2\u0caf\u0ca6\u0cb2\u0ccd\u0cb2\u0cbf \u0c95\u0cc2\u0ca1\u0cbf\u0cb8\u0cbf \u0c95\u0cb0\u0ccd\u0ca4\u0ca8\u0cbf\u0c97\u0cc6 \u0cae\u0cca\u0cb0\u0cc6\u0caf\u0cbf \u0ca1\u0cbf\u0cb0\u0cbf."},{"Verseid":"28000014","Verse":"\u0c86 \u0ca6\u0cbf\u0ca8\u0c95\u0ccd\u0c95\u0cbe\u0c97\u0cbf \u0c85\u0caf\u0ccd\u0caf\u0ccb, \u0caf\u0cbe\u0c95\u0c82\u0ca6\u0cb0\u0cc6 \u0c95\u0cb0\u0ccd\u0ca4\u0ca8 \u0ca6\u0cbf\u0ca8\u0cb5\u0cc1 \u0cb8\u0cb5\u0cbf\u0cbe\u0caa\u0cb5\u0cbe\u0c97\u0cbf\u0ca6\u0cc6; \u0cb8\u0cb0\u0ccd\u0cb5\u0cb6\u0c95\u0ccd\u0ca4\u0ca8 \u0c95\u0ca1\u0cc6\u0caf\u0cbf\u0c82\u0ca6 \u0ca8\u0cbe\u0cb6\u0ca6\u0c82\u0ca4\u0cc6 \u0cac\u0cb0\u0cc1\u0ca4\u0ccd\u0ca4\u0ca6\u0cc6."},{"Verseid":"28000015","Verse":"\u0ca8\u0cae\u0ccd\u0cae \u0c95\u0ca3\u0ccd\u0ca3\u0cc1\u0c97\u0cb3 \u0cae\u0cc1\u0c82\u0ca6\u0cc6 \u0c86\u0cb9\u0cbe\u0cb0\u0cb5\u0cc2 \u0ca8\u0cae\u0ccd\u0cae \u0ca6\u0cc7\u0cb5\u0cb0 \u0c86\u0cb2\u0caf\u0ca6\u0cbf\u0c82\u0ca6 \u0cb8\u0c82\u0ca4\u0ccb \u0cb7\u0cb5\u0cc2 \u0c89\u0cb2\u0ccd\u0cb2\u0cbe\u0cb8\u0cb5\u0cc2 \u0ca4\u0cc6\u0c97\u0cc6\u0caf\u0cb2\u0ccd\u0caa\u0c9f\u0ccd\u0c9f\u0cbf\u0cb5\u0cc6\u0caf\u0cb2\u0ccd\u0cb2\u0cb5\u0ccb?"},{"Verseid":"28000016","Verse":"\u0cac\u0cc0\u0c9c\u0cb5\u0cc1 \u0c85\u0cb5\u0cb0 \u0cb9\u0cc6\u0c82\u0c9f\u0cc6\u0c97\u0cb3 \u0c95\u0cc6\u0cb3\u0c97\u0cc6 \u0c95\u0cc6\u0c9f\u0ccd\u0c9f\u0cc1\u0cb9\u0ccb\u0c97\u0cbf\u0ca6\u0cc6; \u0c89\u0c97\u0ccd\u0cb0\u0cbe\u0ca3\u0c97\u0cb3\u0cc1 \u0ca8\u0cbe\u0cb6\u0cb5\u0cbe\u0c97\u0cbf\u0cb5\u0cc6; \u0c95\u0ca3\u0c9c\u0c97\u0cb3\u0cc1 \u0c95\u0cc6\u0ca1\u0cb5\u0cb2\u0ccd\u0caa \u0c9f\u0ccd\u0c9f\u0cbf\u0cb5\u0cc6; \u0ca7\u0cbe\u0ca8\u0ccd\u0caf\u0cb5\u0cc1 \u0c92\u0ca3\u0c97\u0cbf\u0ca6\u0cc6."},{"Verseid":"28000017","Verse":"\u0caa\u0cb6\u0cc1\u0c97\u0cb3\u0cc1 \u0c8e\u0cb7\u0ccd\u0c9f\u0ccb \u0cae\u0cc1\u0cb2\u0cc1\u0c97\u0cc1\u0ca4\u0ccd\u0ca4\u0cb5\u0cc6; \u0ca6\u0ca8\u0ca6 \u0cb9\u0cbf\u0c82\u0ca1\u0cc1\u0c97\u0cb3\u0cc1 \u0c95\u0cb3\u0cb5\u0cb3\u0c97\u0cca\u0c82\u0ca1\u0cbf\u0cb5\u0cc6; \u0c85\u0cb5\u0c95\u0ccd\u0c95\u0cc6 \u0cae\u0cc7\u0cb5\u0cc1 \u0c87\u0cb2\u0ccd\u0cb2; \u0c95\u0cc1\u0cb0\u0cbf\u0cae\u0c82\u0ca6\u0cc6\u0c97\u0cb3\u0cc1 \u0cb8\u0cb9 \u0ca8\u0cbe\u0cb6 \u0cb5\u0cbe\u0c97\u0cc1\u0ca4\u0ccd\u0ca4\u0cb5\u0cc6."},{"Verseid":"28000018","Verse":"\u0c93 \u0c95\u0cb0\u0ccd\u0ca4\u0ca8\u0cc7, \u0ca8\u0cbf\u0ca8\u0c97\u0cc6 \u0ca8\u0cbe\u0ca8\u0cc1 \u0cae\u0cca\u0cb0\u0cc6\u0caf\u0cbf\u0ca1\u0cc1\u0ca4\u0ccd\u0ca4\u0cc7\u0ca8\u0cc6; \u0cac\u0cc6\u0c82\u0c95\u0cbf\u0caf\u0cc1 \u0c85\u0ca1\u0cb5\u0cbf\u0caf \u0cae\u0cc7\u0cb5\u0cbf\u0ca8 \u0cb8\u0ccd\u0ca5\u0cb3\u0c97\u0cb3\u0ca8\u0ccd\u0ca8\u0cc1 \u0ca8\u0cc1\u0c82\u0c97\u0cbf\u0cac\u0cbf\u0c9f\u0ccd\u0c9f\u0cbf\u0ca6\u0cc6; \u0c9c\u0ccd\u0cb5\u0cbe\u0cb2\u0cc6\u0caf\u0cc1 \u0c85\u0ca1\u0cb5\u0cbf\u0caf \u0cae\u0cb0\u0c97\u0cb3\u0ca8\u0ccd\u0ca8\u0cc6\u0cb2\u0ccd\u0cb2\u0cbe \u0cb8\u0cc1\u0c9f\u0ccd\u0c9f\u0cc1\u0cac\u0cbf\u0c9f\u0ccd\u0c9f\u0cbf\u0ca6\u0cc6."},{"Verseid":"28000019","Verse":"\u0c85\u0ca1\u0cb5\u0cbf\u0caf \u0cae\u0cc3\u0c97\u0c97\u0cb3\u0cc1 \u0cb8\u0cb9 \u0ca8\u0cbf\u0ca8\u0ccd\u0ca8 \u0c95\u0ca1\u0cc6\u0c97\u0cc6 \u0cb9\u0cc2\u0c82\u0c95\u0cb0\u0cbf\u0cb8\u0cc1\u0ca4\u0ccd\u0ca4\u0cb5\u0cc6; \u0ca8\u0cc0\u0cb0\u0cbf\u0ca8 \u0cb9\u0cca\u0cb3\u0cc6\u0c97\u0cb3\u0cc1 \u0cac\u0ca4\u0ccd\u0ca4\u0cbf \u0cb9\u0ccb\u0c97\u0cbf\u0cb5\u0cc6; \u0cac\u0cc6\u0c82\u0c95\u0cbf\u0caf\u0cc1 \u0c85\u0ca1\u0cb5\u0cbf\u0caf \u0cae\u0cc7\u0cb5\u0cbf\u0ca8 \u0cb8\u0ccd\u0ca5\u0cb3\u0c97\u0cb3\u0ca8\u0ccd\u0ca8\u0cc1 \u0ca6\u0cb9\u0cbf\u0cb8\u0cbf\u0cac\u0cbf\u0c9f\u0ccd\u0c9f\u0cbf\u0ca6\u0cc6."}]},{"Verse":[{"Verseid":"28001000","Verse":"\u0ca8\u0cc0\u0cb5\u0cc1 \u0c9a\u0cc0\u0caf\u0ccb\u0ca8\u0cbf\u0ca8\u0cb2\u0ccd\u0cb2\u0cbf \u0c95\u0cca\u0c82\u0cac\u0cc1\u0c8a\u0ca6\u0cbf\u0cb0\u0cbf, \u0ca8\u0ca8\u0ccd\u0ca8 \u0caa\u0cb0\u0cbf\u0cb6\u0cc1\u0ca6\u0ccd\u0ca7 \u0caa\u0cb0\u0ccd\u0cb5\u0ca4\u0ca6\u0cb2\u0ccd\u0cb2\u0cbf \u0c86\u0cb0\u0ccd\u0cad\u0c9f\u0cbf\u0cb8\u0cbf\u0cb0\u0cbf; \u0ca6\u0cc7\u0cb6\u0ca6 \u0ca8\u0cbf\u0cb5\u0cbe\u0cb8\u0cbf\u0c97\u0cb3\u0cc6\u0cb2\u0ccd\u0cb2\u0cb0\u0cc2 \u0ca8\u0ca1\u0cc1\u0c97\u0cb2\u0cbf; \u0caf\u0cbe\u0c95\u0c82\u0ca6\u0cb0\u0cc6 \u0c95\u0cb0\u0ccd\u0ca4\u0ca8 \u0ca6\u0cbf\u0ca8\u0cb5\u0cc1 \u0cac\u0cb0\u0cc1\u0ca4\u0ccd\u0ca4\u0ca6\u0cc6; \u0c85\u0ca6\u0cc1 \u0cb8\u0cb5\u0cbf\u0cbe\u0caa \u0cb5\u0cbe\u0c97\u0cbf\u0ca6\u0cc6."},{"Verseid":"28001001","Verse":"\u0c95\u0ca4\u0ccd\u0ca4\u0cb2\u0cc6\u0caf\u0cc2 \u0cae\u0cca\u0cac\u0ccd\u0cac\u0cc2 \u0c89\u0cb3\u0ccd\u0cb3 \u0ca6\u0cbf\u0cb5\u0cb8\u0cb5\u0cc2; \u0cae\u0cc7\u0c98\u0cb5\u0cc2 \u0c95\u0cbe\u0cb0\u0ccd\u0c97\u0ca4\u0ccd\u0ca4\u0cb2\u0cc2 \u0c89\u0cb3\u0ccd\u0cb3 \u0ca6\u0cbf\u0cb5\u0cb8 \u0cb5\u0cc2; \u0cac\u0cc6\u0c9f\u0ccd\u0c9f\u0c97\u0cb3 \u0cae\u0cc7\u0cb2\u0cc6 \u0cb9\u0cbe\u0cb8\u0cbf\u0cb0\u0cc1\u0cb5 \u0c89\u0ca6\u0caf\u0ca6 \u0cb9\u0cbe\u0c97\u0cbf\u0ca6\u0cc6. \u0ca6\u0cca\u0ca1\u0ccd\u0ca1 \u0cac\u0cb2\u0cb5\u0cbe\u0ca6 \u0c9c\u0ca8\u0cb5\u0cc1; \u0c85\u0ca6\u0cb0 \u0cb9\u0cbe\u0c97\u0cc6 \u0c8e\u0c82\u0ca6\u0cc2 \u0c87\u0ca6\u0ccd\u0ca6\u0ca6\u0ccd\u0ca6\u0cbf\u0cb2\u0ccd\u0cb2; \u0c85\u0ca6\u0cb0 \u0ca4\u0cb0\u0cc1\u0cb5\u0cbe\u0caf \u0ca4\u0cb2\u0ca4\u0cb2\u0cbe\u0c82\u0ca4\u0cb0\u0c97\u0cb3 \u0cb5\u0cb0\u0cc1\u0cb7\u0c97\u0cb3 \u0cb5\u0cb0\u0cc6\u0c97\u0cc6 \u0c87\u0ca8\u0ccd\u0ca8\u0cc1 \u0c87\u0cb0\u0cc1\u0cb5\u0ca6\u0cc7 \u0c87\u0cb2\u0ccd\u0cb2."},{"Verseid":"28001002","Verse":"\u0c85\u0cb5\u0cb0 \u0cae\u0cc1\u0c82\u0ca6\u0cc6 \u0cac\u0cc6\u0c82\u0c95\u0cbf \u0ca6\u0cb9\u0cbf\u0cb8\u0cc1\u0ca4\u0ccd\u0ca4\u0ca6\u0cc6; \u0c85\u0cb5\u0cb0 \u0cb9\u0cbf\u0c82\u0ca6\u0cc6 \u0c9c\u0ccd\u0cb5\u0cbe\u0cb2\u0cc6 \u0cb8\u0cc1\u0ca1\u0cc1\u0ca4\u0ccd\u0ca4\u0ca6\u0cc6; \u0c85\u0cb5\u0cb0 \u0cae\u0cc1\u0c82\u0ca6\u0cc6 \u0ca6\u0cc7\u0cb6\u0cb5\u0cc1 \u0c8f\u0ca6\u0cc6\u0ca8\u0ccd\u200c \u0ca4\u0ccb\u0c9f\u0ca6 \u0cb9\u0cbe\u0c97\u0cbf\u0ca6\u0cc6; \u0c85\u0cb5\u0cb0 \u0cb9\u0cbf\u0c82\u0ca6\u0cc6 \u0cb9\u0cbe\u0cb3\u0cbe\u0ca6 \u0c95\u0cbe\u0ca1\u0cc1; \u0cb9\u0ccc\u0ca6\u0cc1, \u0c85\u0cb5\u0cc1\u0c97\u0cb3\u0cbf\u0c97\u0cc6 \u0caf\u0cbe\u0cb5\u0ca6\u0cc2 \u0ca4\u0caa\u0ccd\u0caa\u0cbf\u0cb8\u0cbf\u0c95\u0cca\u0cb3\u0ccd\u0cb3\u0cb2\u0cbe\u0cb0\u0ca6\u0cc1."},{"Verseid":"28001003","Verse":"\u0c85\u0cb5\u0cb0 \u0c86\u0c95\u0cbe\u0cb0\u0cb5\u0cc1 \u0c95\u0cc1\u0ca6\u0cc1\u0cb0\u0cc6\u0c97\u0cb3 \u0c86\u0c95\u0cbe\u0cb0\u0ca6 \u0cb9\u0cbe\u0c97\u0cbf\u0ca6\u0cc6; \u0cb8\u0cb5\u0cbe\u0cb0\u0cb0 \u0cb9\u0cbe\u0c97\u0cc6\u0caf\u0cc7 \u0c93\u0ca1\u0cc1\u0ca4\u0ccd\u0ca4\u0cbe\u0cb0\u0cc6."},{"Verseid":"28001004","Verse":"\u0caa\u0cb0\u0ccd\u0cb5\u0ca4\u0cbe\u0c97\u0ccd\u0cb0\u0c97\u0cb3\u0cb2\u0ccd\u0cb2\u0cbf \u0cb0\u0ca5\u0c97\u0cb3 \u0cb6\u0cac\u0ccd\u0ca6\u0ca6\u0c82\u0ca4\u0cc6 \u0cb9\u0cbe\u0cb0\u0cc1\u0ca4\u0ccd\u0ca4\u0cbe\u0cb0\u0cc6; \u0c95\u0cc2\u0cb3\u0cc6\u0caf\u0ca8\u0ccd\u0ca8\u0cc1 \u0ca6\u0cb9\u0cbf\u0cb8\u0cc1\u0cb5 \u0cac\u0cc6\u0c82\u0c95\u0cbf\u0caf \u0c9c\u0ccd\u0cb5\u0cbe\u0cb2\u0cc6\u0caf \u0cb6\u0cac\u0ccd\u0ca6\u0ca6 \u0cb9\u0cbe\u0c97\u0cc6\u0caf\u0cc2 \u0caf\u0cc1\u0ca6\u0ccd\u0ca7\u0c95\u0ccd\u0c95\u0cc6 \u0cb8\u0cbf\u0ca6\u0ccd\u0ca7\u0cb5\u0cbe\u0ca6 \u0cac\u0cb2\u0cb5\u0cc1\u0cb3\u0ccd\u0cb3 \u0c9c\u0ca8\u0cb0 \u0cb9\u0cbe\u0c97\u0cc6\u0caf\u0cc2"},{"Verseid":"28001005","Verse":"\u0c85\u0cb5\u0cb0 \u0cae\u0cc1\u0c82\u0ca6\u0cc6 \u0c9c\u0ca8\u0cb0\u0cc1 \u0cac\u0cb9\u0cb3\u0cb5\u0cbe\u0c97\u0cbf \u0ca8\u0cca\u0c82\u0ca6\u0cc1\u0c95\u0cca\u0cb3\u0ccd\u0cb3\u0cc1\u0ca4\u0ccd\u0ca4\u0cbe\u0cb0\u0cc6. \u0c8e\u0cb2\u0ccd\u0cb2\u0cbe \u0cae\u0cc1\u0c96\u0c97\u0cb3\u0cc1 \u0c95\u0cb3\u0cc6\u0c97\u0cc1\u0c82\u0ca6\u0cc1\u0ca4\u0ccd\u0ca4\u0cb5\u0cc6."},{"Verseid":"28001006","Verse":"\u0cb6\u0cc2\u0cb0\u0cb0 \u0cb9\u0cbe\u0c97\u0cc6 \u0c93\u0ca1\u0cc1\u0ca4\u0ccd\u0ca4\u0cbe\u0cb0\u0cc6; \u0caf\u0cc1\u0ca6\u0ccd\u0ca7 \u0cb6\u0cbe\u0cb2\u0cbf\u0c97\u0cb3 \u0cb9\u0cbe\u0c97\u0cc6 \u0c97\u0ccb\u0ca1\u0cc6 \u0c8f\u0cb0\u0cc1\u0ca4\u0ccd\u0ca4\u0cbe\u0cb0\u0cc6; \u0c92\u0cac\u0ccd\u0cac\u0cca\u0cac\u0ccd\u0cac\u0ca8\u0cc1 \u0ca4\u0ca8\u0ccd\u0ca8 \u0ca4\u0ca8\u0ccd\u0ca8 \u0cae\u0cbe\u0cb0\u0ccd\u0c97\u0ca6\u0cb2\u0ccd\u0cb2\u0cbf \u0cb9\u0ccb\u0c97\u0cc1\u0ca4\u0ccd\u0ca4\u0cbe\u0ca8\u0cc6; \u0ca4\u0cae\u0ccd\u0cae \u0cb9\u0cbe\u0ca6\u0cbf \u0c97\u0cb3\u0ca8\u0ccd\u0ca8\u0cc1 \u0cac\u0ca6\u0cb2\u0cc1 \u0cae\u0cbe\u0ca1\u0cc1\u0cb5\u0ca6\u0cbf\u0cb2\u0ccd\u0cb2."},{"Verseid":"28001007","Verse":"\u0c92\u0cac\u0ccd\u0cac\u0ca8\u0cc1 \u0c87\u0ca8\u0ccd\u0ca8\u0cca\u0cac\u0ccd\u0cac \u0ca8\u0ca8\u0ccd\u0ca8\u0cc1 \u0ca8\u0cc2\u0c95\u0cc1\u0cb5\u0ca6\u0cbf\u0cb2\u0ccd\u0cb2; \u0c85\u0cb5\u0cb0\u0cb2\u0ccd\u0cb2\u0cbf \u0caa\u0ccd\u0cb0\u0ca4\u0cbf\u0caf\u0cca\u0cac\u0ccd\u0cac\u0ca8\u0cc1 \u0ca4\u0ca8\u0ccd\u0ca8 \u0ca4\u0ca8\u0ccd\u0ca8 \u0ca6\u0cbe\u0cb0\u0cbf\u0caf\u0cb2\u0ccd\u0cb2\u0cbf \u0cb9\u0ccb\u0c97\u0cc1\u0ca4\u0ccd\u0ca4\u0cbe\u0ca8\u0cc6; \u0c86\u0caf\u0cc1\u0ca7\u0c97\u0cb3\u0cb2\u0ccd\u0cb2\u0cbf \u0cac\u0cbf\u0ca6\u0ccd\u0ca6\u0cb0\u0cc2 \u0c97\u0cbe\u0caf\u0cb5\u0cbe\u0c97\u0cc1\u0cb5\u0ca6\u0cbf\u0cb2\u0ccd\u0cb2."},{"Verseid":"28001008","Verse":"\u0caa\u0c9f\u0ccd\u0c9f\u0ca3\u0ca6\u0cb2\u0ccd\u0cb2\u0cbf \u0c85\u0ca4\u0ccd\u0ca4\u0cbf\u0ca4\u0ccd\u0ca4 \u0ca4\u0cbf\u0cb0\u0cc1\u0c97\u0cbe\u0ca1\u0cc1\u0ca4\u0ccd\u0ca4\u0cbe\u0cb0\u0cc6; \u0c97\u0ccb\u0ca1\u0cc6\u0caf \u0cae\u0cc7\u0cb2\u0cc6 \u0c93\u0ca1\u0cc1\u0ca4\u0ccd\u0ca4\u0cbe\u0cb0\u0cc6; \u0cae\u0ca8\u0cc6\u0c97\u0cb3 \u0cae\u0cc7\u0cb2\u0cc6 \u0cb9\u0ca4\u0ccd\u0ca4\u0cc1\u0ca4\u0ccd\u0ca4\u0cbe\u0cb0\u0cc6; \u0c95\u0cb3\u0ccd\u0cb3\u0ca8 \u0cb9\u0cbe\u0c97\u0cc6 \u0c95\u0cbf\u0c9f\u0c95\u0cbf\u0c97\u0cb3\u0cbf\u0c82\u0ca6 \u0caa\u0ccd\u0cb0\u0cb5\u0cc7\u0cb6\u0cbf\u0cb8\u0cc1\u0ca4\u0ccd\u0ca4\u0cbe\u0cb0\u0cc6."},{"Verseid":"28001009","Verse":"\u0c85\u0cb5\u0cb0 \u0cae\u0cc1\u0c82\u0ca6\u0cc6 \u0cad\u0cc2\u0cae\u0cbf\u0caf\u0cc1 \u0ca8\u0ca1\u0cc1\u0c97\u0cc1\u0ca4\u0ccd\u0ca4\u0ca6\u0cc6; \u0c86\u0c95\u0cbe\u0cb6\u0c97\u0cb3\u0cc1 \u0c85\u0ca6\u0cc1\u0cb0\u0cc1\u0ca4\u0ccd\u0ca4\u0cb5\u0cc6; \u0cb8\u0cc2\u0cb0\u0ccd\u0caf \u0c9a\u0c82\u0ca6\u0ccd\u0cb0\u0cb0\u0cc1 \u0c95\u0caa\u0ccd\u0caa\u0cbe\u0c97\u0cc1\u0ca4\u0ccd\u0ca4\u0cb5\u0cc6; \u0ca8\u0c95\u0ccd\u0cb7\u0ca4\u0ccd\u0cb0\u0c97\u0cb3\u0cc1 \u0ca4\u0cae\u0ccd\u0cae \u0caa\u0ccd\u0cb0\u0c95\u0cbe\u0cb6\u0cb5\u0ca8\u0ccd\u0ca8\u0cc1 \u0cae\u0cb0\u0cc6 \u0cae\u0cbe\u0ca1\u0cc1\u0ca4\u0ccd\u0ca4\u0cb5\u0cc6."},{"Verseid":"28001010","Verse":"\u0c95\u0cb0\u0ccd\u0ca4\u0ca8\u0cc1 \u0ca4\u0ca8\u0ccd\u0ca8 \u0cb8\u0cc8\u0ca8\u0ccd\u0caf\u0ca6 \u0cae\u0cc1\u0c82\u0ca6\u0cc6 \u0ca4\u0ca8\u0ccd\u0ca8 \u0cb6\u0cac\u0ccd\u0ca6\u0cb5\u0ca8\u0ccd\u0ca8\u0cc1 \u0cae\u0cbe\u0ca1\u0cc1\u0ca4\u0ccd\u0ca4\u0cbe\u0ca8\u0cc6; \u0c86\u0ca4\u0ca8 \u0ca6\u0c82\u0ca1\u0cc1 \u0cac\u0cb9\u0cc1 \u0ca6\u0cca\u0ca1\u0ccd\u0ca1\u0ca6\u0cbe\u0c97\u0cbf\u0ca6\u0cc6; \u0cb9\u0ccc\u0ca6\u0cc1, \u0cac\u0cb2\u0cb5\u0cbe\u0ca6 \u0ca6\u0ccd\u0ca6\u0cbe\u0c97\u0cbf\u0ca6\u0ccd\u0ca6\u0cc1 \u0c86\u0ca4\u0ca8 \u0cb5\u0cbe\u0c95\u0ccd\u0caf\u0cb5\u0ca8\u0ccd\u0ca8\u0cc1 \u0ca8\u0ca1\u0cbf\u0cb8\u0cc1\u0ca4\u0ccd\u0ca4\u0ca6\u0cc6; \u0c95\u0cb0\u0ccd\u0ca4\u0ca8 \u0ca6\u0cbf\u0ca8\u0cb5\u0cc1 \u0ca6\u0cca\u0ca1\u0ccd\u0ca1\u0ca6\u0cc1, \u0cae\u0cb9\u0cbe \u0cad\u0caf\u0c82\u0c95\u0cb0\u0cb5\u0cbe\u0ca6\u0ca6\u0ccd\u0ca6\u0cc1, \u0c85\u0ca6\u0ca8\u0ccd\u0ca8\u0cc1 \u0ca4\u0cbe\u0cb3\u0cbf\u0c95\u0cca\u0cb3\u0ccd\u0cb3\u0cc1\u0cb5\u0cb5\u0ca8\u0ccd\u0caf\u0cbe\u0cb0\u0cc1?"},{"Verseid":"28001011","Verse":"\u0cb9\u0cc0\u0c97\u0cbf\u0cb0\u0cc1\u0cb5\u0ca6\u0cb0\u0cbf\u0c82\u0ca6 \u0c88\u0c97 \u0c95\u0cb0\u0ccd\u0ca4\u0ca8\u0cc1 \u0c85\u0ca8\u0ccd\u0ca8\u0cc1\u0cb5\u0ca6\u0cc7 \u0ca8\u0c82\u0ca6\u0cb0\u0cc6--\u0caa\u0cc2\u0cb0\u0ccd\u0ca3 \u0cb9\u0cc3\u0ca6\u0caf\u0ca6\u0cbf\u0c82\u0ca6\u0cb2\u0cc2 \u0c89\u0caa\u0cb5\u0cbe\u0cb8 \u0ca6\u0cbf\u0c82\u0ca6\u0cb2\u0cc2 \u0c85\u0cb3\u0cc1\u0cb5\u0cbf\u0c95\u0cc6\u0caf\u0cbf\u0c82\u0ca6\u0cb2\u0cc2 \u0c97\u0ccb\u0cb3\u0cbe\u0c9f\u0ca6\u0cbf\u0c82\u0ca6 \u0cb2\u0cc2 \u0ca8\u0ca8\u0ccd\u0ca8 \u0c95\u0ca1\u0cc6\u0c97\u0cc6 \u0ca4\u0cbf\u0cb0\u0cc1\u0c97\u0cbf\u0c95\u0cca\u0cb3\u0ccd\u0cb3\u0cbf\u0cb0\u0cbf."},{"Verseid":"28001012","Verse":"\u0ca8\u0cbf\u0cae\u0ccd\u0cae \u0cac\u0c9f\u0ccd\u0c9f\u0cc6\u0c97\u0cb3\u0ca8\u0ccd\u0ca8\u0cb2\u0ccd\u0cb2, \u0ca8\u0cbf\u0cae\u0ccd\u0cae \u0cb9\u0cc3\u0ca6\u0caf\u0cb5\u0ca8\u0ccd\u0ca8\u0cc1 \u0cb9\u0cb0\u0c95\u0cca\u0c82\u0ca1\u0cc1 \u0ca8\u0cbf\u0cae\u0ccd\u0cae \u0ca6\u0cc7\u0cb5\u0cb0\u0cbe\u0ca6 \u0c95\u0cb0\u0ccd\u0ca4\u0ca8 \u0c95\u0ca1\u0cc6\u0c97\u0cc6 \u0ca4\u0cbf\u0cb0\u0cc1\u0c97\u0cbf\u0c95\u0cca\u0cb3\u0ccd\u0cb3\u0cbf\u0cb0\u0cbf; \u0c86\u0ca4\u0ca8\u0cc1 \u0ca6\u0caf\u0cc6 \u0c95\u0cb0\u0cc1\u0ca3\u0cc6 \u0ca6\u0cc0\u0cb0\u0ccd\u0c98\u0cb6\u0cbe\u0c82\u0ca4\u0cbf \u0cae\u0cb9\u0cbe \u0c95\u0cc3\u0caa\u0cc6\u0caf\u0cc2 \u0c89\u0cb3\u0ccd\u0cb3\u0cb5\u0ca8\u0cbe\u0c97\u0cbf \u0c95\u0cc7\u0ca1\u0cbf\u0c97\u0cc6 \u0caa\u0cb6\u0ccd\u0c9a\u0cbe\u0ca4\u0ccd\u0ca4\u0cbe\u0caa\u0caa\u0ca1\u0cc1\u0ca4\u0ccd\u0ca4\u0cbe\u0ca8\u0cc6."},{"Verseid":"28001013","Verse":"\u0c86\u0ca4\u0ca8\u0cc1 \u0ca4\u0cbf\u0cb0\u0cc1\u0c97\u0cbf\u0c95\u0cca\u0c82\u0ca1\u0cc1 \u0caa\u0cb6\u0ccd\u0c9a\u0cbe\u0ca4\u0ccd\u0ca4\u0cbe\u0caa\u0caa\u0c9f\u0ccd\u0c9f\u0cc1 \u0ca4\u0ca8\u0ccd\u0ca8 \u0cb9\u0cbf\u0c82\u0ca6\u0cc6 \u0c86\u0cb6\u0cc0\u0cb0\u0ccd\u0cb5\u0cbe\u0ca6\u0cb5\u0ca8\u0ccd\u0ca8\u0cc1 \u0c85\u0c82\u0ca6\u0cb0\u0cc6 \u0ca8\u0cbf\u0cae\u0ccd\u0cae \u0ca6\u0cc7\u0cb5\u0cb0\u0cbe\u0ca6 \u0c95\u0cb0\u0ccd\u0ca4\u0ca8\u0cbf\u0c97\u0cbe\u0c97\u0cbf \u0c86\u0cb9\u0cbe\u0cb0 \u0ca6\u0cb0\u0ccd\u0caa\u0ca3\u0cc6\u0caf\u0ca8\u0ccd\u0ca8\u0cc2 \u0caa\u0cbe\u0ca8\u0ca6\u0cb0\u0ccd\u0caa\u0ca3\u0cc6\u0caf\u0ca8\u0ccd\u0ca8\u0cc2 \u0c89\u0cb3\u0cbf\u0cb8\u0cc1\u0cb5 \u0ca8\u0cc7\u0ca8\u0ccb \u0caf\u0cbe\u0cb0\u0cc1 \u0cac\u0cb2\u0ccd\u0cb2\u0cb0\u0cc1?"},{"Verseid":"28001014","Verse":"\u0c9a\u0cc0\u0caf\u0ccb\u0ca8\u0cbf\u0ca8\u0cb2\u0ccd\u0cb2\u0cbf \u0c95\u0cca\u0c82\u0cac\u0cc1 \u0c8a\u0ca6\u0cbf\u0cb0\u0cbf; \u0c89\u0caa\u0cb5\u0cbe\u0cb8\u0cb5\u0ca8\u0ccd\u0ca8\u0cc1 \u0caa\u0cb0\u0cbf\u0cb6\u0cc1\u0ca6\u0ccd\u0ca7 \u0cae\u0cbe\u0ca1\u0cbf\u0cb0\u0cbf; \u0caa\u0cb5\u0cbf\u0ca4\u0ccd\u0cb0 \u0cb8\u0c82\u0c98\u0cb5\u0ca8\u0ccd\u0ca8\u0cc1 \u0c95\u0cb0\u0cc6\u0caf\u0cbf\u0cb0\u0cbf."},{"Verseid":"28001015","Verse":"\u0c9c\u0ca8\u0cb0\u0ca8\u0ccd\u0ca8\u0cc1 \u0c95\u0cc2\u0ca1\u0cbf\u0cb8\u0cbf\u0cb0\u0cbf, \u0cb8\u0cad\u0cc6\u0caf\u0ca8\u0ccd\u0ca8\u0cc1 \u0caa\u0cb0\u0cbf\u0cb6\u0cc1\u0ca6\u0ccd\u0ca7\u0cae\u0cbe\u0ca1\u0cbf\u0cb0\u0cbf; \u0cb9\u0cbf\u0cb0\u0cbf\u0caf\u0cb0\u0ca8\u0ccd\u0ca8\u0cc1 \u0c92\u0c9f\u0ccd\u0c9f\u0cc1\u0c97\u0cc2\u0ca1\u0cbf\u0cb8\u0cbf\u0cb0\u0cbf, \u0cae\u0c95\u0ccd\u0c95\u0cb3\u0ca8\u0ccd\u0ca8\u0cc2 \u0cae\u0cca\u0cb2\u0cc6 \u0c95\u0cc2\u0cb8\u0cc1\u0c97\u0cb3\u0ca8\u0ccd\u0ca8\u0cc2 \u0c95\u0cc2\u0ca1\u0cbf\u0cb8\u0cbf\u0cb0\u0cbf; \u0cae\u0ca6\u0cc1\u0cae\u0c97\u0ca8\u0cc1 \u0ca4\u0ca8\u0ccd\u0ca8 \u0c95\u0cca\u0ca0\u0ca1\u0cbf\u0caf\u0cca\u0cb3 \u0c97\u0cbf\u0c82\u0ca6\u0cb2\u0cc2 \u0cae\u0ca6\u0cc1\u0cae\u0c97\u0cb3\u0cc1 \u0ca4\u0ca8\u0ccd\u0ca8 \u0c85\u0cb0\u0cc6\u0caf\u0cca\u0cb3\u0c97\u0cbf\u0c82\u0ca6\u0cb2\u0cc2 \u0cb9\u0cca\u0cb0\u0ca1\u0cb2\u0cbf."},{"Verseid":"28001016","Verse":"\u0c95\u0cb0\u0ccd\u0ca4\u0ca8 \u0cb8\u0cc7\u0cb5\u0c95\u0cb0\u0cbe\u0ca6 \u0caf\u0cbe\u0c9c\u0c95\u0cb0\u0cc1 \u0c85\u0c82\u0c97\u0cb3\u0c95\u0ccd\u0c95\u0cc2 \u0cac\u0cb2\u0cbf\u0caa\u0cc0\u0ca0\u0c95\u0ccd\u0c95\u0cc2 \u0ca8\u0ca1\u0cc1\u0cb5\u0cc6 \u0c85\u0ca4\u0ccd\u0ca4\u0cc1 \u0cb9\u0cc0\u0c97\u0cc6 \u0cb9\u0cc7\u0cb3\u0cb2\u0cbf--\u0c93 \u0c95\u0cb0\u0ccd\u0ca4\u0ca8\u0cc7, \u0ca8\u0cbf\u0ca8\u0ccd\u0ca8 \u0c9c\u0ca8\u0cb0\u0ca8\u0ccd\u0ca8\u0cc1 \u0c95\u0ca8\u0cbf\u0c95\u0cb0\u0cbf\u0cb8\u0cc1, \u0c9c\u0ca8\u0cbe\u0c82\u0c97\u0c97\u0cb3\u0cc1 \u0c85\u0cb5\u0cb0 \u0cae\u0cc7\u0cb2\u0cc6 \u0c86\u0cb3\u0cc1\u0cb5 \u0cb9\u0cbe\u0c97\u0cc6 \u0ca8\u0cbf\u0ca8\u0ccd\u0ca8 \u0cac\u0cbe\u0ca7\u0ccd\u0caf\u0ca4\u0cc6\u0caf\u0ca8\u0ccd\u0ca8\u0cc1 \u0ca8\u0cbf\u0c82\u0ca6\u0cc6\u0c97\u0cc6 \u0c92\u0caa\u0ccd\u0caa\u0cbf\u0cb8\u0cac\u0cc7\u0ca1; \u0c85\u0cb5\u0cb0 \u0ca6\u0cc7\u0cb5\u0cb0\u0cc1 \u0c8e\u0cb2\u0ccd\u0cb2\u0cbf \u0c8e\u0c82\u0ca6\u0cc1 \u0c85\u0cb5\u0cb0\u0cc1 \u0c9c\u0ca8\u0c97\u0cb3\u0cb2\u0ccd\u0cb2\u0cbf \u0caf\u0cbe\u0c95\u0cc6 \u0cb9\u0cc7\u0cb3\u0cac\u0cc7\u0c95\u0cc1?"},{"Verseid":"28001017","Verse":"\u0c86\u0c97 \u0c95\u0cb0\u0ccd\u0ca4\u0ca8\u0cc1 \u0ca4\u0ca8\u0ccd\u0ca8 \u0ca6\u0cc7\u0cb6\u0c95\u0ccd\u0c95\u0ccb\u0cb8\u0ccd\u0c95\u0cb0 \u0cb0\u0ccb\u0cb7 \u0c97\u0cca\u0c82\u0ca1\u0cc1 \u0ca4\u0ca8\u0ccd\u0ca8 \u0c9c\u0ca8\u0cb0\u0ca8\u0ccd\u0ca8\u0cc1 \u0c95\u0ca8\u0cbf\u0c95\u0cb0\u0cbf\u0cb8\u0cc1\u0cb5\u0ca8\u0cc1."},{"Verseid":"28001018","Verse":"\u0cb9\u0ccc\u0ca6\u0cc1, \u0c95\u0cb0\u0ccd\u0ca4\u0ca8\u0cc1 \u0c89\u0ca4\u0ccd\u0ca4\u0cb0 \u0c95\u0cca\u0c9f\u0ccd\u0c9f\u0cc1 \u0ca4\u0ca8\u0ccd\u0ca8 \u0c9c\u0ca8\u0cb0\u0cbf\u0c97\u0cc6 \u0cb9\u0cc7\u0cb3\u0cc1\u0cb5\u0ca6\u0cc7 \u0ca8\u0c82\u0ca6\u0cb0\u0cc6--\u0c87\u0c97\u0ccb, \u0ca8\u0cbe\u0ca8\u0cc1 \u0ca8\u0cbf\u0cae\u0c97\u0cc6 \u0ca7\u0cbe\u0ca8\u0ccd\u0caf\u0cb5\u0ca8\u0ccd\u0ca8\u0cc2 \u0ca6\u0ccd\u0cb0\u0cbe\u0c95\u0ccd\u0cb7\u0cbe\u0cb0\u0cb8\u0cb5\u0ca8\u0ccd\u0ca8\u0cc2 \u0c8e\u0ca3\u0ccd\u0ca3\u0cc6\u0caf\u0ca8\u0ccd\u0ca8\u0cc2 \u0cb8\u0cbe\u0c95\u0cbe\u0c97\u0cc1\u0cb5\u0cb7\u0ccd\u0c9f\u0cc1 \u0c95\u0cb3\u0cc1 \u0cb9\u0cbf\u0cb8\u0cbf \u0ca8\u0cbf\u0cae\u0ccd\u0cae\u0ca8\u0ccd\u0ca8\u0cc1 \u0c87\u0ca8\u0ccd\u0ca8\u0cc1 \u0cae\u0cc7\u0cb2\u0cc6 \u0c9c\u0ca8\u0cbe\u0c82\u0c97\u0c97\u0cb3\u0cb2\u0ccd\u0cb2\u0cbf \u0ca8\u0cbf\u0c82\u0ca6\u0cbf\u0ca4 \u0cb0\u0cbe\u0c97\u0cbf \u0c87\u0ca1\u0cc1\u0cb5\u0ca6\u0cbf\u0cb2\u0ccd\u0cb2."},{"Verseid":"28001019","Verse":"\u0c86\u0ca6\u0cb0\u0cc6 \u0c89\u0ca4\u0ccd\u0ca4\u0cb0 \u0ca6\u0cbf\u0c95\u0ccd\u0c95\u0cbf\u0ca8 \u0cb8\u0cc8\u0ca8\u0ccd\u0caf\u0cb5\u0ca8\u0ccd\u0ca8\u0cc1 \u0ca8\u0cbf\u0cae\u0c97\u0cc6 \u0ca6\u0cc2\u0cb0\u0cae\u0cbe\u0ca1\u0cbf \u0c85\u0cb5\u0ca8\u0ca8\u0ccd\u0ca8\u0cc1 \u0c92\u0ca3 \u0cad\u0cc2\u0cae\u0cbf\u0c97\u0cc2 \u0c85\u0cb0\u0ca3\u0ccd\u0caf\u0c95\u0ccd\u0c95\u0cc2 \u0c85\u0cb5\u0ca8 \u0cae\u0cc1\u0c82\u0cad\u0cbe\u0c97\u0cb5\u0ca8\u0ccd\u0ca8\u0cc1 \u0caa\u0cc2\u0cb0\u0ccd\u0cb5\u0ca6 \u0cb8\u0cae\u0cc1\u0ca6\u0ccd\u0cb0\u0c95\u0ccd\u0c95\u0cc2 \u0c85\u0cb5\u0ca8 \u0cb9\u0cbf\u0c82\u0cad\u0cbe\u0c97\u0cb5\u0ca8\u0ccd\u0ca8\u0cc1 \u0caa\u0cb6\u0ccd\u0c9a\u0cbf\u0cae \u0cb8\u0cae\u0cc1 \u0ca6\u0ccd\u0cb0\u0c95\u0ccd\u0c95\u0cc2 \u0c93\u0ca1\u0cbf\u0cb8\u0cbf \u0cac\u0cbf\u0ca1\u0cc1\u0cb5\u0cc6\u0ca8\u0cc1; \u0c85\u0cb5\u0ca8 \u0ca6\u0cc1\u0cb0\u0ccd\u0cb5\u0cbe\u0cb8\u0ca8\u0cc6\u0caf\u0cc1 \u0c8f\u0cb0\u0cc1\u0cb5\u0ca6\u0cc1; \u0c85\u0cb5\u0ca8 \u0ca8\u0cbe\u0ca4\u0cb5\u0cc1 \u0c8f\u0cb0\u0cc1\u0cb5\u0ca6\u0cc1; \u0c85\u0cb5\u0ca8\u0cc1 \u0ca6\u0cca\u0ca1\u0ccd\u0ca1\u0ca6\u0cbe\u0ca6\u0cb5\u0cc1\u0c97\u0cb3\u0ca8\u0ccd\u0ca8\u0cc1 \u0cae\u0cbe\u0ca1\u0cbf\u0ca6\u0ccd\u0ca6\u0cbe\u0ca8\u0cc6."},{"Verseid":"28001020","Verse":"\u0c93 \u0ca6\u0cc7\u0cb6\u0cb5\u0cc7, \u0cad\u0caf\u0caa\u0ca1\u0cac\u0cc7\u0ca1, \u0c89\u0cb2\u0ccd\u0cb2\u0cbe\u0cb8\u0cbf\u0cb8\u0cbf \u0cb8\u0c82\u0ca4\u0ccb\u0cb7\u0cb5\u0cbe\u0c97\u0cbf\u0cb0\u0cc1; \u0c95\u0cb0\u0ccd\u0ca4\u0ca8\u0cc1 \u0cae\u0cb9\u0ca4\u0ccd\u0ca4\u0cbe\u0ca6\u0cb5\u0cc1\u0c97\u0cb3\u0ca8\u0ccd\u0ca8\u0cc1 \u0cae\u0cbe\u0ca1\u0cc1\u0ca4\u0ccd\u0ca4\u0cbe\u0ca8\u0cc6."},{"Verseid":"28001021","Verse":"\u0cb9\u0cca\u0cb2\u0ca6 \u0cae\u0cc3\u0c97\u0c97\u0cb3\u0cc7, \u0cad\u0caf\u0caa\u0ca1\u0cac\u0cc7\u0ca1\u0cbf\u0cb0\u0cbf; \u0c85\u0ca1 \u0cb5\u0cbf\u0caf \u0cae\u0cc7\u0cb5\u0cbf\u0ca8 \u0cb8\u0ccd\u0ca5\u0cb3\u0c97\u0cb3\u0cc1 \u0cae\u0cca\u0cb3\u0cc6\u0caf\u0cc1\u0ca4\u0ccd\u0ca4\u0cb5\u0cc6; \u0cae\u0cb0\u0c97\u0cb3\u0cc1 \u0ca4\u0cae\u0ccd\u0cae \u0cab\u0cb2\u0cb5\u0ca8\u0ccd\u0ca8\u0cc1 \u0cab\u0cb2\u0cbf\u0cb8\u0cc1\u0ca4\u0ccd\u0ca4\u0cb5\u0cc6; \u0c85\u0c82\u0c9c\u0cc2\u0cb0\u0ca6 \u0c97\u0cbf\u0ca1\u0cb5\u0cc2 \u0ca6\u0ccd\u0cb0\u0cbe\u0c95\u0ccd\u0cb7\u0cc7 \u0cac\u0cb3\u0ccd\u0cb3\u0cbf\u0caf\u0cc2 \u0ca4\u0cae\u0ccd\u0cae \u0cab\u0cb2\u0cb5\u0ca8\u0ccd\u0ca8\u0cc1 \u0c95\u0cca\u0ca1\u0cc1\u0ca4\u0ccd\u0ca4\u0cb5\u0cc6."},{"Verseid":"28001022","Verse":"\u0cb9\u0cbe\u0c97\u0cbe\u0ca6\u0cb0\u0cc6 \u0c9a\u0cc0\u0caf\u0ccb\u0ca8\u0cbf\u0ca8 \u0cae\u0c95\u0ccd\u0c95\u0cb3\u0cc7, \u0ca8\u0cbf\u0cae\u0ccd\u0cae \u0ca6\u0cc7\u0cb5 \u0cb0\u0cbe\u0ca6 \u0c95\u0cb0\u0ccd\u0ca4\u0ca8\u0cb2\u0ccd\u0cb2\u0cbf \u0c89\u0cb2\u0ccd\u0cb2\u0cbe\u0cb8\u0cbf\u0cb8\u0cbf, \u0cb8\u0c82\u0ca4\u0ccb\u0cb7\u0cb5\u0cbe\u0c97\u0cbf\u0cb0\u0ccd\u0cb0\u0cbf; \u0ca8\u0cbf\u0cae\u0c97\u0cc6 \u0cae\u0cc1\u0c82\u0c97\u0cbe\u0cb0\u0cc1 \u0cae\u0cb3\u0cc6\u0caf\u0ca8\u0ccd\u0ca8\u0cc1 \u0cb8\u0cb0\u0cbf\u0caf\u0cbe\u0c97\u0cbf \u0c95\u0cca\u0ca1\u0cc1 \u0ca4\u0ccd\u0ca4\u0cbe\u0ca8\u0cc6; \u0cae\u0cc1\u0c82\u0c97\u0cbe\u0cb0\u0cc1 \u0cb9\u0cbf\u0c82\u0c97\u0cbe\u0cb0\u0cc1 \u0cae\u0cb3\u0cc6\u0c97\u0cb3\u0ca8\u0ccd\u0ca8\u0cc1 \u0cae\u0cc1\u0c82\u0c9a\u0cbf\u0ca8 \u0cb9\u0cbe\u0c97\u0cc6 \u0ca8\u0cbf\u0cae\u0c97\u0cc6 \u0cb8\u0cc1\u0cb0\u0cbf\u0cb8\u0cc1\u0ca4\u0ccd\u0ca4\u0cbe\u0ca8\u0cc6."},{"Verseid":"28001023","Verse":"\u0c95\u0ca3\u0c97\u0cb3\u0cc1 \u0ca7\u0cbe\u0ca8\u0ccd\u0caf\u0ca6\u0cbf\u0c82\u0ca6 \u0ca4\u0cc1\u0c82\u0cac\u0cc1\u0cb5\u0cb5\u0cc1; \u0ca4\u0cca\u0c9f\u0ccd\u0c9f\u0cbf\u0c97\u0cb3\u0cc1 \u0ca6\u0ccd\u0cb0\u0cbe\u0c95\u0ccd\u0cb7\u0cbe\u0cb0\u0cb8\u0ca6\u0cbf\u0c82\u0ca6\u0cb2\u0cc2 \u0c8e\u0ca3\u0ccd\u0ca3\u0cc6\u0caf\u0cbf\u0c82\u0ca6\u0cb2\u0cc2 \u0ca4\u0cc1\u0c82\u0cac\u0cbf \u0ca4\u0cc1\u0cb3\u0cc1\u0c95\u0cc1\u0cb5\u0cb5\u0cc1."},{"Verseid":"28001024","Verse":"\u0ca8\u0cbe\u0ca8\u0cc1 \u0ca8\u0cbf\u0cae\u0ccd\u0cae\u0cb2\u0ccd\u0cb2\u0cbf \u0c95\u0cb3\u0cc1\u0cb9\u0cbf\u0cb8\u0ca6\u0c82\u0ca5, \u0ca8\u0ca8\u0ccd\u0ca8 \u0ca6\u0cca\u0ca1\u0ccd\u0ca1 \u0cb8\u0cc8\u0ca8\u0ccd\u0caf\u0cb5\u0cbe\u0ca6 \u0cb9\u0cc1\u0cb3\u0cb5\u0cc2 \u0c95\u0c82\u0cac\u0cb3\u0cbf \u0cb9\u0cc1\u0cb3\u0cb5\u0cc2 \u0c92\u0cb3\u0c97\u0cc6 \u0ca8\u0cbe\u0cb6\u0cae\u0cbe\u0ca1\u0cc1\u0cb5 \u0cb9\u0cc1\u0cb3\u0cb5\u0cc2 \u0cae\u0cbf\u0ca1\u0ca4\u0cc6\u0c97\u0cb3\u0cc2 \u0ca4\u0cbf\u0c82\u0ca6 \u0cb5\u0cb0\u0cc1\u0cb7\u0c97\u0cb3\u0cbf\u0c97\u0cc6 \u0cac\u0ca6\u0cb2\u0cbe\u0c97\u0cbf \u0ca8\u0cbf\u0cae\u0c97\u0cc6 \u0c95\u0cca\u0ca1\u0cc1\u0cb5\u0cc6\u0ca8\u0cc1."},{"Verseid":"28001025","Verse":"\u0cb8\u0cae\u0cc3\u0ca6\u0ccd\u0ca7\u0cbf\u0caf\u0cbe\u0c97\u0cbf \u0c89\u0c82\u0ca1\u0cc1, \u0ca4\u0cc3\u0caa\u0ccd\u0ca4\u0cbf\u0caa\u0c9f\u0ccd\u0c9f\u0cc1 \u0ca8\u0cbf\u0cae\u0ccd\u0cae\u0cb2\u0ccd\u0cb2\u0cbf \u0c85\u0ca6\u0ccd\u0cad\u0cc1\u0ca4\u0ca6\u0cbf\u0c82\u0ca6 \u0ca8\u0ca1\u0cbf\u0cb8\u0cbf\u0ca6 \u0ca8\u0cbf\u0cae\u0ccd\u0cae \u0ca6\u0cc7\u0cb5\u0cb0\u0cbe\u0ca6 \u0c95\u0cb0\u0ccd\u0ca4\u0ca8 \u0cb9\u0cc6\u0cb8\u0cb0\u0ca8\u0ccd\u0ca8\u0cc1 \u0cb8\u0ccd\u0ca4\u0cc1\u0ca4\u0cbf\u0cb8\u0cc1\u0cb5\u0cbf\u0cb0\u0cbf; \u0ca8\u0ca8\u0ccd\u0ca8 \u0c9c\u0ca8\u0cb0\u0cc1 \u0c8e\u0c82\u0ca6\u0cc6\u0c82\u0ca6\u0cbf\u0c97\u0cc2 \u0ca8\u0cbe\u0c9a\u0cbf\u0c95\u0cc6\u0caa\u0ca1\u0cb0\u0cc1."},{"Verseid":"28001026","Verse":"\u0ca8\u0cbe\u0ca8\u0cc1 \u0c87\u0cb8\u0ccd\u0cb0\u0cbe\u0caf\u0cc7\u0cb2\u0cbf\u0ca8 \u0cae\u0ca7\u0ccd\u0caf\u0ca6\u0cb2\u0ccd\u0cb2\u0cbf \u0c87\u0ca6\u0ccd\u0ca6\u0cc7\u0ca8\u0cc6\u0c82\u0ca6\u0cc2 \u0cae\u0ca4\u0ccd\u0ca4\u0cca\u0cac\u0ccd\u0cac \u0ca8\u0cb2\u0ccd\u0cb2, \u0ca8\u0cbe\u0ca8\u0cc7 \u0ca8\u0cbf\u0cae\u0ccd\u0cae \u0ca6\u0cc7\u0cb5\u0cb0\u0cbe\u0ca6 \u0c95\u0cb0\u0ccd\u0ca4\u0ca8\u0cbe\u0c97\u0cbf\u0ca6\u0ccd\u0ca6\u0cc7\u0ca8\u0cc6\u0c82\u0ca6\u0cc2 \u0ca8\u0cc0\u0cb5\u0cc1 \u0ca4\u0cbf\u0cb3\u0cc1\u0c95\u0cca\u0cb3\u0ccd\u0cb3\u0cc1\u0cb5\u0cbf\u0cb0\u0cbf; \u0ca8\u0ca8\u0ccd\u0ca8 \u0c9c\u0ca8\u0cb0\u0cc1 \u0c8e\u0c82\u0ca6\u0cc6\u0c82\u0ca6\u0cbf\u0c97\u0cc2 \u0ca8\u0cbe\u0c9a\u0cbf\u0c95\u0cc6\u0caa\u0ca1\u0cb0\u0cc1."},{"Verseid":"28001027","Verse":"\u0c86\u0cae\u0cc7\u0cb2\u0cc6 \u0c86\u0c97\u0cc1\u0cb5\u0ca6\u0cc7\u0ca8\u0c82\u0ca6\u0cb0\u0cc6--\u0c8e\u0cb2\u0ccd\u0cb2\u0cbe \u0cb6\u0cb0\u0cc0\u0cb0\u0c97\u0cb3 \u0cae\u0cc7\u0cb2\u0cc6 \u0ca8\u0ca8\u0ccd\u0ca8 \u0c86\u0ca4\u0ccd\u0cae\u0cb5\u0ca8\u0ccd\u0ca8\u0cc1 \u0cb8\u0cc1\u0cb0\u0cbf\u0cb8\u0cc1\u0cb5\u0cc6\u0ca8\u0cc1; \u0c86\u0c97 \u0ca8\u0cbf\u0cae\u0ccd\u0cae \u0c95\u0cc1\u0cae\u0cbe\u0cb0\u0cb0\u0cc2 \u0c95\u0cc1\u0cae\u0cbe\u0cb0\u0ccd\u0ca4\u0cc6\u0caf\u0cb0\u0cc2 \u0caa\u0ccd\u0cb0\u0cb5\u0cbe\u0ca6\u0cbf \u0cb8\u0cc1\u0cb5\u0cb0\u0cc1; \u0ca8\u0cbf\u0cae\u0ccd\u0cae \u0cb5\u0cc3\u0ca6\u0ccd\u0ca7\u0cb0\u0cc1 \u0c95\u0ca8\u0cb8\u0cc1\u0c97\u0cb3\u0ca8\u0ccd\u0ca8\u0cc1 \u0c95\u0cbe\u0ca3\u0cc1\u0cb5\u0cb0\u0cc1; \u0ca8\u0cbf\u0cae\u0ccd\u0cae \u0caf\u0ccc\u0cb5\u0ca8\u0cb8\u0ccd\u0ca5\u0cb0\u0cc1 \u0ca6\u0cb0\u0ccd\u0cb6\u0ca8\u0c97\u0cb3\u0ca8\u0ccd\u0ca8\u0cc1 \u0ca8\u0ccb\u0ca1\u0cc1\u0cb5\u0cb0\u0cc1."},{"Verseid":"28001028","Verse":"\u0ca6\u0cbe\u0cb8\u0cb0 \u0cae\u0cc7\u0cb2\u0cc6\u0caf\u0cc2 \u0ca6\u0cbe\u0cb8\u0cbf\u0caf\u0cb0 \u0cae\u0cc7\u0cb2\u0cc6\u0caf\u0cc2 \u0c86 \u0ca6\u0cbf\u0cb5\u0cb8\u0c97\u0cb3\u0cb2\u0ccd\u0cb2\u0cbf \u0ca8\u0ca8\u0ccd\u0ca8 \u0c86\u0ca4\u0ccd\u0cae\u0cb5\u0ca8\u0ccd\u0ca8\u0cc1 \u0cb8\u0cc1\u0cb0\u0cbf\u0cb8\u0cc1\u0cb5\u0cc6\u0ca8\u0cc1."},{"Verseid":"28001029","Verse":"\u0c86\u0c95\u0cbe\u0cb6\u0c97\u0cb3\u0cb2\u0ccd\u0cb2\u0cbf \u0cae\u0ca4\u0ccd\u0ca4\u0cc1 \u0cad\u0cc2\u0cae\u0cbf\u0caf\u0cb2\u0ccd\u0cb2\u0cbf \u0c85\u0ca6\u0ccd\u0cad\u0cc1\u0ca4\u0c97\u0cb3\u0ca8\u0ccd\u0ca8\u0cc2 \u0cb0\u0c95\u0ccd\u0ca4\u0cb5\u0ca8\u0ccd\u0ca8\u0cc2 \u0cac\u0cc6\u0c82\u0c95\u0cbf\u0caf\u0ca8\u0ccd\u0ca8\u0cc2 \u0cb9\u0cca\u0c97\u0cc6\u0caf \u0cb8\u0ccd\u0ca4\u0c82\u0cad\u0c97\u0cb3\u0ca8\u0ccd\u0ca8\u0cc2 \u0ca4\u0ccb\u0cb0\u0cbf\u0cb8\u0cc1\u0cb5\u0cc6\u0ca8\u0cc1."},{"Verseid":"28001030","Verse":"\u0c95\u0cb0\u0ccd\u0ca4\u0ca8 \u0ca6\u0cca\u0ca1\u0ccd\u0ca1 \u0cad\u0caf\u0c82\u0c95\u0cb0\u0cb5\u0cbe\u0ca6 \u0ca6\u0cbf\u0ca8\u0cb5\u0cc1 \u0cac\u0cb0\u0cc1\u0cb5\u0ca6\u0c95\u0ccd\u0c95\u0cbf\u0c82\u0ca4 \u0cae\u0cc1\u0c82\u0c9a\u0cc6, \u0cb8\u0cc2\u0cb0\u0ccd\u0caf\u0ca8\u0cc1 \u0c95\u0ca4\u0ccd\u0ca4\u0cb2\u0cc6\u0c97\u0cc2 \u0c9a\u0c82\u0ca6\u0ccd\u0cb0\u0ca8\u0cc1 \u0cb0\u0c95\u0ccd\u0ca4\u0c95\u0ccd\u0c95\u0cc2 \u0cae\u0cbe\u0cb0\u0ccd\u0caa\u0ca1\u0cc1\u0cb5\u0cb5\u0cc1."},{"Verseid":"28001031","Verse":"\u0c86\u0c97\u0cc1\u0cb5\u0ca6\u0cc7\u0ca8\u0c82\u0ca6\u0cb0\u0cc6--\u0c95\u0cb0\u0ccd\u0ca4\u0ca8 \u0cb9\u0cc6\u0cb8\u0cb0\u0ca8\u0ccd\u0ca8\u0cc1 \u0cb9\u0cc7\u0cb3\u0cbf \u0c95\u0cca\u0cb3\u0ccd\u0cb3\u0cc1\u0cb5\u0cb5\u0cb0\u0cc6\u0cb2\u0ccd\u0cb2\u0cb0\u0cc2 \u0cb0\u0c95\u0ccd\u0cb7\u0cbf\u0cb8\u0cb2\u0ccd\u0caa\u0ca1\u0cc1\u0cb5\u0cb0\u0cc1; \u0c9a\u0cc0\u0caf\u0ccb\u0ca8\u0ccd\u200c \u0caa\u0cb0\u0ccd\u0cb5\u0ca4\u0ca6\u0cb2\u0ccd\u0cb2\u0cbf\u0caf\u0cc2 \u0caf\u0cc6\u0cb0\u0cc2\u0cb8\u0cb2\u0cc7\u0cae\u0cbf\u0ca8\u0cb2\u0ccd\u0cb2\u0cbf\u0caf\u0cc2 \u0c95\u0cb0\u0ccd\u0ca4\u0ca8\u0cc1 \u0c95\u0cb0\u0cc6\u0caf\u0cc1\u0cb5 \u0c89\u0cb3\u0cbf\u0ca6\u0cb5\u0cb0\u0cb2\u0ccd\u0cb2\u0cbf\u0caf\u0cc2 \u0c95\u0cb0\u0ccd\u0ca4\u0ca8\u0cc1 \u0cb9\u0cc7\u0cb3\u0cbf\u0ca6 \u0caa\u0ccd\u0cb0\u0c95\u0cbe\u0cb0 \u0cac\u0cbf\u0ca1\u0cc1\u0c97\u0ca1\u0cc6\u0caf\u0cc1 \u0c87\u0cb0\u0cc1\u0cb5\u0ca6\u0cc1."}]},{"Verse":[{"Verseid":"28002000","Verse":"\u0c87\u0c97\u0ccb, \u0c86 \u0ca6\u0cbf\u0ca8\u0c97\u0cb3\u0cb2\u0ccd\u0cb2\u0cbf\u0caf\u0cc2 \u0c86 \u0cb8\u0cae\u0caf\u0ca6\u0cb2\u0ccd\u0cb2\u0cbf\u0caf\u0cc2 \u0ca8\u0cbe\u0ca8\u0cc1 \u0caf\u0cc6\u0cb9\u0cc2\u0ca6\u0ca6 \u0cae\u0ca4\u0ccd\u0ca4\u0cc1 \u0caf\u0cc6\u0cb0\u0cc2\u0cb8\u0cb2\u0cc7\u0cae\u0cbf\u0ca8 \u0cb8\u0cc6\u0cb0\u0cc6\u0caf\u0ca8\u0ccd\u0ca8\u0cc1 \u0ca4\u0cbf\u0cb0\u0cc1\u0c97\u0cbf\u0cb8\u0cc1\u0cb5\u0cbe\u0c97"},{"Verseid":"28002001","Verse":"\u0c8e\u0cb2\u0ccd\u0cb2\u0cbe \u0c9c\u0ca8\u0cbe\u0c82\u0c97\u0c97\u0cb3\u0ca8\u0ccd\u0ca8\u0cc1 \u0c95\u0cc2\u0ca1\u0cbf\u0cb8\u0cbf \u0caf\u0cc6\u0cb9\u0ccb\u0cb7\u0cbe\u0cab\u0cbe\u0c9f\u0ca8 \u0ca4\u0c97\u0ccd\u0c97\u0cbf\u0c97\u0cc6 \u0c85\u0cb5\u0cb0\u0ca8\u0ccd\u0ca8\u0cc1 \u0c87\u0cb3\u0cbf\u0cb8\u0cbf \u0ca8\u0ca8\u0ccd\u0ca8 \u0c9c\u0ca8\u0cb0\u0cc2 \u0ca8\u0ca8\u0ccd\u0ca8 \u0cac\u0cbe\u0ca7\u0ccd\u0caf\u0ca4\u0cc6\u0caf\u0cc2 \u0c86\u0c97\u0cbf\u0cb0\u0cc1\u0cb5 \u0c87\u0cb8\u0ccd\u0cb0\u0cbe\u0caf\u0cc7\u0cb2\u0cbf\u0ca8 \u0cb5\u0cbf\u0cb7\u0caf \u0c85\u0cb5\u0cb0 \u0cb8\u0c82\u0c97\u0ca1 \u0cb5\u0ccd\u0caf\u0cbe\u0c9c\u0ccd\u0caf\u0cb5\u0cbe\u0ca1\u0cc1\u0cb5\u0cc6\u0ca8\u0cc1; \u0c85\u0cb5\u0cb0\u0cc1 \u0c85\u0cb5\u0cb0\u0ca8\u0ccd\u0ca8\u0cc1 \u0c9c\u0ca8\u0cbe\u0c82\u0c97\u0c97\u0cb3\u0cb2\u0ccd\u0cb2\u0cbf \u0c9a\u0ca6\u0cb0\u0cbf\u0cb8\u0cbf \u0ca8\u0ca8\u0ccd\u0ca8 \u0ca6\u0cc7\u0cb6\u0cb5\u0ca8\u0ccd\u0ca8\u0cc1 \u0caa\u0cbe\u0cb2\u0cbf\u0c9f\u0ccd\u0c9f\u0cc1"},{"Verseid":"28002002","Verse":"\u0ca8\u0ca8\u0ccd\u0ca8 \u0c9c\u0ca8\u0cb0\u0cbf \u0c97\u0ccb\u0cb8\u0ccd\u0c95\u0cb0 \u0c9a\u0cc0\u0c9f\u0cc1 \u0cb9\u0cbe\u0c95\u0cbf \u0cb9\u0cc1\u0ca1\u0cc1\u0c97\u0ca8\u0ca8\u0ccd\u0ca8\u0cc1 \u0cb8\u0cc2\u0cb3\u0cc6\u0c97\u0cbe\u0c97\u0cbf \u0c95\u0cca\u0c9f\u0ccd\u0c9f\u0cc1, \u0cb9\u0cc1\u0ca1\u0cc1\u0c97\u0cbf\u0caf\u0ca8\u0ccd\u0ca8\u0cc1 \u0ca6\u0ccd\u0cb0\u0cbe\u0c95\u0ccd\u0cb7\u0cbe\u0cb0\u0cb8\u0c95\u0ccd\u0c95\u0cbe\u0c97\u0cbf \u0cae\u0cbe\u0cb0\u0cbf \u0c85\u0cb5\u0cb0\u0cc1 \u0c95\u0cc1\u0ca1\u0cbf\u0caf\u0cc1\u0cb5 \u0cb9\u0cbe\u0c97\u0cc6 \u0cae\u0cbe\u0cb0\u0cbf\u0ca6\u0ccd\u0ca6\u0cbe\u0cb0\u0cb2\u0ccd\u0cb2\u0cbe?"},{"Verseid":"28002003","Verse":"\u0cb9\u0ccc\u0ca6\u0cc1, \u0c93 \u0ca4\u0cc2\u0cb0\u0cc7, \u0c9a\u0cc0\u0ca6\u0ccb\u0ca8\u0cc7, \u0caa\u0cbe\u0cb2\u0cc6\u0cb8\u0ccd\u0ca4\u0cbf\u0ca8\u0ca6 \u0c8e\u0cb2\u0ccd\u0cb2\u0cbe \u0caa\u0ccd\u0cb0\u0cbe\u0c82\u0ca4\u0ccd\u0caf\u0c97\u0cb3\u0cc7, \u0ca8\u0ca8\u0ccd\u0ca8 \u0c95\u0cc2\u0ca1 \u0ca8\u0cbf\u0cae\u0c97\u0cc7\u0ca8\u0cc1? \u0ca8\u0ca8\u0c97\u0cc6 \u0cae\u0cc1\u0caf\u0ccd\u0caf\u0cbf\u0c97\u0cc6 \u0cae\u0cc1\u0caf\u0ccd\u0caf\u0cbf \u0cb8\u0cb2\u0ccd\u0cb2\u0cbf\u0cb8\u0cc1\u0cb5\u0cbf\u0cb0\u0ccb? \u0ca8\u0cc0\u0cb5\u0cc1 \u0ca8\u0ca8\u0c97\u0cc6 \u0cb8\u0cb2\u0ccd\u0cb2\u0cbf\u0cb8\u0cbf\u0ca6\u0cb0\u0cc6 \u0c9c\u0cbe\u0c97\u0ccd\u0cb0\u0ca4\u0cc6\u0caf\u0cbe\u0c97\u0cbf\u0caf\u0cc2 \u0ca4\u0ccd\u0cb5\u0cb0\u0cc6\u0caf\u0cbe\u0c97\u0cbf\u0caf\u0cc2 \u0ca8\u0cbf\u0cae\u0ccd\u0cae \u0ca4\u0cb2\u0cc6\u0caf \u0cae\u0cc7\u0cb2\u0cc6 \u0cae\u0cc1\u0caf\u0ccd\u0caf\u0cbf\u0c97\u0cc6 \u0cae\u0cc1\u0caf\u0ccd\u0caf\u0cbf \u0ca4\u0cb0\u0cbf\u0cb8\u0cc1\u0cb5\u0cc6\u0ca8\u0cc1."},{"Verseid":"28002004","Verse":"\u0ca8\u0cc0\u0cb5\u0cc1 \u0ca8\u0ca8\u0ccd\u0ca8 \u0cac\u0cc6\u0cb3\u0ccd\u0cb3\u0cbf\u0caf\u0ca8\u0ccd\u0ca8\u0cc2 \u0ca8\u0ca8\u0ccd\u0ca8 \u0cac\u0c82\u0c97\u0cbe\u0cb0\u0cb5\u0ca8\u0ccd\u0ca8\u0cc2 \u0ca4\u0cc6\u0c97\u0cc6\u0ca6\u0cc1\u0c95\u0cca\u0c82\u0ca1\u0cc1 \u0ca8\u0ca8\u0ccd\u0ca8 \u0c92\u0cb3\u0ccd\u0cb3\u0cc7 \u0cb0\u0cae\u0ccd\u0caf\u0cb5\u0cbe\u0ca6\u0cb5\u0cc1\u0c97\u0cb3\u0ca8\u0ccd\u0ca8\u0cc1 \u0ca8\u0cbf\u0cae\u0ccd\u0cae \u0ca6\u0cc7\u0cb5\u0cb8\u0ccd\u0ca5\u0cbe\u0ca8\u0c97\u0cb3\u0cbf\u0c97\u0cc6 \u0ca4\u0c95\u0ccd\u0c95\u0cca\u0c82\u0ca1\u0cc1 \u0cb9\u0ccb\u0c97\u0cbf\u0ca6\u0ccd\u0ca6\u0cc0\u0cb0\u0cbf."},{"Verseid":"28002005","Verse":"\u0caf\u0cc6\u0cb9\u0cc2\u0ca6\u0ca6 \u0cae\u0c95\u0ccd\u0c95\u0cb3\u0ca8\u0ccd\u0ca8\u0cc2 \u0caf\u0cc6\u0cb0\u0cc2\u0cb8\u0cb2\u0cc7\u0cae\u0cbf\u0ca8 \u0cae\u0c95\u0ccd\u0c95 \u0cb3\u0ca8\u0ccd\u0ca8\u0cc2 \u0ca4\u0cae\u0ccd\u0cae \u0caa\u0ccd\u0cb0\u0cbe\u0c82\u0ca4\u0ccd\u0caf\u0c97\u0cb3\u0cbf\u0c82\u0ca6 \u0ca6\u0cc2\u0cb0 \u0cae\u0cbe\u0ca1\u0cc1\u0cb5 \u0cb9\u0cbe\u0c97\u0cc6 \u0c97\u0ccd\u0cb0\u0cc0\u0c95\u0cb0\u0cbf\u0c97\u0cc6 \u0cae\u0cbe\u0cb0\u0cbf\u0ca6\u0ccd\u0ca6\u0cc0\u0cb0\u0cbf."},{"Verseid":"28002006","Verse":"\u0c87\u0c97\u0ccb, \u0c8e\u0cb2\u0ccd\u0cb2\u0cbf \u0c85\u0cb5 \u0cb0\u0ca8\u0ccd\u0ca8\u0cc1 \u0cae\u0cbe\u0cb0\u0cbf\u0ca6\u0ccd\u0ca6\u0cbf\u0cb0\u0ccb \u0c86 \u0cb8\u0ccd\u0ca5\u0cb3\u0ca6\u0cbf\u0c82\u0ca6 \u0ca8\u0cbe\u0ca8\u0cc1 \u0c85\u0cb5\u0cb0\u0ca8\u0ccd\u0ca8\u0cc1 \u0c8e\u0cac\u0ccd\u0cac\u0cbf\u0cb8\u0cbf \u0ca8\u0cbf\u0cae\u0ccd\u0cae \u0ca4\u0cb2\u0cc6\u0caf \u0cae\u0cc7\u0cb2\u0cc6 \u0cae\u0cc1\u0caf\u0ccd\u0caf\u0cbf\u0c97\u0cc6 \u0cae\u0cc1\u0caf\u0ccd\u0caf\u0cbf \u0ca4\u0cb0\u0cbf\u0cb8\u0cc1\u0cb5\u0cc6\u0ca8\u0cc1."},{"Verseid":"28002007","Verse":"\u0ca8\u0cbf\u0cae\u0ccd\u0cae \u0c95\u0cc1\u0cae\u0cbe\u0cb0\u0cb0\u0ca8\u0ccd\u0ca8\u0cc2 \u0ca8\u0cbf\u0cae\u0ccd\u0cae \u0c95\u0cc1\u0cae\u0cbe\u0cb0\u0ccd\u0ca4\u0cc6 \u0caf\u0cb0\u0ca8\u0ccd\u0ca8\u0cc2 \u0caf\u0cc6\u0cb9\u0cc2\u0ca6\u0ca8 \u0cae\u0c95\u0ccd\u0c95\u0cb3 \u0c95\u0cc8\u0caf\u0cb2\u0ccd\u0cb2\u0cbf \u0cae\u0cbe\u0cb0\u0cc1\u0cb5\u0cc6\u0ca8\u0cc1; \u0c87\u0cb5\u0cb0\u0cc1 \u0c85\u0cb5\u0cb0\u0ca8\u0ccd\u0ca8\u0cc1 \u0ca6\u0cc2\u0cb0 \u0c9c\u0ca8\u0cb5\u0cbe\u0ca6 \u0cb6\u0cc6\u0cac\u0ca6\u0ca8\u0cb0\u0cbf\u0c97\u0cc6 \u0cae\u0cbe\u0cb0\u0cc1\u0cb5\u0cb0\u0cc1; \u0c95\u0cb0\u0ccd\u0ca4\u0ca8\u0cc1 \u0c85\u0ca6\u0ca8\u0ccd\u0ca8\u0cc1 \u0cb9\u0cc7\u0cb3\u0cbf\u0ca6\u0ccd\u0ca6\u0cbe\u0ca8\u0cc6."},{"Verseid":"28002008","Verse":"\u0c9c\u0ca8\u0cbe\u0c82\u0c97\u0c97\u0cb3\u0cb2\u0ccd\u0cb2\u0cbf \u0c87\u0ca6\u0ca8\u0ccd\u0ca8\u0cc1 \u0c98\u0ccb\u0cb7\u0cbf\u0cb8\u0cbf\u0cb0\u0cbf; \u0caf\u0cc1\u0ca6\u0ccd\u0ca7\u0cb5\u0ca8\u0ccd\u0ca8\u0cc1 \u0cb8\u0cbf\u0ca6\u0ccd\u0ca7\u0cae\u0cbe\u0ca1\u0cbf\u0cb0\u0cbf, \u0cb6\u0cc2\u0cb0\u0cb0\u0ca8\u0ccd\u0ca8\u0cc1 \u0c8e\u0cac\u0ccd\u0cac\u0cbf\u0cb8\u0cbf\u0cb0\u0cbf; \u0caf\u0cc1\u0ca6\u0ccd\u0ca7\u0cb8\u0ccd\u0ca5\u0cb0\u0cc6\u0cb2\u0ccd\u0cb2\u0cb0\u0cc1 \u0cb8\u0cb5\u0cbf\u0cbe\u0caa\u0c95\u0ccd\u0c95\u0cc6 \u0cac\u0cb0\u0cb2\u0cbf."},{"Verseid":"28002009","Verse":"\u0ca8\u0cbf\u0cae\u0ccd\u0cae \u0ca8\u0cc7\u0c97\u0cbf\u0cb2\u0cc1\u0c97\u0cb3 \u0c97\u0cc1\u0cb3\u0c97\u0cb3\u0ca8\u0ccd\u0ca8\u0cc1 \u0c95\u0ca4\u0ccd\u0ca4\u0cbf\u0c97\u0cb3\u0cbe\u0c97\u0cbf\u0caf\u0cc2 \u0ca8\u0cbf\u0cae\u0ccd\u0cae \u0c95\u0cc1\u0ca1\u0cc1\u0c97\u0ccb\u0cb2\u0cc1\u0c97\u0cb3\u0ca8\u0ccd\u0ca8\u0cc1 \u0c88\u0c9f\u0cbf\u0c97\u0cb3\u0cbe \u0c97\u0cbf\u0caf\u0cc2 \u0cac\u0ca1\u0cbf\u0caf\u0cbf\u0cb0\u0cbf; \u0cac\u0cb2\u0cb9\u0cc0\u0ca8\u0ca8\u0cc1--\u0ca8\u0cbe\u0ca8\u0cc1 \u0cb6\u0cc2\u0cb0 \u0ca8\u0cc6\u0c82\u0ca6\u0cc1 \u0cb9\u0cc7\u0cb3\u0cb2\u0cbf."},{"Verseid":"28002010","Verse":"\u0cb8\u0cc1\u0ca4\u0ccd\u0ca4\u0cb2\u0cbf\u0ca8 \u0c8e\u0cb2\u0ccd\u0cb2\u0cbe \u0c85\u0ca8\u0ccd\u0caf\u0c9c\u0ca8\u0cbe\u0c82\u0c97 \u0c97\u0cb3\u0cc7, \u0c95\u0cc2\u0ca1\u0cbf\u0c95\u0cca\u0cb3\u0ccd\u0cb3\u0cbf\u0cb0\u0cbf; \u0c93 \u0c95\u0cb0\u0ccd\u0ca4\u0ca8\u0cc7, \u0ca8\u0cbf\u0ca8\u0ccd\u0ca8 \u0cb6\u0cc2\u0cb0\u0cb0\u0ca8\u0ccd\u0ca8\u0cc1 \u0c85\u0cb2\u0ccd\u0cb2\u0cbf \u0c87\u0cb3\u0cbf\u0caf \u0cae\u0cbe\u0ca1\u0cc1."},{"Verseid":"28002011","Verse":"\u0c9c\u0ca8\u0cbe\u0c82\u0c97\u0c97\u0cb3\u0cc1 \u0c8e\u0cac\u0ccd\u0cac\u0cbf\u0cb8\u0cb2\u0ccd\u0caa\u0c9f\u0ccd\u0c9f\u0cc1 \u0caf\u0cc6\u0cb9\u0ccb\u0cb7\u0cbe\u0cab\u0cbe\u0c9f\u0ca8 \u0ca4\u0c97\u0ccd\u0c97\u0cbf\u0c97\u0cc6 \u0cac\u0cb0\u0cb2\u0cbf; \u0cb8\u0cc1\u0ca4\u0ccd\u0ca4\u0cb2\u0cbf\u0ca8 \u0c8e\u0cb2\u0ccd\u0cb2\u0cbe \u0c9c\u0ca8\u0cbe\u0c82\u0c97\u0c97\u0cb3\u0cbf\u0c97\u0cc6 \u0ca8\u0ccd\u0caf\u0cbe\u0caf\u0ca4\u0cc0\u0cb0\u0cbf\u0cb8\u0cc1\u0cb5\u0ca6\u0c95\u0ccd\u0c95\u0cc6 \u0ca8\u0cbe\u0ca8\u0cc1 \u0c85\u0cb2\u0ccd\u0cb2\u0cbf \u0c95\u0cc2\u0ca4\u0cc1\u0c95\u0cca\u0cb3\u0ccd\u0cb3\u0cc1\u0cb5\u0cc6\u0ca8\u0cc1."},{"Verseid":"28002012","Verse":"\u0c95\u0cc1\u0ca1\u0cc1\u0c97\u0ccb\u0cb2\u0ca8\u0ccd\u0ca8\u0cc1 \u0cb9\u0cbe\u0c95\u0cbf\u0cb0\u0cbf, \u0cac\u0cc6\u0cb3\u0cc6 \u0caa\u0c95\u0ccd\u0cb5\u0cb5\u0cbe\u0caf\u0cbf\u0ca4\u0cc1; \u0cac\u0c82\u0ca6\u0cc1 \u0c87\u0cb3\u0cbf\u0caf\u0cbf\u0cb0\u0cbf; \u0ca6\u0ccd\u0cb0\u0cbe\u0c95\u0ccd\u0cb7\u0cc6\u0caf \u0c85\u0cb2\u0cc6 \u0ca4\u0cc1\u0c82\u0cac\u0cbf \u0c85\u0ca6\u0cc6; \u0ca4\u0cca\u0c9f\u0ccd\u0c9f\u0cbf\u0c97\u0cb3\u0cc1 \u0ca4\u0cc1\u0cb3\u0cc1\u0c95\u0cc1\u0ca4\u0ccd\u0ca4\u0cb5\u0cc6; \u0c85\u0cb5\u0cb0 \u0c95\u0cc6\u0c9f\u0ccd\u0c9f\u0ca4\u0ca8\u0cb5\u0cc1 \u0cac\u0cb9\u0cb3\u0cb5\u0cbe\u0c97\u0cbf\u0ca6\u0cc6."},{"Verseid":"28002013","Verse":"\u0ca8\u0cbf\u0cb0\u0ccd\u0ca3\u0caf\u0ca6 \u0ca4\u0c97\u0ccd\u0c97\u0cbf\u0ca8\u0cb2\u0ccd\u0cb2\u0cbf \u0c97\u0cc1\u0c82\u0caa\u0cc1\u0c97\u0cb3\u0cc1, \u0c97\u0cc1\u0c82\u0caa\u0cc1\u0c97\u0cb3\u0cc1; \u0c95\u0cb0\u0ccd\u0ca4\u0ca8 \u0ca6\u0cbf\u0ca8\u0cb5\u0cc1 \u0ca8\u0cbf\u0cb0\u0ccd\u0ca3 \u0caf\u0ca6 \u0ca4\u0c97\u0ccd\u0c97\u0cbf\u0ca8\u0cb2\u0ccd\u0cb2\u0cbf \u0cb8\u0cb5\u0cbf\u0cbe\u0caa\u0cb5\u0cbe\u0c97\u0cbf\u0ca6\u0cc6."},{"Verseid":"28002014","Verse":"\u0cb8\u0cc2\u0cb0\u0ccd\u0caf, \u0c9a\u0c82\u0ca6\u0ccd\u0cb0 \u0c95\u0caa\u0ccd\u0caa\u0cbe\u0c97\u0cc1\u0cb5\u0cb5\u0cc1; \u0ca8\u0c95\u0ccd\u0cb7\u0ca4\u0ccd\u0cb0\u0c97\u0cb3\u0cc1 \u0ca4\u0cae\u0ccd\u0cae \u0caa\u0ccd\u0cb0\u0c95\u0cbe\u0cb6\u0cb5\u0ca8\u0ccd\u0ca8\u0cc1 \u0cae\u0cb0\u0cc6\u0cae\u0cbe\u0ca1\u0cc1\u0cb5\u0cb5\u0cc1."},{"Verseid":"28002015","Verse":"\u0c95\u0cb0\u0ccd\u0ca4\u0ca8\u0cc1 \u0c9a\u0cc0\u0caf\u0ccb\u0ca8\u0cbf\u0ca8\u0cca\u0cb3\u0c97\u0cbf\u0c82\u0ca6 \u0c98\u0cb0\u0ccd\u0c9c\u0cbf\u0cb8\u0cbf \u0caf\u0cc6\u0cb0\u0cc2\u0cb8\u0cb2\u0cc7\u0cae\u0cbf\u0ca8\u0cca\u0cb3\u0c97\u0cbf\u0c82\u0ca6 \u0ca4\u0ca8\u0ccd\u0ca8 \u0cb6\u0cac\u0ccd\u0ca6\u0cb5\u0ca8\u0ccd\u0ca8\u0cc1 \u0c95\u0cca\u0ca1\u0cc1\u0cb5\u0ca8\u0cc1. \u0c86\u0c95\u0cbe\u0cb6\u0c97\u0cb3\u0cc2 \u0cad\u0cc2\u0cae\u0cbf\u0caf\u0cc2 \u0c95\u0ca6\u0cb2\u0cc1 \u0cb5\u0cb5\u0cc1; \u0c86\u0ca6\u0cb0\u0cc6 \u0c95\u0cb0\u0ccd\u0ca4\u0ca8\u0cc1 \u0ca4\u0ca8\u0ccd\u0ca8 \u0c9c\u0ca8\u0cb0\u0cbf\u0c97\u0cc6 \u0ca8\u0cbf\u0cb0\u0cc0\u0c95\u0ccd\u0cb7\u0cc6\u0caf\u0cc2 \u0c87\u0cb8\u0ccd\u0cb0\u0cbe\u0caf\u0cc7\u0cb2\u0ca8 \u0cae\u0c95\u0ccd\u0c95\u0cb3\u0cbf\u0c97\u0cc6 \u0cac\u0cb2\u0cb5\u0cc2 \u0c86\u0c97\u0cbf\u0cb0\u0cc1\u0cb5\u0ca8\u0cc1."},{"Verseid":"28002016","Verse":"\u0cb9\u0cc0\u0c97\u0cc6 \u0ca8\u0ca8\u0ccd\u0ca8 \u0caa\u0cb0\u0cbf\u0cb6\u0cc1\u0ca6\u0ccd\u0ca7 \u0caa\u0cb0\u0ccd\u0cb5\u0ca4\u0cb5\u0cbe\u0ca6 \u0c9a\u0cc0\u0caf\u0ccb\u0ca8\u0cbf \u0ca8\u0cb2\u0ccd\u0cb2\u0cbf \u0cb5\u0cbe\u0cb8\u0cbf\u0cb8\u0cc1\u0cb5 \u0ca8\u0cbf\u0cae\u0ccd\u0cae \u0ca6\u0cc7\u0cb5\u0cb0\u0cbe\u0ca6 \u0c95\u0cb0\u0ccd\u0ca4\u0ca8\u0cc1 \u0ca8\u0cbe\u0ca8\u0cc7 \u0c8e\u0c82\u0ca6\u0cc1 \u0ca8\u0cc0\u0cb5\u0cc1 \u0ca4\u0cbf\u0cb3\u0cc1\u0c95\u0cca\u0cb3\u0ccd\u0cb3\u0cc1\u0cb5\u0cbf\u0cb0\u0cbf; \u0c86\u0c97 \u0caf\u0cc6\u0cb0\u0cc2\u0cb8\u0cb2\u0cc7\u0cae\u0cc1 \u0caa\u0cb0\u0cbf\u0cb6\u0cc1\u0ca6\u0ccd\u0ca7\u0cb5\u0cbe\u0c97\u0cbf\u0cb0\u0cc1\u0cb5\u0ca6\u0cc1; \u0c85\u0ca8\u0ccd\u0caf\u0cb0\u0cc1 \u0c87\u0ca8\u0ccd\u0ca8\u0cc1 \u0c85\u0ca6\u0cb0\u0cb2\u0ccd\u0cb2\u0cbf \u0cb9\u0cbe\u0ca6\u0cc1\u0cb9\u0ccb\u0c97\u0cb0\u0cc1."},{"Verseid":"28002017","Verse":"\u0c86 \u0ca6\u0cbf\u0ca8\u0ca6\u0cb2\u0ccd\u0cb2\u0cbf \u0c86\u0c97\u0cc1\u0cb5\u0ca6\u0cc7\u0ca8\u0c82 \u0ca6\u0cb0\u0cc6, \u0cac\u0cc6\u0c9f\u0ccd\u0c9f\u0c97\u0cb3\u0cc1 \u0cb9\u0cca\u0cb8 \u0ca6\u0ccd\u0cb0\u0cbe\u0c95\u0ccd\u0cb7\u0cbe\u0cb0\u0cb8\u0cb5\u0ca8\u0ccd\u0ca8\u0cc1 \u0cb8\u0cc1\u0cb0\u0cbf\u0caf\u0cc1\u0cb5\u0cb5\u0cc1; \u0c97\u0cc1\u0ca1\u0ccd\u0ca1\u0c97\u0cb3\u0cc1 \u0cb9\u0cbe\u0cb2\u0cbf\u0ca8\u0cbf\u0c82\u0ca6 \u0cb9\u0cb0\u0cbf\u0caf\u0cc1\u0cb5\u0cb5\u0cc1; \u0caf\u0cc6\u0cb9\u0cc2\u0ca6\u0ca6 \u0cb9\u0cb3\u0ccd\u0cb3\u0c97\u0cb3\u0cc6\u0cb2\u0ccd\u0cb2\u0cbe \u0ca8\u0cc0\u0cb0\u0cbf\u0ca8\u0cbf\u0c82\u0ca6 \u0cb9\u0cb0\u0cbf\u0caf\u0cc1\u0cb5\u0cb5\u0cc1; \u0c95\u0cb0\u0ccd\u0ca4\u0ca8 \u0c86\u0cb2\u0caf\u0ca6\u0cca\u0cb3\u0c97\u0cbf\u0c82\u0ca6 \u0cac\u0cc1\u0c97\u0ccd\u0c97\u0cc6 \u0cb9\u0cca\u0cb0\u0c9f\u0cc1, \u0cb6\u0cbf\u0c9f\u0ccd\u0c9f\u0cc0\u0cae\u0cbf\u0ca8 \u0ca4\u0c97\u0ccd\u0c97\u0cbf\u0c97\u0cc6 \u0c9c\u0cb2 \u0c95\u0cca\u0ca1\u0cc1\u0cb5\u0ca6\u0cc1."},{"Verseid":"28002018","Verse":"\u0c90\u0c97\u0cc1\u0caa\u0ccd\u0ca4\u0cb5\u0cc1 \u0cb9\u0cbe\u0cb3\u0cbe\u0c97\u0cc1 \u0cb5\u0ca6\u0cc1; \u0c8e\u0ca6\u0ccb\u0cae\u0cc1 \u0cb9\u0cbe\u0cb3\u0cbe\u0ca6 \u0c85\u0cb0\u0ca3\u0ccd\u0caf\u0cb5\u0cbe\u0c97\u0cc1\u0cb5\u0ca6\u0cc1; \u0c85\u0cb5\u0cb0\u0cc1 \u0caf\u0cc6\u0cb9\u0cc2\u0ca6\u0ca8 \u0cae\u0c95\u0ccd\u0c95\u0cb3\u0ca8\u0ccd\u0ca8\u0cc1 \u0cac\u0cb2\u0cbe\u0ca4\u0ccd\u0c95\u0cbe\u0cb0\u0cae\u0cbe\u0ca1\u0cbf \u0ca4\u0cae\u0ccd\u0cae \u0ca6\u0cc7\u0cb6\u0ca6\u0cb2\u0ccd\u0cb2\u0cbf \u0c85\u0caa\u0cb0\u0cbe\u0ca7\u0cb5\u0cbf\u0cb2\u0ccd\u0cb2\u0ca6 \u0cb0\u0c95\u0ccd\u0ca4\u0cb5\u0ca8\u0ccd\u0ca8\u0cc1 \u0c9a\u0cc6\u0cb2\u0ccd\u0cb2\u0cbf \u0ca6\u0cb0\u0cc1."},{"Verseid":"28002019","Verse":"\u0c86\u0ca6\u0cb0\u0cc6 \u0caf\u0cc6\u0cb9\u0cc2\u0ca6\u0cb5\u0cc1 \u0c8e\u0c82\u0ca6\u0cc6\u0c82\u0ca6\u0cbf\u0c97\u0cc2 \u0caf\u0cc6\u0cb0\u0cc2\u0cb8\u0cb2\u0cc7\u0cae\u0cc1 \u0ca4\u0cb2\u0ca4\u0cb2\u0cbe\u0c82\u0ca4\u0cb0\u0c95\u0ccd\u0c95\u0cc2 \u0ca8\u0cbf\u0cb2\u0ccd\u0cb2\u0cc1\u0cb5\u0ca6\u0cc1."},{"Verseid":"28002020","Verse":"\u0ca8\u0cbe\u0ca8\u0cc1 \u0c95\u0ccd\u0cb7\u0cae\u0cbf\u0cb8\u0ca6\u0cc6 \u0c87\u0ca6\u0ccd\u0ca6 \u0c85\u0cb5\u0cb0 \u0cb0\u0c95\u0ccd\u0ca4\u0cbe\u0caa\u0cb0\u0cbe\u0ca7\u0cb5\u0ca8\u0ccd\u0ca8\u0cc1 \u0c95\u0ccd\u0cb7\u0cae\u0cbf\u0cb8\u0cc1\u0cb5\u0cc6\u0ca8\u0cc1, \u0c95\u0cb0\u0ccd\u0ca4\u0ca8\u0cc1 \u0c9a\u0cc0\u0caf\u0ccb\u0ca8\u0cbf\u0ca8\u0cb2\u0ccd\u0cb2\u0cbf \u0cb5\u0cbe\u0cb8\u0cb5\u0cbe\u0c97\u0cbf\u0cb0\u0cc1\u0ca4\u0ccd\u0ca4\u0cbe\u0ca8\u0cc6."}]}]}