{"Chapter":[{"Verse":[{"Verseid":"30000000","Verse":"\u0c93\u0cac\u0ca6\u0ccd\u0caf\u0ca8 \u0ca6\u0cb0\u0ccd\u0cb6\u0ca8\u0cb5\u0cc1. \u0c95\u0cb0\u0ccd\u0ca4\u0ca8\u0cbe\u0ca6 \u0ca6\u0cc7\u0cb5\u0cb0\u0cc1 \u0c8e\u0ca6\u0ccb\u0cae\u0ca8\u0ccd\u0ca8\u0cc1 \u0c95\u0cc1\u0cb0\u0cbf\u0ca4\u0cc1 \u0cb9\u0cc0\u0c97\u0cc6 \u0cb9\u0cc7\u0cb3\u0cc1\u0ca4\u0ccd\u0ca4\u0cbe\u0ca8\u0cc6--\u0c95\u0cb0\u0ccd\u0ca4\u0ca8\u0cbf\u0c82\u0ca6 \u0cb8\u0cc1\u0ca6\u0ccd\u0ca7\u0cbf\u0caf\u0ca8\u0ccd\u0ca8\u0cc1 \u0c95\u0cc7\u0cb3\u0cbf\u0ca6\u0ccd\u0ca6\u0cc7\u0cb5\u0cc6; \u0c85\u0ca8\u0ccd\u0caf\u0c9c\u0ca8\u0cbe\u0c82\u0c97\u0c97\u0cb3\u0cb2\u0ccd\u0cb2\u0cbf \u0cb0\u0cbe\u0caf \u0cad\u0cbe\u0cb0\u0cbf\u0caf\u0cc1 \u0c95\u0cb3\u0cc1\u0cb9\u0cbf\u0cb8\u0cb2\u0ccd\u0caa\u0c9f\u0ccd\u0c9f\u0cbf\u0ca6\u0ccd\u0ca6\u0cbe\u0ca8\u0cc6; \u0c8f\u0cb3\u0cbf\u0cb0\u0cbf, \u0c85\u0ca6\u0c95\u0ccd\u0c95\u0cc6 \u0cb5\u0cbf\u0cb0\u0ccb\u0ca7\u0cb5\u0cbe\u0c97\u0cbf \u0caf\u0cc1\u0ca6\u0ccd\u0ca7\u0c95\u0ccd\u0c95\u0cc6 \u0c8f\u0cb3\u0cc1\u0cb5!"},{"Verseid":"30000001","Verse":"\u0c87\u0c97\u0ccb, \u0ca8\u0cbf\u0ca8\u0ccd\u0ca8\u0ca8\u0ccd\u0ca8\u0cc1 \u0c85\u0ca8\u0ccd\u0caf\u0c9c\u0ca8\u0cbe\u0c82\u0c97\u0c97\u0cb3\u0cb2\u0ccd\u0cb2\u0cbf \u0cb9\u0cc0\u0ca8\u0cb5\u0cbe\u0c97\u0cbf \u0cae\u0cbe\u0ca1\u0cbf\u0ca6\u0ccd\u0ca6\u0cc7\u0ca8\u0cc6."},{"Verseid":"30000002","Verse":"\u0ca8\u0cc0\u0ca8\u0cc1 \u0cac\u0cb9\u0cb3\u0cb5\u0cbe\u0c97\u0cbf \u0ca4\u0cbf\u0cb0\u0cb8\u0ccd\u0c95\u0cb0\u0cbf\u0cb8\u0cb2\u0ccd\u0caa\u0c9f\u0ccd\u0c9f\u0cbf\u0ca6\u0ccd\u0ca6\u0cc0. \u0cac\u0c82\u0ca1\u0cc6\u0caf \u0cac\u0cbf\u0cb0\u0cc1\u0c95\u0cc1 \u0c97\u0cb3\u0cb2\u0ccd\u0cb2\u0cbf \u0cb5\u0cbe\u0cb8\u0cae\u0cbe\u0ca1\u0cc1\u0cb5\u0cb5\u0ca8\u0cc7, \u0c89\u0ca8\u0ccd\u0ca8\u0ca4\u0ca6\u0cb2\u0ccd\u0cb2\u0cbf \u0ca8\u0cbf\u0cb5\u0cbe\u0cb8 \u0cae\u0cbe\u0ca1\u0cbf\u0c95\u0cca\u0c82\u0ca1\u0cb5\u0ca8\u0cc7--\u0caf\u0cbe\u0cb0\u0cc1 \u0ca8\u0ca8\u0ccd\u0ca8\u0ca8\u0ccd\u0ca8\u0cc1 \u0ca8\u0cc6\u0cb2\u0c95\u0ccd\u0c95\u0cc6 \u0c87\u0cb3\u0cbf\u0cb8 \u0cac\u0cb2\u0ccd\u0cb2\u0cb0\u0cc6\u0c82\u0ca6\u0cc1 \u0ca4\u0ca8\u0ccd\u0ca8 \u0cb9\u0cc3\u0ca6\u0caf\u0ca6\u0cb2\u0ccd\u0cb2\u0cbf \u0c85\u0ca8\u0ccd\u0ca8\u0cc1\u0cb5\u0cb5\u0ca8\u0cc7, \u0ca8\u0cbf\u0ca8\u0ccd\u0ca8 \u0cb9\u0cc3\u0ca6\u0caf\u0ca6 \u0c97\u0cb0\u0ccd\u0cb5\u0cb5\u0cc1 \u0ca8\u0cbf\u0ca8\u0ccd\u0ca8\u0ca8\u0ccd\u0ca8\u0cc1 \u0cae\u0ccb\u0cb8\u0c97\u0cca\u0cb3\u0cbf\u0cb8\u0cbf\u0ca6\u0cc6."},{"Verseid":"30000003","Verse":"\u0ca8\u0cc0\u0ca8\u0cc1 \u0cb9\u0ca6\u0ccd\u0ca6\u0cbf\u0ca8\u0c82\u0ca4\u0cc6 \u0c8f\u0cb0\u0cbf\u0c95\u0cca\u0c82\u0ca1\u0cc1 \u0ca8\u0cbf\u0ca8\u0ccd\u0ca8 \u0c97\u0cc2\u0ca1\u0ca8\u0ccd\u0ca8\u0cc1 \u0ca8\u0c95\u0ccd\u0cb7\u0ca4\u0ccd\u0cb0\u0c97\u0cb3\u0cb2\u0ccd\u0cb2\u0cbf \u0c87\u0c9f\u0ccd\u0c9f\u0cb0\u0cc2 \u0c85\u0cb2\u0ccd\u0cb2\u0cbf\u0c82\u0ca6 \u0ca8\u0cbf\u0ca8\u0ccd\u0ca8\u0ca8\u0ccd\u0ca8\u0cc1 \u0c87\u0cb3\u0cbf\u0cb8\u0cc1\u0cb5\u0cc6\u0ca8\u0cc6\u0c82\u0ca6\u0cc1 \u0c95\u0cb0\u0ccd\u0ca4\u0ca8\u0cc1 \u0c85\u0ca8\u0ccd\u0ca8\u0cc1\u0ca4\u0ccd\u0ca4\u0cbe\u0ca8\u0cc6."},{"Verseid":"30000004","Verse":"\u0c95\u0cb3\u0ccd\u0cb3\u0cb0\u0cc1 \u0ca8\u0cbf\u0ca8\u0ccd\u0ca8 \u0cac\u0cb3\u0cbf\u0c97\u0cc6 \u0cac\u0c82\u0ca6\u0cbf\u0ca6\u0ccd\u0ca6\u0cb0\u0cc6 \u0cb8\u0cc1\u0cb2\u0cc1\u0c95\u0cca\u0cb3\u0ccd\u0cb3\u0cc1\u0cb5\u0cb5\u0cb0\u0cc1 \u0cb0\u0cbe\u0ca4\u0ccd\u0cb0\u0cbf\u0caf\u0cb2\u0ccd\u0cb2\u0cbf \u0cac\u0c82\u0ca6\u0cbf\u0ca6\u0ccd\u0ca6\u0cb0\u0cc6 \u0c8e\u0cb7\u0ccd\u0c9f\u0ccb \u0cb9\u0cbe\u0cb3\u0cbe\u0c97\u0cc1\u0ca4\u0ccd\u0ca4\u0cbf\u0ca6\u0ccd\u0ca6\u0cbf\u0caf\u0cb2\u0ccd\u0cb2\u0cbe! \u0c85\u0cb5\u0cb0\u0cc1 \u0ca4\u0cae\u0c97\u0cc6 \u0cb8\u0cbe\u0c95\u0cbe\u0c97\u0cc1\u0cb5\u0cb7\u0ccd\u0c9f\u0cc1 \u0c95\u0ca6\u0ccd\u0ca6\u0cc1\u0c95\u0cca\u0cb3\u0ccd\u0cb3\u0cc1\u0cb5\u0cb0\u0cb2\u0ccd\u0cb2\u0cb5\u0ccb? \u0ca6\u0ccd\u0cb0\u0cbe\u0c95\u0ccd\u0cb7\u0cc7\u0cb9\u0ca3\u0ccd\u0ca3\u0ca8\u0ccd\u0ca8\u0cc1 \u0c95\u0cc2\u0ca1\u0cbf\u0cb8\u0cc1\u0cb5 \u0cb5\u0cb0\u0cc1 \u0ca8\u0cbf\u0ca8\u0ccd\u0ca8 \u0cac\u0cb3\u0cbf\u0c97\u0cc6 \u0cac\u0c82\u0ca6\u0cbf\u0ca6\u0ccd\u0ca6\u0cb0\u0cc6 \u0c85\u0cb5\u0cb0\u0cc1 \u0c95\u0cc6\u0cb2\u0cb5\u0cc1 \u0ca6\u0ccd\u0cb0\u0cbe\u0c95\u0ccd\u0cb7\u0cc7 \u0cb9\u0ca3\u0ccd\u0ca3\u0ca8\u0ccd\u0ca8\u0cc1 \u0cac\u0cbf\u0ca1\u0cc1\u0cb5\u0cb0\u0cb2\u0ccd\u0cb2\u0cb5\u0ccb?"},{"Verseid":"30000005","Verse":"\u0c8f\u0cb8\u0cbe\u0cb5\u0ca8\u0cc1 \u0c8e\u0cb7\u0ccd\u0c9f\u0ccb \u0cb6\u0ccb\u0ca7\u0cbf \u0cb8\u0cb2\u0ccd\u0caa\u0c9f\u0ccd\u0c9f\u0cbf\u0ca6\u0ccd\u0ca6\u0cbe\u0ca8\u0cc6, \u0c85\u0cb5\u0ca8 \u0cb0\u0cb9\u0cb8\u0ccd\u0caf \u0cb8\u0ccd\u0ca5\u0cb3\u0c97\u0cb3\u0cc1 \u0cb9\u0cc1\u0ca1\u0cc1\u0c95 \u0cb2\u0ccd\u0caa\u0c9f\u0ccd\u0c9f\u0cbf\u0cb5\u0cc6."},{"Verseid":"30000006","Verse":"\u0ca8\u0cbf\u0ca8\u0ccd\u0ca8 \u0cb8\u0c82\u0c97\u0ca1 \u0c92\u0c9f\u0ccd\u0c9f\u0cc1\u0c97\u0cc2\u0ca1\u0cbf\u0ca6 \u0cae\u0ca8\u0cc1\u0cb7\u0ccd\u0caf\u0cb0\u0cc6\u0cb2\u0ccd\u0cb2\u0cb0\u0cc1 \u0ca8\u0cbf\u0ca8\u0ccd\u0ca8\u0ca8\u0ccd\u0ca8\u0cc1 \u0cae\u0cc7\u0cb0\u0cc6\u0caf \u0cb5\u0cb0\u0cc6\u0c97\u0cc2 \u0ca4\u0c82\u0ca6\u0cbf\u0ca6\u0ccd\u0ca6\u0cbe\u0cb0\u0cc6: \u0ca8\u0cbf\u0ca8\u0ccd\u0ca8 \u0cb8\u0c82\u0c97\u0ca1 \u0cb8\u0cae\u0cbe\u0ca7\u0cbe\u0ca8\u0cb5\u0cbe\u0c97\u0cbf\u0ca6\u0ccd\u0ca6 \u0cae\u0ca8\u0cc1\u0cb7\u0ccd\u0caf\u0cb0\u0cc1 \u0ca8\u0cbf\u0ca8\u0ccd\u0ca8\u0ca8\u0ccd\u0ca8\u0cc1 \u0cae\u0ccb\u0cb8 \u0cae\u0cbe\u0ca1\u0cbf \u0ca8\u0cbf\u0ca8\u0c97\u0cc6 \u0cb5\u0cbf\u0cb0\u0ccb\u0ca7\u0cb5\u0cbe\u0c97\u0cbf \u0c9c\u0caf\u0cb9\u0cca\u0c82\u0ca6\u0cbf\u0ca6\u0ccd\u0ca6\u0cbe\u0cb0\u0cc6; \u0ca8\u0cbf\u0ca8\u0ccd\u0ca8 \u0cb0\u0cca\u0c9f\u0ccd\u0c9f\u0cbf\u0caf\u0ca8\u0ccd\u0ca8\u0cc1 \u0ca4\u0cbf\u0ca8\u0ccd\u0ca8\u0cc1\u0cb5\u0cb0\u0cc1 \u0ca8\u0cbf\u0ca8\u0ccd\u0ca8 \u0c95\u0cc6\u0cb3\u0c97\u0cc6 \u0cac\u0ccb\u0ca8\u0cc1 \u0c87\u0c9f\u0ccd\u0c9f\u0cbf\u0ca6\u0ccd\u0ca6\u0cbe\u0cb0\u0cc6; \u0c85\u0cb5\u0ca8\u0cb2\u0ccd\u0cb2\u0cbf \u0cb5\u0cbf\u0cb5\u0cc7\u0c95\u0cb5\u0cc7\u0ca8\u0cc2 \u0c87\u0cb2\u0ccd\u0cb2."},{"Verseid":"30000007","Verse":"\u0c95\u0cb0\u0ccd\u0ca4\u0ca8\u0cc1 \u0c85\u0ca8\u0ccd\u0ca8\u0cc1\u0cb5\u0ca6\u0cc7\u0ca8\u0c82\u0ca6\u0cb0\u0cc6--\u0ca8\u0cbe\u0ca8\u0cc1 \u0c86 \u0ca6\u0cbf\u0ca8\u0ca6\u0cb2\u0ccd\u0cb2\u0cbf \u0c8e\u0ca6\u0ccb\u0cae\u0cbf \u0ca8\u0cca\u0cb3\u0c97\u0cbf\u0c82\u0ca6 \u0c9c\u0ccd\u0c9e\u0cbe\u0ca8\u0cbf\u0c97\u0cb3\u0ca8\u0ccd\u0ca8\u0cc2 \u0c8f\u0cb8\u0cbe\u0cb5\u0ca8 \u0cac\u0cc6\u0c9f\u0ccd\u0c9f\u0ca6\u0cca\u0cb3\u0c97\u0cbf\u0c82\u0ca6 \u0cb5\u0cbf\u0cb5\u0cc7\u0c95\u0cb5\u0ca8\u0ccd\u0ca8\u0cc2 \u0ca8\u0cbe\u0cb6\u0cae\u0cbe\u0ca1\u0ca6\u0cbf\u0cb0\u0cc1\u0cb5\u0cc6\u0ca8\u0ccb?"},{"Verseid":"30000008","Verse":"\u0cb8\u0cb0\u0ccd\u0cb5\u0cb0\u0cc1 \u0cb8\u0c82\u0cb9\u0cbe\u0cb0\u0ca6\u0cbf\u0c82\u0ca6 \u0c8f\u0cb8\u0cbe\u0cb5\u0ca8 \u0cac\u0cc6\u0c9f\u0ccd\u0c9f\u0ca6\u0cca\u0cb3\u0c97\u0cbf\u0c82\u0ca6 \u0ca8\u0cbe\u0cb6 \u0cb5\u0cbe\u0c97\u0cc1\u0cb5 \u0cb9\u0cbe\u0c97\u0cc6 \u0c93 \u0ca4\u0cc7\u0cae\u0cbe\u0ca8\u0cc7, \u0ca8\u0cbf\u0ca8\u0ccd\u0ca8 \u0caa\u0cb0\u0cbe\u0c95\u0ccd\u0cb0\u0cae \u0cb6\u0cbe\u0cb2\u0cbf\u0c97\u0cb3\u0cc1 \u0c97\u0cbe\u0cac\u0cb0\u0cbf\u0caa\u0ca1\u0cc1\u0cb5\u0cb0\u0cc1."},{"Verseid":"30000009","Verse":"\u0ca8\u0cbf\u0ca8\u0ccd\u0ca8 \u0ca4\u0cae\u0ccd\u0cae\u0ca8\u0cbe\u0ca6 \u0caf\u0cbe\u0c95\u0ccb\u0cac\u0ca8\u0cbf\u0c97\u0cc6 \u0cb5\u0cbf\u0cb0\u0ccb\u0ca7\u0cb5\u0cbe\u0ca6 \u0ca8\u0cbf\u0ca8\u0ccd\u0ca8 \u0cac\u0cb2\u0cbe\u0ca4\u0ccd\u0c95\u0cbe\u0cb0\u0ca6 \u0ca8\u0cbf\u0cae\u0cbf\u0ca4\u0ccd\u0ca4 \u0ca8\u0cbe\u0c9a\u0cbf\u0c95\u0cc6\u0caf\u0cc1 \u0ca8\u0cbf\u0ca8\u0ccd\u0ca8\u0ca8\u0ccd\u0ca8\u0cc1 \u0cae\u0cc1\u0c9a\u0ccd\u0c9a\u0cc1 \u0cb5\u0ca6\u0cc1; \u0ca8\u0cc0\u0ca8\u0cc1 \u0c8e\u0c82\u0ca6\u0cc6\u0c82\u0ca6\u0cbf\u0c97\u0cc2 \u0c95\u0ca1\u0cbf\u0ca6\u0cc1\u0cb9\u0cbe\u0c95\u0cb2\u0ccd\u0caa\u0ca1\u0cc1\u0cb5\u0cbf."},{"Verseid":"30000010","Verse":"\u0ca8\u0cc0\u0ca8\u0cc1 \u0c86 \u0c95\u0ca1\u0cc6\u0caf\u0cb2\u0ccd\u0cb2\u0cbf \u0ca8\u0cbf\u0c82\u0ca4 \u0ca6\u0cbf\u0ca8\u0ca6\u0cb2\u0ccd\u0cb2\u0cbf \u0caa\u0cb0\u0cb0\u0cc1 \u0c85\u0cb5\u0ca8 \u0cb8\u0cc6\u0cb0\u0cc6\u0caf\u0cbe\u0c97\u0cbf \u0ca4\u0c95\u0ccd\u0c95\u0cca\u0c82\u0ca1\u0cc1\u0cb9\u0ccb\u0ca6 \u0ca6\u0cbf\u0ca8\u0ca6\u0cb2\u0ccd\u0cb2\u0cbf \u0c85\u0ca8\u0ccd\u0caf\u0cb0\u0cc1 \u0c85\u0cb5\u0ca8 \u0cac\u0cbe\u0c97\u0cb2\u0cc1\u0c97\u0cb3\u0cb2\u0ccd\u0cb2\u0cbf \u0caa\u0ccd\u0cb0\u0cb5\u0cc7\u0cb6\u0cbf\u0cb8\u0cbf \u0caf\u0cc6\u0cb0\u0cc2\u0cb8\u0cb2\u0cc7\u0cae\u0cbf\u0ca8 \u0cae\u0cc7\u0cb2\u0cc6 \u0c9a\u0cc0\u0c9f\u0cc1\u0c97\u0cb3\u0ca8\u0ccd\u0ca8\u0cc1 \u0cb9\u0cbe\u0c95\u0cbf\u0ca6\u0cbe\u0c97 \u0ca8\u0cc0\u0ca8\u0cc1 \u0cb8\u0cb9 \u0c85\u0cb5\u0cb0\u0cb2\u0ccd\u0cb2\u0cbf \u0c92\u0cac\u0ccd\u0cac\u0ca8 \u0cb9\u0cbe\u0c97\u0cbf\u0ca6\u0ccd\u0ca6\u0cbf."},{"Verseid":"30000011","Verse":"\u0c86\u0ca6\u0cb0\u0cc6 \u0ca8\u0cbf\u0ca8\u0ccd\u0ca8 \u0cb8\u0cb9\u0ccb\u0ca6\u0cb0\u0ca8 \u0ca6\u0cbf\u0ca8\u0ca6\u0cb2\u0ccd\u0cb2\u0cbf \u0c85\u0cb5\u0ca8\u0cc1 \u0c85\u0ca8\u0ccd\u0caf\u0ca8\u0cbe\u0ca6 \u0ca6\u0cbf\u0ca8\u0ca6\u0cb2\u0ccd\u0cb2\u0cbf \u0ca8\u0cc0\u0ca8\u0cc1 \u0ca8\u0ccb\u0ca1\u0cac\u0cbe\u0cb0 \u0ca6\u0cbe\u0c97\u0cbf\u0ca4\u0ccd\u0ca4\u0cc1; \u0caf\u0cc6\u0cb9\u0cc2\u0ca6\u0ca8 \u0cae\u0c95\u0ccd\u0c95\u0cb3 \u0cae\u0cc7\u0cb2\u0cc6 \u0c85\u0cb5\u0cb0 \u0ca8\u0cbe\u0cb6\u0ca8\u0ca6 \u0ca6\u0cbf\u0cb5\u0cb8\u0ca6\u0cb2\u0ccd\u0cb2\u0cbf \u0cb8\u0c82\u0ca4\u0ccb\u0cb7\u0cbf\u0cb8\u0cac\u0cbe\u0cb0\u0ca6\u0cbe\u0c97\u0cbf\u0ca4\u0ccd\u0ca4\u0cc1; \u0c95\u0cb7\u0ccd\u0c9f\u0ca6 \u0ca6\u0cbf\u0ca8\u0ca6\u0cb2\u0ccd\u0cb2\u0cbf \u0c85\u0cb9\u0c82\u0c95\u0cbe\u0cb0\u0cb5\u0cbe\u0c97\u0cbf \u0cae\u0cbe\u0ca4\u0ca8\u0cbe\u0ca1\u0cac\u0cbe\u0cb0\u0ca6\u0cbe\u0c97\u0cbf\u0ca4\u0ccd\u0ca4\u0cc1;"},{"Verseid":"30000012","Verse":"\u0ca8\u0ca8\u0ccd\u0ca8 \u0c9c\u0ca8\u0cb0 \u0cac\u0cbe\u0c97\u0cb2\u0cca\u0cb3\u0c97\u0cc6 \u0c85\u0cb5\u0cb0 \u0c86\u0caa\u0ca4\u0ccd\u0ca4\u0cbf\u0ca8 \u0ca6\u0cbf\u0ca8\u0ca6\u0cb2\u0ccd\u0cb2\u0cbf \u0caa\u0ccd\u0cb0\u0cb5\u0cc7\u0cb6\u0cbf\u0cb8\u0cac\u0cbe\u0cb0\u0ca6\u0cbe\u0c97\u0cbf\u0ca4\u0ccd\u0ca4\u0cc1; \u0cb9\u0ccc\u0ca6\u0cc1, \u0ca8\u0cc0\u0ca8\u0cc1 \u0c85\u0cb5\u0cb0 \u0c86\u0caa\u0ca4\u0ccd\u0ca4\u0cbf\u0ca8 \u0ca6\u0cbf\u0ca8\u0ca6\u0cb2\u0ccd\u0cb2\u0cbf \u0c85\u0cb5\u0cb0 \u0c95\u0cc7\u0ca1\u0ca8\u0ccd\u0ca8\u0cc1 \u0ca8\u0ccb\u0ca1\u0cac\u0cbe\u0cb0 \u0ca6\u0cbe\u0c97\u0cbf\u0ca4\u0ccd\u0ca4\u0cc1; \u0c85\u0cb5\u0cb0 \u0c86\u0caa\u0ca4\u0ccd\u0ca4\u0cbf\u0ca8 \u0ca6\u0cbf\u0ca8\u0ca6\u0cb2\u0ccd\u0cb2\u0cbf \u0c85\u0cb5\u0cb0 \u0c86\u0cb8\u0ccd\u0ca4\u0cbf\u0caf \u0cae\u0cc7\u0cb2\u0cc6 \u0c95\u0cc8\u0cb9\u0cbe\u0c95\u0cac\u0cbe\u0cb0\u0ca6\u0cbe\u0c97\u0cbf\u0ca4\u0ccd\u0ca4\u0cc1;"},{"Verseid":"30000013","Verse":"\u0c85\u0cb5\u0ca8\u0cb2\u0ccd\u0cb2\u0cbf \u0c93\u0ca1\u0cbf \u0cb9\u0ccb\u0ca6\u0cb5\u0cb0\u0ca8\u0ccd\u0ca8\u0cc1 \u0c95\u0ca1\u0cbf\u0ca6\u0cc1\u0cac\u0cbf\u0ca1\u0cc1\u0cb5\u0ca6\u0c95\u0ccd\u0c95\u0cc6 \u0ca8\u0cc0\u0ca8\u0cc1 \u0c95\u0cc2\u0ca1\u0cc1\u0cb5 \u0ca6\u0cbe\u0cb0\u0cbf\u0caf\u0cb2\u0ccd\u0cb2\u0cbf \u0ca8\u0cbf\u0cb2\u0ccd\u0cb2\u0cac\u0cbe\u0cb0\u0ca6\u0cbe\u0c97\u0cbf\u0ca4\u0ccd\u0ca4\u0cc1; \u0c95\u0cb7\u0ccd\u0c9f\u0ca6 \u0ca6\u0cbf\u0ca8\u0ca6\u0cb2\u0ccd\u0cb2\u0cbf \u0c85\u0cb5\u0ca8\u0cb2\u0ccd\u0cb2\u0cbf \u0c89\u0cb3\u0cbf\u0ca6\u0cc1\u0c95\u0cca\u0c82\u0ca1\u0cb5\u0cb0\u0ca8\u0ccd\u0ca8\u0cc1 \u0c92\u0caa\u0ccd\u0caa\u0cbf\u0cb8\u0cac\u0cbe\u0cb0\u0ca6\u0cbe\u0c97\u0cbf\u0ca4\u0ccd\u0ca4\u0cc1."},{"Verseid":"30000014","Verse":"\u0c95\u0cb0\u0ccd\u0ca4\u0ca8 \u0ca6\u0cbf\u0ca8\u0cb5\u0cc1 \u0c8e\u0cb2\u0ccd\u0cb2\u0cbe \u0c9c\u0ca8\u0cbe\u0c82\u0c97\u0c97\u0cb3 \u0cae\u0cc7\u0cb2\u0cc6 \u0cb8\u0cb5\u0cbf\u0cbe\u0caa\u0cb5\u0cbe\u0c97\u0cbf\u0ca6\u0cc6; \u0ca8\u0cc0\u0ca8\u0cc1 \u0cae\u0cbe\u0ca1\u0cbf\u0ca6 \u0cb9\u0cbe\u0c97\u0cc6\u0caf\u0cc7 \u0ca8\u0cbf\u0ca8\u0c97\u0cc6 \u0cae\u0cbe\u0ca1\u0cb2\u0ccd\u0caa\u0ca1\u0cc1\u0cb5\u0ca6\u0cc1; \u0ca8\u0cbf\u0ca8\u0ccd\u0ca8 \u0caa\u0ccd\u0cb0\u0ca4\u0cbf\u0cab\u0cb2\u0cb5\u0cc1 \u0ca8\u0cbf\u0ca8\u0ccd\u0ca8 \u0ca4\u0cb2\u0cc6\u0caf \u0cae\u0cc7\u0cb2\u0cc6 \u0ca4\u0cbf\u0cb0\u0cc1\u0c97\u0cc1\u0cb5\u0ca6\u0cc1."},{"Verseid":"30000015","Verse":"\u0ca8\u0cc0\u0cb5\u0cc1 \u0ca8\u0ca8\u0ccd\u0ca8 \u0caa\u0cb0\u0cbf\u0cb6\u0cc1\u0ca6\u0ccd\u0ca7 \u0caa\u0cb0\u0ccd\u0cb5\u0ca4\u0ca6 \u0cae\u0cc7\u0cb2\u0cc6 \u0c95\u0cc1\u0ca1\u0cbf\u0ca6 \u0cb9\u0cbe\u0c97\u0cc6\u0caf\u0cc7 \u0c9c\u0ca8\u0cbe\u0c82\u0c97\u0c97\u0cb3\u0cc6\u0cb2\u0ccd\u0cb2\u0cbe \u0ca8\u0cbf\u0ca4\u0ccd\u0caf\u0cb5\u0cbe\u0c97\u0cbf \u0c95\u0cc1\u0ca1\u0cbf\u0caf\u0cc1\u0cb5\u0cb5\u0cc1; \u0cb9\u0ccc\u0ca6\u0cc1, \u0c95\u0cc1\u0ca1\u0cbf\u0ca6\u0cc1 \u0ca8\u0cc1\u0c82\u0c97\u0cbf\u0cac\u0cbf\u0ca1\u0cc1\u0cb5\u0cb5\u0cc1; \u0c87\u0cb2\u0ccd\u0cb2\u0ca6\u0cc6 \u0c87\u0ca6\u0ccd\u0ca6\u0cb5\u0cb0 \u0cb9\u0cbe\u0c97\u0cc6\u0caf\u0cc7 \u0c87\u0cb0\u0cc1\u0cb5\u0cb5\u0cc1."},{"Verseid":"30000016","Verse":"\u0c86\u0ca6\u0cb0\u0cc6 \u0c9a\u0cc0\u0caf\u0ccb\u0ca8\u0ccd\u200c \u0caa\u0cb0\u0ccd\u0cb5\u0ca4\u0ca6\u0cb2\u0ccd\u0cb2\u0cbf \u0cac\u0cbf\u0ca1\u0cc1\u0c97\u0ca1\u0cc6 \u0c87\u0cb0\u0cc1\u0cb5\u0ca6\u0cc1, \u0c85\u0ca6\u0cc1 \u0caa\u0cb0\u0cbf\u0cb6\u0cc1\u0ca6\u0ccd\u0ca7 \u0cb5\u0cbe\u0c97\u0cbf\u0cb0\u0cc1\u0cb5\u0ca6\u0cc1; \u0caf\u0cbe\u0c95\u0ccb\u0cac\u0cbf\u0ca8 \u0cae\u0ca8\u0cc6\u0ca4\u0ca8\u0ca6\u0cb5\u0cb0\u0cc1 \u0ca4\u0cae\u0ccd\u0cae \u0cb8\u0ccd\u0cb5\u0cbe\u0cb8\u0ccd\u0ca4\u0ccd\u0caf\u0c97\u0cb3\u0ca8\u0ccd\u0ca8\u0cc1 \u0cb8\u0ccd\u0cb5\u0ca4\u0c82\u0ca4\u0ccd\u0cb0\u0cbf\u0cb8\u0cbf\u0c95\u0cca\u0cb3\u0ccd\u0cb3\u0cc1\u0cb5\u0cb0\u0cc1."},{"Verseid":"30000017","Verse":"\u0c87\u0ca6\u0cb2\u0ccd\u0cb2\u0ca6\u0cc6 \u0caf\u0cbe\u0c95\u0ccb\u0cac\u0cbf\u0ca8 \u0cae\u0ca8\u0cc6\u0ca4\u0ca8\u0ca6\u0cb5\u0cb0\u0cc1 \u0cac\u0cc6\u0c82\u0c95\u0cbf\u0caf\u0cbe\u0c97\u0cbf\u0caf\u0cc2 \u0caf\u0ccb\u0cb8\u0cc7\u0cab\u0ca8 \u0cae\u0ca8\u0cc6\u0ca4\u0ca8\u0ca6\u0cb5\u0cb0\u0cc1 \u0c9c\u0ccd\u0cb5\u0cbe\u0cb2\u0cc6\u0caf\u0cbe\u0c97\u0cbf\u0caf\u0cc2 \u0c87\u0cb0\u0cc1\u0cb5\u0cb0\u0cc1; \u0c8f\u0cb8\u0cbe\u0cb5\u0ca8 \u0cae\u0ca8\u0cc6\u0ca4\u0ca8\u0ca6\u0cb5\u0cb0\u0cc1 \u0c95\u0cc2\u0cb3\u0cc6\u0caf\u0cbe\u0c97\u0cc1 \u0cb5\u0cb0\u0cc1. \u0c85\u0cb5\u0cb0\u0cc1 \u0cb9\u0cca\u0ca4\u0ccd\u0ca4\u0cbf\u0cb8\u0cbf \u0c87\u0cb5\u0cb0\u0ca8\u0ccd\u0ca8\u0cc1 \u0ca4\u0cbf\u0c82\u0ca6\u0cc1\u0cac\u0cbf\u0ca1\u0cc1\u0cb5\u0cb0\u0cc1; \u0c8f\u0cb8\u0cbe\u0cb5\u0ca8 \u0cae\u0ca8\u0cc6\u0ca4\u0ca8\u0ca6\u0cb5\u0cb0\u0cbf\u0c97\u0cc6 \u0caf\u0cbe\u0cb0\u0cc2 \u0c89\u0cb3\u0cbf\u0caf\u0cb0\u0cc1; \u0c95\u0cb0\u0ccd\u0ca4\u0ca8\u0cc7 \u0c85\u0ca6\u0ca8\u0ccd\u0ca8\u0cc1 \u0ca8\u0cc1\u0ca1\u0cbf\u0ca6\u0cbf\u0ca6\u0ccd\u0ca6\u0cbe\u0ca8\u0cc6."},{"Verseid":"30000018","Verse":"\u0ca6\u0c95\u0ccd\u0cb7\u0cbf\u0ca3\u0ca6\u0cb5\u0cb0\u0cc1 \u0c8f\u0cb8\u0cbe\u0cb5\u0ca8 \u0cac\u0cc6\u0c9f\u0ccd\u0c9f\u0cb5\u0ca8\u0ccd\u0ca8\u0cc2 \u0cac\u0cc8\u0cb2\u0cbf\u0ca8\u0cb5\u0cb0\u0cc1 \u0cab\u0cbf\u0cb2\u0cbf\u0cb7\u0ccd\u0c9f\u0cbf\u0caf\u0cb0\u0ca8\u0ccd\u0ca8\u0cc2 \u0cb8\u0ccd\u0cb5\u0ca4\u0c82\u0ca4\u0ccd\u0cb0\u0cbf\u0cb8\u0cbf\u0c95\u0cca\u0cb3\u0ccd\u0cb3\u0cc1\u0cb5\u0cb0\u0cc1; \u0c8e\u0cab\u0ccd\u0cb0\u0cbe\u0caf\u0cbe\u0cae\u0cbf\u0ca8 \u0cb9\u0cca\u0cb2 \u0c97\u0cb3\u0ca8\u0ccd\u0ca8\u0cc1 \u0cb8\u0cae\u0cbe\u0cb0\u0ccd\u0caf\u0ca6 \u0cb9\u0cca\u0cb2\u0c97\u0cb3\u0ca8\u0ccd\u0ca8\u0cc1 \u0cb8\u0cb9 \u0cb8\u0ccd\u0cb5\u0cbe\u0ca7\u0cc0\u0ca8 \u0cae\u0cbe\u0ca1\u0cbf\u0c95\u0cca\u0cb3\u0ccd\u0cb3\u0cc1\u0cb5\u0cb0\u0cc1 \u0cae\u0ca4\u0ccd\u0ca4\u0cc1 \u0cac\u0cc6\u0ca8\u0ccd\u0caf\u0cbe\u0cb5\u0cbf\u0cbe\u0ca8\u0ca8\u0cc1 \u0c97\u0cbf\u0cb2\u0ccd\u0caf\u0cbe\u0ca6\u0ca8\u0ccd\u0ca8\u0cc1 \u0cb8\u0ccd\u0cb5\u0ca4\u0c82\u0ca4\u0ccd\u0cb0\u0cbf\u0cb8\u0cbf\u0c95\u0cca\u0cb3\u0ccd\u0cb3\u0cc1\u0cb5\u0ca8\u0cc1."},{"Verseid":"30000019","Verse":"\u0c87\u0ca6\u0cb2\u0ccd\u0cb2\u0ca6\u0cc6 \u0c9a\u0cbe\u0cb0\u0cc6\u0caa\u0ca4\u0cbf\u0ca8 \u0cb5\u0cb0\u0cc6\u0c97\u0cc2 \u0c95\u0cbe\u0ca8\u0cbe\u0ca8\u0ccd\u0caf\u0cb0\u0cb2\u0ccd\u0cb2\u0cbf\u0cb0\u0cc1\u0cb5 \u0c87\u0cb8\u0ccd\u0cb0\u0cbe\u0caf\u0cc7\u0cb2\u0ca8 \u0cae\u0c95\u0ccd\u0c95\u0cb3 \u0c88 \u0cb8\u0cc8\u0ca8\u0ccd\u0caf\u0ca6 \u0cb8\u0cc6\u0cb0\u0cc6\u0caf\u0cb5\u0cb0\u0cc1 \u0cb8\u0cc6\u0cab\u0cb0\u0cbe\u0ca6\u0cbf\u0ca8\u0cb2\u0ccd\u0cb2\u0cbf\u0cb0\u0cc1\u0cb5 \u0caf\u0cc6\u0cb0\u0cc2 \u0cb8\u0cb2\u0cc7\u0cae\u0cbf\u0ca8 \u0cb8\u0cc6\u0cb0\u0cc6\u0caf\u0cb5\u0cb0\u0cc1 \u0ca6\u0c95\u0ccd\u0cb7\u0cbf\u0ca3\u0ca6 \u0caa\u0c9f\u0ccd\u0c9f\u0ca3\u0c97\u0cb3\u0ca8\u0ccd\u0ca8\u0cc1 \u0cb8\u0ccd\u0cb5\u0cbe\u0ca7\u0cc0 \u0ca8\u0cae\u0cbe\u0ca1\u0cbf\u0c95\u0cca\u0cb3\u0ccd\u0cb3\u0cc1\u0cb5\u0cb0\u0cc1."},{"Verseid":"30000020","Verse":"\u0c87\u0ca6\u0cb2\u0ccd\u0cb2\u0ca6\u0cc6 \u0c9a\u0cc0\u0caf\u0ccb\u0ca8\u0ccd\u200c \u0caa\u0cb0\u0ccd\u0cb5\u0ca4\u0ca6\u0cb2\u0ccd\u0cb2\u0cbf \u0cb0\u0c95\u0ccd\u0cb7\u0c95\u0cb0\u0cc1 \u0c8f\u0cb8\u0cbe\u0cb5\u0cbf\u0ca8 \u0cac\u0cc6\u0c9f\u0ccd\u0c9f\u0c95\u0ccd\u0c95\u0cc6 \u0ca8\u0ccd\u0caf\u0cbe\u0caf \u0ca4\u0cc0\u0cb0\u0cbf\u0cb8\u0cc1\u0cb5\u0ca6\u0c95\u0ccd\u0c95\u0ccb\u0cb8\u0ccd\u0c95\u0cb0 \u0c8f\u0cb3\u0cc1\u0cb5\u0cb0\u0cc1; \u0c86\u0c97 \u0cb0\u0cbe\u0c9c\u0ccd\u0caf\u0cb5\u0cc1 \u0c95\u0cb0\u0ccd\u0ca4\u0ca8\u0ca6\u0cbe\u0c97\u0cbf\u0cb0\u0cc1\u0cb5\u0ca6\u0cc1."}]}]}