{"Chapter":[{"Verse":[{"Verseid":"31000000","Verse":"\u0c95\u0cb0\u0ccd\u0ca4\u0ca8 \u0cb5\u0cbe\u0c95\u0ccd\u0caf\u0cb5\u0cc1 \u0c85\u0cae\u0cbf\u0ca4\u0ccd\u0ca4\u0cc8\u0caf\u0ca8 \u0cae\u0c97\u0ca8\u0cbe\u0ca6 \u0caf\u0ccb\u0ca8\u0ca8\u0cbf\u0c97\u0cc6 \u0c89\u0c82\u0c9f\u0cbe\u0caf\u0cbf\u0ca4\u0cc1."},{"Verseid":"31000001","Verse":"\u0cb9\u0cc7\u0c97\u0c82\u0ca6\u0cb0\u0cc6--\u0c8e\u0ca6\u0ccd\u0ca6\u0cc1 \u0c86 \u0ca6\u0cca\u0ca1\u0ccd\u0ca1 \u0caa\u0c9f\u0ccd\u0c9f\u0ca3\u0cb5\u0cbe\u0ca6 \u0ca8\u0cbf\u0ca8\u0cc6\u0cb5\u0cc6\u0c97\u0cc6 \u0cb9\u0ccb\u0c97\u0cbf \u0c85\u0ca6\u0c95\u0ccd\u0c95\u0cc6 \u0cb5\u0cbf\u0cb0\u0ccb\u0ca7\u0cb5\u0cbe\u0c97\u0cbf \u0c95\u0cc2\u0c97\u0cc1; \u0c85\u0cb5\u0cb0 \u0c95\u0cc6\u0c9f\u0ccd\u0c9f\u0ca4\u0ca8\u0cb5\u0cc1 \u0ca8\u0ca8\u0ccd\u0ca8 \u0cb8\u0ca8\u0ccd\u0ca8\u0cbf\u0ca7\u0cbf\u0c97\u0cc6 \u0cae\u0cc1\u0c9f\u0ccd\u0c9f\u0cbf\u0ca6\u0cc6 \u0c8e\u0c82\u0cac\u0ca6\u0cc1."},{"Verseid":"31000002","Verse":"\u0c86\u0ca6\u0cb0\u0cc6 \u0caf\u0ccb\u0ca8\u0ca8\u0cc1 \u0c95\u0cb0\u0ccd\u0ca4\u0ca8 \u0cb8\u0cae\u0ccd\u0cae\u0cc1\u0c96\u0ca6\u0cbf\u0c82\u0ca6 \u0ca4\u0cbe\u0cb0\u0ccd\u0cb7\u0cc0\u0cb7\u0cbf\u0c97\u0cc6 \u0c93\u0ca1\u0cbf \u0cb9\u0ccb\u0c97\u0cc1\u0cb5\u0ca6\u0c95\u0ccd\u0c95\u0cc6 \u0c8e\u0ca6\u0ccd\u0ca6\u0cc1 \u0caf\u0cca\u0caa\u0ccd\u0caa\u0c95\u0ccd\u0c95\u0cc6 \u0c87\u0cb3\u0cbf\u0ca6\u0cc1 \u0ca4\u0cbe\u0cb0\u0ccd\u0cb7\u0cc0\u0cb7\u0cbf\u0c97\u0cc6 \u0cb9\u0ccb\u0c97\u0cc1\u0cb5 \u0cb9\u0ca1\u0c97\u0ca8\u0ccd\u0ca8\u0cc1 \u0c95\u0c82\u0ca1\u0cc1 \u0c85\u0ca6\u0cb0 \u0caa\u0ccd\u0cb0\u0caf\u0cbe\u0ca3\u0ca6 \u0ca4\u0cc6\u0cb0\u0cb5\u0ca8\u0ccd\u0ca8\u0cc1 \u0c95\u0cca\u0c9f\u0ccd\u0c9f\u0cc1 \u0c95\u0cb0\u0ccd\u0ca4\u0ca8 \u0cb8\u0cae\u0ccd\u0cae\u0cc1\u0c96\u0ca6\u0cbf\u0c82\u0ca6 \u0c85\u0cb5\u0cb0 \u0cb8\u0c82\u0c97\u0ca1 \u0ca4\u0cbe\u0cb0\u0ccd\u0cb7\u0cbf\u0cb7\u0cbf\u0c97\u0cc6 \u0cb9\u0ccb\u0c97\u0cc1\u0cb5\u0ca6\u0c95\u0ccd\u0c95\u0cc6 \u0c85\u0ca6\u0ca8\u0ccd\u0ca8\u0cc1 \u0cb9\u0ca4\u0ccd\u0ca4\u0cbf\u0ca6\u0ca8\u0cc1."},{"Verseid":"31000003","Verse":"\u0c86\u0ca6\u0cb0\u0cc6 \u0c95\u0cb0\u0ccd\u0ca4\u0ca8\u0cc1 \u0ca6\u0cca\u0ca1\u0ccd\u0ca1 \u0c97\u0cbe\u0cb3\u0cbf\u0caf\u0ca8\u0ccd\u0ca8\u0cc1 \u0cb8\u0cae\u0cc1\u0ca6\u0ccd\u0cb0\u0ca6 \u0cae\u0cc7\u0cb2\u0cc6 \u0c95\u0cb3\u0cc1\u0cb9\u0cbf\u0cb8\u0cbf\u0ca6\u0ca8\u0cc1; \u0cb8\u0cae\u0cc1\u0ca6\u0ccd\u0cb0\u0ca6\u0cb2\u0ccd\u0cb2\u0cbf \u0cae\u0cb9\u0cbe\u0cac\u0cbf\u0cb0\u0cc1\u0c97\u0cbe\u0cb3\u0cbf \u0c89\u0c82\u0c9f\u0cbe\u0c97\u0cbf \u0cb9\u0ca1\u0c97\u0cc1 \u0c92\u0ca1\u0cc6\u0caf\u0cc1\u0cb5 \u0ca6\u0c95\u0ccd\u0c95\u0cbf\u0ca4\u0ccd\u0ca4\u0cc1."},{"Verseid":"31000004","Verse":"\u0c86\u0c97 \u0cb9\u0ca1\u0c97\u0cbf\u0ca8\u0cb5\u0cb0\u0cc1 \u0cad\u0caf\u0caa\u0c9f\u0ccd\u0c9f\u0cc1 \u0c92\u0cac\u0ccd\u0cac\u0cca\u0cac\u0ccd\u0cac\u0ca8\u0cc1 \u0ca4\u0ca8\u0ccd\u0ca8 \u0ca4\u0ca8\u0ccd\u0ca8 \u0ca6\u0cc7\u0cb5\u0cb0\u0cbf\u0c97\u0cc6 \u0c95\u0cc2\u0c97\u0cbf \u0cb9\u0ca1\u0c97\u0ca8\u0ccd\u0ca8\u0cc1 \u0cb9\u0c97\u0cc1\u0cb0 \u0cae\u0cbe\u0ca1\u0cc1\u0cb5 \u0cb9\u0cbe\u0c97\u0cc6 \u0c85\u0ca6\u0cb0\u0cb2\u0ccd\u0cb2\u0cbf\u0ca6\u0ccd\u0ca6 \u0cb8\u0cbe\u0cae\u0cbe\u0ca8\u0cc1\u0c97\u0cb3\u0ca8\u0ccd\u0ca8\u0cc1 \u0cb8\u0cae\u0cc1\u0ca6\u0ccd\u0cb0\u0ca6\u0cb2\u0ccd\u0cb2\u0cbf \u0cb9\u0cbe\u0c95\u0cbf\u0cac\u0cbf\u0c9f\u0ccd\u0c9f\u0cb0\u0cc1; \u0c86\u0ca6\u0cb0\u0cc6 \u0caf\u0ccb\u0ca8\u0ca8\u0cc1 \u0cb9\u0ca1\u0c97\u0cbf\u0ca8 \u0c92\u0cb3\u0c97\u0cc6 \u0c87\u0cb3\u0cbf\u0ca6\u0cc1\u0cb9\u0ccb\u0c97\u0cbf \u0cae\u0cb2\u0c97\u0cbf\u0c95\u0cca\u0c82\u0ca1\u0cc1 \u0c97\u0cbe\u0ca2 \u0ca8\u0cbf\u0ca6\u0ccd\u0cb0\u0cc6\u0caf\u0cb2\u0ccd\u0cb2\u0cbf \u0ca6\u0ccd\u0ca6\u0ca8\u0cc1."},{"Verseid":"31000005","Verse":"\u0c86\u0c97 \u0cb9\u0ca1\u0c97\u0cbf\u0ca8 \u0caf\u0c9c\u0cae\u0cbe\u0ca8\u0ca8\u0cc1 \u0c85\u0cb5\u0ca8 \u0cac\u0cb3\u0cbf\u0c97\u0cc6 \u0cac\u0c82\u0ca6\u0cc1--\u0ca8\u0cbf\u0ca6\u0ccd\u0cb0\u0cc6\u0cae\u0cbe\u0ca1\u0cc1\u0cb5\u0cb5\u0ca8\u0cc7, \u0ca8\u0cbf\u0ca8\u0c97\u0cc6 \u0c8f\u0ca8\u0cbe\u0caf\u0cbf\u0ca4\u0cc1? \u0c8e\u0ca6\u0ccd\u0ca6\u0cc1 \u0ca8\u0cbf\u0ca8\u0ccd\u0ca8 \u0ca6\u0cc7\u0cb5\u0cb0\u0ca8\u0ccd\u0ca8\u0cc1 \u0c95\u0cc2\u0c97\u0cc1; \u0c92\u0c82\u0ca6\u0cc1 \u0cb5\u0cc7\u0cb3\u0cc6 \u0ca8\u0cbe\u0cb5\u0cc1 \u0ca8\u0cbe\u0cb6\u0cb5\u0cbe\u0c97\u0ca6 \u0cb9\u0cbe\u0c97\u0cc6 \u0ca6\u0cc7\u0cb5\u0cb0\u0cc1 \u0ca8\u0cae\u0ccd\u0cae\u0ca8\u0ccd\u0ca8\u0cc1 \u0c9c\u0ccd\u0c9e\u0cbe\u0caa\u0c95 \u0cae\u0cbe\u0ca1\u0ccd\u0caf\u0cbe\u0ca8\u0cc1 \u0c85\u0c82\u0ca6\u0ca8\u0cc1."},{"Verseid":"31000006","Verse":"\u0c87\u0ca6\u0cb2\u0ccd\u0cb2\u0ca6\u0cc6 \u0c85\u0cb5\u0cb0\u0cc1 \u0c92\u0cac\u0ccd\u0cac\u0cb0\u0cbf\u0c97\u0cca \u0cac\u0ccd\u0cac\u0cb0\u0cc1--\u0cac\u0ca8\u0ccd\u0ca8\u0cbf, \u0c9a\u0cc0\u0c9f\u0cc1\u0c97\u0cb3\u0ca8\u0ccd\u0ca8\u0cc1 \u0cb9\u0cbe\u0c95\u0ccb\u0ca3; \u0caf\u0cbe\u0cb5\u0ca8 \u0ca8\u0cbf\u0cae\u0cbf\u0ca4\u0ccd\u0ca4 \u0c88 \u0c95\u0cc7\u0ca1\u0cc1 \u0ca8\u0cae\u0c97\u0cc6 \u0cac\u0c82\u0ca4\u0ccb \u0ca4\u0cbf\u0cb3\u0cbf\u0caf\u0ccb\u0ca3 \u0c8e\u0c82\u0ca6\u0cc1 \u0cb9\u0cc7\u0cb3\u0cbf\u0c95\u0cca\u0c82\u0ca1\u0cb0\u0cc1. \u0cb9\u0cbe\u0c97\u0cc6\u0caf\u0cc7 \u0c85\u0cb5\u0cb0\u0cc1 \u0c9a\u0cc0\u0c9f\u0cc1 \u0c97\u0cb3\u0ca8\u0ccd\u0ca8\u0cc1 \u0cb9\u0cbe\u0c95\u0cbf\u0ca6\u0cbe\u0c97 \u0caf\u0ccb\u0ca8\u0ca8 \u0cae\u0cc7\u0cb2\u0cc6 \u0c9a\u0cc0\u0c9f\u0cc1 \u0cac\u0cbf\u0ca4\u0ccd\u0ca4\u0cc1."},{"Verseid":"31000007","Verse":"\u0c86\u0c97 \u0c85\u0cb5\u0cb0\u0cc1 \u0c85\u0cb5\u0ca8\u0cbf\u0c97\u0cc6--\u0caf\u0cbe\u0cb5\u0ca6\u0cb0 \u0ca8\u0cbf\u0cae\u0cbf\u0ca4\u0ccd\u0ca4 \u0c88 \u0c95\u0cc7\u0ca1\u0cc1 \u0ca8\u0cae\u0c97\u0cc6 \u0cac\u0c82\u0ca4\u0cc1, \u0ca8\u0cbf\u0ca8\u0ccd\u0ca8 \u0c95\u0cc6\u0cb2\u0cb8\u0cb5\u0cc7\u0ca8\u0cc1, \u0c8e\u0cb2\u0ccd\u0cb2\u0cbf\u0c82\u0ca6 \u0cac\u0c82\u0ca6\u0cbf,"},{"Verseid":"31000008","Verse":"\u0ca8\u0cbf\u0ca8\u0ccd\u0ca8 \u0ca6\u0cc7\u0cb6 \u0caf\u0cbe\u0cb5\u0ca6\u0cc1, \u0ca8\u0cc0\u0ca8\u0cc1 \u0caf\u0cbe\u0cb5 \u0c9c\u0ca8\u0cbe\u0c82\u0c97\u0ca6\u0cb5\u0ca8\u0cc1, \u0ca8\u0cae\u0c97\u0cc6 \u0ca4\u0cbf\u0cb3\u0cbf\u0cb8\u0cc1 \u0c85\u0c82\u0ca6\u0cb0\u0cc1. \u0c85\u0cb5\u0ca8\u0cc1 \u0c85\u0cb5\u0cb0\u0cbf\u0c97\u0cc6--\u0ca8\u0cbe\u0ca8\u0cc1 \u0c87\u0cac\u0ccd\u0cb0\u0cbf\u0caf\u0ca8\u0cc1; \u0cb8\u0cae\u0cc1\u0ca6\u0ccd\u0cb0\u0cb5\u0ca8\u0ccd\u0ca8\u0cc2 \u0c92\u0ca3\u0c97\u0cbf\u0ca6 \u0cad\u0cc2\u0cae\u0cbf\u0caf\u0ca8\u0ccd\u0ca8\u0cc2 \u0c89\u0c82\u0c9f\u0cc1\u0cae\u0cbe\u0ca1\u0cbf\u0ca6 \u0caa\u0cb0 \u0cb2\u0ccb\u0c95\u0ca6 \u0ca6\u0cc7\u0cb5\u0cb0\u0cbe\u0ca6 \u0c95\u0cb0\u0ccd\u0ca4\u0ca8\u0cbf\u0c97\u0cc6 \u0cad\u0caf\u0caa\u0ca1\u0cc1\u0cb5\u0cb5 \u0ca8\u0cbe\u0c97\u0cbf\u0ca6\u0ccd\u0ca6\u0cc7\u0ca8\u0cc6\u0c82\u0ca6\u0cc1 \u0cb9\u0cc7\u0cb3\u0cbf\u0ca6\u0ca8\u0cc1."},{"Verseid":"31000009","Verse":"\u0c86\u0c97 \u0c86 \u0cae\u0ca8\u0cc1\u0cb7\u0ccd\u0caf\u0cb0\u0cc1 \u0cac\u0cb9\u0cb3 \u0cad\u0caf\u0caa\u0c9f\u0ccd\u0c9f\u0cc1--\u0c87\u0ca6\u0ca8\u0ccd\u0ca8\u0cc1 \u0caf\u0cbe\u0c95\u0cc6 \u0cae\u0cbe\u0ca1\u0cbf\u0ca6\u0ccd\u0ca6\u0cc0 \u0c8e\u0c82\u0ca6\u0cc1 \u0c85\u0cb5\u0ca8\u0cbf\u0c97\u0cc6 \u0cb9\u0cc7\u0cb3\u0cbf\u0ca6\u0cb0\u0cc1, \u0c95\u0cb0\u0ccd\u0ca4\u0ca8 \u0cb8\u0cae\u0ccd\u0cae\u0cc1\u0c96\u0ca6\u0cbf\u0c82\u0ca6 \u0c93\u0ca1\u0cbf \u0cb9\u0ccb\u0c97\u0cc1\u0ca4\u0ccd\u0ca4\u0cbe\u0ca8\u0cc6\u0c82\u0ca6\u0cc1 \u0c86 \u0cae\u0ca8\u0cc1\u0cb7\u0ccd\u0caf\u0cb0\u0cbf\u0c97\u0cc6 \u0ca4\u0cbf\u0cb3\u0cbf\u0ca6\u0cbf\u0ca4\u0ccd\u0ca4\u0cc1; \u0c85\u0cb5\u0ca8\u0cc1 \u0c85\u0cb5\u0cb0\u0cbf\u0c97\u0cc6 \u0cb9\u0cc7\u0cb3\u0cbf\u0ca6\u0ccd\u0ca6\u0ca8\u0cc1."},{"Verseid":"31000010","Verse":"\u0c86\u0c97 \u0c85\u0cb5\u0cb0\u0cc1 \u0c85\u0cb5\u0ca8\u0cbf\u0c97\u0cc6--\u0cb8\u0cae\u0cc1\u0ca6\u0ccd\u0cb0\u0cb5\u0cc1 \u0ca8\u0cae\u0c97\u0cc6 \u0cb6\u0cbe\u0c82\u0ca4\u0cb5\u0cbe\u0c97\u0cc1\u0cb5 \u0cb9\u0cbe\u0c97\u0cc6 \u0ca8\u0cbf\u0ca8\u0c97\u0cc6 \u0c8f\u0ca8\u0cc1 \u0cae\u0cbe\u0ca1\u0cac\u0cc7\u0c95\u0cc1? \u0caf\u0cbe\u0c95\u0c82\u0ca6\u0cb0\u0cc6 \u0cb8\u0cae\u0cc1\u0ca6\u0ccd\u0cb0\u0cb5\u0cc1 \u0cb9\u0cc6\u0c9a\u0ccd\u0c9a\u0cbe\u0c97\u0cbf \u0c89\u0cac\u0ccd\u0cac\u0cc1\u0ca4\u0ccd\u0ca4\u0cbe \u0cac\u0cb0\u0cc1\u0ca4\u0ccd\u0ca4\u0cbf\u0ca6\u0cc6 \u0c85\u0c82\u0ca6\u0cb0\u0cc1."},{"Verseid":"31000011","Verse":"\u0c85\u0cb5\u0ca8\u0cc1 \u0c85\u0cb5 \u0cb0\u0cbf\u0c97\u0cc6--\u0ca8\u0ca8\u0ccd\u0ca8\u0ca8\u0ccd\u0ca8\u0cc1 \u0c8e\u0ca4\u0ccd\u0ca4\u0cbf \u0cb8\u0cae\u0cc1\u0ca6\u0ccd\u0cb0\u0ca6\u0cb2\u0ccd\u0cb2\u0cbf \u0cb9\u0cbe\u0c95\u0cbf\u0cb0\u0cbf, \u0c86\u0c97 \u0cb8\u0cae\u0cc1\u0ca6\u0ccd\u0cb0\u0cb5\u0cc1 \u0ca8\u0cbf\u0cae\u0c97\u0cc6 \u0cb6\u0cbe\u0c82\u0ca4\u0cb5\u0cbe\u0c97\u0cc1\u0cb5\u0ca6\u0cc1; \u0ca8\u0ca8\u0ccd\u0ca8 \u0ca8\u0cbf\u0cae\u0cbf\u0ca4\u0ccd\u0ca4 \u0c88 \u0ca6\u0cca\u0ca1\u0ccd\u0ca1 \u0cac\u0cbf\u0cb0\u0cc1\u0c97\u0cbe\u0cb3\u0cbf \u0ca8\u0cbf\u0cae\u0ccd\u0cae \u0cae\u0cc7\u0cb2\u0cc6 \u0cac\u0c82\u0ca4\u0cc6\u0c82\u0ca6\u0cc1 \u0cac\u0cb2\u0ccd\u0cb2\u0cc6\u0ca8\u0cc1 \u0c85\u0c82\u0ca6\u0ca8\u0cc1."},{"Verseid":"31000012","Verse":"\u0c86\u0ca6\u0cb0\u0cc2 \u0c86 \u0cae\u0ca8\u0cc1\u0cb7\u0ccd\u0caf\u0cb0\u0cc1 \u0ca6\u0ca1\u0c95\u0ccd\u0c95\u0cc6 \u0ca4\u0cbf\u0cb0\u0cc1\u0c97\u0cbf\u0c95\u0cca\u0cb3\u0ccd\u0cb3\u0cc1\u0cb5 \u0cb9\u0cbe\u0c97\u0cc6 \u0cac\u0cb2\u0cb5\u0cbe\u0c97\u0cbf \u0cb9\u0cc1\u0c9f\u0ccd\u0c9f\u0cc1 \u0cb9\u0cbe\u0c95\u0cbf\u0ca6\u0cb0\u0cc1; \u0c86\u0ca6\u0cb0\u0cc6 \u0c85\u0cb5\u0cb0\u0cbf\u0c82\u0ca6\u0cbe\u0c97\u0ca6\u0cc6 \u0cb9\u0ccb\u0caf\u0cbf\u0ca4\u0cc1. \u0cb8\u0cae\u0cc1\u0ca6\u0ccd\u0cb0\u0cb5\u0cc1 \u0c85\u0cb5\u0cb0\u0cbf\u0c97\u0cc6 \u0c8e\u0ca6\u0cc1\u0cb0\u0cbe\u0c97\u0cbf \u0cb9\u0cc6\u0c9a\u0ccd\u0c9a\u0cc6\u0c9a\u0ccd\u0c9a\u0cbe\u0c97\u0cbf \u0c89\u0cac\u0ccd\u0cac\u0cc1\u0ca4\u0ccd\u0ca4\u0cbe \u0cac\u0c82\u0ca4\u0cc1."},{"Verseid":"31000013","Verse":"\u0c86\u0ca6\u0ca6\u0cb0\u0cbf\u0c82\u0ca6 \u0c85\u0cb5\u0cb0\u0cc1 \u0c95\u0cb0\u0ccd\u0ca4\u0ca8\u0cbf\u0c97\u0cc6 \u0c95\u0cc2\u0c97\u0cbf \u0cb9\u0cc7\u0cb3\u0cbf\u0ca6\u0ccd\u0ca6\u0cc7\u0ca8\u0c82\u0ca6\u0cb0\u0cc6--\u0c93 \u0c95\u0cb0\u0ccd\u0ca4\u0ca8\u0cc7, \u0ca8\u0cbe\u0cb5\u0cc1 \u0c88 \u0cae\u0ca8\u0cc1\u0cb7\u0ccd\u0caf\u0ca8 \u0c9c\u0cc0\u0cb5\u0ca6 \u0ca8\u0cbf\u0cae\u0cbf\u0ca4\u0ccd\u0ca4 \u0ca8\u0cbe\u0cb6\u0cb5\u0cbe\u0c97\u0ca6\u0cbf\u0cb0\u0cb2\u0cbf; \u0c85\u0caa\u0cb0\u0cbe\u0ca7\u0cb5\u0cbf\u0cb2\u0ccd\u0cb2\u0ca6 \u0cb0\u0c95\u0ccd\u0ca4\u0cb5\u0ca8\u0ccd\u0ca8\u0cc1 \u0ca8\u0cae\u0ccd\u0cae \u0cae\u0cc7\u0cb2\u0cc6 \u0cb9\u0cca\u0cb0\u0cbf\u0cb8\u0cac\u0cc7\u0ca1; \u0c93 \u0c95\u0cb0\u0ccd\u0ca4\u0ca8\u0cc7, \u0ca8\u0cc0\u0ca8\u0cc1 \u0ca8\u0cbf\u0ca8\u0ccd\u0ca8 \u0c9a\u0cbf\u0ca4\u0ccd\u0ca4\u0c95\u0ccd\u0c95\u0cc6 \u0cac\u0c82\u0ca6 \u0cb9\u0cbe\u0c97\u0cc6 \u0cae\u0cbe\u0ca1\u0cbf\u0ca6\u0ccd\u0ca6\u0cc0 \u0c85\u0c82\u0ca6\u0cb0\u0cc1."},{"Verseid":"31000014","Verse":"\u0c86\u0c97 \u0c85\u0cb5\u0cb0\u0cc1 \u0caf\u0ccb\u0ca8\u0ca8\u0ca8\u0ccd\u0ca8\u0cc1 \u0c8e\u0ca4\u0ccd\u0ca4\u0cbf \u0cb8\u0cae\u0cc1\u0ca6\u0ccd\u0cb0\u0ca6\u0cb2\u0ccd\u0cb2\u0cbf \u0cb9\u0cbe\u0c95\u0cbf\u0ca6\u0cb0\u0cc1; \u0c86\u0c97 \u0cb8\u0cae\u0cc1\u0ca6\u0ccd\u0cb0\u0cb5\u0cc1 \u0ca4\u0ca8\u0ccd\u0ca8 \u0c89\u0c97\u0ccd\u0cb0\u0cb5\u0ca8\u0ccd\u0ca8\u0cc1 \u0ca8\u0cbf\u0cb2\u0ccd\u0cb2\u0cbf\u0cb8\u0cbf \u0cac\u0cbf\u0c9f\u0ccd\u0c9f\u0cbf\u0ca4\u0cc1."},{"Verseid":"31000015","Verse":"\u0c86 \u0cae\u0ca8\u0cc1\u0cb7\u0ccd\u0caf\u0cb0\u0cc1 \u0caf\u0cc6\u0cb9\u0ccb\u0cb5\u0ca8\u0cbf\u0c97\u0cc6 \u0cac\u0cb9\u0cb3 \u0cb5\u0cbe\u0c97\u0cbf \u0cad\u0caf\u0caa\u0c9f\u0ccd\u0c9f\u0cc1 \u0c95\u0cb0\u0ccd\u0ca4\u0ca8\u0cbf\u0c97\u0cc6 \u0cac\u0cb2\u0cbf \u0c85\u0cb0\u0ccd\u0caa\u0cbf\u0cb8\u0cbf \u0caa\u0ccd\u0cb0\u0cae\u0cbe\u0ca3 \u0c97\u0cb3\u0ca8\u0ccd\u0ca8\u0cc1 \u0cae\u0cbe\u0ca1\u0cbf\u0c95\u0cca\u0c82\u0ca1\u0cb0\u0cc1."},{"Verseid":"31000016","Verse":"\u0c86\u0ca6\u0cb0\u0cc6 \u0c95\u0cb0\u0ccd\u0ca4\u0ca8\u0cc1 \u0caf\u0ccb\u0ca8\u0ca8\u0ca8\u0ccd\u0ca8\u0cc1 \u0ca8\u0cc1\u0c82\u0c97\u0cc1\u0cb5 \u0cb9\u0cbe\u0c97\u0cc6 \u0ca6\u0cca\u0ca1\u0ccd\u0ca1 \u0cb5\u0cbf\u0cbe\u0ca8\u0ca8\u0ccd\u0ca8\u0cc1 \u0cb8\u0cbf\u0ca6\u0ccd\u0ca7\u0cae\u0cbe\u0ca1\u0cbf\u0ca6\u0ccd\u0ca6\u0ca8\u0cc1; \u0caf\u0ccb\u0ca8\u0ca8\u0cc1 \u0c86 \u0cb5\u0cbf\u0cbe\u0ca8\u0cbf\u0ca8 \u0cb9\u0cca\u0c9f\u0ccd\u0c9f\u0cc6\u0caf\u0cb2\u0ccd\u0cb2\u0cbf \u0cae\u0cc2\u0cb0\u0cc1 \u0cb9\u0c97\u0cb2\u0cc1 \u0cae\u0cc2\u0cb0\u0cc1 \u0cb0\u0cbe\u0ca4\u0ccd\u0cb0\u0cbf\u0caf\u0cc1 \u0c87\u0ca6\u0ccd\u0ca6\u0ca8\u0cc1."}]},{"Verse":[{"Verseid":"31001000","Verse":"\u0c86\u0c97 \u0caf\u0ccb\u0ca8\u0ca8\u0cc1 \u0cb5\u0cbf\u0cbe\u0ca8\u0cbf\u0ca8 \u0cb9\u0cca\u0c9f\u0ccd\u0c9f\u0cc6\u0caf\u0cca\u0cb3\u0c97\u0cbf\u0c82\u0ca6 \u0ca4\u0ca8\u0ccd\u0ca8 \u0ca6\u0cc7\u0cb5\u0cb0\u0cbe\u0ca6 \u0c95\u0cb0\u0ccd\u0ca4\u0ca8\u0cbf\u0c97\u0cc6 \u0caa\u0ccd\u0cb0\u0cbe\u0cb0\u0ccd\u0ca5\u0ca8\u0cc6 \u0cae\u0cbe\u0ca1\u0cbf \u0cb9\u0cc7\u0cb3\u0cbf\u0ca6\u0ccd\u0ca6\u0cc7\u0ca8\u0c82\u0ca6\u0cb0\u0cc6--"},{"Verseid":"31001001","Verse":"\u0ca8\u0cbe\u0ca8\u0cc1 \u0ca8\u0ca8\u0ccd\u0ca8 \u0cb5\u0ccd\u0caf\u0ca5\u0cc6\u0caf \u0ca6\u0cc6\u0cb8\u0cc6\u0caf\u0cbf\u0c82\u0ca6 \u0c95\u0cb0\u0ccd\u0ca4\u0ca8\u0cbf\u0c97\u0cc6 \u0cae\u0cca\u0cb0\u0cc6\u0caf\u0cbf\u0c9f\u0ccd\u0c9f\u0cc6\u0ca8\u0cc1; \u0c86\u0ca4\u0ca8\u0cc1 \u0ca8\u0ca8\u0ccd\u0ca8 \u0c95\u0cc2\u0c97\u0ca8\u0ccd\u0ca8\u0cc1 \u0c95\u0cc7\u0cb3\u0cbf\u0ca6\u0ca8\u0cc1; \u0ca8\u0cb0\u0c95\u0ca6 \u0cb9\u0cca\u0c9f\u0ccd\u0c9f\u0cc6 \u0caf\u0cca\u0cb3\u0c97\u0cbf\u0c82\u0ca6 \u0ca8\u0cbe\u0ca8\u0cc1 \u0c95\u0cc2\u0c97\u0cbf\u0ca6\u0cc6\u0ca8\u0cc1, \u0c86\u0c97 \u0ca8\u0ca8\u0ccd\u0ca8 \u0cb6\u0cac\u0ccd\u0ca6\u0cb5\u0ca8\u0ccd\u0ca8\u0cc1 \u0ca8\u0cc0\u0ca8\u0cc1 \u0c95\u0cc7\u0cb3\u0cbf\u0ca6\u0cbf."},{"Verseid":"31001002","Verse":"\u0ca8\u0ca8\u0ccd\u0ca8\u0ca8\u0ccd\u0ca8\u0cc1 \u0ca8\u0cc0\u0ca8\u0cc1 \u0c85\u0c97\u0cbe\u0ca7\u0ca6\u0cb2\u0ccd\u0cb2\u0cbf\u0caf\u0cc2 \u0cb8\u0cae\u0cc1\u0ca6\u0ccd\u0cb0\u0c97\u0cb3 \u0cae\u0ca7\u0ccd\u0caf\u0ca6\u0cb2\u0ccd\u0cb2\u0cbf\u0caf\u0cc2 \u0cb9\u0cbe\u0c95\u0cbf\u0ca6\u0cbf; \u0caa\u0ccd\u0cb0\u0cb5\u0cbe\u0cb9\u0c97\u0cb3\u0cc1 \u0ca8\u0ca8\u0ccd\u0ca8\u0ca8\u0ccd\u0ca8\u0cc1 \u0cb8\u0cc1\u0ca4\u0ccd\u0ca4\u0cbf\u0c95\u0cca\u0c82\u0ca1\u0cb5\u0cc1; \u0ca8\u0cbf\u0ca8\u0ccd\u0ca8 \u0c8e\u0cb2\u0ccd\u0cb2\u0cbe \u0c85\u0cb2\u0cc6\u0c97\u0cb3\u0cc2 \u0ca8\u0cbf\u0ca8\u0ccd\u0ca8 \u0ca4\u0cc6\u0cb0\u0cc6\u0c97\u0cb3\u0cc2 \u0ca8\u0ca8\u0ccd\u0ca8 \u0cae\u0cc7\u0cb2\u0cc6 \u0ca6\u0cbe\u0c9f\u0cbf\u0cb9\u0ccb\u0ca6\u0cb5\u0cc1."},{"Verseid":"31001003","Verse":"\u0c86\u0c97 \u0ca8\u0cbe\u0ca8\u0cc1 \u0cb9\u0cc7\u0cb3\u0cbf\u0ca6\u0ccd\u0ca6\u0cc1--\u0ca8\u0cbf\u0ca8\u0ccd\u0ca8 \u0c95\u0ca3\u0ccd\u0ca3\u0cc1\u0c97\u0cb3 \u0c8e\u0ca6\u0cc1\u0cb0\u0cbf\u0ca8\u0cbf\u0c82\u0ca6 \u0cb9\u0cca\u0cb0\u0c97\u0cc6 \u0cb9\u0cbe\u0c95\u0cb2\u0ccd\u0caa\u0c9f\u0ccd\u0c9f\u0cbf\u0ca6\u0ccd\u0ca6\u0cc7\u0ca8\u0cc6; \u0c86\u0ca6\u0cbe\u0c97\u0ccd\u0caf\u0cc2 \u0ca8\u0cbe\u0ca8\u0cc1 \u0ca8\u0cbf\u0ca8\u0ccd\u0ca8 \u0caa\u0cb0\u0cbf\u0cb6\u0cc1\u0ca6\u0ccd\u0ca7 \u0cae\u0c82\u0ca6\u0cbf\u0cb0\u0ca6 \u0c95\u0ca1\u0cc6\u0c97\u0cc6 \u0ca4\u0cbf\u0cb0\u0cc1\u0c97\u0cbf \u0ca8\u0ccb\u0ca1\u0cc1\u0cb5\u0cc6\u0ca8\u0cc1."},{"Verseid":"31001004","Verse":"\u0ca8\u0cc0\u0cb0\u0cc1 \u0c97\u0cb3\u0cc1 \u0caa\u0ccd\u0cb0\u0cbe\u0ca3\u0ca6 \u0cae\u0c9f\u0ccd\u0c9f\u0cbf\u0c97\u0cc2 \u0ca8\u0ca8\u0ccd\u0ca8\u0ca8\u0ccd\u0ca8\u0cc1 \u0cb8\u0cc1\u0ca4\u0ccd\u0ca4\u0cbf\u0c95\u0cca\u0c82\u0ca1\u0cb5\u0cc1; \u0c85\u0c97\u0cbe\u0ca7\u0cb5\u0cc1 \u0ca8\u0ca8\u0ccd\u0ca8\u0ca8\u0ccd\u0ca8\u0cc1 \u0cb8\u0cc1\u0ca4\u0ccd\u0ca4\u0cb2\u0cc2 \u0cae\u0cc1\u0c9a\u0ccd\u0c9a\u0cbf\u0c95\u0cca\u0c82\u0ca1\u0cbf\u0ca4\u0cc1; \u0c86\u0caa\u0cc1\u0c97\u0cb3\u0cc1 \u0ca8\u0ca8\u0ccd\u0ca8 \u0ca4\u0cb2\u0cc6\u0caf\u0ca8\u0ccd\u0ca8\u0cc1 \u0cb8\u0cc1\u0ca4\u0ccd\u0ca4\u0cbf\u0c95\u0cca\u0c82\u0ca1\u0cbf\u0ca6\u0ccd\u0ca6\u0cb5\u0cc1."},{"Verseid":"31001005","Verse":"\u0cac\u0cc6\u0c9f\u0ccd\u0c9f\u0c97\u0cb3 \u0cac\u0cc1\u0ca1\u0ca6 \u0ca4\u0ca8\u0c95 \u0c87\u0cb3\u0cbf\u0ca6\u0cc1 \u0cb9\u0ccb\u0ca6\u0cc6\u0ca8\u0cc1; \u0cad\u0cc2\u0cae\u0cbf\u0caf \u0c85\u0ca1\u0ccd\u0ca1\u0ca6\u0c82\u0ca1\u0cc6\u0c97\u0cb3\u0cc1 \u0ca8\u0cbf\u0ca4\u0ccd\u0caf\u0cb5\u0cbe\u0c97\u0cbf \u0ca8\u0ca8\u0ccd\u0ca8 \u0cb8\u0cc1\u0ca4\u0ccd\u0ca4\u0cb2\u0cbf \u0ca6\u0ccd\u0ca6\u0cb5\u0cc1; \u0c86\u0ca6\u0cbe\u0c97\u0ccd\u0caf\u0cc2 \u0c93 \u0ca6\u0cc7\u0cb5\u0cb0\u0cbe\u0ca6 \u0ca8\u0ca8\u0ccd\u0ca8 \u0c95\u0cb0\u0ccd\u0ca4\u0ca8\u0cc7, \u0ca8\u0cc0\u0ca8\u0cc1 \u0ca8\u0ca8\u0ccd\u0ca8 \u0caa\u0ccd\u0cb0\u0cbe\u0ca3\u0cb5\u0ca8\u0ccd\u0ca8\u0cc1 \u0ca8\u0cbe\u0cb6\u0ca8\u0ca6\u0cca\u0cb3\u0c97\u0cbf\u0c82\u0ca6 \u0c8e\u0cac\u0ccd\u0cac\u0cbf\u0cb8\u0cbf\u0ca6\u0ccd\u0ca6\u0cc0."},{"Verseid":"31001006","Verse":"\u0ca8\u0ca8\u0ccd\u0ca8 \u0caa\u0ccd\u0cb0\u0cbe\u0ca3\u0cb5\u0cc1 \u0ca8\u0ca8\u0ccd\u0ca8\u0cb2\u0ccd\u0cb2\u0cbf \u0c95\u0cc1\u0c82\u0ca6\u0cbf\u0cb9\u0ccb\u0ca6\u0cbe\u0c97 \u0c95\u0cb0\u0ccd\u0ca4\u0ca8\u0ca8\u0ccd\u0ca8\u0cc1 \u0c9c\u0ccd\u0c9e\u0cbe\u0caa\u0c95 \u0cae\u0cbe\u0ca1\u0cbf\u0c95\u0cca\u0c82\u0ca1\u0cc6\u0ca8\u0cc1; \u0ca8\u0ca8\u0ccd\u0ca8 \u0caa\u0ccd\u0cb0\u0cbe\u0cb0\u0ccd\u0ca5\u0ca8\u0cc6\u0caf\u0cc1 \u0ca8\u0cbf\u0ca8\u0ccd\u0ca8 \u0cac\u0cb3\u0cbf\u0c97\u0cc6 \u0ca8\u0cbf\u0ca8\u0ccd\u0ca8 \u0caa\u0cb0\u0cbf\u0cb6\u0cc1\u0ca6\u0ccd\u0ca7 \u0cae\u0c82\u0ca6\u0cbf\u0cb0\u0ca6\u0cca\u0cb3\u0c97\u0cc6 \u0cac\u0c82\u0ca4\u0cc1."},{"Verseid":"31001007","Verse":"\u0cb8\u0cc1\u0cb3\u0ccd\u0cb3\u0cbe\u0ca6 \u0cb5\u0ccd\u0caf\u0cb0\u0ccd\u0ca5\u0ca4\u0ccd\u0cb5\u0c97\u0cb3\u0ca8\u0ccd\u0ca8\u0cc1 \u0c85\u0ca8\u0cc1\u0cb8\u0cb0\u0cbf\u0cb8\u0cc1\u0cb5\u0cb5\u0cb0\u0cc1 \u0ca4\u0cae\u0ccd\u0cae \u0cb8\u0ccd\u0cb5\u0c82\u0ca4 \u0c95\u0cb0\u0cc1\u0ca3\u0cc6\u0caf\u0ca8\u0ccd\u0ca8\u0cc1 \u0cae\u0cb0\u0cc6\u0ca4\u0cc1 \u0cac\u0cbf\u0ca1\u0cc1\u0ca4\u0ccd\u0ca4\u0cbe\u0cb0\u0cc6."},{"Verseid":"31001008","Verse":"\u0c86\u0ca6\u0cb0\u0cc6 \u0ca8\u0cbe\u0ca8\u0cc1 \u0cb8\u0ccd\u0ca4\u0ccb\u0ca4\u0ccd\u0cb0\u0ca6 \u0cb8\u0ccd\u0cb5\u0cb0\u0ca6\u0cbf\u0c82\u0ca6 \u0ca8\u0cbf\u0ca8\u0c97\u0cc6 \u0cac\u0cb2\u0cbf\u0c85\u0cb0\u0ccd\u0caa\u0cbf\u0cb8\u0cc1 \u0cb5\u0cc6\u0ca8\u0cc1; \u0ca8\u0cbe\u0ca8\u0cc1 \u0cae\u0cbe\u0ca1\u0cbf\u0ca6 \u0caa\u0ccd\u0cb0\u0cae\u0cbe\u0ca3\u0cb5\u0ca8\u0ccd\u0ca8\u0cc1 \u0ca4\u0cc0\u0cb0\u0cbf\u0cb8\u0cc1\u0cb5\u0cc6\u0ca8\u0cc1; \u0cb0\u0c95\u0ccd\u0cb7\u0ca3\u0cc6\u0caf\u0cc1 \u0c95\u0cb0\u0ccd\u0ca4\u0ca8\u0ca6\u0cc7 \u0c8e\u0c82\u0ca6\u0cc1 \u0cb9\u0cc7\u0cb3\u0cbf\u0ca6\u0ca8\u0cc1."},{"Verseid":"31001009","Verse":"\u0c86\u0c97 \u0c95\u0cb0\u0ccd\u0ca4\u0ca8\u0cc1 \u0c86 \u0cb5\u0cbf\u0cbe\u0ca8\u0cbf\u0c97\u0cc6 \u0cb9\u0cc7\u0cb3\u0cbf\u0ca6\u0ccd\u0ca6\u0cb0\u0cbf\u0c82\u0ca6 \u0c85\u0ca6\u0cc1 \u0caf\u0ccb\u0ca8\u0ca8\u0ca8\u0ccd\u0ca8\u0cc1 \u0c92\u0ca3 \u0cad\u0cc2\u0cae\u0cbf\u0caf \u0cae\u0cc7\u0cb2\u0cc6 \u0c95\u0cbe\u0cb0\u0cbf\u0cac\u0cbf\u0c9f\u0ccd\u0c9f\u0cbf\u0ca4\u0cc1."}]},{"Verse":[{"Verseid":"31002000","Verse":"\u0c95\u0cb0\u0ccd\u0ca4\u0ca8 \u0cb5\u0cbe\u0c95\u0ccd\u0caf\u0cb5\u0cc1 \u0c8e\u0cb0\u0ca1\u0ca8\u0cc7 \u0cb8\u0cbe\u0cb0\u0cbf \u0caf\u0ccb\u0ca8\u0ca8\u0cbf\u0c97\u0cc6 \u0c89\u0c82\u0c9f\u0cbe\u0caf\u0cbf\u0ca4\u0cc1,"},{"Verseid":"31002001","Verse":"\u0c8f\u0ca8\u0c82\u0ca6\u0cb0\u0cc6--\u0c8e\u0ca6\u0ccd\u0ca6\u0cc1 \u0c86 \u0ca6\u0cca\u0ca1\u0ccd\u0ca1 \u0caa\u0c9f\u0ccd\u0c9f\u0ca3\u0cb5\u0cbe\u0ca6 \u0ca8\u0cbf\u0ca8\u0cc6\u0cb5\u0cc6\u0c97\u0cc6 \u0cb9\u0ccb\u0c97\u0cbf \u0ca8\u0cbe\u0ca8\u0cc1 \u0ca8\u0cbf\u0ca8\u0c97\u0cc6 \u0cb9\u0cc7\u0cb3\u0cbf\u0ca6 \u0caa\u0ccd\u0cb0\u0c95\u0c9f\u0ca8\u0cc6\u0caf\u0ca8\u0ccd\u0ca8\u0cc1 \u0c85\u0ca6\u0c95\u0ccd\u0c95\u0cc6 \u0cb8\u0cbe\u0cb0\u0cc1 \u0c8e\u0c82\u0ca6\u0cc1 \u0cb9\u0cc7\u0cb3\u0cbf\u0ca6\u0ca8\u0cc1."},{"Verseid":"31002002","Verse":"\u0cb9\u0cc0\u0c97\u0cc6 \u0caf\u0ccb\u0ca8\u0ca8\u0cc1 \u0c8e\u0ca6\u0ccd\u0ca6\u0cc1 \u0c95\u0cb0\u0ccd\u0ca4\u0ca8 \u0cb5\u0cbe\u0c95\u0ccd\u0caf\u0ca6 \u0caa\u0ccd\u0cb0\u0c95\u0cbe\u0cb0 \u0ca8\u0cbf\u0ca8\u0cc6\u0cb5\u0cc6\u0c97\u0cc6 \u0cb9\u0ccb\u0ca6\u0ca8\u0cc1; \u0c86 \u0ca8\u0cbf\u0ca8\u0cc6\u0cb5\u0cc6\u0caf\u0cc1 \u0cae\u0cc2\u0cb0\u0cc1 \u0ca6\u0cbf\u0cb5\u0cb8\u0ca6 \u0caa\u0ccd\u0cb0\u0caf\u0cbe\u0ca3\u0cb5\u0cbe\u0ca6 \u0cae\u0cb9\u0cbe\u0ca6\u0cca\u0ca1\u0ccd\u0ca1 \u0caa\u0c9f\u0ccd\u0c9f\u0ca3 \u0cb5\u0cbe\u0c97\u0cbf\u0ca4\u0ccd\u0ca4\u0cc1."},{"Verseid":"31002003","Verse":"\u0c86\u0c97 \u0caf\u0ccb\u0ca8\u0ca8\u0cc1 \u0c92\u0c82\u0ca6\u0cc1 \u0ca6\u0cbf\u0ca8\u0ca6 \u0caa\u0ccd\u0cb0\u0caf\u0cbe\u0ca3 \u0cae\u0cbe\u0ca1\u0cbf \u0caa\u0c9f\u0ccd\u0c9f\u0ca3\u0ca6\u0cb2\u0ccd\u0cb2\u0cbf \u0caa\u0ccd\u0cb0\u0cb5\u0cc7\u0cb6\u0cbf\u0cb8\u0cb2\u0cbe\u0cb0\u0c82\u0cad\u0cbf\u0cb8\u0cbf--\u0c87\u0ca8\u0ccd\u0ca8\u0cc1 \u0ca8\u0cbe\u0cb2\u0ccd\u0cb5\u0ca4\u0ccd\u0ca4\u0cc1 \u0ca6\u0cbf\u0cb5\u0cb8\u0c97\u0cb3\u0cbe\u0ca6 \u0cae\u0cc7\u0cb2\u0cc6 \u0ca8\u0cbf\u0ca8\u0cc6\u0cb5\u0cc6 \u0c95\u0cc6\u0ca1\u0cb5\u0cb2\u0ccd\u0caa\u0ca1\u0cc1 \u0cb5\u0ca6\u0cc6\u0c82\u0ca6\u0cc1 \u0c95\u0cc2\u0c97\u0cbf \u0cb9\u0cc7\u0cb3\u0cbf\u0ca6\u0ca8\u0cc1."},{"Verseid":"31002004","Verse":"\u0c86\u0c97 \u0ca8\u0cbf\u0ca8\u0cc6\u0cb5\u0cc6\u0caf \u0cae\u0ca8\u0cc1 \u0cb7\u0ccd\u0caf\u0cb0\u0cc1 \u0ca6\u0cc7\u0cb5\u0cb0\u0ca8\u0ccd\u0ca8\u0cc1 \u0ca8\u0c82\u0cac\u0cbf \u0c89\u0caa\u0cb5\u0cbe\u0cb8\u0cb5\u0ca8\u0ccd\u0ca8\u0cc1 \u0cb8\u0cbe\u0cb0\u0cbf \u0c85\u0cb5 \u0cb0\u0cb2\u0ccd\u0cb2\u0cbf \u0ca6\u0cca\u0ca1\u0ccd\u0ca1\u0cb5\u0ca8\u0cc1 \u0cae\u0cca\u0ca6\u0cb2\u0cc1\u0c97\u0cca\u0c82\u0ca1\u0cc1 \u0c9a\u0cbf\u0c95\u0ccd\u0c95\u0cb5\u0ca8 \u0cb5\u0cb0\u0cc6\u0c97\u0cc2 \u0c97\u0ccb\u0ca3\u0cc0\u0ca4\u0c9f\u0ccd\u0c9f\u0ca8\u0ccd\u0ca8\u0cc1 \u0c89\u0c9f\u0ccd\u0c9f\u0cc1\u0c95\u0cca\u0c82\u0ca1\u0cb0\u0cc1."},{"Verseid":"31002005","Verse":"\u0c86 \u0cae\u0cbe\u0ca4\u0cc1 \u0ca8\u0cbf\u0ca8\u0cc6\u0cb5\u0cc6\u0caf \u0c85\u0cb0\u0cb8\u0ca8\u0cbf\u0c97\u0cc6 \u0cae\u0cc1\u0c9f\u0ccd\u0c9f\u0cbf\u0ca6\u0cbe\u0c97 \u0c85\u0cb5\u0ca8\u0cc1 \u0ca4\u0ca8\u0ccd\u0ca8 \u0cb8\u0cbf\u0c82\u0cb9\u0cbe\u0cb8\u0ca8\u0ca6\u0cbf\u0c82\u0ca6 \u0c8e\u0ca6\u0ccd\u0ca6\u0cc1 \u0ca4\u0ca8\u0ccd\u0ca8 \u0ca8\u0cbf\u0cb2\u0cc1\u0cb5\u0c82\u0c97\u0cbf\u0caf\u0ca8\u0ccd\u0ca8\u0cc1 \u0ca4\u0cc6\u0c97\u0cc6\u0ca6\u0cbf\u0c9f\u0ccd\u0c9f\u0cc1 \u0c97\u0ccb\u0ca3\u0cc0\u0ca4\u0c9f\u0ccd\u0c9f\u0ca8\u0ccd\u0ca8\u0cc1 \u0c89\u0c9f\u0ccd\u0c9f\u0cc1\u0c95\u0cca\u0c82\u0ca1\u0cc1 \u0cac\u0cc2\u0ca6\u0cbf \u0caf\u0cb2\u0ccd\u0cb2\u0cbf \u0c95\u0cc2\u0ca4\u0cc1 \u0c95\u0cca\u0c82\u0ca1\u0ca8\u0cc1."},{"Verseid":"31002006","Verse":"\u0c85\u0cb5\u0ca8\u0cc1 \u0c85\u0cb0\u0cb8\u0ca8\u0cbf\u0c82\u0ca6\u0cb2\u0cc2 \u0ca4\u0ca8\u0ccd\u0ca8 \u0cb6\u0ccd\u0cb0\u0cc7\u0cb7\u0ccd\u0ca0\u0cb0\u0cbf\u0c82\u0ca6\u0cb2\u0cc2 \u0c86\u0ca6 \u0ca8\u0cbf\u0cb0\u0ccd\u0ca3\u0caf\u0cb5\u0ca8\u0ccd\u0ca8\u0cc1 \u0ca8\u0cbf\u0ca8\u0cc6\u0cb5\u0cc6 \u0caf\u0cb2\u0ccd\u0cb2\u0cbf \u0cb8\u0cbe\u0cb0\u0cbf \u0cb9\u0cc7\u0cb3\u0cbf\u0ca6\u0ccd\u0ca6\u0cc7\u0ca8\u0c82\u0ca6\u0cb0\u0cc6--\u0cae\u0ca8\u0cc1\u0cb7\u0ccd\u0caf\u0cb0\u0cbe\u0c97\u0cb2\u0cbf, \u0cae\u0cc3\u0c97\u0c97\u0cb3\u0cbe\u0c97\u0cb2\u0cbf, \u0ca6\u0ca8\u0c97\u0cb3\u0cbe\u0c97\u0cb2\u0cbf, \u0c95\u0cc1\u0cb0\u0cbf\u0c97\u0cb3\u0cbe\u0c97\u0cb2\u0cbf, \u0c8f\u0ca8\u0cbe \u0ca6\u0cb0\u0cc2 \u0cb0\u0cc1\u0c9a\u0cbf \u0ca8\u0ccb\u0ca1\u0ca6\u0cbf\u0cb0\u0cb2\u0cbf, \u0cae\u0cc7\u0caf \u0ca6\u0cbf\u0cb0\u0cb2\u0cbf, \u0ca8\u0cc0\u0cb0\u0ca8\u0ccd\u0ca8\u0cc1 \u0c95\u0cc1\u0ca1\u0cbf\u0caf\u0ca6\u0cbf\u0cb0\u0cb2\u0cbf, \u0cae\u0ca8\u0cc1\u0cb7\u0ccd\u0caf\u0cb0\u0cc2 \u0cae\u0cc3\u0c97\u0c97\u0cb3\u0cc2 \u0c97\u0ccb\u0ca3\u0cc0 \u0ca4\u0c9f\u0ccd\u0c9f\u0cc1 \u0cb9\u0cbe\u0c95\u0cbf\u0c95\u0cca\u0c82\u0ca1\u0cc1 \u0cac\u0cb2\u0cb5\u0cbe\u0c97\u0cbf \u0ca6\u0cc7\u0cb5\u0cb0\u0cbf\u0c97\u0cc6 \u0cae\u0cca\u0cb0\u0cc6\u0caf\u0cbf \u0ca1\u0cb2\u0cbf;"},{"Verseid":"31002007","Verse":"\u0cb9\u0ccc\u0ca6\u0cc1, \u0c85\u0cb5\u0cb0\u0cc1 \u0ca4\u0cae\u0ccd\u0cae \u0ca4\u0cae\u0ccd\u0cae \u0ca6\u0cc1\u0cb0\u0ccd\u0cae\u0cbe\u0cb0\u0ccd\u0c97 \u0c97\u0cb3\u0ca8\u0ccd\u0ca8\u0cc2 \u0ca4\u0cbe\u0cb5\u0cc1 \u0ca8\u0ca1\u0cbf\u0cb8\u0cc1\u0ca4\u0ccd\u0ca4\u0cbf\u0cb0\u0cc1\u0cb5 \u0cb9\u0cbf\u0c82\u0cb8\u0cc6\u0caf\u0ca8\u0ccd\u0ca8\u0cc1 \u0cac\u0cbf\u0c9f\u0ccd\u0c9f\u0cc1 \u0ca4\u0cbf\u0cb0\u0cc1\u0c97\u0cb2\u0cbf."},{"Verseid":"31002008","Verse":"\u0ca6\u0cc7\u0cb5\u0cb0\u0cc1 \u0ca4\u0cbf\u0cb0\u0cc1\u0c97\u0cbf \u0c95\u0cca\u0c82\u0ca1\u0cc1 \u0caa\u0cb6\u0ccd\u0c9a\u0cbe\u0ca4\u0ccd\u0ca4\u0cbe\u0caa\u0caa\u0c9f\u0ccd\u0c9f\u0cc1 \u0ca8\u0cbe\u0cb5\u0cc1 \u0ca8\u0cbe\u0cb6\u0cb5\u0cbe\u0c97\u0ca6 \u0cb9\u0cbe\u0c97\u0cc6 \u0ca4\u0ca8\u0ccd\u0ca8 \u0c95\u0ccb\u0caa\u0ca6 \u0c89\u0cb0\u0cbf\u0caf\u0ca8\u0ccd\u0ca8\u0cc1 \u0cac\u0cbf\u0c9f\u0ccd\u0c9f\u0cbe\u0ca8\u0cc7\u0ca8\u0ccb \u0caf\u0cbe\u0cb0\u0cc1 \u0cac\u0cb2\u0ccd\u0cb2\u0cb0\u0cc1 \u0c85\u0c82\u0ca6\u0ca8\u0cc1."},{"Verseid":"31002009","Verse":"\u0c86\u0c97 \u0ca6\u0cc7\u0cb5\u0cb0\u0cc1 \u0c85\u0cb5\u0cb0 \u0c95\u0ccd\u0cb0\u0cbf\u0caf\u0cc6\u0c97\u0cb3\u0ca8\u0ccd\u0ca8\u0cc2 \u0c85\u0cb5\u0cb0\u0cc1 \u0ca4\u0cae\u0ccd\u0cae \u0c95\u0cc6\u0c9f\u0ccd\u0c9f \u0cae\u0cbe\u0cb0\u0ccd\u0c97\u0cb5\u0ca8\u0ccd\u0ca8\u0cc2 \u0cac\u0cbf\u0c9f\u0ccd\u0c9f\u0cc1 \u0ca4\u0cbf\u0cb0\u0cc1\u0c97\u0cbf\u0ca6\u0cb0\u0cc6\u0c82\u0ca6\u0cc1 \u0ca8\u0ccb\u0ca1\u0cbf\u0ca6\u0ca8\u0cc1; \u0ca6\u0cc7\u0cb5\u0cb0\u0cc1 \u0c85\u0cb5\u0cb0\u0cbf\u0c97\u0cc6 \u0cae\u0cbe\u0ca1\u0cc1\u0ca4\u0ccd\u0ca4\u0cc7\u0ca8\u0cc6\u0c82\u0ca6\u0cc1 \u0cb9\u0cc7\u0cb3\u0cbf\u0ca6 \u0c95\u0cc7\u0ca1\u0cbf\u0ca8 \u0cb5\u0cbf\u0cb7\u0caf\u0cb5\u0cbe\u0c97\u0cbf \u0caa\u0cb6\u0ccd\u0c9a\u0cbe\u0ca4\u0ccd\u0ca4\u0cbe\u0caa\u0caa\u0c9f\u0ccd\u0c9f\u0cc1 \u0c85\u0ca6\u0ca8\u0ccd\u0ca8\u0cc1 \u0cae\u0cbe\u0ca1\u0cb2\u0cbf\u0cb2\u0ccd\u0cb2."}]},{"Verse":[{"Verseid":"31003000","Verse":"\u0c86\u0ca6\u0cb0\u0cc6 \u0c85\u0ca6\u0cc1 \u0caf\u0ccb\u0ca8\u0ca8\u0cbf\u0c97\u0cc6 \u0ca4\u0cc1\u0c82\u0cac\u0cbe\u0c95\u0cb0\u0cc6\u0c95\u0cb0\u0cc6\u0caf\u0cbe\u0c97\u0cbf \u0c85\u0cb5\u0ca8\u0cbf\u0c97\u0cc6 \u0cac\u0cb9\u0cc1 \u0c95\u0ccb\u0caa \u0cac\u0c82\u0ca4\u0cc1."},{"Verseid":"31003001","Verse":"\u0c85\u0cb5\u0ca8\u0cc1 \u0c95\u0cb0\u0ccd\u0ca4\u0ca8\u0cbf\u0c97\u0cc6 \u0caa\u0ccd\u0cb0\u0cbe\u0cb0\u0ccd\u0ca5\u0ca8\u0cc6 \u0cae\u0cbe\u0ca1\u0cbf \u0cb9\u0cc7\u0cb3\u0cbf\u0ca6\u0ccd\u0ca6\u0cc7\u0ca8\u0c82\u0ca6\u0cb0\u0cc6--\u0c93 \u0c95\u0cb0\u0ccd\u0ca4\u0ca8\u0cc7, \u0ca8\u0cbe\u0ca8\u0cc1 \u0ca8\u0ca8\u0ccd\u0ca8 \u0ca6\u0cc7\u0cb6\u0ca6\u0cb2\u0ccd\u0cb2\u0cbf\u0ca6\u0ccd\u0ca6\u0cbe\u0c97\u0cb2\u0cc7 \u0c87\u0ca6\u0ca8\u0ccd\u0ca8\u0cc7 \u0ca8\u0cbe\u0ca8\u0cc1 \u0cb9\u0cc7\u0cb3\u0cb2\u0cbf\u0cb2\u0ccd\u0cb2\u0cb5\u0ccb? \u0c86\u0ca6\u0c95\u0cbe\u0cb0\u0ca3 \u0ca8\u0cbe\u0ca8\u0cc1 \u0cae\u0cca\u0ca6\u0cb2\u0cc1 \u0ca4\u0cbe\u0cb0\u0ccd\u0cb7\u0cc0\u0cb7\u0cbf\u0c97\u0cc6 \u0c93\u0ca1\u0cbf \u0cb9\u0ccb\u0ca6\u0cc6\u0ca8\u0cc1; \u0ca8\u0cc0\u0ca8\u0cc1 \u0c95\u0cb0\u0cc1\u0ca3\u0cc6\u0caf\u0cc2 \u0c95\u0ca8\u0cbf\u0c95\u0cb0\u0cb5\u0cc2 \u0ca6\u0cc0\u0cb0\u0ccd\u0c98\u0cb6\u0cbe\u0c82\u0ca4\u0cbf\u0caf\u0cc2 \u0cac\u0cb9\u0cb3 \u0c95\u0cc3\u0caa\u0cc6\u0caf\u0cc2 \u0c89\u0cb3\u0ccd\u0cb3\u0ca6\u0cc7\u0cb5\u0cb0\u0cc6\u0c82\u0ca6\u0cc2 \u0c95\u0cc7\u0ca1\u0cbf\u0ca8 \u0cb5\u0cbf\u0cb7\u0caf\u0cb5\u0cbe\u0c97\u0cbf \u0caa\u0cb6\u0ccd\u0c9a\u0cbe\u0ca4\u0ccd\u0ca4\u0cbe\u0caa \u0caa\u0ca1\u0cc1\u0cb5\u0cbe\u0ca4\u0ca8\u0cc6\u0c82\u0ca6\u0cc2 \u0ca8\u0ca8\u0c97\u0cc6 \u0ca4\u0cbf\u0cb3\u0cbf\u0ca6\u0cbf\u0ca4\u0ccd\u0ca4\u0cc1."},{"Verseid":"31003002","Verse":"\u0c86\u0ca6\u0ca6\u0cb0\u0cbf\u0c82\u0ca6 \u0c93 \u0c95\u0cb0\u0ccd\u0ca4\u0ca8\u0cc7, \u0c88\u0c97\u0cb2\u0cc7 \u0ca8\u0ca8\u0ccd\u0ca8 \u0caa\u0ccd\u0cb0\u0cbe\u0ca3\u0cb5\u0ca8\u0ccd\u0ca8\u0cc1 \u0ca8\u0ca8\u0ccd\u0ca8\u0cbf\u0c82\u0ca6 \u0ca4\u0cc6\u0c97\u0cc6; \u0ca8\u0cbe\u0ca8\u0cc1 \u0cac\u0ca6\u0cc1\u0c95\u0cc1\u0cb5 \u0ca6\u0c95\u0ccd\u0c95\u0cbf\u0c82\u0ca4 \u0cb8\u0cbe\u0caf\u0cc1\u0cb5\u0ca6\u0cc1 \u0c92\u0cb3\u0ccd\u0cb3\u0cc7\u0ca6\u0cc1 \u0c85\u0c82\u0ca6\u0ca8\u0cc1."},{"Verseid":"31003003","Verse":"\u0c86\u0c97 \u0c95\u0cb0\u0ccd\u0ca4\u0ca8\u0cc1 -- \u0ca8\u0cc0\u0ca8\u0cc1 \u0c95\u0ccb\u0caa\u0cae\u0cbe\u0ca1\u0cbf\u0c95\u0cca\u0cb3\u0ccd\u0cb3\u0cc1\u0cb5\u0ca6\u0cc1 \u0c92\u0cb3\u0ccd\u0cb3\u0cc7\u0ca6\u0ccb \u0c8e\u0c82\u0ca6\u0cc1 \u0c85\u0cb5\u0ca8\u0cbf\u0c97\u0cc6 \u0cb9\u0cc7\u0cb3\u0cbf\u0ca6\u0ca8\u0cc1."},{"Verseid":"31003004","Verse":"\u0c86\u0c97 \u0caf\u0ccb\u0ca8\u0ca8\u0cc1 \u0caa\u0c9f\u0ccd\u0c9f\u0ca3\u0cb5\u0ca8\u0ccd\u0ca8\u0cc1 \u0cac\u0cbf\u0c9f\u0ccd\u0c9f\u0cc1 \u0c85\u0ca6\u0cb0 \u0cae\u0cc2\u0ca1\u0ca3 \u0c95\u0ca1\u0cc6\u0caf\u0cb2\u0ccd\u0cb2\u0cbf \u0c95\u0cc2\u0ca4\u0cc1\u0c95\u0cca\u0c82\u0ca1\u0cc1 \u0c97\u0cc1\u0ca1\u0cbf\u0cb8\u0cb2\u0ca8\u0ccd\u0ca8\u0cc1 \u0cae\u0cbe\u0ca1\u0cbf\u0c95\u0cca\u0c82\u0ca1\u0cc1 \u0caa\u0c9f\u0ccd\u0c9f\u0ca3\u0ca6\u0cb2\u0ccd\u0cb2\u0cbf \u0c8f\u0ca8\u0cbe\u0c97\u0cc1\u0cb5\u0ca6\u0cc6\u0c82\u0ca6\u0cc1 \u0ca8\u0ccb\u0ca1\u0cc1\u0cb5 \u0cb5\u0cb0\u0cc6\u0c97\u0cc6 \u0c85\u0ca6\u0cb0 \u0ca8\u0cc6\u0cb0\u0cb3\u0cbf\u0ca8\u0cb2\u0ccd\u0cb2\u0cbf \u0c95\u0cc2\u0ca4\u0cc1\u0c95\u0cca\u0c82\u0ca1\u0ca8\u0cc1."},{"Verseid":"31003005","Verse":"\u0ca6\u0cc7\u0cb5\u0cb0\u0cbe\u0ca6 \u0c95\u0cb0\u0ccd\u0ca4\u0ca8\u0cc1 \u0c92\u0c82\u0ca6\u0cc1 \u0cb8\u0ccb\u0cb0\u0cc7 \u0c97\u0cbf\u0ca1\u0cb5\u0ca8\u0ccd\u0ca8\u0cc1 \u0c8e\u0cac\u0ccd\u0cac\u0cbf\u0cb8\u0cbf, \u0c85\u0ca6\u0cc1 \u0caf\u0ccb\u0ca8\u0ca8 \u0cae\u0cc7\u0cb2\u0cc6 \u0cb9\u0cac\u0ccd\u0cac\u0cbf \u0cac\u0c82\u0ca6\u0cc1 \u0c85\u0cb5\u0ca8 \u0ca4\u0cb2\u0cc6\u0caf \u0cae\u0cc7\u0cb2\u0cc6 \u0ca8\u0cc6\u0cb0\u0cb3\u0cc1\u0c95\u0cca\u0c9f\u0ccd\u0c9f\u0cc1 \u0c85\u0cb5\u0ca8 \u0ca6\u0cc1\u0c83\u0c96\u0ca6\u0cbf\u0c82\u0ca6 \u0c85\u0cb5\u0ca8\u0ca8\u0ccd\u0ca8\u0cc1 \u0cac\u0cbf\u0ca1\u0cbf\u0cb8\u0cc1\u0cb5\u0c82\u0ca4\u0cc6 \u0cae\u0cbe\u0ca1\u0cbf\u0ca6\u0ca8\u0cc1: \u0caf\u0ccb\u0ca8\u0ca8\u0cc1 \u0c86 \u0cb8\u0ccb\u0cb0\u0cc7 \u0c97\u0cbf\u0ca1\u0ca6 \u0cb5\u0cbf\u0cb7\u0caf\u0cb5\u0cbe\u0c97\u0cbf \u0cac\u0cb9\u0cb3 \u0cb8\u0c82\u0ca4\u0ccb\u0cb7\u0caa\u0c9f\u0ccd\u0c9f\u0ca8\u0cc1."},{"Verseid":"31003006","Verse":"\u0c86\u0ca6\u0cb0\u0cc6 \u0cae\u0cbe\u0cb0\u0ca8\u0cc7 \u0ca6\u0cbf\u0ca8\u0ca6\u0cb2\u0ccd\u0cb2\u0cbf \u0c89\u0ca6\u0caf\u0cb5\u0cbe\u0ca6\u0cbe\u0c97 \u0ca6\u0cc7\u0cb5\u0cb0\u0cc1 \u0c92\u0c82\u0ca6\u0cc1 \u0cb9\u0cc1\u0cb3\u0cb5\u0ca8\u0ccd\u0ca8\u0cc1 \u0cb8\u0cbf\u0ca6\u0ccd\u0ca7\u0cae\u0cbe\u0ca1\u0cbf\u0ca6\u0ca8\u0cc1; \u0c85\u0ca6\u0cc1 \u0cb8\u0ccb\u0cb0\u0cc7 \u0c97\u0cbf\u0ca1\u0cb5\u0ca8\u0ccd\u0ca8\u0cc1 \u0c92\u0ca3\u0c97\u0cc1\u0cb5 \u0cb9\u0cbe\u0c97\u0cc6 \u0cb9\u0cca\u0ca1\u0cc6\u0caf\u0cbf\u0ca4\u0cc1."},{"Verseid":"31003007","Verse":"\u0c86\u0ca6\u0ca6\u0ccd\u0ca6\u0cc7\u0ca8\u0c82\u0ca6\u0cb0\u0cc6, \u0cb8\u0cc2\u0cb0\u0ccd\u0caf\u0ccb\u0ca6\u0caf\u0cb5\u0cbe\u0ca6\u0cbe\u0c97 \u0ca6\u0cc7\u0cb5\u0cb0\u0cc1 \u0c89\u0c97\u0ccd\u0cb0\u0cb5\u0cbe\u0ca6 \u0cae\u0cc2\u0ca1\u0ca3 \u0c97\u0cbe\u0cb3\u0cbf\u0caf\u0ca8\u0ccd\u0ca8\u0cc1 \u0cb8\u0cbf\u0ca6\u0ccd\u0ca7 \u0cae\u0cbe\u0ca1\u0cbf\u0ca6\u0ca8\u0cc1; \u0c86\u0c97 \u0cac\u0cbf\u0cb8\u0cbf\u0cb2\u0cc1 \u0caf\u0ccb\u0ca8\u0ca8 \u0ca4\u0cb2\u0cc6\u0caf \u0cae\u0cc7\u0cb2\u0cc6 \u0cac\u0ca1\u0cbf\u0ca6\u0ca6\u0ccd\u0ca6\u0cb0\u0cbf\u0c82\u0ca6 \u0c85\u0cb5\u0ca8\u0cc1 \u0cae\u0cc2\u0cb0\u0ccd\u0c9b\u0cc6\u0cb9\u0ccb\u0c97\u0cbf \u0ca4\u0ca8\u0ccd\u0ca8\u0cb2\u0ccd\u0cb2\u0cbf \u0cae\u0cb0\u0ca3\u0cb5\u0ca8\u0ccd\u0ca8\u0cc1 \u0c95\u0cc7\u0cb3\u0cbf\u0c95\u0cca\u0c82\u0ca1\u0cc1--\u0ca8\u0cbe\u0ca8\u0cc1 \u0cac\u0ca6\u0cc1\u0c95\u0cc1\u0cb5\u0ca6\u0c95\u0ccd\u0c95\u0cbf\u0c82\u0ca4 \u0cb8\u0cbe\u0caf\u0cc1\u0cb5\u0ca6\u0cc1 \u0c92\u0cb3\u0ccd\u0cb3\u0cc7\u0ca6\u0cc1 \u0c85\u0c82\u0ca6\u0ca8\u0cc1."},{"Verseid":"31003008","Verse":"\u0c86\u0c97 \u0ca6\u0cc7\u0cb5\u0cb0\u0cc1 \u0caf\u0ccb\u0ca8\u0ca8\u0cbf\u0c97\u0cc6--\u0ca8\u0cc0\u0ca8\u0cc1 \u0cb8\u0ccb\u0cb0\u0cc7 \u0c97\u0cbf\u0ca1\u0cb5\u0ca8\u0ccd\u0ca8\u0cc1 \u0c95\u0cc1\u0cb0\u0cbf\u0ca4\u0cc1 \u0c95\u0ccb\u0caa\u0cae\u0cbe\u0ca1\u0cc1\u0cb5\u0ca6\u0cc1 \u0c92\u0cb3\u0ccd\u0cb3\u0cc7\u0ca6\u0ccb \u0c85\u0c82\u0ca6\u0ca8\u0cc1. \u0c85\u0cb5\u0ca8\u0cc1 --\u0ca8\u0cbe\u0ca8\u0cc1 \u0cb8\u0cbe\u0caf\u0cc1\u0cb5\u0cb7\u0ccd\u0c9f\u0cc1 \u0c95\u0ccb\u0caa\u0cae\u0cbe\u0ca1\u0cc1\u0cb5\u0ca6\u0cc1 \u0c92\u0cb3\u0ccd\u0cb3\u0cc7\u0ca6\u0cc7 \u0c85\u0c82\u0ca6\u0ca8\u0cc1."},{"Verseid":"31003009","Verse":"\u0c86\u0c97 \u0c95\u0cb0\u0ccd\u0ca4\u0ca8\u0cc1 \u0cb9\u0cc7\u0cb3\u0cbf\u0ca6\u0ccd\u0ca6\u0cc7\u0ca8\u0c82\u0ca6\u0cb0\u0cc6--\u0ca8\u0cc0\u0ca8\u0cc1 \u0c95\u0cb7\u0ccd\u0c9f\u0caa\u0ca1\u0ca6\u0c82\u0ca5, \u0cac\u0cc6\u0cb3\u0cc6\u0cb8\u0ca6\u0c82\u0ca5, \u0c92\u0c82\u0ca6\u0cc1 \u0cb0\u0cbe\u0ca4\u0ccd\u0cb0\u0cbf\u0caf\u0cb2\u0ccd\u0cb2\u0cbf \u0cb9\u0cc1\u0c9f\u0ccd\u0c9f\u0cbf \u0c92\u0c82\u0ca6\u0cc1 \u0cb0\u0cbe\u0ca4\u0ccd\u0cb0\u0cbf\u0caf\u0cb2\u0ccd\u0cb2\u0cbf \u0ca8\u0cbe\u0cb6\u0ca8\u0cb5\u0cbe\u0ca6\u0c82\u0ca5,"},{"Verseid":"31003010","Verse":"\u0c86 \u0cb8\u0ccb\u0cb0\u0cc7\u0c97\u0cbf\u0ca1\u0ca6 \u0cae\u0cc7\u0cb2\u0cc6 \u0c95\u0ca8\u0cbf\u0c95\u0cb0 \u0caa\u0c9f\u0ccd\u0c9f\u0cbf\u0caf\u0cb2\u0ccd\u0cb2\u0cbe, \u0cb9\u0cbe\u0c97\u0cbe \u0ca6\u0cb0\u0cc6 \u0c8e\u0ca1 \u0cac\u0cb2 \u0c95\u0cc8\u0c97\u0cb3\u0ca8\u0ccd\u0ca8\u0cc1 \u0ca4\u0cbf\u0cb3\u0cbf\u0caf\u0ca6\u0cb5\u0cb0\u0cbe\u0ca6 \u0cb2\u0c95\u0ccd\u0cb7 \u0c87\u0caa\u0ccd\u0caa\u0ca4\u0ccd\u0ca4\u0cc1 \u0cb8\u0cbe\u0cb5\u0cbf\u0cb0\u0c95\u0ccd\u0c95\u0cbf\u0c82\u0ca4 \u0cb9\u0cc6\u0c9a\u0ccd\u0c9a\u0cbe\u0ca6 \u0c9c\u0ca8\u0cb0\u0cc1, \u0cac\u0cb9\u0cb3 \u0ca6\u0ca8 \u0c97\u0cb3\u0cc1 \u0cb8\u0cb9 \u0c87\u0cb0\u0cc1\u0cb5 \u0c86 \u0ca6\u0cca\u0ca1\u0ccd\u0ca1 \u0caa\u0c9f\u0ccd\u0c9f\u0ca3\u0cb5\u0cbe\u0ca6 \u0ca8\u0cbf\u0ca8\u0cc6\u0cb5\u0cc6 \u0caf\u0ca8\u0ccd\u0ca8\u0cc1 \u0ca8\u0cbe\u0ca8\u0cc1 \u0c95\u0ca8\u0cbf\u0c95\u0cb0\u0cbf\u0cb8\u0cac\u0cbe\u0cb0\u0ca6\u0ccb \u0c85\u0c82\u0ca6\u0ca8\u0cc1."}]}]}