{"Chapter":[{"Verse":[{"Verseid":"33000000","Verse":"\u0ca8\u0cbf\u0ca8\u0cc6\u0cb5\u0cc6\u0caf \u0cad\u0cbe\u0cb0\u0cb5\u0cc1. \u0c8e\u0cb2\u0ccd\u0c95\u0ccb\u0cb7\u0cbf\u0ca8\u0cb5\u0ca8\u0cbe\u0ca6 \u0ca8\u0cb9\u0cc2\u0cae\u0ca8 \u0ca6\u0cb0\u0ccd\u0cb6\u0ca8\u0ca6 \u0caa\u0cc1\u0cb8\u0ccd\u0ca4\u0c95\u0cb5\u0cc1."},{"Verseid":"33000001","Verse":"\u0c95\u0cb0\u0ccd\u0ca4\u0ca8\u0cc1 \u0cb0\u0ccb\u0cb7\u0cb5\u0cc1\u0cb3\u0ccd\u0cb3\u0c82\u0ca5, \u0cae\u0cc1\u0caf\u0ccd\u0caf\u0cbf\u0c97\u0cc6\u0cae\u0cc1\u0caf\u0ccd\u0caf\u0cbf \u0c95\u0cca\u0ca1\u0cc1\u0cb5\u0c82\u0ca5 \u0ca6\u0cc7\u0cb5\u0cb0\u0cc1; \u0c95\u0cb0\u0ccd\u0ca4\u0ca8\u0cc1 \u0cae\u0cc1\u0caf\u0ccd\u0caf\u0cbf\u0c97\u0cc6 \u0cae\u0cc1\u0caf\u0ccd\u0caf\u0cbf \u0c95\u0cca\u0ca1\u0cc1\u0cb5\u0c82\u0ca5 \u0c89\u0c97\u0ccd\u0cb0\u0cb5\u0cc1\u0cb3\u0ccd\u0cb3\u0cbe\u0ca4\u0ca8\u0cc1, \u0c95\u0cb0\u0ccd\u0ca4\u0ca8\u0cc1 \u0ca4\u0ca8\u0ccd\u0ca8 \u0cb5\u0cc8\u0cb0\u0cbf \u0c97\u0cb3\u0cbf\u0c97\u0cc6 \u0cae\u0cc1\u0caf\u0ccd\u0caf\u0cbf\u0c97\u0cc6\u0cae\u0cc1\u0caf\u0ccd\u0caf\u0cbf \u0ca4\u0cc0\u0cb0\u0cbf\u0cb8\u0cbf \u0ca4\u0ca8\u0ccd\u0ca8 \u0cb6\u0ca4\u0ccd\u0cb0\u0cc1\u0c97\u0cb3 \u0cae\u0cc7\u0cb2\u0cc6 \u0c95\u0ccb\u0caa\u0cb5\u0ca8\u0ccd\u0ca8\u0cc1 \u0c87\u0c9f\u0ccd\u0c9f\u0cc1\u0c95\u0cca\u0cb3\u0ccd\u0cb3\u0cc1\u0ca4\u0ccd\u0ca4\u0cbe\u0ca8\u0cc6."},{"Verseid":"33000002","Verse":"\u0c95\u0cb0\u0ccd\u0ca4\u0ca8\u0cc1 \u0c95\u0ccb\u0caa\u0cbf\u0cb8\u0cc1\u0cb5\u0ca6\u0cb0\u0cb2\u0ccd\u0cb2\u0cbf \u0ca8\u0cbf\u0ca7\u0cbe\u0ca8 \u0cae\u0cbe\u0ca1\u0cc1\u0cb5\u0cb5\u0ca8\u0cbe\u0ca6\u0cb0\u0cc2 \u0cb6\u0c95\u0ccd\u0ca4\u0cbf\u0caf\u0cb2\u0ccd\u0cb2\u0cbf \u0cae\u0cb9\u0ca4\u0ccd\u0ca4\u0cbe\u0ca6\u0cb5\u0ca8\u0cc1; \u0ca6\u0cc1\u0cb0\u0ccd\u0cae\u0cbe\u0cb0\u0ccd\u0c97\u0ca6\u0cb5\u0cb0\u0ca8\u0ccd\u0ca8\u0cc1 \u0c8e\u0cb7\u0ccd\u0c9f\u0cc1 \u0cae\u0cbe\u0ca4\u0ccd\u0cb0\u0c95\u0ccd\u0c95\u0cc2 \u0ca8\u0cbf\u0cb0\u0ccd\u0cae\u0cb2\u0cb0\u0cc6\u0c82\u0ca6\u0cc1 \u0ca4\u0cc0\u0cb0\u0ccd\u0cae\u0cbe\u0ca8\u0cbf\u0cb8 \u0ca6\u0cb5\u0ca8\u0cc1; \u0c95\u0cb0\u0ccd\u0ca4\u0ca8 \u0cae\u0cbe\u0cb0\u0ccd\u0c97\u0cb5\u0cc1 \u0cb8\u0cc1\u0cb3\u0cbf\u0c97\u0cbe\u0cb3\u0cbf\u0caf\u0cb2\u0ccd\u0cb2\u0cbf\u0caf\u0cc2 \u0cac\u0cbf\u0cb0\u0cc1\u0c97\u0cbe\u0cb3\u0cbf\u0caf\u0cb2\u0ccd\u0cb2\u0cbf\u0caf\u0cc2 \u0c89\u0c82\u0c9f\u0cc1; \u0cae\u0cc7\u0c98\u0c97\u0cb3\u0cc1 \u0c86\u0ca4\u0ca8 \u0c95\u0cbe\u0cb2\u0cc1\u0c97\u0cb3 \u0ca7\u0cc2\u0cb3\u0cc7."},{"Verseid":"33000003","Verse":"\u0c86\u0ca4\u0ca8\u0cc1 \u0cb8\u0cae\u0cc1\u0ca6\u0ccd\u0cb0\u0cb5\u0ca8\u0ccd\u0ca8\u0cc1 \u0c97\u0ca6\u0cb0\u0cbf\u0cb8\u0cbf \u0c85\u0ca6\u0ca8\u0ccd\u0ca8\u0cc1 \u0c92\u0ca3\u0c97\u0cc1\u0cb5\u0c82\u0ca4\u0cc6 \u0cae\u0cbe\u0ca1\u0cc1\u0ca4\u0ccd\u0ca4\u0cbe\u0ca8\u0cc6; \u0ca8\u0ca6\u0cbf\u0c97\u0cb3\u0ca8\u0ccd\u0ca8\u0cc6\u0cb2\u0ccd\u0cb2\u0cbe \u0cac\u0ca4\u0ccd\u0ca4\u0cbf\u0cb9\u0ccb\u0c97\u0cc1\u0cb5\u0c82\u0ca4\u0cc6 \u0cae\u0cbe\u0ca1\u0cc1\u0ca4\u0ccd\u0ca4\u0cbe\u0ca8\u0cc6; \u0cac\u0cbe\u0cb7\u0cbe\u0ca8\u0cc2 \u0c95\u0cb0\u0ccd\u0cae\u0cc6\u0cb2\u0cc2 \u0cac\u0cbe\u0ca1\u0cbf\u0cb9\u0ccb\u0c97\u0cc1\u0ca4\u0ccd\u0ca4\u0cb5\u0cc6, \u0cb2\u0cc6\u0cac\u0ca8\u0ccb\u0ca8\u0cbf\u0ca8 \u0cb9\u0cc2\u0cb5\u0cc1 \u0cac\u0cbe\u0ca1\u0cbf\u0cb9\u0ccb\u0c97\u0cc1\u0ca4\u0ccd\u0ca4\u0ca6\u0cc6."},{"Verseid":"33000004","Verse":"\u0cac\u0cc6\u0c9f\u0ccd\u0c9f\u0c97\u0cb3\u0cc1 \u0c86\u0ca4\u0ca8 \u0cae\u0cc1\u0c82\u0ca6\u0cc6 \u0c95\u0c82\u0caa\u0cbf\u0cb8\u0cc1\u0ca4\u0ccd\u0ca4\u0cb5\u0cc6; \u0c97\u0cc1\u0ca1\u0ccd\u0ca1\u0c97\u0cb3\u0cc1 \u0c95\u0cb0\u0c97\u0cc1\u0ca4\u0ccd\u0ca4\u0cb5\u0cc6; \u0cad\u0cc2\u0cae\u0cbf\u0caf\u0cc2 \u0cb9\u0ccc\u0ca6\u0cc1, \u0cb2\u0ccb\u0c95\u0cb5\u0cc2 \u0c85\u0ca6\u0cb0\u0cb2\u0ccd\u0cb2\u0cbf \u0cb5\u0cbe\u0cb8\u0cbf\u0cb8\u0cc1 \u0cb5\u0cb5\u0cb0\u0cc6\u0cb2\u0ccd\u0cb2\u0cb0\u0cc2 \u0c86\u0ca4\u0ca8 \u0cae\u0cc1\u0c82\u0ca6\u0cc6 \u0cb8\u0cc1\u0c9f\u0ccd\u0c9f\u0cc1 \u0cb9\u0ccb\u0c97\u0cc1\u0cb5\u0cb0\u0cc1."},{"Verseid":"33000005","Verse":"\u0c86\u0ca4\u0ca8 \u0cb0\u0ccc\u0ca6\u0ccd\u0cb0\u0ca6 \u0c8e\u0ca6\u0cc1\u0cb0\u0cbf\u0c97\u0cc6 \u0caf\u0cbe\u0cb0\u0cc1 \u0ca8\u0cbf\u0cb2\u0ccd\u0cb2\u0cc1\u0cb5\u0cb0\u0cc1? \u0c86\u0ca4\u0ca8 \u0cb0\u0ccb\u0cb7\u0cbe\u0c97\u0ccd\u0ca8\u0cbf\u0c97\u0cc6 \u0caf\u0cbe\u0cb0\u0cc1 \u0ca8\u0cbf\u0c82\u0ca4\u0cc1\u0c95\u0cca\u0cb3\u0ccd\u0cb3\u0cc1\u0cb5\u0cb0\u0cc1? \u0c86\u0ca4\u0ca8 \u0c89\u0c97\u0ccd\u0cb0\u0cb5\u0cc1 \u0cac\u0cc6\u0c82\u0c95\u0cbf\u0caf \u0cb9\u0cbe\u0c97\u0cc6 \u0cb8\u0cc1\u0cb0\u0cbf\u0cb8\u0cb2\u0ccd\u0caa\u0c9f\u0ccd\u0c9f\u0cbf\u0ca6\u0cc6; \u0cac\u0c82\u0ca1\u0cc6\u0c97\u0cb3\u0cc1 \u0c86\u0ca4\u0ca8\u0cbf\u0c82\u0ca6 \u0c95\u0cc6\u0ca1\u0cb5\u0cb2\u0ccd\u0caa\u0c9f\u0ccd\u0c9f\u0cbf\u0cb5\u0cc6."},{"Verseid":"33000006","Verse":"\u0c95\u0cb0\u0ccd\u0ca4\u0ca8\u0cc1 \u0c92\u0cb3\u0ccd\u0cb3\u0cc6\u0caf\u0cb5\u0ca8\u0cc1; \u0c87\u0c95\u0ccd\u0c95\u0c9f\u0ccd\u0c9f\u0cbf\u0ca8 \u0ca6\u0cbf\u0ca8\u0ca6\u0cb2\u0ccd\u0cb2\u0cbf \u0cac\u0cb2\u0cb5\u0cbe\u0ca6 \u0c95\u0ccb\u0c9f\u0cc6\u0caf\u0cbe\u0c97\u0cbf\u0ca6\u0ccd\u0ca6\u0cbe\u0ca8\u0cc6; \u0ca4\u0ca8\u0ccd\u0ca8\u0cb2\u0ccd\u0cb2\u0cbf \u0ca8\u0c82\u0cac\u0cbf\u0c95\u0cc6\u0caf\u0cbf\u0ca1\u0cc1 \u0cb5\u0cb5\u0cb0\u0ca8\u0ccd\u0ca8\u0cc1 \u0cac\u0cb2\u0ccd\u0cb2\u0ca8\u0cc1."},{"Verseid":"33000007","Verse":"\u0c86\u0ca6\u0cb0\u0cc6 \u0cae\u0cc7\u0cb0\u0cc6 \u0cb5\u0cbf\u0cbe\u0cb0\u0cc1\u0cb5 \u0caa\u0ccd\u0cb0\u0cb3\u0caf \u0ca6\u0cbf\u0c82\u0ca6 \u0c85\u0ca6\u0cb0 \u0cb8\u0ccd\u0ca5\u0cb3\u0cb5\u0ca8\u0ccd\u0ca8\u0cc1 \u0cae\u0cc1\u0c97\u0cbf\u0cb8\u0cbf\u0cac\u0cbf\u0ca1\u0cc1\u0cb5\u0ca8\u0cc1; \u0c95\u0ca4\u0ccd\u0ca4\u0cb2\u0cc6 \u0c86\u0ca4\u0ca8 \u0cb6\u0ca4\u0ccd\u0cb0\u0cc1\u0c97\u0cb3\u0ca8\u0ccd\u0ca8\u0cc1 \u0cb9\u0cbf\u0c82\u0ca6\u0c9f\u0ccd\u0c9f\u0cc1\u0cb5\u0ca6\u0cc1."},{"Verseid":"33000008","Verse":"\u0c95\u0cb0\u0ccd\u0ca4\u0ca8\u0cbf\u0c97\u0cc6 \u0cb5\u0cbf\u0cb0\u0ccb\u0ca7\u0cb5\u0cbe\u0c97\u0cbf \u0c8f\u0ca8\u0cc1 \u0caf\u0ccb\u0c9a\u0cbf\u0cb8\u0cc1\u0ca4\u0ccd\u0ca4\u0cc0\u0cb0\u0cbf? \u0c86\u0ca4\u0ca8\u0cc1 \u0cb8\u0c82\u0caa\u0cc2\u0cb0\u0ccd\u0ca3\u0cb5\u0cbe\u0c97\u0cbf \u0cae\u0cc1\u0c97\u0cbf\u0cb8\u0cbf\u0cac\u0cbf\u0ca1\u0cc1\u0ca4\u0ccd\u0ca4\u0cbe\u0ca8\u0cc6; \u0c87\u0c95\u0ccd\u0c95\u0c9f\u0ccd\u0c9f\u0cc1 \u0c8e\u0cb0 \u0ca1\u0ca8\u0cc7 \u0cb8\u0cbe\u0cb0\u0cbf \u0c8f\u0cb3\u0ca6\u0cc1."},{"Verseid":"33000009","Verse":"\u0c85\u0cb5\u0cb0\u0cc1 \u0cae\u0cc1\u0cb3\u0ccd\u0cb3\u0cc1\u0c97\u0cb3 \u0cb9\u0cbe\u0c97\u0cc6 \u0cb9\u0cca\u0c82\u0ca6\u0cbf\u0c95\u0cca\u0c82\u0ca1\u0cbf\u0ca6\u0ccd\u0ca6\u0cb0\u0cc2 \u0ca4\u0cae\u0ccd\u0cae \u0ca6\u0ccd\u0cb0\u0cbe\u0c95\u0ccd\u0cb7\u0cbe\u0cb0\u0cb8\u0ca6\u0cbf\u0c82\u0ca6 \u0cae\u0ca4\u0ccd\u0ca4 \u0cb0\u0cbe\u0c97\u0cbf\u0ca6\u0ccd\u0ca6\u0cb0\u0cc2 \u0caa\u0cc2\u0cb0\u0ccd\u0ca3\u0cb5\u0cbe\u0c97\u0cbf \u0c92\u0ca3\u0c97\u0cbf\u0ca6 \u0c95\u0cca\u0cb3\u0cc6\u0caf\u0c82\u0ca4\u0cc6 \u0ca8\u0cbe\u0cb6\u0cb5\u0cbe\u0c97\u0cc1\u0cb5\u0cb0\u0cc1."},{"Verseid":"33000010","Verse":"\u0c95\u0cb0\u0ccd\u0ca4\u0ca8\u0cbf\u0c97\u0cc6 \u0cb5\u0cbf\u0cb0\u0ccb\u0ca7\u0cb5\u0cbe\u0c97\u0cbf \u0ca6\u0cc1\u0cb0\u0cbe \u0cb2\u0ccb\u0c9a\u0ca8\u0cc6 \u0cae\u0cbe\u0ca1\u0cbf \u0c95\u0cc7\u0ca1\u0ca8\u0ccd\u0ca8\u0cc1 \u0caf\u0ccb\u0c9a\u0cbf\u0cb8\u0cc1\u0cb5\u0cb5\u0ca8\u0cc1 \u0ca8\u0cbf\u0ca8\u0ccd\u0ca8\u0cca\u0cb3 \u0c97\u0cbf\u0c82\u0ca6 \u0cb9\u0cca\u0cb0\u0c9f\u0cbf\u0ca6\u0ccd\u0ca6\u0cbe\u0ca8\u0cc6."},{"Verseid":"33000011","Verse":"\u0c95\u0cb0\u0ccd\u0ca4\u0ca8\u0cc1 \u0cb9\u0cc0\u0c97\u0cc6 \u0cb9\u0cc7\u0cb3\u0cc1 \u0ca4\u0ccd\u0ca4\u0cbe\u0ca8\u0cc6--\u0c85\u0cb5\u0cb0\u0cc1 \u0cb8\u0cc1\u0c96\u0cb5\u0cc1\u0cb3\u0ccd\u0cb3\u0cb5\u0cb0\u0cbe\u0c97\u0cbf\u0caf\u0cc2 \u0cac\u0cb9\u0cc1 \u0cae\u0c82\u0ca6\u0cbf \u0caf\u0cbe\u0c97\u0cbf\u0caf\u0cc2 \u0c87\u0ca6\u0ccd\u0ca6\u0cb0\u0cc2 \u0c86\u0ca4\u0ca8\u0cc1 \u0cb9\u0cbe\u0ca6\u0cc1\u0cb9\u0ccb\u0c97\u0cc1\u0cb5\u0cbe\u0c97 \u0cb9\u0cc0\u0c97\u0cc6 \u0c95\u0ca1\u0cbf\u0caf\u0cb2\u0ccd\u0caa\u0ca1\u0cc1\u0cb5\u0cb0\u0cc1; \u0ca8\u0cbe\u0ca8\u0cc1 \u0ca8\u0cbf\u0ca8\u0ccd\u0ca8\u0ca8\u0ccd\u0ca8\u0cc1 \u0c95\u0cb7\u0ccd\u0c9f\u0caa\u0ca1\u0cbf\u0cb8\u0cbf \u0ca6\u0cbe\u0c97\u0ccd\u0caf\u0cc2 \u0c87\u0ca8\u0ccd\u0ca8\u0cc1 \u0cae\u0cc7\u0cb2\u0cc6 \u0c95\u0cb7\u0ccd\u0c9f\u0caa\u0ca1\u0cbf\u0cb8\u0cc6\u0ca8\u0cc1."},{"Verseid":"33000012","Verse":"\u0c86\u0ca6\u0cb0\u0cc6 \u0ca8\u0cbe\u0ca8\u0cc1 \u0c88\u0c97 \u0ca8\u0cbf\u0ca8\u0ccd\u0ca8 \u0cae\u0cc7\u0cb2\u0cbf\u0c82\u0ca6 \u0c86\u0ca4\u0ca8 \u0ca8\u0cca\u0c97\u0cb5\u0ca8\u0ccd\u0ca8\u0cc1 \u0cae\u0cc1\u0cb0\u0cbf\u0ca6\u0cc1 \u0ca8\u0cbf\u0ca8\u0ccd\u0ca8 \u0cac\u0c82\u0ca7\u0ca8\u0c97\u0cb3\u0ca8\u0ccd\u0ca8\u0cc1 \u0cb9\u0cb0\u0cbf\u0ca6\u0cc1\u0cac\u0cbf\u0ca1\u0cc1\u0cb5\u0cc6\u0ca8\u0cc1."},{"Verseid":"33000013","Verse":"\u0ca8\u0cbf\u0ca8\u0ccd\u0ca8 \u0cb5\u0cbf\u0cb7\u0caf\u0cb5\u0cbe\u0c97\u0cbf \u0c95\u0cb0\u0ccd\u0ca4\u0ca8\u0cc1 \u0c86\u0c9c\u0ccd\u0c9e\u0cbe\u0caa\u0cbf\u0cb8\u0cc1\u0cb5\u0ca6\u0cc7 \u0ca8\u0c82\u0ca6\u0cb0\u0cc6--\u0ca8\u0cbf\u0ca8\u0ccd\u0ca8 \u0cb9\u0cc6\u0cb8\u0cb0\u0cc1\u0cb3\u0ccd\u0cb3\u0cb5\u0cb0\u0cc1 \u0c87\u0ca8\u0ccd\u0ca8\u0cc1 \u0cac\u0cbf\u0ca4\u0ccd\u0ca4\u0cb2\u0ccd\u0caa\u0ca1\u0cb0\u0cc1; \u0ca8\u0cbf\u0ca8\u0ccd\u0ca8 \u0ca6\u0cc7\u0cb5\u0cb0\u0cc1\u0c97\u0cb3 \u0cae\u0ca8\u0cc6\u0caf\u0cca\u0cb3\u0c97\u0cbf\u0c82\u0ca6 \u0c95\u0cc6\u0ca4\u0ccd\u0ca4\u0cbf\u0ca6 \u0cb5\u0cbf\u0c97\u0ccd\u0cb0\u0cb9 \u0cb5\u0ca8\u0ccd\u0ca8\u0cc2 \u0c8e\u0cb0\u0c95 \u0cb9\u0cca\u0caf\u0cbf\u0ca6\u0ca6\u0ccd\u0ca6\u0ca8\u0ccd\u0ca8\u0cc2 \u0c95\u0ca1\u0cbf\u0ca6\u0cc1\u0cac\u0cbf\u0ca1\u0cc1\u0cb5\u0cc6\u0ca8\u0cc1; \u0ca8\u0cc0\u0ca8\u0cc1 \u0ca4\u0cc1\u0c9a\u0ccd\u0c9b\u0ca8\u0cbe\u0ca6\u0ca6\u0ccd\u0ca6\u0cb0\u0cbf\u0c82\u0ca6 \u0ca8\u0cbf\u0ca8\u0c97\u0cc6 \u0cb8\u0cae\u0cbe\u0ca7\u0cbf\u0caf\u0ca8\u0ccd\u0ca8\u0cc1 \u0cb8\u0cbf\u0ca6\u0ccd\u0ca7\u0cae\u0cbe\u0ca1\u0cc1\u0cb5\u0cc6\u0ca8\u0cc1."},{"Verseid":"33000014","Verse":"\u0c87\u0c97\u0ccb, \u0cac\u0cc6\u0c9f\u0ccd\u0c9f\u0c97\u0cb3 \u0cae\u0cc7\u0cb2\u0cc6 \u0cb6\u0cc1\u0cad\u0cb8\u0cae\u0cbe\u0c9a\u0cbe\u0cb0\u0cb5\u0ca8\u0ccd\u0ca8\u0cc1 \u0ca4\u0c82\u0ca6\u0cc1 \u0cb8\u0cae\u0cbe\u0ca7\u0cbe\u0ca8\u0cb5\u0ca8\u0ccd\u0ca8\u0cc1 \u0ca4\u0cbf\u0cb3\u0cbf\u0cb8\u0cc1\u0cb5\u0cb5\u0ca8 \u0caa\u0cbe\u0ca6\u0c97\u0cb3\u0ca8\u0ccd\u0ca8\u0cc1 \u0ca8\u0ccb\u0ca1\u0cc1. \u0caf\u0cc6\u0cb9\u0cc2\u0ca6\u0cb5\u0cc7, \u0ca8\u0cbf\u0ca8\u0ccd\u0ca8 \u0caa\u0cb0\u0cbf\u0cb6\u0cc1\u0ca6\u0ccd\u0ca7 \u0cb9\u0cac\u0ccd\u0cac\u0c97\u0cb3\u0ca8\u0ccd\u0ca8\u0cc1 \u0ca8\u0ca1\u0cc6\u0cb8\u0cc1, \u0ca8\u0cbf\u0ca8\u0ccd\u0ca8 \u0caa\u0ccd\u0cb0\u0cae\u0cbe\u0ca3 \u0c97\u0cb3\u0ca8\u0ccd\u0ca8\u0cc1 \u0cb8\u0cb2\u0ccd\u0cb2\u0cbf\u0cb8\u0cc1; \u0caf\u0cbe\u0c95\u0c82\u0ca6\u0cb0\u0cc6 \u0c87\u0ca8\u0ccd\u0ca8\u0cc1 \u0cae\u0cc7\u0cb2\u0cc6 \u0ca6\u0cc1\u0cb7\u0ccd\u0c9f\u0ca8\u0cc1 \u0ca8\u0cbf\u0ca8\u0ccd\u0ca8\u0ca8\u0ccd\u0ca8\u0cc1 \u0cb9\u0cbe\u0ca6\u0cc1\u0cb9\u0ccb\u0c97\u0ca8\u0cc1; \u0c85\u0cb5\u0ca8\u0cc1 \u0cb8\u0c82\u0caa\u0cc2\u0cb0\u0ccd\u0ca3\u0cb5\u0cbe\u0c97\u0cbf \u0c95\u0ca1\u0cbf\u0ca6\u0cc1 \u0cac\u0cbf\u0ca1\u0cb2\u0ccd\u0caa\u0c9f\u0ccd\u0c9f\u0cbf\u0ca6\u0ccd\u0ca6\u0cbe\u0ca8\u0cc6."}]},{"Verse":[{"Verseid":"33001000","Verse":"\u0c9a\u0cc2\u0cb0\u0cc1\u0c9a\u0cc2\u0cb0\u0cbe\u0c97\u0cbf \u0c92\u0ca1\u0cc6\u0ca6\u0cc1 \u0cac\u0cbf\u0ca1\u0cc1\u0cb5\u0cb5\u0ca8\u0cc1 \u0ca8\u0cbf\u0ca8\u0ccd\u0ca8 \u0c8e\u0ca6\u0cc1\u0cb0\u0cbf\u0c97\u0cc6 \u0cac\u0c82\u0ca6\u0cbf\u0ca6\u0ccd\u0ca6\u0cbe\u0ca8\u0cc6; \u0c86\u0caf\u0cc1\u0ca7 \u0c97\u0cb3\u0ca8\u0ccd\u0ca8\u0cc1 \u0cad\u0ca6\u0ccd\u0cb0\u0caa\u0ca1\u0cbf\u0cb8\u0cc1; \u0ca6\u0cbe\u0cb0\u0cbf\u0caf\u0ca8\u0ccd\u0ca8\u0cc1 \u0c95\u0cbe\u0caf\u0cbf; \u0ca8\u0ca1\u0cc1\u0cb5\u0ca8\u0ccd\u0ca8\u0cc1 \u0cac\u0cb2\u0caa\u0ca1\u0cbf\u0cb8\u0cbf\u0c95\u0ccb, \u0ca8\u0cbf\u0ca8\u0ccd\u0ca8 \u0cb6\u0c95\u0ccd\u0ca4\u0cbf\u0caf\u0ca8\u0ccd\u0ca8\u0cc1 \u0cac\u0cb2\u0cb5\u0cbe\u0c97\u0cbf \u0c97\u0c9f\u0ccd\u0c9f\u0cbf \u0cae\u0cbe\u0ca1\u0cbf\u0c95\u0ccb."},{"Verseid":"33001001","Verse":"\u0c95\u0cb0\u0ccd\u0ca4\u0ca8\u0cc1 \u0caf\u0cbe\u0c95\u0ccb\u0cac\u0ca8 \u0cb9\u0cc6\u0c9a\u0ccd\u0c9a\u0cb3\u0cb5\u0ca8\u0ccd\u0ca8\u0cc1 \u0c87\u0cb8\u0ccd\u0cb0\u0cbe\u0caf\u0cc7\u0cb2\u0cbf\u0ca8 \u0cb9\u0cc6\u0c9a\u0ccd\u0c9a\u0cb3\u0ca6 \u0cb9\u0cbe\u0c97\u0cc6\u0caf\u0cc7 \u0ca4\u0cbf\u0cb0\u0cc1\u0c97\u0cbf\u0cb8\u0cbf\u0cac\u0cbf\u0c9f\u0ccd\u0c9f\u0cbf \u0ca6\u0ccd\u0ca6\u0cbe\u0ca8\u0cc6; \u0cac\u0cb0\u0cbf\u0ca6\u0cc1 \u0cae\u0cbe\u0ca1\u0cc1\u0cb5\u0cb5\u0cb0\u0cc1 \u0c85\u0cb5\u0cb0\u0ca8\u0ccd\u0ca8\u0cc1 \u0cac\u0cb0\u0cbf\u0ca6\u0cc1 \u0cae\u0cbe\u0ca1\u0cbf \u0c85\u0cb5\u0cb0 \u0ca6\u0ccd\u0cb0\u0cbe\u0c95\u0ccd\u0cb7\u0cc7 \u0cac\u0cb3\u0ccd\u0cb3\u0cbf\u0c97\u0cb3\u0ca8\u0ccd\u0ca8\u0cc1 \u0c95\u0cc6\u0ca1\u0cbf\u0cb8\u0cbf\u0ca6\u0ccd\u0ca6\u0cbe\u0cb0\u0cc6."},{"Verseid":"33001002","Verse":"\u0c86\u0ca4\u0ca8 \u0cac\u0cb2\u0cbe\u0ca2\u0ccd\u0caf\u0ca6 \u0ca1\u0cbe\u0cb2\u0cc1 \u0c95\u0cc6\u0c82\u0caa\u0cbe\u0c97\u0cbf\u0ca6\u0cc6; \u0cb6\u0cc2\u0cb0\u0cb0\u0cc1 \u0cb0\u0c95\u0ccd\u0ca4\u0cb5\u0cb0\u0ccd\u0ca3\u0ca6\u0cb5\u0cb0\u0cbe\u0c97\u0cbf\u0ca6\u0ccd\u0ca6\u0cbe\u0cb0\u0cc6; \u0c86\u0ca4\u0ca8\u0cc1 \u0cb8\u0cbf\u0ca6\u0ccd\u0ca7\u0cae\u0cbe\u0ca1\u0cc1\u0cb5 \u0ca6\u0cbf\u0ca8 \u0ca6\u0cb2\u0ccd\u0cb2\u0cbf \u0cb0\u0ca5\u0c97\u0cb3\u0cc1 \u0cb9\u0cca\u0cb3\u0cc6\u0caf\u0cc1\u0cb5 \u0ca6\u0cc0\u0cb5\u0c9f\u0cbf\u0c97\u0cc6\u0c97\u0cb3 \u0cb9\u0cbe\u0c97\u0cc6 \u0c87\u0cb0\u0cc1\u0cb5\u0cb5\u0cc1; \u0cb8\u0cc8\u0caa\u0ccd\u0cb0\u0cb8\u0ccd\u200c \u0cae\u0cb0\u0c97\u0cb3\u0cc1 \u0cad\u0caf\u0c82\u0c95\u0cb0\u0cb5\u0cbe\u0c97\u0cbf \u0c85\u0cb2\u0ccd\u0cb2\u0cbe \u0ca1\u0cbf\u0cb8\u0cb2\u0ccd\u0caa\u0ca1\u0cc1\u0cb5\u0cb5\u0cc1."},{"Verseid":"33001003","Verse":"\u0cb0\u0ca5\u0c97\u0cb3\u0cc1 \u0cac\u0cc0\u0ca6\u0cbf\u0c97\u0cb3\u0cb2\u0ccd\u0cb2\u0cbf \u0cb0\u0cad\u0cb8\u0cb5\u0cbe\u0c97\u0cbf \u0c93\u0ca1\u0cbe\u0ca1\u0cc1\u0cb5\u0cb5\u0cc1. \u0cb9\u0cc6\u0ca6\u0ccd\u0ca6\u0cbe\u0cb0\u0cbf\u0c97\u0cb3\u0cb2\u0ccd\u0cb2\u0cbf \u0c92\u0c82\u0ca6\u0c95\u0ccd\u0c95\u0cca\u0c82\u0ca6\u0cc1 \u0ca4\u0c97\u0cb2\u0cc1 \u0cb5\u0cb5\u0cc1; \u0ca6\u0cc0\u0cb5\u0c9f\u0cbf\u0c97\u0cc6\u0c97\u0cb3 \u0cb9\u0cbe\u0c97\u0cc6 \u0ca4\u0ccb\u0cb0\u0cc1\u0cb5\u0cb5\u0cc1, \u0cae\u0cbf\u0c82\u0c9a\u0cc1\u0c97\u0cb3 \u0cb9\u0cbe\u0c97\u0cc6 \u0c93\u0ca1\u0cc1\u0cb5\u0cb5\u0cc1."},{"Verseid":"33001004","Verse":"\u0c86\u0ca4\u0ca8\u0cc1 \u0ca4\u0ca8\u0c97\u0cc6 \u0caf\u0ccb\u0c97\u0ccd\u0caf\u0cb5\u0cbe\u0ca6\u0cb5 \u0cb0\u0ca8\u0ccd\u0ca8\u0cc1 \u0c97\u0cae\u0ca8\u0cbf\u0cb8\u0cc1\u0cb5\u0ca8\u0cc1. \u0c85\u0cb5\u0cb0\u0cc1 \u0ca4\u0cae\u0ccd\u0cae \u0ca8\u0ca1\u0cc6\u0caf\u0cb2\u0ccd\u0cb2\u0cbf \u0c8e\u0ca1\u0cb5\u0cc1\u0cb5\u0cb0\u0cc1; \u0c85\u0ca6\u0cb0 \u0c97\u0ccb\u0ca1\u0cc6\u0caf \u0cac\u0cb3\u0cbf\u0c97\u0cc6 \u0ca4\u0ccd\u0cb5\u0cb0\u0cc6\u0caf\u0cbe\u0c97\u0cbf \u0cac\u0cb0\u0cc1\u0cb5\u0cb0\u0cc1; \u0cb0\u0c95\u0ccd\u0cb7\u0ca3\u0cc6\u0caf\u0cc1 \u0cb8\u0cbf\u0ca6\u0ccd\u0ca7\u0cae\u0cbe\u0ca1\u0cb2\u0ccd\u0caa\u0ca1\u0cc1\u0cb5\u0ca6\u0cc1."},{"Verseid":"33001005","Verse":"\u0ca8\u0ca6\u0cbf\u0c97\u0cb3 \u0cac\u0cbe\u0c97\u0cb2\u0cc1\u0c97\u0cb3\u0cc1 \u0ca4\u0cc6\u0cb0\u0cc6\u0caf\u0cb2\u0ccd\u0caa\u0ca1\u0cc1\u0cb5\u0cb5\u0cc1; \u0c85\u0cb0\u0cae\u0ca8\u0cc6 \u0c95\u0cb0\u0c97\u0cbf\u0cb9\u0ccb\u0c97\u0cc1\u0cb5\u0ca6\u0cc1."},{"Verseid":"33001006","Verse":"\u0cb8\u0ccd\u0ca5\u0cbf\u0cb0\u0cb5\u0cbe\u0c97\u0cbf\u0ca6\u0ccd\u0ca6\u0cb5\u0cb3\u0cc1 \u0cb8\u0cc6\u0cb0\u0cc6\u0c97\u0cc6 \u0c92\u0caf\u0ccd\u0caf\u0cb2\u0ccd\u0caa\u0ca1\u0cc1\u0cb5\u0cb3\u0cc1, \u0cae\u0cc7\u0cb2\u0c95\u0ccd\u0c95\u0cc6 \u0ca4\u0cb0\u0cb2\u0ccd\u0caa\u0ca1\u0cc1\u0cb5\u0cb3\u0cc1; \u0c85\u0cb5\u0cb3 \u0ca6\u0cbe\u0cb8\u0cbf\u0caf\u0cb0\u0cc1 \u0caa\u0cbe\u0cb0\u0cbf\u0cb5\u0cbe\u0cb3\u0c97\u0cb3 \u0cb6\u0cac\u0ccd\u0ca6\u0ca6\u0c82\u0ca4\u0cc6 \u0cae\u0cc2\u0cb2\u0ccd\u0c97\u0cc1\u0ca4\u0ccd\u0ca4 \u0c8e\u0ca6\u0cc6\u0cac\u0ca1\u0cc1\u0c95\u0cca\u0cb3\u0ccd\u0cb3\u0cc1\u0cb5\u0cb0\u0cc1."},{"Verseid":"33001007","Verse":"\u0ca8\u0cbf\u0ca8\u0cc6\u0cb5\u0cc6 \u0cb9\u0cc1\u0c9f\u0ccd\u0c9f\u0cbf\u0ca6\u0c82\u0ca6\u0cbf\u0ca8\u0cbf\u0c82\u0ca6 \u0ca8\u0cc0\u0cb0\u0cbf\u0ca8 \u0c95\u0cc6\u0cb0\u0cc6\u0caf \u0cb9\u0cbe\u0c97\u0cbf\u0ca4\u0ccd\u0ca4\u0cc1; \u0c86\u0ca6\u0cb0\u0cc2 \u0c85\u0cb5\u0cb0\u0cc1 \u0c93\u0ca1\u0cbf\u0cb9\u0ccb\u0c97\u0cc1\u0ca4\u0ccd\u0ca4\u0cbe\u0cb0\u0cc6; \u0ca8\u0cbf\u0cb2\u0ccd\u0cb2\u0cbf\u0cb0\u0cbf, \u0ca8\u0cbf\u0cb2\u0ccd\u0cb2\u0cbf\u0cb0\u0cbf \u0c85\u0c82\u0ca6\u0cb0\u0cc2 \u0c92\u0cac\u0ccd\u0cac\u0ca8\u0cc2 \u0cb9\u0cbf\u0c82\u0ca6\u0c95\u0ccd\u0c95\u0cc6 \u0ca8\u0ccb\u0ca1\u0cc1\u0cb5\u0ca6\u0cbf\u0cb2\u0ccd\u0cb2."},{"Verseid":"33001008","Verse":"\u0cac\u0cc6\u0cb3\u0ccd\u0cb3\u0cbf\u0caf\u0ca8\u0ccd\u0ca8\u0cc1 \u0cb8\u0cc1\u0cb2\u0cc1\u0c95\u0cca\u0cb3\u0ccd\u0cb3\u0cbf\u0cb0\u0cbf; \u0cac\u0c82\u0c97\u0cbe\u0cb0\u0cb5\u0ca8\u0ccd\u0ca8\u0cc1 \u0cb8\u0cc1\u0cb2\u0cc1\u0c95\u0cca\u0cb3\u0ccd\u0cb3\u0cbf\u0cb0\u0cbf; \u0c95\u0cc2\u0ca1\u0cbf\u0cb8\u0cbf\u0c9f\u0ccd\u0c9f \u0ca7\u0ca8\u0c95\u0ccd\u0c95\u0cc2 \u0cb8\u0c95\u0cb2 \u0cb5\u0cbf\u0ca7\u0cb5\u0cbe\u0ca6 \u0cb6\u0ccd\u0cb0\u0cc7\u0cb7\u0ccd\u0ca0 \u0cb5\u0cb8\u0ccd\u0ca4\u0cc1\u0c97\u0cb3 \u0ca8\u0cbf\u0ca7\u0cbf\u0c97\u0cc2 \u0caa\u0cbe\u0cb0\u0cb5\u0cc7 \u0c87\u0cb2\u0ccd\u0cb2."},{"Verseid":"33001009","Verse":"\u0c85\u0ca6\u0cc1 \u0cac\u0cb0\u0cbf\u0ca6\u0cbe\u0c97\u0cbf\u0caf\u0cc2, \u0cac\u0cc8\u0cb2\u0cbe\u0c97\u0cbf\u0caf\u0cc2, \u0cb9\u0cbe\u0cb3\u0cbe \u0c97\u0cbf\u0caf\u0cc2 \u0c87\u0ca4\u0ccd\u0ca4\u0cc1; \u0cb9\u0cc3\u0ca6\u0caf \u0c95\u0cb0\u0c97\u0cc1\u0ca4\u0ccd\u0ca4\u0ca6\u0cc6; \u0cae\u0cca\u0ca3\u0c95\u0cbe\u0cb2\u0cc1\u0c97\u0cb3\u0cc1 \u0c92\u0c9f\u0ccd\u0c9f\u0cbe\u0c97\u0cbf \u0cac\u0ca1\u0cbf\u0ca6\u0cc1\u0c95\u0cca\u0cb3\u0ccd\u0cb3\u0cc1\u0ca4\u0ccd\u0ca4\u0cb5\u0cc6. \u0c8e\u0cb2\u0ccd\u0cb2\u0cbe \u0ca8\u0ca1\u0cc1\u0cb5\u0cc1\u0c97\u0cb3\u0cb2\u0ccd\u0cb2\u0cbf \u0cb9\u0cc6\u0c9a\u0ccd\u0c9a\u0cc1 \u0cb8\u0c82\u0c95\u0c9f \u0c89\u0c82\u0c9f\u0cc1; \u0c8e\u0cb2\u0ccd\u0cb2\u0cbe \u0cae\u0cc1\u0c96\u0c97\u0cb3\u0cc1 \u0c95\u0cb3\u0cc6 \u0c97\u0cc1\u0c82\u0ca6\u0cc1\u0ca4\u0ccd\u0ca4\u0cb5\u0cc6."},{"Verseid":"33001010","Verse":"\u0cb8\u0cbf\u0c82\u0cb9\u0ca6 \u0c97\u0cb5\u0cbf\u0caf\u0cc2 \u0c8e\u0cb3\u0cc7 \u0cb8\u0cbf\u0c82\u0cb9\u0c97\u0cb3\u0cc1 \u0cae\u0cc7\u0caf\u0cc1\u0cb5 \u0cb8\u0ccd\u0ca5\u0cb3\u0cb5\u0cc1 \u0c8e\u0cb2\u0ccd\u0cb2\u0cbf? \u0c85\u0cb2\u0ccd\u0cb2\u0cbf \u0cae\u0cc1\u0ca6\u0cbf\u0cb8\u0cbf\u0c82\u0cb9, \u0cb8\u0cbf\u0c82\u0cb9\u0cbf\u0ca3\u0cbf \u0cb8\u0cbf\u0c82\u0cb9\u0ca6 \u0cae\u0cb0\u0cbf\u0c97\u0cb3\u0cc1 \u0ca8\u0ca1\u0cc6\u0ca6\u0cbe\u0ca1\u0cbf\u0ca6\u0cb0\u0cc2 \u0caf\u0cbe\u0cb0\u0cc2 \u0cb9\u0cc6\u0ca6\u0cb0\u0cbf \u0cb8\u0cb2\u0cbf\u0cb2\u0ccd\u0cb2\u0cb5\u0cb2\u0ccd\u0cb2\u0cbe?"},{"Verseid":"33001011","Verse":"\u0cb8\u0cbf\u0c82\u0cb9\u0cb5\u0cc1 \u0ca4\u0ca8\u0ccd\u0ca8 \u0cae\u0cb0\u0cbf\u0c97\u0cb3\u0cbf\u0c97\u0cc6 \u0cb8\u0cbe\u0c95\u0cbe \u0c97\u0cc1\u0cb5\u0cb7\u0ccd\u0c9f\u0cc1 \u0cb8\u0cc0\u0cb3\u0cbf \u0ca4\u0ca8\u0ccd\u0ca8 \u0cb8\u0cbf\u0c82\u0cb9\u0cbf\u0ca3\u0cbf\u0c97\u0cb3\u0cbf\u0c97\u0ccb\u0cb8\u0ccd\u0c95\u0cb0 \u0c95\u0cca\u0cb0\u0cb3\u0cc1 \u0cb9\u0cbf\u0cb8\u0cc1\u0c95\u0cbf \u0c95\u0cca\u0cb3\u0ccd\u0cb3\u0cc6\u0caf\u0cbf\u0c82\u0ca6 \u0ca4\u0ca8\u0ccd\u0ca8 \u0c97\u0cb5\u0cbf\u0c97\u0cb3\u0ca8\u0ccd\u0ca8\u0cc2 \u0cb8\u0cc1\u0cb2\u0cbf\u0c97\u0cc6\u0caf\u0cbf\u0c82\u0ca6 \u0ca4\u0ca8\u0ccd\u0ca8 \u0c97\u0cc1\u0cb9\u0cc6\u0c97\u0cb3\u0ca8\u0ccd\u0ca8\u0cc2 \u0ca4\u0cc1\u0c82\u0cac\u0cbf\u0cb8\u0cc1\u0ca4\u0ccd\u0ca4\u0cbf\u0ca4\u0ccd\u0ca4\u0cc1."},{"Verseid":"33001012","Verse":"\u0cb8\u0cc8\u0ca8\u0ccd\u0caf\u0c97\u0cb3 \u0c95\u0cb0\u0ccd\u0ca4\u0ca8\u0cc1 \u0cb9\u0cc7\u0cb3\u0cc1\u0cb5\u0ca6\u0cc7\u0ca8\u0c82\u0ca6\u0cb0\u0cc6 -- \u0c87\u0c97\u0ccb, \u0ca8\u0cbe\u0ca8\u0cc1 \u0ca8\u0cbf\u0ca8\u0c97\u0cc6 \u0cb5\u0cbf\u0cb0\u0ccb\u0ca7\u0cb5\u0cbe\u0c97\u0cbf\u0ca6\u0ccd\u0ca6\u0cc7\u0ca8\u0cc6; \u0c85\u0ca6\u0cb0 \u0cb0\u0ca5\u0c97\u0cb3\u0ca8\u0ccd\u0ca8\u0cc1 \u0cb9\u0cca\u0c97\u0cc6\u0caf\u0cbe \u0c97\u0cb2\u0cc1 \u0cb8\u0cc1\u0ca1\u0cc1\u0ca4\u0ccd\u0ca4\u0cc7\u0ca8\u0cc6; \u0c95\u0ca4\u0ccd\u0ca4\u0cbf\u0caf\u0cc1 \u0ca8\u0cbf\u0ca8\u0ccd\u0ca8 \u0c8e\u0cb3\u0cc7 \u0cb8\u0cbf\u0c82\u0cb9\u0c97\u0cb3\u0ca8\u0ccd\u0ca8\u0cc1 \u0ca8\u0cc1\u0c82\u0c97\u0cbf\u0cac\u0cbf\u0ca1\u0cc1\u0cb5\u0ca6\u0cc1; \u0ca8\u0cbf\u0ca8\u0ccd\u0ca8 \u0c95\u0cca\u0cb3\u0ccd\u0cb3\u0cc6\u0caf\u0ca8\u0ccd\u0ca8\u0cc1 \u0cad\u0cc2\u0cae\u0cbf\u0caf \u0cae\u0cc7\u0cb2\u0cbf\u0ca8\u0cbf\u0c82\u0ca6 \u0c95\u0ca1\u0cbf\u0ca6\u0cc1\u0cac\u0cbf\u0ca1\u0cc1\u0ca4\u0ccd\u0ca4\u0cc7\u0ca8\u0cc6; \u0ca8\u0cbf\u0ca8\u0ccd\u0ca8 \u0cb8\u0cc7\u0cb5\u0c95\u0cb0 \u0cb6\u0cac\u0ccd\u0ca6\u0cb5\u0cc1 \u0c87\u0ca8\u0ccd\u0ca8\u0cc1 \u0c95\u0cc7\u0cb3\u0cb2\u0ccd\u0caa\u0ca1\u0cc1\u0cb5\u0ca6\u0cbf\u0cb2\u0ccd\u0cb2."}]},{"Verse":[{"Verseid":"33002000","Verse":"\u0cb0\u0c95\u0ccd\u0ca4\u0cb5\u0cc1\u0cb3\u0ccd\u0cb3 \u0caa\u0c9f\u0ccd\u0c9f\u0ca3\u0c95\u0ccd\u0c95\u0cc6 \u0c85\u0caf\u0ccd\u0caf\u0ccb! \u0c85\u0ca6\u0cc6\u0cb2\u0ccd\u0cb2\u0cbe \u0cb8\u0cc1\u0cb3\u0ccd\u0cb3\u0cbf\u0ca8\u0cbf\u0c82\u0ca6\u0cb2\u0cc2 \u0c95\u0cb3\u0ccd\u0cb3\u0ca4\u0ca8\u0ca6\u0cbf\u0c82\u0ca6\u0cb2\u0cc2 \u0ca4\u0cc1\u0c82\u0cac\u0cbf \u0caf\u0ca6\u0cc6; \u0c95\u0cca\u0cb3\u0ccd\u0cb3\u0cc6\u0caf\u0ca8\u0ccd\u0ca8\u0cc1 \u0cac\u0cbf\u0ca1\u0cc1\u0cb5\u0ca6\u0cbf\u0cb2\u0ccd\u0cb2."},{"Verseid":"33002001","Verse":"\u0c9a\u0cbe\u0cb5\u0c9f\u0cbf\u0c97\u0cc6 \u0c9a\u0cac\u0cc1\u0c95\u0cbf\u0ca8 \u0cb6\u0cac\u0ccd\u0ca6\u0cb5\u0cc2 \u0c9a\u0c95\u0ccd\u0cb0\u0c97\u0cb3 \u0ca7\u0ca1\u0ca7\u0ca1\u0ca8\u0cc6\u0caf \u0cb6\u0cac\u0ccd\u0ca6\u0cb5\u0cc2 \u0c95\u0cc1\u0ca6\u0cc1\u0cb0\u0cc6\u0c97\u0cb3 \u0c95\u0cc1\u0ca3\u0cbf\u0ca6\u0cbe\u0c9f\u0cb5\u0cc2 \u0cb0\u0ca5\u0c97\u0cb3 \u0cb9\u0cbe\u0cb0\u0cbe\u0c9f\u0cb5\u0cc2 \u0c89\u0c82\u0c9f\u0cc1."},{"Verseid":"33002002","Verse":"\u0cb8\u0cb5\u0cbe\u0cb0\u0ca8\u0cc1 \u0cb9\u0ca4\u0ccd\u0ca4\u0cc1\u0ca4\u0ccd\u0ca4\u0cbe\u0ca8\u0cc6, \u0c95\u0ca4\u0ccd\u0ca4\u0cbf\u0c97\u0cb3\u0cc1 \u0cae\u0cbf\u0c82\u0c9a\u0cc1 \u0ca4\u0ccd\u0ca4\u0cb5\u0cc6. \u0c88\u0c9f\u0cbf\u0c97\u0cb3\u0cc1 \u0ca5\u0cb3\u0ca5\u0cb3\u0cbf\u0cb8\u0cc1\u0ca4\u0ccd\u0ca4\u0cb5\u0cc6, \u0cb9\u0ca4\u0cb5\u0cbe\u0ca6\u0cb5\u0cb0\u0cc1 \u0cac\u0cb9\u0cb3; \u0cb9\u0cc6\u0ca3\u0c97\u0cb3\u0cc1 \u0cac\u0cb9\u0cb3; \u0cb6\u0cb5\u0c97\u0cb3\u0cbf\u0c97\u0cc6 \u0c85\u0c82\u0ca4\u0ccd\u0caf\u0cb5\u0cc7 \u0c87\u0cb2\u0ccd\u0cb2; \u0c85\u0cb5\u0cb0\u0cc1 \u0cb6\u0cb5\u0c97\u0cb3 \u0cae\u0cc7\u0cb2\u0cc6 \u0c8e\u0ca1\u0cb5\u0cc1\u0ca4\u0ccd\u0ca4\u0cbe\u0cb0\u0cc6."},{"Verseid":"33002003","Verse":"\u0cb8\u0ccc\u0c82\u0ca6\u0cb0\u0ccd\u0caf\u0cb5\u0cc1\u0cb3\u0ccd\u0cb3 \u0cae\u0cbe\u0c9f\u0c97\u0cbe\u0cb0\u0ccd\u0ca4\u0cbf\u0caf\u0cbe\u0ca6 \u0cb8\u0cc2\u0cb3\u0cc6\u0caf \u0cb8\u0cc2\u0cb3\u0cc6\u0ca4\u0ca8\u0c97\u0cb3\u0cc1 \u0cac\u0cb9\u0cb3; \u0c85\u0cb5\u0cb3\u0cc1 \u0ca4\u0ca8\u0ccd\u0ca8 \u0cb8\u0cc2\u0cb3\u0cc6\u0ca4\u0ca8\u0c97\u0cb3\u0cbf\u0c82\u0ca6 \u0c9c\u0ca8\u0cbe\u0c82\u0c97\u0c97\u0cb3\u0ca8\u0ccd\u0ca8\u0cc2 \u0ca4\u0ca8\u0ccd\u0ca8 \u0cae\u0cbe\u0c9f\u0c97\u0cb3\u0cbf\u0c82\u0ca6 \u0c97\u0ccb\u0ca4\u0ccd\u0cb0\u0c97\u0cb3\u0ca8\u0ccd\u0ca8\u0cc2 \u0cae\u0cbe\u0cb0\u0cbf\u0ca6\u0cb3\u0cb2\u0ccd\u0cb2\u0cbe?"},{"Verseid":"33002004","Verse":"\u0cb8\u0cc8\u0ca8\u0ccd\u0caf\u0c97\u0cb3 \u0c95\u0cb0\u0ccd\u0ca4\u0ca8\u0cc1 \u0cb9\u0cc7\u0cb3\u0cc1\u0cb5\u0ca6\u0cc7 \u0ca8\u0c82\u0ca6\u0cb0\u0cc6--\u0c87\u0c97\u0ccb, \u0ca8\u0cbe\u0ca8\u0cc1 \u0ca8\u0cbf\u0ca8\u0c97\u0cc6 \u0cb5\u0cbf\u0cb0\u0ccb\u0ca7\u0cb5\u0cbe\u0c97\u0cbf \u0ca6\u0ccd\u0ca6\u0cc7\u0ca8\u0cc6; \u0ca8\u0cbf\u0ca8\u0ccd\u0ca8 \u0cb8\u0cc6\u0cb0\u0c97\u0cc1\u0c97\u0cb3\u0ca8\u0ccd\u0ca8\u0cc1 \u0ca8\u0cbf\u0ca8\u0ccd\u0ca8 \u0cae\u0cc1\u0c96\u0ca6 \u0cae\u0cc7\u0cb2\u0cc6 \u0c8e\u0ca4\u0ccd\u0ca4\u0cbf \u0c9c\u0ca8\u0cbe\u0c82\u0c97\u0c97\u0cb3\u0cbf\u0c97\u0cc6 \u0ca8\u0cbf\u0ca8\u0ccd\u0ca8 \u0ca8\u0cbe\u0c9a\u0cbf\u0c95\u0cc6\u0caf\u0ca8\u0ccd\u0ca8\u0cc2 \u0cb0\u0cbe\u0c9c\u0ccd\u0caf\u0c97\u0cb3\u0cbf\u0c97\u0cc6 \u0ca8\u0cbf\u0ca8\u0ccd\u0ca8 \u0ca8\u0cbf\u0c82\u0ca6\u0cc6\u0caf \u0cac\u0cc6\u0ca4\u0ccd\u0ca4\u0cb2\u0cc6\u0ca4\u0ca8\u0cb5\u0ca8\u0ccd\u0ca8\u0cc2 \u0ca4\u0ccb\u0cb0\u0cbf\u0cb8\u0cc1\u0ca4\u0ccd\u0ca4\u0cc7\u0ca8\u0cc6."},{"Verseid":"33002005","Verse":"\u0c85\u0cb8\u0cb9\u0ccd\u0caf\u0cb5\u0cbe\u0ca6\u0cb5\u0cc1\u0c97\u0cb3\u0ca8\u0ccd\u0ca8\u0cc1 \u0ca8\u0cbf\u0ca8\u0ccd\u0ca8 \u0cae\u0cc7\u0cb2\u0cc6 \u0cb9\u0cbe\u0c95\u0cbf \u0ca8\u0cbf\u0ca8\u0ccd\u0ca8\u0ca8\u0ccd\u0ca8\u0cc1 \u0ca8\u0cc0\u0c9a\u0cb3\u0ca8\u0ccd\u0ca8\u0cbe\u0c97\u0cbf \u0cae\u0cbe\u0ca1\u0cbf \u0ca8\u0cbf\u0ca8\u0ccd\u0ca8\u0ca8\u0ccd\u0ca8\u0cc1 \u0ca8\u0ccb\u0c9f\u0c95\u0ccd\u0c95\u0cc6 \u0c87\u0ca1\u0cc1\u0ca4\u0ccd\u0ca4\u0cc7\u0ca8\u0cc6."},{"Verseid":"33002006","Verse":"\u0c86\u0c97 \u0c86\u0c97\u0cc1\u0cb5\u0ca6\u0cc7\u0ca8\u0c82\u0ca6\u0cb0\u0cc6, \u0ca8\u0cbf\u0ca8\u0ccd\u0ca8\u0ca8\u0ccd\u0ca8\u0cc1 \u0ca8\u0ccb\u0ca1\u0cc1\u0cb5\u0cb5 \u0cb0\u0cc6\u0cb2\u0ccd\u0cb2\u0cb0\u0cc2 \u0ca8\u0cbf\u0ca8\u0ccd\u0ca8\u0cbf\u0c82\u0ca6 \u0c93\u0ca1\u0cbf\u0cb9\u0ccb\u0c97\u0cbf \u0ca8\u0cbf\u0ca8\u0cc6\u0cb5\u0cc6 \u0cb9\u0cbe\u0cb3\u0cbe\u0caf\u0cbf\u0ca4\u0cc1; \u0c85\u0ca6\u0c95\u0ccd\u0c95\u0cc6 \u0caf\u0cbe\u0cb0\u0cc1 \u0c9a\u0cbf\u0c82\u0ca4\u0cc6\u0caa\u0ca1\u0cc1\u0cb5\u0cb0\u0cc1, \u0ca8\u0cbf\u0ca8\u0c97\u0cbe\u0c97\u0cbf \u0c86\u0ca6\u0cb0\u0cbf \u0cb8\u0cc1\u0cb5\u0cb5\u0cb0\u0ca8\u0ccd\u0ca8\u0cc1 \u0ca8\u0cbe\u0ca8\u0cc1 \u0c8e\u0cb2\u0ccd\u0cb2\u0cbf\u0c82\u0ca6 \u0cb9\u0cc1\u0ca1\u0cc1\u0c95\u0cb2\u0cbf \u0c8e\u0c82\u0ca6\u0cc1 \u0cb9\u0cc7\u0cb3\u0cc1\u0cb5\u0cb0\u0cc1."},{"Verseid":"33002007","Verse":"\u0ca8\u0ca6\u0cbf\u0c97\u0cb3 \u0cac\u0cb3\u0cbf \u0ca8\u0cc6\u0cb2\u0cc6\u0caf\u0cbe\u0c97\u0cbf\u0ca6\u0ccd\u0ca6 \u0c85\u0cae\u0ccb\u0ca8\u0cbf\u0c97\u0cbf\u0c82\u0ca4 \u0ca8\u0cc0\u0ca8\u0cc1 \u0c92\u0cb3\u0ccd\u0cb3\u0cc6\u0caf\u0cb5\u0cb3\u0ccb? \u0c85\u0ca6\u0cb0 \u0cb8\u0cc1\u0ca4\u0ccd\u0ca4\u0cb2\u0cc2 \u0ca8\u0cc0\u0cb0\u0cbf\u0ca4\u0ccd\u0ca4\u0cc1; \u0c85\u0ca6\u0cb0 \u0cac\u0cb2\u0cb5\u0cc1 \u0cb8\u0cae\u0cc1\u0ca6\u0ccd\u0cb0\u0cb5\u0cc7; \u0cb8\u0cae\u0cc1\u0ca6\u0ccd\u0cb0\u0cb5\u0cc1 \u0c85\u0ca6\u0c95\u0ccd\u0c95\u0cc6 \u0c97\u0ccb\u0ca1\u0cc6 \u0caf\u0cbe\u0c97\u0cbf\u0ca4\u0ccd\u0ca4\u0cc1."},{"Verseid":"33002008","Verse":"\u0c95\u0cc2\u0cb7\u0cc2 \u0c90\u0c97\u0cc1\u0caa\u0ccd\u0ca4\u0cb5\u0cc2 \u0c85\u0ca6\u0cb0 \u0cac\u0cb2 \u0cb5\u0cbe\u0c97\u0cbf\u0ca6\u0ccd\u0ca6\u0cb5\u0cc1; \u0cae\u0ca4\u0ccd\u0ca4\u0cc1 \u0cb2\u0cc6\u0c95\u0ccd\u0c95\u0cb5\u0cbf\u0cb2\u0ccd\u0cb2\u0ca6\u0ccd\u0ca6\u0cbe\u0c97\u0cbf\u0ca4\u0ccd\u0ca4\u0cc1; \u0caa\u0cc2\u0c9f\u0cb0\u0cc2 \u0cb2\u0cc2\u0cac\u0ccd\u0caf\u0cb0\u0cc2 \u0ca8\u0cbf\u0ca8\u0ccd\u0ca8 \u0cb8\u0cb9\u0cbe\u0caf\u0c95\u0cb0\u0cbe\u0c97\u0cbf\u0ca6\u0ccd\u0ca6\u0cb0\u0cc1."},{"Verseid":"33002009","Verse":"\u0c86\u0ca6\u0cb0\u0cc6 \u0c85\u0ca6\u0cc1 \u0cb8\u0cc6\u0cb0\u0cc6\u0caf\u0cbe\u0c97\u0cbf \u0ca6\u0cc7\u0cb6\u0cbe\u0c82\u0ca4\u0cb0\u0c95\u0ccd\u0c95\u0cc6 \u0cb9\u0ccb\u0caf\u0cbf\u0ca4\u0cc1; \u0c85\u0ca6\u0cb0 \u0c95\u0cc2\u0cb8\u0cc1\u0c97\u0cb3\u0cc1 \u0cb8\u0cb9 \u0c8e\u0cb2\u0ccd\u0cb2\u0cbe \u0cac\u0cc0\u0ca6\u0cbf\u0c97\u0cb3 \u0ca4\u0cc1\u0ca6\u0cbf\u0c97\u0cb3\u0cb2\u0ccd\u0cb2\u0cbf \u0c9c\u0c9c\u0ccd\u0c9c \u0cb2\u0ccd\u0caa\u0c9f\u0ccd\u0c9f\u0cb5\u0cc1; \u0c85\u0ca6\u0cb0 \u0c98\u0ca8\u0cb5\u0cc1\u0cb3\u0ccd\u0cb3\u0cb5\u0cb0\u0cbf\u0c97\u0ccb\u0cb8\u0ccd\u0c95\u0cb0 \u0c9a\u0cc0\u0c9f\u0cc1 \u0cb9\u0cbe\u0c95\u0cbf\u0ca6\u0cb0\u0cc1; \u0c85\u0ca6\u0cb0 \u0cae\u0cb9\u0ca8\u0cc0\u0caf\u0cb0\u0cc6\u0cb2\u0ccd\u0cb2\u0cb0\u0cc2 \u0cb8\u0c82\u0c95\u0ccb\u0cb2\u0cc6 \u0c97\u0cb3\u0cbf\u0c82\u0ca6 \u0c95\u0c9f\u0ccd\u0c9f\u0cb2\u0ccd\u0caa\u0c9f\u0ccd\u0c9f\u0cb0\u0cc1."},{"Verseid":"33002010","Verse":"\u0ca8\u0cc0\u0ca8\u0cc1 \u0cb8\u0cb9 \u0c85\u0cae\u0cb2\u0cc7\u0cb0\u0cbf\u0ca6\u0ccd\u0ca6\u0cc0, \u0c85\u0ca1\u0c97\u0cbf\u0c95\u0cca\u0cb3\u0ccd\u0cb3\u0cc1\u0cb5\u0cbf; \u0ca8\u0cc0\u0ca8\u0cc1 \u0cb8\u0cb9 \u0cb6\u0ca4\u0ccd\u0cb0\u0cc1\u0cb5\u0cbf\u0ca8 \u0ca8\u0cbf\u0cae\u0cbf\u0ca4\u0ccd\u0ca4 \u0ca4\u0ccd\u0cb0\u0cbe\u0ca3 \u0cb5\u0ca8\u0ccd\u0ca8\u0cc1 \u0cb9\u0cc1\u0ca1\u0cc1\u0c95\u0cc1\u0cb5\u0cbf."},{"Verseid":"33002011","Verse":"\u0ca8\u0cbf\u0ca8\u0ccd\u0ca8 \u0c95\u0ccb\u0c9f\u0cc6\u0c97\u0cb3\u0cc6\u0cb2\u0ccd\u0cb2\u0cbe \u0cae\u0cca\u0ca6\u0cb2\u0ca8\u0cc7 \u0cb9\u0ca3\u0ccd\u0ca3\u0cc1\u0c97\u0cb3\u0cc1\u0cb3\u0ccd\u0cb3 \u0c85\u0c82\u0c9c\u0cc2\u0cb0\u0ca6 \u0c97\u0cbf\u0ca1\u0c97\u0cb3 \u0cb9\u0cbe\u0c97\u0cbf\u0cb0\u0cc1\u0cb5\u0cb5\u0cc1; \u0c85\u0cb2\u0ccd\u0cb2\u0cbe\u0ca1\u0cbf\u0cb8\u0cb2\u0ccd\u0caa\u0c9f\u0ccd\u0c9f\u0cb0\u0cc6 \u0ca4\u0cbf\u0ca8\u0ccd\u0ca8\u0cc1\u0cb5\u0cb5\u0ca8 \u0cac\u0cbe\u0caf\u0cb2\u0ccd\u0cb2\u0cbf\u0caf\u0cc7 \u0cac\u0cc0\u0cb3\u0cc1\u0cb5\u0cb5\u0cc1."},{"Verseid":"33002012","Verse":"\u0c87\u0c97\u0ccb, \u0ca8\u0cbf\u0ca8\u0ccd\u0ca8 \u0cae\u0ca7\u0ccd\u0caf\u0ca6\u0cb2\u0ccd\u0cb2\u0cbf\u0cb0\u0cc1\u0cb5 \u0ca8\u0cbf\u0ca8\u0ccd\u0ca8 \u0c9c\u0ca8\u0cb0\u0cc1 \u0cb9\u0cc6\u0c82\u0c97\u0cb8\u0cb0 \u0cb9\u0cbe\u0c97\u0cbf\u0ca6\u0ccd\u0ca6\u0cbe\u0cb0\u0cc6; \u0ca8\u0cbf\u0ca8\u0ccd\u0ca8 \u0ca6\u0cc7\u0cb6\u0ca6 \u0cac\u0cbe\u0c97\u0cb2\u0cc1\u0c97\u0cb3\u0cc1 \u0ca8\u0cbf\u0ca8\u0ccd\u0ca8 \u0cb6\u0ca4\u0ccd\u0cb0\u0cc1\u0c97\u0cb3\u0cbf\u0c97\u0cc6 \u0c85\u0c97\u0cb2\u0cb5\u0cbe\u0c97\u0cbf \u0ca4\u0cc6\u0cb0\u0cc6\u0caf\u0cb2\u0ccd\u0caa\u0ca1\u0cc1\u0cb5\u0cb5\u0cc1; \u0cac\u0cc6\u0c82\u0c95\u0cbf \u0ca8\u0cbf\u0ca8\u0ccd\u0ca8 \u0c85\u0c97\u0cc1\u0cb3\u0cbf\u0c97\u0cb3\u0ca8\u0ccd\u0ca8\u0cc1 \u0ca4\u0cbf\u0c82\u0ca6\u0cc1\u0cac\u0cbf\u0ca1\u0cc1\u0cb5\u0ca6\u0cc1."},{"Verseid":"33002013","Verse":"\u0cae\u0cc1\u0ca4\u0ccd\u0ca4\u0cbf\u0c97\u0cc6\u0c97\u0ccb\u0cb8\u0ccd\u0c95\u0cb0 \u0ca8\u0cc0\u0cb0\u0ca8\u0ccd\u0ca8\u0cc1 \u0cb8\u0cc7\u0ca6\u0cc1 \u0ca8\u0cbf\u0ca8\u0ccd\u0ca8 \u0cac\u0cb2\u0cb5\u0cbe\u0ca6 \u0c95\u0ccb\u0c9f\u0cc6\u0c97\u0cb3\u0ca8\u0ccd\u0ca8\u0cc1 \u0cad\u0ca6\u0ccd\u0cb0 \u0cae\u0cbe\u0ca1\u0cc1; \u0c95\u0cc6\u0cb8\u0cb0\u0cbf\u0ca8\u0cb2\u0ccd\u0cb2\u0cbf \u0cb8\u0cc7\u0cb0\u0cc1 \u0cae\u0ca3\u0ccd\u0ca3\u0ca8\u0ccd\u0ca8\u0cc1 \u0ca4\u0cc1\u0cb3\u0cbf, \u0c87\u0c9f\u0ccd\u0c9f\u0cbf\u0c97\u0cc6 \u0c97\u0cc2\u0ca1\u0ca8\u0ccd\u0ca8\u0cc1 \u0cac\u0cb2\u0caa\u0ca1\u0cbf\u0cb8\u0cc1."},{"Verseid":"33002014","Verse":"\u0c85\u0cb2\u0ccd\u0cb2\u0cc7 \u0cac\u0cc6\u0c82\u0c95\u0cbf \u0ca8\u0cbf\u0ca8\u0ccd\u0ca8\u0ca8\u0ccd\u0ca8\u0cc1 \u0ca8\u0cc1\u0c82\u0c97\u0cc1\u0cb5\u0ca6\u0cc1; \u0c95\u0ca4\u0ccd\u0ca4\u0cbf\u0caf\u0cc1 \u0ca8\u0cbf\u0ca8\u0ccd\u0ca8\u0ca8\u0ccd\u0ca8\u0cc1 \u0c95\u0ca1\u0cbf\u0ca6\u0cc1\u0cac\u0cbf\u0ca1\u0cc1\u0cb5\u0ca6\u0cc1; \u0ca8\u0cbe\u0cb6\u0c95 \u0cb9\u0cc1\u0cb3\u0ca6\u0c82\u0ca4\u0cc6 \u0c85\u0ca6\u0cc1 \u0ca8\u0cbf\u0ca8\u0ccd\u0ca8\u0ca8\u0ccd\u0ca8\u0cc1 \u0ca4\u0cbf\u0c82\u0ca6\u0cc1\u0cac\u0cbf\u0ca1\u0cc1\u0cb5\u0ca6\u0cc1; \u0ca8\u0cbe\u0cb6\u0c95 \u0cb9\u0cc1\u0cb3\u0ca6\u0c82\u0ca4\u0cc6 \u0cac\u0cb9\u0cc1 \u0cae\u0c82\u0ca6\u0cbf\u0caf\u0cbe\u0c97\u0cc1; \u0cae\u0cbf\u0ca1\u0ca4\u0cc6\u0c97\u0cb3\u0c82\u0ca4\u0cc6 \u0cac\u0cb9\u0cc1 \u0cae\u0c82\u0ca6\u0cbf\u0caf\u0cbe\u0c97\u0cc1."},{"Verseid":"33002015","Verse":"\u0ca8\u0cbf\u0ca8\u0ccd\u0ca8 \u0cb5\u0cb0\u0ccd\u0ca4\u0c95\u0cb0\u0ca8\u0ccd\u0ca8\u0cc1 \u0c86\u0c95\u0cbe\u0cb6\u0ca6 \u0ca8\u0c95\u0ccd\u0cb7\u0ca4\u0ccd\u0cb0\u0c97\u0cb3\u0cbf\u0c97\u0cbf\u0c82\u0ca4 \u0cb9\u0cc6\u0c9a\u0ccd\u0c9a\u0cbf \u0cb8\u0cbf\u0ca6\u0ccd\u0ca6\u0cc0; \u0ca8\u0cbe\u0cb6\u0c95 \u0cb9\u0cc1\u0cb3\u0cb5\u0cc1 \u0ca8\u0cbe\u0cb6\u0cae\u0cbe\u0ca1\u0cbf \u0cb9\u0cbe\u0cb0\u0cbf\u0cb9\u0ccb\u0c97\u0cc1 \u0ca4\u0ccd\u0ca4\u0ca6\u0cc6."},{"Verseid":"33002016","Verse":"\u0ca8\u0cbf\u0ca8\u0ccd\u0ca8 \u0c95\u0cbf\u0cb0\u0cc0\u0c9f\u0ca7\u0cbe\u0cb0\u0cbf\u0c97\u0cb3\u0cc1 \u0cae\u0cbf\u0ca1\u0ca4\u0cc6\u0c97\u0cb3 \u0cb9\u0cbe\u0c97\u0cc6\u0caf\u0cc2 \u0ca8\u0cbf\u0ca8\u0ccd\u0ca8 \u0c85\u0ca7\u0cbf\u0caa\u0ca4\u0cbf\u0c97\u0cb3\u0cc1 \u0ca4\u0c82\u0caa\u0cbe\u0ca6 \u0ca6\u0cbf\u0ca8\u0ca6\u0cb2\u0ccd\u0cb2\u0cbf \u0cac\u0cc7\u0cb2\u0cbf\u0c97\u0cb3\u0cca\u0cb3\u0c97\u0cc6 \u0c87\u0cb3\u0cc1\u0c95\u0cca\u0cb3\u0ccd\u0cb3\u0cc1\u0cb5 \u0ca6\u0cca\u0ca1\u0ccd\u0ca1 \u0cae\u0cbf\u0ca1\u0ca4\u0cc6\u0c97\u0cb3 \u0cb9\u0cbe\u0c97\u0cc6\u0caf\u0cc2 \u0c87\u0ca6\u0ccd\u0ca6\u0cbe\u0cb0\u0cc6; \u0cb8\u0cc2\u0cb0\u0ccd\u0caf\u0ca8\u0cc1 \u0cb9\u0cc1\u0c9f\u0ccd\u0c9f\u0cc1\u0cb5\u0cbe\u0c97 \u0cb9\u0cbe\u0cb0\u0cbf\u0cb9\u0ccb\u0c97\u0cc1 \u0ca4\u0ccd\u0ca4\u0cb5\u0cc6; \u0c86\u0c97 \u0c85\u0cb5\u0cc1 \u0c8e\u0cb2\u0ccd\u0cb2\u0cbf\u0cb0\u0cc1\u0cb5\u0cb5\u0cc6\u0c82\u0ca6\u0cc1 \u0c85\u0cb5\u0cc1\u0c97\u0cb3 \u0cb8\u0ccd\u0ca5\u0cb3\u0cb5\u0cc1 \u0ca4\u0cbf\u0cb3\u0cbf\u0caf\u0cc1\u0cb5\u0ca6\u0cbf\u0cb2\u0ccd\u0cb2;"},{"Verseid":"33002017","Verse":"\u0c85\u0cb6\u0ccd\u0cb6\u0cc2\u0cb0\u0ccd\u0caf\u0ca6 \u0c85\u0cb0\u0cb8\u0ca8\u0cc7, \u0ca8\u0cbf\u0ca8\u0ccd\u0ca8 \u0c95\u0cc1\u0cb0\u0cc1\u0cac\u0cb0\u0cc1 \u0ca4\u0cc2\u0c95\u0ca1\u0cbf\u0cb8\u0cc1\u0ca4\u0ccd\u0ca4\u0cbe\u0cb0\u0cc6, \u0ca8\u0cbf\u0ca8\u0ccd\u0ca8 \u0cb6\u0ccd\u0cb0\u0cc7\u0cb7\u0ccd\u0ca0\u0cb0\u0cc1 \u0ca7\u0cc2\u0cb3\u0cbf\u0ca8\u0cb2\u0ccd\u0cb2\u0cbf \u0cac\u0cbf\u0ca6\u0ccd\u0ca6\u0cbf\u0ca6\u0ccd\u0ca6\u0cbe\u0cb0\u0cc6; \u0ca8\u0cbf\u0ca8\u0ccd\u0ca8 \u0c9c\u0ca8\u0cb0\u0cc1 \u0cac\u0cc6\u0c9f\u0ccd\u0c9f\u0c97\u0cb3\u0cb2\u0ccd\u0cb2\u0cbf \u0c9a\u0ca6\u0cb0\u0cbf \u0cb9\u0ccb\u0c97\u0cbf \u0ca6\u0ccd\u0ca6\u0cbe\u0cb0\u0cc6; \u0c95\u0cc2\u0ca1\u0cbf\u0cb8\u0cc1\u0cb5\u0cb5\u0cb0\u0cc1 \u0caf\u0cbe\u0cb0\u0cc2 \u0c87\u0cb2\u0ccd\u0cb2."},{"Verseid":"33002018","Verse":"\u0ca8\u0cbf\u0ca8\u0ccd\u0ca8 \u0c97\u0cbe\u0caf\u0cb5\u0cc1 \u0c97\u0cc1\u0ca3\u0cb9\u0cca\u0c82\u0ca6\u0ca6\u0cc1; \u0ca8\u0cbf\u0ca8\u0ccd\u0ca8 \u0c97\u0cbe\u0caf \u0c95\u0ca0\u0cbf\u0ca3 \u0cb5\u0cbe\u0ca6\u0ca6\u0ccd\u0ca6\u0cc1; \u0ca8\u0cbf\u0ca8\u0ccd\u0ca8 \u0cb8\u0cc1\u0ca6\u0ccd\u0ca6\u0cbf\u0caf\u0ca8\u0ccd\u0ca8\u0cc1 \u0c95\u0cc7\u0cb3\u0cc1\u0cb5\u0cb5\u0cb0\u0cc6\u0cb2\u0ccd\u0cb2\u0cb0\u0cc1 \u0ca8\u0cbf\u0ca8\u0c97\u0cc6 \u0c9a\u0caa\u0ccd\u0caa\u0cbe\u0cb3\u0cc6 \u0cb9\u0cca\u0ca1\u0cc6\u0caf\u0cc1\u0cb5\u0cb0\u0cc1; \u0ca8\u0cbf\u0ca8\u0ccd\u0ca8 \u0c95\u0cc6\u0c9f\u0ccd\u0c9f\u0ca4\u0ca8\u0cb5\u0cc1 \u0ca8\u0cbf\u0ca4\u0ccd\u0caf\u0cb5\u0cbe\u0c97\u0cbf \u0caf\u0cbe\u0cb0 \u0cae\u0cc7\u0cb2\u0cc6 \u0cb9\u0cbe\u0ca6\u0cc1\u0cb9\u0ccb\u0c97\u0ca6\u0cc6 \u0c87\u0ca4\u0ccd\u0ca4\u0cc1?"}]}]}