{"Chapter":[{"Verse":[{"Verseid":"47000000","Verse":"\u0cae\u0ca8\u0cc1\u0cb7\u0ccd\u0caf\u0cb0 \u0c95\u0ca1\u0cc6\u0caf\u0cbf\u0c82\u0ca6\u0cbe\u0c97\u0cb2\u0cbf \u0cae\u0ca8\u0cc1\u0cb7\u0ccd\u0caf\u0ca8 \u0cae\u0cc1\u0c96\u0cbe\u0c82\u0ca4\u0cb0\u0ca6\u0cbf\u0c82\u0ca6\u0cbe\u0c97\u0cb2\u0cbf \u0c85\u0caa\u0cca\u0cb8\u0ccd\u0ca4\u0cb2 \u0ca8\u0cbe\u0c97\u0cbf\u0cb0\u0ca6\u0cc6 \u0caf\u0cc7\u0cb8\u0cc1 \u0c95\u0ccd\u0cb0\u0cbf\u0cb8\u0ccd\u0ca4\u0ca8 \u0cae\u0cc1\u0c96\u0cbe\u0c82\u0ca4\u0cb0\u0cb5\u0cc2 \u0c86\u0ca4\u0ca8\u0ca8\u0ccd\u0ca8\u0cc1 \u0cb8\u0ca4\u0ccd\u0ca4\u0cb5\u0cb0\u0cca\u0cb3\u0c97\u0cbf\u0c82\u0ca6 \u0c8e\u0cac\u0ccd\u0cac\u0cbf\u0cb8\u0cbf\u0ca6 \u0ca4\u0c82\u0ca6\u0cc6\u0caf\u0cbe\u0ca6 \u0ca6\u0cc7\u0cb5 \u0cb0\u0cbf\u0c82\u0ca6\u0cb2\u0cc2 \u0c85\u0caa\u0cca\u0cb8\u0ccd\u0ca4\u0cb2\u0ca8\u0cbe\u0ca6 \u0caa\u0ccc\u0cb2\u0ca8\u0cc6\u0c82\u0cac \u0ca8\u0cbe\u0ca8\u0cc2"},{"Verseid":"47000001","Verse":"\u0ca8\u0ca8\u0ccd\u0ca8 \u0c9c\u0cca\u0ca4\u0cc6\u0caf\u0cb2\u0ccd\u0cb2\u0cbf\u0cb0\u0cc1\u0cb5 \u0c8e\u0cb2\u0ccd\u0cb2\u0cbe \u0cb8\u0cb9\u0ccb\u0ca6\u0cb0\u0cb0\u0cc2 \u0c97\u0cb2\u0cbe\u0ca4\u0ccd\u0caf\u0ca6\u0cb2\u0ccd\u0cb2\u0cbf\u0cb0\u0cc1\u0cb5 \u0cb8\u0cad\u0cc6\u0c97\u0cb3\u0cbf\u0c97\u0cc6--"},{"Verseid":"47000002","Verse":"\u0ca4\u0c82\u0ca6\u0cc6\u0caf\u0cbe\u0ca6 \u0ca6\u0cc7\u0cb5 \u0cb0\u0cbf\u0c82\u0ca6\u0cb2\u0cc2 \u0ca8\u0cae\u0ccd\u0cae \u0c95\u0cb0\u0ccd\u0ca4\u0ca8\u0cbe\u0ca6 \u0caf\u0cc7\u0cb8\u0cc1 \u0c95\u0ccd\u0cb0\u0cbf\u0cb8\u0ccd\u0ca4\u0ca8\u0cbf\u0c82\u0ca6\u0cb2\u0cc2 \u0ca8\u0cbf\u0cae\u0c97\u0cc6 \u0c95\u0cc3\u0caa\u0cc6\u0caf\u0cc2 \u0cb6\u0cbe\u0c82\u0ca4\u0cbf\u0caf\u0cc2 \u0c86\u0c97\u0cb2\u0cbf."},{"Verseid":"47000003","Verse":"\u0c88\u0ca4\u0ca8\u0cc1 \u0ca8\u0cae\u0ccd\u0cae\u0ca8\u0ccd\u0ca8\u0cc1 \u0c95\u0cc6\u0c9f\u0ccd\u0c9f\u0ca6\u0ccd\u0ca6\u0cbe\u0c97\u0cbf\u0cb0\u0cc1\u0cb5 \u0c88\u0c97\u0cbf\u0ca8 \u0caa\u0ccd\u0cb0\u0caa\u0c82\u0c9a\u0ca6\u0cca\u0cb3\u0c97\u0cbf\u0c82\u0ca6 \u0cac\u0cbf\u0ca1\u0cbf\u0cb8\u0cac\u0cc7\u0c95\u0cc6\u0c82\u0ca6\u0cc1 \u0ca8\u0cae\u0ccd\u0cae \u0ca4\u0c82\u0ca6\u0cc6 \u0caf\u0cbe\u0ca6 \u0ca6\u0cc7\u0cb5\u0cb0 \u0c9a\u0cbf\u0ca4\u0ccd\u0ca4\u0c95\u0ccd\u0c95\u0ca8\u0cc1\u0cb8\u0cbe\u0cb0\u0cb5\u0cbe\u0c97\u0cbf \u0ca8\u0cae\u0ccd\u0cae \u0caa\u0cbe\u0caa\u0c97\u0cb3\u0cbf\u0c97\u0ccb\u0cb8\u0ccd\u0c95\u0cb0 \u0ca4\u0ca8\u0ccd\u0ca8\u0ca8\u0ccd\u0ca8\u0cc1 \u0ca4\u0cbe\u0ca8\u0cc7 \u0c92\u0caa\u0ccd\u0caa\u0cbf\u0cb8\u0cbf\u0ca6\u0ca8\u0cc1."},{"Verseid":"47000004","Verse":"\u0c86\u0ca4\u0ca8\u0cbf\u0c97\u0cc6 \u0caf\u0cc1\u0c97\u0caf\u0cc1\u0c97\u0cbe\u0c82\u0ca4\u0cb0\u0c97\u0cb3\u0cb2\u0ccd\u0cb2\u0cbf\u0caf\u0cc2 \u0cae\u0cb9\u0cbf\u0cae\u0cc6\u0caf\u0cbe\u0c97\u0cb2\u0cbf. \u0c86\u0cae\u0cc6\u0ca8\u0ccd\u200c."},{"Verseid":"47000005","Verse":"\u0c95\u0ccd\u0cb0\u0cbf\u0cb8\u0ccd\u0ca4\u0ca8 \u0c95\u0cc3\u0caa\u0cc6\u0caf\u0cb2\u0ccd\u0cb2\u0cbf \u0ca8\u0cbf\u0cae\u0ccd\u0cae\u0ca8\u0ccd\u0ca8\u0cc1 \u0c95\u0cb0\u0cc6\u0ca6\u0cbe\u0ca4\u0ca8\u0cbf\u0c82\u0ca6 \u0ca8\u0cc0\u0cb5\u0cc1 \u0c87\u0cb7\u0ccd\u0c9f\u0cc1 \u0cac\u0cc7\u0c97\u0ca8\u0cc6 \u0cac\u0cc7\u0cb0\u0cc6 \u0cb8\u0cc1\u0cb5\u0cbe\u0cb0\u0ccd\u0ca4\u0cc6\u0c97\u0cc6 \u0ca4\u0cbf\u0cb0\u0cc1\u0c97\u0cbf\u0c95\u0cca\u0c82\u0ca1\u0cbf\u0cb0\u0cc6\u0c82\u0ca6\u0cc1 \u0ca8\u0cbe\u0ca8\u0cc1 \u0c86\u0cb6\u0ccd\u0c9a\u0cb0\u0ccd\u0caf\u0caa\u0ca1\u0cc1\u0ca4\u0ccd\u0ca4\u0cc7\u0ca8\u0cc6."},{"Verseid":"47000006","Verse":"\u0c85\u0ca6\u0cc1 \u0cb8\u0cc1\u0cb5\u0cbe\u0cb0\u0ccd\u0ca4\u0cc6\u0caf\u0cc7 \u0c85\u0cb2\u0ccd\u0cb2, \u0c86\u0ca6\u0cb0\u0cc6 \u0c95\u0cc6\u0cb2\u0cb5\u0cb0\u0cc1 \u0ca8\u0cbf\u0cae\u0ccd\u0cae\u0ca8\u0ccd\u0ca8\u0cc1 \u0c95\u0cb3\u0cb5\u0cb3\u0caa\u0ca1\u0cbf\u0cb8\u0cc1\u0ca4\u0ccd\u0ca4\u0cbe \u0c95\u0ccd\u0cb0\u0cbf\u0cb8\u0ccd\u0ca4\u0ca8 \u0cb8\u0cc1\u0cb5\u0cbe\u0cb0\u0ccd\u0ca4\u0cc6\u0caf\u0ca8\u0ccd\u0ca8\u0cc1 \u0cae\u0cbe\u0cb0\u0ccd\u0caa\u0ca1\u0cbf\u0cb8\u0cc1\u0cb5\u0ca6\u0c95\u0ccd\u0c95\u0cc6 \u0caa\u0ccd\u0cb0\u0caf\u0ca4\u0ccd\u0ca8\u0cbf\u0cb8\u0cc1\u0ca4\u0ccd\u0ca4\u0cbe\u0cb0\u0cc6."},{"Verseid":"47000007","Verse":"\u0c86\u0ca6\u0cb0\u0cc2 \u0ca8\u0cbe\u0cb5\u0cc1 \u0ca8\u0cbf\u0cae\u0c97\u0cc6 \u0cb8\u0cbe\u0cb0\u0cbf\u0ca6 \u0cb8\u0cc1\u0cb5\u0cbe\u0cb0\u0ccd\u0ca4\u0cc6\u0caf\u0cb2\u0ccd\u0cb2\u0ca6\u0cc6 \u0cac\u0cc7\u0cb0\u0cc6 \u0cb8\u0cc1\u0cb5\u0cbe\u0cb0\u0ccd\u0ca4\u0cc6\u0caf\u0ca8\u0ccd\u0ca8\u0cc1 \u0ca8\u0cbe\u0cb5\u0cc7 \u0c86\u0c97\u0cb2\u0cbf \u0caa\u0cb0\u0cb2\u0ccb\u0c95\u0ca6\u0cbf\u0c82\u0ca6 \u0cac\u0c82\u0ca6 \u0ca6\u0cc2\u0ca4\u0ca8\u0cc7 \u0c86\u0c97\u0cb2\u0cbf \u0ca8\u0cbf\u0cae\u0c97\u0cc6 \u0cb8\u0cbe\u0cb0\u0cbf\u0ca6\u0cb0\u0cc6 \u0c85\u0cb5\u0ca8\u0cc1 \u0cb6\u0cbe\u0caa\u0c97\u0ccd\u0cb0\u0cb8\u0ccd\u0ca4\u0ca8\u0cbe\u0c97\u0cb2\u0cbf."},{"Verseid":"47000008","Verse":"\u0ca8\u0cc0\u0cb5\u0cc1 \u0cb8\u0ccd\u0cb5\u0cc0\u0c95\u0cb0\u0cbf\u0cb8\u0cbf\u0ca6 \u0cb8\u0cc1\u0cb5\u0cbe\u0cb0\u0ccd\u0ca4\u0cc6\u0caf\u0ca8\u0ccd\u0ca8\u0cb2\u0ccd\u0cb2\u0ca6\u0cc6 \u0caf\u0cbe\u0cb5\u0ca8\u0cbe\u0ca6\u0cb0\u0cc2 \u0cac\u0cc7\u0cb0\u0cc6 \u0cb8\u0cc1\u0cb5\u0cbe\u0cb0\u0ccd\u0ca4\u0cc6\u0caf\u0ca8\u0ccd\u0ca8\u0cc1 \u0ca8\u0cbf\u0cae\u0c97\u0cc6 \u0cb8\u0cbe\u0cb0\u0cbf\u0ca6\u0cb0\u0cc6 \u0c85\u0cb5\u0ca8\u0cc1 \u0cb6\u0cbe\u0caa\u0c97\u0ccd\u0cb0\u0cb8\u0ccd\u0ca4\u0ca8\u0cbe\u0c97\u0cb2\u0cbf \u0c8e\u0c82\u0ca6\u0cc1 \u0ca8\u0cbe\u0cb5\u0cc1 \u0cae\u0cca\u0ca6\u0cb2\u0cc1 \u0cb9\u0cc7\u0cb3\u0cbf \u0ca6\u0c82\u0ca4\u0cc6\u0caf\u0cc7 \u0c88\u0c97\u0cb2\u0cc2 \u0ca8\u0cbe\u0ca8\u0cc1 \u0ca4\u0cbf\u0cb0\u0cbf\u0c97\u0cbf \u0cb9\u0cc7\u0cb3\u0cc1\u0ca4\u0ccd\u0ca4\u0cc7\u0ca8\u0cc6."},{"Verseid":"47000009","Verse":"\u0ca8\u0cbe\u0ca8\u0cc0\u0c97 \u0caf\u0cbe\u0cb0\u0ca8\u0ccd\u0ca8\u0cc1 \u0c92\u0cb2\u0cbf\u0cb8\u0cbf\u0c95\u0cca\u0cb3\u0ccd\u0cb3\u0cc1\u0ca4\u0ccd\u0ca4\u0cbe \u0c87\u0ca6\u0ccd\u0ca6\u0cc7\u0ca8\u0cc6? \u0cae\u0ca8\u0cc1\u0cb7\u0ccd\u0caf\u0cb0\u0ca8\u0ccd\u0ca8\u0ccb? \u0ca6\u0cc7\u0cb5\u0cb0\u0ca8\u0ccd\u0ca8\u0ccb? \u0ca8\u0cbe\u0ca8\u0cc1 \u0cae\u0ca8\u0cc1\u0cb7\u0ccd\u0caf \u0cb0\u0ca8\u0ccd\u0ca8\u0cc1 \u0cae\u0cc6\u0c9a\u0ccd\u0c9a\u0cbf\u0cb8\u0cc1\u0cb5\u0ca6\u0c95\u0ccd\u0c95\u0cc6 \u0caa\u0ccd\u0cb0\u0caf\u0ca4\u0ccd\u0ca8\u0cbf\u0cb8\u0cc1\u0ca4\u0ccd\u0ca4\u0cbe \u0c87\u0ca6\u0ccd\u0ca6\u0cc7\u0ca8\u0ccb? \u0c87\u0ca8\u0ccd\u0ca8\u0cc2 \u0cae\u0ca8\u0cc1\u0cb7\u0ccd\u0caf\u0cb0\u0ca8\u0ccd\u0ca8\u0cc1 \u0cae\u0cc6\u0c9a\u0ccd\u0c9a\u0cbf\u0cb8\u0cc1\u0cb5\u0cb5\u0ca8\u0cbe\u0c97\u0cbf\u0ca6\u0ccd\u0ca6\u0cb0\u0cc6 \u0ca8\u0cbe\u0ca8\u0cc1 \u0c95\u0ccd\u0cb0\u0cbf\u0cb8\u0ccd\u0ca4\u0ca8 \u0ca6\u0cbe\u0cb8\u0ca8\u0cb2\u0ccd\u0cb2."},{"Verseid":"47000010","Verse":"\u0cb8\u0cb9\u0ccb\u0ca6\u0cb0\u0cb0\u0cc7, \u0ca8\u0cbe\u0ca8\u0cc1 \u0cb8\u0cbe\u0cb0\u0cbf\u0ca6 \u0cb8\u0cc1\u0cb5\u0cbe\u0cb0\u0ccd\u0ca4\u0cc6 \u0caf\u0c82\u0ca4\u0cc2 \u0cae\u0ca8\u0cc1\u0cb7\u0ccd\u0caf\u0ca8\u0cbf\u0c82\u0ca6 \u0cac\u0c82\u0ca6\u0ca6\u0ccd\u0ca6\u0cb2\u0ccd\u0cb2\u0cb5\u0cc6\u0c82\u0ca6\u0cc1 \u0ca8\u0cbf\u0cae\u0c97\u0cc6 \u0ca6\u0cc3\u0ca2\u0cb5\u0cbe\u0c97\u0cbf \u0cb9\u0cc7\u0cb3\u0cc1\u0ca4\u0ccd\u0ca4\u0cc7\u0ca8\u0cc6."},{"Verseid":"47000011","Verse":"\u0ca8\u0cbe\u0ca8\u0cc1 \u0c85\u0ca6\u0ca8\u0ccd\u0ca8\u0cc1 \u0cae\u0ca8\u0cc1\u0cb7\u0ccd\u0caf \u0ca8\u0cbf\u0c82\u0ca6 \u0cb9\u0cca\u0c82\u0ca6\u0cb2\u0cbf\u0cb2\u0ccd\u0cb2. \u0c87\u0cb2\u0ccd\u0cb2\u0cb5\u0cc6 \u0ca8\u0ca8\u0c97\u0cc6 \u0caf\u0cbe\u0cb0\u0cc2 \u0c89\u0caa\u0ca6\u0cc7\u0cb6\u0cbf\u0cb8\u0cb2\u0cbf\u0cb2\u0ccd\u0cb2. \u0c86\u0ca6\u0cb0\u0cc6 \u0caf\u0cc7\u0cb8\u0cc1 \u0c95\u0ccd\u0cb0\u0cbf\u0cb8\u0ccd\u0ca4\u0ca8\u0cbf\u0c82\u0ca6\u0cb2\u0cc7 \u0c85\u0ca6\u0cc1 \u0ca8\u0ca8\u0c97\u0cc6 \u0caa\u0ccd\u0cb0\u0c95\u0c9f\u0cb5\u0cbe\u0caf\u0cbf\u0ca4\u0cc1."},{"Verseid":"47000012","Verse":"\u0cb9\u0cbf\u0c82\u0ca6\u0cc6 \u0ca8\u0cbe\u0ca8\u0cc1 \u0caf\u0cc6\u0cb9\u0cc2\u0ca6\u0ccd\u0caf \u0cae\u0ca4\u0ca6\u0cb2\u0ccd\u0cb2\u0cbf\u0ca6\u0ccd\u0ca6\u0cbe\u0c97 \u0ca8\u0ca8\u0ccd\u0ca8 \u0ca8\u0ca1\u0ca4\u0cc6 \u0c8e\u0c82\u0ca5\u0ca6\u0ccd\u0ca6\u0cbe\u0c97\u0cbf\u0ca4\u0ccd\u0ca4\u0cc6\u0c82\u0ca6\u0cc1 \u0ca8\u0cc0\u0cb5\u0cc1 \u0c95\u0cc7\u0cb3\u0cbf\u0ca6\u0ccd\u0ca6\u0cc0\u0cb0\u0cb7\u0ccd\u0c9f\u0cc6; \u0ca8\u0cbe\u0ca8\u0cc1 \u0ca6\u0cc7\u0cb5\u0cb0 \u0cb8\u0cad\u0cc6\u0caf\u0ca8\u0ccd\u0ca8\u0cc1 \u0cae\u0cbf\u0ca4\u0cbf\u0cb5\u0cbf\u0cbe\u0cb0\u0cbf \u0cb9\u0cbf\u0c82\u0cb8\u0cc6\u0caa\u0ca1\u0cbf\u0cb8\u0cbf \u0cb9\u0cbe\u0cb3\u0cc1\u0cae\u0cbe\u0ca1\u0cc1\u0ca4\u0ccd\u0ca4\u0cbf\u0ca6\u0ccd\u0ca6\u0cc6\u0ca8\u0cc1."},{"Verseid":"47000013","Verse":"\u0c87\u0ca6\u0cb2\u0ccd\u0cb2\u0ca6\u0cc6 \u0ca8\u0cbe\u0ca8\u0cc1 \u0ca8\u0ca8\u0ccd\u0ca8 \u0caa\u0cbf\u0ca4\u0cc3\u0c97\u0cb3\u0cbf\u0c82\u0ca6 \u0cac\u0c82\u0ca6 \u0cb8\u0c82\u0caa\u0ccd\u0cb0\u0ca6\u0cbe\u0caf\u0c97\u0cb3\u0cb2\u0ccd\u0cb2\u0cbf \u0cac\u0cb9\u0cc1 \u0c85\u0cad\u0cbf\u0cae\u0cbe\u0ca8\u0cb5\u0cc1\u0cb3\u0ccd\u0cb3\u0cb5\u0ca8\u0cbe\u0c97\u0cbf \u0ca8\u0ca8\u0ccd\u0ca8 \u0cb8\u0ccd\u0cb5\u0c82\u0ca4 \u0c9c\u0ca8\u0cbe\u0c82\u0c97\u0ca6\u0cb5 \u0cb0\u0cca\u0cb3\u0c97\u0cc6 \u0cb8\u0cae\u0caa\u0ccd\u0cb0\u0cbe\u0caf\u0ca6\u0cb5\u0cb0\u0cbe\u0ca6 \u0c85\u0ca8\u0cc7\u0c95\u0cb0\u0cbf\u0c97\u0cbf\u0c82\u0ca4 \u0caf\u0cc6\u0cb9\u0cc2\u0ca6\u0ccd\u0caf \u0cae\u0ca4\u0ca6\u0cb2\u0ccd\u0cb2\u0cbf \u0cb9\u0cc6\u0c9a\u0ccd\u0c9a\u0cc1 \u0c86\u0cb8\u0c95\u0ccd\u0ca4\u0ca8\u0cbe\u0c97\u0cbf\u0ca6\u0ccd\u0ca6\u0cc6\u0ca8\u0cc1"},{"Verseid":"47000014","Verse":"\u0c86\u0ca6\u0cb0\u0cc6 \u0ca8\u0cbe\u0ca8\u0cc1 \u0ca4\u0cbe\u0caf\u0cbf\u0caf \u0c97\u0cb0\u0ccd\u0cad\u0ca6\u0cb2\u0ccd\u0cb2\u0cbf\u0ca6\u0ccd\u0ca6\u0cbe\u0c97\u0cb2\u0cc7 \u0ca6\u0cc7\u0cb5\u0cb0\u0cc1 \u0ca8\u0ca8\u0ccd\u0ca8\u0ca8\u0ccd\u0ca8\u0cc1 \u0caa\u0ccd\u0cb0\u0ca4\u0ccd\u0caf\u0cc7\u0c95\u0cbf\u0cb8\u0cbf \u0ca4\u0ca8\u0ccd\u0ca8 \u0c95\u0cc3\u0caa\u0cc6\u0caf\u0cbf\u0c82\u0ca6 \u0ca8\u0ca8\u0ccd\u0ca8\u0ca8\u0ccd\u0ca8\u0cc1 \u0c95\u0cb0\u0cc6\u0ca6\u0ca8\u0cc1;"},{"Verseid":"47000015","Verse":"\u0c87\u0ca6\u0cb2\u0ccd\u0cb2\u0ca6\u0cc6 \u0ca6\u0cc7\u0cb5\u0cb0\u0cc1 \u0c85\u0ca8\u0ccd\u0caf\u0c9c\u0ca8\u0cb0\u0cb2\u0ccd\u0cb2\u0cbf \u0ca4\u0ca8\u0ccd\u0ca8 \u0cae\u0c97\u0ca8\u0ca8\u0ccd\u0ca8\u0cc1 \u0ca8\u0cbe\u0ca8\u0cc1 \u0cb8\u0cbe\u0cb0\u0cc1\u0cb5\u0cb5\u0ca8\u0cbe\u0c97\u0cac\u0cc7\u0c95\u0cc6\u0c82\u0ca6\u0cc1 \u0c86\u0ca4\u0ca8\u0ca8\u0ccd\u0ca8\u0cc1 \u0ca8\u0ca8\u0ccd\u0ca8\u0cca\u0cb3\u0c97\u0cc6 \u0caa\u0ccd\u0cb0\u0c95\u0c9f\u0cbf\u0cb8\u0cc1\u0cb5\u0ca6\u0c95\u0ccd\u0c95\u0cc6 \u0c87\u0c9a\u0ccd\u0c9b\u0cc8\u0cb8\u0cbf\u0ca6\u0cbe\u0c97\u0cb2\u0cc7 \u0ca8\u0cbe\u0ca8\u0cc1 \u0cae\u0ca8\u0cc1\u0cb7\u0ccd\u0caf\u0cb0\u0ca8\u0ccd\u0ca8\u0cc1 \u0cb5\u0cbf\u0c9a\u0cbe\u0cb0\u0cbf\u0cb8\u0ca6\u0cc6"},{"Verseid":"47000016","Verse":"\u0caf\u0cc6\u0cb0\u0cc2\u0cb8\u0cb2\u0cc7\u0cae\u0cbf\u0ca8\u0cb2\u0ccd\u0cb2\u0cbf \u0ca8\u0ca8\u0c97\u0cbf\u0c82\u0ca4 \u0cae\u0cc1\u0c82\u0c9a\u0cc6 \u0c85\u0caa\u0cca\u0cb8\u0ccd\u0ca4\u0cb2\u0cb0\u0cbe\u0c97\u0cbf\u0ca6\u0ccd\u0ca6\u0cb5\u0cb0 \u0cac\u0cb3\u0cbf\u0c97\u0cc2 \u0cb9\u0ccb\u0c97\u0ca6\u0cc6 \u0c85\u0cb0\u0cac\u0cb8\u0ccd\u0ca5\u0cbe\u0ca8\u0c95\u0ccd\u0c95\u0cc6 \u0cb9\u0ccb\u0c97\u0cbf \u0ca4\u0cbf\u0cb0\u0cbf\u0c97\u0cbf \u0ca6\u0cae\u0cb8\u0ccd\u0c95\u0c95\u0ccd\u0c95\u0cc6 \u0cac\u0c82\u0ca6\u0cc6\u0ca8\u0cc1."},{"Verseid":"47000017","Verse":"\u0cae\u0cc2\u0cb0\u0cc1 \u0cb5\u0cb0\u0cc1\u0cb7\u0c97\u0cb3\u0cbe\u0ca6 \u0cae\u0cc7\u0cb2\u0cc6 \u0caa\u0cc7\u0ca4\u0ccd\u0cb0\u0ca8\u0ca8\u0ccd\u0ca8\u0cc1 \u0ca8\u0ccb\u0ca1\u0cc1\u0cb5\u0ca6\u0c95\u0ccd\u0c95\u0cbe\u0c97\u0cbf \u0caf\u0cc6\u0cb0\u0cc2\u0cb8\u0cb2\u0cc7\u0cae\u0cbf\u0c97\u0cc6 \u0cb9\u0ccb\u0c97\u0cbf \u0c85\u0cb5\u0ca8 \u0cac\u0cb3\u0cbf\u0caf\u0cb2\u0ccd\u0cb2\u0cbf \u0cb9\u0ca6\u0cbf\u0ca8\u0cc8\u0ca6\u0cc1 \u0ca6\u0cbf\u0cb5\u0cb8 \u0c87\u0ca6\u0ccd\u0ca6\u0cc6\u0ca8\u0cc1."},{"Verseid":"47000018","Verse":"\u0c86\u0ca6\u0cb0\u0cc6 \u0c95\u0cb0\u0ccd\u0ca4\u0ca8 \u0cb8\u0cb9\u0ccb\u0ca6\u0cb0\u0ca8\u0cbe\u0ca6 \u0caf\u0cbe\u0c95\u0ccb\u0cac\u0ca8\u0ca8\u0ccd\u0ca8\u0cb2\u0ccd\u0cb2\u0ca6\u0cc6 \u0c85\u0caa\u0cca\u0cb8\u0ccd\u0ca4\u0cb2\u0cb0\u0cb2\u0ccd\u0cb2\u0cbf \u0cac\u0cc7\u0cb0\u0cc6 \u0caf\u0cbe\u0cb0\u0ca8\u0ccd\u0ca8\u0cc2 \u0ca8\u0cbe\u0ca8\u0cc1 \u0c95\u0cbe\u0ca3\u0cb2\u0cbf\u0cb2\u0ccd\u0cb2."},{"Verseid":"47000019","Verse":"\u0c88\u0c97 \u0ca8\u0cbe\u0ca8\u0cc1 \u0ca8\u0cbf\u0cae\u0c97\u0cc6 \u0cac\u0cb0\u0cc6\u0caf\u0cc1\u0cb5\u0cb5\u0cc1\u0c97\u0cb3 \u0cb5\u0cbf\u0cb7\u0caf \u0ca6\u0cb2\u0ccd\u0cb2\u0cbf \u0c87\u0c97\u0ccb, \u0ca6\u0cc7\u0cb5\u0cb0 \u0cae\u0cc1\u0c82\u0ca6\u0cc6 \u0ca8\u0cbe\u0ca8\u0cc1 \u0cb8\u0cc1\u0cb3\u0ccd\u0cb3\u0cbe\u0ca1\u0cc1 \u0cb5\u0ca6\u0cbf\u0cb2\u0ccd\u0cb2."},{"Verseid":"47000020","Verse":"\u0c86\u0cae\u0cc7\u0cb2\u0cc6 \u0cb8\u0cbf\u0cb0\u0cbf\u0caf \u0cae\u0ca4\u0ccd\u0ca4\u0cc1 \u0c95\u0cbf\u0cb2\u0cbf\u0c95\u0ccd\u0caf \u0caa\u0ccd\u0cb0\u0cbe\u0c82\u0ca4\u0ccd\u0caf \u0c97\u0cb3\u0cbf\u0c97\u0cc6 \u0cac\u0c82\u0ca6\u0cc6\u0ca8\u0cc1."},{"Verseid":"47000021","Verse":"\u0c86\u0c97 \u0c95\u0ccd\u0cb0\u0cbf\u0cb8\u0ccd\u0ca4\u0ca8\u0cb2\u0ccd\u0cb2\u0cbf\u0cb0\u0cc1\u0cb5 \u0caf\u0cc2\u0ca6\u0cbe\u0caf \u0cb8\u0cad\u0cc6\u0c97\u0cb3\u0cbf\u0c97\u0cc6 \u0ca8\u0ca8\u0ccd\u0ca8 \u0c97\u0cc1\u0cb0\u0cc1\u0ca4\u0cbf\u0cb0\u0cb2\u0cbf\u0cb2\u0ccd\u0cb2."},{"Verseid":"47000022","Verse":"\u0c85\u0cb5\u0cb0\u0cc1--\u0caa\u0cc2\u0cb0\u0ccd\u0cb5 \u0ca6\u0cb2\u0ccd\u0cb2\u0cbf \u0ca8\u0cae\u0ccd\u0cae\u0ca8\u0ccd\u0ca8\u0cc1 \u0cb9\u0cbf\u0c82\u0cb8\u0cc6\u0caa\u0ca1\u0cbf\u0cb8\u0cbf\u0ca6 \u0c87\u0cb5\u0ca8\u0cc1 \u0ca4\u0cbe\u0ca8\u0cc1 \u0cb9\u0cbe\u0cb3\u0cc1 \u0cae\u0cbe\u0ca1\u0cc1\u0ca4\u0ccd\u0ca4\u0cbf\u0ca6\u0ccd\u0ca6 \u0ca8\u0c82\u0cac\u0cbf\u0c95\u0cc6\u0caf\u0ca8\u0ccd\u0ca8\u0cc1 \u0c88\u0c97 \u0caa\u0ccd\u0cb0\u0cb8\u0cbf\u0ca6\u0ccd\u0ca7\u0cbf\u0caa\u0ca1\u0cbf\u0cb8\u0cc1\u0ca4\u0ccd\u0ca4\u0cbe\u0ca8\u0cc6 \u0c8e\u0c82\u0cac\u0ca6\u0ca8\u0ccd\u0ca8\u0cc1 \u0cae\u0cbe\u0ca4\u0ccd\u0cb0 \u0c85\u0cb5\u0cb0\u0cc1 \u0c95\u0cc7\u0cb3\u0cbf\u0ca6\u0cbe\u0c97"},{"Verseid":"47000023","Verse":"\u0ca8\u0ca8\u0ccd\u0ca8 \u0ca6\u0cc6\u0cb8\u0cc6\u0caf\u0cbf\u0c82\u0ca6 \u0ca6\u0cc7\u0cb5\u0cb0\u0ca8\u0ccd\u0ca8\u0cc1 \u0c95\u0cca\u0c82\u0ca1\u0cbe\u0ca1\u0cbf\u0ca6\u0cb0\u0cc1."}]},{"Verse":[{"Verseid":"47001000","Verse":"\u0cb9\u0ca6\u0cbf\u0ca8\u0cbe\u0cb2\u0ccd\u0c95\u0cc1 \u0cb5\u0cb0\u0cc1\u0cb7\u0c97\u0cb3\u0cbe\u0ca6 \u0cae\u0cc7\u0cb2\u0cc6 \u0ca8\u0cbe\u0ca8\u0cc1 \u0ca4\u0cc0\u0ca4\u0ca8\u0ca8\u0ccd\u0ca8\u0cc1 \u0c95\u0cb0\u0cc6\u0ca6\u0cc1\u0c95\u0cca\u0c82\u0ca1\u0cc1 \u0cac\u0cbe\u0cb0\u0ccd\u0ca8\u0cac\u0ca8 \u0c9c\u0cca\u0ca4\u0cc6\u0caf\u0cb2\u0ccd\u0cb2\u0cbf \u0ca4\u0cbf\u0cb0\u0cbf\u0c97\u0cbf \u0caf\u0cc6\u0cb0\u0cc2\u0cb8\u0cb2\u0cc7\u0cae\u0cbf\u0c97\u0cc6 \u0cb9\u0ccb\u0ca6\u0cc6\u0ca8\u0cc1."},{"Verseid":"47001001","Verse":"\u0caa\u0ccd\u0cb0\u0c95\u0c9f\u0ca8\u0cc6\u0c97\u0ca8\u0cc1\u0cb8\u0cbe\u0cb0\u0cb5\u0cbe\u0c97\u0cbf \u0c85\u0cb2\u0ccd\u0cb2\u0cbf\u0c97\u0cc6 \u0cb9\u0ccb\u0c97\u0cbf \u0c85\u0ca8\u0ccd\u0caf\u0c9c\u0ca8 \u0cb0\u0cb2\u0ccd\u0cb2\u0cbf \u0ca8\u0cbe\u0ca8\u0cc1 \u0cb8\u0cbe\u0cb0\u0cc1\u0cb5 \u0cb8\u0cc1\u0cb5\u0cbe\u0cb0\u0ccd\u0ca4\u0cc6\u0caf\u0ca8\u0ccd\u0ca8\u0cc1 \u0c85\u0cb2\u0ccd\u0cb2\u0cbf\u0ca6\u0ccd\u0ca6\u0cb5\u0cb0\u0cbf\u0c97\u0cc6 \u0ca4\u0cbf\u0cb3\u0cbf\u0cb8\u0cbf\u0ca6\u0cc6\u0ca8\u0cc1; \u0c86\u0ca6\u0cb0\u0cc6 \u0ca8\u0cbe\u0ca8\u0cc1 \u0caa\u0ca1\u0cc1\u0ca4\u0ccd\u0ca4\u0cbf\u0cb0\u0cc1\u0cb5 \u0caa\u0ccd\u0cb0\u0caf\u0cbe\u0cb8 \u0cb5\u0cbe\u0c97\u0cb2\u0cbf \u0caa\u0c9f\u0ccd\u0c9f \u0caa\u0ccd\u0cb0\u0caf\u0cbe\u0cb8\u0cb5\u0cbe\u0c97\u0cb2\u0cbf \u0ca8\u0cbf\u0cb7\u0ccd\u0cab\u0cb2\u0cb5\u0cbe\u0c97\u0cac\u0cbe\u0cb0 \u0ca6\u0cc6\u0c82\u0ca6\u0cc1 \u0cae\u0cbe\u0ca8\u0cbf\u0cb7\u0ccd\u0ca0\u0cb0\u0cbf\u0c97\u0cc6 \u0c8f\u0c95\u0cbe\u0c82\u0ca4\u0ca6\u0cb2\u0ccd\u0cb2\u0cbf \u0ca4\u0cbf\u0cb3\u0cbf\u0cb8\u0cbf\u0ca6\u0cc6\u0ca8\u0cc1."},{"Verseid":"47001002","Verse":"\u0ca8\u0ca8\u0ccd\u0ca8 \u0c9c\u0cca\u0ca4\u0cc6\u0caf\u0cb2\u0ccd\u0cb2\u0cbf\u0ca6\u0ccd\u0ca6 \u0ca4\u0cc0\u0ca4\u0ca8\u0cc1 \u0c97\u0ccd\u0cb0\u0cc0\u0c95\u0ca8\u0cbe\u0c97\u0cbf\u0ca6\u0ccd\u0ca6\u0cb0\u0cc2 \u0c85\u0cb5\u0ca8\u0cbf\u0c97\u0cc6 \u0cb8\u0cc1\u0ca8\u0ccd\u0ca8\u0ca4\u0cbf\u0caf\u0cbe\u0c97\u0cac\u0cc7\u0c95\u0cc6\u0c82\u0ca6\u0cc1 \u0caf\u0cbe\u0cb0\u0cc2 \u0cac\u0cb2\u0cbe\u0ca4\u0ccd\u0c95\u0cbe\u0cb0 \u0cae\u0cbe\u0ca1 \u0cb2\u0cbf\u0cb2\u0ccd\u0cb2."},{"Verseid":"47001003","Verse":"\u0c95\u0cb3\u0ccd\u0cb3\u0ca4\u0ca8\u0ca6\u0cbf\u0c82\u0ca6 \u0cb8\u0cc7\u0cb0\u0cbf\u0c95\u0cca\u0c82\u0ca1 \u0cb8\u0cc1\u0cb3\u0ccd\u0cb3\u0cc1 \u0cb8\u0cb9\u0ccb \u0ca6\u0cb0\u0cb0\u0cc1 \u0ca8\u0cae\u0ccd\u0cae\u0ca8\u0ccd\u0ca8\u0cc1 \u0ca6\u0cbe\u0cb8\u0ca4\u0ccd\u0cb5\u0ca6\u0cca\u0cb3\u0c97\u0cc6 \u0cb8\u0cbf\u0c95\u0ccd\u0c95\u0cbf\u0cb8\u0cac\u0cc7\u0c95\u0cc6\u0c82\u0ca6\u0cc1 \u0c95\u0ccd\u0cb0\u0cbf\u0cb8\u0ccd\u0ca4 \u0caf\u0cc7\u0cb8\u0cc1\u0cb5\u0cbf\u0ca8\u0cb2\u0ccd\u0cb2\u0cbf \u0ca8\u0cae\u0c97\u0cc6 \u0ca6\u0cca\u0cb0\u0c95\u0cbf\u0cb0\u0cc1\u0cb5 \u0cb8\u0ccd\u0cb5\u0cbe\u0ca4\u0c82\u0ca4\u0ccd\u0cb0\u0ccd\u0caf \u0cb5\u0ca8\u0ccd\u0ca8\u0cc1 \u0c97\u0cc2\u0ca2\u0cb5\u0cbe\u0c97\u0cbf \u0cb5\u0cbf\u0c9a\u0cbe\u0cb0\u0cbf\u0cb8\u0cc1\u0cb5\u0ca6\u0c95\u0ccd\u0c95\u0cc6 \u0cae\u0cb0\u0cb8\u0cbf\u0c95\u0cca\u0c82\u0ca1\u0cc1 \u0cac\u0c82\u0ca6\u0cb5\u0cb0\u0cc1."},{"Verseid":"47001004","Verse":"\u0cb8\u0cc1\u0cb5\u0cbe\u0cb0\u0ccd\u0ca4\u0cc6\u0caf \u0cb8\u0ca4\u0ccd\u0caf\u0cbe\u0cb0\u0ccd\u0ca5\u0cb5\u0cc1 \u0ca8\u0cbf\u0cae\u0ccd\u0cae\u0cb2\u0ccd\u0cb2\u0cbf \u0cb8\u0ccd\u0ca5\u0cbf\u0cb0\u0cb5\u0cbe\u0c97\u0cbf\u0cb0\u0cac\u0cc7\u0c95\u0cc6\u0c82\u0ca6\u0cc1 \u0ca8\u0cbe\u0cb5\u0cc1 \u0c85\u0cb5\u0cb0\u0cbf\u0c97\u0cc6 \u0cb5\u0cb6\u0cb5\u0cbe\u0c97\u0cc1\u0cb5\u0ca6\u0c95\u0ccd\u0c95\u0cc6 \u0c92\u0c82\u0ca6\u0cc1 \u0c97\u0cb3\u0cbf\u0c97\u0cc6\u0caf\u0cbe\u0ca6\u0cb0\u0cc2 \u0cb8\u0cae\u0ccd\u0cae\u0ca4\u0cbf\u0caa\u0ca1\u0cb2\u0cbf\u0cb2\u0ccd\u0cb2."},{"Verseid":"47001005","Verse":"\u0c86\u0ca6\u0cb0\u0cc6 \u0cae\u0cbe\u0ca8\u0cbf\u0cb7\u0ccd\u0ca0\u0cb0\u0cc6\u0ca8\u0cbf\u0cb8\u0cbf\u0c95\u0cca\u0c82\u0ca1\u0cb5\u0cb0\u0cbf\u0c82\u0ca6 \u0ca8\u0ca8\u0c97\u0cc7\u0ca8\u0cc2 \u0ca6\u0cca\u0cb0\u0cc6\u0caf \u0cb2\u0cbf\u0cb2\u0ccd\u0cb2; (\u0c85\u0cb5\u0cb0\u0cc1 \u0c8e\u0c82\u0ca5\u0cb5 \u0cb0\u0cbe\u0c97\u0cbf\u0ca6\u0ccd\u0ca6\u0cb0\u0cc2 \u0ca8\u0ca8\u0c97\u0cc6 \u0cb2\u0c95\u0ccd\u0cb7\u0ccd\u0caf\u0cb5\u0cbf\u0cb2\u0ccd\u0cb2; \u0ca6\u0cc7\u0cb5\u0cb0\u0cc1 \u0caa\u0c95\u0ccd\u0cb7\u0caa\u0cbe\u0ca4\u0cbf\u0caf\u0cb2\u0ccd\u0cb2). \u0caf\u0cbe\u0c95\u0c82\u0ca6\u0cb0\u0cc6 \u0cae\u0cbe\u0ca8\u0cbf\u0cb7\u0ccd\u0ca0\u0cb0\u0cc6\u0ca8\u0cbf\u0cb8\u0cbf \u0c95\u0cca\u0c82\u0ca1\u0cb5\u0cb0\u0cc1 \u0ca8\u0ca8\u0c97\u0cc6 \u0cb9\u0cc6\u0c9a\u0ccd\u0c9a\u0cc7\u0ca8\u0cc2 \u0c95\u0cc2\u0ca1\u0cbf\u0cb8\u0cb2\u0cbf\u0cb2\u0ccd\u0cb2."},{"Verseid":"47001006","Verse":"\u0c85\u0ca6\u0c95\u0ccd\u0c95\u0cc6 \u0cac\u0ca6\u0cb2\u0cbe\u0c97\u0cbf \u0cb8\u0cc1\u0ca8\u0ccd\u0ca8\u0ca4\u0cbf\u0caf\u0cb5\u0cb0 \u0cb8\u0cc1\u0cb5\u0cbe\u0cb0\u0ccd\u0ca4\u0cc6\u0caf\u0cc1 \u0caa\u0cc7\u0ca4\u0ccd\u0cb0\u0ca8\u0cbf\u0c97\u0cc6 \u0cb9\u0cc7\u0c97\u0ccb \u0cb9\u0cbe\u0c97\u0cc6\u0caf\u0cc7 \u0cb8\u0cc1\u0ca8\u0ccd\u0ca8\u0ca4\u0cbf\u0caf\u0cbf\u0cb2\u0ccd\u0cb2\u0ca6\u0cb5\u0cb0 \u0cb8\u0cc1\u0cb5\u0cbe \u0cb0\u0ccd\u0ca4\u0cc6\u0caf\u0cc1 \u0ca8\u0ca8\u0c97\u0cc6 \u0c92\u0caa\u0ccd\u0caa\u0cbf\u0cb8\u0cb2\u0ccd\u0caa\u0c9f\u0ccd\u0c9f\u0cbf\u0ca4\u0cc1."},{"Verseid":"47001007","Verse":"\u0cb8\u0cc1\u0ca8\u0ccd\u0ca8\u0ca4\u0cbf\u0caf\u0cbe\u0ca6\u0cb5\u0cb0\u0cbf\u0c97\u0cc6 \u0caa\u0cc7\u0ca4\u0ccd\u0cb0\u0ca8 \u0c85\u0caa\u0cca\u0cb8\u0ccd\u0ca4\u0cb2\u0ca4\u0ca8\u0cb5\u0cc1 \u0caa\u0cb0\u0cbf\u0ca3\u0cbe\u0cae\u0cb5\u0ca8\u0ccd\u0ca8\u0cc1\u0c82\u0c9f\u0cc1 \u0cae\u0cbe\u0ca1\u0cc1\u0cb5 \u0cb9\u0cbe\u0c97\u0cc6 \u0cae\u0cbe\u0ca1\u0cbf\u0ca6\u0cbe\u0ca4\u0ca8\u0cc7 \u0c85\u0ca8\u0ccd\u0caf \u0c9c\u0ca8\u0cb0\u0cbf\u0c97\u0cc6 \u0ca8\u0ca8\u0ccd\u0ca8 \u0c85\u0caa\u0cca\u0cb8\u0ccd\u0ca4\u0cb2\u0ca4\u0ca8\u0cb5\u0cc1 \u0cb6\u0c95\u0ccd\u0ca4\u0cbf\u0caf\u0cc1\u0cb3\u0ccd\u0cb3\u0ca6\u0ccd\u0ca6\u0cbe\u0c97\u0cbf\u0cb0\u0cc1\u0cb5\u0c82\u0ca4\u0cc6 \u0cae\u0cbe\u0ca1\u0cbf \u0ca6\u0ccd\u0ca6\u0ca8\u0ccd\u0ca8\u0cc1 \u0c85\u0cb5\u0cb0\u0cc1 \u0c95\u0c82\u0ca1\u0cb0\u0cc1."},{"Verseid":"47001008","Verse":"\u0cb8\u0ccd\u0ca4\u0c82\u0cad\u0c97\u0cb3\u0cc6\u0c82\u0ca6\u0cc1 \u0c95\u0cbe\u0ca3\u0cbf\u0cb8\u0cbf \u0c95\u0cca\u0c82\u0ca1\u0cbf\u0cb0\u0cc1\u0cb5 \u0caf\u0cbe\u0c95\u0ccb\u0cac \u0c95\u0cc7\u0cab \u0caf\u0ccb\u0cb9\u0cbe\u0ca8\u0cb0\u0cc1 \u0ca8\u0ca8\u0c97\u0cc6 \u0ca6\u0caf\u0caa\u0cbe\u0cb2\u0cbf\u0cb8\u0cbf\u0cb0\u0cc1\u0cb5 \u0c95\u0cc3\u0caa\u0cc6\u0caf\u0ca8\u0ccd\u0ca8\u0cc1 \u0ca4\u0cbf\u0cb3\u0cbf\u0ca6\u0cc1\u0c95\u0cca\u0c82\u0ca1\u0cc1 \u0c85\u0ca8\u0ccd\u0caf\u0ccb \u0ca8\u0ccd\u0caf\u0ca4\u0cc6\u0caf\u0ca8\u0ccd\u0ca8\u0cc1 \u0ca4\u0ccb\u0cb0\u0cbf\u0cb8\u0cc1\u0cb5\u0ca6\u0c95\u0ccd\u0c95\u0cbe\u0c97\u0cbf \u0ca8\u0ca8\u0c97\u0cc2 \u0cac\u0cbe\u0cb0\u0ccd\u0ca8\u0cac \u0ca8\u0cbf\u0c97\u0cc2 \u0cac\u0cb2\u0c97\u0cc8\u0c95\u0cca\u0c9f\u0ccd\u0c9f\u0cc1 --\u0ca4\u0cbe\u0cb5\u0cc1 \u0cb8\u0cc1\u0ca8\u0ccd\u0ca8\u0ca4\u0cbf\u0caf\u0cb5\u0cb0 \u0cac\u0cb3\u0cbf\u0c97\u0cc2 \u0ca8\u0cbe\u0cb5\u0cc1 \u0c85\u0ca8\u0ccd\u0caf\u0c9c\u0ca8\u0cb0 \u0cac\u0cb3\u0cbf\u0c97\u0cc2 \u0cb9\u0ccb\u0c97\u0cc1\u0cb5\u0ca6\u0c95\u0ccd\u0c95\u0cc6 \u0cb9\u0cc7\u0cb3\u0cbf \u0ca6\u0cb0\u0cc1."},{"Verseid":"47001009","Verse":"\u0c86\u0ca6\u0cb0\u0cc6 \u0ca8\u0cbe\u0cb5\u0cc1 \u0cac\u0ca1\u0cb5\u0cb0\u0ca8\u0ccd\u0ca8\u0cc1 \u0c9c\u0ccd\u0c9e\u0cbe\u0caa\u0c95 \u0cae\u0cbe\u0ca1\u0cbf \u0c95\u0cca\u0cb3\u0ccd\u0cb3\u0cac\u0cc7\u0c95\u0cc6\u0c82\u0cac \u0c92\u0c82\u0ca6\u0cc7 \u0cb5\u0cbf\u0cb7\u0caf\u0cb5\u0ca8\u0ccd\u0ca8\u0cc1 \u0c85\u0cb5\u0cb0\u0cc1 \u0cac\u0cc7\u0ca1\u0cbf \u0c95\u0cca\u0c82\u0ca1\u0cb0\u0cc1; \u0c87\u0ca6\u0ca8\u0ccd\u0ca8\u0cc1 \u0cae\u0cbe\u0ca1\u0cc1\u0cb5\u0ca6\u0cb0\u0cb2\u0ccd\u0cb2\u0cbf \u0ca8\u0cbe\u0ca8\u0cc2 \u0c86\u0cb8\u0c95\u0ccd\u0ca4\u0ca8\u0cbe\u0c97\u0cbf\u0ca6\u0ccd\u0ca6\u0cc6\u0ca8\u0cc1."},{"Verseid":"47001010","Verse":"\u0caa\u0cc7\u0ca4\u0ccd\u0cb0\u0ca8\u0cc1 \u0c85\u0c82\u0ca4\u0cbf\u0caf\u0ccb\u0c95\u0ccd\u0caf\u0c95\u0ccd\u0c95\u0cc6 \u0cac\u0c82\u0ca6\u0cbe\u0c97 \u0c85\u0cb5\u0ca8\u0cc1 \u0ca6\u0ccb\u0cb7\u0cbf\u0caf\u0cbe\u0c97\u0cbf \u0c95\u0cbe\u0ca3\u0cbf\u0cb8\u0cbf\u0c95\u0cca\u0c82\u0ca1\u0ca6\u0ccd\u0ca6\u0cb0\u0cbf\u0c82\u0ca6 \u0ca8\u0cbe\u0ca8\u0cc1 \u0c85\u0cb5 \u0ca8\u0ca8\u0ccd\u0ca8\u0cc1 \u0cae\u0cc1\u0c96\u0cbe\u0cae\u0cc1\u0c96\u0cbf\u0caf\u0cbe\u0c97\u0cbf \u0c8e\u0ca6\u0cc1\u0cb0\u0cbf\u0cb8\u0cbf\u0ca6\u0cc6\u0ca8\u0cc1."},{"Verseid":"47001011","Verse":"\u0caa\u0cc7\u0ca4\u0ccd\u0cb0\u0ca8\u0cc1 \u0c85\u0c82\u0ca4\u0cbf\u0caf\u0ccb\u0c95\u0ccd\u0caf\u0c95\u0ccd\u0c95\u0cc6 \u0cac\u0c82\u0ca6\u0cbe\u0c97 \u0c85\u0cb5\u0ca8\u0cc1 \u0ca6\u0ccb\u0cb7\u0cbf\u0caf\u0cbe\u0c97\u0cbf \u0c95\u0cbe\u0ca3\u0cbf\u0cb8\u0cbf\u0c95\u0cca\u0c82\u0ca1\u0ca6\u0ccd\u0ca6\u0cb0\u0cbf\u0c82\u0ca6 \u0ca8\u0cbe\u0ca8\u0cc1 \u0c85\u0cb5 \u0ca8\u0ca8\u0ccd\u0ca8\u0cc1 \u0cae\u0cc1\u0c96\u0cbe\u0cae\u0cc1\u0c96\u0cbf\u0caf\u0cbe\u0c97\u0cbf \u0c8e\u0ca6\u0cc1\u0cb0\u0cbf\u0cb8\u0cbf\u0ca6\u0cc6\u0ca8\u0cc1."},{"Verseid":"47001012","Verse":"\u0c87\u0ca6\u0cb2\u0ccd\u0cb2\u0ca6\u0cc6 \u0cae\u0cbf\u0c95\u0ccd\u0c95\u0cbe\u0ca6 \u0caf\u0cc6\u0cb9\u0cc2\u0ca6\u0ccd\u0caf\u0cb0\u0cc2 \u0c85\u0cb5\u0ca8\u0cca\u0c82\u0ca6\u0cbf\u0c97\u0cc6 \u0cb8\u0cc7\u0cb0\u0cbf \u0cb9\u0cbe\u0c97\u0cc6\u0caf\u0cc7 \u0c95\u0caa\u0c9f\u0cae\u0cbe\u0ca1\u0cbf\u0ca6\u0cb0\u0cc1; \u0cb9\u0cc0\u0c97\u0cc6 \u0cac\u0cbe\u0cb0\u0ccd\u0ca8\u0cac\u0ca8\u0cc2 \u0c85\u0cb5\u0cb0 \u0c95\u0caa\u0c9f\u0ca6 \u0cb8\u0cc6\u0cb3\u0cb5\u0cbf\u0c97\u0cc6 \u0cac\u0cbf\u0ca6\u0ccd\u0ca6\u0ca8\u0cc1."},{"Verseid":"47001013","Verse":"\u0c85\u0cb5\u0cb0\u0cc1 \u0cb8\u0cc1\u0cb5\u0cbe\u0cb0\u0ccd\u0ca4\u0cc6\u0caf \u0cb8\u0ca4\u0ccd\u0caf\u0cbe\u0cb0\u0ccd\u0ca5\u0ca6 \u0caa\u0ccd\u0cb0\u0c95\u0cbe\u0cb0 \u0ca8\u0cc6\u0c9f\u0ccd\u0c9f\u0c97\u0cc6 \u0ca8\u0ca1\u0cc6\u0caf\u0cb2\u0cbf\u0cb2\u0ccd\u0cb2\u0cb5\u0cc6\u0c82\u0ca6\u0cc1 \u0ca8\u0cbe\u0ca8\u0cc1 \u0c95\u0c82\u0ca1\u0cbe\u0c97 \u0c8e\u0cb2\u0ccd\u0cb2\u0cb0 \u0cae\u0cc1\u0c82\u0ca6\u0cc6 \u0caa\u0cc7\u0ca4\u0ccd\u0cb0\u0ca8\u0cbf\u0c97\u0cc6 \u0cb9\u0cc7\u0cb3\u0cbf\u0ca6\u0ccd\u0ca6\u0cc7\u0ca8\u0c82\u0ca6\u0cb0\u0cc6--\u0ca8\u0cc0\u0ca8\u0cc1 \u0caf\u0cc6\u0cb9\u0cc2\u0ca6\u0ccd\u0caf \u0ca8\u0cbe\u0c97\u0cbf\u0ca6\u0ccd\u0ca6\u0cc1 \u0caf\u0cc6\u0cb9\u0cc2\u0ca6\u0ccd\u0caf\u0cb0\u0c82\u0ca4\u0cc6 \u0ca8\u0ca1\u0cc6\u0caf\u0ca6\u0cc6 \u0c85\u0ca8\u0ccd\u0caf\u0c9c\u0ca8\u0cb0\u0c82\u0ca4\u0cc6 \u0ca8\u0ca1\u0cc6\u0ca6 \u0cae\u0cc7\u0cb2\u0cc6 \u0c85\u0ca8\u0ccd\u0caf\u0c9c\u0ca8\u0cb0\u0cbf\u0c97\u0cc6--\u0ca8\u0cc0\u0cb5\u0cc1 \u0caf\u0cc6\u0cb9\u0cc2\u0ca6\u0ccd\u0caf\u0cb0\u0c82\u0ca4\u0cc6 \u0ca8\u0ca1\u0c95\u0cca\u0cb3\u0ccd\u0cb3\u0cac\u0cc7\u0c95\u0cc6\u0c82\u0ca6\u0cc1 \u0ca8\u0cc0\u0ca8\u0cc1 \u0cac\u0cb2\u0cbe\u0ca4\u0ccd\u0c95\u0cbe\u0cb0"},{"Verseid":"47001014","Verse":"\u0ca8\u0cbe\u0cb5\u0c82\u0ca4\u0cc2 \u0cb9\u0cc1\u0c9f\u0ccd\u0c9f\u0cc1\u0caf\u0cc6\u0cb9\u0cc2\u0ca6\u0ccd\u0caf\u0cb0\u0cc1, \u0c85\u0ca8\u0ccd\u0caf\u0c9c\u0ca8 \u0cb0\u0c82\u0ca4\u0cc6 \u0caa\u0cbe\u0caa\u0cbf\u0c97\u0cb3\u0cb2\u0ccd\u0cb2."},{"Verseid":"47001015","Verse":"\u0c86\u0ca6\u0cb0\u0cc6 \u0caf\u0cbe\u0cb5\u0ca8\u0cbe\u0ca6\u0cb0\u0cc2 \u0caf\u0cc7\u0cb8\u0cc1 \u0c95\u0ccd\u0cb0\u0cbf\u0cb8\u0ccd\u0ca4\u0ca8 \u0cae\u0cc7\u0cb2\u0ca3 \u0ca8\u0c82\u0cac\u0cbf\u0c95\u0cc6\u0caf\u0cbf\u0c82\u0ca6\u0cb2\u0cc7 \u0cb9\u0cca\u0cb0\u0ca4\u0cc1 \u0ca8\u0ccd\u0caf\u0cbe\u0caf \u0caa\u0ccd\u0cb0\u0cae\u0cbe\u0ca3\u0ca6 \u0c95\u0ccd\u0cb0\u0cbf\u0caf\u0cc6\u0c97\u0cb3\u0cbf\u0c82\u0ca6 \u0ca8\u0cc0\u0ca4\u0cbf\u0cb5\u0c82\u0ca4\u0ca8\u0cc6\u0c82\u0ca6\u0cc1 \u0ca8\u0cbf\u0cb0\u0ccd\u0ca3 \u0caf\u0cbf\u0cb8\u0cb2\u0ccd\u0caa\u0ca1\u0cc1\u0cb5\u0ca6\u0cbf\u0cb2\u0ccd\u0cb2\u0cb5\u0cc6\u0c82\u0cac\u0ca6\u0cc1 \u0ca8\u0cae\u0c97\u0cc6 \u0ca4\u0cbf\u0cb3\u0cbf\u0ca6\u0cbf\u0cb0\u0cc1\u0cb5\u0ca6 \u0cb0\u0cbf\u0c82\u0ca6 \u0ca8\u0cbe\u0cb5\u0cc1 \u0cb8\u0cb9 \u0ca8\u0ccd\u0caf\u0cbe\u0caf \u0caa\u0ccd\u0cb0\u0cae\u0cbe\u0ca3\u0ca6 \u0c95\u0ccd\u0cb0\u0cbf\u0caf\u0cc6 \u0c97\u0cb3\u0cbf\u0c82\u0ca6\u0cb2\u0ccd\u0cb2, \u0c86\u0ca6\u0cb0\u0cc6 \u0c95\u0ccd\u0cb0\u0cbf\u0cb8\u0ccd\u0ca4\u0ca8 \u0cae\u0cc7\u0cb2\u0ca3 \u0ca8\u0c82\u0cac\u0cbf\u0c95\u0cc6\u0caf\u0cbf\u0c82\u0ca6\u0cb2\u0cc7 \u0ca8\u0cc0\u0ca4\u0cbf\u0cb5\u0c82\u0ca4\u0cb0\u0cc6\u0c82\u0ca6\u0cc1 \u0ca8\u0cbf\u0cb0\u0ccd\u0ca3\u0caf\u0cbf"},{"Verseid":"47001016","Verse":"\u0c86\u0ca6\u0cb0\u0cc6 \u0ca8\u0cbe\u0cb5\u0cc1 \u0c95\u0ccd\u0cb0\u0cbf\u0cb8\u0ccd\u0ca4\u0ca8 \u0cae\u0cc2\u0cb2\u0c95 \u0ca8\u0cc0\u0ca4\u0cbf\u0cb5\u0c82\u0ca4\u0cb0\u0cc6\u0c82\u0cac \u0ca8\u0cbf\u0cb0\u0ccd\u0ca3\u0caf \u0cb9\u0cca\u0c82\u0ca6\u0cc1 \u0cb5\u0ca6\u0c95\u0ccd\u0c95\u0cc6 \u0caa\u0ccd\u0cb0\u0caf\u0ca4\u0ccd\u0ca8\u0cbf\u0cb8\u0cc1\u0ca4\u0ccd\u0ca4\u0cbf\u0cb0\u0cc1\u0cb5\u0cbe\u0c97 \u0ca8\u0cbe\u0cb5\u0cc2 \u0caa\u0cbe\u0caa\u0cbf\u0c97\u0cb3\u0cbe\u0c97\u0cbf \u0ca4\u0ccb\u0cb0\u0cbf\u0cac\u0c82\u0ca6\u0cb0\u0cc6 \u0c95\u0ccd\u0cb0\u0cbf\u0cb8\u0ccd\u0ca4\u0ca8\u0cc1 \u0caa\u0cbe\u0caa\u0c95\u0ccd\u0c95\u0cc6 \u0cb8\u0cc7\u0cb5\u0c95\u0ca8\u0cc6\u0c82\u0ca6\u0cc1 \u0cb9\u0cc7\u0cb3 \u0cac\u0cc7\u0c95\u0cc7\u0ca8\u0cc1? \u0cb9\u0cbe\u0c97\u0cc6 \u0c8e\u0c82\u0ca6\u0cbf\u0c97\u0cc2 \u0cb9\u0cc7\u0cb3\u0cac\u0cbe\u0cb0\u0ca6\u0cc1."},{"Verseid":"47001017","Verse":"\u0ca8\u0cbe\u0ca8\u0cc1 \u0c95\u0cc6\u0ca1\u0cb5\u0cbf\u0ca6\u0cb5\u0cc1\u0c97\u0cb3\u0ca8\u0ccd\u0ca8\u0cc1 \u0ca4\u0cbf\u0cb0\u0cbf\u0c97\u0cbf \u0c95\u0c9f\u0ccd\u0c9f\u0cbf\u0ca6\u0cb0\u0cc6 \u0ca8\u0ca8\u0ccd\u0ca8\u0ca8\u0ccd\u0ca8\u0cc1 \u0ca8\u0cbe\u0ca8\u0cc7 \u0c85\u0caa\u0cb0\u0cbe\u0ca7\u0cbf\u0caf\u0ca8\u0ccd\u0ca8\u0cbe\u0c97\u0cbf \u0cae\u0cbe\u0ca1\u0cbf\u0c95\u0cca\u0cb3\u0ccd\u0cb3\u0cc1\u0ca4\u0ccd\u0ca4\u0cc7\u0ca8\u0cb2\u0ccd\u0cb2\u0cbe."},{"Verseid":"47001018","Verse":"\u0caf\u0cbe\u0c95\u0c82 \u0ca6\u0cb0\u0cc6 \u0ca8\u0cbe\u0ca8\u0c82\u0ca4\u0cc2 \u0ca6\u0cc7\u0cb5\u0cb0\u0cbf\u0c97\u0cbe\u0c97\u0cbf \u0c9c\u0cc0\u0cb5\u0cbf\u0cb8\u0cc1\u0cb5\u0ca6\u0c95\u0ccd\u0c95\u0cca\u0cb8\u0ccd\u0c95\u0cb0 \u0ca8\u0ccd\u0caf\u0cbe\u0caf\u0caa\u0ccd\u0cb0\u0cae\u0cbe\u0ca3\u0ca6 \u0cae\u0cc2\u0cb2\u0c95\u0cb5\u0cbe\u0c97\u0cbf \u0ca8\u0ccd\u0caf\u0cbe\u0caf\u0caa\u0ccd\u0cb0\u0cae\u0cbe \u0ca3\u0ca6 \u0caa\u0cbe\u0cb2\u0cbf\u0c97\u0cc6 \u0cb8\u0ca4\u0ccd\u0ca4\u0cc6\u0ca8\u0cc1."},{"Verseid":"47001019","Verse":"\u0c95\u0ccd\u0cb0\u0cbf\u0cb8\u0ccd\u0ca4\u0ca8\u0cca\u0c82\u0ca6\u0cbf\u0c97\u0cc6 \u0cb6\u0cbf\u0cb2\u0cc1\u0cac\u0cc6\u0c97\u0cc6 \u0cb9\u0cbe\u0c95\u0cbf\u0cb8\u0cbf\u0c95\u0cca\u0c82\u0ca1\u0cb5\u0ca8\u0cbe\u0c97\u0cbf\u0ca6\u0ccd\u0ca6\u0cc7\u0ca8\u0cc6; \u0c86\u0ca6\u0cbe\u0c97\u0ccd\u0caf\u0cc2 \u0ca8\u0cbe\u0ca8\u0cc1 \u0c9c\u0cc0\u0cb5\u0cbf \u0cb8\u0cc1\u0ca4\u0ccd\u0ca4\u0cc7\u0ca8\u0cc6; \u0c87\u0ca8\u0ccd\u0ca8\u0cc1 \u0c9c\u0cc0\u0cb5\u0cbf\u0cb8\u0cc1\u0cb5\u0cb5\u0ca8\u0cc1 \u0ca8\u0cbe\u0ca8\u0cb2\u0ccd\u0cb2, \u0c95\u0ccd\u0cb0\u0cbf\u0cb8\u0ccd\u0ca4\u0ca8\u0cc1 \u0ca8\u0ca8\u0ccd\u0ca8\u0cb2\u0ccd\u0cb2\u0cbf \u0c9c\u0cc0\u0cb5\u0cbf\u0cb8\u0cc1\u0ca4\u0ccd\u0ca4\u0cbe\u0ca8\u0cc6; \u0c88\u0c97 \u0cb6\u0cb0\u0cc0\u0cb0\u0ca6\u0cb2\u0ccd\u0cb2\u0cbf\u0cb0\u0cc1\u0cb5 \u0ca8\u0cbe\u0ca8\u0cc1 \u0c9c\u0cc0\u0cb5\u0cbf\u0cb8\u0cc1\u0cb5\u0ca6\u0cc1 \u0ca6\u0cc7\u0cb5\u0c95\u0cc1\u0cae\u0cbe\u0cb0\u0ca8 \u0cae\u0cc7\u0cb2\u0ca3 \u0ca8\u0c82\u0cac\u0cbf\u0c95\u0cc6 \u0caf\u0cb2\u0ccd\u0cb2\u0cbf\u0caf\u0cc7, \u0c86\u0ca4\u0ca8\u0cc1 \u0ca8\u0ca8\u0ccd\u0ca8\u0ca8\u0ccd\u0ca8\u0cc1 \u0caa\u0ccd\u0cb0\u0cc0\u0ca4\u0cbf\u0cb8\u0cbf \u0ca8\u0ca8\u0c97\u0ccb\u0cb8\u0ccd\u0c95\u0cb0 \u0ca4\u0ca8\u0ccd\u0ca8\u0ca8\u0ccd\u0ca8\u0cc7"},{"Verseid":"47001020","Verse":"\u0ca8\u0cbe\u0ca8\u0cc1 \u0ca6\u0cc7\u0cb5\u0cb0 \u0c95\u0cc3\u0caa\u0cc6\u0caf\u0ca8\u0ccd\u0ca8\u0cc1 \u0ca8\u0cbf\u0cb0\u0cb0\u0ccd\u0ca5\u0c95 \u0cae\u0cbe\u0ca1\u0cc1\u0cb5\u0ca6\u0cbf\u0cb2\u0ccd\u0cb2. \u0ca8\u0ccd\u0caf\u0cbe\u0caf\u0caa\u0ccd\u0cb0\u0cae\u0cbe\u0ca3\u0ca6\u0cbf\u0c82\u0ca6 \u0ca8\u0cc0\u0ca4\u0cbf\u0caf\u0cc1\u0c82\u0c9f\u0cbe\u0c97\u0cc1\u0cb5\u0ca6\u0cbe\u0ca6\u0cb0\u0cc6 \u0c95\u0ccd\u0cb0\u0cbf\u0cb8\u0ccd\u0ca4\u0ca8\u0cc1 \u0cae\u0cb0\u0ca3\u0cb5\u0ca8\u0ccd\u0ca8\u0cc1 \u0cb9\u0cca\u0c82\u0ca6\u0cbf\u0ca6\u0ccd\u0ca6\u0cc1 \u0cb5\u0ccd\u0caf\u0cb0\u0ccd\u0ca5\u0cb5\u0cbe\u0caf\u0cbf\u0ca4\u0cc1."}]},{"Verse":[{"Verseid":"47002000","Verse":"\u0c93 \u0cac\u0cc1\u0ca6\u0ccd\u0ca7\u0cbf\u0caf\u0cbf\u0cb2\u0ccd\u0cb2\u0ca6 \u0c97\u0cb2\u0cbe\u0ca4\u0ccd\u0caf\u0ca6\u0cb5\u0cb0\u0cc7, \u0cb8\u0ca4\u0ccd\u0caf\u0c95\u0ccd\u0c95\u0cc6 \u0cb5\u0cbf\u0ca7\u0cc7\u0caf\u0cb0\u0cbe\u0c97\u0ca6\u0c82\u0ca4\u0cc6 \u0ca8\u0cbf\u0cae\u0ccd\u0cae\u0ca8\u0ccd\u0ca8\u0cc1 \u0caf\u0cbe\u0cb0\u0cc1 \u0cae\u0cb0\u0cc1\u0cb3\u0cc1\u0c97\u0cca\u0cb3\u0cbf\u0cb8\u0cbf\u0ca6\u0cb0\u0cc1? \u0caf\u0cc7\u0cb8\u0cc1 \u0c95\u0ccd\u0cb0\u0cbf\u0cb8\u0ccd\u0ca4\u0ca8\u0cc1 \u0cb6\u0cbf\u0cb2\u0cc1\u0cac\u0cc6\u0c97\u0cc6 \u0cb9\u0cbe\u0c95\u0cbf\u0cb8\u0cbf\u0c95\u0cca\u0c82\u0ca1\u0cb5\u0ca8\u0cbe\u0c97\u0cbf \u0ca8\u0cbf\u0cae\u0ccd\u0cae \u0c95\u0ca3\u0ccd\u0ca3\u0cc6\u0ca6\u0cc1\u0cb0\u0cbf\u0ca8\u0cb2\u0ccd\u0cb2\u0cbf \u0cb8\u0ccd\u0caa\u0cb7\u0ccd\u0c9f\u0cb5\u0cbe\u0c97\u0cbf \u0cb5\u0cb0\u0ccd\u0ca3\u0cbf\u0cb8\u0cb2\u0ccd\u0caa\u0c9f\u0ccd\u0c9f\u0ca8\u0cb2\u0ccd\u0cb2\u0cb5\u0cc7?"},{"Verseid":"47002001","Verse":"\u0c92\u0c82\u0ca6\u0cc1 \u0cb8\u0c82\u0c97\u0ca4\u0cbf\u0caf\u0ca8\u0ccd\u0ca8\u0cc1 \u0cae\u0cbe\u0ca4\u0ccd\u0cb0 \u0ca8\u0cbf\u0cae\u0ccd\u0cae\u0cbf\u0c82\u0ca6 \u0ca4\u0cbf\u0cb3\u0cc1\u0c95\u0cca\u0cb3\u0ccd\u0cb3\u0cac\u0cc7\u0c95\u0cc6\u0c82\u0ca6\u0cbf\u0ca6\u0ccd\u0ca6\u0cc7\u0ca8\u0cc6. \u0ca8\u0cc0\u0cb5\u0cc1 \u0c86\u0ca4\u0ccd\u0cae\u0ca8\u0ca8\u0ccd\u0ca8\u0cc1 \u0cb9\u0cca\u0c82\u0ca6\u0cbf\u0ca6\u0ccd\u0ca6\u0cc1 \u0ca8\u0ccd\u0caf\u0cbe\u0caf\u0caa\u0ccd\u0cb0\u0cae\u0cbe\u0ca3\u0ca6 \u0c95\u0ccd\u0cb0\u0cbf\u0caf\u0cc6\u0c97\u0cb3\u0cbf\u0c82\u0ca6\u0cb2\u0ccb? \u0c87\u0cb2\u0ccd\u0cb2\u0cb5\u0cc6 \u0c95\u0cc7\u0cb3\u0cbf \u0ca8\u0c82\u0cac\u0cbf\u0ca6\u0ccd\u0ca6 \u0cb0\u0cbf\u0c82\u0ca6\u0cb2\u0ccb?"},{"Verseid":"47002002","Verse":"\u0ca8\u0cc0\u0cb5\u0cc1 \u0c87\u0cb7\u0ccd\u0c9f\u0cc1 \u0cac\u0cc1\u0ca6\u0ccd\u0ca7\u0cbf\u0caf\u0cbf\u0cb2\u0ccd\u0cb2 \u0ca6\u0cb5\u0cb0\u0cbe\u0c97\u0cbf\u0ca6\u0ccd\u0ca6\u0cc0\u0cb0\u0cbe? \u0c86\u0ca4\u0ccd\u0cae\u0ca8\u0cbf\u0c97\u0ca8\u0cc1\u0cb8\u0cbe\u0cb0\u0cb5\u0cbe\u0c97\u0cbf \u0caa\u0ccd\u0cb0\u0cbe\u0cb0\u0c82\u0cad\u0cbf\u0cb8\u0cbf \u0c88\u0c97 \u0cb6\u0cbe\u0cb0\u0cc0\u0cb0\u0cbf\u0c95 \u0cb0\u0cc0\u0ca4\u0cbf\u0caf\u0cb2\u0ccd\u0cb2\u0cbf \u0caa\u0cb0\u0cbf\u0caa\u0cc2\u0cb0\u0ccd\u0ca3\u0cb0\u0cbe\u0c97\u0cac\u0cc7\u0c95\u0cc6\u0c82\u0ca6\u0cbf \u0ca6\u0ccd\u0ca6\u0cc0\u0cb0\u0cbe?"},{"Verseid":"47002003","Verse":"\u0cb9\u0cbe\u0c97\u0cbe\u0ca6\u0cb0\u0cc6 \u0ca8\u0cc0\u0cb5\u0cc1 \u0c85\u0cb7\u0ccd\u0c9f\u0cc1 \u0cac\u0cbe\u0ca7\u0cc6\u0c97\u0cb3\u0ca8\u0ccd\u0ca8\u0cc1 \u0c85\u0ca8\u0cc1\u0cad\u0cb5\u0cbf\u0cb8\u0cbf\u0ca6\u0ccd\u0ca6\u0cc1 \u0cb5\u0ccd\u0caf\u0cb0\u0ccd\u0ca5\u0cb5\u0cbe\u0caf\u0cbf\u0ca4\u0ccb? \u0cb5\u0ccd\u0caf\u0cb0\u0ccd\u0ca5\u0cb5\u0cbe\u0caf\u0cbf \u0ca4\u0cc7\u0ca8\u0ccb?"},{"Verseid":"47002004","Verse":"\u0c86\u0ca4\u0ca8\u0cc1 \u0c86\u0ca4\u0ccd\u0cae\u0ca8\u0ca8\u0ccd\u0ca8\u0cc1 \u0ca8\u0cbf\u0cae\u0c97\u0cc6 \u0c95\u0cca\u0c9f\u0ccd\u0c9f\u0cc1 \u0ca8\u0cbf\u0cae\u0ccd\u0cae\u0cb2\u0ccd\u0cb2\u0cbf \u0cae\u0cb9\u0ca4\u0ccd\u0c95\u0cbe\u0cb0\u0ccd\u0caf\u0c97\u0cb3\u0ca8\u0ccd\u0ca8\u0cc1 \u0ca8\u0ca1\u0cbf\u0cb8\u0cbf\u0ca6\u0ca8\u0cb2\u0ccd\u0cb2\u0cbe. \u0cb9\u0cbe\u0c97\u0cc6 \u0cae\u0cbe\u0ca1\u0cbf\u0ca6\u0ccd\u0ca6\u0cc1 \u0ca8\u0ccd\u0caf\u0cbe\u0caf\u0caa\u0ccd\u0cb0\u0cae\u0cbe\u0ca3\u0ca6 \u0c95\u0ccd\u0cb0\u0cbf\u0caf\u0cc6\u0c97\u0cb3\u0cbf\u0c82\u0ca6\u0cb2\u0ccb \u0c87\u0cb2\u0ccd\u0cb2\u0cb5\u0cc6 \u0c95\u0cc7\u0cb3\u0cbf \u0ca8\u0c82\u0cac\u0cbf\u0ca6\u0ccd\u0ca6\u0cb0\u0cbf\u0c82\u0ca6\u0cb2\u0ccb?"},{"Verseid":"47002005","Verse":"\u0c85\u0cac\u0ccd\u0cb0\u0cb9\u0cbe\u0cae\u0ca8\u0cc1 \u0cb8\u0cb9\u0ca6\u0cc7\u0cb5 \u0cb0\u0ca8\u0ccd\u0ca8\u0cc1 \u0ca8\u0c82\u0cac\u0cbf\u0ca6\u0ca8\u0cc1, \u0c86 \u0ca8\u0c82\u0cac\u0cbf\u0c95\u0cc6\u0caf\u0cc1 \u0c85\u0cb5\u0ca8\u0cbf\u0c97\u0cc6 \u0ca8\u0cc0\u0ca4\u0cbf \u0caf\u0cc6\u0c82\u0ca6\u0cc1 \u0c8e\u0ca3\u0cbf\u0cb8\u0cb2\u0ccd\u0caa\u0c9f\u0ccd\u0c9f\u0cbf\u0ca4\u0cc1."},{"Verseid":"47002006","Verse":"\u0c86\u0ca6\u0ca6\u0cb0\u0cbf\u0c82\u0ca6 \u0ca8\u0c82\u0cac\u0cc1\u0cb5\u0cb5\u0cb0\u0cc7 \u0c85\u0cac\u0ccd\u0cb0\u0cb9\u0cbe\u0cae\u0ca8 \u0cae\u0c95\u0ccd\u0c95\u0cb3\u0cc6\u0c82\u0ca6\u0cc1 \u0ca8\u0cc0\u0cb5\u0cc1 \u0ca4\u0cbf\u0cb3\u0cbf\u0ca6\u0cc1\u0c95\u0cca\u0cb3\u0ccd\u0cb3\u0cbf\u0cb0\u0cbf."},{"Verseid":"47002007","Verse":"\u0ca6\u0cc7\u0cb5\u0cb0\u0cc1 \u0c85\u0ca8\u0ccd\u0caf\u0c9c\u0ca8\u0cb0\u0ca8\u0ccd\u0ca8\u0cc1 \u0ca8\u0c82\u0cac\u0cbf\u0c95\u0cc6\u0caf \u0cae\u0cc2\u0cb2\u0c95 \u0cb5\u0cbe\u0c97\u0cbf\u0caf\u0cc7 \u0ca8\u0cc0\u0ca4\u0cbf\u0cb5\u0c82\u0ca4\u0cb0\u0cc6\u0c82\u0ca6\u0cc1 \u0ca8\u0cbf\u0cb0\u0ccd\u0ca3\u0caf\u0cbf\u0cb8\u0cc1\u0cb5\u0ca8\u0cc6\u0c82\u0cac \u0ca6\u0cbe\u0c97\u0cbf \u0cac\u0cb0\u0cb9\u0cb5\u0cc1 \u0cae\u0cca\u0ca6\u0cb2\u0cc7 \u0c95\u0c82\u0ca1\u0cc1 \u0c85\u0cac\u0ccd\u0cb0\u0cb9\u0cbe\u0cae \u0ca8\u0cbf\u0c97\u0cc6--\u0ca8\u0cbf\u0ca8\u0ccd\u0ca8 \u0cae\u0cc2\u0cb2\u0c95 \u0c8e\u0cb2\u0ccd\u0cb2\u0cbe \u0c9c\u0ca8\u0cbe\u0c82\u0c97\u0c97\u0cb3\u0cb5\u0cb0\u0cbf\u0c97\u0cc6 \u0c86\u0cb6\u0cc0\u0cb0\u0ccd\u0cb5\u0cbe\u0ca6\u0cb5\u0cc1\u0c82\u0c9f\u0cbe\u0c97\u0cc1\u0cb5\u0ca6\u0cc6\u0c82\u0cac \u0cb8\u0cc1\u0cb5\u0cbe\u0cb0\u0ccd\u0ca4\u0cc6\u0caf\u0ca8\u0ccd\u0ca8\u0cc1 \u0cae\u0cc1\u0c82\u0c9a\u0cbf\u0ca4\u0cb5\u0cbe\u0c97\u0cbf\u0caf\u0cc7 \u0cb8\u0cbe\u0cb0\u0cbf\u0ca4\u0cc1 \u0c8e\u0c82\u0cac\u0ca6\u0cc7."},{"Verseid":"47002008","Verse":"\u0cb9\u0cc0\u0c97\u0cbf\u0cb0\u0cb2\u0cbe\u0c97\u0cbf \u0ca8\u0c82\u0cac\u0cc1\u0cb5\u0cb5\u0cb0\u0cc1 \u0ca8\u0c82\u0cac\u0cbf\u0c95\u0cc6\u0caf\u0cbf\u0c9f\u0ccd\u0c9f \u0c85\u0cac\u0ccd\u0cb0\u0cb9\u0cbe\u0cae\u0ca8\u0cca\u0c82\u0ca6\u0cbf\u0c97\u0cc6 \u0c86\u0cb6\u0cc0\u0cb0\u0ccd\u0cb5\u0cbe\u0ca6\u0cb5\u0ca8\u0ccd\u0ca8\u0cc1 \u0cb9\u0cca\u0c82\u0ca6\u0cc1\u0ca4\u0ccd\u0ca4\u0cbe\u0cb0\u0cc6."},{"Verseid":"47002009","Verse":"\u0ca8\u0ccd\u0caf\u0cbe\u0caf \u0caa\u0ccd\u0cb0\u0cae\u0cbe\u0ca3\u0ca6 \u0c95\u0ccd\u0cb0\u0cbf\u0caf\u0cc6\u0c97\u0cb3\u0ca8\u0ccd\u0ca8\u0cc1 \u0c86\u0ca7\u0cbe\u0cb0 \u0cae\u0cbe\u0ca1\u0cbf\u0c95\u0cca\u0cb3\u0ccd\u0cb3\u0cc1\u0cb5\u0cb5 \u0cb0\u0cc6\u0cb2\u0ccd\u0cb2\u0cb0\u0cc2 \u0cb6\u0cbe\u0caa\u0cbe\u0ca7\u0cc0\u0ca8\u0cb0\u0cbe\u0c97\u0cbf\u0ca6\u0ccd\u0ca6\u0cbe\u0cb0\u0cc6. \u0cb9\u0cc7\u0c97\u0c82\u0ca6\u0cb0\u0cc6, \u0ca8\u0ccd\u0caf\u0cbe\u0caf \u0caa\u0ccd\u0cb0\u0cae\u0cbe\u0ca3\u0ca6 \u0c97\u0ccd\u0cb0\u0c82\u0ca5\u0ca6\u0cca\u0cb3\u0c97\u0cc6 \u0cac\u0cb0\u0cc6\u0ca6\u0cbf\u0cb0\u0cc1\u0cb5\u0cb5\u0cc1\u0c97\u0cb3\u0ca8\u0ccd\u0ca8\u0cc6\u0cb2\u0ccd\u0cb2\u0cbe \u0ca8\u0cbf\u0ca4\u0ccd\u0caf\u0cb5\u0cc2 \u0c95\u0cc8\u0c95\u0cca\u0cb3\u0ccd\u0cb3\u0ca6\u0cbf\u0cb0\u0cc1\u0cb5 \u0caa\u0ccd\u0cb0\u0ca4\u0cbf\u0caf\u0cca\u0cac\u0ccd\u0cac\u0ca8\u0cc1 \u0cb6\u0cbe\u0caa\u0c97\u0ccd\u0cb0\u0cb8\u0ccd\u0ca4 \u0ca8\u0cc6\u0c82\u0ca6\u0cc1 \u0cac\u0cb0\u0cc6\u0ca6\u0ca6\u0cc6."},{"Verseid":"47002010","Verse":"\u0c87\u0ca6\u0cb2\u0ccd\u0cb2\u0ca6\u0cc6 \u0ca8\u0ccd\u0caf\u0cbe\u0caf\u0caa\u0ccd\u0cb0\u0cae\u0cbe\u0ca3\u0ca6\u0cbf\u0c82\u0ca6 \u0caf\u0cbe\u0cb5\u0ca8\u0cc2 \u0ca6\u0cc7\u0cb5\u0cb0 \u0cb8\u0ca8\u0ccd\u0ca8\u0cbf\u0ca7\u0cbf\u0caf\u0cb2\u0ccd\u0cb2\u0cbf \u0ca8\u0cc0\u0ca4\u0cbf\u0cb5\u0c82\u0ca4 \u0ca8\u0cbe\u0c97\u0cc1\u0cb5\u0ca6\u0cbf\u0cb2\u0ccd\u0cb2\u0cb5\u0cc6\u0c82\u0cac\u0ca6\u0cc1 \u0cb8\u0ccd\u0caa\u0cb7\u0ccd\u0c9f\u0cb5\u0cbe\u0c97\u0cbf\u0ca6\u0cc6. \u0caf\u0cbe\u0c95\u0c82\u0ca6\u0cb0\u0cc6-- \u0ca8\u0cc0\u0ca4\u0cbf\u0cb5\u0c82\u0ca4\u0ca8\u0cc1 \u0ca8\u0c82\u0cac\u0cbf\u0c95\u0cc6\u0caf\u0cbf\u0c82\u0ca6\u0cb2\u0cc7 \u0cac\u0ca6\u0cc1\u0c95\u0cc1\u0cb5\u0ca8\u0cc1 \u0c8e\u0c82\u0cac\u0ca6\u0cc1."},{"Verseid":"47002011","Verse":"\u0ca8\u0ccd\u0caf\u0cbe\u0caf\u0caa\u0ccd\u0cb0\u0cae\u0cbe\u0ca3\u0c95\u0ccd\u0c95\u0cc6 \u0ca8\u0c82\u0cac\u0cbf\u0c95\u0cc6\u0caf\u0cc1 \u0c86\u0ca7\u0cbe\u0cb0 \u0cb5\u0cb2\u0ccd\u0cb2. \u0c86\u0ca6\u0cb0\u0cc6--\u0c85\u0ca6\u0cb0 \u0c95\u0ccd\u0cb0\u0cbf\u0caf\u0cc6\u0c97\u0cb3\u0ca8\u0ccd\u0ca8\u0cc1 \u0cae\u0cbe\u0ca1\u0cc1\u0cb5\u0cb5\u0ca8\u0cc7 \u0c85\u0cb5\u0cc1\u0c97\u0cb3 \u0cae\u0cc2\u0cb2\u0c95 \u0cac\u0ca6\u0cc1\u0c95\u0cc1\u0cb5\u0ca8\u0cc1 \u0c8e\u0c82\u0cac\u0ca6\u0cc7."},{"Verseid":"47002012","Verse":"\u0c95\u0ccd\u0cb0\u0cbf\u0cb8\u0ccd\u0ca4\u0ca8\u0cc1 \u0ca8\u0cae\u0ccd\u0cae \u0ca8\u0cbf\u0cae\u0cbf\u0ca4\u0ccd\u0ca4 \u0cb6\u0cbe\u0caa\u0cb5\u0cbe\u0c97\u0cbf \u0cae\u0cbe\u0ca1\u0cb2\u0ccd\u0caa\u0c9f\u0ccd\u0c9f\u0cc1 \u0ca8\u0ccd\u0caf\u0cbe\u0caf\u0caa\u0ccd\u0cb0\u0cae\u0cbe\u0ca3\u0ca6 \u0cb6\u0cbe\u0caa\u0ca6\u0cca\u0cb3\u0c97\u0cbf\u0c82\u0ca6 \u0ca8\u0cae\u0ccd\u0cae\u0ca8\u0ccd\u0ca8\u0cc1 \u0cac\u0cbf\u0ca1\u0cbf\u0cb8\u0cbf\u0ca6\u0ca8\u0cc1. \u0caf\u0cbe\u0c95\u0c82\u0ca6\u0cb0\u0cc6--\u0cae\u0cb0\u0c95\u0ccd\u0c95\u0cc6 \u0ca4\u0cc2\u0c97\u0cb9\u0cbe\u0c95\u0cb2\u0ccd\u0caa\u0c9f\u0ccd\u0c9f \u0caa\u0ccd\u0cb0\u0ca4\u0cbf\u0caf\u0cca\u0cac\u0ccd\u0cac\u0ca8\u0cc1 \u0cb6\u0cbe\u0caa\u0c97\u0ccd\u0cb0\u0cb8\u0ccd\u0ca4\u0ca8\u0cc1 \u0c8e\u0c82\u0ca6\u0cc1 \u0cac\u0cb0\u0cc6\u0ca6\u0ca6\u0cc6\u0caf\u0cb2\u0ccd\u0cb2\u0cbe."},{"Verseid":"47002013","Verse":"\u0c85\u0cac\u0ccd\u0cb0\u0cb9\u0cbe\u0cae\u0ca8\u0cbf\u0c97\u0cc6 \u0c89\u0c82\u0c9f\u0cbe\u0ca6 \u0c86\u0cb6\u0cc0\u0cb0\u0ccd\u0cb5\u0cbe\u0ca6\u0cb5\u0cc1 \u0caf\u0cc7\u0cb8\u0cc1 \u0c95\u0ccd\u0cb0\u0cbf\u0cb8\u0ccd\u0ca4\u0ca8 \u0cae\u0cc2\u0cb2\u0c95 \u0c86\u0ca8\u0ccd\u0caf\u0c9c\u0ca8\u0cb0\u0cbf\u0c97\u0cc6 \u0c89\u0c82\u0c9f\u0cbe\u0c97\u0cc1 \u0cb5\u0c82\u0ca4\u0cc6 \u0ca6\u0cc7\u0cb5\u0cb0\u0cc1 \u0cb5\u0cbe\u0c97\u0ccd\u0ca6\u0cbe\u0ca8 \u0cae\u0cbe\u0ca1\u0cbf\u0ca6 \u0c86\u0ca4\u0ccd\u0cae\u0ca8\u0cc1 \u0ca8\u0cae\u0c97\u0cc6 \u0ca8\u0c82\u0cac\u0cbf\u0c95\u0cc6\u0caf \u0cae\u0cc2\u0cb2\u0c95 \u0ca6\u0cca\u0cb0\u0c95\u0cc1\u0cb5\u0c82\u0ca4\u0cbe\u0caf\u0cbf\u0ca4\u0cc1."},{"Verseid":"47002014","Verse":"\u0cb8\u0cb9\u0cca\u0ca6\u0cb0\u0cb0\u0cc7, \u0cae\u0ca8\u0cc1\u0cb7\u0ccd\u0caf \u0cb0\u0cc0\u0ca4\u0cbf\u0caf\u0cb2\u0ccd\u0cb2\u0cbf \u0ca8\u0cbe\u0ca8\u0cc1 \u0cae\u0cbe\u0ca4\u0ca8\u0cbe\u0ca1\u0cc1\u0ca4\u0ccd\u0ca4\u0cc7\u0ca8\u0cc6. \u0cb8\u0ccd\u0ca5\u0cbf\u0cb0\u0caa\u0ca1\u0cbf\u0cb8\u0cbf\u0ca6 \u0c92\u0c82\u0ca6\u0cc1 \u0c92\u0ca1\u0c82\u0cac\u0ca1\u0cbf\u0c95\u0cc6 \u0caf\u0cc1 \u0c95\u0cc7\u0cb5\u0cb2 \u0cae\u0ca8\u0cc1\u0cb7\u0ccd\u0caf\u0ca8\u0ca6\u0cbe\u0c97\u0cbf\u0ca6\u0ccd\u0ca6\u0cb0\u0cc2 \u0c85\u0ca6\u0ca8\u0ccd\u0ca8\u0cc1 \u0caf\u0cbe\u0cb0\u0cc2 \u0cb0\u0ca6\u0ccd\u0ca6\u0cc1 \u0cae\u0cbe\u0ca1\u0cc1\u0cb5\u0ca6\u0cbf\u0cb2\u0ccd\u0cb2 \u0c87\u0cb2\u0ccd\u0cb2\u0cb5\u0cc6 \u0c85\u0ca6\u0c95\u0ccd\u0c95\u0cc6 \u0cb9\u0cc6\u0c9a\u0ccd\u0c9a\u0cc7\u0ca8\u0cc2 \u0c95\u0cc2\u0ca1\u0cbf\u0cb8\u0cc1\u0cb5\u0ca6\u0cbf\u0cb2\u0ccd\u0cb2."},{"Verseid":"47002015","Verse":"\u0ca6\u0cc7\u0cb5\u0cb0\u0cc1 \u0c85\u0cac\u0ccd\u0cb0\u0cb9\u0cbe\u0cae\u0ca8\u0cbf\u0c97\u0cc2 \u0c85\u0cb5\u0ca8 \u0cb8\u0c82\u0ca4\u0ca4\u0cbf\u0c97\u0cc2 \u0cb5\u0cbe\u0c97\u0ccd\u0ca6\u0cbe\u0ca8\u0c97\u0cb3\u0ca8\u0ccd\u0ca8\u0cc1 \u0cae\u0cbe\u0ca1\u0cbf\u0ca6\u0ca8\u0cc1; \u0c86\u0ca4\u0ca8\u0cc1--\u0ca8\u0cbf\u0ca8\u0ccd\u0ca8 \u0cb8\u0c82\u0ca4\u0ca4\u0cbf\u0c97\u0cb3\u0cbf\u0c97\u0cc6 \u0c8e\u0c82\u0ca6\u0cc1 \u0cb9\u0cc7\u0cb3\u0cbf \u0c85\u0ca8\u0cc7\u0c95\u0cb0\u0ca8\u0ccd\u0ca8\u0cc1 \u0cb8\u0cc2\u0c9a\u0cbf\u0cb8\u0ca6\u0cc6--\u0ca8\u0cbf\u0ca8\u0ccd\u0ca8 \u0cb8\u0c82\u0ca4\u0ca4\u0cbf\u0c97\u0cc6 \u0c8e\u0c82\u0ca6\u0cc1 \u0cb9\u0cc7\u0cb3\u0cbf \u0c92\u0cac\u0ccd\u0cac\u0ca8\u0ca8\u0ccd\u0ca8\u0cc7 \u0cb8\u0cc2\u0c9a\u0cbf\u0cb8\u0cc1\u0ca4\u0ccd\u0ca4\u0cbe\u0ca8\u0cc6. \u0c86 \u0c92\u0cac\u0ccd\u0cac\u0cbe\u0ca4\u0ca8\u0cc1 \u0c95\u0ccd\u0cb0\u0cbf\u0cb8\u0ccd\u0ca4\u0ca8\u0cc7."},{"Verseid":"47002016","Verse":"\u0ca8\u0cbe\u0ca8\u0cc1 \u0cb9\u0cc7\u0cb3\u0cc1\u0cb5\u0ca6\u0cc7\u0ca8\u0c82\u0ca6\u0cb0\u0cc6, \u0ca6\u0cc7\u0cb5\u0cb0\u0cc1 \u0c95\u0ccd\u0cb0\u0cbf\u0cb8\u0ccd\u0ca4\u0ca8\u0cb2\u0ccd\u0cb2\u0cbf \u0cae\u0cca\u0ca6\u0cb2\u0cc1 \u0cb8\u0ccd\u0ca5\u0cbf\u0cb0\u0caa\u0ca1\u0cbf\u0cb8\u0cbf\u0ca6 \u0c92\u0ca1\u0c82\u0cac\u0ca1\u0cbf\u0c95\u0cc6\u0caf\u0ca8\u0ccd\u0ca8\u0cc1 \u0ca8\u0cbe\u0ca8\u0cc2\u0cb0 \u0cae\u0cc2\u0cb5\u0ca4\u0ccd\u0ca4\u0cc1 \u0cb5\u0cb0\u0cc1\u0cb7\u0c97\u0cb3 \u0cae\u0cc7\u0cb2\u0cc6 \u0cac\u0c82\u0ca6 \u0ca8\u0ccd\u0caf\u0cbe\u0caf\u0caa\u0ccd\u0cb0\u0cae\u0cbe\u0ca3\u0cb5\u0cc1 \u0cb0\u0ca6\u0ccd\u0ca6\u0cc1 \u0cae\u0cbe\u0ca1\u0cbf \u0c86 \u0cb5\u0cbe\u0c97\u0ccd\u0ca6\u0cbe\u0ca8\u0cb5\u0ca8\u0ccd\u0ca8\u0cc1 \u0cb5\u0ccd\u0caf\u0cb0\u0ccd\u0ca5\u0cae\u0cbe\u0ca1\u0cc1\u0cb5\u0ca6\u0cbf\u0cb2\u0ccd\u0cb2."},{"Verseid":"47002017","Verse":"\u0c86 \u0cac\u0cbe\u0ca7\u0ccd\u0caf\u0ca4\u0cc6\u0caf\u0cc1 \u0ca8\u0ccd\u0caf\u0cbe\u0caf\u0caa\u0ccd\u0cb0\u0cae\u0cbe\u0ca3\u0ca6\u0cbf\u0c82\u0ca6 \u0ca6\u0cca\u0cb0\u0cc6 \u0caf\u0cc1\u0cb5\u0ca6\u0cbe\u0ca6\u0cb0\u0cc6 \u0c85\u0ca6\u0cc1 \u0c87\u0ca8\u0ccd\u0ca8\u0cc1 \u0cb5\u0cbe\u0c97\u0ccd\u0ca6\u0cbe\u0ca8\u0ca6\u0cbf\u0c82\u0ca6 \u0ca6\u0cca\u0cb0\u0cc6\u0caf\u0cc1 \u0cb5\u0ca6\u0cbf\u0cb2\u0ccd\u0cb2\u0cb5\u0cc6\u0c82\u0ca6\u0cbe\u0caf\u0cbf\u0ca4\u0cc1; \u0c86\u0ca6\u0cb0\u0cc6 \u0ca6\u0cc7\u0cb5\u0cb0\u0cc1 \u0c85\u0ca6\u0ca8\u0ccd\u0ca8\u0cc1 \u0c85\u0cac\u0ccd\u0cb0\u0cb9\u0cbe\u0cae\u0ca8\u0cbf\u0c97\u0cc6 \u0cb5\u0cbe\u0c97\u0ccd\u0ca6\u0cbe\u0ca8\u0ca6 \u0cae\u0cc2\u0cb2\u0c95\u0cb5\u0cbe\u0c97\u0cbf\u0caf\u0cc7 \u0ca6\u0caf\u0caa\u0cbe\u0cb2\u0cbf\u0cb8\u0cbf\u0ca6\u0ccd\u0ca6\u0cbe\u0ca8\u0cc6."},{"Verseid":"47002018","Verse":"\u0cb9\u0cbe\u0c97\u0cbe\u0ca6\u0cb0\u0cc6 \u0ca8\u0ccd\u0caf\u0cbe\u0caf\u0caa\u0ccd\u0cb0\u0cae\u0cbe\u0ca3\u0cb5\u0cc1 \u0caf\u0cbe\u0ca4\u0c95\u0ccd\u0c95\u0cc6? \u0cb5\u0cbe\u0c97\u0ccd\u0ca6\u0cbe\u0ca8\u0ca6 \u0cb8\u0c82\u0ca4\u0ca4\u0cbf\u0caf\u0cbe\u0ca6\u0cbe\u0ca4\u0ca8\u0cc1 \u0cac\u0cb0\u0cc1\u0cb5\u0ca4\u0ca8\u0c95 \u0ca6\u0cc7\u0cb5\u0cb0\u0cc1 \u0c87\u0c82\u0ca5\u0cbf\u0c82\u0ca5\u0ca6\u0ccd\u0ca6\u0cc1 \u0c85\u0caa\u0cb0\u0cbe\u0ca7\u0cb5\u0cc6\u0c82\u0ca6\u0cc1 \u0ca4\u0ccb\u0cb0\u0cbf\u0cb8\u0cc1\u0cb5\u0ca6\u0c95\u0ccd\u0c95\u0cbe\u0c97\u0cbf \u0c85\u0ca6\u0ca8\u0ccd\u0ca8\u0cc1 \u0cb5\u0cbe\u0c97\u0ccd\u0ca6\u0cbe\u0ca8\u0ca6 \u0ca4\u0cb0\u0cc1\u0cb5\u0cbe\u0caf \u0ca8\u0cc7\u0cae\u0cbf\u0cb8\u0cbf \u0ca6\u0cc2\u0ca4\u0cb0 \u0cae\u0cc1\u0c96\u0cbe\u0c82\u0ca4\u0cb0 \u0c92\u0cac\u0ccd\u0cac \u0cae\u0ca7\u0ccd\u0caf\u0cb8\u0ccd\u0ca5\u0ca8 \u0c95\u0cc8\u0caf\u0cb2\u0ccd\u0cb2\u0cbf \u0c95\u0cca\u0c9f\u0ccd\u0c9f\u0ca8\u0cc1."},{"Verseid":"47002019","Verse":"\u0cae\u0ca7\u0ccd\u0caf\u0cb8\u0ccd\u0ca5\u0ca8\u0cc1 \u0c92\u0cac\u0ccd\u0cac\u0ca8 \u0cae\u0ca7\u0ccd\u0caf\u0cb8\u0ccd\u0ca5\u0ca8\u0cb2\u0ccd\u0cb2; \u0c86\u0ca6\u0cb0\u0cc6 \u0ca6\u0cc7\u0cb5\u0cb0\u0cc1 \u0c92\u0cac\u0ccd\u0cac\u0ca8\u0cc7."},{"Verseid":"47002020","Verse":"\u0cb9\u0cbe\u0c97\u0cbe\u0ca6\u0cb0\u0cc6 \u0ca8\u0ccd\u0caf\u0cbe\u0caf\u0caa\u0ccd\u0cb0\u0cae\u0cbe\u0ca3\u0cb5\u0cc1 \u0ca6\u0cc7\u0cb5\u0cb0 \u0cb5\u0cbe\u0c97\u0ccd\u0ca6\u0cbe\u0ca8\u0c97\u0cb3\u0cbf\u0c97\u0cc6 \u0cb5\u0cbf\u0cb0\u0cc1\u0ca6\u0ccd\u0ca7\u0cb5\u0ccb? \u0cb9\u0cbe\u0c97\u0cc6 \u0c8e\u0c82\u0ca6\u0cbf\u0c97\u0cc2 \u0cb9\u0cc7\u0cb3\u0cac\u0cbe\u0cb0\u0ca6\u0cc1; \u0c95\u0cca\u0ca1\u0cb2\u0ccd\u0caa\u0c9f\u0ccd\u0c9f\u0cbf\u0ca6\u0ccd\u0ca6 \u0ca8\u0ccd\u0caf\u0cbe\u0caf\u0caa\u0ccd\u0cb0\u0cae\u0cbe\u0ca3\u0cb5\u0cc1 \u0cac\u0ca6\u0cc1\u0c95\u0cbf\u0cb8\u0cc1\u0cb5\u0ca6\u0c95\u0ccd\u0c95\u0cc6 \u0cb6\u0c95\u0ccd\u0ca4\u0cbf\u0caf\u0cc1\u0cb3\u0ccd\u0cb3\u0ca6\u0ccd\u0ca6\u0cbe\u0c97\u0cbf\u0ca6\u0ccd\u0ca6\u0cb0\u0cc6 \u0ca8\u0cbf\u0c9c\u0cb5\u0cbe\u0c97\u0cbf \u0ca8\u0ccd\u0caf\u0cbe\u0caf\u0caa\u0ccd\u0cb0\u0cae\u0cbe\u0ca3\u0ca6\u0cbf\u0c82\u0ca6\u0cb2\u0cc7 \u0ca8\u0cc0\u0ca4\u0cbf\u0caf\u0cc1\u0c82\u0c9f\u0cbe\u0c97\u0cc1\u0ca4\u0ccd\u0ca4\u0cbf\u0ca4\u0ccd\u0ca4\u0cc1."},{"Verseid":"47002021","Verse":"\u0cb9\u0cbe\u0c97\u0cbe\u0ca6\u0cb0\u0cc6 \u0caf\u0cc7\u0cb8\u0cc1 \u0c95\u0ccd\u0cb0\u0cbf\u0cb8\u0ccd\u0ca4\u0ca8\u0cb2\u0ccd\u0cb2\u0cbf \u0ca8\u0c82\u0cac\u0cbf\u0c95\u0cc6\u0caf\u0cbf\u0ca1\u0cc1 \u0cb5\u0ca6\u0cb0\u0cbf\u0c82\u0ca6 \u0c89\u0c82\u0c9f\u0cbe\u0c97\u0cc1\u0cb5 \u0c86 \u0cb5\u0cbe\u0c97\u0ccd\u0ca6\u0cbe\u0ca8\u0cb5\u0cc1 \u0ca8\u0c82\u0cac\u0cc1\u0cb5 \u0cb5\u0cb0\u0cbf\u0c97\u0cc7 \u0c95\u0cca\u0ca1\u0cb2\u0ccd\u0caa\u0ca1\u0cc1\u0cb5\u0c82\u0ca4\u0cc6 \u0c8e\u0cb2\u0ccd\u0cb2\u0cb0\u0cc2 \u0caa\u0cbe\u0caa\u0c95\u0ccd\u0c95\u0cca\u0cb3 \u0c97\u0cbe\u0c97\u0cbf\u0ca6\u0ccd\u0ca6\u0cbe\u0cb0\u0cc6\u0c82\u0ca6\u0cc1 \u0cac\u0cb0\u0cb9\u0cb5\u0cc1 \u0ca4\u0cc0\u0cb0\u0ccd\u0cae\u0cbe\u0ca8\u0cbf\u0cb8\u0cbf\u0ca4\u0cc1."},{"Verseid":"47002022","Verse":"\u0c86\u0ca6\u0cb0\u0cc6 \u0ca8\u0c82\u0cac\u0cbf\u0c95\u0cc6 \u0cac\u0cb0\u0cc1\u0cb5\u0ca6\u0c95\u0ccd\u0c95\u0cc6 \u0cae\u0cca\u0ca6\u0cb2\u0cc1, \u0ca4\u0cb0\u0cc1 \u0cb5\u0cbe\u0caf \u0caa\u0ccd\u0cb0\u0c95\u0c9f\u0cb5\u0cbe\u0c97\u0cb2\u0cbf\u0cb0\u0cc1\u0cb5 \u0c86 \u0ca8\u0c82\u0cac\u0cbf\u0c95\u0cc6\u0c97\u0cc6 \u0cb5\u0cb6\u0cb5\u0cbe\u0c97\u0cc1 \u0cb5\u0ca6\u0c95\u0ccd\u0c95\u0cbe\u0c97\u0cbf \u0ca8\u0cbe\u0cb5\u0cc1 \u0ca8\u0ccd\u0caf\u0cbe\u0caf\u0caa\u0ccd\u0cb0\u0cae\u0cbe\u0ca3\u0ca6 \u0c85\u0ca7\u0cc0\u0ca8\u0ca6\u0cb2\u0ccd\u0cb2\u0cbf \u0c87\u0cb0\u0cbf\u0cb8\u0cb2\u0ccd\u0caa\u0c9f\u0ccd\u0c9f\u0cbf\u0ca6\u0ccd\u0ca6\u0cc6\u0cb5\u0cc1."},{"Verseid":"47002023","Verse":"\u0ca8\u0cbe\u0cb5\u0cc1 \u0ca8\u0c82\u0cac\u0cbf\u0c95\u0cc6\u0caf \u0cae\u0cc2\u0cb2\u0c95 \u0ca8\u0cc0\u0ca4\u0cbf\u0cb5\u0c82\u0ca4\u0cb0\u0cc6\u0c82\u0ca6\u0cc1 \u0ca8\u0cbf\u0cb0\u0ccd\u0ca3\u0caf\u0cbf\u0cb8\u0cb2\u0ccd\u0caa\u0ca1\u0cc1\u0cb5\u0c82\u0ca4\u0cc6 \u0ca8\u0cae\u0ccd\u0cae\u0ca8\u0ccd\u0ca8\u0cc1 \u0c95\u0ccd\u0cb0\u0cbf\u0cb8\u0ccd\u0ca4\u0ca8 \u0cac\u0cb3\u0cbf\u0c97\u0cc6 \u0ca4\u0cb0\u0cc1\u0cb5\u0ca6\u0c95\u0ccd\u0c95\u0cbe\u0c97\u0cbf \u0ca8\u0ccd\u0caf\u0cbe\u0caf\u0caa\u0ccd\u0cb0\u0cae\u0cbe\u0ca3\u0cb5\u0cc1 \u0ca8\u0cae\u0ccd\u0cae \u0c89\u0caa\u0cbe\u0ca7\u0ccd\u0caf\u0cbe\u0caf\u0ca8\u0c82\u0ca4\u0cbf\u0ca4\u0ccd\u0ca4\u0cc1."},{"Verseid":"47002024","Verse":"\u0c86\u0ca6\u0cb0\u0cc6 \u0ca8\u0c82\u0cac\u0cbf\u0c95\u0cc6\u0caf\u0cc1 \u0cac\u0c82\u0ca6\u0cbf\u0cb0\u0cb2\u0cbe\u0c97\u0cbf \u0ca8\u0cbe\u0cb5\u0cbf\u0ca8\u0ccd\u0ca8\u0cc1 \u0c89\u0caa\u0cbe\u0ca7\u0ccd\u0caf\u0cbe\u0caf\u0ca8 \u0c95\u0cc6\u0cb3\u0c97\u0cc6 \u0c8e\u0c82\u0ca6\u0cbf\u0c97\u0cc2 \u0c87\u0cb0\u0cc1\u0cb5\u0cb5\u0cb0\u0cb2\u0ccd\u0cb2."},{"Verseid":"47002025","Verse":"\u0ca8\u0cc0\u0cb5\u0cc6\u0cb2\u0ccd\u0cb2\u0cb0\u0cc1 \u0c95\u0ccd\u0cb0\u0cbf\u0cb8\u0ccd\u0ca4 \u0caf\u0cc7\u0cb8\u0cc1 \u0cb5\u0cbf\u0ca8\u0cb2\u0ccd\u0cb2\u0cbf\u0c9f\u0ccd\u0c9f\u0cbf\u0cb0\u0cc1\u0cb5 \u0ca8\u0c82\u0cac\u0cbf\u0c95\u0cc6\u0caf \u0cae\u0cc2\u0cb2\u0c95 \u0ca6\u0cc7\u0cb5\u0cb0 \u0cae\u0c95\u0ccd\u0c95\u0cb3\u0cbe\u0c97\u0cbf \u0ca6\u0ccd\u0ca6\u0cc0\u0cb0\u0cbf."},{"Verseid":"47002026","Verse":"\u0cb9\u0cc7\u0c97\u0c82\u0ca6\u0cb0\u0cc6 \u0c95\u0ccd\u0cb0\u0cbf\u0cb8\u0ccd\u0ca4\u0ca8\u0cb2\u0ccd\u0cb2\u0cbf \u0cb8\u0cc7\u0cb0\u0cc1\u0cb5\u0ca6\u0c95\u0ccd\u0c95\u0cc6 \u0cac\u0cbe\u0caa\u0ccd\u0ca4\u0cbf\u0cb8\u0ccd\u0cae \u0cae\u0cbe\u0ca1\u0cbf\u0cb8\u0cbf\u0c95\u0cca\u0c82\u0ca1\u0cbf\u0cb0\u0cc1\u0cb5 \u0ca8\u0cc0\u0cb5\u0cc6\u0cb2\u0ccd\u0cb2\u0cb0\u0cc1 \u0c95\u0ccd\u0cb0\u0cbf\u0cb8\u0ccd\u0ca4\u0ca8\u0ca8\u0ccd\u0ca8\u0cc1 \u0ca7\u0cb0\u0cbf\u0cb8\u0cbf \u0c95\u0cca\u0c82\u0ca1\u0cbf\u0cb0\u0cbf."},{"Verseid":"47002027","Verse":"\u0ca8\u0cc0\u0cb5\u0cc6\u0cb2\u0ccd\u0cb2\u0cb0\u0cc1 \u0c95\u0ccd\u0cb0\u0cbf\u0cb8\u0ccd\u0ca4 \u0caf\u0cc7\u0cb8\u0cc1\u0cb5\u0cbf\u0ca8\u0cb2\u0ccd\u0cb2\u0cbf \u0c92\u0c82\u0ca6\u0cc7 \u0c86\u0c97\u0cbf\u0cb0\u0cc1\u0cb5\u0ca6\u0cb0\u0cbf\u0c82\u0ca6 \u0caf\u0cc6\u0cb9\u0cc2\u0ca6\u0ccd\u0caf\u0ca8\u0cc1 \u0c97\u0ccd\u0cb0\u0cc0\u0c95\u0ca8\u0cc1 \u0c8e\u0c82\u0ca6\u0cc2 \u0ca6\u0cbe\u0cb8\u0ca8\u0cc1 \u0cb8\u0ccd\u0cb5\u0ca4\u0c82\u0ca4\u0ccd\u0cb0\u0ca8\u0cc1 \u0c8e\u0c82\u0ca6\u0cc2 \u0c97\u0c82\u0ca1\u0cc1 \u0cb9\u0cc6\u0ca3\u0ccd\u0ca3\u0cc1 \u0c8e\u0c82\u0ca6\u0cc2 \u0cad\u0cc7\u0ca6\u0cb5\u0cbf\u0cb2\u0ccd\u0cb2."},{"Verseid":"47002028","Verse":"\u0ca8\u0cc0\u0cb5\u0cc1 \u0c95\u0ccd\u0cb0\u0cbf\u0cb8\u0ccd\u0ca4\u0ca8\u0cb5\u0cb0\u0cbe\u0c97\u0cbf\u0ca6\u0ccd\u0ca6\u0cb0\u0cc6 \u0c85\u0cac\u0ccd\u0cb0\u0cb9\u0cbe\u0cae\u0ca8 \u0cb8\u0c82\u0ca4\u0ca4\u0cbf\u0caf\u0cb5\u0cb0\u0cc1 \u0cb5\u0cbe\u0c97\u0ccd\u0ca6\u0cbe\u0ca8\u0c95\u0ccd\u0c95\u0ca8\u0cc1\u0cb8\u0cbe\u0cb0\u0cb5\u0cbe\u0c97\u0cbf \u0cac\u0cbe\u0ca7\u0ccd\u0caf\u0cb0\u0cc2 \u0c86\u0c97\u0cbf\u0ca6\u0ccd\u0ca6\u0cc0\u0cb0\u0cbf."}]},{"Verse":[{"Verseid":"47003000","Verse":"\u0ca8\u0cbe\u0ca8\u0cc1 \u0c88\u0c97 \u0cb9\u0cc7\u0cb3\u0cc1\u0cb5\u0ca6\u0cc7\u0ca8\u0c82\u0ca6\u0cb0\u0cc6, \u0cac\u0cbe\u0ca7\u0ccd\u0caf\u0ca8\u0cc1 \u0ca4\u0cbe\u0ca8\u0cc1 \u0c86\u0cb8\u0ccd\u0ca4\u0cbf\u0c97\u0cc6\u0cb2\u0ccd\u0cb2\u0cbe \u0ca7\u0ca3\u0cbf\u0caf\u0cbe \u0c97\u0cbf\u0ca6\u0ccd\u0ca6\u0cb0\u0cc2 \u0cac\u0cbe\u0cb2\u0c95\u0ca8\u0cbe\u0c97\u0cbf\u0cb0\u0cc1\u0cb5 \u0ca4\u0ca8\u0c95 \u0ca6\u0cbe\u0cb8\u0ca8\u0cbf\u0c97\u0cc2 \u0c85\u0cb5 \u0ca8\u0cbf\u0c97\u0cc2 \u0caf\u0cbe\u0cb5 \u0cad\u0cc7\u0ca6\u0cb5\u0cc2 \u0c87\u0cb2\u0ccd\u0cb2."},{"Verseid":"47003001","Verse":"\u0c86\u0ca6\u0cb0\u0cc6 \u0ca4\u0c82\u0ca6\u0cc6\u0caf\u0cc1 \u0ca8\u0cc7\u0cae\u0cbf\u0cb8\u0cbf\u0ca6 \u0ca6\u0cbf\u0ca8\u0ca6\u0cb5\u0cb0\u0cc6\u0c97\u0cc2 \u0c85\u0cb5\u0ca8\u0cc1 \u0cb6\u0cbf\u0c95\u0ccd\u0cb7\u0c95\u0cb0 \u0cae\u0ca4\u0ccd\u0ca4\u0cc1 \u0cae\u0ca8\u0cc6\u0cb5\u0cbe\u0cb0\u0ccd\u0ca4\u0cc6\u0caf\u0cb5\u0cb0 \u0c95\u0cc8\u0c95\u0cc6\u0cb3\u0c97\u0cbf\u0cb0\u0cc1\u0cb5\u0ca8\u0cc1."},{"Verseid":"47003002","Verse":"\u0cb9\u0cbe\u0c97\u0cc6\u0caf\u0cc7 \u0ca8\u0cbe\u0cb5\u0cc1 \u0cb8\u0cb9 \u0cac\u0cbe\u0cb2\u0c95\u0cb0\u0cbe\u0c97\u0cbf\u0ca6\u0ccd\u0ca6\u0cbe\u0c97 \u0cb2\u0ccb\u0c95\u0ca6 \u0cae\u0cc2\u0cb2 \u0caa\u0cbe\u0ca0\u0c97\u0cb3\u0cbf\u0c97\u0cc6 \u0c85\u0ca7\u0cc0\u0ca8\u0cb0\u0cbe\u0c97\u0cbf\u0ca6\u0ccd\u0ca6\u0cc6\u0cb5\u0cc1."},{"Verseid":"47003003","Verse":"\u0c86\u0ca6\u0cb0\u0cc6 \u0c95\u0cbe\u0cb2\u0cb5\u0cc1 \u0caa\u0cb0\u0cbf\u0caa\u0cc2\u0cb0\u0ccd\u0ca3\u0cb5\u0cbe\u0ca6\u0cbe\u0c97 \u0ca6\u0cc7\u0cb5\u0cb0\u0cc1 \u0ca4\u0ca8\u0ccd\u0ca8 \u0cae\u0c97\u0ca8\u0ca8\u0ccd\u0ca8\u0cc1 \u0cb8\u0ccd\u0ca4\u0ccd\u0cb0\u0cc0\u0caf\u0cbf\u0c82\u0ca6 \u0cb9\u0cc1\u0c9f\u0ccd\u0c9f\u0cbf\u0ca6\u0cb5\u0ca8\u0ca8\u0ccd\u0ca8\u0cbe\u0c97\u0cbf\u0caf\u0cc2 \u0ca8\u0ccd\u0caf\u0cbe\u0caf \u0caa\u0ccd\u0cb0\u0cae\u0cbe\u0ca3\u0c95\u0ccd\u0c95\u0cc6 \u0c92\u0cb3\u0c97\u0cbe\u0ca6\u0cb5\u0ca8\u0ca8\u0ccd\u0ca8\u0cbe\u0c97\u0cbf\u0caf\u0cc2 \u0cae\u0cbe\u0ca1\u0cbf \u0c95\u0cb3\u0cc1\u0cb9\u0cbf\u0cb8\u0cbf\u0ca6\u0ccd\u0ca6\u0cb2\u0ccd\u0cb2\u0ca6\u0cc6"},{"Verseid":"47003004","Verse":"\u0ca8\u0ccd\u0caf\u0cbe\u0caf\u0caa\u0ccd\u0cb0\u0cae\u0cbe\u0ca3\u0cbe\u0ca7\u0cc0\u0ca8\u0cb0\u0ca8\u0ccd\u0ca8\u0cc1 \u0cb5\u0cbf\u0cae\u0ccb\u0c9a\u0cbf\u0cb8\u0cc1\u0cb5\u0ca6\u0c95\u0ccd\u0c95\u0cc2 \u0ca8\u0cbe\u0cb5\u0cc1 \u0ca6\u0ca4\u0ccd\u0ca4\u0cc1\u0caa\u0cc1\u0ca4\u0ccd\u0cb0\u0cb0 \u0cb8\u0ccd\u0cb5\u0cc0\u0c95\u0cbe\u0cb0\u0cb5\u0ca8\u0ccd\u0ca8\u0cc1 \u0cb9\u0cca\u0c82\u0ca6\u0cc1\u0cb5\u0c82\u0ca4\u0cc6\u0caf\u0cc2 \u0c95\u0cb3\u0cc1\u0cb9\u0cbf\u0cb8\u0cbf\u0c95\u0cca\u0c9f\u0ccd\u0c9f\u0ca8\u0cc1."},{"Verseid":"47003005","Verse":"\u0ca8\u0cc0\u0cb5\u0cc1 \u0caa\u0cc1\u0ca4\u0ccd\u0cb0 \u0cb0\u0cbe\u0c97\u0cbf\u0cb0\u0cc1\u0cb5\u0ca6\u0cb0\u0cbf\u0c82\u0ca6--\u0c85\u0caa\u0ccd\u0caa\u0cbe, \u0ca4\u0c82\u0ca6\u0cc6\u0caf\u0cc7 \u0c8e\u0c82\u0ca6\u0cc1 \u0c95\u0cc2\u0c97\u0cc1\u0cb5 \u0ca4\u0ca8\u0ccd\u0ca8 \u0cae\u0c97\u0ca8 \u0c86\u0ca4\u0ccd\u0cae\u0ca8\u0ca8\u0ccd\u0ca8\u0cc1 \u0ca6\u0cc7\u0cb5\u0cb0\u0cc1 \u0ca8\u0cbf\u0cae \u0cb9\u0cc3\u0ca6\u0caf\u0c97\u0cb3\u0cb2\u0ccd\u0cb2\u0cbf \u0c95\u0cb3\u0cc1\u0cb9\u0cbf\u0cb8\u0cbf\u0c95\u0cca\u0c9f\u0ccd\u0c9f\u0ca8\u0cc1."},{"Verseid":"47003006","Verse":"\u0cb9\u0cc0\u0c97\u0cbf\u0cb0\u0cc1\u0cb5\u0cb2\u0ccd\u0cb2\u0cbf \u0c87\u0ca8\u0ccd\u0ca8\u0cc1 \u0ca8\u0cc0\u0ca8\u0cc1 \u0ca6\u0cbe\u0cb8\u0ca8\u0cb2\u0ccd\u0cb2, \u0cae\u0c97\u0ca8\u0cbe\u0c97\u0cbf\u0ca6\u0ccd\u0ca6\u0cc0; \u0cae\u0c97\u0ca8\u0cc6\u0c82\u0ca6 \u0cae\u0cc7\u0cb2\u0cc6 \u0c95\u0ccd\u0cb0\u0cbf\u0cb8\u0ccd\u0ca4\u0ca8 \u0cae\u0cc2\u0cb2\u0c95 \u0ca6\u0cc7\u0cb5\u0cb0\u0cbf\u0c97\u0cc6 \u0cac\u0cbe\u0ca7\u0ccd\u0caf\u0ca8\u0cc2 \u0c86\u0c97\u0cbf\u0ca6\u0ccd\u0ca6\u0cc0."},{"Verseid":"47003007","Verse":"\u0caa\u0cc2\u0cb0\u0ccd\u0cb5\u0c95\u0cbe\u0cb2\u0ca6\u0cb2\u0ccd\u0cb2\u0cbf \u0ca8\u0cc0\u0cb5\u0cc1 \u0ca6\u0cc7\u0cb5\u0cb0\u0ca8\u0ccd\u0ca8\u0cb0\u0cbf\u0caf\u0ca6\u0cb5\u0cb0\u0cbe\u0c97\u0cbf \u0cb8\u0ccd\u0cb5\u0cbe\u0cad\u0cbe\u0cb5\u0cbf\u0c95\u0cb5\u0cbe\u0c97\u0cbf \u0ca6\u0cc7\u0cb5\u0cb0\u0cb2\u0ccd\u0cb2\u0ca6\u0cb5\u0cc1\u0c97\u0cb3\u0ca8\u0ccd\u0ca8\u0cc1 \u0cb8\u0cc7\u0cb5\u0cbf\u0cb8\u0cbf\u0ca6\u0cbf\u0cb0\u0cbf."},{"Verseid":"47003008","Verse":"\u0c88\u0c97\u0cb2\u0cbe\u0ca6\u0cb0\u0ccb \u0ca8\u0cc0\u0cb5\u0cc1 \u0ca6\u0cc7\u0cb5\u0cb0\u0ca8\u0ccd\u0ca8\u0cc1 \u0ca4\u0cbf\u0cb3\u0cc1\u0c95\u0cca\u0c82\u0ca1\u0cbf \u0ca6\u0ccd\u0ca6\u0cc0\u0cb0\u0cbf; \u0cb8\u0cb0\u0cbf\u0caf\u0cbe\u0c97\u0cbf \u0cb9\u0cc7\u0cb3\u0cac\u0cc7\u0c95\u0cbe\u0ca6\u0cb0\u0cc6 \u0ca6\u0cc7\u0cb5\u0cb0\u0cc1 \u0ca8\u0cbf\u0cae\u0ccd\u0cae\u0ca8\u0ccd\u0ca8\u0cc1 \u0ca4\u0cbf\u0cb3\u0cc1\u0c95\u0cca\u0c82\u0ca1\u0cbf\u0ca6\u0ccd\u0ca6\u0cbe\u0ca8\u0cc6; \u0cb9\u0cc0\u0c97\u0cbf\u0cb0\u0cb2\u0cbe\u0c97\u0cbf \u0ca8\u0cc0\u0cb5\u0cc1 \u0cac\u0cb2\u0cb9\u0cc0\u0ca8\u0cb5\u0cbe\u0ca6 \u0ca6\u0cb0\u0cbf\u0ca6\u0ccd\u0cb0 \u0cae\u0cc2\u0cb2 \u0caa\u0cbe\u0ca0\u0c97\u0cb3\u0cbf\u0c97\u0cc6 \u0cae\u0ca4\u0ccd\u0ca4\u0cc2 \u0c85\u0ca7\u0cc0\u0ca8\u0cb0\u0cbe\u0c97 \u0cac\u0cc7\u0c95\u0cc6\u0c82\u0ca6\u0cc1 \u0c85\u0caa\u0cc7\u0c95\u0ccd\u0cb7\u0cbf\u0cb8\u0cbf \u0caa\u0cc1\u0ca8\u0c83 \u0c85\u0cb5\u0cc1\u0c97\u0cb3\u0cbf\u0c97\u0cc6 \u0ca8\u0cc0\u0cb5\u0cc1 \u0ca4\u0cbf\u0cb0\u0cc1\u0c97\u0cbf\u0c95\u0cca\u0cb3\u0ccd\u0cb3\u0cc1\u0cb5\u0ca6\u0cc1 \u0cb9\u0cc7\u0c97\u0cc6?"},{"Verseid":"47003009","Verse":"\u0ca8\u0cc0\u0cb5\u0cc1 \u0c86\u0caf\u0cbe \u0ca6\u0cbf\u0ca8 \u0c97\u0cb3\u0ca8\u0ccd\u0ca8\u0cc2 \u0cae\u0cbe\u0cb8\u0c97\u0cb3\u0ca8\u0ccd\u0ca8\u0cc2 \u0c95\u0cbe\u0cb2\u0c97\u0cb3\u0ca8\u0ccd\u0ca8\u0cc2 \u0cb8\u0c82\u0cb5\u0ca4\u0ccd\u0cb8\u0cb0\u0c97\u0cb3\u0ca8\u0ccd\u0ca8\u0cc2 \u0c86\u0c9a\u0cb0\u0cbf\u0cb8\u0cc1\u0ca4\u0ccd\u0ca4\u0cc0\u0cb0\u0cbf."},{"Verseid":"47003010","Verse":"\u0ca8\u0cbe\u0cb5\u0cc1 \u0ca8\u0cbf\u0cae\u0c97\u0ccb\u0cb8\u0ccd\u0c95\u0cb0 \u0caa\u0ccd\u0cb0\u0caf\u0cbe\u0cb8 \u0caa\u0c9f\u0ccd\u0c9f\u0ca6\u0ccd\u0ca6\u0cc1 \u0ca8\u0cbf\u0cb7\u0ccd\u0caa\u0cb2\u0cb5\u0cbe\u0caf\u0cbf\u0ca4\u0ccb \u0c8f\u0ca8\u0ccb \u0c8e\u0c82\u0ca6\u0cc1 \u0ca8\u0cbf\u0cae\u0ccd\u0cae \u0cb5\u0cbf\u0cb7\u0caf\u0ca6\u0cb2\u0ccd\u0cb2\u0cbf \u0ca8\u0cbe\u0ca8\u0cc1 \u0cad\u0caf\u0caa\u0ca1\u0cc1\u0ca4\u0ccd\u0ca4\u0cc7\u0ca8\u0cc6."},{"Verseid":"47003011","Verse":"\u0cb8\u0cb9\u0ccb\u0ca6\u0cb0\u0cb0\u0cc7, \u0ca8\u0cbe\u0ca8\u0cc1 \u0ca8\u0cbf\u0cae\u0ccd\u0cae \u0cb9\u0cbe\u0c97\u0cc6 \u0c86\u0ca6\u0ca6\u0ccd\u0ca6 \u0cb0\u0cbf\u0c82\u0ca6 \u0ca8\u0cc0\u0cb5\u0cc2 \u0ca8\u0ca8\u0ccd\u0ca8 \u0cb9\u0cbe\u0c97\u0cc6 \u0c86\u0c97\u0cac\u0cc7\u0c95\u0cc6\u0c82\u0ca6\u0cc1 \u0ca8\u0cbf\u0cae\u0ccd\u0cae\u0ca8\u0ccd\u0ca8\u0cc1 \u0cac\u0cc7\u0ca1\u0cbf\u0c95\u0cca\u0cb3\u0ccd\u0cb3\u0cc1\u0ca4\u0ccd\u0ca4\u0cc7\u0ca8\u0cc6. \u0ca8\u0cc0\u0cb5\u0cc1 \u0ca8\u0ca8\u0c97\u0cc7\u0ca8\u0cc2 \u0c95\u0cc7\u0ca1\u0cc1 \u0cae\u0cbe\u0ca1 \u0cb2\u0cbf\u0cb2\u0ccd\u0cb2."},{"Verseid":"47003012","Verse":"\u0ca8\u0ca8\u0ccd\u0ca8 \u0cb6\u0cb0\u0cc0\u0cb0\u0c95\u0ccd\u0c95\u0cc6 \u0c85\u0cb8\u0ccc\u0c96\u0ccd\u0caf\u0cb5\u0cbf\u0ca6\u0ccd\u0ca6\u0ca6\u0cb0\u0cbf\u0c82\u0ca6 \u0ca8\u0cbe\u0ca8\u0cc1 \u0ca8\u0cbf\u0cae\u0ccd\u0cae\u0cb2\u0ccd\u0cb2\u0cbf\u0ca6\u0ccd\u0ca6\u0cc1 \u0cae\u0cca\u0ca6\u0cb2\u0ca8\u0cc6\u0caf \u0ca8\u0cbf\u0cae\u0c97\u0cc6 \u0cb8\u0cc1\u0cb5\u0cbe\u0cb0\u0ccd\u0ca4\u0cc6 \u0cb8\u0cbe\u0cb0\u0cbf\u0ca6\u0ccd\u0ca6\u0ca8\u0ccd\u0ca8\u0cc1 \u0ca8\u0cc0\u0cb5\u0cc1 \u0cac\u0cb2\u0ccd\u0cb2\u0cbf\u0cb0\u0cbf."},{"Verseid":"47003013","Verse":"\u0ca8\u0ca8\u0ccd\u0ca8 \u0cb6\u0cb0\u0cc0\u0cb0\u0ca6\u0cb2\u0ccd\u0cb2\u0cbf\u0ca6\u0ccd\u0ca6 \u0cb6\u0ccb\u0ca7\u0ca8\u0cc6\u0caf\u0ca8\u0ccd\u0ca8\u0cc1 \u0ca8\u0cc0\u0cb5\u0cc1 \u0cb9\u0cc0\u0ca8\u0cc8\u0cb8\u0cb2\u0cbf\u0cb2\u0ccd\u0cb2. \u0ca8\u0cbf\u0cb0\u0cbe\u0c95\u0cb0\u0cbf\u0cb8\u0cb2\u0cbf\u0cb2\u0ccd\u0cb2; \u0c86\u0ca6\u0cb0\u0cc6 \u0ca8\u0ca8\u0ccd\u0ca8\u0ca8\u0ccd\u0ca8\u0cc1 \u0ca6\u0cc7\u0cb5\u0ca6\u0cc2\u0ca4\u0ca8\u0c82\u0ca4\u0cc6\u0caf\u0cc2 \u0c95\u0ccd\u0cb0\u0cbf\u0cb8\u0ccd\u0ca4 \u0caf\u0cc7\u0cb8\u0cc1 \u0cb5\u0cbf\u0ca8\u0c82\u0ca4\u0cc6\u0caf\u0cc2 \u0cb8\u0cc7\u0cb0\u0cbf\u0cb8\u0cbf\u0c95\u0cca\u0c82\u0ca1\u0cbf\u0cb0\u0cbf."},{"Verseid":"47003014","Verse":"\u0c86\u0c97 \u0ca8\u0cbf\u0cae\u0c97\u0cc6 \u0c86\u0cb6\u0cc0\u0cb0\u0ccd\u0cb5\u0cbe\u0ca6\u0cb5\u0cbe\u0caf\u0cbf\u0ca4\u0cc6\u0c82\u0ca6\u0cc1 \u0ca8\u0cc0\u0cb5\u0cc1 \u0c85\u0c82\u0ca6\u0cc1\u0c95\u0cca\u0c82\u0ca1\u0cbf \u0cb0\u0cb2\u0ccd\u0cb2\u0cbe; \u0c85\u0ca6\u0cc1 \u0c8e\u0cb2\u0ccd\u0cb2\u0cbf \u0cb9\u0ccb\u0caf\u0cbf\u0ca4\u0cc1? \u0cb8\u0cbe\u0ca7\u0ccd\u0caf\u0cb5\u0cbe\u0c97\u0cbf\u0ca6\u0ccd\u0ca6\u0cb0\u0cc6 \u0ca8\u0cbf\u0cae\u0ccd\u0cae \u0c95\u0ca3\u0ccd\u0ca3\u0cc1\u0c97\u0cb3\u0ca8\u0ccd\u0ca8\u0cbe\u0ca6\u0cb0\u0cc2 \u0c95\u0cbf\u0ca4\u0ccd\u0ca4\u0cc1 \u0ca8\u0ca8\u0c97\u0cc6 \u0c95\u0cca\u0ca1\u0cc1\u0ca4\u0ccd\u0ca4\u0cbf\u0ca6\u0ccd\u0ca6\u0cbf \u0cb0\u0cc6\u0c82\u0ca6\u0cc1 \u0ca8\u0cbf\u0cae\u0ccd\u0cae\u0ca8\u0ccd\u0ca8\u0cc1 \u0c95\u0cc1\u0cb0\u0cbf\u0ca4\u0cc1 \u0ca8\u0cbe\u0ca8\u0cc1 \u0cb8\u0cbe\u0c95\u0ccd\u0cb7\u0cbf \u0cb9\u0cc7\u0cb3\u0cc1\u0ca4\u0ccd\u0ca4\u0cc7\u0ca8\u0cc6."},{"Verseid":"47003015","Verse":"\u0cb9\u0cc0\u0c97\u0cbf\u0cb0\u0cb2\u0cbe\u0c97\u0cbf \u0ca8\u0cbe\u0ca8\u0cc1 \u0ca8\u0cbf\u0cae\u0c97\u0cc6 \u0cb8\u0ca4\u0ccd\u0caf\u0cb5\u0ca8\u0ccd\u0ca8\u0cc1 \u0cb9\u0cc7\u0cb3\u0cc1 \u0cb5\u0ca6\u0cb0\u0cbf\u0c82\u0ca6 \u0ca8\u0cbf\u0cae\u0c97\u0cc6 \u0cb6\u0ca4\u0ccd\u0cb0\u0cc1\u0cb5\u0cbe\u0c97\u0cbf\u0ca6\u0ccd\u0ca6\u0cc7\u0ca8\u0ccb?"},{"Verseid":"47003016","Verse":"\u0c85\u0cb5\u0cb0\u0cc1 \u0ca8\u0cbf\u0cae\u0ccd\u0cae\u0ca8\u0ccd\u0ca8\u0cc1 \u0cae\u0cc6\u0c9a\u0ccd\u0c9a\u0cbf\u0cb8\u0cc1\u0cb5\u0ca6\u0c95\u0ccd\u0c95\u0cc6 \u0c86\u0cb8\u0c95\u0ccd\u0ca4\u0cb0\u0cbe\u0c97\u0cbf\u0ca6\u0ccd\u0ca6\u0cbe\u0cb0\u0cc6; \u0c86\u0ca6\u0cb0\u0cc6 \u0c92\u0cb3\u0ccd\u0cb3\u0cc7 \u0c85\u0cad\u0cbf\u0caa\u0ccd\u0cb0\u0cbe\u0caf\u0ca6\u0cbf\u0c82\u0ca6 \u0c85\u0cb2\u0ccd\u0cb2; \u0cb9\u0ccc\u0ca6\u0cc1, \u0ca8\u0cc0\u0cb5\u0cc1 \u0ca4\u0cae\u0ccd\u0cae\u0ca8\u0ccd\u0ca8\u0cc7 \u0cae\u0cc6\u0c9a\u0ccd\u0c9a\u0cbf\u0cb8\u0cc1\u0cb5\u0cb5\u0cb0\u0cbe\u0c97\u0cac\u0cc7\u0c95\u0cc6\u0c82\u0ca6\u0cc1 \u0ca8\u0cbf\u0cae\u0ccd\u0cae\u0ca8\u0ccd\u0ca8\u0cc1 \u0c85\u0c97 \u0cb2\u0cbf\u0cb8\u0cc1\u0cb5\u0ca6\u0c95\u0ccd\u0c95\u0cc6 \u0c85\u0caa\u0cc7\u0c95\u0ccd\u0cb7\u0cbf\u0cb8\u0cc1\u0ca4\u0ccd\u0ca4\u0cbe\u0cb0\u0cc6."},{"Verseid":"47003017","Verse":"\u0ca8\u0cbe\u0ca8\u0cc1 \u0ca8\u0cbf\u0cae\u0ccd\u0cae \u0cb8\u0c82\u0c97\u0ca1 \u0c87\u0cb0\u0cc1\u0cb5\u0cbe\u0c97 \u0cae\u0cbe\u0ca4\u0ccd\u0cb0\u0cb5\u0cb2\u0ccd\u0cb2\u0ca6\u0cc6 \u0caf\u0cbe\u0cb5\u0cbe\u0c97\u0cb2\u0cc2 \u0c92\u0cb3\u0ccd\u0cb3\u0cc7 \u0cb5\u0cbf\u0cb7\u0caf\u0ca6\u0cb2\u0ccd\u0cb2\u0cbf \u0ca8\u0cc0\u0cb5\u0cc1 \u0c86\u0cb8\u0c95\u0ccd\u0ca4\u0cb0\u0cbe\u0c97\u0cbf\u0cb0\u0cc1\u0cb5\u0ca6\u0cc1 \u0c92\u0cb3\u0ccd\u0cb3\u0cc7\u0ca6\u0cc1."},{"Verseid":"47003018","Verse":"\u0ca8\u0ca8\u0ccd\u0ca8 \u0c9a\u0cbf\u0c95\u0ccd\u0c95 \u0cae\u0c95\u0ccd\u0c95\u0cb3\u0cc7, \u0c95\u0ccd\u0cb0\u0cbf\u0cb8\u0ccd\u0ca4\u0ca8 \u0cb8\u0cbe\u0cb0\u0cc2\u0caa\u0ccd\u0caf\u0cb5\u0cc1 \u0ca8\u0cbf\u0cae\u0ccd\u0cae\u0cb2\u0ccd\u0cb2\u0cbf \u0c89\u0c82\u0c9f\u0cbe\u0c97\u0cc1\u0cb5 \u0ca4\u0ca8\u0c95 \u0ca8\u0cbf\u0cae\u0c97\u0ccb\u0cb8\u0ccd\u0c95\u0cb0 \u0ca4\u0cbf\u0cb0\u0cbf\u0c97\u0cbf \u0caa\u0ccd\u0cb0\u0cb8\u0cb5 \u0cb5\u0cc7\u0ca6\u0ca8\u0cc6\u0caa\u0ca1\u0cc1\u0ca4\u0ccd\u0ca4\u0cc7\u0ca8\u0cc6."},{"Verseid":"47003019","Verse":"\u0ca8\u0cbe\u0ca8\u0cc1 \u0ca8\u0cbf\u0cae\u0ccd\u0cae \u0cb5\u0cbf\u0cb7\u0caf\u0ca6\u0cb2\u0cbf \u0cb8\u0c82\u0cb6\u0caf\u0caa\u0ca1\u0cc1\u0cb5\u0cb5\u0ca8\u0cbe\u0ca6\u0ca6\u0cb0\u0cbf\u0c82\u0ca6 \u0c88\u0c97 \u0ca8\u0cbf\u0cae\u0ccd\u0cae \u0c9c\u0cca\u0ca4\u0cc6 \u0caf\u0cb2\u0ccd\u0cb2\u0cbf\u0ca6\u0ccd\u0ca6\u0cc1 \u0ca8\u0ca8\u0ccd\u0ca8 \u0cb8\u0ccd\u0cb5\u0cb0\u0cb5\u0ca8\u0ccd\u0ca8\u0cc1 \u0cac\u0ca6\u0cb2\u0cbe\u0caf\u0cbf\u0cb8\u0cac\u0cc7\u0c95\u0cc6\u0c82\u0ca6\u0cc1 \u0c85\u0caa\u0cc7\u0c95\u0ccd\u0cb7\u0cbf\u0cb8\u0cc1\u0ca4\u0ccd\u0ca4\u0cc7\u0ca8\u0cc6."},{"Verseid":"47003020","Verse":"\u0ca8\u0ccd\u0caf\u0cbe\u0caf\u0caa\u0ccd\u0cb0\u0cae\u0cbe\u0ca3\u0ca7\u0cc0\u0ca8\u0cb0\u0cbe\u0c97\u0cc1\u0cb5\u0ca6\u0c95\u0ccd\u0c95\u0cc6 \u0cae\u0ca8\u0cb8\u0ccd\u0cb8\u0cc1\u0cb3\u0ccd\u0cb3 \u0cb5\u0cb0\u0cc7, \u0ca8\u0ccd\u0caf\u0cbe\u0caf\u0caa\u0ccd\u0cb0\u0cae\u0cbe\u0ca3\u0c95\u0ccd\u0c95\u0cc6 \u0c95\u0cbf\u0cb5\u0cbf\u0c97\u0cca\u0ca1\u0cc1\u0cb5\u0ca6\u0cbf\u0cb2\u0ccd\u0cb2\u0cb5\u0ccb? \u0ca8\u0ca8\u0c97\u0cc6 \u0cb9\u0cc7\u0cb3\u0cbf\u0cb0\u0cbf."},{"Verseid":"47003021","Verse":"\u0caf\u0cbe\u0c95\u0c82\u0ca6\u0cb0\u0cc6 \u0ca6\u0cbe\u0cb8\u0cbf\u0caf\u0cbf\u0c82\u0ca6 \u0c92\u0cac\u0ccd\u0cac\u0ca8\u0cc1, \u0cb8\u0ccd\u0cb5\u0ca4\u0c82\u0ca4\u0ccd\u0cb0\u0cb3\u0cbf\u0c82\u0ca6 \u0c92\u0cac\u0ccd\u0cac\u0ca8\u0cc1 \u0cb9\u0cc0\u0c97\u0cc6 \u0c85\u0cac\u0ccd\u0cb0\u0cb9\u0cbe\u0cae\u0ca8\u0cbf\u0c97\u0cc6 \u0c87\u0cac\u0ccd\u0cac\u0cb0\u0cc1 \u0caa\u0cc1\u0ca4\u0ccd\u0cb0\u0cb0\u0cbf\u0ca6\u0ccd\u0ca6\u0cb0\u0cc6\u0c82\u0ca6\u0cc1 \u0cac\u0cb0\u0cc6\u0caf\u0cb2\u0ccd\u0caa\u0c9f\u0ccd\u0c9f\u0cbf\u0ca6\u0cc6."},{"Verseid":"47003022","Verse":"\u0ca6\u0cbe\u0cb8\u0cbf\u0caf\u0cbf\u0c82\u0ca6 \u0cb9\u0cc1\u0c9f\u0ccd\u0c9f\u0cbf\u0ca6\u0cb5\u0ca8\u0cc1 \u0cb6\u0cb0\u0cc0\u0cb0\u0c95\u0ccd\u0c95\u0ca8\u0cb8\u0cc1\u0cb8\u0cbe\u0cb0\u0cb5\u0cbe\u0c97\u0cbf \u0cb9\u0cc1\u0c9f\u0ccd\u0c9f\u0cbf\u0ca6\u0ca8\u0cc1. \u0c86\u0ca6\u0cb0\u0cc6 \u0cb8\u0ccd\u0cb5\u0ca4\u0c82\u0ca4\u0ccd\u0cb0\u0cb3\u0cbf\u0c82\u0ca6 \u0cb9\u0cc1\u0c9f\u0ccd\u0c9f\u0cbf\u0ca6\u0cb5\u0ca8\u0cc1 \u0cb5\u0cbe\u0c97\u0ccd\u0ca6\u0cbe\u0ca8\u0ca6 \u0cae\u0cc2\u0cb2\u0c95 \u0cb9\u0cc1\u0c9f\u0ccd\u0c9f\u0cbf\u0ca6\u0ca8\u0cc1."},{"Verseid":"47003023","Verse":"\u0c88 \u0cb8\u0c82\u0c97\u0ca4\u0cbf\u0c97\u0cb3\u0cc1 \u0c89\u0caa\u0cae\u0cbe\u0ca8\u0cb5\u0cbe\u0c97\u0cbf\u0cb5\u0cc6; \u0cb9\u0cc7\u0c97\u0c82\u0ca6\u0cb0\u0cc6, \u0c87\u0cb5\u0cb0\u0cc1 \u0c8e\u0cb0\u0ca1\u0cc1 \u0c92\u0ca1\u0c82\u0cac\u0ca1\u0cbf\u0c95\u0cc6\u0c97\u0cb3\u0cc6, \u0c92\u0c82\u0ca6\u0cc1 \u0c92\u0ca1\u0c82\u0cac\u0ca1\u0cbf\u0c95\u0cc6 \u0cb8\u0cc0\u0ca8\u0cbe\u0caf\u0cbf \u0caa\u0cb0\u0ccd\u0cb5\u0ca4\u0ca6\u0cbf\u0c82\u0ca6 \u0c89\u0ca4\u0ccd\u0caa\u0ca8\u0ccd\u0ca8\u0cb5\u0cbe\u0c97\u0cbf \u0ca6\u0cbe\u0cb8\u0ca4\u0ccd\u0cb5\u0ca6\u0cb2\u0ccd\u0cb2\u0cbf\u0cb0\u0cac\u0cc7\u0c95\u0cbe\u0ca6 \u0cae\u0c95\u0ccd\u0c95\u0cb3\u0ca8\u0ccd\u0ca8\u0cc1 \u0cb9\u0cc6\u0cb0\u0cc1\u0cb5\u0c82\u0ca5\u0ca6\u0ccd\u0ca6\u0cc1; \u0c85\u0ca6\u0cc7 \u0cb9\u0cbe\u0c97\u0cb0\u0ccd\u200c."},{"Verseid":"47003024","Verse":"\u0cb9\u0cbe\u0c97\u0cb0\u0ccd\u200c \u0c85\u0c82\u0ca6\u0cb0\u0cc6 \u0c85\u0cb0\u0cac\u0cb8\u0ccd\u0ca5\u0cbe\u0ca8\u0ca6\u0cb2\u0ccd\u0cb2\u0cbf \u0cb8\u0cc0\u0ca8\u0cbe\u0caf\u0cbf \u0caa\u0cb0\u0ccd\u0cb5\u0ca4. \u0c86\u0c95\u0cc6\u0caf\u0cc1 \u0c88\u0c97\u0cbf\u0ca8 \u0caf\u0cc6\u0cb0\u0cc2\u0cb8\u0cb2\u0cc7\u0cae\u0ccd\u200c \u0c8e\u0c82\u0cac\u0cb5\u0cb3\u0cbf\u0c97\u0cc6 \u0cb8\u0cb0\u0cbf\u0cac\u0cc0\u0cb3\u0cc1\u0ca4\u0ccd\u0ca4\u0cbe\u0cb3\u0cc6; \u0cb9\u0cc7\u0c97\u0c82\u0ca6\u0cb0\u0cc6, \u0c88\u0c95\u0cc6\u0caf\u0cc1 \u0ca4\u0ca8\u0ccd\u0ca8 \u0cae\u0c95\u0ccd\u0c95\u0cb3 \u0cb8\u0cb9\u0cbf\u0ca4 \u0ca6\u0cbe\u0cb8\u0ca4\u0ccd\u0cb5\u0ca6\u0cb2\u0ccd\u0cb2\u0cbf\u0ca6\u0ccd\u0ca6\u0cbe\u0cb3\u0cc6."},{"Verseid":"47003025","Verse":"\u0c86\u0ca6\u0cb0\u0cc6 \u0cae\u0cc7\u0cb2\u0ca3 \u0caf\u0cc6\u0cb0\u0cc2\u0cb8\u0cb2\u0cc7\u0cae\u0ccd\u200c \u0c8e\u0c82\u0cac\u0cb5\u0cb3\u0cc1 \u0cb8\u0ccd\u0cb5\u0ca4\u0c82\u0ca4\u0ccd\u0cb0\u0cb3\u0cc1, \u0c87\u0cb5\u0cb3\u0cc7 \u0ca8\u0cae\u0ccd\u0cae\u0cc6\u0cb2\u0ccd\u0cb2\u0cb0\u0cbf\u0c97\u0cc6 \u0ca4\u0cbe\u0caf\u0cbf."},{"Verseid":"47003026","Verse":"\u0caf\u0cbe\u0c95\u0c82\u0ca6\u0cb0\u0cc6--\u0cac\u0c82\u0c9c\u0cc6\u0caf\u0cc7, \u0cb9\u0cc6\u0cb0\u0ca6\u0cb5\u0cb3\u0cc7, \u0cb8\u0c82\u0ca4\u0ccb\u0cb7\u0cbf\u0cb8\u0cc1; \u0caa\u0ccd\u0cb0\u0cb8\u0cb5 \u0cb5\u0cc7\u0ca6\u0ca8\u0cc6 \u0caa\u0ca1\u0ca6\u0cb5\u0cb3\u0cc7, \u0cb8\u0ccd\u0cb5\u0cb0\u0cb5\u0cc6\u0ca4\u0ccd\u0ca4\u0cbf \u0c95\u0cc2\u0c97\u0cc1; \u0caf\u0cbe\u0c95\u0c82\u0ca6\u0cb0\u0cc6 \u0c97\u0c82\u0ca1\u0ca8\u0cc1\u0cb3\u0ccd\u0cb3\u0cb5\u0cb3\u0cbf\u0c97\u0cbf\u0c82\u0ca4 \u0cac\u0cbf\u0ca1\u0cb2\u0ccd\u0caa\u0c9f\u0ccd\u0c9f\u0cb5\u0cb3\u0cbf\u0c97\u0cc6 \u0c8e\u0cb7\u0ccd\u0c9f\u0ccb \u0cb9\u0cc6\u0c9a\u0ccd\u0c9a\u0cc1 \u0cae\u0c95\u0ccd\u0c95\u0cb3\u0cbf\u0ca6\u0ccd\u0ca6\u0cbe\u0cb0\u0cc6\u0c82\u0ca6\u0cc1 \u0cac\u0cb0\u0cc6\u0ca6\u0ca6\u0cc6."},{"Verseid":"47003027","Verse":"\u0cb8\u0cb9\u0ccb\u0ca6\u0cb0\u0cb0\u0cc7, \u0ca8\u0cbe\u0cb5\u0cc1 \u0c88\u0c97 \u0c87\u0cb8\u0cbe\u0c95\u0ca8\u0c82\u0ca4\u0cc6 \u0cb5\u0cbe\u0c97\u0ccd\u0ca6\u0cbe\u0ca8\u0ca6 \u0cae\u0c95\u0ccd\u0c95\u0cb3\u0cbe\u0c97\u0cbf\u0ca6\u0ccd\u0ca6\u0cc7\u0cb5\u0cc6."},{"Verseid":"47003028","Verse":"\u0c86\u0ca6\u0cb0\u0cc6 \u0c86\u0c97 \u0cb6\u0cb0\u0cc0\u0cb0\u0c95\u0ccd\u0c95\u0ca8\u0cc1\u0cb8\u0cbe\u0cb0\u0cb5\u0cbe\u0c97\u0cbf \u0cb9\u0cc1\u0c9f\u0ccd\u0c9f\u0cbf\u0ca6\u0cb5\u0ca8\u0cc1 \u0c86\u0ca4\u0ccd\u0cae\u0c95\u0ccd\u0c95\u0ca8\u0cc1\u0cb8\u0cbe\u0cb0\u0cb5\u0cbe\u0c97\u0cbf \u0cb9\u0cc1\u0c9f\u0ccd\u0c9f\u0cbf\u0ca6\u0cb5\u0ca8\u0ca8\u0ccd\u0ca8\u0cc1 \u0cb9\u0cbf\u0c82\u0cb8\u0cc6\u0caa\u0ca1\u0cbf\u0cb8\u0cbf\u0ca6\u0ca8\u0cc1. \u0c85\u0ca6\u0cb0\u0c82\u0ca4\u0cc6\u0caf\u0cc7 \u0c88\u0c97\u0cb2\u0cc2 \u0c85\u0ca6\u0cc6."},{"Verseid":"47003029","Verse":"\u0c86\u0ca6\u0cb0\u0cc2 \u0cac\u0cb0\u0cb9\u0cb5\u0cc1 \u0c8f\u0ca8\u0cc1 \u0cb9\u0cc7\u0cb3\u0cc1\u0ca4\u0ccd\u0ca4\u0ca6\u0cc6? \u0ca6\u0cbe\u0cb8\u0cbf\u0caf\u0ca8\u0ccd\u0ca8\u0cc2 \u0c85\u0cb5\u0cb3 \u0cae\u0c97\u0ca8\u0ca8\u0ccd\u0ca8\u0cc2 \u0cb9\u0cca\u0cb0\u0c97\u0cc6 \u0cb9\u0cbe\u0c95\u0cc1; \u0caf\u0cbe\u0c95\u0c82\u0ca6\u0cb0\u0cc6 \u0ca6\u0cbe\u0cb8\u0cbf\u0caf \u0cae\u0c97\u0ca8\u0cc1 \u0cb8\u0ccd\u0cb5\u0ca4\u0c82\u0ca4\u0ccd\u0cb0\u0cb3 \u0cae\u0c97\u0ca8\u0cca\u0c82\u0ca6\u0cbf\u0c97\u0cc6 \u0c8e\u0cb7\u0ccd\u0c9f\u0cc1 \u0cae\u0cbe\u0ca4\u0ccd\u0cb0\u0c95\u0ccd\u0c95\u0cc2 \u0cac\u0cbe\u0ca7\u0ccd\u0caf \u0ca8\u0cbe\u0c97\u0cac\u0cbe\u0cb0\u0ca6\u0cc1 \u0c8e\u0c82\u0ca6\u0cc1 \u0cb9\u0cc7\u0cb3\u0cc1\u0ca4\u0ccd\u0ca4\u0ca6\u0cc6."},{"Verseid":"47003030","Verse":"\u0cb9\u0cc0\u0c97\u0cbf\u0cb0\u0cc1\u0cb5\u0cb2\u0ccd\u0cb2\u0cbf \u0cb8\u0cb9\u0ccb\u0ca6\u0cb0\u0cb0\u0cc7, \u0ca8\u0cbe\u0cb5\u0cc1 \u0ca6\u0cbe\u0cb8\u0cbf\u0caf \u0cae\u0c95\u0ccd\u0c95\u0cb3\u0cb2\u0ccd\u0cb2, \u0c86 \u0cb8\u0ccd\u0cb5\u0ca4\u0c82\u0ca4\u0ccd\u0cb0\u0cb3 \u0cae\u0c95\u0ccd\u0c95\u0cb3\u0cc7 \u0c86\u0c97\u0cbf\u0ca6\u0ccd\u0ca6\u0cc7\u0cb5\u0cc6."}]},{"Verse":[{"Verseid":"47004000","Verse":"\u0c95\u0ccd\u0cb0\u0cbf\u0cb8\u0ccd\u0ca4\u0ca8\u0cc1 \u0ca8\u0cae\u0ccd\u0cae\u0ca8\u0ccd\u0ca8\u0cc1 \u0cb8\u0ccd\u0cb5\u0ca4\u0c82\u0ca4\u0ccd\u0cb0\u0cb0\u0ca8\u0ccd\u0ca8\u0cbe\u0c97\u0cbf \u0cae\u0cbe\u0ca1\u0cbf\u0ca6\u0ccd\u0ca6\u0cbe\u0ca8\u0cc6. \u0c85\u0ca6\u0cb0\u0cb2\u0ccd\u0cb2\u0cbf \u0cb8\u0ccd\u0ca5\u0cbf\u0cb0\u0cb5\u0cbe\u0c97\u0cbf \u0ca8\u0cbf\u0cb2\u0ccd\u0cb2\u0cbf\u0cb0\u0cbf; \u0ca6\u0cbe\u0cb8\u0ca4\u0ccd\u0cb5\u0ca6 \u0ca8\u0cca\u0c97\u0ca6\u0cb2\u0ccd\u0cb2\u0cbf \u0ca4\u0cbf\u0cb0\u0cbf\u0c97\u0cbf \u0cb8\u0cbf\u0c95\u0ccd\u0c95\u0cbf\u0c95\u0cca\u0cb3\u0ccd\u0cb3\u0cac\u0cc7\u0ca1\u0cbf\u0cb0\u0cbf."},{"Verseid":"47004001","Verse":"\u0c87\u0c97\u0ccb, \u0caa\u0ccc\u0cb2\u0ca8\u0cc6\u0c82\u0cac \u0ca8\u0cbe\u0ca8\u0cc1 \u0ca8\u0cbf\u0cae\u0c97\u0cc6 \u0cb9\u0cc7\u0cb3\u0cc1\u0cb5\u0ca6\u0cc7\u0ca8\u0c82\u0ca6\u0cb0\u0cc6, \u0ca8\u0cc0\u0cb5\u0cc1 \u0cb8\u0cc1\u0ca8\u0ccd\u0ca8\u0ca4\u0cbf \u0cae\u0cbe\u0ca1\u0cbf\u0cb8\u0cbf\u0c95\u0cca\u0c82\u0ca1\u0cb0\u0cc6 \u0c95\u0ccd\u0cb0\u0cbf\u0cb8\u0ccd\u0ca4\u0ca8\u0cbf\u0c82\u0ca6 \u0ca8\u0cbf\u0cae\u0c97\u0cc6 \u0c8f\u0ca8\u0cc1 \u0caa\u0ccd\u0cb0\u0caf\u0ccb\u0c9c\u0ca8\u0cb5\u0cbf\u0cb2\u0ccd\u0cb2."},{"Verseid":"47004002","Verse":"\u0caf\u0cbe\u0c95\u0c82\u0ca6\u0cb0\u0cc6 \u0cb8\u0cc1\u0ca8\u0ccd\u0ca8\u0ca4\u0cbf \u0cae\u0cbe\u0ca1\u0cbf\u0cb8\u0cbf\u0c95\u0cca\u0cb3\u0ccd\u0cb3\u0cc1\u0cb5 \u0caa\u0ccd\u0cb0\u0ca4\u0cbf \u0caf\u0cca\u0cac\u0ccd\u0cac\u0ca8\u0cc1 \u0ca8\u0ccd\u0caf\u0cbe\u0caf\u0caa\u0ccd\u0cb0\u0cae\u0cbe\u0ca3\u0cb5\u0ca8\u0ccd\u0ca8\u0cc6\u0cb2\u0ccd\u0cb2\u0cbe \u0c95\u0cc8\u0c95\u0cca\u0cb3\u0ccd\u0cb3\u0cc1\u0cb5 \u0cb9\u0c82\u0c97\u0cbf\u0ca8\u0cb2\u0ccd\u0cb2\u0cbf\u0ca6\u0ccd\u0ca6\u0cbe\u0ca8\u0cc6 \u0c8e\u0c82\u0ca6\u0cc1 \u0ca4\u0cbf\u0cb0\u0cbf\u0c97\u0cbf \u0caa\u0ccd\u0cb0\u0cae\u0cbe\u0ca3\u0cb5\u0cbe\u0c97\u0cbf \u0cb9\u0cc7\u0cb3\u0cc1\u0ca4\u0ccd\u0ca4\u0cc7\u0ca8\u0cc6."},{"Verseid":"47004003","Verse":"\u0ca8\u0cbf\u0cae\u0ccd\u0cae\u0cb2\u0ccd\u0cb2\u0cbf \u0caf\u0cbe\u0cb0\u0cbe\u0ca6\u0cb0\u0cc2 \u0ca8\u0ccd\u0caf\u0cbe\u0caf \u0caa\u0ccd\u0cb0\u0cae\u0cbe\u0ca3\u0ca6 \u0cae\u0cc2\u0cb2\u0c95 \u0ca8\u0cc0\u0ca4\u0cbf\u0cb5\u0c82\u0ca4\u0cb0\u0cbe\u0c97\u0cac\u0cc7\u0c95\u0cc6\u0c82\u0ca6\u0cbf\u0ca6\u0ccd\u0ca6\u0cb0\u0cc6 \u0c85\u0cb5\u0cb0\u0cbf\u0c97\u0cc6 \u0c95\u0ccd\u0cb0\u0cbf\u0cb8\u0ccd\u0ca4\u0ca8\u0cbf\u0c82\u0ca6 \u0caf\u0cbe\u0cb5 \u0caa\u0ccd\u0cb0\u0caf\u0ccb\u0c9c\u0ca8\u0cb5\u0cc2 \u0c86\u0c97\u0cc1\u0cb5\u0ca6\u0cbf\u0cb2\u0ccd\u0cb2; \u0ca8\u0cc0\u0cb5\u0cc1 \u0c95\u0cc3\u0caa\u0cc6\u0caf\u0cbf\u0c82\u0ca6 \u0cac\u0cbf\u0ca6\u0ccd\u0ca6\u0cb5\u0cb0\u0cbe\u0c97\u0cbf\u0ca6\u0ccd\u0ca6\u0cc0\u0cb0\u0cbf."},{"Verseid":"47004004","Verse":"\u0ca8\u0cbe\u0cb5\u0cbe\u0ca6\u0cb0\u0ccb \u0c86\u0ca4\u0ccd\u0cae\u0ca8 \u0cae\u0cc2\u0cb2\u0c95 \u0ca8\u0c82\u0cac\u0cbf\u0c95\u0cc6\u0caf\u0cbf\u0c82\u0ca6\u0cbe\u0ca6 \u0ca8\u0cc0\u0ca4\u0cbf\u0caf \u0ca8\u0cbf\u0cb0\u0cc0\u0c95\u0ccd\u0cb7\u0cc6\u0c97\u0cbe\u0c97\u0cbf \u0c8e\u0ca6\u0cc1\u0cb0\u0cc1 \u0ca8\u0ccb\u0ca1\u0cc1\u0ca4\u0ccd\u0ca4\u0cc7\u0cb5\u0cc6."},{"Verseid":"47004005","Verse":"\u0caf\u0cbe\u0c95\u0c82\u0ca6\u0cb0\u0cc6 \u0caf\u0cc7\u0cb8\u0cc1 \u0c95\u0ccd\u0cb0\u0cbf\u0cb8\u0ccd\u0ca4\u0ca8\u0cb2\u0ccd\u0cb2\u0cbf\u0cb0\u0cc1\u0cb5\u0cb5\u0cb0\u0cbf\u0c97\u0cc6 \u0cb8\u0cc1\u0ca8\u0ccd\u0ca8\u0ca4\u0cbf \u0caf\u0cbe\u0ca6\u0cb0\u0cc2 \u0caa\u0ccd\u0cb0\u0caf\u0ccb\u0c9c\u0ca8\u0cb5\u0cbf\u0cb2\u0ccd\u0cb2, \u0c86\u0c97\u0ca6\u0cbf\u0ca6\u0ccd\u0ca6\u0cb0\u0cc2 \u0caa\u0ccd\u0cb0\u0caf\u0ccb \u0c9c\u0ca8\u0cb5\u0cbf\u0cb2\u0ccd\u0cb2. \u0caa\u0ccd\u0cb0\u0cc0\u0ca4\u0cbf\u0caf\u0cbf\u0c82\u0ca6 \u0c95\u0cc6\u0cb2\u0cb8\u0ca8\u0ca1\u0cbf\u0cb8\u0cc1\u0cb5 \u0ca8\u0c82\u0cac\u0cbf\u0c95\u0cc6 \u0caf\u0cbf\u0c82\u0ca6\u0cb2\u0cc7 \u0caa\u0ccd\u0cb0\u0caf\u0ccb\u0c9c\u0ca8\u0cb5\u0cbe\u0c97\u0cc1\u0ca4\u0ccd\u0ca4\u0ca6\u0cc6."},{"Verseid":"47004006","Verse":"\u0ca8\u0cc0\u0cb5\u0cc1 \u0c9a\u0cc6\u0ca8\u0ccd\u0ca8\u0cbe\u0c97\u0cbf \u0c93\u0ca1\u0cc1\u0ca4\u0ccd\u0ca4\u0cbf\u0ca6\u0ccd\u0ca6\u0cbf\u0cb0\u0cbf, \u0ca8\u0cc0\u0cb5\u0cc1 \u0cb8\u0ca4\u0ccd\u0caf\u0c95\u0ccd\u0c95\u0cc6 \u0cb5\u0cbf\u0ca7\u0cc7\u0caf\u0cb0\u0cbe\u0c97\u0ca6\u0c82\u0ca4\u0cc6 \u0caf\u0cbe\u0cb0\u0cc1 \u0ca8\u0cbf\u0cae\u0ccd\u0cae\u0ca8\u0ccd\u0ca8\u0cc1 \u0ca4\u0ca1\u0cc6\u0ca6\u0cb0\u0cc1?"},{"Verseid":"47004007","Verse":"\u0c88 \u0caa\u0ccd\u0cb0\u0cc7\u0cb0\u0ca3\u0cc6\u0caf\u0cc1 \u0ca8\u0cbf\u0cae\u0ccd\u0cae\u0ca8\u0ccd\u0ca8\u0cc1 \u0c95\u0cb0\u0cc6\u0ca6\u0cbe\u0ca4\u0ca8\u0cbf\u0c82\u0ca6 \u0cac\u0c82\u0ca6\u0ca6\u0ccd\u0ca6\u0cb2\u0ccd\u0cb2."},{"Verseid":"47004008","Verse":"\u0cb8\u0ccd\u0cb5\u0cb2\u0ccd\u0caa \u0cb9\u0cc1\u0cb3\u0cbf\u0caf\u0cbf\u0c82\u0ca6 \u0c95\u0ca3\u0cbf\u0c95 \u0cb5\u0cc6\u0cb2\u0ccd\u0cb2\u0cbe \u0cb9\u0cc1\u0cb3\u0cbf\u0caf\u0cbe\u0c97\u0cc1\u0cb5\u0ca6\u0cc1."},{"Verseid":"47004009","Verse":"\u0ca8\u0cc0\u0cb5\u0cc1 \u0cac\u0cc7\u0cb0\u0cc6 \u0c85\u0cad\u0cbf\u0caa\u0ccd\u0cb0\u0cbe\u0caf\u0cb5\u0ca8\u0ccd\u0ca8\u0cc1 \u0cb9\u0cbf\u0ca1\u0cbf\u0caf\u0cc1\u0cb5\u0ca6\u0cbf\u0cb2\u0ccd\u0cb2\u0cb5\u0cc6\u0c82\u0ca6\u0cc1 \u0c95\u0cb0\u0ccd\u0ca4\u0ca8\u0cb2\u0ccd\u0cb2\u0cbf \u0ca8\u0cbf\u0cae\u0ccd\u0cae\u0ca8\u0ccd\u0ca8\u0cc1 \u0c95\u0cc1\u0cb0\u0cbf\u0ca4\u0cc1 \u0ca8\u0ca8\u0c97\u0cc6 \u0cad\u0cb0\u0cb5\u0cb8\u0cc6 \u0c89\u0c82\u0c9f\u0cc1. \u0c86\u0ca6\u0cb0\u0cc6 \u0ca8\u0cbf\u0cae\u0ccd\u0cae\u0ca8\u0ccd\u0ca8\u0cc1 \u0c95\u0cb3\u0cb5\u0cb3\u0caa\u0ca1\u0cbf\u0cb8\u0cc1\u0cb5\u0cb5\u0ca8\u0cc1 \u0caf\u0cbe\u0cb5\u0ca8\u0cbe\u0ca6\u0cb0\u0cc2 \u0cb8\u0cb0\u0cbf\u0caf\u0cc7 \u0ca4\u0ca8\u0ccd\u0ca8 \u0ca6\u0c82\u0ca1\u0ca8\u0cc6\u0caf\u0ca8\u0ccd\u0ca8\u0cc1 \u0c85\u0ca8\u0cc1\u0cad\u0cb5\u0cbf\u0cb8\u0cc1\u0cb5\u0ca8\u0cc1."},{"Verseid":"47004010","Verse":"\u0cb8\u0cb9\u0ccb\u0ca6\u0cb0\u0cb0\u0cc7, \u0ca8\u0cbe\u0ca8\u0cbe\u0ca6\u0cb0\u0ccb \u0cb8\u0cc1\u0ca8\u0ccd\u0ca8\u0ca4\u0cbf\u0caf\u0cbe\u0c97 \u0cac\u0cc7\u0c95\u0cc6\u0c82\u0ca6\u0cc1 \u0c87\u0ca8\u0ccd\u0ca8\u0cc2 \u0cb8\u0cbe\u0cb0\u0cc1\u0cb5\u0cb5\u0ca8\u0cbe\u0c97\u0cbf\u0ca6\u0ccd\u0ca6\u0cb0\u0cc6 \u0c87\u0ca8\u0ccd\u0ca8\u0cc1 \u0ca8\u0ca8\u0c97\u0cc6 \u0cb9\u0cbf\u0c82\u0cb8\u0cc6\u0caf\u0cbe\u0c97\u0cc1\u0cb5\u0ca6\u0cc1 \u0caf\u0cbe\u0c95\u0cc6? \u0c86 \u0caa\u0c95\u0ccd\u0cb7\u0ca6\u0cb2\u0ccd\u0cb2\u0cbf \u0cb6\u0cbf\u0cb2\u0cc1\u0cac\u0cc6\u0caf \u0ca6\u0cc6\u0cb8\u0cc6\u0caf\u0cbf\u0c82\u0ca6 \u0c89\u0c82\u0c9f\u0cbe\u0ca6 \u0c86\u0c95\u0ccd\u0cb7\u0cc7\u0caa\u0cb5\u0cc1 \u0ca8\u0cbf\u0c82\u0ca4\u0cc1 \u0cb9\u0ccb\u0caf\u0cbf \u0ca4\u0cb2\u0ccd\u0cb2\u0cbe?"},{"Verseid":"47004011","Verse":"\u0ca8\u0cbf\u0cae\u0ccd\u0cae\u0ca8\u0ccd\u0ca8\u0cc1 \u0c95\u0cb3\u0cb5\u0cb3\u0caa\u0ca1\u0cbf\u0cb8\u0cc1\u0cb5\u0cb5\u0cb0\u0cc1 \u0c9b\u0cc7\u0ca6\u0cbf\u0cb8 \u0cb2\u0ccd\u0caa\u0ca1\u0cc1\u0cb5\u0ca6\u0cc7 \u0ca8\u0ca8\u0ccd\u0ca8 \u0c87\u0cb7\u0ccd\u0c9f."},{"Verseid":"47004012","Verse":"\u0cb8\u0cb9\u0ccb\u0ca6\u0cb0\u0cb0\u0cc7, \u0ca8\u0cc0\u0cb5\u0cc1 \u0cb8\u0ccd\u0cb5\u0ca4\u0c82\u0ca4\u0ccd\u0cb0\u0cb0\u0cbe\u0c97\u0cbf\u0cb0\u0cac\u0cc7\u0c95\u0cc6\u0c82\u0ca6\u0cc1 \u0c95\u0cb0\u0cc6\u0caf\u0cb2\u0ccd\u0caa\u0c9f\u0ccd\u0c9f\u0cbf\u0ca6\u0ccd\u0ca6\u0cc0\u0cb0\u0cbf. \u0cb8\u0ccd\u0cb5\u0cbe\u0ca4\u0c82\u0ca4\u0ccd\u0cb0\u0ccd\u0caf\u0cb5\u0ca8\u0ccd\u0ca8\u0cc1 \u0cb6\u0cb0\u0cc0\u0cb0\u0c95\u0ccd\u0c95\u0cc6 \u0c86\u0cb8\u0ccd\u0caa\u0ca6\u0cb5\u0cbe\u0c97\u0cbf \u0cac\u0cb3\u0cb8\u0ca6\u0cc6 \u0caa\u0ccd\u0cb0\u0cc0\u0ca4\u0cbf\u0caf\u0cbf\u0c82\u0ca6 \u0c92\u0cac\u0ccd\u0cac\u0cb0\u0cbf\u0c97\u0cca\u0cac\u0ccd\u0cac\u0cb0\u0cc1 \u0cb8\u0cc7\u0cb5\u0cc6 \u0cae\u0cbe\u0ca1\u0cbf\u0cb0\u0cbf."},{"Verseid":"47004013","Verse":"\u0ca8\u0cbf\u0ca8\u0ccd\u0ca8 \u0ca8\u0cc6\u0cb0\u0cc6\u0caf\u0cb5\u0ca8\u0ca8\u0ccd\u0ca8\u0cc1 \u0ca8\u0cbf\u0ca8\u0ccd\u0ca8\u0c82\u0ca4\u0cc6\u0caf\u0cc7 \u0caa\u0ccd\u0cb0\u0cc0\u0ca4\u0cbf\u0cb8\u0cc1 \u0c8e\u0c82\u0cac \u0c92\u0c82\u0ca6\u0cc7 \u0cae\u0cbe\u0ca4\u0cbf\u0ca8\u0cb2\u0ccd\u0cb2\u0cbf \u0ca8\u0ccd\u0caf\u0cbe\u0caf\u0caa\u0ccd\u0cb0\u0cae\u0cbe\u0ca3\u0cb5\u0cc6\u0cb2\u0cbe \u0ca8\u0cc6\u0cb0\u0cb5\u0cc7\u0cb0\u0cc1\u0ca4\u0ccd\u0ca4\u0ca6\u0cc6."},{"Verseid":"47004014","Verse":"\u0c86\u0ca6\u0cb0\u0cc6 \u0ca8\u0cc0\u0cb5\u0cc1 \u0c92\u0cac\u0ccd\u0cac\u0cb0\u0ca8\u0ccd\u0ca8\u0cca\u0cac\u0ccd\u0cac\u0cb0\u0cc1 \u0c95\u0c9a\u0ccd\u0c9a\u0cbf \u0ca8\u0cc1\u0c82\u0c97\u0cc1\u0cb5\u0cb5\u0cb0\u0cbe\u0ca6\u0cb0\u0cc6 \u0c92\u0cac\u0ccd\u0cac\u0cb0\u0cbf\u0c82\u0ca6\u0cca\u0cac\u0ccd\u0cac\u0cb0\u0cc1 \u0ca8\u0cbe\u0cb6\u0cb5\u0cbe\u0ca6\u0cc0\u0cb0\u0cbf, \u0c8e\u0c9a\u0ccd\u0c9a\u0cb0\u0cb5\u0cbe\u0c97\u0cbf\u0cb0\u0ccd\u0cb0\u0cbf."},{"Verseid":"47004015","Verse":"\u0ca8\u0cbe\u0ca8\u0cc1 \u0cb9\u0cc7\u0cb3\u0cc1\u0cb5\u0ca6\u0cc7\u0ca8\u0c82\u0ca6\u0cb0\u0cc6, \u0c86\u0ca4\u0ccd\u0cae\u0ca8\u0ca8\u0ccd\u0ca8\u0cc1 \u0c85\u0ca8\u0cc1 \u0cb8\u0cb0\u0cbf\u0cb8\u0cbf \u0ca8\u0ca1\u0cc6\u0ca6\u0cc1\u0c95\u0cca\u0cb3\u0ccd\u0cb3\u0cbf\u0cb0\u0cbf; \u0c86\u0c97 \u0ca8\u0cc0\u0cb5\u0cc1 \u0cb6\u0cb0\u0cc0\u0cb0\u0cad\u0cbe\u0cb5\u0ca6 \u0c85\u0cad\u0cbf\u0cb2\u0cbe\u0cb7\u0cc6\u0caf\u0ca8\u0ccd\u0ca8\u0cc1 \u0c8e\u0cb7\u0ccd\u0c9f\u0cc1 \u0cae\u0cbe\u0ca4\u0ccd\u0cb0\u0c95\u0ccd\u0c95\u0cc2 \u0ca8\u0cc6\u0cb0\u0cb5\u0cc7\u0cb0\u0cbf\u0cb8\u0cc1 \u0cb5\u0ca6\u0cbf\u0cb2\u0ccd\u0cb2."},{"Verseid":"47004016","Verse":"\u0cb6\u0cb0\u0cc0\u0cb0\u0ca6\u0cbe\u0cb6\u0cc6\u0caf\u0cc1 \u0c86\u0ca4\u0ccd\u0cae\u0ca8\u0cbf\u0c97\u0cc6 \u0cb5\u0cbf\u0cb0\u0cc1\u0ca6\u0ccd\u0ca7 \u0cb5\u0cbe\u0c97\u0cbf\u0ca6\u0cc6. \u0c86\u0ca4\u0ccd\u0cae\u0ca8\u0cc1 \u0cb6\u0cb0\u0cc0\u0cb0\u0c95\u0ccd\u0c95\u0cc6 \u0cb5\u0cbf\u0cb0\u0cc1\u0ca6\u0ccd\u0ca7\u0cb5\u0cbe\u0c97\u0cbf\u0ca6\u0ccd\u0ca6\u0cbe\u0ca8\u0cc6. \u0ca8\u0cc0\u0cb5\u0cc1 \u0cae\u0cbe\u0ca1\u0cb2\u0cbf\u0c9a\u0ccd\u0c9b\u0cbf\u0cb8\u0cc1\u0cb5\u0ca6\u0ca8\u0ccd\u0ca8\u0cc1 \u0cae\u0cbe\u0ca1\u0ca6\u0c82\u0ca4\u0cc6 \u0c87\u0cb5\u0cc1 \u0c92\u0c82\u0ca6 \u0c95\u0ccd\u0c95\u0cca\u0c82\u0ca6\u0cc1 \u0cb5\u0cbf\u0cb0\u0ccb\u0ca7\u0cb5\u0cbe\u0c97\u0cbf\u0cb5\u0cc6."},{"Verseid":"47004017","Verse":"\u0c86\u0ca6\u0cb0\u0cc6 \u0ca8\u0cc0\u0cb5\u0cc1 \u0c86\u0ca4\u0ccd\u0cae\u0ca8\u0cbf\u0c82\u0ca6 \u0ca8\u0ca1\u0cbf\u0cb8\u0cbf\u0c95\u0cca\u0cb3\u0ccd\u0cb3\u0cc1\u0cb5\u0cb5\u0cb0\u0cbe\u0ca6\u0cb0\u0cc6 \u0ca8\u0ccd\u0caf\u0cbe\u0caf\u0caa\u0ccd\u0cb0\u0cae\u0cbe \u0ca3\u0c95\u0ccd\u0c95\u0cc6 \u0c85\u0ca7\u0cc0\u0ca8\u0cb0\u0cb2\u0ccd\u0cb2."},{"Verseid":"47004018","Verse":"\u0cb6\u0cb0\u0cc0\u0cb0\u0ca6 \u0c95\u0cc3\u0ca4\u0ccd\u0caf\u0c97\u0cb3\u0cc1 \u0cb8\u0ccd\u0caa\u0cb7\u0ccd\u0c9f\u0cb5\u0cbe\u0c97\u0cbf \u0ca4\u0ccb\u0cb0\u0cbf\u0cac\u0c82\u0ca6\u0cbf\u0cb5\u0cc6; \u0c85\u0cb5\u0cc1 \u0caf\u0cbe\u0cb5\u0cb5\u0cc6\u0c82\u0ca6\u0cb0\u0cc6--\u0cb5\u0ccd\u0caf\u0cad\u0cbf\u0c9a\u0cbe\u0cb0 \u0c9c\u0cbe\u0cb0\u0ca4\u0ccd\u0cb5 \u0c85\u0cb6\u0cc1\u0ca6\u0ccd\u0ca7\u0ca4\u0ccd\u0cb5 \u0cac\u0c82\u0ca1\u0cc1\u0ca4\u0ca8"},{"Verseid":"47004019","Verse":"\u0cb5\u0cbf\u0c97\u0ccd\u0cb0\u0cb9\u0cbe\u0cb0\u0cbe\u0ca7\u0ca8\u0cc6 \u0cae\u0cbe\u0c9f \u0cb9\u0c97\u0cc6\u0ca4\u0ca8 \u0cae\u0ca4\u0cad\u0cc7\u0ca6 \u0cb9\u0cca\u0c9f\u0ccd\u0c9f\u0cc7\u0c95\u0cbf\u0c9a\u0ccd\u0c9a\u0cc1 \u0cb8\u0cbf\u0c9f\u0ccd\u0c9f\u0cc1 \u0c9c\u0c97\u0cb3 \u0c92\u0cb3\u0cb8\u0c82\u0c9a\u0cc1 \u0cad\u0cbf\u0ca8\u0ccd\u0ca8\u0cbe\u0cad\u0cbf\u0caa\u0ccd\u0cb0\u0cbe\u0caf\u0c97\u0cb3\u0cc1"},{"Verseid":"47004020","Verse":"\u0c85\u0cb8\u0cc2\u0caf\u0cc6 \u0c97\u0cb3\u0cc1 \u0c95\u0cca\u0cb2\u0cc6\u0c97\u0cb3\u0cc1 \u0c95\u0cc1\u0ca1\u0cc1\u0c95\u0ca4\u0ca8 \u0ca6\u0cc1\u0c82\u0ca6\u0ccc\u0ca4\u0ca8 \u0c88 \u0cae\u0cca\u0ca6\u0cb2\u0cbe\u0ca6\u0cb5\u0cc1\u0c97\u0cb3\u0cc7; \u0c87\u0c82\u0ca5 \u0c95\u0cc3\u0ca4\u0ccd\u0caf\u0c97\u0cb3\u0ca8\u0ccd\u0ca8\u0cc1 \u0ca8\u0ca1\u0cbf\u0cb8\u0cc1\u0cb5\u0cb5\u0cb0\u0cc1 \u0ca6\u0cc7\u0cb5\u0cb0 \u0cb0\u0cbe\u0c9c\u0ccd\u0caf\u0c95\u0ccd\u0c95\u0cc6 \u0cac\u0cbe\u0ca7\u0ccd\u0caf\u0cb0\u0cbe\u0c97\u0cc1\u0cb5\u0ca6\u0cbf\u0cb2\u0ccd\u0cb2\u0cb5\u0cc6\u0c82\u0ca6\u0cc1 \u0ca8\u0cbe\u0ca8\u0cc1 \u0ca8\u0cbf\u0cae\u0c97\u0cc6 \u0cae\u0cc1\u0c82\u0c9a\u0cc6\u0caf\u0cc7 \u0cb9\u0cc7\u0cb3\u0cbf\u0ca6\u0c82\u0ca4\u0cc6 \u0c88\u0c97\u0cb2\u0cc2 \u0cb9\u0cc7\u0cb3\u0cc1\u0ca4\u0ccd\u0ca4\u0cc7\u0ca8\u0cc6."},{"Verseid":"47004021","Verse":"\u0c86\u0ca6\u0cb0\u0cc6 \u0c86\u0ca4\u0ccd\u0cae\u0ca8 \u0cab\u0cb2\u0cb5\u0cc7\u0ca8\u0c82\u0ca6\u0cb0\u0cc6--\u0caa\u0ccd\u0cb0\u0cc0\u0ca4\u0cbf \u0cb8\u0c82\u0ca4\u0ccb\u0cb7 \u0cb8\u0cae\u0cbe\u0ca7\u0cbe\u0ca8 \u0ca6\u0cc0\u0cb0\u0ccd\u0c98\u0cb6\u0cbe\u0c82\u0ca4\u0cbf \u0cb5\u0cbf\u0ca8\u0caf \u0cb8\u0ca6\u0ccd\u0c97\u0cc1\u0ca3 \u0ca8\u0c82\u0cac\u0cbf\u0c95\u0cc6"},{"Verseid":"47004022","Verse":"\u0cb8\u0cbe\u0ca4\u0ccd\u0cb5\u0cbf\u0c95\u0ca4\u0ccd\u0cb5 \u0cae\u0cbf\u0ca4\u0cb5\u0ccd\u0caf\u0caf \u0c87\u0c82\u0ca5 \u0cb5\u0cc1\u0c97\u0cb3\u0cc7; \u0c87\u0c82\u0ca5\u0cb5\u0cc1\u0c97\u0cb3\u0cbf\u0c97\u0cc6 \u0cb5\u0cbf\u0cb0\u0ccb\u0ca7\u0cb5\u0cbe\u0c97\u0cbf \u0ca8\u0ccd\u0caf\u0cbe\u0caf \u0caa\u0ccd\u0cb0\u0cae\u0cbe\u0ca3\u0cb5\u0cbf\u0cb2\u0ccd\u0cb2."},{"Verseid":"47004023","Verse":"\u0c95\u0ccd\u0cb0\u0cbf\u0cb8\u0ccd\u0ca4\u0ca8\u0cb5\u0cb0\u0cc1 \u0ca4\u0cae\u0ccd\u0cae \u0cb6\u0cb0\u0cc0\u0cb0\u0cb5\u0ca8\u0ccd\u0ca8\u0cc1 \u0c85\u0ca6\u0cb0 \u0c87\u0c9a\u0ccd\u0c9b\u0cc6 \u0ca6\u0cc1\u0cb0\u0cbe\u0cb6\u0cc6 \u0cb8\u0cb9\u0cbf\u0ca4\u0cb5\u0cbe\u0c97\u0cbf \u0cb6\u0cbf\u0cb2\u0cc1\u0cac\u0cc6\u0c97\u0cc6 \u0cb9\u0cbe\u0c95\u0cbf\u0ca6\u0ccd\u0ca6\u0cbe\u0cb0\u0cc6."},{"Verseid":"47004024","Verse":"\u0ca8\u0cbe\u0cb5\u0cc1 \u0c86\u0ca4\u0ccd\u0cae\u0ca8\u0cb2\u0ccd\u0cb2\u0cbf \u0c9c\u0cc0\u0cb5\u0cbf\u0cb8\u0cc1\u0cb5\u0ca6\u0cbe\u0ca6\u0cb0\u0cc6 \u0ca8\u0cbe\u0cb5\u0cc1 \u0cb8\u0cb9 \u0c86\u0ca4\u0ccd\u0cae\u0ca8\u0cb2\u0ccd\u0cb2\u0cbf \u0ca8\u0ca1\u0cc6\u0caf\u0ccb\u0ca3."},{"Verseid":"47004025","Verse":"\u0ca8\u0cbe\u0cb5\u0cc1 \u0cb5\u0ccd\u0caf\u0cb0\u0ccd\u0ca5\u0cb5\u0cbe\u0ca6 \u0cb9\u0cca\u0c97\u0cb3\u0cbf\u0c95\u0cc6\u0caf\u0ca8\u0ccd\u0ca8\u0cc1 \u0c85\u0caa\u0cc7\u0c95\u0ccd\u0cb7\u0cbf\u0cb8\u0ca6\u0cc6\u0caf\u0cc2 \u0c92\u0cac\u0ccd\u0cac\u0cb0\u0ca8\u0ccd\u0ca8\u0cca\u0cac\u0ccd\u0cac\u0cb0\u0cc1 \u0c95\u0cc6\u0ca3\u0c95\u0ca6\u0cc6\u0caf\u0cc2 \u0c92\u0cac\u0ccd\u0cac\u0cb0 \u0cae\u0cc7\u0cb2\u0cca\u0cac\u0ccd\u0cac\u0cb0\u0cc1 \u0cb9\u0cca\u0c9f\u0ccd\u0c9f\u0cc7\u0c95\u0cbf\u0c9a\u0ccd\u0c9a\u0cc1 \u0caa\u0ca1\u0ca6\u0cc6\u0caf\u0cc2 \u0c87\u0cb0\u0ccb\u0ca3."}]},{"Verse":[{"Verseid":"47005000","Verse":"\u0cb8\u0cb9\u0ccb\u0ca6\u0cb0\u0cb0\u0cc7, \u0c92\u0cac\u0ccd\u0cac\u0ca8\u0cc1 \u0c92\u0c82\u0ca6\u0cc1 \u0ca6\u0ccb\u0cb7\u0ca6\u0cb2\u0ccd\u0cb2\u0cbf \u0cb8\u0cbf\u0c95\u0ccd\u0c95\u0cbf\u0ca6\u0cb0\u0cc6 \u0c85\u0c82\u0ca5\u0cb5\u0ca8\u0ca8\u0ccd\u0ca8\u0cc1 \u0c86\u0ca4\u0ccd\u0cae\u0cbf\u0c95\u0cb0\u0cbe\u0ca6 \u0ca8\u0cc0\u0cb5\u0cc1 \u0cb8\u0cbe\u0ca4\u0ccd\u0cb5\u0cbf\u0c95\u0cad\u0cbe\u0cb5\u0ca6\u0cbf\u0c82\u0ca6 \u0caf\u0ca5\u0cbe\u0cb8\u0ccd\u0ca5\u0cbe\u0ca8 \u0caa\u0ca1\u0cbf\u0cb8\u0cbf\u0cb0\u0cbf; \u0ca8\u0cc0\u0ca8\u0cbe\u0ca6\u0cb0\u0ccb \u0cb6\u0ccb\u0ca7\u0ca8\u0cc6\u0c97\u0cc6 \u0c92\u0cb3\u0c97\u0cbe\u0c97\u0ca6\u0c82\u0ca4\u0cc6 \u0ca8\u0cbf\u0ca8\u0ccd\u0ca8 \u0cb5\u0cbf\u0cb7\u0caf\u0ca6\u0cb2\u0ccd\u0cb2\u0cbf \u0c8e\u0c9a\u0ccd\u0c9a\u0cb0\u0cbf\u0c95\u0cc6\u0caf\u0cbe\u0c97\u0cbf\u0cb0\u0cc1."},{"Verseid":"47005001","Verse":"\u0c92\u0cac\u0ccd\u0cac\u0ca8\u0cc1 \u0cae\u0ca4\u0ccd\u0ca4\u0cca\u0cac\u0ccd\u0cac\u0ca8 \u0cad\u0cbe\u0cb0\u0cb5\u0ca8\u0ccd\u0ca8\u0cc1 \u0cb9\u0cca\u0ca4\u0ccd\u0ca4\u0cc1\u0c95\u0cca\u0cb3\u0ccd\u0cb3\u0cb2\u0cbf; \u0cb9\u0cc0\u0c97\u0cc6 \u0c95\u0ccd\u0cb0\u0cbf\u0cb8\u0ccd\u0ca4\u0ca8 \u0ca8\u0cbf\u0caf\u0cae\u0cb5\u0ca8\u0ccd\u0ca8\u0cc1 \u0ca8\u0cc6\u0cb0\u0cb5\u0cc7\u0cb0\u0cbf\u0cb8\u0cbf\u0cb0\u0cbf."},{"Verseid":"47005002","Verse":"\u0c8f\u0ca8\u0cc2 \u0c85\u0cb2\u0ccd\u0cb2\u0ca6\u0cb5 \u0ca8\u0cca\u0cac\u0ccd\u0cac\u0ca8\u0cc1 \u0ca4\u0cbe\u0ca8\u0cc1 \u0c8f\u0ca8\u0ccb \u0c86\u0c97\u0cbf\u0ca6\u0ccd\u0ca6\u0cc7\u0ca8\u0cc6\u0c82\u0ca6\u0cc1 \u0cad\u0cbe\u0cb5\u0cbf\u0cb8\u0cbf \u0c95\u0cca\u0c82\u0ca1\u0cb0\u0cc6 \u0ca4\u0ca8\u0ccd\u0ca8\u0ca8\u0ccd\u0ca8\u0cc1 \u0ca4\u0cbe\u0ca8\u0cc7 \u0cae\u0ccb\u0cb8\u0caa\u0ca1\u0cbf\u0cb8\u0cbf\u0c95\u0cca\u0cb3\u0ccd\u0cb3\u0cc1\u0ca4\u0ccd\u0ca4\u0cbe\u0ca8\u0cc6."},{"Verseid":"47005003","Verse":"\u0caa\u0ccd\u0cb0\u0ca4\u0cbf\u0caf\u0cca\u0cac\u0ccd\u0cac\u0ca8\u0cc1 \u0ca4\u0ca8\u0ccd\u0ca8 \u0cb8\u0ccd\u0cb5\u0c82\u0ca4 \u0c95\u0cc6\u0cb2\u0cb8\u0cb5\u0ca8\u0ccd\u0ca8\u0cc1 \u0caa\u0cb0\u0cbf\u0cb6\u0ccb\u0ca7\u0cbf \u0cb8\u0cb2\u0cbf; \u0c86\u0c97 \u0c85\u0cb5\u0ca8\u0cc1 \u0ca4\u0ca8\u0ccd\u0ca8\u0cb2\u0ccd\u0cb2\u0cbf\u0caf\u0cc7 \u0cb8\u0c82\u0ca4\u0ccb\u0cb7\u0caa\u0ca1\u0cc1\u0cb5\u0ca6\u0c95\u0ccd\u0c95\u0cc6 \u0c86\u0cb8\u0ccd\u0caa\u0ca6\u0cb5\u0cbe\u0c97\u0cc1\u0cb5\u0ca6\u0cc7 \u0cb9\u0cca\u0cb0\u0ca4\u0cc1 \u0cae\u0ca4\u0ccd\u0ca4\u0cca\u0cac\u0ccd\u0cac\u0ca8\u0cb2\u0ccd\u0cb2\u0cbf \u0c85\u0cb2\u0ccd\u0cb2;"},{"Verseid":"47005004","Verse":"\u0caa\u0ccd\u0cb0\u0ca4\u0cbf\u0caf\u0cca\u0cac\u0ccd\u0cac\u0ca8\u0cc1 \u0ca4\u0ca8\u0ccd\u0ca8 \u0cb8\u0ccd\u0cb5\u0c82\u0ca4 \u0cb9\u0cca\u0cb0\u0cc6\u0caf\u0ca8\u0ccd\u0ca8\u0cc1 \u0cb9\u0cca\u0ca4\u0ccd\u0ca4\u0cc1\u0c95\u0cca\u0cb3\u0ccd\u0cb3 \u0cac\u0cc7\u0c95\u0cc1."},{"Verseid":"47005005","Verse":"\u0cb5\u0cbe\u0c95\u0ccd\u0caf\u0ca6\u0cb2\u0ccd\u0cb2\u0cbf \u0c89\u0caa\u0ca6\u0cc7\u0cb6\u0cb9\u0cca\u0c82\u0ca6\u0cc1\u0cb5\u0cb5\u0ca8\u0cc1 \u0c89\u0caa\u0ca6\u0cc7\u0cb6 \u0cae\u0cbe\u0ca1\u0cc1\u0cb5\u0cb5\u0ca8\u0cbf\u0c97\u0cc6 \u0ca4\u0ca8\u0cbf\u0c97\u0cb0\u0cc1\u0cb5 \u0c8e\u0cb2\u0ccd\u0cb2\u0cbe \u0c92\u0cb3\u0ccd\u0cb3\u0cc6\u0caf\u0cb5\u0cc1\u0c97\u0cb3\u0cb2\u0ccd\u0cb2\u0cbf \u0caa\u0cbe\u0cb2\u0cc1\u0c95\u0cca\u0ca1\u0cb2\u0cbf."},{"Verseid":"47005006","Verse":"\u0cae\u0ccb\u0cb8 \u0cb9\u0cca\u0c97\u0cac\u0cc7\u0ca1\u0cbf\u0cb0\u0cbf; \u0ca6\u0cc7\u0cb5\u0cb0\u0cc1 \u0caa\u0cb0\u0cbf\u0cb9\u0cbe\u0cb8\u0ccd\u0caf \u0cae\u0cbe\u0ca1\u0cb2\u0ccd\u0caa\u0ca1\u0cc1\u0cb5\u0cbe\u0ca4\u0ca8\u0cb2\u0ccd\u0cb2; \u0caf\u0cbe\u0c95\u0c82\u0ca6\u0cb0\u0cc6 \u0cae\u0ca8\u0cc1\u0cb7\u0ccd\u0caf\u0ca8\u0cc1 \u0ca4\u0cbe\u0ca8\u0cc1 \u0c8f\u0ca8\u0cc1 \u0cac\u0cbf\u0ca4\u0ccd\u0ca4\u0cc1\u0ca4\u0ccd\u0ca4\u0cbe\u0ca8\u0ccb \u0c85\u0ca6\u0ca8\u0ccd\u0ca8\u0cc7 \u0c95\u0cca\u0caf\u0ccd\u0caf\u0cac\u0cc7\u0c95\u0cc1."},{"Verseid":"47005007","Verse":"\u0ca4\u0ca8\u0ccd\u0ca8 \u0cb6\u0cb0\u0cc0\u0cb0\u0ca6\u0cbf\u0c82\u0ca6 \u0cac\u0cbf\u0ca4\u0ccd\u0ca4\u0cc1\u0cb5\u0cb5\u0ca8\u0cc1 \u0cb6\u0cb0\u0cc0\u0cb0\u0ca6\u0cbf\u0c82\u0ca6 \u0ca8\u0cbe\u0cb6\u0ca8\u0cb5\u0ca8\u0ccd\u0ca8\u0cc1 \u0c95\u0cca\u0caf\u0ccd\u0caf\u0cc1\u0cb5\u0ca8\u0cc1. \u0c86\u0ca6\u0cb0\u0cc6 \u0c86\u0ca4\u0ccd\u0cae\u0ca8\u0cbf\u0c82\u0ca6 \u0cac\u0cbf\u0ca4\u0ccd\u0ca4\u0cc1\u0cb5\u0cb5\u0ca8\u0cc1 \u0c86\u0ca4\u0ccd\u0cae\u0ca8\u0cbf\u0c82\u0ca6 \u0ca8\u0cbf\u0ca4\u0ccd\u0caf\u0c9c\u0cc0\u0cb5\u0cb5\u0ca8\u0ccd\u0ca8\u0cc1 \u0c95\u0cca\u0caf\u0ccd\u0caf\u0cc1\u0cb5\u0ca8\u0cc1."},{"Verseid":"47005008","Verse":"\u0c92\u0cb3\u0ccd\u0cb3\u0cc6\u0ca6\u0ca8\u0ccd\u0ca8\u0cc1 \u0cae\u0cbe\u0ca1\u0cc1\u0cb5\u0ca6\u0cb0\u0cb2\u0ccd\u0cb2\u0cbf \u0cac\u0cc7\u0cb8\u0cb0 \u0c97\u0cca\u0cb3\u0ccd\u0cb3\u0ca6\u0cc6 \u0c87\u0cb0\u0ccb\u0ca3. \u0caf\u0cbe\u0c95\u0c82\u0ca6\u0cb0\u0cc6 \u0ca8\u0cbe\u0cb5\u0cc1 \u0cae\u0ca8\u0c97\u0cc1\u0c82\u0ca6 \u0ca6\u0cbf\u0ca6\u0ccd\u0ca6\u0cb0\u0cc6 \u0ca4\u0c95\u0ccd\u0c95 \u0cb8\u0cae\u0caf\u0ca6\u0cb2\u0ccd\u0cb2\u0cbf \u0c95\u0cca\u0caf\u0ccd\u0caf\u0cc1\u0cb5\u0cc6\u0cb5\u0cc1."},{"Verseid":"47005009","Verse":"\u0c86\u0ca6\u0ca6 \u0cb0\u0cbf\u0c82\u0ca6 \u0cb8\u0cae\u0caf\u0cb5\u0cbf\u0cb0\u0cb2\u0cbe\u0c97\u0cbf \u0c8e\u0cb2\u0ccd\u0cb2\u0cb0\u0cbf\u0c97\u0cc6 \u0c92\u0cb3\u0ccd\u0cb3\u0cc7\u0ca6\u0ca8\u0ccd\u0ca8\u0cc1 \u0cae\u0cbe\u0ca1\u0ccb\u0ca3; \u0cae\u0cc1\u0c96\u0ccd\u0caf\u0cb5\u0cbe\u0c97\u0cbf \u0cb5\u0cbf\u0cb6\u0ccd\u0cb5\u0cbe\u0cb8\u0ca6 \u0cae\u0ca8\u0cc6\u0ca4\u0ca8 \u0ca6\u0cb5\u0cb0\u0cbf\u0c97\u0cc6 \u0cae\u0cbe\u0ca1\u0ccb\u0ca3."},{"Verseid":"47005010","Verse":"\u0ca8\u0ca8\u0ccd\u0ca8 \u0cb8\u0ccd\u0cb5\u0c82\u0ca4 \u0c95\u0cc8\u0caf\u0cbf\u0c82\u0ca6 \u0c8e\u0c82\u0ca5\u0cbe \u0ca6\u0cca\u0ca1\u0ccd\u0ca1 \u0c85\u0c95\u0ccd\u0cb7\u0cb0 \u0c97\u0cb3\u0cb2\u0ccd\u0cb2\u0cbf \u0ca8\u0cbe\u0ca8\u0cc1 \u0ca8\u0cbf\u0cae\u0c97\u0cc6 \u0cac\u0cb0\u0cc6\u0ca6\u0cbf\u0ca6\u0ccd\u0ca6\u0cc7\u0ca8\u0cc6 \u0ca8\u0ccb\u0ca1\u0cbf\u0cb0\u0cbf."},{"Verseid":"47005011","Verse":"\u0cb6\u0cb0\u0cc0\u0cb0\u0ca6\u0cb2\u0ccd\u0cb2\u0cbf \u0c85\u0c82\u0ca6\u0cb5\u0cbe\u0c97\u0cbf \u0c95\u0cbe\u0ca3\u0cac\u0cc7\u0c95\u0cc6\u0c82\u0ca6\u0cc1 \u0c87\u0cb7\u0ccd\u0c9f\u0caa\u0ca1\u0cc1 \u0cb5\u0cb5\u0cb0\u0cc6\u0cb2\u0ccd\u0cb2\u0cb0\u0cc2 \u0ca4\u0cae\u0c97\u0cc6 \u0c95\u0ccd\u0cb0\u0cbf\u0cb8\u0ccd\u0ca4\u0ca8 \u0cb6\u0cbf\u0cb2\u0cc1\u0cac\u0cc6\u0caf \u0ca6\u0cc6\u0cb8\u0cc6\u0caf\u0cbf\u0c82\u0ca6 \u0cb9\u0cbf\u0c82\u0cb8\u0cc6\u0caf\u0cbe\u0c97\u0cac\u0cbe\u0cb0\u0ca6\u0cc6\u0c82\u0cac\u0ca6\u0c95\u0ccd\u0c95\u0cbe\u0c97\u0cbf\u0caf\u0cc7 \u0cb8\u0cc1\u0ca8\u0ccd\u0ca8\u0ca4\u0cbf\u0cae\u0cbe\u0ca1\u0cbf\u0cb8\u0cbf \u0c95\u0cca\u0cb3\u0ccd\u0cb3\u0cac\u0cc7\u0c95\u0cc6\u0c82\u0ca6\u0cc1 \u0ca8\u0cbf\u0cae\u0ccd\u0cae\u0ca8\u0ccd\u0ca8\u0cc1 \u0cac\u0cb2\u0cbe\u0ca4\u0ccd\u0c95\u0cb0\u0cbf\u0cb8\u0cc1\u0ca4\u0ccd\u0ca4\u0cbe\u0cb0\u0cc6."},{"Verseid":"47005012","Verse":"\u0cb8\u0cc1\u0ca8\u0ccd\u0ca8\u0ca4\u0cbf \u0cae\u0cbe\u0ca1\u0cbf\u0cb8\u0cbf\u0c95\u0cca\u0cb3\u0ccd\u0cb3\u0cc1\u0cb5 \u0ca4\u0cbe\u0cb5\u0cbe\u0ca6\u0cb0\u0cca \u0ca8\u0ccd\u0caf\u0cbe\u0caf\u0caa\u0ccd\u0cb0\u0cae\u0cbe\u0ca3 \u0cb5\u0ca8\u0ccd\u0ca8\u0cc1 \u0c95\u0cc8\u0c95\u0cca\u0c82\u0ca1\u0cc1 \u0ca8\u0ca1\u0cc6\u0caf\u0cc1\u0cb5\u0ca6\u0cbf\u0cb2\u0ccd\u0cb2. \u0c86\u0ca6\u0cb0\u0cc6 \u0c85\u0cb5\u0cb0\u0cc1 \u0ca8\u0cbf\u0cae\u0ccd\u0cae \u0cb6\u0cb0\u0cc0\u0cb0\u0ca6 \u0cb5\u0cbf\u0cb7\u0caf\u0ca6\u0cb2\u0ccd\u0cb2\u0cbf \u0cb9\u0cc6\u0c9a\u0ccd\u0c9a\u0cb3 \u0caa\u0ca1\u0cc1\u0cb5\u0ca6\u0c95\u0ccd\u0c95\u0cbe\u0c97\u0cbf \u0ca8\u0cbf\u0cae\u0c97\u0cc6 \u0cb8\u0cc1\u0ca8\u0ccd\u0ca8\u0ca4\u0cbf\u0caf\u0cbe\u0c97\u0cac\u0cc7\u0c95\u0cc6\u0c82\u0ca6\u0cc1 \u0c85\u0caa\u0cc7\u0c95\u0ccd\u0cb7\u0cbf\u0cb8\u0cc1\u0ca4\u0ccd\u0ca4\u0cbe\u0cb0\u0cc6."},{"Verseid":"47005013","Verse":"\u0ca8\u0ca8\u0c97\u0cbe\u0ca6\u0cb0\u0ccb \u0ca8\u0cae\u0ccd\u0cae \u0c95\u0cb0\u0ccd\u0ca4\u0ca8\u0cbe\u0ca6 \u0caf\u0cc7\u0cb8\u0cc1 \u0c95\u0ccd\u0cb0\u0cbf\u0cb8\u0ccd\u0ca4\u0ca8 \u0cb6\u0cbf\u0cb2\u0cc1\u0cac\u0cc6\u0caf \u0cb5\u0cbf\u0cb7\u0caf\u0ca6\u0cb2\u0ccd\u0cb2\u0cbf \u0cb9\u0cca\u0cb0\u0ca4\u0cc1 \u0cb9\u0cc6\u0c9a\u0ccd\u0c9a\u0cb3\u0caa\u0ca1\u0cc1\u0cb5\u0ca6\u0cc1 \u0cac\u0cc7\u0ca1\u0cb5\u0cc7 \u0cac\u0cc7\u0ca1. \u0c86\u0ca4\u0ca8 \u0cae\u0cc2\u0cb2\u0c95 \u0cb2\u0ccb\u0c95\u0cb5\u0cc1 \u0ca8\u0ca8\u0ccd\u0ca8 \u0caa\u0cbe\u0cb2\u0cbf\u0c97\u0cc6 \u0cb6\u0cbf\u0cb2\u0cc1\u0cac\u0cc6\u0c97\u0cc6 \u0cb9\u0cbe\u0c95\u0cbf\u0cb8\u0cbf\u0c95\u0cca\u0c82\u0ca1\u0cbf\u0ca4\u0cc1. \u0ca8\u0cbe\u0ca8\u0cc1 \u0cb2\u0ccb\u0c95\u0ca6 \u0caa\u0cbe\u0cb2\u0cbf\u0c97\u0cc6 \u0cb6\u0cbf\u0cb2\u0cc1\u0cac\u0cc6\u0c97\u0cc6 \u0cb9\u0cbe\u0c95\u0cbf\u0cb8\u0cbf\u0c95\u0cca\u0c82\u0ca1\u0cb5\u0ca8\u0cbe\u0c97\u0cbf\u0ca6\u0ccd\u0ca6\u0cc7\u0ca8\u0cc6."},{"Verseid":"47005014","Verse":"\u0c95\u0ccd\u0cb0\u0cbf\u0cb8\u0ccd\u0ca4 \u0caf\u0cc7\u0cb8\u0cc1\u0cb5\u0cbf\u0ca8\u0cb2\u0ccd\u0cb2\u0cbf \u0cb8\u0cc1\u0ca8\u0ccd\u0ca8\u0ca4\u0cbf\u0caf\u0cbe\u0c97\u0cc1\u0cb5\u0ca6\u0cb0\u0cbf\u0c82\u0ca6 \u0c8f\u0ca8\u0cc2 \u0caa\u0ccd\u0cb0\u0caf\u0ccb\u0c9c\u0ca8\u0cb5\u0cbf\u0cb2\u0ccd\u0cb2, \u0cb8\u0cc1\u0ca8\u0ccd\u0ca8\u0ca4\u0cbf\u0caf\u0cbe\u0c97\u0ca6\u0cc6 \u0c87\u0cb0\u0cc1\u0cb5\u0ca6 \u0cb0\u0cbf\u0c82\u0ca6\u0cb2\u0cc2 \u0c8f\u0ca8\u0cc2 \u0caa\u0ccd\u0cb0\u0caf\u0ccb\u0c9c\u0ca8\u0cb5\u0cbf\u0cb2\u0ccd\u0cb2; \u0c86\u0ca6\u0cb0\u0cc6 \u0cb9\u0cca\u0cb8 \u0cb8\u0cc3\u0cb7\u0ccd\u0c9f\u0cbf\u0caf\u0cc7 \u0cac\u0cc7\u0c95\u0cc1."},{"Verseid":"47005015","Verse":"\u0c88 \u0cb8\u0cc2\u0ca4\u0ccd\u0cb0\u0c95\u0ccd\u0c95\u0cc6 \u0cb8\u0cb0\u0cbf\u0caf\u0cbe\u0c97\u0cbf \u0ca8\u0ca1\u0cc6\u0caf\u0cc1\u0cb5\u0cb5\u0cb0\u0cc6\u0cb2\u0ccd\u0cb2\u0cb0 \u0cae\u0cc7\u0cb2\u0cc6 \u0c85\u0c82\u0ca6\u0cb0\u0cc6 \u0ca6\u0cc7\u0cb5\u0cb0 \u0c87\u0cb8\u0ccd\u0cb0\u0cbe \u0caf\u0cc7\u0cb2\u0cbf\u0ca8 \u0cae\u0cc7\u0cb2\u0cc6 \u0cb6\u0cbe\u0c82\u0ca4\u0cbf\u0caf\u0cc2 \u0c95\u0cb0\u0cc1\u0ca3\u0cc6\u0caf\u0cc2 \u0c87\u0cb0\u0cb2\u0cbf."},{"Verseid":"47005016","Verse":"\u0c87\u0ca8\u0ccd\u0ca8\u0cc1 \u0cae\u0cc7\u0cb2\u0cc6 \u0caf\u0cbe\u0cb0\u0cc2 \u0ca8\u0ca8\u0ccd\u0ca8\u0ca8\u0ccd\u0ca8\u0cc1 \u0c95\u0cb3\u0cb5\u0cb3 \u0caa\u0ca1\u0cbf\u0cb8\u0cac\u0cbe\u0cb0\u0ca6\u0cc1; \u0caf\u0cbe\u0c95\u0c82\u0ca6\u0cb0\u0cc6 \u0ca8\u0cbe\u0ca8\u0cc1 \u0ca8\u0ca8\u0ccd\u0ca8 \u0ca6\u0cc7\u0cb9\u0ca6\u0cb2\u0ccd\u0cb2\u0cbf \u0c95\u0cb0\u0ccd\u0ca4\u0ca8\u0cbe\u0ca6 \u0caf\u0cc7\u0cb8\u0cc1\u0cb5\u0cbf\u0ca8 \u0c97\u0cc1\u0cb0\u0cc1\u0ca4\u0cc1\u0c97\u0cb3\u0ca8\u0ccd\u0ca8\u0cc1 \u0cb9\u0cca\u0c82\u0ca6\u0cbf\u0ca6\u0cb5 \u0ca8\u0cbe\u0c97\u0cbf\u0ca6\u0ccd\u0ca6\u0cc7\u0ca8\u0cc6."},{"Verseid":"47005017","Verse":"\u0cb8\u0cb9\u0ccb\u0ca6\u0cb0\u0cb0\u0cc7, \u0ca8\u0cae\u0ccd\u0cae \u0c95\u0cb0\u0ccd\u0ca4\u0ca8\u0cbe\u0ca6 \u0caf\u0cc7\u0cb8\u0cc1 \u0c95\u0ccd\u0cb0\u0cbf\u0cb8\u0ccd\u0ca4\u0ca8 \u0c95\u0cc3\u0caa\u0cc6\u0caf\u0cc1 \u0ca8\u0cbf\u0cae\u0ccd\u0cae \u0c86\u0ca4\u0ccd\u0cae\u0ca6\u0cca\u0c82\u0ca6\u0cbf\u0c97\u0cbf\u0cb0\u0cb2\u0cbf. \u0c86\u0cae\u0cc6\u0ca8\u0ccd\u200c."}]}]}