{"Chapter":[{"Verse":[{"Verseid":"48000000","Verse":"\u0ca6\u0cc7\u0cb5\u0cb0 \u0c9a\u0cbf\u0ca4\u0ccd\u0ca4\u0cbe\u0ca8\u0cc1\u0cb8\u0cbe\u0cb0\u0cb5\u0cbe\u0c97\u0cbf \u0caf\u0cc7\u0cb8\u0cc1 \u0c95\u0ccd\u0cb0\u0cbf\u0cb8\u0ccd\u0ca4\u0ca8 \u0c85\u0caa\u0cca\u0cb8\u0ccd\u0ca4\u0cb2\u0ca8\u0cbe\u0ca6 \u0caa\u0ccc\u0cb2\u0ca8\u0cc1 \u0c8e\u0cab\u0cc6\u0cb8 \u0ca6\u0cb2\u0ccd\u0cb2\u0cbf\u0cb0\u0cc1\u0cb5 \u0caa\u0cb0\u0cbf\u0cb6\u0cc1\u0ca6\u0ccd\u0ca7\u0cb0\u0cbf\u0c97\u0cc2 \u0c95\u0ccd\u0cb0\u0cbf\u0cb8\u0ccd\u0ca4 \u0caf\u0cc7\u0cb8\u0cc1\u0cb5\u0cbf\u0ca8\u0cb2\u0ccd\u0cb2\u0cbf \u0ca8\u0c82\u0cac\u0cbf\u0c97\u0cb8\u0ccd\u0ca4\u0cb0\u0cbf\u0c97\u0cc2--"},{"Verseid":"48000001","Verse":"\u0ca8\u0cae\u0ccd\u0cae \u0ca4\u0c82\u0ca6\u0cc6\u0caf\u0cbe\u0ca6 \u0ca6\u0cc7\u0cb5 \u0cb0\u0cbf\u0c82\u0ca6\u0cb2\u0cc2 \u0c95\u0cb0\u0ccd\u0ca4\u0ca8\u0cbe\u0ca6 \u0caf\u0cc7\u0cb8\u0cc1 \u0c95\u0ccd\u0cb0\u0cbf\u0cb8\u0ccd\u0ca4\u0ca8\u0cbf\u0c82\u0ca6\u0cb2\u0cc2 \u0ca8\u0cbf\u0cae\u0c97\u0cc6 \u0c95\u0cc3\u0caa\u0cc6\u0caf\u0cc2 \u0cb6\u0cbe\u0c82\u0ca4\u0cbf\u0caf\u0cc2 \u0c86\u0c97\u0cb2\u0cbf."},{"Verseid":"48000002","Verse":"\u0ca8\u0cae\u0ccd\u0cae \u0c95\u0cb0\u0ccd\u0ca4\u0ca8\u0cbe\u0ca6 \u0caf\u0cc7\u0cb8\u0cc1 \u0c95\u0ccd\u0cb0\u0cbf\u0cb8\u0ccd\u0ca4\u0ca8 \u0ca6\u0cc7\u0cb5\u0cb0\u0cc2 \u0ca4\u0c82\u0ca6\u0cc6\u0caf\u0cc2 \u0c86\u0c97\u0cbf\u0cb0\u0cc1\u0cb5\u0cbe\u0ca4\u0ca8\u0cbf\u0c97\u0cc6 \u0cb8\u0ccd\u0ca4\u0ccb\u0ca4\u0ccd\u0cb0. \u0c86\u0ca4\u0ca8\u0cc1 \u0caa\u0cb0\u0cb2\u0ccb\u0c95\u0ca6\u0cb2\u0ccd\u0cb2\u0cbf\u0ca8 \u0cb8\u0c95\u0cb2 \u0c86\u0ca4\u0ccd\u0cae\u0cc0\u0caf \u0c86\u0cb6\u0cc0\u0cb0\u0ccd\u0cb5\u0cbe\u0ca6 \u0c97\u0cb3\u0ca8\u0ccd\u0ca8\u0cc1 \u0ca8\u0cae\u0c97\u0cc6 \u0c95\u0ccd\u0cb0\u0cbf\u0cb8\u0ccd\u0ca4\u0ca8\u0cb2\u0ccd\u0cb2\u0cbf \u0c85\u0ca8\u0cc1\u0c97\u0ccd\u0cb0\u0cb9\u0cbf\u0cb8\u0cbf\u0ca6\u0ccd\u0ca6\u0cbe\u0ca8\u0cc6."},{"Verseid":"48000003","Verse":"\u0ca8\u0cbe\u0cb5\u0cc1 \u0caa\u0ccd\u0cb0\u0cc0\u0ca4\u0cbf\u0caf\u0cb2\u0ccd\u0cb2\u0cbf\u0ca6\u0ccd\u0ca6\u0cc1 \u0c86\u0ca4\u0ca8 \u0cb8\u0ca8\u0ccd\u0ca8\u0cbf\u0ca7\u0cbf\u0caf\u0cb2\u0ccd\u0cb2\u0cbf \u0caa\u0cb0\u0cbf\u0cb6\u0cc1\u0ca6\u0ccd\u0ca7\u0cb0\u0cc2 \u0ca8\u0cbf\u0cb0\u0ccd\u0ca6\u0ccb\u0cb7\u0cbf\u0c97\u0cb3\u0cc2 \u0c86\u0c97\u0cbf\u0cb0\u0cac\u0cc7\u0c95\u0cc6\u0c82\u0ca6\u0cc1 \u0c86\u0ca4\u0ca8\u0cc1 \u0c9c\u0c97\u0ca4\u0ccd\u0ca4\u0cbf\u0c97\u0cc6 \u0c85\u0cb8\u0ccd\u0ca4\u0cbf\u0cb5\u0cbe\u0cb0 \u0cb9\u0cbe\u0c95\u0cc1\u0cb5\u0ca6\u0c95\u0ccd\u0c95\u0cbf\u0c82\u0ca4 \u0cae\u0cc1\u0c82\u0c9a\u0cc6 \u0ca8\u0cae\u0ccd\u0cae\u0ca8\u0cc1 \u0c95\u0ccd\u0cb0\u0cbf\u0cb8\u0ccd\u0ca4\u0ca8\u0cb2\u0ccd\u0cb2\u0cbf) \u0c86\u0cb0\u0cbf\u0cb8\u0cbf\u0c95\u0cca\u0c82\u0ca1\u0ca8\u0cc1."},{"Verseid":"48000004","Verse":"\u0c86\u0ca4\u0ca8\u0cc1 \u0ca4\u0ca8\u0ccd\u0ca8 \u0c9a\u0cbf\u0ca4\u0ccd\u0ca4\u0ca6 \u0ca6\u0caf\u0cbe \u0caa\u0cc2\u0cb0\u0ccd\u0cb5\u0c95\u0cb5\u0cbe\u0ca6 \u0c86\u0ca8\u0c82\u0ca6\u0c95\u0ccd\u0c95\u0ca8\u0cc1\u0cb8\u0cbe\u0cb0\u0cb5\u0cbe\u0c97\u0cbf \u0caf\u0cc7\u0cb8\u0cc1 \u0c95\u0ccd\u0cb0\u0cbf\u0cb8\u0ccd\u0ca4\u0ca8 \u0cae\u0cc2\u0cb2\u0c95 \u0ca8\u0cae\u0ccd\u0cae\u0ca8\u0ccd\u0ca8\u0cc1 \u0ca4\u0ca8\u0c97\u0ccb\u0cb8\u0ccd\u0c95\u0cb0 \u0ca6\u0ca4\u0ccd\u0ca4\u0cc1\u0caa\u0cc1\u0ca4\u0ccd\u0cb0 \u0cb8\u0ccd\u0cb5\u0cc0\u0c95\u0cbe\u0cb0 \u0cae\u0cbe\u0ca1\u0cc1\u0cb5\u0c82\u0ca4\u0cc6 \u0cae\u0cca\u0ca6\u0cb2\u0cc7 \u0cb8\u0c82\u0c95\u0cb2\u0ccd\u0caa\u0cbf\u0cb8\u0cbf."},{"Verseid":"48000005","Verse":"\u0ca4\u0ca8\u0ccd\u0ca8 \u0c95\u0cc3\u0caa\u0cbe\u0cae\u0cb9\u0cbf\u0cae\u0cc6\u0caf \u0cb8\u0ccd\u0ca4\u0cc1\u0ca4\u0cbf\u0c97\u0cbe\u0c97\u0cbf \u0c86\u0ca4\u0ca8\u0cc1 \u0ca8\u0cae\u0ccd\u0cae\u0ca8\u0ccd\u0ca8\u0cc1 \u0c86 \u0caa\u0ccd\u0cb0\u0cbf\u0caf\u0ca8\u0cb2\u0ccd\u0cb2\u0cbf \u0c85\u0c82\u0c97\u0cc0\u0c95\u0cb0\u0cbf\u0cb8\u0cbf\u0ca6\u0ccd\u0ca6\u0cbe\u0ca8\u0cc6."},{"Verseid":"48000006","Verse":"\u0c86\u0ca4\u0ca8 \u0c95\u0cc3\u0caa\u0cbe \u0c90\u0cb6\u0ccd\u0cb5\u0cb0\u0ccd\u0caf \u0c95\u0ccd\u0c95\u0ca8\u0cc1\u0cb8\u0cbe\u0cb0\u0cb5\u0cbe\u0c97\u0cbf \u0c86\u0ca4\u0ca8 \u0cb0\u0c95\u0ccd\u0ca4\u0ca6 \u0cae\u0cc2\u0cb2\u0c95 \u0c86\u0ca4\u0ca8\u0cb2\u0ccd\u0cb2\u0cbf \u0ca8\u0cae\u0c97\u0cc6 \u0cb5\u0cbf\u0cae\u0ccb\u0c9a\u0ca8\u0cc6\u0caf\u0cc1 \u0c85\u0c82\u0ca6\u0cb0\u0cc6 \u0caa\u0cbe\u0caa\u0c97\u0cb3 \u0c95\u0ccd\u0cb7\u0cae\u0cbe \u0caa\u0ca3\u0cc6\u0caf\u0cc1 \u0c89\u0c82\u0c9f\u0cbe\u0caf\u0cbf\u0ca4\u0cc1."},{"Verseid":"48000007","Verse":"\u0cb9\u0cc0\u0c97\u0cc6 \u0c86\u0ca4\u0ca8\u0cc1 \u0ca4\u0ca8\u0ccd\u0ca8 \u0c95\u0cc3\u0caa\u0cbe\u0ca4\u0cbf\u0cb6\u0caf\u0ca6\u0cb2\u0ccd\u0cb2\u0cbf \u0cb8\u0c95\u0cb2 \u0c9c\u0ccd\u0c9e\u0cbe\u0ca8\u0cb5\u0ca8\u0ccd\u0ca8\u0cc2 \u0cac\u0cc1\u0ca6\u0ccd\u0ca6\u0cbf\u0caf\u0ca8\u0ccd\u0ca8\u0cc2 \u0c87\u0ca8\u0ccd\u0ca8\u0cc2 \u0cb9\u0cc6\u0c9a\u0ccd\u0c9a\u0cbe\u0c97\u0cbf \u0ca8\u0cae\u0ccd\u0cae \u0c95\u0ca1\u0cc6\u0c97\u0cc6 \u0ca4\u0ccb\u0cb0\u0cbf\u0cb8\u0cbf\u0ca6\u0ccd\u0ca6\u0cbe\u0ca8\u0cc6."},{"Verseid":"48000008","Verse":"\u0c86\u0ca4\u0ca8\u0cc1 \u0ca4\u0ca8\u0ccd\u0ca8\u0cb2\u0ccd\u0cb2\u0cbf \u0c89\u0ca6\u0ccd\u0ca6\u0cc7\u0cb6\u0cbf\u0cb8\u0cbf\u0ca6 \u0caa\u0ccd\u0cb0\u0c95\u0cbe\u0cb0 \u0c86\u0ca8\u0c82\u0ca6\u0caa\u0cc2\u0cb0\u0ccd\u0cb5\u0c95\u0cb5\u0cbe\u0ca6 \u0ca4\u0ca8\u0ccd\u0ca8 \u0c9a\u0cbf\u0ca4\u0ccd\u0ca4\u0ca6 \u0cb0\u0cb9\u0cb8\u0ccd\u0caf\u0cb5\u0ca8\u0ccd\u0ca8\u0cc1 \u0ca8\u0cae\u0c97\u0cc6 \u0ca4\u0cbf\u0cb3\u0cbf\u0caf\u0caa\u0ca1\u0cbf\u0cb8\u0cbf\u0ca6\u0ca8\u0cc1."},{"Verseid":"48000009","Verse":"\u0c85\u0ca6\u0cc7\u0ca8\u0c82\u0ca6\u0cb0\u0cc6 \u0c95\u0cbe\u0cb2\u0cb5\u0cc1 \u0caa\u0cb0\u0cbf\u0caa\u0cc2\u0cb0\u0ccd\u0ca3\u0cb5\u0cbe\u0ca6 \u0caf\u0cc1\u0c97\u0ca6\u0cb2\u0ccd\u0cb2\u0cbf \u0c86\u0ca4\u0ca8\u0cc1 \u0caa\u0cb0\u0cb2\u0ccb\u0c95\u0ca6\u0cb2\u0ccd\u0cb2\u0cbf\u0cb0\u0cc1\u0cb5\u0cb5\u0cc1\u0c97\u0cb3\u0ca8\u0ccd\u0ca8\u0cc2 \u0cad\u0cc2 \u0cb2\u0ccb\u0c95\u0ca6\u0cb2\u0ccd\u0cb2\u0cbf\u0cb0\u0cc1\u0cb5\u0cb5\u0cc1\u0c97\u0cb3\u0ca8\u0ccd\u0ca8\u0cc2 \u0c86\u0ca4\u0ca8\u0cb2\u0ccd\u0cb2\u0cbf \u0c85\u0c82\u0ca6\u0cb0\u0cc6 \u0c95\u0ccd\u0cb0\u0cbf\u0cb8\u0ccd\u0ca4\u0ca8\u0cb2\u0ccd\u0cb2\u0cbf \u0c8e\u0cb2\u0ccd\u0cb2\u0cb5\u0ca8\u0ccd\u0ca8\u0cc1 \u0c92\u0c82\u0ca6\u0cc1\u0c97\u0cc2\u0ca1\u0cbf\u0cb8\u0cac\u0cc7\u0c95\u0cc6\u0c82\u0ca6\u0cbf\u0ca6\u0ccd\u0ca6\u0ca8\u0cc1."},{"Verseid":"48000010","Verse":"\u0c86\u0ca4\u0ca8 \u0cb8\u0ccd\u0cb5\u0c9a\u0cbf\u0ca4\u0ccd\u0ca4\u0ca6 \u0c86\u0cb2\u0ccb\u0c9a\u0ca8\u0cc6\u0c97\u0ca8\u0cc1\u0cb8\u0cbe\u0cb0\u0cb5\u0cbe\u0c97\u0cbf \u0c8e\u0cb2\u0ccd\u0cb2\u0cbe \u0c95\u0cbe\u0cb0\u0ccd\u0caf \u0c97\u0cb3\u0ca8\u0ccd\u0ca8\u0cc1 \u0cb8\u0cbe\u0ca7\u0cbf\u0cb8\u0cc1\u0cb5 \u0c86\u0ca4\u0ca8 \u0c89\u0ca6\u0ccd\u0ca6\u0cc7\u0cb6\u0ca6 \u0cae\u0cc7\u0cb0\u0cc6\u0c97\u0cc6 \u0cae\u0cca\u0ca6\u0cb2\u0cc7 \u0ca8\u0cc7\u0cae\u0cbf\u0cb8\u0cb2\u0ccd\u0caa\u0c9f\u0ccd\u0c9f\u0cb5\u0cb0\u0cbe\u0ca6 \u0ca8\u0cbe\u0cb5\u0cc1 \u0c86\u0ca4\u0ca8\u0cb2\u0ccd\u0cb2\u0cbf \u0cac\u0cbe\u0ca7\u0ccd\u0caf\u0ca4\u0cc6\u0caf\u0ca8\u0ccd\u0ca8\u0cc1 \u0cb8\u0cb9 \u0cb9\u0cca\u0c82\u0ca6\u0cbf\u0ca6\u0cc6\u0cb5\u0cc1."},{"Verseid":"48000011","Verse":"\u0c95\u0ccd\u0cb0\u0cbf\u0cb8\u0ccd\u0ca4\u0ca8 \u0cae\u0cb9\u0cbf\u0cae\u0cc6\u0caf\u0cc1 \u0cb8\u0ccd\u0ca4\u0cc1\u0ca4\u0cbf\u0cb8\u0cb2\u0ccd\u0caa\u0ca1\u0cc1\u0cb5\u0c82\u0ca4\u0cc6 \u0c86\u0ca4\u0ca8\u0cb2\u0ccd\u0cb2\u0cbf \u0ca8\u0cbe\u0cb5\u0cc1 \u0cae\u0cca\u0ca6\u0cb2\u0cc1 \u0ca8\u0c82\u0cac\u0cbf\u0c95\u0cc6\u0caf\u0cbf\u0c9f\u0ccd\u0c9f\u0cc6\u0cb5\u0cc1."},{"Verseid":"48000012","Verse":"\u0ca8\u0cbf\u0cae\u0ccd\u0cae \u0cb0\u0c95\u0ccd\u0cb7\u0ca3\u0cc6\u0caf \u0cb5\u0cbf\u0cb7\u0caf\u0cb5\u0cbe\u0ca6 \u0cb8\u0cc1\u0cb5\u0cbe\u0cb0\u0ccd\u0ca4\u0cc6\u0caf\u0cc6\u0c82\u0cac \u0cb8\u0ca4\u0ccd\u0caf \u0cb5\u0cbe\u0c95\u0ccd\u0caf\u0cb5\u0ca8\u0ccd\u0ca8\u0cc1 \u0c95\u0cc7\u0cb3\u0cbf \u0c95\u0ccd\u0cb0\u0cbf\u0cb8\u0ccd\u0ca4\u0ca8\u0cb2\u0ccd\u0cb2\u0cbf \u0ca8\u0c82\u0cac\u0cbf\u0c95\u0cc6\u0caf\u0cbf\u0c9f\u0ccd\u0c9f\u0cb5\u0cb0\u0cbe\u0ca6 \u0ca8\u0cc0\u0cb5\u0cc1 \u0cb8\u0cb9 \u0cb5\u0cbe\u0c97\u0ccd\u0ca6\u0cbe\u0ca8 \u0cae\u0cbe\u0ca1\u0cb2\u0ccd\u0caa\u0c9f\u0ccd\u0c9f \u0caa\u0cb5\u0cbf\u0ca4\u0ccd\u0cb0\u0cbe\u0ca4\u0ccd\u0cae\u0ca8\u0cc6\u0c82\u0cac \u0cae\u0cc1\u0ca6\u0ccd\u0cb0\u0cc6\u0caf\u0ca8\u0ccd\u0ca8\u0cc1 \u0cb9\u0cca\u0c82\u0ca6\u0cbf\u0ca6\u0cbf\u0cb0\u0cbf."},{"Verseid":"48000013","Verse":"\u0c86\u0ca4\u0ca8 \u0cae\u0cb9\u0cbf\u0cae\u0cc6\u0caf \u0cb8\u0ccd\u0ca4\u0cc1\u0ca4\u0cbf\u0c97\u0ccb\u0cb8\u0ccd\u0c95\u0cb0 \u0c95\u0cca\u0c82\u0ca1\u0cc1\u0c95\u0cca\u0c82\u0ca1 \u0cb8\u0ccd\u0cb5\u0cbe\u0cb8\u0ccd\u0ca5\u0ccd\u0caf\u0ca6\u0cb5\u0cb0\u0cbf\u0c97\u0cc6 \u0cb5\u0cbf\u0cae\u0ccb\u0c9a\u0ca8\u0cc6\u0caf\u0cbe \u0c97\u0cc1\u0cb5 \u0ca4\u0ca8\u0c95 \u0c86\u0ca4\u0ca8\u0cc1 (\u0caa\u0cb5\u0cbf\u0ca4\u0ccd\u0cb0\u0cbe\u0ca4\u0ccd\u0cae\u0ca8\u0cc1) \u0ca8\u0cae\u0ccd\u0cae \u0cac\u0cbe\u0ca7\u0ccd\u0caf\u0ca4\u0cc6\u0c97\u0cc6 \u0cb8\u0c82\u0c9a\u0c95\u0cbe\u0cb0\u0ca8\u0cbe\u0c97\u0cbf\u0ca6\u0ccd\u0ca6\u0cbe\u0ca8\u0cc6."},{"Verseid":"48000014","Verse":"\u0cb9\u0cc0\u0c97\u0cbf\u0cb0\u0cb2\u0cbe\u0c97\u0cbf \u0ca8\u0cbe\u0ca8\u0cc1 \u0cb8\u0cb9 \u0c95\u0cb0\u0ccd\u0ca4\u0ca8\u0cbe\u0ca6 \u0caf\u0cc7\u0cb8\u0cc1 \u0cb5\u0cbf\u0ca8\u0cb2\u0ccd\u0cb2\u0cbf\u0cb0\u0cc1\u0cb5 \u0ca8\u0cbf\u0cae\u0ccd\u0cae \u0ca8\u0c82\u0cac\u0cbf\u0c95\u0cc6\u0caf \u0cb5\u0cbf\u0cb7\u0caf\u0cb5\u0cbe\u0c97\u0cbf\u0caf\u0cc2 \u0caa\u0cb0\u0cbf\u0cb6\u0cc1\u0ca6\u0ccd\u0ca7\u0cb0\u0cc6\u0cb2\u0ccd\u0cb2\u0cb0 \u0c95\u0ca1\u0cc6\u0c97\u0cbf\u0cb0\u0cc1\u0cb5 \u0caa\u0ccd\u0cb0\u0cc0\u0ca4\u0cbf\u0caf \u0cb5\u0cbf\u0cb7\u0caf\u0cb5\u0cbe\u0c97\u0cbf \u0caf\u0cc2 \u0c95\u0cc7\u0cb3\u0cbf"},{"Verseid":"48000015","Verse":"\u0ca8\u0ca8\u0ccd\u0ca8 \u0caa\u0ccd\u0cb0\u0cbe\u0cb0\u0ccd\u0ca5\u0ca8\u0cc6\u0c97\u0cb3\u0cb2\u0ccd\u0cb2\u0cbf \u0ca8\u0cbf\u0cae\u0c97\u0ccb\u0cb8\u0ccd\u0c95\u0cb0 \u0cb5\u0cbf\u0c9c\u0ccd\u0c9e\u0cbe\u0caa\u0ca8\u0cc6 \u0cae\u0cbe\u0ca1\u0cbf \u0ca8\u0cbe\u0ca8\u0cc1 \u0ca8\u0cbf\u0cae\u0ccd\u0cae \u0ca8\u0cbf\u0cae\u0cbf\u0ca4\u0ccd\u0ca4 \u0cb5\u0cbe\u0c97\u0cbf \u0c8e\u0ca1\u0cc6\u0cac\u0cbf\u0ca1\u0ca6\u0cc6 \u0ca6\u0cc7\u0cb5\u0cb0\u0cbf\u0c97\u0cc6 \u0cb8\u0ccd\u0ca4\u0ccb\u0ca4\u0ccd\u0cb0 \u0cae\u0cbe\u0ca1\u0cc1\u0ca4\u0ccd\u0ca4\u0cc7\u0ca8\u0cc6."},{"Verseid":"48000016","Verse":"\u0ca8\u0cae\u0ccd\u0cae \u0c95\u0cb0\u0ccd\u0ca4\u0ca8\u0cbe\u0ca6 \u0caf\u0cc7\u0cb8\u0cc1 \u0c95\u0ccd\u0cb0\u0cbf\u0cb8\u0ccd\u0ca4\u0ca8 \u0ca6\u0cc7\u0cb5\u0cb0\u0cc2 \u0caa\u0ccd\u0cb0\u0cad\u0cbe\u0cb5\u0caa\u0cc2\u0cb0\u0ccd\u0ca3\u0ca8\u0cbe\u0ca6 \u0ca4\u0c82\u0ca6\u0cc6\u0caf\u0cc2 \u0c86\u0c97\u0cbf\u0cb0\u0cc1\u0cb5\u0cbe\u0ca4\u0ca8\u0cc1 \u0ca4\u0ca8\u0ccd\u0ca8 \u0cb5\u0cbf\u0cb7\u0caf\u0cb5\u0cbe\u0ca6 \u0ca4\u0cbf\u0cb3\u0cc1\u0cb5\u0cb3\u0cbf\u0c95\u0cc6\u0c97\u0ca8\u0cc1\u0cb8\u0cbe\u0cb0\u0cb5\u0cbe\u0c97\u0cbf \u0c9c\u0ccd\u0c9e\u0cbe\u0ca8 \u0caa\u0ccd\u0cb0\u0c95\u0c9f\u0ca8\u0cc6\u0c97\u0cb3 \u0c86\u0ca4\u0ccd\u0cae \u0cb5\u0ca8\u0ccd\u0ca8\u0cc1 \u0ca8\u0cbf\u0cae\u0c97\u0cc6 \u0c85\u0ca8\u0cc1\u0c97\u0ccd\u0cb0\u0cb9\u0cbf\u0cb8\u0cc1\u0cb5\u0c82\u0ca4\u0cc6\u0caf\u0cc2"},{"Verseid":"48000017","Verse":"\u0c86\u0ca4\u0ca8\u0cc1 \u0ca8\u0cbf\u0cae\u0ccd\u0cae \u0cae\u0ca8\u0ccb\u0ca8\u0cc7\u0ca4\u0ccd\u0cb0\u0c97\u0cb3\u0ca8\u0ccd\u0ca8\u0cc1 \u0cac\u0cc6\u0cb3\u0c97\u0cbf\u0cb8\u0cbf \u0c86\u0ca4\u0ca8 \u0c95\u0cb0\u0cc6\u0caf\u0cc1 \u0cb5\u0cbf\u0c95\u0cc6\u0caf \u0ca8\u0cbf\u0cb0\u0cc0\u0c95\u0ccd\u0cb7\u0cc6\u0caf\u0cc1 \u0c8e\u0c82\u0ca5\u0ca6\u0cc6\u0c82\u0cac\u0ca6\u0ca8\u0ccd\u0ca8\u0cc2 \u0caa\u0cb0\u0cbf\u0cb6\u0cc1\u0ca6\u0ccd\u0ca7 \u0cb0\u0cb2\u0ccd\u0cb2\u0cbf\u0cb0\u0cc1\u0cb5 \u0c86\u0ca4\u0ca8 \u0cb8\u0ccd\u0cb5\u0cbe\u0cb8\u0ccd\u0ca5\u0ccd\u0caf\u0ca6 \u0cae\u0cb9\u0cbf\u0cae\u0cbe\u0ca4\u0cbf\u0cb6\u0caf\u0cb5\u0cc1 \u0c8e\u0c82\u0ca5\u0ca6\u0cc6\u0c82\u0cac\u0ca6\u0ca8\u0ccd\u0ca8\u0cc2"},{"Verseid":"48000018","Verse":"\u0ca8\u0c82\u0cac\u0cc1\u0cb5\u0cb5\u0cb0\u0cbe\u0ca6 \u0ca8\u0cae\u0ccd\u0cae\u0cb2\u0ccd\u0cb2\u0cbf \u0c86\u0ca4\u0ca8\u0cc1 \u0cb8\u0cbe\u0ca7\u0cbf\u0cb8\u0cc1\u0cb5 \u0caa\u0cb0\u0cbe\u0c95\u0ccd\u0cb0\u0cae\u0cb5\u0cc1 \u0c8e\u0cb7\u0ccd\u0c9f\u0cc1 \u0c85\u0ca4\u0cbf\u0cb6\u0caf\u0cb5\u0cbe\u0ca6 \u0ca6\u0ccd\u0ca6\u0cc6\u0c82\u0cac\u0ca6\u0ca8\u0ccd\u0ca8\u0cc2 \u0c86\u0ca4\u0ca8 \u0cac\u0cb2\u0cbe\u0ca4\u0cbf\u0cb6\u0caf\u0cb5\u0cc1 \u0c8e\u0cb7\u0ccd\u0c9f\u0cc1 \u0cae\u0cb9\u0ca4\u0ccd\u0ca4\u0cbe\u0ca6 \u0ca6\u0ccd\u0ca6\u0cc6\u0c82\u0cac\u0ca6\u0ca8\u0ccd\u0ca8\u0cc2 \u0ca8\u0cc0\u0cb5\u0cc1 \u0ca4\u0cbf\u0cb3\u0cc1\u0c95\u0cca\u0cb3\u0ccd\u0cb3\u0cc1 \u0cb5\u0c82\u0ca4\u0cc6 \u0c85\u0ca8\u0cc1\u0c97\u0ccd\u0cb0\u0cb9\u0cbf\u0cb8\u0cb2\u0cbf."},{"Verseid":"48000019","Verse":"\u0cac\u0cb2\u0cbe\u0ca4\u0cbf\u0cb6\u0caf\u0cb5\u0cc1 \u0c95\u0ccd\u0cb0\u0cbf\u0cb8\u0ccd\u0ca4\u0ca8\u0cb2\u0ccd\u0cb2\u0cbf \u0ca4\u0ccb\u0cb0\u0cbf\u0cac\u0c82\u0ca6\u0cbf\u0ca6\u0cc6; \u0cb9\u0cc7\u0c97\u0c82 \u0ca6\u0cb0\u0cc6 \u0ca6\u0cc7\u0cb5\u0cb0\u0cc1 \u0c95\u0ccd\u0cb0\u0cbf\u0cb8\u0ccd\u0ca4\u0ca8\u0ca8\u0ccd\u0ca8\u0cc1 \u0cb8\u0ca4\u0ccd\u0ca4\u0cb5\u0cb0\u0cca\u0cb3\u0c97\u0cbf\u0c82\u0ca6 \u0c8e\u0cac\u0ccd\u0cac\u0cbf\u0cb8\u0cbf"},{"Verseid":"48000020","Verse":"\u0cb8\u0c95\u0cb2 \u0cb0\u0cbe\u0c9c\u0ca4\u0ccd\u0cb5 \u0c85\u0ca7\u0cbf\u0c95\u0cbe\u0cb0 \u0cae\u0cb9\u0ca4\u0ccd\u0cb5 \u0caa\u0ccd\u0cb0\u0cad\u0cc1\u0ca4\u0ccd\u0cb5\u0cbe\u0ca7\u0cbf\u0c97\u0cb3 \u0cae\u0cc7\u0cb2\u0cc6\u0caf\u0cc2 \u0c88 \u0cb2\u0ccb\u0c95\u0ca6\u0cb2\u0ccd\u0cb2\u0cbf \u0cae\u0cbe\u0ca4\u0ccd\u0cb0\u0cb5\u0cb2\u0ccd\u0cb2\u0ca6\u0cc6 \u0cac\u0cb0\u0cc1\u0cb5 \u0cb2\u0ccb\u0c95\u0ca6\u0cb2\u0ccd\u0cb2\u0cbf \u0cb8\u0cb9 \u0cb9\u0cc6\u0cb8\u0cb0\u0cc1\u0c97\u0cca\u0c82\u0ca1\u0cb5\u0cb0\u0cc6\u0cb2\u0ccd\u0cb2\u0cb0 \u0cae\u0cc7\u0cb2\u0cc6\u0caf\u0cc2 \u0c8e\u0cb7\u0ccd\u0c9f\u0ccb \u0cb9\u0cc6\u0c9a\u0ccd\u0c9a\u0cbe\u0c97\u0cbf \u0caa\u0cb0\u0cb2\u0cca\u0c95\u0ca6\u0cca\u0cb3\u0c97\u0cc6 \u0ca4\u0ca8\u0ccd\u0ca8 \u0cb8\u0ccd\u0cb5\u0c82\u0ca4 \u0cac\u0cb2\u0caa\u0cbe\u0cb0\u0ccd\u0cb6\u0ccd\u0cb5\u0ca6\u0cb2\u0ccd\u0cb2\u0cbf \u0c86\u0ca4\u0ca8\u0ca8\u0ccd\u0ca8\u0cc1 \u0c95\u0cc2\u0ca1\u0ccd\u0cb0\u0cbf\u0cb8\u0cbf\u0c95\u0cca\u0c82\u0ca1\u0ca8\u0cc1."},{"Verseid":"48000021","Verse":"\u0ca6\u0cc7\u0cb5\u0cb0\u0cc1 \u0cb8\u0cae\u0cb8\u0ccd\u0ca4\u0cb5\u0ca8\u0ccd\u0ca8\u0cc2 \u0c86\u0ca4\u0ca8 \u0caa\u0cbe\u0ca6\u0c97\u0cb3 \u0c95\u0cc6\u0cb3\u0c97\u0cc6 \u0cb9\u0cbe\u0c95\u0cbf\u0ca6\u0ca8\u0cc1. \u0c87\u0ca6\u0cb2\u0ccd\u0cb2\u0ca6\u0cc6 \u0c86\u0ca4\u0ca8\u0ca8\u0ccd\u0ca8\u0cc1 \u0c8e\u0cb2\u0ccd\u0cb2\u0cbe\u0ca6\u0cb0 \u0cae\u0cc7\u0cb2\u0cc6 \u0c87\u0cb0\u0cbf\u0cb8\u0cbf \u0cb8\u0cad\u0cc6\u0c97\u0cc6 \u0cb6\u0cbf\u0cb0\u0cb8\u0ccd\u0cb8\u0cbe\u0c97\u0cbf \u0ca8\u0cc7\u0cae\u0cbf\u0cb8\u0cbf\u0ca6\u0ca8\u0cc1."},{"Verseid":"48000022","Verse":"\u0cb8\u0cad\u0cc6\u0caf\u0cc1 \u0c86\u0ca4\u0ca8 \u0ca6\u0cc7\u0cb9\u0cb5\u0cbe\u0c97\u0cbf\u0ca6\u0cc6; \u0c8e\u0cb2\u0ccd\u0cb2\u0cb5\u0ca8\u0ccd\u0ca8\u0cc1 \u0c8e\u0cb2\u0ccd\u0cb2\u0cbe \u0cb8\u0c82\u0cac\u0c82\u0ca7\u0ca6\u0cb2\u0ccd\u0cb2\u0cbf \u0cb5\u0ccd\u0caf\u0cbe\u0caa\u0cbf\u0cb8\u0cc1\u0cb5\u0cbe\u0ca4\u0ca8\u0cbf\u0c82\u0ca6 \u0c85\u0ca6\u0cc1 \u0caa\u0cb0\u0cbf\u0caa\u0cc2\u0cb0\u0ccd\u0ca3\u0ca4\u0cc6\u0caf\u0cc1\u0cb3\u0ccd\u0cb3 \u0ca6\u0cbe\u0c97\u0cbf\u0ca6\u0cc6."}]},{"Verse":[{"Verseid":"48001000","Verse":"\u0c87\u0ca6\u0cb2\u0ccd\u0cb2\u0ca6\u0cc6 \u0c85\u0caa\u0cb0\u0cbe\u0ca7\u0c97\u0cb3 \u0cae\u0ca4\u0ccd\u0ca4\u0cc1 \u0caa\u0cbe\u0caa\u0c97\u0cb3 \u0ca6\u0cc6\u0cb8\u0cc6\u0caf\u0cbf\u0c82\u0ca6 \u0cb8\u0ca4\u0ccd\u0ca4\u0cb5\u0cb0\u0cbe\u0c97\u0cbf\u0ca6\u0ccd\u0ca6 \u0ca8\u0cbf\u0cae\u0ccd\u0cae\u0ca8\u0ccd\u0ca8\u0cc1 \u0c86\u0ca4\u0ca8\u0cc1 \u0cac\u0ca6\u0cc1\u0c95\u0cbf\u0cb8\u0cbf\u0ca6\u0ca8\u0cc1."},{"Verseid":"48001001","Verse":"\u0ca8\u0cc0\u0cb5\u0cc1 \u0caa\u0cc2\u0cb0\u0ccd\u0cb5\u0ca6\u0cb2\u0ccd\u0cb2\u0cbf \u0c85\u0caa\u0cb0\u0cbe\u0ca7 \u0c97\u0cb3\u0ca8\u0ccd\u0ca8\u0cc2 \u0caa\u0cbe\u0caa\u0c97\u0cb3\u0ca8\u0ccd\u0ca8\u0cc2 \u0cae\u0cbe\u0ca1\u0cc1\u0cb5\u0cb5\u0cb0\u0cbe\u0c97\u0cbf\u0ca6\u0ccd\u0ca6\u0cc1 \u0c87\u0cb9 \u0cb2\u0ccb\u0c95\u0cbe\u0c9a\u0cbe\u0cb0\u0c95\u0ccd\u0c95\u0cc6 \u0c85\u0ca8\u0cc1\u0cb8\u0cbe\u0cb0\u0cb5\u0cbe\u0c97\u0cbf \u0ca8\u0ca1\u0cc6\u0ca6\u0cc1\u0c95\u0cca\u0c82\u0ca1\u0cbf\u0cb0\u0cbf; \u0cb5\u0cbe\u0caf\u0cc1\u0cae\u0c82\u0ca1\u0cb2\u0ca6\u0cb2\u0ccd\u0cb2\u0cbf \u0c85\u0ca7\u0cbf\u0c95\u0cbe\u0cb0 \u0ca8\u0ca1\u0cbf\u0cb8\u0cc1\u0cb5 \u0c85\u0ca7\u0cbf\u0caa\u0ca4\u0cbf\u0c97\u0cc6 \u0c85\u0c82\u0ca6\u0cb0\u0cc6 \u0c85\u0cb5\u0cbf\u0ca7\u0cc7\u0caf\u0ca4\u0cc6\u0caf \u0cae\u0c95\u0ccd\u0c95\u0cb3\u0cb2\u0ccd\u0cb2\u0cbf \u0c88\u0c97 \u0c95\u0cc6\u0cb2\u0cb8 \u0ca8\u0ca1\u0cbf\u0cb8\u0cc1\u0cb5 \u0c86\u0ca4\u0ccd\u0cae\u0ca8\u0cbf\u0c97\u0ca8\u0cc1\u0cb8\u0cbe\u0cb0\u0cb5\u0cbe\u0c97\u0cbf \u0ca8\u0ca1\u0cc6\u0ca6\u0cc1\u0c95\u0cca\u0c82\u0ca1\u0cbf\u0cb0\u0cbf;"},{"Verseid":"48001002","Verse":"\u0ca8\u0cbe\u0cb5\u0cc6\u0cb2\u0ccd\u0cb2\u0cb0\u0cc2 \u0caa\u0cc2\u0cb0\u0ccd\u0cb5\u0ca6\u0cb2\u0ccd\u0cb2\u0cbf \u0cb6\u0cb0\u0cc0\u0cb0\u0cad\u0cbe\u0cb5\u0ca6 \u0c86\u0cb6\u0cc6\u0c97\u0cb3\u0cbf\u0c97\u0cc6 \u0c85\u0ca7\u0cc0\u0ca8\u0cb0\u0cbe\u0c97\u0cbf \u0cb6\u0cb0\u0cc0\u0cb0\u0c95\u0ccd\u0c95\u0cc2 \u0cae\u0ca8\u0cb8\u0ccd\u0cb8\u0cbf\u0c97\u0cc2 \u0cb8\u0c82\u0cac\u0c82\u0ca7\u0caa\u0c9f\u0ccd\u0c9f \u0c87\u0c9a\u0ccd\u0c9b\u0cc6\u0c97\u0cb3\u0ca8\u0ccd\u0ca8\u0cc1 \u0ca8\u0cc6\u0cb0\u0cb5\u0cc7\u0cb0\u0cbf\u0cb8\u0cc1\u0ca4\u0ccd\u0ca4\u0cbe \u0ca8\u0ca1\u0cc6\u0ca6\u0cc1 \u0cae\u0cbf\u0c95\u0ccd\u0c95\u0cbe\u0ca6\u0cb5\u0cb0\u0c82\u0ca4\u0cc6 \u0cb8\u0ccd\u0cb5\u0cad\u0cbe\u0cb5 \u0cb8\u0cbf\u0ca6\u0ccd\u0ca7\u0cb5\u0cbe\u0c97\u0cbf \u0ca6\u0cc7\u0cb5\u0cb0 \u0c95\u0ccb\u0caa\u0ca6 \u0cae\u0c95\u0ccd\u0c95\u0cb3\u0cbe\u0c97\u0cbf\u0ca6\u0ccd\u0ca6\u0cc6\u0cb5\u0cc1."},{"Verseid":"48001003","Verse":"\u0c86\u0ca6\u0cb0\u0cc6 \u0c95\u0cb0\u0cc1\u0ca3\u0cbe\u0ca8\u0cbf\u0ca7\u0cbf\u0caf\u0cbe\u0ca6 \u0ca6\u0cc7\u0cb5\u0cb0\u0cc1 \u0ca4\u0ca8\u0ccd\u0ca8 \u0c85\u0caa\u0cbe\u0cb0 \u0cb5\u0cbe\u0ca6 \u0caa\u0ccd\u0cb0\u0cc0\u0ca4\u0cbf\u0caf \u0ca8\u0cbf\u0cae\u0cbf\u0ca4\u0ccd\u0ca4 \u0ca8\u0cae\u0ccd\u0cae\u0ca8\u0ccd\u0ca8\u0cc1 \u0caa\u0ccd\u0cb0\u0cc0\u0ca4\u0cbf\u0cb8\u0cbf"},{"Verseid":"48001004","Verse":"\u0caa\u0cbe\u0caa\u0c97\u0cb3 \u0ca6\u0cc6\u0cb8\u0cc6\u0caf\u0cbf\u0c82\u0ca6 \u0cb8\u0ca4\u0ccd\u0ca4\u0cb5\u0cb0\u0cbe\u0c97\u0cbf\u0ca6\u0ccd\u0ca6 \u0ca8\u0cae\u0ccd\u0cae\u0ca8\u0ccd\u0ca8\u0cc1 \u0c95\u0ccd\u0cb0\u0cbf\u0cb8\u0ccd\u0ca4\u0ca8\u0cca\u0c82\u0ca6\u0cbf\u0c97\u0cc6 \u0cac\u0ca6\u0cc1\u0c95\u0cbf\u0cb8\u0cbf\u0ca6\u0ca8\u0cc1. (\u0ca8\u0cc0\u0cb5\u0cc1 \u0c95\u0cc3\u0caa\u0cc6\u0caf\u0cbf\u0c82\u0ca6\u0cb2\u0cc7 \u0cb0\u0c95\u0ccd\u0cb7\u0ca3\u0cc6 \u0cb9\u0cca\u0c82\u0ca6\u0cbf\u0ca6\u0cb5\u0cb0\u0cbe\u0c97\u0cbf\u0ca6\u0ccd\u0ca6\u0cc0\u0cb0\u0cbf;)"},{"Verseid":"48001005","Verse":"\u0ca8\u0cae\u0ccd\u0cae\u0ca8\u0ccd\u0ca8\u0cc1 \u0c86\u0ca4\u0ca8 \u0c95\u0cc2\u0ca1 \u0c8e\u0cac\u0ccd\u0cac\u0cbf\u0cb8\u0cbf \u0c95\u0ccd\u0cb0\u0cbf\u0cb8\u0ccd\u0ca4 \u0caf\u0cc7\u0cb8\u0cc1\u0cb5\u0cbf\u0ca8\u0cb2\u0ccd\u0cb2\u0cbf \u0c86\u0ca4\u0ca8\u0cca\u0c82\u0ca6\u0cbf\u0c97\u0cc6 \u0caa\u0cb0 \u0cb2\u0ccb\u0c95\u0ca6 \u0cb8\u0ccd\u0ca5\u0cb3\u0c97\u0cb3\u0cb2\u0ccd\u0cb2\u0cbf \u0c95\u0cc2\u0ca1\u0ccd\u0cb0\u0cbf\u0cb8\u0cbf\u0ca6\u0ccd\u0ca6\u0cbe\u0ca8\u0cc6."},{"Verseid":"48001006","Verse":"\u0cb9\u0cc0\u0c97\u0cc6 \u0c95\u0ccd\u0cb0\u0cbf\u0cb8\u0ccd\u0ca4 \u0caf\u0cc7\u0cb8\u0cc1\u0cb5\u0cbf\u0ca8 \u0cb2\u0ccd\u0cb2\u0cbf\u0cb0\u0cc1\u0cb5 \u0c95\u0cb0\u0cc1\u0ca3\u0cc6\u0caf \u0cae\u0cc2\u0cb2\u0c95 \u0ca4\u0ca8\u0ccd\u0ca8 \u0c85\u0caa\u0cbe\u0cb0\u0cb5\u0cbe\u0ca6 \u0c95\u0cc3\u0caa\u0cbe\u0ca4\u0cbf\u0cb6\u0caf\u0cb5\u0ca8\u0ccd\u0ca8\u0cc1 \u0cae\u0cc1\u0c82\u0ca6\u0ca3 \u0caf\u0cc1\u0c97\u0c97\u0cb3\u0cb2\u0ccd\u0cb2\u0cbf \u0ca8\u0cae\u0c97\u0cc6 \u0ca4\u0ccb\u0cb0\u0cbf\u0cb8\u0cac\u0cc7\u0c95\u0cc6\u0c82\u0ca6\u0cbf\u0ca6\u0ccd\u0ca6\u0ca8\u0cc1."},{"Verseid":"48001007","Verse":"\u0ca8\u0c82\u0cac\u0cbf\u0c95\u0cc6\u0caf \u0cae\u0cc2\u0cb2\u0c95 \u0c95\u0cc3\u0caa\u0cc6 \u0caf\u0cbf\u0c82\u0ca6\u0cb2\u0cc7 \u0ca8\u0cc0\u0cb5\u0cc1 \u0cb0\u0c95\u0ccd\u0cb7\u0ca3\u0cc6 \u0cb9\u0cca\u0c82\u0ca6\u0cbf\u0ca6\u0cb5\u0cb0\u0cbe\u0c97\u0cbf\u0ca6\u0ccd\u0ca6\u0cc0\u0cb0\u0cbf. \u0c86 \u0cb0\u0c95\u0ccd\u0cb7\u0ca3\u0cc6\u0caf\u0cc1 \u0ca8\u0cbf\u0cae\u0ccd\u0cae\u0cbf\u0c82\u0ca6\u0cc1\u0c82\u0c9f\u0cbe\u0ca6\u0ca6\u0ccd\u0ca6\u0cb2\u0ccd\u0cb2, \u0c85\u0ca6\u0cc1 \u0ca6\u0cc7\u0cb5\u0cb0 \u0ca6\u0cbe\u0ca8\u0cb5\u0cc7."},{"Verseid":"48001008","Verse":"\u0c85\u0ca6\u0cc1 \u0c95\u0ccd\u0cb0\u0cbf\u0caf\u0cc6\u0c97\u0cb3\u0cbf\u0c82\u0ca6 \u0c89\u0c82\u0c9f\u0cbe\u0ca6\u0ca6\u0ccd\u0ca6\u0cb2\u0ccd\u0cb2; \u0c86\u0ca6\u0ca6\u0cb0\u0cbf\u0c82\u0ca6 \u0cb9\u0cca\u0c97\u0cb3\u0cbf\u0c95\u0cca\u0cb3\u0ccd\u0cb3\u0cc1\u0cb5\u0ca6\u0c95\u0ccd\u0c95\u0cc6 \u0caf\u0cbe\u0cb0\u0cbf\u0c97\u0cc2 \u0c86\u0cb8\u0ccd\u0caa\u0ca6 \u0cb5\u0cbf\u0cb2\u0ccd\u0cb2."},{"Verseid":"48001009","Verse":"\u0ca6\u0cc7\u0cb5\u0cb0\u0cc1 \u0cae\u0cc1\u0c82\u0ca6\u0cbe\u0c97\u0cbf \u0ca8\u0cc7\u0cae\u0cbf\u0cb8\u0cbf\u0ca6 \u0cb8\u0ca4\u0ccd\u0c95\u0ccd\u0cb0\u0cbf\u0caf\u0cc6 \u0c97\u0cb3\u0cb2\u0ccd\u0cb2\u0cbf \u0ca8\u0cbe\u0cb5\u0cc1 \u0ca8\u0ca1\u0cc6\u0caf\u0cc1\u0cb5\u0c82\u0ca4\u0cc6 \u0c95\u0ccd\u0cb0\u0cbf\u0cb8\u0ccd\u0ca4 \u0caf\u0cc7\u0cb8\u0cc1\u0cb5\u0cbf\u0ca8\u0cb2\u0ccd\u0cb2\u0cbf \u0cb8\u0cc3\u0cb7\u0ccd\u0c9f\u0cbf\u0cb8\u0cb2\u0ccd\u0caa\u0c9f\u0ccd\u0c9f\u0cb5\u0cb0\u0cbe\u0ca6 \u0ca8\u0cbe\u0cb5\u0cc1 \u0c86\u0ca4\u0ca8 \u0c95\u0cc6\u0cb2\u0cb8\u0cb5\u0cbe\u0c97\u0cbf\u0ca6\u0ccd\u0ca6\u0cc7\u0cb5\u0cc6."},{"Verseid":"48001010","Verse":"\u0c86\u0ca6\u0c95\u0cbe\u0cb0\u0ca3 \u0caa\u0cc2\u0cb0\u0ccd\u0cb5\u0c95\u0cbe\u0cb2\u0ca6\u0cb2\u0ccd\u0cb2\u0cbf \u0cb6\u0cbe\u0cb0\u0cc0\u0cb0\u0cbf\u0c95\u0cb5\u0cbe\u0c97\u0cbf \u0c85\u0ca8\u0ccd\u0caf\u0c9c\u0ca8\u0cb0\u0cbe\u0c97\u0cbf\u0ca6\u0ccd\u0ca6\u0cc1 \u0cb6\u0cb0\u0cc0\u0cb0\u0ca6\u0cb2\u0ccd\u0cb2\u0cbf \u0c95\u0cc8\u0c97\u0cb3\u0cbf\u0c82\u0ca6 \u0cae\u0cbe\u0ca1\u0cb2\u0ccd\u0caa\u0c9f \u0cb8\u0cc1\u0ca8\u0ccd\u0ca8\u0ca4\u0cbf\u0caf\u0cbf\u0ca6\u0ccd\u0ca6\u0cb5\u0cb0\u0cc6\u0c82\u0ca6\u0cc1 \u0c95\u0cb0\u0cc6\u0caf\u0cb2\u0ccd\u0caa\u0c9f\u0ccd\u0c9f\u0cb5\u0cb0\u0cbf\u0c82\u0ca6 \u0cb8\u0cc1\u0ca8\u0ccd\u0ca8\u0ca4\u0cbf\u0caf\u0cbf\u0cb2\u0ccd\u0cb2 \u0ca6\u0cb5\u0cb0\u0cc6\u0c82\u0ca6\u0cc1 \u0ca8\u0cc0\u0cb5\u0cc1 \u0c95\u0cb0\u0cc6\u0caf\u0cb2\u0ccd\u0caa\u0c9f\u0ccd\u0c9f\u0cbf\u0ca6\u0ccd\u0ca6\u0cc0\u0cb0\u0cbf."},{"Verseid":"48001011","Verse":"\u0c87\u0ca6\u0cb2\u0ccd\u0cb2\u0ca6\u0cc6 \u0ca8\u0cc0\u0cb5\u0cc1 \u0c86 \u0c95\u0cbe\u0cb2\u0ca6\u0cb2\u0ccd\u0cb2\u0cbf \u0c95\u0ccd\u0cb0\u0cbf\u0cb8\u0ccd\u0ca4\u0ca8\u0cbf\u0cb2\u0ccd\u0cb2\u0ca6\u0cb5\u0cb0\u0cc1 \u0c87\u0cb8\u0ccd\u0cb0\u0cbe\u0caf\u0cc7\u0cb2\u0cbf\u0ca8 \u0cac\u0cbe\u0ca7\u0ccd\u0caf\u0ca4\u0cc6\u0caf\u0cb2\u0ccd\u0cb2\u0cbf \u0cb9\u0c95\u0ccd\u0c95\u0cbf\u0cb2\u0ccd\u0cb2\u0ca6\u0cb5\u0cb0\u0cc2 \u0caa\u0cb0\u0c95\u0cc0\u0caf\u0cb0\u0cc1 \u0cb5\u0cbe\u0c97\u0ccd\u0ca6\u0cbe\u0ca8\u0c95\u0ccd\u0c95\u0cc6 \u0cb8\u0c82\u0cac\u0c82\u0ca7\u0cb5\u0cbe\u0ca6 \u0c92\u0ca1\u0c82\u0cac\u0ca1\u0cbf\u0c95\u0cc6\u0c97\u0cb3\u0cbf\u0c97\u0cc6 \u0c85\u0ca8\u0ccd\u0caf\u0cb0\u0cc2 \u0ca8\u0cbf\u0cb0\u0cc0\u0c95\u0ccd\u0cb7\u0cc6 \u0caf\u0cbf\u0cb2\u0ccd\u0cb2\u0ca6\u0cb5\u0cb0\u0cc2 \u0c88 \u0cb2\u0ccb\u0c95\u0ca6\u0cb2\u0ccd\u0cb2\u0cbf \u0ca6\u0cc7\u0cb5\u0cb0\u0cbf\u0cb2\u0ccd\u0cb2\u0ca6\u0cb5\u0cb0\u0cc2 \u0c86\u0c97\u0cbf\u0ca6\u0ccd\u0ca6\u0cbf\u0cb0\u0cc6\u0c82\u0ca6\u0cc1 \u0c9c\u0ccd\u0c9e\u0cbe\u0caa\u0c95\u0cae\u0cbe\u0ca1\u0cbf\u0c95\u0cca\u0cb3\u0ccd\u0cb3\u0cbf\u0cb0\u0cbf."},{"Verseid":"48001012","Verse":"\u0c88\u0c97\u0cb2\u0cbe \u0ca6\u0cb0\u0ccb \u0cae\u0cca\u0ca6\u0cb2\u0cc1 \u0ca6\u0cc2\u0cb0\u0cb5\u0cbe\u0c97\u0cbf\u0ca6\u0ccd\u0ca6 \u0ca8\u0cc0\u0cb5\u0cc1 \u0c95\u0ccd\u0cb0\u0cbf\u0cb8\u0ccd\u0ca4 \u0caf\u0cc7\u0cb8\u0cc1\u0cb5\u0cbf\u0ca8\u0cb2\u0ccd\u0cb2\u0cbf \u0c86\u0ca4\u0ca8 \u0cb0\u0c95\u0ccd\u0ca4\u0ca6 \u0cae\u0cc2\u0cb2\u0c95 \u0cb8\u0cb5\u0cbf\u0cbe\u0caa\u0cb8\u0ccd\u0ca5 \u0cb0\u0cbe\u0ca6\u0cbf\u0cb0\u0cbf."},{"Verseid":"48001013","Verse":"\u0ca8\u0cbf\u0cae\u0ccd\u0cae\u0ca8\u0ccd\u0ca8\u0cc2 \u0ca8\u0cae\u0ccd\u0cae\u0ca8\u0ccd\u0ca8\u0cc2 \u0c92\u0c82\u0ca6\u0cc1 \u0cae\u0cbe\u0ca1\u0cbf\u0ca6 \u0c86\u0ca4\u0ca8\u0cc7 \u0ca8\u0cae\u0ccd\u0cae \u0cb8\u0cae\u0cbe\u0ca7\u0cbe\u0ca8\u0cb5\u0cbe\u0c97\u0cbf \u0ca8\u0cae\u0ccd\u0cae\u0cbf\u0cac\u0ccd\u0cac\u0cb0\u0ca8\u0ccd\u0ca8\u0cc1 \u0c85\u0c97\u0cb2\u0cbf \u0cb8\u0cbf\u0ca6 \u0c85\u0ca1\u0ccd\u0ca1\u0c97\u0ccb\u0ca1\u0cc6\u0caf\u0ca8\u0ccd\u0ca8\u0cc1 \u0c86\u0ca4\u0ca8\u0cc1 \u0c95\u0cc6\u0ca1\u0cb5\u0cbf\u0cb9\u0cbe\u0c95\u0cbf\u0ca6\u0ca8\u0cc1."},{"Verseid":"48001014","Verse":"\u0c86\u0ca4\u0ca8\u0cc1 \u0c87\u0ca6\u0ccd\u0ca6 \u0ca6\u0ccd\u0cb5\u0cc7\u0cb7\u0cb5\u0ca8\u0ccd\u0ca8\u0cc1 \u0c85\u0c82\u0ca6\u0cb0\u0cc6 \u0cb6\u0cbe\u0cb8\u0ca8\u0c97\u0cb3 \u0c86\u0c9c\u0ccd\u0c9e\u0cc6\u0c97\u0cb3\u0cc1\u0cb3\u0ccd\u0cb3 \u0ca8\u0ccd\u0caf\u0cbe\u0caf\u0caa\u0ccd\u0cb0\u0cae\u0cbe\u0ca3\u0cb5\u0ca8\u0ccd\u0ca8\u0cc1 \u0ca4\u0ca8\u0ccd\u0ca8 \u0cb6\u0cb0\u0cc0\u0cb0\u0ca6 \u0cae\u0cc2\u0cb2\u0c95 \u0cb0\u0ca6\u0ccd\u0ca6\u0cc1\u0c97\u0cca\u0cb3\u0cbf\u0cb8\u0cbf \u0cb8\u0cae\u0cbe\u0ca7\u0cbe\u0ca8 \u0cae\u0cbe\u0ca1\u0cc1\u0cb5\u0cb5\u0ca8\u0cbe\u0c97\u0cbf \u0c89\u0cad\u0caf\u0cb0\u0ca8\u0ccd\u0ca8\u0cc1 \u0ca4\u0ca8\u0ccd\u0ca8\u0cb2\u0ccd\u0cb2\u0cbf \u0c92\u0cac\u0ccd\u0cac \u0ca8\u0cc2\u0ca4\u0ca8 \u0caa\u0cc1\u0cb0\u0cb7\u0ca8\u0ca8\u0ccd\u0ca8\u0cbe\u0c97\u0cbf \u0cae\u0cbe\u0ca1\u0cbf\u0ca6\u0ca8\u0cc1."},{"Verseid":"48001015","Verse":"\u0c87\u0ca6\u0ccd\u0ca6 \u0ca6\u0ccd\u0cb5\u0cc7\u0cb7\u0cb5\u0ca8\u0ccd\u0ca8\u0cc1 \u0ca4\u0ca8\u0ccd\u0ca8 \u0cb6\u0cbf\u0cb2\u0cc1\u0cac\u0cc6\u0caf \u0cae\u0cc7\u0cb2\u0cc6 \u0c95\u0cca\u0c82\u0ca6\u0cc1 \u0c85\u0ca6\u0cb0\u0cbf\u0c82\u0ca6 \u0c89\u0cad\u0caf\u0cb0\u0ca8\u0ccd\u0ca8\u0cc1 \u0c92\u0c82\u0ca6\u0cc7 \u0ca6\u0cc7\u0cb9\u0ca6\u0c82\u0ca4\u0cbe\u0c97 \u0cae\u0cbe\u0ca1\u0cbf \u0ca6\u0cc7\u0cb5\u0cb0\u0cca\u0c82\u0ca6\u0cbf\u0c97\u0cc6 \u0cb8\u0cae\u0cbe\u0ca7\u0cbe\u0ca8 \u0caa\u0ca1\u0cbf\u0cb8\u0cbf\u0ca6\u0ccd\u0ca6\u0cbe\u0ca8\u0cc6."},{"Verseid":"48001016","Verse":"\u0c87\u0ca6\u0cb2\u0ccd\u0cb2\u0ca6\u0cc6 \u0c86\u0ca4\u0ca8\u0cc1 \u0cac\u0c82\u0ca6\u0cc1 \u0ca6\u0cc2\u0cb0 \u0cb5\u0cbe\u0c97\u0cbf\u0ca6\u0ccd\u0ca6 \u0ca8\u0cbf\u0cae\u0c97\u0cc2 \u0cb8\u0cb5\u0cbf\u0cbe\u0caa\u0cb5\u0cbe\u0c97\u0cbf\u0ca6\u0ccd\u0ca6 \u0c85\u0cb5\u0cb0\u0cbf\u0c97\u0cc2 \u0cb8\u0cae\u0cbe\u0ca7\u0cbe\u0ca8\u0cb5\u0ca8\u0ccd\u0ca8\u0cc1 \u0cb8\u0cbe\u0cb0\u0cbf\u0ca6\u0ca8\u0cc1."},{"Verseid":"48001017","Verse":"\u0c86\u0ca4\u0ca8 \u0cae\u0cc2\u0cb2\u0c95 \u0ca8\u0cbe\u0cb5\u0cc2 \u0ca8\u0cc0\u0cb5\u0cc2 \u0c92\u0cac\u0ccd\u0cac \u0c86\u0ca4\u0ccd\u0cae\u0ca8\u0ca8\u0ccd\u0ca8\u0cc7 \u0cb9\u0cca\u0c82\u0ca6\u0cbf\u0ca6\u0cb5\u0cb0\u0cbe\u0c97\u0cbf \u0ca4\u0c82\u0ca6\u0cc6\u0caf \u0cac\u0cb3\u0cbf\u0c97\u0cc6 \u0caa\u0ccd\u0cb0\u0cb5\u0cc7\u0cb6\u0cbf\u0cb8\u0cc1\u0cb5\u0ca6\u0c95\u0ccd\u0c95\u0cc6 \u0cae\u0cbe\u0cb0\u0ccd\u0c97\u0cb5\u0cbe\u0caf\u0cbf\u0ca4\u0cc1."},{"Verseid":"48001018","Verse":"\u0cb9\u0cc0\u0c97\u0cbf\u0cb0\u0cb2\u0cbe\u0c97\u0cbf \u0ca8\u0cc0\u0cb5\u0cc1 \u0c87\u0ca8\u0ccd\u0ca8\u0cc1 \u0cae\u0cc7\u0cb2\u0cc6 \u0caa\u0cb0\u0ca6\u0cc7\u0cb6\u0ca6\u0cb5\u0cb0\u0cc2 \u0c85\u0ca8\u0ccd\u0caf\u0cb0\u0cc2 \u0c86\u0c97\u0cbf\u0cb0\u0ca6\u0cc6 \u0caa\u0cb0\u0cbf\u0cb6\u0cc1\u0ca6\u0ccd\u0ca7\u0cb0\u0cca\u0c82\u0ca6\u0cbf\u0c97\u0cc6 \u0c92\u0c82\u0ca6\u0cc7 \u0caa\u0c9f\u0ccd\u0c9f\u0ca3\u0ca6\u0cb5\u0cb0\u0cc2 \u0ca6\u0cc7\u0cb5\u0cb0 \u0cae\u0ca8\u0cc6\u0caf\u0cb5\u0cb0\u0cc2 \u0c86\u0c97\u0cbf\u0ca6\u0ccd\u0ca6\u0cc0\u0cb0\u0cbf."},{"Verseid":"48001019","Verse":"\u0c85\u0caa\u0cca\u0cb8\u0ccd\u0ca4\u0cb2\u0cb0\u0cc2 \u0caa\u0ccd\u0cb0\u0cb5\u0cbe\u0ca6\u0cbf\u0c97\u0cb3\u0cc2 \u0c8e\u0c82\u0cac \u0c85\u0cb8\u0ccd\u0ca4\u0cbf\u0cb5\u0cbe\u0cb0\u0ca6 \u0cae\u0cc7\u0cb2\u0cc6 \u0ca8\u0cc0\u0cb5\u0cc1 \u0c95\u0c9f\u0ccd\u0c9f\u0cb2\u0ccd\u0caa\u0c9f\u0ccd\u0c9f\u0cbf\u0ca6\u0ccd\u0ca6\u0cc0\u0cb0\u0cbf. \u0caf\u0cc7\u0cb8\u0cc1 \u0c95\u0ccd\u0cb0\u0cbf\u0cb8\u0ccd\u0ca4\u0ca8\u0cc7 \u0cae\u0cc1\u0c96\u0ccd\u0caf \u0cb5\u0cbe\u0ca6 \u0cae\u0cc2\u0cb2\u0cc6\u0c97\u0cb2\u0ccd\u0cb2\u0cc1;"},{"Verseid":"48001020","Verse":"\u0c86\u0ca4\u0ca8\u0cb2\u0ccd\u0cb2\u0cbf \u0c95\u0c9f\u0ccd\u0c9f\u0ca1\u0cb5\u0cc1 \u0cb9\u0cca\u0c82\u0ca6\u0cbf\u0c95\u0cc6 \u0caf\u0cbe\u0c97\u0cbf \u0cb5\u0cc3\u0ca6\u0ccd\u0ca7\u0cbf\u0caf\u0cbe\u0c97\u0cc1\u0ca4\u0ccd\u0ca4\u0cbe \u0c95\u0cb0\u0ccd\u0ca4\u0ca8\u0cb2\u0ccd\u0cb2\u0cbf \u0caa\u0cb0\u0cbf\u0cb6\u0cc1\u0ca6\u0ccd\u0ca6 \u0ca6\u0cc7\u0cb5\u0cbe \u0cb2\u0caf\u0cb5\u0cbe\u0c97\u0cc1\u0ca4\u0ccd\u0ca4\u0ca6\u0cc6."},{"Verseid":"48001021","Verse":"\u0c86\u0ca4\u0ca8\u0cb2\u0ccd\u0cb2\u0cbf \u0ca8\u0cc0\u0cb5\u0cc1 \u0cb8\u0cb9 \u0c86\u0ca4\u0ccd\u0cae\u0ca8 \u0cae\u0cc2\u0cb2\u0c95\u0cb5\u0cbe\u0c97\u0cbf \u0ca6\u0cc7\u0cb5\u0cb0\u0cbf\u0c97\u0cc6 \u0ca8\u0cbf\u0cb5\u0cbe\u0cb8\u0cb8\u0ccd\u0ca5\u0cbe\u0ca8\u0cb5\u0cbe\u0c97\u0cc1\u0cb5\u0c82\u0ca4\u0cc6 \u0c92\u0c9f\u0ccd\u0c9f\u0cbe\u0c97\u0cbf \u0c95\u0c9f\u0ccd\u0c9f\u0cb2\u0ccd\u0caa\u0ca1\u0cc1\u0ca4\u0ccd\u0ca4\u0cbe \u0c87\u0ca6\u0ccd\u0ca6\u0cc0\u0cb0\u0cbf."}]},{"Verse":[{"Verseid":"48002000","Verse":"\u0c88 \u0c95\u0cbe\u0cb0\u0ca3\u0ca6\u0cbf\u0c82\u0ca6 \u0c85\u0ca8\u0ccd\u0caf\u0c9c\u0ca8\u0cb0\u0cbe\u0c97\u0cbf\u0cb0\u0cc1\u0cb5 \u0ca8\u0cbf\u0cae\u0ccd\u0cae \u0ca8\u0cbf\u0cae\u0cbf\u0ca4\u0ccd\u0ca4 \u0caf\u0cc7\u0cb8\u0cc1 \u0c95\u0ccd\u0cb0\u0cbf\u0cb8\u0ccd\u0ca4\u0ca8 \u0cb8\u0cc6\u0cb0\u0cc6\u0caf\u0cb5\u0ca8\u0cbe\u0ca6 \u0caa\u0ccc\u0cb2\u0ca8\u0cc6\u0c82\u0cac \u0ca8\u0cbe\u0ca8\u0cc1"},{"Verseid":"48002001","Verse":"\u0ca8\u0cbf\u0cae\u0c97\u0ccb\u0cb8\u0ccd\u0c95\u0cb0 \u0cb5\u0cbe\u0c97\u0cbf \u0ca8\u0ca8\u0c97\u0cc6 \u0c95\u0cca\u0ca1\u0cb2\u0ccd\u0caa\u0c9f\u0ccd\u0c9f \u0ca6\u0cc7\u0cb5\u0cb0 \u0c95\u0cc3\u0caa\u0cbe\u0caf\u0cc1\u0c97\u0ca6 \u0cb5\u0cbf\u0cb7\u0caf\u0ca6\u0cb2\u0ccd\u0cb2\u0cbf \u0ca8\u0cc0\u0cb5\u0cc1 \u0c95\u0cc7\u0cb3\u0cbf\u0cb0\u0cc1\u0cb5\u0ca6\u0cbe\u0ca6\u0cb0\u0cc6"},{"Verseid":"48002002","Verse":"\u0c87\u0ca6\u0cc1\u0cb5\u0cb0\u0cc6\u0c97\u0cc6 \u0c97\u0cc1\u0caa\u0ccd\u0ca4\u0cb5\u0cbe\u0c97\u0cbf\u0ca6\u0ccd\u0ca6\u0ca6\u0ca8\u0ccd\u0ca8\u0cc1 \u0c86\u0ca4\u0ca8\u0cc1 \u0caa\u0ccd\u0cb0\u0c95\u0c9f\u0ca8\u0cc6\u0caf\u0cbf\u0c82\u0ca6 \u0ca8\u0ca8\u0c97\u0cc6 \u0cb9\u0cc7\u0c97\u0cc6 \u0ca4\u0cbf\u0cb3\u0cbf\u0cb8\u0cbf\u0ca6\u0ca8\u0cc6\u0c82\u0cac\u0ca6\u0ca8\u0ccd\u0ca8\u0cc1 \u0cae\u0cca\u0ca6\u0cb2\u0cc1 \u0ca8\u0cbe\u0ca8\u0cc1 \u0ca8\u0cbf\u0cae\u0c97\u0cc6 \u0cb8\u0c82\u0c95\u0ccd\u0cb7\u0cc7\u0caa\u0cb5\u0cbe\u0c97\u0cbf \u0cac\u0cb0\u0cc6\u0ca6\u0cc6\u0ca8\u0cc1;"},{"Verseid":"48002003","Verse":"(\u0cac\u0cb0\u0cc6\u0ca6\u0ca6\u0ccd\u0ca6\u0ca8\u0ccd\u0ca8\u0cc1 \u0ca8\u0cc0\u0cb5\u0cc1 \u0c93\u0ca6\u0cbf \u0ca8\u0ccb\u0ca1\u0cbf\u0ca6\u0cb0\u0cc6 \u0c95\u0ccd\u0cb0\u0cbf\u0cb8\u0ccd\u0ca4\u0ca8 \u0cb5\u0cbf\u0cb7\u0caf\u0cb5\u0cbe\u0ca6 \u0cae\u0cb0\u0ccd\u0cae\u0cb5\u0ca8\u0ccd\u0ca8\u0cc1 \u0c95\u0cc1\u0cb0\u0cbf\u0ca4\u0cc1 \u0ca8\u0ca8\u0c97\u0cbf\u0cb0\u0cc1\u0cb5 \u0c97\u0ccd\u0cb0\u0cb9\u0cbf\u0c95\u0cc6\u0caf\u0ca8\u0ccd\u0ca8\u0cc1 \u0ca8\u0cc0\u0cb5\u0cc1 \u0ca4\u0cbf\u0cb3\u0cc1\u0c95\u0cca\u0cb3\u0ccd\u0cb3 \u0cac\u0cb9\u0cc1\u0ca6\u0cc1.)"},{"Verseid":"48002004","Verse":"\u0c86 \u0cae\u0cb0\u0ccd\u0cae\u0cb5\u0cc1 \u0c88 \u0c95\u0cbe\u0cb2\u0ca6\u0cb2\u0ccd\u0cb2\u0cbf \u0ca6\u0cc7\u0cb5\u0cb0 \u0caa\u0cb0\u0cbf\u0cb6\u0cc1\u0ca6\u0ccd\u0ca7 \u0c85\u0caa\u0cca\u0cb8\u0ccd\u0ca4\u0cb2\u0cb0\u0cbf\u0c97\u0cc2 \u0caa\u0ccd\u0cb0\u0cb5\u0cbe\u0ca6\u0cbf\u0c97\u0cb3\u0cbf\u0c97\u0cc2 \u0c86\u0ca4\u0ccd\u0cae\u0ca8\u0cbf\u0c82\u0ca6 \u0ca4\u0cbf\u0cb3\u0cbf\u0cb8\u0cb2\u0ccd\u0caa\u0c9f\u0ccd\u0c9f\u0c82\u0ca4\u0cc6 \u0cac\u0cc7\u0cb0\u0cc6 \u0c95\u0cbe\u0cb2\u0c97\u0cb3\u0cb2\u0ccd\u0cb2\u0cbf \u0cae\u0ca8\u0cc1\u0cb7\u0ccd\u0caf \u0caa\u0cc1\u0ca4\u0ccd\u0cb0\u0cb0\u0cbf\u0c97\u0cc6 \u0ca4\u0cbf\u0cb3\u0cbf\u0cb8\u0cb2\u0ccd\u0caa\u0ca1\u0cb2\u0cbf\u0cb2\u0ccd\u0cb2."},{"Verseid":"48002005","Verse":"\u0c85\u0ca6\u0cc7\u0ca8\u0c82\u0ca6\u0cb0\u0cc6, \u0c85\u0ca8\u0ccd\u0caf\u0c9c\u0ca8\u0cb0\u0cc1 (\u0caf\u0cc6\u0cb9\u0cc2\u0ca6\u0ccd\u0caf\u0cb0\u0cca\u0c82\u0ca6\u0cbf\u0c97\u0cc6) \u0cb8\u0cb9 \u0cac\u0cbe\u0ca7\u0ccd\u0caf\u0cb0\u0cc2 \u0c92\u0c82\u0ca6\u0cc7 \u0ca6\u0cc7\u0cb9\u0ca6\u0cb5\u0cb0\u0cc2 \u0cb8\u0cc1\u0cb5\u0cbe\u0cb0\u0ccd\u0ca4\u0cc6\u0caf\u0cbf\u0c82\u0ca6 \u0c95\u0ccd\u0cb0\u0cbf\u0cb8\u0ccd\u0ca4\u0ca8 \u0cae\u0cc2\u0cb2\u0c95 \u0c86\u0ca4\u0ca8 \u0cb5\u0cbe\u0c97\u0ccd\u0ca6\u0cbe\u0ca8\u0ca6\u0cb2\u0ccd\u0cb2\u0cbf \u0caa\u0cbe\u0cb2\u0cc1\u0c97\u0cbe\u0cb0\u0cb0\u0cc2 \u0c86\u0c97\u0cbf\u0cb0\u0cac\u0cc7\u0c95\u0cc6\u0c82 \u0cac\u0ca6\u0cc7."},{"Verseid":"48002006","Verse":"\u0ca6\u0cc7\u0cb5\u0cb0\u0cc1 \u0ca4\u0ca8\u0ccd\u0ca8 \u0cb6\u0c95\u0ccd\u0ca4\u0cbf\u0caf \u0caa\u0ccd\u0cb0\u0caf\u0ccb\u0c97\u0ca6\u0cb2\u0ccd\u0cb2\u0cbf \u0ca8\u0ca8\u0c97\u0cc6 \u0c85\u0ca8\u0cc1\u0c97\u0ccd\u0cb0\u0cb9\u0cbf\u0cb8\u0cbf\u0ca6 \u0c95\u0cc3\u0caa\u0cbe\u0ca6\u0cbe\u0ca8\u0c95\u0ccd\u0c95\u0ca8\u0cc1\u0cb8\u0cbe\u0cb0\u0cb5\u0cbe\u0c97\u0cbf \u0ca8\u0cbe\u0ca8\u0cc1 \u0c88 \u0cb8\u0cc1\u0cb5\u0cbe\u0cb0\u0ccd\u0ca4\u0cc6\u0c97\u0cc6 \u0cb8\u0cc7\u0cb5\u0c95\u0ca8\u0cbe\u0ca6\u0cc6\u0ca8\u0cc1."},{"Verseid":"48002007","Verse":"\u0c95\u0ccd\u0cb0\u0cbf\u0cb8\u0ccd\u0ca4\u0ca8 \u0cb6\u0ccb\u0ca7\u0cbf\u0cb8\u0cb2 \u0cb6\u0c95\u0ccd\u0caf\u0cb5\u0cbe\u0ca6 \u0c90\u0cb6\u0ccd\u0cb5\u0cb0\u0ccd\u0caf\u0ca6 \u0cb5\u0cbf\u0cb7\u0caf\u0cb5\u0cbe\u0c97\u0cbf \u0c85\u0ca8\u0ccd\u0caf\u0c9c\u0ca8\u0cb0\u0cbf\u0c97\u0cc6 \u0ca8\u0cbe\u0ca8\u0cc1 \u0cb8\u0cbe\u0cb0\u0cc1\u0cb5 \u0cb9\u0cbe\u0c97\u0cc6 \u0caa\u0cb0\u0cbf\u0cb6\u0cc1\u0ca6\u0ccd\u0ca7\u0cb0\u0cca\u0cb3\u0c97\u0cc6 \u0c85\u0ca4\u0ccd\u0caf\u0cb2\u0ccd\u0caa \u0ca8\u0cbe\u0ca6 \u0ca8\u0ca8\u0c97\u0cc6 \u0c85\u0ca8\u0cc1\u0c97\u0ccd\u0cb0\u0cb9\u0cbf\u0cb8\u0ccb\u0ca3\u0cb5\u0cbe\u0caf\u0cbf\u0ca4\u0cc1."},{"Verseid":"48002008","Verse":"\u0cb8\u0cae\u0cb8\u0ccd\u0ca4 \u0cb5\u0ca8\u0ccd\u0ca8\u0cc1 \u0caf\u0cc7\u0cb8\u0cc1 \u0c95\u0ccd\u0cb0\u0cbf\u0cb8\u0ccd\u0ca4\u0ca8\u0cbf\u0c82\u0ca6 \u0cb8\u0cc3\u0cb7\u0ccd\u0c9f\u0cbf\u0cb8\u0cbf\u0ca6 \u0ca6\u0cc7\u0cb5\u0cb0\u0cb2\u0ccd\u0cb2\u0cbf \u0cb2\u0ccb\u0c95\u0cbe\u0ca6\u0cbf \u0caf\u0cbf\u0c82\u0ca6 \u0cae\u0cb0\u0cc6\u0caf\u0cbe\u0c97\u0cbf\u0ca6\u0ccd\u0ca6 \u0cae\u0cb0\u0ccd\u0cae\u0ca6 \u0c85\u0ca8\u0ccd\u0caf\u0ccb\u0ca8\u0ccd\u0caf\u0ca4\u0cc6\u0caf\u0cc1 \u0c8e\u0cb2\u0ccd\u0cb2\u0cb0\u0cbf\u0c97\u0cc2 \u0ca4\u0ccb\u0cb0\u0cc1\u0cb5\u0c82\u0ca4\u0cc6 \u0cae\u0cbe\u0ca1\u0cc1\u0cb5 \u0cb9\u0cbe\u0c97\u0cc6\u0caf\u0cc2"},{"Verseid":"48002009","Verse":"\u0ca8\u0cbe\u0ca8\u0cbe \u0cb5\u0cbf\u0ca7\u0cb5\u0cbe\u0ca6 \u0ca6\u0cc7\u0cb5\u0cb0 \u0c9c\u0ccd\u0c9e\u0cbe\u0ca8\u0cb5\u0cc1 \u0caa\u0cb0\u0cb2\u0ccb\u0c95\u0ca6\u0cb2\u0ccd\u0cb2\u0cbf \u0c88\u0c97 \u0cb0\u0cbe\u0c9c\u0ca4\u0ccd\u0cb5\u0c97\u0cb3\u0cbf\u0c97\u0cc2 \u0c85\u0ca7\u0cbf\u0c95\u0cbe\u0cb0\u0c97\u0cb3\u0cbf\u0c97\u0cc2 \u0cb8\u0cad\u0cc6\u0caf \u0cae\u0cc2\u0cb2\u0c95 \u0c97\u0cca\u0ca4\u0ccd\u0ca4\u0cbe\u0c97\u0cac\u0cc7\u0c95\u0cc6\u0c82\u0cac\u0ca6\u0cbe\u0c97\u0cbf\u0caf\u0cc2 \u0c86\u0ca4\u0ca8\u0cc1 \u0c89\u0ca6\u0ccd\u0ca6\u0cc7\u0cb6\u0cbf\u0cb8\u0cbf\u0ca6\u0ccd\u0ca6\u0ca8\u0cc1."},{"Verseid":"48002010","Verse":"\u0ca8\u0cae\u0ccd\u0cae \u0c95\u0cb0\u0ccd\u0ca4\u0ca8\u0cbe\u0ca6 \u0c95\u0ccd\u0cb0\u0cbf\u0cb8\u0ccd\u0ca4 \u0caf\u0cc7\u0cb8\u0cc1 \u0cb5\u0cbf\u0ca8\u0cb2\u0ccd\u0cb2\u0cbf \u0c86\u0ca4\u0ca8\u0cc1 \u0cb8\u0c82\u0c95\u0cb2\u0ccd\u0caa\u0cbf\u0cb8\u0cbf\u0ca6 \u0cb6\u0cbe\u0cb6\u0ccd\u0cb5\u0ca4\u0cb5\u0cbe\u0ca6 \u0cb8\u0c82\u0c95\u0cb2\u0ccd\u0caa\u0ca6\u0c82\u0ca4\u0cc6 \u0c87\u0ca6\u0cbe\u0caf\u0cbf\u0ca4\u0cc1."},{"Verseid":"48002011","Verse":"\u0c86\u0ca4\u0ca8\u0cbf\u0c82\u0ca6\u0cbe\u0ca6 \u0ca8\u0c82\u0cac\u0cbf\u0c95\u0cc6\u0caf \u0cae\u0cc2\u0cb2\u0c95 \u0ca8\u0cae\u0c97\u0cc6 \u0ca7\u0cc8\u0cb0\u0ccd\u0caf\u0cb5\u0cc2 \u0cad\u0cb0\u0cb5\u0cb8\u0cb5\u0cc1\u0cb3\u0ccd\u0cb3 \u0caa\u0ccd\u0cb0\u0cb5\u0cc7\u0cb6\u0cb5\u0cc2 \u0c89\u0c82\u0c9f\u0cbe\u0caf\u0cbf\u0ca4\u0cc1."},{"Verseid":"48002012","Verse":"\u0c86\u0ca6\u0ca6\u0cb0\u0cbf\u0c82\u0ca6 \u0ca8\u0cbf\u0cae\u0ccd\u0cae \u0ca8\u0cbf\u0cae\u0cbf\u0ca4\u0ccd\u0ca4 \u0ca8\u0ca8 \u0c97\u0cc1\u0c82\u0c9f\u0cbe\u0ca6 \u0c95\u0cb7\u0ccd\u0c9f\u0c97\u0cb3\u0cbf\u0c97\u0cbe\u0c97\u0cbf \u0ca8\u0cc0\u0cb5\u0cc1 \u0ca7\u0cc8\u0cb0\u0ccd\u0caf\u0c97\u0cc6\u0ca1\u0cac\u0cbe\u0cb0 \u0ca6\u0cc6\u0c82\u0ca6\u0cc1 \u0ca8\u0cbe\u0ca8\u0cc1 \u0c85\u0caa\u0cc7\u0c95\u0ccd\u0cb7\u0cbf\u0cb8\u0cc1\u0ca4\u0ccd\u0ca4\u0cc7\u0ca8\u0cc6. \u0c85\u0cb5\u0cc1 \u0ca8\u0cbf\u0cae\u0ccd\u0cae \u0c97\u0ccc\u0cb0\u0cb5\u0cb5\u0cbe\u0c97\u0cbf\u0cb5\u0cc6."},{"Verseid":"48002013","Verse":"\u0c88 \u0c95\u0cbe\u0cb0\u0ca3\u0ca6\u0cbf\u0c82\u0ca6 \u0ca8\u0cbe\u0ca8\u0cc1 \u0ca8\u0cae\u0ccd\u0cae \u0c95\u0cb0\u0ccd\u0ca4\u0ca8\u0cbe\u0ca6 \u0caf\u0cc7\u0cb8\u0cc1 \u0c95\u0ccd\u0cb0\u0cbf\u0cb8\u0ccd\u0ca4\u0ca8 \u0ca4\u0c82\u0ca6\u0cc6\u0caf \u0cae\u0cc1\u0c82\u0ca6\u0cc6 \u0ca8\u0ca8\u0ccd\u0ca8 \u0cae\u0cca\u0ca3 \u0c95\u0cbe\u0cb2\u0cc2\u0cb0\u0cbf"},{"Verseid":"48002014","Verse":"\u0caf\u0cbe\u0cb5 \u0ca4\u0c82\u0ca6\u0cc6\u0caf \u0cb9\u0cc6\u0cb8\u0cb0\u0ca8\u0ccd\u0ca8\u0cc1 \u0caa\u0cb0\u0cb2\u0ccb\u0c95 \u0cad\u0cc2\u0cb2\u0ccb\u0c95\u0c97\u0cb3\u0cb2\u0ccd\u0cb2\u0cbf\u0cb0\u0cc1\u0cb5 \u0c95\u0cc1\u0c9f\u0cc1\u0c82\u0cac\u0cb5\u0cc6\u0cb2\u0ccd\u0cb2\u0cbe \u0ca4\u0cc6\u0c97\u0cc6\u0ca6\u0cc1\u0c95\u0cca\u0cb3\u0ccd\u0cb3\u0cc1 \u0ca4\u0ccd\u0ca4\u0ca6\u0ccb, \u0c86 \u0ca4\u0c82\u0ca6\u0cc6\u0caf\u0cc1"},{"Verseid":"48002015","Verse":"\u0ca8\u0cbf\u0cae\u0c97\u0cc6 \u0ca4\u0ca8\u0ccd\u0ca8 \u0cae\u0cb9\u0cbf\u0cae\u0cc6\u0caf \u0c90\u0cb6\u0ccd\u0cb5\u0cb0\u0ccd\u0caf\u0c95\u0ccd\u0c95\u0ca8\u0cc1\u0cb8\u0cbe\u0cb0\u0cb5\u0cbe\u0c97\u0cbf \u0c86\u0ca4\u0ca8 \u0c86\u0ca4\u0ccd\u0cae\u0ca8 \u0cae\u0cc2\u0cb2\u0c95 \u0c86\u0c82\u0ca4\u0cb0\u0ccd\u0caf\u0ca6\u0cb2\u0ccd\u0cb2\u0cbf \u0cb5\u0cbf\u0cb6\u0cc7\u0cb7 \u0cac\u0cb2\u0cb5\u0ca8\u0ccd\u0ca8\u0cc1 \u0c85\u0ca8\u0cc1\u0c97\u0ccd\u0cb0\u0cb9\u0cbf\u0cb8\u0cc1\u0cb5 \u0cb9\u0cbe\u0c97\u0cc6\u0caf\u0cc2"},{"Verseid":"48002016","Verse":"\u0c95\u0ccd\u0cb0\u0cbf\u0cb8\u0ccd\u0ca4\u0ca8\u0cc1 \u0ca8\u0cbf\u0cae\u0ccd\u0cae \u0cb9\u0cc3\u0ca6\u0caf\u0c97\u0cb3\u0cb2\u0ccd\u0cb2\u0cbf \u0ca8\u0c82\u0cac\u0cbf\u0c95\u0cc6\u0caf \u0cae\u0cc2\u0cb2\u0c95 \u0cb5\u0cbe\u0cb8\u0cbf\u0cb8\u0cc1\u0cb5\u0c82\u0ca4\u0cc6\u0caf\u0cc2 \u0ca8\u0cc0\u0cb5\u0cc1 \u0caa\u0ccd\u0cb0\u0cc0\u0ca4\u0cbf\u0caf\u0cb2\u0cbf \u0cac\u0cc7\u0cb0\u0cc2\u0cb0\u0cbf \u0ca8\u0cc6\u0cb2\u0cc6\u0c97\u0cca\u0c82\u0ca1\u0cc1 \u0ca8\u0cbf\u0c82\u0ca4\u0cc1"},{"Verseid":"48002017","Verse":"\u0caa\u0cb0\u0cbf\u0cb6\u0cc1\u0ca6\u0ccd\u0ca7\u0cb0\u0cc6\u0cb2\u0ccd\u0cb2 \u0cb0\u0cca\u0c82\u0ca6\u0cbf\u0c97\u0cc6 \u0c85\u0ca6\u0cb0 \u0c85\u0c97\u0cb2 \u0c89\u0ca6\u0ccd\u0ca6 \u0c86\u0cb3 \u0cae\u0ca4\u0ccd\u0ca4\u0cc1 \u0c8e\u0ca4\u0ccd\u0ca4\u0cb0\u0cb5\u0ca8\u0ccd\u0ca8\u0cc1 \u0c97\u0ccd\u0cb0\u0cb9\u0cbf\u0cb8\u0cc1\u0cb5\u0c82\u0ca4\u0cc6\u0caf\u0cc2"},{"Verseid":"48002018","Verse":"\u0c9c\u0ccd\u0c9e\u0cbe\u0ca8\u0c95\u0ccd\u0c95\u0cc6 \u0cb5\u0cbf\u0cbe\u0cb0\u0cc1\u0cb5 \u0c95\u0ccd\u0cb0\u0cbf\u0cb8\u0ccd\u0ca4\u0ca8 \u0caa\u0ccd\u0cb0\u0cc0\u0ca4\u0cbf \u0caf\u0ca8\u0ccd\u0ca8\u0cc1 \u0ca4\u0cbf\u0cb3\u0cbf\u0ca6\u0cc1\u0c95\u0cca\u0c82\u0ca1\u0cc1 \u0ca6\u0cc7\u0cb5\u0cb0 \u0cb8\u0c82\u0caa\u0cc2\u0cb0\u0ccd\u0ca3\u0ca4\u0cc6\u0caf \u0cae\u0c9f\u0ccd\u0c9f\u0cbf\u0c97\u0cc2 \u0caa\u0cb0\u0cbf\u0caa\u0cc2\u0cb0\u0ccd\u0ca3\u0cb0\u0cbe\u0c97\u0cc1\u0cb5 \u0cb9\u0cbe\u0c97\u0cc6\u0caf\u0cc2 \u0ca8\u0cbf\u0cae\u0c97\u0cc6 \u0ca6\u0caf \u0caa\u0cbe\u0cb2\u0cbf\u0cb8\u0cb2\u0cbf \u0c8e\u0c82\u0ca6\u0cc1 \u0c86\u0ca4\u0ca8\u0ca8\u0ccd\u0ca8\u0cc1 \u0cac\u0cc7\u0ca1\u0cbf\u0c95\u0cca\u0cb3\u0ccd\u0cb3\u0cc1\u0ca4\u0ccd\u0ca4\u0cc7\u0ca8\u0cc6."},{"Verseid":"48002019","Verse":"\u0ca8\u0cae\u0ccd\u0cae\u0cb2\u0ccd\u0cb2\u0cbf \u0c95\u0cbe\u0cb0\u0ccd\u0caf\u0cb8\u0cbe\u0ca7\u0cbf\u0cb8\u0cc1\u0cb5 \u0ca4\u0ca8\u0ccd\u0ca8 \u0cb6\u0c95\u0ccd\u0ca4\u0cbf\u0caf \u0caa\u0ccd\u0cb0\u0c95\u0cbe\u0cb0 \u0ca8\u0cbe\u0cb5\u0cc1 \u0cac\u0cc7\u0ca1\u0cc1\u0cb5\u0ca6\u0c95\u0ccd\u0c95\u0cbf\u0c82\u0ca4\u0cb2\u0cc2 \u0caf\u0ccb\u0c9a\u0cbf\u0cb8\u0cc1\u0cb5\u0ca6\u0c95\u0ccd\u0c95\u0cbf\u0c82\u0ca4\u0cb2\u0cc2 \u0c85\u0ca4\u0ccd\u0caf\u0ca7\u0cbf\u0c95\u0cb5\u0cbe\u0ca6\u0ca6\u0ccd\u0ca6\u0ca8\u0ccd\u0ca8\u0cc1 \u0cae\u0cbe\u0ca1\u0cb2\u0cc1 \u0cb6\u0c95\u0ccd\u0ca4\u0ca8\u0cbe\u0ca6\u0cbe\u0ca4\u0ca8\u0cbf\u0c97\u0cc6"},{"Verseid":"48002020","Verse":"\u0cb8\u0cad\u0cc6\u0caf\u0cb2\u0ccd\u0cb2\u0cbf \u0c95\u0ccd\u0cb0\u0cbf\u0cb8\u0ccd\u0ca4 \u0caf\u0cc7\u0cb8\u0cc1\u0cb5\u0cbf\u0ca8 \u0cae\u0cc2\u0cb2\u0c95 \u0ca4\u0cb2\u0ca4\u0cb2\u0cbe\u0c82\u0ca4 \u0cb0\u0c95\u0ccd\u0c95\u0cc2 \u0caf\u0cc1\u0c97\u0caf\u0cc1\u0c97\u0cbe\u0c82\u0ca4\u0cb0\u0c95\u0ccd\u0c95\u0cc2 \u0cae\u0cb9\u0cbf\u0cae\u0cc6\u0caf\u0cc1\u0c82\u0c9f\u0cbe\u0c97\u0cb2\u0cbf. \u0c86\u0cae\u0cc6\u0ca8\u0ccd\u200c."}]},{"Verse":[{"Verseid":"48003000","Verse":"\u0c86\u0ca6\u0ca6\u0cb0\u0cbf\u0c82\u0ca6 \u0ca8\u0cc0\u0cb5\u0cc1 \u0c95\u0cb0\u0cc6\u0caf\u0cb2\u0ccd\u0caa\u0c9f\u0ccd\u0c9f \u0c95\u0cb0\u0cc6\u0caf\u0cc1\u0cb5\u0cbf\u0c95\u0cc6\u0c97\u0cc6 \u0caf\u0ccb\u0c97\u0ccd\u0caf\u0cb0\u0cbe\u0c97\u0cbf \u0ca8\u0ca1\u0cc6\u0ca6\u0cc1\u0c95\u0cca\u0cb3\u0ccd\u0cb3 \u0cac\u0cc7\u0c95\u0cc6\u0c82\u0ca6\u0cc1 \u0c95\u0cb0\u0ccd\u0ca4\u0ca8 \u0cb8\u0cc6\u0cb0\u0cc6\u0caf\u0cb5\u0ca8\u0cbe\u0ca6 \u0ca8\u0cbe\u0ca8\u0cc1 \u0ca8\u0cbf\u0cae\u0ccd\u0cae\u0ca8\u0ccd\u0ca8\u0cc1 \u0cac\u0cc7\u0ca1\u0cbf\u0c95\u0cca\u0cb3\u0ccd\u0cb3\u0cc1\u0ca4\u0ccd\u0ca4\u0cc7\u0ca8\u0cc6."},{"Verseid":"48003001","Verse":"\u0ca8\u0cc0\u0cb5\u0cc1 \u0caa\u0cc2\u0cb0\u0ccd\u0ca3 \u0cb5\u0cbf\u0ca8\u0caf \u0cb8\u0cbe\u0ca4\u0ccd\u0cb5\u0cbf\u0c95\u0ca4\u0ccd\u0cb5 \u0c97\u0cb3\u0cbf\u0c82\u0ca6\u0cb2\u0cc2 \u0ca6\u0cc0\u0cb0\u0ccd\u0c98\u0cb6\u0cbe\u0c82\u0ca4\u0cbf\u0caf\u0cbf\u0c82\u0ca6\u0cb2\u0cc2 \u0c95\u0cc2\u0ca1\u0cbf\u0ca6\u0cb5 \u0cb0\u0cbe\u0c97\u0cbf \u0caa\u0ccd\u0cb0\u0cc0\u0ca4\u0cbf\u0caf\u0cbf\u0c82\u0ca6 \u0c92\u0cac\u0ccd\u0cac\u0cb0\u0ca8\u0ccd\u0ca8\u0cca\u0cac\u0ccd\u0cac\u0cb0\u0cc1 \u0cb8\u0cb9\u0cbf\u0cb8\u0cbf\u0c95\u0cca\u0cb3\u0ccd\u0cb3\u0cbf\u0cb0\u0cbf."},{"Verseid":"48003002","Verse":"\u0cb8\u0cae\u0cbe\u0ca7\u0cbe\u0ca8\u0cb5\u0cc6\u0c82\u0cac \u0cac\u0c82\u0ca7\u0ca8\u0ca6\u0cbf\u0c82\u0ca6 \u0c95\u0c9f\u0ccd\u0c9f\u0cb2\u0ccd\u0caa\u0c9f\u0ccd\u0c9f\u0cb5\u0cb0\u0cbe\u0c97\u0cbf\u0ca6\u0ccd\u0ca6\u0cc1 \u0caa\u0cb5\u0cbf\u0ca4\u0ccd\u0cb0\u0cbe\u0ca4\u0ccd\u0cae\u0ca8\u0cbf\u0c82\u0ca6\u0cc1\u0c82\u0c9f\u0cbe\u0c97\u0cc1\u0cb5 \u0c90\u0c95\u0ccd\u0caf\u0cb5\u0ca8\u0ccd\u0ca8\u0cc1 \u0c95\u0cbe\u0caa\u0cbe\u0ca1\u0cbf \u0c95\u0cca\u0cb3\u0ccd\u0cb3\u0cc1\u0cb5\u0ca6\u0c95\u0ccd\u0c95\u0cc6 \u0c86\u0cb8\u0c95\u0ccd\u0ca4\u0cb0\u0cbe\u0c97\u0cbf\u0cb0\u0ccd\u0cb0\u0cbf."},{"Verseid":"48003003","Verse":"\u0ca8\u0cbf\u0cae\u0ccd\u0cae \u0c95\u0cb0\u0cc6\u0caf\u0cc1\u0cb5\u0cbf\u0c95\u0cc6\u0caf \u0c92\u0c82\u0ca6\u0cc7 \u0ca8\u0cbf\u0cb0\u0cc0\u0c95\u0ccd\u0cb7\u0cc6\u0caf\u0cb2\u0ccd\u0cb2\u0cbf \u0ca8\u0cc0\u0cb5\u0cc1 \u0c95\u0cb0\u0cc6\u0caf\u0cb2\u0ccd\u0caa\u0c9f\u0ccd\u0c9f\u0c82\u0ca4\u0cc6\u0caf\u0cc7 \u0ca6\u0cc7\u0cb9\u0cb5\u0cc1 \u0c92\u0c82\u0ca6\u0cc7, \u0c86\u0ca4\u0ccd\u0cae\u0ca8\u0cc1 \u0c92\u0cac\u0ccd\u0cac\u0ca8\u0cc7,"},{"Verseid":"48003004","Verse":"\u0c92\u0cac\u0ccd\u0cac\u0ca8\u0cc7 \u0c95\u0cb0\u0ccd\u0ca4\u0ca8\u0cc1, \u0c92\u0c82\u0ca6\u0cc7 \u0ca8\u0c82\u0cac\u0cbf\u0c95\u0cc6, \u0c92\u0c82\u0ca6\u0cc7 \u0cac\u0cbe\u0caa\u0ccd\u0ca4\u0cbf\u0cb8\u0ccd\u0cae."},{"Verseid":"48003005","Verse":"\u0c8e\u0cb2\u0ccd\u0cb2\u0cb0\u0cbf\u0c97\u0cc2 \u0ca4\u0c82\u0ca6\u0cc6\u0caf\u0cbe\u0c97\u0cbf\u0cb0\u0cc1\u0cb5 \u0ca6\u0cc7\u0cb5\u0cb0\u0cc1 \u0c92\u0cac\u0ccd\u0cac\u0ca8\u0cc7; \u0c86\u0ca4\u0ca8\u0cc1 \u0c8e\u0cb2\u0ccd\u0cb2\u0cb0 \u0cae\u0cc7\u0cb2\u0cc6\u0caf\u0cc2 \u0c8e\u0cb2\u0ccd\u0cb2\u0cb0 \u0cae\u0cc1\u0c96\u0cbe\u0c82\u0ca4\u0cb0\u0cb5\u0cc2 \u0c8e\u0cb2\u0ccd\u0cb2\u0cb0\u0cb2\u0ccd\u0cb2\u0cbf\u0caf\u0cc2 \u0c87\u0cb0\u0cc1\u0cb5\u0cbe\u0ca4\u0ca8\u0cbe\u0c97\u0cbf\u0ca6\u0ccd\u0ca6\u0cbe\u0ca8\u0cc6."},{"Verseid":"48003006","Verse":"\u0c86\u0ca6\u0cb0\u0cc6 \u0c95\u0ccd\u0cb0\u0cbf\u0cb8\u0ccd\u0ca4\u0ca8\u0cc1 \u0c85\u0ca8\u0cc1\u0c97\u0ccd\u0cb0\u0cb9\u0cbf\u0cb8\u0cbf\u0ca6 \u0ca6\u0cbe\u0ca8\u0ca6 \u0c85\u0cb3\u0ca4\u0cc6 \u0c97\u0ca8\u0cc1\u0cb8\u0cbe\u0cb0\u0cb5\u0cbe\u0c97\u0cbf \u0ca8\u0cae\u0ccd\u0cae\u0cb2\u0ccd\u0cb2\u0cbf \u0caa\u0ccd\u0cb0\u0ca4\u0cbf\u0caf\u0cca\u0cac\u0ccd\u0cac\u0ca8\u0cbf\u0c97\u0cc6 \u0c95\u0cc3\u0caa\u0cc6\u0caf\u0cc1 \u0c95\u0cca\u0ca1\u0cb2\u0ccd\u0caa\u0c9f\u0ccd\u0c9f\u0cbf\u0ca4\u0cc1."},{"Verseid":"48003007","Verse":"\u0c86\u0ca6\u0ca6\u0cb0\u0cbf\u0c82\u0ca6--\u0c86\u0ca4\u0ca8\u0cc1 \u0c89\u0ca8\u0ccd\u0ca8\u0ca4 \u0cb8\u0ccd\u0ca5\u0cbe\u0ca8\u0c95\u0ccd\u0c95\u0cc6 \u0c8f\u0cb0\u0cbf\u0cb9\u0ccb\u0ca6\u0cbe\u0c97 \u0cb8\u0cc6\u0cb0\u0cc6\u0caf\u0ca8\u0ccd\u0ca8\u0cc1 \u0cb8\u0cc6\u0cb0\u0cc6\u0cb9\u0cbf\u0ca1\u0cbf\u0ca6\u0cc1\u0c95\u0cca\u0c82\u0ca1\u0cc1 \u0cb9\u0ccb\u0c97\u0cbf \u0cae\u0ca8\u0cc1\u0cb7\u0ccd\u0caf\u0cb0\u0cbf\u0c97\u0cc6 \u0ca6\u0cbe\u0ca8\u0c97\u0cb3\u0ca8\u0ccd\u0ca8\u0cc1 \u0c95\u0cca\u0c9f\u0ccd\u0c9f\u0ca8\u0cc1 \u0c8e\u0c82\u0ca6\u0cc1 \u0c86\u0ca4\u0ca8\u0cc1 \u0cb9\u0cc7\u0cb3\u0cc1\u0ca4\u0ccd\u0ca4\u0cbe\u0ca8\u0cc6."},{"Verseid":"48003008","Verse":"(\u0c8f\u0cb0\u0cbf \u0cb9\u0ccb\u0ca6\u0ca8\u0cc6\u0c82\u0ca6\u0cc1 \u0cb9\u0cc7\u0cb3\u0cbf \u0ca6\u0ccd\u0ca6\u0cb0\u0cb2\u0ccd\u0cb2\u0cbf \u0cae\u0cca\u0ca6\u0cb2\u0cc1 \u0cad\u0cc2\u0cae\u0cbf\u0caf \u0c85\u0ca7\u0ccb\u0cad\u0cbe\u0c97\u0c95\u0ccd\u0c95\u0cc6 \u0c87\u0cb3\u0cbf \u0ca6\u0cbf\u0ca6\u0ccd\u0ca6\u0ca8\u0cc6\u0c82\u0ca4\u0cb2\u0cc2 \u0cb9\u0cc7\u0cb3\u0cbf\u0ca6 \u0cb9\u0cbe\u0c97\u0cbe\u0caf\u0cbf\u0ca4\u0cb2\u0ccd\u0cb2\u0cb5\u0cc7?"},{"Verseid":"48003009","Verse":"\u0c87\u0cb3\u0cbf\u0ca6\u0cc1 \u0cac\u0c82\u0ca6\u0cbe\u0ca4\u0ca8\u0cc1 \u0cae\u0cc7\u0cb2\u0ca3 \u0c8e\u0cb2\u0ccd\u0cb2\u0cbe \u0c86\u0c95\u0cbe\u0cb6 \u0c97\u0cb3\u0cbf\u0c97\u0cbf\u0c82\u0ca4 \u0c89\u0ca8\u0ccd\u0ca8\u0ca4\u0cb5\u0cbe\u0c97\u0cbf \u0c8f\u0cb0\u0cbf \u0cb9\u0ccb\u0ca6\u0cbe\u0ca4\u0ca8\u0cc7; \u0c86\u0ca6\u0ca6\u0cb0\u0cbf\u0c82\u0ca6 \u0c86\u0ca4\u0ca8\u0cc1 \u0cb8\u0cae\u0cb8\u0ccd\u0ca4\u0cb5\u0ca8\u0ccd\u0ca8\u0cc1 \u0ca4\u0cc1\u0c82\u0cac\u0cbf\u0ca6\u0cb5 \u0ca8\u0cbe\u0ca6\u0ca8\u0cc1)."},{"Verseid":"48003010","Verse":"\u0caa\u0cb0\u0cbf\u0cb6\u0cc1\u0ca6\u0ccd\u0ca7\u0cb0\u0ca8\u0ccd\u0ca8\u0cc1 \u0caf\u0ccb\u0c97\u0ccd\u0caf\u0cb8\u0ccd\u0ca5\u0cbf\u0ca4\u0cbf\u0c97\u0cc6 \u0ca4\u0cb0\u0cc1\u0cb5 \u0c95\u0cc6\u0cb2\u0cb8\u0c95\u0ccd\u0c95\u0ccb\u0cb8\u0ccd\u0c95\u0cb0\u0cb5\u0cc2 \u0cb8\u0cc7\u0cb5\u0cc6\u0caf \u0c95\u0cc6\u0cb2\u0cb8\u0c95\u0ccd\u0c95\u0ccb\u0cb8\u0ccd\u0c95\u0cb0\u0cb5\u0cc2 \u0c95\u0ccd\u0cb0\u0cbf\u0cb8\u0ccd\u0ca4\u0ca8 \u0ca6\u0cc7\u0cb9\u0cb5\u0cc1 \u0c85\u0cad\u0cbf\u0cb5\u0cc3\u0ca6\u0ccd\u0ca7\u0cbf\u0caf\u0cbe\u0c97\u0cc1\u0cb5\u0ca6\u0c95\u0ccd\u0c95\u0cc2\u0cb8\u0ccd\u0c95\u0cb0\u0cb5\u0cc2"},{"Verseid":"48003011","Verse":"\u0c86\u0ca4\u0ca8\u0cc1 \u0c95\u0cc6\u0cb2\u0cb5\u0cb0\u0ca8\u0ccd\u0ca8\u0cc1 \u0c85\u0caa\u0ccb\u0cb8\u0ccd\u0ca4\u0cb0\u0ca8\u0ccd\u0ca8\u0cbe\u0c97\u0cbf\u0caf\u0cc2 \u0c95\u0cc6\u0cb2\u0cb5\u0cb0\u0ca8\u0ccd\u0ca8\u0cc1 \u0caa\u0ccd\u0cb0\u0cb5\u0cbe\u0ca6\u0cbf\u0c97\u0cb3\u0ca8\u0ccd\u0ca8\u0cbe\u0c97\u0cbf\u0caf\u0cc2 \u0c95\u0cc6\u0cb2\u0cb5\u0cb0\u0ca8\u0ccd\u0ca8\u0cc1 \u0cb8\u0cc1\u0cb5\u0cbe\u0cb0\u0ccd\u0ca4\u0cbf\u0c95\u0cb0 \u0ca8\u0ccd\u0ca8\u0cbe\u0c97\u0cbf\u0caf\u0cc2 \u0c95\u0cc6\u0cb2\u0cb5\u0cb0\u0ca8\u0ccd\u0ca8\u0cc1 \u0cb8\u0cad\u0cbe\u0caa\u0cbe\u0cb2\u0c95\u0cb0\u0ca8\u0ccd\u0ca8\u0cbe\u0c97\u0cbf\u0caf\u0cc2 \u0c89\u0caa\u0ca6\u0cc7\u0cb6\u0cbf\u0c97\u0cb3\u0ca8\u0ccd\u0ca8\u0cbe\u0c97\u0cbf\u0caf\u0cc2 \u0c85\u0ca8\u0cc1\u0c97\u0ccd\u0cb0\u0cb9\u0cbf\u0cb8\u0cbf\u0ca6\u0ca8\u0cc1."},{"Verseid":"48003012","Verse":"\u0cb9\u0cc0\u0c97\u0cc6 \u0ca8\u0cbe\u0cb5\u0cc6\u0cb2\u0ccd\u0cb2\u0cb0\u0cc2 \u0ca8\u0c82\u0cac\u0cbf\u0c95\u0cc6\u0caf \u0c85\u0ca8\u0ccd\u0caf\u0ccb\u0ca8\u0ccd\u0caf\u0ca4\u0cc6\u0caf\u0cb2\u0ccd\u0cb2\u0cbf\u0caf\u0cc2 \u0ca6\u0cc7\u0cb5\u0c95\u0cc1\u0cae\u0cbe\u0cb0\u0ca8 \u0c9c\u0ccd\u0c9e\u0cbe\u0ca8\u0ca6\u0cb2\u0ccd\u0cb2\u0cbf\u0caf\u0cc2 \u0caa\u0cb0\u0cbf\u0caa\u0cc2\u0cb0\u0ccd\u0ca3 \u0cae\u0ca8\u0cc1\u0cb7\u0ccd\u0caf\u0ca8\u0cbe\u0c97\u0cc1\u0cb5\u0ca6\u0c95\u0ccd\u0c95\u0cc6 \u0c95\u0ccd\u0cb0\u0cbf\u0cb8\u0ccd\u0ca4\u0ca8 \u0caa\u0cb0\u0cbf\u0caa\u0cc2\u0cb0\u0ccd\u0ca3\u0ca4\u0cc6\u0caf \u0ca8\u0cc0\u0cb3\u0ca6 \u0caa\u0ccd\u0cb0\u0cae\u0cbe\u0ca3\u0c95\u0ccd\u0c95\u0cc6 \u0cae\u0cc1\u0c9f\u0ccd\u0c9f\u0cc1\u0cb5\u0cc6\u0cb5\u0cc1."},{"Verseid":"48003013","Verse":"\u0ca8\u0cbe\u0cb5\u0cc1 \u0c87\u0ca8\u0ccd\u0ca8\u0cc1 \u0cae\u0cc7\u0cb2\u0cc6 \u0cb9\u0cca\u0c82\u0c9a\u0cc1 \u0cb9\u0cbe\u0c95\u0cc1\u0cb5\u0cb5\u0cb0 \u0cb5\u0c82\u0c9a\u0ca8\u0cc6\u0c97\u0cc2 \u0cae\u0ca8\u0cc1\u0cb7\u0ccd\u0caf\u0cb0 \u0c95\u0caa\u0c9f\u0ca6\u0cbf\u0c82\u0ca6\u0cb2\u0cc2 \u0cae\u0ccb\u0cb8\u0ca6 \u0c89\u0caa\u0cbe\u0caf \u0cae\u0cbe\u0ca1\u0cc1\u0cb5 \u0ca4\u0c82\u0ca4\u0ccd\u0cb0\u0ca6\u0cbf\u0c82\u0ca6\u0cb2\u0cc2 \u0cac\u0ccb\u0ca7\u0ca8\u0cc6\u0caf \u0caa\u0ccd\u0cb0\u0ca4\u0cbf\u0caf\u0cca\u0c82\u0ca6\u0cc1 \u0c97\u0cbe\u0cb3\u0cbf \u0caf\u0cbf\u0c82\u0ca6\u0cb2\u0cc2 \u0cac\u0ca1\u0cbf\u0caf\u0cb2\u0ccd\u0caa\u0c9f\u0ccd\u0c9f\u0cc1 \u0c85\u0ca4\u0ccd\u0ca4\u0cbf\u0ca4\u0ccd\u0ca4 \u0ca8\u0cc2\u0c95\u0cbe\u0ca1\u0cb2\u0ccd\u0caa\u0ca1\u0cc1\u0cb5 \u0cac\u0cbe\u0cb2\u0c95\u0cb0\u0c82\u0ca4\u0cc6 \u0c87\u0cb0\u0cac\u0cbe\u0cb0\u0ca6\u0cc1."},{"Verseid":"48003014","Verse":"\u0c86\u0ca6\u0cb0\u0cc6 \u0caa\u0ccd\u0cb0\u0cc0\u0ca4\u0cbf\u0caf\u0cb2\u0ccd\u0cb2\u0cbf \u0cb8\u0ca4\u0ccd\u0caf\u0cb5\u0ca8\u0ccd\u0ca8\u0cc1 \u0cae\u0cbe\u0ca4\u0ca8\u0cbe\u0ca1\u0cc1\u0ca4\u0ccd\u0ca4\u0cbe \u0c8e\u0cb2\u0ccd\u0cb2\u0cbe \u0cb5\u0cbf\u0cb7\u0caf\u0c97\u0cb3\u0cb2\u0ccd\u0cb2\u0cbf \u0ca4\u0cb2\u0cc6\u0caf\u0cc1 \u0ca4\u0cbe\u0ca8\u0cc7 \u0c86\u0c97\u0cbf\u0cb0\u0cc1\u0cb5 \u0c95\u0ccd\u0cb0\u0cbf\u0cb8\u0ccd\u0ca4\u0ca8\u0cb2\u0ccd\u0cb2\u0cbf \u0cac\u0cc6\u0cb3\u0cc6\u0caf\u0cbf\u0cb0\u0cbf."},{"Verseid":"48003015","Verse":"\u0ca6\u0cc7\u0cb9\u0cb5\u0cc6\u0cb2\u0ccd\u0cb2\u0cbe \u0c86\u0ca4\u0ca8 \u0cae\u0cc1\u0c96\u0cbe\u0c82\u0ca4\u0cb0 \u0caa\u0ccd\u0cb0\u0ca4\u0cbf \u0c95\u0cc0\u0cb2\u0cc1 \u0c97\u0cb3\u0cbf\u0c82\u0ca6 \u0cac\u0cbf\u0c97\u0cbf\u0caf\u0cbe\u0c97\u0cbf \u0c9c\u0ccb\u0ca1\u0cbf\u0cb8\u0cb2\u0ccd\u0caa\u0c9f\u0ccd\u0c9f\u0cc1 \u0caa\u0ccd\u0cb0\u0ca4\u0cbf \u0c85\u0c82\u0c97\u0ca6\u0cbf\u0c82\u0ca6 \u0c85\u0ca6\u0cb0\u0ca6\u0cb0 \u0cb6\u0c95\u0ccd\u0ca4\u0cbf\u0caf \u0caa\u0ccd\u0cb0\u0c95\u0cbe\u0cb0 \u0cb8\u0cb9\u0cbe\u0caf\u0cb9\u0cca\u0c82\u0ca6\u0cbf \u0caa\u0ccd\u0cb0\u0cc0\u0ca4\u0cbf \u0caf\u0cbf\u0c82\u0ca6 \u0ca4\u0ca8\u0ccd\u0ca8\u0cb2\u0ccd\u0cb2\u0cbf \u0c90\u0c95\u0ccd\u0caf\u0cb5\u0cbe\u0c97\u0cbf\u0ca6\u0ccd\u0ca6\u0cc1 \u0cad\u0c95\u0ccd\u0ca4\u0cbf\u0cb5\u0cc3\u0ca6\u0ccd\u0ca7\u0cbf\u0caf\u0ca8\u0ccd\u0ca8\u0cc1 \u0cb9\u0cca\u0c82\u0ca6\u0cc1\u0ca4\u0ccd\u0ca4\u0ca6\u0cc6."},{"Verseid":"48003016","Verse":"\u0c86\u0ca6\u0ca6\u0cb0\u0cbf\u0c82\u0ca6 \u0c85\u0ca8\u0ccd\u0caf\u0c9c\u0ca8\u0cb0\u0cc1 \u0ca8\u0ca1\u0cc6\u0ca6\u0cc1\u0c95\u0cca\u0cb3\u0ccd\u0cb3\u0cc1\u0cb5 \u0caa\u0ccd\u0cb0\u0c95\u0cbe\u0cb0 \u0ca8\u0cc0\u0cb5\u0cc1 \u0c87\u0ca8\u0ccd\u0ca8\u0cc1 \u0cae\u0cc7\u0cb2\u0cc6 \u0ca8\u0ca1\u0cc6\u0ca6\u0cc1\u0c95\u0cca\u0cb3\u0ccd\u0cb3\u0cac\u0cbe\u0cb0 \u0ca6\u0cc6\u0c82\u0ca6\u0cc1 \u0c95\u0cb0\u0ccd\u0ca4\u0ca8\u0cb2\u0ccd\u0cb2\u0cbf\u0cb0\u0cc1\u0cb5\u0cb5\u0ca8\u0cbe\u0c97\u0cbf \u0ca8\u0cbe\u0ca8\u0cc1 \u0ca8\u0cbf\u0cae\u0c97\u0cc6 \u0c96\u0c82\u0ca1\u0cbf\u0ca4\u0cb5\u0cbe\u0c97\u0cbf \u0cb9\u0cc7\u0cb3\u0cc1\u0ca4\u0ccd\u0ca4\u0cc7\u0ca8\u0cc6. \u0c85\u0cb5\u0cb0\u0cc1 \u0ca8\u0cbf\u0cb7\u0ccd\u0caa\u0ccd\u0cb0\u0caf\u0ccb\u0c9c\u0ca8 \u0cb5\u0cbe\u0ca6 \u0cac\u0cc1\u0ca6\u0ccd\u0ca7\u0cbf\u0caf\u0cc1\u0cb3\u0ccd\u0cb3\u0cb5\u0cb0\u0cbe\u0c97\u0cbf \u0ca8\u0ca1\u0cc6\u0ca6\u0cc1\u0c95\u0cca\u0cb3\u0ccd\u0cb3\u0cc1\u0ca4\u0ccd\u0ca4\u0cbe\u0cb0\u0cc6;"},{"Verseid":"48003017","Verse":"\u0c85\u0cb5\u0cb0 \u0cae\u0ca8\u0cb8\u0ccd\u0cb8\u0cc1 \u0cae\u0cca\u0cac\u0ccd\u0cac\u0cbe\u0c97\u0cbf \u0cb9\u0ccb\u0c97\u0cbf\u0ca6\u0cc6. \u0c85\u0cb5\u0cb0\u0cc1 \u0ca4\u0cae\u0ccd\u0cae \u0cb9\u0cc3\u0ca6\u0caf\u0ca6 \u0c95\u0cc1\u0cb0\u0cc1\u0ca1\u0cc1\u0ca4\u0ca8\u0ca6 \u0ca8\u0cbf\u0cae\u0cbf\u0ca4\u0ccd\u0ca4\u0ca6\u0cbf\u0c82\u0ca6\u0cb2\u0cc2 \u0ca4\u0cae\u0ccd\u0cae\u0cb2\u0ccd\u0cb2\u0cbf\u0cb0\u0cc1\u0cb5 \u0c86\u0c9c\u0ccd\u0c9e\u0cbe\u0ca8\u0ca6 \u0ca8\u0cbf\u0cae\u0cbf\u0ca4\u0ccd\u0ca4\u0ca6\u0cbf\u0c82\u0ca6\u0cb2\u0cc2 \u0ca6\u0cc7\u0cb5\u0cb0\u0cbf\u0c82\u0ca6\u0cbe\u0c97\u0cc1\u0cb5 \u0c9c\u0cc0\u0cb5\u0c95\u0ccd\u0c95\u0cc6 \u0c85\u0ca8\u0ccd\u0caf\u0cb0\u0cbe\u0c97\u0cbf\u0ca6\u0ccd\u0ca6\u0cbe\u0cb0\u0cc6."},{"Verseid":"48003018","Verse":"\u0c85\u0cb5\u0cb0\u0cc1 \u0ca4\u0cae\u0ccd\u0cae \u0ca6\u0cc1\u0cb8\u0ccd\u0ca5\u0cbf\u0ca4\u0cbf\u0c97\u0cbe\u0c97\u0cbf \u0cb8\u0ccd\u0cb5\u0cb2\u0ccd\u0caa\u0cb5\u0cc2 \u0c9a\u0cbf\u0c82\u0ca4\u0cbf\u0cb8\u0ca6\u0cc6 \u0ca4\u0cae\u0ccd\u0cae\u0ca8\u0ccd\u0ca8\u0cc1 \u0cac\u0c82\u0ca1\u0cc1\u0ca4\u0ca8\u0c95\u0ccd\u0c95\u0cc6 \u0c92\u0caa\u0ccd\u0caa\u0cbf\u0cb8\u0cbf\u0c95\u0cca\u0c9f\u0ccd\u0c9f\u0cc1 \u0c8e\u0cb2\u0ccd\u0cb2\u0cbe \u0cb5\u0cbf\u0ca7\u0cb5\u0cbe\u0ca6 \u0c85\u0cb6\u0cc1\u0ca6\u0ccd\u0ca7 \u0c95\u0cc3\u0ca4\u0ccd\u0caf\u0c97\u0cb3\u0ca8\u0ccd\u0ca8\u0cc1 \u0c85\u0ca4\u0ccd\u0caf\u0cbe\u0cb6\u0cc6\u0caf\u0cbf\u0c82\u0ca6 \u0ca8\u0ca1\u0cbf\u0cb8\u0cc1\u0cb5\u0cb5\u0cb0\u0cbe\u0c97\u0cbf\u0ca6\u0ccd\u0ca6\u0cbe\u0cb0\u0cc6."},{"Verseid":"48003019","Verse":"\u0ca8\u0cc0\u0cb5\u0cbe\u0ca6\u0cb0\u0ccb \u0c95\u0ccd\u0cb0\u0cbf\u0cb8\u0ccd\u0ca4\u0ca8\u0ca8\u0ccd\u0ca8\u0cc1 \u0cb9\u0cbe\u0c97\u0cc6 \u0c95\u0cb2\u0cbf\u0ca4\u0cc1\u0c95\u0cca\u0cb3\u0ccd\u0cb3\u0cb2\u0cbf\u0cb2\u0ccd\u0cb2."},{"Verseid":"48003020","Verse":"\u0c86\u0ca4\u0ca8\u0ca8\u0ccd\u0ca8\u0cc7 \u0c95\u0cc7\u0cb3\u0cbf\u0ca6\u0cbf\u0cb0\u0cb2\u0ccd\u0cb2\u0cbe, \u0c86\u0ca4\u0ca8\u0cb2\u0ccd\u0cb2\u0cbf\u0caf\u0cc7 \u0c89\u0caa\u0ca6\u0cc7\u0cb6 \u0cb5\u0ca8\u0ccd\u0ca8\u0cc1 \u0cb9\u0cca\u0c82\u0ca6\u0cbf\u0ca6\u0cbf\u0cb0\u0cb2\u0ccd\u0cb2\u0cbe."},{"Verseid":"48003021","Verse":"\u0caf\u0cc7\u0cb8\u0cc1\u0cb5\u0cbf\u0ca8\u0cb2\u0ccd\u0cb2\u0cbf\u0cb0\u0cc1\u0cb5 \u0cb8\u0ca4\u0ccd\u0caf\u0ccb\u0caa\u0ca6\u0cc7\u0cb6\u0cb5\u0cc1 \u0caf\u0cbe\u0cb5\u0ca6\u0cc6\u0c82\u0ca6\u0cb0\u0cc6--\u0ca8\u0cc0\u0cb5\u0cc1 \u0ca8\u0cbf\u0cae \u0cb9\u0cbf\u0c82\u0ca6\u0cbf\u0ca8 \u0ca8\u0ca1\u0ca4\u0cc6\u0caf\u0ca8\u0ccd\u0ca8\u0cc1 \u0c85\u0ca8\u0cc1\u0cb8\u0cb0\u0cbf\u0cb8\u0ca6\u0cc6 \u0caa\u0cc2\u0cb0\u0ccd\u0cb5\u0cb8\u0ccd\u0cb5\u0cad\u0cbe\u0cb5 \u0cb5\u0ca8\u0ccd\u0ca8\u0cc1 \u0ca4\u0cc6\u0c97\u0cc6\u0ca6\u0cc1 \u0cb9\u0cbe\u0c95\u0cbf\u0cac\u0cbf\u0ca1\u0cac\u0cc7\u0c95\u0cc1; \u0c85\u0ca6\u0cc1 \u0cae\u0ccb\u0cb8\u0c95\u0cb0\u0cb5\u0cbe\u0ca6 \u0ca6\u0cc1\u0cb0\u0cbe\u0cb6\u0cc6\u0c97\u0cb3\u0cbf\u0c82\u0ca6 \u0c95\u0cc6\u0c9f\u0ccd\u0c9f\u0cc1 \u0cb9\u0ccb\u0c97\u0cc1\u0cb5\u0c82\u0ca5\u0ca6\u0cc1."},{"Verseid":"48003022","Verse":"\u0ca8\u0cc0\u0cb5\u0cc1 \u0ca8\u0cbf\u0cae\u0ccd\u0cae \u0cae\u0ca8\u0cb8\u0ccd\u0cb8\u0cbf\u0ca8\u0cad\u0cbe\u0cb5\u0ca6\u0cb2\u0ccd\u0cb2\u0cbf \u0cb9\u0cca\u0cb8\u0cac\u0cb0\u0cbe\u0c97\u0cbf \u0ca8\u0cc2\u0ca4\u0ca8 \u0cb8\u0ccd\u0cb5\u0cad\u0cbe\u0cb5\u0cb5\u0ca8\u0ccd\u0ca8\u0cc1 \u0ca7\u0cb0\u0cbf\u0cb8\u0cbf\u0c95\u0cca\u0cb3\u0ccd\u0cb3\u0cbf\u0cb0\u0cbf."},{"Verseid":"48003023","Verse":"\u0c86 \u0cb8\u0ccd\u0cb5\u0cad\u0cbe\u0cb5\u0cb5\u0cc1 \u0ca6\u0cc7\u0cb5\u0cb0 \u0cb9\u0ccb\u0cb2\u0cbf\u0c95\u0cc6\u0caf \u0cae\u0cc7\u0cb0\u0cc6\u0c97\u0cc6 \u0ca8\u0cc0\u0ca4\u0cbf\u0caf\u0cb2\u0ccd\u0cb2\u0cbf\u0caf\u0cc2 \u0ca8\u0cbf\u0c9c\u0cb5\u0cbe\u0ca6 \u0caa\u0cb0\u0cbf\u0cb6\u0cc1\u0ca6\u0ccd\u0ca7\u0ca4\u0cc6\u0caf\u0cb2\u0ccd\u0cb2\u0cbf\u0caf\u0cc2 \u0ca8\u0cbf\u0cb0\u0ccd\u0cae\u0cbf\u0cb8\u0cb2\u0ccd\u0caa\u0c9f\u0ccd\u0c9f\u0cbf\u0ca6\u0cc6."},{"Verseid":"48003024","Verse":"\u0c86\u0ca6 \u0c95\u0cbe\u0cb0\u0ca3 \u0cb8\u0cc1\u0cb3\u0ccd\u0cb3\u0cbe\u0ca1\u0cc1\u0cb5\u0ca6\u0ca8\u0ccd\u0ca8\u0cc1 \u0cac\u0cbf\u0c9f\u0ccd\u0c9f\u0cc1 \u0caa\u0ccd\u0cb0\u0ca4\u0cbf\u0caf\u0cca\u0cac\u0ccd\u0cac\u0ca8\u0cc1 \u0ca4\u0ca8\u0ccd\u0ca8 \u0ca8\u0cc6\u0cb0\u0cc6\u0caf\u0cb5\u0ca8 \u0cb8\u0c82\u0c97\u0ca1 \u0cb8\u0ca4\u0ccd\u0caf\u0cb5\u0ca8\u0ccd\u0ca8\u0cc7 \u0c86\u0ca1\u0cb2\u0cbf; \u0caf\u0cbe\u0c95\u0c82\u0ca6\u0cb0\u0cc6 \u0ca8\u0cbe\u0cb5\u0cc1 \u0c92\u0cac\u0ccd\u0cac\u0cb0\u0cbf\u0c97\u0cca\u0cac\u0ccd\u0cac\u0cb0\u0cc1 \u0c85\u0c82\u0c97\u0c97\u0cb3\u0cbe\u0c97\u0cbf\u0ca6\u0ccd\u0ca6\u0cc7\u0cb5\u0cb2\u0ccd\u0cb2\u0cbe."},{"Verseid":"48003025","Verse":"\u0c95\u0ccb\u0caa\u0cae\u0cbe\u0ca1\u0cac\u0cc7\u0c95\u0cbe\u0ca6\u0cb0\u0cc2 \u0caa\u0cbe\u0caa \u0cae\u0cbe\u0ca1\u0cac\u0cc7\u0ca1\u0cbf\u0cb0\u0cbf; \u0cb8\u0cc2\u0cb0\u0ccd\u0caf\u0ca8\u0cc1 \u0cae\u0cc1\u0cb3\u0cc1\u0c97\u0cc1\u0cb5\u0ca6\u0c95\u0ccd\u0c95\u0cbf\u0c82\u0ca4 \u0cae\u0cc1\u0c82\u0c9a\u0cc6 \u0ca8\u0cbf\u0cae\u0ccd\u0cae \u0cb8\u0cbf\u0c9f\u0ccd\u0c9f\u0cc1 \u0ca4\u0cc0\u0cb0\u0cb2\u0cbf;"},{"Verseid":"48003026","Verse":"\u0cb8\u0cc8\u0ca4\u0cbe\u0ca8\u0ca8\u0cbf\u0c97\u0cc6 \u0c85\u0cb5\u0c95\u0cbe\u0cb6 \u0c95\u0cca\u0ca1\u0cb2\u0cc7\u0cac\u0cc7\u0ca1\u0cbf\u0cb0\u0cbf."},{"Verseid":"48003027","Verse":"\u0c95\u0cb3\u0cb5\u0cc1 \u0cae\u0cbe\u0ca1\u0cc1\u0cb5\u0cb5\u0ca8\u0cc1 \u0c87\u0ca8\u0ccd\u0ca8\u0cc1 \u0cae\u0cc7\u0cb2\u0cc6 \u0c95\u0cb3\u0cb5\u0cc1 \u0cae\u0cbe\u0ca1\u0ca6\u0cc6 \u0c95\u0cc8\u0caf\u0cbf\u0c82\u0ca6 \u0caf\u0cbe\u0cb5\u0ca6\u0cbe\u0ca6\u0cb0\u0cca\u0c82\u0ca6\u0cc1 \u0c92\u0cb3\u0ccd\u0cb3\u0cc7 \u0c89\u0ca6\u0ccd\u0caf\u0ccb\u0c97\u0cb5\u0ca8\u0ccd\u0ca8\u0cc1 \u0cae\u0cbe\u0ca1\u0cbf \u0ca6\u0cc1\u0ca1\u0cbf\u0caf\u0cb2\u0cbf; \u0c86\u0c97 \u0c95\u0cca\u0cb0\u0ca4\u0cc6\u0caf\u0cb2\u0ccd\u0cb2\u0cbf\u0cb0\u0cc1\u0cb5\u0cb5\u0cb0\u0cbf\u0c97\u0cc6 \u0c95\u0cca\u0ca1\u0cc1 \u0cb5\u0ca6\u0c95\u0ccd\u0c95\u0cc6 \u0c85\u0cb5\u0ca8\u0cbf\u0c82\u0ca6\u0cbe \u0c97\u0cc1\u0cb5\u0ca6\u0cc1."},{"Verseid":"48003028","Verse":"\u0ca8\u0cbf\u0cae\u0ccd\u0cae \u0cac\u0cbe\u0caf\u0cca\u0cb3\u0c97\u0cbf\u0c82\u0ca6 \u0caf\u0cbe\u0cb5 \u0c95\u0cc6\u0c9f\u0ccd\u0c9f \u0cae\u0cbe\u0ca4\u0cc2 \u0cb9\u0cca\u0cb0\u0ca1\u0cac\u0cbe\u0cb0\u0ca6\u0cc1; \u0c86\u0ca6\u0cb0\u0cc6 \u0cad\u0c95\u0ccd\u0ca4\u0cbf\u0caf\u0ca8\u0ccd\u0ca8\u0cc1 \u0cb5\u0cc3\u0ca6\u0ccd\u0ca7\u0cbf \u0cae\u0cbe\u0ca1\u0cc1\u0cb5\u0c82\u0ca5 \u0c92\u0cb3\u0ccd\u0cb3\u0cc6\u0cae\u0cbe\u0ca4\u0cc1 \u0c87\u0ca6\u0ccd\u0ca6\u0cb0\u0cc6 \u0c95\u0cc7\u0cb3\u0cc1\u0cb5\u0cb5\u0cb0 \u0cb9\u0cbf\u0ca4 \u0c95\u0ccd\u0c95\u0cbe\u0c97\u0cbf \u0c85\u0ca6\u0ca8\u0ccd\u0ca8\u0cc1 \u0c86\u0ca1\u0cbf\u0cb0\u0cbf."},{"Verseid":"48003029","Verse":"\u0ca6\u0cc7\u0cb5\u0cb0 \u0caa\u0cb5\u0cbf\u0ca4\u0ccd\u0cb0\u0cbe\u0ca4\u0ccd\u0cae\u0ca8\u0ca8\u0ccd\u0ca8\u0cc1 \u0ca6\u0cc1\u0c83\u0c96\u0caa\u0ca1\u0cbf\u0cb8\u0cac\u0cc7\u0ca1\u0cbf\u0cb0\u0cbf; \u0c86\u0ca4\u0ca8\u0cb2\u0ccd\u0cb2\u0cbf\u0caf\u0cc7 \u0cb5\u0cbf\u0cae\u0ccb\u0c9a\u0ca8\u0cc6\u0caf \u0ca6\u0cbf\u0ca8\u0c95\u0ccd\u0c95\u0cbe\u0c97\u0cbf \u0cae\u0cc1\u0ca6\u0ccd\u0cb0\u0cc6 \u0cb9\u0cca\u0c82\u0ca6\u0cbf\u0ca6\u0ccd\u0ca6\u0cc0\u0cb0\u0cb2\u0ccd\u0cb2\u0cbe."},{"Verseid":"48003030","Verse":"\u0c8e\u0cb2\u0ccd\u0cb2\u0cbe \u0ca6\u0ccd\u0cb5\u0cc7\u0cb7, \u0c95\u0ccb\u0caa, \u0c95\u0ccd\u0cb0\u0ccb\u0ca7, \u0c95\u0cb2\u0cb9, \u0ca6\u0cc2\u0cb7\u0ca3\u0cc6 \u0c87\u0cb5\u0cc1\u0c97\u0cb3\u0ca8\u0ccd\u0ca8\u0cc2 \u0cb8\u0c95\u0cb2 \u0cb5\u0cbf\u0ca7\u0cb5\u0cbe\u0ca6 \u0ca6\u0cc1\u0cb7\u0ccd\u0c9f\u0ca4\u0ca8\u0cb5\u0ca8\u0ccd\u0ca8\u0cc2 \u0ca8\u0cbf\u0cae\u0ccd\u0cae\u0cbf\u0c82\u0ca6 \u0ca6\u0cc2\u0cb0 \u0cae\u0cbe\u0ca1\u0cbf\u0cb0\u0cbf."},{"Verseid":"48003031","Verse":"\u0ca6\u0cc7\u0cb5\u0cb0\u0cc1 \u0ca8\u0cbf\u0cae\u0c97\u0cc6 \u0c95\u0ccd\u0cb0\u0cbf\u0cb8\u0ccd\u0ca4\u0ca8\u0cb2\u0ccd\u0cb2\u0cbf \u0c95\u0ccd\u0cb7\u0cae\u0cbf\u0cb8\u0cbf \u0ca6\u0c82\u0ca4\u0cc6\u0caf\u0cc7 \u0ca8\u0cc0\u0cb5\u0cc1 \u0c92\u0cac\u0ccd\u0cac\u0cb0\u0cbf\u0c97\u0cca\u0cac\u0ccd\u0cac\u0cb0\u0cc1 \u0c89\u0caa\u0c95\u0cbe\u0cb0\u0cbf\u0c97\u0cb3\u0cbe \u0c97\u0cbf\u0caf\u0cc2 \u0c95\u0cb0\u0cc1\u0ca3\u0cc6\u0caf\u0cc1\u0cb3\u0ccd\u0cb3\u0cb5\u0cb0\u0cbe\u0c97\u0cbf\u0caf\u0cc2 \u0c95\u0ccd\u0cb7\u0cae\u0cbf\u0cb8\u0cc1\u0cb5\u0cb5 \u0cb0\u0cbe\u0c97\u0cbf\u0caf\u0cc2 \u0c87\u0cb0\u0ccd\u0cb0\u0cbf."}]},{"Verse":[{"Verseid":"48004000","Verse":"\u0c86\u0ca6\u0ca6\u0cb0\u0cbf\u0c82\u0ca6 \u0ca8\u0cc0\u0cb5\u0cc1 \u0caa\u0ccd\u0cb0\u0cbf\u0caf\u0cb0\u0cbe\u0ca6 \u0cae\u0c95\u0ccd\u0c95\u0cb3\u0cbf\u0c97\u0cc6 \u0ca4\u0c95\u0ccd\u0c95 \u0cb9\u0cbe\u0c97\u0cc6 \u0ca6\u0cc7\u0cb5\u0cb0\u0ca8\u0ccd\u0ca8\u0cc1 \u0c85\u0ca8\u0cc1\u0cb8\u0cb0\u0cbf\u0cb8\u0cc1\u0cb5 \u0cb5\u0cb0\u0cbe\u0c97\u0cbf\u0cb0\u0ccd\u0cb0\u0cbf."},{"Verseid":"48004001","Verse":"\u0c95\u0ccd\u0cb0\u0cbf\u0cb8\u0ccd\u0ca4\u0ca8\u0cc1 \u0ca8\u0cae\u0ccd\u0cae\u0ca8\u0ccd\u0ca8\u0cc1 \u0caa\u0ccd\u0cb0\u0cc0\u0ca4\u0cbf\u0cb8\u0cbf \u0ca8\u0cae\u0c97\u0ccb\u0cb8\u0ccd\u0c95\u0cb0 \u0ca4\u0ca8\u0ccd\u0ca8\u0ca8\u0ccd\u0ca8\u0cc7 \u0ca6\u0cc7\u0cb5\u0cb0\u0cbf\u0c97\u0cc6 \u0cb8\u0cc1\u0c97\u0c82\u0ca7\u0cb5\u0cbe\u0cb8\u0ca8\u0cc6\u0caf\u0cbe\u0ca6 \u0c95\u0cbe\u0ca3\u0cbf\u0c95\u0cc6 \u0caf\u0cbe\u0c97\u0cbf\u0caf\u0cc2 \u0caf\u0c9c\u0ccd\u0c9e\u0cb5\u0cbe\u0c97\u0cbf\u0caf\u0cc2 \u0cb8\u0cae\u0cb0\u0ccd\u0caa\u0cbf\u0cb8\u0cbf\u0c95\u0cca\u0c82\u0ca1 \u0caa\u0ccd\u0cb0\u0c95\u0cbe\u0cb0 \u0ca8\u0cc0\u0cb5\u0cc2 \u0caa\u0ccd\u0cb0\u0cc0\u0ca4\u0cbf\u0caf\u0cb2\u0ccd\u0cb2\u0cbf \u0ca8\u0ca1\u0cc6\u0ca6\u0cc1\u0c95\u0cca\u0cb3\u0ccd\u0cb3\u0cbf\u0cb0\u0cbf."},{"Verseid":"48004002","Verse":"\u0c86\u0ca6\u0cb0\u0cc6 \u0ca8\u0cbf\u0cae\u0ccd\u0cae\u0cca\u0cb3\u0c97\u0cc6 \u0c9c\u0cbe\u0cb0\u0ca4\u0ccd\u0cb5\u0cb5\u0cbe\u0c97\u0cb2\u0cbf \u0caf\u0cbe\u0cb5 \u0c85\u0cb6\u0cc1\u0ca6\u0ccd\u0ca7\u0ca4\u0ccd\u0cb5\u0cb5\u0cbe\u0c97\u0cb2\u0cbf \u0c87\u0cb2\u0ccd\u0cb2\u0cb5\u0cc6 \u0cb2\u0ccb\u0cad\u0cb5\u0cbe\u0c97\u0cb2\u0cbf \u0caa\u0cb0\u0cbf\u0cb6\u0cc1\u0ca6\u0ccd\u0ca7\u0cb0\u0cbf\u0c97\u0cc6 \u0ca4\u0c95\u0ccd\u0c95 \u0cb9\u0cbe\u0c97\u0cc6 \u0c87\u0cb5\u0cc1\u0c97\u0cb3 \u0cb9\u0cc6\u0cb8\u0cb0\u0ca8\u0ccd\u0ca8\u0cc1 \u0c92\u0c82\u0ca6\u0cc1 \u0cb8\u0cb2\u0cb5\u0cbe\u0ca6\u0cb0\u0cc2 \u0c8e\u0ca4\u0ccd\u0ca4\u0cac\u0cbe\u0cb0\u0ca6\u0cc1."},{"Verseid":"48004003","Verse":"\u0c87\u0cb2\u0ccd\u0cb2\u0cb5\u0cc6 \u0cb9\u0cca\u0cb2\u0cb8\u0cc1\u0ca4\u0ca8 \u0cb9\u0cc1\u0c9a\u0ccd\u0c9a\u0cc1 \u0cae\u0cbe\u0ca4\u0cc1 \u0c95\u0cc1\u0c9a\u0ccb\u0ca6\u0ccd\u0caf \u0c87\u0cb5\u0cc1 \u0cac\u0cc7\u0ca1, \u0c85\u0caf\u0cc1\u0c95\u0ccd\u0ca4\u0cb5\u0cbe\u0c97\u0cbf\u0cb5\u0cc6; \u0c87\u0cb5\u0cc1 \u0c97\u0cb3\u0ca8\u0ccd\u0ca8\u0cc1 \u0cac\u0cbf\u0c9f\u0ccd\u0c9f\u0cc1 \u0c86\u0ca4\u0ca8\u0cbf\u0c97\u0cc6 \u0c89\u0caa\u0c95\u0cbe\u0cb0 \u0cb8\u0ccd\u0ca4\u0cc1\u0ca4\u0cbf\u0cae\u0cbe\u0ca1\u0cc1\u0cb5\u0ca6\u0cc7 \u0c89\u0ca4\u0ccd\u0ca4\u0cae."},{"Verseid":"48004004","Verse":"\u0caf\u0cbe\u0cb5 \u0c9c\u0cbe\u0cb0\u0ca8\u0cbe\u0c97\u0cb2\u0cbf, \u0c85\u0cb6\u0cc1\u0ca6\u0ccd\u0ca7\u0ca8\u0cbe\u0c97\u0cb2\u0cbf, \u0cb5\u0cbf\u0c97\u0ccd\u0cb0\u0cb9\u0cbe\u0cb0\u0cbe\u0ca7\u0c95\u0ca8\u0c82\u0ca4\u0cbf\u0cb0\u0cc1\u0cb5 \u0cb2\u0ccb\u0cad\u0cbf\u0caf\u0cbe\u0c97\u0cb2\u0cbf \u0c95\u0ccd\u0cb0\u0cbf\u0cb8\u0ccd\u0ca4\u0ca8 \u0cae\u0ca4\u0ccd\u0ca4\u0cc1 \u0ca6\u0cc7\u0cb5\u0cb0 \u0cb0\u0cbe\u0c9c\u0ccd\u0caf\u0ca6\u0cb2\u0ccd\u0cb2\u0cbf \u0cac\u0cbe\u0ca7\u0ccd\u0caf\u0ca8\u0cbe\u0c97\u0cc1\u0cb5\u0ca6\u0cbf\u0cb2\u0ccd\u0cb2\u0cb5\u0cc6\u0c82\u0ca6\u0cc1 \u0ca8\u0cc0\u0cb5\u0cc1 \u0cac\u0cb2\u0ccd\u0cb2\u0cbf\u0cb0\u0cb2\u0ccd\u0cb2\u0cb5\u0cc7."},{"Verseid":"48004005","Verse":"\u0cb9\u0cc1\u0cb0\u0cc1\u0cb3\u0cbf\u0cb2\u0ccd\u0cb2\u0ca6 \u0cae\u0cbe\u0ca4\u0cc1\u0c97\u0cb3\u0cbf\u0c82\u0ca6 \u0caf\u0cbe\u0cb0\u0cc2 \u0ca8\u0cbf\u0cae\u0ccd\u0cae\u0ca8\u0ccd\u0ca8\u0cc1 \u0cae\u0ccb\u0cb8\u0c97\u0cca\u0cb3\u0cbf\u0cb8\u0ca6\u0cbf\u0cb0\u0cb2\u0cbf. \u0caf\u0cbe\u0c95\u0c82\u0ca6\u0cb0\u0cc6 \u0c87\u0c82\u0ca5\u0cb5\u0cc1\u0c97\u0cb3\u0cbf\u0c82\u0ca6 \u0ca6\u0cc7\u0cb5\u0cb0 \u0c95\u0ccb\u0caa\u0cb5\u0cc1 \u0c86\u0ca4\u0ca8\u0cbf\u0c97\u0cc6 \u0c85\u0cb5\u0cbf\u0ca7\u0cc7\u0caf\u0cb0\u0cbe\u0ca6 \u0cae\u0c95\u0ccd\u0c95\u0cb3 \u0cae\u0cc7\u0cb2\u0cc6 \u0cac\u0cb0\u0cc1\u0ca4\u0ccd\u0ca4\u0ca6\u0cc6."},{"Verseid":"48004006","Verse":"\u0c86\u0ca6\u0ca6\u0cb0\u0cbf\u0c82\u0ca6 \u0ca8\u0cc0\u0cb5\u0cc1 \u0c85\u0cb5\u0cb0\u0cca\u0c82\u0ca6\u0cbf\u0c97\u0cc6 \u0caa\u0cbe\u0cb2\u0cc1\u0c97\u0cbe\u0cb0 \u0cb0\u0cbe\u0c97\u0cbf\u0cb0\u0cac\u0cc7\u0ca1\u0cbf\u0cb0\u0cbf."},{"Verseid":"48004007","Verse":"\u0ca8\u0cc0\u0cb5\u0cc1 \u0cb9\u0cbf\u0c82\u0ca6\u0cbf\u0ca8 \u0c95\u0cbe\u0cb2\u0ca6\u0cb2\u0ccd\u0cb2\u0cbf \u0c95\u0ca4\u0ccd\u0ca4\u0cb2\u0cc6\u0caf\u0cbe\u0c97\u0cbf\u0ca6\u0ccd\u0ca6\u0cbf\u0cb0\u0cbf, \u0c86\u0ca6\u0cb0\u0cc6 \u0c88\u0c97 \u0ca8\u0cc0\u0cb5\u0cc1 \u0c95\u0cb0\u0ccd\u0ca4\u0ca8\u0cb2\u0ccd\u0cb2\u0cbf \u0cac\u0cc6\u0cb3\u0c95\u0cbe\u0c97\u0cbf\u0cb0\u0cc1\u0cb5\u0ca6\u0cb0\u0cbf\u0c82\u0ca6 \u0cac\u0cc6\u0cb3\u0c95\u0cbf\u0ca8 \u0cae\u0c95\u0ccd\u0c95\u0cb3\u0c82\u0ca4\u0cc6 \u0ca8\u0ca1\u0cc6\u0ca6\u0cc1\u0c95\u0cca\u0cb3\u0ccd\u0cb3\u0cbf\u0cb0\u0cbf."},{"Verseid":"48004008","Verse":"\u0c86\u0ca4\u0ccd\u0cae\u0ca8 \u0cab\u0cb2\u0cb5\u0cc1 \u0c8e\u0cb2\u0ccd\u0cb2\u0cbe \u0c89\u0caa\u0c95\u0cbe\u0cb0\u0ca6\u0cb2\u0ccd\u0cb2\u0cbf\u0caf\u0cc2 \u0ca8\u0cc0\u0ca4\u0cbf\u0caf\u0cb2\u0ccd\u0cb2\u0cbf\u0caf\u0cc2 \u0cb8\u0ca4\u0ccd\u0caf \u0ca6\u0cb2\u0ccd\u0cb2\u0cbf\u0caf\u0cc2 \u0c87\u0cb0\u0cc1\u0ca4\u0ccd\u0ca4\u0ca6\u0cc6."},{"Verseid":"48004009","Verse":"\u0c95\u0cb0\u0ccd\u0ca4\u0ca8\u0cbf\u0c97\u0cc6 \u0cae\u0cc6\u0c9a\u0ccd\u0c9a\u0cbf\u0c95\u0cc6\u0caf\u0cbe\u0ca6\u0ca6\u0ccd\u0ca6\u0cc7 \u0ca8\u0cc6\u0c82\u0cac\u0ca6\u0ca8\u0ccd\u0ca8\u0cc1 \u0caa\u0cb0\u0cbf\u0cb6\u0ccb\u0ca7\u0cbf\u0cb8\u0cbf\u0cb0\u0cbf."},{"Verseid":"48004010","Verse":"\u0ca4\u0ccd\u0ca4\u0cb2\u0cc6\u0c97\u0cc6 \u0cb8\u0c82\u0cac\u0c82\u0ca7 \u0cb5\u0cbe\u0ca6 \u0c95\u0cc3\u0ca4\u0ccd\u0caf\u0c97\u0cb3\u0cbf\u0c82\u0ca6 \u0caf\u0cbe\u0cb5 \u0cab\u0cb2\u0cb5\u0cc2 \u0cac\u0cb0\u0cb2\u0cbe\u0cb0\u0ca6\u0cc1; \u0c85\u0cb5\u0cc1\u0c97\u0cb3\u0cb2\u0ccd\u0cb2\u0cbf \u0caa\u0cbe\u0cb2\u0cc1\u0c97\u0cbe\u0cb0\u0cb0\u0cbe\u0c97\u0cbf\u0cb0\u0ca6\u0cc6 \u0c85\u0cb5\u0cc1\u0c97\u0cb3\u0ca8\u0ccd\u0ca8\u0cc1 \u0c96\u0c82\u0ca1\u0cbf\u0cb8\u0cbf\u0cb0\u0cbf."},{"Verseid":"48004011","Verse":"\u0c85\u0cb5\u0cb0\u0cc1 \u0cb0\u0cb9\u0cb8\u0ccd\u0caf\u0cb5\u0cbe\u0c97\u0cbf \u0ca8\u0ca1\u0cbf\u0cb8\u0cc1\u0cb5 \u0c95\u0cc6\u0cb2\u0cb8 \u0c97\u0cb3\u0ca8\u0ccd\u0ca8\u0cc1 \u0c95\u0cc1\u0cb0\u0cbf\u0ca4\u0cc1 \u0cae\u0cbe\u0ca4\u0ca8\u0cbe\u0ca1\u0cc1\u0cb5\u0ca6\u0cbe\u0ca6\u0cb0\u0cc2 \u0ca8\u0cbe\u0c9a\u0cbf\u0c95\u0cc6\u0c97\u0cc6 \u0c95\u0cbe\u0cb0\u0ca3\u0cb5\u0cbe\u0c97\u0cbf\u0ca6\u0cc6."},{"Verseid":"48004012","Verse":"\u0c86\u0ca6\u0cb0\u0cc6 \u0c96\u0c82\u0ca1\u0ca8\u0cc6\u0caf\u0cbe\u0c97\u0cc1\u0cb5\u0cb5\u0cc1 \u0c97\u0cb3\u0cc6\u0cb2\u0ccd\u0cb2\u0cb5\u0cc2 \u0cac\u0cc6\u0cb3\u0c95\u0cbf\u0ca8\u0cbf\u0c82\u0ca6 \u0caa\u0ccd\u0cb0\u0c95\u0c9f\u0cb5\u0cbe\u0c97\u0cc1\u0ca4\u0ccd\u0ca4\u0cb5\u0cc6; \u0caf\u0cbe\u0c95\u0c82\u0ca6\u0cb0\u0cc6 \u0caa\u0ccd\u0cb0\u0c95\u0c9f\u0caa\u0ca1\u0cbf\u0cb8\u0cc1\u0cb5\u0c82\u0ca5\u0ca6\u0ccd\u0ca6\u0cc1 \u0cac\u0cc6\u0cb3\u0c95\u0cc7."},{"Verseid":"48004013","Verse":"\u0c86\u0ca6\u0ca6\u0cb0\u0cbf\u0c82\u0ca6-- \u0ca8\u0cbf\u0ca6\u0ccd\u0cb0\u0cc6 \u0cae\u0cbe\u0ca1\u0cc1\u0cb5\u0cb5\u0ca8\u0cc7, \u0c8e\u0c9a\u0ccd\u0c9a\u0cb0\u0cb5\u0cbe\u0c97\u0cc1, \u0cb8\u0ca4\u0ccd\u0ca4\u0cb5\u0cb0\u0cbf\u0c82\u0ca6 \u0c8e\u0ca6\u0ccd\u0ca6\u0cc7\u0cb3\u0cc1; \u0c95\u0ccd\u0cb0\u0cbf\u0cb8\u0ccd\u0ca4\u0ca8\u0cc1 \u0ca8\u0cbf\u0ca8\u0c97\u0cc6 \u0caa\u0ccd\u0cb0\u0c95\u0cbe\u0cb6\u0c95\u0cca\u0ca1\u0cc1\u0cb5\u0ca8\u0cc1 \u0c8e\u0c82\u0ca6\u0cc1 \u0c86\u0ca4\u0ca8\u0cc1 \u0cb9\u0cc7\u0cb3\u0cc1\u0ca4\u0ccd\u0ca4\u0cbe\u0ca8\u0cc6."},{"Verseid":"48004014","Verse":"\u0c86\u0ca6\u0c95\u0cbe\u0cb0\u0ca3 \u0ca8\u0cc0\u0cb5\u0cc1 \u0ca8\u0ca1\u0c95\u0cca\u0cb3\u0ccd\u0cb3\u0cc1\u0cb5 \u0cb0\u0cc0\u0ca4\u0cbf\u0caf\u0ca8\u0ccd\u0ca8\u0cc1 \u0c9c\u0cbe\u0c97\u0ccd\u0cb0\u0ca4\u0cc6\u0caf\u0cbf\u0c82\u0ca6 \u0ca8\u0ccb\u0ca1\u0cbf\u0c95\u0cca\u0cb3\u0ccd\u0cb3\u0cbf\u0cb0\u0cbf. \u0c9c\u0ccd\u0c9e\u0cbe\u0ca8\u0cb5\u0cbf\u0cb2\u0ccd\u0cb2\u0ca6\u0cb5\u0cb0\u0cbe\u0c97\u0cbf \u0cb0\u0ca6\u0cc6 \u0c9c\u0ccd\u0c9e\u0cbe\u0ca8\u0cb5\u0c82\u0ca4\u0cb0\u0cbe\u0c97\u0cbf\u0cb0\u0ccd\u0cb0\u0cbf."},{"Verseid":"48004015","Verse":"\u0ca6\u0cbf\u0ca8\u0c97\u0cb3\u0cc1 \u0c95\u0cc6\u0c9f\u0ccd\u0c9f\u0cb5\u0cc1\u0c97\u0cb3\u0cbe\u0c97\u0cbf\u0cb0\u0cc1 \u0cb5\u0ca6\u0cb0\u0cbf\u0c82\u0ca6 \u0c95\u0cbe\u0cb2\u0cb5\u0ca8\u0ccd\u0ca8\u0cc1 \u0cb8\u0cc1\u0cae\u0ccd\u0cae\u0ca8\u0cc6 \u0c95\u0cb3\u0cc6\u0caf\u0ca6\u0cc6 \u0c89\u0caa\u0caf\u0ccb\u0c97\u0cbf \u0cb8\u0cbf\u0c95\u0cca\u0cb3\u0ccd\u0cb3\u0cbf\u0cb0\u0cbf."},{"Verseid":"48004016","Verse":"\u0cac\u0cc1\u0ca6\u0ccd\u0ca6\u0cbf\u0cb9\u0cc0\u0ca8\u0cb0\u0cbe\u0c97\u0cbf \u0ca8\u0ca1\u0cc6\u0caf\u0ca6\u0cc6 \u0c95\u0cb0\u0ccd\u0ca4\u0ca8 \u0c9a\u0cbf\u0ca4\u0ccd\u0ca4\u0cb5\u0cc7\u0ca8\u0cc6\u0c82\u0cac\u0ca6\u0ca8\u0ccd\u0ca8\u0cc1 \u0cb5\u0cbf\u0c9a\u0cbe\u0cb0\u0cbf\u0cb8\u0cbf \u0ca4\u0cbf\u0cb3\u0cbf\u0ca6\u0cb5\u0cb0\u0cbe\u0c97\u0cbf\u0cb0\u0ccd\u0cb0\u0cbf."},{"Verseid":"48004017","Verse":"\u0cae\u0ca6\u0ccd\u0caf\u0caa\u0cbe\u0ca8 \u0cae\u0cbe\u0ca1\u0cbf \u0cae\u0ca4\u0ccd\u0ca4\u0cb0\u0cbe\u0c97\u0cac\u0cc7\u0ca1\u0cbf\u0cb0\u0cbf, \u0caf\u0cbe\u0c95\u0c82\u0ca6\u0cb0\u0cc6 \u0c85\u0ca6\u0cb0\u0cbf\u0c82\u0ca6 \u0caa\u0c9f\u0cbf\u0c82\u0c97\u0ca4\u0ca8\u0cb5\u0cc1 \u0cb9\u0cc1\u0c9f\u0ccd\u0c9f\u0cc1\u0ca4\u0ccd\u0ca4\u0ca6\u0cc6. \u0caa\u0cb5\u0cbf\u0ca4\u0ccd\u0cb0\u0cbe\u0ca4\u0ccd\u0cae\u0ca8\u0cbf\u0c82\u0ca6 \u0ca4\u0cc1\u0c82\u0cac\u0cbf\u0ca6\u0cb5\u0cb0\u0cbe\u0c97\u0cbf\u0cb0\u0ccd\u0cb0\u0cbf."},{"Verseid":"48004018","Verse":"\u0c95\u0cc0\u0cb0\u0ccd\u0ca4\u0ca8\u0cc6\u0c97\u0cb3\u0cbf\u0c82\u0ca6\u0cb2\u0cc2 \u0cb8\u0c82\u0c97\u0cc0\u0ca4 \u0c97\u0cb3\u0cbf\u0c82\u0ca6\u0cb2\u0cc2 \u0c86\u0ca4\u0ccd\u0cae\u0cb8\u0c82\u0cac\u0c82\u0ca7\u0cb5\u0cbe\u0ca6 \u0cb9\u0cbe\u0ca1\u0cc1\u0c97\u0cb3\u0cbf\u0c82\u0ca6\u0cb2\u0cc2 \u0ca8\u0cbf\u0cae\u0c97\u0cc6 \u0ca8\u0cc0\u0cb5\u0cc7 \u0cae\u0cbe\u0ca4\u0ca8\u0cbe\u0ca1\u0cbf\u0c95\u0cca\u0cb3\u0ccd\u0cb3\u0cc1\u0ca4\u0ccd\u0ca4\u0cbe \u0ca8\u0cbf\u0cae\u0ccd\u0cae \u0cb9\u0cc3\u0ca6\u0caf\u0ca6\u0cb2\u0ccd\u0cb2\u0cbf \u0c95\u0cb0\u0ccd\u0ca4\u0ca8\u0cbf\u0c97\u0cc6 \u0c97\u0cbe\u0ca8\u0cae\u0cbe\u0ca1\u0cc1\u0ca4\u0ccd\u0ca4\u0cbe \u0c87\u0c82\u0caa\u0cbe\u0c97\u0cbf \u0cb9\u0cbe\u0ca1\u0cc1\u0ca4\u0ccd\u0ca4\u0cbe \u0c87\u0cb0\u0ccd\u0cb0\u0cbf."},{"Verseid":"48004019","Verse":"\u0caf\u0cbe\u0cb5\u0cbe\u0c97\u0cb2\u0cc2 \u0c8e\u0cb2\u0ccd\u0cb2\u0cbe \u0c95\u0cbe\u0cb0\u0ccd\u0caf\u0c97\u0cb3\u0cbf \u0c97\u0ccb\u0cb8\u0ccd\u0c95\u0cb0 \u0ca8\u0cae\u0ccd\u0cae \u0c95\u0cb0\u0ccd\u0ca4\u0ca8\u0cbe\u0ca6 \u0caf\u0cc7\u0cb8\u0cc1 \u0c95\u0ccd\u0cb0\u0cbf\u0cb8\u0ccd\u0ca4\u0ca8 \u0cb9\u0cc6\u0cb8\u0cb0\u0cbf\u0ca8\u0cb2\u0ccd\u0cb2\u0cbf \u0ca4\u0c82\u0ca6\u0cc6\u0caf\u0cbe\u0ca6 \u0ca6\u0cc7\u0cb5\u0cb0\u0cbf\u0c97\u0cc6 \u0cb8\u0ccd\u0ca4\u0ccb\u0ca4\u0ccd\u0cb0 \u0cae\u0cbe\u0ca1\u0cc1\u0ca4\u0ccd\u0ca4\u0cbe \u0c87\u0cb0\u0ccd\u0cb0\u0cbf."},{"Verseid":"48004020","Verse":"\u0c87\u0ca6\u0cb2\u0ccd\u0cb2\u0ca6\u0cc6 \u0ca6\u0cc7\u0cb5\u0cb0\u0cbf\u0c97\u0cc6 \u0cad\u0caf\u0caa\u0ca1\u0cc1\u0cb5\u0cb5\u0cb0\u0cbe\u0c97\u0cbf\u0ca6\u0ccd\u0ca6\u0cc1 \u0c92\u0cac\u0ccd\u0cac\u0cb0\u0cbf \u0c97\u0cca\u0cac\u0ccd\u0cac\u0cb0\u0cc1 \u0cb5\u0cbf\u0ca7\u0cc7\u0caf\u0cb0\u0cbe\u0c97\u0cbf \u0ca8\u0ca1\u0cc6\u0ca6\u0cc1\u0c95\u0cca\u0cb3\u0ccd\u0cb3\u0cbf\u0cb0\u0cbf."},{"Verseid":"48004021","Verse":"\u0cb8\u0ccd\u0ca4\u0ccd\u0cb0\u0cc0\u0caf\u0cb0\u0cc7, \u0ca8\u0cc0\u0cb5\u0cc1 \u0c95\u0cb0\u0ccd\u0ca4\u0ca8\u0cbf\u0c97\u0cc6 \u0cb9\u0cc7\u0c97\u0ccb \u0cb9\u0cbe\u0c97\u0cc6\u0caf\u0cc7 \u0ca8\u0cbf\u0cae\u0ccd\u0cae\u0ca8\u0cbf\u0cae\u0ccd\u0cae \u0c97\u0c82\u0ca1\u0c82\u0ca6\u0cbf\u0cb0\u0cbf\u0c97\u0cc6 \u0c85\u0ca7\u0cc0\u0ca8\u0cb0\u0cbe\u0c97\u0cbf\u0cb0\u0ccd\u0cb0\u0cbf."},{"Verseid":"48004022","Verse":"\u0c95\u0ccd\u0cb0\u0cbf\u0cb8\u0ccd\u0ca4\u0ca8\u0cc1 \u0cb8\u0cad\u0cc6\u0c97\u0cc6 \u0ca4\u0cb2\u0cc6\u0caf\u0cbe\u0c97\u0cbf\u0cb0\u0cc1\u0cb5 \u0caa\u0ccd\u0cb0\u0c95\u0cbe\u0cb0\u0cb5\u0cc7 \u0c97\u0c82\u0ca1\u0ca8\u0cc1 \u0cb9\u0cc6\u0c82\u0ca1\u0ca4\u0cbf\u0c97\u0cc6 \u0ca4\u0cb2\u0cc6\u0caf\u0cbe\u0c97\u0cbf\u0ca6\u0ccd\u0ca6\u0cbe\u0ca8\u0cc6. \u0c86\u0ca4\u0ca8\u0cc1 (\u0c95\u0ccd\u0cb0\u0cbf\u0cb8\u0ccd\u0ca4\u0ca8\u0cc1) \u0ca6\u0cc7\u0cb9\u0c95\u0ccd\u0c95\u0cc6 \u0cb0\u0c95\u0ccd\u0cb7\u0c95 \u0ca8\u0cbe\u0c97\u0cbf\u0ca6\u0ccd\u0ca6\u0cbe\u0ca8\u0cc6,"},{"Verseid":"48004023","Verse":"\u0c86\u0ca6\u0ca6\u0cb0\u0cbf\u0c82\u0ca6 \u0cb8\u0cad\u0cc6\u0caf\u0cc1 \u0c95\u0ccd\u0cb0\u0cbf\u0cb8\u0ccd\u0ca4\u0ca8\u0cbf\u0c97\u0cc6 \u0cb9\u0cc7\u0c97\u0cc6 \u0c85\u0ca7\u0cc0\u0ca8\u0cb5\u0cbe\u0c97\u0cbf\u0ca6\u0cc6\u0caf\u0ccb \u0cb9\u0cbe\u0c97\u0cc6\u0caf\u0cc7 \u0cb8\u0ccd\u0ca4\u0ccd\u0cb0\u0cc0\u0caf\u0cb0\u0cc1 \u0ca4\u0cae\u0ccd\u0cae\u0ca4\u0cae\u0ccd\u0cae \u0c97\u0c82\u0ca1\u0c82\u0ca6\u0cbf\u0cb0\u0cbf\u0c97\u0cc6 \u0c8e\u0cb2\u0ccd\u0cb2\u0cbe \u0cb5\u0cbf\u0cb7\u0caf\u0c97\u0cb3\u0cb2\u0ccd\u0cb2\u0cbf \u0c85\u0ca7\u0cc0\u0ca8 \u0cb0\u0cbe\u0c97\u0cbf\u0cb0\u0cac\u0cc7\u0c95\u0cc1."},{"Verseid":"48004024","Verse":"\u0caa\u0cc1\u0cb0\u0cb7\u0cb0\u0cc7, \u0ca8\u0cc0\u0cb5\u0cc1 \u0ca8\u0cbf\u0cae\u0ccd\u0cae\u0ca8\u0cbf\u0cae\u0ccd\u0cae \u0cb9\u0cc6\u0c82\u0ca1\u0ca4\u0cbf\u0caf\u0cb0\u0ca8\u0ccd\u0ca8\u0cc1 \u0caa\u0ccd\u0cb0\u0cc0\u0ca4\u0cbf\u0cb8\u0cbf\u0cb0\u0cbf, \u0caf\u0cbe\u0c95\u0c82\u0ca6\u0cb0\u0cc6 \u0c95\u0ccd\u0cb0\u0cbf\u0cb8\u0ccd\u0ca4\u0ca8\u0cc1 \u0cb8\u0cb9 \u0cb8\u0cad\u0cc6\u0caf\u0ca8\u0ccd\u0ca8\u0cc1 \u0caa\u0ccd\u0cb0\u0cc0\u0ca4\u0cbf\u0cb8\u0cbf \u0c85\u0ca6\u0c95\u0ccd\u0c95\u0cbe\u0c97\u0cbf \u0ca4\u0ca8\u0ccd\u0ca8\u0ca8\u0ccd\u0ca8\u0cc1 \u0ca4\u0cbe\u0ca8\u0cc7 \u0c92\u0caa\u0ccd\u0caa\u0cbf\u0cb8\u0cbf\u0c95\u0cca\u0c9f\u0ccd\u0c9f\u0ca8\u0cc1."},{"Verseid":"48004025","Verse":"\u0c86\u0ca4\u0ca8\u0cc1 \u0c85\u0ca6\u0ca8\u0ccd\u0ca8\u0cc1 \u0cb5\u0cbe\u0c95\u0ccd\u0caf\u0cb5\u0cc6\u0c82\u0cac \u0ca8\u0cc0\u0cb0\u0cbf\u0ca8\u0cbf\u0c82\u0ca6 \u0ca4\u0cca\u0cb3\u0cc6\u0ca6\u0cc1 \u0caa\u0ccd\u0cb0\u0ca4\u0cbf\u0cb7\u0ccd\u0ca0\u0cbf\u0cb8\u0cbf \u0cb6\u0cc1\u0ca6\u0ccd\u0ca7 \u0cae\u0cbe\u0ca1\u0cbf\u0ca6\u0ccd\u0ca6\u0cb2\u0ccd\u0cb2\u0ca6\u0cc6"},{"Verseid":"48004026","Verse":"\u0c85\u0ca6\u0ca8\u0ccd\u0ca8\u0cc1 \u0c95\u0cb3\u0c82\u0c95 \u0cb8\u0cc1\u0c95\u0ccd\u0c95\u0cc1 \u0c87\u0c82\u0ca5\u0cbe\u0ca6\u0ccd\u0ca6\u0cc1 \u0caf\u0cbe\u0cb5\u0ca6\u0cc2 \u0c87\u0cb2\u0ccd\u0cb2\u0ca6\u0cc6 \u0caa\u0cb0\u0cbf\u0cb6\u0cc1\u0ca6\u0ccd\u0ca7\u0cb5\u0cc2 \u0ca6\u0ccb\u0cb7\u0cb5\u0cbf\u0cb2\u0ccd\u0cb2\u0ca6\u0ccd\u0ca6\u0cc2 \u0c86\u0c97\u0cbf\u0cb0\u0cc1\u0cb5 \u0cae\u0cb9\u0cbf\u0cae\u0cc6\u0caf\u0cc1\u0cb3\u0ccd\u0cb3 \u0cb8\u0cad\u0cc6\u0caf \u0ca8\u0ccd\u0ca8\u0cbe\u0c97\u0cbf \u0ca4\u0ca8\u0c97\u0cc6 \u0ca4\u0cbe\u0ca8\u0cc7 \u0cb8\u0cae\u0cb0\u0ccd\u0caa\u0cbf\u0cb8\u0cbf\u0c95\u0cca\u0cb3\u0ccd\u0cb3\u0cac\u0cc7\u0c95\u0cc6\u0c82\u0ca6\u0cbf\u0ca6\u0ccd\u0ca6\u0cbe\u0ca8\u0cc6."},{"Verseid":"48004027","Verse":"\u0cb9\u0cbe\u0c97\u0cc6\u0caf\u0cc7 \u0caa\u0cc1\u0cb0\u0cc1\u0cb7\u0cb0\u0cc1 \u0cb8\u0cb9 \u0cb8\u0ccd\u0cb5\u0c82\u0ca4 \u0cb6\u0cb0\u0cc0\u0cb0\u0cb5\u0ca8\u0ccd\u0ca8\u0cc1 \u0caa\u0ccd\u0cb0\u0cc0\u0ca4\u0cbf\u0cb8\u0cbf\u0c95\u0cca\u0cb3\u0ccd\u0cb3\u0cc1\u0cb5 \u0caa\u0ccd\u0cb0\u0c95\u0cbe\u0cb0\u0cb5\u0cc7 \u0ca4\u0cae\u0ccd\u0cae \u0cb9\u0cc6\u0c82\u0ca1\u0ca4\u0cbf\u0caf\u0cb0\u0ca8\u0ccd\u0ca8\u0cc1 \u0caa\u0ccd\u0cb0\u0cc0\u0ca4\u0cbf\u0cb8\u0cc1\u0cb5 \u0cb9\u0c82\u0c97\u0cbf\u0ca8\u0cb5\u0cb0\u0cbe\u0c97\u0cbf\u0ca6\u0ccd\u0ca6\u0cbe\u0cb0\u0cc6. \u0ca4\u0ca8\u0ccd\u0ca8 \u0cb9\u0cc6\u0c82\u0ca1\u0ca4\u0cbf\u0caf\u0ca8\u0ccd\u0ca8\u0cc1 \u0caa\u0ccd\u0cb0\u0cc0\u0ca4\u0cbf\u0cb8\u0cc1\u0cb5\u0cb5\u0ca8\u0cc1 \u0ca4\u0ca8\u0ccd\u0ca8\u0ca8\u0ccd\u0ca8\u0cc6 \u0caa\u0ccd\u0cb0\u0cc0\u0ca4\u0cbf\u0cb8\u0cbf\u0c95\u0cca\u0cb3\u0ccd\u0cb3\u0cc1\u0cb5\u0ca8\u0cbe\u0c97\u0cbf\u0ca6\u0ccd\u0ca6\u0cbe\u0ca8\u0cc6."},{"Verseid":"48004028","Verse":"\u0caf\u0cbe\u0cb0\u0cc2 \u0c8e\u0c82\u0ca6\u0cc2 \u0cb8\u0ccd\u0cb5\u0cb6\u0cb0\u0cc0\u0cb0\u0cb5\u0ca8\u0ccd\u0ca8\u0cc1 \u0cb9\u0c97\u0cc6\u0cae\u0cbe\u0ca1\u0cbf\u0ca6\u0ccd\u0ca6\u0cbf\u0cb2\u0ccd\u0cb2. \u0c86\u0ca6\u0cb0\u0cc6 \u0c85\u0ca6\u0ca8\u0ccd\u0ca8\u0cc1 \u0caa\u0ccb\u0cb7\u0cbf\u0cb8\u0cbf \u0cb8\u0c82\u0cb0\u0c95\u0ccd\u0cb7\u0cbf\u0cb8\u0cc1\u0cb5 \u0caa\u0ccd\u0cb0\u0c95\u0cbe\u0cb0 \u0c95\u0cb0\u0ccd\u0ca4\u0ca8\u0cc1 \u0cb8\u0cad\u0cc6\u0caf\u0ca8\u0ccd\u0ca8\u0cc1 \u0caa\u0ccb\u0cb7\u0cbf\u0cb8\u0cbf \u0cb8\u0c82\u0cb0\u0c95\u0ccd\u0cb7\u0cbf\u0cb8\u0cc1\u0cb5\u0cbe\u0ca4\u0ca8\u0cbe\u0c97\u0cbf\u0ca6\u0ccd\u0ca6\u0cbe\u0ca8\u0cc6."},{"Verseid":"48004029","Verse":"\u0ca8\u0cbe\u0cb5\u0cc1 \u0c86\u0ca4\u0ca8 \u0ca6\u0cc7\u0cb9\u0ca6 \u0c85\u0c82\u0c97\u0c97\u0cb3\u0cc2 \u0cae\u0cbe\u0c82\u0cb8\u0cb5\u0cc2 \u0c8e\u0cb2\u0cc1\u0cac\u0cc1\u0c97\u0cb3\u0cc2 \u0c86\u0c97\u0cbf\u0ca6\u0ccd\u0ca6\u0cc7\u0cb5\u0cc6."},{"Verseid":"48004030","Verse":"\u0c87\u0ca6\u0cb0 \u0ca8\u0cbf\u0cae\u0cbf\u0ca4\u0ccd\u0ca4\u0ca6\u0cbf\u0c82\u0ca6 \u0caa\u0cc1\u0cb0\u0cc1\u0cb7\u0ca8\u0cc1 \u0ca4\u0c82\u0ca6\u0cc6\u0ca4\u0cbe\u0caf\u0cbf\u0c97\u0cb3\u0ca8\u0ccd\u0ca8\u0cc1 \u0cac\u0cbf\u0c9f\u0ccd\u0c9f\u0cc1 \u0ca4\u0ca8\u0ccd\u0ca8 \u0cb9\u0cc6\u0c82\u0ca1\u0ca4\u0cbf \u0caf\u0ca8\u0ccd\u0ca8\u0cc1 \u0cb8\u0cc7\u0cb0\u0cbf\u0c95\u0cca\u0cb3\u0ccd\u0cb3\u0cc1\u0cb5\u0ca8\u0cc1; \u0c85\u0cb5\u0cb0\u0cbf\u0cac\u0ccd\u0cac\u0cb0\u0cc2 \u0c92\u0c82\u0ca6\u0cc7 \u0cb6\u0cb0\u0cc0\u0cb0\u0cb5\u0cbe\u0c97\u0cbf\u0cb0\u0cc1\u0cb5\u0cb0\u0cc1."},{"Verseid":"48004031","Verse":"\u0c87\u0ca6\u0cca\u0c82\u0ca6\u0cc1 \u0ca6\u0cca\u0ca1\u0ccd\u0ca1 \u0cae\u0cb0\u0ccd\u0cae\u0cb5\u0cc7; \u0c86\u0ca6\u0cb0\u0cc6 \u0ca8\u0cbe\u0ca8\u0cc1 \u0c95\u0ccd\u0cb0\u0cbf\u0cb8\u0ccd\u0ca4\u0ca8 \u0cb5\u0cbf\u0cb7\u0caf\u0cb5\u0cbe\u0c97\u0cbf\u0caf\u0cc2 \u0cb8\u0cad\u0cc6\u0caf \u0cb5\u0cbf\u0cb7\u0caf\u0cb5\u0cbe\u0c97\u0cbf\u0caf\u0cc2 \u0cae\u0cbe\u0ca4\u0ca8\u0cbe\u0ca1\u0cc1\u0ca4\u0ccd\u0ca4\u0cc7\u0ca8\u0cc6."},{"Verseid":"48004032","Verse":"\u0c86\u0ca6\u0cbe\u0c97\u0ccd\u0caf\u0cc2 \u0ca8\u0cbf\u0cae\u0ccd\u0cae\u0cb2\u0ccd\u0cb2\u0cbf \u0caa\u0ccd\u0cb0\u0ca4\u0cbf \u0caa\u0cc1\u0cb0\u0cc1\u0cb7\u0ca8\u0cc1 \u0ca4\u0ca8\u0ccd\u0ca8\u0ca8\u0ccd\u0ca8\u0cc1 \u0caa\u0ccd\u0cb0\u0cc0\u0ca4\u0cbf\u0cb8\u0cbf\u0c95\u0cca\u0cb3\u0ccd\u0cb3\u0cc1\u0cb5\u0c82\u0ca4\u0cc6\u0caf\u0cc7 \u0ca4\u0ca8\u0ccd\u0ca8 \u0cb9\u0cc6\u0c82\u0ca1\u0ca4\u0cbf\u0caf\u0ca8\u0ccd\u0ca8\u0cc2 \u0caa\u0ccd\u0cb0\u0cc0\u0ca4\u0cbf\u0cb8\u0cac\u0cc7\u0c95\u0cc1; \u0caa\u0ccd\u0cb0\u0ca4\u0cbf \u0cb8\u0ccd\u0ca4\u0ccd\u0cb0\u0cc0\u0caf\u0cc1 \u0ca4\u0ca8\u0ccd\u0ca8 \u0c97\u0c82\u0ca1\u0ca8\u0ca8\u0ccd\u0ca8\u0cc1 \u0c97\u0ccc\u0cb0\u0cb5\u0cbf\u0cb8\u0cc1\u0cb5\u0cb5\u0cb3\u0cbe\u0c97\u0cbf \u0ca8\u0ca1\u0cc6\u0ca6\u0cc1\u0c95\u0cca\u0cb3\u0ccd\u0cb3\u0cac\u0cc7\u0c95\u0cc1."}]},{"Verse":[{"Verseid":"48005000","Verse":"\u0cae\u0c95\u0ccd\u0c95\u0cb3\u0cc7, \u0ca8\u0cc0\u0cb5\u0cc1 \u0c95\u0cb0\u0ccd\u0ca4\u0ca8\u0cb2\u0ccd\u0cb2\u0cbf \u0ca8\u0cbf\u0cae\u0ccd\u0cae \u0ca4\u0c82\u0ca6\u0cc6 \u0ca4\u0cbe\u0caf\u0cbf\u0c97\u0cb3\u0cbf\u0c97\u0cc6 \u0cb5\u0cbf\u0ca7\u0cc7\u0caf\u0cb0\u0cbe\u0c97\u0cbf\u0cb0\u0ccd\u0cb0\u0cbf; \u0c87\u0ca6\u0cc1 \u0ca8\u0ccd\u0caf\u0cbe\u0caf\u0cb5\u0cbe\u0ca6\u0ca6\u0ccd\u0ca6\u0cc1."},{"Verseid":"48005001","Verse":"\u0ca8\u0cbf\u0ca8\u0ccd\u0ca8 \u0ca4\u0c82\u0ca6\u0cc6\u0caf\u0ca8\u0ccd\u0ca8\u0cc2 \u0ca4\u0cbe\u0caf\u0cbf\u0caf\u0ca8\u0ccd\u0ca8\u0cc2 \u0cb8\u0ca8\u0ccd\u0cae\u0cbe\u0ca8\u0cbf\u0cb8\u0cac\u0cc7\u0c95\u0cc1, \u0c87\u0ca6\u0cc1 \u0cb5\u0cbe\u0c97\u0ccd\u0ca6\u0cbe\u0ca8\u0cb8\u0cb9\u0cbf\u0ca4\u0cb5\u0cbe\u0ca6 \u0cae\u0cca\u0ca6\u0cb2\u0ca8\u0cc7 \u0c86\u0c9c\u0ccd\u0c9e\u0cc6\u0caf\u0cbe\u0c97\u0cbf\u0ca6\u0cc6."},{"Verseid":"48005002","Verse":"\u0cb8\u0ca8\u0ccd\u0cae\u0cbe\u0ca8\u0cbf\u0cb8\u0cbf\u0ca6\u0cb0\u0cc6 \u0ca8\u0cbf\u0ca8\u0c97\u0cc6 \u0cae\u0cc7\u0cb2\u0cbe\u0c97\u0cc1\u0cb5\u0ca6\u0cc1, \u0ca8\u0cc0\u0ca8\u0cc1 \u0cad\u0cc2\u0cae\u0cbf\u0caf \u0cae\u0cc7\u0cb2\u0cc6 \u0cac\u0cb9\u0cc1 \u0c95\u0cbe\u0cb2 \u0cac\u0ca6\u0cc1\u0c95\u0cc1\u0cb5\u0cbf."},{"Verseid":"48005003","Verse":"\u0ca4\u0c82\u0ca6\u0cc6\u0c97\u0cb3\u0cc7, \u0ca8\u0cbf\u0cae\u0ccd\u0cae \u0cae\u0c95\u0ccd\u0c95\u0cb3\u0cbf\u0c97\u0cc6 \u0c95\u0ccb\u0caa\u0cb5\u0ca8\u0ccd\u0ca8\u0cc6\u0cac\u0ccd\u0cac\u0cbf\u0cb8\u0ca6\u0cc6 \u0c95\u0cb0\u0ccd\u0ca4\u0ca8 \u0cb6\u0cbf\u0c95\u0ccd\u0cb7\u0cc6\u0caf\u0cb2\u0ccd\u0cb2\u0cbf\u0caf\u0cc2 \u0c89\u0caa\u0ca6\u0cc7\u0cb6\u0ca6\u0cb2\u0ccd\u0cb2\u0cbf\u0caf\u0cc2 \u0c85\u0cb5\u0cb0\u0ca8\u0ccd\u0ca8\u0cc1 \u0cac\u0cc6\u0cb3\u0cc6\u0cb8\u0cbf\u0cb0\u0cbf."},{"Verseid":"48005004","Verse":"\u0cb8\u0cc7\u0cb5\u0c95\u0cb0\u0cc7, \u0cb6\u0cbe\u0cb0\u0cc0\u0cb0\u0c95\u0ccd\u0c95\u0ca8\u0cc1\u0cb8\u0cbe\u0cb0\u0cb5\u0cbe\u0c97\u0cbf \u0ca8\u0cbf\u0cae\u0ccd\u0cae \u0caf\u0c9c \u0cae\u0cbe\u0ca8\u0cb0\u0cbe\u0c97\u0cbf\u0cb0\u0cc1\u0cb5\u0cb5\u0cb0\u0cbf\u0c97\u0cc6 \u0c95\u0ccd\u0cb0\u0cbf\u0cb8\u0ccd\u0ca4\u0ca8\u0cbf\u0c97\u0cc6\u0c82\u0ca6\u0cc1 \u0cb9\u0cc3\u0ca6\u0caf \u0caa\u0cc2\u0cb0\u0ccd\u0cb5\u0c95\u0cb5\u0cbe\u0c97\u0cbf \u0ca8\u0ca1\u0cc1\u0c97\u0cc1\u0ca4\u0ccd\u0ca4\u0cbe \u0cb5\u0cbf\u0ca7\u0cc7\u0caf\u0cb0\u0cbe\u0c97\u0cbf\u0cb0\u0ccd\u0cb0\u0cbf."},{"Verseid":"48005005","Verse":"\u0cae\u0ca8\u0cc1\u0cb7\u0ccd\u0caf\u0cb0\u0ca8\u0ccd\u0ca8\u0cc1 \u0cae\u0cc6\u0c9a\u0ccd\u0c9a\u0cbf\u0cb8\u0cc1\u0cb5\u0cb5\u0cb0\u0cc1 \u0cae\u0cbe\u0ca1\u0cc1\u0cb5 \u0caa\u0ccd\u0cb0\u0c95\u0cbe\u0cb0 \u0c95\u0ca3\u0ccd\u0ca3\u0cbf\u0c97\u0cc6 \u0c95\u0cbe\u0ca3\u0cc1\u0cb5\u0cbe\u0c97 \u0cae\u0cbe\u0ca4\u0ccd\u0cb0 \u0cb8\u0cc7\u0cb5\u0cc6 \u0cae\u0cbe\u0ca1\u0ca6\u0cc6 \u0c95\u0ccd\u0cb0\u0cbf\u0cb8\u0ccd\u0ca4\u0ca8 \u0ca6\u0cbe\u0cb8\u0cb0\u0cbf\u0c97\u0cc6 \u0ca4\u0c95\u0ccd\u0c95 \u0cb9\u0cbe\u0c97\u0cc6 \u0ca6\u0cc7\u0cb5\u0cb0 \u0c9a\u0cbf\u0ca4\u0ccd\u0ca4\u0cb5\u0ca8\u0ccd\u0ca8\u0cc1 \u0cb9\u0cc3\u0ca6\u0caf \u0caa\u0cc2\u0cb0\u0ccd\u0cb5\u0c95\u0cb5\u0cbe\u0c97\u0cbf \u0ca8\u0ca1\u0cbf\u0cb8\u0cbf\u0cb0\u0cbf."},{"Verseid":"48005006","Verse":"\u0cae\u0ca8\u0cc1\u0cb7\u0ccd\u0caf\u0cb0\u0cbf\u0c97\u0ccb\u0cb8\u0ccd\u0c95\u0cb0\u0cb5\u0cb2\u0ccd\u0cb2, \u0c95\u0cb0\u0ccd\u0ca4\u0ca8\u0cbf\u0c97\u0ccb\u0cb8\u0ccd\u0c95\u0cb0 \u0cb8\u0cc7\u0cb5\u0cc6 \u0cae\u0cbe\u0ca1\u0cc1\u0ca4\u0ccd\u0ca4\u0cc7\u0cb5\u0cc6\u0c82\u0ca6\u0cc1 \u0c92\u0cb3\u0ccd\u0cb3\u0cc7 \u0cae\u0ca8\u0cb8\u0ccd\u0cb8\u0cbf\u0ca8\u0cbf\u0c82\u0ca6 \u0cb8\u0cc7\u0cb5\u0cc6\u0cae\u0cbe\u0ca1\u0cbf\u0cb0\u0cbf."},{"Verseid":"48005007","Verse":"\u0c92\u0cac\u0ccd\u0cac\u0ca8\u0cc1 \u0ca6\u0cbe\u0cb8\u0ca8\u0cbe\u0c97\u0cb2\u0cbf \u0cb8\u0ccd\u0cb5\u0ca4\u0c82\u0ca4\u0ccd\u0cb0\u0ca8\u0cbe\u0c97\u0cb2\u0cbf \u0ca4\u0cbe\u0ca8\u0cc1 \u0caf\u0cbe\u0cb5 \u0cb8\u0ca4\u0ccd\u0c95\u0cbe\u0cb0\u0ccd\u0caf\u0cb5\u0ca8\u0ccd\u0ca8\u0cc1 \u0cae\u0cbe\u0ca1\u0cc1\u0ca4\u0ccd\u0ca4\u0cbe\u0ca8\u0ccb \u0c85\u0ca6\u0cb0 \u0caa\u0ccd\u0cb0\u0ca4\u0cbf\u0cab\u0cb2\u0cb5\u0ca8\u0ccd\u0ca8\u0cc1 \u0c95\u0cb0\u0ccd\u0ca4\u0ca8\u0cbf\u0c82\u0ca6 \u0cb9\u0cca\u0c82\u0ca6\u0cc1\u0cb5\u0ca8\u0cc6\u0c82\u0cac\u0ca6\u0ca8\u0ccd\u0ca8\u0cc1 \u0ca8\u0cc0\u0cb5\u0cc1 \u0ca4\u0cbf\u0cb3\u0cbf\u0ca6\u0cb5\u0cb0\u0cbe\u0c97\u0cbf\u0caf\u0cc7 \u0c87\u0ca6\u0ccd\u0ca6\u0cc0\u0cb0\u0cbf."},{"Verseid":"48005008","Verse":"\u0caf\u0c9c\u0cae\u0cbe\u0ca8\u0cb0\u0cc7, \u0ca8\u0cc0\u0cb5\u0cc1 \u0c85\u0ca6\u0cc7 \u0cb0\u0cc0\u0ca4\u0cbf\u0caf\u0cbe\u0c97\u0cbf \u0cae\u0cbe\u0ca1\u0cbf\u0cb0\u0cbf. \u0caa\u0cb0\u0cb2\u0ccb\u0c95\u0ca6\u0cb2\u0ccd\u0cb2\u0cbf \u0ca8\u0cbf\u0cae\u0ccd\u0cae \u0caf\u0c9c\u0cae\u0cbe\u0ca8\u0ca8\u0cbe\u0c97\u0cbf\u0cb0\u0cc1 \u0cb5\u0cbe\u0ca4\u0ca8\u0cbf\u0ca6\u0ccd\u0ca6\u0cbe\u0ca8\u0cc6\u0c82\u0ca4\u0cb2\u0cc2 \u0c86\u0ca4\u0ca8\u0cb2\u0ccd\u0cb2\u0cbf \u0caa\u0c95\u0ccd\u0cb7\u0caa\u0cbe\u0ca4\u0cb5\u0cbf\u0cb2\u0ccd\u0cb2\u0cb5\u0cc6\u0c82\u0ca4\u0cb2\u0cc2 \u0ca4\u0cbf\u0cb3\u0cbf\u0ca6\u0cc1 \u0c85\u0cb5\u0cb0\u0ca8\u0ccd\u0ca8\u0cc1 \u0cac\u0cc6\u0ca6\u0cb0\u0cbf\u0cb8\u0cc1\u0cb5\u0ca6\u0ca8\u0ccd\u0ca8\u0cc1 \u0cac\u0cbf\u0c9f\u0ccd\u0c9f\u0cc1\u0cac\u0cbf\u0ca1\u0cbf\u0cb0\u0cbf."},{"Verseid":"48005009","Verse":"\u0c95\u0ca1\u0cc7\u0ca6\u0cbe\u0c97\u0cbf \u0ca8\u0ca8\u0ccd\u0ca8 \u0cb8\u0cb9\u0ccb\u0ca6\u0cb0\u0cb0\u0cc7, \u0c95\u0cb0\u0ccd\u0ca4\u0ca8\u0cb2\u0ccd\u0cb2\u0cbf\u0caf\u0cc2 \u0c86\u0ca4\u0ca8 \u0c85\u0ca4\u0ccd\u0caf\u0ca7\u0cbf\u0c95\u0cb5\u0cbe\u0ca6 \u0cb6\u0c95\u0ccd\u0ca4\u0cbf\u0caf\u0cb2\u0ccd\u0cb2\u0cbf\u0caf\u0cc2 \u0cac\u0cb2\u0c97\u0cca\u0cb3\u0ccd\u0cb3\u0cbf\u0cb0\u0cbf."},{"Verseid":"48005010","Verse":"\u0ca8\u0cc0\u0cb5\u0cc1 \u0cb8\u0cc8\u0ca4\u0cbe\u0ca8\u0ca8 \u0ca4\u0c82\u0ca4\u0ccd\u0cb0\u0ccb\u0caa\u0cbe\u0caf\u0c97\u0cb3\u0ca8\u0ccd\u0ca8\u0cc1 \u0c8e\u0ca6\u0cc1\u0cb0\u0cbf\u0cb8\u0cbf \u0ca8\u0cbf\u0cb2\u0ccd\u0cb2\u0cc1\u0cb5\u0ca6\u0c95\u0ccd\u0c95\u0cc6 \u0cb6\u0c95\u0ccd\u0ca4\u0cb0\u0cbe\u0c97\u0cc1\u0cb5\u0c82\u0ca4\u0cc6 \u0ca6\u0cc7\u0cb5\u0cb0 \u0cb8\u0cb0\u0ccd\u0cb5\u0cbe\u0caf\u0cc1\u0ca7 \u0c97\u0cb3\u0ca8\u0ccd\u0ca8\u0cc1 \u0ca7\u0cb0\u0cbf\u0cb8\u0cbf\u0c95\u0cca\u0cb3\u0ccd\u0cb3\u0cbf\u0cb0\u0cbf."},{"Verseid":"48005011","Verse":"\u0ca8\u0cbe\u0cb5\u0cc1 \u0cb9\u0ccb\u0cb0\u0cbe\u0ca1\u0cc1\u0cb5\u0ca6\u0cc1 \u0cae\u0ca8\u0cc1\u0cb7\u0ccd\u0caf\u0cae\u0cbe\u0ca4\u0ccd\u0cb0\u0ca6\u0cb5\u0cb0 \u0cb8\u0c82\u0c97\u0ca1\u0cb5\u0cb2\u0ccd\u0cb2; \u0cb0\u0cbe\u0c9c\u0ca4\u0ccd\u0cb5\u0c97\u0cb3 \u0cae\u0cc7\u0cb2\u0cc6\u0caf\u0cc2 \u0c85\u0ca7\u0cbf\u0c95\u0cbe\u0cb0\u0cbf\u0c97\u0cb3 \u0cae\u0cc7\u0cb2\u0cc6\u0caf\u0cc2 \u0c88 \u0cb2\u0ccb\u0c95\u0ca6 \u0c85\u0c82\u0ca7\u0c95\u0cbe\u0cb0\u0ca6 \u0c85\u0ca7\u0cbf\u0caa\u0ca4\u0cbf\u0c97\u0cb3 \u0cae\u0cc7\u0cb2\u0cc6\u0caf\u0cc2 \u0c86\u0c95\u0cbe\u0cb6\u0cae\u0c82\u0ca1\u0cb2\u0ca6\u0cb2\u0ccd\u0cb2\u0cbf\u0cb0\u0cc1\u0cb5 \u0ca6\u0cc1\u0cb0\u0cbe\u0ca4\u0ccd\u0cae\u0c97\u0cb3 \u0ca6\u0cc1\u0cb7\u0ccd\u0c9f\u0ca4\u0ca8\u0ca6 \u0cae\u0cc7\u0cb2\u0cc6\u0caf\u0cc2 \u0cb9\u0ccb\u0cb0\u0cbe\u0ca1\u0cc1\u0cb5\u0cb5\u0cb0\u0cbe\u0c97\u0cbf\u0ca6\u0ccd\u0ca6\u0cc7\u0cb5\u0cc6."},{"Verseid":"48005012","Verse":"\u0c86\u0ca6\u0ca6 \u0cb0\u0cbf\u0c82\u0ca6 \u0c95\u0cc6\u0c9f\u0ccd\u0c9f \u0ca6\u0cbf\u0ca8\u0ca6\u0cb2\u0ccd\u0cb2\u0cbf \u0ca8\u0cc0\u0cb5\u0cc1 \u0c85\u0cb5\u0cc1\u0c97\u0cb3\u0ca8\u0ccd\u0ca8\u0cc1 \u0c8e\u0ca6\u0cc1\u0cb0\u0cbf\u0cb8\u0cbf \u0cae\u0cbe\u0ca1\u0cac\u0cc7\u0c95\u0cbe\u0ca6\u0ca6\u0ccd\u0ca6\u0cc6\u0cb2\u0ccd\u0cb2\u0cb5\u0ca8\u0ccd\u0ca8\u0cc1 \u0cae\u0cbe\u0ca1\u0cbf \u0ca8\u0cbf\u0cb2\u0ccd\u0cb2\u0cb2\u0cc1 \u0cb6\u0c95\u0ccd\u0ca4\u0cb0\u0cbe\u0c97\u0cc1 \u0cb5\u0c82\u0ca4\u0cc6 \u0ca6\u0cc7\u0cb5\u0cb0 \u0cb8\u0cb0\u0ccd\u0cb5\u0cbe\u0caf\u0cc1\u0ca7\u0cb5\u0ca8\u0ccd\u0ca8\u0cc1 \u0ca8\u0cbf\u0cae\u0c97\u0cbe\u0c97\u0cbf \u0ca4\u0cc6\u0c97\u0cc6\u0ca6\u0cc1 \u0c95\u0cca\u0cb3\u0ccd\u0cb3\u0cbf\u0cb0\u0cbf."},{"Verseid":"48005013","Verse":"\u0cb8\u0ca4\u0ccd\u0caf\u0cb5\u0cc6\u0c82\u0cac \u0ca8\u0ca1\u0cc1\u0c95\u0c9f\u0ccd\u0c9f\u0ca8\u0ccd\u0ca8\u0cc1 \u0c95\u0c9f\u0ccd\u0c9f\u0cbf\u0c95\u0cca\u0c82\u0ca1\u0cc1 \u0ca8\u0cc0\u0ca4\u0cbf\u0caf\u0cc6\u0c82\u0cac \u0c8e\u0ca6\u0cc6\u0c95\u0cb5\u0c9a\u0cb5\u0ca8\u0ccd\u0ca8\u0cc1 \u0ca7\u0cb0\u0cbf\u0cb8\u0cbf\u0c95\u0cca\u0cb3\u0ccd\u0cb3\u0cbf\u0cb0\u0cbf.\u0cb8\u0cae\u0cbe\u0ca7\u0cbe\u0ca8\u0ca6 \u0cb5\u0cbf\u0cb7\u0caf\u0cb5\u0cbe\u0ca6 \u0cb8\u0cc1\u0cb5\u0cbe\u0cb0\u0ccd\u0ca4\u0cc6\u0caf\u0ca8\u0ccd\u0ca8\u0cc1 \u0ca4\u0cbf\u0cb3\u0cbf\u0cb8\u0cc1\u0cb5\u0ca6\u0cb0\u0cb2\u0ccd\u0cb2\u0cbf \u0cb8\u0cbf\u0ca6\u0ccd\u0ca7\u0cb5\u0cbe\u0ca6 \u0cae\u0ca8\u0cb8\u0ccd\u0cb8\u0cc6\u0c82\u0cac \u0c95\u0cc6\u0cb0\u0c97\u0cb3\u0ca8\u0ccd\u0ca8\u0cc1 \u0cae\u0cc6\u0c9f\u0ccd\u0c9f\u0cbf\u0c95\u0cca\u0c82\u0ca1\u0cc1 \u0ca8\u0cbf\u0cb2\u0ccd\u0cb2\u0cbf\u0cb0\u0cbf."},{"Verseid":"48005014","Verse":"\u0cb8\u0cae\u0cbe\u0ca7\u0cbe\u0ca8\u0ca6 \u0cb5\u0cbf\u0cb7\u0caf\u0cb5\u0cbe\u0ca6 \u0cb8\u0cc1\u0cb5\u0cbe\u0cb0\u0ccd\u0ca4\u0cc6\u0caf\u0ca8\u0ccd\u0ca8\u0cc1 \u0ca4\u0cbf\u0cb3\u0cbf\u0cb8\u0cc1\u0cb5\u0ca6\u0cb0\u0cb2\u0ccd\u0cb2\u0cbf \u0cb8\u0cbf\u0ca6\u0ccd\u0ca7\u0cb5\u0cbe\u0ca6 \u0cae\u0ca8\u0cb8\u0ccd\u0cb8\u0cc6\u0c82\u0cac \u0c95\u0cc6\u0cb0\u0c97\u0cb3\u0ca8\u0ccd\u0ca8\u0cc1 \u0cae\u0cc6\u0c9f\u0ccd\u0c9f\u0cbf\u0c95\u0cca\u0c82\u0ca1\u0cc1 \u0ca8\u0cbf\u0cb2\u0ccd\u0cb2\u0cbf\u0cb0\u0cbf."},{"Verseid":"48005015","Verse":"\u0c8e\u0cb2\u0ccd\u0cb2\u0cbe\u0ca6\u0c95\u0ccd\u0c95\u0cbf\u0c82\u0ca4 \u0cb9\u0cc6\u0c9a\u0ccd\u0c9a\u0cbe\u0c97\u0cbf \u0ca8\u0c82\u0cac\u0cbf\u0c95\u0cc6 \u0caf\u0cc6\u0c82\u0cac \u0c97\u0cc1\u0cb0\u0cbe\u0ca3\u0cbf\u0caf\u0ca8\u0ccd\u0ca8\u0cc1 \u0cb9\u0cbf\u0ca1\u0cc1\u0c95\u0cca\u0cb3\u0ccd\u0cb3\u0cbf\u0cb0\u0cbf. \u0c86\u0ca6\u0cb0\u0cbf\u0c82\u0ca6 \u0ca8\u0cc0\u0cb5\u0cc1 \u0c95\u0cc6\u0ca1\u0cc1\u0c95\u0ca8 \u0c85\u0c97\u0ccd\u0ca8\u0cbf\u0cac\u0cbe\u0ca3\u0c97\u0cb3\u0ca8\u0ccd\u0ca8\u0cc6\u0cb2\u0ccd\u0cb2\u0cbe \u0c86\u0cb0\u0cbf\u0cb8\u0cc1\u0cb5\u0ca6\u0c95\u0ccd\u0c95\u0cc6 \u0cb6\u0c95\u0ccd\u0ca4\u0cb0\u0cbe\u0c97\u0cc1\u0cb5\u0cbf\u0cb0\u0cbf."},{"Verseid":"48005016","Verse":"\u0c87\u0ca6\u0cb2\u0ccd\u0cb2\u0ca6\u0cc6 \u0cb0\u0c95\u0ccd\u0cb7\u0ca3\u0cc6\u0caf\u0cc6\u0c82\u0cac \u0cb6\u0cbf\u0cb0\u0cb8\u0ccd\u0ca4\u0ccd\u0cb0\u0cbe\u0ca3 \u0cb5\u0ca8\u0ccd\u0ca8\u0cc1 \u0c87\u0c9f\u0ccd\u0c9f\u0cc1\u0c95\u0cca\u0c82\u0ca1\u0cc1 \u0c86\u0ca4\u0ccd\u0cae\u0ca8\u0cc1 \u0c95\u0cca\u0ca1\u0cc1\u0cb5 \u0ca6\u0cc7\u0cb5\u0cb0 \u0cb5\u0cbe\u0c95\u0ccd\u0caf\u0cb5\u0cc6\u0c82\u0cac \u0c95\u0ca4\u0ccd\u0ca4\u0cbf\u0caf\u0ca8\u0ccd\u0ca8\u0cc1 \u0cb9\u0cbf\u0ca1\u0cbf\u0caf\u0cbf\u0cb0\u0cbf."},{"Verseid":"48005017","Verse":"\u0ca8\u0cc0\u0cb5\u0cc1 \u0c86\u0ca4\u0ccd\u0cae \u0caa\u0ccd\u0cb0\u0cc7\u0cb0\u0cbf\u0ca4\u0cb0\u0cbe\u0c97\u0cbf \u0c8e\u0cb2\u0ccd\u0cb2\u0cbe \u0cb8\u0cae\u0caf\u0c97\u0cb3\u0cb2\u0ccd\u0cb2\u0cbf \u0cb8\u0c95\u0cb2\u0cb5\u0cbf\u0ca7 \u0cb5\u0cbe\u0ca6 \u0caa\u0ccd\u0cb0\u0cbe\u0cb0\u0ccd\u0ca5\u0ca8\u0cc6\u0caf\u0cbf\u0c82\u0ca6\u0cb2\u0cc2 \u0cb5\u0cbf\u0c9c\u0ccd\u0c9e\u0cbe\u0caa\u0ca8\u0cc6\u0caf\u0cbf\u0c82\u0ca6\u0cb2\u0cc2 \u0caa\u0ccd\u0cb0\u0cbe\u0cb0\u0ccd\u0ca5\u0cbf\u0cb8\u0cbf\u0cb0\u0cbf. \u0c87\u0ca6\u0cb0\u0cb2\u0ccd\u0cb2\u0cbf \u0caa\u0cc2\u0cb0\u0ccd\u0ca3 \u0cb8\u0ccd\u0ca5\u0cbf\u0cb0\u0c9a\u0cbf\u0ca4\u0ccd\u0ca4\u0cb0\u0cbe\u0c97\u0cbf\u0ca6\u0ccd\u0ca6\u0cc1 \u0caa\u0cb0\u0cbf\u0cb6\u0cc1\u0ca6\u0ccd\u0ca7\u0cb0\u0cc6\u0cb2\u0ccd\u0cb2\u0cb0 \u0cb5\u0cbf\u0cb7\u0caf\u0ca6\u0cb2\u0ccd\u0cb2\u0cbf \u0cb5\u0cbf\u0c9c\u0ccd\u0c9e\u0cbe\u0caa\u0ca8\u0cc6\u0cae\u0cbe\u0ca1\u0cc1\u0ca4\u0ccd\u0ca4\u0cbe \u0c8e\u0c9a\u0ccd\u0c9a\u0cb0\u0cb5\u0cbe\u0c97\u0cbf\u0cb0\u0ccd\u0cb0\u0cbf."},{"Verseid":"48005018","Verse":"\u0ca8\u0cbe\u0ca8\u0cc1 \u0cac\u0cbe\u0caf\u0cbf \u0ca4\u0cc6\u0cb0\u0cc6\u0caf\u0cc1\u0cb5\u0cbe\u0c97 \u0c97\u0cc1\u0caa\u0ccd\u0ca4\u0cb5\u0cbe\u0c97\u0cbf\u0ca6\u0ccd\u0ca6 \u0cb8\u0cc1\u0cb5\u0cbe\u0cb0\u0ccd\u0ca4\u0cc6\u0caf \u0cae\u0cb0\u0ccd\u0cae\u0cb5\u0ca8\u0ccd\u0ca8\u0cc1 \u0ca7\u0cc8\u0cb0\u0ccd\u0caf\u0cb5\u0cbe\u0c97\u0cbf \u0ca4\u0cbf\u0cb3\u0cbf\u0cb8\u0cc1\u0cb5\u0ca6\u0c95\u0ccd\u0c95\u0cc6 \u0cac\u0cc7\u0c95\u0cbe\u0ca6 \u0cae\u0cbe\u0ca4\u0ca8\u0ccd\u0ca8\u0cc1 \u0ca8\u0ca8\u0c97\u0cc6 \u0c85\u0ca8\u0cc1\u0c97\u0ccd\u0cb0\u0cb9\u0cbf\u0cb8\u0cac\u0cc7\u0c95\u0cc6\u0c82\u0ca6\u0cc1 \u0caa\u0ccd\u0cb0\u0cbe\u0cb0\u0ccd\u0ca5\u0cbf\u0cb8\u0cbf\u0cb0\u0cbf."},{"Verseid":"48005019","Verse":"\u0c86 \u0cb8\u0cc1\u0cb5\u0cbe\u0cb0\u0ccd\u0ca4\u0cc6\u0caf \u0cae\u0cb0\u0ccd\u0cae\u0ca6 \u0ca8\u0cbf\u0cae\u0cbf\u0ca4\u0ccd\u0ca4\u0cb5\u0cc7 \u0cb0\u0cbe\u0caf\u0cad\u0cbe\u0cb0\u0cbf\u0caf\u0cbe\u0ca6 \u0ca8\u0cbe\u0ca8\u0cc1 \u0cac\u0cc7\u0ca1\u0cbf\u0caf\u0cb2\u0ccd\u0cb2\u0cbf \u0cac\u0cbf\u0ca6\u0ccd\u0ca6\u0cbf\u0ca6\u0ccd\u0ca6\u0cc7\u0ca8\u0cb2\u0ccd\u0cb2\u0cbe; \u0cae\u0cbe\u0ca4\u0ca8\u0cbe\u0ca1\u0cac\u0cc7\u0c95\u0cbe\u0ca6 \u0cb0\u0cc0\u0ca4\u0cbf\u0caf\u0cb2\u0ccd\u0cb2\u0cbf \u0ca8\u0cbe\u0ca8\u0cc1 \u0ca7\u0cc8\u0cb0\u0ccd\u0caf\u0cb5\u0cbe\u0c97\u0cbf \u0cae\u0cbe\u0ca4\u0ca8\u0cbe\u0ca1\u0cc1\u0cb5 \u0cb9\u0c82\u0c97\u0cbf\u0ca8\u0cb2\u0ccd\u0cb2\u0cbf\u0ca6\u0ccd\u0ca6\u0cc7\u0ca8\u0cc6."},{"Verseid":"48005020","Verse":"\u0c86\u0ca6\u0cb0\u0cc6 \u0ca8\u0ca8\u0ccd\u0ca8 \u0cb5\u0cbf\u0cb7\u0caf\u0c97\u0cb3\u0cc1 \u0ca8\u0cbf\u0cae\u0c97\u0cc6 \u0cb8\u0cb9 \u0c97\u0cca\u0ca4\u0ccd\u0ca4\u0cbe \u0c97\u0cc1\u0cb5 \u0cb9\u0cbe\u0c97\u0cc6\u0caf\u0cc2 \u0ca8\u0cbe\u0ca8\u0cc1 \u0cb9\u0cc7\u0c97\u0cbf\u0ca6\u0ccd\u0ca6\u0cc7\u0ca8\u0cc6\u0c82\u0ca6\u0cc1 \u0caa\u0ccd\u0cb0\u0cbf\u0caf \u0cb8\u0cb9\u0ccb\u0ca6\u0cb0\u0ca8\u0cc2 \u0c95\u0cb0\u0ccd\u0ca4\u0ca8\u0cb2\u0ccd\u0cb2\u0cbf \u0ca8\u0c82\u0cac\u0cbf\u0c97\u0cb8\u0ccd\u0ca4\u0ca8\u0cbe\u0ca6 \u0cb8\u0cc7\u0cb5\u0c95\u0ca8\u0cc2 \u0c86\u0c97\u0cbf\u0cb0\u0cc1\u0cb5 \u0ca4\u0cc1\u0c96\u0cbf\u0c95\u0ca8\u0cc1 \u0ca8\u0cbf\u0cae\u0c97\u0cc6 \u0c8e\u0cb2\u0ccd\u0cb2\u0cb5\u0ca8\u0ccd\u0ca8\u0cc2 \u0ca4\u0cbf\u0cb3\u0cbf\u0cb8\u0cc1\u0cb5\u0ca8\u0cc1."},{"Verseid":"48005021","Verse":"\u0ca8\u0cc0\u0cb5\u0cc1 \u0ca8\u0cae\u0ccd\u0cae \u0cb8\u0cae\u0cbe\u0c9a\u0cbe\u0cb0\u0cb5\u0ca8\u0ccd\u0ca8\u0cc1 \u0ca4\u0cbf\u0cb3\u0cc1\u0c95\u0cca\u0cb3\u0ccd\u0cb3\u0cc1\u0cb5 \u0cb9\u0cbe\u0c97\u0cc6\u0caf\u0cc2 \u0c85\u0cb5\u0ca8\u0cc1 \u0ca8\u0cbf\u0cae\u0ccd\u0cae \u0cb9\u0cc3\u0ca6\u0caf\u0c97\u0cb3\u0ca8\u0ccd\u0ca8\u0cc1 \u0cb8\u0c82\u0ca4\u0cc8\u0cb8\u0cc1\u0cb5 \u0cb9\u0cbe\u0c97\u0cc6\u0caf\u0cc2 \u0c85\u0cb5\u0ca8\u0ca8\u0ccd\u0ca8\u0cc1 \u0ca8\u0cbf\u0cae\u0ccd\u0cae \u0cac\u0cb3\u0cbf\u0c97\u0cc6 \u0c95\u0cb3\u0cc1\u0cb9\u0cbf\u0cb8\u0cbf\u0ca6\u0ccd\u0ca6\u0cc7\u0ca8\u0cc6."},{"Verseid":"48005022","Verse":"\u0ca4\u0c82\u0ca6\u0cc6\u0caf\u0cbe\u0ca6 \u0ca6\u0cc7\u0cb5\u0cb0\u0cbf\u0c82\u0ca6\u0cb2\u0cc2 \u0c95\u0cb0\u0ccd\u0ca4\u0ca8\u0cbe\u0ca6 \u0caf\u0cc7\u0cb8\u0cc1 \u0c95\u0ccd\u0cb0\u0cbf\u0cb8\u0ccd\u0ca4\u0ca8\u0cbf\u0c82\u0ca6\u0cb2\u0cc2 \u0cb6\u0cbe\u0c82\u0ca4\u0cbf\u0caf\u0cc1 \u0ca8\u0c82\u0cac\u0cbf\u0c95\u0cc6\u0caf\u0cbf\u0c82\u0ca6 \u0c95\u0cc2\u0ca1\u0cbf\u0ca6 \u0caa\u0ccd\u0cb0\u0cc0\u0ca4\u0cbf\u0caf\u0cc1 \u0cb8\u0cb9\u0ccb\u0ca6\u0cb0\u0cb0\u0cbf\u0c97\u0cc6 \u0c87\u0cb0\u0cb2\u0cbf."},{"Verseid":"48005023","Verse":"\u0ca8\u0cae\u0ccd\u0cae \u0c95\u0cb0\u0ccd\u0ca4\u0ca8\u0cbe\u0ca6 \u0caf\u0cc7\u0cb8\u0cc1 \u0c95\u0ccd\u0cb0\u0cbf\u0cb8\u0ccd\u0ca4\u0ca8\u0ca8\u0ccd\u0ca8\u0cc1 \u0caf\u0ca5\u0cbe\u0cb0\u0ccd\u0ca5\u0cb5\u0cbe\u0c97\u0cbf \u0caa\u0ccd\u0cb0\u0cc0\u0ca4\u0cbf\u0cb8\u0cc1\u0cb5\u0cb5\u0cb0\u0cc6\u0cb2\u0ccd\u0cb2\u0cb0 \u0cae\u0cc7\u0cb2\u0cc6 \u0c95\u0cc3\u0caa\u0cc6\u0caf\u0cc1 \u0c87\u0cb0\u0cb2\u0cbf. \u0c86\u0cae\u0cc6\u0ca8\u0ccd\u200c."}]}]}