{"Chapter":[{"Verse":[{"Verseid":"49000000","Verse":"\u0caf\u0cc7\u0cb8\u0cc1 \u0c95\u0ccd\u0cb0\u0cbf\u0cb8\u0ccd\u0ca4\u0ca8 \u0cb8\u0cc7\u0cb5\u0c95\u0cb0\u0cbe\u0ca6 \u0caa\u0ccc\u0cb2 \u0ca4\u0cbf\u0cae\u0cca\u0ca5\u0cc6\u0caf\u0cb0\u0cc1 \u0c95\u0ccd\u0cb0\u0cbf\u0cb8\u0ccd\u0ca4 \u0caf\u0cc7\u0cb8\u0cc1\u0cb5\u0cbf\u0ca8\u0cb2\u0ccd\u0cb2\u0cbf \u0cab\u0cbf\u0cb2\u0cbf\u0caa\u0ccd\u0caa\u0cbf\u0caf\u0ca6 \u0caa\u0cb0\u0cbf\u0cb6\u0cc1\u0ca6\u0ccd\u0ca7\u0cb0\u0cc6\u0cb2\u0ccd\u0cb2\u0cb0\u0cbf\u0c97\u0cc2 \u0c85\u0cb5\u0cb0\u0cca\u0c82\u0ca6\u0cbf\u0c97\u0cbf\u0cb0\u0cc1\u0cb5 \u0cb8\u0cad\u0cbe\u0ca7\u0ccd\u0caf\u0c95\u0ccd\u0cb7\u0cb0\u0cbf\u0c97\u0cc2 \u0cb8\u0cad\u0cbe\u0cb8\u0cc7\u0cb5\u0c95\u0cb0\u0cbf\u0c97\u0cc2--"},{"Verseid":"49000001","Verse":"\u0ca8\u0cae\u0ccd\u0cae \u0ca4\u0c82\u0ca6\u0cc6 \u0caf\u0cbe\u0ca6 \u0ca6\u0cc7\u0cb5\u0cb0\u0cbf\u0c82\u0ca6\u0cb2\u0cc2 \u0c95\u0cb0\u0ccd\u0ca4\u0ca8\u0cbe\u0ca6 \u0caf\u0cc7\u0cb8\u0cc1 \u0c95\u0ccd\u0cb0\u0cbf\u0cb8\u0ccd\u0ca4 \u0ca8\u0cbf\u0c82\u0ca6\u0cb2\u0cc2 \u0ca8\u0cbf\u0cae\u0c97\u0cc6 \u0c95\u0cc3\u0caa\u0cc6\u0caf\u0cc2 \u0cb6\u0cbe\u0c82\u0ca4\u0cbf\u0caf\u0cc2 \u0c86\u0c97\u0cb2\u0cbf."},{"Verseid":"49000002","Verse":"\u0ca8\u0cbe\u0ca8\u0cc1 \u0ca8\u0cbf\u0cae\u0ccd\u0cae\u0ca8\u0ccd\u0ca8\u0cc1 \u0ca8\u0cc6\u0ca8\u0cb8\u0cbf\u0c95\u0cca\u0cb3\u0ccd\u0cb3\u0cc1\u0cb5\u0cbe\u0c97\u0cc6\u0cb2\u0ccd\u0cb2\u0cbe \u0ca8\u0ca8\u0ccd\u0ca8 \u0ca6\u0cc7\u0cb5\u0cb0\u0cbf\u0c97\u0cc6 \u0c95\u0cc3\u0ca4\u0c9c\u0ccd\u0c9e\u0ca4\u0cbe\u0cb8\u0ccd\u0ca4\u0cc1\u0ca4\u0cbf \u0cae\u0cbe\u0ca1\u0cc1\u0ca4\u0ccd\u0ca4\u0cc7\u0ca8\u0cc6;"},{"Verseid":"49000003","Verse":"\u0ca8\u0cbe\u0ca8\u0cc1 \u0ca8\u0cbf\u0cae\u0ccd\u0cae\u0cc6\u0cb2\u0ccd\u0cb2\u0cb0\u0cbf\u0c97\u0ccb\u0cb8\u0ccd\u0c95\u0cb0 \u0caf\u0cbe\u0cb5\u0cbe\u0c97\u0cb2\u0cc2 \u0cae\u0cbe\u0ca1\u0cc1\u0cb5 \u0ca8\u0ca8\u0ccd\u0ca8 \u0caa\u0ccd\u0cb0\u0ca4\u0cbf\u0caf\u0cca\u0c82\u0ca6\u0cc1 \u0caa\u0ccd\u0cb0\u0cbe\u0cb0\u0ccd\u0ca5\u0ca8\u0cc6\u0caf\u0cb2\u0ccd\u0cb2\u0cbf \u0cb8\u0c82\u0ca4\u0ccb\u0cb7\u0ca6\u0cbf\u0c82\u0ca6\u0cb2\u0cc7 \u0cac\u0cc7\u0ca1\u0cbf\u0c95\u0cca\u0cb3\u0ccd\u0cb3\u0cc1\u0cb5\u0cb5\u0ca8\u0cbe\u0c97\u0cbf\u0ca6\u0ccd\u0ca6\u0cc7\u0ca8\u0cc6."},{"Verseid":"49000004","Verse":"\u0ca8\u0cc0\u0cb5\u0cc1 \u0cae\u0cca\u0ca6\u0cb2\u0cbf\u0ca8 \u0ca6\u0cbf\u0ca8\u0ca6\u0cbf\u0c82\u0ca6 \u0c87\u0c82\u0ca6\u0cbf\u0ca8\u0cb5\u0cb0\u0cc6\u0c97\u0cc2 \u0cb8\u0cc1\u0cb5\u0cbe\u0cb0\u0ccd\u0ca4\u0cbe \u0cb8\u0cc7\u0cb5\u0cc6\u0c97\u0cbe\u0c97\u0cbf \u0cb8\u0cb9\u0c95\u0cbe\u0cb0\u0cbf\u0c97\u0cb3\u0cbe\u0c97\u0cbf\u0ca6\u0ccd\u0ca6\u0cc0\u0cb0\u0cc6\u0c82\u0ca6\u0cc1 \u0ca8\u0ca8\u0ccd\u0ca8 \u0ca6\u0cc7\u0cb5\u0cb0\u0cbf\u0c97\u0cc6 \u0c95\u0cc3\u0ca4\u0c9c\u0ccd\u0c9e\u0ca4\u0cbe \u0cb8\u0ccd\u0ca4\u0cc1\u0ca4\u0cbf \u0cae\u0cbe\u0ca1\u0cc1\u0ca4\u0ccd\u0ca4\u0cc7\u0ca8\u0cc6."},{"Verseid":"49000005","Verse":"\u0c92\u0cb3\u0ccd\u0cb3\u0cc7 \u0c95\u0cc6\u0cb2\u0cb8\u0cb5\u0ca8\u0ccd\u0ca8\u0cc1 \u0ca8\u0cbf\u0cae\u0ccd\u0cae\u0cb2\u0ccd\u0cb2\u0cbf \u0caa\u0ccd\u0cb0\u0cbe\u0cb0\u0c82\u0cad\u0cbf\u0cb8\u0cbf\u0ca6\u0cbe\u0ca4\u0ca8\u0cc1 \u0c85\u0ca6\u0ca8\u0ccd\u0ca8\u0cc1 \u0caf\u0cc7\u0cb8\u0cc1 \u0c95\u0ccd\u0cb0\u0cbf\u0cb8\u0ccd\u0ca4\u0ca8 \u0ca6\u0cbf\u0ca8\u0ca6\u0cb5\u0cb0\u0cc6\u0c97\u0cc6 \u0cb8\u0cbf\u0ca6\u0ccd\u0ca6\u0cbf\u0c97\u0cc6 \u0ca4\u0cb0\u0cc1\u0cb5\u0ca8\u0cc6\u0c82\u0ca6\u0cc1 \u0ca8\u0ca8\u0c97\u0cc6 \u0cad\u0cb0\u0cb5\u0cb8 \u0cb5\u0cc1\u0c82\u0c9f\u0cc1."},{"Verseid":"49000006","Verse":"\u0ca8\u0cbf\u0cae\u0ccd\u0cae\u0cc6\u0cb2\u0ccd\u0cb2\u0cb0 \u0cb5\u0cbf\u0cb7\u0caf\u0ca6\u0cb2\u0ccd\u0cb2\u0cbf \u0cb9\u0cc0\u0c97\u0cc6 \u0caf\u0ccb\u0c9a\u0cbf\u0cb8\u0cc1 \u0cb5\u0ca6\u0cc1 \u0ca8\u0ca8\u0c97\u0cc6 \u0ca8\u0ccd\u0caf\u0cbe\u0caf\u0cb5\u0cbe\u0c97\u0cbf\u0ca6\u0cc6; \u0caf\u0cbe\u0c95\u0c82\u0ca6\u0cb0\u0cc6 \u0ca8\u0cbe\u0ca8\u0cc1 \u0cac\u0cc7\u0ca1\u0cbf\u0cac\u0cbf\u0ca6\u0ccd\u0ca6\u0cbf\u0cb0\u0cc1\u0cb5\u0cbe\u0c97\u0cb2\u0cc2 \u0cb8\u0cc1\u0cb5\u0cbe\u0cb0\u0ccd\u0ca4\u0cc6\u0caf \u0cb5\u0cbf\u0cb7\u0caf\u0ca6\u0cb2\u0ccd\u0cb2\u0cbf \u0c89\u0ca4\u0ccd\u0ca4\u0cb0 \u0cb9\u0cc7\u0cb3\u0cbf \u0cb8\u0ccd\u0ca5\u0cbe\u0caa\u0cbf\u0cb8\u0cc1\u0cb5\u0cbe\u0c97\u0cb2\u0cc2 \u0ca8\u0cc0\u0cb5\u0cc6\u0cb2\u0ccd\u0cb2\u0cb0\u0cc1 \u0ca8\u0cbe\u0ca8\u0cc1 \u0cb9\u0cca\u0c82\u0ca6\u0cbf\u0ca6 \u0c95\u0cc3\u0caa\u0cc6\u0caf\u0cb2\u0ccd\u0cb2\u0cbf \u0caa\u0cbe\u0cb2\u0cc1\u0c97\u0cbe\u0cb0\u0cb0\u0cbe\u0c97\u0cbf\u0ca6\u0ccd\u0ca6\u0cc0\u0cb0\u0cc6\u0c82\u0ca6\u0cc1 \u0ca8\u0cbf\u0cae\u0ccd\u0cae\u0ca8\u0ccd\u0ca8\u0cc1 \u0ca8\u0ca8\u0ccd\u0ca8 \u0cb9\u0cc3\u0ca6\u0caf\u0ca6\u0cb2\u0ccd\u0cb2\u0cbf\u0c9f\u0ccd\u0c9f\u0cc1\u0c95\u0cca\u0c82\u0ca1\u0cbf\u0ca6\u0ccd\u0ca6\u0cc7\u0ca8\u0cc6."},{"Verseid":"49000007","Verse":"\u0caf\u0cc7\u0cb8\u0cc1 \u0c95\u0ccd\u0cb0\u0cbf\u0cb8\u0ccd\u0ca4\u0ca8\u0cbf\u0c97\u0cbf\u0cb0\u0cc1\u0cb5\u0c82\u0ca5 \u0c95\u0ca8\u0cbf\u0c95\u0cb0\u0ca6\u0cbf\u0c82\u0ca6 \u0ca8\u0cbf\u0cae\u0ccd\u0cae\u0cc6\u0cb2\u0ccd\u0cb2\u0cb0\u0cbf \u0c97\u0ccb\u0cb8\u0ccd\u0c95\u0cb0 \u0ca8\u0cbe\u0ca8\u0cc1 \u0c8e\u0cb7\u0ccd\u0c9f\u0ccb \u0cb9\u0c82\u0cac\u0cb2\u0cbf\u0cb8\u0cc1\u0ca4\u0ccd\u0ca4\u0cc7\u0ca8\u0cc6; \u0c87\u0ca6\u0c95\u0ccd\u0c95\u0cc6 \u0ca6\u0cc7\u0cb5\u0cb0\u0cc7 \u0ca8\u0ca8\u0ccd\u0ca8 \u0cb8\u0cbe\u0c95\u0ccd\u0cb7\u0cbf."},{"Verseid":"49000008","Verse":"\u0ca8\u0cbf\u0cae\u0ccd\u0cae \u0caa\u0ccd\u0cb0\u0cc0\u0ca4\u0cbf\u0caf\u0cc1 \u0cb9\u0cc6\u0c9a\u0ccd\u0c9a\u0cc1\u0ca4\u0ccd\u0ca4\u0cbe \u0cb9\u0cc6\u0c9a\u0ccd\u0c9a\u0cc1\u0ca4\u0ccd\u0ca4\u0cbe \u0ca8\u0cc0\u0cb5\u0cc1 \u0c9c\u0ccd\u0c9e\u0cbe\u0ca8 \u0cae\u0ca4\u0ccd\u0ca4\u0cc1 \u0caa\u0cc2\u0cb0\u0ccd\u0ca3 \u0cb5\u0cbf\u0cb5\u0cc7\u0c95\u0c97\u0cb3\u0cbf\u0c82\u0ca6 \u0c95\u0cc2\u0ca1\u0cbf\u0ca6\u0cb5\u0cb0\u0cbe\u0c97\u0cbf\u0cb0\u0cac\u0cc7\u0c95\u0cc6\u0c82\u0ca4\u0cb2\u0cc2"},{"Verseid":"49000009","Verse":"\u0c89\u0ca4\u0ccd\u0ca4\u0cae \u0c95\u0cbe\u0cb0\u0ccd\u0caf \u0c97\u0cb3\u0cc1 \u0caf\u0cbe\u0cb5\u0cb5\u0cc6\u0c82\u0ca6\u0cc1 \u0ca8\u0cc0\u0cb5\u0cc1 \u0cb5\u0cbf\u0cb5\u0cc7\u0c9a\u0cbf\u0cb8\u0cc1\u0cb5\u0cb5\u0cb0\u0cbe\u0c97 \u0cac\u0cc7\u0c95\u0cc6\u0c82\u0ca4\u0cb2\u0cc2 \u0c95\u0ccd\u0cb0\u0cbf\u0cb8\u0ccd\u0ca4\u0ca8 \u0ca6\u0cbf\u0ca8\u0ca6\u0cb5\u0cb0\u0cc6\u0c97\u0cc6 \u0ca8\u0cc0\u0cb5\u0cc1 \u0cb8\u0cb0\u0cb3 \u0cb0\u0cbe\u0c97\u0cbf\u0caf\u0cc2 \u0ca8\u0cbf\u0cb0\u0ccd\u0cae\u0cb2\u0cb0\u0cbe\u0c97\u0cbf\u0caf\u0cc2 \u0c87\u0cb0\u0cac\u0cc7\u0c95\u0cc6\u0c82\u0ca4\u0cb2\u0cc2"},{"Verseid":"49000010","Verse":"\u0caf\u0cc7\u0cb8\u0cc1 \u0c95\u0ccd\u0cb0\u0cbf\u0cb8\u0ccd\u0ca4\u0ca8 \u0cae\u0cc2\u0cb2\u0c95 \u0ca8\u0cc0\u0ca4\u0cbf\u0caf\u0cc6\u0c82\u0cac \u0cab\u0cb2\u0c97\u0cb3\u0cbf\u0c82\u0ca6 \u0ca4\u0cc1\u0c82\u0cac\u0cbf\u0ca6\u0cb5\u0cb0\u0cbe\u0c97\u0cbf \u0ca6\u0cc7\u0cb5\u0cb0\u0cbf\u0c97\u0cc6 \u0cae\u0cb9\u0cbf\u0cae\u0cc6\u0caf\u0ca8\u0ccd\u0ca8\u0cc2 \u0cb8\u0ccd\u0ca4\u0ccb\u0ca4\u0ccd\u0cb0 \u0cb5\u0ca8\u0ccd\u0ca8\u0cc2 \u0ca4\u0cb0\u0cc1\u0cb5\u0cb5\u0cb0\u0cbe\u0c97\u0cbf\u0cb0\u0cac\u0cc7\u0c95\u0cc6\u0c82\u0ca4\u0cb2\u0cc2 \u0caa\u0ccd\u0cb0\u0cbe\u0cb0\u0ccd\u0ca5\u0cbf\u0cb8\u0cc1\u0ca4\u0ccd\u0ca4\u0cc7\u0ca8\u0cc6."},{"Verseid":"49000011","Verse":"\u0cb8\u0cb9\u0ccb\u0ca6\u0cb0\u0cb0\u0cc7, \u0ca8\u0ca8\u0c97\u0cc6 \u0cb8\u0c82\u0cad\u0cb5\u0cbf\u0cb8\u0cbf\u0cb0\u0cc1\u0cb5\u0ca6\u0cc1 \u0cb8\u0cc1\u0cb5\u0cbe\u0cb0\u0ccd\u0ca4\u0cc6\u0caf \u0caa\u0ccd\u0cb0\u0cb8\u0cbe\u0cb0\u0ca3\u0cc6\u0c97\u0cc7 \u0cb8\u0cb9\u0cbe\u0caf\u0cb5\u0cbe\u0caf\u0cbf\u0ca4\u0cc6\u0c82\u0ca6\u0cc1 \u0ca8\u0cc0\u0cb5\u0cc1 \u0ca4\u0cbf\u0cb3\u0cbf\u0caf\u0cac\u0cc7\u0c95\u0cc6\u0c82\u0cac\u0ca6\u0cbe\u0c97\u0cbf \u0ca8\u0cbe\u0ca8\u0cc1 \u0c85\u0caa\u0cc7\u0c95\u0ccd\u0cb7\u0cbf\u0cb8\u0cc1\u0ca4\u0ccd\u0ca4\u0cc7\u0ca8\u0cc6."},{"Verseid":"49000012","Verse":"\u0cb9\u0cc7\u0c97\u0c82\u0ca6\u0cb0\u0cc6 \u0ca8\u0ca8\u0ccd\u0ca8 \u0cac\u0cc7\u0ca1\u0cbf\u0c97\u0cb3\u0cc1 \u0c95\u0ccd\u0cb0\u0cbf\u0cb8\u0ccd\u0ca4\u0ca8 \u0ca8\u0cbf\u0cae\u0cbf\u0ca4\u0ccd\u0ca4\u0cb5\u0cc7 \u0c8e\u0c82\u0ca6\u0cc1 \u0c8e\u0cb2\u0ccd\u0cb2\u0cbe \u0c85\u0cb0\u0cae\u0ca8\u0cc6\u0caf\u0cb2\u0ccd\u0cb2\u0cbf\u0caf\u0cc2 \u0cae\u0cbf\u0c95\u0ccd\u0c95\u0cbe\u0ca6 \u0c8e\u0cb2\u0ccd\u0cb2\u0cbe \u0cb8\u0ccd\u0ca5\u0cb3\u0c97\u0cb3\u0cb2\u0ccd\u0cb2\u0cbf\u0caf\u0cc2 \u0caa\u0ccd\u0cb0\u0cb8\u0cbf\u0ca6\u0ccd\u0ca7\u0cb5\u0cbe\u0caf\u0cbf\u0ca4\u0cc1."},{"Verseid":"49000013","Verse":"\u0c87\u0ca6\u0cb2\u0ccd\u0cb2\u0ca6\u0cc6 \u0c95\u0cb0\u0ccd\u0ca4\u0ca8\u0cb2\u0ccd\u0cb2\u0cbf \u0c85\u0ca8\u0cc7\u0c95 \u0cb8\u0cb9\u0ccb\u0ca6\u0cb0\u0cb0\u0cc1 \u0ca8\u0ca8\u0ccd\u0ca8 \u0cac\u0cc7\u0ca1\u0cbf\u0c97 \u0cb3\u0cbf\u0c82\u0ca6\u0cb2\u0cc7 \u0cad\u0cb0\u0cb5\u0cb8\u0cb5\u0cc1\u0cb3\u0ccd\u0cb3\u0cb5\u0cb0\u0cbe\u0c97\u0cbf \u0cb5\u0cbe\u0c95\u0ccd\u0caf\u0cb5\u0ca8\u0ccd\u0ca8\u0cc1 \u0ca8\u0cbf\u0cb0\u0ccd\u0cad\u0caf \u0ca6\u0cbf\u0c82\u0ca6 \u0cb9\u0cc7\u0cb3\u0cc1\u0cb5\u0ca6\u0c95\u0ccd\u0c95\u0cc6 \u0c87\u0ca8\u0ccd\u0ca8\u0cc2 \u0cb5\u0cbf\u0cb6\u0cc7\u0cb7 \u0ca7\u0cc8\u0cb0\u0ccd\u0caf\u0cb5\u0ca8\u0ccd\u0ca8\u0cc1 \u0cb9\u0cca\u0c82\u0ca6\u0cbf\u0ca6\u0ccd\u0ca6\u0cbe\u0cb0\u0cc6."},{"Verseid":"49000014","Verse":"\u0c95\u0cc6\u0cb2\u0cb5\u0cb0\u0cc1 \u0cb9\u0cca\u0c9f\u0ccd\u0c9f\u0cc7\u0c95\u0cbf\u0c9a\u0ccd\u0c9a\u0cc1\u0caa\u0c9f\u0ccd\u0c9f\u0cc1 \u0cad\u0cc7\u0ca6 \u0cb9\u0cc1\u0c9f\u0ccd\u0c9f\u0cbf\u0cb8\u0cac\u0cc7\u0c95\u0cc6\u0c82\u0cac \u0cad\u0cbe\u0cb5\u0ca8\u0cc6\u0caf\u0cbf\u0c82\u0ca6 \u0cac\u0cc7\u0cb0\u0cc6 \u0c95\u0cc6\u0cb2\u0cb5\u0cb0\u0cc1 \u0c92\u0cb3\u0ccd\u0cb3\u0cc7\u0cad\u0cbe\u0cb5\u0ca6\u0cbf\u0c82\u0ca6 \u0c95\u0ccd\u0cb0\u0cbf\u0cb8\u0ccd\u0ca4\u0ca8\u0ca8\u0ccd\u0ca8\u0cc1 \u0caa\u0ccd\u0cb0\u0c9a\u0cc1\u0cb0\u0caa\u0ca1\u0cbf\u0cb8\u0cc1\u0ca4\u0ccd\u0ca4\u0cbe\u0cb0\u0cc6."},{"Verseid":"49000015","Verse":"\u0c86 \u0cac\u0cc7\u0cb0\u0cc6 \u0ca4\u0cb0\u0ca6\u0cb5\u0cb0\u0cbe\u0ca6\u0cb0\u0ccb \u0ca8\u0ca8\u0ccd\u0ca8 \u0cac\u0cc7\u0ca1\u0cbf\u0c97\u0cb3\u0cbf\u0c97\u0cc6 \u0cb8\u0c82\u0c95\u0c9f\u0cb5\u0ca8\u0ccd\u0ca8\u0cc1 \u0c95\u0cc2\u0ca1\u0cbf\u0cb8\u0cac\u0cc7\u0c95\u0cc6\u0c82\u0ca6\u0cc1 \u0caf\u0ccb\u0c9a\u0cbf\u0cb8\u0cbf \u0c95\u0ccd\u0cb0\u0cbf\u0cb8\u0ccd\u0ca4\u0ca8\u0ca8\u0ccd\u0ca8\u0cc1 \u0caf\u0ca5\u0cbe\u0cb0\u0ccd\u0ca5\u0cb5\u0cbe\u0c97\u0cbf \u0caa\u0ccd\u0cb0\u0cb8\u0cbf\u0ca6\u0ccd\u0ca7\u0caa\u0ca1\u0cbf\u0cb8\u0ca6\u0cc6 \u0c95\u0c95\u0ccd\u0cb7\u0cc0\u0cad\u0cbe\u0cb5\u0ca6\u0cbf\u0c82\u0ca6 \u0caa\u0ccd\u0cb0\u0cb8\u0cbf\u0ca6\u0ccd\u0ca6\u0cbf\u0caa\u0ca1\u0cbf\u0cb8\u0cc1\u0ca4\u0ccd\u0ca4\u0cbe\u0cb0\u0cc6."},{"Verseid":"49000016","Verse":"\u0c87\u0cb5\u0cb0\u0cbe\u0ca6\u0cb0\u0ccb \u0ca8\u0cbe\u0ca8\u0cc1 \u0cb8\u0cc1\u0cb5\u0cbe\u0cb0\u0ccd\u0ca4\u0cc6\u0caf \u0caa\u0cb0\u0cb5\u0cbe\u0c97\u0cbf \u0ca8\u0cc7\u0cae\u0cbf\u0cb8\u0cb2\u0ccd\u0caa\u0c9f\u0ccd\u0c9f\u0cbf\u0ca6\u0ccd\u0ca6\u0cc7\u0ca8\u0cc6\u0c82\u0ca6\u0cc1 \u0ca4\u0cbf\u0cb3\u0cbf\u0ca6\u0cc1 \u0caa\u0ccd\u0cb0\u0cc0\u0ca4\u0cbf\u0caf\u0cbf\u0c82\u0ca6 \u0cb8\u0cbe\u0cb0\u0cc1\u0ca4\u0ccd\u0ca4\u0cbe\u0cb0\u0cc6."},{"Verseid":"49000017","Verse":"\u0cb9\u0cc7\u0c97\u0cbe\u0ca6\u0cb0\u0cc7\u0ca8\u0cc1? \u0caf\u0cbe\u0cb5 \u0cb0\u0cc0\u0ca4\u0cbf\u0caf\u0cbf\u0c82\u0ca6\u0cbe\u0ca6\u0cb0\u0cc2 \u0c85\u0c82\u0ca6\u0cb0\u0cc6 \u0c95\u0caa\u0c9f\u0ca6\u0cbf\u0c82\u0ca6\u0cbe \u0c97\u0cb2\u0cbf \u0c87\u0cb2\u0ccd\u0cb2\u0cb5\u0cc6 \u0cb8\u0ca4\u0ccd\u0caf\u0ca6\u0cbf\u0c82\u0ca6\u0cbe\u0c97\u0cb2\u0cbf \u0c95\u0ccd\u0cb0\u0cbf\u0cb8\u0ccd\u0ca4\u0ca8\u0ca8\u0ccd\u0ca8\u0cc1 \u0caa\u0ccd\u0cb0\u0cb8\u0cbf\u0ca6\u0ccd\u0ca7\u0cbf\u0caa\u0ca1\u0cbf \u0cb8\u0cc1\u0cb5\u0ca6\u0cc1\u0c82\u0c9f\u0cc1; \u0c87\u0ca6\u0c95\u0ccd\u0c95\u0cc6 \u0ca8\u0cbe\u0ca8\u0cc1 \u0cb8\u0c82\u0ca4\u0ccb\u0cb7\u0cbf\u0cb8\u0cc1\u0ca4\u0ccd\u0ca4\u0cc7\u0ca8\u0cc6 \u0cb9\u0ccc\u0ca6\u0cc1, \u0cae\u0cc1\u0c82\u0ca6\u0cc6\u0caf\u0cc2 \u0cb8\u0c82\u0ca4\u0ccb\u0cb7\u0cbf\u0cb8\u0cc1\u0cb5\u0cc6\u0ca8\u0cc1."},{"Verseid":"49000018","Verse":"\u0ca8\u0cbf\u0cae\u0ccd\u0cae \u0caa\u0ccd\u0cb0\u0cbe\u0cb0\u0ccd\u0ca5\u0ca8\u0cc6\u0caf\u0cbf\u0c82\u0ca6\u0cb2\u0cc2 \u0caf\u0cc7\u0cb8\u0cc1 \u0c95\u0ccd\u0cb0\u0cbf\u0cb8\u0ccd\u0ca4\u0ca8 \u0c86\u0ca4\u0ccd\u0cae\u0ca8 \u0cb8\u0cb9\u0cbe\u0caf \u0ca6\u0cbf\u0c82\u0ca6\u0cb2\u0cc2 \u0c87\u0ca6\u0cc1 \u0ca8\u0ca8\u0ccd\u0ca8 \u0cb0\u0c95\u0ccd\u0cb7\u0ca3\u0cc6\u0c97\u0cc6 \u0caa\u0cb0\u0cbf\u0ca3\u0cae\u0cbf\u0cb8\u0cc1\u0cb5\u0ca6\u0cc6\u0c82\u0ca6\u0cc1 \u0ca8\u0cbe\u0ca8\u0cc1 \u0cac\u0cb2\u0ccd\u0cb2\u0cc6\u0ca8\u0cc1."},{"Verseid":"49000019","Verse":"\u0cb9\u0cc7\u0c97\u0cc6\u0c82\u0ca6\u0cb0\u0cc6, \u0ca8\u0cbe\u0ca8\u0cc1 \u0caf\u0cbe\u0cb5 \u0cb5\u0cbf\u0cb7\u0caf\u0ca6\u0cb2\u0ccd\u0cb2\u0cbe\u0ca6\u0cb0\u0cc2 \u0ca8\u0cbe\u0c9a\u0cbf\u0c95\u0cc6\u0caa\u0ca1\u0ca6\u0cc6 \u0c8e\u0c82\u0ca6\u0cbf\u0ca8\u0c82\u0ca4\u0cc6 \u0c88\u0c97\u0cb2\u0cc2 \u0cb8\u0cb9 \u0ca4\u0cc1\u0c82\u0cac\u0cbe \u0ca7\u0cc8\u0cb0\u0ccd\u0caf\u0ca6\u0cbf\u0c82\u0ca6\u0cbf\u0cb0\u0cc1\u0cb5\u0ca6\u0cb0\u0cbf\u0c82\u0ca6 \u0cac\u0ca6\u0cc1\u0c95\u0cbf\u0ca6\u0cb0\u0cc2 \u0cb8\u0cb0\u0cbf\u0caf\u0cc7 \u0cb8\u0ca4\u0ccd\u0ca4\u0cb0\u0cc2 \u0cb8\u0cb0\u0cbf\u0caf\u0cc7 \u0ca8\u0ca8\u0ccd\u0ca8 \u0ca6\u0cc7\u0cb9\u0ca6 \u0cae\u0cc2\u0cb2\u0c95 \u0c95\u0ccd\u0cb0\u0cbf\u0cb8\u0ccd\u0ca4\u0ca8\u0cbf\u0c97\u0cc6 \u0cae\u0cb9\u0cbf\u0cae\u0cc6\u0caf\u0cc1\u0c82\u0c9f\u0cbe\u0c97\u0cac\u0cc7\u0c95\u0cc6\u0c82\u0ca6\u0cc1 \u0ca8\u0ca8\u0c97\u0cc6 \u0cac\u0cb9\u0cb3 \u0c85\u0cad\u0cbf\u0cb2\u0cbe\u0cb7\u0cc6\u0caf\u0cc2 \u0ca8\u0cbf\u0cb0\u0cc0\u0c95\u0ccd\u0cb7\u0cc6\u0caf\u0cc2 \u0c89\u0c82\u0c9f\u0cc1."},{"Verseid":"49000020","Verse":"\u0ca8\u0ca8\u0c97\u0c82\u0ca4\u0cc2 \u0cac\u0ca6\u0cc1\u0c95\u0cc1\u0cb5\u0ca6\u0cc6\u0c82\u0ca6\u0cb0\u0cc6 \u0c95\u0ccd\u0cb0\u0cbf\u0cb8\u0ccd\u0ca4\u0ca8\u0cc7, \u0cb8\u0cbe\u0caf\u0cc1 \u0cb5\u0ca6\u0cc1 \u0cb2\u0cbe\u0cad\u0cb5\u0cc7."},{"Verseid":"49000021","Verse":"\u0cb6\u0cb0\u0cc0\u0cb0\u0ca6\u0cb2\u0ccd\u0cb2\u0cbf\u0caf\u0cc7 \u0cac\u0ca6\u0cc1\u0c95\u0cac\u0cc7\u0c95\u0cbe \u0ca6\u0cb2\u0ccd\u0cb2\u0cbf \u0c95\u0cc6\u0cb2\u0cb8\u0cae\u0cbe\u0ca1\u0cbf \u0cab\u0cb2\u0cb9\u0cca\u0c82\u0ca6\u0cb2\u0cc1 \u0ca8\u0ca8\u0c97\u0cc6 \u0c85\u0ca8\u0cc1\u0c95\u0cc2\u0cb2 \u0cb5\u0cbe\u0c97\u0cc1\u0cb5\u0ca6\u0cc1. \u0cb9\u0cc0\u0c97\u0cbf\u0cb0\u0cb2\u0cbe\u0c97\u0cbf \u0ca8\u0cbe\u0ca8\u0cc1 \u0caf\u0cbe\u0cb5\u0ca6\u0ca8\u0ccd\u0ca8\u0cbe\u0cb0\u0cbf\u0cb8\u0cbf\u0c95\u0cca\u0cb3\u0ccd\u0cb3\u0cac\u0cc7\u0c95\u0ccb \u0ca8\u0ca8\u0c97\u0cc6 \u0ca4\u0ccb\u0cb0\u0ca6\u0cc1;"},{"Verseid":"49000022","Verse":"\u0c88 \u0c8e\u0cb0\u0ca1\u0cb0 \u0ca8\u0ca1\u0cc1\u0cb5\u0cc6 \u0cb8\u0cbf\u0c95\u0ccd\u0c95\u0cbf\u0c95\u0cca\u0c82\u0ca1\u0cbf\u0ca6\u0ccd\u0ca6\u0cc7\u0ca8\u0cc6; \u0c87\u0cb2\u0ccd\u0cb2\u0cbf\u0c82\u0ca6 \u0cb9\u0ccb\u0c97\u0cbf\u0cac\u0cbf\u0c9f\u0ccd\u0c9f\u0cc1 \u0c95\u0ccd\u0cb0\u0cbf\u0cb8\u0ccd\u0ca4\u0ca8 \u0c9c\u0cca\u0ca4\u0cc6\u0caf\u0cb2\u0ccd\u0cb2\u0cbf\u0cb0\u0cac\u0cc7\u0c95\u0cc6\u0c82\u0cac\u0ca6\u0cc7 \u0ca8\u0ca8\u0ccd\u0ca8 \u0c85\u0cad\u0cbf\u0cb2\u0cbe\u0cb7\u0cc6, \u0c85\u0ca6\u0cc1 \u0c89\u0ca4\u0ccd\u0ca4\u0cae\u0ccb\u0ca4\u0ccd\u0ca4\u0cae"},{"Verseid":"49000023","Verse":"\u0c86\u0ca6\u0cbe\u0c97\u0ccd\u0caf\u0cc2 \u0ca8\u0cbe\u0ca8\u0cbf\u0ca8\u0ccd\u0ca8\u0cc2 \u0cb6\u0cb0\u0cc0\u0cb0\u0ca6\u0cb2\u0ccd\u0cb2\u0cbf \u0cb5\u0cbe\u0cb8\u0cae\u0cbe\u0ca1\u0cbf\u0c95\u0cca\u0c82\u0ca1\u0cbf\u0cb0\u0cc1\u0cb5\u0ca6\u0cc1 \u0ca8\u0cbf\u0cae \u0c97\u0ccb\u0cb8\u0ccd\u0c95\u0cb0 \u0cac\u0cb9\u0cc1 \u0c85\u0cb5\u0cb6\u0ccd\u0caf\u0cb5\u0cbe\u0ca6\u0ca6\u0ccd\u0ca6\u0cc1."},{"Verseid":"49000024","Verse":"\u0c86\u0ca6\u0ca6\u0cb0\u0cbf\u0c82\u0ca6 \u0ca8\u0cbf\u0cae\u0c97\u0cc6 \u0ca8\u0c82\u0cac\u0cbf\u0c95\u0cc6\u0caf\u0cb2\u0ccd\u0cb2\u0cbf \u0c85\u0cad\u0cbf\u0cb5\u0cc3\u0ca6\u0ccd\u0ca7\u0cbf\u0caf\u0cc2 \u0cb8\u0c82\u0ca4\u0ccb\u0cb7\u0cb5\u0cc2 \u0c89\u0c82\u0c9f\u0cbe\u0c97\u0cc1\u0cb5\u0ca6\u0c95\u0ccd\u0c95\u0ccb\u0cb8\u0ccd\u0c95\u0cb0 \u0ca8\u0cbe\u0ca8\u0cc1 \u0c9c\u0cc0\u0cb5\u0ca6\u0cbf\u0c82\u0ca6\u0cc1\u0cb3\u0cbf\u0ca6\u0cc1 \u0ca8\u0cbf\u0cae\u0ccd\u0cae\u0cc6\u0cb2\u0ccd\u0cb2\u0cb0 \u0cac\u0cb3\u0cbf\u0caf\u0cb2\u0ccd\u0cb2\u0cbf\u0cb0\u0cc1\u0cb5\u0cc6\u0ca8\u0cc6\u0c82\u0ca6\u0cc1 \u0ca6\u0cc3\u0ca2\u0cb5\u0cbe\u0c97\u0cbf \u0ca8\u0c82\u0cac\u0cbf \u0ca6\u0ccd\u0ca6\u0cc7\u0ca8\u0cc6."},{"Verseid":"49000025","Verse":"\u0cb9\u0cc0\u0c97\u0cc6 \u0ca8\u0cbe\u0ca8\u0cc1 \u0ca4\u0cbf\u0cb0\u0cbf\u0c97\u0cbf \u0ca8\u0cbf\u0cae\u0ccd\u0cae \u0cac\u0cb3\u0cbf\u0c97\u0cc6 \u0cac\u0cb0\u0cc1\u0cb5\u0ca6\u0cb0\u0cbf\u0c82\u0ca6 \u0ca8\u0ca8\u0ccd\u0ca8 \u0cb5\u0cbf\u0cb7\u0caf\u0cb5\u0cbe\u0ca6 \u0ca8\u0cbf\u0cae\u0ccd\u0cae \u0cb8\u0c82\u0ca4\u0ccb\u0cb7\u0cb5\u0cc1 \u0caf\u0cc7\u0cb8\u0cc1 \u0c95\u0ccd\u0cb0\u0cbf\u0cb8\u0ccd\u0ca4\u0ca8\u0cb2\u0ccd\u0cb2\u0cbf \u0ca8\u0cae\u0c97\u0cc6 \u0c85\u0ca4\u0ccd\u0caf\u0ca7\u0cbf\u0c95\u0cb5\u0cbe\u0c97\u0cbf\u0cb0\u0cc1\u0cb5\u0ca6\u0cc1."},{"Verseid":"49000026","Verse":"\u0cb9\u0cc7\u0c97\u0cc2 \u0c95\u0ccd\u0cb0\u0cbf\u0cb8\u0ccd\u0ca4\u0ca8 \u0cb8\u0cc1\u0cb5\u0cbe\u0cb0\u0ccd\u0ca4\u0cc6\u0c97\u0cc6 \u0caf\u0ccb\u0c97\u0ccd\u0caf\u0cb0\u0cbe\u0c97\u0cbf \u0ca8\u0ca1\u0cc6\u0ca6\u0cc1\u0c95\u0cca\u0cb3\u0ccd\u0cb3\u0cbf\u0cb0\u0cbf. \u0c86\u0c97 \u0ca8\u0cbe\u0ca8\u0cc1 \u0cac\u0c82\u0ca6\u0cc1 \u0ca8\u0cbf\u0cae\u0ccd\u0cae\u0ca8\u0ccd\u0ca8\u0cc1 \u0ca8\u0ccb\u0ca1\u0cbf \u0ca6\u0cb0\u0cc2 \u0cb8\u0cb0\u0cbf\u0caf\u0cc7, \u0ca6\u0cc2\u0cb0\u0ca6\u0cb2\u0ccd\u0cb2\u0cbf\u0ca6\u0ccd\u0ca6\u0cc1 \u0ca8\u0cbf\u0cae\u0ccd\u0cae \u0cb8\u0cc1\u0ca6\u0ccd\u0ca6\u0cbf\u0caf\u0ca8\u0ccd\u0ca8\u0cc1 \u0c95\u0cc7\u0cb3\u0cbf\u0ca6\u0cb0\u0cc2 \u0cb8\u0cb0\u0cbf\u0caf\u0cc7, \u0ca8\u0cc0\u0cb5\u0cc1 \u0c92\u0c82\u0ca6\u0cc7 \u0c86\u0ca4\u0ccd\u0cae\u0ca6\u0cb2\u0ccd\u0cb2\u0cbf \u0ca6\u0cc3\u0ca2 \u0cb5\u0cbe\u0c97\u0cbf \u0ca8\u0cbf\u0c82\u0ca4\u0cc1 \u0cb8\u0cc1\u0cb5\u0cbe\u0cb0\u0ccd\u0ca4\u0cc6\u0caf\u0cb2\u0ccd\u0cb2\u0cbf\u0c9f\u0ccd\u0c9f \u0ca8\u0c82\u0cac\u0cbf\u0c95\u0cc6\u0c97\u0cca\u0cb8\u0ccd\u0c95\u0cb0 \u0c90\u0c95\u0ccd\u0caf\u0cae\u0ca4\u0ccd\u0caf\u0ca6\u0cbf\u0c82\u0ca6\u0cb2\u0cc2 \u0c92\u0c82\u0ca6\u0cc7 \u0cae\u0ca8\u0cb8\u0ccd\u0cb8\u0cbf\u0ca8\u0cbf\u0c82\u0ca6\u0cb2\u0cc2 \u0cb9\u0cc6"},{"Verseid":"49000027","Verse":"\u0caf\u0cbe\u0cb5 \u0cb5\u0cbf\u0cb7\u0caf\u0ca6\u0cb2\u0ccd\u0cb2\u0cbf\u0caf\u0cbe\u0ca6\u0cb0\u0cc2 \u0ca8\u0cbf\u0cae\u0ccd\u0cae \u0cb5\u0cbf\u0cb0\u0ccb\u0ca6\u0cbf\u0c97\u0cb3\u0cbf\u0c97\u0cc6 \u0cad\u0caf\u0caa\u0ca1\u0cac\u0cc7\u0ca1\u0cbf\u0cb0\u0cbf; \u0ca8\u0cc0\u0cb5\u0cc1 \u0cad\u0caf\u0caa\u0ca1 \u0ca6\u0cbf\u0cb0\u0cc1\u0cb5\u0ca6\u0cc1 \u0c85\u0cb5\u0cb0\u0cbf\u0c97\u0cc6 \u0ca8\u0cbe\u0cb6\u0ca8\u0c95\u0ccd\u0c95\u0cbe\u0c97\u0cbf\u0caf\u0cc2 \u0ca8\u0cbf\u0cae\u0c97\u0cc6 \u0cb0\u0c95\u0ccd\u0cb7\u0ca3\u0cc6 \u0c97\u0cbe\u0c97\u0cbf\u0caf\u0cc2 \u0ca6\u0cc7\u0cb5\u0cb0\u0cbf\u0c82\u0ca6\u0cbe\u0ca6 \u0caa\u0ccd\u0cb0\u0cae\u0cbe\u0ca3\u0cb5\u0cbe\u0c97\u0cbf\u0ca6\u0cc6."},{"Verseid":"49000028","Verse":"\u0cb9\u0cc7\u0c97\u0cc6\u0c82\u0ca6\u0cb0\u0cc6 \u0c95\u0ccd\u0cb0\u0cbf\u0cb8\u0ccd\u0ca4\u0ca8 \u0cae\u0cc7\u0cb2\u0cc6 \u0ca8\u0c82\u0cac\u0cbf\u0c95\u0cc6\u0caf\u0cbf\u0ca1\u0cc1\u0cb5\u0ca6\u0cc2 \u0c86\u0ca4\u0ca8\u0cbf\u0c97\u0ccb\u0cb8\u0ccd\u0c95\u0cb0 \u0cac\u0cbe\u0ca7\u0cc6\u0caf\u0ca8\u0ccd\u0ca8\u0ca8\u0cc1\u0cad\u0cb5\u0cbf\u0cb8\u0cc1\u0cb5\u0ca6\u0cc2 \u0c86\u0ca4\u0ca8 \u0caa\u0cb0\u0cb5\u0cbe\u0c97\u0cbf \u0ca8\u0cbf\u0cae\u0c97\u0cc6 \u0c85\u0ca8\u0cc1\u0c97\u0ccd\u0cb0\u0cb9\u0cb5\u0cbe\u0c97\u0cbf \u0ca6\u0cca\u0cb0\u0cc6\u0caf\u0cbf\u0ca4\u0cc1."},{"Verseid":"49000029","Verse":"\u0cb9\u0cc0\u0c97\u0cc6 \u0ca8\u0cc0\u0cb5\u0cc1 \u0ca8\u0ca8\u0ccd\u0ca8\u0cb2\u0ccd\u0cb2\u0cbf \u0c95\u0c82\u0ca1\u0c82\u0ca5 \u0cae\u0ca4\u0ccd\u0ca4\u0cc1 \u0c88\u0c97 \u0ca8\u0ca8\u0ccd\u0ca8\u0cb2\u0ccd\u0cb2\u0cbf\u0cb0\u0cc1\u0cb5\u0ca6\u0cc6\u0c82\u0ca6\u0cc1 \u0ca8\u0cc0\u0cb5\u0cc1 \u0c95\u0cc7\u0cb3\u0cc1\u0cb5\u0c82\u0ca5 \u0cb9\u0ccb\u0cb0\u0cbe\u0c9f\u0cb5\u0cc7 \u0ca8\u0cbf\u0cae\u0c97\u0cc1\u0c82\u0c9f\u0cc1."}]},{"Verse":[{"Verseid":"49001000","Verse":"\u0c95\u0ccd\u0cb0\u0cbf\u0cb8\u0ccd\u0ca4\u0ca8\u0cb2\u0ccd\u0cb2\u0cbf \u0c86\u0ca6\u0cb0\u0ca3\u0cc6, \u0caa\u0ccd\u0cb0\u0cc0\u0ca4\u0cbf\u0caf \u0cb8\u0c82\u0ca4\u0cc8\u0cb8\u0cc1\u0cb5\u0cbf\u0c95\u0cc6, \u0c86\u0ca4\u0ccd\u0cae\u0ca8 \u0c85\u0ca8\u0ccd\u0caf\u0ccb\u0ca8\u0ccd\u0caf\u0ca4\u0cc6, \u0ca6\u0caf\u0cbe \u0cb5\u0cbe\u0ca4\u0ccd\u0cb8\u0cb2\u0ccd\u0caf\u0c97\u0cb3\u0cc1 \u0c87\u0cb0\u0cc1\u0cb5\u0ca6\u0cbe\u0ca6\u0cb0\u0cc6"},{"Verseid":"49001001","Verse":"\u0c90\u0c95\u0ccd\u0caf\u0cae\u0ca4\u0ccd\u0caf\u0cb5\u0cc1\u0cb3\u0ccd\u0cb3\u0cb5 \u0cb0\u0cbe\u0c97\u0cbf\u0ca6\u0ccd\u0ca6\u0cc1 \u0ca8\u0ca8\u0ccd\u0ca8 \u0cb8\u0c82\u0ca4\u0ccb\u0cb7\u0cb5\u0ca8\u0ccd\u0ca8\u0cc1 \u0caa\u0cb0\u0cbf\u0caa\u0cc2\u0cb0\u0ccd\u0ca3 \u0cae\u0cbe\u0ca1\u0cbf\u0cb0\u0cbf. \u0ca8\u0cbf\u0cae\u0ccd\u0cae\u0cc6\u0cb2\u0ccd\u0cb2\u0cb0\u0cb2\u0ccd\u0cb2\u0cbf \u0c92\u0c82\u0ca6\u0cc7 \u0caa\u0ccd\u0cb0\u0cc0\u0ca4\u0cbf\u0caf\u0cbf\u0cb0\u0cb2\u0cbf; \u0c85\u0ca8\u0ccd\u0caf\u0ccb \u0ca8\u0ccd\u0caf\u0ca4\u0cc6\u0caf\u0cc1\u0cb3\u0ccd\u0cb3\u0cb5\u0cb0\u0cc2 \u0c92\u0c82\u0ca6\u0cc7 \u0cae\u0ca8\u0cb8\u0ccd\u0cb8\u0cbf\u0ca8\u0cb5\u0cb0\u0cc2 \u0c86\u0c97\u0cbf\u0cb0\u0ccd\u0cb0\u0cbf."},{"Verseid":"49001002","Verse":"\u0c95\u0cb2\u0cb9\u0ca6\u0cbf\u0c82\u0ca6\u0cbe\u0c97\u0cb2\u0cbf \u0c92\u0ca3 \u0cb9\u0cc6\u0cae\u0ccd\u0cae\u0cc6\u0caf\u0cbf\u0c82\u0ca6\u0cbe\u0c97\u0cb2\u0cbf \u0caf\u0cbe\u0cb5 \u0ca6\u0ca8\u0ccd\u0ca8\u0cc2 \u0cae\u0cbe\u0ca1\u0ca6\u0cc6 \u0caa\u0ccd\u0cb0\u0ca4\u0cbf\u0caf\u0cca\u0cac\u0ccd\u0cac\u0ca8\u0cc1 \u0ca6\u0cc0\u0ca8 \u0cae\u0ca8\u0cb8\u0ccd\u0cb8\u0cbf\u0ca8\u0cbf\u0c82\u0ca6 \u0cac\u0cc7\u0cb0\u0cc6\u0caf\u0cb5\u0cb0\u0ca8\u0ccd\u0ca8\u0cc1 \u0ca4\u0ca8\u0c97\u0cbf\u0c82\u0ca4\u0cb2\u0cc2 \u0cb6\u0ccd\u0cb0\u0cc7\u0cb7\u0ccd\u0ca0\u0cb0\u0cc6\u0c82\u0ca6\u0cc1 \u0c8e\u0ca3\u0cbf\u0cb8\u0cb2\u0cbf."},{"Verseid":"49001003","Verse":"\u0caa\u0ccd\u0cb0\u0ca4\u0cbf\u0caf\u0cca\u0cac\u0ccd\u0cac\u0ca8\u0cc1 \u0cb8\u0ccd\u0cb5\u0cb9\u0cbf\u0ca4\u0cb5\u0ca8\u0ccd\u0ca8\u0cc1 \u0cae\u0cbe\u0ca4\u0ccd\u0cb0 \u0ca8\u0ccb\u0ca1\u0ca6\u0cc6 \u0caa\u0cb0\u0cb9\u0cbf\u0ca4\u0cb5\u0ca8\u0ccd\u0ca8\u0cc1 \u0cb8\u0cb9 \u0ca8\u0ccb\u0ca1\u0cb2\u0cbf."},{"Verseid":"49001004","Verse":"\u0c95\u0ccd\u0cb0\u0cbf\u0cb8\u0ccd\u0ca4 \u0caf\u0cc7\u0cb8\u0cc1\u0cb5\u0cbf\u0ca8\u0cb2\u0ccd\u0cb2\u0cbf\u0ca6\u0ccd\u0ca6 \u0cae\u0ca8\u0cb8\u0ccd\u0cb8\u0cc7 \u0ca8\u0cbf\u0cae\u0ccd\u0cae\u0cb2\u0ccd\u0cb2\u0cbf \u0c87\u0cb0\u0cb2\u0cbf."},{"Verseid":"49001005","Verse":"\u0c86\u0ca4\u0ca8\u0cc1 \u0ca6\u0cc7\u0cb5\u0cb8\u0ccd\u0cb5\u0cb0\u0cc2\u0caa \u0ca8\u0cbe\u0c97\u0cbf\u0ca6\u0ccd\u0ca6\u0cb0\u0cc2 \u0ca6\u0cc7\u0cb5\u0cb0\u0cbf\u0c97\u0cc6 \u0cb8\u0cb0\u0cbf\u0cb8\u0cae\u0cbe\u0ca8\u0ca8\u0cbe\u0c97\u0cbf\u0cb0\u0cc1\u0cb5\u0cc6\u0ca8\u0cc6\u0c82\u0ca6\u0cbf\u0ca3\u0cbf \u0cb8\u0ca6\u0cc6"},{"Verseid":"49001006","Verse":"\u0ca4\u0ca8\u0ccd\u0ca8\u0ca8\u0ccd\u0ca8\u0cc1 \u0cac\u0cb0\u0cbf\u0ca6\u0cc1 \u0cae\u0cbe\u0ca1\u0cbf\u0c95\u0cca\u0c82\u0ca1\u0cc1 \u0ca6\u0cbe\u0cb8\u0ca8 \u0cb0\u0cc2\u0caa\u0cb5\u0ca8\u0ccd\u0ca8\u0cc1 \u0ca7\u0cb0\u0cbf\u0cb8\u0cbf\u0c95\u0cca\u0c82\u0ca1\u0cbe\u0c97 \u0cae\u0ca8\u0cc1\u0cb7\u0ccd\u0caf\u0cb0 \u0cb9\u0ccb\u0cb2\u0cbf\u0c95\u0cc6 \u0caf\u0cb2\u0ccd\u0cb2\u0cbf \u0cae\u0cbe\u0ca1\u0cb2\u0ccd\u0caa\u0c9f\u0ccd\u0c9f\u0ca8\u0cc1."},{"Verseid":"49001007","Verse":"\u0cb9\u0cc0\u0c97\u0cc6 \u0c86\u0ca4\u0ca8\u0cc1 \u0c86\u0c95\u0cbe\u0cb0\u0ca6\u0cb2\u0ccd\u0cb2\u0cbf \u0cae\u0ca8\u0cc1\u0cb7\u0ccd\u0caf\u0ca8\u0cbe\u0c97\u0cbf \u0c95\u0cbe\u0ca3\u0cbf\u0cb8\u0cbf\u0c95\u0cca\u0c82\u0ca1\u0cbe\u0c97 \u0ca4\u0ca8\u0ccd\u0ca8\u0ca8\u0ccd\u0ca8\u0cc1 \u0ca4\u0c97\u0ccd\u0c97\u0cbf\u0cb8\u0cbf \u0c95\u0cca\u0c82\u0ca1\u0cc1 \u0cae\u0cb0\u0ca3\u0cb5\u0ca8\u0ccd\u0ca8\u0cc1 \u0c85\u0c82\u0ca6\u0cb0\u0cc6 \u0cb6\u0cbf\u0cb2\u0cc1\u0cac\u0cc6\u0caf \u0cae\u0cb0\u0ca3 \u0cb5\u0ca8\u0ccd\u0ca8\u0cbe\u0ca6\u0cb0\u0cc2 \u0cb9\u0cca\u0c82\u0ca6\u0cc1\u0cb5\u0cb7\u0ccd\u0c9f\u0cc1 \u0cb5\u0cbf\u0ca7\u0cc7\u0caf\u0ca8\u0cbe\u0ca6\u0ca8\u0cc1."},{"Verseid":"49001008","Verse":"\u0c88 \u0c95\u0cbe\u0cb0\u0ca3\u0ca6\u0cbf\u0c82\u0ca6 \u0ca6\u0cc7\u0cb5\u0cb0\u0cc1 \u0c86\u0ca4\u0ca8\u0ca8\u0ccd\u0ca8\u0cc1 \u0c85\u0ca4\u0ccd\u0caf\u0cc1\u0ca8\u0ccd\u0ca8\u0ca4\u0cb5\u0cbe\u0c97\u0cbf \u0c8f\u0cb0\u0cbf\u0cb8\u0cbf \u0c8e\u0cb2\u0ccd\u0cb2\u0cbe \u0cb9\u0cc6\u0cb8\u0cb0\u0cc1\u0c97\u0cb3\u0cbf\u0c97\u0cbf\u0c82\u0ca4 \u0c89\u0ca8\u0ccd\u0ca8\u0ca4\u0cb5\u0cbe\u0ca6 \u0cb9\u0cc6\u0cb8\u0cb0\u0ca8\u0ccd\u0ca8\u0cc1 \u0c86\u0ca4\u0ca8\u0cbf\u0c97\u0cc6 \u0ca6\u0caf\u0caa\u0cbe\u0cb2\u0cbf\u0cb8\u0cbf\u0ca6\u0ccd\u0ca6\u0cbe\u0ca8\u0cc6."},{"Verseid":"49001009","Verse":"\u0c88 \u0c95\u0cbe\u0cb0\u0ca3\u0ca6\u0cbf\u0c82\u0ca6 \u0ca6\u0cc7\u0cb5\u0cb0\u0cc1 \u0c86\u0ca4\u0ca8\u0ca8\u0ccd\u0ca8\u0cc1 \u0c85\u0ca4\u0ccd\u0caf\u0cc1\u0ca8\u0ccd\u0ca8\u0ca4\u0cb5\u0cbe\u0c97\u0cbf \u0c8f\u0cb0\u0cbf\u0cb8\u0cbf \u0c8e\u0cb2\u0ccd\u0cb2\u0cbe \u0cb9\u0cc6\u0cb8\u0cb0\u0cc1\u0c97\u0cb3\u0cbf\u0c97\u0cbf\u0c82\u0ca4 \u0c89\u0ca8\u0ccd\u0ca8\u0ca4\u0cb5\u0cbe\u0ca6 \u0cb9\u0cc6\u0cb8\u0cb0\u0ca8\u0ccd\u0ca8\u0cc1 \u0c86\u0ca4\u0ca8\u0cbf\u0c97\u0cc6 \u0ca6\u0caf\u0caa\u0cbe\u0cb2\u0cbf\u0cb8\u0cbf\u0ca6\u0ccd\u0ca6\u0cbe\u0ca8\u0cc6."},{"Verseid":"49001010","Verse":"\u0ca4\u0c82\u0ca6\u0cc6\u0caf\u0cbe\u0ca6 \u0ca6\u0cc7\u0cb5\u0cb0 \u0cae\u0cb9\u0cbf\u0cae\u0cc6\u0c97\u0cbe\u0c97\u0cbf \u0caf\u0cc7\u0cb8\u0cc1 \u0c95\u0ccd\u0cb0\u0cbf\u0cb8\u0ccd\u0ca4\u0ca8\u0cc1 \u0c95\u0cb0\u0ccd\u0ca4\u0ca8\u0cc6\u0c82\u0ca6\u0cc1 \u0caa\u0ccd\u0cb0\u0ca4\u0cbf\u0caf\u0cca\u0c82\u0ca6\u0cc1 \u0ca8\u0cbe\u0cb2\u0cbf\u0c97\u0cc6\u0caf\u0cc2 \u0c85\u0cb0\u0cbf\u0c95\u0cc6 \u0cae\u0cbe\u0ca1\u0cc1\u0cb5\u0ca6\u0cc1."},{"Verseid":"49001011","Verse":"\u0cb9\u0cc0\u0c97\u0cbf\u0cb0\u0cc1\u0cb5\u0cb2\u0ccd\u0cb2\u0cbf \u0ca8\u0ca8\u0ccd\u0ca8 \u0caa\u0ccd\u0cb0\u0cbf\u0caf\u0cb0\u0cc7, \u0ca8\u0cc0\u0cb5\u0cc1 \u0caf\u0cbe\u0cb5\u0cbe \u0c97\u0cb2\u0cc2 \u0cb5\u0cbf\u0ca7\u0cc7\u0caf\u0cb0\u0cbe\u0ca6\u0c82\u0ca4\u0cc6 \u0c88\u0c97\u0cb2\u0cc2 \u0cb5\u0cbf\u0ca7\u0cc7\u0caf\u0cb0\u0cbe\u0c97\u0cbf \u0ca8\u0cbe\u0ca8\u0cc1 \u0ca8\u0cbf\u0cae\u0ccd\u0cae\u0cb2\u0ccd\u0cb2\u0cbf\u0cb0\u0cc1\u0cb5\u0cbe\u0c97 \u0cae\u0cbe\u0ca4\u0ccd\u0cb0\u0cb5\u0cb2\u0ccd\u0cb2\u0ca6\u0cc6 \u0ca8\u0cbe\u0ca8\u0cbf\u0cb2\u0ccd\u0cb2\u0ca6\u0cbf\u0cb0\u0cc1 \u0cb5\u0cbe\u0c97\u0cb2\u0cc2 \u0cac\u0cb9\u0cc1 \u0cb9\u0cc6\u0c9a\u0ccd\u0c9a\u0cbe\u0c97\u0cbf \u0cad\u0caf\u0ca6\u0cbf\u0c82\u0ca6 \u0ca8\u0ca1\u0cc1\u0c97\u0cc1\u0ca4\u0ccd\u0ca4\u0cbe \u0ca8\u0cbf\u0cae\u0ccd\u0cae \u0cb8\u0ccd\u0cb5\u0c82\u0ca4 \u0cb0\u0c95\u0ccd\u0cb7\u0ca3\u0cc6\u0caf\u0ca8\u0ccd\u0ca8\u0cc1 \u0cb8\u0cbe\u0ca7\u0cbf\u0cb8\u0cbf\u0c95\u0cca\u0cb3\u0ccd\u0cb3\u0cbf\u0cb0\u0cbf."},{"Verseid":"49001012","Verse":"\u0ca4\u0ca8\u0ccd\u0ca8 \u0cb8\u0cc1\u0c9a\u0cbf\u0ca4\u0ccd\u0ca4\u0ca6 \u0caa\u0ccd\u0cb0\u0c95\u0cbe\u0cb0 \u0ca8\u0cbf\u0cae\u0ccd\u0cae\u0cb2\u0ccd\u0cb2\u0cbf \u0c89\u0ca6\u0ccd\u0ca6\u0cc7\u0cb6\u0cb5\u0ca8\u0ccd\u0ca8\u0cc2 \u0c95\u0cbe\u0cb0\u0ccd\u0caf \u0cb5\u0ca8\u0ccd\u0ca8\u0cc2 \u0cb8\u0cbe\u0ca7\u0cbf\u0cb8\u0cc1\u0cb5\u0cbe\u0ca4\u0ca8\u0cc1 \u0ca6\u0cc7\u0cb5\u0cb0\u0cc7."},{"Verseid":"49001013","Verse":"\u0c97\u0cc1\u0ca3\u0c97\u0cc1\u0c9f\u0ccd\u0c9f\u0ca6\u0cc6 \u0caf\u0cc2 \u0cb5\u0cbf\u0cb5\u0cbe\u0ca6\u0cb5\u0cbf\u0cb2\u0ccd\u0cb2\u0ca6\u0cc6\u0caf\u0cc2 \u0c8e\u0cb2\u0ccd\u0cb2\u0cb5\u0ca8\u0ccd\u0ca8\u0cc1 \u0cae\u0cbe\u0ca1\u0cbf\u0cb0\u0cbf."},{"Verseid":"49001014","Verse":"\u0cb9\u0cc0\u0c97\u0cc6 \u0ca8\u0cc0\u0cb5\u0cc1 \u0ca6\u0ccb\u0cb7\u0cb5\u0cbf\u0cb2\u0ccd\u0cb2\u0ca6\u0cb5\u0cb0\u0cc2 \u0c95\u0cc7\u0ca1\u0cc1\u0cae\u0cbe\u0ca1 \u0ca6\u0cb5\u0cb0\u0cc2 \u0ca8\u0cbf\u0c82\u0ca6\u0cbe\u0cb0\u0cb9\u0cbf\u0ca4\u0cb0\u0cc2 \u0c86\u0ca6 \u0ca6\u0cc7\u0cb5\u0caa\u0cc1\u0ca4\u0ccd\u0cb0\u0cb0\u0cbe\u0c97\u0cbf \u0cb5\u0c95\u0ccd\u0cb0\u0cb5\u0cc1\u0cb3\u0ccd\u0cb3 \u0ca6\u0cc1\u0cb7\u0ccd\u0c9f\u0c9c\u0ca8\u0cbe\u0c82\u0c97\u0ca6 \u0cae\u0ca7\u0ccd\u0caf\u0ca6\u0cb2\u0ccd\u0cb2\u0cbf \u0c9c\u0cc0\u0cb5\u0ca6\u0cbe\u0caf\u0c95 \u0cb5\u0cbe\u0c95\u0ccd\u0caf\u0cb5\u0ca8\u0ccd\u0ca8\u0cc1 \u0cb9\u0cbf\u0ca1\u0cc1\u0c95\u0cca\u0c82\u0ca1\u0cc1 \u0cb2\u0ccb\u0c95\u0ca6\u0cb2\u0ccd\u0cb2\u0cbf \u0cac\u0cc6\u0cb3\u0c95\u0cc1\u0c97\u0cb3\u0c82\u0ca4\u0cc6 \u0cb9\u0cca\u0cb3\u0cc6\u0caf\u0cc1\u0cb5\u0cb5\u0cb0\u0cbe\u0c97\u0cbf\u0ca6\u0ccd\u0ca6\u0cc0\u0cb0\u0cbf."},{"Verseid":"49001015","Verse":"\u0cb9\u0cc0\u0c97\u0cc6 \u0ca8\u0cbe\u0ca8\u0cc1 \u0c95\u0cc6\u0cb2\u0cb8 \u0cb8\u0cbe\u0ca7\u0cbf\u0cb8\u0cbf\u0ca6\u0ccd\u0ca6\u0cc2 \u0caa\u0ccd\u0cb0\u0caf\u0cbe\u0cb8\u0caa\u0c9f\u0ccd\u0c9f\u0ca6\u0ccd\u0ca6\u0cc2 \u0cb5\u0ccd\u0caf\u0cb0\u0ccd\u0ca5\u0cb5\u0cbe\u0c97\u0cb2\u0cbf\u0cb2\u0ccd\u0cb2 \u0cb5\u0cc6\u0c82\u0ca6\u0cc1 \u0ca4\u0cbf\u0cb3\u0cbf\u0ca6\u0cc1 \u0c95\u0ccd\u0cb0\u0cbf\u0cb8\u0ccd\u0ca4\u0ca8 \u0ca6\u0cbf\u0ca8\u0ca6\u0cb2\u0ccd\u0cb2\u0cbf \u0cb8\u0c82\u0ca4\u0ccb\u0cb7\u0caa\u0ca1\u0cc1\u0cb5\u0cc6\u0ca8\u0cc1."},{"Verseid":"49001016","Verse":"\u0cb9\u0ccc\u0ca6\u0cc1, \u0ca8\u0cbf\u0cae\u0ccd\u0cae \u0ca8\u0c82\u0cac\u0cbf\u0c95\u0cc6\u0caf\u0cc6\u0c82\u0cac \u0caf\u0c9c\u0ccd\u0c9e\u0cb5\u0ca8\u0ccd\u0ca8\u0cc1 \u0c85\u0cb0\u0ccd\u0caa\u0cbf\u0cb8\u0cc1\u0cb5 \u0cb8\u0cc7\u0cb5\u0cc6\u0caf\u0cb2\u0ccd\u0cb2\u0cbf \u0ca8\u0cbe\u0ca8\u0cc7 \u0c85\u0cb0\u0ccd\u0caa\u0cbf\u0ca4\u0cb5\u0cbe\u0c97 \u0cac\u0cc7\u0c95\u0cbe\u0ca6\u0cb0\u0cc2 \u0ca8\u0cbe\u0ca8\u0cc1 \u0cb9\u0cb0\u0ccd\u0cb7\u0c97\u0cca\u0c82\u0ca1\u0cc1 \u0ca8\u0cbf\u0cae\u0ccd\u0cae\u0cc6\u0cb2\u0ccd\u0cb2\u0cb0 \u0c95\u0cc2\u0ca1 \u0cb8\u0c82\u0ca4\u0ccb\u0cb7\u0cbf\u0cb8\u0cc1\u0cb5\u0cc6\u0ca8\u0cc1."},{"Verseid":"49001017","Verse":"\u0c88 \u0c95\u0cbe\u0cb0\u0ca3\u0c95\u0ccd\u0c95\u0cbe\u0c97\u0cbf\u0caf\u0cc7 \u0ca8\u0cc0\u0cb5\u0cc1 \u0c86\u0ca8\u0c82\u0ca6\u0cbf\u0cb8\u0cbf\u0cb0\u0cbf, \u0ca8\u0ca8\u0ccd\u0ca8\u0cca\u0c82\u0ca6\u0cbf\u0c97\u0cc6 \u0cb8\u0c82\u0ca4\u0cca\u0cb7\u0caa\u0ca1\u0cbf\u0cb0\u0cbf."},{"Verseid":"49001018","Verse":"\u0ca8\u0cbe\u0ca8\u0cc1 \u0ca4\u0cbf\u0cae\u0cca\u0ca5\u0cc6\u0caf\u0ca8\u0ca8\u0ccd\u0ca8\u0cc1 \u0cac\u0cc7\u0c97\u0ca8\u0cc6 \u0ca8\u0cbf\u0cae\u0ccd\u0cae \u0cac\u0cb3\u0cbf\u0c97\u0cc6 \u0c95\u0cb3\u0cc1\u0cb9\u0cbf\u0cb8\u0cc1\u0cb5\u0ca6\u0c95\u0ccd\u0c95\u0cc6 \u0c95\u0cb0\u0ccd\u0ca4\u0ca8\u0cbe\u0ca6 \u0caf\u0cc7\u0cb8\u0cc1\u0cb5\u0cbf\u0ca8\u0cb2\u0ccd\u0cb2\u0cbf \u0ca8\u0cbf\u0cb0\u0cc0\u0c95\u0ccd\u0cb7\u0cbf\u0cb8\u0cc1\u0ca4\u0ccd\u0ca4\u0cc7\u0ca8\u0cc6. \u0c85\u0cb5\u0ca8 \u0cae\u0cc1\u0c96\u0cbe\u0c82\u0ca4\u0cb0 \u0ca8\u0cbf\u0cae\u0ccd\u0cae \u0cb5\u0cbf\u0cb7\u0caf\u0cb5\u0ca8\u0ccd\u0ca8\u0cc1 \u0ca4\u0cbf\u0cb3\u0cbf\u0ca6\u0cc1 \u0ca8\u0cbe\u0ca8\u0cc1 \u0cb8\u0cb9 \u0c86\u0ca6\u0cb0\u0ca3\u0cc6\u0cb9\u0cca\u0c82\u0ca6\u0cc7\u0ca8\u0cc1."},{"Verseid":"49001019","Verse":"\u0c85\u0cb5\u0ca8 \u0cb9\u0cbe\u0c97\u0cc6 \u0ca8\u0cbf\u0cae\u0ccd\u0cae \u0c95\u0cbe\u0cb0\u0ccd\u0caf\u0c97\u0cb3\u0ca8\u0ccd\u0ca8\u0cc1 \u0c95\u0cc1\u0cb0\u0cbf\u0ca4\u0cc1 \u0cb8\u0ccd\u0cb5\u0cbe\u0cad\u0cbe\u0cb5\u0cbf\u0c95\u0cb5\u0cbe\u0c97\u0cbf \u0c9a\u0cbf\u0c82\u0ca4\u0cbf\u0cb8\u0cc1\u0cb5\u0cb5\u0cb0\u0cc1 \u0ca8\u0ca8\u0ccd\u0ca8 \u0cac\u0cb3\u0cbf\u0caf\u0cb2\u0ccd\u0cb2\u0cbf \u0cac\u0cc7\u0cb0\u0cc6 \u0caf\u0cbe\u0cb0\u0cc2 \u0c87\u0cb2\u0ccd\u0cb2."},{"Verseid":"49001020","Verse":"\u0c8e\u0cb2\u0ccd\u0cb2\u0cb0\u0cc2 \u0cb8\u0ccd\u0cb5\u0c95\u0cbe\u0cb0\u0ccd\u0caf\u0c97\u0cb3 \u0cae\u0cc7\u0cb2\u0cc6 \u0cae\u0ca8\u0cb8\u0ccd\u0cb8\u0cbf\u0ca1\u0cc1 \u0ca4\u0ccd\u0ca4\u0cbe\u0cb0\u0cc6\u0caf\u0cc7 \u0cb9\u0cca\u0cb0\u0ca4\u0cc1 \u0caf\u0cc7\u0cb8\u0cc1 \u0c95\u0ccd\u0cb0\u0cbf\u0cb8\u0ccd\u0ca4\u0ca8 \u0c95\u0cbe\u0cb0\u0ccd\u0caf\u0c97\u0cb3 \u0cae\u0cc7\u0cb2\u0cc6 \u0cae\u0ca8\u0cb8\u0ccd\u0cb8\u0cbf\u0ca1\u0cc1\u0cb5\u0ca6\u0cbf\u0cb2\u0ccd\u0cb2."},{"Verseid":"49001021","Verse":"\u0c86\u0ca6\u0cb0\u0cc6 \u0c85\u0cb5\u0ca8\u0ca8\u0ccd\u0ca8\u0cc1 \u0ca8\u0cc0\u0cb5\u0cc1 \u0caa\u0cb0\u0cc0\u0c95\u0ccd\u0cb7\u0cbf\u0cb8\u0cbf \u0ca4\u0cbf\u0cb3\u0cbf\u0ca6\u0cc1\u0c95\u0cca\u0c82\u0ca1\u0cbf\u0ca6\u0ccd\u0ca6\u0cc0\u0cb0\u0cbf. \u0cae\u0c97\u0ca8\u0cc1 \u0ca4\u0c82\u0ca6\u0cc6\u0c97\u0cc6 \u0cb9\u0cc7\u0c97\u0ccb \u0cb9\u0cbe\u0c97\u0cc6\u0caf\u0cc7 \u0c85\u0cb5\u0ca8\u0cc1 \u0cb8\u0cc1\u0cb5\u0cbe\u0cb0\u0ccd\u0ca4\u0cc6\u0caf\u0cb2\u0ccd\u0cb2\u0cbf \u0ca8\u0ca8\u0ccd\u0ca8\u0cca\u0c82\u0ca6\u0cbf\u0c97\u0cc6 \u0cb8\u0cc7\u0cb5\u0cc6 \u0cae\u0cbe\u0ca1\u0cbf\u0ca6\u0ccd\u0ca6\u0cbe\u0ca8\u0cc6."},{"Verseid":"49001022","Verse":"\u0c86\u0ca6\u0ca6\u0cb0\u0cbf\u0c82\u0ca6 \u0ca8\u0ca8\u0ccd\u0ca8 \u0cb8\u0c82\u0c97\u0ca4\u0cbf\u0caf\u0cc1 \u0cb9\u0cc7\u0c97\u0cbe\u0c97\u0cc1\u0cb5\u0ca6\u0ccb \u0c85\u0ca6\u0ca8\u0ccd\u0ca8\u0cc1 \u0ca4\u0cbf\u0cb3\u0cbf\u0ca6 \u0c95\u0cc2\u0ca1\u0cb2\u0cc6 \u0c85\u0cb5\u0ca8\u0ca8\u0ccd\u0ca8\u0cc1 \u0c95\u0cb3\u0cc1\u0cb9\u0cbf\u0cb8\u0cc1\u0cb5\u0ca6\u0c95\u0ccd\u0c95\u0cc6 \u0ca8\u0cbf\u0cb0\u0cc0\u0c95\u0ccd\u0cb7\u0cbf\u0cb8\u0cc1\u0ca4\u0ccd\u0ca4\u0cc7\u0ca8\u0cc6."},{"Verseid":"49001023","Verse":"\u0c87\u0ca6\u0cb2\u0ccd\u0cb2\u0ca6\u0cc6 \u0ca8\u0cbe\u0ca8\u0cc1 \u0cb8\u0cb9 \u0cac\u0cc7\u0c97\u0ca8\u0cc6 \u0cac\u0cb0\u0cc1\u0cb5\u0cc6\u0ca8\u0cc6\u0c82\u0ca6\u0cc1 \u0c95\u0cb0\u0ccd\u0ca4\u0ca8\u0cb2\u0ccd\u0cb2\u0cbf \u0ca6\u0cc3\u0ca2\u0cb5\u0cbe\u0c97\u0cbf \u0ca8\u0c82\u0cac\u0cbf\u0ca6\u0ccd\u0ca6\u0cc7\u0ca8\u0cc6."},{"Verseid":"49001024","Verse":"\u0c86\u0ca6\u0cbe\u0c97\u0ccd\u0caf\u0cc2 \u0ca8\u0ca8\u0ccd\u0ca8 \u0c95\u0cca\u0cb0\u0ca4\u0cc6\u0caf\u0ca8\u0ccd\u0ca8\u0cc1 \u0ca8\u0cc0\u0c97\u0cc1\u0cb5\u0ca6\u0c95\u0ccd\u0c95\u0cc6 \u0ca8\u0cc0\u0cb5\u0cc1 \u0c95\u0cb3\u0cc1\u0cb9\u0cbf\u0cb8\u0cbf\u0ca6\u0c82\u0ca5 \u0ca8\u0ca8\u0ccd\u0ca8 \u0cb8\u0cb9\u0ccb\u0ca6\u0cb0\u0ca8\u0cc2 \u0c9c\u0cca\u0ca4\u0cc6 \u0c95\u0cc6\u0cb2\u0cb8\u0ca6\u0cb5\u0ca8\u0cc2 \u0cb8\u0cb9 \u0cad\u0c9f\u0ca8\u0cc2 \u0c86\u0c97\u0cbf\u0cb0\u0cc1\u0cb5 \u0c8e\u0caa\u0cab\u0ccd\u0cb0\u0cca\u0ca6\u0cc0\u0ca4\u0ca8\u0ca8\u0ccd\u0ca8\u0cc1 \u0ca8\u0cbf\u0cae\u0ccd\u0cae \u0cac\u0cb3\u0cbf\u0c97\u0cc6 \u0c95\u0cb3\u0cc1\u0cb9\u0cbf\u0cb8\u0cc1\u0cb5\u0ca6\u0cc1 \u0c85\u0cb5\u0cb6\u0ccd\u0caf\u0cb5\u0cc6\u0c82\u0ca6\u0cc1 \u0ca8\u0cbe\u0ca8\u0cc1 \u0ca8\u0cc6\u0ca8\u0cb8\u0cbf\u0ca6\u0ccd\u0ca6\u0cc7\u0ca8\u0cc6."},{"Verseid":"49001025","Verse":"\u0c85\u0cb5\u0ca8\u0cc1 \u0ca8\u0cbf\u0cae\u0ccd\u0cae\u0cc6\u0cb2\u0ccd\u0cb2\u0cb0\u0ca8\u0ccd\u0ca8\u0cc1 \u0c95\u0cc1\u0cb0\u0cbf\u0ca4\u0cc1 \u0cb9\u0c82\u0cac\u0cb2\u0cbf\u0cb8\u0cc1\u0ca4\u0ccd\u0ca4\u0cbf\u0ca6\u0ccd\u0ca6\u0ca8\u0cc1, \u0ca4\u0cbe\u0ca8\u0cc1 \u0c85\u0cb8\u0ccd\u0cb5\u0cb8\u0ccd\u0ca5\u0ca8\u0cbe\u0c97\u0cbf\u0ca6\u0ccd\u0ca6 \u0cb5\u0cb0\u0ccd\u0ca4\u0cae\u0cbe\u0ca8\u0cb5\u0ca8\u0ccd\u0ca8\u0cc1 \u0ca8\u0cc0\u0cb5\u0cc1 \u0c95\u0cc7\u0cb3\u0cbf\u0ca6\u0ccd\u0ca6\u0cb0\u0cbf\u0c82\u0ca6 \u0ca4\u0cc1\u0c82\u0cac\u0cbe \u0cb5\u0ccd\u0caf\u0cb8\u0ca8\u0caa\u0c9f\u0ccd\u0c9f\u0ca8\u0cc1."},{"Verseid":"49001026","Verse":"\u0c85\u0cb5\u0ca8\u0cc1 \u0cb0\u0ccb\u0c97\u0ca6\u0cb2\u0ccd\u0cb2\u0cbf \u0cac\u0cbf\u0ca6\u0ccd\u0ca6\u0cc1 \u0cb8\u0cbe\u0caf\u0cc1\u0cb5\u0cb9\u0cbe\u0c97\u0cbf\u0ca6\u0ccd\u0ca6\u0ca8\u0cc6\u0c82\u0cac\u0ca6\u0cc1 \u0ca8\u0cbf\u0c9c\u0cb5\u0cc7. \u0c86\u0ca6\u0cb0\u0cc6 \u0ca6\u0cc7\u0cb5\u0cb0\u0cc1 \u0c85\u0cb5\u0ca8\u0ca8\u0ccd\u0ca8\u0cc1 \u0c95\u0cb0\u0cc1\u0ca3\u0cbf\u0cb8\u0cbf\u0ca6\u0ca8\u0cc1; \u0c85\u0cb5\u0ca8\u0ca8\u0ccd\u0ca8\u0cc1 \u0cae\u0cbe\u0ca4\u0ccd\u0cb0\u0cb5\u0cb2\u0ccd\u0cb2\u0ca6\u0cc6 \u0ca8\u0ca8\u0c97\u0cc6 \u0ca6\u0cc1\u0c83\u0c96\u0ca6 \u0cae\u0cc7\u0cb2\u0cc6 \u0ca6\u0cc1\u0c83\u0c96 \u0cac\u0cbe\u0cb0\u0ca6\u0c82\u0ca4\u0cc6 \u0ca8\u0ca8\u0ccd\u0ca8\u0ca8\u0ccd\u0ca8\u0cc2 \u0c95\u0cb0\u0cc1\u0ca3\u0cbf\u0cb8\u0cbf\u0ca6\u0ca8\u0cc1."},{"Verseid":"49001027","Verse":"\u0c86\u0ca6\u0ca6 \u0cb0\u0cbf\u0c82\u0ca6 \u0ca8\u0cc0\u0cb5\u0cc1 \u0c85\u0cb5\u0ca8\u0ca8\u0ccd\u0ca8\u0cc1 \u0ca8\u0ccb\u0ca1\u0cbf \u0ca4\u0cbf\u0cb0\u0cbf\u0c97\u0cbf \u0cb8\u0c82\u0ca4\u0ccb\u0cb7\u0caa\u0ca1 \u0cac\u0cc7\u0c95\u0cc6\u0c82\u0ca4\u0cb2\u0cc2 \u0ca8\u0ca8\u0c97\u0cc6 \u0c95\u0cc2\u0ca1 \u0ca6\u0cc1\u0c83\u0c96\u0cb5\u0cc1 \u0c95\u0ca1\u0cbf\u0cae\u0cc6\u0caf\u0cbe\u0c97 \u0cac\u0cc7\u0c95\u0cc6\u0c82\u0ca4\u0cb2\u0cc2 \u0ca8\u0cbe\u0ca8\u0cc1 \u0c85\u0cb5\u0ca8\u0ca8\u0ccd\u0ca8\u0cc1 \u0cac\u0cb9\u0cb3 \u0c9c\u0cbe\u0c97\u0ccd\u0cb0\u0ca4\u0cc6\u0caf\u0cbf\u0c82\u0ca6 \u0c95\u0cb3\u0cc1\u0cb9\u0cbf\u0cb8\u0cbf\u0ca6\u0ccd\u0ca6\u0cc7\u0ca8\u0cc6."},{"Verseid":"49001028","Verse":"\u0c86\u0ca6\u0ca6\u0cb0\u0cbf\u0c82\u0ca6 \u0ca8\u0cc0\u0cb5\u0cc1 \u0c85\u0cb5\u0ca8\u0ca8\u0ccd\u0ca8\u0cc1 \u0caa\u0cc2\u0cb0\u0ccd\u0ca3 \u0cb8\u0c82\u0ca4\u0ccb\u0cb7\u0ca6\u0cbf\u0c82\u0ca6 \u0c95\u0cb0\u0ccd\u0ca4\u0ca8\u0cb2\u0ccd\u0cb2\u0cbf \u0cb8\u0cc7\u0cb0\u0cbf\u0cb8\u0cbf\u0c95\u0cca\u0cb3\u0ccd\u0cb3\u0cbf\u0cb0\u0cbf \u0cae\u0ca4\u0ccd\u0ca4\u0cc1 \u0c85\u0c82\u0ca5\u0cb5\u0cb0\u0ca8\u0ccd\u0ca8\u0cc1 \u0cb8\u0ca8\u0ccd\u0cae\u0cbe\u0ca8\u0cbf\u0cb8\u0cbf\u0cb0\u0cbf."},{"Verseid":"49001029","Verse":"\u0cb9\u0cc0\u0c97\u0cbf\u0cb0\u0cb2\u0cbe\u0c97\u0cbf \u0ca8\u0cc0\u0cb5\u0cc7 \u0ca8\u0ca8\u0c97\u0cc6 \u0cae\u0cbe\u0ca1\u0cac\u0cc7\u0c95\u0cc6\u0c82\u0ca6\u0cbf\u0cb0\u0cc1\u0cb5 \u0c89\u0caa\u0c9a\u0cbe\u0cb0\u0ca6\u0cb2\u0ccd\u0cb2\u0cbf \u0c95\u0ca1\u0cbf\u0cae\u0cc6\u0caf\u0cbe\u0ca6\u0ca6\u0ccd\u0ca6\u0ca8\u0ccd\u0ca8\u0cc1 \u0caa\u0cc2\u0cb0\u0ccd\u0ca4\u0cbf \u0cae\u0cbe\u0ca1\u0cc1\u0cb5\u0ca6\u0c95\u0ccd\u0c95\u0cbe\u0c97\u0cbf \u0c85\u0cb5\u0ca8\u0cc1 \u0c9c\u0cc0\u0cb5\u0ca6 \u0c86\u0cb6\u0cc6\u0caf\u0ca8\u0ccd\u0ca8\u0cc1 \u0cb2\u0c95\u0ccd\u0cb7\u0ccd\u0caf \u0cae\u0cbe\u0ca1\u0ca6\u0cc6 \u0c95\u0ccd\u0cb0\u0cbf\u0cb8\u0ccd\u0ca4\u0ca8 \u0c95\u0cc6\u0cb2\u0cb8\u0ca6 \u0ca8\u0cbf\u0cae\u0cbf\u0ca4\u0ccd\u0ca4 \u0cb8\u0cbe\u0caf\u0cc1\u0cb5\u0cb9\u0cbe\u0c97\u0cbf\u0ca6\u0ccd\u0ca6\u0ca8\u0cc1."}]},{"Verse":[{"Verseid":"49002000","Verse":"\u0c95\u0ca1\u0cc7\u0ca6\u0cbe\u0c97\u0cbf \u0ca8\u0ca8\u0ccd\u0ca8 \u0cb8\u0cb9\u0ccb\u0ca6\u0cb0\u0cb0\u0cc7, \u0c95\u0cb0\u0ccd\u0ca4 \u0ca8\u0cb2\u0ccd\u0cb2\u0cbf \u0cb8\u0c82\u0ca4\u0ccb\u0cb7\u0caa\u0ca1\u0cbf\u0cb0\u0cbf. \u0ca4\u0cbf\u0cb0\u0cbf\u0c97\u0cbf \u0ca8\u0cbf\u0cae\u0c97\u0cc6 \u0cac\u0cb0\u0cc6\u0caf\u0cc1\u0cb5\u0ca6\u0cb0\u0cb2\u0ccd\u0cb2\u0cbf \u0ca8\u0ca8\u0c97\u0cc7\u0ca8\u0cc2 \u0cac\u0cc7\u0cb8\u0cb0\u0cb5\u0cbf\u0cb2\u0ccd\u0cb2; \u0ca8\u0cbf\u0cae\u0ccd\u0cae\u0ca8\u0ccd\u0ca8\u0cbe \u0ca6\u0cb0\u0ccb \u0c85\u0ca6\u0cc1 \u0cad\u0ca6\u0ccd\u0cb0\u0caa\u0ca1\u0cbf\u0cb8\u0cc1\u0cb5\u0ca6\u0cc1."},{"Verseid":"49002001","Verse":"\u0ca8\u0cbe\u0caf\u0cbf\u0c97\u0cb3\u0cbf\u0c97\u0cc6 \u0c8e\u0c9a\u0ccd\u0c9a\u0cb0\u0cbf\u0c95\u0cc6\u0caf\u0cbe\u0c97\u0cbf\u0cb0\u0ccd\u0cb0\u0cbf; \u0ca6\u0cc1\u0cb7\u0ccd\u0c9f \u0c95\u0cc6\u0cb2\u0cb8\u0ca6\u0cb5\u0cb0\u0cbf\u0c97\u0cc6 \u0c8e\u0c9a\u0ccd\u0c9a\u0cb0\u0cbf\u0c95\u0cc6 \u0caf\u0cbe\u0c97\u0cbf\u0cb0\u0ccd\u0cb0\u0cbf. \u0c85\u0c82\u0c97\u0c9a\u0ccd\u0c9b\u0cc7\u0ca6\u0ca8\u0cc6\u0caf \u0cb5\u0cbf\u0cb7\u0caf\u0ca6\u0cb2\u0ccd\u0cb2\u0cbf \u0c8e\u0c9a\u0ccd\u0c9a\u0cb0\u0cbf\u0c95\u0cc6 \u0caf\u0cbe\u0c97\u0cbf\u0cb0\u0ccd\u0cb0\u0cbf."},{"Verseid":"49002002","Verse":"\u0c86\u0ca4\u0ccd\u0cae\u0ca6\u0cb2\u0ccd\u0cb2\u0cbf \u0ca6\u0cc7\u0cb5\u0cb0\u0ca8\u0ccd\u0ca8\u0cc1 \u0c86\u0cb0\u0cbe\u0ca7\u0cbf\u0cb8\u0cc1\u0cb5\u0cb5\u0cb0\u0cc2 \u0c95\u0ccd\u0cb0\u0cbf\u0cb8\u0ccd\u0ca4 \u0caf\u0cc7\u0cb8\u0cc1\u0cb5\u0cbf\u0ca8\u0cb2\u0ccd\u0cb2\u0cbf \u0cb8\u0c82\u0ca4\u0ccb\u0cb7\u0cbf\u0cb8\u0cc1\u0cb5\u0cb5\u0cb0\u0cc2 \u0cb6\u0cb0\u0cc0\u0cb0\u0ca6\u0cb2\u0ccd\u0cb2\u0cbf \u0cad\u0cb0\u0cb5\u0cb8\u0cc6\u0caf\u0cbf\u0cb2\u0ccd\u0cb2\u0ca6\u0cb5\u0cb0\u0cc2 \u0c86\u0ca6 \u0ca8\u0cbe\u0cb5\u0cc7 \u0cb8\u0cc1\u0ca8\u0ccd\u0ca8\u0ca4\u0cbf\u0caf\u0cb5\u0cb0\u0cbe\u0c97\u0cbf \u0ca6\u0ccd\u0ca6\u0cc7\u0cb5\u0cc6."},{"Verseid":"49002003","Verse":"\u0ca8\u0cbe\u0ca8\u0cbe\u0ca6\u0cb0\u0ccb \u0cb6\u0cb0\u0cc0\u0cb0 \u0cb8\u0c82\u0cac\u0c82\u0ca7\u0cb5\u0cbe\u0ca6\u0cb5\u0cc1 \u0c97\u0cb3\u0cb2\u0ccd\u0cb2\u0cbf \u0cad\u0cb0\u0cb5\u0cb8\u0cb5\u0cbf\u0c9f\u0ccd\u0c9f\u0cb0\u0cc2 \u0c87\u0ca1\u0cac\u0cb9\u0cc1\u0ca6\u0cc1, \u0cac\u0cc7\u0cb0\u0cc6 \u0caf\u0cbe\u0cb5 \u0ca8\u0cbe\u0ca6\u0cb0\u0cc2 \u0cb6\u0cb0\u0cc0\u0cb0 \u0cb8\u0c82\u0cac\u0c82\u0ca7\u0cb5\u0cbe\u0ca6\u0cb5\u0cc1\u0c97\u0cb3\u0cb2\u0ccd\u0cb2\u0cbf \u0cad\u0cb0\u0cb5\u0cb8\u0cb5\u0cbf\u0ca1 \u0cac\u0cb9\u0cc1\u0ca6\u0cc6\u0c82\u0ca6\u0cc1 \u0caf\u0ccb\u0c9a\u0cbf\u0cb8\u0cc1\u0cb5\u0ca6\u0cbe\u0ca6\u0cb0\u0cc6 \u0ca8\u0cbe\u0ca8\u0cc1 \u0c85\u0cb5\u0ca8\u0cbf \u0c97\u0cbf\u0c82\u0ca4\u0cb2\u0cc2 \u0cb9\u0cc6\u0c9a\u0ccd\u0c9a\u0cbe\u0c97\u0cbf \u0cb9\u0cbe\u0c97\u0cc6 \u0caf\u0ccb\u0c9a\u0cbf\u0cb8\u0cac\u0cb9\u0cc1\u0ca6\u0cc1."},{"Verseid":"49002004","Verse":"\u0c8e\u0c82\u0c9f\u0ca8\u0cc6\u0caf \u0ca6\u0cbf\u0ca8\u0ca6\u0cb2\u0ccd\u0cb2\u0cbf \u0ca8\u0ca8\u0c97\u0cc6 \u0cb8\u0cc1\u0ca8\u0ccd\u0ca8\u0ca4\u0cbf\u0caf\u0cbe\u0caf\u0cbf\u0ca4\u0cc1; \u0ca8\u0cbe\u0ca8\u0cc1 \u0c87\u0cb8\u0ccd\u0cb0\u0cbe\u0caf\u0cc7\u0cb2\u0ccd\u200c \u0cb5\u0c82\u0cb6\u0ca6\u0cb5\u0ca8\u0cc1, \u0cac\u0cc6\u0ca8\u0ccd\u0caf\u0cbe\u0cb5\u0cbf\u0cbe\u0ca8\u0ca8 \u0c95\u0cc1\u0cb2\u0ca6\u0cb5\u0ca8\u0cc1, \u0c87\u0cac\u0ccd\u0cb0\u0cbf\u0caf\u0cb0\u0cbf\u0c82\u0ca6 \u0cb9\u0cc1\u0c9f\u0ccd\u0c9f\u0cbf\u0ca6 \u0c87\u0cac\u0ccd\u0cb0\u0cbf\u0caf\u0ca8\u0cc1; \u0ca8\u0ccd\u0caf\u0cbe\u0caf\u0caa\u0ccd\u0cb0\u0cae\u0cbe\u0ca3\u0cb5\u0ca8\u0ccd\u0ca8\u0cc1 \u0ca8\u0ccb\u0ca1\u0cbf\u0ca6\u0cb0\u0cc6 \u0ca8\u0cbe\u0ca8\u0cc1 \u0cab\u0cb0\u0cbf\u0cb8\u0cbe \u0caf\u0ca8\u0cc1;"},{"Verseid":"49002005","Verse":"\u0c86\u0cb8\u0c95\u0ccd\u0ca4\u0cbf\u0caf\u0ca8\u0ccd\u0ca8\u0cc1 \u0ca8\u0ccb\u0ca1\u0cbf\u0ca6\u0cb0\u0cc6 \u0ca8\u0cbe\u0ca8\u0cc1 \u0cb8\u0cad\u0cc6\u0caf \u0cb9\u0cbf\u0c82\u0cb8\u0c95\u0ca8\u0cc1, \u0ca8\u0ccd\u0caf\u0cbe\u0caf\u0caa\u0ccd\u0cb0\u0cae\u0cbe\u0ca3\u0ca6\u0cb2\u0ccd\u0cb2\u0cbf \u0cb9\u0cc7\u0cb3\u0cbf\u0cb0\u0cc1\u0cb5 \u0ca8\u0cc0\u0ca4\u0cbf \u0caf\u0ca8\u0ccd\u0ca8\u0cc1 \u0ca8\u0ccb\u0ca1\u0cbf\u0ca6\u0cb0\u0cc6 \u0ca8\u0cbe\u0ca8\u0cc1 \u0ca8\u0cbf\u0cb0\u0ccd\u0ca6\u0ccb\u0cb7\u0cbf."},{"Verseid":"49002006","Verse":"\u0c86\u0ca6\u0cb0\u0cc6 \u0ca8\u0ca8\u0c97\u0cc6 \u0cb2\u0cbe\u0cad\u0cb5\u0cbe\u0c97\u0cbf\u0ca6\u0ccd\u0ca6\u0c82\u0ca5\u0cb5\u0cc1\u0c97\u0cb3\u0ca8\u0ccd\u0ca8\u0cc1 \u0c95\u0ccd\u0cb0\u0cbf\u0cb8\u0ccd\u0ca4\u0ca8 \u0ca8\u0cbf\u0cae\u0cbf\u0ca4\u0ccd\u0ca4 \u0ca8\u0cb7\u0ccd\u0c9f\u0cb5\u0cc6\u0c82\u0ca6\u0cc6\u0ca3\u0cbf\u0cb8\u0cbf\u0ca6\u0ccd\u0ca6\u0cc7\u0ca8\u0cc6."},{"Verseid":"49002007","Verse":"\u0cb9\u0ccc\u0ca6\u0cc1, \u0ca8\u0cbf\u0cb8\u0ccd\u0cb8\u0c82\u0ca6\u0cc7\u0cb9\u0cb5\u0cbe\u0c97\u0cbf \u0ca8\u0ca8\u0ccd\u0ca8 \u0c95\u0cb0\u0ccd\u0ca4\u0ca8\u0cbe\u0ca6 \u0c95\u0ccd\u0cb0\u0cbf\u0cb8\u0ccd\u0ca4 \u0caf\u0cc7\u0cb8\u0cc1\u0cb5\u0cbf\u0ca8 \u0cb5\u0cbf\u0cb7\u0caf\u0cb5\u0cbe\u0c97\u0cbf\u0cb0\u0cc1\u0cb5 \u0c85\u0ca4\u0cbf \u0cb6\u0ccd\u0cb0\u0cc7\u0cb7\u0ccd\u0c9f\u0cb5\u0cbe\u0ca6 \u0c9c\u0ccd\u0c9e\u0cbe\u0ca8\u0ca6 \u0ca8\u0cbf\u0cae\u0cbf\u0ca4\u0ccd\u0ca4\u0cb5\u0cbe\u0c97\u0cbf \u0ca8\u0cbe\u0ca8\u0cc1 \u0c8e\u0cb2\u0ccd\u0cb2\u0cb5\u0ca8\u0ccd\u0ca8\u0cc1 \u0ca8\u0cb7\u0ccd\u0c9f\u0cb5\u0cc6\u0c82\u0ca6\u0cc6\u0ca3\u0cbf\u0cb8\u0cc1\u0ca4\u0ccd\u0ca4\u0cc7\u0ca8\u0cc6. \u0ca8\u0cbe\u0ca8\u0cc1 \u0c95\u0ccd\u0cb0\u0cbf\u0cb8\u0ccd\u0ca4\u0ca8\u0ca8\u0ccd\u0ca8\u0cc1 \u0cb8\u0c82\u0caa\u0cbe\u0ca6\u0cbf\u0cb8\u0cbf \u0c95\u0cca\u0cb3\u0ccd\u0cb3\u0cac\u0cc7\u0c95\u0cc6\u0c82\u0ca6\u0cc1 \u0c86\u0ca4\u0ca8 \u0ca8\u0cbf\u0cae\u0cbf\u0ca4\u0ccd\u0ca4 \u0c8e\u0cb2\u0ccd\u0cb2\u0cb5\u0ca8\u0ccd\u0ca8\u0cc1 \u0c95\u0cb3\u0c95\u0cca\u0c82\u0ca1\u0cc1 \u0c85\u0ca6\u0ca8\u0ccd\u0ca8\u0cc1 \u0c95\u0cb8\u0cb5\u0cc6\u0c82\u0ca6\u0cc6\u0ca3\u0cbf\u0cb8\u0cc1\u0ca4\u0ccd\u0ca4\u0cc7\u0ca8\u0cc6."},{"Verseid":"49002008","Verse":"\u0ca8\u0cbe\u0ca8\u0cc1 \u0c95\u0ccd\u0cb0\u0cbf\u0cb8\u0ccd\u0ca4\u0ca8\u0cb2\u0ccd\u0cb2\u0cbf\u0cb0\u0cc1\u0cb5 \u0cb5\u0ca8\u0cbe\u0c97\u0cbf \u0c95\u0cbe\u0ca3\u0cbf\u0cb8\u0cbf\u0c95\u0cca\u0cb3\u0ccd\u0cb3\u0cac\u0cc7\u0c95\u0cc6\u0c82\u0ca6\u0cc1 \u0ca8\u0ccd\u0caf\u0cbe\u0caf\u0caa\u0ccd\u0cb0\u0cae\u0cbe\u0ca3 \u0ca6\u0cbf\u0c82\u0ca6\u0cbe\u0c97\u0cc1\u0cb5 \u0cb8\u0ccd\u0cb5\u0ca8\u0cc0\u0ca4\u0cbf\u0caf\u0ca8\u0ccd\u0ca8\u0cbe\u0cb6\u0ccd\u0cb0\u0caf\u0cbf\u0cb8\u0ca6\u0cc6 \u0c86\u0ca4\u0ca8\u0ca8\u0ccd\u0ca8\u0cc1 \u0ca8\u0c82\u0cac\u0cc1 \u0cb5\u0ca6\u0cb0\u0cbf\u0c82\u0ca6 \u0ca6\u0cca\u0cb0\u0c95\u0cc1\u0cb5\u0c82\u0ca5 \u0c85\u0c82\u0ca6\u0cb0\u0cc6 \u0ca8\u0c82\u0cac\u0cbf\u0c95\u0cc6\u0caf \u0c86\u0ca7\u0cbe\u0cb0 \u0ca6\u0cbf\u0c82\u0ca6 \u0ca6\u0cc7\u0cb5\u0cb0\u0cc1 \u0c95\u0cca\u0ca1\u0cc1\u0cb5\u0c82\u0ca5 \u0ca8\u0cc0\u0ca4\u0cbf\u0caf\u0ca8\u0ccd\u0ca8\u0cc7 \u0cb9\u0cca\u0c82\u0ca6\u0cbf \u0ca6\u0ccd\u0ca6\u0cc7\u0ca8\u0cc6."},{"Verseid":"49002009","Verse":"\u0cb9\u0cc0\u0c97\u0cc6 \u0c86\u0ca4\u0ca8\u0ca8\u0ccd\u0ca8\u0cc2 \u0c86\u0ca4\u0ca8 \u0caa\u0cc1\u0ca8\u0cb0\u0cc1\u0ca4\u0ccd\u0ca5\u0cbe\u0ca8 \u0ca6\u0cb2\u0ccd\u0cb2\u0cbf\u0cb0\u0cc1\u0cb5 \u0cb6\u0c95\u0ccd\u0ca4\u0cbf\u0caf\u0ca8\u0ccd\u0ca8\u0cc2 \u0c86\u0ca4\u0ca8 \u0cac\u0cbe\u0ca7\u0cc6\u0c97\u0cb3\u0cb2\u0ccd\u0cb2\u0cbf \u0caa\u0cbe\u0cb2\u0cc1\u0c97\u0cbe\u0cb0 \u0ca8\u0cbe\u0c97\u0cc1\u0cb5\u0ca6\u0ca8\u0ccd\u0ca8\u0cc2 \u0ca4\u0cbf\u0cb3\u0cbf\u0ca6\u0cc1\u0c95\u0cca\u0c82\u0ca1\u0cc1 \u0c86\u0ca4\u0ca8 \u0cae\u0cb0\u0ca3\u0c95\u0ccd\u0c95\u0cc6 \u0cb8\u0cb0\u0cc2\u0caa\u0ca8\u0cbe\u0c97\u0cc1\u0cb5\u0cc6\u0ca8\u0cc1."},{"Verseid":"49002010","Verse":"\u0cb9\u0cc7\u0c97\u0cbe\u0ca6\u0cb0\u0cc2 \u0cb8\u0ca4\u0ccd\u0ca4\u0cb5\u0cb0\u0cbf\u0c97\u0cc6 \u0c86\u0c97\u0cc1\u0cb5 \u0caa\u0cc1\u0ca8\u0cb0\u0cc1\u0ca4\u0ccd\u0ca5\u0cbe\u0ca8\u0cb5\u0cc1 \u0ca8\u0ca8\u0c97\u0cc6 \u0c86\u0ca6\u0cc0\u0ca4\u0cc1."},{"Verseid":"49002011","Verse":"\u0c87\u0cb7\u0ccd\u0c9f \u0cb0\u0cca\u0cb3\u0c97\u0cc6 \u0ca8\u0cbe\u0ca8\u0cc1 \u0caa\u0ca1\u0c95\u0cca\u0c82\u0ca1\u0cc1 \u0cb8\u0cbf\u0ca6\u0ccd\u0ca7\u0cbf\u0c97\u0cc6 \u0cac\u0c82\u0ca6\u0cb5\u0ca8\u0cc6\u0c82\u0ca6\u0cc1 \u0cb9\u0cc7\u0cb3\u0cc1\u0cb5\u0ca6\u0cbf\u0cb2\u0ccd\u0cb2; \u0ca8\u0cbe\u0ca8\u0cc1 \u0caf\u0cbe\u0cb5\u0ca6\u0ca8\u0ccd\u0ca8\u0cc1 \u0cb9\u0cca\u0c82\u0ca6\u0cc1\u0cb5\u0ca6\u0c95\u0ccd\u0c95\u0cbe\u0c97\u0cbf \u0c95\u0ccd\u0cb0\u0cbf\u0cb8\u0ccd\u0ca4 \u0caf\u0cc7\u0cb8\u0cc1 \u0ca8\u0ca8\u0ccd\u0ca8\u0ca8\u0ccd\u0ca8\u0cc1 \u0cb9\u0cbf\u0ca1\u0cbf\u0ca6\u0cc1\u0c95\u0cca\u0c82\u0ca1\u0ca8\u0cca \u0c85\u0ca6\u0ca8\u0ccd\u0ca8\u0cc1 \u0cb9\u0cbf\u0ca1\u0cbf\u0ca6\u0cc1\u0c95\u0cca\u0cb3\u0ccd\u0cb3\u0cc1\u0cb5\u0ca6\u0c95\u0ccd\u0c95\u0ccb\u0cb8\u0ccd\u0c95\u0cb0 \u0cb9\u0cbf\u0c82\u0ca6\u0c9f\u0ccd\u0c9f\u0cc1\u0ca4\u0ccd\u0ca4\u0cbe \u0c87\u0ca6\u0ccd\u0ca6\u0cc7\u0ca8\u0cc6."},{"Verseid":"49002012","Verse":"\u0cb8\u0cb9\u0ccb\u0ca6\u0cb0\u0cb0\u0cc7, \u0ca8\u0cbe\u0ca8\u0c82\u0ca4\u0cc2 \u0cb9\u0cbf\u0ca1\u0cbf\u0ca6\u0cc1\u0c95\u0cca\u0c82\u0ca1\u0cb5 \u0ca8\u0cc6\u0c82\u0ca6\u0cc1 \u0ca8\u0ca8\u0ccd\u0ca8\u0ca8\u0ccd\u0ca8\u0cc1 \u0c8e\u0ca3\u0cbf\u0cb8\u0cbf\u0c95\u0cca\u0cb3\u0ccd\u0cb3\u0cc1\u0cb5\u0ca6\u0cbf\u0cb2\u0ccd\u0cb2; \u0c86\u0ca6\u0cb0\u0cc6 \u0c87\u0ca6\u0cca\u0c82 \u0ca6\u0ca8\u0ccd\u0ca8\u0cc1 \u0cae\u0cbe\u0ca1\u0cc1\u0ca4\u0ccd\u0ca4\u0cc7\u0ca8\u0cc6, \u0ca8\u0cbe\u0ca8\u0cc1 \u0cb9\u0cbf\u0c82\u0ca6\u0cbf\u0ca8 \u0cb5\u0cbf\u0cb7\u0caf\u0c97\u0cb3\u0ca8\u0ccd\u0ca8\u0cc1 \u0cae\u0cb0\u0cc6\u0ca4\u0cc1\u0cac\u0cbf\u0c9f\u0ccd\u0c9f\u0cc1 \u0cae\u0cc1\u0c82\u0ca6\u0cbf\u0ca8\u0cb5\u0cc1\u0c97\u0cb3\u0ca8\u0ccd\u0ca8\u0cc1 \u0cb9\u0cbf\u0ca1\u0cbf\u0caf\u0cc1\u0cb5\u0ca6\u0c95\u0ccd\u0c95\u0cbe\u0c97\u0cbf"},{"Verseid":"49002013","Verse":"\u0c95\u0ccd\u0cb0\u0cbf\u0cb8\u0ccd\u0ca4 \u0caf\u0cc7\u0cb8\u0cc1\u0cb5\u0cbf\u0ca8\u0cb2\u0ccd\u0cb2\u0cbf \u0ca6\u0cc7\u0cb5\u0cb0 \u0c89\u0ca8\u0ccd\u0ca8\u0ca4\u0cb5\u0cbe\u0ca6 \u0c95\u0cb0\u0cc6\u0caf\u0cc1\u0cb5\u0cbf\u0c95\u0cc6\u0caf \u0cac\u0cb9\u0cc1\u0cae\u0cbe\u0ca8\u0cb5\u0ca8\u0ccd\u0ca8\u0cc1 \u0c97\u0cc1\u0cb0\u0cbf\u0cae\u0cbe\u0ca1\u0cbf\u0c95\u0cca\u0c82\u0ca1\u0cc1 \u0c93\u0ca1\u0cc1\u0ca4\u0ccd\u0ca4\u0cbe \u0c87\u0ca6\u0ccd\u0ca6\u0cc7\u0ca8\u0cc6."},{"Verseid":"49002014","Verse":"\u0c86\u0ca6\u0ca6\u0cb0\u0cbf\u0c82\u0ca6 \u0ca8\u0cae\u0ccd\u0cae\u0cb2\u0ccd\u0cb2\u0cbf \u0caa\u0cb0\u0cbf \u0caa\u0cc2\u0cb0\u0ccd\u0ca3\u0cb0\u0cbe\u0ca6\u0cb5\u0cb0\u0cc1 \u0c87\u0ca6\u0cc7 \u0c85\u0cad\u0cbf\u0caa\u0ccd\u0cb0\u0cbe\u0caf\u0cb5\u0cc1\u0cb3\u0ccd\u0cb3\u0cb5\u0cb0\u0cbe\u0c97\u0cbf \u0cb0\u0ccb\u0ca3; \u0caf\u0cbe\u0cb5\u0ca6\u0cbe\u0ca6\u0cb0\u0cc2 \u0c92\u0c82\u0ca6\u0cc1 \u0cb5\u0cbf\u0cb7\u0caf\u0ca6\u0cb2\u0ccd\u0cb2\u0cbf \u0ca8\u0cc0\u0cb5\u0cc1 \u0cac\u0cc7\u0cb0\u0cc6 \u0c85\u0cad\u0cbf\u0caa\u0ccd\u0cb0\u0cbe\u0caf\u0cb5\u0cc1\u0cb3\u0ccd\u0cb3\u0cb5\u0cb0\u0cbe\u0c97\u0cbf\u0ca6\u0ccd\u0ca6\u0cb0\u0cc6 \u0c85\u0ca6\u0ca8\u0ccd\u0ca8\u0cc2 \u0ca6\u0cc7\u0cb5\u0cb0\u0cc1 \u0ca8\u0cbf\u0cae\u0c97\u0cc6 \u0ca4\u0ccb\u0cb0\u0cbf\u0cb8\u0cbf\u0c95\u0cca\u0ca1\u0cc1\u0cb5\u0ca8\u0cc1."},{"Verseid":"49002015","Verse":"\u0c86\u0ca6\u0cbe\u0c97\u0ccd\u0caf\u0cc2 \u0c88\u0c97\u0cbe \u0c97\u0cb2\u0cc7 \u0ca8\u0cbe\u0cb5\u0cc1 \u0caf\u0cbe\u0cb5\u0ca6\u0ca8\u0ccd\u0ca8\u0cc1 \u0cb9\u0cca\u0c82\u0ca6\u0cbf\u0c95\u0cca\u0c82\u0ca1\u0cbf\u0ca6\u0ccd\u0ca6\u0cc7\u0cb5\u0ccb \u0c85\u0ca6\u0cc7 \u0cb8\u0cc2\u0ca4\u0ccd\u0cb0\u0cb5\u0ca8\u0ccd\u0ca8\u0cc1 \u0c85\u0ca8\u0cc1\u0cb8\u0cb0\u0cbf\u0cb8\u0cbf \u0ca8\u0ca1\u0cc6\u0ca6\u0cc1\u0c95\u0cca\u0cb3\u0ccd\u0cb3\u0cc1\u0ca4\u0ccd\u0ca4\u0cbe \u0c92\u0c82\u0ca6\u0cc7 \u0cae\u0ca8\u0cb8\u0ccd\u0cb8\u0cc1\u0cb3\u0ccd\u0cb3\u0cb5\u0cb0\u0cbe\u0c97\u0cbf\u0cb0\u0ccb\u0ca3."},{"Verseid":"49002016","Verse":"\u0cb8\u0cb9\u0ccb\u0ca6\u0cb0\u0cb0\u0cc7, \u0ca8\u0cc0\u0cb5\u0cc6\u0cb2\u0ccd\u0cb2\u0cb0\u0cc2 \u0ca8\u0ca8\u0ccd\u0ca8\u0ca8\u0ccd\u0ca8\u0cc1 \u0c85\u0ca8\u0cc1\u0cb8\u0cb0\u0cbf \u0cb8\u0cc1\u0cb5\u0cb5\u0cb0\u0cbe\u0c97\u0cbf\u0cb0\u0ccd\u0cb0\u0cbf; \u0ca8\u0cbe\u0cb5\u0cc1 \u0ca8\u0cbf\u0cae\u0c97\u0cc6 \u0ca4\u0ccb\u0cb0\u0cbf\u0cb8\u0cbf\u0ca6 \u0cae\u0cbe\u0ca6\u0cb0\u0cbf\u0caf \u0caa\u0ccd\u0cb0\u0c95\u0cbe\u0cb0 \u0ca8\u0ca1\u0cc6\u0ca6\u0cc1\u0c95\u0cca\u0cb3\u0ccd\u0cb3\u0cc1\u0cb5\u0cb5\u0cb0\u0ca8\u0ccd\u0ca8\u0cc1 \u0c97\u0cc1\u0cb0\u0cc1\u0ca4\u0cbf \u0cb8\u0cbf\u0cb0\u0cbf."},{"Verseid":"49002017","Verse":"(\u0c85\u0ca8\u0cc7\u0c95\u0cb0\u0cc1 \u0c95\u0ccd\u0cb0\u0cbf\u0cb8\u0ccd\u0ca4\u0ca8 \u0cb6\u0cbf\u0cb2\u0cc1\u0cac\u0cc6\u0c97\u0cc6 \u0cb5\u0cbf\u0cb0\u0ccb\u0ca7\u0cbf\u0c97\u0cb3\u0cbe\u0c97\u0cbf \u0ca8\u0ca1\u0cc6\u0caf\u0cc1\u0ca4\u0ccd\u0ca4\u0cbe\u0cb0\u0cc6; \u0c85\u0cb5\u0cb0 \u0cb5\u0cbf\u0cb7\u0caf\u0ca6\u0cb2\u0ccd\u0cb2\u0cbf \u0ca8\u0cbe\u0ca8\u0cc1 \u0ca8\u0cbf\u0cae\u0c97\u0cc6 \u0c8e\u0cb7\u0ccd\u0c9f\u0ccb \u0cb8\u0cbe\u0cb0\u0cbf \u0cb9\u0cc7\u0cb3\u0cbf\u0ca6\u0cc6\u0ca8\u0cc1, \u0c88\u0c97\u0cb2\u0cc2 \u0c85\u0cb3\u0cc1\u0ca4\u0ccd\u0ca4\u0cbe \u0cb9\u0cc7\u0cb3\u0cc1\u0ca4\u0ccd\u0ca4\u0cc7\u0ca8\u0cc6."},{"Verseid":"49002018","Verse":"\u0ca8\u0cbe\u0cb6\u0ca8\u0cb5\u0cc7 \u0c85\u0cb5\u0cb0 \u0c85\u0c82\u0ca4\u0ccd\u0caf\u0cbe\u0cb5\u0cb8\u0ccd\u0ca5\u0cc6, \u0cb9\u0cca\u0c9f\u0ccd\u0c9f\u0cc6\u0caf\u0cc7 \u0c85\u0cb5\u0cb0 \u0ca6\u0cc7\u0cb5\u0cb0\u0cc1, \u0ca8\u0cbe\u0c9a\u0cbf\u0c95\u0cc6 \u0c95\u0cc6\u0cb2\u0cb8\u0c97\u0cb3\u0cb2\u0ccd\u0cb2\u0cbf\u0caf\u0cc7 \u0c85\u0cb5\u0cb0 \u0c97\u0ccc\u0cb0\u0cb5\u0cb5\u0cc1. \u0c85\u0cb5\u0cb0\u0cc1 \u0cad\u0cc2\u0cb8\u0c82\u0cac\u0c82\u0ca7\u0cb5\u0cbe\u0ca6\u0cb5\u0cc1\u0c97\u0cb3 \u0cae\u0cc7\u0cb2\u0cc6 \u0cae\u0ca8\u0cb8\u0ccd\u0cb8\u0cbf\u0ca1\u0cc1\u0ca4\u0ccd\u0ca4\u0cbe\u0cb0\u0cc6.)"},{"Verseid":"49002019","Verse":"\u0ca8\u0cbe\u0cb5\u0cbe\u0ca6\u0cb0\u0cca \u0caa\u0cb0\u0cb2\u0ccb\u0c95 \u0ca8\u0cbf\u0cb5\u0cbe\u0cb8\u0cbf\u0c97\u0cb3\u0cc1; \u0c85\u0cb2\u0ccd\u0cb2\u0cbf\u0c82\u0ca6\u0cb2\u0cc7 \u0cb0\u0c95\u0ccd\u0cb7\u0c95\u0ca8\u0cc1 \u0cac\u0cb0\u0cc1\u0cb5\u0ca6\u0ca8\u0ccd\u0ca8\u0cc1 \u0c8e\u0ca6\u0cc1\u0cb0\u0cc1 \u0ca8\u0ccb\u0ca1\u0cc1\u0ca4\u0ccd\u0ca4\u0cbe \u0c87\u0ca6\u0ccd\u0ca6\u0cc7\u0cb5\u0cc6; \u0c86\u0ca4\u0ca8\u0cc7 \u0c95\u0cb0\u0ccd\u0ca4\u0ca8\u0cbe\u0ca6 \u0caf\u0cc7\u0cb8\u0cc1 \u0c95\u0ccd\u0cb0\u0cbf\u0cb8\u0ccd\u0ca4\u0ca8\u0cc1."},{"Verseid":"49002020","Verse":"\u0c86\u0ca4\u0ca8\u0cc1 \u0c8e\u0cb2\u0ccd\u0cb2\u0cb5\u0ca8\u0ccd\u0ca8\u0cc2 \u0ca4\u0ca8\u0c97\u0cc6 \u0c85\u0ca7\u0cc0\u0ca8 \u0cae\u0cbe\u0ca1\u0cbf\u0c95\u0cca\u0cb3\u0ccd\u0cb3\u0cb2\u0cbe\u0c97\u0cc1\u0cb5 \u0caa\u0cb0\u0cbe\u0c95\u0ccd\u0cb0\u0cae\u0cb5\u0ca8\u0ccd\u0ca8\u0cc1 \u0cb8\u0cbe\u0ca7\u0cbf\u0cb8\u0cbf \u0ca6\u0cc0\u0ca8\u0cbe \u0cb5\u0cb8\u0ccd\u0ca5\u0cc6\u0caf\u0cc1\u0cb3\u0ccd\u0cb3 \u0ca8\u0cae\u0ccd\u0cae \u0ca6\u0cc7\u0cb9\u0cb5\u0ca8\u0ccd\u0ca8\u0cc1 \u0cb0\u0cc2\u0caa\u0cbe\u0c82\u0ca4\u0cb0\u0caa\u0ca1\u0cbf\u0cb8\u0cc1 \u0cb5\u0ca6\u0c95\u0ccd\u0c95\u0cc6 \u0cb6\u0c95\u0ccd\u0ca4\u0ca8\u0cbe\u0c97\u0cbf\u0ca6\u0ccd\u0ca6\u0cc1 \u0caa\u0ccd\u0cb0\u0cad\u0cbe\u0cb5\u0cb5\u0cc1\u0cb3\u0ccd\u0cb3 \u0ca4\u0ca8\u0ccd\u0ca8 \u0ca6\u0cc7\u0cb9\u0c95\u0ccd\u0c95\u0cc6 \u0cb8\u0cbe\u0cb0\u0cc2\u0caa\u0ccd\u0caf\u0cb5\u0cbe\u0c97\u0cc1\u0cb5\u0c82\u0ca4\u0cc6 \u0cae\u0cbe\u0ca1\u0cc1\u0cb5\u0ca8\u0cc1."}]},{"Verse":[{"Verseid":"49003000","Verse":"\u0c86\u0ca6\u0ca6\u0cb0\u0cbf\u0c82\u0ca6 \u0c85\u0ca4\u0cbf\u0caa\u0ccd\u0cb0\u0cbf\u0caf\u0cb0\u0cc2 \u0c87\u0cb7\u0ccd\u0c9f\u0cb5\u0cbe\u0ca6 \u0cb5\u0cb0\u0cc2 \u0c86\u0ca6 \u0ca8\u0ca8\u0ccd\u0ca8 \u0cb8\u0cb9\u0ccb\u0ca6\u0cb0\u0cb0\u0cc7, \u0ca8\u0ca8\u0ccd\u0ca8 \u0cb8\u0c82\u0ca4\u0ccb\u0cb7\u0cb5\u0cc2 \u0c95\u0cbf\u0cb0\u0cc0\u0c9f\u0cb5\u0cc2 \u0c86\u0c97\u0cbf\u0cb0\u0cc1\u0cb5 \u0ca8\u0ca8\u0ccd\u0ca8 \u0c85\u0ca4\u0cbf \u0caa\u0ccd\u0cb0\u0cbf\u0caf\u0cb0\u0cc7, \u0c95\u0cb0\u0ccd\u0ca4\u0ca8\u0cb2\u0ccd\u0cb2\u0cbf \u0ca6\u0cc3\u0ca2\u0cb5\u0cbe\u0c97\u0cbf \u0ca8\u0cbf\u0cb2\u0ccd\u0cb2\u0cbf\u0cb0\u0cbf."},{"Verseid":"49003001","Verse":"\u0c95\u0cb0\u0ccd\u0ca4\u0ca8\u0cb2\u0ccd\u0cb2\u0cbf \u0c92\u0c82\u0ca6\u0cc7 \u0cae\u0ca8\u0cb8\u0ccd\u0cb8\u0cc1\u0cb3\u0ccd\u0cb3\u0cb5\u0cb0\u0cbe\u0c97\u0cbf\u0cb0\u0cac\u0cc7\u0c95\u0cc6\u0c82\u0ca6\u0cc1 \u0caf\u0cc1\u0cb5\u0cca\u0ca6\u0ccd\u0caf\u0cb3\u0ca8\u0ccd\u0ca8\u0cc2 \u0cb8\u0c82\u0ca4\u0cc1\u0c95\u0cc6\u0caf\u0ca8\u0ccd\u0ca8\u0cc2 \u0cac\u0cc7\u0ca1\u0cbf\u0c95\u0cca\u0cb3\u0ccd\u0cb3\u0cc1\u0ca4\u0ccd\u0ca4\u0cc7\u0ca8\u0cc6."},{"Verseid":"49003002","Verse":"\u0ca8\u0cbf\u0c9c \u0c9c\u0cca\u0ca4\u0cc6\u0c97\u0cbe\u0cb0\u0ca8\u0cc7, \u0ca8\u0cc0\u0ca8\u0cc1 \u0c86 \u0cb8\u0ccd\u0ca4\u0ccd\u0cb0\u0cc0\u0caf\u0cb0\u0cbf\u0c97\u0cc6 \u0cb8\u0cb9\u0cbe\u0caf\u0c95 \u0ca8\u0cbe\u0c97\u0cbf\u0cb0\u0cac\u0cc7\u0c95\u0cc6\u0c82\u0ca6\u0cc1 \u0ca8\u0cbf\u0ca8\u0ccd\u0ca8\u0ca8\u0ccd\u0ca8\u0cc2 \u0c95\u0cc7\u0cb3\u0cbf\u0c95\u0cca\u0cb3\u0ccd\u0cb3\u0cc1\u0ca4\u0ccd\u0ca4\u0cc7\u0ca8\u0cc6. \u0c85\u0cb5\u0cb0\u0cc1 \u0c95\u0ccd\u0cb2\u0cc7\u0cae\u0cc6\u0ca8\u0ccd\u0cb8\u0ccd\u200c \u0cae\u0cc1\u0c82\u0ca4\u0cbe\u0ca6 \u0ca8\u0ca8\u0ccd\u0ca8 \u0c9c\u0cca\u0ca4\u0cc6\u0c95\u0cc6\u0cb2\u0cb8\u0ca6\u0cb5\u0cb0 \u0cb8\u0cb9\u0cbf\u0ca4\u0cb5\u0cbe\u0c97\u0cbf \u0ca8\u0ca8\u0ccd\u0ca8 \u0c95\u0cc2\u0ca1 \u0cb8\u0cc1\u0cb5\u0cbe\u0cb0\u0ccd\u0ca4\u0cc6\u0c97\u0ccb\u0cb8\u0ccd\u0c95\u0cb0 \u0caa\u0ccd\u0cb0\u0caf\u0cbe\u0cb8 \u0caa\u0c9f\u0ccd\u0c9f\u0cb5\u0cb0\u0cc1. \u0c85\u0cb5\u0cb0 \u0cb9\u0cc6\u0cb8\u0cb0\u0cc1\u0c97\u0cb3\u0cc1 \u0c9c\u0cc0\u0cb5\u0c97\u0ccd\u0cb0\u0c82\u0ca5\u0ca6\u0cb2\u0ccd\u0cb2\u0cbf \u0cac\u0cb0\u0cc6\u0ca6\u0cb5\u0cc6."},{"Verseid":"49003003","Verse":"\u0caf\u0cbe\u0cb5\u0cbe\u0c97\u0cb2\u0cc2 \u0c95\u0cb0\u0ccd\u0ca4\u0ca8\u0cb2\u0ccd\u0cb2\u0cbf \u0cb8\u0c82\u0ca4\u0ccb\u0cb7\u0cbf\u0cb8\u0cbf\u0cb0\u0cbf; \u0cb8\u0c82\u0ca4\u0ccb\u0cb7\u0caa\u0ca1\u0cbf\u0cb0\u0cbf \u0c8e\u0c82\u0ca6\u0cc1 \u0ca8\u0cbe\u0ca8\u0cc1 \u0ca4\u0cbf\u0cb0\u0cbf\u0c97\u0cbf \u0cb9\u0cc7\u0cb3\u0cc1\u0ca4\u0ccd\u0ca4\u0cc7\u0ca8\u0cc6."},{"Verseid":"49003004","Verse":"\u0ca8\u0cbf\u0cae\u0ccd\u0cae \u0cb8\u0cc8\u0cb0\u0ca3\u0cc6\u0caf\u0cc1 \u0c8e\u0cb2\u0ccd\u0cb2\u0cbe \u0cae\u0ca8\u0cc1\u0cb7\u0ccd\u0caf\u0cb0\u0cbf\u0c97\u0cc6 \u0c97\u0cca\u0ca4\u0ccd\u0ca4\u0cbe\u0c97\u0cb2\u0cbf; \u0c95\u0cb0\u0ccd\u0ca4\u0ca8\u0cc1 \u0cb9\u0ca4\u0ccd\u0ca4\u0cbf\u0cb0\u0cb5\u0cbe\u0c97\u0cbf\u0ca6\u0ccd\u0ca6\u0cbe\u0ca8\u0cc6."},{"Verseid":"49003005","Verse":"\u0caf\u0cbe\u0cb5 \u0cb8\u0c82\u0cac\u0c82\u0ca7 \u0cb5\u0cbe\u0c97\u0cbf\u0caf\u0cc2 \u0c9a\u0cbf\u0c82\u0ca4\u0cc6\u0cae\u0cbe\u0ca1\u0ca6\u0cc6 \u0cb8\u0cb0\u0ccd\u0cb5\u0cb5\u0cbf\u0cb7\u0caf\u0ca6\u0cb2\u0ccd\u0cb2\u0cbf \u0ca6\u0cc7\u0cb5\u0cb0 \u0cae\u0cc1\u0c82\u0ca6\u0cc6 \u0c95\u0cc3\u0ca4\u0c9c\u0ccd\u0c9e\u0ca4\u0cbe\u0cb8\u0ccd\u0ca4\u0cc1\u0ca4\u0cbf\u0caf\u0ca8\u0ccd\u0ca8\u0cc2 \u0caa\u0ccd\u0cb0\u0cbe\u0cb0\u0ccd\u0ca5\u0ca8\u0cc6 \u0cb5\u0cbf\u0c9c\u0ccd\u0c9e\u0cbe\u0caa\u0ca8\u0cc6 \u0c97\u0cb3\u0ca8\u0ccd\u0ca8\u0cc2 \u0cae\u0cbe\u0ca1\u0cc1\u0ca4\u0ccd\u0ca4\u0cbe \u0ca8\u0cbf\u0cae\u0c97\u0cc6 \u0cac\u0cc7\u0c95\u0cbe\u0ca6\u0ca6\u0ccd\u0ca6\u0ca8\u0ccd\u0ca8\u0cc1 \u0ca4\u0cbf\u0cb3\u0cbf\u0caf \u0caa\u0ca1\u0cbf\u0cb8\u0cbf\u0cb0\u0cbf."},{"Verseid":"49003006","Verse":"\u0c86\u0c97 \u0c8e\u0cb2\u0ccd\u0cb2\u0cbe \u0c97\u0ccd\u0cb0\u0cb9\u0cbf\u0c95\u0cc6\u0caf\u0ca8\u0ccd\u0ca8\u0cc2 \u0cb5\u0cbf\u0cbe\u0cb0\u0cc1\u0cb5 \u0ca6\u0cc7\u0cb5\u0cb0 \u0cb6\u0cbe\u0c82\u0ca4\u0cbf\u0caf\u0cc1 \u0ca8\u0cbf\u0cae\u0ccd\u0cae \u0cb9\u0cc3\u0ca6\u0caf\u0c97\u0cb3\u0ca8\u0ccd\u0ca8\u0cc2 \u0cae\u0ca8\u0cb8\u0ccd\u0cb8\u0cc1 \u0c97\u0cb3\u0ca8\u0ccd\u0ca8\u0cc2 \u0c95\u0ccd\u0cb0\u0cbf\u0cb8\u0ccd\u0ca4 \u0caf\u0cc7\u0cb8\u0cc1\u0cb5\u0cbf\u0ca8 \u0cae\u0cc2\u0cb2\u0c95 \u0c95\u0cbe\u0caf\u0cc1\u0cb5\u0ca6\u0cc1."},{"Verseid":"49003007","Verse":"\u0c95\u0ca1\u0cc7\u0ca6\u0cbe\u0c97\u0cbf \u0cb8\u0cb9\u0ccb\u0ca6\u0cb0\u0cb0\u0cc7, \u0cb8\u0ca4\u0ccd\u0caf\u0cb5\u0cbe\u0ca6\u0cb5\u0cc1\u0c97\u0cb3\u0cc1 \u0caf\u0cbe\u0cb5\u0cb5\u0ccb \u0caa\u0ccd\u0cb0\u0cbe\u0cae\u0cbe\u0ca3\u0cbf\u0c95\u0cb5\u0cbe\u0ca6\u0cb5\u0cc1\u0c97\u0cb3\u0cc1 \u0caf\u0cbe\u0cb5\u0cb5\u0ccb \u0ca8\u0ccd\u0caf\u0cbe\u0caf\u0cb5\u0cbe\u0ca6\u0cb5\u0cc1\u0c97\u0cb3\u0cc1 \u0caf\u0cbe\u0cb5\u0cb5\u0ccb \u0cb6\u0cc1\u0ca6\u0ccd\u0ca7\u0cb5\u0cbe\u0ca6\u0cb5\u0cc1\u0c97\u0cb3\u0cc1 \u0caf\u0cbe\u0cb5\u0cb5\u0ccb \u0caa\u0ccd\u0cb0\u0cc0\u0ca4\u0cbf\u0c95\u0cb0\u0cb5\u0cbe\u0ca6\u0cb5\u0cc1\u0c97\u0cb3\u0cc1 \u0caf\u0cbe\u0cb5\u0cb5\u0ccb \u0cae\u0cbe\u0ca8\u0ccd\u0caf\u0cb5\u0cbe\u0ca6\u0cb5\u0cc1\u0c97\u0cb3\u0cc1 \u0caf\u0cbe\u0cb5\u0cb5\u0ccb \u0c85\u0cb5\u0cc1\u0c97\u0cb3\u0ca8\u0ccd\u0ca8\u0cc1 \u0cae\u0ca4\u0ccd\u0ca4\u0cc1 \u0cb8\u0ca6\u0ccd\u0c97\u0cc1\u0ca3\u0cb5\u0ca8\u0ccd\u0ca8\u0cc2 \u0cb8\u0ccd\u0ca4\u0cc1\u0ca4\u0ccd\u0caf\u0cb5\u0cbe\u0ca6\u0ca6\u0ccd\u0ca6\u0ca8\u0ccd\u0ca8\u0cc2 \u0caf\u0cca"},{"Verseid":"49003008","Verse":"\u0ca8\u0cc0\u0cb5\u0cc1 \u0caf\u0cbe\u0cb5\u0ca6\u0ca8\u0ccd\u0ca8\u0cc1 \u0ca8\u0ca8\u0ccd\u0ca8\u0cbf\u0c82\u0ca6 \u0c95\u0cb2\u0cbf\u0ca4\u0cc1 \u0cb9\u0cca\u0c82\u0ca6\u0cbf\u0ca6\u0cbf\u0cb0\u0ccb \u0cae\u0ca4\u0ccd\u0ca4\u0cc1 \u0caf\u0cbe\u0cb5\u0ca6\u0ca8\u0ccd\u0ca8\u0cc1 \u0ca8\u0ca8\u0ccd\u0ca8\u0cb2\u0ccd\u0cb2\u0cbf \u0c95\u0cc7\u0cb3\u0cbf\u0c95\u0c82\u0ca1\u0cbf\u0cb0\u0ccb \u0c85\u0ca6\u0ca8\u0ccd\u0ca8\u0cc7 \u0cae\u0cbe\u0ca1\u0cc1\u0ca4\u0ccd\u0ca4\u0cbe \u0cac\u0ca8\u0ccd\u0ca8\u0cbf\u0cb0\u0cbf. \u0c86\u0c97 \u0cb6\u0cbe\u0c82\u0ca4\u0cbf\u0ca6\u0cbe\u0caf\u0c95\u0ca8\u0cbe\u0ca6 \u0ca6\u0cc7\u0cb5\u0cb0\u0cc1 \u0ca8\u0cbf\u0cae\u0ccd\u0cae\u0cca\u0c82\u0ca6\u0cbf\u0c97\u0cbf\u0cb0\u0cc1\u0cb5\u0ca8\u0cc1."},{"Verseid":"49003009","Verse":"\u0c88\u0c97\u0cb2\u0cbe\u0ca6\u0cb0\u0ccb \u0ca8\u0ca8\u0ccd\u0ca8 \u0cb5\u0cbf\u0cb7\u0caf\u0cb5\u0cbe\u0ca6 \u0ca8\u0cbf\u0cae\u0ccd\u0cae \u0caf\u0ccb\u0c9a\u0ca8\u0cc6\u0caf\u0cc1 \u0ca8\u0cbf\u0cae\u0ccd\u0cae\u0cb2\u0ccd\u0cb2\u0cbf \u0caa\u0cc1\u0ca8\u0c83 \u0c9a\u0cbf\u0c97\u0cc1\u0cb0\u0cbf\u0ca6\u0ccd\u0ca6\u0c95\u0ccd\u0c95\u0cc6 \u0ca8\u0cbe\u0ca8\u0cc1 \u0c95\u0cb0\u0ccd\u0ca4\u0ca8\u0cb2\u0ccd\u0cb2\u0cbf \u0cac\u0cb9\u0cb3\u0cb5\u0cbe\u0c97\u0cbf \u0cb8\u0c82\u0ca4\u0ccb\u0cb7\u0caa\u0c9f\u0ccd\u0c9f\u0cc6\u0ca8\u0cc1. \u0c88 \u0cb5\u0cbf\u0cb7\u0caf \u0ca6\u0cb2\u0ccd\u0cb2\u0cbf \u0ca8\u0cc0\u0cb5\u0cc1 \u0caf\u0ccb\u0c9a\u0ca8\u0cc6\u0caf\u0cc1\u0cb3\u0ccd\u0cb3\u0cb5\u0cb0\u0cbe\u0c97\u0cbf\u0ca6\u0ccd\u0ca6\u0cb0\u0cc2 \u0ca8\u0cbf\u0cae\u0c97\u0cc6 \u0cb8\u0c82\u0ca6\u0cb0\u0ccd\u0cad \u0cb8\u0cbf\u0c95\u0ccd\u0c95\u0cb2\u0cbf\u0cb2\u0ccd\u0cb2\u0cb5\u0cc7\u0ca8\u0ccb."},{"Verseid":"49003010","Verse":"\u0c95\u0cca\u0cb0\u0ca4\u0cc6\u0caf\u0cb2\u0ccd\u0cb2\u0cbf\u0ca6\u0ccd\u0ca6\u0cc7 \u0ca8\u0cc6\u0c82\u0ca6\u0cc1 \u0ca8\u0cbe\u0ca8\u0cc1 \u0c87\u0ca6\u0ca8\u0ccd\u0ca8\u0cc1 \u0cb9\u0cc7\u0cb3\u0cc1\u0cb5\u0ca6\u0cbf\u0cb2\u0ccd\u0cb2; \u0ca8\u0cbe\u0ca8\u0c82\u0ca4\u0cc2 \u0c87\u0ca6\u0ccd\u0ca6 \u0cb8\u0ccd\u0ca5\u0cbf\u0ca4\u0cbf\u0caf\u0cb2\u0ccd\u0cb2\u0cbf\u0caf\u0cc7 \u0cb8\u0c82\u0ca4\u0cc1\u0cb7\u0ccd\u0c9f\u0ca8\u0cbe\u0c97\u0cbf\u0cb0\u0cc1\u0cb5\u0ca6\u0ca8\u0ccd\u0ca8\u0cc1 \u0c95\u0cb2\u0cbf\u0ca4\u0cc1 \u0c95\u0cca\u0c82\u0ca1\u0cbf\u0ca6\u0ccd\u0ca6\u0cc7\u0ca8\u0cc6."},{"Verseid":"49003011","Verse":"\u0ca8\u0cbe\u0ca8\u0cc1 \u0cac\u0ca1\u0cb5\u0ca8\u0cbe\u0c97\u0cbf\u0cb0\u0cb2\u0cc2 \u0cac\u0cb2\u0ccd\u0cb2\u0cc6\u0ca8\u0cc1, \u0cb8\u0cae\u0cc3\u0ca6\u0ccd\u0ca7\u0cbf\u0caf\u0cc1\u0cb3\u0ccd\u0cb3\u0cb5\u0ca8\u0cbe\u0c97\u0cbf\u0cb0\u0cb2\u0cc2 \u0cac\u0cb2\u0ccd\u0cb2\u0cc6\u0ca8\u0cc1, \u0ca8\u0cbe\u0ca8\u0cc1 \u0ca4\u0cc3\u0caa\u0ccd\u0ca4\u0ca8\u0cbe\u0c97\u0cbf \u0ca6\u0ccd\u0ca6\u0cb0\u0cc2 \u0cb9\u0cb8\u0cbf\u0ca6\u0cb5\u0ca8\u0cbe\u0c97\u0cbf\u0ca6\u0ccd\u0ca6\u0cb0\u0cc2 \u0cb8\u0cae\u0cc3\u0ca6\u0ccd\u0ca7\u0cbf\u0caf\u0cc1\u0cb3\u0ccd\u0cb3\u0cb5\u0ca8\u0cbe\u0ca6\u0cb0\u0cc2 \u0c95\u0cca\u0cb0\u0ca4\u0cc6\u0caf\u0cc1\u0cb3\u0ccd\u0cb3\u0cb5\u0ca8\u0cbe\u0ca6\u0cb0\u0cc2 \u0caf\u0cbe\u0cb5 \u0ca4\u0cb0\u0ca6 \u0cb8\u0ccd\u0ca5\u0cbf\u0ca4\u0cbf\u0caf\u0cb2\u0cbf\u0cb0\u0cc1\u0cb5\u0cb5\u0ca8\u0cbe\u0ca6\u0cb0\u0cc2 \u0c85\u0cb5\u0cc6\u0cb2\u0ccd\u0cb2\u0cb5\u0cc1\u0c97\u0cb3\u0ca8\u0ccd\u0ca8\u0cc1 \u0ca8\u0cbe\u0ca8\u0cc1 \u0c95\u0cb2\u0cbf\u0ca4\u0cc1 \u0c95\u0cca\u0c82\u0ca1\u0cbf\u0ca6\u0ccd\u0ca6\u0cc7\u0ca8\u0cc6."},{"Verseid":"49003012","Verse":"\u0ca8\u0ca8\u0ccd\u0ca8\u0ca8\u0ccd\u0ca8\u0cc1 \u0cac\u0cb2\u0caa\u0ca1\u0cbf\u0cb8\u0cc1\u0cb5 \u0c95\u0ccd\u0cb0\u0cbf\u0cb8\u0ccd\u0ca4\u0ca8 \u0cae\u0cc2\u0cb2\u0c95 \u0ca8\u0cbe\u0ca8\u0cc1 \u0c8e\u0cb2\u0ccd\u0cb2\u0cb5\u0cc1\u0c97\u0cb3\u0ca8\u0ccd\u0ca8\u0cc1 \u0cae\u0cbe\u0ca1\u0cac\u0cb2\u0ccd\u0cb2\u0cc6\u0ca8\u0cc1."},{"Verseid":"49003013","Verse":"\u0cb9\u0cc0\u0c97\u0cbf\u0ca6\u0ccd\u0ca6\u0cb0\u0cc2 \u0ca8\u0cc0\u0cb5\u0cc1 \u0ca8\u0ca8\u0ccd\u0ca8 \u0cb8\u0c82\u0c95\u0c9f\u0ca6\u0cb2\u0ccd\u0cb2\u0cbf \u0caa\u0cbe\u0cb2\u0cc1\u0c97\u0cbe\u0cb0 \u0cb0\u0cbe\u0c97\u0cbf\u0ca6\u0ccd\u0ca6\u0ca6\u0ccd\u0ca6\u0cc1 \u0c92\u0cb3\u0ccd\u0cb3\u0cc7\u0ca6\u0cbe\u0caf\u0cbf\u0ca4\u0cc1."},{"Verseid":"49003014","Verse":"\u0c87\u0ca6\u0cb2\u0ccd\u0cb2\u0ca6\u0cc6 \u0cab\u0cbf\u0cb2\u0cbf\u0caa\u0ccd\u0caa\u0cbf \u0caf\u0cb5\u0cb0\u0cc7, \u0cb8\u0cc1\u0cb5\u0cbe\u0cb0\u0ccd\u0ca4\u0cc6\u0caf \u0caa\u0ccd\u0cb0\u0cbe\u0cb0\u0c82\u0cad\u0ca6\u0cb2\u0ccd\u0cb2\u0cbf \u0ca8\u0cbe\u0ca8\u0cc1 \u0cae\u0c95\u0cc6\u0ca6\u0ccb\u0ca8\u0ccd\u0caf\u0ca6\u0cbf\u0c82\u0ca6 \u0cb9\u0cca\u0cb0\u0c9f\u0cbe\u0c97 \u0c95\u0cca\u0ca1\u0cc1\u0cb5\u0ca6\u0cb0 \u0cae\u0ca4\u0ccd\u0ca4\u0cc1 \u0ca4\u0cc6\u0c97\u0cc6\u0ca6\u0cc1\u0c95\u0cca\u0cb3\u0ccd\u0cb3\u0cc1\u0cb5\u0ca6\u0cb0 \u0cb5\u0cbf\u0cb7\u0caf\u0ca6\u0cb2\u0ccd\u0cb2\u0cbf \u0ca8\u0cbf\u0cae\u0ccd\u0cae \u0cb9\u0cca\u0cb0\u0ca4\u0cc1 \u0cac\u0cc7\u0cb0\u0cc6 \u0cb8\u0cad\u0cc6\u0caf\u0cc1 \u0ca8\u0ca8\u0ccd\u0ca8\u0cca\u0c82\u0ca6\u0cbf\u0c97\u0cc6 \u0cad\u0cbe\u0c97\u0cb5\u0cb9\u0cbf\u0cb8\u0cb2\u0cbf\u0cb2\u0ccd\u0cb2\u0cb5\u0cc6\u0c82\u0ca6\u0cc1 \u0ca8\u0cc0\u0cb5\u0cc1 \u0cb8\u0cb9 \u0cac\u0cb2\u0ccd\u0cb2\u0cbf\u0cb0\u0cbf."},{"Verseid":"49003015","Verse":"\u0ca8\u0cbe\u0ca8\u0cc1 \u0ca5\u0cc6\u0cb8\u0cb2\u0ccb\u0ca8\u0cbf\u0c95\u0ca6\u0cb2\u0ccd\u0cb2\u0cbf \u0ca6\u0ccd\u0ca6\u0cbe\u0c97\u0cb2\u0cc2 \u0ca8\u0cc0\u0cb5\u0cc1 \u0c95\u0cc6\u0cb2\u0cb5\u0cc1 \u0cb8\u0cbe\u0cb0\u0cbf \u0ca8\u0ca8\u0ccd\u0ca8 \u0c95\u0cca\u0cb0\u0ca4\u0cc6\u0caf\u0ca8\u0ccd\u0ca8\u0cc1 \u0ca8\u0cc0\u0c97\u0cbf\u0cb8\u0cc1\u0cb5\u0ca6\u0c95\u0ccd\u0c95\u0cc6 \u0c95\u0cca\u0c9f\u0ccd\u0c9f\u0cc1 \u0c95\u0cb3\u0cc1\u0cb9\u0cbf\u0cb8\u0cbf\u0ca6\u0cbf\u0cb0\u0cb2\u0ccd\u0cb2\u0cbe."},{"Verseid":"49003016","Verse":"\u0ca8\u0cbe\u0ca8\u0cc1 \u0ca8\u0cbf\u0cae\u0ccd\u0cae\u0cbf\u0c82\u0ca6 \u0ca6\u0cbe\u0ca8\u0cb5\u0ca8\u0ccd\u0ca8\u0cc1 \u0c85\u0caa\u0cc7\u0c95\u0ccd\u0cb7\u0cbf\u0cb8\u0cc1\u0cb5\u0cc6\u0ca8\u0cc6\u0c82\u0ca4\u0cb2\u0ccd\u0cb2 \u0c86\u0ca6\u0cb0\u0cc6 \u0ca8\u0cbf\u0cae\u0ccd\u0cae \u0cb2\u0cc6\u0c95\u0ccd\u0c95\u0c95\u0ccd\u0c95\u0cc6 \u0cb8\u0cae\u0cc3\u0ca6\u0ccd\u0ca7\u0cbf\u0caf\u0cbe\u0ca6 \u0cab\u0cb2\u0cb5\u0ca8\u0ccd\u0ca8\u0cc7 \u0c85\u0caa\u0cc7\u0c95\u0ccd\u0cb7\u0cbf\u0cb8\u0cc1 \u0ca4\u0ccd\u0ca4\u0cc7\u0ca8\u0cc6. \u0c86\u0ca6\u0cb0\u0cc6 \u0cac\u0cc7\u0c95\u0cbe\u0ca6\u0ca6\u0ccd\u0ca6\u0cc6\u0cb2\u0ccd\u0cb2 \u0ca8\u0ca8\u0c97\u0cc1\u0c82\u0c9f\u0cc1, \u0cb8\u0cae\u0cc3\u0ca6\u0ccd\u0ca7\u0cbf \u0caf\u0cbe\u0caf\u0cbf\u0ca4\u0cc1."},{"Verseid":"49003017","Verse":"\u0c8e\u0caa\u0cab\u0ccd\u0cb0\u0cca\u0ca6\u0cc0\u0ca4\u0ca8 \u0c95\u0cc8\u0caf\u0cbf\u0c82\u0ca6 \u0ca8\u0cc0\u0cb5\u0cc1 \u0c95\u0cca\u0c9f\u0ccd\u0c9f\u0cc1 \u0c95\u0cb3\u0cc1\u0cb9\u0cbf\u0cb8\u0cbf\u0ca6\u0ccd\u0ca6\u0cc1 \u0ca8\u0ca8\u0c97\u0cc6 \u0ca4\u0cb2\u0cc1\u0caa\u0cb2\u0cbe\u0c97\u0cbf \u0ca8\u0cbe\u0ca8\u0cc1 \u0ca4\u0cc1\u0c82\u0cac\u0cbf\u0ca4\u0cc1\u0cb3\u0cc1\u0c95\u0cbf\u0ca6\u0cb5\u0ca8\u0cbe\u0c97\u0cbf\u0ca6\u0ccd\u0ca6\u0cc7\u0ca8\u0cc6. \u0c85\u0ca6\u0cc1 \u0ca6\u0cc7\u0cb5\u0cb0\u0cbf\u0c97\u0cc6 \u0cae\u0cc6\u0c9a\u0ccd\u0c9a\u0cbf\u0c95\u0cc6 \u0caf\u0cbe\u0ca6\u0ca6\u0ccd\u0ca6\u0cc1; \u0cb8\u0cc1\u0c97\u0c82\u0ca7\u0cb5\u0cbe\u0cb8\u0ca8\u0cc6\u0caf\u0cc7, \u0c87\u0cb7\u0ccd\u0c9f\u0caf\u0c9c\u0ccd\u0c9e\u0cb5\u0cc7"},{"Verseid":"49003018","Verse":"\u0ca8\u0ca8\u0ccd\u0ca8 \u0ca6\u0cc7\u0cb5\u0cb0\u0cc1 \u0c95\u0ccd\u0cb0\u0cbf\u0cb8\u0ccd\u0ca4 \u0caf\u0cc7\u0cb8\u0cc1\u0cb5\u0cbf\u0ca8 \u0cae\u0cc2\u0cb2\u0c95 \u0ca4\u0ca8\u0ccd\u0ca8 \u0caa\u0ccd\u0cb0\u0cad\u0cbe\u0cb5\u0ca6 \u0c90\u0cb6\u0ccd\u0cb5\u0cb0\u0ccd\u0caf\u0c95\u0ccd\u0c95\u0cc6 \u0ca4\u0c95\u0ccd\u0c95 \u0cb9\u0cbe\u0c97\u0cc6 \u0ca8\u0cbf\u0cae\u0ccd\u0cae \u0caa\u0ccd\u0cb0\u0ca4\u0cbf \u0caf\u0cca\u0c82\u0ca6\u0cc1 \u0c95\u0cca\u0cb0\u0ca4\u0cc6\u0caf\u0ca8\u0ccd\u0ca8\u0cc1 \u0ca8\u0cc0\u0c97\u0cbf\u0cb8\u0cc1\u0cb5\u0ca8\u0cc1."},{"Verseid":"49003019","Verse":"\u0ca8\u0cae\u0ccd\u0cae \u0ca4\u0c82\u0ca6\u0cc6\u0caf\u0cc2 \u0ca6\u0cc7\u0cb5\u0cb0\u0cc2 \u0c86\u0c97\u0cbf\u0cb0\u0cc1\u0cb5\u0cbe\u0ca4\u0ca8\u0cbf\u0c97\u0cc6 \u0caf\u0cc1\u0c97 \u0caf\u0cc1\u0c97\u0cbe\u0c82\u0ca4\u0cb0\u0c97\u0cb3\u0cb2\u0ccd\u0cb2\u0cbf\u0caf\u0cc2 \u0cae\u0cb9\u0cbf\u0cae\u0cc6 \u0c87\u0cb0\u0cb2\u0cbf. \u0c86\u0cae\u0cc6\u0ca8\u0ccd\u200c."},{"Verseid":"49003020","Verse":"\u0c95\u0ccd\u0cb0\u0cbf\u0cb8\u0ccd\u0ca4 \u0caf\u0cc7\u0cb8\u0cc1\u0cb5\u0cbf\u0ca8\u0cb2\u0ccd\u0cb2\u0cbf \u0caa\u0ccd\u0cb0\u0ca4\u0cbf\u0caf\u0cca\u0cac\u0ccd\u0cac \u0caa\u0cb0\u0cbf\u0cb6\u0cc1\u0ca6\u0ccd\u0ca7\u0ca8\u0cbf\u0c97\u0cc6 \u0cb5\u0c82\u0ca6\u0ca8\u0cc6. \u0ca8\u0ca8\u0ccd\u0ca8 \u0c9c\u0cca\u0ca4\u0cc6\u0caf\u0cb2\u0ccd\u0cb2\u0cbf\u0cb0\u0cc1\u0cb5 \u0cb8\u0cb9\u0ccb\u0ca6\u0cb0\u0cb0\u0cc1 \u0ca8\u0cbf\u0cae\u0ccd\u0cae\u0ca8\u0ccd\u0ca8\u0cc1 \u0cb5\u0c82\u0ca6\u0cbf\u0cb8\u0cc1\u0ca4\u0ccd\u0ca4\u0cbe\u0cb0\u0cc6."},{"Verseid":"49003021","Verse":"\u0caa\u0cb0\u0cbf\u0cb6\u0cc1\u0ca6\u0ccd\u0ca6\u0cb0\u0cc6\u0cb2\u0ccd\u0cb2\u0cb0\u0cc2 \u0ca8\u0cbf\u0cae\u0ccd\u0cae\u0ca8\u0ccd\u0ca8\u0cc1 \u0cb5\u0c82\u0ca6\u0cbf\u0cb8\u0cc1\u0ca4\u0ccd\u0ca4\u0cbe\u0cb0\u0cc6. \u0cae\u0cc1\u0c96\u0ccd\u0caf\u0cb5\u0cbe\u0c97\u0cbf \u0c95\u0cc8\u0cb8\u0cb0\u0ca8 \u0cae\u0ca8\u0cc6\u0caf\u0cb5\u0cb0\u0cc1 \u0ca8\u0cbf\u0cae\u0ccd\u0cae\u0ca8\u0ccd\u0ca8\u0cc1 \u0cb5\u0c82\u0ca6\u0cbf\u0cb8\u0cc1\u0ca4\u0ccd\u0ca4\u0cbe\u0cb0\u0cc6;"},{"Verseid":"49003022","Verse":"\u0c95\u0cb0\u0ccd\u0ca4\u0ca8\u0cbe\u0ca6 \u0caf\u0cc7\u0cb8\u0cc1 \u0c95\u0ccd\u0cb0\u0cbf\u0cb8\u0ccd\u0ca4\u0ca8 \u0c95\u0cc3\u0caa\u0cc6\u0caf\u0cc1 \u0ca8\u0cbf\u0cae\u0ccd\u0cae\u0cc6\u0cb2\u0ccd\u0cb2\u0cb0\u0cca\u0c82\u0ca6\u0cbf\u0c97\u0cbf\u0cb0\u0cb2\u0cbf. \u0c86\u0cae\u0cc6\u0ca8\u0ccd\u200c."}]}]}