{"Chapter":[{"Verse":[{"Verseid":"50000000","Verse":"\u0ca6\u0cc7\u0cb5\u0cb0 \u0c9a\u0cbf\u0ca4\u0ccd\u0ca4\u0cbe\u0ca8\u0cc1\u0cb8\u0cbe\u0cb0\u0cb5\u0cbe\u0c97\u0cbf \u0caf\u0cc7\u0cb8\u0cc1 \u0c95\u0ccd\u0cb0\u0cbf\u0cb8\u0ccd\u0ca4\u0ca8 \u0c85\u0caa\u0cca\u0cb8\u0ccd\u0ca4\u0cb2\u0ca8\u0cbe\u0ca6 \u0caa\u0ccc\u0cb2\u0ca8\u0cc2 \u0ca8\u0cae\u0ccd\u0cae \u0cb8\u0cb9\u0ccb\u0ca6\u0cb0\u0ca8\u0cbe\u0ca6 \u0ca4\u0cbf\u0cae\u0cca\u0ca5\u0cc6\u0caf\u0ca8\u0cc2"},{"Verseid":"50000001","Verse":"\u0c95\u0cca\u0cb2\u0cca\u0cb8\u0ccd\u0cb8\u0cc6\u0caf\u0cb2\u0ccd\u0cb2\u0cbf \u0c95\u0ccd\u0cb0\u0cbf\u0cb8\u0ccd\u0ca4\u0ca8\u0cb2\u0ccd\u0cb2\u0cbf\u0cb0\u0cc1\u0cb5 \u0caa\u0cb0\u0cbf\u0cb6\u0cc1\u0ca6\u0ccd\u0ca7\u0cb0\u0cbf\u0c97\u0cc6 \u0cae\u0ca4\u0ccd\u0ca4\u0cc1 \u0ca8\u0c82\u0cac\u0cbf\u0c97\u0cb8\u0ccd\u0ca4\u0cb0\u0cbe\u0ca6 \u0cb8\u0cb9\u0ccb\u0ca6\u0cb0\u0cb0\u0cbf\u0c97\u0cc6--\u0ca8\u0cae\u0ccd\u0cae \u0ca4\u0c82\u0ca6\u0cc6\u0caf\u0cbe\u0ca6 \u0ca6\u0cc7\u0cb5\u0cb0\u0cbf\u0c82\u0ca6\u0cb2\u0cc2 \u0c95\u0cb0\u0ccd\u0ca4\u0ca8\u0cbe\u0ca6 \u0caf\u0cc7\u0cb8\u0cc1 \u0c95\u0ccd\u0cb0\u0cbf\u0cb8\u0ccd\u0ca4\u0ca8\u0cbf\u0c82\u0ca6\u0cb2\u0cc2 \u0ca8\u0cbf\u0cae\u0c97\u0cc6 \u0c95\u0cc3\u0caa\u0cc6\u0caf\u0cc2 \u0cb6\u0cbe\u0c82\u0ca4\u0cbf\u0caf\u0cc2 \u0c86\u0c97\u0cb2\u0cbf."},{"Verseid":"50000002","Verse":"\u0ca8\u0cbe\u0cb5\u0cc1 \u0caa\u0ccd\u0cb0\u0cbe\u0cb0\u0ccd\u0ca5\u0ca8\u0cc6 \u0cae\u0cbe\u0ca1\u0cc1\u0cb5\u0cbe\u0c97\u0cc6\u0cb2\u0ccd\u0cb2\u0cbe \u0ca8\u0cbf\u0cae\u0ccd\u0cae \u0ca8\u0cbf\u0cae\u0cbf\u0ca4\u0ccd\u0ca4 \u0cb5\u0cbe\u0c97\u0cbf \u0ca8\u0cae\u0ccd\u0cae \u0c95\u0cb0\u0ccd\u0ca4\u0ca8\u0cbe\u0ca6 \u0caf\u0cc7\u0cb8\u0cc1 \u0c95\u0ccd\u0cb0\u0cbf\u0cb8\u0ccd\u0ca4\u0ca8 \u0ca6\u0cc7\u0cb5\u0cb0\u0cbf\u0c97\u0cc2 \u0ca4\u0c82\u0ca6\u0cc6\u0c97\u0cc2 \u0cb8\u0ccd\u0ca4\u0ccb\u0ca4\u0ccd\u0cb0 \u0cae\u0cbe\u0ca1\u0cc1\u0ca4\u0ccd\u0ca4\u0cc7\u0cb5\u0cc6."},{"Verseid":"50000003","Verse":"\u0c95\u0ccd\u0cb0\u0cbf\u0cb8\u0ccd\u0ca4 \u0caf\u0cc7\u0cb8\u0cc1\u0cb5\u0cbf\u0ca8\u0cb2\u0ccd\u0cb2\u0cbf \u0ca8\u0cc0\u0cb5\u0cc1 \u0c87\u0c9f\u0ccd\u0c9f \u0ca8\u0c82\u0cac\u0cbf\u0c95\u0cc6\u0caf \u0cb5\u0cbf\u0cb7\u0caf\u0cb5\u0cbe\u0c97\u0cbf\u0caf\u0cc2 \u0caa\u0cb0\u0cbf\u0cb6\u0cc1\u0ca6\u0ccd\u0ca7 \u0cb0\u0cc6\u0cb2\u0ccd\u0cb2\u0cb0 \u0cae\u0cc7\u0cb2\u0cbf\u0cb0\u0cc1\u0cb5 \u0ca8\u0cbf\u0cae\u0ccd\u0cae \u0caa\u0ccd\u0cb0\u0cc0\u0ca4\u0cbf\u0caf \u0cb5\u0cbf\u0cb7\u0caf\u0cb5\u0cbe\u0c97\u0cbf\u0caf\u0cc2 \u0ca8\u0cbe\u0cb5\u0cc1 \u0c95\u0cc7\u0cb3\u0cbf\u0ca6\u0ccd\u0ca6\u0cc7\u0cb5\u0cc6;"},{"Verseid":"50000004","Verse":"\u0caa\u0cb0\u0cb2\u0ccb\u0c95\u0ca6\u0cb2\u0ccd\u0cb2\u0cbf \u0ca8\u0cbf\u0cae\u0c97\u0ccb\u0cb8\u0ccd\u0c95\u0cb0 \u0c87\u0ca1\u0cb2\u0ccd\u0caa\u0c9f\u0ccd\u0c9f\u0cbf\u0cb0\u0cc1\u0cb5 \u0ca8\u0cbf\u0cb0\u0cc0\u0c95\u0ccd\u0cb7\u0cc6\u0caf\u0ca8\u0ccd\u0ca8\u0cc1 \u0c95\u0cc1\u0cb0\u0cbf\u0ca4\u0cc1 \u0cb8\u0cc1\u0cb5\u0cbe\u0cb0\u0ccd\u0ca4\u0cc6\u0caf\u0cc6\u0c82\u0cac \u0cb8\u0ca4\u0ccd\u0caf\u0cb5\u0cbe\u0c95\u0ccd\u0caf\u0ca6\u0cbf\u0c82\u0ca6 \u0ca8\u0cc0\u0cb5\u0cc1 \u0cae\u0cca\u0ca6\u0cb2\u0cc7 \u0c95\u0cc7\u0cb3\u0cbf\u0ca6\u0cbf\u0cb0\u0cbf."},{"Verseid":"50000005","Verse":"\u0ca8\u0cc0\u0cb5\u0cc1 \u0cb8\u0ca4\u0ccd\u0caf\u0ca6\u0cb2\u0ccd\u0cb2\u0cbf \u0ca6\u0cc7\u0cb5\u0cb0 \u0c95\u0cc3\u0caa\u0cc6\u0caf\u0ca8\u0ccd\u0ca8\u0cc1 \u0c95\u0cc7\u0cb3\u0cbf \u0ca4\u0cbf\u0cb3\u0cc1\u0c95\u0cca\u0c82\u0ca1 \u0ca6\u0cbf\u0cb5\u0cb8\u0ca6\u0cbf\u0c82\u0ca6 \u0ca8\u0cbf\u0cae\u0ccd\u0cae \u0cac\u0cb3\u0cbf\u0c97\u0cc6 \u0cac\u0c82\u0ca6 \u0c86 \u0cb8\u0cc1\u0cb5\u0cbe\u0cb0\u0ccd\u0ca4\u0cc6\u0caf\u0cc1 \u0cb2\u0ccb\u0c95\u0ca6\u0cb2\u0ccd\u0cb2\u0cc6\u0cb2\u0ccd\u0cb2\u0cbe \u0cab\u0cb2\u0c95\u0cca\u0c9f\u0ccd\u0c9f\u0c82\u0ca4\u0cc6 \u0ca8\u0cbf\u0cae\u0ccd\u0cae\u0cb2\u0ccd\u0cb2\u0cbf\u0caf\u0cc2 \u0cab\u0cb2 \u0c95\u0cca\u0ca1\u0cc1\u0ca4\u0ccd\u0ca4\u0ca6\u0cc6."},{"Verseid":"50000006","Verse":"\u0c87\u0ca6\u0ca8\u0ccd\u0ca8\u0cc1 \u0ca8\u0cc0\u0cb5\u0cc1 \u0ca8\u0cae\u0ccd\u0cae \u0caa\u0ccd\u0cb0\u0cbf\u0caf \u0c9c\u0cca\u0ca4\u0cc6\u0caf \u0ca6\u0cbe\u0cb8\u0ca8\u0cbe\u0ca6 \u0c8e\u0caa\u0cab\u0ccd\u0cb0\u0ca8\u0cbf\u0c82\u0ca6 \u0c95\u0cb2\u0cbf\u0ca4\u0cc1\u0c95\u0cca\u0c82\u0ca1\u0cbf\u0cb0\u0cbf; \u0c85\u0cb5\u0ca8\u0cc1 \u0ca8\u0cbf\u0cae\u0c97\u0ccb\u0cb8\u0ccd\u0c95\u0cb0 \u0c95\u0ccd\u0cb0\u0cbf\u0cb8\u0ccd\u0ca4\u0ca8 \u0ca8\u0c82\u0cac\u0cbf\u0c97\u0cb8\u0ccd\u0ca4\u0ca8\u0cbe\u0ca6 \u0cb8\u0cc7\u0cb5\u0c95\u0ca8\u0cc1."},{"Verseid":"50000007","Verse":"\u0c86\u0ca4\u0ccd\u0cae\u0ca8\u0cb2\u0ccd\u0cb2\u0cbf\u0cb0\u0cc1\u0cb5 \u0ca8\u0cbf\u0cae\u0ccd\u0cae \u0caa\u0ccd\u0cb0\u0cc0\u0ca4\u0cbf\u0caf \u0cb5\u0cbf\u0cb7\u0caf\u0ca6\u0cb2\u0ccd\u0cb2\u0cbf \u0ca8\u0ca8\u0c97\u0cc6 \u0ca4\u0cbf\u0cb3\u0cbf\u0cb8\u0cbf\u0ca6\u0cb5\u0ca8\u0cc2 \u0c85\u0cb5\u0ca8\u0cc7."},{"Verseid":"50000008","Verse":"\u0c86\u0ca6\u0c95\u0cbe\u0cb0\u0ca3 \u0ca8\u0cbe\u0cb5\u0cc1 \u0cb8\u0cb9 \u0c85\u0ca6\u0ca8\u0ccd\u0ca8\u0cc1 \u0c95\u0cc7\u0cb3\u0cbf\u0ca6 \u0ca6\u0cbf\u0cb5\u0cb8 \u0ca6\u0cbf\u0c82\u0ca6 \u0ca8\u0cbf\u0cae\u0c97\u0ccb\u0cb8\u0ccd\u0c95\u0cb0 \u0caa\u0ccd\u0cb0\u0cbe\u0cb0\u0ccd\u0ca5\u0cbf\u0cb8\u0cc1\u0cb5\u0ca6\u0ca8\u0ccd\u0ca8\u0cc1 \u0cac\u0cbf\u0ca1\u0ca6\u0cc6 \u0ca8\u0cc0\u0cb5\u0cc1 \u0cb8\u0c95\u0cb2\u0c9c\u0ccd\u0c9e\u0cbe\u0ca8\u0cb5\u0ca8\u0ccd\u0ca8\u0cc2 \u0c86\u0ca4\u0ccd\u0cae\u0cc0\u0caf \u0c97\u0ccd\u0cb0\u0cb9\u0cbf\u0c95\u0cc6\u0caf\u0ca8\u0ccd\u0ca8\u0cc2 \u0cb9\u0cca\u0c82\u0ca6\u0cbf \u0c86\u0ca4\u0ca8 \u0c9a\u0cbf\u0ca4\u0ccd\u0ca4\u0ca6 \u0cb5\u0cbf\u0cb7\u0caf\u0cb5\u0cbe\u0ca6 \u0ca4\u0cbf\u0cb3\u0cc1\u0cb5\u0cb3\u0cbf\u0c95\u0cc6 \u0caf\u0cbf\u0c82\u0ca6 \u0ca4\u0cc1\u0c82\u0cac\u0cbf\u0c95\u0cca\u0c82\u0ca1\u0cc1"},{"Verseid":"50000009","Verse":"\u0c95\u0cb0\u0ccd\u0ca4\u0ca8\u0cbf\u0c97\u0cc6 \u0caf\u0ccb\u0c97\u0ccd\u0caf\u0cb0\u0cbe\u0c97\u0cbf \u0ca8\u0ca1\u0cc6\u0ca6\u0cc1 \u0c8e\u0cb2\u0ccd\u0cb2\u0cbe \u0cb5\u0cbf\u0ca7\u0ca6\u0cb2\u0ccd\u0cb2\u0cbf \u0c86\u0ca4\u0ca8\u0ca8\u0ccd\u0ca8\u0cc1 \u0cb8\u0c82\u0ca4\u0ccb\u0cb7\u0caa\u0ca1\u0cbf \u0cb8\u0cc1\u0cb5\u0cb5\u0cb0\u0cbe\u0c97\u0cbf\u0cb0\u0cac\u0cc7\u0c95\u0cc6\u0c82\u0ca4\u0cb2\u0cc2 \u0ca8\u0cc0\u0cb5\u0cc1 \u0cb8\u0c95\u0cb2 \u0cb8\u0ca4\u0ccd\u0c95\u0cbe\u0cb0\u0ccd\u0caf \u0cb5\u0cc6\u0c82\u0cac \u0cab\u0cb2\u0cb5\u0ca8\u0ccd\u0ca8\u0cc1 \u0c95\u0cca\u0ca1\u0cc1\u0ca4\u0ccd\u0ca4\u0cbe \u0ca6\u0cc7\u0cb5\u0cb0 \u0c9c\u0ccd\u0c9e\u0cbe\u0ca8\u0ca6\u0cb2\u0ccd\u0cb2\u0cbf \u0c85\u0cad\u0cbf\u0cb5\u0cc3\u0ca6\u0ccd\u0ca7\u0cbf\u0caf\u0cbe\u0c97\u0cc1\u0ca4\u0ccd\u0ca4\u0cbf\u0cb0\u0cac\u0cc7\u0c95\u0cc6\u0c82\u0ca4\u0cb2\u0cc2"},{"Verseid":"50000010","Verse":"\u0c86\u0ca4\u0ca8 \u0cae\u0cb9\u0cbf\u0cae\u0cbe \u0cb6\u0c95\u0ccd\u0ca4\u0cbf\u0caf \u0caa\u0ccd\u0cb0\u0c95\u0cbe\u0cb0 \u0caa\u0cb0\u0cbf\u0caa\u0cc2\u0cb0\u0ccd\u0ca3 \u0cac\u0cb2\u0cb9\u0cca\u0c82\u0ca6\u0cbf \u0cac\u0cb2\u0cbf\u0cb7\u0cb0\u0cbe\u0c97\u0cbf \u0c86\u0ca8\u0c82\u0ca6 \u0caa\u0cc2\u0cb0\u0ccd\u0cb5\u0c95\u0cb5\u0cbe\u0ca6 \u0ca4\u0cbe\u0cb3\u0ccd\u0cae\u0cc6\u0caf\u0ca8\u0ccd\u0ca8\u0cc1 \u0cae\u0ca4\u0ccd\u0ca4\u0cc1 \u0ca6\u0cc0\u0cb0\u0ccd\u0c98\u0cb6\u0cbe\u0c82\u0ca4\u0cbf\u0caf\u0ca8\u0ccd\u0ca8\u0cc1 \u0ca4\u0ccb\u0cb0\u0cbf\u0cb8\u0cc1\u0cb5\u0cb5\u0cb0\u0cc2"},{"Verseid":"50000011","Verse":"\u0cac\u0cc6\u0cb3\u0c95\u0cbf \u0ca8\u0cb2\u0ccd\u0cb2\u0cbf\u0cb0\u0cc1\u0cb5 \u0caa\u0cb0\u0cbf\u0cb6\u0cc1\u0ca6\u0ccd\u0ca6\u0cb0 \u0cac\u0cbe\u0ca7\u0ccd\u0caf\u0ca4\u0cc6\u0caf\u0cb2\u0ccd\u0cb2\u0cbf \u0caa\u0cbe\u0cb2\u0cc1\u0c97\u0cbe\u0cb0 \u0cb0\u0cbe\u0c97\u0cc1\u0cb5\u0ca6\u0c95\u0ccd\u0c95\u0cc6 \u0ca8\u0cae\u0ccd\u0cae\u0ca8\u0ccd\u0ca8\u0cc1 \u0caf\u0ccb\u0c97\u0ccd\u0caf\u0cb0\u0ca8\u0ccd\u0ca8\u0cbe\u0c97\u0cbf \u0cae\u0cbe\u0ca1\u0cbf\u0ca6 \u0ca4\u0c82\u0ca6\u0cc6\u0c97\u0cc6 \u0c95\u0cc3\u0ca4\u0c9c\u0ccd\u0c9e\u0ca4\u0cbe\u0cb8\u0ccd\u0ca4\u0cc1\u0ca4\u0cbf \u0cae\u0cbe\u0ca1\u0cc1\u0cb5\u0cb5\u0cb0\u0cbe\u0c97\u0cbf\u0cb0\u0cac\u0cc7\u0c95\u0cc6\u0c82\u0ca4\u0cb2\u0cc2 \u0ca8\u0cbe\u0ca8\u0cc1 \u0c86\u0cb6\u0cbf\u0cb8\u0cc1\u0ca4\u0ccd\u0ca4\u0cc7\u0ca8\u0cc6."},{"Verseid":"50000012","Verse":"\u0c86\u0ca4\u0ca8\u0cc1 (\u0ca6\u0cc7\u0cb5\u0cb0\u0cc1) \u0ca8\u0cae\u0ccd\u0cae\u0ca8\u0ccd\u0ca8\u0cc1 \u0c85\u0c82\u0ca7\u0c95\u0cbe\u0cb0\u0ca6 \u0cb6\u0c95\u0ccd\u0ca4\u0cbf\u0caf\u0cbf\u0c82\u0ca6 \u0cac\u0cbf\u0ca1\u0cbf\u0cb8\u0cbf \u0ca4\u0ca8\u0ccd\u0ca8 \u0caa\u0ccd\u0cb0\u0cbf\u0caf\u0c95\u0cc1\u0cae\u0cbe\u0cb0\u0ca8 \u0cb0\u0cbe\u0c9c\u0ccd\u0caf \u0ca6\u0cca\u0cb3\u0c97\u0cc6 \u0cb8\u0cc7\u0cb0\u0cbf\u0cb8\u0cbf\u0ca6\u0ca8\u0cc1."},{"Verseid":"50000013","Verse":"\u0c86\u0ca4\u0ca8\u0cb2\u0ccd\u0cb2\u0cbf (\u0c86 \u0c95\u0cc1\u0cae\u0cbe\u0cb0\u0ca8\u0cb2\u0ccd\u0cb2\u0cbf) \u0c86\u0ca4\u0ca8 \u0cb0\u0c95\u0ccd\u0ca4\u0ca6 \u0cae\u0cc2\u0cb2\u0c95 \u0ca8\u0cae\u0c97\u0cc6 \u0cb5\u0cbf\u0cae\u0ccb\u0c9a\u0ca8\u0cc6\u0caf\u0cc1 \u0c85\u0c82\u0ca6\u0cb0\u0cc6 \u0caa\u0cbe\u0caa\u0caa\u0cb0\u0cbf\u0cb9\u0cbe\u0cb0\u0cb5\u0cc1 \u0c89\u0c82\u0c9f\u0cbe\u0caf\u0cbf\u0ca4\u0cc1."},{"Verseid":"50000014","Verse":"\u0c86\u0ca4\u0ca8\u0cc1 \u0c85\u0ca6\u0cc3\u0cb6\u0ccd\u0caf\u0ca8\u0cbe\u0ca6 \u0ca6\u0cc7\u0cb5\u0cb0 \u0caa\u0ccd\u0cb0\u0ca4\u0cbf\u0cb0\u0cc2\u0caa\u0ca8\u0cc2 \u0caa\u0ccd\u0cb0\u0ca4\u0cbf\u0caf\u0cca\u0c82\u0ca6\u0cc1 \u0cb8\u0cc3\u0cb7\u0ccd\u0c9f\u0cbf\u0c97\u0cc6 \u0c9c\u0ccd\u0caf\u0cc7\u0cb7\u0ccd\u0ca0\u0ca8\u0cc2 \u0c86\u0c97\u0cbf\u0ca6\u0ccd\u0ca6\u0cbe\u0ca8\u0cc6."},{"Verseid":"50000015","Verse":"\u0cad\u0cc2\u0caa\u0cb0\u0cb2\u0ccb\u0c95 \u0c97\u0cb3\u0cb2\u0ccd\u0cb2\u0cbf\u0cb0\u0cc1\u0cb5 \u0ca6\u0cc3\u0cb6\u0ccd\u0caf\u0cbe\u0ca6\u0cc3\u0cb6\u0ccd\u0caf\u0cb5\u0cbe\u0ca6\u0cb5\u0cc1\u0c97\u0cb3\u0cc6\u0cb2\u0ccd\u0cb2\u0cb5\u0cc2 \u0cb8\u0cbf\u0c82\u0cb9\u0cbe\u0cb8\u0ca8 \u0c97\u0cb3\u0cbe\u0c97\u0cb2\u0cbf \u0c87\u0cb2\u0ccd\u0cb2\u0cb5\u0cc6 \u0caa\u0ccd\u0cb0\u0cad\u0cc1\u0ca4\u0ccd\u0cb5\u0c97\u0cb3\u0cbe\u0c97\u0cb2\u0cbf \u0c87\u0cb2\u0ccd\u0cb2\u0cb5\u0cc6 \u0ca6\u0cca\u0cb0\u0cc6 \u0ca4\u0ca8\u0c97\u0cb3\u0cbe\u0c97\u0cb2\u0cbf \u0c87\u0cb2\u0ccd\u0cb2\u0cb5\u0cc6 \u0c85\u0ca7\u0cbf\u0c95\u0cbe\u0cb0\u0c97\u0cb3\u0cbe\u0c97\u0cb2\u0cbf \u0c86\u0ca4\u0ca8\u0cb2\u0ccd\u0cb2\u0cbf \u0cb8\u0cc3\u0cb7\u0ccd\u0c9f\u0cbf\u0cb8\u0cb2\u0ccd\u0caa\u0c9f\u0ccd\u0c9f\u0cb5\u0cc1. \u0cb8\u0cb0\u0ccd\u0cb5\u0cb5\u0cc1 \u0c86\u0ca4\u0ca8\u0cbf\u0c82\u0ca6\u0cb2\u0cc2 \u0c86\u0ca4\u0ca8\u0cbf \u0c97\u0ccb\u0cb8\u0ccd\u0c95\u0cb0\u0cb5\u0cbe\u0c97\u0cbf\u0caf\u0cc2 \u0cb8\u0cc3\u0cb7\u0ccd\u0c9f\u0cbf\u0cb8\u0cb2\u0ccd\u0caa\u0c9f\u0ccd\u0c9f\u0cbf\u0ca4\u0cc1."},{"Verseid":"50000016","Verse":"\u0c86\u0ca4\u0ca8\u0cc1 \u0c8e\u0cb2\u0ccd\u0cb2\u0ca6\u0c95\u0ccd\u0c95\u0cc2 \u0cae\u0cca\u0ca6\u0cb2\u0cc1 \u0c87\u0ca6\u0ccd\u0ca6\u0cbe\u0ca4\u0ca8\u0cc1; \u0c86\u0ca4\u0ca8\u0cc1 \u0cb8\u0cae\u0cb8\u0ccd\u0ca4\u0c95\u0ccd\u0c95\u0cc2 \u0c86\u0ca7\u0cbe\u0cb0\u0ca8\u0cbe\u0c97\u0cbf\u0ca6\u0ccd\u0ca6\u0cbe\u0ca8\u0cc6."},{"Verseid":"50000017","Verse":"\u0cb8\u0cad\u0cc6\u0caf\u0cc6\u0c82\u0cac \u0ca6\u0cc7\u0cb9\u0c95\u0ccd\u0c95\u0cc6 \u0c86\u0ca4\u0ca8\u0cc1 \u0cb6\u0cbf\u0cb0\u0cb8\u0ccd\u0cb8\u0cbe\u0c97\u0cbf\u0ca6\u0ccd\u0ca6\u0cbe\u0ca8\u0cc6. \u0c86\u0ca4\u0ca8\u0cc7 \u0c86\u0ca6\u0cbf\u0caf\u0cbe\u0c97\u0cbf\u0ca6\u0ccd\u0ca6\u0cc1 \u0c8e\u0cb2\u0ccd\u0cb2\u0cbe\u0ca6\u0cb0\u0cb2\u0ccd\u0cb2\u0cbf \u0caa\u0ccd\u0cb0\u0cae\u0cc1\u0c96\u0ca8\u0cbe\u0c97\u0cbf\u0cb0\u0cc1\u0cb5\u0c82\u0ca4\u0cc6 \u0c86\u0ca4\u0ca8\u0cc1 \u0cb8\u0ca4\u0ccd\u0ca4\u0cb5\u0cb0\u0cca\u0cb3\u0c97\u0cbf\u0c82\u0ca6 \u0cac\u0c82\u0ca6 \u0c9c\u0ccd\u0caf\u0cc7\u0cb7\u0ccd\u0ca0\u0ca8\u0cc2 \u0c86\u0c97\u0cbf\u0ca6\u0ccd\u0ca6\u0cbe\u0ca8\u0cc6."},{"Verseid":"50000018","Verse":"\u0c86\u0ca4\u0ca8\u0cb2\u0ccd\u0cb2\u0cbf \u0cb8\u0cb0\u0ccd\u0cb5 \u0cb8\u0c82\u0caa\u0cc2\u0cb0\u0ccd\u0ca3\u0ca4\u0cc6\u0caf\u0cc1 \u0cb5\u0cbe\u0cb8\u0cb5\u0cbe\u0c97\u0cbf\u0cb0\u0cc1\u0cb5\u0ca6\u0cc1 \u0ca4\u0c82\u0ca6\u0cc6\u0c97\u0cc6 \u0c87\u0cb7\u0ccd\u0c9f \u0cb5\u0cbe\u0c97\u0cbf\u0ca4\u0ccd\u0ca4\u0cc1."},{"Verseid":"50000019","Verse":"\u0c86\u0ca4\u0ca8 \u0cb6\u0cbf\u0cb2\u0cc1\u0cac\u0cc6\u0caf \u0cb0\u0c95\u0ccd\u0ca4\u0ca6\u0cbf\u0c82\u0ca6 \u0ca4\u0cbe\u0ca8\u0cc1 \u0cb8\u0cae\u0cbe\u0ca7\u0cbe\u0ca8\u0cb5\u0ca8\u0ccd\u0ca8\u0cc1 \u0c89\u0c82\u0c9f\u0cc1\u0cae\u0cbe\u0ca1\u0cbf \u0c86\u0ca4\u0ca8\u0cbf\u0c82\u0ca6 \u0cad\u0cc2\u0caa\u0cb0 \u0cb2\u0ccb\u0c95\u0c97\u0cb3\u0cb2\u0ccd\u0cb2\u0cbf\u0cb0\u0cc1\u0cb5 \u0c8e\u0cb2\u0ccd\u0cb2\u0cb5\u0cc1\u0c97\u0cb3\u0ca8\u0ccd\u0ca8\u0cc1 \u0c86\u0ca4\u0ca8 \u0cae\u0cc2\u0cb2\u0c95 \u0ca4\u0ca8\u0c97\u0cc6 \u0cb8\u0c82\u0ca7\u0cbe\u0ca8\u0caa\u0ca1\u0cbf\u0cb8\u0cbf\u0c95\u0cca\u0c82\u0ca1\u0ca8\u0cc1."},{"Verseid":"50000020","Verse":"\u0c87\u0ca6\u0cb2\u0ccd\u0cb2\u0ca6\u0cc6 \u0ca8\u0cc0\u0cb5\u0cc1 \u0cb9\u0cbf\u0c82\u0ca6\u0cbf\u0ca8 \u0c95\u0cbe\u0cb2\u0ca6\u0cb2\u0ccd\u0cb2\u0cbf \u0c85\u0ca8\u0ccd\u0caf\u0cb0\u0cc2 \u0ca6\u0cc1\u0cb7\u0ccd\u0c95\u0cc3\u0ca4\u0ccd\u0caf\u0c97\u0cb3\u0cbf\u0c82\u0ca6 \u0ca6\u0ccd\u0cb5\u0cc7\u0cb7 \u0cae\u0ca8\u0cb8\u0ccd\u0cb8\u0cc1\u0cb3\u0ccd\u0cb3\u0cb5\u0cb0\u0cc2 \u0c86\u0c97\u0cbf\u0ca6\u0ccd\u0ca6\u0cbf\u0cb0\u0cbf. \u0c86\u0ca6\u0cbe\u0c97\u0ccd\u0caf\u0cc2 \u0c88\u0c97 \u0c86\u0ca4\u0ca8\u0cc1 \u0ca8\u0cbf\u0cae\u0ccd\u0cae\u0ca8\u0ccd\u0ca8\u0cc1 \u0cb8\u0c82\u0ca7\u0cbe\u0ca8\u0caa\u0ca1\u0cbf\u0cb8\u0cbf \u0c95\u0cca\u0c82\u0ca1\u0cbf\u0ca6\u0ccd\u0ca6\u0cbe\u0ca8\u0cc6."},{"Verseid":"50000021","Verse":"\u0ca4\u0ca8\u0ccd\u0ca8 \u0cb8\u0ccd\u0ca5\u0cc2\u0cb2 \u0ca6\u0cc7\u0cb9\u0ca6\u0cb2\u0ccd\u0cb2\u0cbf \u0c89\u0c82\u0c9f\u0cbe\u0ca6 \u0cae\u0cb0\u0ca3\u0ca6 \u0cae\u0cc2\u0cb2\u0c95 \u0ca8\u0cbf\u0cae\u0ccd\u0cae\u0ca8\u0ccd\u0ca8\u0cc1 \u0caa\u0cb0\u0cbf\u0cb6\u0cc1\u0ca6\u0ccd\u0ca7\u0cb0\u0ca8\u0ccd\u0ca8\u0cbe\u0c97\u0cbf\u0caf\u0cc2 \u0ca8\u0cbf\u0cb0\u0ccd\u0ca6\u0ccb\u0cb7\u0cbf\u0c97\u0cb3\u0ca8\u0ccd\u0ca8\u0cbe\u0c97\u0cbf\u0caf\u0cc2 \u0ca8\u0cbf\u0cb0\u0caa\u0cb0\u0cbe\u0ca7\u0cbf\u0c97\u0cb3\u0ca8\u0ccd\u0ca8\u0cbe\u0c97\u0cbf\u0caf\u0cc2 \u0ca4\u0ca8\u0ccd\u0ca8 \u0cb8\u0ca8\u0ccd\u0ca8\u0cbf\u0ca7\u0cbf\u0caf\u0cb2\u0ccd\u0cb2\u0cbf \u0ca8\u0cbf\u0cb2\u0ccd\u0cb2\u0cbf\u0cb8\u0cac\u0cc7\u0c95\u0cc6\u0c82\u0ca6\u0cbf\u0ca6\u0ccd\u0ca6\u0cbe\u0ca8\u0cc6."},{"Verseid":"50000022","Verse":"\u0caa\u0ccc\u0cb2\u0ca8\u0cc6\u0c82\u0cac \u0ca8\u0cbe\u0ca8\u0cc1 \u0c88 \u0cb8\u0cc1\u0cb5\u0cbe\u0cb0\u0ccd\u0ca4\u0cc6\u0c97\u0cc6 \u0cb8\u0cc7\u0cb5\u0c95\u0ca8\u0cbe\u0ca6\u0cc6\u0ca8\u0cc1; \u0ca8\u0cc0\u0cb5\u0cc1 \u0c95\u0cc7\u0cb3\u0cbf\u0ca6\u0c82\u0ca5 \u0cae\u0ca4\u0ccd\u0ca4\u0cc1 \u0c86\u0c95\u0cbe\u0cb6\u0ca6 \u0c95\u0cc6\u0cb3\u0c97\u0cbf\u0cb0\u0cc1\u0cb5 \u0cb8\u0cb0\u0ccd\u0cb5\u0cb8\u0cc3\u0cb7\u0ccd\u0c9f\u0cbf\u0c97\u0cc6 \u0cb8\u0cbe\u0cb0\u0cb2\u0ccd\u0caa\u0c9f\u0ccd\u0c9f\u0c82\u0ca5 \u0cb8\u0cc1\u0cb5\u0cbe\u0cb0\u0ccd\u0ca4\u0cc6\u0caf\u0cbf\u0c82\u0ca6 \u0c89\u0c82\u0c9f\u0cbe\u0ca6 \u0ca8\u0cbf\u0cb0\u0cc0\u0c95\u0ccd\u0cb7\u0cc6 \u0caf\u0ca8\u0ccd\u0ca8\u0cc1 \u0cac\u0cbf\u0c9f\u0ccd\u0c9f\u0cc1 \u0ca4\u0cca\u0cb2\u0c97\u0cbf\u0cb9\u0ccb\u0c97\u0ca6\u0cc6 \u0c85\u0cb8\u0ccd\u0ca4\u0cbf\u0cb5\u0cbe\u0cb0\u0ca6 \u0cae\u0cc7\u0cb2\u0cc6 \u0ca8\u0cbf\u0c82\u0ca4\u0cc1 \u0cb8\u0ccd\u0ca5\u0cbf\u0cb0\u0cb5\u0cbe\u0c97\u0cbf\u0ca6\u0ccd\u0ca6\u0cc1 \u0ca8\u0c82\u0cac\u0cbf\u0c95\u0cc6\u0caf\u0cb2\u0ccd\u0cb2\u0cbf \u0ca8\u0cc6\u0cb2\u0cc6\u0c97\u0cca\u0c82\u0ca1\u0cbf\u0cb0\u0cc1 \u0cb5\u0ca6\u0cbe\u0ca6\u0cb0\u0cc6"},{"Verseid":"50000023","Verse":"\u0ca8\u0cbe\u0ca8\u0cc1 \u0c88\u0c97 \u0ca8\u0cbf\u0cae\u0c97\u0ccb\u0cb8\u0ccd\u0c95\u0cb0 \u0c85\u0ca8\u0cc1\u0cad\u0cb5\u0cbf \u0cb8\u0cc1\u0ca4\u0ccd\u0ca4\u0cbf\u0cb0\u0cc1\u0cb5 \u0cac\u0cbe\u0ca7\u0cc6\u0c97\u0cb3\u0cb2\u0ccd\u0cb2\u0cbf \u0cb8\u0c82\u0ca4\u0ccb\u0cb7\u0caa\u0c9f\u0ccd\u0c9f\u0cc1 \u0c95\u0ccd\u0cb0\u0cbf\u0cb8\u0ccd\u0ca4\u0ca8 \u0cb8\u0c82\u0c95\u0c9f \u0c97\u0cb3\u0cca\u0cb3\u0c97\u0cc6 \u0c87\u0ca8\u0ccd\u0ca8\u0cc2 \u0c89\u0cb3\u0cbf\u0ca6\u0ca6\u0ccd\u0ca6\u0ca8\u0ccd\u0ca8\u0cc1 \u0cb8\u0cad\u0cc6\u0caf\u0cc6\u0c82\u0cac \u0c86\u0ca4\u0ca8 \u0ca6\u0cc7\u0cb9\u0c95\u0ccd\u0c95\u0ccb\u0cb8\u0ccd\u0c95\u0cb0 \u0ca8\u0ca8\u0ccd\u0ca8 \u0cb6\u0cb0\u0cc0\u0cb0\u0ca6\u0cb2\u0ccd\u0cb2\u0cbf \u0c85\u0ca8\u0cc1\u0cad\u0cb5\u0cbf\u0cb8\u0cbf \u0ca4\u0cc0\u0cb0\u0cbf\u0cb8\u0cc1 \u0ca4\u0ccd\u0ca4\u0cc7\u0ca8\u0cc6."},{"Verseid":"50000024","Verse":"\u0c85\u0ca6\u0c95\u0ccd\u0c95\u0cc6 \u0ca8\u0cbf\u0cae\u0c97\u0ccb\u0cb8\u0ccd\u0c95\u0cb0 \u0ca8\u0ca8\u0c97\u0cc6 \u0c95\u0cca\u0ca1\u0cb2\u0ccd\u0caa\u0c9f\u0ccd\u0c9f \u0ca6\u0cc7\u0cb5\u0cb0 \u0caf\u0cc1\u0c97\u0c95\u0ccd\u0c95\u0ca8\u0cc1\u0cb8\u0cbe\u0cb0 \u0ca6\u0cc7\u0cb5\u0cb0 \u0cb5\u0cbe\u0c95\u0ccd\u0caf\u0cb5\u0ca8\u0ccd\u0ca8\u0cc1 \u0caa\u0cc2\u0cb0\u0cc8\u0cb8\u0cc1 \u0cb5\u0ca6\u0c95\u0ccd\u0c95\u0cc6 \u0ca8\u0cbe\u0ca8\u0cc1 \u0cb8\u0cc7\u0cb5\u0c95\u0ca8\u0cbe\u0ca6\u0cc6\u0ca8\u0cc1."},{"Verseid":"50000025","Verse":"\u0c86 \u0cb5\u0cbe\u0c95\u0ccd\u0caf\u0cb5\u0cc1 \u0cb9\u0cbf\u0c82\u0ca6\u0cbf\u0ca8 \u0caf\u0cc1\u0c97\u0c97\u0cb3\u0cbf\u0c82\u0ca6\u0cb2\u0cc2 \u0ca4\u0cb2\u0cbe\u0ca4\u0cb2\u0cbe\u0c82\u0ca4\u0cb0\u0c97\u0cb3\u0cbf\u0c82\u0ca6\u0cb2\u0cc2 \u0cae\u0cb0\u0cc6 \u0caf\u0cbe\u0c97\u0cbf\u0ca4\u0ccd\u0ca4\u0cc1; \u0c85\u0ca6\u0cc1 \u0c88\u0c97\u0cbf\u0ca8 \u0c95\u0cbe\u0cb2\u0ca6\u0cb2\u0ccd\u0cb2\u0cbf \u0c86\u0ca4\u0ca8 \u0caa\u0cb0\u0cbf\u0cb6\u0cc1\u0ca6\u0ccd\u0ca7\u0cb0\u0cbf\u0c97\u0cc6 \u0ca4\u0cbf\u0cb3\u0cbf\u0cb8\u0cb2\u0ccd\u0caa\u0c9f\u0ccd\u0c9f\u0cbf\u0ca6\u0cc6;"},{"Verseid":"50000026","Verse":"\u0c85\u0ca8\u0ccd\u0caf\u0c9c\u0ca8\u0c97\u0cb3\u0cb2\u0ccd\u0cb2\u0cbf \u0c88 \u0cae\u0cb0\u0ccd\u0cae\u0ca6 \u0cae\u0cb9\u0cbf\u0cae\u0cbe\u0ca4\u0cbf\u0cb6\u0caf\u0cb5\u0cc1 \u0c8e\u0cb7\u0ccd\u0c9f\u0cc6\u0c82\u0cac\u0ca6\u0ca8\u0ccd\u0ca8\u0cc1 \u0ca6\u0cc7\u0cb5\u0cb0\u0cc1 \u0ca4\u0ca8\u0ccd\u0ca8 \u0c9c\u0ca8\u0cb0\u0cbf\u0c97\u0cc6 (\u0caa\u0cb0\u0cbf\u0cb6\u0cc1\u0ca6\u0ccd\u0ca7\u0cb0\u0cbf\u0c97\u0cc6) \u0ca4\u0cbf\u0cb3\u0cbf\u0cb8\u0cc1\u0cb5\u0ca6\u0c95\u0ccd\u0c95\u0cc6 \u0cae\u0ca8\u0cb8\u0ccd\u0cb8\u0cc1 \u0cae\u0cbe\u0ca1\u0cbf \u0c95\u0cca\u0c82\u0ca1\u0ca8\u0cc1. \u0c88 \u0cae\u0cb0\u0ccd\u0cae\u0cb5\u0cc1 \u0c8f\u0ca8\u0cc6\u0c82\u0ca6\u0cb0\u0cc6 \u0ca8\u0cbf\u0cae\u0ccd\u0cae\u0cb2\u0ccd\u0cb2\u0cbf\u0cb0\u0cc1\u0cb5 \u0c95\u0ccd\u0cb0\u0cbf\u0cb8\u0ccd\u0ca4\u0ca8\u0cc1 \u0cae\u0cb9\u0cbf\u0cae\u0cc6\u0caf \u0ca8\u0cbf\u0cb0\u0cc0\u0c95\u0ccd\u0cb7\u0cc6\u0caf\u0cbe\u0c97\u0cbf\u0ca6\u0ccd\u0ca6\u0cbe\u0ca8\u0cc6 \u0c8e\u0c82\u0cac\u0ca6\u0cc7."},{"Verseid":"50000027","Verse":"\u0c95\u0ccd\u0cb0\u0cbf\u0cb8\u0ccd\u0ca4 \u0caf\u0cc7\u0cb8\u0cc1\u0cb5\u0cbf\u0ca8\u0cb2\u0ccd\u0cb2\u0cbf \u0caa\u0ccd\u0cb0\u0ca4\u0cbf\u0caf\u0cca\u0cac\u0ccd\u0cac\u0ca8\u0ca8\u0ccd\u0ca8\u0cc1 \u0caa\u0cb0\u0cbf\u0caa\u0cc2\u0cb0\u0ccd\u0ca3 \u0ca8\u0ca8\u0ccd\u0ca8\u0cbe\u0c97\u0cbf \u0cae\u0cbe\u0ca1\u0cc1\u0cb5\u0c82\u0ca4\u0cc6 \u0caa\u0ccd\u0cb0\u0ca4\u0cbf\u0caf\u0cca\u0cac\u0ccd\u0cac\u0ca8\u0ca8\u0ccd\u0ca8\u0cc1 \u0c8e\u0c9a\u0ccd\u0c9a\u0cb0\u0cbf\u0cb8\u0cc1\u0ca4\u0ccd\u0ca4\u0cbe \u0c8e\u0cb2\u0ccd\u0cb2\u0cbe \u0c9c\u0ccd\u0c9e\u0cbe\u0ca8\u0ca6\u0cb2\u0ccd\u0cb2\u0cbf \u0caa\u0ccd\u0cb0\u0ca4\u0cbf\u0caf\u0cca\u0cac\u0ccd\u0cac\u0ca8\u0cbf\u0c97\u0cc2 \u0cac\u0ccb\u0ca7\u0cbf\u0cb8\u0cc1\u0ca4\u0ccd\u0ca4\u0cbe \u0ca8\u0cbe\u0cb5\u0cc1 \u0c86\u0ca4\u0ca8\u0ca8\u0ccd\u0ca8\u0cc1 \u0cb8\u0cbe\u0cb0\u0cc1\u0cb5\u0cb5\u0cb0\u0cbe\u0c97\u0cbf\u0ca6\u0ccd\u0ca6\u0cc7\u0cb5\u0cc6."},{"Verseid":"50000028","Verse":"\u0ca8\u0ca8\u0ccd\u0ca8\u0cb2\u0ccd\u0cb2\u0cbf \u0cac\u0cb2\u0ca6\u0cbf\u0c82\u0ca6 \u0c95\u0cbe\u0cb0\u0ccd\u0caf \u0cae\u0cbe\u0ca1\u0cc1\u0cb5\u0cbe\u0ca4\u0ca8 \u0c95\u0cc6\u0cb2\u0cb8\u0c95\u0ccd\u0c95\u0ca8\u0cc1 \u0cb8\u0cbe\u0cb0\u0cb5\u0cbe\u0c97\u0cbf \u0ca8\u0cbe\u0ca8\u0cc1 \u0cb8\u0cb9 \u0c85\u0ca6\u0c95\u0ccd\u0c95\u0cbe\u0c97\u0cbf \u0caa\u0ccd\u0cb0\u0caf\u0cbe\u0cb8\u0caa\u0ca1\u0cc1\u0ca4\u0ccd\u0ca4\u0cbe \u0cb9\u0ccb\u0cb0\u0cbe\u0ca1\u0cc1\u0ca4\u0ccd\u0ca4\u0cc7\u0ca8\u0cc6."}]},{"Verse":[{"Verseid":"50001000","Verse":"\u0ca8\u0cbf\u0cae\u0c97\u0ccb\u0cb8\u0ccd\u0c95\u0cb0\u0cb5\u0cc2 \u0cb2\u0cb5\u0cca\u0ca6\u0cbf\u0c95\u0cc0\u0caf\u0ca6\u0cb5\u0cb0\u0cbf \u0c97\u0ccb\u0cb8\u0ccd\u0c95\u0cb0\u0cb5\u0cc2 \u0ca8\u0ca8\u0ccd\u0ca8\u0ca8\u0ccd\u0ca8\u0cc1 \u0c95\u0ca3\u0ccd\u0ca3\u0cbe\u0cb0\u0cc6 \u0c95\u0cbe\u0ca3\u0ca6\u0cbf\u0cb0\u0cc1 \u0cb5\u0cb5\u0cb0\u0cc6\u0cb2\u0ccd\u0cb2\u0cb0\u0cbf\u0c97\u0ccb\u0cb8\u0ccd\u0c95\u0cb0\u0cb5\u0cc2 \u0ca8\u0ca8\u0c97\u0cc6 \u0cac\u0cb9\u0cb3 \u0cb9\u0ccb\u0cb0\u0cbe\u0c9f \u0c89\u0c82\u0c9f\u0cc6\u0c82\u0cac\u0ca6\u0cc1 \u0ca8\u0cbf\u0cae\u0c97\u0cc6 \u0ca4\u0cbf\u0cb3\u0cbf\u0ca6\u0cbf\u0cb0\u0cac\u0cc7\u0c95\u0cc6\u0c82\u0ca6\u0cc1 \u0ca8\u0cbe\u0ca8\u0cc1 \u0c85\u0caa\u0cc7\u0c95\u0ccd\u0cb7\u0cbf\u0cb8\u0cc1\u0ca4\u0ccd\u0ca4\u0cc7\u0ca8\u0cc6."},{"Verseid":"50001001","Verse":"\u0cb9\u0cc7\u0c97\u0c82\u0ca6\u0cb0\u0cc6, \u0c85\u0cb5\u0cb0 \u0cb9\u0cc3\u0ca6\u0caf\u0c97\u0cb3\u0cc1 \u0caa\u0ccd\u0cb0\u0cc0\u0ca4\u0cbf\u0caf\u0cb2\u0ccd\u0cb2\u0cbf \u0cb9\u0cca\u0c82\u0ca6\u0cbf\u0c95\u0cca\u0c82\u0ca1\u0cc1 \u0c86\u0ca6\u0cb0\u0ca3\u0cc6 \u0cb9\u0cca\u0c82\u0ca6\u0cbf \u0cb8\u0c82\u0caa\u0cc2\u0cb0\u0ccd\u0ca3 \u0ca8\u0cbf\u0cb6\u0ccd\u0c9a\u0caf\u0cb5\u0cc6\u0c82\u0cac \u0cad\u0cbe\u0c97\u0ccd\u0caf\u0cb5\u0ca8\u0ccd\u0ca8\u0cc1 \u0caa\u0ca1\u0cc6\u0ca6\u0cc1 \u0ca4\u0c82\u0ca6\u0cc6\u0caf\u0cbe\u0ca6 \u0ca6\u0cc7\u0cb5\u0cb0 \u0cae\u0ca4\u0ccd\u0ca4\u0cc1 \u0c95\u0ccd\u0cb0\u0cbf\u0cb8\u0ccd\u0ca4\u0ca8 \u0cae\u0cb0\u0ccd\u0cae\u0cb5\u0ca8\u0ccd\u0ca8\u0cc1 \u0ca4\u0cbf\u0cb3\u0cbf\u0caf\u0cc1\u0cb5\u0ca6\u0cc7;"},{"Verseid":"50001002","Verse":"\u0c86\u0ca4\u0ca8\u0cb2\u0ccd\u0cb2\u0cbf (\u0c95\u0ccd\u0cb0\u0cbf\u0cb8\u0ccd\u0ca4\u0ca8\u0cb2\u0ccd\u0cb2\u0cbf) \u0c9c\u0ccd\u0c9e\u0cbe\u0ca8 \u0ca4\u0cbf\u0cb3\u0cc1\u0cb5\u0cb3\u0cbf\u0c95\u0cc6\u0caf \u0c8e\u0cb2\u0ccd\u0cb2\u0cbe \u0ca8\u0cbf\u0c95\u0ccd\u0cb7\u0cc7\u0caa\u0c97\u0cb3\u0cc1 \u0c85\u0ca1\u0c95\u0cb5\u0cbe\u0c97\u0cbf\u0cb5\u0cc6."},{"Verseid":"50001003","Verse":"\u0caf\u0cbe\u0cb0\u0cbe\u0ca6\u0cb0\u0cc2 \u0cb0\u0c82\u0c9c\u0ca8\u0cc6\u0caf\u0cbe\u0ca6 \u0cae\u0cbe\u0ca4\u0cc1\u0c97\u0cb3\u0cbf\u0c82\u0ca6 \u0ca8\u0cbf\u0cae\u0ccd\u0cae\u0ca8\u0ccd\u0ca8\u0cc1 \u0cae\u0ccb\u0cb8\u0c97\u0cca\u0cb3\u0cbf\u0cb8\u0cbf\u0caf\u0cbe\u0cb0\u0cc6\u0c82\u0ca6\u0cc1 \u0ca8\u0cbe\u0ca8\u0cc1 \u0c87\u0ca6\u0ca8\u0ccd\u0ca8\u0cc1 \u0cb9\u0cc7\u0cb3\u0cc1\u0ca4\u0ccd\u0ca4\u0cc7\u0ca8\u0cc6."},{"Verseid":"50001004","Verse":"\u0ca8\u0cbe\u0ca8\u0cc1 \u0cb6\u0cb0\u0cc0\u0cb0\u0ca6\u0cbf\u0c82\u0ca6 \u0ca8\u0cbf\u0cae\u0ccd\u0cae \u0cac\u0cb3\u0cbf\u0caf\u0cb2\u0ccd\u0cb2\u0cbf \u0c87\u0cb2\u0ccd\u0cb2\u0ca6\u0cbf\u0ca6\u0ccd\u0ca6\u0cb0\u0cc2 \u0c86\u0ca4\u0ccd\u0cae\u0ca6\u0cbf\u0c82\u0ca6 \u0ca8\u0cbf\u0cae\u0ccd\u0cae\u0cca\u0c82\u0ca6\u0cbf\u0c97\u0cbf\u0ca6\u0ccd\u0ca6\u0cc1 \u0ca8\u0cc0\u0cb5\u0cc1 \u0c95\u0ccd\u0cb0\u0cae \u0cb5\u0cbe\u0c97\u0cbf \u0ca8\u0ca1\u0cc6\u0caf\u0cc1\u0cb5\u0ca6\u0ca8\u0ccd\u0ca8\u0cc2 \u0c95\u0ccd\u0cb0\u0cbf\u0cb8\u0ccd\u0ca4 \u0ca8\u0c82\u0cac\u0cbf\u0c95\u0cc6\u0caf\u0cb2\u0ccd\u0cb2\u0cbf \u0ca6\u0cc3\u0ca2\u0cb5\u0cbe\u0c97\u0cbf \u0ca8\u0cbf\u0c82\u0ca4\u0cbf\u0cb0\u0cc1\u0cb5\u0ca6\u0ca8\u0ccd\u0ca8\u0cc2 \u0ca8\u0ccb\u0ca1\u0cbf \u0cb8\u0c82\u0ca4\u0ccb\u0cb7\u0caa\u0ca1\u0cc1\u0ca4\u0ccd\u0ca4\u0cc7\u0ca8\u0cc6."},{"Verseid":"50001005","Verse":"\u0c86\u0ca6\u0ca6\u0cb0\u0cbf\u0c82\u0ca6 \u0ca8\u0cc0\u0cb5\u0cc1 \u0c95\u0cb0\u0ccd\u0ca4\u0ca8\u0cbe\u0ca6 \u0c95\u0ccd\u0cb0\u0cbf\u0cb8\u0ccd\u0ca4 \u0caf\u0cc7\u0cb8\u0cc1\u0cb5\u0ca8\u0ccd\u0ca8\u0cc1 \u0c85\u0c82\u0c97\u0cc0\u0c95\u0cb0\u0cbf\u0cb8\u0cbf\u0ca6\u0c82\u0ca4\u0cc6\u0caf\u0cc7 \u0c86\u0ca4\u0ca8\u0cb2\u0ccd\u0cb2\u0cbf\u0ca6\u0ccd\u0ca6\u0cb5\u0cb0\u0cbe\u0c97\u0cbf \u0ca8\u0ca1\u0cc6\u0ca6\u0cc1 \u0c95\u0cca\u0cb3\u0ccd\u0cb3\u0cbf\u0cb0\u0cbf."},{"Verseid":"50001006","Verse":"\u0c86\u0ca4\u0ca8\u0cb2\u0ccd\u0cb2\u0cbf \u0cac\u0cc7\u0cb0\u0cc2\u0cb0\u0cbf\u0c95\u0cca\u0c82\u0ca1\u0cc1 \u0ca6\u0cc3\u0ca2\u0cb5\u0cbe\u0c97\u0cbf \u0ca8\u0cbf\u0cae\u0c97\u0cc6 \u0c95\u0cb2\u0cbf\u0cb8\u0cbf\u0ca6 \u0caa\u0ccd\u0cb0\u0c95\u0cbe\u0cb0\u0cb5\u0cc7 \u0ca8\u0c82\u0cac\u0cbf\u0c95\u0cc6\u0caf\u0cb2\u0ccd\u0cb2\u0cbf \u0ca8\u0cc6\u0cb2\u0cc6\u0c97\u0cca\u0c82\u0ca1\u0cc1 \u0c95\u0cc3\u0ca4\u0c9c\u0ccd\u0c9e\u0ca4\u0cc6\u0caf\u0cbf\u0c82\u0ca6\u0cca\u0ca1\u0c97\u0cc2\u0ca1\u0cbf \u0c85\u0ca6\u0cb0\u0cb2\u0ccd\u0cb2\u0cbf \u0c85\u0cad\u0cbf\u0cb5\u0cc3\u0ca6\u0ccd\u0ca6\u0cbf \u0cb9\u0cca\u0c82\u0ca6\u0cbf\u0cb0\u0cbf."},{"Verseid":"50001007","Verse":"\u0c95\u0ccd\u0cb0\u0cbf\u0cb8\u0ccd\u0ca4\u0ca8\u0ca8\u0ccd\u0ca8\u0cc1 \u0c85\u0ca8\u0cc1\u0cb8\u0cb0\u0cbf\u0cb8\u0ca6\u0cc6 \u0cae\u0ca8\u0cc1\u0cb7\u0ccd\u0caf\u0cb0 \u0cb8\u0c82\u0caa\u0ccd\u0cb0\u0ca6\u0cbe\u0caf\u0c97\u0cb3\u0ca8\u0ccd\u0ca8\u0cc2 \u0caa\u0ccd\u0cb0\u0cbe\u0caa\u0c82\u0c9a\u0cbf\u0c95 \u0cac\u0cbe\u0cb2\u0cac\u0ccb\u0ca7\u0cc6\u0caf\u0ca8\u0ccd\u0ca8\u0cc2 \u0c85\u0ca8\u0cc1\u0cb8\u0cb0\u0cbf\u0cb8\u0cc1\u0cb5\u0cb5\u0cb0\u0cc1 \u0ca8\u0cbf\u0cae\u0ccd\u0cae\u0cb2\u0ccd\u0cb2\u0cbf \u0cac\u0c82\u0ca6\u0cc1 \u0cae\u0ccb\u0cb8\u0cb5\u0cbe\u0ca6 \u0ca8\u0cbf\u0cb0\u0cb0\u0ccd\u0ca5\u0c95 \u0ca4\u0ca4\u0ccd\u0cb5\u0c9c\u0ccd\u0c9e\u0cbe\u0ca8 \u0cac\u0ccb\u0ca7\u0ca8\u0cc6 \u0caf\u0cbf\u0c82\u0ca6 \u0ca8\u0cbf\u0cae\u0ccd\u0cae\u0ca8\u0ccd\u0ca8\u0cc1 \u0c95\u0cc6\u0ca1\u0cbf\u0cb8\u0cbf\u0cac\u0cbf\u0c9f\u0ccd\u0c9f\u0cbe\u0cb0\u0cc1, \u0c8e\u0c9a\u0ccd\u0c9a\u0cb0\u0cbf\u0c95\u0cc6\u0caf\u0cbe\u0c97\u0cbf\u0cb0\u0ccd\u0cb0\u0cbf."},{"Verseid":"50001008","Verse":"\u0c95\u0ccd\u0cb0\u0cbf\u0cb8\u0ccd\u0ca4\u0ca8\u0cb2\u0ccd\u0cb2\u0cbf\u0caf\u0cc7 \u0ca6\u0cc8\u0cb5\u0ca4\u0ccd\u0cb5 \u0cb8\u0cb0\u0ccd\u0cb5\u0cb8\u0c82\u0caa\u0cc2\u0cb0\u0ccd\u0ca3\u0ca4\u0cc6\u0caf\u0cc1 \u0cb6\u0cbe\u0cb0\u0cc0 \u0cb0\u0c95\u0cb5\u0cbe\u0c97\u0cbf \u0cb5\u0cbe\u0cb8\u0cae\u0cbe\u0ca1\u0cc1\u0ca4\u0ccd\u0ca4\u0ca6\u0cc6."},{"Verseid":"50001009","Verse":"\u0ca8\u0cc0\u0cb5\u0cc1 \u0c86\u0ca4\u0ca8\u0cb2\u0ccd\u0cb2\u0cbf\u0ca6\u0ccd\u0ca6\u0cc1 \u0c95\u0cca\u0c82\u0ca1\u0cc7 \u0caa\u0cb0\u0cbf\u0caa\u0cc2\u0cb0\u0ccd\u0ca3\u0ca4\u0cc6\u0caf\u0ca8\u0ccd\u0ca8\u0cc1 \u0cb9\u0cca\u0c82\u0ca6\u0cbf\u0ca6\u0cb5\u0cb0\u0cbe\u0c97\u0cbf \u0ca6\u0ccd\u0ca6\u0cc0\u0cb0\u0cbf. \u0c86\u0ca4\u0ca8\u0cc1 \u0c8e\u0cb2\u0ccd\u0cb2\u0cbe \u0ca6\u0cca\u0cb0\u0cc6\u0ca4\u0ca8\u0c95\u0ccd\u0c95\u0cc2 \u0c85\u0ca7\u0cbf\u0c95\u0cbe\u0cb0\u0c95\u0ccd\u0c95\u0cc2 \u0cb6\u0cbf\u0cb0\u0cb8\u0ccd\u0cb8\u0cbe\u0c97\u0cbf\u0ca6\u0ccd\u0ca6\u0cbe\u0ca8\u0cc6."},{"Verseid":"50001010","Verse":"\u0ca8\u0cc0\u0cb5\u0cc1 \u0c86\u0ca4\u0ca8\u0cb2\u0ccd\u0cb2\u0cbf \u0cb8\u0cc1\u0ca8\u0ccd\u0ca8\u0ca4\u0cbf\u0caf\u0ca8\u0ccd\u0ca8\u0cc2 \u0cb9\u0cca\u0c82\u0ca6\u0cbf\u0ca6\u0ccd\u0ca6\u0cbf\u0cb0\u0cbf; \u0c86 \u0cb8\u0cc1\u0ca8\u0ccd\u0ca8\u0ca4\u0cbf\u0caf\u0cc1 \u0c95\u0cc8\u0caf\u0cbf\u0c82\u0ca6 \u0cae\u0cbe\u0ca1\u0cbf\u0ca6\u0ccd\u0ca6\u0cb2\u0ccd\u0cb2; \u0c87\u0ca6\u0cc1 \u0c95\u0ccd\u0cb0\u0cbf\u0cb8\u0ccd\u0ca4\u0ca8\u0cbf\u0c82\u0ca6\u0cbe\u0ca6 \u0cb8\u0cc1\u0ca8\u0ccd\u0ca8\u0ca4\u0cbf\u0caf\u0cbe\u0c97\u0cbf\u0ca6\u0ccd\u0ca6\u0cc1 \u0caa\u0cbe\u0caa\u0ca6 \u0cb6\u0cb0\u0cc0\u0cb0 \u0cb5\u0ca8\u0ccd\u0ca8\u0cc1 \u0cb5\u0cbf\u0cb8\u0cb0\u0ccd\u0c9c\u0cbf\u0cb8\u0cc1\u0cb5\u0ca6\u0cc7."},{"Verseid":"50001011","Verse":"\u0cbe\u0caa\u0ccd\u0ca4\u0cbf\u0cb8\u0ccd\u0cae\u0ca6\u0cb2\u0ccd\u0cb2\u0cbf \u0c86\u0ca4\u0ca8\u0cca\u0c82\u0ca6\u0cbf\u0c97\u0cc6 \u0cb9\u0cc2\u0ca3\u0cb2\u0ccd\u0caa\u0c9f\u0ccd\u0c9f\u0cc1 \u0c86\u0ca4\u0ca8\u0ca8\u0ccd\u0ca8\u0cc1 \u0cb8\u0ca4\u0ccd\u0ca4\u0cb5\u0cb0\u0cca\u0cb3\u0c97\u0cbf\u0c82\u0ca6 \u0c8e\u0cac\u0ccd\u0cac\u0cbf\u0cb8\u0cbf\u0ca6 \u0ca6\u0cc7\u0cb5\u0cb0 \u0c95\u0cbe\u0cb0\u0ccd\u0caf\u0ca6\u0cb2\u0ccd\u0cb2\u0cbf \u0ca8\u0c82\u0cac\u0cbf\u0c95\u0cc6\u0caf\u0cbf\u0c9f\u0ccd\u0c9f\u0cbf\u0cb0\u0cc1\u0cb5\u0ca6\u0cb0\u0cbf\u0c82\u0ca6 \u0ca8\u0cc0\u0cb5\u0cc1 \u0cb8\u0cb9 \u0c85\u0ca6\u0cb0\u0cb2\u0ccd\u0cb2\u0cbf (\u0cac\u0cbe\u0caa\u0ccd\u0ca4\u0cbf\u0cb8\u0ccd\u0cae\u0ca6\u0cb2\u0ccd\u0cb2\u0cbf) \u0c8e\u0cac\u0ccd\u0cac\u0cbf\u0cb8\u0cb2\u0ccd\u0caa\u0c9f\u0ccd\u0c9f\u0cbf\u0ca6\u0ccd\u0ca6\u0cc0\u0cb0\u0cbf."},{"Verseid":"50001012","Verse":"\u0ca8\u0cbf\u0cae\u0ccd\u0cae \u0caa\u0cbe\u0caa\u0c97\u0cb3\u0cb2\u0ccd\u0cb2\u0cbf\u0caf\u0cc2 \u0cb8\u0cc1\u0ca8\u0ccd\u0ca8\u0ca4\u0cbf\u0caf\u0cbf\u0cb2\u0ccd\u0cb2\u0ca6 \u0cb6\u0cb0\u0cc0\u0cb0 \u0cad\u0cbe\u0cb5\u0ca6\u0cbf\u0c82\u0ca6\u0cb2\u0cc2 \u0cb8\u0ca4\u0ccd\u0ca4\u0cb5\u0cb0\u0cbe\u0c97\u0cbf\u0ca6\u0ccd\u0ca6 \u0ca8\u0cbf\u0cae\u0ccd\u0cae\u0ca8\u0ccd\u0ca8\u0cc1 \u0ca6\u0cc7\u0cb5\u0cb0\u0cc1 \u0c86\u0ca4\u0ca8\u0cca\u0c82\u0ca6\u0cbf\u0c97\u0cc6 \u0cac\u0ca6\u0cc1\u0c95\u0cbf\u0cb8\u0cbf \u0ca8\u0cbf\u0cae\u0ccd\u0cae \u0c85\u0caa\u0cb0\u0cbe\u0ca7\u0c97\u0cb3\u0ca8\u0ccd\u0ca8\u0cc6\u0cb2\u0ccd\u0cb2\u0cbe \u0c95\u0ccd\u0cb7\u0cae\u0cbf\u0cb8\u0cbf\u0ca6\u0ccd\u0ca6\u0cbe\u0ca8\u0cc6."},{"Verseid":"50001013","Verse":"\u0ca8\u0cae\u0c97\u0cc6 \u0cb5\u0cbf\u0cb0\u0ccb\u0ca7\u0cb5\u0cbe\u0c97\u0cbf\u0caf\u0cc2 \u0caa\u0ccd\u0cb0\u0ca4\u0cbf \u0c95\u0cc2\u0cb2\u0cb5\u0cbe\u0c97\u0cbf\u0caf\u0cc2 \u0c87\u0ca6\u0ccd\u0ca6 \u0c95\u0cc8\u0cac\u0cb0\u0cb9\u0ca6 \u0cb6\u0cbe\u0cb8\u0ca8\u0c97\u0cb3\u0ca8\u0ccd\u0ca8\u0cc1 \u0c85\u0cb3\u0cbf\u0cb8\u0cbf \u0c85\u0ca6\u0ca8\u0ccd\u0ca8\u0cc1 \u0ca4\u0ca8\u0ccd\u0ca8 \u0cb6\u0cbf\u0cb2\u0cc1\u0cac\u0cc6\u0c97\u0cc6 \u0c9c\u0ca1\u0cbf\u0ca6\u0cc1 \u0c87\u0cb2\u0ccd\u0cb2\u0ca6\u0c82\u0ca4\u0cbe\u0c97 \u0cae\u0cbe\u0ca1\u0cbf\u0ca6\u0ca8\u0cc1."},{"Verseid":"50001014","Verse":"\u0c86\u0ca4\u0ca8\u0cc1 \u0ca6\u0cca\u0cb0\u0cc6\u0ca4\u0ca8\u0c97\u0cb3\u0ca8\u0ccd\u0ca8\u0cc2 \u0c85\u0ca7\u0cbf\u0c95\u0cbe\u0cb0 \u0c97\u0cb3\u0ca8\u0ccd\u0ca8\u0cc2 \u0c95\u0cc6\u0ca1\u0cbf\u0cb8\u0cbf \u0cb6\u0cbf\u0cb2\u0cc1\u0cac\u0cc6\u0caf\u0cb2\u0ccd\u0cb2\u0cbf \u0c85\u0cb5\u0cc1\u0c97\u0cb3 \u0cae\u0cc7\u0cb2\u0cc6 \u0cb5\u0cbf\u0c9c\u0caf \u0c97\u0cca\u0c82\u0ca1\u0cc1 \u0c85\u0cb5\u0cc1\u0c97\u0cb3\u0ca8\u0ccd\u0ca8\u0cc1 \u0cac\u0cb9\u0cbf\u0cb0\u0c82\u0c97\u0cb5\u0cbe\u0c97\u0cbf \u0ca4\u0ccb\u0cb0\u0cbf\u0cb8\u0cbf\u0ca6\u0ca8\u0cc1."},{"Verseid":"50001015","Verse":"\u0cb9\u0cc0\u0c97\u0cbf\u0cb0\u0cc1\u0cb5\u0ca6\u0cb0\u0cbf\u0c82\u0ca6 \u0c85\u0ca8\u0ccd\u0ca8\u0caa\u0cbe\u0ca8\u0c97\u0cb3 \u0cb5\u0cbf\u0cb7\u0caf\u0ca6\u0cb2\u0ccd\u0cb2\u0cbf \u0caf\u0cc2 \u0caa\u0cb5\u0cbf\u0ca4\u0ccd\u0cb0 \u0ca6\u0cbf\u0ca8 \u0c85\u0cae\u0cbe\u0cb5\u0cbe\u0cb8\u0ccd\u0caf\u0cc6 \u0cb8\u0cac\u0ccd\u0cac\u0ca4\u0ccd\u0ca4\u0cc1 \u0c8e\u0c82\u0cac\u0cbf\u0cb5\u0cc1\u0c97\u0cb3 \u0cb5\u0cbf\u0cb7\u0caf\u0ca6\u0cb2\u0ccd\u0cb2\u0cbf\u0caf\u0cc2 \u0ca8\u0cbf\u0cae\u0c97\u0cc6 \u0caf\u0cbe\u0cb0\u0cc2 \u0ca4\u0cc0\u0cb0\u0ccd\u0caa\u0cc1 \u0cae\u0cbe\u0ca1 \u0ca6\u0cbf\u0cb0\u0cb2\u0cbf."},{"Verseid":"50001016","Verse":"\u0c87\u0cb5\u0cc1 \u0cac\u0cb0\u0cac\u0cc7\u0c95\u0cbe\u0c97\u0cbf\u0ca6\u0ccd\u0ca6\u0cb5\u0cc1\u0c97\u0cb3 \u0c9b\u0cbe\u0caf\u0cc6 \u0caf\u0cbe\u0c97\u0cbf\u0cb5\u0cc6; \u0c86\u0ca6\u0cb0\u0cc6 \u0cb6\u0cb0\u0cc0\u0cb0\u0cb5\u0cc1 \u0c95\u0ccd\u0cb0\u0cbf\u0cb8\u0ccd\u0ca4\u0ca8\u0ca6\u0cc7."},{"Verseid":"50001017","Verse":"\u0cb8\u0ccd\u0cb5\u0c87\u0cb7\u0ccd\u0c9f \u0cb5\u0cbf\u0ca8\u0caf\u0ca6\u0cbf\u0c82\u0ca6\u0cb2\u0cc2 \u0ca6\u0cc7\u0cb5\u0ca6\u0cc2\u0ca4\u0cb0 \u0c86\u0cb0\u0cbe\u0ca7\u0ca8\u0cc6 \u0caf\u0cbf\u0c82\u0ca6\u0cb2\u0cc2 \u0ca4\u0ca8\u0ccd\u0ca8 \u0cb6\u0cbe\u0cb0\u0cc0\u0cb0\u0c95 \u0cae\u0ca8\u0cb8\u0ccd\u0cb8\u0cbf\u0ca8\u0cbf\u0c82\u0ca6 \u0cb5\u0ccd\u0caf\u0cb0\u0ccd\u0ca5\u0cb5\u0cbe\u0c97\u0cbf \u0c89\u0cac\u0ccd\u0cac\u0cbf\u0c95\u0cca\u0c82\u0ca1\u0cc1 \u0ca4\u0cbe\u0ca8\u0cc1 \u0ca8\u0ccb\u0ca1\u0ca6\u0cbf\u0cb0\u0cc1\u0cb5\u0cb5\u0cc1\u0c97\u0cb3\u0cb2\u0ccd\u0cb2\u0cbf \u0cac\u0cb2 \u0cb5\u0c82\u0ca4\u0cb5\u0cbe\u0c97\u0cbf \u0ca8\u0cc1\u0c97\u0ccd\u0c97\u0cc1\u0cb5 \u0caf\u0cbe\u0cb5\u0ca8\u0cc2 \u0ca8\u0cbf\u0cae\u0ccd\u0cae \u0cac\u0cb9\u0cc1\u0cae\u0cbe\u0ca8 \u0cb5\u0ca8\u0ccd\u0ca8\u0cc1 \u0cae\u0ccb\u0cb8\u0c97\u0cca\u0cb3\u0cbf\u0cb8\u0ca6\u0cbf\u0cb0\u0cb2\u0cbf."},{"Verseid":"50001018","Verse":"\u0c87\u0c82\u0ca5\u0cb5\u0ca8\u0cc1 (\u0c95\u0ccd\u0cb0\u0cbf\u0cb8\u0ccd\u0ca4\u0ca8\u0cc6\u0c82\u0cac) \u0cb6\u0cbf\u0cb0\u0cb8\u0ccd\u0cb8\u0cbf\u0ca8 \u0cb9\u0cca\u0c82\u0ca6\u0cbf\u0c95\u0cc6\u0caf\u0ca8\u0ccd\u0ca8\u0cc1 \u0cac\u0cbf\u0c9f\u0ccd\u0c9f\u0cb5 \u0ca8\u0cbe\u0c97\u0cbf\u0ca6\u0ccd\u0ca6\u0cbe\u0ca8\u0cc6. \u0c86 \u0cb6\u0cbf\u0cb0\u0cb8\u0ccd\u0cb8\u0cbf\u0ca8\u0cbf\u0c82\u0ca6\u0cb2\u0cc7 \u0ca6\u0cc7\u0cb9\u0cb5\u0cc6\u0cb2\u0ccd\u0cb2\u0cbe \u0c95\u0cc0\u0cb2\u0cc1 \u0ca8\u0cb0\u0c97\u0cb3 \u0cae\u0cc2\u0cb2\u0c95 \u0cac\u0cc7\u0c95\u0cbe\u0ca6 \u0cb8\u0cb9\u0cbe\u0caf\u0cb5\u0ca8\u0ccd\u0ca8\u0cc1 \u0cb9\u0cca\u0c82\u0ca6\u0cbf \u0c92\u0c82\u0ca6\u0cbe\u0c97\u0cbf \u0c9c\u0ccb\u0ca1\u0cbf\u0cb8\u0cb2\u0ccd\u0caa\u0c9f\u0ccd\u0c9f\u0cc1 \u0ca6\u0cc7\u0cb5\u0cb0\u0cc1 \u0c95\u0cca\u0ca1\u0cc1\u0cb5 \u0cb5\u0cc3\u0ca6\u0ccd\u0ca7\u0cbf \u0caf\u0cbf\u0c82\u0ca6 \u0c85\u0cad\u0cbf\u0cb5\u0cc3\u0ca6\u0ccd\u0ca6\u0cbf\u0caf\u0cbe\u0c97\u0cc1\u0ca4\u0ccd\u0ca4\u0cbe \u0cac\u0cb0\u0cc1\u0ca4\u0ccd\u0ca4\u0ca6\u0cc6."},{"Verseid":"50001019","Verse":"\u0caa\u0ccd\u0cb0\u0cbe\u0caa\u0c82\u0c9a\u0cbf\u0c95 \u0cac\u0cbe\u0cb2\u0cac\u0ccb\u0ca7\u0cc6\u0caf \u0caa\u0cbe\u0cb2\u0cbf\u0c97\u0cc6 \u0ca8\u0cc0\u0cb5\u0cc1 \u0c95\u0ccd\u0cb0\u0cbf\u0cb8\u0ccd\u0ca4\u0ca8\u0cca\u0c82\u0ca6\u0cbf\u0c97\u0cc6 \u0cb8\u0ca4\u0ccd\u0ca4\u0cb5\u0cb0\u0cbe\u0c97\u0cbf\u0ca6\u0ccd\u0ca6 \u0cae\u0cc7\u0cb2\u0cc6 \u0c87\u0ca8\u0ccd\u0ca8\u0cc2 \u0caa\u0ccd\u0cb0\u0cbe\u0caa\u0c82\u0c9a\u0cbf\u0c95\u0cb0\u0cbe\u0c97\u0cbf \u0cac\u0ca6\u0cc1\u0c95\u0cc1 \u0cb5\u0cb5\u0cb0\u0ccb \u0c8e\u0c82\u0cac\u0c82\u0ca4\u0cc6"},{"Verseid":"50001020","Verse":"\u0cae\u0cc1\u0c9f\u0ccd\u0c9f\u0cac\u0cc7\u0ca1, \u0cb0\u0cc1\u0c9a\u0cbf\u0ca8\u0ccb\u0ca1 \u0cac\u0cc7\u0ca1, \u0cb9\u0cbf\u0ca1\u0cbf\u0caf\u0cac\u0cc7\u0ca1 \u0c8e\u0ca8\u0ccd\u0ca8\u0cc1\u0cb5 \u0cae\u0ca8\u0cc1\u0cb7\u0ccd\u0caf \u0c95\u0cb2\u0ccd\u0caa\u0cbf\u0ca4 \u0c86\u0c9c\u0ccd\u0c9e\u0cc6 \u0c97\u0cb3\u0cbf\u0c97\u0cc2 \u0cac\u0ccb\u0ca7\u0ca8\u0cc6\u0c97\u0cb3\u0cbf\u0c97\u0cc2 \u0ca8\u0cbf\u0cae\u0ccd\u0cae\u0ca8\u0ccd\u0ca8\u0cc1 \u0c92\u0cb3\u0c97\u0cbe\u0c97\u0cae\u0cbe\u0ca1\u0cbf \u0c95\u0cca\u0cb3\u0ccd\u0cb3\u0cc1\u0cb5\u0ca6\u0cc7\u0c95\u0cc6?"},{"Verseid":"50001021","Verse":"(\u0c86 \u0caa\u0ca6\u0cbe\u0cb0\u0ccd\u0ca5\u0c97\u0cb3\u0cc6\u0cb2\u0ccd\u0cb2\u0cb5\u0cc2 \u0cac\u0cb3\u0cb8\u0cc1\u0cb5 \u0ca6\u0cb0\u0cb2\u0ccd\u0cb2\u0cbf \u0ca8\u0cbe\u0cb6\u0cb5\u0cbe\u0c97\u0cc1\u0ca4\u0ccd\u0ca4\u0cb5\u0cc6);"},{"Verseid":"50001022","Verse":"\u0c85\u0c82\u0ca5 \u0c89\u0caa\u0ca6\u0cc7\u0cb6\u0c97\u0cb3\u0cc1 \u0cb8\u0ccd\u0cb5\u0cc7\u0c9a\u0ccd\u0c9b\u0cbe\u0cb0\u0cbe\u0ca7\u0ca8\u0cc6\u0caf\u0cb2\u0ccd\u0cb2\u0cbf\u0caf\u0cc2 \u0cb5\u0cbf\u0ca8\u0caf\u0ca6\u0cb2\u0ccd\u0cb2\u0cbf\u0caf\u0cc2 \u0ca6\u0cc7\u0cb9 \u0ca6\u0c82\u0ca1\u0ca8\u0cc6\u0caf\u0cb2\u0ccd\u0cb2\u0cbf\u0caf\u0cc2 \u0c9c\u0ccd\u0c9e\u0cbe\u0ca8\u0cb5\u0ca8\u0ccd\u0ca8\u0cc1 \u0ca4\u0ccb\u0cb0\u0cbf\u0cb8\u0cc1\u0cb5\u0c82\u0ca5\u0cb5\u0cc1 \u0c97\u0cb3\u0cbe\u0c97\u0cbf\u0cb0\u0cc1\u0cb5\u0ca6\u0cc1 \u0ca8\u0cbf\u0c9c\u0cb5\u0cc7. \u0c86\u0ca6\u0cb0\u0cc6 \u0c85\u0cb5\u0cc1 \u0cb6\u0cb0\u0cc0\u0cb0\u0cb5\u0ca8\u0ccd\u0ca8\u0cb2\u0ccd\u0cb2\u0ca6\u0cc6 \u0caf\u0cbe\u0cb5 \u0cb5\u0cbf\u0ca7\u0ca6\u0cb2\u0ccd\u0cb2\u0cbf\u0caf\u0cc2 \u0ca4\u0cc3\u0caa\u0ccd\u0ca4\u0cbf \u0caa\u0ca1\u0cbf\u0cb8\u0cb2\u0cbe\u0cb0\u0cb5\u0cc1."}]},{"Verse":[{"Verseid":"50002000","Verse":"\u0cb9\u0cbe\u0c97\u0cbe\u0ca6\u0cb0\u0cc6 \u0ca8\u0cc0\u0cb5\u0cc1 \u0c95\u0ccd\u0cb0\u0cbf\u0cb8\u0ccd\u0ca4\u0ca8\u0cca\u0c82\u0ca6\u0cbf\u0c97\u0cc6 \u0c8e\u0cac\u0ccd\u0cac\u0cbf\u0cb8\u0cb2\u0ccd\u0caa\u0c9f\u0ccd\u0c9f\u0cb5\u0cb0\u0cbe\u0c97\u0cbf\u0ca6\u0ccd\u0ca6\u0cb0\u0cc6 \u0cae\u0cc7\u0cb2\u0cbf\u0cb0\u0cc1\u0cb5 \u0cb5\u0cc1\u0c97\u0cb3\u0ca8\u0ccd\u0ca8\u0cc7 \u0cb9\u0cc1\u0ca1\u0cc1\u0c95\u0cbf\u0cb0\u0cbf; \u0c85\u0cb2\u0ccd\u0cb2\u0cbf \u0c95\u0ccd\u0cb0\u0cbf\u0cb8\u0ccd\u0ca4\u0ca8\u0cc1 \u0ca6\u0cc7\u0cb5\u0cb0 \u0cac\u0cb2\u0c97\u0ca1\u0cc6\u0caf\u0cb2\u0ccd\u0cb2\u0cbf \u0c95\u0cc1\u0cb3\u0cbf\u0ca4\u0cc1\u0c95\u0cca\u0c82\u0ca1\u0cbf\u0ca6\u0ccd\u0ca6\u0cbe\u0ca8\u0cc6."},{"Verseid":"50002001","Verse":"\u0cae\u0cc7\u0cb2\u0cbf\u0cb0\u0cc1 \u0cb5\u0c82\u0ca5\u0cb5\u0cc1\u0c97\u0cb3 \u0cae\u0cc7\u0cb2\u0cc6 \u0ca8\u0cbf\u0cae\u0ccd\u0cae \u0cae\u0ca8\u0cb8\u0ccd\u0cb8\u0cbf\u0ca1\u0cbf\u0cb0\u0cbf. \u0cad\u0cc2\u0cb8\u0c82\u0cac\u0c82\u0ca7 \u0cb5\u0cbe\u0ca6\u0cb5\u0cc1\u0c97\u0cb3 \u0cae\u0cc7\u0cb2\u0cc6 \u0c87\u0ca1\u0cac\u0cc7\u0ca1\u0cbf\u0cb0\u0cbf."},{"Verseid":"50002002","Verse":"\u0caf\u0cbe\u0c95\u0c82\u0ca6\u0cb0\u0cc6 \u0ca8\u0cc0\u0cb5\u0cc1 \u0cb8\u0ca4\u0ccd\u0ca4\u0cbf\u0cb0\u0cb2\u0ccd\u0cb2\u0cbe, \u0ca8\u0cbf\u0cae\u0ccd\u0cae \u0c9c\u0cc0\u0cb5\u0cb5\u0cc1 \u0c95\u0ccd\u0cb0\u0cbf\u0cb8\u0ccd\u0ca4\u0ca8\u0cca\u0c82\u0ca6\u0cbf\u0c97\u0cc6 \u0ca6\u0cc7\u0cb5\u0cb0\u0cb2\u0ccd\u0cb2\u0cbf \u0cae\u0cb0\u0cc6\u0caf\u0cbe\u0c97\u0cbf\u0c9f\u0ccd\u0c9f\u0ca6\u0cc6."},{"Verseid":"50002003","Verse":"\u0ca8\u0cae\u0c97\u0cc6 \u0c9c\u0cc0\u0cb5\u0cb5\u0cbe\u0c97\u0cbf\u0cb0\u0cc1\u0cb5 \u0c95\u0ccd\u0cb0\u0cbf\u0cb8\u0ccd\u0ca4\u0ca8\u0cc1 \u0caa\u0ccd\u0cb0\u0ca4\u0ccd\u0caf\u0c95\u0ccd\u0cb7\u0ca8\u0cbe\u0c97\u0cc1\u0cb5\u0cbe\u0c97 \u0ca8\u0cc0\u0cb5\u0cc1 \u0cb8\u0cb9 \u0c86\u0ca4\u0ca8 \u0c9c\u0cca\u0ca4\u0cc6 \u0caf\u0cb2\u0ccd\u0cb2\u0cbf \u0caa\u0ccd\u0cb0\u0cad\u0cbe\u0cb5\u0ca6\u0cbf\u0c82\u0ca6 \u0c95\u0cc2\u0ca1\u0cbf\u0ca6\u0cb5\u0cb0\u0cbe\u0c97\u0cbf \u0caa\u0ccd\u0cb0\u0ca4\u0ccd\u0caf\u0c95\u0ccd\u0cb7 \u0cb0\u0cbe\u0c97\u0cc1\u0cb5\u0cbf\u0cb0\u0cbf."},{"Verseid":"50002004","Verse":"\u0c86\u0ca6\u0ca6\u0cb0\u0cbf\u0c82\u0ca6 \u0ca8\u0cbf\u0cae\u0ccd\u0cae\u0cb2\u0ccd\u0cb2\u0cbf\u0cb0\u0cc1\u0cb5 \u0cad\u0cc2\u0cb8\u0c82\u0cac\u0c82\u0ca7\u0cb5\u0cbe\u0ca6 \u0cad\u0cbe\u0cb5\u0c97\u0cb3\u0ca8\u0ccd\u0ca8\u0cc1 \u0c85\u0c82\u0ca6\u0cb0\u0cc6 \u0c9c\u0cbe\u0cb0\u0ca4\u0ccd\u0cb5 \u0cac\u0c82\u0ca1\u0cc1\u0ca4\u0ca8 \u0c95\u0cbe\u0cae\u0cbe\u0cad\u0cbf \u0cb2\u0cbe\u0cb7\u0cc6 \u0ca6\u0cc1\u0cb0\u0cbe\u0cb6\u0cc6 \u0cb5\u0cbf\u0c97\u0ccd\u0cb0\u0cb9\u0cbe\u0cb0\u0cbe\u0ca7\u0ca8\u0cc6\u0caf\u0cbe\u0c97\u0cbf\u0cb0\u0cc1\u0cb5 \u0cb2\u0ccb\u0cad \u0c87\u0cb5\u0cc1\u0c97\u0cb3\u0ca8\u0ccd\u0ca8\u0cc1 \u0cb8\u0cbe\u0caf\u0cbf\u0cb8\u0cbf\u0cb0\u0cbf."},{"Verseid":"50002005","Verse":"\u0c87\u0cb5\u0cc1\u0c97\u0cb3 \u0ca8\u0cbf\u0cae\u0cbf\u0ca4\u0ccd\u0ca4 \u0c85\u0cb5\u0cbf\u0ca7\u0cc7\u0caf \u0cb0\u0cbe\u0ca6 \u0cae\u0c95\u0ccd\u0c95\u0cb3 \u0cae\u0cc7\u0cb2\u0cc6 \u0ca6\u0cc7\u0cb5\u0cb0 \u0c95\u0ccb\u0caa\u0cb5\u0cc1 \u0cac\u0cb0\u0cc1\u0ca4\u0ccd\u0ca4\u0ca6\u0cc6."},{"Verseid":"50002006","Verse":"\u0caa\u0cc2\u0cb0\u0ccd\u0cb5\u0ca6\u0cb2\u0ccd\u0cb2\u0cbf \u0ca8\u0cc0\u0cb5\u0cc1 \u0cb8\u0cb9 \u0c85\u0c82\u0ca5\u0cb5\u0cc1\u0c97\u0cb3\u0cb2\u0ccd\u0cb2\u0cbf \u0c9c\u0cc0\u0cb5\u0cbf\u0cb8\u0cc1\u0ca4\u0ccd\u0ca4\u0cbf \u0ca6\u0ccd\u0ca6\u0cbe\u0c97 \u0c85\u0cb5\u0cc1\u0c97\u0cb3\u0c82\u0ca4\u0cc6 \u0ca8\u0ca1\u0cc6\u0ca6\u0cbf\u0cb0\u0cbf."},{"Verseid":"50002007","Verse":"\u0c88\u0c97\u0cb2\u0cbe\u0ca6\u0cb0\u0ccb \u0c95\u0ccd\u0cb0\u0ccb\u0ca7 \u0c95\u0ccb\u0caa \u0cae\u0ca4\u0ccd\u0cb8\u0cb0 \u0ca6\u0cc7\u0cb5\u0ca6\u0cc2\u0cb7\u0ca3\u0cc6 \u0ca8\u0cbf\u0cae \u0cac\u0cbe\u0caf\u0cbf\u0c82\u0ca6 \u0cb9\u0cca\u0cb0\u0ca1\u0cc1\u0cb5 \u0ca6\u0cc1\u0cb0\u0ccd\u0cad\u0cbe\u0cb7\u0cc6 \u0c87\u0cb5\u0cc1\u0c97\u0cb3\u0ca8\u0ccd\u0ca8\u0cc1 \u0cb5\u0cbf\u0cb8\u0cb0\u0ccd\u0c9c\u0cbf\u0cb8\u0cbf\u0cac\u0cbf\u0ca1\u0cbf\u0cb0\u0cbf."},{"Verseid":"50002008","Verse":"\u0c92\u0cac\u0ccd\u0cac\u0cb0\u0cbf\u0c97\u0cca\u0cac\u0ccd\u0cac\u0cb0\u0cc1 \u0cb8\u0cc1\u0cb3\u0ccd\u0cb3\u0cbe\u0ca1\u0cac\u0cc7\u0ca1\u0cbf\u0cb0\u0cbf; \u0ca8\u0cc0\u0cb5\u0cc1 \u0cb9\u0cb3\u0cc7 \u0cae\u0ca8\u0cc1\u0cb7\u0ccd\u0caf\u0ca8\u0ca8\u0ccd\u0ca8\u0cc1 \u0c85\u0cb5\u0ca8 \u0c95\u0cc3\u0ca4\u0ccd\u0caf\u0c97\u0cb3 \u0c95\u0cc2\u0ca1 \u0ca4\u0cc6\u0c97\u0cc6\u0ca6\u0cc1\u0cb9\u0cbe\u0c95\u0cbf\u0ca6\u0ccd\u0ca6\u0cc0\u0cb0\u0cb2\u0ccd\u0cb2\u0cb5\u0cc7?"},{"Verseid":"50002009","Verse":"\u0ca8\u0cc0\u0cb5\u0cc1 \u0ca8\u0cc2\u0ca4\u0ca8 \u0cae\u0ca8\u0cc1\u0cb7\u0ccd\u0caf\u0ca8\u0ca8\u0ccd\u0ca8\u0cc1 \u0ca7\u0cb0\u0cbf\u0cb8\u0cbf\u0c95\u0cca\u0c82\u0ca1\u0cb5\u0cb0\u0cbe\u0c97\u0cbf\u0ca6\u0ccd\u0ca6\u0cc0\u0cb0\u0cbf \u0c85\u0cb5\u0ca8\u0ca8\u0ccd\u0ca8\u0cc1 \u0cb8\u0cc3\u0cb7\u0ccd\u0c9f\u0cbf\u0cb8\u0cbf\u0ca6\u0cbe\u0ca4\u0ca8 \u0cb9\u0ccb\u0cb2\u0cbf\u0c95\u0cc6\u0caf \u0cae\u0cc7\u0cb0\u0cc6\u0c97\u0cc6 \u0c9c\u0ccd\u0c9e\u0cbe\u0ca8\u0ca6\u0cb2\u0ccd\u0cb2\u0cbf \u0c85\u0cb5\u0ca8\u0cc1 \u0ca8\u0cc2\u0ca4\u0ca8\u0cb5\u0cbe\u0c97\u0cc1\u0ca4\u0ccd\u0ca4\u0cbe\u0ca8\u0cc6."},{"Verseid":"50002010","Verse":"\u0c87\u0ca6\u0cb0\u0cb2\u0ccd\u0cb2\u0cbf \u0c97\u0ccd\u0cb0\u0cc0\u0c95\u0ca8\u0cc1 \u0caf\u0cc6\u0cb9\u0cc2\u0ca6\u0ccd\u0caf\u0ca8\u0cc1 \u0c8e\u0c82\u0cac \u0cad\u0cc7\u0ca6\u0cb5\u0cbf\u0cb2\u0ccd\u0cb2; \u0cb8\u0cc1\u0ca8\u0ccd\u0ca8\u0ca4\u0cbf \u0cae\u0cbe\u0ca1\u0cbf\u0cb8\u0cbf \u0c95\u0cca\u0c82\u0ca1\u0cb5\u0cb0\u0cc1 \u0cb8\u0cc1\u0ca8\u0ccd\u0ca8\u0ca4\u0cbf \u0cae\u0cbe\u0ca1\u0cbf\u0cb8\u0cbf\u0c95\u0cca\u0cb3\u0ccd\u0cb3\u0ca6\u0cb5\u0cb0\u0cc1 \u0c8e\u0c82\u0cac \u0cad\u0cc7\u0ca6\u0cb5\u0cbf\u0cb2\u0ccd\u0cb2, \u0cae\u0ccd\u0cb2\u0cc7\u0c9a\u0ccd\u0c9b \u0cb9\u0cc2\u0ca8\u0cb0\u0cc6\u0c82\u0ca6\u0cbf\u0cb2\u0ccd\u0cb2; \u0ca6\u0cbe\u0cb8\u0ca8\u0cc1 \u0cb8\u0ccd\u0cb5\u0ca4\u0c82\u0ca4\u0ccd\u0cb0\u0ca8\u0cc1 \u0c8e\u0c82\u0cac \u0cad\u0cc7\u0ca6\u0cb5\u0cbf\u0cb2\u0ccd\u0cb2; \u0c86\u0ca6\u0cb0\u0cc6 \u0c95\u0ccd\u0cb0\u0cbf\u0cb8\u0ccd\u0ca4\u0ca8\u0cc7 \u0cb8\u0cae\u0cb8\u0ccd\u0ca4\u0cb0\u0cb2\u0ccd\u0cb2\u0cbf\u0caf\u0cc2 \u0cb8\u0cae\u0cb8\u0ccd\u0ca4\u0cb5\u0cc2 \u0c86\u0c97\u0cbf\u0ca6\u0ccd\u0ca6\u0cbe\u0ca8\u0cc6."},{"Verseid":"50002011","Verse":"\u0c86\u0ca6\u0ca6\u0cb0\u0cbf\u0c82\u0ca6 \u0ca8\u0cc0\u0cb5\u0cc1 \u0ca6\u0cc7\u0cb5\u0cb0\u0cbf\u0c82\u0ca6 \u0c86\u0cb0\u0cbf\u0cb8\u0cbf\u0c95\u0cca\u0c82\u0ca1 \u0cb5\u0cb0\u0cc2 \u0caa\u0cb0\u0cbf\u0cb6\u0cc1\u0ca6\u0ccd\u0ca7\u0cb0\u0cc2 \u0caa\u0ccd\u0cb0\u0cbf\u0caf\u0cb0\u0cc2 \u0c86\u0c97\u0cbf\u0cb0\u0cc1\u0cb5\u0cb5\u0cb0\u0cbf\u0c97\u0cc6 \u0ca4\u0c95\u0ccd\u0c95\u0c82\u0ca4\u0cc6 \u0c95\u0ca8\u0cbf\u0c95\u0cb0 \u0ca6\u0caf\u0cc6 \u0ca6\u0cc0\u0ca8\u0cae\u0ca8\u0cb8\u0ccd\u0cb8\u0cc1 \u0cb8\u0cbe\u0ca4\u0ccd\u0cb5\u0cbf\u0c95\u0ca4\u0ccd\u0cb5 \u0ca6\u0cc0\u0cb0\u0ccd\u0c98\u0cb6\u0cbe\u0c82\u0ca4\u0cbf \u0c8e\u0c82\u0cac \u0cb8\u0ca6\u0ccd\u0c97\u0cc1\u0ca3\u0c97\u0cb3\u0ca8\u0ccd\u0ca8\u0cc1 \u0ca7\u0cb0\u0cbf\u0cb8\u0cbf\u0c95\u0cca\u0cb3\u0ccd\u0cb3\u0cbf\u0cb0\u0cbf."},{"Verseid":"50002012","Verse":"\u0caf\u0cbe\u0cb5\u0ca8\u0cbf \u0c97\u0cbe\u0ca6\u0cb0\u0cc2 \u0c92\u0cac\u0ccd\u0cac\u0ca8\u0cbf\u0c97\u0cc6 \u0c87\u0ca8\u0ccd\u0ca8\u0cca\u0cac\u0ccd\u0cac\u0ca8 \u0cae\u0cc7\u0cb2\u0cc6 \u0cb5\u0cbf\u0cb0\u0ccb\u0ca7\u0cb5\u0cbe\u0c97\u0cbf \u0cb5\u0ccd\u0caf\u0cbe\u0c9c\u0ccd\u0caf\u0cb5\u0cbf\u0ca6\u0ccd\u0ca6\u0cb0\u0cc2 \u0c92\u0cac\u0ccd\u0cac\u0cb0\u0cbf\u0c97\u0cca\u0cac\u0ccd\u0cac\u0cb0\u0cc1 \u0ca4\u0cbe\u0cb3\u0cbf\u0c95\u0cca\u0c82\u0ca1\u0cc1 \u0c95\u0ccd\u0cb0\u0cbf\u0cb8\u0ccd\u0ca4\u0ca8\u0cc1 \u0ca8\u0cbf\u0cae\u0ccd\u0cae\u0ca8\u0ccd\u0ca8\u0cc1 \u0c95\u0ccd\u0cb7\u0cae\u0cbf\u0cb8\u0cbf\u0ca6\u0c82\u0ca4\u0cc6\u0caf\u0cc7 \u0ca8\u0cc0\u0cb5\u0cc1 \u0c92\u0cac\u0ccd\u0cac\u0cb0\u0cbf\u0c97\u0cca\u0cac\u0ccd\u0cac\u0cb0\u0cc1 \u0c95\u0ccd\u0cb7\u0cae\u0cbf\u0cb8\u0cbf\u0cb0\u0cbf."},{"Verseid":"50002013","Verse":"\u0c87\u0ca6\u0cc6\u0cb2\u0ccd\u0cb2\u0cbe\u0ca6\u0cb0 \u0cae\u0cc7\u0cb2\u0cc6 \u0caa\u0ccd\u0cb0\u0cc0\u0ca4\u0cbf\u0caf\u0ca8\u0ccd\u0ca8\u0cc1 \u0ca7\u0cb0\u0cbf\u0cb8\u0cbf\u0c95\u0cca\u0cb3\u0ccd\u0cb3\u0cbf\u0cb0\u0cbf; \u0c85\u0ca6\u0cc1 \u0cb8\u0c82\u0caa\u0cc2\u0cb0\u0ccd\u0ca3 \u0cae\u0cbe\u0ca1\u0cc1\u0cb5 \u0cac\u0c82\u0ca7\u0cb5\u0cbe\u0c97\u0cbf\u0ca6\u0cc6."},{"Verseid":"50002014","Verse":"\u0ca6\u0cc7\u0cb5\u0cb0 \u0cb8\u0cae\u0cbe\u0ca7\u0cbe\u0ca8\u0cb5\u0cc1 \u0ca8\u0cbf\u0cae\u0ccd\u0cae \u0cb9\u0cc3\u0ca6\u0caf\u0c97\u0cb3\u0cb2\u0ccd\u0cb2\u0cbf \u0c86\u0cb3\u0cb2\u0cbf; \u0c85\u0ca6\u0c95\u0ccd\u0c95\u0cbe\u0c97\u0cbf\u0caf\u0cc7 \u0ca8\u0cc0\u0cb5\u0cc1 \u0cb8\u0cb9 \u0c92\u0c82\u0ca6\u0cc7 \u0ca6\u0cc7\u0cb9\u0cb5\u0cbe\u0c97\u0cbf\u0cb0\u0cc1\u0cb5\u0c82\u0ca4\u0cc6 \u0c95\u0cb0\u0cc6\u0caf\u0cb2\u0ccd\u0caa\u0c9f\u0ccd\u0c9f\u0cbf\u0ca6\u0ccd\u0ca6\u0cc0\u0cb0\u0cbf; \u0c87\u0ca6\u0cb2\u0ccd\u0cb2\u0ca6\u0cc6 \u0ca8\u0cc0\u0cb5\u0cc1 \u0c95\u0cc3\u0ca4\u0c9c\u0ccd\u0c9e\u0ca4\u0cc6\u0caf\u0cc1\u0cb3\u0ccd\u0cb3\u0cb5\u0cb0\u0cbe\u0c97\u0cbf\u0cb0\u0ccd\u0cb0\u0cbf."},{"Verseid":"50002015","Verse":"\u0cb8\u0c95\u0cb2 \u0c9c\u0ccd\u0c9e\u0cbe\u0ca8\u0ca6\u0cb2\u0ccd\u0cb2\u0cbf \u0c95\u0ccd\u0cb0\u0cbf\u0cb8\u0ccd\u0ca4\u0ca8 \u0cb5\u0cbe\u0c95\u0ccd\u0caf\u0cb5\u0cc1 \u0ca8\u0cbf\u0cae\u0ccd\u0cae\u0cb2\u0ccd\u0cb2\u0cbf \u0cb8\u0cae\u0cc3\u0ca6\u0ccd\u0ca7\u0cbf\u0caf\u0cbe\u0c97\u0cbf \u0cb5\u0cbe\u0cb8\u0cbf\u0cb8\u0cb2\u0cbf; \u0c92\u0cac\u0ccd\u0cac\u0cb0\u0cbf\u0c97\u0cca\u0cac\u0ccd\u0cac\u0cb0\u0cc1 \u0c89\u0caa\u0ca6\u0cc7\u0cb6\u0cbf\u0cb8\u0cc1\u0ca4\u0ccd\u0ca4\u0cbe \u0cac\u0cc1\u0ca6\u0ccd\u0ca6\u0cbf \u0cb9\u0cc7\u0cb3\u0cc1\u0ca4\u0ccd\u0ca4\u0cbe \u0c95\u0cc0\u0cb0\u0ccd\u0ca4\u0ca8\u0cc6\u0c97\u0cb3\u0cbf\u0c82\u0ca6\u0cb2\u0cc2 \u0cb8\u0c82\u0c97\u0cc0\u0ca4\u0c97\u0cb3\u0cbf\u0c82\u0ca6\u0cb2\u0cc2 \u0c86\u0ca4\u0ccd\u0cae \u0cb8\u0c82\u0cac\u0c82\u0ca7\u0cb5\u0cbe\u0ca6 \u0cb9\u0cbe\u0ca1\u0cc1\u0c97\u0cb3\u0cbf\u0c82\u0ca6\u0cb2\u0cc2 \u0c95\u0cc3\u0caa\u0cc6\u0caf\u0cbf\u0c82\u0ca6 \u0ca8\u0cbf\u0cae\u0ccd\u0cae \u0cb9\u0cc3\u0ca6\u0caf\u0c97\u0cb3\u0cb2\u0ccd\u0cb2\u0cbf \u0c95\u0cb0\u0ccd\u0ca4\u0ca8\u0cbf\u0c97\u0cc6 \u0cb9\u0cbe\u0ca1\u0cc1\u0ca4\u0ccd\u0ca4\u0cbe \u0c87\u0cb0\u0ccd\u0cb0\u0cbf."},{"Verseid":"50002016","Verse":"\u0ca8\u0cc0\u0cb5\u0cc1 \u0cae\u0cbe\u0ca4\u0cbf\u0ca8\u0cbf\u0c82\u0ca6\u0cbe\u0c97\u0cb2\u0cbf \u0c95\u0ccd\u0cb0\u0cbf\u0caf\u0cc6\u0caf\u0cbf\u0c82\u0ca6\u0cbe\u0c97\u0cb2\u0cbf \u0c8f\u0ca8\u0cc1 \u0cae\u0cbe\u0ca1\u0cbf\u0ca6\u0cb0\u0cc2 \u0c85\u0ca6\u0cc6\u0cb2\u0ccd\u0cb2\u0cb5\u0ca8\u0ccd\u0ca8\u0cc1 \u0c95\u0cb0\u0ccd\u0ca4\u0ca8\u0cbe\u0ca6 \u0caf\u0cc7\u0cb8\u0cc1\u0cb5\u0cbf\u0ca8 \u0cb9\u0cc6\u0cb8\u0cb0\u0cbf\u0ca8\u0cb2\u0ccd\u0cb2\u0cbf\u0caf\u0cc7 \u0cae\u0cbe\u0ca1\u0cbf\u0cb0\u0cbf. \u0c86\u0ca4\u0ca8 \u0cae\u0cc2\u0cb2\u0c95 \u0ca4\u0c82\u0ca6\u0cc6 \u0caf\u0cbe\u0ca6 \u0ca6\u0cc7\u0cb5\u0cb0\u0cbf\u0c97\u0cc6 \u0c95\u0cc3\u0ca4\u0c9c\u0ccd\u0c9e\u0ca4\u0cbe\u0cb8\u0ccd\u0ca4\u0cc1\u0ca4\u0cbf\u0caf\u0ca8\u0ccd\u0ca8\u0cc1 \u0cb8\u0cb2\u0ccd\u0cb2\u0cbf\u0cb8\u0cbf\u0cb0\u0cbf."},{"Verseid":"50002017","Verse":"\u0cb8\u0ccd\u0ca4\u0ccd\u0cb0\u0cc0\u0caf\u0cb0\u0cc7, \u0ca8\u0cc0\u0cb5\u0cc1 \u0c95\u0cb0\u0ccd\u0ca4\u0ca8\u0cb2\u0ccd\u0cb2\u0cbf \u0caf\u0ccb\u0c97\u0ccd\u0caf\u0cb0\u0cbe\u0c97\u0cbf \u0cb0\u0cc1\u0cb5\u0c82\u0ca4\u0cc6 \u0ca8\u0cbf\u0cae\u0ccd\u0cae \u0c97\u0c82\u0ca1\u0c82\u0ca6\u0cbf\u0cb0\u0cbf\u0c97\u0cc6 \u0c85\u0ca7\u0cc0\u0ca8\u0cb0\u0cbe\u0c97\u0cbf\u0cb0\u0ccd\u0cb0\u0cbf."},{"Verseid":"50002018","Verse":"\u0caa\u0cc1\u0cb0\u0cc1\u0cb7\u0cb0\u0cc7, \u0ca8\u0cbf\u0cae\u0ccd\u0cae \u0cb9\u0cc6\u0c82\u0ca1\u0ca4\u0cbf\u0caf\u0cb0\u0ca8\u0ccd\u0ca8\u0cc1 \u0caa\u0ccd\u0cb0\u0cc0\u0ca4\u0cbf\u0cb8\u0cbf\u0cb0\u0cbf; \u0c85\u0cb5\u0cb0\u0cbf\u0c97\u0cc6 \u0ca8\u0cbf\u0cb7\u0ccd\u0ca0\u0cc1\u0cb0\u0cb5\u0cbe\u0c97\u0cbf\u0cb0\u0cac\u0cc7\u0ca1\u0cbf\u0cb0\u0cbf."},{"Verseid":"50002019","Verse":"\u0cae\u0c95\u0ccd\u0c95\u0cb3\u0cc7, \u0c8e\u0cb2\u0ccd\u0cb2\u0cbe \u0cb5\u0cbf\u0cb7\u0caf\u0c97\u0cb3\u0cb2\u0ccd\u0cb2\u0cbf \u0ca8\u0cbf\u0cae\u0ccd\u0cae \u0ca4\u0c82\u0ca6\u0cc6\u0ca4\u0cbe\u0caf\u0cbf\u0c97\u0cb3\u0cbf\u0c97\u0cc6 \u0cb5\u0cbf\u0ca7\u0cc7\u0caf \u0cb0\u0cbe\u0c97\u0cbf\u0cb0\u0ccd\u0cb0\u0cbf; \u0caf\u0cbe\u0c95\u0c82\u0ca6\u0cb0\u0cc6 \u0c87\u0ca6\u0cc1 \u0c95\u0cb0\u0ccd\u0ca4\u0ca8 \u0ca6\u0cc3\u0cb7\u0ccd\u0c9f\u0cbf\u0caf\u0cb2\u0ccd\u0cb2\u0cbf \u0cae\u0cc6\u0c9a\u0ccd\u0c9a\u0cbf\u0c95\u0cc6\u0caf\u0cbe\u0c97\u0cbf\u0ca6\u0cc6."},{"Verseid":"50002020","Verse":"\u0ca4\u0c82\u0ca6\u0cc6\u0c97\u0cb3\u0cc7, \u0ca8\u0cbf\u0cae\u0ccd\u0cae \u0cae\u0c95\u0ccd\u0c95\u0cb3\u0cc1 \u0cae\u0ca8\u0c97\u0cc1\u0c82\u0ca6\u0ca6\u0c82\u0ca4\u0cc6 \u0c85\u0cb5\u0cb0\u0ca8\u0ccd\u0ca8\u0cc1 \u0c95\u0cc6\u0ca3\u0c95\u0cbf \u0c95\u0ccb\u0caa\u0cb5\u0ca8\u0ccd\u0ca8\u0cc6\u0cac\u0ccd\u0cac\u0cbf\u0cb8 \u0cac\u0cc7\u0ca1\u0cbf\u0cb0\u0cbf."},{"Verseid":"50002021","Verse":"\u0cb8\u0cc7\u0cb5\u0c95\u0cb0\u0cc7, \u0cb6\u0cbe\u0cb0\u0cc0\u0cb0\u0c95\u0cb5\u0cbe\u0ca6 \u0ca8\u0cbf\u0cae\u0ccd\u0cae \u0caf\u0c9c\u0cae\u0cbe\u0ca8\u0cb0\u0cbf\u0c97\u0cc6 \u0c8e\u0cb2\u0ccd\u0cb2\u0cbe \u0cb5\u0cbf\u0cb7\u0caf\u0c97\u0cb3\u0cb2\u0ccd\u0cb2\u0cbf \u0cb5\u0cbf\u0ca7\u0cc7\u0caf \u0cb0\u0cbe\u0c97\u0cbf\u0cb0\u0ccd\u0cb0\u0cbf; \u0cae\u0ca8\u0cc1\u0cb7\u0ccd\u0caf\u0cb0\u0ca8\u0ccd\u0ca8\u0cc1 \u0cae\u0cc6\u0c9a\u0ccd\u0c9a\u0cc1\u0cb8\u0cc1\u0cb5\u0cb5\u0cb0\u0cc1 \u0cae\u0cbe\u0ca1\u0cc1\u0cb5 \u0caa\u0ccd\u0cb0\u0c95\u0cbe\u0cb0 \u0ca8\u0cbf\u0cae\u0ccd\u0cae \u0caf\u0c9c\u0cae\u0cbe\u0ca8\u0cb0\u0cc1 \u0ca8\u0ccb\u0ca1\u0cc1\u0ca4\u0ccd\u0ca4\u0cbf\u0cb0\u0cc1\u0cb5\u0cbe\u0c97 \u0cae\u0cbe\u0ca4\u0ccd\u0cb0 \u0cb8\u0cc7\u0cb5\u0cc6 \u0cae\u0cbe\u0ca1\u0ca6\u0cc6 \u0ca6\u0cc7\u0cb5\u0cb0\u0cbf\u0c97\u0cc6 \u0cad\u0caf\u0caa\u0ca1\u0cc1\u0cb5 \u0cb5\u0cb0\u0cbe\u0c97\u0cbf \u0cb8\u0cb0\u0cb3 \u0cb9\u0cc3\u0ca6\u0caf\u0ca6\u0cbf\u0c82\u0ca6 \u0c95\u0cc6\u0cb2\u0cb8\u0cae\u0cbe\u0ca1\u0cbf\u0cb0\u0cbf."},{"Verseid":"50002022","Verse":"\u0ca8\u0cc0\u0cb5\u0cc1 \u0caf\u0cbe\u0cb5\u0ca6\u0ca8\u0ccd\u0ca8\u0cc1 \u0cae\u0cbe\u0ca1\u0cbf\u0ca6\u0cb0\u0cc2 \u0c85\u0ca6\u0ca8\u0ccd\u0ca8\u0cc1 \u0cae\u0ca8\u0cc1\u0cb7\u0ccd\u0caf\u0cb0\u0cbf \u0c97\u0ccb\u0cb8\u0ccd\u0c95\u0cb0\u0cb5\u0cc6\u0c82\u0ca6\u0cc1 \u0cae\u0cbe\u0ca1\u0ca6\u0cc6 \u0c95\u0cb0\u0ccd\u0ca4\u0ca8\u0cbf\u0c97\u0ccb\u0cb8\u0ccd\u0c95\u0cb0\u0cb5\u0cc7 \u0c8e\u0c82\u0ca6\u0cc1 \u0cb9\u0cc3\u0ca6\u0caf\u0caa\u0cc2\u0cb0\u0ccd\u0cb5\u0c95\u0cb5\u0cbe\u0c97\u0cbf \u0cae\u0cbe\u0ca1\u0cbf\u0cb0\u0cbf;"},{"Verseid":"50002023","Verse":"\u0c95\u0cb0\u0ccd\u0ca4\u0ca8\u0cbf\u0c82\u0ca6 \u0cac\u0cbe\u0ca7\u0ccd\u0caf\u0ca4\u0cc6\u0caf\u0cc6\u0c82\u0cac \u0caa\u0ccd\u0cb0\u0ca4\u0cbf\u0cab\u0cb2\u0cb5\u0ca8\u0ccd\u0ca8\u0cc1 \u0cb9\u0cca\u0c82\u0ca6\u0cc1\u0cb5\u0cb0\u0cc6\u0c82\u0ca6\u0cc1 \u0ca4\u0cbf\u0cb3\u0cbf\u0ca6\u0cbf\u0ca6\u0ccd\u0ca6\u0cc0\u0cb0\u0cb2\u0ccd\u0cb2\u0cbe. \u0caf\u0cbe\u0c95\u0c82\u0ca6\u0cb0\u0cc6 \u0ca8\u0cc0\u0cb5\u0cc1 \u0c95\u0cb0\u0ccd\u0ca4\u0ca8\u0cbe\u0ca6 \u0c95\u0ccd\u0cb0\u0cbf\u0cb8\u0ccd\u0ca4\u0ca8\u0ca8\u0ccd\u0ca8\u0cc1 \u0cb8\u0cc7\u0cb5\u0cbf\u0cb8\u0cc1\u0cb5\u0cb5\u0cb0\u0cbe\u0c97\u0cbf\u0ca6\u0ccd\u0ca6\u0cc0\u0cb0\u0cbf."},{"Verseid":"50002024","Verse":"\u0c86\u0ca6\u0cb0\u0cc6 \u0c85\u0ca8\u0ccd\u0caf\u0cbe\u0caf \u0cae\u0cbe\u0ca1\u0cc1\u0cb5\u0cb5\u0ca8\u0cc1 \u0ca4\u0cbe\u0ca8\u0cc1 \u0cae\u0cbe\u0ca1\u0cbf\u0ca6 \u0c85\u0ca8\u0ccd\u0caf\u0cbe\u0caf\u0c95\u0ccd\u0c95\u0cc6 \u0ca4\u0c95\u0ccd\u0c95\u0ca6\u0ccd\u0ca6\u0ca8\u0ccd\u0ca8\u0cc1 \u0cb9\u0cca\u0c82\u0ca6\u0cc1\u0cb5\u0ca8\u0cc1 \u0cae\u0ca4\u0ccd\u0ca4\u0cc1 \u0c85\u0ca6\u0cb0\u0cb2\u0ccd\u0cb2\u0cbf \u0caa\u0c95\u0ccd\u0cb7\u0caa\u0cbe\u0ca4\u0cb5\u0cbf\u0cb2\u0ccd\u0cb2."}]},{"Verse":[{"Verseid":"50003000","Verse":"\u0caf\u0c9c\u0cae\u0cbe\u0ca8\u0cb0\u0cc7, \u0caa\u0cb0\u0cb2\u0ccb\u0c95\u0ca6\u0cb2\u0ccd\u0cb2\u0cbf \u0ca8\u0cbf\u0cae\u0c97\u0cc2 \u0caf\u0c9c\u0cae\u0cbe\u0ca8\u0ca8\u0cca\u0cac\u0ccd\u0cac\u0ca8\u0cbf\u0ca6\u0ccd\u0ca6\u0cbe\u0ca8\u0cc6\u0c82\u0ca6\u0cc1 \u0ca4\u0cbf\u0cb3\u0cbf\u0ca6\u0cc1 \u0ca8\u0cbf\u0cae\u0ccd\u0cae \u0cb8\u0cc7\u0cb5\u0c95\u0cb0\u0cbf\u0c97\u0cc6 \u0ca8\u0ccd\u0caf\u0cbe\u0caf\u0cb5\u0cbe\u0ca6\u0ca6\u0ccd\u0ca6\u0ca8\u0ccd\u0ca8\u0cc2 \u0cb8\u0cae \u0cb5\u0cbe\u0ca6\u0ca6\u0ccd\u0ca6\u0ca8\u0ccd\u0ca8\u0cc2 \u0c95\u0cca\u0ca1\u0cbf\u0cb0\u0cbf."},{"Verseid":"50003001","Verse":"\u0caa\u0ccd\u0cb0\u0cbe\u0cb0\u0ccd\u0ca5\u0ca8\u0cc6\u0caf\u0ca8\u0ccd\u0ca8\u0cc1 \u0ca4\u0caa\u0ccd\u0caa\u0ca6\u0cc6 \u0cae\u0cbe\u0ca1\u0cc1\u0cb5\u0cb5\u0cb0\u0cbe\u0c97\u0cbf \u0c85\u0ca6\u0cb0\u0cb2\u0ccd\u0cb2\u0cbf \u0c95\u0cc3\u0ca4\u0c9c\u0ccd\u0c9e\u0ca4\u0cbe\u0cb8\u0ccd\u0ca4\u0cc1\u0ca4\u0cbf\u0caf\u0cca\u0c82\u0ca6\u0cbf\u0c97\u0cc6 \u0c8e\u0c9a\u0ccd\u0c9a\u0cb0\u0cb5\u0cbe\u0c97\u0cbf\u0cb0\u0ccd\u0cb0\u0cbf."},{"Verseid":"50003002","Verse":"\u0ca8\u0cbe\u0cb5\u0cc1 \u0c95\u0ccd\u0cb0\u0cbf\u0cb8\u0ccd\u0ca4\u0ca8 \u0cae\u0cb0\u0ccd\u0cae\u0cb5\u0ca8\u0ccd\u0ca8\u0cc1 \u0cae\u0cbe\u0ca4\u0ca8\u0cbe\u0ca1\u0cc1\u0cb5\u0c82\u0ca4\u0cc6 \u0ca6\u0cc7\u0cb5\u0cb0\u0cc1 \u0c85\u0ca8\u0cc1\u0c95\u0cc2\u0cb2\u0cb5\u0cbe\u0ca6 \u0cac\u0cbe\u0c97\u0cb2\u0ca8\u0ccd\u0ca8\u0cc1 \u0ca8\u0cae\u0c97\u0cc6 \u0ca4\u0cc6\u0cb0\u0cc6\u0caf\u0cc1\u0cb5 \u0cb9\u0cbe\u0c97\u0cc6 \u0ca8\u0cae\u0c97\u0ccb\u0cb8\u0ccd\u0c95\u0cb0\u0cb5\u0cc2 \u0caa\u0ccd\u0cb0\u0cbe\u0cb0\u0ccd\u0ca5\u0cbf\u0cb8\u0cbf\u0cb0\u0cbf; \u0c87\u0ca6\u0c95\u0ccd\u0c95\u0ccb\u0cb8\u0ccd\u0c95\u0cb0\u0cb5\u0cc7 \u0ca8\u0cbe\u0ca8\u0cc1 \u0cb8\u0cc6\u0cb0\u0cc6\u0caf\u0cb2\u0ccd\u0cb2\u0cbf\u0ca6\u0ccd\u0ca6\u0cc7\u0ca8\u0cb2\u0ccd\u0cb2\u0cbe;"},{"Verseid":"50003003","Verse":"\u0ca8\u0cbe\u0ca8\u0cc1 \u0c85\u0ca6\u0ca8\u0ccd\u0ca8\u0cc1 \u0cb9\u0cc7\u0cb3\u0cac\u0cc7\u0c95\u0cbe\u0ca6 \u0cb0\u0cc0\u0ca4\u0cbf\u0caf\u0cb2\u0ccd\u0cb2\u0cbf \u0caa\u0ccd\u0cb0\u0c95\u0c9f\u0cbf\u0cb8\u0cc1\u0cb5\u0c82\u0ca4\u0cc6 \u0c85\u0ca8\u0cc1\u0c97\u0ccd\u0cb0\u0cb9 \u0cae\u0cbe\u0ca1\u0cac\u0cc7\u0c95\u0cc6\u0c82\u0ca6\u0cc1 \u0cac\u0cc7\u0ca1\u0cbf\u0c95\u0cca\u0cb3\u0ccd\u0cb3\u0cbf\u0cb0\u0cbf;"},{"Verseid":"50003004","Verse":"\u0cb8\u0cae\u0caf \u0cb5\u0ca8\u0ccd\u0ca8\u0cc1 \u0cb8\u0cc1\u0cae\u0ccd\u0cae\u0ca8\u0cc6 \u0c95\u0cb3\u0c95\u0cca\u0cb3\u0ccd\u0cb3\u0ca6\u0cc6 \u0c85\u0ca6\u0ca8\u0ccd\u0ca8\u0cc1 \u0cac\u0cc6\u0cb2\u0cc6\u0caf\u0cc1\u0cb3\u0ccd\u0cb3\u0ca6\u0ccd\u0ca6\u0cc6\u0c82\u0ca6\u0cc1 \u0c89\u0caa\u0caf\u0ccb\u0c97\u0cbf\u0cb8\u0cbf \u0cb9\u0cca\u0cb0\u0c97\u0cbf\u0ca8\u0cb5\u0cb0 \u0cae\u0cc1\u0c82\u0ca6\u0cc6 \u0c9c\u0ccd\u0c9e\u0cbe\u0ca8\u0cb5\u0cc1\u0cb3\u0ccd\u0cb3 \u0cb5\u0cb0\u0cbe\u0c97\u0cbf \u0ca8\u0ca1\u0cc6\u0ca6\u0cc1\u0c95\u0cca\u0cb3\u0ccd\u0cb3\u0cbf\u0cb0\u0cbf."},{"Verseid":"50003005","Verse":"\u0ca8\u0cbf\u0cae\u0ccd\u0cae \u0cb8\u0c82\u0cad\u0cbe\u0cb7\u0ca3\u0cc6 \u0caf\u0cbe\u0cb5\u0cbe \u0c97\u0cb2\u0cc2 \u0c95\u0cc3\u0caa\u0cc6\u0caf\u0cc1\u0cb3\u0ccd\u0cb3\u0ca6\u0ccd\u0ca6\u0cbe\u0c97\u0cbf\u0caf\u0cc2 \u0c89\u0caa\u0ccd\u0caa\u0cbf\u0ca8\u0cbf\u0c82\u0ca6 \u0cb0\u0cc1\u0c9a\u0cbf\u0caf\u0cbe\u0ca6 \u0ca6\u0ccd\u0ca6\u0cbe\u0c97\u0cbf\u0caf\u0cc2 \u0c87\u0cb0\u0cb2\u0cbf; \u0cb9\u0cc0\u0c97\u0cc6 \u0ca8\u0cc0\u0cb5\u0cc1 \u0caf\u0cbe\u0cb0\u0cbe\u0cb0\u0cbf\u0c97\u0cc6 \u0caf\u0cbe\u0cb5\u0cbe\u0cb5 \u0cb0\u0cc0\u0ca4\u0cbf\u0caf\u0cb2\u0ccd\u0cb2\u0cbf \u0c89\u0ca4\u0ccd\u0ca4\u0cb0 \u0cb9\u0cc7\u0cb3\u0cac\u0cc7\u0c95\u0ccb \u0c85\u0ca6\u0ca8\u0ccd\u0ca8\u0cc1 \u0ca4\u0cbf\u0cb3\u0cc1\u0c95\u0cca\u0cb3\u0ccd\u0cb3\u0cc1\u0cb5\u0cbf\u0cb0\u0cbf."},{"Verseid":"50003006","Verse":"\u0caa\u0ccd\u0cb0\u0cbf\u0caf \u0cb8\u0cb9\u0ccb\u0ca6\u0cb0\u0ca8\u0cc2 \u0ca8\u0c82\u0cac\u0cbf\u0c97\u0cb8\u0ccd\u0ca4\u0ca8\u0cbe\u0ca6 \u0cb8\u0cc7\u0cb5 \u0c95\u0ca8\u0cc2 \u0c95\u0cb0\u0ccd\u0ca4\u0ca8\u0cb2\u0ccd\u0cb2\u0cbf \u0c9c\u0cca\u0ca4\u0cc6\u0caf \u0ca6\u0cbe\u0cb8\u0ca8\u0cc2 \u0c86\u0c97\u0cbf\u0cb0\u0cc1\u0cb5 \u0ca4\u0cc1\u0c96\u0cbf\u0c95\u0ca8\u0cc1 \u0ca8\u0ca8\u0ccd\u0ca8 \u0cb8\u0ccd\u0ca5\u0cbf\u0ca4\u0cbf\u0caf\u0ca8\u0ccd\u0ca8\u0cc6\u0cb2\u0ccd\u0cb2\u0cbe \u0ca8\u0cbf\u0cae\u0c97\u0cc6 \u0ca4\u0cbf\u0cb3\u0cbf\u0cb8\u0cc1\u0cb5\u0ca8\u0cc1."},{"Verseid":"50003007","Verse":"\u0c85\u0ca6\u0cc7 \u0cb0\u0cc0\u0ca4\u0cbf\u0caf\u0cb2\u0ccd\u0cb2\u0cbf \u0c85\u0cb5\u0ca8\u0cc1 (\u0ca4\u0cc1\u0c96\u0cbf\u0c95\u0ca8\u0cc1) \u0ca8\u0cbf\u0cae\u0ccd\u0cae \u0cb8\u0ccd\u0ca5\u0cbf\u0ca4\u0cbf\u0caf\u0ca8\u0ccd\u0ca8\u0cc1 \u0ca4\u0cbf\u0cb3\u0cc1\u0c95\u0cca\u0c82\u0ca1\u0cc1 \u0ca8\u0cbf\u0cae\u0ccd\u0cae \u0cb9\u0cc3\u0ca6\u0caf\u0c97\u0cb3\u0ca8\u0ccd\u0ca8\u0cc1 \u0cb8\u0c82\u0ca4\u0cc8\u0cb8\u0cc1\u0cb5 \u0cb9\u0cbe\u0c97\u0cc6\u0caf\u0cc2"},{"Verseid":"50003008","Verse":"\u0ca8\u0cbf\u0cae\u0ccd\u0cae\u0cb2\u0ccd\u0cb2\u0cbf \u0c92\u0cac\u0ccd\u0cac\u0ca8\u0cbe\u0c97\u0cbf\u0cb0\u0cc1\u0cb5 \u0ca8\u0c82\u0cac\u0cbf\u0c97\u0cb8\u0ccd\u0ca4\u0ca8\u0cc2 \u0caa\u0ccd\u0cb0\u0cbf\u0caf \u0cb8\u0cb9\u0ccb\u0ca6\u0cb0\u0ca8\u0cc2 \u0c86\u0ca6 \u0c92\u0ca8\u0cc7 \u0cb8\u0cbf\u0cae\u0ca8 \u0c9c\u0cca\u0ca4\u0cc6\u0caf\u0cb2\u0ccd\u0cb2\u0cbf \u0c85\u0cb5\u0ca8\u0ca8\u0ccd\u0ca8\u0cc1 \u0ca8\u0cbe\u0ca8\u0cc1 \u0c95\u0cb3\u0cc1\u0cb9\u0cbf\u0cb8\u0cbf\u0ca6\u0ccd\u0ca6\u0cc7\u0ca8\u0cc6; \u0c85\u0cb5\u0cb0\u0cc1 \u0c87\u0cb2\u0ccd\u0cb2\u0cbf \u0ca8\u0ca1\u0cc6\u0caf\u0cc1\u0cb5 \u0cb5\u0cbf\u0cb7\u0caf\u0c97\u0cb3\u0ca8\u0ccd\u0ca8\u0cc6\u0cb2\u0ccd\u0cb2\u0cbe \u0ca8\u0cbf\u0cae\u0c97\u0cc6 \u0ca4\u0cbf\u0cb3\u0cbf\u0cb8\u0cc1\u0cb5\u0cb0\u0cc1."},{"Verseid":"50003009","Verse":"\u0ca8\u0ca8\u0ccd\u0ca8 \u0c9c\u0cca\u0ca4\u0cc6\u0cb8\u0cc6\u0cb0\u0cc6\u0caf\u0cb5\u0ca8\u0cbe\u0ca6 \u0c85\u0cb0\u0cbf\u0cb8\u0ccd\u0ca4\u0cbe\u0cb0\u0ccd\u0c95\u0ca8\u0cc2 \u0cac\u0cbe\u0cb0\u0ccd\u0ca8\u0cac\u0ca8 \u0cb8\u0cb9\u0ccb\u0ca6\u0cb0\u0cbf\u0caf \u0cae\u0c97\u0ca8\u0cbe\u0ca6 \u0cae\u0cbe\u0cb0\u0ccd\u0c95\u0ca8\u0cc2 (\u0cae\u0cbe\u0cb0\u0ccd\u0c95\u0ca8) \u0cb5\u0cbf\u0cb7\u0caf\u0ca6\u0cb2\u0ccd\u0cb2\u0cbf \u0ca8\u0cc0\u0cb5\u0cc1 \u0c85\u0caa\u0ccd\u0caa\u0ca3\u0cc6 \u0cb9\u0cca\u0c82\u0ca6\u0cbf\u0ca6\u0ccd\u0ca6\u0cc0\u0cb0\u0cb2\u0ccd\u0cb2\u0cbe; \u0c85\u0cb5\u0ca8\u0cc1 \u0ca8\u0cbf\u0cae\u0ccd\u0cae \u0cac\u0cb3\u0cbf\u0c97\u0cc6 \u0cac\u0c82\u0ca6\u0cb0\u0cc6 \u0cb8\u0cc7\u0cb0\u0cbf\u0cb8\u0cbf\u0c95\u0cca\u0cb3\u0ccd\u0cb3\u0cbf\u0cb0\u0cbf."},{"Verseid":"50003010","Verse":"\u0caf\u0cc2\u0cb8\u0ccd\u0ca4\u0ca8\u0cc6\u0ca8\u0cbf\u0cb8\u0cbf\u0c95\u0cca\u0cb3\u0ccd\u0cb3\u0cc1\u0cb5 \u0caf\u0cc7\u0cb8\u0cc1\u0cb5\u0cc2 \u0ca8\u0cbf\u0cae\u0ccd\u0cae\u0ca8\u0ccd\u0ca8\u0cc1 \u0cb5\u0c82\u0ca6\u0cbf\u0cb8\u0cc1\u0ca4\u0ccd\u0ca4\u0cbe\u0cb0\u0cc6. \u0c87\u0cb5\u0cb0\u0cc1 \u0cb8\u0cc1\u0ca8\u0ccd\u0ca8\u0ca4\u0cbf\u0caf\u0cb5\u0cb0\u0cbe\u0c97\u0cbf \u0ca6\u0ccd\u0ca6\u0cbe\u0cb0\u0cc6. \u0ca6\u0cc7\u0cb5\u0cb0 \u0cb0\u0cbe\u0c9c\u0ccd\u0caf\u0c95\u0ccd\u0c95\u0cbe\u0c97\u0cbf \u0c87\u0cb5\u0cb0\u0cc1 \u0cae\u0cbe\u0ca4\u0ccd\u0cb0 \u0ca8\u0ca8\u0ccd\u0ca8 \u0c9c\u0cca\u0ca4\u0cc6\u0c97\u0cc6\u0cb2\u0cb8\u0ca6\u0cb5\u0cb0\u0cbe\u0c97\u0cbf\u0ca6\u0ccd\u0ca6\u0cc1 \u0ca8\u0ca8\u0c97\u0cc6 \u0c86\u0ca6\u0cb0\u0ca3\u0cc6\u0caf\u0cbe\u0c97\u0cbf\u0ca6\u0ccd\u0ca6\u0cbe\u0cb0\u0cc6."},{"Verseid":"50003011","Verse":"\u0ca8\u0cbf\u0cae\u0ccd\u0cae\u0cb2\u0ccd\u0cb2\u0cbf \u0c92\u0cac\u0ccd\u0cac\u0ca8\u0cbe\u0ca6 \u0c95\u0ccd\u0cb0\u0cbf\u0cb8\u0ccd\u0ca4\u0ca8 \u0cb8\u0cc7\u0cb5\u0c95\u0ca8\u0cbe\u0c97\u0cbf\u0cb0\u0cc1\u0cb5 \u0c8e\u0caa\u0cab\u0ccd\u0cb0\u0ca8\u0cc1 \u0ca8\u0cbf\u0cae\u0c97\u0cc6 \u0cb5\u0c82\u0ca6\u0ca8\u0cc6 \u0cb9\u0cc7\u0cb3\u0cc1\u0ca4\u0ccd\u0ca4\u0cbe\u0ca8\u0cc6. \u0ca8\u0cc0\u0cb5\u0cc1 \u0caa\u0cb0\u0cbf\u0caa\u0cc2\u0cb0\u0ccd\u0ca3\u0cb0\u0cbe\u0c97\u0cbf\u0caf\u0cc2 \u0c8e\u0cb2\u0ccd\u0cb2\u0cbe \u0cb5\u0cbf\u0cb7\u0caf\u0c97\u0cb3\u0cb2\u0ccd\u0cb2\u0cbf \u0ca6\u0cc7\u0cb5\u0cb0 \u0c9a\u0cbf\u0ca4\u0ccd\u0ca4\u0cb5\u0ca8\u0ccd\u0ca8\u0cc1 \u0c95\u0cc1\u0cb0\u0cbf\u0ca4\u0cc1 \u0caa\u0cc2\u0cb0\u0ccd\u0ca3 \u0ca8\u0cbf\u0cb6\u0ccd\u0c9a\u0caf\u0cb5\u0cc1\u0cb3\u0ccd\u0cb3\u0cb5\u0cb0\u0cbe\u0c97\u0cbf\u0caf\u0cc2 \u0ca8\u0cbf\u0c82\u0ca4\u0cbf\u0cb0\u0cac\u0cc7\u0c95\u0cc6\u0c82\u0ca6\u0cc1 \u0c87\u0cb5\u0ca8\u0cc1 \u0ca8\u0cbf\u0cae\u0c97\u0ccb\u0cb8\u0ccd\u0c95\u0cb0 \u0c95\u0cb7\u0ccd\u0c9f\u0caa\u0c9f\u0ccd\u0c9f\u0cc1 \u0caa\u0ccd\u0cb0\u0cbe\u0cb0\u0ccd\u0ca5\u0ca8\u0cc6\u0c97\u0cb3\u0cb2\u0ccd\u0cb2\u0cbf \u0cb9\u0ccb\u0cb0\u0cbe\u0ca1\u0cc1\u0ca4\u0ccd\u0ca4\u0cbe\u0ca8\u0cc6."},{"Verseid":"50003012","Verse":"\u0ca8\u0cbf\u0cae\u0ccd\u0cae \u0cb5\u0cbf\u0cb7\u0caf \u0cb5\u0cbe\u0c97\u0cbf\u0caf\u0cc2 \u0cb2\u0cb5\u0cca\u0ca6\u0cbf\u0c95\u0cc0\u0caf\u0cb0 \u0cb5\u0cbf\u0cb7\u0caf\u0cb5\u0cbe\u0c97\u0cbf\u0caf\u0cc2 \u0cb9\u0cbf\u0cb0\u0cbf\u0caf\u0cbe\u0caa\u0cca\u0cb2\u0cbf\u0caf\u0cb0 \u0cb5\u0cbf\u0cb7\u0caf\u0cb5\u0cbe\u0c97\u0cbf\u0caf\u0cc2 \u0c85\u0cb5\u0ca8\u0cc1 \u0cac\u0cb9\u0cc1 \u0c86\u0cb8\u0c95\u0ccd\u0ca4\u0cbf\u0caf\u0cc1\u0cb3\u0ccd\u0cb3\u0cb5\u0ca8\u0cbe\u0c97\u0cbf\u0ca6\u0ccd\u0ca6\u0cbe\u0ca8\u0cc6\u0c82\u0ca6\u0cc1 \u0c85\u0cb5\u0ca8 \u0cb5\u0cbf\u0cb7\u0caf \u0ca6\u0cb2\u0ccd\u0cb2\u0cbf \u0ca8\u0cbe\u0ca8\u0cc1 \u0cb8\u0cbe\u0c95\u0ccd\u0cb7\u0cbf \u0cb9\u0cc7\u0cb3\u0cc1\u0ca4\u0ccd\u0ca4\u0cc7\u0ca8\u0cc6."},{"Verseid":"50003013","Verse":"\u0caa\u0ccd\u0cb0\u0cbf\u0caf \u0cb5\u0cc8\u0ca6\u0ccd\u0caf\u0ca8\u0cbe\u0c97\u0cbf \u0cb0\u0cc1\u0cb5 \u0cb2\u0cc2\u0c95\u0ca8\u0cc1 \u0cae\u0ca4\u0ccd\u0ca4\u0cc1 \u0ca6\u0cc7\u0cae\u0ca8\u0cc1 \u0ca8\u0cbf\u0cae\u0c97\u0cc6 \u0cb5\u0c82\u0ca6\u0ca8\u0cc6 \u0cb9\u0cc7\u0cb3\u0cc1\u0ca4\u0ccd\u0ca4\u0cbe\u0cb0\u0cc6."},{"Verseid":"50003014","Verse":"\u0cb2\u0cb5\u0cca\u0ca6\u0cbf\u0c95\u0cc0\u0caf\u0ca6\u0cb2\u0ccd\u0cb2\u0cbf\u0cb0\u0cc1\u0cb5 \u0cb8\u0cb9\u0ccb\u0ca6\u0cb0 \u0cb0\u0cbf\u0c97\u0cc2 \u0ca8\u0cc1\u0c82\u0cab\u0ca8\u0cbf\u0c97\u0cc2 \u0c85\u0cb5\u0ca8 \u0cae\u0ca8\u0cc6\u0caf\u0cb2\u0ccd\u0cb2\u0cbf\u0cb0\u0cc1\u0cb5 \u0cb8\u0cad\u0cc6\u0c97\u0cc2 \u0cb5\u0c82\u0ca6\u0ca8\u0cc6 \u0cb9\u0cc7\u0cb3\u0cbf\u0cb0\u0cbf."},{"Verseid":"50003015","Verse":"\u0ca8\u0cbf\u0cae\u0ccd\u0cae\u0cb2\u0ccd\u0cb2\u0cbf \u0c88 \u0caa\u0ca4\u0ccd\u0cb0\u0cbf\u0c95\u0cc6\u0caf\u0ca8\u0ccd\u0ca8\u0cc1 \u0c93\u0ca6\u0cbf\u0cb8\u0cbf\u0c95\u0cca\u0c82\u0ca1 \u0ca4\u0cb0\u0cc1\u0cb5\u0cbe\u0caf \u0cb2\u0cb5\u0cca\u0ca6\u0cbf\u0c95\u0cc0\u0caf\u0ca6\u0cb5\u0cb0 \u0cb8\u0cad\u0cc6\u0caf\u0cb2\u0ccd\u0cb2\u0cbf\u0caf\u0cc2 \u0c93\u0ca6\u0cbf\u0cb8\u0cbf\u0cb0\u0cbf; \u0cb9\u0cbe\u0c97\u0cc6\u0caf\u0cc7 \u0cb2\u0cb5\u0cca\u0ca6\u0cbf\u0c95\u0cc0\u0caf \u0ca6\u0cbf\u0c82\u0ca6 \u0caa\u0ca4\u0ccd\u0cb0\u0cbf\u0c95\u0cc6\u0caf\u0ca8\u0ccd\u0ca8\u0cc1 \u0ca4\u0cb0\u0cbf\u0cb8\u0cbf \u0ca8\u0cc0\u0cb5\u0cc1 \u0c93\u0ca6\u0cbf\u0c95\u0cca\u0cb3\u0ccd\u0cb3\u0cbf\u0cb0\u0cbf."},{"Verseid":"50003016","Verse":"\u0c85\u0cb0\u0ccd\u0c96\u0cbf\u0caa\u0ccd\u0caa\u0ca8\u0cbf\u0c97\u0cc6--\u0ca8\u0cc0\u0ca8\u0cc1 \u0c95\u0cb0\u0ccd\u0ca4\u0ca8\u0cbf\u0c82\u0ca6 \u0cb9\u0cca\u0c82\u0ca6\u0cbf\u0cb0\u0cc1\u0cb5 \u0cb8\u0cc7\u0cb5\u0cc6\u0caf\u0ca8\u0ccd\u0ca8\u0cc1 \u0ca8\u0cc6\u0cb0\u0cb5\u0cc7\u0cb0\u0cbf\u0cb8\u0cc1\u0cb5\u0ca6\u0c95\u0ccd\u0c95\u0cc6 \u0c8e\u0c9a\u0ccd\u0c9a\u0cb0\u0cb5\u0cbe\u0c97\u0cbf\u0cb0\u0cac\u0cc7\u0c95\u0cc6\u0c82\u0ca6\u0cc1 \u0cb9\u0cc7\u0cb3\u0cbf\u0cb0\u0cbf."},{"Verseid":"50003017","Verse":"\u0c87\u0ca6\u0cc1 \u0caa\u0ccc\u0cb2\u0ca8\u0cc6\u0c82\u0cac \u0ca8\u0cbe\u0ca8\u0cc1 \u0ca8\u0ca8\u0ccd\u0ca8 \u0c95\u0cc8\u0caf\u0cbf\u0c82\u0ca6 \u0cac\u0cb0\u0cc6\u0ca6 \u0cb5\u0c82\u0ca6\u0ca8\u0cc6. \u0ca8\u0cbe\u0ca8\u0cc1 \u0cb8\u0cc6\u0cb0\u0cc6\u0caf\u0cb2\u0ccd\u0cb2\u0cbf\u0ca6\u0ccd\u0ca6\u0cc7\u0ca8\u0cc6\u0c82\u0cac\u0ca6\u0ca8\u0ccd\u0ca8\u0cc1 \u0c9c\u0ccd\u0c9e\u0cbe\u0caa\u0c95 \u0cae\u0cbe\u0ca1\u0cbf\u0c95\u0cca\u0cb3\u0ccd\u0cb3\u0cbf\u0cb0\u0cbf. \u0c95\u0cc3\u0caa\u0cc6\u0caf\u0cc1 \u0ca8\u0cbf\u0cae\u0ccd\u0cae\u0cca\u0c82\u0ca6\u0cbf\u0c97\u0cbf\u0cb0\u0cb2\u0cbf. \u0c86\u0cae\u0cc6\u0ca8\u0ccd\u200c."}]}]}