{"Chapter":[{"Verse":[{"Verseid":"52000000","Verse":"\u0ca8\u0cae\u0ccd\u0cae \u0ca4\u0c82\u0ca6\u0cc6\u0caf\u0cbe\u0ca6 \u0ca6\u0cc7\u0cb5\u0cb0\u0cb2\u0ccd\u0cb2\u0cbf\u0caf\u0cc2 \u0c95\u0cb0\u0ccd\u0ca4\u0ca8\u0cbe\u0ca6 \u0caf\u0cc7\u0cb8\u0cc1 \u0c95\u0ccd\u0cb0\u0cbf\u0cb8\u0ccd\u0ca4\u0ca8\u0cb2\u0ccd\u0cb2\u0cbf\u0caf\u0cc2 \u0c87\u0cb0\u0cc1\u0cb5 \u0ca5\u0cc6\u0cb8\u0cb2\u0cca\u0ca8\u0cc0\u0c95\u0ca6\u0cb5\u0cb0 \u0cb8\u0cad\u0cc6\u0c97\u0cc6 \u0caa\u0ccc\u0cb2 \u0cb8\u0cbf\u0cb2\u0ccd\u0cb5\u0cbe\u0ca8 \u0ca4\u0cbf\u0cae\u0cca\u0ca5\u0cc6 \u0caf\u0cb0\u0cc1 \u0cac\u0cb0\u0cc6\u0caf\u0cc1\u0cb5\u0ca6\u0cc7\u0ca8\u0c82\u0ca6\u0cb0\u0cc6--"},{"Verseid":"52000001","Verse":"\u0ca8\u0cae\u0ccd\u0cae \u0ca4\u0c82\u0ca6\u0cc6\u0caf\u0cbe\u0ca6 \u0ca6\u0cc7\u0cb5\u0cb0\u0cbf\u0c82\u0ca6\u0cb2\u0cc2 \u0c95\u0cb0\u0ccd\u0ca4\u0ca8\u0cbe\u0ca6 \u0caf\u0cc7\u0cb8\u0cc1 \u0c95\u0ccd\u0cb0\u0cbf\u0cb8\u0ccd\u0ca4\u0ca8\u0cbf\u0c82\u0ca6\u0cb2\u0cc2 \u0ca8\u0cbf\u0cae\u0c97\u0cc6 \u0c95\u0cc3\u0caa\u0cc6\u0caf\u0cc2 \u0cb6\u0cbe\u0c82\u0ca4\u0cbf\u0caf\u0cc2 \u0c86\u0c97\u0cb2\u0cbf."},{"Verseid":"52000002","Verse":"\u0cb8\u0cb9\u0ccb\u0ca6\u0cb0\u0cb0\u0cc7, \u0ca8\u0cbe\u0cb5\u0cc1 \u0caf\u0cbe\u0cb5\u0cbe\u0c97\u0cb2\u0cc2 \u0ca8\u0cbf\u0cae\u0ccd\u0cae \u0cb5\u0cbf\u0cb7\u0caf\u0ca6\u0cb2\u0ccd\u0cb2\u0cbf \u0ca6\u0cc7\u0cb5\u0cb0\u0cbf\u0c97\u0cc6 \u0c95\u0cc3\u0ca4\u0c9c\u0ccd\u0c9e\u0ca4\u0cbe\u0cb8\u0ccd\u0ca4\u0cc1\u0ca4\u0cbf \u0cae\u0cbe\u0ca1\u0cc1\u0cb5\u0ca6\u0c95\u0ccd\u0c95\u0cc6 \u0cac\u0ca6\u0ccd\u0ca7\u0cb0\u0cbe\u0c97\u0cbf\u0ca6\u0ccd\u0ca6\u0cc7\u0cb5\u0cc6. \u0cb9\u0cbe\u0c97\u0cc6 \u0cae\u0cbe\u0ca1\u0cc1\u0cb5\u0ca6\u0cc1 \u0caf\u0ccb\u0c97\u0ccd\u0caf; \u0caf\u0cbe\u0c95\u0c82\u0ca6\u0cb0\u0cc6 \u0ca8\u0cbf\u0cae\u0ccd\u0cae \u0ca8\u0c82\u0cac\u0cbf\u0c95\u0cc6\u0caf\u0cc1 \u0cac\u0cb9\u0cb3 \u0c85\u0cad\u0cbf\u0cb5\u0cc3\u0ca6\u0ccd\u0ca7\u0cbf \u0cb9\u0cca\u0c82\u0ca6\u0cc1\u0ca4\u0ccd\u0ca4\u0cbe \u0caa\u0cb0\u0cb8\u0ccd\u0caa\u0cb0\u0cb5\u0cbe\u0ca6 \u0caa\u0ccd\u0cb0\u0cc0\u0ca4\u0cbf\u0caf\u0cc1 \u0ca8\u0cbf\u0cae\u0ccd\u0cae\u0cc6\u0cb2\u0ccd\u0cb2 \u0cb0\u0cb2\u0ccd\u0cb2\u0cbf\u0caf\u0cc2 \u0cb9\u0cc6\u0c9a\u0ccd\u0c9a\u0cc1\u0ca4\u0ccd\u0ca4\u0cbe \u0cac\u0cb0\u0cc1\u0ca4\u0ccd\u0ca4\u0ca6\u0cc6."},{"Verseid":"52000003","Verse":"\u0cb9\u0cc0\u0c97\u0cbf\u0cb0\u0cc1\u0cb5\u0ca6\u0cb0\u0cbf\u0c82\u0ca6 \u0ca8\u0cbf\u0cae\u0c97\u0cc6 \u0cac\u0c82\u0ca6\u0cbf\u0cb0\u0cc1\u0cb5 \u0c8e\u0cb2\u0ccd\u0cb2\u0cbe \u0cb9\u0cbf\u0c82\u0cb8\u0cc6\u0c97\u0cb3\u0cb2\u0ccd\u0cb2\u0cbf\u0caf\u0cc2 \u0ca8\u0cc0\u0cb5\u0cc1 \u0c85\u0ca8\u0cc1\u0cad\u0cb5\u0cbf\u0cb8\u0cc1\u0ca4\u0ccd\u0ca4\u0cbf\u0cb0\u0cc1\u0cb5 \u0cb8\u0c82\u0c95\u0c9f\u0c97\u0cb3\u0cb2\u0ccd\u0cb2\u0cbf\u0caf\u0cc2 \u0ca4\u0ccb\u0cb0\u0cbf\u0cac\u0c82\u0ca6 \u0ca8\u0cbf\u0cae\u0ccd\u0cae \u0ca4\u0cbe\u0cb3\u0ccd\u0cae\u0cc6 \u0ca8\u0c82\u0cac\u0cbf\u0c95\u0cc6\u0c97\u0cb3\u0ca8\u0ccd\u0ca8\u0cc1 \u0ca8\u0cc6\u0ca8\u0cb8\u0cbf \u0ca8\u0cbf\u0cae\u0ccd\u0cae \u0cb5\u0cbf\u0cb7\u0caf\u0cb5\u0cbe\u0c97\u0cbf \u0ca6\u0cc7\u0cb5\u0cb0 \u0cb8\u0cad\u0cc6\u0c97\u0cb3\u0cb2\u0ccd\u0cb2\u0cbf \u0ca8\u0cbe\u0cb5\u0cc7 \u0cb9\u0cc6\u0c9a\u0ccd\u0c9a\u0cb3\u0caa\u0ca1\u0cc1\u0ca4\u0ccd\u0ca4\u0cc7\u0cb5\u0cc6."},{"Verseid":"52000004","Verse":"\u0ca8\u0cc0\u0cb5\u0cc1 \u0caf\u0cbe\u0cb5\u0ca6\u0c95\u0ccd\u0c95\u0cbe\u0c97\u0cbf \u0cb6\u0ccd\u0cb0\u0cae\u0cc6\u0caa\u0ca1\u0cc1\u0ca4\u0ccd\u0ca4\u0cc0\u0cb0\u0ccb \u0ca6\u0cc7\u0cb5\u0cb0 \u0c86 \u0cb0\u0cbe\u0c9c\u0ccd\u0caf\u0c95\u0ccd\u0c95\u0cc6 \u0ca8\u0cc0\u0cb5\u0cc1 \u0caf\u0ccb\u0c97\u0ccd\u0caf\u0cb0\u0cc6\u0c82\u0ca6\u0cc1 \u0c8e\u0ca3\u0cbf\u0cb8\u0cb2\u0ccd\u0caa\u0ca1\u0cc1\u0cb5\u0c82\u0ca4\u0cc6 \u0ca6\u0cc7\u0cb5\u0cb0 \u0ca8\u0cc0\u0ca4\u0cbf\u0caf\u0cc1\u0cb3\u0ccd\u0cb3 \u0ca4\u0cc0\u0cb0\u0ccd\u0caa\u0cbf\u0c97\u0cc6 \u0c85\u0ca6\u0cc1 \u0cb8\u0ccd\u0caa\u0cb7\u0ccd\u0c9f\u0cb5\u0cbe\u0ca6 \u0ca8\u0cbf\u0ca6\u0cb0\u0ccd\u0cb6\u0ca8\u0cb5\u0cbe\u0c97\u0cbf\u0ca6\u0cc6."},{"Verseid":"52000005","Verse":"\u0ca8\u0cbf\u0cae\u0ccd\u0cae\u0ca8\u0ccd\u0ca8\u0cc1 \u0cb8\u0c82\u0c95\u0c9f\u0caa\u0ca1\u0cbf\u0cb8\u0cc1\u0cb5\u0cb5\u0cb0\u0cbf\u0c97\u0cc6 \u0caa\u0ccd\u0cb0\u0ca4\u0cbf\u0caf\u0cbe\u0c97\u0cbf \u0cb8\u0c82\u0c95\u0c9f\u0caa\u0ca1\u0cbf\u0cb8\u0cc1\u0cb5\u0ca6\u0cc2"},{"Verseid":"52000006","Verse":"\u0cb0\u0ccd\u0ca4\u0ca8\u0cbe\u0ca6 \u0caf\u0cc7\u0cb8\u0cc1 \u0ca4\u0ca8\u0ccd\u0ca8 \u0cac\u0cb2\u0cb5\u0cc1\u0cb3\u0ccd\u0cb3 \u0ca6\u0cc2\u0ca4\u0cb0\u0cca\u0c82\u0ca6\u0cbf\u0c97\u0cc6 \u0caa\u0cb0\u0cb2\u0ccb\u0c95 \u0ca6\u0cbf\u0c82\u0ca6 \u0caa\u0ccd\u0cb0\u0ca4\u0ccd\u0caf\u0c95\u0ccd\u0cb7\u0ca8\u0cbe\u0c97\u0cc1\u0cb5\u0cbe\u0c97 \u0cb8\u0c82\u0c95\u0c9f\u0caa\u0ca1\u0cc1\u0cb5\u0cb5\u0cb0\u0cbe\u0ca6 \u0ca8\u0cbf\u0cae\u0c97\u0cc6 \u0ca8\u0cae\u0ccd\u0cae\u0cca\u0ca1\u0ca8\u0cc6 \u0c89\u0caa\u0cb6\u0cae\u0ca8 \u0cae\u0cbe\u0ca1\u0cc1\u0cb5\u0ca6\u0cc2"},{"Verseid":"52000007","Verse":"\u0c86\u0ca4\u0ca8\u0cc1 (\u0c95\u0cb0\u0ccd\u0ca4\u0ca8\u0cbe\u0ca6 \u0caf\u0cc7\u0cb8\u0cc1) \u0ca6\u0cc7\u0cb5\u0cb0\u0ca8\u0ccd\u0ca8\u0cb0\u0cbf\u0caf \u0ca6\u0cb5\u0cb0\u0cbf\u0c97\u0cc6 \u0cae\u0ca4\u0ccd\u0ca4\u0cc1 \u0c95\u0cb0\u0ccd\u0ca4\u0ca8\u0cbe\u0ca6 \u0caf\u0cc7\u0cb8\u0cc1 \u0c95\u0ccd\u0cb0\u0cbf\u0cb8\u0ccd\u0ca4\u0ca8 \u0cb8\u0cc1\u0cb5\u0cbe\u0cb0\u0ccd\u0ca4\u0cc6\u0c97\u0cc6 \u0cb5\u0cbf\u0ca7\u0cc7\u0caf\u0cb0\u0cbe\u0c97\u0ca6\u0cb5\u0cb0\u0cbf\u0c97\u0cc6 \u0c89\u0cb0\u0cbf\u0caf\u0cc1\u0cb5 \u0cac\u0cc6\u0c82\u0c95\u0cbf\u0caf \u0cae\u0cc2\u0cb2\u0c95 \u0caa\u0ccd\u0cb0\u0ca4\u0cc0\u0c95\u0cbe\u0cb0 \u0cae\u0cbe\u0ca1\u0cc1\u0cb5\u0ca6\u0cc2 \u0ca6\u0cc7\u0cb5\u0cb0\u0cbf\u0c97\u0cc6 \u0ca8\u0ccd\u0caf\u0cbe\u0caf\u0cb5\u0cbe\u0c97\u0cbf\u0ca6\u0cc6;"},{"Verseid":"52000008","Verse":"\u0c85\u0c82\u0ca5\u0cb5\u0cb0\u0cc1 \u0c95\u0cb0\u0ccd\u0ca4\u0ca8 \u0cb8\u0cbe\u0ca8\u0cbf\u0ca7\u0ccd\u0caf\u0ca6\u0cbf\u0c82\u0ca6\u0cb2\u0cc2 \u0cac\u0cb2\u0cb5\u0cc1\u0cb3\u0ccd\u0cb3 \u0c86\u0ca4\u0ca8 \u0cae\u0cb9\u0cbf\u0cae\u0cc6\u0caf\u0cbf\u0c82\u0ca6\u0cb2\u0cc2 \u0ca8\u0cbf\u0ca4\u0ccd\u0caf \u0ca8\u0cbe\u0cb6\u0ca8\u0cb5\u0cc6\u0c82\u0cac \u0cb6\u0cbf\u0c95\u0ccd\u0cb7\u0cc6 \u0caf\u0ca8\u0ccd\u0ca8\u0cc1 \u0cb9\u0cca\u0c82\u0ca6\u0cc1\u0cb5\u0cb0\u0cc1."},{"Verseid":"52000009","Verse":"\u0c86 \u0ca6\u0cbf\u0ca8\u0ca6\u0cb2\u0ccd\u0cb2\u0cbf \u0c86\u0ca4\u0ca8\u0cc1 \u0ca4\u0ca8\u0ccd\u0ca8 \u0caa\u0cb0\u0cbf\u0cb6\u0cc1\u0ca6\u0ccd\u0ca7\u0cb0\u0cb2\u0ccd\u0cb2\u0cbf \u0cae\u0cb9\u0cbf\u0cae\u0cc6 \u0cb9\u0cca\u0c82\u0ca6\u0cc1\u0cb5\u0c82\u0ca4\u0cc6\u0caf\u0cc2 \u0ca8\u0c82\u0cac\u0cc1\u0cb5\u0cb5\u0cb0\u0cc6\u0cb2\u0ccd\u0cb2\u0cb0\u0cb2\u0ccd\u0cb2\u0cbf \u0cae\u0cc6\u0c9a\u0ccd\u0c9a\u0cbf\u0c95\u0cc6 \u0cb9\u0cca\u0c82\u0ca6\u0cc1\u0cb5\u0c82\u0ca4\u0cc6\u0caf\u0cc2 \u0cac\u0cb0\u0cc1\u0cb5\u0ca8\u0cc1. (\u0caf\u0cbe\u0c95\u0c82\u0ca6\u0cb0\u0cc6 \u0ca8\u0cc0\u0cb5\u0cc1 \u0ca8\u0cae\u0ccd\u0cae \u0cb8\u0cbe\u0c95\u0ccd\u0cb7\u0cbf\u0caf\u0ca8\u0ccd\u0ca8\u0cc1 \u0ca8\u0c82\u0cac\u0cbf\u0ca6\u0cbf\u0cb0\u0cbf)."},{"Verseid":"52000010","Verse":"\u0cb9\u0cc0\u0c97\u0cbf\u0cb0\u0cc1\u0cb5\u0ca6\u0cb0\u0cbf\u0c82\u0ca6 \u0ca8\u0cbe\u0cb5\u0cc1 \u0caf\u0cbe\u0cb5\u0cbe \u0c97\u0cb2\u0cc2 \u0ca8\u0cbf\u0cae\u0c97\u0ccb\u0cb8\u0ccd\u0c95\u0cb0 \u0caa\u0ccd\u0cb0\u0cbe\u0cb0\u0ccd\u0ca5\u0ca8\u0cc6 \u0cae\u0cbe\u0ca1\u0cbf \u0c88 \u0c95\u0cb0\u0cc6\u0caf\u0cc1 \u0cb5\u0cbf\u0c95\u0cc6\u0c97\u0cc6 \u0ca6\u0cc7\u0cb5\u0cb0\u0cc1 \u0ca8\u0cbf\u0cae\u0ccd\u0cae\u0ca8\u0ccd\u0ca8\u0cc1 \u0caf\u0cca\u0c97\u0ccd\u0caf\u0cb0\u0cc6\u0c82\u0ca6\u0cc1 \u0c8e\u0ca3\u0cbf\u0cb8\u0cc1 \u0cb5\u0c82\u0ca4\u0cc6\u0caf\u0cc2 \u0ca4\u0ca8\u0ccd\u0ca8 \u0c92\u0cb3\u0ccd\u0cb3\u0cc7\u0ca4\u0ca8\u0ca6 \u0c92\u0cb3\u0ccd\u0cb3\u0cc7 \u0cb8\u0c82\u0ca4\u0ccb\u0cb7\u0cb5\u0ca8\u0ccd\u0ca8\u0cc1 \u0cae\u0ca4\u0ccd\u0ca4\u0cc1 \u0cac\u0cb2\u0ca6\u0cbf\u0c82\u0ca6\u0cbe\u0ca6 \u0ca8\u0c82\u0cac\u0cbf\u0c95\u0cc6\u0caf \u0c95\u0cbe\u0cb0\u0ccd\u0caf\u0cb5\u0ca8\u0ccd\u0ca8\u0cc1 \u0caa\u0cc2\u0cb0\u0cc8\u0cb8\u0cc1\u0cb5 \u0cb9\u0cbe\u0c97\u0cc6\u0caf\u0cc2 \u0cac\u0cc7\u0ca1\u0cbf\u0c95\u0cca\u0cb3\u0ccd\u0cb3\u0cc1\u0ca4\u0ccd\u0ca4\u0cc7\u0cb5\u0cc6."},{"Verseid":"52000011","Verse":"\u0cb9\u0cc0\u0c97\u0cbe\u0ca6\u0cb0\u0cc6 \u0ca8\u0cae\u0ccd\u0cae \u0ca6\u0cc7\u0cb5\u0cb0 \u0cae\u0ca4\u0ccd\u0ca4\u0cc1 \u0c95\u0cb0\u0ccd\u0ca4\u0ca8\u0cbe\u0ca6 \u0caf\u0cc7\u0cb8\u0cc1 \u0c95\u0ccd\u0cb0\u0cbf\u0cb8\u0ccd\u0ca4\u0ca8 \u0c95\u0cc3\u0caa\u0cc6\u0c97\u0ca8\u0cc1\u0cb8\u0cbe\u0cb0\u0cb5\u0cbe\u0c97\u0cbf \u0ca8\u0cae\u0ccd\u0cae \u0c95\u0cb0\u0ccd\u0ca4\u0ca8\u0cbe\u0ca6 \u0caf\u0cc7\u0cb8\u0cc1 \u0c95\u0ccd\u0cb0\u0cbf\u0cb8\u0ccd\u0ca4\u0ca8 \u0cb9\u0cc6\u0cb8\u0cb0\u0cc1 \u0ca8\u0cbf\u0cae\u0ccd\u0cae\u0cb2\u0ccd\u0cb2\u0cbf \u0cae\u0cb9\u0cbf\u0cae\u0cc6 \u0cb9\u0cca\u0c82\u0ca6\u0cc1\u0cb5\u0ca6\u0cc1, \u0c86\u0ca4\u0ca8\u0cb2\u0ccd\u0cb2\u0cbf \u0ca8\u0cc0\u0cb5\u0cc2 \u0cae\u0cb9\u0cbf\u0cae\u0cc6 \u0cb9\u0cca\u0c82\u0ca6\u0cc1\u0cb5\u0cbf\u0cb0\u0cbf."}]},{"Verse":[{"Verseid":"52001000","Verse":"\u0cb8\u0cb9\u0ccb\u0ca6\u0cb0\u0cb0\u0cc7, \u0ca8\u0cae\u0ccd\u0cae \u0c95\u0cb0\u0ccd\u0ca4\u0ca8\u0cbe\u0ca6 \u0caf\u0cc7\u0cb8\u0cc1 \u0c95\u0ccd\u0cb0\u0cbf\u0cb8\u0ccd\u0ca4\u0ca8 \u0cac\u0cb0\u0ccb\u0ca3\u0ca6 \u0cb5\u0cbf\u0cb7\u0caf\u0cb5\u0cbe\u0c97\u0cbf\u0caf\u0cc2 \u0ca8\u0cbe\u0cb5\u0cc1 \u0c86\u0ca4\u0ca8 \u0cac\u0cb3\u0cbf\u0caf\u0cb2\u0ccd\u0cb2\u0cbf \u0c95\u0cc2\u0ca1\u0cbf\u0c95\u0cca\u0cb3\u0ccd\u0cb3\u0cc1\u0cb5\u0ca6\u0cb0 \u0cb5\u0cbf\u0cb7\u0caf \u0cb5\u0cbe\u0c97\u0cbf\u0caf\u0cc2 \u0ca8\u0cbf\u0cae\u0ccd\u0cae\u0ca8\u0ccd\u0ca8\u0cc1 \u0cac\u0cc7\u0ca1\u0cbf\u0c95\u0cca\u0cb3\u0ccd\u0cb3\u0cc1\u0cb5\u0ca6\u0cc7\u0ca8\u0c82\u0ca6\u0cb0\u0cc6--"},{"Verseid":"52001001","Verse":"\u0c95\u0ccd\u0cb0\u0cbf\u0cb8\u0ccd\u0ca4\u0ca8 \u0ca6\u0cbf\u0ca8\u0cb5\u0cc1 \u0c88\u0c97\u0cb2\u0cc7 \u0cb9\u0ca4\u0ccd\u0ca4\u0cbf\u0cb0\u0cb5\u0cbe\u0caf\u0cbf\u0ca4\u0cc6\u0c82\u0ca6\u0cc1 \u0c86\u0ca4\u0ccd\u0cae\u0ca8\u0cbf\u0c82\u0ca6\u0cbe\u0c97\u0cb2\u0cbf \u0cae\u0cbe\u0ca4\u0cbf\u0ca8\u0cbf\u0c82\u0ca6\u0cbe\u0c97\u0cb2\u0cbf \u0c87\u0cb2\u0ccd\u0cb2\u0cb5\u0cc6 \u0ca8\u0cbe\u0cb5\u0cc1 \u0cb9\u0cbe\u0c97\u0cc6 \u0cac\u0cb0\u0cc6\u0ca6\u0cc6\u0cb5\u0cc6\u0c82\u0ca6\u0cbe\u0c97\u0cb2\u0cbf \u0ca8\u0cc0\u0cb5\u0cc1 \u0cae\u0ca8\u0ca6\u0cb2\u0ccd\u0cb2\u0cbf \u0c9a\u0c82\u0c9a\u0cb2\u0cb0\u0cbe\u0c97\u0cbf \u0c95\u0cb3\u0cb5\u0cb3\u0caa\u0ca1\u0cac\u0cc7\u0ca1\u0cbf\u0cb0\u0cbf;"},{"Verseid":"52001002","Verse":"\u0caf\u0cbe\u0cb5\u0ca8\u0cc2 \u0ca8\u0cbf\u0cae\u0ccd\u0cae\u0ca8\u0ccd\u0ca8\u0cc1 \u0caf\u0cbe\u0cb5 \u0cb5\u0cbf\u0ca7\u0ca6\u0cb2\u0ccd\u0cb2\u0cbf\u0caf\u0cc2 \u0cae\u0ccb\u0cb8\u0c97\u0cca\u0cb3\u0cbf\u0cb8\u0ca6\u0cbf\u0cb0\u0cb2\u0cbf; \u0caf\u0cbe\u0c95\u0c82\u0ca6\u0cb0\u0cc6 \u0cae\u0cca\u0ca6\u0cb2\u0cc1 \u0cad\u0ccd\u0cb0\u0cb7\u0ccd\u0c9f\u0ca4\u0cc6\u0caf\u0cc1 \u0c89\u0c82\u0c9f\u0cbe\u0c97\u0cbf \u0ca8\u0cbe\u0cb6\u0ca8 \u0cae\u0c97\u0ca8\u0cbe\u0ca6 \u0c86 \u0caa\u0cbe\u0caa\u0ca6 \u0cae\u0ca8\u0cc1\u0cb7\u0ccd\u0caf\u0ca8\u0cc1 \u0cac\u0cbe\u0cb0\u0ca6 \u0cb9\u0cca\u0cb0\u0ca4\u0cc1 \u0c86 \u0ca6\u0cbf\u0ca8\u0cb5\u0cc1 \u0cac\u0cb0\u0cc1\u0cb5\u0ca6\u0cbf\u0cb2\u0ccd\u0cb2;"},{"Verseid":"52001003","Verse":"\u0c85\u0cb5\u0ca8\u0cc1 \u0ca6\u0cc7\u0cb5\u0cb0\u0cc6\u0c82\u0ca6\u0cc1 \u0c95\u0cb0\u0cc6\u0caf \u0cb2\u0ccd\u0caa\u0c9f\u0ccd\u0c9f\u0cbe\u0ca4\u0ca8\u0ca8\u0ccd\u0ca8\u0cc1 \u0c87\u0cb2\u0ccd\u0cb2\u0cb5\u0cc6 \u0c86\u0cb0\u0cbe\u0ca7\u0ca8\u0cc6 \u0cb9\u0cca\u0c82\u0ca6\u0cc1\u0cb5\u0cbe\u0ca4\u0ca8\u0ca8\u0ccd\u0ca8\u0cc1 \u0cb5\u0cbf\u0cb0\u0ccb\u0ca7\u0cbf\u0cb8\u0cbf \u0c8e\u0cb2\u0ccd\u0cb2\u0cb5\u0cc1\u0c97\u0cb3 \u0cae\u0cc7\u0cb2\u0cc6 \u0ca4\u0ca8\u0ccd\u0ca8\u0ca8\u0ccd\u0ca8\u0cc1 \u0ca4\u0cbe\u0ca8\u0cc7 \u0c98\u0ca8\u0ca4\u0cc6\u0c97\u0cc7\u0cb0\u0cbf\u0cb8\u0cbf\u0c95\u0cca\u0c82\u0ca1\u0cc1 \u0ca6\u0cc7\u0cb5\u0cb0 \u0cb9\u0cbe\u0c97\u0cc6 \u0ca6\u0cc7\u0cb5\u0cbe\u0cb2\u0caf\u0ca6\u0cb2\u0ccd\u0cb2\u0cbf \u0c95\u0cc2\u0ca4\u0cc1\u0c95\u0cca\u0c82\u0ca1\u0cb5\u0ca8\u0cbe\u0c97\u0cbf \u0ca4\u0cbe\u0ca8\u0cc7 \u0ca6\u0cc7\u0cb5\u0cb0\u0cbe\u0c97\u0cbf\u0ca6\u0ccd\u0ca6\u0cbe\u0ca8\u0cc6\u0c82\u0ca6\u0cc1 \u0ca4\u0ccb\u0cb0\u0cbf\u0cb8\u0cbf\u0c95\u0cca\u0cb3\u0ccd\u0cb3\u0cc1\u0ca4\u0ccd\u0ca4\u0cbe\u0ca8\u0cc6."},{"Verseid":"52001004","Verse":"\u0ca8\u0cbe\u0ca8\u0cc1 \u0ca8\u0cbf\u0cae\u0ccd\u0cae \u0cb8\u0c82\u0c97\u0ca1 \u0c87\u0ca6\u0ccd\u0ca6\u0cbe\u0c97 \u0c88 \u0cb8\u0c82\u0c97\u0ca4\u0cbf\u0c97\u0cb3\u0ca8\u0ccd\u0ca8\u0cc1 \u0ca8\u0cbf\u0cae\u0c97\u0cc6 \u0cb9\u0cc7\u0cb3\u0cbf\u0ca6\u0ccd\u0ca6\u0cc1 \u0c9c\u0ccd\u0c9e\u0cbe\u0caa\u0c95\u0cb5\u0cbf\u0cb2\u0ccd\u0cb2\u0cb5\u0ccb?"},{"Verseid":"52001005","Verse":"\u0c87\u0ca6\u0cb2\u0ccd\u0cb2\u0ca6\u0cc6 \u0c85\u0cb5\u0ca8\u0cc1 \u0ca4\u0ca8\u0ccd\u0ca8 \u0cb8\u0cae\u0caf\u0ca6\u0cb2\u0ccd\u0cb2\u0cbf \u0caa\u0ccd\u0cb0\u0ca4\u0ccd\u0caf\u0c95\u0ccd\u0cb7\u0ca8\u0cbe\u0c97\u0cc1 \u0cb5\u0ca6\u0c95\u0ccd\u0c95\u0cc6 \u0c8f\u0ca8\u0cc1 \u0c85\u0ca1\u0ccd\u0ca1\u0cbf \u0cae\u0cbe\u0ca1\u0cc1\u0ca4\u0ccd\u0ca4\u0ca6\u0cca \u0c85\u0ca6\u0cc1 \u0ca8\u0cbf\u0cae\u0c97\u0cc6 \u0ca4\u0cbf\u0cb3\u0cbf\u0ca6\u0cc7 \u0c87\u0ca6\u0cc6."},{"Verseid":"52001006","Verse":"\u0ca6\u0cc1\u0cb7\u0ccd\u0c9f\u0ca4\u0ccd\u0cb5\u0ca6 \u0cae\u0cb0\u0ccd\u0cae\u0cb5\u0cc1 \u0c88\u0c97\u0cbe\u0c97\u0cb2\u0cc7 \u0c95\u0cbe\u0cb0\u0ccd\u0caf \u0cae\u0cbe\u0ca1\u0cc1\u0ca4\u0ccd\u0ca4\u0ca6\u0cc6; \u0c85\u0cb5\u0ca8\u0cc1 \u0ca4\u0cc6\u0c97\u0cc6\u0caf\u0cb2\u0ccd\u0caa\u0ca1\u0cc1\u0cb5\u0cb5\u0cb0\u0cc6\u0c97\u0cc6 \u0c88\u0c97 \u0c85\u0ca1\u0ccd\u0ca1\u0cbf \u0cae\u0cbe\u0ca1\u0cc1\u0cb5\u0cbe\u0ca4\u0ca8\u0cc1 \u0cae\u0cbe\u0ca4\u0ccd\u0cb0\u0c85\u0ca1\u0ccd\u0ca1\u0cbf \u0cae\u0cbe\u0ca1\u0cc1\u0cb5\u0ca8\u0cc1;"},{"Verseid":"52001007","Verse":"\u0c86\u0c97 \u0c86 \u0ca6\u0cc1\u0cb7\u0ccd\u0c9f\u0ca8\u0cc1 \u0caa\u0ccd\u0cb0\u0ca4\u0ccd\u0caf\u0c95\u0ccd\u0cb7\u0ca8\u0cbe\u0c97\u0cc1\u0cb5\u0ca8\u0cc1; \u0c95\u0cb0\u0ccd\u0ca4\u0ca8\u0cc1 \u0ca4\u0ca8\u0ccd\u0ca8 \u0cac\u0cbe\u0caf\u0cbf\u0caf \u0c89\u0cb8\u0cc1\u0cb0\u0cbf\u0ca8\u0cbf\u0c82\u0ca6 \u0c85\u0cb5\u0ca8\u0ca8\u0ccd\u0ca8\u0cc1 \u0ca6\u0cb9\u0cbf\u0cb8\u0cbf \u0ca4\u0ca8\u0ccd\u0ca8 \u0caa\u0ccd\u0cb0\u0ca4\u0ccd\u0caf\u0c95\u0ccd\u0cb7\u0ca4\u0cc6\u0caf \u0caa\u0ccd\u0cb0\u0c95\u0cbe\u0cb6\u0ca6\u0cbf\u0c82\u0ca6 \u0ca8\u0cbe\u0cb6\u0cae\u0cbe\u0ca1\u0cc1\u0cb5\u0ca8\u0cc1."},{"Verseid":"52001008","Verse":"\u0c86 \u0c95\u0cc6\u0ca1\u0cc1\u0c95\u0ca8 \u0cac\u0cb0\u0cc1\u0cb5\u0cbf\u0c95\u0cc6\u0caf\u0cc1 \u0cb8\u0cc8\u0ca4\u0cbe\u0ca8\u0ca8 \u0c95\u0cbe\u0cb0\u0ccd\u0caf\u0c95\u0ccd\u0c95\u0ca8\u0cc1 \u0cb8\u0cbe\u0cb0\u0cb5\u0cbe\u0c97\u0cbf\u0cb0\u0cc1\u0cb5\u0ca6\u0cc1; \u0c85\u0ca6\u0cc1 \u0c8e\u0cb2\u0ccd\u0cb2\u0cbe \u0cb6\u0c95\u0ccd\u0ca4\u0cbf\u0caf\u0cbf\u0c82\u0ca6\u0cb2\u0cc2 \u0cb8\u0cc2\u0c9a\u0c95 \u0c95\u0cbe\u0cb0\u0ccd\u0caf\u0c97\u0cb3\u0cbf\u0c82\u0ca6\u0cb2\u0cc2 \u0cb8\u0cc1\u0cb3\u0ccd\u0cb3\u0cbe\u0ca6 \u0c85\u0ca6\u0ccd\u0cad\u0cc1\u0ca4 \u0c95\u0cbe\u0cb0\u0ccd\u0caf\u0c97\u0cb3\u0cbf\u0c82\u0ca6\u0cb2\u0cc2"},{"Verseid":"52001009","Verse":"\u0ca6\u0cc1\u0cb0\u0ccd\u0ca8\u0cc0\u0ca4\u0cbf\u0caf \u0c8e\u0cb2\u0ccd\u0cb2\u0cbe \u0cb5\u0c82\u0c9a\u0ca8\u0cc6 \u0caf\u0cbf\u0c82\u0ca6\u0cb2\u0cc2 \u0c95\u0cc2\u0ca1\u0cbf \u0ca8\u0cbe\u0cb6\u0cb5\u0cbe\u0c97\u0cc1\u0cb5\u0cb5\u0cb0\u0cb2\u0ccd\u0cb2\u0cbf \u0cb8\u0c82\u0cad\u0cb5\u0cbf\u0cb8\u0cc1 \u0cb5\u0ca6\u0cc1; \u0c85\u0cb5\u0cb0\u0cc1 \u0caa\u0ccd\u0cb0\u0cc0\u0ca4\u0cbf\u0caf \u0cb8\u0ca4\u0ccd\u0caf\u0cb5\u0ca8\u0ccd\u0ca8\u0cc1 \u0c85\u0c82\u0c97\u0cc0\u0c95\u0cb0\u0cbf\u0cb8\u0ca6 \u0c95\u0cbe\u0cb0\u0ca3 \u0cb0\u0c95\u0ccd\u0cb7\u0ca3\u0cc6\u0caf\u0ca8\u0ccd\u0ca8\u0cc1 \u0cb9\u0cca\u0c82\u0ca6\u0cc1\u0cb5\u0ca6\u0cbf\u0cb2\u0ccd\u0cb2."},{"Verseid":"52001010","Verse":"\u0c87\u0ca6\u0cc7 \u0c95\u0cbe\u0cb0\u0ca3\u0ca6\u0cbf\u0c82\u0ca6 \u0ca6\u0cc7\u0cb5\u0cb0\u0cc1 \u0cac\u0cb2\u0cb5\u0cbe\u0ca6 \u0cad\u0ccd\u0cb0\u0cae\u0cc6\u0caf\u0ca8\u0ccd\u0ca8\u0cc1 \u0c85\u0cb5\u0cb0\u0cb2\u0ccd\u0cb2\u0cbf\u0c97\u0cc6 \u0c95\u0cb3\u0cc1\u0cb9\u0cbf\u0cb8\u0cbf \u0c85\u0cb5\u0cb0\u0cc1 \u0c86 \u0cb8\u0cc1\u0cb3\u0ccd\u0cb3\u0ca8\u0ccd\u0ca8\u0cc1 \u0ca8\u0c82\u0cac\u0cc1\u0cb5\u0c82\u0ca4\u0cc6 \u0cae\u0cbe\u0ca1\u0cc1\u0ca4\u0ccd\u0ca4\u0cbe\u0ca8\u0cc6."},{"Verseid":"52001011","Verse":"\u0cb8\u0ca4\u0ccd\u0caf\u0cb5\u0ca8\u0ccd\u0ca8\u0cc1 \u0ca8\u0c82\u0cac\u0ca6\u0cc6 \u0c85\u0ca8\u0cc0\u0ca4\u0cbf\u0caf\u0cb2\u0ccd\u0cb2\u0cbf \u0c86\u0ca8\u0c82\u0ca6\u0caa\u0ca1\u0cc1\u0cb5\u0cb5\u0cb0\u0cc6\u0cb2\u0ccd\u0cb2\u0cb0\u0cc2 \u0c88 \u0caa\u0ccd\u0cb0\u0c95\u0cbe\u0cb0 \u0ca4\u0cc0\u0cb0\u0ccd\u0caa\u0cbf\u0c97\u0cc6 \u0c92\u0cb3\u0c97\u0cbe\u0c97\u0cc1\u0cb5\u0cb0\u0cc1."},{"Verseid":"52001012","Verse":"\u0c95\u0cb0\u0ccd\u0ca4\u0ca8\u0cbf\u0c97\u0cc6 \u0caa\u0ccd\u0cb0\u0cbf\u0caf\u0cb0\u0cbe\u0c97\u0cbf\u0cb0\u0cc1\u0cb5 \u0cb8\u0cb9\u0cca\u0ca6\u0cb0\u0cb0\u0cc7, \u0ca8\u0cc0\u0cb5\u0cc1 \u0c86\u0ca4\u0ccd\u0cae\u0ca8\u0cbf\u0c82\u0ca6 \u0cb6\u0cc1\u0ca6\u0ccd\u0ca7\u0cc0\u0c95\u0cb0\u0cbf\u0cb8\u0cb2\u0ccd\u0caa\u0c9f\u0ccd\u0c9f\u0cb5\u0cb0\u0cbe\u0c97\u0cbf \u0cb8\u0ca4\u0ccd\u0caf\u0ca6 \u0cae\u0cc7\u0cb2\u0cc6 \u0ca8\u0c82\u0cac\u0cbf\u0c95\u0cc6\u0caf\u0ca8\u0ccd\u0ca8\u0cbf\u0c9f\u0ccd\u0c9f\u0cc1 \u0cb0\u0c95\u0ccd\u0cb7\u0ca3\u0cc6\u0caf\u0ca8\u0ccd\u0ca8\u0cc1 \u0caa\u0ca1\u0cc6\u0caf\u0cc1\u0cb5\u0ca6\u0c95\u0ccd\u0c95\u0cbe\u0c97\u0cbf \u0ca6\u0cc7\u0cb5\u0cb0\u0cc1 \u0ca8\u0cbf\u0cae\u0ccd\u0cae\u0ca8\u0ccd\u0ca8\u0cc1 \u0c86\u0ca6\u0cbf\u0caf\u0cbf\u0c82\u0ca6 \u0c86\u0cb0\u0cbf\u0cb8\u0cbf\u0c95\u0cca\u0c82\u0ca1\u0ca6\u0ccd\u0ca6\u0cb0\u0cbf\u0c82\u0ca6 \u0ca8\u0cbe\u0cb5\u0cc1 \u0ca8\u0cbf\u0cae\u0ccd\u0cae \u0cb5\u0cbf\u0cb7\u0caf\u0ca6\u0cb2\u0ccd\u0cb2\u0cbf \u0caf\u0cbe\u0cb5\u0cbe\u0c97\u0cb2\u0cc2 \u0ca6\u0cc7\u0cb5\u0cb0\u0cbf\u0c97\u0cc6 \u0c95\u0cc3\u0ca4\u0c9c\u0ccd\u0c9e\u0ca4\u0cbe\u0cb8\u0ccd\u0ca4\u0cc1\u0ca4\u0cbf \u0cae\u0cbe\u0ca1\u0cc1\u0cb5\u0ca6\u0c95\u0ccd\u0c95\u0cc6 \u0cac\u0ca6\u0ccd\u0ca6\u0cb0\u0cbe\u0c97\u0cbf\u0ca6\u0ccd\u0ca6\u0cc7\u0cb5\u0cc6"},{"Verseid":"52001013","Verse":"\u0ca8\u0cae\u0ccd\u0cae \u0c95\u0cb0\u0ccd\u0ca4\u0ca8\u0cbe\u0ca6 \u0caf\u0cc7\u0cb8\u0cc1 \u0c95\u0ccd\u0cb0\u0cbf\u0cb8\u0ccd\u0ca4\u0ca8 \u0caa\u0ccd\u0cb0\u0cad\u0cbe\u0cb5\u0cb5\u0ca8\u0ccd\u0ca8\u0cc1 \u0cb9\u0cca\u0c82\u0ca6\u0cbf \u0c95\u0cca\u0cb3\u0ccd\u0cb3\u0cac\u0cc7\u0c95\u0cc6\u0c82\u0ca6\u0cc1 \u0ca6\u0cc7\u0cb5\u0cb0\u0cc1 \u0ca8\u0cae\u0ccd\u0cae \u0cb8\u0cc1\u0cb5\u0cbe\u0cb0\u0ccd\u0ca4\u0cc6\u0caf \u0cae\u0cc2\u0cb2\u0c95\u0cb5\u0cbe\u0c97\u0cbf \u0ca8\u0cbf\u0cae\u0ccd\u0cae\u0ca8\u0ccd\u0ca8\u0cc1 \u0c85\u0ca6\u0c95\u0ccd\u0c95\u0cc6 \u0c95\u0cb0\u0cc6\u0ca6\u0ca8\u0cc1."},{"Verseid":"52001014","Verse":"\u0cb9\u0cc0\u0c97\u0cbf\u0cb0\u0cc1\u0cb5\u0ca6\u0cb0\u0cbf\u0c82\u0ca6 \u0cb8\u0cb9\u0ccb\u0ca6\u0cb0\u0cb0\u0cc7, \u0ca6\u0cc3\u0ca2\u0cb5\u0cbe\u0c97\u0cbf \u0ca8\u0cbf\u0cb2\u0ccd\u0cb2\u0cbf\u0cb0\u0cbf, \u0ca8\u0cbe\u0cb5\u0cc1 \u0cae\u0cbe\u0ca4\u0cbf\u0ca8\u0cbf\u0c82\u0ca6\u0cbe\u0c97\u0cb2\u0cbf \u0ca8\u0cae\u0ccd\u0cae \u0caa\u0ca4\u0ccd\u0cb0\u0cbf\u0c95\u0cc6 \u0caf\u0cbf\u0c82\u0ca6\u0cbe\u0c97\u0cb2\u0cbf \u0ca8\u0cbf\u0cae\u0c97\u0cc6 \u0c95\u0cb2\u0cbf\u0cb8\u0cbf\u0ca6 \u0cac\u0ccb\u0ca7\u0ca8\u0cc6\u0c97\u0cb3\u0ca8\u0ccd\u0ca8\u0cc1 \u0ca8\u0cc0\u0cb5\u0cc1 \u0cad\u0ca6\u0ccd\u0cb0\u0cb5\u0cbe\u0c97\u0cbf \u0cb9\u0cbf\u0ca1\u0cbf\u0ca6\u0cc1\u0c95\u0cca\u0c82\u0ca1\u0cbf\u0cb0\u0ccd\u0cb0\u0cbf."},{"Verseid":"52001015","Verse":"\u0ca8\u0cae\u0ccd\u0cae\u0ca8\u0ccd\u0ca8\u0cc1 \u0caa\u0ccd\u0cb0\u0cc0\u0ca4\u0cbf\u0cb8\u0cbf \u0ca8\u0cae\u0c97\u0cc6 \u0ca8\u0cbf\u0ca4\u0ccd\u0caf\u0cb5\u0cbe\u0ca6 \u0c86\u0ca6\u0cb0\u0ca3\u0cc6\u0caf\u0ca8\u0ccd\u0ca8\u0cc2 \u0c89\u0ca4\u0ccd\u0ca4\u0cae\u0cb5\u0cbe\u0ca6 \u0ca8\u0cbf\u0cb0\u0cc0\u0c95\u0ccd\u0cb7\u0cc6\u0caf\u0ca8\u0ccd\u0ca8\u0cc2 \u0c95\u0cc3\u0caa\u0cc6\u0caf\u0cbf\u0c82\u0ca6 \u0c85\u0ca8\u0cc1\u0c97\u0ccd\u0cb0 \u0cb9\u0cbf\u0cb8\u0cbf\u0ca6 \u0ca8\u0cae \u0c95\u0cb0\u0ccd\u0ca4\u0ca8\u0cbe\u0ca6 \u0caf\u0cc7\u0cb8\u0cc1 \u0c95\u0ccd\u0cb0\u0cbf\u0cb8\u0ccd\u0ca4\u0ca8\u0cc2 \u0ca8\u0cae\u0ccd\u0cae \u0ca4\u0c82\u0ca6\u0cc6\u0caf\u0cbe\u0ca6 \u0ca6\u0cc7\u0cb5\u0cb0\u0cc2"},{"Verseid":"52001016","Verse":"\u0ca8\u0cbf\u0cae\u0ccd\u0cae \u0cb9\u0cc3\u0ca6\u0caf\u0c97\u0cb3\u0ca8\u0ccd\u0ca8\u0cc1 \u0cb8\u0c82\u0ca4\u0cc8\u0cb8\u0cbf \u0cb8\u0c95\u0cb2 \u0cb8\u0ca6\u0ccd\u0cb5\u0cbe\u0c95\u0ccd\u0caf\u0ca6\u0cb2\u0ccd\u0cb2\u0cbf\u0caf\u0cc2 \u0cb8\u0ca4\u0ccd\u0c95\u0cbe\u0cb0\u0ccd\u0caf\u0ca6\u0cb2\u0ccd\u0cb2\u0cbf\u0caf\u0cc2 \u0ca6\u0cc3\u0ca2\u0caa\u0ca1\u0cbf\u0cb8\u0cb2\u0cbf."}]},{"Verse":[{"Verseid":"52002000","Verse":"\u0c95\u0ca1\u0cc7\u0ca6\u0cbe\u0c97\u0cbf \u0cb8\u0cb9\u0ccb\u0ca6\u0cb0\u0cb0\u0cc7, \u0ca8\u0cae\u0c97\u0ccb \u0cb8\u0ccd\u0c95\u0cb0 \u0caa\u0ccd\u0cb0\u0cbe\u0cb0\u0ccd\u0ca5\u0ca8\u0cc6 \u0cae\u0cbe\u0ca1\u0cbf\u0cb0\u0cbf \u0c95\u0cb0\u0ccd\u0ca4\u0ca8 \u0cb5\u0cbe\u0c95\u0ccd\u0caf\u0cb5\u0cc1 \u0ca8\u0cbf\u0cae\u0ccd\u0cae\u0cb2\u0ccd\u0cb2\u0cbf \u0cb9\u0cac\u0ccd\u0cac\u0cbf\u0ca6 \u0caa\u0ccd\u0cb0\u0c95\u0cbe\u0cb0 \u0c8e\u0cb2\u0ccd\u0cb2\u0cc6\u0cb2\u0ccd\u0cb2\u0cbf\u0caf\u0cc2 \u0cac\u0cc7\u0c97\u0ca8\u0cc6 \u0cb9\u0cac\u0ccd\u0cac\u0cbf \u0cae\u0cb9\u0cbf\u0cae\u0cc6 \u0cb9\u0cca\u0c82\u0ca6\u0cc1\u0cb5 \u0cb9\u0cbe\u0c97\u0cc6\u0caf\u0cc2"},{"Verseid":"52002001","Verse":"\u0cae\u0cc2\u0cb0\u0ccd\u0c96\u0cb0\u0cbe\u0ca6 \u0ca6\u0cc1\u0cb7\u0ccd\u0c9f\u0c9c\u0ca8\u0cb0 \u0c95\u0cc8\u0caf\u0cbf\u0c82\u0ca6 \u0ca8\u0cbe\u0cb5\u0cc1 \u0ca4\u0caa\u0ccd\u0caa\u0cbf\u0cb8\u0cb2\u0ccd\u0caa\u0ca1\u0cc1\u0cb5 \u0cb9\u0cbe\u0c97\u0cc6\u0caf\u0cc2 \u0caa\u0ccd\u0cb0\u0cbe\u0cb0\u0ccd\u0ca5\u0cbf\u0cb8\u0cbf\u0cb0\u0cbf; \u0caf\u0cbe\u0c95\u0c82\u0ca6\u0cb0\u0cc6 \u0c8e\u0cb2\u0ccd\u0cb2\u0cb0\u0cb2\u0ccd\u0cb2\u0cbf \u0ca8\u0c82\u0cac\u0cbf\u0c95\u0cc6 \u0caf\u0cbf\u0cb2\u0ccd\u0cb2\u0cb5\u0cb2\u0ccd\u0cb2\u0cbe."},{"Verseid":"52002002","Verse":"\u0c86\u0ca6\u0cb0\u0cc6 \u0c95\u0cb0\u0ccd\u0ca4\u0ca8\u0cc1 \u0ca8\u0c82\u0cac\u0cbf\u0c97\u0cb8\u0ccd\u0ca4\u0ca8\u0cc1; \u0c86\u0ca4\u0ca8\u0cc1 \u0ca8\u0cbf\u0cae\u0ccd\u0cae\u0ca8\u0ccd\u0ca8\u0cc1 \u0ca6\u0cc3\u0ca2\u0caa\u0ca1\u0cbf\u0cb8\u0cbf \u0ca8\u0cbf\u0cae\u0ccd\u0cae\u0ca8\u0ccd\u0ca8\u0cc1 \u0c95\u0cc7\u0ca1\u0cbf\u0ca8\u0cbf\u0c82\u0ca6 \u0ca4\u0caa\u0ccd\u0caa\u0cbf\u0cb8\u0cc1\u0cb5\u0ca8\u0cc1."},{"Verseid":"52002003","Verse":"\u0ca8\u0cbe\u0cb5\u0cc1 \u0ca8\u0cbf\u0cae\u0c97\u0cc6 \u0c86\u0c9c\u0ccd\u0c9e\u0cbe\u0caa\u0cbf\u0cb8\u0cc1\u0cb5 \u0caa\u0ccd\u0cb0\u0c95\u0cbe\u0cb0 \u0ca8\u0cc0\u0cb5\u0cc1 \u0cae\u0cbe\u0ca1\u0cc1 \u0ca4\u0ccd\u0ca4\u0cc0\u0cb0\u0cc6\u0c82\u0ca4\u0cb2\u0cc2 \u0cae\u0cc1\u0c82\u0ca6\u0cc6\u0caf\u0cc2 \u0cae\u0cbe\u0ca1\u0cc1\u0cb5\u0cbf\u0cb0\u0cc6\u0c82\u0ca4\u0cb2\u0cc2 \u0ca8\u0cbf\u0cae\u0ccd\u0cae \u0cb5\u0cbf\u0cb7\u0caf\u0ca6\u0cb2\u0ccd\u0cb2\u0cbf \u0c95\u0cb0\u0ccd\u0ca4\u0ca8 \u0cae\u0cc2\u0cb2\u0c95\u0cb5\u0cbe\u0c97\u0cbf \u0ca8\u0cae\u0c97\u0cc6 \u0cad\u0cb0\u0cb5\u0cb8 \u0cb5\u0cc1\u0c82\u0c9f\u0cc1."},{"Verseid":"52002004","Verse":"\u0c95\u0cb0\u0ccd\u0ca4\u0ca8\u0cc1 \u0ca8\u0cbf\u0cae\u0ccd\u0cae \u0cb9\u0cc3\u0ca6\u0caf\u0c97\u0cb3\u0ca8\u0ccd\u0ca8\u0cc1 \u0ca6\u0cc7\u0cb5\u0cb0 \u0caa\u0ccd\u0cb0\u0cc0\u0ca4\u0cbf\u0caf\u0cb2\u0ccd\u0cb2\u0cbf\u0caf\u0cc2 \u0c95\u0ccd\u0cb0\u0cbf\u0cb8\u0ccd\u0ca4\u0ca8\u0cbf\u0c97\u0cbe\u0c97\u0cbf \u0ca4\u0cbe\u0cb3\u0ccd\u0cae\u0cc6\u0caf\u0cbf\u0c82\u0ca6 \u0c95\u0cbe\u0ca6\u0cc1 \u0c95\u0cca\u0c82\u0ca1\u0cbf\u0cb0\u0cc1\u0cb5 \u0cb9\u0cbe\u0c97\u0cc6\u0caf\u0cc2 \u0ca8\u0ca1\u0cbf\u0cb8\u0cb2\u0cbf."},{"Verseid":"52002005","Verse":"\u0cb8\u0cb9\u0ccb\u0ca6\u0cb0\u0cb0\u0cc7, \u0ca8\u0cae\u0ccd\u0cae\u0cbf\u0c82\u0ca6 \u0cb9\u0cca\u0c82\u0ca6\u0cbf\u0ca6 \u0cac\u0ccb\u0ca7\u0ca8\u0cc6 \u0caf\u0ca8\u0ccd\u0ca8\u0cc1 \u0c85\u0ca8\u0cc1\u0cb8\u0cb0\u0cbf\u0cb8\u0ca6\u0cc6 \u0c85\u0c95\u0ccd\u0cb0\u0cae\u0cb5\u0cbe\u0c97\u0cbf \u0ca8\u0ca1\u0cc6\u0caf\u0cc1\u0cb5 \u0caa\u0ccd\u0cb0\u0ca4\u0cbf \u0cb8\u0cb9\u0ccb\u0ca6\u0cb0\u0ca8\u0cbf\u0c97\u0cc6 \u0ca8\u0cc0\u0cb5\u0cc1 \u0ca6\u0cc2\u0cb0\u0cb5\u0cbe\u0c97\u0cbf\u0cb0\u0cac\u0cc7\u0c95\u0cc6\u0c82\u0ca6\u0cc1 \u0ca8\u0cae\u0ccd\u0cae \u0c95\u0cb0\u0ccd\u0ca4\u0ca8\u0cbe\u0ca6 \u0caf\u0cc7\u0cb8\u0cc1 \u0c95\u0ccd\u0cb0\u0cbf\u0cb8\u0ccd\u0ca4\u0ca8 \u0cb9\u0cc6\u0cb8\u0cb0\u0cbf\u0ca8\u0cb2\u0ccd\u0cb2\u0cbf \u0ca8\u0cbe\u0cb5\u0cc1 \u0ca8\u0cbf\u0cae\u0c97\u0cc6 \u0c86\u0c9c\u0ccd\u0c9e\u0cbe\u0caa\u0cbf\u0cb8\u0cc1\u0ca4\u0ccd\u0ca4\u0cc7\u0cb5\u0cc6."},{"Verseid":"52002006","Verse":"\u0ca8\u0cc0\u0cb5\u0cc1 \u0ca8\u0cae\u0ccd\u0cae\u0ca8\u0ccd\u0ca8\u0cc1 \u0c85\u0ca8\u0cc1\u0cb8\u0cb0\u0cbf\u0cb8\u0cbf \u0cb9\u0cc7\u0c97\u0cc6 \u0ca8\u0ca1\u0cc6\u0caf\u0cac\u0cc7\u0c95\u0cc6\u0c82\u0ca6\u0cc1 \u0ca8\u0cc0\u0cb5\u0cc7 \u0cac\u0cb2\u0ccd\u0cb2\u0cbf\u0cb0\u0cbf; \u0ca8\u0cbe\u0cb5\u0cc1 \u0ca8\u0cbf\u0cae\u0ccd\u0cae\u0cb2\u0ccd\u0cb2\u0cbf \u0c85\u0c95\u0ccd\u0cb0\u0cae\u0cb5\u0cbe\u0c97\u0cbf \u0ca8\u0ca1\u0cc6\u0caf\u0cb2\u0cbf\u0cb2\u0ccd\u0cb2;"},{"Verseid":"52002007","Verse":"\u0c87\u0cb2\u0ccd\u0cb2\u0cb5\u0cc6 \u0ca8\u0cbe\u0cb5\u0cc1 \u0cb8\u0cc1\u0cae\u0ccd\u0cae\u0ca8\u0cc6 (\u0cb9\u0ca3\u0c95\u0cca\u0ca1\u0ca6\u0cc6) \u0caf\u0cbe\u0cb0 \u0cac\u0cb3\u0cbf\u0caf\u0cb2\u0ccd\u0cb2\u0cbf\u0caf\u0cc2 \u0c8a\u0c9f\u0cae\u0cbe\u0ca1 \u0cb2\u0cbf\u0cb2\u0ccd\u0cb2; \u0ca8\u0cbf\u0cae\u0ccd\u0cae\u0cb2\u0ccd\u0cb2\u0cbf \u0c92\u0cac\u0ccd\u0cac\u0cb0\u0cbf\u0c97\u0cc2 \u0ca8\u0cbe\u0cb5\u0cc1 \u0cad\u0cbe\u0cb0\u0cb5\u0cbe\u0c97\u0cac\u0cbe\u0cb0 \u0ca6\u0cc6\u0c82\u0ca6\u0cc1 \u0cb9\u0c97\u0cb2\u0cbf\u0cb0\u0cc1\u0cb3\u0cc1 \u0c95\u0cb7\u0ccd\u0c9f\u0ca6\u0cbf\u0c82\u0ca6\u0cb2\u0cc2 \u0caa\u0ccd\u0cb0\u0caf\u0cbe\u0cb8 \u0ca6\u0cbf\u0c82\u0ca6\u0cb2\u0cc2 \u0ca6\u0cc1\u0ca1\u0cbf\u0ca6\u0cc6\u0cb5\u0cc1."},{"Verseid":"52002008","Verse":"\u0ca8\u0cbf\u0cae\u0ccd\u0cae\u0cbf\u0c82\u0ca6 \u0caa\u0ccb\u0cb7\u0ca3\u0cc6 \u0cb9\u0cca\u0c82\u0ca6\u0cc1 \u0cb5\u0ca6\u0c95\u0ccd\u0c95\u0cc6 \u0ca8\u0cae\u0c97\u0cc6 \u0cb9\u0c95\u0ccd\u0c95\u0cbf\u0cb2\u0ccd\u0cb2\u0cb5\u0cc6\u0c82\u0ca6\u0cc1 \u0cb9\u0cbe\u0c97\u0cc6 \u0cae\u0cbe\u0ca1\u0cb2\u0cbf\u0cb2\u0ccd\u0cb2. \u0ca8\u0cc0\u0cb5\u0cc1 \u0ca8\u0cae\u0ccd\u0cae\u0ca8\u0ccd\u0ca8\u0cc1 \u0c85\u0ca8\u0cc1\u0cb8\u0cb0\u0cbf\u0cb8\u0cc1\u0cb5\u0ca6\u0c95\u0ccd\u0c95\u0cbe\u0c97\u0cbf \u0ca8\u0cbf\u0cae\u0c97\u0cc6 \u0cae\u0cbe\u0ca6\u0cb0\u0cbf \u0caf\u0cbe\u0c97\u0cbf\u0cb0\u0ccb\u0ca3\u0cb5\u0cc6\u0c82\u0ca6\u0cc7 \u0cae\u0cbe\u0ca1\u0cbf\u0ca6\u0cc6\u0cb5\u0cc1;"},{"Verseid":"52002009","Verse":"\u0c87\u0ca6\u0cb2\u0ccd\u0cb2\u0ca6\u0cc6 \u0ca8\u0cbe\u0cb5\u0cc1 \u0ca8\u0cbf\u0cae\u0ccd\u0cae \u0cb8\u0c82\u0c97\u0ca1 \u0c87\u0ca6\u0ccd\u0ca6\u0cbe\u0c97 \u0c95\u0cc6\u0cb2\u0cb8 \u0cae\u0cbe\u0ca1\u0cb2\u0cca \u0cb2\u0ccd\u0cb2\u0ca6\u0cb5\u0ca8\u0cc1 \u0c8a\u0c9f \u0cae\u0cbe\u0ca1\u0cac\u0cbe\u0cb0\u0ca6\u0cc6\u0c82\u0ca6\u0cc1 \u0ca8\u0cbf\u0cae\u0c97\u0cc6 \u0c86\u0c9c\u0ccd\u0c9e\u0cbe\u0caa\u0cbf\u0cb8\u0cbf\u0ca6\u0cc6\u0cb5\u0cb7\u0ccd\u0c9f\u0cc6."},{"Verseid":"52002010","Verse":"\u0c86\u0ca6\u0cb0\u0cc6 \u0ca8\u0cbf\u0cae\u0ccd\u0cae\u0cb2\u0ccd\u0cb2\u0cbf \u0c95\u0cc6\u0cb2\u0cb5\u0cb0\u0cc1 \u0caf\u0cbe\u0cb5 \u0c95\u0cc6\u0cb2\u0cb8\u0cb5\u0ca8\u0ccd\u0ca8\u0cc2 \u0cae\u0cbe\u0ca1\u0ca6\u0cc6 \u0c87\u0ca4\u0cb0\u0cb0 \u0c95\u0cc6\u0cb2\u0cb8\u0ca6\u0cb2\u0ccd\u0cb2\u0cbf \u0cae\u0cbe\u0ca4\u0ccd\u0cb0 \u0ca4\u0cb2\u0cc6\u0cb9\u0cbe\u0c95\u0cbf \u0c85\u0c95\u0ccd\u0cb0\u0cae\u0cb5\u0cbe\u0c97\u0cbf \u0ca8\u0ca1\u0cc6\u0caf\u0cc1\u0ca4\u0ccd\u0ca4\u0cbe\u0cb0\u0cc6\u0c82\u0ca6\u0cc1 \u0c95\u0cc7\u0cb3\u0cbf\u0ca6\u0ccd\u0ca6\u0cc7\u0cb5\u0cc6."},{"Verseid":"52002011","Verse":"\u0c85\u0c82\u0ca5\u0cb5\u0cb0\u0cc1 \u0cae\u0ccc\u0ca8\u0cb5\u0cbe\u0c97\u0cbf \u0ca4\u0cae\u0ccd\u0cae \u0c95\u0cc6\u0cb2\u0cb8\u0cb5\u0ca8\u0ccd\u0ca8\u0cc1 \u0cae\u0cbe\u0ca1\u0cc1\u0ca4\u0ccd\u0ca4\u0cbe \u0ca4\u0cae\u0ccd\u0cae \u0cb8\u0ccd\u0cb5\u0c82\u0ca4 \u0c86\u0cb9\u0cbe\u0cb0\u0cb5\u0ca8\u0ccd\u0ca8\u0cc7 \u0c8a\u0c9f\u0cae\u0cbe\u0ca1 \u0cac\u0cc7\u0c95\u0cc6\u0c82\u0ca6\u0cc1 \u0ca8\u0cae\u0ccd\u0cae \u0c95\u0cb0\u0ccd\u0ca4\u0ca8\u0cbe\u0ca6 \u0caf\u0cc7\u0cb8\u0cc1 \u0c95\u0ccd\u0cb0\u0cbf\u0cb8\u0ccd\u0ca4\u0ca8 \u0cae\u0cc2\u0cb2\u0c95 \u0ca8\u0cbe\u0cb5\u0cc1 \u0c86\u0c9c\u0ccd\u0c9e\u0cbe\u0caa\u0cbf\u0cb8\u0cbf \u0caa\u0ccd\u0cb0\u0cac\u0ccb\u0ca7\u0cbf\u0cb8\u0cc1\u0ca4\u0ccd\u0ca4\u0cc7\u0cb5\u0cc6."},{"Verseid":"52002012","Verse":"\u0cb8\u0cb9\u0ccb \u0ca6\u0cb0\u0cb0\u0cc7, \u0ca8\u0cc0\u0cb5\u0cbe\u0ca6\u0cb0\u0ccb \u0c92\u0cb3\u0ccd\u0cb3\u0cc6\u0caf\u0ca6\u0ca8\u0ccd\u0ca8\u0cc1 \u0cae\u0cbe\u0ca1\u0cc1\u0cb5\u0ca6\u0cb0\u0cb2\u0ccd\u0cb2\u0cbf \u0cac\u0cc7\u0cb8\u0cb0\u0c97\u0cca\u0cb3\u0ccd\u0cb3\u0cac\u0cc7\u0ca1\u0cbf\u0cb0\u0cbf."},{"Verseid":"52002013","Verse":"\u0c88 \u0caa\u0ca4\u0ccd\u0cb0\u0cbf\u0c95\u0cc6\u0caf \u0cae\u0cc2\u0cb2\u0c95 \u0cb5\u0cbe\u0c97\u0cbf \u0cb9\u0cc7\u0cb3\u0cbf\u0cb0\u0cc1\u0cb5 \u0ca8\u0cae\u0ccd\u0cae \u0cae\u0cbe\u0ca4\u0cbf\u0c97\u0cc6 \u0caf\u0cbe\u0cb5\u0ca8\u0cbe\u0ca6\u0cb0\u0cc2 \u0cb5\u0cbf\u0ca7\u0cc7\u0caf\u0ca8\u0cbe\u0c97\u0ca6\u0cbf\u0ca6\u0ccd\u0ca6\u0cb0\u0cc6 \u0c85\u0cb5\u0ca8\u0ca8\u0ccd\u0ca8\u0cc1 \u0c97\u0cc1\u0cb0\u0cc1\u0ca4\u0cc1 \u0c87\u0c9f\u0ccd\u0c9f\u0cc1 \u0c95\u0cca\u0c82\u0ca1\u0cc1 \u0c85\u0cb5\u0ca8\u0cbf\u0c97\u0cc6 \u0ca8\u0cbe\u0c9a\u0cbf\u0c95\u0cc6\u0caf\u0cbe\u0c97\u0cc1\u0cb5\u0c82\u0ca4\u0cc6 \u0c85\u0cb5\u0ca8 \u0cb8\u0cb9\u0cb5\u0cbe\u0cb8\u0ca6\u0cb2\u0ccd\u0cb2\u0cbf \u0cb8\u0cc7\u0cb0\u0cac\u0cc7\u0ca1\u0cbf\u0cb0\u0cbf."},{"Verseid":"52002014","Verse":"\u0c86\u0ca6\u0cb0\u0cc2 \u0c85\u0cb5\u0ca8\u0ca8\u0ccd\u0ca8\u0cc1 \u0cb5\u0cc8\u0cb0\u0cbf\u0caf\u0cc6\u0c82\u0ca6\u0cc1 \u0c8e\u0ca3\u0cbf\u0cb8\u0ca6\u0cc6 \u0cb8\u0cb9\u0ccb\u0ca6\u0cb0\u0ca8\u0cc6\u0c82\u0ca6\u0cc1 \u0c8e\u0ca3\u0cbf\u0cb8\u0cbf \u0c95\u0cca\u0c82\u0ca1\u0cc1 \u0cac\u0cc1\u0ca6\u0ccd\u0ca7\u0cbf \u0cb9\u0cc7\u0cb3\u0cbf\u0cb0\u0cbf."},{"Verseid":"52002015","Verse":"\u0cb6\u0cbe\u0c82\u0ca4\u0cbf\u0ca6\u0cbe\u0caf\u0c95\u0ca8\u0cbe\u0ca6 \u0c95\u0cb0\u0ccd\u0ca4\u0ca8\u0cc1 \u0ca4\u0cbe\u0ca8\u0cc7 \u0cb8\u0ca6\u0cbe\u0c95\u0cbe\u0cb2 \u0ca6\u0cb2\u0ccd\u0cb2\u0cbf\u0caf\u0cc2 \u0cb8\u0c95\u0cb2\u0cb5\u0cbf\u0ca7\u0ca6\u0cb2\u0ccd\u0cb2\u0cbf\u0caf\u0cc2 \u0ca8\u0cbf\u0cae\u0c97\u0cc6 \u0cb6\u0cbe\u0c82\u0ca4\u0cbf\u0caf\u0ca8\u0ccd\u0ca8\u0cc1 \u0ca6\u0caf\u0caa\u0cbe\u0cb2\u0cbf\u0cb8\u0cb2\u0cbf. \u0c95\u0cb0\u0ccd\u0ca4\u0ca8\u0cc1 \u0ca8\u0cbf\u0cae\u0ccd\u0cae\u0cc6\u0cb2\u0ccd\u0cb2\u0cb0\u0cca\u0c82\u0ca6\u0cbf\u0c97\u0cc6 \u0c87\u0cb0\u0cb2\u0cbf."},{"Verseid":"52002016","Verse":"\u0caa\u0ccc\u0cb2\u0ca8\u0cc6\u0c82\u0cac \u0ca8\u0cbe\u0ca8\u0cc1 \u0ca8\u0ca8\u0ccd\u0ca8 \u0cb8\u0ccd\u0cb5\u0c82\u0ca4 \u0c95\u0cc8\u0caf\u0cbf\u0c82\u0ca6 \u0cac\u0cb0\u0cc6\u0caf\u0cc1\u0cb5 \u0cb5\u0c82\u0ca6\u0ca8\u0cc6\u0caf\u0cc1, \u0c8e\u0cb2\u0ccd\u0cb2\u0cbe \u0caa\u0ca4\u0ccd\u0cb0\u0cbf\u0c95\u0cc6\u0c97\u0cb3\u0cb2\u0ccd\u0cb2\u0cbf\u0caf\u0cc2 \u0c87\u0ca6\u0cc7 \u0c97\u0cc1\u0cb0\u0cc1\u0ca4\u0cc1; \u0cb9\u0cc0\u0c97\u0cc6\u0caf\u0cc7 \u0cac\u0cb0\u0cc6\u0caf\u0cc1\u0ca4\u0ccd\u0ca4\u0cc7\u0ca8\u0cc6."},{"Verseid":"52002017","Verse":"\u0ca8\u0cae\u0ccd\u0cae \u0c95\u0cb0\u0ccd\u0ca4 \u0ca8\u0cbe\u0ca6 \u0caf\u0cc7\u0cb8\u0cc1 \u0c95\u0ccd\u0cb0\u0cbf\u0cb8\u0ccd\u0ca4\u0ca8 \u0c95\u0cc3\u0caa\u0cc6\u0caf\u0cc1 \u0ca8\u0cbf\u0cae\u0ccd\u0cae\u0cc6\u0cb2\u0ccd\u0cb2\u0cb0 \u0cb8\u0c82\u0c97\u0ca1\u0cb5\u0cbf\u0cb0\u0cb2\u0cbf. \u0c86\u0cae\u0cc6\u0ca8\u0ccd\u200c."}]}]}