{"Chapter":[{"Verse":[{"Verseid":"54000000","Verse":"\u0c95\u0ccd\u0cb0\u0cbf\u0cb8\u0ccd\u0ca4\u0ca8 \u0caf\u0cc7\u0cb8\u0cc1\u0cb5\u0cbf\u0ca8\u0cb2\u0ccd\u0cb2\u0cbf\u0cb0\u0cc1\u0cb5 \u0c9c\u0cc0\u0cb5 \u0cb5\u0cbe\u0c97\u0ccd\u0ca6\u0cbe\u0ca8\u0ca6 \u0caa\u0ccd\u0cb0\u0c95\u0cbe\u0cb0 \u0ca6\u0cc7\u0cb5\u0cb0 \u0c9a\u0cbf\u0ca4\u0ccd\u0ca4\u0ca6\u0cbf\u0c82\u0ca6 \u0caf\u0cc7\u0cb8\u0cc1 \u0c95\u0ccd\u0cb0\u0cbf\u0cb8\u0ccd\u0ca4\u0ca8 \u0c85\u0caa\u0cca\u0cb8\u0ccd\u0ca4\u0cb2\u0ca8\u0cbe\u0ca6 \u0caa\u0ccc\u0cb2\u0ca8\u0cc6\u0c82\u0cac \u0ca8\u0cbe\u0ca8\u0cc1"},{"Verseid":"54000001","Verse":"\u0ca8\u0ca8\u0ccd\u0ca8 \u0c85\u0ca4\u0cbf \u0caa\u0ccd\u0cb0\u0cbf\u0caf\u0c95\u0cc1\u0cae\u0cbe\u0cb0\u0ca8\u0cbe\u0ca6 \u0ca4\u0cbf\u0cae\u0cca\u0ca5\u0cc6\u0caf\u0ca8\u0cbf\u0c97\u0cc6 \u0ca4\u0c82\u0ca6\u0cc6\u0caf\u0cbe\u0ca6 \u0ca6\u0cc7\u0cb5\u0cb0\u0cbf\u0c82\u0ca6\u0cb2\u0cc2 \u0ca8\u0cae\u0ccd\u0cae \u0c95\u0cb0\u0ccd\u0ca4\u0ca8\u0cbe\u0ca6 \u0caf\u0cc7\u0cb8\u0cc1 \u0c95\u0ccd\u0cb0\u0cbf\u0cb8\u0ccd\u0ca4\u0ca8\u0cbf\u0c82\u0ca6\u0cb2\u0cc2 \u0c95\u0cc3\u0caa\u0cc6\u0caf\u0cc2 \u0c95\u0cb0\u0cc1\u0ca3\u0cc6\u0caf\u0cc2 \u0cb6\u0cbe\u0c82\u0ca4\u0cbf\u0caf\u0cc2 \u0c86\u0c97\u0cb2\u0cbf."},{"Verseid":"54000002","Verse":"\u0ca8\u0cbe\u0ca8\u0cc1 \u0cb9\u0c97\u0cb2\u0cbf\u0cb0\u0cc1\u0cb3\u0cc1 \u0ca8\u0ca8\u0ccd\u0ca8 \u0caa\u0ccd\u0cb0\u0cbe\u0cb0\u0ccd\u0ca5\u0ca8\u0cc6\u0c97\u0cb3\u0cb2\u0ccd\u0cb2\u0cbf \u0ca8\u0cbf\u0ca8\u0ccd\u0ca8\u0ca8\u0ccd\u0ca8\u0cc1 \u0ca4\u0caa\u0ccd\u0caa\u0ca6\u0cc6 \u0c9c\u0ccd\u0c9e\u0cbe\u0caa\u0c95 \u0cae\u0cbe\u0ca1\u0cc1\u0ca4\u0ccd\u0ca4\u0cc7\u0ca8\u0cc6. \u0c87\u0ca6\u0cb2\u0ccd\u0cb2\u0ca6\u0cc6 \u0cb6\u0cc1\u0ca6\u0ccd\u0ca7 \u0cae\u0ca8\u0cb8\u0ccd\u0cb8\u0cbe\u0c95\u0ccd\u0cb7\u0cbf\u0caf\u0cc1\u0cb3\u0ccd\u0cb3\u0cb5\u0ca8\u0cbe\u0c97\u0cbf \u0ca8\u0cbe\u0ca8\u0cc1 \u0ca8\u0ca8\u0ccd\u0ca8 \u0caa\u0cc2\u0cb0\u0ccd\u0cb5\u0cbf\u0c95 \u0cb0\u0ca8\u0ccd\u0ca8\u0cc1 \u0c85\u0ca8\u0cc1\u0cb8\u0cb0\u0cbf\u0cb8\u0cbf \u0ca6\u0cc7\u0cb5\u0cb0\u0ca8\u0ccd\u0ca8\u0cc1 \u0cb8\u0cc7\u0cb5\u0cbf\u0cb8\u0cbf \u0cb8\u0ccd\u0ca4\u0ccb\u0ca4\u0ccd\u0cb0 \u0cb8\u0cb2\u0ccd\u0cb2\u0cbf\u0cb8\u0cc1 \u0ca4\u0ccd\u0ca4\u0cc7\u0ca8\u0cc6."},{"Verseid":"54000003","Verse":"\u0ca8\u0cbe\u0ca8\u0cc1 \u0ca8\u0cbf\u0ca8\u0ccd\u0ca8 \u0c95\u0ca3\u0ccd\u0ca3\u0cc0\u0cb0\u0ca8\u0ccd\u0ca8\u0cc1 \u0ca8\u0cc6\u0ca8\u0caa\u0cbf\u0c97\u0cc6 \u0ca4\u0c82\u0ca6\u0cc1 \u0ca8\u0cbf\u0ca8\u0ccd\u0ca8\u0ca8\u0ccd\u0ca8\u0cc1 \u0ca8\u0ccb\u0ca1\u0cbf \u0cb8\u0c82\u0ca4\u0ccb\u0cb7\u0cad\u0cb0\u0cbf\u0ca4\u0ca8\u0cbe\u0c97\u0cac\u0cc7\u0c95\u0cc6\u0c82\u0ca6\u0cc1 \u0cac\u0cb9\u0cb3\u0cb5\u0cbe\u0c97\u0cbf \u0c85\u0caa\u0cc7\u0c95\u0ccd\u0cb7\u0cbf\u0cb8\u0cc1\u0ca4\u0ccd\u0ca4\u0cc7\u0ca8\u0cc6;"},{"Verseid":"54000004","Verse":"\u0ca8\u0cbf\u0ca8\u0ccd\u0ca8\u0cb2\u0ccd\u0cb2\u0cbf\u0cb0\u0cc1\u0cb5 \u0ca8\u0cbf\u0cb7\u0ccd\u0c95\u0caa\u0c9f \u0cb5\u0cbe\u0ca6 \u0ca8\u0c82\u0cac\u0cbf\u0c95\u0cc6\u0caf\u0cc1 \u0ca8\u0ca8\u0ccd\u0ca8 \u0ca8\u0cc6\u0ca8\u0caa\u0cbf\u0c97\u0cc6 \u0cac\u0c82\u0ca4\u0cc1. \u0c86 \u0ca8\u0c82\u0cac\u0cbf\u0c95\u0cc6\u0caf\u0cc1 \u0cae\u0cca\u0ca6\u0cb2\u0cc1 \u0ca8\u0cbf\u0ca8\u0ccd\u0ca8 \u0c85\u0c9c\u0ccd\u0c9c\u0cbf\u0caf\u0cbe\u0ca6 \u0cb2\u0ccb\u0cb5\u0cbf\u0caf\u0cb2\u0ccd\u0cb2\u0cbf\u0caf\u0cc2 \u0ca8\u0cbf\u0ca8\u0ccd\u0ca8 \u0ca4\u0cbe\u0caf\u0cbf\u0caf\u0cbe\u0ca6 \u0caf\u0cc2\u0ca8\u0cc0\u0c95\u0cc6\u0caf\u0cb2\u0ccd\u0cb2\u0cbf\u0caf\u0cc2 \u0cb5\u0cbe\u0cb8\u0cb5\u0cbe\u0c97\u0cbf\u0ca4\u0ccd\u0ca4\u0cc1: \u0cb9\u0cbe\u0c97\u0cc6\u0caf\u0cc7 \u0c85\u0ca6\u0cc1 \u0ca8\u0cbf\u0ca8\u0ccd\u0ca8\u0cb2\u0ccd\u0cb2\u0cbf\u0caf\u0cc2 \u0cb5\u0cbe\u0cb8\u0cb5\u0cbe\u0c97\u0cbf\u0ca6\u0cc6 \u0c8e\u0c82\u0ca6\u0cc1 \u0ca8\u0cbe\u0ca8\u0cc1 \u0ca6\u0cc3\u0ca2\u0cb5\u0cbe\u0c97\u0cbf \u0ca8\u0c82\u0cac\u0cbf\u0ca6\u0ccd\u0ca6\u0cc7\u0ca8\u0cc6."},{"Verseid":"54000005","Verse":"\u0c86\u0ca6\u0c95\u0cbe\u0cb0\u0ca3 \u0ca8\u0cbe\u0ca8\u0cc1 \u0ca8\u0cbf\u0ca8\u0c97\u0cc6 \u0cb9\u0cb8\u0ccd\u0ca4\u0cbe\u0cb0\u0ccd\u0caa\u0ca3 \u0cae\u0cbe\u0ca1\u0cc1 \u0cb5\u0ca6\u0cb0 \u0cae\u0cc2\u0cb2\u0c95 \u0ca8\u0cbf\u0ca8\u0c97\u0cc6 \u0ca6\u0cca\u0cb0\u0c95\u0cbf\u0ca6 \u0ca6\u0cc7\u0cb5\u0cb0 \u0cb5\u0cb0\u0cb5\u0cc1 \u0caa\u0ccd\u0cb0\u0c9c\u0ccd\u0cb5\u0cb2\u0cbf\u0cb8\u0cc1\u0cb5\u0c82\u0ca4\u0cc6 \u0cae\u0cbe\u0ca1\u0cac\u0cc7\u0c95\u0cc6\u0c82\u0ca6\u0cc1 \u0ca8\u0cbf\u0ca8\u0c97\u0cc6 \u0c9c\u0ccd\u0c9e\u0cbe\u0caa\u0c95 \u0cae\u0cbe\u0ca1\u0cc1\u0ca4\u0ccd\u0ca4\u0cc7\u0ca8\u0cc6."},{"Verseid":"54000006","Verse":"\u0ca6\u0cc7\u0cb5\u0cb0\u0cc1 \u0ca8\u0cae\u0c97\u0cc6 \u0c95\u0cca\u0c9f\u0ccd\u0c9f\u0cbf\u0cb0\u0cc1\u0cb5 \u0c86\u0ca4\u0ccd\u0cae\u0cb5\u0cc1 \u0cac\u0cb2 \u0caa\u0ccd\u0cb0\u0cc0\u0ca4\u0cbf \u0cb8\u0ccd\u0cb5\u0cb8\u0ccd\u0ca5\u0cac\u0cc1\u0ca6\u0ccd\u0ca7\u0cbf\u0caf \u0c86\u0ca4\u0ccd\u0cae\u0cb5\u0cc7 \u0cb9\u0cca\u0cb0\u0ca4\u0cc1 \u0cad\u0caf\u0ca6 \u0c86\u0ca4\u0ccd\u0cae\u0cb5\u0cb2\u0ccd\u0cb2."},{"Verseid":"54000007","Verse":"\u0cb9\u0cc0\u0c97\u0cbf\u0cb0\u0cc1\u0cb5\u0ca6\u0cb0\u0cbf\u0c82\u0ca6 \u0ca8\u0cae\u0ccd\u0cae \u0c95\u0cb0\u0ccd\u0ca4\u0ca8 \u0cb8\u0cbe\u0c95\u0ccd\u0cb7\u0cbf\u0caf \u0cb5\u0cbf\u0cb7\u0caf\u0ca6\u0cb2\u0ccd\u0cb2\u0cbf\u0caf\u0cc2 \u0c86\u0ca4\u0ca8 \u0cb8\u0cc6\u0cb0\u0cc6\u0caf\u0cb5\u0ca8\u0cbe\u0ca6 \u0ca8\u0ca8\u0ccd\u0ca8 \u0cb5\u0cbf\u0cb7\u0caf\u0ca6\u0cb2\u0ccd\u0cb2\u0cbf\u0caf\u0cc2 \u0ca8\u0cc0\u0ca8\u0cc1 \u0ca8\u0cbe\u0c9a\u0cbf\u0c95\u0cc6\u0caa\u0ca1\u0ca6\u0cc6 \u0ca6\u0cc7\u0cb5\u0cb0 \u0cac\u0cb2\u0c95\u0ccd\u0c95\u0ca8\u0cc1 \u0cb8\u0cbe\u0cb0\u0cb5\u0cbe\u0c97\u0cbf \u0cb8\u0cc1\u0cb5\u0cbe\u0cb0\u0ccd\u0ca4\u0cc6\u0caf \u0ca8\u0cbf\u0cae\u0cbf\u0ca4\u0ccd\u0ca4 \u0c89\u0c82\u0c9f\u0cbe\u0c97\u0cc1\u0cb5 \u0cb6\u0ccd\u0cb0\u0cae\u0cc6\u0c97\u0cb3\u0cb2\u0ccd\u0cb2\u0cbf \u0caa\u0cbe\u0cb2\u0cc1\u0c97\u0cbe\u0cb0\u0ca8\u0cbe\u0c97\u0cbf\u0cb0\u0cc1."},{"Verseid":"54000008","Verse":"\u0c86\u0ca4\u0ca8\u0cc1 \u0ca8\u0cae\u0ccd\u0cae \u0c95\u0ccd\u0cb0\u0cbf\u0caf\u0cc6\u0c97\u0cb3\u0cbf\u0c97\u0ca8\u0cc1\u0cb8\u0cbe\u0cb0\u0cb5\u0cbe\u0c97\u0cbf \u0c85\u0cb2\u0ccd\u0cb2, \u0ca4\u0ca8\u0ccd\u0ca8 \u0cb8\u0ccd\u0cb5\u0c82\u0ca4 \u0cb8\u0c82\u0c95\u0cb2\u0ccd\u0caa \u0cae\u0ca4\u0ccd\u0ca4\u0cc1 \u0c95\u0cc3\u0caa\u0cc6\u0caf \u0caa\u0ccd\u0cb0\u0c95\u0cbe\u0cb0 \u0ca8\u0cae\u0ccd\u0cae\u0ca8\u0ccd\u0ca8\u0cc1 \u0cb0\u0c95\u0ccd\u0cb7\u0cbf\u0cb8\u0cbf \u0caa\u0cb0\u0cbf\u0cb6\u0cc1\u0ca6\u0ccd\u0ca7\u0cb5\u0cbe\u0ca6 \u0c95\u0cb0\u0cc6\u0caf\u0cbf\u0c82\u0ca6 \u0ca8\u0cae\u0ccd\u0cae\u0ca8\u0ccd\u0ca8\u0cc1 \u0c95\u0cb0\u0cc6\u0ca6\u0ca8\u0cc1. \u0c86\u0ca4\u0ca8\u0cc1 \u0c9c\u0c97\u0ca6\u0cc1\u0ca4\u0ccd\u0caa\u0ca4\u0ccd\u0ca4\u0cbf\u0c97\u0cc6 \u0cae\u0cc1\u0c82\u0c9a\u0cc6\u0caf\u0cc7 \u0c86 \u0c95\u0cc3\u0caa\u0cc6\u0caf\u0ca8\u0ccd\u0ca8\u0cc1 \u0c95\u0ccd\u0cb0\u0cbf\u0cb8\u0ccd\u0ca4 \u0caf\u0cc7\u0cb8\u0cc1\u0cb5\u0cbf\u0ca8\u0cb2\u0ccd\u0cb2\u0cbf \u0ca8\u0cae\u0c97\u0cc6 \u0c85\u0ca8\u0cc1\u0c97\u0ccd\u0cb0\u0cb9\u0cbf\u0cb8\u0cbf\u0ca6\u0ca8\u0cc1."},{"Verseid":"54000009","Verse":"\u0c88\u0c97 \u0ca8\u0cae\u0ccd\u0cae \u0cb0\u0c95\u0ccd\u0cb7\u0c95\u0ca8\u0cbe\u0ca6 \u0caf\u0cc7\u0cb8\u0cc1 \u0c95\u0ccd\u0cb0\u0cbf\u0cb8\u0ccd\u0ca4\u0ca8 \u0caa\u0ccd\u0cb0\u0ca4\u0ccd\u0caf\u0c95\u0ccd\u0cb7\u0ca4\u0cc6\u0caf \u0cae\u0cc2\u0cb2\u0c95 \u0c85\u0ca6\u0ca8\u0ccd\u0ca8\u0cc1 \u0caa\u0ccd\u0cb0\u0c95\u0cbe\u0cb6 \u0caa\u0ca1\u0cbf\u0cb8\u0cbf\u0ca6\u0ccd\u0ca6\u0cbe\u0ca8\u0cc6. \u0c88\u0ca4\u0ca8\u0cc1 \u0cae\u0cb0\u0ca3\u0cb5\u0ca8\u0ccd\u0ca8\u0cc1 \u0ca8\u0cbf\u0cb5\u0cc3\u0ca4\u0ccd\u0ca4\u0cbf \u0cae\u0cbe\u0ca1\u0cbf \u0cb8\u0cc1\u0cb5\u0cbe\u0cb0\u0ccd\u0ca4\u0cc6\u0caf \u0cae\u0cc2\u0cb2\u0c95 \u0c9c\u0cc0\u0cb5\u0cb5\u0ca8\u0ccd\u0ca8\u0cc2 \u0ca8\u0cbf\u0cb0\u0ccd\u0cb2\u0caf\u0ca4\u0ccd\u0cb5 \u0cb5\u0ca8\u0ccd\u0ca8\u0cc2 \u0caa\u0ccd\u0cb0\u0c95\u0cbe\u0cb6\u0c97\u0cca\u0cb3\u0cbf\u0cb8\u0cbf\u0ca6\u0ca8\u0cc1."},{"Verseid":"54000010","Verse":"\u0c85\u0ca6\u0c95\u0ccd\u0c95\u0ccb\u0cb8\u0ccd\u0c95\u0cb0 \u0ca8\u0cbe\u0ca8\u0cc1 \u0cb8\u0cbe\u0cb0\u0cc1\u0cb5\u0cb5\u0ca8\u0cbe\u0c97\u0cbf\u0caf\u0cc2 \u0c85\u0caa\u0cca\u0cb8\u0ccd\u0ca4\u0cb2\u0ca8\u0cbe\u0c97\u0cbf\u0caf\u0cc2 \u0c85\u0ca8\u0ccd\u0caf\u0c9c\u0ca8 \u0cb0\u0cbf\u0c97\u0cc6 \u0c89\u0caa\u0ca6\u0cc7\u0cb6\u0c95\u0ca8\u0cbe\u0c97\u0cbf\u0caf\u0cc2 \u0ca8\u0cc7\u0cae\u0cbf\u0cb8\u0cb2\u0ccd\u0caa\u0c9f\u0ccd\u0c9f\u0cc6\u0ca8\u0cc1."},{"Verseid":"54000011","Verse":"\u0c87\u0ca6\u0cb0 \u0ca8\u0cbf\u0cae\u0cbf\u0ca4\u0ccd\u0ca4\u0ca6\u0cbf\u0c82\u0ca6\u0cb2\u0cc7 \u0c88 \u0cb6\u0ccd\u0cb0\u0cae\u0cc6\u0c97\u0cb3\u0ca8\u0ccd\u0ca8\u0cc1 \u0c85\u0ca8\u0cc1\u0cad\u0cb5\u0cbf\u0cb8\u0cc1\u0ca4\u0ccd\u0ca4\u0cbe \u0c87\u0ca6\u0ccd\u0ca6\u0cc7\u0ca8\u0cc6; \u0c86\u0ca6\u0cb0\u0cc2 \u0ca8\u0cbe\u0ca8\u0cc1 \u0ca8\u0cbe\u0c9a\u0cbf\u0c95\u0cc6\u0caa\u0ca1\u0cc1\u0cb5\u0ca6\u0cbf\u0cb2\u0ccd\u0cb2; \u0caf\u0cbe\u0c95\u0c82 \u0ca6\u0cb0\u0cc6 \u0ca8\u0cbe\u0ca8\u0cc1 \u0ca8\u0c82\u0cac\u0cbf\u0cb0\u0cc1\u0cb5\u0cbe\u0ca4\u0ca8\u0ca8\u0ccd\u0ca8\u0cc1 \u0cac\u0cb2\u0ccd\u0cb2\u0cc6\u0ca8\u0cc1, \u0ca8\u0cbe\u0ca8\u0cc1 \u0c86\u0ca4\u0ca8\u0cbf\u0c97\u0cc6 \u0c92\u0caa\u0ccd\u0caa\u0cbf\u0cb8\u0cbf\u0ca6\u0ccd\u0ca6\u0ca8\u0ccd\u0ca8\u0cc1 \u0c86\u0ca4\u0ca8\u0cc1 \u0c86 \u0ca6\u0cbf\u0ca8\u0c95\u0ccd\u0c95\u0cbe\u0c97\u0cbf \u0c95\u0cbe\u0caa\u0cbe\u0ca1\u0cc1 \u0cb5\u0ca6\u0c95\u0ccd\u0c95\u0cc6 \u0cb6\u0c95\u0ccd\u0ca4\u0ca8\u0cbe\u0c97\u0cbf\u0ca6\u0ccd\u0ca6\u0cbe\u0ca8\u0cc6\u0c82\u0ca6\u0cc2 \u0ca6\u0cc3\u0ca2\u0cb5\u0cbe\u0c97\u0cbf \u0ca8\u0c82\u0cac\u0cbf\u0ca6\u0ccd\u0ca6\u0cc7\u0ca8\u0cc6."},{"Verseid":"54000012","Verse":"\u0ca8\u0cc0\u0ca8\u0cc1 \u0c95\u0ccd\u0cb0\u0cbf\u0cb8\u0ccd\u0ca4 \u0caf\u0cc7\u0cb8\u0cc1\u0cb5\u0cbf\u0ca8\u0cb2\u0ccd\u0cb2\u0cbf \u0ca8\u0c82\u0cac\u0cbf\u0c95\u0cc6\u0caf\u0cc2 \u0caa\u0ccd\u0cb0\u0cc0\u0ca4\u0cbf\u0caf\u0cc2 \u0c89\u0cb3\u0ccd\u0cb3\u0cb5\u0ca8\u0cbe\u0c97\u0cbf \u0ca8\u0ca8\u0ccd\u0ca8\u0cbf\u0c82\u0ca6 \u0c95\u0cc7\u0cb3\u0cbf\u0ca6 \u0cb8\u0ccd\u0cb5\u0cb8\u0ccd\u0ca5 \u0cb5\u0cbe\u0c95\u0ccd\u0caf\u0c97\u0cb3 \u0c95\u0ccd\u0cb0\u0cae\u0cb5\u0ca8\u0ccd\u0ca8\u0cc1 \u0cac\u0cbf\u0c97\u0cbf\u0caf\u0cbe\u0c97\u0cbf \u0cb9\u0cbf\u0ca1\u0cbf\u0ca6\u0cc1\u0c95\u0ccb."},{"Verseid":"54000013","Verse":"\u0ca8\u0cae\u0ccd\u0cae\u0cb2\u0ccd\u0cb2\u0cbf \u0cb5\u0cbe\u0cb8\u0cb5\u0cbe\u0c97\u0cbf\u0cb0\u0cc1\u0cb5 \u0caa\u0cb5\u0cbf\u0ca4\u0ccd\u0cb0\u0cbe\u0ca4\u0ccd\u0cae\u0ca8 \u0cae\u0cc2\u0cb2\u0c95 \u0ca8\u0cbf\u0ca8\u0c97\u0cc6 \u0c92\u0caa\u0ccd\u0caa\u0cbf\u0cb8\u0cb2\u0ccd\u0caa\u0c9f\u0ccd\u0c9f \u0c86 \u0c92\u0cb3\u0ccd\u0cb3\u0cc7\u0ca6\u0ca8\u0ccd\u0ca8\u0cc1 \u0ca8\u0cc0\u0ca8\u0cc1 \u0c95\u0cbe\u0caa\u0cbe\u0ca1\u0cc1."},{"Verseid":"54000014","Verse":"\u0c86\u0cb8\u0ccd\u0caf \u0cb8\u0cc0\u0cae\u0cc6\u0caf\u0cb2\u0ccd\u0cb2\u0cbf\u0cb0\u0cc1\u0cb5\u0cb5\u0cb0\u0cc6\u0cb2\u0ccd\u0cb2\u0cb0\u0cc2 \u0ca8\u0ca8\u0ccd\u0ca8\u0ca8\u0ccd\u0ca8\u0cc1 \u0cac\u0cbf\u0c9f\u0ccd\u0c9f\u0cc1 \u0cb9\u0ccb\u0ca6\u0cb0\u0cc6\u0c82\u0cac\u0ca6\u0ca8\u0ccd\u0ca8\u0cc1 \u0ca8\u0cc0\u0ca8\u0cc1 \u0cac\u0cb2\u0ccd\u0cb2\u0cc6; \u0c85\u0cb5\u0cb0\u0cb2\u0ccd\u0cb2\u0cbf \u0cab\u0cc1\u0c97\u0cc7\u0cb2\u0ca8\u0cc2 \u0cb9\u0cc6\u0cb0\u0ccd\u0cae\u0cca\u0c97\u0cc7\u0ca8\u0ca8\u0cc2 \u0cb8\u0cc7\u0cb0\u0cbf\u0ca6\u0ccd\u0ca6\u0cbe\u0cb0\u0cc6."},{"Verseid":"54000015","Verse":"\u0c92\u0ca8\u0cc7\u0cb8\u0cbf\u0cab\u0cca\u0cb0\u0ca8 \u0cae\u0ca8\u0cc6\u0caf\u0cb5\u0cb0\u0cbf\u0c97\u0cc6 \u0c95\u0cb0\u0ccd\u0ca4\u0ca8\u0cc1 \u0c95\u0cb0\u0cc1\u0ca3\u0cc6\u0caf\u0ca8\u0ccd\u0ca8\u0cc1 \u0ca4\u0ccb\u0cb0\u0cbf\u0cb8\u0cb2\u0cbf. \u0caf\u0cbe\u0c95\u0c82\u0ca6\u0cb0\u0cc6 \u0c85\u0cb5\u0ca8\u0cc1 \u0c85\u0ca8\u0cc7\u0c95\u0cbe \u0cb5\u0cb0\u0ccd\u0ca4\u0cbf \u0ca8\u0ca8\u0ccd\u0ca8\u0ca8\u0ccd\u0ca8\u0cc1 \u0c89\u0ca4\u0ccd\u0ca4\u0cc7\u0c9c\u0ca8 \u0caa\u0ca1\u0cbf\u0cb8\u0cbf\u0ca6\u0ca8\u0cc1. \u0ca8\u0ca8\u0ccd\u0ca8 \u0cac\u0cc7\u0ca1\u0cbf\u0c97\u0cb3\u0cbf\u0c97\u0cc6 \u0ca8\u0cbe\u0c9a\u0cbf\u0c95\u0cc6\u0caa\u0ca1\u0cb2\u0cbf\u0cb2\u0ccd\u0cb2."},{"Verseid":"54000016","Verse":"\u0c86\u0ca6\u0cb0\u0cc6 \u0c85\u0cb5\u0ca8\u0cc1 \u0cb0\u0ccb\u0cae\u0ccd\u200c\u0ca8\u0cb2\u0ccd\u0cb2\u0cbf \u0ca6\u0ccd\u0ca6\u0cbe\u0c97 \u0cac\u0cb9\u0cb3 \u0cb6\u0ccd\u0cb0\u0ca6\u0ccd\u0ca7\u0cc6\u0caf\u0cbf\u0c82\u0ca6 \u0ca8\u0ca8\u0ccd\u0ca8\u0ca8\u0ccd\u0ca8\u0cc1 \u0cb9\u0cc1\u0ca1\u0cc1\u0c95\u0cbf \u0c95\u0c82\u0ca1\u0cc1 \u0c95\u0cca\u0c82\u0ca1\u0ca8\u0cc1."},{"Verseid":"54000017","Verse":"\u0c85\u0cb5\u0ca8\u0cc1 \u0c86 \u0ca6\u0cbf\u0ca8\u0ca6\u0cb2\u0ccd\u0cb2\u0cbf \u0c95\u0cb0\u0ccd\u0ca4\u0ca8 \u0c95\u0cb0\u0cc1\u0ca3\u0cc6 \u0caf\u0ca8\u0ccd\u0ca8\u0cc1 \u0c95\u0c82\u0ca1\u0cc1\u0c95\u0cca\u0cb3\u0ccd\u0cb3\u0cc1\u0cb5\u0c82\u0ca4\u0cc6 \u0c95\u0cb0\u0ccd\u0ca4\u0ca8\u0cc1 \u0c85\u0cb5\u0ca8\u0cbf\u0c97\u0cc6 \u0ca6\u0caf \u0caa\u0cbe\u0cb2\u0cbf\u0cb8\u0cb2\u0cbf. \u0c8e\u0cab\u0cc6\u0cb8\u0ca6\u0cb2\u0ccd\u0cb2\u0cbf \u0ca8\u0ca8\u0c97\u0cc6 \u0c8e\u0cb7\u0ccd\u0c9f\u0ccb \u0c89\u0caa\u0c9a\u0cbe\u0cb0 \u0cae\u0cbe\u0ca1\u0cbf\u0ca6\u0ca8\u0cc6\u0c82\u0cac\u0ca6\u0cc1 \u0ca8\u0cbf\u0ca8\u0c97\u0cc6 \u0c9a\u0cc6\u0ca8\u0ccd\u0ca8\u0cbe\u0c97\u0cbf \u0c97\u0cca\u0ca4\u0ccd\u0ca4\u0cbf\u0ca6\u0cc6."}]},{"Verse":[{"Verseid":"54001000","Verse":"\u0c86\u0ca6\u0ca6\u0cb0\u0cbf\u0c82\u0ca6 \u0ca8\u0ca8\u0ccd\u0ca8 \u0cae\u0c97\u0ca8\u0cc7, \u0ca8\u0cc0\u0ca8\u0cc1 \u0c95\u0ccd\u0cb0\u0cbf\u0cb8\u0ccd\u0ca4 \u0caf\u0cc7\u0cb8\u0cc1\u0cb5\u0cbf\u0ca8\u0cb2\u0ccd\u0cb2\u0cbf\u0cb0\u0cc1\u0cb5 \u0c95\u0cc3\u0caa\u0cc6\u0caf\u0cb2\u0ccd\u0cb2\u0cbf \u0cac\u0cb2 \u0cb5\u0cbe\u0c97\u0cbf\u0cb0\u0cc1."},{"Verseid":"54001001","Verse":"\u0c85\u0ca8\u0cc7\u0c95 \u0cb8\u0cbe\u0c95\u0ccd\u0cb7\u0cbf\u0c97\u0cb3 \u0cae\u0cc1\u0c82\u0ca6\u0cc6 \u0ca8\u0cc0\u0ca8\u0cc1 \u0ca8\u0ca8\u0ccd\u0ca8\u0cbf\u0c82\u0ca6 \u0c95\u0cc7\u0cb3\u0cbf\u0ca6\u0cb5\u0cc1\u0c97\u0cb3\u0ca8\u0ccd\u0ca8\u0cc7 \u0c87\u0ca4\u0cb0\u0cb0\u0cbf\u0c97\u0cc6 \u0cb8\u0cb9 \u0cac\u0ccb\u0ca7\u0cbf\u0cb8 \u0cb6\u0c95\u0ccd\u0ca4\u0cb0\u0cbe\u0ca6 \u0ca8\u0c82\u0cac\u0cbf\u0c97\u0cb8\u0ccd\u0ca4 \u0cae\u0ca8\u0cc1\u0cb7\u0ccd\u0caf\u0cb0\u0cbf\u0c97\u0cc6 \u0c92\u0caa\u0ccd\u0caa\u0cbf\u0cb8\u0cbf\u0c95\u0cca\u0ca1\u0cc1."},{"Verseid":"54001002","Verse":"\u0c86\u0ca6\u0ca6\u0cb0\u0cbf\u0c82\u0ca6 \u0ca8\u0cc0\u0ca8\u0cc1 \u0caf\u0cc7\u0cb8\u0cc1 \u0c95\u0ccd\u0cb0\u0cbf\u0cb8\u0ccd\u0ca4\u0ca8 \u0c92\u0cb3\u0ccd\u0cb3\u0cc7 \u0cb8\u0cc8\u0ca8\u0cbf\u0c95\u0ca8\u0c82\u0ca4\u0cc6 \u0cb6\u0ccd\u0cb0\u0cae\u0cc6\u0caf\u0ca8\u0ccd\u0ca8 \u0ca8\u0cc1\u0cad\u0cb5\u0cbf\u0cb8\u0cc1."},{"Verseid":"54001003","Verse":"\u0caf\u0cc1\u0ca6\u0ccd\u0ca7\u0c95\u0ccd\u0c95\u0cc6 \u0cb9\u0ccb\u0c97\u0cc1\u0cb5\u0cb5\u0ca8\u0cc1 \u0c88 \u0c9c\u0cc0\u0cb5\u0ca8\u0ca6 \u0cb5\u0ccd\u0caf\u0cb5\u0cb9\u0cbe\u0cb0\u0c97\u0cb3\u0cb2\u0ccd\u0cb2\u0cbf \u0cb8\u0cbf\u0c95\u0ccd\u0c95\u0cbf\u0c95\u0cca\u0cb3\u0ccd\u0cb3\u0ca6\u0cc6 \u0ca4\u0ca8\u0ccd\u0ca8\u0ca8\u0ccd\u0ca8\u0cc1 \u0cb8\u0cc8\u0ca8\u0cbf\u0c95\u0ca8\u0ca8\u0ccd\u0ca8\u0cbe\u0c97\u0cbf \u0c86\u0cb0\u0cbf\u0cb8\u0cbf\u0c95\u0cca\u0c82\u0ca1\u0cb5\u0ca8\u0ca8\u0ccd\u0ca8\u0cc1 \u0cae\u0cc6\u0c9a\u0ccd\u0c9a\u0cbf\u0cb8\u0cc1\u0cb5\u0ca6\u0c95\u0ccd\u0c95\u0cc6 \u0caa\u0ccd\u0cb0\u0caf\u0cbe\u0cb8\u0caa\u0ca1\u0cc1 \u0ca4\u0ccd\u0ca4\u0cbe\u0ca8\u0cc6."},{"Verseid":"54001004","Verse":"\u0c87\u0ca6\u0cb2\u0ccd\u0cb2\u0ca6\u0cc6 \u0caf\u0cbe\u0cb5\u0ca8\u0cbe\u0ca6\u0cb0\u0cc2 \u0caa\u0ccd\u0cb0\u0cb5\u0cc0\u0ca3\u0ca4\u0cc6\u0c97\u0cbe\u0c97\u0cbf \u0cb9\u0ccb\u0cb0\u0cbe\u0ca1\u0cc1\u0cb5\u0cbe\u0c97 \u0ca8\u0cbf\u0caf\u0cae\u0ca6 \u0caa\u0ccd\u0cb0\u0c95\u0cbe\u0cb0 \u0cb9\u0ccb\u0cb0\u0cbe\u0ca1 \u0ca6\u0cbf\u0ca6\u0ccd\u0ca6\u0cb0\u0cc6 \u0c85\u0cb5\u0ca8\u0cbf\u0c97\u0cc6 \u0c95\u0cbf\u0cb0\u0cc0\u0c9f \u0ca6\u0cca\u0cb0\u0cc6\u0caf\u0cc1\u0cb5\u0ca6\u0cbf\u0cb2\u0ccd\u0cb2."},{"Verseid":"54001005","Verse":"\u0caa\u0ccd\u0cb0\u0caf\u0cbe\u0cb8 \u0caa\u0ca1\u0cc1\u0cb5 \u0cb5\u0ccd\u0caf\u0cb5\u0cb8\u0cbe\u0caf\u0c97\u0cbe\u0cb0\u0ca8\u0cc1 \u0cab\u0cb2\u0c97\u0cb3\u0cb2\u0ccd\u0cb2\u0cbf \u0cae\u0cca\u0ca6\u0cb2\u0ca8\u0cc6\u0caf \u0ca6\u0cbe\u0c97\u0cbf \u0caa\u0cbe\u0cb2\u0cc1\u0c97\u0cbe\u0cb0\u0ca8\u0cbe\u0c97\u0cbf\u0cb0\u0ca4\u0c95\u0ccd\u0c95\u0ca6\u0ccd\u0ca6\u0cc1."},{"Verseid":"54001006","Verse":"\u0ca8\u0cbe\u0ca8\u0cc1 \u0cb9\u0cc7\u0cb3\u0cc1\u0cb5 \u0ca6\u0ca8\u0ccd\u0ca8\u0cc1 \u0caf\u0ccb\u0c9a\u0cbf\u0cb8\u0cc1; \u0c95\u0cb0\u0ccd\u0ca4\u0ca8\u0cc1 \u0c8e\u0cb2\u0ccd\u0cb2\u0cbe\u0ca6\u0cb0\u0cb2\u0ccd\u0cb2\u0cc2 \u0ca8\u0cbf\u0ca8\u0c97\u0cc6 \u0cb5\u0cbf\u0cb5\u0cc7\u0c95\u0cb5\u0ca8\u0ccd\u0ca8\u0cc1 \u0ca6\u0caf\u0cbe\u0caa\u0cbe\u0cb2\u0cbf\u0cb8\u0cb2\u0cbf."},{"Verseid":"54001007","Verse":"\u0ca8\u0ca8\u0ccd\u0ca8 \u0cb8\u0cc1\u0cb5\u0cbe\u0cb0\u0ccd\u0ca4\u0cc6\u0c97\u0ca8\u0cc1 \u0cb8\u0cbe\u0cb0\u0cb5\u0cbe\u0c97\u0cbf \u0ca6\u0cbe\u0cb5\u0cc0\u0ca6\u0ca8 \u0cb5\u0c82\u0cb6\u0ca6\u0cb5\u0ca8\u0cbe\u0c97\u0cbf\u0cb0\u0cc1\u0cb5 \u0caf\u0cc7\u0cb8\u0cc1 \u0c95\u0ccd\u0cb0\u0cbf\u0cb8\u0ccd\u0ca4\u0ca8\u0cc1 \u0cb8\u0ca4\u0ccd\u0ca4\u0cb5\u0cb0\u0cca\u0cb3\u0c97\u0cbf\u0c82\u0ca6 \u0c8e\u0cac\u0ccd\u0cac\u0cbf\u0cb8\u0cb2\u0ccd\u0caa\u0c9f\u0ccd\u0c9f\u0cb5\u0ca8\u0cc6\u0c82\u0ca6\u0cc1 \u0c9c\u0ccd\u0c9e\u0cbe\u0caa\u0c95 \u0cae\u0cbe\u0ca1\u0cbf\u0c95\u0ccb."},{"Verseid":"54001008","Verse":"\u0c87\u0ca6\u0cb0\u0cb2\u0ccd\u0cb2\u0cbf \u0ca8\u0cbe\u0ca8\u0cc1 \u0c95\u0cb7\u0ccd\u0c9f\u0cb5\u0ca8\u0ccd\u0ca8\u0ca8\u0cc1\u0cad\u0cb5\u0cbf\u0cb8\u0cbf \u0ca6\u0cc1\u0cb7\u0ccd\u0c95\u0cb0\u0ccd\u0cae\u0cbf\u0caf\u0c82\u0ca4\u0cc6 \u0cb8\u0c82\u0c95\u0ccb\u0cb2\u0cc6\u0caf\u0cbf\u0c82\u0ca6 \u0c95\u0c9f\u0ccd\u0c9f\u0cb2\u0ccd\u0caa\u0c9f\u0ccd\u0c9f\u0cb5\u0ca8\u0cbe \u0c97\u0cbf\u0ca6\u0ccd\u0ca6\u0cc7\u0ca8\u0cc6; \u0c86\u0ca6\u0cb0\u0cc6 \u0ca6\u0cc7\u0cb5\u0cb0 \u0cb5\u0cbe\u0c95\u0ccd\u0caf\u0c95\u0ccd\u0c95\u0cc6 \u0cac\u0c82\u0ca7\u0ca8\u0cb5\u0cbf\u0cb2\u0ccd\u0cb2."},{"Verseid":"54001009","Verse":"\u0c86\u0ca6 \u0c95\u0cbe\u0cb0\u0ca3 (\u0ca6\u0cc7\u0cb5\u0cb0\u0cc1) \u0c86\u0cb0\u0cbf\u0cb8\u0cbf\u0c95\u0cca\u0c82\u0ca1\u0cb5\u0cb0\u0cc1 \u0cb8\u0cb9 \u0c95\u0ccd\u0cb0\u0cbf\u0cb8\u0ccd\u0ca4 \u0caf\u0cc7\u0cb8\u0cc1\u0cb5\u0cbf\u0ca8\u0cb2\u0ccd\u0cb2\u0cbf\u0cb0\u0cc1\u0cb5 \u0cb0\u0c95\u0ccd\u0cb7\u0ca3\u0cc6\u0caf\u0ca8\u0ccd\u0ca8\u0cc1 \u0ca8\u0cbf\u0ca4\u0ccd\u0caf\u0caa\u0ccd\u0cb0\u0cad\u0cbe\u0cb5 \u0cb8\u0cb9\u0cbf\u0ca4\u0cb5\u0cbe\u0c97\u0cbf \u0cb9\u0cca\u0c82\u0ca6\u0cac\u0cc7\u0c95\u0cc6\u0c82\u0ca6\u0cc1 \u0ca8\u0cbe\u0ca8\u0cc1 \u0c85\u0cb5\u0cb0\u0cbf\u0c97\u0ccb\u0cb8\u0ccd\u0c95\u0cb0 \u0c8e\u0cb2\u0ccd\u0cb2\u0cb5\u0ca8\u0ccd\u0ca8\u0cc2 \u0ca4\u0cbe\u0cb3\u0cbf\u0c95\u0cca\u0cb3\u0ccd\u0cb3\u0cc1\u0ca4\u0ccd\u0ca4\u0cc7\u0ca8\u0cc6."},{"Verseid":"54001010","Verse":"\u0c87\u0ca6\u0cc1 \u0ca8\u0c82\u0cac\u0ca4\u0c95\u0ccd\u0c95 \u0ca6\u0ccd\u0ca6\u0cbe\u0c97\u0cbf\u0ca6\u0cc6, \u0c8f\u0ca8\u0cc6\u0c82\u0ca6\u0cb0\u0cc6--\u0ca8\u0cbe\u0cb5\u0cc1 \u0c86\u0ca4\u0ca8\u0cca\u0ca1\u0ca8\u0cc6 \u0cb8\u0ca4\u0ccd\u0ca4\u0cbf\u0ca6\u0ccd\u0ca6\u0cb0\u0cc6 \u0c86\u0ca4\u0ca8\u0cca\u0ca1\u0ca8\u0cc6 \u0ca8\u0cbe\u0cb5\u0cc1 \u0cb8\u0cb9 \u0c9c\u0cc0\u0cb5\u0cbf\u0cb8\u0cc1\u0cb5\u0cc6\u0cb5\u0cc1."},{"Verseid":"54001011","Verse":"\u0ca8\u0cbe\u0cb5\u0cc1 \u0cac\u0cbe\u0ca7\u0cc6\u0caa\u0ca1\u0cc1\u0cb5\u0cb5\u0cb0\u0cbe\u0c97\u0cbf\u0ca6\u0ccd\u0ca6\u0cb0\u0cc6 \u0c86\u0ca4\u0ca8\u0cca\u0c82\u0ca6\u0cbf\u0c97\u0cc6 \u0ca8\u0cbe\u0cb5\u0cc1 \u0cb8\u0cb9 \u0c86\u0cb3\u0cc1\u0cb5\u0cc6\u0cb5\u0cc1; \u0c86\u0ca4\u0ca8\u0ca8\u0ccd\u0ca8\u0cc1 \u0c85\u0cb2\u0ccd\u0cb2\u0c97\u0cb3\u0cc6\u0ca6\u0cb0\u0cc6 \u0c86\u0ca4\u0ca8\u0cc1 \u0cb8\u0cb9 \u0ca8\u0cae\u0ccd\u0cae\u0ca8\u0ccd\u0ca8\u0cc1 \u0c85\u0cb2\u0ccd\u0cb2\u0c97\u0cb3\u0cc6\u0caf\u0cc1\u0cb5\u0ca8\u0cc1."},{"Verseid":"54001012","Verse":"\u0ca8\u0cbe\u0cb5\u0cc1 \u0c85\u0caa\u0ca8\u0c82\u0cac\u0cbf\u0c95\u0cc6 \u0caf\u0cc1\u0cb3\u0ccd\u0cb3\u0cb5\u0cb0\u0cbe\u0c97\u0cbf\u0ca6\u0ccd\u0ca6\u0cb0\u0cc2 \u0c86\u0ca4\u0ca8\u0cc1 \u0ca8\u0c82\u0cac\u0cbf\u0c97\u0cb8\u0ccd\u0ca4\u0ca8\u0cbe\u0c97\u0cbf\u0caf\u0cc7 \u0c87\u0cb0\u0cc1\u0cb5\u0ca8\u0cc1; \u0c86\u0ca4\u0ca8\u0cc1 \u0ca4\u0ca8\u0ccd\u0ca8\u0ca8\u0ccd\u0ca8\u0cc1 \u0ca4\u0cbe\u0ca8\u0cc1 \u0c85\u0cb2\u0ccd\u0cb2\u0c97\u0cb3\u0cc6\u0caf\u0cb2\u0cbe\u0cb0\u0ca8\u0cc1."},{"Verseid":"54001013","Verse":"\u0c88 \u0cb5\u0cbf\u0cb7\u0caf\u0c97\u0cb3\u0ca8\u0ccd\u0ca8\u0cc1 \u0c85\u0cb5\u0cb0 \u0c9c\u0ccd\u0c9e\u0cbe\u0caa\u0c95\u0c95\u0ccd\u0c95\u0cc6 \u0ca4\u0cb0\u0cac\u0cc7\u0c95\u0cc1. \u0c95\u0cc7\u0cb3\u0cc1\u0cb5\u0cb5\u0cb0\u0cbf\u0c97\u0cc6 \u0c95\u0cc7\u0ca1\u0ca8\u0ccd\u0ca8\u0cc1\u0c82\u0c9f\u0cc1\u0cae\u0cbe\u0ca1\u0cc1\u0cb5\u0ca6\u0cc7 \u0cb9\u0cca\u0cb0\u0ca4\u0cc1 \u0caf\u0cbe\u0cb5 \u0caa\u0ccd\u0cb0\u0caf\u0ccb\u0c9c\u0ca8\u0c95\u0ccd\u0c95\u0cc2\u0cac\u0cbe\u0cb0\u0ca6 \u0cb5\u0cbe\u0c97\u0ccd\u0cb5\u0cbe\u0ca6\u0c97\u0cb3\u0ca8\u0ccd\u0ca8\u0cc1 \u0cae\u0cbe\u0ca1\u0cac\u0cbe\u0cb0\u0ca6\u0cc6\u0c82\u0ca6\u0cc1 \u0c85\u0cb5\u0cb0\u0cbf\u0c97\u0cc6 \u0c95\u0cb0\u0ccd\u0ca4\u0ca8 \u0cae\u0cc1\u0c82\u0ca6\u0cc6 \u0c96\u0c82\u0ca1\u0cbf\u0ca4 \u0cb5\u0cbe\u0c97\u0cbf \u0cb9\u0cc7\u0cb3\u0cc1."},{"Verseid":"54001014","Verse":"\u0ca8\u0cc0\u0ca8\u0cc1 \u0ca6\u0cc7\u0cb5\u0cb0\u0cbf\u0c97\u0cc6 \u0caf\u0ccb\u0c97\u0ccd\u0caf\u0ca8\u0cbe\u0c97\u0cbf \u0c95\u0cbe\u0ca3\u0cbf\u0cb8\u0cbf\u0c95\u0cca\u0cb3\u0ccd\u0cb3\u0cc1\u0cb5\u0ca6\u0c95\u0ccd\u0c95\u0cc6 \u0c85\u0cad\u0ccd\u0caf\u0cbe\u0cb8\u0cbf\u0cb8\u0cc1. \u0c85\u0cb5\u0cae\u0cbe\u0ca8\u0c95\u0ccd\u0c95\u0cc6 \u0c97\u0cc1\u0cb0\u0cbf \u0caf\u0cbe\u0c97\u0ca6 \u0c95\u0cc6\u0cb2\u0cb8\u0ca6\u0cb5\u0ca8\u0cc2 \u0cb8\u0ca4\u0ccd\u0caf\u0cb5\u0cbe\u0c95\u0ccd\u0caf\u0cb5\u0ca8\u0ccd\u0ca8\u0cc1 \u0cb8\u0cb0\u0cbf\u0caf\u0cbe\u0c97\u0cbf \u0cb5\u0cbf\u0cad\u0cbe\u0c97\u0cbf\u0cb8\u0cc1\u0cb5\u0cb5\u0ca8\u0cc2 \u0c86\u0c97\u0cbf\u0cb0\u0cc1."},{"Verseid":"54001015","Verse":"\u0c86\u0ca6\u0cb0\u0cc6 \u0c85\u0cb6\u0cc1\u0ca6\u0ccd\u0ca7\u0cb5\u0cbe\u0ca6 \u0cb9\u0cb0\u0c9f\u0cc6\u0cae\u0cbe\u0ca4\u0cc1\u0c97\u0cb3\u0ca8\u0ccd\u0ca8\u0cc1 \u0ca8\u0cbf\u0cb0\u0cbe\u0c95\u0cb0\u0cbf\u0cb8\u0cc1; \u0c85\u0cb5\u0cc1\u0c97\u0cb3\u0cbf\u0c82\u0ca6 \u0cb9\u0cc6\u0c9a\u0ccd\u0c9a\u0cc6\u0c9a\u0ccd\u0c9a\u0cbe\u0c97\u0cbf \u0cad\u0c95\u0ccd\u0ca4\u0cbf\u0cb9\u0cc0\u0ca8\u0ca4\u0cc6\u0caf\u0cc1 \u0c89\u0c82\u0c9f\u0cbe\u0c97\u0cc1\u0cb5\u0ca6\u0cc1."},{"Verseid":"54001016","Verse":"\u0c85\u0cb5\u0cb0 \u0cae\u0cbe\u0ca4\u0cc1 \u0cb5\u0ccd\u0cb0\u0ca3\u0cb5\u0ccd\u0caf\u0cbe\u0ca7\u0cbf\u0caf\u0c82\u0ca4\u0cc6 \u0ca4\u0cbf\u0ca8\u0ccd\u0ca8\u0cc1\u0cb5\u0ca6\u0cc1; \u0c85\u0cb5\u0cb0\u0cb2\u0ccd\u0cb2\u0cbf \u0cb9\u0cc1\u0cae\u0cc6\u0ca8\u0cbe\u0caf\u0ca8\u0cc2 \u0caa\u0cbf\u0cb2\u0cc7\u0ca4\u0ca8\u0cc2 \u0c87\u0ca6\u0ccd\u0ca6\u0cbe\u0cb0\u0cc6;"},{"Verseid":"54001017","Verse":"\u0c85\u0cb5\u0cb0\u0cc1 \u0caa\u0cc1\u0ca8\u0cb0\u0cc1\u0ca4\u0ccd\u0ca5\u0cbe\u0ca8\u0cb5\u0cc1 \u0c86\u0c97\u0cb2\u0cc7 \u0c86\u0c97\u0cbf\u0cb9\u0ccb\u0caf\u0cbf \u0ca4\u0cc6\u0c82\u0ca6\u0cc1 \u0cb9\u0cc7\u0cb3\u0cc1\u0ca4\u0ccd\u0ca4\u0cbe \u0cb8\u0ca4\u0ccd\u0caf\u0cad\u0ccd\u0cb0\u0cb7\u0ccd\u0ca0\u0cb0\u0cbe\u0c97\u0cbf \u0c95\u0cc6\u0cb2\u0cb5\u0cb0 \u0ca8\u0c82\u0cac\u0cbf\u0c95\u0cc6 \u0caf\u0ca8\u0ccd\u0ca8\u0cc1 \u0c95\u0cc6\u0ca1\u0cbf\u0cb8\u0cc1\u0cb5\u0cb5\u0cb0\u0cbe\u0c97\u0cbf\u0ca6\u0ccd\u0ca6\u0cbe\u0cb0\u0cc6."},{"Verseid":"54001018","Verse":"\u0c86\u0ca6\u0cb0\u0cc2 \u0ca6\u0cc7\u0cb5\u0cb0 \u0c85\u0cb8\u0ccd\u0ca4\u0cbf\u0cb5\u0cbe\u0cb0\u0cb5\u0cc1 \u0c96\u0c82\u0ca1\u0cbf\u0ca4\u0cb5\u0cbe\u0c97\u0cbf \u0ca8\u0cbf\u0cb2\u0ccd\u0cb2\u0cc1\u0ca4\u0ccd\u0ca4\u0ca6\u0cc6. \u0c85\u0ca6\u0cb0 \u0cae\u0cc7\u0cb2\u0cc6--\u0ca4\u0ca8\u0ccd\u0ca8\u0cb5\u0cb0\u0cc1 \u0caf\u0cbe\u0cb0\u0cbe\u0cb0\u0cc6\u0c82\u0cac\u0ca6\u0ca8\u0ccd\u0ca8\u0cc1 \u0c95\u0cb0\u0ccd\u0ca4\u0ca8\u0cc1 \u0ca4\u0cbf\u0cb3\u0cbf\u0ca6\u0cbf\u0ca6\u0ccd\u0ca6\u0cbe\u0ca8\u0cc6\u0c82\u0ca4\u0cb2\u0cc2 \u0cae\u0ca4\u0ccd\u0ca4\u0cc1 \u0c95\u0ccd\u0cb0\u0cbf\u0cb8\u0ccd\u0ca4\u0ca8 \u0ca8\u0cbe\u0cae\u0cb5\u0ca8\u0ccd\u0ca8\u0cc1 \u0cb9\u0cc7\u0cb3\u0cbf\u0c95\u0cca\u0cb3\u0ccd\u0cb3\u0cc1\u0cb5\u0cb5\u0cb0\u0cc6\u0cb2\u0ccd\u0cb2\u0cb0\u0cc1 \u0ca6\u0cc1\u0cb7\u0ccd\u0c9f\u0ca4\u0ccd\u0cb5\u0cb5\u0ca8\u0ccd\u0ca8\u0cc1 \u0cac\u0cbf\u0c9f\u0ccd\u0c9f\u0cc1\u0cac\u0cbf\u0ca1 \u0cac\u0cc7\u0c95\u0cc6\u0c82\u0ca4\u0cb2\u0cc2 \u0cae\u0cc1\u0ca6\u0ccd\u0cb0\u0cc6 \u0c89\u0c82\u0c9f\u0cc1."},{"Verseid":"54001019","Verse":"\u0ca6\u0cca\u0ca1\u0ccd\u0ca1 \u0cae\u0ca8\u0cc6\u0caf\u0cb2\u0ccd\u0cb2\u0cbf \u0cac\u0cc6\u0cb3\u0ccd\u0cb3\u0cbf \u0cac\u0c82\u0c97\u0cbe\u0cb0\u0ca6 \u0caa\u0cbe\u0ca4\u0ccd\u0cb0\u0cc6\u0c97\u0cb3\u0cb2\u0ccd\u0cb2\u0ca6\u0cc6 \u0cae\u0cb0\u0ca6 \u0caa\u0cbe\u0ca4\u0ccd\u0cb0\u0cc6\u0c97\u0cb3\u0cc2 \u0cae\u0ca3\u0ccd\u0ca3\u0cbf\u0ca8 \u0caa\u0cbe\u0ca4\u0ccd\u0cb0\u0cc6\u0c97\u0cb3\u0cc2 \u0c87\u0cb0\u0cc1\u0ca4\u0ccd\u0ca4\u0cb5\u0cc6; \u0c95\u0cc6\u0cb2\u0cb5\u0cc1 \u0c97\u0ccc\u0cb0\u0cb5\u0c95\u0ccd\u0c95\u0cc2 \u0c95\u0cc6\u0cb2\u0cb5\u0cc1 \u0c85\u0c97\u0ccc\u0cb0\u0cb5\u0c95\u0ccd\u0c95\u0cc2 \u0c87\u0cb0\u0cc1\u0ca4\u0ccd\u0ca4\u0cb5\u0cc6."},{"Verseid":"54001020","Verse":"\u0c92\u0cac\u0ccd\u0cac\u0ca8\u0cc1 \u0ca4\u0ca8\u0ccd\u0ca8\u0ca8\u0ccd\u0ca8\u0cc1 \u0c87\u0c82\u0ca5\u0cb5\u0cc1\u0c97\u0cb3\u0cbf\u0c82\u0ca6 \u0cb6\u0cc1\u0ca6\u0ccd\u0ca7\u0caa\u0ca1\u0cbf\u0cb8\u0cbf\u0c95\u0cca\u0c82\u0ca1\u0cb0\u0cc6 \u0c85\u0cb5\u0ca8\u0cc1 \u0caa\u0ccd\u0cb0\u0ca4\u0cbf\u0cb7\u0ccd\u0ca0\u0cbf\u0ca4\u0ca8\u0cc2 \u0caf\u0c9c\u0cae\u0cbe\u0ca8\u0ca8 \u0cac\u0cb3\u0cbf\u0c95\u0cc6\u0c97\u0cc6 \u0caf\u0ccb\u0c97\u0ccd\u0caf\u0ca8\u0cc2 \u0cb8\u0c95\u0cb2\u0cb8\u0ca4\u0ccd\u0c95\u0cbe\u0cb0\u0ccd\u0caf\u0c95\u0ccd\u0c95\u0cc6 \u0cb8\u0cbf\u0ca6\u0ccd\u0ca7\u0ca8\u0cc2 \u0c86\u0c97\u0cbf\u0ca6\u0ccd\u0ca6\u0cc1 \u0c97\u0ccc\u0cb0\u0cb5\u0c95\u0ccd\u0c95\u0cc6 \u0caa\u0cbe\u0ca4\u0ccd\u0cb0\u0cc6\u0caf\u0cbe\u0c97\u0cbf\u0cb0\u0cc1\u0cb5\u0ca8\u0cc1."},{"Verseid":"54001021","Verse":"\u0caf\u0ccc\u0cb5\u0ca8\u0ca6 \u0c87\u0c9a\u0ccd\u0c9a\u0cc6\u0c97\u0cb3\u0cbf\u0c82\u0ca6 \u0cb8\u0cb9 \u0c93\u0ca1\u0cbf\u0cb9\u0ccb\u0c97\u0cc1; \u0cb6\u0cc1\u0ca6\u0ccd\u0ca7 \u0cb9\u0cc3\u0ca6\u0caf\u0cb5\u0cc1\u0cb3\u0ccd\u0cb3\u0cb5\u0cb0\u0cbe\u0c97\u0cbf \u0c95\u0cb0\u0ccd\u0ca4\u0ca8\u0ca8\u0ccd\u0ca8\u0cc1 \u0cac\u0cc7\u0ca1\u0cbf\u0c95\u0cca\u0cb3\u0ccd\u0cb3\u0cc1 \u0cb5\u0cb5\u0cb0 \u0cb8\u0c82\u0c97\u0ca1 \u0ca8\u0cc0\u0ca4\u0cbf \u0cb5\u0cbf\u0cb6\u0ccd\u0cb5\u0cbe\u0cb8 \u0caa\u0ccd\u0cb0\u0cc0\u0ca4\u0cbf \u0cb8\u0cae\u0cbe\u0ca7\u0cbe\u0ca8 \u0c87\u0cb5\u0cc1\u0c97\u0cb3\u0ca8\u0ccd\u0ca8\u0cc1 \u0c85\u0ca8\u0cc1\u0cb8\u0cb0\u0cbf\u0cb8\u0cc1."},{"Verseid":"54001022","Verse":"\u0cae\u0cc2\u0ca2\u0cb0 \u0cac\u0cc1\u0ca6\u0ccd\u0ca7\u0cbf\u0caf\u0cbf\u0cb2\u0ccd\u0cb2\u0ca6 \u0cb5\u0cbf\u0c9a\u0cbe\u0cb0\u0c97\u0cb3\u0cc1 \u0c9c\u0c97\u0cb3\u0c97\u0cb3\u0cbf\u0c97\u0cc6 \u0c95\u0cbe\u0cb0\u0ca3\u0cb5\u0cbe\u0c97\u0cbf\u0cb5\u0cc6 \u0c8e\u0c82\u0ca6\u0cc1 \u0ca4\u0cbf\u0cb3\u0cbf\u0ca6\u0cc1 \u0c85\u0cb5\u0cc1\u0c97\u0cb3 \u0c97\u0cca\u0ca1\u0cb5\u0cc6\u0c97\u0cc6 \u0cb9\u0ccb\u0c97\u0cac\u0cc7\u0ca1."},{"Verseid":"54001023","Verse":"\u0c95\u0cb0\u0ccd\u0ca4\u0ca8 \u0cb8\u0cc7\u0cb5 \u0c95\u0ca8\u0cc1 \u0c9c\u0c97\u0cb3\u0cb5\u0cbe\u0ca1\u0ca6\u0cc6 \u0c8e\u0cb2\u0ccd\u0cb2\u0cb0 \u0cb5\u0cbf\u0cb7\u0caf\u0ca6\u0cb2\u0ccd\u0cb2\u0cbf \u0cb8\u0cbe\u0ca7\u0cc1\u0cb5\u0cc2 \u0cac\u0ccb\u0ca7\u0cbf\u0cb8\u0cc1\u0cb5\u0ca6\u0cb0\u0cb2\u0ccd\u0cb2\u0cbf \u0caa\u0ccd\u0cb0\u0cb5\u0cc0\u0ca3\u0ca8\u0cc2 \u0ca4\u0cbe\u0cb3\u0ccd\u0cae\u0cc6\u0caf\u0cc1\u0cb3\u0ccd\u0cb3\u0cb5\u0ca8\u0cc2 \u0c86\u0c97\u0cbf\u0cb0\u0cac\u0cc7\u0c95\u0cc1."},{"Verseid":"54001024","Verse":"\u0c8e\u0ca6\u0cc1\u0cb0\u0cbf\u0cb8\u0cc1\u0cb5\u0cb5\u0cb0\u0ca8\u0ccd\u0ca8\u0cc1 \u0cb8\u0cbe\u0ca4\u0ccd\u0cb5\u0cbf\u0c95\u0ca4\u0ccd\u0cb5\u0ca6\u0cbf\u0c82\u0ca6 \u0ca4\u0cbf\u0ca6\u0ccd\u0ca6\u0cc1\u0cb5\u0cb5\u0ca8\u0cc1 \u0c86\u0c97\u0cbf\u0cb0\u0cac\u0cc7\u0c95\u0cc1. \u0c92\u0c82\u0ca6\u0cc1 \u0cb5\u0cc7\u0cb3\u0cc6 \u0ca6\u0cc7\u0cb5\u0cb0\u0cc1 \u0c86 \u0c8e\u0ca6\u0cc1\u0cb0\u0cbf\u0cb8\u0cc1\u0cb5\u0cb5\u0cb0\u0cb2\u0ccd\u0cb2\u0cbf \u0caa\u0cb6\u0ccd\u0c9a\u0cbe\u0ca4\u0ccd\u0ca4\u0cbe\u0caa\u0cb5\u0ca8\u0ccd\u0ca8\u0cc1\u0c82\u0c9f\u0cc1\u0cae\u0cbe\u0ca1\u0cbf \u0cb8\u0ca4\u0ccd\u0caf\u0ca6 \u0ca4\u0cbf\u0cb3\u0cc1\u0cb5\u0cb3\u0cbf\u0c95\u0cc6\u0caf\u0ca8\u0ccd\u0ca8\u0cc1 \u0c85\u0cb5\u0cb0\u0cbf\u0c97\u0cc6 \u0c95\u0cca\u0c9f\u0ccd\u0c9f\u0cbe\u0ca8\u0cc1."},{"Verseid":"54001025","Verse":"\u0cb8\u0cc8\u0ca4\u0cbe \u0ca8\u0ca8 \u0c89\u0cb0\u0ccd\u0cb2\u0cbf\u0c97\u0cc6 \u0cac\u0cbf\u0ca6\u0ccd\u0ca6\u0cc1 \u0c85\u0cb5\u0ca8 \u0c87\u0cb7\u0ccd\u0c9f\u0ca6\u0cbf\u0c82\u0ca6 \u0cb8\u0cc6\u0cb0\u0cc6 \u0c92\u0caf\u0ccd\u0caf\u0cb2\u0ccd\u0caa\u0c9f\u0ccd\u0c9f\u0cb5\u0cb0\u0cbe\u0ca6 \u0c87\u0cb5\u0cb0\u0cc1 \u0c92\u0c82\u0ca6\u0cc1 \u0cb5\u0cc7\u0cb3\u0cc6 \u0c8e\u0c9a\u0ccd\u0c9a\u0cc6\u0ca4\u0ccd\u0ca4\u0cbe\u0cb0\u0cc1."}]},{"Verse":[{"Verseid":"54002000","Verse":"\u0c86\u0ca6\u0cb0\u0cc6 \u0c95\u0ca1\u0cc7 \u0ca6\u0cbf\u0cb5\u0cb8\u0c97\u0cb3\u0cb2\u0ccd\u0cb2\u0cbf \u0c85\u0caa\u0cbe\u0caf\u0c95\u0cb0 \u0cb5\u0cbe\u0ca6 \u0c95\u0cbe\u0cb2\u0c97\u0cb3\u0cc1 \u0cac\u0cb0\u0cc1\u0cb5\u0cb5\u0cc6\u0c82\u0cac\u0ca6\u0ca8\u0ccd\u0ca8\u0cc1 \u0cb8\u0cb9 \u0ca4\u0cbf\u0cb3\u0cbf\u0ca6\u0cc1\u0c95\u0ccb."},{"Verseid":"54002001","Verse":"\u0cae\u0ca8\u0cc1\u0cb7\u0ccd\u0caf\u0cb0\u0cc1 \u0ca4\u0cae\u0ccd\u0cae\u0ca8\u0ccd\u0ca8\u0cc1 \u0ca4\u0cbe\u0cb5\u0cc7 \u0caa\u0ccd\u0cb0\u0cc0\u0ca4\u0cbf\u0cb8\u0cbf \u0c95\u0cca\u0cb3\u0ccd\u0cb3\u0cc1\u0cb5\u0cb5\u0cb0\u0cc2 \u0cb2\u0ccb\u0cad\u0cbf\u0c97\u0cb3\u0cc2 \u0cac\u0ca1\u0cbe\u0caf\u0cbf \u0c95\u0cca\u0c9a\u0ccd\u0c9a\u0cc1\u0cb5 \u0cb5\u0cb0\u0cc2 \u0c85\u0cb9\u0c82\u0c95\u0cbe\u0cb0\u0cbf\u0c97\u0cb3\u0cc2 \u0ca6\u0cc7\u0cb5\u0ca6\u0cc2\u0cb7\u0c95\u0cb0\u0cc2 \u0ca4\u0c82\u0ca6\u0cc6 \u0ca4\u0cbe\u0caf\u0cbf\u0c97\u0cb3\u0cbf\u0c97\u0cc6 \u0c85\u0cb5\u0cbf\u0ca7\u0cc7\u0caf\u0cb0\u0cc2 \u0c89\u0caa\u0c95\u0cbe\u0cb0\u0ca8\u0cc6\u0ca8\u0cb8\u0ca6\u0cb5\u0cb0\u0cc2 \u0c85\u0cb6\u0cc1\u0ca6\u0ccd\u0ca7\u0cb0\u0cc2"},{"Verseid":"54002002","Verse":"\u0cb8\u0ccd\u0cb5\u0cbe\u0cad\u0cbe\u0cb5\u0cbf\u0c95\u0cb5\u0cbe\u0ca6 \u0cae\u0cae\u0ca4\u0cc6\u0caf\u0cbf\u0cb2\u0ccd\u0cb2\u0ca6\u0cb5\u0cb0\u0cc2 \u0c92\u0caa\u0ccd\u0caa\u0c82\u0ca6\u0cb5\u0ca8\u0ccd\u0ca8\u0cc1 \u0cae\u0cc1\u0cb0\u0cbf\u0caf\u0cc1\u0cb5\u0cb5\u0cb0\u0cc2 \u0cb8\u0cc1\u0cb3\u0ccd\u0cb3\u0cbe\u0c97\u0cbf \u0ca6\u0cc2\u0cb0\u0cc1 \u0cb5\u0cb5\u0cb0\u0cc2 \u0ca6\u0cae\u0cc6\u0caf\u0cbf\u0cb2\u0ccd\u0cb2\u0ca6\u0cb5\u0cb0\u0cc2 \u0c89\u0c97\u0ccd\u0cb0\u0ca4\u0cc6\u0caf\u0cc1\u0cb3\u0ccd\u0cb3\u0cb5\u0cb0\u0cc2 \u0c92\u0cb3\u0ccd\u0cb3\u0cc6\u0caf\u0cb5\u0cb0\u0ca8\u0ccd\u0ca8\u0cc2 \u0cb9\u0cc0\u0ca8\u0cc8\u0cb8\u0cc1\u0cb5\u0cb5\u0cb0\u0cc2"},{"Verseid":"54002003","Verse":"\u0ca6\u0ccd\u0cb0\u0ccb\u0cb9\u0cbf\u0c97\u0cb3\u0cc2 \u0ca6\u0cc1\u0ca1\u0cbf\u0c95\u0cbf\u0ca8\u0cb5\u0cb0\u0cc2 \u0c89\u0cac\u0ccd\u0cac\u0cbf\u0c95\u0cca\u0c82\u0ca1\u0cb5\u0cb0\u0cc2 \u0ca6\u0cc7\u0cb5\u0cb0\u0cbf\u0c97\u0cbf\u0c82\u0ca4 \u0cb9\u0cc6\u0c9a\u0ccd\u0c9a\u0cbe\u0c97\u0cbf \u0cad\u0ccb\u0c97\u0c97\u0cb3\u0ca8\u0ccd\u0ca8\u0cc7 \u0caa\u0ccd\u0cb0\u0cc0\u0ca4\u0cbf\u0cb8\u0cc1\u0cb5\u0cb5\u0cb0\u0cc2"},{"Verseid":"54002004","Verse":"\u0cad\u0c95\u0ccd\u0ca4\u0cbf\u0caf \u0cb5\u0cc7\u0cb7\u0cb5\u0cbf\u0ca6\u0ccd\u0ca6\u0cc1 \u0c85\u0ca6\u0cb0 \u0cac\u0cb2\u0cb5\u0ca8\u0ccd\u0ca8\u0cc1 \u0c85\u0cb2\u0ccd\u0cb2\u0c97\u0cb3\u0cc6\u0caf\u0cc1\u0cb5\u0cb5\u0cb0\u0cc2 \u0c86\u0c97\u0cbf\u0cb0\u0cc1\u0cb5\u0cb0\u0cc1; \u0c87\u0c82\u0ca5\u0cb5\u0cb0\u0cbf\u0c82\u0ca6 \u0caa\u0ccd\u0cb0\u0ca4\u0ccd\u0caf\u0cc7\u0c95\u0cb5\u0cbe\u0c97\u0cbf\u0cb0\u0cc1."},{"Verseid":"54002005","Verse":"\u0cae\u0ca8\u0cc6 \u0c97\u0cb3\u0cb2\u0ccd\u0cb2\u0cbf \u0ca8\u0cc1\u0cb8\u0cc1\u0cb3\u0cbf \u0caa\u0cbe\u0caa\u0c97\u0cb3\u0cbf\u0c82\u0ca6 \u0ca4\u0cc1\u0c82\u0cac\u0cbf\u0ca6\u0cb5\u0cb0\u0cc2 \u0ca8\u0cbe\u0ca8\u0cbe \u0cb5\u0cbf\u0ca7\u0cb5\u0cbe\u0ca6 \u0c87\u0c9a\u0ccd\u0c9b\u0cc6\u0c97\u0cb3\u0cbf\u0c82\u0ca6 \u0ca8\u0ca1\u0cbf\u0cb8\u0cb2\u0ccd\u0caa\u0c9f\u0ccd\u0c9f\u0cb5\u0cb0\u0cc2 \u0c86\u0c97\u0cbf\u0cb0\u0cc1\u0cb5 \u0c85\u0cb5\u0cbf\u0cb5\u0cc7\u0c95\u0cbf\u0c97\u0cb3\u0cbe\u0ca6 \u0cb8\u0ccd\u0ca4\u0ccd\u0cb0\u0cc0\u0caf\u0cb0\u0ca8\u0ccd\u0ca8\u0cc1 \u0cb5\u0cb6\u0cae\u0cbe\u0ca1\u0cbf\u0c95\u0cca\u0cb3\u0ccd\u0cb3\u0cc1 \u0cb5\u0cb5\u0cb0\u0cc2 \u0c87\u0cb5\u0cb0\u0cca\u0cb3\u0c97\u0cc6 \u0cb8\u0cc7\u0cb0\u0cbf\u0ca6\u0cb5\u0cb0\u0cc7."},{"Verseid":"54002006","Verse":"\u0c87\u0cb5\u0cb0\u0cc1 \u0caf\u0cbe\u0cb5\u0cbe\u0c97\u0cb2\u0cc2 \u0c95\u0cb2\u0cbf\u0caf\u0cc1\u0ca4\u0ccd\u0ca4\u0cbf\u0ca6\u0ccd\u0ca6\u0cb0\u0cc2 \u0cb8\u0ca4\u0ccd\u0caf\u0ca6 \u0caa\u0cb0\u0cbf\u0c9c\u0ccd\u0c9e\u0cbe\u0ca8 \u0cb5\u0ca8\u0ccd\u0ca8\u0cc1 \u0cb9\u0cca\u0c82\u0ca6\u0cb2\u0cbe\u0cb0\u0ca6\u0cb5\u0cb0\u0cc1."},{"Verseid":"54002007","Verse":"\u0caf\u0ca8\u0ccd\u0ca8\u0caf\u0c82\u0cac\u0ccd\u0cb0 \u0c8e\u0c82\u0cac \u0cb5\u0cb0\u0cc1 \u0cae\u0ccb\u0cb6\u0cc6\u0caf\u0ca8\u0ccd\u0ca8\u0cc1 \u0cb5\u0cbf\u0cb0\u0ccb\u0ca7\u0cbf\u0cb8\u0cbf\u0ca6\u0c82\u0ca4\u0cc6\u0caf\u0cc7 \u0c87\u0cb5\u0cb0\u0cc1 \u0cb8\u0cb9 \u0cb8\u0ca4\u0ccd\u0caf\u0cb5\u0ca8\u0ccd\u0ca8\u0cc1 \u0cb5\u0cbf\u0cb0\u0ccb\u0ca7\u0cbf\u0cb8\u0cc1\u0ca4\u0ccd\u0ca4\u0cbe\u0cb0\u0cc6; \u0c87\u0ca6\u0cb2\u0ccd\u0cb2\u0ca6\u0cc6 \u0c87\u0cb5\u0cb0\u0cc1 \u0cac\u0cc1\u0ca6\u0ccd\u0ca7\u0cbf\u0c97\u0cc6\u0c9f\u0ccd\u0c9f\u0cb5\u0cb0\u0cc2 \u0cad\u0ccd\u0cb0\u0cb7\u0ccd\u0c9f\u0cb0\u0cc2 \u0c86\u0c97\u0cbf\u0ca6\u0ccd\u0ca6\u0cbe\u0cb0\u0cc6."},{"Verseid":"54002008","Verse":"\u0c86\u0ca6\u0cb0\u0cc6 \u0c87\u0cb5\u0cb0\u0cc1 \u0c87\u0ca8\u0ccd\u0ca8\u0cc1 \u0cae\u0cc1\u0c82\u0ca6\u0cc1\u0cb5\u0cb0\u0cbf\u0caf\u0cb2\u0cbe\u0cb0\u0cb0\u0cc1; \u0c88 \u0caf\u0ca8\u0ccd\u0ca8 \u0caf\u0c82\u0cac\u0ccd\u0cb0\u0cb0 \u0cae\u0cc2\u0cb0\u0ccd\u0c96\u0ca4\u0ca8\u0cb5\u0cc1 \u0c8e\u0cb2\u0ccd\u0cb2\u0cb0\u0cbf\u0c97\u0cc2 \u0caa\u0cb0\u0cbf\u0cb7\u0ccd\u0c95\u0cbe\u0cb0\u0cb5\u0cbe\u0c97\u0cbf \u0ca4\u0cbf\u0cb3\u0cbf\u0ca6\u0cc1 \u0cac\u0c82\u0ca6 \u0caa\u0ccd\u0cb0\u0c95\u0cbe\u0cb0 \u0c87\u0cb5\u0cb0\u0ca6\u0cc2 \u0ca4\u0cbf\u0cb3\u0cbf\u0ca6\u0cc1\u0cac\u0cb0\u0cc1\u0cb5\u0ca6\u0cc1."},{"Verseid":"54002009","Verse":"\u0ca8\u0cc0\u0ca8\u0cbe\u0ca6\u0cb0\u0ccb \u0ca8\u0ca8\u0ccd\u0ca8 \u0cac\u0ccb\u0ca7\u0ca8\u0cc6 \u0ca8\u0ca1\u0ca4\u0cc6 \u0c89\u0ca6\u0ccd\u0ca6\u0cc7\u0cb6 \u0ca8\u0c82\u0cac\u0cbf\u0c95\u0cc6 \u0ca6\u0cc0\u0cb0\u0ccd\u0c98 \u0cb6\u0cbe\u0c82\u0ca4\u0cbf \u0caa\u0ccd\u0cb0\u0cc0\u0ca4\u0cbf \u0cb8\u0cc8\u0cb0\u0ca3\u0cc6 \u0c87\u0cb5\u0cc1\u0c97\u0cb3\u0ca8\u0cc2"},{"Verseid":"54002010","Verse":"\u0c85\u0c82\u0ca4\u0cbf\u0caf\u0ccb\u0c95\u0ccd\u0caf \u0c87\u0c95\u0ccb\u0ca8\u0ccd\u0caf \u0cb2\u0cc1\u0cb8\u0ccd\u0ca4\u0ccd\u0cb0 \u0c8e\u0c82\u0cac \u0caa\u0c9f\u0ccd\u0c9f\u0ca3\u0c97\u0cb3\u0cb2\u0ccd\u0cb2\u0cbf \u0ca8\u0ca8\u0c97\u0cc6 \u0cb8\u0c82\u0cad\u0cb5\u0cbf\u0cb8\u0cbf\u0ca6 \u0cb9\u0cbf\u0c82\u0cb8\u0cc6\u0c97\u0cb3\u0ca8\u0ccd\u0ca8\u0cc2 \u0c95\u0cb7\u0ccd\u0c9f\u0cbe\u0ca8\u0cc1\u0cad\u0cb5\u0c97\u0cb3\u0ca8\u0ccd\u0ca8\u0cc2 \u0ca8\u0cbe\u0ca8\u0cc1 \u0c8e\u0c82\u0ca5\u0cc6\u0c82\u0ca5 \u0cb9\u0cbf\u0c82\u0cb8\u0cc6\u0c97\u0cb3\u0ca8\u0ccd\u0ca8\u0cc1 \u0cb8\u0cb9\u0cbf\u0cb8\u0cbf\u0c95\u0cca\u0c82\u0ca1\u0cc6\u0ca8\u0cc6\u0c82\u0cac \u0ca6\u0ca8\u0ccd\u0ca8\u0cc2 \u0ca8\u0cc0\u0ca8\u0cc1 \u0caa\u0cc2\u0cb0\u0ccd\u0ca3\u0cb5\u0cbe\u0c97\u0cbf \u0ca4\u0cbf\u0cb3\u0cbf\u0ca6\u0cb5\u0ca8\u0cbe\u0c97\u0cbf\u0ca6\u0ccd\u0ca6\u0cc0. \u0c86\u0ca6\u0cb0\u0cc6 \u0c85\u0cb5\u0cc6\u0cb2\u0ccd\u0cb2\u0cb5\u0cc1\u0c97\u0cb3\u0cca\u0cb3\u0c97\u0cbf\u0c82\u0ca6 \u0c95\u0cb0\u0ccd\u0ca4\u0ca8\u0cc1 \u0ca8\u0ca8\u0ccd\u0ca8\u0ca8\u0ccd\u0ca8\u0cc1 \u0cac\u0cbf\u0ca1\u0cbf\u0cb8\u0cbf\u0ca6\u0ca8\u0cc1."},{"Verseid":"54002011","Verse":"\u0cb9\u0ccc\u0ca6\u0cc1, \u0c95\u0ccd\u0cb0\u0cbf\u0cb8\u0ccd\u0ca4 \u0caf\u0cc7\u0cb8\u0cc1\u0cb5\u0cbf\u0ca8\u0cb2\u0ccd\u0cb2\u0cbf \u0cad\u0c95\u0ccd\u0ca4\u0cbf \u0caf\u0cc1\u0cb3\u0ccd\u0cb3\u0cb5\u0cb0\u0cbe\u0c97\u0cbf \u0c9c\u0cc0\u0cb5\u0cbf\u0cb8\u0cc1\u0cb5\u0ca6\u0c95\u0ccd\u0c95\u0cc6 \u0cae\u0ca8\u0cb8\u0ccd\u0cb8\u0cc1 \u0cae\u0cbe\u0ca1\u0cc1\u0cb5\u0cb5 \u0cb0\u0cc6\u0cb2\u0ccd\u0cb2\u0cb0\u0cc2 \u0cb9\u0cbf\u0c82\u0cb8\u0cc6\u0c97\u0cca\u0cb3\u0c97\u0cbe\u0c97\u0cc1\u0cb5\u0cb0\u0cc1."},{"Verseid":"54002012","Verse":"\u0c86\u0ca6\u0cb0\u0cc6 \u0ca6\u0cc1\u0cb7\u0ccd\u0c9f\u0cb0\u0cc2 \u0cb5\u0c82\u0c9a\u0c95\u0cb0\u0cc2 \u0cae\u0ccb\u0cb8\u0cae\u0cbe\u0ca1\u0cc1\u0ca4\u0ccd\u0ca4\u0cbe \u0ca4\u0cbe\u0cb5\u0cc7 \u0cae\u0ccb\u0cb8 \u0cb9\u0ccb\u0c97\u0cc1\u0ca4\u0ccd\u0ca4\u0cbe \u0cb9\u0cc6\u0c9a\u0ccd\u0c9a\u0cbe\u0ca6 \u0c95\u0cc6\u0c9f\u0ccd\u0c9f\u0ca4\u0ca8\u0c95\u0ccd\u0c95\u0cc6 \u0cb9\u0ccb\u0c97\u0cc1\u0cb5\u0cb0\u0cc1."},{"Verseid":"54002013","Verse":"\u0ca8\u0cc0\u0ca8\u0cbe\u0ca6\u0cb0\u0ccb \u0c95\u0cb2\u0cbf\u0ca4\u0cc1 \u0ca6\u0cc3\u0ca2\u0cb5\u0cbe\u0c97\u0cbf \u0ca8\u0c82\u0cac\u0cbf\u0ca6\u0cb5\u0cc1\u0c97\u0cb3\u0cb2\u0ccd\u0cb2\u0cbf \u0ca8\u0cc6\u0cb2\u0cc6\u0caf\u0cbe\u0c97\u0cbf\u0cb0\u0cc1. \u0c95\u0cb2\u0cbf\u0cb8\u0cbf\u0c95\u0cca\u0c9f\u0ccd\u0c9f\u0cb5\u0cb0\u0cc1 \u0caf\u0cbe\u0cb0\u0cc6\u0c82\u0cac\u0ca6\u0ca8\u0ccd\u0ca8\u0cc1 \u0c86\u0cb2\u0ccb\u0c9a\u0cbf\u0cb8\u0cc1."},{"Verseid":"54002014","Verse":"\u0c9a\u0cbf\u0c95\u0ccd\u0c95\u0c82\u0ca6\u0cbf\u0ca8\u0cbf\u0c82\u0ca6\u0cb2\u0cc2 \u0ca8\u0cc0\u0ca8\u0cc1 \u0caa\u0cb0\u0cbf\u0cb6\u0cc1\u0ca6 \u0cac\u0cb0\u0cb9\u0c97\u0cb3\u0ca8\u0ccd\u0ca8\u0cc1 \u0ca4\u0cbf\u0cb3\u0cbf\u0ca6\u0cb5\u0ca8\u0cbe\u0c97\u0cbf\u0ca6\u0ccd\u0ca6\u0cc0\u0caf\u0cb2\u0ccd\u0cb2\u0cbe; \u0c86 \u0cac\u0cb0\u0cb9\u0c97\u0cb3\u0cc1 \u0c95\u0ccd\u0cb0\u0cbf\u0cb8\u0ccd\u0ca4 \u0caf\u0cc7\u0cb8\u0cc1\u0cb5\u0cbf\u0ca8\u0cb2\u0ccd\u0cb2\u0cbf\u0cb0\u0cc1\u0cb5 \u0ca8\u0c82\u0cac\u0cbf\u0c95\u0cc6\u0caf \u0cae\u0cc2\u0cb2\u0c95 \u0cb0\u0c95\u0ccd\u0cb7\u0ca3\u0cc6 \u0cb9\u0cca\u0c82\u0ca6\u0cbf\u0cb8\u0cc1\u0cb5 \u0c9c\u0ccd\u0c9e\u0cbe\u0ca8\u0cb5\u0ca8\u0ccd\u0ca8\u0cc1 \u0c95\u0cca\u0ca1\u0cc1\u0cb5\u0ca6\u0c95\u0ccd\u0c95\u0cc6 \u0cb6\u0c95\u0ccd\u0ca4\u0cb5\u0cbe\u0c97\u0cbf\u0cb5\u0cc6."},{"Verseid":"54002015","Verse":"\u0cac\u0cb0\u0cb9\u0c97\u0cb3\u0ca8\u0ccd\u0ca8\u0cc1 \u0ca4\u0cbf\u0cb3\u0cbf\u0ca6\u0cb5\u0ca8\u0cbe\u0c97\u0cbf\u0ca6\u0ccd\u0ca6\u0cc0\u0caf\u0cb2\u0ccd\u0cb2\u0cbe; \u0c86 \u0cac\u0cb0\u0cb9\u0c97\u0cb3\u0cc1 \u0c95\u0ccd\u0cb0\u0cbf\u0cb8\u0ccd\u0ca4 \u0caf\u0cc7\u0cb8\u0cc1\u0cb5\u0cbf\u0ca8\u0cb2\u0ccd\u0cb2\u0cbf\u0cb0\u0cc1\u0cb5 \u0ca8\u0c82\u0cac\u0cbf\u0c95\u0cc6\u0caf \u0cae\u0cc2\u0cb2\u0c95 \u0cb0\u0c95\u0ccd\u0cb7\u0ca3\u0cc6 \u0cb9\u0cca\u0c82\u0ca6\u0cbf\u0cb8\u0cc1\u0cb5 \u0c9c\u0ccd\u0c9e\u0cbe\u0ca8\u0cb5\u0ca8\u0ccd\u0ca8\u0cc1 \u0c95\u0cca\u0ca1\u0cc1\u0cb5\u0ca6\u0c95\u0ccd\u0c95\u0cc6 \u0cb6\u0c95\u0ccd\u0ca4\u0cb5\u0cbe\u0c97\u0cbf\u0cb5\u0cc6."},{"Verseid":"54002016","Verse":"\u0c86\u0ca6\u0ca6\u0cb0\u0cbf\u0c82\u0ca6 \u0ca6\u0cc7\u0cb5\u0cb0 \u0cae\u0ca8\u0cc1\u0cb7\u0ccd\u0caf\u0ca8\u0cc1 \u0caa\u0cb0\u0cbf\u0caa\u0cc2\u0cb0\u0ccd\u0ca3 \u0ca8\u0cbe\u0c97\u0cbf \u0cb8\u0c95\u0cb2 \u0cb8\u0ca4\u0ccd\u0c95\u0cbe\u0cb0\u0ccd\u0caf\u0c97\u0cb3\u0cbf\u0c97\u0cc6 \u0cb8\u0ca8\u0ccd\u0ca8\u0ca6\u0ccd\u0ca7\u0ca8\u0cbe\u0c97\u0cc1\u0cb5\u0ca8\u0cc1."}]},{"Verse":[{"Verseid":"54003000","Verse":"\u0c86\u0ca6\u0ca6\u0cb0\u0cbf\u0c82\u0ca6 \u0ca6\u0cc7\u0cb5\u0cb0 \u0cae\u0cc1\u0c82\u0ca6\u0cc6\u0caf\u0cc2 \u0c86\u0ca4\u0ca8 \u0cac\u0cb0\u0ccb\u0ca3\u0ca6\u0cb2\u0ccd\u0cb2\u0cbf \u0cae\u0ca4\u0ccd\u0ca4\u0cc1 \u0c86\u0ca4\u0ca8 \u0cb0\u0cbe\u0c9c\u0ccd\u0caf \u0ca6\u0cb2\u0ccd\u0cb2\u0cbf \u0c9c\u0cc0\u0cb5\u0cbf\u0cb8\u0cc1\u0cb5\u0cb5\u0cb0\u0cbf\u0c97\u0cc2 \u0cb8\u0ca4\u0ccd\u0ca4\u0cb5\u0cb0\u0cbf\u0c97\u0cc2 \u0ca8\u0ccd\u0caf\u0cbe\u0caf\u0ca4\u0cc0\u0cb0\u0cbf\u0cb8\u0cc1\u0cb5 \u0c95\u0cb0\u0ccd\u0ca4\u0ca8\u0cbe\u0ca6 \u0caf\u0cc7\u0cb8\u0cc1 \u0c95\u0ccd\u0cb0\u0cbf\u0cb8\u0ccd\u0ca4\u0ca8 \u0cae\u0cc1\u0c82\u0ca6\u0cc6\u0caf\u0cc2 \u0ca8\u0cbe\u0ca8\u0cc1 \u0ca8\u0cbf\u0ca8\u0c97\u0cc6 \u0c96\u0c82\u0ca1\u0cbf\u0ca4\u0cb5\u0cbe\u0c97\u0cbf \u0cb9\u0cc7\u0cb3\u0cc1\u0cb5\u0ca6\u0cc7\u0ca8\u0c82\u0ca6\u0cb0\u0cc6--"},{"Verseid":"54003001","Verse":"\u0cb5\u0cbe\u0c95\u0ccd\u0caf\u0cb5\u0ca8\u0ccd\u0ca8\u0cc1 \u0cb8\u0cbe\u0cb0\u0cc1, \u0c85\u0ca8\u0cc1\u0c95\u0cc2\u0cb2\u0cb5\u0cbe\u0ca6 \u0c95\u0cbe\u0cb2\u0ca6\u0cb2\u0ccd\u0cb2\u0cbf\u0caf\u0cc2 \u0c85\u0ca8\u0cc1\u0c95\u0cc2\u0cb2\u0cb5\u0cbf\u0cb2\u0ccd\u0cb2\u0ca6 \u0c95\u0cbe\u0cb2\u0ca6\u0cb2\u0ccd\u0cb2\u0cbf\u0caf\u0cc2 \u0c85\u0ca6\u0cb0\u0cb2\u0ccd\u0cb2\u0cbf \u0c86\u0cb8\u0c95\u0ccd\u0ca4 \u0ca8\u0cbe\u0c97\u0cbf\u0cb0\u0cc1; \u0caa\u0cc2\u0cb0\u0ccd\u0ca3\u0ca6\u0cc0\u0cb0\u0ccd\u0c98\u0cb6\u0cbe\u0c82\u0ca4\u0cbf\u0caf\u0cbf\u0c82\u0ca6\u0cb2\u0cc2 \u0c89\u0caa \u0ca6\u0cc7\u0cb6\u0ca6\u0cbf\u0c82\u0ca6\u0cb2\u0cc2 \u0c96\u0c82\u0ca1\u0cbf\u0cb8\u0cc1, \u0c97\u0ca6\u0cb0\u0cbf\u0cb8\u0cc1, \u0c8e\u0c9a\u0ccd\u0c9a\u0cb0\u0cbf\u0cb8\u0cc1."},{"Verseid":"54003002","Verse":"\u0caf\u0cbe\u0c95\u0c82\u0ca6\u0cb0\u0cc6 \u0c9c\u0ca8\u0cb0\u0cc1 \u0cb8\u0ccd\u0cb5\u0cb8\u0ccd\u0ca5\u0cac\u0ccb\u0ca7\u0ca8\u0cc6\u0caf\u0ca8\u0ccd\u0ca8\u0cc1 \u0cb8\u0cb9\u0cbf\u0cb8 \u0cb2\u0cbe\u0cb0\u0ca6 \u0c95\u0cbe\u0cb2\u0cb5\u0cc1 \u0cac\u0cb0\u0cc1\u0ca4\u0ccd\u0ca4\u0ca6\u0cc6; \u0c85\u0ca6\u0cb0\u0cb2\u0ccd\u0cb2\u0cbf \u0c85\u0cb5\u0cb0\u0cc1 \u0ca4\u0cc0\u0c9f\u0cc7 \u0c95\u0cbf\u0cb5\u0cbf\u0caf\u0cc1\u0cb3\u0ccd\u0cb3\u0cb5\u0cb0\u0cbe\u0c97\u0cbf \u0ca4\u0cae\u0ccd\u0cae \u0ca6\u0cc1\u0cb0\u0cbe\u0cb6\u0cc6\u0c97\u0cb3\u0cbf\u0c97\u0cc6 \u0c85\u0ca8\u0cc1\u0c95\u0cc2\u0cb2 \u0cb5\u0cbe\u0ca6 \u0c89\u0caa\u0ca6\u0cc7\u0cb6\u0c95\u0cb0\u0ca8\u0ccd\u0ca8\u0cc1 \u0c87\u0c9f\u0ccd\u0c9f\u0cc1\u0c95\u0cca\u0cb3\u0ccd\u0cb3\u0cc1\u0cb5\u0cb0\u0cc1."},{"Verseid":"54003003","Verse":"\u0c85\u0cb5\u0cb0\u0cc1 \u0cb8\u0ca4\u0ccd\u0caf\u0c95\u0ccd\u0c95\u0cc6 \u0c95\u0cbf\u0cb5\u0cbf\u0c97\u0cca\u0ca1\u0ca6\u0cc6 \u0c95\u0cb2\u0ccd\u0caa\u0ca8\u0cbe\u0c95\u0ca5\u0cc6\u0c97\u0cb3\u0ca8\u0ccd\u0ca8\u0cc1 \u0c95\u0cc7\u0cb3\u0cc1\u0cb5\u0ca6\u0c95\u0ccd\u0c95\u0cc6 \u0ca4\u0cbf\u0cb0\u0cc1\u0c97\u0cbf\u0c95\u0cca\u0cb3\u0ccd\u0cb3\u0cc1\u0cb5\u0cb0\u0cc1."},{"Verseid":"54003004","Verse":"\u0c86\u0ca6\u0cb0\u0cc6 \u0ca8\u0cc0\u0ca8\u0cc1 \u0c8e\u0cb2\u0ccd\u0cb2\u0cbe \u0cb5\u0cbf\u0cb7\u0caf \u0c97\u0cb3\u0cb2\u0ccd\u0cb2\u0cbf \u0c8e\u0c9a\u0ccd\u0c9a\u0cb0\u0cb5\u0cbe\u0c97\u0cbf\u0cb0\u0cc1, \u0cb6\u0ccd\u0cb0\u0cae\u0cc6\u0c97\u0cb3\u0ca8\u0ccd\u0ca8\u0cc1 \u0ca4\u0cbe\u0cb3\u0cbf\u0c95\u0ccb, \u0cb8\u0cc1\u0cb5\u0cbe\u0cb0\u0ccd\u0ca4\u0cbf\u0c95\u0ca8 \u0c95\u0cc6\u0cb2\u0cb8\u0cb5\u0ca8\u0ccd\u0ca8\u0cc1 \u0cae\u0cbe\u0ca1\u0cc1, \u0ca8\u0cbf\u0ca8\u0ccd\u0ca8 \u0cb8\u0cc7\u0cb5\u0cc6\u0caf\u0ca8\u0ccd\u0ca8\u0cc1 \u0cb8\u0c82\u0caa\u0cc2\u0cb0\u0ccd\u0ca3 \u0cae\u0cbe\u0ca1\u0cc1."},{"Verseid":"54003005","Verse":"\u0ca8\u0cbe\u0ca8\u0cc1 \u0c88\u0c97 \u0c85\u0cb0\u0ccd\u0caa\u0cbf\u0ca4\u0ca8\u0cbe\u0c97\u0cc1 \u0cb5\u0ca6\u0c95\u0ccd\u0c95\u0cc6 \u0cb8\u0cbf\u0ca6\u0ccd\u0ca7\u0ca8\u0cbf\u0ca6\u0ccd\u0ca6\u0cc7\u0ca8\u0cc6; \u0ca8\u0cbe\u0ca8\u0cc1 \u0cb9\u0cca\u0cb0\u0c9f\u0cc1 \u0cb9\u0ccb\u0c97\u0cac\u0cc7\u0c95\u0cbe\u0ca6 \u0cb8\u0cae\u0caf\u0cb5\u0cc1 \u0cb8\u0cb5\u0cbf\u0cbe\u0caa\u0cb5\u0cbe\u0c97\u0cbf\u0ca6\u0cc6."},{"Verseid":"54003006","Verse":"\u0ca8\u0cbe\u0ca8\u0cc1 \u0c92\u0cb3\u0ccd\u0cb3\u0cc7 \u0cb9\u0ccb\u0cb0\u0cbe\u0c9f\u0cb5\u0ca8\u0ccd\u0ca8\u0cc1 \u0cb9\u0ccb\u0cb0\u0cbe\u0ca1\u0cbf\u0ca6\u0ccd\u0ca6\u0cc7\u0ca8\u0cc6, \u0ca8\u0cbe\u0ca8\u0cc1 \u0ca8\u0ca8\u0ccd\u0ca8 \u0c93\u0c9f \u0cb5\u0ca8\u0ccd\u0ca8\u0cc1 \u0cae\u0cc1\u0c97\u0cbf\u0cb8\u0cbf\u0ca6\u0ccd\u0ca6\u0cc7\u0ca8\u0cc6, \u0ca8\u0cbe\u0ca8\u0cc1 \u0ca8\u0c82\u0cac\u0cbf\u0c95\u0cc6\u0caf\u0ca8\u0ccd\u0ca8\u0cc1 \u0c95\u0cbe\u0caa\u0cbe\u0ca1\u0cbf \u0ca6\u0ccd\u0ca6\u0cc7\u0ca8\u0cc6."},{"Verseid":"54003007","Verse":"\u0c87\u0ca8\u0ccd\u0ca8\u0cc1 \u0cae\u0cc1\u0c82\u0ca6\u0cc6 \u0ca8\u0ca8\u0c97\u0ccb\u0cb8\u0ccd\u0c95\u0cb0 \u0ca8\u0cc0\u0ca4\u0cbf\u0caf \u0c95\u0cbf\u0cb0\u0cc0\u0c9f\u0cb5\u0cc1 \u0c87\u0ca1\u0cb2\u0ccd\u0caa\u0c9f\u0ccd\u0c9f\u0cbf\u0ca6\u0cc6; \u0c85\u0ca6\u0ca8\u0ccd\u0ca8\u0cc1 \u0ca8\u0cc0\u0ca4\u0cbf\u0caf\u0cc1\u0cb3\u0ccd\u0cb3 \u0ca8\u0ccd\u0caf\u0cbe\u0caf\u0cbe \u0ca7\u0cbf\u0caa\u0ca4\u0cbf\u0caf\u0cbe\u0ca6 \u0c95\u0cb0\u0ccd\u0ca4\u0ca8\u0cc1 \u0c86 \u0ca6\u0cbf\u0ca8\u0ca6\u0cb2\u0ccd\u0cb2\u0cbf \u0ca8\u0ca8\u0c97\u0cc6 \u0c95\u0cca\u0ca1\u0cc1 \u0cb5\u0ca8\u0cc1; \u0ca8\u0ca8\u0c97\u0cc6 \u0cae\u0cbe\u0ca4\u0ccd\u0cb0\u0cb5\u0cb2\u0ccd\u0cb2\u0ca6\u0cc6 \u0c86\u0ca4\u0ca8 \u0cac\u0cb0\u0ccb\u0ca3\u0cb5\u0ca8\u0ccd\u0ca8\u0cc1 \u0caa\u0ccd\u0cb0\u0cc0\u0ca4\u0cbf\u0cb8\u0cc1\u0cb5\u0cb5\u0cb0\u0cc6\u0cb2\u0ccd\u0cb2\u0cb0\u0cbf\u0c97\u0cc6 \u0cb8\u0cb9 \u0c95\u0cca\u0ca1\u0cc1\u0cb5\u0ca8\u0cc1."},{"Verseid":"54003008","Verse":"\u0ca8\u0ca8\u0ccd\u0ca8 \u0cac\u0cb3\u0cbf\u0c97\u0cc6 \u0cac\u0cc7\u0c97 \u0cac\u0cb0\u0cc1\u0cb5\u0ca6\u0c95\u0ccd\u0c95\u0cc6 \u0ca8\u0cc0\u0ca8\u0cc1 \u0caa\u0ccd\u0cb0\u0caf\u0ca4\u0ccd\u0ca8 \u0cae\u0cbe\u0ca1\u0cc1;"},{"Verseid":"54003009","Verse":"\u0caf\u0cbe\u0c95\u0c82\u0ca6\u0cb0\u0cc6 \u0ca6\u0cc7\u0cae\u0ca8\u0cc1 \u0c87\u0cb9\u0cb2\u0ccb\u0c95\u0cb5\u0ca8\u0ccd\u0ca8\u0cc1 \u0caa\u0ccd\u0cb0\u0cc0\u0ca4\u0cbf\u0cb8\u0cbf \u0ca8\u0ca8\u0ccd\u0ca8\u0ca8\u0ccd\u0ca8\u0cc1 \u0ca4\u0cca\u0cb0\u0cc6\u0ca6\u0cc1\u0cac\u0cbf\u0c9f\u0ccd\u0c9f\u0cc1 \u0ca5\u0cc6\u0cb8\u0cb2\u0ccb\u0ca8\u0cbf\u0c95\u0c95\u0ccd\u0c95\u0cc6 \u0cb9\u0ccb\u0ca6\u0ca8\u0cc1; \u0c95\u0ccd\u0cb0\u0cc6\u0cb8\u0ccd\u0c95\u0ca8\u0cc1 \u0c97\u0cb2\u0cbe\u0ca4\u0ccd\u0caf\u0c95\u0ccd\u0c95\u0cc2 \u0ca4\u0cc0\u0ca4\u0ca8\u0cc1 \u0ca6\u0cb2\u0ccd\u0cae\u0cbe\u0ca4\u0ccd\u0caf\u0c95\u0ccd\u0c95\u0cc2 \u0cb9\u0ccb\u0ca6\u0cb0\u0cc1;"},{"Verseid":"54003010","Verse":"\u0cb2\u0cc2\u0c95\u0ca8\u0cc1 \u0cae\u0cbe\u0ca4\u0ccd\u0cb0 \u0ca8\u0ca8\u0ccd\u0ca8 \u0c9c\u0cca\u0ca4\u0cc6\u0caf\u0cb2\u0ccd\u0cb2\u0cbf \u0ca6\u0ccd\u0ca6\u0cbe\u0ca8\u0cc6. \u0cae\u0cbe\u0cb0\u0ccd\u0c95\u0ca8\u0ca8\u0ccd\u0ca8\u0cc1 \u0cb8\u0c82\u0c97\u0ca1 \u0c95\u0cb0\u0c95\u0cca\u0c82\u0ca1\u0cc1 \u0cac\u0cbe, \u0c85\u0cb5\u0ca8\u0cc1 \u0cb8\u0cc7\u0cb5\u0cc6\u0c97\u0cbe\u0c97\u0cbf \u0ca8\u0ca8\u0c97\u0cc6 \u0c89\u0caa\u0caf\u0cc1\u0c95\u0ccd\u0ca4\u0ca8\u0cbe\u0c97\u0cbf\u0ca6\u0ccd\u0ca6\u0cbe\u0ca8\u0cc6."},{"Verseid":"54003011","Verse":"\u0ca4\u0cc1\u0c96\u0cbf\u0c95\u0ca8\u0ca8\u0ccd\u0ca8\u0cc1 \u0c8e\u0cab\u0cc6\u0cb8\u0c95\u0ccd\u0c95\u0cc6 \u0c95\u0cb3\u0cc1\u0cb9\u0cbf\u0cb8\u0cbf\u0ca6\u0cc6\u0ca8\u0cc1."},{"Verseid":"54003012","Verse":"\u0ca4\u0ccd\u0cb0\u0ccb\u0cb5 \u0ca6\u0cb2\u0ccd\u0cb2\u0cbf \u0ca8\u0cbe\u0ca8\u0cc1 \u0c95\u0cb0\u0ccd\u0caa\u0ca8 \u0cac\u0cb3\u0cbf\u0caf\u0cb2\u0ccd\u0cb2\u0cbf \u0cac\u0cbf\u0c9f\u0ccd\u0c9f\u0cc1\u0cac\u0c82\u0ca6 \u0cae\u0cc7\u0cb2\u0c82\u0c97\u0cbf \u0caf\u0ca8\u0ccd\u0ca8\u0cc2 \u0caa\u0cc1\u0cb8\u0ccd\u0ca4\u0c95\u0c97\u0cb3\u0ca8\u0ccd\u0ca8\u0cc2 \u0cae\u0cc1\u0c96\u0ccd\u0caf\u0cb5\u0cbe\u0c97\u0cbf \u0c9a\u0cb0\u0ccd\u0cae\u0ca6 \u0c95\u0cbe\u0c97\u0ca6 \u0c97\u0cb3\u0ca8\u0ccd\u0ca8\u0cc2 \u0ca8\u0cc0\u0ca8\u0cc1 \u0cac\u0cb0\u0cc1\u0cb5\u0cbe\u0c97 \u0ca4\u0cc6\u0c97\u0cc6\u0ca6\u0cc1\u0c95\u0cca\u0c82\u0ca1\u0cc1 \u0cac\u0cbe."},{"Verseid":"54003013","Verse":"\u0c95\u0c82\u0c9a\u0cc1\u0c97\u0cbe\u0cb0\u0ca8\u0cbe\u0ca6 \u0c85\u0cb2\u0cc6\u0c95\u0ccd\u0cb8\u0cbe\u0c82\u0ca6\u0ccd\u0cb0\u0ca8\u0cc1 \u0ca8\u0ca8\u0c97\u0cc6 \u0cac\u0cb9\u0cb3 \u0c95\u0cc7\u0ca1\u0cc1\u0cae\u0cbe\u0ca1\u0cbf\u0ca6\u0ca8\u0cc1; \u0c95\u0cb0\u0ccd\u0ca4\u0ca8\u0cc1 \u0c85\u0cb5\u0ca8 \u0c95\u0cc3\u0ca4\u0ccd\u0caf\u0c97\u0cb3\u0cbf\u0c97\u0cc6 \u0cb8\u0cb0\u0cbf \u0caf\u0cbe\u0c97\u0cbf \u0c85\u0cb5\u0ca8\u0cbf\u0c97\u0cc6 \u0caa\u0ccd\u0cb0\u0ca4\u0cbf\u0cab\u0cb2\u0cb5\u0ca8\u0ccd\u0ca8\u0cc1 \u0c95\u0cca\u0ca1\u0cc1\u0cb5\u0ca8\u0cc1."},{"Verseid":"54003014","Verse":"\u0ca8\u0cc0\u0ca8\u0cc1 \u0cb8\u0cb9 \u0c85\u0cb5\u0ca8 \u0cb5\u0cbf\u0cb7\u0caf\u0ca6\u0cb2\u0ccd\u0cb2\u0cbf \u0c8e\u0c9a\u0ccd\u0c9a\u0cb0\u0cbf\u0c95\u0cc6\u0caf\u0cbe\u0c97\u0cbf\u0cb0\u0cc1; \u0caf\u0cbe\u0c95\u0c82\u0ca6\u0cb0\u0cc6 \u0c85\u0cb5\u0ca8\u0cc1 \u0ca8\u0cae\u0ccd\u0cae \u0cae\u0cbe\u0ca4\u0cc1\u0c97\u0cb3\u0ca8\u0ccd\u0ca8\u0cc1 \u0cac\u0cb9\u0cb3 \u0cb5\u0cbe\u0c97\u0cbf \u0c8e\u0ca6\u0cc1\u0cb0\u0cbf\u0cb8\u0cbf\u0ca6\u0ca8\u0cc1."},{"Verseid":"54003015","Verse":"\u0ca8\u0cbe\u0ca8\u0cc1 \u0cae\u0cca\u0ca6\u0cb2\u0ca8\u0cc6\u0caf \u0cb8\u0cbe\u0cb0\u0cbf \u0caa\u0ccd\u0cb0\u0ca4\u0cbf\u0cb5\u0cbe\u0ca6 \u0cae\u0cbe\u0ca1\u0cbf\u0ca6\u0cbe\u0c97 \u0caf\u0cbe\u0cb0\u0cc2 \u0ca8\u0ca8\u0ccd\u0ca8\u0cca\u0c82\u0ca6\u0cbf\u0c97\u0cc6 \u0ca8\u0cbf\u0cb2\u0ccd\u0cb2\u0cb2\u0cbf\u0cb2\u0ccd\u0cb2. \u0c8e\u0cb2\u0ccd\u0cb2\u0cb0\u0cc2 \u0ca8\u0ca8\u0ccd\u0ca8\u0ca8\u0ccd\u0ca8\u0cc1 \u0ca4\u0cca\u0cb0\u0cc6\u0ca6\u0cc1\u0cac\u0cbf\u0c9f\u0ccd\u0c9f\u0cb0\u0cc1; \u0c87\u0ca6\u0cc1 \u0c85\u0cb5\u0cb0 \u0cb2\u0cc6\u0c95\u0ccd\u0c95\u0c95\u0ccd\u0c95\u0cc6 \u0cb8\u0cc7\u0cb0\u0cbf\u0cb8\u0cb2\u0ccd\u0caa\u0ca1\u0ca6\u0cc6 \u0c87\u0cb0\u0cb2\u0cbf \u0c8e\u0c82\u0ca6\u0cc1 \u0ca8\u0cbe\u0ca8\u0cc1 \u0ca6\u0cc7\u0cb5\u0cb0\u0ca8\u0ccd\u0ca8\u0cc1 \u0caa\u0ccd\u0cb0\u0cbe\u0cb0\u0ccd\u0ca5\u0cbf\u0cb8\u0cc1\u0ca4\u0ccd\u0ca4\u0cc7\u0ca8\u0cc6."},{"Verseid":"54003016","Verse":"\u0c86\u0ca6\u0cb0\u0cc6 \u0c95\u0cb0\u0ccd\u0ca4\u0ca8\u0cc1 \u0ca8\u0ca8\u0ccd\u0ca8 \u0cac\u0cb3\u0cbf\u0caf\u0cb2\u0ccd\u0cb2\u0cbf \u0ca8\u0cbf\u0c82\u0ca4\u0cc1 \u0ca8\u0ca8\u0ccd\u0ca8\u0ca8\u0ccd\u0ca8\u0cc1 \u0cac\u0cb2\u0caa\u0ca1\u0cbf\u0cb8\u0cbf \u0ca8\u0ca8\u0ccd\u0ca8 \u0cae\u0cc2\u0cb2\u0c95 \u0cb8\u0cbe\u0cb0\u0cb2\u0ccd\u0caa\u0ca1\u0cc1\u0cb5\u0ca6\u0cc1 \u0cb8\u0c82\u0caa\u0cc2\u0cb0\u0ccd\u0ca3\u0cb5\u0cbe\u0c97\u0cbf \u0c97\u0ccd\u0cb0\u0cb9\u0cbf\u0c95\u0cc6 \u0caf\u0cbe\u0c97\u0cc1\u0cb5\u0c82\u0ca4\u0cc6\u0caf\u0cc2 \u0c85\u0ca8\u0ccd\u0caf\u0c9c\u0ca8\u0cb0\u0cc6\u0cb2\u0ccd\u0cb2\u0cb0\u0cc2 \u0c85\u0ca6\u0ca8\u0ccd\u0ca8\u0cc1 \u0c95\u0cc7\u0cb3\u0cc1\u0cb5\u0c82\u0ca4\u0cc6\u0caf\u0cc2 \u0cae\u0cbe\u0ca1\u0cbf\u0ca6\u0ca8\u0cc1; \u0c87\u0ca6\u0cb2\u0ccd\u0cb2\u0ca6\u0cc6 \u0c86\u0ca4\u0ca8\u0cc1 \u0ca8\u0ca8\u0ccd\u0ca8\u0ca8\u0ccd\u0ca8\u0cc1 \u0cb8\u0cbf\u0c82\u0cb9\u0ca6 \u0cac\u0cbe\u0caf\u0cca\u0cb3\u0c97\u0cbf\u0c82\u0ca6 \u0ca4\u0caa\u0ccd\u0caa\u0cbf\u0cb8\u0cbf\u0ca6\u0ca8\u0cc1."},{"Verseid":"54003017","Verse":"\u0ca8\u0ca8\u0ccd\u0ca8\u0ca8\u0ccd\u0ca8\u0cc1 \u0caa\u0ccd\u0cb0\u0ca4\u0cbf\u0caf\u0cca\u0c82\u0ca6\u0cc1 \u0ca6\u0cc1\u0cb7\u0ccd\u0c95\u0cc3\u0ca4\u0ccd\u0caf\u0ca6\u0cbf\u0c82\u0ca6 \u0c95\u0cb0\u0ccd\u0ca4\u0ca8\u0cc1 \u0ca4\u0caa\u0ccd\u0caa\u0cbf\u0cb8\u0cbf \u0ca4\u0ca8\u0ccd\u0ca8 \u0caa\u0cb0\u0cb2\u0ccb\u0c95\u0cb0\u0cbe\u0c9c\u0ccd\u0caf\u0c95\u0ccd\u0c95\u0cc6 \u0ca8\u0ca8\u0ccd\u0ca8\u0ca8\u0ccd\u0ca8\u0cc1 \u0c95\u0cbe\u0caa\u0cbe\u0ca1\u0cc1 \u0cb5\u0ca8\u0cc1. \u0caf\u0cc1\u0c97\u0caf\u0cc1\u0c97\u0cbe\u0c82\u0ca4\u0cb0\u0c97\u0cb3\u0cb2\u0ccd\u0cb2\u0cbf\u0caf\u0cc2 \u0c86\u0ca4\u0ca8\u0cbf\u0c97\u0cc6 \u0cae\u0cb9\u0cbf\u0cae\u0cc6. \u0c86\u0cae\u0cc6\u0ca8\u0ccd\u200c."},{"Verseid":"54003018","Verse":"\u0caa\u0ccd\u0cb0\u0cbf\u0cb8\u0ccd\u0c95\u0cb3\u0cbf\u0c97\u0cc2 \u0c85\u0c95\u0ccd\u0cb5\u0cbf\u0cb2\u0ccd\u0cb2\u0ca8\u0cbf\u0c97\u0cc2 \u0c92\u0ca8\u0cc6\u0cb8\u0cbf\u0cab\u0cca\u0cb0\u0ca8 \u0cae\u0ca8\u0cc6\u0caf \u0cb5\u0cb0\u0cbf\u0c97\u0cc2 \u0cb5\u0c82\u0ca6\u0ca8\u0cc6."},{"Verseid":"54003019","Verse":"\u0c8e\u0cb0\u0cb8\u0ccd\u0ca4\u0ca8\u0cc1 \u0c95\u0cca\u0cb0\u0cbf\u0c82\u0ca5\u0ca6\u0cb2\u0ccd\u0cb2\u0cbf \u0ca8\u0cbf\u0c82\u0ca4\u0ca8\u0cc1. \u0c86\u0ca6\u0cb0\u0cc6 \u0ca4\u0ccd\u0cb0\u0cca\u0cab\u0cbf\u0cae\u0ca8\u0cc1 \u0c85\u0cb8\u0ccc\u0c96\u0ccd\u0caf\u0cb5\u0cbe\u0c97\u0cbf\u0ca6\u0ccd\u0ca6\u0ca6\u0cb0\u0cbf\u0c82\u0ca6 \u0c85\u0cb5 \u0ca8\u0ca8\u0ccd\u0ca8\u0cc1 \u0ca8\u0cbe\u0ca8\u0cc1 \u0cae\u0cbf\u0cb2\u0cc7\u0ca4\u0ca6\u0cb2\u0ccd\u0cb2\u0cbf \u0cac\u0cbf\u0c9f\u0ccd\u0c9f\u0cc6\u0ca8\u0cc1."},{"Verseid":"54003020","Verse":"\u0c9a\u0cb3\u0cbf\u0c97\u0cbe\u0cb2\u0c95\u0ccd\u0c95\u0cc6 \u0cae\u0cc1\u0c82\u0c9a\u0cc6\u0caf\u0cc7 \u0cac\u0cb0\u0cc1\u0cb5\u0ca6\u0c95\u0ccd\u0c95\u0cc6 \u0caa\u0ccd\u0cb0\u0caf\u0ca4\u0ccd\u0ca8 \u0cae\u0cbe\u0ca1\u0cc1. \u0caf\u0cc1\u0cac\u0cc2 \u0cb2\u0ca8\u0cc2 \u0caa\u0cc2\u0ca6\u0cc6\u0caf\u0ca8\u0cc2 \u0cb2\u0cc0\u0ca8\u0ca8\u0cc2 \u0c95\u0ccd\u0cb2\u0ccc\u0ca6\u0ccd\u0caf\u0cb3\u0cc2 \u0c8e\u0cb2\u0ccd\u0cb2\u0cbe \u0cb8\u0cb9\u0ccb\u0ca6\u0cb0\u0cb0\u0cc2 \u0ca8\u0cbf\u0ca8\u0c97\u0cc6 \u0cb5\u0c82\u0ca6\u0ca8\u0cc6 \u0cb9\u0cc7\u0cb3\u0cc1\u0ca4\u0ccd\u0ca4\u0cbe\u0cb0\u0cc6."},{"Verseid":"54003021","Verse":"\u0c95\u0cb0\u0ccd\u0ca4\u0ca8\u0cbe\u0ca6 \u0caf\u0cc7\u0cb8\u0cc1 \u0c95\u0ccd\u0cb0\u0cbf\u0cb8\u0ccd\u0ca4\u0ca8\u0cc1 \u0ca8\u0cbf\u0ca8\u0ccd\u0ca8 \u0c86\u0ca4\u0ccd\u0cae\u0ca6 \u0cb8\u0c82\u0c97\u0ca1 \u0c87\u0cb0\u0cb2\u0cbf. \u0c95\u0cc3\u0caa\u0cc6\u0caf\u0cc1 \u0ca8\u0cbf\u0cae\u0ccd\u0cae\u0cca\u0c82\u0ca6\u0cbf\u0c97\u0cbf\u0cb0\u0cb2\u0cbf. \u0c86\u0cae\u0cc6\u0ca8\u0ccd\u200c."}]}]}