{"Chapter":[{"Verse":[{"Verseid":"55000000","Verse":"\u0ca6\u0cc7\u0cb5\u0cb0\u0cbe\u0ca6\u0cc1\u0c95\u0cca\u0c82\u0ca1\u0cb5\u0cb0 \u0ca8\u0c82\u0cac\u0cbf\u0c95\u0cc6\u0c97\u0ca8\u0cc1\u0cb8\u0cbe\u0cb0 \u0cb5\u0cc2 \u0cad\u0c95\u0ccd\u0ca4\u0cbf\u0c97\u0ca8\u0cc1\u0cb8\u0cbe\u0cb0\u0cb5\u0cbe\u0ca6 \u0cb8\u0ca4\u0ccd\u0caf\u0ca6 \u0ca4\u0cbf\u0cb3\u0cc1 \u0cb5\u0cb3\u0cbf\u0c95\u0cc6\u0c97\u0ca8\u0cc1\u0cb8\u0cbe\u0cb0\u0cb5\u0cc2 \u0ca6\u0cc7\u0cb5\u0cb0 \u0cb8\u0cc7\u0cb5\u0c95\u0ca8\u0cbe\u0ca6 \u0caf\u0cc7\u0cb8\u0cc1 \u0c95\u0ccd\u0cb0\u0cbf\u0cb8\u0ccd\u0ca4\u0ca8 \u0c85\u0caa\u0cca\u0cb8\u0ccd\u0ca4\u0cb2\u0ca8\u0cbe\u0c97\u0cbf\u0cb0\u0cc1\u0cb5 \u0caa\u0ccc\u0cb2\u0ca8\u0cc6\u0c82\u0cac \u0ca8\u0ca8\u0c97\u0cc6"},{"Verseid":"55000001","Verse":"\u0cb8\u0cc1\u0cb3\u0ccd\u0cb3\u0cbe\u0ca1\u0ca6 \u0ca6\u0cc7\u0cb5\u0cb0\u0cc1 \u0cb2\u0ccb\u0c95\u0ca6\u0cbe\u0cb0\u0c82\u0cad\u0c95\u0ccd\u0c95\u0cc6 \u0cae\u0cca\u0ca6\u0cb2\u0cc7 \u0cb5\u0cbe\u0c97\u0ccd\u0ca6\u0cbe\u0ca8 \u0cae\u0cbe\u0ca1\u0cbf\u0ca6 \u0ca8\u0cbf\u0ca4\u0ccd\u0caf\u0c9c\u0cc0\u0cb5\u0ca6 \u0ca8\u0cbf\u0cb0\u0cc0\u0c95\u0ccd\u0cb7\u0cc6\u0caf\u0ca8\u0ccd\u0ca8\u0cc1"},{"Verseid":"55000002","Verse":"\u0ca4\u0ca8\u0ccd\u0ca8 \u0cb5\u0cbe\u0c95\u0ccd\u0caf \u0cb8\u0cbe\u0cb0\u0ccb\u0ca3\u0ca6 \u0cae\u0cc2\u0cb2\u0c95 \u0ca4\u0c95\u0ccd\u0c95 \u0c95\u0cbe\u0cb2\u0ca6\u0cb2\u0ccd\u0cb2\u0cbf \u0caa\u0ccd\u0cb0\u0c95\u0c9f\u0cbf\u0cb8\u0cbf \u0ca8\u0cae\u0ccd\u0cae \u0cb0\u0c95\u0ccd\u0cb7\u0c95\u0ca8\u0cbe\u0ca6 \u0ca6\u0cc7\u0cb5\u0cb0 \u0c86\u0c9c\u0ccd\u0c9e\u0cc6\u0c97\u0ca8\u0cc1\u0cb8\u0cbe\u0cb0 \u0c86 \u0cb8\u0cbe\u0cb0\u0ccb\u0ca3 \u0cb5\u0ca8\u0ccd\u0ca8\u0cc1 \u0c92\u0caa\u0ccd\u0caa\u0cbf\u0cb8\u0cbf\u0ca6\u0ca8\u0cc1."},{"Verseid":"55000003","Verse":"\u0ca8\u0cae\u0ccd\u0cae\u0cb2\u0ccd\u0cb2\u0cbf \u0cb9\u0cc1\u0ca6\u0cc1\u0cb5\u0cbe\u0c97\u0cbf\u0cb0\u0cc1\u0cb5 \u0ca8\u0c82\u0cac\u0cbf\u0c95\u0cc6 \u0c97\u0ca8\u0cc1\u0cb8\u0cbe\u0cb0\u0cb5\u0cbe\u0c97\u0cbf \u0ca8\u0ca8\u0ccd\u0ca8 \u0ca8\u0cbf\u0c9c\u0c95\u0cc1\u0cae\u0cbe\u0cb0\u0ca8\u0cbe\u0ca6 \u0ca4\u0cc0\u0ca4\u0ca8\u0cbf\u0c97\u0cc6-- \u0ca4\u0c82\u0ca6\u0cc6\u0caf\u0cbe\u0ca6 \u0ca6\u0cc7\u0cb5\u0cb0\u0cbf\u0c82\u0ca6\u0cb2\u0cc2 \u0ca8\u0cae\u0ccd\u0cae \u0cb0\u0c95\u0ccd\u0cb7\u0c95\u0ca8\u0cc2 \u0c95\u0cb0\u0ccd\u0ca4\u0ca8\u0cc2 \u0c86\u0c97\u0cbf\u0cb0\u0cc1\u0cb5 \u0caf\u0cc7\u0cb8\u0cc1 \u0c95\u0ccd\u0cb0\u0cbf\u0cb8\u0ccd\u0ca4\u0ca8\u0cbf\u0c82\u0ca6\u0cb2\u0cc2 \u0ca8\u0cbf\u0ca8\u0c97\u0cc6 \u0c95\u0cc3\u0caa\u0cc6\u0caf\u0cc2 \u0c95\u0ca8\u0cbf\u0c95\u0cb0\u0cb5\u0cc2 \u0cb6\u0cbe\u0c82\u0ca4\u0cbf\u0caf\u0cc2 \u0c86\u0c97\u0cb2\u0cbf."},{"Verseid":"55000004","Verse":"\u0c88 \u0c95\u0cbe\u0cb0\u0ca3\u0ca6\u0cbf\u0c82\u0ca6 \u0c95\u0ccd\u0cb0\u0cc7\u0ca4\u0ca6\u0cb2\u0ccd\u0cb2\u0cbf \u0c87\u0ca8\u0ccd\u0ca8\u0cc2 \u0c95\u0ccd\u0cb0\u0cae\u0c95\u0ccd\u0c95\u0cc6 \u0cac\u0cbe\u0cb0\u0ca6\u0cbf\u0cb0\u0cc1\u0cb5\u0cb5\u0cc1\u0c97\u0cb3\u0ca8\u0ccd\u0ca8\u0cc1 \u0ca8\u0cc0\u0ca8\u0cc1 \u0c95\u0ccd\u0cb0\u0cae\u0caa\u0ca1\u0cbf\u0cb8\u0cbf \u0ca8\u0cbe\u0ca8\u0cc1 \u0ca8\u0cbf\u0ca8\u0c97\u0cc6 \u0ca8\u0cc7\u0cae\u0cbf\u0cb8\u0cbf\u0ca6 \u0caa\u0ccd\u0cb0\u0c95\u0cbe\u0cb0 \u0caa\u0ccd\u0cb0\u0ca4\u0cbf\u0caf\u0cca\u0c82\u0ca6\u0cc1 \u0caa\u0c9f\u0ccd\u0c9f\u0ca3 \u0ca6\u0cb2\u0ccd\u0cb2\u0cbf (\u0cb8\u0cad\u0cc6\u0caf) \u0cb9\u0cbf\u0cb0\u0cbf\u0caf\u0cb0\u0ca8\u0ccd\u0ca8\u0cc1 \u0ca8\u0cc7\u0cae\u0cbf\u0cb8\u0cac\u0cc7\u0c95\u0cc6\u0c82\u0ca6\u0cc1 \u0ca8\u0cbf\u0ca8\u0ccd\u0ca8\u0ca8\u0ccd\u0ca8\u0cc1 \u0c85\u0cb2\u0ccd\u0cb2\u0cc7 \u0cac\u0cbf\u0c9f\u0ccd\u0c9f\u0cc1 \u0cac\u0c82\u0ca6\u0cc6\u0ca8\u0cc1."},{"Verseid":"55000005","Verse":"\u0cb8\u0cad\u0cc6\u0caf \u0cb9\u0cbf\u0cb0\u0cbf\u0caf\u0ca8\u0cc1 \u0ca8\u0cbf\u0c82\u0ca6\u0cbe \u0cb0\u0cb9\u0cbf\u0ca4\u0ca8\u0cc2 \u0c8f\u0c95\u0caa\u0ca4\u0ccd\u0ca8\u0cbf\u0caf\u0cc1\u0cb3\u0ccd\u0cb3\u0cb5\u0ca8\u0cc2 \u0c86\u0c97\u0cbf\u0cb0\u0cac\u0cc7\u0c95\u0cc1. \u0c85\u0cb5\u0ca8 \u0cae\u0c95\u0ccd\u0c95\u0cb3\u0cc1 \u0ca8\u0c82\u0cac\u0cbf\u0c97\u0cb8\u0ccd\u0ca4\u0cb0\u0cbe\u0c97\u0cbf\u0cb0\u0cac\u0cc7\u0c95\u0cc1; \u0c85\u0cb5\u0cb0\u0cc1 \u0ca6\u0cc1\u0cb0\u0ccd\u0cae\u0cbe\u0cb0\u0ccd\u0c97 \u0cb8\u0ccd\u0ca4\u0cb0\u0cc6\u0ca8\u0cbf\u0cb8\u0cbf \u0c95\u0cca\u0c82\u0ca1\u0cb5\u0cb0\u0cbe\u0c97\u0cb2\u0cbf \u0c85\u0ca7\u0cbf\u0c95\u0cbe\u0cb0\u0c95\u0ccd\u0c95\u0cc6 \u0c92\u0cb3\u0c97\u0cbe\u0c97\u0ca6\u0cb5 \u0cb0\u0cbe\u0c97\u0cb2\u0cbf \u0c86\u0c97\u0cbf\u0cb0\u0cac\u0cbe\u0cb0\u0ca6\u0cc1."},{"Verseid":"55000006","Verse":"\u0caf\u0cbe\u0c95\u0c82\u0ca6\u0cb0\u0cc6 \u0cb8\u0cad\u0cbe\u0ca7\u0ccd\u0caf\u0c95\u0ccd\u0cb7\u0ca8\u0cc1 \u0ca6\u0cc7\u0cb5\u0cb0 \u0cae\u0ca8\u0cc6\u0cb5\u0cbe\u0cb0\u0ccd\u0ca4\u0cc6\u0caf\u0cb5\u0ca8\u0cbe\u0c97\u0cbf\u0cb0\u0cc1\u0cb5\u0ca6\u0cb0\u0cbf\u0c82\u0ca6 \u0ca8\u0cbf\u0c82\u0ca6\u0cbe \u0cb0\u0cb9\u0cbf\u0ca4\u0ca8\u0cbe\u0c97\u0cbf\u0cb0\u0cac\u0cc7\u0c95\u0cc1; \u0c85\u0cb5\u0ca8\u0cc1 \u0cb8\u0ccd\u0cb5\u0cc7\u0c9a\u0ccd\u0c9b\u0cbe\u0caa\u0cb0\u0ca8\u0cc2 \u0cae\u0cc1\u0c82\u0c97\u0ccb\u0caa\u0cbf\u0caf\u0cc2 \u0c95\u0cc1\u0ca1\u0cbf\u0caf\u0cc1\u0cb5\u0cb5\u0ca8\u0cc2 \u0cb9\u0cca\u0ca1\u0cc6\u0ca6\u0cbe\u0ca1\u0cc1 \u0cb5\u0cb5\u0ca8\u0cc2 \u0ca8\u0cc0\u0c9a\u0cb2\u0cbe\u0cad\u0cb5\u0ca8\u0ccd\u0ca8\u0cc1 \u0c85\u0caa\u0cc7\u0c95\u0ccd\u0cb7\u0cbf\u0cb8\u0cc1\u0cb5\u0cb5\u0ca8\u0cc2 \u0c86\u0c97\u0cbf\u0cb0\u0ca6\u0cc6"},{"Verseid":"55000007","Verse":"\u0c85\u0ca4\u0cbf\u0ca5\u0cbf\u0cb8\u0ca4\u0ccd\u0c95\u0cbe\u0cb0\u0cb5\u0ca8\u0ccd\u0ca8\u0cc1 \u0caa\u0ccd\u0cb0\u0cc0\u0ca4\u0cbf\u0cb8\u0cc1\u0cb5\u0cb5\u0ca8\u0cc1 \u0c92\u0cb3\u0ccd\u0cb3\u0cc6\u0caf\u0cb5\u0cb0\u0ca8\u0ccd\u0ca8\u0cc1 \u0caa\u0ccd\u0cb0\u0cc0\u0ca4\u0cbf\u0cb8\u0cc1\u0cb5\u0cb5\u0ca8\u0cc2 \u0cb8\u0ccd\u0cb5\u0cb8\u0ccd\u0ca5\u0c9a\u0cbf\u0ca4\u0ccd\u0ca4\u0ca8\u0cc2 \u0ca8\u0ccd\u0caf\u0cbe\u0caf\u0cb5\u0c82\u0ca4\u0ca8\u0cc2 \u0caa\u0cb0\u0cbf\u0cb6\u0cc1\u0ca6\u0ccd\u0ca7\u0ca8\u0cc2 \u0c9c\u0cbf\u0ca4\u0cc7\u0c82\u0ca6\u0ccd\u0cb0\u0cbf\u0caf\u0ca8\u0cc2 \u0c86\u0c97\u0cbf\u0ca6\u0ccd\u0ca6\u0cc1"},{"Verseid":"55000008","Verse":"\u0ca4\u0cbe\u0ca8\u0cc1 \u0cb8\u0ccd\u0cb5\u0cb8\u0ccd\u0ca5 \u0cac\u0ccb\u0ca7\u0ca8\u0cc6\u0caf\u0cbf\u0c82\u0ca6 \u0c8e\u0c9a\u0ccd\u0c9a\u0cb0\u0cbf\u0cb8\u0cc1\u0cb5\u0ca6\u0c95\u0ccd\u0c95\u0cc2 \u0c8e\u0ca6\u0cc1\u0cb0\u0cbf\u0cb8\u0cc1 \u0cb5\u0cb5\u0cb0\u0cc1 \u0c92\u0caa\u0ccd\u0caa\u0cc1\u0cb5\u0c82\u0ca4\u0cc6 \u0cae\u0cbe\u0ca1\u0cc1\u0cb5\u0ca6\u0c95\u0ccd\u0c95\u0cc2 \u0cb6\u0c95\u0ccd\u0ca4\u0ca8\u0cbe\u0c97\u0cbf\u0cb0\u0cc1\u0cb5\u0c82\u0ca4\u0cc6 \u0ca4\u0ca8\u0c97\u0cc6 \u0c95\u0cb2\u0cbf\u0cb8\u0cb2\u0ccd\u0caa\u0c9f\u0ccd\u0c9f \u0caa\u0ccd\u0cb0\u0c95\u0cbe\u0cb0 \u0cb5\u0cbf\u0cb6\u0ccd\u0cb5\u0cbe\u0cb8\u0ca6 \u0cb5\u0cbe\u0c95\u0ccd\u0caf\u0cb5\u0ca8\u0ccd\u0ca8\u0cc1 \u0ca6\u0cc3\u0ca2\u0cb5\u0cbe\u0c97\u0cbf \u0cb9\u0cbf\u0ca1\u0cbf\u0ca6\u0cc1\u0c95\u0cca\u0c82\u0ca1\u0cb5\u0ca8\u0cbe\u0c97\u0cbf\u0cb0\u0ca4\u0c95\u0ccd\u0c95\u0ca6\u0ccd\u0ca6\u0cc1."},{"Verseid":"55000009","Verse":"\u0c85\u0ca8\u0cc7\u0c95\u0cb0\u0cc1 \u0c85\u0cb5\u0cb0\u0cca\u0cb3\u0c97\u0cc6 \u0cae\u0cc1\u0c96\u0ccd\u0caf\u0cb5\u0cbe\u0c97\u0cbf \u0cb8\u0cc1\u0ca8\u0ccd\u0ca8\u0ca4\u0cbf \u0caf\u0cb5\u0cb0\u0cc1 \u0c85\u0ca7\u0cbf\u0c95\u0cbe\u0cb0\u0c95\u0ccd\u0c95\u0cc6 \u0c92\u0cb3\u0c97\u0cbe\u0c97\u0ca6\u0cb5\u0cb0\u0cc2 \u0cb5\u0ccd\u0caf\u0cb0\u0ccd\u0ca5\u0cb5\u0cbe\u0ca6 \u0cae\u0cbe\u0ca4\u0cbf\u0ca8\u0cb5\u0cb0\u0cc2 \u0cae\u0ccb\u0cb8\u0c97\u0cbe\u0cb0\u0cb0\u0cc2 \u0c86\u0c97\u0cbf\u0ca6\u0ccd\u0ca6\u0cbe\u0cb0\u0cc6;"},{"Verseid":"55000010","Verse":"\u0c85\u0cb5\u0cb0\u0cc1 \u0ca8\u0cc0\u0c9a\u0cb2\u0cbe\u0cad\u0cb5\u0ca8\u0ccd\u0ca8\u0cc1 \u0cb9\u0cca\u0c82\u0ca6\u0cc1\u0cb5\u0ca6\u0c95\u0ccd\u0c95\u0cbe\u0c97\u0cbf \u0cae\u0cbe\u0ca1\u0cac\u0cbe\u0cb0\u0ca6 \u0c89\u0caa\u0ca6\u0cc7\u0cb6\u0cb5\u0ca8\u0ccd\u0ca8\u0cc1 \u0cae\u0cbe\u0ca1\u0cbf \u0c87\u0ca1\u0cc0 \u0c95\u0cc1\u0c9f\u0cc1\u0c82\u0cac\u0c97\u0cb3\u0ca8\u0ccd\u0ca8\u0cc7 \u0cb9\u0cbe\u0cb3\u0cc1\u0cae\u0cbe\u0ca1\u0cc1\u0ca4\u0ccd\u0ca4\u0cbe\u0cb0\u0cbe\u0ca6\u0ca6\u0cb0\u0cbf\u0c82\u0ca6 \u0c85\u0cb5\u0cb0 \u0cac\u0cbe\u0caf\u0cbf\u0c97\u0cb3\u0ca8\u0ccd\u0ca8\u0cc1 \u0cae\u0cc1\u0c9a\u0ccd\u0c9a\u0cbf\u0cb8\u0ca4\u0c95\u0ccd\u0c95\u0ca6\u0ccd\u0ca6\u0cc1."},{"Verseid":"55000011","Verse":"\u0c95\u0ccd\u0cb0\u0cc7\u0ca4\u0ca6\u0cb5\u0cb0\u0cc1 \u0caf\u0cbe\u0cb5\u0cbe\u0c97\u0cb2\u0cc2 \u0cb8\u0cc1\u0cb3\u0ccd\u0cb3\u0cc1\u0c97\u0cbe\u0cb0\u0cb0\u0cc2 \u0ca6\u0cc1\u0cb7\u0ccd\u0c9f\u0cae\u0cc3\u0c97\u0c97\u0cb3\u0cc2 \u0cb9\u0cca\u0c9f\u0ccd\u0c9f\u0cc7\u0cac\u0cbe\u0c95\u0cb0\u0cc2 \u0c86\u0c97\u0cbf\u0ca6\u0ccd\u0ca6\u0cbe\u0cb0\u0cc6\u0c82\u0ca6\u0cc1 \u0c85\u0cb5\u0cb0 \u0cb8\u0ccd\u0cb5\u0c82\u0ca4 \u0caa\u0ccd\u0cb0\u0cb5\u0cbe\u0ca6\u0cbf\u0c97\u0cb3\u0cb2\u0ccd\u0cb2\u0cbf \u0c92\u0cac\u0ccd\u0cac\u0ca8\u0cc1 \u0cb9\u0cc7\u0cb3\u0cbf\u0ca6\u0ca8\u0cc1."},{"Verseid":"55000012","Verse":"\u0c88 \u0cb8\u0cbe\u0c95\u0ccd\u0cb7\u0cbf\u0caf\u0cc1 \u0ca8\u0cbf\u0c9c\u0cb5\u0cc7; \u0c86\u0ca6\u0ca6\u0cb0\u0cbf\u0c82\u0ca6 \u0c85\u0cb5\u0cb0\u0cc1 \u0ca8\u0c82\u0cac\u0cbf\u0c95\u0cc6\u0caf\u0cb2\u0ccd\u0cb2\u0cbf \u0cb8\u0ccd\u0cb5\u0cb8\u0ccd\u0ca5 \u0c9a\u0cbf\u0ca4\u0ccd\u0ca4\u0cb0\u0cbe\u0c97\u0cbf\u0cb0\u0cc1\u0cb5\u0c82\u0ca4\u0cc6 \u0c85\u0cb5 \u0cb0\u0ca8\u0ccd\u0ca8\u0cc1 \u0c95\u0ca0\u0cbf\u0ca3\u0cb5\u0cbe\u0c97\u0cbf \u0c96\u0c82\u0ca1\u0cbf\u0cb8\u0cc1."},{"Verseid":"55000013","Verse":"\u0c85\u0cb5\u0cb0\u0cc1 \u0caf\u0cc6\u0cb9\u0cc2\u0ca6\u0ccd\u0caf\u0cb0 \u0c95\u0cb2\u0ccd\u0caa\u0ca8\u0cbe\u0c95\u0ca5\u0cc6\u0c97\u0cb3\u0cbf\u0c97\u0cc2 \u0cb8\u0ca4\u0ccd\u0caf\u0cad\u0ccd\u0cb0\u0cb7\u0ccd\u0c9f\u0cb0\u0cbe\u0ca6 \u0cae\u0ca8\u0cc1\u0cb7\u0ccd\u0caf\u0cb0 \u0c86\u0c9c\u0ccd\u0c9e\u0cc6 \u0c97\u0cb3\u0cbf\u0c97\u0cc2 \u0cb2\u0c95\u0ccd\u0cb7\u0ccd\u0caf\u0c95\u0cca\u0ca1\u0cac\u0cbe\u0cb0\u0ca6\u0cc1."},{"Verseid":"55000014","Verse":"\u0cb6\u0cc1\u0ca6\u0ccd\u0ca7\u0cb0\u0cbf\u0c97\u0cc6 \u0c8e\u0cb2\u0ccd\u0cb2\u0cb5\u0cc2 \u0cb6\u0cc1\u0ca6\u0ccd\u0ca7\u0cb5\u0cc7; \u0c86\u0ca6\u0cb0\u0cc6 \u0cae\u0cb2\u0cbf\u0ca8\u0cb5\u0cbe\u0ca6\u0cb5\u0cb0\u0cbf\u0c97\u0cc2 \u0ca8\u0c82\u0cac\u0cbf\u0c95\u0cc6\u0caf\u0cbf\u0cb2\u0ccd\u0cb2 \u0ca6\u0cb5\u0cb0\u0cbf\u0c97\u0cc2 \u0caf\u0cbe\u0cb5\u0ca6\u0cc2 \u0cb6\u0cc1\u0ca6\u0ccd\u0ca7\u0cb5\u0cb2\u0ccd\u0cb2; \u0c86\u0ca6\u0cb0\u0cc6 \u0c85\u0cb5\u0cb0 \u0cac\u0cc1\u0ca6\u0ccd\u0ca7\u0cbf\u0caf\u0cc2 \u0cae\u0ca8\u0cb8\u0ccd\u0cb8\u0cbe\u0c95\u0ccd\u0cb7\u0cbf\u0caf\u0cc2 \u0c95\u0cc2\u0ca1 \u0cae\u0cb2\u0cbf\u0ca8\u0cb5\u0cbe\u0c97\u0cbf\u0cb5\u0cc6."},{"Verseid":"55000015","Verse":"\u0c85\u0cb5\u0cb0\u0cc1 \u0ca4\u0cbe\u0cb5\u0cc1 \u0ca6\u0cc7\u0cb5\u0cb0\u0ca8\u0ccd\u0ca8\u0cc1 \u0c85\u0cb0\u0cbf\u0ca4\u0cb5\u0cb0\u0cc6\u0c82\u0ca6\u0cc1 \u0cb9\u0cc7\u0cb3\u0cbf \u0c95\u0cca\u0cb3\u0ccd\u0cb3\u0cc1\u0ca4\u0ccd\u0ca4\u0cbe\u0cb0\u0cc6; \u0c86\u0ca6\u0cb0\u0cc6 \u0c85\u0cb5\u0cb0\u0cc1 \u0c85\u0cb8\u0cb9\u0ccd\u0caf\u0cb0\u0cc2 \u0c85\u0cb5\u0cbf\u0ca7\u0cc7\u0caf \u0cb0\u0cc2 \u0cb8\u0ca4\u0ccd\u0c95\u0cbe\u0cb0\u0ccd\u0caf\u0c97\u0cb3\u0cbf\u0c97\u0cc6\u0cb2\u0ccd\u0cb2\u0cbe \u0cad\u0ccd\u0cb0\u0cb7\u0ccd\u0c9f\u0cb0\u0cc2 \u0c86\u0c97\u0cbf\u0cb0\u0cc1\u0cb5\u0ca6\u0cb0\u0cbf\u0c82\u0ca6 \u0ca6\u0cc7\u0cb5\u0cb0\u0ca8\u0ccd\u0ca8\u0cc1 \u0ca4\u0cae\u0ccd\u0cae \u0c95\u0cc3\u0ca4\u0ccd\u0caf\u0c97\u0cb3\u0cbf\u0c82\u0ca6\u0cb2\u0cc7 \u0c85\u0cb2\u0ccd\u0cb2\u0c97\u0cb3\u0cc6\u0caf\u0cc1\u0cb5\u0cb0\u0cc1."}]},{"Verse":[{"Verseid":"55001000","Verse":"\u0ca8\u0cc0\u0ca8\u0cbe\u0ca6\u0cb0\u0ccb \u0cb8\u0ccd\u0cb5\u0cb8\u0ccd\u0ca5\u0cac\u0ccb\u0ca7\u0ca8\u0cc6\u0c97\u0cc6 \u0c85\u0ca8\u0cc1 \u0c97\u0cc1\u0ca3\u0cb5\u0cbe\u0c97\u0cbf \u0cae\u0cbe\u0ca4\u0ca8\u0cbe\u0ca1\u0cc1."},{"Verseid":"55001001","Verse":"\u0cb9\u0cc7\u0c97\u0cc6\u0c82\u0ca6\u0cb0\u0cc6, \u0cb5\u0cc3\u0ca6\u0ccd\u0ca7\u0cb0\u0cc1 \u0cb8\u0ccd\u0cb5\u0cb8\u0ccd\u0ca5\u0c9a\u0cbf\u0ca4\u0ccd\u0ca4\u0cb0\u0cbe\u0c97\u0cbf\u0cb0\u0cc1\u0cb5\u0cb5\u0cb0\u0cc2 \u0c97\u0ccc\u0cb0\u0cb5\u0cb5\u0cc1\u0cb3\u0ccd\u0cb3\u0cb5\u0cb0\u0cc2 \u0c9c\u0cbf\u0ca4\u0cc7\u0c82\u0ca6\u0ccd\u0cb0\u0cbf\u0caf\u0cb0\u0cc2 \u0ca8\u0c82\u0cac\u0cbf\u0c95\u0cc6 \u0caa\u0ccd\u0cb0\u0cc0\u0ca4\u0cbf \u0ca4\u0cbe\u0cb3\u0ccd\u0cae\u0cc6 \u0c87\u0cb5\u0cc1\u0c97\u0cb3\u0cb2\u0ccd\u0cb2\u0cbf \u0cb8\u0ccd\u0cb5\u0cb8\u0ccd\u0ca5\u0ca4\u0cc6\u0caf\u0cc1\u0cb3\u0ccd\u0cb3\u0cb5\u0cb0\u0cc2 \u0c86\u0c97\u0cbf\u0cb0\u0cac\u0cc7\u0c95\u0cc6\u0c82\u0ca6\u0cc1 \u0cb9\u0cc7\u0cb3\u0cc1."},{"Verseid":"55001002","Verse":"\u0c85\u0ca6\u0cc7 \u0caa\u0ccd\u0cb0\u0c95\u0cbe\u0cb0 \u0cb5\u0cc3\u0ca6\u0ccd\u0ca7\u0cb8\u0ccd\u0ca4\u0ccd\u0cb0\u0cc0\u0caf\u0cb0\u0cc1 \u0ca8\u0ca1\u0ca4\u0cc6\u0caf\u0cb2\u0ccd\u0cb2\u0cbf \u0caa\u0cb0\u0cbf\u0cb6\u0cc1\u0ca6\u0ccd\u0ca7\u0ca4\u0cc6\u0c97\u0cc6 \u0ca4\u0c95\u0ccd\u0c95 \u0cb9\u0cbe\u0c97\u0cc6 \u0c87\u0cb0\u0cc1\u0cb5\u0cb5\u0cb0\u0cbe\u0c97\u0cbf\u0ca6\u0ccd\u0ca6\u0cc1 \u0cb8\u0cc1\u0cb3\u0ccd\u0cb3\u0cbe\u0c97\u0cbf \u0ca6\u0cc2\u0cb0\u0cc1\u0cb5\u0cb5\u0cb0\u0cc2 \u0cb9\u0cc6\u0c9a\u0ccd\u0c9a\u0cbe\u0c97\u0cbf \u0cae\u0ca6\u0ccd\u0caf\u0caa\u0cbe\u0ca8 \u0cae\u0cbe\u0ca1\u0cc1\u0cb5\u0cb5\u0cb0\u0cc2 \u0c86\u0c97\u0cbf\u0cb0\u0ca6\u0cc6"},{"Verseid":"55001003","Verse":"\u0c87\u0ca6\u0cb2\u0ccd\u0cb2\u0ca6\u0cc6 \u0ca6\u0cc7\u0cb5\u0cb0 \u0cb5\u0cbe\u0c95\u0ccd\u0caf\u0cb5\u0cc1 \u0ca6\u0cc2\u0cb7\u0cbf\u0cb8\u0cb2\u0ccd\u0caa \u0ca1\u0ca6\u0c82\u0ca4\u0cc6 \u0caf\u0ccc\u0cb5\u0ca8 \u0cb8\u0ccd\u0ca4\u0ccd\u0cb0\u0cc0\u0caf\u0cb0\u0cc1 \u0cb8\u0ccd\u0cb5\u0cb8\u0ccd\u0ca5\u0c9a\u0cbf\u0ca4\u0ccd\u0ca4\u0cb0\u0cc2 \u0ca4\u0cae\u0ccd\u0cae \u0c97\u0c82\u0ca1\u0c82\u0ca6\u0cbf\u0cb0\u0ca8\u0ccd\u0ca8\u0cc1 \u0cae\u0ca4\u0ccd\u0ca4\u0cc1 \u0cae\u0c95\u0ccd\u0c95\u0cb3\u0ca8\u0ccd\u0ca8\u0cc1 \u0caa\u0ccd\u0cb0\u0cc0\u0ca4\u0cbf\u0cb8\u0cc1\u0cb5\u0cb5\u0cb0\u0cc2"},{"Verseid":"55001004","Verse":"\u0cb5\u0cbf\u0cb5\u0cc7\u0c95\u0cb5\u0cc1\u0cb3\u0ccd\u0cb3\u0cb5\u0cb0\u0cc2 \u0caa\u0ca4\u0cbf\u0cb5\u0ccd\u0cb0\u0ca4\u0cc6\u0caf\u0cb0\u0cc2 \u0cae\u0ca8\u0cc6\u0caf\u0ca8\u0ccd\u0ca8\u0cc1 \u0ca8\u0ccb\u0ca1\u0cbf\u0c95\u0cca\u0cb3\u0ccd\u0cb3\u0cc1\u0cb5\u0cb5\u0cb0\u0cc2 \u0c92\u0cb3\u0ccd\u0cb3\u0cc6\u0caf\u0cb5\u0cb0\u0cc2 \u0ca4\u0cae\u0ccd\u0cae \u0c97\u0c82\u0ca1\u0c82\u0ca6\u0cbf \u0cb0\u0cbf\u0c97\u0cc6 \u0cb5\u0cbf\u0ca7\u0cc7\u0caf\u0cb0\u0cc2 \u0c86\u0c97\u0cbf\u0cb0\u0cac\u0cc7\u0c95\u0cc6\u0c82\u0ca6\u0cc1 \u0c85\u0cb5\u0cb0\u0cbf\u0c97\u0cc6 \u0cb9\u0cc7\u0cb3\u0cc1."},{"Verseid":"55001005","Verse":"\u0cb9\u0cbe\u0c97\u0cc6\u0caf\u0cc7 \u0caf\u0ccc\u0cb5\u0ca8\u0cb8\u0ccd\u0ca5\u0cb0\u0cc1 \u0cb8\u0ccd\u0cb5\u0cb8\u0ccd\u0ca5\u0c9a\u0cbf\u0ca4\u0ccd\u0ca4\u0cb0\u0cbe\u0c97\u0cbf\u0cb0\u0cac\u0cc7\u0c95\u0cc6\u0c82\u0ca6\u0cc1 \u0c85\u0cb5\u0cb0\u0ca8\u0ccd\u0ca8\u0cc1 \u0c8e\u0c9a\u0ccd\u0c9a\u0cb0\u0cbf\u0cb8\u0cc1."},{"Verseid":"55001006","Verse":"\u0c8e\u0cb2\u0ccd\u0cb2\u0cbe \u0cb5\u0cbf\u0cb7\u0caf\u0c97\u0cb3\u0cb2\u0ccd\u0cb2\u0cbf \u0ca8\u0cbf\u0ca8\u0ccd\u0ca8\u0ca8\u0ccd\u0ca8\u0cc1 \u0cb8\u0ca4\u0ccd\u0c95\u0cbe\u0cb0\u0ccd\u0caf\u0c97\u0cb3 \u0cae\u0cbe\u0ca6\u0cb0\u0cbf\u0caf\u0cbe\u0c97\u0cbf \u0ca4\u0ccb\u0cb0\u0cbf\u0cb8\u0cbf\u0c95\u0cca\u0c82\u0ca1\u0cc1 \u0cac\u0ccb\u0ca7\u0ca8\u0cc6\u0caf\u0cb2\u0ccd\u0cb2\u0cbf \u0ca8\u0cbf\u0cb0\u0ccd\u0cae\u0cb2\u0ca4\u0ccd\u0cb5\u0cb5\u0ca8\u0ccd\u0ca8\u0cc2 \u0c97\u0ccc\u0cb0\u0cb5\u0cb5\u0ca8\u0ccd\u0ca8\u0cc2 \u0caf\u0ca5\u0cbe\u0cb0\u0ccd\u0ca5\u0ca4\u0cc6\u0caf\u0ca8\u0ccd\u0ca8\u0cc2 \u0c96\u0c82\u0ca1\u0cbf\u0cb8\u0cb2\u0cbe\u0c97\u0ca6\u0c82\u0ca5 \u0cb8\u0ccd\u0cb5\u0cb8\u0ccd\u0ca5\u0cb5\u0cbe\u0ca6 \u0cae\u0cbe\u0ca4\u0ca8\u0ccd\u0ca8\u0cc2 \u0ca4\u0ccb\u0cb0\u0cbf\u0cb8\u0cc1;"},{"Verseid":"55001007","Verse":"\u0c87\u0ca6\u0cb0\u0cbf\u0c82\u0ca6 \u0cb5\u0cbf\u0cb0\u0ccb\u0ca7\u0caa\u0c95\u0ccd\u0cb7 \u0ca6\u0cb5\u0ca8\u0cc1 \u0ca8\u0cbf\u0cae\u0ccd\u0cae \u0cb5\u0cbf\u0cb7\u0caf\u0ca6\u0cb2\u0ccd\u0cb2\u0cbf \u0c95\u0cc6\u0c9f\u0ccd\u0c9f\u0ca6\u0ccd\u0ca6\u0cc1 \u0cb9\u0cc7\u0cb3\u0cc1\u0cb5\u0ca6\u0c95\u0ccd\u0c95\u0cc6 \u0caf\u0cbe\u0cb5\u0ca6\u0cc2 \u0c87\u0cb2\u0ccd\u0cb2\u0ca6\u0cc6 \u0ca8\u0cbe\u0c9a\u0cbf\u0c95\u0cc6\u0caa\u0ca1\u0cc1\u0cb5\u0ca8\u0cc1."},{"Verseid":"55001008","Verse":"\u0cb8\u0cc7\u0cb5\u0c95\u0cb0\u0cc1 \u0ca4\u0cae\u0ccd\u0cae \u0cb8\u0ccd\u0cb5\u0c82\u0ca4 \u0caf\u0cbe\u0c9c\u0cae\u0cbe\u0ca8\u0cb0\u0cbf\u0c97\u0cc6 \u0cb5\u0cbf\u0ca7\u0cc7\u0caf\u0cb0\u0cbe\u0c97\u0cbf\u0ca6\u0ccd\u0ca6\u0cc1 \u0c8e\u0cb2\u0ccd\u0cb2\u0cb5\u0cc1 \u0c97\u0cb3\u0cb2\u0ccd\u0cb2\u0cbf \u0c85\u0cb5\u0cb0\u0ca8\u0ccd\u0ca8\u0cc1 \u0cae\u0cc6\u0c9a\u0ccd\u0c9a\u0cbf\u0cb8\u0cc1\u0cb5\u0ca6\u0c95\u0ccd\u0c95\u0cc6 \u0caa\u0ccd\u0cb0\u0caf\u0cbe\u0cb8\u0caa\u0ca1\u0cc1\u0ca4\u0ccd\u0ca4\u0cbe \u0c8e\u0ca6\u0cc1\u0cb0\u0cc1 \u0cae\u0cbe\u0ca4\u0ca8\u0ccd\u0ca8\u0cbe\u0ca1\u0ca6\u0cc6"},{"Verseid":"55001009","Verse":"\u0caf\u0cbe\u0cb5\u0ca6\u0ca8\u0ccd\u0ca8\u0cc2 \u0c95\u0ca6\u0ccd\u0ca6\u0cbf\u0c9f\u0ccd\u0c9f\u0cc1 \u0c95\u0cca\u0cb3\u0ccd\u0cb3\u0ca6\u0cc6 \u0caa\u0cc2\u0cb0\u0cbe \u0ca8\u0c82\u0cac\u0cbf\u0c97\u0cb8\u0ccd\u0ca4\u0cb0\u0cc6\u0c82\u0ca6\u0cc1 \u0ca4\u0ccb\u0cb0\u0cbf\u0cb8\u0cbf\u0c95\u0cca\u0c82\u0ca1\u0cc1 \u0ca8\u0cae\u0ccd\u0cae \u0cb0\u0c95\u0ccd\u0cb7\u0c95\u0ca8\u0cbe\u0ca6 \u0ca6\u0cc7\u0cb5\u0cb0 \u0c89\u0caa\u0ca6\u0cc7\u0cb6\u0c95\u0ccd\u0c95\u0cc6 \u0c8e\u0cb2\u0ccd\u0cb2\u0cbe \u0cb5\u0cbf\u0cb7\u0caf \u0c97\u0cb3\u0cb2\u0ccd\u0cb2\u0cbf \u0c85\u0cb2\u0c82\u0c95\u0cbe\u0cb0\u0cb5\u0cbe\u0c97\u0cbf\u0cb0\u0cac\u0cc7\u0c95\u0cc6\u0c82\u0ca6\u0cc1 \u0c8e\u0c9a\u0ccd\u0c9a\u0cb0\u0cbf\u0cb8\u0cc1."},{"Verseid":"55001010","Verse":"\u0caf\u0cbe\u0c95\u0c82\u0ca6\u0cb0\u0cc6 \u0c8e\u0cb2\u0ccd\u0cb2\u0cbe \u0cae\u0ca8\u0cc1\u0cb7\u0ccd\u0caf\u0cb0\u0cbf\u0c97\u0cc6 \u0cb0\u0c95\u0ccd\u0cb7\u0ca3\u0cc6\u0caf\u0ca8\u0ccd\u0ca8\u0cc1\u0c82\u0c9f\u0cc1 \u0cae\u0cbe\u0ca1\u0cc1\u0cb5 \u0ca6\u0cc7\u0cb5\u0cb0 \u0c95\u0cc3\u0caa\u0cc6\u0caf\u0cc1 \u0caa\u0ccd\u0cb0\u0ca4\u0ccd\u0caf\u0c95\u0ccd\u0cb7\u0cb5\u0cbe\u0caf\u0cbf\u0ca4\u0cc1."},{"Verseid":"55001011","Verse":"\u0ca8\u0cbe\u0cb5\u0cc1 \u0cad\u0c95\u0ccd\u0ca4\u0cbf\u0cb9\u0cc0\u0ca8\u0ca4\u0cc6\u0caf\u0ca8\u0ccd\u0ca8\u0cc2 \u0cb2\u0ccb\u0c95\u0ca6 \u0c86\u0cb6\u0cc6\u0c97\u0cb3\u0ca8\u0ccd\u0ca8\u0cc2 \u0ca4\u0cca\u0cb0\u0cc6\u0ca6\u0cc1 \u0c88\u0c97\u0cbf\u0ca8 \u0cb2\u0ccb\u0c95\u0ca6\u0cb2\u0ccd\u0cb2\u0cbf \u0cb8\u0ccd\u0cb5\u0cb8\u0ccd\u0ca5\u0c9a\u0cbf\u0ca4\u0ccd\u0ca4\u0cb0\u0cbe\u0c97\u0cbf\u0caf\u0cc2 \u0ca8\u0cc0\u0ca4\u0cbf\u0cb5\u0c82\u0ca4\u0cb0\u0cbe\u0c97\u0cbf\u0caf\u0cc2 \u0cad\u0c95\u0ccd\u0ca4\u0cbf\u0caf\u0cc1\u0cb3\u0ccd\u0cb3\u0cb5\u0cb0\u0cbe\u0c97\u0cbf\u0caf\u0cc2 \u0cac\u0ca6\u0cc1\u0c95 \u0cac\u0cc7\u0c95\u0cc6\u0c82\u0ca6\u0cc1 \u0c85\u0ca6\u0cc1 (\u0c85 \u0c95\u0cc3\u0caa\u0cc6\u0caf\u0cc1) \u0ca8\u0cae\u0c97\u0cc6 \u0cac\u0ccb\u0ca7\u0cbf\u0cb8\u0cc1 \u0ca4\u0ccd\u0ca4\u0ca6\u0cc6."},{"Verseid":"55001012","Verse":"\u0ca8\u0cbe\u0cb5\u0cc1 \u0cad\u0cbe\u0c97\u0ccd\u0caf\u0c95\u0cb0\u0cb5\u0cbe\u0ca6 \u0ca8\u0cbf\u0cb0\u0cc0\u0c95\u0ccd\u0cb7\u0cc6\u0caf\u0ca8\u0ccd\u0ca8\u0cc2 \u0cae\u0cb9\u0ca4\u0ccd\u0ca4\u0cbe\u0ca6 \u0ca6\u0cc7\u0cb5\u0cb0 \u0cae\u0ca4\u0ccd\u0ca4\u0cc1 \u0ca8\u0cae\u0ccd\u0cae \u0cb0\u0c95\u0ccd\u0cb7\u0c95\u0ca8\u0cbe\u0ca6 \u0caf\u0cc7\u0cb8\u0cc1 \u0c95\u0ccd\u0cb0\u0cbf\u0cb8\u0ccd\u0ca4\u0ca8 \u0caa\u0ccd\u0cb0\u0cad\u0cbe\u0cb5\u0ca6 \u0caa\u0ccd\u0cb0\u0ca4\u0ccd\u0caf\u0c95\u0ccd\u0cb7\u0ca4\u0cc6\u0caf\u0ca8\u0ccd\u0ca8\u0cc2 \u0c8e\u0ca6\u0cc1\u0cb0\u0cc1 \u0ca8\u0ccb\u0ca1\u0cc1\u0cb5\u0cb5\u0cb0\u0cbe\u0c97\u0cbf\u0ca6\u0ccd\u0ca6\u0cc7\u0cb5\u0cc6."},{"Verseid":"55001013","Verse":"\u0c86\u0ca4\u0ca8\u0cc1 \u0ca8\u0cae\u0ccd\u0cae\u0ca8\u0ccd\u0ca8\u0cc1 \u0cb8\u0c95\u0cb2 \u0ca6\u0cc1\u0cb7\u0ccd\u0c9f\u0ca4\u0ca8\u0ca6\u0cbf\u0c82\u0ca6 \u0cb5\u0cbf\u0cae\u0ccb\u0c9a\u0cbf\u0cb8\u0cc1\u0cb5\u0ca6\u0c95\u0ccd\u0c95\u0cc2 \u0cb8\u0ca4\u0ccd\u0c95\u0ccd\u0cb0\u0cbf\u0caf\u0cc6\u0c97\u0cb3\u0cb2\u0ccd\u0cb2\u0cbf \u0c86\u0cb8\u0c95\u0ccd\u0ca4\u0cb0\u0cbe\u0ca6 \u0c85\u0cb8\u0cae\u0cbe\u0ca8\u0ccd\u0caf \u0c9c\u0ca8\u0cb0\u0ca8\u0ccd\u0ca8\u0cc1 \u0ca4\u0ca8\u0c97\u0cbe\u0c97\u0cbf \u0caa\u0cb0\u0cbf\u0cb6\u0cc1\u0ca6\u0ccd\u0ca7 \u0cae\u0cbe\u0ca1\u0cc1\u0cb5\u0ca6\u0c95\u0ccd\u0c95\u0cc2 \u0ca8\u0cae\u0c97\u0ccb\u0cb8\u0ccd\u0c95\u0cb0 \u0ca4\u0ca8\u0ccd\u0ca8\u0ca8\u0ccd\u0ca8\u0cc1 \u0ca4\u0cbe\u0ca8\u0cc7 \u0c92\u0caa\u0ccd\u0caa\u0cbf\u0cb8\u0cbf \u0c95\u0cca\u0c9f\u0ccd\u0c9f\u0ca8\u0cc1."},{"Verseid":"55001014","Verse":"\u0c88 \u0c95\u0cbe\u0cb0\u0ccd\u0caf\u0c97\u0cb3 \u0cb5\u0cbf\u0cb7\u0caf\u0ca6\u0cb2\u0ccd\u0cb2\u0cbf \u0cae\u0cbe\u0ca4\u0ca8\u0cbe\u0ca1\u0cc1\u0ca4\u0ccd\u0ca4\u0cbe \u0c8e\u0c9a\u0ccd\u0c9a\u0cb0\u0cbf\u0cb8\u0cc1\u0ca4\u0ccd\u0ca4\u0cbe \u0caa\u0cc2\u0cb0\u0ccd\u0ca3 \u0c85\u0ca7\u0cbf\u0c95\u0cbe\u0cb0\u0ca6\u0cbf\u0c82\u0ca6 \u0c96\u0c82\u0ca1\u0cbf\u0cb8\u0cc1\u0ca4\u0ccd\u0ca4\u0cbe \u0c87\u0cb0\u0cc1. \u0caf\u0cbe\u0cb0\u0cc2 \u0ca8\u0cbf\u0ca8\u0ccd\u0ca8\u0ca8\u0ccd\u0ca8\u0cc1 \u0ca4\u0cbf\u0cb0\u0cb8\u0ccd\u0c95\u0cb0\u0cbf\u0cb8\u0ca6\u0cbf\u0cb0\u0cb2\u0cbf."}]},{"Verse":[{"Verseid":"55002000","Verse":"\u0ca6\u0cca\u0cb0\u0cc6\u0ca4\u0ca8\u0c97\u0cb3\u0cbf\u0c97\u0cc2 \u0c85\u0ca7\u0cbf\u0c95\u0cbe\u0cb0\u0cbf\u0c97\u0cb3\u0cbf\u0c97\u0cc2 \u0c92\u0cb3\u0c97\u0cbe\u0c97\u0cbf \u0ca8\u0ccd\u0caf\u0cbe\u0caf\u0cbe\u0ca7\u0cbf\u0caa\u0ca4\u0cbf\u0c97\u0cb3\u0cbf\u0c97\u0cc6 \u0cb5\u0cbf\u0ca7\u0cc7\u0caf \u0cb0\u0cbe\u0c97\u0cbf\u0cb0\u0cac\u0cc7\u0c95\u0cc6\u0c82\u0ca4\u0cb2\u0cc2 \u0caa\u0ccd\u0cb0\u0ca4\u0cbf\u0caf\u0cca\u0c82\u0ca6\u0cc1 \u0cb8\u0ca4\u0ccd\u0c95\u0ccd\u0cb0\u0cbf\u0caf\u0cc6\u0c97\u0cc6 \u0cb8\u0cbf\u0ca6\u0cb0\u0cbe\u0c97\u0cbf\u0cb0\u0cac\u0cc7\u0c95\u0cc6\u0c82\u0ca4\u0cb2\u0cc2"},{"Verseid":"55002001","Verse":"\u0caf\u0cbe\u0cb0 \u0cb5\u0cbf\u0cb7\u0caf\u0cb5\u0cbe\u0c97\u0cbf\u0caf\u0cc2 \u0c95\u0cc6\u0c9f\u0ccd\u0c9f \u0cae\u0cbe\u0ca4\u0ca8\u0ccd\u0ca8\u0cbe\u0ca1\u0ca6\u0cb5\u0cb0\u0cc2 \u0c9c\u0c97\u0cb3\u0cb5\u0cbe\u0ca1\u0ca6\u0cb5\u0cb0\u0cc2 \u0c86\u0c97\u0cbf\u0ca6\u0ccd\u0ca6\u0cc1 \u0cb8\u0cbe\u0ca7\u0cc1 \u0cb8\u0ccd\u0cb5\u0cad\u0cbe\u0cb5\u0cb5\u0cc1\u0cb3\u0ccd\u0cb3\u0cb5\u0cb0\u0cbe\u0c97\u0cbf \u0c8e\u0cb2\u0ccd\u0cb2\u0cbe \u0cae\u0ca8\u0cc1\u0cb7\u0ccd\u0caf\u0cb0\u0cbf\u0c97\u0cc6 \u0caa\u0cc2\u0cb0\u0ccd\u0ca3 \u0cb8\u0cbe\u0ca4\u0ccd\u0cb5\u0cbf\u0c95\u0ca4\u0ccd\u0cb5\u0cb5\u0ca8\u0ccd\u0ca8\u0cc1 \u0ca4\u0ccb\u0cb0\u0cbf\u0cb8\u0cac\u0cc7\u0c95\u0cc6\u0c82\u0ca4\u0cb2\u0cc2 \u0c85\u0cb5 \u0cb0\u0cbf\u0c97\u0cc6 \u0c9c\u0ccd\u0c9e\u0cbe\u0caa\u0c95\u0cae\u0cbe\u0ca1\u0cc1."},{"Verseid":"55002002","Verse":"\u0ca8\u0cbe\u0cb5\u0cc1 \u0cb8\u0cb9 \u0cae\u0cca\u0ca6\u0cb2\u0cc1 \u0c85\u0cb5\u0cbf\u0cb5\u0cc7\u0c95\u0cbf\u0c97\u0cb3\u0cc2 \u0c85\u0cb5\u0cbf\u0ca7\u0cc7\u0caf\u0cb0\u0cc2 \u0cae\u0ccb\u0cb8\u0cb9\u0ccb\u0ca6 \u0cb5\u0cb0\u0cc2 \u0ca8\u0cbe\u0ca8\u0cbe \u0cb5\u0cbf\u0ca7\u0cb5\u0cbe\u0ca6 \u0ca6\u0cc1\u0cb0\u0cbe\u0cb6\u0cc6\u0c97\u0cb3\u0cbf\u0c97\u0cc6 \u0cae\u0ca4\u0ccd\u0ca4\u0cc1 \u0cad\u0ccb\u0c97\u0c97\u0cb3\u0cbf\u0c97\u0cc6 \u0ca6\u0cbe\u0cb8\u0cb0\u0cc2 \u0c95\u0cc6\u0c9f\u0ccd\u0c9f\u0ca4\u0ca8 \u0cb9\u0cca\u0c9f\u0ccd\u0c9f\u0cc7\u0c95\u0cbf\u0c9a\u0ccd\u0c9a\u0cc1\u0c97\u0cb3\u0cb2\u0ccd\u0cb2\u0cbf \u0c9c\u0cc0\u0cb5\u0cbf\u0cb8\u0cc1\u0cb5\u0cb5\u0cb0\u0cc2 \u0c85\u0cb8\u0cb9\u0ccd\u0caf\u0cb0\u0cc2 \u0c92\u0cac\u0ccd\u0cac\u0cb0\u0ca8\u0ccd\u0ca8\u0cca\u0cac\u0ccd\u0cac\u0cb0\u0cc1 \u0cb9\u0c97\u0cc6 \u0cae\u0cbe\u0ca1\u0cc1\u0cb5\u0cb5\u0cb0\u0cc2 \u0c86\u0c97\u0cbf\u0ca6\u0ccd\u0ca6\u0cc6\u0cb5\u0cc1."},{"Verseid":"55002003","Verse":"\u0c86\u0ca6\u0cb0\u0cc6 \u0ca8\u0cae\u0ccd\u0cae \u0cb0\u0c95\u0ccd\u0cb7\u0c95\u0ca8\u0cbe\u0ca6 \u0ca6\u0cc7\u0cb5\u0cb0 \u0ca6\u0caf\u0cc6\u0caf\u0cc2 \u0caa\u0ccd\u0cb0\u0cc0\u0ca4\u0cbf\u0caf\u0cc2 \u0cae\u0ca8\u0cc1\u0cb7\u0ccd\u0caf\u0ca8 \u0c95\u0ca1\u0cc6\u0c97\u0cc6 \u0caa\u0ccd\u0cb0\u0ca4\u0ccd\u0caf\u0c95\u0ccd\u0cb7\u0cb5\u0cbe\u0ca6\u0cbe\u0c97"},{"Verseid":"55002004","Verse":"\u0ca8\u0cbe\u0cb5\u0cc1 \u0cae\u0cbe\u0ca1\u0cbf\u0ca6 \u0ca8\u0cc0\u0ca4\u0cbf\u0caf \u0c95\u0ccd\u0cb0\u0cbf\u0caf\u0cc6 \u0c97\u0cb3\u0cbf\u0c82\u0ca6\u0cb2\u0ccd\u0cb2, \u0c86\u0ca4\u0ca8 \u0c95\u0cb0\u0cc1\u0ca3\u0cc6\u0caf\u0cbf\u0c82\u0ca6\u0cb2\u0cc7 \u0caa\u0cc1\u0ca8\u0cb0\u0ccd\u0c9c\u0ca8\u0ccd\u0cae\u0ca6 \u0ca4\u0cca\u0cb3\u0cc6\u0caf\u0cc1\u0cb5\u0cbf\u0c95\u0cc6\u0caf\u0cbf\u0c82\u0ca6\u0cb2\u0cc2 \u0caa\u0cb5\u0cbf\u0ca4\u0ccd\u0cb0\u0cbe\u0ca4\u0ccd\u0cae\u0ca8\u0cc1 \u0ca8\u0cc2\u0ca4\u0ca8 \u0cb8\u0ccd\u0cb5\u0cad\u0cbe\u0cb5\u0cb5\u0ca8\u0ccd\u0ca8\u0cc1\u0c82\u0c9f\u0cc1 \u0cae\u0cbe\u0ca1\u0cc1\u0cb5\u0ca6\u0cb0\u0cbf\u0c82\u0ca6\u0cb2\u0cc2 \u0c86\u0ca4\u0ca8\u0cc1 \u0ca8\u0cae\u0ccd\u0cae\u0ca8\u0ccd\u0ca8\u0cc1 \u0cb0\u0c95\u0ccd\u0cb7\u0cbf\u0cb8\u0cbf\u0ca6\u0ca8\u0cc1."},{"Verseid":"55002005","Verse":"\u0c86\u0ca4\u0ca8\u0cc1 (\u0ca6\u0cc7\u0cb5\u0cb0\u0cc1) \u0ca8\u0cae\u0ccd\u0cae \u0cb0\u0c95\u0ccd\u0cb7\u0c95\u0ca8\u0cbe\u0ca6 \u0caf\u0cc7\u0cb8\u0cc1 \u0c95\u0ccd\u0cb0\u0cbf\u0cb8\u0ccd\u0ca4\u0ca8 \u0cae\u0cc2\u0cb2\u0c95 \u0c86\u0ca4\u0ca8\u0ca8\u0ccd\u0ca8\u0cc1 (\u0caa\u0cb5\u0cbf\u0ca4\u0ccd\u0cb0\u0cbe\u0ca4\u0ccd\u0cae\u0ca8\u0ca8\u0ccd\u0ca8\u0cc1) \u0ca8\u0cae\u0ccd\u0cae \u0cae\u0cc7\u0cb2\u0cc6 \u0ca7\u0cbe\u0cb0\u0cbe\u0cb3\u0cb5\u0cbe\u0c97\u0cbf \u0cb8\u0cc1\u0cb0\u0cbf\u0cb8\u0cbf \u0ca6\u0ccd\u0ca6\u0cbe\u0ca8\u0cc6."},{"Verseid":"55002006","Verse":"\u0ca8\u0cbe\u0cb5\u0cc1 \u0cb9\u0cc0\u0c97\u0cc6 \u0c86\u0ca4\u0ca8 \u0c95\u0cc3\u0caa\u0cc6\u0caf\u0cbf\u0c82\u0ca6 \u0ca8\u0cc0\u0ca4\u0cbf\u0cb5\u0c82\u0ca4 \u0cb0\u0cc6\u0c82\u0ca6\u0cc1 \u0ca8\u0cbf\u0cb0\u0ccd\u0ca3\u0caf\u0cbf\u0cb8\u0cb2\u0ccd\u0caa\u0c9f\u0ccd\u0c9f\u0cc1 \u0ca8\u0cbf\u0ca4\u0ccd\u0caf\u0c9c\u0cc0\u0cb5\u0ca6 \u0ca8\u0cbf\u0cb0\u0cc0\u0c95\u0ccd\u0cb7\u0cc6\u0c97\u0ca8\u0cc1 \u0cb8\u0cbe\u0cb0\u0cb5\u0cbe\u0c97\u0cbf \u0cac\u0cbe\u0ca7\u0ccd\u0caf\u0cb0\u0cbe\u0ca6\u0cc6\u0cb5\u0cc1."},{"Verseid":"55002007","Verse":"\u0c87\u0ca6\u0cc1 \u0ca8\u0c82\u0cac\u0ca4\u0c95\u0ccd\u0c95 \u0cae\u0cbe\u0ca4\u0cbe \u0c97\u0cbf\u0ca6\u0cc6. \u0ca6\u0cc7\u0cb5\u0cb0\u0cb2\u0ccd\u0cb2\u0cbf \u0ca8\u0c82\u0cac\u0cbf\u0c95\u0cc6 \u0c87\u0c9f\u0ccd\u0c9f\u0cbf\u0cb0\u0cc1\u0cb5\u0cb5\u0cb0\u0cc1 \u0cb8\u0ca4\u0ccd\u0c95\u0ccd\u0cb0\u0cbf\u0caf\u0cc6\u0c97\u0cb3\u0ca8\u0ccd\u0ca8\u0cc1 \u0cae\u0cbe\u0ca1\u0cc1\u0cb5\u0ca6\u0cb0\u0cb2\u0ccd\u0cb2\u0cbf \u0c9c\u0cbe\u0c97\u0cb0\u0cc2\u0c95\u0cb0\u0cbe\u0c97\u0cbf\u0cb0\u0cc1\u0cb5\u0c82\u0ca4\u0cc6 \u0ca8\u0cc0\u0ca8\u0cc1 \u0c88 \u0cae\u0cbe\u0ca4\u0cc1\u0c97\u0cb3\u0ca8\u0ccd\u0ca8\u0cc1 \u0caf\u0cbe\u0cb5\u0cbe\u0c97\u0cb2\u0cc2 \u0ca6\u0cc3\u0ca2\u0cb5\u0cbe\u0c97\u0cbf \u0cb9\u0cc7\u0cb3\u0cac\u0cc7\u0c95\u0cc6\u0c82\u0ca6\u0cc1 \u0c85\u0caa\u0cc7\u0c95\u0ccd\u0cb7\u0cbf\u0cb8\u0cc1\u0ca4\u0ccd\u0ca4\u0cc7\u0ca8\u0cc6. \u0c87\u0cb5\u0cc1 \u0cae\u0ca8\u0cc1\u0cb7\u0ccd\u0caf\u0cb0\u0cbf\u0c97\u0cc6 \u0c89\u0ca4\u0ccd\u0ca4\u0cae\u0cb5\u0cc2 \u0caa\u0ccd\u0cb0\u0caf\u0ccb\u0c9c\u0ca8\u0c95\u0cb0\u0cb5\u0cc2 \u0c86\u0c97\u0cbf\u0cb5\u0cc6."},{"Verseid":"55002008","Verse":"\u0c86\u0ca6\u0cb0\u0cc6 \u0cac\u0cc1\u0ca6\u0ccd\u0ca7\u0cbf\u0caf\u0cbf\u0cb2\u0ccd\u0cb2\u0ca6 \u0cb5\u0cbf\u0ca4\u0cb0\u0ccd\u0c95\u0c97\u0cb3\u0cbf\u0c97\u0cc2 \u0cb5\u0c82\u0cb6\u0cbe\u0cb5\u0cb3\u0cbf\u0c97\u0cb3\u0cbf\u0c97\u0cc2 \u0c9c\u0c97\u0cb3\u0c97\u0cb3\u0cbf\u0c97\u0cc2 \u0ca8\u0ccd\u0caf\u0cbe\u0caf\u0caa\u0ccd\u0cb0\u0cae\u0cbe\u0ca3\u0ca6 \u0cb5\u0cbf\u0cb7\u0caf\u0cb5\u0cbe\u0ca6 \u0cb5\u0cbe\u0c97\u0ccd\u0cb5\u0cbe\u0ca6\u0c97\u0cb3\u0cbf\u0c97\u0cc2 \u0ca6\u0cc2\u0cb0\u0cb5\u0cbe\u0c97\u0cbf\u0cb0\u0cc1; \u0caf\u0cbe\u0c95\u0c82\u0ca6\u0cb0\u0cc6 \u0c85\u0cb5\u0cc1 \u0ca8\u0cbf\u0cb7\u0ccd\u0caa\u0ccd\u0cb0\u0caf\u0ccb\u0c9c\u0ca8\u0cb5\u0cc2 \u0cb5\u0ccd\u0caf\u0cb0\u0ccd\u0ca5\u0cb5\u0cc2 \u0c86\u0c97\u0cbf\u0cb5\u0cc6."},{"Verseid":"55002009","Verse":"\u0cad\u0cc7\u0ca6 \u0cb9\u0cc1\u0c9f\u0ccd\u0c9f\u0cbf\u0cb8\u0cc1\u0cb5 \u0cae\u0ca8\u0cc1\u0cb7\u0ccd\u0caf\u0ca8\u0ca8\u0ccd\u0ca8\u0cc1 \u0c92\u0c82\u0ca6\u0cc6\u0cb0\u0ca1\u0cc1 \u0cb8\u0cbe\u0cb0\u0cbf \u0cac\u0cc1\u0ca6\u0ccd\u0ca7\u0cbf \u0cb9\u0cc7\u0cb3\u0cbf\u0ca6 \u0cae\u0cc7\u0cb2\u0cc6 \u0cac\u0cbf\u0c9f\u0ccd\u0c9f\u0cc1\u0cac\u0cbf\u0ca1\u0cc1;"},{"Verseid":"55002010","Verse":"\u0c85\u0c82\u0ca5\u0cb5\u0ca8\u0cc1 \u0cb8\u0ca8\u0ccd\u0cae\u0cbe\u0cb0\u0ccd\u0c97 \u0ca4\u0caa\u0ccd\u0caa\u0cbf\u0ca6\u0cb5\u0ca8\u0cc2 \u0caa\u0cbe\u0caa\u0cae\u0cbe\u0ca1\u0cc1\u0cb5\u0cb5\u0ca8\u0cc1 \u0c86\u0c97\u0cbf\u0ca6\u0ccd\u0ca6\u0cbe\u0ca8\u0cc6; \u0ca4\u0cbe\u0ca8\u0cc1 \u0cb6\u0cbf\u0c95\u0ccd\u0cb7\u0cbe\u0caa\u0cbe\u0ca4\u0ccd\u0cb0\u0ca8\u0cc6\u0c82\u0ca6\u0cc1 \u0ca4\u0ca8\u0ccd\u0ca8\u0ca8\u0ccd\u0ca8\u0cc1 \u0ca4\u0cbe\u0ca8\u0cc7 \u0c96\u0c82\u0ca1\u0cbf\u0cb8\u0cbf\u0c95\u0cca\u0cb3\u0ccd\u0cb3\u0cc1\u0cb5\u0ca8\u0cc1."},{"Verseid":"55002011","Verse":"\u0ca8\u0cbe\u0ca8\u0cc1 \u0ca8\u0cbf\u0c95\u0cca\u0caa\u0cca\u0cb2\u0cbf\u0caf\u0cb2\u0ccd\u0cb2\u0cbf \u0c9a\u0cb3\u0cbf\u0c97\u0cbe\u0cb2\u0cb5\u0ca8\u0ccd\u0ca8\u0cc1 \u0c95\u0cb3\u0cc6\u0caf\u0cac\u0cc7\u0c95\u0cc6\u0c82\u0ca6\u0cc1 \u0ca8\u0cbf\u0cb6\u0ccd\u0c9a\u0caf\u0cbf\u0cb8\u0cbf\u0c95\u0cca\u0c82\u0ca1\u0ca6\u0cb0\u0cbf\u0c82\u0ca6 \u0c85\u0cb0\u0ccd\u0ca4\u0cc6\u0cae\u0ca8 \u0ca8\u0ccd\u0ca8\u0cbe\u0c97\u0cb2\u0cbf \u0ca4\u0cc1\u0c96\u0cbf\u0c95\u0ca8\u0ca8\u0ccd\u0ca8\u0cbe\u0c97\u0cb2\u0cbf \u0ca8\u0cbf\u0ca8\u0ccd\u0ca8 \u0cac\u0cb3\u0cbf\u0c97\u0cc6 \u0c95\u0cb3\u0cc1\u0cb9\u0cbf\u0cb8\u0cbf\u0ca6 \u0c95\u0cc2\u0ca1\u0cb2\u0cc6 \u0c85\u0cb2\u0ccd\u0cb2\u0cbf\u0c97\u0cc6 \u0ca8\u0ca8\u0ccd\u0ca8 \u0cb9\u0ca4\u0ccd\u0ca4\u0cbf\u0cb0 \u0cac\u0cb0\u0cc1\u0cb5\u0ca6\u0c95\u0ccd\u0c95\u0cc6 \u0caa\u0ccd\u0cb0\u0caf\u0ca4\u0ccd\u0ca8 \u0cae\u0cbe\u0ca1\u0cc1."},{"Verseid":"55002012","Verse":"\u0ca8\u0ccd\u0caf\u0cbe\u0caf\u0cb6\u0cbe\u0cb8\u0ccd\u0ca4\u0ccd\u0cb0\u0cbf\u0caf\u0cbe\u0ca6 \u0c9c\u0cc7\u0ca8\u0ca8\u0ca8\u0ccd\u0ca8\u0cc2 \u0c85\u0caa\u0cca\u0cb2\u0ccd\u0cb2\u0ccb\u0cb8\u0ca8\u0ca8\u0ccd\u0ca8\u0cc2 \u0c9c\u0cbe\u0c97\u0ccd\u0cb0\u0ca4\u0cc6\u0caf\u0cbe\u0c97\u0cbf \u0cb8\u0cbe\u0c97\u0c95\u0cb3\u0cc1\u0cb9\u0cbf\u0cb8\u0cc1; \u0c85\u0cb5\u0cb0\u0cbf\u0c97\u0cc7\u0ca8\u0cc2 \u0c95\u0cca\u0cb0\u0ca4\u0cc6\u0caf\u0cbe\u0c97\u0cac\u0cbe\u0cb0\u0ca6\u0cc1."},{"Verseid":"55002013","Verse":"\u0c85\u0c97\u0ca4\u0ccd\u0caf \u0cb5\u0cbe\u0ca6 \u0c95\u0cca\u0cb0\u0ca4\u0cc6\u0c97\u0cb3\u0ca8\u0ccd\u0ca8\u0cc1 \u0ca8\u0cc0\u0c97\u0cbf\u0cb8\u0cc1\u0cb5 \u0cb8\u0ca4\u0ccd\u0c95\u0ccd\u0cb0\u0cbf\u0caf\u0cc6\u0c97\u0cb3\u0ca8\u0ccd\u0ca8\u0cc1 \u0cae\u0cbe\u0ca1\u0cc1\u0cb5\u0ca6 \u0c95\u0ccd\u0c95\u0cbe\u0c97\u0cbf \u0ca8\u0cae\u0ccd\u0cae\u0cb5\u0cb0\u0cc1 \u0cb8\u0cb9 \u0c95\u0cb2\u0cbf\u0ca4\u0cc1\u0c95\u0cca\u0cb3\u0ccd\u0cb3\u0cb2\u0cbf; \u0cb9\u0cc0\u0c97\u0cc6 \u0c85\u0cb5\u0cb0\u0cc1 \u0ca8\u0cbf\u0cb7\u0ccd\u0caa\u0cb2\u0cb0\u0cbe\u0c97\u0cbf\u0cb0\u0cc1\u0cb5\u0ca6\u0cbf\u0cb2\u0ccd\u0cb2."},{"Verseid":"55002014","Verse":"\u0ca8\u0ca8\u0ccd\u0ca8\u0cca\u0c82\u0ca6\u0cbf\u0c97\u0cbf\u0cb0\u0cc1\u0cb5\u0cb5\u0cb0\u0cc6\u0cb2\u0ccd\u0cb2\u0cb0\u0cc2 \u0ca8\u0cbf\u0ca8\u0c97\u0cc6 \u0cb5\u0c82\u0ca6\u0ca8\u0cc6 \u0cb9\u0cc7\u0cb3\u0cc1\u0ca4\u0ccd\u0ca4\u0cbe\u0cb0\u0cc6. \u0ca8\u0c82\u0cac\u0cbf\u0c95\u0cc6\u0caf\u0cb2\u0ccd\u0cb2\u0cbf \u0ca8\u0cae\u0ccd\u0cae\u0ca8\u0ccd\u0ca8\u0cc1 \u0caa\u0ccd\u0cb0\u0cc0\u0ca4\u0cbf\u0cb8\u0cc1\u0cb5\u0cb5\u0cb0\u0cbf\u0c97\u0cc6 \u0cb5\u0c82\u0ca6\u0ca8\u0cc6 \u0cb9\u0cc7\u0cb3\u0cc1. \u0c95\u0cc3\u0caa\u0cc6\u0caf\u0cc1 \u0ca8\u0cbf\u0cae\u0ccd\u0cae\u0cc6\u0cb2\u0ccd\u0cb2\u0cb0\u0cca\u0c82\u0ca6\u0cbf\u0c97\u0cc6 \u0c87\u0cb0\u0cb2\u0cbf. \u0c86\u0cae\u0cc6\u0ca8\u0ccd\u200c."}]}]}