{"Chapter":[{"Verse":[{"Verseid":"58000000","Verse":"\u0ca6\u0cc7\u0cb5\u0cb0\u0cbf\u0c97\u0cc2 \u0c95\u0cb0\u0ccd\u0ca4\u0ca8\u0cbe\u0ca6 \u0caf\u0cc7\u0cb8\u0cc1 \u0c95\u0ccd\u0cb0\u0cbf\u0cb8\u0ccd\u0ca4\u0ca8\u0cbf\u0c97\u0cc2 \u0ca6\u0cbe\u0cb8\u0ca8\u0cbe\u0c97\u0cbf\u0cb0\u0cc1\u0cb5 \u0caf\u0cbe\u0c95\u0ccb\u0cac \u0ca8\u0cc1 \u0c85\u0ca8\u0ccd\u0caf\u0ca6\u0cc7\u0cb6\u0c97\u0cb3\u0cb2\u0ccd\u0cb2\u0cbf \u0c9a\u0ca6\u0cb0\u0cbf\u0cb0\u0cc1\u0cb5 (\u0c87\u0cb8\u0ccd\u0cb0\u0cbe\u0caf\u0cc7\u0cb2\u0ccd\u200c) \u0cb9\u0ca8\u0ccd\u0ca8\u0cc6\u0cb0\u0ca1\u0cc1 \u0c97\u0ccb\u0ca4\u0ccd\u0cb0\u0ca6\u0cb5\u0cb0\u0cbf\u0c97\u0cc6 \u0cb5\u0c82\u0ca6\u0ca8\u0cc6."},{"Verseid":"58000001","Verse":"\u0ca8\u0ca8\u0ccd\u0ca8 \u0cb8\u0cb9\u0ccb\u0ca6\u0cb0\u0cb0\u0cc7, \u0ca8\u0cc0\u0cb5\u0cc1 \u0ca8\u0cbe\u0ca8\u0cbe\u0cb5\u0cbf\u0ca7\u0cb5\u0cbe\u0ca6 \u0cb8\u0c82\u0c95\u0c9f\u0c97\u0cb3\u0cb2\u0ccd\u0cb2\u0cbf \u0cac\u0cbf\u0ca6\u0ccd\u0ca6\u0cbf\u0cb0\u0cc1\u0cb5\u0cbe\u0c97 \u0c85\u0ca6\u0ca8\u0ccd\u0ca8\u0cc1 \u0c95\u0cc7\u0cb5\u0cb2 \u0c86\u0ca8\u0c82\u0ca6 \u0c95\u0cb0\u0cb5\u0cbe\u0ca6\u0ca6\u0ccd\u0ca6\u0cc6\u0c82\u0ca6\u0cc1 \u0c8e\u0ca3\u0cbf\u0cb8\u0cbf\u0cb0\u0cbf."},{"Verseid":"58000002","Verse":"\u0ca8\u0cbf\u0cae\u0ccd\u0cae \u0ca8\u0c82\u0cac\u0cbf\u0c95\u0cc6\u0c97\u0cc6 \u0c86\u0c97\u0cc1\u0cb5 \u0caa\u0cb0\u0cbf\u0cb6\u0ccb\u0ca7\u0ca8\u0cc6\u0caf\u0cc1 \u0ca4\u0cbe\u0cb3\u0ccd\u0cae\u0cc6\u0caf\u0ca8\u0ccd\u0ca8\u0cc1\u0c82\u0c9f\u0cc1 \u0cae\u0cbe\u0ca1\u0cc1\u0ca4\u0ccd\u0ca4\u0ca6\u0cc6\u0c82\u0ca6\u0cc1 \u0ca8\u0cc0\u0cb5\u0cc1 \u0ca4\u0cbf\u0cb3\u0cbf\u0caf\u0cbf\u0cb0\u0cbf."},{"Verseid":"58000003","Verse":"\u0c86 \u0ca4\u0cbe\u0cb3\u0ccd\u0cae\u0cc6\u0caf\u0cc1 \u0cb8\u0cbf\u0ca6\u0ccd\u0ca6\u0cbf\u0c97\u0cc6 \u0cac\u0c82\u0ca6\u0cbe\u0c97 \u0ca8\u0cc0\u0cb5\u0cc1 \u0cb8\u0c82\u0caa\u0cc2\u0cb0\u0ccd\u0ca3\u0cb0\u0cc2 \u0cb8\u0cbf\u0ca6\u0ccd\u0ca7\u0cb5\u0cbe\u0ca6\u0cb5\u0cb0\u0cc2 \u0caf\u0cbe\u0cb5\u0ca6\u0cb0 \u0cb2\u0ccd\u0cb2\u0cbf\u0caf\u0cc2 \u0c95\u0ca1\u0cbf\u0cae\u0cc6\u0caf\u0cbf\u0cb2\u0ccd\u0cb2\u0ca6\u0cb5\u0cb0\u0cc2 \u0c86\u0c97\u0cbf\u0cb0\u0cc1\u0cb5\u0cbf\u0cb0\u0cbf."},{"Verseid":"58000004","Verse":"\u0ca8\u0cbf\u0cae\u0ccd\u0cae\u0cb2\u0ccd\u0cb2\u0cbf \u0caf\u0cbe\u0cb5\u0ca8\u0cbf\u0c97\u0cbe\u0ca6\u0cb0\u0cc2 \u0c9c\u0ccd\u0c9e\u0cbe\u0ca8 \u0c95\u0ca1\u0cbf\u0cae\u0cc6 \u0caf\u0cbe\u0c97\u0cbf\u0ca6\u0ccd\u0ca6\u0cb0\u0cc6 \u0c85\u0cb5\u0ca8\u0cc1 \u0ca6\u0cc7\u0cb5\u0cb0\u0ca8\u0ccd\u0ca8\u0cc1 \u0c95\u0cc7\u0cb3\u0cbf\u0c95\u0cca\u0cb3\u0ccd\u0cb3\u0cb2\u0cbf, \u0c85\u0ca6\u0cc1 \u0c85\u0cb5\u0ca8\u0cbf\u0c97\u0cc6 \u0ca6\u0cca\u0cb0\u0c95\u0cc1\u0cb5\u0ca6\u0cc1; \u0ca6\u0cc7\u0cb5\u0cb0\u0cc1 \u0cb9\u0c82\u0c97\u0cbf\u0cb8\u0ca6\u0cc6 \u0c8e\u0cb2\u0ccd\u0cb2 \u0cb0\u0cbf\u0c97\u0cc2 \u0c89\u0ca6\u0cbe\u0cb0 \u0cae\u0ca8\u0cb8\u0ccd\u0cb8\u0cbf\u0ca8\u0cbf\u0c82\u0ca6 \u0c95\u0cca\u0ca1\u0cc1\u0cb5\u0cbe\u0ca4\u0ca8\u0cbe\u0c97\u0cbf\u0ca6\u0ccd\u0ca6\u0cbe\u0ca8\u0cc6."},{"Verseid":"58000005","Verse":"\u0c86\u0ca6\u0cb0\u0cc6 \u0c85\u0cb5\u0ca8\u0cc1 \u0cb8\u0ccd\u0cb5\u0cb2\u0ccd\u0caa\u0cb5\u0cc2 \u0cb8\u0c82\u0ca6\u0cc7\u0cb9 \u0caa\u0ca1\u0ca6\u0cc6 \u0ca8\u0c82\u0cac\u0cbf\u0c95\u0cc6 \u0caf\u0cb2\u0ccd\u0cb2\u0cbf \u0c95\u0cc7\u0cb3\u0cbf\u0c95\u0cca\u0cb3\u0ccd\u0cb3\u0cb2\u0cbf. \u0caf\u0cbe\u0c95\u0c82\u0ca6\u0cb0\u0cc6 \u0cb8\u0c82\u0ca6\u0cc7\u0cb9\u0caa\u0ca1\u0cc1\u0cb5 \u0cb5\u0ca8\u0cc1 \u0c97\u0cbe\u0cb3\u0cbf\u0caf\u0cbf\u0c82\u0ca6 \u0cac\u0ca1\u0cbf\u0caf\u0cb2\u0ccd\u0caa\u0c9f\u0ccd\u0c9f \u0cb8\u0cae\u0cc1\u0ca6\u0ccd\u0cb0\u0ca6 \u0ca4\u0cc6\u0cb0\u0cc6 \u0caf\u0c82\u0ca4\u0cc6 \u0c85\u0cb2\u0cc6\u0ca6\u0cbe\u0ca1\u0cc1\u0ca4\u0ccd\u0ca4\u0cbf\u0cb0\u0cc1\u0cb5\u0ca8\u0cc1."},{"Verseid":"58000006","Verse":"\u0c86 \u0cae\u0ca8\u0cc1\u0cb7\u0ccd\u0caf\u0ca8\u0cc1 \u0ca4\u0cbe\u0ca8\u0cc1 \u0c95\u0cb0\u0ccd\u0ca4\u0ca8\u0cbf\u0c82\u0ca6 \u0c8f\u0ca8\u0cbe\u0ca6\u0cb0\u0cc2 \u0cb9\u0cca\u0c82\u0ca6\u0cc1\u0cb5\u0cc6\u0ca8\u0cc6\u0c82\u0ca6\u0cc1 \u0cad\u0cbe\u0cb5\u0cbf\u0cb8\u0ca6\u0cc6 \u0c87\u0cb0\u0cb2\u0cbf."},{"Verseid":"58000007","Verse":"\u0c8e\u0cb0\u0ca1\u0cc1 \u0cae\u0ca8\u0cb8\u0ccd\u0cb8\u0cc1\u0cb3\u0ccd\u0cb3\u0cb5\u0ca8\u0cc1 \u0ca4\u0ca8\u0ccd\u0ca8 \u0cae\u0cbe\u0cb0\u0ccd\u0c97\u0c97\u0cb3 \u0cb2\u0ccd\u0cb2\u0cc6\u0cb2\u0ccd\u0cb2\u0cbe \u0c9a\u0c82\u0c9a\u0cb2\u0ca8\u0cbe\u0c97\u0cbf\u0ca6\u0ccd\u0ca6\u0cbe\u0ca8\u0cc6."},{"Verseid":"58000008","Verse":"\u0cb9\u0cc0\u0ca8\u0cb8\u0ccd\u0ca5\u0cbf\u0ca4\u0cbf\u0caf\u0cb2\u0ccd\u0cb2\u0cbf\u0cb0\u0cc1\u0cb5 \u0cb8\u0cb9\u0ccb\u0ca6\u0cb0\u0ca8\u0cc1 \u0ca4\u0cbe\u0ca8\u0cc1 \u0c89\u0ca8\u0ccd\u0ca8\u0ca4 \u0cb8\u0ccd\u0ca5\u0cbf\u0ca4\u0cbf\u0c97\u0cc6 \u0cac\u0c82\u0ca6\u0cc6\u0ca8\u0cc6\u0c82\u0ca6\u0cc1 \u0c89\u0cb2\u0ccd\u0cb2\u0cbe\u0cb8\u0caa\u0ca1\u0cb2\u0cbf;"},{"Verseid":"58000009","Verse":"\u0c90\u0cb6\u0ccd\u0cb5\u0cb0\u0ccd\u0caf \u0cb5\u0c82\u0ca4\u0ca8\u0cbe\u0ca6 \u0cb8\u0cb9\u0ccb\u0ca6\u0cb0\u0ca8\u0cc1 \u0ca4\u0cbe\u0ca8\u0cc1 \u0ca6\u0cc0\u0ca8\u0cb8\u0ccd\u0ca5\u0cbf\u0ca4\u0cbf\u0c97\u0cc6 \u0cac\u0c82\u0ca6\u0cc6 \u0ca8\u0cc6\u0c82\u0ca6\u0cc1 \u0c89\u0cb2\u0ccd\u0cb2\u0cbe\u0cb8\u0caa\u0ca1\u0cb2\u0cbf. \u0c86\u0ca6\u0cb0\u0cc6 \u0c90\u0cb6\u0ccd\u0cb5\u0cb0\u0ccd\u0caf\u0cb5\u0c82\u0ca4\u0ca8\u0cc1 \u0cb9\u0cc1\u0cb2\u0ccd\u0cb2\u0cbf\u0ca8 \u0cb9\u0cc2\u0cb5\u0cbf\u0ca8\u0c82\u0ca4\u0cc6 \u0c97\u0ca4\u0cbf\u0cb8\u0cbf \u0cb9\u0ccb\u0c97\u0cc1\u0cb5\u0ca8\u0cc1."},{"Verseid":"58000010","Verse":"\u0cb8\u0cc2\u0cb0\u0ccd\u0caf\u0ca8\u0cc1 \u0c89\u0ca6\u0caf\u0cbf\u0cb8\u0cbf\u0ca6 \u0ca4\u0c95\u0ccd\u0cb7\u0ca3\u0cb5\u0cc7 \u0c89\u0cb7\u0ccd\u0ca3\u0ca4\u0cc6 \u0caf\u0cbf\u0c82\u0ca6 \u0cb9\u0cc1\u0cb2\u0ccd\u0cb2\u0ca8\u0ccd\u0ca8\u0cc1 \u0cac\u0cbe\u0ca1\u0cbf\u0cb8\u0cb2\u0cc1 \u0c86 \u0cb9\u0cc1\u0cb2\u0ccd\u0cb2\u0cbf\u0ca8 \u0cb9\u0cc2\u0cb5\u0cc1 \u0c89\u0ca6\u0cc1\u0cb0\u0cbf \u0c85\u0ca6\u0cb0 \u0cb0\u0cc2\u0caa\u0ca6 \u0cb8\u0cca\u0c97\u0cb8\u0cc1 \u0ca8\u0cbe\u0cb6\u0cb5\u0cbe\u0c97\u0cc1 \u0cb5\u0ca6\u0cb7\u0ccd\u0c9f\u0cc7. \u0cb9\u0cc0\u0c97\u0cc6\u0caf\u0cc7 \u0c90\u0cb6\u0ccd\u0cb5\u0cb0\u0ccd\u0caf\u0cb5\u0c82\u0ca4\u0ca8\u0cc1 \u0ca4\u0ca8\u0ccd\u0ca8 \u0ca6\u0cbe\u0cb0\u0cbf \u0c97\u0cb3\u0cb2\u0ccd\u0cb2\u0cbf \u0cac\u0cbe\u0ca1\u0cbf \u0cb9\u0ccb\u0c97\u0cc1\u0cb5\u0ca8\u0cc1."},{"Verseid":"58000011","Verse":"\u0c95\u0cb7\u0ccd\u0c9f\u0c97\u0cb3\u0ca8\u0ccd\u0ca8\u0cc1 \u0cb8\u0cb9\u0cbf\u0cb8\u0cbf\u0c95\u0cca\u0cb3\u0ccd\u0cb3\u0cc1\u0cb5\u0cb5\u0ca8\u0cc1 \u0ca7\u0ca8\u0ccd\u0caf\u0ca8\u0cc1; \u0c85\u0cb5\u0ca8\u0cc1 \u0caa\u0cb0\u0cbf\u0cb6\u0ccb\u0ca7\u0cbf\u0ca4\u0ca8\u0cbe\u0ca6 \u0cae\u0cc7\u0cb2\u0cc6 \u0c95\u0cb0\u0ccd\u0ca4\u0ca8\u0cc1 \u0ca4\u0ca8\u0ccd\u0ca8\u0ca8\u0ccd\u0ca8\u0cc1 \u0caa\u0ccd\u0cb0\u0cc0\u0ca4\u0cbf\u0cb8\u0cc1\u0cb5\u0cb5\u0cb0\u0cbf\u0c97\u0cc6 \u0cb5\u0cbe\u0c97\u0ccd\u0ca6\u0cbe\u0ca8 \u0cae\u0cbe\u0ca1\u0cbf\u0ca6 \u0c9c\u0cc0\u0cb5\u0ca6 \u0c95\u0cbf\u0cb0\u0cc0\u0c9f \u0cb5\u0ca8\u0ccd\u0ca8\u0cc1 \u0cb9\u0cca\u0c82\u0ca6\u0cc1\u0cb5\u0ca8\u0cc1;"},{"Verseid":"58000012","Verse":"\u0caf\u0cbe\u0cb5\u0ca8\u0cbe\u0ca6\u0cb0\u0cc2 \u0cb6\u0ccb\u0ca7\u0ca8\u0cc6\u0c97\u0cc6 \u0caa\u0ccd\u0cb0\u0cc7\u0cb0\u0cc7\u0caa\u0cbf\u0cb8\u0cb2\u0ccd\u0caa\u0ca1\u0cc1\u0cb5\u0cbe\u0c97--\u0c88 \u0caa\u0ccd\u0cb0\u0cc7\u0cb0\u0ca3\u0cc6\u0caf\u0cc1 \u0ca8\u0ca8\u0c97\u0cc6 \u0ca6\u0cc7\u0cb5\u0cb0\u0cbf\u0c82\u0ca6 \u0c89\u0c82\u0c9f\u0cbe\u0caf\u0cbf\u0ca4\u0cc6\u0c82\u0ca6\u0cc1 \u0cb9\u0cc7\u0cb3\u0cac\u0cbe\u0cb0\u0ca6\u0cc1. \u0caf\u0cbe\u0c95\u0c82\u0ca6\u0cb0\u0cc6 \u0ca6\u0cc7\u0cb5\u0cb0\u0cc1 \u0c95\u0cc6\u0c9f\u0ccd\u0c9f\u0ca6\u0ccd\u0ca6\u0cb0\u0cbf\u0c82\u0ca6 \u0cb6\u0ccb\u0ca7\u0cbf\u0cb8\u0cb2\u0cbe\u0cb0\u0ca8\u0cc1; \u0c86\u0ca4\u0ca8\u0cc1 \u0caf\u0cbe\u0cb0\u0ca8\u0ccd\u0ca8\u0cc2 \u0cb6\u0ccb\u0ca7\u0cbf\u0cb8\u0cc1\u0cb5\u0ca6\u0cc2 \u0c87\u0cb2\u0ccd\u0cb2."},{"Verseid":"58000013","Verse":"\u0c86\u0ca6\u0cb0\u0cc6 \u0caa\u0ccd\u0cb0\u0ca4\u0cbf\u0caf\u0cca\u0cac\u0ccd\u0cac\u0ca8\u0cc1 \u0ca4\u0ca8\u0ccd\u0ca8 \u0cb8\u0ccd\u0cb5\u0c82\u0ca4 \u0ca6\u0cc1\u0cb0\u0cbe\u0cb6\u0cc6\u0caf\u0cbf\u0c82\u0ca6 \u0c8e\u0cb3\u0cc6\u0caf\u0cb2\u0ccd\u0caa\u0c9f\u0ccd\u0c9f\u0cc1 \u0cae\u0cb0\u0cc1\u0cb3\u0cc1\u0c97\u0cca\u0c82\u0ca1\u0cb5\u0ca8\u0cbe\u0c97\u0cbf \u0cb6\u0ccb\u0ca7\u0cbf\u0cb8\u0cb2\u0ccd\u0caa\u0ca1\u0cc1\u0ca4\u0ccd\u0ca4\u0cbe\u0ca8\u0cc6."},{"Verseid":"58000014","Verse":"\u0c86\u0cae\u0cc7\u0cb2\u0cc6 \u0ca6\u0cc1\u0cb0\u0cbe\u0cb6\u0cc6\u0caf\u0cc1 \u0c97\u0cb0\u0ccd\u0cad\u0ca7\u0cb0\u0cbf\u0cb8\u0cbf \u0caa\u0cbe\u0caa\u0cb5\u0ca8\u0ccd\u0ca8\u0cc1 \u0cb9\u0cc6\u0cb0\u0cc1\u0ca4\u0ccd\u0ca4\u0ca6\u0cc6; \u0caa\u0cbe\u0caa\u0cb5\u0cc1 \u0cb8\u0c82\u0caa\u0cc2\u0cb0\u0ccd\u0ca3\u0cb5\u0cbe\u0ca6 \u0cae\u0cc7\u0cb2\u0cc6 \u0cae\u0cb0\u0ca3 \u0cb5\u0ca8\u0ccd\u0ca8\u0cc1 \u0cb9\u0ca1\u0cc6\u0caf\u0cc1\u0ca4\u0ccd\u0ca4\u0ca6\u0cc6."},{"Verseid":"58000015","Verse":"\u0ca8\u0ca8\u0ccd\u0ca8 \u0caa\u0ccd\u0cb0\u0cbf\u0caf \u0cb8\u0cb9\u0ccb\u0ca6\u0cb0\u0cb0\u0cc7, \u0ca4\u0caa\u0ccd\u0caa\u0cc1 \u0cae\u0cbe\u0ca1\u0cac\u0cc7\u0ca1\u0cbf\u0cb0\u0cbf."},{"Verseid":"58000016","Verse":"\u0caa\u0ccd\u0cb0\u0ca4\u0cbf\u0caf\u0cca\u0c82\u0ca6\u0cc1 \u0c92\u0cb3\u0ccd\u0cb3\u0cc7 \u0ca6\u0cbe\u0ca8\u0cb5\u0cc2 \u0cb8\u0c82\u0caa\u0cc2\u0cb0\u0ccd\u0ca3\u0cb5\u0cbe\u0ca6 \u0caa\u0ccd\u0cb0\u0ca4\u0cbf\u0cb5\u0cb0\u0cb5\u0cc2 \u0cae\u0cc7\u0cb2\u0ca3 \u0cb5\u0cc1\u0c97\u0cb3\u0cc7; \u0c85\u0cb5\u0cc1 \u0cac\u0cc6\u0cb3\u0c95\u0cc1\u0c97\u0cb3 \u0ca4\u0c82\u0ca6\u0cc6\u0caf\u0cbf\u0c82\u0ca6 \u0c87\u0cb3\u0cbf\u0ca6\u0cc1 \u0cac\u0cb0\u0cc1\u0ca4\u0ccd\u0ca4\u0cb5\u0cc6. \u0c86\u0ca4\u0ca8\u0cb2\u0ccd\u0cb2\u0cbf \u0c9a\u0c82\u0c9a\u0cb2\u0ca4\u0ccd\u0cb5\u0cb5\u0cc7\u0ca8\u0cc2 \u0c87\u0cb2\u0ccd\u0cb2, \u0cb5\u0ccd\u0caf\u0ca4\u0ccd\u0caf\u0cbe\u0cb8\u0ca6 \u0ca8\u0cc6\u0cb0\u0cb3\u0cc2 \u0c87\u0cb2\u0ccd\u0cb2."},{"Verseid":"58000017","Verse":"\u0c86\u0ca4\u0ca8\u0cc1 \u0ca4\u0ca8\u0ccd\u0ca8 \u0c9a\u0cbf\u0ca4\u0ccd\u0ca4\u0ca6 \u0caa\u0ccd\u0cb0\u0c95\u0cbe\u0cb0 \u0cb8\u0ca4\u0ccd\u0caf\u0cb5\u0cbe\u0c95\u0ccd\u0caf\u0ca6\u0cbf\u0c82\u0ca6 \u0ca8\u0cae\u0ccd\u0cae\u0ca8\u0ccd\u0ca8\u0cc1 \u0cb9\u0cc1\u0c9f\u0ccd\u0c9f\u0cbf\u0cb8\u0cbf\u0cb0\u0cb2\u0cbe\u0c97\u0cbf \u0ca8\u0cbe\u0cb5\u0cc1 \u0c86\u0ca4\u0ca8 \u0cb8\u0cc3\u0cb7\u0ccd\u0c9f\u0cbf\u0c97\u0cb3\u0cb2\u0ccd\u0cb2\u0cbf \u0c92\u0c82\u0ca6\u0cc1 \u0ca4\u0cb0\u0cb9\u0ca6 \u0caa\u0ccd\u0cb0\u0ca5\u0cae \u0cab\u0cb2 \u0c97\u0cb3\u0c82\u0ca4\u0cbe\u0ca6\u0cc6\u0cb5\u0cc1."},{"Verseid":"58000018","Verse":"\u0c86\u0ca6\u0ca6\u0cb0\u0cbf\u0c82\u0ca6 \u0ca8\u0ca8\u0ccd\u0ca8 \u0caa\u0ccd\u0cb0\u0cbf\u0caf \u0cb8\u0cb9\u0ccb\u0ca6\u0cb0\u0cb0\u0cc7, \u0caa\u0ccd\u0cb0\u0ca4\u0cbf \u0caf\u0cca\u0cac\u0ccd\u0cac\u0ca8\u0cc1 \u0c95\u0cbf\u0cb5\u0cbf\u0c97\u0cca\u0ca1\u0cc1\u0cb5\u0ca6\u0cb0\u0cb2\u0ccd\u0cb2\u0cbf \u0ca4\u0cc0\u0cb5\u0ccd\u0cb0\u0cb5\u0cbe\u0c97\u0cbf\u0caf\u0cc2 \u0cae\u0cbe\u0ca4\u0ca8\u0cbe\u0ca1\u0cc1\u0cb5\u0ca6\u0cb0\u0cb2\u0ccd\u0cb2\u0cbf \u0cae\u0ca4\u0ccd\u0ca4\u0cc1 \u0c95\u0ccb\u0caa\u0cbf\u0cb8\u0cc1\u0cb5\u0ca6\u0cb0\u0cb2\u0ccd\u0cb2\u0cbf \u0ca8\u0cbf\u0ca7\u0cbe\u0ca8\u0cb5\u0cbe\u0c97\u0cbf\u0caf\u0cc2 \u0c87\u0cb0\u0cb2\u0cbf."},{"Verseid":"58000019","Verse":"\u0cae\u0ca8\u0cc1\u0cb7\u0ccd\u0caf\u0ca8 \u0c95\u0ccb\u0caa\u0cb5\u0cc1 \u0ca6\u0cc7\u0cb5\u0cb0 \u0ca8\u0cc0\u0ca4\u0cbf\u0caf\u0ca8\u0ccd\u0ca8\u0cc1 \u0ca8\u0ca1\u0cbf\u0cb8\u0cc1\u0cb5\u0ca6\u0cbf\u0cb2\u0ccd\u0cb2."},{"Verseid":"58000020","Verse":"\u0c86\u0ca6\u0c95\u0cbe\u0cb0\u0ca3 \u0c8e\u0cb2\u0ccd\u0cb2\u0cbe \u0cae\u0cb2\u0cbf\u0ca8\u0ca4\u0cc6\u0caf\u0ca8\u0ccd\u0ca8\u0cc2 \u0c8e\u0cb2\u0ccd\u0cb2\u0cbe \u0ca6\u0cc1\u0cb7\u0ccd\u0c9f\u0ca4\u0ca8\u0cb5\u0ca8\u0ccd\u0ca8\u0cc2 \u0ca4\u0cc6\u0c97\u0cc6\u0ca6\u0cc1\u0cb9\u0cbe\u0c95\u0cbf \u0c92\u0cb3\u0c97\u0cc6 \u0cac\u0cc7\u0cb0\u0cc2\u0cb0\u0cbf\u0cb0\u0cc1\u0cb5 \u0cb5\u0cbe\u0c95\u0ccd\u0caf\u0c95\u0ccd\u0c95\u0cc6 \u0ca8\u0cae\u0ccd\u0cb0\u0ca4\u0cc6 \u0caf\u0cbf\u0c82\u0ca6 \u0c8e\u0ca1\u0cc6\u0c95\u0cca\u0ca1\u0cbf\u0cb0\u0cbf; \u0c85\u0ca6\u0cc1 \u0ca8\u0cbf\u0cae\u0ccd\u0cae \u0c86\u0ca4\u0ccd\u0cae\u0c97\u0cb3\u0ca8\u0ccd\u0ca8\u0cc1 \u0cb0\u0c95\u0ccd\u0cb7\u0cbf\u0cb8\u0cc1 \u0cb5\u0ca6\u0c95\u0ccd\u0c95\u0cc6 \u0cb8\u0cbe\u0cae\u0cb0\u0ccd\u0ca5\u0ccd\u0caf\u0cb5\u0cc1\u0cb3\u0ccd\u0cb3\u0ca6\u0ccd\u0ca6\u0cbe\u0c97\u0cbf\u0ca6\u0cc6."},{"Verseid":"58000021","Verse":"\u0ca8\u0cc0\u0cb5\u0cc1 \u0cb5\u0cbe\u0c95\u0ccd\u0caf\u0ca6 \u0caa\u0ccd\u0cb0\u0c95\u0cbe\u0cb0 \u0ca8\u0ca1\u0cc6\u0caf\u0cc1\u0cb5\u0cb5\u0cb0\u0cbe\u0c97\u0cbf\u0cb0\u0ccd\u0cb0\u0cbf; \u0c85\u0ca6\u0ca8\u0ccd\u0ca8\u0cc1 \u0c95\u0cc7\u0cb3\u0cc1\u0cb5\u0cb5\u0cb0\u0cc1 \u0cae\u0cbe\u0ca4\u0ccd\u0cb0\u0cb5\u0cc7 \u0c86\u0c97\u0cbf\u0ca6\u0ccd\u0ca6\u0cc1 \u0ca8\u0cbf\u0cae\u0ccd\u0cae\u0ca8\u0ccd\u0ca8\u0cc1 \u0ca8\u0cc0\u0cb5\u0cc7 \u0cae\u0ccb\u0cb8\u0c97\u0cca\u0cb3\u0cbf\u0cb8 \u0cac\u0cc7\u0ca1\u0cbf\u0cb0\u0cbf."},{"Verseid":"58000022","Verse":"\u0caf\u0cbe\u0cb5\u0ca8\u0cbe\u0ca6\u0cb0\u0cc2 \u0cb5\u0cbe\u0c95\u0ccd\u0caf\u0cb5\u0ca8\u0ccd\u0ca8\u0cc1 \u0c95\u0cc7\u0cb3\u0cc1\u0cb5\u0cb5 \u0ca8\u0cbe\u0c97\u0cbf\u0ca6\u0ccd\u0ca6\u0cc1 \u0c85\u0ca6\u0cb0 \u0caa\u0ccd\u0cb0\u0c95\u0cbe\u0cb0 \u0ca8\u0ca1\u0cc6\u0caf\u0ca6\u0cbf\u0ca6\u0ccd\u0ca6\u0cb0\u0cc6 \u0c85\u0cb5\u0ca8\u0cc1 \u0c95\u0ca8\u0ccd\u0ca8\u0ca1\u0cbf\u0caf\u0cb2\u0ccd\u0cb2\u0cbf \u0ca4\u0ca8\u0ccd\u0ca8 \u0cb9\u0cc1\u0c9f\u0ccd\u0c9f\u0cc1 \u0cae\u0cc1\u0c96\u0cb5\u0ca8\u0ccd\u0ca8\u0cc1 \u0ca8\u0ccb\u0ca1\u0cbf\u0ca6 \u0cae\u0ca8\u0cc1\u0cb7\u0ccd\u0caf\u0ca8\u0c82\u0ca4\u0cbf\u0cb0\u0cc1\u0cb5\u0ca8\u0cc1."},{"Verseid":"58000023","Verse":"\u0c87\u0cb5\u0ca8\u0cc1 \u0ca4\u0ca8\u0ccd\u0ca8\u0ca8\u0ccd\u0ca8\u0cc1 \u0ca8\u0ccb\u0ca1\u0cbf \u0c95\u0cca\u0c82\u0ca1\u0cc1 \u0cb9\u0ccb\u0c97\u0cbf \u0ca4\u0cbe\u0ca8\u0cc1 \u0cb9\u0cc0\u0c97\u0cbf\u0ca6\u0ccd\u0ca6\u0cc7\u0ca8\u0cc6\u0c82\u0cac\u0ca6\u0ca8\u0ccd\u0ca8\u0cc1 \u0c86 \u0c95\u0ccd\u0cb7\u0ca3\u0cb5\u0cc7 \u0cae\u0cb0\u0cc6\u0ca4\u0cc1\u0cac\u0cbf\u0ca1\u0cc1\u0cb5\u0ca8\u0cc1."},{"Verseid":"58000024","Verse":"\u0c86\u0ca6\u0cb0\u0cc6 \u0cac\u0cbf\u0ca1\u0cc1\u0c97\u0ca1\u0cc6 \u0caf\u0ca8\u0ccd\u0ca8\u0cc1\u0c82\u0c9f\u0cc1\u0cae\u0cbe\u0ca1\u0cc1\u0cb5 \u0caa\u0cb0\u0cbf\u0caa\u0cc2\u0cb0\u0ccd\u0ca3\u0cb5\u0cbe\u0ca6 \u0ca8\u0cbf\u0caf\u0cae \u0cb5\u0ca8\u0ccd\u0ca8\u0cc1 \u0cb2\u0c95\u0ccd\u0cb7\u0ccd\u0caf\u0c95\u0cca\u0c9f\u0ccd\u0c9f\u0cc1 \u0ca8\u0ccb\u0ca1\u0cbf \u0c87\u0ca8\u0ccd\u0ca8\u0cc2 \u0ca8\u0ccb\u0ca1\u0cc1\u0ca4\u0ccd\u0ca4\u0cb2\u0cc7 \u0c87\u0cb0\u0cc1\u0cb5\u0cb5\u0ca8\u0cc1 (\u0cb5\u0cbe\u0c95\u0ccd\u0caf\u0cb5\u0ca8\u0ccd\u0ca8\u0cc1) \u0c95\u0cc7\u0cb3\u0cbf \u0cae\u0cb0\u0cc6\u0ca4\u0cc1\u0cb9\u0ccb\u0c97\u0cc1\u0cb5\u0cb5 \u0ca8\u0cbe\u0c97\u0cbf\u0cb0\u0ca6\u0cc6 \u0c85\u0ca6\u0cb0 \u0caa\u0ccd\u0cb0\u0c95\u0cbe\u0cb0 \u0ca8\u0ca1\u0cc6\u0caf\u0cc1\u0cb5\u0cb5\u0ca8\u0cbe\u0c97\u0cbf\u0ca6\u0ccd\u0ca6\u0cc1 \u0ca4\u0ca8\u0ccd\u0ca8 \u0c95\u0ccd\u0cb0\u0cbf\u0caf\u0cc6\u0caf\u0cbf\u0c82\u0ca6 \u0ca7\u0ca8\u0ccd\u0caf\u0ca8\u0cbe\u0c97\u0cc1\u0cb5\u0ca8\u0cc1."},{"Verseid":"58000025","Verse":"\u0ca8\u0cbf\u0cae\u0ccd\u0cae\u0cb2\u0ccd\u0cb2\u0cbf \u0cad\u0c95\u0ccd\u0ca4\u0ca8\u0cc6\u0c82\u0ca6\u0cc6 \u0ca3\u0cbf\u0cb8\u0cbf\u0c95\u0cca\u0cb3\u0ccd\u0cb3\u0cc1\u0cb5 \u0caf\u0cbe\u0cb5\u0ca8\u0cbe\u0ca6\u0cb0\u0cc2 \u0ca4\u0ca8\u0ccd\u0ca8 \u0ca8\u0cbe\u0cb2\u0cbf\u0c97\u0cc6\u0c97\u0cc6 \u0c95\u0ca1\u0cbf\u0cb5\u0cbe\u0ca3\u0cb5\u0ca8\u0ccd\u0ca8\u0cc1 \u0cb9\u0cbe\u0c95\u0ca6\u0cc6 \u0ca4\u0ca8\u0ccd\u0ca8 \u0cb9\u0cc3\u0ca6\u0caf\u0cb5\u0ca8\u0ccd\u0ca8\u0cc1 \u0cae\u0ccb\u0cb8 \u0c97\u0cca\u0cb3\u0cbf\u0cb8\u0cc1\u0cb5\u0cb5\u0ca8\u0cbe\u0ca6\u0cb0\u0cc6 \u0c85\u0cb5\u0ca8 \u0cad\u0c95\u0ccd\u0ca4\u0cbf \u0ca8\u0cbf\u0cb7\u0ccd\u0caa\u0ccd\u0cb0\u0caf\u0ccb\u0c9c\u0ca8 \u0cb5\u0cbe\u0c97\u0cbf\u0ca6\u0cc6."},{"Verseid":"58000026","Verse":"\u0cb8\u0c82\u0c95\u0c9f\u0ca6\u0cb2\u0ccd\u0cb2\u0cbf \u0cac\u0cbf\u0ca6\u0ccd\u0ca6 \u0ca6\u0cbf\u0c95\u0ccd\u0c95\u0cbf\u0cb2\u0ccd\u0cb2\u0ca6\u0cb5\u0cb0\u0ca8\u0ccd\u0ca8\u0cc2 \u0cb5\u0cbf\u0ca7\u0cb5\u0cc6 \u0caf\u0cb0\u0ca8\u0ccd\u0ca8\u0cc2 \u0caa\u0cb0\u0cbe\u0cae\u0cb0\u0cbf\u0cb8\u0cbf \u0ca4\u0ca8\u0c97\u0cc6 \u0caa\u0ccd\u0cb0\u0caa\u0c82\u0c9a\u0ca6 \u0ca6\u0ccb\u0cb7\u0cb5\u0cc1 \u0cb9\u0ca4\u0ccd\u0ca4\u0ca6\u0c82\u0ca4\u0cc6 \u0ca8\u0ccb\u0ca1\u0cbf\u0c95\u0cca\u0c82\u0ca1\u0cbf\u0cb0\u0cc1\u0cb5\u0ca6\u0cc7 \u0ca4\u0c82\u0ca6\u0cc6\u0caf\u0cbe\u0ca6 \u0ca6\u0cc7\u0cb5\u0cb0 \u0cb8\u0ca8\u0ccd\u0ca8\u0cbf\u0ca7\u0cbe\u0ca8\u0ca6\u0cb2\u0ccd\u0cb2\u0cbf \u0cb6\u0cc1\u0ca6\u0ccd\u0ca7\u0cb5\u0cc2 \u0ca8\u0cbf\u0cb0\u0ccd\u0cae\u0cb2\u0cb5\u0cc2 \u0c86\u0c97\u0cbf\u0cb0\u0cc1\u0cb5 \u0cad\u0c95\u0ccd\u0ca4\u0cbf."}]},{"Verse":[{"Verseid":"58001000","Verse":"\u0ca8\u0ca8\u0ccd\u0ca8 \u0cb8\u0cb9\u0ccb\u0ca6\u0cb0\u0cb0\u0cc7, \u0cae\u0cb9\u0cbf\u0cae\u0cc6\u0caf\u0cc1\u0cb3\u0ccd\u0cb3 \u0ca8\u0cae\u0ccd\u0cae \u0c95\u0cb0\u0ccd\u0ca4\u0ca8\u0cbe\u0ca6 \u0caf\u0cc7\u0cb8\u0cc1 \u0c95\u0ccd\u0cb0\u0cbf\u0cb8\u0ccd\u0ca4\u0ca8 \u0ca8\u0c82\u0cac\u0cbf \u0c95\u0cc6\u0caf \u0cb5\u0cbf\u0cb7\u0caf\u0ca6\u0cb2\u0ccd\u0cb2\u0cbf \u0ca8\u0cc0\u0cb5\u0cc1 \u0caa\u0c95\u0ccd\u0cb7\u0caa\u0cbe\u0ca4\u0cbf\u0c97\u0cb3\u0cbe\u0c97\u0cbf\u0cb0\u0cac\u0cbe\u0cb0\u0ca6\u0cc1."},{"Verseid":"58001001","Verse":"\u0cb9\u0cc7\u0c97\u0c82\u0ca6\u0cb0\u0cc6 \u0c92\u0cac\u0ccd\u0cac \u0cae\u0ca8\u0cc1\u0cb7\u0ccd\u0caf\u0ca8\u0cc1 \u0c9a\u0cbf\u0ca8\u0ccd\u0ca8\u0ca6 \u0c89\u0c82\u0c97\u0cc1\u0cb0\u0cb5\u0ca8\u0ccd\u0ca8\u0cc2 \u0c85\u0c82\u0ca6\u0cb5\u0cbe\u0ca6 \u0cb5\u0cb8\u0ccd\u0ca4\u0ccd\u0cb0\u0cb5\u0ca8\u0ccd\u0ca8\u0cc2 \u0cb9\u0cbe\u0c95\u0cbf\u0c95\u0cca\u0c82\u0ca1\u0cc1 \u0ca8\u0cbf\u0cae\u0ccd\u0cae \u0cb8\u0cad\u0cc6 \u0caf\u0cca\u0cb3\u0c97\u0cc6 \u0cac\u0cb0\u0cb2\u0cc1 \u0cae\u0ca4\u0ccd\u0ca4\u0cc1 \u0c92\u0cac\u0ccd\u0cac \u0cac\u0ca1 \u0cae\u0ca8\u0cc1\u0cb7\u0ccd\u0caf\u0ca8\u0cc1 \u0cb8\u0cb9 \u0cb9\u0cc0\u0ca8\u0cb5\u0cbe\u0ca6 \u0cac\u0c9f\u0ccd\u0c9f\u0cc6 \u0cb9\u0cbe\u0c95\u0cbf\u0c95\u0cca\u0c82\u0ca1\u0cc1 \u0cac\u0cb0\u0cb2\u0cc1"},{"Verseid":"58001002","Verse":"\u0ca8\u0cc0\u0cb5\u0cc1 \u0cb9\u0cca\u0cb3\u0cc6\u0caf\u0cc1\u0cb5 \u0cb5\u0cb8\u0ccd\u0ca4\u0ccd\u0cb0\u0c97\u0cb3\u0ca8\u0ccd\u0ca8\u0cc1 \u0ca7\u0cb0\u0cbf\u0cb8\u0cbf\u0c95\u0cca\u0c82\u0ca1\u0cbf\u0cb0\u0cc1\u0cb5\u0cb5\u0ca8\u0ca8\u0ccd\u0ca8\u0cc1 \u0c97\u0ccc\u0cb0\u0cb5\u0cbf\u0cb8\u0cbf \u0c85\u0cb5\u0ca8\u0cbf\u0c97\u0cc6--\u0ca8\u0cc0\u0ca8\u0cc1 \u0c87\u0cb2\u0ccd\u0cb2\u0cbf \u0c88 \u0c92\u0cb3\u0ccd\u0cb3\u0cc7 \u0cb8\u0ccd\u0ca5\u0cb3\u0ca6\u0cb2\u0ccd\u0cb2\u0cbf \u0c95\u0cc2\u0ca4\u0cc1\u0c95\u0ccb \u0c8e\u0c82\u0ca4\u0cb2\u0cc2 \u0c86 \u0cac\u0ca1\u0cb5\u0ca8\u0cbf\u0c97\u0cc6--\u0ca8\u0cc0\u0ca8\u0cc1 \u0c85\u0cb2\u0ccd\u0cb2\u0cbf \u0ca8\u0cbf\u0c82\u0ca4\u0cc1\u0c95\u0ccb \u0c87\u0cb2\u0ccd\u0cb2\u0cb5\u0cc6 \u0c87\u0cb2\u0ccd\u0cb2\u0cbf \u0ca8\u0ca8\u0ccd\u0ca8 \u0c95\u0cbe\u0cb2\u0ccd\u0cae\u0ca3\u0cc6\u0caf \u0cb9\u0ca4\u0ccd\u0ca4\u0cbf\u0cb0 \u0c95\u0cc2\u0ca4\u0cc1\u0c95\u0ccb \u0c8e\u0c82\u0ca4\u0cb2\u0cc2 \u0cb9\u0cc7\u0cb3\u0cbf\u0ca6\u0cb0\u0cc6"},{"Verseid":"58001003","Verse":"\u0ca8\u0cc0\u0cb5\u0cc1 \u0ca8\u0cbf\u0cae\u0ccd\u0cae\u0cb2\u0ccd\u0cb2\u0cbf \u0caa\u0c95\u0ccd\u0cb7\u0caa\u0cbe\u0ca4\u0cbf\u0c97\u0cb3\u0cbe\u0c97\u0cbf \u0c95\u0cc6\u0c9f\u0ccd\u0c9f \u0c86\u0cb2\u0ccb\u0c9a\u0ca8\u0cc6\u0c97\u0cb3 \u0ca8\u0ccd\u0caf\u0cbe\u0caf\u0cbe\u0ca7\u0cbf\u0caa\u0ca4\u0cbf \u0c97\u0cb3\u0cbe\u0c97\u0cbf\u0ca6\u0ccd\u0ca6\u0cc0\u0cb0\u0cb2\u0ccd\u0cb2\u0cb5\u0cc7?"},{"Verseid":"58001004","Verse":"\u0ca8\u0ca8\u0ccd\u0ca8 \u0caa\u0ccd\u0cb0\u0cbf\u0caf \u0cb8\u0cb9\u0ccb\u0ca6\u0cb0\u0cb0\u0cc7, \u0c95\u0cc7\u0cb3\u0cbf\u0cb0\u0cbf; \u0ca6\u0cc7\u0cb5\u0cb0\u0cc1 \u0c88 \u0cb2\u0ccb\u0c95\u0ca6 \u0cac\u0ca1\u0cb5\u0cb0\u0ca8\u0ccd\u0ca8\u0cc1 \u0ca8\u0c82\u0cac\u0cbf\u0c95\u0cc6\u0caf\u0cb2\u0ccd\u0cb2\u0cbf \u0c90\u0cb6\u0ccd\u0cb5\u0cb0\u0ccd\u0caf\u0cb5\u0c82\u0ca4\u0cb0\u0cbe\u0c97\u0cbf\u0caf\u0cc2 \u0ca4\u0ca8\u0ccd\u0ca8\u0ca8\u0ccd\u0ca8\u0cc1 \u0caa\u0ccd\u0cb0\u0cc0\u0ca4\u0cbf\u0cb8\u0cc1\u0cb5\u0cb5 \u0cb0\u0cbf\u0c97\u0cc6 \u0ca4\u0cbe\u0ca8\u0cc1 \u0cb5\u0cbe\u0c97\u0ccd\u0ca6\u0cbe\u0ca8 \u0cae\u0cbe\u0ca1\u0cbf\u0ca6 \u0cb0\u0cbe\u0c9c\u0ccd\u0caf\u0c95\u0ccd\u0c95\u0cc6 \u0cac\u0cbe\u0ca7\u0ccd\u0caf \u0cb0\u0cbe\u0c97\u0cbf\u0caf\u0cc2 \u0c87\u0cb0\u0cac\u0cc7\u0c95\u0cc6\u0c82\u0ca6\u0cc1 \u0c86\u0cb0\u0cbf\u0cb8\u0cbf\u0c95\u0cca\u0cb3\u0ccd\u0cb3\u0cb2\u0cbf\u0cb2\u0ccd\u0cb2\u0cb5\u0cc7?"},{"Verseid":"58001005","Verse":"\u0ca8\u0cc0\u0cb5\u0cbe\u0ca6\u0cb0\u0ccb \u0cac\u0ca1\u0cb5\u0cb0\u0ca8\u0ccd\u0ca8\u0cc1 \u0c85\u0cb5\u0cae\u0cbe\u0ca8\u0caa\u0ca1\u0cbf\u0cb8\u0cbf\u0ca6\u0ccd\u0ca6\u0cc0\u0cb0\u0cbf. \u0ca8\u0cbf\u0cae\u0ccd\u0cae\u0ca8\u0ccd\u0ca8\u0cc1 \u0cac\u0cbe\u0ca7\u0cbf\u0cb8\u0cbf \u0ca8\u0ccd\u0caf\u0cbe\u0caf\u0cb8\u0ccd\u0ca5\u0cbe\u0ca8\u0c97\u0cb3 \u0cae\u0cc1\u0c82\u0ca6\u0cc6 \u0c8e\u0cb3\u0cc6\u0ca6\u0cc1 \u0c95\u0cca\u0c82\u0ca1\u0cc1 \u0cb9\u0ccb\u0c97\u0cc1\u0cb5\u0cb5\u0cb0\u0cc1 \u0c90\u0cb6\u0ccd\u0cb5\u0cb0\u0ccd\u0caf\u0cb5\u0c82\u0ca4\u0cb0\u0cb2\u0ccd\u0cb2\u0cb5\u0ccb?"},{"Verseid":"58001006","Verse":"\u0ca8\u0cc0\u0cb5\u0cc1 \u0c95\u0cb0\u0cc6\u0caf\u0cb2\u0ccd\u0caa\u0c9f\u0ccd\u0c9f \u0c86 \u0caf\u0ccb\u0c97\u0ccd\u0caf\u0cb5\u0cbe\u0ca6 \u0ca8\u0cbe\u0cae\u0cb5\u0ca8\u0ccd\u0ca8\u0cc1 \u0ca6\u0cc2\u0cb7\u0cbf\u0cb8\u0cc1\u0cb5\u0cb5\u0cb0\u0cc1 \u0c85\u0cb5\u0cb0\u0cb2\u0ccd\u0cb2\u0cb5\u0ccb?"},{"Verseid":"58001007","Verse":"\u0c86\u0ca6\u0cb0\u0cc2 \u0cac\u0cb0\u0cb9\u0ca6 \u0caa\u0ccd\u0cb0\u0c95\u0cbe\u0cb0--\u0ca8\u0cbf\u0ca8\u0ccd\u0ca8 \u0ca8\u0cc6\u0cb0\u0cc6\u0caf\u0cb5\u0ca8\u0ca8\u0ccd\u0ca8\u0cc1 \u0ca8\u0cbf\u0ca8\u0ccd\u0ca8\u0c82\u0ca4\u0cc6\u0caf\u0cc7 \u0caa\u0ccd\u0cb0\u0cc0\u0ca4\u0cbf\u0cb8 \u0cac\u0cc7\u0c95\u0cc6\u0c82\u0cac \u0cb0\u0cbe\u0c9c\u0cbe\u0c9c\u0ccd\u0c9e\u0cc6\u0caf\u0ca8\u0ccd\u0ca8\u0cc1 \u0ca8\u0cc6\u0cb0\u0cb5\u0cc7\u0cb0\u0cbf\u0cb8\u0cc1\u0cb5\u0cb5\u0cb0\u0cbe\u0ca6\u0cb0\u0cc6 \u0ca8\u0cc0\u0cb5\u0cc1 \u0c92\u0cb3\u0ccd\u0cb3\u0cc7\u0ca6\u0ca8\u0ccd\u0ca8\u0cc1 \u0cae\u0cbe\u0ca1\u0cc1\u0cb5\u0cb5\u0cb0\u0cbe\u0c97\u0cbf\u0cb0\u0cc1\u0cb5\u0cbf\u0cb0\u0cbf."},{"Verseid":"58001008","Verse":"\u0ca8\u0cc0\u0cb5\u0cc1 \u0caa\u0c95\u0ccd\u0cb7\u0caa\u0cbe\u0ca4\u0cbf\u0c97\u0cb3\u0cbe\u0c97\u0cbf\u0ca6\u0ccd\u0ca6\u0cb0\u0cc6 \u0caa\u0cbe\u0caa \u0cae\u0cbe\u0ca1\u0cc1\u0cb5\u0cb5\u0cb0\u0cbe\u0c97\u0cbf\u0ca6\u0ccd\u0ca6\u0cc1 \u0c85\u0caa \u0cb0\u0cbe\u0ca7\u0cbf\u0c97\u0cb3\u0cc6\u0c82\u0ca6\u0cc1 \u0ca8\u0ccd\u0caf\u0cbe\u0caf\u0caa\u0ccd\u0cb0\u0cae\u0cbe\u0ca3\u0ca6\u0cbf\u0c82\u0ca6 \u0cae\u0ca8\u0ca6\u0c9f\u0ccd\u0c9f\u0cc1 \u0cae\u0cbe\u0ca1\u0cb2\u0ccd\u0caa\u0ca1\u0cc1\u0ca4\u0ccd\u0ca4\u0cc0\u0cb0\u0cbf."},{"Verseid":"58001009","Verse":"\u0caf\u0cbe\u0c95\u0c82\u0ca6\u0cb0\u0cc6 \u0caf\u0cbe\u0cb5\u0ca8\u0cbe\u0ca6\u0cb0\u0cc2 \u0ca8\u0ccd\u0caf\u0cbe\u0caf\u0caa\u0ccd\u0cb0\u0cae\u0cbe\u0ca3\u0cb5\u0ca8\u0ccd\u0ca8\u0cc6\u0cb2\u0ccd\u0cb2\u0cbe \u0c95\u0cc8\u0c95\u0cca\u0c82\u0ca1\u0cc1 \u0ca8\u0ca1\u0cc6\u0ca6\u0cc1 \u0c92\u0c82\u0ca6\u0cc7 \u0c92\u0c82\u0ca6\u0cb0\u0cb2\u0ccd\u0cb2\u0cbf \u0ca4\u0caa\u0ccd\u0caa\u0cbf\u0ca6\u0cb0\u0cc6 \u0c85\u0cb5\u0ca8\u0cc1 \u0c8e\u0cb2\u0ccd\u0cb2\u0cbe \u0cb5\u0cbf\u0cb7\u0caf\u0ca6\u0cb2\u0ccd\u0cb2\u0cbf\u0caf\u0cc2 \u0c85\u0caa\u0cb0\u0cbe\u0ca7\u0cbf\u0caf\u0cbe\u0c97\u0cc1\u0ca4\u0ccd\u0ca4\u0cbe\u0ca8\u0cc6."},{"Verseid":"58001010","Verse":"\u0cb5\u0ccd\u0caf\u0cad\u0cbf\u0c9a\u0cbe\u0cb0 \u0cae\u0cbe\u0ca1\u0cac\u0cbe\u0cb0 \u0ca6\u0cc6\u0c82\u0ca6\u0cc1 \u0cb9\u0cc7\u0cb3\u0cbf\u0ca6\u0cbe\u0ca4\u0ca8\u0cc7--\u0ca8\u0cb0\u0cb9\u0ca4\u0ccd\u0caf \u0cae\u0cbe\u0ca1\u0cac\u0cbe\u0cb0 \u0ca6\u0cc6\u0c82\u0ca4\u0cb2\u0cc2 \u0cb9\u0cc7\u0cb3\u0cbf\u0ca6\u0ca8\u0cc1. \u0c86\u0ca6\u0c95\u0cbe\u0cb0\u0ca3 \u0ca8\u0cc0\u0ca8\u0cc1 \u0cb5\u0ccd\u0caf\u0cad\u0cbf\u0c9a\u0cbe\u0cb0 \u0cae\u0cbe\u0ca1\u0ca6\u0cc6 \u0c87\u0ca6\u0ccd\u0ca6\u0cb0\u0cc2 \u0ca8\u0cb0\u0cb9\u0ca4\u0ccd\u0caf \u0cae\u0cbe\u0ca1\u0cbf\u0ca6\u0cb0\u0cc6 \u0ca8\u0ccd\u0caf\u0cbe\u0caf \u0caa\u0ccd\u0cb0\u0cae\u0cbe\u0ca3\u0cb5\u0ca8\u0ccd\u0ca8\u0cc1 \u0cb5\u0cbf\u0cbe\u0cb0\u0cbf\u0ca6\u0cb5\u0ca8\u0cbe\u0ca6\u0cbf."},{"Verseid":"58001011","Verse":"\u0cac\u0cbf\u0ca1\u0cc1\u0c97\u0ca1\u0cc6\u0caf \u0ca8\u0ccd\u0ca8\u0cc1\u0c82\u0c9f\u0cc1 \u0cae\u0cbe\u0ca1\u0cc1\u0cb5 \u0ca8\u0ccd\u0caf\u0cbe\u0caf\u0caa\u0ccd\u0cb0\u0cae\u0cbe\u0ca3\u0ca6\u0cbf\u0c82\u0ca6 \u0c85\u0cb5\u0cb0\u0cc1 \u0ca4\u0cc0\u0cb0\u0ccd\u0caa\u0cc1 \u0cb9\u0cca\u0c82\u0ca6\u0cc1\u0cb5\u0cb5\u0cb0\u0cbf\u0c97\u0cc6 \u0ca4\u0c95\u0ccd\u0c95\u0c82\u0ca4\u0cc6\u0caf\u0cc7 \u0ca8\u0cc0\u0cb5\u0cc1 \u0cae\u0cbe\u0ca4\u0ca8\u0cbe\u0ca1\u0cbf\u0cb0\u0cbf. \u0cb9\u0cbe\u0c97\u0cc6\u0caf\u0cc7 \u0cae\u0cbe\u0ca1\u0cbf\u0cb0\u0cbf."},{"Verseid":"58001012","Verse":"\u0c95\u0cb0\u0cc1\u0ca3\u0cc6 \u0ca4\u0ccb\u0cb0\u0cbf\u0cb8\u0ca6\u0cc6 \u0c87\u0cb0\u0cc1\u0cb5\u0cb5\u0ca8\u0cbf\u0c97\u0cc6 \u0ca8\u0ccd\u0caf\u0cbe\u0caf\u0ca4\u0cc0\u0cb0\u0ccd\u0caa\u0cbf\u0ca8\u0cb2\u0ccd\u0cb2\u0cbf \u0c95\u0cb0\u0cc1\u0ca3\u0cc6\u0caf\u0cc1 \u0ca4\u0ccb\u0cb0\u0cbf\u0cb8\u0cb2\u0ccd\u0caa\u0ca1\u0cc1\u0cb5\u0ca6\u0cbf\u0cb2\u0ccd\u0cb2. \u0c95\u0cb0\u0cc1\u0ca3\u0cc6\u0caf\u0cc1 \u0ca8\u0ccd\u0caf\u0cbe\u0caf\u0ca4\u0cc0\u0cb0\u0ccd\u0caa\u0cbf\u0c97\u0cbf\u0c82\u0ca4 \u0cae\u0cc7\u0cb2\u0cbe\u0c97\u0cbf \u0cb9\u0cbf\u0c97\u0ccd\u0c97\u0cc1\u0ca4\u0ccd\u0ca4\u0ca6\u0cc6."},{"Verseid":"58001013","Verse":"\u0ca8\u0ca8\u0ccd\u0ca8 \u0cb8\u0cb9\u0ccb\u0ca6\u0cb0\u0cb0\u0cc7, \u0c92\u0cac\u0ccd\u0cac\u0ca8\u0cc1 \u0ca4\u0ca8\u0c97\u0cc6 \u0ca8\u0c82\u0cac\u0cbf\u0c95\u0cc6 \u0caf\u0cc1\u0c82\u0c9f\u0cc6\u0c82\u0ca6\u0cc1 \u0cb9\u0cc7\u0cb3\u0cbf\u0c95\u0cca\u0c82\u0ca1\u0cc1 \u0c95\u0ccd\u0cb0\u0cbf\u0caf\u0cc6\u0c97\u0cb3\u0cbf\u0cb2\u0ccd\u0cb2\u0ca6\u0cb5\u0ca8\u0cbe\u0c97\u0cbf\u0ca6\u0ccd\u0ca6\u0cb0\u0cc6 \u0caa\u0ccd\u0cb0\u0caf\u0ccb\u0c9c\u0ca8\u0cb5\u0cc7\u0ca8\u0cc1? \u0c85\u0c82\u0ca5 \u0ca8\u0c82\u0cac\u0cbf\u0c95\u0cc6\u0caf\u0cc1 \u0c85\u0cb5\u0ca8\u0ca8\u0ccd\u0ca8\u0cc1 \u0cb0\u0c95\u0ccd\u0cb7\u0cbf\u0cb8\u0cc1\u0cb5\u0ca6\u0ccb?"},{"Verseid":"58001014","Verse":"\u0c92\u0cac\u0ccd\u0cac \u0cb8\u0cb9\u0ccb\u0ca6\u0cb0\u0ca8\u0cbf\u0c97\u0cc6 \u0c87\u0cb2\u0ccd\u0cb2\u0cb5\u0cc6 \u0c92\u0cac\u0ccd\u0cac \u0cb8\u0cb9\u0ccb\u0ca6\u0cb0\u0cbf\u0c97\u0cc6 \u0cac\u0c9f\u0ccd\u0c9f\u0cc6\u0caf\u0cc2 \u0c86 \u0ca6\u0cbf\u0ca8\u0ca6 \u0c86\u0cb9\u0cbe\u0cb0\u0cb5\u0cc2 \u0c87\u0cb2\u0ccd\u0cb2\u0ca6\u0cbf\u0cb0\u0cc1\u0cb5\u0cbe\u0c97"},{"Verseid":"58001015","Verse":"\u0ca8\u0cbf\u0cae\u0ccd\u0cae\u0cb2\u0ccd\u0cb2\u0cbf \u0c92\u0cac\u0ccd\u0cac\u0ca8\u0cc1 \u0c85\u0cb5\u0cb0\u0cbf\u0c97\u0cc6 \u0ca6\u0cc7\u0cb9\u0c95\u0ccd\u0c95\u0cc6 \u0cac\u0cc7\u0c95\u0cbe\u0ca6\u0cb5\u0cc1\u0c97\u0cb3\u0ca8\u0ccd\u0ca8\u0cc1 \u0c95\u0cca\u0ca1\u0ca6\u0cc6--\u0cb8\u0cae\u0cbe\u0ca7\u0cbe\u0ca8\u0ca6\u0cbf\u0c82\u0ca6 \u0cb9\u0ccb\u0c97\u0cbf\u0cb0\u0cbf, \u0cac\u0cc6\u0c82\u0c95\u0cbf\u0c95\u0cbe\u0caf\u0cbf\u0cb8\u0cbf\u0c95\u0cca\u0cb3\u0ccd\u0cb3\u0cbf\u0cb0\u0cbf, \u0cb9\u0cca\u0c9f\u0ccd\u0c9f\u0cc6\u0ca4\u0cc1\u0c82\u0cac\u0cbf\u0cb8\u0cbf \u0c95\u0cca\u0cb3\u0ccd\u0cb3\u0cbf\u0cb0\u0cbf \u0c8e\u0c82\u0ca6\u0cc1 \u0cb9\u0cc7\u0cb3\u0cbf\u0ca6\u0cb0\u0cc6 \u0caa\u0ccd\u0cb0\u0caf\u0ccb\u0c9c\u0ca8\u0cb5\u0cc7\u0ca8\u0cc1?"},{"Verseid":"58001016","Verse":"\u0cb9\u0cbe\u0c97\u0cc6\u0caf\u0cc7 \u0c95\u0ccd\u0cb0\u0cbf\u0caf\u0cc6\u0c97\u0cb3\u0cbf\u0cb2\u0ccd\u0cb2\u0ca6\u0cbf\u0ca6\u0ccd\u0ca6\u0cb0\u0cc6 \u0ca8\u0c82\u0cac\u0cbf\u0c95\u0cc6\u0caf\u0cc1 \u0c92\u0c82\u0c9f\u0cbf\u0caf\u0cbe\u0c97\u0cbf\u0ca6\u0ccd\u0ca6\u0cc1 \u0cb8\u0ca4\u0ccd\u0ca4\u0ca6\u0ccd\u0ca6\u0cbe\u0c97\u0cbf\u0ca6\u0cc6."},{"Verseid":"58001017","Verse":"\u0cb9\u0ccc\u0ca6\u0cc1, \u0c92\u0cac\u0ccd\u0cac \u0cae\u0ca8\u0cc1\u0cb7\u0ccd\u0caf\u0ca8\u0cc1--\u0ca8\u0cbf\u0ca8\u0c97\u0cc6 \u0ca8\u0c82\u0cac\u0cbf\u0c95\u0cc6\u0caf\u0cc1\u0c82\u0c9f\u0cc1, \u0ca8\u0ca8\u0c97\u0cc6 \u0c95\u0ccd\u0cb0\u0cbf\u0caf\u0cc6\u0c97\u0cb3\u0cc1\u0c82\u0c9f\u0cc1; \u0ca8\u0cc0\u0ca8\u0cc1 \u0c95\u0ccd\u0cb0\u0cbf\u0caf\u0cc6\u0c97\u0cb3\u0cbf\u0cb2\u0ccd\u0cb2\u0ca6\u0cc6 \u0ca8\u0cbf\u0ca8\u0ccd\u0ca8 \u0ca8\u0c82\u0cac\u0cbf\u0c95\u0cc6 \u0caf\u0ca8\u0ccd\u0ca8\u0cc1 \u0ca8\u0ca8\u0c97\u0cc6 \u0ca4\u0ccb\u0cb0\u0cbf\u0cb8\u0cc1; \u0ca8\u0cbe\u0ca8\u0cc1 \u0ca8\u0ca8\u0ccd\u0ca8 \u0c95\u0ccd\u0cb0\u0cbf\u0caf\u0cc6\u0c97\u0cb3 \u0cae\u0cc1\u0c96\u0cbe\u0c82\u0ca4\u0cb0 \u0ca8\u0ca8\u0ccd\u0ca8 \u0ca8\u0c82\u0cac\u0cbf\u0c95\u0cc6\u0caf\u0ca8\u0ccd\u0ca8\u0cc1 \u0ca8\u0cbf\u0ca8\u0c97\u0cc6 \u0ca4\u0ccb\u0cb0\u0cbf\u0cb8\u0cc1\u0ca4\u0ccd\u0ca4\u0cc7\u0ca8\u0cc6 \u0c8e\u0c82\u0ca6\u0cc1 \u0cb9\u0cc7\u0cb3\u0cac\u0cb9\u0cc1\u0ca6\u0cc1."},{"Verseid":"58001018","Verse":"\u0ca6\u0cc7\u0cb5\u0cb0\u0cc1 \u0c92\u0cac\u0ccd\u0cac\u0ca8\u0cc7 \u0c8e\u0c82\u0ca6\u0cc1 \u0ca8\u0cc0\u0ca8\u0cc1 \u0ca8\u0c82\u0cac\u0cc1\u0cb5\u0cb5\u0ca8\u0cc1, \u0ca8\u0cc0\u0ca8\u0cc1 \u0c92\u0cb3\u0ccd\u0cb3\u0cc7\u0ca6\u0cc1 \u0cae\u0cbe\u0ca1\u0cc1\u0ca4\u0ccd\u0ca4\u0cc0. \u0ca6\u0cc6\u0cb5\u0ccd\u0cb5\u0c97\u0cb3\u0cc1 \u0c95\u0cc2\u0ca1 \u0cb9\u0cbe\u0c97\u0cc6\u0caf\u0cc7 \u0ca8\u0c82\u0cac\u0cbf \u0ca8\u0ca1\u0cc1\u0c97\u0cc1\u0ca4\u0ccd\u0ca4\u0cb5\u0cc6."},{"Verseid":"58001019","Verse":"\u0c86\u0ca6\u0cb0\u0cc6 \u0c93 \u0cb5\u0ccd\u0caf\u0cb0\u0ccd\u0ca5\u0cb5\u0cbe\u0ca6\u0cb5\u0ca8\u0cc7, \u0c95\u0ccd\u0cb0\u0cbf\u0caf\u0cc6\u0c97\u0cb3\u0cbf\u0cb2\u0ccd\u0cb2\u0ca6 \u0ca8\u0c82\u0cac\u0cbf\u0c95\u0cc6\u0caf\u0cc1 \u0cb8\u0ca4\u0ccd\u0ca4\u0ca6\u0ccd\u0ca6\u0cc6\u0c82\u0ca6\u0cc1 \u0ca4\u0cbf\u0cb3\u0cbf\u0ca6\u0cc1\u0c95\u0cca\u0cb3\u0ccd\u0cb3\u0cb2\u0cc1 \u0ca8\u0cbf\u0ca8\u0c97\u0cc6 \u0c87\u0cb7\u0ccd\u0c9f\u0cb5\u0cbf\u0ca6\u0cc6\u0caf\u0ccb?"},{"Verseid":"58001020","Verse":"\u0ca8\u0cae\u0ccd\u0cae \u0caa\u0cbf\u0ca4\u0cc3\u0cb5\u0cbe\u0ca6 \u0c85\u0cac\u0ccd\u0cb0\u0cb9\u0cbe\u0cae\u0ca8\u0cc1 \u0ca4\u0ca8\u0ccd\u0ca8 \u0cae\u0c97\u0ca8\u0cbe\u0ca6 \u0c87\u0cb8\u0cbe\u0c95\u0ca8\u0ca8\u0ccd\u0ca8\u0cc1 \u0caf\u0c9c\u0ccd\u0c9e\u0cb5\u0cc7\u0ca6\u0cbf\u0caf \u0cae\u0cc7\u0cb2\u0cc6 \u0c85\u0cb0\u0ccd\u0caa\u0cbf\u0cb8\u0cbf\u0ca6\u0cbe\u0c97 \u0ca8\u0cc0\u0ca4\u0cbf \u0ca8\u0cbf\u0cb0\u0ccd\u0ca3\u0caf\u0cb5\u0ca8\u0ccd\u0ca8\u0cc1 \u0cb9\u0cca\u0c82\u0ca6\u0cbf\u0ca6\u0ccd\u0ca6\u0cc1 \u0c95\u0ccd\u0cb0\u0cbf\u0caf\u0cc6\u0c97\u0cb3\u0cbf\u0c82\u0ca6\u0cb2\u0ccd\u0cb2\u0cb5\u0cc7?"},{"Verseid":"58001021","Verse":"\u0c85\u0cb5\u0ca8 \u0ca8\u0c82\u0cac\u0cbf\u0c95\u0cc6\u0caf\u0cc1 \u0cb9\u0cc7\u0c97\u0cc6 \u0ca4\u0ca8\u0ccd\u0ca8 \u0c95\u0ccd\u0cb0\u0cbf\u0caf\u0cc6\u0c97\u0cb3\u0cca\u0c82\u0ca6\u0cbf\u0c97\u0cc6 \u0c95\u0cbe\u0cb0\u0ccd\u0caf \u0ca8\u0ca1\u0cbf\u0cb8\u0cbf \u0c86 \u0c95\u0ccd\u0cb0\u0cbf\u0caf\u0cc6 \u0c97\u0cb3\u0cbf\u0c82\u0ca6\u0cb2\u0cc7 \u0ca8\u0c82\u0cac\u0cbf\u0c95\u0cc6\u0caf\u0cc1 \u0cb8\u0cbf\u0ca6\u0ccd\u0ca7\u0cbf\u0c97\u0cc6 \u0cac\u0c82\u0ca4\u0cc6\u0c82\u0cac\u0ca6\u0ca8\u0ccd\u0ca8\u0cc1 \u0ca8\u0cc0\u0ca8\u0cc1 \u0c95\u0cbe\u0ca3\u0cc1\u0ca4\u0ccd\u0ca4\u0cc0\u0caf\u0cb2\u0ccd\u0cb2\u0cbe?"},{"Verseid":"58001022","Verse":"\u0cb9\u0cc0\u0c97\u0cc6--\u0c85\u0cac\u0ccd\u0cb0\u0cb9\u0cbe\u0cae\u0ca8\u0cc1 \u0ca6\u0cc7\u0cb5\u0cb0\u0ca8\u0ccd\u0ca8\u0cc1 \u0ca8\u0c82\u0cac\u0cbf\u0ca6\u0ca8\u0cc1; \u0c86 \u0ca8\u0c82\u0cac\u0cbf\u0c95\u0cc6\u0caf\u0cc1 \u0c85\u0cb5\u0ca8 \u0cb2\u0cc6\u0c95\u0ccd\u0c95\u0c95\u0ccd\u0c95\u0cc6 \u0ca8\u0cc0\u0ca4\u0cbf\u0caf\u0cc6\u0c82\u0ca6\u0cc1 \u0c8e\u0ca3\u0cbf\u0cb8\u0cb2\u0ccd\u0caa\u0c9f\u0ccd\u0c9f\u0cbf\u0ca4\u0cc1 \u0c8e\u0c82\u0cac \u0cac\u0cb0\u0cb9\u0cb5\u0cc1 \u0cb9\u0cc7\u0cb3\u0cc1\u0cb5\u0c82\u0ca4\u0cc6 \u0ca8\u0cc6\u0cb0\u0cb5\u0cc7\u0cb0\u0cbf\u0ca4\u0cc1. \u0c85\u0cb5\u0ca8\u0cc1 \u0ca6\u0cc7\u0cb5\u0cb0 \u0cb8\u0ccd\u0ca8\u0cc7\u0cb9\u0cbf\u0ca4 \u0ca8\u0cc6\u0c82\u0ca6\u0cc1 \u0c95\u0cb0\u0cc6\u0caf\u0cb2\u0ccd\u0caa\u0c9f\u0ccd\u0c9f\u0ca8\u0cc1."},{"Verseid":"58001023","Verse":"\u0cb9\u0cc0\u0c97\u0cc6 \u0cae\u0ca8\u0cc1\u0cb7\u0ccd\u0caf\u0ca8\u0cc1 \u0c95\u0ccd\u0cb0\u0cbf\u0caf\u0cc6 \u0c97\u0cb3\u0cbf\u0c82\u0ca6 \u0ca8\u0cc0\u0ca4\u0cbf\u0cb5\u0c82\u0ca4\u0ca8\u0cc6\u0c82\u0ca6\u0cc1 \u0ca8\u0cbf\u0cb0\u0ccd\u0ca3\u0caf\u0cbf\u0cb8\u0cb2\u0ccd\u0caa\u0ca1\u0cc1\u0ca4\u0ccd\u0ca4\u0cbe\u0ca8\u0cc6 \u0cb9\u0cca\u0cb0\u0ca4\u0cc1 \u0cac\u0cb0\u0cc0 \u0ca8\u0c82\u0cac\u0cbf\u0c95\u0cc6\u0caf\u0cbf\u0c82\u0ca6\u0cb2\u0ccd\u0cb2\u0cb5\u0cc6\u0c82\u0ca6\u0cc1 \u0ca8\u0cc0\u0cb5\u0cc1 \u0ca8\u0ccb\u0ca1\u0cc1\u0ca4\u0ccd\u0ca4\u0cc0\u0cb0\u0cbf."},{"Verseid":"58001024","Verse":"\u0c85\u0ca6\u0cc7 \u0cb0\u0cc0\u0ca4\u0cbf\u0caf\u0cbe\u0c97\u0cbf \u0cb8\u0cc2\u0cb3\u0cc6\u0caf\u0cbe\u0ca6 \u0cb0\u0cb9\u0cbe\u0cac\u0cb3\u0cc1 \u0cb8\u0cb9 \u0c97\u0cc2\u0ca2\u0c9a\u0cbe\u0cb0\u0cb0\u0ca8\u0ccd\u0ca8\u0cc1 \u0cb8\u0cc7\u0cb0\u0cbf\u0cb8\u0cbf\u0c95\u0cca\u0c82\u0ca1\u0cc1 \u0cac\u0cc7\u0cb0\u0cc6 \u0ca6\u0cbe\u0cb0\u0cbf\u0caf\u0cbf\u0c82\u0ca6 \u0c85\u0cb5\u0cb0\u0ca8\u0ccd\u0ca8\u0cc1 \u0c95\u0cb3\u0cc1\u0cb9\u0cbf\u0cb8\u0cbf\u0ca6\u0ccd\u0ca6\u0cb0\u0cb2\u0ccd\u0cb2\u0cbf \u0c95\u0ccd\u0cb0\u0cbf\u0caf\u0cc6\u0c97\u0cb3\u0cbf\u0c82\u0ca6\u0cb2\u0cc7 \u0ca8\u0cc0\u0ca4\u0cbf \u0ca8\u0cbf\u0cb0\u0ccd\u0ca3\u0caf\u0cb5\u0ca8\u0ccd\u0ca8\u0cc1 \u0cb9\u0cca\u0c82\u0ca6 \u0cb2\u0cbf\u0cb2\u0ccd\u0cb2\u0cb5\u0cc7?"},{"Verseid":"58001025","Verse":"\u0c86\u0ca4\u0ccd\u0cae\u0cb5\u0cbf\u0cb2\u0ccd\u0cb2\u0ca6 \u0ca6\u0cc7\u0cb9\u0cb5\u0cc1 \u0cb8\u0ca4\u0ccd\u0ca4\u0ca6\u0ccd\u0ca6\u0cbe\u0c97\u0cbf\u0cb0\u0cc1\u0cb5 \u0caa\u0ccd\u0cb0\u0c95\u0cbe\u0cb0\u0cb5\u0cc7 \u0c95\u0ccd\u0cb0\u0cbf\u0caf\u0cc6\u0c97\u0cb3\u0cbf\u0cb2\u0ccd\u0cb2\u0ca6 \u0ca8\u0c82\u0cac\u0cbf\u0c95\u0cc6\u0caf\u0cc2 \u0cb8\u0ca4\u0ccd\u0ca4\u0ca6\u0ccd\u0ca6\u0cc7."}]},{"Verse":[{"Verseid":"58002000","Verse":"\u0ca8\u0ca8\u0ccd\u0ca8 \u0cb8\u0cb9\u0ccb\u0ca6\u0cb0\u0cb0\u0cc7, \u0cac\u0ccb\u0ca7\u0c95\u0cb0\u0cbe\u0ca6 \u0ca8\u0cae\u0c97\u0cc6 \u0ca6\u0cca\u0ca1\u0ccd\u0ca1 \u0ca6\u0c82\u0ca1\u0ca8\u0cc6\u0caf\u0cbe\u0c97\u0cc1\u0cb5\u0ca6\u0cc6\u0c82\u0ca6\u0cc1 \u0ca4\u0cbf\u0cb3\u0cbf\u0ca6\u0cc1\u0c95\u0cca\u0c82\u0ca1\u0cc1 \u0cac\u0cb9\u0cc1\u0cae\u0c82\u0ca6\u0cbf \u0cac\u0ccb\u0ca7\u0c95\u0cb0\u0cbe\u0c97\u0cac\u0cc7\u0ca1\u0cbf\u0cb0\u0cbf."},{"Verseid":"58002001","Verse":"\u0c85\u0ca8\u0cc7\u0c95 \u0cb5\u0cbf\u0cb7\u0caf\u0c97\u0cb3\u0cb2\u0ccd\u0cb2\u0cbf \u0ca8\u0cbe\u0cb5\u0cc6\u0cb2\u0ccd\u0cb2\u0cb0\u0cc2 \u0ca4\u0caa\u0ccd\u0caa\u0cc1\u0cb5\u0ca6\u0cc1\u0c82\u0c9f\u0cc1. \u0c92\u0cac\u0ccd\u0cac\u0ca8\u0cc1 \u0cae\u0cbe\u0ca4\u0cbf\u0ca8\u0cb2\u0ccd\u0cb2\u0cbf \u0ca4\u0caa\u0ccd\u0caa\u0ca6\u0cbf\u0ca6\u0ccd\u0ca6\u0cb0\u0cc6 \u0c85\u0cb5\u0ca8\u0cc1 \u0caa\u0cb0\u0cbf \u0caa\u0cc2\u0cb0\u0ccd\u0ca3\u0ca8\u0cc2 \u0ca4\u0ca8\u0ccd\u0ca8 \u0ca6\u0cc7\u0cb9\u0cb5\u0ca8\u0ccd\u0ca8\u0cc6\u0cb2\u0ccd\u0cb2\u0cbe \u0cb8\u0ccd\u0cb5\u0cbe\u0ca7\u0cc0\u0ca8\u0caa\u0ca1\u0cbf\u0cb8\u0cbf \u0c95\u0cca\u0cb3\u0ccd\u0cb3\u0cc1\u0cb5\u0ca6\u0c95\u0ccd\u0c95\u0cc6 \u0cb8\u0cae\u0cb0\u0ccd\u0ca5\u0ca8\u0cc2 \u0c86\u0c97\u0cbf\u0ca6\u0ccd\u0ca6\u0cbe\u0ca8\u0cc6."},{"Verseid":"58002002","Verse":"\u0c87\u0c97\u0ccb, \u0c95\u0cc1\u0ca6\u0cc1\u0cb0\u0cc6\u0c97\u0cb3\u0cc1 \u0ca8\u0cae\u0c97\u0cc6 \u0cb5\u0cbf\u0ca7\u0cc7\u0caf\u0cb5\u0cbe\u0c97\u0cc1\u0cb5 \u0cb9\u0cbe\u0c97\u0cc6 \u0c85\u0cb5\u0cc1 \u0c97\u0cb3 \u0cac\u0cbe\u0caf\u0cbf\u0c97\u0cc6 \u0c95\u0ca1\u0cbf\u0cb5\u0cbe\u0ca3 \u0cb9\u0cbe\u0c95\u0cc1\u0ca4\u0ccd\u0ca4\u0cc7\u0cb5\u0cb2\u0ccd\u0cb2\u0cbe; \u0c86\u0c97 \u0c85\u0cb5\u0cc1\u0c97\u0cb3 \u0ca6\u0cc7\u0cb9\u0cb5\u0ca8\u0ccd\u0ca8\u0cc6\u0cb2\u0ccd\u0cb2\u0cbe \u0ca4\u0cbf\u0cb0\u0cc1\u0c97\u0cbf\u0cb8\u0cc1\u0cb5\u0ca6\u0c95\u0ccd\u0c95\u0cc6 \u0c86\u0c97\u0cc1\u0ca4\u0ccd\u0ca4\u0ca6\u0cc6."},{"Verseid":"58002003","Verse":"\u0cb9\u0ca1\u0c97\u0cc1\u0c97\u0cb3\u0ca8\u0ccd\u0ca8\u0cc1 \u0cb8\u0cb9 \u0ca8\u0ccb\u0ca1\u0cbf\u0cb0\u0cbf. \u0c85\u0cb5\u0cc1 \u0cac\u0cb9\u0cc1 \u0ca6\u0cca\u0ca1\u0ccd\u0ca1\u0cb5\u0cbe\u0c97\u0cbf\u0ca6\u0ccd\u0ca6\u0cb0\u0cc2 \u0cac\u0cb2\u0cb5\u0cbe\u0ca6 \u0c97\u0cbe\u0cb3\u0cbf\u0caf\u0cbf\u0c82\u0ca6 \u0cac\u0ca1\u0cbf\u0cb8\u0cbf \u0c95\u0cca\u0c82\u0ca1\u0cc1 \u0cb9\u0ccb\u0c97\u0cc1\u0ca4\u0ccd\u0ca4\u0cb5\u0cc6. \u0c86\u0ca6\u0cbe\u0c97\u0ccd\u0caf\u0cc2 \u0cac\u0cb9\u0cc1 \u0cb8\u0ca3 \u0c9a\u0cc1\u0c95\u0cbe\u0ca3\u0cbf\u0caf\u0cbf\u0c82\u0ca6 \u0c85\u0cb5\u0cc1\u0c97\u0cb3\u0ca8\u0ccd\u0ca8\u0cc1 \u0ca8\u0ca1\u0cbf\u0cb8\u0cc1\u0cb5\u0cb5\u0ca8\u0cc1 \u0ca4\u0ca8\u0ccd\u0ca8 \u0cae\u0ca8\u0cb8\u0ccd\u0cb8\u0cbf\u0c97\u0cc6 \u0cac\u0c82\u0ca6 \u0c95\u0ca1\u0cc6\u0c97\u0cc6 \u0ca4\u0cbf\u0cb0\u0cc1\u0c97\u0cbf\u0cb8\u0cc1\u0ca4\u0ccd\u0ca4\u0cbe\u0ca8\u0cc6."},{"Verseid":"58002004","Verse":"\u0cb9\u0cbe\u0c97\u0cc6\u0caf\u0cc7 \u0ca8\u0cbe\u0cb2\u0cbf\u0c97\u0cc6\u0caf\u0cc1 \u0c95\u0cc2\u0ca1 \u0c9a\u0cbf\u0c95\u0ccd\u0c95 \u0c85\u0c82\u0c97\u0cb5\u0cbe\u0c97\u0cbf\u0ca6\u0ccd\u0ca6\u0cb0\u0cc2 \u0ca6\u0cca\u0ca1\u0ccd\u0ca1 \u0c95\u0cbe\u0cb0\u0ccd\u0caf\u0c97\u0cb3\u0ca8\u0ccd\u0ca8\u0cc1 \u0c95\u0cca\u0c9a\u0ccd\u0c9a\u0cbf\u0c95\u0cca\u0cb3\u0ccd\u0cb3\u0cc1\u0ca4\u0ccd\u0ca4\u0ca6\u0cc6. \u0c87\u0c97\u0ccb, \u0c8e\u0cb7\u0ccd\u0c9f\u0cc1 \u0c95\u0cca\u0c82\u0c9a \u0c95\u0cbf\u0c9a\u0ccd\u0c9a\u0cc1 \u0ca6\u0cca\u0ca1\u0ccd\u0ca1 \u0c95\u0cbe\u0ca1\u0ca8\u0ccd\u0ca8\u0cc1 \u0cb8\u0cc1\u0ca1\u0cc1\u0ca4\u0ccd\u0ca4\u0ca6\u0cc6 \u0ca8\u0ccb\u0ca1\u0cbf\u0cb0\u0cbf."},{"Verseid":"58002005","Verse":"\u0ca8\u0cbe\u0cb2\u0cbf\u0c97\u0cc6\u0caf\u0cc1 \u0cac\u0cc6\u0c82\u0c95\u0cbf\u0caf\u0cc2 \u0ca6\u0cc1\u0cb7\u0ccd\u0c9f\u0cb2\u0ccb\u0c95\u0cb5\u0cc2 \u0c86\u0c97\u0cbf\u0ca6\u0cc6. \u0cb9\u0cc0\u0c97\u0cc6 \u0c85\u0ca6\u0cc1 \u0ca8\u0cae\u0ccd\u0cae \u0c85\u0c82\u0c97\u0c97\u0cb3\u0cb2\u0ccd\u0cb2\u0cbf \u0c87\u0ca6\u0ccd\u0ca6\u0cc1 \u0ca6\u0cc7\u0cb9\u0cb5\u0ca8\u0ccd\u0ca8\u0cc6\u0cb2\u0ccd\u0cb2\u0cbe \u0cb9\u0cca\u0cb2\u0cc6\u0cae\u0cbe\u0ca1\u0cbf \u0caa\u0ccd\u0cb0\u0c95\u0cc3\u0ca4\u0cbf\u0caf \u0c95\u0ccd\u0cb0\u0cae\u0c95\u0ccd\u0c95\u0cc6 \u0cac\u0cc6\u0c82\u0c95\u0cbf \u0cb9\u0c9a\u0ccd\u0c9a\u0cc1\u0cb5 \u0cb9\u0cbe\u0c97\u0cc6\u0caf\u0cc2 \u0ca8\u0cb0\u0c95\u0ca6 \u0cac\u0cc6\u0c82\u0c95\u0cbf\u0caf\u0ca8\u0ccd\u0ca8\u0cc1 \u0cb9\u0c9a\u0ccd\u0c9a\u0cbf\u0c95\u0cca\u0cb3\u0ccd\u0cb3\u0cc1\u0cb5 \u0ca6\u0cbe\u0c97\u0cbf\u0caf\u0cc2 \u0c87\u0ca6\u0cc6."},{"Verseid":"58002006","Verse":"\u0cae\u0ca8\u0cc1\u0cb7\u0ccd\u0caf \u0c9c\u0cbe\u0ca4\u0cbf\u0caf\u0cc1 \u0cb8\u0c95\u0cb2 \u0cb5\u0cbf\u0ca7\u0cb5\u0cbe\u0ca6 \u0cae\u0cc3\u0c97, \u0caa\u0c95\u0ccd\u0cb7\u0cbf, \u0cb8\u0cb0\u0ccd\u0caa, \u0c9c\u0cb2\u0c9a\u0cb0\u0c97\u0cb3\u0ca8\u0ccd\u0ca8\u0cc1 \u0cb9\u0ca4\u0ccb\u0c9f\u0cbf\u0c97\u0cc6 \u0ca4\u0cb0\u0cc1\u0cb5\u0ca6\u0cc1\u0c82\u0c9f\u0cc1 \u0cae\u0ca4\u0ccd\u0ca4\u0cc1 \u0ca4\u0c82\u0ca6\u0ca6\u0ccd\u0ca6\u0cc1\u0c82\u0c9f\u0cc1."},{"Verseid":"58002007","Verse":"\u0c86\u0ca6\u0cb0\u0cc6 \u0ca8\u0cbe\u0cb2\u0cbf\u0c97\u0cc6\u0caf\u0ca8\u0ccd\u0ca8\u0cc1 \u0caf\u0cbe\u0cb5 \u0cae\u0cbe\u0ca8\u0cb5\u0ca8\u0cc2 \u0cb9\u0ca4\u0ccb \u0c9f\u0cbf\u0c97\u0cc6 \u0ca4\u0cb0\u0cb2\u0cbe\u0cb0\u0ca8\u0cc1. \u0c85\u0ca6\u0cc1 \u0cb8\u0ccd\u0cb5\u0cbe\u0ca7\u0cc0\u0ca8\u0cb5\u0cbe\u0c97\u0ca6 \u0c95\u0cc6\u0ca1\u0cc1\u0c95\u0cbe \u0c97\u0cbf\u0ca6\u0cc6; \u0cae\u0cb0\u0ca3\u0c95\u0cb0\u0cb5\u0cbe\u0ca6 \u0cb5\u0cbf\u0cb7\u0ca6\u0cbf\u0c82\u0ca6 \u0ca4\u0cc1\u0c82\u0cac\u0cbf \u0c87\u0ca6\u0cc6."},{"Verseid":"58002008","Verse":"\u0c85\u0ca6\u0cc7 \u0ca8\u0cbe\u0cb2\u0cbf\u0c97\u0cc6\u0caf\u0cbf\u0c82\u0ca6 \u0ca4\u0c82\u0ca6\u0cc6\u0caf\u0cbe\u0ca6 \u0ca6\u0cc7\u0cb5\u0cb0\u0ca8\u0ccd\u0ca8\u0cc1 \u0c95\u0cca\u0c82\u0ca1\u0cbe\u0ca1\u0cc1\u0ca4\u0ccd\u0ca4\u0cc7\u0cb5\u0cc6; \u0c86\u0ca6\u0cb0\u0cbf\u0c82\u0ca6\u0cb2\u0cc7 \u0ca6\u0cc7\u0cb5\u0cb0 \u0cb9\u0ccb\u0cb2\u0cbf\u0c95\u0cc6\u0c97\u0cc6 \u0cb8\u0cb0\u0cbf\u0caf\u0cbe\u0c97\u0cbf \u0c89\u0c82\u0c9f\u0cc1\u0cae\u0cbe\u0ca1\u0cb2\u0ccd\u0caa\u0c9f\u0ccd\u0c9f \u0cae\u0ca8\u0cc1\u0cb7\u0ccd\u0caf\u0cb0\u0ca8\u0ccd\u0ca8\u0cc1 \u0ca8\u0cbe\u0cb5\u0cc1 \u0cb6\u0caa\u0cbf\u0cb8\u0cc1\u0ca4\u0ccd\u0ca4\u0cc7\u0cb5\u0cc6."},{"Verseid":"58002009","Verse":"\u0c85\u0ca6\u0cc7 \u0cac\u0cbe\u0caf\u0cbf\u0c82\u0ca6 \u0c86\u0cb6\u0cc0\u0cb0\u0ccd\u0cb5\u0cbe\u0ca6 \u0cae\u0ca4\u0ccd\u0ca4\u0cc1 \u0cb6\u0cbe\u0caa \u0cac\u0cb0\u0cc1\u0ca4\u0ccd\u0ca4\u0cb5\u0cc6; \u0ca8\u0ca8\u0ccd\u0ca8 \u0cb8\u0cb9\u0ccb\u0ca6\u0cb0\u0cb0\u0cc7, \u0c87\u0cb5\u0cc1\u0c97\u0cb3\u0cc1 \u0cb9\u0cc0\u0c97\u0cbf\u0cb0\u0cac\u0cbe\u0cb0\u0ca6\u0cc1."},{"Verseid":"58002010","Verse":"\u0c92\u0c82\u0ca6\u0cc7 \u0c8a\u0c9f\u0cc6\u0caf\u0cc1 \u0cb8\u0cbf\u0cb9\u0cbf\u0ca8\u0cc0\u0cb0\u0ca8\u0ccd\u0ca8\u0cc2 \u0c95\u0cb9\u0cbf\u0ca8\u0cc0\u0cb0\u0ca8\u0ccd\u0ca8\u0cc2 \u0c92\u0c82\u0ca6\u0cc7 \u0cb8\u0ccd\u0ca5\u0cb3\u0ca6\u0cbf\u0c82\u0ca6 \u0cb9\u0cca\u0cb0\u0ca1\u0cc1\u0cb5\u0ca6\u0cc1\u0c82\u0c9f\u0cc7?"},{"Verseid":"58002011","Verse":"\u0ca8\u0ca8\u0ccd\u0ca8 \u0cb8\u0cb9\u0ccb\u0ca6\u0cb0\u0cb0\u0cc7, \u0c85\u0c82\u0c9c\u0cc2\u0cb0\u0ca6 \u0cae\u0cb0\u0cb5\u0cc1 \u0c8e\u0ca3\u0ccd\u0ca3\u0cc7\u0cae\u0cb0\u0ca6 \u0c95\u0cbe\u0caf\u0cbf \u0cac\u0cbf\u0ca1\u0cc1\u0cb5\u0ca6\u0ccb? \u0ca6\u0ccd\u0cb0\u0cbe\u0c95\u0ccd\u0cb7\u0cc7 \u0cac\u0cb3\u0ccd\u0cb3\u0cbf\u0caf\u0cb2\u0ccd\u0cb2\u0cbf \u0c85\u0c82\u0c9c\u0cc2\u0cb0\u0ca6 \u0cb9\u0ca3\u0ccd\u0ca3\u0cbe\u0c97\u0cc1\u0cb5\u0ca6\u0ccb? \u0cb9\u0cbe\u0c97\u0cc6\u0caf\u0cc7 \u0caf\u0cbe\u0cb5 \u0c8a\u0c9f\u0cc6\u0caf\u0cc2 \u0c89\u0caa\u0ccd\u0caa\u0cc1 \u0ca8\u0cc0\u0cb0\u0ca8\u0ccd\u0ca8\u0cc2 \u0cb8\u0cbf\u0cb9\u0cbf \u0ca8\u0cc0\u0cb0\u0ca8\u0ccd\u0ca8\u0cc2 \u0c95\u0cca\u0ca1\u0cb2\u0cbe\u0cb0\u0ca6\u0cc1."},{"Verseid":"58002012","Verse":"\u0ca8\u0cbf\u0cae\u0ccd\u0cae\u0cb2\u0ccd\u0cb2\u0cbf \u0c9c\u0ccd\u0c9e\u0cbe\u0ca8\u0cbf\u0caf\u0cc2 \u0cac\u0cc1\u0ca6\u0ccd\u0ca7\u0cbf\u0cb5\u0c82\u0ca4\u0ca8\u0cc2 \u0caf\u0cbe\u0cb0\u0cc1? \u0c85\u0c82\u0ca5\u0cb5\u0ca8\u0cc1 \u0caf\u0ccb\u0c97\u0ccd\u0caf\u0cb5\u0cbe\u0c97\u0cbf \u0ca8\u0ca1\u0cc6\u0ca6\u0cc1\u0c95\u0cca\u0c82\u0ca1\u0cc1 \u0c9c\u0ccd\u0c9e\u0cbe\u0ca8\u0ca6 \u0cb8\u0cbe\u0ca4\u0ccd\u0cb5\u0cbf\u0c95\u0ca4\u0ccd\u0cb5\u0ca6\u0cb2\u0ccd\u0cb2\u0cbf \u0ca4\u0ca8\u0ccd\u0ca8 \u0c95\u0ccd\u0cb0\u0cbf\u0caf\u0cc6\u0c97\u0cb3\u0ca8\u0ccd\u0ca8\u0cc1 \u0ca4\u0ccb\u0cb0\u0cbf\u0cb8\u0cb2\u0cbf."},{"Verseid":"58002013","Verse":"\u0c86\u0ca6\u0cb0\u0cc6 \u0c95\u0cb9\u0cbf\u0caf\u0cbe\u0ca6 \u0cb9\u0c97\u0cc6\u0ca4\u0ca8 \u0cae\u0ca4\u0ccd\u0ca4\u0cc1 \u0c9c\u0c97\u0cb3 \u0ca8\u0cbf\u0cae\u0ccd\u0cae \u0cb9\u0cc3\u0ca6\u0caf \u0c97\u0cb3\u0cca\u0cb3\u0c97\u0cc6 \u0c87\u0cb0\u0cc1\u0cb5\u0cb2\u0ccd\u0cb2\u0cbf \u0ca8\u0cc0\u0cb5\u0cc1 \u0cb8\u0ca4\u0ccd\u0caf\u0c95\u0ccd\u0c95\u0cc6 \u0cb5\u0cbf\u0cb0\u0ccb\u0ca7\u0cb5\u0cbe\u0c97\u0cbf \u0cb8\u0cc1\u0cb3\u0ccd\u0cb3\u0cbe\u0ca1\u0cbf \u0cb9\u0cca\u0c97\u0cb3\u0cbf\u0c95\u0cca\u0cb3\u0ccd\u0cb3\u0cac\u0cc7\u0ca1\u0cbf\u0cb0\u0cbf."},{"Verseid":"58002014","Verse":"\u0c85\u0ca6\u0cc1 \u0cae\u0cc7\u0cb2\u0ca3\u0cbf\u0c82\u0ca6 \u0cac\u0c82\u0ca6 \u0c9c\u0ccd\u0c9e\u0cbe\u0ca8\u0cb5\u0cb2\u0ccd\u0cb2; \u0c85\u0ca6\u0cc1 \u0cad\u0cc2\u0cb8\u0c82\u0cac\u0c82\u0ca7 \u0cb5\u0cbe\u0ca6\u0ca6\u0ccd\u0ca6\u0cc1, \u0caa\u0ccd\u0cb0\u0cbe\u0c95\u0cc3\u0ca4\u0cad\u0cbe\u0cb5\u0cb5\u0cbe\u0ca6\u0ca6\u0ccd\u0ca6\u0cc1, \u0ca6\u0cc6\u0cb5\u0ccd\u0cb5\u0c97\u0cb3\u0cbf\u0c97\u0cc6 \u0cb8\u0c82\u0cac\u0c82\u0ca7\u0caa\u0c9f\u0ccd\u0c9f\u0ca6\u0ccd\u0ca6\u0cc1."},{"Verseid":"58002015","Verse":"\u0cb9\u0cca\u0c9f\u0ccd\u0c9f\u0cc7\u0c95\u0cbf\u0c9a\u0ccd\u0c9a\u0cc2 \u0c9c\u0c97\u0cb3\u0cb5\u0cc2 \u0c87\u0cb0\u0cc1\u0cb5 \u0c95\u0ca1\u0cc6 \u0c97\u0cb2\u0cbf\u0cac\u0cbf\u0cb2\u0cbf\u0caf\u0cc2 \u0cb8\u0c95\u0cb2\u0cb5\u0cbf\u0ca7\u0cb5\u0cbe\u0ca6 \u0c95\u0cc6\u0c9f\u0ccd\u0c9f \u0c95\u0cc3\u0ca4\u0ccd\u0caf\u0cb5\u0cc2 \u0c87\u0cb0\u0cc1\u0cb5\u0cb5\u0cc1."},{"Verseid":"58002016","Verse":"\u0c86\u0ca6\u0cb0\u0cc6 \u0cae\u0cc7\u0cb2\u0ca3\u0cbf\u0c82\u0ca6 \u0cac\u0cb0\u0cc1\u0cb5 \u0c9c\u0ccd\u0c9e\u0cbe\u0ca8\u0cb5\u0cc1 \u0cae\u0cca\u0ca6\u0cb2\u0cc1 \u0ca8\u0cbf\u0cb0\u0ccd\u0cae\u0cb2\u0cb5\u0cbe\u0ca6\u0ca6\u0ccd\u0ca6\u0cc1, \u0c86\u0cae\u0cc7\u0cb2\u0cc6 \u0cb8\u0cae\u0cbe\u0ca7\u0cbe\u0ca8\u0c95\u0cb0\u0cb5\u0cbe\u0ca6\u0ca6\u0ccd\u0ca6\u0cc1, \u0cb5\u0cbf\u0ca8\u0caf\u0cb5\u0cc1\u0cb3\u0ccd\u0cb3\u0ca6\u0ccd\u0ca6\u0cc1, \u0cb8\u0cc1\u0cb2\u0cad\u0cb5\u0cbe\u0c97\u0cbf \u0c92\u0caa\u0ccd\u0caa\u0cbf\u0c95\u0cca\u0cb3\u0ccd\u0cb3\u0cc1\u0cb5\u0c82\u0ca5\u0ca6\u0cc1, \u0c95\u0cb0\u0cc1\u0ca3\u0cc6\u0caf\u0cbf\u0c82\u0ca6\u0cb2\u0cc2 \u0c92\u0cb3\u0ccd\u0cb3\u0cc7 \u0cab\u0cb2\u0c97\u0cb3\u0cbf\u0c82\u0ca6\u0cb2\u0cc2 \u0ca4\u0cc1\u0c82\u0cac\u0cbf\u0cb0\u0cc1\u0cb5\u0c82\u0ca5\u0ca6\u0ccd\u0ca6\u0cc1 \u0c86\u0c97\u0cbf\u0ca6\u0cc6; \u0c85\u0ca6\u0cb0\u0cb2\u0ccd\u0cb2\u0cbf \u0caa\u0c95\u0ccd\u0cb7\u0caa\u0cbe\u0ca4\u0cb5\u0cc2 \u0c95\u0caa\u0c9f\u0cb5\u0cc2 \u0c87\u0cb2\u0ccd\u0cb2."},{"Verseid":"58002017","Verse":"\u0cb8\u0cae\u0cbe\u0ca7\u0cbe\u0ca8 \u0caa\u0ca1\u0cbf\u0cb8\u0cc1\u0cb5\u0cb5\u0cb0\u0cbf\u0c97\u0cc6 \u0cb8\u0cae\u0cbe\u0ca7\u0cbe\u0ca8\u0ca6\u0cb2\u0ccd\u0cb2\u0cbf \u0ca8\u0cc0\u0ca4\u0cbf\u0caf \u0cab\u0cb2\u0cb5\u0cc1 \u0cac\u0cbf\u0ca4\u0ccd\u0ca4\u0cb2\u0ccd\u0caa\u0ca1\u0cc1\u0ca4\u0ccd\u0ca4\u0ca6\u0cc6."}]},{"Verse":[{"Verseid":"58003000","Verse":"\u0ca8\u0cbf\u0cae\u0ccd\u0cae\u0cb2\u0ccd\u0cb2\u0cbf \u0caf\u0cc1\u0ca6\u0ccd\u0ca7\u0c97\u0cb3\u0cc2 \u0c95\u0cbe\u0ca6\u0cbe\u0c9f\u0c97\u0cb3\u0cc2 \u0c8e\u0cb2\u0ccd\u0cb2\u0cbf\u0c82\u0ca6 \u0cac\u0cb0\u0cc1\u0ca4\u0ccd\u0ca4\u0cb5\u0cc6? \u0ca8\u0cbf\u0cae\u0ccd\u0cae \u0c87\u0c82\u0ca6\u0ccd\u0cb0\u0cbf\u0caf \u0c97\u0cb3\u0cb2\u0ccd\u0cb2\u0cbf \u0cb9\u0cca\u0cb0\u0cbe\u0ca1\u0cc1\u0cb5 \u0cad\u0ccb\u0c97\u0cbe\u0cb6\u0cc6\u0c97\u0cb3\u0cbf\u0c82\u0ca6\u0cb2\u0cc7 \u0c85\u0cb2\u0ccd\u0cb2\u0cb5\u0cc7."},{"Verseid":"58003001","Verse":"\u0ca8\u0cc0\u0cb5\u0cc1 \u0c86\u0cb6\u0cbf\u0cb8\u0cbf\u0ca6\u0cb0\u0cc2 \u0cb9\u0cca\u0c82\u0ca6\u0ca6\u0cc6 \u0c87\u0ca6\u0ccd\u0ca6\u0cc0\u0cb0\u0cbf. \u0ca8\u0cc0\u0cb5\u0cc1 \u0c95\u0cca\u0cb2\u0ccd\u0cb2\u0cc1\u0ca4\u0ccd\u0ca4\u0cc0\u0cb0\u0cbf, \u0cb9\u0cca\u0c82\u0ca6\u0cb2\u0cc1 \u0c85\u0caa\u0cc7\u0c95\u0ccd\u0cb7\u0cbf\u0cb8\u0cc1\u0ca4\u0ccd\u0ca4\u0cc0\u0cb0\u0cbf, \u0c86\u0ca6\u0cb0\u0cc6 \u0caa\u0ca1\u0cc6\u0caf\u0cb2\u0cbe\u0cb0\u0cbf\u0cb0\u0cbf. \u0ca8\u0cc0\u0cb5\u0cc1 \u0c95\u0cbe\u0ca6\u0cbe\u0ca1\u0cc1\u0ca4\u0ccd\u0ca4\u0cc0\u0cb0\u0cbf, \u0caf\u0cc1\u0ca6\u0ccd\u0ca7 \u0cae\u0cbe\u0ca1\u0cc1\u0ca4\u0ccd\u0ca4\u0cc0\u0cb0\u0cbf. \u0c86\u0ca6\u0cbe\u0c97\u0ccd\u0caf\u0cc2 \u0ca8\u0cc0\u0cb5\u0cc1 \u0cac\u0cc7\u0ca1\u0cbf\u0c95\u0cca\u0cb3\u0ccd\u0cb3\u0ca6 \u0c95\u0cbe\u0cb0\u0ca3 \u0ca8\u0cbf\u0cae\u0c97\u0cc7\u0ca8\u0cc2 \u0ca6\u0cca\u0cb0\u0cc6\u0caf\u0cb2\u0cbf\u0cb2\u0ccd\u0cb2."},{"Verseid":"58003002","Verse":"\u0ca8\u0cc0\u0cb5\u0cc1 \u0cac\u0cc7\u0ca1\u0cbf\u0ca6\u0cb0\u0cc2 \u0cac\u0cc7\u0ca1\u0cbf\u0ca6\u0ccd\u0ca6\u0ca8\u0ccd\u0ca8\u0cc1 \u0ca8\u0cbf\u0cae\u0ccd\u0cae \u0cad\u0ccb\u0c97\u0c97\u0cb3\u0cbf\u0c97\u0cbe\u0c97\u0cbf \u0c89\u0caa\u0caf\u0ccb\u0c97\u0cbf\u0cb8 \u0cac\u0cc7\u0c95\u0cc6\u0c82\u0ca6\u0cc1 \u0ca4\u0caa\u0ccd\u0caa\u0cbe\u0c97\u0cbf \u0cac\u0cc7\u0ca1\u0cbf\u0c95\u0cca\u0cb3\u0ccd\u0cb3\u0cc1\u0cb5\u0ca6\u0cb0\u0cbf\u0c82\u0ca6 \u0ca8\u0cbf\u0cae\u0c97\u0cc6 \u0ca6\u0cca\u0cb0\u0cc6\u0caf\u0cc1\u0cb5\u0ca6\u0cbf\u0cb2\u0ccd\u0cb2."},{"Verseid":"58003003","Verse":"\u0cb5\u0ccd\u0caf\u0cad\u0cbf\u0c9a\u0cbe\u0cb0\u0cbf\u0c97\u0cb3\u0cc7, \u0cb5\u0ccd\u0caf\u0cad\u0cbf\u0c9a\u0cbe\u0cb0\u0cbf\u0ca3\u0cbf \u0caf\u0cb0\u0cc7, \u0c87\u0cb9\u0cb2\u0ccb\u0c95 \u0cb8\u0ccd\u0ca8\u0cc7\u0cb9\u0cb5\u0cc1 \u0ca6\u0cc7\u0cb5\u0cb5\u0cc8\u0cb0\u0cb5\u0cc6\u0c82\u0ca6\u0cc1 \u0ca8\u0cbf\u0cae\u0c97\u0cc6 \u0ca4\u0cbf\u0cb3\u0cbf\u0caf\u0ca6\u0ccb? \u0cb2\u0ccb\u0c95\u0c95\u0ccd\u0c95\u0cc6 \u0cb8\u0ccd\u0ca8\u0cc7\u0cb9\u0cbf\u0ca4\u0ca8\u0cbe\u0c97\u0cbf\u0cb0 \u0cac\u0cc7\u0c95\u0cc6\u0c82\u0ca6\u0cbf\u0cb0\u0cc1\u0cb5\u0cb5\u0ca8\u0cc1 \u0ca6\u0cc7\u0cb5\u0cb0\u0cbf\u0c97\u0cc6 \u0cb5\u0cc8\u0cb0\u0cbf\u0caf\u0cbe\u0c97\u0cbf\u0ca6\u0ccd\u0ca6\u0cbe\u0ca8\u0cc6."},{"Verseid":"58003004","Verse":"\u0c87\u0ca6\u0cb2\u0ccd\u0cb2\u0ca6\u0cc6--\u0ca8\u0cae\u0ccd\u0cae\u0cb2\u0ccd\u0cb2\u0cbf \u0cb5\u0cbe\u0cb8\u0cb5\u0cbe\u0c97\u0cbf\u0cb0\u0cc1\u0cb5 \u0c86\u0ca4\u0ccd\u0cae\u0ca8\u0cc1 \u0c85\u0cad\u0cbf\u0cae\u0cbe\u0ca8\u0ca4\u0cbe\u0caa\u0ca6\u0cbf\u0c82\u0ca6 \u0cb9\u0c82\u0cac\u0cb2\u0cbf\u0cb8\u0cc1\u0ca4\u0ccd\u0ca4\u0cbe\u0ca8\u0cc6\u0c82\u0cac \u0cac\u0cb0\u0cb9\u0cb5\u0cc1 \u0cb5\u0ccd\u0caf\u0cb0\u0ccd\u0ca5\u0cb5\u0cbe\u0c97\u0cbf \u0cb9\u0cc7\u0cb3\u0cc1\u0ca4\u0ccd\u0ca4\u0ca6\u0cc6 \u0c8e\u0c82\u0ca6\u0cc1 \u0ca8\u0cc0\u0cb5\u0cc1 \u0cad\u0cbe\u0cb5\u0cbf\u0cb8\u0cc1 \u0ca4\u0ccd\u0ca4\u0cc0\u0cb0\u0ccb?"},{"Verseid":"58003005","Verse":"\u0c86\u0ca4\u0ca8\u0cc1 \u0cb9\u0cc6\u0c9a\u0ccd\u0c9a\u0cbe\u0ca6 \u0c95\u0cc3\u0caa\u0cc6\u0caf\u0ca8\u0ccd\u0ca8\u0cc1 \u0c95\u0cca\u0ca1\u0cc1\u0ca4\u0ccd\u0ca4\u0cbe\u0ca8\u0cc6. \u0c86\u0ca6\u0ca6\u0cb0\u0cbf\u0c82\u0ca6--\u0ca6\u0cc7\u0cb5\u0cb0\u0cc1 \u0c85\u0cb9\u0c82\u0c95\u0cbe\u0cb0\u0cbf\u0c97\u0cb3\u0ca8\u0ccd\u0ca8\u0cc1 \u0c8e\u0ca6\u0cc1\u0cb0\u0cbf\u0cb8\u0cc1 \u0ca4\u0ccd\u0ca4\u0cbe\u0ca8\u0cc6, \u0ca6\u0cc0\u0ca8\u0cb0\u0cbf\u0c97\u0cbe\u0ca6\u0cb0\u0ccb \u0c95\u0cc3\u0caa\u0cc6\u0caf\u0ca8\u0ccd\u0ca8\u0cc1 \u0c85\u0ca8\u0cc1\u0c97\u0ccd\u0cb0\u0cb9\u0cbf\u0cb8\u0cc1 \u0ca4\u0ccd\u0ca4\u0cbe\u0ca8\u0cc6 \u0c8e\u0c82\u0ca6\u0cc1 \u0c86\u0ca4\u0ca8\u0cc1 \u0cb9\u0cc7\u0cb3\u0cc1\u0ca4\u0ccd\u0ca4\u0cbe\u0ca8\u0cc6."},{"Verseid":"58003006","Verse":"\u0cb9\u0cc0\u0c97\u0cbf\u0cb0\u0cb2\u0cbe\u0c97\u0cbf \u0ca6\u0cc7\u0cb5\u0cb0\u0cbf\u0c97\u0cc6 \u0c92\u0cb3\u0c97\u0cbe\u0c97\u0cbf\u0cb0\u0cbf. \u0cb8\u0cc8\u0ca4\u0cbe\u0ca8\u0ca8\u0ca8\u0ccd\u0ca8\u0cc1 \u0c8e\u0ca6\u0cc1\u0cb0\u0cbf\u0cb8\u0cbf\u0cb0\u0cbf, \u0c86\u0c97 \u0c85\u0cb5\u0ca8\u0cc1 \u0ca8\u0cbf\u0cae\u0ccd\u0cae\u0ca8\u0ccd\u0ca8\u0cc1 \u0cac\u0cbf\u0c9f\u0ccd\u0c9f\u0cc1 \u0c93\u0ca1\u0cbf\u0cb9\u0ccb\u0c97\u0cc1\u0cb5\u0ca8\u0cc1."},{"Verseid":"58003007","Verse":"\u0ca6\u0cc7\u0cb5\u0cb0 \u0cb8\u0cb5\u0cbf\u0cbe\u0caa\u0c95\u0ccd\u0c95\u0cc6 \u0cac\u0ca8\u0ccd\u0ca8\u0cbf\u0cb0\u0cbf, \u0c86\u0c97 \u0c86\u0ca4\u0ca8\u0cc1 \u0ca8\u0cbf\u0cae\u0ccd\u0cae \u0cb8\u0cb5\u0cbf\u0cbe\u0caa\u0c95\u0ccd\u0c95\u0cc6 \u0cac\u0cb0\u0cc1\u0cb5\u0ca8\u0cc1. \u0caa\u0cbe\u0caa\u0cbf\u0c97\u0cb3\u0cc7, \u0ca8\u0cbf\u0cae\u0ccd\u0cae \u0c95\u0cc8\u0c97\u0cb3\u0ca8\u0ccd\u0ca8\u0cc1 \u0cb6\u0cc1\u0c9a\u0cbf \u0cae\u0cbe\u0ca1\u0cbf\u0c95\u0cca\u0cb3\u0ccd\u0cb3\u0cbf\u0cb0\u0cbf; \u0c8e\u0cb0\u0ca1\u0cc1 \u0cae\u0ca8\u0cb8\u0ccd\u0cb8\u0cc1\u0cb3\u0ccd\u0cb3\u0cb5\u0cb0\u0cc7, \u0ca8\u0cbf\u0cae\u0ccd\u0cae \u0cb9\u0cc3\u0ca6\u0caf\u0c97\u0cb3\u0ca8\u0ccd\u0ca8\u0cc1 \u0ca8\u0cbf\u0cb0\u0ccd\u0cae\u0cb2 \u0cae\u0cbe\u0ca1\u0cbf\u0c95\u0cca\u0cb3\u0ccd\u0cb3\u0cbf\u0cb0\u0cbf."},{"Verseid":"58003008","Verse":"\u0ca6\u0cc1\u0c83\u0c96\u0cbf\u0cb8\u0cbf\u0cb0\u0cbf, \u0c97\u0ccb\u0cb3\u0cbe\u0ca1\u0cbf\u0cb0\u0cbf, \u0c95\u0ca3\u0ccd\u0ca3\u0cc0\u0cb0\u0cbf\u0ca1\u0cbf\u0cb0\u0cbf; \u0ca8\u0cbf\u0cae\u0ccd\u0cae \u0ca8\u0c97\u0cc6\u0caf\u0cc1 \u0ca6\u0cc1\u0c83\u0c96\u0c95\u0ccd\u0c95\u0cc2 \u0ca8\u0cbf\u0cae\u0ccd\u0cae \u0cb8\u0c82\u0ca4\u0ccb\u0cb7\u0cb5\u0cc1 \u0cb5\u0ccd\u0caf\u0ca5\u0cc6\u0c97\u0cc2 \u0ca4\u0cbf\u0cb0\u0cc1\u0c97\u0cbf\u0c95\u0cca\u0cb3\u0ccd\u0cb3\u0cb2\u0cbf."},{"Verseid":"58003009","Verse":"\u0c95\u0cb0\u0ccd\u0ca4\u0ca8 \u0cae\u0cc1\u0c82\u0ca6\u0cc6 \u0ca8\u0cbf\u0cae\u0ccd\u0cae\u0ca8\u0ccd\u0ca8\u0cc1 \u0ca4\u0c97\u0ccd\u0c97\u0cbf\u0cb8\u0cbf \u0c95\u0cca\u0cb3\u0ccd\u0cb3\u0cbf\u0cb0\u0cbf; \u0c86\u0c97\u0cb2\u0cbe\u0ca4\u0ca8\u0cc1 \u0ca8\u0cbf\u0cae\u0ccd\u0cae\u0ca8\u0ccd\u0ca8\u0cc1 \u0cae\u0cc7\u0cb2\u0c95\u0ccd\u0c95\u0cc6\u0ca4\u0ccd\u0ca4\u0cc1\u0cb5\u0ca8\u0cc1."},{"Verseid":"58003010","Verse":"\u0cb8\u0cb9\u0ccb\u0ca6\u0cb0\u0cb0\u0cc7, \u0c92\u0cac\u0ccd\u0cac\u0cb0 \u0cb5\u0cbf\u0cb7\u0caf\u0ca6\u0cb2\u0ccd\u0cb2\u0cbf \u0c92\u0cac\u0ccd\u0cac\u0cb0\u0cc1 \u0c95\u0cc6\u0c9f\u0ccd\u0c9f\u0ca6\u0ccd\u0ca6\u0ca8\u0ccd\u0ca8\u0cc1 \u0cae\u0cbe\u0ca4\u0ca8\u0cbe\u0ca1\u0cac\u0cc7\u0ca1\u0cbf\u0cb0\u0cbf. \u0caf\u0cbe\u0cb5\u0ca8\u0cbe\u0ca6\u0cb0\u0cc2 \u0ca4\u0ca8\u0ccd\u0ca8 \u0cb8\u0cb9\u0ccb\u0ca6\u0cb0\u0ca8 \u0cb5\u0cbf\u0cb7\u0caf\u0ca6\u0cb2\u0ccd\u0cb2\u0cbf \u0c95\u0cc6\u0c9f\u0ccd\u0c9f\u0ca6\u0ccd\u0ca6\u0cbe\u0c97\u0cbf \u0cae\u0cbe\u0ca4\u0ca8\u0cbe\u0ca1\u0cbf\u0ca6\u0cb0\u0cc6 \u0c85\u0ca5\u0cb5\u0cbe \u0ca4\u0ca8\u0ccd\u0ca8 \u0cb8\u0cb9\u0ccb\u0ca6\u0cb0\u0ca8 \u0cb5\u0cbf\u0cb7\u0caf\u0cb5\u0cbe\u0c97\u0cbf \u0ca4\u0cc0\u0cb0\u0ccd\u0caa\u0cc1 \u0cae\u0cbe\u0ca1\u0cbf\u0ca6\u0cb0\u0cc6 \u0c85\u0cb5\u0ca8\u0cc1 \u0ca8\u0ccd\u0caf\u0cbe\u0caf\u0caa\u0ccd\u0cb0\u0cae\u0cbe\u0ca3\u0ca6 \u0cb5\u0cbf\u0cb7\u0caf\u0ca6\u0cb2\u0ccd\u0cb2\u0cbf \u0c95\u0cc6\u0c9f\u0ccd\u0c9f\u0ca6\u0ccd\u0ca6\u0cbe\u0c97\u0cbf \u0cae\u0cbe\u0ca4\u0ca8\u0cbe\u0ca1\u0cbf \u0ca8\u0ccd\u0caf\u0cbe\u0caf\u0caa\u0ccd\u0cb0\u0cae\u0cbe\u0ca3\u0ca6 \u0cb5\u0cbf\u0cb7\u0caf \u0ca6\u0cb2\u0ccd\u0cb2\u0cbf"},{"Verseid":"58003011","Verse":"\u0ca8\u0ccd\u0caf\u0cbe\u0caf\u0caa\u0ccd\u0cb0\u0cae\u0cbe\u0ca3 \u0cb5\u0ca8\u0ccd\u0ca8\u0cc1 \u0c95\u0cca\u0c9f\u0ccd\u0c9f\u0cbe\u0ca4\u0ca8\u0cc1 \u0c92\u0cac\u0ccd\u0cac\u0ca8\u0cc7; \u0c86\u0ca4\u0ca8\u0cc7 \u0c89\u0cb3\u0cbf\u0cb8\u0cc1\u0cb5\u0ca6\u0c95\u0ccd\u0c95\u0cc2 \u0ca8\u0cbe\u0cb6 \u0cae\u0cbe\u0ca1\u0cc1\u0cb5\u0ca6\u0c95\u0ccd\u0c95\u0cc2 \u0cb6\u0c95\u0ccd\u0ca4\u0ca8\u0cc1. \u0cb9\u0cc0\u0c97\u0cbf\u0cb0\u0cc1\u0cb5\u0cbe\u0c97 \u0cae\u0ca4\u0ccd\u0ca4\u0cca\u0cac\u0ccd\u0cac\u0ca8 \u0cb5\u0cbf\u0cb7\u0caf\u0ca6\u0cb2\u0ccd\u0cb2\u0cbf \u0ca4\u0cc0\u0cb0\u0ccd\u0caa\u0cc1\u0cae\u0cbe\u0ca1\u0cc1\u0cb5\u0ca6\u0c95\u0ccd\u0c95\u0cc6 \u0ca8\u0cc0\u0ca8\u0cc1 \u0caf\u0cbe\u0cb0\u0cc1?"},{"Verseid":"58003012","Verse":"\u0c88 \u0cb9\u0cca\u0ca4\u0ccd\u0ca4\u0cc1 \u0c87\u0cb2\u0ccd\u0cb2\u0cb5\u0cc6 \u0ca8\u0cbe\u0cb3\u0cc6 \u0ca8\u0cbe\u0cb5\u0cc1 \u0c87\u0c82\u0ca5 \u0caa\u0c9f\u0ccd\u0c9f\u0ca3\u0c95\u0ccd\u0c95\u0cc6 \u0cb9\u0ccb\u0c97\u0cbf \u0c85\u0cb2\u0ccd\u0cb2\u0cbf \u0c92\u0c82\u0ca6\u0cc1 \u0cb5\u0cb0\u0cc1\u0cb7\u0cb5\u0cbf\u0ca6\u0ccd\u0ca6\u0cc1\u0c95\u0cca\u0c82\u0ca1\u0cc1 \u0c95\u0cca\u0cb3\u0ccd\u0cb3\u0cc1\u0cb5 \u0cae\u0ca4\u0ccd\u0ca4\u0cc1 \u0cae\u0cbe\u0cb0\u0cc1\u0cb5 \u0cb5\u0ccd\u0caf\u0cbe\u0caa\u0cbe\u0cb0\u0cb5\u0ca8\u0ccd\u0ca8\u0cc1 \u0cae\u0cbe\u0ca1\u0cbf \u0cb2\u0cbe\u0cad\u0cb5\u0ca8\u0ccd\u0ca8\u0cc1 \u0cb8\u0c82\u0caa\u0cbe\u0ca6\u0cbf\u0cb8\u0cc1\u0ca4\u0ccd\u0ca4\u0cc7\u0cb5\u0cc6 \u0c85\u0ca8\u0ccd\u0ca8\u0cc1\u0cb5\u0cb5\u0cb0\u0cc7, \u0c95\u0cc7\u0cb3\u0cbf\u0cb0\u0cbf."},{"Verseid":"58003013","Verse":"\u0ca8\u0cbe\u0cb3\u0cc6 \u0c8f\u0ca8\u0cbe\u0c97\u0cc1\u0cb5\u0ca6\u0ccb \u0ca8\u0cbf\u0cae\u0c97\u0cc6 \u0ca4\u0cbf\u0cb3\u0cbf\u0caf\u0ca6\u0cc1. \u0ca8\u0cbf\u0cae\u0ccd\u0cae \u0c9c\u0cc0\u0cb5 \u0cae\u0cbe\u0ca8\u0cb5\u0cc1 \u0c8e\u0c82\u0ca5\u0ca6\u0ccd\u0ca6\u0cc1? \u0c85\u0ca6\u0cc1 \u0cb8\u0ccd\u0cb5\u0cb2\u0ccd\u0caa \u0cb9\u0cca\u0ca4\u0ccd\u0ca4\u0cc1 \u0c95\u0cbe\u0ca3\u0cbf\u0cb8\u0cbf \u0c95\u0cca\u0c82\u0ca1\u0cc1 \u0c86\u0cae\u0cc7\u0cb2\u0cc6 \u0c95\u0cbe\u0ca3\u0ca6\u0cc6 \u0cb9\u0ccb\u0c97\u0cc1\u0cb5 \u0cb9\u0cac\u0cc6\u0caf\u0c82\u0ca4\u0cbf\u0ca6\u0cc6."},{"Verseid":"58003014","Verse":"\u0c86\u0ca6\u0ca6\u0cb0\u0cbf\u0c82\u0ca6--\u0c95\u0cb0\u0ccd\u0ca4\u0ca8 \u0c9a\u0cbf\u0ca4\u0ccd\u0ca4\u0cb5\u0cbe\u0ca6\u0cb0\u0cc6 \u0ca8\u0cbe\u0cb5\u0cc1 \u0cac\u0ca6\u0cc1\u0c95\u0cbf \u0c88 \u0c95\u0cc6\u0cb2\u0cb8\u0cb5\u0ca8\u0ccd\u0ca8\u0cbe\u0c97\u0cb2\u0cbf \u0c86 \u0c95\u0cc6\u0cb2\u0cb8\u0cb5\u0ca8\u0ccd\u0ca8\u0cbe\u0c97\u0cb2\u0cbf \u0cae\u0cbe\u0ca1\u0cc1\u0cb5\u0cc6\u0cb5\u0cc1 \u0c8e\u0c82\u0ca6\u0cc1 \u0ca8\u0cc0\u0cb5\u0cc1 \u0cb9\u0cc7\u0cb3\u0ca4\u0c95\u0ccd\u0c95\u0ca6\u0ccd\u0ca6\u0cc1."},{"Verseid":"58003015","Verse":"\u0c86\u0ca6\u0cb0\u0cc6 \u0ca8\u0cc0\u0cb5\u0cc1 \u0ca8\u0cbf\u0cae\u0ccd\u0cae \u0cb9\u0cca\u0c97\u0cb3\u0cbf\u0c95\u0cc6\u0c97\u0cb3\u0cb2\u0ccd\u0cb2\u0cbf \u0cb8\u0c82\u0ca4\u0ccb\u0cb7\u0caa\u0ca1\u0cc1\u0ca4\u0ccd\u0ca4\u0cc0\u0cb0\u0cbf. \u0c85\u0c82\u0ca5 \u0cb8\u0c82\u0ca4\u0ccb\u0cb7\u0cb5\u0cc6\u0cb2\u0ccd\u0cb2\u0cbe \u0c95\u0cc6\u0c9f\u0ccd\u0c9f\u0ca6\u0ccd\u0ca6\u0cc7."},{"Verseid":"58003016","Verse":"\u0cb9\u0cc0\u0c97\u0cbf\u0cb0\u0cc1\u0cb5\u0ca6\u0cb0\u0cbf\u0c82\u0ca6 \u0c92\u0cb3\u0ccd\u0cb3\u0cc7\u0ca6\u0ca8\u0ccd\u0ca8\u0cc1 \u0cae\u0cbe\u0ca1\u0cac\u0cc7\u0c95\u0cc6\u0c82\u0ca6\u0cc1 \u0ca4\u0cbf\u0cb3\u0cbf\u0ca6\u0cc1 \u0c85\u0ca6\u0ca8\u0ccd\u0ca8\u0cc1 \u0cae\u0cbe\u0ca1\u0ca6\u0cc6 \u0c87\u0cb0\u0cc1\u0cb5\u0cb5\u0ca8\u0cbf\u0c97\u0cc6 \u0c85\u0ca6\u0cc1 \u0caa\u0cbe\u0caa\u0cb5\u0cbe\u0c97\u0cbf\u0ca6\u0cc6."}]},{"Verse":[{"Verseid":"58004000","Verse":"\u0ca7\u0ca8\u0cbf\u0c95\u0cb0\u0cc7, \u0ca8\u0cbf\u0cae\u0c97\u0cc6 \u0cac\u0cb0\u0cc1\u0cb5 \u0ca6\u0cc1\u0cb0\u0ccd\u0ca6\u0cb6\u0cc6 \u0c97\u0cb3\u0cbf\u0c97\u0cbe\u0c97\u0cbf \u0c95\u0ca3\u0ccd\u0ca3\u0cc0\u0cb0\u0cbf\u0ca1\u0cbf\u0cb0\u0cbf, \u0c97\u0ccb\u0cb3\u0cbe\u0ca1\u0cbf\u0cb0\u0cbf"},{"Verseid":"58004001","Verse":"\u0ca8\u0cbf\u0cae\u0ccd\u0cae \u0c90\u0cb6\u0ccd\u0cb5\u0cb0\u0ccd\u0caf\u0cb5\u0cc1 \u0ca8\u0cbe\u0cb6\u0cb5\u0cbe\u0c97\u0cbf\u0ca6\u0cc6, \u0ca8\u0cbf\u0cae\u0ccd\u0cae \u0cac\u0c9f\u0ccd\u0c9f\u0cc6\u0c97\u0cb3\u0cbf\u0c97\u0cc6 \u0ca8\u0cc1\u0cb8\u0cbf \u0cb9\u0cbf\u0ca1\u0cbf\u0ca6\u0cbf\u0ca6\u0cc6."},{"Verseid":"58004002","Verse":"\u0ca8\u0cbf\u0cae\u0ccd\u0cae \u0c9a\u0cbf\u0ca8\u0ccd\u0ca8 \u0cac\u0cc6\u0cb3\u0ccd\u0cb3\u0cbf\u0c97\u0cb3\u0cc1 \u0ca4\u0cc1\u0c95\u0ccd\u0c95\u0cc1 \u0cb9\u0cbf\u0ca1\u0cbf\u0ca6\u0cb5\u0cc6; \u0c85\u0cb5\u0cc1\u0c97\u0cb3 \u0ca4\u0cc1\u0c95\u0ccd\u0c95\u0cc1 \u0ca8\u0cbf\u0cae\u0c97\u0cc6 \u0cb5\u0cbf\u0cb0\u0ccb\u0ca7\u0cb5\u0cbe\u0c97\u0cbf \u0cb8\u0cbe\u0c95\u0ccd\u0cb7\u0cbf\u0caf\u0cbe\u0c97\u0cbf\u0ca6\u0ccd\u0ca6\u0cc1 \u0cac\u0cc6\u0c82\u0c95\u0cbf\u0caf\u0c82\u0ca4\u0cc6 \u0ca8\u0cbf\u0cae\u0ccd\u0cae \u0cae\u0cbe\u0c82\u0cb8\u0cb5\u0ca8\u0ccd\u0ca8\u0cc1 \u0ca4\u0cbf\u0c82\u0ca6\u0cc1 \u0cac\u0cbf\u0ca1\u0cc1\u0cb5\u0ca6\u0cc1. \u0c95\u0ca1\u0cc7 \u0ca6\u0cbf\u0ca8\u0c97\u0cb3\u0cbf\u0c97\u0cbe\u0c97\u0cbf \u0cb8\u0c82\u0caa\u0ca4\u0ccd\u0ca4\u0ca8\u0ccd\u0ca8\u0cc1 \u0c95\u0cc2\u0ca1\u0cbf\u0cb8\u0cbf \u0c87\u0c9f\u0ccd\u0c9f\u0cc1\u0c95\u0cca\u0c82\u0ca1\u0cbf \u0ca6\u0ccd\u0ca6\u0cc0\u0cb0\u0cbf."},{"Verseid":"58004003","Verse":"\u0c87\u0c97\u0ccb, \u0ca8\u0cbf\u0cae\u0ccd\u0cae \u0cb9\u0cca\u0cb2\u0c97\u0cb3\u0ca8\u0ccd\u0ca8\u0cc1 \u0c95\u0cca\u0caf\u0cbf\u0ca6\u0cb5\u0cb0 \u0c95\u0cc2\u0cb2\u0cbf\u0caf\u0ca8\u0ccd\u0ca8\u0cc1 \u0ca8\u0cc0\u0cb5\u0cc1 \u0c85\u0ca8\u0ccd\u0caf\u0cbe\u0caf\u0cb5\u0cbe\u0c97\u0cbf \u0cb9\u0cbf\u0ca1\u0cbf\u0ca6\u0cc1\u0c95\u0cca\u0c82\u0ca1\u0cbf \u0ca6\u0ccd\u0ca6\u0cc0\u0cb0\u0cbf. \u0c86 \u0c95\u0cc2\u0cb2\u0cbf \u0c95\u0cc2\u0c97\u0cbf\u0c95\u0cca\u0cb3\u0ccd\u0cb3\u0cc1\u0ca4\u0ccd\u0ca4\u0ca6\u0cc6; \u0c95\u0cca\u0caf\u0cbf\u0ca6\u0cb5\u0cb0 \u0c95\u0cc2\u0c97\u0cc1 \u0cb8\u0cc8\u0ca8\u0ccd\u0caf\u0c97\u0cb3 \u0c95\u0cb0\u0ccd\u0ca4\u0ca8 \u0c95\u0cbf\u0cb5\u0cbf\u0c97\u0cb3\u0cb2\u0ccd\u0cb2\u0cbf \u0cac\u0cbf\u0ca6\u0ccd\u0ca6\u0cbf\u0ca6\u0cc6."},{"Verseid":"58004004","Verse":"\u0cad\u0cc2\u0cb2\u0ccb\u0c95\u0ca6\u0cb2\u0ccd\u0cb2\u0cbf \u0ca8\u0cc0\u0cb5\u0cc1 \u0cad\u0ccb\u0c97\u0cbf\u0c97\u0cb3\u0cbe\u0c97\u0cbf \u0cae\u0ca8\u0cb8\u0ccd\u0cb8\u0cc1 \u0cac\u0c82\u0ca6\u0c82\u0ca4\u0cc6 \u0c9c\u0cc0\u0cb5\u0cbf\u0cb8\u0cbf\u0ca6\u0ccd\u0ca6\u0cc0\u0cb0\u0cbf; \u0cb5\u0ca7\u0cc6\u0caf \u0ca6\u0cbf\u0cb5\u0cb8\u0c95\u0ccd\u0c95\u0cbe\u0c97\u0cbf\u0caf\u0cc7 \u0c8e\u0c82\u0cac\u0c82\u0ca4\u0cc6 \u0ca8\u0cbf\u0cae\u0ccd\u0cae \u0cb9\u0cc3\u0ca6\u0caf\u0c97\u0cb3\u0ca8\u0ccd\u0ca8\u0cc1 \u0caa\u0ccb\u0cb7\u0cbf\u0cb8\u0cbf\u0c95\u0cca\u0c82\u0ca1\u0cbf\u0ca6\u0ccd\u0ca6\u0cc0\u0cb0\u0cbf."},{"Verseid":"58004005","Verse":"\u0ca8\u0cc0\u0ca4\u0cbf\u0cb5\u0c82\u0ca4\u0ca8\u0cbf\u0c97\u0cc6 \u0ca6\u0c82\u0ca1\u0ca8\u0cc6\u0caf\u0ca8\u0ccd\u0ca8\u0cc1 \u0cb5\u0cbf\u0ca7\u0cbf\u0cb8\u0cbf \u0c95\u0cca\u0c82\u0ca6\u0cc1 \u0cb9\u0cbe\u0c95\u0cbf \u0ca6\u0ccd\u0ca6\u0cc0\u0cb0\u0cbf; \u0c85\u0cb5\u0ca8\u0cc1 \u0ca8\u0cbf\u0cae\u0ccd\u0cae\u0ca8\u0ccd\u0ca8\u0cc1 \u0c8e\u0ca6\u0cc1\u0cb0\u0cbe\u0caf\u0cbf\u0cb8\u0cc1\u0cb5\u0cb5\u0ca8\u0cb2\u0ccd\u0cb2."},{"Verseid":"58004006","Verse":"\u0cb8\u0cb9\u0ccb\u0ca6\u0cb0\u0cb0\u0cc7, \u0c95\u0cb0\u0ccd\u0ca4\u0ca8\u0cc1 \u0cac\u0cb0\u0cc1\u0cb5 \u0ca4\u0ca8\u0c95 \u0ca6\u0cc0\u0cb0\u0ccd\u0c98 \u0cb6\u0cbe\u0c82\u0ca4\u0cbf\u0caf\u0cbf\u0c82\u0ca6\u0cbf\u0cb0\u0ccd\u0cb0\u0cbf. \u0cb5\u0ccd\u0caf\u0cb5\u0cb8\u0cbe\u0caf\u0c97\u0cbe\u0cb0\u0ca8\u0ca8\u0ccd\u0ca8\u0cc1 \u0ca8\u0ccb\u0ca1\u0cbf\u0cb0\u0cbf; \u0c85\u0cb5\u0ca8\u0cc1 \u0cad\u0cc2\u0cae\u0cbf\u0caf \u0c85\u0cae\u0cc2\u0cb2\u0ccd\u0caf\u0cb5\u0cbe\u0ca6 \u0cab\u0cb2\u0c95\u0ccd\u0c95\u0cbe\u0c97\u0cbf \u0c95\u0cbe\u0ca6\u0cbf\u0ca6\u0ccd\u0ca6\u0cc1 \u0cae\u0cc1\u0c82\u0c97\u0cbe\u0cb0\u0cc1 \u0cb9\u0cbf\u0c82\u0c97\u0cbe\u0cb0\u0cc1 \u0cae\u0cb3\u0cc6\u0c97\u0cb3\u0cc1 \u0cac\u0cb0\u0cc1\u0cb5 \u0ca4\u0ca8\u0c95 \u0ca6\u0cc0\u0cb0\u0ccd\u0c98\u0cb6\u0cbe\u0c82\u0ca4\u0cbf\u0caf\u0cbf\u0c82\u0ca6\u0cbf\u0cb0\u0cc1\u0cb5\u0ca8\u0cc1."},{"Verseid":"58004007","Verse":"\u0ca8\u0cc0\u0cb5\u0cc2 \u0ca6\u0cc0\u0cb0\u0ccd\u0c98\u0cb6\u0cbe\u0c82\u0ca4\u0cbf\u0caf\u0cbf\u0c82\u0ca6\u0cbf\u0cb0\u0ccd\u0cb0\u0cbf; \u0ca8\u0cbf\u0cae\u0ccd\u0cae \u0cb9\u0cc3\u0ca6\u0caf\u0c97\u0cb3\u0ca8\u0ccd\u0ca8\u0cc1 \u0ca6\u0cc3\u0ca2\u0caa\u0ca1\u0cbf\u0cb8\u0cbf\u0c95\u0cca\u0cb3\u0ccd\u0cb3\u0cbf\u0cb0\u0cbf, \u0caf\u0cbe\u0c95\u0c82\u0ca6\u0cb0\u0cc6 \u0c95\u0cb0\u0ccd\u0ca4\u0ca8 \u0caa\u0ccd\u0cb0\u0ca4\u0ccd\u0caf \u0c95\u0ccd\u0cb7\u0ca4\u0cc6\u0caf\u0cc1 \u0cb9\u0ca4\u0ccd\u0ca4\u0cbf\u0cb0\u0cb5\u0cbe\u0caf\u0cbf\u0ca4\u0cc1."},{"Verseid":"58004008","Verse":"\u0cb8\u0cb9\u0ccb\u0ca6\u0cb0\u0cb0\u0cc7, \u0ca8\u0cc0\u0cb5\u0cc1 \u0c92\u0cac\u0ccd\u0cac\u0cb0\u0ca8\u0ccd\u0ca8\u0cca\u0cac\u0ccd\u0cac\u0cb0\u0cc1 \u0ca6\u0ccd\u0cb5\u0cc7\u0cb7\u0cbf\u0cb8\u0cac\u0cc7\u0ca1\u0cbf\u0cb0\u0cbf; \u0ca8\u0ccd\u0caf\u0cbe\u0caf\u0cb5\u0cbf\u0c9a\u0cbe\u0cb0\u0ca3\u0cc6\u0c97\u0cc6 \u0c97\u0cc1\u0cb0\u0cbf\u0caf\u0cbe\u0ca6\u0cc0\u0cb0\u0cbf. \u0c85\u0c97\u0ccb, \u0ca8\u0ccd\u0caf\u0cbe\u0caf\u0cbe\u0ca7\u0cbf\u0caa\u0ca4\u0cbf\u0caf\u0cc1 \u0cac\u0cbe\u0c97\u0cb2\u0cbf\u0ca8 \u0cae\u0cc1\u0c82\u0ca6\u0cc6\u0caf\u0cc7 \u0ca8\u0cbf\u0c82\u0ca4\u0cbf\u0ca6\u0ccd\u0ca6\u0cbe\u0ca8\u0cc6."},{"Verseid":"58004009","Verse":"\u0ca8\u0ca8\u0ccd\u0ca8 \u0cb8\u0cb9\u0ccb\u0ca6\u0cb0\u0cb0\u0cc7, \u0cac\u0cbe\u0ca7\u0cc6\u0caf\u0ca8\u0ccd\u0ca8\u0cc1 \u0ca4\u0cbe\u0cb3\u0ccd\u0cae\u0cc6\u0caf\u0cbf\u0c82\u0ca6 \u0cb8\u0cb9\u0cbf\u0cb8\u0cbf \u0c95\u0cca\u0cb3\u0ccd\u0cb3\u0cc1\u0cb5 \u0cb5\u0cbf\u0cb7\u0caf\u0ca6\u0cb2\u0ccd\u0cb2\u0cbf \u0c95\u0cb0\u0ccd\u0ca4\u0ca8 \u0cb9\u0cc6\u0cb8\u0cb0\u0cbf\u0ca8\u0cbf\u0c82\u0ca6 \u0cae\u0cbe\u0ca4 \u0ca8\u0cbe\u0ca1\u0cbf\u0ca6 \u0caa\u0ccd\u0cb0\u0cb5\u0cbe\u0ca6\u0cbf\u0c97\u0cb3\u0ca8\u0ccd\u0ca8\u0cc7 \u0cae\u0cbe\u0ca6\u0cb0\u0cbf \u0cae\u0cbe\u0ca1\u0cbf\u0c95\u0cca\u0cb3\u0ccd\u0cb3\u0cbf\u0cb0\u0cbf."},{"Verseid":"58004010","Verse":"\u0c87\u0c97\u0ccb, \u0ca4\u0cbe\u0cb3\u0cbf\u0c95\u0cca\u0cb3\u0ccd\u0cb3\u0cc1\u0cb5\u0cb5\u0cb0\u0ca8\u0ccd\u0ca8\u0cc1 \u0ca7\u0ca8\u0ccd\u0caf\u0cb0\u0cc6\u0c82\u0ca6\u0cc1 \u0ca8\u0cbe\u0cb5\u0cc1 \u0c8e\u0ca3\u0cbf\u0cb8\u0cc1\u0ca4\u0ccd\u0ca4\u0cc7\u0cb5\u0cb2\u0ccd\u0cb2\u0cb5\u0cc7. \u0ca8\u0cc0\u0cb5\u0cc1 \u0caf\u0ccb\u0cac\u0ca8\u0cb2\u0ccd\u0cb2\u0cbf\u0ca6\u0ccd\u0ca6 \u0ca4\u0cbe\u0cb3\u0ccd\u0cae\u0cc6\u0caf \u0cb5\u0cbf\u0cb7\u0caf\u0cb5\u0cbe\u0c97\u0cbf \u0c95\u0cc7\u0cb3\u0cbf \u0c95\u0cb0\u0ccd\u0ca4\u0ca8\u0cc1 \u0c85\u0cb5\u0ca8\u0cbf\u0c97\u0cc6 \u0c85\u0c82\u0ca4\u0ccd\u0caf\u0ca6\u0cb2\u0ccd\u0cb2\u0cbf \u0cae\u0cbe\u0ca1\u0cbf\u0ca6\u0ccd\u0ca6\u0ca8\u0ccd\u0ca8\u0cc1 \u0ca8\u0ccb\u0ca1\u0cbf \u0c95\u0cb0\u0ccd\u0ca4\u0ca8\u0cc1 \u0cac\u0cb9\u0cb3 \u0c95\u0cb0\u0cc1\u0ca3\u0cc6\u0caf\u0cc1\u0cb3\u0ccd\u0cb3 \u0cb5\u0ca8\u0cc2 \u0ca6\u0caf\u0cbe\u0cb3\u0cc1\u0cb5\u0cc2 \u0c86\u0c97\u0cbf\u0ca6\u0ccd\u0ca6\u0cbe\u0ca8\u0cc6\u0c82\u0ca6\u0cc1 \u0ca4\u0cbf\u0cb3\u0cbf\u0ca6\u0cbf\u0ca6\u0ccd\u0ca6\u0cc0\u0cb0\u0cb7\u0ccd\u0c9f\u0cc6."},{"Verseid":"58004011","Verse":"\u0cae\u0cc1\u0c96\u0ccd\u0caf\u0cb5\u0cbe\u0c97\u0cbf \u0ca8\u0ca8\u0ccd\u0ca8 \u0cb8\u0cb9\u0ccb\u0ca6\u0cb0\u0cb0\u0cc7, \u0c86\u0ca3\u0cc6 \u0c87\u0ca1\u0cb2\u0cc7 \u0cac\u0cc7\u0ca1\u0cbf\u0cb0\u0cbf; \u0c86\u0c95\u0cbe\u0cb6\u0ca6 \u0cae\u0cc7\u0cb2\u0cbe\u0c97\u0cb2\u0cbf \u0cad\u0cc2\u0cae\u0cbf\u0caf \u0cae\u0cc7\u0cb2\u0cbe\u0c97\u0cb2\u0cbf \u0c87\u0ca8\u0ccd\u0ca8\u0cbe\u0cb5\u0ca6\u0cb0 \u0cae\u0cc7\u0cb2\u0cbe\u0c97\u0cb2\u0cbf \u0c86\u0ca3\u0cc6 \u0c87\u0ca1 \u0cac\u0cc7\u0ca1\u0cbf\u0cb0\u0cbf. \u0cb9\u0ccc\u0ca6\u0cc6\u0c82\u0ca6\u0cc1 \u0cb9\u0cc7\u0cb3\u0cac\u0cc7\u0c95\u0cbe\u0ca6\u0cb0\u0cc6 \u0cb9\u0ccc\u0ca6\u0cc6\u0ca8\u0ccd\u0ca8\u0cbf\u0cb0\u0cbf, \u0c85\u0cb2\u0ccd\u0cb2\u0cb5\u0cc6\u0ca8\u0ccd\u0ca8\u0cac\u0cc7\u0c95\u0cbe\u0ca6\u0cb0\u0cc6 \u0c85\u0cb2\u0ccd\u0cb2\u0cb5\u0cc6\u0ca8\u0ccd\u0ca8\u0cbf\u0cb0\u0cbf; \u0cb9\u0cc0\u0c97\u0cbe\u0ca6\u0cb0\u0cc6 \u0ca8\u0cc0\u0cb5\u0cc1 \u0ca8\u0ccd\u0caf\u0cbe\u0caf\u0cb5\u0cbf\u0c9a\u0cbe\u0cb0\u0ca3\u0cc6\u0c97\u0cc6 \u0c97\u0cc1\u0cb0\u0cbf\u0caf\u0cbe\u0c97\u0cc1\u0cb5\u0ca6\u0cbf\u0cb2\u0ccd\u0cb2."},{"Verseid":"58004012","Verse":"\u0ca8\u0cbf\u0cae\u0ccd\u0cae\u0cb2\u0ccd\u0cb2\u0cbf \u0caf\u0cbe\u0cb5\u0ca8\u0cbe\u0ca6\u0cb0\u0cc2 \u0cac\u0cbe\u0ca7\u0cc6\u0caa\u0ca1\u0cc1\u0cb5\u0cb5\u0ca8\u0cc1 \u0c87\u0ca6\u0ccd\u0ca6\u0cbe\u0ca8\u0ccb? \u0c85\u0cb5\u0ca8\u0cc1 \u0caa\u0ccd\u0cb0\u0cbe\u0cb0\u0ccd\u0ca5\u0cbf\u0cb8\u0cb2\u0cbf. \u0ca8\u0cbf\u0cae\u0ccd\u0cae\u0cb2\u0ccd\u0cb2\u0cbf \u0caf\u0cbe\u0cb5\u0ca8\u0cbe\u0ca6\u0cb0\u0cc2 \u0cb8\u0c82\u0ca4\u0ccb\u0cb7\u0caa\u0ca1\u0cc1\u0cb5\u0cb5\u0ca8\u0cbf\u0ca6\u0ccd\u0ca6\u0cbe\u0ca8\u0ccb? \u0c85\u0cb5\u0ca8\u0cc1 \u0c95\u0cc0\u0cb0\u0ccd\u0ca4\u0ca8\u0cc6\u0c97\u0cb3\u0ca8\u0ccd\u0ca8\u0cc1 \u0cb9\u0cbe\u0ca1\u0cb2\u0cbf."},{"Verseid":"58004013","Verse":"\u0ca8\u0cbf\u0cae\u0ccd\u0cae\u0cb2\u0ccd\u0cb2\u0cbf \u0caf\u0cbe\u0cb5 \u0ca8\u0cbe\u0ca6\u0cb0\u0cc2 \u0c85\u0cb8\u0ccd\u0cb5\u0cb8\u0ccd\u0ca5\u0ca8\u0cbe\u0c97\u0cbf\u0cb0\u0cc1\u0cb5\u0cb5\u0ca8\u0cc1 \u0c87\u0ca6\u0ccd\u0ca6\u0cbe\u0ca8\u0ccb? \u0c85\u0cb5\u0ca8\u0cc1 \u0cb8\u0cad\u0cc6\u0caf \u0cb9\u0cbf\u0cb0\u0cbf\u0caf\u0cb0\u0ca8\u0ccd\u0ca8\u0cc1 \u0c95\u0cb0\u0cc7\u0c95\u0cb3\u0cc1\u0cb9\u0cbf\u0cb8\u0cb2\u0cbf; \u0c85\u0cb5\u0cb0\u0cc1 \u0c95\u0cb0\u0ccd\u0ca4\u0ca8 \u0cb9\u0cc6\u0cb8\u0cb0\u0cbf\u0ca8\u0cbf\u0c82\u0ca6 \u0c8e\u0ca3\u0ccd\u0ca3\u0cc6\u0cb9\u0c9a\u0ccd\u0c9a\u0cbf \u0c85\u0cb5\u0ca8\u0cbf\u0c97\u0ccb\u0cb8\u0ccd\u0c95\u0cb0 \u0caa\u0ccd\u0cb0\u0cbe\u0cb0\u0ccd\u0ca5\u0cbf\u0cb8\u0cb2\u0cbf."},{"Verseid":"58004014","Verse":"\u0ca8\u0c82\u0cac\u0cbf\u0c95\u0cc6\u0caf\u0cbf\u0c82\u0ca6 \u0cae\u0cbe\u0ca1\u0cbf\u0ca6 \u0caa\u0ccd\u0cb0\u0cbe\u0cb0\u0ccd\u0ca5\u0ca8\u0cc6 \u0caf\u0cc1 \u0cb0\u0ccb\u0c97\u0cbf\u0caf\u0ca8\u0ccd\u0ca8\u0cc1 \u0cb0\u0c95\u0ccd\u0cb7\u0cbf\u0cb8\u0cc1\u0cb5\u0ca6\u0cc1; \u0c95\u0cb0\u0ccd\u0ca4\u0ca8\u0cc1 \u0c85\u0cb5\u0ca8\u0ca8\u0ccd\u0ca8\u0cc1 \u0c8e\u0cac\u0ccd\u0cac\u0cbf\u0cb8\u0cc1\u0cb5\u0ca8\u0cc1, \u0caa\u0cbe\u0caa\u0c97\u0cb3\u0ca8\u0ccd\u0ca8\u0cc1 \u0cae\u0cbe\u0ca1\u0cbf\u0ca6\u0cb5\u0ca8\u0cbe\u0c97\u0cbf\u0ca6\u0ccd\u0ca6\u0cb0\u0cc6 \u0c85\u0cb5\u0cc1 \u0c95\u0ccd\u0cb7\u0cae\u0cbf\u0cb8\u0cb2\u0ccd\u0caa\u0ca1\u0cc1\u0cb5\u0cb5\u0cc1."},{"Verseid":"58004015","Verse":"\u0ca8\u0cc0\u0cb5\u0cc1 \u0cb8\u0ccd\u0cb5\u0cb8\u0ccd\u0ca5\u0cb5\u0cbe\u0c97\u0cac\u0cc7\u0c95\u0cbe\u0ca6\u0cb0\u0cc6 \u0ca8\u0cbf\u0cae\u0ccd\u0cae \u0ca4\u0caa\u0ccd\u0caa\u0cc1\u0c97\u0cb3\u0ca8\u0ccd\u0ca8\u0cc1 \u0c92\u0cac\u0ccd\u0cac\u0cb0\u0cbf\u0c97\u0cca\u0cac\u0ccd\u0cac\u0cb0\u0cc1 \u0c85\u0cb0\u0cbf\u0c95\u0cc6\u0cae\u0cbe\u0ca1\u0cbf \u0c92\u0cac\u0ccd\u0cac\u0cb0\u0cbf \u0c97\u0ccb\u0cb8\u0ccd\u0c95\u0cb0 \u0c92\u0cac\u0ccd\u0cac\u0cb0\u0cc1 \u0caa\u0ccd\u0cb0\u0cbe\u0cb0\u0ccd\u0ca5\u0cbf\u0cb8\u0cbf\u0cb0\u0cbf; \u0ca8\u0cc0\u0ca4\u0cbf\u0cb5\u0c82\u0ca4\u0ca8 \u0c85\u0ca4\u0ccd\u0caf\u0cbe\u0cb8\u0c95\u0ccd\u0ca4\u0cbf\u0caf\u0cc1\u0cb3\u0ccd\u0cb3 \u0caa\u0ccd\u0cb0\u0cbe\u0cb0\u0ccd\u0ca5\u0ca8\u0cc6\u0caf\u0cc1 \u0cac\u0cb9\u0cc1 \u0cab\u0cb2\u0c95\u0cbe\u0cb0\u0cbf\u0caf\u0cbe\u0c97\u0cc1\u0ca4\u0ccd\u0ca4\u0ca6\u0cc6."},{"Verseid":"58004016","Verse":"\u0c8e\u0cb2\u0cc0\u0caf\u0ca8\u0cc1 \u0ca8\u0cae\u0ccd\u0cae\u0c82\u0ca5 \u0cb8\u0ccd\u0cb5\u0cad\u0cbe\u0cb5\u0cb5\u0cc1\u0cb3\u0ccd\u0cb3\u0cb5 \u0ca8\u0cbe\u0c97\u0cbf\u0ca6\u0ccd\u0ca6\u0ca8\u0cc1; \u0c85\u0cb5\u0ca8\u0cc1 \u0cae\u0cb3\u0cc6 \u0cac\u0cb0\u0cac\u0cbe\u0cb0\u0ca6\u0cc6\u0c82\u0ca6\u0cc1 \u0c86\u0cb8\u0c95\u0ccd\u0ca4\u0cbf \u0caf\u0cbf\u0c82\u0ca6 \u0caa\u0ccd\u0cb0\u0cbe\u0cb0\u0ccd\u0ca5\u0cbf\u0cb8\u0cb2\u0cc1 \u0cae\u0cc2\u0cb0\u0cc1 \u0cb5\u0cb0\u0cc1\u0cb7 \u0c86\u0cb0\u0cc1 \u0ca4\u0cbf\u0c82\u0c97\u0cb3 \u0cb5\u0cb0\u0cc6\u0c97\u0cc2 \u0cae\u0cb3\u0cc6 \u0cac\u0cc0\u0cb3\u0cb2\u0cbf\u0cb2\u0ccd\u0cb2."},{"Verseid":"58004017","Verse":"\u0ca4\u0cbf\u0cb0\u0cbf\u0c97\u0cbf \u0c85\u0cb5\u0ca8\u0cc1 \u0caa\u0ccd\u0cb0\u0cbe\u0cb0\u0ccd\u0ca5\u0ca8\u0cc6 \u0cae\u0cbe\u0ca1\u0cb2\u0cc1 \u0c86\u0c95\u0cbe\u0cb6\u0cb5\u0cc1 \u0cae\u0cb3\u0cc6\u0c97\u0cb0\u0cc6\u0caf\u0cbf\u0ca4\u0cc1, \u0cad\u0cc2\u0cae\u0cbf\u0caf\u0cc1 \u0cac\u0cc6\u0cb3\u0cc6\u0caf\u0cbf\u0ca4\u0cc1."},{"Verseid":"58004018","Verse":"\u0cb8\u0cb9\u0ccb\u0ca6\u0cb0\u0cb0\u0cc7, \u0ca8\u0cbf\u0cae\u0ccd\u0cae\u0cb2\u0ccd\u0cb2\u0cbf \u0caf\u0cbe\u0cb5\u0ca8\u0cbe\u0ca6\u0cb0\u0cc2 \u0cb8\u0ca4\u0ccd\u0caf \u0ca6\u0cbf\u0c82\u0ca6 \u0ca4\u0caa\u0ccd\u0caa\u0cbf\u0cb9\u0ccb\u0c97\u0cbf\u0cb0\u0cb2\u0cbe\u0c97\u0cbf \u0cae\u0ca4\u0ccd\u0ca4\u0cca\u0cac\u0ccd\u0cac\u0ca8\u0cc1 \u0c85\u0cb5\u0ca8\u0ca8\u0ccd\u0ca8\u0cc1 \u0caf\u0ca5\u0cbe\u0cb8\u0ccd\u0ca5\u0cbe\u0ca8\u0c95\u0ccd\u0c95\u0cc6 \u0ca4\u0c82\u0ca6\u0cb0\u0cc6"},{"Verseid":"58004019","Verse":"\u0c85\u0cb5\u0ca8\u0cc1 \u0caa\u0cbe\u0caa\u0cae\u0cbe\u0ca1\u0cbf\u0ca6\u0cb5 \u0ca8\u0ca8\u0ccd\u0ca8\u0cc1 \u0ca4\u0caa\u0ccd\u0caa\u0cbe\u0ca6 \u0cae\u0cbe\u0cb0\u0ccd\u0c97\u0ca6\u0cbf\u0c82\u0ca6 \u0ca4\u0cbf\u0cb0\u0cc1\u0c97\u0cbf\u0cb8\u0cbf\u0ca6\u0ccd\u0ca6\u0cb2\u0ccd\u0cb2\u0ca6\u0cc6 \u0c85\u0cb5\u0ca8 \u0c86\u0ca4\u0ccd\u0cae\u0cb5\u0ca8\u0ccd\u0ca8\u0cc1 \u0cae\u0cb0\u0ca3\u0c95\u0ccd\u0c95\u0cc6 \u0ca4\u0caa\u0ccd\u0caa\u0cbf\u0cb8\u0cbf \u0cac\u0cb9\u0cc1\u0caa\u0cbe\u0caa\u0c97\u0cb3\u0ca8\u0ccd\u0ca8\u0cc1 \u0cae\u0cc1\u0c9a\u0ccd\u0c9a\u0cbf\u0ca6\u0cb5\u0ca8\u0cbe\u0ca6\u0ca8\u0cc6\u0c82\u0ca6\u0cc1 \u0ca4\u0cbf\u0cb3\u0cc1\u0c95\u0cca\u0cb3\u0ccd\u0cb3\u0cb2\u0cbf."}]}]}