{"Chapter":[{"Verse":[{"Verseid":"61000000","Verse":"\u0c86\u0ca6\u0cbf\u0caf\u0cbf\u0c82\u0ca6 \u0c87\u0ca6\u0ccd\u0ca6\u0ca6\u0ccd\u0ca6\u0ca8\u0ccd\u0ca8\u0cc2 \u0c86 \u0c9c\u0cc0\u0cb5 \u0cb5\u0cbe\u0c95\u0ccd\u0caf\u0ca6 \u0cb5\u0cbf\u0cb7\u0caf\u0cb5\u0cbe\u0c97\u0cbf \u0c95\u0cc7\u0cb3\u0cbf\u0ca6\u0ccd\u0ca6\u0ca8\u0ccd\u0ca8\u0cc2 \u0c95\u0ca3\u0ccd\u0ca3\u0cbe\u0cb0\u0cc6 \u0c95\u0c82\u0ca1\u0cc1 \u0ca8\u0ccb\u0ca1\u0cbf\u0ca6\u0ccd\u0ca6\u0ca8\u0ccd\u0ca8\u0cc2 \u0ca8\u0cbe\u0cb5\u0cc1 \u0c95\u0cc8\u0caf\u0cbf\u0c82\u0ca6 \u0cae\u0cc1\u0c9f\u0ccd\u0c9f\u0cbf\u0ca6\u0ccd\u0ca6\u0cc7\u0cb5\u0cc6."},{"Verseid":"61000001","Verse":"(\u0c86 \u0c9c\u0cc0\u0cb5\u0cb5\u0cc1 \u0caa\u0ccd\u0cb0\u0ca4\u0ccd\u0caf\u0c95\u0ccd\u0cb7\u0cb5\u0cbe\u0caf\u0cbf\u0ca4\u0cc1, \u0ca4\u0c82\u0ca6\u0cc6\u0caf \u0cac\u0cb3\u0cbf\u0caf\u0cb2\u0ccd\u0cb2\u0cbf\u0ca6\u0ccd\u0ca6\u0cc1 \u0ca8\u0cae\u0c97\u0cc6 \u0caa\u0ccd\u0cb0\u0ca4\u0ccd\u0caf\u0c95\u0ccd\u0cb7\u0cb5\u0cbe\u0ca6\u0c82\u0ca5 \u0c86 \u0ca8\u0cbf\u0ca4\u0ccd\u0caf\u0c9c\u0cc0\u0cb5\u0cb5\u0ca8\u0ccd\u0ca8\u0cc1 \u0ca8\u0cbe\u0cb5\u0cc1 \u0c95\u0c82\u0ca1\u0cc1 \u0c85\u0ca6\u0ca8\u0ccd\u0ca8\u0cc1 \u0c95\u0cc1\u0cb0\u0cbf\u0ca4\u0cc1 \u0cb8\u0cbe\u0c95\u0ccd\u0cb7\u0cbf \u0cb9\u0cc7\u0cb3\u0cbf \u0c85\u0ca6\u0ca8\u0ccd\u0ca8\u0cc1 \u0ca8\u0cbf\u0cae\u0c97\u0cc6 \u0ca4\u0cbf\u0cb3\u0cbf\u0caf\u0caa\u0ca1\u0cbf\u0cb8\u0cc1\u0ca4\u0ccd\u0ca4\u0cc7\u0cb5\u0cc6)."},{"Verseid":"61000002","Verse":"\u0ca8\u0cae\u0c97\u0cbf\u0cb0\u0cc1\u0cb5 \u0c85\u0ca8\u0ccd\u0caf\u0ccb\u0ca8\u0ccd\u0caf\u0ca4\u0cc6\u0caf\u0cb2\u0ccd\u0cb2\u0cbf \u0ca8\u0cc0\u0cb5\u0cc2 \u0c87\u0cb0 \u0cac\u0cc7\u0c95\u0cc6\u0c82\u0ca6\u0cc1 \u0ca8\u0cbe\u0cb5\u0cc1 \u0c95\u0c82\u0ca1\u0cc1 \u0c95\u0cc7\u0cb3\u0cbf\u0ca6\u0ccd\u0ca6\u0ca8\u0ccd\u0ca8\u0cc1 \u0ca8\u0cbf\u0cae\u0c97\u0cc6 \u0caa\u0ccd\u0cb0\u0cb8\u0cbf\u0ca6\u0ccd\u0ca7\u0cbf \u0caa\u0ca1\u0cbf\u0cb8\u0cc1\u0ca4\u0ccd\u0ca4\u0cc7\u0cb5\u0cc6. \u0ca8\u0cbf\u0c9c\u0cb5\u0cbe\u0c97\u0cbf\u0caf\u0cc2 \u0ca8\u0cae\u0c97\u0cbf\u0cb0\u0cc1\u0cb5 \u0c85\u0ca8\u0ccd\u0caf\u0ccb\u0ca8\u0ccd\u0caf\u0ca4\u0cc6\u0caf\u0cc1 \u0ca4\u0c82\u0ca6\u0cc6\u0caf \u0cb8\u0c82\u0c97\u0ca1\u0cb2\u0cc2 \u0c86\u0ca4\u0ca8 \u0cae\u0c97\u0ca8\u0cbe\u0ca6 \u0caf\u0cc7\u0cb8\u0cc1 \u0c95\u0ccd\u0cb0\u0cbf\u0cb8\u0ccd\u0ca4\u0ca8 \u0cb8\u0c82\u0c97\u0ca1\u0cb2\u0cc2 \u0c87\u0cb0\u0cc1 \u0cb5\u0c82\u0ca5\u0ca6\u0ccd\u0ca6\u0cc1."},{"Verseid":"61000003","Verse":"\u0ca8\u0cbf\u0cae\u0ccd\u0cae \u0cb8\u0c82\u0ca4\u0ccb\u0cb7\u0cb5\u0cc1 \u0caa\u0cb0\u0cbf\u0caa\u0cc2\u0cb0\u0ccd\u0ca3 \u0cb5\u0cbe\u0c97\u0cac\u0cc7\u0c95\u0cc6\u0c82\u0ca6\u0cc1 \u0ca8\u0cbe\u0cb5\u0cc1 \u0c87\u0cb5\u0cc1\u0c97\u0cb3\u0ca8\u0ccd\u0ca8\u0cc1 \u0cac\u0cb0\u0cc6\u0caf\u0cc1\u0ca4\u0ccd\u0ca4\u0cc7\u0cb5\u0cc6."},{"Verseid":"61000004","Verse":"\u0ca8\u0cbe\u0cb5\u0cc1 \u0c86\u0ca4\u0ca8\u0cbf\u0c82\u0ca6 \u0c95\u0cc7\u0cb3\u0cbf \u0ca8\u0cbf\u0cae\u0c97\u0cc6 \u0ca4\u0cbf\u0cb3\u0cbf\u0cb8\u0cc1\u0cb5 \u0cb5\u0cbe\u0cb0\u0ccd\u0ca4\u0cc6 \u0caf\u0cbe\u0cb5\u0ca6\u0c82\u0ca6\u0cb0\u0cc6--\u0ca6\u0cc7\u0cb5\u0cb0\u0cc1 \u0cac\u0cc6\u0cb3\u0c95\u0cbe\u0c97\u0cbf\u0ca6\u0ccd\u0ca6\u0cbe\u0ca8\u0cc6; \u0c86\u0ca4\u0ca8\u0cb2\u0ccd\u0cb2\u0cbf \u0c8e\u0cb7\u0ccd\u0c9f\u0cc1 \u0cae\u0cbe\u0ca4\u0ccd\u0cb0\u0cb5\u0cc2 \u0c95\u0ca4\u0ccd\u0ca4\u0cb2\u0cc6\u0caf\u0cbf\u0cb2\u0ccd\u0cb2 \u0c8e\u0c82\u0cac\u0ca6\u0cc7."},{"Verseid":"61000005","Verse":"\u0ca8\u0cbe\u0cb5\u0cc1 \u0c86\u0ca4\u0ca8 \u0cb8\u0c82\u0c97\u0ca1 \u0c85\u0ca8\u0ccd\u0caf\u0ccb\u0ca8\u0ccd\u0caf\u0ca4\u0cc6\u0caf\u0cc1\u0cb3\u0ccd\u0cb3\u0cb5\u0cb0\u0cbe\u0c97\u0cbf\u0ca6\u0ccd\u0ca6\u0cc7\u0cb5\u0cc6\u0c82\u0ca6\u0cc1 \u0cb9\u0cc7\u0cb3\u0cbf \u0c95\u0ca4\u0ccd\u0ca4\u0cb2\u0cc6\u0caf\u0cb2\u0ccd\u0cb2\u0cbf \u0ca8\u0ca1\u0cc6\u0ca6\u0cb0\u0cc6 \u0cb8\u0cc1\u0cb3\u0ccd\u0cb3\u0cbe\u0ca1\u0cc1\u0cb5\u0cb5\u0cb0\u0cbe\u0c97\u0cbf\u0ca6\u0ccd\u0ca6\u0cc7\u0cb5\u0cc6, \u0cb8\u0ca4\u0ccd\u0caf\u0cb5\u0ca8\u0ccd\u0ca8\u0ca8\u0cc1\u0cb8\u0cb0\u0cbf\u0cb8\u0cc1\u0cb5\u0cb5\u0cb0\u0cb2\u0ccd\u0cb2."},{"Verseid":"61000006","Verse":"\u0c86\u0ca4\u0ca8\u0cc1 \u0cac\u0cc6\u0cb3\u0c95\u0cbf\u0ca8\u0cb2\u0ccd\u0cb2\u0cbf\u0cb0\u0cc1 \u0cb5\u0c82\u0ca4\u0cc6\u0caf\u0cc7 \u0ca8\u0cbe\u0cb5\u0cc2 \u0cac\u0cc6\u0cb3\u0c95\u0cbf\u0ca8\u0cb2\u0ccd\u0cb2\u0cbf \u0ca8\u0ca1\u0cc6\u0ca6\u0cb0\u0cc6 \u0ca8\u0cbe\u0cb5\u0cc1 \u0c92\u0cac\u0ccd\u0cac\u0cb0 \u0cb8\u0c82\u0c97\u0ca1\u0cb2\u0cca\u0cac\u0ccd\u0cac\u0cb0\u0cc1 \u0c85\u0ca8\u0ccd\u0caf\u0ccb\u0ca8\u0ccd\u0caf\u0ca4\u0cc6\u0caf\u0cb2\u0ccd\u0cb2\u0cbf\u0ca6\u0ccd\u0ca6\u0cc7\u0cb5\u0cc6; \u0c86\u0ca4\u0ca8 \u0cae\u0c97\u0ca8\u0cbe\u0ca6 \u0caf\u0cc7\u0cb8\u0cc1\u0c95\u0ccd\u0cb0\u0cbf\u0cb8\u0ccd\u0ca4\u0ca8 \u0cb0\u0c95\u0ccd\u0ca4\u0cb5\u0cc1 \u0ca8\u0cae\u0ccd\u0cae\u0ca8\u0ccd\u0ca8\u0cc1 \u0cb8\u0c95\u0cb2 \u0caa\u0cbe\u0caa\u0ca6\u0cbf\u0c82\u0ca6 \u0cb6\u0cc1\u0ca6\u0ccd\u0ca7\u0cbf\u0cae\u0cbe\u0ca1\u0cc1\u0ca4\u0ccd\u0ca4\u0ca6\u0cc6."},{"Verseid":"61000007","Verse":"\u0ca8\u0cae\u0ccd\u0cae\u0cb2\u0ccd\u0cb2\u0cbf \u0caa\u0cbe\u0caa\u0cb5\u0cbf\u0cb2\u0ccd\u0cb2 \u0cb5\u0cc6\u0c82\u0ca6\u0cc1 \u0ca8\u0cbe\u0cb5\u0cc1 \u0cb9\u0cc7\u0cb3\u0cbf\u0ca6\u0cb0\u0cc6 \u0ca8\u0cae\u0ccd\u0cae\u0ca8\u0ccd\u0ca8\u0cc1 \u0ca8\u0cbe\u0cb5\u0cc7 \u0cae\u0ccb\u0cb8 \u0caa\u0ca1\u0cbf\u0cb8\u0cbf\u0c95\u0cca\u0cb3\u0ccd\u0cb3\u0cc1\u0ca4\u0ccd\u0ca4\u0cc7\u0cb5\u0cc6, \u0cb8\u0ca4\u0ccd\u0caf\u0cb5\u0cc1 \u0ca8\u0cae\u0ccd\u0cae\u0cb2\u0ccd\u0cb2\u0cbf\u0cb2\u0ccd\u0cb2."},{"Verseid":"61000008","Verse":"\u0ca8\u0cbe\u0cb5\u0cc1 \u0ca8\u0cae\u0ccd\u0cae \u0caa\u0cbe\u0caa\u0c97\u0cb3\u0ca8\u0ccd\u0ca8\u0cc1 \u0c85\u0cb0\u0cbf\u0c95\u0cc6 \u0cae\u0cbe\u0ca1\u0cbf\u0ca6\u0cb0\u0cc6 \u0c86\u0ca4\u0ca8\u0cc1 \u0ca8\u0c82\u0cac\u0cbf\u0c97\u0cb8\u0ccd\u0ca4\u0ca8\u0cc2 \u0ca8\u0cc0\u0ca4\u0cbf\u0cb5\u0c82\u0ca4\u0ca8\u0cc2 \u0c86\u0c97\u0cbf\u0cb0\u0cc1\u0cb5\u0ca6\u0cb0\u0cbf\u0c82\u0ca6 \u0ca8\u0cae\u0ccd\u0cae \u0caa\u0cbe\u0caa\u0c97\u0cb3\u0ca8\u0ccd\u0ca8\u0cc1 \u0c95\u0ccd\u0cb7\u0cae\u0cbf\u0cb8\u0cbf\u0cac\u0cbf\u0c9f\u0ccd\u0c9f\u0cc1 \u0cb8\u0c95\u0cb2 \u0c85\u0ca8\u0cc0\u0ca4\u0cbf\u0caf\u0cbf\u0c82\u0ca6 \u0ca8\u0cae\u0ccd\u0cae\u0ca8\u0ccd\u0ca8\u0cc1 \u0cb6\u0cc1\u0ca6\u0ccd\u0ca7\u0cbf \u0cae\u0cbe\u0ca1\u0cc1\u0cb5\u0ca8\u0cc1."},{"Verseid":"61000009","Verse":"\u0ca8\u0cbe\u0cb5\u0cc1 \u0caa\u0cbe\u0caa \u0cae\u0cbe\u0ca1\u0cb2\u0cbf\u0cb2\u0ccd\u0cb2\u0cb5\u0cc6\u0c82\u0ca6\u0cc1 \u0cb9\u0cc7\u0cb3\u0cbf\u0ca6\u0cb0\u0cc6 \u0c86\u0ca4\u0ca8\u0ca8\u0ccd\u0ca8\u0cc1 \u0cb8\u0cc1\u0cb3\u0ccd\u0cb3\u0cc1\u0c97\u0cbe\u0cb0\u0ca8\u0ca8\u0ccd\u0ca8\u0cbe\u0c97\u0cbf \u0cae\u0cbe\u0ca1\u0cc1\u0ca4\u0ccd\u0ca4\u0cc7\u0cb5\u0cc6, \u0cae\u0ca4\u0ccd\u0ca4\u0cc1 \u0c86\u0ca4\u0ca8 \u0cb5\u0cbe\u0c95\u0ccd\u0caf\u0cb5\u0cc1 \u0ca8\u0cae\u0ccd\u0cae\u0cb2\u0ccd\u0cb2\u0cbf\u0cb2\u0ccd\u0cb2."}]},{"Verse":[{"Verseid":"61001000","Verse":"\u0ca8\u0ca8\u0ccd\u0ca8 \u0c9a\u0cbf\u0c95\u0ccd\u0c95\u0cae\u0c95\u0ccd\u0c95\u0cb3\u0cc7, \u0ca8\u0cc0\u0cb5\u0cc1 \u0caa\u0cbe\u0caa\u0cae\u0cbe\u0ca1 \u0ca6\u0c82\u0ca4\u0cc6 \u0c87\u0cb5\u0cc1\u0c97\u0cb3\u0ca8\u0ccd\u0ca8\u0cc1 \u0ca8\u0cbe\u0ca8\u0cc1 \u0ca8\u0cbf\u0cae\u0c97\u0cc6 \u0cac\u0cb0\u0cc6\u0caf\u0cc1 \u0ca4\u0ccd\u0ca4\u0cc7\u0ca8\u0cc6. \u0caf\u0cbe\u0cb5\u0ca8\u0cbe\u0ca6\u0cb0\u0cc2 \u0caa\u0cbe\u0caa\u0cae\u0cbe\u0ca1\u0cbf\u0ca6\u0cb0\u0cc6 \u0ca4\u0c82\u0ca6\u0cc6\u0caf \u0cac\u0cb3\u0cbf\u0caf\u0cb2\u0ccd\u0cb2\u0cbf \u0ca8\u0cc0\u0ca4\u0cbf\u0cb5\u0c82\u0ca4\u0ca8\u0cbe\u0ca6 \u0caf\u0cc7\u0cb8\u0cc1 \u0c95\u0ccd\u0cb0\u0cbf\u0cb8\u0ccd\u0ca4\u0ca8\u0cc1 \u0ca8\u0cae\u0c97\u0cc6 \u0caa\u0c95\u0ccd\u0cb7\u0cb5\u0cbe\u0ca6\u0cbf\u0caf\u0cbe\u0c97\u0cbf\u0ca6\u0ccd\u0ca6\u0cbe\u0ca8\u0cc6."},{"Verseid":"61001001","Verse":"\u0c86\u0ca4\u0ca8\u0cc1 \u0ca8\u0cae\u0ccd\u0cae \u0caa\u0cbe\u0caa\u0c97\u0cb3\u0cbf\u0c97\u0cbe\u0c97\u0cbf \u0caa\u0ccd\u0cb0\u0cbe\u0caf\u0cb6\u0ccd\u0c9a\u0cbf\u0ca4\u0ccd\u0ca4\u0cb5\u0cbe\u0c97\u0cbf\u0ca6\u0ccd\u0ca6\u0cbe\u0ca8\u0cc6; \u0ca8\u0cae\u0ccd\u0cae \u0caa\u0cbe\u0caa\u0c97\u0cb3\u0cbf\u0c97\u0cc6 \u0cae\u0cbe\u0ca4\u0ccd\u0cb0 \u0cb5\u0cb2\u0ccd\u0cb2\u0ca6\u0cc6 \u0cb8\u0cae\u0cb8\u0ccd\u0ca4 \u0cb2\u0ccb\u0c95\u0ca6 \u0caa\u0cbe\u0caa\u0c97\u0cb3\u0cbf\u0c97\u0cbe\u0c97\u0cbf\u0caf\u0cc2 \u0caa\u0ccd\u0cb0\u0cbe\u0caf\u0cb6\u0ccd\u0c9a\u0cbf\u0ca4\u0ccd\u0ca4\u0cb5\u0cbe\u0c97\u0cbf\u0ca6\u0ccd\u0ca6\u0cbe\u0ca8\u0cc6."},{"Verseid":"61001002","Verse":"\u0ca8\u0cbe\u0cb5\u0cc1 \u0c86\u0ca4\u0ca8 \u0c86\u0c9c\u0ccd\u0c9e\u0cc6\u0c97\u0cb3\u0ca8\u0ccd\u0ca8\u0cc1 \u0c95\u0cc8\u0c95\u0cca\u0c82\u0ca1\u0cc1 \u0ca8\u0ca1\u0cc6\u0caf\u0cc1 \u0cb5\u0ca6\u0cb0\u0cbf\u0c82\u0ca6\u0cb2\u0cc7 \u0c86\u0ca4\u0ca8\u0ca8\u0ccd\u0ca8\u0cc1 \u0cac\u0cb2\u0ccd\u0cb2\u0cb5\u0cb0\u0cbe\u0c97\u0cbf\u0ca6\u0ccd\u0ca6\u0cc7\u0cb5\u0cc6\u0c82\u0ca6\u0cc1 \u0ca4\u0cbf\u0cb3\u0cc1 \u0c95\u0cca\u0cb3\u0ccd\u0cb3\u0cc1\u0ca4\u0ccd\u0ca4\u0cc7\u0cb5\u0cc6."},{"Verseid":"61001003","Verse":"\u0c92\u0cac\u0ccd\u0cac\u0ca8\u0cc1--\u0ca8\u0cbe\u0ca8\u0cc1 \u0c86\u0ca4\u0ca8\u0ca8\u0ccd\u0ca8\u0cc1 \u0cac\u0cb2\u0ccd\u0cb2\u0cc6\u0ca8\u0cc6\u0c82\u0ca6\u0cc1 \u0cb9\u0cc7\u0cb3\u0cbf \u0c86\u0ca4\u0ca8 \u0c86\u0c9c\u0ccd\u0c9e\u0cc6\u0c97\u0cb3\u0ca8\u0ccd\u0ca8\u0cc1 \u0c95\u0cc8\u0c95\u0cca\u0cb3\u0ccd\u0cb3\u0ca6\u0cbf\u0ca6\u0ccd\u0ca6\u0cb0\u0cc6 \u0c85\u0cb5\u0ca8\u0cc1 \u0cb8\u0cc1\u0cb3\u0ccd\u0cb3\u0cc1\u0c97\u0cbe\u0cb0\u0ca8\u0cbe\u0c97\u0cbf\u0ca6\u0ccd\u0ca6\u0cbe\u0ca8\u0cc6; \u0cb8\u0ca4\u0ccd\u0caf\u0cb5\u0cc1 \u0c85\u0cb5\u0ca8\u0cb2\u0ccd\u0cb2\u0cbf \u0c87\u0cb2\u0ccd\u0cb2."},{"Verseid":"61001004","Verse":"\u0caf\u0cbe\u0cb5\u0ca8\u0cbe\u0ca6\u0cb0\u0cc2 \u0c86\u0ca4\u0ca8 \u0cb5\u0cbe\u0c95\u0ccd\u0caf\u0cb5\u0ca8\u0ccd\u0ca8\u0cc1 \u0c95\u0cc8\u0c95\u0cca\u0c82\u0ca1\u0cc1 \u0ca8\u0ca1\u0cc6\u0ca6\u0cb0\u0cc6 \u0c85\u0cb5\u0ca8\u0cb2\u0ccd\u0cb2\u0cbf \u0ca8\u0cbf\u0c9c\u0cb5\u0cbe\u0c97\u0cbf \u0ca6\u0cc7\u0cb5\u0cb0 \u0caa\u0ccd\u0cb0\u0cc0\u0ca4\u0cbf\u0caf\u0cc1 \u0caa\u0cb0\u0cbf\u0caa\u0cc2\u0cb0\u0ccd\u0ca3\u0cb5\u0cbe\u0c97\u0cbf\u0ca6\u0cc6. \u0c87\u0ca6\u0cb0\u0cbf\u0c82\u0ca6\u0cb2\u0cc7 \u0ca8\u0cbe\u0cb5\u0cc1 \u0c86\u0ca4\u0ca8\u0cb2\u0ccd\u0cb2\u0cbf \u0ca6\u0ccd\u0ca6\u0cc7\u0cb5\u0cc6\u0c82\u0cac\u0ca6\u0ca8\u0ccd\u0ca8\u0cc1 \u0ca4\u0cbf\u0cb3\u0cc1\u0c95\u0cca\u0cb3\u0ccd\u0cb3\u0cc1\u0ca4\u0ccd\u0ca4\u0cc7\u0cb5\u0cc6."},{"Verseid":"61001005","Verse":"\u0c86\u0ca4\u0ca8\u0cb2\u0ccd\u0cb2\u0cbf \u0ca8\u0cc6\u0cb2\u0cc6 \u0c97\u0cca\u0c82\u0ca1\u0cb5\u0ca8\u0cbe\u0c97\u0cbf\u0ca6\u0ccd\u0ca6\u0cc7\u0ca8\u0cc6\u0c82\u0ca6\u0cc1 \u0cb9\u0cc7\u0cb3\u0cc1\u0cb5\u0cb5\u0ca8\u0cc1 \u0c86\u0ca4\u0ca8\u0cc1 \u0ca8\u0ca1\u0cc6 \u0ca6\u0c82\u0ca4\u0cc6\u0caf\u0cc7 \u0ca4\u0cbe\u0ca8\u0cc2 \u0ca8\u0ca1\u0cc6\u0caf\u0cc1\u0cb5\u0ca6\u0c95\u0ccd\u0c95\u0cc6 \u0cac\u0ca6\u0ccd\u0ca7\u0ca8\u0cbe\u0c97\u0cbf\u0ca6\u0ccd\u0ca6\u0cbe\u0ca8\u0cc6."},{"Verseid":"61001006","Verse":"\u0cb8\u0cb9\u0ccb\u0ca6\u0cb0\u0cb0\u0cc7, \u0ca8\u0cbe\u0ca8\u0cc1 \u0ca8\u0cbf\u0cae\u0c97\u0cc6 \u0cac\u0cb0\u0cc6\u0caf\u0cc1\u0cb5\u0ca6\u0cc1 \u0cb9\u0cca\u0cb8 \u0c85\u0caa\u0ccd\u0caa\u0ca3\u0cc6\u0caf\u0cb2\u0ccd\u0cb2, \u0cae\u0cca\u0ca6\u0cb2\u0cbf\u0ca8\u0cbf\u0c82\u0ca6\u0cb2\u0cc2 \u0ca8\u0cbf\u0cae\u0c97\u0cbf\u0ca6\u0ccd\u0ca6 \u0cb9\u0cb3\u0cc6\u0caf \u0c85\u0caa\u0ccd\u0caa\u0ca3\u0cc6\u0caf\u0cbe\u0c97\u0cbf\u0ca6\u0cc6; \u0c88 \u0cb9\u0cb3\u0cc6\u0caf \u0c85\u0caa\u0ccd\u0caa\u0ca3\u0cc6\u0caf\u0cc1 \u0cae\u0cca\u0ca6\u0cb2\u0cbf\u0ca8\u0cbf\u0c82\u0ca6\u0cb2\u0cc2 \u0ca8\u0cc0\u0cb5\u0cc1 \u0c95\u0cc7\u0cb3\u0cbf\u0ca6 \u0cb5\u0cbe\u0c95\u0ccd\u0caf\u0cb5\u0cc7."},{"Verseid":"61001007","Verse":"\u0ca4\u0cbf\u0cb0\u0cbf\u0c97\u0cbf \u0ca8\u0cbe\u0ca8\u0cc1 \u0ca8\u0cbf\u0cae\u0c97\u0cc6 \u0cac\u0cb0\u0cc6\u0caf\u0cc1\u0cb5\u0ca6\u0cc1 \u0cb9\u0cca\u0cb8 \u0c85\u0caa\u0ccd\u0caa\u0ca3\u0cc6\u0caf\u0cc7; \u0c87\u0ca6\u0cc1 \u0c86\u0ca4\u0ca8\u0cb2\u0ccd\u0cb2\u0cbf\u0caf\u0cc2 \u0ca8\u0cbf\u0cae\u0ccd\u0cae\u0cb2\u0ccd\u0cb2\u0cbf\u0caf\u0cc2 \u0cb8\u0ca4\u0ccd\u0caf\u0cb5\u0cbe\u0c97\u0cbf\u0ca6\u0cc6; \u0caf\u0cbe\u0c95\u0c82\u0ca6\u0cb0\u0cc6 \u0c95\u0ca4\u0ccd\u0ca4\u0cb2\u0cc6\u0caf\u0cc1 \u0c95\u0cb3\u0cc6\u0ca6\u0cc1\u0cb9\u0ccb\u0c97\u0cc1\u0ca4\u0ccd\u0ca4\u0ca6\u0cc6.\u0ca8\u0cbf\u0c9c\u0cb5\u0cbe\u0ca6 \u0cac\u0cc6\u0cb3\u0c95\u0cc1 \u0c88\u0c97 \u0caa\u0ccd\u0cb0\u0c95\u0cbe\u0cb6\u0cbf\u0cb8\u0cc1\u0ca4\u0ccd\u0ca4\u0cb2\u0cbf\u0ca6\u0cc6."},{"Verseid":"61001008","Verse":"\u0cac\u0cc6\u0cb3\u0c95\u0cbf\u0ca8\u0cb2\u0ccd\u0cb2\u0cbf\u0ca6\u0ccd\u0ca6\u0cc7\u0ca8\u0cc6\u0c82\u0ca6\u0cc1 \u0cb9\u0cc7\u0cb3\u0cbf\u0c95\u0cca\u0c82\u0ca1\u0cc1 \u0ca4\u0ca8\u0ccd\u0ca8 \u0cb8\u0cb9\u0ccb\u0ca6\u0cb0\u0ca8\u0ca8\u0ccd\u0ca8\u0cc1 \u0ca6\u0ccd\u0cb5\u0cc7\u0cb7\u0cbf\u0cb8\u0cc1\u0cb5\u0cb5\u0ca8\u0cc1 \u0c88\u0cb5\u0cb0\u0cc6\u0c97\u0cc2 \u0c95\u0ca4\u0ccd\u0ca4\u0cb2\u0cc6\u0caf\u0cb2\u0ccd\u0cb2\u0cbf\u0ca6\u0ccd\u0ca6\u0cbe\u0ca8\u0cc6."},{"Verseid":"61001009","Verse":"\u0ca4\u0ca8\u0ccd\u0ca8 \u0cb8\u0cb9\u0ccb\u0ca6\u0cb0\u0ca8\u0ca8\u0ccd\u0ca8\u0cc1 \u0caa\u0ccd\u0cb0\u0cc0\u0ca4\u0cbf\u0cb8\u0cc1\u0cb5\u0cb5\u0ca8\u0cc1 \u0cac\u0cc6\u0cb3\u0c95\u0cbf\u0ca8\u0cb2\u0ccd\u0cb2\u0cbf \u0ca8\u0cc6\u0cb2\u0cc6\u0c97\u0cca\u0c82\u0ca1\u0cbf\u0ca6\u0ccd\u0ca6\u0cbe\u0ca8\u0cc6 \u0cae\u0ca4\u0ccd\u0ca4\u0cc1 \u0c85\u0cb5\u0ca8\u0cb2\u0ccd\u0cb2\u0cbf \u0c86\u0c9f\u0c82\u0c95\u0cb5\u0cbe\u0ca6\u0ca6\u0ccd\u0ca6\u0cc1 \u0c8f\u0ca8\u0cc2 \u0c87\u0cb2\u0ccd\u0cb2."},{"Verseid":"61001010","Verse":"\u0c86\u0ca6\u0cb0\u0cc6 \u0ca4\u0ca8\u0ccd\u0ca8 \u0cb8\u0cb9\u0ccb\u0ca6\u0cb0\u0ca8\u0ca8\u0ccd\u0ca8\u0cc1 \u0ca6\u0ccd\u0cb5\u0cc7\u0cb7\u0cbf\u0cb8\u0cc1\u0cb5\u0cb5\u0ca8\u0cc1 \u0c95\u0ca4\u0ccd\u0ca4\u0cb2\u0cc6\u0caf\u0cb2\u0ccd\u0cb2\u0cbf \u0ca6\u0ccd\u0ca6\u0cbe\u0ca8\u0cc6 \u0cae\u0ca4\u0ccd\u0ca4\u0cc1 \u0c95\u0ca4\u0ccd\u0ca4\u0cb2\u0cc6\u0caf\u0cb2\u0ccd\u0cb2\u0cbf \u0ca8\u0ca1\u0cc6\u0ca6\u0cc1\u0c95\u0cca\u0cb3\u0ccd\u0cb3\u0cc1\u0ca4\u0ccd\u0ca4\u0cbe\u0ca8\u0cc6. \u0c95\u0ca4\u0ccd\u0ca4\u0cb2\u0cc6\u0caf\u0cc1 \u0c85\u0cb5\u0ca8 \u0c95\u0ca3\u0ccd\u0ca3\u0cc1\u0c97\u0cb3\u0ca8\u0ccd\u0ca8\u0cc1 \u0c95\u0cc1\u0cb0\u0cc1\u0ca1\u0cc1 \u0cae\u0cbe\u0ca1\u0cbf\u0ca6\u0ccd\u0ca6\u0cb0\u0cbf\u0c82\u0ca6 \u0ca4\u0cbe\u0ca8\u0cc1 \u0c8e\u0cb2\u0ccd\u0cb2\u0cbf\u0c97\u0cc6 \u0cb9\u0ccb\u0c97\u0cc1\u0ca4\u0ccd\u0ca4\u0cbe\u0ca8\u0ccb \u0c8e\u0c82\u0ca6\u0cc1 \u0c85\u0cb5\u0ca8\u0cbf\u0c97\u0cc6 \u0ca4\u0cbf\u0cb3\u0cbf\u0caf\u0ca6\u0cc1."},{"Verseid":"61001011","Verse":"\u0c9a\u0cbf\u0c95\u0ccd\u0c95 \u0cae\u0c95\u0ccd\u0c95\u0cb3\u0cc7, \u0c86\u0ca4\u0ca8 \u0cb9\u0cc6\u0cb8\u0cb0\u0cbf\u0ca8 \u0ca8\u0cbf\u0cae\u0cbf\u0ca4\u0ccd\u0ca4 \u0ca8\u0cbf\u0cae\u0ccd\u0cae \u0caa\u0cbe\u0caa\u0c97\u0cb3\u0cc1 \u0c95\u0ccd\u0cb7\u0cae\u0cbf\u0cb8\u0cb2\u0ccd\u0caa\u0c9f\u0ccd\u0c9f\u0cbf\u0cb0\u0cc1\u0cb5\u0ca6\u0cb0\u0cbf\u0c82\u0ca6 \u0ca8\u0cbe\u0ca8\u0cc1 \u0ca8\u0cbf\u0cae\u0c97\u0cc6 \u0cac\u0cb0\u0cc6\u0caf\u0cc1\u0ca4\u0ccd\u0ca4\u0cc7\u0ca8\u0cc6."},{"Verseid":"61001012","Verse":"\u0ca4\u0c82\u0ca6\u0cc6\u0c97\u0cb3\u0cc7, \u0c86\u0ca6\u0cbf\u0caf\u0cbf\u0c82\u0ca6\u0cbf\u0cb0\u0cc1\u0cb5\u0cbe\u0ca4 \u0ca8\u0ca8\u0ccd\u0ca8\u0cc1 \u0ca8\u0cc0\u0cb5\u0cc1 \u0cac\u0cb2\u0ccd\u0cb2\u0cb5\u0cb0\u0cbe\u0c97\u0cbf\u0cb0\u0cc1\u0cb5\u0ca6\u0cb0\u0cbf\u0c82\u0ca6 \u0ca8\u0cbe\u0ca8\u0cc1 \u0ca8\u0cbf\u0cae\u0c97\u0cc6 \u0cac\u0cb0\u0cc6\u0caf\u0cc1\u0ca4\u0ccd\u0ca4\u0cc7\u0ca8\u0cc6; \u0caf\u0ccc\u0cb5\u0ca8\u0cb8\u0ccd\u0ca5\u0cb0\u0cc7, \u0ca8\u0cc0\u0cb5\u0cc1 \u0c95\u0cc6\u0ca1\u0cc1\u0c95\u0ca8\u0ca8\u0ccd\u0ca8\u0cc1 \u0c9c\u0caf\u0cbf\u0cb8\u0cbf\u0cb0\u0cc1\u0cb5\u0ca6\u0cb0\u0cbf\u0c82\u0ca6 \u0ca8\u0cbf\u0cae\u0c97\u0cc6 \u0cac\u0cb0\u0cc6\u0caf\u0cc1\u0ca4\u0ccd\u0ca4\u0cc7\u0ca8\u0cc6; \u0c9a\u0cbf\u0c95\u0ccd\u0c95 \u0cae\u0c95\u0ccd\u0c95\u0cb3\u0cbf\u0cb0\u0cbe, \u0ca8\u0cc0\u0cb5\u0cc1 \u0ca4\u0c82\u0ca6\u0cc6\u0caf\u0ca8\u0ccd\u0ca8\u0cc1 \u0cac\u0cb2\u0ccd\u0cb2\u0cb5\u0cb0\u0cbe\u0c97\u0cbf\u0cb0\u0cc1\u0cb5\u0ca6 \u0cb0\u0cbf\u0c82\u0ca6 \u0ca8\u0cbf\u0cae\u0c97\u0cc6 \u0cac\u0cb0\u0cc6\u0caf\u0cc1\u0ca4\u0ccd\u0ca4\u0cc7\u0ca8\u0cc6."},{"Verseid":"61001013","Verse":"\u0ca4\u0c82\u0ca6\u0cc6\u0c97\u0cb3\u0cc7, \u0c86\u0ca6\u0cbf \u0caf\u0cbf\u0c82\u0ca6\u0cbf\u0cb0\u0cc1\u0cb5\u0cbe\u0ca4\u0ca8\u0ca8\u0ccd\u0ca8\u0cc1 \u0ca8\u0cc0\u0cb5\u0cc1 \u0cac\u0cb2\u0ccd\u0cb2\u0cb5\u0cb0\u0cbe\u0c97\u0cbf\u0cb0\u0cc1\u0cb5\u0ca6\u0cb0\u0cbf\u0c82\u0ca6 \u0ca8\u0cbf\u0cae\u0c97\u0cc6 \u0cac\u0cb0\u0cc6\u0ca6\u0cbf\u0ca6\u0ccd\u0ca6\u0cc7\u0ca8\u0cc6. \u0caf\u0ccc\u0cb5\u0ca8\u0cb8\u0ccd\u0ca5\u0cb0\u0cc7, \u0ca8\u0cc0\u0cb5\u0cc1 \u0cb6\u0c95\u0ccd\u0ca4\u0cb0\u0cbe\u0c97\u0cbf \u0cb0\u0cc1\u0cb5\u0ca6\u0cb0\u0cbf\u0c82\u0ca6\u0cb2\u0cc2 \u0ca6\u0cc7\u0cb5\u0cb0 \u0cb5\u0cbe\u0c95\u0ccd\u0caf\u0cb5\u0cc1 \u0ca8\u0cbf\u0cae\u0ccd\u0cae\u0cb2\u0ccd\u0cb2\u0cbf \u0ca8\u0cc6\u0cb2\u0cc6 \u0c97\u0cca\u0c82\u0ca1\u0cbf\u0cb0\u0cc1\u0cb5\u0ca6\u0cb0\u0cbf\u0c82\u0ca6\u0cb2\u0cc2 \u0ca8\u0cc0\u0cb5\u0cc1 \u0c95\u0cc6\u0ca1\u0cc1\u0c95\u0ca8\u0ca8\u0ccd\u0ca8\u0cc1 \u0c9c\u0caf\u0cbf\u0cb8\u0cbf \u0cb0\u0cc1\u0cb5\u0ca6\u0cb0\u0cbf\u0c82\u0ca6\u0cb2\u0cc2 \u0ca8\u0cbf\u0cae\u0c97\u0cc6 \u0cac\u0cb0\u0cc6\u0ca6\u0cbf\u0ca6\u0ccd\u0ca6\u0cc7\u0ca8\u0cc6."},{"Verseid":"61001014","Verse":"\u0cb2\u0ccb\u0c95\u0cb5\u0ca8\u0ccd\u0ca8\u0cbe\u0c97\u0cb2\u0cbf \u0cb2\u0ccb\u0c95\u0ca6\u0cb2\u0ccd\u0cb2\u0cbf\u0cb0\u0cc1\u0cb5\u0cb5\u0cc1\u0c97\u0cb3 \u0ca8\u0ccd\u0ca8\u0cbe\u0c97\u0cb2\u0cbf \u0caa\u0ccd\u0cb0\u0cc0\u0ca4\u0cbf\u0cb8\u0cac\u0cc7\u0ca1\u0cbf\u0cb0\u0cbf. \u0caf\u0cbe\u0cb5\u0ca8\u0cbe\u0ca6\u0cb0\u0cc2 \u0cb2\u0ccb\u0c95 \u0cb5\u0ca8\u0ccd\u0ca8\u0cc1 \u0caa\u0ccd\u0cb0\u0cc0\u0ca4\u0cbf\u0cb8\u0cbf\u0ca6\u0cb0\u0cc6 \u0ca4\u0c82\u0ca6\u0cc6\u0caf \u0caa\u0ccd\u0cb0\u0cc0\u0ca4\u0cbf\u0caf\u0cc1 \u0c85\u0cb5\u0ca8\u0cb2\u0ccd\u0cb2\u0cbf\u0cb2\u0ccd\u0cb2."},{"Verseid":"61001015","Verse":"\u0cb2\u0ccb\u0c95\u0ca6\u0cb2\u0ccd\u0cb2\u0cbf\u0cb0\u0cc1\u0cb5\u0cb5\u0cc1\u0c97\u0cb3\u0cc6\u0cb2\u0ccd\u0cb2\u0cb5\u0cc1 \u0c85\u0c82\u0ca6\u0cb0\u0cc6 \u0cb6\u0cb0\u0cc0\u0cb0\u0ca6\u0cbe\u0cb6\u0cc6, \u0c95\u0ca3\u0ccd\u0ca3\u0cbf\u0ca8\u0cbe\u0cb6\u0cc6, \u0c9c\u0cc0\u0cb5\u0ca8\u0ca6 \u0c97\u0cb0\u0ccd\u0cb5 \u0c87\u0cb5\u0cc1 \u0ca4\u0c82\u0ca6\u0cc6\u0c97\u0cc6 \u0cb8\u0c82\u0cac\u0c82\u0ca7 \u0caa\u0c9f\u0ccd\u0c9f\u0cb5\u0cc1\u0c97\u0cb3\u0cb2\u0ccd\u0cb2, \u0cb2\u0ccb\u0c95\u0c95\u0ccd\u0c95\u0cc6 \u0cb8\u0c82\u0cac\u0c82\u0ca7\u0caa\u0c9f\u0ccd\u0c9f\u0cb5\u0cc1\u0c97\u0cb3\u0cbe\u0c97\u0cbf\u0cb5\u0cc6."},{"Verseid":"61001016","Verse":"\u0cb2\u0ccb\u0c95\u0cb5\u0cc1 \u0c85\u0ca6\u0cb0 \u0c86\u0cb6\u0cc6\u0caf\u0cc2 \u0c97\u0ca4\u0cbf\u0cb8\u0cbf\u0cb9\u0ccb\u0c97\u0cc1\u0ca4\u0ccd\u0ca4\u0cb5\u0cc6, \u0c86\u0ca6\u0cb0\u0cc6 \u0ca6\u0cc7\u0cb5\u0cb0 \u0c9a\u0cbf\u0ca4\u0ccd\u0ca4\u0cb5\u0ca8\u0ccd\u0ca8\u0cc1 \u0ca8\u0cc6\u0cb0\u0cb5\u0cc7\u0cb0\u0cbf\u0cb8\u0cc1\u0cb5\u0cb5\u0ca8\u0cc1 \u0c8e\u0c82\u0ca6\u0cc6\u0c82\u0ca6\u0cbf\u0c97\u0cc2 \u0c87\u0cb0\u0cc1\u0cb5\u0ca8\u0cc1."},{"Verseid":"61001017","Verse":"\u0c9a\u0cbf\u0c95\u0ccd\u0c95 \u0cae\u0c95\u0ccd\u0c95\u0cb3\u0cc7, \u0c87\u0ca6\u0cc1 \u0c95\u0ca1\u0cc7 \u0c97\u0cb3\u0cbf\u0c97\u0cc6\u0caf\u0cbe\u0c97\u0cbf\u0ca6\u0cc6;\u0c95\u0ccd\u0cb0\u0cbf\u0cb8\u0ccd\u0ca4\u0cb5\u0cbf\u0cb0\u0ccb\u0ca7\u0cbf\u0caf\u0cc1 \u0cac\u0cb0\u0cc1\u0ca4\u0ccd\u0ca4\u0cbe\u0ca8\u0cc6\u0c82\u0ca6\u0cc1 \u0ca8\u0cc0\u0cb5\u0cc1 \u0c95\u0cc7\u0cb3\u0cbf\u0ca6 \u0caa\u0ccd\u0cb0\u0c95\u0cbe\u0cb0 \u0c88\u0c97\u0cb2\u0cc2 \u0c95\u0ccd\u0cb0\u0cbf\u0cb8\u0ccd\u0ca4 \u0cb5\u0cbf\u0cb0\u0ccb\u0ca7\u0cbf\u0c97\u0cb3\u0cc1 \u0cac\u0cb9\u0cc1\u0cae\u0c82\u0ca6\u0cbf \u0c87\u0ca6\u0ccd\u0ca6\u0cbe\u0cb0\u0cc6; \u0c87\u0ca6\u0cb0\u0cbf\u0c82\u0ca6 \u0c87\u0ca6\u0cc1 \u0c95\u0ca1\u0cc7 \u0c97\u0cb3\u0cbf\u0c97\u0cc6\u0caf\u0cbe\u0c97\u0cbf\u0ca6\u0cc6 \u0c8e\u0c82\u0ca6\u0cc1 \u0ca8\u0cbe\u0cb5\u0cc1 \u0ca4\u0cbf\u0cb3\u0cbf\u0ca6\u0cc1\u0c95\u0cca\u0cb3\u0ccd\u0cb3\u0cc1\u0ca4\u0ccd\u0ca4\u0cc7\u0cb5\u0cc6."},{"Verseid":"61001018","Verse":"\u0c85\u0cb5\u0cb0\u0cc1 \u0ca8\u0cae\u0ccd\u0cae\u0cbf\u0c82\u0ca6 \u0cb9\u0cca\u0cb0\u0c9f\u0cc1\u0cb9\u0ccb\u0ca6\u0cb0\u0cc1; \u0c86\u0ca6\u0cb0\u0cc6 \u0c85\u0cb5\u0cb0\u0cc1 \u0ca8\u0cae\u0ccd\u0cae\u0cb5 \u0cb0\u0cbe\u0c97\u0cbf\u0cb0\u0cb2\u0cbf\u0cb2\u0ccd\u0cb2. \u0caf\u0cbe\u0c95\u0c82\u0ca6\u0cb0\u0cc6 \u0c85\u0cb5\u0cb0\u0cc1 \u0ca8\u0cae\u0ccd\u0cae\u0cb5\u0cb0\u0cbe\u0c97\u0cbf\u0ca6\u0ccd\u0ca6\u0cb0\u0cc6 \u0ca8\u0cae\u0ccd\u0cae \u0c9c\u0cca\u0ca4\u0cc6\u0caf\u0cb2\u0ccd\u0cb2\u0cc7 \u0c87\u0cb0\u0cc1\u0ca4\u0ccd\u0ca4\u0cbf\u0ca6\u0ccd\u0ca6\u0cb0\u0cc1. \u0c86\u0ca6\u0cb0\u0cc6 \u0c85\u0cb5\u0cb0\u0cc1 \u0ca8\u0cae\u0ccd\u0cae\u0cbf\u0c82\u0ca6 \u0cb9\u0cca\u0cb0\u0c9f\u0cc1 \u0cb9\u0ccb\u0ca6\u0ca6\u0cb0\u0cbf\u0c82\u0ca6 \u0c85\u0cb5\u0cb0\u0cc6\u0cb2\u0ccd\u0cb2\u0cb0\u0cc2 \u0ca8\u0cae\u0ccd\u0cae\u0cb5\u0cb0\u0cb2\u0ccd\u0cb2\u0cb5\u0cc6\u0c82\u0cac\u0ca6\u0cc1 \u0ca4\u0ccb\u0cb0\u0cbf\u0cac\u0c82\u0ca4\u0cc1."},{"Verseid":"61001019","Verse":"\u0c86\u0ca6\u0cb0\u0cc6 \u0ca8\u0cc0\u0cb5\u0cc1 \u0caa\u0cb5\u0cbf\u0ca4\u0ccd\u0cb0\u0ca8\u0cbe\u0c97\u0cbf\u0cb0\u0cc1\u0cb5\u0cbe\u0ca4\u0ca8\u0cbf\u0c82\u0ca6 \u0c85\u0cad\u0cbf\u0cb7\u0cc7\u0c95\u0cb5\u0ca8\u0ccd\u0ca8\u0cc1 \u0cb9\u0cca\u0c82\u0ca6\u0cbf\u0ca6 \u0cb5\u0cb0\u0cbe\u0c97\u0cbf\u0ca6\u0ccd\u0ca6\u0cc1 \u0c8e\u0cb2\u0ccd\u0cb2\u0cb5\u0ca8\u0ccd\u0ca8\u0cc1 \u0ca4\u0cbf\u0cb3\u0cbf\u0ca6\u0cb5\u0cb0\u0cbe\u0c97\u0cbf\u0ca6\u0ccd\u0ca6\u0cc0\u0cb0\u0cbf."},{"Verseid":"61001020","Verse":"\u0ca8\u0cc0\u0cb5\u0cc1 \u0cb8\u0ca4\u0ccd\u0caf\u0cb5\u0ca8\u0ccd\u0ca8\u0cc1 \u0ca4\u0cbf\u0cb3\u0cbf\u0caf\u0ca6\u0cb5\u0cb0\u0cc6\u0c82\u0ca4\u0cb2\u0ccd\u0cb2, \u0ca8\u0cc0\u0cb5\u0cc1 \u0c85\u0ca6\u0ca8\u0ccd\u0ca8\u0cc1 \u0ca4\u0cbf\u0cb3\u0cbf\u0ca6\u0cbf\u0cb0\u0cc1 \u0cb5\u0ca6\u0cb0\u0cbf\u0c82\u0ca6\u0cb2\u0cc2 \u0caf\u0cbe\u0cb5 \u0cb8\u0cc1\u0cb3\u0ccd\u0cb3\u0cc2 \u0cb8\u0ca4\u0ccd\u0caf\u0c95\u0ccd\u0c95\u0cc6 \u0cb8\u0c82\u0cac\u0c82\u0ca7\u0cb5\u0cbe\u0ca6 \u0ca6\u0ccd\u0ca6\u0cb2\u0ccd\u0cb2\u0cb5\u0cc6\u0c82\u0ca6\u0cc1 \u0ca8\u0cc0\u0cb5\u0cc1 \u0ca4\u0cbf\u0cb3\u0cbf\u0ca6\u0cb5\u0cb0\u0cbe\u0c97\u0cbf\u0cb0\u0cc1\u0cb5\u0ca6\u0cb0\u0cbf\u0c82\u0ca6\u0cb2\u0cc2 \u0ca8\u0cbf\u0cae\u0c97\u0cc6 \u0cac\u0cb0\u0cc6\u0ca6\u0cc6\u0ca8\u0cc1."},{"Verseid":"61001021","Verse":"\u0caf\u0cc7\u0cb8\u0cc1\u0cb5\u0cc1 \u0c95\u0ccd\u0cb0\u0cbf\u0cb8\u0ccd\u0ca4\u0ca8\u0cc6\u0c82\u0ca6\u0cc1 \u0c85\u0cb2\u0ccd\u0cb2\u0c97\u0cb3\u0cc6\u0caf\u0cc1\u0cb5\u0cb5\u0ca8\u0cc7 \u0cb9\u0cca\u0cb0\u0ca4\u0cc1 \u0cb8\u0cc1\u0cb3\u0ccd\u0cb3\u0cc1\u0c97\u0cbe\u0cb0\u0ca8\u0cc1 \u0caf\u0cbe\u0cb0\u0cc1? \u0ca4\u0c82\u0ca6\u0cc6\u0caf\u0ca8\u0ccd\u0ca8\u0cc2 \u0cae\u0c97\u0ca8\u0ca8\u0ccd\u0ca8\u0cc2 \u0c85\u0cb2\u0ccd\u0cb2\u0c97\u0cb3\u0cc6\u0caf\u0cc1\u0cb5\u0cb5\u0ca8\u0cc7 \u0c95\u0ccd\u0cb0\u0cbf\u0cb8\u0ccd\u0ca4\u0cb5\u0cbf\u0cb0\u0ccb\u0ca7\u0cbf \u0caf\u0cbe\u0c97\u0cbf\u0ca6\u0ccd\u0ca6\u0cbe\u0ca8\u0cc6."},{"Verseid":"61001022","Verse":"\u0caf\u0cbe\u0cb5\u0ca8\u0cc1 \u0cae\u0c97\u0ca8\u0ca8\u0ccd\u0ca8\u0cc1 \u0c85\u0cb2\u0ccd\u0cb2\u0c97\u0cb3\u0cc6 \u0caf\u0cc1\u0cb5\u0ca8\u0ccb \u0c85\u0cb5\u0ca8\u0cc1 \u0ca4\u0c82\u0ca6\u0cc6\u0c97\u0cc6 \u0cb8\u0cc7\u0cb0\u0cbf\u0ca6\u0cb5\u0ca8\u0cb2\u0ccd\u0cb2; \u0caf\u0cbe\u0cb5\u0ca8\u0cc1 \u0cae\u0c97\u0ca8\u0ca8\u0ccd\u0ca8\u0cc1 \u0c92\u0caa\u0ccd\u0caa\u0cbf\u0c95\u0cca\u0cb3\u0ccd\u0cb3\u0cc1\u0cb5\u0ca8\u0ccb \u0c85\u0cb5\u0ca8\u0cc1 \u0ca4\u0c82\u0ca6\u0cc6\u0c97\u0cc2 \u0cb8\u0cc7\u0cb0\u0cbf\u0ca6\u0cb5\u0ca8\u0cbe\u0c97\u0cbf\u0ca6\u0ccd\u0ca6\u0cbe\u0ca8\u0cc6."},{"Verseid":"61001023","Verse":"\u0ca8\u0cc0\u0cb5\u0c82\u0ca4\u0cc2 \u0caf\u0cbe\u0cb5\u0ca6\u0ca8\u0ccd\u0ca8\u0cc1 \u0cae\u0cca\u0ca6\u0cb2\u0cbf\u0ca8\u0cbf\u0c82\u0ca6 \u0c95\u0cc7\u0cb3\u0cbf\u0ca6\u0ccd\u0ca6\u0cc0\u0cb0\u0ccb \u0c85\u0ca6\u0cc1 \u0ca8\u0cbf\u0cae\u0ccd\u0cae\u0cb2\u0ccd\u0cb2\u0cbf \u0ca8\u0cc6\u0cb2\u0cc6\u0c97\u0cca\u0c82\u0ca1\u0cbf\u0cb0\u0cb2\u0cbf. \u0cae\u0cca\u0ca6\u0cb2\u0cbf\u0ca8\u0cbf\u0c82\u0ca6 \u0ca8\u0cc0\u0cb5\u0cc1 \u0c95\u0cc7\u0cb3\u0cbf\u0ca6\u0ccd\u0ca6\u0cc1 \u0ca8\u0cbf\u0cae\u0ccd\u0cae\u0cb2\u0ccd\u0cb2\u0cbf \u0ca8\u0cc6\u0cb2\u0cc6\u0c97\u0cca\u0c82\u0ca1\u0cbf\u0ca6\u0ccd\u0ca6\u0cb0\u0cc6 \u0ca8\u0cc0\u0cb5\u0cc1 \u0cb8\u0cb9 \u0cae\u0c97\u0ca8\u0cb2\u0ccd\u0cb2\u0cbf\u0caf\u0cc2 \u0ca4\u0c82\u0ca6\u0cc6\u0caf\u0cb2\u0ccd\u0cb2\u0cbf\u0caf\u0cc2 \u0ca8\u0cc6\u0cb2\u0cc6\u0c97\u0cca\u0c82\u0ca1\u0cbf \u0cb0\u0cc1\u0ca4\u0ccd\u0ca4\u0cc0\u0cb0\u0cbf."},{"Verseid":"61001024","Verse":"\u0ca8\u0cbf\u0ca4\u0ccd\u0caf\u0c9c\u0cc0\u0cb5\u0ca6 \u0cb5\u0cbe\u0c97\u0ccd\u0ca6\u0cbe\u0ca8\u0cb5\u0cc7 \u0c86\u0ca4\u0ca8\u0cc1 \u0ca8\u0cae\u0c97\u0cc6 \u0cae\u0cbe\u0ca1\u0cbf\u0ca6 \u0cb5\u0cbe\u0c97\u0ccd\u0ca6\u0cbe\u0ca8\u0cb5\u0cbe\u0c97\u0cbf\u0ca6\u0cc6."},{"Verseid":"61001025","Verse":"\u0ca8\u0cbf\u0cae\u0ccd\u0cae\u0ca8\u0ccd\u0ca8\u0cc1 \u0cb5\u0c82\u0c9a\u0cbf\u0cb8\u0cc1\u0cb5\u0cb5\u0cb0 \u0cb5\u0cbf\u0cb7\u0caf\u0cb5\u0cbe\u0c97\u0cbf \u0c87\u0cb5\u0cc1 \u0c97\u0cb3\u0ca8\u0ccd\u0ca8\u0cc1 \u0ca8\u0cbe\u0ca8\u0cc1 \u0ca8\u0cbf\u0cae\u0c97\u0cc6 \u0cac\u0cb0\u0cc6\u0ca6\u0cbf\u0ca6\u0ccd\u0ca6\u0cc7\u0ca8\u0cc6."},{"Verseid":"61001026","Verse":"\u0c86\u0ca6\u0cb0\u0cc6 \u0c86\u0ca4\u0ca8\u0cbf\u0c82\u0ca6 \u0ca8\u0cc0\u0cb5\u0cc1 \u0cb9\u0cca\u0c82\u0ca6\u0cbf\u0ca6 \u0c85\u0cad\u0cbf\u0cb7\u0cc7\u0c95\u0cb5\u0cc1 \u0ca8\u0cbf\u0cae\u0ccd\u0cae\u0cb2\u0ccd\u0cb2\u0cbf \u0ca8\u0cc6\u0cb2\u0cc6\u0c97\u0cca\u0c82\u0ca1\u0cbf\u0cb0\u0cc1\u0cb5\u0ca6\u0cb0\u0cbf\u0c82\u0ca6 \u0caf\u0cbe\u0cb5\u0ca8\u0cbe\u0ca6\u0cb0\u0cc2 \u0ca8\u0cbf\u0cae\u0c97\u0cc6 \u0c89\u0caa\u0ca6\u0cc7\u0cb6\u0cae\u0cbe\u0ca1\u0cc1\u0cb5\u0ca6\u0cc1 \u0c85\u0cb5\u0cb6\u0ccd\u0caf\u0cb5\u0cbf\u0cb2\u0ccd\u0cb2. \u0c86 \u0c85\u0cad\u0cbf\u0cb7\u0cc7\u0c95\u0cb5\u0cc7 \u0c8e\u0cb2\u0ccd\u0cb2\u0cbe \u0cb5\u0cbf\u0cb7\u0caf\u0c97\u0cb3\u0cb2\u0ccd\u0cb2\u0cbf \u0ca8\u0cbf\u0cae\u0c97\u0cc6 \u0c89\u0caa\u0ca6\u0cc7\u0cb6 \u0cae\u0cbe\u0ca1\u0cc1\u0cb5\u0c82\u0ca5 \u0ca6\u0cbe\u0c97\u0cbf\u0ca6\u0ccd\u0ca6\u0cc1 \u0cb8\u0ca4\u0ccd\u0caf\u0cb5\u0cbe\u0c97\u0cbf\u0ca6\u0cc6. \u0cb8\u0cc1\u0cb3\u0ccd\u0cb3\u0cb2\u0ccd\u0cb2, \u0c85\u0ca6\u0cc1 \u0ca8\u0cbf\u0cae\u0c97\u0cc6 \u0c89\u0caa\u0ca6\u0cc7\u0cb6 \u0cae\u0cbe\u0ca1\u0cbf\u0ca6 \u0caa\u0ccd\u0cb0\u0c95\u0cbe\u0cb0\u0cb5\u0cc7 \u0c86\u0ca4\u0ca8\u0cb2\u0cbf"},{"Verseid":"61001027","Verse":"\u0c9a\u0cbf\u0c95\u0ccd\u0c95 \u0cae\u0c95\u0ccd\u0c95\u0cb3\u0cc7, \u0c86\u0ca4\u0ca8\u0cc1 \u0caa\u0ccd\u0cb0\u0ca4\u0ccd\u0caf\u0c95\u0ccd\u0cb7\u0ca8\u0cbe\u0c97\u0cc1 \u0cb5\u0cbe\u0c97 \u0ca8\u0cbe\u0cb5\u0cc1 \u0c86\u0ca4\u0ca8 \u0c86\u0c97\u0cae\u0ca8\u0ca6\u0cb2\u0ccd\u0cb2\u0cbf \u0c86\u0ca4\u0ca8 \u0cae\u0cc1\u0c82\u0ca6\u0cc6 \u0ca8\u0cbf\u0cb2\u0ccd\u0cb2\u0cb2\u0cc1 \u0ca8\u0cbe\u0c9a\u0cbf\u0c95\u0cc6\u0caa\u0ca1\u0ca6\u0cc6 \u0ca7\u0cc8\u0cb0\u0ccd\u0caf\u0ca6\u0cbf\u0c82\u0ca6\u0cbf\u0cb0\u0cc1\u0cb5\u0c82\u0ca4\u0cc6 \u0c86\u0ca4\u0ca8\u0cb2\u0ccd\u0cb2\u0cbf \u0ca8\u0cc6\u0cb2\u0cc6\u0c97\u0cca\u0c82\u0ca1\u0cbf\u0cb0\u0ccd\u0cb0\u0cbf."},{"Verseid":"61001028","Verse":"\u0c86\u0ca4\u0ca8\u0cc1 \u0ca8\u0cc0\u0ca4\u0cbf\u0cb5\u0c82\u0ca4\u0ca8\u0cbe\u0c97\u0cbf \u0ca6\u0ccd\u0ca6\u0cbe\u0ca8\u0cc6\u0c82\u0cac\u0ca6\u0cc1 \u0ca8\u0cbf\u0cae\u0c97\u0cc6 \u0c97\u0cca\u0ca4\u0ccd\u0ca4\u0cbe\u0c97\u0cbf\u0ca6\u0ccd\u0ca6\u0cb0\u0cc6 \u0ca8\u0cc0\u0ca4\u0cbf\u0caf\u0ca8\u0ccd\u0ca8\u0cc1 \u0c85\u0ca8\u0cc1\u0cb8\u0cb0\u0cbf\u0cb8\u0cc1\u0cb5 \u0caa\u0ccd\u0cb0\u0ca4\u0cbf\u0caf\u0cca\u0cac\u0ccd\u0cac\u0ca8\u0cc1 \u0c86\u0ca4\u0ca8\u0cbf\u0c82\u0ca6 \u0cb9\u0cc1\u0c9f\u0ccd\u0c9f\u0cbf\u0ca6\u0cb5\u0ca8\u0cbe\u0c97\u0cbf\u0ca6\u0ccd\u0ca6\u0cbe\u0ca8\u0cc6\u0c82\u0ca6\u0cc1 \u0ca8\u0cc0\u0cb5\u0cc1 \u0ca4\u0cbf\u0cb3\u0cbf\u0ca6\u0cbf\u0ca6\u0ccd\u0ca6\u0cc0\u0cb0\u0cbf."}]},{"Verse":[{"Verseid":"61002000","Verse":"\u0c87\u0c97\u0ccb, \u0ca8\u0cbe\u0cb5\u0cc1 \u0ca6\u0cc7\u0cb5\u0cb0 \u0caa\u0cc1\u0ca4\u0ccd\u0cb0\u0cb0\u0cc6\u0c82\u0ca6\u0cc1 \u0c95\u0cb0\u0cc6\u0caf\u0cb2\u0ccd\u0caa\u0ca1\u0cc1\u0cb5\u0ca6\u0cb0\u0cb2\u0ccd\u0cb2\u0cbf \u0ca4\u0c82\u0ca6\u0cc6\u0caf\u0cc1 \u0c8e\u0c82\u0ca5\u0cbe \u0caa\u0ccd\u0cb0\u0cc0\u0ca4\u0cbf\u0caf\u0ca8\u0ccd\u0ca8\u0cc1 \u0ca8\u0cae\u0ccd\u0cae \u0cae\u0cc7\u0cb2\u0cc6 \u0c87\u0c9f\u0ccd\u0c9f\u0cbf\u0ca6\u0ccd\u0ca6\u0cbe\u0ca8\u0cb2\u0ccd\u0cb2\u0cbe; \u0c88 \u0c95\u0cbe\u0cb0\u0ca3\u0ca6\u0cbf\u0c82\u0ca6 \u0cb2\u0ccb\u0c95\u0cb5\u0cc1 \u0ca8\u0cae\u0ccd\u0cae\u0ca8\u0ccd\u0ca8\u0cc1 \u0ca4\u0cbf\u0cb3\u0cbf\u0ca6\u0cc1\u0c95\u0cca\u0cb3\u0ccd\u0cb3\u0cc1 \u0cb5\u0ca6\u0cbf\u0cb2\u0ccd\u0cb2; \u0caf\u0cbe\u0c95\u0c82\u0ca6\u0cb0\u0cc6 \u0c85\u0ca6\u0cc1 \u0c86\u0ca4\u0ca8\u0ca8\u0ccd\u0ca8\u0cc1 \u0ca4\u0cbf\u0cb3\u0cbf\u0ca6\u0cc1 \u0c95\u0cca\u0cb3\u0ccd\u0cb3\u0cb2\u0cbf\u0cb2\u0ccd\u0cb2."},{"Verseid":"61002001","Verse":"\u0caa\u0ccd\u0cb0\u0cbf\u0caf\u0cb0\u0cc7, \u0ca8\u0cbe\u0cb5\u0cc1 \u0c88\u0c97 \u0ca6\u0cc7\u0cb5\u0cb0 \u0caa\u0cc1\u0ca4\u0ccd\u0cb0\u0cb0\u0cbe\u0c97\u0cbf\u0ca6\u0ccd\u0ca6\u0cc7\u0cb5\u0cc6, \u0cae\u0cc1\u0c82\u0ca6\u0cc6 \u0ca8\u0cbe\u0cb5\u0cc1 \u0c8f\u0ca8\u0cbe\u0c97\u0cc1\u0cb5\u0cc6\u0cb5\u0ccb \u0c85\u0ca6\u0cc1 \u0c87\u0ca8\u0ccd\u0ca8\u0cc2 \u0caa\u0ccd\u0cb0\u0ca4\u0ccd\u0caf\u0c95\u0ccd\u0cb7\u0cb5\u0cbe\u0c97\u0cb2\u0cbf\u0cb2\u0ccd\u0cb2. \u0c86\u0ca4\u0ca8\u0cc1 \u0caa\u0ccd\u0cb0\u0ca4\u0ccd\u0caf\u0c95\u0ccd\u0cb7 \u0ca8\u0cbe\u0ca6\u0cbe\u0c97 \u0ca8\u0cbe\u0cb5\u0cc1 \u0c86\u0ca4\u0ca8 \u0cb9\u0cbe\u0c97\u0cbf\u0cb0\u0cc1\u0cb5\u0cc6\u0cb5\u0cc6\u0c82\u0ca6\u0cc1 \u0cac\u0cb2\u0ccd\u0cb2\u0cc6\u0cb5\u0cc1; \u0caf\u0cbe\u0c95\u0c82\u0ca6\u0cb0\u0cc6 \u0ca8\u0cbe\u0cb5\u0cc1 \u0c86\u0ca4\u0ca8\u0ca8\u0ccd\u0ca8\u0cc1 \u0c86\u0ca4\u0ca8\u0cbf\u0cb0\u0cc1\u0cb5 \u0caa\u0ccd\u0cb0\u0c95\u0cbe\u0cb0\u0cb5\u0cc7 \u0ca8\u0ccb\u0ca1\u0cc1\u0cb5\u0cc6\u0cb5\u0cc1."},{"Verseid":"61002002","Verse":"\u0c86\u0ca4\u0ca8\u0cb2\u0ccd\u0cb2\u0cbf \u0c88 \u0ca8\u0cbf\u0cb0\u0cc0\u0c95\u0ccd\u0cb7\u0cc6\u0caf\u0ca8\u0ccd\u0ca8\u0cc1 \u0c87\u0c9f\u0ccd\u0c9f\u0cbf\u0cb0\u0cc1\u0cb5 \u0caa\u0ccd\u0cb0\u0ca4\u0cbf\u0caf\u0cca\u0cac\u0ccd\u0cac\u0ca8\u0cc1 \u0c86\u0ca4\u0ca8\u0cc1 \u0cb6\u0cc1\u0ca6\u0ccd\u0ca7\u0ca8\u0cbe\u0c97\u0cbf\u0cb0\u0cc1\u0cb5\u0c82\u0ca4\u0cc6\u0caf\u0cc7 \u0ca4\u0ca8\u0ccd\u0ca8\u0ca8\u0ccd\u0ca8\u0cc1 \u0cb6\u0cc1\u0ca6\u0ccd\u0ca7\u0cae\u0cbe\u0ca1\u0cbf\u0c95\u0cca\u0cb3\u0ccd\u0cb3\u0cc1\u0ca4\u0ccd\u0ca4\u0cbe\u0ca8\u0cc6."},{"Verseid":"61002003","Verse":"\u0caa\u0cbe\u0caa\u0cae\u0cbe\u0ca1\u0cc1\u0cb5\u0cb5\u0ca8\u0cc1 \u0ca8\u0ccd\u0caf\u0cbe\u0caf\u0caa\u0ccd\u0cb0\u0cae\u0cbe\u0ca3\u0cb5\u0ca8\u0ccd\u0ca8\u0cc1 \u0cb5\u0cbf\u0cbe\u0cb0\u0cc1\u0cb5\u0cb5\u0ca8\u0cbe\u0c97\u0cbf\u0ca6\u0ccd\u0ca6\u0cbe\u0ca8\u0cc6; \u0caf\u0cbe\u0c95\u0c82\u0ca6\u0cb0\u0cc6 \u0ca8\u0ccd\u0caf\u0cbe\u0caf \u0caa\u0ccd\u0cb0\u0cae\u0cbe\u0ca3\u0cb5\u0ca8\u0ccd\u0ca8\u0cc1 \u0cb5\u0cbf\u0cbe\u0cb0\u0cc1\u0cb5\u0ca6\u0cc7 \u0caa\u0cbe\u0caa."},{"Verseid":"61002004","Verse":"\u0caa\u0cbe\u0caa\u0c97\u0cb3\u0ca8\u0ccd\u0ca8\u0cc1 \u0ca8\u0cbf\u0cb5\u0cbe\u0cb0\u0ca3\u0cc6 \u0cae\u0cbe\u0ca1\u0cc1\u0cb5\u0ca6\u0c95\u0ccd\u0c95\u0cbe\u0c97\u0cbf \u0c86\u0ca4\u0ca8\u0cc1 \u0caa\u0ccd\u0cb0\u0ca4\u0ccd\u0caf\u0c95\u0ccd\u0cb7\u0ca8\u0cbe\u0ca6 \u0ca8\u0cc6\u0c82\u0cac\u0ca6\u0cc1 \u0ca8\u0cbf\u0cae\u0c97\u0cc6 \u0c97\u0cca\u0ca4\u0ccd\u0ca4\u0cbe\u0c97\u0cbf\u0ca6\u0cc6; \u0c86\u0ca4\u0ca8\u0cb2\u0ccd\u0cb2\u0cbf \u0caa\u0cbe\u0caa\u0cb5\u0cbf\u0cb2\u0ccd\u0cb2."},{"Verseid":"61002005","Verse":"\u0c86\u0ca4\u0ca8\u0cb2\u0ccd\u0cb2\u0cbf \u0ca8\u0cc6\u0cb2\u0cc6\u0c97\u0cca\u0c82\u0ca1\u0cbf\u0cb0\u0cc1\u0cb5\u0cb5\u0ca8\u0cc1 \u0caa\u0cbe\u0caa\u0cae\u0cbe\u0ca1\u0ca8\u0cc1; \u0caa\u0cbe\u0caa\u0cae\u0cbe\u0ca1\u0cc1\u0cb5\u0cb5\u0ca8\u0cc1 \u0c86\u0ca4\u0ca8\u0ca8\u0ccd\u0ca8\u0cc1 \u0c95\u0c82\u0ca1\u0cb5\u0ca8\u0cc2 \u0c85\u0cb2\u0ccd\u0cb2, \u0ca4\u0cbf\u0cb3\u0cbf\u0ca6\u0cb5\u0ca8\u0cc2 \u0c85\u0cb2\u0ccd\u0cb2."},{"Verseid":"61002006","Verse":"\u0c9a\u0cbf\u0c95\u0ccd\u0c95 \u0cae\u0c95\u0ccd\u0c95\u0cb3\u0cc7, \u0caf\u0cbe\u0cb0\u0cc2 \u0ca8\u0cbf\u0cae\u0ccd\u0cae\u0ca8\u0ccd\u0ca8\u0cc1 \u0cae\u0ccb\u0cb8\u0c97\u0cca\u0cb3\u0cbf\u0cb8\u0ca6\u0cbf\u0cb0\u0cb2\u0cbf. \u0c86\u0ca4\u0ca8\u0cc1 \u0cb9\u0cc7\u0c97\u0cc6 \u0ca8\u0cc0\u0ca4\u0cbf\u0cb5\u0c82\u0ca4 \u0ca8\u0cbe\u0c97\u0cbf\u0ca6\u0ccd\u0ca6\u0cbe\u0ca8\u0ccb \u0cb9\u0cbe\u0c97\u0cc6\u0caf\u0cc7 \u0ca8\u0cc0\u0ca4\u0cbf\u0caf\u0ca8\u0ccd\u0ca8\u0ca8\u0cc1\u0cb8\u0cb0\u0cbf\u0cb8\u0cc1\u0cb5\u0cb5\u0ca8\u0cc1 \u0ca8\u0cc0\u0ca4\u0cbf\u0cb5\u0c82\u0ca4\u0ca8\u0cbe\u0c97\u0cbf\u0ca6\u0ccd\u0ca6\u0cbe\u0ca8\u0cc6."},{"Verseid":"61002007","Verse":"\u0caa\u0cbe\u0caa\u0cae\u0cbe\u0ca1\u0cc1\u0cb5\u0cb5\u0ca8\u0cc1 \u0cb8\u0cc8\u0ca4\u0cbe\u0ca8 \u0ca8\u0cbf\u0c97\u0cc6 \u0cb8\u0c82\u0cac\u0c82\u0ca7\u0caa\u0c9f\u0ccd\u0c9f\u0cb5\u0ca8\u0cbe\u0c97\u0cbf\u0ca6\u0ccd\u0ca6\u0cbe\u0ca8\u0cc6; \u0caf\u0cbe\u0c95\u0c82\u0ca6\u0cb0\u0cc6 \u0c86\u0ca6\u0cbf \u0caf\u0cbf\u0c82\u0ca6\u0cb2\u0cc2 \u0cb8\u0cc8\u0ca4\u0cbe\u0ca8\u0ca8\u0cc1 \u0caa\u0cbe\u0caa\u0cae\u0cbe\u0ca1\u0cc1\u0cb5\u0cb5\u0ca8\u0cbe\u0c97\u0cbf\u0ca6\u0ccd\u0ca6\u0cbe\u0ca8\u0cc6. \u0c86\u0ca6\u0ca6\u0cb0\u0cbf\u0c82\u0ca6 \u0ca6\u0cc7\u0cb5\u0c95\u0cc1\u0cae\u0cbe\u0cb0\u0ca8\u0cc1 \u0cb8\u0cc8\u0ca4\u0cbe\u0ca8\u0ca8 \u0c95\u0cc6\u0cb2\u0cb8\u0c97\u0cb3\u0ca8\u0ccd\u0ca8\u0cc1 \u0cb2\u0caf\u0cae\u0cbe\u0ca1\u0cc1\u0cb5\u0ca6\u0c95\u0ccd\u0c95\u0ccb\u0cb8\u0ccd\u0c95\u0cb0\u0cb5\u0cc7 \u0caa\u0ccd\u0cb0\u0ca4\u0ccd\u0caf\u0c95\u0ccd\u0cb7\u0ca8\u0cbe\u0ca6\u0ca8\u0cc1."},{"Verseid":"61002008","Verse":"\u0ca6\u0cc7\u0cb5\u0cb0\u0cbf\u0c82\u0ca6 \u0cb9\u0cc1\u0c9f\u0ccd\u0c9f\u0cbf\u0ca6\u0cb5\u0ca8\u0cc1 \u0caa\u0cbe\u0caa\u0cae\u0cbe\u0ca1\u0ca8\u0cc1; \u0caf\u0cbe\u0c95\u0c82\u0ca6\u0cb0\u0cc6 \u0c86\u0ca4\u0ca8 \u0cac\u0cc0\u0c9c\u0cb5\u0cc1 \u0c85\u0cb5\u0ca8\u0cb2\u0ccd\u0cb2\u0cbf \u0ca8\u0cc6\u0cb2\u0cc6\u0c97\u0cca\u0c82\u0ca1\u0ca6\u0cc6. \u0c85\u0cb5\u0ca8\u0cc1 \u0ca6\u0cc7\u0cb5\u0cb0\u0cbf\u0c82\u0ca6 \u0cb9\u0cc1\u0c9f\u0ccd\u0c9f\u0cbf\u0ca6 \u0c95\u0cbe\u0cb0\u0ca3 \u0caa\u0cbe\u0caa\u0cae\u0cbe\u0ca1 \u0cb2\u0cbe\u0cb0\u0ca8\u0cc1."},{"Verseid":"61002009","Verse":"\u0c87\u0cb5\u0cb0\u0cc1 \u0ca6\u0cc7\u0cb5\u0cb0 \u0cae\u0c95\u0ccd\u0c95\u0cb3\u0cc6\u0c82\u0cac\u0ca6\u0cc2 \u0c85\u0cb5\u0cb0\u0cc1 \u0cb8\u0cc8\u0ca4\u0cbe\u0ca8\u0ca8 \u0cae\u0c95\u0ccd\u0c95\u0cb3\u0cc6\u0c82\u0cac\u0ca6\u0cc2 \u0c87\u0ca6\u0cb0\u0cbf\u0c82\u0ca6 \u0cb5\u0ccd\u0caf\u0c95\u0ccd\u0ca4\u0cb5\u0cbe\u0c97\u0cc1\u0ca4\u0ccd\u0ca4\u0ca6\u0cc6. \u0ca8\u0cc0\u0ca4\u0cbf\u0caf\u0ca8\u0ccd\u0ca8\u0cc1 \u0c85\u0ca8\u0cc1\u0cb8\u0cb0\u0cbf\u0cb8\u0ca6\u0cb5\u0ca8\u0cc2 \u0ca4\u0ca8\u0ccd\u0ca8 \u0cb8\u0cb9\u0ccb\u0ca6\u0cb0\u0ca8\u0ca8\u0ccd\u0ca8\u0cc1 \u0caa\u0ccd\u0cb0\u0cc0\u0ca4\u0cbf\u0cb8\u0ca6\u0cb5\u0ca8\u0cc2 \u0ca6\u0cc7\u0cb5\u0cb0\u0cbf\u0c97\u0cc6 \u0cb8\u0c82\u0cac\u0c82\u0ca7\u0caa\u0c9f\u0ccd\u0c9f\u0cb5\u0ca8\u0cb2\u0ccd\u0cb2."},{"Verseid":"61002010","Verse":"\u0ca8\u0cbe\u0cb5\u0cc1 \u0c92\u0cac\u0ccd\u0cac\u0cb0\u0ca8\u0ccd\u0ca8\u0cca\u0cac\u0ccd\u0cac\u0cb0\u0cc1 \u0caa\u0ccd\u0cb0\u0cc0\u0ca4\u0cbf\u0cb8\u0cac\u0cc7\u0c95\u0cc6\u0c82\u0cac\u0ca6\u0cc7 \u0ca8\u0cc0\u0cb5\u0cc1 \u0cae\u0cca\u0ca6\u0cb2\u0cbf\u0ca8\u0cbf\u0c82\u0ca6\u0cb2\u0cc2 \u0c95\u0cc7\u0cb3\u0cbf\u0ca6 \u0cb5\u0cbe\u0cb0\u0ccd\u0ca4\u0cc6\u0caf\u0cbe\u0c97\u0cbf\u0ca6\u0cc6."},{"Verseid":"61002011","Verse":"\u0c95\u0cc6\u0ca1\u0cc1\u0c95 \u0ca8\u0cbe\u0c97\u0cbf\u0ca6\u0ccd\u0ca6\u0cc1 \u0ca4\u0ca8\u0ccd\u0ca8 \u0ca4\u0cae\u0ccd\u0cae\u0ca8\u0ca8\u0ccd\u0ca8\u0cc1 \u0c95\u0cca\u0c82\u0ca6\u0cc1\u0cb9\u0cbe\u0c95\u0cbf\u0ca6 \u0c95\u0cbe\u0caf\u0cbf\u0ca8 \u0ca8\u0c82\u0ca4\u0cc6 \u0c85\u0cb2\u0ccd\u0cb2. \u0caf\u0cbe\u0cb5 \u0c95\u0cbe\u0cb0\u0ca3\u0ca6\u0cbf\u0c82\u0ca6 \u0c85\u0cb5\u0ca8\u0ca8\u0ccd\u0ca8\u0cc1 \u0c95\u0cca\u0c82\u0ca6\u0cc1 \u0cb9\u0cbe\u0c95\u0cbf\u0ca6\u0ca8\u0cc1? \u0ca4\u0ca8\u0ccd\u0ca8 \u0c95\u0cc3\u0ca4\u0ccd\u0caf\u0c97\u0cb3\u0cc1 \u0c95\u0cc6\u0c9f\u0ccd\u0c9f\u0cb5\u0cc1\u0c97\u0cb3\u0cc2 \u0ca4\u0ca8\u0ccd\u0ca8 \u0ca4\u0cae\u0ccd\u0cae\u0ca8 \u0c95\u0cc3\u0ca4\u0ccd\u0caf\u0c97\u0cb3\u0cc1 \u0ca8\u0cc0\u0ca4\u0cbf\u0caf\u0cc1\u0cb3\u0ccd\u0cb3\u0cb5\u0cc1\u0c97\u0cb3\u0cc2 \u0c86\u0c97\u0cbf\u0ca6\u0ccd\u0ca6\u0ca6\u0cb0\u0cbf\u0c82\u0ca6\u0cb2\u0cc7."},{"Verseid":"61002012","Verse":"\u0ca8\u0ca8\u0ccd\u0ca8 \u0cb8\u0cb9\u0ccb\u0ca6\u0cb0\u0cb0\u0cc7, \u0cb2\u0ccb\u0c95\u0cb5\u0cc1 \u0ca8\u0cbf\u0cae\u0ccd\u0cae\u0ca8\u0ccd\u0ca8\u0cc1 \u0ca6\u0ccd\u0cb5\u0cc7\u0cb7\u0cbf\u0cb8\u0cbf\u0ca6\u0cb0\u0cc6 \u0c86\u0cb6\u0ccd\u0c9a\u0cb0\u0ccd\u0caf\u0caa\u0ca1\u0cac\u0cc7\u0ca1\u0cbf\u0cb0\u0cbf."},{"Verseid":"61002013","Verse":"\u0ca8\u0cbe\u0cb5\u0c82\u0ca4\u0cc2 \u0cb8\u0cb9\u0ccb\u0ca6\u0cb0\u0cb0\u0ca8\u0ccd\u0ca8\u0cc1 \u0caa\u0ccd\u0cb0\u0cc0\u0ca4\u0cbf\u0cb8\u0cc1\u0cb5\u0cb5\u0cb0\u0cbe\u0c97\u0cbf\u0cb0\u0cc1\u0cb5\u0ca6\u0cb0\u0cbf\u0c82\u0ca6 \u0cae\u0cb0\u0ca3\u0ca6\u0cbf\u0c82\u0ca6 \u0caa\u0cbe\u0cb0\u0cbe\u0c97\u0cbf \u0c9c\u0cc0\u0cb5\u0ca6\u0cb2\u0ccd\u0cb2\u0cbf \u0cb8\u0cc7\u0cb0\u0cbf\u0ca6\u0ccd\u0ca6\u0cc7\u0cb5\u0cc6\u0c82\u0cac\u0ca6\u0cc1 \u0ca8\u0cae\u0c97\u0cc6 \u0c97\u0cca\u0ca4\u0ccd\u0ca4\u0cbe\u0c97\u0cbf\u0ca6\u0cc6. \u0ca4\u0ca8\u0ccd\u0ca8 \u0cb8\u0cb9\u0ccb\u0ca6\u0cb0\u0ca8\u0ca8\u0ccd\u0ca8\u0cc1 \u0caa\u0ccd\u0cb0\u0cc0\u0ca4\u0cbf\u0cb8\u0ca6\u0cc6 \u0c87\u0cb0\u0cc1\u0cb5\u0cb5\u0ca8\u0cc1 \u0cae\u0cb0\u0ca3\u0ca6\u0cb2\u0ccd\u0cb2\u0cc7 \u0c87\u0ca6\u0ccd\u0ca6\u0cbe\u0ca8\u0cc6."},{"Verseid":"61002014","Verse":"\u0caf\u0cbe\u0cb0\u0cbe\u0ca6\u0cb0\u0cc2 \u0ca4\u0ca8\u0ccd\u0ca8 \u0cb8\u0cb9\u0ccb\u0ca6\u0cb0\u0ca8\u0ca8\u0ccd\u0ca8\u0cc1 \u0ca6\u0ccd\u0cb5\u0cc7\u0cb7\u0cbf\u0cb8\u0cc1\u0cb5 \u0cb5\u0ca8\u0cc1 \u0c95\u0cca\u0cb2\u0cc6\u0c97\u0cbe\u0cb0\u0ca8\u0cbe\u0c97\u0cbf\u0ca6\u0ccd\u0ca6\u0cbe\u0ca8\u0cc6. \u0caf\u0cbe\u0cb5 \u0c95\u0cca\u0cb2\u0cc6\u0c97\u0cbe\u0cb0 \u0ca8\u0cb2\u0ccd\u0cb2\u0cbf\u0caf\u0cc2 \u0ca8\u0cbf\u0ca4\u0ccd\u0caf\u0c9c\u0cc0\u0cb5\u0cb5\u0cc1 \u0c87\u0cb0\u0cc1\u0cb5\u0ca6\u0cbf\u0cb2\u0ccd\u0cb2\u0cb5\u0cc6\u0c82\u0cac\u0ca6\u0cc1 \u0ca8\u0cbf\u0cae\u0c97\u0cc6 \u0c97\u0cca\u0ca4\u0ccd\u0ca4\u0cbe\u0c97\u0cbf\u0ca6\u0cc6."},{"Verseid":"61002015","Verse":"\u0c86\u0ca4\u0ca8\u0cc1 \u0ca8\u0cae\u0c97\u0ccb\u0cb8\u0ccd\u0c95\u0cb0 \u0ca4\u0ca8\u0ccd\u0ca8 \u0caa\u0ccd\u0cb0\u0cbe\u0ca3\u0cb5\u0ca8\u0ccd\u0ca8\u0cc1 \u0c95\u0cca\u0c9f\u0ccd\u0c9f\u0ca6\u0ccd\u0ca6\u0cb0\u0cb2\u0ccd\u0cb2\u0cbf\u0caf\u0cc7 \u0ca6\u0cc7\u0cb5\u0cb0 \u0caa\u0ccd\u0cb0\u0cc0\u0ca4\u0cbf \u0c87\u0c82\u0ca5\u0ca6\u0ccd\u0ca6\u0cc6\u0c82\u0ca6\u0cc1 \u0ca8\u0cae\u0c97\u0cc6 \u0ca4\u0cbf\u0cb3\u0cbf\u0ca6\u0cc1 \u0cac\u0c82\u0ca6\u0cbf\u0ca6\u0cc6. \u0ca8\u0cbe\u0cb5\u0cc1 \u0cb8\u0cb9 \u0cb8\u0cb9\u0ccb\u0ca6\u0cb0\u0cb0\u0cbf\u0c97\u0ccb\u0cb8\u0ccd\u0c95\u0cb0 \u0ca8\u0cae\u0ccd\u0cae \u0caa\u0ccd\u0cb0\u0cbe\u0ca3\u0c97\u0cb3\u0ca8\u0ccd\u0ca8\u0cc1 \u0c95\u0cca\u0ca1\u0cc1\u0cb5 \u0cb9\u0c82\u0c97\u0cbf\u0ca8\u0cb2\u0ccd\u0cb2\u0cbf\u0ca6\u0ccd\u0ca6\u0cc7\u0cb5\u0cc6."},{"Verseid":"61002016","Verse":"\u0c86\u0ca6\u0cb0\u0cc6 \u0c88 \u0cb2\u0ccb\u0c95\u0ca6 \u0cb8\u0c82\u0caa\u0ca4\u0ccd\u0ca4\u0cc1\u0cb3\u0ccd\u0cb3 \u0caf\u0cbe\u0cb5\u0ca8\u0cbe\u0ca6\u0cb0\u0cc2 \u0c95\u0cca\u0cb0\u0ca4\u0cc6\u0caf\u0cb2\u0ccd\u0cb2\u0cbf\u0cb0\u0cc1\u0cb5 \u0ca4\u0ca8\u0ccd\u0ca8 \u0cb8\u0cb9\u0ccb\u0ca6\u0cb0\u0ca8\u0ca8\u0ccd\u0ca8\u0cc1 \u0ca8\u0ccb\u0ca1\u0cbf \u0c95\u0cb0\u0cc1\u0ca3\u0cbf\u0cb8\u0ca6\u0cc6 \u0cac\u0cbf\u0c9f\u0ccd\u0c9f\u0cb0\u0cc6 \u0ca6\u0cc7\u0cb5\u0cb0 \u0caa\u0ccd\u0cb0\u0cc0\u0ca4\u0cbf\u0caf\u0cc1 \u0c85\u0cb5\u0ca8\u0cb2\u0ccd\u0cb2\u0cbf \u0ca8\u0cc6\u0cb2\u0cc6\u0c97\u0cca\u0c82\u0ca1\u0cbf\u0cb0\u0cc1\u0cb5\u0ca6\u0cc1 \u0cb9\u0cc7\u0c97\u0cc6?"},{"Verseid":"61002017","Verse":"\u0ca8\u0ca8\u0ccd\u0ca8 \u0c9a\u0cbf\u0c95\u0ccd\u0c95 \u0cae\u0c95\u0ccd\u0c95\u0cb3\u0cc7, \u0ca8\u0cc0\u0cb5\u0cc1 \u0cae\u0cbe\u0ca4\u0cbf\u0ca8\u0cbf\u0c82\u0ca6\u0cbe\u0c97\u0cb2\u0cbf \u0ca8\u0cbe\u0cb2\u0cbf\u0c97\u0cc6\u0caf\u0cbf\u0c82\u0ca6\u0cbe\u0c97\u0cb2\u0cbf \u0caa\u0ccd\u0cb0\u0cc0\u0ca4\u0cbf\u0cb8\u0cc1\u0cb5\u0cb5\u0cb0\u0cbe\u0c97\u0cbf\u0cb0\u0ca6\u0cc6 \u0c95\u0ccd\u0cb0\u0cbf\u0caf\u0cc6\u0caf\u0cb2\u0ccd\u0cb2\u0cbf\u0caf\u0cc2 \u0cb8\u0ca4\u0ccd\u0caf\u0ca6 \u0cb2\u0ccd\u0cb2\u0cbf\u0caf\u0cc2 \u0caa\u0ccd\u0cb0\u0cc0\u0ca4\u0cbf\u0cb8\u0cc1\u0cb5\u0cb5\u0cb0\u0cbe\u0c97\u0cbf\u0cb0\u0cac\u0cc7\u0c95\u0cc1."},{"Verseid":"61002018","Verse":"\u0cb8\u0ca4\u0ccd\u0caf\u0c95\u0ccd\u0c95\u0cc6 \u0cb8\u0c82\u0cac\u0c82\u0ca7\u0caa\u0c9f\u0ccd\u0c9f\u0cb5\u0cb0\u0cc6\u0c82\u0cac\u0ca6\u0cc1 \u0c87\u0ca6\u0cb0\u0cbf\u0c82\u0ca6\u0cb2\u0cc7 \u0ca8\u0cae\u0c97\u0cc6 \u0ca4\u0cbf\u0cb3\u0cbf\u0caf\u0cc1\u0ca4\u0ccd\u0ca4\u0ca6\u0cc6; \u0c86\u0ca4\u0ca8 \u0cb8\u0cae\u0c95\u0ccd\u0cb7\u0cae\u0ca6\u0cb2\u0ccd\u0cb2\u0cbf \u0ca8\u0cae\u0ccd\u0cae \u0cb9\u0cc3\u0ca6\u0caf\u0c97\u0cb3\u0ca8\u0ccd\u0ca8\u0cc1 \u0ca8\u0cbf\u0cb6\u0ccd\u0c9a\u0caf\u0caa\u0ca1\u0cbf\u0cb8\u0cbf\u0c95\u0cca\u0cb3\u0ccd\u0cb3\u0cc1\u0ca4\u0ccd\u0ca4\u0cc7\u0cb5\u0cc6."},{"Verseid":"61002019","Verse":"\u0ca8\u0cae\u0ccd\u0cae \u0cb9\u0cc3\u0ca6\u0caf\u0cb5\u0cc1 \u0ca8\u0cae\u0ccd\u0cae\u0ca8\u0ccd\u0ca8\u0cc1 \u0c96\u0c82\u0ca1\u0cbf\u0cb8\u0ca6\u0cbf\u0ca6\u0ccd\u0ca6\u0cb0\u0cc6 \u0ca6\u0cc7\u0cb5\u0cb0\u0cc1 \u0ca8\u0cae\u0ccd\u0cae \u0cb9\u0cc3\u0ca6\u0caf\u0c95\u0ccd\u0c95\u0cbf\u0c82\u0ca4 \u0ca6\u0cca\u0ca1\u0ccd\u0ca1\u0cb5\u0ca8\u0cbe\u0c97\u0cbf\u0ca6\u0ccd\u0ca6\u0cc1 \u0c8e\u0cb2\u0ccd\u0cb2\u0cb5\u0ca8\u0ccd\u0ca8\u0cc2 \u0cac\u0cb2\u0ccd\u0cb2\u0cb5 \u0ca8\u0cbe\u0c97\u0cbf\u0ca6\u0ccd\u0ca6\u0cbe\u0ca8\u0cc6."},{"Verseid":"61002020","Verse":"\u0caa\u0ccd\u0cb0\u0cbf\u0caf\u0cb0\u0cc7, \u0ca8\u0cae\u0ccd\u0cae \u0cb9\u0cc3\u0ca6\u0caf\u0cb5\u0cc1 \u0ca8\u0cae\u0ccd\u0cae\u0ca8\u0ccd\u0ca8\u0cc1 \u0c96\u0c82\u0ca1\u0cbf\u0cb8\u0ca6\u0cbf\u0ca6\u0ccd\u0ca6\u0cb0\u0cc6 \u0ca8\u0cae\u0c97\u0cc6 \u0ca6\u0cc7\u0cb5\u0cb0 \u0cb5\u0cbf\u0cb7\u0caf\u0ca6\u0cb2\u0ccd\u0cb2\u0cbf \u0cad\u0cb0\u0cb5\u0cb8 \u0cb5\u0cc1\u0c82\u0c9f\u0cc1."},{"Verseid":"61002021","Verse":"\u0ca8\u0cbe\u0cb5\u0cc1 \u0c8f\u0ca8\u0cc7\u0ca8\u0cc1 \u0cac\u0cc7\u0ca1\u0cbf\u0c95\u0cca\u0cb3\u0ccd\u0cb3\u0cc1\u0ca4\u0ccd\u0ca4\u0cc7\u0cb5\u0ccb \u0c86\u0ca4\u0ca8\u0cbf\u0c82\u0ca6 \u0ca8\u0cbe\u0cb5\u0cc1 \u0cb9\u0cca\u0c82\u0ca6\u0cbf\u0c95\u0cca\u0cb3\u0ccd\u0cb3\u0cc1\u0ca4\u0ccd\u0ca4\u0cc7\u0cb5\u0cc6. \u0caf\u0cbe\u0c95\u0c82\u0ca6\u0cb0\u0cc6 \u0ca8\u0cbe\u0cb5\u0cc1 \u0c86\u0ca4\u0ca8 \u0c86\u0c9c\u0ccd\u0c9e\u0cc6\u0c97\u0cb3\u0ca8\u0ccd\u0ca8\u0cc1 \u0c95\u0cc8\u0c95\u0cca\u0c82\u0ca1\u0cc1 \u0c86\u0ca4\u0ca8 \u0ca6\u0cc3\u0cb7\u0ccd\u0c9f\u0cbf\u0caf\u0cb2\u0ccd\u0cb2\u0cbf \u0cae\u0cc6\u0c9a\u0ccd\u0c9a\u0cbf\u0c95\u0cc6\u0caf\u0cbe\u0ca6\u0cb5\u0cc1\u0c97\u0cb3\u0ca8\u0ccd\u0ca8\u0cc1 \u0cae\u0cbe\u0ca1\u0cc1\u0cb5\u0cb5\u0cb0\u0cbe\u0c97\u0cbf\u0ca6\u0ccd\u0ca6\u0cc7\u0cb5\u0cc6."},{"Verseid":"61002022","Verse":"\u0c86\u0ca4\u0ca8 \u0c86\u0c9c\u0ccd\u0c9e\u0cc6 \u0caf\u0cbe\u0cb5\u0ca6\u0cc6\u0c82\u0ca6\u0cb0\u0cc6 \u0ca8\u0cbe\u0cb5\u0cc1 \u0c86\u0ca4\u0ca8 \u0cae\u0c97\u0ca8\u0cbe\u0ca6 \u0caf\u0cc7\u0cb8\u0cc1 \u0c95\u0ccd\u0cb0\u0cbf\u0cb8\u0ccd\u0ca4\u0ca8 \u0cb9\u0cc6\u0cb8\u0cb0\u0ca8\u0ccd\u0ca8\u0cc1 \u0ca8\u0c82\u0cac\u0cbf \u0c86\u0ca4\u0ca8\u0cc1 \u0ca8\u0cae\u0c97\u0cc6 \u0c86\u0c9c\u0ccd\u0c9e\u0cc6\u0c95\u0cca\u0c9f\u0ccd\u0c9f \u0caa\u0ccd\u0cb0\u0c95\u0cbe\u0cb0 \u0c92\u0cac\u0ccd\u0cac\u0cb0\u0ca8\u0ccd\u0ca8\u0cca\u0cac\u0ccd\u0cac\u0cb0\u0cc1 \u0caa\u0ccd\u0cb0\u0cc0\u0ca4\u0cbf\u0cb8\u0cac\u0cc7\u0c95\u0cc6\u0c82\u0cac\u0ca6\u0cc7."},{"Verseid":"61002023","Verse":"\u0c86\u0ca4\u0ca8 \u0c86\u0c9c\u0ccd\u0c9e\u0cc6\u0c97\u0cb3\u0ca8\u0ccd\u0ca8\u0cc1 \u0c95\u0cc8\u0c95\u0cca\u0c82\u0ca1\u0cc1 \u0ca8\u0ca1\u0cc6\u0caf\u0cc1\u0cb5\u0cb5\u0ca8\u0cc1 \u0c86\u0ca4\u0ca8\u0cb2\u0ccd\u0cb2\u0cbf \u0cb5\u0cbe\u0cb8\u0cae\u0cbe\u0ca1\u0cc1\u0ca4\u0ccd\u0ca4\u0cbe\u0ca8\u0cc6. \u0c86\u0ca4\u0ca8\u0cc1 \u0ca8\u0cae\u0ccd\u0cae\u0cb2\u0ccd\u0cb2\u0cbf \u0ca8\u0cc6\u0cb2\u0cc6\u0c97\u0cca\u0c82\u0ca1\u0cbf\u0ca6\u0ccd\u0ca6\u0cbe\u0ca8\u0cc6\u0c82\u0ca6\u0cc1 \u0c86\u0ca4\u0ca8\u0cc1 \u0ca8\u0cae\u0c97\u0cc6 \u0c85\u0ca8\u0cc1\u0c97\u0ccd\u0cb0\u0cb9\u0cbf\u0cb8\u0cbf\u0ca6 \u0c86\u0ca4\u0ccd\u0cae\u0ca8\u0cbf\u0c82\u0ca6\u0cb2\u0cc7 \u0ca8\u0cbe\u0cb5\u0cc1 \u0cac\u0cb2\u0ccd\u0cb2\u0cc6\u0cb5\u0cc1."}]},{"Verse":[{"Verseid":"61003000","Verse":"\u0caa\u0ccd\u0cb0\u0cbf\u0caf\u0cb0\u0cc7, \u0c85\u0ca8\u0cc7\u0c95 \u0cb8\u0cc1\u0cb3\u0ccd\u0cb3\u0cc1\u0caa\u0ccd\u0cb0\u0cb5\u0cbe\u0ca6\u0cbf\u0c97\u0cb3\u0cc1 \u0cb2\u0ccb\u0c95\u0ca6\u0cca\u0cb3\u0c97\u0cc6 \u0cb9\u0ccb\u0c97\u0cbf\u0cb0\u0cc1\u0cb5\u0ca6\u0cb0\u0cbf\u0c82\u0ca6 \u0ca8\u0cc0\u0cb5\u0cc1 \u0c8e\u0cb2\u0ccd\u0cb2\u0cbe \u0c86\u0ca4\u0ccd\u0cae\u0c97\u0cb3\u0ca8\u0ccd\u0ca8\u0cc1 \u0ca8\u0c82\u0cac\u0ca6\u0cc6 \u0c86\u0caf\u0cbe \u0c86\u0ca4\u0ccd\u0cae\u0c97\u0cb3\u0cc1 \u0ca6\u0cc7\u0cb5\u0cb0\u0cbf\u0c97\u0cc6 \u0cb8\u0c82\u0cac\u0c82\u0ca7\u0cb5\u0cbe\u0ca6\u0cb5\u0cc1\u0c97\u0cb3\u0ccb \u0c85\u0cb2\u0ccd\u0cb2\u0cb5\u0ccb \u0c8e\u0c82\u0ca6\u0cc1 \u0c85\u0cb5\u0cc1\u0c97\u0cb3\u0ca8\u0ccd\u0ca8\u0cc1 \u0caa\u0cb0\u0cc0\u0c95\u0ccd\u0cb7\u0cbf\u0cb8\u0cac\u0cc7\u0c95\u0cc1."},{"Verseid":"61003001","Verse":"\u0caf\u0cc7\u0cb8\u0cc1 \u0c95\u0ccd\u0cb0\u0cbf\u0cb8\u0ccd\u0ca4\u0ca8\u0cc1 \u0cb6\u0cb0\u0cc0\u0cb0\u0ca6\u0cb2\u0ccd\u0cb2\u0cbf \u0cac\u0c82\u0ca6\u0ca8\u0cc6\u0c82\u0ca6\u0cc1 \u0c92\u0caa\u0ccd\u0caa\u0cbf\u0c95\u0cca\u0cb3\u0ccd\u0cb3\u0cc1\u0cb5 \u0caa\u0ccd\u0cb0\u0ca4\u0cbf\u0caf\u0cca\u0c82\u0ca6\u0cc1 \u0c86\u0ca4\u0ccd\u0cae\u0cb5\u0cc1 \u0ca6\u0cc7\u0cb5\u0cb0\u0cbf\u0c97\u0cc6 \u0cb8\u0c82\u0cac\u0c82\u0ca7\u0caa\u0c9f\u0ccd\u0c9f\u0ca6\u0ccd\u0ca6\u0cbe\u0c97\u0cbf\u0ca6\u0cc6; \u0c87\u0ca6\u0cb0\u0cbf\u0c82\u0ca6 \u0ca8\u0cc0\u0cb5\u0cc1 \u0c88 \u0c86\u0ca4\u0ccd\u0cae\u0ca8\u0cc1 \u0ca6\u0cc7\u0cb5\u0cb0\u0cbe\u0ca4\u0ccd\u0cae\u0ca8\u0cc6\u0c82\u0ca6\u0cc1 \u0ca4\u0cbf\u0cb3\u0cbf\u0ca6\u0cc1\u0c95\u0cca\u0cb3\u0ccd\u0cb3\u0cc1 \u0ca4\u0ccd\u0ca4\u0cc0\u0cb0\u0cbf."},{"Verseid":"61003002","Verse":"\u0caf\u0cc7\u0cb8\u0cc1 \u0c95\u0ccd\u0cb0\u0cbf\u0cb8\u0ccd\u0ca4\u0ca8\u0cc1 \u0cb6\u0cb0\u0cc0\u0cb0\u0ca6\u0cb2\u0ccd\u0cb2\u0cbf \u0cac\u0c82\u0ca6\u0ca8\u0cc6\u0c82\u0ca6\u0cc1 \u0c92\u0caa\u0ccd\u0caa\u0cbf\u0c95\u0cca\u0cb3\u0ccd\u0cb3\u0ca6\u0cbf\u0cb0\u0cc1\u0cb5 \u0caa\u0ccd\u0cb0\u0ca4\u0cbf\u0caf\u0cca\u0c82\u0ca6\u0cc1 \u0c86\u0ca4\u0ccd\u0cae\u0cb5\u0cc1 \u0ca6\u0cc7\u0cb5\u0cb0\u0cbf\u0c97\u0cc6 \u0cb8\u0c82\u0cac\u0c82\u0ca7\u0caa\u0c9f\u0ccd\u0c9f\u0ca6\u0ccd\u0ca6\u0cb2\u0ccd\u0cb2; \u0c85\u0ca6\u0cc1 \u0c95\u0ccd\u0cb0\u0cbf\u0cb8\u0ccd\u0ca4\u0cb5\u0cbf\u0cb0\u0ccb\u0ca7\u0cbf\u0caf \u0c86\u0ca4\u0ccd\u0cae \u0cb5\u0cbe\u0c97\u0cbf\u0ca6\u0cc6. \u0c85\u0ca6\u0cc1 \u0cac\u0cb0\u0cc1\u0cb5\u0ca6\u0cc6\u0c82\u0cac\u0ca6\u0ca8\u0ccd\u0ca8\u0cc1 \u0ca8\u0cc0\u0cb5\u0cc1 \u0c95\u0cc7\u0cb3\u0cbf \u0ca6\u0ccd\u0ca6\u0cc0\u0cb0\u0cb2\u0ccd\u0cb2\u0cbe; \u0c88\u0c97\u0cb2\u0cc2 \u0c85\u0ca6\u0cc1 \u0cb2\u0ccb\u0c95\u0ca6\u0cb2\u0ccd\u0cb2\u0cbf \u0c87\u0ca6\u0cc6."},{"Verseid":"61003003","Verse":"\u0c9a\u0cbf\u0c95\u0ccd\u0c95\u0cae\u0c95\u0ccd\u0c95\u0cb3\u0cc7, \u0ca8\u0cc0\u0cb5\u0cc1 \u0ca6\u0cc7\u0cb5\u0cb0\u0cbf\u0c97\u0cc6 \u0cb8\u0c82\u0cac\u0c82\u0ca7\u0caa\u0c9f\u0ccd\u0c9f\u0cb5\u0cb0\u0cbe \u0c97\u0cbf\u0ca6\u0ccd\u0ca6\u0cc0\u0cb0\u0cbf. \u0c85\u0cb5\u0cb0\u0ca8\u0ccd\u0ca8\u0cc1 \u0c9c\u0caf\u0cbf\u0cb8\u0cbf\u0ca6\u0ccd\u0ca6\u0cc0\u0cb0\u0cbf. \u0ca8\u0cbf\u0cae\u0ccd\u0cae\u0cb2\u0ccd\u0cb2\u0cbf\u0cb0\u0cc1\u0cb5\u0cbe\u0ca4\u0ca8\u0cc1 \u0cb2\u0ccb\u0c95\u0ca6\u0cb2\u0ccd\u0cb2\u0cbf \u0c87\u0cb0\u0cc1\u0cb5\u0cb5\u0ca8\u0cbf\u0c97\u0cbf\u0c82\u0ca4 \u0ca6\u0cca\u0ca1\u0ccd\u0ca1\u0cb5\u0ca8\u0cbe\u0c97\u0cbf\u0ca6\u0ccd\u0ca6\u0cbe\u0ca8\u0cc6."},{"Verseid":"61003004","Verse":"\u0c85\u0cb5\u0cb0\u0cc1 \u0cb2\u0ccb\u0c95\u0cb8\u0c82\u0cac\u0c82\u0ca7\u0cbf\u0c97\u0cb3\u0cbe\u0c97\u0cbf\u0ca6\u0ccd\u0ca6\u0cbe\u0cb0\u0cc6; \u0c88 \u0c95\u0cbe\u0cb0\u0ca3 \u0ca6\u0cbf\u0c82\u0ca6 \u0c85\u0cb5\u0cb0\u0cc1 \u0cb2\u0ccb\u0c95\u0cb8\u0c82\u0cac\u0c82\u0ca7\u0cb5\u0cbe\u0c97\u0cbf \u0cae\u0cbe\u0ca4\u0ca8\u0cbe \u0ca1\u0cc1\u0ca4\u0ccd\u0ca4\u0cbe\u0cb0\u0cc6 \u0cae\u0ca4\u0ccd\u0ca4\u0cc1 \u0cb2\u0ccb\u0c95\u0ca6\u0cb5\u0cb0\u0cc1 \u0c85\u0cb5\u0cb0 \u0cae\u0cbe\u0ca4\u0ca8\u0ccd\u0ca8\u0cc1 \u0c95\u0cc7\u0cb3\u0cc1\u0ca4\u0ccd\u0ca4\u0cbe\u0cb0\u0cc6."},{"Verseid":"61003005","Verse":"\u0ca8\u0cbe\u0cb5\u0c82\u0ca4\u0cc2 \u0ca6\u0cc7\u0cb5\u0cb0\u0cbf\u0c97\u0cc6 \u0cb8\u0c82\u0cac\u0c82\u0ca7\u0caa\u0c9f\u0ccd\u0c9f\u0cb5 \u0cb0\u0cbe\u0c97\u0cbf\u0ca6\u0ccd\u0ca6\u0cc7\u0cb5\u0cc6; \u0ca6\u0cc7\u0cb5\u0cb0\u0ca8\u0ccd\u0ca8\u0cc1 \u0cac\u0cb2\u0ccd\u0cb2\u0cb5\u0ca8\u0cc1 \u0ca8\u0cae\u0ccd\u0cae \u0cae\u0cbe\u0ca4\u0ca8\u0ccd\u0ca8\u0cc1 \u0c95\u0cc7\u0cb3\u0cc1\u0ca4\u0ccd\u0ca4\u0cbe\u0ca8\u0cc6; \u0ca6\u0cc7\u0cb5\u0cb0\u0cbf\u0c97\u0cc6 \u0cb8\u0c82\u0cac\u0c82\u0ca7\u0caa\u0ca1\u0ca6\u0cb5\u0ca8\u0cc1 \u0ca8\u0cae\u0ccd\u0cae \u0cae\u0cbe\u0ca4\u0ca8\u0ccd\u0ca8\u0cc1 \u0c95\u0cc7\u0cb3\u0cc1\u0cb5\u0ca6\u0cbf\u0cb2\u0ccd\u0cb2. \u0c87\u0ca6\u0cc1 \u0cb8\u0ca4\u0ccd\u0caf\u0ca6 \u0c86\u0ca4\u0ccd\u0cae, \u0c85\u0ca6\u0cc1 \u0cb8\u0cc1\u0cb3\u0ccd\u0cb3\u0cbf\u0ca8 \u0c86\u0ca4\u0ccd\u0cae \u0c8e\u0c82\u0ca6\u0cc1 \u0c87\u0ca6\u0cb0\u0cbf\u0c82\u0ca6\u0cb2\u0cc7 \u0ca8\u0cbe\u0cb5\u0cc1 \u0ca4\u0cbf\u0cb3\u0cbf\u0ca6\u0cc1 \u0c95\u0cca\u0cb3\u0ccd\u0cb3\u0cc1\u0ca4\u0ccd\u0ca4\u0cc7\u0cb5\u0cc6."},{"Verseid":"61003006","Verse":"\u0caa\u0ccd\u0cb0\u0cbf\u0caf\u0cb0\u0cc7, \u0ca8\u0cbe\u0cb5\u0cc1 \u0c92\u0cac\u0ccd\u0cac\u0cb0\u0ca8\u0ccd\u0ca8\u0cca\u0cac\u0ccd\u0cac\u0cb0\u0cc1 \u0caa\u0ccd\u0cb0\u0cc0\u0ca4\u0cbf\u0cb8\u0ccb\u0ca3. \u0caf\u0cbe\u0c95\u0c82\u0ca6\u0cb0\u0cc6 \u0caa\u0ccd\u0cb0\u0cc0\u0ca4\u0cbf\u0caf\u0cc1 \u0ca6\u0cc7\u0cb5\u0cb0\u0cbf\u0c82\u0ca6\u0cbe\u0c97\u0cbf\u0ca6\u0cc6. \u0caa\u0ccd\u0cb0\u0cc0\u0ca4\u0cbf \u0cae\u0cbe\u0ca1\u0cc1\u0cb5 \u0caa\u0ccd\u0cb0\u0ca4\u0cbf\u0caf\u0cca\u0cac\u0ccd\u0cac\u0ca8\u0cc1 \u0ca6\u0cc7\u0cb5\u0cb0\u0cbf\u0c82\u0ca6 \u0cb9\u0cc1\u0c9f\u0ccd\u0c9f\u0cbf\u0ca6\u0cb5\u0ca8\u0cc2 \u0ca6\u0cc7\u0cb5\u0cb0\u0ca8\u0ccd\u0ca8\u0cc1 \u0cac\u0cb2\u0ccd\u0cb2\u0cb5\u0ca8\u0cc2 \u0c86\u0c97\u0cbf\u0ca6\u0ccd\u0ca6\u0cbe\u0ca8\u0cc6."},{"Verseid":"61003007","Verse":"\u0caa\u0ccd\u0cb0\u0cc0\u0ca4\u0cbf\u0caf\u0cbf\u0cb2\u0ccd\u0cb2\u0ca6 \u0cb5\u0ca8\u0cc1 \u0ca6\u0cc7\u0cb5\u0cb0\u0ca8\u0ccd\u0ca8\u0cc1 \u0cac\u0cb2\u0ccd\u0cb2\u0cb5\u0ca8\u0cb2\u0ccd\u0cb2; \u0caf\u0cbe\u0c95\u0c82\u0ca6\u0cb0\u0cc6 \u0ca6\u0cc7\u0cb5\u0cb0\u0cc1 \u0caa\u0ccd\u0cb0\u0cc0\u0ca4\u0cbf\u0caf\u0cbe\u0c97\u0cbf\u0ca6\u0ccd\u0ca6\u0cbe\u0ca8\u0cc6."},{"Verseid":"61003008","Verse":"\u0ca8\u0cbe\u0cb5\u0cc1 \u0c86\u0ca4\u0ca8 \u0cae\u0cc2\u0cb2\u0c95 \u0c9c\u0cc0\u0cb5\u0cbf\u0cb8\u0cc1 \u0cb5\u0ca6\u0c95\u0ccd\u0c95\u0cbe\u0c97\u0cbf \u0ca6\u0cc7\u0cb5\u0cb0\u0cc1 \u0ca4\u0ca8\u0ccd\u0ca8 \u0c92\u0cac\u0ccd\u0cac\u0ca8\u0cc7 \u0cae\u0c97\u0ca8\u0ca8\u0ccd\u0ca8\u0cc1 \u0cb2\u0ccb\u0c95\u0c95\u0ccd\u0c95\u0cc6 \u0c95\u0cb3\u0cc1\u0cb9\u0cbf\u0cb8\u0cbf\u0c95\u0cca\u0c9f\u0ccd\u0c9f\u0ca6\u0ccd\u0ca6\u0cb0\u0cb2\u0ccd\u0cb2\u0cbf\u0caf\u0cc7 \u0ca6\u0cc7\u0cb5\u0cb0 \u0caa\u0ccd\u0cb0\u0cc0\u0ca4\u0cbf\u0caf\u0cc1 \u0ca8\u0cae\u0ccd\u0cae \u0c95\u0ca1\u0cc6\u0c97\u0cc6 \u0caa\u0ccd\u0cb0\u0ca4\u0ccd\u0caf\u0c95\u0ccd\u0cb7\u0cb5\u0cbe\u0c97\u0cbf\u0ca6\u0cc6."},{"Verseid":"61003009","Verse":"\u0ca8\u0cbe\u0cb5\u0cc1 \u0ca6\u0cc7\u0cb5\u0cb0\u0ca8\u0ccd\u0ca8\u0cc1 \u0caa\u0ccd\u0cb0\u0cc0\u0ca4\u0cbf\u0cb8\u0cbf \u0ca6\u0ccd\u0ca6\u0cb0\u0cb2\u0ccd\u0cb2\u0cbf\u0caf\u0cb2\u0ccd\u0cb2, \u0c86\u0ca4\u0ca8\u0cc1 \u0ca8\u0cae\u0ccd\u0cae\u0ca8\u0ccd\u0ca8\u0cc1 \u0caa\u0ccd\u0cb0\u0cc0\u0ca4\u0cbf\u0cb8\u0cbf \u0ca8\u0cae\u0ccd\u0cae \u0caa\u0cbe\u0caa\u0c97\u0cb3\u0cbf\u0c97\u0cc6 \u0caa\u0ccd\u0cb0\u0cbe\u0caf\u0cb6\u0ccd\u0c9a\u0cbf\u0ca4\u0ccd\u0ca4\u0cb5\u0cbe\u0c97\u0cbf \u0ca4\u0ca8\u0ccd\u0ca8 \u0cae\u0c97\u0ca8\u0ca8\u0ccd\u0ca8\u0cc1 \u0c95\u0cb3\u0cc1\u0cb9\u0cbf\u0cb8\u0cbf \u0c95\u0cca\u0c9f\u0ccd\u0c9f\u0ca6\u0ccd\u0ca6\u0cb0\u0cb2\u0ccd\u0cb2\u0cbf\u0caf\u0cc7 \u0c86\u0ca4\u0ca8 \u0caa\u0ccd\u0cb0\u0cc0\u0ca4\u0cbf\u0caf\u0cc1 \u0c87\u0cb0\u0cc1\u0ca4\u0ccd\u0ca4\u0ca6\u0cc6."},{"Verseid":"61003010","Verse":"\u0caa\u0ccd\u0cb0\u0cbf\u0caf\u0cb0\u0cc7, \u0ca6\u0cc7\u0cb5\u0cb0\u0cc1 \u0ca8\u0cae\u0ccd\u0cae\u0ca8\u0ccd\u0ca8\u0cc1 \u0cb9\u0cc0\u0c97\u0cc6 \u0caa\u0ccd\u0cb0\u0cc0\u0ca4\u0cbf\u0cb8\u0cbf\u0ca6 \u0cae\u0cc7\u0cb2\u0cc6 \u0ca8\u0cbe\u0cb5\u0cc1 \u0cb8\u0cb9 \u0c92\u0cac\u0ccd\u0cac\u0cb0\u0ca8\u0ccd\u0ca8\u0cca\u0cac\u0ccd\u0cac\u0cb0\u0cc1 \u0caa\u0ccd\u0cb0\u0cc0\u0ca4\u0cbf\u0cb8\u0cc1\u0cb5 \u0cb9\u0c82\u0c97\u0cbf\u0ca8\u0cb2\u0ccd\u0cb2\u0cbf\u0ca6\u0ccd\u0ca6\u0cc7\u0cb5\u0cc6."},{"Verseid":"61003011","Verse":"\u0ca6\u0cc7\u0cb5\u0cb0\u0ca8\u0ccd\u0ca8\u0cc1 \u0caf\u0cbe\u0cb0\u0cc2 \u0c8e\u0c82\u0ca6\u0cc2 \u0ca8\u0ccb\u0ca1\u0cbf\u0cb2\u0ccd\u0cb2; \u0ca8\u0cbe\u0cb5\u0cc1 \u0c92\u0cac\u0ccd\u0cac\u0cb0\u0ca8\u0ccd\u0ca8\u0cca\u0cac\u0ccd\u0cac\u0cb0\u0cc1 \u0caa\u0ccd\u0cb0\u0cc0\u0ca4\u0cbf\u0cb8\u0cbf\u0ca6\u0cb0\u0cc6 \u0ca6\u0cc7\u0cb5\u0cb0\u0cc1 \u0ca8\u0cae\u0ccd\u0cae\u0cb2\u0ccd\u0cb2\u0cbf \u0ca8\u0cc6\u0cb2\u0cc6\u0c97\u0cca\u0c82\u0ca1\u0cbf\u0ca6\u0ccd\u0ca6\u0cbe\u0ca8\u0cc6 \u0cae\u0ca4\u0ccd\u0ca4\u0cc1 \u0c86\u0ca4\u0ca8 \u0caa\u0ccd\u0cb0\u0cc0\u0ca4\u0cbf\u0caf\u0cc1 \u0ca8\u0cae\u0ccd\u0cae\u0cb2\u0ccd\u0cb2\u0cbf \u0cb8\u0cbf\u0ca6\u0ccd\u0ca7\u0cbf\u0c97\u0cc6 \u0cac\u0cb0\u0cc1\u0ca4\u0ccd\u0ca4\u0ca6\u0cc6."},{"Verseid":"61003012","Verse":"\u0c86\u0ca4\u0ca8\u0cc1 \u0ca8\u0cae\u0c97\u0cc6 \u0ca4\u0ca8\u0ccd\u0ca8 \u0c86\u0ca4\u0ccd\u0cae\u0ca6\u0cb2\u0ccd\u0cb2\u0cbf \u0caa\u0cbe\u0cb2\u0ca8\u0ccd\u0ca8\u0cc1 \u0c85\u0ca8\u0cc1\u0c97\u0ccd\u0cb0\u0cb9\u0cbf\u0cb8\u0ca6\u0ccd\u0ca6\u0cb0\u0cbf\u0c82\u0ca6\u0cb2\u0cc7 \u0ca8\u0cbe\u0cb5\u0cc1 \u0c86\u0ca4\u0ca8\u0cb2\u0ccd\u0cb2\u0cbf \u0ca8\u0cc6\u0cb2\u0cc6\u0c97\u0cca\u0c82\u0ca1\u0cbf\u0ca6\u0ccd\u0ca6\u0cc7\u0cb5\u0cc6\u0c82\u0ca4\u0cb2\u0cc2 \u0c86\u0ca4\u0ca8\u0cc1 \u0ca8\u0cae\u0ccd\u0cae\u0cb2\u0ccd\u0cb2\u0cbf \u0ca8\u0cc6\u0cb2\u0cc6\u0c97\u0cca\u0c82\u0ca1\u0cbf\u0ca6\u0ccd\u0ca6\u0cbe\u0ca8\u0cc6\u0c82\u0ca4\u0cb2\u0cc2 \u0ca4\u0cbf\u0cb3\u0cbf\u0ca6\u0cc1\u0c95\u0cca\u0cb3\u0ccd\u0cb3\u0cc1 \u0ca4\u0ccd\u0ca4\u0cc7\u0cb5\u0cc6."},{"Verseid":"61003013","Verse":"\u0ca4\u0c82\u0ca6\u0cc6\u0caf\u0cc1 \u0cae\u0c97\u0ca8\u0ca8\u0ccd\u0ca8\u0cc1 \u0cb2\u0ccb\u0c95\u0cb0\u0c95\u0ccd\u0cb7\u0c95\u0ca8\u0ca8\u0ccd\u0ca8\u0cbe\u0c97\u0cbf \u0c95\u0cb3\u0cc1\u0cb9\u0cbf\u0cb8\u0cbf\u0c95\u0cca\u0c9f\u0ccd\u0c9f\u0cbf\u0cb0\u0cc1\u0cb5\u0ca6\u0ca8\u0ccd\u0ca8\u0cc1 \u0ca8\u0cbe\u0cb5\u0cc1 \u0ca8\u0ccb\u0ca1\u0cbf\u0ca6\u0ccd\u0ca6\u0cc7\u0cb5\u0cc6 \u0cae\u0ca4\u0ccd\u0ca4\u0cc1 \u0cb8\u0cbe\u0c95\u0ccd\u0cb7\u0cbf \u0cb9\u0cc7\u0cb3\u0cc1\u0ca4\u0ccd\u0ca4\u0cc7\u0cb5\u0cc6."},{"Verseid":"61003014","Verse":"\u0caf\u0cc7\u0cb8\u0cc1 \u0ca6\u0cc7\u0cb5\u0cb0 \u0cae\u0c97\u0ca8\u0cbe\u0c97\u0cbf \u0ca6\u0ccd\u0ca6\u0cbe\u0ca8\u0cc6\u0c82\u0ca6\u0cc1 \u0caf\u0cbe\u0cb5\u0ca8\u0cc1 \u0c92\u0caa\u0ccd\u0caa\u0cbf\u0c95\u0cca\u0cb3\u0ccd\u0cb3\u0cc1\u0ca4\u0ccd\u0ca4\u0cbe\u0ca8\u0ccb \u0c85\u0cb5\u0ca8\u0cb2\u0ccd\u0cb2\u0cbf \u0ca6\u0cc7\u0cb5\u0cb0\u0cc1 \u0ca8\u0cc6\u0cb2\u0cc6\u0c97\u0cca\u0c82\u0ca1\u0cbf\u0ca6\u0ccd\u0ca6\u0cbe\u0ca8\u0cc6, \u0c85\u0cb5\u0ca8\u0cc1 \u0ca6\u0cc7\u0cb5\u0cb0\u0cb2\u0ccd\u0cb2\u0cbf \u0ca8\u0cc6\u0cb2\u0cc6\u0c97\u0cca\u0c82\u0ca1\u0cbf\u0ca6\u0ccd\u0ca6\u0cbe\u0ca8\u0cc6."},{"Verseid":"61003015","Verse":"\u0ca8\u0cae\u0ccd\u0cae \u0c95\u0ca1\u0cc6\u0c97\u0cbf\u0cb0\u0cc1\u0cb5 \u0ca6\u0cc7\u0cb5\u0cb0 \u0caa\u0ccd\u0cb0\u0cc0\u0ca4\u0cbf\u0caf\u0ca8\u0ccd\u0ca8\u0cc1 \u0ca8\u0cbe\u0cb5\u0cc1 \u0ca4\u0cbf\u0cb3\u0cbf\u0ca6\u0cc1\u0c95\u0cca\u0c82\u0ca1\u0cbf\u0ca6\u0ccd\u0ca6\u0cc7\u0cb5\u0cc6, \u0c85\u0ca6\u0ca8\u0ccd\u0ca8\u0cc1 \u0ca8\u0c82\u0cac\u0cbf\u0ca6\u0ccd\u0ca6\u0cc7\u0cb5\u0cc6. \u0ca6\u0cc7\u0cb5\u0cb0\u0cc1 \u0caa\u0ccd\u0cb0\u0cc0\u0ca4\u0cbf\u0caf\u0cbe\u0c97\u0cbf\u0ca6\u0ccd\u0ca6\u0cbe\u0ca8\u0cc6; \u0caa\u0ccd\u0cb0\u0cc0\u0ca4\u0cbf\u0caf\u0cb2\u0ccd\u0cb2\u0cbf \u0ca8\u0cc6\u0cb2\u0cc6 \u0c97\u0cca\u0c82\u0ca1\u0cbf\u0cb0\u0cc1\u0cb5\u0cb5\u0ca8\u0cc1 \u0ca6\u0cc7\u0cb5\u0cb0\u0cb2\u0ccd\u0cb2\u0cbf \u0ca8\u0cc6\u0cb2\u0cc6\u0c97\u0cca\u0c82\u0ca1\u0cbf\u0ca6\u0ccd\u0ca6\u0cbe\u0ca8\u0cc6, \u0cae\u0ca4\u0ccd\u0ca4\u0cc1 \u0ca6\u0cc7\u0cb5\u0cb0\u0cc1 \u0c85\u0cb5\u0ca8\u0cb2\u0ccd\u0cb2\u0cbf \u0ca8\u0cc6\u0cb2\u0cc6\u0c97\u0cca\u0c82\u0ca1\u0cbf\u0ca6\u0ccd\u0ca6\u0cbe\u0ca8\u0cc6."},{"Verseid":"61003016","Verse":"\u0ca8\u0ccd\u0caf\u0cbe\u0caf\u0ca4\u0cc0\u0cb0\u0ccd\u0caa\u0cbf\u0ca8 \u0ca6\u0cbf\u0ca8\u0ca6\u0cb2\u0ccd\u0cb2\u0cbf \u0ca8\u0cae\u0c97\u0cc6 \u0ca7\u0cc8\u0cb0\u0ccd\u0caf \u0cb5\u0cbf\u0cb0\u0cc1\u0cb5\u0c82\u0ca4\u0cc6 \u0ca8\u0cae\u0ccd\u0cae \u0caa\u0ccd\u0cb0\u0cc0\u0ca4\u0cbf\u0caf\u0cc1 \u0cb8\u0cbf\u0ca6\u0ccd\u0ca7\u0cbf\u0c97\u0cc6 \u0cac\u0c82\u0ca4\u0cc1. \u0caf\u0cbe\u0c95\u0c82\u0ca6\u0cb0\u0cc6 \u0c86\u0ca4\u0ca8\u0cc1 \u0c8e\u0c82\u0ca5\u0cb5\u0ca8\u0cbe\u0c97\u0cbf\u0ca6\u0ccd\u0ca6\u0cbe\u0ca8\u0ccb \u0ca8\u0cbe\u0cb5\u0cc1 \u0c85\u0c82\u0ca5\u0cb5 \u0cb0\u0cbe\u0c97\u0cbf\u0caf\u0cc7 \u0c88 \u0cb2\u0ccb\u0c95\u0ca6\u0cb2\u0ccd\u0cb2\u0cbf\u0ca6\u0ccd\u0ca6\u0cc7\u0cb5\u0cc6."},{"Verseid":"61003017","Verse":"\u0caa\u0ccd\u0cb0\u0cc0\u0ca4\u0cbf\u0caf\u0cb2\u0ccd\u0cb2\u0cbf \u0cb9\u0cc6\u0ca6\u0cb0\u0cbf\u0c95\u0cc6\u0caf\u0cbf\u0cb2\u0ccd\u0cb2; \u0c86\u0ca6\u0cb0\u0cc6 \u0caa\u0cc2\u0cb0\u0ccd\u0ca3 \u0caa\u0ccd\u0cb0\u0cc0\u0ca4\u0cbf\u0caf\u0cc1 \u0cb9\u0cc6\u0ca6\u0cb0\u0cbf\u0c95\u0cc6 \u0caf\u0ca8\u0ccd\u0ca8\u0cc1 \u0cb9\u0cca\u0cb0\u0ca1\u0cbf\u0cb8\u0cbf\u0cac\u0cbf\u0ca1\u0cc1\u0ca4\u0ccd\u0ca4\u0ca6\u0cc6. \u0caf\u0cbe\u0c95\u0c82\u0ca6\u0cb0\u0cc6 \u0cad\u0caf\u0cb5\u0cbf\u0cb0\u0cc1 \u0cb5\u0cb2\u0ccd\u0cb2\u0cbf \u0caf\u0cbe\u0ca4\u0ca8\u0cc6\u0caf\u0cbf\u0cb0\u0cc1\u0cb5\u0ca6\u0cc1. \u0cad\u0caf\u0caa\u0ca1\u0cc1\u0cb5\u0cb5\u0ca8\u0cc1 \u0caa\u0ccd\u0cb0\u0cc0\u0ca4\u0cbf \u0caf\u0cb2\u0ccd\u0cb2\u0cbf \u0cb8\u0cbf\u0ca6\u0ccd\u0ca7\u0cbf\u0c97\u0cc6 \u0cac\u0c82\u0ca6\u0cb5\u0ca8\u0cb2\u0ccd\u0cb2."},{"Verseid":"61003018","Verse":"\u0c86\u0ca4\u0ca8\u0cc1 \u0cae\u0cca\u0ca6\u0cb2\u0cc1 \u0ca8\u0cae\u0ccd\u0cae\u0ca8\u0ccd\u0ca8\u0cc1 \u0caa\u0ccd\u0cb0\u0cc0\u0ca4\u0cbf\u0cb8\u0cbf\u0ca6\u0ccd\u0ca6\u0cb0\u0cbf\u0c82\u0ca6\u0cb2\u0cc7 \u0ca8\u0cbe\u0cb5\u0cc1 \u0c86\u0ca4\u0ca8\u0ca8\u0ccd\u0ca8\u0cc1 \u0caa\u0ccd\u0cb0\u0cc0\u0ca4\u0cbf\u0cb8\u0cc1\u0ca4\u0ccd\u0ca4\u0cc7\u0cb5\u0cc6."},{"Verseid":"61003019","Verse":"\u0c92\u0cac\u0ccd\u0cac\u0ca8\u0cc1--\u0ca8\u0cbe\u0ca8\u0cc1 \u0ca6\u0cc7\u0cb5\u0cb0\u0ca8\u0ccd\u0ca8\u0cc1 \u0caa\u0ccd\u0cb0\u0cc0\u0ca4\u0cbf\u0cb8\u0cc1\u0ca4\u0ccd\u0ca4\u0cc7\u0ca8\u0cc6 \u0c8e\u0c82\u0ca6\u0cc1 \u0cb9\u0cc7\u0cb3\u0cbf \u0ca4\u0ca8\u0ccd\u0ca8 \u0cb8\u0cb9\u0ccb\u0ca6\u0cb0\u0ca8\u0ca8\u0ccd\u0ca8\u0cc1 \u0cb9\u0c97\u0cc6 \u0cae\u0cbe\u0ca1\u0cbf\u0ca6\u0cb0\u0cc6 \u0c85\u0cb5\u0ca8\u0cc1 \u0cb8\u0cc1\u0cb3\u0ccd\u0cb3\u0cc1\u0c97\u0cbe\u0cb0\u0ca8\u0cbe\u0c97\u0cbf\u0ca6\u0ccd\u0ca6\u0cbe\u0ca8\u0cc6. \u0caf\u0cbe\u0c95\u0c82\u0ca6\u0cb0\u0cc6 \u0ca4\u0cbe\u0ca8\u0cc1 \u0c95\u0cbe\u0ca3\u0cc1\u0cb5 \u0cb8\u0cb9\u0ccb\u0ca6\u0cb0\u0ca8\u0ca8\u0ccd\u0ca8\u0cc1 \u0caa\u0ccd\u0cb0\u0cc0\u0ca4\u0cbf\u0cb8\u0ca6\u0cb5\u0ca8\u0cc1 \u0c95\u0cbe\u0ca3\u0ca6\u0cbf\u0cb0\u0cc1\u0cb5 \u0ca6\u0cc7\u0cb5\u0cb0\u0ca8\u0ccd\u0ca8\u0cc1 \u0c85\u0cb5\u0ca8\u0cc1 \u0cb9\u0cc7\u0c97\u0cc6 \u0caa\u0ccd\u0cb0\u0cc0\u0ca4\u0cbf\u0cb8\u0cbe\u0ca8\u0cc1?"},{"Verseid":"61003020","Verse":"\u0ca6\u0cc7\u0cb5\u0cb0\u0ca8\u0ccd\u0ca8\u0cc1 \u0caa\u0ccd\u0cb0\u0cc0\u0ca4\u0cbf\u0cb8\u0cc1\u0cb5\u0cb5\u0ca8\u0cc1 \u0ca4\u0ca8\u0ccd\u0ca8 \u0cb8\u0cb9\u0ccb\u0ca6\u0cb0\u0ca8\u0ca8\u0ccd\u0ca8\u0cc2 \u0caa\u0ccd\u0cb0\u0cc0\u0ca4\u0cbf\u0cb8\u0cac\u0cc7\u0c95\u0cc6\u0c82\u0cac \u0c88 \u0c86\u0c9c\u0ccd\u0c9e\u0cc6 \u0caf\u0ca8\u0ccd\u0ca8\u0cc1 \u0ca8\u0cbe\u0cb5\u0cc1 \u0c86\u0ca4\u0ca8\u0cbf\u0c82\u0ca6 \u0cb9\u0cca\u0c82\u0ca6\u0cbf\u0ca6\u0ccd\u0ca6\u0cc7\u0cb5\u0cc6."}]},{"Verse":[{"Verseid":"61004000","Verse":"\u0caf\u0cc7\u0cb8\u0cc1\u0cb5\u0cc1 \u0c95\u0ccd\u0cb0\u0cbf\u0cb8\u0ccd\u0ca4\u0ca8\u0cbe\u0c97\u0cbf\u0ca6\u0ccd\u0ca6\u0cbe\u0ca8\u0cc6\u0c82\u0ca6\u0cc1 \u0ca8\u0c82\u0cac\u0cc1\u0cb5 \u0caf\u0cbe\u0cb5\u0ca8\u0cbe\u0ca6\u0cb0\u0cc2 \u0ca6\u0cc7\u0cb5\u0cb0\u0cbf\u0c82\u0ca6 \u0cb9\u0cc1\u0c9f\u0ccd\u0c9f\u0cbf\u0ca6\u0cb5\u0ca8\u0cbe\u0c97\u0cbf\u0ca6\u0ccd\u0ca6\u0cbe\u0ca8\u0cc6; \u0ca4\u0ca8\u0ccd\u0ca8\u0ca8\u0ccd\u0ca8\u0cc1 \u0cb9\u0cc1\u0c9f\u0ccd\u0c9f\u0cbf\u0cb8\u0cbf\u0ca6\u0cbe\u0ca4\u0ca8\u0ca8\u0ccd\u0ca8\u0cc1 \u0caa\u0ccd\u0cb0\u0cc0\u0ca4\u0cbf \u0cb8\u0cc1\u0cb5 \u0caa\u0ccd\u0cb0\u0ca4\u0cbf\u0caf\u0cca\u0cac\u0ccd\u0cac\u0ca8\u0cc1 \u0c86\u0ca4\u0ca8\u0cbf\u0c82\u0ca6 \u0cb9\u0cc1\u0c9f\u0ccd\u0c9f\u0cbf\u0ca6\u0cb5\u0ca8\u0ca8\u0ccd\u0ca8\u0cc1 \u0cb8\u0cb9 \u0caa\u0ccd\u0cb0\u0cc0\u0ca4\u0cbf\u0cb8\u0cc1\u0ca4\u0ccd\u0ca4\u0cbe\u0ca8\u0cc6."},{"Verseid":"61004001","Verse":"\u0ca8\u0cbe\u0cb5\u0cc1 \u0ca6\u0cc7\u0cb5\u0cb0\u0ca8\u0ccd\u0ca8\u0cc1 \u0caa\u0ccd\u0cb0\u0cc0\u0ca4\u0cbf\u0cb8\u0cbf \u0c86\u0ca4\u0ca8 \u0c86\u0c9c\u0ccd\u0c9e\u0cc6\u0c97\u0cb3\u0ca8\u0ccd\u0ca8\u0cc1 \u0c85\u0ca8\u0cc1\u0cb8\u0cb0\u0cbf\u0cb8\u0cc1\u0cb5\u0ca6\u0cb0\u0cbf\u0c82\u0ca6\u0cb2\u0cc7 \u0ca6\u0cc7\u0cb5\u0cb0 \u0cae\u0c95\u0ccd\u0c95\u0cb3\u0ca8\u0ccd\u0ca8\u0cc1 \u0caa\u0ccd\u0cb0\u0cc0\u0ca4\u0cbf\u0cb8\u0cc1\u0ca4\u0ccd\u0ca4\u0cc7\u0cb5\u0cc6\u0c82\u0cac\u0ca6\u0ca8\u0ccd\u0ca8\u0cc1 \u0ca4\u0cbf\u0cb3\u0cbf\u0ca6\u0cc1\u0c95\u0cca\u0cb3\u0ccd\u0cb3\u0cc1\u0ca4\u0ccd\u0ca4\u0cc7\u0cb5\u0cc6."},{"Verseid":"61004002","Verse":"\u0ca6\u0cc7\u0cb5\u0cb0 \u0caa\u0ccd\u0cb0\u0cc0\u0ca4\u0cbf \u0c8f\u0ca8\u0c82\u0ca6\u0cb0\u0cc6 \u0c86\u0ca4\u0ca8 \u0c86\u0c9c\u0ccd\u0c9e\u0cc6\u0c97\u0cb3\u0ca8\u0ccd\u0ca8\u0cc1 \u0c95\u0cc8\u0c95\u0cca\u0c82\u0ca1\u0cc1 \u0ca8\u0ca1\u0cc6\u0caf\u0cc1\u0cb5\u0ca6\u0cc7, \u0c86\u0ca4\u0ca8 \u0c86\u0c9c\u0ccd\u0c9e\u0cc6\u0c97\u0cb3\u0cc1 \u0c95\u0ca0\u0cbf\u0ca3 \u0cb5\u0cbe\u0ca6\u0cb5\u0cc1\u0c97\u0cb3\u0cb2\u0ccd\u0cb2."},{"Verseid":"61004003","Verse":"\u0caf\u0cbe\u0c95\u0c82\u0ca6\u0cb0\u0cc6 \u0ca6\u0cc7\u0cb5\u0cb0\u0cbf\u0c82\u0ca6 \u0cb9\u0cc1\u0c9f\u0ccd\u0c9f\u0cbf\u0cb0\u0cc1 \u0cb5\u0c82\u0ca5\u0ca6\u0cc6\u0cb2\u0ccd\u0cb2\u0cb5\u0cc1 \u0cb2\u0ccb\u0c95\u0cb5\u0ca8\u0ccd\u0ca8\u0cc1 \u0c9c\u0caf\u0cbf\u0cb8\u0cc1\u0ca4\u0ccd\u0ca4\u0ca6\u0cc6. \u0cb2\u0ccb\u0c95\u0cb5\u0ca8\u0ccd\u0ca8\u0cc1 \u0c9c\u0caf\u0cbf\u0cb8\u0cbf\u0ca6\u0c82\u0ca5 \u0c86 \u0c9c\u0caf\u0cb5\u0cc1 \u0ca8\u0cae\u0ccd\u0cae \u0ca8\u0c82\u0cac\u0cbf\u0c95\u0cc6\u0caf\u0cc7."},{"Verseid":"61004004","Verse":"\u0caf\u0cc7\u0cb8\u0cc1\u0cb5\u0cc1 \u0ca6\u0cc7\u0cb5\u0cb0 \u0cae\u0c97\u0ca8\u0cc6\u0c82\u0ca6\u0cc1 \u0ca8\u0c82\u0cac\u0cbf\u0ca6\u0cb5\u0ca8\u0cc7 \u0c85\u0cb2\u0ccd\u0cb2\u0ca6\u0cc6 \u0cb2\u0ccb\u0c95\u0cb5\u0ca8\u0ccd\u0ca8\u0cc1 \u0c9c\u0caf\u0cbf\u0cb8\u0cc1\u0cb5\u0cb5\u0ca8\u0cc1 \u0caf\u0cbe\u0cb0\u0cc1?"},{"Verseid":"61004005","Verse":"\u0c88\u0ca4\u0ca8\u0cc7 \u0c85\u0c82\u0ca6\u0cb0\u0cc6 \u0caf\u0cc7\u0cb8\u0cc1 \u0c95\u0ccd\u0cb0\u0cbf\u0cb8\u0ccd\u0ca4\u0ca8\u0cc7 \u0ca8\u0cc0\u0cb0\u0cbf\u0ca8\u0cbf\u0c82\u0ca6\u0cb2\u0cc2 \u0cb0\u0c95\u0ccd\u0ca4\u0ca6\u0cbf\u0c82\u0ca6\u0cb2\u0cc2 \u0cac\u0c82\u0ca6\u0cbe\u0ca4\u0ca8\u0cc1; \u0ca8\u0cc0\u0cb0\u0cbf\u0ca8\u0cbf\u0c82\u0ca6 \u0cae\u0cbe\u0ca4\u0ccd\u0cb0\u0cb5\u0cb2\u0ccd\u0cb2\u0ca6\u0cc6 \u0ca8\u0cc0\u0cb0\u0cbf\u0ca8\u0cbf\u0c82\u0ca6\u0cb2\u0cc2 \u0cb0\u0c95\u0ccd\u0ca4\u0ca6\u0cbf\u0c82\u0ca6\u0cb2\u0cc2 \u0cac\u0c82\u0ca6\u0ca8\u0cc1; \u0c87\u0ca6\u0c95\u0ccd\u0c95\u0cc6 \u0cb8\u0cbe\u0c95\u0ccd\u0cb7\u0cbf\u0c95\u0cca\u0ca1\u0cc1\u0cb5\u0cbe\u0ca4\u0ca8\u0cc1 \u0c86\u0ca4\u0ccd\u0cae\u0ca8\u0cc7; \u0caf\u0cbe\u0c95\u0c82\u0ca6\u0cb0\u0cc6 \u0c86\u0ca4\u0ccd\u0cae\u0ca8\u0cc1 \u0cb8\u0ca4\u0ccd\u0caf\u0cb5\u0cbe\u0c97\u0cbf\u0ca6\u0ccd\u0ca6\u0cbe\u0ca8\u0cc6."},{"Verseid":"61004006","Verse":"\u0caa\u0cb0\u0cb2\u0ccb\u0c95\u0ca6\u0cb2\u0ccd\u0cb2\u0cbf \u0cb8\u0cbe\u0c95\u0ccd\u0cb7\u0cbf\u0c95\u0cca\u0ca1\u0cc1\u0cb5\u0cb5\u0cb0\u0cc1 \u0cae\u0cc2\u0cb5\u0cb0\u0cbf\u0ca6\u0ccd\u0ca6\u0cbe\u0cb0\u0cc6; \u0c85\u0cb5\u0cb0\u0cc1 \u0caf\u0cbe\u0cb0\u0c82\u0ca6\u0cb0\u0cc6 \u0ca4\u0c82\u0ca6\u0cc6\u0caf\u0cc1, \u0cb5\u0cbe\u0c95\u0ccd\u0caf\u0cb5\u0cc1 \u0cae\u0ca4\u0ccd\u0ca4\u0cc1 \u0caa\u0cb0\u0cbf\u0cb6\u0cc1\u0ca6\u0ccd\u0ca7\u0cbe\u0ca4\u0ccd\u0cae\u0ca8\u0cc1; \u0cae\u0cc2\u0cb5\u0cb0\u0cbe\u0c97\u0cbf\u0cb0\u0cc1\u0cb5 \u0c87\u0cb5\u0cb0\u0cc1 \u0c92\u0c82\u0ca6\u0cbe\u0c97\u0cbf\u0ca6\u0ccd\u0ca6\u0cbe\u0cb0\u0cc6."},{"Verseid":"61004007","Verse":"\u0c86\u0ca4\u0ccd\u0cae \u0ca8\u0cc0\u0cb0\u0cc1 \u0cb0\u0c95\u0ccd\u0ca4 \u0c88 \u0cae\u0cc2\u0cb5\u0cb0\u0cc1 \u0cad\u0cc2\u0cae\u0cbf\u0caf \u0cae\u0cc7\u0cb2\u0cc6 \u0cb8\u0cbe\u0c95\u0ccd\u0cb7\u0cbf \u0cb9\u0cc7\u0cb3\u0cc1\u0ca4\u0ccd\u0ca4\u0cbe\u0cb0\u0cc6; \u0c88 \u0cae\u0cc2\u0cb5\u0cb0\u0cc1 \u0c92\u0c82\u0ca6\u0cc7\u0caf\u0cbe\u0c97\u0cbf \u0c92\u0caa\u0ccd\u0caa\u0cbf\u0c95\u0cca\u0cb3\u0ccd\u0cb3\u0cc1\u0ca4\u0ccd\u0ca4\u0cbe\u0cb0\u0cc6."},{"Verseid":"61004008","Verse":"\u0ca8\u0cbe\u0cb5\u0cc1 \u0cae\u0ca8\u0cc1\u0cb7\u0ccd\u0caf\u0cb0 \u0cb8\u0cbe\u0c95\u0ccd\u0cb7\u0cbf\u0caf\u0ca8\u0ccd\u0ca8\u0cc1 \u0ca4\u0cc6\u0c97\u0cc6\u0ca6\u0cc1\u0c95\u0cca\u0cb3\u0ccd\u0cb3\u0cc1\u0cb5\u0ca6\u0cbe\u0ca6\u0cb0\u0cc6 \u0ca6\u0cc7\u0cb5\u0cb0 \u0cb8\u0cbe\u0c95\u0ccd\u0cb7\u0cbf\u0caf\u0cc1 \u0c85\u0ca6\u0c95\u0ccd\u0c95\u0cbf\u0c82\u0ca4 \u0ca6\u0cca\u0ca1\u0ccd\u0ca1\u0ca6\u0cbe\u0c97\u0cbf\u0ca6\u0cc6\u0caf\u0cb2\u0ccd\u0cb2\u0cbe. \u0caf\u0cbe\u0c95\u0c82\u0ca6\u0cb0\u0cc6 \u0ca4\u0ca8\u0ccd\u0ca8 \u0cae\u0c97\u0ca8 \u0cb5\u0cbf\u0cb7\u0caf\u0ca6\u0cb2\u0ccd\u0cb2\u0cbf \u0ca6\u0cc7\u0cb5\u0cb0\u0cc1 \u0c95\u0cca\u0c9f\u0ccd\u0c9f \u0cb8\u0cbe\u0c95\u0ccd\u0cb7\u0cbf\u0caf\u0cc1 \u0c87\u0ca6\u0cc7 \u0c86\u0c97\u0cbf\u0ca6\u0cc6."},{"Verseid":"61004009","Verse":"\u0ca6\u0cc7\u0cb5\u0cb0 \u0cae\u0c97\u0ca8\u0cb2\u0ccd\u0cb2\u0cbf \u0ca8\u0c82\u0cac\u0cbf\u0c95\u0cc6 \u0c87\u0c9f\u0ccd\u0c9f\u0cb5\u0ca8\u0cc1 \u0c86 \u0cb8\u0cbe\u0c95\u0ccd\u0cb7\u0cbf\u0caf\u0ca8\u0ccd\u0ca8\u0cc1 \u0ca4\u0ca8\u0ccd\u0ca8\u0cb2\u0ccd\u0cb2\u0cc7 \u0cb9\u0cca\u0c82\u0ca6\u0cbf\u0ca6\u0ccd\u0ca6\u0cbe\u0ca8\u0cc6. \u0ca6\u0cc7\u0cb5\u0cb0\u0ca8\u0ccd\u0ca8\u0cc1 \u0ca8\u0c82\u0cac\u0ca6\u0cb5\u0ca8\u0cc1 \u0c86\u0ca4\u0ca8\u0ca8\u0ccd\u0ca8\u0cc1 \u0cb8\u0cc1\u0cb3\u0ccd\u0cb3\u0cc1\u0c97\u0cbe\u0cb0\u0ca8\u0ca8\u0ccd\u0ca8\u0cbe\u0c97\u0cbf \u0cae\u0cbe\u0ca1\u0cbf\u0ca6\u0ccd\u0ca6\u0cbe\u0ca8\u0cc6; \u0cb9\u0cc7\u0c97\u0cc6\u0c82\u0ca6\u0cb0\u0cc6 \u0ca6\u0cc7\u0cb5\u0cb0\u0cc1 \u0ca4\u0ca8\u0ccd\u0ca8 \u0cae\u0c97\u0ca8 \u0cb5\u0cbf\u0cb7\u0caf\u0cb5\u0cbe\u0c97\u0cbf \u0c95\u0cca\u0c9f\u0ccd\u0c9f \u0cb8\u0cbe\u0c95\u0ccd\u0cb7\u0cbf\u0caf\u0cb2\u0ccd\u0cb2\u0cbf \u0c85\u0cb5\u0ca8\u0cc1 \u0ca8\u0c82\u0cac\u0cbf\u0c95\u0cc6\u0caf\u0cbf\u0ca1\u0cb2\u0cbf\u0cb2\u0ccd\u0cb2."},{"Verseid":"61004010","Verse":"\u0c86 \u0cb8\u0cbe\u0c95\u0ccd\u0cb7\u0cbf \u0caf\u0cbe\u0cb5\u0ca6\u0c82\u0ca6\u0cb0\u0cc6 \u0ca6\u0cc7\u0cb5\u0cb0\u0cc1 \u0ca8\u0cae\u0c97\u0cc6 \u0ca8\u0cbf\u0ca4\u0ccd\u0caf\u0c9c\u0cc0\u0cb5\u0cb5\u0ca8\u0ccd\u0ca8\u0cc1 \u0c85\u0ca8\u0cc1\u0c97\u0ccd\u0cb0\u0cb9\u0cbf\u0cb8\u0cbf\u0ca6\u0ca8\u0cc1.\u0c88 \u0c9c\u0cc0\u0cb5\u0cb5\u0cc1 \u0c86\u0ca4\u0ca8 \u0cae\u0c97\u0ca8\u0cb2\u0ccd\u0cb2\u0cbf \u0c85\u0ca6\u0cc6 \u0c8e\u0c82\u0cac\u0ca6\u0cc7."},{"Verseid":"61004011","Verse":"\u0caf\u0cbe\u0cb5\u0ca8\u0cb2\u0ccd\u0cb2\u0cbf (\u0ca6\u0cc7\u0cb5\u0cb0) \u0cae\u0c97\u0ca8\u0cc1 \u0c87\u0ca6\u0ccd\u0ca6\u0cbe\u0ca8\u0ccb \u0c85\u0cb5\u0ca8\u0cbf\u0c97\u0cc6 \u0c9c\u0cc0\u0cb5 \u0c89\u0c82\u0c9f\u0cc1; \u0caf\u0cbe\u0cb5\u0ca8\u0cb2\u0ccd\u0cb2\u0cbf \u0ca6\u0cc7\u0cb5\u0cb0 \u0cae\u0c97\u0ca8\u0cc1 \u0c87\u0cb0\u0cc1\u0cb5 \u0ca6\u0cbf\u0cb2\u0ccd\u0cb2\u0cb5\u0ccb \u0c85\u0cb5\u0ca8\u0cbf\u0c97\u0cc6 \u0c9c\u0cc0\u0cb5\u0cb5\u0cbf\u0cb2\u0ccd\u0cb2."},{"Verseid":"61004012","Verse":"\u0ca8\u0cbf\u0cae\u0c97\u0cc6 \u0ca8\u0cbf\u0ca4\u0ccd\u0caf\u0c9c\u0cc0\u0cb5\u0cb5\u0cc1 \u0c89\u0c82\u0c9f\u0cc6\u0c82\u0ca6\u0cc1 \u0ca8\u0cc0\u0cb5\u0cc1 \u0ca4\u0cbf\u0cb3\u0cbf\u0caf\u0cc1\u0cb5 \u0cb9\u0cbe\u0c97\u0cc6\u0caf\u0cc2 \u0ca8\u0cc0\u0cb5\u0cc1 \u0ca6\u0cc7\u0cb5\u0cb0 \u0cae\u0c97\u0ca8 \u0cb9\u0cc6\u0cb8\u0cb0\u0cbf\u0ca8\u0cb2\u0ccd\u0cb2\u0cbf \u0ca8\u0c82\u0cac\u0cbf\u0c95\u0cc6\u0caf\u0cbf\u0ca1\u0cc1\u0cb5 \u0cb9\u0cbe\u0c97\u0cc6\u0caf\u0cc2 \u0ca6\u0cc7\u0cb5\u0cb0 \u0cae\u0c97\u0ca8 \u0cb9\u0cc6\u0cb8\u0cb0\u0cbf\u0ca8\u0cb2\u0ccd\u0cb2\u0cbf \u0ca8\u0c82\u0cac\u0cbf\u0c95\u0cc6\u0caf\u0cbf\u0ca1\u0cc1\u0cb5 \u0ca8\u0cbf\u0cae\u0c97\u0cc6 \u0c87\u0cb5\u0cc1 \u0c97\u0cb3\u0ca8\u0ccd\u0ca8\u0cc1 \u0cac\u0cb0\u0cc6\u0ca6\u0cbf\u0ca6\u0ccd\u0ca6\u0cc7\u0ca8\u0cc6."},{"Verseid":"61004013","Verse":"\u0ca8\u0cbe\u0cb5\u0cc1 \u0c86\u0ca4\u0ca8 \u0c9a\u0cbf\u0ca4\u0ccd\u0ca4\u0cbe\u0ca8\u0cc1\u0cb8\u0cbe\u0cb0 \u0cb5\u0cbe\u0c97\u0cbf \u0c8f\u0ca8\u0cbe\u0ca6\u0cb0\u0cc2 \u0cac\u0cc7\u0ca1\u0cbf\u0c95\u0cca\u0c82\u0ca1\u0cb0\u0cc6 \u0c86\u0ca4\u0ca8\u0cc1 \u0c95\u0cc7\u0cb3\u0cc1 \u0ca4\u0ccd\u0ca4\u0cbe\u0ca8\u0cc6\u0c82\u0cac \u0cad\u0cb0\u0cb5\u0cb8\u0cb5\u0cc1 \u0c86\u0ca4\u0ca8\u0cb2\u0ccd\u0cb2\u0cbf \u0ca8\u0cae\u0c97\u0cc1\u0c82\u0c9f\u0cc1."},{"Verseid":"61004014","Verse":"\u0ca8\u0cbe\u0cb5\u0cc1 \u0c8f\u0ca8\u0cc1 \u0cac\u0cc7\u0ca1\u0cbf\u0c95\u0cca\u0c82\u0ca1\u0cb0\u0cc2 \u0c86\u0ca4\u0ca8\u0cc1 \u0ca8\u0cae\u0ccd\u0cae \u0cb5\u0cbf\u0c9c\u0ccd\u0c9e\u0cbe\u0caa\u0ca8\u0cc6\u0caf\u0ca8\u0ccd\u0ca8\u0cc1 \u0c95\u0cc7\u0cb3\u0cc1\u0ca4\u0ccd\u0ca4\u0cbe\u0ca8\u0cc6\u0c82\u0cac\u0ca6\u0cc1 \u0ca8\u0cae\u0c97\u0cc6 \u0c97\u0cca\u0ca4\u0ccd\u0ca4\u0cbe\u0c97\u0cbf\u0ca6\u0ccd\u0ca6\u0cb0\u0cc6 \u0ca8\u0cbe\u0cb5\u0cc1 \u0c86\u0cb6\u0cbf\u0cb8\u0cbf\u0ca6\u0cb5\u0cc1\u0c97\u0cb3\u0cc1 \u0c86\u0ca4\u0ca8\u0cbf\u0c82\u0ca6 \u0ca8\u0cae\u0c97\u0cc6 \u0ca6\u0cca\u0cb0\u0cc6\u0ca4\u0cb5\u0cc6\u0c82\u0cac\u0ca6\u0cc1 \u0ca8\u0cae\u0c97\u0cc6 \u0ca4\u0cbf\u0cb3\u0cbf\u0ca6\u0ca6\u0cc6."},{"Verseid":"61004015","Verse":"\u0caf\u0cbe\u0cb5\u0ca8\u0cbe\u0ca6\u0cb0\u0cc2 \u0ca4\u0ca8\u0ccd\u0ca8 \u0cb8\u0cb9\u0ccb\u0ca6\u0cb0\u0ca8\u0cc1 \u0cae\u0cb0\u0ca3\u0c95\u0cb0\u0cb5\u0cb2\u0ccd\u0cb2\u0ca6 \u0caa\u0cbe\u0caa\u0cae\u0cbe\u0ca1\u0cc1\u0cb5 \u0ca6\u0ca8\u0ccd\u0ca8\u0cc1 \u0c95\u0c82\u0ca1\u0cb0\u0cc6 \u0c85\u0cb5\u0ca8\u0cc1 \u0cac\u0cc7\u0ca1\u0cbf\u0c95\u0cca\u0cb3\u0ccd\u0cb3\u0cb2\u0cbf; \u0c86\u0c97 \u0c86\u0ca4\u0ca8\u0cc1 \u0cae\u0cb0\u0ca3\u0c95\u0cb0\u0cb5\u0cb2\u0ccd\u0cb2\u0ca6 \u0caa\u0cbe\u0caa\u0cae\u0cbe\u0ca1\u0cc1\u0cb5\u0cb5\u0cb0\u0cbf\u0c97\u0cc6 \u0c9c\u0cc0\u0cb5\u0cb5\u0ca8\u0ccd\u0ca8\u0cc1 \u0ca6\u0caf\u0caa\u0cbe\u0cb2\u0cbf\u0cb8\u0cc1\u0cb5\u0ca8\u0cc1. \u0cae\u0cb0\u0ca3\u0c95\u0cb0\u0cb5\u0cbe\u0ca6 \u0caa\u0cbe\u0caa\u0cb5\u0cc1\u0c82\u0c9f\u0cc1; \u0c88 \u0caa\u0cbe\u0caa\u0ca6 \u0cb5\u0cbf\u0cb7\u0caf\u0cb5\u0cbe\u0c97\u0cbf \u0c85\u0cb5\u0ca8\u0cc1 \u0cac\u0cc7\u0ca1\u0cbf\u0c95\u0cca\u0cb3\u0ccd\u0cb3 \u0cac\u0cc7\u0c95\u0cc6\u0c82\u0ca6\u0cc1 \u0ca8\u0cbe\u0ca8\u0cc1 \u0cb9\u0cc7"},{"Verseid":"61004016","Verse":"\u0c85\u0ca8\u0cc0\u0ca4\u0cbf\u0caf\u0cc6\u0cb2\u0ccd\u0cb2\u0cb5\u0cc2 \u0caa\u0cbe\u0caa\u0cb5\u0cbe\u0c97\u0cbf\u0ca6\u0cc6; \u0c86\u0ca6\u0cb0\u0cc2 \u0cae\u0cb0\u0ca3\u0c95\u0cb0\u0cb5\u0cb2\u0ccd\u0cb2\u0ca6 \u0caa\u0cbe\u0caa\u0cb5\u0cc1\u0c82\u0c9f\u0cc1."},{"Verseid":"61004017","Verse":"\u0ca6\u0cc7\u0cb5\u0cb0\u0cbf\u0c82\u0ca6 \u0cb9\u0cc1\u0c9f\u0ccd\u0c9f\u0cbf\u0cb0\u0cc1\u0cb5\u0cb5\u0ca8\u0cc1 \u0caa\u0cbe\u0caa\u0cae\u0cbe\u0ca1\u0cc1\u0cb5\u0cb5 \u0ca8\u0cb2\u0ccd\u0cb2\u0cb5\u0cc6\u0c82\u0cac\u0ca6\u0cc1 \u0ca8\u0cae\u0c97\u0cc6 \u0c97\u0cca\u0ca4\u0ccd\u0ca4\u0ca6\u0cc6. \u0ca6\u0cc7\u0cb5\u0cb0\u0cbf\u0c82\u0ca6 \u0cb9\u0cc1\u0c9f\u0ccd\u0c9f\u0cbf\u0ca6 \u0cb5\u0ca8\u0cc1 \u0ca4\u0ca8\u0ccd\u0ca8\u0ca8\u0ccd\u0ca8\u0cc1 \u0ca4\u0cbe\u0ca8\u0cc1 \u0c95\u0cbe\u0caa\u0cbe\u0ca1\u0cbf\u0c95\u0cca\u0cb3\u0ccd\u0cb3\u0cc1\u0cb5\u0ca8\u0cc1; \u0c95\u0cc6\u0ca1\u0cc1\u0c95\u0ca8\u0cc1 \u0c85\u0cb5\u0ca8\u0ca8\u0ccd\u0ca8\u0cc1 \u0cae\u0cc1\u0c9f\u0ccd\u0c9f\u0cc1\u0cb5\u0ca6\u0cbf\u0cb2\u0ccd\u0cb2."},{"Verseid":"61004018","Verse":"\u0ca8\u0cbe\u0cb5\u0cc1 \u0ca6\u0cc7\u0cb5\u0cb0\u0cbf\u0c97\u0cc6 \u0cb8\u0c82\u0cac\u0c82\u0ca7\u0caa\u0c9f\u0ccd\u0c9f\u0cb5\u0cb0\u0cbe\u0c97\u0cbf\u0ca6\u0ccd\u0ca6\u0cc7\u0cb5\u0cc6\u0c82\u0ca6\u0cc2 \u0cb2\u0ccb\u0c95\u0cb5\u0cc6\u0cb2\u0ccd\u0cb2\u0cb5\u0cc1 \u0c95\u0cc6\u0c9f\u0ccd\u0c9f\u0ca4\u0ca8\u0ca6\u0cb2\u0ccd\u0cb2\u0cbf \u0cac\u0cbf\u0ca6\u0ccd\u0ca6\u0cbf\u0ca6\u0cc6 \u0c8e\u0c82\u0ca6\u0cc2 \u0ca8\u0cae\u0c97\u0cc6 \u0c97\u0cca\u0ca4\u0ccd\u0ca4\u0ca6\u0cc6."},{"Verseid":"61004019","Verse":"\u0ca6\u0cc7\u0cb5\u0cb0 \u0cae\u0c97\u0ca8\u0cc1 \u0cac\u0c82\u0ca6\u0cc1 \u0ca8\u0cbe\u0cb5\u0cc1 \u0cb8\u0ca4\u0ccd\u0caf\u0cb5\u0cbe\u0c97\u0cbf\u0cb0\u0cc1\u0cb5\u0cbe\u0ca4 \u0ca8\u0ca8\u0ccd\u0ca8\u0cc1 \u0c85\u0cb0\u0cbf\u0ca4\u0cc1\u0c95\u0cca\u0cb3\u0ccd\u0cb3\u0cc1\u0cb5 \u0cb9\u0cbe\u0c97\u0cc6 \u0ca8\u0cae\u0c97\u0cc6 \u0ca4\u0cbf\u0cb3\u0cc1\u0cb5\u0cb3\u0cbf\u0c95\u0cc6\u0caf\u0ca8\u0ccd\u0ca8\u0cc1 \u0c95\u0cca\u0c9f\u0ccd\u0c9f\u0cbf\u0ca6\u0ccd\u0ca6\u0cbe\u0ca8\u0cc6\u0c82\u0cac\u0ca6\u0cc1 \u0ca8\u0cae\u0c97\u0cc6 \u0c97\u0cca\u0ca4\u0ccd\u0ca4\u0ca6\u0cc6. \u0ca8\u0cbe\u0cb5\u0cc1 \u0c86 \u0cae\u0c97\u0ca8\u0cbe\u0ca6 \u0caf\u0cc7\u0cb8\u0cc1 \u0c95\u0ccd\u0cb0\u0cbf\u0cb8\u0ccd\u0ca4\u0ca8\u0cb2\u0ccd\u0cb2\u0cbf \u0c87\u0cb0\u0cc1\u0cb5\u0cb5\u0cb0\u0cbe\u0c97\u0cbf \u0cb8\u0ca4\u0ccd\u0caf\u0cb5\u0cbe\u0c97\u0cbf\u0cb0\u0cc1\u0cb5\u0cbe\u0ca4\u0ca8\u0cb2\u0ccd\u0cb2\u0cbf\u0ca6\u0ccd\u0ca6\u0cc7\u0cb5\u0cc6. \u0c88\u0ca4\u0ca8\u0cc7 \u0cb8\u0ca4\u0ccd\u0caf \u0ca6\u0cc7\u0cb5\u0cb0\u0cc2 \u0ca8\u0cbf\u0ca4\u0ccd\u0caf\u0c9c\u0cc0\u0cb5\u0cb5\u0cc2 \u0c86\u0c97\u0cbf\u0ca6\u0ccd\u0ca6\u0cbe\u0ca8\u0cc6."},{"Verseid":"61004020","Verse":"\u0c9a\u0cbf\u0c95\u0ccd\u0c95 \u0cae\u0c95\u0ccd\u0c95\u0cb3\u0cc7, \u0cb5\u0cbf\u0c97\u0ccd\u0cb0\u0cb9\u0c97\u0cb3\u0cbf\u0c97\u0cc6 \u0ca6\u0cc2\u0cb0\u0cb5\u0cbe\u0c97\u0cbf\u0cb0\u0cc1\u0cb5\u0c82\u0ca4\u0cc6 \u0ca8\u0cbf\u0cae\u0ccd\u0cae\u0ca8\u0ccd\u0ca8\u0cc1 \u0c95\u0cbe\u0caa\u0cbe\u0ca1\u0cbf\u0c95\u0cca\u0cb3\u0ccd\u0cb3\u0cbf\u0cb0\u0cbf. \u0c86\u0cae\u0cc6\u0ca8\u0ccd\u200c."}]}]}