{"Chapter":[{"Verse":[{"Verseid":"62000000","Verse":"\u0c86\u0caf\u0cb2\u0ccd\u0caa\u0c9f\u0ccd\u0c9f\u0cb5\u0cb3\u0cbe\u0ca6 \u0c85\u0cae\u0ccd\u0cae\u0ca8\u0cb5\u0cb0\u0cbf\u0c97\u0cc2 \u0c86\u0c95\u0cc6\u0caf \u0cae\u0c95\u0ccd\u0c95\u0cb3\u0cbf\u0c97\u0cc2 \u0cb9\u0cbf\u0cb0\u0cbf\u0caf\u0ca8\u0cbe\u0ca6--\u0cb8\u0ca4\u0ccd\u0caf\u0ca6\u0cb2\u0ccd\u0cb2\u0cbf \u0ca8\u0cbf\u0cae\u0ccd\u0cae\u0ca8\u0ccd\u0ca8\u0cc1 \u0caa\u0ccd\u0cb0\u0cc0\u0ca4\u0cbf\u0cb8\u0cc1\u0ca4\u0ccd\u0ca4\u0cc7\u0ca8\u0cc6; \u0ca8\u0cbe\u0ca8\u0cc1 \u0cae\u0cbe\u0ca4\u0ccd\u0cb0\u0cb5\u0cb2\u0ccd\u0cb2\u0ca6\u0cc6 \u0cb8\u0ca4\u0ccd\u0caf\u0cb5\u0ca8\u0ccd\u0ca8\u0cc1 \u0ca4\u0cbf\u0cb3\u0cbf\u0ca6\u0cbf\u0cb0\u0cc1\u0cb5\u0cb5\u0cb0\u0cc6\u0cb2\u0ccd\u0cb2\u0cb0\u0cc2 \u0ca8\u0cbf\u0cae\u0ccd\u0cae\u0ca8\u0ccd\u0ca8\u0cc1 \u0caa\u0ccd\u0cb0\u0cc0\u0ca4\u0cbf\u0cb8\u0cc1\u0ca4\u0ccd\u0ca4\u0cbe\u0cb0\u0cc6."},{"Verseid":"62000001","Verse":"\u0caf\u0cbe\u0c95\u0c82\u0ca6\u0cb0\u0cc6 \u0ca8\u0cae\u0ccd\u0cae\u0cb2\u0ccd\u0cb2\u0cbf \u0ca8\u0cc6\u0cb2\u0cc6\u0c97\u0cca\u0c82\u0ca1\u0cbf\u0cb0\u0cc1\u0cb5\u0c82\u0ca5 \u0cae\u0ca4\u0ccd\u0ca4\u0cc1 \u0ca8\u0cae\u0ccd\u0cae\u0cca\u0c82\u0ca6\u0cbf\u0c97\u0cc6 \u0cb8\u0ca6\u0cbe\u0c95\u0cbe\u0cb2\u0cb5\u0cc2 \u0c87\u0cb0\u0cc1\u0cb5\u0c82\u0ca5 \u0cb8\u0ca4\u0ccd\u0caf\u0ca6 \u0ca8\u0cbf\u0cae\u0cbf\u0ca4\u0ccd\u0ca4\u0cb5\u0cbe\u0c97\u0cbf\u0caf\u0cc7 \u0ca8\u0cbf\u0cae\u0ccd\u0cae\u0ca8\u0ccd\u0ca8\u0cc1 \u0caa\u0ccd\u0cb0\u0cc0\u0ca4\u0cbf\u0cb8\u0cc1\u0ca4\u0ccd\u0ca4\u0cbe\u0cb0\u0cc6."},{"Verseid":"62000002","Verse":"\u0ca4\u0c82\u0ca6\u0cc6\u0caf\u0cbe\u0ca6 \u0ca6\u0cc7\u0cb5\u0cb0\u0cbf\u0c82\u0ca6\u0cb2\u0cc2 \u0c86 \u0ca4\u0c82\u0ca6\u0cc6\u0caf \u0cae\u0c97\u0ca8\u0cbe\u0c97\u0cbf\u0cb0\u0cc1\u0cb5 \u0c95\u0cb0\u0ccd\u0ca4\u0ca8\u0cbe\u0ca6 \u0caf\u0cc7\u0cb8\u0cc1 \u0c95\u0ccd\u0cb0\u0cbf\u0cb8\u0ccd\u0ca4\u0ca8\u0cbf\u0c82\u0ca6\u0cb2\u0cc2 \u0c95\u0cc3\u0caa\u0cc6\u0caf\u0cc1 \u0c95\u0cb0\u0cc1\u0ca3\u0cc6\u0caf\u0cc1 \u0cae\u0ca4\u0ccd\u0ca4\u0cc1 \u0cb6\u0cbe\u0c82\u0ca4\u0cbf\u0caf\u0cc1 \u0cb8\u0ca4\u0ccd\u0caf \u0ca6\u0cb2\u0ccd\u0cb2\u0cbf\u0caf\u0cc2 \u0caa\u0ccd\u0cb0\u0cc0\u0ca4\u0cbf\u0caf\u0cb2\u0ccd\u0cb2\u0cbf\u0caf\u0cc2 \u0ca8\u0cbf\u0cae\u0ccd\u0cae\u0cca\u0c82\u0ca6\u0cbf\u0c97\u0cbf\u0cb0\u0cb2\u0cbf."},{"Verseid":"62000003","Verse":"\u0ca8\u0cbf\u0ca8\u0ccd\u0ca8 \u0cae\u0c95\u0ccd\u0c95\u0cb3\u0cb2\u0ccd\u0cb2\u0cbf \u0c95\u0cc6\u0cb2\u0cb5\u0cb0\u0cc1 \u0ca4\u0c82\u0ca6\u0cc6\u0caf\u0cbf\u0c82\u0ca6 \u0ca8\u0cbe\u0cb5\u0cc1 \u0cb9\u0cca\u0c82\u0ca6\u0cbf\u0ca6 \u0c86\u0c9c\u0ccd\u0c9e\u0cbe\u0ca8\u0cc1\u0cb8\u0cbe\u0cb0 \u0cb8\u0ca4\u0ccd\u0caf\u0ca6\u0cb2\u0ccd\u0cb2\u0cbf \u0ca8\u0ca1\u0cc6\u0caf\u0cc1\u0cb5\u0ca6\u0ca8\u0ccd\u0ca8\u0cc1 \u0c95\u0c82\u0ca1\u0cc1 \u0ca8\u0cbe\u0ca8\u0cc1 \u0cac\u0cb9\u0cb3 \u0cb8\u0c82\u0ca4\u0ccb\u0cb7\u0cb5\u0cc1\u0cb3\u0ccd\u0cb3\u0cb5\u0ca8\u0cbe\u0ca6\u0cc6\u0ca8\u0cc1."},{"Verseid":"62000004","Verse":"\u0c85\u0cae\u0ccd\u0cae\u0ca8\u0cb5\u0cb0\u0cc7, \u0ca8\u0cbe\u0ca8\u0cc1 \u0cb9\u0cca\u0cb8 \u0c86\u0c9c\u0ccd\u0c9e\u0cc6\u0caf\u0ca8\u0ccd\u0ca8\u0cc1 \u0ca8\u0cbf\u0ca8\u0c97\u0cc6 \u0cac\u0cb0\u0cc6\u0caf\u0ca6\u0cc6 \u0cae\u0cca\u0ca6\u0cb2\u0cbf\u0ca8\u0cbf\u0c82\u0ca6\u0cb2\u0cc2 \u0ca8\u0cae\u0c97\u0cc6 \u0c87\u0ca6\u0ccd\u0ca6 \u0c86\u0c9c\u0ccd\u0c9e\u0cc6 \u0caf\u0ca8\u0ccd\u0ca8\u0cc1 \u0ca8\u0cbf\u0ca8\u0c97\u0cc6 \u0cac\u0cb0\u0cc6\u0caf\u0cc1\u0cb5\u0cb5\u0ca8\u0cbe\u0c97\u0cbf--\u0ca8\u0cbe\u0cb5\u0cc1 \u0c92\u0cac\u0ccd\u0cac\u0cb0 \u0ca8\u0ccd\u0ca8\u0cca\u0cac\u0ccd\u0cac\u0cb0\u0cc1 \u0caa\u0ccd\u0cb0\u0cc0\u0ca4\u0cbf\u0cb8\u0cc1\u0cb5\u0cb5\u0cb0\u0cbe\u0c97\u0cbf\u0cb0\u0cac\u0cc7\u0c95\u0cc6\u0c82\u0ca6\u0cc1 \u0ca8\u0cbf\u0ca8\u0ccd\u0ca8\u0ca8\u0ccd\u0ca8\u0cc1 \u0c95\u0cc7\u0cb3\u0cbf\u0c95\u0cca\u0cb3\u0ccd\u0cb3\u0cc1\u0ca4\u0ccd\u0ca4\u0cc7\u0ca8\u0cc6."},{"Verseid":"62000005","Verse":"\u0c86\u0ca4\u0ca8 \u0c86\u0c9c\u0ccd\u0c9e\u0cc6\u0c97\u0cb3\u0ca8\u0ccd\u0ca8\u0cc1 \u0c85\u0ca8\u0cc1\u0cb8\u0cb0\u0cbf\u0cb8\u0cbf \u0ca8\u0ca1\u0cc6\u0caf\u0cc1\u0cb5\u0ca6\u0cc7 \u0caa\u0ccd\u0cb0\u0cc0\u0ca4\u0cbf; \u0caa\u0ccd\u0cb0\u0cc0\u0ca4\u0cbf\u0caf\u0cb2\u0ccd\u0cb2\u0cbf \u0ca8\u0ca1\u0cc6\u0caf \u0cac\u0cc7\u0c95\u0cc6\u0c82\u0cac\u0ca6\u0cc7 \u0ca8\u0cc0\u0cb5\u0cc1 \u0cae\u0cca\u0ca6\u0cb2\u0cbf\u0ca8\u0cbf\u0c82\u0ca6\u0cb2\u0cc2 \u0c95\u0cc7\u0cb3\u0cbf\u0ca6 \u0c85\u0caa\u0ccd\u0caa\u0ca3\u0cc6\u0caf\u0cbe\u0c97\u0cbf\u0ca6\u0cc6."},{"Verseid":"62000006","Verse":"\u0cb6\u0cb0\u0cc0\u0cb0\u0ca6\u0cb2\u0ccd\u0cb2\u0cbf \u0cac\u0c82\u0ca6\u0cbf\u0cb0\u0cc1\u0cb5 \u0caf\u0cc7\u0cb8\u0cc1 \u0c95\u0ccd\u0cb0\u0cbf\u0cb8\u0ccd\u0ca4\u0ca8\u0ccd\u0ca8\u0cc1 \u0c92\u0caa\u0ccd\u0caa\u0ca6\u0cc6 \u0c87\u0cb0\u0cc1\u0cb5 \u0cae\u0ccb\u0cb8\u0c97\u0cbe\u0cb0\u0cb0\u0cc1 \u0c85\u0ca8\u0cc7\u0c95 \u0cae\u0c82\u0ca6\u0cbf \u0cb9\u0cca\u0cb0\u0c9f\u0cc1 \u0cb2\u0ccb\u0c95\u0ca6\u0cca\u0cb3\u0c97\u0cc6 \u0cb9\u0ccb\u0c97\u0cbf\u0ca6\u0ccd\u0ca6\u0cbe\u0cb0\u0cc6. \u0c87\u0c82\u0ca5\u0cb5\u0ca8\u0cc7 \u0cae\u0ccb\u0cb8\u0c97\u0cbe\u0cb0\u0ca8\u0cc2 \u0c95\u0ccd\u0cb0\u0cbf\u0cb8\u0ccd\u0ca4 \u0cb5\u0cbf\u0cb0\u0ccb\u0ca7\u0cbf\u0caf\u0cc2 \u0c86\u0c97\u0cbf\u0ca6\u0ccd\u0ca6\u0cbe\u0ca8\u0cc6."},{"Verseid":"62000007","Verse":"\u0ca8\u0cbe\u0cb5\u0cc1 \u0caa\u0ccd\u0cb0\u0caf\u0cbe\u0cb8\u0caa\u0c9f\u0ccd\u0c9f\u0cc1 \u0cae\u0cbe\u0ca1\u0cbf\u0ca6\u0cb5\u0cc1 \u0c97\u0cb3\u0ca8\u0ccd\u0ca8\u0cc1 \u0c95\u0cb3\u0c95\u0cca\u0cb3\u0ccd\u0cb3\u0ca6\u0cc6 \u0caa\u0ccd\u0cb0\u0ca4\u0cbf\u0cab\u0cb2\u0cb5\u0ca8\u0ccd\u0ca8\u0cc1 \u0cb9\u0cca\u0c82\u0ca6\u0cc1\u0cb5\u0c82\u0ca4\u0cc6 \u0ca8\u0cbf\u0cae\u0ccd\u0cae\u0ca8\u0ccd\u0ca8\u0cc1 \u0ca8\u0cc0\u0cb5\u0cc7 \u0ca8\u0ccb\u0ca1\u0cbf\u0c95\u0cca\u0cb3\u0ccd\u0cb3\u0cbf\u0cb0\u0cbf."},{"Verseid":"62000008","Verse":"\u0c95\u0ccd\u0cb0\u0cbf\u0cb8\u0ccd\u0ca4\u0ca8 \u0cac\u0ccb\u0ca7\u0ca8\u0cc6\u0caf\u0cb2\u0ccd\u0cb2\u0cbf \u0ca8\u0cc6\u0cb2\u0cc6\u0c97\u0cca\u0cb3\u0ccd\u0cb3\u0ca6\u0cc6 \u0c85\u0ca6\u0ca8\u0ccd\u0ca8\u0cc1 \u0c85\u0ca4\u0cbf\u0c95\u0ccd\u0cb0\u0cae\u0cbf \u0cb8\u0cc1\u0cb5\u0cb5\u0ca8\u0cbf\u0c97\u0cc6 \u0ca6\u0cc7\u0cb5\u0cb0\u0cbf\u0cb2\u0ccd\u0cb2; \u0c95\u0ccd\u0cb0\u0cbf\u0cb8\u0ccd\u0ca4\u0ca8 \u0cac\u0ccb\u0ca7\u0ca8\u0cc6\u0caf\u0cb2\u0ccd\u0cb2\u0cbf \u0ca8\u0cc6\u0cb2\u0cc6 \u0c97\u0cca\u0c82\u0ca1\u0cbf\u0cb0\u0cc1\u0cb5\u0cb5\u0ca8\u0cbf\u0c97\u0cc6 \u0ca4\u0c82\u0ca6\u0cc6\u0caf\u0cc2 \u0cae\u0c97\u0ca8\u0cc2 \u0c87\u0ca6\u0ccd\u0ca6\u0cbe\u0cb0\u0cc6."},{"Verseid":"62000009","Verse":"\u0c88 \u0cac\u0ccb\u0ca7\u0ca8\u0cc6\u0caf\u0ca8\u0ccd\u0ca8\u0cc1 \u0ca4\u0cbe\u0cb0\u0ca6\u0cbf\u0cb0\u0cc1\u0cb5 \u0caf\u0cbe\u0cb5\u0ca8\u0cbe\u0ca6\u0cb0\u0cc2 \u0ca8\u0cbf\u0cae\u0ccd\u0cae \u0cac\u0cb3\u0cbf\u0c97\u0cc6 \u0cac\u0c82\u0ca6\u0cb0\u0cc6 \u0c85\u0cb5\u0ca8\u0ca8\u0ccd\u0ca8\u0cc1 \u0cae\u0ca8\u0cc6\u0caf\u0cca\u0cb3\u0c97\u0cc6 \u0cb8\u0cc7\u0cb0\u0cbf\u0cb8\u0cbf \u0c95\u0cca\u0cb3\u0ccd\u0cb3\u0cac\u0cc7\u0ca1\u0cbf\u0cb0\u0cbf; \u0c85\u0cb5\u0ca8\u0cbf\u0c97\u0cc6 \u0cb5\u0c82\u0ca6\u0ca8\u0cc6 \u0c8e\u0c82\u0ca6\u0cc1 \u0cb9\u0cc7\u0cb3\u0cac\u0cc7\u0ca1\u0cbf\u0cb0\u0cbf."},{"Verseid":"62000010","Verse":"\u0c85\u0cb5\u0ca8\u0cbf\u0c97\u0cc6 \u0cb5\u0c82\u0ca6\u0ca8\u0cc6 \u0c8e\u0c82\u0ca6\u0cc1 \u0cb9\u0cc7\u0cb3\u0cc1\u0cb5\u0cb5\u0ca8\u0cc1 \u0c85\u0cb5\u0ca8 \u0ca6\u0cc1\u0cb7\u0ccd\u0c95\u0cc3\u0ca4\u0ccd\u0caf\u0c97\u0cb3\u0cb2\u0ccd\u0cb2\u0cbf \u0caa\u0cbe\u0cb2\u0cc1\u0c97\u0cbe\u0cb0\u0ca8\u0cbe\u0c97\u0cc1\u0ca4\u0ccd\u0ca4\u0cbe\u0ca8\u0cc6."},{"Verseid":"62000011","Verse":"\u0ca8\u0cbf\u0cae\u0c97\u0cc6 \u0cac\u0cb0\u0cc6\u0caf\u0cc1\u0cb5\u0ca6\u0c95\u0ccd\u0c95\u0cc6 \u0ca8\u0ca8\u0c97\u0cc6 \u0c85\u0ca8\u0cc7\u0c95 \u0cb5\u0cbf\u0cb7\u0caf\u0c97\u0cb3\u0cbf\u0ca6\u0ccd\u0ca6\u0cb0\u0cc2 \u0c85\u0cb5\u0cc1\u0c97\u0cb3\u0ca8\u0ccd\u0ca8\u0cc1 \u0cae\u0cb8\u0cbf\u0caf\u0cbf\u0c82\u0ca6 \u0c95\u0cbe\u0c97\u0ca6\u0ca6 \u0cae\u0cc7\u0cb2\u0cc6 \u0cac\u0cb0\u0cc6\u0caf\u0cc1\u0cb5\u0ca6\u0c95\u0ccd\u0c95\u0cc6 \u0ca8\u0ca8\u0c97\u0cc6 \u0cae\u0ca8\u0cb8\u0ccd\u0cb8\u0cbf\u0cb2\u0ccd\u0cb2. \u0c86\u0ca6\u0cb0\u0cc6 \u0ca8\u0cbe\u0ca8\u0cc1 \u0ca8\u0cbf\u0cae\u0ccd\u0cae \u0cac\u0cb3\u0cbf\u0c97\u0cc6 \u0cac\u0c82\u0ca6\u0cc1 \u0ca8\u0cbf\u0cae\u0ccd\u0cae \u0cb8\u0c82\u0c97\u0ca1 \u0cae\u0cc1\u0c96\u0cbe \u0cae\u0cc1\u0c96\u0cbf\u0caf\u0cbe\u0c97\u0cbf \u0cae\u0cbe\u0ca4\u0ca8\u0cbe\u0ca1\u0cc1\u0cb5\u0cc6\u0ca8\u0cc6\u0c82\u0ca6\u0cc1 \u0ca8\u0c82\u0cac\u0cc1\u0ca4\u0ccd\u0ca4\u0cc7\u0ca8\u0cc6; \u0c86\u0c97 \u0ca8\u0cae\u0ccd\u0cae \u0cb8\u0c82\u0ca4\u0ccb\u0cb7\u0cb5\u0cc1 \u0caa\u0cb0\u0cbf\u0caa\u0cc2\u0cb0\u0ccd\u0ca3\u0cb5\u0cbe\u0c97\u0cc1\u0cb5\u0ca6\u0cc1."},{"Verseid":"62000012","Verse":"\u0c86\u0caf\u0cb2\u0ccd\u0caa\u0c9f\u0ccd\u0c9f \u0ca8\u0cbf\u0ca8\u0ccd\u0ca8 \u0cb8\u0cb9\u0ccb\u0ca6\u0cb0\u0cbf\u0caf \u0cae\u0c95\u0ccd\u0c95\u0cb3\u0cc1 \u0ca8\u0cbf\u0ca8\u0c97\u0cc6 \u0cb5\u0c82\u0ca6\u0ca8\u0cc6 \u0cb9\u0cc7\u0cb3\u0cc1\u0ca4\u0ccd\u0ca4\u0cbe\u0cb0\u0cc6. \u0c86\u0cae\u0cc6\u0ca8\u0ccd\u200c."}]}]}