{"Chapter":[{"Verse":[{"Verseid":"63000000","Verse":"\u0cb9\u0cbf\u0cb0\u0cbf\u0caf\u0ca8\u0cbe\u0ca6 \u0cb8\u0ca4\u0ccd\u0caf\u0ca6\u0cb2\u0ccd\u0cb2\u0cbf \u0cac\u0cb9\u0cb3\u0cb5\u0cbe\u0c97\u0cbf \u0caa\u0ccd\u0cb0\u0cc0\u0ca4\u0cbf\u0cb8\u0cc1\u0cb5 \u0c97\u0cbe\u0caf\u0ca8\u0cbf\u0c97\u0cc6--"},{"Verseid":"63000001","Verse":"\u0caa\u0ccd\u0cb0\u0cbf\u0caf\u0ca8\u0cc7, \u0ca8\u0cbf\u0ca8\u0ccd\u0ca8 \u0c86\u0ca4\u0ccd\u0cae\u0cb5\u0cc1 \u0c85\u0cad\u0cbf\u0cb5\u0cc3\u0ca6\u0cbf \u0cb9\u0cca\u0c82\u0ca6\u0cbf\u0cb0\u0cc1\u0cb5 \u0caa\u0ccd\u0cb0\u0c95\u0cbe\u0cb0\u0cb5\u0cc7 \u0c8e\u0cb2\u0ccd\u0cb2\u0cbe \u0cb5\u0cbf\u0cb7\u0caf\u0c97\u0cb3\u0cbf\u0c97\u0cbf\u0c82\u0ca4 \u0ca8\u0cc0\u0ca8\u0cc1 \u0cb8\u0ccd\u0cb5\u0cb8\u0ccd\u0ca5\u0ca8\u0cbe\u0c97\u0cbf\u0ca6\u0ccd\u0ca6\u0cc1 \u0c95\u0ccd\u0cb7\u0cc7\u0cae\u0cb9\u0cca\u0c82\u0ca6\u0cbf \u0c85\u0cad\u0cbf\u0cb5\u0cc3\u0ca6\u0ccd\u0ca7\u0cbf\u0caf\u0cbe\u0c97 \u0cac\u0cc7\u0c95\u0cc6\u0c82\u0ca6\u0cc1 \u0ca8\u0cbe\u0ca8\u0cc1 \u0c85\u0caa\u0cc7\u0c95\u0ccd\u0cb7\u0cbf\u0cb8\u0cc1\u0ca4\u0ccd\u0ca4\u0cc7\u0ca8\u0cc6."},{"Verseid":"63000002","Verse":"\u0cb8\u0cb9\u0ccb\u0ca6\u0cb0\u0cb0\u0cc1 \u0cac\u0c82\u0ca6\u0cbe\u0c97 \u0ca8\u0cbf\u0ca8\u0ccd\u0ca8\u0cb2\u0ccd\u0cb2\u0cbf\u0cb0\u0cc1\u0cb5 \u0cb8\u0ca4\u0ccd\u0caf\u0cb5\u0ca8\u0ccd\u0ca8\u0cc1 \u0cb8\u0cbe\u0c95\u0ccd\u0cb7\u0cc0\u0c95\u0cb0\u0cbf\u0cb8\u0cbf\u0ca6\u0ccd\u0ca6\u0cb0\u0cbf\u0c82\u0ca6 \u0ca8\u0cbe\u0ca8\u0cc1 \u0cac\u0cb9\u0cb3\u0cb5\u0cbe\u0c97\u0cbf \u0cb8\u0c82\u0ca4\u0ccb\u0cb7\u0caa\u0c9f\u0ccd\u0c9f\u0cc6\u0ca8\u0cc1."},{"Verseid":"63000003","Verse":"\u0ca8\u0ca8\u0ccd\u0ca8 \u0cae\u0c95\u0ccd\u0c95\u0cb3\u0cc1 \u0cb8\u0ca4\u0ccd\u0caf\u0cb5\u0ca8\u0ccd\u0ca8\u0ca8\u0cc1\u0cb8\u0cb0\u0cbf\u0cb8\u0cbf \u0ca8\u0ca1\u0cc6\u0caf\u0cc1\u0cb5\u0cb5\u0cb0\u0cbe\u0c97\u0cbf\u0ca6\u0ccd\u0ca6\u0cbe\u0cb0\u0cc6\u0c82\u0ca6\u0cc1 \u0c95\u0cc7\u0cb3\u0cc1\u0cb5 \u0ca6\u0c95\u0ccd\u0c95\u0cbf\u0c82\u0ca4 \u0cb9\u0cc6\u0c9a\u0ccd\u0c9a\u0cbe\u0ca6 \u0cb8\u0c82\u0ca4\u0ccb\u0cb7\u0cb5\u0cc1 \u0ca8\u0ca8\u0c97\u0cbf\u0cb2\u0ccd\u0cb2."},{"Verseid":"63000004","Verse":"\u0caa\u0ccd\u0cb0\u0cbf\u0caf\u0ca8\u0cc7, \u0cb8\u0cb9\u0ccb\u0ca6\u0cb0\u0cb0\u0cbf\u0c97\u0cc2 \u0caa\u0cb0\u0cbf\u0c9a\u0caf\u0cb5\u0cbf\u0cb2\u0ccd\u0cb2\u0ca6\u0cb5 \u0cb0\u0cbf\u0c97\u0cc2 \u0ca8\u0cc0\u0ca8\u0cc1 \u0cae\u0cbe\u0ca1\u0cc1\u0cb5\u0ca6\u0ca8\u0ccd\u0ca8\u0cc6\u0cb2\u0ccd\u0cb2\u0cbe \u0ca8\u0c82\u0cac\u0cbf\u0c97\u0cb8\u0ccd\u0ca4\u0ca8\u0cbe\u0c97\u0cbf \u0cae\u0cbe\u0ca1\u0cc1\u0ca4\u0ccd\u0ca4\u0cc0."},{"Verseid":"63000005","Verse":"\u0c85\u0cb5\u0cb0\u0cc1 \u0cb8\u0cad\u0cc6\u0caf \u0cae\u0cc1\u0c82\u0ca6\u0cc6 \u0ca8\u0cbf\u0ca8\u0ccd\u0ca8 \u0caa\u0ccd\u0cb0\u0cc0\u0ca4\u0cbf\u0c97\u0cc6 \u0cb8\u0cbe\u0c95\u0ccd\u0cb7\u0cbf \u0cb9\u0cc7\u0cb3\u0cbf\u0ca6\u0cb0\u0cc1. \u0c85\u0cb5\u0cb0\u0ca8\u0ccd\u0ca8\u0cc1 \u0ca8\u0cc0\u0ca8\u0cc1 \u0cad\u0c95\u0ccd\u0ca4\u0cbf\u0caa\u0cc2\u0cb0\u0ccd\u0cb5\u0c95\u0cb5\u0cbe\u0c97\u0cbf \u0cb8\u0cbe\u0c97 \u0c95\u0cb3\u0cc1\u0cb9\u0cbf\u0cb8\u0cbf\u0ca6\u0cb0\u0cc6 \u0ca8\u0cc0\u0ca8\u0cc1 \u0c92\u0cb3\u0ccd\u0cb3\u0cc7\u0ca6\u0cc1 \u0cae\u0cbe\u0ca1\u0cc1\u0ca4\u0ccd\u0ca4\u0cc0."},{"Verseid":"63000006","Verse":"\u0caf\u0cbe\u0c95\u0c82\u0ca6\u0cb0\u0cc6 \u0c85\u0cb5\u0cb0\u0cc1 \u0c86\u0ca4\u0ca8 \u0cb9\u0cc6\u0cb8\u0cb0\u0cbf\u0ca8 \u0ca8\u0cbf\u0cae\u0cbf\u0ca4\u0ccd\u0ca4\u0cb5\u0cbe\u0c97\u0cbf \u0cb9\u0cca\u0cb0\u0c9f\u0cc1 \u0cb9\u0ccb\u0c97\u0cbf\u0ca6\u0ccd\u0ca6\u0cbe\u0cb0\u0cc6; \u0c85\u0ca8\u0ccd\u0caf\u0c9c\u0ca8\u0c97\u0cb3\u0cbf\u0c82\u0ca6 \u0c8f\u0ca8\u0cc2 \u0ca4\u0cc6\u0c97\u0cc6\u0ca6\u0cc1\u0c95\u0cca\u0cb3\u0ccd\u0cb3\u0cc1\u0cb5\u0cb5\u0cb0\u0cb2\u0ccd\u0cb2."},{"Verseid":"63000007","Verse":"\u0c86\u0ca6\u0ca6\u0cb0\u0cbf\u0c82\u0ca6 \u0ca8\u0cbe\u0cb5\u0cc1 \u0cb8\u0ca4\u0ccd\u0caf\u0c95\u0ccd\u0c95\u0cc6 \u0cb8\u0cb9\u0c95\u0cbe\u0cb0\u0cbf\u0c97\u0cb3\u0cbe\u0c97\u0cc1\u0cb5\u0c82\u0ca4\u0cc6 \u0c85\u0c82\u0ca5\u0cb5\u0cb0\u0ca8\u0ccd\u0ca8\u0cc1 \u0cb8\u0cc7\u0cb0\u0cbf\u0cb8\u0cbf\u0c95\u0cca\u0cb3\u0ccd\u0cb3\u0cc1\u0cb5 \u0cb9\u0c82\u0c97\u0cbf\u0ca8\u0cb2\u0ccd\u0cb2\u0cbf\u0ca6\u0ccd\u0ca6\u0cc7\u0cb5\u0cc6."},{"Verseid":"63000008","Verse":"\u0cb8\u0cad\u0cc6\u0c97\u0cc6 \u0ca8\u0cbe\u0ca8\u0cc1 \u0cac\u0cb0\u0cc6\u0ca6\u0cbf\u0ca6\u0ccd\u0ca6\u0cc6\u0ca8\u0cc1; \u0c86\u0ca6\u0cb0\u0cc6 \u0cb8\u0cad\u0cc6\u0caf\u0cb5\u0cb0\u0cb2\u0ccd\u0cb2\u0cbf \u0caa\u0ccd\u0cb0\u0cae\u0cc1\u0c96\u0ca8\u0cbe\u0c97\u0cac\u0cc7\u0c95\u0cc6\u0c82\u0ca6\u0cbf\u0cb0\u0cc1\u0cb5 \u0ca6\u0cbf\u0caf\u0cca\u0ca4\u0ccd\u0cb0\u0cc7\u0cab\u0ca8\u0cc1 \u0ca8\u0cae\u0ccd\u0cae\u0ca8\u0ccd\u0ca8\u0cc1 \u0c85\u0c82\u0c97\u0cc0\u0c95\u0cb0\u0cbf\u0cb8\u0cc1\u0cb5\u0ca6\u0cbf\u0cb2\u0ccd\u0cb2."},{"Verseid":"63000009","Verse":"\u0c86\u0ca6\u0c95\u0cbe\u0cb0\u0ca3 \u0ca8\u0cbe\u0ca8\u0cc1 \u0cac\u0c82\u0ca6\u0cb0\u0cc6 \u0c85\u0cb5\u0ca8\u0cc1 \u0cae\u0cbe\u0ca1\u0cc1\u0cb5 \u0c95\u0cc3\u0ca4\u0ccd\u0caf\u0c97\u0cb3\u0ca8\u0ccd\u0ca8\u0cc1 \u0c9c\u0ccd\u0c9e\u0cbe\u0caa\u0c95 \u0cae\u0cbe\u0ca1\u0cc1\u0cb5\u0cc6\u0ca8\u0cc1. \u0c85\u0cb5\u0ca8\u0cc1 \u0cb9\u0cb0\u0c9f\u0cc6 \u0c95\u0cca\u0c9a\u0ccd\u0c9a\u0cc1\u0cb5\u0cb5\u0ca8\u0cbe\u0c97\u0cbf \u0ca8\u0cae \u0cb5\u0cbf\u0cb7\u0caf\u0ca6\u0cb2\u0ccd\u0cb2\u0cbf \u0c95\u0cc6\u0c9f\u0ccd\u0c9f\u0c95\u0cc6\u0c9f\u0ccd\u0c9f \u0cae\u0cbe\u0ca4\u0cc1\u0c97\u0cb3\u0ca8\u0ccd\u0ca8\u0cbe\u0ca1\u0cc1\u0ca4\u0ccd\u0ca4\u0cbe\u0ca8\u0cc6. \u0c87\u0cb5\u0cc2 \u0cb8\u0cbe\u0cb2\u0ca6\u0cc6 \u0cb8\u0cb9\u0ccb\u0ca6\u0cb0\u0cb0\u0ca8\u0ccd\u0ca8\u0cc1 \u0cb8\u0cc7\u0cb0\u0cbf\u0cb8\u0cbf\u0c95\u0cca\u0cb3\u0ccd\u0cb3\u0cac\u0cc7\u0c95\u0cc6\u0c82\u0ca6\u0cbf \u0cb0\u0cc1\u0cb5\u0cb5\u0cb0\u0cbf\u0c97\u0cc6 \u0c85\u0ca1\u0ccd\u0ca1\u0cbf \u0cae\u0cbe\u0ca1\u0cc1\u0ca4\u0ccd\u0ca4\u0cbe \u0ca4\u0cbe\u0ca8\u0cc2 \u0c85\u0cb5\u0cb0\u0ca8\u0ccd\u0ca8\u0cc1 \u0cb8\u0cc7\u0cb0\u0cbf\u0cb8\u0cbf\u0c95\u0cca\u0cb3\u0ccd\u0cb3"},{"Verseid":"63000010","Verse":"\u0caa\u0ccd\u0cb0\u0cbf\u0caf\u0ca8\u0cc7, \u0ca8\u0cc0\u0ca8\u0cc1 \u0c95\u0cc6\u0c9f\u0ccd\u0c9f\u0ca6\u0ccd\u0ca6\u0ca8\u0ccd\u0ca8\u0cc1 \u0c85\u0ca8\u0cc1\u0cb8\u0cb0\u0cbf\u0cb8\u0ca6\u0cc6 \u0c92\u0cb3\u0ccd\u0cb3\u0cc7\u0ca6\u0ca8\u0ccd\u0ca8\u0cc1 \u0c85\u0ca8\u0cc1\u0cb8\u0cb0\u0cbf\u0cb8\u0cc1; \u0c92\u0cb3\u0ccd\u0cb3\u0cc7\u0ca6\u0ca8\u0ccd\u0ca8\u0cc1 \u0cae\u0cbe\u0ca1\u0cc1\u0cb5\u0cb5\u0ca8\u0cc1 \u0ca6\u0cc7\u0cb5\u0cb0\u0cbf\u0c97\u0cc6 \u0cb8\u0c82\u0cac\u0c82\u0ca7\u0caa\u0c9f\u0ccd\u0c9f\u0cb5\u0ca8\u0cbe\u0c97\u0cbf\u0ca6\u0ccd\u0ca6\u0cbe\u0ca8\u0cc6, \u0c95\u0cc6\u0c9f\u0ccd\u0c9f\u0ca6\u0ccd\u0ca6\u0ca8\u0ccd\u0ca8\u0cc1 \u0cae\u0cbe\u0ca1\u0cc1\u0cb5\u0cb5\u0ca8\u0cc1 \u0ca6\u0cc7\u0cb5\u0cb0\u0ca8\u0ccd\u0ca8\u0cc1 \u0c95\u0c82\u0ca1\u0cb5\u0ca8\u0cb2\u0ccd\u0cb2."},{"Verseid":"63000011","Verse":"\u0ca6\u0cc7\u0cae\u0cc7\u0ca4\u0ccd\u0cb0\u0cbf \u0caf\u0ca8\u0cc1 \u0c8e\u0cb2\u0ccd\u0cb2\u0cb0\u0cbf\u0c82\u0ca6\u0cb2\u0cc2 \u0cb8\u0ca4\u0ccd\u0caf\u0ca6\u0cbf\u0c82\u0ca6\u0cb2\u0cc2 \u0c92\u0cb3\u0ccd\u0cb3\u0cc7 \u0cb8\u0cbe\u0c95\u0ccd\u0cb7\u0cbf \u0cb9\u0cca\u0c82\u0ca6\u0cbf\u0ca6\u0ccd\u0ca6\u0cbe\u0ca8\u0cc6. \u0cb9\u0ccc\u0ca6\u0cc1, \u0ca8\u0cbe\u0cb5\u0cc1 \u0cb8\u0cb9 \u0cb8\u0cbe\u0c95\u0ccd\u0cb7\u0cbf \u0cb9\u0cc7\u0cb3\u0cc1\u0cb5\u0cb5 \u0cb0\u0cbe\u0c97\u0cbf\u0ca6\u0ccd\u0ca6\u0cc7\u0cb5\u0cc6, \u0ca8\u0cae\u0ccd\u0cae \u0cb8\u0cbe\u0c95\u0ccd\u0cb7\u0cbf \u0cb8\u0ca4\u0ccd\u0caf\u0cb5\u0cbe\u0ca6\u0ca6\u0ccd\u0ca6\u0cc6\u0c82\u0ca6\u0cc1 \u0ca8\u0cc0\u0cb5\u0cc1 \u0cac\u0cb2\u0ccd\u0cb2\u0cbf\u0cb0\u0cbf."},{"Verseid":"63000012","Verse":"\u0ca8\u0cbe\u0ca8\u0cc1 \u0cac\u0cb0\u0cc6\u0caf\u0ca4\u0c95\u0ccd\u0c95 \u0c85\u0ca8\u0cc7\u0c95 \u0cb5\u0cbf\u0cb7\u0caf\u0c97\u0cb3\u0cbf\u0ca6\u0ccd\u0ca6\u0cb5\u0cc1; \u0c86\u0ca6\u0cb0\u0cc6 \u0cae\u0cb8\u0cbf \u0cb2\u0cc7\u0c96\u0ca3\u0cbf\u0c97\u0cb3\u0cbf\u0c82\u0ca6 \u0ca8\u0cbf\u0ca8\u0c97\u0cc6 \u0cac\u0cb0\u0cc6\u0caf\u0cc1\u0cb5\u0ca6\u0c95\u0ccd\u0c95\u0cc6 \u0ca8\u0ca8\u0c97\u0cbf\u0cb7\u0ccd\u0c9f\u0cb5\u0cbf\u0cb2\u0ccd\u0cb2."},{"Verseid":"63000013","Verse":"\u0cac\u0cc7\u0c97\u0ca8\u0cc6 \u0ca8\u0cbf\u0ca8\u0ccd\u0ca8\u0ca8\u0ccd\u0ca8\u0cc1 \u0ca8\u0ccb\u0ca1\u0cc1\u0cb5\u0cc6\u0ca8\u0cc6\u0c82\u0ca6\u0cc1 \u0ca8\u0cbf\u0cb0\u0cc0\u0c95\u0ccd\u0cb7\u0cbf\u0cb8\u0cc1\u0ca4\u0ccd\u0ca4\u0cc7\u0ca8\u0cc6; \u0c86\u0c97 \u0cae\u0cc1\u0c96\u0cbe\u0cae\u0cc1\u0c96\u0cbf\u0caf\u0cbe\u0c97\u0cbf \u0ca8\u0cbe\u0cb5\u0cc1 \u0cae\u0cbe\u0ca4\u0ca8\u0cbe\u0ca1\u0cc1\u0cb5\u0cc6\u0cb5\u0cc1. \u0ca8\u0cbf\u0ca8\u0c97\u0cc6 \u0cb6\u0cbe\u0c82\u0ca4\u0cbf \u0c87\u0cb0\u0cb2\u0cbf. \u0ca8\u0cae\u0ccd\u0cae \u0cb8\u0ccd\u0ca8\u0cc7\u0cb9\u0cbf\u0ca4\u0cb0\u0cc1 \u0ca8\u0cbf\u0ca8\u0c97\u0cc6 \u0cb5\u0c82\u0ca6\u0ca8\u0cc6 \u0cb9\u0cc7\u0cb3\u0cc1\u0ca4\u0ccd\u0ca4\u0cbe\u0cb0\u0cc6. \u0cb8\u0ccd\u0ca8\u0cc7\u0cb9\u0cbf\u0ca4\u0cb0\u0ca8\u0cc1 \u0cb9\u0cc6\u0cb8\u0cb0\u0ccd\u0cb9\u0cc6\u0cb8\u0cb0\u0cbe\u0c97\u0cbf \u0cb5\u0c82\u0ca6\u0cbf\u0cb8\u0cc1."}]}]}