{"Chapter":[{"Verse":[{"Verseid":"07000000","Verse":"1 \u0ca8\u0ccd\u0caf\u0cbe\u0caf\u0cbe\u0ca7\u0cbf\u0caa\u0ca4\u0cbf\u0c97\u0cb3\u0cc1 \u0c86\u0cb3\u0cc1\u0ca4\u0ccd\u0ca4\u0cbf\u0ca6\u0ccd\u0ca6 \u0c86 \u0ca6\u0cbf\u0ca8\u0c97\u0cb3\u0cb2\u0ccd\u0cb2\u0cbf \u0ca6\u0cc7\u0cb6\u0ca6\u0cca\u0cb3\u0c97\u0cc6 \u0cac\u0cb0 \u0c89\u0c82\u0c9f\u0cbe \u0c97\u0cbf\u0ca6\u0ccd\u0ca6\u0cbe\u0c97 \u0c86\u0ca6\u0ca6\u0ccd\u0ca6\u0cc7\u0ca8\u0c82\u0ca6\u0cb0\u0cc6, \u0caf\u0cc6\u0cb9\u0cc2\u0ca6\u0ca6 \u0cac\u0cc7\u0ca4\u0ccd\u0cb2\u0cc6 \u0cb9\u0cc7\u0cae\u0cbf\u0ca8\u0cb5\u0ca8\u0cbe\u0ca6 \u0c92\u0cac\u0ccd\u0cac \u0cae\u0ca8\u0cc1\u0cb7\u0ccd\u0caf\u0ca8\u0cc1 \u0ca4\u0ca8\u0ccd\u0ca8 \u0cb9\u0cc6\u0c82\u0ca1 \u0ca4\u0cbf\u0caf \u0cae\u0ca4\u0ccd\u0ca4\u0cc1 \u0ca4\u0ca8\u0ccd\u0ca8 \u0c87\u0cac\u0ccd\u0cac\u0cb0\u0cc1 \u0c95\u0cc1\u0cae\u0cbe\u0cb0\u0cb0\u0cca\u0c82\u0ca6\u0cbf\u0c97\u0cc6 \u0cae\u0ccb\u0cb5\u0cbe\u0cac\u0ccd\u200c \u0ca6\u0cc7\u0cb6\u0ca6\u0cb2\u0ccd\u0cb2\u0cbf \u0cb5\u0cbe\u0cb8\u0cae\u0cbe\u0ca1\u0cac\u0cc7\u0c95\u0cc6\u0c82\u0ca6\u0cc1 \u0cb9\u0ccb\u0ca6\u0ca8\u0cc1."},{"Verseid":"07000001","Verse":"\u0c86 \u0cae\u0ca8\u0cc1\u0cb7\u0ccd\u0caf\u0ca8 \u0cb9\u0cc6\u0cb8\u0cb0\u0cc1 \u0c8e\u0cb2\u0cc0\u0cae\u0cc6\u0cb2\u0cc6 \u0c95\u0ca8\u0cc1; \u0c85\u0cb5\u0ca8 \u0cb9\u0cc6\u0c82\u0ca1\u0ca4\u0cbf\u0caf \u0cb9\u0cc6\u0cb8\u0cb0\u0cc1 \u0ca8\u0cca\u0cb5\u0cca\u0cae\u0cbf; \u0c85\u0cb5\u0ca8 \u0c95\u0cc1\u0cae\u0cbe\u0cb0 \u0cb0\u0cb2\u0ccd\u0cb2\u0cbf \u0c92\u0cac\u0ccd\u0cac\u0ca8 \u0cb9\u0cc6\u0cb8\u0cb0\u0cc1 \u0cae\u0cb9\u0ccd\u0cb2\u0ccb \u0ca8\u0ca8\u0cc1, \u0cae\u0ca4\u0ccd\u0ca4\u0cca\u0cac\u0ccd\u0cac\u0ca8 \u0cb9\u0cc6\u0cb8\u0cb0\u0cc1 \u0c95\u0cbf\u0cb2\u0ccd\u0caf\u0ccb\u0ca8\u0ca8\u0cc1. \u0c87\u0cb5\u0cb0\u0cc1 \u0c8e\u0cab\u0ccd\u0cb0\u0cbe\u0ca4\u0ccd\u0caf\u0cb0\u0cbe\u0ca6 \u0caf\u0cc6\u0cb9\u0cc2\u0ca6\u0ca6 \u0cac\u0cc7\u0ca4\u0ccd\u0cb2\u0cc6\u0cb9\u0cc7\u0cae\u0cbf\u0ca8\u0cb5 \u0cb0\u0cbe\u0c97\u0cbf\u0ca6\u0ccd\u0ca6\u0cb0\u0cc1. \u0c87\u0cb5\u0cb0\u0cc1 \u0cae\u0ccb\u0cb5\u0cbe\u0cac\u0ccd\u200c \u0ca6\u0cc7\u0cb6\u0c95\u0ccd\u0c95\u0cc6 \u0cac\u0c82\u0ca6\u0cc1, \u0c85\u0cb2\u0ccd\u0cb2\u0cbf \u0cb5\u0cbe\u0cb8\u0cb5\u0cbe\u0c97\u0cbf\u0ca6\u0ccd\u0ca6\u0cb0\u0cc1."},{"Verseid":"07000002","Verse":"\u0c86\u0ca6\u0cb0\u0cc6 \u0ca8\u0cca\u0cb5\u0cca\u0cae\u0cbf\u0caf \u0c97\u0c82\u0ca1\u0ca8\u0cbe\u0ca6 \u0c8e\u0cb2\u0cc0\u0cae\u0cc6\u0cb2\u0cc6\u0c95\u0ca8\u0cc1 \u0cb8\u0ca4\u0ccd\u0ca4\u0cc1 \u0cb9\u0ccb\u0ca6\u0ca8\u0cc1; \u0c86\u0c95\u0cc6\u0caf\u0cc2 \u0c86\u0c95\u0cc6\u0caf \u0c87\u0cac\u0ccd\u0cac\u0cb0\u0cc1 \u0c95\u0cc1\u0cae\u0cbe\u0cb0\u0cb0\u0cc2 \u0c89\u0cb3\u0cbf\u0ca6\u0cb0\u0cc1."},{"Verseid":"07000003","Verse":"\u0c87\u0cb5\u0cb0\u0cc1 \u0c92\u0cb0\u0ccd\u0cab\u0cbe \u0cb0\u0cc2\u0ca4\u0ccd\u200c \u0c8e\u0c82\u0cac \u0cb9\u0cc6\u0cb8\u0cb0\u0cc1\u0c97\u0cb3\u0cc1\u0cb3\u0ccd\u0cb3 \u0cae\u0ccb\u0cb5\u0cbe\u0cac\u0ccd\u200c \u0ca6\u0cc7\u0cb6\u0ca6 \u0cb8\u0ccd\u0ca4\u0ccd\u0cb0\u0cc0\u0caf\u0cb0\u0ca8\u0ccd\u0ca8\u0cc1 \u0ca4\u0cae\u0c97\u0cc6 \u0cb9\u0cc6\u0c82\u0ca1\u0ca4\u0cbf \u0caf\u0cb0\u0ca8\u0ccd\u0ca8\u0cbe\u0c97\u0cbf \u0ca4\u0c95\u0ccd\u0c95\u0cca\u0c82\u0ca1\u0cc1 \u0cb8\u0cc1\u0cae\u0cbe\u0cb0\u0cc1 \u0cb9\u0ca4\u0ccd\u0ca4\u0cc1 \u0cb5\u0cb0\u0cc1\u0cb7 \u0c85\u0cb2\u0ccd\u0cb2\u0cbf \u0cb5\u0cbe\u0cb8\u0cb5\u0cbe\u0c97\u0cbf\u0ca6\u0ccd\u0ca6\u0cb0\u0cc1."},{"Verseid":"07000004","Verse":"\u0cae\u0cb9\u0ccd\u0cb2\u0ccb\u0ca8 \u0c95\u0cbf\u0cb2\u0ccd\u0caf\u0ccb\u0ca8 \u0c87\u0cac\u0ccd\u0cac\u0cb0\u0cc2 \u0cb8\u0ca4\u0ccd\u0ca4\u0cc1\u0cb9\u0ccb\u0ca6\u0cb0\u0cc1. \u0c86 \u0cb8\u0ccd\u0ca4\u0ccd\u0cb0\u0cc0\u0caf\u0cc1 \u0ca4\u0ca8\u0ccd\u0ca8 \u0c87\u0cac\u0ccd\u0cac\u0cb0\u0cc1 \u0c95\u0cc1\u0cae\u0cbe\u0cb0\u0cb0\u0ca8\u0ccd\u0ca8\u0cc2 \u0ca4\u0ca8\u0ccd\u0ca8 \u0c97\u0c82\u0ca1\u0ca8\u0ca8\u0ccd\u0ca8\u0cc2 \u0c95\u0cb3\u0cc6\u0ca6\u0cc1\u0c95\u0cca\u0c82\u0ca1\u0cc1 \u0c92\u0cac\u0ccd\u0cac\u0cb3\u0cc7 \u0c89\u0cb3\u0cbf\u0ca6\u0cb3\u0cc1."},{"Verseid":"07000005","Verse":"\u0c86\u0ca6\u0cb0\u0cc6 \u0c95\u0cb0\u0ccd\u0ca4\u0ca8\u0cc1 \u0ca4\u0ca8\u0ccd\u0ca8 \u0c9c\u0ca8\u0cb0\u0cbf\u0c97\u0cc6 \u0cb0\u0cca\u0c9f\u0ccd\u0c9f\u0cbf\u0caf\u0ca8\u0ccd\u0ca8\u0cc1 \u0c95\u0cca\u0ca1\u0cc1\u0cb5 \u0cb9\u0cbe\u0c97\u0cc6 \u0c85\u0cb5\u0cb0\u0ca8\u0ccd\u0ca8\u0cc1 \u0ca6\u0cb0\u0ccd\u0cb6\u0cbf\u0cb8\u0cbf\u0ca6\u0ca8\u0cc6\u0c82\u0ca6\u0cc1 \u0c85\u0cb5\u0cb3\u0cc1 \u0cae\u0ccb\u0cb5\u0cbe\u0cac\u0ccd\u200c \u0ca6\u0cc7\u0cb6\u0ca6\u0cb2\u0ccd\u0cb2\u0cbf \u0c95\u0cc7\u0cb3\u0cbf\u0ca6\u0ccd\u0ca6\u0cb0\u0cbf\u0c82\u0ca6 \u0c85\u0cb5\u0cb3\u0cc1 \u0ca4\u0ca8\u0ccd\u0ca8 \u0cb8\u0cca\u0cb8\u0cc6\u0caf\u0cb0 \u0cb8\u0c82\u0c97\u0ca1 \u0cae\u0ccb\u0cb5\u0cbe\u0cac\u0ccd\u200c \u0ca6\u0cc7\u0cb6\u0ca6\u0cbf\u0c82\u0ca6 \u0caf\u0cc6\u0cb9\u0cc2\u0ca6 \u0ca6\u0cc7\u0cb6\u0c95\u0ccd\u0c95\u0cc6 \u0ca4\u0cbf\u0cb0\u0cbf\u0c97\u0cbf \u0cb9\u0ccb\u0c97\u0cc1\u0cb5\u0ca6\u0c95\u0ccd\u0c95\u0ccb\u0cb8\u0ccd\u0c95\u0cb0 \u0caa\u0ccd\u0cb0\u0caf\u0cbe\u0ca3\u0cb5\u0cbe\u0c97\u0cbf \u0ca4\u0cbe\u0ca8\u0cc1 \u0c87\u0ca6\u0ccd\u0ca6 \u0cb8\u0ccd\u0ca5\u0cb3\u0cb5\u0ca8\u0ccd\u0ca8\u0cc1 \u0cac\u0cbf\u0c9f\u0ccd\u0c9f\u0cc1 \u0cb9\u0cca\u0cb0 \u0c9f\u0cb3\u0cc1."},{"Verseid":"07000006","Verse":"\u0c85\u0cb5\u0cb3 \u0c87\u0cac\u0ccd\u0cac\u0cb0\u0cc1 \u0cb8\u0cca\u0cb8\u0cc6\u0caf\u0cb0\u0cc1 \u0c85\u0cb5\u0cb3 \u0cb8\u0c82\u0c97\u0ca1 \u0cb9\u0cca\u0cb0\u0c9f\u0cc1 \u0caf\u0cc6\u0cb9\u0cc2\u0ca6 \u0ca6\u0cc7\u0cb6\u0c95\u0ccd\u0c95\u0cc6 \u0ca4\u0cbf\u0cb0\u0cbf\u0c97\u0cbf \u0cb9\u0ccb\u0c97\u0cac\u0cc7\u0c95\u0cc6\u0c82\u0ca6\u0cc1 \u0c85\u0cb5\u0cb0\u0cc1 \u0cae\u0cbe\u0cb0\u0ccd\u0c97\u0ca6\u0cb2\u0ccd\u0cb2\u0cbf \u0ca8\u0ca1\u0cc6\u0caf\u0cc1\u0cb5\u0cbe\u0c97"},{"Verseid":"07000007","Verse":"\u0ca8\u0cca\u0cb5\u0cca\u0cae\u0cbf\u0caf\u0cc1 \u0ca4\u0ca8\u0ccd\u0ca8 \u0c87\u0cac\u0ccd\u0cac\u0cb0\u0cc1 \u0cb8\u0cca\u0cb8\u0cc6\u0caf\u0cb0\u0cbf\u0c97\u0cc6 \u0ca8\u0cc0\u0cb5\u0cc1 \u0c87\u0cac\u0ccd\u0cac\u0cb0\u0cc2 \u0ca8\u0cbf\u0cae\u0ccd\u0cae \u0ca8\u0cbf\u0cae\u0ccd\u0cae \u0ca4\u0cbe\u0caf\u0cbf\u0caf \u0cae\u0ca8\u0cc6\u0c97\u0cc6 \u0ca4\u0cbf\u0cb0\u0cbf\u0c97\u0cbf\u0cb9\u0ccb\u0c97\u0cbf\u0cb0\u0cbf; \u0ca8\u0cc0\u0cb5\u0cc1 \u0cb8\u0ca4\u0ccd\u0ca4\u0cb5\u0cb0\u0cbf\u0c97\u0cc2 \u0ca8\u0ca8\u0c97\u0cc2 \u0cae\u0cbe\u0ca1\u0cbf\u0ca6 \u0cb9\u0cbe\u0c97\u0cc6\u0caf\u0cc7 \u0c95\u0cb0\u0ccd\u0ca4\u0ca8\u0cc1 \u0ca8\u0cbf\u0cae\u0c97\u0cc6 \u0c95\u0cc3\u0caa\u0cc6\u0caf\u0cbf\u0c82\u0ca6 \u0cae\u0cbe\u0ca1\u0cb2\u0cbf."},{"Verseid":"07000008","Verse":"\u0ca8\u0cc0\u0cb5\u0cbf\u0cac\u0ccd\u0cac\u0cb0\u0cc2 \u0cae\u0ca6\u0cc1\u0cb5\u0cc6 \u0caf\u0cbe\u0c97\u0cbf \u0ca8\u0cbf\u0cae\u0ccd\u0cae \u0c97\u0c82\u0ca1\u0ca8 \u0cae\u0ca8\u0cc6\u0caf\u0cb2\u0ccd\u0cb2\u0cbf \u0cb5\u0cbf\u0cb6\u0ccd\u0cb0\u0cbe\u0c82\u0ca4\u0cbf \u0cb9\u0cca\u0c82\u0ca6\u0cc1 \u0cb5\u0c82\u0ca4\u0cc6 \u0c95\u0cb0\u0ccd\u0ca4\u0ca8\u0cc1 \u0ca8\u0cbf\u0cae\u0c97\u0cc6 \u0cae\u0cbe\u0ca1\u0cb2\u0cbf \u0c8e\u0c82\u0ca6\u0cc1 \u0cb9\u0cc7\u0cb3\u0cbf \u0c85\u0cb5\u0cb0\u0cbf\u0c97\u0cc6 \u0cae\u0cc1\u0ca6\u0ccd\u0ca6\u0cbf\u0c9f\u0ccd\u0c9f\u0cb3\u0cc1."},{"Verseid":"07000009","Verse":"\u0c86\u0c97 \u0c85\u0cb5\u0cb0\u0cc1 \u0c97\u0c9f\u0ccd\u0c9f\u0cbf\u0caf\u0cbe\u0c97\u0cbf \u0c85\u0ca4\u0ccd\u0ca4\u0cc1 \u0c86\u0c95\u0cc6\u0c97\u0cc6 \u0ca8\u0cbf\u0cb6\u0ccd\u0c9a\u0caf\u0cb5\u0cbe\u0c97\u0cbf\u0caf\u0cc2 \u0ca8\u0cbf\u0ca8\u0ccd\u0ca8 \u0c9c\u0ca8\u0cb0 \u0cac\u0cb3\u0cbf\u0c97\u0cc6 \u0ca8\u0cbf\u0ca8\u0ccd\u0ca8 \u0cb8\u0c82\u0c97\u0ca1 \u0ca4\u0cbf\u0cb0\u0cbf\u0c97\u0cbf \u0cac\u0cb0\u0cc1\u0ca4\u0ccd\u0ca4\u0cc7\u0cb5\u0cc6 \u0c85\u0c82\u0ca6\u0cb0\u0cc1."},{"Verseid":"07000010","Verse":"\u0c85\u0ca6\u0c95\u0ccd\u0c95\u0cc6 \u0ca8\u0cca\u0cb5\u0cca\u0cae\u0cbf\u0caf\u0cc1 \u0ca8\u0ca8\u0ccd\u0ca8 \u0c95\u0cc1\u0cae\u0cbe\u0cb0\u0ccd\u0ca4\u0cc6\u0caf\u0cb0\u0cc7, \u0ca8\u0cc0\u0cb5\u0cc1 \u0cb9\u0cbf\u0c82\u0ca4\u0cbf \u0cb0\u0cc1\u0c97\u0cbf \u0cb9\u0ccb\u0c97\u0cbf\u0cb0\u0cbf; \u0ca8\u0ca8\u0ccd\u0ca8 \u0cb8\u0c82\u0c97\u0ca1 \u0caf\u0cbe\u0c95\u0cc6 \u0cac\u0cb0\u0cc1\u0ca4\u0ccd\u0ca4\u0cc0\u0cb0\u0cbf? \u0ca8\u0cbf\u0cae\u0c97\u0cc6 \u0c97\u0c82\u0ca1\u0c82\u0ca6\u0cbf\u0cb0\u0cbe\u0c97\u0cc1\u0cb5 \u0cb9\u0cbe\u0c97\u0cc6 \u0c87\u0ca8\u0ccd\u0ca8\u0cc1 \u0ca8\u0ca8\u0ccd\u0ca8 \u0c97\u0cb0\u0ccd\u0cad\u0ca6\u0cb2\u0ccd\u0cb2\u0cbf \u0ca8\u0ca8\u0c97\u0cc6 \u0c95\u0cc1\u0cae\u0cbe\u0cb0\u0cb0\u0cc1 \u0c87\u0cb2\u0ccd\u0cb2\u0cb5\u0cb2\u0ccd\u0cb2\u0cbe!"},{"Verseid":"07000011","Verse":"\u0ca8\u0ca8\u0ccd\u0ca8 \u0c95\u0cc1\u0cae\u0cbe\u0cb0\u0ccd\u0ca4\u0cc6 \u0caf\u0cb0\u0cc7, \u0ca8\u0cc0\u0cb5\u0cc1 \u0cb9\u0cbf\u0c82\u0ca6\u0c95\u0ccd\u0c95\u0cc6 \u0cb9\u0ccb\u0c97\u0cbf\u0cb0\u0cbf; \u0ca8\u0cbe\u0ca8\u0cc1 \u0c92\u0cac\u0ccd\u0cac \u0c97\u0c82\u0ca1\u0ca8\u0cbf\u0c97\u0cc6 \u0cb9\u0cc6\u0c82\u0ca1\u0ca4\u0cbf\u0caf\u0cbe\u0c97\u0cc1\u0cb5\u0ca6\u0c95\u0ccd\u0c95\u0cc6 \u0caa\u0ccd\u0cb0\u0cbe\u0caf\u0cb9\u0ccb\u0ca6 \u0cb5\u0cb3\u0cc1. \u0c92\u0c82\u0ca6\u0cc1 \u0cb5\u0cc7\u0cb3\u0cc6 \u0ca8\u0cbf\u0cb0\u0cc0\u0c95\u0ccd\u0cb7\u0cc6 \u0ca8\u0ca8\u0c97\u0cc6 \u0c89\u0c82\u0c9f\u0cc6\u0c82\u0ca6\u0cc1 \u0cb9\u0cc7\u0cb3\u0cbf \u0ca8\u0cbe\u0ca8\u0cc1 \u0c88 \u0cb9\u0cca\u0ca4\u0ccd\u0ca4\u0cbf\u0ca8 \u0cb0\u0cbe\u0ca4\u0ccd\u0cb0\u0cbf\u0caf\u0cb2\u0ccd\u0cb2\u0cbf \u0c92\u0cac\u0ccd\u0cac \u0c97\u0c82\u0ca1\u0ca8\u0cbf\u0c97\u0cc6 \u0cb8\u0cc7\u0cb0\u0cbf \u0ca8\u0cbe\u0ca8\u0cc1 \u0cae\u0c95\u0ccd\u0c95\u0cb3\u0ca8\u0ccd\u0ca8\u0cc1 \u0cb9\u0cc6\u0ca4\u0ccd\u0ca4\u0cb0\u0cc2"},{"Verseid":"07000012","Verse":"\u0c85\u0cb5\u0cb0\u0cc1 \u0ca6\u0cca\u0ca1\u0ccd\u0ca1\u0cb5 \u0cb0\u0cbe\u0c97\u0cc1\u0cb5 \u0cb5\u0cb0\u0cc6\u0c97\u0cc2 \u0c95\u0cbe\u0ca6\u0cc1\u0c95\u0cca\u0cb3\u0ccd\u0cb3\u0cc1\u0cb5\u0cbf\u0cb0\u0ccb? \u0c97\u0c82\u0ca1\u0ca8\u0cbf\u0cb2\u0ccd\u0cb2\u0ca6\u0cc6 \u0ca8\u0cc0\u0cb5\u0cc1 \u0ca4\u0cbe\u0cb3\u0cbf\u0c95\u0cca\u0c82\u0ca1\u0cbf\u0cb0\u0cc1\u0cb5\u0cbf\u0cb0\u0ccb? \u0cac\u0cc7\u0ca1, \u0ca8\u0ca8\u0ccd\u0ca8 \u0c95\u0cc1\u0cae\u0cbe \u0cb0\u0ccd\u0ca4\u0cc6\u0caf\u0cb0\u0cc7; \u0c95\u0cb0\u0ccd\u0ca4\u0ca8 \u0cb9\u0cb8\u0ccd\u0ca4\u0cb5\u0cc1 \u0ca8\u0ca8\u0c97\u0cc6 \u0cb5\u0cbf\u0cb0\u0ccb\u0ca7\u0cb5\u0cbe\u0c97\u0cbf \u0cb0\u0cc1\u0cb5\u0ca6\u0cb0\u0cbf\u0c82\u0ca6 \u0ca8\u0cbf\u0cae\u0c97\u0cbf\u0c82\u0ca4 \u0ca8\u0ca8\u0c97\u0cc6 \u0cac\u0cb9\u0cc1 \u0ca6\u0cc1\u0c83\u0c96\u0cb5\u0cbe\u0c97\u0cbf\u0ca6\u0cc6 \u0c85\u0c82\u0ca6\u0cb3\u0cc1."},{"Verseid":"07000013","Verse":"\u0c86\u0c97 \u0c85\u0cb5\u0cb0\u0cc1 \u0ca4\u0cbf\u0cb0\u0cbf\u0c97\u0cbf \u0c97\u0c9f\u0ccd\u0c9f\u0cbf\u0caf\u0cbe\u0ca6 \u0cb8\u0ccd\u0cb5\u0cb0\u0ca6\u0cbf\u0c82\u0ca6 \u0c85\u0ca4\u0ccd\u0ca4\u0cb0\u0cc1. \u0c92\u0cb0\u0ccd\u0cab\u0cb3\u0cc1 \u0ca4\u0ca8\u0ccd\u0ca8 \u0c85\u0ca4\u0ccd\u0ca4\u0cc6\u0caf\u0ca8\u0ccd\u0ca8\u0cc1 \u0cae\u0cc1\u0ca6\u0ccd\u0ca6\u0cbf\u0c9f\u0ccd\u0c9f\u0cb3\u0cc1: \u0c86\u0ca6\u0cb0\u0cc6 \u0cb0\u0cc2\u0ca4\u0cb3\u0cc1 \u0c86\u0c95\u0cc6\u0caf\u0ca8\u0ccd\u0ca8\u0cc1 \u0c85\u0c82\u0c9f\u0cbf\u0c95\u0cca\u0c82\u0ca1\u0cb3\u0cc1."},{"Verseid":"07000014","Verse":"\u0c86\u0c97 \u0c86\u0c95\u0cc6\u0caf\u0cc1 \u0c87\u0c97\u0ccb, \u0ca8\u0cbf\u0ca8\u0ccd\u0ca8 \u0c93\u0cb0\u0c97\u0cbf\u0ca4\u0ccd\u0ca4\u0cbf\u0caf\u0cc1 \u0ca4\u0ca8\u0ccd\u0ca8 \u0c9c\u0ca8\u0cb0 \u0cac\u0cb3\u0cbf\u0c97\u0cc2 \u0ca4\u0ca8\u0ccd\u0ca8 \u0ca6\u0cc7\u0cb5\u0cb0\u0cc1\u0c97\u0cb3 \u0cac\u0cb3\u0cbf\u0c97\u0cc2 \u0ca4\u0cbf\u0cb0\u0cbf\u0c97\u0cbf \u0cb9\u0ccb\u0ca6\u0cb3\u0cc1; \u0ca8\u0cc0\u0ca8\u0cc2 \u0ca8\u0cbf\u0ca8\u0ccd\u0ca8 \u0c93\u0cb0\u0c97\u0cbf\u0ca4\u0ccd\u0ca4\u0cbf\u0caf \u0cb9\u0cbf\u0c82\u0ca6\u0cc6 \u0cb9\u0ccb\u0c97\u0cc1 \u0c85\u0c82\u0ca6\u0cb3\u0cc1."},{"Verseid":"07000015","Verse":"\u0c85\u0ca6\u0c95\u0ccd\u0c95\u0cc6 \u0cb0\u0cc2\u0ca4\u0cb3\u0cc1 \u0ca8\u0cbf\u0ca8\u0ccd\u0ca8\u0ca8\u0ccd\u0ca8\u0cc1 \u0cac\u0cbf\u0c9f\u0ccd\u0c9f\u0cc1 \u0cb9\u0cbf\u0c82\u0ca6\u0cbf\u0cb0\u0cc1\u0c97\u0cac\u0cc7\u0c95\u0cc6\u0c82\u0ca6\u0cc1 \u0ca8\u0ca8\u0ccd\u0ca8\u0ca8\u0ccd\u0ca8\u0cc1 \u0c92\u0ca4\u0ccd\u0ca4\u0cbe\u0caf\u0cae\u0cbe\u0ca1\u0cac\u0cc7\u0ca1; \u0caf\u0cbe\u0c95\u0c82\u0ca6\u0cb0\u0cc6 \u0ca8\u0cc0\u0ca8\u0cc1 \u0c8e\u0cb2\u0ccd\u0cb2\u0cbf \u0cb9\u0ccb\u0c97\u0cc1\u0cb5\u0cbf\u0caf\u0ccb \u0ca8\u0cbe\u0ca8\u0cc1 \u0c85\u0cb2\u0ccd\u0cb2\u0cbf\u0c97\u0cc6 \u0cac\u0cb0\u0cc1\u0cb5\u0cc6\u0ca8\u0cc1; \u0ca8\u0cc0\u0ca8\u0cc1 \u0c8e\u0cb2\u0ccd\u0cb2\u0cbf \u0c87\u0cb3\u0cc1\u0c95\u0cca\u0cb3\u0ccd\u0cb3\u0cc1\u0cb5\u0cbf\u0caf\u0ccb \u0ca8\u0cbe\u0ca8\u0cc1 \u0c85\u0cb2\u0ccd\u0cb2\u0cbf \u0c87\u0cb3\u0cc1 \u0c95\u0cca\u0cb3\u0ccd\u0cb3\u0cc1\u0cb5\u0cc6\u0ca8\u0cc1; \u0ca8\u0cbf\u0ca8\u0ccd\u0ca8 \u0c9c\u0ca8\u0cb0\u0cc7 \u0ca8\u0ca8\u0ccd\u0ca8 \u0c9c\u0ca8\u0cb0\u0cc1; \u0ca8\u0cbf\u0ca8\u0ccd\u0ca8 \u0ca6\u0cc7\u0cb5\u0cb0\u0cc7 \u0ca8\u0ca8\u0ccd\u0ca8 \u0ca6\u0cc7\u0cb5\u0cb0\u0cc1."},{"Verseid":"07000016","Verse":"\u0ca8\u0cc0\u0ca8\u0cc1 \u0c8e\u0cb2\u0ccd\u0cb2\u0cbf \u0cb8\u0cbe\u0caf\u0cc1\u0ca4\u0ccd\u0ca4\u0cc0\u0caf\u0ccb \u0c85\u0cb2\u0ccd\u0cb2\u0cbf\u0caf\u0cc7 \u0ca8\u0cbe\u0ca8\u0cc1 \u0cb8\u0ca4\u0ccd\u0ca4\u0cc1\u0cb9\u0cc2\u0ca3\u0cb2\u0ccd\u0caa\u0ca1\u0cc1\u0cb5\u0cc6\u0ca8\u0cc1. \u0cae\u0cb0\u0ca3\u0cb5\u0cc1 \u0cae\u0cbe\u0ca4\u0ccd\u0cb0 \u0ca8\u0cae\u0ccd\u0cae\u0ca8\u0ccd\u0ca8\u0cc1 \u0c85\u0c97\u0cb2\u0cbf\u0cb8\u0ca6 \u0cb9\u0cca\u0cb0\u0ca4\u0cc1 \u0ca8\u0cbe\u0ca8\u0cc1 \u0c85\u0c97\u0cb2\u0cbf\u0ca6\u0cb0\u0cc6 \u0c95\u0cb0\u0ccd\u0ca4\u0ca8\u0cc1 \u0ca8\u0ca8\u0c97\u0cc6 \u0cac\u0cc7\u0c95\u0cbe\u0ca6\u0ca6\u0ccd\u0ca6\u0ca8\u0ccd\u0ca8\u0cc1 \u0cae\u0cbe\u0ca1\u0cb2\u0cbf \u0c85\u0c82\u0ca6\u0cb3\u0cc1."},{"Verseid":"07000017","Verse":"\u0c86\u0c95\u0cc6\u0caf\u0cc1 \u0ca4\u0ca8\u0ccd\u0ca8 \u0cb8\u0c82\u0c97\u0ca1 \u0cac\u0cb0\u0cb2\u0cc1 \u0ca6\u0cc3\u0ca2\u0cb5\u0cbe\u0ca6 \u0cae\u0ca8\u0cb8\u0ccd\u0cb8\u0cc1 \u0cae\u0cbe\u0ca1\u0cbf\u0c95\u0cca\u0c82\u0ca1\u0cbf\u0ca6\u0ccd\u0ca6\u0cbe\u0cb3\u0cc6\u0c82\u0ca6\u0cc1 \u0c95\u0c82\u0ca1\u0cbe\u0c97 \u0c85\u0cb5\u0cb3 \u0cb8\u0c82\u0c97\u0ca1 \u0cae\u0cbe\u0ca4\u0ca8\u0cbe\u0ca1\u0ca6\u0cc6 \u0c87\u0ca6\u0ccd\u0ca6\u0cb3\u0cc1."},{"Verseid":"07000018","Verse":"\u0cb9\u0cbe\u0c97\u0cc6\u0caf\u0cc7 \u0c87\u0cac\u0ccd\u0cac\u0cb0\u0cc2 \u0cac\u0cc7\u0ca4\u0ccd\u0cb2\u0cc6\u0cb9\u0cc7\u0cae\u0cbf\u0ca8\u0cb5\u0cb0\u0cc6\u0c97\u0cc2 \u0cb9\u0ccb\u0ca6\u0cb0\u0cc1. \u0c85\u0cb5\u0cb0\u0cc1 \u0cac\u0cc7\u0ca4\u0ccd\u0cb2\u0cc6\u0cb9\u0cc7\u0cae\u0cbf\u0ca8\u0cb2\u0ccd\u0cb2\u0cbf \u0caa\u0ccd\u0cb0\u0cb5\u0cc7\u0cb6\u0cbf\u0cb8\u0cc1\u0cb5\u0cbe\u0c97 \u0c86 \u0caa\u0c9f\u0ccd\u0c9f\u0ca3\u0cb5\u0cc6\u0cb2\u0ccd\u0cb2\u0cbe \u0c87\u0cb5\u0cb0\u0cbf\u0c97\u0ccb\u0cb8\u0ccd\u0c95\u0cb0 \u0c97\u0ca6\u0ccd\u0ca6\u0cb2\u0cb5\u0cbe\u0c97\u0cbf \u0c85\u0cb5\u0cb0\u0cc1 \u0c87\u0cb5\u0cb3\u0cc1 \u0ca8\u0cca\u0cb5\u0cca \u0cae\u0cbf\u0caf\u0ccb? \u0c85\u0c82\u0ca6\u0cb0\u0cc1."},{"Verseid":"07000019","Verse":"\u0c86\u0c97 \u0c86\u0c95\u0cc6\u0caf\u0cc1 \u0c85\u0cb5\u0cb0\u0cbf\u0c97\u0cc6 \u0ca8\u0ca8\u0ccd\u0ca8\u0ca8\u0ccd\u0ca8\u0cc1 \u0ca8\u0cca\u0cb5\u0cca\u0cae\u0cbf \u0c8e\u0c82\u0ca6\u0cc1 \u0c95\u0cb0\u0cc6\u0caf\u0cac\u0cc7\u0ca1\u0cbf\u0cb0\u0cbf; \u0cae\u0cbe\u0cb0\u0cbe \u0c8e\u0c82\u0ca6\u0cc1 \u0c95\u0cb0\u0cc6\u0caf\u0cbf\u0cb0\u0cbf; \u0caf\u0cbe\u0c95\u0c82\u0ca6\u0cb0\u0cc6 \u0cb8\u0cb0\u0ccd\u0cb5\u0cb6\u0c95\u0ccd\u0ca4\u0ca8\u0cc1 \u0ca8\u0ca8\u0ccd\u0ca8\u0ca8\u0ccd\u0ca8\u0cc1 \u0cac\u0cb9\u0cc1 \u0ca6\u0cc1\u0c83\u0c96\u0ca6\u0cb2\u0ccd\u0cb2\u0cbf \u0ca8\u0ca1\u0cbf\u0cb8\u0cbf\u0ca6\u0ca8\u0cc1."},{"Verseid":"07000020","Verse":"\u0ca8\u0cbe\u0ca8\u0cc1 \u0cb8\u0cae\u0cc3\u0ca6\u0ccd\u0ca7\u0cbf \u0caf\u0cbe\u0c97\u0cbf \u0cb9\u0cca\u0cb0\u0c9f\u0cc1 \u0cb9\u0ccb\u0ca6\u0cc6\u0ca8\u0cc1; \u0c95\u0cb0\u0ccd\u0ca4\u0ca8\u0cc1 \u0ca8\u0ca8\u0ccd\u0ca8\u0ca8\u0ccd\u0ca8\u0cc1 \u0c8f\u0ca8\u0cc2 \u0c87\u0cb2\u0ccd\u0cb2\u0ca6\u0cc6 \u0ca4\u0cbf\u0cb0\u0cbf\u0c97\u0cbf \u0cae\u0ca8\u0cc6\u0c97\u0cc6 \u0cac\u0cb0\u0cae\u0cbe\u0ca1\u0cbf\u0ca6\u0ccd\u0ca6\u0cbe\u0ca8\u0cc6. \u0c95\u0cb0\u0ccd\u0ca4\u0ca8\u0cc1 \u0ca8\u0ca8\u0c97\u0cc6 \u0cb5\u0cbf\u0cb0\u0ccb\u0ca7\u0cb5\u0cbe\u0c97\u0cbf \u0cb8\u0cbe\u0c95\u0ccd\u0cb7\u0cbf\u0c95\u0cca\u0c9f\u0ccd\u0c9f\u0cc1, \u0cb8\u0cb0\u0ccd\u0cb5\u0cb6\u0c95\u0ccd\u0ca4\u0ca8\u0cc1 \u0ca8\u0ca8\u0ccd\u0ca8\u0ca8\u0ccd\u0ca8\u0cc1 \u0cac\u0cbe\u0ca7\u0cbf\u0cb8\u0cbf\u0ca6\u0ccd\u0ca6\u0cbe\u0ca8\u0cc6. \u0c86\u0ca6\u0ca6\u0cb0\u0cbf\u0c82\u0ca6 \u0ca8\u0cc0\u0cb5\u0cc1 \u0ca8\u0ca8\u0ccd\u0ca8\u0ca8\u0ccd\u0ca8\u0cc1 \u0ca8\u0cca\u0cb5\u0cca\u0cae\u0cbf \u0c8e\u0c82\u0ca6\u0cc1 \u0c95\u0cb0\u0cc6\u0caf\u0cc1\u0cb5\u0ca6\u0cc7\u0ca8\u0cc1 \u0c85\u0c82\u0ca6\u0cb3\u0cc1."},{"Verseid":"07000021","Verse":"\u0cb9\u0cc0\u0c97\u0cc6 \u0ca8\u0cca\u0cb5\u0cca\u0cae\u0cbf \u0cae\u0ccb\u0cb5\u0cbe\u0cac\u0ccd\u200c \u0ca6\u0cc7\u0cb6\u0cb8\u0ccd\u0ca5\u0cb3\u0cbe\u0ca6 \u0cb0\u0cc2\u0ca4\u0cc6\u0c82\u0cac \u0ca4\u0ca8\u0ccd\u0ca8 \u0cb8\u0cca\u0cb8\u0cc6\u0caf \u0cb8\u0c82\u0c97\u0ca1 \u0cae\u0ccb\u0cb5\u0cbe\u0cac\u0ccd\u200c \u0ca6\u0cc7\u0cb6 \u0ca6\u0cbf\u0c82\u0ca6 \u0ca4\u0cbf\u0cb0\u0cbf\u0c97\u0cbf \u0cac\u0c82\u0ca6\u0cb3\u0cc1. \u0c87\u0ca6\u0cb2\u0ccd\u0cb2\u0ca6\u0cc6 \u0c85\u0cb5\u0cb0\u0cc1 \u0c9c\u0cb5\u0cc6 \u0c97\u0ccb\u0ca7\u0cbf\u0caf \u0cb8\u0cc1\u0c97\u0ccd\u0c97\u0cbf\u0caf \u0c95\u0cbe\u0cb2 \u0caa\u0ccd\u0cb0\u0cbe\u0cb0\u0c82\u0cad\u0cbf\u0cb8\u0cbf\u0ca6\u0cbe\u0c97 \u0cac\u0cc7\u0ca4\u0ccd\u0cb2\u0cc6\u0cb9\u0cc7\u0cae\u0cbf\u0c97\u0cc6 \u0cac\u0c82\u0ca6\u0cb0\u0cc1."}]},{"Verse":[{"Verseid":"07001000","Verse":"\u0ca8\u0cca\u0cb5\u0cca\u0cae\u0cbf\u0caf \u0c97\u0c82\u0ca1\u0ca8\u0cbe\u0ca6 \u0c8e\u0cb2\u0cc0\u0cae\u0cc6\u0cb2\u0cc6 \u0c95\u0ca8 \u0c97\u0ccb\u0ca4\u0ccd\u0cb0\u0ca6\u0cb2\u0ccd\u0cb2\u0cbf \u0cac\u0ccb\u0cb5\u0c9c\u0ca8\u0cc1 \u0c8e\u0c82\u0cac \u0cb9\u0cc6\u0cb8\u0cb0\u0cc1\u0cb3\u0ccd\u0cb3 \u0cac\u0cb9\u0cb3 \u0c90\u0cb6\u0ccd\u0cb5\u0cb0\u0ccd\u0caf\u0cb5\u0c82\u0ca4\u0ca8\u0cbe\u0c97\u0cbf\u0cb0\u0cc1\u0cb5 \u0cb8\u0c82\u0cac\u0c82\u0ca7\u0cbf \u0c95\u0ca8\u0cbf\u0ca6\u0ccd\u0ca6\u0ca8\u0cc1."},{"Verseid":"07001001","Verse":"\u0cae\u0ccb\u0cb5\u0cbe\u0cac\u0ccd\u0caf\u0cb3\u0cbe\u0ca6 \u0cb0\u0cc2\u0ca4\u0cb3\u0cc1 \u0ca8\u0cca\u0cb5\u0cca\u0cae\u0cbf\u0c97\u0cc6 \u0ca8\u0cbe\u0ca8\u0cc1 \u0cb9\u0cca\u0cb2\u0c95\u0ccd\u0c95\u0cc6 \u0cb9\u0ccb\u0c97\u0cbf \u0caf\u0cbe\u0cb5\u0ca8 \u0c95\u0cc3\u0caa\u0cc6\u0caf\u0cc1 \u0ca8\u0ca8\u0c97\u0cc6 \u0c86\u0c97\u0cc1\u0cb5\u0ca6\u0ccb \u0c85\u0cb5\u0ca8 \u0cb9\u0cca\u0cb2\u0ca6\u0cb2\u0ccd\u0cb2\u0cbf \u0cb9\u0c95\u0ccd\u0c95\u0cb2 \u0ca4\u0cc6\u0ca8\u0cc6\u0c97\u0cb3\u0ca8\u0ccd\u0ca8\u0cc1 \u0c95\u0cc2\u0ca1\u0cbf\u0cb8\u0cbf\u0c95\u0cca\u0cb3\u0ccd\u0cb3\u0cc1\u0cb5\u0cc6\u0ca8\u0cc1 \u0c85\u0c82\u0ca6\u0cb3\u0cc1. \u0c85\u0ca6\u0c95\u0ccd\u0c95\u0cc6 \u0c87\u0cb5\u0cb3\u0cc1 \u0ca8\u0ca8\u0ccd\u0ca8 \u0cae\u0c97\u0cb3\u0cc7, \u0cb9\u0ccb\u0c97\u0cc1 \u0c85\u0c82\u0ca6\u0cb3\u0cc1."},{"Verseid":"07001002","Verse":"\u0c85\u0cb5\u0cb3\u0cc1 \u0cb9\u0ccb\u0c97\u0cbf \u0cb9\u0cca\u0cb2\u0ca6\u0cb2\u0ccd\u0cb2\u0cbf \u0c95\u0cca\u0caf\u0ccd\u0caf\u0cc1\u0cb5\u0cb5\u0cb0 \u0cb9\u0cbf\u0c82\u0ca6\u0cc6 \u0cb9\u0c95\u0ccd\u0c95\u0cb2\u0cbe\u0ca6\u0cc1 \u0c95\u0cca\u0c82\u0ca1\u0cb3\u0cc1. \u0c85\u0cb5\u0cb3\u0cbf\u0c97\u0cc6 \u0caa\u0ccd\u0cb0\u0cbe\u0caa\u0ccd\u0ca4\u0cbf\u0cb8\u0cbf\u0ca6 \u0c86 \u0cb9\u0cca\u0cb2\u0ca6 \u0cad\u0cbe\u0c97 \u0c8e\u0cb2\u0cc0\u0cae\u0cc6\u0cb2\u0cc6\u0c95\u0ca8 \u0cb8\u0c82\u0cac\u0c82\u0ca7\u0cbf\u0c95\u0ca8\u0cbe\u0ca6 \u0cac\u0ccb\u0cb5\u0c9c\u0ca8\u0ca6\u0cbe\u0c97\u0cbf\u0ca4\u0ccd\u0ca4\u0cc1."},{"Verseid":"07001003","Verse":"\u0c87\u0c97\u0ccb, \u0cac\u0ccb\u0cb5\u0c9c\u0ca8\u0cc1 \u0cac\u0cc7\u0ca4\u0ccd\u0cb2\u0cc6\u0cb9\u0cc7\u0cae\u0cbf\u0ca8\u0cbf\u0c82\u0ca6 \u0cac\u0c82\u0ca6\u0cc1 \u0c95\u0cca\u0caf\u0ccd\u0caf\u0cc1\u0cb5\u0cb5\u0cb0\u0cbf\u0c97\u0cc6 \u0c95\u0cb0\u0ccd\u0ca4\u0ca8\u0cc1 \u0ca8\u0cbf\u0cae\u0ccd\u0cae \u0cb8\u0c82\u0c97\u0ca1 \u0c87\u0cb0\u0cb2\u0cbf \u0c85\u0c82\u0ca6\u0ca8\u0cc1. \u0c85\u0ca6\u0c95\u0ccd\u0c95\u0cc6 \u0c85\u0cb5\u0cb0\u0cc1 \u0c95\u0cb0\u0ccd\u0ca4\u0ca8\u0cc1 \u0ca8\u0cbf\u0ca8\u0ccd\u0ca8\u0ca8\u0ccd\u0ca8\u0cc1 \u0c86\u0cb6\u0cc0\u0cb0\u0ccd\u0cb5 \u0ca6\u0cbf\u0cb8\u0cb2\u0cbf \u0c85\u0c82\u0ca6\u0cb0\u0cc1."},{"Verseid":"07001004","Verse":"\u0cac\u0ccb\u0cb5\u0c9c\u0ca8\u0cc1 \u0c95\u0cca\u0caf\u0ccd\u0caf\u0cc1\u0cb5\u0cb5\u0cb0 \u0cae\u0cc7\u0cb2\u0cc6 \u0cae\u0cc7\u0cb2\u0ccd\u0c97\u0cbe\u0cb5\u0cb2\u0cbf\u0caf\u0cbe\u0c97\u0cbf \u0c87\u0c9f\u0ccd\u0c9f \u0ca4\u0ca8\u0ccd\u0ca8 \u0cb8\u0cc7\u0cb5\u0c95\u0ca8\u0cbf\u0c97\u0cc6 \u0c87\u0cb5\u0cb3\u0cc1 \u0caf\u0cbe\u0cb0 \u0cb9\u0cc1\u0ca1\u0cc1\u0c97\u0cbf \u0c85\u0c82\u0ca6\u0ca8\u0cc1."},{"Verseid":"07001005","Verse":"\u0c85\u0ca6\u0c95\u0ccd\u0c95\u0cc6 \u0c95\u0cca\u0caf\u0ccd\u0caf\u0cc1 \u0cb5\u0cb5\u0cb0 \u0cae\u0cc7\u0cb2\u0cc6 \u0cae\u0cc7\u0cb2\u0ccd\u0c97\u0cbe\u0cb5\u0cb2\u0cbf\u0caf\u0cbe\u0c97\u0cbf \u0c87\u0ca1\u0cb2\u0ccd\u0caa\u0c9f\u0ccd\u0c9f \u0c86 \u0cb8\u0cc7\u0cb5\u0c95\u0ca8\u0cc1 \u0caa\u0ccd\u0cb0\u0ca4\u0ccd\u0caf\u0cc1\u0ca4\u0ccd\u0ca4\u0cb0\u0cb5\u0cbe\u0c97\u0cbf \u0c87\u0cb5\u0cb3\u0cc1 \u0cae\u0ccb\u0cb5\u0cbe\u0cac\u0ccd\u200c \u0cb8\u0cc0\u0cae\u0cc6\u0caf\u0cbf\u0c82\u0ca6 \u0ca8\u0cca\u0cb5\u0cca\u0cae\u0cbf\u0caf \u0cb8\u0c82\u0c97\u0ca1 \u0cb9\u0cbf\u0c82\u0ca6\u0cbf\u0cb0\u0cc1\u0c97\u0cbf \u0cac\u0c82\u0ca6 \u0cae\u0ccb\u0cb5\u0cbe\u0cac\u0cbf\u0ca8 \u0cb9\u0cc1\u0ca1\u0cc1\u0c97\u0cbf."},{"Verseid":"07001006","Verse":"\u0c86\u0ca6\u0cb0\u0cc6 \u0c87\u0cb5\u0cb3\u0cc1, \u0c95\u0cca\u0caf\u0ccd\u0caf\u0cc1\u0cb5\u0cb5\u0cb0 \u0cb9\u0cbf\u0c82\u0ca6\u0cc6 \u0c95\u0cca\u0caf\u0ccd\u0ca6 \u0cb8\u0cbf\u0cb5\u0cc1\u0ca1\u0cc1\u0c97\u0cb3\u0cb2\u0ccd\u0cb2\u0cbf \u0ca8\u0cbe\u0ca8\u0cc1 \u0cb9\u0c95\u0ccd\u0c95\u0cb2\u0cbe\u0cb0\u0cbf\u0cb8\u0cbf\u0c95\u0cca\u0cb3\u0ccd\u0cb3\u0cb2\u0cc2 \u0c95\u0cc2\u0ca1\u0cbf\u0cb8\u0cbf\u0c95\u0cca\u0cb3\u0ccd\u0cb3\u0cb2\u0cc2 \u0c85\u0caa\u0ccd\u0caa\u0ca3\u0cc6 \u0caf\u0cbe\u0c97\u0cb2\u0cbf \u0c85\u0c82\u0ca6\u0cb3\u0cc1. \u0cae\u0ca8\u0cc6\u0caf\u0cb2\u0ccd\u0cb2\u0cbf \u0c95\u0ccd\u0cb7\u0ca3\u0cae\u0cbe\u0ca4\u0ccd\u0cb0\u0cb5\u0cbf\u0ca6\u0ccd\u0ca6\u0cc1 \u0cac\u0cc6\u0cb3\u0c97\u0cbf\u0ca8\u0cbf\u0c82\u0ca6 \u0c88 \u0cb5\u0cb0\u0cc6\u0c97\u0cc2 \u0c87\u0cb2\u0ccd\u0cb2\u0cbf\u0caf\u0cc7 \u0c87\u0ca6\u0ccd\u0ca6\u0cbe\u0cb3\u0cc6 \u0c85\u0c82\u0ca6\u0ca8\u0cc1."},{"Verseid":"07001007","Verse":"\u0c86\u0c97 \u0cac\u0ccb\u0cb5\u0c9c\u0ca8\u0cc1 \u0cb0\u0cc2\u0ca4\u0cb3\u0cbf\u0c97\u0cc6 \u0ca8\u0ca8\u0ccd\u0ca8 \u0cae\u0c97\u0cb3\u0cc7, \u0ca8\u0ca8\u0ccd\u0ca8 \u0cae\u0cbe\u0ca4\u0cc1 \u0c95\u0cc7\u0cb3\u0cc1\u0ca4\u0ccd\u0ca4\u0cc0\u0caf\u0cbe? \u0ca8\u0cc0\u0ca8\u0cc1 \u0cb9\u0c95\u0ccd\u0c95\u0cb2\u0cbe\u0ca6\u0cc1\u0c95\u0cca\u0cb3\u0ccd\u0cb3\u0cb2\u0cc1 \u0c85\u0ca8\u0ccd\u0caf\u0cb0 \u0cb9\u0cca\u0cb2\u0c95\u0ccd\u0c95\u0cc6 \u0cb9\u0ccb\u0c97\u0ca6\u0cc6, \u0c88 \u0cb8\u0ccd\u0ca5\u0cb3\u0cb5\u0ca8\u0ccd\u0ca8\u0cc1 \u0cac\u0cbf\u0c9f\u0ccd\u0c9f\u0cc1 \u0cb9\u0cca\u0cb0\u0ca1\u0ca6\u0cc6, \u0c87\u0cb2\u0ccd\u0cb2\u0cbf\u0caf\u0cc7 \u0ca8\u0ca8\u0ccd\u0ca8 \u0ca6\u0cbe\u0cb8\u0cbf\u0c97\u0cb3 \u0cb8\u0c82\u0c97\u0ca1 \u0c95\u0cc2\u0ca1\u0cbf\u0c95\u0cca\u0c82\u0ca1\u0cbf\u0cb0\u0cc1."},{"Verseid":"07001008","Verse":"\u0ca8\u0cbf\u0ca8\u0ccd\u0ca8 \u0c95\u0ca3\u0ccd\u0ca3\u0cc1\u0c97\u0cb3\u0cc1 \u0c85\u0cb5\u0cb0\u0cc1 \u0c95\u0cca\u0caf\u0ccd\u0caf\u0cc1\u0cb5 \u0cb9\u0cca\u0cb2\u0ca6 \u0cae\u0cc7\u0cb2\u0cc6 \u0c87\u0cb0\u0cb2\u0cbf; \u0c85\u0cb5\u0cb0 \u0cb9\u0cbf\u0c82\u0ca6\u0cc6\u0caf\u0cc7 \u0cb9\u0ccb\u0c97\u0cc1, \u0caf\u0cbe\u0cb5\u0ca8\u0cbe\u0ca6\u0cb0\u0cc2 \u0ca8\u0cbf\u0ca8\u0ccd\u0ca8\u0ca8\u0ccd\u0ca8\u0cc1 \u0cae\u0cc1\u0c9f\u0ccd\u0c9f\u0ca6 \u0cb9\u0cbe\u0c97\u0cc6 \u0c85\u0cb5\u0cb0\u0cbf\u0c97\u0cc6 \u0c86\u0c9c\u0ccd\u0c9e\u0cbe\u0caa\u0cbf\u0cb8\u0cbf\u0ca6\u0cc6\u0ca8\u0cb2\u0ccd\u0cb2\u0cbe? \u0ca8\u0cbf\u0ca8\u0c97\u0cc6 \u0ca6\u0cbe\u0cb9\u0cb5\u0cbe\u0ca6\u0cb0\u0cc6 \u0ca8\u0cc0\u0ca8\u0cc1 \u0caa\u0cbe\u0ca4\u0ccd\u0cb0\u0cc6\u0c97\u0cb3 \u0cac\u0cb3\u0cbf\u0c97\u0cc6 \u0cb9\u0ccb\u0c97\u0cbf \u0caa\u0ccd\u0cb0\u0cbe\u0caf\u0cb8\u0ccd\u0ca5\u0cb0\u0cc1 \u0cb8\u0cc7\u0ca6\u0cbf\u0c9f\u0ccd\u0c9f \u0ca8\u0cc0\u0cb0\u0ca8\u0ccd\u0ca8\u0cc1 \u0c95\u0cc1\u0ca1\u0cbf \u0c85\u0c82\u0ca6\u0ca8\u0cc1."},{"Verseid":"07001009","Verse":"\u0c86\u0c97 \u0c85\u0cb5\u0cb3\u0cc1 \u0cb8\u0cbe\u0cb7\u0ccd\u0c9f\u0cbe\u0c82\u0c97 \u0cac\u0cbf\u0ca6\u0ccd\u0ca6\u0cc1 \u0cb5\u0c82\u0ca6\u0cbf\u0cb8\u0cbf \u0c85\u0cb5\u0ca8\u0cbf\u0c97\u0cc6 \u0ca8\u0cbe\u0ca8\u0cc1 \u0c85\u0ca8\u0ccd\u0caf\u0cb3\u0cbe\u0c97\u0cbf\u0cb0\u0cc1\u0cb5\u0cbe\u0c97 \u0ca8\u0cc0\u0ca8\u0cc1 \u0ca8\u0ca8\u0ccd\u0ca8\u0ca8\u0ccd\u0ca8\u0cc1 \u0ca4\u0cbf\u0cb3\u0cc1\u0c95\u0cca\u0c82\u0ca1\u0cc1 \u0ca8\u0ca8\u0ccd\u0ca8 \u0cae\u0cc7\u0cb2\u0cc6 \u0ca8\u0cbf\u0ca8\u0ccd\u0ca8 \u0c95\u0cc3\u0caa\u0cc6 \u0caf\u0ca8\u0ccd\u0ca8\u0cc1 \u0ca4\u0ccb\u0cb0\u0cbf\u0cb8\u0cbf\u0ca6\u0ccd\u0ca6\u0cc1 \u0cb9\u0cc7\u0c97\u0cc6 \u0c85\u0c82\u0ca6\u0cb3\u0cc1."},{"Verseid":"07001010","Verse":"\u0c86\u0c97 \u0cac\u0ccb\u0cb5\u0c9c\u0ca8\u0cc1 \u0c85\u0cb5\u0cb3\u0cbf\u0c97\u0cc6 \u0caa\u0ccd\u0cb0\u0ca4\u0ccd\u0caf\u0cc1\u0ca4\u0ccd\u0ca4\u0cb0\u0cb5\u0cbe\u0c97\u0cbf \u0ca8\u0cbf\u0ca8\u0ccd\u0ca8 \u0c97\u0c82\u0ca1\u0ca8\u0cc1 \u0cb8\u0ca4\u0ccd\u0ca4 \u0ca4\u0cb0\u0cc1\u0cb5\u0cbe\u0caf \u0ca8\u0cc0\u0ca8\u0cc1 \u0ca8\u0cbf\u0ca8\u0ccd\u0ca8 \u0c85\u0ca4\u0ccd\u0ca4\u0cc6\u0c97\u0ccb\u0cb8\u0ccd\u0c95\u0cb0 \u0cae\u0cbe\u0ca1\u0cbf \u0ca6\u0ccd\u0ca6\u0cc6\u0cb2\u0ccd\u0cb2\u0cb5\u0cc2 \u0ca8\u0cbf\u0ca8\u0ccd\u0ca8 \u0ca4\u0c82\u0ca6\u0cc6\u0ca4\u0cbe\u0caf\u0cbf\u0c97\u0cb3\u0ca8\u0ccd\u0ca8\u0cc2 \u0cb9\u0cc1\u0c9f\u0ccd\u0c9f\u0cbf\u0ca6 \u0ca6\u0cc7\u0cb6\u0cb5\u0ca8\u0ccd\u0ca8\u0cc2 \u0c8e\u0c82\u0ca6\u0cbf\u0c97\u0cc2 \u0c85\u0cb0\u0cbf\u0caf\u0ca6 \u0c9c\u0ca8\u0cb0 \u0cac\u0cb3\u0cbf\u0c97\u0cc6 \u0cac\u0c82\u0ca6\u0ca6\u0ccd\u0ca6\u0cc2 \u0ca8\u0ca8\u0c97\u0cc6 \u0c9a\u0cc6\u0ca8\u0ccd\u0ca8\u0cbe\u0c97\u0cbf \u0ca4\u0cbf\u0cb3\u0cbf\u0cb8\u0cb2\u0ccd\u0caa\u0c9f\u0ccd\u0c9f\u0cbf\u0ca6\u0cc6."},{"Verseid":"07001011","Verse":"\u0ca8\u0cc0\u0ca8\u0cc1 \u0cae\u0cbe\u0ca1\u0cbf\u0ca6\u0ccd\u0ca6\u0c95\u0ccd\u0c95\u0cc6 \u0c95\u0cb0\u0ccd\u0ca4\u0ca8\u0cc1 \u0ca8\u0cbf\u0ca8\u0c97\u0cc6 \u0cac\u0ca6\u0cb2\u0cc1 \u0c95\u0cca\u0ca1\u0cb2\u0cbf; \u0c87\u0cb8\u0ccd\u0cb0\u0cbe\u0caf\u0cc7\u0cb2\u0ccd\u200c \u0ca6\u0cc7\u0cb5\u0cb0\u0cbe\u0ca6 \u0c95\u0cb0\u0ccd\u0ca4\u0ca8 \u0cb0\u0cc6\u0c95\u0ccd\u0c95\u0cc6\u0c97\u0cb3 \u0c95\u0cc6\u0cb3\u0c97\u0cc6 \u0c86\u0cb6\u0ccd\u0cb0\u0caf\u0cbf\u0cb8\u0cbf\u0c95\u0cca\u0cb3\u0ccd\u0cb3\u0cb2\u0cc1 \u0cac\u0c82\u0ca6 \u0ca8\u0cbf\u0ca8\u0c97\u0cc6 \u0c86\u0ca4\u0ca8\u0cbf\u0c82\u0ca6 \u0cac\u0cb0\u0cc1\u0cb5 \u0ca8\u0cbf\u0ca8\u0ccd\u0ca8 \u0cac\u0cb9\u0cc1\u0cae\u0cbe\u0ca8 \u0caa\u0cb0\u0cbf\u0caa\u0cc2\u0cb0\u0ccd\u0ca3\u0cb5\u0cbe\u0c97\u0cbf\u0cb0\u0cb2\u0cbf \u0c85\u0c82\u0ca6\u0ca8\u0cc1."},{"Verseid":"07001012","Verse":"\u0c85\u0ca6\u0c95\u0ccd\u0c95\u0cc6 \u0c85\u0cb5\u0cb3\u0cc1 \u0ca8\u0ca8\u0ccd\u0ca8 \u0c92\u0ca1\u0cc6\u0caf\u0ca8\u0cc7, \u0ca8\u0ca8\u0c97\u0cc6 \u0ca8\u0cbf\u0ca8\u0ccd\u0ca8 \u0ca6\u0cc3\u0cb7\u0ccd\u0c9f\u0cbf\u0caf\u0cb2\u0ccd\u0cb2\u0cbf \u0ca6\u0caf\u0cc6\u0ca6\u0cca\u0cb0\u0c95\u0cb2\u0cbf. \u0caf\u0cbe\u0c95\u0c82\u0ca6\u0cb0\u0cc6 \u0ca8\u0ca8\u0ccd\u0ca8\u0ca8\u0ccd\u0ca8\u0cc1 \u0ca8\u0cc0\u0ca8\u0cc1 \u0c86\u0ca6\u0cb0\u0cbf\u0cb8\u0cbf\u0ca6\u0cbf; \u0ca8\u0cbe\u0ca8\u0cc1 \u0ca8\u0cbf\u0ca8\u0ccd\u0ca8 \u0ca6\u0cbe\u0cb8\u0cbf\u0c97\u0cb3\u0cb2\u0ccd\u0cb2\u0cbf \u0c92\u0cac\u0ccd\u0cac\u0cb3\u0cb2\u0ccd\u0cb2 \u0ca6\u0cbf\u0ca6\u0ccd\u0ca6\u0cb0\u0cc2 \u0ca8\u0ca8\u0ccd\u0ca8 \u0c95\u0cc2\u0ca1 \u0cb8\u0ccd\u0ca8\u0cc7\u0cb9\u0ca6\u0cbf\u0c82\u0ca6 \u0cae\u0cbe\u0ca4\u0ca8\u0cbe\u0ca1\u0cbf\u0ca6\u0cbf\u0c85\u0c82\u0ca6\u0cb3\u0cc1."},{"Verseid":"07001013","Verse":"\u0c87\u0ca6\u0cb2\u0ccd\u0cb2\u0ca6\u0cc6 \u0cac\u0ccb\u0cb5\u0c9c\u0ca8\u0cc1 \u0c85\u0cb5\u0cb3\u0cbf\u0c97\u0cc6 \u0c8a\u0c9f\u0ca6 \u0cb5\u0cc7\u0cb3\u0cc6\u0caf\u0cb2\u0ccd\u0cb2\u0cbf \u0cb9\u0ca4\u0ccd\u0ca4\u0cbf\u0cb0 \u0cac\u0c82\u0ca6\u0cc1 \u0cb0\u0cca\u0c9f\u0ccd\u0c9f\u0cbf\u0caf \u0ca4\u0cc1\u0ca4\u0ccd\u0ca4\u0ca8\u0ccd\u0ca8\u0cc1 \u0cb9\u0cc1\u0cb3\u0cbf\u0cb0\u0cb8\u0ca6\u0cb2\u0ccd\u0cb2\u0cbf \u0c85\u0ca6\u0ccd\u0ca6\u0cbf \u0ca4\u0cbf\u0ca8\u0ccd\u0ca8\u0cc1 \u0c85\u0c82\u0ca6\u0ca8\u0cc1. \u0c85\u0cb5\u0cb3\u0cc1 \u0c95\u0cca\u0caf\u0ccd\u0caf\u0cc1\u0cb5\u0cb5\u0cb0 \u0cac\u0cb3\u0cbf\u0caf\u0cb2\u0ccd\u0cb2\u0cbf \u0c95\u0cc1\u0cb3\u0cbf\u0ca4\u0cb3\u0cc1. \u0c86\u0c97 \u0c85\u0cb5\u0ca8\u0cc1 \u0c85\u0cb5\u0cb3\u0cbf\u0c97\u0cc6 \u0cb9\u0cc1\u0cb0\u0cbf\u0ca6 \u0ca4\u0cc6\u0ca8\u0cc6\u0caf\u0ca8\u0ccd\u0ca8\u0cc1 \u0c95\u0cca\u0c9f\u0ccd\u0c9f\u0ca8\u0cc1. \u0c85\u0cb5\u0cb3\u0cc1 \u0ca4\u0cbf\u0c82\u0ca6\u0cc1 \u0ca4\u0cc3\u0caa\u0ccd\u0ca4\u0cbf\u0caa\u0c9f\u0ccd\u0c9f\u0cc1 \u0c87\u0ca8\u0ccd\u0ca8\u0cc2 \u0c89\u0cb3\u0cbf\u0cb8\u0cbf\u0c9f\u0ccd\u0c9f\u0cc1\u0c95\u0cca\u0c82\u0ca1\u0cb3\u0cc1."},{"Verseid":"07001014","Verse":"\u0c85\u0cb5\u0cb3\u0cc1 \u0cb9\u0c95\u0ccd\u0c95\u0cb2\u0cbe\u0ca6\u0cc1\u0c95\u0cca\u0cb3\u0ccd\u0cb3\u0cb2\u0cc1 \u0c8f\u0cb3\u0cc1\u0cb5\u0cbe\u0c97 \u0cac\u0ccb\u0cb5 \u0c9c\u0ca8\u0cc1 \u0ca4\u0ca8\u0ccd\u0ca8 \u0caf\u0cc1\u0cb5\u0c95\u0cb0\u0cbf\u0c97\u0cc6 \u0c86\u0c9c\u0ccd\u0c9e\u0cbe\u0caa\u0cbf\u0cb8\u0cbf \u0c87\u0cb5\u0cb3\u0cc1 \u0c95\u0cca\u0caf\u0cbf\u0ca6 \u0cb8\u0cbf\u0cb5\u0cc1\u0ca1\u0cc1\u0c97\u0cb3 \u0cae\u0ca7\u0ccd\u0caf\u0ca6\u0cb2\u0ccd\u0cb2\u0cbf \u0cb9\u0c95\u0ccd\u0c95\u0cb2\u0cbe\u0ca6\u0cc1\u0c95\u0cca\u0cb3\u0ccd\u0cb3\u0cb2\u0cbf. \u0ca8\u0cc0\u0cb5\u0cc1 \u0c85\u0cb5\u0cb3\u0ca8\u0ccd\u0ca8\u0cc1 \u0ca8\u0cbf\u0c82\u0ca6\u0cbf\u0cb8\u0cac\u0cc7\u0ca1\u0cbf\u0cb0\u0cbf;"},{"Verseid":"07001015","Verse":"\u0c85\u0cb5\u0cb3\u0cc1 \u0cb9\u0c95\u0ccd\u0c95\u0cb2\u0cbe\u0ca6\u0cc1 \u0c95\u0cca\u0cb3\u0ccd\u0cb3\u0cc1\u0cb5 \u0cb9\u0cbe\u0c97\u0cc6 \u0ca8\u0cc0\u0cb5\u0cc1 \u0c85\u0cb5\u0cb3\u0cbf\u0c97\u0ccb\u0cb8\u0ccd\u0c95\u0cb0 \u0cb8\u0cbf\u0cb5\u0cc1\u0ca1\u0cc1 \u0c97\u0cb3\u0cb2\u0ccd\u0cb2\u0cbf \u0c95\u0cc6\u0cb2\u0cb5\u0cc1 \u0c9c\u0cbe\u0cb0\u0cac\u0cbf\u0ca1\u0cbf\u0cb0\u0cbf; \u0c85\u0cb5\u0cb3\u0ca8\u0ccd\u0ca8\u0cc1 \u0c97\u0ca6\u0cb0\u0cbf\u0cb8\u0cac\u0cc7\u0ca1\u0cbf\u0cb0\u0cbf \u0c85\u0c82\u0ca6\u0ca8\u0cc1."},{"Verseid":"07001016","Verse":"\u0cb9\u0cbe\u0c97\u0cc6\u0caf\u0cc7 \u0c85\u0cb5\u0cb3\u0cc1 \u0cb8\u0cbe\u0caf\u0c82\u0c95\u0cbe\u0cb2\u0ca6 \u0cb5\u0cb0\u0cc6\u0c97\u0cc2 \u0cb9\u0cca\u0cb2\u0ca6\u0cb2\u0ccd\u0cb2\u0cbf \u0cb9\u0c95\u0ccd\u0c95\u0cb2\u0cbe\u0ca6\u0cc1\u0c95\u0cca\u0c82\u0ca1\u0cb3\u0cc1. \u0c85\u0cb5\u0cb3\u0cc1 \u0cb9\u0c95\u0ccd\u0c95\u0cb2\u0cbe\u0ca6\u0cc1\u0c95\u0cca\u0c82\u0ca1\u0ca6\u0ccd\u0ca6\u0ca8\u0ccd\u0ca8\u0cc1 \u0cac\u0ca1\u0cbf\u0ca6\u0cbe\u0c97 \u0c85\u0ca6\u0cc1 \u0cb9\u0cc6\u0c9a\u0ccd\u0c9a\u0cc1 \u0c95\u0ca1\u0cbf\u0cae\u0cc6 \u0c92\u0c82\u0ca6\u0cc1 \u0c8f\u0cab\u0ca6\u0cb7\u0ccd\u0c9f\u0cc1 \u0c9c\u0cb5\u0cc6\u0c97\u0ccb\u0ca7\u0cbf\u0caf\u0cbe\u0c97\u0cbf\u0ca4\u0ccd\u0ca4\u0cc1."},{"Verseid":"07001017","Verse":"\u0c85\u0cb5\u0cb3\u0cc1 \u0c85\u0ca6\u0ca8\u0ccd\u0ca8\u0cc1 \u0ca4\u0cc6\u0c97\u0cc6\u0ca6\u0cc1\u0c95\u0cca\u0c82\u0ca1\u0cc1 \u0caa\u0c9f\u0ccd\u0c9f\u0ca3\u0c95\u0ccd\u0c95\u0cc6 \u0cb9\u0ccb\u0ca6\u0cb3\u0cc1. \u0c85\u0cb5\u0cb3\u0cc1 \u0cb9\u0c95\u0ccd\u0ca4\u0cb2\u0cbe\u0ca6\u0cc1\u0c95\u0cca\u0c82\u0ca1\u0ca6\u0ccd\u0ca6\u0ca8\u0ccd\u0ca8\u0cc1 \u0c85\u0cb5\u0cb3 \u0c85\u0ca4\u0ccd\u0ca4\u0cc6\u0caf\u0cc1 \u0ca8\u0ccb\u0ca1\u0cbf\u0ca6\u0cb3\u0cc1. \u0cb0\u0cc2\u0ca4\u0cb3\u0cc1 \u0ca4\u0cc3\u0caa\u0ccd\u0ca4\u0cbf\u0caf\u0cbe\u0ca6 \u0cae\u0cc7\u0cb2\u0cc6 \u0c89\u0cb3\u0cbf\u0cb8\u0cbf \u0ca4\u0c82\u0ca6\u0ca6\u0ccd\u0ca6\u0ca8\u0ccd\u0ca8\u0cc1 \u0c85\u0cb5\u0cb3\u0cbf\u0c97\u0cc6 \u0c95\u0cca\u0c9f\u0ccd\u0c9f\u0cb3\u0cc1."},{"Verseid":"07001018","Verse":"\u0c86\u0c97 \u0c85\u0cb5\u0cb3 \u0c85\u0ca4\u0ccd\u0ca4\u0cc6\u0caf\u0cc1 \u0c86\u0c95\u0cc6\u0c97\u0cc6 \u0ca8\u0cc0\u0ca8\u0cc1 \u0c88 \u0cb9\u0cca\u0ca4\u0ccd\u0ca4\u0cc1 \u0c8e\u0cb2\u0ccd\u0cb2\u0cbf \u0cb9\u0c95\u0ccd\u0c95\u0cb2\u0cbe\u0ca6\u0cc1\u0c95\u0cca\u0c82\u0ca1\u0cbf? \u0c8e\u0cb2\u0ccd\u0cb2\u0cbf \u0c95\u0cc6\u0cb2\u0cb8 \u0cae\u0cbe\u0ca1\u0cbf\u0ca6\u0cbf? \u0ca8\u0cbf\u0ca8\u0ccd\u0ca8\u0ca8\u0ccd\u0ca8\u0cc1 \u0caa\u0cb0\u0cbe\u0cae\u0cb0\u0cbf\u0cb8\u0cbf\u0ca6\u0cb5\u0ca8\u0cc1 \u0c86\u0cb6\u0cc0\u0cb0\u0ccd\u0cb5\u0ca6\u0cbf\u0cb8\u0cb2\u0ccd\u0caa\u0ca1\u0cb2\u0cbf \u0c85\u0c82\u0ca6\u0cb3\u0cc1. \u0c85\u0ca6\u0c95\u0ccd\u0c95\u0cb5\u0cb3\u0cc1 \u0ca4\u0cbe\u0ca8\u0cc1 \u0caf\u0cbe\u0cb5\u0ca8 \u0cb9\u0ca4\u0ccd\u0ca4\u0cbf\u0cb0 \u0c95\u0cc6\u0cb2\u0cb8 \u0cae\u0cbe\u0ca1\u0cbf \u0ca6\u0cb3\u0ccb \u0c85\u0ca6\u0ca8\u0ccd\u0ca8\u0cc1 \u0ca4\u0ca8\u0ccd\u0ca8 \u0c85\u0ca4\u0ccd\u0ca4\u0cc6\u0c97\u0cc6 \u0ca4\u0cbf\u0cb3\u0cbf\u0cb8\u0cbf \u0ca8\u0cbe\u0ca8\u0cc1 \u0c88 \u0cb9\u0cca\u0ca4\u0ccd\u0ca4\u0cc1 \u0c95\u0cc6\u0cb2\u0cb8\u0cae\u0cbe\u0ca1\u0cbf\u0ca6\u0cb5\u0ca8 \u0cb9\u0cc6\u0cb8\u0cb0\u0cc1 \u0cac\u0ccb\u0cb5\u0c9c \u0c8e\u0c82\u0ca6\u0cc1 \u0cb9\u0cc7\u0cb3\u0cbf\u0ca6\u0cb3\u0cc1."},{"Verseid":"07001019","Verse":"\u0ca8\u0cca\u0cb5\u0cca\u0cae\u0cbf \u0ca4\u0ca8\u0ccd\u0ca8 \u0cb8\u0cca\u0cb8\u0cc6\u0c97\u0cc6\u0081\u0c9c\u0cc0\u0cb5\u0cbf\u0cb8\u0cbf\u0cb0\u0cc1\u0cb5\u0cb5\u0cb0\u0cbf\u0c97\u0ccb\u0cb8\u0ccd\u0c95\u0cb0\u0cb5\u0cc2 \u0cb8\u0ca4\u0ccd\u0ca4\u0cb5\u0cb0\u0cbf\u0c97\u0ccb\u0cb8\u0ccd\u0c95\u0cb0\u0cb5\u0cc2 \u0cae\u0cbe\u0ca1\u0cbf\u0ca6 \u0c95\u0cc3\u0caa\u0cc6\u0caf\u0ca8\u0ccd\u0ca8\u0cc1 \u0cac\u0cbf\u0ca1\u0ca6\u0cc6 \u0c87\u0cb0\u0cc1\u0cb5\u0cb5\u0ca8\u0cc1 \u0c95\u0cb0\u0ccd\u0ca4 \u0ca8\u0cbf\u0c82\u0ca6 \u0c86\u0cb6\u0cc0\u0cb0\u0ccd\u0cb5\u0ca6\u0cbf\u0cb8\u0cb2\u0ccd\u0caa\u0ca1\u0cb2\u0cbf \u0c85\u0c82\u0ca6\u0cb3\u0cc1. \u0ca8\u0cca\u0cb5\u0cca\u0cae\u0cbf \u0c85\u0cb5\u0cb3\u0cbf\u0c97\u0cc6 \u0c86 \u0cae\u0ca8\u0cc1\u0cb7\u0ccd\u0caf\u0ca8\u0cc1 \u0ca8\u0cae\u0ccd\u0cae \u0cb8\u0c82\u0cac\u0c82\u0ca7\u0cbf\u0c95\u0ca8\u0cbe\u0c97\u0cbf\u0caf\u0cc2 \u0cb5\u0cbf\u0cae\u0ccb\u0c9a\u0cbf\u0cb8\u0ca4\u0c95\u0ccd\u0c95 \u0ca8\u0cae\u0ccd\u0cae \u0cac\u0cbe\u0ca7\u0ccd\u0caf\u0cb0\u0cb2\u0ccd\u0cb2\u0cbf \u0c92\u0cac\u0ccd\u0cac\u0ca8\u0cbe\u0c97\u0cbf\u0caf\u0cc2 \u0c87\u0ca6\u0ccd\u0ca6\u0cbe\u0ca8\u0cc6 \u0c85\u0c82\u0ca6\u0cb3\u0cc1."},{"Verseid":"07001020","Verse":"\u0c85\u0ca6\u0c95\u0ccd\u0c95\u0cc6 \u0cae\u0ccb\u0cb5\u0cbe\u0cac\u0ccd\u0caf\u0cb3\u0cbe\u0ca6 \u0cb0\u0cc2\u0ca4\u0cb3\u0cc1 \u0c85\u0cb5\u0ca8\u0cc1, \u0ca8\u0ca8\u0ccd\u0ca8 \u0caa\u0cc8\u0cb0\u0cc6\u0cb2\u0ccd\u0cb2\u0cbe \u0c95\u0cca\u0caf\u0cbf\u0ca6\u0cc1 \u0ca4\u0cc0\u0cb0\u0cc1\u0cb5 \u0cb5\u0cb0\u0cc6\u0c97\u0cc2 \u0ca8\u0cc0\u0ca8\u0cc1 \u0ca8\u0ca8\u0ccd\u0ca8 \u0c95\u0cc6\u0cb2\u0cb8\u0ca6\u0cb5\u0cb0 \u0cb8\u0c82\u0c97\u0ca1 \u0c95\u0cc2\u0ca1\u0cbf \u0c95\u0cca\u0c82\u0ca1\u0cbf\u0cb0\u0cc1 \u0c8e\u0c82\u0ca6\u0cc1 \u0ca8\u0ca8\u0c97\u0cc6 \u0cb9\u0cc7\u0cb3\u0cbf\u0ca6\u0ca8\u0cc1 \u0c85\u0c82\u0ca6\u0cb3\u0cc1."},{"Verseid":"07001021","Verse":"\u0c86\u0c97 \u0ca8\u0cca\u0cb5\u0cca\u0cae\u0cbf\u0caf\u0cc1 \u0ca4\u0ca8\u0ccd\u0ca8 \u0cb8\u0cca\u0cb8\u0cc6\u0caf\u0cbe\u0ca6 \u0cb0\u0cc2\u0ca4\u0cb3\u0cbf\u0c97\u0cc6 \u0ca8\u0ca8\u0ccd\u0ca8 \u0cae\u0c97\u0cb3\u0cc7, \u0cae\u0ca4\u0ccd\u0ca4\u0cca\u0c82\u0ca6\u0cc1 \u0cb9\u0cca\u0cb2\u0ca6\u0cb2\u0ccd\u0cb2\u0cbf \u0cae\u0ca8\u0cc1\u0cb7\u0ccd\u0caf\u0cb0\u0cc1 \u0ca8\u0cbf\u0ca8\u0ccd\u0ca8\u0ca8\u0ccd\u0ca8\u0cc1 \u0c95\u0c82\u0ca1\u0cc1\u0c95\u0cca\u0cb3\u0ccd\u0cb3\u0ca6 \u0cb9\u0cbe\u0c97\u0cc6 \u0ca8\u0cc0\u0ca8\u0cc1 \u0c85\u0cb5\u0ca8 \u0ca6\u0cbe\u0cb8\u0cbf \u0c97\u0cb3 \u0cb8\u0c82\u0c97\u0ca1 \u0cb9\u0cca\u0cb0\u0c9f\u0cc1 \u0cb9\u0ccb\u0c97\u0cc1\u0cb5\u0ca6\u0cc1 \u0c92\u0cb3\u0ccd\u0cb3\u0cc7\u0ca6\u0cc1 \u0c85\u0c82\u0ca6\u0cb3\u0cc1."},{"Verseid":"07001022","Verse":"\u0cb9\u0cc0\u0c97\u0cc6 \u0c85\u0cb5\u0cb3\u0cc1 \u0ca4\u0ca8\u0ccd\u0ca8 \u0c85\u0ca4\u0ccd\u0ca4\u0cc6\u0caf \u0cae\u0ca8\u0cc6\u0caf\u0cb2\u0ccd\u0cb2\u0cbf \u0cb5\u0cbe\u0cb8\u0cb5\u0cbe\u0c97\u0cbf\u0ca6\u0ccd\u0ca6\u0cc1 \u0cb9\u0cbe\u0c97\u0cc6\u0caf\u0cc7 \u0c9c\u0cb5\u0cc6\u0c97\u0ccb\u0ca7\u0cbf\u0caf \u0cb8\u0cc1\u0c97\u0ccd\u0c97\u0cbf\u0caf\u0cc1 \u0ca4\u0cc0\u0cb0\u0cc1\u0cb5 \u0cb5\u0cb0\u0cc6\u0c97\u0cc6 \u0cb9\u0c95\u0ccd\u0c95\u0cb2\u0cbe\u0ca6\u0cc1\u0c95\u0cca\u0cb3\u0ccd\u0cb3\u0cc1\u0cb5\u0ca6 \u0c95\u0ccd\u0c95\u0ccb\u0cb8\u0ccd\u0c95\u0cb0 \u0cac\u0ccb\u0cb5\u0c9c\u0ca8 \u0ca6\u0cbe\u0cb8\u0cbf\u0c97\u0cb3 \u0cb8\u0c82\u0c97\u0ca1 \u0c95\u0cc2\u0ca1\u0cbf \u0c95\u0cca\u0c82\u0ca1\u0cc1 \u0cb9\u0ccb\u0c97\u0cc1\u0ca4\u0ccd\u0ca4\u0cbf\u0ca6\u0ccd\u0ca6\u0cb3\u0cc1."}]},{"Verse":[{"Verseid":"07002000","Verse":"\u0c85\u0cb5\u0cb3 \u0c85\u0ca4\u0ccd\u0ca4\u0cc6\u0caf\u0cbe\u0ca6 \u0ca8\u0cca\u0cb5\u0cca\u0cae\u0cbf\u0caf\u0cc1 \u0c85\u0cb5\u0cb3\u0cbf\u0c97\u0cc6 \u0ca8\u0ca8\u0ccd\u0ca8 \u0cae\u0c97\u0cb3\u0cc7, \u0ca8\u0cbf\u0ca8\u0c97\u0cc6 \u0c92\u0cb3\u0ccd\u0cb3\u0cc7\u0ca6\u0cbe\u0c97\u0cc1\u0cb5\u0ca6\u0c95\u0ccd\u0c95\u0ccb\u0cb8\u0ccd\u0c95\u0cb0 \u0ca8\u0cbe\u0ca8\u0cc1 \u0ca8\u0cbf\u0ca8\u0c97\u0cc6 \u0cb5\u0cbf\u0cb6\u0ccd\u0cb0\u0cbe\u0c82\u0ca4\u0cbf \u0caf\u0ca8\u0ccd\u0ca8\u0cc1 \u0cb9\u0cc1\u0ca1\u0cc1\u0c95\u0cac\u0cc7\u0c95\u0cb2\u0ccd\u0cb2\u0cb5\u0ccb?"},{"Verseid":"07002001","Verse":"\u0c88\u0c97 \u0ca8\u0cc0\u0ca8\u0cc1 \u0caf\u0cbe\u0cb0 \u0ca6\u0cbe\u0cb8\u0cbf\u0c97\u0cb3 \u0cb8\u0c82\u0c97\u0ca1 \u0c87\u0ca6\u0ccd\u0ca6\u0cbf\u0caf\u0ccb \u0c86 \u0cac\u0ccb\u0cb5\u0c9c\u0ca8\u0cc1 \u0ca8\u0cae\u0ccd\u0cae \u0cb8\u0c82\u0cac\u0c82\u0ca7\u0cbf\u0c95\u0ca8\u0cbe\u0c97\u0cbf\u0ca6\u0ccd\u0ca6\u0cbe\u0ca8\u0cb2\u0ccd\u0cb2\u0cbe? \u0c87\u0c97\u0ccb, \u0c85\u0cb5\u0ca8\u0cc1 \u0cb0\u0cbe\u0ca4\u0ccd\u0cb0\u0cbf \u0caf\u0cb2\u0ccd\u0cb2\u0cbf \u0c95\u0ca3\u0ca6\u0cca\u0cb3\u0c97\u0cc6 \u0c9c\u0cb5\u0cc6\u0c97\u0ccb\u0ca7\u0cbf\u0caf\u0ca8\u0ccd\u0ca8\u0cc1 \u0ca4\u0cc2\u0cb0\u0cc1\u0cb5\u0ca8\u0cc1."},{"Verseid":"07002002","Verse":"\u0ca8\u0cc0\u0ca8\u0cc1 \u0cb8\u0ccd\u0ca8\u0cbe\u0ca8\u0cae\u0cbe\u0ca1\u0cbf \u0c8e\u0ca3\u0ccd\u0ca3\u0cc6 \u0cb9\u0c9a\u0ccd\u0c9a\u0cbf\u0c95\u0cca\u0c82\u0ca1\u0cc1 \u0ca8\u0cbf\u0ca8\u0ccd\u0ca8 \u0cb5\u0cb8\u0ccd\u0ca4\u0ccd\u0cb0\u0c97\u0cb3\u0ca8\u0ccd\u0ca8\u0cc1 \u0ca7\u0cb0\u0cbf\u0cb8\u0cbf\u0c95\u0cca\u0c82\u0ca1\u0cc1 \u0c86 \u0c95\u0ca3\u0c95\u0ccd\u0c95\u0cc6 \u0cb9\u0ccb\u0c97\u0cc1. \u0c86\u0ca6\u0cb0\u0cc6 \u0c86 \u0cae\u0ca8\u0cc1\u0cb7\u0ccd\u0caf\u0ca8\u0cc1 \u0c85\u0ca8\u0ccd\u0ca8\u0caa\u0cbe\u0ca8\u0c97\u0cb3\u0ca8\u0ccd\u0ca8\u0cc1 \u0ca4\u0cc6\u0c97\u0cc6\u0ca6\u0cc1 \u0c95\u0cca\u0cb3\u0ccd\u0cb3\u0cc1\u0cb5 \u0cb5\u0cb0\u0cc6\u0c97\u0cc2 \u0c85\u0cb5\u0ca8\u0cbf\u0c97\u0cc6 \u0ca8\u0cc0\u0ca8\u0cc1 \u0ca4\u0cbf\u0cb3\u0cbf\u0caf\u0ca6\u0c82\u0ca4\u0cc6 \u0cae\u0cb0\u0cc6\u0caf\u0cbe\u0c97\u0cbf\u0cb0\u0cc1."},{"Verseid":"07002003","Verse":"\u0c85\u0cb5\u0ca8\u0cc1 \u0cae\u0cb2\u0c97\u0cbf\u0c95\u0cca\u0c82\u0ca1\u0cbe\u0c97 \u0c85\u0cb5\u0ca8\u0cc1 \u0cae\u0cb2\u0c97\u0cbf\u0cb0\u0cc1\u0cb5 \u0cb8\u0ccd\u0ca5\u0cb3\u0cb5\u0ca8\u0ccd\u0ca8\u0cc1 \u0ca8\u0cc0\u0ca8\u0cc1 \u0ca4\u0cbf\u0cb3\u0cc1\u0c95\u0cca\u0c82\u0ca1\u0cbf\u0ca6\u0ccd\u0ca6\u0cc1 \u0cb9\u0ccb\u0c97\u0cbf \u0c85\u0cb5\u0ca8 \u0c95\u0cbe\u0cb2\u0cc1\u0c97\u0cb3 \u0cae\u0cc7\u0cb2\u0cc6 \u0cb9\u0cca\u0ca6\u0ccd\u0ca6\u0cbf\u0ca6\u0ccd\u0ca6\u0ca8\u0ccd\u0ca8\u0cc1 \u0ca4\u0cc6\u0c97\u0cc6\u0ca6\u0cc1 \u0cae\u0cb2\u0c97\u0cbf\u0c95\u0ccb. \u0c86\u0c97 \u0ca8\u0cc0\u0ca8\u0cc1 \u0cae\u0cbe\u0ca1\u0cac\u0cc7\u0c95\u0cbe\u0ca6\u0ca6\u0ccd\u0ca6\u0cc7\u0ca8\u0cc6\u0c82\u0ca6\u0cc1 \u0c85\u0cb5\u0ca8\u0cc1 \u0ca8\u0cbf\u0ca8\u0c97\u0cc6 \u0ca4\u0cbf\u0cb3\u0cbf\u0cb8\u0cc1\u0cb5\u0ca8\u0cc1 \u0c85\u0c82\u0ca6\u0cb3\u0cc1."},{"Verseid":"07002004","Verse":"\u0c85\u0ca6\u0c95\u0ccd\u0c95\u0cc6 \u0c87\u0cb5\u0cb3\u0cc1 \u0ca8\u0cc0\u0ca8\u0cc1 \u0ca8\u0ca8\u0c97\u0cc6 \u0cb9\u0cc7\u0cb3\u0cbf\u0ca6\u0ccd\u0ca6\u0cc6\u0cb2\u0ccd\u0cb2\u0cbe \u0cae\u0cbe\u0ca1\u0cc1\u0cb5\u0cc6\u0ca8\u0cc1 \u0c85\u0c82\u0ca6\u0cb3\u0cc1."},{"Verseid":"07002005","Verse":"\u0c85\u0cb5\u0cb3\u0cc1 \u0c86 \u0c95\u0ca3\u0c95\u0ccd\u0c95\u0cc6 \u0cb9\u0ccb\u0c97\u0cbf \u0ca4\u0ca8\u0ccd\u0ca8 \u0c85\u0ca4\u0ccd\u0ca4\u0cc6 \u0ca4\u0ca8\u0c97\u0cc6 \u0c86\u0c9c\u0ccd\u0c9e\u0cbe\u0caa\u0cbf\u0cb8\u0cbf\u0ca6 \u0caa\u0ccd\u0cb0\u0c95\u0cbe\u0cb0\u0cb5\u0cc6\u0cb2\u0ccd\u0cb2\u0cbe \u0cae\u0cbe\u0ca1\u0cbf\u0ca6\u0cb3\u0cc1."},{"Verseid":"07002006","Verse":"\u0c8f\u0ca8\u0c82\u0ca6\u0cb0\u0cc6, \u0cac\u0ccb\u0cb5\u0c9c\u0ca8\u0cc1 \u0ca4\u0cbf\u0c82\u0ca6\u0cc1 \u0c95\u0cc1\u0ca1\u0cbf\u0ca6\u0cc1 \u0cb9\u0cc3\u0ca6\u0caf \u0cb8\u0c82\u0ca4\u0ccb\u0cb7 \u0cb5\u0cbe\u0c97\u0cbf\u0ca6\u0ccd\u0ca6\u0cc1 \u0c95\u0cbe\u0cb3\u0cbf\u0ca8 \u0cb0\u0cbe\u0cb6\u0cbf\u0caf \u0c95\u0cca\u0ca8\u0cc6\u0caf\u0cb2\u0ccd\u0cb2\u0cbf \u0cac\u0c82\u0ca6\u0cc1 \u0cae\u0cb2\u0c97\u0cbf\u0ca6\u0ca8\u0cc1. \u0c86\u0c97 \u0c85\u0cb5\u0cb3\u0cc1 \u0cae\u0cc6\u0cb2\u0ccd\u0cb2\u0c97\u0cc6 \u0cac\u0c82\u0ca6\u0cc1 \u0c85\u0cb5\u0ca8 \u0c95\u0cbe\u0cb2\u0cc1\u0c97\u0cb3 \u0cae\u0cc7\u0cb2\u0cc6 \u0cb9\u0cca\u0ca6\u0ccd\u0ca6\u0cbf\u0ca6\u0ccd\u0ca6\u0ca8\u0ccd\u0ca8\u0cc1 \u0ca4\u0cc6\u0c97\u0cc6\u0ca6\u0cc1 \u0cae\u0cb2\u0c97\u0cbf\u0ca6\u0cb3\u0cc1."},{"Verseid":"07002007","Verse":"\u0c86\u0ca6\u0cb0\u0cc6 \u0c85\u0cb0\u0ccd\u0ca7 \u0cb0\u0cbe\u0ca4\u0ccd\u0cb0\u0cbf\u0caf\u0cb2\u0ccd\u0cb2\u0cbf \u0c86 \u0cae\u0ca8\u0cc1\u0cb7\u0ccd\u0caf\u0ca8\u0cc1 \u0cb9\u0cc6\u0ca6\u0cb0\u0cbf \u0ca4\u0cbf\u0cb0\u0cc1\u0c97\u0cbf\u0c95\u0cca\u0c82\u0ca1\u0cbe\u0c97 \u0c87\u0c97\u0ccb, \u0c92\u0cac\u0ccd\u0cac \u0cb8\u0ccd\u0ca4\u0ccd\u0cb0\u0cc0 \u0ca4\u0ca8\u0ccd\u0ca8 \u0c95\u0cbe\u0cb2\u0cc1\u0c97\u0cb3 \u0cac\u0cb3\u0cbf\u0caf\u0cb2\u0ccd\u0cb2\u0cbf \u0cae\u0cb2\u0c97\u0cbf\u0ca6\u0ccd\u0ca6\u0cb3\u0cc1."},{"Verseid":"07002008","Verse":"\u0c86\u0c97 \u0c85\u0cb5\u0ca8\u0cc1 \u0ca8\u0cc0\u0ca8\u0cc1 \u0caf\u0cbe\u0cb0\u0cc1 \u0c85\u0c82\u0ca6\u0ca8\u0cc1. \u0c85\u0ca6\u0c95\u0ccd\u0c95\u0cb5\u0cb3\u0cc1 \u0ca8\u0cbe\u0ca8\u0cc1 \u0ca8\u0cbf\u0ca8\u0ccd\u0ca8 \u0ca6\u0cbe\u0cb8\u0cbf\u0caf\u0cbe\u0ca6 \u0cb0\u0cc2\u0ca4\u0cb3\u0cc1; \u0ca8\u0cc0\u0ca8\u0cc1 \u0ca8\u0cbf\u0ca8\u0ccd\u0ca8 \u0ca6\u0cbe\u0cb8\u0cbf\u0caf \u0cae\u0cc7\u0cb2\u0cc6 \u0ca8\u0cbf\u0ca8\u0ccd\u0ca8 \u0c85\u0c82\u0c9a\u0ca8\u0ccd\u0ca8\u0cc1 \u0cb9\u0cb0\u0ca1\u0cc1; \u0caf\u0cbe\u0c95\u0c82\u0ca6\u0cb0\u0cc6 \u0ca8\u0cc0\u0ca8\u0cc1 \u0cb9\u0ca4\u0ccd\u0ca4\u0cbf\u0cb0 \u0cb8\u0c82\u0cac\u0c82\u0ca7\u0cbf\u0c95\u0ca8\u0cc1 \u0c85\u0c82\u0ca6\u0cb3\u0cc1."},{"Verseid":"07002009","Verse":"\u0c85\u0ca6\u0c95\u0ccd\u0c95\u0cc6 \u0c85\u0cb5\u0ca8\u0cc1 \u0cb9\u0cc7\u0cb3\u0cbf\u0ca6\u0ccd\u0ca6\u0cc7\u0ca8\u0c82\u0ca6\u0cb0\u0cc6 \u0ca8\u0ca8\u0ccd\u0ca8 \u0cae\u0c97\u0cb3\u0cc7, \u0c95\u0cb0\u0ccd\u0ca4\u0ca8\u0cbf\u0c82\u0ca6 \u0ca8\u0cbf\u0ca8\u0c97\u0cc6 \u0c86\u0cb6\u0cc0\u0cb0\u0ccd\u0cb5\u0cbe\u0ca6\u0cb5\u0cbe\u0c97\u0cb2\u0cbf; \u0cac\u0ca1\u0cb5\u0cb0\u0cc2 \u0c90\u0cb6\u0ccd\u0cb5\u0cb0\u0ccd\u0caf\u0cb5\u0c82\u0ca4\u0cb0\u0cc2 \u0c86\u0ca6 \u0caf\u0ccc\u0cb5\u0ca8\u0cb8\u0ccd\u0ca5\u0cb0 \u0cb9\u0cbf\u0c82\u0ca6\u0cc6 \u0ca8\u0cc0\u0ca8\u0cc1 \u0cb9\u0ccb\u0c97\u0ca6\u0cc6 \u0c87\u0ca6\u0ccd\u0ca6\u0ca6\u0cb0\u0cbf\u0c82\u0ca6 \u0cae\u0cca\u0ca6\u0cb2\u0cc1 \u0ca4\u0ccb\u0cb0\u0cbf\u0cb8\u0cbf\u0ca6\u0ccd\u0ca6\u0c95\u0ccd\u0c95\u0cbf\u0c82\u0ca4 \u0c95\u0ca1\u0cc6\u0caf\u0cb2\u0ccd\u0cb2\u0cbf \u0ca8\u0cc0\u0ca8\u0cc1 \u0ca4\u0ccb\u0cb0\u0cbf\u0cb8\u0cbf\u0ca6\u0ca6\u0caf\u0cc6\u0caf\u0cc1 \u0cb9\u0cc6\u0c9a\u0ccd\u0c9a\u0cbe\u0c97\u0cbf\u0ca6\u0cc6."},{"Verseid":"07002010","Verse":"\u0c88\u0c97 \u0ca8\u0ca8\u0ccd\u0ca8 \u0cae\u0c97\u0cb3\u0cc7, \u0ca8\u0cc0\u0ca8\u0cc1 \u0cad\u0caf\u0caa\u0ca1\u0cac\u0cc7\u0ca1; \u0ca8\u0cbf\u0ca8\u0c97\u0cc6 \u0cac\u0cc7\u0c95\u0cbe\u0c97\u0cbf\u0cb0\u0cc1\u0cb5\u0ca6\u0ca8\u0ccd\u0ca8\u0cc1 \u0ca8\u0cbf\u0ca8\u0c97\u0cc6 \u0cae\u0cbe\u0ca1\u0cc1\u0cb5\u0cc6\u0ca8\u0cc1; \u0caf\u0cbe\u0c95\u0c82\u0ca6\u0cb0\u0cc6 \u0ca8\u0cc0\u0ca8\u0cc1 \u0c97\u0cc1\u0ca3\u0cb5\u0ca4\u0cbf \u0caf\u0cbe\u0ca6 \u0cb8\u0ccd\u0ca4\u0ccd\u0cb0\u0cc0 \u0c8e\u0c82\u0ca6\u0cc1 \u0caa\u0c9f\u0ccd\u0c9f\u0ca3\u0ca6\u0cb2\u0ccd\u0cb2\u0cbf\u0cb0\u0cc1\u0cb5 \u0ca8\u0ca8\u0ccd\u0ca8 \u0c9c\u0ca8\u0cb0\u0cc6\u0cb2\u0ccd\u0cb2\u0cb0\u0cc1 \u0cac\u0cb2\u0ccd\u0cb2\u0cb0\u0cc1."},{"Verseid":"07002011","Verse":"\u0c88\u0c97 \u0ca8\u0cbe\u0ca8\u0cc1 \u0ca8\u0cbf\u0ca8\u0ccd\u0ca8 \u0cb8\u0cb5\u0cbf\u0cbe\u0caa \u0cac\u0c82\u0ca7\u0cc1 \u0cb5\u0cbe\u0c97\u0cbf\u0ca6\u0ccd\u0ca6\u0cc7\u0ca8\u0cc6 \u0c8e\u0c82\u0cac\u0ca6\u0cc1 \u0ca8\u0cbf\u0c9c\u0cb5\u0cc7; \u0c86\u0ca6\u0cb0\u0cc6 \u0ca8\u0ca8\u0c97\u0cbf\u0c82\u0ca4\u0cb2\u0cc2 \u0cb8\u0cb5\u0cbf\u0cbe\u0caa\u0cb8\u0ccd\u0ca5\u0ca8\u0cbe\u0ca6 \u0cac\u0c82\u0ca7\u0cc1\u0cb5\u0cc1 \u0c92\u0cac\u0ccd\u0cac\u0ca8\u0cbf\u0ca6\u0ccd\u0ca6\u0cbe\u0ca8\u0cc6."},{"Verseid":"07002012","Verse":"\u0c88 \u0cb0\u0cbe\u0ca4\u0ccd\u0cb0\u0cbf\u0caf\u0cb2\u0ccd\u0cb2\u0cbf \u0c87\u0cb2\u0ccd\u0cb2\u0cbf\u0cb0\u0cc1; \u0ca8\u0cbe\u0cb3\u0cc6 \u0cac\u0cc6\u0cb3\u0cbf\u0c97\u0ccd\u0c97\u0cc6 \u0c85\u0cb5\u0ca8\u0cc1 \u0ca8\u0cbf\u0ca8\u0c97\u0cc6 \u0cb8\u0c82\u0cac\u0c82\u0ca7\u0cbf\u0c95\u0ca8 \u0c95\u0cbe\u0cb0\u0ccd\u0caf \u0cae\u0cbe\u0ca1\u0cbf\u0ca6\u0cb0\u0cc6 \u0c92\u0cb3\u0ccd\u0cb3\u0cc7\u0ca6\u0cbe\u0caf\u0cbf\u0ca4\u0cc1; \u0c85\u0cb5\u0ca8\u0cc1 \u0ca8\u0cbf\u0ca8\u0c97\u0cc6 \u0cb8\u0c82\u0cac\u0c82\u0ca7\u0cbf\u0c95\u0ca8 \u0c95\u0cbe\u0cb0\u0ccd\u0caf\u0cae\u0cbe\u0ca1\u0cb2\u0cc1 \u0cae\u0ca8\u0cb8\u0ccd\u0cb8\u0cbf\u0cb2\u0ccd\u0cb2\u0ca6\u0cc6 \u0c87\u0ca6\u0ccd\u0ca6\u0cb0\u0cc6 \u0c95\u0cb0\u0ccd\u0ca4\u0ca8 \u0c9c\u0cc0\u0cb5\u0ca6\u0cbe\u0ca3\u0cc6--\u0ca8\u0cbe\u0ca8\u0cc7 \u0ca8\u0cbf\u0ca8\u0c97\u0cc6 \u0cb8\u0c82\u0cac\u0c82\u0ca7\u0cbf\u0c95\u0ca8 \u0c95\u0cbe\u0cb0\u0ccd\u0caf \u0cae\u0cbe\u0ca1\u0cc1\u0ca4\u0ccd\u0ca4\u0cc7\u0ca8\u0cc6. \u0c89\u0ca6\u0caf \u0c95\u0cbe\u0cb2\u0ca6 \u0cb5\u0cb0\u0cc6\u0c97\u0cc2 \u0cae\u0cb2\u0c97\u0cbf\u0cb0\u0cc1 \u0c85\u0c82\u0ca6\u0ca8\u0cc1."},{"Verseid":"07002013","Verse":"\u0c85\u0cb5\u0cb3\u0cc1 \u0cb9\u0cbe\u0c97\u0cc6\u0caf\u0cc7 \u0c89\u0ca6\u0caf \u0c95\u0cbe\u0cb2\u0ca6 \u0cb5\u0cb0\u0cc6\u0c97\u0cc2 \u0c85\u0cb5\u0ca8 \u0caa\u0cbe\u0ca6 \u0c97\u0cb3 \u0cac\u0cb3\u0cbf\u0caf\u0cb2\u0ccd\u0cb2\u0cbf \u0cae\u0cb2\u0c97\u0cbf\u0ca6\u0ccd\u0ca6\u0cc1 \u0c92\u0cac\u0ccd\u0cac\u0ca8\u0cbf\u0c97\u0cc2 \u0c97\u0cca\u0ca4\u0ccd\u0ca4\u0cbe\u0c97 \u0cac\u0cbe\u0cb0\u0ca6\u0cc6\u0c82\u0ca6\u0cc1 \u0c87\u0ca8\u0ccd\u0ca8\u0cc2 \u0c95\u0ca4\u0ccd\u0ca4\u0cb2\u0cbf\u0cb0\u0cc1\u0cb5\u0cbe\u0c97\u0cb2\u0cc7 \u0c8e\u0ca6\u0ccd\u0ca6\u0cb3\u0cc1. \u0c85\u0cb5\u0ca8\u0cc1 \u0c92\u0cac\u0ccd\u0cac \u0cb9\u0cc6\u0c82\u0c97\u0cb8\u0cc1 \u0c95\u0ca3\u0ca6\u0cb2\u0ccd\u0cb2\u0cbf \u0cac\u0c82\u0ca6\u0cb3\u0cc6\u0c82\u0ca6\u0cc1 \u0caf\u0cbe\u0cb0\u0cbf\u0c97\u0cc2 \u0ca4\u0cbf\u0cb3\u0cbf\u0caf\u0cb2\u0ccd\u0caa\u0ca1\u0ca6\u0cbf\u0cb0\u0cb2\u0cbf \u0c85\u0c82\u0ca6\u0ca8\u0cc1."},{"Verseid":"07002014","Verse":"\u0c87\u0ca6\u0cb2\u0ccd\u0cb2\u0ca6\u0cc6 \u0c85\u0cb5\u0ca8\u0cc1 \u0ca8\u0cc0\u0ca8\u0cc1 \u0cb9\u0cca\u0ca6\u0ccd\u0ca6\u0cc1\u0c95\u0cca\u0c82\u0ca1\u0cbf\u0cb0\u0cc1\u0cb5 \u0cb5\u0cb8\u0ccd\u0ca4\u0ccd\u0cb0\u0cb5\u0ca8\u0ccd\u0ca8\u0cc1 \u0ca4\u0c82\u0ca6\u0cc1 \u0cb9\u0cbf\u0ca1\u0cbf \u0c85\u0c82\u0ca6\u0ca8\u0cc1. \u0c85\u0cb5\u0cb3\u0cc1 \u0c85\u0ca6\u0ca8\u0ccd\u0ca8\u0cc1 \u0cb9\u0cbf\u0ca1\u0cbf\u0ca6\u0cbe\u0c97 \u0c85\u0cb5\u0ca8\u0cc1 \u0c85\u0ca6 \u0cb0\u0cb2\u0ccd\u0cb2\u0cbf \u0c86\u0cb0\u0cc1 \u0cb8\u0cca\u0cb2\u0cbf\u0c97\u0cc6 \u0c9c\u0cb5\u0cc6\u0c97\u0ccb\u0ca7\u0cbf\u0caf\u0ca8\u0ccd\u0ca8\u0cc1 \u0c85\u0cb3\u0cc6\u0ca6\u0cc1 \u0cb9\u0cbe\u0c95\u0cbf \u0c86\u0c95\u0cc6\u0caf \u0cae\u0cc7\u0cb2\u0cc6 \u0cb9\u0cca\u0cb0\u0cbf\u0cb8\u0cbf\u0ca6\u0ca8\u0cc1. \u0c86\u0c97 \u0c85\u0cb5\u0cb3\u0cc1 \u0caa\u0c9f\u0ccd\u0c9f\u0ca3\u0c95\u0ccd\u0c95\u0cc6 \u0cac\u0c82\u0ca6\u0cb3\u0cc1."},{"Verseid":"07002015","Verse":"\u0c85\u0cb5\u0cb3\u0cc1 \u0ca4\u0ca8\u0ccd\u0ca8 \u0c85\u0ca4\u0ccd\u0ca4\u0cc6\u0caf \u0cac\u0cb3\u0cbf\u0c97\u0cc6 \u0cac\u0c82\u0ca6\u0cbe\u0c97 \u0c85\u0cb5\u0cb3 \u0c85\u0ca4\u0ccd\u0ca4\u0cc6\u0caf\u0cc1 \u0ca8\u0ca8\u0ccd\u0ca8 \u0cae\u0c97\u0cb3\u0cc7, \u0ca8\u0cbf\u0ca8\u0ccd\u0ca8 \u0c95\u0cbe\u0cb0\u0ccd\u0caf \u0c8f\u0ca8\u0cbe\u0caf\u0cbf\u0ca4\u0cc1? \u0c85\u0c82\u0ca6\u0cb3\u0cc1. \u0c86\u0c97 \u0c85\u0cb5\u0cb3\u0cc1 \u0c86 \u0cae\u0ca8\u0cc1\u0cb7\u0ccd\u0caf\u0ca8\u0cc1 \u0ca4\u0ca8\u0c97\u0cc6 \u0cae\u0cbe\u0ca1\u0cbf\u0ca6\u0ccd\u0ca6\u0ca8\u0ccd\u0ca8\u0cc6\u0cb2\u0ccd\u0cb2\u0cbe \u0c85\u0cb5\u0cb3\u0cbf\u0c97\u0cc6 \u0ca4\u0cbf\u0cb3\u0cbf\u0cb8\u0cbf\u0ca6\u0cb3\u0cc1;"},{"Verseid":"07002016","Verse":"\u0ca8\u0cc0\u0ca8\u0cc1 \u0ca8\u0cbf\u0ca8\u0ccd\u0ca8 \u0c85\u0ca4\u0ccd\u0ca4\u0cc6\u0caf \u0cac\u0cb3\u0cbf\u0c97\u0cc6 \u0cac\u0cb0\u0cbf \u0c95\u0cc8\u0caf\u0cbe\u0c97\u0cbf \u0cb9\u0ccb\u0c97\u0cac\u0cbe\u0cb0\u0ca6\u0cc6\u0c82\u0ca6\u0cc1 \u0c85\u0cb5\u0ca8\u0cc1 \u0c88 \u0c86\u0cb0\u0cc1 \u0cb8\u0cca\u0cb2\u0cbf\u0c97\u0cc6 \u0c9c\u0cb5\u0cc6\u0c97\u0ccb\u0ca7\u0cbf\u0caf\u0ca8\u0ccd\u0ca8\u0cc1 \u0ca8\u0ca8\u0c97\u0cc6 \u0c95\u0cca\u0c9f\u0ccd\u0c9f\u0ca8\u0cc1 \u0c85\u0c82\u0ca6\u0cb3\u0cc1."},{"Verseid":"07002017","Verse":"\u0c85\u0ca6\u0c95\u0ccd\u0c95\u0cc6 \u0c85\u0cb5\u0cb3\u0cc1 \u0ca8\u0ca8\u0ccd\u0ca8 \u0cae\u0c97\u0cb3\u0cc7, \u0c88 \u0c95\u0cbe\u0cb0\u0ccd\u0caf \u0c8f\u0ca8\u0cbe\u0c97\u0cc1\u0cb5\u0ca6\u0ccb \u0c8e\u0c82\u0ca6\u0cc1 \u0ca8\u0cc0\u0ca8\u0cc1 \u0ca4\u0cbf\u0cb3\u0cbf\u0caf\u0cc1\u0cb5 \u0cb5\u0cb0\u0cc6\u0c97\u0cc2 \u0cb8\u0cc1\u0cae\u0ccd\u0cae\u0ca8\u0cc6 \u0c87\u0cb0\u0cc1; \u0caf\u0cbe\u0c95\u0c82\u0ca6\u0cb0\u0cc6 \u0c86 \u0cae\u0ca8\u0cc1\u0cb7\u0ccd\u0caf\u0ca8\u0cc1 \u0c88 \u0cb9\u0cca\u0ca4\u0ccd\u0ca4\u0cc1 \u0c88 \u0c95\u0cbe\u0cb0\u0ccd\u0caf\u0cb5\u0ca8\u0ccd\u0ca8\u0cc1 \u0ca4\u0cc0\u0cb0\u0cbf\u0cb8\u0cc1\u0cb5 \u0cb5\u0cb0\u0cc6\u0c97\u0cc2 \u0cb5\u0cbf\u0cb6\u0ccd\u0cb0\u0cbe\u0c82\u0ca4\u0cbf\u0caf\u0cb2\u0ccd\u0cb2\u0cbf \u0c87\u0cb0\u0ca8\u0cc1 \u0c85\u0c82\u0ca6\u0cb3\u0cc1."}]},{"Verse":[{"Verseid":"07003000","Verse":"\u0cac\u0ccb\u0cb5\u0c9c\u0ca8\u0cc1 \u0caa\u0c9f\u0ccd\u0c9f\u0ca3\u0ca6 \u0cac\u0cbe\u0c97\u0cb2\u0cb2\u0ccd\u0cb2\u0cbf \u0cb9\u0ccb\u0c97\u0cbf \u0c95\u0cc1\u0cb3\u0cbf\u0ca4\u0cbf\u0cb0\u0cc1\u0cb5\u0cbe\u0c97 \u0c87\u0c97\u0ccb, \u0cac\u0ccb\u0cb5\u0c9c\u0ca8\u0cc1 \u0cb9\u0cc7\u0cb3\u0cbf\u0ca6\u0ccd\u0ca6 \u0c86 \u0cb8\u0c82\u0cac\u0c82\u0ca7\u0cbf\u0c95\u0ca8\u0cc1 \u0cb9\u0cbe\u0ca6\u0cc1 \u0cb9\u0ccb\u0c97\u0cc1\u0ca4\u0ccd\u0ca4\u0cbf\u0ca6\u0ccd\u0ca6\u0ca8\u0cc1. \u0c86\u0c97 \u0c85\u0cb5\u0ca8\u0cc1 \u0c93 \u0cae\u0ca8\u0cc1\u0cb7\u0ccd\u0caf\u0ca8\u0cc7, \u0c88 \u0c95\u0ca1\u0cc6\u0c97\u0cc6 \u0cac\u0c82\u0ca6\u0cc1 \u0c87\u0cb2\u0ccd\u0cb2\u0cbf \u0c95\u0cc2\u0ca4\u0cc1\u0c95\u0ccb \u0c85\u0c82\u0ca6\u0ca8\u0cc1. \u0c85\u0cb5\u0ca8\u0cc1 \u0cac\u0c82\u0ca6\u0cc1 \u0c95\u0cc2\u0ca4\u0cc1\u0c95\u0cca\u0c82\u0ca1\u0ca8\u0cc1."},{"Verseid":"07003001","Verse":"\u0c86\u0c97 \u0cac\u0ccb\u0cb5\u0c9c\u0ca8\u0cc1 \u0caa\u0c9f\u0ccd\u0c9f\u0ca3\u0ca6 \u0cb9\u0cbf\u0cb0\u0cbf\u0caf\u0cb0\u0cb2\u0ccd\u0cb2\u0cbf \u0cb9\u0ca4\u0ccd\u0ca4\u0cc1 \u0cae\u0c82\u0ca6\u0cbf \u0caf\u0ca8\u0ccd\u0ca8\u0cc1 \u0c95\u0cb0\u0cc6\u0ca6\u0cc1 \u0c85\u0cb5\u0cb0\u0cbf\u0c97\u0cc6 \u0c87\u0cb2\u0ccd\u0cb2\u0cbf \u0c95\u0cc1\u0cb3\u0cbf\u0ca4\u0cc1\u0c95\u0cca\u0cb3\u0ccd\u0cb3\u0cbf\u0cb0\u0cbf \u0c85\u0c82\u0ca6\u0ca8\u0cc1. \u0c85\u0cb5\u0cb0\u0cc1 \u0c95\u0cc1\u0cb3\u0cbf\u0ca4\u0cb0\u0cc1."},{"Verseid":"07003002","Verse":"\u0c86\u0c97 \u0c85\u0cb5\u0ca8\u0cc1 \u0c86 \u0cac\u0c82\u0ca7\u0cc1\u0cb5\u0cbf\u0c97\u0cc6 \u0cb9\u0cc7\u0cb3\u0cbf\u0ca6\u0ccd\u0ca6\u0cc7\u0ca8\u0c82\u0ca6\u0cb0\u0cc6 \u0cae\u0ccb\u0cb5\u0cbe\u0cac\u0ccd\u200c \u0cb8\u0cc0\u0cae\u0cc6 \u0caf\u0cbf\u0c82\u0ca6 \u0ca4\u0cbf\u0cb0\u0cbf\u0c97\u0cbf \u0cac\u0c82\u0ca6 \u0ca8\u0cca\u0cb5\u0cca\u0cae\u0cbf\u0caf\u0cc1 \u0ca8\u0cae\u0ccd\u0cae \u0cb8\u0cb9\u0ccb\u0ca6\u0cb0\u0ca8\u0cbe\u0ca6 \u0c8e\u0cb2\u0cc0\u0cae\u0cc6\u0cb2\u0cc6\u0c95\u0ca8\u0cbf\u0c97\u0cc6 \u0c87\u0ca6\u0ccd\u0ca6 \u0cb9\u0cca\u0cb2\u0ca6 \u0caa\u0cbe\u0cb2\u0ca8\u0ccd\u0ca8\u0cc1 \u0cae\u0cbe\u0cb0\u0cbf \u0cac\u0cbf\u0ca1\u0cac\u0cc7\u0c95\u0cc6\u0c82\u0ca6\u0cbf\u0cb0\u0cc1\u0ca4\u0ccd\u0ca4\u0cbe\u0cb3\u0cc6."},{"Verseid":"07003003","Verse":"\u0ca8\u0cbe\u0ca8\u0cc1 \u0ca8\u0cbf\u0ca8\u0c97\u0cc6 \u0cb9\u0cc7\u0cb3\u0cac\u0cc7\u0c95\u0cc6\u0c82\u0ca6\u0cbf\u0ca6\u0ccd\u0ca6\u0cc7\u0ca8\u0c82\u0ca6\u0cb0\u0cc6 -- \u0ca8\u0cbf\u0cb5\u0cbe\u0cb8\u0cbf\u0c97\u0cb3 \u0cae\u0cc1\u0c82\u0ca6\u0cc6\u0caf\u0cc2 \u0ca8\u0ca8\u0ccd\u0ca8 \u0c9c\u0ca8\u0cb0\u0cbe\u0ca6 \u0cb9\u0cbf\u0cb0\u0cbf\u0caf\u0cb0 \u0cae\u0cc1\u0c82\u0ca6\u0cc6\u0caf\u0cc2 \u0c85\u0ca6\u0ca8\u0ccd\u0ca8\u0cc1 \u0c95\u0cca\u0c82\u0ca1\u0cc1\u0c95\u0cca\u0c82\u0ca1\u0cc1 \u0cac\u0cbf\u0ca1\u0cbf\u0cb8\u0cbf\u0c95\u0cca\u0c82\u0ca1\u0cb0\u0cc6 \u0cac\u0cbf\u0ca1\u0cbf\u0cb8\u0cbf\u0c95\u0ccb \u0cac\u0cbf\u0ca1\u0cbf\u0cb8\u0cbf\u0c95\u0cca\u0cb3\u0ccd\u0cb3\u0ca6\u0cbf\u0ca6\u0ccd\u0ca6\u0cb0\u0cc6 \u0ca8\u0cbe\u0ca8\u0cc1 \u0ca4\u0cbf\u0cb3\u0cc1\u0c95\u0cca\u0cb3\u0ccd\u0cb3\u0cc1\u0cb5 \u0cb9\u0cbe\u0c97\u0cc6 \u0ca8\u0ca8\u0c97\u0cc6 \u0cb9\u0cc7\u0cb3\u0cc1; \u0caf\u0cbe\u0c95\u0c82\u0ca6\u0cb0\u0cc6 \u0ca8\u0cc0\u0ca8\u0cc2 \u0ca8\u0cbf\u0ca8\u0ccd\u0ca8 \u0ca4\u0cb0\u0cc1\u0cb5\u0cbe\u0caf \u0ca8\u0cbe\u0ca8\u0cc2 \u0c85\u0cb2\u0ccd\u0cb2\u0ca6\u0cc6 \u0cac\u0cbf\u0ca1\u0cbf\u0cb8\u0cbf\u0c95\u0cca\u0cb3\u0ccd\u0cb3\u0cc1\u0cb5\u0cb5\u0ca8\u0cc1 \u0caf\u0cbe\u0cb0\u0cc2 \u0c87\u0cb2\u0ccd\u0cb2 \u0c85\u0c82\u0ca6\u0ca8\u0cc1."},{"Verseid":"07003004","Verse":"\u0c85\u0ca6\u0c95\u0ccd\u0c95\u0cc6 \u0c85\u0cb5\u0ca8\u0cc1 \u0ca8\u0cbe\u0ca8\u0cc1 \u0cac\u0cbf\u0ca1\u0cbf\u0cb8\u0cbf\u0c95\u0cca\u0cb3\u0ccd\u0cb3\u0cc1\u0cb5\u0cc6\u0ca8\u0cc1 \u0c85\u0c82\u0ca6\u0ca8\u0cc1. \u0c86\u0c97 \u0cac\u0ccb\u0cb5\u0c9c\u0ca8\u0cc1 \u0ca8\u0cc0\u0ca8\u0cc1 \u0ca8\u0cca\u0cb5\u0cca\u0cae\u0cbf\u0caf\u0cbf\u0c82\u0ca6 \u0c86 \u0cb9\u0cca\u0cb2\u0cb5\u0ca8\u0ccd\u0ca8\u0cc1 \u0c95\u0cca\u0c82\u0ca1\u0cc1 \u0c95\u0cca\u0cb3\u0ccd\u0cb3\u0cc1\u0cb5 \u0ca6\u0cbf\u0cb5\u0cb8\u0ca6\u0cb2\u0ccd\u0cb2\u0cbf \u0cb8\u0ca4\u0ccd\u0ca4\u0cb5\u0ca8 \u0cac\u0cbe\u0ca7\u0ccd\u0caf\u0ca4\u0cc6\u0caf\u0cb2\u0ccd\u0cb2\u0cbf \u0c85\u0cb5\u0ca8 \u0cb9\u0cc6\u0cb8\u0cb0\u0ca8\u0ccd\u0ca8\u0cc1 \u0cb8\u0ccd\u0ca5\u0cbf\u0cb0\u0cae\u0cbe\u0ca1\u0cc1\u0cb5 \u0cb9\u0cbe\u0c97\u0cc6 \u0c85\u0cb5\u0ca8 \u0cb9\u0cc6\u0c82\u0ca1\u0ca4\u0cbf\u0caf\u0cbe\u0c97\u0cbf\u0cb0\u0cc1\u0cb5 \u0cae\u0ccb\u0cb5\u0cbe\u0cac\u0ccd\u0caf\u0cb3\u0cbe\u0ca6 \u0cb0\u0cc2\u0ca4 \u0cb3\u0cbf\u0c82\u0ca6\u0cb2\u0cc2 \u0c85\u0ca6\u0ca8\u0ccd\u0ca8\u0cc1 \u0c95\u0cca\u0c82\u0ca1\u0cc1\u0c95\u0cca\u0cb3\u0ccd\u0cb3\u0cac\u0cc7\u0c95\u0cc1 \u0c85\u0c82\u0ca6\u0ca8\u0cc1."},{"Verseid":"07003005","Verse":"\u0c85\u0ca6\u0c95\u0ccd\u0c95\u0cc6 \u0cac\u0c82\u0ca7\u0cc1\u0cb5\u0cc1 \u0ca8\u0cbe\u0ca8\u0cc1 \u0ca8\u0ca8\u0ccd\u0ca8 \u0cac\u0cbe\u0ca7\u0ccd\u0caf\u0ca4\u0cc6\u0caf\u0ca8\u0ccd\u0ca8\u0cc1 \u0c95\u0cc6\u0ca1\u0cbf\u0cb8\u0cbf\u0c95\u0cca\u0cb3\u0ccd\u0cb3\u0ca6 \u0cb9\u0cbe\u0c97\u0cc6 \u0c85\u0ca6\u0ca8\u0ccd\u0ca8\u0cc1 \u0cac\u0cbf\u0ca1\u0cbf\u0cb8\u0cbf\u0c95\u0cca\u0cb3\u0ccd\u0cb3\u0cb2\u0cbe\u0cb0\u0cc6\u0ca8\u0cc1; \u0ca8\u0cbe\u0ca8\u0cc1 \u0cac\u0cbf\u0ca1\u0cbf\u0cb8\u0cbf\u0c95\u0cca\u0cb3\u0ccd\u0cb3\u0ca4\u0c95\u0ccd\u0c95\u0ca6\u0ccd\u0ca6\u0ca8\u0ccd\u0ca8\u0cc1 \u0ca8\u0cc0\u0ca8\u0cc1 \u0cac\u0cbf\u0ca1\u0cbf\u0cb8\u0cbf\u0c95\u0ccb;"},{"Verseid":"07003006","Verse":"\u0ca8\u0cbe\u0ca8\u0cc1 \u0cac\u0cbf\u0ca1\u0cbf\u0cb8\u0cbf\u0c95\u0cca\u0cb3\u0ccd\u0cb3\u0cb2\u0cbe\u0cb0\u0cc6\u0ca8\u0cc1 \u0c85\u0c82\u0ca6\u0ca8\u0cc1. \u0cac\u0cbf\u0ca1\u0cbf\u0cb8\u0cbf\u0c95\u0cca\u0cb3\u0ccd\u0cb3\u0cc1 \u0cb5\u0ca6\u0cb0\u0cb2\u0ccd\u0cb2\u0cbf\u0caf\u0cc2 \u0cac\u0ca6\u0cb2\u0cc1 \u0cae\u0cbe\u0ca1\u0cc1\u0cb5\u0ca6\u0cb0\u0cb2\u0ccd\u0cb2\u0cbf\u0caf\u0cc2 \u0cb8\u0c95\u0cb2 \u0c95\u0cbe\u0cb0\u0ccd\u0caf\u0c97\u0cb3\u0cc2 \u0ca6\u0cc3\u0ca2\u0cb5\u0cbe\u0c97\u0cc1\u0cb5 \u0cb9\u0cbe\u0c97\u0cc6 \u0c87\u0cb8\u0ccd\u0cb0\u0cbe\u0caf\u0cc7\u0cb2\u0cbf\u0ca8\u0cb2\u0ccd\u0cb2\u0cbf \u0caa\u0cc2\u0cb0\u0ccd\u0cb5\u0ca6\u0cb5\u0cbe\u0ca1\u0cbf\u0c95\u0cc6 \u0c8f\u0ca8\u0c82\u0ca6\u0cb0\u0cc6, \u0c92\u0cac\u0ccd\u0cac\u0ca8\u0cc1 \u0ca4\u0ca8\u0ccd\u0ca8 \u0c95\u0cc6\u0cb0\u0cb5\u0ca8\u0ccd\u0ca8\u0cc1 \u0ca4\u0cc6\u0c97\u0cc6\u0ca6\u0cc1 \u0ca4\u0ca8\u0ccd\u0ca8 \u0ca8\u0cc6\u0cb0\u0cc6\u0caf\u0cb5\u0ca8\u0cbf\u0c97\u0cc6 \u0c95\u0cca\u0ca1\u0cc1\u0cb5\u0ca8\u0cc1. \u0c87\u0ca6\u0cc1 \u0c87\u0cb8\u0ccd\u0cb0\u0cbe\u0caf\u0cc7\u0cb2\u0cbf\u0ca8\u0cb2\u0ccd\u0cb2\u0cbf \u0cb8\u0cbe\u0c95\u0ccd\u0cb7\u0cbf\u0c97\u0cbe\u0ca6\u0ca6\u0ccd\u0ca6\u0cc1."},{"Verseid":"07003007","Verse":"\u0cb9\u0cbe\u0c97\u0cc6\u0caf\u0cc7 \u0c86 \u0cac\u0c82\u0ca7\u0cc1\u0cb5\u0cc1 \u0cac\u0ccb\u0cb5\u0c9c\u0ca8\u0cbf\u0c97\u0cc6--\u0ca8\u0cc0\u0ca8\u0cc1 \u0ca8\u0cbf\u0ca8\u0c97\u0ccb\u0cb8\u0ccd\u0c95\u0cb0 \u0c85\u0ca6\u0ca8\u0ccd\u0ca8\u0cc1 \u0c95\u0cca\u0c82\u0ca1\u0cc1\u0c95\u0ccb \u0c8e\u0c82\u0ca6\u0cc1 \u0ca4\u0ca8\u0ccd\u0ca8 \u0c95\u0cc6\u0cb0\u0cb5\u0ca8\u0ccd\u0ca8\u0cc1 \u0ca4\u0cc6\u0c97\u0cc6\u0ca6\u0cc1 \u0cb9\u0cbe\u0c95\u0cbf\u0ca6\u0ca8\u0cc1."},{"Verseid":"07003008","Verse":"\u0c86\u0c97 \u0cac\u0ccb\u0cb5\u0c9c\u0ca8\u0cc1 \u0cb9\u0cbf\u0cb0\u0cbf\u0caf\u0cb0\u0cbf\u0c97\u0cc2 \u0cb8\u0cae\u0cb8\u0ccd\u0ca4 \u0c9c\u0ca8 \u0cb0\u0cbf\u0c97\u0cc2 \u0ca8\u0cbe\u0ca8\u0cc1 \u0c8e\u0cb2\u0cc0\u0cae\u0cc6\u0cb2\u0cc6\u0c95\u0ca8\u0cbf\u0c97\u0cc6 \u0c87\u0ca6\u0ccd\u0ca6 \u0c8e\u0cb2\u0ccd\u0cb2\u0cb5\u0ca8\u0ccd\u0ca8\u0cc2 \u0c95\u0cbf\u0cb2\u0ccd\u0caf\u0ccb\u0ca8\u0ca8\u0cbf\u0c97\u0cc2 \u0cae\u0cb9\u0ccd\u0cb2\u0ccb\u0ca8\u0ca8\u0cbf\u0c97\u0cc2 \u0c87\u0ca6\u0ccd\u0ca6 \u0c8e\u0cb2\u0ccd\u0cb2\u0cb5\u0ca8\u0ccd\u0ca8\u0cc2 \u0ca8\u0cca\u0cb5\u0cca\u0cae\u0cbf\u0caf \u0c95\u0cc8\u0caf\u0cbf\u0c82\u0ca6 \u0c95\u0cca\u0c82\u0ca1\u0cc1\u0c95\u0cca\u0c82\u0ca1\u0cc6\u0ca8\u0cc1 \u0c8e\u0c82\u0cac \u0ca6\u0c95\u0ccd\u0c95\u0cc6 \u0c88 \u0cb9\u0cca\u0ca4\u0ccd\u0ca4\u0cc1 \u0ca8\u0cc0\u0cb5\u0cc1 \u0cb8\u0cbe\u0c95\u0ccd\u0cb7\u0cbf\u0c97\u0cb3\u0cbe\u0c97\u0cbf\u0ca6\u0ccd\u0ca6\u0cc0\u0cb0\u0cbf \u0c85\u0c82\u0ca6\u0ca8\u0cc1."},{"Verseid":"07003009","Verse":"\u0c87\u0ca6\u0cb2\u0ccd\u0cb2\u0ca6\u0cc6 \u0cb8\u0ca4\u0ccd\u0ca4\u0cb5\u0ca8 \u0cb8\u0cb9\u0ccb\u0ca6\u0cb0\u0cb0\u0cbf\u0c82\u0ca6\u0cb2\u0cc2 \u0c85\u0cb5\u0ca8 \u0cb8\u0ccd\u0ca5\u0cb3\u0ca6 \u0cac\u0cbe\u0c97\u0cb2\u0ca6\u0cbf\u0c82\u0ca6\u0cb2\u0cc2 \u0c85\u0cb5\u0ca8 \u0cb9\u0cc6\u0cb8\u0cb0\u0cc1 \u0c95\u0ca1\u0cbf\u0ca6\u0cc1 \u0cb9\u0cbe\u0c95\u0cb2\u0ccd\u0caa\u0ca1\u0ca6 \u0cb9\u0cbe\u0c97\u0cc6 \u0cb8\u0ca4\u0ccd\u0ca4\u0cb5\u0ca8 \u0cac\u0cbe\u0ca7\u0ccd\u0caf\u0ca4\u0cc6\u0caf\u0cb2\u0ccd\u0cb2\u0cbf \u0c85\u0cb5\u0ca8 \u0cb9\u0cc6\u0cb8\u0cb0\u0ca8\u0ccd\u0ca8\u0cc1 \u0cb8\u0ccd\u0ca5\u0cbf\u0cb0\u0cae\u0cbe\u0ca1\u0cb2\u0cc1 \u0ca8\u0cbe\u0ca8\u0cc1 \u0cae\u0cb9\u0ccd\u0cb2\u0ccb\u0ca8\u0ca8 \u0cb9\u0cc6\u0c82\u0ca1\u0ca4\u0cbf\u0caf\u0cbe\u0c97\u0cbf\u0ca6\u0ccd\u0ca6 \u0cae\u0ccb\u0cb5\u0cbe\u0cac\u0ccd\u0caf\u0cb3\u0cbe\u0ca6 \u0cb0\u0cc2\u0ca4\u0cb3\u0ca8\u0ccd\u0ca8\u0cc1 \u0ca8\u0ca8\u0c97\u0cc6 \u0cb9\u0cc6\u0c82\u0ca1\u0ca4\u0cbf\u0caf\u0cbe\u0c97\u0cbf \u0c95\u0cca\u0c82\u0ca1\u0cc1\u0c95\u0cca\u0c82\u0ca1\u0cc6\u0ca8\u0cc1."},{"Verseid":"07003010","Verse":"\u0c87\u0ca6\u0c95\u0ccd\u0c95\u0cc6 \u0c88 \u0cb9\u0cca\u0ca4\u0ccd\u0ca4\u0cc1 \u0ca8\u0cc0\u0cb5\u0cc1 \u0cb8\u0cbe\u0c95\u0ccd\u0cb7\u0cbf\u0c97\u0cb3\u0cbe\u0c97\u0cbf\u0ca6\u0ccd\u0ca6\u0cc0\u0cb0\u0cbf \u0c85\u0c82\u0ca6\u0ca8\u0cc1. \u0c86\u0c97 \u0cac\u0cbe\u0c97\u0cb2\u0cb2\u0ccd\u0cb2\u0cbf\u0cb0\u0cc1\u0cb5 \u0cb8\u0cae\u0cb8\u0ccd\u0ca4 \u0c9c\u0ca8\u0cb0\u0cc2 \u0cb9\u0cbf\u0cb0\u0cbf\u0caf\u0cb0\u0cc2 \u0cb9\u0cc7\u0cb3\u0cbf\u0ca6\u0ccd\u0ca6\u0cc7\u0ca8\u0c82\u0ca6\u0cb0\u0cc6--\u0ca8\u0cbe\u0cb5\u0cc1 \u0cb8\u0cbe\u0c95\u0ccd\u0cb7\u0cbf\u0c97\u0cb3\u0cc7; \u0ca8\u0cbf\u0ca8\u0ccd\u0ca8 \u0cae\u0ca8\u0cc6\u0caf\u0cb2\u0ccd\u0cb2\u0cbf \u0cac\u0c82\u0ca6 \u0cb8\u0ccd\u0ca4\u0ccd\u0cb0\u0cc0\u0caf\u0ca8\u0ccd\u0ca8\u0cc1 \u0c95\u0cb0\u0ccd\u0ca4\u0ca8\u0cc1 \u0c87\u0cb8\u0ccd\u0cb0\u0cbe\u0caf\u0cc7\u0cb2\u0ccd\u200c \u0cae\u0ca8\u0cc6\u0caf\u0ca8\u0ccd\u0ca8\u0cc1 \u0c95\u0c9f\u0ccd\u0c9f\u0cbf\u0ca6 \u0c87\u0cac\u0ccd\u0cac\u0cb0\u0cbe\u0ca6 \u0cb0\u0cbe\u0cb9\u0cc7\u0cb2\u0cb3 \u0cb9\u0cbe\u0c97\u0cc6\u0caf\u0cc2 \u0cb2\u0cc7\u0caf\u0cb3 \u0cb9\u0cbe\u0c97\u0cc6\u0caf\u0cc2 \u0cae\u0cbe\u0ca1\u0cc1\u0cb5 \u0cb5\u0ca8\u0cbe\u0c97\u0cb2\u0cbf; \u0c8e\u0cab\u0ccd\u0cb0\u0cbe\u0ca4\u0ca6\u0cb2\u0ccd\u0cb2\u0cbf \u0caf\u0ccb\u0c97\u0ccd\u0caf \u0c95\u0cbe\u0cb0\u0ccd\u0caf \u0cae\u0cbe\u0ca1\u0cc1, \u0cac\u0cc7\u0ca4\u0ccd\u0cb2\u0cc6\u0cb9\u0cc7\u0cae\u0cbf\u0ca8\u0cb2\u0ccd\u0cb2\u0cbf \u0cb9\u0cc6\u0cb8\u0cb0\u0cc1\u0c97\u0cca\u0c82\u0ca1\u0cb5\u0ca8\u0cbe\u0c97\u0cbf\u0cb0\u0cc1."},{"Verseid":"07003011","Verse":"\u0c88 \u0cb9\u0cc1\u0ca1\u0cc1\u0c97\u0cbf\u0caf\u0cbf\u0c82\u0ca6 \u0c95\u0cb0\u0ccd\u0ca4\u0ca8\u0cc1 \u0ca8\u0cbf\u0ca8\u0c97\u0cc6 \u0c95\u0cca\u0ca1\u0cc1\u0cb5 \u0cb8\u0c82\u0ca4\u0cbe\u0ca8\u0ca6\u0cbf\u0c82\u0ca6 \u0ca8\u0cbf\u0ca8\u0ccd\u0ca8 \u0cae\u0ca8\u0cc6\u0caf\u0cc2 \u0ca4\u0cbe\u0cae\u0cb0\u0cb3\u0cc1 \u0caf\u0cc2\u0ca6 \u0ca8\u0cbf\u0c97\u0cc6 \u0cb9\u0cc6\u0ca4\u0ccd\u0ca4 \u0caa\u0cc6\u0cb0\u0cc6\u0c9a\u0ca8 \u0cae\u0ca8\u0cc6\u0caf \u0cb9\u0cbe\u0c97\u0cc6\u0caf\u0cc7 \u0c86\u0c97\u0cb2\u0cbf \u0c85\u0c82\u0ca6\u0cb0\u0cc1."},{"Verseid":"07003012","Verse":"\u0cac\u0ccb\u0cb5\u0c9c\u0ca8\u0cc1 \u0cb0\u0cc2\u0ca4\u0cb3\u0ca8\u0ccd\u0ca8\u0cc1 \u0ca4\u0cc6\u0c97\u0cc6\u0ca6\u0cc1\u0c95\u0cca\u0c82\u0ca1\u0ca8\u0cc1; \u0c85\u0cb5\u0cb3\u0cc1 \u0c85\u0cb5\u0ca8\u0cbf\u0c97\u0cc6 \u0cb9\u0cc6\u0c82\u0ca1\u0ca4\u0cbf\u0caf\u0cbe\u0ca6\u0cb3\u0cc1. \u0c85\u0cb5\u0ca8\u0cc1 \u0c85\u0cb5\u0cb3\u0ca8\u0ccd\u0ca8\u0cc1 \u0c95\u0cc2\u0ca1\u0cbf\u0ca6\u0cbe\u0c97 \u0c95\u0cb0\u0ccd\u0ca4\u0ca8\u0cc1 \u0c85\u0cb5\u0cb3\u0cbf\u0c97\u0cc6 \u0c97\u0cb0\u0ccd\u0cad \u0ca4\u0cc6\u0cb0\u0cc6\u0ca6\u0ca6\u0ccd\u0ca6\u0cb0\u0cbf\u0c82\u0ca6 \u0c85\u0cb5\u0cb3\u0cc1 \u0cae\u0c97\u0ca8\u0ca8\u0ccd\u0ca8\u0cc1 \u0cb9\u0cc6\u0ca4\u0ccd\u0ca4\u0cb3\u0cc1."},{"Verseid":"07003013","Verse":"\u0c86\u0c97 \u0cb8\u0ccd\u0ca4\u0ccd\u0cb0\u0cc0\u0caf\u0cb0\u0cc1 \u0ca8\u0cca\u0cb5\u0cca\u0cae\u0cbf\u0c97\u0cc6 \u0cb9\u0cc7\u0cb3\u0cbf\u0ca6\u0ccd\u0ca6\u0cc7\u0ca8\u0c82\u0ca6\u0cb0\u0cc6--\u0c87\u0cb8\u0ccd\u0cb0\u0cbe\u0caf\u0cc7\u0cb2\u0cbf\u0ca8\u0cb2\u0ccd\u0cb2\u0cbf \u0cb9\u0cc6\u0cb8\u0cb0\u0cc1\u0c97\u0cca\u0cb3\u0ccd\u0cb3\u0cc1\u0cb5 \u0cb8\u0c82\u0cac\u0c82\u0ca7\u0cbf\u0c95\u0ca8\u0cc1 \u0ca8\u0cbf\u0ca8\u0c97\u0cc6 \u0c92\u0cac\u0ccd\u0cac\u0ca8\u0cbf\u0cb2\u0ccd\u0cb2\u0ca6 \u0cb9\u0cbe\u0c97\u0cc6 \u0cae\u0cbe\u0ca1\u0ca6\u0cc6 \u0c87\u0cb0\u0cc1\u0cb5 \u0c95\u0cb0\u0ccd\u0ca4\u0ca8\u0cc1 \u0c86\u0cb6\u0cc0\u0cb0\u0ccd\u0cb5\u0ca6\u0cbf\u0cb8\u0cb2\u0ccd\u0caa\u0ca1\u0cb2\u0cbf."},{"Verseid":"07003014","Verse":"\u0c85\u0cb5\u0ca8\u0cc1 \u0ca8\u0cbf\u0ca8\u0c97\u0cc6 \u0caa\u0ccd\u0cb0\u0cbe\u0ca3\u0cb5\u0ca8\u0ccd\u0ca8\u0cc1 \u0caa\u0cc1\u0ca8\u0cb0\u0ccd\u0c9c\u0cc0\u0cb5\u0cbf\u0cb8\u0cc1\u0cb5\u0cb5 \u0ca8\u0cbe\u0c97\u0cbf\u0caf\u0cc2 \u0ca8\u0cbf\u0ca8\u0ccd\u0ca8 \u0cb5\u0cc3\u0ca6\u0ccd\u0ca7 \u0cb5\u0caf\u0cb8\u0ccd\u0cb8\u0cbf\u0ca8\u0cb2\u0ccd\u0cb2\u0cbf \u0cb8\u0c82\u0cb0\u0c95\u0ccd\u0cb7\u0cbf\u0cb8\u0cc1\u0cb5\u0cb5 \u0ca8\u0cbe\u0c97\u0cbf\u0caf\u0cc2 \u0c87\u0cb0\u0cc1\u0cb5\u0ca8\u0cc1. \u0caf\u0cbe\u0c95\u0c82\u0ca6\u0cb0\u0cc6 \u0ca8\u0cbf\u0ca8\u0ccd\u0ca8\u0ca8\u0ccd\u0ca8\u0cc1 \u0caa\u0ccd\u0cb0\u0cc0\u0ca4\u0cbf \u0cae\u0cbe\u0ca1\u0cc1\u0cb5 \u0c8f\u0cb3\u0cc1 \u0cae\u0c82\u0ca6\u0cbf \u0cae\u0c95\u0ccd\u0c95\u0cb3\u0cbf\u0c97\u0cbf\u0c82\u0ca4 \u0ca8\u0cbf\u0ca8\u0c97\u0cc6 \u0c89\u0ca4\u0ccd\u0ca4\u0cae \u0cb3\u0cbe\u0c97\u0cbf\u0cb0\u0cc1\u0cb5 \u0ca8\u0cbf\u0ca8\u0ccd\u0ca8 \u0cb8\u0cca\u0cb8\u0cc6\u0caf\u0cc1 \u0c85\u0cb5\u0ca8\u0ca8\u0ccd\u0ca8\u0cc1 \u0cb9\u0cc6\u0ca4\u0ccd\u0ca4\u0cb3\u0cc1 \u0c85\u0c82\u0ca6\u0cb0\u0cc1."},{"Verseid":"07003015","Verse":"\u0ca8\u0cca\u0cb5\u0cca\u0cae\u0cbf\u0caf\u0cc1 \u0c86 \u0cae\u0c97\u0cc1\u0cb5\u0ca8\u0ccd\u0ca8\u0cc1 \u0c8e\u0ca4\u0ccd\u0ca4\u0cbf \u0ca4\u0ca8\u0ccd\u0ca8 \u0c89\u0ca1\u0cbf\u0cb2\u0cb2\u0ccd\u0cb2\u0cbf \u0c87\u0c9f\u0ccd\u0c9f\u0cc1\u0c95\u0cca\u0c82\u0ca1\u0cc1 \u0c85\u0ca6\u0c95\u0ccd\u0c95\u0cc6 \u0ca6\u0cbe\u0ca6\u0cbf\u0caf\u0cbe\u0ca6\u0cb3\u0cc1."},{"Verseid":"07003016","Verse":"\u0c86\u0c97 \u0ca8\u0cc6\u0cb0\u0cc6\u0cae\u0ca8\u0cc6\u0caf \u0cb8\u0ccd\u0ca4\u0ccd\u0cb0\u0cc0\u0caf\u0cb0\u0cc1--\u0ca8\u0cca\u0cb5\u0cca\u0cae\u0cbf\u0c97\u0cc6 \u0c92\u0cac\u0ccd\u0cac \u0cae\u0c97\u0ca8\u0cc1 \u0cb9\u0cc1\u0c9f\u0ccd\u0c9f\u0cbf\u0ca6\u0ccd\u0ca6\u0cbe\u0ca8\u0cc6\u0c82\u0ca6\u0cc1 \u0cb9\u0cc7\u0cb3\u0cbf \u0c85\u0cb5\u0ca8\u0cbf\u0c97\u0cc6 \u0c93\u0cac\u0cc7\u0ca6\u0ca8\u0cc6\u0c82\u0ca6\u0cc1 \u0cb9\u0cc6\u0cb8\u0cb0\u0cbf\u0c9f\u0ccd\u0c9f\u0cb0\u0cc1. \u0c87\u0cb5\u0ca8\u0cc7 \u0ca6\u0cbe\u0cb5\u0cc0\u0ca6\u0ca8 \u0ca4\u0c82\u0ca6\u0cc6\u0caf\u0cbe\u0ca6 \u0c87\u0cb7\u0caf\u0ca8\u0cbf\u0c97\u0cc6 \u0ca4\u0c82\u0ca6\u0cc6 \u0caf\u0cbe\u0ca6\u0cb5\u0ca8\u0cc1."},{"Verseid":"07003017","Verse":"\u0caa\u0cc6\u0cb0\u0cc6\u0c9a\u0ca8 \u0cb8\u0c82\u0ca4\u0ca4\u0cbf \u0caf\u0cbe\u0cb5\u0ca6\u0c82\u0ca6\u0cb0\u0cc6--\u0caa\u0cc6\u0cb0\u0cc6\u0c9a\u0ca8\u0cc1, \u0cb9\u0cc6\u0c9a\u0ccd\u0cb0\u0ccb\u0ca8\u0ca8\u0ca8\u0ccd\u0ca8\u0cc1 \u0caa\u0ca1\u0cc6\u0ca6\u0ca8\u0cc1; \u0cb9\u0cc6\u0c9a\u0ccd\u0cb0\u0ccb\u0ca8\u0ca8\u0cc1 \u0cb0\u0cbe\u0cae \u0ca8\u0ca8\u0ccd\u0ca8\u0cc1 \u0caa\u0ca1\u0cc6\u0ca6\u0ca8\u0cc1;"},{"Verseid":"07003018","Verse":"\u0cb0\u0cbe\u0cae\u0ca8\u0cc1 \u0c85\u0cb5\u0ccd\u0cae\u0cc6\u0cbe\u0ca8\u0cbe\u0ca6\u0cbe\u0cac\u0ca8\u0ca8\u0ccd\u0ca8\u0cc1 \u0caa\u0ca1\u0cc6\u0ca6\u0ca8\u0cc1;"},{"Verseid":"07003019","Verse":"\u0c85\u0cb5\u0ccd\u0cae\u0cc6\u0cbe\u0ca8\u0cbe\u0ca6\u0cbe\u0cac\u0ca8\u0cc1 \u0ca8\u0cb9\u0cb6\u0ccb\u0ca8\u0ca8\u0ca8\u0ccd\u0ca8\u0cc1 \u0caa\u0ca1\u0cc6\u0ca6\u0ca8\u0cc1;"},{"Verseid":"07003020","Verse":"\u0ca8\u0cb9\u0cb6\u0ccb\u0ca8\u0ca8\u0cc1 \u0cb8\u0cb2\u0ccd\u0cae\u0ccb\u0ca8\u0ca8\u0ca8\u0ccd\u0ca8\u0cc1 \u0caa\u0ca1\u0cc6 \u0ca6\u0ca8\u0cc1; \u0cb8\u0cb2\u0ccd\u0cae\u0ccb\u0ca8\u0ca8\u0cc1 \u0cac\u0ccb\u0cb5\u0c9c\u0ca8\u0ca8\u0ccd\u0ca8\u0cc1 \u0caa\u0ca1\u0cc6\u0ca6\u0ca8\u0cc1;"},{"Verseid":"07003021","Verse":"\u0cac\u0ccb\u0cb5\u0c9c\u0ca8\u0cc1 \u0c93\u0cac\u0cc7\u0ca6\u0ca8\u0ca8\u0ccd\u0ca8\u0cc1 \u0caa\u0ca1\u0cc6\u0ca6\u0ca8\u0cc1; \u0c93\u0cac\u0cc7\u0ca6\u0ca8\u0cc1 \u0c87\u0cb7\u0caf\u0ca8\u0ca8\u0ccd\u0ca8\u0cc1 \u0caa\u0ca1\u0cc6\u0ca6\u0ca8\u0cc1; \u0c87\u0cb7\u0caf\u0ca8\u0cc1 \u0ca6\u0cbe\u0cb5\u0cc0\u0ca6\u0ca8\u0ca8\u0ccd\u0ca8\u0cc1 \u0caa\u0ca1\u0cc6\u0ca6\u0ca8\u0cc1."}]}]}