{"Chapter":[{"Verse":[{"Verseid":"21000000","Verse":"\u0b9a\u0bbe\u0bb2\u0bca\u0bae\u0bcb\u0ba9\u0bcd \u0baa\u0bbe\u0b9f\u0bbf\u0ba9 \u0b89\u0ba9\u0bcd\u0ba9\u0ba4\u0baa\u0bcd\u0baa\u0bbe\u0b9f\u0bcd\u0b9f\u0bc1."},{"Verseid":"21000001","Verse":"\u0b85\u0bb5\u0bb0\u0bcd \u0ba4\u0bae\u0ba4\u0bc1 \u0bb5\u0bbe\u0baf\u0bbf\u0ba9\u0bcd \u0bae\u0bc1\u0ba4\u0bcd\u0ba4\u0b99\u0bcd\u0b95\u0bb3\u0bbe\u0bb2\u0bcd \u0b8e\u0ba9\u0bcd\u0ba9\u0bc8 \u0bae\u0bc1\u0ba4\u0bcd\u0ba4\u0bae\u0bbf\u0b9f\u0bc1\u0bb5\u0bbe\u0bb0\u0bbe\u0b95: \u0b89\u0bae\u0ba4\u0bc1 \u0ba8\u0bc7\u0b9a\u0bae\u0bcd \u0ba4\u0bbf\u0bb0\u0bbe\u0b9f\u0bcd\u0b9a\u0bb0\u0b9a\u0ba4\u0bcd\u0ba4\u0bc8\u0baa\u0bcd \u0baa\u0bbe\u0bb0\u0bcd\u0b95\u0bcd\u0b95\u0bbf\u0bb2\u0bc1\u0bae\u0bcd \u0b87\u0ba9\u0bcd\u0baa\u0bae\u0bbe\u0ba9\u0ba4\u0bc1."},{"Verseid":"21000002","Verse":"\u0b89\u0bae\u0ba4\u0bc1 \u0baa\u0bb0\u0bbf\u0bae\u0bb3\u0ba4\u0bc8\u0bb2\u0b99\u0bcd\u0b95\u0bb3\u0bcd \u0b87\u0ba9\u0bcd\u0baa\u0bae\u0bbe\u0ba9 \u0bb5\u0bbe\u0b9a\u0ba9\u0bc8\u0baf\u0bc1\u0bb3\u0bcd\u0bb3\u0bb5\u0bc8\u0b95\u0bb3\u0bcd; \u0b89\u0bae\u0ba4\u0bc1 \u0ba8\u0bbe\u0bae\u0bae\u0bcd \u0b8a\u0bb1\u0bcd\u0bb1\u0bc1\u0ba3\u0bcd\u0b9f \u0baa\u0bb0\u0bbf\u0bae\u0bb3\u0ba4\u0bc8\u0bb2\u0bae\u0bbe\u0baf\u0bbf\u0bb0\u0bc1\u0b95\u0bcd\u0b95\u0bbf\u0bb1\u0ba4\u0bc1; \u0b86\u0b95\u0bc8\u0baf\u0bbe\u0bb2\u0bcd \u0b95\u0ba9\u0bcd\u0ba9\u0bbf\u0baf\u0bb0\u0bcd\u0b95\u0bb3\u0bcd \u0b89\u0bae\u0bcd\u0bae\u0bc8 \u0ba8\u0bc7\u0b9a\u0bbf\u0b95\u0bcd\u0b95\u0bbf\u0bb1\u0bbe\u0bb0\u0bcd\u0b95\u0bb3\u0bcd."},{"Verseid":"21000003","Verse":"\u0b8e\u0ba9\u0bcd\u0ba9\u0bc8 \u0b87\u0bb4\u0bc1\u0ba4\u0bcd\u0ba4\u0bc1\u0b95\u0bcd\u0b95\u0bca\u0bb3\u0bcd\u0bb3\u0bc1\u0bae\u0bcd \u0b89\u0bae\u0b95\u0bcd\u0b95\u0bc1\u0baa\u0bcd \u0baa\u0bbf\u0ba9\u0bcd\u0ba9\u0bc7 \u0b93\u0b9f\u0bbf \u0bb5\u0bb0\u0bc1\u0bb5\u0bcb\u0bae\u0bcd; \u0bb0\u0bbe\u0b9c\u0bbe \u0b8e\u0ba9\u0bcd\u0ba9\u0bc8\u0ba4\u0bcd \u0ba4\u0bae\u0ba4\u0bc1 \u0b85\u0bb1\u0bc8\u0b95\u0bb3\u0bbf\u0bb2\u0bcd \u0b85\u0bb4\u0bc8\u0ba4\u0bcd\u0ba4\u0bc1\u0b95\u0bcd\u0b95\u0bca\u0ba3\u0bcd\u0b9f\u0bc1\u0bb5\u0ba8\u0bcd\u0ba4\u0bbe\u0bb0\u0bcd; \u0ba8\u0bbe\u0b99\u0bcd\u0b95\u0bb3\u0bcd \u0b89\u0bae\u0b95\u0bcd\u0b95\u0bc1\u0bb3\u0bcd \u0b95\u0bb3\u0bbf\u0b95\u0bc2\u0bb0\u0bcd\u0ba8\u0bcd\u0ba4\u0bc1 \u0bae\u0b95\u0bbf\u0bb4\u0bc1\u0bb5\u0bcb\u0bae\u0bcd; \u0ba4\u0bbf\u0bb0\u0bbe\u0b9f\u0bcd\u0b9a\u0bb0\u0b9a\u0ba4\u0bcd\u0ba4\u0bc8\u0baa\u0bcd \u0baa\u0bbe\u0bb0\u0bcd\u0b95\u0bcd\u0b95\u0bbf\u0bb2\u0bc1\u0bae\u0bcd \u0b89\u0bae\u0ba4\u0bc1 \u0ba8\u0bc7\u0b9a\u0ba4\u0bcd\u0ba4\u0bc8 \u0ba8\u0bbf\u0ba9\u0bc8\u0baa\u0bcd\u0baa\u0bcb\u0bae\u0bcd; \u0b89\u0ba4\u0bcd\u0ba4\u0bae\u0bb0\u0bcd\u0b95\u0bb3\u0bcd \u0b89\u0bae\u0bcd\u0bae\u0bc8 \u0ba8\u0bc7\u0b9a\u0bbf\u0b95\u0bcd\u0b95\u0bbf\u0bb1\u0bbe\u0bb0\u0bcd\u0b95\u0bb3\u0bcd."},{"Verseid":"21000004","Verse":"\u0b8e\u0bb0\u0bc1\u0b9a\u0bb2\u0bc7\u0bae\u0bbf\u0ba9\u0bcd \u0b95\u0bc1\u0bae\u0bbe\u0bb0\u0ba4\u0bcd\u0ba4\u0bbf\u0b95\u0bb3\u0bc7! \u0b95\u0bc7\u0ba4\u0bbe\u0bb0\u0bbf\u0ba9\u0bcd \u0b95\u0bc2\u0b9f\u0bbe\u0bb0\u0b99\u0bcd\u0b95\u0bb3\u0bc8\u0baa\u0bcd\u0baa\u0bcb\u0bb2\u0bb5\u0bc1\u0bae\u0bcd \u0b9a\u0bbe\u0bb2\u0bca\u0bae\u0bcb\u0ba9\u0bbf\u0ba9\u0bcd \u0ba4\u0bbf\u0bb0\u0bc8\u0b95\u0bb3\u0bc8\u0baa\u0bcd\u0baa\u0bcb\u0bb2\u0bb5\u0bc1\u0bae\u0bcd, \u0ba8\u0bbe\u0ba9\u0bcd \u0b95\u0bb1\u0bc1\u0baa\u0bcd\u0baa\u0bbe\u0baf\u0bbf\u0bb0\u0bc1\u0ba8\u0bcd\u0ba4\u0bbe\u0bb2\u0bc1\u0bae\u0bcd \u0b85\u0bb4\u0b95\u0bbe\u0baf\u0bbf\u0bb0\u0bc1\u0b95\u0bcd\u0b95\u0bbf\u0bb1\u0bc7\u0ba9\u0bcd."},{"Verseid":"21000005","Verse":"\u0ba8\u0bbe\u0ba9\u0bcd \u0b95\u0bb1\u0bc1\u0baa\u0bcd\u0baa\u0bbe\u0baf\u0bbf\u0bb0\u0bc1\u0b95\u0bcd\u0b95\u0bbf\u0bb1\u0bc7\u0ba9\u0bcd \u0b8e\u0ba9\u0bcd\u0bb1\u0bc1 \u0baa\u0bbe\u0bb0\u0bbe\u0ba4\u0bc7\u0baf\u0bc1\u0b99\u0bcd\u0b95\u0bb3\u0bcd; \u0bb5\u0bc6\u0baf\u0bcd\u0baf\u0bbf\u0bb2\u0bcd \u0b8e\u0ba9\u0bcd\u0bae\u0bc7\u0bb1\u0bcd\u0baa\u0b9f\u0bcd\u0b9f\u0ba4\u0bc1; \u0b8e\u0ba9\u0bcd \u0ba4\u0bbe\u0baf\u0bbf\u0ba9\u0bcd \u0baa\u0bbf\u0bb3\u0bcd\u0bb3\u0bc8\u0b95\u0bb3\u0bcd \u0b8e\u0ba9\u0bcd\u0bae\u0bc7\u0bb2\u0bcd \u0b95\u0bcb\u0baa\u0bae\u0bbe\u0baf\u0bbf\u0bb0\u0bc1\u0ba8\u0bcd\u0ba4\u0bc1 \u0b8e\u0ba9\u0bcd\u0ba9\u0bc8\u0ba4\u0bcd \u0ba4\u0bbf\u0bb0\u0bbe\u0b9f\u0bcd\u0b9a\u0ba4\u0bcd\u0ba4\u0bcb\u0b9f\u0bcd\u0b9f\u0b99\u0bcd\u0b95\u0bb3\u0bc1\u0b95\u0bcd\u0b95\u0bc1\u0b95\u0bcd \u0b95\u0bbe\u0bb5\u0bb1\u0bcd\u0b95\u0bbe\u0bb0\u0bbf\u0baf\u0bbe\u0b95 \u0bb5\u0bc8\u0ba4\u0bcd\u0ba4\u0bbe\u0bb0\u0bcd\u0b95\u0bb3\u0bcd; \u0b8e\u0ba9\u0bcd \u0b9a\u0bca\u0ba8\u0bcd\u0ba4\u0ba4\u0bcd \u0ba4\u0bbf\u0bb0\u0bbe\u0b9f\u0bcd\u0b9a\u0ba4\u0bcd\u0ba4\u0bcb\u0b9f\u0bcd\u0b9f\u0ba4\u0bcd\u0ba4\u0bc8\u0baf\u0bcb \u0ba8\u0bbe\u0ba9\u0bcd \u0b95\u0bbe\u0b95\u0bcd\u0b95\u0bb5\u0bbf\u0bb2\u0bcd\u0bb2\u0bc8."},{"Verseid":"21000006","Verse":"\u0b8e\u0ba9\u0bcd \u0b86\u0ba4\u0bcd\u0ba4\u0bc1\u0bae \u0ba8\u0bc7\u0b9a\u0bb0\u0bc7! \u0b89\u0bae\u0ba4\u0bc1 \u0bae\u0ba8\u0bcd\u0ba4\u0bc8\u0baf\u0bc8 \u0b8e\u0b99\u0bcd\u0b95\u0bc7 \u0bae\u0bc7\u0baf\u0bcd\u0ba4\u0bcd\u0ba4\u0bc1, \u0b85\u0ba4\u0bc8 \u0bae\u0ba4\u0bcd\u0ba4\u0bbf\u0baf\u0bbe\u0ba9\u0ba4\u0bcd\u0ba4\u0bbf\u0bb2\u0bcd \u0b8e\u0b99\u0bcd\u0b95\u0bc7 \u0bae\u0b9f\u0b95\u0bcd\u0b95\u0bc1\u0b95\u0bbf\u0bb1\u0bc0\u0bb0\u0bcd? \u0b8e\u0ba9\u0b95\u0bcd\u0b95\u0bc1\u0b9a\u0bcd \u0b9a\u0bca\u0bb2\u0bcd\u0bb2\u0bc1\u0bae\u0bcd; \u0b89\u0bae\u0ba4\u0bc1 \u0ba4\u0bcb\u0bb4\u0bb0\u0bbf\u0ba9\u0bcd \u0bae\u0ba8\u0bcd\u0ba4\u0bc8\u0b95\u0bb3\u0bcd \u0b85\u0bb0\u0bc1\u0b95\u0bc7 \u0b85\u0bb2\u0bc8\u0ba8\u0bcd\u0ba4\u0bc1\u0ba4\u0bbf\u0bb0\u0bbf\u0b95\u0bbf\u0bb1\u0bb5\u0bb3\u0bc8\u0baa\u0bcd\u0baa\u0bcb\u0bb2 \u0ba8\u0bbe\u0ba9\u0bcd \u0b87\u0bb0\u0bc1\u0b95\u0bcd\u0b95\u0bb5\u0bc7\u0ba3\u0bcd\u0b9f\u0bbf\u0baf\u0ba4\u0bc6\u0ba9\u0bcd\u0ba9?"},{"Verseid":"21000007","Verse":"\u0bb8\u0bcd\u0ba4\u0bbf\u0bb0\u0bc0\u0b95\u0bb3\u0bbf\u0bb2\u0bcd \u0bb0\u0bc2\u0baa\u0bb5\u0ba4\u0bbf\u0baf\u0bc7! \u0b85\u0ba4\u0bc8 \u0ba8\u0bc0 \u0b85\u0bb1\u0bbf\u0baf\u0bbe\u0baf\u0bbe\u0b95\u0bbf\u0bb2\u0bcd, \u0bae\u0ba8\u0bcd\u0ba4\u0bc8\u0baf\u0bbf\u0ba9\u0bcd \u0b95\u0bbe\u0bb2\u0b9f\u0bbf\u0b95\u0bb3\u0bc8\u0ba4\u0bcd \u0ba4\u0bca\u0b9f\u0bb0\u0bcd\u0ba8\u0bcd\u0ba4\u0bc1\u0baa\u0bcb\u0baf\u0bcd, \u0bae\u0bc7\u0baf\u0bcd\u0baa\u0bcd\u0baa\u0bb0\u0bcd\u0b95\u0bb3\u0bc1\u0b9f\u0bc8\u0baf \u0b95\u0bc2\u0b9f\u0bbe\u0bb0\u0b99\u0bcd\u0b95\u0bb3\u0ba3\u0bcd\u0b9f\u0bc8\u0baf\u0bbf\u0bb2\u0bcd \u0b89\u0ba9\u0bcd \u0b86\u0b9f\u0bcd\u0b9f\u0bc1\u0b95\u0bcd\u0b95\u0bc1\u0b9f\u0bcd\u0b9f\u0bbf\u0b95\u0bb3\u0bc8 \u0bae\u0bc7\u0baf\u0bb5\u0bbf\u0b9f\u0bc1."},{"Verseid":"21000008","Verse":"\u0b8e\u0ba9\u0bcd \u0baa\u0bbf\u0bb0\u0bbf\u0baf\u0bae\u0bc7! \u0baa\u0bbe\u0bb0\u0bcd\u0bb5\u0bcb\u0ba9\u0bc1\u0b9f\u0bc8\u0baf \u0b87\u0bb0\u0ba4\u0b99\u0bcd\u0b95\u0bb3\u0bbf\u0bb2\u0bcd \u0baa\u0bc2\u0ba3\u0bcd\u0b9f\u0bbf\u0bb0\u0bc1\u0b95\u0bcd\u0b95\u0bbf\u0bb1 \u0baa\u0bb0\u0bbf\u0b95\u0bb3\u0bcd \u0baa\u0bb5\u0bc1\u0b9e\u0bcd\u0b9a\u0bc1\u0b95\u0bcd\u0b95\u0bc1 \u0b89\u0ba9\u0bcd\u0ba9\u0bc8 \u0b92\u0baa\u0bcd\u0baa\u0bbf\u0b9f\u0bc1\u0b95\u0bbf\u0bb1\u0bc7\u0ba9\u0bcd."},{"Verseid":"21000009","Verse":"\u0b86\u0baa\u0bb0\u0ba3\u0bbe\u0ba4\u0bbf\u0b95\u0bb3\u0bcd \u0baa\u0bc2\u0ba3\u0bcd\u0b9f \u0b89\u0ba9\u0bcd \u0b95\u0ba9\u0bcd\u0ba9\u0b99\u0bcd\u0b95\u0bb3\u0bc1\u0bae\u0bcd, \u0b86\u0bb0\u0b99\u0bcd\u0b95\u0bb3\u0bcd \u0baa\u0bc2\u0ba3\u0bcd\u0b9f \u0b89\u0ba9\u0bcd \u0b95\u0bb4\u0bc1\u0ba4\u0bcd\u0ba4\u0bc1\u0bae\u0bcd \u0b85\u0bb4\u0b95\u0bbe\u0baf\u0bbf\u0bb0\u0bc1\u0b95\u0bcd\u0b95\u0bbf\u0bb1\u0ba4\u0bc1."},{"Verseid":"21000010","Verse":"\u0bb5\u0bc6\u0bb3\u0bcd\u0bb3\u0bbf\u0baa\u0bcd \u0baa\u0bca\u0b9f\u0bcd\u0b9f\u0bc1\u0b95\u0bb3\u0bc1\u0bb3\u0bcd\u0bb3 \u0baa\u0bca\u0ba9\u0bcd \u0b86\u0baa\u0bb0\u0ba3\u0b99\u0bcd\u0b95\u0bb3\u0bc8 \u0b89\u0ba9\u0b95\u0bcd\u0b95\u0bc1\u0baa\u0bcd \u0baa\u0ba3\u0bcd\u0ba3\u0bc1\u0bb5\u0bcb\u0bae\u0bcd."},{"Verseid":"21000011","Verse":"\u0bb0\u0bbe\u0b9c\u0bbe \u0ba4\u0bae\u0ba4\u0bc1 \u0baa\u0ba8\u0bcd\u0ba4\u0bbf\u0baf\u0bbf\u0bb2\u0bbf\u0bb0\u0bc1\u0b95\u0bcd\u0b95\u0bc1\u0ba8\u0bcd\u0ba4\u0ba9\u0bc8\u0baf\u0bc1\u0bae\u0bcd \u0b8e\u0ba9\u0bcd\u0ba9\u0bc1\u0b9f\u0bc8\u0baf \u0ba8\u0bb3\u0ba4\u0ba4\u0bc8\u0bb2\u0bae\u0bcd \u0ba4\u0ba9\u0bcd \u0bb5\u0bbe\u0b9a\u0ba9\u0bc8\u0baf\u0bc8 \u0bb5\u0bc0\u0b9a\u0bc1\u0bae\u0bcd."},{"Verseid":"21000012","Verse":"\u0b8e\u0ba9\u0bcd \u0ba8\u0bc7\u0b9a\u0bb0\u0bcd \u0b8e\u0ba9\u0b95\u0bcd\u0b95\u0bc1 \u0b8e\u0ba9\u0bcd \u0bb8\u0bcd\u0ba4\u0ba9\u0b99\u0bcd\u0b95\u0bb3\u0bbf\u0ba9\u0bcd \u0ba8\u0b9f\u0bc1\u0bb5\u0bbf\u0bb2\u0bcd \u0ba4\u0b99\u0bcd\u0b95\u0bc1\u0bae\u0bcd \u0bb5\u0bc6\u0bb3\u0bcd\u0bb3\u0bc8\u0baa\u0bcd\u0baa\u0bcb\u0bb3\u0b9a\u0bcd \u0b9a\u0bc6\u0ba3\u0bcd\u0b9f\u0bc1."},{"Verseid":"21000013","Verse":"\u0b8e\u0ba9\u0bcd \u0ba8\u0bc7\u0b9a\u0bb0\u0bcd \u0b8e\u0ba9\u0b95\u0bcd\u0b95\u0bc1 \u0b8e\u0b99\u0bcd\u0b95\u0bc7\u0ba4\u0bbf \u0b8a\u0bb0\u0bcd \u0ba4\u0bbf\u0bb0\u0bbe\u0b9f\u0bcd\u0b9a\u0ba4\u0bcd\u0ba4\u0bcb\u0b9f\u0bcd\u0b9f\u0b99\u0bcd\u0b95\u0bb3\u0bbf\u0bb2\u0bcd \u0bae\u0bc1\u0bb3\u0bc8\u0b95\u0bcd\u0b95\u0bc1\u0bae\u0bcd \u0bae\u0bb0\u0bc1\u0ba4\u0bcb\u0ba9\u0bcd\u0bb1\u0bbf\u0baa\u0bcd \u0baa\u0bc2\u0b99\u0bcd\u0b95\u0bca\u0ba4\u0bcd\u0ba4\u0bc1."},{"Verseid":"21000014","Verse":"\u0b8e\u0ba9\u0bcd \u0baa\u0bbf\u0bb0\u0bbf\u0baf\u0bae\u0bc7! \u0ba8\u0bc0 \u0bb0\u0bc2\u0baa\u0bb5\u0ba4\u0bbf; \u0ba8\u0bc0 \u0bb0\u0bc2\u0baa\u0bb5\u0ba4\u0bbf; \u0b89\u0ba9\u0bcd \u0b95\u0ba3\u0bcd\u0b95\u0bb3\u0bcd \u0baa\u0bc1\u0bb1\u0bbe\u0b95\u0bcd\u0b95\u0ba3\u0bcd\u0b95\u0bb3\u0bcd."},{"Verseid":"21000015","Verse":"\u0ba8\u0bc0\u0bb0\u0bcd \u0bb0\u0bc2\u0baa\u0bae\u0bc1\u0bb3\u0bcd\u0bb3\u0bb5\u0bb0\u0bcd; \u0b8e\u0ba9\u0bcd \u0ba8\u0bc7\u0b9a\u0bb0\u0bc7! \u0ba8\u0bc0\u0bb0\u0bcd \u0b87\u0ba9\u0bcd\u0baa\u0bae\u0bbe\u0ba9\u0bb5\u0bb0\u0bcd; \u0ba8\u0bae\u0bcd\u0bae\u0bc1\u0b9f\u0bc8\u0baf \u0bae\u0b9e\u0bcd\u0b9a\u0bae\u0bcd \u0baa\u0b9a\u0bc1\u0bae\u0bc8\u0baf\u0bbe\u0ba9\u0ba4\u0bc1."},{"Verseid":"21000016","Verse":"\u0ba8\u0bae\u0bcd\u0bae\u0bc1\u0b9f\u0bc8\u0baf \u0bb5\u0bc0\u0b9f\u0bcd\u0b9f\u0bbf\u0ba9\u0bcd \u0b89\u0ba4\u0bcd\u0ba4\u0bbf\u0bb0\u0b99\u0bcd\u0b95\u0bb3\u0bcd \u0b95\u0bc7\u0ba4\u0bc1\u0bb0\u0bc1\u0bae\u0bb0\u0bae\u0bcd, \u0ba8\u0bae\u0bcd\u0bae\u0bc1\u0b9f\u0bc8\u0baf \u0bae\u0b9a\u0bcd\u0b9a\u0bc1 \u0ba4\u0bc7\u0bb5\u0ba4\u0bbe\u0bb0\u0bc1\u0bae\u0bb0\u0bae\u0bcd."}]},{"Verse":[{"Verseid":"21001000","Verse":"\u0ba8\u0bbe\u0ba9\u0bcd \u0b9a\u0bbe\u0bb0\u0bcb\u0ba9\u0bbf\u0ba9\u0bcd \u0bb0\u0bcb\u0b9c\u0bbe\u0bb5\u0bc1\u0bae\u0bcd, \u0baa\u0bb3\u0bcd\u0bb3\u0ba4\u0bcd\u0ba4\u0bbe\u0b95\u0bcd\u0b95\u0bc1\u0b95\u0bb3\u0bbf\u0ba9\u0bcd \u0bb2\u0bc0\u0bb2\u0bbf\u0baa\u0bc1\u0bb7\u0bcd\u0baa\u0bae\u0bc1\u0bae\u0bbe\u0baf\u0bbf\u0bb0\u0bc1\u0b95\u0bcd\u0b95\u0bbf\u0bb1\u0bc7\u0ba9\u0bcd."},{"Verseid":"21001001","Verse":"\u0bae\u0bc1\u0bb3\u0bcd\u0bb3\u0bc1\u0b95\u0bb3\u0bc1\u0b95\u0bcd\u0b95\u0bc1\u0bb3\u0bcd\u0bb3\u0bc7 \u0bb2\u0bc0\u0bb2\u0bbf\u0baa\u0bc1\u0bb7\u0bcd\u0baa\u0bae\u0bcd \u0b8e\u0baa\u0bcd\u0baa\u0b9f\u0bbf\u0baf\u0bbf\u0bb0\u0bc1\u0b95\u0bcd\u0b95\u0bbf\u0bb1\u0ba4\u0bcb, \u0b85\u0baa\u0bcd\u0baa\u0b9f\u0bbf\u0baf\u0bc7 \u0b95\u0bc1\u0bae\u0bbe\u0bb0\u0ba4\u0bcd\u0ba4\u0bbf\u0b95\u0bb3\u0bc1\u0b95\u0bcd\u0b95\u0bc1\u0bb3\u0bcd\u0bb3\u0bc7 \u0b8e\u0ba9\u0b95\u0bcd\u0b95\u0bc1\u0baa\u0bcd \u0baa\u0bbf\u0bb0\u0bbf\u0baf\u0bae\u0bbe\u0ba9\u0bb5\u0bb3\u0bc1\u0bae\u0bcd \u0b87\u0bb0\u0bc1\u0b95\u0bcd\u0b95\u0bbf\u0bb1\u0bbe\u0bb3\u0bcd."},{"Verseid":"21001002","Verse":"\u0b95\u0bbe\u0b9f\u0bcd\u0b9f\u0bc1\u0bae\u0bb0\u0b99\u0bcd\u0b95\u0bb3\u0bc1\u0b95\u0bcd\u0b95\u0bc1\u0bb3\u0bcd\u0bb3\u0bc7 \u0b95\u0bbf\u0b9a\u0bcd\u0b9a\u0bbf\u0bb2\u0bbf\u0bae\u0bb0\u0bae\u0bcd \u0b8e\u0baa\u0bcd\u0baa\u0b9f\u0bbf\u0baf\u0bbf\u0bb0\u0bc1\u0b95\u0bcd\u0b95\u0bbf\u0bb1\u0ba4\u0bcb, \u0b85\u0baa\u0bcd\u0baa\u0b9f\u0bbf\u0baf\u0bc7 \u0b95\u0bc1\u0bae\u0bbe\u0bb0\u0bb0\u0bc1\u0b95\u0bcd\u0b95\u0bc1\u0bb3\u0bcd\u0bb3\u0bc7 \u0b8e\u0ba9\u0bcd \u0ba8\u0bc7\u0b9a\u0bb0\u0bcd \u0b87\u0bb0\u0bc1\u0b95\u0bcd\u0b95\u0bbf\u0bb1\u0bbe\u0bb0\u0bcd; \u0b85\u0ba4\u0bbf\u0ba9\u0bcd \u0ba8\u0bbf\u0bb4\u0bb2\u0bbf\u0bb2\u0bc7 \u0bb5\u0bbe\u0b9e\u0bcd\u0b9a\u0bc8\u0baf\u0bbe\u0baf\u0bcd \u0b89\u0b9f\u0bcd\u0b95\u0bbe\u0bb0\u0bc1\u0b95\u0bbf\u0bb1\u0bc7\u0ba9\u0bcd, \u0b85\u0ba4\u0bbf\u0ba9\u0bcd \u0b95\u0ba9\u0bbf \u0b8e\u0ba9\u0bcd \u0bb5\u0bbe\u0baf\u0bcd\u0b95\u0bcd\u0b95\u0bc1 \u0bae\u0ba4\u0bc1\u0bb0\u0bae\u0bbe\u0baf\u0bbf\u0bb0\u0bc1\u0b95\u0bcd\u0b95\u0bbf\u0bb1\u0ba4\u0bc1."},{"Verseid":"21001003","Verse":"\u0b8e\u0ba9\u0bcd\u0ba9\u0bc8 \u0bb5\u0bbf\u0bb0\u0bc1\u0ba8\u0bcd\u0ba4\u0bc1\u0b9a\u0bbe\u0bb2\u0bc8\u0b95\u0bcd\u0b95\u0bc1 \u0b85\u0bb4\u0bc8\u0ba4\u0bcd\u0ba4\u0bc1\u0b95\u0bcd\u0b95\u0bca\u0ba3\u0bcd\u0b9f\u0bc1\u0baa\u0bcb\u0ba9\u0bbe\u0bb0\u0bcd; \u0b8e\u0ba9\u0bcd\u0bae\u0bc7\u0bb2\u0bcd \u0baa\u0bb1\u0ba8\u0bcd\u0ba4 \u0b85\u0bb5\u0bb0\u0bc1\u0b9f\u0bc8\u0baf \u0b95\u0bca\u0b9f\u0bbf \u0ba8\u0bc7\u0b9a\u0bae\u0bc7."},{"Verseid":"21001004","Verse":"\u0ba4\u0bbf\u0bb0\u0bbe\u0b9f\u0bcd\u0b9a\u0bb0\u0b9a\u0ba4\u0bcd\u0ba4\u0bbe\u0bb2\u0bcd \u0b8e\u0ba9\u0bcd\u0ba9\u0bc8\u0ba4\u0bcd \u0ba4\u0bc7\u0bb1\u0bcd\u0bb1\u0bc1\u0b99\u0bcd\u0b95\u0bb3\u0bcd, \u0b95\u0bbf\u0b9a\u0bcd\u0b9a\u0bbf\u0bb2\u0bbf\u0baa\u0bcd\u0baa\u0bb4\u0b99\u0bcd\u0b95\u0bb3\u0bbe\u0bb2\u0bcd \u0b8e\u0ba9\u0bcd\u0ba9\u0bc8 \u0b86\u0bb1\u0bcd\u0bb1\u0bc1\u0b99\u0bcd\u0b95\u0bb3\u0bcd; \u0ba8\u0bc7\u0b9a\u0ba4\u0bcd\u0ba4\u0bbe\u0bb2\u0bcd \u0b9a\u0bcb\u0b95\u0bae\u0b9f\u0bc8\u0ba8\u0bcd\u0ba4\u0bbf\u0bb0\u0bc1\u0b95\u0bcd\u0b95\u0bbf\u0bb1\u0bc7\u0ba9\u0bcd."},{"Verseid":"21001005","Verse":"\u0b85\u0bb5\u0bb0\u0bcd \u0b87\u0b9f\u0ba4\u0bc1\u0b95\u0bc8 \u0b8e\u0ba9\u0bcd \u0ba4\u0bb2\u0bc8\u0baf\u0bbf\u0ba9\u0bcd\u0b95\u0bc0\u0bb4\u0bcd \u0b87\u0bb0\u0bc1\u0b95\u0bcd\u0b95\u0bbf\u0bb1\u0ba4\u0bc1; \u0b85\u0bb5\u0bb0\u0bcd \u0bb5\u0bb2\u0ba4\u0bc1\u0b95\u0bc8 \u0b8e\u0ba9\u0bcd\u0ba9\u0bc8 \u0b85\u0ba3\u0bc8\u0ba4\u0bcd\u0ba4\u0bc1\u0b95\u0bcd\u0b95\u0bca\u0bb3\u0bcd\u0bb3\u0bc1\u0b95\u0bbf\u0bb1\u0ba4\u0bc1."},{"Verseid":"21001006","Verse":"\u0b8e\u0bb0\u0bc1\u0b9a\u0bb2\u0bc7\u0bae\u0bbf\u0ba9\u0bcd \u0b95\u0bc1\u0bae\u0bbe\u0bb0\u0ba4\u0bcd\u0ba4\u0bbf\u0b95\u0bb3\u0bc7! \u0b8e\u0ba9\u0b95\u0bcd\u0b95\u0bc1\u0baa\u0bcd \u0baa\u0bbf\u0bb0\u0bbf\u0baf\u0bae\u0bbe\u0ba9\u0bb5\u0bb3\u0bc1\u0b95\u0bcd\u0b95\u0bc1 \u0bae\u0ba9\u0ba4\u0bbe\u0b95\u0bc1\u0bae\u0b9f\u0bcd\u0b9f\u0bc1\u0bae\u0bcd, \u0ba8\u0bc0\u0b99\u0bcd\u0b95\u0bb3\u0bcd \u0b85\u0bb5\u0bb3\u0bc8 \u0bb5\u0bbf\u0bb4\u0bbf\u0b95\u0bcd\u0b95\u0baa\u0bcd\u0baa\u0ba3\u0bcd\u0ba3\u0bbe\u0bae\u0bb2\u0bc1\u0bae\u0bcd \u0b8e\u0bb4\u0bc1\u0baa\u0bcd\u0baa\u0bbe\u0bae\u0bb2\u0bc1\u0bae\u0bbf\u0bb0\u0bc1\u0b95\u0bcd\u0b95\u0bc1\u0bae\u0bcd\u0baa\u0b9f\u0bbf \u0bb5\u0bc6\u0bb3\u0bbf\u0bae\u0bbe\u0ba9\u0bcd\u0b95\u0bb3\u0bcd\u0bae\u0bc7\u0bb2\u0bc1\u0bae\u0bcd \u0bb5\u0bc6\u0bb3\u0bbf\u0baf\u0bbf\u0ba9\u0bcd \u0bae\u0bb0\u0bc8\u0b95\u0bb3\u0bcd\u0bae\u0bc7\u0bb2\u0bc1\u0bae\u0bcd \u0b89\u0b99\u0bcd\u0b95\u0bb3\u0bc8 \u0b86\u0ba3\u0bc8\u0baf\u0bbf\u0b9f\u0bc1\u0b95\u0bbf\u0bb1\u0bc7\u0ba9\u0bcd."},{"Verseid":"21001007","Verse":"\u0b87\u0ba4\u0bc1 \u0b8e\u0ba9\u0bcd \u0ba8\u0bc7\u0b9a\u0bb0\u0bc1\u0b9f\u0bc8\u0baf \u0b9a\u0ba4\u0bcd\u0ba4\u0bae\u0bcd! \u0b87\u0ba4\u0bcb, \u0b85\u0bb5\u0bb0\u0bcd \u0bae\u0bb2\u0bc8\u0b95\u0bb3\u0bcd\u0bae\u0bc7\u0bb2\u0bcd \u0b95\u0bc1\u0ba4\u0bbf\u0ba4\u0bcd\u0ba4\u0bc1\u0bae\u0bcd \u0bae\u0bc7\u0b9f\u0bc1\u0b95\u0bb3\u0bcd\u0bae\u0bc7\u0bb2\u0bcd \u0ba4\u0bc1\u0bb3\u0bcd\u0bb3\u0bbf\u0baf\u0bc1\u0bae\u0bcd \u0bb5\u0bb0\u0bc1\u0b95\u0bbf\u0bb1\u0bbe\u0bb0\u0bcd."},{"Verseid":"21001008","Verse":"\u0b8e\u0ba9\u0bcd \u0ba8\u0bc7\u0b9a\u0bb0\u0bcd \u0bb5\u0bc6\u0bb3\u0bbf\u0bae\u0bbe\u0ba9\u0bc1\u0b95\u0bcd\u0b95\u0bc1\u0bae\u0bcd \u0bae\u0bb0\u0bc8\u0b95\u0bcd\u0b95\u0bc1\u0b9f\u0bcd\u0b9f\u0bbf\u0b95\u0bcd\u0b95\u0bc1\u0bae\u0bcd \u0b92\u0baa\u0bcd\u0baa\u0bbe\u0baf\u0bbf\u0bb0\u0bc1\u0b95\u0bcd\u0b95\u0bbf\u0bb1\u0bbe\u0bb0\u0bcd; \u0b87\u0ba4\u0bcb, \u0b85\u0bb5\u0bb0\u0bcd \u0b8e\u0b99\u0bcd\u0b95\u0bb3\u0bcd \u0bae\u0ba4\u0bbf\u0bb2\u0bc1\u0b95\u0bcd\u0b95\u0bc1\u0baa\u0bcd\u0baa\u0bc1\u0bb1\u0bae\u0bcd\u0baa\u0bc7 \u0ba8\u0bbf\u0ba9\u0bcd\u0bb1\u0bc1, \u0baa\u0bb2\u0b95\u0ba3\u0bbf \u0bb5\u0bb4\u0bbf\u0baf\u0bbe\u0baf\u0bcd\u0baa\u0bcd \u0baa\u0bbe\u0bb0\u0bcd\u0ba4\u0bcd\u0ba4\u0bc1, \u0b95\u0bbf\u0bb0\u0bbe\u0ba4\u0bbf\u0baf\u0bbf\u0ba9\u0bcd \u0bb5\u0bb4\u0bbf\u0baf\u0bbe\u0baf\u0bcd\u0ba4\u0bcd \u0ba4\u0bae\u0ba4\u0bc1 \u0bae\u0bb2\u0bb0\u0bcd\u0ba8\u0bcd\u0ba4 \u0bae\u0bc1\u0b95\u0ba4\u0bcd\u0ba4\u0bc8\u0b95\u0bcd \u0b95\u0bbe\u0ba3\u0bcd\u0baa\u0bbf\u0b95\u0bcd\u0b95\u0bbf\u0bb1\u0bbe\u0bb0\u0bcd."},{"Verseid":"21001009","Verse":"\u0b8e\u0ba9\u0bcd \u0ba8\u0bc7\u0b9a\u0bb0\u0bcd \u0b8e\u0ba9\u0bcd\u0ba9\u0bcb\u0b9f\u0bc7 \u0baa\u0bc7\u0b9a\u0bbf: \u0b8e\u0ba9\u0bcd \u0baa\u0bbf\u0bb0\u0bbf\u0baf\u0bae\u0bc7! \u0b8e\u0ba9\u0bcd \u0bb0\u0bc2\u0baa\u0bb5\u0ba4\u0bbf\u0baf\u0bc7! \u0b8e\u0bb4\u0bc1\u0ba8\u0bcd\u0ba4\u0bc1 \u0bb5\u0bbe."},{"Verseid":"21001010","Verse":"\u0b87\u0ba4\u0bcb, \u0bae\u0bbe\u0bb0\u0bbf\u0b95\u0bbe\u0bb2\u0bae\u0bcd \u0b9a\u0bc6\u0ba9\u0bcd\u0bb1\u0ba4\u0bc1, \u0bae\u0bb4\u0bc8\u0baa\u0bc6\u0baf\u0bcd\u0ba4\u0bc1 \u0b92\u0bb4\u0bbf\u0ba8\u0bcd\u0ba4\u0ba4\u0bc1."},{"Verseid":"21001011","Verse":"\u0baa\u0bc2\u0bae\u0bbf\u0baf\u0bbf\u0bb2\u0bc7 \u0baa\u0bc1\u0bb7\u0bcd\u0baa\u0b99\u0bcd\u0b95\u0bb3\u0bcd \u0b95\u0bbe\u0ba3\u0baa\u0bcd\u0baa\u0b9f\u0bc1\u0b95\u0bbf\u0bb1\u0ba4\u0bc1 \u0b95\u0bc1\u0bb0\u0bc1\u0bb5\u0bbf\u0b95\u0bb3\u0bcd \u0baa\u0bbe\u0b9f\u0bc1\u0b99\u0bcd\u0b95\u0bbe\u0bb2\u0bae\u0bcd \u0bb5\u0ba8\u0bcd\u0ba4\u0ba4\u0bc1, \u0b95\u0bbe\u0b9f\u0bcd\u0b9f\u0bc1\u0baa\u0bcd\u0baa\u0bc1\u0bb1\u0bbe\u0bb5\u0bbf\u0ba9\u0bcd \u0b9a\u0ba4\u0bcd\u0ba4\u0bae\u0bcd \u0ba4\u0bc7\u0b9a\u0ba4\u0bcd\u0ba4\u0bbf\u0bb2\u0bcd \u0b95\u0bc7\u0b9f\u0bcd\u0b95\u0baa\u0bcd\u0baa\u0b9f\u0bc1\u0b95\u0bbf\u0bb1\u0ba4\u0bc1."},{"Verseid":"21001012","Verse":"\u0b85\u0ba4\u0bcd\u0ba4\u0bbf\u0bae\u0bb0\u0bae\u0bcd \u0b95\u0bbe\u0baf\u0bcd\u0b95\u0bbe\u0baf\u0bcd\u0ba4\u0bcd\u0ba4\u0ba4\u0bc1; \u0ba4\u0bbf\u0bb0\u0bbe\u0b9f\u0bcd\u0b9a\u0b95\u0bcd\u0b95\u0bca\u0b9f\u0bbf\u0b95\u0bb3\u0bcd \u0baa\u0bc2\u0baa\u0bcd\u0baa\u0bc2\u0ba4\u0bcd\u0ba4\u0bc1 \u0bb5\u0bbe\u0b9a\u0ba9\u0bc8\u0baf\u0bc1\u0bae\u0bcd \u0baa\u0bb0\u0bbf\u0bae\u0bb3\u0bbf\u0b95\u0bcd\u0b95\u0bbf\u0bb1\u0ba4\u0bc1; \u0b8e\u0ba9\u0bcd \u0baa\u0bbf\u0bb0\u0bbf\u0baf\u0bae\u0bc7! \u0b8e\u0ba9\u0bcd \u0bb0\u0bc2\u0baa\u0bb5\u0ba4\u0bbf\u0baf\u0bc7! \u0ba8\u0bc0 \u0b8e\u0bb4\u0bc1\u0ba8\u0bcd\u0ba4\u0bc1\u0bb5\u0bbe."},{"Verseid":"21001013","Verse":"\u0b95\u0ba9\u0bcd\u0bae\u0bb2\u0bc8\u0baf\u0bbf\u0ba9\u0bcd \u0bb5\u0bc6\u0b9f\u0bbf\u0baa\u0bcd\u0baa\u0bc1\u0b95\u0bb3\u0bbf\u0bb2\u0bc1\u0bae\u0bcd \u0b9a\u0bbf\u0b95\u0bb0\u0b99\u0bcd\u0b95\u0bb3\u0bbf\u0ba9\u0bcd \u0bae\u0bb1\u0bc8\u0bb5\u0bbf\u0b9f\u0b99\u0bcd\u0b95\u0bb3\u0bbf\u0bb2\u0bc1\u0bae\u0bcd \u0ba4\u0b99\u0bcd\u0b95\u0bc1\u0b95\u0bbf\u0bb1 \u0b8e\u0ba9\u0bcd \u0baa\u0bc1\u0bb1\u0bbe\u0bb5\u0bc7! \u0b89\u0ba9\u0bcd \u0bae\u0bc1\u0b95 \u0bb0\u0bc2\u0baa\u0ba4\u0bcd\u0ba4\u0bc8 \u0b8e\u0ba9\u0b95\u0bcd\u0b95\u0bc1\u0b95\u0bcd \u0b95\u0bbe\u0ba3\u0bcd\u0baa\u0bbf, \u0b89\u0ba9\u0bcd \u0b9a\u0ba4\u0bcd\u0ba4\u0ba4\u0bcd\u0ba4\u0bc8 \u0ba8\u0bbe\u0ba9\u0bcd \u0b95\u0bc7\u0b9f\u0bcd\u0b95\u0b9f\u0bcd\u0b9f\u0bc1\u0bae\u0bcd; \u0b89\u0ba9\u0bcd \u0b9a\u0ba4\u0bcd\u0ba4\u0bae\u0bcd \u0b87\u0ba9\u0bcd\u0baa\u0bae\u0bc1\u0bae\u0bcd \u0b89\u0ba9\u0bcd \u0bae\u0bc1\u0b95\u0bb0\u0bc2\u0baa\u0bae\u0bcd \u0b85\u0bb4\u0b95\u0bc1\u0bae\u0bbe\u0baf\u0bbf\u0bb0\u0bc1\u0b95\u0bcd\u0b95\u0bbf\u0bb1\u0ba4\u0bc1 \u0b8e\u0ba9\u0bcd\u0bb1\u0bbe\u0bb0\u0bcd."},{"Verseid":"21001014","Verse":"\u0ba4\u0bbf\u0bb0\u0bbe\u0b9f\u0bcd\u0b9a\u0ba4\u0bcd\u0ba4\u0bcb\u0b9f\u0bcd\u0b9f\u0b99\u0bcd\u0b95\u0bb3\u0bc8\u0b95\u0bcd \u0b95\u0bbe\u0b95\u0bcd\u0b95\u0bbf\u0bb1 \u0b95\u0bc1\u0bb4\u0bbf\u0ba8\u0bb0\u0bbf\u0b95\u0bb3\u0bc8\u0baf\u0bc1\u0bae\u0bcd \u0b9a\u0bbf\u0bb1\u0bc1\u0ba8\u0bb0\u0bbf\u0b95\u0bb3\u0bc8\u0baf\u0bc1\u0bae\u0bcd \u0ba8\u0bae\u0b95\u0bcd\u0b95\u0bc1\u0baa\u0bcd \u0baa\u0bbf\u0b9f\u0bbf\u0baf\u0bc1\u0b99\u0bcd\u0b95\u0bb3\u0bcd; \u0ba8\u0bae\u0bcd\u0bae\u0bc1\u0b9f\u0bc8\u0baf \u0ba4\u0bbf\u0bb0\u0bbe\u0b9f\u0bcd\u0b9a\u0ba4\u0bcd\u0ba4\u0bcb\u0b9f\u0bcd\u0b9f\u0b99\u0bcd\u0b95\u0bb3\u0bcd \u0baa\u0bc2\u0bb5\u0bc1\u0bae\u0bcd \u0baa\u0bbf\u0b9e\u0bcd\u0b9a\u0bc1\u0bae\u0bbe\u0baf\u0bbf\u0bb0\u0bc1\u0b95\u0bcd\u0b95\u0bbf\u0bb1\u0ba4\u0bc7."},{"Verseid":"21001015","Verse":"\u0b8e\u0ba9\u0bcd \u0ba8\u0bc7\u0b9a\u0bb0\u0bcd \u0b8e\u0ba9\u0bcd\u0ba9\u0bc1\u0b9f\u0bc8\u0baf\u0bb5\u0bb0\u0bcd, \u0ba8\u0bbe\u0ba9\u0bcd \u0b85\u0bb5\u0bb0\u0bc1\u0b9f\u0bc8\u0baf\u0bb5\u0bb3\u0bcd. \u0b85\u0bb5\u0bb0\u0bcd \u0bb2\u0bc0\u0bb2\u0bbf \u0baa\u0bc1\u0bb7\u0bcd\u0baa\u0b99\u0bcd\u0b95\u0bb3\u0bc1\u0b95\u0bcd\u0b95\u0bc1\u0bb3\u0bcd\u0bb3\u0bc7 \u0bae\u0bc7\u0baf\u0bcd\u0b95\u0bbf\u0bb1\u0bbe\u0bb0\u0bcd."},{"Verseid":"21001016","Verse":"\u0b8e\u0ba9\u0bcd \u0ba8\u0bc7\u0b9a\u0bb0\u0bc7! \u0baa\u0b95\u0bb2\u0bcd \u0b95\u0bc1\u0bb3\u0bbf\u0bb0\u0bcd\u0b9a\u0bcd\u0b9a\u0bbf\u0baf\u0bbe\u0b95\u0bbf, \u0ba8\u0bbf\u0bb4\u0bb2\u0bcd \u0b9a\u0bbe\u0baf\u0bcd\u0ba8\u0bcd\u0ba4\u0bc1\u0baa\u0bcb\u0b95\u0bc1\u0bae\u0bcd\u0bb5\u0bb0\u0bc8\u0b95\u0bcd\u0b95\u0bc1\u0bae\u0bcd, \u0ba8\u0bc0\u0bb0\u0bcd \u0ba4\u0bbf\u0bb0\u0bc1\u0bae\u0bcd\u0baa\u0bbf, \u0b95\u0bc1\u0ba9\u0bcd\u0bb1\u0bc1\u0bae\u0bcd \u0baa\u0bbf\u0bb3\u0baa\u0bcd\u0baa\u0bc1\u0bae\u0bbe\u0ba9 \u0b95\u0ba9\u0bcd\u0bae\u0bb2\u0bc8\u0b95\u0bb3\u0bbf\u0bb2\u0bcd \u0b95\u0bc1\u0ba4\u0bbf\u0ba4\u0bcd\u0ba4\u0bc1\u0bb5\u0bb0\u0bc1\u0bae\u0bcd \u0b95\u0bb2\u0bc8\u0bae\u0bbe\u0ba9\u0bc1\u0b95\u0bcd\u0b95\u0bc1\u0bae\u0bcd \u0bae\u0bb0\u0bc8\u0b95\u0bb3\u0bbf\u0ba9\u0bcd \u0b95\u0bc1\u0b9f\u0bcd\u0b9f\u0bbf\u0b95\u0bcd\u0b95\u0bc1\u0bae\u0bcd \u0b9a\u0bae\u0bbe\u0ba9\u0bae\u0bbe\u0baf\u0bbf\u0bb0\u0bc1\u0bae\u0bcd."}]},{"Verse":[{"Verseid":"21002000","Verse":"\u0b87\u0bb0\u0bbe\u0b95\u0bcd\u0b95\u0bbe\u0bb2\u0b99\u0bcd\u0b95\u0bb3\u0bbf\u0bb2\u0bcd \u0b8e\u0ba9\u0bcd \u0baa\u0b9f\u0bc1\u0b95\u0bcd\u0b95\u0bc8\u0baf\u0bbf\u0bb2\u0bc7 \u0b8e\u0ba9\u0bcd \u0b86\u0ba4\u0bcd\u0ba4\u0bc1\u0bae \u0ba8\u0bc7\u0b9a\u0bb0\u0bc8\u0ba4\u0bcd \u0ba4\u0bc7\u0b9f\u0bbf\u0ba9\u0bc7\u0ba9\u0bcd; \u0ba4\u0bc7\u0b9f\u0bbf\u0baf\u0bc1\u0bae\u0bcd \u0ba8\u0bbe\u0ba9\u0bcd \u0b85\u0bb5\u0bb0\u0bc8\u0b95\u0bcd \u0b95\u0bbe\u0ba3\u0bb5\u0bbf\u0bb2\u0bcd\u0bb2\u0bc8."},{"Verseid":"21002001","Verse":"\u0ba8\u0bbe\u0ba9\u0bcd \u0b8e\u0bb4\u0bc1\u0ba8\u0bcd\u0ba4\u0bc1 \u0ba8\u0b95\u0bb0\u0ba4\u0bcd\u0ba4\u0bbf\u0ba9\u0bcd \u0bb5\u0bc0\u0ba4\u0bbf\u0b95\u0bb3\u0bbf\u0bb2\u0bc1\u0bae\u0bcd \u0ba4\u0bc6\u0bb0\u0bc1\u0b95\u0bcd\u0b95\u0bb3\u0bbf\u0bb2\u0bc1\u0bae\u0bcd \u0ba4\u0bbf\u0bb0\u0bbf\u0ba8\u0bcd\u0ba4\u0bc1, \u0b8e\u0ba9\u0bcd \u0b86\u0ba4\u0bcd\u0ba4\u0bc1\u0bae \u0ba8\u0bc7\u0b9a\u0bb0\u0bc8\u0ba4\u0bcd \u0ba4\u0bc7\u0b9f\u0bc1\u0bb5\u0bc7\u0ba9\u0bcd \u0b8e\u0ba9\u0bcd\u0bb1\u0bc7\u0ba9\u0bcd; \u0ba4\u0bc7\u0b9f\u0bbf\u0baf\u0bc1\u0bae\u0bcd \u0ba8\u0bbe\u0ba9\u0bcd \u0b85\u0bb5\u0bb0\u0bc8\u0b95\u0bcd \u0b95\u0bbe\u0ba3\u0bb5\u0bbf\u0bb2\u0bcd\u0bb2\u0bc8."},{"Verseid":"21002002","Verse":"\u0ba8\u0b95\u0bb0\u0ba4\u0bcd\u0ba4\u0bbf\u0bb2\u0bc7 \u0ba4\u0bbf\u0bb0\u0bbf\u0b95\u0bbf\u0bb1 \u0b95\u0bbe\u0bb5\u0bb2\u0bbe\u0bb3\u0bb0\u0bcd \u0b8e\u0ba9\u0bcd\u0ba9\u0bc8\u0b95\u0bcd \u0b95\u0ba3\u0bcd\u0b9f\u0bbe\u0bb0\u0bcd\u0b95\u0bb3\u0bcd \u0b8e\u0ba9\u0bcd \u0b86\u0ba4\u0bcd\u0ba4\u0bc1\u0bae\u0ba8\u0bc7\u0b9a\u0bb0\u0bc8\u0b95\u0bcd \u0b95\u0ba3\u0bcd\u0b9f\u0bc0\u0bb0\u0bcd\u0b95\u0bb3\u0bbe \u0b8e\u0ba9\u0bcd\u0bb1\u0bc1 \u0b85\u0bb5\u0bb0\u0bcd\u0b95\u0bb3\u0bc8\u0b95\u0bcd \u0b95\u0bc7\u0b9f\u0bcd\u0b9f\u0bc7\u0ba9\u0bcd."},{"Verseid":"21002003","Verse":"\u0ba8\u0bbe\u0ba9\u0bcd \u0b85\u0bb5\u0bb0\u0bcd\u0b95\u0bb3\u0bc8 \u0bb5\u0bbf\u0b9f\u0bcd\u0b9f\u0bc1\u0b95\u0bcd \u0b95\u0bca\u0b9e\u0bcd\u0b9a\u0ba4\u0bc2\u0bb0\u0bae\u0bcd \u0b95\u0b9f\u0ba8\u0bcd\u0ba4\u0bc1\u0baa\u0bcb\u0ba9\u0bb5\u0bc1\u0b9f\u0ba9\u0bc7, \u0b8e\u0ba9\u0bcd \u0b86\u0ba4\u0bcd\u0ba4\u0bc1\u0bae \u0ba8\u0bc7\u0b9a\u0bb0\u0bc8\u0b95\u0bcd \u0b95\u0ba3\u0bcd\u0b9f\u0bc7\u0ba9\u0bcd; \u0b85\u0bb5\u0bb0\u0bc8 \u0ba8\u0bbe\u0ba9\u0bcd \u0b8e\u0ba9\u0bcd \u0ba4\u0bbe\u0baf\u0bbf\u0ba9\u0bcd \u0bb5\u0bc0\u0b9f\u0bcd\u0b9f\u0bbf\u0bb2\u0bc1\u0bae\u0bcd \u0b8e\u0ba9\u0bcd\u0ba9\u0bc8\u0baa\u0bcd \u0baa\u0bc6\u0bb1\u0bcd\u0bb1\u0bb5\u0bb3\u0bbf\u0ba9\u0bcd \u0b85\u0bb1\u0bc8\u0baf\u0bbf\u0bb2\u0bc1\u0bae\u0bcd \u0b95\u0bca\u0ba3\u0bcd\u0b9f\u0bc1\u0bb5\u0ba8\u0bcd\u0ba4\u0bc1 \u0bb5\u0bbf\u0b9f\u0bc1\u0bae\u0b9f\u0bcd\u0b9f\u0bc1\u0bae\u0bcd \u0bb5\u0bbf\u0b9f\u0bbe\u0bae\u0bb2\u0bcd \u0baa\u0bb1\u0bcd\u0bb1\u0bbf\u0b95\u0bcd\u0b95\u0bca\u0ba3\u0bcd\u0b9f\u0bc7\u0ba9\u0bcd."},{"Verseid":"21002004","Verse":"\u0b8e\u0bb0\u0bc1\u0b9a\u0bb2\u0bc7\u0bae\u0bbf\u0ba9\u0bcd \u0b95\u0bc1\u0bae\u0bbe\u0bb0\u0ba4\u0bcd\u0ba4\u0bbf\u0b95\u0bb3\u0bc7! \u0b8e\u0ba9\u0b95\u0bcd\u0b95\u0bc1\u0baa\u0bcd \u0baa\u0bbf\u0bb0\u0bbf\u0baf\u0bae\u0bbe\u0ba9\u0bb5\u0bb3\u0bc1\u0b95\u0bcd\u0b95\u0bc1 \u0bae\u0ba9\u0ba4\u0bbe\u0b95\u0bc1\u0bae\u0b9f\u0bcd\u0b9f\u0bc1\u0bae\u0bcd \u0ba8\u0bc0\u0b99\u0bcd\u0b95\u0bb3\u0bcd \u0b85\u0bb5\u0bb3\u0bc8 \u0bb5\u0bbf\u0bb4\u0bbf\u0b95\u0bcd\u0b95\u0baa\u0bcd\u0baa\u0ba3\u0bcd\u0ba3\u0bbe\u0bae\u0bb2\u0bc1\u0bae\u0bcd \u0b8e\u0bb4\u0bc1\u0baa\u0bcd\u0baa\u0bbe\u0bae\u0bb2\u0bc1\u0bae\u0bbf\u0bb0\u0bc1\u0b95\u0bcd\u0b95\u0bc1\u0bae\u0bcd\u0baa\u0b9f\u0bbf \u0bb5\u0bc6\u0bb3\u0bbf\u0bae\u0bbe\u0ba9\u0bcd\u0b95\u0bb3\u0bcd\u0bae\u0bc7\u0bb2\u0bc1\u0bae\u0bcd \u0bb5\u0bc6\u0bb3\u0bbf\u0baf\u0bbf\u0ba9\u0bcd \u0bae\u0bb0\u0bc8\u0b95\u0bb3\u0bcd\u0bae\u0bc7\u0bb2\u0bc1\u0bae\u0bcd \u0b89\u0b99\u0bcd\u0b95\u0bb3\u0bc8 \u0b86\u0ba3\u0bc8\u0baf\u0bbf\u0b9f\u0bc1\u0b95\u0bbf\u0bb1\u0bc7\u0ba9\u0bcd."},{"Verseid":"21002005","Verse":"\u0bb5\u0bc6\u0bb3\u0bcd\u0bb3\u0bc8\u0baa\u0bcd\u0baa\u0bcb\u0bb3\u0ba4\u0bcd\u0ba4\u0bbf\u0ba9\u0bbe\u0bb2\u0bc1\u0bae\u0bcd \u0b9a\u0bbe\u0bae\u0bcd\u0baa\u0bbf\u0bb0\u0bbe\u0ba3\u0bbf\u0baf\u0bbf\u0ba9\u0bbe\u0bb2\u0bc1\u0bae\u0bcd \u0bb5\u0bb0\u0bcd\u0ba4\u0bcd\u0ba4\u0b95\u0bb0\u0bc1\u0b9f\u0bc8\u0baf \u0b9a\u0b95\u0bb2\u0bb5\u0bbf\u0ba4 \u0b95\u0ba8\u0bcd\u0ba4\u0baa\u0bcd\u0baa\u0bca\u0b9f\u0bbf\u0baf\u0bbf\u0ba9\u0bbe\u0bb2\u0bc1\u0bae\u0bcd \u0b89\u0ba3\u0bcd\u0b9f\u0bbe\u0b95\u0bbf\u0baf \u0bb5\u0bbe\u0b9a\u0ba9\u0bc8\u0baf\u0bc8 \u0bb5\u0bc0\u0b9a\u0bbf, \u0ba4\u0bc2\u0baa\u0bb8\u0bcd\u0ba4\u0bae\u0bcd\u0baa\u0b99\u0bcd\u0b95\u0bb3\u0bc8\u0baa\u0bcd\u0baa\u0bcb\u0bb2\u0bcd \u0bb5\u0ba9\u0bbe\u0ba8\u0bcd\u0ba4\u0bb0\u0ba4\u0bcd\u0ba4\u0bbf\u0bb2\u0bbf\u0bb0\u0bc1\u0ba8\u0bcd\u0ba4\u0bc1 \u0bb5\u0bb0\u0bc1\u0b95\u0bbf\u0bb1 \u0b87\u0bb5\u0bb0\u0bcd \u0baf\u0bbe\u0bb0\u0bcd?"},{"Verseid":"21002006","Verse":"\u0b87\u0ba4\u0bcb, \u0b9a\u0bbe\u0bb2\u0bca\u0bae\u0bcb\u0ba9\u0bc1\u0b9f\u0bc8\u0baf \u0bae\u0b9e\u0bcd\u0b9a\u0bae\u0bcd; \u0b87\u0bb8\u0bcd\u0bb0\u0bb5\u0bc7\u0bb2\u0bbf\u0ba9\u0bcd \u0b9a\u0bb5\u0bc1\u0bb0\u0bbf\u0baf\u0bb5\u0bbe\u0ba9\u0bcd\u0b95\u0bb3\u0bbf\u0bb2\u0bcd \u0b85\u0bb1\u0bc1\u0baa\u0ba4\u0bc1 \u0b9a\u0bb5\u0bc1\u0bb0\u0bbf\u0baf\u0bb5\u0bbe\u0ba9\u0bcd\u0b95\u0bb3\u0bcd \u0b85\u0ba4\u0bc8\u0b9a\u0bcd \u0b9a\u0bc1\u0bb1\u0bcd\u0bb1\u0bbf \u0ba8\u0bbf\u0bb1\u0bcd\u0b95\u0bbf\u0bb1\u0bbe\u0bb0\u0bcd\u0b95\u0bb3\u0bcd."},{"Verseid":"21002007","Verse":"\u0b87\u0bb5\u0bb0\u0bcd\u0b95\u0bb3\u0bc6\u0bb2\u0bcd\u0bb2\u0bbe\u0bb0\u0bc1\u0bae\u0bcd \u0baa\u0b9f\u0bcd\u0b9f\u0baf\u0bae\u0bcd \u0baa\u0bbf\u0b9f\u0bbf\u0ba4\u0bcd\u0ba4\u0bc1, \u0baf\u0bc1\u0ba4\u0bcd\u0ba4\u0ba4\u0bcd\u0ba4\u0bc1\u0b95\u0bcd\u0b95\u0bc1\u0baa\u0bcd \u0baa\u0bb4\u0b95\u0bbf\u0ba9\u0bb5\u0bb0\u0bcd\u0b95\u0bb3\u0bbe\u0baf\u0bbf\u0bb0\u0bc1\u0b95\u0bcd\u0b95\u0bbf\u0bb1\u0bbe\u0bb0\u0bcd\u0b95\u0bb3\u0bcd; \u0b87\u0bb0\u0bbe\u0b95\u0bcd\u0b95\u0bbe\u0bb2 \u0baa\u0baf\u0ba4\u0bcd\u0ba4\u0bbf\u0ba9\u0bbf\u0bae\u0bbf\u0ba4\u0bcd\u0ba4\u0bae\u0bcd \u0b85\u0bb5\u0ba9\u0bb5\u0ba9\u0bc1\u0b9f\u0bc8\u0baf \u0baa\u0b9f\u0bcd\u0b9f\u0baf\u0bae\u0bcd \u0b85\u0bb5\u0ba9\u0bb5\u0ba9\u0bcd \u0b85\u0bb0\u0bc8\u0baf\u0bbf\u0bb2\u0bbf\u0bb0\u0bc1\u0b95\u0bcd\u0b95\u0bbf\u0bb1\u0ba4\u0bc1."},{"Verseid":"21002008","Verse":"\u0b9a\u0bbe\u0bb2\u0bca\u0bae\u0bcb\u0ba9\u0bcd \u0bb0\u0bbe\u0b9c\u0bbe \u0ba4\u0ba9\u0b95\u0bcd\u0b95\u0bc1 \u0bb2\u0bc0\u0baa\u0ba9\u0bcb\u0ba9\u0bbf\u0ba9\u0bcd \u0bae\u0bb0\u0ba4\u0bcd\u0ba4\u0bbf\u0ba9\u0bbe\u0bb2\u0bcd \u0b92\u0bb0\u0bc1 \u0b87\u0bb0\u0ba4\u0ba4\u0bcd\u0ba4\u0bc8\u0baa\u0bcd \u0baa\u0ba3\u0bcd\u0ba3\u0bc1\u0bb5\u0bbf\u0ba4\u0bcd\u0ba4\u0bbe\u0bb0\u0bcd."},{"Verseid":"21002009","Verse":"\u0b85\u0ba4\u0bbf\u0ba9\u0bcd \u0ba4\u0bc2\u0ba3\u0bcd\u0b95\u0bb3\u0bc8 \u0bb5\u0bc6\u0bb3\u0bcd\u0bb3\u0bbf\u0baf\u0bbf\u0ba9\u0bbe\u0bb2\u0bc1\u0bae\u0bcd, \u0b85\u0ba4\u0bbf\u0ba9\u0bcd \u0ba4\u0b9f\u0bcd\u0b9f\u0bc8\u0baa\u0bcd \u0baa\u0bca\u0ba9\u0bcd\u0ba9\u0bbf\u0ba9\u0bbe\u0bb2\u0bc1\u0bae\u0bcd, \u0b85\u0ba4\u0bbf\u0ba9\u0bcd \u0b86\u0b9a\u0ba9\u0ba4\u0bcd\u0ba4\u0bc8 \u0b87\u0bb0\u0ba4\u0bcd\u0ba4\u0bbe\u0bae\u0bcd\u0baa\u0bb0\u0ba4\u0bcd\u0ba4\u0bbf\u0ba9\u0bbe\u0bb2\u0bc1\u0bae\u0bcd \u0baa\u0ba3\u0bcd\u0ba3\u0bc1\u0bb5\u0bbf\u0ba4\u0bcd\u0ba4\u0bbe\u0bb0\u0bcd; \u0b85\u0ba4\u0bbf\u0ba9\u0bcd \u0b89\u0b9f\u0bcd\u0baa\u0bc1\u0bb1\u0ba4\u0bcd\u0ba4\u0bbf\u0bb2\u0bc7 \u0b8e\u0bb0\u0bc1\u0b9a\u0bb2\u0bc7\u0bae\u0bbf\u0ba9\u0bcd \u0b95\u0bc1\u0bae\u0bbe\u0bb0\u0ba4\u0bcd\u0ba4\u0bbf\u0b95\u0bb3\u0bbf\u0ba9\u0bbf\u0bae\u0bbf\u0ba4\u0bcd\u0ba4\u0bae\u0bcd \u0ba8\u0bc7\u0b9a\u0bae\u0bcd \u0b8e\u0ba9\u0bcd\u0ba9\u0bc1\u0bae\u0bcd \u0b9a\u0bae\u0bc1\u0b95\u0bcd\u0b95\u0bbe\u0bb3\u0bae\u0bcd \u0bb5\u0bbf\u0bb0\u0bbf\u0ba4\u0bcd\u0ba4\u0bbf\u0bb0\u0bc1\u0ba8\u0bcd\u0ba4\u0ba4\u0bc1."},{"Verseid":"21002010","Verse":"\u0b9a\u0bc0\u0baf\u0bcb\u0ba9\u0bcd \u0b95\u0bc1\u0bae\u0bbe\u0bb0\u0ba4\u0bcd\u0ba4\u0bbf\u0b95\u0bb3\u0bc7! \u0ba8\u0bc0\u0b99\u0bcd\u0b95\u0bb3\u0bcd \u0baa\u0bc1\u0bb1\u0baa\u0bcd\u0baa\u0b9f\u0bcd\u0b9f\u0bc1\u0baa\u0bcd\u0baa\u0bcb\u0baf\u0bcd, \u0bb0\u0bbe\u0b9c\u0bbe\u0bb5\u0bbe\u0b95\u0bbf\u0baf \u0b9a\u0bbe\u0bb2\u0bca\u0bae\u0bcb\u0ba9\u0bbf\u0ba9\u0bcd \u0b95\u0bb2\u0bbf\u0baf\u0bbe\u0ba3 \u0ba8\u0bbe\u0bb3\u0bbf\u0bb2\u0bc1\u0bae\u0bcd, \u0bae\u0ba9\u0bae\u0b95\u0bbf\u0bb4\u0bcd\u0b9a\u0bcd\u0b9a\u0bbf\u0baf\u0bbf\u0ba9\u0bcd \u0ba8\u0bbe\u0bb3\u0bbf\u0bb2\u0bc1\u0bae\u0bcd \u0b85\u0bb5\u0bb0\u0bc1\u0b9f\u0bc8\u0baf \u0ba4\u0bbe\u0baf\u0bbe\u0bb0\u0bcd \u0b85\u0bb5\u0bb0\u0bc1\u0b95\u0bcd\u0b95\u0bc1\u0b9a\u0bcd \u0b9a\u0bc2\u0b9f\u0bcd\u0b9f\u0bbf\u0ba9 \u0bae\u0bc1\u0b9f\u0bbf\u0baf\u0bcb\u0b9f\u0bbf\u0bb0\u0bc1\u0b95\u0bcd\u0b95\u0bbf\u0bb1 \u0b85\u0bb5\u0bb0\u0bc8\u0baa\u0bcd \u0baa\u0bbe\u0bb0\u0bc1\u0b99\u0bcd\u0b95\u0bb3\u0bcd."}]},{"Verse":[{"Verseid":"21003000","Verse":"\u0ba8\u0bc0 \u0bb0\u0bc1\u0baa\u0bb5\u0ba4\u0bbf, \u0b8e\u0ba9\u0bcd \u0baa\u0bbf\u0bb0\u0bbf\u0baf\u0bae\u0bc7! \u0ba8\u0bc0 \u0bb0\u0bc1\u0baa\u0bb5\u0ba4\u0bbf; \u0b89\u0ba9\u0bcd \u0bae\u0bc1\u0b95\u0bcd\u0b95\u0bbe\u0b9f\u0bcd\u0b9f\u0bbf\u0ba9\u0bcd \u0ba8\u0b9f\u0bc1\u0bb5\u0bc7 \u0b89\u0ba9\u0bcd \u0b95\u0ba3\u0bcd\u0b95\u0bb3\u0bcd \u0baa\u0bc1\u0bb1\u0bbe\u0b95\u0bcd\u0b95\u0ba3\u0bcd\u0b95\u0bb3\u0bbe\u0baf\u0bbf\u0bb0\u0bc1\u0b95\u0bcd\u0b95\u0bbf\u0bb1\u0ba4\u0bc1; \u0b89\u0ba9\u0bcd \u0b95\u0bc2\u0ba8\u0bcd\u0ba4\u0bb2\u0bcd \u0b95\u0bc0\u0bb2\u0bc7\u0baf\u0bbe\u0ba4\u0bcd \u0bae\u0bb2\u0bc8\u0baf\u0bbf\u0bb2\u0bcd \u0ba4\u0bb4\u0bc8\u0bae\u0bc7\u0baf\u0bc1\u0bae\u0bcd \u0bb5\u0bc6\u0bb3\u0bcd\u0bb3\u0bbe\u0b9f\u0bcd\u0b9f\u0bc1 \u0bae\u0ba8\u0bcd\u0ba4\u0bc8\u0baf\u0bc8\u0baa\u0bcd\u0baa\u0bcb\u0bb2\u0bbf\u0bb0\u0bc1\u0b95\u0bcd\u0b95\u0bbf\u0bb1\u0ba4\u0bc1."},{"Verseid":"21003001","Verse":"\u0b89\u0ba9\u0bcd \u0baa\u0bb1\u0bcd\u0b95\u0bb3\u0bcd, \u0bae\u0baf\u0bbf\u0bb0\u0bcd \u0b95\u0ba4\u0bcd\u0ba4\u0bb0\u0bbf\u0b95\u0bcd\u0b95\u0baa\u0bcd\u0baa\u0b9f\u0bcd\u0b9f\u0baa\u0bbf\u0ba9\u0bcd \u0b95\u0bc1\u0bb3\u0bbf\u0baa\u0bcd\u0baa\u0bbe\u0b9f\u0bcd\u0b9f\u0baa\u0bcd\u0baa\u0b9f\u0bcd\u0b9f\u0bc1\u0b95\u0bcd \u0b95\u0bb0\u0bc8\u0baf\u0bc7\u0bb1\u0bc1\u0b95\u0bbf\u0bb1\u0bb5\u0bc8\u0b95\u0bb3\u0bc1\u0bae\u0bcd, \u0b92\u0ba9\u0bcd\u0bb1\u0bbe\u0b95\u0bbf\u0bb2\u0bc1\u0bae\u0bcd \u0bae\u0bb2\u0b9f\u0bbe\u0baf\u0bbf\u0bb0\u0bbe\u0bae\u0bb2\u0bcd \u0b8e\u0bb2\u0bcd\u0bb2\u0bbe\u0bae\u0bcd \u0b87\u0bb0\u0b9f\u0bcd\u0b9f\u0bc8\u0b95\u0bcd\u0b95\u0bc1\u0b9f\u0bcd\u0b9f\u0bbf\u0baf\u0bc0\u0ba9\u0bcd\u0bb1\u0bb5\u0bc8\u0b95\u0bb3\u0bc1\u0bae\u0bbe\u0ba9 \u0b86\u0b9f\u0bcd\u0b9f\u0bc1\u0bae\u0ba8\u0bcd\u0ba4\u0bc8\u0baf\u0bc8\u0baa\u0bcd\u0baa\u0bcb\u0bb2\u0bbf\u0bb0\u0bc1\u0b95\u0bcd\u0b95\u0bbf\u0bb1\u0ba4\u0bc1."},{"Verseid":"21003002","Verse":"\u0b89\u0ba9\u0bcd \u0b89\u0ba4\u0b9f\u0bc1\u0b95\u0bb3\u0bcd \u0b9a\u0bbf\u0bb5\u0baa\u0bcd\u0baa\u0bc1\u0ba8\u0bc2\u0bb2\u0bc1\u0b95\u0bcd\u0b95\u0bc1\u0b9a\u0bcd \u0b9a\u0bae\u0bbe\u0ba9\u0bae\u0bc1\u0bae\u0bcd, \u0b89\u0ba9\u0bcd \u0bb5\u0bbe\u0b95\u0bcd\u0b95\u0bc1 \u0b87\u0ba9\u0bcd\u0baa\u0bae\u0bc1\u0bae\u0bbe\u0baf\u0bbf\u0bb0\u0bc1\u0b95\u0bcd\u0b95\u0bbf\u0bb1\u0ba4\u0bc1; \u0b89\u0ba9\u0bcd \u0bae\u0bc1\u0b95\u0bcd\u0b95\u0bbe\u0b9f\u0bcd\u0b9f\u0bbf\u0ba9\u0bcd \u0ba8\u0b9f\u0bc1\u0bb5\u0bc7 \u0b89\u0ba9\u0bcd \u0b95\u0ba9\u0bcd\u0ba9\u0b99\u0bcd\u0b95\u0bb3\u0bcd \u0bb5\u0bc6\u0b9f\u0bbf\u0ba4\u0bcd\u0ba4 \u0bae\u0bbe\u0ba4\u0bb3\u0bae\u0bcd \u0baa\u0bb4\u0bae\u0bcd\u0baa\u0bcb\u0bb2\u0bbf\u0bb0\u0bc1\u0b95\u0bcd\u0b95\u0bbf\u0bb1\u0ba4\u0bc1."},{"Verseid":"21003003","Verse":"\u0b89\u0ba9\u0bcd \u0b95\u0bb4\u0bc1\u0ba4\u0bcd\u0ba4\u0bc1, \u0baa\u0bb0\u0bbe\u0b95\u0bcd\u0b95\u0bbf\u0bb0\u0bae\u0b9a\u0bbe\u0bb2\u0bbf\u0b95\u0bb3\u0bbf\u0ba9\u0bcd \u0b95\u0bc7\u0b9f\u0b95\u0b99\u0bcd\u0b95\u0bb3\u0bbe\u0b95\u0bbf\u0baf \u0b86\u0baf\u0bbf\u0bb0\u0bae\u0bcd \u0baa\u0bb0\u0bbf\u0b9a\u0bc8\u0b95\u0bb3\u0bcd \u0ba4\u0bc2\u0b95\u0bcd\u0b95\u0bbf\u0baf\u0bbf\u0bb0\u0bc1\u0b95\u0bcd\u0b95\u0bbf\u0bb1 \u0b86\u0baf\u0bc1\u0ba4\u0b9a\u0bbe\u0bb2\u0bc8\u0baf\u0bbe\u0b95\u0bcd\u0b95\u0baa\u0bcd\u0baa\u0b9f\u0bcd\u0b9f \u0ba4\u0bbe\u0bb5\u0bc0\u0ba4\u0bbf\u0ba9\u0bcd \u0b95\u0bcb\u0baa\u0bc1\u0bb0\u0bae\u0bcd\u0baa\u0bcb\u0bb2\u0bbf\u0bb0\u0bc1\u0b95\u0bcd\u0b95\u0bbf\u0bb1\u0ba4\u0bc1."},{"Verseid":"21003004","Verse":"\u0b89\u0ba9\u0bcd \u0b87\u0bb0\u0ba3\u0bcd\u0b9f\u0bc1 \u0bb8\u0bcd\u0ba4\u0ba9\u0b99\u0bcd\u0b95\u0bb3\u0bc1\u0bae\u0bcd \u0bb2\u0bc0\u0bb2\u0bbf\u0baa\u0bc1\u0bb7\u0bcd\u0baa\u0b99\u0bcd\u0b95\u0bb3\u0bbf\u0bb2\u0bcd \u0bae\u0bc7\u0baf\u0bc1\u0bae\u0bcd \u0b87\u0bb0\u0b9f\u0bcd\u0b9f\u0bc8\u0b95\u0bcd\u0b95\u0bc1\u0b9f\u0bcd\u0b9f\u0bbf\u0b95\u0bb3\u0bc1\u0b95\u0bcd\u0b95\u0bc1\u0b9a\u0bcd \u0b9a\u0bae\u0bbe\u0ba9\u0bae\u0bcd."},{"Verseid":"21003005","Verse":"\u0baa\u0b95\u0bb2\u0bcd \u0b95\u0bc1\u0bb3\u0bbf\u0bb0\u0bcd\u0b9a\u0bcd\u0b9a\u0bbf\u0baf\u0bbe\u0b95\u0bbf \u0ba8\u0bbf\u0bb4\u0bb2\u0bcd \u0b9a\u0bbe\u0baf\u0bcd\u0ba8\u0bcd\u0ba4\u0bc1\u0baa\u0bcb\u0b95\u0bc1\u0bae\u0bcd\u0bb5\u0bb0\u0bc8\u0b95\u0bcd\u0b95\u0bc1\u0bae\u0bcd, \u0ba8\u0bbe\u0ba9\u0bcd \u0bb5\u0bc6\u0bb3\u0bcd\u0bb3\u0bc8\u0baa\u0bcd\u0baa\u0bcb\u0bb3\u0bae\u0bb2\u0bc8\u0baf\u0bbf\u0bb2\u0bc1\u0bae\u0bcd \u0b9a\u0bbe\u0bae\u0bcd\u0baa\u0bbf\u0bb0\u0bbe\u0ba3\u0bbf\u0bae\u0bb2\u0bc8\u0baf\u0bbf\u0bb2\u0bc1\u0bae\u0bcd \u0baa\u0bcb\u0baf\u0bbf\u0bb0\u0bc1\u0baa\u0bcd\u0baa\u0bc7\u0ba9\u0bcd."},{"Verseid":"21003006","Verse":"\u0b8e\u0ba9\u0bcd \u0baa\u0bbf\u0bb0\u0bbf\u0baf\u0bae\u0bc7! \u0ba8\u0bc0 \u0baa\u0bc2\u0bb0\u0ba3 \u0bb0\u0bc2\u0baa\u0bb5\u0ba4\u0bbf; \u0b89\u0ba9\u0bcd\u0ba9\u0bbf\u0bb2\u0bcd \u0baa\u0bb4\u0bc1\u0ba4\u0bca\u0ba9\u0bcd\u0bb1\u0bc1\u0bae\u0bbf\u0bb2\u0bcd\u0bb2\u0bc8."},{"Verseid":"21003007","Verse":"\u0bb2\u0bc0\u0baa\u0ba9\u0bcb\u0ba9\u0bbf\u0bb2\u0bbf\u0bb0\u0bc1\u0ba8\u0bcd\u0ba4\u0bc1 \u0b8e\u0ba9\u0bcd\u0ba9\u0bcb\u0b9f\u0bc7 \u0bb5\u0bbe. \u0b8e\u0ba9\u0bcd \u0bae\u0ba3\u0bb5\u0bbe\u0bb3\u0bbf\u0baf\u0bc7! \u0bb2\u0bc0\u0baa\u0ba9\u0bcb\u0ba9\u0bbf\u0bb2\u0bbf\u0bb0\u0bc1\u0ba8\u0bcd\u0ba4\u0bc1 \u0b8e\u0ba9\u0bcd\u0ba9\u0bcb\u0b9f\u0bc7 \u0bb5\u0bbe. \u0b85\u0bae\u0ba9\u0bbe\u0bb5\u0bbf\u0ba9\u0bcd \u0b95\u0bca\u0b9f\u0bc1\u0bae\u0bc1\u0b9f\u0bbf\u0baf\u0bbf\u0bb2\u0bbf\u0bb0\u0bc1\u0ba8\u0bcd\u0ba4\u0bc1\u0bae\u0bcd, \u0b9a\u0bc7\u0ba9\u0bc0\u0bb0\u0bcd \u0b8e\u0bb0\u0bcd\u0bae\u0bcb\u0ba9\u0bbf\u0ba9\u0bcd \u0b95\u0bca\u0b9f\u0bc1\u0bae\u0bc1\u0b9f\u0bbf\u0baf\u0bbf\u0bb2\u0bbf\u0bb0\u0bc1\u0ba8\u0bcd\u0ba4\u0bc1\u0bae\u0bcd, \u0b9a\u0bbf\u0b99\u0bcd\u0b95\u0b99\u0bcd\u0b95\u0bb3\u0bbf\u0ba9\u0bcd \u0ba4\u0bbe\u0baa\u0bb0\u0b99\u0bcd\u0b95\u0bb3\u0bbf\u0bb2\u0bbf\u0bb0\u0bc1\u0ba8\u0bcd\u0ba4\u0bc1\u0bae\u0bcd, \u0b9a\u0bbf\u0bb5\u0bbf\u0b99\u0bcd\u0b95\u0bbf\u0b95\u0bb3\u0bbf\u0ba9\u0bcd \u0bae\u0bb2\u0bc8\u0b95\u0bb3\u0bbf\u0bb2\u0bbf\u0bb0\u0bc1\u0ba8\u0bcd\u0ba4\u0bc1\u0bae\u0bcd \u0b95\u0bc0\u0bb4\u0bc7 \u0baa\u0bbe\u0bb0\u0bcd."},{"Verseid":"21003008","Verse":"\u0b8e\u0ba9\u0bcd \u0b87\u0bb0\u0bc1\u0ba4\u0baf\u0ba4\u0bcd\u0ba4\u0bc8\u0b95\u0bcd \u0b95\u0bb5\u0bb0\u0bcd\u0ba8\u0bcd\u0ba4\u0bc1\u0b95\u0bca\u0ba3\u0bcd\u0b9f\u0bbe\u0baf\u0bcd; \u0b8e\u0ba9\u0bcd \u0b9a\u0b95\u0bcb\u0ba4\u0bb0\u0bbf\u0baf\u0bc7! \u0b8e\u0ba9\u0bcd \u0bae\u0ba3\u0bb5\u0bbe\u0bb3\u0bbf\u0baf\u0bc7! \u0b89\u0ba9\u0bcd \u0b95\u0ba3\u0bcd\u0b95\u0bb3\u0bbf\u0bb2\u0bca\u0ba9\u0bcd\u0bb1\u0bbf\u0ba9\u0bbe\u0bb2\u0bc1\u0bae\u0bcd \u0b89\u0ba9\u0bcd \u0b95\u0bb4\u0bc1\u0ba4\u0bcd\u0ba4\u0bbf\u0bb2\u0bc1\u0bb3\u0bcd\u0bb3 \u0b92\u0bb0\u0bc1 \u0b9a\u0bb0\u0baa\u0bcd\u0baa\u0ba3\u0bbf\u0baf\u0bbf\u0ba9\u0bbe\u0bb2\u0bc1\u0bae\u0bcd \u0b8e\u0ba9\u0bcd \u0b87\u0bb0\u0bc1\u0ba4\u0baf\u0ba4\u0bcd\u0ba4\u0bc8\u0b95\u0bcd \u0b95\u0bb5\u0bb0\u0bcd\u0ba8\u0bcd\u0ba4\u0bc1\u0b95\u0bca\u0ba3\u0bcd\u0b9f\u0bbe\u0baf\u0bcd."},{"Verseid":"21003009","Verse":"\u0b89\u0ba9\u0bcd \u0ba8\u0bc7\u0b9a\u0bae\u0bcd \u0b8e\u0bb5\u0bcd\u0bb5\u0bb3\u0bb5\u0bc1 \u0b87\u0ba9\u0bcd\u0baa\u0bae\u0bbe\u0baf\u0bbf\u0bb0\u0bc1\u0b95\u0bcd\u0b95\u0bbf\u0bb1\u0ba4\u0bc1; \u0b8e\u0ba9\u0bcd \u0b9a\u0b95\u0bcb\u0ba4\u0bb0\u0bbf\u0baf\u0bc7! \u0b8e\u0ba9\u0bcd \u0bae\u0ba3\u0bb5\u0bbe\u0bb3\u0bbf\u0baf\u0bc7! \u0ba4\u0bbf\u0bb0\u0bbe\u0b9f\u0bcd\u0b9a\u0bb0\u0b9a\u0ba4\u0bcd\u0ba4\u0bc8\u0baa\u0bcd\u0baa\u0bbe\u0bb0\u0bcd\u0b95\u0bcd\u0b95\u0bbf\u0bb2\u0bc1\u0bae\u0bcd \u0b89\u0ba9\u0bcd \u0ba8\u0bc7\u0b9a\u0bae\u0bcd \u0b8e\u0bb5\u0bcd\u0bb5\u0bb3\u0bb5\u0bc1 \u0bae\u0ba4\u0bc1\u0bb0\u0bae\u0bbe\u0baf\u0bbf\u0bb0\u0bc1\u0b95\u0bcd\u0b95\u0bbf\u0bb1\u0ba4\u0bc1! \u0b9a\u0b95\u0bb2 \u0b95\u0ba8\u0bcd\u0ba4\u0bb5\u0bb0\u0bcd\u0b95\u0bcd\u0b95\u0b99\u0bcd\u0b95\u0bb3\u0bc8\u0baa\u0bcd\u0baa\u0bbe\u0bb0\u0bcd\u0b95\u0bcd\u0b95\u0bbf\u0bb2\u0bc1\u0bae\u0bcd \u0b89\u0ba9\u0bcd \u0baa\u0bb0\u0bbf\u0bae\u0bb3\u0ba4\u0bc8\u0bb2\u0b99\u0bcd\u0b95\u0bb3\u0bcd \u0b8e\u0bb5\u0bcd\u0bb5\u0bb3\u0bb5\u0bc1 \u0bb5\u0bbe\u0b9a\u0ba9\u0bc8\u0baf\u0bbe\u0baf\u0bbf\u0bb0\u0bc1\u0b95\u0bcd\u0b95\u0bbf\u0bb1\u0ba4\u0bc1!"},{"Verseid":"21003010","Verse":"\u0b8e\u0ba9\u0bcd \u0bae\u0ba3\u0bb5\u0bbe\u0bb3\u0bbf\u0baf\u0bc7! \u0b89\u0ba9\u0bcd \u0b89\u0ba4\u0b9f\u0bc1\u0b95\u0bb3\u0bbf\u0bb2\u0bbf\u0bb0\u0bc1\u0ba8\u0bcd\u0ba4\u0bc1 \u0ba4\u0bc7\u0ba9\u0bcd \u0b92\u0bb4\u0bc1\u0b95\u0bc1\u0b95\u0bbf\u0bb1\u0ba4\u0bc1, \u0b89\u0ba9\u0bcd \u0ba8\u0bbe\u0bb5\u0bbf\u0ba9\u0bcd \u0b95\u0bc0\u0bb4\u0bcd \u0ba4\u0bc7\u0ba9\u0bc1\u0bae\u0bcd \u0baa\u0bbe\u0bb2\u0bc1\u0bae\u0bcd \u0b87\u0bb0\u0bc1\u0b95\u0bcd\u0b95\u0bbf\u0bb1\u0ba4\u0bc1, \u0b89\u0ba9\u0bcd \u0bb5\u0bb8\u0bcd\u0ba4\u0bbf\u0bb0\u0b99\u0bcd\u0b95\u0bb3\u0bbf\u0ba9\u0bcd \u0bb5\u0bbe\u0b9a\u0ba9\u0bc8 \u0bb2\u0bc0\u0baa\u0ba9\u0bcb\u0ba9\u0bbf\u0ba9\u0bcd \u0bb5\u0bbe\u0b9a\u0ba9\u0bc8\u0b95\u0bcd\u0b95\u0bca\u0baa\u0bcd\u0baa\u0bbe\u0baf\u0bbf\u0bb0\u0bc1\u0b95\u0bcd\u0b95\u0bbf\u0bb1\u0ba4\u0bc1."},{"Verseid":"21003011","Verse":"\u0b8e\u0ba9\u0bcd \u0b9a\u0b95\u0bcb\u0ba4\u0bb0\u0bbf\u0baf\u0bc7! \u0b8e\u0ba9\u0bcd \u0bae\u0ba3\u0bb5\u0bbe\u0bb3\u0bbf\u0baf\u0bc7! \u0ba8\u0bc0 \u0b85\u0b9f\u0bc8\u0b95\u0bcd\u0b95\u0baa\u0bcd\u0baa\u0b9f\u0bcd\u0b9f \u0ba4\u0bcb\u0b9f\u0bcd\u0b9f\u0bae\u0bc1\u0bae\u0bcd, \u0bae\u0bb1\u0bc8\u0bb5\u0bc1 \u0b95\u0b9f\u0bcd\u0b9f\u0baa\u0bcd\u0baa\u0b9f\u0bcd\u0b9f \u0ba8\u0bc0\u0bb0\u0bc2\u0bb1\u0bcd\u0bb1\u0bc1\u0bae\u0bcd, \u0bae\u0bc1\u0ba4\u0bcd\u0ba4\u0bbf\u0bb0\u0bbf\u0b95\u0bcd\u0b95\u0baa\u0bcd\u0baa\u0b9f\u0bcd\u0b9f \u0b95\u0bbf\u0ba3\u0bb1\u0bc1\u0bae\u0bbe\u0baf\u0bbf\u0bb0\u0bc1\u0b95\u0bcd\u0b95\u0bbf\u0bb1\u0bbe\u0baf\u0bcd."},{"Verseid":"21003012","Verse":"\u0b89\u0ba9\u0bcd \u0ba4\u0bcb\u0b9f\u0bcd\u0b9f\u0bae\u0bcd \u0bae\u0bbe\u0ba4\u0bb3\u0b9e\u0bcd\u0b9a\u0bc6\u0b9f\u0bbf\u0b95\u0bb3\u0bc1\u0bae\u0bcd, \u0b85\u0bb0\u0bc1\u0bae\u0bc8\u0baf\u0bbe\u0ba9 \u0b95\u0ba9\u0bbf\u0bae\u0bb0\u0b99\u0bcd\u0b95\u0bb3\u0bc1\u0bae\u0bcd \u0bae\u0bb0\u0bc1\u0ba4\u0bcb\u0ba9\u0bcd\u0bb1\u0bbf\u0b9a\u0bcd \u0b9a\u0bc6\u0b9f\u0bbf\u0b95\u0bb3\u0bc1\u0bae\u0bcd, \u0ba8\u0bb3\u0ba4\u0b9a\u0bcd\u0b9a\u0bc6\u0b9f\u0bbf\u0b95\u0bb3\u0bc1\u0bae\u0bcd,"},{"Verseid":"21003013","Verse":"\u0ba8\u0bb3\u0ba4\u0bae\u0bc1\u0bae\u0bcd, \u0b95\u0bc1\u0b99\u0bcd\u0b95\u0bc1\u0bae\u0bae\u0bc1\u0bae\u0bcd, \u0bb5\u0b9a\u0bae\u0bcd\u0baa\u0bc1\u0bae\u0bcd, \u0bb2\u0bb5\u0b99\u0bcd\u0b95\u0bae\u0bc1\u0bae\u0bcd, \u0b9a\u0b95\u0bb2\u0bb5\u0bbf\u0ba4 \u0ba4\u0bc2\u0baa\u0bb5\u0bb0\u0bcd\u0b95\u0bcd\u0b95 \u0bae\u0bb0\u0b99\u0bcd\u0b95\u0bb3\u0bc1\u0bae\u0bcd, \u0bb5\u0bc6\u0bb3\u0bcd\u0bb3\u0bc8\u0baa\u0bcd\u0baa\u0bcb\u0bb3\u0b9a\u0bcd\u0b9a\u0bc6\u0b9f\u0bbf\u0b95\u0bb3\u0bc1\u0bae\u0bcd, \u0b9a\u0ba8\u0bcd\u0ba4\u0ba9 \u0bb5\u0bbf\u0bb0\u0bc1\u0b9f\u0bcd\u0b9a\u0b99\u0bcd\u0b95\u0bb3\u0bc1\u0bae\u0bcd, \u0b9a\u0b95\u0bb2\u0bb5\u0bbf\u0ba4 \u0b95\u0ba8\u0bcd\u0ba4\u0bb5\u0bb0\u0bcd\u0b95\u0bcd\u0b95\u0b9a\u0bcd\u0b9a\u0bc6\u0b9f\u0bbf\u0b95\u0bb3\u0bc1\u0bae\u0bc1\u0bb3\u0bcd\u0bb3 \u0b9a\u0bbf\u0b99\u0bcd\u0b95\u0bbe\u0bb0\u0bb5\u0ba9\u0bae\u0bbe\u0baf\u0bbf\u0bb0\u0bc1\u0b95\u0bcd\u0b95\u0bbf\u0bb1\u0ba4\u0bc1."},{"Verseid":"21003014","Verse":"\u0ba4\u0bcb\u0b9f\u0bcd\u0b9f\u0b99\u0bcd\u0b95\u0bb3\u0bc1\u0b95\u0bcd\u0b95\u0bc1 \u0ba8\u0bc0\u0bb0\u0bc2\u0bb1\u0bcd\u0bb1\u0bc1\u0bae\u0bcd, \u0b9c\u0bc0\u0bb5\u0ba4\u0bcd\u0ba4\u0ba3\u0bcd\u0ba3\u0bc0\u0bb0\u0bbf\u0ba9\u0bcd \u0ba4\u0bc1\u0bb0\u0bb5\u0bc1\u0bae\u0bcd, \u0bb2\u0bc0\u0baa\u0ba9\u0bcb\u0ba9\u0bbf\u0bb2\u0bbf\u0bb0\u0bc1\u0ba8\u0bcd\u0ba4\u0bc1 \u0b93\u0b9f\u0bbf\u0bb5\u0bb0\u0bc1\u0bae\u0bcd \u0bb5\u0bbe\u0baf\u0bcd\u0b95\u0bcd\u0b95\u0bbe\u0bb2\u0bcd\u0b95\u0bb3\u0bc1\u0bae\u0bcd \u0b89\u0ba3\u0bcd\u0b9f\u0bbe\u0baf\u0bbf\u0bb0\u0bc1\u0b95\u0bcd\u0b95\u0bbf\u0bb1\u0ba4\u0bc1."},{"Verseid":"21003015","Verse":"\u0bb5\u0bbe\u0b9f\u0bc8\u0baf\u0bc7! \u0b8e\u0bb4\u0bc1\u0bae\u0bcd\u0baa\u0bc1; \u0ba4\u0bc6\u0ba9\u0bcd\u0bb1\u0bb2\u0bc7! \u0bb5\u0bbe; \u0b95\u0ba8\u0bcd\u0ba4\u0baa\u0bcd\u0baa\u0bbf\u0b9a\u0bbf\u0ba9\u0bcd\u0b95\u0bb3\u0bcd \u0bb5\u0b9f\u0bbf\u0baf \u0b8e\u0ba9\u0bcd \u0ba4\u0bcb\u0b9f\u0bcd\u0b9f\u0ba4\u0bcd\u0ba4\u0bbf\u0bb2\u0bcd \u0bb5\u0bc0\u0b9a\u0bc1; \u0b8e\u0ba9\u0bcd \u0ba8\u0bc7\u0b9a\u0bb0\u0bcd \u0ba4\u0bae\u0bcd\u0bae\u0bc1\u0b9f\u0bc8\u0baf \u0ba4\u0bcb\u0b9f\u0bcd\u0b9f\u0ba4\u0bcd\u0ba4\u0bc1\u0b95\u0bcd\u0b95\u0bc1 \u0bb5\u0ba8\u0bcd\u0ba4\u0bc1, \u0ba4\u0bae\u0ba4\u0bc1 \u0b85\u0bb0\u0bc1\u0bae\u0bc8\u0baf\u0bbe\u0ba9 \u0b95\u0ba9\u0bbf\u0b95\u0bb3\u0bc8\u0baa\u0bcd \u0baa\u0bc1\u0b9a\u0bbf\u0baa\u0bcd\u0baa\u0bbe\u0bb0\u0bbe\u0b95."}]},{"Verse":[{"Verseid":"21004000","Verse":"\u0b8e\u0ba9\u0bcd \u0b9a\u0b95\u0bcb\u0ba4\u0bb0\u0bbf\u0baf\u0bc7! \u0b8e\u0ba9\u0bcd \u0bae\u0ba3\u0bb5\u0bbe\u0bb3\u0bbf\u0baf\u0bc7! \u0ba8\u0bbe\u0ba9\u0bcd \u0b8e\u0ba9\u0bcd \u0ba4\u0bcb\u0b9f\u0bcd\u0b9f\u0ba4\u0bcd\u0ba4\u0bbf\u0bb2\u0bcd \u0bb5\u0ba8\u0bcd\u0ba4\u0bc7\u0ba9\u0bcd, \u0b8e\u0ba9\u0bcd \u0bb5\u0bc6\u0bb3\u0bcd\u0bb3\u0bc8\u0baa\u0bcd\u0baa\u0bcb\u0bb3\u0ba4\u0bcd\u0ba4\u0bc8\u0baf\u0bc1\u0bae\u0bcd \u0b8e\u0ba9\u0bcd \u0b95\u0ba8\u0bcd\u0ba4\u0bb5\u0bb0\u0bcd\u0b95\u0bcd\u0b95\u0b99\u0bcd\u0b95\u0bb3\u0bc8\u0baf\u0bc1\u0bae\u0bcd \u0b9a\u0bc7\u0bb0\u0bcd\u0ba4\u0bcd\u0ba4\u0bc7\u0ba9\u0bcd; \u0b8e\u0ba9\u0bcd \u0ba4\u0bc7\u0ba9\u0bcd\u0b95\u0bc2\u0b9f\u0bcd\u0b9f\u0bc8 \u0b8e\u0ba9\u0bcd \u0ba4\u0bc7\u0ba9\u0bcb\u0b9f\u0bc1 \u0baa\u0bc1\u0b9a\u0bbf\u0ba4\u0bcd\u0ba4\u0bc7\u0ba9\u0bcd; \u0b8e\u0ba9\u0bcd \u0ba4\u0bbf\u0bb0\u0bbe\u0b9f\u0bcd\u0b9a\u0bb0\u0b9a\u0ba4\u0bcd\u0ba4\u0bc8 \u0b8e\u0ba9\u0bcd \u0baa\u0bbe\u0bb2\u0bcb\u0b9f\u0bc1\u0bae\u0bcd \u0b95\u0bc1\u0b9f\u0bbf\u0ba4\u0bcd\u0ba4\u0bc7\u0ba9\u0bcd. \u0b9a\u0bbf\u0ba8\u0bc7\u0b95\u0bbf\u0ba4\u0bb0\u0bc7! \u0baa\u0bc1\u0b9a\u0bbf\u0baf\u0bc1\u0b99\u0bcd\u0b95\u0bb3\u0bcd; \u0baa\u0bbf\u0bb0\u0bbf\u0baf\u0bae\u0bbe\u0ba9\u0bb5\u0bb0\u0bcd\u0b95\u0bb3\u0bc7! \u0b95\u0bc1\u0b9f\u0bbf\u0baf\u0bc1\u0b99\u0bcd\u0b95\u0bb3\u0bcd, \u0baa\u0bc2\u0bb0\u0bcd\u0ba4\u0bcd\u0ba4\u0bbf\u0baf\u0bbe\u0baf\u0bcd\u0b95\u0bcd \u0b95\u0bc1\u0b9f\u0bbf\u0baf\u0bc1\u0b99\u0bcd\u0b95\u0bb3\u0bcd."},{"Verseid":"21004001","Verse":"\u0ba8\u0bbe\u0ba9\u0bcd \u0ba8\u0bbf\u0ba4\u0bcd\u0ba4\u0bbf\u0bb0\u0bc8\u0baa\u0ba3\u0bcd\u0ba3\u0bbf\u0ba9\u0bc7\u0ba9\u0bcd, \u0b8e\u0ba9\u0bcd \u0b87\u0ba4\u0baf\u0bae\u0bcb \u0bb5\u0bbf\u0bb4\u0bbf\u0ba4\u0bcd\u0ba4\u0bbf\u0bb0\u0bc1\u0ba8\u0bcd\u0ba4\u0ba4\u0bc1; \u0b95\u0ba4\u0bb5\u0bc8\u0ba4\u0bcd \u0ba4\u0b9f\u0bcd\u0b9f\u0bc1\u0b95\u0bbf\u0bb1 \u0b8e\u0ba9\u0bcd \u0ba8\u0bc7\u0b9a\u0bb0\u0bbf\u0ba9\u0bcd \u0b9a\u0ba4\u0bcd\u0ba4\u0ba4\u0bcd\u0ba4\u0bc8\u0b95\u0bcd \u0b95\u0bc7\u0b9f\u0bcd\u0b9f\u0bc7\u0ba9\u0bcd: \u0b8e\u0ba9\u0bcd \u0b9a\u0b95\u0bcb\u0ba4\u0bb0\u0bbf\u0baf\u0bc7! \u0b8e\u0ba9\u0bcd \u0baa\u0bbf\u0bb0\u0bbf\u0baf\u0bae\u0bc7! \u0b8e\u0ba9\u0bcd \u0baa\u0bc1\u0bb1\u0bbe\u0bb5\u0bc7! \u0b8e\u0ba9\u0bcd \u0b89\u0ba4\u0bcd\u0ba4\u0bae\u0bbf\u0baf\u0bc7! \u0b95\u0ba4\u0bb5\u0bc8\u0ba4\u0bcd \u0ba4\u0bbf\u0bb1; \u0b8e\u0ba9\u0bcd \u0ba4\u0bb2\u0bc8 \u0baa\u0ba9\u0bbf\u0baf\u0bbf\u0ba9\u0bbe\u0bb2\u0bc1\u0bae\u0bcd, \u0b8e\u0ba9\u0bcd \u0ba4\u0bb2\u0bc8\u0bae\u0baf\u0bbf\u0bb0\u0bcd \u0b87\u0bb0\u0bb5\u0bbf\u0bb2\u0bcd \u0baa\u0bc6\u0baf\u0bcd\u0baf\u0bc1\u0bae\u0bcd \u0ba4\u0bc2\u0bb1\u0bb2\u0bbf\u0ba9\u0bbe\u0bb2\u0bc1\u0bae\u0bcd \u0ba8\u0ba9\u0bc8\u0ba8\u0bcd\u0ba4\u0bbf\u0bb0\u0bc1\u0b95\u0bcd\u0b95\u0bbf\u0bb1\u0ba4\u0bc1 \u0b8e\u0ba9\u0bcd\u0bb1\u0bbe\u0bb0\u0bcd."},{"Verseid":"21004002","Verse":"\u0b8e\u0ba9\u0bcd \u0bb5\u0bb8\u0bcd\u0ba4\u0bbf\u0bb0\u0ba4\u0bcd\u0ba4\u0bc8\u0b95\u0bcd \u0b95\u0bb4\u0bb1\u0bcd\u0bb1\u0bbf\u0baa\u0bcd \u0baa\u0bcb\u0b9f\u0bcd\u0b9f\u0bc7\u0ba9\u0bcd; \u0ba8\u0bbe\u0ba9\u0bcd \u0b8e\u0baa\u0bcd\u0baa\u0b9f\u0bbf \u0b85\u0ba4\u0bc8\u0ba4\u0bcd \u0ba4\u0bbf\u0bb0\u0bc1\u0bae\u0bcd\u0baa\u0bb5\u0bc1\u0bae\u0bcd \u0b89\u0b9f\u0bc1\u0baa\u0bcd\u0baa\u0bc7\u0ba9\u0bcd, \u0b8e\u0ba9\u0bcd \u0baa\u0bbe\u0ba4\u0b99\u0bcd\u0b95\u0bb3\u0bc8\u0b95\u0bcd \u0b95\u0bb4\u0bc1\u0bb5\u0bbf\u0ba9\u0bc7\u0ba9\u0bcd, \u0ba8\u0bbe\u0ba9\u0bcd \u0b8e\u0baa\u0bcd\u0baa\u0b9f\u0bbf \u0b85\u0bb5\u0bc8\u0b95\u0bb3\u0bc8\u0ba4\u0bcd \u0ba4\u0bbf\u0bb0\u0bc1\u0bae\u0bcd\u0baa\u0bb5\u0bc1\u0bae\u0bcd \u0b85\u0bb4\u0bc1\u0b95\u0bcd\u0b95\u0bbe\u0b95\u0bcd\u0b95\u0bc1\u0bb5\u0bc7\u0ba9\u0bcd \u0b8e\u0ba9\u0bcd\u0bb1\u0bc7\u0ba9\u0bcd."},{"Verseid":"21004003","Verse":"\u0b8e\u0ba9\u0bcd \u0ba8\u0bc7\u0b9a\u0bb0\u0bcd \u0ba4\u0bae\u0ba4\u0bc1 \u0b95\u0bc8\u0baf\u0bc8\u0b95\u0bcd \u0b95\u0ba4\u0bb5\u0bc1\u0ba4\u0bcd \u0ba4\u0bc1\u0bb5\u0bbe\u0bb0\u0ba4\u0bcd\u0ba4\u0bbf\u0ba9\u0bcd \u0bb5\u0bb4\u0bbf\u0baf\u0bbe\u0baf\u0bcd \u0ba8\u0bc0\u0b9f\u0bcd\u0b9f\u0bbf\u0ba9\u0bbe\u0bb0\u0bcd. \u0b85\u0baa\u0bcd\u0baa\u0bca\u0bb4\u0bc1\u0ba4\u0bc1 \u0b8e\u0ba9\u0bcd \u0b89\u0bb3\u0bcd\u0bb3\u0bae\u0bcd \u0b85\u0bb5\u0bb0\u0bcd \u0ba8\u0bbf\u0bae\u0bbf\u0ba4\u0bcd\u0ba4\u0bae\u0bcd \u0baa\u0bca\u0b99\u0bcd\u0b95\u0bbf\u0ba9\u0ba4\u0bc1."},{"Verseid":"21004004","Verse":"\u0b8e\u0ba9\u0bcd \u0ba8\u0bc7\u0b9a\u0bb0\u0bc1\u0b95\u0bcd\u0b95\u0bc1\u0b95\u0bcd \u0b95\u0ba4\u0bb5\u0bc8\u0ba4\u0bcd\u0ba4\u0bbf\u0bb1\u0b95\u0bcd\u0b95 \u0ba8\u0bbe\u0ba9\u0bcd \u0b8e\u0bb4\u0bc1\u0ba8\u0bcd\u0ba4\u0bc7\u0ba9\u0bcd; \u0baa\u0bc2\u0b9f\u0bcd\u0b9f\u0bbf\u0ba9 \u0b95\u0bc8\u0baa\u0bcd\u0baa\u0bbf\u0b9f\u0bbf\u0b95\u0bb3\u0bbf\u0bb2\u0bcd\u0bae\u0bc7\u0bb2\u0bcd \u0b8e\u0ba9\u0bcd \u0b95\u0bc8\u0b95\u0bb3\u0bbf\u0bb2\u0bbf\u0bb0\u0bc1\u0ba8\u0bcd\u0ba4\u0bc1 \u0bb5\u0bc6\u0bb3\u0bcd\u0bb3\u0bc8\u0baa\u0bcd\u0baa\u0bcb\u0bb3\u0bae\u0bc1\u0bae\u0bcd, \u0b8e\u0ba9\u0bcd \u0bb5\u0bbf\u0bb0\u0bb2\u0bcd\u0b95\u0bb3\u0bbf\u0bb2\u0bbf\u0bb0\u0bc1\u0ba8\u0bcd\u0ba4\u0bc1 \u0bb5\u0bbe\u0b9a\u0ba9\u0bc8\u0baf\u0bc1\u0bb3\u0bcd\u0bb3 \u0bb5\u0bc6\u0bb3\u0bcd\u0bb3\u0bc8\u0baa\u0bcd\u0baa\u0bcb\u0bb3\u0bae\u0bc1\u0bae\u0bcd \u0bb5\u0b9f\u0bbf\u0ba8\u0bcd\u0ba4\u0ba4\u0bc1."},{"Verseid":"21004005","Verse":"\u0b8e\u0ba9\u0bcd \u0ba8\u0bc7\u0b9a\u0bb0\u0bc1\u0b95\u0bcd\u0b95\u0bc1\u0b95\u0bcd \u0b95\u0ba4\u0bb5\u0bc8\u0ba4\u0bcd \u0ba4\u0bbf\u0bb1\u0ba8\u0bcd\u0ba4\u0bc7\u0ba9\u0bcd; \u0b8e\u0ba9\u0bcd \u0ba8\u0bc7\u0b9a\u0bb0\u0bcb \u0b87\u0bb2\u0bcd\u0bb2\u0bc8, \u0baa\u0bcb\u0baf\u0bcd\u0bb5\u0bbf\u0b9f\u0bcd\u0b9f\u0bbe\u0bb0\u0bcd; \u0b85\u0bb5\u0bb0\u0bcd \u0b9a\u0bca\u0ba9\u0bcd\u0ba9 \u0bb5\u0bbe\u0bb0\u0bcd\u0ba4\u0bcd\u0ba4\u0bc8\u0baf\u0bbe\u0bb2\u0bcd \u0b8e\u0ba9\u0bcd \u0b86\u0ba4\u0bcd\u0ba4\u0bc1\u0bae\u0bbe \u0b9a\u0bcb\u0bb0\u0bcd\u0ba8\u0bcd\u0ba4\u0bc1\u0baa\u0bcb\u0baf\u0bbf\u0bb1\u0bcd\u0bb1\u0bc1. \u0b85\u0bb5\u0bb0\u0bc8\u0ba4\u0bcd \u0ba4\u0bc7\u0b9f\u0bbf\u0ba9\u0bc7\u0ba9\u0bcd, \u0b85\u0bb5\u0bb0\u0bc8\u0b95\u0bcd \u0b95\u0bbe\u0ba3\u0bb5\u0bbf\u0bb2\u0bcd\u0bb2\u0bc8; \u0b85\u0bb5\u0bb0\u0bc8\u0b95\u0bcd \u0b95\u0bc2\u0baa\u0bcd\u0baa\u0bbf\u0b9f\u0bcd\u0b9f\u0bc7\u0ba9\u0bcd, \u0b85\u0bb5\u0bb0\u0bcd \u0b8e\u0ba9\u0b95\u0bcd\u0b95\u0bc1 \u0bae\u0bb1\u0bc1\u0b89\u0ba4\u0bcd\u0ba4\u0bb0\u0bb5\u0bc1 \u0b95\u0bca\u0b9f\u0bc1\u0b95\u0bcd\u0b95\u0bb5\u0bbf\u0bb2\u0bcd\u0bb2\u0bc8."},{"Verseid":"21004006","Verse":"\u0ba8\u0b95\u0bb0\u0ba4\u0bcd\u0ba4\u0bbf\u0bb2\u0bcd \u0ba4\u0bbf\u0bb0\u0bbf\u0b95\u0bbf\u0bb1 \u0b95\u0bbe\u0bb5\u0bb2\u0bbe\u0bb3\u0bb0\u0bcd \u0b8e\u0ba9\u0bcd\u0ba9\u0bc8\u0b95\u0bcd \u0b95\u0ba3\u0bcd\u0b9f\u0bc1, \u0b8e\u0ba9\u0bcd\u0ba9\u0bc8 \u0b85\u0b9f\u0bbf\u0ba4\u0bcd\u0ba4\u0bc1 \u0b8e\u0ba9\u0bcd\u0ba9\u0bc8\u0b95\u0bcd \u0b95\u0bbe\u0baf\u0baa\u0bcd\u0baa\u0b9f\u0bc1\u0ba4\u0bcd\u0ba4\u0bbf\u0ba9\u0bbe\u0bb0\u0bcd\u0b95\u0bb3\u0bcd; \u0b85\u0bb2\u0b99\u0bcd\u0b95\u0ba4\u0bcd\u0ba4\u0bbf\u0ba9\u0bcd \u0b95\u0bbe\u0bb5\u0bb1\u0bcd\u0b95\u0bbe\u0bb0\u0bb0\u0bcb \u0b8e\u0ba9\u0bcd\u0bae\u0bc7\u0bb2\u0bbf\u0bb0\u0bc1\u0ba8\u0bcd\u0ba4 \u0b8e\u0ba9\u0bcd \u0baa\u0bcb\u0bb0\u0bcd\u0bb5\u0bc8\u0baf\u0bc8 \u0b8e\u0b9f\u0bc1\u0ba4\u0bcd\u0ba4\u0bc1\u0b95\u0bcd\u0b95\u0bca\u0ba3\u0bcd\u0b9f\u0bbe\u0bb0\u0bcd\u0b95\u0bb3\u0bcd."},{"Verseid":"21004007","Verse":"\u0b8e\u0bb0\u0bc1\u0b9a\u0bb2\u0bc7\u0bae\u0bbf\u0ba9\u0bcd \u0b95\u0bc1\u0bae\u0bbe\u0bb0\u0ba4\u0bcd\u0ba4\u0bbf\u0b95\u0bb3\u0bc7! \u0b8e\u0ba9\u0bcd\u0ba8\u0bc7\u0b9a\u0bb0\u0bc8\u0b95\u0bcd \u0b95\u0ba3\u0bcd\u0b9f\u0bc0\u0bb0\u0bcd\u0b95\u0bb3\u0bbe\u0ba9\u0bbe\u0bb2\u0bcd, \u0ba8\u0bbe\u0ba9\u0bcd \u0ba8\u0bc7\u0b9a\u0ba4\u0bcd\u0ba4\u0bbe\u0bb2\u0bcd \u0b9a\u0bcb\u0b95\u0bae\u0b9f\u0bc8\u0ba8\u0bcd\u0ba4\u0bbf\u0bb0\u0bc1\u0b95\u0bcd\u0b95\u0bbf\u0bb1\u0bc7\u0ba9\u0bcd \u0b8e\u0ba9\u0bcd\u0bb1\u0bc1 \u0b85\u0bb5\u0bb0\u0bc1\u0b95\u0bcd\u0b95\u0bc1\u0b9a\u0bcd \u0b9a\u0bca\u0bb2\u0bcd\u0bb2\u0bc1\u0bae\u0bcd\u0baa\u0b9f\u0bbf \u0b89\u0b99\u0bcd\u0b95\u0bb3\u0bc8 \u0b86\u0ba3\u0bc8\u0baf\u0bbf\u0b9f\u0bc1\u0b95\u0bbf\u0bb1\u0bc7\u0ba9\u0bcd."},{"Verseid":"21004008","Verse":"\u0bb8\u0bcd\u0ba4\u0bbf\u0bb0\u0bc0\u0b95\u0bb3\u0bc1\u0b95\u0bcd\u0b95\u0bc1\u0bb3\u0bcd \u0bb0\u0bc2\u0baa\u0bb5\u0ba4\u0bbf\u0baf\u0bc7! \u0bae\u0bb1\u0bcd\u0bb1 \u0ba8\u0bc7\u0b9a\u0bb0\u0bc8\u0baa\u0bcd\u0baa\u0bbe\u0bb0\u0bcd\u0b95\u0bcd\u0b95\u0bbf\u0bb2\u0bc1\u0bae\u0bcd \u0b89\u0ba9\u0bcd \u0ba8\u0bc7\u0b9a\u0bb0\u0bcd \u0b8e\u0ba4\u0bbf\u0bb2\u0bcd \u0bb5\u0bbf\u0b9a\u0bc7\u0bb7\u0bbf\u0ba4\u0bcd\u0ba4\u0bb5\u0bb0\u0bcd? \u0ba8\u0bc0 \u0b87\u0baa\u0bcd\u0baa\u0b9f\u0bbf \u0b8e\u0b99\u0bcd\u0b95\u0bb3\u0bc8 \u0b86\u0ba3\u0bc8\u0baf\u0bbf\u0b9f \u0bae\u0bb1\u0bcd\u0bb1 \u0ba8\u0bc7\u0b9a\u0bb0\u0bc8\u0baa\u0bcd\u0baa\u0bbe\u0bb0\u0bcd\u0b95\u0bcd\u0b95\u0bbf\u0bb2\u0bc1\u0bae\u0bcd \u0b89\u0ba9\u0bcd \u0ba8\u0bc7\u0b9a\u0bb0\u0bcd \u0b8e\u0ba4\u0bbf\u0ba9\u0bbe\u0bb2\u0bcd \u0bb5\u0bbf\u0b9a\u0bc7\u0bb7\u0bbf\u0ba4\u0bcd\u0ba4\u0bb5\u0bb0\u0bcd?"},{"Verseid":"21004009","Verse":"\u0b8e\u0ba9\u0bcd \u0ba8\u0bc7\u0b9a\u0bb0\u0bcd \u0bb5\u0bc6\u0ba3\u0bcd\u0bae\u0bc8\u0baf\u0bc1\u0bae\u0bcd \u0b9a\u0bbf\u0bb5\u0baa\u0bcd\u0baa\u0bc1\u0bae\u0bbe\u0ba9\u0bb5\u0bb0\u0bcd; \u0baa\u0ba4\u0bbf\u0ba9\u0bbe\u0baf\u0bbf\u0bb0\u0bae\u0bcd\u0baa\u0bc7\u0bb0\u0bcd\u0b95\u0bb3\u0bbf\u0bb2\u0bcd \u0b9a\u0bbf\u0bb1\u0ba8\u0bcd\u0ba4\u0bb5\u0bb0\u0bcd."},{"Verseid":"21004010","Verse":"\u0b85\u0bb5\u0bb0\u0bcd \u0ba4\u0bb2\u0bc8 \u0ba4\u0b99\u0bcd\u0b95\u0bae\u0baf\u0bae\u0bbe\u0baf\u0bbf\u0bb0\u0bc1\u0b95\u0bcd\u0b95\u0bbf\u0bb1\u0ba4\u0bc1; \u0b85\u0bb5\u0bb0\u0bcd \u0ba4\u0bb2\u0bc8\u0bae\u0baf\u0bbf\u0bb0\u0bcd \u0b9a\u0bc1\u0bb0\u0bc1\u0bb3\u0bcd \u0b9a\u0bc1\u0bb0\u0bc1\u0bb3\u0bbe\u0baf\u0bc1\u0bae\u0bcd, \u0b95\u0bbe\u0b95\u0ba4\u0bcd\u0ba4\u0bc8\u0baa\u0bcd\u0baa\u0bcb\u0bb2\u0bcd \u0b95\u0bb0\u0bc1\u0bae\u0bc8\u0baf\u0bbe\u0baf\u0bc1\u0bae\u0bbf\u0bb0\u0bc1\u0b95\u0bcd\u0b95\u0bbf\u0bb1\u0ba4\u0bc1."},{"Verseid":"21004011","Verse":"\u0b85\u0bb5\u0bb0\u0bc1\u0b9f\u0bc8\u0baf \u0b95\u0ba3\u0bcd\u0b95\u0bb3\u0bcd \u0ba4\u0ba3\u0bcd\u0ba3\u0bc0\u0bb0\u0bcd \u0ba8\u0bbf\u0bb1\u0bc8\u0ba8\u0bcd\u0ba4 \u0ba8\u0ba4\u0bbf\u0b95\u0bb3\u0bbf\u0ba9\u0bcd \u0b93\u0bb0\u0bae\u0bbe\u0baf\u0bcd\u0ba4\u0bcd \u0ba4\u0b99\u0bcd\u0b95\u0bc1\u0bae\u0bcd \u0baa\u0bc1\u0bb1\u0bbe\u0b95\u0bcd\u0b95\u0ba3\u0bcd\u0b95\u0bb3\u0bc1\u0b95\u0bcd\u0b95\u0bc1 \u0b92\u0baa\u0bcd\u0baa\u0bbe\u0ba9\u0bb5\u0bc8\u0b95\u0bb3\u0bc1\u0bae\u0bcd, \u0baa\u0bbe\u0bb2\u0bbf\u0bb2\u0bcd \u0b95\u0bb4\u0bc1\u0bb5\u0baa\u0bcd\u0baa\u0b9f\u0bcd\u0b9f\u0bb5\u0bc8\u0b95\u0bb3\u0bc1\u0bae\u0bcd, \u0ba8\u0bc7\u0bb0\u0bcd\u0ba4\u0bcd\u0ba4\u0bbf\u0baf\u0bbe\u0baf\u0bcd\u0baa\u0bcd \u0baa\u0ba4\u0bbf\u0b95\u0bcd\u0b95\u0baa\u0bcd\u0baa\u0b9f\u0bcd\u0b9f\u0bb5\u0bc8\u0b95\u0bb3\u0bc1\u0bae\u0bbe\u0baf\u0bbf\u0bb0\u0bc1\u0b95\u0bcd\u0b95\u0bbf\u0bb1\u0ba4\u0bc1."},{"Verseid":"21004012","Verse":"\u0b85\u0bb5\u0bb0\u0bcd \u0b95\u0ba9\u0bcd\u0ba9\u0b99\u0bcd\u0b95\u0bb3\u0bcd \u0b95\u0ba8\u0bcd\u0ba4\u0bb5\u0bb0\u0bcd\u0b95\u0bcd\u0b95\u0baa\u0bcd\u0baa\u0bbe\u0ba4\u0bcd\u0ba4\u0bbf\u0b95\u0bb3\u0bc8\u0baa\u0bcd\u0baa\u0bcb\u0bb2\u0bb5\u0bc1\u0bae\u0bcd, \u0bb5\u0bbe\u0b9a\u0ba9\u0bc8\u0baf\u0bc1\u0bb3\u0bcd\u0bb3 \u0baa\u0bc1\u0bb7\u0bcd\u0baa\u0b99\u0bcd\u0b95\u0bb3\u0bc8\u0baa\u0bcd\u0baa\u0bcb\u0bb2\u0bb5\u0bc1\u0bae\u0bbf\u0bb0\u0bc1\u0b95\u0bcd\u0b95\u0bbf\u0bb1\u0ba4\u0bc1; \u0b85\u0bb5\u0bb0\u0bcd \u0b89\u0ba4\u0b9f\u0bc1\u0b95\u0bb3\u0bcd \u0bb2\u0bc0\u0bb2\u0bbf\u0baa\u0bc1\u0bb7\u0bcd\u0baa\u0b99\u0bcd\u0b95\u0bb3\u0bc8\u0baa\u0bcd\u0baa\u0bcb\u0ba9\u0bcd\u0bb1 \u0bb5\u0bbe\u0b9a\u0ba9\u0bc8\u0baf\u0bc1\u0bb3\u0bcd\u0bb3 \u0bb5\u0bc6\u0bb3\u0bcd\u0bb3\u0bc8\u0baa\u0bcd\u0baa\u0bcb\u0bb3\u0bae\u0bcd \u0b85\u0ba4\u0bbf\u0bb2\u0bbf\u0bb0\u0bc1\u0ba8\u0bcd\u0ba4\u0bc1 \u0bb5\u0b9f\u0bbf\u0b95\u0bbf\u0bb1\u0ba4\u0bc1."},{"Verseid":"21004013","Verse":"\u0b85\u0bb5\u0bb0\u0bcd \u0b95\u0bb0\u0b99\u0bcd\u0b95\u0bb3\u0bcd \u0baa\u0b9f\u0bbf\u0b95\u0baa\u0bcd\u0baa\u0b9a\u0bcd\u0b9a\u0bc8 \u0baa\u0ba4\u0bbf\u0ba4\u0bcd\u0ba4 \u0baa\u0bca\u0ba9\u0bcd\u0bb5\u0baf\u0bb2\u0bcd\u0b95\u0bb3\u0bc8\u0baa\u0bcd \u0baa\u0bcb\u0bb2\u0bbf\u0bb0\u0bc1\u0b95\u0bcd\u0b95\u0bbf\u0bb1\u0ba4\u0bc1; \u0b85\u0bb5\u0bb0\u0bcd \u0b85\u0b99\u0bcd\u0b95\u0bae\u0bcd \u0b87\u0ba8\u0bcd\u0ba4\u0bbf\u0bb0\u0ba8\u0bc0\u0bb2 \u0b87\u0bb0\u0ba4\u0bcd\u0ba4\u0bbf\u0ba9\u0b99\u0bcd\u0b95\u0bb3\u0bcd \u0b87\u0bb4\u0bc8\u0ba4\u0bcd\u0ba4 \u0baa\u0bbf\u0bb0\u0b95\u0bbe\u0b9a\u0bae\u0bbe\u0ba9 \u0baf\u0bbe\u0ba9\u0bc8\u0ba4\u0bcd \u0ba4\u0ba8\u0bcd\u0ba4\u0ba4\u0bcd\u0ba4\u0bc8\u0baa\u0bcd\u0baa\u0bcb\u0bb2\u0bbf\u0bb0\u0bc1\u0b95\u0bcd\u0b95\u0bbf\u0bb1\u0ba4\u0bc1."},{"Verseid":"21004014","Verse":"\u0b85\u0bb5\u0bb0\u0bcd \u0b95\u0bbe\u0bb2\u0bcd\u0b95\u0bb3\u0bcd \u0baa\u0b9a\u0bc1\u0bae\u0bcd\u0baa\u0bca\u0ba9\u0bcd \u0b86\u0ba4\u0bbe\u0bb0\u0b99\u0bcd\u0b95\u0bb3\u0bbf\u0ba9\u0bcd\u0bae\u0bc7\u0bb2\u0bcd \u0ba8\u0bbf\u0bb1\u0bcd\u0b95\u0bbf\u0bb1 \u0bb5\u0bc6\u0bb3\u0bcd\u0bb3\u0bc8\u0b95\u0bcd\u0b95\u0bb2\u0bcd \u0ba4\u0bc2\u0ba3\u0bcd\u0b95\u0bb3\u0bc8\u0baa\u0bcd\u0baa\u0bcb\u0bb2\u0bbf\u0bb0\u0bc1\u0b95\u0bcd\u0b95\u0bbf\u0bb1\u0ba4\u0bc1; \u0b85\u0bb5\u0bb0\u0bcd \u0bb0\u0bc2\u0baa\u0bae\u0bcd \u0bb2\u0bc0\u0baa\u0ba9\u0bcb\u0ba9\u0bc8\u0baa\u0bcd\u0baa\u0bcb\u0bb2\u0bb5\u0bc1\u0bae\u0bcd \u0b95\u0bc7\u0ba4\u0bc1\u0bb0\u0bc1\u0b95\u0bcd\u0b95\u0bb3\u0bc8\u0baa\u0bcd\u0baa\u0bcb\u0bb2\u0bb5\u0bc1\u0bae\u0bcd \u0b9a\u0bbf\u0bb1\u0baa\u0bcd\u0baa\u0bbe\u0baf\u0bbf\u0bb0\u0bc1\u0b95\u0bcd\u0b95\u0bbf\u0bb1\u0ba4\u0bc1."},{"Verseid":"21004015","Verse":"\u0b85\u0bb5\u0bb0\u0bcd \u0bb5\u0bbe\u0baf\u0bcd \u0bae\u0bbf\u0b95\u0bb5\u0bc1\u0bae\u0bcd \u0bae\u0ba4\u0bc1\u0bb0\u0bae\u0bbe\u0baf\u0bbf\u0bb0\u0bc1\u0b95\u0bcd\u0b95\u0bbf\u0bb1\u0ba4\u0bc1; \u0b85\u0bb5\u0bb0\u0bcd \u0bae\u0bc1\u0bb1\u0bcd\u0bb1\u0bbf\u0bb2\u0bc1\u0bae\u0bcd \u0b85\u0bb4\u0b95\u0bc1\u0bb3\u0bcd\u0bb3\u0bb5\u0bb0\u0bcd. \u0b87\u0bb5\u0bb0\u0bc7 \u0b8e\u0ba9\u0bcd \u0ba8\u0bc7\u0b9a\u0bb0\u0bcd; \u0b8e\u0bb0\u0bc1\u0b9a\u0bb2\u0bc7\u0bae\u0bbf\u0ba9\u0bcd \u0b95\u0bc1\u0bae\u0bbe\u0bb0\u0ba4\u0bcd\u0ba4\u0bbf\u0b95\u0bb3\u0bc7! \u0b87\u0bb5\u0bb0\u0bc7 \u0b8e\u0ba9\u0bcd \u0b9a\u0bbf\u0ba8\u0bc7\u0b95\u0bbf\u0ba4\u0bb0\u0bcd."}]},{"Verse":[{"Verseid":"21005000","Verse":"\u0b89\u0ba9\u0bcd \u0ba8\u0bc7\u0b9a\u0bb0\u0bcd \u0b8e\u0b99\u0bcd\u0b95\u0bc7 \u0baa\u0bcb\u0ba9\u0bbe\u0bb0\u0bcd? \u0bb8\u0bcd\u0ba4\u0bbf\u0bb0\u0bc0\u0b95\u0bb3\u0bbf\u0bb2\u0bcd \u0bb0\u0bc2\u0baa\u0bb5\u0ba4\u0bbf\u0baf\u0bc7! \u0b89\u0ba9\u0bcd \u0ba8\u0bc7\u0b9a\u0bb0\u0bcd \u0b8e\u0bb5\u0bcd\u0bb5\u0bbf\u0b9f\u0bae\u0bcd \u0baa\u0bcb\u0baf\u0bcd\u0bb5\u0bbf\u0b9f\u0bcd\u0b9f\u0bbe\u0bb0\u0bcd? \u0b89\u0ba9\u0bcd\u0ba9\u0bcb\u0b9f\u0bc7\u0b95\u0bc2\u0b9f \u0ba8\u0bbe\u0b99\u0bcd\u0b95\u0bb3\u0bc1\u0bae\u0bcd \u0b85\u0bb5\u0bb0\u0bc8\u0ba4\u0bcd \u0ba4\u0bc7\u0b9f\u0bc1\u0bb5\u0bcb\u0bae\u0bcd."},{"Verseid":"21005001","Verse":"\u0ba4\u0bcb\u0b9f\u0bcd\u0b9f\u0b99\u0bcd\u0b95\u0bb3\u0bbf\u0bb2\u0bcd \u0bae\u0bc7\u0baf\u0bb5\u0bc1\u0bae\u0bcd, \u0bb2\u0bc0\u0bb2\u0bbf\u0baa\u0bc1\u0bb7\u0bcd\u0baa\u0b99\u0bcd\u0b95\u0bb3\u0bc8\u0b95\u0bcd \u0b95\u0bca\u0baf\u0bcd\u0baf\u0bb5\u0bc1\u0bae\u0bcd, \u0b8e\u0ba9\u0bcd \u0ba8\u0bc7\u0b9a\u0bb0\u0bcd \u0ba4\u0bae\u0ba4\u0bc1 \u0ba4\u0bcb\u0b9f\u0bcd\u0b9f\u0ba4\u0bcd\u0ba4\u0bc1\u0b95\u0bcd\u0b95\u0bc1\u0bae\u0bcd \u0b95\u0ba8\u0bcd\u0ba4\u0bb5\u0bb0\u0bcd\u0b95\u0bcd\u0b95\u0baa\u0bcd \u0baa\u0bbe\u0ba4\u0bcd\u0ba4\u0bbf\u0b95\u0bb3\u0bc1\u0b95\u0bcd\u0b95\u0bc1\u0bae\u0bcd \u0baa\u0bcb\u0ba9\u0bbe\u0bb0\u0bcd."},{"Verseid":"21005002","Verse":"\u0ba8\u0bbe\u0ba9\u0bcd \u0b8e\u0ba9\u0bcd \u0ba8\u0bc7\u0b9a\u0bb0\u0bc1\u0b9f\u0bc8\u0baf\u0bb5\u0bb3\u0bcd, \u0b8e\u0ba9\u0bcd \u0ba8\u0bc7\u0b9a\u0bb0\u0bcd \u0b8e\u0ba9\u0bcd\u0ba9\u0bc1\u0b9f\u0bc8\u0baf\u0bb5\u0bb0\u0bcd; \u0b85\u0bb5\u0bb0\u0bcd \u0bb2\u0bc0\u0bb2\u0bbf\u0baa\u0bc1\u0bb7\u0bcd\u0baa\u0b99\u0bcd\u0b95\u0bb3\u0bc1\u0b95\u0bcd\u0b95\u0bc1\u0bb3\u0bcd\u0bb3\u0bc7 \u0bae\u0bc7\u0baf\u0bcd\u0b95\u0bbf\u0bb1\u0bbe\u0bb0\u0bcd."},{"Verseid":"21005003","Verse":"\u0b8e\u0ba9\u0bcd \u0baa\u0bbf\u0bb0\u0bbf\u0baf\u0bae\u0bc7! \u0ba8\u0bc0 \u0ba4\u0bbf\u0bb0\u0bcd\u0b9a\u0bbe\u0bb5\u0bc8\u0baa\u0bcd\u0baa\u0bcb\u0bb2\u0bcd \u0b9a\u0bc6\u0bb3\u0ba8\u0bcd\u0ba4\u0bb0\u0bbf\u0baf\u0bae\u0bc1\u0bae\u0bcd, \u0b8e\u0bb0\u0bc1\u0b9a\u0bb2\u0bc7\u0bae\u0bc8\u0baa\u0bcd\u0baa\u0bcb\u0bb2\u0bcd \u0bb5\u0b9f\u0bbf\u0bb5\u0bae\u0bc1\u0bae\u0bcd, \u0b95\u0bca\u0b9f\u0bbf\u0b95\u0bb3\u0bcd \u0baa\u0bb1\u0b95\u0bcd\u0b95\u0bc1\u0bae\u0bcd \u0baa\u0b9f\u0bc8\u0baf\u0bc8\u0baa\u0bcd\u0baa\u0bcb\u0bb2\u0bcd \u0b95\u0bc6\u0b9f\u0bbf\u0baf\u0bc1\u0bae\u0bbe\u0ba9\u0bb5\u0bb3\u0bcd."},{"Verseid":"21005004","Verse":"\u0b89\u0ba9\u0bcd \u0b95\u0ba3\u0bcd\u0b95\u0bb3\u0bc8 \u0b8e\u0ba9\u0bcd\u0ba9\u0bc8\u0bb5\u0bbf\u0b9f\u0bcd\u0b9f\u0bc1\u0ba4\u0bcd \u0ba4\u0bbf\u0bb0\u0bc1\u0baa\u0bcd\u0baa\u0bc1, \u0b85\u0bb5\u0bc8\u0b95\u0bb3\u0bcd \u0b8e\u0ba9\u0bcd\u0ba9\u0bc8 \u0bb5\u0bc6\u0ba9\u0bcd\u0bb1\u0ba4\u0bc1; \u0b89\u0ba9\u0bcd \u0b85\u0bb3\u0b95\u0baa\u0bbe\u0bb0\u0bae\u0bcd \u0b95\u0bc0\u0bb2\u0bc7\u0baf\u0bbe\u0ba4\u0bcd \u0bae\u0bb2\u0bc8\u0baf\u0bbf\u0bb2\u0bc7 \u0ba4\u0bb4\u0bc8\u0bae\u0bc7\u0baf\u0bc1\u0bae\u0bcd \u0bb5\u0bc6\u0bb3\u0bcd\u0bb3\u0bbe\u0b9f\u0bcd\u0b9f\u0bc1 \u0bae\u0ba8\u0bcd\u0ba4\u0bc8\u0baf\u0bc8\u0baa\u0bcd\u0baa\u0bcb\u0bb2\u0bbf\u0bb0\u0bc1\u0b95\u0bcd\u0b95\u0bbf\u0bb1\u0ba4\u0bc1."},{"Verseid":"21005005","Verse":"\u0b89\u0ba9\u0bcd \u0baa\u0bb1\u0bcd\u0b95\u0bb3\u0bcd \u0b95\u0bc1\u0bb3\u0bbf\u0baa\u0bcd\u0baa\u0bbe\u0b9f\u0bcd\u0b9f\u0baa\u0bcd\u0baa\u0b9f\u0bcd\u0b9f\u0bc1\u0b95\u0bcd \u0b95\u0bb0\u0bc8\u0baf\u0bc7\u0bb1\u0bc1\u0b95\u0bbf\u0bb1\u0bb5\u0bc8\u0b95\u0bb3\u0bc1\u0bae\u0bcd \u0b92\u0ba9\u0bcd\u0bb1\u0bbe\u0ba9\u0bbe\u0bb2\u0bc1\u0bae\u0bcd \u0bae\u0bb2\u0b9f\u0bbe\u0baf\u0bbf\u0bb0\u0bbe\u0bae\u0bb2\u0bcd \u0b87\u0bb0\u0b9f\u0bcd\u0b9f\u0bc8\u0b95\u0bcd \u0b95\u0bc1\u0b9f\u0bcd\u0b9f\u0bbf\u0baf\u0bc0\u0ba9\u0bcd\u0bb1\u0bb5\u0bc8\u0b95\u0bb3\u0bc1\u0bae\u0bbe\u0ba9 \u0b86\u0b9f\u0bcd\u0b9f\u0bc1\u0bae\u0ba8\u0bcd\u0ba4\u0bc8\u0baf\u0bc8\u0baa\u0bcd\u0baa\u0bcb\u0bb2\u0bbf\u0bb0\u0bc1\u0b95\u0bcd\u0b95\u0bbf\u0bb1\u0ba4\u0bc1."},{"Verseid":"21005006","Verse":"\u0b89\u0ba9\u0bcd \u0bae\u0bc1\u0b95\u0bcd\u0b95\u0bbe\u0b9f\u0bcd\u0b9f\u0bbf\u0ba9\u0bcd \u0ba8\u0b9f\u0bc1\u0bb5\u0bc7 \u0b89\u0ba9\u0bcd \u0b95\u0ba9\u0bcd\u0ba9\u0b99\u0bcd\u0b95\u0bb3\u0bcd \u0bb5\u0bc6\u0b9f\u0bbf\u0ba4\u0bcd\u0ba4 \u0bae\u0bbe\u0ba4\u0bb3\u0bae\u0bcd\u0baa\u0bb4\u0bae\u0bcd \u0baa\u0bcb\u0bb2\u0bbf\u0bb0\u0bc1\u0b95\u0bcd\u0b95\u0bbf\u0bb1\u0ba4\u0bc1."},{"Verseid":"21005007","Verse":"\u0bb0\u0bbe\u0b9c\u0bb8\u0bcd\u0ba4\u0bbf\u0bb0\u0bc0\u0b95\u0bb3\u0bcd \u0b85\u0bb1\u0bc1\u0baa\u0ba4\u0bc1\u0baa\u0bc7\u0bb0\u0bc1\u0bae\u0bcd, \u0bae\u0bb1\u0bc1\u0bae\u0ba9\u0bc8\u0baf\u0bbe\u0b9f\u0bcd\u0b9f\u0bbf\u0b95\u0bb3\u0bcd \u0b8e\u0ba3\u0bcd\u0baa\u0ba4\u0bc1\u0baa\u0bc7\u0bb0\u0bc1\u0bae\u0bc1\u0ba3\u0bcd\u0b9f\u0bc1; \u0b95\u0ba9\u0bcd\u0ba9\u0bbf\u0baf\u0bb0\u0bc1\u0b95\u0bcd\u0b95\u0bc1\u0ba4\u0bcd \u0ba4\u0bca\u0b95\u0bc8\u0baf\u0bbf\u0bb2\u0bcd\u0bb2\u0bc8."},{"Verseid":"21005008","Verse":"\u0b8e\u0ba9\u0bcd \u0baa\u0bc1\u0bb1\u0bbe\u0bb5\u0bcb, \u0b8e\u0ba9\u0bcd \u0b89\u0ba4\u0bcd\u0ba4\u0bae\u0bbf\u0baf\u0bcb \u0b92\u0bb0\u0bc1\u0ba4\u0bcd\u0ba4\u0bbf\u0baf\u0bc7; \u0b85\u0bb5\u0bb3\u0bcd \u0ba4\u0ba9\u0bcd \u0ba4\u0bbe\u0baf\u0bcd\u0b95\u0bcd\u0b95\u0bc1 \u0b92\u0bb0\u0bc7 \u0baa\u0bbf\u0bb3\u0bcd\u0bb3\u0bc8; \u0b85\u0bb5\u0bb3\u0bcd \u0ba4\u0ba9\u0bcd\u0ba9\u0bc8\u0baa\u0bcd \u0baa\u0bc6\u0bb1\u0bcd\u0bb1\u0bb5\u0bb3\u0bc1\u0b95\u0bcd\u0b95\u0bc1 \u0b85\u0bb0\u0bc1\u0bae\u0bc8\u0baf\u0bbe\u0ba9\u0bb5\u0bb3\u0bcd; \u0b95\u0bc1\u0bae\u0bbe\u0bb0\u0ba4\u0bcd\u0ba4\u0bbf\u0b95\u0bb3\u0bcd \u0b85\u0bb5\u0bb3\u0bc8\u0b95\u0bcd \u0b95\u0ba3\u0bcd\u0b9f\u0bc1, \u0b85\u0bb5\u0bb3\u0bc8 \u0bb5\u0bbe\u0bb4\u0bcd\u0ba4\u0bcd\u0ba4\u0bbf\u0ba9\u0bbe\u0bb0\u0bcd\u0b95\u0bb3\u0bcd; \u0bb0\u0bbe\u0b9c\u0bb8\u0bcd\u0ba4\u0bbf\u0bb0\u0bc0\u0b95\u0bb3\u0bc1\u0bae\u0bcd \u0bae\u0bb1\u0bc1\u0bae\u0ba9\u0bc8\u0baf\u0bbe\u0b9f\u0bcd\u0b9f\u0bbf\u0b95\u0bb3\u0bc1\u0bae\u0bcd \u0b85\u0bb5\u0bb3\u0bc8\u0baa\u0bcd \u0baa\u0bcb\u0bb1\u0bcd\u0bb1\u0bbf\u0ba9\u0bbe\u0bb0\u0bcd\u0b95\u0bb3\u0bcd."},{"Verseid":"21005009","Verse":"\u0b9a\u0ba8\u0bcd\u0ba4\u0bbf\u0bb0\u0ba9\u0bc8\u0baa\u0bcd\u0baa\u0bcb\u0bb2\u0bcd \u0b85\u0bb4\u0b95\u0bc1\u0bae\u0bcd \u0b9a\u0bc2\u0bb0\u0bbf\u0baf\u0ba9\u0bc8\u0baa\u0bcd\u0baa\u0bcb\u0bb2\u0bcd \u0baa\u0bbf\u0bb0\u0b95\u0bbe\u0b9a\u0bae\u0bc1\u0bae\u0bcd, \u0b95\u0bca\u0b9f\u0bbf\u0b95\u0bb3\u0bcd \u0baa\u0bb1\u0b95\u0bcd\u0b95\u0bc1\u0bae\u0bcd \u0baa\u0b9f\u0bc8\u0baf\u0bc8\u0baa\u0bcd\u0baa\u0bcb\u0bb2\u0bcd \u0b95\u0bc6\u0b9f\u0bbf\u0baf\u0bc1\u0bae\u0bc1\u0bb3\u0bcd\u0bb3\u0bb5\u0bb3\u0bbe\u0baf\u0bcd, \u0b85\u0bb0\u0bc1\u0ba3\u0bcb\u0ba4\u0baf\u0bae\u0bcd\u0baa\u0bcb\u0bb2\u0bcd \u0b89\u0ba4\u0bbf\u0b95\u0bcd\u0b95\u0bbf\u0bb1 \u0b87\u0bb5\u0bb3\u0bcd \u0baf\u0bbe\u0bb0\u0bcd?"},{"Verseid":"21005010","Verse":"\u0baa\u0bb3\u0bcd\u0bb3\u0ba4\u0bcd\u0ba4\u0bbe\u0b95\u0bcd\u0b95\u0bbf\u0bb2\u0bc7 \u0baa\u0bb4\u0bc1\u0ba4\u0bcd\u0ba4 \u0b95\u0ba9\u0bbf\u0b95\u0bb3\u0bc8\u0baa\u0bcd \u0baa\u0bbe\u0bb0\u0bcd\u0b95\u0bcd\u0b95\u0bb5\u0bc1\u0bae\u0bcd, \u0ba4\u0bbf\u0bb0\u0bbe\u0b9f\u0bcd\u0b9a\u0b9a\u0bcd\u0b9a\u0bc6\u0b9f\u0bbf\u0b95\u0bb3\u0bcd \u0ba4\u0bc1\u0bb3\u0bbf\u0bb0\u0bcd\u0bb5\u0bbf\u0b9f\u0bcd\u0b9f\u0bc1, \u0bae\u0bbe\u0ba4\u0bb3\u0b9e\u0bcd\u0b9a\u0bc6\u0b9f\u0bbf\u0b95\u0bb3\u0bcd \u0baa\u0bc2\u0ba4\u0bcd\u0ba4\u0ba4\u0bbe \u0b8e\u0ba9\u0bcd\u0bb1\u0bc1 \u0b85\u0bb1\u0bbf\u0baf\u0bb5\u0bc1\u0bae\u0bcd, \u0bb5\u0bbe\u0ba4\u0bc1\u0bae\u0bc8\u0ba4\u0bcd \u0ba4\u0bcb\u0b9f\u0bcd\u0b9f\u0ba4\u0bcd\u0ba4\u0bc1\u0b95\u0bcd\u0b95\u0bc1\u0baa\u0bcd \u0baa\u0bcb\u0ba9\u0bc7\u0ba9\u0bcd."},{"Verseid":"21005011","Verse":"\u0ba8\u0bbf\u0ba9\u0bc8\u0baf\u0bbe\u0ba4\u0ba4\u0bc1\u0b95\u0bcd\u0b95\u0bc1\u0bae\u0bc1\u0ba9\u0bcd\u0ba9\u0bc7 \u0b8e\u0ba9\u0bcd \u0b86\u0ba4\u0bcd\u0ba4\u0bc1\u0bae\u0bbe \u0b8e\u0ba9\u0bcd\u0ba9\u0bc8 \u0b85\u0bae\u0bcd\u0bae\u0bbf\u0ba9\u0ba4\u0bbe\u0baa\u0bbf\u0ba9\u0bcd \u0b87\u0bb0\u0ba4\u0b99\u0bcd\u0b95\u0bb3\u0bc1\u0b95\u0bcd\u0b95\u0bc1 \u0b92\u0baa\u0bcd\u0baa\u0bbe\u0b95\u0bcd\u0b95\u0bbf\u0bb1\u0bcd\u0bb1\u0bc1."},{"Verseid":"21005012","Verse":"\u0ba4\u0bbf\u0bb0\u0bc1\u0bae\u0bcd\u0baa\u0bbf\u0bb5\u0bbe, \u0ba4\u0bbf\u0bb0\u0bc1\u0bae\u0bcd\u0baa\u0bbf\u0bb5\u0bbe, \u0b9a\u0bc2\u0bb2\u0bae\u0bbf\u0ba4\u0bcd\u0ba4\u0bbf\u0baf\u0bc7! \u0ba8\u0bbe\u0b99\u0bcd\u0b95\u0bb3\u0bcd \u0b89\u0ba9\u0bcd\u0ba9\u0bc8\u0baa\u0bcd \u0baa\u0bbe\u0bb0\u0bcd\u0b95\u0bcd\u0b95\u0bc1\u0bae\u0bcd\u0baa\u0b9f\u0bbf\u0b95\u0bcd\u0b95\u0bc1, \u0ba4\u0bbf\u0bb0\u0bc1\u0bae\u0bcd\u0baa\u0bbf\u0bb5\u0bbe, \u0ba4\u0bbf\u0bb0\u0bc1\u0bae\u0bcd\u0baa\u0bbf\u0bb5\u0bbe. (.B)\u0b9a\u0bc2\u0bb2\u0bae\u0bbf\u0ba4\u0bcd\u0ba4\u0bbf\u0baf\u0bbf\u0bb2\u0bcd \u0ba8\u0bc0\u0b99\u0bcd\u0b95\u0bb3\u0bcd \u0b8e\u0ba9\u0bcd\u0ba9\u0ba4\u0bcd\u0ba4\u0bc8\u0baa\u0bcd \u0baa\u0bbe\u0bb0\u0bcd\u0b95\u0bcd\u0b95\u0bbf\u0bb1\u0bc0\u0bb0\u0bcd\u0b95\u0bb3\u0bcd? \u0b85\u0bb5\u0bb3\u0bcd \u0b87\u0bb0\u0ba3\u0bcd\u0b9f\u0bc1\u0b9a\u0bc7\u0ba9\u0bc8\u0baf\u0bbf\u0ba9\u0bcd \u0b95\u0bc2\u0b9f\u0bcd\u0b9f\u0ba4\u0bcd\u0ba4\u0bc1\u0b95\u0bcd\u0b95\u0bc1\u0b9a\u0bcd \u0b9a\u0bae\u0bbe\u0ba9\u0bae\u0bbe\u0ba9\u0bb5\u0bb3\u0bcd."}]},{"Verse":[{"Verseid":"21006000","Verse":"\u0bb0\u0bbe\u0b9c\u0b95\u0bc1\u0bae\u0bbe\u0bb0\u0ba4\u0bcd\u0ba4\u0bbf\u0baf\u0bc7! \u0baa\u0bbe\u0ba4\u0bb0\u0b9f\u0bcd\u0b9a\u0bc8\u0b95\u0bb3\u0bbf\u0b9f\u0bcd\u0b9f \u0b89\u0ba9\u0bcd \u0baa\u0bbe\u0ba4\u0b99\u0bcd\u0b95\u0bb3\u0bcd \u0bae\u0bbf\u0b95\u0bb5\u0bc1\u0bae\u0bcd \u0b85\u0bb4\u0b95\u0bbe\u0baf\u0bbf\u0bb0\u0bc1\u0b95\u0bcd\u0b95\u0bbf\u0bb1\u0ba4\u0bc1; \u0b89\u0ba9\u0bcd \u0b87\u0b9f\u0bc1\u0baa\u0bcd\u0baa\u0bbf\u0ba9\u0bcd \u0bb5\u0b9f\u0bbf\u0bb5\u0bc1 \u0bb5\u0bbf\u0b9a\u0bbf\u0ba4\u0bcd\u0ba4\u0bbf\u0bb0\u0ba4\u0bcd \u0ba4\u0bca\u0bb4\u0bbf\u0bb1\u0bcd\u0b95\u0bbe\u0bb0\u0bb0\u0bbf\u0ba9\u0bcd \u0bb5\u0bc7\u0bb2\u0bc8\u0baf\u0bbe\u0b95\u0bbf\u0baf \u0baa\u0bc2\u0bb7\u0ba3\u0bae\u0bcd\u0baa\u0bcb\u0bb2\u0bbf\u0bb0\u0bc1\u0b95\u0bcd\u0b95\u0bbf\u0bb1\u0ba4\u0bc1."},{"Verseid":"21006001","Verse":"\u0b89\u0ba9\u0bcd \u0ba8\u0bbe\u0baa\u0bbf \u0ba4\u0bbf\u0bb0\u0bbe\u0b9f\u0bcd\u0b9a\u0bb0\u0b9a\u0bae\u0bcd \u0ba8\u0bbf\u0bb1\u0bc8\u0ba8\u0bcd\u0ba4 \u0bb5\u0b9f\u0bcd\u0b9f\u0b95\u0bcd\u0b95\u0bb2\u0b9a\u0bae\u0bcd \u0baa\u0bcb\u0bb2\u0bbf\u0bb0\u0bc1\u0b95\u0bcd\u0b95\u0bbf\u0bb1\u0ba4\u0bc1; \u0b89\u0ba9\u0bcd \u0bb5\u0baf\u0bbf\u0bb1\u0bc1 \u0bb2\u0bc0\u0bb2\u0bbf \u0baa\u0bc1\u0bb7\u0bcd\u0baa\u0b99\u0bcd\u0b95\u0bb3\u0bcd \u0b9a\u0bc2\u0bb4\u0bcd\u0ba8\u0bcd\u0ba4 \u0b95\u0bcb\u0ba4\u0bc1\u0bae\u0bc8 \u0b85\u0bae\u0bcd\u0baa\u0bbe\u0bb0\u0bae\u0bcd\u0baa\u0bcb\u0bb2\u0bbf\u0bb0\u0bc1\u0b95\u0bcd\u0b95\u0bbf\u0bb1\u0ba4\u0bc1."},{"Verseid":"21006002","Verse":"\u0b89\u0ba9\u0bcd \u0b87\u0bb0\u0ba3\u0bcd\u0b9f\u0bc1 \u0bb8\u0bcd\u0ba4\u0ba9\u0b99\u0bcd\u0b95\u0bb3\u0bc1\u0bae\u0bcd \u0bb5\u0bc6\u0bb3\u0bbf\u0bae\u0bbe\u0ba9\u0bbf\u0ba9\u0bcd \u0b87\u0bb0\u0b9f\u0bcd\u0b9f\u0bc8\u0b95\u0bcd\u0b95\u0bc1\u0b9f\u0bcd\u0b9f\u0bbf\u0b95\u0bb3\u0bc1\u0b95\u0bcd\u0b95\u0bc1\u0b9a\u0bcd \u0b9a\u0bae\u0bbe\u0ba9\u0bae\u0bbe\u0baf\u0bbf\u0bb0\u0bc1\u0b95\u0bcd\u0b95\u0bbf\u0bb1\u0ba4\u0bc1."},{"Verseid":"21006003","Verse":"\u0b89\u0ba9\u0bcd \u0b95\u0bb4\u0bc1\u0ba4\u0bcd\u0ba4\u0bc1 \u0baf\u0bbe\u0ba9\u0bc8\u0ba4\u0bcd\u0ba4\u0ba8\u0bcd\u0ba4\u0ba4\u0bcd\u0ba4\u0bbf\u0ba9\u0bbe\u0bb2\u0bcd \u0b9a\u0bc6\u0baf\u0bcd\u0ba4 \u0b95\u0bcb\u0baa\u0bc1\u0bb0\u0ba4\u0bcd\u0ba4\u0bc8\u0baa\u0bcd\u0baa\u0bcb\u0bb2\u0bb5\u0bc1\u0bae\u0bcd, \u0b89\u0ba9\u0bcd \u0b95\u0ba3\u0bcd\u0b95\u0bb3\u0bcd \u0b8e\u0bb8\u0bcd\u0baa\u0bcb\u0ba9\u0bbf\u0bb2\u0bc7 \u0baa\u0ba4\u0bcd\u0bb0\u0baa\u0bc0\u0bae\u0bcd \u0bb5\u0bbe\u0b9a\u0bb2\u0ba3\u0bcd\u0b9f\u0bc8\u0baf\u0bbf\u0bb2\u0bbf\u0bb0\u0bc1\u0b95\u0bcd\u0b95\u0bc1\u0bae\u0bcd \u0b95\u0bc1\u0bb3\u0b99\u0bcd\u0b95\u0bb3\u0bc8\u0baa\u0bcd\u0baa\u0bcb\u0bb2\u0bb5\u0bc1\u0bae\u0bcd, \u0b89\u0ba9\u0bcd \u0bae\u0bc2\u0b95\u0bcd\u0b95\u0bc1 \u0ba4\u0bae\u0bb8\u0bcd\u0b95\u0bc1\u0bb5\u0bbf\u0ba9\u0bcd \u0ba4\u0bbf\u0b9a\u0bc8\u0baf\u0bc8 \u0ba8\u0bcb\u0b95\u0bcd\u0b95\u0bc1\u0bae\u0bcd \u0bb2\u0bc0\u0baa\u0ba9\u0bcb\u0ba9\u0bbf\u0ba9\u0bcd \u0b95\u0bcb\u0baa\u0bc1\u0bb0\u0ba4\u0bcd\u0ba4\u0bc8\u0baa\u0bcd\u0baa\u0bcb\u0bb2\u0bb5\u0bc1\u0bae\u0bcd \u0b87\u0bb0\u0bc1\u0b95\u0bcd\u0b95\u0bbf\u0bb1\u0ba4\u0bc1."},{"Verseid":"21006004","Verse":"\u0b89\u0ba9\u0bcd \u0b9a\u0bbf\u0bb0\u0b9a\u0bc1 \u0b95\u0bb0\u0bcd\u0bae\u0bc7\u0bb2\u0bcd \u0bae\u0bb2\u0bc8\u0baf\u0bc8\u0baa\u0bcd\u0baa\u0bcb\u0bb2\u0bbf\u0bb0\u0bc1\u0b95\u0bcd\u0b95\u0bbf\u0bb1\u0ba4\u0bc1; \u0b89\u0ba9\u0bcd \u0ba4\u0bb2\u0bc8\u0bae\u0baf\u0bbf\u0bb0\u0bcd \u0b87\u0bb0\u0ba4\u0bcd\u0ba4\u0bbe\u0bae\u0bcd\u0baa\u0bb0\u0bae\u0baf\u0bae\u0bbe\u0baf\u0bbf\u0bb0\u0bc1\u0b95\u0bcd\u0b95\u0bbf\u0bb1\u0ba4\u0bc1; \u0bb0\u0bbe\u0b9c\u0bbe \u0ba8\u0b9f\u0bc8\u0b95\u0bbe\u0bb5\u0ba3\u0b99\u0bcd\u0b95\u0bb3\u0bbf\u0bb2\u0bcd \u0bae\u0baf\u0b99\u0bcd\u0b95\u0bbf\u0ba8\u0bbf\u0bb1\u0bcd\u0b95\u0bbf\u0bb1\u0bbe\u0bb0\u0bcd."},{"Verseid":"21006005","Verse":"\u0bae\u0ba9\u0bae\u0b95\u0bbf\u0bb4\u0bcd\u0b9a\u0bcd\u0b9a\u0bbf\u0baf\u0bc8 \u0b89\u0ba3\u0bcd\u0b9f\u0bbe\u0b95\u0bcd\u0b95\u0bc1\u0bae\u0bcd \u0b8e\u0ba9\u0bcd \u0baa\u0bbf\u0bb0\u0bbf\u0baf\u0bae\u0bc7! \u0ba8\u0bc0 \u0b8e\u0bb5\u0bcd\u0bb5\u0bb3\u0bb5\u0bc1 \u0bb0\u0bc2\u0baa\u0bb5\u0ba4\u0bbf, \u0ba8\u0bc0 \u0b8e\u0bb5\u0bcd\u0bb5\u0bb3\u0bb5\u0bc1 \u0b87\u0ba9\u0bcd\u0baa\u0bae\u0bc1\u0bb3\u0bcd\u0bb3\u0bb5\u0bb3\u0bcd."},{"Verseid":"21006006","Verse":"\u0b89\u0ba9\u0bcd \u0b89\u0baf\u0bb0\u0bae\u0bcd \u0baa\u0ba9\u0bc8\u0bae\u0bb0\u0ba4\u0bcd\u0ba4\u0bca\u0bb4\u0bc1\u0b99\u0bcd\u0b95\u0bc1\u0baa\u0bcb\u0bb2\u0bb5\u0bc1\u0bae\u0bcd, \u0b89\u0ba9\u0bcd \u0bb8\u0bcd\u0ba4\u0ba9\u0b99\u0bcd\u0b95\u0bb3\u0bcd \u0ba4\u0bbf\u0bb0\u0bbe\u0b9f\u0bcd\u0b9a\u0b95\u0bcd\u0b95\u0bc1\u0bb2\u0bc8\u0b95\u0bb3\u0bcd\u0baa\u0bcb\u0bb2\u0bb5\u0bc1\u0bae\u0bcd \u0b87\u0bb0\u0bc1\u0b95\u0bcd\u0b95\u0bbf\u0bb1\u0ba4\u0bc1."},{"Verseid":"21006007","Verse":"\u0ba8\u0bbe\u0ba9\u0bcd \u0baa\u0ba9\u0bc8\u0bae\u0bb0\u0ba4\u0bcd\u0ba4\u0bbf\u0bb2\u0bc7\u0bb1\u0bbf, \u0b85\u0ba4\u0bbf\u0ba9\u0bcd \u0bae\u0b9f\u0bb2\u0bcd\u0b95\u0bb3\u0bc8\u0baa\u0bcd \u0baa\u0bbf\u0b9f\u0bbf\u0baa\u0bcd\u0baa\u0bc7\u0ba9\u0bcd \u0b8e\u0ba9\u0bcd\u0bb1\u0bc7\u0ba9\u0bcd; \u0b87\u0baa\u0bcd\u0baa\u0bca\u0bb4\u0bc1\u0ba4\u0bc1\u0bae\u0bcd \u0b89\u0ba9\u0bcd \u0bb8\u0bcd\u0ba4\u0ba9\u0b99\u0bcd\u0b95\u0bb3\u0bcd \u0ba4\u0bbf\u0bb0\u0bbe\u0b9f\u0bcd\u0b9a\u0b95\u0bcd\u0b95\u0bc1\u0bb2\u0bc8\u0b95\u0bb3\u0bcd\u0baa\u0bcb\u0bb2\u0bb5\u0bc1\u0bae\u0bcd, \u0b89\u0ba9\u0bcd \u0bae\u0bc2\u0b95\u0bcd\u0b95\u0bbf\u0ba9\u0bcd \u0bb5\u0bbe\u0b9a\u0ba9\u0bc8 \u0b95\u0bbf\u0b9a\u0bcd\u0b9a\u0bbf\u0bb2\u0bbf\u0baa\u0bcd\u0baa\u0bb4\u0b99\u0bcd\u0b95\u0bb3\u0bcd\u0baa\u0bcb\u0bb2\u0bb5\u0bc1\u0bae\u0bcd \u0b87\u0bb0\u0bc1\u0b95\u0bcd\u0b95\u0bbf\u0bb1\u0ba4\u0bc1."},{"Verseid":"21006008","Verse":"\u0b89\u0ba9\u0bcd \u0ba4\u0bca\u0ba3\u0bcd\u0b9f\u0bc8, \u0b8e\u0ba9\u0bcd \u0ba8\u0bc7\u0b9a\u0bb0\u0bcd \u0b95\u0bc1\u0b9f\u0bbf\u0b95\u0bcd\u0b95\u0bc8\u0baf\u0bbf\u0bb2\u0bcd \u0bae\u0bc6\u0ba4\u0bc1\u0bb5\u0bbe\u0baf\u0bbf\u0bb1\u0b99\u0bcd\u0b95\u0bc1\u0b95\u0bbf\u0bb1\u0ba4\u0bc1\u0bae\u0bcd, \u0b89\u0bb1\u0b99\u0bcd\u0b95\u0bc1\u0b95\u0bbf\u0bb1\u0bb5\u0bb0\u0bcd\u0b95\u0bb3\u0bbf\u0ba9\u0bcd \u0b89\u0ba4\u0b9f\u0bc1\u0b95\u0bb3\u0bc8\u0baa\u0bcd \u0baa\u0bc7\u0b9a\u0baa\u0bcd\u0baa\u0ba3\u0bcd\u0ba3\u0bc1\u0b95\u0bbf\u0bb1\u0ba4\u0bc1\u0bae\u0bbe\u0ba9 \u0ba8\u0bb2\u0bcd\u0bb2 \u0ba4\u0bbf\u0bb0\u0bbe\u0b9f\u0bcd\u0b9a\u0bb0\u0b9a\u0ba4\u0bcd\u0ba4\u0bc8\u0baa\u0bcd\u0baa\u0bcb\u0bb2\u0bbf\u0bb0\u0bc1\u0b95\u0bcd\u0b95\u0bbf\u0bb1\u0ba4\u0bc1."},{"Verseid":"21006009","Verse":"\u0ba8\u0bbe\u0ba9\u0bcd \u0b8e\u0ba9\u0bcd \u0ba8\u0bc7\u0b9a\u0bb0\u0bc1\u0b9f\u0bc8\u0baf\u0bb5\u0bb3\u0bcd, \u0b85\u0bb5\u0bb0\u0bcd \u0baa\u0bbf\u0bb0\u0bbf\u0baf\u0bae\u0bcd \u0b8e\u0ba9\u0bcd\u0bae\u0bc7\u0bb2\u0bbf\u0bb0\u0bc1\u0b95\u0bcd\u0b95\u0bbf\u0bb1\u0ba4\u0bc1."},{"Verseid":"21006010","Verse":"\u0bb5\u0bbe\u0bb0\u0bc1\u0bae\u0bcd \u0b8e\u0ba9\u0bcd \u0ba8\u0bc7\u0b9a\u0bb0\u0bc7! \u0bb5\u0baf\u0bb2\u0bcd\u0bb5\u0bc6\u0bb3\u0bbf\u0baf\u0bbf\u0bb2\u0bcd \u0baa\u0bcb\u0baf\u0bcd, \u0b95\u0bbf\u0bb0\u0bbe\u0bae\u0b99\u0bcd\u0b95\u0bb3\u0bbf\u0bb2\u0bcd \u0ba4\u0b99\u0bcd\u0b95\u0bc1\u0bb5\u0bcb\u0bae\u0bcd."},{"Verseid":"21006011","Verse":"\u0b85\u0ba4\u0bbf\u0b95\u0bbe\u0bb2\u0bc8\u0baf\u0bbf\u0bb2\u0bc7 \u0ba4\u0bbf\u0bb0\u0bbe\u0b9f\u0bcd\u0b9a\u0ba4\u0bcd\u0ba4\u0bcb\u0b9f\u0bcd\u0b9f\u0b99\u0bcd\u0b95\u0bb3\u0bc1\u0b95\u0bcd\u0b95\u0bc1\u0baa\u0bcd \u0baa\u0bcb\u0bb5\u0bcb\u0bae\u0bcd; \u0ba4\u0bbf\u0bb0\u0bbe\u0b9f\u0bcd\u0b9a\u0b95\u0bcd\u0b95\u0bca\u0b9f\u0bbf \u0ba4\u0bc1\u0bb3\u0bbf\u0bb0\u0bcd\u0ba4\u0bcd\u0ba4\u0bc1 \u0b85\u0ba4\u0bbf\u0ba9\u0bcd \u0baa\u0bc2 \u0bae\u0bb2\u0bb0\u0bcd\u0ba8\u0bcd\u0ba4\u0ba4\u0bcb \u0b8e\u0ba9\u0bcd\u0bb1\u0bc1\u0bae\u0bcd, \u0bae\u0bbe\u0ba4\u0bb3\u0b9e\u0bcd\u0b9a\u0bc6\u0b9f\u0bbf\u0b95\u0bb3\u0bcd \u0baa\u0bc2\u0baa\u0bcd\u0baa\u0bc2\u0ba4\u0bcd\u0ba4\u0ba4\u0bcb \u0b8e\u0ba9\u0bcd\u0bb1\u0bc1\u0bae\u0bcd \u0baa\u0bbe\u0bb0\u0bcd\u0baa\u0bcd\u0baa\u0bcb\u0bae\u0bcd; \u0b85\u0b99\u0bcd\u0b95\u0bc7 \u0b8e\u0ba9\u0bcd \u0ba8\u0bc7\u0b9a\u0ba4\u0bcd\u0ba4\u0bbf\u0ba9\u0bcd \u0b89\u0b9a\u0bcd\u0b9a\u0bbf\u0ba4\u0b99\u0bcd\u0b95\u0bb3\u0bc8 \u0b89\u0bae\u0b95\u0bcd\u0b95\u0bc1\u0ba4\u0bcd \u0ba4\u0bb0\u0bc1\u0bb5\u0bc7\u0ba9\u0bcd."},{"Verseid":"21006012","Verse":"\u0ba4\u0bc2\u0ba4\u0bbe\u0baf\u0bc0\u0bae\u0bcd \u0baa\u0bb4\u0bae\u0bcd \u0bb5\u0bbe\u0b9a\u0ba9\u0bc8 \u0bb5\u0bc0\u0b9a\u0bc1\u0bae\u0bcd; \u0ba8\u0bae\u0ba4\u0bc1 \u0bb5\u0bbe\u0b9a\u0bb2\u0bcd\u0b95\u0bb3\u0ba3\u0bcd\u0b9f\u0bc8\u0baf\u0bbf\u0bb2\u0bc7 \u0baa\u0bc1\u0ba4\u0bbf\u0baf\u0bb5\u0bc8\u0b95\u0bb3\u0bc1\u0bae\u0bcd \u0baa\u0bb4\u0bc8\u0baf\u0bb5\u0bc8\u0b95\u0bb3\u0bc1\u0bae\u0bbe\u0ba9 \u0b9a\u0b95\u0bb2\u0bb5\u0bbf\u0ba4 \u0b85\u0bb0\u0bc1\u0bae\u0bc8\u0baf\u0bbe\u0ba9 \u0b95\u0ba9\u0bbf\u0b95\u0bb3\u0bc1\u0bae\u0bc1\u0ba3\u0bcd\u0b9f\u0bc1; \u0b8e\u0ba9\u0bcd \u0ba8\u0bc7\u0b9a\u0bb0\u0bc7! \u0b85\u0bb5\u0bc8\u0b95\u0bb3\u0bc8 \u0b89\u0bae\u0b95\u0bcd\u0b95\u0bc1 \u0bb5\u0bc8\u0ba4\u0bcd\u0ba4\u0bbf\u0bb0\u0bc1\u0b95\u0bcd\u0b95\u0bbf\u0bb1\u0bc7\u0ba9\u0bcd."}]},{"Verse":[{"Verseid":"21007000","Verse":"\u0b86, \u0ba8\u0bc0\u0bb0\u0bcd \u0b8e\u0ba9\u0bcd \u0ba4\u0bbe\u0baf\u0bbf\u0ba9\u0bcd \u0baa\u0bbe\u0bb2\u0bcd\u0b95\u0bc1\u0b9f\u0bbf\u0ba4\u0bcd\u0ba4 \u0b8e\u0ba9\u0bcd \u0b9a\u0b95\u0bcb\u0ba4\u0bb0\u0ba9\u0bc8\u0baa\u0bcd\u0baa\u0bcb\u0bb2\u0bbf\u0bb0\u0bc1\u0ba8\u0bcd\u0ba4\u0bc0\u0bb0\u0bbe\u0ba9\u0bbe\u0bb2\u0bcd, \u0ba8\u0bbe\u0ba9\u0bcd \u0b89\u0bae\u0bcd\u0bae\u0bc8 \u0bb5\u0bc6\u0bb3\u0bbf\u0baf\u0bbf\u0bb2\u0bc7 \u0b9a\u0ba8\u0bcd\u0ba4\u0bbf\u0ba4\u0bcd\u0ba4\u0bc1 \u0bae\u0bc1\u0ba4\u0bcd\u0ba4\u0bae\u0bbf\u0b9f\u0bc1\u0bb5\u0bc7\u0ba9\u0bcd; \u0b8e\u0ba9\u0bcd\u0ba9\u0bc8 \u0ba8\u0bbf\u0ba8\u0bcd\u0ba4\u0bbf\u0b95\u0bcd\u0b95\u0bb5\u0bc1\u0bae\u0bbe\u0b9f\u0bcd\u0b9f\u0bbe\u0bb0\u0bcd\u0b95\u0bb3\u0bcd."},{"Verseid":"21007001","Verse":"\u0ba8\u0bbe\u0ba9\u0bcd \u0b89\u0bae\u0bcd\u0bae\u0bc8\u0b95\u0bcd \u0b95\u0bc2\u0b9f\u0bcd\u0b9f\u0bbf\u0b95\u0bcd\u0b95\u0bca\u0ba3\u0bcd\u0b9f\u0bc1, \u0b8e\u0ba9\u0bcd \u0ba4\u0bbe\u0baf\u0bbf\u0ba9\u0bcd \u0bb5\u0bc0\u0b9f\u0bcd\u0b9f\u0bc1\u0b95\u0bcd\u0b95\u0bc1 \u0b85\u0bb4\u0bc8\u0ba4\u0bcd\u0ba4\u0bc1\u0b95\u0bcd\u0b95\u0bca\u0ba3\u0bcd\u0b9f\u0bc1\u0baa\u0bcb\u0bb5\u0bc7\u0ba9\u0bcd; \u0ba8\u0bc0\u0bb0\u0bcd \u0b8e\u0ba9\u0bcd\u0ba9\u0bc8\u0baa\u0bcd \u0baa\u0bcb\u0ba4\u0bbf\u0baa\u0bcd\u0baa\u0bc0\u0bb0\u0bcd, \u0b95\u0ba8\u0bcd\u0ba4\u0bb5\u0bb0\u0bcd\u0b95\u0bcd\u0b95\u0bae\u0bbf\u0b9f\u0bcd\u0b9f \u0ba4\u0bbf\u0bb0\u0bbe\u0b9f\u0bcd\u0b9a\u0bb0\u0b9a\u0ba4\u0bcd\u0ba4\u0bc8\u0baf\u0bc1\u0bae\u0bcd, \u0b8e\u0ba9\u0bcd \u0bae\u0bbe\u0ba4\u0bb3\u0bae\u0bcd\u0baa\u0bb4\u0bb0\u0b9a\u0ba4\u0bcd\u0ba4\u0bc8\u0baf\u0bc1\u0bae\u0bcd \u0b89\u0bae\u0b95\u0bcd\u0b95\u0bc1\u0b95\u0bcd \u0b95\u0bc1\u0b9f\u0bbf\u0b95\u0bcd\u0b95\u0b95\u0bcd\u0b95\u0bca\u0b9f\u0bc1\u0baa\u0bcd\u0baa\u0bc7\u0ba9\u0bcd."},{"Verseid":"21007002","Verse":"\u0b85\u0bb5\u0bb0\u0bcd \u0b87\u0b9f\u0ba4\u0bc1\u0b95\u0bc8 \u0b8e\u0ba9\u0bcd \u0ba4\u0bb2\u0bc8\u0baf\u0bbf\u0ba9\u0bcd \u0b95\u0bc0\u0bb4\u0bbf\u0bb0\u0bc1\u0b95\u0bcd\u0b95\u0bc1\u0bae\u0bcd, \u0b85\u0bb5\u0bb0\u0bcd \u0bb5\u0bb2\u0ba4\u0bc1\u0b95\u0bc8 \u0b8e\u0ba9\u0bcd\u0ba9\u0bc8 \u0b85\u0ba3\u0bc8\u0b95\u0bcd\u0b95\u0bc1\u0bae\u0bcd."},{"Verseid":"21007003","Verse":"\u0b8e\u0bb0\u0bc1\u0b9a\u0bb2\u0bc7\u0bae\u0bbf\u0ba9\u0bcd \u0b95\u0bc1\u0bae\u0bbe\u0bb0\u0ba4\u0bcd\u0ba4\u0bbf\u0b95\u0bb3\u0bc7! \u0b8e\u0ba9\u0b95\u0bcd\u0b95\u0bc1\u0baa\u0bcd \u0baa\u0bbf\u0bb0\u0bbf\u0baf\u0bae\u0bbe\u0ba9\u0bb5\u0bb3\u0bc1\u0b95\u0bcd\u0b95\u0bc1 \u0bae\u0ba9\u0ba4\u0bbe\u0b95\u0bc1\u0bae\u0b9f\u0bcd\u0b9f\u0bc1\u0bae\u0bcd \u0ba8\u0bc0\u0b99\u0bcd\u0b95\u0bb3\u0bcd \u0b85\u0bb5\u0bb3\u0bc8 \u0bb5\u0bbf\u0bb4\u0bbf\u0b95\u0bcd\u0b95\u0baa\u0bcd\u0baa\u0ba3\u0bcd\u0ba3\u0bbe\u0bae\u0bb2\u0bc1\u0bae\u0bcd \u0b8e\u0bb4\u0bc1\u0baa\u0bcd\u0baa\u0bbe\u0bae\u0bb2\u0bc1\u0bae\u0bcd \u0b87\u0bb0\u0bc1\u0b95\u0bcd\u0b95 \u0b89\u0b99\u0bcd\u0b95\u0bb3\u0bc8 \u0b86\u0ba3\u0bc8\u0baf\u0bbf\u0b9f\u0bc1\u0b95\u0bbf\u0bb1\u0bc7\u0ba9\u0bcd."},{"Verseid":"21007004","Verse":"\u0ba4\u0ba9\u0bcd \u0ba8\u0bc7\u0b9a\u0bb0\u0bcd\u0bae\u0bc7\u0bb2\u0bcd \u0b9a\u0bbe\u0bb0\u0bcd\u0ba8\u0bcd\u0ba4\u0bc1\u0b95\u0bca\u0ba3\u0bcd\u0b9f\u0bc1 \u0bb5\u0ba9\u0bbe\u0ba8\u0bcd\u0ba4\u0bb0\u0ba4\u0bcd\u0ba4\u0bbf\u0bb2\u0bbf\u0bb0\u0bc1\u0ba8\u0bcd\u0ba4\u0bc1 \u0bb5\u0bb0\u0bc1\u0b95\u0bbf\u0bb1 \u0b87\u0bb5\u0bb3\u0bcd \u0baf\u0bbe\u0bb0\u0bcd? \u0b95\u0bbf\u0b9a\u0bcd\u0b9a\u0bbf\u0bb2\u0bbf\u0bae\u0bb0\u0ba4\u0bcd\u0ba4\u0bbf\u0ba9\u0bcd \u0b95\u0bc0\u0bb4\u0bcd \u0b89\u0bae\u0bcd\u0bae\u0bc8 \u0b8e\u0bb4\u0bc1\u0baa\u0bcd\u0baa\u0bbf\u0ba9\u0bc7\u0ba9\u0bcd; \u0b85\u0b99\u0bcd\u0b95\u0bc7 \u0b89\u0bae\u0ba4\u0bc1 \u0ba4\u0bbe\u0baf\u0bcd \u0b89\u0bae\u0bcd\u0bae\u0bc8\u0baa\u0bcd \u0baa\u0bc6\u0bb1\u0bcd\u0bb1\u0bbe\u0bb3\u0bcd; \u0b85\u0b99\u0bcd\u0b95\u0bc7 \u0b89\u0bae\u0bcd\u0bae\u0bc8\u0baa\u0bcd \u0baa\u0bc6\u0bb1\u0bcd\u0bb1\u0bb5\u0bb3\u0bcd \u0bb5\u0bc7\u0ba4\u0ba9\u0bc8\u0baa\u0bcd\u0baa\u0b9f\u0bcd\u0b9f\u0bc1 \u0b89\u0bae\u0bcd\u0bae\u0bc8\u0baa\u0bcd \u0baa\u0bc6\u0bb1\u0bcd\u0bb1\u0bbe\u0bb3\u0bcd."},{"Verseid":"21007005","Verse":"\u0ba8\u0bc0\u0bb0\u0bcd \u0b8e\u0ba9\u0bcd\u0ba9\u0bc8 \u0b89\u0bae\u0ba4\u0bc1 \u0b87\u0bb0\u0bc1\u0ba4\u0baf\u0ba4\u0bcd\u0ba4\u0bbf\u0ba9\u0bcd\u0bae\u0bc7\u0bb2\u0bcd \u0bae\u0bc1\u0ba4\u0bcd\u0ba4\u0bbf\u0bb0\u0bc8\u0baf\u0bc8\u0baa\u0bcd\u0baa\u0bcb\u0bb2\u0bb5\u0bc1\u0bae\u0bcd, \u0b89\u0bae\u0ba4\u0bc1 \u0baa\u0bc1\u0baf\u0ba4\u0bcd\u0ba4\u0bbf\u0ba9\u0bcd\u0bae\u0bc7\u0bb2\u0bcd \u0bae\u0bc1\u0ba4\u0bcd\u0ba4\u0bbf\u0bb0\u0bc8\u0baf\u0bc8\u0baa\u0bcd\u0baa\u0bcb\u0bb2\u0bb5\u0bc1\u0bae\u0bcd \u0bb5\u0bc8\u0ba4\u0bcd\u0ba4\u0bc1\u0b95\u0bcd\u0b95\u0bca\u0bb3\u0bcd\u0bb3\u0bc1\u0bae\u0bcd; \u0ba8\u0bc7\u0b9a\u0bae\u0bcd \u0bae\u0bb0\u0ba3\u0ba4\u0bcd\u0ba4\u0bc8\u0baa\u0bcd\u0baa\u0bcb\u0bb2\u0bcd \u0bb5\u0bb2\u0bbf\u0ba4\u0bc1; \u0ba8\u0bc7\u0b9a\u0bb5\u0bc8\u0bb0\u0bbe\u0b95\u0bcd\u0b95\u0bbf\u0baf\u0bae\u0bcd \u0baa\u0bbe\u0ba4\u0bbe\u0bb3\u0ba4\u0bcd\u0ba4\u0bc8\u0baa\u0bcd\u0baa\u0bcb\u0bb2\u0bcd \u0b95\u0bca\u0b9f\u0bbf\u0ba4\u0bbe\u0baf\u0bbf\u0bb0\u0bc1\u0b95\u0bcd\u0b95\u0bbf\u0bb1\u0ba4\u0bc1; \u0b85\u0ba4\u0bbf\u0ba9\u0bcd \u0ba4\u0bb4\u0bb2\u0bcd \u0b85\u0b95\u0bcd\u0b95\u0bbf\u0ba9\u0bbf\u0ba4\u0bcd\u0ba4\u0bb4\u0bb2\u0bc1\u0bae\u0bcd \u0b85\u0ba4\u0bbf\u0ba9\u0bcd \u0b9c\u0bc1\u0bb5\u0bbe\u0bb2\u0bc8 \u0b95\u0b9f\u0bc1\u0bae\u0bcd \u0b9c\u0bc1\u0bb5\u0bbe\u0bb2\u0bc8\u0baf\u0bc1\u0bae\u0bbe\u0baf\u0bbf\u0bb0\u0bc1\u0b95\u0bcd\u0b95\u0bbf\u0bb1\u0ba4\u0bc1."},{"Verseid":"21007006","Verse":"\u0ba4\u0bbf\u0bb0\u0bb3\u0bbe\u0ba9 \u0ba4\u0ba3\u0bcd\u0ba3\u0bc0\u0bb0\u0bcd\u0b95\u0bb3\u0bcd \u0ba8\u0bc7\u0b9a\u0ba4\u0bcd\u0ba4\u0bc8 \u0b85\u0bb5\u0bbf\u0b95\u0bcd\u0b95\u0bae\u0bbe\u0b9f\u0bcd\u0b9f\u0bbe\u0ba4\u0bc1, \u0bb5\u0bc6\u0bb3\u0bcd\u0bb3\u0b99\u0bcd\u0b95\u0bb3\u0bc1\u0bae\u0bcd \u0b85\u0ba4\u0bc8\u0ba4\u0bcd \u0ba4\u0ba3\u0bbf\u0b95\u0bcd\u0b95\u0bae\u0bbe\u0b9f\u0bcd\u0b9f\u0bbe\u0ba4\u0bc1; \u0b92\u0bb0\u0bc1\u0bb5\u0ba9\u0bcd \u0ba4\u0ba9\u0bcd \u0bb5\u0bc0\u0b9f\u0bcd\u0b9f\u0bbf\u0bb2\u0bc1\u0bb3\u0bcd\u0bb3 \u0b86\u0bb8\u0bcd\u0ba4\u0bbf\u0b95\u0bb3\u0bc8\u0baf\u0bc6\u0bb2\u0bcd\u0bb2\u0bbe\u0bae\u0bcd \u0ba8\u0bc7\u0b9a\u0ba4\u0bcd\u0ba4\u0bc1\u0b95\u0bcd\u0b95\u0bbe\u0b95\u0b95\u0bcd \u0b95\u0bca\u0b9f\u0bc1\u0ba4\u0bcd\u0ba4\u0bbe\u0bb2\u0bc1\u0bae\u0bcd, \u0b85\u0ba4\u0bc1 \u0bae\u0bc1\u0bb1\u0bcd\u0bb1\u0bbf\u0bb2\u0bc1\u0bae\u0bcd \u0b85\u0b9a\u0b9f\u0bcd\u0b9f\u0bc8\u0baa\u0ba3\u0bcd\u0ba3\u0baa\u0bcd\u0baa\u0b9f\u0bc1\u0bae\u0bcd."},{"Verseid":"21007007","Verse":"\u0ba8\u0bae\u0b95\u0bcd\u0b95\u0bc1 \u0b92\u0bb0\u0bc1 \u0b9a\u0bbf\u0bb1\u0bbf\u0baf \u0b9a\u0b95\u0bcb\u0ba4\u0bb0\u0bbf\u0baf\u0bc1\u0ba3\u0bcd\u0b9f\u0bc1, \u0b85\u0bb5\u0bb3\u0bc1\u0b95\u0bcd\u0b95\u0bc1 \u0bb8\u0bcd\u0ba4\u0ba9\u0b99\u0bcd\u0b95\u0bb3\u0bbf\u0bb2\u0bcd\u0bb2\u0bc8; \u0ba8\u0bae\u0bcd\u0bae\u0bc1\u0b9f\u0bc8\u0baf \u0b9a\u0b95\u0bcb\u0ba4\u0bb0\u0bbf\u0baf\u0bc8\u0b95\u0bcd \u0b95\u0bc7\u0b9f\u0bcd\u0b95\u0bc1\u0bae\u0bcd\u0ba8\u0bbe\u0bb3\u0bbf\u0bb2\u0bcd \u0b85\u0bb5\u0bb3\u0bc1\u0b95\u0bcd\u0b95\u0bbe\u0b95 \u0ba8\u0bbe\u0bae\u0bcd \u0b8e\u0ba9\u0bcd\u0ba9 \u0b9a\u0bc6\u0baf\u0bcd\u0bb5\u0bcb\u0bae\u0bcd?"},{"Verseid":"21007008","Verse":"\u0b85\u0bb5\u0bb3\u0bcd \u0b92\u0bb0\u0bc1 \u0bae\u0ba4\u0bbf\u0bb2\u0bbe\u0ba9\u0bbe\u0bb2\u0bcd, \u0b85\u0ba4\u0bbf\u0ba9\u0bcd\u0bae\u0bc7\u0bb2\u0bcd \u0bb5\u0bc6\u0bb3\u0bcd\u0bb3\u0bbf\u0b95\u0bcd\u0b95\u0bcb\u0b9f\u0bcd\u0b9f\u0bc8\u0baf\u0bc8\u0b95\u0bcd \u0b95\u0b9f\u0bcd\u0b9f\u0bc1\u0bb5\u0bcb\u0bae\u0bcd; \u0b85\u0bb5\u0bb3\u0bcd \u0b95\u0ba4\u0bb5\u0bbe\u0ba9\u0bbe\u0bb2\u0bcd, \u0b95\u0bc7\u0ba4\u0bc1\u0bb0\u0bc1\u0baa\u0bcd\u0baa\u0bb2\u0b95\u0bc8\u0b95\u0bb3\u0bc8 \u0b85\u0ba4\u0bb1\u0bcd\u0b95\u0bc1 \u0b87\u0ba3\u0bc8\u0baa\u0bcd\u0baa\u0bcb\u0bae\u0bcd."},{"Verseid":"21007009","Verse":"\u0ba8\u0bbe\u0ba9\u0bcd \u0bae\u0ba4\u0bbf\u0bb2\u0bcd\u0ba4\u0bbe\u0ba9\u0bcd, \u0b8e\u0ba9\u0bcd \u0bb8\u0bcd\u0ba4\u0ba9\u0b99\u0bcd\u0b95\u0bb3\u0bcd \u0b95\u0bcb\u0baa\u0bc1\u0bb0\u0b99\u0bcd\u0b95\u0bb3\u0bcd; \u0b85\u0bb5\u0bb0\u0bc1\u0b9f\u0bc8\u0baf \u0b95\u0ba3\u0bcd\u0b95\u0bb3\u0bbf\u0bb2\u0bcd \u0b95\u0b9f\u0bbe\u0b9f\u0bcd\u0b9a\u0bae\u0bcd\u0baa\u0bc6\u0bb1\u0bb2\u0bbe\u0ba9\u0bc7\u0ba9\u0bcd."},{"Verseid":"21007010","Verse":"\u0baa\u0bbe\u0b95\u0bbe\u0bb2\u0bcd \u0b86\u0bae\u0bcb\u0ba9\u0bbf\u0bb2\u0bc7 \u0b9a\u0bbe\u0bb2\u0bca\u0bae\u0bcb\u0ba9\u0bc1\u0b95\u0bcd\u0b95\u0bc1 \u0b92\u0bb0\u0bc1 \u0ba4\u0bbf\u0bb0\u0bbe\u0b9f\u0bcd\u0b9a\u0ba4\u0bcd\u0ba4\u0bcb\u0b9f\u0bcd\u0b9f\u0bae\u0bcd \u0b89\u0ba3\u0bcd\u0b9f\u0bbe\u0baf\u0bbf\u0bb0\u0bc1\u0ba8\u0bcd\u0ba4\u0ba4\u0bc1, \u0b85\u0ba8\u0bcd\u0ba4\u0ba4\u0bcd \u0ba4\u0bcb\u0b9f\u0bcd\u0b9f\u0ba4\u0bcd\u0ba4\u0bc8\u0b95\u0bcd \u0b95\u0bbe\u0bb5\u0bb2\u0bbe\u0bb3\u0bbf\u0b95\u0bb3\u0bcd \u0bb5\u0b9a\u0ba4\u0bcd\u0ba4\u0bbf\u0bb2\u0bc7 \u0b85\u0ba4\u0bbf\u0ba9\u0bcd \u0baa\u0bb2\u0ba9\u0bc1\u0b95\u0bcd\u0b95\u0bbe\u0b95, \u0b92\u0bb5\u0bcd\u0bb5\u0bca\u0bb0\u0bc1\u0bb5\u0ba9\u0bcd \u0b86\u0baf\u0bbf\u0bb0\u0bae\u0bcd \u0bb5\u0bc6\u0bb3\u0bcd\u0bb3\u0bbf\u0b95\u0bcd\u0b95\u0bbe\u0b9a\u0bc1 \u0b95\u0bca\u0ba3\u0bcd\u0b9f\u0bc1\u0bb5\u0bb0\u0bc1\u0bae\u0bcd\u0baa\u0b9f\u0bbf \u0bb5\u0bbf\u0b9f\u0bcd\u0b9f\u0bbe\u0bb0\u0bcd."},{"Verseid":"21007011","Verse":"\u0b8e\u0ba9\u0bcd \u0ba4\u0bbf\u0bb0\u0bbe\u0b9f\u0bcd\u0b9a\u0ba4\u0bcd\u0ba4\u0bcb\u0b9f\u0bcd\u0b9f\u0bae\u0bcd \u0b8e\u0ba9\u0b95\u0bcd\u0b95\u0bc1 \u0bae\u0bc1\u0ba9\u0bcd\u0baa\u0bbe\u0b95 \u0b87\u0bb0\u0bc1\u0b95\u0bcd\u0b95\u0bbf\u0bb1\u0ba4\u0bc1; \u0b9a\u0bbe\u0bb2\u0bca\u0bae\u0bcb\u0ba9\u0bc7! \u0b89\u0bae\u0b95\u0bcd\u0b95\u0bc1 \u0b85\u0ba8\u0bcd\u0ba4 \u0b86\u0baf\u0bbf\u0bb0\u0bae\u0bc1\u0bae\u0bcd, \u0b85\u0ba4\u0bbf\u0ba9\u0bcd \u0b95\u0ba9\u0bbf\u0baf\u0bc8\u0b95\u0bcd \u0b95\u0bbe\u0b95\u0bcd\u0b95\u0bbf\u0bb1\u0bb5\u0bb0\u0bcd\u0b95\u0bb3\u0bc1\u0b95\u0bcd\u0b95\u0bc1 \u0b87\u0bb0\u0bc1\u0ba8\u0bc2\u0bb1\u0bc1\u0bae\u0bcd \u0b9a\u0bc7\u0bb0\u0bc1\u0bae\u0bcd."},{"Verseid":"21007012","Verse":"\u0ba4\u0bcb\u0b9f\u0bcd\u0b9f\u0b99\u0bcd\u0b95\u0bb3\u0bbf\u0bb2\u0bcd \u0bb5\u0bbe\u0b9a\u0bae\u0bcd\u0baa\u0ba3\u0bcd\u0ba3\u0bc1\u0b95\u0bbf\u0bb1\u0bb5\u0bb3\u0bc7! \u0ba4\u0bcb\u0bb4\u0bb0\u0bcd \u0b89\u0ba9\u0bcd \u0b9a\u0ba4\u0bcd\u0ba4\u0ba4\u0bcd\u0ba4\u0bc8\u0b95\u0bcd \u0b95\u0bc7\u0b9f\u0bcd\u0b95\u0bbf\u0bb1\u0bbe\u0bb0\u0bcd\u0b95\u0bb3\u0bcd; \u0ba8\u0bbe\u0ba9\u0bc1\u0bae\u0bcd \u0b85\u0ba4\u0bc8\u0b95\u0bcd \u0b95\u0bc7\u0b9f\u0bcd\u0b95\u0b9f\u0bcd\u0b9f\u0bc1\u0bae\u0bcd."},{"Verseid":"21007013","Verse":"\u0b8e\u0ba9\u0bcd \u0ba8\u0bc7\u0b9a\u0bb0\u0bc7! \u0ba4\u0bc0\u0bb5\u0bbf\u0bb0\u0bbf\u0baf\u0bc1\u0bae\u0bcd, \u0b95\u0ba8\u0bcd\u0ba4\u0bb5\u0bb0\u0bcd\u0b95\u0bcd\u0b95\u0b99\u0bcd\u0b95\u0bb3\u0bbf\u0ba9\u0bcd \u0bae\u0bb2\u0bc8\u0b95\u0bb3\u0bcd\u0bae\u0bc7\u0bb2\u0bc1\u0bb3\u0bcd\u0bb3 \u0bb5\u0bc6\u0bb3\u0bbf\u0bae\u0bbe\u0ba9\u0bc1\u0b95\u0bcd\u0b95\u0bc1\u0bae\u0bcd \u0bae\u0bb0\u0bc8\u0b95\u0bb3\u0bbf\u0ba9\u0bcd \u0b95\u0bc1\u0b9f\u0bcd\u0b9f\u0bbf\u0b95\u0bcd\u0b95\u0bc1\u0bae\u0bcd \u0b9a\u0bae\u0bbe\u0ba9\u0bae\u0bbe\u0baf\u0bbf\u0bb0\u0bc1\u0bae\u0bcd."}]}]}