{"Chapter":[{"Verse":[{"Verseid":"28000000","Verse":"\u0baa\u0bc6\u0ba4\u0bcd\u0ba4\u0bc1\u0bb5\u0bc7\u0bb2\u0bbf\u0ba9\u0bcd \u0b95\u0bc1\u0bae\u0bbe\u0bb0\u0ba9\u0bbe\u0b95\u0bbf\u0baf \u0baf\u0bcb\u0bb5\u0bc7\u0bb2\u0bc1\u0b95\u0bcd\u0b95\u0bc1 \u0b89\u0ba3\u0bcd\u0b9f\u0bbe\u0ba9 \u0b95\u0bb0\u0bcd\u0ba4\u0bcd\u0ba4\u0bb0\u0bc1\u0b9f\u0bc8\u0baf \u0bb5\u0b9a\u0ba9\u0bae\u0bcd."},{"Verseid":"28000001","Verse":"\u0bae\u0bc1\u0ba4\u0bbf\u0baf\u0bcb\u0bb0\u0bc7, \u0b87\u0ba4\u0bc8\u0b95\u0bcd \u0b95\u0bc7\u0bb3\u0bc1\u0b99\u0bcd\u0b95\u0bb3\u0bcd; \u0ba4\u0bc7\u0b9a\u0ba4\u0bcd\u0ba4\u0bbf\u0ba9\u0bcd \u0b9a\u0b95\u0bb2 \u0b95\u0bc1\u0b9f\u0bbf\u0b95\u0bb3\u0bc7, \u0b9a\u0bc6\u0bb5\u0bbf\u0b95\u0bca\u0b9f\u0bc1\u0b99\u0bcd\u0b95\u0bb3\u0bcd; \u0b89\u0b99\u0bcd\u0b95\u0bb3\u0bcd \u0ba8\u0bbe\u0b9f\u0bcd\u0b95\u0bb3\u0bbf\u0bb2\u0bbe\u0bb5\u0ba4\u0bc1 \u0b89\u0b99\u0bcd\u0b95\u0bb3\u0bcd \u0baa\u0bbf\u0ba4\u0bbe\u0b95\u0bcd\u0b95\u0bb3\u0bbf\u0ba9\u0bcd \u0ba8\u0bbe\u0b9f\u0bcd\u0b95\u0bb3\u0bbf\u0bb2\u0bbe\u0bb5\u0ba4\u0bc1 \u0b87\u0baa\u0bcd\u0baa\u0b9f\u0bbf\u0baa\u0bcd\u0baa\u0b9f\u0bcd\u0b9f\u0ba4\u0bc1 \u0b9a\u0bae\u0bcd\u0baa\u0bb5\u0bbf\u0ba4\u0bcd\u0ba4\u0ba4\u0bc1\u0ba3\u0bcd\u0b9f\u0bbe?"},{"Verseid":"28000002","Verse":"\u0b87\u0ba4\u0bbf\u0ba9\u0bcd \u0b9a\u0bc6\u0baf\u0bcd\u0ba4\u0bbf\u0baf\u0bc8 \u0b89\u0b99\u0bcd\u0b95\u0bb3\u0bcd \u0baa\u0bbf\u0bb3\u0bcd\u0bb3\u0bc8\u0b95\u0bb3\u0bc1\u0b95\u0bcd\u0b95\u0bc1\u0ba4\u0bcd \u0ba4\u0bc6\u0bb0\u0bbf\u0bb5\u0bbf\u0baf\u0bc1\u0b99\u0bcd\u0b95\u0bb3\u0bcd; \u0b87\u0ba4\u0bc8 \u0b89\u0b99\u0bcd\u0b95\u0bb3\u0bcd \u0baa\u0bbf\u0bb3\u0bcd\u0bb3\u0bc8\u0b95\u0bb3\u0bcd \u0ba4\u0b99\u0bcd\u0b95\u0bb3\u0bcd \u0baa\u0bbf\u0bb3\u0bcd\u0bb3\u0bc8\u0b95\u0bb3\u0bc1\u0b95\u0bcd\u0b95\u0bc1\u0bae\u0bcd, \u0b85\u0bb5\u0bb0\u0bcd\u0b95\u0bb3\u0bcd \u0ba4\u0b99\u0bcd\u0b95\u0bb3\u0bcd \u0baa\u0bbf\u0bb3\u0bcd\u0bb3\u0bc8\u0b95\u0bb3\u0bc1\u0b95\u0bcd\u0b95\u0bc1\u0bae\u0bcd \u0b9a\u0ba8\u0bcd\u0ba4\u0ba4\u0bbf\u0baf\u0bbe\u0bb0\u0bc1\u0b95\u0bcd\u0b95\u0bc1\u0bae\u0bcd \u0ba4\u0bc6\u0bb0\u0bbf\u0bb5\u0bbf\u0b95\u0bcd\u0b95\u0b95\u0bcd\u0b95\u0b9f\u0bb5\u0bb0\u0bcd\u0b95\u0bb3\u0bcd."},{"Verseid":"28000003","Verse":"\u0baa\u0b9a\u0bcd\u0b9a\u0bc8\u0baa\u0bcd\u0baa\u0bc1\u0bb4\u0bc1 \u0bb5\u0bbf\u0b9f\u0bcd\u0b9f\u0ba4\u0bc8 \u0bb5\u0bc6\u0b9f\u0bcd\u0b9f\u0bc1\u0b95\u0bcd\u0b95\u0bbf\u0bb3\u0bbf \u0ba4\u0bbf\u0ba9\u0bcd\u0bb1\u0ba4\u0bc1; \u0bb5\u0bc6\u0b9f\u0bcd\u0b9f\u0bc1\u0b95\u0bcd\u0b95\u0bbf\u0bb3\u0bbf \u0bb5\u0bbf\u0b9f\u0bcd\u0b9f\u0ba4\u0bc8\u0baa\u0bcd \u0baa\u0b9a\u0bcd\u0b9a\u0bc8\u0b95\u0bcd\u0b95\u0bbf\u0bb3\u0bbf \u0ba4\u0bbf\u0ba9\u0bcd\u0bb1\u0ba4\u0bc1; \u0baa\u0b9a\u0bcd\u0b9a\u0bc8\u0b95\u0bcd\u0b95\u0bbf\u0bb3\u0bbf \u0bb5\u0bbf\u0b9f\u0bcd\u0b9f\u0ba4\u0bc8 \u0bae\u0bc1\u0b9a\u0bc1\u0b95\u0bcd\u0b95\u0b9f\u0bcd\u0b9f\u0bc8\u0baa\u0bcd\u0baa\u0bc2\u0b9a\u0bcd\u0b9a\u0bbf \u0ba4\u0bbf\u0ba9\u0bcd\u0bb1\u0ba4\u0bc1."},{"Verseid":"28000004","Verse":"\u0bb5\u0bc6\u0bb1\u0bbf\u0baf\u0bb0\u0bc7 \u0bb5\u0bbf\u0bb4\u0bbf\u0ba4\u0bcd\u0ba4\u0bc1 \u0b8e\u0bb4\u0bc1\u0b99\u0bcd\u0b95\u0bb3\u0bcd; \u0ba4\u0bbf\u0bb0\u0bbe\u0b9f\u0bcd\u0b9a\u0bb0\u0b9a\u0bae\u0bcd \u0b95\u0bc1\u0b9f\u0bbf\u0b95\u0bcd\u0b95\u0bbf\u0bb1 \u0b9a\u0b95\u0bb2 \u0b9c\u0ba9\u0b99\u0bcd\u0b95\u0bb3\u0bc7, \u0baa\u0bc1\u0ba4\u0bc1 \u0ba4\u0bbf\u0bb0\u0bbe\u0b9f\u0bcd\u0b9a\u0bb0\u0b9a\u0ba4\u0bcd\u0ba4\u0bbf\u0ba9\u0bbf\u0bae\u0bbf\u0ba4\u0bcd\u0ba4\u0bae\u0bcd \u0b85\u0bb2\u0bb1\u0bc1\u0b99\u0bcd\u0b95\u0bb3\u0bcd; \u0b85\u0ba4\u0bc1 \u0b89\u0b99\u0bcd\u0b95\u0bb3\u0bcd \u0bb5\u0bbe\u0baf\u0bbf\u0ba9\u0bbf\u0ba9\u0bcd\u0bb1\u0bc1 \u0bb5\u0bbf\u0bb2\u0b95\u0bcd\u0b95\u0baa\u0bcd\u0baa\u0b9f\u0bcd\u0b9f\u0ba4\u0bc1."},{"Verseid":"28000005","Verse":"\u0b8e\u0ba3\u0bcd\u0ba3\u0bbf\u0bae\u0bc1\u0b9f\u0bbf\u0baf\u0bbe\u0ba4 \u0b92\u0bb0\u0bc1 \u0baa\u0bb2\u0ba4\u0bcd\u0ba4 \u0b9c\u0bbe\u0ba4\u0bbf \u0b89\u0ba9\u0bcd \u0ba4\u0bc7\u0b9a\u0ba4\u0bcd\u0ba4\u0bbf\u0ba9\u0bcd\u0bae\u0bc7\u0bb2\u0bcd \u0bb5\u0bb0\u0bc1\u0b95\u0bbf\u0bb1\u0ba4\u0bc1; \u0b85\u0ba4\u0bbf\u0ba9\u0bcd \u0baa\u0bb1\u0bcd\u0b95\u0bb3\u0bcd \u0b9a\u0bbf\u0b99\u0bcd\u0b95\u0ba4\u0bcd\u0ba4\u0bbf\u0ba9\u0bcd \u0baa\u0bb1\u0bcd\u0b95\u0bb3\u0bcd; \u0ba4\u0bc1\u0bb7\u0bcd\u0b9f \u0b9a\u0bbf\u0b99\u0bcd\u0b95\u0ba4\u0bcd\u0ba4\u0bbf\u0ba9\u0bcd \u0b95\u0b9f\u0bc8\u0bb5\u0bbe\u0baf\u0bcd\u0baa\u0bcd\u0baa\u0bb1\u0bcd\u0b95\u0bb3\u0bcd \u0b85\u0ba4\u0bb1\u0bcd\u0b95\u0bc1 \u0b89\u0ba3\u0bcd\u0b9f\u0bc1."},{"Verseid":"28000006","Verse":"\u0b8e\u0ba9\u0bcd \u0ba4\u0bbf\u0bb0\u0bbe\u0b9f\u0bcd\u0b9a\u0b9a\u0bcd\u0b9a\u0bc6\u0b9f\u0bbf\u0baf\u0bc8 \u0b85\u0bb4\u0bbf\u0ba4\u0bcd\u0ba4\u0bc1, \u0b8e\u0ba9\u0bcd \u0b85\u0ba4\u0bcd\u0ba4\u0bbf\u0bae\u0bb0\u0ba4\u0bcd\u0ba4\u0bc8 \u0b89\u0bb0\u0bbf\u0ba4\u0bcd\u0ba4\u0bc1, \u0b85\u0ba4\u0bbf\u0ba9\u0bcd \u0baa\u0b9f\u0bcd\u0b9f\u0bc8\u0baf\u0bc8 \u0bae\u0bc1\u0bb1\u0bcd\u0bb1\u0bbf\u0bb2\u0bc1\u0bae\u0bcd \u0ba4\u0bbf\u0ba9\u0bcd\u0bb1\u0bc1\u0baa\u0bcb\u0b9f\u0bcd\u0b9f\u0ba4\u0bc1; \u0b85\u0ba4\u0bbf\u0ba9\u0bcd \u0b95\u0bbf\u0bb3\u0bc8\u0b95\u0bb3\u0bcd \u0bb5\u0bc6\u0ba3\u0bcd\u0bae\u0bc8\u0baf\u0bbe\u0bb1\u0bcd\u0bb1\u0bc1."},{"Verseid":"28000007","Verse":"\u0ba4\u0ba9\u0bcd \u0baa\u0bbe\u0bb2\u0bbf\u0baf\u0bb5\u0baf\u0ba4\u0bbf\u0ba9\u0bcd \u0baa\u0bc1\u0bb0\u0bc1\u0bb7\u0ba9\u0bc1\u0b95\u0bcd\u0b95\u0bbe\u0b95 \u0b87\u0bb0\u0b9f\u0bcd\u0b9f\u0bc1\u0b9f\u0bc1\u0ba4\u0bcd\u0ba4\u0bbf\u0baf\u0bbf\u0bb0\u0bc1\u0b95\u0bcd\u0b95\u0bbf\u0bb1 \u0baa\u0bc6\u0ba3\u0bcd\u0ba3\u0bc8\u0baa\u0bcd\u0baa\u0bcb\u0bb2\u0baa\u0bcd \u0baa\u0bc1\u0bb2\u0bae\u0bcd\u0baa\u0bc1."},{"Verseid":"28000008","Verse":"\u0baa\u0bcb\u0b9c\u0ba9\u0baa\u0bb2\u0bbf\u0baf\u0bc1\u0bae\u0bcd \u0baa\u0bbe\u0ba9\u0baa\u0bb2\u0bbf\u0baf\u0bc1\u0bae\u0bcd \u0b95\u0bb0\u0bcd\u0ba4\u0bcd\u0ba4\u0bb0\u0bc1\u0b9f\u0bc8\u0baf \u0b86\u0bb2\u0baf\u0ba4\u0bcd\u0ba4\u0bc8 \u0bb5\u0bbf\u0b9f\u0bcd\u0b9f\u0bc1 \u0b85\u0bb1\u0bcd\u0bb1\u0bc1\u0baa\u0bcd\u0baa\u0bcb\u0baf\u0bbf\u0ba9; \u0b95\u0bb0\u0bcd\u0ba4\u0bcd\u0ba4\u0bb0\u0bbf\u0ba9\u0bcd \u0b8a\u0bb4\u0bbf\u0baf\u0b95\u0bcd\u0b95\u0bbe\u0bb0\u0bb0\u0bbe\u0b95\u0bbf\u0baf \u0b86\u0b9a\u0bbe\u0bb0\u0bbf\u0baf\u0bb0\u0bcd\u0b95\u0bb3\u0bcd \u0ba4\u0bc1\u0b95\u0bcd\u0b95\u0bbf\u0b95\u0bcd\u0b95\u0bbf\u0bb1\u0bbe\u0bb0\u0bcd\u0b95\u0bb3\u0bcd."},{"Verseid":"28000009","Verse":"\u0bb5\u0baf\u0bb2\u0bcd\u0bb5\u0bc6\u0bb3\u0bbf \u0baa\u0bbe\u0bb4\u0bbe\u0baf\u0bbf\u0bb1\u0bcd\u0bb1\u0bc1, \u0baa\u0bc2\u0bae\u0bbf \u0ba4\u0bc1\u0b95\u0bcd\u0b95\u0b99\u0bcd\u0b95\u0bca\u0ba3\u0bcd\u0b9f\u0bbe\u0b9f\u0bc1\u0b95\u0bbf\u0bb1\u0ba4\u0bc1; \u0bb5\u0bbf\u0bb3\u0bc8\u0b9a\u0bcd\u0b9a\u0bb2\u0bcd \u0b85\u0bb4\u0bbf\u0b95\u0bcd\u0b95\u0baa\u0bcd\u0baa\u0b9f\u0bcd\u0b9f\u0ba4\u0bc1; \u0baa\u0bc1\u0ba4\u0bc1 \u0ba4\u0bbf\u0bb0\u0bbe\u0b9f\u0bcd\u0b9a\u0bb0\u0b9a\u0bae\u0bcd \u0bb5\u0bb1\u0bcd\u0bb1\u0bbf\u0baa\u0bcd\u0baa\u0bcb\u0baf\u0bbf\u0bb1\u0bcd\u0bb1\u0bc1; \u0b8e\u0ba3\u0bcd\u0ba3\u0bc6\u0baf\u0bcd \u0bae\u0bbe\u0ba3\u0bcd\u0b9f\u0bc1\u0baa\u0bcb\u0baf\u0bbf\u0bb1\u0bcd\u0bb1\u0bc1."},{"Verseid":"28000010","Verse":"\u0baa\u0baf\u0bbf\u0bb0\u0bbf\u0b9f\u0bc1\u0b99\u0bcd \u0b95\u0bc1\u0b9f\u0bbf\u0b95\u0bb3\u0bc7, \u0bb5\u0bc6\u0b9f\u0bcd\u0b95\u0baa\u0bcd\u0baa\u0b9f\u0bc1\u0b99\u0bcd\u0b95\u0bb3\u0bcd; \u0b95\u0bcb\u0ba4\u0bc1\u0bae\u0bc8\u0baf\u0bc1\u0bae\u0bcd \u0bb5\u0bbe\u0bb1\u0bcd\u0b95\u0bcb\u0ba4\u0bc1\u0bae\u0bc8\u0baf\u0bc1\u0bae\u0bcd \u0b87\u0bb2\u0bcd\u0bb2\u0bbe\u0bae\u0bb1\u0bcd\u0baa\u0bcb\u0baf\u0bbf\u0bb1\u0bcd\u0bb1\u0bc1; \u0ba4\u0bbf\u0bb0\u0bbe\u0b9f\u0bcd\u0b9a\u0ba4\u0bcd\u0ba4\u0bcb\u0b9f\u0bcd\u0b9f\u0b95\u0bcd\u0b95\u0bbe\u0bb0\u0bb0\u0bc7, \u0b85\u0bb2\u0bb1\u0bc1\u0b99\u0bcd\u0b95\u0bb3\u0bcd; \u0bb5\u0baf\u0bb2\u0bcd\u0bb5\u0bc6\u0bb3\u0bbf\u0baf\u0bbf\u0ba9\u0bcd \u0b85\u0bb1\u0bc1\u0baa\u0bcd\u0baa\u0bc1 \u0b85\u0bb4\u0bbf\u0ba8\u0bcd\u0ba4\u0bc1\u0baa\u0bcb\u0baf\u0bbf\u0bb1\u0bcd\u0bb1\u0bc1."},{"Verseid":"28000011","Verse":"\u0ba4\u0bbf\u0bb0\u0bbe\u0b9f\u0bcd\u0b9a\u0b9a\u0bcd\u0b9a\u0bc6\u0b9f\u0bbf \u0bb5\u0ba4\u0b99\u0bcd\u0b95\u0bbf, \u0b85\u0ba4\u0bcd\u0ba4\u0bbf\u0bae\u0bb0\u0bae\u0bcd \u0b9a\u0bbe\u0bb0\u0bae\u0bb1\u0bcd\u0bb1\u0bc1\u0baa\u0bcd\u0baa\u0bcb\u0b95\u0bbf\u0bb1\u0ba4\u0bc1; \u0bae\u0bbe\u0ba4\u0bb3\u0bc8, \u0baa\u0bc7\u0bb0\u0bc0\u0b9a\u0bcd\u0b9a\u0bae\u0bcd, \u0b95\u0bbf\u0b9a\u0bcd\u0b9a\u0bb2\u0bbf \u0bae\u0bc1\u0ba4\u0bb2\u0bbf\u0baf \u0bb5\u0bc6\u0bb3\u0bbf\u0baf\u0bbf\u0ba9\u0bcd \u0b9a\u0bc6\u0b9f\u0bbf\u0b95\u0bb3\u0bcd \u0b8e\u0bb2\u0bcd\u0bb2\u0bbe\u0bae\u0bcd \u0bb5\u0bbe\u0b9f\u0bbf\u0baa\u0bcd\u0baa\u0bcb\u0baf\u0bbf\u0ba9; \u0b9a\u0ba8\u0bcd\u0ba4\u0bcb\u0bb7\u0bae\u0bcd \u0bae\u0ba9\u0bc1\u0baa\u0bc1\u0ba4\u0bcd\u0ba4\u0bbf\u0bb0\u0bb0\u0bc8\u0bb5\u0bbf\u0b9f\u0bcd\u0b9f\u0bc1 \u0b92\u0bb4\u0bbf\u0ba8\u0bcd\u0ba4\u0bc1\u0baa\u0bcb\u0baf\u0bbf\u0bb1\u0bcd\u0bb1\u0bc1"},{"Verseid":"28000012","Verse":"\u0b86\u0b9a\u0bbe\u0bb0\u0bbf\u0baf\u0bb0\u0bcd\u0b95\u0bb3\u0bc7, \u0b87\u0bb0\u0b9f\u0bcd\u0b9f\u0bc1\u0b9f\u0bc1\u0ba4\u0bcd\u0ba4\u0bbf\u0baa\u0bcd \u0baa\u0bc1\u0bb2\u0bae\u0bcd\u0baa\u0bc1\u0b99\u0bcd\u0b95\u0bb3\u0bcd; \u0baa\u0bb2\u0bbf\u0baa\u0bc0\u0b9f\u0ba4\u0bcd\u0ba4\u0bbf\u0ba9\u0bcd \u0baa\u0ba3\u0bbf\u0bb5\u0bbf\u0b9f\u0bc8\u0b95\u0bcd\u0b95\u0bbe\u0bb0\u0bb0\u0bc7, \u0b85\u0bb2\u0bb1\u0bc1\u0b99\u0bcd\u0b95\u0bb3\u0bcd; \u0b8e\u0ba9\u0bcd \u0ba4\u0bc7\u0bb5\u0ba9\u0bc1\u0b9f\u0bc8\u0baf \u0ba4\u0bca\u0ba3\u0bcd\u0b9f\u0bb0\u0bc7, \u0ba8\u0bc0\u0b99\u0bcd\u0b95\u0bb3\u0bcd \u0b89\u0bb3\u0bcd\u0bb3\u0bc7 \u0baa\u0bbf\u0bb0\u0bb5\u0bc7\u0b9a\u0bbf\u0ba4\u0bcd\u0ba4\u0bc1 \u0b87\u0bb0\u0b9f\u0bcd\u0b9f\u0bc1\u0b9f\u0bc1\u0ba4\u0bcd\u0ba4\u0bb5\u0bb0\u0bcd\u0b95\u0bb3\u0bbe\u0baf\u0bcd \u0b87\u0bb0\u0bbe\u0ba4\u0bcd\u0ba4\u0b99\u0bcd\u0b95\u0bc1\u0b99\u0bcd\u0b95\u0bb3\u0bcd. \u0b89\u0b99\u0bcd\u0b95\u0bb3\u0bcd \u0ba4\u0bc7\u0bb5\u0ba9\u0bc1\u0b9f\u0bc8\u0baf \u0b86\u0bb2\u0baf\u0ba4\u0bcd\u0ba4\u0bbf\u0bb2\u0bcd \u0baa\u0bcb\u0b9c\u0ba9\u0baa\u0bb2\u0bbf\u0baf\u0bc1\u0bae\u0bcd \u0baa\u0bbe\u0ba9\u0baa\u0bb2\u0bbf\u0baf\u0bc1\u0bae\u0bcd \u0b9a\u0bc6\u0bb2\u0bc1\u0ba4\u0bcd\u0ba4\u0baa\u0bcd\u0baa\u0b9f\u0bbe\u0bae\u0bb2\u0bcd \u0ba8\u0bbf\u0bb1\u0bc1\u0ba4\u0bcd\u0ba4\u0baa\u0bcd\u0baa\u0b9f\u0bcd\u0b9f\u0ba4\u0bc1."},{"Verseid":"28000013","Verse":"\u0baa\u0bb0\u0bbf\u0b9a\u0bc1\u0ba4\u0bcd\u0ba4 \u0b89\u0baa\u0bb5\u0bbe\u0b9a\u0ba8\u0bbe\u0bb3\u0bc8 \u0ba8\u0bbf\u0baf\u0bae\u0bbf\u0baf\u0bc1\u0b99\u0bcd\u0b95\u0bb3\u0bcd; \u0bb5\u0bbf\u0b9a\u0bc7\u0bb7\u0bbf\u0ba4\u0bcd\u0ba4 \u0b86\u0b9a\u0bb0\u0bbf\u0baa\u0bcd\u0baa\u0bc8\u0b95\u0bcd \u0b95\u0bc2\u0bb1\u0bc1\u0b99\u0bcd\u0b95\u0bb3\u0bcd; \u0bae\u0bc2\u0baa\u0bcd\u0baa\u0bb0\u0bc8\u0baf\u0bc1\u0bae\u0bcd \u0ba4\u0bc7\u0b9a\u0ba4\u0bcd\u0ba4\u0bbf\u0ba9\u0bcd \u0b8e\u0bb2\u0bcd\u0bb2\u0bbe\u0b95\u0bcd\u0b95\u0bc1\u0b9f\u0bbf\u0b95\u0bb3\u0bc8\u0baf\u0bc1\u0bae\u0bcd \u0b89\u0b99\u0bcd\u0b95\u0bb3\u0bcd \u0ba4\u0bc7\u0bb5\u0ba9\u0bbe\u0b95\u0bbf\u0baf \u0b95\u0bb0\u0bcd\u0ba4\u0bcd\u0ba4\u0bb0\u0bbf\u0ba9\u0bcd \u0b86\u0bb2\u0baf\u0ba4\u0bcd\u0ba4\u0bbf\u0bb2\u0bc7 \u0b95\u0bc2\u0b9f\u0bbf\u0bb5\u0bb0\u0b9a\u0bcd\u0b9a\u0bc6\u0baf\u0bcd\u0ba4\u0bc1 \u0b95\u0bb0\u0bcd\u0ba4\u0bcd\u0ba4\u0bb0\u0bc8 \u0ba8\u0bcb\u0b95\u0bcd\u0b95\u0bbf\u0b95\u0bcd \u0b95\u0bc2\u0baa\u0bcd\u0baa\u0bbf\u0b9f\u0bc1\u0b99\u0bcd\u0b95\u0bb3\u0bcd."},{"Verseid":"28000014","Verse":"\u0b85\u0ba8\u0bcd\u0ba4 \u0ba8\u0bbe\u0bb3\u0bbf\u0ba9\u0bbf\u0bae\u0bbf\u0ba4\u0bcd\u0ba4\u0bae\u0bcd \u0b90\u0baf\u0bcb! \u0b95\u0bb0\u0bcd\u0ba4\u0bcd\u0ba4\u0bb0\u0bc1\u0b9f\u0bc8\u0baf \u0ba8\u0bbe\u0bb3\u0bcd \u0b9a\u0bae\u0bc0\u0baa\u0bae\u0bbe\u0baf\u0bbf\u0bb0\u0bc1\u0b95\u0bcd\u0b95\u0bbf\u0bb1\u0ba4\u0bc1; \u0b85\u0ba4\u0bc1 \u0b9a\u0b99\u0bcd\u0b95\u0bbe\u0bb0\u0bae\u0bcd\u0baa\u0bcb\u0bb2 \u0b9a\u0bb0\u0bcd\u0bb5\u0bb5\u0bb2\u0bcd\u0bb2\u0bb5\u0bb0\u0bbf\u0b9f\u0ba4\u0bcd\u0ba4\u0bbf\u0bb2\u0bbf\u0bb0\u0bc1\u0ba8\u0bcd\u0ba4\u0bc1 \u0bb5\u0bb0\u0bc1\u0b95\u0bbf\u0bb1\u0ba4\u0bc1."},{"Verseid":"28000015","Verse":"\u0ba8\u0bae\u0bcd\u0bae\u0bc1\u0b9f\u0bc8\u0baf \u0b95\u0ba3\u0bcd\u0b95\u0bb3\u0bc8\u0bb5\u0bbf\u0b9f\u0bcd\u0b9f\u0bc1 \u0b86\u0b95\u0bbe\u0bb0\u0bae\u0bc1\u0bae\u0bcd, \u0ba8\u0bae\u0bcd\u0bae\u0bc1\u0b9f\u0bc8\u0baf \u0ba4\u0bc7\u0bb5\u0ba9\u0bbf\u0ba9\u0bcd \u0b86\u0bb2\u0baf\u0ba4\u0bcd\u0ba4\u0bc8\u0bb5\u0bbf\u0b9f\u0bcd\u0b9f\u0bc1\u0b9a\u0bcd \u0b9a\u0ba8\u0bcd\u0ba4\u0bcb\u0bb7\u0bae\u0bc1\u0bae\u0bcd, \u0bae\u0b95\u0bbf\u0bb4\u0bcd\u0b9a\u0bcd\u0b9a\u0bbf\u0baf\u0bc1\u0bae\u0bcd \u0ba8\u0bc0\u0b95\u0bcd\u0b95\u0baa\u0bcd\u0baa\u0b9f\u0bb5\u0bbf\u0bb2\u0bcd\u0bb2\u0bc8\u0baf\u0bcb?"},{"Verseid":"28000016","Verse":"\u0bb5\u0bbf\u0ba4\u0bc8\u0baf\u0bbe\u0ba9\u0ba4\u0bc1 \u0bae\u0ba3\u0bcd\u0b95\u0b9f\u0bcd\u0b9f\u0bbf\u0b95\u0bb3\u0bbf\u0ba9\u0bcd\u0b95\u0bc0\u0bb4\u0bcd \u0bae\u0b95\u0bcd\u0b95\u0bbf\u0baa\u0bcd\u0baa\u0bcb\u0baf\u0bbf\u0bb1\u0bcd\u0bb1\u0bc1; \u0baa\u0baf\u0bbf\u0bb0\u0bcd \u0ba4\u0bc0\u0baf\u0bcd\u0ba8\u0bcd\u0ba4\u0bc1\u0baa\u0bcb\u0b95\u0bbf\u0bb1\u0ba4\u0bbf\u0ba9\u0bbe\u0bb2\u0bcd \u0baa\u0ba3\u0bcd\u0b9f\u0b9a\u0bbe\u0bb2\u0bc8\u0b95\u0bb3\u0bcd \u0baa\u0bbe\u0bb4\u0bbe\u0b95\u0bbf\u0b95\u0bcd \u0b95\u0bb3\u0b9e\u0bcd\u0b9a\u0bbf\u0baf\u0b99\u0bcd\u0b95\u0bb3\u0bcd \u0b87\u0b9f\u0bbf\u0ba8\u0bcd\u0ba4\u0bc1\u0baa\u0bcb\u0baf\u0bbf\u0ba9."},{"Verseid":"28000017","Verse":"\u0bae\u0bbf\u0bb0\u0bc1\u0b95\u0b99\u0bcd\u0b95\u0bb3\u0bcd \u0b8e\u0bb5\u0bcd\u0bb5\u0bb3\u0bb5\u0bbe\u0baf\u0bcd\u0ba4\u0bcd \u0ba4\u0bb5\u0bbf\u0b95\u0bcd\u0b95\u0bbf\u0bb1\u0ba4\u0bc1; \u0bae\u0bbe\u0b9f\u0bcd\u0b9f\u0bc1\u0bae\u0ba8\u0bcd\u0ba4\u0bc8\u0b95\u0bb3\u0bcd \u0ba4\u0b99\u0bcd\u0b95\u0bb3\u0bc1\u0b95\u0bcd\u0b95\u0bc1 \u0bae\u0bc7\u0baf\u0bcd\u0b9a\u0bcd\u0b9a\u0bb2\u0bcd \u0b87\u0bb2\u0bcd\u0bb2\u0bbe\u0ba4\u0ba4\u0bbf\u0ba9\u0bbe\u0bb2\u0bcd \u0b95\u0bb2\u0b99\u0bcd\u0b95\u0bc1\u0b95\u0bbf\u0bb1\u0ba4\u0bc1; \u0b86\u0b9f\u0bcd\u0b9f\u0bc1 \u0bae\u0ba8\u0bcd\u0ba4\u0bc8\u0b95\u0bb3\u0bc1\u0bae\u0bcd \u0b9a\u0bc7\u0ba4\u0bae\u0bbe\u0baf\u0bcd\u0baa\u0bcd\u0baa\u0bcb\u0baf\u0bbf\u0bb1\u0bcd\u0bb1\u0bc1."},{"Verseid":"28000018","Verse":"\u0b95\u0bb0\u0bcd\u0ba4\u0bcd\u0ba4\u0bbe\u0bb5\u0bc7, \u0b89\u0bae\u0bcd\u0bae\u0bc8 \u0ba8\u0bcb\u0b95\u0bcd\u0b95\u0bbf\u0b95\u0bcd \u0b95\u0bc2\u0baa\u0bcd\u0baa\u0bbf\u0b9f\u0bc1\u0b95\u0bbf\u0bb1\u0bc7\u0ba9\u0bcd; \u0b85\u0b95\u0bcd\u0b95\u0bbf\u0ba9\u0bbf \u0bb5\u0ba9\u0bbe\u0ba8\u0bcd\u0ba4\u0bb0\u0ba4\u0bcd\u0ba4\u0bbf\u0ba9\u0bcd \u0bae\u0bc7\u0baf\u0bcd\u0b9a\u0bcd\u0b9a\u0bb2\u0bcd\u0b95\u0bb3\u0bc8\u0baa\u0bcd \u0baa\u0b9f\u0bcd\u0b9a\u0bbf\u0ba4\u0bcd\u0ba4\u0bc1, \u0b9c\u0bc1\u0bb5\u0bbe\u0bb2\u0bc8 \u0bb5\u0bc6\u0bb3\u0bbf\u0baf\u0bbf\u0ba9\u0bcd \u0bb5\u0bbf\u0bb0\u0bc1\u0b9f\u0bcd\u0b9a\u0b99\u0bcd\u0b95\u0bb3\u0bc8\u0baf\u0bc6\u0bb2\u0bcd\u0bb2\u0bbe\u0bae\u0bcd \u0b8e\u0bb0\u0bbf\u0ba4\u0bcd\u0ba4\u0bc1\u0baa\u0bcd\u0baa\u0bcb\u0b9f\u0bc1\u0b95\u0bbf\u0bb1\u0ba4\u0bc1."},{"Verseid":"28000019","Verse":"\u0bb5\u0bc6\u0bb3\u0bbf\u0baf\u0bbf\u0ba9\u0bcd \u0bae\u0bbf\u0bb0\u0bc1\u0b95\u0b99\u0bcd\u0b95\u0bb3\u0bc1\u0bae\u0bcd \u0b89\u0bae\u0bcd\u0bae\u0bc8 \u0ba8\u0bcb\u0b95\u0bcd\u0b95\u0bbf\u0b95\u0bcd \u0b95\u0ba4\u0bb1\u0bc1\u0b95\u0bbf\u0bb1\u0ba4\u0bc1; \u0ba8\u0ba4\u0bbf\u0b95\u0bb3\u0bbf\u0bb2\u0bcd \u0ba4\u0ba3\u0bcd\u0ba3\u0bc0\u0bb0\u0bc6\u0bb2\u0bcd\u0bb2\u0bbe\u0bae\u0bcd \u0bb5\u0bb1\u0bcd\u0bb1\u0bbf\u0baa\u0bcd\u0baa\u0bcb\u0baf\u0bbf\u0bb1\u0bcd\u0bb1\u0bc1; \u0b85\u0b95\u0bcd\u0b95\u0bbf\u0ba9\u0bbf \u0bb5\u0ba9\u0bbe\u0ba8\u0bcd\u0ba4\u0bb0\u0ba4\u0bcd\u0ba4\u0bbf\u0ba9\u0bcd \u0bae\u0bc7\u0baf\u0bcd\u0b9a\u0bcd\u0b9a\u0bb2\u0bcd\u0b95\u0bb3\u0bc8\u0baa\u0bcd \u0baa\u0b9f\u0bcd\u0b9a\u0bbf\u0ba4\u0bcd\u0ba4\u0bc1\u0baa\u0bcd\u0baa\u0bcb\u0b9f\u0bcd\u0b9f\u0ba4\u0bc1."}]},{"Verse":[{"Verseid":"28001000","Verse":"\u0b9a\u0bc0\u0baf\u0bcb\u0ba9\u0bbf\u0bb2\u0bc7 \u0b8e\u0b95\u0bcd\u0b95\u0bbe\u0bb3\u0bae\u0bcd \u0b8a\u0ba4\u0bc1\u0b99\u0bcd\u0b95\u0bb3\u0bcd, \u0b8e\u0ba9\u0bcd \u0baa\u0bb0\u0bbf\u0b9a\u0bc1\u0ba4\u0bcd\u0ba4 \u0baa\u0bb0\u0bcd\u0bb5\u0ba4\u0ba4\u0bcd\u0ba4\u0bbf\u0bb2\u0bc7 \u0b8e\u0b9a\u0bcd\u0b9a\u0bb0\u0bbf\u0baa\u0bcd\u0baa\u0bbf\u0ba9\u0bcd \u0b9a\u0ba4\u0bcd\u0ba4\u0bae\u0bbf\u0b9f\u0bc1\u0b99\u0bcd\u0b95\u0bb3\u0bcd; \u0ba4\u0bc7\u0b9a\u0ba4\u0bcd\u0ba4\u0bbf\u0ba9\u0bcd\u0b95\u0bc1\u0b9f\u0bbf\u0b95\u0bb3\u0bcd \u0b8e\u0bb2\u0bcd\u0bb2\u0bbe\u0bae\u0bcd \u0ba4\u0ba4\u0bcd\u0ba4\u0bb3\u0bbf\u0b95\u0bcd\u0b95\u0b95\u0bcd\u0b95\u0b9f\u0bb5\u0bb0\u0bcd\u0b95\u0bb3\u0bcd; \u0b8f\u0ba9\u0bc6\u0ba9\u0bbf\u0bb2\u0bcd \u0b95\u0bb0\u0bcd\u0ba4\u0bcd\u0ba4\u0bb0\u0bc1\u0b9f\u0bc8\u0baf \u0ba8\u0bbe\u0bb3\u0bcd \u0bb5\u0bb0\u0bc1\u0b95\u0bbf\u0bb1\u0ba4\u0bc1, \u0b85\u0ba4\u0bc1 \u0b9a\u0bae\u0bc0\u0baa\u0bae\u0bbe\u0baf\u0bbf\u0bb0\u0bc1\u0b95\u0bcd\u0b95\u0bbf\u0bb1\u0ba4\u0bc1."},{"Verseid":"28001001","Verse":"\u0b85\u0ba4\u0bc1 \u0b87\u0bb0\u0bc1\u0bb3\u0bc1\u0bae\u0bcd \u0b85\u0ba8\u0bcd\u0ba4\u0b95\u0bbe\u0bb0\u0bae\u0bc1\u0bae\u0bbe\u0ba9 \u0ba8\u0bbe\u0bb3\u0bcd; \u0b85\u0ba4\u0bc1 \u0bae\u0baa\u0bcd\u0baa\u0bc1\u0bae\u0bcd \u0bae\u0ba8\u0bcd\u0ba4\u0bbe\u0bb0\u0bae\u0bc1\u0bae\u0bbe\u0ba9 \u0ba8\u0bbe\u0bb3\u0bcd; \u0bb5\u0bbf\u0b9f\u0bbf\u0baf\u0bb1\u0bcd\u0b95\u0bbe\u0bb2 \u0bb5\u0bc6\u0bb3\u0bc1\u0baa\u0bcd\u0baa\u0bc1 \u0baa\u0bb0\u0bcd\u0bb5\u0ba4\u0b99\u0bcd\u0b95\u0bb3\u0bbf\u0ba9\u0bcd\u0bae\u0bc7\u0bb2\u0bcd \u0baa\u0bb0\u0bb5\u0bc1\u0b95\u0bbf\u0bb1\u0ba4\u0bc1\u0baa\u0bcb\u0bb2 \u0b8f\u0bb0\u0bbe\u0bb3\u0bae\u0bbe\u0ba9 \u0baa\u0bb2\u0ba4\u0bcd\u0ba4 \u0b92\u0bb0\u0bc1 \u0b9c\u0bbe\u0ba4\u0bbf \u0ba4\u0bc0\u0bb5\u0bbf\u0bb0\u0bae\u0bbe\u0b95 \u0bb5\u0ba8\u0bcd\u0ba4\u0bc1 \u0baa\u0bb0\u0bb5\u0bc1\u0bae\u0bcd; \u0b85\u0baa\u0bcd\u0baa\u0b9f\u0bbf\u0baa\u0bcd\u0baa\u0b9f\u0bcd\u0b9f\u0ba4\u0bc1 \u0bae\u0bc1\u0ba9\u0bcd\u0ba9\u0bca\u0bb0\u0bc1 \u0b95\u0bbe\u0bb2\u0ba4\u0bcd\u0ba4\u0bbf\u0bb2\u0bc1\u0bae\u0bcd \u0b89\u0ba3\u0bcd\u0b9f\u0bbe\u0ba9\u0ba4\u0bc1\u0bae\u0bbf\u0bb2\u0bcd\u0bb2\u0bc8, \u0b87\u0ba9\u0bbf\u0ba4\u0bcd\u0ba4\u0bb2\u0bc8\u0bae\u0bc1\u0bb1\u0bc8 \u0ba4\u0bb2\u0bc8\u0bae\u0bc1\u0bb1\u0bc8\u0baf\u0bbe\u0b95 \u0bb5\u0bb0\u0bc1\u0bae\u0bcd \u0bb5\u0bb0\u0bc1\u0bb7\u0b99\u0bcd\u0b95\u0bb3\u0bbf\u0bb2\u0bc1\u0bae\u0bcd \u0b89\u0ba3\u0bcd\u0b9f\u0bbe\u0ba9\u0ba4\u0bc1\u0bae\u0bbf\u0bb2\u0bcd\u0bb2\u0bc8."},{"Verseid":"28001002","Verse":"\u0b85\u0bb5\u0bc8\u0b95\u0bb3\u0bc1\u0b95\u0bcd\u0b95\u0bc1 \u0bae\u0bc1\u0ba9\u0bcd\u0ba9\u0bbe\u0b95 \u0b85\u0b95\u0bcd\u0b95\u0bbf\u0ba9\u0bbf \u0baa\u0b9f\u0bcd\u0b9a\u0bbf\u0b95\u0bcd\u0b95\u0bc1\u0bae\u0bcd, \u0b85\u0bb5\u0bc8\u0b95\u0bb3\u0bc1\u0b95\u0bcd\u0b95\u0bc1\u0baa\u0bcd \u0baa\u0bbf\u0ba9\u0bcd\u0ba9\u0bbe\u0b95 \u0b9c\u0bc1\u0bb5\u0bbe\u0bb2\u0bc8 \u0b8e\u0bb0\u0bbf\u0b95\u0bcd\u0b95\u0bc1\u0bae\u0bcd; \u0b85\u0bb5\u0bc8\u0b95\u0bb3\u0bc1\u0b95\u0bcd\u0b95\u0bc1 \u0bae\u0bc1\u0ba9\u0bcd\u0ba9\u0bbe\u0b95 \u0ba4\u0bc7\u0b9a\u0bae\u0bcd \u0b8f\u0ba4\u0bc7\u0ba9\u0bcd \u0ba4\u0bcb\u0b9f\u0bcd\u0b9f\u0ba4\u0bcd\u0ba4\u0bc8\u0baa\u0bcd\u0baa\u0bcb\u0bb2\u0bb5\u0bc1\u0bae\u0bcd, \u0b85\u0bb5\u0bc8\u0b95\u0bb3\u0bc1\u0b95\u0bcd\u0b95\u0bc1\u0baa\u0bcd \u0baa\u0bbf\u0ba9\u0bcd\u0ba9\u0bbe\u0b95\u0baa\u0bcd \u0baa\u0bbe\u0bb4\u0bbe\u0ba9 \u0bb5\u0ba9\u0bbe\u0ba8\u0bcd\u0ba4\u0bb0\u0ba4\u0bcd\u0ba4\u0bc8\u0baa\u0bcd\u0baa\u0bcb\u0bb2\u0bb5\u0bc1\u0bae\u0bcd \u0b87\u0bb0\u0bc1\u0b95\u0bcd\u0b95\u0bc1\u0bae\u0bcd; \u0b85\u0bb5\u0bc8\u0b95\u0bb3\u0bc1\u0b95\u0bcd\u0b95\u0bc1 \u0b92\u0ba9\u0bcd\u0bb1\u0bc1\u0bae\u0bcd \u0ba4\u0baa\u0bcd\u0baa\u0bbf\u0baa\u0bcd\u0baa\u0bcb\u0bb5\u0ba4\u0bbf\u0bb2\u0bcd\u0bb2\u0bc8."},{"Verseid":"28001003","Verse":"\u0b85\u0bb5\u0bc8\u0b95\u0bb3\u0bbf\u0ba9\u0bcd \u0b9a\u0bbe\u0baf\u0bb2\u0bcd \u0b95\u0bc1\u0ba4\u0bbf\u0bb0\u0bc8\u0b95\u0bb3\u0bbf\u0ba9\u0bcd \u0b9a\u0bbe\u0baf\u0bb2\u0bc8 \u0b92\u0ba4\u0bcd\u0ba4\u0ba4\u0bc1; \u0b85\u0bb5\u0bc8\u0b95\u0bb3\u0bcd \u0b95\u0bc1\u0ba4\u0bbf\u0bb0\u0bc8 \u0bb5\u0bc0\u0bb0\u0bb0\u0bc8\u0baa\u0bcd\u0baa\u0bcb\u0bb2 \u0b93\u0b9f\u0bc1\u0bae\u0bcd."},{"Verseid":"28001004","Verse":"\u0b85\u0bb5\u0bc8\u0b95\u0bb3\u0bcd \u0b93\u0b9f\u0bc1\u0b95\u0bbf\u0bb1 \u0b87\u0bb0\u0ba4\u0b99\u0bcd\u0b95\u0bb3\u0bbf\u0ba9\u0bcd \u0b87\u0bb0\u0bc8\u0b9a\u0bcd\u0b9a\u0bb2\u0bcd\u0baa\u0bcb\u0bb2\u0bb5\u0bc1\u0bae\u0bcd, \u0b9a\u0bc6\u0ba4\u0bcd\u0ba4\u0bc8\u0b95\u0bb3\u0bc8 \u0b8e\u0bb0\u0bbf\u0b95\u0bcd\u0b95\u0bbf\u0bb1 \u0b85\u0b95\u0bcd\u0b95\u0bbf\u0ba9\u0bbf\u0b9c\u0bc1\u0bb5\u0bbe\u0bb2\u0bc8\u0baf\u0bbf\u0ba9\u0bcd \u0b87\u0bb0\u0bc8\u0b9a\u0bcd\u0b9a\u0bb2\u0bcd\u0baa\u0bcb\u0bb2\u0bb5\u0bc1\u0bae\u0bcd, \u0baf\u0bc1\u0ba4\u0bcd\u0ba4\u0ba4\u0bcd\u0ba4\u0bc1\u0b95\u0bcd\u0b95\u0bc1 \u0b86\u0baf\u0ba4\u0bcd\u0ba4\u0baa\u0bcd\u0baa\u0b9f\u0bcd\u0b9f \u0baa\u0bb2\u0ba4\u0bcd\u0ba4 \u0b9c\u0ba9\u0ba4\u0bcd\u0ba4\u0bbf\u0ba9\u0bcd \u0b87\u0bb0\u0bc8\u0b9a\u0bcd\u0b9a\u0bb2\u0bcd \u0baa\u0bcb\u0bb2\u0bb5\u0bc1\u0bae\u0bcd, \u0baa\u0bb0\u0bcd\u0bb5\u0ba4\u0b99\u0bcd\u0b95\u0bb3\u0bc1\u0b9f\u0bc8\u0baf \u0b9a\u0bbf\u0b95\u0bb0\u0b99\u0bcd\u0b95\u0bb3\u0bbf\u0ba9\u0bcd\u0bae\u0bc7\u0bb2\u0bcd \u0b95\u0bc1\u0ba4\u0bbf\u0b95\u0bcd\u0b95\u0bc1\u0bae\u0bcd."},{"Verseid":"28001005","Verse":"\u0b85\u0bb5\u0bc8\u0b95\u0bb3\u0bc1\u0b95\u0bcd\u0b95\u0bc1 \u0bae\u0bc1\u0ba9\u0bcd\u0baa\u0bbe\u0b95 \u0b9c\u0ba9\u0b99\u0bcd\u0b95\u0bb3\u0bcd \u0ba8\u0b9f\u0bc1\u0b99\u0bcd\u0b95\u0bc1\u0bb5\u0bbe\u0bb0\u0bcd\u0b95\u0bb3\u0bcd; \u0b8e\u0bb2\u0bcd\u0bb2\u0bbe \u0bae\u0bc1\u0b95\u0b99\u0bcd\u0b95\u0bb3\u0bc1\u0bae\u0bcd \u0b95\u0bb0\u0bc1\u0b95\u0bbf\u0baa\u0bcd\u0baa\u0bcb\u0b95\u0bc1\u0bae\u0bcd."},{"Verseid":"28001006","Verse":"\u0b85\u0bb5\u0bc8\u0b95\u0bb3\u0bcd \u0baa\u0bb0\u0bbe\u0b95\u0bcd\u0b95\u0bbf\u0bb0\u0bae\u0b9a\u0bbe\u0bb2\u0bbf\u0b95\u0bb3\u0bc8\u0baa\u0bcd\u0baa\u0bcb\u0bb2 \u0b93\u0b9f\u0bc1\u0bae\u0bcd; \u0baf\u0bc1\u0ba4\u0bcd\u0ba4\u0bb5\u0bc0\u0bb0\u0bb0\u0bc8\u0baa\u0bcd\u0baa\u0bcb\u0bb2 \u0bae\u0ba4\u0bbf\u0bb2\u0bc7\u0bb1\u0bc1\u0bae\u0bcd; \u0bb5\u0bb0\u0bbf\u0b9a\u0bc8\u0b95\u0bb3\u0bcd \u0baa\u0bbf\u0b9a\u0b95\u0bbe\u0bae\u0bb2\u0bcd, \u0b92\u0bb5\u0bcd\u0bb5\u0bca\u0ba9\u0bcd\u0bb1\u0bc1\u0bae\u0bcd \u0ba4\u0ba9\u0bcd \u0ba4\u0ba9\u0bcd \u0b85\u0ba3\u0bbf\u0baf\u0bbf\u0bb2\u0bc7 \u0b9a\u0bc6\u0bb2\u0bcd\u0bb2\u0bc1\u0bae\u0bcd."},{"Verseid":"28001007","Verse":"\u0b92\u0ba9\u0bcd\u0bb1\u0bc8 \u0b92\u0ba9\u0bcd\u0bb1\u0bc1 \u0ba8\u0bc6\u0bb0\u0bc1\u0b95\u0bcd\u0b95\u0bbe\u0ba4\u0bc1; \u0b92\u0bb5\u0bcd\u0bb5\u0bca\u0ba9\u0bcd\u0bb1\u0bc1\u0bae\u0bcd \u0ba4\u0ba9\u0bcd \u0ba4\u0ba9\u0bcd \u0baa\u0bbe\u0ba4\u0bc8\u0baf\u0bbf\u0bb2\u0bc7 \u0b9a\u0bc6\u0bb2\u0bcd\u0bb2\u0bc1\u0bae\u0bcd; \u0b85\u0bb5\u0bc8\u0b95\u0bb3\u0bcd \u0b86\u0baf\u0bc1\u0ba4\u0b99\u0bcd\u0b95\u0bb3\u0bc1\u0b95\u0bcd\u0b95\u0bc1\u0bb3\u0bcd \u0bb5\u0bbf\u0bb4\u0bc1\u0ba8\u0bcd\u0ba4\u0bbe\u0bb2\u0bc1\u0bae\u0bcd \u0b95\u0bbe\u0baf\u0bae\u0bcd\u0baa\u0b9f\u0bbe\u0bae\u0bb1\u0bcd\u0baa\u0bcb\u0b95\u0bc1\u0bae\u0bcd."},{"Verseid":"28001008","Verse":"\u0b85\u0bb5\u0bc8\u0b95\u0bb3\u0bcd \u0baa\u0b9f\u0bcd\u0b9f\u0ba3\u0bae\u0bcd \u0b8e\u0b99\u0bcd\u0b95\u0bc1\u0bae\u0bcd \u0b9a\u0bc6\u0bb2\u0bcd\u0bb2\u0bc1\u0bae\u0bcd; \u0bae\u0ba4\u0bbf\u0bb2\u0bbf\u0ba9\u0bcd\u0bae\u0bc7\u0bb2\u0bcd \u0b93\u0b9f\u0bc1\u0bae\u0bcd, \u0bb5\u0bc0\u0b9f\u0bc1\u0b95\u0bb3\u0bbf\u0ba9\u0bcd\u0bae\u0bc7\u0bb2\u0bcd \u0b8f\u0bb1\u0bc1\u0bae\u0bcd; \u0baa\u0bb2\u0b95\u0ba3\u0bbf\u0bb5\u0bb4\u0bbf\u0baf\u0bbe\u0baf\u0bcd\u0ba4\u0bcd \u0ba4\u0bbf\u0bb0\u0bc1\u0b9f\u0ba9\u0bc8\u0baa\u0bcd\u0baa\u0bcb\u0bb2 \u0b89\u0bb3\u0bcd\u0bb3\u0bc7 \u0ba8\u0bc1\u0bb4\u0bc8\u0baf\u0bc1\u0bae\u0bcd."},{"Verseid":"28001009","Verse":"\u0b85\u0bb5\u0bc8\u0b95\u0bb3\u0bc1\u0b95\u0bcd\u0b95\u0bc1 \u0bae\u0bc1\u0ba9\u0bcd\u0baa\u0bbe\u0b95\u0baa\u0bcd \u0baa\u0bc2\u0bae\u0bbf \u0b85\u0ba4\u0bbf\u0bb0\u0bc1\u0bae\u0bcd; \u0bb5\u0bbe\u0ba9\u0b99\u0bcd\u0b95\u0bb3\u0bcd \u0b85\u0b9a\u0bc8\u0baf\u0bc1\u0bae\u0bcd; \u0b9a\u0bc2\u0bb0\u0bbf\u0baf\u0ba9\u0bc1\u0bae\u0bcd \u0b9a\u0ba8\u0bcd\u0ba4\u0bbf\u0bb0\u0ba9\u0bc1\u0bae\u0bcd \u0b87\u0bb0\u0bc1\u0ba3\u0bcd\u0b9f\u0bc1\u0baa\u0bcb\u0b95\u0bc1\u0bae\u0bcd; \u0ba8\u0b9f\u0bcd\u0b9a\u0ba4\u0bcd\u0ba4\u0bbf\u0bb0\u0b99\u0bcd\u0b95\u0bb3\u0bcd \u0b92\u0bb3\u0bbf \u0bae\u0bb4\u0bc1\u0b99\u0bcd\u0b95\u0bc1\u0bae\u0bcd."},{"Verseid":"28001010","Verse":"\u0b95\u0bb0\u0bcd\u0ba4\u0bcd\u0ba4\u0bb0\u0bcd \u0ba4\u0bae\u0ba4\u0bc1 \u0b9a\u0bc7\u0ba9\u0bc8\u0b95\u0bcd\u0b95\u0bc1\u0bae\u0bc1\u0ba9\u0bcd \u0b9a\u0ba4\u0bcd\u0ba4\u0bae\u0bbf\u0b9f\u0bc1\u0bb5\u0bbe\u0bb0\u0bcd; \u0b85\u0bb5\u0bb0\u0bc1\u0b9f\u0bc8\u0baf \u0baa\u0bbe\u0bb3\u0baf\u0bae\u0bcd \u0bae\u0b95\u0bbe \u0baa\u0bc6\u0bb0\u0bbf\u0ba4\u0bc1, \u0b85\u0bb5\u0bb0\u0bc1\u0b9f\u0bc8\u0baf \u0bb5\u0bbe\u0bb0\u0bcd\u0ba4\u0bcd\u0ba4\u0bc8\u0baf\u0bbf\u0ba9\u0bcd\u0baa\u0b9f\u0bbf \u0b9a\u0bc6\u0baf\u0bcd\u0b95\u0bbf\u0bb1\u0ba4\u0bb1\u0bcd\u0b95\u0bc1 \u0bb5\u0bb2\u0bcd\u0bb2\u0bae\u0bc8\u0baf\u0bc1\u0bb3\u0bcd\u0bb3\u0ba4\u0bc1; \u0b95\u0bb0\u0bcd\u0ba4\u0bcd\u0ba4\u0bb0\u0bc1\u0b9f\u0bc8\u0baf \u0ba8\u0bbe\u0bb3\u0bcd \u0baa\u0bc6\u0bb0\u0bbf\u0ba4\u0bc1\u0bae\u0bcd \u0bae\u0b95\u0bbe \u0baa\u0baf\u0b99\u0bcd\u0b95\u0bb0\u0bae\u0bc1\u0bae\u0bbe\u0baf\u0bbf\u0bb0\u0bc1\u0b95\u0bcd\u0b95\u0bc1\u0bae\u0bcd, \u0b85\u0ba4\u0bc8\u0b9a\u0bcd \u0b9a\u0b95\u0bbf\u0b95\u0bcd\u0b95\u0bbf\u0bb1\u0bb5\u0ba9\u0bcd \u0baf\u0bbe\u0bb0\u0bcd?"},{"Verseid":"28001011","Verse":"\u0b86\u0ba4\u0bb2\u0bbe\u0bb2\u0bcd \u0ba8\u0bc0\u0b99\u0bcd\u0b95\u0bb3\u0bcd \u0b87\u0baa\u0bcd\u0baa\u0bca\u0bb4\u0bc1\u0ba4\u0bc7 \u0b89\u0baa\u0bb5\u0bbe\u0b9a\u0ba4\u0bcd\u0ba4\u0bcb\u0b9f\u0bc1\u0bae\u0bcd \u0b85\u0bb4\u0bc1\u0b95\u0bc8\u0baf\u0bcb\u0b9f\u0bc1\u0bae\u0bcd \u0baa\u0bc1\u0bb2\u0bae\u0bcd\u0baa\u0bb2\u0bcb\u0b9f\u0bc1\u0bae\u0bcd \u0b89\u0b99\u0bcd\u0b95\u0bb3\u0bcd \u0bae\u0bc1\u0bb4\u0bc1 \u0b87\u0bb0\u0bc1\u0ba4\u0baf\u0ba4\u0bcd\u0ba4\u0bcb\u0b9f\u0bc1\u0bae\u0bcd \u0b8e\u0ba9\u0bcd\u0ba9\u0bbf\u0b9f\u0ba4\u0bcd\u0ba4\u0bbf\u0bb2\u0bcd \u0ba4\u0bbf\u0bb0\u0bc1\u0bae\u0bcd\u0baa\u0bc1\u0b99\u0bcd\u0b95\u0bb3\u0bc6\u0ba9\u0bcd\u0bb1\u0bc1 \u0b95\u0bb0\u0bcd\u0ba4\u0bcd\u0ba4\u0bb0\u0bcd \u0b9a\u0bca\u0bb2\u0bcd\u0bb2\u0bc1\u0b95\u0bbf\u0bb1\u0bbe\u0bb0\u0bcd."},{"Verseid":"28001012","Verse":"\u0ba8\u0bc0\u0b99\u0bcd\u0b95\u0bb3\u0bcd \u0b89\u0b99\u0bcd\u0b95\u0bb3\u0bcd \u0bb5\u0bb8\u0bcd\u0ba4\u0bbf\u0bb0\u0b99\u0bcd\u0b95\u0bb3\u0bc8\u0baf\u0bb2\u0bcd\u0bb2, \u0b89\u0b99\u0bcd\u0b95\u0bb3\u0bcd \u0b87\u0bb0\u0bc1\u0ba4\u0baf\u0b99\u0bcd\u0b95\u0bb3\u0bc8\u0b95\u0bcd \u0b95\u0bbf\u0bb4\u0bbf\u0ba4\u0bcd\u0ba4\u0bc1, \u0b89\u0b99\u0bcd\u0b95\u0bb3\u0bcd \u0ba4\u0bc7\u0bb5\u0ba9\u0bbe\u0b95\u0bbf\u0baf \u0b95\u0bb0\u0bcd\u0ba4\u0bcd\u0ba4\u0bb0\u0bcd \u0b87\u0b9f\u0ba4\u0bcd\u0ba4\u0bbf\u0bb2\u0bcd \u0ba4\u0bbf\u0bb0\u0bc1\u0bae\u0bcd\u0baa\u0bc1\u0b99\u0bcd\u0b95\u0bb3\u0bcd; \u0b85\u0bb5\u0bb0\u0bcd \u0b87\u0bb0\u0b95\u0bcd\u0b95\u0bae\u0bc1\u0bae\u0bcd, \u0bae\u0ba9\u0b89\u0bb0\u0bc1\u0b95\u0bcd\u0b95\u0bae\u0bc1\u0bae\u0bcd, \u0ba8\u0bc0\u0b9f\u0bbf\u0baf \u0b9a\u0bbe\u0ba8\u0bcd\u0ba4\u0bae\u0bc1\u0bae\u0bcd, \u0bae\u0bbf\u0b95\u0bc1\u0ba8\u0bcd\u0ba4 \u0b95\u0bbf\u0bb0\u0bc1\u0baa\u0bc8\u0baf\u0bc1\u0bae\u0bc1\u0bb3\u0bcd\u0bb3\u0bb5\u0bb0\u0bcd; \u0b85\u0bb5\u0bb0\u0bcd \u0ba4\u0bc0\u0b99\u0bcd\u0b95\u0bc1\u0b95\u0bcd\u0b95\u0bc1 \u0bae\u0ba9\u0bb8\u0bcd\u0ba4\u0bbe\u0baa\u0baa\u0bcd\u0baa\u0b9f\u0bc1\u0b95\u0bbf\u0bb1\u0bb5\u0bb0\u0bc1\u0bae\u0bbe\u0baf\u0bbf\u0bb0\u0bc1\u0b95\u0bcd\u0b95\u0bbf\u0bb1\u0bbe\u0bb0\u0bcd."},{"Verseid":"28001013","Verse":"\u0b92\u0bb0\u0bc1\u0bb5\u0bc7\u0bb3\u0bc8 \u0b85\u0bb5\u0bb0\u0bcd \u0ba4\u0bbf\u0bb0\u0bc1\u0bae\u0bcd\u0baa\u0bbf \u0bae\u0ba9\u0bb8\u0bcd\u0ba4\u0bbe\u0baa\u0baa\u0bcd\u0baa\u0b9f\u0bcd\u0b9f\u0bc1, \u0b89\u0b99\u0bcd\u0b95\u0bb3\u0bcd \u0ba4\u0bc7\u0bb5\u0ba9\u0bbe\u0b95\u0bbf\u0baf \u0b95\u0bb0\u0bcd\u0ba4\u0bcd\u0ba4\u0bb0\u0bc1\u0b95\u0bcd\u0b95\u0bc1\u0baa\u0bcd \u0baa\u0bcb\u0b9c\u0ba9\u0baa\u0bb2\u0bbf\u0b95\u0bb3\u0bc8\u0baf\u0bc1\u0bae\u0bcd \u0baa\u0bbe\u0ba9\u0baa\u0bb2\u0bbf\u0b95\u0bb3\u0bc8\u0baf\u0bc1\u0bae\u0bcd \u0b9a\u0bc6\u0bb2\u0bc1\u0ba4\u0bcd\u0ba4\u0bc1\u0b95\u0bbf\u0bb1\u0ba4\u0bb1\u0bcd\u0b95\u0bbe\u0ba9 \u0b86\u0b9a\u0bc0\u0bb0\u0bcd\u0bb5\u0bbe\u0ba4\u0ba4\u0bcd\u0ba4\u0bc8\u0ba4\u0bcd \u0ba4\u0ba8\u0bcd\u0ba4\u0bb0\u0bc1\u0bb3\u0bc1\u0bb5\u0bbe\u0bb0\u0bcd."},{"Verseid":"28001014","Verse":"\u0b9a\u0bc0\u0baf\u0bcb\u0ba9\u0bbf\u0bb2\u0bc7 \u0b8e\u0b95\u0bcd\u0b95\u0bbe\u0bb3\u0bae\u0bcd \u0b8a\u0ba4\u0bc1\u0b99\u0bcd\u0b95\u0bb3\u0bcd, \u0baa\u0bb0\u0bbf\u0b9a\u0bc1\u0ba4\u0bcd\u0ba4 \u0b89\u0baa\u0bb5\u0bbe\u0b9a\u0ba8\u0bbe\u0bb3\u0bc8 \u0ba8\u0bbf\u0baf\u0bae\u0bbf\u0baf\u0bc1\u0b99\u0bcd\u0b95\u0bb3\u0bcd; \u0bb5\u0bbf\u0b9a\u0bc7\u0bb7\u0bbf\u0ba4\u0bcd\u0ba4 \u0b86\u0b9a\u0bb0\u0bbf\u0baa\u0bcd\u0baa\u0bc8\u0b95\u0bcd \u0b95\u0bc2\u0bb1\u0bc1\u0b99\u0bcd\u0b95\u0bb3\u0bcd."},{"Verseid":"28001015","Verse":"\u0b9c\u0ba9\u0ba4\u0bcd\u0ba4\u0bc8\u0b95\u0bcd \u0b95\u0b9f\u0bcd\u0b9f\u0bc1\u0b99\u0bcd\u0b95\u0bb3\u0bcd, \u0b9a\u0baa\u0bc8\u0baf\u0bc8\u0baa\u0bcd \u0baa\u0bb0\u0bbf\u0b9a\u0bc1\u0ba4\u0bcd\u0ba4\u0baa\u0bcd\u0baa\u0b9f\u0bc1\u0ba4\u0bcd\u0ba4\u0bc1\u0b99\u0bcd\u0b95\u0bb3\u0bcd; \u0bae\u0bc1\u0ba4\u0bbf\u0baf\u0bcb\u0bb0\u0bc8\u0b9a\u0bcd \u0b9a\u0bc7\u0bb0\u0bc1\u0b99\u0bcd\u0b95\u0bb3\u0bcd, \u0baa\u0bbf\u0bb3\u0bcd\u0bb3\u0bc8\u0b95\u0bb3\u0bc8\u0baf\u0bc1\u0bae\u0bcd \u0baa\u0bbe\u0bb2\u0bc1\u0ba3\u0bcd\u0b95\u0bbf\u0bb1 \u0b95\u0bc1\u0bb4\u0ba8\u0bcd\u0ba4\u0bc8\u0b95\u0bb3\u0bc8\u0baf\u0bc1\u0bae\u0bcd \u0b95\u0bc2\u0b9f\u0bcd\u0b9f\u0bc1\u0b99\u0bcd\u0b95\u0bb3\u0bcd; \u0bae\u0ba3\u0bb5\u0bbe\u0bb3\u0ba9\u0bcd \u0ba4\u0ba9\u0bcd \u0b85\u0bb1\u0bc8\u0baf\u0bc8\u0baf\u0bc1\u0bae\u0bcd, \u0bae\u0ba3\u0bb5\u0bbe\u0b9f\u0bcd\u0b9f\u0bbf \u0ba4\u0ba9\u0bcd \u0bae\u0bb1\u0bc8\u0bb5\u0bc8\u0baf\u0bc1\u0bae\u0bcd \u0bb5\u0bbf\u0b9f\u0bcd\u0b9f\u0bc1\u0baa\u0bcd\u0baa\u0bc1\u0bb1\u0baa\u0bcd\u0baa\u0b9f\u0bc1\u0bb5\u0bbe\u0bb0\u0bcd\u0b95\u0bb3\u0bbe\u0b95."},{"Verseid":"28001016","Verse":"\u0b95\u0bb0\u0bcd\u0ba4\u0bcd\u0ba4\u0bb0\u0bbf\u0ba9\u0bcd \u0baa\u0ba3\u0bbf\u0bb5\u0bbf\u0b9f\u0bc8\u0b95\u0bcd\u0b95\u0bbe\u0bb0\u0bbe\u0b95\u0bbf\u0baf \u0b86\u0b9a\u0bbe\u0bb0\u0bbf\u0baf\u0bb0\u0bcd\u0b95\u0bb3\u0bcd \u0bae\u0ba3\u0bcd\u0b9f\u0baa\u0ba4\u0bcd\u0ba4\u0bc1\u0b95\u0bcd\u0b95\u0bc1\u0bae\u0bcd \u0baa\u0bb2\u0bbf\u0baa\u0bc0\u0b9f\u0ba4\u0bcd\u0ba4\u0bc1\u0b95\u0bcd\u0b95\u0bc1\u0bae\u0bcd \u0ba8\u0b9f\u0bc1\u0bb5\u0bc7 \u0b85\u0bb4\u0bc1\u0ba4\u0bc1: \u0b95\u0bb0\u0bcd\u0ba4\u0bcd\u0ba4\u0bbe\u0bb5\u0bc7, \u0ba8\u0bc0\u0bb0\u0bcd \u0b89\u0bae\u0ba4\u0bc1 \u0b9c\u0ba9\u0ba4\u0bcd\u0ba4\u0bc8\u0ba4\u0bcd \u0ba4\u0baa\u0bcd\u0baa\u0bb5\u0bbf\u0b9f\u0bcd\u0b9f\u0bc1\u0baa\u0bcd \u0baa\u0bc1\u0bb1\u0b9c\u0bbe\u0ba4\u0bbf\u0b95\u0bb3\u0bcd \u0b85\u0bb5\u0bb0\u0bcd\u0b95\u0bb3\u0bc8\u0baa\u0bcd \u0baa\u0bb4\u0bbf\u0b95\u0bcd\u0b95\u0bc1\u0bae\u0bcd \u0ba8\u0bbf\u0ba8\u0bcd\u0ba4\u0bc8\u0b95\u0bcd\u0b95\u0bc1 \u0b89\u0bae\u0ba4\u0bc1 \u0b9a\u0bc1\u0ba4\u0ba8\u0bcd\u0ba4\u0bb0\u0ba4\u0bcd\u0ba4\u0bc8 \u0b92\u0baa\u0bcd\u0baa\u0bc1\u0b95\u0bcd\u0b95\u0bca\u0b9f\u0bbe\u0ba4\u0bbf\u0bb0\u0bc1\u0bae\u0bcd; \u0b89\u0b99\u0bcd\u0b95\u0bb3\u0bcd \u0ba4\u0bc7\u0bb5\u0ba9\u0bcd \u0b8e\u0b99\u0bcd\u0b95\u0bc7 \u0b8e\u0ba9\u0bcd\u0bb1\u0bc1 \u0baa\u0bc1\u0bb1\u0b9c\u0bbe\u0ba4\u0bbf\u0b95\u0bb3\u0bc1\u0b95\u0bcd\u0b95\u0bc1\u0bb3\u0bcd\u0bb3\u0bc7 \u0b9a\u0bca\u0bb2\u0bcd\u0bb2\u0baa\u0bcd\u0baa\u0b9f\u0bc1\u0bb5\u0bbe\u0ba9\u0bc7\u0ba9\u0bcd \u0b8e\u0ba9\u0bcd\u0baa\u0bbe\u0bb0\u0bcd\u0b95\u0bb3\u0bbe\u0b95."},{"Verseid":"28001017","Verse":"\u0b85\u0baa\u0bcd\u0baa\u0bca\u0bb4\u0bc1\u0ba4\u0bc1 \u0b95\u0bb0\u0bcd\u0ba4\u0bcd\u0ba4\u0bb0\u0bcd \u0ba4\u0bae\u0ba4\u0bc1 \u0ba4\u0bc7\u0b9a\u0ba4\u0bcd\u0ba4\u0bc1\u0b95\u0bcd\u0b95\u0bbe\u0b95 \u0bb5\u0bc8\u0bb0\u0bbe\u0b95\u0bcd\u0b95\u0bbf\u0baf\u0b99\u0bcd\u0b95\u0bca\u0ba3\u0bcd\u0b9f\u0bc1, \u0ba4\u0bae\u0ba4\u0bc1 \u0b9c\u0ba9\u0ba4\u0bcd\u0ba4\u0bc8\u0b95\u0bcd \u0b95\u0b9f\u0bbe\u0b9f\u0bcd\u0b9a\u0bbf\u0baa\u0bcd\u0baa\u0bbe\u0bb0\u0bcd."},{"Verseid":"28001018","Verse":"\u0b95\u0bb0\u0bcd\u0ba4\u0bcd\u0ba4\u0bb0\u0bcd \u0bae\u0bb1\u0bc1\u0bae\u0bca\u0bb4\u0bbf \u0b95\u0bca\u0b9f\u0bc1\u0ba4\u0bcd\u0ba4\u0bc1, \u0ba4\u0bae\u0ba4\u0bc1 \u0b9c\u0ba9\u0ba4\u0bcd\u0ba4\u0bc8 \u0ba8\u0bcb\u0b95\u0bcd\u0b95\u0bbf: \u0b87\u0ba4\u0bcb, \u0ba8\u0bbe\u0ba9\u0bcd \u0b89\u0b99\u0bcd\u0b95\u0bb3\u0bc8 \u0b87\u0ba9\u0bbf\u0baa\u0bcd \u0baa\u0bc1\u0bb1\u0b9c\u0bbe\u0ba4\u0bbf\u0b95\u0bb3\u0bc1\u0b95\u0bcd\u0b95\u0bc1\u0bb3\u0bcd\u0bb3\u0bc7 \u0ba8\u0bbf\u0ba8\u0bcd\u0ba4\u0bc8\u0baf\u0bbe\u0b95 \u0bb5\u0bc8\u0b95\u0bcd\u0b95\u0bbe\u0bae\u0bb2\u0bcd, \u0b89\u0b99\u0bcd\u0b95\u0bb3\u0bc1\u0b95\u0bcd\u0b95\u0bc1\u0ba4\u0bcd \u0ba4\u0bbe\u0ba9\u0bbf\u0baf\u0ba4\u0bcd\u0ba4\u0bc8\u0baf\u0bc1\u0bae\u0bcd \u0ba4\u0bbf\u0bb0\u0bbe\u0b9f\u0bcd\u0b9a\u0bb0\u0b9a\u0ba4\u0bcd\u0ba4\u0bc8\u0baf\u0bc1\u0bae\u0bcd \u0b8e\u0ba3\u0bcd\u0ba3\u0bc6\u0baf\u0bc8\u0baf\u0bc1\u0bae\u0bcd \u0b95\u0bca\u0b9f\u0bc1\u0ba4\u0bcd\u0ba4\u0bc7\u0ba9\u0bcd, \u0ba8\u0bc0\u0b99\u0bcd\u0b95\u0bb3\u0bcd \u0b85\u0ba4\u0bbf\u0bb2\u0bcd \u0ba4\u0bbf\u0bb0\u0bc1\u0baa\u0bcd\u0ba4\u0bbf\u0baf\u0bbe\u0bb5\u0bc0\u0bb0\u0bcd\u0b95\u0bb3\u0bcd."},{"Verseid":"28001019","Verse":"\u0bb5\u0b9f\u0ba4\u0bbf\u0b9a\u0bc8\u0b9a\u0bcd\u0b9a\u0bc7\u0ba9\u0bc8\u0baf\u0bc8 \u0b89\u0b99\u0bcd\u0b95\u0bb3\u0bc1\u0b95\u0bcd\u0b95\u0bc1\u0ba4\u0bcd \u0ba4\u0bc2\u0bb0\u0bae\u0bbe\u0b95 \u0bb5\u0bbf\u0bb2\u0b95\u0bcd\u0b95\u0bbf, \u0b85\u0ba4\u0bbf\u0ba9\u0bcd \u0bae\u0bc1\u0ba9\u0bcd\u0ba4\u0ba3\u0bcd\u0b9f\u0bc1 \u0b95\u0bc0\u0bb4\u0bcd\u0b95\u0bcd\u0b95\u0b9f\u0bb2\u0bc1\u0b95\u0bcd\u0b95\u0bc1\u0bae\u0bcd, \u0b85\u0ba4\u0bbf\u0ba9\u0bcd \u0baa\u0bbf\u0ba9\u0bcd\u0ba4\u0ba3\u0bcd\u0b9f\u0bc1 \u0bae\u0bc7\u0bb1\u0bcd\u0b95\u0b9f\u0bb2\u0bc1\u0b95\u0bcd\u0b95\u0bc1\u0bae\u0bcd \u0ba8\u0bc7\u0bb0\u0bbe\u0b95 \u0b85\u0ba4\u0bc8 \u0bb5\u0bb1\u0b9f\u0bcd\u0b9a\u0bbf\u0baf\u0bc1\u0bae\u0bcd \u0baa\u0bbe\u0bb4\u0bc1\u0bae\u0bbe\u0ba9 \u0ba4\u0bc7\u0b9a\u0ba4\u0bcd\u0ba4\u0bc1\u0b95\u0bcd\u0b95\u0bc1\u0ba4\u0bcd\u0ba4\u0bc1\u0ba4\u0bcd \u0ba4\u0bc1\u0bb0\u0ba4\u0bcd\u0ba4\u0bbf\u0bb5\u0bbf\u0b9f\u0bc1\u0bb5\u0bc7\u0ba9\u0bcd; \u0b85\u0b99\u0bcd\u0b95\u0bc7 \u0b85\u0ba4\u0bbf\u0ba9\u0bcd \u0ba8\u0bbe\u0bb1\u0bcd\u0bb1\u0bae\u0bcd \u0b8e\u0bb4\u0bc1\u0bae\u0bcd\u0baa\u0bbf, \u0b85\u0ba4\u0bbf\u0ba9\u0bcd \u0ba4\u0bc1\u0bb0\u0bcd\u0b95\u0bcd\u0b95\u0ba8\u0bcd\u0ba4\u0bae\u0bcd \u0bb5\u0bc0\u0b9a\u0bc1\u0bae\u0bcd; \u0b85\u0ba4\u0bc1 \u0baa\u0bc6\u0bb0\u0bbf\u0baf \u0b95\u0bbe\u0bb0\u0bbf\u0baf\u0b99\u0bcd\u0b95\u0bb3\u0bc8\u0b9a\u0bcd \u0b9a\u0bc6\u0baf\u0bcd\u0ba4\u0ba4\u0bc1."},{"Verseid":"28001020","Verse":"\u0ba4\u0bc7\u0b9a\u0bae\u0bc7, \u0baa\u0baf\u0baa\u0bcd\u0baa\u0b9f\u0bbe\u0ba4\u0bc7, \u0bae\u0b95\u0bbf\u0bb4\u0bcd\u0ba8\u0bcd\u0ba4\u0bc1 \u0b95\u0bb3\u0bbf\u0b95\u0bc2\u0bb0\u0bc1; \u0b95\u0bb0\u0bcd\u0ba4\u0bcd\u0ba4\u0bb0\u0bcd \u0baa\u0bc6\u0bb0\u0bbf\u0baf \u0b95\u0bbe\u0bb0\u0bbf\u0baf\u0b99\u0bcd\u0b95\u0bb3\u0bc8\u0b9a\u0bcd \u0b9a\u0bc6\u0baf\u0bcd\u0bb5\u0bbe\u0bb0\u0bcd."},{"Verseid":"28001021","Verse":"\u0bb5\u0bc6\u0bb3\u0bbf\u0baf\u0bbf\u0ba9\u0bcd \u0bae\u0bbf\u0bb0\u0bc1\u0b95\u0b99\u0bcd\u0b95\u0bb3\u0bc7, \u0baa\u0baf\u0baa\u0bcd\u0baa\u0b9f\u0bbe\u0ba4\u0bc7\u0baf\u0bc1\u0b99\u0bcd\u0b95\u0bb3\u0bcd; \u0bb5\u0ba9\u0bbe\u0ba8\u0bcd\u0ba4\u0bb0\u0ba4\u0bcd\u0ba4\u0bbf\u0bb2\u0bc7 \u0bae\u0bc7\u0baf\u0bcd\u0b9a\u0bcd\u0b9a\u0bb2\u0bcd\u0b95\u0bb3\u0bcd \u0b89\u0ba3\u0bcd\u0b9f\u0bbe\u0b95\u0bc1\u0bae\u0bcd; \u0bb5\u0bbf\u0bb0\u0bc1\u0b9f\u0bcd\u0b9a\u0b99\u0bcd\u0b95\u0bb3\u0bcd \u0b95\u0bbe\u0baf\u0bcd\u0b95\u0bb3\u0bc8\u0b95\u0bcd \u0b95\u0bbe\u0baf\u0bcd\u0b95\u0bcd\u0b95\u0bc1\u0bae\u0bcd; \u0b85\u0ba4\u0bcd\u0ba4\u0bbf\u0bae\u0bb0\u0bae\u0bc1\u0bae\u0bcd \u0ba4\u0bbf\u0bb0\u0bbe\u0b9f\u0bcd\u0b9a\u0b9a\u0bcd\u0b9a\u0bc6\u0b9f\u0bbf\u0baf\u0bc1\u0bae\u0bcd \u0baa\u0bb2\u0ba9\u0bc8\u0ba4\u0bcd\u0ba4\u0bb0\u0bc1\u0bae\u0bcd."},{"Verseid":"28001022","Verse":"\u0b9a\u0bc0\u0baf\u0bcb\u0ba9\u0bcd \u0b95\u0bc1\u0bae\u0bbe\u0bb0\u0bb0\u0bc7, \u0b89\u0b99\u0bcd\u0b95\u0bb3\u0bcd \u0ba4\u0bc7\u0bb5\u0ba9\u0bbe\u0b95\u0bbf\u0baf \u0b95\u0bb0\u0bcd\u0ba4\u0bcd\u0ba4\u0bb0\u0bc1\u0b95\u0bcd\u0b95\u0bc1\u0bb3\u0bcd \u0bae\u0b95\u0bbf\u0bb4\u0bcd\u0ba8\u0bcd\u0ba4\u0bc1 \u0b95\u0bb3\u0bbf\u0b95\u0bc2\u0bb0\u0bc1\u0b99\u0bcd\u0b95\u0bb3\u0bcd; \u0b85\u0bb5\u0bb0\u0bcd \u0ba4\u0b95\u0bcd\u0b95\u0baa\u0b9f\u0bbf \u0b89\u0b99\u0bcd\u0b95\u0bb3\u0bc1\u0b95\u0bcd\u0b95\u0bc1 \u0bae\u0bc1\u0ba9\u0bcd\u0bae\u0bbe\u0bb0\u0bbf\u0baf\u0bc8\u0b95\u0bcd \u0b95\u0bca\u0b9f\u0bc1\u0ba4\u0bcd\u0ba4\u0bc1, \u0b89\u0b99\u0bcd\u0b95\u0bb3\u0bc1\u0b95\u0bcd\u0b95\u0bc1 \u0bae\u0bc1\u0ba9\u0bcd\u0bae\u0bbe\u0bb0\u0bbf\u0baf\u0bc8\u0baf\u0bc1\u0bae\u0bcd \u0baa\u0bbf\u0ba9\u0bcd\u0bae\u0bbe\u0bb0\u0bbf\u0baf\u0bc8\u0baf\u0bc1\u0bae\u0bcd \u0b8f\u0bb1\u0bcd\u0b95\u0ba9\u0bb5\u0bc7 \u0bb5\u0bb0\u0bc1\u0bb7\u0bbf\u0b95\u0bcd\u0b95\u0baa\u0bcd\u0baa\u0ba3\u0bcd\u0ba3\u0bc1\u0bb5\u0bbe\u0bb0\u0bcd."},{"Verseid":"28001023","Verse":"\u0b95\u0bb3\u0b99\u0bcd\u0b95\u0bb3\u0bcd \u0ba4\u0bbe\u0ba9\u0bbf\u0baf\u0ba4\u0bcd\u0ba4\u0bbf\u0ba9\u0bbe\u0bb2\u0bcd \u0ba8\u0bbf\u0bb1\u0bc8\u0baf\u0bc1\u0bae\u0bcd; \u0b86\u0bb2\u0bc8\u0b95\u0bb3\u0bbf\u0bb2\u0bcd \u0ba4\u0bbf\u0bb0\u0bbe\u0b9f\u0bcd\u0b9a\u0bb0\u0b9a\u0bae\u0bc1\u0bae\u0bcd \u0b8e\u0ba3\u0bcd\u0ba3\u0bc6\u0baf\u0bc1\u0bae\u0bcd \u0bb5\u0bb4\u0bbf\u0ba8\u0bcd\u0ba4\u0bcb\u0b9f\u0bc1\u0bae\u0bcd."},{"Verseid":"28001024","Verse":"\u0ba8\u0bbe\u0ba9\u0bcd \u0b89\u0b99\u0bcd\u0b95\u0bb3\u0bbf\u0b9f\u0ba4\u0bcd\u0ba4\u0bbf\u0bb2\u0bcd \u0b85\u0ba9\u0bc1\u0baa\u0bcd\u0baa\u0bbf\u0ba9 \u0b8e\u0ba9\u0bcd \u0baa\u0bc6\u0bb0\u0bbf\u0baf \u0b9a\u0bc7\u0ba9\u0bc8\u0baf\u0bbe\u0b95\u0bbf\u0baf \u0bb5\u0bc6\u0b9f\u0bcd\u0b9f\u0bc1\u0b95\u0bcd\u0b95\u0bbf\u0bb3\u0bbf\u0b95\u0bb3\u0bc1\u0bae\u0bcd, \u0baa\u0b9a\u0bcd\u0b9a\u0bc8\u0b95\u0bcd\u0b95\u0bbf\u0bb3\u0bbf\u0b95\u0bb3\u0bc1\u0bae\u0bcd, \u0bae\u0bc1\u0b9a\u0bc1\u0b95\u0bcd\u0b95\u0b9f\u0bcd\u0b9f\u0bc8\u0baa\u0bcd \u0baa\u0bc2\u0b9a\u0bcd\u0b9a\u0bbf\u0b95\u0bb3\u0bc1\u0bae\u0bcd, \u0baa\u0b9a\u0bcd\u0b9a\u0bc8\u0baa\u0bcd \u0baa\u0bc1\u0bb4\u0bc1\u0b95\u0bcd\u0b95\u0bb3\u0bc1\u0bae\u0bcd \u0baa\u0b9f\u0bcd\u0b9a\u0bbf\u0ba4\u0bcd\u0ba4 \u0bb5\u0bb0\u0bc1\u0bb7\u0b99\u0bcd\u0b95\u0bb3\u0bbf\u0ba9\u0bcd \u0bb5\u0bbf\u0bb3\u0bc8\u0bb5\u0bc8 \u0b89\u0b99\u0bcd\u0b95\u0bb3\u0bc1\u0b95\u0bcd\u0b95\u0bc1\u0ba4\u0bcd \u0ba4\u0bbf\u0bb0\u0bc1\u0bae\u0bcd\u0baa \u0b85\u0bb3\u0bbf\u0baa\u0bcd\u0baa\u0bc7\u0ba9\u0bcd."},{"Verseid":"28001025","Verse":"\u0ba8\u0bc0\u0b99\u0bcd\u0b95\u0bb3\u0bcd \u0b9a\u0bae\u0bcd\u0baa\u0bc2\u0bb0\u0ba3\u0bae\u0bbe\u0b95\u0b9a\u0bcd \u0b9a\u0bbe\u0baa\u0bcd\u0baa\u0bbf\u0b9f\u0bcd\u0b9f\u0bc1, \u0ba4\u0bbf\u0bb0\u0bc1\u0baa\u0bcd\u0ba4\u0bbf\u0baf\u0b9f\u0bc8\u0ba8\u0bcd\u0ba4\u0bc1, \u0b89\u0b99\u0bcd\u0b95\u0bb3\u0bc8 \u0b85\u0ba4\u0bbf\u0b9a\u0baf\u0bae\u0bbe\u0baf\u0bcd \u0ba8\u0b9f\u0ba4\u0bcd\u0ba4\u0bbf\u0bb5\u0ba8\u0bcd\u0ba4 \u0b89\u0b99\u0bcd\u0b95\u0bb3\u0bcd \u0ba4\u0bc7\u0bb5\u0ba9\u0bbe\u0b95\u0bbf\u0baf \u0b95\u0bb0\u0bcd\u0ba4\u0bcd\u0ba4\u0bb0\u0bc1\u0b9f\u0bc8\u0baf \u0ba8\u0bbe\u0bae\u0ba4\u0bcd\u0ba4\u0bc8\u0ba4\u0bcd \u0ba4\u0bc1\u0ba4\u0bbf\u0baa\u0bcd\u0baa\u0bc0\u0bb0\u0bcd\u0b95\u0bb3\u0bcd; \u0b8e\u0ba9\u0bcd \u0b9c\u0ba9\u0b99\u0bcd\u0b95\u0bb3\u0bcd \u0b92\u0bb0\u0bc1\u0baa\u0bcb\u0ba4\u0bc1\u0bae\u0bcd \u0bb5\u0bc6\u0b9f\u0bcd\u0b95\u0baa\u0bcd\u0baa\u0b9f\u0bcd\u0b9f\u0bc1\u0baa\u0bcd\u0baa\u0bcb\u0bb5\u0ba4\u0bbf\u0bb2\u0bcd\u0bb2\u0bc8."},{"Verseid":"28001026","Verse":"\u0ba8\u0bbe\u0ba9\u0bcd \u0b87\u0bb8\u0bcd\u0bb0\u0bb5\u0bc7\u0bb2\u0bbf\u0ba9\u0bcd \u0ba8\u0b9f\u0bc1\u0bb5\u0bbf\u0bb2\u0bcd \u0b87\u0bb0\u0bc1\u0b95\u0bcd\u0b95\u0bbf\u0bb1\u0bb5\u0bb0\u0bc6\u0ba9\u0bcd\u0bb1\u0bc1\u0bae\u0bcd, \u0ba8\u0bbe\u0ba9\u0bc7 \u0b89\u0b99\u0bcd\u0b95\u0bb3\u0bcd \u0ba4\u0bc7\u0bb5\u0ba9\u0bbe\u0b95\u0bbf\u0baf \u0b95\u0bb0\u0bcd\u0ba4\u0bcd\u0ba4\u0bb0\u0bcd, \u0bb5\u0bc7\u0bb1\u0bca\u0bb0\u0bc1\u0bb5\u0bb0\u0bcd \u0b87\u0bb2\u0bcd\u0bb2\u0bc8\u0baf\u0bc6\u0ba9\u0bcd\u0bb1\u0bc1\u0bae\u0bcd \u0b85\u0bb1\u0bbf\u0ba8\u0bcd\u0ba4\u0bc1\u0b95\u0bca\u0bb3\u0bcd\u0bb5\u0bc0\u0bb0\u0bcd\u0b95\u0bb3\u0bcd; \u0b8e\u0ba9\u0bcd \u0b9c\u0ba9\u0b99\u0bcd\u0b95\u0bb3\u0bcd \u0b92\u0bb0\u0bc1\u0baa\u0bcb\u0ba4\u0bc1\u0bae\u0bcd \u0bb5\u0bc6\u0b9f\u0bcd\u0b95\u0baa\u0bcd\u0baa\u0b9f\u0bcd\u0b9f\u0bc1\u0baa\u0bcd\u0baa\u0bcb\u0bb5\u0ba4\u0bbf\u0bb2\u0bcd\u0bb2\u0bc8."},{"Verseid":"28001027","Verse":"\u0b85\u0ba4\u0bb1\u0bcd\u0b95\u0bc1\u0baa\u0bcd \u0baa\u0bbf\u0ba9\u0bcd\u0baa\u0bc1 \u0ba8\u0bbe\u0ba9\u0bcd \u0bae\u0bbe\u0bae\u0bcd\u0b9a\u0bae\u0bbe\u0ba9 \u0baf\u0bbe\u0bb5\u0bb0\u0bcd\u0bae\u0bc7\u0bb2\u0bc1\u0bae\u0bcd \u0b8e\u0ba9\u0bcd \u0b86\u0bb5\u0bbf\u0baf\u0bc8 \u0b8a\u0bb1\u0bcd\u0bb1\u0bc1\u0bb5\u0bc7\u0ba9\u0bcd; \u0b85\u0baa\u0bcd\u0baa\u0bca\u0bb4\u0bc1\u0ba4\u0bc1 \u0b89\u0b99\u0bcd\u0b95\u0bb3\u0bcd \u0b95\u0bc1\u0bae\u0bbe\u0bb0\u0bb0\u0bc1\u0bae\u0bcd \u0b89\u0b99\u0bcd\u0b95\u0bb3\u0bcd \u0b95\u0bc1\u0bae\u0bbe\u0bb0\u0ba4\u0bcd\u0ba4\u0bbf\u0b95\u0bb3\u0bc1\u0bae\u0bcd \u0ba4\u0bc0\u0bb0\u0bcd\u0b95\u0bcd\u0b95\u0ba4\u0bb0\u0bbf\u0b9a\u0ba9\u0b9e\u0bcd \u0b9a\u0bca\u0bb2\u0bcd\u0bb2\u0bc1\u0bb5\u0bbe\u0bb0\u0bcd\u0b95\u0bb3\u0bcd; \u0b89\u0b99\u0bcd\u0b95\u0bb3\u0bcd \u0bae\u0bc2\u0baa\u0bcd\u0baa\u0bb0\u0bcd \u0b9a\u0bca\u0baa\u0bcd\u0baa\u0ba9\u0b99\u0bcd\u0b95\u0bb3\u0bc8\u0baf\u0bc1\u0bae\u0bcd, \u0b89\u0b99\u0bcd\u0b95\u0bb3\u0bcd \u0bb5\u0bbe\u0bb2\u0bbf\u0baa\u0bb0\u0bcd \u0ba4\u0bb0\u0bbf\u0b9a\u0ba9\u0b99\u0bcd\u0b95\u0bb3\u0bc8\u0baf\u0bc1\u0bae\u0bcd \u0b95\u0bbe\u0ba3\u0bcd\u0baa\u0bbe\u0bb0\u0bcd\u0b95\u0bb3\u0bcd."},{"Verseid":"28001028","Verse":"\u0b8a\u0bb4\u0bbf\u0baf\u0b95\u0bcd\u0b95\u0bbe\u0bb0\u0bb0\u0bcd\u0bae\u0bc7\u0bb2\u0bc1\u0bae\u0bcd \u0b8a\u0bb4\u0bbf\u0baf\u0b95\u0bcd\u0b95\u0bbe\u0bb0\u0bbf\u0b95\u0bb3\u0bcd\u0bae\u0bc7\u0bb2\u0bc1\u0bae\u0bcd, \u0b85\u0ba8\u0bcd\u0ba8\u0bbe\u0b9f\u0bcd\u0b95\u0bb3\u0bbf\u0bb2\u0bc7 \u0b8e\u0ba9\u0bcd \u0b86\u0bb5\u0bbf\u0baf\u0bc8 \u0b8a\u0bb1\u0bcd\u0bb1\u0bc1\u0bb5\u0bc7\u0ba9\u0bcd."},{"Verseid":"28001029","Verse":"\u0bb5\u0bbe\u0ba9\u0ba4\u0bcd\u0ba4\u0bbf\u0bb2\u0bc1\u0bae\u0bcd \u0baa\u0bc2\u0bae\u0bbf\u0baf\u0bbf\u0bb2\u0bc1\u0bae\u0bcd \u0b87\u0bb0\u0ba4\u0bcd\u0ba4\u0bae\u0bcd \u0b85\u0b95\u0bcd\u0b95\u0bbf\u0ba9\u0bbf \u0baa\u0bc1\u0b95\u0bc8\u0bb8\u0bcd\u0ba4\u0bae\u0bcd\u0baa\u0b99\u0bcd\u0b95\u0bb3\u0bbe\u0b95\u0bbf\u0baf \u0b85\u0ba4\u0bbf\u0b9a\u0baf\u0b99\u0bcd\u0b95\u0bb3\u0bc8\u0b95\u0bcd \u0b95\u0bbe\u0b9f\u0bcd\u0b9f\u0bc1\u0bb5\u0bc7\u0ba9\u0bcd."},{"Verseid":"28001030","Verse":"\u0b95\u0bb0\u0bcd\u0ba4\u0bcd\u0ba4\u0bb0\u0bc1\u0b9f\u0bc8\u0baf \u0baa\u0bc6\u0bb0\u0bbf\u0ba4\u0bc1\u0bae\u0bcd \u0baa\u0baf\u0b99\u0bcd\u0b95\u0bb0\u0bae\u0bc1\u0bae\u0bbe\u0ba9 \u0ba8\u0bbe\u0bb3\u0bcd \u0bb5\u0bb0\u0bc1\u0bae\u0bc1\u0ba9\u0bcd\u0ba9\u0bc7 \u0b9a\u0bc2\u0bb0\u0bbf\u0baf\u0ba9\u0bcd \u0b87\u0bb0\u0bc1\u0bb3\u0bbe\u0b95\u0bb5\u0bc1\u0bae\u0bcd, \u0b9a\u0ba8\u0bcd\u0ba4\u0bbf\u0bb0\u0ba9\u0bcd \u0b87\u0bb0\u0ba4\u0bcd\u0ba4\u0bae\u0bbe\u0b95\u0bb5\u0bc1\u0bae\u0bcd \u0bae\u0bbe\u0bb1\u0bc1\u0bae\u0bcd."},{"Verseid":"28001031","Verse":"\u0b85\u0baa\u0bcd\u0baa\u0bca\u0bb4\u0bc1\u0ba4\u0bc1 \u0b95\u0bb0\u0bcd\u0ba4\u0bcd\u0ba4\u0bb0\u0bc1\u0b9f\u0bc8\u0baf \u0ba8\u0bbe\u0bae\u0ba4\u0bcd\u0ba4\u0bc8\u0ba4\u0bcd \u0ba4\u0bca\u0bb4\u0bc1\u0ba4\u0bc1\u0b95\u0bca\u0bb3\u0bcd\u0bb3\u0bc1\u0b95\u0bbf\u0bb1\u0bb5\u0ba9\u0bc6\u0bb5\u0ba9\u0bcb \u0b85\u0bb5\u0ba9\u0bcd \u0b87\u0bb0\u0b9f\u0bcd\u0b9a\u0bbf\u0b95\u0bcd\u0b95\u0baa\u0bcd\u0baa\u0b9f\u0bc1\u0bb5\u0bbe\u0ba9\u0bcd; \u0b95\u0bb0\u0bcd\u0ba4\u0bcd\u0ba4\u0bb0\u0bcd \u0b9a\u0bca\u0ba9\u0bcd\u0ba9\u0baa\u0b9f\u0bbf, \u0b9a\u0bc0\u0baf\u0bcb\u0ba9\u0bcd \u0baa\u0bb0\u0bcd\u0bb5\u0ba4\u0ba4\u0bcd\u0ba4\u0bbf\u0bb2\u0bc1\u0bae\u0bcd \u0b8e\u0bb0\u0bc1\u0b9a\u0bb2\u0bc7\u0bae\u0bbf\u0bb2\u0bc1\u0bae\u0bcd \u0b95\u0bb0\u0bcd\u0ba4\u0bcd\u0ba4\u0bb0\u0bcd \u0bb5\u0bb0\u0bb5\u0bb4\u0bc8\u0b95\u0bcd\u0b95\u0bc1\u0bae\u0bcd \u0bae\u0bc0\u0ba4\u0bbf\u0baf\u0bbe\u0baf\u0bbf\u0bb0\u0bc1\u0baa\u0bcd\u0baa\u0bb5\u0bb0\u0bcd\u0b95\u0bb3\u0bbf\u0b9f\u0ba4\u0bcd\u0ba4\u0bbf\u0bb2\u0bc1\u0bae\u0bcd \u0b87\u0bb0\u0b9f\u0bcd\u0b9a\u0bbf\u0baa\u0bcd\u0baa\u0bc1 \u0b89\u0ba3\u0bcd\u0b9f\u0bbe\u0baf\u0bbf\u0bb0\u0bc1\u0b95\u0bcd\u0b95\u0bc1\u0bae\u0bcd."}]},{"Verse":[{"Verseid":"28002000","Verse":"\u0b87\u0ba4\u0bcb, \u0baf\u0bc2\u0ba4\u0bbe\u0bb5\u0bc1\u0b95\u0bcd\u0b95\u0bc1\u0bae\u0bcd \u0b8e\u0bb0\u0bc1\u0b9a\u0bb2\u0bc7\u0bae\u0bc1\u0b95\u0bcd\u0b95\u0bc1\u0bae\u0bcd \u0b89\u0ba3\u0bcd\u0b9f\u0bbe\u0baf\u0bbf\u0bb0\u0bc1\u0b95\u0bcd\u0b95\u0bbf\u0bb1 \u0b9a\u0bbf\u0bb1\u0bc8\u0baf\u0bbf\u0bb0\u0bc1\u0baa\u0bcd\u0baa\u0bc8 \u0ba8\u0bbe\u0ba9\u0bcd \u0ba4\u0bbf\u0bb0\u0bc1\u0baa\u0bcd\u0baa\u0bc1\u0bae\u0bcd \u0b85\u0ba8\u0bcd\u0ba8\u0bbe\u0b9f\u0bcd\u0b95\u0bb3\u0bbf\u0bb2\u0bc1\u0bae\u0bcd \u0b85\u0b95\u0bcd\u0b95\u0bbe\u0bb2\u0ba4\u0bcd\u0ba4\u0bbf\u0bb2\u0bc1\u0bae\u0bcd,"},{"Verseid":"28002001","Verse":"\u0ba8\u0bbe\u0ba9\u0bcd \u0b9a\u0b95\u0bb2 \u0b9c\u0bbe\u0ba4\u0bbf\u0baf\u0bbe\u0bb0\u0bc8\u0baf\u0bc1\u0bae\u0bcd \u0b95\u0bc2\u0b9f\u0bcd\u0b9f\u0bbf \u0baf\u0bcb\u0b9a\u0baa\u0bbe\u0ba4\u0bcd\u0ba4\u0bbf\u0ba9\u0bcd \u0baa\u0bb3\u0bcd\u0bb3\u0ba4\u0bcd\u0ba4\u0bbe\u0b95\u0bcd\u0b95\u0bbf\u0bb2\u0bc7 \u0b85\u0bb5\u0bb0\u0bcd\u0b95\u0bb3\u0bc8 \u0b87\u0bb1\u0b99\u0bcd\u0b95\u0bbf\u0baa\u0bcd\u0baa\u0bcb\u0b95\u0baa\u0bcd\u0baa\u0ba3\u0bcd\u0ba3\u0bbf, \u0b85\u0bb5\u0bb0\u0bcd\u0b95\u0bb3\u0bcd \u0b8e\u0ba9\u0bcd \u0b9c\u0ba9\u0ba4\u0bcd\u0ba4\u0bc8\u0baf\u0bc1\u0bae\u0bcd \u0b87\u0bb8\u0bcd\u0bb0\u0bb5\u0bc7\u0bb2\u0bc6\u0ba9\u0bcd\u0ba9\u0bc1\u0bae\u0bcd \u0b8e\u0ba9\u0bcd \u0b9a\u0bc1\u0ba4\u0ba8\u0bcd\u0ba4\u0bb0\u0ba4\u0bcd\u0ba4\u0bc8\u0baf\u0bc1\u0bae\u0bcd \u0baa\u0bc1\u0bb1\u0b9c\u0bbe\u0ba4\u0bbf\u0b95\u0bb3\u0bc1\u0b95\u0bcd\u0b95\u0bc1\u0bb3\u0bcd\u0bb3\u0bc7 \u0b9a\u0bbf\u0ba4\u0bb1\u0b9f\u0bbf\u0ba4\u0bcd\u0ba4\u0bc1 \u0b8e\u0ba9\u0bcd \u0ba4\u0bc7\u0b9a\u0ba4\u0bcd\u0ba4\u0bc8\u0baa\u0bcd \u0baa\u0b99\u0bcd\u0b95\u0bbf\u0b9f\u0bcd\u0b9f\u0bc1\u0b95\u0bcd\u0b95\u0bca\u0ba3\u0bcd\u0b9f\u0ba4\u0bbf\u0ba9\u0bbf\u0bae\u0bbf\u0ba4\u0bcd\u0ba4\u0bae\u0bc1\u0bae\u0bcd,"},{"Verseid":"28002002","Verse":"\u0b85\u0bb5\u0bb0\u0bcd\u0b95\u0bb3\u0bcd \u0b8e\u0ba9\u0bcd \u0b9c\u0ba9\u0ba4\u0bcd\u0ba4\u0bbf\u0ba9\u0bcd\u0baa\u0bc7\u0bb0\u0bbf\u0bb2\u0bcd \u0b9a\u0bc0\u0b9f\u0bcd\u0b9f\u0bc1\u0baa\u0bcd\u0baa\u0bcb\u0b9f\u0bcd\u0b9f\u0bc1, \u0b86\u0ba3\u0bcd\u0b95\u0bc1\u0bb4\u0ba8\u0bcd\u0ba4\u0bc8\u0b95\u0bb3\u0bc8 \u0bb5\u0bc7\u0b9a\u0bbf\u0baa\u0bcd\u0baa\u0ba3\u0bc8\u0baf\u0bae\u0bbe\u0b95\u0b95\u0bcd \u0b95\u0bca\u0b9f\u0bc1\u0ba4\u0bcd\u0ba4\u0bc1, \u0bae\u0ba4\u0bc1\u0baa\u0bbe\u0ba9\u0bae\u0bcd \u0baa\u0ba3\u0bcd\u0ba3\u0bc1\u0bae\u0bcd\u0baa\u0b9f\u0bbf, \u0baa\u0bc6\u0ba3\u0bcd\u0b95\u0bc1\u0bb4\u0ba8\u0bcd\u0ba4\u0bc8\u0b95\u0bb3\u0bc8\u0ba4\u0bcd \u0ba4\u0bbf\u0bb0\u0bbe\u0b9f\u0bcd\u0b9a\u0bb0\u0b9a\u0ba4\u0bcd\u0ba4\u0bc1\u0b95\u0bcd\u0b95\u0bc1\u0b95\u0bcd \u0b95\u0bbf\u0bb0\u0bc8\u0baf\u0bae\u0bbe\u0b95\u0b95\u0bcd \u0b95\u0bca\u0b9f\u0bc1\u0ba4\u0bcd\u0ba4\u0ba4\u0bbf\u0ba9\u0bbf\u0bae\u0bbf\u0ba4\u0bcd\u0ba4\u0bae\u0bc1\u0bae\u0bcd \u0b85\u0b99\u0bcd\u0b95\u0bc7 \u0b85\u0bb5\u0bb0\u0bcd\u0b95\u0bb3\u0bcb\u0b9f\u0bc1 \u0bb5\u0bb4\u0b95\u0bcd\u0b95\u0bbe\u0b9f\u0bc1\u0bb5\u0bc7\u0ba9\u0bcd."},{"Verseid":"28002003","Verse":"\u0ba4\u0bc0\u0bb0\u0bc1\u0bb5\u0bc7, \u0b9a\u0bc0\u0ba4\u0bcb\u0ba9\u0bc7, \u0baa\u0bc6\u0bb2\u0bbf\u0bb8\u0bcd\u0ba4\u0bbf\u0baf\u0bbe\u0bb5\u0bbf\u0ba9\u0bcd \u0b9a\u0b95\u0bb2 \u0b8e\u0bb2\u0bcd\u0bb2\u0bc8\u0b95\u0bb3\u0bc7, \u0b89\u0b99\u0bcd\u0b95\u0bb3\u0bc1\u0b95\u0bcd\u0b95\u0bc1\u0bae\u0bcd \u0b8e\u0ba9\u0b95\u0bcd\u0b95\u0bc1\u0bae\u0bcd \u0b8e\u0ba9\u0bcd\u0ba9? \u0b87\u0baa\u0bcd\u0baa\u0b9f\u0bbf \u0b8e\u0ba9\u0b95\u0bcd\u0b95\u0bc1\u0b9a\u0bcd \u0b9a\u0bb0\u0bbf\u0b95\u0bcd\u0b95\u0b9f\u0bcd\u0b9f\u0bc1\u0b95\u0bbf\u0bb1\u0bc0\u0bb0\u0bcd\u0b95\u0bb3\u0bcb? \u0b87\u0baa\u0bcd\u0baa\u0b9f\u0bbf \u0b8e\u0ba9\u0b95\u0bcd\u0b95\u0bc1\u0b9a\u0bcd \u0b9a\u0bb0\u0bbf\u0b95\u0bcd\u0b95\u0b9f\u0bcd\u0b9f\u0bc1\u0bb5\u0bc0\u0bb0\u0bcd\u0b95\u0bb3\u0bbe\u0b95\u0bbf\u0bb2\u0bcd, \u0ba8\u0bbe\u0ba9\u0bcd \u0ba4\u0bbe\u0bae\u0ba4\u0bae\u0bbf\u0ba9\u0bcd\u0bb1\u0bbf \u0b85\u0ba4\u0bbf\u0b9a\u0bc0\u0b95\u0bcd\u0b95\u0bbf\u0bb0\u0bae\u0bbe\u0baf\u0bcd \u0ba8\u0bc0\u0b99\u0bcd\u0b95\u0bb3\u0bcd \u0b9a\u0bb0\u0bbf\u0b95\u0bcd\u0b95\u0b9f\u0bcd\u0b9f\u0bc1\u0b95\u0bbf\u0bb1\u0ba4\u0bc8 \u0b89\u0b99\u0bcd\u0b95\u0bb3\u0bcd \u0ba4\u0bb2\u0bc8\u0baf\u0bbf\u0ba9\u0bcd\u0bae\u0bc7\u0bb2\u0bcd \u0ba4\u0bbf\u0bb0\u0bc1\u0bae\u0bcd\u0baa\u0bc1\u0bae\u0bcd\u0baa\u0b9f\u0bbf \u0b9a\u0bc6\u0baf\u0bcd\u0bb5\u0bc7\u0ba9\u0bcd."},{"Verseid":"28002004","Verse":"\u0ba8\u0bc0\u0b99\u0bcd\u0b95\u0bb3\u0bcd \u0b8e\u0ba9\u0bcd \u0bb5\u0bc6\u0bb3\u0bcd\u0bb3\u0bbf\u0baf\u0bc8\u0baf\u0bc1\u0bae\u0bcd \u0b8e\u0ba9\u0bcd \u0baa\u0bca\u0ba9\u0bcd\u0ba9\u0bc8\u0baf\u0bc1\u0bae\u0bcd \u0b8e\u0b9f\u0bc1\u0ba4\u0bcd\u0ba4\u0bc1, \u0b87\u0ba9\u0bcd\u0baa\u0bae\u0bc1\u0bae\u0bcd \u0b89\u0b9a\u0bcd\u0b9a\u0bbf\u0ba4\u0bae\u0bc1\u0bae\u0bbe\u0ba9 \u0b8e\u0ba9\u0bcd \u0baa\u0bca\u0bb0\u0bc1\u0bb3\u0bcd\u0b95\u0bb3\u0bc8 \u0b89\u0b99\u0bcd\u0b95\u0bb3\u0bcd \u0b95\u0bcb\u0bb5\u0bbf\u0bb2\u0bcd\u0b95\u0bb3\u0bbf\u0bb2\u0bc7 \u0b95\u0bca\u0ba3\u0bcd\u0b9f\u0bc1\u0baa\u0bcb\u0baf\u0bcd,"},{"Verseid":"28002005","Verse":"\u0baf\u0bc2\u0ba4\u0bbe\u0bb5\u0bbf\u0ba9\u0bcd \u0b95\u0bc1\u0bae\u0bbe\u0bb0\u0bb0\u0bc8\u0baf\u0bc1\u0bae\u0bcd \u0b8e\u0bb0\u0bc1\u0b9a\u0bb2\u0bc7\u0bae\u0bbf\u0ba9\u0bcd \u0b95\u0bc1\u0bae\u0bbe\u0bb0\u0bb0\u0bc8\u0baf\u0bc1\u0bae\u0bcd \u0b85\u0bb5\u0bb0\u0bcd\u0b95\u0bb3\u0bc1\u0b9f\u0bc8\u0baf \u0b8e\u0bb2\u0bcd\u0bb2\u0bc8\u0b95\u0bb3\u0bc1\u0b95\u0bcd\u0b95\u0bc1\u0ba4\u0bcd \u0ba4\u0bc2\u0bb0\u0bae\u0bbe\u0b95\u0bcd\u0b95\u0bc1\u0bae\u0bcd\u0baa\u0b9f\u0bbf\u0b95\u0bcd\u0b95\u0bc1, \u0b95\u0bbf\u0bb0\u0bc7\u0b95\u0bcd\u0b95\u0bb0\u0bbf\u0b9f\u0ba4\u0bcd\u0ba4\u0bbf\u0bb2\u0bcd \u0bb5\u0bbf\u0bb1\u0bcd\u0bb1\u0bc1\u0baa\u0bcd\u0baa\u0bcb\u0b9f\u0bcd\u0b9f\u0bc0\u0bb0\u0bcd\u0b95\u0bb3\u0bcd."},{"Verseid":"28002006","Verse":"\u0b87\u0ba4\u0bcb, \u0ba8\u0bc0\u0b99\u0bcd\u0b95\u0bb3\u0bcd \u0b85\u0bb5\u0bb0\u0bcd\u0b95\u0bb3\u0bc8 \u0bb5\u0bbf\u0bb1\u0bcd\u0bb1\u0bc1\u0baa\u0bcd\u0baa\u0bcb\u0b9f\u0bcd\u0b9f \u0b85\u0bb5\u0bcd\u0bb5\u0bbf\u0b9f\u0ba4\u0bcd\u0ba4\u0bbf\u0bb2\u0bbf\u0bb0\u0bc1\u0ba8\u0bcd\u0ba4\u0bc1 \u0ba8\u0bbe\u0ba9\u0bcd \u0b85\u0bb5\u0bb0\u0bcd\u0b95\u0bb3\u0bc8 \u0b8e\u0bb4\u0bc1\u0bae\u0bcd\u0baa\u0bbf\u0bb5\u0bb0\u0baa\u0bcd\u0baa\u0ba3\u0bcd\u0ba3\u0bbf, \u0ba8\u0bc0\u0b99\u0bcd\u0b95\u0bb3\u0bcd \u0b9a\u0bb0\u0bbf\u0b95\u0bcd\u0b95\u0b9f\u0bcd\u0b9f\u0bbf\u0ba9\u0ba4\u0bc8 \u0b89\u0b99\u0bcd\u0b95\u0bb3\u0bcd \u0ba4\u0bb2\u0bc8\u0baf\u0bbf\u0ba9\u0bcd\u0bae\u0bc7\u0bb2\u0bcd \u0ba4\u0bbf\u0bb0\u0bc1\u0bae\u0bcd\u0baa\u0bc1\u0bae\u0bcd\u0baa\u0b9f\u0bbf \u0b9a\u0bc6\u0baf\u0bcd\u0ba4\u0bc1,"},{"Verseid":"28002007","Verse":"\u0b89\u0b99\u0bcd\u0b95\u0bb3\u0bcd \u0b95\u0bc1\u0bae\u0bbe\u0bb0\u0bb0\u0bc8\u0baf\u0bc1\u0bae\u0bcd \u0b89\u0b99\u0bcd\u0b95\u0bb3\u0bcd \u0b95\u0bc1\u0bae\u0bbe\u0bb0\u0ba4\u0bcd\u0ba4\u0bbf\u0b95\u0bb3\u0bc8\u0baf\u0bc1\u0bae\u0bcd \u0baf\u0bc2\u0ba4\u0bbe \u0baa\u0bc1\u0ba4\u0bcd\u0ba4\u0bbf\u0bb0\u0bb0\u0bbf\u0ba9\u0bcd \u0b95\u0bc8\u0baf\u0bbf\u0bb2\u0bc7 \u0bb5\u0bbf\u0bb1\u0bcd\u0baa\u0bc7\u0ba9\u0bcd; \u0b87\u0bb5\u0bb0\u0bcd\u0b95\u0bb3\u0bcd \u0b85\u0bb5\u0bb0\u0bcd\u0b95\u0bb3\u0bc8\u0ba4\u0bcd \u0ba4\u0bc2\u0bb0\u0ba4\u0bc7\u0b9a\u0ba4\u0bcd\u0ba4\u0bbe\u0bb0\u0bbe\u0b95\u0bbf\u0baf \u0b9a\u0baa\u0bc7\u0baf\u0bb0\u0bbf\u0b9f\u0ba4\u0bcd\u0ba4\u0bbf\u0bb2\u0bcd \u0bb5\u0bbf\u0bb1\u0bcd\u0bb1\u0bc1\u0baa\u0bcd\u0baa\u0bcb\u0b9f\u0bc1\u0bb5\u0bbe\u0bb0\u0bcd\u0b95\u0bb3\u0bcd; \u0b95\u0bb0\u0bcd\u0ba4\u0bcd\u0ba4\u0bb0\u0bcd \u0b87\u0ba4\u0bc8\u0b9a\u0bcd \u0b9a\u0bca\u0ba9\u0bcd\u0ba9\u0bbe\u0bb0\u0bcd."},{"Verseid":"28002008","Verse":"\u0b87\u0ba4\u0bc8\u0baa\u0bcd \u0baa\u0bc1\u0bb1\u0b9c\u0bbe\u0ba4\u0bbf\u0b95\u0bb3\u0bc1\u0b95\u0bcd\u0b95\u0bc1\u0bb3\u0bcd \u0b95\u0bc2\u0bb1\u0bc1\u0b99\u0bcd\u0b95\u0bb3\u0bcd; \u0baf\u0bc1\u0ba4\u0bcd\u0ba4\u0ba4\u0bcd\u0ba4\u0bc1\u0b95\u0bcd\u0b95\u0bc1 \u0b86\u0baf\u0ba4\u0bcd\u0ba4\u0bae\u0bcd\u0baa\u0ba3\u0bcd\u0ba3\u0bc1\u0b99\u0bcd\u0b95\u0bb3\u0bcd, \u0baa\u0bb0\u0bbe\u0b95\u0bcd\u0b95\u0bbf\u0bb0\u0bae\u0b9a\u0bbe\u0bb2\u0bbf\u0b95\u0bb3\u0bc8 \u0b8e\u0bb4\u0bc1\u0baa\u0bcd\u0baa\u0bc1\u0b99\u0bcd\u0b95\u0bb3\u0bcd; \u0baf\u0bc1\u0ba4\u0bcd\u0ba4\u0bb5\u0bc0\u0bb0\u0bb0\u0bcd \u0b8e\u0bb2\u0bcd\u0bb2\u0bbe\u0bb0\u0bc1\u0bae\u0bcd \u0b9a\u0bc7\u0bb0\u0bcd\u0ba8\u0bcd\u0ba4\u0bc1 \u0b8f\u0bb1\u0bbf\u0bb5\u0bb0\u0b95\u0bcd\u0b95\u0b9f\u0bb5\u0bb0\u0bcd\u0b95\u0bb3\u0bcd."},{"Verseid":"28002009","Verse":"\u0b89\u0b99\u0bcd\u0b95\u0bb3\u0bcd \u0bae\u0ba3\u0bcd\u0bb5\u0bc6\u0b9f\u0bcd\u0b9f\u0bbf\u0b95\u0bb3\u0bc8\u0baa\u0bcd \u0baa\u0b9f\u0bcd\u0b9f\u0baf\u0b99\u0bcd\u0b95\u0bb3\u0bbe\u0b95\u0bb5\u0bc1\u0bae\u0bcd, \u0b89\u0b99\u0bcd\u0b95\u0bb3\u0bcd \u0b85\u0bb0\u0bbf\u0bb5\u0bbe\u0bb3\u0bcd\u0b95\u0bb3\u0bc8 \u0b88\u0b9f\u0bcd\u0b9f\u0bbf\u0b95\u0bb3\u0bbe\u0b95\u0bb5\u0bc1\u0bae\u0bcd \u0b85\u0b9f\u0bbf\u0baf\u0bc1\u0b99\u0bcd\u0b95\u0bb3\u0bcd; \u0baa\u0bb2\u0bb5\u0bc0\u0ba9\u0ba9\u0bc1\u0bae\u0bcd \u0ba4\u0ba9\u0bcd\u0ba9\u0bc8\u0baa\u0bcd \u0baa\u0bb2\u0bb5\u0bbe\u0ba9\u0bcd \u0b8e\u0ba9\u0bcd\u0bb1\u0bc1 \u0b9a\u0bca\u0bb2\u0bcd\u0bb5\u0bbe\u0ba9\u0bbe\u0b95."},{"Verseid":"28002010","Verse":"\u0b9a\u0b95\u0bb2 \u0b9c\u0bbe\u0ba4\u0bbf\u0b95\u0bb3\u0bc7, \u0ba8\u0bc0\u0b99\u0bcd\u0b95\u0bb3\u0bcd \u0b9a\u0bc1\u0bb1\u0bcd\u0bb1\u0bbf\u0bb2\u0bc1\u0bae\u0bbf\u0bb0\u0bc1\u0ba8\u0bcd\u0ba4\u0bc1 \u0b8f\u0b95\u0bae\u0bbe\u0baf\u0bcd \u0bb5\u0ba8\u0bcd\u0ba4\u0bc1 \u0b95\u0bc2\u0b9f\u0bc1\u0b99\u0bcd\u0b95\u0bb3\u0bcd; \u0b95\u0bb0\u0bcd\u0ba4\u0bcd\u0ba4\u0bbe\u0bb5\u0bc7, \u0ba8\u0bc0\u0bb0\u0bc1\u0bae\u0bcd \u0b85\u0b99\u0bcd\u0b95\u0bc7 \u0b89\u0bae\u0bcd\u0bae\u0bc1\u0b9f\u0bc8\u0baf \u0baa\u0bb0\u0bbe\u0b95\u0bcd\u0b95\u0bbf\u0bae\u0b9a\u0bbe\u0bb2\u0bbf\u0b95\u0bb3\u0bc8 \u0b87\u0bb1\u0b99\u0bcd\u0b95\u0baa\u0bcd\u0baa\u0ba3\u0bcd\u0ba3\u0bc1\u0bb5\u0bc0\u0bb0\u0bbe\u0b95."},{"Verseid":"28002011","Verse":"\u0b9c\u0bbe\u0ba4\u0bbf\u0b95\u0bb3\u0bcd \u0b8e\u0bb4\u0bc1\u0bae\u0bcd\u0baa\u0bbf \u0baf\u0bcb\u0b9a\u0baa\u0bbe\u0ba4\u0bcd\u0ba4\u0bbf\u0ba9\u0bcd \u0baa\u0bb3\u0bcd\u0bb3\u0ba4\u0bcd\u0ba4\u0bbe\u0b95\u0bcd\u0b95\u0bc1\u0b95\u0bcd\u0b95\u0bc1 \u0bb5\u0bb0\u0bc1\u0bb5\u0bbe\u0bb0\u0bcd\u0b95\u0bb3\u0bbe\u0b95; \u0b9a\u0bc1\u0bb1\u0bcd\u0bb1\u0bbf\u0bb2\u0bc1\u0bae\u0bc1\u0bb3\u0bcd\u0bb3 \u0b9c\u0bbe\u0ba4\u0bbf\u0b95\u0bb3\u0bc8 \u0ba8\u0bbf\u0baf\u0bbe\u0baf\u0ba8\u0bcd\u0ba4\u0bc0\u0bb0\u0bcd\u0b95\u0bcd\u0b95 \u0b85\u0b99\u0bcd\u0b95\u0bc7 \u0ba8\u0bbe\u0ba9\u0bcd \u0bb5\u0bc0\u0bb1\u0bcd\u0bb1\u0bbf\u0bb0\u0bc1\u0baa\u0bcd\u0baa\u0bc7\u0ba9\u0bcd."},{"Verseid":"28002012","Verse":"\u0baa\u0baf\u0bbf\u0bb0\u0bcd \u0bae\u0bc1\u0ba4\u0bbf\u0bb0\u0bcd\u0ba8\u0bcd\u0ba4\u0ba4\u0bc1, \u0b85\u0bb0\u0bbf\u0bb5\u0bbe\u0bb3\u0bc8 \u0ba8\u0bc0\u0b9f\u0bcd\u0b9f\u0bbf \u0b85\u0bb1\u0bc1\u0b99\u0bcd\u0b95\u0bb3\u0bcd, \u0bb5\u0ba8\u0bcd\u0ba4\u0bc1 \u0b87\u0bb1\u0b99\u0bcd\u0b95\u0bc1\u0b99\u0bcd\u0b95\u0bb3\u0bcd; \u0b86\u0bb2\u0bc8 \u0ba8\u0bbf\u0bb0\u0bae\u0bcd\u0baa\u0bbf\u0baf\u0bbf\u0bb0\u0bc1\u0b95\u0bcd\u0b95\u0bbf\u0bb1\u0ba4\u0bc1, \u0b86\u0bb2\u0bc8\u0baf\u0bbf\u0ba9\u0bcd \u0ba4\u0bca\u0b9f\u0bcd\u0b9f\u0bbf\u0b95\u0bb3\u0bcd \u0bb5\u0bb4\u0bbf\u0ba8\u0bcd\u0ba4\u0bcb\u0b9f\u0bc1\u0b95\u0bbf\u0bb1\u0ba4\u0bc1; \u0b85\u0bb5\u0bb0\u0bcd\u0b95\u0bb3\u0bc1\u0b9f\u0bc8\u0baf \u0baa\u0bbe\u0ba4\u0b95\u0bae\u0bcd \u0baa\u0bc6\u0bb0\u0bbf\u0baf\u0ba4\u0bc1."},{"Verseid":"28002013","Verse":"\u0ba8\u0bbf\u0baf\u0bbe\u0baf\u0ba4\u0bcd\u0ba4\u0bc0\u0bb0\u0bcd\u0baa\u0bcd\u0baa\u0bbf\u0ba9\u0bcd \u0baa\u0bb3\u0bcd\u0bb3\u0ba4\u0bcd\u0ba4\u0bbe\u0b95\u0bcd\u0b95\u0bbf\u0bb2\u0bc7 \u0b9c\u0ba9\u0b99\u0bcd\u0b95\u0bb3\u0bcd \u0ba4\u0bbf\u0bb0\u0bb3\u0bcd\u0ba4\u0bbf\u0bb0\u0bb3\u0bbe\u0baf\u0bcd \u0b87\u0bb0\u0bc1\u0b95\u0bcd\u0b95\u0bbf\u0bb1\u0bbe\u0bb0\u0bcd\u0b95\u0bb3\u0bcd; \u0ba8\u0bbf\u0baf\u0bbe\u0baf\u0ba4\u0bcd\u0ba4\u0bc0\u0bb0\u0bcd\u0baa\u0bcd\u0baa\u0bbf\u0ba9\u0bcd \u0baa\u0bb3\u0bcd\u0bb3\u0ba4\u0bcd\u0ba4\u0bbe\u0b95\u0bcd\u0b95\u0bbf\u0bb2\u0bc7 \u0b95\u0bb0\u0bcd\u0ba4\u0bcd\u0ba4\u0bb0\u0bbf\u0ba9\u0bcd \u0ba8\u0bbe\u0bb3\u0bcd \u0b9a\u0bae\u0bc0\u0baa\u0bae\u0bbe\u0baf\u0bbf\u0bb0\u0bc1\u0b95\u0bcd\u0b95\u0bbf\u0bb1\u0ba4\u0bc1."},{"Verseid":"28002014","Verse":"\u0b9a\u0bc2\u0bb0\u0bbf\u0baf\u0ba9\u0bc1\u0bae\u0bcd \u0b9a\u0ba8\u0bcd\u0ba4\u0bbf\u0bb0\u0ba9\u0bc1\u0bae\u0bcd \u0b87\u0bb0\u0bc1\u0ba3\u0bcd\u0b9f\u0bc1\u0baa\u0bcb\u0b95\u0bc1\u0bae\u0bcd, \u0ba8\u0b9f\u0bcd\u0b9a\u0ba4\u0bcd\u0ba4\u0bbf\u0bb0\u0b99\u0bcd\u0b95\u0bb3\u0bcd \u0b92\u0bb3\u0bbf\u0bae\u0bb4\u0bc1\u0b99\u0bcd\u0b95\u0bc1\u0bae\u0bcd."},{"Verseid":"28002015","Verse":"\u0b95\u0bb0\u0bcd\u0ba4\u0bcd\u0ba4\u0bb0\u0bcd \u0b9a\u0bc0\u0baf\u0bcb\u0ba9\u0bbf\u0bb2\u0bbf\u0bb0\u0bc1\u0ba8\u0bcd\u0ba4\u0bc1 \u0b95\u0bc6\u0bb0\u0bcd\u0b9a\u0bcd\u0b9a\u0bbf\u0ba4\u0bcd\u0ba4\u0bc1, \u0b8e\u0bb0\u0bc1\u0b9a\u0bb2\u0bc7\u0bae\u0bbf\u0bb2\u0bbf\u0bb0\u0bc1\u0ba8\u0bcd\u0ba4\u0bc1 \u0b9a\u0ba4\u0bcd\u0ba4\u0bae\u0bbf\u0b9f\u0bc1\u0bb5\u0bbe\u0bb0\u0bcd; \u0bb5\u0bbe\u0ba9\u0bae\u0bc1\u0bae\u0bcd \u0baa\u0bc2\u0bae\u0bbf\u0baf\u0bc1\u0bae\u0bcd \u0b85\u0ba4\u0bbf\u0bb0\u0bc1\u0bae\u0bcd; \u0b86\u0ba9\u0bbe\u0bb2\u0bc1\u0bae\u0bcd \u0b95\u0bb0\u0bcd\u0ba4\u0bcd\u0ba4\u0bb0\u0bcd \u0ba4\u0bae\u0ba4\u0bc1 \u0b9c\u0ba9\u0ba4\u0bcd\u0ba4\u0bc1\u0b95\u0bcd\u0b95\u0bc1 \u0b85\u0b9f\u0bc8\u0b95\u0bcd\u0b95\u0bb2\u0bae\u0bc1\u0bae\u0bcd \u0b87\u0bb8\u0bcd\u0bb0\u0bb5\u0bc7\u0bb2\u0bcd \u0baa\u0bc1\u0ba4\u0bcd\u0ba4\u0bbf\u0bb0\u0bb0\u0bc1\u0b95\u0bcd\u0b95\u0bc1 \u0b85\u0bb0\u0ba3\u0bbe\u0ba9 \u0b95\u0bcb\u0b9f\u0bcd\u0b9f\u0bc8\u0baf\u0bc1\u0bae\u0bbe\u0baf\u0bbf\u0bb0\u0bc1\u0baa\u0bcd\u0baa\u0bbe\u0bb0\u0bcd."},{"Verseid":"28002016","Verse":"\u0b8e\u0ba9\u0bcd \u0baa\u0bb0\u0bbf\u0b9a\u0bc1\u0ba4\u0bcd\u0ba4 \u0baa\u0bb0\u0bcd\u0bb5\u0ba4\u0bae\u0bbe\u0b95\u0bbf\u0baf \u0b9a\u0bc0\u0baf\u0bcb\u0ba9\u0bbf\u0bb2\u0bc7 \u0bb5\u0bbe\u0b9a\u0bae\u0bbe\u0baf\u0bbf\u0bb0\u0bc1\u0b95\u0bcd\u0b95\u0bbf\u0bb1 \u0ba8\u0bbe\u0ba9\u0bcd \u0b89\u0b99\u0bcd\u0b95\u0bb3\u0bcd \u0ba4\u0bc7\u0bb5\u0ba9\u0bbe\u0b95\u0bbf\u0baf \u0b95\u0bb0\u0bcd\u0ba4\u0bcd\u0ba4\u0bb0\u0bcd \u0b8e\u0ba9\u0bcd\u0bb1\u0bc1 \u0b85\u0baa\u0bcd\u0baa\u0bca\u0bb4\u0bc1\u0ba4\u0bc1 \u0b85\u0bb1\u0bbf\u0ba8\u0bcd\u0ba4\u0bc1\u0b95\u0bca\u0bb3\u0bcd\u0bb5\u0bc0\u0bb0\u0bcd\u0b95\u0bb3\u0bcd; \u0b85\u0baa\u0bcd\u0baa\u0bca\u0bb4\u0bc1\u0ba4\u0bc1 \u0b8e\u0bb0\u0bc1\u0b9a\u0bb2\u0bc7\u0bae\u0bcd \u0baa\u0bb0\u0bbf\u0b9a\u0bc1\u0ba4\u0bcd\u0ba4\u0bae\u0bbe\u0baf\u0bbf\u0bb0\u0bc1\u0b95\u0bcd\u0b95\u0bc1\u0bae\u0bcd; \u0b85\u0ba8\u0bcd\u0ba8\u0bbf\u0baf\u0bb0\u0bcd \u0b87\u0ba9\u0bbf \u0b85\u0ba4\u0bc8\u0b95\u0bcd\u0b95\u0b9f\u0ba8\u0bcd\u0ba4\u0bc1\u0baa\u0bcb\u0bb5\u0ba4\u0bbf\u0bb2\u0bcd\u0bb2\u0bc8."},{"Verseid":"28002017","Verse":"\u0b85\u0b95\u0bcd\u0b95\u0bbe\u0bb2\u0ba4\u0bcd\u0ba4\u0bbf\u0bb2\u0bcd \u0baa\u0bb0\u0bcd\u0bb5\u0ba4\u0b99\u0bcd\u0b95\u0bb3\u0bcd \u0ba4\u0bbf\u0bb0\u0bbe\u0b9f\u0bcd\u0b9a\u0bb0\u0b9a\u0ba4\u0bcd\u0ba4\u0bc8\u0baa\u0bcd \u0baa\u0bca\u0bb4\u0bbf\u0baf\u0bc1\u0bae\u0bcd, \u0bae\u0bb2\u0bc8\u0b95\u0bb3\u0bcd \u0baa\u0bbe\u0bb2\u0bbe\u0baf\u0bcd \u0b93\u0b9f\u0bc1\u0bae\u0bcd, \u0baf\u0bc2\u0ba4\u0bbe\u0bb5\u0bbf\u0ba9\u0bcd \u0b86\u0bb1\u0bc1\u0b95\u0bb3\u0bcd \u0b8e\u0bb2\u0bcd\u0bb2\u0bbe\u0bae\u0bcd \u0baa\u0bbf\u0bb0\u0bb5\u0bbe\u0b95\u0bbf\u0ba4\u0bcd\u0ba4\u0bc1 \u0b93\u0b9f\u0bc1\u0bae\u0bcd, \u0b92\u0bb0\u0bc1 \u0b8a\u0bb1\u0bcd\u0bb1\u0bc1 \u0b95\u0bb0\u0bcd\u0ba4\u0bcd\u0ba4\u0bb0\u0bc1\u0b9f\u0bc8\u0baf \u0b86\u0bb2\u0baf\u0ba4\u0bcd\u0ba4\u0bbf\u0bb2\u0bbf\u0bb0\u0bc1\u0ba8\u0bcd\u0ba4\u0bc1 \u0baa\u0bc1\u0bb1\u0baa\u0bcd\u0baa\u0b9f\u0bcd\u0b9f\u0bc1\u0b9a\u0bcd \u0b9a\u0ba4\u0bcd\u0ba4\u0bae\u0bcd \u0b9a\u0bbf\u0ba4\u0bcd\u0ba4\u0bc0\u0bae\u0bcd \u0b8e\u0ba9\u0bcd\u0ba9\u0bc1\u0bae\u0bcd \u0baa\u0bb3\u0bcd\u0bb3\u0ba4\u0bcd\u0ba4\u0bbe\u0b95\u0bcd\u0b95\u0bc8 \u0ba8\u0bc0\u0bb0\u0bcd\u0baa\u0bcd\u0baa\u0bbe\u0baf\u0bcd\u0b9a\u0bcd\u0b9a\u0bb2\u0bbe\u0b95\u0bcd\u0b95\u0bc1\u0bae\u0bcd."},{"Verseid":"28002018","Verse":"\u0baf\u0bc2\u0ba4\u0bbe \u0baa\u0bc1\u0ba4\u0bcd\u0ba4\u0bbf\u0bb0\u0bb0\u0bbf\u0ba9\u0bcd \u0ba4\u0bc7\u0b9a\u0ba4\u0bcd\u0ba4\u0bbf\u0bb2\u0bc7 \u0b95\u0bc1\u0bb1\u0bcd\u0bb1\u0bae\u0bbf\u0bb2\u0bcd\u0bb2\u0bbe\u0ba4 \u0b87\u0bb0\u0ba4\u0bcd\u0ba4\u0ba4\u0bcd\u0ba4\u0bc8\u0b9a\u0bcd \u0b9a\u0bbf\u0ba8\u0bcd\u0ba4\u0bbf, \u0b85\u0bb5\u0bb0\u0bcd\u0b95\u0bb3\u0bc1\u0b95\u0bcd\u0b95\u0bc1\u0b9a\u0bcd \u0b9a\u0bc6\u0baf\u0bcd\u0ba4 \u0b95\u0bca\u0b9f\u0bc1\u0bae\u0bc8\u0baf\u0bbf\u0ba9\u0bbf\u0bae\u0bbf\u0ba4\u0bcd\u0ba4\u0bae\u0bcd \u0b8e\u0b95\u0bbf\u0baa\u0bcd\u0ba4\u0bc1 \u0baa\u0bbe\u0bb4\u0bbe\u0baf\u0bcd\u0baa\u0bcd\u0baa\u0bcb\u0b95\u0bc1\u0bae\u0bcd; \u0b8f\u0ba4\u0bcb\u0bae\u0bcd \u0baa\u0bbe\u0bb4\u0bbe\u0ba9 \u0bb5\u0ba9\u0bbe\u0ba8\u0bcd\u0ba4\u0bb0\u0bae\u0bbe\u0b95\u0bc1\u0bae\u0bcd."},{"Verseid":"28002019","Verse":"\u0b86\u0ba9\u0bbe\u0bb2\u0bcd \u0baf\u0bc2\u0ba4\u0bbe\u0bb5\u0bcb \u0b9a\u0ba4\u0bbe\u0b95\u0bbe\u0bb2\u0bae\u0bbe\u0b95\u0bb5\u0bc1\u0bae\u0bcd, \u0b8e\u0bb0\u0bc1\u0b9a\u0bb2\u0bc7\u0bae\u0bcd \u0ba4\u0bb2\u0bc8\u0bae\u0bc1\u0bb1\u0bc8 \u0ba4\u0bb2\u0bc8\u0bae\u0bc1\u0bb1\u0bc8\u0baf\u0bbe\u0b95\u0bb5\u0bc1\u0bae\u0bcd \u0b95\u0bc1\u0b9f\u0bbf\u0baf\u0bc7\u0bb1\u0bcd\u0bb1\u0baa\u0bcd\u0baa\u0b9f\u0bcd\u0b9f\u0bbf\u0bb0\u0bc1\u0b95\u0bcd\u0b95\u0bc1\u0bae\u0bcd."},{"Verseid":"28002020","Verse":"\u0ba8\u0bbe\u0ba9\u0bcd \u0ba4\u0ba3\u0bcd\u0b9f\u0bbf\u0baf\u0bbe\u0bae\u0bb2\u0bcd \u0bb5\u0bbf\u0b9f\u0bcd\u0b9f\u0bbf\u0bb0\u0bc1\u0ba8\u0bcd\u0ba4 \u0b85\u0bb5\u0bb0\u0bcd\u0b95\u0bb3\u0bc1\u0b9f\u0bc8\u0baf \u0b87\u0bb0\u0ba4\u0bcd\u0ba4\u0baa\u0bcd\u0baa\u0bb4\u0bbf\u0baf\u0bc8\u0ba4\u0bcd \u0ba4\u0ba3\u0bcd\u0b9f\u0bbf\u0baf\u0bbe\u0bae\u0bb2\u0bcd \u0bb5\u0bbf\u0b9f\u0bc7\u0ba9\u0bcd; \u0b95\u0bb0\u0bcd\u0ba4\u0bcd\u0ba4\u0bb0\u0bcd \u0b9a\u0bc0\u0baf\u0bcb\u0ba9\u0bbf\u0bb2\u0bc7 \u0bb5\u0bbe\u0b9a\u0bae\u0bbe\u0baf\u0bbf\u0bb0\u0bc1\u0b95\u0bcd\u0b95\u0bbf\u0bb1\u0bbe\u0bb0\u0bcd."}]}]}