{"Chapter":[{"Verse":[{"Verseid":"30000000","Verse":"\u0b92\u0baa\u0ba4\u0bbf\u0baf\u0bbe\u0bb5\u0bbf\u0ba9\u0bcd \u0ba4\u0bb0\u0bbf\u0b9a\u0ba9\u0bae\u0bcd; \u0b95\u0bb0\u0bcd\u0ba4\u0bcd\u0ba4\u0bb0\u0bbe\u0b95\u0bbf\u0baf \u0b86\u0ba3\u0bcd\u0b9f\u0bb5\u0bb0\u0bcd \u0b8f\u0ba4\u0bcb\u0bae\u0bc8\u0b95\u0bcd \u0b95\u0bc1\u0bb1\u0bbf\u0ba4\u0bcd\u0ba4\u0bc1\u0b9a\u0bcd \u0b9a\u0bca\u0bb2\u0bcd\u0bb2\u0bc1\u0b95\u0bbf\u0bb1\u0ba4\u0bc1 \u0b8e\u0ba9\u0bcd\u0ba9\u0bb5\u0bc6\u0ba9\u0bcd\u0bb1\u0bbe\u0bb2\u0bcd: \u0b8e\u0bb4\u0bc1\u0bae\u0bcd\u0baa\u0bc1\u0b99\u0bcd\u0b95\u0bb3\u0bcd, \u0b85\u0ba4\u0bb1\u0bcd\u0b95\u0bc1 \u0bb5\u0bbf\u0bb0\u0bcb\u0ba4\u0bae\u0bbe\u0b95 \u0baf\u0bc1\u0ba4\u0bcd\u0ba4\u0bae\u0bcd\u0baa\u0ba3\u0bcd\u0ba3 \u0b8e\u0bb4\u0bc1\u0bae\u0bcd\u0baa\u0bc1\u0bb5\u0bcb\u0bae\u0bcd \u0bb5\u0bbe\u0bb0\u0bc1\u0b99\u0bcd\u0b95\u0bb3\u0bcd \u0b8e\u0ba9\u0bcd\u0bb1\u0bc1 \u0b85\u0bb1\u0bbf\u0bb5\u0bbf\u0b95\u0bcd\u0b95 \u0bb8\u0bcd\u0ba4\u0bbe\u0ba9\u0bbe\u0baa\u0ba4\u0bbf \u0b9c\u0bbe\u0ba4\u0bbf\u0b95\u0bb3\u0bbf\u0b9f\u0ba4\u0bcd\u0ba4\u0bbf\u0bb2\u0bcd \u0b85\u0ba9\u0bc1\u0baa\u0bcd\u0baa\u0baa\u0bcd\u0baa\u0b9f\u0bc1\u0bae\u0bcd \u0b9a\u0bc6\u0baf\u0bcd\u0ba4\u0bbf\u0baf\u0bc8\u0b95\u0bcd \u0b95\u0bb0\u0bcd\u0ba4\u0bcd\u0ba4\u0bb0\u0bcd \u0b9a\u0bca\u0bb2\u0bcd\u0bb2\u0b95\u0bcd\u0b95\u0bc7\u0b9f\u0bcd\u0b9f\u0bcb\u0bae\u0bcd."},{"Verseid":"30000001","Verse":"\u0b87\u0ba4\u0bcb, \u0ba8\u0bbe\u0ba9\u0bcd \u0b89\u0ba9\u0bcd\u0ba9\u0bc8 \u0b9c\u0bbe\u0ba4\u0bbf\u0b95\u0bb3\u0bbf\u0bb2\u0bcd \u0b9a\u0bbf\u0bb1\u0bc1\u0b95\u0baa\u0bcd\u0baa\u0ba3\u0bcd\u0ba3\u0bbf\u0ba9\u0bc7\u0ba9\u0bcd; \u0ba8\u0bc0 \u0bae\u0bc6\u0ba4\u0bcd\u0ba4\u0bb5\u0bc1\u0bae\u0bcd \u0b85\u0b9a\u0b9f\u0bcd\u0b9f\u0bc8\u0baa\u0ba3\u0bcd\u0ba3\u0baa\u0bcd\u0baa\u0b9f\u0bcd\u0b9f\u0bbf\u0bb0\u0bc1\u0b95\u0bcd\u0b95\u0bbf\u0bb1\u0bbe\u0baf\u0bcd."},{"Verseid":"30000002","Verse":"\u0b95\u0ba9\u0bcd\u0bae\u0bb2\u0bc8 \u0bb5\u0bc6\u0b9f\u0bbf\u0baa\u0bcd\u0baa\u0bc1\u0b95\u0bb3\u0bbe\u0b95\u0bbf\u0baf \u0b89\u0ba9\u0bcd \u0b89\u0baf\u0bb0\u0bcd\u0ba8\u0bcd\u0ba4 \u0bb8\u0bcd\u0ba4\u0bbe\u0ba9\u0ba4\u0bcd\u0ba4\u0bbf\u0bb2\u0bc7 \u0b95\u0bc1\u0b9f\u0bbf\u0baf\u0bbf\u0bb0\u0bc1\u0ba8\u0bcd\u0ba4\u0bc1, \u0b8e\u0ba9\u0bcd\u0ba9\u0bc8\u0ba4\u0bcd \u0ba4\u0bb0\u0bc8\u0baf\u0bbf\u0bb2\u0bc7 \u0bb5\u0bbf\u0bb4\u0ba4\u0bcd\u0ba4\u0bb3\u0bcd\u0bb3\u0bc1\u0b95\u0bbf\u0bb1\u0bb5\u0ba9\u0bcd \u0baf\u0bbe\u0bb0\u0bcd \u0b8e\u0ba9\u0bcd\u0bb1\u0bc1 \u0b89\u0ba9\u0bcd \u0b87\u0bb0\u0bc1\u0ba4\u0baf\u0ba4\u0bcd\u0ba4\u0bbf\u0bb2\u0bcd \u0b9a\u0bca\u0bb2\u0bcd\u0bb2\u0bc1\u0b95\u0bbf\u0bb1\u0bb5\u0ba9\u0bc7, \u0b89\u0ba9\u0bcd \u0b87\u0bb0\u0bc1\u0ba4\u0baf\u0ba4\u0bcd\u0ba4\u0bbf\u0ba9\u0bcd \u0b85\u0b95\u0ba8\u0bcd\u0ba4\u0bc8 \u0b89\u0ba9\u0bcd\u0ba9\u0bc8 \u0bae\u0bcb\u0b9a\u0bae\u0bcd\u0baa\u0bcb\u0b95\u0bcd\u0b95\u0bc1\u0b95\u0bbf\u0bb1\u0ba4\u0bc1."},{"Verseid":"30000003","Verse":"\u0ba8\u0bc0 \u0b95\u0bb4\u0bc1\u0b95\u0bc8\u0baa\u0bcd\u0baa\u0bcb\u0bb2 \u0b89\u0baf\u0bb0\u0baa\u0bcd\u0baa\u0bcb\u0ba9\u0bbe\u0bb2\u0bc1\u0bae\u0bcd \u0ba8\u0bc0 \u0ba8\u0b9f\u0bcd\u0b9a\u0ba4\u0bcd\u0ba4\u0bbf\u0bb0\u0b99\u0bcd\u0b95\u0bb3\u0bc1\u0b95\u0bcd\u0b95\u0bc1\u0bb3\u0bcd\u0bb3\u0bc7 \u0b89\u0ba9\u0bcd \u0b95\u0bc2\u0b9f\u0bcd\u0b9f\u0bc8\u0b95\u0bcd \u0b95\u0b9f\u0bcd\u0b9f\u0bbf\u0ba9\u0bbe\u0bb2\u0bc1\u0bae\u0bcd, \u0b85\u0bb5\u0bcd\u0bb5\u0bbf\u0b9f\u0ba4\u0bcd\u0ba4\u0bbf\u0bb2\u0bbf\u0bb0\u0bc1\u0ba8\u0bcd\u0ba4\u0bc1\u0bae\u0bcd \u0b89\u0ba9\u0bcd\u0ba9\u0bc8 \u0bb5\u0bbf\u0bb4\u0ba4\u0bcd\u0ba4\u0bb3\u0bcd\u0bb3\u0bc1\u0bb5\u0bc7\u0ba9\u0bc6\u0ba9\u0bcd\u0bb1\u0bc1 \u0b95\u0bb0\u0bcd\u0ba4\u0bcd\u0ba4\u0bb0\u0bcd \u0b9a\u0bca\u0bb2\u0bcd\u0bb2\u0bc1\u0b95\u0bbf\u0bb1\u0bbe\u0bb0\u0bcd,"},{"Verseid":"30000004","Verse":"\u0ba8\u0bc0 \u0b8e\u0bb5\u0bcd\u0bb5\u0bb3\u0bb5\u0bbe\u0baf\u0bcd\u0b9a\u0bcd \u0b9a\u0b99\u0bcd\u0b95\u0bb0\u0bbf\u0baa\u0bcd\u0baa\u0b9f\u0bcd\u0b9f\u0bc1\u0baa\u0bcd\u0baa\u0bcb\u0ba9\u0bbe\u0baf\u0bcd! \u0ba4\u0bbf\u0bb0\u0bc1\u0b9f\u0bb0\u0bbe\u0b95\u0bbf\u0bb2\u0bc1\u0bae\u0bcd \u0b87\u0bb0\u0bbe\u0ba4\u0bcd\u0ba4\u0bbf\u0bb0\u0bbf\u0baf\u0bbf\u0bb2\u0bcd \u0b95\u0bca\u0bb3\u0bcd\u0bb3\u0bc8\u0baf\u0b9f\u0bbf\u0b95\u0bcd\u0b95\u0bbf\u0bb1\u0bb5\u0bb0\u0bcd\u0b95\u0bb3\u0bbe\u0b95\u0bbf\u0bb2\u0bc1\u0bae\u0bcd \u0b89\u0ba9\u0bcd\u0ba9\u0bbf\u0b9f\u0ba4\u0bcd\u0ba4\u0bbf\u0bb2\u0bcd \u0bb5\u0ba8\u0bcd\u0ba4\u0bbe\u0bb2\u0bcd, \u0ba4\u0b99\u0bcd\u0b95\u0bb3\u0bc1\u0b95\u0bcd\u0b95\u0bc1\u0baa\u0bcd \u0baa\u0bcb\u0ba4\u0bc1\u0bae\u0bbe\u0ba9\u0bae\u0b9f\u0bcd\u0b9f\u0bc1\u0bae\u0bcd \u0ba4\u0bbf\u0bb0\u0bc1\u0b9f\u0bc1\u0bb5\u0bbe\u0bb0\u0bcd\u0b95\u0bb3\u0bcd \u0b85\u0bb2\u0bcd\u0bb2\u0bb5\u0bcb? \u0ba4\u0bbf\u0bb0\u0bbe\u0b9f\u0bcd\u0b9a\u0baa\u0bcd\u0baa\u0bb4\u0b99\u0bcd\u0b95\u0bb3\u0bc8 \u0b85\u0bb1\u0bc1\u0b95\u0bcd\u0b95\u0bbf\u0bb1\u0bb5\u0bb0\u0bcd\u0b95\u0bb3\u0bcd \u0b89\u0ba9\u0bcd\u0ba9\u0bbf\u0b9f\u0ba4\u0bcd\u0ba4\u0bbf\u0bb2\u0bcd \u0bb5\u0ba8\u0bcd\u0ba4\u0bbe\u0bb2\u0bcd, \u0b9a\u0bbf\u0bb2 \u0baa\u0bb4\u0b99\u0bcd\u0b95\u0bb3\u0bc8 \u0bb5\u0bbf\u0b9f\u0bcd\u0b9f\u0bc1\u0bb5\u0bbf\u0b9f\u0bc1\u0bb5\u0bbe\u0bb0\u0bcd\u0b95\u0bb3\u0bcd \u0b85\u0bb2\u0bcd\u0bb2\u0bb5\u0bcb?"},{"Verseid":"30000005","Verse":"\u0b8f\u0b9a\u0bbe\u0bb5\u0bbf\u0ba9\u0bc1\u0b9f\u0bc8\u0baf\u0bb5\u0bc8\u0b95\u0bb3\u0bcd \u0b8e\u0bb5\u0bcd\u0bb5\u0bb3\u0bb5\u0bbe\u0baf\u0bcd\u0ba4\u0bcd \u0ba4\u0bc7\u0b9f\u0bbf\u0baa\u0bcd\u0baa\u0bbe\u0bb0\u0bcd\u0b95\u0bcd\u0b95\u0baa\u0bcd\u0baa\u0b9f\u0bcd\u0b9f\u0ba4\u0bc1; \u0b85\u0bb5\u0ba9\u0bc1\u0b9f\u0bc8\u0baf \u0b85\u0ba8\u0bcd\u0ba4\u0bb0\u0b99\u0bcd\u0b95\u0baa\u0bcd \u0baa\u0bca\u0b95\u0bcd\u0b95\u0bbf\u0bb7\u0b99\u0bcd\u0b95\u0bb3\u0bcd \u0b8e\u0bb5\u0bcd\u0bb5\u0bb3\u0bb5\u0bbe\u0baf\u0bcd \u0b86\u0bb0\u0bbe\u0baf\u0bcd\u0ba8\u0bcd\u0ba4\u0bc6\u0b9f\u0bc1\u0ba4\u0bcd\u0ba4\u0bc1\u0b95\u0bcd\u0b95\u0bca\u0bb3\u0bcd\u0bb3\u0baa\u0bcd\u0baa\u0b9f\u0bcd\u0b9f\u0ba4\u0bc1."},{"Verseid":"30000006","Verse":"\u0b89\u0ba9\u0bcd\u0ba9\u0bcb\u0b9f\u0bc1 \u0b89\u0b9f\u0ba9\u0bcd\u0baa\u0b9f\u0bbf\u0b95\u0bcd\u0b95\u0bc8 \u0b9a\u0bc6\u0baf\u0bcd\u0ba4 \u0b8e\u0bb2\u0bcd\u0bb2\u0bbe \u0bae\u0ba9\u0bc1\u0bb7\u0bb0\u0bc1\u0bae\u0bcd \u0b89\u0ba9\u0bcd\u0ba9\u0bc8 \u0b8e\u0bb2\u0bcd\u0bb2\u0bc8\u0bae\u0b9f\u0bcd\u0b9f\u0bc1\u0bae\u0bcd \u0ba4\u0bc1\u0bb0\u0ba4\u0bcd\u0ba4\u0bbf\u0bb5\u0bbf\u0b9f\u0bcd\u0b9f\u0bbe\u0bb0\u0bcd\u0b95\u0bb3\u0bcd; \u0b89\u0ba9\u0bcd\u0ba9\u0bcb\u0b9f\u0bc1 \u0b9a\u0bae\u0bbe\u0ba4\u0bbe\u0ba9\u0bae\u0bbe\u0baf\u0bbf\u0bb0\u0bc1\u0ba8\u0bcd\u0ba4 \u0bae\u0ba9\u0bc1\u0bb7\u0bb0\u0bcd \u0b89\u0ba9\u0bcd\u0ba9\u0bc8 \u0bae\u0bcb\u0b9a\u0bae\u0bcd\u0baa\u0bcb\u0b95\u0bcd\u0b95\u0bbf \u0b89\u0ba9\u0bcd\u0ba9\u0bc8 \u0bae\u0bc7\u0bb1\u0bcd\u0b95\u0bca\u0ba3\u0bcd\u0b9f\u0bbe\u0bb0\u0bcd\u0b95\u0bb3\u0bcd; \u0b89\u0ba9\u0bcd \u0b85\u0baa\u0bcd\u0baa\u0ba4\u0bcd\u0ba4\u0bc8\u0b9a\u0bcd \u0b9a\u0bbe\u0baa\u0bcd\u0baa\u0bbf\u0b9f\u0bcd\u0b9f\u0bb5\u0bb0\u0bcd\u0b95\u0bb3\u0bcd \u0b89\u0ba9\u0b95\u0bcd\u0b95\u0bc1\u0b95\u0bcd \u0b95\u0bc0\u0bb4\u0bc7 \u0b95\u0ba3\u0bcd\u0ba3\u0bbf\u0bb5\u0bc8\u0ba4\u0bcd\u0ba4\u0bbe\u0bb0\u0bcd\u0b95\u0bb3\u0bcd, \u0b85\u0bb5\u0ba9\u0bc1\u0b95\u0bcd\u0b95\u0bc1 \u0b89\u0ba3\u0bb0\u0bcd\u0bb5\u0bbf\u0bb2\u0bcd\u0bb2\u0bc8."},{"Verseid":"30000007","Verse":"\u0b85\u0ba8\u0bcd\u0ba8\u0bbe\u0bb3\u0bbf\u0bb2\u0bcd \u0b85\u0bb2\u0bcd\u0bb2\u0bb5\u0bcb \u0ba8\u0bbe\u0ba9\u0bc7 \u0b8f\u0ba4\u0bcb\u0bae\u0bbf\u0bb2\u0bc1\u0bb3\u0bcd\u0bb3 \u0b9e\u0bbe\u0ba9\u0bbf\u0b95\u0bb3\u0bc8\u0baf\u0bc1\u0bae\u0bcd, \u0b8f\u0b9a\u0bbe\u0bb5\u0bbf\u0ba9\u0bcd \u0baa\u0bb0\u0bcd\u0bb5\u0ba4\u0ba4\u0bcd\u0ba4\u0bbf\u0bb2\u0bc1\u0bb3\u0bcd\u0bb3 \u0baa\u0bc1\u0ba4\u0bcd\u0ba4\u0bbf\u0bae\u0bbe\u0ba9\u0bcd\u0b95\u0bb3\u0bc8\u0baf\u0bc1\u0bae\u0bcd \u0b85\u0bb4\u0bbf\u0baa\u0bcd\u0baa\u0bc7\u0ba9\u0bcd \u0b8e\u0ba9\u0bcd\u0bb1\u0bc1 \u0b95\u0bb0\u0bcd\u0ba4\u0bcd\u0ba4\u0bb0\u0bcd \u0b9a\u0bca\u0bb2\u0bcd\u0bb2\u0bc1\u0b95\u0bbf\u0bb1\u0bbe\u0bb0\u0bcd."},{"Verseid":"30000008","Verse":"\u0ba4\u0bc7\u0bae\u0bbe\u0ba9\u0bc7, \u0b8f\u0b9a\u0bbe\u0bb5\u0bbf\u0ba9\u0bcd \u0baa\u0bb0\u0bcd\u0bb5\u0ba4\u0ba4\u0bcd\u0ba4\u0bbf\u0bb2\u0bc1\u0bb3\u0bcd\u0bb3 \u0bae\u0ba9\u0bc1\u0bb7\u0bb0\u0bcd\u0b95\u0bb3\u0bcd \u0b85\u0ba9\u0bc8\u0bb5\u0bb0\u0bc1\u0bae\u0bcd \u0b95\u0bca\u0bb2\u0bc8\u0baf\u0bbf\u0ba9\u0bbe\u0bb2\u0bcd \u0b9a\u0b99\u0bcd\u0b95\u0bb0\u0bbf\u0b95\u0bcd\u0b95\u0baa\u0bcd\u0baa\u0b9f\u0bc1\u0bae\u0bcd\u0baa\u0b9f\u0bbf \u0b89\u0ba9\u0bcd \u0baa\u0bb0\u0bbe\u0b95\u0bcd\u0b95\u0bbf\u0bb0\u0bae\u0b9a\u0bbe\u0bb2\u0bbf\u0b95\u0bb3\u0bcd \u0b95\u0bb2\u0b99\u0bcd\u0b95\u0bc1\u0bb5\u0bbe\u0bb0\u0bcd\u0b95\u0bb3\u0bcd."},{"Verseid":"30000009","Verse":"\u0ba8\u0bc0 \u0b89\u0ba9\u0bcd \u0b9a\u0b95\u0bcb\u0ba4\u0bb0\u0ba9\u0bbe\u0b95\u0bbf\u0baf \u0baf\u0bbe\u0b95\u0bcd\u0b95\u0bcb\u0baa\u0bc1\u0b95\u0bcd\u0b95\u0bc1\u0b9a\u0bcd \u0b9a\u0bc6\u0baf\u0bcd\u0ba4 \u0b95\u0bca\u0b9f\u0bc1\u0bae\u0bc8\u0baf\u0bbf\u0ba9\u0bbf\u0bae\u0bbf\u0ba4\u0bcd\u0ba4\u0bae\u0bcd \u0bb5\u0bc6\u0b9f\u0bcd\u0b95\u0bae\u0bcd \u0b89\u0ba9\u0bcd\u0ba9\u0bc8 \u0bae\u0bc2\u0b9f\u0bc1\u0bae\u0bcd; \u0ba8\u0bc0 \u0bae\u0bc1\u0bb1\u0bcd\u0bb1\u0bbf\u0bb2\u0bc1\u0bae\u0bcd \u0b9a\u0b99\u0bcd\u0b95\u0bb0\u0bbf\u0b95\u0bcd\u0b95\u0baa\u0bcd\u0baa\u0b9f\u0bcd\u0b9f\u0bc1\u0baa\u0bcd\u0baa\u0bcb\u0bb5\u0bbe\u0baf\u0bcd."},{"Verseid":"30000010","Verse":"\u0ba8\u0bc0 \u0b8e\u0ba4\u0bbf\u0bb0\u0bcd\u0ba4\u0bcd\u0ba4\u0bc1\u0ba8\u0bbf\u0ba9\u0bcd\u0bb1 \u0ba8\u0bbe\u0bb3\u0bbf\u0bb2\u0bc1\u0bae\u0bcd, \u0b85\u0ba8\u0bcd\u0ba8\u0bbf\u0baf\u0bb0\u0bcd \u0b85\u0bb5\u0ba9\u0bcd \u0b9a\u0bc7\u0ba9\u0bc8\u0baf\u0bc8\u0b9a\u0bcd \u0b9a\u0bbf\u0bb1\u0bc8\u0baa\u0bbf\u0b9f\u0bbf\u0ba4\u0bcd\u0ba4\u0bc1\u0baa\u0bcd\u0baa\u0bcb\u0ba9 \u0ba8\u0bbe\u0bb3\u0bbf\u0bb2\u0bc1\u0bae\u0bcd, \u0bae\u0bb1\u0bc1\u0ba4\u0bc7\u0b9a\u0ba4\u0bcd\u0ba4\u0bbe\u0bb0\u0bcd \u0b85\u0bb5\u0ba9\u0bcd \u0bb5\u0bbe\u0b9a\u0bb2\u0bcd\u0b95\u0bb3\u0bc1\u0b95\u0bcd\u0b95\u0bc1\u0bb3\u0bcd \u0baa\u0bbf\u0bb0\u0bb5\u0bc7\u0b9a\u0bbf\u0ba4\u0bcd\u0ba4\u0bc1 \u0b8e\u0bb0\u0bc1\u0b9a\u0bb2\u0bc7\u0bae\u0bbf\u0ba9\u0bcd\u0baa\u0bc7\u0bb0\u0bbf\u0bb2\u0bcd \u0b9a\u0bc0\u0b9f\u0bcd\u0b9f\u0bc1\u0baa\u0b9f\u0bcd\u0b9f \u0b95\u0bbe\u0bb2\u0ba4\u0bcd\u0ba4\u0bbf\u0bb2\u0bcd, \u0ba8\u0bc0\u0baf\u0bc1\u0bae\u0bcd \u0b85\u0bb5\u0bb0\u0bcd\u0b95\u0bb3\u0bbf\u0bb2\u0bcd \u0b92\u0bb0\u0bc1\u0bb5\u0ba9\u0bc8\u0baa\u0bcd\u0baa\u0bcb\u0bb2 \u0b87\u0bb0\u0bc1\u0ba8\u0bcd\u0ba4\u0bbe\u0baf\u0bcd."},{"Verseid":"30000011","Verse":"\u0b89\u0ba9\u0bcd \u0b9a\u0b95\u0bcb\u0ba4\u0bb0\u0ba9\u0bcd \u0b85\u0ba8\u0bcd\u0ba8\u0bbf\u0baf\u0bb0\u0bcd\u0bb5\u0b9a\u0bae\u0bbe\u0ba9 \u0ba8\u0bbe\u0bb3\u0bbe\u0b95\u0bbf\u0baf \u0b85\u0bb5\u0ba9\u0bc1\u0b9f\u0bc8\u0baf \u0ba8\u0bbe\u0bb3\u0bc8 \u0ba8\u0bc0 \u0baa\u0bbf\u0bb0\u0bbf\u0baf\u0ba4\u0bcd\u0ba4\u0bcb\u0b9f\u0bc7 \u0baa\u0bbe\u0bb0\u0bbe\u0bae\u0bb2\u0bc1\u0bae\u0bcd, \u0baf\u0bc2\u0ba4\u0bbe \u0baa\u0bc1\u0ba4\u0bcd\u0ba4\u0bbf\u0bb0\u0bb0\u0bc1\u0b9f\u0bc8\u0baf \u0b85\u0bb4\u0bbf\u0bb5\u0bbf\u0ba9\u0bcd \u0ba8\u0bbe\u0bb3\u0bbf\u0bb2\u0bc7 \u0b85\u0bb5\u0bb0\u0bcd\u0b95\u0bb3\u0bcd \u0ba8\u0bbf\u0bae\u0bbf\u0ba4\u0bcd\u0ba4\u0bae\u0bcd \u0b9a\u0ba8\u0bcd\u0ba4\u0bcb\u0bb7\u0baa\u0bcd\u0baa\u0b9f\u0bbe\u0bae\u0bb2\u0bc1\u0bae\u0bcd \u0b85\u0bb5\u0bb0\u0bcd\u0b95\u0bb3\u0bcd \u0ba8\u0bc6\u0bb0\u0bc1\u0b95\u0bcd\u0b95\u0baa\u0bcd\u0baa\u0b9f\u0bc1\u0b95\u0bbf\u0bb1 \u0ba8\u0bbe\u0bb3\u0bbf\u0bb2\u0bc7 \u0ba8\u0bc0 \u0baa\u0bc6\u0bb0\u0bc1\u0bae\u0bc8\u0baf\u0bbe\u0baf\u0bcd\u0baa\u0bcd \u0baa\u0bc7\u0b9a\u0bbe\u0bae\u0bb2\u0bc1\u0bae\u0bcd \u0b87\u0bb0\u0bc1\u0b95\u0bcd\u0b95 \u0bb5\u0bc7\u0ba3\u0bcd\u0b9f\u0bbf\u0baf\u0ba4\u0bbe\u0baf\u0bbf\u0bb0\u0bc1\u0ba8\u0bcd\u0ba4\u0ba4\u0bc1."},{"Verseid":"30000012","Verse":"\u0b8e\u0ba9\u0bcd \u0b9c\u0ba9\u0ba4\u0bcd\u0ba4\u0bbf\u0ba9\u0bcd \u0b86\u0baa\u0ba4\u0bcd\u0ba4\u0bc1\u0ba8\u0bbe\u0bb3\u0bbf\u0bb2\u0bc7 \u0ba8\u0bc0 \u0b85\u0bb5\u0bb0\u0bcd\u0b95\u0bb3\u0bcd \u0bb5\u0bbe\u0b9a\u0bb2\u0bcd\u0b95\u0bb3\u0bc1\u0b95\u0bcd\u0b95\u0bc1\u0bb3\u0bcd \u0baa\u0bbf\u0bb0\u0bb5\u0bc7\u0b9a\u0bbf\u0baf\u0bbe\u0bae\u0bb2\u0bc1\u0bae\u0bcd, \u0b85\u0bb5\u0bb0\u0bcd\u0b95\u0bb3\u0bcd \u0b86\u0baa\u0ba4\u0bcd\u0ba4\u0bc1\u0ba8\u0bbe\u0bb3\u0bbf\u0bb2\u0bc7 \u0b85\u0bb5\u0bb0\u0bcd\u0b95\u0bb3\u0bcd \u0b85\u0ba8\u0bc1\u0baa\u0bb5\u0bbf\u0b95\u0bcd\u0b95\u0bbf\u0bb1 \u0ba4\u0bc0\u0b99\u0bcd\u0b95\u0bc8 \u0ba8\u0bc0 \u0baa\u0bbf\u0bb0\u0bbf\u0baf\u0ba4\u0bcd\u0ba4\u0bcb\u0b9f\u0bc7 \u0baa\u0bbe\u0bb0\u0bbe\u0bae\u0bb2\u0bc1\u0bae\u0bcd, \u0b85\u0bb5\u0bb0\u0bcd\u0b95\u0bb3\u0bcd \u0b86\u0baa\u0ba4\u0bcd\u0ba4\u0bc1\u0ba8\u0bbe\u0bb3\u0bbf\u0bb2\u0bc7 \u0b85\u0bb5\u0bb0\u0bcd\u0b95\u0bb3\u0bcd \u0b86\u0bb8\u0bcd\u0ba4\u0bbf\u0baf\u0bbf\u0bb2\u0bcd \u0b95\u0bc8\u0baa\u0bcb\u0b9f\u0bbe\u0bae\u0bb2\u0bc1\u0bae\u0bcd,"},{"Verseid":"30000013","Verse":"\u0b85\u0bb5\u0bb0\u0bcd\u0b95\u0bb3\u0bbf\u0bb2\u0bcd \u0ba4\u0baa\u0bcd\u0baa\u0bbf\u0ba9\u0bb5\u0bb0\u0bcd\u0b95\u0bb3\u0bc8\u0b9a\u0bcd \u0b9a\u0b99\u0bcd\u0b95\u0bb0\u0bbf\u0b95\u0bcd\u0b95\u0bc1\u0bae\u0bcd\u0baa\u0b9f\u0bbf \u0bb5\u0bb4\u0bbf\u0b9a\u0bcd\u0b9a\u0ba8\u0bcd\u0ba4\u0bbf\u0b95\u0bb3\u0bbf\u0bb2\u0bc7 \u0ba8\u0bbf\u0bb1\u0bcd\u0b95\u0bbe\u0bae\u0bb2\u0bc1\u0bae\u0bcd, \u0b87\u0b95\u0bcd\u0b95\u0b9f\u0bcd\u0b9f\u0bc1 \u0ba8\u0bbe\u0bb3\u0bbf\u0bb2\u0bcd \u0b85\u0bb5\u0bb0\u0bcd\u0b95\u0bb3\u0bbf\u0bb2\u0bcd \u0bae\u0bc0\u0ba4\u0bbf\u0baf\u0bbe\u0ba9\u0bb5\u0bb0\u0bcd\u0b95\u0bb3\u0bc8\u0b95\u0bcd \u0b95\u0bbe\u0b9f\u0bcd\u0b9f\u0bbf\u0b95\u0bcd\u0b95\u0bca\u0b9f\u0bbe\u0bae\u0bb2\u0bc1\u0bae\u0bcd \u0b87\u0bb0\u0bc1\u0b95\u0bcd\u0b95 \u0bb5\u0bc7\u0ba3\u0bcd\u0b9f\u0bbf\u0baf\u0ba4\u0bbe\u0baf\u0bbf\u0bb0\u0bc1\u0ba8\u0bcd\u0ba4\u0ba4\u0bc1."},{"Verseid":"30000014","Verse":"\u0b8e\u0bb2\u0bcd\u0bb2\u0bbe \u0b9c\u0bbe\u0ba4\u0bbf\u0b95\u0bb3\u0bc1\u0b95\u0bcd\u0b95\u0bc1\u0bae\u0bcd \u0bb5\u0bbf\u0bb0\u0bcb\u0ba4\u0bae\u0bbe\u0ba9 \u0ba8\u0bbe\u0bb3\u0bbe\u0b95\u0bbf\u0baf \u0b95\u0bb0\u0bcd\u0ba4\u0bcd\u0ba4\u0bb0\u0bc1\u0b9f\u0bc8\u0baf \u0ba8\u0bbe\u0bb3\u0bcd \u0b9a\u0bae\u0bc0\u0baa\u0bae\u0bbe\u0baf\u0bcd \u0bb5\u0ba8\u0bcd\u0ba4\u0bbf\u0bb0\u0bc1\u0b95\u0bcd\u0b95\u0bbf\u0bb1\u0ba4\u0bc1; \u0ba8\u0bc0 \u0b9a\u0bc6\u0baf\u0bcd\u0ba4\u0baa\u0b9f\u0bbf\u0baf\u0bc7 \u0b89\u0ba9\u0b95\u0bcd\u0b95\u0bc1\u0bae\u0bcd \u0b9a\u0bc6\u0baf\u0bcd\u0baf\u0baa\u0bcd\u0baa\u0b9f\u0bc1\u0bae\u0bcd; \u0b89\u0ba9\u0bcd \u0b9a\u0bc6\u0baf\u0bcd\u0b95\u0bc8\u0baf\u0bbf\u0ba9\u0bcd \u0baa\u0bb2\u0ba9\u0bcd \u0b89\u0ba9\u0bcd \u0ba4\u0bb2\u0bc8\u0baf\u0bbf\u0ba9\u0bcd\u0bae\u0bc7\u0bb2\u0bcd \u0ba4\u0bbf\u0bb0\u0bc1\u0bae\u0bcd\u0baa\u0bc1\u0bae\u0bcd."},{"Verseid":"30000015","Verse":"\u0ba8\u0bc0\u0b99\u0bcd\u0b95\u0bb3\u0bcd \u0b8e\u0ba9\u0bcd \u0baa\u0bb0\u0bbf\u0b9a\u0bc1\u0ba4\u0bcd\u0ba4 \u0baa\u0bb0\u0bcd\u0bb5\u0ba4\u0ba4\u0bcd\u0ba4\u0bbf\u0ba9\u0bcd\u0bae\u0bc7\u0bb2\u0bcd \u0bae\u0ba4\u0bc1\u0baa\u0bbe\u0ba9\u0bae\u0bcd\u0baa\u0ba3\u0bcd\u0ba3\u0bbf\u0ba9\u0baa\u0b9f\u0bbf\u0baf\u0bc7 \u0b8e\u0bb2\u0bcd\u0bb2\u0bbe \u0b9c\u0bbe\u0ba4\u0bbf\u0b95\u0bb3\u0bc1\u0bae\u0bcd \u0b8e\u0baa\u0bcd\u0baa\u0bca\u0bb4\u0bc1\u0ba4\u0bc1\u0bae\u0bcd \u0bae\u0ba4\u0bc1\u0baa\u0bbe\u0ba9\u0bae\u0bcd\u0baa\u0ba3\u0bcd\u0ba3\u0bc1\u0bb5\u0bbe\u0bb0\u0bcd\u0b95\u0bb3\u0bcd; \u0b85\u0bb5\u0bb0\u0bcd\u0b95\u0bb3\u0bcd \u0b95\u0bc1\u0b9f\u0bbf\u0ba4\u0bcd\u0ba4\u0bc1 \u0bb5\u0bbf\u0bb4\u0bc1\u0b99\u0bcd\u0b95\u0bc1\u0bb5\u0bbe\u0bb0\u0bcd\u0b95\u0bb3\u0bcd. \u0b87\u0bb0\u0bbe\u0ba4\u0bb5\u0bb0\u0bcd\u0b95\u0bb3\u0bc8\u0baa\u0bcd\u0baa\u0bcb\u0bb2\u0bcd \u0b87\u0bb0\u0bc1\u0baa\u0bcd\u0baa\u0bbe\u0bb0\u0bcd\u0b95\u0bb3\u0bcd."},{"Verseid":"30000016","Verse":"\u0b86\u0ba9\u0bbe\u0bb2\u0bc1\u0bae\u0bcd \u0b9a\u0bc0\u0baf\u0bcb\u0ba9\u0bcd \u0baa\u0bb0\u0bcd\u0bb5\u0ba4\u0ba4\u0bcd\u0ba4\u0bbf\u0bb2\u0bc7 \u0ba4\u0baa\u0bcd\u0baa\u0bbf\u0baf\u0bbf\u0bb0\u0bc1\u0baa\u0bcd\u0baa\u0bbe\u0bb0\u0bcd \u0b89\u0ba3\u0bcd\u0b9f\u0bc1, \u0b85\u0bb5\u0bb0\u0bcd\u0b95\u0bb3\u0bcd \u0baa\u0bb0\u0bbf\u0b9a\u0bc1\u0ba4\u0bcd\u0ba4\u0bae\u0bbe\u0baf\u0bbf\u0bb0\u0bc1\u0baa\u0bcd\u0baa\u0bbe\u0bb0\u0bcd\u0b95\u0bb3\u0bcd; \u0baf\u0bbe\u0b95\u0bcd\u0b95\u0bcb\u0baa\u0bbf\u0ba9\u0bcd \u0bb5\u0bae\u0bcd\u0b9a\u0ba4\u0bcd\u0ba4\u0bbe\u0bb0\u0bcd \u0ba4\u0b99\u0bcd\u0b95\u0bb3\u0bc1\u0b9f\u0bc8\u0baf \u0b9a\u0bc1\u0ba4\u0ba8\u0bcd\u0ba4\u0bb0\u0b99\u0bcd\u0b95\u0bb3\u0bc8\u0b9a\u0bcd \u0b9a\u0bc1\u0ba4\u0ba8\u0bcd\u0ba4\u0bb0\u0bbf\u0ba4\u0bcd\u0ba4\u0bc1\u0b95\u0bcd\u0b95\u0bca\u0bb3\u0bcd\u0bb5\u0bbe\u0bb0\u0bcd\u0b95\u0bb3\u0bcd."},{"Verseid":"30000017","Verse":"\u0baf\u0bbe\u0b95\u0bcd\u0b95\u0bcb\u0baa\u0bc1 \u0bb5\u0bae\u0bcd\u0b9a\u0ba4\u0bcd\u0ba4\u0bbe\u0bb0\u0bcd \u0b85\u0b95\u0bcd\u0b95\u0bbf\u0ba9\u0bbf\u0baf\u0bc1\u0bae\u0bcd, \u0baf\u0bcb\u0b9a\u0bc7\u0baa\u0bcd\u0baa\u0bc1 \u0bb5\u0bae\u0bcd\u0b9a\u0ba4\u0bcd\u0ba4\u0bbe\u0bb0\u0bcd \u0b85\u0b95\u0bcd\u0b95\u0bbf\u0ba9\u0bbf \u0b9c\u0bc1\u0bb5\u0bbe\u0bb2\u0bc8\u0baf\u0bc1\u0bae\u0bbe\u0baf\u0bbf\u0bb0\u0bc1\u0baa\u0bcd\u0baa\u0bbe\u0bb0\u0bcd\u0b95\u0bb3\u0bcd; \u0b8f\u0b9a\u0bbe \u0bb5\u0bae\u0bcd\u0b9a\u0ba4\u0bcd\u0ba4\u0bbe\u0bb0\u0bcb \u0bb5\u0bc8\u0b95\u0bcd\u0b95\u0bcb\u0bb2\u0bcd \u0ba4\u0bc1\u0bb0\u0bc1\u0bae\u0bcd\u0baa\u0bbe\u0baf\u0bbf\u0bb0\u0bc1\u0baa\u0bcd\u0baa\u0bbe\u0bb0\u0bcd\u0b95\u0bb3\u0bcd; \u0b85\u0bb5\u0bb0\u0bcd\u0b95\u0bb3\u0bcd \u0b87\u0bb5\u0bb0\u0bcd\u0b95\u0bb3\u0bc8\u0b95\u0bcd \u0b95\u0bca\u0bb3\u0bc1\u0ba4\u0bcd\u0ba4\u0bbf, \u0b8f\u0b9a\u0bbe\u0bb5\u0bbf\u0ba9\u0bcd \u0bb5\u0bae\u0bcd\u0b9a\u0ba4\u0bcd\u0ba4\u0bbf\u0bb2\u0bcd \u0bae\u0bc0\u0ba4\u0bbf\u0baf\u0bbf\u0bb0\u0bbe\u0ba4\u0baa\u0b9f\u0bbf \u0b87\u0bb5\u0bb0\u0bcd\u0b95\u0bb3\u0bc8\u0baa\u0bcd \u0baa\u0b9f\u0bcd\u0b9a\u0bbf\u0baa\u0bcd\u0baa\u0bbe\u0bb0\u0bcd\u0b95\u0bb3\u0bcd; \u0b95\u0bb0\u0bcd\u0ba4\u0bcd\u0ba4\u0bb0\u0bcd \u0b87\u0ba4\u0bc8\u0b9a\u0bcd \u0b9a\u0bca\u0ba9\u0bcd\u0ba9\u0bbe\u0bb0\u0bcd."},{"Verseid":"30000018","Verse":"\u0ba4\u0bc6\u0ba9\u0bcd\u0ba4\u0bc7\u0b9a\u0ba4\u0bcd\u0ba4\u0bbe\u0bb0\u0bcd \u0b8f\u0b9a\u0bbe\u0bb5\u0bbf\u0ba9\u0bcd \u0bae\u0bb2\u0bc8\u0baf\u0bc8\u0baf\u0bc1\u0bae\u0bcd, \u0b9a\u0bae\u0ba9\u0bbe\u0ba9 \u0ba4\u0bc7\u0b9a\u0ba4\u0bcd\u0ba4\u0bbe\u0bb0\u0bcd \u0baa\u0bc6\u0bb2\u0bbf\u0bb8\u0bcd\u0ba4\u0bb0\u0bbf\u0ba9\u0bcd \u0ba4\u0bc7\u0b9a\u0ba4\u0bcd\u0ba4\u0bc8\u0baf\u0bc1\u0bae\u0bcd \u0b9a\u0bc1\u0ba4\u0ba8\u0bcd\u0ba4\u0bb0\u0bbf\u0ba4\u0bcd\u0ba4\u0bc1\u0b95\u0bcd\u0b95\u0bca\u0bb3\u0bcd\u0bb5\u0bbe\u0bb0\u0bcd\u0b95\u0bb3\u0bcd; \u0b85\u0bb5\u0bb0\u0bcd\u0b95\u0bb3\u0bcd \u0b8e\u0baa\u0bcd\u0baa\u0bbf\u0bb0\u0bbe\u0baf\u0bc0\u0bae\u0bbf\u0ba9\u0bcd \u0ba8\u0bbe\u0b9f\u0bcd\u0b9f\u0bc8\u0baf\u0bc1\u0bae\u0bcd, \u0b9a\u0bae\u0bbe\u0bb0\u0bbf\u0baf\u0bbe\u0bb5\u0bbf\u0ba9\u0bcd \u0ba8\u0bbe\u0b9f\u0bcd\u0b9f\u0bc8\u0baf\u0bc1\u0bae\u0bcd \u0b9a\u0bc1\u0ba4\u0ba8\u0bcd\u0ba4\u0bb0\u0bbf\u0ba4\u0bcd\u0ba4\u0bc1\u0b95\u0bcd\u0b95\u0bca\u0bb3\u0bcd\u0bb5\u0bbe\u0bb0\u0bcd\u0b95\u0bb3\u0bcd; \u0baa\u0bc6\u0ba9\u0bcd\u0baf\u0bae\u0bc0\u0ba9\u0bcd \u0bae\u0ba9\u0bc1\u0bb7\u0bb0\u0bcd \u0b95\u0bc0\u0bb2\u0bc7\u0baf\u0bbe\u0ba4\u0bcd\u0ba4\u0bc8\u0baf\u0bc1\u0bae\u0bcd \u0b9a\u0bc1\u0ba4\u0ba8\u0bcd\u0ba4\u0bb0\u0bbf\u0ba4\u0bcd\u0ba4\u0bc1\u0b95\u0bcd\u0b95\u0bca\u0bb3\u0bcd\u0bb5\u0bbe\u0bb0\u0bcd\u0b95\u0bb3\u0bcd."},{"Verseid":"30000019","Verse":"\u0b9a\u0bb0\u0bcd\u0baa\u0bbe\u0ba4\u0bcd\u0bae\u0b9f\u0bcd\u0b9f\u0bc1\u0bae\u0bcd \u0b95\u0bbe\u0ba9\u0bbe\u0ba9\u0bbf\u0baf\u0bb0\u0bc1\u0b95\u0bcd\u0b95\u0bc1\u0bb3\u0bcd\u0bb3\u0bc7 \u0b9a\u0bbf\u0bb1\u0bc8\u0baa\u0bcd\u0baa\u0b9f\u0bcd\u0b9f\u0bc1\u0baa\u0bcd\u0baa\u0bcb\u0ba9 \u0b87\u0bb8\u0bcd\u0bb0\u0bb5\u0bc7\u0bb2\u0bcd \u0baa\u0bc1\u0ba4\u0bcd\u0ba4\u0bbf\u0bb0\u0bb0\u0bbe\u0b95\u0bbf\u0baf \u0b87\u0ba8\u0bcd\u0ba4\u0b9a\u0bcd \u0b9a\u0bc7\u0ba9\u0bc8\u0baf\u0bc8\u0baf\u0bc1\u0bae\u0bcd \u0b9a\u0bc7\u0baa\u0bcd\u0baa\u0bbe\u0bb0\u0bbe\u0ba4\u0bcd\u0ba4\u0bbf\u0bb2\u0bcd \u0b9a\u0bbf\u0bb1\u0bc8\u0baa\u0bcd\u0baa\u0b9f\u0bcd\u0b9f\u0bc1\u0baa\u0bcd\u0baa\u0bcb\u0ba9 \u0b8e\u0bb0\u0bc1\u0b9a\u0bb2\u0bc7\u0bae\u0bcd \u0ba8\u0b95\u0bb0\u0ba4\u0bcd\u0ba4\u0bbe\u0bb0\u0bc1\u0bae\u0bcd \u0ba4\u0bc6\u0ba9\u0bcd\u0ba4\u0bbf\u0b9a\u0bc8\u0baa\u0bcd \u0baa\u0b9f\u0bcd\u0b9f\u0ba3\u0b99\u0bcd\u0b95\u0bb3\u0bc8\u0b9a\u0bcd \u0b9a\u0bc1\u0ba4\u0ba8\u0bcd\u0ba4\u0bb0\u0bbf\u0ba4\u0bcd\u0ba4\u0bc1\u0b95\u0bcd\u0b95\u0bca\u0bb3\u0bcd\u0bb5\u0bbe\u0bb0\u0bcd\u0b95\u0bb3\u0bcd."},{"Verseid":"30000020","Verse":"\u0b8f\u0b9a\u0bbe\u0bb5\u0bbf\u0ba9\u0bcd \u0baa\u0bb0\u0bcd\u0bb5\u0ba4\u0ba4\u0bcd\u0ba4\u0bc8 \u0ba8\u0bbf\u0baf\u0bbe\u0baf\u0ba8\u0bcd\u0ba4\u0bc0\u0bb0\u0bcd\u0baa\u0bcd\u0baa\u0ba4\u0bb1\u0bcd\u0b95\u0bbe\u0b95 \u0b87\u0bb0\u0b9f\u0bcd\u0b9a\u0b95\u0bb0\u0bcd\u0b95\u0bb3\u0bcd \u0b9a\u0bc0\u0baf\u0bcb\u0ba9\u0bcd\u0baa\u0bb0\u0bcd\u0bb5\u0ba4\u0ba4\u0bcd\u0ba4\u0bbf\u0bb2\u0bcd \u0bb5\u0ba8\u0bcd\u0ba4\u0bc7\u0bb1\u0bc1\u0bb5\u0bbe\u0bb0\u0bcd\u0b95\u0bb3\u0bcd; \u0b85\u0baa\u0bcd\u0baa\u0bca\u0bb4\u0bc1\u0ba4\u0bc1 \u0bb0\u0bbe\u0b9c\u0bcd\u0baf\u0bae\u0bcd \u0b95\u0bb0\u0bcd\u0ba4\u0bcd\u0ba4\u0bb0\u0bc1\u0b9f\u0bc8\u0baf\u0ba4\u0bbe\u0baf\u0bcd \u0b87\u0bb0\u0bc1\u0b95\u0bcd\u0b95\u0bc1\u0bae\u0bcd."}]}]}