{"Chapter":[{"Verse":[{"Verseid":"32000000","Verse":"\u0baf\u0bcb\u0ba4\u0bbe\u0bae\u0bcd, \u0b86\u0b95\u0bbe\u0bb8\u0bcd, \u0b8e\u0b9a\u0bc7\u0b95\u0bcd\u0b95\u0bbf\u0baf\u0bbe \u0b8e\u0ba9\u0bcd\u0ba9\u0bc1\u0bae\u0bcd \u0baf\u0bc2\u0ba4\u0bbe \u0bb0\u0bbe\u0b9c\u0bbe\u0b95\u0bcd\u0b95\u0bb3\u0bc1\u0b9f\u0bc8\u0baf \u0ba8\u0bbe\u0b9f\u0bcd\u0b95\u0bb3\u0bbf\u0bb2\u0bcd, \u0bae\u0bca\u0bb0\u0bc7\u0b9a\u0bbe \u0b8a\u0bb0\u0bbe\u0ba9\u0bbe\u0b95\u0bbf\u0baf \u0bae\u0bc0\u0b95\u0bbe\u0bb5\u0bc1\u0b95\u0bcd\u0b95\u0bc1 \u0b89\u0ba3\u0bcd\u0b9f\u0bbe\u0ba9\u0ba4\u0bc1\u0bae\u0bcd, \u0b85\u0bb5\u0ba9\u0bcd \u0b9a\u0bae\u0bbe\u0bb0\u0bbf\u0baf\u0bbe\u0bb5\u0bc1\u0b95\u0bcd\u0b95\u0bc1\u0bae\u0bcd \u0b8e\u0bb0\u0bc1\u0b9a\u0bb2\u0bc7\u0bae\u0bc1\u0b95\u0bcd\u0b95\u0bc1\u0bae\u0bcd \u0bb5\u0bbf\u0bb0\u0bcb\u0ba4\u0bae\u0bbe\u0baf\u0bcd\u0ba4\u0bcd \u0ba4\u0bb0\u0bbf\u0b9a\u0bbf\u0ba4\u0bcd\u0ba4\u0ba4\u0bc1\u0bae\u0bbe\u0ba9 \u0b95\u0bb0\u0bcd\u0ba4\u0bcd\u0ba4\u0bb0\u0bc1\u0b9f\u0bc8\u0baf \u0bb5\u0bbe\u0bb0\u0bcd\u0ba4\u0bcd\u0ba4\u0bc8."},{"Verseid":"32000001","Verse":"\u0b9a\u0b95\u0bb2 \u0b9c\u0ba9\u0b99\u0bcd\u0b95\u0bb3\u0bc7, \u0b95\u0bc7\u0bb3\u0bc1\u0b99\u0bcd\u0b95\u0bb3\u0bcd, \u0baa\u0bc2\u0bae\u0bbf\u0baf\u0bc7, \u0b85\u0ba4\u0bbf\u0bb2\u0bc1\u0bb3\u0bcd\u0bb3\u0bb5\u0bc8\u0b95\u0bb3\u0bc7, \u0b9a\u0bc6\u0bb5\u0bbf\u0b95\u0bca\u0b9f\u0bc1\u0b99\u0bcd\u0b95\u0bb3\u0bcd; \u0b95\u0bb0\u0bcd\u0ba4\u0bcd\u0ba4\u0bb0\u0bbe\u0b95\u0bbf\u0baf \u0b86\u0ba3\u0bcd\u0b9f\u0bb5\u0bb0\u0bcd \u0ba4\u0bae\u0bcd\u0bae\u0bc1\u0b9f\u0bc8\u0baf \u0baa\u0bb0\u0bbf\u0b9a\u0bc1\u0ba4\u0bcd\u0ba4 \u0b86\u0bb2\u0baf\u0ba4\u0bcd\u0ba4\u0bbf\u0bb2\u0bbf\u0bb0\u0bc1\u0b95\u0bcd\u0b95\u0bbf\u0bb1 \u0b86\u0ba3\u0bcd\u0b9f\u0bb5\u0bb0\u0bc7, \u0b89\u0b99\u0bcd\u0b95\u0bb3\u0bc1\u0b95\u0bcd\u0b95\u0bc1 \u0bb5\u0bbf\u0bb0\u0bcb\u0ba4\u0bae\u0bbe\u0b95\u0b9a\u0bcd \u0b9a\u0bbe\u0b9f\u0bcd\u0b9a\u0bbf\u0baf\u0bbe\u0baf\u0bbf\u0bb0\u0bc1\u0baa\u0bcd\u0baa\u0bbe\u0bb0\u0bcd."},{"Verseid":"32000002","Verse":"\u0b87\u0ba4\u0bcb, \u0b95\u0bb0\u0bcd\u0ba4\u0bcd\u0ba4\u0bb0\u0bcd \u0ba4\u0bae\u0ba4\u0bc1 \u0bb8\u0bcd\u0ba4\u0bbe\u0ba9\u0ba4\u0bcd\u0ba4\u0bbf\u0bb2\u0bbf\u0bb0\u0bc1\u0ba8\u0bcd\u0ba4\u0bc1 \u0baa\u0bc1\u0bb1\u0baa\u0bcd\u0baa\u0b9f\u0bcd\u0b9f\u0bc1 \u0bb5\u0bb0\u0bc1\u0b95\u0bbf\u0bb1\u0bbe\u0bb0\u0bcd; \u0b85\u0bb5\u0bb0\u0bcd \u0b87\u0bb1\u0b99\u0bcd\u0b95\u0bbf \u0baa\u0bc2\u0bae\u0bbf\u0baf\u0bbf\u0ba9\u0bcd \u0b89\u0baf\u0bb0\u0bcd\u0ba8\u0bcd\u0ba4 \u0b87\u0b9f\u0b99\u0bcd\u0b95\u0bb3\u0bc8 \u0bae\u0bbf\u0ba4\u0bbf\u0baa\u0bcd\u0baa\u0bbe\u0bb0\u0bcd."},{"Verseid":"32000003","Verse":"\u0bae\u0bc6\u0bb4\u0bc1\u0b95\u0bc1 \u0b85\u0b95\u0bcd\u0b95\u0bbf\u0ba9\u0bbf\u0b95\u0bcd\u0b95\u0bc1 \u0bae\u0bc1\u0ba9\u0bcd\u0baa\u0bbe\u0b95 \u0b89\u0bb0\u0bc1\u0b95\u0bc1\u0b95\u0bbf\u0bb1\u0ba4\u0bc1\u0baa\u0bcb\u0bb2\u0bb5\u0bc1\u0bae\u0bcd, \u0bae\u0bb2\u0bc8\u0b95\u0bb3\u0bbf\u0bb2\u0bbf\u0bb0\u0bc1\u0ba8\u0bcd\u0ba4\u0bc1 \u0baa\u0bbe\u0baf\u0bc1\u0ba8\u0bcd \u0ba4\u0ba3\u0bcd\u0ba3\u0bc0\u0bb0\u0bcd \u0ba4\u0bb0\u0bc8\u0baf\u0bc8\u0baa\u0bcd \u0baa\u0bbf\u0bb3\u0b95\u0bcd\u0b95\u0bbf\u0bb1\u0ba4\u0bc1\u0baa\u0bcb\u0bb2\u0bb5\u0bc1\u0bae\u0bcd, \u0baa\u0bb0\u0bcd\u0bb5\u0ba4\u0b99\u0bcd\u0b95\u0bb3\u0bcd \u0b85\u0bb5\u0bb0\u0bcd \u0b95\u0bc0\u0bb4\u0bc7 \u0b89\u0bb0\u0bc1\u0b95\u0bbf, \u0baa\u0bb3\u0bcd\u0bb3\u0ba4\u0bcd\u0ba4\u0bbe\u0b95\u0bcd\u0b95\u0bc1\u0b95\u0bb3\u0bcd \u0baa\u0bbf\u0bb3\u0ba8\u0bcd\u0ba4\u0bc1\u0baa\u0bcb\u0b95\u0bc1\u0bae\u0bcd."},{"Verseid":"32000004","Verse":"\u0b87\u0ba4\u0bc1 \u0b8e\u0bb2\u0bcd\u0bb2\u0bbe\u0bae\u0bcd \u0baf\u0bbe\u0b95\u0bcd\u0b95\u0bcb\u0baa\u0bc1\u0b9f\u0bc8\u0baf \u0bae\u0bc0\u0bb1\u0bc1\u0ba4\u0bb2\u0bbf\u0ba9\u0bbf\u0bae\u0bbf\u0ba4\u0bcd\u0ba4\u0bae\u0bc1\u0bae\u0bcd, \u0b87\u0bb8\u0bcd\u0bb0\u0bb5\u0bc7\u0bb2\u0bcd \u0bb5\u0bae\u0bcd\u0b9a\u0ba4\u0bcd\u0ba4\u0bbe\u0bb0\u0bc1\u0b9f\u0bc8\u0baf \u0baa\u0bbe\u0bb5\u0b99\u0bcd\u0b95\u0bb3\u0bbf\u0ba9\u0bbf\u0bae\u0bbf\u0ba4\u0bcd\u0ba4\u0bae\u0bc1\u0bae\u0bcd \u0b9a\u0bae\u0bcd\u0baa\u0bb5\u0bbf\u0b95\u0bcd\u0b95\u0bc1\u0bae\u0bcd; \u0baf\u0bbe\u0b95\u0bcd\u0b95\u0bcb\u0baa\u0bbf\u0ba9\u0bcd \u0bae\u0bc0\u0bb1\u0bc1\u0ba4\u0bb2\u0bc1\u0b95\u0bcd\u0b95\u0bc1\u0b95\u0bcd \u0b95\u0bbe\u0bb0\u0ba3\u0bae\u0bc6\u0ba9\u0bcd\u0ba9? \u0b9a\u0bae\u0bbe\u0bb0\u0bbf\u0baf\u0bbe \u0b85\u0bb2\u0bcd\u0bb2\u0bb5\u0bcb? \u0baf\u0bc2\u0ba4\u0bbe\u0bb5\u0bbf\u0ba9\u0bcd \u0bae\u0bc7\u0b9f\u0bc8\u0b95\u0bb3\u0bc1\u0b95\u0bcd\u0b95\u0bc1 \u0b95\u0bbe\u0bb0\u0ba3\u0bae\u0bc6\u0ba9\u0bcd\u0ba9? \u0b8e\u0bb0\u0bc1\u0b9a\u0bb2\u0bc7\u0bae\u0bcd \u0b85\u0bb2\u0bcd\u0bb2\u0bb5\u0bcb?"},{"Verseid":"32000005","Verse":"\u0b86\u0b95\u0bc8\u0baf\u0bbe\u0bb2\u0bcd \u0ba8\u0bbe\u0ba9\u0bcd \u0b9a\u0bae\u0bbe\u0bb0\u0bbf\u0baf\u0bbe\u0bb5\u0bc8 \u0bb5\u0bc6\u0bb3\u0bbf\u0baf\u0bbe\u0ba9 \u0bae\u0ba3\u0bcd\u0bae\u0bc7\u0b9f\u0bc1\u0bae\u0bcd, \u0ba4\u0bbf\u0bb0\u0bbe\u0b9f\u0bcd\u0b9a\u0b9a\u0bcd\u0b9a\u0bc6\u0b9f\u0bbf \u0ba8\u0b9f\u0bc1\u0b95\u0bbf\u0bb1 \u0ba8\u0bbf\u0bb2\u0bae\u0bc1\u0bae\u0bbe\u0b95\u0bcd\u0b95\u0bbf, \u0b85\u0ba4\u0bbf\u0ba9\u0bcd \u0b95\u0bb1\u0bcd\u0b95\u0bb3\u0bc8\u0baa\u0bcd \u0baa\u0bb3\u0bcd\u0bb3\u0ba4\u0bcd\u0ba4\u0bbe\u0b95\u0bcd\u0b95\u0bbf\u0bb2\u0bc7 \u0baa\u0bc1\u0bb0\u0ba3\u0bcd\u0b9f\u0bc1\u0bb5\u0bbf\u0bb4\u0baa\u0bcd\u0baa\u0ba3\u0bcd\u0ba3\u0bbf \u0b85\u0ba4\u0bbf\u0ba9\u0bcd \u0b85\u0bb8\u0bcd\u0ba4\u0bbf\u0baa\u0bbe\u0bb0\u0b99\u0bcd\u0b95\u0bb3\u0bc8\u0ba4\u0bcd\u0ba4\u0bbf\u0bb1\u0ba8\u0bcd\u0ba4\u0bc1 \u0bb5\u0bc8\u0baa\u0bcd\u0baa\u0bc7\u0ba9\u0bcd."},{"Verseid":"32000006","Verse":"\u0b85\u0ba4\u0bbf\u0ba9\u0bcd \u0b9a\u0bc1\u0baa\u0bbe\u0bb5\u0b99\u0bcd\u0b95\u0bb3\u0bcd \u0b8e\u0bb2\u0bcd\u0bb2\u0bbe\u0bae\u0bcd \u0ba8\u0bca\u0bb1\u0bc1\u0b95\u0bcd\u0b95\u0baa\u0bcd\u0baa\u0b9f\u0bc1\u0bae\u0bcd; \u0b85\u0ba4\u0bbf\u0ba9\u0bcd \u0baa\u0ba3\u0bc8\u0baf\u0b99\u0bcd\u0b95\u0bb3\u0bcd \u0b8e\u0bb2\u0bcd\u0bb2\u0bbe\u0bae\u0bcd \u0b85\u0b95\u0bcd\u0b95\u0bbf\u0ba9\u0bbf\u0baf\u0bbe\u0bb2\u0bcd \u0b8e\u0bb0\u0bbf\u0ba4\u0bcd\u0ba4\u0bc1\u0baa\u0bcd\u0baa\u0bcb\u0b9f\u0baa\u0bcd\u0baa\u0b9f\u0bc1\u0bae\u0bcd; \u0b85\u0ba4\u0bbf\u0ba9\u0bcd \u0bb5\u0bbf\u0b95\u0bcd\u0b95\u0bbf\u0bb0\u0b95\u0b99\u0bcd\u0b95\u0bb3\u0bc8 \u0b8e\u0bb2\u0bcd\u0bb2\u0bbe\u0bae\u0bcd \u0baa\u0bbe\u0bb4\u0bbe\u0b95\u0bcd\u0b95\u0bc1\u0bb5\u0bc7\u0ba9\u0bcd; \u0bb5\u0bc7\u0b9a\u0bbf\u0baa\u0bcd\u0baa\u0ba3\u0bc8\u0baf\u0ba4\u0bcd\u0ba4\u0bbf\u0ba9\u0bbe\u0bb2\u0bcd \u0b9a\u0bc7\u0bb0\u0bcd\u0b95\u0bcd\u0b95\u0baa\u0bcd\u0baa\u0b9f\u0bcd\u0b9f\u0ba4\u0bc1, \u0ba4\u0bbf\u0bb0\u0bc1\u0bae\u0bcd\u0baa \u0bb5\u0bc7\u0b9a\u0bbf\u0baa\u0bcd\u0baa\u0ba3\u0bc8\u0baf\u0bae\u0bbe\u0baf\u0bcd\u0baa\u0bcd \u0baa\u0bcb\u0b95\u0bc1\u0bae\u0bcd."},{"Verseid":"32000007","Verse":"\u0b87\u0ba4\u0bbf\u0ba9\u0bbf\u0bae\u0bbf\u0ba4\u0bcd\u0ba4\u0bae\u0bcd \u0ba8\u0bbe\u0ba9\u0bcd \u0baa\u0bc1\u0bb2\u0bae\u0bcd\u0baa\u0bbf \u0b85\u0bb2\u0bb1\u0bc1\u0bb5\u0bc7\u0ba9\u0bcd; \u0baa\u0bb1\u0bbf\u0b95\u0bca\u0b9f\u0bc1\u0ba4\u0bcd\u0ba4\u0bb5\u0ba9\u0bbe\u0b95\u0bb5\u0bc1\u0bae\u0bcd \u0b85\u0bae\u0bcd\u0bae\u0ba3\u0bae\u0bbe\u0b95\u0bb5\u0bc1\u0bae\u0bcd \u0ba8\u0b9f\u0baa\u0bcd\u0baa\u0bc7\u0ba9\u0bcd; \u0ba8\u0bbe\u0ba9\u0bcd \u0b93\u0bb0\u0bbf\u0b95\u0bb3\u0bc8\u0baa\u0bcd\u0baa\u0bcb\u0bb2 \u0b8a\u0bb3\u0bc8\u0baf\u0bbf\u0b9f\u0bcd\u0b9f\u0bc1, \u0b86\u0ba8\u0bcd\u0ba4\u0bc8\u0b95\u0bb3\u0bc8\u0baa\u0bcd\u0baa\u0bcb\u0bb2 \u0b85\u0bb2\u0bb1\u0bc1\u0bb5\u0bc7\u0ba9\u0bcd."},{"Verseid":"32000008","Verse":"\u0b85\u0ba4\u0bbf\u0ba9\u0bcd \u0b95\u0bbe\u0baf\u0bae\u0bcd \u0b86\u0bb1\u0bbe\u0ba4\u0ba4\u0bc1; \u0b85\u0ba4\u0bc1 \u0baf\u0bc2\u0ba4\u0bbe\u0bae\u0b9f\u0bcd\u0b9f\u0bc1\u0bae\u0bcd \u0bb5\u0ba8\u0bcd\u0ba4\u0ba4\u0bc1; \u0b8e\u0ba9\u0bcd \u0b9c\u0ba9\u0ba4\u0bcd\u0ba4\u0bbf\u0ba9\u0bcd \u0bb5\u0bbe\u0b9a\u0bb2\u0bbe\u0b95\u0bbf\u0baf \u0b8e\u0bb0\u0bc1\u0b9a\u0bb2\u0bc7\u0bae\u0bcd\u0bae\u0b9f\u0bcd\u0b9f\u0bc1\u0bae\u0bcd \u0bb5\u0ba8\u0bcd\u0ba4\u0bc6\u0b9f\u0bcd\u0b9f\u0bbf\u0ba9\u0ba4\u0bc1."},{"Verseid":"32000009","Verse":"\u0b85\u0ba4\u0bc8\u0b95\u0bcd \u0b95\u0bbe\u0ba4\u0bcd\u0baa\u0b9f\u0bcd\u0b9f\u0ba3\u0ba4\u0bcd\u0ba4\u0bbf\u0bb2\u0bc7 \u0b85\u0bb1\u0bbf\u0bb5\u0bbf\u0baf\u0bbe\u0ba4\u0bc7\u0baf\u0bc1\u0b99\u0bcd\u0b95\u0bb3\u0bcd. \u0b85\u0bb4\u0bb5\u0bc7 \u0bb5\u0bc7\u0ba3\u0bcd\u0b9f\u0bbe\u0bae\u0bcd; \u0baa\u0bc6\u0ba4\u0bcd\u0b85\u0baa\u0bcd\u0bb0\u0bbe\u0bb5\u0bbf\u0bb2\u0bc7 \u0baa\u0bc1\u0bb4\u0bc1\u0ba4\u0bbf\u0baf\u0bbf\u0bb2\u0bcd \u0baa\u0bc1\u0bb0\u0bb3\u0bc1."},{"Verseid":"32000010","Verse":"\u0b9a\u0bbe\u0baa\u0bcd\u0baa\u0bc0\u0bb0\u0bbf\u0bb2\u0bcd \u0b95\u0bc1\u0b9f\u0bbf\u0baf\u0bbf\u0bb0\u0bc1\u0b95\u0bcd\u0b95\u0bbf\u0bb1\u0bb5\u0bb3\u0bc7, \u0bb5\u0bc6\u0b9f\u0bcd\u0b95\u0ba4\u0bcd\u0ba4\u0bc1\u0b9f\u0ba9\u0bcd \u0b85\u0bae\u0bcd\u0bae\u0ba3\u0bae\u0bbe\u0baf\u0bcd \u0b85\u0baa\u0bcd\u0baa\u0bbe\u0bb2\u0bc7 \u0baa\u0bcb; \u0b9a\u0bbe\u0baf\u0ba9\u0bbe\u0ba9\u0bbf\u0bb2\u0bcd \u0b95\u0bc1\u0b9f\u0bbf\u0baf\u0bbf\u0bb0\u0bc1\u0b95\u0bcd\u0b95\u0bbf\u0bb1\u0bb5\u0ba9\u0bcd \u0bb5\u0bc6\u0bb3\u0bbf\u0baf\u0bc7 \u0bb5\u0bb0\u0bc1\u0bb5\u0ba4\u0bbf\u0bb2\u0bcd\u0bb2\u0bc8; \u0baa\u0bc6\u0ba4\u0bcd\u0b8f\u0b9a\u0bc7\u0bb2\u0bbf\u0ba9\u0bcd \u0baa\u0bc1\u0bb2\u0bae\u0bcd\u0baa\u0bb2\u0bcd \u0b89\u0b99\u0bcd\u0b95\u0bb3\u0bc1\u0b95\u0bcd\u0b95\u0bc1 \u0b85\u0b9f\u0bc8\u0b95\u0bcd\u0b95\u0bb2\u0bae\u0bbe\u0baf\u0bbf\u0bb0\u0bbe\u0ba4\u0bc1."},{"Verseid":"32000011","Verse":"\u0bae\u0bbe\u0bb0\u0bcb\u0ba4\u0bcd\u0ba4\u0bbf\u0bb2\u0bcd \u0b95\u0bc1\u0b9f\u0bbf\u0baf\u0bbf\u0bb0\u0bc1\u0b95\u0bcd\u0b95\u0bbf\u0bb1\u0bb5\u0bb3\u0bcd \u0ba8\u0ba9\u0bcd\u0bae\u0bc8 \u0bb5\u0bb0\u0bc1\u0bae\u0bc6\u0ba9\u0bcd\u0bb1\u0bc1 \u0b8e\u0ba4\u0bbf\u0bb0\u0bcd\u0baa\u0bbe\u0bb0\u0bcd\u0ba4\u0bcd\u0ba4\u0bbf\u0bb0\u0bc1\u0ba8\u0bcd\u0ba4\u0bbe\u0bb3\u0bcd; \u0b86\u0ba9\u0bbe\u0bb2\u0bc1\u0bae\u0bcd \u0ba4\u0bc0\u0bae\u0bc8 \u0b95\u0bb0\u0bcd\u0ba4\u0bcd\u0ba4\u0bb0\u0bbf\u0b9f\u0ba4\u0bcd\u0ba4\u0bbf\u0bb2\u0bbf\u0bb0\u0bc1\u0ba8\u0bcd\u0ba4\u0bc1 \u0b8e\u0bb0\u0bc1\u0b9a\u0bb2\u0bc7\u0bae\u0bbf\u0ba9\u0bcd \u0bb5\u0bbe\u0b9a\u0bb2\u0bcd\u0bb5\u0bb0\u0bc8\u0b95\u0bcd\u0b95\u0bc1\u0bae\u0bcd \u0bb5\u0ba8\u0bcd\u0ba4\u0ba4\u0bc1."},{"Verseid":"32000012","Verse":"\u0bb2\u0bbe\u0b95\u0bc0\u0b9a\u0bbf\u0bb2\u0bcd \u0b95\u0bc1\u0b9f\u0bbf\u0baf\u0bbf\u0bb0\u0bc1\u0b95\u0bcd\u0b95\u0bbf\u0bb1\u0bb5\u0bb3\u0bc7 \u0bb5\u0bc7\u0b95\u0bae\u0bbe\u0ba9 \u0b95\u0bc1\u0ba4\u0bbf\u0bb0\u0bc8\u0b95\u0bb3\u0bc8 \u0b87\u0bb0\u0ba4\u0ba4\u0bcd\u0ba4\u0bbf\u0bb2\u0bc7 \u0baa\u0bc2\u0b9f\u0bcd\u0b9f\u0bc1; \u0ba8\u0bc0\u0baf\u0bc7 \u0b9a\u0bc0\u0baf\u0bcb\u0ba9\u0bcd \u0b95\u0bc1\u0bae\u0bbe\u0bb0\u0ba4\u0bcd\u0ba4\u0bbf\u0baf\u0bbf\u0ba9\u0bcd \u0baa\u0bbe\u0bb5\u0ba4\u0bcd\u0ba4\u0bc1\u0b95\u0bcd\u0b95\u0bc1\u0b95\u0bcd \u0b95\u0bbe\u0bb0\u0ba3\u0bbf; \u0b89\u0ba9\u0bcd\u0ba9\u0bbf\u0b9f\u0ba4\u0bcd\u0ba4\u0bbf\u0bb2\u0bcd \u0b87\u0bb8\u0bcd\u0bb0\u0bb5\u0bc7\u0bb2\u0bbf\u0ba9\u0bcd \u0baa\u0bbe\u0ba4\u0b95\u0b99\u0bcd\u0b95\u0bb3\u0bcd \u0b95\u0bbe\u0ba3\u0baa\u0bcd\u0baa\u0b9f\u0bcd\u0b9f\u0ba4\u0bc1."},{"Verseid":"32000013","Verse":"\u0b86\u0b95\u0bc8\u0baf\u0bbe\u0bb2\u0bcd \u0bae\u0bcb\u0bb0\u0bcd\u0bb7\u0bc7\u0b95\u0bcd\u0b95\u0bbe\u0ba4\u0bcd\u0ba4\u0bbf\u0ba9\u0bbf\u0b9f\u0ba4\u0bcd\u0ba4\u0bbf\u0bb2\u0bcd \u0b89\u0ba9\u0b95\u0bcd\u0b95\u0bc1 \u0b87\u0bb0\u0bc1\u0b95\u0bcd\u0b95\u0bbf\u0bb1\u0ba4\u0bc8\u0b95\u0bcd \u0b95\u0bca\u0b9f\u0bc1\u0ba4\u0bcd\u0ba4\u0bc1\u0bb5\u0bbf\u0b9f\u0bc1\u0bb5\u0bbe\u0baf\u0bcd; \u0b85\u0b95\u0bcd\u0b9a\u0bc0\u0baa\u0bbf\u0ba9\u0bcd \u0bb5\u0bc0\u0b9f\u0bc1\u0b95\u0bb3\u0bcd \u0b87\u0bb8\u0bcd\u0bb0\u0bb5\u0bc7\u0bb2\u0bbf\u0ba9\u0bcd \u0bb0\u0bbe\u0b9c\u0bbe\u0b95\u0bcd\u0b95\u0bb3\u0bc1\u0b95\u0bcd\u0b95\u0bc1 \u0b85\u0baa\u0ba4\u0bcd\u0ba4\u0bae\u0bbe\u0baf\u0bcd\u0baa\u0bcd\u0baa\u0bcb\u0b95\u0bc1\u0bae\u0bcd."},{"Verseid":"32000014","Verse":"\u0bae\u0bb0\u0bc7\u0bb7\u0bbe\u0bb5\u0bbf\u0bb2\u0bcd \u0b95\u0bc1\u0b9f\u0bbf\u0baf\u0bbf\u0bb0\u0bc1\u0b95\u0bcd\u0b95\u0bbf\u0bb1\u0bb5\u0bb3\u0bc7, \u0b89\u0ba9\u0b95\u0bcd\u0b95\u0bc1 \u0b87\u0ba9\u0bcd\u0ba9\u0bc1\u0bae\u0bcd \u0b92\u0bb0\u0bc1 \u0b9a\u0bc1\u0ba4\u0ba8\u0bcd\u0ba4\u0bb0\u0bb5\u0bbe\u0bb3\u0bbf\u0baf\u0bc8 \u0bb5\u0bb0\u0baa\u0bcd\u0baa\u0ba3\u0bcd\u0ba3\u0bc1\u0bb5\u0bc7\u0ba9\u0bcd; \u0b85\u0bb5\u0ba9\u0bcd \u0b87\u0bb8\u0bcd\u0bb0\u0bb5\u0bc7\u0bb2\u0bbf\u0ba9\u0bcd \u0bae\u0b95\u0bbf\u0bae\u0bc8\u0baf\u0bbe\u0b95\u0bbf\u0baf \u0b85\u0ba4\u0bc1\u0bb2\u0bcd\u0bb2\u0bbe\u0bae\u0bcd\u0bae\u0b9f\u0bcd\u0b9f\u0bc1\u0bae\u0bcd \u0bb5\u0bb0\u0bc1\u0bb5\u0bbe\u0ba9\u0bcd."},{"Verseid":"32000015","Verse":"\u0b89\u0ba9\u0b95\u0bcd\u0b95\u0bc1 \u0b85\u0bb0\u0bc1\u0bae\u0bc8\u0baf\u0bbe\u0ba9 \u0b89\u0ba9\u0bcd \u0baa\u0bbf\u0bb3\u0bcd\u0bb3\u0bc8\u0b95\u0bb3\u0bbf\u0ba9\u0bbf\u0bae\u0bbf\u0ba4\u0bcd\u0ba4\u0bae\u0bcd \u0ba8\u0bc0 \u0b89\u0ba9\u0bcd \u0ba4\u0bb2\u0bc8\u0baf\u0bc8\u0b9a\u0bcd \u0b9a\u0bbf\u0bb0\u0bc8\u0ba4\u0bcd\u0ba4\u0bc1 \u0bae\u0bca\u0b9f\u0bcd\u0b9f\u0bc8\u0baf\u0bbf\u0b9f\u0bcd\u0b9f\u0bc1\u0b95\u0bcd\u0b95\u0bca\u0bb3\u0bcd; \u0b95\u0bb4\u0bc1\u0b95\u0bc8\u0baa\u0bcd\u0baa\u0bcb\u0bb2 \u0bae\u0bc1\u0bb4\u0bc1\u0bae\u0bca\u0b9f\u0bcd\u0b9f\u0bc8\u0baf\u0bbe\u0baf\u0bbf\u0bb0\u0bc1, \u0b85\u0bb5\u0bb0\u0bcd\u0b95\u0bb3\u0bcd \u0b89\u0ba9\u0bcd\u0ba9\u0bc8\u0bb5\u0bbf\u0b9f\u0bcd\u0b9f\u0bc1\u0b9a\u0bcd \u0b9a\u0bbf\u0bb1\u0bc8\u0baa\u0bcd\u0baa\u0b9f\u0bcd\u0b9f\u0bc1\u0baa\u0bcd\u0baa\u0bcb\u0b95\u0bbf\u0bb1\u0bbe\u0bb0\u0bcd\u0b95\u0bb3\u0bcd."}]},{"Verse":[{"Verseid":"32001000","Verse":"\u0b85\u0b95\u0bcd\u0b95\u0bbf\u0bb0\u0bae\u0ba4\u0bcd\u0ba4\u0bc8 \u0baf\u0bcb\u0b9a\u0bbf\u0ba4\u0bcd\u0ba4\u0bc1, \u0ba4\u0b99\u0bcd\u0b95\u0bb3\u0bcd \u0baa\u0b9f\u0bc1\u0b95\u0bcd\u0b95\u0bc8\u0b95\u0bb3\u0bbf\u0ba9\u0bcd\u0bae\u0bc7\u0bb2\u0bcd \u0baa\u0bca\u0bb2\u0bcd\u0bb2\u0bbe\u0baa\u0bcd\u0baa\u0bc1\u0b9a\u0bc6\u0baf\u0bcd\u0baf \u0b8e\u0ba4\u0bcd\u0ba4\u0ba9\u0bae\u0bcd\u0baa\u0ba3\u0bcd\u0ba3\u0bbf\u0ba4\u0bcd \u0ba4\u0b99\u0bcd\u0b95\u0bb3\u0bcd \u0b95\u0bc8\u0baf\u0bbf\u0bb2\u0bcd \u0bb5\u0bb2\u0bcd\u0bb2\u0bae\u0bc8 \u0b87\u0bb0\u0bc1\u0b95\u0bcd\u0b95\u0bbf\u0bb1\u0baa\u0b9f\u0bbf\u0baf\u0bbf\u0ba9\u0bbe\u0bb2\u0bcd, \u0bb5\u0bbf\u0b9f\u0bbf\u0baf\u0bb1\u0bcd\u0b95\u0bbe\u0bb2\u0bae\u0bbe\u0b95\u0bbf\u0bb1\u0baa\u0bcb\u0ba4\u0bc1 \u0b85\u0ba4\u0bc8 \u0ba8\u0b9f\u0baa\u0bcd\u0baa\u0bbf\u0ba4\u0bcd\u0ba4\u0bc1."},{"Verseid":"32001001","Verse":"\u0bb5\u0baf\u0bb2\u0bcd\u0b95\u0bb3\u0bc8 \u0b87\u0b9a\u0bcd\u0b9a\u0bbf\u0ba4\u0bcd\u0ba4\u0bc1\u0baa\u0bcd \u0baa\u0bb1\u0bbf\u0ba4\u0bcd\u0ba4\u0bc1\u0b95\u0bcd\u0b95\u0bca\u0ba3\u0bcd\u0b9f\u0bc1, \u0bb5\u0bc0\u0b9f\u0bc1\u0b95\u0bb3\u0bc8 \u0b87\u0b9a\u0bcd\u0b9a\u0bbf\u0ba4\u0bcd\u0ba4\u0bc1 \u0b8e\u0b9f\u0bc1\u0ba4\u0bcd\u0ba4\u0bc1\u0b95\u0bcd\u0b95\u0bca\u0ba3\u0bcd\u0b9f\u0bc1, \u0baa\u0bc1\u0bb0\u0bc1\u0bb7\u0ba9\u0bc8\u0baf\u0bc1\u0bae\u0bcd \u0b85\u0bb5\u0ba9\u0bcd \u0bb5\u0bc0\u0b9f\u0bcd\u0b9f\u0bc8\u0baf\u0bc1\u0bae\u0bcd \u0bae\u0ba9\u0bc1\u0bb7\u0ba9\u0bc8\u0baf\u0bc1\u0bae\u0bcd \u0b85\u0bb5\u0ba9\u0bcd \u0b9a\u0bc1\u0ba4\u0ba8\u0bcd\u0ba4\u0bb0\u0ba4\u0bcd\u0ba4\u0bc8\u0baf\u0bc1\u0bae\u0bcd \u0b92\u0b9f\u0bc1\u0b95\u0bcd\u0b95\u0bc1\u0b95\u0bbf\u0bb1\u0bb5\u0bb0\u0bcd\u0b95\u0bb3\u0bc1\u0b95\u0bcd\u0b95\u0bc1 \u0b90\u0baf\u0bcb!"},{"Verseid":"32001002","Verse":"\u0b86\u0b95\u0bc8\u0baf\u0bbe\u0bb2\u0bcd \u0b95\u0bb0\u0bcd\u0ba4\u0bcd\u0ba4\u0bb0\u0bcd: \u0ba8\u0bbe\u0ba9\u0bcd \u0b87\u0ba8\u0bcd\u0ba4 \u0bb5\u0bae\u0bcd\u0b9a\u0ba4\u0bcd\u0ba4\u0bbe\u0bb0\u0bc1\u0b95\u0bcd\u0b95\u0bc1 \u0bb5\u0bbf\u0bb0\u0bcb\u0ba4\u0bae\u0bbe\u0baf\u0bcd\u0ba4\u0bcd \u0ba4\u0bc0\u0bae\u0bc8\u0baf\u0bc8 \u0bb5\u0bb0\u0bc1\u0bb5\u0bbf\u0b95\u0bcd\u0b95 \u0ba8\u0bbf\u0ba9\u0bc8\u0b95\u0bcd\u0b95\u0bbf\u0bb1\u0bc7\u0ba9\u0bcd; \u0b85\u0ba4\u0bbf\u0ba9\u0bbf\u0ba9\u0bcd\u0bb1\u0bc1 \u0ba8\u0bc0\u0b99\u0bcd\u0b95\u0bb3\u0bcd \u0b95\u0bb4\u0bc1\u0ba4\u0bcd\u0ba4\u0bc8 \u0ba8\u0bc0\u0b95\u0bcd\u0b95\u0bae\u0bbe\u0b9f\u0bcd\u0b9f\u0bc0\u0bb0\u0bcd\u0b95\u0bb3\u0bcd; \u0ba8\u0bc0\u0b99\u0bcd\u0b95\u0bb3\u0bcd \u0bae\u0bc7\u0b9f\u0bcd\u0b9f\u0bbf\u0bae\u0bc8\u0baf\u0bbe\u0baf\u0bcd \u0ba8\u0b9f\u0baa\u0bcd\u0baa\u0ba4\u0bbf\u0bb2\u0bcd\u0bb2\u0bc8; \u0b85\u0ba4\u0bc1 \u0ba4\u0bc0\u0bae\u0bc8\u0baf\u0bbe\u0ba9 \u0b95\u0bbe\u0bb2\u0bae\u0bcd."},{"Verseid":"32001003","Verse":"\u0b85\u0ba8\u0bcd\u0ba8\u0bbe\u0bb3\u0bbf\u0bb2\u0bcd \u0b89\u0b99\u0bcd\u0b95\u0bb3\u0bcd\u0baa\u0bc7\u0bb0\u0bbf\u0bb2\u0bcd \u0b92\u0baa\u0bcd\u0baa\u0bc1\u0b9a\u0bcd\u0b9a\u0bca\u0bb2\u0bcd\u0bb2\u0bbf, \u0ba8\u0bbe\u0bae\u0bcd \u0bae\u0bc1\u0bb1\u0bcd\u0bb1\u0bbf\u0bb2\u0bc1\u0bae\u0bcd \u0baa\u0bbe\u0bb4\u0bbe\u0ba9\u0bcb\u0bae\u0bcd; \u0ba8\u0bae\u0ba4\u0bc1 \u0b9c\u0ba9\u0ba4\u0bcd\u0ba4\u0bbf\u0ba9\u0bcd \u0b9a\u0bc1\u0ba4\u0ba8\u0bcd\u0ba4\u0bb0\u0ba4\u0bcd\u0ba4\u0bc8 \u0bae\u0bbe\u0bb1\u0bcd\u0bb1\u0bbf\u0baa\u0bcd\u0baa\u0bcb\u0b9f\u0bcd\u0b9f\u0bbe\u0bb0\u0bcd; \u0b8e\u0ba9\u0bcd\u0ba9\u0bae\u0bbe\u0baf\u0bcd \u0b85\u0ba4\u0bc8 \u0b8e\u0ba9\u0bcd\u0ba9\u0bc8\u0bb5\u0bbf\u0b9f\u0bcd\u0b9f\u0bc1 \u0ba8\u0bc0\u0b95\u0bcd\u0b95\u0bbf\u0baa\u0bcd\u0baa\u0bcb\u0b9f\u0bcd\u0b9f\u0bbe\u0bb0\u0bcd! \u0ba8\u0bae\u0ba4\u0bc1 \u0bb5\u0baf\u0bb2\u0bcd\u0b95\u0bb3\u0bc8\u0baa\u0bcd \u0baa\u0bbf\u0b9f\u0bc1\u0b99\u0bcd\u0b95\u0bbf\u0baa\u0bcd \u0baa\u0b95\u0bbf\u0bb0\u0bcd\u0ba8\u0bcd\u0ba4\u0bc1\u0b95\u0bca\u0b9f\u0bc1\u0ba4\u0bcd\u0ba4\u0bbe\u0bb0\u0bc7 \u0b8e\u0ba9\u0bcd\u0bb1\u0bc1 \u0ba4\u0bc1\u0baf\u0bb0\u0bae\u0bbe\u0ba9 \u0baa\u0bc1\u0bb2\u0bae\u0bcd\u0baa\u0bb2\u0bbe\u0baf\u0bcd\u0baa\u0bcd \u0baa\u0bc1\u0bb2\u0bae\u0bcd\u0baa\u0bc1\u0bb5\u0bbe\u0bb0\u0bcd\u0b95\u0bb3\u0bcd."},{"Verseid":"32001004","Verse":"\u0b95\u0bb0\u0bcd\u0ba4\u0bcd\u0ba4\u0bb0\u0bbf\u0ba9\u0bcd \u0b9a\u0baa\u0bc8\u0baf\u0bbf\u0bb2\u0bcd \u0b9a\u0bc1\u0ba4\u0ba8\u0bcd\u0ba4\u0bb0\u0bb5\u0bc0\u0ba4\u0b99\u0bcd\u0b95\u0bb3\u0bc8 \u0b85\u0bb3\u0ba8\u0bcd\u0ba4\u0bc1\u0b95\u0bca\u0b9f\u0bc1\u0b95\u0bcd\u0b95\u0bbf\u0bb1\u0bb5\u0bb0\u0bcd\u0b95\u0bb3\u0bcd \u0b89\u0ba9\u0b95\u0bcd\u0b95\u0bc1 \u0b87\u0bb2\u0bcd\u0bb2\u0bbe\u0ba4\u0bbf\u0bb0\u0bc1\u0baa\u0bcd\u0baa\u0bbe\u0bb0\u0bcd\u0b95\u0bb3\u0bcd."},{"Verseid":"32001005","Verse":"\u0ba4\u0bc0\u0bb0\u0bcd\u0b95\u0bcd\u0b95\u0ba4\u0bb0\u0bbf\u0b9a\u0ba9\u0b9e\u0bcd \u0b9a\u0bca\u0bb2\u0bcd\u0bb2\u0bbe\u0ba4\u0bbf\u0bb0\u0bc1\u0baa\u0bcd\u0baa\u0bc0\u0bb0\u0bcd\u0b95\u0bb3\u0bbe\u0b95 \u0b8e\u0ba9\u0bcd\u0bb1\u0bbe\u0bb0\u0bcd\u0b95\u0bb3\u0bcd; \u0b85\u0bb5\u0bb0\u0bcd\u0b95\u0bb3\u0bcd \u0ba4\u0bc0\u0bb0\u0bcd\u0b95\u0bcd\u0b95\u0ba4\u0bb0\u0bbf\u0b9a\u0ba9\u0b9e\u0bcd \u0b9a\u0bca\u0bb2\u0bcd\u0bb2\u0bc1\u0bb5\u0bbe\u0bb0\u0bcd\u0b95\u0bb3\u0bcd, \u0b87\u0ba8\u0bcd\u0ba4\u0baa\u0bcd\u0baa\u0bbf\u0bb0\u0b95\u0bbe\u0bb0\u0bae\u0bbe\u0baf\u0bcd \u0b85\u0bb5\u0bb0\u0bcd\u0b95\u0bb3\u0bcd \u0ba4\u0bc0\u0bb0\u0bcd\u0b95\u0bcd\u0b95\u0ba4\u0bb0\u0bbf\u0b9a\u0ba9\u0b9e\u0bcd \u0b9a\u0bca\u0bb2\u0bcd\u0bb2\u0bbe\u0bb5\u0bbf\u0b9f\u0bcd\u0b9f\u0bbe\u0bb2\u0bcd \u0ba8\u0bbf\u0ba8\u0bcd\u0ba4\u0bc8 \u0ba8\u0bc0\u0b99\u0bcd\u0b95\u0bbe\u0ba4\u0bc7."},{"Verseid":"32001006","Verse":"\u0baf\u0bbe\u0b95\u0bcd\u0b95\u0bcb\u0baa\u0bc1 \u0bb5\u0bae\u0bcd\u0b9a\u0bae\u0bcd \u0b8e\u0ba9\u0bcd\u0bb1\u0bc1 \u0baa\u0bc7\u0bb0\u0bcd\u0baa\u0bc6\u0bb1\u0bcd\u0bb1\u0bb5\u0bb0\u0bcd\u0b95\u0bb3\u0bc7 \u0b95\u0bb0\u0bcd\u0ba4\u0bcd\u0ba4\u0bb0\u0bbf\u0ba9\u0bcd \u0b86\u0bb5\u0bbf \u0b95\u0bc1\u0bb1\u0bc1\u0b95\u0bbf\u0baf\u0bbf\u0bb0\u0bc1\u0b95\u0bcd\u0b95\u0bbf\u0bb1\u0ba4\u0bcb? \u0b85\u0bb5\u0bb0\u0bc1\u0b9f\u0bc8\u0baf \u0b95\u0bbf\u0bb0\u0bbf\u0baf\u0bc8\u0b95\u0bb3\u0bcd \u0b87\u0bb5\u0bc8\u0b95\u0bb3\u0bcd\u0ba4\u0bbe\u0ba9\u0bcb? \u0b9a\u0bc6\u0bae\u0bcd\u0bae\u0bc8\u0baf\u0bbe\u0baf\u0bcd \u0ba8\u0b9f\u0b95\u0bcd\u0b95\u0bbf\u0bb1\u0bb5\u0ba9\u0bc1\u0b95\u0bcd\u0b95\u0bc1 \u0b8e\u0ba9\u0bcd \u0bb5\u0bbe\u0bb0\u0bcd\u0ba4\u0bcd\u0ba4\u0bc8\u0b95\u0bb3\u0bcd \u0ba8\u0ba9\u0bcd\u0bae\u0bc8 \u0b9a\u0bc6\u0baf\u0bcd\u0baf\u0bbe\u0ba4\u0bcb?"},{"Verseid":"32001007","Verse":"\u0b8e\u0ba9\u0bcd \u0b9c\u0ba9\u0b99\u0bcd\u0b95\u0bb3\u0bcd \u0baa\u0bc2\u0bb0\u0bcd\u0bb5\u0bae\u0bc1\u0ba4\u0bb2\u0bcd \u0b9a\u0ba4\u0bcd\u0ba4\u0bc1\u0bb0\u0bc1\u0bb5\u0bc8\u0baa\u0bcd\u0baa\u0bcb\u0bb2\u0bcd \u0b8e\u0bb4\u0bc1\u0bae\u0bcd\u0baa\u0bbf\u0ba9\u0bbe\u0bb0\u0bcd\u0b95\u0bb3\u0bcd. \u0baf\u0bc1\u0ba4\u0bcd\u0ba4\u0ba4\u0bcd\u0ba4\u0bbf\u0bb2\u0bbf\u0bb0\u0bc1\u0ba8\u0bcd\u0ba4\u0bc1 \u0ba4\u0bbf\u0bb0\u0bc1\u0bae\u0bcd\u0baa\u0bbf\u0bb5\u0ba8\u0bcd\u0ba4\u0bc1 \u0bb5\u0bb4\u0bbf\u0baf\u0bbf\u0bb2\u0bcd \u0b85\u0b9e\u0bcd\u0b9a\u0bbe\u0bae\u0bb2\u0bcd \u0b95\u0b9f\u0ba8\u0bcd\u0ba4\u0bc1\u0baa\u0bcb\u0b95\u0bbf\u0bb1\u0bb5\u0bb0\u0bcd\u0b95\u0bb3\u0bc1\u0b9f\u0bc8\u0baf \u0bae\u0bc7\u0bb2\u0b99\u0bcd\u0b95\u0bbf\u0baf\u0bc8\u0baf\u0bc1\u0bae\u0bcd \u0bb5\u0bb8\u0bcd\u0ba4\u0bbf\u0bb0\u0ba4\u0bcd\u0ba4\u0bc8\u0baf\u0bc1\u0bae\u0bcd \u0b89\u0bb0\u0bbf\u0ba8\u0bcd\u0ba4\u0bc1\u0b95\u0bca\u0ba3\u0bcd\u0b9f\u0bbe\u0bb0\u0bcd\u0b95\u0bb3\u0bcd."},{"Verseid":"32001008","Verse":"\u0b8e\u0ba9\u0bcd \u0b9c\u0ba9\u0ba4\u0bcd\u0ba4\u0bbf\u0ba9\u0bcd \u0bb8\u0bcd\u0ba4\u0bbf\u0bb0\u0bc0\u0b95\u0bb3\u0bc8 \u0b85\u0bb5\u0bb0\u0bcd\u0b95\u0bb3\u0bc1\u0b9f\u0bc8\u0baf \u0b9a\u0bc6\u0bb3\u0b95\u0bcd\u0b95\u0bbf\u0baf\u0bae\u0bbe\u0ba9 \u0bb5\u0bc0\u0b9f\u0bc1\u0b95\u0bb3\u0bbf\u0bb2\u0bbf\u0bb0\u0bc1\u0ba8\u0bcd\u0ba4\u0bc1 \u0ba4\u0bc1\u0bb0\u0ba4\u0bcd\u0ba4\u0bbf\u0bb5\u0bbf\u0b9f\u0bcd\u0b9f\u0bc0\u0bb0\u0bcd\u0b95\u0bb3\u0bcd; \u0b85\u0bb5\u0bb0\u0bcd\u0b95\u0bb3\u0bc1\u0b9f\u0bc8\u0baf \u0b95\u0bc1\u0bb4\u0ba8\u0bcd\u0ba4\u0bc8\u0b95\u0bb3\u0bc1\u0b95\u0bcd\u0b95\u0bc1 \u0b87\u0bb0\u0bc1\u0ba8\u0bcd\u0ba4 \u0b8e\u0ba9\u0bcd \u0b85\u0bb2\u0b99\u0bcd\u0b95\u0bbe\u0bb0\u0ba4\u0bcd\u0ba4\u0bc8 \u0b8e\u0ba9\u0bcd\u0bb1\u0bc8\u0b95\u0bcd\u0b95\u0bc1\u0bae\u0bcd \u0b87\u0bb2\u0bcd\u0bb2\u0bbe\u0ba4\u0baa\u0b9f\u0bbf\u0b95\u0bcd\u0b95\u0bc1\u0baa\u0bcd \u0baa\u0bb1\u0bbf\u0ba4\u0bcd\u0ba4\u0bc1\u0b95\u0bcd\u0b95\u0bca\u0ba3\u0bcd\u0b9f\u0bc0\u0bb0\u0bcd\u0b95\u0bb3\u0bcd."},{"Verseid":"32001009","Verse":"\u0b8e\u0bb4\u0bc1\u0ba8\u0bcd\u0ba4\u0bbf\u0bb0\u0bc1\u0ba8\u0bcd\u0ba4\u0bc1 \u0baa\u0bcb\u0b99\u0bcd\u0b95\u0bb3\u0bcd; \u0b87\u0ba4\u0bc1 \u0ba8\u0bc0\u0b99\u0bcd\u0b95\u0bb3\u0bcd \u0b87\u0bb3\u0bc8\u0baa\u0bcd\u0baa\u0bbe\u0bb1\u0bc1\u0bae\u0bcd \u0b87\u0b9f\u0bae\u0bcd \u0b85\u0bb2\u0bcd\u0bb2, \u0b87\u0ba4\u0bc1 \u0ba4\u0bc0\u0b9f\u0bcd\u0b9f\u0bc1\u0baa\u0bcd\u0baa\u0b9f\u0bcd\u0b9f\u0ba4\u0bc1, \u0b87\u0ba4\u0bc1 \u0b89\u0b99\u0bcd\u0b95\u0bb3\u0bc8 \u0ba8\u0bbe\u0b9a\u0baa\u0bcd\u0baa\u0b9f\u0bc1\u0ba4\u0bcd\u0ba4\u0bc1\u0bae\u0bcd, \u0b85\u0ba8\u0bcd\u0ba4 \u0ba8\u0bbe\u0b9a\u0bae\u0bcd \u0bae\u0bbf\u0b95\u0bb5\u0bc1\u0bae\u0bcd \u0b95\u0bca\u0b9f\u0bbf\u0baf\u0ba4\u0bbe\u0baf\u0bbf\u0bb0\u0bc1\u0b95\u0bcd\u0b95\u0bc1\u0bae\u0bcd."},{"Verseid":"32001010","Verse":"\u0bae\u0ba9\u0bae\u0bcd\u0baa\u0bcb\u0b95\u0bbf\u0bb1 \u0baa\u0bcb\u0b95\u0bcd\u0b95\u0bbf\u0ba9\u0bcd\u0baa\u0b9f\u0bbf\u0baa\u0bcb\u0baf\u0bcd, \u0b85\u0baa\u0ba4\u0bcd\u0ba4\u0bae\u0bbe\u0ba9\u0ba4\u0bc8 \u0b89\u0bb0\u0bc8\u0b95\u0bcd\u0b95\u0bbf\u0bb1 \u0b92\u0bb0\u0bc1\u0bb5\u0ba9\u0bcd, \u0ba4\u0bbf\u0bb0\u0bbe\u0b9f\u0bcd\u0b9a\u0bb0\u0b9a\u0ba4\u0bcd\u0ba4\u0bc8\u0baf\u0bc1\u0bae\u0bcd \u0bae\u0ba4\u0bc1\u0baa\u0bbe\u0ba9\u0ba4\u0bcd\u0ba4\u0bc8\u0baf\u0bc1\u0b99\u0bcd\u0b95\u0bc1\u0bb1\u0bbf\u0ba4\u0bcd\u0ba4\u0bc1 \u0ba8\u0bbe\u0ba9\u0bcd \u0b89\u0ba9\u0b95\u0bcd\u0b95\u0bc1\u0baa\u0bcd \u0baa\u0bbf\u0bb0\u0b9a\u0b99\u0bcd\u0b95\u0bbf\u0baa\u0bcd\u0baa\u0bc7\u0ba9\u0bc6\u0ba9\u0bcd\u0bb1\u0bbe\u0bb2\u0bcd, \u0b85\u0bb5\u0ba9\u0bc7 \u0b9c\u0ba9\u0ba4\u0bcd\u0ba4\u0bbf\u0bb1\u0bcd\u0b95\u0bc1 \u0b8f\u0bb1\u0bcd\u0bb1 \u0baa\u0bbf\u0bb0\u0b9a\u0b99\u0bcd\u0b95\u0bbf\u0baf\u0bbe\u0baf\u0bbf\u0bb0\u0bc1\u0baa\u0bcd\u0baa\u0bbe\u0ba9\u0bcd."},{"Verseid":"32001011","Verse":"\u0baf\u0bbe\u0b95\u0bcd\u0b95\u0bcb\u0baa\u0bbf\u0ba9\u0bcd \u0b9c\u0ba9\u0b99\u0bcd\u0b95\u0bb3\u0bc7, \u0b89\u0b99\u0bcd\u0b95\u0bb3\u0bc6\u0bb2\u0bcd\u0bb2\u0bbe\u0bb0\u0bc8\u0baf\u0bc1\u0bae\u0bcd \u0ba8\u0bbe\u0ba9\u0bcd \u0ba8\u0bbf\u0b9a\u0bcd\u0b9a\u0baf\u0bae\u0bbe\u0baf\u0bcd\u0b95\u0bcd \u0b95\u0bc2\u0b9f\u0bcd\u0b9f\u0bc1\u0bb5\u0bc7\u0ba9\u0bcd, \u0b87\u0bb8\u0bcd\u0bb0\u0bb5\u0bc7\u0bb2\u0bbf\u0bb2\u0bcd \u0bae\u0bc0\u0ba4\u0bbf\u0baf\u0bbe\u0ba9\u0bb5\u0bb0\u0bcd\u0b95\u0bb3\u0bc8 \u0ba8\u0bbf\u0b9a\u0bcd\u0b9a\u0baf\u0bae\u0bbe\u0baf\u0bcd\u0b9a\u0bcd \u0b9a\u0bc7\u0bb0\u0bcd\u0baa\u0bcd\u0baa\u0bc7\u0ba9\u0bcd; \u0baa\u0bcb\u0bb8\u0bcd\u0bb1\u0bbe\u0bb5\u0bbf\u0ba9\u0bcd \u0b86\u0b9f\u0bc1\u0b95\u0bb3\u0bc8\u0baa\u0bcd\u0baa\u0bcb\u0bb2\u0bcd \u0b85\u0bb5\u0bb0\u0bcd\u0b95\u0bb3\u0bc8 \u0b8f\u0b95\u0b95\u0bcd\u0b95\u0bc2\u0b9f\u0bcd\u0b9f\u0bae\u0bbe\u0b95\u0bcd\u0b95\u0bc1\u0bb5\u0bc7\u0ba9\u0bcd, \u0ba4\u0ba9\u0bcd \u0ba4\u0bca\u0bb4\u0bc1\u0bb5\u0ba4\u0bcd\u0ba4\u0bc1\u0b95\u0bcd\u0b95\u0bc1\u0bb3\u0bcd\u0bb3\u0bc7 \u0b9a\u0bc7\u0bb0\u0bcd\u0ba8\u0bcd\u0ba4 \u0bae\u0ba8\u0bcd\u0ba4\u0bc8\u0b95\u0bcd\u0b95\u0bc1\u0b9a\u0bcd \u0b9a\u0bae\u0bbe\u0ba9\u0bae\u0bbe\u0baf\u0bcd \u0b9c\u0ba9\u0ba4\u0bcd\u0ba4\u0bbf\u0bb0\u0bb3\u0bbf\u0ba9\u0bbe\u0bb2\u0bc7 \u0b87\u0bb0\u0bc8\u0b9a\u0bcd\u0b9a\u0bb2\u0bcd \u0b89\u0ba3\u0bcd\u0b9f\u0bbe\u0b95\u0bc1\u0bae\u0bcd."},{"Verseid":"32001012","Verse":"\u0ba4\u0b9f\u0bc8\u0b95\u0bb3\u0bc8 \u0ba8\u0bc0\u0b95\u0bcd\u0b95\u0bbf\u0baa\u0bcd\u0baa\u0bcb\u0b9f\u0bc1\u0b95\u0bbf\u0bb1\u0bb5\u0bb0\u0bcd \u0b85\u0bb5\u0bb0\u0bcd\u0b95\u0bb3\u0bc1\u0b95\u0bcd\u0b95\u0bc1 \u0bae\u0bc1\u0ba9\u0bcd\u0baa\u0bbe\u0b95 \u0ba8\u0b9f\u0ba8\u0bcd\u0ba4\u0bc1\u0baa\u0bcb\u0b95\u0bbf\u0bb1\u0bbe\u0bb0\u0bcd; \u0b85\u0bb5\u0bb0\u0bcd\u0b95\u0bb3\u0bcd \u0ba4\u0b9f\u0bc8\u0b95\u0bb3\u0bc8 \u0ba8\u0bc0\u0b95\u0bcd\u0b95\u0bbf, \u0bb5\u0bbe\u0b9a\u0bb2\u0bbe\u0bb2\u0bcd \u0b89\u0b9f\u0bcd\u0baa\u0bbf\u0bb0\u0bb5\u0bc7\u0b9a\u0bbf\u0ba4\u0bcd\u0ba4\u0bc1\u0b95\u0bcd \u0b95\u0b9f\u0ba8\u0bcd\u0ba4\u0bc1\u0baa\u0bcb\u0bb5\u0bbe\u0bb0\u0bcd\u0b95\u0bb3\u0bcd; \u0b85\u0bb5\u0bb0\u0bcd\u0b95\u0bb3\u0bcd \u0bb0\u0bbe\u0b9c\u0bbe \u0b85\u0bb5\u0bb0\u0bcd\u0b95\u0bb3\u0bc1\u0b95\u0bcd\u0b95\u0bc1 \u0bae\u0bc1\u0ba9\u0bcd\u0baa\u0bbe\u0b95\u0baa\u0bcd \u0baa\u0bcb\u0bb5\u0bbe\u0bb0\u0bcd, \u0b95\u0bb0\u0bcd\u0ba4\u0bcd\u0ba4\u0bb0\u0bcd \u0b85\u0bb5\u0bb0\u0bcd\u0b95\u0bb3\u0bcd \u0bae\u0bc1\u0ba9\u0bcd\u0ba9\u0ba3\u0bbf\u0baf\u0bbf\u0bb2\u0bcd \u0ba8\u0b9f\u0ba8\u0bcd\u0ba4\u0bc1\u0baa\u0bcb\u0bb5\u0bbe\u0bb0\u0bcd."}]},{"Verse":[{"Verseid":"32002000","Verse":"\u0ba8\u0bbe\u0ba9\u0bcd \u0b9a\u0bca\u0ba9\u0bcd\u0ba9\u0ba4\u0bc1 \u0baf\u0bbe\u0b95\u0bcd\u0b95\u0bcb\u0baa\u0bbf\u0ba9\u0bcd \u0ba4\u0bb2\u0bc8\u0bb5\u0bb0\u0bcd\u0b95\u0bb3\u0bc7, \u0b87\u0bb8\u0bcd\u0bb0\u0bb5\u0bc7\u0bb2\u0bcd \u0bb5\u0bae\u0bcd\u0b9a\u0ba4\u0bcd\u0ba4\u0bc1 \u0b85\u0ba4\u0bbf\u0baa\u0ba4\u0bbf\u0b95\u0bb3\u0bc7, \u0ba8\u0bbf\u0baf\u0bbe\u0baf\u0bae\u0bcd \u0b87\u0ba9\u0bcd\u0ba9\u0ba4\u0bc6\u0ba9\u0bcd\u0bb1\u0bc1 \u0b85\u0bb1\u0bbf\u0bb5\u0ba4\u0bc1 \u0b89\u0b99\u0bcd\u0b95\u0bb3\u0bc1\u0b95\u0bcd\u0b95\u0bc1 \u0b85\u0bb2\u0bcd\u0bb2\u0bb5\u0bcb \u0b85\u0b9f\u0bc1\u0ba4\u0bcd\u0ba4\u0ba4\u0bc1."},{"Verseid":"32002001","Verse":"\u0b86\u0ba9\u0bbe\u0bb2\u0bc1\u0bae\u0bcd \u0ba8\u0ba9\u0bcd\u0bae\u0bc8\u0baf\u0bc8 \u0bb5\u0bc6\u0bb1\u0bc1\u0ba4\u0bcd\u0ba4\u0bc1, \u0ba4\u0bc0\u0bae\u0bc8\u0baf\u0bc8 \u0bb5\u0bbf\u0bb0\u0bc1\u0bae\u0bcd\u0baa\u0bbf \u0b85\u0bb5\u0bb0\u0bcd\u0b95\u0bb3\u0bcd\u0bae\u0bc7\u0bb2\u0bbf\u0bb0\u0bc1\u0b95\u0bcd\u0b95\u0bbf\u0bb1 \u0b85\u0bb5\u0bb0\u0bcd\u0b95\u0bb3\u0bc1\u0b9f\u0bc8\u0baf \u0ba4\u0bcb\u0bb2\u0bc8\u0baf\u0bc1\u0bae\u0bcd \u0b85\u0bb5\u0bb0\u0bcd\u0b95\u0bb3\u0bcd \u0b8e\u0bb2\u0bc1\u0bae\u0bcd\u0baa\u0bc1\u0b95\u0bb3\u0bcd\u0bae\u0bc7\u0bb2\u0bcd \u0b87\u0bb0\u0bc1\u0b95\u0bcd\u0b95\u0bbf\u0bb1 \u0b85\u0bb5\u0bb0\u0bcd\u0b95\u0bb3\u0bc1\u0b9f\u0bc8\u0baf \u0b9a\u0ba4\u0bc8\u0baf\u0bc8\u0baf\u0bc1\u0bae\u0bcd \u0baa\u0bbf\u0b9f\u0bc1\u0b99\u0bcd\u0b95\u0bbf,"},{"Verseid":"32002002","Verse":"\u0b8e\u0ba9\u0bcd \u0b9c\u0ba9\u0ba4\u0bcd\u0ba4\u0bbf\u0ba9\u0bcd \u0b9a\u0ba4\u0bc8\u0baf\u0bc8\u0ba4\u0bcd\u0ba4\u0bbf\u0ba9\u0bcd\u0bb1\u0bc1 \u0b85\u0bb5\u0bb0\u0bcd\u0b95\u0bb3\u0bcd\u0bae\u0bc7\u0bb2\u0bcd \u0b87\u0bb0\u0bc1\u0b95\u0bcd\u0b95\u0bbf\u0bb1 \u0b85\u0bb5\u0bb0\u0bcd\u0b95\u0bb3\u0bc1\u0b9f\u0bc8\u0baf \u0ba4\u0bcb\u0bb2\u0bc8 \u0b89\u0bb0\u0bbf\u0ba8\u0bcd\u0ba4\u0bc1\u0b95\u0bca\u0ba3\u0bcd\u0b9f\u0bc1 \u0b85\u0bb5\u0bb0\u0bcd\u0b95\u0bb3\u0bcd \u0b8e\u0bb2\u0bc1\u0bae\u0bcd\u0baa\u0bc1\u0b95\u0bb3\u0bc8 \u0bae\u0bc1\u0bb1\u0bbf\u0ba4\u0bcd\u0ba4\u0bc1 \u0baa\u0bbe\u0ba9\u0bc8\u0baf\u0bbf\u0bb2\u0bc7 \u0baa\u0bcb\u0b9f\u0bc1\u0bae\u0bcd\u0bb5\u0ba3\u0bcd\u0ba3\u0bae\u0bbe\u0b95\u0bb5\u0bc1\u0bae\u0bcd \u0b87\u0bb1\u0bc8\u0b9a\u0bcd\u0b9a\u0bbf\u0baf\u0bc8\u0b95\u0bcd \u0b95\u0bca\u0baa\u0bcd\u0baa\u0bb0\u0bc8\u0b95\u0bcd\u0b95\u0bc1\u0bb3\u0bcd\u0bb3\u0bc7 \u0baa\u0bcb\u0b9f\u0bc1\u0bae\u0bcd\u0bb5\u0ba3\u0bcd\u0ba3\u0bae\u0bbe\u0b95\u0bb5\u0bc1\u0bae\u0bcd \u0b85\u0bb5\u0bc8\u0b95\u0bb3\u0bc8\u0ba4\u0bcd \u0ba4\u0bc1\u0ba3\u0bcd\u0b9f\u0bbf\u0b95\u0bcd\u0b95\u0bbf\u0bb1\u0bbe\u0bb0\u0bcd\u0b95\u0bb3\u0bcd."},{"Verseid":"32002003","Verse":"\u0b85\u0baa\u0bcd\u0baa\u0bca\u0bb4\u0bc1\u0ba4\u0bc1 \u0b85\u0bb5\u0bb0\u0bcd\u0b95\u0bb3\u0bcd \u0b95\u0bb0\u0bcd\u0ba4\u0bcd\u0ba4\u0bb0\u0bc8 \u0ba8\u0bcb\u0b95\u0bcd\u0b95\u0bbf\u0b95\u0bcd \u0b95\u0bc2\u0baa\u0bcd\u0baa\u0bbf\u0b9f\u0bc1\u0bb5\u0bbe\u0bb0\u0bcd\u0b95\u0bb3\u0bcd; \u0b86\u0ba9\u0bbe\u0bb2\u0bc1\u0bae\u0bcd \u0b85\u0bb5\u0bb0\u0bcd\u0b95\u0bb3\u0bcd \u0ba4\u0b99\u0bcd\u0b95\u0bb3\u0bcd \u0b95\u0bbf\u0bb0\u0bbf\u0baf\u0bc8\u0b95\u0bb3\u0bbf\u0bb2\u0bcd \u0baa\u0bca\u0bb2\u0bcd\u0bb2\u0bbe\u0ba4\u0bb5\u0bb0\u0bcd\u0b95\u0bb3\u0bbe\u0ba9\u0baa\u0b9f\u0bbf\u0baf\u0bbf\u0ba9\u0bbe\u0bb2\u0bcd, \u0b85\u0bb5\u0bb0\u0bcd \u0b85\u0bb5\u0bb0\u0bcd\u0b95\u0bb3\u0bc1\u0b95\u0bcd\u0b95\u0bc1 \u0bae\u0bb1\u0bc1\u0b89\u0ba4\u0bcd\u0ba4\u0bb0\u0bb5\u0bc1 \u0b95\u0bca\u0b9f\u0bbe\u0bae\u0bb2\u0bcd \u0ba4\u0bae\u0ba4\u0bc1 \u0bae\u0bc1\u0b95\u0ba4\u0bcd\u0ba4\u0bc8 \u0b85\u0b95\u0bcd\u0b95\u0bbe\u0bb2\u0ba4\u0bcd\u0ba4\u0bbf\u0bb2\u0bc7 \u0b85\u0bb5\u0bb0\u0bcd\u0b95\u0bb3\u0bc1\u0b95\u0bcd\u0b95\u0bc1 \u0bae\u0bb1\u0bc8\u0ba4\u0bcd\u0ba4\u0bc1\u0b95\u0bcd\u0b95\u0bca\u0bb3\u0bcd\u0bb3\u0bc1\u0bb5\u0bbe\u0bb0\u0bcd."},{"Verseid":"32002004","Verse":"\u0ba4\u0b99\u0bcd\u0b95\u0bb3\u0bcd \u0baa\u0bb1\u0bcd\u0b95\u0bb3\u0bbf\u0ba9\u0bbe\u0bb2\u0bcd \u0b95\u0b9f\u0bbf\u0b95\u0bcd\u0b95\u0bbf\u0bb1\u0bb5\u0bb0\u0bcd\u0b95\u0bb3\u0bbe\u0baf\u0bbf\u0bb0\u0bc1\u0ba8\u0bcd\u0ba4\u0bc1, \u0b9a\u0bae\u0bbe\u0ba4\u0bbe\u0ba9\u0bae\u0bc6\u0ba9\u0bcd\u0bb1\u0bc1\u0b9a\u0bca\u0bb2\u0bcd\u0bb2\u0bbf, \u0ba4\u0b99\u0bcd\u0b95\u0bb3\u0bcd \u0bb5\u0bbe\u0baf\u0bcd\u0b95\u0bcd\u0b95\u0bc1 \u0b89\u0ba3\u0bb5\u0bc8\u0b95\u0bcd\u0b95\u0bca\u0b9f\u0bbe\u0ba4\u0bb5\u0ba9\u0bc1\u0b95\u0bcd\u0b95\u0bc1 \u0bb5\u0bbf\u0bb0\u0bcb\u0ba4\u0bae\u0bbe\u0b95\u0b9a\u0bcd \u0b9a\u0ba3\u0bcd\u0b9f\u0bc8\u0b95\u0bcd\u0b95\u0bc1 \u0b86\u0baf\u0ba4\u0bcd\u0ba4\u0bae\u0bcd\u0baa\u0ba3\u0bcd\u0ba3\u0bbf, \u0b8e\u0ba9\u0bcd \u0b9c\u0ba9\u0ba4\u0bcd\u0ba4\u0bc8 \u0bae\u0bcb\u0b9a\u0bae\u0bcd\u0baa\u0bcb\u0b95\u0bcd\u0b95\u0bc1\u0b95\u0bbf\u0bb1 \u0ba4\u0bc0\u0bb0\u0bcd\u0b95\u0bcd\u0b95\u0ba4\u0bb0\u0bbf\u0b9a\u0bbf\u0b95\u0bb3\u0bc1\u0b95\u0bcd\u0b95\u0bc1 \u0bb5\u0bbf\u0bb0\u0bcb\u0ba4\u0bae\u0bbe\u0baf\u0bcd\u0b95\u0bcd \u0b95\u0bb0\u0bcd\u0ba4\u0bcd\u0ba4\u0bb0\u0bcd \u0b9a\u0bca\u0bb2\u0bcd\u0bb2\u0bc1\u0b95\u0bbf\u0bb1\u0ba4\u0bc1 \u0b8e\u0ba9\u0bcd\u0ba9\u0bb5\u0bc6\u0ba9\u0bcd\u0bb1\u0bbe\u0bb2\u0bcd;"},{"Verseid":"32002005","Verse":"\u0ba4\u0bb0\u0bbf\u0b9a\u0ba9\u0b99\u0bcd\u0b95\u0bbe\u0ba3\u0b95\u0bcd \u0b95\u0bc2\u0b9f\u0bbe\u0ba4 \u0b87\u0bb0\u0bbe\u0ba4\u0bcd\u0ba4\u0bbf\u0bb0\u0bbf\u0baf\u0bc1\u0bae\u0bcd, \u0b95\u0bc1\u0bb1\u0bbf\u0b9a\u0bca\u0bb2\u0bcd\u0bb2\u0b95\u0bcd \u0b95\u0bc2\u0b9f\u0bbe\u0ba4 \u0b85\u0ba8\u0bcd\u0ba4\u0b95\u0bbe\u0bb0\u0bae\u0bc1\u0bae\u0bcd \u0b89\u0b99\u0bcd\u0b95\u0bb3\u0bc1\u0b95\u0bcd\u0b95\u0bc1 \u0bb5\u0bb0\u0bc1\u0bae\u0bcd; \u0ba4\u0bc0\u0bb0\u0bcd\u0b95\u0bcd\u0b95\u0ba4\u0bb0\u0bbf\u0b9a\u0bbf\u0b95\u0bb3\u0bbf\u0ba9\u0bcd\u0bae\u0bc7\u0bb2\u0bcd \u0b9a\u0bc2\u0bb0\u0bbf\u0baf\u0ba9\u0bcd \u0b85\u0bb8\u0bcd\u0ba4\u0bae\u0bbf\u0ba4\u0bcd\u0ba4\u0bc1, \u0b85\u0bb5\u0bb0\u0bcd\u0b95\u0bb3\u0bcd\u0bae\u0bc7\u0bb2\u0bcd \u0baa\u0b95\u0bb2\u0bcd \u0b95\u0bbe\u0bb0\u0bbf\u0bb0\u0bc1\u0bb3\u0bbe\u0baf\u0bcd\u0baa\u0bcd \u0baa\u0bcb\u0b95\u0bc1\u0bae\u0bcd."},{"Verseid":"32002006","Verse":"\u0ba4\u0bb0\u0bbf\u0b9a\u0ba9\u0bae\u0bcd \u0baa\u0bbe\u0bb0\u0bcd\u0b95\u0bcd\u0b95\u0bbf\u0bb1\u0bb5\u0bb0\u0bcd\u0b95\u0bb3\u0bcd \u0bb5\u0bc6\u0b9f\u0bcd\u0b95\u0bbf, \u0b95\u0bc1\u0bb1\u0bbf\u0b9a\u0bca\u0bb2\u0bcd\u0bb2\u0bc1\u0b95\u0bbf\u0bb1\u0bb5\u0bb0\u0bcd\u0b95\u0bb3\u0bcd \u0ba8\u0bbe\u0ba9\u0bbf, \u0b89\u0ba4\u0bcd\u0ba4\u0bb0\u0bb5\u0bc1\u0b95\u0bca\u0b9f\u0bc1\u0b95\u0bcd\u0b95\u0bbf\u0bb1 \u0ba4\u0bc7\u0bb5\u0ba9\u0bcd \u0b87\u0bb2\u0bcd\u0bb2\u0bbe\u0ba4\u0ba4\u0bbf\u0ba9\u0bbe\u0bb2\u0bcd \u0b85\u0bb5\u0bb0\u0bcd\u0b95\u0bb3\u0bcd \u0b8e\u0bb2\u0bcd\u0bb2\u0bbe\u0bb0\u0bc1\u0bae\u0bcd \u0ba4\u0b99\u0bcd\u0b95\u0bb3\u0bcd \u0bb5\u0bbe\u0baf\u0bc8 \u0bae\u0bc2\u0b9f\u0bc1\u0bb5\u0bbe\u0bb0\u0bcd\u0b95\u0bb3\u0bcd."},{"Verseid":"32002007","Verse":"\u0ba8\u0bbe\u0ba9\u0bcb, \u0baf\u0bbe\u0b95\u0bcd\u0b95\u0bcb\u0baa\u0bc1\u0b95\u0bcd\u0b95\u0bc1 \u0b85\u0bb5\u0ba9\u0bcd \u0bae\u0bc0\u0bb1\u0bc1\u0ba4\u0bb2\u0bc8\u0baf\u0bc1\u0bae\u0bcd \u0b87\u0bb8\u0bcd\u0bb0\u0bb5\u0bc7\u0bb2\u0bc1\u0b95\u0bcd\u0b95\u0bc1 \u0b85\u0bb5\u0ba9\u0bcd \u0baa\u0bbe\u0bb5\u0ba4\u0bcd\u0ba4\u0bc8\u0baf\u0bc1\u0bae\u0bcd \u0b85\u0bb1\u0bbf\u0bb5\u0bbf\u0b95\u0bcd\u0b95\u0bc1\u0bae\u0bcd\u0baa\u0b9f\u0bbf, \u0b95\u0bb0\u0bcd\u0ba4\u0bcd\u0ba4\u0bb0\u0bc1\u0b9f\u0bc8\u0baf \u0b86\u0bb5\u0bbf \u0b85\u0bb0\u0bc1\u0bb3\u0bbf\u0baf \u0baa\u0bb2\u0ba4\u0bcd\u0ba4\u0bbf\u0ba9\u0bbe\u0bb2\u0bc1\u0bae\u0bcd, \u0ba8\u0bbf\u0baf\u0bbe\u0baf\u0ba4\u0bcd\u0ba4\u0bbf\u0ba9\u0bbe\u0bb2\u0bc1\u0bae\u0bcd, \u0baa\u0bb0\u0bbe\u0b95\u0bcd\u0b95\u0bbf\u0bb0\u0bae\u0ba4\u0bcd\u0ba4\u0bbf\u0ba9\u0bbe\u0bb2\u0bc1\u0bae\u0bcd \u0ba8\u0bbf\u0bb0\u0baa\u0bcd\u0baa\u0baa\u0bcd\u0baa\u0b9f\u0bcd\u0b9f\u0bbf\u0bb0\u0bc1\u0b95\u0bcd\u0b95\u0bbf\u0bb1\u0bc7\u0ba9\u0bcd."},{"Verseid":"32002008","Verse":"\u0ba8\u0bbf\u0baf\u0bbe\u0baf\u0ba4\u0bcd\u0ba4\u0bc8 \u0b85\u0bb0\u0bc1\u0bb5\u0bb0\u0bc1\u0ba4\u0bcd\u0ba4\u0bc1, \u0b9a\u0bc6\u0bae\u0bcd\u0bae\u0bc8\u0baf\u0bbe\u0ba9\u0bb5\u0bc8\u0b95\u0bb3\u0bc8\u0baf\u0bc6\u0bb2\u0bcd\u0bb2\u0bbe\u0bae\u0bcd \u0b95\u0bcb\u0ba3\u0bb2\u0bbe\u0b95\u0bcd\u0b95\u0bbf,"},{"Verseid":"32002009","Verse":"\u0b9a\u0bc0\u0baf\u0bcb\u0ba9\u0bc8 \u0b87\u0bb0\u0ba4\u0bcd\u0ba4\u0baa\u0bcd\u0baa\u0bb4\u0bbf\u0baf\u0bbf\u0ba9\u0bbe\u0bb2\u0bc1\u0bae\u0bcd, \u0b8e\u0bb0\u0bc1\u0b9a\u0bb2\u0bc7\u0bae\u0bc8 \u0b85\u0ba8\u0bbf\u0baf\u0bbe\u0baf\u0ba4\u0bcd\u0ba4\u0bbf\u0ba9\u0bbe\u0bb2\u0bc1\u0bae\u0bcd \u0b95\u0b9f\u0bcd\u0b9f\u0bc1\u0bb5\u0bbf\u0b95\u0bcd\u0b95\u0bbf\u0bb1 \u0baf\u0bbe\u0b95\u0bcd\u0b95\u0bcb\u0baa\u0bc1 \u0bb5\u0bae\u0bcd\u0b9a\u0ba4\u0bcd\u0ba4\u0bc1\u0ba4\u0bcd \u0ba4\u0bb2\u0bc8\u0bb5\u0bb0\u0bcd\u0b95\u0bb3\u0bc7, \u0b87\u0bb8\u0bcd\u0bb0\u0bb5\u0bc7\u0bb2\u0bcd \u0bb5\u0bae\u0bcd\u0b9a\u0ba4\u0bcd\u0ba4\u0bc1 \u0b85\u0ba4\u0bbf\u0baa\u0ba4\u0bbf\u0b95\u0bb3\u0bc7, \u0b87\u0ba4\u0bc8\u0b95\u0bcd \u0b95\u0bc7\u0bb3\u0bc1\u0b99\u0bcd\u0b95\u0bb3\u0bcd."},{"Verseid":"32002010","Verse":"\u0b85\u0ba4\u0bbf\u0ba9\u0bcd \u0ba4\u0bb2\u0bc8\u0bb5\u0bb0\u0bcd\u0b95\u0bb3\u0bcd \u0baa\u0bb0\u0bbf\u0ba4\u0bbe\u0ba9\u0ba4\u0bcd\u0ba4\u0bc1\u0b95\u0bcd\u0b95\u0bc1 \u0ba8\u0bbf\u0baf\u0bbe\u0baf\u0ba8\u0bcd\u0ba4\u0bc0\u0bb0\u0bcd\u0b95\u0bcd\u0b95\u0bbf\u0bb1\u0bbe\u0bb0\u0bcd\u0b95\u0bb3\u0bcd; \u0b85\u0ba4\u0bbf\u0ba9\u0bcd \u0b86\u0b9a\u0bbe\u0bb0\u0bbf\u0baf\u0bb0\u0bcd\u0b95\u0bb3\u0bcd \u0b95\u0bc2\u0bb2\u0bbf\u0b95\u0bcd\u0b95\u0bc1 \u0b89\u0baa\u0ba4\u0bc7\u0b9a\u0bbf\u0b95\u0bcd\u0b95\u0bbf\u0bb1\u0bbe\u0bb0\u0bcd\u0b95\u0bb3\u0bcd; \u0b85\u0ba4\u0bbf\u0ba9\u0bcd \u0ba4\u0bc0\u0bb0\u0bcd\u0b95\u0bcd\u0b95\u0ba4\u0bb0\u0bbf\u0b9a\u0bbf\u0b95\u0bb3\u0bcd \u0baa\u0ba3\u0ba4\u0bcd\u0ba4\u0bc1\u0b95\u0bcd\u0b95\u0bc1\u0b95\u0bcd \u0b95\u0bc1\u0bb1\u0bbf\u0b9a\u0bca\u0bb2\u0bcd\u0bb2\u0bc1\u0b95\u0bbf\u0bb1\u0bbe\u0bb0\u0bcd\u0b95\u0bb3\u0bcd; \u0b86\u0b95\u0bbf\u0bb2\u0bc1\u0bae\u0bcd \u0b85\u0bb5\u0bb0\u0bcd\u0b95\u0bb3\u0bcd \u0b95\u0bb0\u0bcd\u0ba4\u0bcd\u0ba4\u0bb0\u0bc8 \u0b9a\u0bbe\u0bb0\u0bcd\u0ba8\u0bcd\u0ba4\u0bc1\u0b95\u0bca\u0ba3\u0bcd\u0b9f\u0bc1: \u0b95\u0bb0\u0bcd\u0ba4\u0bcd\u0ba4\u0bb0\u0bcd \u0b8e\u0b99\u0bcd\u0b95\u0bb3\u0bcd \u0ba8\u0b9f\u0bc1\u0bb5\u0bbf\u0bb2\u0bcd \u0b87\u0bb2\u0bcd\u0bb2\u0bc8\u0baf\u0bcb? \u0ba4\u0bc0\u0b99\u0bcd\u0b95\u0bc1 \u0b8e\u0b99\u0bcd\u0b95\u0bb3\u0bcd\u0bae\u0bc7\u0bb2\u0bcd \u0bb5\u0bb0\u0bbe\u0ba4\u0bc1 \u0b8e\u0ba9\u0bcd\u0b95\u0bbf\u0bb1\u0bbe\u0bb0\u0bcd\u0b95\u0bb3\u0bcd."},{"Verseid":"32002011","Verse":"\u0b86\u0b95\u0bc8\u0baf\u0bbe\u0bb2\u0bcd \u0b89\u0b99\u0bcd\u0b95\u0bb3\u0bcd\u0ba8\u0bbf\u0bae\u0bbf\u0ba4\u0bcd\u0ba4\u0bae\u0bcd \u0b9a\u0bc0\u0baf\u0bcb\u0ba9\u0bcd \u0bb5\u0baf\u0bb2\u0bcd\u0bb5\u0bc6\u0bb3\u0bbf\u0baf\u0bc8\u0baa\u0bcd\u0baa\u0bcb\u0bb2 \u0b89\u0bb4\u0baa\u0bcd\u0baa\u0b9f\u0bcd\u0b9f\u0bc1, \u0b8e\u0bb0\u0bc1\u0b9a\u0bb2\u0bc7\u0bae\u0bcd \u0bae\u0ba3\u0bcd\u0bae\u0bc7\u0b9f\u0bc1\u0b95\u0bb3\u0bbe\u0baf\u0bcd\u0baa\u0bcd\u0baa\u0bcb\u0bae\u0bcd, \u0b86\u0bb2\u0baf\u0ba4\u0bcd\u0ba4\u0bbf\u0ba9\u0bcd \u0baa\u0bb0\u0bcd\u0bb5\u0ba4\u0bae\u0bcd \u0b95\u0bbe\u0b9f\u0bcd\u0b9f\u0bc1\u0bae\u0bc7\u0b9f\u0bc1\u0b95\u0bb3\u0bbe\u0baf\u0bcd\u0baa\u0bcd\u0baa\u0bcb\u0bae\u0bcd."}]},{"Verse":[{"Verseid":"32003000","Verse":"\u0b86\u0ba9\u0bbe\u0bb2\u0bc1\u0bae\u0bcd, \u0b95\u0b9f\u0bc8\u0b9a\u0bbf \u0ba8\u0bbe\u0b9f\u0bcd\u0b95\u0bb3\u0bbf\u0bb2\u0bcd \u0b95\u0bb0\u0bcd\u0ba4\u0bcd\u0ba4\u0bb0\u0bc1\u0b9f\u0bc8\u0baf \u0b86\u0bb2\u0baf\u0bae\u0bbe\u0b95\u0bbf\u0baf \u0baa\u0bb0\u0bcd\u0bb5\u0ba4\u0bae\u0bcd \u0baa\u0bb0\u0bcd\u0bb5\u0ba4\u0b99\u0bcd\u0b95\u0bb3\u0bbf\u0ba9\u0bcd \u0b95\u0bca\u0b9f\u0bc1\u0bae\u0bc1\u0b9f\u0bbf\u0baf\u0bbf\u0bb2\u0bcd \u0bb8\u0bcd\u0ba4\u0bbe\u0baa\u0bbf\u0b95\u0bcd\u0b95\u0baa\u0bcd\u0baa\u0b9f\u0bcd\u0b9f\u0bc1, \u0bae\u0bb2\u0bc8\u0b95\u0bb3\u0bc1\u0b95\u0bcd\u0b95\u0bc1 \u0bae\u0bc7\u0bb2\u0bbe\u0baf\u0bcd \u0b89\u0baf\u0bb0\u0bcd\u0ba4\u0bcd\u0ba4\u0baa\u0bcd\u0baa\u0b9f\u0bcd\u0b9f\u0bbf\u0bb0\u0bc1\u0b95\u0bcd\u0b95\u0bc1\u0bae\u0bcd, \u0b8e\u0bb2\u0bcd\u0bb2\u0bbe \u0b9c\u0bbe\u0ba4\u0bbf\u0b95\u0bb3\u0bc1\u0bae\u0bcd \u0b85\u0ba4\u0bbf\u0ba9\u0bbf\u0b9f\u0ba4\u0bcd\u0ba4\u0bbf\u0bb1\u0bcd\u0b95\u0bc1 \u0b93\u0b9f\u0bbf\u0bb5\u0bb0\u0bc1\u0bb5\u0bbe\u0bb0\u0bcd\u0b95\u0bb3\u0bcd."},{"Verseid":"32003001","Verse":"\u0ba4\u0bbf\u0bb0\u0bb3\u0bbe\u0ba9 \u0b9c\u0bbe\u0ba4\u0bbf\u0b95\u0bb3\u0bcd \u0baa\u0bc1\u0bb1\u0baa\u0bcd\u0baa\u0b9f\u0bcd\u0b9f\u0bc1\u0bb5\u0ba8\u0bcd\u0ba4\u0bc1: \u0ba8\u0bbe\u0bae\u0bcd \u0b95\u0bb0\u0bcd\u0ba4\u0bcd\u0ba4\u0bb0\u0bbf\u0ba9\u0bcd \u0baa\u0bb0\u0bcd\u0bb5\u0ba4\u0ba4\u0bcd\u0ba4\u0bc1\u0b95\u0bcd\u0b95\u0bc1\u0bae\u0bcd, \u0baf\u0bbe\u0b95\u0bcd\u0b95\u0bcb\u0baa\u0bbf\u0ba9\u0bcd \u0ba4\u0bc7\u0bb5\u0ba9\u0bc1\u0b9f\u0bc8\u0baf \u0b86\u0bb2\u0baf\u0ba4\u0bcd\u0ba4\u0bc1\u0b95\u0bcd\u0b95\u0bc1\u0bae\u0bcd \u0baa\u0bcb\u0bb5\u0bcb\u0bae\u0bcd \u0bb5\u0bbe\u0bb0\u0bc1\u0b99\u0bcd\u0b95\u0bb3\u0bcd; \u0b85\u0bb5\u0bb0\u0bcd \u0ba4\u0bae\u0ba4\u0bc1 \u0bb5\u0bb4\u0bbf\u0b95\u0bb3\u0bc8 \u0ba8\u0bae\u0b95\u0bcd\u0b95\u0bc1\u0baa\u0bcd \u0baa\u0bcb\u0ba4\u0bbf\u0baa\u0bcd\u0baa\u0bbe\u0bb0\u0bcd, \u0ba8\u0bbe\u0bae\u0bcd \u0b85\u0bb5\u0bb0\u0bcd \u0baa\u0bbe\u0ba4\u0bc8\u0b95\u0bb3\u0bbf\u0bb2\u0bcd \u0ba8\u0b9f\u0baa\u0bcd\u0baa\u0bcb\u0bae\u0bc6\u0ba9\u0bcd\u0baa\u0bbe\u0bb0\u0bcd\u0b95\u0bb3\u0bcd; \u0b8f\u0ba9\u0bc6\u0ba9\u0bbf\u0bb2\u0bcd \u0b9a\u0bc0\u0baf\u0bcb\u0ba9\u0bbf\u0bb2\u0bbf\u0bb0\u0bc1\u0ba8\u0bcd\u0ba4\u0bc1 \u0bb5\u0bc7\u0ba4\u0bae\u0bc1\u0bae\u0bcd, \u0b8e\u0bb0\u0bc1\u0b9a\u0bb2\u0bc7\u0bae\u0bbf\u0bb2\u0bbf\u0bb0\u0bc1\u0ba8\u0bcd\u0ba4\u0bc1 \u0b95\u0bb0\u0bcd\u0ba4\u0bcd\u0ba4\u0bb0\u0bbf\u0ba9\u0bcd \u0bb5\u0b9a\u0ba9\u0bae\u0bc1\u0bae\u0bcd \u0bb5\u0bc6\u0bb3\u0bbf\u0baa\u0bcd\u0baa\u0b9f\u0bc1\u0bae\u0bcd."},{"Verseid":"32003002","Verse":"\u0b85\u0bb5\u0bb0\u0bcd \u0ba4\u0bbf\u0bb0\u0bb3\u0bbe\u0ba9 \u0b9c\u0ba9\u0b99\u0bcd\u0b95\u0bb3\u0bc1\u0b95\u0bcd\u0b95\u0bc1\u0bb3\u0bcd \u0ba8\u0bbf\u0baf\u0bbe\u0baf\u0ba8\u0bcd\u0ba4\u0bc0\u0bb0\u0bcd\u0ba4\u0bcd\u0ba4\u0bc1, \u0ba4\u0bc2\u0bb0\u0ba4\u0bcd\u0ba4\u0bbf\u0bb2\u0bc1\u0bb3\u0bcd\u0bb3 \u0baa\u0bb2\u0ba4\u0bcd\u0ba4 \u0b9c\u0bbe\u0ba4\u0bbf\u0b95\u0bb3\u0bc8\u0b95\u0bcd \u0b95\u0b9f\u0bbf\u0ba8\u0bcd\u0ba4\u0bc1\u0b95\u0bca\u0bb3\u0bcd\u0bb3\u0bc1\u0bb5\u0bbe\u0bb0\u0bcd; \u0b85\u0baa\u0bcd\u0baa\u0bca\u0bb4\u0bc1\u0ba4\u0bc1 \u0b85\u0bb5\u0bb0\u0bcd\u0b95\u0bb3\u0bcd \u0ba4\u0b99\u0bcd\u0b95\u0bb3\u0bcd \u0baa\u0b9f\u0bcd\u0b9f\u0baf\u0b99\u0bcd\u0b95\u0bb3\u0bc8 \u0bae\u0ba3\u0bcd\u0bb5\u0bc6\u0b9f\u0bcd\u0b9f\u0bbf\u0b95\u0bb3\u0bbe\u0b95\u0bb5\u0bc1\u0bae\u0bcd, \u0ba4\u0b99\u0bcd\u0b95\u0bb3\u0bcd \u0b88\u0b9f\u0bcd\u0b9f\u0bbf\u0b95\u0bb3\u0bc8 \u0b85\u0bb1\u0bbf\u0bb5\u0bbe\u0bb3\u0bcd\u0b95\u0bb3\u0bbe\u0b95\u0bb5\u0bc1\u0bae\u0bcd \u0b85\u0b9f\u0bbf\u0baa\u0bcd\u0baa\u0bbe\u0bb0\u0bcd\u0b95\u0bb3\u0bcd; \u0b92\u0bb0\u0bc1 \u0b9c\u0bbe\u0ba4\u0bbf\u0b95\u0bcd\u0b95\u0bc1 \u0bb5\u0bbf\u0bb0\u0bcb\u0ba4\u0bae\u0bbe\u0baf\u0bcd \u0bae\u0bb1\u0bc1\u0b9c\u0bbe\u0ba4\u0bbf \u0baa\u0b9f\u0bcd\u0b9f\u0baf\u0bae\u0bcd \u0b8e\u0b9f\u0bc1\u0baa\u0bcd\u0baa\u0ba4\u0bbf\u0bb2\u0bcd\u0bb2\u0bc8; \u0b87\u0ba9\u0bbf \u0b85\u0bb5\u0bb0\u0bcd\u0b95\u0bb3\u0bcd \u0baf\u0bc1\u0ba4\u0bcd\u0ba4\u0ba4\u0bcd\u0ba4\u0bc8\u0b95\u0bcd \u0b95\u0bb1\u0bcd\u0baa\u0ba4\u0bc1\u0bae\u0bbf\u0bb2\u0bcd\u0bb2\u0bc8."},{"Verseid":"32003003","Verse":"\u0b85\u0bb5\u0ba9\u0bb5\u0ba9\u0bcd \u0ba4\u0ba9\u0bcd\u0ba4\u0ba9\u0bcd \u0ba4\u0bbf\u0bb0\u0bbe\u0b9f\u0bcd\u0b9a\u0b9a\u0bcd\u0b9a\u0bc6\u0b9f\u0bbf\u0baf\u0bbf\u0ba9\u0bcd \u0ba8\u0bbf\u0bb4\u0bb2\u0bbf\u0bb2\u0bc1\u0bae\u0bcd, \u0ba4\u0ba9\u0bcd\u0ba4\u0ba9\u0bcd \u0b85\u0ba4\u0bcd\u0ba4\u0bbf\u0bae\u0bb0\u0ba4\u0bcd\u0ba4\u0bbf\u0ba9\u0bcd \u0ba8\u0bbf\u0bb4\u0bb2\u0bbf\u0bb2\u0bc1\u0bae\u0bcd \u0baa\u0baf\u0baa\u0bcd\u0baa\u0b9f\u0bc1\u0ba4\u0bcd\u0ba4\u0bc1\u0bb5\u0bbe\u0bb0\u0bcd \u0b87\u0bb2\u0bcd\u0bb2\u0bbe\u0bae\u0bb2\u0bcd \u0b89\u0b9f\u0bcd\u0b95\u0bbe\u0bb0\u0bc1\u0bb5\u0bbe\u0ba9\u0bcd; \u0b9a\u0bc7\u0ba9\u0bc8\u0b95\u0bb3\u0bc1\u0b9f\u0bc8\u0baf \u0b95\u0bb0\u0bcd\u0ba4\u0bcd\u0ba4\u0bb0\u0bbf\u0ba9\u0bcd \u0bb5\u0bbe\u0baf\u0bcd \u0b87\u0ba4\u0bc8\u0b9a\u0bcd \u0b9a\u0bca\u0bb2\u0bcd\u0bb2\u0bbf\u0bb1\u0bcd\u0bb1\u0bc1."},{"Verseid":"32003004","Verse":"\u0b9a\u0b95\u0bb2 \u0b9c\u0ba9\u0b99\u0bcd\u0b95\u0bb3\u0bc1\u0bae\u0bcd \u0ba4\u0b99\u0bcd\u0b95\u0bb3\u0bcd \u0ba4\u0b99\u0bcd\u0b95\u0bb3\u0bcd \u0ba4\u0bc7\u0bb5\u0ba9\u0bc1\u0b9f\u0bc8\u0baf \u0ba8\u0bbe\u0bae\u0ba4\u0bcd\u0ba4\u0bc8\u0baa\u0bcd \u0baa\u0bb1\u0bcd\u0bb1\u0bbf\u0b95\u0bcd\u0b95\u0bca\u0ba3\u0bcd\u0b9f\u0bc1 \u0ba8\u0b9f\u0baa\u0bcd\u0baa\u0bbe\u0bb0\u0bcd\u0b95\u0bb3\u0bcd; \u0ba8\u0bbe\u0b99\u0bcd\u0b95\u0bb3\u0bc1\u0bae\u0bcd \u0b8e\u0b99\u0bcd\u0b95\u0bb3\u0bcd \u0ba4\u0bc7\u0bb5\u0ba9\u0bbe\u0b95\u0bbf\u0baf \u0b95\u0bb0\u0bcd\u0ba4\u0bcd\u0ba4\u0bb0\u0bc1\u0b9f\u0bc8\u0baf \u0ba8\u0bbe\u0bae\u0ba4\u0bcd\u0ba4\u0bc8\u0baa\u0bcd \u0baa\u0bb1\u0bcd\u0bb1\u0bbf\u0b95\u0bcd\u0b95\u0bca\u0ba3\u0bcd\u0b9f\u0bc1 \u0b8e\u0ba9\u0bcd\u0bb1\u0bc6\u0ba9\u0bcd\u0bb1\u0bc8\u0b95\u0bcd\u0b95\u0bc1\u0bae\u0bc1\u0bb3\u0bcd\u0bb3 \u0b9a\u0ba4\u0bbe\u0b95\u0bbe\u0bb2\u0b99\u0bcd\u0b95\u0bb3\u0bbf\u0bb2\u0bc1\u0bae\u0bcd \u0ba8\u0b9f\u0baa\u0bcd\u0baa\u0bcb\u0bae\u0bcd."},{"Verseid":"32003005","Verse":"\u0b95\u0bb0\u0bcd\u0ba4\u0bcd\u0ba4\u0bb0\u0bcd \u0b9a\u0bca\u0bb2\u0bcd\u0bb2\u0bc1\u0b95\u0bbf\u0bb1\u0ba4\u0bc1 \u0b8e\u0ba9\u0bcd\u0ba9\u0bb5\u0bc6\u0ba9\u0bcd\u0bb1\u0bbe\u0bb2\u0bcd: \u0b85\u0ba8\u0bcd\u0ba8\u0bbe\u0bb3\u0bbf\u0bb2\u0bc7 \u0ba8\u0bbe\u0ba9\u0bcd \u0ba8\u0bca\u0ba3\u0bcd\u0b9f\u0bbf\u0baf\u0bbe\u0ba9\u0bb5\u0bb3\u0bc8\u0b9a\u0bcd \u0b9a\u0bc7\u0bb0\u0bcd\u0ba4\u0bcd\u0ba4\u0bc1, \u0ba4\u0bb3\u0bcd\u0bb3\u0bc1\u0ba3\u0bcd\u0b9f\u0bb5\u0bb3\u0bc8\u0baf\u0bc1\u0bae\u0bcd \u0ba4\u0bc0\u0b99\u0bcd\u0b95\u0bc1 \u0b85\u0ba9\u0bc1\u0baa\u0bb5\u0bbf\u0ba4\u0bcd\u0ba4\u0bb5\u0bb3\u0bc8\u0baf\u0bc1\u0bae\u0bcd \u0b95\u0bc2\u0b9f\u0bcd\u0b9f\u0bbf\u0b95\u0bcd\u0b95\u0bca\u0ba3\u0bcd\u0b9f\u0bc1,"},{"Verseid":"32003006","Verse":"\u0ba8\u0bca\u0ba3\u0bcd\u0b9f\u0bbf\u0baf\u0bbe\u0ba9\u0bb5\u0bb3\u0bc8 \u0bae\u0bc0\u0ba4\u0bbf\u0baf\u0bbe\u0ba9 \u0b9c\u0ba9\u0bae\u0bbe\u0b95\u0bb5\u0bc1\u0bae\u0bcd, \u0ba4\u0bc2\u0bb0\u0bae\u0bbe\u0baf\u0bcd\u0ba4\u0bcd \u0ba4\u0bb3\u0bcd\u0bb3\u0bc1\u0ba3\u0bcd\u0b9f\u0bc1\u0baa\u0bcb\u0ba9\u0bb5\u0bb3\u0bc8\u0baa\u0bcd \u0baa\u0bb2\u0ba4\u0bcd\u0ba4 \u0b9c\u0bbe\u0ba4\u0bbf\u0baf\u0bbe\u0b95\u0bb5\u0bc1\u0bae\u0bcd \u0bb5\u0bc8\u0baa\u0bcd\u0baa\u0bc7\u0ba9\u0bcd; \u0b85\u0bb5\u0bb0\u0bcd\u0b95\u0bb3\u0bcd\u0baa\u0bc7\u0bb0\u0bbf\u0bb2\u0bcd \u0b95\u0bb0\u0bcd\u0ba4\u0bcd\u0ba4\u0bb0\u0bcd \u0b9a\u0bc0\u0baf\u0bcb\u0ba9\u0bcd \u0baa\u0bb0\u0bcd\u0bb5\u0ba4\u0ba4\u0bcd\u0ba4\u0bbf\u0bb2\u0bc7 \u0b87\u0ba4\u0bc1 \u0bae\u0bc1\u0ba4\u0bb2\u0bcd \u0b8e\u0ba9\u0bcd\u0bb1\u0bc6\u0ba9\u0bcd\u0bb1\u0bc8\u0b95\u0bcd\u0b95\u0bc1\u0bae\u0bcd \u0bb0\u0bbe\u0b9c\u0bbe\u0bb5\u0bbe\u0baf\u0bbf\u0bb0\u0bc1\u0baa\u0bcd\u0baa\u0bbe\u0bb0\u0bcd."},{"Verseid":"32003007","Verse":"\u0bae\u0ba8\u0bcd\u0ba4\u0bc8\u0baf\u0bbf\u0ba9\u0bcd \u0ba4\u0bc1\u0bb0\u0bc1\u0b95\u0bcd\u0b95\u0bae\u0bc7, \u0b9a\u0bc0\u0baf\u0bcb\u0ba9\u0bcd \u0b95\u0bc1\u0bae\u0bbe\u0bb0\u0ba4\u0bcd\u0ba4\u0bbf\u0baf\u0bbf\u0ba9\u0bcd \u0b85\u0bb0\u0ba3\u0bc7, \u0bae\u0bc1\u0ba8\u0bcd\u0ba4\u0bbf\u0ba9 \u0b86\u0bb3\u0bc1\u0b95\u0bc8 \u0b89\u0ba9\u0bcd\u0ba9\u0bbf\u0b9f\u0ba4\u0bcd\u0ba4\u0bbf\u0bb2\u0bcd \u0bb5\u0bb0\u0bc1\u0bae\u0bcd; \u0bb0\u0bbe\u0b9c\u0bb0\u0bbf\u0b95\u0bae\u0bcd \u0b8e\u0bb0\u0bc1\u0b9a\u0bb2\u0bc7\u0bae\u0bcd \u0b95\u0bc1\u0bae\u0bbe\u0bb0\u0ba4\u0bcd\u0ba4\u0bbf\u0baf\u0bbf\u0ba9\u0bbf\u0b9f\u0ba4\u0bcd\u0ba4\u0bbf\u0bb2\u0bcd \u0bb5\u0bb0\u0bc1\u0bae\u0bcd."},{"Verseid":"32003008","Verse":"\u0b87\u0baa\u0bcd\u0baa\u0bcb\u0ba4\u0bc1\u0bae\u0bcd \u0ba8\u0bc0 \u0b9a\u0ba4\u0bcd\u0ba4\u0bae\u0bbf\u0b9f\u0bcd\u0b9f\u0bc1\u0b95\u0bcd \u0b95\u0ba4\u0bb1\u0bc1\u0bb5\u0bbe\u0ba9\u0bc7\u0ba9\u0bcd? \u0bb0\u0bbe\u0b9c\u0bbe\u0bb5\u0bbe\u0ba9\u0bb5\u0bb0\u0bcd \u0b89\u0ba9\u0bcd\u0ba9\u0bbf\u0b9f\u0ba4\u0bcd\u0ba4\u0bbf\u0bb2\u0bcd \u0b87\u0bb2\u0bcd\u0bb2\u0bc8\u0baf\u0bcb? \u0b89\u0ba9\u0bcd \u0b86\u0bb2\u0bcb\u0b9a\u0ba9\u0bc8\u0b95\u0bcd\u0b95\u0bbe\u0bb0\u0bb0\u0bcd \u0b85\u0bb4\u0bbf\u0ba8\u0bcd\u0ba4\u0bc1\u0baa\u0bcb\u0ba9\u0bbe\u0bb0\u0bcd\u0b95\u0bb3\u0bcb? \u0baa\u0bbf\u0bb0\u0b9a\u0bb5\u0bbf\u0b95\u0bcd\u0b95\u0bbf\u0bb1 \u0bb8\u0bcd\u0ba4\u0bbf\u0bb0\u0bc0\u0b95\u0bcd\u0b95\u0bc1 \u0b92\u0ba4\u0bcd\u0ba4 \u0bb5\u0bc7\u0ba4\u0ba9\u0bc8 \u0b89\u0ba9\u0b95\u0bcd\u0b95\u0bc1 \u0b89\u0ba3\u0bcd\u0b9f\u0bbe\u0b95\u0bc1\u0bae\u0bcd."},{"Verseid":"32003009","Verse":"\u0b9a\u0bc0\u0baf\u0bcb\u0ba9\u0bcd \u0b95\u0bc1\u0bae\u0bbe\u0bb0\u0ba4\u0bcd\u0ba4\u0bbf\u0baf\u0bc7, \u0baa\u0bbf\u0bb0\u0b9a\u0bb5 \u0bb8\u0bcd\u0ba4\u0bbf\u0bb0\u0bc0\u0baf\u0bc8\u0baa\u0bcd\u0baa\u0bcb\u0bb2 \u0b85\u0bae\u0bcd\u0baa\u0bbe\u0baf\u0baa\u0bcd\u0baa\u0b9f\u0bcd\u0b9f\u0bc1 \u0bb5\u0bc7\u0ba4\u0ba9\u0bc8\u0baa\u0bcd\u0baa\u0b9f\u0bc1; \u0ba8\u0bc0 \u0b87\u0baa\u0bcd\u0baa\u0bcb\u0ba4\u0bc1 \u0ba8\u0b95\u0bb0\u0ba4\u0bcd\u0ba4\u0bbf\u0bb2\u0bbf\u0bb0\u0bc1\u0ba8\u0bcd\u0ba4\u0bc1 \u0baa\u0bc1\u0bb1\u0baa\u0bcd\u0baa\u0b9f\u0bcd\u0b9f\u0bc1, \u0bb5\u0bc6\u0bb3\u0bbf\u0b95\u0bb3\u0bbf\u0bb2\u0bcd \u0ba4\u0b99\u0bcd\u0b95\u0bbf \u0baa\u0bbe\u0baa\u0bbf\u0bb2\u0bcb\u0ba9\u0bcd \u0bb5\u0bb0\u0bc8\u0b95\u0bcd\u0b95\u0bc1\u0bae\u0bcd \u0baa\u0bcb\u0bb5\u0bbe\u0baf\u0bcd. \u0b85\u0b99\u0bcd\u0b95\u0bc7 \u0bb5\u0bbf\u0b9f\u0bc1\u0bb5\u0bbf\u0b95\u0bcd\u0b95\u0baa\u0bcd\u0baa\u0b9f\u0bc1\u0bb5\u0bbe\u0baf\u0bcd; \u0b85\u0b99\u0bcd\u0b95\u0bc7 \u0b95\u0bb0\u0bcd\u0ba4\u0bcd\u0ba4\u0bb0\u0bcd \u0b89\u0ba9\u0bcd\u0ba9\u0bc8 \u0b89\u0ba9\u0bcd \u0b9a\u0ba4\u0bcd\u0ba4\u0bc1\u0bb0\u0bc1\u0b95\u0bcd\u0b95\u0bb3\u0bbf\u0ba9\u0bcd \u0b95\u0bc8\u0b95\u0bcd\u0b95\u0bc1 \u0ba8\u0bc0\u0b99\u0bcd\u0b95\u0bb2\u0bbe\u0b95\u0bcd\u0b95\u0bbf \u0bae\u0bc0\u0b9f\u0bcd\u0baa\u0bbe\u0bb0\u0bcd."},{"Verseid":"32003010","Verse":"\u0b9a\u0bc0\u0baf\u0bcb\u0ba9\u0bcd \u0ba4\u0bc0\u0b9f\u0bcd\u0b9f\u0bc1\u0baa\u0bcd\u0baa\u0b9f\u0bc1\u0bb5\u0bbe\u0bb3\u0bbe\u0b95, \u0b8e\u0b99\u0bcd\u0b95\u0bb3\u0bcd \u0b95\u0ba3\u0bcd \u0b85\u0bb5\u0bb3\u0bc8\u0b95\u0bcd \u0b95\u0bbe\u0ba3\u0bcd\u0baa\u0ba4\u0bbe\u0b95 \u0b8e\u0ba9\u0bcd\u0bb1\u0bc1 \u0b9a\u0bca\u0bb2\u0bcd\u0bb2\u0bbf, \u0b85\u0ba8\u0bc7\u0b95 \u0b9c\u0bbe\u0ba4\u0bbf\u0baf\u0bbe\u0bb0\u0bcd \u0b89\u0ba9\u0b95\u0bcd\u0b95\u0bc1 \u0bb5\u0bbf\u0bb0\u0bcb\u0ba4\u0bae\u0bbe\u0b95\u0b95\u0bcd \u0b95\u0bc2\u0b9f\u0bbf\u0baf\u0bbf\u0bb0\u0bc1\u0b95\u0bcd\u0b95\u0bbf\u0bb1\u0bbe\u0bb0\u0bcd\u0b95\u0bb3\u0bcd."},{"Verseid":"32003011","Verse":"\u0b86\u0ba9\u0bbe\u0bb2\u0bc1\u0bae\u0bcd \u0b85\u0bb5\u0bb0\u0bcd\u0b95\u0bb3\u0bcd \u0b95\u0bb0\u0bcd\u0ba4\u0bcd\u0ba4\u0bb0\u0bc1\u0b9f\u0bc8\u0baf \u0ba8\u0bbf\u0ba9\u0bc8\u0bb5\u0bc1\u0b95\u0bb3\u0bc8 \u0b85\u0bb1\u0bbf\u0baf\u0bbe\u0bae\u0bb2\u0bc1\u0bae\u0bcd, \u0b85\u0bb5\u0bb0\u0bc1\u0b9f\u0bc8\u0baf \u0baf\u0bcb\u0b9a\u0ba9\u0bc8\u0baf\u0bc8 \u0b89\u0ba3\u0bb0\u0bbe\u0bae\u0bb2\u0bc1\u0bae\u0bcd \u0b87\u0bb0\u0bc1\u0b95\u0bcd\u0b95\u0bbf\u0bb1\u0bbe\u0bb0\u0bcd\u0b95\u0bb3\u0bcd; \u0b85\u0bb5\u0bb0\u0bcd \u0b85\u0bb0\u0bbf\u0b95\u0bcd\u0b95\u0b9f\u0bcd\u0b9f\u0bc1\u0b95\u0bb3\u0bc8\u0baa\u0bcd\u0baa\u0bcb\u0bb2 \u0b85\u0bb5\u0bb0\u0bcd\u0b95\u0bb3\u0bc8\u0b95\u0bcd \u0b95\u0bb3\u0ba4\u0bcd\u0ba4\u0bbf\u0bb2\u0bc7 \u0b9a\u0bc7\u0bb0\u0bcd\u0baa\u0bcd\u0baa\u0bbe\u0bb0\u0bcd."},{"Verseid":"32003012","Verse":"\u0b9a\u0bc0\u0baf\u0bcb\u0ba9\u0bcd \u0b95\u0bc1\u0bae\u0bbe\u0bb0\u0ba4\u0bcd\u0ba4\u0bbf\u0baf\u0bc7, \u0ba8\u0bc0 \u0b8e\u0bb4\u0bc1\u0ba8\u0bcd\u0ba4\u0bc1 \u0baa\u0bcb\u0bb0\u0b9f\u0bbf; \u0ba8\u0bbe\u0ba9\u0bcd \u0b89\u0ba9\u0bcd \u0b95\u0bca\u0bae\u0bcd\u0baa\u0bc1\u0b95\u0bb3\u0bc8 \u0b87\u0bb0\u0bc1\u0bae\u0bcd\u0baa\u0bc1\u0bae\u0bcd, \u0b89\u0ba9\u0bcd \u0b95\u0bc1\u0bb3\u0bae\u0bcd\u0baa\u0bc1\u0b95\u0bb3\u0bc8 \u0bb5\u0bc6\u0ba3\u0bcd\u0b95\u0bb2\u0bae\u0bc1\u0bae\u0bbe\u0b95\u0bcd\u0b95\u0bc1\u0bb5\u0bc7\u0ba9\u0bcd; \u0ba8\u0bc0 \u0b85\u0ba8\u0bc7\u0b95 \u0b9c\u0ba9\u0b99\u0bcd\u0b95\u0bb3\u0bc8 \u0ba8\u0bca\u0bb1\u0bc1\u0b95\u0bcd\u0b95\u0bbf\u0baa\u0bcd\u0baa\u0bcb\u0b9f\u0bc1\u0bb5\u0bbe\u0baf\u0bcd; \u0b85\u0bb5\u0bb0\u0bcd\u0b95\u0bb3\u0bcd \u0ba4\u0bc7\u0b9f\u0bbf\u0b9a\u0bcd \u0b9a\u0bc7\u0bb0\u0bcd\u0ba4\u0bcd\u0ba4\u0ba4\u0bc8 \u0ba8\u0bc0 \u0b95\u0bb0\u0bcd\u0ba4\u0bcd\u0ba4\u0bb0\u0bc1\u0b95\u0bcd\u0b95\u0bc6\u0ba9\u0bcd\u0bb1\u0bc1\u0bae\u0bcd \u0b85\u0bb5\u0bb0\u0bcd\u0b95\u0bb3\u0bc1\u0b9f\u0bc8\u0baf \u0b86\u0bb8\u0bcd\u0ba4\u0bbf\u0baf\u0bc8\u0baa\u0bcd \u0baa\u0bc2\u0bae\u0bbf\u0b95\u0bcd\u0b95\u0bc6\u0bb2\u0bcd\u0bb2\u0bbe\u0bae\u0bcd \u0b86\u0ba3\u0bcd\u0b9f\u0bb5\u0bb0\u0bbe\u0baf\u0bbf\u0bb0\u0bc1\u0b95\u0bcd\u0b95\u0bbf\u0bb1\u0bb5\u0bb0\u0bc1\u0b95\u0bcd\u0b95\u0bc6\u0ba9\u0bcd\u0bb1\u0bc1\u0bae\u0bcd \u0ba8\u0bbf\u0baf\u0bae\u0bbf\u0baa\u0bcd\u0baa\u0bbe\u0baf\u0bcd."}]},{"Verse":[{"Verseid":"32004000","Verse":"\u0b9a\u0bc7\u0ba9\u0bc8\u0b95\u0bb3\u0bc8\u0baf\u0bc1\u0b9f\u0bc8\u0baf \u0ba8\u0b95\u0bb0\u0bae\u0bc7, \u0b87\u0baa\u0bcd\u0baa\u0bcb\u0ba4\u0bc1 \u0ba4\u0ba3\u0bcd\u0b9f\u0bc1\u0ba4\u0ba3\u0bcd\u0b9f\u0bbe\u0b95\u0b95\u0bcd \u0b95\u0bc2\u0b9f\u0bbf\u0b95\u0bcd\u0b95\u0bca\u0bb3\u0bcd; \u0ba8\u0bae\u0b95\u0bcd\u0b95\u0bc1 \u0bb5\u0bbf\u0bb0\u0bcb\u0ba4\u0bae\u0bbe\u0b95 \u0bae\u0bc1\u0bb1\u0bcd\u0bb1\u0bbf\u0b95\u0bcd\u0b95\u0bc8 \u0baa\u0bcb\u0b9f\u0baa\u0bcd\u0baa\u0b9f\u0bc1\u0bae\u0bcd; \u0b87\u0bb8\u0bcd\u0bb0\u0bb5\u0bc7\u0bb2\u0bc1\u0b9f\u0bc8\u0baf \u0ba8\u0bbf\u0baf\u0bbe\u0baf\u0bbe\u0ba4\u0bbf\u0baa\u0ba4\u0bbf\u0baf\u0bc8\u0b95\u0bcd \u0b95\u0bcb\u0bb2\u0bbf\u0ba9\u0bbe\u0bb2\u0bcd \u0b95\u0ba9\u0bcd\u0ba9\u0ba4\u0bcd\u0ba4\u0bbf\u0bb2\u0bc7 \u0b85\u0b9f\u0bbf\u0baa\u0bcd\u0baa\u0bbe\u0bb0\u0bcd\u0b95\u0bb3\u0bcd."},{"Verseid":"32004001","Verse":"\u0b8e\u0baa\u0bcd\u0baa\u0bbf\u0bb0\u0bbe\u0ba4\u0bcd\u0ba4\u0bbe \u0b8e\u0ba9\u0bcd\u0ba9\u0baa\u0bcd\u0baa\u0b9f\u0bcd\u0b9f \u0baa\u0bc6\u0ba4\u0bcd\u0bb2\u0b95\u0bc7\u0bae\u0bc7, \u0ba8\u0bc0 \u0baf\u0bc2\u0ba4\u0bc7\u0baf\u0bbe\u0bb5\u0bbf\u0bb2\u0bc1\u0bb3\u0bcd\u0bb3 \u0b86\u0baf\u0bbf\u0bb0\u0b99\u0bcd\u0b95\u0bb3\u0bc1\u0b95\u0bcd\u0b95\u0bc1\u0bb3\u0bcd\u0bb3\u0bc7 \u0b9a\u0bbf\u0bb1\u0bbf\u0baf\u0ba4\u0bbe\u0baf\u0bbf\u0bb0\u0bc1\u0ba8\u0bcd\u0ba4\u0bc1\u0bae\u0bcd, \u0b87\u0bb8\u0bcd\u0bb0\u0bb5\u0bc7\u0bb2\u0bc8 \u0b86\u0bb3\u0baa\u0bcd\u0baa\u0bcb\u0b95\u0bbf\u0bb1\u0bb5\u0bb0\u0bcd \u0b89\u0ba9\u0bcd\u0ba9\u0bbf\u0b9f\u0ba4\u0bcd\u0ba4\u0bbf\u0bb2\u0bbf\u0bb0\u0bc1\u0ba8\u0bcd\u0ba4\u0bc1 \u0baa\u0bc1\u0bb1\u0baa\u0bcd\u0baa\u0b9f\u0bcd\u0b9f\u0bc1 \u0b8e\u0ba9\u0bcd\u0ba9\u0bbf\u0b9f\u0ba4\u0bcd\u0ba4\u0bbf\u0bb2\u0bcd \u0bb5\u0bb0\u0bc1\u0bb5\u0bbe\u0bb0\u0bcd; \u0b85\u0bb5\u0bb0\u0bc1\u0b9f\u0bc8\u0baf \u0baa\u0bc1\u0bb1\u0baa\u0bcd\u0baa\u0b9f\u0bc1\u0ba4\u0bb2\u0bcd \u0b85\u0ba8\u0bbe\u0ba4\u0bbf \u0ba8\u0bbe\u0b9f\u0bcd\u0b95\u0bb3\u0bbe\u0b95\u0bbf\u0baf \u0baa\u0bc2\u0bb0\u0bcd\u0bb5\u0ba4\u0bcd\u0ba4\u0bbf\u0ba9\u0bc1\u0b9f\u0bc8\u0baf\u0ba4\u0bc1."},{"Verseid":"32004002","Verse":"\u0b86\u0ba9\u0bbe\u0bb2\u0bc1\u0bae\u0bcd \u0baa\u0bbf\u0bb0\u0b9a\u0bb5\u0bbf\u0b95\u0bcd\u0b95\u0bbf\u0bb1\u0bb5\u0bb3\u0bcd \u0baa\u0bbf\u0bb0\u0b9a\u0bb5\u0bbf\u0b95\u0bcd\u0b95\u0bbf\u0bb1\u0bae\u0b9f\u0bcd\u0b9f\u0bc1\u0bae\u0bcd \u0b85\u0bb5\u0bb0\u0bcd\u0b95\u0bb3\u0bc8 \u0b92\u0baa\u0bcd\u0baa\u0bc1\u0b95\u0bcd\u0b95\u0bca\u0b9f\u0bc1\u0baa\u0bcd\u0baa\u0bbe\u0bb0\u0bcd; \u0b85\u0baa\u0bcd\u0baa\u0bca\u0bb4\u0bc1\u0ba4\u0bc1 \u0b85\u0bb5\u0bb0\u0bc1\u0b9f\u0bc8\u0baf \u0b9a\u0b95\u0bcb\u0ba4\u0bb0\u0bb0\u0bbf\u0bb2\u0bcd \u0bae\u0bc0\u0ba4\u0bbf\u0baf\u0bbe\u0ba9\u0bb5\u0bb0\u0bcd\u0b95\u0bb3\u0bcd \u0b87\u0bb8\u0bcd\u0bb0\u0bb5\u0bc7\u0bb2\u0bcd \u0baa\u0bc1\u0ba4\u0bcd\u0ba4\u0bbf\u0bb0\u0bb0\u0bcb\u0b9f\u0bc1\u0b99\u0bcd\u0b95\u0bc2\u0b9f\u0ba4\u0bcd \u0ba4\u0bbf\u0bb0\u0bc1\u0bae\u0bcd\u0baa\u0bc1\u0bb5\u0bbe\u0bb0\u0bcd\u0b95\u0bb3\u0bcd."},{"Verseid":"32004003","Verse":"\u0b85\u0bb5\u0bb0\u0bcd \u0ba8\u0bbf\u0ba9\u0bcd\u0bb1\u0bc1\u0b95\u0bca\u0ba3\u0bcd\u0b9f\u0bc1, \u0b95\u0bb0\u0bcd\u0ba4\u0bcd\u0ba4\u0bb0\u0bc1\u0b9f\u0bc8\u0baf \u0baa\u0bb2\u0ba4\u0bcd\u0ba4\u0bcb\u0b9f\u0bc1\u0bae\u0bcd \u0ba4\u0bae\u0bcd\u0bae\u0bc1\u0b9f\u0bc8\u0baf \u0ba4\u0bc7\u0bb5\u0ba9\u0bbe\u0b95\u0bbf\u0baf \u0b95\u0bb0\u0bcd\u0ba4\u0bcd\u0ba4\u0bb0\u0bc1\u0b9f\u0bc8\u0baf \u0ba8\u0bbe\u0bae\u0ba4\u0bcd\u0ba4\u0bbf\u0ba9\u0bcd \u0bae\u0b95\u0ba4\u0bcd\u0ba4\u0bc1\u0bb5\u0ba4\u0bcd\u0ba4\u0bcb\u0b9f\u0bc1\u0bae\u0bcd \u0bae\u0bc7\u0baf\u0bcd\u0baa\u0bcd\u0baa\u0bbe\u0bb0\u0bcd; \u0b86\u0b95\u0bc8\u0baf\u0bbe\u0bb2\u0bcd \u0b85\u0bb5\u0bb0\u0bcd\u0b95\u0bb3\u0bcd \u0ba8\u0bbf\u0bb2\u0bc8\u0ba4\u0bcd\u0ba4\u0bbf\u0bb0\u0bc1\u0baa\u0bcd\u0baa\u0bbe\u0bb0\u0bcd\u0b95\u0bb3\u0bcd; \u0b85\u0bb5\u0bb0\u0bcd \u0b87\u0ba9\u0bbf\u0baa\u0bcd \u0baa\u0bc2\u0bae\u0bbf\u0baf\u0bbf\u0ba9\u0bcd \u0b8e\u0bb2\u0bcd\u0bb2\u0bc8\u0b95\u0bb3\u0bcd \u0baa\u0bb0\u0bbf\u0baf\u0ba8\u0bcd\u0ba4\u0bae\u0bc1\u0bae\u0bcd \u0bae\u0b95\u0bbf\u0bae\u0bc8\u0baa\u0bcd\u0baa\u0b9f\u0bc1\u0bb5\u0bbe\u0bb0\u0bcd."},{"Verseid":"32004004","Verse":"\u0b87\u0bb5\u0bb0\u0bc7 \u0b9a\u0bae\u0bbe\u0ba4\u0bbe\u0ba9 \u0b95\u0bbe\u0bb0\u0ba3\u0bb0\u0bcd; \u0b85\u0b9a\u0bc0\u0bb0\u0bbf\u0baf\u0ba9\u0bcd \u0ba8\u0bae\u0bcd\u0bae\u0bc1\u0b9f\u0bc8\u0baf \u0ba4\u0bc7\u0b9a\u0ba4\u0bcd\u0ba4\u0bbf\u0bb2\u0bc7 \u0bb5\u0bb0\u0bc1\u0bae\u0bcd\u0baa\u0bcb\u0ba4\u0bc1\u0bae\u0bcd, \u0ba8\u0bae\u0bcd\u0bae\u0bc1\u0b9f\u0bc8\u0baf \u0b85\u0bb0\u0ba3\u0bcd\u0bae\u0ba9\u0bc8\u0b95\u0bb3\u0bc8 \u0bae\u0bbf\u0ba4\u0bbf\u0b95\u0bcd\u0b95\u0bc1\u0bae\u0bcd\u0baa\u0bcb\u0ba4\u0bc1\u0bae\u0bcd, \u0b8f\u0bb4\u0bc1 \u0bae\u0bc7\u0baf\u0bcd\u0baa\u0bcd\u0baa\u0bb0\u0bc8\u0baf\u0bc1\u0bae\u0bcd \u0bae\u0ba9\u0bc1\u0bb7\u0bb0\u0bbf\u0bb2\u0bcd \u0b8e\u0b9f\u0bcd\u0b9f\u0bc1 \u0b85\u0ba4\u0bbf\u0baa\u0ba4\u0bbf\u0b95\u0bb3\u0bc8\u0baf\u0bc1\u0bae\u0bcd \u0b85\u0bb5\u0ba9\u0bc1\u0b95\u0bcd\u0b95\u0bc1 \u0bb5\u0bbf\u0bb0\u0bcb\u0ba4\u0bae\u0bbe\u0b95 \u0ba8\u0bbf\u0bb1\u0bc1\u0ba4\u0bcd\u0ba4\u0bc1\u0bb5\u0bc7\u0ba9\u0bcd."},{"Verseid":"32004005","Verse":"\u0b87\u0bb5\u0bb0\u0bcd\u0b95\u0bb3\u0bcd \u0b85\u0b9a\u0bc0\u0bb0\u0bbf\u0baf\u0bbe \u0ba4\u0bc7\u0b9a\u0ba4\u0bcd\u0ba4\u0bc8\u0baf\u0bc1\u0bae\u0bcd, \u0ba8\u0bbf\u0bae\u0bcd\u0bb0\u0bcb\u0ba4\u0bbf\u0ba9\u0bcd \u0ba4\u0bc7\u0b9a\u0ba4\u0bcd\u0ba4\u0bc8\u0baf\u0bc1\u0bae\u0bcd, \u0b85\u0ba4\u0bbf\u0ba9\u0bc1\u0b9f\u0bc8\u0baf \u0bb5\u0bbe\u0b9a\u0bb2\u0bcd\u0b95\u0bb3\u0bc1\u0b95\u0bcd\u0b95\u0bc1 \u0b89\u0b9f\u0bcd\u0baa\u0bc1\u0bb1\u0bae\u0bbe\u0b95\u0baa\u0bcd \u0baa\u0b9f\u0bcd\u0b9f\u0baf\u0ba4\u0bcd\u0ba4\u0bbf\u0bb1\u0bcd\u0b95\u0bc1 \u0b87\u0bb0\u0bc8\u0baf\u0bbe\u0b95\u0bcd\u0b95\u0bc1\u0bb5\u0bbe\u0bb0\u0bcd\u0b95\u0bb3\u0bcd; \u0b85\u0b9a\u0bc0\u0bb0\u0bbf\u0baf\u0ba9\u0bcd \u0ba8\u0bae\u0bcd\u0bae\u0bc1\u0b9f\u0bc8\u0baf \u0ba4\u0bc7\u0b9a\u0ba4\u0bcd\u0ba4\u0bbf\u0bb2\u0bcd \u0bb5\u0bb0\u0bc1\u0bae\u0bcd\u0baa\u0bcb\u0ba4\u0bc1\u0bae\u0bcd, \u0ba8\u0bae\u0bcd\u0bae\u0bc1\u0b9f\u0bc8\u0baf \u0b8e\u0bb2\u0bcd\u0bb2\u0bc8\u0b95\u0bb3\u0bc8 \u0bae\u0bbf\u0ba4\u0bbf\u0b95\u0bcd\u0b95\u0bc1\u0bae\u0bcd\u0baa\u0bcb\u0ba4\u0bc1\u0bae\u0bcd \u0b85\u0bb5\u0ba9\u0bc1\u0b95\u0bcd\u0b95\u0bc1 \u0ba8\u0bae\u0bcd\u0bae\u0bc8\u0ba4\u0bcd \u0ba4\u0baa\u0bcd\u0baa\u0bc1\u0bb5\u0bbf\u0baa\u0bcd\u0baa\u0bbe\u0bb0\u0bcd."},{"Verseid":"32004006","Verse":"\u0baf\u0bbe\u0b95\u0bcd\u0b95\u0bcb\u0baa\u0bbf\u0bb2\u0bc7 \u0bae\u0bc0\u0ba4\u0bbf\u0baf\u0bbe\u0ba9\u0bb5\u0bb0\u0bcd\u0b95\u0bb3\u0bcd \u0b95\u0bb0\u0bcd\u0ba4\u0bcd\u0ba4\u0bb0\u0bbe\u0bb2\u0bc7 \u0bb5\u0bb0\u0bc1\u0b95\u0bbf\u0bb1 \u0baa\u0ba9\u0bbf\u0baf\u0bc8\u0baa\u0bcd\u0baa\u0bcb\u0bb2\u0bb5\u0bc1\u0bae\u0bcd, \u0bae\u0ba9\u0bc1\u0bb7\u0ba9\u0bc1\u0b95\u0bcd\u0b95\u0bc1\u0b95\u0bcd \u0b95\u0bbe\u0ba4\u0bcd\u0ba4\u0bbf\u0bb0\u0bbe\u0bae\u0bb2\u0bc1\u0bae\u0bcd, \u0bae\u0ba9\u0bc1\u0baa\u0bc1\u0ba4\u0bcd\u0ba4\u0bbf\u0bb0\u0bb0\u0bc1\u0b95\u0bcd\u0b95\u0bc1\u0ba4\u0bcd \u0ba4\u0bbe\u0bae\u0ba4\u0bbf\u0baf\u0bbe\u0bae\u0bb2\u0bc1\u0bae\u0bcd, \u0baa\u0bc2\u0ba3\u0bcd\u0b9f\u0bc1\u0b95\u0bb3\u0bcd\u0bae\u0bc7\u0bb2\u0bcd \u0bb5\u0bb0\u0bc1\u0b95\u0bbf\u0bb1 \u0bae\u0bb4\u0bc8\u0b95\u0bb3\u0bc8\u0baa\u0bcd\u0baa\u0bcb\u0bb2\u0bb5\u0bc1\u0bae\u0bcd, \u0b85\u0ba8\u0bc7\u0b95 \u0b9c\u0ba9\u0b99\u0bcd\u0b95\u0bb3\u0bbf\u0ba9\u0bcd \u0ba8\u0b9f\u0bc1\u0bb5\u0bbf\u0bb2\u0bc7 \u0b87\u0bb0\u0bc1\u0baa\u0bcd\u0baa\u0bbe\u0bb0\u0bcd\u0b95\u0bb3\u0bcd."},{"Verseid":"32004007","Verse":"\u0baf\u0bbe\u0b95\u0bcd\u0b95\u0bcb\u0baa\u0bbf\u0bb2\u0bc7 \u0bae\u0bc0\u0ba4\u0bbf\u0baf\u0bbe\u0ba9\u0bb5\u0bb0\u0bcd\u0b95\u0bb3\u0bcd, \u0b9a\u0bbf\u0b99\u0bcd\u0b95\u0bae\u0bcd \u0b95\u0bbe\u0b9f\u0bcd\u0b9f\u0bc1\u0bae\u0bbf\u0bb0\u0bc1\u0b95\u0b99\u0bcd\u0b95\u0bb3\u0bc1\u0b95\u0bcd\u0b95\u0bc1\u0bb3\u0bcd\u0bb3\u0bc7 \u0b87\u0bb0\u0bc1\u0b95\u0bcd\u0b95\u0bbf\u0bb1\u0ba4\u0bb1\u0bcd\u0b95\u0bc1\u0b9a\u0bcd \u0b9a\u0bae\u0bbe\u0ba9\u0bae\u0bbe\u0b95\u0bb5\u0bc1\u0bae\u0bcd \u0b95\u0b9f\u0ba8\u0bcd\u0ba4\u0bc1\u0baa\u0bcb\u0baf\u0bcd \u0bae\u0bbf\u0ba4\u0bbf\u0ba4\u0bcd\u0ba4\u0bc1\u0ba4\u0bcd \u0ba4\u0baa\u0bcd\u0baa\u0bc1\u0bb5\u0bbf\u0baa\u0bcd\u0baa\u0bbe\u0bb0\u0bbf\u0bb2\u0bcd\u0bb2\u0bbe\u0bae\u0bb2\u0bcd \u0baa\u0bc0\u0bb1\u0bbf\u0baa\u0bcd\u0baa\u0bcb\u0b9f\u0bc1\u0b95\u0bbf\u0bb1 \u0baa\u0bbe\u0bb2\u0b9a\u0bbf\u0b99\u0bcd\u0b95\u0bae\u0bcd \u0b86\u0b9f\u0bcd\u0b9f\u0bc1\u0bae\u0ba8\u0bcd\u0ba4\u0bc8\u0b95\u0bb3\u0bc1\u0b95\u0bcd\u0b95\u0bc1\u0bb3\u0bcd\u0bb3\u0bc7 \u0b87\u0bb0\u0bc1\u0b95\u0bcd\u0b95\u0bbf\u0bb1\u0ba4\u0bb1\u0bcd\u0b95\u0bc1\u0b9a\u0bcd \u0b9a\u0bae\u0bbe\u0ba9\u0bae\u0bbe\u0b95\u0bb5\u0bc1\u0bae\u0bcd \u0b9c\u0bbe\u0ba4\u0bbf\u0b95\u0bb3\u0bc1\u0b95\u0bcd\u0b95\u0bc1\u0bb3\u0bcd \u0b85\u0ba8\u0bc7\u0b95 \u0b9c\u0ba9\u0b99\u0bcd\u0b95\u0bb3\u0bbf\u0ba9\u0bcd \u0ba8\u0b9f\u0bc1\u0bb5\u0bbf\u0bb2\u0bc7 \u0b87\u0bb0\u0bc1\u0baa\u0bcd\u0baa\u0bbe\u0bb0\u0bcd\u0b95\u0bb3\u0bcd."},{"Verseid":"32004008","Verse":"\u0b89\u0ba9\u0bcd\u0ba9\u0bc1\u0b9f\u0bc8\u0baf \u0b95\u0bc8 \u0b89\u0ba9\u0bcd \u0bb5\u0bbf\u0bb0\u0bcb\u0ba4\u0bbf\u0b95\u0bb3\u0bbf\u0ba9\u0bcd\u0bae\u0bc7\u0bb2\u0bcd \u0b89\u0baf\u0bb0\u0bc1\u0bae\u0bcd; \u0b89\u0ba9\u0bcd \u0b9a\u0ba4\u0bcd\u0ba4\u0bc1\u0bb0\u0bc1\u0b95\u0bcd\u0b95\u0bb3\u0bc6\u0bb2\u0bcd\u0bb2\u0bbe\u0bb0\u0bc1\u0bae\u0bcd \u0b9a\u0b99\u0bcd\u0b95\u0bb0\u0bbf\u0b95\u0bcd\u0b95\u0baa\u0bcd\u0baa\u0b9f\u0bc1\u0bb5\u0bbe\u0bb0\u0bcd\u0b95\u0bb3\u0bcd."},{"Verseid":"32004009","Verse":"\u0b85\u0ba8\u0bcd\u0ba8\u0bbe\u0bb3\u0bbf\u0bb2\u0bc7 \u0ba8\u0bbe\u0ba9\u0bcd \u0b89\u0ba9\u0bcd \u0b95\u0bc1\u0ba4\u0bbf\u0bb0\u0bc8\u0b95\u0bb3\u0bc8 \u0b89\u0ba9\u0bcd \u0ba8\u0b9f\u0bc1\u0bb5\u0bbf\u0bb2\u0bcd \u0b87\u0bb0\u0bbe\u0ba4\u0baa\u0b9f\u0bbf\u0b95\u0bcd\u0b95\u0bc1\u0b9a\u0bcd \u0b9a\u0b99\u0bcd\u0b95\u0bb0\u0bbf\u0ba4\u0bcd\u0ba4\u0bc1, \u0b89\u0ba9\u0bcd \u0b87\u0bb0\u0ba4\u0b99\u0bcd\u0b95\u0bb3\u0bc8 \u0b85\u0bb4\u0bbf\u0ba4\u0bcd\u0ba4\u0bc1,"},{"Verseid":"32004010","Verse":"\u0b89\u0ba9\u0bcd \u0ba4\u0bc7\u0b9a\u0ba4\u0bcd\u0ba4\u0bc1\u0baa\u0bcd \u0baa\u0b9f\u0bcd\u0b9f\u0ba3\u0b99\u0bcd\u0b95\u0bb3\u0bc8\u0b9a\u0bcd \u0b9a\u0b99\u0bcd\u0b95\u0bb0\u0bbf\u0ba4\u0bcd\u0ba4\u0bc1, \u0b89\u0ba9\u0bcd \u0b85\u0bb0\u0ba3\u0bcd\u0b95\u0bb3\u0bc8\u0baf\u0bc6\u0bb2\u0bcd\u0bb2\u0bbe\u0bae\u0bcd \u0ba8\u0bbf\u0bb0\u0bcd\u0bae\u0bc2\u0bb2\u0bae\u0bbe\u0b95\u0bcd\u0b95\u0bbf,"},{"Verseid":"32004011","Verse":"\u0b9a\u0bc2\u0ba9\u0bbf\u0baf \u0bb5\u0bbf\u0ba4\u0bcd\u0ba4\u0bc8\u0b95\u0bb3\u0bcd \u0b89\u0ba9\u0bcd \u0b95\u0bc8\u0baf\u0bbf\u0bb2\u0bcd \u0b87\u0bb0\u0bbe\u0ba4\u0baa\u0b9f\u0bbf\u0b95\u0bcd\u0b95\u0bc1 \u0b85\u0b95\u0bb1\u0bcd\u0bb1\u0bc1\u0bb5\u0bc7\u0ba9\u0bcd; \u0ba8\u0bbe\u0bb3\u0bcd \u0baa\u0bbe\u0bb0\u0bcd\u0b95\u0bcd\u0b95\u0bbf\u0bb1\u0bb5\u0bb0\u0bcd\u0b95\u0bb3\u0bcd \u0b89\u0ba9\u0bcd\u0ba9\u0bbf\u0b9f\u0ba4\u0bcd\u0ba4\u0bbf\u0bb2\u0bcd \u0b87\u0bb2\u0bcd\u0bb2\u0bbe\u0bae\u0bb1\u0bcd\u0baa\u0bcb\u0bb5\u0bbe\u0bb0\u0bcd\u0b95\u0bb3\u0bcd;"},{"Verseid":"32004012","Verse":"\u0b89\u0ba9\u0bcd \u0b9a\u0bc1\u0bb0\u0bc2\u0baa\u0b99\u0bcd\u0b95\u0bb3\u0bc8\u0baf\u0bc1\u0bae\u0bcd \u0b89\u0ba9\u0bcd \u0b9a\u0bbf\u0bb2\u0bc8\u0b95\u0bb3\u0bc8\u0baf\u0bc1\u0bae\u0bcd \u0b89\u0ba9\u0bcd \u0ba8\u0b9f\u0bc1\u0bb5\u0bbf\u0bb2\u0bcd \u0b87\u0bb0\u0bbe\u0ba4\u0baa\u0b9f\u0bbf\u0b95\u0bcd\u0b95\u0bc1 \u0ba8\u0bbf\u0bb0\u0bcd\u0bae\u0bc2\u0bb2\u0bae\u0bbe\u0b95\u0bcd\u0b95\u0bc1\u0bb5\u0bc7\u0ba9\u0bcd; \u0b89\u0ba9\u0bcd \u0b95\u0bc8\u0baf\u0bbf\u0ba9\u0bcd \u0b95\u0bbf\u0bb0\u0bbf\u0baf\u0bc8\u0baf\u0bc8 \u0ba8\u0bc0 \u0b87\u0ba9\u0bbf\u0baa\u0bcd \u0baa\u0ba3\u0bbf\u0ba8\u0bcd\u0ba4\u0bc1\u0b95\u0bca\u0bb3\u0bcd\u0bb3\u0bbe\u0baf\u0bcd."},{"Verseid":"32004013","Verse":"\u0ba8\u0bbe\u0ba9\u0bcd \u0b89\u0ba9\u0bcd \u0bb5\u0bbf\u0b95\u0bcd\u0b95\u0bbf\u0bb0\u0b95\u0ba4\u0bcd\u0ba4\u0bcb\u0baa\u0bcd\u0baa\u0bc1\u0b95\u0bb3\u0bc8 \u0b89\u0ba9\u0bcd \u0ba8\u0b9f\u0bc1\u0bb5\u0bbf\u0bb2\u0bcd \u0b87\u0bb0\u0bbe\u0ba4\u0baa\u0b9f\u0bbf\u0b95\u0bcd\u0b95\u0bc1\u0baa\u0bcd \u0baa\u0bbf\u0b9f\u0bc1\u0b99\u0bcd\u0b95\u0bbf, \u0b89\u0ba9\u0bcd \u0baa\u0b9f\u0bcd\u0b9f\u0ba3\u0b99\u0bcd\u0b95\u0bb3\u0bc8 \u0b85\u0bb4\u0bbf\u0ba4\u0bcd\u0ba4\u0bc1,"},{"Verseid":"32004014","Verse":"\u0b9a\u0bc6\u0bb5\u0bbf\u0b95\u0bca\u0b9f\u0bbe\u0ba4 \u0baa\u0bc1\u0bb1\u0b9c\u0bbe\u0ba4\u0bbf\u0b95\u0bb3\u0bbf\u0b9f\u0ba4\u0bcd\u0ba4\u0bbf\u0bb2\u0bc7 \u0b95\u0bcb\u0baa\u0ba4\u0bcd\u0ba4\u0bcb\u0b9f\u0bc1\u0bae\u0bcd \u0b89\u0b95\u0bcd\u0b95\u0bbf\u0bb0\u0ba4\u0bcd\u0ba4\u0bcb\u0b9f\u0bc1\u0bae\u0bcd \u0ba8\u0bc0\u0ba4\u0bbf\u0baf\u0bc8\u0b9a\u0bcd \u0b9a\u0bb0\u0bbf\u0b95\u0bcd\u0b95\u0b9f\u0bcd\u0b9f\u0bc1\u0bb5\u0bc7\u0ba9\u0bcd \u0b8e\u0ba9\u0bcd\u0bb1\u0bbe\u0bb0\u0bcd."}]},{"Verse":[{"Verseid":"32005000","Verse":"\u0b95\u0bb0\u0bcd\u0ba4\u0bcd\u0ba4\u0bb0\u0bcd \u0b9a\u0bca\u0bb2\u0bcd\u0bb2\u0bc1\u0b95\u0bbf\u0bb1\u0ba4\u0bc8\u0b95\u0bcd \u0b95\u0bc7\u0bb3\u0bc1\u0b99\u0bcd\u0b95\u0bb3\u0bcd; \u0ba8\u0bc0 \u0b8e\u0bb4\u0bc1\u0ba8\u0bcd\u0ba4\u0bc1, \u0baa\u0bb0\u0bcd\u0bb5\u0ba4\u0b99\u0bcd\u0b95\u0bb3\u0bc1\u0b95\u0bcd\u0b95\u0bc1 \u0bae\u0bc1\u0ba9\u0bcd \u0b89\u0ba9\u0bcd \u0bb5\u0bb4\u0b95\u0bcd\u0b95\u0bc8\u0b9a\u0bcd \u0b9a\u0bca\u0bb2\u0bcd; \u0bae\u0bb2\u0bc8\u0b95\u0bb3\u0bcd \u0b89\u0ba9\u0bcd \u0b9a\u0ba4\u0bcd\u0ba4\u0ba4\u0bcd\u0ba4\u0b95\u0bcd \u0b95\u0bc7\u0b9f\u0bcd\u0b95\u0b95\u0bcd\u0b95\u0b9f\u0bb5\u0ba4\u0bc1."},{"Verseid":"32005001","Verse":"\u0baa\u0bb0\u0bcd\u0bb5\u0ba4\u0b99\u0bcd\u0b95\u0bb3\u0bc7, \u0baa\u0bc2\u0bae\u0bbf\u0baf\u0bbf\u0ba9\u0bcd \u0b89\u0bb1\u0bc1\u0ba4\u0bbf\u0baf\u0bbe\u0ba9 \u0b85\u0bb8\u0bcd\u0ba4\u0bbf\u0baa\u0bbe\u0bb0\u0b99\u0bcd\u0b95\u0bb3\u0bc7 \u0b95\u0bb0\u0bcd\u0ba4\u0bcd\u0ba4\u0bb0\u0bc1\u0b9f\u0bc8\u0baf \u0bb5\u0bb4\u0b95\u0bcd\u0b95\u0bc8\u0b95\u0bcd \u0b95\u0bc7\u0bb3\u0bc1\u0b99\u0bcd\u0b95\u0bb3\u0bcd; \u0b95\u0bb0\u0bcd\u0ba4\u0bcd\u0ba4\u0bb0\u0bc1\u0b95\u0bcd\u0b95\u0bc1 \u0b85\u0bb5\u0bb0\u0bcd \u0b9c\u0ba9\u0ba4\u0bcd\u0ba4\u0bcb\u0b9f\u0bc7 \u0bb5\u0bb4\u0b95\u0bcd\u0b95\u0bc1 \u0b87\u0bb0\u0bc1\u0b95\u0bcd\u0b95\u0bbf\u0bb1\u0ba4\u0bc1; \u0b87\u0bb8\u0bcd\u0bb0\u0bb5\u0bc7\u0bb2\u0bcb\u0b9f\u0bc7 \u0b85\u0bb5\u0bb0\u0bcd \u0bb5\u0bb4\u0b95\u0bcd\u0b95\u0bbe\u0b9f\u0bc1\u0bb5\u0bbe\u0bb0\u0bcd."},{"Verseid":"32005002","Verse":"\u0b8e\u0ba9\u0bcd \u0b9c\u0ba9\u0bae\u0bc7, \u0ba8\u0bbe\u0ba9\u0bcd \u0b89\u0ba9\u0b95\u0bcd\u0b95\u0bc1 \u0b8e\u0ba9\u0bcd\u0ba9 \u0b9a\u0bc6\u0baf\u0bcd\u0ba4\u0bc7\u0ba9\u0bcd? \u0ba8\u0bbe\u0ba9\u0bcd \u0b8e\u0ba4\u0bbf\u0ba9\u0bbe\u0bb2\u0bcd \u0b89\u0ba9\u0bcd\u0ba9\u0bc8 \u0bb5\u0bbf\u0b9a\u0ba9\u0baa\u0bcd\u0baa\u0b9f\u0bc1\u0ba4\u0bcd\u0ba4\u0bbf\u0ba9\u0bc7\u0ba9\u0bcd \u0b8e\u0ba9\u0b95\u0bcd\u0b95\u0bc1 \u0b8e\u0ba4\u0bbf\u0bb0\u0bc7 \u0b89\u0ba4\u0bcd\u0ba4\u0bb0\u0bb5\u0bc1 \u0b9a\u0bca\u0bb2\u0bcd."},{"Verseid":"32005003","Verse":"\u0ba8\u0bbe\u0ba9\u0bcd \u0b89\u0ba9\u0bcd\u0ba9\u0bc8 \u0b8e\u0b95\u0bbf\u0baa\u0bcd\u0ba4\u0bc1 \u0ba4\u0bc7\u0b9a\u0ba4\u0bcd\u0ba4\u0bbf\u0bb2\u0bbf\u0bb0\u0bc1\u0ba8\u0bcd\u0ba4\u0bc1 \u0bb5\u0bb0\u0baa\u0bcd\u0baa\u0ba3\u0bcd\u0ba3\u0bbf, \u0b85\u0b9f\u0bbf\u0bae\u0bc8\u0ba4\u0bcd\u0ba4\u0ba9 \u0bb5\u0bc0\u0b9f\u0bcd\u0b9f\u0bbf\u0bb2\u0bbf\u0bb0\u0bc1\u0ba8\u0bcd\u0ba4\u0bc1 \u0b89\u0ba9\u0bcd\u0ba9\u0bc8\u0bae\u0bc0\u0b9f\u0bcd\u0b9f\u0bc1\u0b95\u0bcd\u0b95\u0bca\u0ba3\u0bcd\u0b9f\u0bc1 \u0bae\u0bcb\u0b9a\u0bc7 \u0b86\u0bb0\u0bcb\u0ba9\u0bcd \u0bae\u0bbf\u0bb0\u0bbf\u0baf\u0bbe\u0bae\u0bcd \u0b8e\u0ba9\u0bcd\u0baa\u0bb5\u0bb0\u0bcd\u0b95\u0bb3\u0bc8 \u0b89\u0ba9\u0b95\u0bcd\u0b95\u0bc1 \u0bae\u0bc1\u0ba9\u0bcd\u0baa\u0bbe\u0b95 \u0b85\u0ba9\u0bc1\u0baa\u0bcd\u0baa\u0bbf\u0ba9\u0bc7\u0ba9\u0bcd."},{"Verseid":"32005004","Verse":"\u0b8e\u0ba9\u0bcd \u0b9c\u0ba9\u0bae\u0bc7 \u0bae\u0bcb\u0bb5\u0bbe\u0baa\u0bbf\u0ba9\u0bcd \u0bb0\u0bbe\u0b9c\u0bbe\u0bb5\u0bbe\u0b95\u0bbf\u0baf \u0baa\u0bbe\u0bb2\u0bbe\u0b95\u0bcd \u0baa\u0ba3\u0bcd\u0ba3\u0bbf\u0ba9 \u0baf\u0bcb\u0b9a\u0ba9\u0bc8 \u0b87\u0ba9\u0bcd\u0ba9\u0ba4\u0bc6\u0ba9\u0bcd\u0bb1\u0bc1\u0bae\u0bcd \u0baa\u0bc7\u0baf\u0bcb\u0bb0\u0bbf\u0ba9\u0bcd \u0b95\u0bc1\u0bae\u0bbe\u0bb0\u0ba9\u0bbe\u0ba9 \u0baa\u0bbf\u0bb2\u0bc7\u0baf\u0bbe\u0bae\u0bcd \u0b85\u0bb5\u0ba9\u0bc1\u0b95\u0bcd\u0b95\u0bc1\u0baa\u0bcd \u0baa\u0bbf\u0bb0\u0ba4\u0bbf\u0baf\u0bc1\u0ba4\u0bcd\u0ba4\u0bb0\u0bae\u0bbe\u0b95\u0b9a\u0bcd \u0b9a\u0bca\u0ba9\u0bcd\u0ba9\u0ba4\u0bc1 \u0b87\u0ba9\u0bcd\u0ba9\u0ba4\u0bc6\u0ba9\u0bcd\u0bb1\u0bc1\u0bae\u0bcd, \u0b9a\u0bbf\u0ba4\u0bcd\u0ba4\u0bc0\u0bae\u0bcd \u0ba4\u0bca\u0b9f\u0b99\u0bcd\u0b95\u0bbf \u0b95\u0bbf\u0bb2\u0bcd\u0b95\u0bbe\u0bb2\u0bcd\u0bae\u0b9f\u0bcd\u0b9f\u0bc1\u0bae\u0bcd \u0ba8\u0b9f\u0ba8\u0bcd\u0ba4\u0ba4\u0bc1 \u0b87\u0ba9\u0bcd\u0ba9\u0ba4\u0bc6\u0ba9\u0bcd\u0bb1\u0bc1\u0bae\u0bcd \u0ba8\u0bc0 \u0b95\u0bb0\u0bcd\u0ba4\u0bcd\u0ba4\u0bb0\u0bc1\u0b9f\u0bc8\u0baf \u0ba8\u0bc0\u0ba4\u0bbf\u0b95\u0bb3\u0bc8 \u0b85\u0bb1\u0bbf\u0ba8\u0bcd\u0ba4\u0bc1\u0b95\u0bca\u0bb3\u0bcd\u0bb3\u0bc1\u0bae\u0bcd\u0baa\u0b9f\u0bbf \u0ba8\u0bbf\u0ba9\u0bc8\u0ba4\u0bcd\u0ba4\u0bc1\u0b95\u0bcd\u0b95\u0bca\u0bb3\u0bcd."},{"Verseid":"32005005","Verse":"\u0b8e\u0ba9\u0bcd \u0b9c\u0ba9\u0ba4\u0bcd\u0ba4\u0bc8\u0b95\u0bcd\u0b95\u0bca\u0ba3\u0bcd\u0b9f\u0bc1 \u0ba8\u0bbe\u0ba9\u0bcd \u0b95\u0bb0\u0bcd\u0ba4\u0bcd\u0ba4\u0bb0\u0bc1\u0b9f\u0bc8\u0baf \u0b9a\u0ba8\u0bcd\u0ba8\u0bbf\u0ba4\u0bbf\u0baf\u0bbf\u0bb2\u0bcd \u0bb5\u0ba8\u0bcd\u0ba4\u0bc1, \u0b89\u0ba9\u0bcd\u0ba9\u0ba4\u0bae\u0bbe\u0ba9 \u0ba4\u0bc7\u0bb5\u0ba9\u0bc1\u0b95\u0bcd\u0b95\u0bc1 \u0bae\u0bc1\u0ba9\u0bcd\u0baa\u0bbe\u0b95\u0baa\u0bcd \u0baa\u0ba3\u0bbf\u0ba8\u0bcd\u0ba4\u0bc1\u0b95\u0bca\u0bb3\u0bcd\u0bb5\u0bc7\u0ba9\u0bcd? \u0ba4\u0b95\u0ba9\u0baa\u0bb2\u0bbf\u0b95\u0bb3\u0bc8\u0b95\u0bcd\u0b95\u0bca\u0ba3\u0bcd\u0b9f\u0bc1\u0bae\u0bcd, \u0b92\u0bb0\u0bc1 \u0bb5\u0baf\u0ba4\u0bc1 \u0b95\u0ba9\u0bcd\u0bb1\u0bc1\u0b95\u0bcd\u0b95\u0bc1\u0b9f\u0bcd\u0b9f\u0bbf\u0b95\u0bb3\u0bc8\u0b95\u0bcd\u0b95\u0bca\u0ba3\u0bcd\u0b9f\u0bc1\u0bae\u0bcd \u0b85\u0bb5\u0bb0\u0bcd \u0b9a\u0ba8\u0bcd\u0ba8\u0bbf\u0ba4\u0bbf\u0baf\u0bbf\u0bb2\u0bcd \u0bb5\u0bb0\u0bb5\u0bc7\u0ba3\u0bcd\u0b9f\u0bc1\u0bae\u0bcb?"},{"Verseid":"32005006","Verse":"\u0b86\u0baf\u0bbf\u0bb0\u0b99\u0bcd\u0b95\u0bb3\u0bbe\u0ba9 \u0b86\u0b9f\u0bcd\u0b9f\u0bc1\u0b95\u0bcd\u0b95\u0b9f\u0bbe\u0b95\u0bcd\u0b95\u0bb3\u0bbf\u0ba9\u0bcd\u0baa\u0bc7\u0bb0\u0bbf\u0bb2\u0bc1\u0bae\u0bcd, \u0b8e\u0ba3\u0bcd\u0ba3\u0bc6\u0baf\u0bbe\u0baf\u0bcd \u0b93\u0b9f\u0bc1\u0b95\u0bbf\u0bb1 \u0baa\u0ba4\u0bbf\u0ba9\u0bbe\u0baf\u0bbf\u0bb0\u0b99\u0bcd\u0b95\u0bb3\u0bbe\u0ba9 \u0b86\u0bb1\u0bc1\u0b95\u0bb3\u0bbf\u0ba9\u0bcd\u0baa\u0bc7\u0bb0\u0bbf\u0bb2\u0bc1\u0bae\u0bcd \u0b95\u0bb0\u0bcd\u0ba4\u0bcd\u0ba4\u0bb0\u0bcd \u0baa\u0bbf\u0bb0\u0bbf\u0baf\u0bae\u0bbe\u0baf\u0bbf\u0bb0\u0bc1\u0baa\u0bcd\u0baa\u0bbe\u0bb0\u0bcb? \u0b8e\u0ba9\u0bcd \u0b85\u0b95\u0bcd\u0b95\u0bbf\u0bb0\u0bae\u0ba4\u0bcd\u0ba4\u0bc8\u0baa\u0bcd \u0baa\u0bcb\u0b95\u0bcd\u0b95 \u0b8e\u0ba9\u0bcd \u0bae\u0bc1\u0ba4\u0bb1\u0bcd \u0baa\u0bc7\u0bb1\u0bbe\u0ba9\u0bb5\u0ba9\u0bc8\u0baf\u0bc1\u0bae\u0bcd, \u0b8e\u0ba9\u0bcd \u0b86\u0ba4\u0bcd\u0ba4\u0bc1\u0bae\u0bbe\u0bb5\u0bbf\u0ba9\u0bcd \u0baa\u0bbe\u0bb5\u0ba4\u0bcd\u0ba4\u0bc8\u0baa\u0bcd \u0baa\u0bcb\u0b95\u0bcd\u0b95 \u0b8e\u0ba9\u0bcd \u0b95\u0bb0\u0bcd\u0baa\u0bcd\u0baa\u0b95\u0bcd\u0b95\u0ba9\u0bbf\u0baf\u0bc8\u0baf\u0bc1\u0bae\u0bcd \u0b95\u0bca\u0b9f\u0bc1\u0b95\u0bcd\u0b95\u0bb5\u0bc7\u0ba3\u0bcd\u0b9f\u0bc1\u0bae\u0bcb?"},{"Verseid":"32005007","Verse":"\u0bae\u0ba9\u0bc1\u0bb7\u0ba9\u0bc7, \u0ba8\u0ba9\u0bcd\u0bae\u0bc8 \u0b87\u0ba9\u0bcd\u0ba9\u0ba4\u0bc6\u0ba9\u0bcd\u0bb1\u0bc1 \u0b85\u0bb5\u0bb0\u0bcd \u0b89\u0ba9\u0b95\u0bcd\u0b95\u0bc1 \u0b85\u0bb1\u0bbf\u0bb5\u0bbf\u0ba4\u0bcd\u0ba4\u0bbf\u0bb0\u0bc1\u0b95\u0bcd\u0b95\u0bbf\u0bb1\u0bbe\u0bb0\u0bcd; \u0ba8\u0bbf\u0baf\u0bbe\u0baf\u0b9e\u0bcd\u0b9a\u0bc6\u0baf\u0bcd\u0ba4\u0bc1, \u0b87\u0bb0\u0b95\u0bcd\u0b95\u0ba4\u0bcd\u0ba4\u0bc8\u0b9a\u0bcd \u0b9a\u0bbf\u0ba8\u0bc7\u0b95\u0bbf\u0ba4\u0bcd\u0ba4\u0bc1, \u0b89\u0ba9\u0bcd \u0ba4\u0bc7\u0bb5\u0ba9\u0bc1\u0b95\u0bcd\u0b95\u0bc1 \u0bae\u0bc1\u0ba9\u0bcd\u0baa\u0bbe\u0b95 \u0bae\u0ba9\u0ba4\u0bcd\u0ba4\u0bbe\u0bb4\u0bcd\u0bae\u0bc8\u0baf\u0bbe\u0baf\u0bcd \u0ba8\u0b9f\u0baa\u0bcd\u0baa\u0ba4\u0bc8 \u0b85\u0bb2\u0bcd\u0bb2\u0bbe\u0bae\u0bb2\u0bcd \u0bb5\u0bc7\u0bb1\u0bc7 \u0b8e\u0ba9\u0bcd\u0ba9\u0ba4\u0bcd\u0ba4\u0bc8\u0b95\u0bcd \u0b95\u0bb0\u0bcd\u0ba4\u0bcd\u0ba4\u0bb0\u0bcd \u0b89\u0ba9\u0bcd\u0ba9\u0bbf\u0b9f\u0ba4\u0bcd\u0ba4\u0bbf\u0bb2\u0bcd \u0b95\u0bc7\u0b9f\u0bcd\u0b95\u0bbf\u0bb1\u0bbe\u0bb0\u0bcd."},{"Verseid":"32005008","Verse":"\u0b95\u0bb0\u0bcd\u0ba4\u0bcd\u0ba4\u0bb0\u0bc1\u0b9f\u0bc8\u0baf \u0b9a\u0ba4\u0bcd\u0ba4\u0bae\u0bcd \u0ba8\u0b95\u0bb0\u0ba4\u0bcd\u0ba4\u0bc8 \u0ba8\u0bcb\u0b95\u0bcd\u0b95\u0bbf\u0b95\u0bcd \u0b95\u0bc2\u0baa\u0bcd\u0baa\u0bbf\u0b9f\u0bc1\u0b95\u0bbf\u0bb1\u0ba4\u0bc1; \u0b9e\u0bbe\u0ba9\u0bae\u0bc1\u0bb3\u0bcd\u0bb3\u0bb5\u0ba9\u0bcd \u0b89\u0bae\u0bcd\u0bae\u0bc1\u0b9f\u0bc8\u0baf \u0ba8\u0bbe\u0bae\u0ba4\u0bcd\u0ba4\u0bc8 \u0bae\u0ba4\u0bbf\u0baa\u0bcd\u0baa\u0bbe\u0ba9\u0bcd; \u0bae\u0bbf\u0bb2\u0bbe\u0bb1\u0bcd\u0bb1\u0bbf\u0bb1\u0bcd\u0b95\u0bc1\u0bae\u0bcd \u0b85\u0ba4\u0bc8 \u0ba8\u0bc7\u0bae\u0bbf\u0ba4\u0bcd\u0ba4\u0bb5\u0bb0\u0bc1\u0b95\u0bcd\u0b95\u0bc1\u0bae\u0bcd \u0b9a\u0bc6\u0bb5\u0bbf\u0b95\u0bca\u0b9f\u0bc1\u0b99\u0bcd\u0b95\u0bb3\u0bcd."},{"Verseid":"32005009","Verse":"\u0ba4\u0bc1\u0ba9\u0bcd\u0bae\u0bbe\u0bb0\u0bcd\u0b95\u0bcd\u0b95\u0ba9\u0bc1\u0b9f\u0bc8\u0baf \u0bb5\u0bc0\u0b9f\u0bcd\u0b9f\u0bbf\u0bb2\u0bc7 \u0ba4\u0bc1\u0ba9\u0bcd\u0bae\u0bbe\u0bb0\u0bcd\u0b95\u0bcd\u0b95\u0ba4\u0bcd\u0ba4\u0bbf\u0ba9\u0bbe\u0bb2\u0bcd \u0b9a\u0bae\u0bcd\u0baa\u0bbe\u0ba4\u0bbf\u0ba4\u0bcd\u0ba4 \u0baa\u0bca\u0b95\u0bcd\u0b95\u0bbf\u0bb7\u0b99\u0bcd\u0b95\u0bb3\u0bc1\u0bae\u0bcd, \u0b85\u0bb0\u0bc1\u0bb5\u0bb0\u0bc1\u0b95\u0bcd\u0b95\u0baa\u0bcd\u0baa\u0b9f\u0ba4\u0bcd\u0ba4\u0b95\u0bcd\u0b95 \u0b95\u0bc1\u0bb1\u0bc8\u0ba8\u0bcd\u0ba4 \u0bae\u0bb0\u0b95\u0bcd\u0b95\u0bbe\u0bb2\u0bc1\u0bae\u0bcd \u0b87\u0ba9\u0bcd\u0ba9\u0bc1\u0bae\u0bcd \u0b87\u0bb0\u0bc1\u0b95\u0bcd\u0b95\u0bbf\u0bb1\u0ba4\u0bb2\u0bcd\u0bb2\u0bb5\u0bcb?"},{"Verseid":"32005010","Verse":"\u0b95\u0bb3\u0bcd\u0bb3\u0ba4\u0bcd\u0ba4\u0bb0\u0bbe\u0b9a\u0bc1\u0bae\u0bcd \u0b95\u0bb3\u0bcd\u0bb3\u0baa\u0bcd \u0baa\u0b9f\u0bbf\u0b95\u0bcd\u0b95\u0bb1\u0bcd\u0b95\u0bb3\u0bc1\u0bb3\u0bcd\u0bb3 \u0baa\u0bc8\u0baf\u0bc1\u0bae\u0bcd \u0b87\u0bb0\u0bc1\u0b95\u0bcd\u0b95\u0bc1\u0bae\u0bcd\u0baa\u0bcb\u0ba4\u0bc1, \u0b85\u0bb5\u0bb0\u0bcd\u0b95\u0bb3\u0bc8\u0b9a\u0bcd \u0b9a\u0bc1\u0ba4\u0bcd\u0ba4\u0bae\u0bc1\u0bb3\u0bcd\u0bb3\u0bb5\u0bb0\u0bcd\u0b95\u0bb3\u0bc6\u0ba9\u0bcd\u0bb1\u0bc1 \u0b8e\u0ba3\u0bcd\u0ba3\u0bc1\u0bb5\u0bc7\u0ba9\u0bcb?"},{"Verseid":"32005011","Verse":"\u0b85\u0bb5\u0bb0\u0bcd\u0b95\u0bb3\u0bbf\u0bb2\u0bcd \u0b90\u0b9a\u0bc1\u0bb5\u0bb0\u0bbf\u0baf\u0bae\u0bc1\u0bb3\u0bcd\u0bb3\u0bb5\u0bb0\u0bcd\u0b95\u0bb3\u0bcd \u0b95\u0bca\u0b9f\u0bc1\u0bae\u0bc8\u0baf\u0bbe\u0bb2\u0bcd \u0ba8\u0bbf\u0bb1\u0bc8\u0ba8\u0bcd\u0ba4\u0bbf\u0bb0\u0bc1\u0b95\u0bcd\u0b95\u0bbf\u0bb1\u0bbe\u0bb0\u0bcd\u0b95\u0bb3\u0bcd: \u0b85\u0bb5\u0bb0\u0bcd\u0b95\u0bb3\u0bc1\u0b95\u0bcd\u0b95\u0bc1\u0bb3\u0bcd \u0bb5\u0bbe\u0b9a\u0bae\u0bbe\u0baf\u0bbf\u0bb0\u0bc1\u0b95\u0bcd\u0b95\u0bbf\u0bb1\u0bb5\u0bb0\u0bcd\u0b95\u0bb3\u0bcd \u0baa\u0bca\u0baf\u0bcd\u0baa\u0bc7\u0b9a\u0bc1\u0b95\u0bbf\u0bb1\u0bbe\u0bb0\u0bcd\u0b95\u0bb3\u0bcd; \u0b85\u0bb5\u0bb0\u0bcd\u0b95\u0bb3\u0bcd \u0bb5\u0bbe\u0baf\u0bbf\u0bb2\u0bc1\u0bb3\u0bcd\u0bb3 \u0ba8\u0bbe\u0bb5\u0bc1 \u0b95\u0baa\u0b9f\u0bae\u0bc1\u0bb3\u0bcd\u0bb3\u0ba4\u0bc1."},{"Verseid":"32005012","Verse":"\u0b86\u0b95\u0bc8\u0baf\u0bbe\u0bb2\u0bcd \u0ba8\u0bbe\u0ba9\u0bcd \u0b89\u0ba9\u0bcd \u0baa\u0bbe\u0bb5\u0b99\u0bcd\u0b95\u0bb3\u0bbf\u0ba9\u0bbf\u0bae\u0bbf\u0ba4\u0bcd\u0ba4\u0bae\u0bcd \u0b89\u0ba9\u0bcd\u0ba9\u0bc8 \u0b85\u0b9f\u0bbf\u0ba4\u0bcd\u0ba4\u0bc1\u0baa\u0bcd \u0baa\u0bbe\u0bb4\u0bbe\u0b95\u0bcd\u0b95\u0bc1\u0b95\u0bbf\u0bb1\u0ba4\u0bbf\u0ba9\u0bbe\u0bb2\u0bcd \u0b89\u0ba9\u0bcd\u0ba9\u0bc8 \u0baa\u0bb2\u0b9f\u0bcd\u0b9a\u0baf\u0bae\u0bbe\u0b95\u0bcd\u0b95\u0bc1\u0bb5\u0bc7\u0ba9\u0bcd."},{"Verseid":"32005013","Verse":"\u0ba8\u0bc0 \u0baa\u0bc1\u0b9a\u0bbf\u0ba4\u0bcd\u0ba4\u0bc1\u0bae\u0bcd \u0ba4\u0bbf\u0bb0\u0bc1\u0baa\u0bcd\u0ba4\u0bbf\u0baf\u0b9f\u0bc8\u0baf\u0bbe\u0ba4\u0bbf\u0bb0\u0bc1\u0baa\u0bcd\u0baa\u0bbe\u0baf\u0bcd; \u0b89\u0ba9\u0b95\u0bcd\u0b95\u0bc1\u0bb3\u0bcd\u0bb3\u0bc7 \u0b9a\u0bcb\u0bb0\u0bcd\u0bb5\u0bc1\u0ba3\u0bcd\u0b9f\u0bbe\u0b95\u0bc1\u0bae\u0bcd; \u0ba8\u0bc0 \u0baa\u0ba4\u0ba9\u0bae\u0bcd \u0baa\u0ba3\u0bcd\u0ba3\u0bbf\u0baf\u0bc1\u0bae\u0bcd \u0ba4\u0baa\u0bcd\u0baa\u0bc1\u0bb5\u0bbf\u0baa\u0bcd\u0baa\u0ba4\u0bbf\u0bb2\u0bcd\u0bb2\u0bc8; \u0ba8\u0bc0 \u0ba4\u0baa\u0bcd\u0baa\u0bc1\u0bb5\u0bbf\u0baa\u0bcd\u0baa\u0ba4\u0bc8\u0baf\u0bc1\u0bae\u0bcd \u0baa\u0b9f\u0bcd\u0b9f\u0baf\u0ba4\u0bcd\u0ba4\u0bc1\u0b95\u0bcd\u0b95\u0bc1 \u0b92\u0baa\u0bcd\u0baa\u0bc1\u0b95\u0bcd\u0b95\u0bca\u0b9f\u0bc1\u0baa\u0bcd\u0baa\u0bc7\u0ba9\u0bcd."},{"Verseid":"32005014","Verse":"\u0ba8\u0bc0 \u0bb5\u0bbf\u0ba4\u0bc8\u0ba4\u0bcd\u0ba4\u0bc1\u0bae\u0bcd \u0b85\u0bb1\u0bc1\u0b95\u0bcd\u0b95\u0bbe\u0bae\u0bb1\u0bcd\u0baa\u0bcb\u0bb5\u0bbe\u0baf\u0bcd; \u0ba8\u0bc0 \u0b92\u0bb2\u0bbf\u0bb5\u0baa\u0bcd\u0baa\u0bb4\u0b99\u0bcd\u0b95\u0bb3\u0bc8\u0baf\u0bc1\u0bae\u0bcd \u0ba4\u0bbf\u0bb0\u0bbe\u0b9f\u0bcd\u0b9a\u0baa\u0bcd\u0baa\u0bb4\u0b99\u0bcd\u0b95\u0bb3\u0bc8\u0baf\u0bc1\u0bae\u0bcd \u0b86\u0bb2\u0bc8\u0baf\u0bb0\u0bcd\u0b9f\u0bbf\u0ba9\u0baa\u0bcb\u0ba4\u0bbf\u0bb2\u0bc1\u0bae\u0bcd, \u0b8e\u0ba3\u0bcd\u0ba3\u0bc6\u0baf\u0bcd \u0baa\u0bc2\u0b9a\u0bbf\u0b95\u0bcd\u0b95\u0bca\u0bb3\u0bcd\u0bb5\u0ba4\u0bc1\u0bae\u0bbf\u0bb2\u0bcd\u0bb2\u0bc8 \u0b87\u0bb0\u0b9a\u0bae\u0bcd \u0b95\u0bc1\u0b9f\u0bbf\u0baa\u0bcd\u0baa\u0ba4\u0bc1\u0bae\u0bbf\u0bb2\u0bcd\u0bb2\u0bc8."},{"Verseid":"32005015","Verse":"\u0ba8\u0bbe\u0ba9\u0bcd \u0b89\u0ba9\u0bcd\u0ba9\u0bc8\u0baa\u0bcd \u0baa\u0bbe\u0bb4\u0bbe\u0b95\u0bb5\u0bc1\u0bae\u0bcd \u0b89\u0ba9\u0bcd \u0b95\u0bc1\u0b9f\u0bbf\u0b95\u0bb3\u0bc8 \u0b88\u0b9a\u0bb2\u0bbf\u0b9f\u0bcd\u0b9f\u0bc1 \u0ba8\u0bbf\u0ba8\u0bcd\u0ba4\u0bbf\u0b95\u0bcd\u0b95\u0bbf\u0bb1 \u0ba8\u0bbf\u0ba8\u0bcd\u0ba4\u0bc8\u0baf\u0bbe\u0b95\u0bb5\u0bc1\u0bae\u0bcd \u0bb5\u0bc8\u0b95\u0bcd\u0b95\u0bc1\u0bae\u0bcd\u0baa\u0b9f\u0bbf, \u0b89\u0bae\u0bcd\u0bb0\u0bbf\u0baf\u0bbf\u0ba9\u0bc1\u0b9f\u0bc8\u0baf \u0b95\u0b9f\u0bcd\u0b9f\u0bb3\u0bc8\u0b95\u0bb3\u0bc1\u0bae\u0bcd \u0b86\u0b95\u0bbe\u0baa\u0bcd \u0bb5\u0bc0\u0b9f\u0bcd\u0b9f\u0bbe\u0bb0\u0bc1\u0b9f\u0bc8\u0baf \u0b8e\u0bb2\u0bcd\u0bb2\u0bbe\u0b9a\u0bcd \u0b9a\u0bc6\u0baf\u0bcd\u0b95\u0bc8\u0b95\u0bb3\u0bc1\u0bae\u0bcd \u0b95\u0bc8\u0b95\u0bcd\u0b95\u0bca\u0bb3\u0bcd\u0bb3\u0baa\u0bcd\u0baa\u0b9f\u0bcd\u0b9f\u0bc1\u0bb5\u0bb0\u0bc1\u0b95\u0bbf\u0bb1\u0ba4\u0bc1; \u0b85\u0bb5\u0bb0\u0bcd\u0b95\u0bb3\u0bc1\u0b9f\u0bc8\u0baf \u0b86\u0bb2\u0bcb\u0b9a\u0ba9\u0bc8\u0b95\u0bb3\u0bbf\u0bb2\u0bc7 \u0ba8\u0b9f\u0b95\u0bcd\u0b95\u0bbf\u0bb1\u0bc0\u0bb0\u0bcd\u0b95\u0bb3\u0bcd; \u0b86\u0b95\u0bc8\u0baf\u0bbe\u0bb2\u0bcd \u0b8e\u0ba9\u0bcd \u0b9c\u0ba9\u0ba4\u0bcd\u0ba4\u0bbf\u0ba9\u0bcd \u0ba8\u0bbf\u0ba8\u0bcd\u0ba4\u0bc8\u0baf\u0bc8\u0b9a\u0bcd \u0b9a\u0bc1\u0bae\u0baa\u0bcd\u0baa\u0bc0\u0bb0\u0bcd\u0b95\u0bb3\u0bcd."}]},{"Verse":[{"Verseid":"32006000","Verse":"\u0b90\u0baf\u0bcb! \u0b89\u0bb7\u0bcd\u0ba3\u0b95\u0bbe\u0bb2\u0ba4\u0bcd\u0ba4\u0bc1\u0b95\u0bcd \u0b95\u0ba9\u0bbf\u0b95\u0bb3\u0bc8\u0b9a\u0bcd \u0b9a\u0bc7\u0bb0\u0bcd\u0ba4\u0bcd\u0ba4\u0bc1, \u0ba4\u0bbf\u0bb0\u0bbe\u0b9f\u0bcd\u0b9a\u0baa\u0bcd\u0baa\u0bb4\u0b99\u0bcd\u0b95\u0bb3\u0bc8 \u0b85\u0bb1\u0bc1\u0ba4\u0bcd\u0ba4\u0baa\u0bbf\u0ba9\u0bcd\u0baa\u0bc1 \u0bb5\u0bb0\u0bc1\u0b95\u0bbf\u0bb1\u0bb5\u0ba9\u0bc8\u0baa\u0bcd\u0baa\u0bcb\u0bb2\u0bcd \u0b87\u0bb0\u0bc1\u0b95\u0bcd\u0b95\u0bbf\u0bb1\u0bc7\u0ba9\u0bcd; \u0baa\u0bc1\u0b9a\u0bbf\u0b95\u0bcd\u0b95\u0bbf\u0bb1\u0ba4\u0bb1\u0bcd\u0b95\u0bc1 \u0b92\u0bb0\u0bc1 \u0ba4\u0bbf\u0bb0\u0bbe\u0b9f\u0bcd\u0b9a\u0b95\u0bcd\u0b95\u0bc1\u0bb2\u0bc8\u0baf\u0bc1\u0bae\u0bcd \u0b8e\u0ba9\u0bcd \u0b86\u0ba4\u0bcd\u0ba4\u0bc1\u0bae\u0bbe \u0b87\u0b9a\u0bcd\u0b9a\u0bbf\u0ba4\u0bcd\u0ba4 \u0bae\u0bc1\u0ba4\u0bb2\u0bcd \u0b85\u0bb1\u0bc1\u0baa\u0bcd\u0baa\u0bbf\u0ba9\u0bcd \u0b95\u0ba9\u0bbf\u0baf\u0bc1\u0bae\u0bcd \u0b87\u0bb2\u0bcd\u0bb2\u0bc8."},{"Verseid":"32006001","Verse":"\u0ba4\u0bc7\u0b9a\u0ba4\u0bcd\u0ba4\u0bbf\u0bb2\u0bcd \u0baa\u0b95\u0bcd\u0ba4\u0bbf\u0baf\u0bc1\u0bb3\u0bcd\u0bb3\u0bb5\u0ba9\u0bcd \u0b85\u0bb1\u0bcd\u0bb1\u0bc1\u0baa\u0bcd\u0baa\u0bcb\u0ba9\u0bbe\u0ba9\u0bcd; \u0bae\u0ba9\u0bc1\u0bb7\u0bb0\u0bbf\u0bb2\u0bcd \u0b9a\u0bc6\u0bae\u0bcd\u0bae\u0bc8\u0baf\u0bbe\u0ba9\u0bb5\u0ba9\u0bcd \u0b87\u0bb2\u0bcd\u0bb2\u0bc8; \u0b85\u0bb5\u0bb0\u0bcd\u0b95\u0bb3\u0bc6\u0bb2\u0bcd\u0bb2\u0bbe\u0bb0\u0bc1\u0bae\u0bcd \u0b87\u0bb0\u0ba4\u0bcd\u0ba4\u0b9e\u0bcd\u0b9a\u0bbf\u0ba8\u0bcd\u0ba4\u0baa\u0bcd \u0baa\u0ba4\u0bbf\u0bb5\u0bbf\u0bb0\u0bc1\u0b95\u0bcd\u0b95\u0bbf\u0bb1\u0bbe\u0bb0\u0bcd\u0b95\u0bb3\u0bcd; \u0b85\u0bb5\u0ba9\u0bb5\u0ba9\u0bcd \u0ba4\u0ba9\u0bcd\u0ba4\u0ba9\u0bcd \u0b9a\u0b95\u0bcb\u0ba4\u0bb0\u0ba9\u0bc8 \u0bb5\u0bb2\u0bc8\u0baf\u0bbf\u0bb2\u0bc7 \u0baa\u0bbf\u0b9f\u0bbf\u0b95\u0bcd\u0b95 \u0bb5\u0bc7\u0b9f\u0bcd\u0b9f\u0bc8\u0baf\u0bbe\u0b9f\u0bc1\u0b95\u0bbf\u0bb1\u0bbe\u0ba9\u0bcd."},{"Verseid":"32006002","Verse":"\u0baa\u0bca\u0bb2\u0bcd\u0bb2\u0bbe\u0baa\u0bcd\u0baa\u0bc1\u0b9a\u0bcd \u0b9a\u0bc6\u0baf\u0bcd\u0baf \u0b85\u0bb5\u0bb0\u0bcd\u0b95\u0bb3\u0bcd \u0b87\u0bb0\u0ba3\u0bcd\u0b9f\u0bc1 \u0b95\u0bc8\u0b95\u0bb3\u0bc1\u0bae\u0bcd \u0ba8\u0ba9\u0bcd\u0bb1\u0bbe\u0baf\u0bcd\u0b95\u0bcd \u0b95\u0bc2\u0b9f\u0bc1\u0bae\u0bcd; \u0b85\u0ba4\u0bbf\u0baa\u0ba4\u0bbf \u0b95\u0bca\u0b9f\u0bc1 \u0b8e\u0ba9\u0bcd\u0b95\u0bbf\u0bb1\u0bbe\u0ba9\u0bcd; \u0ba8\u0bbf\u0baf\u0bbe\u0baf\u0bbe\u0ba4\u0bbf\u0baa\u0ba4\u0bbf \u0b95\u0bc8\u0b95\u0bcd\u0b95\u0bc2\u0bb2\u0bbf \u0b95\u0bc7\u0b9f\u0bcd\u0b95\u0bbf\u0bb1\u0bbe\u0ba9\u0bcd; \u0baa\u0bc6\u0bb0\u0bbf\u0baf\u0bb5\u0ba9\u0bcd \u0ba4\u0ba9\u0bcd \u0ba4\u0bc1\u0bb0\u0bbe\u0b9a\u0bc8\u0baf\u0bc8\u0ba4\u0bcd \u0ba4\u0bc6\u0bb0\u0bbf\u0bb5\u0bbf\u0b95\u0bcd\u0b95\u0bbf\u0bb1\u0bbe\u0ba9\u0bcd; \u0b87\u0bb5\u0bcd\u0bb5\u0bbf\u0ba4\u0bae\u0bbe\u0baf\u0bcd\u0baa\u0bcd \u0baa\u0bc1\u0bb0\u0b9f\u0bcd\u0b9f\u0bc1\u0b95\u0bbf\u0bb1\u0bbe\u0bb0\u0bcd\u0b95\u0bb3\u0bcd."},{"Verseid":"32006003","Verse":"\u0b85\u0bb5\u0bb0\u0bcd\u0b95\u0bb3\u0bbf\u0bb2\u0bcd \u0ba8\u0bb2\u0bcd\u0bb2\u0bb5\u0ba9\u0bcd \u0bae\u0bc1\u0b9f\u0bcd\u0b9a\u0bc6\u0b9f\u0bbf\u0b95\u0bcd \u0b95\u0bbe\u0ba4\u0bcd\u0ba4\u0bb5\u0ba9\u0bcd, \u0b9a\u0bc6\u0bae\u0bcd\u0bae\u0bc8\u0baf\u0bbe\u0ba9\u0bb5\u0ba9\u0bcd \u0ba8\u0bc6\u0bb0\u0bbf\u0b9e\u0bcd\u0b9a\u0bbf\u0bb2\u0bc8\u0baa\u0bcd\u0baa\u0bbe\u0bb0\u0bcd\u0b95\u0bcd\u0b95\u0b95\u0bcd \u0b95\u0b9f\u0bc1\u0b99\u0bcd\u0b95\u0bc2\u0bb0\u0bcd\u0bae\u0bc8\u0baf\u0bbe\u0ba9\u0bb5\u0ba9\u0bcd; \u0b89\u0ba9\u0bcd \u0b95\u0bbe\u0bb5\u0bb1\u0bcd\u0b95\u0bbe\u0bb0\u0bb0\u0bcd \u0b85\u0bb1\u0bbf\u0bb5\u0bbf\u0ba4\u0bcd\u0ba4 \u0b89\u0ba9\u0bcd \u0ba4\u0ba3\u0bcd\u0b9f\u0ba9\u0bc8\u0baf\u0bbf\u0ba9\u0bcd \u0ba8\u0bbe\u0bb3\u0bcd \u0bb5\u0bb0\u0bc1\u0b95\u0bbf\u0bb1\u0ba4\u0bc1; \u0b87\u0baa\u0bcd\u0baa\u0bca\u0bb4\u0bc1\u0ba4\u0bc7 \u0b85\u0bb5\u0bb0\u0bcd\u0b95\u0bb3\u0bc1\u0b95\u0bcd\u0b95\u0bc1\u0b95\u0bcd \u0b95\u0bb2\u0b95\u0bcd\u0b95\u0bae\u0bcd \u0b89\u0ba3\u0bcd\u0b9f\u0bc1."},{"Verseid":"32006004","Verse":"\u0b9a\u0bbf\u0ba8\u0bc7\u0b95\u0bbf\u0ba4\u0ba9\u0bc8 \u0bb5\u0bbf\u0b9a\u0bc1\u0bb5\u0bbe\u0b9a\u0bbf\u0b95\u0bcd\u0b95\u0bb5\u0bc7\u0ba3\u0bcd\u0b9f\u0bbe\u0bae\u0bcd, \u0bb5\u0bb4\u0bbf\u0b95\u0bbe\u0b9f\u0bcd\u0b9f\u0bbf\u0baf\u0bc8 \u0ba8\u0bae\u0bcd\u0baa\u0bb5\u0bc7\u0ba3\u0bcd\u0b9f\u0bbe\u0bae\u0bcd; \u0b89\u0ba9\u0bcd \u0bae\u0b9f\u0bbf\u0baf\u0bbf\u0bb2\u0bc7 \u0baa\u0b9f\u0bc1\u0ba4\u0bcd\u0ba4\u0bc1\u0b95\u0bcd\u0b95\u0bca\u0bb3\u0bcd\u0bb3\u0bc1\u0b95\u0bbf\u0bb1\u0bb5\u0bb3\u0bc1\u0b95\u0bcd\u0b95\u0bc1 \u0bae\u0bc1\u0ba9\u0bcd\u0baa\u0bbe\u0b95 \u0b89\u0ba9\u0bcd \u0bb5\u0bbe\u0baf\u0bc8\u0ba4\u0bcd \u0ba4\u0bbf\u0bb1\u0bb5\u0bbe\u0bae\u0bb2\u0bcd \u0b8e\u0b9a\u0bcd\u0b9a\u0bb0\u0bbf\u0b95\u0bcd\u0b95\u0bc8\u0baf\u0bbe\u0baf\u0bbf\u0bb0\u0bc1."},{"Verseid":"32006005","Verse":"\u0bae\u0b95\u0ba9\u0bcd \u0ba4\u0b95\u0baa\u0bcd\u0baa\u0ba9\u0bc8\u0b95\u0bcd \u0b95\u0ba9\u0bb5\u0bc0\u0ba9\u0baa\u0bcd\u0baa\u0b9f\u0bc1\u0ba4\u0bcd\u0ba4\u0bc1\u0b95\u0bbf\u0bb1\u0bbe\u0ba9\u0bcd; \u0bae\u0b95\u0bb3\u0bcd \u0ba4\u0ba9\u0bcd \u0ba4\u0bbe\u0baf\u0bcd\u0b95\u0bcd\u0b95\u0bc1 \u0bb5\u0bbf\u0bb0\u0bcb\u0ba4\u0bae\u0bbe\u0b95\u0bb5\u0bc1\u0bae\u0bcd, \u0bae\u0bb0\u0bc1\u0bae\u0b95\u0bb3\u0bcd \u0ba4\u0ba9\u0bcd \u0bae\u0bbe\u0bae\u0bbf\u0b95\u0bcd\u0b95\u0bc1 \u0bb5\u0bbf\u0bb0\u0bcb\u0ba4\u0bae\u0bbe\u0b95\u0bb5\u0bc1\u0bae\u0bcd \u0b8e\u0bb4\u0bc1\u0bae\u0bcd\u0baa\u0bc1\u0b95\u0bbf\u0bb1\u0bbe\u0bb0\u0bcd\u0b95\u0bb3\u0bcd; \u0bae\u0ba9\u0bc1\u0bb7\u0ba9\u0bc1\u0b9f\u0bc8\u0baf \u0b9a\u0ba4\u0bcd\u0ba4\u0bc1\u0bb0\u0bc1\u0b95\u0bcd\u0b95\u0bb3\u0bcd \u0b85\u0bb5\u0ba9\u0bcd \u0bb5\u0bc0\u0b9f\u0bcd\u0b9f\u0bbe\u0bb0\u0bcd\u0ba4\u0bbe\u0ba9\u0bc7."},{"Verseid":"32006006","Verse":"\u0ba8\u0bbe\u0ba9\u0bcb \u0b95\u0bb0\u0bcd\u0ba4\u0bcd\u0ba4\u0bb0\u0bc8 \u0ba8\u0bcb\u0b95\u0bcd\u0b95\u0bbf\u0b95\u0bcd\u0b95\u0bca\u0ba3\u0bcd\u0b9f\u0bc1, \u0b8e\u0ba9\u0bcd \u0b87\u0bb0\u0b9f\u0bcd\u0b9a\u0bbf\u0baa\u0bcd\u0baa\u0bbf\u0ba9\u0bcd \u0ba4\u0bc7\u0bb5\u0ba9\u0bc1\u0b95\u0bcd\u0b95\u0bc1\u0b95\u0bcd \u0b95\u0bbe\u0ba4\u0bcd\u0ba4\u0bbf\u0bb0\u0bc1\u0baa\u0bcd\u0baa\u0bc7\u0ba9\u0bcd; \u0b8e\u0ba9\u0bcd \u0ba4\u0bc7\u0bb5\u0ba9\u0bcd \u0b8e\u0ba9\u0bcd\u0ba9\u0bc8\u0b95\u0bcd \u0b95\u0bc7\u0b9f\u0bcd\u0b9f\u0bb0\u0bc1\u0bb3\u0bc1\u0bb5\u0bbe\u0bb0\u0bcd."},{"Verseid":"32006007","Verse":"\u0b8e\u0ba9\u0bcd \u0b9a\u0ba4\u0bcd\u0ba4\u0bc1\u0bb0\u0bc1\u0bb5\u0bc7, \u0b8e\u0ba9\u0b95\u0bcd\u0b95\u0bc1 \u0bb5\u0bbf\u0bb0\u0bcb\u0ba4\u0bae\u0bbe\u0baf\u0bcd\u0b9a\u0bcd \u0b9a\u0ba8\u0bcd\u0ba4\u0bcb\u0bb7\u0baa\u0bcd\u0baa\u0b9f\u0bbe\u0ba4\u0bc7; \u0ba8\u0bbe\u0ba9\u0bcd \u0bb5\u0bbf\u0bb4\u0bc1\u0ba8\u0bcd\u0ba4\u0bbe\u0bb2\u0bc1\u0bae\u0bcd \u0b8e\u0bb4\u0bc1\u0ba8\u0bcd\u0ba4\u0bbf\u0bb0\u0bc1\u0baa\u0bcd\u0baa\u0bc7\u0ba9\u0bcd; \u0ba8\u0bbe\u0ba9\u0bcd \u0b87\u0bb0\u0bc1\u0bb3\u0bbf\u0bb2\u0bc7 \u0b89\u0b9f\u0bcd\u0b95\u0bbe\u0bb0\u0bcd\u0ba8\u0bcd\u0ba4\u0bbe\u0bb2\u0bcd \u0b95\u0bb0\u0bcd\u0ba4\u0bcd\u0ba4\u0bb0\u0bcd \u0b8e\u0ba9\u0b95\u0bcd\u0b95\u0bc1 \u0bb5\u0bc6\u0bb3\u0bbf\u0b9a\u0bcd\u0b9a\u0bae\u0bbe\u0baf\u0bbf\u0bb0\u0bc1\u0baa\u0bcd\u0baa\u0bbe\u0bb0\u0bcd."},{"Verseid":"32006008","Verse":"\u0ba8\u0bbe\u0ba9\u0bcd \u0b95\u0bb0\u0bcd\u0ba4\u0bcd\u0ba4\u0bb0\u0bc1\u0b95\u0bcd\u0b95\u0bc1 \u0bb5\u0bbf\u0bb0\u0bcb\u0ba4\u0bae\u0bbe\u0b95\u0baa\u0bcd \u0baa\u0bbe\u0bb5\u0b9e\u0bcd\u0b9a\u0bc6\u0baf\u0bcd\u0ba4\u0bc7\u0ba9\u0bcd; \u0b85\u0bb5\u0bb0\u0bcd \u0b8e\u0ba9\u0b95\u0bcd\u0b95\u0bbe\u0b95 \u0bb5\u0bb4\u0b95\u0bcd\u0b95\u0bbe\u0b9f\u0bbf \u0b8e\u0ba9\u0bcd \u0ba8\u0bbf\u0baf\u0bbe\u0baf\u0ba4\u0bcd\u0ba4\u0bc8 \u0bb5\u0bbf\u0b9a\u0bbe\u0bb0\u0bbf\u0b95\u0bcd\u0b95\u0bc1\u0bae\u0b9f\u0bcd\u0b9f\u0bc1\u0bae\u0bcd \u0b85\u0bb5\u0bb0\u0bc1\u0b9f\u0bc8\u0baf \u0b95\u0bcb\u0baa\u0ba4\u0bcd\u0ba4\u0bc8\u0b9a\u0bcd \u0b9a\u0bc1\u0bae\u0baa\u0bcd\u0baa\u0bc7\u0ba9\u0bcd; \u0b85\u0bb5\u0bb0\u0bcd \u0b8e\u0ba9\u0bcd\u0ba9\u0bc8 \u0bb5\u0bc6\u0bb3\u0bbf\u0b9a\u0bcd\u0b9a\u0ba4\u0bcd\u0ba4\u0bbf\u0bb2\u0bc7 \u0b95\u0bca\u0ba3\u0bcd\u0b9f\u0bc1\u0bb5\u0bb0\u0bc1\u0bb5\u0bbe\u0bb0\u0bcd, \u0b85\u0bb5\u0bb0\u0bc1\u0b9f\u0bc8\u0baf \u0ba8\u0bc0\u0ba4\u0bbf\u0baf\u0bc8\u0baa\u0bcd \u0baa\u0bbe\u0bb0\u0bcd\u0baa\u0bcd\u0baa\u0bc7\u0ba9\u0bcd."},{"Verseid":"32006009","Verse":"\u0b89\u0ba9\u0bcd \u0ba4\u0bc7\u0bb5\u0ba9\u0bbe\u0b95\u0bbf\u0baf \u0b95\u0bb0\u0bcd\u0ba4\u0bcd\u0ba4\u0bb0\u0bcd \u0b8e\u0b99\u0bcd\u0b95\u0bc7 \u0b8e\u0ba9\u0bcd\u0bb1\u0bc1 \u0b8e\u0ba9\u0bcd\u0ba9\u0bcb\u0b9f\u0bc7 \u0b9a\u0bca\u0bb2\u0bcd\u0bb2\u0bc1\u0b95\u0bbf\u0bb1 \u0b8e\u0ba9\u0bcd \u0b9a\u0ba4\u0bcd\u0ba4\u0bc1\u0bb0\u0bc1\u0bb5\u0bbe\u0ba9\u0bb5\u0bb3\u0bcd \u0b85\u0ba4\u0bc8\u0baa\u0bcd \u0baa\u0bbe\u0bb0\u0bcd\u0b95\u0bcd\u0b95\u0bc1\u0bae\u0bcd\u0baa\u0bcb\u0ba4\u0bc1 \u0bb5\u0bc6\u0b9f\u0bcd\u0b95\u0bae\u0bcd \u0b85\u0bb5\u0bb3\u0bc8 \u0bae\u0bc2\u0b9f\u0bc1\u0bae\u0bcd; \u0b8e\u0ba9\u0bcd \u0b95\u0ba3\u0bcd\u0b95\u0bb3\u0bcd \u0b85\u0bb5\u0bb3\u0bc8\u0b95\u0bcd \u0b95\u0bbe\u0ba3\u0bc1\u0bae\u0bcd; \u0b87\u0ba9\u0bbf \u0bb5\u0bc0\u0ba4\u0bbf\u0b95\u0bb3\u0bbf\u0ba9\u0bcd \u0b9a\u0bc7\u0bb1\u0bcd\u0bb1\u0bc8\u0baa\u0bcd\u0baa\u0bcb\u0bb2 \u0bae\u0bbf\u0ba4\u0bbf\u0b95\u0bcd\u0b95\u0baa\u0bcd\u0baa\u0b9f\u0bc1\u0bb5\u0bbe\u0bb3\u0bcd."},{"Verseid":"32006010","Verse":"\u0b89\u0ba9\u0bcd \u0bae\u0ba4\u0bbf\u0bb2\u0bcd\u0b95\u0bb3\u0bc8 \u0b8e\u0b9f\u0bc1\u0baa\u0bcd\u0baa\u0bbf\u0b95\u0bcd\u0b95\u0bc1\u0bae\u0bcd \u0ba8\u0bbe\u0bb3\u0bcd \u0bb5\u0bb0\u0bc1\u0b95\u0bbf\u0bb1\u0ba4\u0bc1; \u0b85\u0ba8\u0bcd\u0ba8\u0bbe\u0bb3\u0bbf\u0bb2\u0bc7 \u0baa\u0bbf\u0bb0\u0bae\u0bbe\u0ba3\u0bae\u0bcd \u0bb5\u0bc6\u0b95\u0bc1\u0ba4\u0bc2\u0bb0\u0bae\u0bcd \u0baa\u0bb0\u0bb5\u0bbf\u0baa\u0bcd\u0baa\u0bcb\u0bae\u0bcd."},{"Verseid":"32006011","Verse":"\u0b85\u0ba8\u0bcd\u0ba8\u0bbe\u0bb3\u0bbf\u0bb2\u0bc7 \u0b85\u0b9a\u0bc0\u0bb0\u0bbf\u0baf\u0bbe\u0bae\u0bc1\u0ba4\u0bb2\u0bcd \u0b8e\u0b95\u0bbf\u0baa\u0bcd\u0ba4\u0bbf\u0ba9\u0bcd \u0baa\u0b9f\u0bcd\u0b9f\u0ba3\u0b99\u0bcd\u0b95\u0bb3\u0bcd \u0bb5\u0bb0\u0bc8\u0b95\u0bcd\u0b95\u0bc1\u0bae\u0bcd, \u0b8e\u0b95\u0bbf\u0baa\u0bcd\u0ba4\u0bc1\u0bae\u0bc1\u0ba4\u0bb2\u0bcd \u0ba8\u0ba4\u0bbf\u0bb5\u0bb0\u0bc8\u0b95\u0bcd\u0b95\u0bc1\u0bae\u0bcd, \u0b92\u0bb0\u0bc1 \u0b9a\u0bae\u0bc1\u0ba4\u0bcd\u0ba4\u0bbf\u0bb0\u0bae\u0bc1\u0ba4\u0bb2\u0bcd \u0bae\u0bb1\u0bc1 \u0b9a\u0bae\u0bc1\u0ba4\u0bcd\u0ba4\u0bbf\u0bb0\u0bae\u0bcd\u0bb5\u0bb0\u0bc8\u0b95\u0bcd\u0b95\u0bc1\u0bae\u0bcd, \u0b92\u0bb0\u0bc1 \u0baa\u0bb0\u0bcd\u0bb5\u0ba4\u0bae\u0bc1\u0ba4\u0bb2\u0bcd \u0bae\u0bb1\u0bc1 \u0baa\u0bb0\u0bcd\u0bb5\u0ba4\u0bae\u0bcd\u0bb5\u0bb0\u0bc8\u0b95\u0bcd\u0b95\u0bc1\u0bae\u0bc1\u0bb3\u0bcd\u0bb3 \u0b9c\u0ba9\u0b99\u0bcd\u0b95\u0bb3\u0bcd \u0b89\u0ba9\u0bcd\u0ba9\u0bbf\u0b9f\u0ba4\u0bcd\u0ba4\u0bbf\u0bb1\u0bcd\u0b95\u0bc1 \u0bb5\u0bb0\u0bc1\u0bb5\u0bbe\u0bb0\u0bcd\u0b95\u0bb3\u0bcd."},{"Verseid":"32006012","Verse":"\u0b86\u0ba9\u0bbe\u0bb2\u0bc1\u0bae\u0bcd \u0ba4\u0ba9\u0bcd \u0b95\u0bc1\u0b9f\u0bbf\u0b95\u0bb3\u0bbf\u0ba9\u0bbf\u0bae\u0bbf\u0ba4\u0bcd\u0ba4\u0bae\u0bc1\u0bae\u0bcd \u0b85\u0bb5\u0bb0\u0bcd\u0b95\u0bb3\u0bcd \u0b95\u0bbf\u0bb0\u0bbf\u0baf\u0bc8\u0b95\u0bb3\u0bc1\u0b9f\u0bc8\u0baf \u0baa\u0bb2\u0ba9\u0bcd\u0b95\u0bb3\u0bbf\u0ba9\u0bbf\u0bae\u0bbf\u0ba4\u0bcd\u0ba4\u0bae\u0bc1\u0bae\u0bcd \u0ba4\u0bc7\u0b9a\u0bae\u0bcd \u0baa\u0bbe\u0bb4\u0bbe\u0baf\u0bbf\u0bb0\u0bc1\u0b95\u0bcd\u0b95\u0bc1\u0bae\u0bcd."},{"Verseid":"32006013","Verse":"\u0b95\u0bb0\u0bcd\u0bae\u0bc7\u0bb2\u0bbf\u0ba9\u0bcd \u0ba8\u0b9f\u0bc1\u0bb5\u0bbf\u0bb2\u0bc7 \u0ba4\u0ba9\u0bbf\u0ba4\u0bcd\u0ba4\u0bc1 \u0bb5\u0ba9\u0bb5\u0bbe\u0b9a\u0bae\u0bbe\u0baf\u0bbf\u0bb0\u0bc1\u0b95\u0bcd\u0b95\u0bbf\u0bb1 \u0b89\u0bae\u0ba4\u0bc1 \u0b9a\u0bc1\u0ba4\u0ba8\u0bcd\u0ba4\u0bb0\u0bae\u0bbe\u0ba9 \u0bae\u0ba8\u0bcd\u0ba4\u0bc8\u0baf\u0bbe\u0b95\u0bbf\u0baf \u0b89\u0bae\u0bcd\u0bae\u0bc1\u0b9f\u0bc8\u0baf \u0b9c\u0ba9\u0ba4\u0bcd\u0ba4\u0bc8 \u0b89\u0bae\u0ba4\u0bc1 \u0b95\u0bcb\u0bb2\u0bbf\u0ba9\u0bbe\u0bb2\u0bcd \u0bae\u0bc7\u0baf\u0bcd\u0ba4\u0bcd\u0ba4\u0bb0\u0bc1\u0bb3\u0bc1\u0bae\u0bcd; \u0baa\u0bc2\u0bb0\u0bcd\u0bb5\u0ba8\u0bbe\u0b9f\u0bcd\u0b95\u0bb3\u0bbf\u0bb2\u0bcd \u0bae\u0bc7\u0baf\u0bcd\u0ba8\u0bcd\u0ba4\u0ba4\u0bc1\u0baa\u0bcb\u0bb2\u0bb5\u0bc7 \u0b85\u0bb5\u0bb0\u0bcd\u0b95\u0bb3\u0bcd \u0baa\u0bbe\u0b9a\u0bbe\u0ba9\u0bbf\u0bb2\u0bc1\u0bae\u0bcd \u0b95\u0bc0\u0bb2\u0bc7\u0baf\u0bbe\u0ba4\u0bcd\u0ba4\u0bbf\u0bb2\u0bc1\u0bae\u0bcd \u0bae\u0bc7\u0baf\u0bcd\u0bb5\u0bbe\u0bb0\u0bcd\u0b95\u0bb3\u0bbe\u0b95."},{"Verseid":"32006014","Verse":"\u0ba8\u0bc0 \u0b8e\u0b95\u0bbf\u0baa\u0bcd\u0ba4\u0bc1 \u0ba4\u0bc7\u0b9a\u0ba4\u0bcd\u0ba4\u0bbf\u0bb2\u0bbf\u0bb0\u0bc1\u0ba8\u0bcd\u0ba4\u0bc1 \u0baa\u0bc1\u0bb1\u0baa\u0bcd\u0baa\u0b9f\u0bcd\u0b9f\u0ba8\u0bbe\u0bb3\u0bbf\u0bb2\u0bcd \u0ba8\u0b9f\u0ba8\u0bcd\u0ba4\u0ba4\u0bc1\u0baa\u0bcb\u0bb2\u0bb5\u0bc7 \u0b89\u0ba9\u0bcd\u0ba9\u0bc8 \u0b85\u0ba4\u0bbf\u0b9a\u0baf\u0b99\u0bcd\u0b95\u0bb3\u0bc8\u0b95\u0bcd \u0b95\u0bbe\u0ba3\u0baa\u0bcd\u0baa\u0ba3\u0bcd\u0ba3\u0bc1\u0bb5\u0bc7\u0ba9\u0bcd."},{"Verseid":"32006015","Verse":"\u0baa\u0bc1\u0bb1\u0b9c\u0bbe\u0ba4\u0bbf\u0b95\u0bb3\u0bcd \u0b95\u0ba3\u0bcd\u0b9f\u0bc1 \u0ba4\u0b99\u0bcd\u0b95\u0bb3\u0bc1\u0b9f\u0bc8\u0baf \u0b8e\u0bb2\u0bcd\u0bb2\u0bbe\u0baa\u0bcd \u0baa\u0bb0\u0bbe\u0b95\u0bcd\u0b95\u0bbf\u0bb0\u0bae\u0ba4\u0bcd\u0ba4\u0bc8\u0baf\u0bc1\u0b99\u0bcd\u0b95\u0bc1\u0bb1\u0bbf\u0ba4\u0bcd\u0ba4\u0bc1 \u0bb5\u0bc6\u0b9f\u0bcd\u0b95\u0baa\u0bcd\u0baa\u0b9f\u0bc1\u0bb5\u0bbe\u0bb0\u0bcd\u0b95\u0bb3\u0bcd; \u0b95\u0bc8\u0baf\u0bc8 \u0bb5\u0bbe\u0baf\u0bbf\u0ba9\u0bcd\u0bae\u0bc7\u0bb2\u0bcd \u0bb5\u0bc8\u0ba4\u0bcd\u0ba4\u0bc1\u0b95\u0bcd\u0b95\u0bca\u0bb3\u0bcd\u0bb5\u0bbe\u0bb0\u0bcd\u0b95\u0bb3\u0bcd; \u0b85\u0bb5\u0bb0\u0bcd\u0b95\u0bb3\u0bcd \u0b95\u0bbe\u0ba4\u0bc1\u0b95\u0bb3\u0bcd \u0b9a\u0bc6\u0bb5\u0bbf\u0b9f\u0bbe\u0baf\u0bcd\u0baa\u0bcd \u0baa\u0bcb\u0b95\u0bc1\u0bae\u0bcd."},{"Verseid":"32006016","Verse":"\u0baa\u0bbe\u0bae\u0bcd\u0baa\u0bc8\u0baa\u0bcd\u0baa\u0bcb\u0bb2 \u0bae\u0ba3\u0bcd\u0ba3\u0bc8 \u0ba8\u0b95\u0bcd\u0b95\u0bc1\u0bb5\u0bbe\u0bb0\u0bcd\u0b95\u0bb3\u0bcd; \u0baa\u0bc2\u0bae\u0bbf\u0baf\u0bbf\u0ba9\u0bcd \u0b8a\u0bb0\u0bcd\u0bb5\u0ba9\u0bb5\u0bb1\u0bcd\u0bb1\u0bc8\u0baa\u0bcd\u0baa\u0bcb\u0bb2\u0ba4\u0bcd \u0ba4\u0b99\u0bcd\u0b95\u0bb3\u0bcd \u0bae\u0bb1\u0bc8\u0bb5\u0bbf\u0b9f\u0b99\u0bcd\u0b95\u0bb3\u0bbf\u0bb2\u0bbf\u0bb0\u0bc1\u0ba8\u0bcd\u0ba4\u0bc1 \u0ba8\u0b9f\u0bc1\u0ba8\u0b9f\u0bc1\u0b99\u0bcd\u0b95\u0bbf\u0baa\u0bcd \u0baa\u0bc1\u0bb1\u0baa\u0bcd\u0baa\u0b9f\u0bc1\u0bb5\u0bbe\u0bb0\u0bcd\u0b95\u0bb3\u0bcd; \u0ba8\u0bae\u0ba4\u0bc1 \u0ba4\u0bc7\u0bb5\u0ba9\u0bbe\u0b95\u0bbf\u0baf \u0b95\u0bb0\u0bcd\u0ba4\u0bcd\u0ba4\u0bb0\u0bbf\u0b9f\u0ba4\u0bcd\u0ba4\u0bbf\u0bb1\u0bcd\u0b95\u0bc1\u0ba4\u0bcd \u0ba4\u0bbf\u0b95\u0bbf\u0bb2\u0bcb\u0b9f\u0bc7 \u0b9a\u0bc7\u0bb0\u0bcd\u0ba8\u0bcd\u0ba4\u0bc1, \u0b89\u0ba9\u0b95\u0bcd\u0b95\u0bc1\u0baa\u0bcd \u0baa\u0baf\u0baa\u0bcd\u0baa\u0b9f\u0bc1\u0bb5\u0bbe\u0bb0\u0bcd\u0b95\u0bb3\u0bcd."},{"Verseid":"32006017","Verse":"\u0ba4\u0bae\u0ba4\u0bc1 \u0b9a\u0bc1\u0ba4\u0ba8\u0bcd\u0ba4\u0bb0\u0ba4\u0bcd\u0ba4\u0bbf\u0bb2\u0bcd \u0bae\u0bc0\u0ba4\u0bbf\u0baf\u0bbe\u0ba9\u0bb5\u0bb0\u0bcd\u0b95\u0bb3\u0bc1\u0b9f\u0bc8\u0baf \u0b85\u0b95\u0bcd\u0b95\u0bbf\u0bb0\u0bae\u0ba4\u0bcd\u0ba4\u0bc8\u0baa\u0bcd \u0baa\u0bca\u0bb1\u0bc1\u0ba4\u0bcd\u0ba4\u0bc1, \u0bae\u0bc0\u0bb1\u0bc1\u0ba4\u0bb2\u0bc8 \u0bae\u0ba9\u0bcd\u0ba9\u0bbf\u0b95\u0bcd\u0b95\u0bbf\u0bb1 \u0ba4\u0bc7\u0bb5\u0bb0\u0bc0\u0bb0\u0bc1\u0b95\u0bcd\u0b95\u0bc1 \u0b92\u0baa\u0bcd\u0baa\u0bbe\u0ba9 \u0ba4\u0bc7\u0bb5\u0ba9\u0bcd \u0baf\u0bbe\u0bb0\u0bcd? \u0b85\u0bb5\u0bb0\u0bcd \u0b95\u0bbf\u0bb0\u0bc1\u0baa\u0bc8\u0b9a\u0bc6\u0baf\u0bcd\u0baf \u0bb5\u0bbf\u0bb0\u0bc1\u0bae\u0bcd\u0baa\u0bc1\u0b95\u0bbf\u0bb1\u0baa\u0b9f\u0bbf\u0baf\u0bbe\u0bb2\u0bcd \u0b85\u0bb5\u0bb0\u0bcd \u0b8e\u0ba9\u0bcd\u0bb1\u0bc6\u0ba9\u0bcd\u0bb1\u0bc8\u0b95\u0bcd\u0b95\u0bc1\u0bae\u0bcd \u0b95\u0bcb\u0baa\u0bae\u0bcd \u0bb5\u0bc8\u0baf\u0bbe\u0bb0\u0bcd."},{"Verseid":"32006018","Verse":"\u0b85\u0bb5\u0bb0\u0bcd \u0ba4\u0bbf\u0bb0\u0bc1\u0bae\u0bcd\u0baa \u0ba8\u0bae\u0bcd\u0bae\u0bc7\u0bb2\u0bcd \u0b87\u0bb0\u0b99\u0bcd\u0b95\u0bc1\u0bb5\u0bbe\u0bb0\u0bcd; \u0ba8\u0bae\u0bcd\u0bae\u0bc1\u0b9f\u0bc8\u0baf \u0b85\u0b95\u0bcd\u0b95\u0bbf\u0bb0\u0bae\u0b99\u0bcd\u0b95\u0bb3\u0bc8 \u0b85\u0b9f\u0b95\u0bcd\u0b95\u0bbf \u0ba8\u0bae\u0bcd\u0bae\u0bc1\u0b9f\u0bc8\u0baf \u0baa\u0bbe\u0bb5\u0b99\u0bcd\u0b95\u0bb3\u0bc8\u0baf\u0bc6\u0bb2\u0bcd\u0bb2\u0bbe\u0bae\u0bcd \u0b9a\u0bae\u0bc1\u0ba4\u0bcd\u0ba4\u0bbf\u0ba4\u0bcd\u0ba4\u0bbf\u0ba9\u0bcd \u0b86\u0bb4\u0b99\u0bcd\u0b95\u0bb3\u0bbf\u0bb2\u0bcd \u0baa\u0bcb\u0b9f\u0bcd\u0b9f\u0bc1\u0bb5\u0bbf\u0b9f\u0bc1\u0bb5\u0bbe\u0bb0\u0bcd."},{"Verseid":"32006019","Verse":"\u0ba4\u0bc7\u0bb5\u0bb0\u0bc0\u0bb0\u0bcd \u0baa\u0bc2\u0bb0\u0bcd\u0bb5\u0ba8\u0bbe\u0b9f\u0bcd\u0b95\u0bb3\u0bcd\u0bae\u0bc1\u0ba4\u0bb2\u0bcd \u0b8e\u0b99\u0bcd\u0b95\u0bb3\u0bcd \u0baa\u0bbf\u0ba4\u0bbe\u0b95\u0bcd\u0b95\u0bb3\u0bc1\u0b95\u0bcd\u0b95\u0bc1 \u0b86\u0ba3\u0bc8\u0baf\u0bbf\u0b9f\u0bcd\u0b9f \u0b9a\u0ba4\u0bcd\u0ba4\u0bbf\u0baf\u0ba4\u0bcd\u0ba4\u0bc8 \u0baf\u0bbe\u0b95\u0bcd\u0b95\u0bcb\u0baa\u0bc1\u0b95\u0bcd\u0b95\u0bc1\u0bae\u0bcd \u0b95\u0bbf\u0bb0\u0bc1\u0baa\u0bc8\u0baf\u0bc8 \u0b86\u0baa\u0bbf\u0bb0\u0b95\u0bbe\u0bae\u0bc1\u0b95\u0bcd\u0b95\u0bc1\u0bae\u0bcd \u0b95\u0b9f\u0bcd\u0b9f\u0bb3\u0bc8\u0baf\u0bbf\u0b9f\u0bc1\u0bb5\u0bc0\u0bb0\u0bbe\u0b95."}]}]}