{"Chapter":[{"Verse":[{"Verseid":"38000000","Verse":"\u0bae\u0bb2\u0bcd\u0b95\u0bbf\u0baf\u0bbe\u0bb5\u0bc8\u0b95\u0bcd\u0b95\u0bca\u0ba3\u0bcd\u0b9f\u0bc1 \u0b95\u0bb0\u0bcd\u0ba4\u0bcd\u0ba4\u0bb0\u0bcd \u0b87\u0bb8\u0bcd\u0bb0\u0bb5\u0bc7\u0bb2\u0bc1\u0b95\u0bcd\u0b95\u0bc1\u0b9a\u0bcd \u0b9a\u0bca\u0ba9\u0bcd\u0ba9 \u0bb5\u0bbe\u0bb0\u0bcd\u0ba4\u0bcd\u0ba4\u0bc8\u0baf\u0bbf\u0ba9\u0bcd \u0baa\u0bbe\u0bb0\u0bae\u0bcd."},{"Verseid":"38000001","Verse":"\u0ba8\u0bbe\u0ba9\u0bcd \u0b89\u0b99\u0bcd\u0b95\u0bb3\u0bc8\u0b9a\u0bcd \u0b9a\u0bbf\u0ba8\u0bc7\u0b95\u0bbf\u0ba4\u0bcd\u0ba4\u0bc7\u0ba9\u0bc6\u0ba9\u0bcd\u0bb1\u0bc1 \u0b95\u0bb0\u0bcd\u0ba4\u0bcd\u0ba4\u0bb0\u0bcd \u0b9a\u0bca\u0bb2\u0bcd\u0bb2\u0bc1\u0b95\u0bbf\u0bb1\u0bbe\u0bb0\u0bcd; \u0b85\u0ba4\u0bb1\u0bcd\u0b95\u0bc1 \u0ba8\u0bc0\u0b99\u0bcd\u0b95\u0bb3\u0bcd: \u0b8e\u0b99\u0bcd\u0b95\u0bb3\u0bc8 \u0b8e\u0baa\u0bcd\u0baa\u0b9f\u0bbf\u0b9a\u0bcd \u0b9a\u0bbf\u0ba8\u0bc7\u0b95\u0bbf\u0ba4\u0bcd\u0ba4\u0bc0\u0bb0\u0bcd \u0b8e\u0ba9\u0bcd\u0b95\u0bbf\u0bb1\u0bc0\u0bb0\u0bcd\u0b95\u0bb3\u0bcd; \u0b95\u0bb0\u0bcd\u0ba4\u0bcd\u0ba4\u0bb0\u0bcd \u0b9a\u0bca\u0bb2\u0bcd\u0bb2\u0bc1\u0b95\u0bbf\u0bb1\u0bbe\u0bb0\u0bcd: \u0b8f\u0b9a\u0bbe \u0baf\u0bbe\u0b95\u0bcd\u0b95\u0bcb\u0baa\u0bc1\u0b95\u0bcd\u0b95\u0bc1\u0b9a\u0bcd \u0b9a\u0b95\u0bcb\u0ba4\u0bb0\u0ba9\u0bb2\u0bcd\u0bb2\u0bb5\u0bcb? \u0b86\u0b95\u0bbf\u0bb2\u0bc1\u0bae\u0bcd \u0baf\u0bbe\u0b95\u0bcd\u0b95\u0bcb\u0baa\u0bc8 \u0ba8\u0bbe\u0ba9\u0bcd \u0b9a\u0bbf\u0ba8\u0bc7\u0b95\u0bbf\u0ba4\u0bcd\u0ba4\u0bc7\u0ba9\u0bcd."},{"Verseid":"38000002","Verse":"\u0b8f\u0b9a\u0bbe\u0bb5\u0bc8\u0baf\u0bcb \u0ba8\u0bbe\u0ba9\u0bcd \u0bb5\u0bc6\u0bb1\u0bc1\u0ba4\u0bcd\u0ba4\u0bc7\u0ba9\u0bcd; \u0b85\u0bb5\u0ba9\u0bc1\u0b9f\u0bc8\u0baf \u0bae\u0bb2\u0bc8\u0b95\u0bb3\u0bc8\u0baa\u0bcd \u0baa\u0bbe\u0bb4\u0bc1\u0bae\u0bcd \u0b85\u0bb5\u0ba9\u0bc1\u0b9f\u0bc8\u0baf \u0b9a\u0bc1\u0ba4\u0ba8\u0bcd\u0ba4\u0bb0\u0ba4\u0bcd\u0ba4\u0bc8 \u0bb5\u0ba9\u0bbe\u0ba8\u0bcd\u0ba4\u0bb0\u0ba4\u0bcd\u0ba4\u0bbf\u0bb2\u0bc1\u0bb3\u0bcd\u0bb3 \u0bb5\u0bb2\u0bc1\u0b9a\u0bb0\u0bcd\u0baa\u0bcd\u0baa\u0b99\u0bcd\u0b95\u0bb3\u0bbf\u0ba9\u0bcd \u0ba4\u0bbe\u0bb5\u0bc1\u0bae\u0bcd \u0b86\u0b95\u0bcd\u0b95\u0bbf\u0ba9\u0bc7\u0ba9\u0bcd."},{"Verseid":"38000003","Verse":"\u0b8f\u0ba4\u0bcb\u0bae\u0bbf\u0baf\u0bb0\u0bcd: \u0ba8\u0bbe\u0bae\u0bcd \u0b8e\u0bb3\u0bbf\u0bae\u0bc8\u0baa\u0bcd\u0baa\u0b9f\u0bcd\u0b9f\u0bcb\u0bae\u0bcd: \u0b86\u0ba9\u0bbe\u0bb2\u0bc1\u0bae\u0bcd \u0baa\u0bbe\u0bb4\u0bbe\u0ba9\u0bb5\u0bc8\u0b95\u0bb3\u0bc8\u0ba4\u0bcd \u0ba4\u0bbf\u0bb0\u0bc1\u0bae\u0bcd\u0baa\u0b95\u0bcd \u0b95\u0b9f\u0bcd\u0b9f\u0bc1\u0bb5\u0bcb\u0bae\u0bcd \u0b8e\u0ba9\u0bcd\u0bb1\u0bc1 \u0b9a\u0bca\u0bb2\u0bcd\u0bb2\u0bc1\u0b95\u0bbf\u0bb1\u0bbe\u0bb0\u0bcd\u0b95\u0bb3\u0bcd; \u0b85\u0ba4\u0bb1\u0bcd\u0b95\u0bc1\u0b95\u0bcd \u0b95\u0bb0\u0bcd\u0ba4\u0bcd\u0ba4\u0bb0\u0bcd: \u0b85\u0bb5\u0bb0\u0bcd\u0b95\u0bb3\u0bcd \u0b95\u0b9f\u0bcd\u0b9f\u0bc1\u0bb5\u0bbe\u0bb0\u0bcd\u0b95\u0bb3\u0bcd, \u0ba8\u0bbe\u0ba9\u0bcd \u0b87\u0b9f\u0bbf\u0baa\u0bcd\u0baa\u0bc7\u0ba9\u0bcd. \u0b85\u0bb5\u0bb0\u0bcd\u0b95\u0bb3\u0bcd \u0ba4\u0bc1\u0ba9\u0bcd\u0bae\u0bbe\u0bb0\u0bcd\u0b95\u0bcd\u0b95\u0ba4\u0bcd\u0ba4\u0bbf\u0ba9\u0bcd \u0b8e\u0bb2\u0bcd\u0bb2\u0bc8\u0baf\u0bc6\u0ba9\u0bcd\u0bb1\u0bc1\u0bae\u0bcd, \u0b95\u0bb0\u0bcd\u0ba4\u0bcd\u0ba4\u0bb0\u0bcd \u0b8e\u0ba9\u0bcd\u0bb1\u0bc8\u0b95\u0bcd\u0b95\u0bc1\u0bae\u0bcd \u0b9a\u0bbf\u0ba9\u0bae\u0bcd\u0bb5\u0bc8\u0b95\u0bcd\u0b95\u0bbf\u0bb1 \u0b9c\u0ba9\u0bae\u0bc6\u0ba9\u0bcd\u0bb1\u0bc1\u0bae\u0bcd \u0b9a\u0bca\u0bb2\u0bcd\u0bb2\u0baa\u0bcd\u0baa\u0b9f\u0bc1\u0bb5\u0bbe\u0bb0\u0bcd\u0b95\u0bb3\u0bcd \u0b8e\u0ba9\u0bcd\u0b95\u0bbf\u0bb1\u0bbe\u0bb0\u0bcd."},{"Verseid":"38000004","Verse":"\u0b87\u0ba4\u0bc8 \u0b89\u0b99\u0bcd\u0b95\u0bb3\u0bcd \u0b95\u0ba3\u0bcd\u0b95\u0bb3\u0bcd \u0b95\u0bbe\u0ba3\u0bc1\u0bae\u0bcd. \u0b85\u0baa\u0bcd\u0baa\u0bca\u0bb4\u0bc1\u0ba4\u0bc1 \u0ba8\u0bc0\u0b99\u0bcd\u0b95\u0bb3\u0bcd: \u0b95\u0bb0\u0bcd\u0ba4\u0bcd\u0ba4\u0bb0\u0bcd \u0b87\u0bb8\u0bcd\u0bb0\u0bb5\u0bc7\u0bb2\u0bc1\u0b9f\u0bc8\u0baf \u0b8e\u0bb2\u0bcd\u0bb2\u0bc8 \u0ba4\u0bc1\u0bb5\u0b95\u0bcd\u0b95\u0bbf \u0bae\u0b95\u0bbf\u0bae\u0bc8\u0baa\u0bcd\u0baa\u0b9f\u0bc1\u0ba4\u0bcd\u0ba4\u0baa\u0bcd\u0baa\u0b9f\u0bc1\u0bb5\u0bbe\u0bb0\u0bcd \u0b8e\u0ba9\u0bcd\u0baa\u0bc0\u0bb0\u0bcd\u0b95\u0bb3\u0bcd."},{"Verseid":"38000005","Verse":"\u0b95\u0bc1\u0bae\u0bbe\u0bb0\u0ba9\u0bcd \u0ba4\u0ba9\u0bcd \u0baa\u0bbf\u0ba4\u0bbe\u0bb5\u0bc8\u0baf\u0bc1\u0bae\u0bcd, \u0b8a\u0bb4\u0bbf\u0baf\u0b95\u0bcd\u0b95\u0bbe\u0bb0\u0ba9\u0bcd \u0ba4\u0ba9\u0bcd \u0b8e\u0b9c\u0bae\u0bbe\u0ba9\u0bc8\u0baf\u0bc1\u0bae\u0bcd \u0b95\u0ba9\u0bae\u0bcd\u0baa\u0ba3\u0bcd\u0ba3\u0bc1\u0b95\u0bbf\u0bb1\u0bbe\u0bb0\u0bcd\u0b95\u0bb3\u0bc7; \u0ba8\u0bbe\u0ba9\u0bcd \u0baa\u0bbf\u0ba4\u0bbe\u0bb5\u0bbe\u0ba9\u0bbe\u0bb2\u0bcd \u0b8e\u0ba9\u0bcd \u0b95\u0ba9\u0bae\u0bcd \u0b8e\u0b99\u0bcd\u0b95\u0bc7? \u0ba8\u0bbe\u0ba9\u0bcd \u0b8e\u0b9c\u0bae\u0bbe\u0ba9\u0bbe\u0ba9\u0bbe\u0bb2\u0bcd \u0b8e\u0ba9\u0b95\u0bcd\u0b95\u0bc1\u0baa\u0bcd \u0baa\u0baf\u0baa\u0bcd\u0baa\u0b9f\u0bc1\u0bae\u0bcd \u0baa\u0baf\u0bae\u0bcd \u0b8e\u0b99\u0bcd\u0b95\u0bc7 \u0b8e\u0ba9\u0bcd\u0bb1\u0bc1 \u0b9a\u0bc7\u0ba9\u0bc8\u0b95\u0bb3\u0bbf\u0ba9\u0bcd \u0b95\u0bb0\u0bcd\u0ba4\u0bcd\u0ba4\u0bb0\u0bcd \u0ba4\u0bae\u0ba4\u0bc1 \u0ba8\u0bbe\u0bae\u0ba4\u0bcd\u0ba4\u0bc8 \u0b85\u0b9a\u0b9f\u0bcd\u0b9f\u0bc8\u0baa\u0ba3\u0bcd\u0ba3\u0bc1\u0b95\u0bbf\u0bb1 \u0b86\u0b9a\u0bbe\u0bb0\u0bbf\u0baf\u0bb0\u0bcd\u0b95\u0bb3\u0bbe\u0b95\u0bbf\u0baf \u0b89\u0b99\u0bcd\u0b95\u0bb3\u0bc8\u0b95\u0bcd \u0b95\u0bc7\u0b9f\u0bcd\u0b95\u0bbf\u0bb1\u0bbe\u0bb0\u0bcd; \u0b85\u0ba4\u0bb1\u0bcd\u0b95\u0bc1 \u0ba8\u0bc0\u0b99\u0bcd\u0b95\u0bb3\u0bcd \u0b89\u0bae\u0ba4\u0bc1 \u0ba8\u0bbe\u0bae\u0ba4\u0bcd\u0ba4\u0bc8 \u0b8e\u0ba4\u0bbf\u0ba9\u0bbe\u0bb2\u0bc7 \u0b85\u0b9a\u0b9f\u0bcd\u0b9f\u0bc8\u0baa\u0ba3\u0bcd\u0ba3\u0bbf\u0ba9\u0bcb\u0bae\u0bcd \u0b8e\u0ba9\u0bcd\u0b95\u0bbf\u0bb1\u0bc0\u0bb0\u0bcd\u0b95\u0bb3\u0bcd."},{"Verseid":"38000006","Verse":"\u0b8e\u0ba9\u0bcd \u0baa\u0bc0\u0b9f\u0ba4\u0bcd\u0ba4\u0bbf\u0ba9\u0bcd\u0bae\u0bc7\u0bb2\u0bcd \u0b85\u0b9a\u0bc1\u0ba4\u0bcd\u0ba4\u0bae\u0bbe\u0ba9 \u0b85\u0baa\u0bcd\u0baa\u0ba4\u0bcd\u0ba4\u0bc8\u0baa\u0bcd \u0baa\u0b9f\u0bc8\u0b95\u0bcd\u0b95\u0bbf\u0bb1\u0ba4\u0bbf\u0ba9\u0bbe\u0bb2\u0bc7\u0baf\u0bc7; \u0b86\u0ba9\u0bbe\u0bb2\u0bc1\u0bae\u0bcd \u0b89\u0bae\u0bcd\u0bae\u0bc8 \u0b8e\u0ba4\u0bbf\u0ba9\u0bbe\u0bb2\u0bc7 \u0b85\u0b9a\u0bc1\u0ba4\u0bcd\u0ba4\u0baa\u0bcd\u0baa\u0b9f\u0bc1\u0ba4\u0bbf\u0ba9\u0bcb\u0bae\u0bcd \u0b8e\u0ba9\u0bcd\u0b95\u0bbf\u0bb1\u0bc0\u0bb0\u0bcd\u0b95\u0bb3\u0bcd; \u0b95\u0bb0\u0bcd\u0ba4\u0bcd\u0ba4\u0bb0\u0bc1\u0b9f\u0bc8\u0baf \u0baa\u0ba8\u0bcd\u0ba4\u0bbf \u0b8e\u0ba3\u0bcd\u0ba3\u0bae\u0bb1\u0bcd\u0bb1\u0bc1\u0baa\u0bcd\u0baa\u0bcb\u0baf\u0bbf\u0bb1\u0bcd\u0bb1\u0bc6\u0ba9\u0bcd\u0bb1\u0bc1, \u0ba8\u0bc0\u0b99\u0bcd\u0b95\u0bb3\u0bcd \u0b9a\u0bca\u0bb2\u0bcd\u0bb2\u0bc1\u0b95\u0bbf\u0bb1\u0ba4\u0bbf\u0ba9\u0bbe\u0bb2\u0bc7\u0baf\u0bc7."},{"Verseid":"38000007","Verse":"\u0ba8\u0bc0\u0b99\u0bcd\u0b95\u0bb3\u0bcd \u0b95\u0ba3\u0bcd \u0b8a\u0ba9\u0bae\u0bbe\u0ba9\u0ba4\u0bc8\u0baa\u0bcd \u0baa\u0bb2\u0bbf\u0baf\u0bbf\u0b9f\u0b95\u0bcd\u0b95\u0bca\u0ba3\u0bcd\u0b9f\u0bc1\u0bb5\u0ba8\u0bcd\u0ba4\u0bbe\u0bb2\u0bc1\u0bae\u0bcd \u0b85\u0ba4\u0bc1 \u0baa\u0bca\u0bb2\u0bcd\u0bb2\u0bbe\u0baa\u0bcd\u0baa\u0bb2\u0bcd\u0bb2, \u0ba8\u0bc0\u0b99\u0bcd\u0b95\u0bb3\u0bcd \u0b95\u0bbe\u0bb2\u0bc1\u0bc2\u0ba9\u0bae\u0bbe\u0ba9\u0ba4\u0bc8\u0baf\u0bc1\u0bae\u0bcd \u0ba8\u0b9a\u0bb2\u0bcd \u0baa\u0bbf\u0b9f\u0bbf\u0ba4\u0bcd\u0ba4\u0ba4\u0bc8\u0baf\u0bc1\u0bae\u0bcd \u0b95\u0bca\u0ba3\u0bcd\u0b9f\u0bc1\u0bb5\u0ba8\u0bcd\u0ba4\u0bbe\u0bb2\u0bc1\u0bae\u0bcd \u0b85\u0ba4\u0bc1 \u0baa\u0bca\u0bb2\u0bcd\u0bb2\u0bbe\u0baa\u0bcd\u0baa\u0bb2\u0bcd\u0bb2 \u0b8e\u0ba9\u0bcd\u0b95\u0bbf\u0bb1\u0bc0\u0bb0\u0bcd\u0b95\u0bb3\u0bc7; \u0b85\u0ba4\u0bc8 \u0ba8\u0bc0 \u0b89\u0ba9\u0bcd \u0b85\u0ba4\u0bbf\u0baa\u0ba4\u0bbf\u0b95\u0bcd\u0b95\u0bc1\u0b9a\u0bcd \u0b9a\u0bc6\u0bb2\u0bc1\u0ba4\u0bcd\u0ba4\u0bc1 \u0b85\u0bb5\u0ba9\u0bcd \u0b89\u0ba9\u0bcd\u0bae\u0bc7\u0bb2\u0bcd \u0baa\u0bbf\u0bb0\u0bbf\u0baf\u0bae\u0bbe\u0baf\u0bbf\u0bb0\u0bc1\u0baa\u0bcd\u0baa\u0bbe\u0ba9\u0bcb? \u0b89\u0ba9\u0bcd \u0bae\u0bc1\u0b95\u0ba4\u0bcd\u0ba4\u0bc8\u0baa\u0bcd \u0baa\u0bbe\u0bb0\u0bcd\u0baa\u0bcd\u0baa\u0bbe\u0ba9\u0bcb \u0b8e\u0ba9\u0bcd\u0bb1\u0bc1 \u0b9a\u0bc7\u0ba9\u0bc8\u0b95\u0bb3\u0bbf\u0ba9\u0bcd \u0b95\u0bb0\u0bcd\u0ba4\u0bcd\u0ba4\u0bb0\u0bcd \u0b95\u0bc7\u0b9f\u0bcd\u0b95\u0bbf\u0bb1\u0bbe\u0bb0\u0bcd."},{"Verseid":"38000008","Verse":"\u0b87\u0baa\u0bcd\u0baa\u0bcb\u0ba4\u0bc1\u0bae\u0bcd \u0ba4\u0bc7\u0bb5\u0ba9\u0bc1\u0b9f\u0bc8\u0baf \u0b9a\u0bae\u0bc1\u0b95\u0ba4\u0bcd\u0ba4\u0bc8 \u0ba8\u0bcb\u0b95\u0bcd\u0b95\u0bbf\u0b95\u0bcd \u0b95\u0bc6\u0b9e\u0bcd\u0b9a\u0bc1\u0b99\u0bcd\u0b95\u0bb3\u0bcd; \u0b85\u0baa\u0bcd\u0baa\u0bca\u0bb4\u0bc1\u0ba4\u0bc1 \u0ba8\u0bae\u0bcd\u0bae\u0bc7\u0bb2\u0bcd \u0b87\u0bb0\u0b99\u0bcd\u0b95\u0bc1\u0bb5\u0bbe\u0bb0\u0bcd; \u0b87\u0ba4\u0bc1 \u0b89\u0b99\u0bcd\u0b95\u0bb3\u0bbe\u0bb2\u0bc7 \u0bb5\u0ba8\u0bcd\u0ba4 \u0b95\u0bbe\u0bb0\u0bbf\u0baf\u0bae\u0bcd, \u0b85\u0bb5\u0bb0\u0bcd \u0b89\u0b99\u0bcd\u0b95\u0bb3\u0bc8 \u0b85\u0b99\u0bcd\u0b95\u0bc0\u0b95\u0bb0\u0bbf\u0baa\u0bcd\u0baa\u0bbe\u0bb0\u0bcb \u0b8e\u0ba9\u0bcd\u0bb1\u0bc1 \u0b9a\u0bc7\u0ba9\u0bc8\u0b95\u0bb3\u0bbf\u0ba9\u0bcd \u0b95\u0bb0\u0bcd\u0ba4\u0bcd\u0ba4\u0bb0\u0bcd \u0b95\u0bc7\u0b9f\u0bcd\u0b95\u0bbf\u0bb1\u0bbe\u0bb0\u0bcd."},{"Verseid":"38000009","Verse":"\u0b89\u0b99\u0bcd\u0b95\u0bb3\u0bbf\u0bb2\u0bcd \u0b8e\u0bb5\u0ba9\u0bcd \u0b95\u0bc2\u0bb2\u0bbf\u0baf\u0bbf\u0bb2\u0bcd\u0bb2\u0bbe\u0bae\u0bb2\u0bcd \u0b95\u0ba4\u0bb5\u0bc1\u0b95\u0bb3\u0bc8\u0baa\u0bcd \u0baa\u0bc2\u0b9f\u0bcd\u0b9f\u0bc1\u0bb5\u0bbe\u0ba9\u0bcd; \u0b8e\u0ba9\u0bcd \u0baa\u0bb2\u0bbf\u0baa\u0bc0\u0b9f\u0ba4\u0bcd\u0ba4\u0bbf\u0ba9\u0bcd\u0bae\u0bc7\u0bb2\u0bcd \u0b85\u0b95\u0bcd\u0b95\u0bbf\u0ba9\u0bbf\u0baf\u0bc8\u0b95\u0bcd \u0b95\u0bc2\u0bb2\u0bbf\u0baf\u0bbf\u0bb2\u0bcd\u0bb2\u0bbe\u0bae\u0bb2\u0bcd \u0b95\u0bca\u0bb3\u0bc1\u0ba4\u0bcd\u0ba4\u0bb5\u0bc1\u0bae\u0bbe\u0b9f\u0bcd\u0b9f\u0bc0\u0bb0\u0bcd\u0b95\u0bb3\u0bcd, \u0b89\u0b99\u0bcd\u0b95\u0bb3\u0bcd\u0baa\u0bc7\u0bb0\u0bbf\u0bb2\u0bcd \u0b8e\u0ba9\u0b95\u0bcd\u0b95\u0bc1\u0baa\u0bcd \u0baa\u0bbf\u0bb0\u0bbf\u0baf\u0bae\u0bbf\u0bb2\u0bcd\u0bb2\u0bc8\u0baf\u0bc6\u0ba9\u0bcd\u0bb1\u0bc1 \u0b9a\u0bc7\u0ba9\u0bc8\u0b95\u0bb3\u0bbf\u0ba9\u0bcd \u0b95\u0bb0\u0bcd\u0ba4\u0bcd\u0ba4\u0bb0\u0bcd \u0b9a\u0bca\u0bb2\u0bcd\u0bb2\u0bc1\u0b95\u0bbf\u0bb1\u0bbe\u0bb0\u0bcd; \u0b89\u0b99\u0bcd\u0b95\u0bb3\u0bcd \u0b95\u0bc8\u0b95\u0bb3\u0bbf\u0bb2\u0bc1\u0bb3\u0bcd\u0bb3 \u0b95\u0bbe\u0ba3\u0bbf\u0b95\u0bcd\u0b95\u0bc8 \u0b8e\u0ba9\u0b95\u0bcd\u0b95\u0bc1 \u0b89\u0b95\u0ba8\u0bcd\u0ba4\u0ba4\u0bb2\u0bcd\u0bb2."},{"Verseid":"38000010","Verse":"\u0b9a\u0bc2\u0bb0\u0bbf\u0baf\u0ba9\u0bcd \u0b89\u0ba4\u0bbf\u0b95\u0bcd\u0b95\u0bbf\u0bb1 \u0ba4\u0bbf\u0b9a\u0bc8\u0ba4\u0bca\u0b9f\u0b99\u0bcd\u0b95\u0bbf, \u0b85\u0ba4\u0bc1 \u0b85\u0bb8\u0bcd\u0ba4\u0bae\u0bbf\u0b95\u0bcd\u0b95\u0bbf\u0bb1 \u0ba4\u0bbf\u0b9a\u0bc8\u0bb5\u0bb0\u0bc8\u0b95\u0bcd\u0b95\u0bc1\u0bae\u0bcd, \u0b8e\u0ba9\u0bcd \u0ba8\u0bbe\u0bae\u0bae\u0bcd \u0b9c\u0bbe\u0ba4\u0bbf\u0b95\u0bb3\u0bc1\u0b95\u0bcd\u0b95\u0bc1\u0bb3\u0bcd\u0bb3\u0bc7 \u0bae\u0b95\u0ba4\u0bcd\u0ba4\u0bc1\u0bb5\u0bae\u0bbe\u0baf\u0bbf\u0bb0\u0bc1\u0b95\u0bcd\u0b95\u0bc1\u0bae\u0bcd; \u0b8e\u0bb2\u0bcd\u0bb2\u0bbe \u0b87\u0b9f\u0b99\u0bcd\u0b95\u0bb3\u0bbf\u0bb2\u0bc1\u0bae\u0bcd \u0b8e\u0ba9\u0bcd \u0ba8\u0bbe\u0bae\u0ba4\u0bcd\u0ba4\u0bc1\u0b95\u0bcd\u0b95\u0bc1\u0ba4\u0bcd \u0ba4\u0bc2\u0baa\u0bae\u0bc1\u0bae\u0bcd \u0b9a\u0bc1\u0ba4\u0bcd\u0ba4\u0bae\u0bbe\u0ba9 \u0b95\u0bbe\u0ba3\u0bbf\u0b95\u0bcd\u0b95\u0bc8\u0baf\u0bc1\u0bae\u0bcd \u0b9a\u0bc6\u0bb2\u0bc1\u0ba4\u0bcd\u0ba4\u0baa\u0bcd\u0baa\u0b9f\u0bc1\u0bae\u0bcd; \u0b8e\u0ba9\u0bcd \u0ba8\u0bbe\u0bae\u0bae\u0bcd \u0b9c\u0bbe\u0ba4\u0bbf\u0b95\u0bb3\u0bc1\u0b95\u0bcd\u0b95\u0bc1\u0bb3\u0bcd\u0bb3\u0bc7 \u0bae\u0b95\u0ba4\u0bcd\u0ba4\u0bc1\u0bb5\u0bae\u0bbe\u0baf\u0bbf\u0bb0\u0bc1\u0b95\u0bcd\u0b95\u0bc1\u0bae\u0bcd \u0b8e\u0ba9\u0bcd\u0bb1\u0bc1 \u0b9a\u0bc7\u0ba9\u0bc8\u0b95\u0bb3\u0bbf\u0ba9\u0bcd \u0b95\u0bb0\u0bcd\u0ba4\u0bcd\u0ba4\u0bb0\u0bcd \u0b9a\u0bca\u0bb2\u0bcd\u0bb2\u0bc1\u0b95\u0bbf\u0bb1\u0bbe\u0bb0\u0bcd."},{"Verseid":"38000011","Verse":"\u0ba8\u0bc0\u0b99\u0bcd\u0b95\u0bb3\u0bcb \u0b95\u0bb0\u0bcd\u0ba4\u0bcd\u0ba4\u0bb0\u0bc1\u0b9f\u0bc8\u0baf \u0baa\u0ba8\u0bcd\u0ba4\u0bbf \u0b85\u0b9a\u0bc1\u0ba4\u0bcd\u0ba4\u0bae\u0bbe\u0ba9\u0ba4\u0bc1 \u0b8e\u0ba9\u0bcd\u0bb1\u0bc1\u0bae\u0bcd \u0b85\u0ba4\u0bbf\u0ba9\u0bcd \u0b86\u0b95\u0bbe\u0bb0\u0bae\u0bbe\u0b95\u0bbf\u0baf \u0b85\u0ba4\u0bbf\u0ba9\u0bcd \u0baa\u0bb2\u0ba9\u0bcd \u0b85\u0bb1\u0bcd\u0baa\u0bae\u0bbe\u0ba9\u0ba4\u0bc1 \u0b8e\u0ba9\u0bcd\u0bb1\u0bc1\u0bae\u0bcd \u0b9a\u0bca\u0bb2\u0bcd\u0bb2\u0bc1\u0b95\u0bbf\u0bb1\u0ba4\u0bbf\u0ba9\u0bbe\u0bb2\u0bc7, \u0b8e\u0ba9\u0bcd \u0ba8\u0bbe\u0bae\u0ba4\u0bcd\u0ba4\u0bc8\u0baa\u0bcd \u0baa\u0bb0\u0bbf\u0b9a\u0bc1\u0ba4\u0bcd\u0ba4\u0b95\u0bcd\u0b95\u0bc1\u0bb2\u0bc8\u0b9a\u0bcd\u0b9a\u0bb2\u0bbe\u0b95\u0bcd\u0b95\u0bc1\u0b95\u0bbf\u0bb1\u0bc0\u0bb0\u0bcd\u0b95\u0bb3\u0bcd."},{"Verseid":"38000012","Verse":"\u0b87\u0ba4\u0bcb, \u0b87\u0ba4\u0bc1 \u0b8e\u0bb5\u0bcd\u0bb5\u0bb3\u0bb5\u0bc1 \u0bb5\u0bb0\u0bc1\u0ba4\u0bcd\u0ba4\u0bae\u0bc6\u0ba9\u0bcd\u0bb1\u0bc1 \u0b9a\u0bca\u0bb2\u0bcd\u0bb2\u0bbf, \u0b85\u0ba4\u0bc8 \u0b92\u0bb0\u0bc1 \u0ba4\u0bbf\u0bb0\u0ba3\u0bae\u0bbe\u0baf\u0bcd\u0baa\u0bcd \u0baa\u0bc7\u0b9a\u0bbf, \u0baa\u0bc0\u0bb1\u0bc1\u0ba3\u0bcd\u0b9f\u0ba4\u0bc8\u0baf\u0bc1\u0bae\u0bcd \u0b95\u0bbe\u0bb2\u0bcd \u0b8a\u0ba9\u0bae\u0bbe\u0ba9\u0ba4\u0bc8\u0baf\u0bc1\u0bae\u0bcd \u0ba8\u0b9a\u0bb2\u0bcd\u0b95\u0bca\u0ba3\u0bcd\u0b9f\u0ba4\u0bc8\u0baf\u0bc1\u0bae\u0bcd \u0b95\u0bca\u0ba3\u0bcd\u0b9f\u0bc1\u0bb5\u0ba8\u0bcd\u0ba4\u0bc1 \u0b95\u0bbe\u0ba3\u0bbf\u0b95\u0bcd\u0b95\u0bc8\u0baf\u0bbe\u0b95\u0b9a\u0bcd \u0b9a\u0bc6\u0bb2\u0bc1\u0ba4\u0bcd\u0ba4\u0bc1\u0b95\u0bbf\u0bb1\u0bc0\u0bb0\u0bcd\u0b95\u0bb3\u0bcd \u0b8e\u0ba9\u0bcd\u0bb1\u0bc1 \u0b9a\u0bc7\u0ba9\u0bc8\u0b95\u0bb3\u0bbf\u0ba9\u0bcd \u0b95\u0bb0\u0bcd\u0ba4\u0bcd\u0ba4\u0bb0\u0bcd \u0b9a\u0bca\u0bb2\u0bcd\u0bb2\u0bc1\u0b95\u0bbf\u0bb1\u0bbe\u0bb0\u0bcd; \u0b85\u0ba4\u0bc8 \u0b89\u0b99\u0bcd\u0b95\u0bb3\u0bcd \u0b95\u0bc8\u0b95\u0bb3\u0bbf\u0bb2\u0bcd \u0b85\u0b99\u0bcd\u0b95\u0bc0\u0b95\u0bb0\u0bbf\u0ba4\u0bcd\u0ba4\u0bc1\u0b95\u0bcd\u0b95\u0bca\u0bb3\u0bcd\u0bb5\u0bc7\u0ba9\u0bbe \u0b8e\u0ba9\u0bcd\u0bb1\u0bc1 \u0b95\u0bb0\u0bcd\u0ba4\u0bcd\u0ba4\u0bb0\u0bcd \u0b95\u0bc7\u0b9f\u0bcd\u0b95\u0bbf\u0bb1\u0bbe\u0bb0\u0bcd."},{"Verseid":"38000013","Verse":"\u0ba4\u0ba9\u0bcd \u0bae\u0ba8\u0bcd\u0ba4\u0bc8\u0baf\u0bbf\u0bb2\u0bcd \u0b95\u0b9f\u0bbe \u0b87\u0bb0\u0bc1\u0b95\u0bcd\u0b95\u0bc8\u0baf\u0bbf\u0bb2\u0bcd \u0b95\u0bc6\u0b9f\u0bcd\u0b9f\u0bc1\u0baa\u0bcd\u0baa\u0bcb\u0ba9\u0ba4\u0bc8 \u0b86\u0ba3\u0bcd\u0b9f\u0bb5\u0bb0\u0bc1\u0b95\u0bcd\u0b95\u0bc1 \u0ba8\u0bc7\u0bb0\u0bcd\u0ba8\u0bcd\u0ba4\u0bc1\u0b95\u0bca\u0ba3\u0bcd\u0b9f\u0bc1 \u0baa\u0bb2\u0bbf\u0baf\u0bbf\u0b9f\u0bc1\u0b95\u0bbf\u0bb1 \u0b95\u0baa\u0b9f\u0bb8\u0bcd\u0ba4\u0ba9\u0bcd \u0b9a\u0baa\u0bbf\u0b95\u0bcd\u0b95\u0baa\u0bcd\u0baa\u0b9f\u0bcd\u0b9f\u0bb5\u0ba9\u0bcd; \u0b8e\u0ba9\u0bcd \u0ba8\u0bbe\u0bae\u0bae\u0bcd \u0b9c\u0bbe\u0ba4\u0bbf\u0b95\u0bb3\u0bc1\u0b95\u0bcd\u0b95\u0bc1\u0bb3\u0bcd\u0bb3\u0bc7 \u0baa\u0baf\u0b99\u0bcd\u0b95\u0bb0\u0bae\u0bbe\u0baf\u0bbf\u0bb0\u0bc1\u0b95\u0bcd\u0b95\u0bc1\u0bae\u0bcd; \u0ba8\u0bbe\u0ba9\u0bcd \u0bae\u0b95\u0ba4\u0bcd\u0ba4\u0bc1\u0bb5\u0bae\u0bbe\u0ba9 \u0bb0\u0bbe\u0b9c\u0bbe \u0b8e\u0ba9\u0bcd\u0bb1\u0bc1 \u0b9a\u0bc7\u0ba9\u0bc8\u0b95\u0bb3\u0bbf\u0ba9\u0bcd \u0b95\u0bb0\u0bcd\u0ba4\u0bcd\u0ba4\u0bb0\u0bcd \u0b9a\u0bca\u0bb2\u0bcd\u0bb2\u0bc1\u0b95\u0bbf\u0bb1\u0bbe\u0bb0\u0bcd."}]},{"Verse":[{"Verseid":"38001000","Verse":"\u0b87\u0baa\u0bcd\u0baa\u0bcb\u0ba4\u0bc1\u0bae\u0bcd \u0b86\u0b9a\u0bbe\u0bb0\u0bbf\u0baf\u0bb0\u0bcd\u0b95\u0bb3\u0bc7 \u0b87\u0ba8\u0bcd\u0ba4\u0b95\u0bcd \u0b95\u0b9f\u0bcd\u0b9f\u0bb3\u0bc8 \u0b89\u0b99\u0bcd\u0b95\u0bb3\u0bc1\u0b95\u0bcd\u0b95\u0bc1\u0bb0\u0bbf\u0baf\u0ba4\u0bc1."},{"Verseid":"38001001","Verse":"\u0ba8\u0bc0\u0b99\u0bcd\u0b95\u0bb3\u0bcd \u0b95\u0bc7\u0bb3\u0bbe\u0bae\u0bb2\u0bc1\u0bae\u0bcd \u0b8e\u0ba9\u0bcd \u0ba8\u0bbe\u0bae\u0ba4\u0bcd\u0ba4\u0bc1\u0b95\u0bcd\u0b95\u0bc1 \u0bae\u0b95\u0bbf\u0bae\u0bc8\u0baf\u0bc8\u0b9a\u0bcd \u0b9a\u0bc6\u0bb2\u0bc1\u0ba4\u0bcd\u0ba4\u0bc1\u0bae\u0bcd\u0baa\u0b9f\u0bbf \u0b87\u0ba4\u0bc8\u0b9a\u0bcd \u0b9a\u0bbf\u0ba8\u0bcd\u0ba4\u0bbf\u0baf\u0bbe\u0bae\u0bb2\u0bc1\u0bae\u0bbf\u0bb0\u0bc1\u0ba8\u0bcd\u0ba4\u0bbe\u0bb2\u0bcd, \u0ba8\u0bbe\u0ba9\u0bcd \u0b89\u0b99\u0bcd\u0b95\u0bb3\u0bc1\u0b95\u0bcd\u0b95\u0bc1\u0bb3\u0bcd\u0bb3\u0bc7 \u0b9a\u0bbe\u0baa\u0ba4\u0bcd\u0ba4\u0bc8 \u0b85\u0ba9\u0bc1\u0baa\u0bcd\u0baa\u0bbf, \u0b89\u0b99\u0bcd\u0b95\u0bb3\u0bcd \u0b86\u0b9a\u0bc0\u0bb0\u0bcd\u0bb5\u0bbe\u0ba4\u0b99\u0bcd\u0b95\u0bb3\u0bc8\u0baf\u0bc1\u0bae\u0bcd \u0b9a\u0bbe\u0baa\u0bae\u0bbe\u0b95\u0bcd\u0b95\u0bc1\u0bb5\u0bc7\u0ba9\u0bcd; \u0b86\u0bae\u0bcd, \u0ba8\u0bc0\u0b99\u0bcd\u0b95\u0bb3\u0bcd \u0b85\u0ba4\u0bc8\u0b9a\u0bcd \u0b9a\u0bbf\u0ba8\u0bcd\u0ba4\u0bbf\u0baf\u0bbe\u0bae\u0bb1\u0bcd\u0baa\u0bcb\u0ba9\u0ba4\u0bbf\u0ba9\u0bbe\u0bb2\u0bcd \u0b85\u0bb5\u0bc8\u0b95\u0bb3\u0bc8\u0b9a\u0bcd \u0b9a\u0baa\u0bbf\u0ba4\u0bcd\u0ba4\u0bc7\u0ba9\u0bcd \u0b8e\u0ba9\u0bcd\u0bb1\u0bc1 \u0b9a\u0bc7\u0ba9\u0bc8\u0b95\u0bb3\u0bbf\u0ba9\u0bcd \u0b95\u0bb0\u0bcd\u0ba4\u0bcd\u0ba4\u0bb0\u0bcd \u0b9a\u0bca\u0bb2\u0bcd\u0bb2\u0bc1\u0b95\u0bbf\u0bb1\u0bbe\u0bb0\u0bcd."},{"Verseid":"38001002","Verse":"\u0b87\u0ba4\u0bcb, \u0ba8\u0bbe\u0ba9\u0bcd \u0b89\u0b99\u0bcd\u0b95\u0bb3\u0bc1\u0b9f\u0bc8\u0baf \u0baa\u0baf\u0bbf\u0bb0\u0bc8\u0b95\u0bcd \u0b95\u0bc6\u0b9f\u0bc1\u0ba4\u0bcd\u0ba4\u0bc1, \u0b89\u0b99\u0bcd\u0b95\u0bb3\u0bcd \u0baa\u0ba3\u0bcd\u0b9f\u0bbf\u0b95\u0bc8\u0b95\u0bb3\u0bbf\u0ba9\u0bcd \u0b9a\u0bbe\u0ba3\u0bbf\u0baf\u0bc8\u0baf\u0bc7 \u0b89\u0b99\u0bcd\u0b95\u0bb3\u0bcd \u0bae\u0bc1\u0b95\u0b99\u0bcd\u0b95\u0bb3\u0bbf\u0bb2\u0bcd \u0b87\u0bb1\u0bc8\u0baa\u0bcd\u0baa\u0bc7\u0ba9\u0bcd; \u0b85\u0ba4\u0ba9\u0bcb\u0b9f\u0bc1\u0b95\u0bc2\u0b9f \u0ba8\u0bc0\u0b99\u0bcd\u0b95\u0bb3\u0bc1\u0bae\u0bcd \u0ba4\u0bb3\u0bcd\u0bb3\u0bc1\u0baa\u0b9f\u0bbf\u0baf\u0bbe\u0bb5\u0bc0\u0bb0\u0bcd\u0b95\u0bb3\u0bcd."},{"Verseid":"38001003","Verse":"\u0bb2\u0bc7\u0bb5\u0bbf\u0baf\u0bcb\u0bb0\u0b9f\u0bc7\u0baa\u0ba3\u0bcd\u0ba3\u0bbf\u0ba9 \u0b8e\u0ba9\u0bcd \u0b89\u0b9f\u0ba9\u0bcd\u0baa\u0b9f\u0bbf\u0b95\u0bcd\u0b95\u0bc8 \u0ba8\u0bbf\u0bb2\u0bc8\u0ba4\u0bcd\u0ba4\u0bbf\u0bb0\u0bc1\u0b95\u0bcd\u0b95\u0bc1\u0bae\u0bcd\u0baa\u0b9f\u0bbf\u0b95\u0bcd\u0b95\u0bc1 \u0b87\u0ba8\u0bcd\u0ba4\u0b95\u0bcd \u0b95\u0b9f\u0bcd\u0b9f\u0bb3\u0bc8\u0baf\u0bc8 \u0b89\u0b99\u0bcd\u0b95\u0bb3\u0bbf\u0b9f\u0ba4\u0bcd\u0ba4\u0bbf\u0bb1\u0bcd\u0b95\u0bc1 \u0b85\u0ba9\u0bc1\u0baa\u0bcd\u0baa\u0bbf\u0ba9\u0bc7\u0ba9\u0bcd \u0b8e\u0ba9\u0bcd\u0b95\u0bbf\u0bb1\u0ba4\u0bc8 \u0b85\u0baa\u0bcd\u0baa\u0bca\u0bb4\u0bc1\u0ba4\u0bc1 \u0b85\u0bb1\u0bbf\u0ba8\u0bcd\u0ba4\u0bc1\u0b95\u0bca\u0bb3\u0bcd\u0bb5\u0bc0\u0bb0\u0bcd\u0b95\u0bb3\u0bcd \u0b8e\u0ba9\u0bcd\u0bb1\u0bc1 \u0b9a\u0bc7\u0ba9\u0bc8\u0b95\u0bb3\u0bbf\u0ba9\u0bcd \u0b95\u0bb0\u0bcd\u0ba4\u0bcd\u0ba4\u0bb0\u0bcd \u0b9a\u0bca\u0bb2\u0bcd\u0bb2\u0bc1\u0b95\u0bbf\u0bb1\u0bbe\u0bb0\u0bcd."},{"Verseid":"38001004","Verse":"\u0b85\u0bb5\u0ba9\u0bcb\u0b9f\u0bc7 \u0baa\u0ba3\u0bcd\u0ba3\u0bbf\u0ba9 \u0b8e\u0ba9\u0bcd \u0b89\u0b9f\u0ba9\u0bcd\u0baa\u0b9f\u0bbf\u0b95\u0bcd\u0b95\u0bc8 \u0b9c\u0bc0\u0bb5\u0ba9\u0bc1\u0bae\u0bcd \u0b9a\u0bae\u0bbe\u0ba4\u0bbe\u0ba9\u0bae\u0bc1\u0bae\u0bbe\u0b95 \u0b87\u0bb0\u0bc1\u0ba8\u0bcd\u0ba4\u0ba4\u0bc1; \u0b85\u0bb5\u0ba9\u0bcd \u0b8e\u0ba9\u0b95\u0bcd\u0b95\u0bc1\u0baa\u0bcd \u0baa\u0baf\u0baa\u0bcd\u0baa\u0b9f\u0bc1\u0bae\u0bcd \u0baa\u0baf\u0ba4\u0bcd\u0ba4\u0bcb\u0b9f\u0bc7 \u0b87\u0bb0\u0bc1\u0b95\u0bcd\u0b95\u0bb5\u0bc7\u0ba3\u0bcd\u0b9f\u0bc1\u0bae\u0bc6\u0ba9\u0bcd\u0bb1\u0bc1, \u0b87\u0bb5\u0bc8\u0b95\u0bb3\u0bc8 \u0b85\u0bb5\u0ba9\u0bc1\u0b95\u0bcd\u0b95\u0bc1\u0b95\u0bcd \u0b95\u0b9f\u0bcd\u0b9f\u0bb3\u0bc8\u0baf\u0bbf\u0b9f\u0bcd\u0b9f\u0bc7\u0ba9\u0bcd; \u0b85\u0baa\u0bcd\u0baa\u0b9f\u0bbf\u0baf\u0bc7 \u0b85\u0bb5\u0ba9\u0bcd \u0b8e\u0ba9\u0bcd \u0ba8\u0bbe\u0bae\u0ba4\u0bcd\u0ba4\u0bc1\u0b95\u0bcd\u0b95\u0bc1\u0baa\u0bcd \u0baa\u0baf\u0ba8\u0bcd\u0ba4\u0bc1\u0bae\u0bcd \u0b87\u0bb0\u0bc1\u0ba8\u0bcd\u0ba4\u0bbe\u0ba9\u0bcd."},{"Verseid":"38001005","Verse":"\u0b9a\u0ba4\u0bcd\u0ba4\u0bbf\u0baf\u0bb5\u0bc7\u0ba4\u0bae\u0bcd \u0b85\u0bb5\u0ba9\u0bcd \u0bb5\u0bbe\u0baf\u0bbf\u0bb2\u0bbf\u0bb0\u0bc1\u0ba8\u0bcd\u0ba4\u0ba4\u0bc1; \u0b85\u0bb5\u0ba9\u0bc1\u0b9f\u0bc8\u0baf \u0b89\u0ba4\u0b9f\u0bc1\u0b95\u0bb3\u0bbf\u0bb2\u0bcd \u0b85\u0ba8\u0bbf\u0baf\u0bbe\u0baf\u0bae\u0bcd \u0b95\u0bbe\u0ba3\u0baa\u0bcd\u0baa\u0b9f\u0bb5\u0bbf\u0bb2\u0bcd\u0bb2\u0bc8; \u0b85\u0bb5\u0ba9\u0bcd \u0b8e\u0ba9\u0bcd\u0ba9\u0bcb\u0b9f\u0bc7 \u0b9a\u0bae\u0bbe\u0ba4\u0bbe\u0ba9\u0bae\u0bc1\u0bae\u0bcd \u0baf\u0ba4\u0bbe\u0bb0\u0bcd\u0ba4\u0bcd\u0ba4\u0bae\u0bc1\u0bae\u0bbe\u0baf\u0bcd\u0b9a\u0bcd \u0b9a\u0b9e\u0bcd\u0b9a\u0bb0\u0bbf\u0ba4\u0bcd\u0ba4\u0bc1, \u0b85\u0ba8\u0bc7\u0b95\u0bb0\u0bc8 \u0b85\u0b95\u0bcd\u0b95\u0bbf\u0bb0\u0bae\u0ba4\u0bcd\u0ba4\u0bbf\u0ba9\u0bbf\u0ba9\u0bcd\u0bb1\u0bc1 \u0ba4\u0bbf\u0bb0\u0bc1\u0baa\u0bcd\u0baa\u0bbf\u0ba9\u0bbe\u0ba9\u0bcd."},{"Verseid":"38001006","Verse":"\u0b86\u0b9a\u0bbe\u0bb0\u0bbf\u0baf\u0ba9\u0bc1\u0b9f\u0bc8\u0baf \u0b89\u0ba4\u0b9f\u0bc1\u0b95\u0bb3\u0bcd \u0b85\u0bb1\u0bbf\u0bb5\u0bc8\u0b95\u0bcd \u0b95\u0bbe\u0b95\u0bcd\u0b95\u0bb5\u0bc7\u0ba3\u0bcd\u0b9f\u0bc1\u0bae\u0bcd; \u0bb5\u0bc7\u0ba4\u0ba4\u0bcd\u0ba4\u0bc8 \u0b85\u0bb5\u0ba9\u0bcd \u0bb5\u0bbe\u0baf\u0bbf\u0bb2\u0bc7 \u0ba4\u0bc7\u0b9f\u0bc1\u0bb5\u0bbe\u0bb0\u0bcd\u0b95\u0bb3\u0bc7; \u0b85\u0bb5\u0ba9\u0bcd \u0b9a\u0bc7\u0ba9\u0bc8\u0b95\u0bb3\u0bc1\u0b9f\u0bc8\u0baf \u0b95\u0bb0\u0bcd\u0ba4\u0bcd\u0ba4\u0bb0\u0bbf\u0ba9\u0bcd \u0ba4\u0bc2\u0ba4\u0ba9\u0bcd."},{"Verseid":"38001007","Verse":"\u0ba8\u0bc0\u0b99\u0bcd\u0b95\u0bb3\u0bcb \u0bb5\u0bb4\u0bbf\u0baf\u0bc8\u0bb5\u0bbf\u0b9f\u0bcd\u0b9f\u0bc1 \u0bb5\u0bbf\u0bb2\u0b95\u0bbf, \u0b85\u0ba8\u0bc7\u0b95\u0bb0\u0bc8 \u0bb5\u0bc7\u0ba4\u0ba4\u0bcd\u0ba4\u0bc8\u0b95\u0bcd\u0b95\u0bc1\u0bb1\u0bbf\u0ba4\u0bcd\u0ba4\u0bc1 \u0b87\u0b9f\u0bb1\u0baa\u0bcd\u0baa\u0ba3\u0bcd\u0ba3\u0bbf\u0ba9\u0bc0\u0bb0\u0bcd\u0b95\u0bb3\u0bcd; \u0bb2\u0bc7\u0bb5\u0bbf\u0baf\u0bbf\u0ba9\u0bcd \u0b89\u0b9f\u0ba9\u0bcd\u0baa\u0b9f\u0bbf\u0b95\u0bcd\u0b95\u0bc8\u0baf\u0bc8\u0b95\u0bcd \u0b95\u0bc6\u0b9f\u0bc1\u0ba4\u0bcd\u0ba4\u0bc1\u0baa\u0bcd\u0baa\u0bcb\u0b9f\u0bcd\u0b9f\u0bc0\u0bb0\u0bcd\u0b95\u0bb3\u0bcd \u0b8e\u0ba9\u0bcd\u0bb1\u0bc1 \u0b9a\u0bc7\u0ba9\u0bc8\u0b95\u0bb3\u0bbf\u0ba9\u0bcd \u0b95\u0bb0\u0bcd\u0ba4\u0bcd\u0ba4\u0bb0\u0bcd \u0b9a\u0bca\u0bb2\u0bcd\u0bb2\u0bc1\u0b95\u0bbf\u0bb1\u0bbe\u0bb0\u0bcd."},{"Verseid":"38001008","Verse":"\u0ba8\u0bc0\u0b99\u0bcd\u0b95\u0bb3\u0bcd \u0b8e\u0ba9\u0bcd \u0bb5\u0bb4\u0bbf\u0b95\u0bb3\u0bc8\u0b95\u0bcd \u0b95\u0bc8\u0b95\u0bcd\u0b95\u0bca\u0bb3\u0bcd\u0bb3\u0bbe\u0bae\u0bb2\u0bcd \u0bb5\u0bc7\u0ba4\u0ba4\u0bcd\u0ba4\u0bc8\u0b95\u0bcd\u0b95\u0bc1\u0bb1\u0bbf\u0ba4\u0bcd\u0ba4\u0bc1\u0baa\u0bcd \u0baa\u0b9f\u0bcd\u0b9a\u0baa\u0bbe\u0ba4\u0bae\u0bcd \u0baa\u0ba3\u0bcd\u0ba3\u0bbf\u0ba9\u0baa\u0b9f\u0bbf\u0baf\u0bbf\u0ba9\u0bbe\u0bb2\u0bcd \u0ba8\u0bbe\u0ba9\u0bc1\u0bae\u0bcd \u0b89\u0b99\u0bcd\u0b95\u0bb3\u0bc8 \u0b8e\u0bb2\u0bcd\u0bb2\u0bbe \u0b9c\u0ba9\u0ba4\u0bcd\u0ba4\u0bc1\u0b95\u0bcd\u0b95\u0bc1 \u0bae\u0bc1\u0ba9\u0bcd\u0baa\u0bbe\u0b95\u0bb5\u0bc1\u0bae\u0bcd \u0b85\u0bb1\u0bcd\u0baa\u0bb0\u0bc1\u0bae\u0bcd \u0ba8\u0bc0\u0b9a\u0bb0\u0bc1\u0bae\u0bbe\u0b95\u0bcd\u0b95\u0bbf\u0ba9\u0bc7\u0ba9\u0bcd."},{"Verseid":"38001009","Verse":"\u0ba8\u0bae\u0bcd\u0bae\u0bc6\u0bb2\u0bcd\u0bb2\u0bbe\u0bb0\u0bc1\u0b95\u0bcd\u0b95\u0bc1\u0bae\u0bcd \u0b92\u0bb0\u0bc7 \u0baa\u0bbf\u0ba4\u0bbe \u0b87\u0bb2\u0bcd\u0bb2\u0bc8\u0baf\u0bcb? \u0b92\u0bb0\u0bc7 \u0ba4\u0bc7\u0bb5\u0ba9\u0bcd \u0ba8\u0bae\u0bcd\u0bae\u0bc8\u0b9a\u0bcd \u0b9a\u0bbf\u0bb0\u0bc1\u0bb7\u0bcd\u0b9f\u0bbf\u0ba4\u0bcd\u0ba4\u0ba4\u0bbf\u0bb2\u0bcd\u0bb2\u0bc8\u0baf\u0bcb? \u0ba8\u0bbe\u0bae\u0bcd \u0ba8\u0bae\u0bcd\u0bae\u0bc1\u0b9f\u0bc8\u0baf \u0baa\u0bbf\u0ba4\u0bbe\u0b95\u0bcd\u0b95\u0bb3\u0bbf\u0ba9\u0bcd \u0b89\u0b9f\u0ba9\u0bcd\u0baa\u0b9f\u0bbf\u0b95\u0bcd\u0b95\u0bc8\u0baf\u0bc8\u0baa\u0bcd \u0baa\u0bb0\u0bbf\u0b9a\u0bc1\u0ba4\u0bcd\u0ba4\u0b95\u0bcd\u0b95\u0bc1\u0bb2\u0bc8\u0b9a\u0bcd\u0b9a\u0bb2\u0bbe\u0b95\u0bcd\u0b95\u0bbf, \u0b85\u0bb5\u0ba9\u0bb5\u0ba9\u0bcd \u0ba4\u0ba9\u0bcd\u0ba4\u0ba9\u0bcd \u0b9a\u0b95\u0bcb\u0ba4\u0bb0\u0ba9\u0bc1\u0b95\u0bcd\u0b95\u0bc1\u0ba4\u0bcd \u0ba4\u0bc1\u0bb0\u0bcb\u0b95\u0bae\u0bcd\u0baa\u0ba3\u0bcd\u0ba3\u0bc1\u0bb5\u0bbe\u0ba9\u0bc7\u0ba9\u0bcd?"},{"Verseid":"38001010","Verse":"\u0baf\u0bc2\u0ba4\u0bbe \u0b9c\u0ba9\u0b99\u0bcd\u0b95\u0bb3\u0bcd \u0ba4\u0bc1\u0bb0\u0bcb\u0b95\u0bae\u0bcd\u0baa\u0ba3\u0bcd\u0ba3\u0bbf\u0ba9\u0bbe\u0bb0\u0bcd\u0b95\u0bb3\u0bcd; \u0b87\u0bb8\u0bcd\u0bb0\u0bb5\u0bc7\u0bb2\u0bbf\u0bb2\u0bc1\u0bae\u0bcd \u0b8e\u0bb0\u0bc1\u0b9a\u0bb2\u0bc7\u0bae\u0bbf\u0bb2\u0bc1\u0bae\u0bcd \u0b85\u0bb0\u0bc1\u0bb5\u0bb0\u0bc1\u0baa\u0bcd\u0baa\u0bbe\u0ba9 \u0b95\u0bbe\u0bb0\u0bbf\u0baf\u0bae\u0bcd \u0b9a\u0bc6\u0baf\u0bcd\u0baf\u0baa\u0bcd\u0baa\u0b9f\u0bcd\u0b9f\u0ba4\u0bc1; \u0b95\u0bb0\u0bcd\u0ba4\u0bcd\u0ba4\u0bb0\u0bcd \u0b9a\u0bbf\u0ba8\u0bc7\u0b95\u0bbf\u0b95\u0bcd\u0b95\u0bbf\u0bb1 \u0baa\u0bb0\u0bbf\u0b9a\u0bc1\u0ba4\u0bcd\u0ba4\u0ba4\u0bcd\u0ba4\u0bc8 \u0baf\u0bc2\u0ba4\u0bbe \u0b9c\u0ba9\u0b99\u0bcd\u0b95\u0bb3\u0bcd \u0baa\u0bb0\u0bbf\u0b9a\u0bc1\u0ba4\u0bcd\u0ba4\u0b95\u0bcd\u0b95\u0bc1\u0bb2\u0bc8\u0b9a\u0bcd\u0b9a\u0bb2\u0bbe\u0b95\u0bcd\u0b95\u0bbf \u0b85\u0ba8\u0bcd\u0ba8\u0bbf\u0baf \u0ba4\u0bc7\u0bb5\u0ba4\u0bc8\u0baf\u0bbf\u0ba9\u0bcd \u0b95\u0bc1\u0bae\u0bbe\u0bb0\u0ba4\u0bcd\u0ba4\u0bbf\u0b95\u0bb3\u0bc8 \u0bb5\u0bbf\u0bb5\u0bbe\u0b95\u0bae\u0bcd \u0baa\u0ba3\u0bcd\u0ba3\u0bbf\u0ba9\u0bbe\u0bb0\u0bcd\u0b95\u0bb3\u0bcd."},{"Verseid":"38001011","Verse":"\u0b87\u0baa\u0bcd\u0baa\u0b9f\u0bbf\u0b9a\u0bcd \u0b9a\u0bc6\u0baf\u0bcd\u0b95\u0bbf\u0bb1\u0bb5\u0ba9\u0bcd \u0b8e\u0bb5\u0ba9\u0bcb, \u0b85\u0bb5\u0ba9\u0bcd \u0b95\u0bbe\u0bb5\u0bb2\u0bcd\u0b95\u0bbe\u0b95\u0bcd\u0b95\u0bbf\u0bb1\u0bb5\u0ba9\u0bbe\u0baf\u0bbf\u0ba9\u0bc1\u0bae\u0bcd \u0b89\u0ba4\u0bcd\u0ba4\u0bb0\u0bb5\u0bc1\u0b95\u0bca\u0b9f\u0bc1\u0b95\u0bbf\u0bb1\u0bb5\u0ba9\u0bbe\u0baf\u0bbf\u0ba9\u0bc1\u0bae\u0bcd \u0b9a\u0bc7\u0ba9\u0bc8\u0b95\u0bb3\u0bbf\u0ba9\u0bcd \u0b95\u0bb0\u0bcd\u0ba4\u0bcd\u0ba4\u0bb0\u0bc1\u0b95\u0bcd\u0b95\u0bc1\u0b95\u0bcd \u0b95\u0bbe\u0ba3\u0bbf\u0b95\u0bcd\u0b95\u0bc8 \u0b9a\u0bc6\u0bb2\u0bc1\u0ba4\u0bcd\u0ba4\u0bc1\u0b95\u0bbf\u0bb1\u0bb5\u0ba9\u0bbe\u0baf\u0bbf\u0ba9\u0bc1\u0bae\u0bcd, \u0b85\u0bb5\u0ba9\u0bc8 \u0baf\u0bbe\u0b95\u0bcd\u0b95\u0bcb\u0baa\u0bbf\u0ba9\u0bcd \u0b95\u0bc2\u0b9f\u0bbe\u0bb0\u0b99\u0bcd\u0b95\u0bb3\u0bbf\u0bb2\u0bcd \u0b87\u0bb0\u0bbe\u0ba4\u0baa\u0b9f\u0bbf\u0b95\u0bcd\u0b95\u0bc1\u0b95\u0bcd \u0b95\u0bb0\u0bcd\u0ba4\u0bcd\u0ba4\u0bb0\u0bcd \u0b9a\u0b99\u0bcd\u0b95\u0bb0\u0bbf\u0baa\u0bcd\u0baa\u0bbe\u0bb0\u0bcd."},{"Verseid":"38001012","Verse":"\u0ba8\u0bc0\u0b99\u0bcd\u0b95\u0bb3\u0bcd \u0b87\u0bb0\u0ba3\u0bcd\u0b9f\u0bbe\u0ba8\u0bcd\u0ba4\u0bb0\u0bae\u0bc1\u0bae\u0bcd \u0b87\u0ba4\u0bc8\u0b9a\u0bcd \u0b9a\u0bc6\u0baf\u0bcd\u0ba4\u0bc1, \u0b95\u0bb0\u0bcd\u0ba4\u0bcd\u0ba4\u0bb0\u0bc1\u0b9f\u0bc8\u0baf \u0baa\u0bc0\u0b9f\u0ba4\u0bcd\u0ba4\u0bc8\u0b95\u0bcd \u0b95\u0ba3\u0bcd\u0ba3\u0bc0\u0bb0\u0bbf\u0ba9\u0bbe\u0bb2\u0bc1\u0bae\u0bcd \u0b85\u0bb4\u0bc1\u0b95\u0bc8\u0baf\u0bbf\u0ba9\u0bbe\u0bb2\u0bc1\u0bae\u0bcd \u0baa\u0bc6\u0bb0\u0bc1\u0bae\u0bc2\u0b9a\u0bcd\u0b9a\u0bbf\u0ba9\u0bbe\u0bb2\u0bc1\u0bae\u0bcd \u0ba8\u0bbf\u0bb0\u0baa\u0bcd\u0baa\u0bc1\u0b95\u0bbf\u0bb1\u0bc0\u0bb0\u0bcd\u0b95\u0bb3\u0bcd; \u0b86\u0b95\u0bc8\u0baf\u0bbe\u0bb2\u0bcd, \u0b85\u0bb5\u0bb0\u0bcd \u0b87\u0ba9\u0bbf\u0b95\u0bcd \u0b95\u0bbe\u0ba3\u0bbf\u0b95\u0bcd\u0b95\u0bc8\u0baf\u0bc8 \u0bae\u0ba4\u0bbf\u0baf\u0bbe\u0bb0\u0bcd, \u0b85\u0ba4\u0bc8 \u0b89\u0b99\u0bcd\u0b95\u0bb3\u0bcd \u0b95\u0bc8\u0b95\u0bb3\u0bbf\u0bb2\u0bcd \u0baa\u0bbf\u0bb0\u0bbf\u0baf\u0bae\u0bbe\u0baf\u0bcd \u0b8f\u0bb1\u0bcd\u0bb1\u0bc1\u0b95\u0bcd\u0b95\u0bca\u0bb3\u0bcd\u0bb3\u0bb5\u0bc1\u0bae\u0bbe\u0b9f\u0bcd\u0b9f\u0bbe\u0bb0\u0bcd."},{"Verseid":"38001013","Verse":"\u0b8f\u0ba9\u0bcd \u0b8e\u0ba9\u0bcd\u0bb1\u0bc1 \u0b95\u0bc7\u0b9f\u0bcd\u0b95\u0bbf\u0bb1\u0bc0\u0bb0\u0bcd\u0b95\u0bb3\u0bcd; \u0b95\u0bb0\u0bcd\u0ba4\u0bcd\u0ba4\u0bb0\u0bcd \u0b89\u0ba9\u0b95\u0bcd\u0b95\u0bc1\u0bae\u0bcd \u0b89\u0ba9\u0bcd \u0b87\u0bb3\u0bb5\u0baf\u0ba4\u0bbf\u0ba9\u0bcd \u0bae\u0ba9\u0bc8\u0bb5\u0bbf\u0b95\u0bcd\u0b95\u0bc1\u0bae\u0bcd \u0b9a\u0bbe\u0b9f\u0bcd\u0b9a\u0bbf\u0baf\u0bbe\u0baf\u0bbf\u0bb0\u0bc1\u0b95\u0bcd\u0b95\u0bbf\u0bb1\u0bbe\u0bb0\u0bcd; \u0b89\u0ba9\u0bcd\u0ba4\u0bcb\u0bb4\u0bbf\u0baf\u0bc1\u0bae\u0bcd \u0b89\u0ba9\u0bcd \u0b89\u0b9f\u0ba9\u0bcd\u0baa\u0b9f\u0bbf\u0b95\u0bcd\u0b95\u0bc8\u0baf\u0bbf\u0ba9\u0bcd \u0bae\u0ba9\u0bc8\u0bb5\u0bbf\u0baf\u0bc1\u0bae\u0bbe\u0b95\u0bbf\u0baf \u0b85\u0bb5\u0bb3\u0bc1\u0b95\u0bcd\u0b95\u0bc1 \u0ba8\u0bc0 \u0ba4\u0bc1\u0bb0\u0bcb\u0b95\u0bae\u0bcd\u0baa\u0ba3\u0bcd\u0ba3\u0bbf\u0ba9\u0bbe\u0baf\u0bc7."},{"Verseid":"38001014","Verse":"\u0b85\u0bb5\u0bb0\u0bcd \u0b92\u0bb0\u0bc1\u0bb5\u0ba9\u0bc8\u0baf\u0bb2\u0bcd\u0bb2\u0bb5\u0bbe \u0baa\u0b9f\u0bc8\u0ba4\u0bcd\u0ba4\u0bbe\u0bb0\u0bcd? \u0b86\u0bb5\u0bbf \u0b85\u0bb5\u0bb0\u0bbf\u0b9f\u0ba4\u0bcd\u0ba4\u0bbf\u0bb2\u0bcd \u0baa\u0bb0\u0bbf\u0baa\u0bc2\u0bb0\u0ba3\u0bae\u0bbe\u0baf\u0bbf\u0bb0\u0bc1\u0ba8\u0bcd\u0ba4\u0ba4\u0bc7. \u0baa\u0bbf\u0ba9\u0bcd\u0ba9\u0bc8 \u0b8f\u0ba9\u0bcd \u0b92\u0bb0\u0bc1\u0bb5\u0ba9\u0bc8\u0baa\u0bcd\u0baa\u0b9f\u0bc8\u0ba4\u0bcd\u0ba4\u0bbe\u0bb0\u0bcd? \u0ba4\u0bc7\u0bb5\u0baa\u0b95\u0bcd\u0ba4\u0bbf\u0baf\u0bc1\u0bb3\u0bcd\u0bb3, \u0b9a\u0ba8\u0bcd\u0ba4\u0ba4\u0bbf\u0baf\u0bc8\u0baa\u0bcd \u0baa\u0bc6\u0bb1\u0bc1\u0bae\u0bcd\u0baa\u0b9f\u0bbf\u0ba4\u0bbe\u0ba9\u0bc7. \u0b86\u0b95\u0bc8\u0baf\u0bbe\u0bb2\u0bcd \u0b92\u0bb0\u0bc1\u0bb5\u0ba9\u0bc1\u0bae\u0bcd \u0ba4\u0ba9\u0bcd \u0b87\u0bb3\u0bb5\u0baf\u0ba4\u0bbf\u0ba9\u0bcd \u0bae\u0ba9\u0bc8\u0bb5\u0bbf\u0b95\u0bcd\u0b95\u0bc1\u0ba4\u0bcd \u0ba4\u0bc1\u0bb0\u0bcb\u0b95\u0bae\u0bcd\u0baa\u0ba3\u0bcd\u0ba3\u0bbe\u0ba4\u0baa\u0b9f\u0bbf\u0b95\u0bcd\u0b95\u0bc1, \u0b89\u0b99\u0bcd\u0b95\u0bb3\u0bcd \u0b86\u0bb5\u0bbf\u0baf\u0bc8\u0b95\u0bcd\u0b95\u0bc1\u0bb1\u0bbf\u0ba4\u0bcd\u0ba4\u0bc1 \u0b8e\u0b9a\u0bcd\u0b9a\u0bb0\u0bbf\u0b95\u0bcd\u0b95\u0bc8\u0baf\u0bbe\u0baf\u0bbf\u0bb0\u0bc1\u0b99\u0bcd\u0b95\u0bb3\u0bcd."},{"Verseid":"38001015","Verse":"\u0ba4\u0bb3\u0bcd\u0bb3\u0bbf\u0bb5\u0bbf\u0b9f\u0bc1\u0ba4\u0bb2\u0bc8 \u0ba8\u0bbe\u0ba9\u0bcd \u0bb5\u0bc6\u0bb1\u0bc1\u0b95\u0bcd\u0b95\u0bbf\u0bb1\u0bc7\u0ba9\u0360\u0b8e\u0ba9\u0bcd\u0bb1\u0bc1 \u0b87\u0bb8\u0bcd\u0bb0\u0bb5\u0bc7\u0bb2\u0bbf\u0ba9\u0bcd \u0ba4\u0bc7\u0bb5\u0ba9\u0bbe\u0b95\u0bbf\u0baf \u0b95\u0bb0\u0bcd\u0ba4\u0bcd\u0ba4\u0bb0\u0bcd \u0b9a\u0bca\u0bb2\u0bcd\u0bb2\u0bc1\u0b95\u0bbf\u0bb1\u0bbe\u0bb0\u0bcd; \u0b85\u0baa\u0bcd\u0baa\u0b9f\u0bbf\u0baa\u0bcd\u0baa\u0b9f\u0bcd\u0b9f\u0bb5\u0ba9\u0bcd \u0b95\u0bca\u0b9f\u0bc1\u0bae\u0bc8\u0baf\u0bbf\u0ba9\u0bbe\u0bb2\u0bcd \u0ba4\u0ba9\u0bcd \u0bb5\u0bb8\u0bcd\u0ba4\u0bbf\u0bb0\u0ba4\u0bcd\u0ba4\u0bc8 \u0bae\u0bc2\u0b9f\u0bc1\u0b95\u0bbf\u0bb1\u0bbe\u0ba9\u0bcd \u0b8e\u0ba9\u0bcd\u0bb1\u0bc1 \u0b9a\u0bc7\u0ba9\u0bc8\u0b95\u0bb3\u0bbf\u0ba9\u0bcd \u0b95\u0bb0\u0bcd\u0ba4\u0bcd\u0ba4\u0bb0\u0bcd \u0b9a\u0bca\u0bb2\u0bcd\u0bb2\u0bc1\u0b95\u0bbf\u0bb1\u0bbe\u0bb0\u0bcd; \u0b86\u0b95\u0bc8\u0baf\u0bbe\u0bb2\u0bcd \u0ba8\u0bc0\u0b99\u0bcd\u0b95\u0bb3\u0bcd \u0ba4\u0bc1\u0bb0\u0bcb\u0b95\u0bae\u0bcd\u0baa\u0ba3\u0bcd\u0ba3\u0bbe\u0bae\u0bb2\u0bcd \u0b89\u0b99\u0bcd\u0b95\u0bb3\u0bcd \u0b86\u0bb5\u0bbf\u0baf\u0bc8\u0b95\u0bcd\u0b95\u0bc1\u0bb1\u0bbf\u0ba4\u0bcd\u0ba4\u0bc1 \u0b8e\u0b9a\u0bcd\u0b9a\u0bb0\u0bbf\u0b95\u0bcd\u0b95\u0bc8\u0baf\u0bbe\u0baf\u0bbf\u0bb0\u0bc1\u0b99\u0bcd\u0b95\u0bb3\u0bcd."},{"Verseid":"38001016","Verse":"\u0b89\u0b99\u0bcd\u0b95\u0bb3\u0bcd \u0bb5\u0bbe\u0bb0\u0bcd\u0ba4\u0bcd\u0ba4\u0bc8\u0b95\u0bb3\u0bbf\u0ba9\u0bbe\u0bb2\u0bc7 \u0b95\u0bb0\u0bcd\u0ba4\u0bcd\u0ba4\u0bb0\u0bc8 \u0bb5\u0bb0\u0bc1\u0ba4\u0bcd\u0ba4\u0baa\u0bcd\u0baa\u0b9f\u0bc1\u0ba4\u0bcd\u0ba4\u0bc1\u0b95\u0bbf\u0bb1\u0bc0\u0bb0\u0bcd\u0b95\u0bb3\u0bcd; \u0b86\u0ba9\u0bbe\u0bb2\u0bc1\u0bae\u0bcd \u0b8e\u0ba4\u0bbf\u0ba9\u0bbe\u0bb2\u0bc7 \u0b85\u0bb5\u0bb0\u0bc8 \u0bb5\u0bb0\u0bc1\u0ba4\u0bcd\u0ba4\u0baa\u0bcd\u0baa\u0b9f\u0bc1\u0ba4\u0bcd\u0ba4\u0bc1\u0b95\u0bbf\u0bb1\u0bcb\u0bae\u0bcd \u0b8e\u0ba9\u0bcd\u0b95\u0bbf\u0bb1\u0bc0\u0bb0\u0bcd\u0b95\u0bb3\u0bcd; \u0baa\u0bca\u0bb2\u0bcd\u0bb2\u0bbe\u0baa\u0bcd\u0baa\u0bc8\u0b9a\u0bcd \u0b9a\u0bc6\u0baf\u0bcd\u0b95\u0bbf\u0bb1\u0bb5\u0ba9\u0bc6\u0bb5\u0ba9\u0bc1\u0bae\u0bcd \u0b95\u0bb0\u0bcd\u0ba4\u0bcd\u0ba4\u0bb0\u0bbf\u0ba9\u0bcd \u0baa\u0bbe\u0bb0\u0bcd\u0bb5\u0bc8\u0b95\u0bcd\u0b95\u0bc1 \u0ba8\u0bb2\u0bcd\u0bb2\u0bb5\u0ba9\u0bcd \u0b8e\u0ba9\u0bcd\u0bb1\u0bc1\u0bae\u0bcd \u0b85\u0baa\u0bcd\u0baa\u0b9f\u0bbf\u0baa\u0bcd\u0baa\u0b9f\u0bcd\u0bb5\u0bb0\u0bcd\u0b95\u0bb3\u0bcd\u0baa\u0bc7\u0bb0\u0bbf\u0bb2\u0bcd \u0b85\u0bb5\u0bb0\u0bcd \u0baa\u0bbf\u0bb0\u0bbf\u0baf\u0bae\u0bbe\u0baf\u0bbf\u0bb0\u0bc1\u0b95\u0bcd\u0b95\u0bbf\u0bb1\u0bbe\u0bb0\u0bc6\u0ba9\u0bcd\u0bb1\u0bc1\u0bae\u0bcd, \u0ba8\u0bbf\u0baf\u0bbe\u0baf\u0ba8\u0bcd\u0ba4\u0bc0\u0bb0\u0bcd\u0b95\u0bcd\u0b95\u0bbf\u0bb1 \u0ba4\u0bc7\u0bb5\u0ba9\u0bcd \u0b8e\u0b99\u0bcd\u0b95\u0bc7\u0baf\u0bc6\u0ba9\u0bcd\u0bb1\u0bc1\u0bae\u0bcd, \u0ba8\u0bc0\u0b99\u0bcd\u0b95\u0bb3\u0bcd \u0b9a\u0bca\u0bb2\u0bcd\u0bb2\u0bc1\u0b95\u0bbf\u0bb1\u0ba4\u0bbf\u0ba9\u0bbe\u0bb2\u0bc7\u0baf\u0bc7."}]},{"Verse":[{"Verseid":"38002000","Verse":"\u0b87\u0ba4\u0bcb \u0ba8\u0bbe\u0ba9\u0bcd \u0b8e\u0ba9\u0bcd \u0ba4\u0bc2\u0ba4\u0ba9\u0bc8 \u0b85\u0ba9\u0bc1\u0baa\u0bcd\u0baa\u0bc1\u0b95\u0bbf\u0bb1\u0bc7\u0ba9\u0bcd, \u0b85\u0bb5\u0ba9\u0bcd \u0b8e\u0ba9\u0b95\u0bcd\u0b95\u0bc1 \u0bae\u0bc1\u0ba9\u0bcd\u0baa\u0bbe\u0b95\u0baa\u0bcd \u0baa\u0bcb\u0baf\u0bcd, \u0bb5\u0bb4\u0bbf\u0baf\u0bc8 \u0b86\u0baf\u0ba4\u0bcd\u0ba4\u0bae\u0bcd\u0baa\u0ba3\u0bcd\u0ba3\u0bc1\u0bb5\u0bbe\u0ba9\u0bcd; \u0b85\u0baa\u0bcd\u0baa\u0bca\u0bb4\u0bc1\u0ba4\u0bc1 \u0ba8\u0bc0\u0b99\u0bcd\u0b95\u0bb3\u0bcd \u0ba4\u0bc7\u0b9f\u0bc1\u0b95\u0bbf\u0bb1 \u0b86\u0ba3\u0bcd\u0b9f\u0bb5\u0bb0\u0bc1\u0bae\u0bcd \u0ba8\u0bc0\u0b99\u0bcd\u0b95\u0bb3\u0bcd \u0bb5\u0bbf\u0bb0\u0bc1\u0bae\u0bcd\u0baa\u0bc1\u0b95\u0bbf\u0bb1 \u0b89\u0b9f\u0ba9\u0bcd\u0baa\u0b9f\u0bbf\u0b95\u0bcd\u0b95\u0bc8\u0baf\u0bbf\u0ba9\u0bcd \u0ba4\u0bc2\u0ba4\u0ba9\u0bc1\u0bae\u0bbe\u0ba9\u0bb5\u0bb0\u0bcd \u0ba4\u0bae\u0bcd\u0bae\u0bc1\u0b9f\u0bc8\u0baf \u0b86\u0bb2\u0baf\u0ba4\u0bcd\u0ba4\u0bc1\u0b95\u0bcd\u0b95\u0bc1\u0ba4\u0bcd \u0ba4\u0bc0\u0bb5\u0bbf\u0bb0\u0bae\u0bbe\u0baf\u0bcd \u0bb5\u0bb0\u0bc1\u0bb5\u0bbe\u0bb0\u0bcd; \u0b87\u0ba4\u0bcb, \u0bb5\u0bb0\u0bc1\u0b95\u0bbf\u0bb1\u0bbe\u0bb0\u0bcd \u0b8e\u0ba9\u0bcd\u0bb1\u0bc1 \u0b9a\u0bc7\u0ba9\u0bc8\u0b95\u0bb3\u0bbf\u0ba9\u0bcd \u0b95\u0bb0\u0bcd\u0ba4\u0bcd\u0ba4\u0bb0\u0bcd \u0b9a\u0bca\u0bb2\u0bcd\u0bb2\u0bc1\u0b95\u0bbf\u0bb1\u0bbe\u0bb0\u0bcd."},{"Verseid":"38002001","Verse":"\u0b86\u0ba9\u0bbe\u0bb2\u0bc1\u0bae\u0bcd \u0b85\u0bb5\u0bb0\u0bcd \u0bb5\u0bb0\u0bc1\u0bae\u0bcd \u0ba8\u0bbe\u0bb3\u0bc8 \u0b9a\u0b95\u0bbf\u0baa\u0bcd\u0baa\u0bb5\u0ba9\u0bcd \u0baf\u0bbe\u0bb0\u0bcd? \u0b85\u0bb5\u0bb0\u0bcd \u0bb5\u0bc6\u0bb3\u0bbf\u0baa\u0bcd\u0baa\u0b9f\u0bc1\u0b95\u0bc8\u0baf\u0bbf\u0bb2\u0bcd \u0ba8\u0bbf\u0bb2\u0bc8\u0ba8\u0bbf\u0bb1\u0bcd\u0baa\u0bb5\u0ba9\u0bcd \u0baf\u0bbe\u0bb0\u0bcd? \u0b85\u0bb5\u0bb0\u0bcd \u0baa\u0bc1\u0b9f\u0bae\u0bbf\u0b9f\u0bc1\u0b95\u0bbf\u0bb1\u0bb5\u0ba9\u0bc1\u0b9f\u0bc8\u0baf \u0b85\u0b95\u0bcd\u0b95\u0bbf\u0ba9\u0bbf\u0baf\u0bc8\u0baa\u0bcd\u0baa\u0bcb\u0bb2\u0bb5\u0bc1\u0bae\u0bcd, \u0bb5\u0ba3\u0bcd\u0ba3\u0bbe\u0bb0\u0bc1\u0b9f\u0bc8\u0baf \u0b9a\u0bb5\u0bc1\u0b95\u0bcd\u0b95\u0bbe\u0bb0\u0ba4\u0bcd\u0ba4\u0bc8\u0baa\u0bcd\u0baa\u0bcb\u0bb2\u0bb5\u0bc1\u0bae\u0bcd \u0b87\u0bb0\u0bc1\u0baa\u0bcd\u0baa\u0bbe\u0bb0\u0bcd."},{"Verseid":"38002002","Verse":"\u0b85\u0bb5\u0bb0\u0bcd \u0b89\u0b9f\u0bcd\u0b95\u0bbe\u0bb0\u0bcd\u0ba8\u0bcd\u0ba4\u0bc1 \u0bb5\u0bc6\u0bb3\u0bcd\u0bb3\u0bbf\u0baf\u0bc8\u0baa\u0bcd \u0baa\u0bc1\u0b9f\u0bae\u0bbf\u0b9f\u0bcd\u0b9f\u0bc1\u0b9a\u0bcd \u0b9a\u0bc1\u0ba4\u0bcd\u0ba4\u0bbf\u0b95\u0bb0\u0bbf\u0ba4\u0bcd\u0ba4\u0bc1\u0b95\u0bcd\u0b95\u0bca\u0ba3\u0bcd\u0b9f\u0bbf\u0bb0\u0bc1\u0baa\u0bcd\u0baa\u0bbe\u0bb0\u0bcd; \u0b85\u0bb5\u0bb0\u0bcd \u0bb2\u0bc7\u0bb5\u0bbf\u0baf\u0bbf\u0ba9\u0bcd \u0baa\u0bc1\u0ba4\u0bcd\u0ba4\u0bbf\u0bb0\u0bb0\u0bc8\u0b9a\u0bcd \u0b9a\u0bc1\u0ba4\u0bcd\u0ba4\u0bbf\u0b95\u0bb0\u0bbf\u0ba4\u0bcd\u0ba4\u0bc1, \u0b85\u0bb5\u0bb0\u0bcd\u0b95\u0bb3\u0bcd \u0b95\u0bb0\u0bcd\u0ba4\u0bcd\u0ba4\u0bb0\u0bc1\u0b9f\u0bc8\u0baf\u0bb5\u0bb0\u0bcd\u0b95\u0bb3\u0bbe\u0baf\u0bbf\u0bb0\u0bc1\u0b95\u0bcd\u0b95\u0bc1\u0bae\u0bcd\u0baa\u0b9f\u0bbf\u0b95\u0bcd\u0b95\u0bc1\u0bae\u0bcd, \u0ba8\u0bc0\u0ba4\u0bbf\u0baf\u0bbe\u0baf\u0bcd \u0b95\u0bbe\u0ba3\u0bbf\u0b95\u0bcd\u0b95\u0bc8\u0baf\u0bc8\u0b9a\u0bcd \u0b9a\u0bc6\u0bb2\u0bc1\u0ba4\u0bcd\u0ba4\u0bc1\u0bae\u0bcd\u0baa\u0b9f\u0bbf\u0b95\u0bcd\u0b95\u0bc1\u0bae\u0bcd, \u0b85\u0bb5\u0bb0\u0bcd\u0b95\u0bb3\u0bc8\u0baa\u0bcd \u0baa\u0bca\u0ba9\u0bcd\u0ba9\u0bc8\u0baa\u0bcd\u0baa\u0bcb\u0bb2\u0bb5\u0bc1\u0bae\u0bcd \u0bb5\u0bc6\u0bb3\u0bcd\u0bb3\u0bbf\u0baf\u0bc8\u0baa\u0bcd\u0baa\u0bcb\u0bb2\u0bb5\u0bc1\u0bae\u0bcd \u0baa\u0bc1\u0b9f\u0bae\u0bbf\u0b9f\u0bc1\u0bb5\u0bbe\u0bb0\u0bcd."},{"Verseid":"38002003","Verse":"\u0b85\u0baa\u0bcd\u0baa\u0bca\u0bb4\u0bc1\u0ba4\u0bc1 \u0baa\u0bc2\u0bb0\u0bcd\u0bb5\u0ba8\u0bbe\u0b9f\u0bcd\u0b95\u0bb3\u0bbf\u0bb2\u0bc1\u0bae\u0bcd \u0bae\u0bc1\u0ba8\u0bcd\u0ba4\u0bbf\u0ba9 \u0bb5\u0bb0\u0bc1\u0bb7\u0b99\u0bcd\u0b95\u0bb3\u0bbf\u0bb2\u0bc1\u0bae\u0bcd \u0b87\u0bb0\u0bc1\u0ba8\u0bcd\u0ba4\u0ba4\u0bc1\u0baa\u0bcb\u0bb2, \u0baf\u0bc2\u0ba4\u0bbe\u0bb5\u0bbf\u0ba9\u0bcd \u0b95\u0bbe\u0ba3\u0bbf\u0b95\u0bcd\u0b95\u0bc8\u0baf\u0bc1\u0bae\u0bcd \u0b8e\u0bb0\u0bc1\u0b9a\u0bb2\u0bc7\u0bae\u0bbf\u0ba9\u0bcd \u0b95\u0bbe\u0ba3\u0bbf\u0b95\u0bcd\u0b95\u0bc8\u0baf\u0bc1\u0bae\u0bcd \u0b95\u0bb0\u0bcd\u0ba4\u0bcd\u0ba4\u0bb0\u0bc1\u0b95\u0bcd\u0b95\u0bc1\u0baa\u0bcd \u0baa\u0bbf\u0bb0\u0bbf\u0baf\u0bae\u0bbe\u0baf\u0bbf\u0bb0\u0bc1\u0b95\u0bcd\u0b95\u0bc1\u0bae\u0bcd."},{"Verseid":"38002004","Verse":"\u0ba8\u0bbe\u0ba9\u0bcd \u0ba8\u0bbf\u0baf\u0bbe\u0baf\u0ba4\u0bcd\u0ba4\u0bc0\u0bb0\u0bcd\u0baa\u0bcd\u0baa\u0bc1 \u0b9a\u0bc6\u0baf\u0bcd\u0baf\u0bc1\u0bae\u0bcd\u0baa\u0b9f\u0bbf \u0b89\u0b99\u0bcd\u0b95\u0bb3\u0bbf\u0b9f\u0ba4\u0bcd\u0ba4\u0bbf\u0bb2\u0bcd \u0bb5\u0ba8\u0bcd\u0ba4\u0bc1, \u0b9a\u0bc2\u0ba9\u0bbf\u0baf\u0b95\u0bcd\u0b95\u0bbe\u0bb0\u0bb0\u0bc1\u0b95\u0bcd\u0b95\u0bc1\u0bae\u0bcd \u0bb5\u0bbf\u0baa\u0b9a\u0bbe\u0bb0\u0bb0\u0bc1\u0b95\u0bcd\u0b95\u0bc1\u0bae\u0bcd \u0baa\u0bca\u0baf\u0bcd\u0baf\u0bbe\u0ba3\u0bc8 \u0b87\u0b9f\u0bc1\u0b95\u0bbf\u0bb1\u0bb5\u0bb0\u0bcd\u0b95\u0bb3\u0bc1\u0b95\u0bcd\u0b95\u0bc1\u0bae\u0bcd \u0b8e\u0ba9\u0b95\u0bcd\u0b95\u0bc1\u0baa\u0bcd \u0baa\u0baf\u0baa\u0bcd\u0baa\u0b9f\u0bbe\u0bae\u0bb2\u0bcd \u0bb5\u0bbf\u0ba4\u0bb5\u0bc8\u0b95\u0bb3\u0bc1\u0bae\u0bcd \u0ba4\u0bbf\u0b95\u0bcd\u0b95\u0bb1\u0bcd\u0bb1 \u0baa\u0bbf\u0bb3\u0bcd\u0bb3\u0bc8\u0b95\u0bb3\u0bc1\u0bae\u0bbe\u0b95\u0bbf\u0baf \u0b95\u0bc2\u0bb2\u0bbf\u0b95\u0bcd\u0b95\u0bbe\u0bb0\u0bb0\u0bbf\u0ba9\u0bcd \u0b95\u0bc2\u0bb2\u0bbf\u0baf\u0bc8 \u0b85\u0baa\u0b95\u0bb0\u0bbf\u0ba4\u0bcd\u0ba4\u0bc1\u0b95\u0bcd\u0b95\u0bca\u0bb3\u0bcd\u0bb3\u0bc1\u0b95\u0bbf\u0bb1\u0bb5\u0bb0\u0bcd\u0b95\u0bb3\u0bc1\u0b95\u0bcd\u0b95\u0bc1\u0bae\u0bcd, \u0baa\u0bb0\u0ba4\u0bc7\u0b9a\u0bbf\u0b95\u0bcd\u0b95\u0bc1 \u0b85\u0ba8\u0bbf\u0baf\u0bbe\u0baf\u0b9e\u0bcd\u0b9a\u0bc6\u0baf\u0bcd\u0b95\u0bbf\u0bb1\u0bb5\u0bb0\u0bcd\u0b95\u0bb3\u0bc1\u0b95\u0bcd\u0b95\u0bc1\u0bae\u0bcd \u0bb5\u0bbf\u0bb0\u0bcb\u0ba4\u0bae\u0bbe\u0baf\u0bcd\u0ba4\u0bcd \u0ba4\u0bc0\u0bb5\u0bbf\u0bb0\u0bae\u0bbe\u0ba9 \u0b9a\u0bbe\u0b9f\u0bcd\u0b9a\u0bbf\u0baf\u0bbe\u0baf\u0bbf\u0bb0\u0bc1\u0baa\u0bcd\u0baa\u0bc7\u0ba9\u0bcd \u0b8e\u0ba9\u0bcd\u0bb1\u0bc1 \u0b9a\u0bc7\u0ba9\u0bc8\u0b95\u0bb3\u0bbf\u0ba9\u0bcd \u0b95\u0bb0\u0bcd\u0ba4\u0bcd\u0ba4\u0bb0\u0bcd \u0b9a\u0bca\u0bb2\u0bcd\u0bb2\u0bc1\u0b95\u0bbf\u0bb1\u0bbe\u0bb0\u0bcd."},{"Verseid":"38002005","Verse":"\u0ba8\u0bbe\u0ba9\u0bcd \u0b95\u0bb0\u0bcd\u0ba4\u0bcd\u0ba4\u0bb0\u0bcd \u0ba8\u0bbe\u0ba9\u0bcd \u0bae\u0bbe\u0bb1\u0bbe\u0ba4\u0bb5\u0bb0\u0bcd; \u0b86\u0b95\u0bc8\u0baf\u0bbe\u0bb2\u0bcd \u0baf\u0bbe\u0b95\u0bcd\u0b95\u0bcb\u0baa\u0bbf\u0ba9\u0bcd \u0baa\u0bc1\u0ba4\u0bcd\u0ba4\u0bbf\u0bb0\u0bb0\u0bbe\u0b95\u0bbf\u0baf \u0ba8\u0bc0\u0b99\u0bcd\u0b95\u0bb3\u0bcd \u0ba8\u0bbf\u0bb0\u0bcd\u0bae\u0bc2\u0bb2\u0bae\u0bbe\u0b95\u0bb5\u0bbf\u0bb2\u0bcd\u0bb2\u0bc8."},{"Verseid":"38002006","Verse":"\u0ba8\u0bc0\u0b99\u0bcd\u0b95\u0bb3\u0bcd \u0b89\u0b99\u0bcd\u0b95\u0bb3\u0bcd \u0baa\u0bbf\u0ba4\u0bbe\u0b95\u0bcd\u0b95\u0bb3\u0bbf\u0ba9\u0bcd \u0ba8\u0bbe\u0b9f\u0bcd\u0b95\u0bb3\u0bcd \u0ba4\u0bca\u0b9f\u0b99\u0bcd\u0b95\u0bbf \u0b8e\u0ba9\u0bcd \u0b95\u0b9f\u0bcd\u0b9f\u0bb3\u0bc8\u0b95\u0bb3\u0bc8\u0b95\u0bcd \u0b95\u0bc8\u0b95\u0bcd\u0b95\u0bca\u0bb3\u0bcd\u0bb3\u0bbe\u0bae\u0bb2\u0bcd, \u0b85\u0bb5\u0bc8\u0b95\u0bb3\u0bc8\u0bb5\u0bbf\u0b9f\u0bcd\u0b9f\u0bc1 \u0bb5\u0bbf\u0bb2\u0b95\u0bbf\u0baa\u0bcd\u0baa\u0bcb\u0ba9\u0bc0\u0bb0\u0bcd\u0b95\u0bb3\u0bcd; \u0b8e\u0ba9\u0bcd\u0ba9\u0bbf\u0b9f\u0ba4\u0bcd\u0ba4\u0bbf\u0bb1\u0bcd\u0b95\u0bc1\u0ba4\u0bcd \u0ba4\u0bbf\u0bb0\u0bc1\u0bae\u0bcd\u0baa\u0bc1\u0b99\u0bcd\u0b95\u0bb3\u0bcd, \u0b85\u0baa\u0bcd\u0baa\u0bca\u0bb4\u0bc1\u0ba4\u0bc1 \u0b89\u0b99\u0bcd\u0b95\u0bb3\u0bbf\u0b9f\u0ba4\u0bcd\u0ba4\u0bbf\u0bb1\u0bcd\u0b95\u0bc1\u0ba4\u0bcd \u0ba4\u0bbf\u0bb0\u0bc1\u0bae\u0bcd\u0baa\u0bc1\u0bb5\u0bc7\u0ba9\u0bcd \u0b8e\u0ba9\u0bcd\u0bb1\u0bc1 \u0b9a\u0bc7\u0ba9\u0bc8\u0b95\u0bb3\u0bbf\u0ba9\u0bcd \u0b95\u0bb0\u0bcd\u0ba4\u0bcd\u0ba4\u0bb0\u0bcd \u0b9a\u0bca\u0bb2\u0bcd\u0bb2\u0bc1\u0b95\u0bbf\u0bb1\u0bbe\u0bb0\u0bcd; \u0ba8\u0bbe\u0b99\u0bcd\u0b95\u0bb3\u0bcd \u0b8e\u0ba8\u0bcd\u0ba4 \u0bb5\u0bbf\u0bb7\u0baf\u0ba4\u0bcd\u0ba4\u0bbf\u0bb2\u0bcd \u0ba4\u0bbf\u0bb0\u0bc1\u0bae\u0bcd\u0baa\u0bb5\u0bc7\u0ba3\u0bcd\u0b9f\u0bc1\u0bae\u0bcd \u0b8e\u0ba9\u0bcd\u0b95\u0bbf\u0bb1\u0bc0\u0bb0\u0bcd\u0b95\u0bb3\u0bcd,"},{"Verseid":"38002007","Verse":"\u0bae\u0ba9\u0bc1\u0bb7\u0ba9\u0bcd \u0ba4\u0bc7\u0bb5\u0ba9\u0bc8 \u0bb5\u0b9e\u0bcd\u0b9a\u0bbf\u0b95\u0bcd\u0b95\u0bb2\u0bbe\u0bae\u0bbe? \u0ba8\u0bc0\u0b99\u0bcd\u0b95\u0bb3\u0bcb \u0b8e\u0ba9\u0bcd\u0ba9\u0bc8 \u0bb5\u0b9e\u0bcd\u0b9a\u0bbf\u0b95\u0bcd\u0b95\u0bbf\u0bb1\u0bc0\u0bb0\u0bcd\u0b95\u0bb3\u0bcd. \u0b8e\u0ba4\u0bbf\u0bb2\u0bc7 \u0b89\u0bae\u0bcd\u0bae\u0bc8 \u0bb5\u0b9e\u0bcd\u0b9a\u0bbf\u0ba4\u0bcd\u0ba4\u0bcb\u0bae\u0bcd \u0b8e\u0ba9\u0bcd\u0b95\u0bbf\u0bb1\u0bc0\u0bb0\u0bcd\u0b95\u0bb3\u0bcd. \u0ba4\u0b9a\u0bae\u0baa\u0bbe\u0b95\u0ba4\u0bcd\u0ba4\u0bbf\u0bb2\u0bc1\u0bae\u0bcd \u0b95\u0bbe\u0ba3\u0bbf\u0b95\u0bcd\u0b95\u0bc8\u0b95\u0bb3\u0bbf\u0bb2\u0bc1\u0ba8\u0bcd\u0ba4\u0bbe\u0ba9\u0bc7."},{"Verseid":"38002008","Verse":"\u0ba8\u0bc0\u0b99\u0bcd\u0b95\u0bb3\u0bcd \u0b9a\u0baa\u0bbf\u0b95\u0bcd\u0b95\u0baa\u0bcd\u0baa\u0b9f\u0bcd\u0b9f\u0bb5\u0bb0\u0bcd\u0b95\u0bb3\u0bcd; \u0b9c\u0ba9\u0ba4\u0bcd\u0ba4\u0bbe\u0bb0\u0bbe\u0b95\u0bbf\u0baf \u0ba8\u0bc0\u0b99\u0bcd\u0b95\u0bb3\u0bcd \u0b8e\u0bb2\u0bcd\u0bb2\u0bbe\u0bb0\u0bc1\u0bae\u0bcd \u0b8e\u0ba9\u0bcd\u0ba9\u0bc8 \u0bb5\u0b9e\u0bcd\u0b9a\u0bbf\u0ba4\u0bcd\u0ba4\u0bc0\u0bb0\u0bcd\u0b95\u0bb3\u0bcd."},{"Verseid":"38002009","Verse":"\u0b8e\u0ba9\u0bcd \u0b86\u0bb2\u0baf\u0ba4\u0bcd\u0ba4\u0bbf\u0bb2\u0bcd \u0b86\u0b95\u0bbe\u0bb0\u0bae\u0bcd \u0b89\u0ba3\u0bcd\u0b9f\u0bbe\u0baf\u0bbf\u0bb0\u0bc1\u0b95\u0bcd\u0b95\u0bc1\u0bae\u0bcd\u0baa\u0b9f\u0bbf\u0ba4\u0bcd \u0ba4\u0b9a\u0bae\u0baa\u0bbe\u0b95\u0b99\u0bcd\u0b95\u0bb3\u0bc8\u0baf\u0bc6\u0bb2\u0bcd\u0bb2\u0bbe\u0bae\u0bcd \u0baa\u0ba3\u0bcd\u0b9f\u0b9a\u0bbe\u0bb2\u0bc8\u0baf\u0bbf\u0bb2\u0bc7 \u0b95\u0bca\u0ba3\u0bcd\u0b9f\u0bc1\u0bb5\u0bbe\u0bb0\u0bc1\u0b99\u0bcd\u0b95\u0bb3\u0bcd; \u0b85\u0baa\u0bcd\u0baa\u0bca\u0bb4\u0bc1\u0ba4\u0bc1 \u0ba8\u0bbe\u0ba9\u0bcd \u0bb5\u0bbe\u0ba9\u0ba4\u0bcd\u0ba4\u0bbf\u0ba9\u0bcd \u0baa\u0bb2\u0b95\u0ba3\u0bbf\u0b95\u0bb3\u0bc8\u0ba4\u0bcd \u0ba4\u0bbf\u0bb1\u0ba8\u0bcd\u0ba4\u0bc1, \u0b87\u0b9f\u0b99\u0bcd\u0b95\u0bca\u0bb3\u0bcd\u0bb3\u0bbe\u0bae\u0bb1\u0bcd\u0baa\u0bcb\u0b95\u0bc1\u0bae\u0b9f\u0bcd\u0b9f\u0bc1\u0bae\u0bcd \u0b89\u0b99\u0bcd\u0b95\u0bb3\u0bcd\u0bae\u0bc7\u0bb2\u0bcd \u0b86\u0b9a\u0bc0\u0bb0\u0bcd\u0bb5\u0bbe\u0ba4\u0ba4\u0bcd\u0ba4\u0bc8 \u0bb5\u0bb0\u0bc1\u0bb7\u0bbf\u0b95\u0bcd\u0b95\u0bae\u0bbe\u0b9f\u0bcd\u0b9f\u0bc7\u0ba9\u0bcb\u0bb5\u0bc6\u0ba9\u0bcd\u0bb1\u0bc1 \u0b85\u0ba4\u0bbf\u0ba9\u0bbe\u0bb2\u0bcd \u0b8e\u0ba9\u0bcd\u0ba9\u0bc8\u0b9a\u0bcd \u0b9a\u0bcb\u0ba4\u0bbf\u0ba4\u0bcd\u0ba4\u0bc1\u0baa\u0bcd \u0baa\u0bbe\u0bb0\u0bc1\u0b99\u0bcd\u0b95\u0bb3\u0bcd \u0b8e\u0ba9\u0bcd\u0bb1\u0bc1 \u0b9a\u0bc7\u0ba9\u0bc8\u0b95\u0bb3\u0bbf\u0ba9\u0bcd \u0b95\u0bb0\u0bcd\u0ba4\u0bcd\u0ba4\u0bb0\u0bcd \u0b9a\u0bca\u0bb2\u0bcd\u0bb2\u0bc1\u0b95\u0bbf\u0bb1\u0bbe\u0bb0\u0bcd."},{"Verseid":"38002010","Verse":"\u0baa\u0bc2\u0bae\u0bbf\u0baf\u0bbf\u0ba9\u0bcd \u0b95\u0ba9\u0bbf\u0baf\u0bc8\u0baa\u0bcd \u0baa\u0b9f\u0bcd\u0b9a\u0bbf\u0ba4\u0bcd\u0ba4\u0bc1\u0baa\u0bcd \u0baa\u0bcb\u0b9f\u0bc1\u0b95\u0bbf\u0bb1\u0bb5\u0bc8\u0b95\u0bb3\u0bc8 \u0b89\u0b99\u0bcd\u0b95\u0bb3\u0bcd \u0ba8\u0bbf\u0bae\u0bbf\u0ba4\u0bcd\u0ba4\u0bae\u0bcd\u0b95\u0ba3\u0bcd\u0b9f\u0bbf\u0baa\u0bcd\u0baa\u0bc7\u0ba9\u0bcd; \u0b85\u0bb5\u0bc8\u0b95\u0bb3\u0bcd \u0b89\u0b99\u0bcd\u0b95\u0bb3\u0bcd \u0ba8\u0bbf\u0bb2\u0ba4\u0bcd\u0ba4\u0bbf\u0ba9\u0bcd \u0baa\u0bb2\u0ba9\u0bc8 \u0b85\u0bb4\u0bbf\u0baa\u0bcd\u0baa\u0ba4\u0bbf\u0bb2\u0bcd\u0bb2\u0bc8. \u0bb5\u0bc6\u0bb3\u0bbf\u0baf\u0bbf\u0bb2\u0bc1\u0bb3\u0bcd\u0bb3 \u0ba4\u0bbf\u0bb0\u0bbe\u0b9f\u0bcd\u0b9a\u0b95\u0bcd\u0b95\u0bca\u0b9f\u0bbf \u0baa\u0bb4\u0bae\u0bbf\u0bb2\u0bcd\u0bb2\u0bbe\u0bae\u0bb1\u0bcd\u0baa\u0bcb\u0bb5\u0ba4\u0bc1\u0bae\u0bbf\u0bb2\u0bcd\u0bb2\u0bc8 \u0b8e\u0ba9\u0bcd\u0bb1\u0bc1 \u0b9a\u0bc7\u0ba9\u0bc8\u0b95\u0bb3\u0bbf\u0ba9\u0bcd \u0b95\u0bb0\u0bcd\u0ba4\u0bcd\u0ba4\u0bb0\u0bcd \u0b9a\u0bca\u0bb2\u0bcd\u0bb2\u0bc1\u0b95\u0bbf\u0bb1\u0bbe\u0bb0\u0bcd."},{"Verseid":"38002011","Verse":"\u0b85\u0baa\u0bcd\u0baa\u0bca\u0bb4\u0bc1\u0ba4\u0bc1 \u0b8e\u0bb2\u0bcd\u0bb2\u0bbe \u0b9c\u0bbe\u0ba4\u0bbf\u0b95\u0bb3\u0bc1\u0bae\u0bcd \u0b89\u0b99\u0bcd\u0b95\u0bb3\u0bc8\u0baa\u0bcd \u0baa\u0bbe\u0b95\u0bcd\u0b95\u0bbf\u0baf\u0bb5\u0bbe\u0ba9\u0bcd\u0b95\u0bb3\u0bcd \u0b8e\u0ba9\u0bcd\u0baa\u0bbe\u0bb0\u0bcd\u0b95\u0bb3\u0bcd; \u0ba4\u0bc7\u0b9a\u0bae\u0bcd \u0bb5\u0bbf\u0bb0\u0bc1\u0bae\u0bcd\u0baa\u0baa\u0bcd\u0baa\u0b9f\u0ba4\u0bcd\u0ba4\u0b95\u0bcd\u0b95\u0ba4\u0bbe\u0baf\u0bbf\u0bb0\u0bc1\u0b95\u0bcd\u0b95\u0bc1\u0bae\u0bcd \u0b8e\u0ba9\u0bcd\u0bb1\u0bc1 \u0b9a\u0bc7\u0ba9\u0bc8\u0b95\u0bb3\u0bbf\u0ba9\u0bcd \u0b95\u0bb0\u0bcd\u0ba4\u0bcd\u0ba4\u0bb0\u0bcd \u0b9a\u0bca\u0bb2\u0bcd\u0bb2\u0bc1\u0b95\u0bbf\u0bb1\u0bbe\u0bb0\u0bcd."},{"Verseid":"38002012","Verse":"\u0ba8\u0bc0\u0b99\u0bcd\u0b95\u0bb3\u0bcd \u0b8e\u0ba9\u0b95\u0bcd\u0b95\u0bc1 \u0bb5\u0bbf\u0bb0\u0bcb\u0ba4\u0bae\u0bbe\u0baf\u0bcd\u0baa\u0bcd \u0baa\u0bc7\u0b9a\u0bbf\u0ba9 \u0baa\u0bc7\u0b9a\u0bcd\u0b9a\u0bc1\u0b95\u0bb3\u0bcd \u0b95\u0b9f\u0bbf\u0ba9\u0bae\u0bbe\u0baf\u0bbf\u0bb0\u0bc1\u0b95\u0bcd\u0b95\u0bbf\u0bb1\u0ba4\u0bc1 \u0b8e\u0ba9\u0bcd\u0bb1\u0bc1 \u0b95\u0bb0\u0bcd\u0ba4\u0bcd\u0ba4\u0bb0\u0bcd \u0b9a\u0bca\u0bb2\u0bcd\u0bb2\u0bc1\u0b95\u0bbf\u0bb1\u0bbe\u0bb0\u0bcd; \u0b86\u0ba9\u0bbe\u0bb2\u0bc1\u0bae\u0bcd \u0b89\u0bae\u0b95\u0bcd\u0b95\u0bc1 \u0bb5\u0bbf\u0bb0\u0bcb\u0ba4\u0bae\u0bbe\u0b95 \u0b8e\u0ba9\u0bcd\u0ba9\u0ba4\u0bcd\u0ba4\u0bc8\u0baa\u0bcd \u0baa\u0bc7\u0b9a\u0bbf\u0ba9\u0bcb\u0bae\u0bcd \u0b8e\u0ba9\u0bcd\u0b95\u0bbf\u0bb1\u0bc0\u0bb0\u0bcd\u0b95\u0bb3\u0bcd."},{"Verseid":"38002013","Verse":"\u0ba4\u0bc7\u0bb5\u0ba9\u0bc8\u0b9a\u0bcd \u0b9a\u0bc7\u0bb5\u0bbf\u0baa\u0bcd\u0baa\u0ba4\u0bc1 \u0bb5\u0bbf\u0bb0\u0bc1\u0ba4\u0bbe, \u0b85\u0bb5\u0bb0\u0bc1\u0b9f\u0bc8\u0baf \u0b95\u0b9f\u0bcd\u0b9f\u0bb3\u0bc8\u0b95\u0bb3\u0bc8\u0b95\u0bcd \u0b95\u0bc8\u0b95\u0bcd\u0b95\u0bca\u0bb3\u0bcd\u0bb3\u0bc1\u0b95\u0bbf\u0bb1\u0ba4\u0bbf\u0ba9\u0bbe\u0bb2\u0bc1\u0bae\u0bcd \u0b9a\u0bc7\u0ba9\u0bc8\u0b95\u0bb3\u0bbf\u0ba9\u0bcd \u0b95\u0bb0\u0bcd\u0ba4\u0bcd\u0ba4\u0bb0\u0bc1\u0b95\u0bcd\u0b95\u0bc1 \u0bae\u0bc1\u0ba9\u0bcd\u0baa\u0bbe\u0b95\u0ba4\u0bcd \u0ba4\u0bc1\u0b95\u0bcd\u0b95\u0bbf\u0ba4\u0bcd\u0ba4\u0bc1 \u0ba8\u0b9f\u0b95\u0bcd\u0b95\u0bbf\u0bb1\u0ba4\u0bbf\u0ba9\u0bbe\u0bb2\u0bc1\u0bae\u0bcd \u0b8e\u0ba9\u0bcd\u0ba9 \u0baa\u0bbf\u0bb0\u0baf\u0bcb\u0b9c\u0ba9\u0bae\u0bcd?"},{"Verseid":"38002014","Verse":"\u0b87\u0baa\u0bcd\u0baa\u0bcb\u0ba4\u0bc1\u0bae\u0bcd \u0b85\u0b95\u0b99\u0bcd\u0b95\u0bbe\u0bb0\u0bbf\u0b95\u0bb3\u0bc8\u0baa\u0bcd \u0baa\u0bbe\u0b95\u0bcd\u0b95\u0bbf\u0baf\u0bb5\u0bbe\u0ba9\u0bcd\u0b95\u0bb3\u0bcd \u0b8e\u0ba9\u0bcd\u0b95\u0bbf\u0bb1\u0bcb\u0bae\u0bcd; \u0ba4\u0bc0\u0bae\u0bc8\u0b9a\u0bc6\u0baf\u0bcd\u0b95\u0bbf\u0bb1\u0bb5\u0bb0\u0bcd\u0b95\u0bb3\u0bcd \u0ba4\u0bbf\u0b9f\u0baa\u0bcd\u0baa\u0b9f\u0bc1\u0b95\u0bbf\u0bb1\u0bbe\u0bb0\u0bcd\u0b95\u0bb3\u0bcd; \u0b85\u0bb5\u0bb0\u0bcd\u0b95\u0bb3\u0bcd \u0ba4\u0bc7\u0bb5\u0ba9\u0bc8\u0baa\u0bcd \u0baa\u0bb0\u0bc0\u0b9f\u0bcd\u0b9a\u0bc8\u0baa\u0bbe\u0bb0\u0bcd\u0ba4\u0bcd\u0ba4\u0bbe\u0bb2\u0bc1\u0bae\u0bcd \u0bb5\u0bbf\u0b9f\u0bc1\u0bb5\u0bbf\u0b95\u0bcd\u0b95\u0baa\u0bcd\u0baa\u0b9f\u0bc1\u0b95\u0bbf\u0bb1\u0bbe\u0bb0\u0bcd\u0b95\u0bb3\u0bc7 \u0b8e\u0ba9\u0bcd\u0bb1\u0bc1 \u0b9a\u0bca\u0bb2\u0bcd\u0bb2\u0bc1\u0b95\u0bbf\u0bb1\u0bc0\u0bb0\u0bcd\u0b95\u0bb3\u0bcd."},{"Verseid":"38002015","Verse":"\u0b85\u0baa\u0bcd\u0baa\u0bca\u0bb4\u0bc1\u0ba4\u0bc1 \u0b95\u0bb0\u0bcd\u0ba4\u0bcd\u0ba4\u0bb0\u0bc1\u0b95\u0bcd\u0b95\u0bc1\u0baa\u0bcd \u0baa\u0baf\u0ba8\u0bcd\u0ba4\u0bb5\u0bb0\u0bcd\u0b95\u0bb3\u0bcd \u0b92\u0bb0\u0bc1\u0bb5\u0bb0\u0bcb\u0b9f\u0bca\u0bb0\u0bc1\u0bb5\u0bb0\u0bcd \u0baa\u0bc7\u0b9a\u0bbf\u0b95\u0bcd\u0b95\u0bca\u0bb3\u0bcd\u0bb5\u0bbe\u0bb0\u0bcd\u0b95\u0bb3\u0bcd; \u0b95\u0bb0\u0bcd\u0ba4\u0bcd\u0ba4\u0bb0\u0bcd \u0b95\u0bb5\u0ba9\u0bbf\u0ba4\u0bcd\u0ba4\u0bc1\u0b95\u0bcd\u0b95\u0bc7\u0b9f\u0bcd\u0baa\u0bbe\u0bb0\u0bcd; \u0b95\u0bb0\u0bcd\u0ba4\u0bcd\u0ba4\u0bb0\u0bc1\u0b95\u0bcd\u0b95\u0bc1\u0baa\u0bcd \u0baa\u0baf\u0ba8\u0bcd\u0ba4\u0bb5\u0bb0\u0bcd\u0b95\u0bb3\u0bc1\u0b95\u0bcd\u0b95\u0bbe\u0b95\u0bb5\u0bc1\u0bae\u0bcd \u0b85\u0bb5\u0bb0\u0bc1\u0b9f\u0bc8\u0baf \u0ba8\u0bbe\u0bae\u0ba4\u0bcd\u0ba4\u0bc8\u0ba4\u0bcd \u0ba4\u0bbf\u0baf\u0bbe\u0ba9\u0bbf\u0b95\u0bcd\u0b95\u0bbf\u0bb1\u0bb5\u0bb0\u0bcd\u0b95\u0bb3\u0bc1\u0b95\u0bcd\u0b95\u0bbe\u0b95\u0bb5\u0bc1\u0bae\u0bcd \u0b9e\u0bbe\u0baa\u0b95\u0baa\u0bcd\u0baa\u0bc1\u0bb8\u0bcd\u0ba4\u0b95\u0bae\u0bcd \u0b92\u0ba9\u0bcd\u0bb1\u0bc1 \u0b85\u0bb5\u0bb0\u0bc1\u0b95\u0bcd\u0b95\u0bc1 \u0bae\u0bc1\u0ba9\u0bcd\u0baa\u0bbe\u0b95 \u0b8e\u0bb4\u0bc1\u0ba4\u0baa\u0bcd\u0baa\u0b9f\u0bcd\u0b9f\u0bbf\u0bb0\u0bc1\u0b95\u0bcd\u0b95\u0bbf\u0bb1\u0ba4\u0bc1."},{"Verseid":"38002016","Verse":"\u0b8e\u0ba9\u0bcd \u0b9a\u0bae\u0bcd\u0baa\u0ba4\u0bcd\u0ba4\u0bc8 \u0ba8\u0bbe\u0ba9\u0bcd \u0b9a\u0bc7\u0bb0\u0bcd\u0b95\u0bcd\u0b95\u0bc1\u0bae\u0bcd \u0b85\u0ba8\u0bcd\u0ba8\u0bbe\u0bb3\u0bbf\u0bb2\u0bc7 \u0b85\u0bb5\u0bb0\u0bcd\u0b95\u0bb3\u0bcd \u0b8e\u0ba9\u0bcd\u0ba9\u0bc1\u0b9f\u0bc8\u0baf\u0bb5\u0bb0\u0bcd\u0b95\u0bb3\u0bbe\u0baf\u0bbf\u0bb0\u0bc1\u0baa\u0bcd\u0baa\u0bbe\u0bb0\u0bcd\u0b95\u0bb3\u0bcd \u0b8e\u0ba9\u0bcd\u0bb1\u0bc1 \u0b9a\u0bc7\u0ba9\u0bc8\u0b95\u0bb3\u0bbf\u0ba9\u0bcd \u0b95\u0bb0\u0bcd\u0ba4\u0bcd\u0ba4\u0bb0\u0bcd \u0b9a\u0bca\u0bb2\u0bcd\u0bb2\u0bc1\u0b95\u0bbf\u0bb1\u0bbe\u0bb0\u0bcd; \u0b92\u0bb0\u0bc1 \u0bae\u0ba9\u0bc1\u0bb7\u0ba9\u0bcd \u0ba4\u0ba9\u0b95\u0bcd\u0b95\u0bc1 \u0b8a\u0bb4\u0bbf\u0baf\u0b9e\u0bcd\u0b9a\u0bc6\u0baf\u0bcd\u0b95\u0bbf\u0bb1 \u0ba4\u0ba9\u0bcd\u0ba9\u0bc1\u0b9f\u0bc8\u0baf \u0b95\u0bc1\u0bae\u0bbe\u0bb0\u0ba9\u0bc8\u0b95\u0bcd \u0b95\u0b9f\u0bbe\u0b9f\u0bcd\u0b9a\u0bbf\u0b95\u0bcd\u0b95\u0bbf\u0bb1\u0ba4\u0bc1\u0baa\u0bcb\u0bb2 \u0ba8\u0bbe\u0ba9\u0bcd \u0b85\u0bb5\u0bb0\u0bcd\u0b95\u0bb3\u0bc8\u0b95\u0bcd \u0b95\u0b9f\u0bbe\u0b9f\u0bcd\u0b9a\u0bbf\u0baa\u0bcd\u0baa\u0bc7\u0ba9\u0bcd."},{"Verseid":"38002017","Verse":"\u0b85\u0baa\u0bcd\u0baa\u0bca\u0bb4\u0bc1\u0ba4\u0bc1 \u0ba8\u0bc0\u0b99\u0bcd\u0b95\u0bb3\u0bcd \u0ba8\u0bc0\u0ba4\u0bbf\u0bae\u0bbe\u0ba9\u0bc1\u0b95\u0bcd\u0b95\u0bc1\u0bae\u0bcd \u0ba4\u0bc1\u0ba9\u0bcd\u0bae\u0bbe\u0bb0\u0bcd\u0b95\u0bcd\u0b95\u0ba9\u0bc1\u0b95\u0bcd\u0b95\u0bc1\u0bae\u0bcd, \u0ba4\u0bc7\u0bb5\u0ba9\u0bc1\u0b95\u0bcd\u0b95\u0bc1\u0bae\u0bcd \u0b8a\u0bb4\u0bbf\u0baf\u0b9e\u0bcd\u0b9a\u0bc6\u0baf\u0bcd\u0b95\u0bbf\u0bb1\u0bb5\u0ba9\u0bc1\u0b95\u0bcd\u0b95\u0bc1\u0bae\u0bcd \u0b85\u0bb5\u0bb0\u0bc1\u0b95\u0bcd\u0b95\u0bc1 \u0b8a\u0bb4\u0bbf\u0baf\u0b9e\u0bcd\u0b9a\u0bc6\u0baf\u0bcd\u0baf\u0bbe\u0ba4\u0bb5\u0ba9\u0bc1\u0b95\u0bcd\u0b95\u0bc1\u0bae\u0bcd \u0b87\u0bb0\u0bc1\u0b95\u0bcd\u0b95\u0bbf\u0bb1 \u0bb5\u0bbf\u0ba4\u0bcd\u0ba4\u0bbf\u0baf\u0bbe\u0b9a\u0ba4\u0bcd\u0ba4\u0bc8\u0ba4\u0bcd \u0ba4\u0bbf\u0bb0\u0bc1\u0bae\u0bcd\u0baa\u0bb5\u0bc1\u0bae\u0bcd \u0b95\u0bbe\u0ba3\u0bcd\u0baa\u0bc0\u0bb0\u0bcd\u0b95\u0bb3\u0bcd."}]},{"Verse":[{"Verseid":"38003000","Verse":"\u0b87\u0ba4\u0bcb, \u0b9a\u0bc2\u0bb3\u0bc8\u0baf\u0bc8\u0baa\u0bcd\u0baa\u0bcb\u0bb2 \u0b8e\u0bb0\u0bbf\u0b95\u0bbf\u0bb1\u0ba8\u0bbe\u0bb3\u0bcd \u0bb5\u0bb0\u0bc1\u0bae\u0bcd; \u0b85\u0baa\u0bcd\u0baa\u0bca\u0bb4\u0bc1\u0ba4\u0bc1 \u0b85\u0b95\u0b99\u0bcd\u0b95\u0bbe\u0bb0\u0bbf\u0b95\u0bb3\u0bcd \u0baf\u0bbe\u0bb5\u0bb0\u0bc1\u0bae\u0bcd \u0b85\u0b95\u0bcd\u0b95\u0bbf\u0bb0\u0bae\u0b9e\u0bcd\u0b9a\u0bc6\u0baf\u0bcd\u0b95\u0bbf\u0bb1 \u0baf\u0bbe\u0bb5\u0bb0\u0bc1\u0bae\u0bcd \u0ba4\u0bc1\u0bb0\u0bc1\u0bae\u0bcd\u0baa\u0bbe\u0baf\u0bbf\u0bb0\u0bc1\u0baa\u0bcd\u0baa\u0bbe\u0bb0\u0bcd\u0b95\u0bb3\u0bcd; \u0bb5\u0bb0\u0baa\u0bcd\u0baa\u0bcb\u0b95\u0bbf\u0bb1 \u0b85\u0ba8\u0bcd\u0ba4 \u0ba8\u0bbe\u0bb3\u0bcd \u0b85\u0bb5\u0bb0\u0bcd\u0b95\u0bb3\u0bc8\u0b9a\u0bcd \u0b9a\u0bc1\u0b9f\u0bcd\u0b9f\u0bc6\u0bb0\u0bbf\u0b95\u0bcd\u0b95\u0bc1\u0bae\u0bcd; \u0b85\u0ba4\u0bc1 \u0b85\u0bb5\u0bb0\u0bcd\u0b95\u0bb3\u0bc1\u0b95\u0bcd\u0b95\u0bc1 \u0bb5\u0bc7\u0bb0\u0bc8\u0baf\u0bc1\u0bae\u0bcd \u0b95\u0bca\u0baa\u0bcd\u0baa\u0bc8\u0baf\u0bc1\u0bae\u0bcd \u0bb5\u0bc8\u0b95\u0bcd\u0b95\u0bbe\u0bae\u0bb1\u0bcd\u0baa\u0bcb\u0b95\u0bc1\u0bae\u0bcd \u0b8e\u0ba9\u0bcd\u0bb1\u0bc1 \u0b9a\u0bc7\u0ba9\u0bc8\u0b95\u0bb3\u0bbf\u0ba9\u0bcd \u0b95\u0bb0\u0bcd\u0ba4\u0bcd\u0ba4\u0bb0\u0bcd \u0b9a\u0bca\u0bb2\u0bcd\u0bb2\u0bc1\u0b95\u0bbf\u0bb1\u0bbe\u0bb0\u0bcd."},{"Verseid":"38003001","Verse":"\u0b86\u0ba9\u0bbe\u0bb2\u0bc1\u0bae\u0bcd \u0b8e\u0ba9\u0bcd \u0ba8\u0bbe\u0bae\u0ba4\u0bcd\u0ba4\u0bc1\u0b95\u0bcd\u0b95\u0bc1\u0baa\u0bcd \u0baa\u0baf\u0ba8\u0bcd\u0ba4\u0bbf\u0bb0\u0bc1\u0b95\u0bcd\u0b95\u0bbf\u0bb1 \u0b89\u0b99\u0bcd\u0b95\u0bb3\u0bcd\u0bae\u0bc7\u0bb2\u0bcd \u0ba8\u0bc0\u0ba4\u0bbf\u0baf\u0bbf\u0ba9\u0bcd \u0b9a\u0bc2\u0bb0\u0bbf\u0baf\u0ba9\u0bcd \u0b89\u0ba4\u0bbf\u0b95\u0bcd\u0b95\u0bc1\u0bae\u0bcd; \u0b85\u0ba4\u0bbf\u0ba9\u0bcd \u0b9a\u0bc6\u0b9f\u0bcd\u0b9f\u0bc8\u0b95\u0bb3\u0bbf\u0ba9\u0bcd\u0b95\u0bc0\u0bb4\u0bcd \u0b86\u0bb0\u0bcb\u0b95\u0bcd\u0b95\u0bbf\u0baf\u0bae\u0bcd \u0b87\u0bb0\u0bc1\u0b95\u0bcd\u0b95\u0bc1\u0bae\u0bcd; \u0ba8\u0bc0\u0b99\u0bcd\u0b95\u0bb3\u0bcd \u0bb5\u0bc6\u0bb3\u0bbf\u0baf\u0bc7 \u0baa\u0bc1\u0bb1\u0baa\u0bcd\u0baa\u0b9f\u0bcd\u0b9f\u0bc1\u0baa\u0bcd\u0baa\u0bcb\u0baf\u0bcd, \u0b95\u0bca\u0bb4\u0bc1\u0ba4\u0bcd\u0ba4 \u0b95\u0ba9\u0bcd\u0bb1\u0bc1\u0b95\u0bb3\u0bc8\u0baa\u0bcd\u0baa\u0bcb\u0bb2 \u0bb5\u0bb3\u0bb0\u0bc1\u0bb5\u0bc0\u0bb0\u0bcd\u0b95\u0bb3\u0bcd."},{"Verseid":"38003002","Verse":"\u0ba4\u0bc1\u0ba9\u0bcd\u0bae\u0bbe\u0bb0\u0bcd\u0b95\u0bcd\u0b95\u0bb0\u0bc8 \u0bae\u0bbf\u0ba4\u0bbf\u0baa\u0bcd\u0baa\u0bc0\u0bb0\u0bcd\u0b95\u0bb3\u0bcd; \u0ba8\u0bbe\u0ba9\u0bcd \u0b87\u0ba4\u0bc8\u0b9a\u0bcd \u0b9a\u0bc6\u0baf\u0bcd\u0baf\u0bc1\u0bae\u0bcd\u0ba8\u0bbe\u0bb3\u0bbf\u0bb2\u0bc7 \u0b85\u0bb5\u0bb0\u0bcd\u0b95\u0bb3\u0bcd \u0b89\u0b99\u0bcd\u0b95\u0bb3\u0bcd \u0b89\u0bb3\u0bcd\u0bb3\u0b99\u0bcd\u0b95\u0bbe\u0bb2\u0bcd\u0b95\u0bb3\u0bbf\u0ba9\u0bcd\u0b95\u0bc0\u0bb4\u0bcd \u0b9a\u0bbe\u0bae\u0bcd\u0baa\u0bb2\u0bbe\u0baf\u0bbf\u0bb0\u0bc1\u0baa\u0bcd\u0baa\u0bbe\u0bb0\u0bcd\u0b95\u0bb3\u0bcd \u0b8e\u0ba9\u0bcd\u0bb1\u0bc1 \u0b9a\u0bc7\u0ba9\u0bc8\u0b95\u0bb3\u0bbf\u0ba9\u0bcd \u0b95\u0bb0\u0bcd\u0ba4\u0bcd\u0ba4\u0bb0\u0bcd \u0b9a\u0bca\u0bb2\u0bcd\u0bb2\u0bc1\u0b95\u0bbf\u0bb1\u0bbe\u0bb0\u0bcd."},{"Verseid":"38003003","Verse":"\u0b93\u0bb0\u0bc7\u0baa\u0bbf\u0bb2\u0bc7 \u0b87\u0bb8\u0bcd\u0bb0\u0bb5\u0bc7\u0bb2\u0bb0\u0bc6\u0bb2\u0bcd\u0bb2\u0bbe\u0bb0\u0bc1\u0b95\u0bcd\u0b95\u0bbe\u0b95\u0bb5\u0bc1\u0bae\u0bcd \u0b8e\u0ba9\u0bcd \u0ba4\u0bbe\u0b9a\u0ba9\u0bbe\u0b95\u0bbf\u0baf \u0bae\u0bcb\u0b9a\u0bc7\u0b95\u0bcd\u0b95\u0bc1 \u0ba8\u0bbe\u0ba9\u0bcd \u0b95\u0bb1\u0bcd\u0baa\u0bbf\u0ba4\u0bcd\u0ba4 \u0ba8\u0bbf\u0baf\u0bbe\u0baf\u0baa\u0bcd\u0baa\u0bbf\u0bb0\u0bae\u0bbe\u0ba3\u0bae\u0bbe\u0b95\u0bbf\u0baf \u0b95\u0b9f\u0bcd\u0b9f\u0bb3\u0bc8\u0b95\u0bb3\u0bc8\u0baf\u0bc1\u0bae\u0bcd \u0ba8\u0bbf\u0baf\u0bbe\u0baf\u0b99\u0bcd\u0b95\u0bb3\u0bc8\u0baf\u0bc1\u0bae\u0bcd \u0ba8\u0bbf\u0ba9\u0bc8\u0baf\u0bc1\u0b99\u0bcd\u0b95\u0bb3\u0bcd."},{"Verseid":"38003004","Verse":"\u0b87\u0ba4\u0bcb, \u0b95\u0bb0\u0bcd\u0ba4\u0bcd\u0ba4\u0bb0\u0bc1\u0b9f\u0bc8\u0baf \u0baa\u0bc6\u0bb0\u0bbf\u0ba4\u0bc1\u0bae\u0bcd \u0baa\u0baf\u0b99\u0bcd\u0b95\u0bb0\u0bae\u0bc1\u0bae\u0bbe\u0ba9 \u0ba8\u0bbe\u0bb3\u0bcd \u0bb5\u0bb0\u0bc1\u0b95\u0bbf\u0bb1\u0ba4\u0bb1\u0bcd\u0b95\u0bc1\u0bae\u0bc1\u0ba9\u0bcd\u0ba9\u0bc7 \u0ba8\u0bbe\u0ba9\u0bcd \u0b89\u0b99\u0bcd\u0b95\u0bb3\u0bbf\u0b9f\u0ba4\u0bcd\u0ba4\u0bbf\u0bb1\u0bcd\u0b95\u0bc1 \u0b8e\u0bb2\u0bbf\u0baf\u0bbe \u0ba4\u0bc0\u0bb0\u0bcd\u0b95\u0bcd\u0b95\u0ba4\u0bb0\u0bbf\u0b9a\u0bbf\u0baf\u0bc8 \u0b85\u0ba9\u0bc1\u0baa\u0bcd\u0baa\u0bc1\u0b95\u0bbf\u0bb1\u0bc7\u0ba9\u0bcd."},{"Verseid":"38003005","Verse":"\u0ba8\u0bbe\u0ba9\u0bcd \u0bb5\u0ba8\u0bcd\u0ba4\u0bc1 \u0baa\u0bc2\u0bae\u0bbf\u0baf\u0bc8\u0b9a\u0bcd \u0b9a\u0b99\u0bcd\u0b95\u0bbe\u0bb0\u0ba4\u0bcd\u0ba4\u0bbe\u0bb2\u0bcd \u0b85\u0b9f\u0bbf\u0b95\u0bcd\u0b95\u0bbe\u0ba4\u0baa\u0b9f\u0bbf\u0b95\u0bcd\u0b95\u0bc1, \u0b85\u0bb5\u0ba9\u0bcd \u0baa\u0bbf\u0ba4\u0bbe\u0b95\u0bcd\u0b95\u0bb3\u0bc1\u0b9f\u0bc8\u0baf \u0b87\u0bb0\u0bc1\u0ba4\u0baf\u0ba4\u0bcd\u0ba4\u0bc8\u0baa\u0bcd \u0baa\u0bbf\u0bb3\u0bcd\u0bb3\u0bc8\u0b95\u0bb3\u0bbf\u0b9f\u0ba4\u0bcd\u0ba4\u0bbf\u0bb1\u0bcd\u0b95\u0bc1\u0bae\u0bcd, \u0baa\u0bbf\u0bb3\u0bcd\u0bb3\u0bc8\u0b95\u0bb3\u0bc1\u0b9f\u0bc8\u0baf \u0b87\u0bb0\u0bc1\u0ba4\u0baf\u0ba4\u0bcd\u0ba4\u0bc8 \u0b85\u0bb5\u0bb0\u0bcd\u0b95\u0bb3\u0bcd \u0baa\u0bbf\u0ba4\u0bbe\u0b95\u0bcd\u0b95\u0bb3\u0bbf\u0b9f\u0ba4\u0bcd\u0ba4\u0bbf\u0bb1\u0bcd\u0b95\u0bc1\u0bae\u0bcd \u0ba4\u0bbf\u0bb0\u0bc1\u0baa\u0bcd\u0baa\u0bc1\u0bb5\u0bbe\u0ba9\u0bcd."}]}]}