{"Chapter":[{"Verse":[{"Verseid":"49000000","Verse":"\u0b87\u0baf\u0bc7\u0b9a\u0bc1\u0b95\u0bbf\u0bb1\u0bbf\u0bb8\u0bcd\u0ba4\u0bc1\u0bb5\u0bbf\u0ba9\u0bcd \u0b8a\u0bb4\u0bbf\u0baf\u0b95\u0bcd\u0b95\u0bbe\u0bb0\u0bb0\u0bbe\u0b95\u0bbf\u0baf \u0baa\u0bb5\u0bc1\u0bb2\u0bc1\u0bae\u0bcd \u0ba4\u0bc0\u0bae\u0bcb\u0ba4\u0bcd\u0ba4\u0bc7\u0baf\u0bc1\u0bae\u0bcd, \u0baa\u0bbf\u0bb2\u0bbf\u0baa\u0bcd\u0baa\u0bbf \u0baa\u0b9f\u0bcd\u0b9f\u0ba3\u0ba4\u0bcd\u0ba4\u0bbf\u0bb2\u0bcd \u0b95\u0bbf\u0bb1\u0bbf\u0bb8\u0bcd\u0ba4\u0bc1 \u0b87\u0baf\u0bc7\u0b9a\u0bc1\u0bb5\u0bc1\u0b95\u0bcd\u0b95\u0bc1\u0bb3\u0bcd\u0bb3\u0bbe\u0ba9 \u0baa\u0bb0\u0bbf\u0b9a\u0bc1\u0ba4\u0bcd\u0ba4\u0bb5\u0bbe\u0ba9\u0bcd\u0b95\u0bb3\u0bcd \u0b85\u0ba9\u0bc8\u0bb5\u0bb0\u0bc1\u0b95\u0bcd\u0b95\u0bc1\u0bae\u0bcd, \u0b95\u0ba3\u0bcd\u0b95\u0bbe\u0ba3\u0bbf\u0b95\u0bb3\u0bc1\u0b95\u0bcd\u0b95\u0bc1\u0bae\u0bcd, \u0b89\u0ba4\u0bb5\u0bbf\u0b95\u0bcd\u0b95\u0bbe\u0bb0\u0bb0\u0bc1\u0b95\u0bcd\u0b95\u0bc1\u0bae\u0bcd \u0b8e\u0bb4\u0bc1\u0ba4\u0bc1\u0b95\u0bbf\u0bb1\u0ba4\u0bbe\u0bb5\u0ba4\u0bc1:"},{"Verseid":"49000001","Verse":"\u0ba8\u0bae\u0bcd\u0bae\u0bc1\u0b9f\u0bc8\u0baf \u0baa\u0bbf\u0ba4\u0bbe\u0bb5\u0bbe\u0b95\u0bbf\u0baf \u0ba4\u0bc7\u0bb5\u0ba9\u0bbe\u0bb2\u0bc1\u0bae\u0bcd \u0b95\u0bb0\u0bcd\u0ba4\u0bcd\u0ba4\u0bb0\u0bbe\u0b95\u0bbf\u0baf \u0b87\u0baf\u0bc7\u0b9a\u0bc1\u0b95\u0bbf\u0bb1\u0bbf\u0bb8\u0bcd\u0ba4\u0bc1\u0bb5\u0bbf\u0ba9\u0bbe\u0bb2\u0bc1\u0bae\u0bcd \u0b89\u0b99\u0bcd\u0b95\u0bb3\u0bc1\u0b95\u0bcd\u0b95\u0bc1\u0b95\u0bcd \u0b95\u0bbf\u0bb0\u0bc1\u0baa\u0bc8\u0baf\u0bc1\u0bae\u0bcd \u0b9a\u0bae\u0bbe\u0ba4\u0bbe\u0ba9\u0bae\u0bc1\u0bae\u0bcd \u0b89\u0ba3\u0bcd\u0b9f\u0bbe\u0bb5\u0ba4\u0bbe\u0b95."},{"Verseid":"49000002","Verse":"\u0b9a\u0bc1\u0bb5\u0bbf\u0b9a\u0bc7\u0bb7\u0bae\u0bcd \u0b89\u0b99\u0bcd\u0b95\u0bb3\u0bc1\u0b95\u0bcd\u0b95\u0bc1 \u0b85\u0bb1\u0bbf\u0bb5\u0bbf\u0b95\u0bcd\u0b95\u0baa\u0bcd\u0baa\u0b9f\u0bcd\u0b9f \u0ba8\u0bbe\u0bb3\u0bcd\u0bae\u0bc1\u0ba4\u0bb2\u0bcd \u0b87\u0ba4\u0bc1\u0bb5\u0bb0\u0bc8\u0b95\u0bcd\u0b95\u0bc1\u0bae\u0bcd \u0ba8\u0bc0\u0b99\u0bcd\u0b95\u0bb3\u0bcd \u0b85\u0ba4\u0bb1\u0bcd\u0b95\u0bc1 \u0b89\u0b9f\u0ba9\u0bcd\u0baa\u0b9f\u0bcd\u0b9f\u0bb5\u0bb0\u0bcd\u0b95\u0bb3\u0bbe\u0ba9\u0baa\u0b9f\u0bbf\u0baf\u0bbe\u0bb2\u0bcd,"},{"Verseid":"49000003","Verse":"\u0ba8\u0bbe\u0ba9\u0bcd \u0baa\u0ba3\u0bcd\u0ba3\u0bc1\u0b95\u0bbf\u0bb1 \u0b92\u0bb5\u0bcd\u0bb5\u0bca\u0bb0\u0bc1 \u0bb5\u0bbf\u0ba3\u0bcd\u0ba3\u0baa\u0bcd\u0baa\u0ba4\u0bcd\u0ba4\u0bbf\u0bb2\u0bc1\u0bae\u0bcd \u0b89\u0b99\u0bcd\u0b95\u0bb3\u0bcd \u0b85\u0ba9\u0bc8\u0bb5\u0bb0\u0bc1\u0b95\u0bcd\u0b95\u0bbe\u0b95\u0bb5\u0bc1\u0bae\u0bcd \u0b8e\u0baa\u0bcd\u0baa\u0bcb\u0ba4\u0bc1\u0bae\u0bcd \u0b9a\u0ba8\u0bcd\u0ba4\u0bcb\u0bb7\u0ba4\u0bcd\u0ba4\u0bcb\u0b9f\u0bc7 \u0bb5\u0bbf\u0ba3\u0bcd\u0ba3\u0baa\u0bcd\u0baa\u0bae\u0bcd\u0baa\u0ba3\u0bcd\u0ba3\u0bbf,"},{"Verseid":"49000004","Verse":"\u0b89\u0b99\u0bcd\u0b95\u0bb3\u0bbf\u0bb2\u0bcd \u0ba8\u0bb1\u0bcd\u0b95\u0bbf\u0bb0\u0bbf\u0baf\u0bc8\u0baf\u0bc8\u0ba4\u0bcd \u0ba4\u0bca\u0b9f\u0b99\u0bcd\u0b95\u0bbf\u0ba9\u0bb5\u0bb0\u0bcd \u0b85\u0ba4\u0bc8 \u0b87\u0baf\u0bc7\u0b9a\u0bc1\u0b95\u0bbf\u0bb1\u0bbf\u0bb8\u0bcd\u0ba4\u0bc1\u0bb5\u0bbf\u0ba9\u0bcd \u0ba8\u0bbe\u0bb3\u0bcd\u0baa\u0bb0\u0bbf\u0baf\u0ba8\u0bcd\u0ba4\u0bae\u0bcd \u0bae\u0bc1\u0b9f\u0bbf\u0baf \u0ba8\u0b9f\u0ba4\u0bcd\u0ba4\u0bbf\u0bb5\u0bb0\u0bc1\u0bb5\u0bbe\u0bb0\u0bc6\u0ba9\u0bcd\u0bb1\u0bc1 \u0ba8\u0bae\u0bcd\u0baa\u0bbf,"},{"Verseid":"49000005","Verse":"\u0ba8\u0bbe\u0ba9\u0bcd \u0b89\u0b99\u0bcd\u0b95\u0bb3\u0bc8 \u0ba8\u0bbf\u0ba9\u0bc8\u0b95\u0bcd\u0b95\u0bbf\u0bb1\u0baa\u0bca\u0bb4\u0bc1\u0ba4\u0bc1 \u0b8e\u0ba9\u0bcd \u0ba4\u0bc7\u0bb5\u0ba9\u0bc8 \u0bb8\u0bcd\u0ba4\u0bcb\u0ba4\u0bcd\u0ba4\u0bbf\u0bb0\u0bbf\u0b95\u0bcd\u0b95\u0bbf\u0bb1\u0bc7\u0ba9\u0bcd."},{"Verseid":"49000006","Verse":"\u0b8e\u0ba9\u0bcd \u0b95\u0b9f\u0bcd\u0b9f\u0bc1\u0b95\u0bb3\u0bbf\u0bb2\u0bc1\u0bae\u0bcd, \u0ba8\u0bbe\u0ba9\u0bcd \u0b9a\u0bc1\u0bb5\u0bbf\u0b9a\u0bc7\u0bb7\u0ba4\u0bcd\u0ba4\u0bbf\u0bb1\u0bcd\u0b95\u0bbe\u0b95 \u0b89\u0ba4\u0bcd\u0ba4\u0bb0\u0bb5\u0bc1\u0b9a\u0bca\u0bb2\u0bcd\u0bb2\u0bbf \u0b85\u0ba4\u0bc8\u0ba4\u0bcd \u0ba4\u0bbf\u0b9f\u0baa\u0bcd\u0baa\u0b9f\u0bc1\u0ba4\u0bcd\u0ba4\u0bbf\u0bb5\u0bb0\u0bc1\u0b95\u0bbf\u0bb1\u0ba4\u0bbf\u0bb2\u0bc1\u0bae\u0bcd, \u0ba8\u0bc0\u0b99\u0bcd\u0b95\u0bb3\u0bcd \u0b85\u0ba9\u0bc8\u0bb5\u0bb0\u0bc1\u0bae\u0bcd \u0b8e\u0ba9\u0b95\u0bcd\u0b95\u0bc1 \u0b85\u0bb3\u0bbf\u0b95\u0bcd\u0b95\u0baa\u0bcd\u0baa\u0b9f\u0bcd\u0b9f \u0b95\u0bbf\u0bb0\u0bc1\u0baa\u0bc8\u0baf\u0bbf\u0bb2\u0bcd \u0baa\u0b99\u0bcd\u0b95\u0bc1\u0bb3\u0bcd\u0bb3\u0bb5\u0bb0\u0bcd\u0b95\u0bb3\u0bbe\u0ba9\u0ba4\u0bbe\u0bb2\u0bcd, \u0b89\u0b99\u0bcd\u0b95\u0bb3\u0bc8 \u0b8e\u0ba9\u0bcd \u0b87\u0bb0\u0bc1\u0ba4\u0baf\u0ba4\u0bcd\u0ba4\u0bbf\u0bb2\u0bcd \u0ba4\u0bb0\u0bbf\u0ba4\u0bcd\u0ba4\u0bc1\u0b95\u0bcd\u0b95\u0bca\u0ba3\u0bcd\u0b9f\u0bbf\u0bb0\u0bc1\u0b95\u0bcd\u0b95\u0bbf\u0bb1\u0baa\u0b9f\u0bbf\u0baf\u0bbf\u0ba9\u0bbe\u0bb2\u0bc7, \u0b89\u0b99\u0bcd\u0b95\u0bb3\u0bc6\u0bb2\u0bcd\u0bb2\u0bbe\u0bb0\u0bc8\u0baf\u0bc1\u0b99\u0bcd \u0b95\u0bc1\u0bb1\u0bbf\u0ba4\u0bcd\u0ba4\u0bc1 \u0ba8\u0bbe\u0ba9\u0bcd \u0b87\u0baa\u0bcd\u0baa\u0b9f\u0bbf \u0ba8\u0bbf\u0ba9\u0bc8\u0b95\u0bcd\u0b95\u0bbf\u0bb1\u0ba4\u0bc1 \u0b8e\u0ba9\u0b95\u0bcd\u0b95\u0bc1\u0ba4\u0bcd \u0ba4\u0b95\u0bc1\u0ba4\u0bbf\u0baf\u0bbe\u0baf\u0bbf\u0bb0\u0bc1\u0b95\u0bcd\u0b95\u0bbf\u0bb1\u0ba4\u0bc1."},{"Verseid":"49000007","Verse":"\u0b87\u0baf\u0bc7\u0b9a\u0bc1\u0b95\u0bbf\u0bb1\u0bbf\u0bb8\u0bcd\u0ba4\u0bc1\u0bb5\u0bbf\u0ba9\u0bcd \u0b89\u0bb0\u0bc1\u0b95\u0bcd\u0b95\u0bae\u0bbe\u0ba9 \u0b85\u0ba9\u0bcd\u0baa\u0bbf\u0bb2\u0bc7 \u0b89\u0b99\u0bcd\u0b95\u0bb3\u0bc6\u0bb2\u0bcd\u0bb2\u0bbe\u0bb0\u0bcd\u0bae\u0bc7\u0bb2\u0bc1\u0bae\u0bcd \u0b8e\u0bb5\u0bcd\u0bb5\u0bb3\u0bb5\u0bcb \u0bb5\u0bbe\u0b9e\u0bcd\u0b9a\u0bc8\u0baf\u0bbe\u0baf\u0bbf\u0bb0\u0bc1\u0b95\u0bcd\u0b95\u0bbf\u0bb1\u0bc7\u0ba9\u0bcd \u0b8e\u0ba9\u0bcd\u0baa\u0ba4\u0bb1\u0bcd\u0b95\u0bc1 \u0ba4\u0bc7\u0bb5\u0ba9\u0bc7 \u0b8e\u0ba9\u0b95\u0bcd\u0b95\u0bc1\u0b9a\u0bcd \u0b9a\u0bbe\u0b9f\u0bcd\u0b9a\u0bbf."},{"Verseid":"49000008","Verse":"\u0bae\u0bc7\u0bb2\u0bc1\u0bae\u0bcd, \u0b89\u0ba4\u0bcd\u0ba4\u0bae\u0bae\u0bbe\u0ba9\u0bb5\u0bc8\u0b95\u0bb3\u0bc8 \u0ba8\u0bc0\u0b99\u0bcd\u0b95\u0bb3\u0bcd \u0b92\u0baa\u0bcd\u0baa\u0bc1\u0b95\u0bcd\u0b95\u0bca\u0bb3\u0bcd\u0bb3\u0ba4\u0bcd\u0ba4\u0b95\u0bcd\u0b95\u0ba4\u0bbe\u0b95 \u0b89\u0b99\u0bcd\u0b95\u0bb3\u0bcd \u0b85\u0ba9\u0bcd\u0baa\u0bbe\u0ba9\u0ba4\u0bc1 \u0b85\u0bb1\u0bbf\u0bb5\u0bbf\u0bb2\u0bc1\u0bae\u0bcd \u0b8e\u0bb2\u0bcd\u0bb2\u0bbe \u0b89\u0ba3\u0bb0\u0bcd\u0bb5\u0bbf\u0bb2\u0bc1\u0bae\u0bcd \u0b87\u0ba9\u0bcd\u0ba9\u0bc1\u0bae\u0bcd \u0b85\u0ba4\u0bbf\u0b95\u0bae\u0ba4\u0bbf\u0b95\u0bae\u0bbe\u0baf\u0bcd\u0baa\u0bcd \u0baa\u0bc6\u0bb0\u0bc1\u0b95\u0bb5\u0bc1\u0bae\u0bcd,"},{"Verseid":"49000009","Verse":"\u0ba4\u0bc7\u0bb5\u0ba9\u0bc1\u0b95\u0bcd\u0b95\u0bc1 \u0bae\u0b95\u0bbf\u0bae\u0bc8\u0baf\u0bc1\u0bae\u0bcd \u0ba4\u0bc1\u0ba4\u0bbf\u0baf\u0bc1\u0bae\u0bc1\u0ba3\u0bcd\u0b9f\u0bbe\u0b95\u0bc1\u0bae\u0bcd\u0baa\u0b9f\u0bbf \u0b87\u0baf\u0bc7\u0b9a\u0bc1\u0b95\u0bbf\u0bb1\u0bbf\u0bb8\u0bcd\u0ba4\u0bc1\u0bb5\u0bbf\u0ba9\u0bbe\u0bb2\u0bcd \u0bb5\u0bb0\u0bc1\u0b95\u0bbf\u0bb1 \u0ba8\u0bc0\u0ba4\u0bbf\u0baf\u0bbf\u0ba9\u0bcd \u0b95\u0ba9\u0bbf\u0b95\u0bb3\u0bbe\u0bb2\u0bcd \u0ba8\u0bbf\u0bb1\u0bc8\u0ba8\u0bcd\u0ba4\u0bb5\u0bb0\u0bcd\u0b95\u0bb3\u0bbe\u0b95\u0bbf,"},{"Verseid":"49000010","Verse":"\u0ba8\u0bc0\u0b99\u0bcd\u0b95\u0bb3\u0bcd \u0b95\u0bbf\u0bb1\u0bbf\u0bb8\u0bcd\u0ba4\u0bc1\u0bb5\u0bbf\u0ba9\u0bcd \u0ba8\u0bbe\u0bb3\u0bc1\u0b95\u0bcd\u0b95\u0bc6\u0ba9\u0bcd\u0bb1\u0bc1 \u0ba4\u0bc1\u0baa\u0bcd\u0baa\u0bc1\u0bb0\u0bb5\u0bbe\u0ba9\u0bb5\u0bb0\u0bcd\u0b95\u0bb3\u0bc1\u0bae\u0bcd \u0b87\u0b9f\u0bb1\u0bb2\u0bb1\u0bcd\u0bb1\u0bb5\u0bb0\u0bcd\u0b95\u0bb3\u0bc1\u0bae\u0bbe\u0baf\u0bbf\u0bb0\u0bc1\u0b95\u0bcd\u0b95\u0bb5\u0bc1\u0bae\u0bcd \u0bb5\u0bc7\u0ba3\u0bcd\u0b9f\u0bc1\u0ba4\u0bb2\u0bcd \u0b9a\u0bc6\u0baf\u0bcd\u0b95\u0bbf\u0bb1\u0bc7\u0ba9\u0bcd."},{"Verseid":"49000011","Verse":"\u0b9a\u0b95\u0bcb\u0ba4\u0bb0\u0bb0\u0bc7, \u0b8e\u0ba9\u0b95\u0bcd\u0b95\u0bc1\u0b9a\u0bcd \u0b9a\u0bae\u0bcd\u0baa\u0bb5\u0bbf\u0ba4\u0bcd\u0ba4\u0bb5\u0bc8\u0b95\u0bb3\u0bcd \u0b9a\u0bc1\u0bb5\u0bbf\u0b9a\u0bc7\u0bb7\u0bae\u0bcd \u0baa\u0bbf\u0bb0\u0baa\u0bb2\u0bae\u0bbe\u0b95\u0bc1\u0bae\u0bcd\u0baa\u0b9f\u0bbf\u0b95\u0bcd\u0b95\u0bc1 \u0b8f\u0ba4\u0bc1\u0bb5\u0bbe\u0baf\u0bbf\u0bb1\u0bcd\u0bb1\u0bc6\u0ba9\u0bcd\u0bb1\u0bc1 \u0ba8\u0bc0\u0b99\u0bcd\u0b95\u0bb3\u0bcd \u0b85\u0bb1\u0bbf\u0baf \u0bae\u0ba9\u0ba4\u0bbe\u0baf\u0bbf\u0bb0\u0bc1\u0b95\u0bcd\u0b95\u0bbf\u0bb1\u0bc7\u0ba9\u0bcd."},{"Verseid":"49000012","Verse":"\u0b85\u0bb0\u0bae\u0ba9\u0bc8 \u0baf\u0bc6\u0b99\u0bcd\u0b95\u0bc1\u0bae\u0bc1\u0bb3\u0bcd\u0bb3\u0bb5\u0bb0\u0bcd\u0b95\u0bb3\u0bc1\u0b95\u0bcd\u0b95\u0bc1\u0bae\u0bcd \u0bae\u0bb1\u0bcd\u0bb1 \u0baf\u0bbe\u0bb5\u0bb0\u0bc1\u0b95\u0bcd\u0b95\u0bc1\u0bae\u0bcd \u0b8e\u0ba9\u0bcd \u0b95\u0b9f\u0bcd\u0b9f\u0bc1\u0b95\u0bb3\u0bcd \u0b95\u0bbf\u0bb1\u0bbf\u0bb8\u0bcd\u0ba4\u0bc1\u0bb5\u0bc1\u0b95\u0bcd\u0b95\u0bc1\u0bb3\u0bcd\u0bb3\u0bbe\u0ba9 \u0b95\u0b9f\u0bcd\u0b9f\u0bc1\u0b95\u0bb3\u0bc6\u0ba9\u0bcd\u0bb1\u0bc1 \u0bb5\u0bc6\u0bb3\u0bbf\u0baf\u0bb0\u0b99\u0bcd\u0b95\u0bae\u0bbe\u0b95\u0bbf,"},{"Verseid":"49000013","Verse":"\u0b9a\u0b95\u0bcb\u0ba4\u0bb0\u0bb0\u0bbf\u0bb2\u0bcd \u0b85\u0ba8\u0bc7\u0b95\u0bb0\u0bcd \u0b8e\u0ba9\u0bcd \u0b95\u0b9f\u0bcd\u0b9f\u0bc1\u0b95\u0bb3\u0bbe\u0bb2\u0bc7 \u0b95\u0bb0\u0bcd\u0ba4\u0bcd\u0ba4\u0bb0\u0bc1\u0b95\u0bcd\u0b95\u0bc1\u0bb3\u0bcd \u0ba4\u0bbf\u0b9f\u0ba9\u0bcd\u0b95\u0bca\u0ba3\u0bcd\u0b9f\u0bc1 \u0baa\u0baf\u0bae\u0bbf\u0bb2\u0bcd\u0bb2\u0bbe\u0bae\u0bb2\u0bcd \u0ba4\u0bbf\u0bb0\u0bc1\u0bb5\u0b9a\u0ba9\u0ba4\u0bcd\u0ba4\u0bc8\u0b9a\u0bcd \u0b9a\u0bca\u0bb2\u0bcd\u0bb2\u0bc1\u0bae\u0bcd\u0baa\u0b9f\u0bbf \u0b85\u0ba4\u0bbf\u0b95\u0bae\u0bbe\u0baf\u0bcd\u0ba4\u0bcd \u0ba4\u0bc1\u0ba3\u0bbf\u0ba8\u0bcd\u0ba4\u0bbf\u0bb0\u0bc1\u0b95\u0bcd\u0b95\u0bbf\u0bb1\u0bbe\u0bb0\u0bcd\u0b95\u0bb3\u0bcd."},{"Verseid":"49000014","Verse":"\u0b9a\u0bbf\u0bb2\u0bb0\u0bcd \u0baa\u0bca\u0bb1\u0bbe\u0bae\u0bc8\u0baf\u0bbf\u0ba9\u0bbe\u0bb2\u0bc1\u0bae\u0bcd \u0bb5\u0bbf\u0bb0\u0bcb\u0ba4\u0ba4\u0bcd\u0ba4\u0bbf\u0ba9\u0bbe\u0bb2\u0bc1\u0bae\u0bcd, \u0b9a\u0bbf\u0bb2\u0bb0\u0bcd \u0ba8\u0bb2\u0bcd\u0bae\u0ba9\u0ba4\u0bbf\u0ba9\u0bbe\u0bb2\u0bc1\u0bae\u0bcd \u0b95\u0bbf\u0bb1\u0bbf\u0bb8\u0bcd\u0ba4\u0bc1\u0bb5\u0bc8\u0baa\u0bcd \u0baa\u0bbf\u0bb0\u0b9a\u0b99\u0bcd\u0b95\u0bbf\u0b95\u0bcd\u0b95\u0bbf\u0bb1\u0bbe\u0bb0\u0bcd\u0b95\u0bb3\u0bcd."},{"Verseid":"49000015","Verse":"\u0b9a\u0bbf\u0bb2\u0bb0\u0bcd \u0b8e\u0ba9\u0bcd \u0b95\u0b9f\u0bcd\u0b9f\u0bc1\u0b95\u0bb3\u0bcb\u0b9f\u0bc7 \u0b89\u0baa\u0ba4\u0bcd\u0ba4\u0bbf\u0bb0\u0bb5\u0ba4\u0bcd\u0ba4\u0bc8\u0baf\u0bc1\u0b99\u0bcd\u0b95\u0bc2\u0b9f\u0bcd\u0b9f \u0ba8\u0bbf\u0ba9\u0bc8\u0ba4\u0bcd\u0ba4\u0bc1, \u0b9a\u0bc1\u0ba4\u0bcd\u0ba4\u0bae\u0ba9\u0ba4\u0bcb\u0b9f\u0bc7 \u0b95\u0bbf\u0bb1\u0bbf\u0bb8\u0bcd\u0ba4\u0bc1\u0bb5\u0bc8 \u0b85\u0bb1\u0bbf\u0bb5\u0bbf\u0baf\u0bbe\u0bae\u0bb2\u0bcd, \u0bb5\u0bbf\u0bb0\u0bcb\u0ba4\u0ba4\u0bcd\u0ba4\u0bbf\u0ba9\u0bbe\u0bb2\u0bc7 \u0b85\u0bb1\u0bbf\u0bb5\u0bbf\u0b95\u0bcd\u0b95\u0bbf\u0bb1\u0bbe\u0bb0\u0bcd\u0b95\u0bb3\u0bcd."},{"Verseid":"49000016","Verse":"\u0b9a\u0bc1\u0bb5\u0bbf\u0b9a\u0bc7\u0bb7\u0ba4\u0bcd\u0ba4\u0bbf\u0bb1\u0bcd\u0b95\u0bbe\u0b95 \u0ba8\u0bbe\u0ba9\u0bcd \u0b89\u0ba4\u0bcd\u0ba4\u0bb0\u0bb5\u0bc1 \u0b9a\u0bca\u0bb2\u0bcd\u0bb2 \u0b8f\u0bb1\u0bcd\u0baa\u0b9f\u0bc1\u0ba4\u0bcd\u0ba4\u0baa\u0bcd\u0baa\u0b9f\u0bcd\u0b9f\u0bb5\u0ba9\u0bc6\u0ba9\u0bcd\u0bb1\u0bc1 \u0b85\u0bb1\u0bbf\u0ba8\u0bcd\u0ba4\u0bc1, \u0b9a\u0bbf\u0bb2\u0bb0\u0bcd \u0b85\u0ba9\u0bcd\u0baa\u0bbf\u0ba9\u0bbe\u0bb2\u0bc7 \u0b85\u0bb1\u0bbf\u0bb5\u0bbf\u0b95\u0bcd\u0b95\u0bbf\u0bb1\u0bbe\u0bb0\u0bcd\u0b95\u0bb3\u0bcd."},{"Verseid":"49000017","Verse":"\u0b87\u0ba4\u0ba9\u0bbe\u0bb2\u0bc6\u0ba9\u0bcd\u0ba9? \u0bb5\u0b9e\u0bcd\u0b9a\u0b95\u0ba4\u0bcd\u0ba4\u0bbf\u0ba9\u0bbe\u0bb2\u0bbe\u0bb5\u0ba4\u0bc1 \u0b89\u0ba3\u0bcd\u0bae\u0bc8\u0baf\u0bbf\u0ba9\u0bbe\u0bb2\u0bbe\u0bb5\u0ba4\u0bc1, \u0b8e\u0baa\u0bcd\u0baa\u0b9f\u0bbf\u0baf\u0bbe\u0bb5\u0ba4\u0bc1, \u0b95\u0bbf\u0bb1\u0bbf\u0bb8\u0bcd\u0ba4\u0bc1 \u0b85\u0bb1\u0bbf\u0bb5\u0bbf\u0b95\u0bcd\u0b95\u0baa\u0bcd\u0baa\u0b9f\u0bc1\u0b95\u0bbf\u0bb1\u0bbe\u0bb0\u0bcd; \u0b85\u0ba4\u0ba9\u0bbe\u0bb2\u0bcd \u0b9a\u0ba8\u0bcd\u0ba4\u0bcb\u0bb7\u0baa\u0bcd\u0baa\u0b9f\u0bc1\u0b95\u0bbf\u0bb1\u0bc7\u0ba9\u0bcd, \u0b87\u0ba9\u0bcd\u0ba9\u0bae\u0bc1\u0bae\u0bcd \u0b9a\u0ba8\u0bcd\u0ba4\u0bcb\u0bb7\u0baa\u0bcd\u0baa\u0b9f\u0bc1\u0bb5\u0bc7\u0ba9\u0bcd."},{"Verseid":"49000018","Verse":"\u0b85\u0ba4\u0bc1 \u0b89\u0b99\u0bcd\u0b95\u0bb3\u0bcd \u0bb5\u0bc7\u0ba3\u0bcd\u0b9f\u0bc1\u0ba4\u0bb2\u0bbf\u0ba9\u0bbe\u0bb2\u0bc1\u0bae\u0bcd \u0b87\u0baf\u0bc7\u0b9a\u0bc1\u0b95\u0bbf\u0bb1\u0bbf\u0bb8\u0bcd\u0ba4\u0bc1\u0bb5\u0bbf\u0ba9\u0bc1\u0b9f\u0bc8\u0baf \u0b86\u0bb5\u0bbf\u0baf\u0bbf\u0ba9\u0bcd \u0b89\u0ba4\u0bb5\u0bbf\u0baf\u0bbf\u0ba9\u0bbe\u0bb2\u0bc1\u0bae\u0bcd \u0b8e\u0ba9\u0b95\u0bcd\u0b95\u0bc1 \u0b87\u0bb0\u0b9f\u0bcd\u0b9a\u0bbf\u0baa\u0bcd\u0baa\u0bbe\u0b95 \u0bae\u0bc1\u0b9f\u0bbf\u0baf\u0bc1\u0bae\u0bc6\u0ba9\u0bcd\u0bb1\u0bc1 \u0b85\u0bb1\u0bbf\u0bb5\u0bc7\u0ba9\u0bcd."},{"Verseid":"49000019","Verse":"\u0ba8\u0bbe\u0ba9\u0bcd \u0b92\u0ba9\u0bcd\u0bb1\u0bbf\u0bb2\u0bc1\u0bae\u0bcd \u0bb5\u0bc6\u0b9f\u0bcd\u0b95\u0baa\u0bcd\u0baa\u0b9f\u0bcd\u0b9f\u0bc1\u0baa\u0bcd\u0baa\u0bcb\u0b95\u0bbe\u0bae\u0bb2\u0bcd, \u0b8e\u0baa\u0bcd\u0baa\u0bca\u0bb4\u0bc1\u0ba4\u0bc1\u0bae\u0bcd \u0baa\u0bcb\u0bb2 \u0b87\u0baa\u0bcd\u0baa\u0bca\u0bb4\u0bc1\u0ba4\u0bc1\u0bae\u0bcd, \u0bae\u0bbf\u0b95\u0bc1\u0ba8\u0bcd\u0ba4 \u0ba4\u0bc8\u0bb0\u0bbf\u0baf\u0ba4\u0bcd\u0ba4\u0bcb\u0b9f\u0bc7 \u0b9c\u0bc0\u0bb5\u0ba9\u0bbe\u0bb2\u0bbe\u0b95\u0bbf\u0bb2\u0bc1\u0bae\u0bcd, \u0b9a\u0bbe\u0bb5\u0bbf\u0ba9\u0bbe\u0bb2\u0bbe\u0b95\u0bbf\u0bb2\u0bc1\u0bae\u0bcd, \u0b95\u0bbf\u0bb1\u0bbf\u0bb8\u0bcd\u0ba4\u0bc1 \u0b8e\u0ba9\u0bcd \u0b9a\u0bb0\u0bc0\u0bb0\u0ba4\u0bcd\u0ba4\u0bbf\u0ba9\u0bbe\u0bb2\u0bc7 \u0bae\u0b95\u0bbf\u0bae\u0bc8\u0baa\u0bcd\u0baa\u0b9f\u0bc1\u0bb5\u0bbe\u0bb0\u0bc6\u0ba9\u0bcd\u0bb1\u0bc1 \u0b8e\u0ba9\u0b95\u0bcd\u0b95\u0bc1 \u0b89\u0ba3\u0bcd\u0b9f\u0bbe\u0baf\u0bbf\u0bb0\u0bc1\u0b95\u0bcd\u0b95\u0bbf\u0bb1 \u0bb5\u0bbe\u0b9e\u0bcd\u0b9a\u0bc8\u0b95\u0bcd\u0b95\u0bc1\u0bae\u0bcd \u0ba8\u0bae\u0bcd\u0baa\u0bbf\u0b95\u0bcd\u0b95\u0bc8\u0b95\u0bcd\u0b95\u0bc1\u0bae\u0bcd \u0ba4\u0b95\u0bcd\u0b95\u0ba4\u0bbe\u0baf\u0bcd, \u0b85\u0baa\u0bcd\u0baa\u0b9f\u0bbf \u0bae\u0bc1\u0b9f\u0bbf\u0baf\u0bc1\u0bae\u0bcd."},{"Verseid":"49000020","Verse":"\u0b95\u0bbf\u0bb1\u0bbf\u0bb8\u0bcd\u0ba4\u0bc1 \u0b8e\u0ba9\u0b95\u0bcd\u0b95\u0bc1 \u0b9c\u0bc0\u0bb5\u0ba9\u0bcd, \u0b9a\u0bbe\u0bb5\u0bc1 \u0b8e\u0ba9\u0b95\u0bcd\u0b95\u0bc1 \u0b86\u0ba4\u0bbe\u0baf\u0bae\u0bcd."},{"Verseid":"49000021","Verse":"\u0b86\u0b95\u0bbf\u0bb2\u0bc1\u0bae\u0bcd \u0b9a\u0bb0\u0bc0\u0bb0\u0ba4\u0bcd\u0ba4\u0bbf\u0bb2\u0bcd \u0baa\u0bbf\u0bb4\u0bc8\u0ba4\u0bcd\u0ba4\u0bbf\u0bb0\u0bc1\u0b95\u0bcd\u0b95\u0bbf\u0bb1\u0ba4\u0bbf\u0ba9\u0bbe\u0bb2\u0bc7 \u0b8e\u0ba9\u0bcd \u0b95\u0bbf\u0bb0\u0bbf\u0baf\u0bc8\u0b95\u0bcd\u0b95\u0bc1\u0baa\u0bcd \u0baa\u0bb2\u0ba9\u0bc1\u0ba3\u0bcd\u0b9f\u0bbe\u0baf\u0bbf\u0bb0\u0bc1\u0baa\u0bcd\u0baa\u0ba4\u0bbe\u0bb2\u0bcd, \u0ba8\u0bbe\u0ba9\u0bcd \u0ba4\u0bc6\u0bb0\u0bbf\u0ba8\u0bcd\u0ba4\u0bc1\u0b95\u0bca\u0bb3\u0bcd\u0bb3\u0bb5\u0bc7\u0ba3\u0bcd\u0b9f\u0bbf\u0baf\u0ba4\u0bc1 \u0b87\u0ba9\u0bcd\u0ba9\u0ba4\u0bc6\u0ba9\u0bcd\u0bb1\u0bc1 \u0b85\u0bb1\u0bbf\u0baf\u0bc7\u0ba9\u0bcd."},{"Verseid":"49000022","Verse":"\u0b8f\u0ba9\u0bc6\u0ba9\u0bbf\u0bb2\u0bcd \u0b87\u0bb5\u0bcd\u0bb5\u0bbf\u0bb0\u0ba3\u0bcd\u0b9f\u0bbf\u0ba9\u0bbe\u0bb2\u0bc1\u0bae\u0bcd \u0ba8\u0bbe\u0ba9\u0bcd \u0ba8\u0bc6\u0bb0\u0bc1\u0b95\u0bcd\u0b95\u0baa\u0bcd\u0baa\u0b9f\u0bc1\u0b95\u0bbf\u0bb1\u0bc7\u0ba9\u0bcd, \u0ba4\u0bc7\u0b95\u0ba4\u0bcd\u0ba4\u0bc8\u0bb5\u0bbf\u0b9f\u0bcd\u0b9f\u0bc1\u0baa\u0bcd\u0baa\u0bbf\u0bb0\u0bbf\u0ba8\u0bcd\u0ba4\u0bc1, \u0b95\u0bbf\u0bb1\u0bbf\u0bb8\u0bcd\u0ba4\u0bc1\u0bb5\u0bc1\u0b9f\u0ba9\u0bc7\u0b95\u0bc2\u0b9f \u0b87\u0bb0\u0bc1\u0b95\u0bcd\u0b95 \u0b8e\u0ba9\u0b95\u0bcd\u0b95\u0bc1 \u0b86\u0b9a\u0bc8\u0baf\u0bc1\u0ba3\u0bcd\u0b9f\u0bc1, \u0b85\u0ba4\u0bc1 \u0b85\u0ba4\u0bbf\u0b95 \u0ba8\u0ba9\u0bcd\u0bae\u0bc8\u0baf\u0bbe\u0baf\u0bbf\u0bb0\u0bc1\u0b95\u0bcd\u0b95\u0bc1\u0bae\u0bcd;"},{"Verseid":"49000023","Verse":"\u0b85\u0baa\u0bcd\u0baa\u0b9f\u0bbf\u0baf\u0bbf\u0bb0\u0bc1\u0ba8\u0bcd\u0ba4\u0bc1\u0bae\u0bcd, \u0ba8\u0bbe\u0ba9\u0bcd \u0b9a\u0bb0\u0bc0\u0bb0\u0ba4\u0bcd\u0ba4\u0bbf\u0bb2\u0bcd \u0ba4\u0bb0\u0bbf\u0ba4\u0bcd\u0ba4\u0bbf\u0bb0\u0bc1\u0baa\u0bcd\u0baa\u0ba4\u0bc1 \u0b89\u0b99\u0bcd\u0b95\u0bb3\u0bc1\u0b95\u0bcd\u0b95\u0bc1 \u0b85\u0ba4\u0bbf\u0b95 \u0b85\u0bb5\u0b9a\u0bbf\u0baf\u0bae\u0bcd."},{"Verseid":"49000024","Verse":"\u0b87\u0ba8\u0bcd\u0ba4 \u0ba8\u0bbf\u0b9a\u0bcd\u0b9a\u0baf\u0ba4\u0bcd\u0ba4\u0bc8\u0b95\u0bcd\u0b95\u0bca\u0ba3\u0bcd\u0b9f\u0bbf\u0bb0\u0bc1\u0ba8\u0bcd\u0ba4\u0bc1, \u0ba8\u0bbe\u0ba9\u0bcd \u0bae\u0bb1\u0bc1\u0baa\u0b9f\u0bbf\u0baf\u0bc1\u0bae\u0bcd \u0b89\u0b99\u0bcd\u0b95\u0bb3\u0bbf\u0b9f\u0ba4\u0bcd\u0ba4\u0bbf\u0bb2\u0bcd \u0bb5\u0bb0\u0bc1\u0b95\u0bbf\u0bb1\u0ba4\u0bbf\u0ba9\u0bbe\u0bb2\u0bcd \u0b8e\u0ba9\u0bcd\u0ba9\u0bc8\u0b95\u0bcd\u0b95\u0bc1\u0bb1\u0bbf\u0ba4\u0bcd\u0ba4\u0bc1 \u0b89\u0b99\u0bcd\u0b95\u0bb3\u0bc1\u0b9f\u0bc8\u0baf \u0bae\u0b95\u0bbf\u0bb4\u0bcd\u0b9a\u0bcd\u0b9a\u0bbf \u0b95\u0bbf\u0bb1\u0bbf\u0bb8\u0bcd\u0ba4\u0bc1 \u0b87\u0baf\u0bc7\u0b9a\u0bc1\u0bb5\u0bc1\u0b95\u0bcd\u0b95\u0bc1\u0bb3\u0bcd \u0baa\u0bc6\u0bb0\u0bc1\u0b95\u0bc1\u0bae\u0bcd\u0baa\u0b9f\u0bbf\u0b95\u0bcd\u0b95\u0bc1,"},{"Verseid":"49000025","Verse":"\u0b89\u0b99\u0bcd\u0b95\u0bb3\u0bcd \u0bb5\u0bbf\u0b9a\u0bc1\u0bb5\u0bbe\u0b9a\u0ba4\u0bcd\u0ba4\u0bbf\u0ba9\u0bcd \u0bb5\u0bb0\u0bcd\u0ba4\u0bcd\u0ba4\u0ba9\u0bc8\u0b95\u0bcd\u0b95\u0bbe\u0b95\u0bb5\u0bc1\u0bae\u0bcd \u0b9a\u0ba8\u0bcd\u0ba4\u0bcb\u0bb7\u0ba4\u0bcd\u0ba4\u0bc1\u0b95\u0bcd\u0b95\u0bbe\u0b95\u0bb5\u0bc1\u0bae\u0bcd \u0ba8\u0bbe\u0ba9\u0bcd \u0baa\u0bbf\u0bb4\u0bc8\u0ba4\u0bcd\u0ba4\u0bc1, \u0b89\u0b99\u0bcd\u0b95\u0bb3\u0bcd \u0b85\u0ba9\u0bc8\u0bb5\u0bb0\u0bcb\u0b9f\u0bc1\u0b99\u0bcd\u0b95\u0bc2\u0b9f \u0b87\u0bb0\u0bc1\u0baa\u0bcd\u0baa\u0bc7\u0ba9\u0bc6\u0ba9\u0bcd\u0bb1\u0bc1 \u0b85\u0bb1\u0bbf\u0ba8\u0bcd\u0ba4\u0bbf\u0bb0\u0bc1\u0b95\u0bcd\u0b95\u0bbf\u0bb1\u0bc7\u0ba9\u0bcd."},{"Verseid":"49000026","Verse":"\u0ba8\u0bbe\u0ba9\u0bcd \u0bb5\u0ba8\u0bcd\u0ba4\u0bc1 \u0b89\u0b99\u0bcd\u0b95\u0bb3\u0bc8\u0b95\u0bcd \u0b95\u0ba3\u0bcd\u0b9f\u0bbe\u0bb2\u0bc1\u0bae\u0bcd, \u0ba8\u0bbe\u0ba9\u0bcd \u0bb5\u0bb0\u0bbe\u0bae\u0bb2\u0bbf\u0bb0\u0bc1\u0ba8\u0bcd\u0ba4\u0bbe\u0bb2\u0bc1\u0bae\u0bcd, \u0ba8\u0bc0\u0b99\u0bcd\u0b95\u0bb3\u0bcd \u0b92\u0bb0\u0bc7 \u0b86\u0bb5\u0bbf\u0baf\u0bbf\u0bb2\u0bc7 \u0b89\u0bb1\u0bc1\u0ba4\u0bbf\u0baf\u0bbe\u0baf\u0bcd \u0ba8\u0bbf\u0ba9\u0bcd\u0bb1\u0bc1, \u0b92\u0bb0\u0bc7 \u0b86\u0ba4\u0bcd\u0ba4\u0bc1\u0bae\u0bbe\u0bb5\u0bbf\u0ba9\u0bbe\u0bb2\u0bc7 \u0b9a\u0bc1\u0bb5\u0bbf\u0b9a\u0bc7\u0bb7\u0ba4\u0bcd\u0ba4\u0bbf\u0ba9\u0bcd \u0bb5\u0bbf\u0b9a\u0bc1\u0bb5\u0bbe\u0b9a\u0ba4\u0bcd\u0ba4\u0bbf\u0bb1\u0bcd\u0b95\u0bbe\u0b95\u0b95\u0bcd \u0b95\u0bc2\u0b9f\u0baa\u0bcd\u0baa\u0bcb\u0bb0\u0bbe\u0b9f\u0bbf, \u0b8e\u0ba4\u0bbf\u0bb0\u0bcd\u0b95\u0bcd\u0b95\u0bbf\u0bb1\u0bb5\u0bb0\u0bcd\u0b95\u0bb3\u0bbe\u0bb2\u0bcd \u0b92\u0ba9\u0bcd\u0bb1\u0bbf\u0bb2\u0bc1\u0bae\u0bcd \u0bae\u0bb0\u0bc1\u0bb3\u0bbe\u0ba4\u0bbf\u0bb0\u0bc1\u0b95\u0bcd\u0b95\u0bbf\u0bb1\u0bc0\u0bb0\u0bcd\u0b95\u0bb3\u0bc6\u0ba9\u0bcd\u0bb1\u0bc1 \u0b89\u0b99\u0bcd\u0b95\u0bb3\u0bc8\u0b95\u0bcd\u0b95\u0bc1\u0bb1\u0bbf\u0ba4\u0bcd\u0ba4\u0bc1 \u0ba8\u0bbe\u0ba9\u0bcd \u0b95\u0bc7\u0bb3\u0bcd\u0bb5\u0bbf\u0baa\u0bcd\u0baa\u0b9f\u0bc1\u0bae\u0bcd\u0baa\u0b9f\u0bbf, \u0b8e\u0bb5\u0bcd\u0bb5\u0bbf\u0ba4\u0ba4\u0bcd\u0ba4\u0bbf\u0bb2\u0bc1\u0bae\u0bcd \u0ba8\u0bc0\u0b99\u0bcd\u0b95\u0bb3\u0bcd \u0b95\u0bbf\u0bb1\u0bbf\u0bb8\u0bcd\u0ba4\u0bc1\u0bb5\u0bbf\u0ba9\u0bcd \u0b9a\u0bc1\u0bb5\u0bbf\u0b9a\u0bc7\u0bb7\u0ba4\u0bcd\u0ba4\u0bbf\u0bb1\u0bcd\u0b95\u0bc1\u0baa\u0bcd \u0baa\u0bbe\u0ba4\u0bcd\u0ba4\u0bbf\u0bb0\u0bb0\u0bbe\u0b95 \u0bae\u0bbe\u0ba4\u0bcd\u0ba4\u0bbf\u0bb0\u0bae\u0bcd \u0ba8\u0b9f\u0ba8\u0bcd\u0ba4\u0bc1\u0b95\u0bca\u0bb3\u0bcd\u0bb3\u0bc1\u0b99\u0bcd\u0b95\u0bb3\u0bcd."},{"Verseid":"49000027","Verse":"\u0ba8\u0bc0\u0b99\u0bcd\u0b95\u0bb3\u0bcd \u0bae\u0bb0\u0bc1\u0bb3\u0bbe\u0ba4\u0bbf\u0bb0\u0bc1\u0b95\u0bcd\u0b95\u0bbf\u0bb1\u0ba4\u0bc1 \u0b85\u0bb5\u0bb0\u0bcd\u0b95\u0bb3\u0bcd \u0b95\u0bc6\u0b9f\u0bcd\u0b9f\u0bc1\u0baa\u0bcd\u0baa\u0bcb\u0b95\u0bbf\u0bb1\u0ba4\u0bb1\u0bcd\u0b95\u0bc1\u0bae\u0bcd, \u0ba8\u0bc0\u0b99\u0bcd\u0b95\u0bb3\u0bcd \u0b87\u0bb0\u0b9f\u0bcd\u0b9a\u0bbf\u0b95\u0bcd\u0b95\u0baa\u0bcd\u0baa\u0b9f\u0bc1\u0b95\u0bbf\u0bb1\u0ba4\u0bb1\u0bcd\u0b95\u0bc1\u0bae\u0bcd \u0b85\u0ba4\u0bcd\u0ba4\u0bbe\u0b9f\u0bcd\u0b9a\u0bbf\u0baf\u0bbe\u0baf\u0bbf\u0bb0\u0bc1\u0b95\u0bcd\u0b95\u0bbf\u0bb1\u0ba4\u0bc1; \u0b87\u0ba4\u0bc1\u0bb5\u0bc1\u0bae\u0bcd \u0ba4\u0bc7\u0bb5\u0ba9\u0bc1\u0b9f\u0bc8\u0baf \u0b9a\u0bc6\u0baf\u0bb2\u0bc7."},{"Verseid":"49000028","Verse":"\u0b8f\u0ba9\u0bc6\u0ba9\u0bbf\u0bb2\u0bcd \u0b95\u0bbf\u0bb1\u0bbf\u0bb8\u0bcd\u0ba4\u0bc1\u0bb5\u0bbf\u0ba9\u0bbf\u0b9f\u0ba4\u0bcd\u0ba4\u0bbf\u0bb2\u0bcd \u0bb5\u0bbf\u0b9a\u0bc1\u0bb5\u0bbe\u0b9a\u0bbf\u0b95\u0bcd\u0b95\u0bbf\u0bb1\u0ba4\u0bb1\u0bcd\u0b95\u0bc1\u0bae\u0bbe\u0ba4\u0bcd\u0ba4\u0bbf\u0bb0\u0bae\u0bb2\u0bcd\u0bb2, \u0b85\u0bb5\u0bb0\u0bcd\u0ba8\u0bbf\u0bae\u0bbf\u0ba4\u0bcd\u0ba4\u0bae\u0bbe\u0b95\u0baa\u0bcd \u0baa\u0bbe\u0b9f\u0bc1\u0baa\u0b9f\u0bc1\u0b95\u0bbf\u0bb1\u0ba4\u0bb1\u0bcd\u0b95\u0bc1\u0bae\u0bcd \u0b89\u0b99\u0bcd\u0b95\u0bb3\u0bc1\u0b95\u0bcd\u0b95\u0bc1 \u0b85\u0bb0\u0bc1\u0bb3\u0baa\u0bcd\u0baa\u0b9f\u0bcd\u0b9f\u0bbf\u0bb0\u0bc1\u0b95\u0bcd\u0b95\u0bbf\u0bb1\u0ba4\u0bc1."},{"Verseid":"49000029","Verse":"\u0ba8\u0bc0\u0b99\u0bcd\u0b95\u0bb3\u0bcd \u0b8e\u0ba9\u0bcd\u0ba9\u0bbf\u0b9f\u0ba4\u0bcd\u0ba4\u0bbf\u0bb2\u0bc7 \u0b95\u0ba3\u0bcd\u0b9f\u0ba4\u0bc1\u0bae\u0bcd \u0b8e\u0ba9\u0b95\u0bcd\u0b95\u0bc1 \u0b89\u0ba3\u0bcd\u0b9f\u0bc6\u0ba9\u0bcd\u0bb1\u0bc1 \u0b87\u0baa\u0bcd\u0baa\u0bca\u0bb4\u0bc1\u0ba4\u0bc1 \u0b95\u0bc7\u0bb3\u0bcd\u0bb5\u0bbf\u0baa\u0bcd\u0baa\u0b9f\u0bc1\u0b95\u0bbf\u0bb1\u0ba4\u0bc1\u0bae\u0bbe\u0ba9 \u0baa\u0bcb\u0bb0\u0bbe\u0b9f\u0bcd\u0b9f\u0bae\u0bc7 \u0b89\u0b99\u0bcd\u0b95\u0bb3\u0bc1\u0b95\u0bcd\u0b95\u0bc1\u0bae\u0bcd \u0b89\u0ba3\u0bcd\u0b9f\u0bc1."}]},{"Verse":[{"Verseid":"49001000","Verse":"\u0b86\u0ba4\u0bb2\u0bbe\u0bb2\u0bcd \u0b95\u0bbf\u0bb1\u0bbf\u0bb8\u0bcd\u0ba4\u0bc1\u0bb5\u0bc1\u0b95\u0bcd\u0b95\u0bc1\u0bb3\u0bcd \u0baf\u0bbe\u0ba4\u0bca\u0bb0\u0bc1 \u0b86\u0bb1\u0bc1\u0ba4\u0bb2\u0bc1\u0bae\u0bcd, \u0b85\u0ba9\u0bcd\u0baa\u0bbf\u0ba9\u0bbe\u0bb2\u0bc7 \u0baf\u0bbe\u0ba4\u0bca\u0bb0\u0bc1 \u0ba4\u0bc7\u0bb1\u0bc1\u0ba4\u0bb2\u0bc1\u0bae\u0bcd, \u0b86\u0bb5\u0bbf\u0baf\u0bbf\u0ba9\u0bcd \u0baf\u0bbe\u0ba4\u0bca\u0bb0\u0bc1 \u0b90\u0b95\u0bcd\u0b95\u0bbf\u0baf\u0bae\u0bc1\u0bae\u0bcd, \u0baf\u0bbe\u0ba4\u0bca\u0bb0\u0bc1 \u0b89\u0bb0\u0bc1\u0b95\u0bcd\u0b95\u0bae\u0bbe\u0ba9 \u0baa\u0b9f\u0bcd\u0b9a\u0bae\u0bc1\u0bae\u0bcd \u0b87\u0bb0\u0b95\u0bcd\u0b95\u0b99\u0bcd\u0b95\u0bb3\u0bc1\u0bae\u0bcd \u0b89\u0ba3\u0bcd\u0b9f\u0bbe\u0ba9\u0bbe\u0bb2\u0bcd,"},{"Verseid":"49001001","Verse":"\u0ba8\u0bc0\u0b99\u0bcd\u0b95\u0bb3\u0bcd \u0b8f\u0b95 \u0b9a\u0bbf\u0ba8\u0bcd\u0ba4\u0bc8\u0baf\u0bc1\u0bae\u0bcd \u0b8f\u0b95 \u0b85\u0ba9\u0bcd\u0baa\u0bc1\u0bae\u0bc1\u0bb3\u0bcd\u0bb3\u0bb5\u0bb0\u0bcd\u0b95\u0bb3\u0bbe\u0baf\u0bbf\u0bb0\u0bc1\u0ba8\u0bcd\u0ba4\u0bc1, \u0b87\u0b9a\u0bc8\u0ba8\u0bcd\u0ba4 \u0b86\u0ba4\u0bcd\u0ba4\u0bc1\u0bae\u0bbe\u0b95\u0bcd\u0b95\u0bb3\u0bbe\u0baf\u0bcd \u0b92\u0ba9\u0bcd\u0bb1\u0bc8\u0baf\u0bc7 \u0b9a\u0bbf\u0ba8\u0bcd\u0ba4\u0bbf\u0ba4\u0bcd\u0ba4\u0bc1, \u0b8e\u0ba9\u0bcd \u0b9a\u0ba8\u0bcd\u0ba4\u0bcb\u0bb7\u0ba4\u0bcd\u0ba4\u0bc8 \u0ba8\u0bbf\u0bb1\u0bc8\u0bb5\u0bbe\u0b95\u0bcd\u0b95\u0bc1\u0b99\u0bcd\u0b95\u0bb3\u0bcd."},{"Verseid":"49001002","Verse":"\u0b92\u0ba9\u0bcd\u0bb1\u0bc8\u0baf\u0bc1\u0bae\u0bcd \u0bb5\u0bbe\u0ba4\u0bbf\u0ba9\u0bbe\u0bb2\u0bbe\u0bb5\u0ba4\u0bc1 \u0bb5\u0bc0\u0ba3\u0bcd\u0baa\u0bc6\u0bb0\u0bc1\u0bae\u0bc8\u0baf\u0bbf\u0ba9\u0bbe\u0bb2\u0bbe\u0bb5\u0ba4\u0bc1 \u0b9a\u0bc6\u0baf\u0bcd\u0baf\u0bbe\u0bae\u0bb2\u0bcd, \u0bae\u0ba9\u0ba4\u0bcd\u0ba4\u0bbe\u0bb4\u0bcd\u0bae\u0bc8\u0baf\u0bbf\u0ba9\u0bbe\u0bb2\u0bc7 \u0b92\u0bb0\u0bc1\u0bb5\u0bb0\u0bc8\u0baf\u0bca\u0bb0\u0bc1\u0bb5\u0bb0\u0bcd \u0ba4\u0b99\u0bcd\u0b95\u0bb3\u0bbf\u0bb2\u0bc1\u0bae\u0bcd \u0bae\u0bc7\u0ba9\u0bcd\u0bae\u0bc8\u0baf\u0bbe\u0ba9\u0bb5\u0bb0\u0bcd\u0b95\u0bb3\u0bbe\u0b95 \u0b8e\u0ba3\u0bcd\u0ba3\u0b95\u0bcd\u0b95\u0b9f\u0bb5\u0bc0\u0bb0\u0bcd\u0b95\u0bb3\u0bcd."},{"Verseid":"49001003","Verse":"\u0b85\u0bb5\u0ba9\u0bb5\u0ba9\u0bcd \u0ba4\u0ba9\u0b95\u0bcd\u0b95\u0bbe\u0ba9\u0bb5\u0bc8\u0b95\u0bb3\u0bc8\u0baf\u0bb2\u0bcd\u0bb2, \u0baa\u0bbf\u0bb1\u0bb0\u0bc1\u0b95\u0bcd\u0b95\u0bbe\u0ba9\u0bb5\u0b95\u0bb3\u0bc8\u0baf\u0bc1\u0bae\u0bcd \u0ba8\u0bcb\u0b95\u0bcd\u0b95\u0bc1\u0bb5\u0bbe\u0ba9\u0bbe\u0b95."},{"Verseid":"49001004","Verse":"\u0b95\u0bbf\u0bb1\u0bbf\u0bb8\u0bcd\u0ba4\u0bc1 \u0b87\u0baf\u0bc7\u0b9a\u0bc1\u0bb5\u0bbf\u0bb2\u0bbf\u0bb0\u0bc1\u0ba8\u0bcd\u0ba4 \u0b9a\u0bbf\u0ba8\u0bcd\u0ba4\u0bc8\u0baf\u0bc7 \u0b89\u0b99\u0bcd\u0b95\u0bb3\u0bbf\u0bb2\u0bc1\u0bae\u0bcd \u0b87\u0bb0\u0bc1\u0b95\u0bcd\u0b95\u0b95\u0bcd\u0b95\u0b9f\u0bb5\u0ba4\u0bc1;"},{"Verseid":"49001005","Verse":"\u0b85\u0bb5\u0bb0\u0bcd \u0ba4\u0bc7\u0bb5\u0ba9\u0bc1\u0b9f\u0bc8\u0baf \u0bb0\u0bc2\u0baa\u0bae\u0bbe\u0baf\u0bbf\u0bb0\u0bc1\u0ba8\u0bcd\u0ba4\u0bc1\u0bae\u0bcd, \u0ba4\u0bc7\u0bb5\u0ba9\u0bc1\u0b95\u0bcd\u0b95\u0bc1\u0b9a\u0bcd \u0b9a\u0bae\u0bae\u0bbe\u0baf\u0bbf\u0bb0\u0bc1\u0baa\u0bcd\u0baa\u0ba4\u0bc8\u0b95\u0bcd \u0b95\u0bca\u0bb3\u0bcd\u0bb3\u0bc8\u0baf\u0bbe\u0b9f\u0bbf\u0ba9 \u0baa\u0bca\u0bb0\u0bc1\u0bb3\u0bbe\u0b95 \u0b8e\u0ba3\u0bcd\u0ba3\u0bbe\u0bae\u0bb2\u0bcd,"},{"Verseid":"49001006","Verse":"\u0ba4\u0bae\u0bcd\u0bae\u0bc8\u0ba4\u0bcd\u0ba4\u0bbe\u0bae\u0bc7 \u0bb5\u0bc6\u0bb1\u0bc1\u0bae\u0bc8\u0baf\u0bbe\u0b95\u0bcd\u0b95\u0bbf, \u0b85\u0b9f\u0bbf\u0bae\u0bc8\u0baf\u0bbf\u0ba9\u0bcd \u0bb0\u0bc2\u0baa\u0bae\u0bc6\u0b9f\u0bc1\u0ba4\u0bcd\u0ba4\u0bc1, \u0bae\u0ba9\u0bc1\u0bb7\u0bb0\u0bcd \u0b9a\u0bbe\u0baf\u0bb2\u0bbe\u0ba9\u0bbe\u0bb0\u0bcd."},{"Verseid":"49001007","Verse":"\u0b85\u0bb5\u0bb0\u0bcd \u0bae\u0ba9\u0bc1\u0bb7\u0bb0\u0bc2\u0baa\u0bae\u0bbe\u0baf\u0bcd\u0b95\u0bcd \u0b95\u0bbe\u0ba3\u0baa\u0bcd\u0baa\u0b9f\u0bcd\u0b9f\u0bc1, \u0bae\u0bb0\u0ba3\u0baa\u0bb0\u0bbf\u0baf\u0ba8\u0bcd\u0ba4\u0bae\u0bcd, \u0b85\u0ba4\u0bbe\u0bb5\u0ba4\u0bc1 \u0b9a\u0bbf\u0bb2\u0bc1\u0bb5\u0bc8\u0baf\u0bbf\u0ba9\u0bcd \u0bae\u0bb0\u0ba3\u0baa\u0bb0\u0bbf\u0baf\u0ba8\u0bcd\u0ba4\u0bae\u0bc1\u0bae\u0bcd \u0b95\u0bc0\u0bb4\u0bcd\u0baa\u0bcd\u0baa\u0b9f\u0bbf\u0ba8\u0bcd\u0ba4\u0bb5\u0bb0\u0bbe\u0b95\u0bbf, \u0ba4\u0bae\u0bcd\u0bae\u0bc8\u0ba4\u0bcd\u0ba4\u0bbe\u0bae\u0bc7 \u0ba4\u0bbe\u0bb4\u0bcd\u0ba4\u0bcd\u0ba4\u0bbf\u0ba9\u0bbe\u0bb0\u0bcd."},{"Verseid":"49001008","Verse":"\u0b86\u0ba4\u0bb2\u0bbe\u0bb2\u0bcd \u0ba4\u0bc7\u0bb5\u0ba9\u0bcd \u0b8e\u0bb2\u0bcd\u0bb2\u0bbe\u0bb5\u0bb1\u0bcd\u0bb1\u0bbf\u0bb1\u0bcd\u0b95\u0bc1\u0bae\u0bcd \u0bae\u0bc7\u0bb2\u0bbe\u0b95 \u0b85\u0bb5\u0bb0\u0bc8 \u0b89\u0baf\u0bb0\u0bcd\u0ba4\u0bcd\u0ba4\u0bbf,"},{"Verseid":"49001009","Verse":"\u0b87\u0baf\u0bc7\u0b9a\u0bc1\u0bb5\u0bbf\u0ba9\u0bcd \u0ba8\u0bbe\u0bae\u0ba4\u0bcd\u0ba4\u0bbf\u0bb2\u0bcd \u0bb5\u0bbe\u0ba9\u0bcb\u0bb0\u0bcd \u0baa\u0bc2\u0ba4\u0bb2\u0ba4\u0bcd\u0ba4\u0bcb\u0bb0\u0bcd \u0baa\u0bc2\u0bae\u0bbf\u0baf\u0bbf\u0ba9\u0bcd \u0b95\u0bc0\u0bb4\u0bbe\u0ba9\u0bcb\u0bb0\u0bc1\u0b9f\u0bc8\u0baf \u0bae\u0bc1\u0bb4\u0b99\u0bcd\u0b95\u0bbe\u0bb2\u0bcd \u0baf\u0bbe\u0bb5\u0bc1\u0bae\u0bcd \u0bae\u0bc1\u0b9f\u0b99\u0bcd\u0b95\u0bc1\u0bae\u0bcd\u0baa\u0b9f\u0bbf\u0b95\u0bcd\u0b95\u0bc1\u0bae\u0bcd,"},{"Verseid":"49001010","Verse":"\u0baa\u0bbf\u0ba4\u0bbe\u0bb5\u0bbe\u0b95\u0bbf\u0baf \u0b85\u0bb5\u0bb0\u0bc1\u0b95\u0bcd\u0b95\u0bc1 \u0bae\u0b95\u0bbf\u0bae\u0bc8\u0baf\u0bbe\u0b95 \u0b87\u0baf\u0bc7\u0b9a\u0bc1\u0b95\u0bbf\u0bb1\u0bbf\u0bb8\u0bcd\u0ba4\u0bc1 \u0b95\u0bb0\u0bcd\u0ba4\u0bcd\u0ba4\u0bb0\u0bc6\u0ba9\u0bcd\u0bb1\u0bc1 \u0ba8\u0bbe\u0bb5\u0bc1\u0b95\u0bb3\u0bcd \u0baf\u0bbe\u0bb5\u0bc1\u0bae\u0bcd \u0b85\u0bb1\u0bbf\u0b95\u0bcd\u0b95\u0bc8\u0baa\u0ba3\u0bcd\u0ba3\u0bc1\u0bae\u0bcd\u0baa\u0b9f\u0bbf\u0b95\u0bcd\u0b95\u0bc1\u0bae\u0bcd, \u0b8e\u0bb2\u0bcd\u0bb2\u0bbe \u0ba8\u0bbe\u0bae\u0ba4\u0bcd\u0ba4\u0bbf\u0bb1\u0bcd\u0b95\u0bc1\u0bae\u0bcd \u0bae\u0bc7\u0bb2\u0bbe\u0ba9 \u0ba8\u0bbe\u0bae\u0ba4\u0bcd\u0ba4\u0bc8 \u0b85\u0bb5\u0bb0\u0bc1\u0b95\u0bcd\u0b95\u0bc1\u0ba4\u0bcd \u0ba4\u0ba8\u0bcd\u0ba4\u0bb0\u0bc1\u0bb3\u0bbf\u0ba9\u0bbe\u0bb0\u0bcd."},{"Verseid":"49001011","Verse":"\u0b86\u0ba4\u0bb2\u0bbe\u0bb2\u0bcd, \u0b8e\u0ba9\u0b95\u0bcd\u0b95\u0bc1\u0baa\u0bcd \u0baa\u0bbf\u0baf\u0bae\u0bbe\u0ba9\u0bb5\u0bb0\u0bcd\u0b95\u0bb3\u0bc7, \u0ba8\u0bc0\u0b99\u0bcd\u0b95\u0bb3\u0bcd \u0b8e\u0baa\u0bcd\u0baa\u0bca\u0bb4\u0bc1\u0ba4\u0bc1\u0bae\u0bcd \u0b95\u0bc0\u0bb4\u0bcd\u0baa\u0bcd\u0baa\u0b9f\u0bbf\u0b95\u0bbf\u0bb1\u0baa\u0b9f\u0bbf\u0baf\u0bc7, \u0ba8\u0bbe\u0ba9\u0bcd \u0b89\u0b99\u0bcd\u0b95\u0bb3\u0bc1\u0b95\u0bcd\u0b95\u0bc1\u0b9a\u0bcd \u0b9a\u0bae\u0bc0\u0baa\u0bae\u0bbe\u0baf\u0bbf\u0bb0\u0bc1\u0b95\u0bcd\u0b95\u0bc1\u0bae\u0bcd\u0baa\u0bca\u0bb4\u0bc1\u0ba4\u0bc1 \u0bae\u0bbe\u0ba4\u0bcd\u0ba4\u0bbf\u0bb0\u0bae\u0bb2\u0bcd\u0bb2, \u0ba8\u0bbe\u0ba9\u0bcd \u0ba4\u0bc2\u0bb0\u0bae\u0bbe\u0baf\u0bbf\u0bb0\u0bc1\u0b95\u0bcd\u0b95\u0bbf\u0bb1 \u0b87\u0baa\u0bcd\u0baa\u0bca\u0bb4\u0bc1\u0ba4\u0bc1\u0bae\u0bcd, \u0b85\u0ba4\u0bbf\u0b95 \u0baa\u0baf\u0ba4\u0bcd\u0ba4\u0bcb\u0b9f\u0bc1\u0bae\u0bcd \u0ba8\u0b9f\u0bc1\u0b95\u0bcd\u0b95\u0ba4\u0bcd\u0ba4\u0bcb\u0b9f\u0bc1\u0bae\u0bcd \u0b89\u0b99\u0bcd\u0b95\u0bb3\u0bcd \u0b87\u0bb0\u0b9f\u0bcd\u0b9a\u0bbf\u0baa\u0bcd\u0baa\u0bc1 \u0ba8\u0bbf\u0bb1\u0bc8\u0bb5\u0bc7\u0bb1\u0baa\u0bcd \u0baa\u0bbf\u0bb0\u0baf\u0bbe\u0b9a\u0baa\u0bcd\u0baa\u0b9f\u0bc1\u0b99\u0bcd\u0b95\u0bb3\u0bcd."},{"Verseid":"49001012","Verse":"\u0ba4\u0bc7\u0bb5\u0ba9\u0bc7 \u0ba4\u0bae\u0bcd\u0bae\u0bc1\u0b9f\u0bc8\u0baf \u0ba4\u0baf\u0bb5\u0bc1\u0bb3\u0bcd\u0bb3 \u0b9a\u0bbf\u0ba4\u0bcd\u0ba4\u0ba4\u0bcd\u0ba4\u0bbf\u0ba9\u0bcd\u0baa\u0b9f\u0bbf \u0bb5\u0bbf\u0bb0\u0bc1\u0baa\u0bcd\u0baa\u0ba4\u0bcd\u0ba4\u0bc8\u0baf\u0bc1\u0bae\u0bcd \u0b9a\u0bc6\u0baf\u0bcd\u0b95\u0bc8\u0baf\u0bc8\u0baf\u0bc1\u0bae\u0bcd \u0b89\u0b99\u0bcd\u0b95\u0bb3\u0bbf\u0bb2\u0bcd \u0b89\u0ba3\u0bcd\u0b9f\u0bbe\u0b95\u0bcd\u0b95\u0bc1\u0b95\u0bbf\u0bb1\u0bb5\u0bb0\u0bbe\u0baf\u0bbf\u0bb0\u0bc1\u0b95\u0bcd\u0b95\u0bbf\u0bb1\u0bbe\u0bb0\u0bcd."},{"Verseid":"49001013","Verse":"\u0ba8\u0bbe\u0ba9\u0bcd \u0bb5\u0bc0\u0ba3\u0bbe\u0b95 \u0b93\u0b9f\u0bbf\u0ba9\u0ba4\u0bc1\u0bae\u0bcd \u0bb5\u0bc0\u0ba3\u0bbe\u0b95\u0baa\u0bcd \u0baa\u0bbf\u0bb0\u0baf\u0bbe\u0b9a\u0baa\u0bcd\u0baa\u0b9f\u0bcd\u0b9f\u0ba4\u0bc1\u0bae\u0bbf\u0bb2\u0bcd\u0bb2\u0bc8\u0baf\u0bc6\u0ba9\u0bcd\u0b95\u0bbf\u0bb1 \u0bae\u0b95\u0bbf\u0bb4\u0bcd\u0b9a\u0bcd\u0b9a\u0bbf \u0b95\u0bbf\u0bb1\u0bbf\u0bb8\u0bcd\u0ba4\u0bc1\u0bb5\u0bbf\u0ba9\u0bcd \u0ba8\u0bbe\u0bb3\u0bbf\u0bb2\u0bcd \u0b8e\u0ba9\u0b95\u0bcd\u0b95\u0bc1 \u0b89\u0ba3\u0bcd\u0b9f\u0bbe\u0baf\u0bbf\u0bb0\u0bc1\u0baa\u0bcd\u0baa\u0ba4\u0bb1\u0bcd\u0b95\u0bc1, \u0b9c\u0bc0\u0bb5\u0bb5\u0b9a\u0ba9\u0ba4\u0bcd\u0ba4\u0bc8\u0baa\u0bcd \u0baa\u0bbf\u0b9f\u0bbf\u0ba4\u0bcd\u0ba4\u0bc1\u0b95\u0bcd\u0b95\u0bca\u0ba3\u0bcd\u0b9f\u0bc1, \u0b89\u0bb2\u0b95\u0ba4\u0bcd\u0ba4\u0bbf\u0bb2\u0bc7 \u0b9a\u0bc1\u0b9f\u0bb0\u0bcd\u0b95\u0bb3\u0bc8\u0baa\u0bcd\u0baa\u0bcb\u0bb2\u0baa\u0bcd \u0baa\u0bbf\u0bb0\u0b95\u0bbe\u0b9a\u0bbf\u0b95\u0bcd\u0b95\u0bbf\u0bb1 \u0ba8\u0bc0\u0b99\u0bcd\u0b95\u0bb3\u0bcd,"},{"Verseid":"49001014","Verse":"\u0b95\u0bcb\u0ba3\u0bb2\u0bc1\u0bae\u0bcd \u0bae\u0bbe\u0bb1\u0bc1\u0baa\u0bbe\u0b9f\u0bc1\u0bae\u0bbe\u0ba9 \u0b9a\u0ba8\u0bcd\u0ba4\u0ba4\u0bbf\u0baf\u0bbf\u0ba9\u0bcd \u0ba8\u0b9f\u0bc1\u0bb5\u0bbf\u0bb2\u0bc7 \u0b95\u0bc1\u0bb1\u0bcd\u0bb1\u0bae\u0bb1\u0bcd\u0bb1\u0bb5\u0bb0\u0bcd\u0b95\u0bb3\u0bc1\u0bae\u0bcd \u0b95\u0baa\u0b9f\u0bb1\u0bcd\u0bb1\u0bb5\u0bb0\u0bcd\u0b95\u0bb3\u0bc1\u0bae\u0bcd, \u0ba4\u0bc7\u0bb5\u0ba9\u0bc1\u0b9f\u0bc8\u0baf \u0bae\u0bbe\u0b9a\u0bb1\u0bcd\u0bb1\u0baa\u0bbf\u0bb3\u0bcd\u0bb3\u0bc8\u0b95\u0bb3\u0bc1\u0bae\u0bbe\u0baf\u0bbf\u0bb0\u0bc1\u0b95\u0bcd\u0b95\u0bc1\u0bae\u0bcd\u0baa\u0b9f\u0bbf\u0b95\u0bcd\u0b95\u0bc1,"},{"Verseid":"49001015","Verse":"\u0b8e\u0bb2\u0bcd\u0bb2\u0bbe\u0bb5\u0bb1\u0bcd\u0bb1\u0bc8\u0baf\u0bc1\u0bae\u0bcd \u0bae\u0bc1\u0bb1\u0bc1\u0bae\u0bc1\u0bb1\u0bc1\u0baa\u0bcd\u0baa\u0bbf\u0bb2\u0bcd\u0bb2\u0bbe\u0bae\u0bb2\u0bc1\u0bae\u0bcd \u0ba4\u0bb0\u0bcd\u0b95\u0bcd\u0b95\u0bbf\u0baa\u0bcd\u0baa\u0bbf\u0bb2\u0bcd\u0bb2\u0bbe\u0bae\u0bb2\u0bc1\u0bae\u0bcd \u0b9a\u0bc6\u0baf\u0bcd\u0baf\u0bc1\u0b99\u0bcd\u0b95\u0bb3\u0bcd."},{"Verseid":"49001016","Verse":"\u0bc7\u0bb2\u0bc1\u0bae\u0bcd, \u0b89\u0b99\u0bcd\u0b95\u0bb3\u0bcd \u0bb5\u0bbf\u0b9a\u0bc1\u0bb5\u0bbe\u0b9a\u0bae\u0bbe\u0b95\u0bbf\u0baf \u0baa\u0bb2\u0bbf\u0baf\u0bbf\u0ba9\u0bcd\u0bae\u0bc7\u0bb2\u0bc1\u0bae\u0bcd \u0b8a\u0bb4\u0bbf\u0baf\u0ba4\u0bcd\u0ba4\u0bbf\u0ba9\u0bcd\u0bae\u0bc7\u0bb2\u0bc1\u0bae\u0bcd \u0ba8\u0bbe\u0ba9\u0bcd \u0bb5\u0bbe\u0bb0\u0bcd\u0b95\u0bcd\u0b95\u0baa\u0bcd\u0baa\u0b9f\u0bcd\u0b9f\u0bc1\u0baa\u0bcd\u0baa\u0bcb\u0ba9\u0bbe\u0bb2\u0bc1\u0bae\u0bcd, \u0ba8\u0bbe\u0ba9\u0bcd \u0bae\u0b95\u0bbf\u0bb4\u0bcd\u0ba8\u0bcd\u0ba4\u0bc1, \u0b89\u0b99\u0bcd\u0b95\u0bb3\u0ba9\u0bc8\u0bb5\u0bb0\u0bcb\u0b9f\u0bc1\u0b99\u0bcd\u0b95\u0bc2\u0b9f\u0b9a\u0bcd \u0b9a\u0ba8\u0bcd\u0ba4\u0bcb\u0bb7\u0baa\u0bcd\u0baa\u0b9f\u0bc1\u0bb5\u0bc7\u0ba9\u0bcd."},{"Verseid":"49001017","Verse":"\u0b87\u0ba4\u0bbf\u0ba9\u0bbf\u0bae\u0bbf\u0ba4\u0bcd\u0ba4\u0bae\u0bcd \u0ba8\u0bc0\u0b99\u0bcd\u0b95\u0bb3\u0bc1\u0bae\u0bcd \u0bae\u0b95\u0bbf\u0bb4\u0bcd\u0ba8\u0bcd\u0ba4\u0bc1, \u0b8e\u0ba9\u0bcd\u0ba9\u0bcb\u0b9f\u0bc7\u0b95\u0bc2\u0b9f\u0b9a\u0bcd \u0b9a\u0ba8\u0bcd\u0ba4\u0bcb\u0bb7\u0baa\u0bcd\u0baa\u0b9f\u0bc1\u0b99\u0bcd\u0b95\u0bb3\u0bcd."},{"Verseid":"49001018","Verse":"\u0b85\u0ba9\u0bcd\u0bb1\u0bbf\u0baf\u0bc1\u0bae\u0bcd, \u0ba8\u0bbe\u0ba9\u0bc1\u0bae\u0bcd \u0b89\u0b99\u0bcd\u0b95\u0bb3\u0bcd \u0b9a\u0bc6\u0baf\u0bcd\u0ba4\u0bbf\u0b95\u0bb3\u0bc8 \u0b85\u0bb1\u0bbf\u0ba8\u0bcd\u0ba4\u0bc1 \u0bae\u0ba9\u0ba4\u0bcd\u0ba4\u0bc7\u0bb1\u0bc1\u0ba4\u0bb2\u0bcd \u0b85\u0b9f\u0bc8\u0baf\u0bc1\u0bae\u0bcd\u0baa\u0b9f\u0bbf\u0b9a\u0bcd \u0b9a\u0bc0\u0b95\u0bcd\u0b95\u0bbf\u0bb0\u0bae\u0bbe\u0baf\u0bcd\u0ba4\u0bcd \u0ba4\u0bc0\u0bae\u0bcb\u0ba4\u0bcd\u0ba4\u0bc7\u0baf\u0bc1\u0bb5\u0bc8 \u0b89\u0b99\u0bcd\u0b95\u0bb3\u0bbf\u0b9f\u0ba4\u0bcd\u0ba4\u0bbf\u0bb2\u0bcd \u0b85\u0ba9\u0bc1\u0baa\u0bcd\u0baa\u0bb2\u0bbe\u0bae\u0bc6\u0ba9\u0bcd\u0bb1\u0bc1 \u0b95\u0bb0\u0bcd\u0ba4\u0bcd\u0ba4\u0bb0\u0bbe\u0b95\u0bbf\u0baf \u0b87\u0baf\u0bc7\u0b9a\u0bc1\u0bb5\u0bc1\u0b95\u0bcd\u0b95\u0bc1\u0bb3\u0bcd \u0ba8\u0bae\u0bcd\u0baa\u0bbf\u0baf\u0bbf\u0bb0\u0bc1\u0b95\u0bcd\u0b95\u0bbf\u0bb1\u0bc7\u0ba9\u0bcd."},{"Verseid":"49001019","Verse":"\u0b85\u0ba4\u0bc7\u0ba9\u0bc6\u0ba9\u0bcd\u0bb1\u0bbe\u0bb2\u0bcd, \u0b89\u0b99\u0bcd\u0b95\u0bb3\u0bcd \u0b95\u0bbe\u0bb0\u0bbf\u0baf\u0b99\u0bcd\u0b95\u0bb3\u0bc8 \u0b89\u0ba3\u0bcd\u0bae\u0bc8\u0baf\u0bbe\u0baf\u0bcd \u0bb5\u0bbf\u0b9a\u0bbe\u0bb0\u0bbf\u0b95\u0bcd\u0b95\u0bbf\u0bb1\u0ba4\u0bb1\u0bcd\u0b95\u0bc1 \u0b8e\u0ba9\u0bcd\u0ba9\u0bc8\u0baa\u0bcd\u0baa\u0bcb\u0bb2 \u0bae\u0ba9\u0ba4\u0bc1\u0bb3\u0bcd\u0bb3\u0bb5\u0ba9\u0bcd \u0b85\u0bb5\u0ba9\u0bc8\u0baf\u0ba9\u0bcd\u0bb1\u0bbf \u0bb5\u0bc7\u0bb1\u0bcb\u0bb0\u0bc1\u0bb5\u0ba9\u0bc1\u0bae\u0bcd \u0b8e\u0ba9\u0bcd\u0ba9\u0bbf\u0b9f\u0ba4\u0bcd\u0ba4\u0bbf\u0bb2\u0bbf\u0bb2\u0bcd\u0bb2\u0bc8."},{"Verseid":"49001020","Verse":"\u0bae\u0bb1\u0bcd\u0bb1\u0bb5\u0bb0\u0bcd\u0b95\u0bb3\u0bc6\u0bb2\u0bcd\u0bb2\u0bbe\u0bb0\u0bc1\u0bae\u0bcd \u0b95\u0bbf\u0bb1\u0bbf\u0bb8\u0bcd\u0ba4\u0bc1 \u0b87\u0baf\u0bc7\u0b9a\u0bc1\u0bb5\u0bc1\u0b95\u0bcd\u0b95\u0bc1\u0bb0\u0bbf\u0baf\u0bb5\u0bc8\u0b95\u0bb3\u0bc8\u0ba4\u0bcd \u0ba4\u0bc7\u0b9f\u0bbe\u0bae\u0bb2\u0bcd, \u0ba4\u0b99\u0bcd\u0b95\u0bb3\u0bc1\u0b95\u0bcd\u0b95\u0bc1\u0bb0\u0bbf\u0baf\u0bb5\u0bc8\u0b95\u0bb3\u0bc8\u0baf\u0bc7 \u0ba4\u0bc7\u0b9f\u0bc1\u0b95\u0bbf\u0bb1\u0bbe\u0bb0\u0bcd\u0b95\u0bb3\u0bcd."},{"Verseid":"49001021","Verse":"\u0ba4\u0b95\u0baa\u0bcd\u0baa\u0ba9\u0bc1\u0b95\u0bcd\u0b95\u0bc1\u0baa\u0bcd \u0baa\u0bbf\u0bb3\u0bcd\u0bb3\u0bc8 \u0b8a\u0bb4\u0bbf\u0baf\u0b9e\u0bcd\u0b9a\u0bc6\u0baf\u0bcd\u0bb5\u0ba4\u0bc1\u0baa\u0bcb\u0bb2, \u0b85\u0bb5\u0ba9\u0bcd \u0b8e\u0ba9\u0bcd\u0ba9\u0bc1\u0b9f\u0ba9\u0bc7\u0b95\u0bc2\u0b9f \u0b9a\u0bc1\u0bb5\u0bbf\u0b9a\u0bc7\u0bb7\u0ba4\u0bcd\u0ba4\u0bbf\u0ba9\u0bbf\u0bae\u0bbf\u0ba4\u0bcd\u0ba4\u0bae\u0bcd \u0b8a\u0bb4\u0bbf\u0baf\u0b9e\u0bcd\u0b9a\u0bc6\u0baf\u0bcd\u0ba4\u0bbe\u0ba9\u0bc6\u0ba9\u0bcd\u0bb1\u0bc1 \u0b85\u0bb5\u0ba9\u0bc1\u0b9f\u0bc8\u0baf \u0b89\u0ba4\u0bcd\u0ba4\u0bae\u0b95\u0bc1\u0ba3\u0ba4\u0bcd\u0ba4\u0bc8 \u0b85\u0bb1\u0bbf\u0ba8\u0bcd\u0ba4\u0bbf\u0bb0\u0bc1\u0b95\u0bcd\u0b95\u0bbf\u0bb1\u0bc0\u0bb0\u0bcd\u0b95\u0bb3\u0bcd."},{"Verseid":"49001022","Verse":"\u0b86\u0b95\u0bc8\u0baf\u0bbe\u0bb2\u0bcd \u0b8e\u0ba9\u0bcd \u0b95\u0bbe\u0bb0\u0bbf\u0baf\u0b99\u0bcd\u0b95\u0bb3\u0bcd \u0b87\u0ba9\u0bcd\u0ba9\u0baa\u0b9f\u0bbf \u0ba8\u0b9f\u0b95\u0bcd\u0b95\u0bc1\u0bae\u0bcd \u0b8e\u0ba9\u0bcd\u0bb1\u0bc1 \u0ba8\u0bbe\u0ba9\u0bcd \u0b85\u0bb1\u0bbf\u0ba8\u0bcd\u0ba4\u0bb5\u0bc1\u0b9f\u0ba9\u0bc7 \u0b85\u0bb5\u0ba9\u0bc8 \u0b85\u0ba9\u0bc1\u0baa\u0bcd\u0baa\u0bb2\u0bbe\u0bae\u0bc6\u0ba9\u0bcd\u0bb1\u0bc1 \u0ba8\u0bbf\u0ba9\u0bc8\u0ba4\u0bcd\u0ba4\u0bbf\u0bb0\u0bc1\u0b95\u0bcd\u0b95\u0bbf\u0bb1\u0bc7\u0ba9\u0bcd."},{"Verseid":"49001023","Verse":"\u0b85\u0ba9\u0bcd\u0bb1\u0bbf\u0baf\u0bc1\u0bae\u0bcd \u0ba8\u0bbe\u0ba9\u0bc7 \u0b9a\u0bc0\u0b95\u0bcd\u0b95\u0bbf\u0bb0\u0ba4\u0bcd\u0ba4\u0bbf\u0bb2\u0bcd \u0bb5\u0bb0\u0bc1\u0bb5\u0bc7\u0ba9\u0bc6\u0ba9\u0bcd\u0bb1\u0bc1 \u0b95\u0bb0\u0bcd\u0ba4\u0bcd\u0ba4\u0bb0\u0bc1\u0b95\u0bcd\u0b95\u0bc1\u0bb3\u0bcd \u0ba8\u0bae\u0bcd\u0baa\u0bbf\u0b95\u0bcd\u0b95\u0bc8\u0baf\u0bbe\u0baf\u0bbf\u0bb0\u0bc1\u0b95\u0bcd\u0b95\u0bbf\u0bb1\u0bc7\u0ba9\u0bcd."},{"Verseid":"49001024","Verse":"\u0bae\u0bc7\u0bb2\u0bc1\u0bae\u0bcd, \u0b8e\u0ba9\u0bcd \u0b9a\u0b95\u0bcb\u0ba4\u0bb0\u0ba9\u0bc1\u0bae\u0bcd, \u0b89\u0b9f\u0ba9\u0bcd\u0bb5\u0bc7\u0bb2\u0bc8\u0baf\u0bbe\u0bb3\u0bc1\u0bae\u0bcd, \u0b89\u0b9f\u0ba9\u0bcd\u0b9a\u0bc7\u0bb5\u0b95\u0ba9\u0bc1\u0bae\u0bcd, \u0b89\u0b99\u0bcd\u0b95\u0bb3\u0bcd \u0bb8\u0bcd\u0ba4\u0bbe\u0ba9\u0bbe\u0baa\u0ba4\u0bbf\u0baf\u0bc1\u0bae\u0bcd, \u0b8e\u0ba9\u0bcd \u0b95\u0bc1\u0bb1\u0bc8\u0b9a\u0bcd\u0b9a\u0bb2\u0bc1\u0b95\u0bcd\u0b95\u0bc1 \u0b89\u0ba4\u0bb5\u0bbf\u0b9a\u0bc6\u0baf\u0bcd\u0ba4\u0bb5\u0ba9\u0bc1\u0bae\u0bbe\u0ba9 \u0b8e\u0baa\u0bcd\u0baa\u0bbe\u0baa\u0bcd\u0baa\u0bbf\u0bb0\u0bcb\u0ba4\u0bc0\u0ba4\u0bcd\u0ba4\u0bc1\u0bb5\u0bc8 \u0b89\u0b99\u0bcd\u0b95\u0bb3\u0bbf\u0b9f\u0ba4\u0bcd\u0ba4\u0bbf\u0bb2\u0bcd \u0b85\u0ba9\u0bc1\u0baa\u0bcd\u0baa\u0bb5\u0bc7\u0ba3\u0bcd\u0b9f\u0bc1\u0bae\u0bc6\u0ba9\u0bcd\u0bb1\u0bc1 \u0b8e\u0ba3\u0bcd\u0ba3\u0bbf\u0ba9\u0bc7\u0ba9\u0bcd."},{"Verseid":"49001025","Verse":"\u0b85\u0bb5\u0ba9\u0bcd \u0b89\u0b99\u0bcd\u0b95\u0bb3\u0bcd \u0b8e\u0bb2\u0bcd\u0bb2\u0bbe\u0bb0\u0bcd \u0bae\u0bc7\u0bb2\u0bc1\u0bae\u0bcd \u0bb5\u0bbe\u0b9e\u0bcd\u0b9a\u0bc8\u0baf\u0bc1\u0bb3\u0bcd\u0bb3\u0bb5\u0ba9\u0bc1\u0bae\u0bcd, \u0ba4\u0bbe\u0ba9\u0bcd \u0bb5\u0bbf\u0baf\u0bbe\u0ba4\u0bbf\u0baa\u0bcd\u0baa\u0b9f\u0bcd\u0b9f\u0ba4\u0bc8 \u0ba8\u0bc0\u0b99\u0bcd\u0b95\u0bb3\u0bcd \u0b95\u0bc7\u0bb3\u0bcd\u0bb5\u0bbf\u0baa\u0bcd\u0baa\u0b9f\u0bcd\u0b9f\u0ba4\u0bbf\u0ba9\u0bbe\u0bb2\u0bc7, \u0bae\u0bbf\u0b95\u0bb5\u0bc1\u0bae\u0bcd \u0bb5\u0bbf\u0baf\u0bbe\u0b95\u0bc1\u0bb2\u0baa\u0bcd\u0baa\u0b9f\u0bc1\u0b95\u0bbf\u0bb1\u0bb5\u0ba9\u0bc1\u0bae\u0bbe\u0baf\u0bbf\u0bb0\u0bc1\u0ba8\u0bcd\u0ba4\u0bbe\u0ba9\u0bcd."},{"Verseid":"49001026","Verse":"\u0b85\u0bb5\u0ba9\u0bcd \u0bb5\u0bbf\u0baf\u0bbe\u0ba4\u0bbf\u0baa\u0bcd\u0baa\u0b9f\u0bcd\u0b9f\u0bc1 \u0bae\u0bb0\u0ba3\u0ba4\u0bcd\u0ba4\u0bbf\u0bb1\u0bcd\u0b95\u0bc1\u0b9a\u0bcd \u0b9a\u0bae\u0bc0\u0baa\u0bae\u0bbe\u0baf\u0bbf\u0bb0\u0bc1\u0ba8\u0bcd\u0ba4\u0ba4\u0bc1 \u0bae\u0bc6\u0baf\u0bcd\u0ba4\u0bbe\u0ba9\u0bcd. \u0b86\u0b95\u0bbf\u0bb2\u0bc1\u0bae\u0bcd, \u0ba4\u0bc7\u0bb5\u0ba9\u0bcd \u0b85\u0bb5\u0ba9\u0bc1\u0b95\u0bcd\u0b95\u0bc1 \u0b87\u0bb0\u0b99\u0bcd\u0b95\u0bbf\u0ba9\u0bbe\u0bb0\u0bcd; \u0b85\u0bb5\u0ba9\u0bc1\u0b95\u0bcd\u0b95\u0bc1 \u0b87\u0bb0\u0b99\u0bcd\u0b95\u0bbf\u0ba9\u0ba4\u0bc1\u0bae\u0bb2\u0bcd\u0bb2\u0bbe\u0bae\u0bb2\u0bcd, \u0ba4\u0bc1\u0b95\u0bcd\u0b95\u0ba4\u0bcd\u0ba4\u0bbf\u0ba9\u0bcd\u0bae\u0bc7\u0bb2\u0bcd \u0ba4\u0bc1\u0b95\u0bcd\u0b95\u0bae\u0bcd \u0b8e\u0ba9\u0b95\u0bcd\u0b95\u0bc1 \u0b89\u0ba3\u0bcd\u0b9f\u0bbe\u0b95\u0bbe\u0ba4\u0baa\u0b9f\u0bbf\u0b95\u0bcd\u0b95\u0bc1, \u0b8e\u0ba9\u0b95\u0bcd\u0b95\u0bc1\u0bae\u0bcd \u0b87\u0bb0\u0b99\u0bcd\u0b95\u0bbf\u0ba9\u0bbe\u0bb0\u0bcd."},{"Verseid":"49001027","Verse":"\u0b86\u0b95\u0bc8\u0baf\u0bbe\u0bb2\u0bcd \u0ba8\u0bc0\u0b99\u0bcd\u0b95\u0bb3\u0bcd \u0b85\u0bb5\u0ba9\u0bc8 \u0bae\u0bb1\u0bc1\u0baa\u0b9f\u0bbf\u0baf\u0bc1\u0bae\u0bcd \u0b95\u0ba3\u0bcd\u0b9f\u0bc1 \u0b9a\u0ba8\u0bcd\u0ba4\u0bcb\u0bb7\u0baa\u0bcd\u0baa\u0b9f\u0bb5\u0bc1\u0bae\u0bcd, \u0b8e\u0ba9\u0bcd \u0ba4\u0bc1\u0b95\u0bcd\u0b95\u0b99\u0bcd \u0b95\u0bc1\u0bb1\u0bc8\u0baf\u0bb5\u0bc1\u0bae\u0bcd, \u0b85\u0bb5\u0ba9\u0bc8 \u0b85\u0ba4\u0bbf\u0b9a\u0bc0\u0b95\u0bcd\u0b95\u0bbf\u0bb0\u0bae\u0bbe\u0baf\u0bcd \u0b85\u0ba9\u0bc1\u0baa\u0bcd\u0baa\u0bbf\u0ba9\u0bc7\u0ba9\u0bcd."},{"Verseid":"49001028","Verse":"\u0b86\u0ba9\u0baa\u0b9f\u0bbf\u0baf\u0bbf\u0ba9\u0bbe\u0bb2\u0bc7 \u0ba8\u0bc0\u0b99\u0bcd\u0b95\u0bb3\u0bcd \u0b95\u0bb0\u0bcd\u0ba4\u0bcd\u0ba4\u0bb0\u0bc1\u0b95\u0bcd\u0b95\u0bc1\u0bb3\u0bcd \u0bae\u0bbf\u0b95\u0bc1\u0ba8\u0bcd\u0ba4 \u0b9a\u0ba8\u0bcd\u0ba4\u0bcb\u0bb7\u0ba4\u0bcd\u0ba4\u0bcb\u0b9f\u0bc7 \u0b85\u0bb5\u0ba9\u0bc8 \u0b8f\u0bb1\u0bcd\u0bb1\u0bc1\u0b95\u0bcd\u0b95\u0bca\u0ba3\u0bcd\u0b9f\u0bc1, \u0b87\u0baa\u0bcd\u0baa\u0b9f\u0bbf\u0baa\u0bcd\u0baa\u0b9f\u0bcd\u0b9f\u0bb5\u0bb0\u0bcd\u0b95\u0bb3\u0bc8\u0b95\u0bcd \u0b95\u0ba9\u0bae\u0bbe\u0baf\u0bcd \u0b8e\u0ba3\u0bcd\u0ba3\u0bc1\u0b99\u0bcd\u0b95\u0bb3\u0bcd."},{"Verseid":"49001029","Verse":"\u0b8f\u0ba9\u0bc6\u0ba9\u0bbf\u0bb2\u0bcd \u0ba8\u0bc0\u0b99\u0bcd\u0b95\u0bb3\u0bcd \u0b8e\u0ba9\u0b95\u0bcd\u0b95\u0bc1\u0b9a\u0bcd \u0b9a\u0bc6\u0baf\u0bcd\u0baf\u0bb5\u0bc7\u0ba3\u0bcd\u0b9f\u0bbf\u0baf \u0b8a\u0bb4\u0bbf\u0baf\u0ba4\u0bcd\u0ba4\u0bbf\u0bb2\u0bc7 \u0b89\u0b99\u0bcd\u0b95\u0bb3\u0bcd \u0b95\u0bc1\u0bb1\u0bc8\u0bb5\u0bc8 \u0ba8\u0bbf\u0bb1\u0bc8\u0bb5\u0bbe\u0b95\u0bcd\u0b95\u0bc1\u0bae\u0bcd\u0baa\u0b9f\u0bbf\u0b95\u0bcd\u0b95\u0bc1, \u0b85\u0bb5\u0ba9\u0bcd \u0ba4\u0ba9\u0bcd \u0baa\u0bbf\u0bb0\u0bbe\u0ba3\u0ba9\u0bc8\u0baf\u0bc1\u0bae\u0bcd \u0b8e\u0ba3\u0bcd\u0ba3\u0bbe\u0bae\u0bb2\u0bcd, \u0b95\u0bbf\u0bb1\u0bbf\u0bb8\u0bcd\u0ba4\u0bc1\u0bb5\u0bbf\u0ba9\u0bcd \u0b8a\u0bb4\u0bbf\u0baf\u0ba4\u0bcd\u0ba4\u0bbf\u0ba9\u0bbf\u0bae\u0bbf\u0ba4\u0bcd\u0ba4\u0bae\u0bcd \u0bae\u0bb0\u0ba3\u0ba4\u0bcd\u0ba4\u0bbf\u0bb1\u0bcd\u0b95\u0bc1\u0b9a\u0bcd \u0b9a\u0bae\u0bc0\u0baa\u0bae\u0bbe\u0baf\u0bbf\u0bb0\u0bc1\u0ba8\u0bcd\u0ba4\u0bbe\u0ba9\u0bcd."}]},{"Verse":[{"Verseid":"49002000","Verse":"\u0bae\u0bc7\u0bb2\u0bc1\u0bae\u0bcd, \u0b8e\u0ba9\u0bcd \u0b9a\u0b95\u0bcb\u0ba4\u0bb0\u0bb0\u0bc7, \u0b95\u0bb0\u0bcd\u0ba4\u0bcd\u0ba4\u0bb0\u0bc1\u0b95\u0bcd\u0b95\u0bc1\u0bb3\u0bcd \u0b9a\u0ba8\u0bcd\u0ba4\u0bcb\u0bb7\u0baa\u0bcd\u0baa\u0b9f\u0bc1\u0b99\u0bcd\u0b95\u0bb3\u0bcd. \u0b8e\u0bb4\u0bc1\u0ba4\u0bbf\u0ba9\u0bb5\u0bc8\u0b95\u0bb3\u0bc8\u0baf\u0bc7 \u0b8e\u0bb4\u0bc1\u0ba4\u0bc1\u0bb5\u0ba4\u0bc1 \u0b8e\u0ba9\u0b95\u0bcd\u0b95\u0bc1 \u0bb5\u0bb0\u0bc1\u0ba4\u0bcd\u0ba4\u0bae\u0bb2\u0bcd\u0bb2, \u0b85\u0ba4\u0bc1 \u0b89\u0b99\u0bcd\u0b95\u0bb3\u0bc1\u0b95\u0bcd\u0b95\u0bc1 \u0ba8\u0bb2\u0bae\u0bbe\u0baf\u0bbf\u0bb0\u0bc1\u0b95\u0bcd\u0b95\u0bc1\u0bae\u0bcd."},{"Verseid":"49002001","Verse":"\u0ba8\u0bbe\u0baf\u0bcd\u0b95\u0bb3\u0bc1\u0b95\u0bcd\u0b95\u0bc1 \u0b8e\u0b9a\u0bcd\u0b9a\u0bb0\u0bbf\u0b95\u0bcd\u0b95\u0bc8\u0baf\u0bbe\u0baf\u0bbf\u0bb0\u0bc1\u0b99\u0bcd\u0b95\u0bb3\u0bcd, \u0baa\u0bca\u0bb2\u0bcd\u0bb2\u0bbe\u0ba4 \u0bb5\u0bc7\u0bb2\u0bc8\u0baf\u0bbe\u0b9f\u0bcd\u0b95\u0bb3\u0bc1\u0b95\u0bcd\u0b95\u0bc1 \u0b8e\u0b9a\u0bcd\u0b9a\u0bb0\u0bbf\u0b95\u0bcd\u0b95\u0bc8\u0baf\u0bbe\u0baf\u0bbf\u0bb0\u0bc1\u0b99\u0bcd\u0b95\u0bb3\u0bcd, \u0b9a\u0bc1\u0ba9\u0bcd\u0ba9\u0ba4\u0bcd\u0ba4\u0bc1\u0b95\u0bcd\u0b95\u0bbe\u0bb0\u0bb0\u0bc1\u0b95\u0bcd\u0b95\u0bc1 \u0b8e\u0b9a\u0bcd\u0b9a\u0bb0\u0bbf\u0b95\u0bcd\u0b95\u0bc8\u0baf\u0bbe\u0baf\u0bbf\u0bb0\u0bc1\u0b99\u0bcd\u0b95\u0bb3\u0bcd."},{"Verseid":"49002002","Verse":"\u0b8f\u0ba9\u0bc6\u0ba9\u0bbf\u0bb2\u0bcd, \u0bae\u0bbe\u0bae\u0bcd\u0b9a\u0ba4\u0bcd\u0ba4\u0bbf\u0ba9\u0bcd\u0bae\u0bc7\u0bb2\u0bcd \u0ba8\u0bae\u0bcd\u0baa\u0bbf\u0b95\u0bcd\u0b95\u0bc8\u0baf\u0bbe\u0baf\u0bbf\u0bb0\u0bbe\u0bae\u0bb2\u0bcd, \u0b86\u0bb5\u0bbf\u0baf\u0bbf\u0ba9\u0bbe\u0bb2\u0bc7 \u0ba4\u0bc7\u0bb5\u0ba9\u0bc1\u0b95\u0bcd\u0b95\u0bc1 \u0b86\u0bb0\u0bbe\u0ba4\u0ba9\u0bc8\u0b9a\u0bc6\u0baf\u0bcd\u0ba4\u0bc1, \u0b95\u0bbf\u0bb1\u0bbf\u0bb8\u0bcd\u0ba4\u0bc1 \u0b87\u0baf\u0bc7\u0b9a\u0bc1\u0bb5\u0bc1\u0b95\u0bcd\u0b95\u0bc1\u0bb3\u0bcd \u0bae\u0bc7\u0ba9\u0bcd\u0bae\u0bc8\u0baa\u0bbe\u0bb0\u0bbe\u0b9f\u0bcd\u0b9f\u0bc1\u0b95\u0bbf\u0bb1 \u0ba8\u0bbe\u0bae\u0bc7 \u0bb5\u0bbf\u0bb0\u0bc1\u0ba4\u0bcd\u0ba4\u0b9a\u0bc7\u0ba4\u0ba9\u0bae\u0bc1\u0bb3\u0bcd\u0bb3\u0bb5\u0bb0\u0bcd\u0b95\u0bb3\u0bcd."},{"Verseid":"49002003","Verse":"\u0bae\u0bbe\u0bae\u0bcd\u0b9a\u0ba4\u0bcd\u0ba4\u0bbf\u0ba9\u0bcd\u0bae\u0bc7\u0bb2\u0bcd \u0ba8\u0bae\u0bcd\u0baa\u0bbf\u0b95\u0bcd\u0b95\u0bc8 \u0bb5\u0bc8\u0b95\u0bcd\u0b95\u0bb5\u0bc7\u0ba3\u0bcd\u0b9f\u0bc1\u0bae\u0bbe\u0ba9\u0bbe\u0bb2\u0bcd \u0ba8\u0bbe\u0ba9\u0bc1\u0bae\u0bcd \u0bb5\u0bc8\u0b95\u0bcd\u0b95\u0bb2\u0bbe\u0bae\u0bcd; \u0bb5\u0bc7\u0bb1\u0bca\u0bb0\u0bc1\u0bb5\u0ba9\u0bcd \u0bae\u0bbe\u0bae\u0bcd\u0b9a\u0ba4\u0bcd\u0ba4\u0bbf\u0ba9\u0bcd\u0bae\u0bc7\u0bb2\u0bcd \u0ba8\u0bae\u0bcd\u0baa\u0bbf\u0b95\u0bcd\u0b95\u0bc8\u0baf\u0bbe\u0baf\u0bbf\u0bb0\u0bc1\u0b95\u0bcd\u0b95 \u0ba8\u0bbf\u0ba9\u0bc8\u0ba4\u0bcd\u0ba4\u0bbe\u0bb2\u0bcd \u0ba8\u0bbe\u0ba9\u0bcd \u0b85\u0ba4\u0bbf\u0b95\u0bae\u0bbe\u0baf\u0bcd \u0b85\u0baa\u0bcd\u0baa\u0b9f\u0bbf\u0b9a\u0bcd \u0b9a\u0bc6\u0baf\u0bcd\u0baf\u0bb2\u0bbe\u0bae\u0bcd."},{"Verseid":"49002004","Verse":"\u0ba8\u0bbe\u0ba9\u0bcd \u0b8e\u0b9f\u0bcd\u0b9f\u0bbe\u0bae\u0bcd \u0ba8\u0bbe\u0bb3\u0bbf\u0bb2\u0bcd \u0bb5\u0bbf\u0bb0\u0bc1\u0ba4\u0bcd\u0ba4\u0b9a\u0bc7\u0ba4\u0ba9\u0bae\u0b9f\u0bc8\u0ba8\u0bcd\u0ba4\u0bb5\u0ba9\u0bcd, \u0b87\u0bb8\u0bcd\u0bb0\u0bb5\u0bc7\u0bb2\u0bcd \u0bb5\u0bae\u0bcd\u0b9a\u0ba4\u0bcd\u0ba4\u0bbe\u0ba9\u0bcd, \u0baa\u0bc6\u0ba9\u0bcd\u0baf\u0bae\u0bc0\u0ba9\u0bcd \u0b95\u0bcb\u0ba4\u0bcd\u0ba4\u0bbf\u0bb0\u0ba4\u0bcd\u0ba4\u0bbe\u0ba9\u0bcd, \u0b8e\u0baa\u0bbf\u0bb0\u0bc6\u0baf\u0bb0\u0bbf\u0bb2\u0bcd \u0baa\u0bbf\u0bb1\u0ba8\u0bcd\u0ba4 \u0b8e\u0baa\u0bbf\u0bb0\u0bc6\u0baf\u0ba9\u0bcd, \u0ba8\u0bbf\u0baf\u0bbe\u0baf\u0baa\u0bcd\u0baa\u0bbf\u0bb0\u0bae\u0bbe\u0ba3\u0ba4\u0bcd\u0ba4\u0bbf\u0ba9\u0bcd\u0baa\u0b9f\u0bbf \u0baa\u0bb0\u0bbf\u0b9a\u0bc7\u0baf\u0ba9\u0bcd;"},{"Verseid":"49002005","Verse":"\u0baa\u0b95\u0bcd\u0ba4\u0bbf\u0bb5\u0bc8\u0bb0\u0bbe\u0b95\u0bcd\u0b95\u0bbf\u0baf\u0ba4\u0bcd\u0ba4\u0bbf\u0ba9\u0bcd\u0baa\u0b9f\u0bbf \u0b9a\u0baa\u0bc8\u0baf\u0bc8\u0ba4\u0bcd \u0ba4\u0bc1\u0ba9\u0bcd\u0baa\u0baa\u0bcd\u0baa\u0b9f\u0bc1\u0ba4\u0bcd\u0ba4\u0bbf\u0ba9\u0bb5\u0ba9\u0bcd, \u0ba8\u0bbf\u0baf\u0bbe\u0baf\u0baa\u0bcd\u0baa\u0bbf\u0bb0\u0bae\u0bbe\u0ba3\u0ba4\u0bcd\u0ba4\u0bbf\u0bb1\u0bcd\u0b95\u0bc1\u0bb0\u0bbf\u0baf \u0ba8\u0bc0\u0ba4\u0bbf\u0baf\u0bbf\u0ba9\u0bcd\u0baa\u0b9f\u0bbf \u0b95\u0bc1\u0bb1\u0bcd\u0bb1\u0b9e\u0bcd\u0b9a\u0bbe\u0b9f\u0bcd\u0b9f\u0baa\u0bcd\u0baa\u0b9f\u0bbe\u0ba4\u0bb5\u0ba9\u0bcd."},{"Verseid":"49002006","Verse":"\u0b86\u0b95\u0bbf\u0bb2\u0bc1\u0bae\u0bcd, \u0b8e\u0ba9\u0b95\u0bcd\u0b95\u0bc1 \u0bb2\u0bbe\u0baa\u0bae\u0bbe\u0baf\u0bbf\u0bb0\u0bc1\u0ba8\u0bcd\u0ba4\u0bb5\u0bc8\u0b95\u0bb3\u0bc6\u0bb5\u0bc8\u0b95\u0bb3\u0bcb \u0b85\u0bb5\u0bc8\u0b95\u0bb3\u0bc8\u0b95\u0bcd \u0b95\u0bbf\u0bb1\u0bbf\u0bb8\u0bcd\u0ba4\u0bc1\u0bb5\u0bc1\u0b95\u0bcd\u0b95\u0bc1 \u0ba8\u0bb7\u0bcd\u0b9f\u0bae\u0bc6\u0ba9\u0bcd\u0bb1\u0bc1 \u0b8e\u0ba3\u0bcd\u0ba3\u0bbf\u0ba9\u0bc7\u0ba9\u0bcd."},{"Verseid":"49002007","Verse":"\u0b85\u0ba4\u0bc1\u0bae\u0bbe\u0ba4\u0bcd\u0ba4\u0bbf\u0bb0\u0bae\u0bb2\u0bcd\u0bb2, \u0b8e\u0ba9\u0bcd \u0b95\u0bb0\u0bcd\u0ba4\u0bcd\u0ba4\u0bb0\u0bbe\u0b95\u0bbf\u0baf \u0b95\u0bbf\u0bb1\u0bbf\u0bb8\u0bcd\u0ba4\u0bc1 \u0b87\u0baf\u0bc7\u0b9a\u0bc1\u0bb5\u0bc8 \u0b85\u0bb1\u0bbf\u0b95\u0bbf\u0bb1 \u0b85\u0bb1\u0bbf\u0bb5\u0bbf\u0ba9\u0bcd \u0bae\u0bc7\u0ba9\u0bcd\u0bae\u0bc8\u0b95\u0bcd\u0b95\u0bbe\u0b95 \u0b8e\u0bb2\u0bcd\u0bb2\u0bbe\u0bb5\u0bb1\u0bcd\u0bb1\u0bc8\u0baf\u0bc1\u0bae\u0bcd \u0ba8\u0bb7\u0bcd\u0b9f\u0bae\u0bc6\u0ba9\u0bcd\u0bb1\u0bc1 \u0b8e\u0ba3\u0bcd\u0ba3\u0bbf\u0b95\u0bcd\u0b95\u0bca\u0ba3\u0bcd\u0b9f\u0bbf\u0bb0\u0bc1\u0b95\u0bcd\u0b95\u0bbf\u0bb1\u0bc7\u0ba9\u0bcd."},{"Verseid":"49002008","Verse":"\u0ba8\u0bbe\u0ba9\u0bcd \u0b95\u0bbf\u0bb1\u0bbf\u0bb8\u0bcd\u0ba4\u0bc1\u0bb5\u0bc8 \u0b86\u0ba4\u0bbe\u0baf\u0baa\u0bcd\u0baa\u0b9f\u0bc1\u0ba4\u0bcd\u0ba4\u0bbf\u0b95\u0bcd\u0b95\u0bca\u0bb3\u0bcd\u0bb3\u0bc1\u0bae\u0bcd\u0baa\u0b9f\u0bbf\u0b95\u0bcd\u0b95\u0bc1\u0bae\u0bcd, \u0ba8\u0bbf\u0baf\u0bbe\u0baf\u0baa\u0bcd\u0baa\u0bbf\u0bb0\u0bae\u0bbe\u0ba3\u0ba4\u0bcd\u0ba4\u0bbf\u0ba9\u0bbe\u0bb2\u0bcd \u0bb5\u0bb0\u0bc1\u0b95\u0bbf\u0bb1 \u0b9a\u0bc1\u0baf\u0ba8\u0bc0\u0ba4\u0bbf\u0baf\u0bc8 \u0b89\u0b9f\u0bc8\u0baf\u0bb5\u0ba9\u0bbe\u0baf\u0bbf\u0bb0\u0bbe\u0bae\u0bb2\u0bcd, \u0b95\u0bbf\u0bb1\u0bbf\u0bb8\u0bcd\u0ba4\u0bc1\u0bb5\u0bc8\u0baa\u0bcd \u0baa\u0bb1\u0bcd\u0bb1\u0bc1\u0bae\u0bcd \u0bb5\u0bbf\u0b9a\u0bc1\u0bb5\u0bbe\u0b9a\u0ba4\u0bcd\u0ba4\u0bbf\u0ba9\u0bbe\u0bb2\u0bcd \u0bb5\u0bb0\u0bc1\u0b95\u0bbf\u0bb1\u0ba4\u0bc1\u0bae\u0bcd \u0bb5\u0bbf\u0b9a\u0bc1\u0bb5\u0bbe\u0b9a\u0bae\u0bc2\u0bb2\u0bae\u0bbe\u0baf\u0bcd \u0ba4\u0bc7\u0bb5\u0ba9\u0bbe\u0bb2\u0bcd \u0b89\u0ba3\u0bcd\u0b9f\u0bbe\u0baf\u0bbf\u0bb0\u0bc1\u0b95\u0bcd\u0b95\u0bbf\u0bb1\u0ba4\u0bc1\u0bae\u0bbe\u0ba9 \u0ba8\u0bc0\u0ba4\u0bbf\u0baf\u0bc8 \u0b89\u0b9f\u0bc8\u0baf\u0bb5\u0ba9\u0bbe\u0baf\u0bbf\u0bb0\u0bc1\u0ba8\u0bcd\u0ba4\u0bc1, \u0b95\u0bbf\u0bb1\u0bbf\u0bb8\u0bcd\u0ba4\u0bc1\u0bb5\u0bc1\u0b95\u0bcd\u0b95\u0bc1\u0bb3\u0bcd \u0b87\u0bb0\u0bc1\u0b95\u0bcd\u0b95\u0bbf\u0bb1\u0bc7\u0ba9\u0bc6\u0ba9\u0bcd\u0bb1\u0bc1 \u0b95\u0bbe\u0ba3\u0baa\u0bcd\u0baa\u0b9f\u0bc1\u0bae\u0bcd\u0baa\u0b9f\u0bbf\u0b95\u0bcd\u0b95\u0bc1\u0bae\u0bcd,"},{"Verseid":"49002009","Verse":"\u0b87\u0baa\u0bcd\u0baa\u0b9f\u0bbf \u0ba8\u0bbe\u0ba9\u0bcd \u0b85\u0bb5\u0bb0\u0bc8\u0baf\u0bc1\u0bae\u0bcd \u0b85\u0bb5\u0bb0\u0bc1\u0b9f\u0bc8\u0baf \u0b89\u0baf\u0bbf\u0bb0\u0bcd\u0ba4\u0bcd\u0ba4\u0bc6\u0bb4\u0bc1\u0ba4\u0bb2\u0bbf\u0ba9\u0bcd \u0bb5\u0bb2\u0bcd\u0bb2\u0bae\u0bc8\u0baf\u0bc8\u0baf\u0bc1\u0bae\u0bcd, \u0b85\u0bb5\u0bb0\u0bc1\u0b9f\u0bc8\u0baf \u0baa\u0bbe\u0b9f\u0bc1\u0b95\u0bb3\u0bbf\u0ba9\u0bcd \u0baa\u0bbe\u0b95\u0bcd\u0b95\u0bbf\u0baf\u0ba4\u0bcd\u0ba4\u0bc8\u0baf\u0bc1\u0bae\u0bcd \u0b85\u0bb1\u0bbf\u0b95\u0bbf\u0bb1\u0ba4\u0bb1\u0bcd\u0b95\u0bc1\u0bae\u0bcd, \u0b85\u0bb5\u0bb0\u0bc1\u0b9f\u0bc8\u0baf \u0bae\u0bb0\u0ba3\u0ba4\u0bcd\u0ba4\u0bbf\u0bb1\u0bcd\u0b95\u0bca\u0baa\u0bcd\u0baa\u0bbe\u0ba9 \u0bae\u0bb0\u0ba3\u0ba4\u0bcd\u0ba4\u0bbf\u0bb1\u0bcd\u0b95\u0bc1\u0bb3\u0bcd\u0bb3\u0bbe\u0b95\u0bbf, \u0b8e\u0baa\u0bcd\u0baa\u0b9f\u0bbf\u0baf\u0bbe\u0baf\u0bbf\u0ba9\u0bc1\u0bae\u0bcd \u0ba8\u0bbe\u0ba9\u0bcd \u0bae\u0bb0\u0bbf\u0ba4\u0bcd\u0ba4\u0bcb\u0bb0\u0bbf\u0bb2\u0bbf\u0bb0\u0bc1\u0ba8\u0bcd\u0ba4\u0bc1 \u0b89\u0baf\u0bbf\u0bb0\u0bcb\u0b9f\u0bc6\u0bb4\u0bc1\u0ba8\u0bcd\u0ba4\u0bbf\u0bb0\u0bc1\u0baa\u0bcd\u0baa\u0ba4\u0bb1\u0bcd\u0b95\u0bc1\u0ba4\u0bcd \u0ba4\u0b95\u0bc1\u0ba4\u0bbf\u0baf\u0bbe\u0b95\u0bc1\u0bae\u0bcd\u0baa\u0b9f\u0bbf\u0b95\u0bcd\u0b95\u0bc1\u0bae\u0bcd."},{"Verseid":"49002010","Verse":"\u0b85\u0bb5\u0bb0\u0bc1\u0b95\u0bcd\u0b95\u0bbe\u0b95 \u0b8e\u0bb2\u0bcd\u0bb2\u0bbe\u0bb5\u0bb1\u0bcd\u0bb1\u0bc8\u0baf\u0bc1\u0bae\u0bcd \u0ba8\u0bb7\u0bcd\u0b9f\u0bae\u0bc6\u0ba9\u0bcd\u0bb1\u0bc1 \u0bb5\u0bbf\u0b9f\u0bcd\u0b9f\u0bc7\u0ba9\u0bcd; \u0b95\u0bc1\u0baa\u0bcd\u0baa\u0bc8\u0baf\u0bc1\u0bae\u0bbe\u0b95 \u0b8e\u0ba3\u0bcd\u0ba3\u0bc1\u0b95\u0bbf\u0bb1\u0bc7\u0ba9\u0bcd."},{"Verseid":"49002011","Verse":"\u0ba8\u0bbe\u0ba9\u0bcd \u0b85\u0b9f\u0bc8\u0ba8\u0bcd\u0ba4\u0bbe\u0baf\u0bbf\u0bb1\u0bcd\u0bb1\u0bc1, \u0b85\u0bb2\u0bcd\u0bb2\u0ba4\u0bc1 \u0bae\u0bc1\u0bb1\u0bcd\u0bb1\u0bbf\u0bb2\u0bc1\u0bae\u0bcd \u0ba4\u0bc7\u0bb1\u0bbf\u0ba9\u0bb5\u0ba9\u0bbe\u0ba9\u0bc7\u0ba9\u0bcd \u0b8e\u0ba9\u0bcd\u0bb1\u0bc1 \u0b8e\u0ba3\u0bcd\u0ba3\u0bbe\u0bae\u0bb2\u0bcd, \u0b95\u0bbf\u0bb1\u0bbf\u0bb8\u0bcd\u0ba4\u0bc1 \u0b87\u0baf\u0bc7\u0b9a\u0bc1\u0bb5\u0bbf\u0ba9\u0bbe\u0bb2\u0bcd \u0ba8\u0bbe\u0ba9\u0bcd \u0b8e\u0ba4\u0bb1\u0bcd\u0b95\u0bbe\u0b95\u0baa\u0bcd \u0baa\u0bbf\u0b9f\u0bbf\u0b95\u0bcd\u0b95\u0baa\u0bcd\u0baa\u0b9f\u0bcd\u0b9f\u0bc7\u0ba9\u0bcb \u0b85\u0ba4\u0bc8 \u0ba8\u0bbe\u0ba9\u0bcd \u0baa\u0bbf\u0b9f\u0bbf\u0ba4\u0bcd\u0ba4\u0bc1\u0b95\u0bcd\u0b95\u0bca\u0bb3\u0bcd\u0bb3\u0bc1\u0bae\u0bcd\u0baa\u0b9f\u0bbf \u0b86\u0b9a\u0bc8\u0baf\u0bbe\u0baf\u0bcd\u0ba4\u0bcd \u0ba4\u0bca\u0b9f\u0bb0\u0bcd\u0b95\u0bbf\u0bb1\u0bc7\u0ba9\u0bcd."},{"Verseid":"49002012","Verse":"\u0b9a\u0b95\u0bcb\u0ba4\u0bb0\u0bb0\u0bc7, \u0b85\u0ba4\u0bc8\u0baa\u0bcd \u0baa\u0bbf\u0b9f\u0bbf\u0ba4\u0bcd\u0ba4\u0bc1\u0b95\u0bcd\u0b95\u0bca\u0ba3\u0bcd\u0b9f\u0bc7\u0ba9\u0bc6\u0ba9\u0bcd\u0bb1\u0bc1 \u0ba8\u0bbe\u0ba9\u0bcd \u0b8e\u0ba3\u0bcd\u0ba3\u0bc1\u0b95\u0bbf\u0bb1\u0ba4\u0bbf\u0bb2\u0bcd\u0bb2\u0bc8; \u0b92\u0ba9\u0bcd\u0bb1\u0bc1 \u0b9a\u0bc6\u0baf\u0bcd\u0b95\u0bbf\u0bb1\u0bc7\u0ba9\u0bcd, \u0baa\u0bbf\u0ba9\u0bcd\u0ba9\u0bbe\u0ba9\u0bb5\u0bc8\u0b95\u0bb3\u0bc8 \u0bae\u0bb1\u0bc8\u0ba8\u0bcd\u0ba4\u0bc1, \u0bae\u0bc1\u0ba9\u0bcd\u0ba9\u0bbe\u0ba9\u0bb5\u0bc8\u0b95\u0bb3\u0bc8 \u0ba8\u0bbe\u0b9f\u0bbf,"},{"Verseid":"49002013","Verse":"\u0b95\u0bbf\u0bb1\u0bbf\u0bb8\u0bcd\u0ba4\u0bc1 \u0b87\u0baf\u0bc7\u0b9a\u0bc1\u0bb5\u0bc1\u0b95\u0bcd\u0b95\u0bc1\u0bb3\u0bcd \u0ba4\u0bc7\u0bb5\u0ba9\u0bcd \u0b85\u0bb4\u0bc8\u0ba4\u0bcd\u0ba4 \u0baa\u0bb0\u0bae \u0b85\u0bb4\u0bc8\u0baa\u0bcd\u0baa\u0bbf\u0ba9\u0bcd \u0baa\u0ba8\u0bcd\u0ba4\u0baf\u0baa\u0bcd\u0baa\u0bca\u0bb0\u0bc1\u0bb3\u0bc1\u0b95\u0bcd\u0b95\u0bbe\u0b95 \u0b87\u0bb2\u0b95\u0bcd\u0b95\u0bc8 \u0ba8\u0bcb\u0b95\u0bcd\u0b95\u0bbf\u0ba4\u0bcd \u0ba4\u0bca\u0b9f\u0bb0\u0bc1\u0b95\u0bbf\u0bb1\u0bc7\u0ba9\u0bcd."},{"Verseid":"49002014","Verse":"\u0b86\u0b95\u0bc8\u0baf\u0bbe\u0bb2\u0bcd, \u0ba8\u0bae\u0bcd\u0bae\u0bbf\u0bb2\u0bcd \u0ba4\u0bc7\u0bb1\u0bbf\u0ba9\u0bb5\u0bb0\u0bcd\u0b95\u0bb3\u0bcd \u0baf\u0bbe\u0bb5\u0bb0\u0bc1\u0bae\u0bcd \u0b87\u0ba8\u0bcd\u0ba4\u0b9a\u0bcd \u0b9a\u0bbf\u0ba8\u0bcd\u0ba4\u0bc8\u0baf\u0bbe\u0baf\u0bbf\u0bb0\u0bc1\u0b95\u0bcd\u0b95\u0b95\u0bcd\u0b95\u0b9f\u0bb5\u0bcb\u0bae\u0bcd; \u0b8e\u0ba8\u0bcd\u0ba4\u0b95\u0bcd \u0b95\u0bbe\u0bb0\u0bbf\u0baf\u0ba4\u0bcd\u0ba4\u0bbf\u0bb2\u0bbe\u0bb5\u0ba4\u0bc1 \u0ba8\u0bc0\u0b99\u0bcd\u0b95\u0bb3\u0bcd \u0bb5\u0bc7\u0bb1\u0bc7 \u0b9a\u0bbf\u0ba8\u0bcd\u0ba4\u0bc8\u0baf\u0bbe\u0baf\u0bbf\u0bb0\u0bc1\u0ba8\u0bcd\u0ba4\u0bbe\u0bb2\u0bcd, \u0b85\u0ba4\u0bc8\u0baf\u0bc1\u0bae\u0bcd \u0ba4\u0bc7\u0bb5\u0ba9\u0bcd \u0b89\u0b99\u0bcd\u0b95\u0bb3\u0bc1\u0b95\u0bcd\u0b95\u0bc1 \u0bb5\u0bc6\u0bb3\u0bbf\u0baa\u0bcd\u0baa\u0b9f\u0bc1\u0ba4\u0bcd\u0ba4\u0bc1\u0bb5\u0bbe\u0bb0\u0bcd."},{"Verseid":"49002015","Verse":"\u0b86\u0b95\u0bbf\u0bb2\u0bc1\u0bae\u0bcd \u0ba8\u0bbe\u0bae\u0bcd \u0b8e\u0ba4\u0bc1\u0bb5\u0bb0\u0bc8\u0baf\u0bbf\u0bb2\u0bcd \u0ba4\u0bc7\u0bb1\u0bbf\u0baf\u0bbf\u0bb0\u0bc1\u0b95\u0bcd\u0b95\u0bbf\u0bb1\u0bcb\u0bae\u0bcb, \u0b85\u0ba4\u0bc1\u0bae\u0bc1\u0ba4\u0bb2\u0bcd \u0b92\u0bb0\u0bc7 \u0b92\u0bb4\u0bc1\u0b99\u0bcd\u0b95\u0bbe\u0baf\u0bcd \u0ba8\u0b9f\u0ba8\u0bcd\u0ba4\u0bc1\u0b95\u0bca\u0ba3\u0bcd\u0b9f\u0bc1, \u0b92\u0bb0\u0bc7 \u0b9a\u0bbf\u0ba8\u0bcd\u0ba4\u0bc8\u0baf\u0bbe\u0baf\u0bbf\u0bb0\u0bc1\u0baa\u0bcd\u0baa\u0bcb\u0bae\u0bbe\u0b95."},{"Verseid":"49002016","Verse":"\u0b9a\u0b95\u0bcb\u0ba4\u0bb0\u0bb0\u0bc7, \u0ba8\u0bc0\u0b99\u0bcd\u0b95\u0bb3\u0bcd \u0b8e\u0ba9\u0bcd\u0ba9\u0bcb\u0b9f\u0bc7\u0b95\u0bc2\u0b9f\u0baa\u0bcd \u0baa\u0bbf\u0ba9\u0bcd\u0baa\u0bb1\u0bcd\u0bb1\u0bc1\u0b95\u0bbf\u0bb1\u0bb5\u0bb0\u0bcd\u0b95\u0bb3\u0bbe\u0b95\u0bbf, \u0ba8\u0bbe\u0b99\u0bcd\u0b95\u0bb3\u0bcd \u0b89\u0b99\u0bcd\u0b95\u0bb3\u0bc1\u0b95\u0bcd\u0b95\u0bc1 \u0bb5\u0bb4\u0bbf\u0b95\u0bbe\u0b9f\u0bcd\u0b9f\u0bc1\u0b95\u0bbf\u0bb1\u0baa\u0b9f\u0bbf \u0ba8\u0b9f\u0b95\u0bcd\u0b95\u0bbf\u0bb1\u0bb5\u0bb0\u0bcd\u0b95\u0bb3\u0bc8 \u0bae\u0bbe\u0ba4\u0bbf\u0bb0\u0bbf\u0baf\u0bbe\u0b95 \u0ba8\u0bcb\u0b95\u0bcd\u0b95\u0bc1\u0b99\u0bcd\u0b95\u0bb3\u0bcd."},{"Verseid":"49002017","Verse":"\u0b8f\u0ba9\u0bc6\u0ba9\u0bbf\u0bb2\u0bcd, \u0b85\u0ba8\u0bc7\u0b95\u0bb0\u0bcd \u0bb5\u0bc7\u0bb1\u0bc1\u0bb5\u0bbf\u0ba4\u0bae\u0bbe\u0baf\u0bcd \u0ba8\u0b9f\u0b95\u0bcd\u0b95\u0bbf\u0bb1\u0bbe\u0bb0\u0bcd\u0b95\u0bb3\u0bcd. \u0b85\u0bb5\u0bb0\u0bcd\u0b95\u0bb3\u0bcd \u0b95\u0bbf\u0bb1\u0bbf\u0bb8\u0bcd\u0ba4\u0bc1\u0bb5\u0bbf\u0ba9\u0bcd \u0b9a\u0bbf\u0bb2\u0bc1\u0bb5\u0bc8\u0b95\u0bcd\u0b95\u0bc1\u0baa\u0bcd \u0baa\u0b95\u0bc8\u0b9e\u0bb0\u0bc6\u0ba9\u0bcd\u0bb1\u0bc1 \u0b89\u0b99\u0bcd\u0b95\u0bb3\u0bc1\u0b95\u0bcd\u0b95\u0bc1 \u0b85\u0ba8\u0bc7\u0b95\u0ba8\u0bcd\u0ba4\u0bb0\u0bae\u0bcd \u0b9a\u0bca\u0ba9\u0bcd\u0ba9\u0bc7\u0ba9\u0bcd, \u0b87\u0baa\u0bcd\u0baa\u0bca\u0bb4\u0bc1\u0ba4\u0bc1 \u0b95\u0ba3\u0bcd\u0ba3\u0bc0\u0bb0\u0bcb\u0b9f\u0bc1\u0bae\u0bcd \u0b9a\u0bca\u0bb2\u0bcd\u0bb2\u0bc1\u0b95\u0bbf\u0bb1\u0bc7\u0ba9\u0bcd."},{"Verseid":"49002018","Verse":"\u0b85\u0bb5\u0bb0\u0bcd\u0b95\u0bb3\u0bc1\u0b9f\u0bc8\u0baf \u0bae\u0bc1\u0b9f\u0bbf\u0bb5\u0bc1 \u0b85\u0bb4\u0bbf\u0bb5\u0bc1. \u0b85\u0bb5\u0bb0\u0bcd\u0b95\u0bb3\u0bc1\u0b9f\u0bc8\u0baf \u0ba4\u0bc7\u0bb5\u0ba9\u0bcd \u0bb5\u0baf\u0bbf\u0bb1\u0bc1, \u0b85\u0bb5\u0bb0\u0bcd\u0b95\u0bb3\u0bc1\u0b9f\u0bc8\u0baf \u0bae\u0b95\u0bbf\u0bae\u0bc8 \u0b85\u0bb5\u0bb0\u0bcd\u0b95\u0bb3\u0bc1\u0b9f\u0bc8\u0baf \u0b87\u0bb2\u0b9a\u0bcd\u0b9a\u0bc8\u0baf\u0bc7, \u0b85\u0bb5\u0bb0\u0bcd\u0b95\u0bb3\u0bcd \u0baa\u0bc2\u0bae\u0bbf\u0b95\u0bcd\u0b95\u0b9f\u0bc1\u0ba4\u0bcd\u0ba4\u0bb5\u0bc8\u0b95\u0bb3\u0bc8\u0b9a\u0bcd \u0b9a\u0bbf\u0ba8\u0bcd\u0ba4\u0bbf\u0b95\u0bcd\u0b95\u0bbf\u0bb1\u0bbe\u0bb0\u0bcd\u0b95\u0bb3\u0bcd."},{"Verseid":"49002019","Verse":"\u0ba8\u0bae\u0bcd\u0bae\u0bc1\u0b9f\u0bc8\u0baf \u0b95\u0bc1\u0b9f\u0bbf\u0baf\u0bbf\u0bb0\u0bc1\u0baa\u0bcd\u0baa\u0bcb \u0baa\u0bb0\u0bb2\u0bcb\u0b95\u0ba4\u0bcd\u0ba4\u0bbf\u0bb2\u0bbf\u0bb0\u0bc1\u0b95\u0bcd\u0b95\u0bbf\u0bb1\u0ba4\u0bc1, \u0b85\u0b99\u0bcd\u0b95\u0bc7\u0baf\u0bbf\u0bb0\u0bc1\u0ba8\u0bcd\u0ba4\u0bc1 \u0b95\u0bb0\u0bcd\u0ba4\u0bcd\u0ba4\u0bb0\u0bbe\u0baf\u0bbf\u0bb0\u0bc1\u0b95\u0bcd\u0b95\u0bbf\u0bb1 \u0b87\u0baf\u0bc7\u0b9a\u0bc1\u0b95\u0bbf\u0bb1\u0bbf\u0bb8\u0bcd\u0ba4\u0bc1 \u0b8e\u0ba9\u0bcd\u0ba9\u0bc1\u0bae\u0bcd \u0b87\u0bb0\u0b9f\u0bcd\u0b9a\u0b95\u0bb0\u0bcd \u0bb5\u0bb0 \u0b8e\u0ba4\u0bbf\u0bb0\u0bcd\u0baa\u0bbe\u0bb0\u0bcd\u0ba4\u0bcd\u0ba4\u0bc1\u0b95\u0bcd\u0b95\u0bca\u0ba3\u0bcd\u0b9f\u0bbf\u0bb0\u0bc1\u0b95\u0bcd\u0b95\u0bbf\u0bb1\u0bcb\u0bae\u0bcd."},{"Verseid":"49002020","Verse":"\u0b85\u0bb5\u0bb0\u0bcd \u0b8e\u0bb2\u0bcd\u0bb2\u0bbe\u0bb5\u0bb1\u0bcd\u0bb1\u0bc8\u0baf\u0bc1\u0bae\u0bcd \u0ba4\u0bae\u0b95\u0bcd\u0b95\u0bc1\u0b95\u0bcd \u0b95\u0bc0\u0bb4\u0bcd\u0baa\u0bcd\u0baa\u0b9f\u0bc1\u0ba4\u0bcd\u0ba4\u0bbf\u0b95\u0bcd\u0b95\u0bca\u0bb3\u0bcd\u0bb3\u0ba4\u0bcd\u0ba4\u0b95\u0bcd\u0b95 \u0ba4\u0bae\u0bcd\u0bae\u0bc1\u0b9f\u0bc8\u0baf \u0bb5\u0bb2\u0bcd\u0bb2\u0bae\u0bc8\u0baf\u0bbe\u0ba9 \u0b9a\u0bc6\u0baf\u0bb2\u0bbf\u0ba9\u0bcd\u0baa\u0b9f\u0bbf\u0baf\u0bc7, \u0ba8\u0bae\u0bcd\u0bae\u0bc1\u0b9f\u0bc8\u0baf \u0b85\u0bb1\u0bcd\u0baa\u0bae\u0bbe\u0ba9 \u0b9a\u0bb0\u0bc0\u0bb0\u0ba4\u0bcd\u0ba4\u0bc8\u0ba4\u0bcd \u0ba4\u0bae\u0bcd\u0bae\u0bc1\u0b9f\u0bc8\u0baf \u0bae\u0b95\u0bbf\u0bae\u0bc8\u0baf\u0bbe\u0ba9 \u0b9a\u0bb0\u0bc0\u0bb0\u0ba4\u0bcd\u0ba4\u0bbf\u0bb1\u0bcd\u0b95\u0bc1 \u0b92\u0baa\u0bcd\u0baa\u0bbe\u0b95 \u0bae\u0bb1\u0bc1\u0bb0\u0bc2\u0baa\u0baa\u0bcd\u0baa\u0b9f\u0bc1\u0ba4\u0bcd\u0ba4\u0bc1\u0bb5\u0bbe\u0bb0\u0bcd."}]},{"Verse":[{"Verseid":"49003000","Verse":"\u0b86\u0ba4\u0bb2\u0bbe\u0bb2\u0bcd, \u0b8e\u0ba9\u0b95\u0bcd\u0b95\u0bc1\u0baa\u0bcd \u0baa\u0bbf\u0bb0\u0bbf\u0baf\u0bae\u0bc1\u0bae\u0bcd \u0bb5\u0bbe\u0b9e\u0bcd\u0b9a\u0bc8\u0baf\u0bc1\u0bae\u0bbe\u0ba9 \u0b9a\u0b95\u0bcb\u0ba4\u0bb0\u0bb0\u0bc7, \u0b8e\u0ba9\u0b95\u0bcd\u0b95\u0bc1\u0b9a\u0bcd \u0b9a\u0ba8\u0bcd\u0ba4\u0bcb\u0bb7\u0bae\u0bc1\u0bae\u0bcd \u0b95\u0bbf\u0bb0\u0bc0\u0b9f\u0bae\u0bc1\u0bae\u0bbe\u0ba9\u0bb5\u0bb0\u0bcd\u0b95\u0bb3\u0bc7, \u0baa\u0bbf\u0bb0\u0bbf\u0baf\u0bae\u0bbe\u0ba9\u0bb5\u0bb0\u0bcd\u0b95\u0bb3\u0bc7, \u0b87\u0ba8\u0bcd\u0ba4\u0baa\u0bcd\u0baa\u0b9f\u0bbf\u0baf\u0bc7 \u0b95\u0bb0\u0bcd\u0ba4\u0bcd\u0ba4\u0bb0\u0bc1\u0b95\u0bcd\u0b95\u0bc1\u0bb3\u0bcd \u0ba8\u0bbf\u0bb2\u0bc8\u0ba4\u0bcd\u0ba4\u0bbf\u0bb0\u0bc1\u0b99\u0bcd\u0b95\u0bb3\u0bcd."},{"Verseid":"49003001","Verse":"\u0b95\u0bb0\u0bcd\u0ba4\u0bcd\u0ba4\u0bb0\u0bc1\u0b95\u0bcd\u0b95\u0bc1\u0bb3\u0bcd \u0b92\u0bb0\u0bc7 \u0b9a\u0bbf\u0ba8\u0bcd\u0ba4\u0bc8\u0baf\u0bbe\u0baf\u0bbf\u0bb0\u0bc1\u0b95\u0bcd\u0b95 \u0b8e\u0baf\u0bcb\u0ba4\u0bbf\u0baf\u0bbe\u0bb3\u0bc1\u0b95\u0bcd\u0b95\u0bc1\u0bae\u0bcd \u0b9a\u0bbf\u0ba8\u0bcd\u0ba4\u0bbf\u0b95\u0bc7\u0baf\u0bbe\u0bb3\u0bc1\u0b95\u0bcd\u0b95\u0bc1\u0bae\u0bcd \u0baa\u0bc1\u0ba4\u0bcd\u0ba4\u0bbf\u0b9a\u0bca\u0bb2\u0bcd\u0bb2\u0bc1\u0b95\u0bbf\u0bb1\u0bc7\u0ba9\u0bcd."},{"Verseid":"49003002","Verse":"\u0b85\u0ba9\u0bcd\u0bb1\u0bbf\u0baf\u0bc1\u0bae\u0bcd, \u0b8e\u0ba9\u0bcd \u0b89\u0ba4\u0bcd\u0ba4\u0bae \u0b95\u0bc2\u0b9f\u0bcd\u0b9f\u0bbe\u0bb3\u0bbf\u0baf\u0bc7, \u0b85\u0bb5\u0bb0\u0bcd\u0b95\u0bb3\u0bc1\u0b95\u0bcd\u0b95\u0bc1 \u0b89\u0ba4\u0bb5\u0bbf\u0baf\u0bbe\u0baf\u0bbf\u0bb0\u0bc1\u0b95\u0bcd\u0b95\u0bc1\u0bae\u0bcd\u0baa\u0b9f\u0bbf \u0b89\u0ba9\u0bcd\u0ba9\u0bc8\u0baf\u0bc1\u0bae\u0bcd \u0bb5\u0bc7\u0ba3\u0bcd\u0b9f\u0bbf\u0b95\u0bcd\u0b95\u0bca\u0bb3\u0bcd\u0b95\u0bbf\u0bb1\u0bc7\u0ba9\u0bcd; \u0b85\u0bb5\u0bb0\u0bcd\u0b95\u0bb3\u0bcd \u0b95\u0bbf\u0bb2\u0bc7\u0bae\u0bc6\u0ba8\u0bcd\u0ba4\u0bcb\u0b9f\u0bc1\u0bae\u0bcd \u0bae\u0bb1\u0bcd\u0bb1 \u0b8e\u0ba9\u0bcd \u0b89\u0b9f\u0ba9\u0bcd\u0bb5\u0bc7\u0bb2\u0bc8\u0baf\u0bbe\u0b9f\u0bcd\u0b95\u0bb3\u0bcb\u0b9f\u0bc1\u0b99\u0bcd\u0b95\u0bc2\u0b9f\u0b9a\u0bcd \u0b9a\u0bc1\u0bb5\u0bbf\u0b9a\u0bc7\u0bb7 \u0bb5\u0bbf\u0bb7\u0baf\u0ba4\u0bcd\u0ba4\u0bbf\u0bb2\u0bcd \u0b8e\u0ba9\u0bcd\u0ba9\u0bcb\u0b9f\u0bc7\u0b95\u0bc2\u0b9f \u0bae\u0bbf\u0b95\u0bb5\u0bc1\u0bae\u0bcd \u0baa\u0bbf\u0bb0\u0baf\u0bbe\u0b9a\u0baa\u0bcd\u0baa\u0b9f\u0bcd\u0b9f\u0bbe\u0bb0\u0bcd\u0b95\u0bb3\u0bcd, \u0b85\u0bb5\u0bb0\u0bcd\u0b95\u0bb3\u0bc1\u0b9f\u0bc8\u0baf \u0ba8\u0bbe\u0bae\u0b99\u0bcd\u0b95\u0bb3\u0bcd \u0b9c\u0bc0\u0bb5\u0baa\u0bc1\u0bb8\u0bcd\u0ba4\u0b95\u0ba4\u0bcd\u0ba4\u0bbf\u0bb2\u0bcd \u0b87\u0bb0\u0bc1\u0b95\u0bcd\u0b95\u0bbf\u0bb1\u0ba4\u0bc1."},{"Verseid":"49003003","Verse":"\u0b95\u0bb0\u0bcd\u0ba4\u0bcd\u0ba4\u0bb0\u0bc1\u0b95\u0bcd\u0b95\u0bc1\u0bb3\u0bcd \u0b8e\u0baa\u0bcd\u0baa\u0bca\u0bb4\u0bc1\u0ba4\u0bc1\u0bae\u0bcd \u0b9a\u0ba8\u0bcd\u0ba4\u0bcb\u0bb7\u0bae\u0bbe\u0baf\u0bbf\u0bb0\u0bc1\u0b99\u0bcd\u0b95\u0bb3\u0bcd; \u0b9a\u0ba8\u0bcd\u0ba4\u0bcb\u0bb7\u0bae\u0bbe\u0baf\u0bbf\u0bb0\u0bc1\u0b99\u0bcd\u0b95\u0bb3\u0bcd \u0b8e\u0ba9\u0bcd\u0bb1\u0bc1 \u0bae\u0bb1\u0bc1\u0baa\u0b9f\u0bbf\u0baf\u0bc1\u0bae\u0bcd \u0b9a\u0bca\u0bb2\u0bcd\u0bb2\u0bc1\u0b95\u0bbf\u0bb1\u0bc7\u0ba9\u0bcd."},{"Verseid":"49003004","Verse":"\u0b89\u0b99\u0bcd\u0b95\u0bb3\u0bcd \u0b9a\u0bbe\u0ba8\u0bcd\u0ba4\u0b95\u0bc1\u0ba3\u0bae\u0bcd \u0b8e\u0bb2\u0bcd\u0bb2\u0bbe \u0bae\u0ba9\u0bc1\u0bb7\u0bb0\u0bc1\u0b95\u0bcd\u0b95\u0bc1\u0bae\u0bcd \u0ba4\u0bc6\u0bb0\u0bbf\u0ba8\u0bcd\u0ba4\u0bbf\u0bb0\u0bc1\u0baa\u0bcd\u0baa\u0ba4\u0bbe\u0b95. \u0b95\u0bb0\u0bcd\u0ba4\u0bcd\u0ba4\u0bb0\u0bcd \u0b9a\u0bae\u0bc0\u0baa\u0bae\u0bbe\u0baf\u0bbf\u0bb0\u0bc1\u0b95\u0bcd\u0b95\u0bbf\u0bb1\u0bbe\u0bb0\u0bcd."},{"Verseid":"49003005","Verse":"\u0ba8\u0bc0\u0b99\u0bcd\u0b95\u0bb3\u0bcd \u0b92\u0ba9\u0bcd\u0bb1\u0bc1\u0b95\u0bcd\u0b95\u0bc1\u0b99\u0bcd \u0b95\u0bb5\u0bb2\u0bc8\u0baa\u0bcd\u0baa\u0b9f\u0bbe\u0bae\u0bb2\u0bcd, \u0b8e\u0bb2\u0bcd\u0bb2\u0bbe\u0bb5\u0bb1\u0bcd\u0bb1\u0bc8\u0baf\u0bc1\u0b99\u0bcd\u0b95\u0bc1\u0bb1\u0bbf\u0ba4\u0bcd\u0ba4\u0bc1 \u0b89\u0b99\u0bcd\u0b95\u0bb3\u0bcd \u0bb5\u0bbf\u0ba3\u0bcd\u0ba3\u0baa\u0bcd\u0baa\u0b99\u0bcd\u0b95\u0bb3\u0bc8 \u0bb8\u0bcd\u0ba4\u0bcb\u0ba4\u0bcd\u0ba4\u0bbf\u0bb0\u0ba4\u0bcd\u0ba4\u0bcb\u0b9f\u0bc7 \u0b95\u0bc2\u0b9f\u0bbf\u0baf \u0b9c\u0bc6\u0baa\u0ba4\u0bcd\u0ba4\u0bbf\u0ba9\u0bbe\u0bb2\u0bc1\u0bae\u0bcd \u0bb5\u0bc7\u0ba3\u0bcd\u0b9f\u0bc1\u0ba4\u0bb2\u0bbf\u0ba9\u0bbe\u0bb2\u0bc1\u0bae\u0bcd \u0ba4\u0bc7\u0bb5\u0ba9\u0bc1\u0b95\u0bcd\u0b95\u0bc1\u0ba4\u0bcd \u0ba4\u0bc6\u0bb0\u0bbf\u0baf\u0baa\u0bcd\u0baa\u0b9f\u0bc1\u0ba4\u0bcd\u0ba4\u0bc1\u0b99\u0bcd\u0b95\u0bb3\u0bcd."},{"Verseid":"49003006","Verse":"\u0b85\u0baa\u0bcd\u0baa\u0bca\u0bb4\u0bc1\u0ba4\u0bc1, \u0b8e\u0bb2\u0bcd\u0bb2\u0bbe\u0baa\u0bcd \u0baa\u0bc1\u0ba4\u0bcd\u0ba4\u0bbf\u0b95\u0bcd\u0b95\u0bc1\u0bae\u0bcd\u0bae\u0bc7\u0bb2\u0bbe\u0ba9 \u0ba4\u0bc7\u0bb5\u0b9a\u0bae\u0bbe\u0ba4\u0bbe\u0ba9\u0bae\u0bcd \u0b89\u0b99\u0bcd\u0b95\u0bb3\u0bcd \u0b87\u0bb0\u0bc1\u0ba4\u0baf\u0b99\u0bcd\u0b95\u0bb3\u0bc8\u0baf\u0bc1\u0bae\u0bcd \u0b89\u0b99\u0bcd\u0b95\u0bb3\u0bcd \u0b9a\u0bbf\u0ba8\u0bcd\u0ba4\u0bc8\u0b95\u0bb3\u0bc8\u0baf\u0bc1\u0bae\u0bcd \u0b95\u0bbf\u0bb1\u0bbf\u0bb8\u0bcd\u0ba4\u0bc1 \u0b87\u0baf\u0bc7\u0b9a\u0bc1\u0bb5\u0bc1\u0b95\u0bcd\u0b95\u0bc1\u0bb3\u0bcd\u0bb3\u0bbe\u0b95\u0b95\u0bcd \u0b95\u0bbe\u0ba4\u0bcd\u0ba4\u0bc1\u0b95\u0bcd\u0b95\u0bca\u0bb3\u0bcd\u0bb3\u0bc1\u0bae\u0bcd."},{"Verseid":"49003007","Verse":"\u0b95\u0b9f\u0bc8\u0b9a\u0bbf\u0baf\u0bbe\u0b95, \u0b9a\u0b95\u0bcb\u0ba4\u0bb0\u0bb0\u0bc7, \u0b89\u0ba3\u0bcd\u0bae\u0bc8\u0baf\u0bc1\u0bb3\u0bcd\u0bb3\u0bb5\u0bc8\u0b95\u0bb3\u0bc6\u0bb5\u0bc8\u0b95\u0bb3\u0bcb, \u0b92\u0bb4\u0bc1\u0b95\u0bcd\u0b95\u0bae\u0bc1\u0bb3\u0bcd\u0bb3\u0bb5\u0bc8\u0b95\u0bb3\u0bc6\u0bb5\u0bc8\u0b95\u0bb3\u0bcb, \u0ba8\u0bc0\u0ba4\u0bbf\u0baf\u0bc1\u0bb3\u0bcd\u0bb3\u0bb5\u0bc8\u0b95\u0bb3\u0bc6\u0bb5\u0bc8\u0b95\u0bb3\u0bcb, \u0b95\u0bb1\u0bcd\u0baa\u0bc1\u0bb3\u0bcd\u0bb3\u0bb5\u0bc8\u0b95\u0bb3\u0bc6\u0bb5\u0bc8\u0b95\u0bb3\u0bcb, \u0b85\u0ba9\u0bcd\u0baa\u0bc1\u0bb3\u0bcd\u0bb3\u0bb5\u0bc8\u0b95\u0bb3\u0bc6\u0bb5\u0bc8\u0b95\u0bb3\u0bcb, \u0ba8\u0bb1\u0bcd\u0b95\u0bc0\u0bb0\u0bcd\u0ba4\u0bcd\u0ba4\u0bbf\u0baf\u0bc1\u0bb3\u0bcd\u0bb3\u0bb5\u0bc8\u0b95\u0bb3\u0bc6\u0bb5\u0bc8\u0b95\u0bb3\u0bcb, \u0baa\u0bc1\u0ba3\u0bcd\u0ba3\u0bbf\u0baf\u0bae\u0bcd \u0b8e\u0ba4\u0bc1\u0bb5\u0bcb, \u0baa\u0bc1\u0b95\u0bb4\u0bcd \u0b8e\u0ba4\u0bc1\u0bb5\u0bcb \u0b85\u0bb5\u0bc8\u0b95\u0bb3\u0bc8\u0baf\u0bc7 \u0b9a\u0bbf\u0ba8\u0bcd\u0ba4\u0bbf\u0ba4\u0bcd\u0ba4\u0bc1\u0b95\u0bcd\u0b95\u0bca\u0ba3\u0bcd\u0b9f\u0bbf\u0bb0\u0bc1\u0b99\u0bcd\u0b95\u0bb3\u0bcd."},{"Verseid":"49003008","Verse":"\u0ba8\u0bc0\u0b99\u0bcd\u0b95\u0bb3\u0bcd \u0b8e\u0ba9\u0bcd\u0ba9\u0bbf\u0b9f\u0ba4\u0bcd\u0ba4\u0bbf\u0bb2\u0bcd \u0b95\u0bb1\u0bcd\u0bb1\u0bc1\u0bae\u0bcd \u0b85\u0b9f\u0bc8\u0ba8\u0bcd\u0ba4\u0bc1\u0bae\u0bcd \u0b95\u0bc7\u0b9f\u0bcd\u0b9f\u0bc1\u0bae\u0bcd \u0b95\u0ba3\u0bcd\u0b9f\u0bc1\u0bae\u0bcd \u0b87\u0bb0\u0bc1\u0b95\u0bcd\u0b95\u0bbf\u0bb1\u0bb5\u0bc8\u0b95\u0bb3\u0bc6\u0bb5\u0bc8\u0b95\u0bb3\u0bcb \u0b85\u0bb5\u0bc8\u0b95\u0bb3\u0bc8\u0baf\u0bc7 \u0b9a\u0bc6\u0baf\u0bcd\u0baf\u0bc1\u0b99\u0bcd\u0b95\u0bb3\u0bcd; \u0b85\u0baa\u0bcd\u0baa\u0bca\u0bb4\u0bc1\u0ba4\u0bc1 \u0b9a\u0bae\u0bbe\u0ba4\u0bbe\u0ba9\u0ba4\u0bcd\u0ba4\u0bbf\u0ba9\u0bcd \u0ba4\u0bc7\u0bb5\u0ba9\u0bcd \u0b89\u0b99\u0bcd\u0b95\u0bb3\u0bcb\u0b9f\u0bbf\u0bb0\u0bc1\u0baa\u0bcd\u0baa\u0bbe\u0bb0\u0bcd."},{"Verseid":"49003009","Verse":"\u0b8e\u0ba9\u0bcd\u0ba9\u0bc8 \u0bb5\u0bbf\u0b9a\u0bbe\u0bb0\u0bbf\u0baa\u0bcd\u0baa\u0ba4\u0bb1\u0bcd\u0b95\u0bc1 \u0ba8\u0bc0\u0b99\u0bcd\u0b95\u0bb3\u0bcd \u0b87\u0baa\u0bcd\u0baa\u0bca\u0bb4\u0bc1\u0ba4\u0bc1 \u0bae\u0bb1\u0bc1\u0baa\u0b9f\u0bbf\u0baf\u0bc1\u0bae\u0bcd \u0bae\u0ba9\u0bae\u0bb2\u0bb0\u0bcd\u0ba8\u0bcd\u0ba4\u0baa\u0b9f\u0bbf\u0baf\u0bbf\u0ba9\u0bbe\u0bb2\u0bc7 \u0b95\u0bb0\u0bcd\u0ba4\u0bcd\u0ba4\u0bb0\u0bc1\u0b95\u0bcd\u0b95\u0bc1\u0bb3\u0bcd \u0bae\u0bbf\u0b95\u0bb5\u0bc1\u0bae\u0bcd \u0b9a\u0ba8\u0bcd\u0ba4\u0bcb\u0bb7\u0baa\u0bcd\u0baa\u0b9f\u0bcd\u0b9f\u0bc7\u0ba9\u0bcd; \u0b87\u0baa\u0bcd\u0baa\u0b9f\u0bbf\u0b9a\u0bcd \u0b9a\u0bc6\u0baf\u0bcd\u0baf \u0b8e\u0ba3\u0bcd\u0ba3\u0b99\u0bcd\u0b95\u0bca\u0ba3\u0bcd\u0b9f\u0bbf\u0bb0\u0bc1\u0ba8\u0bcd\u0ba4\u0bc0\u0bb0\u0bcd\u0b95\u0bb3\u0bcd, \u0b9a\u0bae\u0baf\u0bae\u0bcd\u0bae\u0bbe\u0ba4\u0bcd\u0ba4\u0bbf\u0bb0\u0bae\u0bcd \u0b89\u0b99\u0bcd\u0b95\u0bb3\u0bc1\u0b95\u0bcd\u0b95\u0bc1 \u0ba8\u0bc7\u0bb0\u0bbf\u0b9f\u0bb5\u0bbf\u0bb2\u0bcd\u0bb2\u0bc8."},{"Verseid":"49003010","Verse":"\u0b8e\u0ba9\u0bcd \u0b95\u0bc1\u0bb1\u0bc8\u0b9a\u0bcd\u0b9a\u0bb2\u0bbf\u0ba9\u0bbe\u0bb2\u0bcd \u0ba8\u0bbe\u0ba9\u0bcd \u0b87\u0baa\u0bcd\u0baa\u0b9f\u0bbf\u0b9a\u0bcd\u0b9a\u0bca\u0bb2\u0bcd\u0bb2\u0bc1\u0b95\u0bbf\u0bb1\u0ba4\u0bbf\u0bb2\u0bcd\u0bb2\u0bc8; \u0b8f\u0ba9\u0bc6\u0ba9\u0bbf\u0bb2\u0bcd \u0ba8\u0bbe\u0ba9\u0bcd \u0b8e\u0ba8\u0bcd\u0ba4 \u0ba8\u0bbf\u0bb2\u0bc8\u0bae\u0bc8\u0baf\u0bbf\u0bb2\u0bbf\u0bb0\u0bc1\u0ba8\u0bcd\u0ba4\u0bbe\u0bb2\u0bc1\u0bae\u0bcd \u0bae\u0ba9\u0bb0\u0bae\u0bcd\u0bae\u0bbf\u0baf\u0bae\u0bbe\u0baf\u0bbf\u0bb0\u0bc1\u0b95\u0bcd\u0b95\u0b95\u0bcd \u0b95\u0bb1\u0bcd\u0bb1\u0bc1\u0b95\u0bcd\u0b95\u0bca\u0ba3\u0bcd\u0b9f\u0bc7\u0ba9\u0bcd."},{"Verseid":"49003011","Verse":"\u0ba4\u0bbe\u0bb4\u0bcd\u0ba8\u0bcd\u0ba4\u0bbf\u0bb0\u0bc1\u0b95\u0bcd\u0b95\u0bb5\u0bc1\u0bae\u0bcd \u0b8e\u0ba9\u0b95\u0bcd\u0b95\u0bc1\u0ba4\u0bcd \u0ba4\u0bc6\u0bb0\u0bbf\u0baf\u0bc1\u0bae\u0bcd, \u0bb5\u0bbe\u0bb4\u0bcd\u0ba8\u0bcd\u0ba4\u0bbf\u0bb0\u0bc1\u0b95\u0bcd\u0b95\u0bb5\u0bc1\u0bae\u0bcd \u0b8e\u0ba9\u0b95\u0bcd\u0b95\u0bc1\u0ba4\u0bcd \u0ba4\u0bc6\u0bb0\u0bbf\u0baf\u0bc1\u0bae\u0bcd; \u0b8e\u0bb5\u0bcd\u0bb5\u0bbf\u0b9f\u0ba4\u0bcd\u0ba4\u0bbf\u0bb2\u0bc1\u0bae\u0bcd \u0b8e\u0bb2\u0bcd\u0bb2\u0bbe\u0bb5\u0bb1\u0bcd\u0bb1\u0bbf\u0bb2\u0bc1\u0bae\u0bcd \u0ba4\u0bbf\u0bb0\u0bc1\u0baa\u0bcd\u0ba4\u0bbf\u0baf\u0bbe\u0baf\u0bbf\u0bb0\u0bc1\u0b95\u0bcd\u0b95\u0bb5\u0bc1\u0bae\u0bcd \u0baa\u0b9f\u0bcd\u0b9f\u0bbf\u0ba9\u0bbf\u0baf\u0bbe\u0baf\u0bbf\u0bb0\u0bc1\u0b95\u0bcd\u0b95\u0bb5\u0bc1\u0bae\u0bcd, \u0baa\u0bb0\u0bbf\u0baa\u0bc2\u0bb0\u0ba3\u0bae\u0b9f\u0bc8\u0baf\u0bb5\u0bc1\u0bae\u0bcd \u0b95\u0bc1\u0bb1\u0bc8\u0bb5\u0bc1\u0baa\u0b9f\u0bb5\u0bc1\u0bae\u0bcd \u0baa\u0bcb\u0ba4\u0bbf\u0b95\u0bcd\u0b95\u0baa\u0bcd\u0baa\u0b9f\u0bcd\u0b9f\u0bc7\u0ba9\u0bcd."},{"Verseid":"49003012","Verse":"\u0b8e\u0ba9\u0bcd\u0ba9\u0bc8\u0baa\u0bcd \u0baa\u0bc6\u0bb2\u0baa\u0bcd\u0baa\u0b9f\u0bc1\u0ba4\u0bcd\u0ba4\u0bc1\u0b95\u0bbf\u0bb1 \u0b95\u0bbf\u0bb1\u0bbf\u0bb8\u0bcd\u0ba4\u0bc1\u0bb5\u0bbf\u0ba9\u0bbe\u0bb2\u0bc7 \u0b8e\u0bb2\u0bcd\u0bb2\u0bbe\u0bb5\u0bb1\u0bcd\u0bb1\u0bc8\u0baf\u0bc1\u0b9e\u0bcd\u0b9a\u0bc6\u0baf\u0bcd\u0baf \u0b8e\u0ba9\u0b95\u0bcd\u0b95\u0bc1\u0baa\u0bcd \u0baa\u0bc6\u0bb2\u0ba9\u0bc1\u0ba3\u0bcd\u0b9f\u0bc1."},{"Verseid":"49003013","Verse":"\u0b86\u0b95\u0bbf\u0bb2\u0bc1\u0bae\u0bcd \u0ba8\u0bc0\u0b99\u0bcd\u0b95\u0bb3\u0bcd \u0b8e\u0ba9\u0bcd \u0b89\u0baa\u0ba4\u0bcd\u0ba4\u0bbf\u0bb0\u0bb5\u0ba4\u0bcd\u0ba4\u0bbf\u0bb2\u0bcd \u0b8e\u0ba9\u0bcd\u0ba9\u0bcb\u0b9f\u0bc7 \u0b89\u0b9f\u0ba9\u0bcd\u0baa\u0b9f\u0bcd\u0b9f\u0ba4\u0bc1 \u0ba8\u0bb2\u0bae\u0bbe\u0baf\u0bbf\u0bb0\u0bc1\u0b95\u0bcd\u0b95\u0bbf\u0bb1\u0ba4\u0bc1."},{"Verseid":"49003014","Verse":"\u0bae\u0bc7\u0bb2\u0bc1\u0bae\u0bcd, \u0baa\u0bbf\u0bb2\u0bbf\u0baa\u0bcd\u0baa\u0bbf\u0baf\u0bb0\u0bc7, \u0b9a\u0bc1\u0bb5\u0bbf\u0b9a\u0bc7\u0bb7\u0ba4\u0bcd\u0ba4\u0bbf\u0ba9\u0bcd \u0b86\u0bb0\u0bae\u0bcd\u0baa\u0ba4\u0bcd\u0ba4\u0bbf\u0bb2\u0bc7 \u0ba8\u0bbe\u0ba9\u0bcd \u0bae\u0b95\u0bcd\u0b95\u0bc6\u0ba4\u0bcb\u0ba9\u0bbf\u0baf\u0bbe\u0bb5\u0bbf\u0bb2\u0bbf\u0bb0\u0bc1\u0ba8\u0bcd\u0ba4\u0bc1 \u0baa\u0bc1\u0bb1\u0baa\u0bcd\u0baa\u0b9f\u0bcd\u0b9f\u0baa\u0bcb\u0ba4\u0bc1, \u0b95\u0bca\u0b9f\u0bc1\u0b95\u0bcd\u0b95\u0bb2\u0bcd \u0bb5\u0bbe\u0b99\u0bcd\u0b95\u0bb2\u0bcd \u0b95\u0bbe\u0bb0\u0bbf\u0baf\u0ba4\u0bcd\u0ba4\u0bbf\u0bb2\u0bcd \u0ba8\u0bc0\u0b99\u0bcd\u0b95\u0bb3\u0bcd\u0bae\u0bbe\u0ba4\u0bcd\u0ba4\u0bbf\u0bb0\u0bae\u0bcd \u0b8e\u0ba9\u0b95\u0bcd\u0b95\u0bc1 \u0b89\u0b9f\u0ba9\u0bcd\u0baa\u0b9f\u0bcd\u0b9f\u0ba4\u0bc7\u0baf\u0bb2\u0bcd\u0bb2\u0bbe\u0bae\u0bb2\u0bcd, \u0bb5\u0bc7\u0bb1\u0bca\u0bb0\u0bc1 \u0b9a\u0baa\u0bc8\u0baf\u0bc1\u0bae\u0bcd \u0b89\u0b9f\u0ba9\u0bcd\u0baa\u0b9f\u0bb5\u0bbf\u0bb2\u0bcd\u0bb2\u0bc8 \u0b8e\u0ba9\u0bcd\u0bb1\u0bc1 \u0ba8\u0bc0\u0b99\u0bcd\u0b95\u0bb3\u0bcd \u0b85\u0bb1\u0bbf\u0ba8\u0bcd\u0ba4\u0bbf\u0bb0\u0bc1\u0b95\u0bcd\u0b95\u0bbf\u0bb1\u0bc0\u0bb0\u0bcd\u0b95\u0bb3\u0bcd."},{"Verseid":"49003015","Verse":"\u0ba8\u0bbe\u0ba9\u0bcd \u0ba4\u0bc6\u0b9a\u0bb2\u0bcb\u0ba9\u0bbf\u0b95\u0bcd\u0b95\u0bc7\u0baf\u0bbf\u0bb2\u0bbf\u0bb0\u0bc1\u0ba8\u0bcd\u0ba4\u0baa\u0bcb\u0ba4\u0bc1\u0bae\u0bcd, \u0b8e\u0ba9\u0bcd \u0b95\u0bc1\u0bb1\u0bc8\u0b9a\u0bcd\u0b9a\u0bb2\u0bc8 \u0ba8\u0bc0\u0b95\u0bcd\u0b95\u0bc1\u0bae\u0bcd\u0baa\u0b9f\u0bbf \u0ba8\u0bc0\u0b99\u0bcd\u0b95\u0bb3\u0bcd \u0b87\u0bb0\u0ba3\u0bcd\u0b9f\u0bca\u0bb0\u0bc1\u0ba4\u0bb0\u0bae\u0bcd \u0b85\u0ba9\u0bc1\u0baa\u0bcd\u0baa\u0bbf\u0ba9\u0bc0\u0bb0\u0bcd\u0b95\u0bb3\u0bcd."},{"Verseid":"49003016","Verse":"\u0b89\u0baa\u0b95\u0bbe\u0bb0\u0ba4\u0bcd\u0ba4\u0bc8 \u0ba8\u0bbe\u0ba9\u0bcd \u0ba8\u0bbe\u0b9f\u0bbe\u0bae\u0bb2\u0bcd, \u0b89\u0b99\u0bcd\u0b95\u0bb3\u0bcd \u0b95\u0ba3\u0b95\u0bcd\u0b95\u0bc1\u0b95\u0bcd\u0b95\u0bc1\u0baa\u0bcd \u0baa\u0bb2\u0ba9\u0bcd \u0baa\u0bc6\u0bb0\u0bc1\u0b95\u0bc1\u0bae\u0bcd\u0baa\u0b9f\u0bbf\u0baf\u0bc7 \u0ba8\u0bbe\u0b9f\u0bc1\u0b95\u0bbf\u0bb1\u0bc7\u0ba9\u0bcd."},{"Verseid":"49003017","Verse":"\u0b8e\u0bb2\u0bcd\u0bb2\u0bbe\u0bae\u0bcd \u0b8e\u0ba9\u0b95\u0bcd\u0b95\u0bc1\u0b95\u0bcd \u0b95\u0bbf\u0b9f\u0bc8\u0ba4\u0bcd\u0ba4\u0ba4\u0bc1, \u0baa\u0bb0\u0bbf\u0baa\u0bc2\u0bb0\u0ba3\u0bae\u0bc1\u0bae\u0bcd \u0b89\u0ba3\u0bcd\u0b9f\u0bbe\u0baf\u0bbf\u0bb0\u0bc1\u0b95\u0bcd\u0b95\u0bbf\u0bb1\u0ba4\u0bc1; \u0b89\u0b99\u0bcd\u0b95\u0bb3\u0bbe\u0bb2\u0bcd \u0b85\u0ba9\u0bc1\u0baa\u0bcd\u0baa\u0baa\u0bcd\u0baa\u0b9f\u0bcd\u0b9f\u0bb5\u0bc8\u0b95\u0bb3\u0bc8\u0b9a\u0bcd \u0b9a\u0bc1\u0b95\u0ba8\u0bcd\u0ba4\u0bb5\u0bbe\u0b9a\u0ba9\u0bc8\u0baf\u0bc1\u0bae\u0bcd \u0ba4\u0bc7\u0bb5\u0ba9\u0bc1\u0b95\u0bcd\u0b95\u0bc1\u0baa\u0bcd \u0baa\u0bbf\u0bb0\u0bbf\u0baf\u0bae\u0bbe\u0ba9 \u0b9a\u0bc1\u0b95\u0ba8\u0bcd\u0ba4 \u0baa\u0bb2\u0bbf\u0baf\u0bc1\u0bae\u0bbe\u0b95 \u0b8e\u0baa\u0bcd\u0baa\u0bbe\u0baa\u0bcd\u0baa\u0bbf\u0bb0\u0bcb\u0ba4\u0bc0\u0ba4\u0bcd\u0ba4\u0bc1\u0bb5\u0bbf\u0ba9\u0bcd \u0b95\u0bc8\u0baf\u0bbf\u0bb2\u0bcd \u0bb5\u0bb0\u0baa\u0bcd\u0baa\u0bb1\u0bcd\u0bb1\u0bbf\u0b95\u0bcd\u0b95\u0bca\u0ba3\u0bcd\u0b9f\u0baa\u0b9f\u0bbf\u0baf\u0bbe\u0bb2\u0bcd \u0ba8\u0bbe\u0ba9\u0bcd \u0ba4\u0bbf\u0bb0\u0bc1\u0baa\u0bcd\u0ba4\u0bbf\u0baf\u0b9f\u0bc8\u0ba8\u0bcd\u0ba4\u0bbf\u0bb0\u0bc1\u0b95\u0bcd\u0b95\u0bbf\u0bb1\u0bc7\u0ba9\u0bcd."},{"Verseid":"49003018","Verse":"\u0b8e\u0ba9\u0bcd \u0ba4\u0bc7\u0bb5\u0ba9\u0bcd \u0ba4\u0bae\u0bcd\u0bae\u0bc1\u0b9f\u0bc8\u0baf \u0b90\u0b9a\u0bc1\u0bb5\u0bb0\u0bbf\u0baf\u0ba4\u0bcd\u0ba4\u0bbf\u0ba9\u0bcd\u0baa\u0b9f\u0bbf \u0b89\u0b99\u0bcd\u0b95\u0bb3\u0bcd \u0b95\u0bc1\u0bb1\u0bc8\u0bb5\u0bc8\u0baf\u0bc6\u0bb2\u0bcd\u0bb2\u0bbe\u0b99\u0bcd \u0b95\u0bbf\u0bb1\u0bbf\u0bb8\u0bcd\u0ba4\u0bc1 \u0b87\u0baf\u0bc7\u0b9a\u0bc1\u0bb5\u0bc1\u0b95\u0bcd\u0b95\u0bc1\u0bb3\u0bcd \u0bae\u0b95\u0bbf\u0bae\u0bc8\u0baf\u0bbf\u0bb2\u0bc7 \u0ba8\u0bbf\u0bb1\u0bc8\u0bb5\u0bbe\u0b95\u0bcd\u0b95\u0bc1\u0bb5\u0bbe\u0bb0\u0bcd."},{"Verseid":"49003019","Verse":"\u0ba8\u0bae\u0bcd\u0bae\u0bc1\u0b9f\u0bc8\u0baf \u0baa\u0bbf\u0ba4\u0bbe\u0bb5\u0bbe\u0b95\u0bbf\u0baf \u0ba4\u0bc7\u0bb5\u0ba9\u0bbe\u0ba9\u0bb5\u0bb0\u0bc1\u0b95\u0bcd\u0b95\u0bc1 \u0b8e\u0ba9\u0bcd\u0bb1\u0bc6\u0ba9\u0bcd\u0bb1\u0bc8\u0b95\u0bcd\u0b95\u0bc1\u0bae\u0bcd \u0bae\u0b95\u0bbf\u0bae\u0bc8 \u0b89\u0ba3\u0bcd\u0b9f\u0bbe\u0bb5\u0ba4\u0bbe\u0b95. \u0b86\u0bae\u0bc6\u0ba9\u0bcd."},{"Verseid":"49003020","Verse":"\u0b95\u0bbf\u0bb1\u0bbf\u0bb8\u0bcd\u0ba4\u0bc1 \u0b87\u0baf\u0bc7\u0b9a\u0bc1\u0bb5\u0bc1\u0b95\u0bcd\u0b95\u0bc1\u0bb3\u0bcd\u0bb3\u0bbe\u0ba9 \u0baa\u0bb0\u0bbf\u0b9a\u0bc1\u0ba4\u0bcd\u0ba4\u0bb5\u0bbe\u0ba9\u0bcd\u0b95\u0bb3\u0bcd \u0baf\u0bbe\u0bb5\u0bb0\u0bc1\u0b95\u0bcd\u0b95\u0bc1\u0bae\u0bcd \u0bb5\u0bbe\u0bb4\u0bcd\u0ba4\u0bcd\u0ba4\u0bc1\u0ba4\u0bb2\u0bcd \u0b9a\u0bca\u0bb2\u0bcd\u0bb2\u0bc1\u0b99\u0bcd\u0b95\u0bb3\u0bcd. \u0b8e\u0ba9\u0bcd\u0ba9\u0bcb\u0b9f\u0bbf\u0bb0\u0bc1\u0b95\u0bcd\u0b95\u0bbf\u0bb1 \u0b9a\u0b95\u0bcb\u0ba4\u0bb0\u0bb0\u0bcd\u0b95\u0bb3\u0bcd \u0b89\u0b99\u0bcd\u0b95\u0bb3\u0bc1\u0b95\u0bcd\u0b95\u0bc1 \u0bb5\u0bbe\u0bb4\u0bcd\u0ba4\u0bcd\u0ba4\u0bc1\u0ba4\u0bb2\u0bcd \u0b9a\u0bca\u0bb2\u0bcd\u0bb2\u0bc1\u0b95\u0bbf\u0bb1\u0bbe\u0bb0\u0bcd\u0b95\u0bb3\u0bcd."},{"Verseid":"49003021","Verse":"\u0baa\u0bb0\u0bbf\u0b9a\u0bc1\u0ba4\u0bcd\u0ba4\u0bb5\u0bbe\u0ba9\u0bcd\u0b95\u0bb3\u0bcd \u0b85\u0ba9\u0bc8\u0bb5\u0bb0\u0bc1\u0bae\u0bcd, \u0bb5\u0bbf\u0b9a\u0bc7\u0bb7\u0bae\u0bbe\u0b95 \u0b87\u0bb0\u0bbe\u0baf\u0ba9\u0bc1\u0b9f\u0bc8\u0baf \u0b85\u0bb0\u0bae\u0ba9\u0bc8\u0baf\u0bbf\u0bb2\u0bc1\u0bb3\u0bcd\u0bb3\u0bb5\u0bb0\u0bcd\u0b95\u0bb3\u0bc1\u0bae\u0bcd \u0b89\u0b99\u0bcd\u0b95\u0bb3\u0bc1\u0b95\u0bcd\u0b95\u0bc1 \u0bb5\u0bbe\u0bb4\u0bcd\u0ba4\u0bcd\u0ba4\u0bc1\u0ba4\u0bb2\u0bcd \u0b9a\u0bca\u0bb2\u0bcd\u0bb2\u0bc1\u0b95\u0bbf\u0bb1\u0bbe\u0bb0\u0bcd\u0b95\u0bb3\u0bcd."},{"Verseid":"49003022","Verse":"\u0ba8\u0bae\u0ba4\u0bc1 \u0b95\u0bb0\u0bcd\u0ba4\u0bcd\u0ba4\u0bb0\u0bbe\u0b95\u0bbf\u0baf \u0b87\u0baf\u0bc7\u0b9a\u0bc1\u0b95\u0bbf\u0bb1\u0bbf\u0bb8\u0bcd\u0ba4\u0bc1\u0bb5\u0bbf\u0ba9\u0bc1\u0b9f\u0bc8\u0baf \u0b95\u0bbf\u0bb0\u0bc1\u0baa\u0bc8 \u0b89\u0b99\u0bcd\u0b95\u0bb3\u0ba9\u0bc8\u0bb5\u0bb0\u0bcb\u0b9f\u0bc1\u0b99\u0bcd\u0b95\u0bc2\u0b9f \u0b87\u0bb0\u0bc1\u0baa\u0bcd\u0baa\u0ba4\u0bbe\u0b95. \u0b86\u0bae\u0bc6\u0ba9\u0bcd."}]}]}