{"Chapter":[{"Verse":[{"Verseid":"53000000","Verse":"\u0ba8\u0bae\u0bcd\u0bae\u0bc1\u0b9f\u0bc8\u0baf \u0b87\u0bb0\u0b9f\u0bcd\u0b9a\u0b95\u0bb0\u0bbe\u0baf\u0bbf\u0bb0\u0bc1\u0b95\u0bcd\u0b95\u0bbf\u0bb1 \u0ba4\u0bc7\u0bb5\u0ba9\u0bc1\u0bae\u0bcd, \u0ba8\u0bae\u0bcd\u0bae\u0bc1\u0b9f\u0bc8\u0baf \u0ba8\u0bae\u0bcd\u0baa\u0bbf\u0b95\u0bcd\u0b95\u0bc8\u0baf\u0bbe\u0baf\u0bbf\u0bb0\u0bc1\u0b95\u0bcd\u0b95\u0bbf\u0bb1 \u0b95\u0bb0\u0bcd\u0ba4\u0bcd\u0ba4\u0bb0\u0bbe\u0b95\u0bbf\u0baf \u0b87\u0baf\u0bc7\u0b9a\u0bc1\u0b95\u0bbf\u0bb1\u0bbf\u0bb8\u0bcd\u0ba4\u0bc1\u0bb5\u0bc1\u0bae\u0bcd \u0b95\u0b9f\u0bcd\u0b9f\u0bb3\u0bc8\u0baf\u0bbf\u0b9f\u0bcd\u0b9f\u0baa\u0b9f\u0bbf\u0baf\u0bc7, \u0b87\u0baf\u0bc7\u0b9a\u0bc1\u0b95\u0bbf\u0bb1\u0bbf\u0bb8\u0bcd\u0ba4\u0bc1\u0bb5\u0bbf\u0ba9\u0bcd \u0b85\u0baa\u0bcd\u0baa\u0bcb\u0bb8\u0bcd\u0ba4\u0bb2\u0ba9\u0bbe\u0baf\u0bbf\u0bb0\u0bc1\u0b95\u0bcd\u0b95\u0bbf\u0bb1 \u0baa\u0bb5\u0bc1\u0bb2\u0bcd,"},{"Verseid":"53000001","Verse":"\u0bb5\u0bbf\u0b9a\u0bc1\u0bb5\u0bbe\u0b9a\u0ba4\u0bcd\u0ba4\u0bbf\u0bb2\u0bcd \u0b89\u0ba4\u0bcd\u0ba4\u0bae \u0b95\u0bc1\u0bae\u0bbe\u0bb0\u0ba9\u0bbe\u0b95\u0bbf\u0baf \u0ba4\u0bc0\u0bae\u0bcb\u0ba4\u0bcd\u0ba4\u0bc7\u0baf\u0bc1\u0bb5\u0bc1\u0b95\u0bcd\u0b95\u0bc1 \u0b8e\u0bb4\u0bc1\u0ba4\u0bc1\u0b95\u0bbf\u0bb1\u0ba4\u0bbe\u0bb5\u0ba4\u0bc1: \u0ba8\u0bae\u0bcd\u0bae\u0bc1\u0b9f\u0bc8\u0baf \u0baa\u0bbf\u0ba4\u0bbe\u0bb5\u0bbe\u0b95\u0bbf\u0baf \u0ba4\u0bc7\u0bb5\u0ba9\u0bbe\u0bb2\u0bc1\u0bae\u0bcd \u0ba8\u0bae\u0bcd\u0bae\u0bc1\u0b9f\u0bc8\u0baf \u0b95\u0bb0\u0bcd\u0ba4\u0bcd\u0ba4\u0bb0\u0bbe\u0b95\u0bbf\u0baf \u0b95\u0bbf\u0bb1\u0bbf\u0bb8\u0bcd\u0ba4\u0bc1 \u0b87\u0baf\u0bc7\u0b9a\u0bc1\u0bb5\u0bbf\u0ba9\u0bbe\u0bb2\u0bc1\u0bae\u0bcd \u0b95\u0bbf\u0bb0\u0bc1\u0baa\u0bc8\u0baf\u0bc1\u0bae\u0bcd \u0b87\u0bb0\u0b95\u0bcd\u0b95\u0bae\u0bc1\u0bae\u0bcd \u0b9a\u0bae\u0bbe\u0ba4\u0bbe\u0ba9\u0bae\u0bc1\u0bae\u0bcd \u0b89\u0ba3\u0bcd\u0b9f\u0bbe\u0bb5\u0ba4\u0bbe\u0b95."},{"Verseid":"53000002","Verse":"\u0bb5\u0bc7\u0bb1\u0bcd\u0bb1\u0bc1\u0bae\u0bc8\u0baf\u0bbe\u0ba9 \u0b89\u0baa\u0ba4\u0bc7\u0b9a\u0b99\u0bcd\u0b95\u0bb3\u0bc8\u0baa\u0bcd \u0baa\u0bcb\u0ba4\u0bbf\u0baf\u0bbe\u0ba4\u0baa\u0b9f\u0bbf\u0b95\u0bcd\u0b95\u0bc1\u0bae\u0bcd, \u0bb5\u0bbf\u0b9a\u0bc1\u0bb5\u0bbe\u0b9a\u0ba4\u0bcd\u0ba4\u0bbf\u0ba9\u0bbe\u0bb2\u0bcd \u0bb5\u0bbf\u0bb3\u0b99\u0bcd\u0b95\u0bc1\u0bae\u0bcd \u0ba4\u0bc6\u0baf\u0bcd\u0bb5\u0bc0\u0b95 \u0baa\u0b95\u0bcd\u0ba4\u0bbf\u0bb5\u0bbf\u0bb0\u0bc1\u0ba4\u0bcd\u0ba4\u0bbf\u0b95\u0bcd\u0b95\u0bc1 \u0b8f\u0ba4\u0bc1\u0bb5\u0bbe\u0baf\u0bbf\u0bb0\u0bbe\u0bae\u0bb2\u0bcd, \u0ba4\u0bb0\u0bcd\u0b95\u0bcd\u0b95\u0b99\u0bcd\u0b95\u0bb3\u0bc1\u0b95\u0bcd\u0b95\u0bc1 \u0b8f\u0ba4\u0bc1\u0bb5\u0bbe\u0baf\u0bbf\u0bb0\u0bc1\u0b95\u0bcd\u0b95\u0bbf\u0bb1 \u0b95\u0b9f\u0bcd\u0b9f\u0bc1\u0b95\u0bcd\u0b95\u0ba4\u0bc8\u0b95\u0bb3\u0bc8\u0baf\u0bc1\u0bae\u0bcd \u0bae\u0bc1\u0b9f\u0bbf\u0bb5\u0bbf\u0bb2\u0bcd\u0bb2\u0bbe\u0ba4 \u0bb5\u0bae\u0bcd\u0b9a\u0bb5\u0bb0\u0bb2\u0bbe\u0bb1\u0bc1\u0b95\u0bb3\u0bc8\u0baf\u0bc1\u0bae\u0bcd \u0b95\u0bb5\u0ba9\u0bbf\u0baf\u0bbe\u0ba4\u0baa\u0b9f\u0bbf\u0b95\u0bcd\u0b95\u0bc1\u0bae\u0bcd, \u0ba8\u0bc0 \u0b9a\u0bbf\u0bb2\u0bb0\u0bc1\u0b95\u0bcd\u0b95\u0bc1\u0b95\u0bcd \u0b95\u0b9f\u0bcd\u0b9f\u0bb3\u0bc8\u0baf\u0bbf\u0b9f\u0bc1\u0bae\u0bcd\u0baa\u0bca\u0bb0\u0bc1\u0b9f\u0bcd\u0b9f\u0bbe\u0b95,"},{"Verseid":"53000003","Verse":"\u0ba8\u0bbe\u0ba9\u0bcd \u0bae\u0b95\u0bcd\u0b95\u0bc6\u0ba4\u0bcb\u0ba9\u0bbf\u0baf\u0bbe\u0bb5\u0bc1\u0b95\u0bcd\u0b95\u0bc1\u0baa\u0bcd \u0baa\u0bcb\u0b95\u0bc1\u0bae\u0bcd\u0baa\u0bcb\u0ba4\u0bc1 \u0b89\u0ba9\u0bcd\u0ba9\u0bc8 \u0b8e\u0baa\u0bc7\u0b9a\u0bc1 \u0baa\u0b9f\u0bcd\u0b9f\u0ba3\u0ba4\u0bcd\u0ba4\u0bbf\u0bb2\u0bbf\u0bb0\u0bc1\u0b95\u0bcd\u0b95 \u0bb5\u0bc7\u0ba3\u0bcd\u0b9f\u0bbf\u0b95\u0bcd\u0b95\u0bca\u0ba3\u0bcd\u0b9f\u0baa\u0b9f\u0bbf\u0baf\u0bc7 \u0b9a\u0bc6\u0baf\u0bcd\u0bb5\u0bbe\u0baf\u0bbe\u0b95."},{"Verseid":"53000004","Verse":"\u0b95\u0bb1\u0bcd\u0baa\u0ba9\u0bc8\u0baf\u0bbf\u0ba9\u0bcd \u0baa\u0bca\u0bb0\u0bc1\u0bb3\u0bcd \u0b8e\u0ba9\u0bcd\u0ba9\u0bb5\u0bc6\u0ba9\u0bbf\u0bb2\u0bcd, \u0b9a\u0bc1\u0ba4\u0bcd\u0ba4\u0bae\u0bbe\u0ba9 \u0b87\u0bb0\u0bc1\u0ba4\u0baf\u0ba4\u0bcd\u0ba4\u0bbf\u0bb2\u0bc1\u0bae\u0bcd \u0ba8\u0bb2\u0bcd\u0bae\u0ba9\u0b9a\u0bcd\u0b9a\u0bbe\u0b9f\u0bcd\u0b9a\u0bbf\u0baf\u0bbf\u0bb2\u0bc1\u0bae\u0bcd \u0bae\u0bbe\u0baf\u0bae\u0bb1\u0bcd\u0bb1 \u0bb5\u0bbf\u0b9a\u0bc1\u0bb5\u0bbe\u0b9a\u0ba4\u0bcd\u0ba4\u0bbf\u0bb2\u0bc1\u0bae\u0bcd \u0baa\u0bbf\u0bb1\u0b95\u0bcd\u0b95\u0bc1\u0bae\u0bcd \u0b85\u0ba9\u0bcd\u0baa\u0bc7."},{"Verseid":"53000005","Verse":"\u0b87\u0bb5\u0bc8\u0b95\u0bb3\u0bc8\u0b9a\u0bcd \u0b9a\u0bbf\u0bb2\u0bb0\u0bcd \u0ba8\u0bcb\u0b95\u0bcd\u0b95\u0bbe\u0bae\u0bb2\u0bcd \u0bb5\u0bc0\u0ba3\u0bcd\u0baa\u0bc7\u0b9a\u0bcd\u0b9a\u0bc1\u0b95\u0bcd\u0b95\u0bc1 \u0b87\u0b9f\u0b99\u0bcd\u0b95\u0bca\u0b9f\u0bc1\u0ba4\u0bcd\u0ba4\u0bc1 \u0bb5\u0bbf\u0bb2\u0b95\u0bbf\u0baa\u0bcd\u0baa\u0bcb\u0ba9\u0bbe\u0bb0\u0bcd\u0b95\u0bb3\u0bcd."},{"Verseid":"53000006","Verse":"\u0ba4\u0bbe\u0b99\u0bcd\u0b95\u0bb3\u0bcd \u0b9a\u0bca\u0bb2\u0bcd\u0bb2\u0bc1\u0b95\u0bbf\u0bb1\u0ba4\u0bc1 \u0b87\u0ba9\u0bcd\u0ba9\u0ba4\u0bc6\u0ba9\u0bcd\u0bb1\u0bc1\u0bae\u0bcd, \u0ba4\u0bbe\u0b99\u0bcd\u0b95\u0bb3\u0bcd \u0b9a\u0bbe\u0ba4\u0bbf\u0b95\u0bcd\u0b95\u0bbf\u0bb1\u0ba4\u0bc1 \u0b87\u0ba9\u0bcd\u0ba9\u0ba4\u0bc6\u0ba9\u0bcd\u0bb1\u0bc1\u0bae\u0bcd \u0b85\u0bb1\u0bbf\u0baf\u0bbe\u0ba4\u0bbf\u0bb0\u0bc1\u0ba8\u0bcd\u0ba4\u0bc1\u0bae\u0bcd, \u0ba8\u0bbf\u0baf\u0bbe\u0baf\u0baa\u0bcd\u0baa\u0bbf\u0bb0\u0bae\u0bbe\u0ba3 \u0baa\u0bcb\u0ba4\u0b95\u0bb0\u0bbe\u0baf\u0bbf\u0bb0\u0bc1\u0b95\u0bcd\u0b95 \u0bb5\u0bbf\u0bb0\u0bc1\u0bae\u0bcd\u0baa\u0bc1\u0b95\u0bbf\u0bb1\u0bbe\u0bb0\u0bcd\u0b95\u0bb3\u0bcd."},{"Verseid":"53000007","Verse":"\u0b92\u0bb0\u0bc1\u0bb5\u0ba9\u0bcd \u0ba8\u0bbf\u0baf\u0bbe\u0baf\u0baa\u0bcd\u0baa\u0bbf\u0bb0\u0bae\u0bbe\u0ba3\u0ba4\u0bcd\u0ba4\u0bc8 \u0ba8\u0bbf\u0baf\u0bbe\u0baf\u0baa\u0bcd\u0baa\u0b9f\u0bbf \u0b85\u0ba8\u0bc1\u0b9a\u0bb0\u0bbf\u0ba4\u0bcd\u0ba4\u0bbe\u0bb2\u0bcd, \u0ba8\u0bbf\u0baf\u0bbe\u0baf\u0baa\u0bcd\u0baa\u0bbf\u0bb0\u0bae\u0bbe\u0ba3\u0bae\u0bcd \u0ba8\u0bb2\u0bcd\u0bb2\u0ba4\u0bc6\u0ba9\u0bcd\u0bb1\u0bc1 \u0b85\u0bb1\u0bbf\u0ba8\u0bcd\u0ba4\u0bbf\u0bb0\u0bc1\u0b95\u0bcd\u0b95\u0bbf\u0bb1\u0bcb\u0bae\u0bcd."},{"Verseid":"53000008","Verse":"\u0b8e\u0b99\u0bcd\u0b95\u0bb3\u0bc1\u0b95\u0bcd\u0b95\u0bc1\u0ba4\u0bcd \u0ba4\u0bc6\u0bb0\u0bbf\u0ba8\u0bcd\u0ba4\u0bbf\u0bb0\u0bc1\u0b95\u0bcd\u0b95\u0bbf\u0bb1\u0baa\u0b9f\u0bbf, \u0ba8\u0bbf\u0baf\u0bbe\u0baf\u0baa\u0bcd\u0baa\u0bbf\u0bb0\u0bae\u0bbe\u0ba3\u0bae\u0bcd \u0ba8\u0bc0\u0ba4\u0bbf\u0bae\u0bbe\u0ba9\u0bc1\u0b95\u0bcd\u0b95\u0bc1 \u0bb5\u0bbf\u0ba4\u0bbf\u0b95\u0bcd\u0b95\u0baa\u0bcd\u0baa\u0b9f\u0bbe\u0bae\u0bb2\u0bcd, \u0b85\u0b95\u0bcd\u0b95\u0bbf\u0bb0\u0bae\u0b95\u0bcd\u0b95\u0bbe\u0bb0\u0bb0\u0bc1\u0b95\u0bcd\u0b95\u0bc1\u0bae\u0bcd, \u0b85\u0b9f\u0b99\u0bcd\u0b95\u0bbe\u0ba4\u0bb5\u0bb0\u0bcd\u0b95\u0bb3\u0bc1\u0b95\u0bcd\u0b95\u0bc1\u0bae\u0bcd, \u0baa\u0b95\u0bcd\u0ba4\u0bbf\u0baf\u0bbf\u0bb2\u0bcd\u0bb2\u0bbe\u0ba4\u0bb5\u0bb0\u0bcd\u0b95\u0bb3\u0bc1\u0b95\u0bcd\u0b95\u0bc1\u0bae\u0bcd, \u0baa\u0bbe\u0bb5\u0bbf\u0b95\u0bb3\u0bc1\u0b95\u0bcd\u0b95\u0bc1\u0bae\u0bcd, \u0b85\u0b9a\u0bc1\u0ba4\u0bcd\u0ba4\u0bb0\u0bc1\u0b95\u0bcd\u0b95\u0bc1\u0bae\u0bcd, \u0b9a\u0bc0\u0bb0\u0bcd\u0b95\u0bc6\u0b9f\u0bcd\u0b9f\u0bb5\u0bb0\u0bcd\u0b95\u0bb3\u0bc1\u0b95\u0bcd\u0b95\u0bc1\u0bae\u0bcd, \u0ba4\u0bbe\u0baf\u0bcd\u0ba4\u0b95\u0baa\u0bcd\u0baa\u0ba9\u0bcd\u0bae\u0bbe\u0bb0\u0bc8 \u0b85\u0b9f\u0bbf\u0b95\u0bcd\u0b95\u0bbf\u0bb1\u0bb5\u0bb0\u0bcd\u0b95\u0bb3\u0bc1\u0b95\u0bcd\u0b95\u0bc1\u0bae\u0bcd, \u0b95\u0bca\u0bb2\u0bc8\u0baa\u0bbe\u0ba4\u0b95\u0bb0\u0bc1\u0b95\u0bcd\u0b95\u0bc1\u0bae\u0bcd,"},{"Verseid":"53000009","Verse":"\u0bb5\u0bc7\u0b9a\u0bbf\u0b95\u0bcd\u0b95\u0bb3\u0bcd\u0bb3\u0bb0\u0bc1\u0b95\u0bcd\u0b95\u0bc1\u0bae\u0bcd, \u0b86\u0ba3\u0bcd\u0baa\u0bc1\u0ba3\u0bb0\u0bcd\u0b9a\u0bcd\u0b9a\u0bbf\u0b95\u0bcd\u0b95\u0bbe\u0bb0\u0bb0\u0bc1\u0b95\u0bcd\u0b95\u0bc1\u0bae\u0bcd, \u0bae\u0ba9\u0bc1\u0bb7\u0bb0\u0bc8\u0ba4\u0bcd \u0ba4\u0bbf\u0bb0\u0bc1\u0b9f\u0bc1\u0b95\u0bbf\u0bb1\u0bb5\u0bb0\u0bcd\u0b95\u0bb3\u0bc1\u0b95\u0bcd\u0b95\u0bc1\u0bae\u0bcd, \u0baa\u0bca\u0baf\u0bcd\u0baf\u0bb0\u0bc1\u0b95\u0bcd\u0b95\u0bc1\u0bae\u0bcd, \u0baa\u0bca\u0baf\u0bcd\u0baf\u0bbe\u0ba3\u0bc8 \u0b87\u0b9f\u0bc1\u0b95\u0bbf\u0bb1\u0bb5\u0bb0\u0bcd\u0b95\u0bb3\u0bc1\u0b95\u0bcd\u0b95\u0bc1\u0bae\u0bcd,"},{"Verseid":"53000010","Verse":"\u0ba8\u0bbf\u0ba4\u0bcd\u0ba4\u0bbf\u0baf\u0bbe\u0ba9\u0ba8\u0bcd\u0ba4 \u0ba4\u0bc7\u0bb5\u0ba9\u0bc1\u0b9f\u0bc8\u0baf \u0bae\u0b95\u0bbf\u0bae\u0bc8\u0baf\u0bbe\u0ba9 \u0b9a\u0bc1\u0bb5\u0bbf\u0b9a\u0bc7\u0bb7\u0ba4\u0bcd\u0ba4\u0bbf\u0ba9\u0bcd\u0baa\u0b9f\u0bbf \u0b8e\u0ba9\u0b95\u0bcd\u0b95\u0bc1 \u0b92\u0baa\u0bcd\u0baa\u0bc1\u0bb5\u0bbf\u0b95\u0bcd\u0b95\u0baa\u0bcd\u0baa\u0b9f\u0bcd\u0b9f\u0bbf\u0bb0\u0bc1\u0b95\u0bcd\u0b95\u0bbf\u0bb1 \u0b86\u0bb0\u0bcb\u0b95\u0bcd\u0b95\u0bbf\u0baf\u0bae\u0bbe\u0ba9 \u0b89\u0baa\u0ba4\u0bc7\u0b9a\u0ba4\u0bcd\u0ba4\u0bbf\u0bb1\u0bcd\u0b95\u0bc1 \u0b8e\u0ba4\u0bbf\u0bb0\u0bbf\u0b9f\u0bc8\u0baf\u0bbe\u0baf\u0bbf\u0bb0\u0bc1\u0b95\u0bcd\u0b95\u0bbf\u0bb1 \u0bae\u0bb1\u0bcd\u0bb1\u0bc6\u0ba8\u0bcd\u0ba4\u0b9a\u0bcd \u0b9a\u0bc6\u0baf\u0bcd\u0b95\u0bc8\u0b95\u0bcd\u0b95\u0bc1\u0bae\u0bcd \u0bb5\u0bbf\u0bb0\u0bcb\u0ba4\u0bae\u0bbe\u0baf\u0bcd \u0bb5\u0bbf\u0ba4\u0bbf\u0b95\u0bcd\u0b95\u0baa\u0bcd\u0baa\u0b9f\u0bcd\u0b9f\u0bbf\u0bb0\u0bc1\u0b95\u0bcd\u0b95\u0bbf\u0bb1\u0ba4\u0bc1."},{"Verseid":"53000011","Verse":"\u0b8e\u0ba9\u0bcd\u0ba9\u0bc8\u0baa\u0bcd \u0baa\u0bb2\u0baa\u0bcd\u0baa\u0b9f\u0bc1\u0ba4\u0bcd\u0ba4\u0bc1\u0b95\u0bbf\u0bb1 \u0ba8\u0bae\u0bcd\u0bae\u0bc1\u0b9f\u0bc8\u0baf \u0b95\u0bb0\u0bcd\u0ba4\u0bcd\u0ba4\u0bb0\u0bbe\u0b95\u0bbf\u0baf \u0b87\u0baf\u0bc7\u0b9a\u0bc1\u0b95\u0bbf\u0bb1\u0bbf\u0bb8\u0bcd\u0ba4\u0bc1 \u0b8e\u0ba9\u0bcd\u0ba9\u0bc8 \u0b89\u0ba3\u0bcd\u0bae\u0bc8\u0baf\u0bc1\u0bb3\u0bcd\u0bb3\u0bb5\u0ba9\u0bc6\u0ba9\u0bcd\u0bb1\u0bc6\u0ba3\u0bcd\u0ba3\u0bbf, \u0b87\u0ba8\u0bcd\u0ba4 \u0b8a\u0bb4\u0bbf\u0baf\u0ba4\u0bcd\u0ba4\u0bbf\u0bb1\u0bcd\u0b95\u0bc1 \u0b8f\u0bb1\u0bcd\u0baa\u0b9f\u0bc1\u0ba4\u0bcd\u0ba4\u0bbf\u0ba9\u0baa\u0b9f\u0bbf\u0baf\u0bbe\u0bb2\u0bcd, \u0b85\u0bb5\u0bb0\u0bc8 \u0bb8\u0bcd\u0ba4\u0bcb\u0ba4\u0bcd\u0ba4\u0bbf\u0bb0\u0bbf\u0b95\u0bcd\u0b95\u0bbf\u0bb1\u0bc7\u0ba9\u0bcd."},{"Verseid":"53000012","Verse":"\u0bae\u0bc1\u0ba9\u0bcd\u0ba9\u0bc7 \u0ba8\u0bbe\u0ba9\u0bcd \u0ba4\u0bc2\u0bb7\u0bbf\u0b95\u0bcd\u0b95\u0bbf\u0bb1\u0bb5\u0ba9\u0bc1\u0bae\u0bcd, \u0ba4\u0bc1\u0ba9\u0bcd\u0baa\u0baa\u0bcd\u0baa\u0b9f\u0bc1\u0ba4\u0bcd\u0ba4\u0bc1\u0b95\u0bbf\u0bb1\u0bb5\u0ba9\u0bc1\u0bae\u0bcd, \u0b95\u0bca\u0b9f\u0bc1\u0bae\u0bc8 \u0b9a\u0bc6\u0baf\u0bcd\u0b95\u0bbf\u0bb1\u0bb5\u0ba9\u0bc1\u0bae\u0bbe\u0baf\u0bbf\u0bb0\u0bc1\u0ba8\u0bcd\u0ba4\u0bc7\u0ba9\u0bcd; \u0b85\u0baa\u0bcd\u0baa\u0b9f\u0bbf\u0baf\u0bbf\u0bb0\u0bc1\u0ba8\u0bcd\u0ba4\u0bc1\u0bae\u0bcd, \u0ba8\u0bbe\u0ba9\u0bcd \u0b85\u0bb1\u0bbf\u0baf\u0bbe\u0bae\u0bb2\u0bcd \u0b85\u0bb5\u0bbf\u0b9a\u0bc1\u0bb5\u0bbe\u0b9a\u0ba4\u0bcd\u0ba4\u0bbf\u0ba9\u0bbe\u0bb2\u0bc7 \u0b85\u0baa\u0bcd\u0baa\u0b9f\u0bbf\u0b9a\u0bcd\u0b9a\u0bc6\u0baf\u0bcd\u0ba4\u0baa\u0b9f\u0bbf\u0baf\u0bbf\u0ba9\u0bbe\u0bb2\u0bcd \u0b87\u0bb0\u0b95\u0bcd\u0b95\u0bae\u0bcd\u0baa\u0bc6\u0bb1\u0bcd\u0bb1\u0bc7\u0ba9\u0bcd."},{"Verseid":"53000013","Verse":"\u0ba8\u0bae\u0bcd\u0bae\u0bc1\u0b9f\u0bc8\u0baf \u0b95\u0bb0\u0bcd\u0ba4\u0bcd\u0ba4\u0bb0\u0bbf\u0ba9\u0bcd \u0b95\u0bbf\u0bb0\u0bc1\u0baa\u0bc8 \u0b95\u0bbf\u0bb1\u0bbf\u0bb8\u0bcd\u0ba4\u0bc1 \u0b87\u0baf\u0bc7\u0b9a\u0bc1\u0bb5\u0bbf\u0ba9\u0bcd\u0bae\u0bc7\u0bb2\u0bc1\u0bb3\u0bcd\u0bb3 \u0bb5\u0bbf\u0b9a\u0bc1\u0bb5\u0bbe\u0b9a\u0ba4\u0bcd\u0ba4\u0bcb\u0b9f\u0bc1\u0bae\u0bcd \u0b85\u0ba9\u0bcd\u0baa\u0bcb\u0b9f\u0bc1\u0b99\u0bcd\u0b95\u0bc2\u0b9f \u0b8e\u0ba9\u0bcd\u0ba9\u0bbf\u0b9f\u0ba4\u0bcd\u0ba4\u0bbf\u0bb2\u0bcd \u0baa\u0bb0\u0bbf\u0baa\u0bc2\u0bb0\u0ba3\u0bae\u0bbe\u0baf\u0bcd\u0baa\u0bcd \u0baa\u0bc6\u0bb0\u0bc1\u0b95\u0bbf\u0bb1\u0bcd\u0bb1\u0bc1."},{"Verseid":"53000014","Verse":"\u0baa\u0bbe\u0bb5\u0bbf\u0b95\u0bb3\u0bc8 \u0b87\u0bb0\u0b9f\u0bcd\u0b9a\u0bbf\u0b95\u0bcd\u0b95 \u0b95\u0bbf\u0bb1\u0bbf\u0bb8\u0bcd\u0ba4\u0bc1 \u0b87\u0baf\u0bc7\u0b9a\u0bc1 \u0b89\u0bb2\u0b95\u0ba4\u0bcd\u0ba4\u0bbf\u0bb2\u0bcd \u0bb5\u0ba8\u0bcd\u0ba4\u0bbe\u0bb0\u0bcd \u0b8e\u0ba9\u0bcd\u0b95\u0bbf\u0bb1 \u0bb5\u0bbe\u0bb0\u0bcd\u0ba4\u0bcd\u0ba4\u0bc8 \u0b89\u0ba3\u0bcd\u0bae\u0bc8\u0baf\u0bc1\u0bae\u0bcd \u0b8e\u0bb2\u0bcd\u0bb2\u0bbe \u0b85\u0b99\u0bcd\u0b95\u0bbf\u0b95\u0bb0\u0bbf\u0baa\u0bcd\u0baa\u0bc1\u0b95\u0bcd\u0b95\u0bc1\u0bae\u0bcd \u0baa\u0bbe\u0ba4\u0bcd\u0ba4\u0bbf\u0bb0\u0bae\u0bc1\u0bae\u0bbe\u0ba9\u0ba4\u0bc1; \u0b85\u0bb5\u0bb0\u0bcd\u0b95\u0bb3\u0bbf\u0bb2\u0bcd \u0baa\u0bbf\u0bb0\u0ba4\u0bbe\u0ba9 \u0baa\u0bbe\u0bb5\u0bbf \u0ba8\u0bbe\u0ba9\u0bcd."},{"Verseid":"53000015","Verse":"\u0b85\u0baa\u0bcd\u0baa\u0b9f\u0bbf\u0baf\u0bbf\u0bb0\u0bc1\u0ba8\u0bcd\u0ba4\u0bc1\u0bae\u0bcd, \u0ba8\u0bbf\u0ba4\u0bcd\u0ba4\u0bbf\u0baf \u0b9c\u0bc0\u0bb5\u0ba9\u0bc8 \u0b85\u0b9f\u0bc8\u0baf\u0bc1\u0bae\u0bcd\u0baa\u0b9f\u0bbf \u0b87\u0ba9\u0bbf\u0bae\u0bc7\u0bb2\u0bcd \u0b87\u0baf\u0bc7\u0b9a\u0bc1\u0b95\u0bbf\u0bb1\u0bbf\u0bb8\u0bcd\u0ba4\u0bc1\u0bb5\u0bbf\u0ba9\u0bbf\u0b9f\u0ba4\u0bcd\u0ba4\u0bbf\u0bb2\u0bcd \u0bb5\u0bbf\u0b9a\u0bc1\u0bb5\u0bbe\u0b9a\u0bae\u0bbe\u0baf\u0bbf\u0bb0\u0bc1\u0baa\u0bcd\u0baa\u0bb5\u0bb0\u0bcd\u0b95\u0bb3\u0bc1\u0b95\u0bcd\u0b95\u0bc1\u0ba4\u0bcd \u0ba4\u0bbf\u0bb0\u0bc1\u0bb7\u0bcd\u0b9f\u0bbe\u0ba8\u0bcd\u0ba4\u0bae\u0bcd \u0b89\u0ba3\u0bcd\u0b9f\u0bbe\u0b95\u0bc1\u0bae\u0bcd\u0baa\u0bca\u0bb0\u0bc1\u0b9f\u0bcd\u0b9f\u0bc1\u0baa\u0bcd \u0baa\u0bbf\u0bb0\u0ba4\u0bbe\u0ba9 \u0baa\u0bbe\u0bb5\u0bbf\u0baf\u0bbe\u0b95\u0bbf\u0baf \u0b8e\u0ba9\u0bcd\u0ba9\u0bbf\u0b9f\u0ba4\u0bcd\u0ba4\u0bbf\u0bb2\u0bcd \u0b85\u0bb5\u0bb0\u0bcd \u0b8e\u0bb2\u0bcd\u0bb2\u0bbe \u0ba8\u0bc0\u0b9f\u0bbf\u0baf \u0baa\u0bca\u0bb1\u0bc1\u0bae\u0bc8\u0baf\u0bc8\u0baf\u0bc1\u0bae\u0bcd \u0b95\u0bbe\u0ba3\u0bcd\u0baa\u0bbf\u0b95\u0bcd\u0b95\u0bc1\u0bae\u0bcd\u0baa\u0b9f\u0bbf\u0b95\u0bcd\u0b95\u0bc1 \u0b87\u0bb0\u0b95\u0bcd\u0b95\u0bae\u0bcd\u0baa\u0bc6\u0bb1\u0bcd\u0bb1\u0bc7\u0ba9\u0bcd."},{"Verseid":"53000016","Verse":"\u0ba8\u0bbf\u0ba4\u0bcd\u0ba4\u0bbf\u0baf\u0bae\u0bc1\u0bae\u0bcd \u0b85\u0bb4\u0bbf\u0bb5\u0bbf\u0bb2\u0bcd\u0bb2\u0bbe\u0bae\u0bc8\u0baf\u0bc1\u0bae\u0bcd \u0b85\u0ba4\u0bb0\u0bbf\u0b9a\u0ba9\u0bae\u0bc1\u0bae\u0bc1\u0bb3\u0bcd\u0bb3 \u0bb0\u0bbe\u0b9c\u0ba9\u0bc1\u0bae\u0bbe\u0baf\u0bcd, \u0ba4\u0bbe\u0bae\u0bca\u0bb0\u0bc1\u0bb5\u0bb0\u0bc7 \u0b9e\u0bbe\u0ba9\u0bae\u0bc1\u0bb3\u0bcd\u0bb3 \u0ba4\u0bc7\u0bb5\u0ba9\u0bc1\u0bae\u0bbe\u0baf\u0bbf\u0bb0\u0bc1\u0b95\u0bcd\u0b95\u0bbf\u0bb1\u0bb5\u0bb0\u0bc1\u0b95\u0bcd\u0b95\u0bc1, \u0b95\u0ba9\u0bae\u0bc1\u0bae\u0bcd \u0bae\u0b95\u0bbf\u0bae\u0bc8\u0baf\u0bc1\u0bae\u0bcd \u0b9a\u0ba4\u0bbe\u0b95\u0bbe\u0bb2\u0b99\u0bcd\u0b95\u0bb3\u0bbf\u0bb2\u0bc1\u0bae\u0bcd \u0b89\u0ba3\u0bcd\u0b9f\u0bbe\u0baf\u0bbf\u0bb0\u0bc1\u0baa\u0bcd\u0baa\u0ba4\u0bbe\u0b95. \u0b86\u0bae\u0bc6\u0ba9\u0bcd."},{"Verseid":"53000017","Verse":"\u0b95\u0bc1\u0bae\u0bbe\u0bb0\u0ba9\u0bbe\u0b95\u0bbf\u0baf \u0ba4\u0bc0\u0bae\u0bcb\u0ba4\u0bcd\u0ba4\u0bc7\u0baf\u0bc1\u0bb5\u0bc7, \u0b89\u0ba9\u0bcd\u0ba9\u0bc8\u0b95\u0bcd\u0b95\u0bc1\u0bb1\u0bbf\u0ba4\u0bcd\u0ba4\u0bc1 \u0bae\u0bc1\u0ba9\u0bcd \u0b89\u0ba3\u0bcd\u0b9f\u0bbe\u0ba9 \u0ba4\u0bc0\u0bb0\u0bcd\u0b95\u0bcd\u0b95\u0ba4\u0bb0\u0bbf\u0b9a\u0ba9\u0b99\u0bcd\u0b95\u0bb3\u0bbf\u0ba9\u0bcd\u0baa\u0b9f\u0bbf\u0baf\u0bc7, \u0ba8\u0bc0 \u0b85\u0bb5\u0bc8\u0b95\u0bb3\u0bc8 \u0bae\u0bc1\u0ba9\u0bcd\u0ba9\u0bbf\u0b9f\u0bcd\u0b9f\u0bc1 \u0ba8\u0bb2\u0bcd\u0bb2 \u0baa\u0bcb\u0bb0\u0bbe\u0b9f\u0bcd\u0b9f\u0bae\u0bcd\u0baa\u0ba3\u0bcd\u0ba3\u0bc1\u0bae\u0bcd\u0baa\u0b9f\u0bbf, \u0b87\u0ba8\u0bcd\u0ba4\u0b95\u0bcd \u0b95\u0b9f\u0bcd\u0b9f\u0bb3\u0bc8\u0baf\u0bc8 \u0b89\u0ba9\u0b95\u0bcd\u0b95\u0bc1 \u0b92\u0baa\u0bcd\u0baa\u0bc1\u0bb5\u0bbf\u0b95\u0bcd\u0b95\u0bbf\u0bb1\u0bc7\u0ba9\u0bcd; \u0ba8\u0bc0 \u0bb5\u0bbf\u0b9a\u0bc1\u0bb5\u0bbe\u0b9a\u0bae\u0bc1\u0bae\u0bcd \u0ba8\u0bb2\u0bcd\u0bae\u0ba9\u0b9a\u0bcd\u0b9a\u0bbe\u0b9f\u0bcd\u0b9a\u0bbf\u0baf\u0bc1\u0bae\u0bcd \u0b89\u0b9f\u0bc8\u0baf\u0bb5\u0ba9\u0bbe\u0baf\u0bbf\u0bb0\u0bc1."},{"Verseid":"53000018","Verse":"\u0b87\u0ba8\u0bcd\u0ba4 \u0ba8\u0bb2\u0bcd\u0bae\u0ba9\u0b9a\u0bcd\u0b9a\u0bbe\u0b9f\u0bcd\u0b9a\u0bbf\u0baf\u0bc8\u0b9a\u0bcd \u0b9a\u0bbf\u0bb2\u0bb0\u0bcd \u0ba4\u0bb3\u0bcd\u0bb3\u0bbf\u0bb5\u0bbf\u0b9f\u0bcd\u0b9f\u0bc1, \u0bb5\u0bbf\u0b9a\u0bc1\u0bb5\u0bbe\u0b9a\u0bae\u0bbe\u0b95\u0bbf\u0baf \u0b95\u0baa\u0bcd\u0baa\u0bb2\u0bc8\u0b9a\u0bcd \u0b9a\u0bc7\u0ba4\u0baa\u0bcd\u0baa\u0b9f\u0bc1\u0ba4\u0bcd\u0ba4\u0bbf\u0ba9\u0bbe\u0bb0\u0bcd\u0b95\u0bb3\u0bcd."},{"Verseid":"53000019","Verse":"\u0b87\u0bae\u0bc6\u0ba9\u0bc6\u0baf\u0bc1\u0bae\u0bcd \u0b85\u0bb2\u0bc6\u0b95\u0bcd\u0b9a\u0ba8\u0bcd\u0ba4\u0bb0\u0bc1\u0bae\u0bcd \u0b85\u0baa\u0bcd\u0baa\u0b9f\u0bbf\u0baa\u0bcd\u0baa\u0b9f\u0bcd\u0b9f\u0bb5\u0bb0\u0bcd\u0b95\u0bb3\u0bcd; \u0b85\u0bb5\u0bb0\u0bcd\u0b95\u0bb3\u0bcd \u0ba4\u0bc2\u0bb7\u0bbf\u0baf\u0bbe\u0ba4\u0baa\u0b9f\u0bbf \u0b9a\u0bbf\u0b9f\u0bcd\u0b9a\u0bbf\u0b95\u0bcd\u0b95\u0baa\u0bcd\u0baa\u0b9f \u0b85\u0bb5\u0bb0\u0bcd\u0b95\u0bb3\u0bc8\u0b9a\u0bcd \u0b9a\u0bbe\u0ba4\u0bcd\u0ba4\u0bbe\u0ba9\u0bbf\u0b9f\u0ba4\u0bcd\u0ba4\u0bbf\u0bb2\u0bcd \u0b92\u0baa\u0bcd\u0baa\u0bc1\u0b95\u0bcd\u0b95\u0bca\u0b9f\u0bc1\u0ba4\u0bcd\u0ba4\u0bc7\u0ba9\u0bcd."}]},{"Verse":[{"Verseid":"53001000","Verse":"\u0ba8\u0bbe\u0ba9\u0bcd \u0baa\u0bbf\u0bb0\u0ba4\u0bbe\u0ba9\u0bae\u0bbe\u0baf\u0bcd\u0b9a\u0bcd \u0b9a\u0bca\u0bb2\u0bcd\u0bb2\u0bc1\u0b95\u0bbf\u0bb1 \u0baa\u0bc1\u0ba4\u0bcd\u0ba4\u0bbf\u0baf\u0bc6\u0ba9\u0bcd\u0ba9\u0bb5\u0bc6\u0ba9\u0bbf\u0bb2\u0bcd, \u0b8e\u0bb2\u0bcd\u0bb2\u0bbe \u0bae\u0ba9\u0bc1\u0bb7\u0bb0\u0bc1\u0b95\u0bcd\u0b95\u0bbe\u0b95\u0bb5\u0bc1\u0bae\u0bcd \u0bb5\u0bbf\u0ba3\u0bcd\u0ba3\u0baa\u0bcd\u0baa\u0b99\u0bcd\u0b95\u0bb3\u0bc8\u0baf\u0bc1\u0bae\u0bcd \u0b9c\u0bc6\u0baa\u0b99\u0bcd\u0b95\u0bb3\u0bc8\u0baf\u0bc1\u0bae\u0bcd \u0bb5\u0bc7\u0ba3\u0bcd\u0b9f\u0bc1\u0ba4\u0bb2\u0bcd\u0b95\u0bb3\u0bc8\u0baf\u0bc1\u0bae\u0bcd \u0bb8\u0bcd\u0ba4\u0bcb\u0ba4\u0bcd\u0ba4\u0bbf\u0bb0\u0b99\u0bcd\u0b95\u0bb3\u0bc8\u0baf\u0bc1\u0bae\u0bcd \u0baa\u0ba3\u0bcd\u0ba3\u0bb5\u0bc7\u0ba3\u0bcd\u0b9f\u0bc1\u0bae\u0bcd;"},{"Verseid":"53001001","Verse":"\u0ba8\u0bbe\u0bae\u0bcd \u0b8e\u0bb2\u0bcd\u0bb2\u0bbe\u0baa\u0bcd \u0baa\u0b95\u0bcd\u0ba4\u0bbf\u0baf\u0bcb\u0b9f\u0bc1\u0bae\u0bcd \u0ba8\u0bb2\u0bcd\u0bb2\u0bca\u0bb4\u0bc1\u0b95\u0bcd\u0b95\u0ba4\u0bcd\u0ba4\u0bcb\u0b9f\u0bc1\u0bae\u0bcd \u0b95\u0bb2\u0b95\u0bae\u0bbf\u0bb2\u0bcd\u0bb2\u0bbe\u0bae\u0bb2\u0bcd \u0b85\u0bae\u0bc8\u0ba4\u0bb2\u0bc1\u0bb3\u0bcd\u0bb3 \u0b9c\u0bc0\u0bb5\u0ba9\u0bae\u0bcd\u0baa\u0ba3\u0bcd\u0ba3\u0bc1\u0bae\u0bcd\u0baa\u0b9f\u0bbf\u0b95\u0bcd\u0b95\u0bc1, \u0bb0\u0bbe\u0b9c\u0bbe\u0b95\u0bcd\u0b95\u0bb3\u0bc1\u0b95\u0bcd\u0b95\u0bbe\u0b95\u0bb5\u0bc1\u0bae\u0bcd, \u0b85\u0ba4\u0bbf\u0b95\u0bbe\u0bb0\u0bae\u0bc1\u0bb3\u0bcd\u0bb3 \u0baf\u0bbe\u0bb5\u0bb0\u0bc1\u0b95\u0bcd\u0b95\u0bbe\u0b95\u0bb5\u0bc1\u0bae\u0bcd \u0b85\u0baa\u0bcd\u0baa\u0b9f\u0bbf\u0baf\u0bc7 \u0b9a\u0bc6\u0baf\u0bcd\u0baf\u0bb5\u0bc7\u0ba3\u0bcd\u0b9f\u0bc1\u0bae\u0bcd."},{"Verseid":"53001002","Verse":"\u0ba8\u0bae\u0bcd\u0bae\u0bc1\u0b9f\u0bc8\u0baf \u0b87\u0bb0\u0b9f\u0bcd\u0b9a\u0b95\u0bb0\u0bbe\u0b95\u0bbf\u0baf \u0ba4\u0bc7\u0bb5\u0ba9\u0bc1\u0b95\u0bcd\u0b95\u0bc1\u0bae\u0bc1\u0ba9\u0bcd\u0baa\u0bbe\u0b95 \u0b85\u0ba4\u0bc1 \u0ba8\u0ba9\u0bcd\u0bae\u0bc8\u0baf\u0bc1\u0bae\u0bcd \u0baa\u0bbf\u0bb0\u0bbf\u0baf\u0bae\u0bc1\u0bae\u0bbe\u0baf\u0bbf\u0bb0\u0bc1\u0b95\u0bcd\u0b95\u0bbf\u0bb1\u0ba4\u0bc1."},{"Verseid":"53001003","Verse":"\u0b8e\u0bb2\u0bcd\u0bb2\u0bbe \u0bae\u0ba9\u0bc1\u0bb7\u0bb0\u0bc1\u0bae\u0bcd \u0b87\u0bb0\u0b9f\u0bcd\u0b9a\u0bbf\u0b95\u0bcd\u0b95\u0baa\u0bcd\u0baa\u0b9f\u0bb5\u0bc1\u0bae\u0bcd, \u0b9a\u0ba4\u0bcd\u0ba4\u0bbf\u0baf\u0ba4\u0bcd\u0ba4\u0bc8 \u0b85\u0bb1\u0bbf\u0b95\u0bbf\u0bb1 \u0b85\u0bb1\u0bbf\u0bb5\u0bc8 \u0b85\u0b9f\u0bc8\u0baf\u0bb5\u0bc1\u0bae\u0bcd, \u0b85\u0bb5\u0bb0\u0bcd \u0b9a\u0bbf\u0ba4\u0bcd\u0ba4\u0bae\u0bc1\u0bb3\u0bcd\u0bb3\u0bb5\u0bb0\u0bbe\u0baf\u0bbf\u0bb0\u0bc1\u0b95\u0bcd\u0b95\u0bbf\u0bb1\u0bbe\u0bb0\u0bcd."},{"Verseid":"53001004","Verse":"\u0ba4\u0bc7\u0bb5\u0ba9\u0bcd \u0b92\u0bb0\u0bc1\u0bb5\u0bb0\u0bc7 \u0ba4\u0bc7\u0bb5\u0ba9\u0bc1\u0b95\u0bcd\u0b95\u0bc1\u0bae\u0bcd \u0bae\u0ba9\u0bc1\u0bb7\u0bb0\u0bc1\u0b95\u0bcd\u0b95\u0bc1\u0bae\u0bcd \u0bae\u0ba4\u0bcd\u0ba4\u0bbf\u0baf\u0bb8\u0bcd\u0ba4\u0bb0\u0bc1\u0bae\u0bcd \u0b92\u0bb0\u0bc1\u0bb5\u0bb0\u0bc7."},{"Verseid":"53001005","Verse":"\u0b8e\u0bb2\u0bcd\u0bb2\u0bbe\u0bb0\u0bc8\u0baf\u0bc1\u0bae\u0bcd \u0bae\u0bc0\u0b9f\u0bcd\u0b95\u0bc1\u0bae\u0bcd \u0baa\u0bca\u0bb0\u0bc1\u0bb3\u0bbe\u0b95\u0ba4\u0bcd \u0ba4\u0bae\u0bcd\u0bae\u0bc8 \u0b92\u0baa\u0bcd\u0baa\u0bc1\u0b95\u0bcd\u0b95\u0bca\u0b9f\u0bc1\u0ba4\u0bcd\u0ba4 \u0bae\u0ba9\u0bc1\u0bb7\u0ba9\u0bbe\u0b95\u0bbf\u0baf \u0b95\u0bbf\u0bb1\u0bbf\u0bb8\u0bcd\u0ba4\u0bc1 \u0b87\u0baf\u0bc7\u0b9a\u0bc1 \u0b85\u0bb5\u0bb0\u0bc7; \u0b87\u0ba4\u0bb1\u0bcd\u0b95\u0bc1\u0bb0\u0bbf\u0baf\u0b9a\u0bbe\u0b9f\u0bcd\u0b9a\u0bbf \u0b8f\u0bb1\u0bcd\u0bb1 \u0b95\u0bbe\u0bb2\u0b99\u0bcd\u0b95\u0bb3\u0bbf\u0bb2\u0bcd \u0bb5\u0bbf\u0bb3\u0b99\u0bcd\u0b95\u0bbf\u0bb5\u0bb0\u0bc1\u0b95\u0bbf\u0bb1\u0ba4\u0bc1."},{"Verseid":"53001006","Verse":"\u0b87\u0ba4\u0bb1\u0bcd\u0b95\u0bbe\u0b95\u0bb5\u0bc7 \u0ba8\u0bbe\u0ba9\u0bcd \u0baa\u0bbf\u0bb0\u0b9a\u0b99\u0bcd\u0b95\u0bbf\u0baf\u0bbe\u0b95\u0bb5\u0bc1\u0bae\u0bcd, \u0b85\u0baa\u0bcd\u0baa\u0bcb\u0bb8\u0bcd\u0ba4\u0bb2\u0ba9\u0bbe\u0b95\u0bb5\u0bc1\u0bae\u0bcd, \u0baa\u0bc1\u0bb1\u0b9c\u0bbe\u0ba4\u0bbf\u0b95\u0bb3\u0bc1\u0b95\u0bcd\u0b95\u0bc1 \u0bb5\u0bbf\u0b9a\u0bc1\u0bb5\u0bbe\u0b9a\u0ba4\u0bcd\u0ba4\u0bc8\u0baf\u0bc1\u0bae\u0bcd \u0b9a\u0ba4\u0bcd\u0ba4\u0bbf\u0baf\u0ba4\u0bcd\u0ba4\u0bc8\u0baf\u0bc1\u0bae\u0bcd \u0bb5\u0bbf\u0bb3\u0b99\u0bcd\u0b95\u0baa\u0bcd\u0baa\u0ba3\u0bcd\u0ba3\u0bc1\u0b95\u0bbf\u0bb1 \u0baa\u0bcb\u0ba4\u0b95\u0ba9\u0bbe\u0b95\u0bb5\u0bc1\u0bae\u0bcd \u0ba8\u0bbf\u0baf\u0bae\u0bbf\u0b95\u0bcd\u0b95\u0baa\u0bcd\u0baa\u0b9f\u0bcd\u0b9f\u0bbf\u0bb0\u0bc1\u0b95\u0bcd\u0b95\u0bbf\u0bb1\u0bc7\u0ba9\u0bcd; \u0ba8\u0bbe\u0ba9\u0bcd \u0baa\u0bca\u0baf\u0bcd \u0b9a\u0bca\u0bb2\u0bcd\u0bb2\u0bbe\u0bae\u0bb2\u0bcd \u0b95\u0bbf\u0bb1\u0bbf\u0bb8\u0bcd\u0ba4\u0bc1\u0bb5\u0bc1\u0b95\u0bcd\u0b95\u0bc1\u0bb3\u0bcd \u0b89\u0ba3\u0bcd\u0bae\u0bc8\u0baf\u0bc8\u0b9a\u0bcd \u0b9a\u0bca\u0bb2\u0bcd\u0bb2\u0bc1\u0b95\u0bbf\u0bb1\u0bc7\u0ba9\u0bcd."},{"Verseid":"53001007","Verse":"\u0b85\u0ba9\u0bcd\u0bb1\u0bbf\u0baf\u0bc1\u0bae\u0bcd, \u0baa\u0bc1\u0bb0\u0bc1\u0bb7\u0bb0\u0bcd\u0b95\u0bb3\u0bcd \u0b95\u0bcb\u0baa\u0bae\u0bc1\u0bae\u0bcd \u0ba4\u0bb0\u0bcd\u0b95\u0bcd\u0b95\u0bae\u0bc1\u0bae\u0bbf\u0bb2\u0bcd\u0bb2\u0bbe\u0bae\u0bb2\u0bcd \u0baa\u0bb0\u0bbf\u0b9a\u0bc1\u0ba4\u0bcd\u0ba4\u0bae\u0bbe\u0ba9 \u0b95\u0bc8\u0b95\u0bb3\u0bc8 \u0b89\u0baf\u0bb0\u0bcd\u0ba4\u0bcd\u0ba4\u0bbf, \u0b8e\u0bb2\u0bcd\u0bb2\u0bbe \u0b87\u0b9f\u0b99\u0bcd\u0b95\u0bb3\u0bbf\u0bb2\u0bc7\u0baf\u0bc1\u0bae\u0bcd \u0b9c\u0bc6\u0baa\u0bae\u0bcd\u0baa\u0ba3\u0bcd\u0ba3\u0bb5\u0bc7\u0ba3\u0bcd\u0b9f\u0bc1\u0bae\u0bc6\u0ba9\u0bcd\u0bb1\u0bc1 \u0bb5\u0bbf\u0bb0\u0bc1\u0bae\u0bcd\u0baa\u0bc1\u0b95\u0bbf\u0bb1\u0bc7\u0ba9\u0bcd."},{"Verseid":"53001008","Verse":"\u0bb8\u0bcd\u0ba4\u0bbf\u0bb0\u0bc0\u0b95\u0bb3\u0bc1\u0bae\u0bcd \u0bae\u0baf\u0bbf\u0bb0\u0bc8\u0baa\u0bcd \u0baa\u0bbf\u0ba9\u0bcd\u0ba9\u0bc1\u0ba4\u0bb2\u0bbf\u0ba9\u0bbe\u0bb2\u0bbe\u0bb5\u0ba4\u0bc1, \u0baa\u0bca\u0ba9\u0bcd\u0ba9\u0bbf\u0ba9\u0bbe\u0bb2\u0bbe\u0bb5\u0ba4\u0bc1, \u0bae\u0bc1\u0ba4\u0bcd\u0ba4\u0bc1\u0b95\u0bcd\u0b95\u0bb3\u0bbf\u0ba9\u0bbe\u0bb2\u0bbe\u0bb5\u0ba4\u0bc1, \u0bb5\u0bbf\u0bb2\u0bc8\u0baf\u0bc7\u0bb1\u0baa\u0bcd\u0baa\u0bc6\u0bb1\u0bcd\u0bb1 \u0bb5\u0bb8\u0bcd\u0ba4\u0bbf\u0bb0\u0ba4\u0bcd\u0ba4\u0bbf\u0ba9\u0bbe\u0bb2\u0bbe\u0bb5\u0ba4\u0bc1 \u0ba4\u0b99\u0bcd\u0b95\u0bb3\u0bc8 \u0b85\u0bb2\u0b99\u0bcd\u0b95\u0bb0\u0bbf\u0baf\u0bbe\u0bae\u0bb2\u0bcd,"},{"Verseid":"53001009","Verse":"\u0ba4\u0b95\u0bc1\u0ba4\u0bbf\u0baf\u0bbe\u0ba9 \u0bb5\u0bb8\u0bcd\u0ba4\u0bbf\u0bb0\u0ba4\u0bcd\u0ba4\u0bbf\u0ba9\u0bbe\u0bb2\u0bc1\u0bae\u0bcd, \u0ba8\u0bbe\u0ba3\u0ba4\u0bcd\u0ba4\u0bbf\u0ba9\u0bbe\u0bb2\u0bc1\u0bae\u0bcd, \u0ba4\u0bc6\u0bb3\u0bbf\u0ba8\u0bcd\u0ba4 \u0baa\u0bc1\u0ba4\u0bcd\u0ba4\u0bbf\u0baf\u0bbf\u0ba9\u0bbe\u0bb2\u0bc1\u0bae\u0bcd, \u0ba4\u0bc7\u0bb5\u0baa\u0b95\u0bcd\u0ba4\u0bbf\u0baf\u0bc1\u0bb3\u0bcd\u0bb3\u0bb5\u0bb0\u0bcd\u0b95\u0bb3\u0bc6\u0ba9\u0bcd\u0bb1\u0bc1 \u0b9a\u0bca\u0bb2\u0bcd\u0bb2\u0bbf\u0b95\u0bcd\u0b95\u0bca\u0bb3\u0bcd\u0bb3\u0bc1\u0b95\u0bbf\u0bb1 \u0bb8\u0bcd\u0ba4\u0bbf\u0bb0\u0bc0\u0b95\u0bb3\u0bc1\u0b95\u0bcd\u0b95\u0bc1 \u0b8f\u0bb1\u0bcd\u0bb1\u0baa\u0b9f\u0bbf\u0baf\u0bc7 \u0ba8\u0bb1\u0bcd\u0b95\u0bbf\u0bb0\u0bbf\u0baf\u0bc8\u0b95\u0bb3\u0bbf\u0ba9\u0bbe\u0bb2\u0bc1\u0bae\u0bcd, \u0ba4\u0b99\u0bcd\u0b95\u0bb3\u0bc8 \u0b85\u0bb2\u0b99\u0bcd\u0b95\u0bb0\u0bbf\u0b95\u0bcd\u0b95\u0bb5\u0bc7\u0ba3\u0bcd\u0b9f\u0bc1\u0bae\u0bcd."},{"Verseid":"53001010","Verse":"\u0bb8\u0bcd\u0ba4\u0bbf\u0bb0\u0bc0\u0baf\u0bbe\u0ba9\u0bb5\u0bb3\u0bcd \u0b8e\u0bb2\u0bcd\u0bb2\u0bbe\u0bb5\u0bb1\u0bcd\u0bb1\u0bbf\u0bb2\u0bc1\u0bae\u0bcd \u0b85\u0b9f\u0b95\u0bcd\u0b95\u0bae\u0bc1\u0b9f\u0bc8\u0baf\u0bb5\u0bb3\u0bbe\u0baf\u0bbf\u0bb0\u0bc1\u0ba8\u0bcd\u0ba4\u0bc1, \u0b85\u0bae\u0bc8\u0ba4\u0bb2\u0bcb\u0b9f\u0bc1 \u0b95\u0bb1\u0bcd\u0bb1\u0bc1\u0b95\u0bcd\u0b95\u0bca\u0bb3\u0bcd\u0bb3\u0b95\u0bcd\u0b95\u0b9f\u0bb5\u0bb3\u0bcd."},{"Verseid":"53001011","Verse":"\u0b89\u0baa\u0ba4\u0bc7\u0b9a\u0bae\u0bcd\u0baa\u0ba3\u0bcd\u0ba3\u0bb5\u0bc1\u0bae\u0bcd, \u0baa\u0bc1\u0bb0\u0bc1\u0bb7\u0ba9\u0bcd\u0bae\u0bc7\u0bb2\u0bcd \u0b85\u0ba4\u0bbf\u0b95\u0bbe\u0bb0\u0b9e\u0bcd\u0b9a\u0bc6\u0bb2\u0bc1\u0ba4\u0bcd\u0ba4\u0bb5\u0bc1\u0bae\u0bcd, \u0bb8\u0bcd\u0ba4\u0bbf\u0bb0\u0bc0\u0baf\u0bbe\u0ba9\u0bb5\u0bb3\u0bc1\u0b95\u0bcd\u0b95\u0bc1 \u0ba8\u0bbe\u0ba9\u0bcd \u0b89\u0ba4\u0bcd\u0ba4\u0bb0\u0bb5\u0bc1 \u0b95\u0bca\u0b9f\u0bc1\u0b95\u0bcd\u0b95\u0bbf\u0bb1\u0ba4\u0bbf\u0bb2\u0bcd\u0bb2\u0bc8; \u0b85\u0bb5\u0bb3\u0bcd \u0b85\u0bae\u0bc8\u0ba4\u0bb2\u0bbe\u0baf\u0bbf\u0bb0\u0bc1\u0b95\u0bcd\u0b95\u0bb5\u0bc7\u0ba3\u0bcd\u0b9f\u0bc1\u0bae\u0bcd."},{"Verseid":"53001012","Verse":"\u0b8e\u0ba9\u0bcd\u0ba9\u0ba4\u0bcd\u0ba4\u0bbf\u0ba9\u0bbe\u0bb2\u0bc6\u0ba9\u0bbf\u0bb2\u0bcd, \u0bae\u0bc1\u0ba4\u0bb5\u0bbe\u0bb5\u0ba4\u0bc1 \u0b86\u0ba4\u0bbe\u0bae\u0bcd \u0b89\u0bb0\u0bc1\u0bb5\u0bbe\u0b95\u0bcd\u0b95\u0baa\u0bcd\u0baa\u0b9f\u0bcd\u0b9f\u0bbe\u0ba9\u0bcd, \u0baa\u0bbf\u0ba9\u0bcd\u0baa\u0bc1 \u0b8f\u0bb5\u0bbe\u0bb3\u0bcd \u0b89\u0bb0\u0bc1\u0bb5\u0bbe\u0b95\u0bcd\u0b95\u0baa\u0bcd\u0baa\u0b9f\u0bcd\u0b9f\u0bbe\u0bb3\u0bcd."},{"Verseid":"53001013","Verse":"\u0bae\u0bc7\u0bb2\u0bc1\u0bae\u0bcd, \u0b86\u0ba4\u0bbe\u0bae\u0bcd \u0bb5\u0b9e\u0bcd\u0b9a\u0bbf\u0b95\u0bcd\u0b95\u0baa\u0bcd\u0baa\u0b9f\u0bb5\u0bbf\u0bb2\u0bcd\u0bb2\u0bc8, \u0bb8\u0bcd\u0ba4\u0bbf\u0bb0\u0bc0\u0baf\u0bbe\u0ba9\u0bb5\u0bb3\u0bc7 \u0bb5\u0b9e\u0bcd\u0b9a\u0bbf\u0b95\u0bcd\u0b95\u0baa\u0bcd\u0baa\u0b9f\u0bcd\u0b9f\u0bc1 \u0bae\u0bc0\u0bb1\u0bc1\u0ba4\u0bb2\u0bc1\u0b95\u0bcd\u0b95\u0bc1 \u0b89\u0b9f\u0bcd\u0baa\u0b9f\u0bcd\u0b9f\u0bbe\u0bb3\u0bcd."},{"Verseid":"53001014","Verse":"\u0b85\u0baa\u0bcd\u0baa\u0b9f\u0bbf\u0baf\u0bbf\u0bb0\u0bc1\u0ba8\u0bcd\u0ba4\u0bc1\u0bae\u0bcd, \u0ba4\u0bc6\u0bb3\u0bbf\u0ba8\u0bcd\u0ba4 \u0baa\u0bc1\u0ba4\u0bcd\u0ba4\u0bbf\u0baf\u0bcb\u0b9f\u0bc1 \u0bb5\u0bbf\u0b9a\u0bc1\u0bb5\u0bbe\u0b9a\u0ba4\u0bcd\u0ba4\u0bbf\u0bb2\u0bc1\u0bae\u0bcd \u0b85\u0ba9\u0bcd\u0baa\u0bbf\u0bb2\u0bc1\u0bae\u0bcd \u0baa\u0bb0\u0bbf\u0b9a\u0bc1\u0ba4\u0bcd\u0ba4\u0ba4\u0bcd\u0ba4\u0bbf\u0bb2\u0bc1\u0bae\u0bcd \u0ba8\u0bbf\u0bb2\u0bc8\u0b95\u0bca\u0ba3\u0bcd\u0b9f\u0bbf\u0bb0\u0bc1\u0ba8\u0bcd\u0ba4\u0bbe\u0bb2\u0bcd, \u0baa\u0bbf\u0bb3\u0bcd\u0bb3\u0bc8\u0baa\u0bcd\u0baa\u0bc7\u0bb1\u0bcd\u0bb1\u0bbf\u0ba9\u0bbe\u0bb2\u0bc7 \u0b87\u0bb0\u0b9f\u0bcd\u0b9a\u0bbf\u0b95\u0bcd\u0b95\u0baa\u0bcd\u0baa\u0b9f\u0bc1\u0bb5\u0bbe\u0bb3\u0bcd."}]},{"Verse":[{"Verseid":"53002000","Verse":"\u0b95\u0ba3\u0bcd\u0b95\u0bbe\u0ba3\u0bbf\u0baa\u0bcd\u0baa\u0bc8 \u0bb5\u0bbf\u0bb0\u0bc1\u0bae\u0bcd\u0baa\u0bc1\u0b95\u0bbf\u0bb1\u0bb5\u0ba9\u0bcd \u0ba8\u0bb2\u0bcd\u0bb2\u0bb5\u0bc7\u0bb2\u0bc8\u0baf\u0bc8 \u0bb5\u0bbf\u0bb0\u0bc1\u0bae\u0bcd\u0baa\u0bc1\u0b95\u0bbf\u0bb1\u0bbe\u0ba9\u0bcd, \u0b87\u0ba4\u0bc1 \u0b89\u0ba3\u0bcd\u0bae\u0bc8\u0baf\u0bbe\u0ba9 \u0bb5\u0bbe\u0bb0\u0bcd\u0ba4\u0bcd\u0ba4\u0bc8."},{"Verseid":"53002001","Verse":"\u0b86\u0b95\u0bc8\u0baf\u0bbe\u0bb2\u0bcd \u0b95\u0ba3\u0bcd\u0b95\u0bbe\u0ba3\u0bbf\u0baf\u0bbe\u0ba9\u0bb5\u0ba9\u0bcd \u0b95\u0bc1\u0bb1\u0bcd\u0bb1\u0b9e\u0bcd\u0b9a\u0bbe\u0b9f\u0bcd\u0b9f\u0baa\u0bcd\u0baa\u0b9f\u0bbe\u0ba4\u0bb5\u0ba9\u0bc1\u0bae\u0bcd, \u0b92\u0bb0\u0bc7 \u0bae\u0ba9\u0bc8\u0bb5\u0bbf\u0baf\u0bc8 \u0b89\u0b9f\u0bc8\u0baf \u0baa\u0bc1\u0bb0\u0bc1\u0bb7\u0ba9\u0bc1\u0bae\u0bcd, \u0b9c\u0bbe\u0b95\u0bcd\u0b95\u0bbf\u0bb0\u0ba4\u0bc8\u0baf\u0bc1\u0bb3\u0bcd\u0bb3\u0bb5\u0ba9\u0bc1\u0bae\u0bcd, \u0ba4\u0bc6\u0bb3\u0bbf\u0ba8\u0bcd\u0ba4 \u0baa\u0bc1\u0ba4\u0bcd\u0ba4\u0bbf\u0baf\u0bc1\u0bb3\u0bcd\u0bb3\u0bb5\u0ba9\u0bc1\u0bae\u0bcd, \u0baf\u0bcb\u0b95\u0bcd\u0b95\u0bbf\u0baf\u0ba4\u0bc8\u0baf\u0bc1\u0bb3\u0bcd\u0bb3\u0bb5\u0ba9\u0bc1\u0bae\u0bcd, \u0b85\u0ba8\u0bcd\u0ba8\u0bbf\u0baf\u0bb0\u0bc8 \u0b89\u0baa\u0b9a\u0bb0\u0bbf\u0b95\u0bcd\u0b95\u0bbf\u0bb1\u0bb5\u0ba9\u0bc1\u0bae\u0bcd, \u0baa\u0bcb\u0ba4\u0b95\u0b9a\u0bae\u0bb0\u0bcd\u0ba4\u0bcd\u0ba4\u0ba9\u0bc1\u0bae\u0bbe\u0baf\u0bcd \u0b87\u0bb0\u0bc1\u0b95\u0bcd\u0b95\u0bb5\u0bc7\u0ba3\u0bcd\u0b9f\u0bc1\u0bae\u0bcd."},{"Verseid":"53002002","Verse":"\u0b85\u0bb5\u0ba9\u0bcd \u0bae\u0ba4\u0bc1\u0baa\u0bbe\u0ba9\u0baa\u0bcd\u0baa\u0bbf\u0bb0\u0bbf\u0baf\u0ba9\u0bc1\u0bae\u0bcd, \u0b85\u0b9f\u0bbf\u0b95\u0bcd\u0b95\u0bbf\u0bb1\u0bb5\u0ba9\u0bc1\u0bae\u0bcd, \u0b87\u0bb4\u0bbf\u0bb5\u0bbe\u0ba9 \u0b86\u0ba4\u0bbe\u0baf\u0ba4\u0bcd\u0ba4\u0bc8 \u0b87\u0b9a\u0bcd\u0b9a\u0bbf\u0b95\u0bcd\u0b95\u0bbf\u0bb1\u0bb5\u0ba9\u0bc1\u0bae\u0bbe\u0baf\u0bbf\u0bb0\u0bbe\u0bae\u0bb2\u0bcd, \u0baa\u0bca\u0bb1\u0bc1\u0bae\u0bc8\u0baf\u0bc1\u0bb3\u0bcd\u0bb3\u0bb5\u0ba9\u0bc1\u0bae\u0bcd, \u0b9a\u0ba3\u0bcd\u0b9f\u0bc8\u0baa\u0ba3\u0bcd\u0ba3\u0bbe\u0ba4\u0bb5\u0ba9\u0bc1\u0bae\u0bcd, \u0baa\u0ba3 \u0b86\u0b9a\u0bc8\u0baf\u0bbf\u0bb2\u0bcd\u0bb2\u0bbe\u0ba4\u0bb5\u0ba9\u0bc1\u0bae\u0bbe\u0baf\u0bbf\u0bb0\u0bc1\u0ba8\u0bcd\u0ba4\u0bc1,"},{"Verseid":"53002003","Verse":"\u0ba4\u0ba9\u0bcd \u0b9a\u0bca\u0ba8\u0bcd\u0ba4\u0b95\u0bcd \u0b95\u0bc1\u0b9f\u0bc1\u0bae\u0bcd\u0baa\u0ba4\u0bcd\u0ba4\u0bc8 \u0ba8\u0ba9\u0bcd\u0bb1\u0bbe\u0baf\u0bcd \u0ba8\u0b9f\u0ba4\u0bcd\u0ba4\u0bc1\u0b95\u0bbf\u0bb1\u0bb5\u0ba9\u0bc1\u0bae\u0bcd, \u0ba4\u0ba9\u0bcd \u0baa\u0bbf\u0bb3\u0bcd\u0bb3\u0bc8\u0b95\u0bb3\u0bc8\u0b9a\u0bcd \u0b9a\u0b95\u0bb2 \u0ba8\u0bb2\u0bcd\u0bb2\u0bca\u0bb4\u0bc1\u0b95\u0bcd\u0b95\u0bae\u0bc1\u0bb3\u0bcd\u0bb3\u0bb5\u0bb0\u0bcd\u0b95\u0bb3\u0bbe\u0b95\u0b95\u0bcd \u0b95\u0bc0\u0bb4\u0bcd\u0baa\u0bcd\u0baa\u0b9f\u0bbf\u0baf\u0baa\u0bcd\u0baa\u0ba3\u0bcd\u0ba3\u0bc1\u0b95\u0bbf\u0bb1\u0bb5\u0ba9\u0bc1\u0bae\u0bbe\u0baf\u0bbf\u0bb0\u0bc1\u0b95\u0bcd\u0b95\u0bb5\u0bc7\u0ba3\u0bcd\u0b9f\u0bc1\u0bae\u0bcd."},{"Verseid":"53002004","Verse":"\u0b92\u0bb0\u0bc1\u0bb5\u0ba9\u0bcd \u0ba4\u0ba9\u0bcd \u0b9a\u0bca\u0ba8\u0bcd\u0ba4\u0b95\u0bcd \u0b95\u0bc1\u0b9f\u0bc1\u0bae\u0bcd\u0baa\u0ba4\u0bcd\u0ba4\u0bc8 \u0ba8\u0b9f\u0ba4\u0bcd\u0ba4 \u0b85\u0bb1\u0bbf\u0baf\u0bbe\u0ba4\u0bbf\u0bb0\u0bc1\u0ba8\u0bcd\u0ba4\u0bbe\u0bb2\u0bcd, \u0ba4\u0bc7\u0bb5\u0ba9\u0bc1\u0b9f\u0bc8\u0baf \u0b9a\u0baa\u0bc8\u0baf\u0bc8 \u0b8e\u0baa\u0bcd\u0baa\u0b9f\u0bbf \u0bb5\u0bbf\u0b9a\u0bbe\u0bb0\u0bbf\u0baa\u0bcd\u0baa\u0bbe\u0ba9\u0bcd?"},{"Verseid":"53002005","Verse":"\u0b85\u0bb5\u0ba9\u0bcd \u0b87\u0bb1\u0bc1\u0bae\u0bbe\u0baa\u0bcd\u0baa\u0b9f\u0bc8\u0ba8\u0bcd\u0ba4\u0bc1, \u0baa\u0bbf\u0b9a\u0bbe\u0b9a\u0bc1 \u0b85\u0b9f\u0bc8\u0ba8\u0bcd\u0ba4 \u0b86\u0b95\u0bcd\u0b95\u0bbf\u0ba9\u0bc8\u0baf\u0bbf\u0bb2\u0bc7 \u0bb5\u0bbf\u0bb4\u0bbe\u0ba4\u0baa\u0b9f\u0bbf\u0b95\u0bcd\u0b95\u0bc1, \u0ba8\u0bc2\u0ba4\u0ba9 \u0b9a\u0bc0\u0bb7\u0ba9\u0bbe\u0baf\u0bbf\u0bb0\u0bc1\u0b95\u0bcd\u0b95\u0b95\u0bcd\u0b95\u0bc2\u0b9f\u0bbe\u0ba4\u0bc1."},{"Verseid":"53002006","Verse":"\u0b85\u0bb5\u0ba9\u0bcd \u0ba8\u0bbf\u0ba8\u0bcd\u0ba4\u0ba9\u0bc8\u0baf\u0bbf\u0bb2\u0bc1\u0bae\u0bcd, \u0baa\u0bbf\u0b9a\u0bbe\u0b9a\u0bbf\u0ba9\u0bcd \u0b95\u0ba3\u0bcd\u0ba3\u0bbf\u0baf\u0bbf\u0bb2\u0bc1\u0bae\u0bcd \u0bb5\u0bbf\u0bb4\u0bbe\u0ba4\u0baa\u0b9f\u0bbf\u0b95\u0bcd\u0b95\u0bc1, \u0baa\u0bc1\u0bb1\u0bae\u0bcd\u0baa\u0bbe\u0ba9\u0bb5\u0bb0\u0bcd\u0b95\u0bb3\u0bbe\u0bb2\u0bcd \u0ba8\u0bb1\u0bcd\u0b9a\u0bbe\u0b9f\u0bcd\u0b9a\u0bbf \u0baa\u0bc6\u0bb1\u0bcd\u0bb1\u0bb5\u0ba9\u0bbe\u0baf\u0bc1\u0bae\u0bbf\u0bb0\u0bc1\u0b95\u0bcd\u0b95\u0bb5\u0bc7\u0ba3\u0bcd\u0b9f\u0bc1\u0bae\u0bcd."},{"Verseid":"53002007","Verse":"\u0b85\u0ba8\u0bcd\u0ba4\u0baa\u0bcd\u0baa\u0b9f\u0bbf\u0baf\u0bc7, \u0b89\u0ba4\u0bb5\u0bbf\u0b95\u0bcd\u0b95\u0bbe\u0bb0\u0bb0\u0bc1\u0bae\u0bcd \u0b87\u0bb0\u0bc1\u0ba8\u0bbe\u0b95\u0bcd\u0b95\u0bc1\u0bb3\u0bcd\u0bb3\u0bb5\u0bb0\u0bcd\u0b95\u0bb3\u0bbe\u0baf\u0bc1\u0bae\u0bcd, \u0bae\u0ba4\u0bc1\u0baa\u0bbe\u0ba9\u0baa\u0bcd\u0baa\u0bbf\u0bb0\u0bbf\u0baf\u0bb0\u0bbe\u0baf\u0bc1\u0bae\u0bcd, \u0b87\u0bb4\u0bbf\u0bb5\u0bbe\u0ba9 \u0b86\u0ba4\u0bbe\u0baf\u0ba4\u0bcd\u0ba4\u0bc8 \u0b87\u0b9a\u0bcd\u0b9a\u0bbf\u0b95\u0bcd\u0b95\u0bbf\u0bb1\u0bb5\u0bb0\u0bcd\u0b95\u0bb3\u0bbe\u0baf\u0bc1\u0bae\u0bcd \u0b87\u0bb0\u0bbe\u0bae\u0bb2\u0bcd, \u0ba8\u0bb2\u0bcd\u0bb2\u0bca\u0bb4\u0bc1\u0b95\u0bcd\u0b95\u0bae\u0bc1\u0bb3\u0bcd\u0bb3\u0bb5\u0bb0\u0bcd\u0b95\u0bb3\u0bbe\u0baf\u0bc1\u0bae\u0bcd,"},{"Verseid":"53002008","Verse":"\u0bb5\u0bbf\u0b9a\u0bc1\u0bb5\u0bbe\u0b9a\u0ba4\u0bcd\u0ba4\u0bbf\u0ba9\u0bcd \u0b87\u0bb0\u0b95\u0b9a\u0bbf\u0baf\u0ba4\u0bcd\u0ba4\u0bc8\u0b9a\u0bcd \u0b9a\u0bc1\u0ba4\u0bcd\u0ba4 \u0bae\u0ba9\u0b9a\u0bcd\u0b9a\u0bbe\u0b9f\u0bcd\u0b9a\u0bbf\u0baf\u0bbf\u0bb2\u0bc7 \u0b95\u0bbe\u0ba4\u0bcd\u0ba4\u0bc1\u0b95\u0bcd\u0b95\u0bca\u0bb3\u0bcd\u0bb3\u0bc1\u0b95\u0bbf\u0bb1\u0bb5\u0bb0\u0bcd\u0b95\u0bb3\u0bbe\u0baf\u0bc1\u0bae\u0bcd \u0b87\u0bb0\u0bc1\u0b95\u0bcd\u0b95\u0bb5\u0bc7\u0ba3\u0bcd\u0b9f\u0bc1\u0bae\u0bcd."},{"Verseid":"53002009","Verse":"\u0bae\u0bc7\u0bb2\u0bc1\u0bae\u0bcd, \u0b87\u0bb5\u0bb0\u0bcd\u0b95\u0bb3\u0bcd \u0bae\u0bc1\u0ba9\u0bcd\u0ba9\u0ba4\u0bbe\u0b95\u0b9a\u0bcd \u0b9a\u0bcb\u0ba4\u0bbf\u0b95\u0bcd\u0b95\u0baa\u0bcd\u0baa\u0b9f\u0bb5\u0bc7\u0ba3\u0bcd\u0b9f\u0bc1\u0bae\u0bcd; \u0b95\u0bc1\u0bb1\u0bcd\u0bb1\u0b9e\u0bcd\u0b9a\u0bbe\u0b9f\u0bcd\u0b9f\u0baa\u0bcd\u0baa\u0b9f\u0bbe\u0ba4\u0bb5\u0bb0\u0bcd\u0b95\u0bb3\u0bbe\u0ba9\u0bbe\u0bb2\u0bcd \u0b89\u0ba4\u0bb5\u0bbf\u0b95\u0bcd\u0b95\u0bbe\u0bb0\u0bb0\u0bbe\u0b95 \u0b8a\u0bb4\u0bbf\u0baf\u0b9e\u0bcd\u0b9a\u0bc6\u0baf\u0bcd\u0baf\u0bb2\u0bbe\u0bae\u0bcd."},{"Verseid":"53002010","Verse":"\u0b85\u0ba8\u0bcd\u0ba4\u0baa\u0bcd\u0baa\u0b9f\u0bbf\u0baf\u0bc7 \u0bb8\u0bcd\u0ba4\u0bbf\u0bb0\u0bc0\u0b95\u0bb3\u0bc1\u0bae\u0bcd \u0ba8\u0bb2\u0bcd\u0bb2\u0bca\u0bb4\u0bc1\u0b95\u0bcd\u0b95\u0bae\u0bc1\u0bb3\u0bcd\u0bb3\u0bb5\u0bb0\u0bcd\u0b95\u0bb3\u0bc1\u0bae\u0bcd, \u0b85\u0bb5\u0ba4\u0bc2\u0bb1\u0bc1\u0baa\u0ba3\u0bcd\u0ba3\u0bbe\u0ba4\u0bb5\u0bb0\u0bcd\u0b95\u0bb3\u0bc1\u0bae\u0bcd, \u0ba4\u0bc6\u0bb3\u0bbf\u0ba8\u0bcd\u0ba4 \u0baa\u0bc1\u0ba4\u0bcd\u0ba4\u0bbf\u0baf\u0bc1\u0bb3\u0bcd\u0bb3\u0bb5\u0bb0\u0bcd\u0b95\u0bb3\u0bc1\u0bae\u0bcd \u0b8e\u0bb2\u0bcd\u0bb2\u0bbe\u0bb5\u0bb1\u0bcd\u0bb1\u0bbf\u0bb2\u0bc7\u0baf\u0bc1\u0bae\u0bcd \u0b89\u0ba3\u0bcd\u0bae\u0bc8\u0baf\u0bc1\u0bb3\u0bcd\u0bb3\u0bb5\u0bb0\u0bcd\u0b95\u0bb3\u0bc1\u0bae\u0bbe\u0baf\u0bbf\u0bb0\u0bc1\u0b95\u0bcd\u0bb5\u0bc7\u0ba3\u0bcd\u0b9f\u0bc1\u0bae\u0bcd."},{"Verseid":"53002011","Verse":"\u0bae\u0bc7\u0bb2\u0bc1\u0bae\u0bcd, \u0b89\u0ba4\u0bb5\u0bbf\u0b95\u0bcd\u0b95\u0bbe\u0bb0\u0bb0\u0bbe\u0ba9\u0bb5\u0bb0\u0bcd\u0b95\u0bb3\u0bcd \u0b92\u0bb0\u0bc7 \u0bae\u0ba9\u0bc8\u0bb5\u0bbf\u0baf\u0bc8\u0baf\u0bc1\u0b9f\u0bc8\u0baf \u0baa\u0bc1\u0bb0\u0bc1\u0bb7\u0bb0\u0bc1\u0bae\u0bbe\u0baf\u0bcd, \u0ba4\u0b99\u0bcd\u0b95\u0bb3\u0bcd \u0baa\u0bbf\u0bb3\u0bcd\u0bb3\u0bc8\u0b95\u0bb3\u0bc8\u0baf\u0bc1\u0bae\u0bcd \u0b9a\u0bca\u0ba8\u0bcd\u0ba4\u0b95\u0bcd \u0b95\u0bc1\u0b9f\u0bc1\u0bae\u0bcd\u0baa\u0b99\u0bcd\u0b95\u0bb3\u0bc8\u0baf\u0bc1\u0bae\u0bcd \u0ba8\u0ba9\u0bcd\u0bb1\u0bbe\u0baf\u0bcd \u0ba8\u0b9f\u0ba4\u0bcd\u0ba4\u0bc1\u0b95\u0bbf\u0bb1\u0bb5\u0bb0\u0bcd\u0b95\u0bb3\u0bc1\u0bae\u0bbe\u0baf\u0bbf\u0bb0\u0bc1\u0b95\u0bcd\u0b95\u0bb5\u0bc7\u0ba3\u0bcd\u0b9f\u0bc1\u0bae\u0bcd."},{"Verseid":"53002012","Verse":"\u0b87\u0baa\u0bcd\u0baa\u0b9f\u0bbf \u0b89\u0ba4\u0bb5\u0bbf\u0b95\u0bcd\u0b95\u0bbe\u0bb0\u0bb0\u0bc1\u0b9f\u0bc8\u0baf \u0b8a\u0bb4\u0bbf\u0baf\u0ba4\u0bcd\u0ba4\u0bc8 \u0ba8\u0ba9\u0bcd\u0bb1\u0bbe\u0baf\u0bcd\u0b9a\u0bcd \u0b9a\u0bc6\u0baf\u0bcd\u0b95\u0bbf\u0bb1\u0bb5\u0bb0\u0bcd\u0b95\u0bb3\u0bcd \u0ba4\u0b99\u0bcd\u0b95\u0bb3\u0bc1\u0b95\u0bcd\u0b95\u0bc1 \u0ba8\u0bb2\u0bcd\u0bb2 \u0ba8\u0bbf\u0bb2\u0bc8\u0baf\u0bc8\u0baf\u0bc1\u0bae\u0bcd, \u0b95\u0bbf\u0bb1\u0bbf\u0bb8\u0bcd\u0ba4\u0bc1 \u0b87\u0baf\u0bc7\u0b9a\u0bc1\u0bb5\u0bc8\u0baa\u0bcd\u0baa\u0bb1\u0bcd\u0bb1\u0bc1\u0bae\u0bcd \u0bb5\u0bbf\u0b9a\u0bc1\u0bb5\u0bbe\u0b9a\u0ba4\u0bcd\u0ba4\u0bbf\u0bb2\u0bcd \u0bae\u0bbf\u0b95\u0bc1\u0ba8\u0bcd\u0ba4 \u0ba4\u0bc8\u0bb0\u0bbf\u0baf\u0ba4\u0bcd\u0ba4\u0bc8\u0baf\u0bc1\u0bae\u0bcd \u0b85\u0b9f\u0bc8\u0bb5\u0bbe\u0bb0\u0bcd\u0b95\u0bb3\u0bcd."},{"Verseid":"53002013","Verse":"\u0ba8\u0bbe\u0ba9\u0bcd \u0b89\u0ba9\u0bcd\u0ba9\u0bbf\u0b9f\u0ba4\u0bcd\u0ba4\u0bbf\u0bb1\u0bcd\u0b95\u0bc1\u0b9a\u0bcd \u0b9a\u0bc0\u0b95\u0bcd\u0b95\u0bbf\u0bb0\u0bae\u0bbe\u0baf\u0bcd \u0bb5\u0bb0\u0bc1\u0bb5\u0bc7\u0ba9\u0bc6\u0ba9\u0bcd\u0bb1\u0bc1 \u0ba8\u0bae\u0bcd\u0baa\u0bbf\u0baf\u0bbf\u0bb0\u0bc1\u0b95\u0bcd\u0b95\u0bbf\u0bb1\u0bc7\u0ba9\u0bcd."},{"Verseid":"53002014","Verse":"\u0ba4\u0bbe\u0bae\u0ba4\u0bbf\u0baa\u0bcd\u0baa\u0bc7\u0ba9\u0bbe\u0b95\u0bbf\u0bb2\u0bcd, \u0ba4\u0bc7\u0bb5\u0ba9\u0bc1\u0b9f\u0bc8\u0baf \u0bb5\u0bc0\u0b9f\u0bcd\u0b9f\u0bbf\u0bb2\u0bc7 \u0ba8\u0b9f\u0b95\u0bcd\u0b95\u0bb5\u0bc7\u0ba3\u0bcd\u0b9f\u0bbf\u0baf \u0bb5\u0b95\u0bc8\u0baf\u0bc8 \u0ba8\u0bc0 \u0b85\u0bb1\u0bbf\u0baf\u0bc1\u0bae\u0bcd\u0baa\u0b9f\u0bbf \u0b87\u0bb5\u0bc8\u0b95\u0bb3\u0bc8 \u0b89\u0ba9\u0b95\u0bcd\u0b95\u0bc1 \u0b8e\u0bb4\u0bc1\u0ba4\u0bc1\u0b95\u0bbf\u0bb1\u0bc7\u0ba9\u0bcd; \u0b85\u0ba8\u0bcd\u0ba4 \u0bb5\u0bc0\u0b9f\u0bc1 \u0b9c\u0bc0\u0bb5\u0ba9\u0bc1\u0bb3\u0bcd\u0bb3 \u0ba4\u0bc7\u0bb5\u0ba9\u0bc1\u0b9f\u0bc8\u0baf \u0b9a\u0baa\u0bc8\u0baf\u0bbe\u0baf\u0bcd\u0b9a\u0bcd \u0b9a\u0ba4\u0bcd\u0ba4\u0bbf\u0baf\u0ba4\u0bcd\u0ba4\u0bc1\u0b95\u0bcd\u0b95\u0bc1\u0ba4\u0bcd \u0ba4\u0bc2\u0ba3\u0bc1\u0bae\u0bcd \u0b86\u0ba4\u0bbe\u0bb0\u0bae\u0bc1\u0bae\u0bbe\u0baf\u0bbf\u0bb0\u0bc1\u0b95\u0bcd\u0b95\u0bbf\u0bb1\u0ba4\u0bc1."},{"Verseid":"53002015","Verse":"\u0b85\u0ba9\u0bcd\u0bb1\u0bbf\u0baf\u0bc1\u0bae\u0bcd, \u0ba4\u0bc7\u0bb5\u0baa\u0b95\u0bcd\u0ba4\u0bbf\u0b95\u0bcd\u0b95\u0bc1\u0bb0\u0bbf\u0baf \u0b87\u0bb0\u0b95\u0b9a\u0bbf\u0baf\u0bae\u0bbe\u0ba9\u0ba4\u0bc1 \u0baf\u0bbe\u0bb5\u0bb0\u0bc1\u0bae\u0bcd \u0b92\u0baa\u0bcd\u0baa\u0bc1\u0b95\u0bcd\u0b95\u0bca\u0bb3\u0bcd\u0bb3\u0bc1\u0b95\u0bbf\u0bb1\u0baa\u0b9f\u0bbf\u0baf\u0bc7 \u0bae\u0b95\u0bbe \u0bae\u0bc7\u0ba9\u0bcd\u0bae\u0bc8\u0baf\u0bc1\u0bb3\u0bcd\u0bb3\u0ba4\u0bc1. \u0ba4\u0bc7\u0bb5\u0ba9\u0bcd \u0bae\u0bbe\u0bae\u0bcd\u0b9a\u0ba4\u0bcd\u0ba4\u0bbf\u0bb2\u0bc7 \u0bb5\u0bc6\u0bb3\u0bbf\u0baa\u0bcd\u0baa\u0b9f\u0bcd\u0b9f\u0bbe\u0bb0\u0bcd, \u0b86\u0bb5\u0bbf\u0baf\u0bbf\u0bb2\u0bc7 \u0ba8\u0bc0\u0ba4\u0bbf\u0baf\u0bc1\u0bb3\u0bcd\u0bb3\u0bb5\u0bb0\u0bc6\u0ba9\u0bcd\u0bb1\u0bc1 \u0bb5\u0bbf\u0bb3\u0b99\u0bcd\u0b95\u0baa\u0bcd\u0baa\u0b9f\u0bcd\u0b9f\u0bbe\u0bb0\u0bcd, \u0ba4\u0bc7\u0bb5\u0ba4\u0bc2\u0ba4\u0bb0\u0bcd\u0b95\u0bb3\u0bbe\u0bb2\u0bcd \u0b95\u0bbe\u0ba3\u0baa\u0bcd\u0baa\u0b9f\u0bcd\u0b9f\u0bbe\u0bb0\u0bcd, \u0baa\u0bc1\u0bb1\u0b9c\u0bbe\u0ba4\u0bbf\u0b95\u0bb3\u0bbf\u0b9f\u0ba4\u0bcd\u0ba4\u0bbf\u0bb2\u0bcd \u0baa\u0bbf\u0bb0\u0b9a\u0b99\u0bcd\u0b95\u0bbf\u0b95\u0bcd\u0b95\u0baa\u0bcd\u0baa\u0b9f\u0bcd\u0b9f\u0bbe\u0bb0\u0bcd, \u0b89\u0bb2\u0b95\u0ba4\u0bcd\u0ba4\u0bbf\u0bb2\u0bc7 \u0bb5\u0bbf\u0b9a\u0bc1\u0bb5\u0bbe\u0b9a\u0bbf\u0b95\u0bcd\u0b95\u0baa\u0bcd\u0baa\u0b9f\u0bcd\u0b9f\u0bbe\u0bb0\u0bcd, \u0bae\u0b95\u0bbf\u0bae\u0bc8\u0baf\u0bbf\u0bb2\u0bc7 \u0b8f\u0bb1\u0bc6\u0b9f\u0bc1\u0ba4\u0bcd\u0ba4\u0bc1\u0b95\u0bcd\u0b95\u0bca\u0bb3\u0bcd\u0bb3\u0baa\u0bcd\u0baa\u0b9f\u0bcd\u0b9f\u0bbe\u0bb0\u0bcd."}]},{"Verse":[{"Verseid":"53003000","Verse":"\u0b86\u0b95\u0bbf\u0bb2\u0bc1\u0bae\u0bcd, \u0b86\u0bb5\u0bbf\u0baf\u0bbe\u0ba9\u0bb5\u0bb0\u0bcd \u0bb5\u0bc6\u0bb3\u0bbf\u0baa\u0bcd\u0baa\u0b9f\u0bc8\u0baf\u0bbe\u0baf\u0bcd\u0b9a\u0bcd \u0b9a\u0bca\u0bb2\u0bcd\u0bb2\u0bc1\u0b95\u0bbf\u0bb1\u0baa\u0b9f\u0bbf, \u0baa\u0bbf\u0bb1\u0bcd\u0b95\u0bbe\u0bb2\u0b99\u0bcd\u0b95\u0bb3\u0bbf\u0bb2\u0bc7 \u0bae\u0ba9\u0b9a\u0bcd\u0b9a\u0bbe\u0b9f\u0bcd\u0b9a\u0bbf\u0baf\u0bbf\u0bb2\u0bcd \u0b9a\u0bc2\u0b9f\u0bc1\u0ba3\u0bcd\u0b9f \u0baa\u0bca\u0baf\u0bcd\u0baf\u0bb0\u0bc1\u0b9f\u0bc8\u0baf \u0bae\u0bbe\u0baf\u0ba4\u0bcd\u0ba4\u0bbf\u0ba9\u0bbe\u0bb2\u0bc7 \u0b9a\u0bbf\u0bb2\u0bb0\u0bcd \u0bb5\u0b9e\u0bcd\u0b9a\u0bbf\u0b95\u0bcd\u0b95\u0bbf\u0bb1 \u0b86\u0bb5\u0bbf\u0b95\u0bb3\u0bc1\u0b95\u0bcd\u0b95\u0bc1\u0bae\u0bcd \u0baa\u0bbf\u0b9a\u0bbe\u0b9a\u0bc1\u0b95\u0bb3\u0bbf\u0ba9\u0bcd \u0b89\u0baa\u0ba4\u0bc7\u0b9a\u0b99\u0bcd\u0b95\u0bb3\u0bc1\u0b95\u0bcd\u0b95\u0bc1\u0bae\u0bcd \u0b9a\u0bc6\u0bb5\u0bbf\u0b95\u0bca\u0b9f\u0bc1\u0ba4\u0bcd\u0ba4\u0bc1, \u0bb5\u0bbf\u0b9a\u0bc1\u0bb5\u0bbe\u0b9a\u0ba4\u0bcd\u0ba4\u0bc8\u0bb5\u0bbf\u0b9f\u0bcd\u0b9f\u0bc1 \u0bb5\u0bbf\u0bb2\u0b95\u0bbf\u0baa\u0bcd\u0baa\u0bcb\u0bb5\u0bbe\u0bb0\u0bcd\u0b95\u0bb3\u0bcd."},{"Verseid":"53003001","Verse":"\u0bb5\u0bbf\u0bb5\u0bbe\u0b95\u0bae\u0bcd\u0baa\u0ba3\u0bcd\u0ba3\u0bbe\u0ba4\u0bbf\u0bb0\u0bc1\u0b95\u0bcd\u0b95\u0bb5\u0bc1\u0bae\u0bcd,"},{"Verseid":"53003002","Verse":"\u0bb5\u0bbf\u0b9a\u0bc1\u0bb5\u0bbe\u0b9a\u0bbf\u0b95\u0bb3\u0bc1\u0bae\u0bcd \u0b9a\u0ba4\u0bcd\u0ba4\u0bbf\u0baf\u0ba4\u0bcd\u0ba4\u0bc8 \u0b85\u0bb1\u0bbf\u0ba8\u0bcd\u0ba4\u0bb5\u0bb0\u0bcd\u0b95\u0bb3\u0bc1\u0bae\u0bcd \u0bb8\u0bcd\u0ba4\u0bcb\u0ba4\u0bcd\u0ba4\u0bbf\u0bb0\u0ba4\u0bcd\u0ba4\u0bcb\u0b9f\u0bc7 \u0b85\u0ba8\u0bc1\u0baa\u0bb5\u0bbf\u0b95\u0bcd\u0b95\u0bc1\u0bae\u0bcd\u0baa\u0b9f\u0bbf \u0ba4\u0bc7\u0bb5\u0ba9\u0bcd \u0baa\u0b9f\u0bc8\u0ba4\u0bcd\u0ba4 \u0baa\u0bcb\u0b9c\u0ba9\u0baa\u0ba4\u0bbe\u0bb0\u0bcd\u0ba4\u0bcd\u0ba4\u0b99\u0bcd\u0b95\u0bb3\u0bc8 \u0bb5\u0bbf\u0bb2\u0b95\u0bcd\u0b95\u0bb5\u0bc1\u0bae\u0bcd \u0bb5\u0bc7\u0ba3\u0bcd\u0b9f\u0bc1\u0bae\u0bc6\u0ba9\u0bcd\u0bb1\u0bc1 \u0b85\u0ba8\u0bcd\u0ba4\u0baa\u0bcd \u0baa\u0bca\u0baf\u0bcd\u0baf\u0bb0\u0bcd \u0b95\u0b9f\u0bcd\u0b9f\u0bb3\u0bc8\u0baf\u0bbf\u0b9f\u0bc1\u0bb5\u0bbe\u0bb0\u0bcd\u0b95\u0bb3\u0bcd."},{"Verseid":"53003003","Verse":"\u0ba4\u0bc7\u0bb5\u0ba9\u0bcd \u0baa\u0b9f\u0bc8\u0ba4\u0bcd\u0ba4\u0ba4\u0bc6\u0bb2\u0bcd\u0bb2\u0bbe\u0bae\u0bcd \u0ba8\u0bb2\u0bcd\u0bb2\u0ba4\u0bbe\u0baf\u0bbf\u0bb0\u0bc1\u0b95\u0bcd\u0b95\u0bbf\u0bb1\u0ba4\u0bc1; \u0bb8\u0bcd\u0ba4\u0bcb\u0ba4\u0bcd\u0ba4\u0bbf\u0bb0\u0ba4\u0bcd\u0ba4\u0bcb\u0b9f\u0bc7 \u0b8f\u0bb1\u0bcd\u0bb1\u0bc1\u0b95\u0bcd\u0b95\u0bca\u0bb3\u0bcd\u0bb3\u0baa\u0bcd\u0baa\u0b9f\u0bc1\u0bae\u0bbe\u0b95\u0bbf\u0bb2\u0bcd \u0b92\u0ba9\u0bcd\u0bb1\u0bc1\u0bae\u0bcd \u0ba4\u0bb3\u0bcd\u0bb3\u0baa\u0bcd\u0baa\u0b9f\u0ba4\u0bcd\u0ba4\u0b95\u0bcd\u0b95\u0ba4\u0bb2\u0bcd\u0bb2."},{"Verseid":"53003004","Verse":"\u0b85\u0ba4\u0bc1 \u0ba4\u0bc7\u0bb5\u0bb5\u0b9a\u0ba9\u0ba4\u0bcd\u0ba4\u0bbf\u0ba9\u0bbe\u0bb2\u0bc1\u0bae\u0bcd \u0b9c\u0bc6\u0baa\u0ba4\u0bcd\u0ba4\u0bbf\u0ba9\u0bbe\u0bb2\u0bc1\u0bae\u0bcd \u0baa\u0bb0\u0bbf\u0b9a\u0bc1\u0ba4\u0bcd\u0ba4\u0bae\u0bbe\u0b95\u0bcd\u0b95\u0baa\u0bcd\u0baa\u0b9f\u0bc1\u0bae\u0bcd."},{"Verseid":"53003005","Verse":"\u0b87\u0bb5\u0bc8\u0b95\u0bb3\u0bc8 \u0ba8\u0bc0 \u0b9a\u0b95\u0bcb\u0ba4\u0bb0\u0bb0\u0bc1\u0b95\u0bcd\u0b95\u0bc1\u0baa\u0bcd \u0baa\u0bcb\u0ba4\u0bbf\u0ba4\u0bcd\u0ba4\u0bc1\u0bb5\u0ba8\u0bcd\u0ba4\u0bbe\u0bb2\u0bcd, \u0bb5\u0bbf\u0b9a\u0bc1\u0bb5\u0bbe\u0b9a\u0ba4\u0bcd\u0ba4\u0bbf\u0bb1\u0bcd\u0b95\u0bc1\u0bb0\u0bbf\u0baf \u0bb5\u0bbe\u0bb0\u0bcd\u0ba4\u0bcd\u0ba4\u0bc8\u0b95\u0bb3\u0bbf\u0bb2\u0bc1\u0bae\u0bcd \u0ba8\u0bc0 \u0b85\u0ba8\u0bc1\u0b9a\u0bb0\u0bbf\u0ba4\u0bcd\u0ba4 \u0ba8\u0bb1\u0bcd\u0baa\u0bcb\u0ba4\u0b95\u0ba4\u0bcd\u0ba4\u0bbf\u0bb2\u0bc1\u0bae\u0bcd \u0ba4\u0bc7\u0bb1\u0bbf\u0ba9\u0bb5\u0ba9\u0bbe\u0b95\u0bbf, \u0b87\u0baf\u0bc7\u0b9a\u0bc1\u0b95\u0bbf\u0bb1\u0bbf\u0bb8\u0bcd\u0ba4\u0bc1\u0bb5\u0bc1\u0b95\u0bcd\u0b95\u0bc1 \u0ba8\u0bb2\u0bcd\u0bb2 \u0b8a\u0bb4\u0bbf\u0baf\u0b95\u0bcd\u0b95\u0bbe\u0bb0\u0ba9\u0bbe\u0baf\u0bbf\u0bb0\u0bc1\u0baa\u0bcd\u0baa\u0bbe\u0baf\u0bcd."},{"Verseid":"53003006","Verse":"\u0b9a\u0bc0\u0bb0\u0bcd\u0b95\u0bc7\u0b9f\u0bc1\u0bae\u0bcd \u0b95\u0bbf\u0bb4\u0bb5\u0bbf\u0b95\u0bb3\u0bcd \u0baa\u0bc7\u0b9a\u0bcd\u0b9a\u0bc1\u0bae\u0bbe\u0baf\u0bbf\u0bb0\u0bc1\u0b95\u0bcd\u0b95\u0bbf\u0bb1 \u0b95\u0b9f\u0bcd\u0b9f\u0bc1\u0b95\u0bcd\u0b95\u0ba4\u0bc8\u0b95\u0bb3\u0bc1\u0b95\u0bcd\u0b95\u0bc1 \u0bb5\u0bbf\u0bb2\u0b95\u0bbf, \u0ba4\u0bc7\u0bb5\u0baa\u0b95\u0bcd\u0ba4\u0bbf\u0b95\u0bcd\u0b95\u0bc7\u0ba4\u0bc1\u0bb5\u0bbe\u0b95 \u0bae\u0bc1\u0baf\u0bb1\u0bcd\u0b9a\u0bbf\u0baa\u0ba3\u0bcd\u0ba3\u0bc1."},{"Verseid":"53003007","Verse":"\u0b9a\u0bb0\u0bc0\u0bb0 \u0bae\u0bc1\u0baf\u0bb1\u0bcd\u0b9a\u0bbf \u0b85\u0bb1\u0bcd\u0baa \u0baa\u0bbf\u0bb0\u0baf\u0bcb\u0b9c\u0ba9\u0bae\u0bc1\u0bb3\u0bcd\u0bb3\u0ba4\u0bc1; \u0ba4\u0bc7\u0bb5\u0baa\u0b95\u0bcd\u0ba4\u0bbf\u0baf\u0bbe\u0ba9\u0ba4\u0bc1 \u0b87\u0ba8\u0bcd\u0ba4 \u0b9c\u0bc0\u0bb5\u0ba9\u0bc1\u0b95\u0bcd\u0b95\u0bc1\u0bae\u0bcd \u0b87\u0ba4\u0bb1\u0bcd\u0b95\u0bc1\u0baa\u0bcd \u0baa\u0bbf\u0ba9\u0bcd\u0bb5\u0bb0\u0bc1\u0bae\u0bcd \u0b9c\u0bc0\u0bb5\u0ba9\u0bc1\u0b95\u0bcd\u0b95\u0bc1\u0bae\u0bcd \u0bb5\u0bbe\u0b95\u0bcd\u0b95\u0bc1\u0ba4\u0bcd\u0ba4\u0ba4\u0bcd\u0ba4\u0bae\u0bc1\u0bb3\u0bcd\u0bb3\u0ba4\u0bbe\u0b95\u0bc8\u0baf\u0bbe\u0bb2\u0bcd \u0b8e\u0bb2\u0bcd\u0bb2\u0bbe\u0bb5\u0bb1\u0bcd\u0bb1\u0bbf\u0bb2\u0bc1\u0bae\u0bcd \u0baa\u0bbf\u0bb0\u0baf\u0bcb\u0b9c\u0ba9\u0bae\u0bc1\u0bb3\u0bcd\u0bb3\u0ba4\u0bc1."},{"Verseid":"53003008","Verse":"\u0b87\u0ba8\u0bcd\u0ba4 \u0bb5\u0bbe\u0bb0\u0bcd\u0ba4\u0bcd\u0ba4\u0bc8 \u0b89\u0ba3\u0bcd\u0bae\u0bc8\u0baf\u0bc1\u0bae\u0bcd \u0b8e\u0bb2\u0bcd\u0bb2\u0bbe \u0b85\u0b99\u0bcd\u0b95\u0bbf\u0b95\u0bb0\u0bbf\u0baa\u0bcd\u0baa\u0bc1\u0b95\u0bcd\u0b95\u0bc1\u0bae\u0bcd \u0baa\u0bbe\u0ba4\u0bcd\u0ba4\u0bbf\u0bb0\u0bae\u0bc1\u0bae\u0bbe\u0baf\u0bbf\u0bb0\u0bc1\u0b95\u0bcd\u0b95\u0bbf\u0bb1\u0ba4\u0bc1."},{"Verseid":"53003009","Verse":"\u0b87\u0ba4\u0bbf\u0ba9\u0bbf\u0bae\u0bbf\u0ba4\u0bcd\u0ba4\u0bae\u0bcd \u0baa\u0bbf\u0bb0\u0baf\u0bbe\u0b9a\u0baa\u0bcd\u0baa\u0b9f\u0bc1\u0b95\u0bbf\u0bb1\u0bcb\u0bae\u0bcd, \u0ba8\u0bbf\u0ba8\u0bcd\u0ba4\u0bc8\u0baf\u0bc1\u0bae\u0bcd \u0b85\u0b9f\u0bc8\u0b95\u0bbf\u0bb1\u0bcb\u0bae\u0bcd; \u0b8f\u0ba9\u0bc6\u0ba9\u0bbf\u0bb2\u0bcd \u0b8e\u0bb2\u0bcd\u0bb2\u0bbe \u0bae\u0ba9\u0bc1\u0bb7\u0bb0\u0bc1\u0b95\u0bcd\u0b95\u0bc1\u0bae\u0bcd, \u0bb5\u0bbf\u0b9a\u0bc7\u0bb7\u0bae\u0bbe\u0b95 \u0bb5\u0bbf\u0b9a\u0bc1\u0bb5\u0bbe\u0b9a\u0bbf\u0b95\u0bb3\u0bc1\u0b95\u0bcd\u0b95\u0bc1\u0bae\u0bcd \u0b87\u0bb0\u0b9f\u0bcd\u0b9a\u0b95\u0bb0\u0bbe\u0b95\u0bbf\u0baf \u0b9c\u0bc0\u0bb5\u0ba9\u0bc1\u0bb3\u0bcd\u0bb3 \u0ba4\u0bc7\u0bb5\u0ba9\u0bcd\u0bae\u0bc7\u0bb2\u0bcd \u0ba8\u0bae\u0bcd\u0baa\u0bbf\u0b95\u0bcd\u0b95\u0bc8, \u0bb5\u0bc8\u0ba4\u0bcd\u0ba4\u0bbf\u0bb0\u0bc1\u0b95\u0bcd\u0b95\u0bbf\u0bb1\u0bcb\u0bae\u0bcd."},{"Verseid":"53003010","Verse":"\u0b87\u0bb5\u0bc8\u0b95\u0bb3\u0bc8 \u0ba8\u0bc0 \u0b95\u0b9f\u0bcd\u0b9f\u0bb3\u0bc8\u0baf\u0bbf\u0b9f\u0bcd\u0b9f\u0bc1\u0baa\u0bcd \u0baa\u0bcb\u0ba4\u0bbf\u0ba4\u0bcd\u0ba4\u0bc1\u0b95\u0bcd\u0b95\u0bca\u0ba3\u0bcd\u0b9f\u0bbf\u0bb0\u0bc1."},{"Verseid":"53003011","Verse":"\u0b89\u0ba9\u0bcd \u0b87\u0bb3\u0bae\u0bc8\u0baf\u0bc8\u0b95\u0bcd\u0b95\u0bc1\u0bb1\u0bbf\u0ba4\u0bcd\u0ba4\u0bc1 \u0b92\u0bb0\u0bc1\u0bb5\u0ba9\u0bc1\u0bae\u0bcd \u0b89\u0ba9\u0bcd\u0ba9\u0bc8 \u0b85\u0b9a\u0b9f\u0bcd\u0b9f\u0bc8\u0baa\u0ba3\u0bcd\u0ba3\u0bbe\u0ba4\u0baa\u0b9f\u0bbf\u0b95\u0bcd\u0b95\u0bc1, \u0ba8\u0bc0 \u0bb5\u0bbe\u0bb0\u0bcd\u0ba4\u0bcd\u0ba4\u0bc8\u0baf\u0bbf\u0bb2\u0bc1\u0bae\u0bcd, \u0ba8\u0b9f\u0b95\u0bcd\u0b95\u0bc8\u0baf\u0bbf\u0bb2\u0bc1\u0bae\u0bcd, \u0b85\u0ba9\u0bcd\u0baa\u0bbf\u0bb2\u0bc1\u0bae\u0bcd, \u0b86\u0bb5\u0bbf\u0baf\u0bbf\u0bb2\u0bc1\u0bae\u0bcd, \u0bb5\u0bbf\u0b9a\u0bc1\u0bb5\u0bbe\u0b9a\u0ba4\u0bcd\u0ba4\u0bbf\u0bb2\u0bc1\u0bae\u0bcd, \u0b95\u0bb1\u0bcd\u0baa\u0bbf\u0bb2\u0bc1\u0bae\u0bcd, \u0bb5\u0bbf\u0b9a\u0bc1\u0bb5\u0bbe\u0b9a\u0bbf\u0b95\u0bb3\u0bc1\u0b95\u0bcd\u0b95\u0bc1 \u0bae\u0bbe\u0ba4\u0bbf\u0bb0\u0bbf\u0baf\u0bbe\u0baf\u0bbf\u0bb0\u0bc1."},{"Verseid":"53003012","Verse":"\u0ba8\u0bbe\u0ba9\u0bcd \u0bb5\u0bb0\u0bc1\u0bae\u0bb3\u0bb5\u0bc1\u0bae\u0bcd \u0bb5\u0bbe\u0b9a\u0bbf\u0b95\u0bcd\u0b95\u0bbf\u0bb1\u0ba4\u0bbf\u0bb2\u0bc1\u0bae\u0bcd \u0baa\u0bc1\u0ba4\u0bcd\u0ba4\u0bbf\u0b9a\u0bca\u0bb2\u0bcd\u0bb2\u0bc1\u0b95\u0bbf\u0bb1\u0ba4\u0bbf\u0bb2\u0bc1\u0bae\u0bcd \u0b89\u0baa\u0ba4\u0bc7\u0b9a\u0bbf\u0b95\u0bcd\u0b95\u0bbf\u0bb1\u0ba4\u0bbf\u0bb2\u0bc1\u0bae\u0bcd \u0b9c\u0bbe\u0b95\u0bcd\u0b95\u0bbf\u0bb0\u0ba4\u0bc8\u0baf\u0bbe\u0baf\u0bbf\u0bb0\u0bc1."},{"Verseid":"53003013","Verse":"\u0bae\u0bc2\u0baa\u0bcd\u0baa\u0bb0\u0bbe\u0b95\u0bbf\u0baf \u0b9a\u0b99\u0bcd\u0b95\u0ba4\u0bcd\u0ba4\u0bbe\u0bb0\u0bcd \u0b89\u0ba9\u0bcd\u0bae\u0bc7\u0bb2\u0bcd \u0b95\u0bc8\u0b95\u0bb3\u0bc8 \u0bb5\u0bc8\u0ba4\u0bcd\u0ba4\u0baa\u0bcb\u0ba4\u0bc1 \u0ba4\u0bc0\u0bb0\u0bcd\u0b95\u0bcd\u0b95\u0ba4\u0bb0\u0bbf\u0b9a\u0ba4\u0bcd\u0ba4\u0bbf\u0ba9\u0bbe\u0bb2\u0bcd \u0b89\u0ba9\u0b95\u0bcd\u0b95\u0bc1 \u0b85\u0bb3\u0bbf\u0b95\u0bcd\u0b95\u0baa\u0bcd\u0baa\u0b9f\u0bcd\u0b9f \u0bb5\u0bb0\u0ba4\u0bcd\u0ba4\u0bc8\u0baa\u0bcd\u0baa\u0bb1\u0bcd\u0bb1\u0bbf \u0b85\u0b9a\u0ba4\u0bbf\u0baf\u0bbe\u0baf\u0bbf\u0bb0\u0bbe\u0ba4\u0bc7."},{"Verseid":"53003014","Verse":"\u0ba8\u0bc0 \u0ba4\u0bc7\u0bb1\u0bc1\u0b95\u0bbf\u0bb1\u0ba4\u0bc1 \u0baf\u0bbe\u0bb5\u0bb0\u0bc1\u0b95\u0bcd\u0b95\u0bc1\u0bae\u0bcd \u0bb5\u0bbf\u0bb3\u0b99\u0bcd\u0b95\u0bc1\u0bae\u0bcd\u0baa\u0b9f\u0bbf \u0b87\u0bb5\u0bc8\u0b95\u0bb3\u0bc8\u0baf\u0bc7 \u0b9a\u0bbf\u0ba8\u0bcd\u0ba4\u0bbf\u0ba4\u0bcd\u0ba4\u0bc1\u0b95\u0bcd\u0b95\u0bca\u0ba3\u0bcd\u0b9f\u0bc1, \u0b87\u0bb5\u0bc8\u0b95\u0bb3\u0bbf\u0bb2\u0bc7 \u0ba8\u0bbf\u0bb2\u0bc8\u0ba4\u0bcd\u0ba4\u0bbf\u0bb0\u0bc1."},{"Verseid":"53003015","Verse":"\u0b89\u0ba9\u0bcd\u0ba9\u0bc8\u0b95\u0bcd\u0b95\u0bc1\u0bb1\u0bbf\u0ba4\u0bcd\u0ba4\u0bc1\u0bae\u0bcd \u0b89\u0baa\u0ba4\u0bc7\u0b9a\u0ba4\u0bcd\u0ba4\u0bc8\u0b95\u0bcd\u0b95\u0bc1\u0bb1\u0bbf\u0ba4\u0bcd\u0ba4\u0bc1\u0bae\u0bcd \u0b8e\u0b9a\u0bcd\u0b9a\u0bb0\u0bbf\u0b95\u0bcd\u0b95\u0bc8\u0baf\u0bbe\u0baf\u0bbf\u0bb0\u0bc1, \u0b87\u0bb5\u0bc8\u0b95\u0bb3\u0bbf\u0bb2\u0bcd \u0ba8\u0bbf\u0bb2\u0bc8\u0b95\u0bca\u0ba3\u0bcd\u0b9f\u0bbf\u0bb0\u0bc1, \u0b87\u0baa\u0bcd\u0baa\u0b9f\u0bbf\u0b9a\u0bcd \u0b9a\u0bc6\u0baf\u0bcd\u0bb5\u0bbe\u0baf\u0bbe\u0ba9\u0bbe\u0bb2\u0bcd, \u0b89\u0ba9\u0bcd\u0ba9\u0bc8\u0baf\u0bc1\u0bae\u0bcd \u0b89\u0ba9\u0bcd \u0b89\u0baa\u0ba4\u0bc7\u0b9a\u0ba4\u0bcd\u0ba4\u0bc8\u0b95\u0bcd \u0b95\u0bc7\u0b9f\u0bcd\u0baa\u0bb5\u0bb0\u0bcd\u0b95\u0bb3\u0bc8\u0baf\u0bc1\u0bae\u0bcd \u0b87\u0bb0\u0b9f\u0bcd\u0b9a\u0bbf\u0ba4\u0bcd\u0ba4\u0bc1\u0b95\u0bcd\u0b95\u0bca\u0bb3\u0bcd\u0bb3\u0bc1\u0bb5\u0bbe\u0baf\u0bcd."}]},{"Verse":[{"Verseid":"53004000","Verse":"\u0bae\u0bc1\u0ba4\u0bbf\u0bb0\u0bcd\u0bb5\u0baf\u0ba4\u0bc1\u0bb3\u0bcd\u0bb3\u0bb5\u0ba9\u0bc8\u0b95\u0bcd \u0b95\u0b9f\u0bbf\u0ba8\u0bcd\u0ba4\u0bc1\u0b95\u0bca\u0bb3\u0bcd\u0bb3\u0bbe\u0bae\u0bb2\u0bcd, \u0b85\u0bb5\u0ba9\u0bc8\u0ba4\u0bcd \u0ba4\u0b95\u0baa\u0bcd\u0baa\u0ba9\u0bc8\u0baa\u0bcd\u0baa\u0bcb\u0bb2\u0bb5\u0bc1\u0bae\u0bcd, \u0baa\u0bbe\u0bb2\u0bbf\u0baf \u0baa\u0bc1\u0bb0\u0bc1\u0bb7\u0bb0\u0bc8\u0b9a\u0bcd \u0b9a\u0b95\u0bcb\u0ba4\u0bb0\u0bb0\u0bc8\u0baa\u0bcd\u0baa\u0bcb\u0bb2\u0bb5\u0bc1\u0bae\u0bcd,"},{"Verseid":"53004001","Verse":"\u0bae\u0bc1\u0ba4\u0bbf\u0bb0\u0bcd\u0bb5\u0baf\u0ba4\u0bc1\u0bb3\u0bcd\u0bb3 \u0bb8\u0bcd\u0ba4\u0bbf\u0bb0\u0bc0\u0b95\u0bb3\u0bc8\u0ba4\u0bcd \u0ba4\u0bbe\u0baf\u0bcd\u0b95\u0bb3\u0bc8\u0baa\u0bcd\u0baa\u0bcb\u0bb2\u0bb5\u0bc1\u0bae\u0bcd, \u0baa\u0bbe\u0bb2\u0bbf\u0baf \u0bb8\u0bcd\u0ba4\u0bbf\u0bb0\u0bc0\u0b95\u0bb3\u0bc8 \u0b8e\u0bb2\u0bcd\u0bb2\u0bbe\u0b95\u0bcd \u0b95\u0bb1\u0bcd\u0baa\u0bc1\u0b9f\u0ba9\u0bcd \u0b9a\u0b95\u0bcb\u0ba4\u0bb0\u0bbf\u0b95\u0bb3\u0bc8\u0baa\u0bcd\u0baa\u0bcb\u0bb2\u0bb5\u0bc1\u0bae\u0bcd, \u0baa\u0bbe\u0bb5\u0bbf\u0ba4\u0bcd\u0ba4\u0bc1, \u0baa\u0bc1\u0ba4\u0bcd\u0ba4\u0bbf\u0b9a\u0bca\u0bb2\u0bcd\u0bb2\u0bc1."},{"Verseid":"53004002","Verse":"\u0b89\u0ba4\u0bcd\u0ba4\u0bae \u0bb5\u0bbf\u0ba4\u0bb5\u0bc8\u0b95\u0bb3\u0bbe\u0b95\u0bbf\u0baf \u0bb5\u0bbf\u0ba4\u0bb5\u0bc8\u0b95\u0bb3\u0bc8\u0b95\u0bcd \u0b95\u0ba9\u0bae\u0bcd\u0baa\u0ba3\u0bcd\u0ba3\u0bc1."},{"Verseid":"53004003","Verse":"\u0bb5\u0bbf\u0ba4\u0bb5\u0bc8\u0baf\u0bbe\u0ba9\u0bb5\u0bb3\u0bc1\u0b95\u0bcd\u0b95\u0bc1\u0baa\u0bcd \u0baa\u0bbf\u0bb3\u0bcd\u0bb3\u0bc8\u0b95\u0bb3\u0bbe\u0bb5\u0ba4\u0bc1, \u0baa\u0bc7\u0bb0\u0ba9\u0bcd \u0baa\u0bc7\u0bb0\u0bcd\u0ba4\u0bcd\u0ba4\u0bbf\u0b95\u0bb3\u0bbe\u0bb5\u0ba4\u0bc1 \u0b87\u0bb0\u0bc1\u0ba8\u0bcd\u0ba4\u0bbe\u0bb2\u0bcd, \u0b87\u0bb5\u0bb0\u0bcd\u0b95\u0bb3\u0bcd \u0bae\u0bc1\u0ba4\u0bb2\u0bbe\u0bb5\u0ba4\u0bc1 \u0ba4\u0b99\u0bcd\u0b95\u0bb3\u0bcd \u0b9a\u0bca\u0ba8\u0bcd\u0ba4\u0b95\u0bcd \u0b95\u0bc1\u0b9f\u0bc1\u0bae\u0bcd\u0baa\u0ba4\u0bcd\u0ba4\u0bc8\u0ba4\u0bcd \u0ba4\u0bc7\u0bb5\u0baa\u0b95\u0bcd\u0ba4\u0bbf\u0baf\u0bbe\u0baf\u0bcd \u0bb5\u0bbf\u0b9a\u0bbe\u0bb0\u0bbf\u0ba4\u0bcd\u0ba4\u0bc1, \u0baa\u0bc6\u0bb1\u0bcd\u0bb1\u0bbe\u0bb0\u0bcd \u0b9a\u0bc6\u0baf\u0bcd\u0ba4 \u0ba8\u0ba9\u0bcd\u0bae\u0bc8\u0b95\u0bb3\u0bc1\u0b95\u0bcd\u0b95\u0bc1\u0baa\u0bcd \u0baa\u0ba4\u0bbf\u0bb2\u0bcd \u0ba8\u0ba9\u0bcd\u0bae\u0bc8\u0b95\u0bb3\u0bc8\u0b9a\u0bcd \u0b9a\u0bc6\u0baf\u0bcd\u0baf\u0b95\u0bcd \u0b95\u0bb1\u0bcd\u0bb1\u0bc1\u0b95\u0bcd\u0b95\u0bca\u0bb3\u0bcd\u0bb3\u0b95\u0bcd\u0b95\u0b9f\u0bb5\u0bb0\u0bcd\u0b95\u0bb3\u0bcd; \u0b85\u0ba4\u0bc1 \u0ba8\u0ba9\u0bcd\u0bae\u0bc8\u0baf\u0bc1\u0bae\u0bcd \u0ba4\u0bc7\u0bb5\u0ba9\u0bc1\u0b95\u0bcd\u0b95\u0bc1 \u0bae\u0bc1\u0ba9\u0bcd\u0baa\u0bbe\u0b95\u0baa\u0bcd \u0baa\u0bbf\u0bb0\u0bbf\u0baf\u0bae\u0bc1\u0bae\u0bbe\u0baf\u0bbf\u0bb0\u0bc1\u0b95\u0bcd\u0b95\u0bbf\u0bb1\u0ba4\u0bc1."},{"Verseid":"53004004","Verse":"\u0b89\u0ba4\u0bcd\u0ba4\u0bae \u0bb5\u0bbf\u0ba4\u0bb5\u0bc8\u0baf\u0bbe\u0baf\u0bbf\u0bb0\u0bc1\u0ba8\u0bcd\u0ba4\u0bc1 \u0ba4\u0ba9\u0bbf\u0bae\u0bc8\u0baf\u0bbe\u0baf\u0bbf\u0bb0\u0bc1\u0b95\u0bcd\u0b95\u0bbf\u0bb1\u0bb5\u0bb3\u0bcd \u0ba4\u0bc7\u0bb5\u0ba9\u0bbf\u0b9f\u0ba4\u0bcd\u0ba4\u0bbf\u0bb2\u0bcd \u0ba8\u0bae\u0bcd\u0baa\u0bbf\u0b95\u0bcd\u0b95\u0bc8\u0baf\u0bc1\u0bb3\u0bcd\u0bb3\u0bb5\u0bb3\u0bbe\u0baf\u0bcd, \u0b87\u0bb0\u0bb5\u0bc1\u0bae\u0bcd \u0baa\u0b95\u0bb2\u0bc1\u0bae\u0bcd \u0bb5\u0bc7\u0ba3\u0bcd\u0b9f\u0bc1\u0ba4\u0bb2\u0bcd\u0b95\u0bb3\u0bbf\u0bb2\u0bc1\u0bae\u0bcd \u0b9c\u0bc6\u0baa\u0b99\u0bcd\u0b95\u0bb3\u0bbf\u0bb2\u0bc1\u0bae\u0bcd \u0ba8\u0bbf\u0bb2\u0bc8\u0ba4\u0bcd\u0ba4\u0bbf\u0bb0\u0bc1\u0baa\u0bcd\u0baa\u0bbe\u0bb3\u0bcd."},{"Verseid":"53004005","Verse":"\u0b9a\u0bc1\u0b95\u0baa\u0bcb\u0b95\u0bae\u0bbe\u0baf\u0bcd \u0bb5\u0bbe\u0bb4\u0bcd\u0b95\u0bbf\u0bb1\u0bb5\u0bb3\u0bcd \u0b89\u0baf\u0bbf\u0bb0\u0bcb\u0b9f\u0bc7 \u0b9a\u0bc6\u0ba4\u0bcd\u0ba4\u0bb5\u0bb3\u0bcd."},{"Verseid":"53004006","Verse":"\u0b85\u0bb5\u0bb0\u0bcd\u0b95\u0bb3\u0bcd \u0b95\u0bc1\u0bb1\u0bcd\u0bb1\u0b9e\u0bcd\u0b9a\u0bbe\u0b9f\u0bcd\u0b9f\u0baa\u0bcd\u0baa\u0b9f\u0bbe\u0ba4\u0bb5\u0bb0\u0bcd\u0b95\u0bb3\u0bbe\u0baf\u0bbf\u0bb0\u0bc1\u0b95\u0bcd\u0b95\u0bc1\u0bae\u0bcd\u0baa\u0b9f\u0bbf \u0b87\u0bb5\u0bc8\u0b95\u0bb3\u0bc8\u0b95\u0bcd \u0b95\u0b9f\u0bcd\u0b9f\u0bb3\u0bc8\u0baf\u0bbf\u0b9f\u0bc1."},{"Verseid":"53004007","Verse":"\u0b92\u0bb0\u0bc1\u0bb5\u0ba9\u0bcd \u0ba4\u0ba9\u0bcd \u0b9a\u0bca\u0ba8\u0bcd\u0ba4 \u0b9c\u0ba9\u0b99\u0bcd\u0b95\u0bb3\u0bc8\u0baf\u0bc1\u0bae\u0bcd, \u0bb5\u0bbf\u0b9a\u0bc7\u0bb7\u0bae\u0bbe\u0b95\u0ba4\u0bcd \u0ba4\u0ba9\u0bcd \u0bb5\u0bc0\u0b9f\u0bcd\u0b9f\u0bbe\u0bb0\u0bc8\u0baf\u0bc1\u0bae\u0bcd \u0bb5\u0bbf\u0b9a\u0bbe\u0bb0\u0bbf\u0baf\u0bbe\u0bae\u0bb1\u0bcd\u0baa\u0bcb\u0ba9\u0bbe\u0bb2\u0bcd, \u0b85\u0bb5\u0ba9\u0bcd \u0bb5\u0bbf\u0b9a\u0bc1\u0bb5\u0bbe\u0b9a\u0ba4\u0bcd\u0ba4\u0bc8 \u0bae\u0bb1\u0bc1\u0ba4\u0bb2\u0bbf\u0ba4\u0bcd\u0ba4\u0bb5\u0ba9\u0bc1\u0bae\u0bcd, \u0b85\u0bb5\u0bbf\u0b9a\u0bc1\u0bb5\u0bbe\u0b9a\u0bbf\u0baf\u0bbf\u0bb2\u0bc1\u0bae\u0bcd \u0b95\u0bc6\u0b9f\u0bcd\u0b9f\u0bb5\u0ba9\u0bc1\u0bae\u0bbe\u0baf\u0bbf\u0bb0\u0bc1\u0baa\u0bcd\u0baa\u0bbe\u0ba9\u0bcd."},{"Verseid":"53004008","Verse":"\u0b85\u0bb1\u0bc1\u0baa\u0ba4\u0bc1 \u0bb5\u0baf\u0ba4\u0bc1\u0b95\u0bcd\u0b95\u0bc1\u0b95\u0bcd \u0b95\u0bc1\u0bb1\u0bc8\u0baf\u0bbe\u0ba4\u0bb5\u0bb3\u0bc1\u0bae\u0bcd, \u0b92\u0bb0\u0bc7 \u0baa\u0bc1\u0bb0\u0bc1\u0bb7\u0ba9\u0bc1\u0b95\u0bcd\u0b95\u0bc1 \u0bae\u0ba9\u0bc8\u0bb5\u0bbf\u0baf\u0bbe\u0baf\u0bbf\u0bb0\u0bc1\u0ba8\u0bcd\u0ba4\u0bb5\u0bb3\u0bc1\u0bae\u0bbe\u0b95\u0bbf,"},{"Verseid":"53004009","Verse":"\u0baa\u0bbf\u0bb3\u0bcd\u0bb3\u0bc8\u0b95\u0bb3\u0bc8 \u0bb5\u0bb3\u0bb0\u0bcd\u0ba4\u0bcd\u0ba4\u0bc1, \u0b85\u0ba8\u0bcd\u0ba8\u0bbf\u0baf\u0bb0\u0bc8 \u0b89\u0baa\u0b9a\u0bb0\u0bbf\u0ba4\u0bcd\u0ba4\u0bc1, \u0baa\u0bb0\u0bbf\u0b9a\u0bc1\u0ba4\u0bcd\u0ba4\u0bb5\u0bbe\u0ba9\u0bcd\u0b95\u0bb3\u0bc1\u0b9f\u0bc8\u0baf \u0b95\u0bbe\u0bb2\u0bcd\u0b95\u0bb3\u0bc8\u0b95\u0bcd \u0b95\u0bb4\u0bc1\u0bb5\u0bbf, \u0b89\u0baa\u0ba4\u0bcd\u0ba4\u0bbf\u0bb0\u0bb5\u0baa\u0bcd\u0baa\u0b9f\u0bc1\u0b95\u0bbf\u0bb1\u0bb5\u0bb0\u0bcd\u0b95\u0bb3\u0bc1\u0b95\u0bcd\u0b95\u0bc1 \u0b89\u0ba4\u0bb5\u0bbf\u0b9a\u0bc6\u0baf\u0bcd\u0ba4\u0bc1, \u0b9a\u0b95\u0bb2\u0bb5\u0bbf\u0ba4 \u0ba8\u0bb1\u0bcd\u0b95\u0bbf\u0bb0\u0bbf\u0baf\u0bc8\u0b95\u0bb3\u0bc8\u0baf\u0bc1\u0bae\u0bcd \u0b9c\u0bbe\u0b95\u0bcd\u0b95\u0bbf\u0bb0\u0ba4\u0bc8\u0baf\u0bbe\u0baf\u0bcd \u0ba8\u0b9f\u0baa\u0bcd\u0baa\u0bbf\u0ba4\u0bcd\u0ba4\u0bc1, \u0b87\u0bb5\u0bcd\u0bb5\u0bbf\u0ba4\u0bae\u0bbe\u0baf\u0bcd \u0ba8\u0bb1\u0bcd\u0b95\u0bbf\u0bb0\u0bbf\u0baf\u0bc8\u0b95\u0bb3\u0bc8\u0b95\u0bcd\u0b95\u0bc1\u0bb1\u0bbf\u0ba4\u0bcd\u0ba4\u0bc1 \u0ba8\u0bb1\u0bcd\u0b9a\u0bbe\u0b9f\u0bcd\u0b9a\u0bbf \u0baa\u0bc6\u0bb1\u0bcd\u0bb1\u0bb5\u0bb3\u0bc1\u0bae\u0bbe\u0baf\u0bbf\u0bb0\u0bc1\u0ba8\u0bcd\u0ba4\u0bbe\u0bb2\u0bcd, \u0b85\u0baa\u0bcd\u0baa\u0b9f\u0bbf\u0baa\u0bcd\u0baa\u0b9f\u0bcd\u0b9f \u0bb5\u0bbf\u0ba4\u0bb5\u0bc8\u0baf\u0bc8\u0baf\u0bc7 \u0bb5\u0bbf\u0ba4\u0bb5\u0bc8\u0b95\u0bb3\u0bcd \u0b95\u0bc2\u0b9f\u0bcd\u0b9f\u0ba4\u0bcd\u0ba4\u0bbf\u0bb2\u0bcd \u0b9a\u0bc7\u0bb0\u0bcd\u0ba4\u0bcd\u0ba4\u0bc1\u0b95\u0bcd\u0b95\u0bca\u0bb3\u0bcd\u0bb3\u0bb5\u0bc7\u0ba3\u0bcd\u0b9f\u0bc1\u0bae\u0bcd."},{"Verseid":"53004010","Verse":"\u0b87\u0bb3\u0bb5\u0baf\u0ba4\u0bc1\u0bb3\u0bcd\u0bb3 \u0bb5\u0bbf\u0ba4\u0bb5\u0bc8\u0b95\u0bb3\u0bc8 \u0b85\u0ba4\u0bbf\u0bb2\u0bc7 \u0b9a\u0bc7\u0bb0\u0bcd\u0ba4\u0bcd\u0ba4\u0bc1\u0b95\u0bcd\u0b95\u0bca\u0bb3\u0bcd\u0bb3\u0bbe\u0ba4\u0bc7; \u0b8f\u0ba9\u0bc6\u0ba9\u0bbf\u0bb2\u0bcd, \u0b85\u0bb5\u0bb0\u0bcd\u0b95\u0bb3\u0bcd \u0b95\u0bbf\u0bb1\u0bbf\u0bb8\u0bcd\u0ba4\u0bc1\u0bb5\u0bc1\u0b95\u0bcd\u0b95\u0bc1 \u0bb5\u0bbf\u0bb0\u0bcb\u0ba4\u0bae\u0bbe\u0baf\u0bcd\u0b95\u0bcd \u0b95\u0bbe\u0bae\u0bb5\u0bbf\u0b95\u0bbe\u0bb0\u0b99\u0bcd\u0b95\u0bca\u0bb3\u0bcd\u0bb3\u0bc1\u0bae\u0bcd\u0baa\u0bcb\u0ba4\u0bc1 \u0bb5\u0bbf\u0bb5\u0bbe\u0b95\u0bae\u0bcd\u0baa\u0ba3\u0bcd\u0ba3 \u0bae\u0ba9\u0ba4\u0bbe\u0b95\u0bbf,"},{"Verseid":"53004011","Verse":"\u0bae\u0bc1\u0ba4\u0bb2\u0bbf\u0bb2\u0bcd \u0b95\u0bca\u0ba3\u0bcd\u0b9f\u0bbf\u0bb0\u0bc1\u0ba8\u0bcd\u0ba4 \u0bb5\u0bbf\u0b9a\u0bc1\u0bb5\u0bbe\u0b9a\u0ba4\u0bcd\u0ba4\u0bc8 \u0bb5\u0bbf\u0b9f\u0bc1\u0bb5\u0ba4\u0bbf\u0ba9\u0bbe\u0bb2\u0bc7, \u0b86\u0b95\u0bcd\u0b95\u0bbf\u0ba9\u0bc8\u0b95\u0bcd\u0b95\u0bc1\u0b9f\u0bcd\u0baa\u0b9f\u0bc1\u0bb5\u0bbe\u0bb0\u0bcd\u0b95\u0bb3\u0bcd."},{"Verseid":"53004012","Verse":"\u0b85\u0ba4\u0bc1\u0bb5\u0bc1\u0bae\u0bb2\u0bcd\u0bb2\u0bbe\u0bae\u0bb2\u0bcd, \u0b85\u0bb5\u0bb0\u0bcd\u0b95\u0bb3\u0bcd \u0b9a\u0bcb\u0bae\u0bcd\u0baa\u0bb2\u0bc1\u0bb3\u0bcd\u0bb3\u0bb5\u0bb0\u0bcd\u0b95\u0bb3\u0bbe\u0baf\u0bcd, \u0bb5\u0bc0\u0b9f\u0bc1\u0bb5\u0bc0\u0b9f\u0bbe\u0baf\u0bcd\u0ba4\u0bcd \u0ba4\u0bbf\u0bb0\u0bbf\u0baf\u0baa\u0bcd\u0baa\u0bb4\u0b95\u0bc1\u0bb5\u0bbe\u0bb0\u0bcd\u0b95\u0bb3\u0bcd; \u0b9a\u0bcb\u0bae\u0bcd\u0baa\u0bb2\u0bc1\u0bb3\u0bcd\u0bb3\u0bb5\u0bb0\u0bcd\u0b95\u0bb3\u0bbe\u0baf\u0bcd \u0bae\u0bbe\u0ba4\u0bcd\u0ba4\u0bbf\u0bb0\u0bae\u0bb2\u0bcd\u0bb2, \u0b85\u0bb2\u0baa\u0bcd\u0baa\u0bc1\u0b95\u0bbf\u0bb1\u0bb5\u0bb0\u0bcd\u0b95\u0bb3\u0bbe\u0baf\u0bc1\u0bae\u0bcd \u0bb5\u0bc0\u0ba3\u0bb2\u0bc1\u0bb5\u0bb1\u0bcd\u0b95\u0bbe\u0bb0\u0bbf\u0b95\u0bb3\u0bbe\u0baf\u0bc1\u0bae\u0bcd \u0ba4\u0b95\u0bbe\u0ba4 \u0b95\u0bbe\u0bb0\u0bbf\u0baf\u0b99\u0bcd\u0b95\u0bb3\u0bc8\u0baa\u0bcd \u0baa\u0bc7\u0b9a\u0bc1\u0b95\u0bbf\u0bb1\u0bb5\u0bb0\u0bcd\u0b95\u0bb3\u0bbe\u0baf\u0bc1\u0bae\u0bbf\u0bb0\u0bc1\u0baa\u0bcd\u0baa\u0bbe\u0bb0\u0bcd\u0b95\u0bb3\u0bcd."},{"Verseid":"53004013","Verse":"\u0b86\u0b95\u0bc8\u0baf\u0bbe\u0bb2\u0bcd \u0b87\u0bb3\u0bb5\u0baf\u0ba4\u0bc1\u0bb3\u0bcd\u0bb3 \u0bb5\u0bbf\u0ba4\u0bb5\u0bc8\u0b95\u0bb3\u0bcd \u0bb5\u0bbf\u0bb5\u0bbe\u0b95\u0bae\u0bcd\u0baa\u0ba3\u0bcd\u0ba3\u0bb5\u0bc1\u0bae\u0bcd, \u0baa\u0bbf\u0bb3\u0bcd\u0bb3\u0bc8\u0b95\u0bb3\u0bc8\u0baa\u0bcd \u0baa\u0bc6\u0bb1\u0bb5\u0bc1\u0bae\u0bcd, \u0bb5\u0bc0\u0b9f\u0bcd\u0b9f\u0bc8 \u0ba8\u0b9f\u0ba4\u0bcd\u0ba4\u0bb5\u0bc1\u0bae\u0bcd, \u0bb5\u0bbf\u0bb0\u0bcb\u0ba4\u0bbf\u0baf\u0bbe\u0ba9\u0bb5\u0ba9\u0bcd \u0ba8\u0bbf\u0ba8\u0bcd\u0ba4\u0bbf\u0b95\u0bcd\u0b95\u0bbf\u0bb1\u0ba4\u0bb1\u0bcd\u0b95\u0bc1 \u0b87\u0b9f\u0bae\u0bc1\u0ba3\u0bcd\u0b9f\u0bbe\u0b95\u0bcd\u0b95\u0bbe\u0bae\u0bb2\u0bbf\u0bb0\u0bc1\u0b95\u0bcd\u0b95\u0bb5\u0bc1\u0bae\u0bcd \u0bb5\u0bc7\u0ba3\u0bcd\u0b9f\u0bc1\u0bae\u0bc6\u0ba9\u0bcd\u0bb1\u0bbf\u0bb0\u0bc1\u0b95\u0bcd\u0b95\u0bbf\u0bb1\u0bc7\u0ba9\u0bcd."},{"Verseid":"53004014","Verse":"\u0b8f\u0ba9\u0bc6\u0ba9\u0bbf\u0bb2\u0bcd \u0b87\u0ba4\u0bb1\u0bcd\u0b95\u0bc1\u0bae\u0bc1\u0ba9\u0bcd\u0ba9\u0bc7 \u0b9a\u0bbf\u0bb2\u0bb0\u0bcd \u0b9a\u0bbe\u0ba4\u0bcd\u0ba4\u0bbe\u0ba9\u0bc8\u0baa\u0bcd \u0baa\u0bbf\u0ba9\u0bcd\u0baa\u0bb1\u0bcd\u0bb1\u0bbf \u0bb5\u0bbf\u0bb2\u0b95\u0bbf\u0baa\u0bcd\u0baa\u0bcb\u0ba9\u0bbe\u0bb0\u0bcd\u0b95\u0bb3\u0bcd."},{"Verseid":"53004015","Verse":"\u0bb5\u0bbf\u0b9a\u0bc1\u0bb5\u0bbe\u0b9a\u0bbf\u0baf\u0bbe\u0b95\u0bbf\u0baf \u0b92\u0bb0\u0bc1\u0bb5\u0ba9\u0bbf\u0b9f\u0ba4\u0bcd\u0ba4\u0bbf\u0bb2\u0bbe\u0bb5\u0ba4\u0bc1 \u0b92\u0bb0\u0bc1\u0ba4\u0bcd\u0ba4\u0bbf\u0baf\u0bbf\u0b9f\u0ba4\u0bcd\u0ba4\u0bbf\u0bb2\u0bbe\u0bb5\u0ba4\u0bc1 \u0bb5\u0bbf\u0ba4\u0bb5\u0bc8\u0b95\u0bb3\u0bbf\u0bb0\u0bc1\u0ba8\u0bcd\u0ba4\u0bbe\u0bb2\u0bcd, \u0b85\u0bb5\u0bb0\u0bcd\u0b95\u0bb3\u0bcd \u0b87\u0bb5\u0bb0\u0bcd\u0b95\u0bb3\u0bc1\u0b95\u0bcd\u0b95\u0bc1 \u0b89\u0ba4\u0bb5\u0bbf \u0b9a\u0bc6\u0baf\u0bcd\u0baf\u0b95\u0bcd\u0b95\u0b9f\u0bb5\u0bb0\u0bcd\u0b95\u0bb3\u0bcd; \u0b9a\u0baa\u0bc8\u0baf\u0bbe\u0ba9\u0ba4\u0bc1 \u0b89\u0ba4\u0bcd\u0ba4\u0bae \u0bb5\u0bbf\u0ba4\u0bb5\u0bc8\u0b95\u0bb3\u0bbe\u0ba9\u0bb5\u0bb0\u0bcd\u0b95\u0bb3\u0bc1\u0b95\u0bcd\u0b95\u0bc1 \u0b89\u0ba4\u0bb5\u0bbf\u0b9a\u0bc6\u0baf\u0bcd\u0baf\u0bb5\u0bc7\u0ba3\u0bcd\u0b9f\u0bbf\u0baf\u0ba4\u0bbe\u0b95\u0bc8\u0baf\u0bbe\u0bb2\u0bcd \u0b85\u0ba8\u0bcd\u0ba4\u0baa\u0bcd \u0baa\u0bbe\u0bb0\u0ba4\u0bcd\u0ba4\u0bc8 \u0b85\u0ba4\u0bbf\u0ba9\u0bcd\u0bae\u0bc7\u0bb2\u0bcd \u0bb5\u0bc8\u0b95\u0bcd\u0b95\u0b95\u0bcd\u0b95\u0bc2\u0b9f\u0bbe\u0ba4\u0bc1."},{"Verseid":"53004016","Verse":"\u0ba8\u0ba9\u0bcd\u0bb1\u0bbe\u0baf\u0bcd \u0bb5\u0bbf\u0b9a\u0bbe\u0bb0\u0ba3\u0bc8\u0b9a\u0bc6\u0baf\u0bcd\u0b95\u0bbf\u0bb1 \u0bae\u0bc2\u0baa\u0bcd\u0baa\u0bb0\u0bcd\u0b95\u0bb3\u0bc8, \u0bb5\u0bbf\u0b9a\u0bc7\u0bb7\u0bae\u0bbe\u0b95 \u0ba4\u0bbf\u0bb0\u0bc1\u0bb5\u0b9a\u0ba9\u0ba4\u0bcd\u0ba4\u0bbf\u0bb2\u0bc1\u0bae\u0bcd \u0b89\u0baa\u0ba4\u0bc7\u0b9a\u0ba4\u0bcd\u0ba4\u0bbf\u0bb2\u0bc1\u0bae\u0bcd \u0baa\u0bbf\u0bb0\u0baf\u0bbe\u0b9a\u0baa\u0bcd\u0baa\u0b9f\u0bc1\u0b95\u0bbf\u0bb1\u0bb5\u0bb0\u0bcd\u0b95\u0bb3\u0bc8, \u0b87\u0bb0\u0b9f\u0bcd\u0b9f\u0bbf\u0baa\u0bcd\u0baa\u0bbe\u0ba9 \u0b95\u0ba9\u0ba4\u0bcd\u0ba4\u0bbf\u0bb1\u0bcd\u0b95\u0bc1\u0baa\u0bcd \u0baa\u0bbe\u0ba4\u0bcd\u0ba4\u0bbf\u0bb0\u0bb0\u0bbe\u0b95 \u0b8e\u0ba3\u0bcd\u0ba3\u0bb5\u0bc7\u0ba3\u0bcd\u0b9f\u0bc1\u0bae\u0bcd."},{"Verseid":"53004017","Verse":"\u0baa\u0bcb\u0bb0\u0b9f\u0bbf\u0b95\u0bcd\u0b95\u0bbf\u0bb1 \u0bae\u0bbe\u0b9f\u0bcd\u0b9f\u0bc8 \u0bb5\u0bbe\u0baf\u0bcd \u0b95\u0b9f\u0bcd\u0b9f\u0bbe\u0baf\u0bbe\u0b95 \u0b8e\u0ba9\u0bcd\u0bb1\u0bc1\u0bae\u0bcd, \u0bb5\u0bc7\u0bb2\u0bc8\u0baf\u0bbe\u0bb3\u0bcd \u0ba4\u0ba9\u0bcd \u0b95\u0bc2\u0bb2\u0bbf\u0b95\u0bcd\u0b95\u0bc1\u0baa\u0bcd \u0baa\u0bbe\u0ba4\u0bcd\u0ba4\u0bbf\u0bb0\u0ba9\u0bbe\u0baf\u0bbf\u0bb0\u0bc1\u0b95\u0bcd\u0b95\u0bbf\u0bb1\u0bbe\u0ba9\u0bcd \u0b8e\u0ba9\u0bcd\u0bb1\u0bc1\u0bae\u0bcd, \u0bb5\u0bc7\u0ba4\u0bb5\u0bbe\u0b95\u0bcd\u0b95\u0bbf\u0baf\u0bae\u0bcd \u0b9a\u0bca\u0bb2\u0bcd\u0bb2\u0bc1\u0b95\u0bbf\u0bb1\u0ba4\u0bc7."},{"Verseid":"53004018","Verse":"\u0bae\u0bc2\u0baa\u0bcd\u0baa\u0ba9\u0bbe\u0ba9\u0bb5\u0ba9\u0bc1\u0b95\u0bcd\u0b95\u0bc1 \u0bb5\u0bbf\u0bb0\u0bcb\u0ba4\u0bae\u0bbe\u0b95 \u0b92\u0bb0\u0bc1\u0bb5\u0ba9\u0bcd \u0b9a\u0bc6\u0baf\u0bcd\u0baf\u0bc1\u0bae\u0bcd \u0baa\u0bbf\u0bb0\u0bbe\u0ba4\u0bc8 \u0b87\u0bb0\u0ba3\u0bcd\u0b9f\u0bc1 \u0bae\u0bc2\u0ba9\u0bcd\u0bb1\u0bc1 \u0b9a\u0bbe\u0b9f\u0bcd\u0b9a\u0bbf\u0b95\u0bb3\u0bcd \u0b87\u0bb2\u0bcd\u0bb2\u0bbe\u0bae\u0bb2\u0bcd \u0ba8\u0bc0 \u0b8f\u0bb1\u0bcd\u0bb1\u0bc1\u0b95\u0bcd\u0b95\u0bca\u0bb3\u0bcd\u0bb3\u0b95\u0bcd\u0b95\u0bc2\u0b9f\u0bbe\u0ba4\u0bc1."},{"Verseid":"53004019","Verse":"\u0bae\u0bb1\u0bcd\u0bb1\u0bb5\u0bb0\u0bcd\u0b95\u0bb3\u0bc1\u0b95\u0bcd\u0b95\u0bc1\u0baa\u0bcd \u0baa\u0baf\u0bae\u0bc1\u0ba3\u0bcd\u0b9f\u0bbe\u0b95\u0bc1\u0bae\u0bcd\u0baa\u0b9f\u0bbf, \u0baa\u0bbe\u0bb5\u0b9e\u0bcd\u0b9a\u0bc6\u0baf\u0bcd\u0ba4\u0bb5\u0bb0\u0bcd\u0b95\u0bb3\u0bc8 \u0b8e\u0bb2\u0bcd\u0bb2\u0bbe\u0bb0\u0bc1\u0b95\u0bcd\u0b95\u0bc1\u0bae\u0bcd \u0bae\u0bc1\u0ba9\u0bcd\u0baa\u0bbe\u0b95\u0b95\u0bcd \u0b95\u0b9f\u0bbf\u0ba8\u0bcd\u0ba4\u0bc1\u0b95\u0bca\u0bb3\u0bcd."},{"Verseid":"53004020","Verse":"\u0ba8\u0bc0 \u0baa\u0b9f\u0bcd\u0b9a\u0baa\u0bbe\u0ba4\u0ba4\u0bcd\u0ba4\u0bcb\u0b9f\u0bc7 \u0b92\u0ba9\u0bcd\u0bb1\u0bc1\u0bae\u0bcd \u0b9a\u0bc6\u0baf\u0bcd\u0baf\u0bbe\u0bae\u0bb2\u0bc1\u0bae\u0bcd, \u0bb5\u0bbf\u0b9a\u0bbe\u0bb0\u0bbf\u0b95\u0bcd\u0b95\u0bc1\u0bae\u0bc1\u0ba9\u0bcd \u0ba8\u0bbf\u0bb0\u0bc1\u0ba3\u0baf\u0bae\u0bcd\u0baa\u0ba3\u0bcd\u0ba3\u0bbe\u0bae\u0bb2\u0bc1\u0bae\u0bcd, \u0b87\u0bb5\u0bc8\u0b95\u0bb3\u0bc8\u0b95\u0bcd \u0b95\u0bbe\u0ba4\u0bcd\u0ba4\u0bc1 \u0ba8\u0b9f\u0b95\u0bcd\u0b95\u0bc1\u0bae\u0bcd\u0baa\u0b9f\u0bbf, \u0ba4\u0bc7\u0bb5\u0ba9\u0bc1\u0b95\u0bcd\u0b95\u0bc1\u0bae\u0bcd, \u0b95\u0bb0\u0bcd\u0ba4\u0bcd\u0ba4\u0bb0\u0bbe\u0b95\u0bbf\u0baf \u0b87\u0baf\u0bc7\u0b9a\u0bc1\u0b95\u0bbf\u0bb1\u0bbf\u0bb8\u0bcd\u0ba4\u0bc1\u0bb5\u0bc1\u0b95\u0bcd\u0b95\u0bc1\u0bae\u0bcd, \u0ba4\u0bc6\u0bb0\u0bbf\u0ba8\u0bcd\u0ba4\u0bc1\u0b95\u0bca\u0bb3\u0bcd\u0bb3\u0baa\u0bcd\u0baa\u0b9f\u0bcd\u0b9f \u0ba4\u0bc2\u0ba4\u0bb0\u0bc1\u0b95\u0bcd\u0b95\u0bc1\u0bae\u0bcd \u0bae\u0bc1\u0ba9\u0bcd\u0baa\u0bbe\u0b95, \u0b89\u0bb1\u0bc1\u0ba4\u0bbf\u0baf\u0bbe\u0baf\u0bcd\u0b95\u0bcd \u0b95\u0b9f\u0bcd\u0b9f\u0bb3\u0bc8\u0baf\u0bbf\u0b9f\u0bc1\u0b95\u0bbf\u0bb1\u0bc7\u0ba9\u0bcd."},{"Verseid":"53004021","Verse":"\u0b92\u0bb0\u0bc1\u0bb5\u0ba9\u0bcd\u0bae\u0bc7\u0bb2\u0bc1\u0bae\u0bcd \u0b9a\u0bc0\u0b95\u0bcd\u0b95\u0bbf\u0bb0\u0bae\u0bbe\u0baf\u0bcd\u0b95\u0bcd \u0b95\u0bc8\u0b95\u0bb3\u0bc8 \u0bb5\u0bc8\u0baf\u0bbe\u0ba4\u0bc7; \u0bae\u0bb1\u0bcd\u0bb1\u0bb5\u0bb0\u0bcd\u0b95\u0bb3\u0bcd \u0b9a\u0bc6\u0baf\u0bcd\u0baf\u0bc1\u0bae\u0bcd \u0baa\u0bbe\u0bb5\u0b99\u0bcd\u0b95\u0bb3\u0bc1\u0b95\u0bcd\u0b95\u0bc1\u0bae\u0bcd \u0b89\u0b9f\u0ba9\u0bcd\u0baa\u0b9f\u0bbe\u0ba4\u0bc7; \u0b89\u0ba9\u0bcd\u0ba9\u0bc8\u0b9a\u0bcd \u0b9a\u0bc1\u0ba4\u0bcd\u0ba4\u0bb5\u0bbe\u0ba9\u0bbe\u0b95\u0b95\u0bcd \u0b95\u0bbe\u0ba4\u0bcd\u0ba4\u0bc1\u0b95\u0bcd\u0b95\u0bca\u0bb3\u0bcd."},{"Verseid":"53004022","Verse":"\u0ba8\u0bc0 \u0b87\u0ba9\u0bbf\u0bae\u0bc7\u0bb2\u0bcd \u0ba4\u0ba3\u0bcd\u0ba3\u0bc0\u0bb0\u0bcd \u0bae\u0bbe\u0ba4\u0bcd\u0ba4\u0bbf\u0bb0\u0bae\u0bcd\u0b95\u0bc1\u0b9f\u0bbf\u0baf\u0bbe\u0bae\u0bb2\u0bcd, \u0b89\u0ba9\u0bcd \u0bb5\u0baf\u0bbf\u0bb1\u0bcd\u0bb1\u0bbf\u0bb1\u0bcd\u0b95\u0bbe\u0b95\u0bb5\u0bc1\u0bae\u0bcd, \u0b89\u0ba9\u0b95\u0bcd\u0b95\u0bc1 \u0b85\u0b9f\u0bbf\u0b95\u0bcd\u0b95\u0b9f\u0bbf \u0ba8\u0bc7\u0bb0\u0bbf\u0b9f\u0bc1\u0b95\u0bbf\u0bb1 \u0baa\u0bb2\u0bb5\u0bc0\u0ba9\u0b99\u0bcd\u0b95\u0bb3\u0bc1\u0b95\u0bcd\u0b95\u0bbe\u0b95\u0bb5\u0bc1\u0bae\u0bcd, \u0b95\u0bca\u0b9e\u0bcd\u0b9a\u0bae\u0bcd \u0ba4\u0bbf\u0bb0\u0bbe\u0b9f\u0bcd\u0b9a\u0bb0\u0b9a\u0bae\u0bc1\u0bae\u0bcd \u0b95\u0bc2\u0b9f\u0bcd\u0b9f\u0bbf\u0b95\u0bcd\u0b95\u0bca\u0bb3\u0bcd."},{"Verseid":"53004023","Verse":"\u0b9a\u0bbf\u0bb2\u0bb0\u0bc1\u0b9f\u0bc8\u0baf \u0baa\u0bbe\u0bb5\u0b99\u0bcd\u0b95\u0bb3\u0bcd \u0bb5\u0bc6\u0bb3\u0bbf\u0baf\u0bb0\u0b99\u0bcd\u0b95\u0bae\u0bbe\u0baf\u0bbf\u0bb0\u0bc1\u0ba8\u0bcd\u0ba4\u0bc1, \u0ba8\u0bbf\u0baf\u0bbe\u0baf\u0ba4\u0bcd\u0ba4\u0bc0\u0bb0\u0bcd\u0baa\u0bcd\u0baa\u0bc1\u0b95\u0bcd\u0b95\u0bc1 \u0bae\u0bc1\u0ba8\u0bcd\u0ba4\u0bbf\u0b95\u0bcd\u0b95\u0bca\u0bb3\u0bcd\u0bb3\u0bc1\u0bae\u0bcd; \u0b9a\u0bbf\u0bb2\u0bb0\u0bc1\u0b9f\u0bc8\u0baf \u0baa\u0bbe\u0bb5\u0b99\u0bcd\u0b95\u0bb3\u0bcd \u0b85\u0bb5\u0bb0\u0bcd\u0b95\u0bb3\u0bc8\u0baa\u0bcd \u0baa\u0bbf\u0ba9\u0bcd\u0ba4\u0bca\u0b9f\u0bb0\u0bc1\u0bae\u0bcd."},{"Verseid":"53004024","Verse":"\u0b85\u0baa\u0bcd\u0baa\u0b9f\u0bbf\u0baf\u0bc7 \u0b9a\u0bbf\u0bb2\u0bb0\u0bc1\u0b9f\u0bc8\u0baf \u0ba8\u0bb1\u0bcd\u0b95\u0bbf\u0bb0\u0bbf\u0baf\u0bc8\u0b95\u0bb3\u0bc1\u0bae\u0bcd \u0bb5\u0bc6\u0bb3\u0bbf\u0baf\u0bb0\u0b99\u0bcd\u0b95\u0bae\u0bbe\u0baf\u0bbf\u0bb0\u0bc1\u0b95\u0bcd\u0b95\u0bc1\u0bae\u0bcd; \u0b85\u0baa\u0bcd\u0baa\u0b9f\u0bbf \u0b87\u0bb0\u0bbe\u0ba4\u0bb5\u0bc8\u0b95\u0bb3\u0bc1\u0bae\u0bcd \u0bae\u0bb1\u0bc8\u0ba8\u0bcd\u0ba4\u0bbf\u0bb0\u0bc1\u0b95\u0bcd\u0b95\u0bae\u0bbe\u0b9f\u0bcd\u0b9f\u0bbe\u0ba4\u0bc1."}]},{"Verse":[{"Verseid":"53005000","Verse":"\u0ba4\u0bc7\u0bb5\u0ba9\u0bc1\u0b9f\u0bc8\u0baf \u0ba8\u0bbe\u0bae\u0bae\u0bc1\u0bae\u0bcd \u0b89\u0baa\u0ba4\u0bc7\u0b9a\u0bae\u0bc1\u0bae\u0bcd \u0ba4\u0bc2\u0bb7\u0bbf\u0b95\u0bcd\u0b95\u0baa\u0bcd\u0baa\u0b9f\u0bbe\u0ba4\u0baa\u0b9f\u0bbf\u0b95\u0bcd\u0b95\u0bc1, \u0b85\u0b9f\u0bbf\u0bae\u0bc8\u0ba4\u0bcd\u0ba4\u0ba9 \u0ba8\u0bc1\u0b95\u0ba4\u0bcd\u0ba4\u0bbf\u0bb1\u0bcd\u0b95\u0bc1\u0b9f\u0bcd\u0baa\u0b9f\u0bcd\u0b9f\u0bbf\u0bb0\u0bc1\u0b95\u0bcd\u0b95\u0bbf\u0bb1 \u0bb5\u0bc7\u0bb2\u0bc8\u0b95\u0bcd\u0b95\u0bbe\u0bb0\u0bb0\u0bcd \u0baf\u0bbe\u0bb5\u0bb0\u0bc1\u0bae\u0bcd \u0ba4\u0b99\u0bcd\u0b95\u0bb3\u0bcd \u0b8e\u0b9c\u0bae\u0bbe\u0ba9\u0bcd\u0b95\u0bb3\u0bc8 \u0b8e\u0bb2\u0bcd\u0bb2\u0bbe\u0b95\u0bcd \u0b95\u0ba9\u0ba4\u0bcd\u0ba4\u0bbf\u0bb1\u0bcd\u0b95\u0bc1\u0bae\u0bcd \u0baa\u0bbe\u0ba4\u0bcd\u0ba4\u0bbf\u0bb0\u0bb0\u0bc6\u0ba9\u0bcd\u0bb1\u0bc1 \u0b8e\u0ba3\u0bcd\u0ba3\u0bbf\u0b95\u0bcd\u0b95\u0bca\u0bb3\u0bcd\u0bb3\u0b95\u0bcd\u0b95\u0b9f\u0bb5\u0bb0\u0bcd\u0b95\u0bb3\u0bcd."},{"Verseid":"53005001","Verse":"\u0bb5\u0bbf\u0b9a\u0bc1\u0bb5\u0bbe\u0b9a\u0bbf\u0b95\u0bb3\u0bbe\u0b95\u0bbf\u0baf \u0b8e\u0b9c\u0bae\u0bbe\u0ba9\u0bcd\u0b95\u0bb3\u0bc8 \u0b89\u0b9f\u0bc8\u0baf\u0bb5\u0bb0\u0bcd\u0b95\u0bb3\u0bcd, \u0ba4\u0b99\u0bcd\u0b95\u0bb3\u0bcd \u0b8e\u0b9c\u0bae\u0bbe\u0ba9\u0bcd\u0b95\u0bb3\u0bcd \u0b9a\u0b95\u0bcb\u0ba4\u0bb0\u0bb0\u0bbe\u0baf\u0bbf\u0bb0\u0bc1\u0b95\u0bcd\u0b95\u0bbf\u0bb1\u0ba4\u0bbf\u0ba9\u0bbe\u0bb2\u0bc7 \u0b85\u0bb5\u0bb0\u0bcd\u0b95\u0bb3\u0bc8 \u0b85\u0b9a\u0b9f\u0bcd\u0b9f\u0bc8\u0baa\u0ba3\u0bcd\u0ba3\u0bbe\u0bae\u0bb2\u0bcd, \u0ba8\u0bb2\u0bcd\u0bb5\u0bc7\u0bb2\u0bc8\u0baf\u0bbf\u0ba9\u0bcd \u0baa\u0bb2\u0ba9\u0bc8\u0baa\u0bcd \u0baa\u0bc6\u0bb1\u0bcd\u0bb1\u0bc1\u0b95\u0bca\u0bb3\u0bcd\u0bb3\u0bc1\u0b95\u0bbf\u0bb1 \u0b85\u0bb5\u0bb0\u0bcd\u0b95\u0bb3\u0bcd \u0bb5\u0bbf\u0b9a\u0bc1\u0bb5\u0bbe\u0b9a\u0bbf\u0b95\u0bb3\u0bc1\u0bae\u0bcd \u0baa\u0bbf\u0bb0\u0bbf\u0baf\u0bb0\u0bc1\u0bae\u0bbe\u0baf\u0bbf\u0bb0\u0bc1\u0b95\u0bcd\u0b95\u0bbf\u0bb1\u0baa\u0b9f\u0bbf\u0baf\u0bbe\u0bb2\u0bcd, \u0b85\u0bb5\u0bb0\u0bcd\u0b95\u0bb3\u0bc1\u0b95\u0bcd\u0b95\u0bc1 \u0b85\u0ba4\u0bbf\u0b95\u0bae\u0bbe\u0baf\u0bcd \u0b8a\u0bb4\u0bbf\u0baf\u0b9e\u0bcd\u0b9a\u0bc6\u0baf\u0bcd\u0baf\u0b95\u0bcd\u0b95\u0b9f\u0bb5\u0bb0\u0bcd\u0b95\u0bb3\u0bcd; \u0b87\u0ba8\u0bcd\u0ba4\u0baa\u0bcd\u0baa\u0b9f\u0bbf\u0baf\u0bc7 \u0baa\u0bcb\u0ba4\u0bbf\u0ba4\u0bcd\u0ba4\u0bc1\u0baa\u0bcd \u0baa\u0bc1\u0ba4\u0bcd\u0ba4\u0bbf\u0b9a\u0bca\u0bb2\u0bcd\u0bb2\u0bc1."},{"Verseid":"53005002","Verse":"\u0b92\u0bb0\u0bc1\u0bb5\u0ba9\u0bcd \u0ba8\u0bae\u0bcd\u0bae\u0bc1\u0b9f\u0bc8\u0baf \u0b95\u0bb0\u0bcd\u0ba4\u0bcd\u0ba4\u0bb0\u0bbe\u0b95\u0bbf\u0baf \u0b87\u0baf\u0bc7\u0b9a\u0bc1\u0b95\u0bbf\u0bb1\u0bbf\u0bb8\u0bcd\u0ba4\u0bc1\u0bb5\u0bbf\u0ba9\u0bcd \u0b86\u0bb0\u0bcb\u0b95\u0bcd\u0b95\u0bbf\u0baf\u0bae\u0bbe\u0ba9 \u0bb5\u0b9a\u0ba9\u0b99\u0bcd\u0b95\u0bb3\u0bc8\u0baf\u0bc1\u0bae\u0bcd, \u0ba4\u0bc7\u0bb5\u0baa\u0b95\u0bcd\u0ba4\u0bbf\u0b95\u0bcd\u0b95\u0bc7\u0bb1\u0bcd\u0bb1 \u0b89\u0baa\u0ba4\u0bc7\u0b9a\u0b99\u0bcd\u0b95\u0bb3\u0bc8\u0baf\u0bc1\u0bae\u0bcd \u0b92\u0baa\u0bcd\u0baa\u0bc1\u0b95\u0bcd\u0b95\u0bca\u0bb3\u0bcd\u0bb3\u0bbe\u0bae\u0bb2\u0bcd, \u0bb5\u0bc7\u0bb1\u0bcd\u0bb1\u0bc1\u0bae\u0bc8\u0baf\u0bbe\u0ba9 \u0b89\u0baa\u0ba4\u0bc7\u0b9a\u0b99\u0bcd\u0b95\u0bb3\u0bc8\u0baa\u0bcd \u0baa\u0bcb\u0ba4\u0bbf\u0b95\u0bcd\u0b95\u0bbf\u0bb1\u0bb5\u0ba9\u0bbe\u0ba9\u0bbe\u0bb2\u0bcd,"},{"Verseid":"53005003","Verse":"\u0b85\u0bb5\u0ba9\u0bcd \u0b87\u0bb1\u0bc1\u0bae\u0bbe\u0baa\u0bcd\u0baa\u0bc1\u0bb3\u0bcd\u0bb3\u0bb5\u0ba9\u0bc1\u0bae\u0bcd, \u0b92\u0ba9\u0bcd\u0bb1\u0bc1\u0bae\u0bcd \u0b85\u0bb1\u0bbf\u0baf\u0bbe\u0ba4\u0bb5\u0ba9\u0bc1\u0bae\u0bcd, \u0ba4\u0bb0\u0bcd\u0b95\u0bcd\u0b95\u0b99\u0bcd\u0b95\u0bb3\u0bc8\u0baf\u0bc1\u0bae\u0bcd \u0bb5\u0bbe\u0b95\u0bcd\u0b95\u0bc1\u0ba4\u0bcd\u0ba4\u0ba4\u0bcd\u0ba4\u0b99\u0bcd\u0b95\u0bb3\u0bc8\u0baf\u0bc1\u0bae\u0bcd\u0baa\u0bb1\u0bcd\u0bb1\u0bbf \u0ba8\u0bcb\u0baf\u0bcd\u0b95\u0bca\u0ba3\u0bcd\u0b9f\u0bb5\u0ba9\u0bc1\u0bae\u0bbe\u0baf\u0bbf\u0bb0\u0bc1\u0b95\u0bcd\u0b95\u0bbf\u0bb1\u0bbe\u0ba9\u0bcd; \u0b85\u0bb5\u0bc8\u0b95\u0bb3\u0bbe\u0bb2\u0bc7 \u0baa\u0bca\u0bb1\u0bbe\u0bae\u0bc8\u0baf\u0bc1\u0bae\u0bcd, \u0b9a\u0ba3\u0bcd\u0b9f\u0bc8\u0baf\u0bc1\u0bae\u0bcd, \u0ba4\u0bc2\u0bb7\u0ba3\u0b99\u0bcd\u0b95\u0bb3\u0bc1\u0bae\u0bcd, \u0baa\u0bca\u0bb2\u0bcd\u0bb2\u0bbe\u0ba4 \u0b9a\u0bae\u0bcd\u0b9a\u0baf\u0b99\u0bcd\u0b95\u0bb3\u0bc1\u0bae\u0bc1\u0ba3\u0bcd\u0b9f\u0bbe\u0b95\u0bbf,"},{"Verseid":"53005004","Verse":"\u0b95\u0bc6\u0b9f\u0bcd\u0b9f \u0b9a\u0bbf\u0ba8\u0bcd\u0ba4\u0bc8\u0baf\u0bc1\u0bb3\u0bcd\u0bb3\u0bb5\u0bb0\u0bcd\u0b95\u0bb3\u0bc1\u0bae\u0bcd \u0b9a\u0ba4\u0bcd\u0ba4\u0bbf\u0baf\u0bae\u0bbf\u0bb2\u0bcd\u0bb2\u0bbe\u0ba4\u0bb5\u0bb0\u0bcd\u0b95\u0bb3\u0bc1\u0bae\u0bcd \u0ba4\u0bc7\u0bb5\u0baa\u0b95\u0bcd\u0ba4\u0bbf\u0baf\u0bc8 \u0b86\u0ba4\u0bbe\u0baf\u0ba4\u0bcd\u0ba4\u0bca\u0bb4\u0bbf\u0bb2\u0bc6\u0ba9\u0bcd\u0bb1\u0bc1 \u0b8e\u0ba3\u0bcd\u0ba3\u0bc1\u0b95\u0bbf\u0bb1\u0bb5\u0bb0\u0bcd\u0b95\u0bb3\u0bc1\u0bae\u0bbe\u0baf\u0bbf\u0bb0\u0bc1\u0b95\u0bcd\u0b95\u0bbf\u0bb1 \u0bae\u0ba9\u0bc1\u0bb7\u0bb0\u0bcd\u0b95\u0bb3\u0bbe\u0bb2\u0bcd \u0b89\u0ba3\u0bcd\u0b9f\u0bbe\u0b95\u0bc1\u0bae\u0bcd \u0bae\u0bbe\u0bb1\u0bc1\u0baa\u0bbe\u0b9f\u0bbe\u0ba9 \u0ba4\u0bb0\u0bcd\u0b95\u0bcd\u0b95\u0b99\u0bcd\u0b95\u0bb3\u0bc1\u0bae\u0bcd \u0baa\u0bbf\u0bb1\u0b95\u0bcd\u0b95\u0bc1\u0bae\u0bcd; \u0b87\u0baa\u0bcd\u0baa\u0b9f\u0bbf\u0baa\u0bcd\u0baa\u0b9f\u0bcd\u0b9f\u0bb5\u0bb0\u0bcd\u0b95\u0bb3\u0bc8 \u0bb5\u0bbf\u0b9f\u0bcd\u0b9f\u0bc1 \u0bb5\u0bbf\u0bb2\u0b95\u0bc1."},{"Verseid":"53005005","Verse":"\u0baa\u0bcb\u0ba4\u0bc1\u0bae\u0bc6\u0ba9\u0bcd\u0b95\u0bbf\u0bb1 \u0bae\u0ba9\u0ba4\u0bc1\u0b9f\u0ba9\u0bc7 \u0b95\u0bc2\u0b9f\u0bbf\u0baf \u0ba4\u0bc7\u0bb5\u0baa\u0b95\u0bcd\u0ba4\u0bbf\u0baf\u0bc7 \u0bae\u0bbf\u0b95\u0bc1\u0ba8\u0bcd\u0ba4 \u0b86\u0ba4\u0bbe\u0baf\u0bae\u0bcd."},{"Verseid":"53005006","Verse":"\u0b89\u0bb2\u0b95\u0ba4\u0bcd\u0ba4\u0bbf\u0bb2\u0bc7 \u0ba8\u0bbe\u0bae\u0bcd \u0b92\u0ba9\u0bcd\u0bb1\u0bc1\u0bae\u0bcd \u0b95\u0bca\u0ba3\u0bcd\u0b9f\u0bc1\u0bb5\u0ba8\u0bcd\u0ba4\u0ba4\u0bc1\u0bae\u0bbf\u0bb2\u0bcd\u0bb2\u0bc8, \u0b87\u0ba4\u0bbf\u0bb2\u0bbf\u0bb0\u0bc1\u0ba8\u0bcd\u0ba4\u0bc1 \u0ba8\u0bbe\u0bae\u0bcd \u0b92\u0ba9\u0bcd\u0bb1\u0bc1\u0bae\u0bcd \u0b95\u0bca\u0ba3\u0bcd\u0b9f\u0bc1\u0baa\u0bcb\u0bb5\u0ba4\u0bc1\u0bae\u0bbf\u0bb2\u0bcd\u0bb2\u0bc8 \u0b8e\u0ba9\u0bcd\u0baa\u0ba4\u0bc1 \u0ba8\u0bbf\u0b9a\u0bcd\u0b9a\u0baf\u0bae\u0bcd."},{"Verseid":"53005007","Verse":"\u0b89\u0ba3\u0bcd\u0ba3\u0bb5\u0bc1\u0bae\u0bcd \u0b89\u0b9f\u0bc1\u0b95\u0bcd\u0b95\u0bb5\u0bc1\u0bae\u0bcd \u0ba8\u0bae\u0b95\u0bcd\u0b95\u0bc1 \u0b89\u0ba3\u0bcd\u0b9f\u0bbe\u0baf\u0bbf\u0bb0\u0bc1\u0ba8\u0bcd\u0ba4\u0bbe\u0bb2\u0bcd \u0b85\u0ba4\u0bc1 \u0baa\u0bcb\u0ba4\u0bc1\u0bae\u0bc6\u0ba9\u0bcd\u0bb1\u0bbf\u0bb0\u0bc1\u0b95\u0bcd\u0b95\u0b95\u0bcd\u0b95\u0b9f\u0bb5\u0bcb\u0bae\u0bcd."},{"Verseid":"53005008","Verse":"\u0b90\u0b9a\u0bc1\u0bb5\u0bb0\u0bbf\u0baf\u0bb5\u0bbe\u0ba9\u0bcd\u0b95\u0bb3\u0bbe\u0b95 \u0bb5\u0bbf\u0bb0\u0bc1\u0bae\u0bcd\u0baa\u0bc1\u0b95\u0bbf\u0bb1\u0bb5\u0bb0\u0bcd\u0b95\u0bb3\u0bcd \u0b9a\u0bcb\u0ba4\u0ba9\u0bc8\u0baf\u0bbf\u0bb2\u0bc1\u0bae\u0bcd \u0b95\u0ba3\u0bcd\u0ba3\u0bbf\u0baf\u0bbf\u0bb2\u0bc1\u0bae\u0bcd, \u0bae\u0ba9\u0bc1\u0bb7\u0bb0\u0bc8\u0b95\u0bcd \u0b95\u0bc7\u0b9f\u0bcd\u0b9f\u0bbf\u0bb2\u0bc1\u0bae\u0bcd \u0b85\u0bb4\u0bbf\u0bb5\u0bbf\u0bb2\u0bc1\u0bae\u0bcd \u0b85\u0bae\u0bbf\u0bb4\u0bcd\u0ba4\u0bcd\u0ba4\u0bc1\u0b95\u0bbf\u0bb1 \u0bae\u0ba4\u0bbf\u0b95\u0bc7\u0b9f\u0bc1\u0bae\u0bcd \u0b9a\u0bc7\u0ba4\u0bae\u0bc1\u0bae\u0bbe\u0ba9 \u0baa\u0bb2\u0bb5\u0bbf\u0ba4 \u0b87\u0b9a\u0bcd\u0b9a\u0bc8\u0b95\u0bb3\u0bbf\u0bb2\u0bc1\u0bae\u0bcd \u0bb5\u0bbf\u0bb4\u0bc1\u0b95\u0bbf\u0bb1\u0bbe\u0bb0\u0bcd\u0b95\u0bb3\u0bcd."},{"Verseid":"53005009","Verse":"\u0baa\u0ba3 \u0b86\u0b9a\u0bc8 \u0b8e\u0bb2\u0bcd\u0bb2\u0bbe\u0ba4\u0bcd \u0ba4\u0bc0\u0bae\u0bc8\u0b95\u0bcd\u0b95\u0bc1\u0bae\u0bcd \u0bb5\u0bc7\u0bb0\u0bbe\u0baf\u0bbf\u0bb0\u0bc1\u0b95\u0bcd\u0b95\u0bbf\u0bb1\u0ba4\u0bc1; \u0b9a\u0bbf\u0bb2\u0bb0\u0bcd \u0b85\u0ba4\u0bc8 \u0b87\u0b9a\u0bcd\u0b9a\u0bbf\u0ba4\u0bcd\u0ba4\u0bc1, \u0bb5\u0bbf\u0b9a\u0bc1\u0bb5\u0bbe\u0b9a\u0ba4\u0bcd\u0ba4\u0bc8\u0bb5\u0bbf\u0b9f\u0bcd\u0b9f\u0bc1 \u0bb5\u0bb4\u0bc1\u0bb5\u0bbf, \u0ba4\u0b99\u0bcd\u0b95\u0bb3\u0bc8 \u0b89\u0bb0\u0bc1\u0bb5\u0b95\u0bcd \u0b95\u0bc1\u0ba4\u0bcd\u0ba4\u0bbf\u0b95\u0bcd\u0b95\u0bca\u0ba3\u0bcd\u0b9f\u0bbf\u0bb0\u0bc1\u0b95\u0bcd\u0b95\u0bbf\u0bb1\u0bbe\u0bb0\u0bcd\u0b95\u0bb3\u0bcd."},{"Verseid":"53005010","Verse":"\u0ba8\u0bc0\u0baf\u0bcb, \u0ba4\u0bc7\u0bb5\u0ba9\u0bc1\u0b9f\u0bc8\u0baf \u0bae\u0ba9\u0bc1\u0bb7\u0ba9\u0bc7 \u0b87\u0bb5\u0bc8\u0b95\u0bb3\u0bc8 \u0bb5\u0bbf\u0b9f\u0bcd\u0b9f\u0bcb\u0b9f\u0bbf, \u0ba8\u0bc0\u0ba4\u0bbf\u0baf\u0bc8\u0baf\u0bc1\u0bae\u0bcd \u0ba4\u0bc7\u0bb5\u0baa\u0b95\u0bcd\u0ba4\u0bbf\u0baf\u0bc8\u0baf\u0bc1\u0bae\u0bcd \u0bb5\u0bbf\u0b9a\u0bc1\u0bb5\u0bbe\u0b9a\u0ba4\u0bcd\u0ba4\u0bc8\u0baf\u0bc1\u0bae\u0bcd \u0b85\u0ba9\u0bcd\u0baa\u0bc8\u0baf\u0bc1\u0bae\u0bcd \u0baa\u0bca\u0bb1\u0bc1\u0bae\u0bc8\u0baf\u0bc8\u0baf\u0bc1\u0bae\u0bcd \u0b9a\u0bbe\u0ba8\u0bcd\u0ba4\u0b95\u0bc1\u0ba3\u0ba4\u0bcd\u0ba4\u0bc8\u0baf\u0bc1\u0bae\u0bcd \u0b85\u0b9f\u0bc8\u0baf\u0bc1\u0bae\u0bcd\u0baa\u0b9f\u0bbf \u0ba8\u0bbe\u0b9f\u0bc1."},{"Verseid":"53005011","Verse":"\u0bb5\u0bbf\u0b9a\u0bc1\u0bb5\u0bbe\u0b9a\u0ba4\u0bcd\u0ba4\u0bbf\u0ba9\u0bcd \u0ba8\u0bb2\u0bcd\u0bb2 \u0baa\u0bcb\u0bb0\u0bbe\u0b9f\u0bcd\u0b9f\u0ba4\u0bcd\u0ba4\u0bc8\u0baa\u0bcd \u0baa\u0bcb\u0bb0\u0bbe\u0b9f\u0bc1, \u0ba8\u0bbf\u0ba4\u0bcd\u0ba4\u0bbf\u0baf\u0b9c\u0bc0\u0bb5\u0ba9\u0bc8\u0baa\u0bcd \u0baa\u0bb1\u0bcd\u0bb1\u0bbf\u0b95\u0bcd\u0b95\u0bca\u0bb3\u0bcd; \u0b85\u0ba4\u0bb1\u0bcd\u0b95\u0bbe\u0b95\u0bb5\u0bc7 \u0ba8\u0bc0 \u0b85\u0bb4\u0bc8\u0b95\u0bcd\u0b95\u0baa\u0bcd\u0baa\u0b9f\u0bcd\u0b9f\u0bbe\u0baf\u0bcd; \u0b85\u0ba8\u0bc7\u0b95 \u0b9a\u0bbe\u0b9f\u0bcd\u0b9a\u0bbf\u0b95\u0bb3\u0bc1\u0b95\u0bcd\u0b95\u0bc1 \u0bae\u0bc1\u0ba9\u0bcd\u0baa\u0bbe\u0b95 \u0ba8\u0bb2\u0bcd\u0bb2 \u0b85\u0bb1\u0bbf\u0b95\u0bcd\u0b95\u0bc8 \u0baa\u0ba3\u0bcd\u0ba3\u0bbf\u0ba9\u0bb5\u0ba9\u0bc1\u0bae\u0bbe\u0baf\u0bbf\u0bb0\u0bc1\u0b95\u0bcd\u0b95\u0bbf\u0bb1\u0bbe\u0baf\u0bcd."},{"Verseid":"53005012","Verse":"\u0ba8\u0bae\u0bcd\u0bae\u0bc1\u0b9f\u0bc8\u0baf \u0b95\u0bb0\u0bcd\u0ba4\u0bcd\u0ba4\u0bb0\u0bbe\u0b95\u0bbf\u0baf \u0b87\u0baf\u0bc7\u0b9a\u0bc1\u0b95\u0bbf\u0bb1\u0bbf\u0bb8\u0bcd\u0ba4\u0bc1 \u0baa\u0bbf\u0bb0\u0b9a\u0ba9\u0bcd\u0ba9\u0bae\u0bbe\u0b95\u0bc1\u0bae\u0bcd\u0bb5\u0bb0\u0bc8\u0b95\u0bcd\u0b95\u0bc1\u0bae\u0bcd, \u0ba8\u0bc0 \u0b87\u0ba8\u0bcd\u0ba4\u0b95\u0bcd \u0b95\u0bb1\u0bcd\u0baa\u0ba9\u0bc8\u0baf\u0bc8 \u0bae\u0bbe\u0b9a\u0bbf\u0bb2\u0bcd\u0bb2\u0bbe\u0bae\u0bb2\u0bc1\u0bae\u0bcd \u0b95\u0bc1\u0bb1\u0bcd\u0bb1\u0bae\u0bbf\u0bb2\u0bcd\u0bb2\u0bbe\u0bae\u0bb2\u0bc1\u0bae\u0bcd \u0b95\u0bc8\u0b95\u0bcd\u0b95\u0bca\u0bb3\u0bcd\u0bb3\u0bc1\u0bae\u0bcd\u0baa\u0b9f\u0bbf\u0b95\u0bcd\u0b95\u0bc1,"},{"Verseid":"53005013","Verse":"\u0b8e\u0bb2\u0bcd\u0bb2\u0bbe\u0bb5\u0bb1\u0bcd\u0bb1\u0bc8\u0baf\u0bc1\u0bae\u0bcd \u0b89\u0baf\u0bbf\u0bb0\u0bcb\u0b9f\u0bbf\u0bb0\u0bc1\u0b95\u0bcd\u0b95\u0b9a\u0bcd \u0b9a\u0bc6\u0baf\u0bcd\u0b95\u0bbf\u0bb1 \u0ba4\u0bc7\u0bb5\u0ba9\u0bc1\u0b9f\u0bc8\u0baf \u0b9a\u0ba8\u0bcd\u0ba8\u0bbf\u0ba4\u0bbe\u0ba9\u0ba4\u0bcd\u0ba4\u0bbf\u0bb2\u0bc7\u0baf\u0bc1\u0bae\u0bcd, \u0baa\u0bca\u0ba8\u0bcd\u0ba4\u0bbf\u0baf\u0bc1\u0baa\u0bbf\u0bb2\u0bbe\u0ba4\u0bcd\u0ba4\u0bc1\u0bb5\u0bbf\u0ba9\u0bcd \u0bae\u0bc1\u0ba9\u0bcd\u0ba9\u0bbf\u0ba9\u0bcd\u0bb1\u0bc1 \u0ba8\u0bb2\u0bcd\u0bb2 \u0b85\u0bb1\u0bbf\u0b95\u0bcd\u0b95\u0bc8\u0baf\u0bc8\u0b9a\u0bcd \u0b9a\u0bbe\u0b9f\u0bcd\u0b9a\u0bbf\u0baf\u0bbe\u0b95 \u0bb5\u0bbf\u0bb3\u0b99\u0bcd\u0b95\u0baa\u0bcd\u0baa\u0ba3\u0bcd\u0ba3\u0bbf\u0ba9 \u0b95\u0bbf\u0bb1\u0bbf\u0bb8\u0bcd\u0ba4\u0bc1 \u0b87\u0baf\u0bc7\u0b9a\u0bc1\u0bb5\u0bbf\u0ba9\u0bc1\u0b9f\u0bc8\u0baf \u0b9a\u0ba8\u0bcd\u0ba8\u0bbf\u0ba4\u0bbe\u0ba9\u0ba4\u0bcd\u0ba4\u0bbf\u0bb2\u0bc7\u0baf\u0bc1\u0bae\u0bcd \u0b89\u0ba9\u0b95\u0bcd\u0b95\u0bc1\u0b95\u0bcd \u0b95\u0b9f\u0bcd\u0b9f\u0bb3\u0bc8\u0baf\u0bbf\u0b9f\u0bc1\u0b95\u0bbf\u0bb1\u0bc7\u0ba9\u0bcd."},{"Verseid":"53005014","Verse":"\u0b85\u0ba8\u0bcd\u0ba4\u0baa\u0bcd \u0baa\u0bbf\u0bb0\u0b9a\u0ba9\u0bcd\u0ba9\u0bae\u0bbe\u0b95\u0bc1\u0ba4\u0bb2\u0bc8 \u0ba4\u0bc7\u0bb5\u0ba9\u0bcd \u0ba4\u0bae\u0bcd\u0bae\u0bc1\u0b9f\u0bc8\u0baf \u0b95\u0bbe\u0bb2\u0b99\u0bcd\u0b95\u0bb3\u0bbf\u0bb2\u0bcd \u0bb5\u0bc6\u0bb3\u0bbf\u0baa\u0bcd\u0baa\u0b9f\u0bc1\u0ba4\u0bcd\u0ba4\u0bc1\u0bb5\u0bbe\u0bb0\u0bcd, \u0b85\u0bb5\u0bb0\u0bc7 \u0ba8\u0bbf\u0ba4\u0bcd\u0ba4\u0bbf\u0baf\u0bbe\u0ba9\u0ba8\u0bcd\u0ba4\u0bae\u0bc1\u0bb3\u0bcd\u0bb3 \u0b8f\u0b95 \u0b9a\u0b95\u0bcd\u0b95\u0bb0\u0bbe\u0ba4\u0bbf\u0baa\u0ba4\u0bbf\u0baf\u0bc1\u0bae\u0bcd, \u0bb0\u0bbe\u0b9c\u0bbe\u0ba4\u0bbf \u0bb0\u0bbe\u0b9c\u0bbe\u0bb5\u0bc1\u0bae\u0bcd, \u0b95\u0bb0\u0bcd\u0ba4\u0bcd\u0ba4\u0bbe\u0ba4\u0bbf \u0b95\u0bb0\u0bcd\u0ba4\u0bcd\u0ba4\u0bbe\u0bb5\u0bc1\u0bae\u0bcd,"},{"Verseid":"53005015","Verse":"\u0b92\u0bb0\u0bc1\u0bb5\u0bb0\u0bbe\u0baf\u0bcd, \u0b9a\u0bbe\u0bb5\u0bbe\u0bae\u0bc8\u0baf\u0bc1\u0bb3\u0bcd\u0bb3\u0bb5\u0bb0\u0bc1\u0bae\u0bcd, \u0b9a\u0bc7\u0bb0\u0b95\u0bcd\u0b95\u0bc2\u0b9f\u0bbe\u0ba4 \u0b92\u0bb3\u0bbf\u0baf\u0bbf\u0bb2\u0bcd \u0bb5\u0bbe\u0b9a\u0bae\u0bcd\u0baa\u0ba3\u0bcd\u0ba3\u0bc1\u0b95\u0bbf\u0bb1\u0bb5\u0bb0\u0bc1\u0bae\u0bcd, \u0bae\u0ba9\u0bc1\u0bb7\u0bb0\u0bbf\u0bb2\u0bcd \u0b92\u0bb0\u0bc1\u0bb5\u0bb0\u0bc1\u0bae\u0bcd \u0b95\u0ba3\u0bcd\u0b9f\u0bbf\u0bb0\u0bbe\u0ba4\u0bb5\u0bb0\u0bc1\u0bae\u0bcd, \u0b95\u0bbe\u0ba3\u0b95\u0bcd\u0b95\u0bc2\u0b9f\u0bbe\u0ba4\u0bb5\u0bb0\u0bc1\u0bae\u0bbe\u0baf\u0bbf\u0bb0\u0bc1\u0b95\u0bcd\u0b95\u0bbf\u0bb1\u0bb5\u0bb0\u0bcd; \u0b85\u0bb5\u0bb0\u0bc1\u0b95\u0bcd\u0b95\u0bc7 \u0b95\u0ba9\u0bae\u0bc1\u0bae\u0bcd \u0ba8\u0bbf\u0ba4\u0bcd\u0ba4\u0bbf\u0baf \u0bb5\u0bb2\u0bcd\u0bb2\u0bae\u0bc8\u0baf\u0bc1\u0bae\u0bcd \u0b89\u0ba3\u0bcd\u0b9f\u0bbe\u0baf\u0bbf\u0bb0\u0bc1\u0baa\u0bcd\u0baa\u0ba4\u0bbe\u0b95. \u0b86\u0bae\u0bc6\u0ba9\u0bcd."},{"Verseid":"53005016","Verse":"\u0b87\u0bb5\u0bcd\u0bb5\u0bc1\u0bb2\u0b95\u0ba4\u0bcd\u0ba4\u0bbf\u0bb2\u0bc7 \u0b90\u0b9a\u0bc1\u0bb5\u0bb0\u0bbf\u0baf\u0bae\u0bc1\u0bb3\u0bcd\u0bb3\u0bb5\u0bb0\u0bcd\u0b95\u0bb3\u0bcd \u0b87\u0bb1\u0bc1\u0bae\u0bbe\u0baa\u0bcd\u0baa\u0bbe\u0ba9 \u0b9a\u0bbf\u0ba8\u0bcd\u0ba4\u0bc8\u0baf\u0bc1\u0bb3\u0bcd\u0bb3\u0bb5\u0bb0\u0bcd\u0b95\u0bb3\u0bbe\u0baf\u0bbf\u0bb0\u0bbe\u0bae\u0bb2\u0bc1\u0bae\u0bcd, \u0ba8\u0bbf\u0bb2\u0bc8\u0baf\u0bb1\u0bcd\u0bb1 \u0b90\u0b9a\u0bc1\u0bb5\u0bb0\u0bbf\u0baf\u0ba4\u0bcd\u0ba4\u0bbf\u0ba9\u0bcd \u0bae\u0bc7\u0bb2\u0bcd \u0ba8\u0bae\u0bcd\u0baa\u0bbf\u0b95\u0bcd\u0b95\u0bc8 \u0bb5\u0bc8\u0baf\u0bbe\u0bae\u0bb2\u0bc1\u0bae\u0bcd, \u0ba8\u0bbe\u0bae\u0bcd \u0b85\u0ba9\u0bc1\u0baa\u0bb5\u0bbf\u0b95\u0bcd\u0b95\u0bbf\u0bb1\u0ba4\u0bb1\u0bcd\u0b95\u0bc1\u0b9a\u0bcd \u0b9a\u0b95\u0bb2\u0bb5\u0bbf\u0ba4 \u0ba8\u0ba9\u0bcd\u0bae\u0bc8\u0b95\u0bb3\u0bc8\u0baf\u0bc1\u0bae\u0bcd \u0ba8\u0bae\u0b95\u0bcd\u0b95\u0bc1\u0b9a\u0bcd \u0b9a\u0bae\u0bcd\u0baa\u0bc2\u0bb0\u0ba3\u0bae\u0bbe\u0baf\u0bcd\u0b95\u0bcd \u0b95\u0bca\u0b9f\u0bc1\u0b95\u0bcd\u0b95\u0bbf\u0bb1 \u0b9c\u0bc0\u0bb5\u0ba9\u0bc1\u0bb3\u0bcd\u0bb3 \u0ba4\u0bc7\u0bb5\u0ba9\u0bcd\u0bae\u0bc7\u0bb2\u0bcd \u0ba8\u0bae\u0bcd\u0baa\u0bbf\u0b95\u0bcd\u0b95\u0bc8 \u0bb5\u0bc8\u0b95\u0bcd\u0b95\u0bb5\u0bc1\u0bae\u0bcd,"},{"Verseid":"53005017","Verse":"\u0ba8\u0ba9\u0bcd\u0bae\u0bc8 \u0b9a\u0bc6\u0baf\u0bcd\u0baf\u0bb5\u0bc1\u0bae\u0bcd, \u0ba8\u0bb1\u0bcd\u0b95\u0bbf\u0bb0\u0bbf\u0baf\u0bc8\u0b95\u0bb3\u0bbf\u0bb2\u0bcd \u0b90\u0b9a\u0bc1\u0bb5\u0bb0\u0bbf\u0baf\u0bb5\u0bbe\u0ba9\u0bcd\u0b95\u0bb3\u0bbe\u0b95\u0bb5\u0bc1\u0bae\u0bcd, \u0ba4\u0bbe\u0bb0\u0bbe\u0bb3\u0bae\u0bbe\u0baf\u0bcd\u0b95\u0bcd \u0b95\u0bca\u0b9f\u0bc1\u0b95\u0bcd\u0b95\u0bbf\u0bb1\u0bb5\u0bb0\u0bcd\u0b95\u0bb3\u0bc1\u0bae\u0bcd, \u0b89\u0ba4\u0bbe\u0bb0\u0b95\u0bc1\u0ba3\u0bae\u0bc1\u0bb3\u0bcd\u0bb3\u0bb5\u0bb0\u0bcd\u0b95\u0bb3\u0bc1\u0bae\u0bbe\u0baf\u0bbf\u0bb0\u0bc1\u0b95\u0bcd\u0b95\u0bb5\u0bc1\u0bae\u0bcd,"},{"Verseid":"53005018","Verse":"\u0ba8\u0bbf\u0ba4\u0bcd\u0ba4\u0bbf\u0baf \u0b9c\u0bc0\u0bb5\u0ba9\u0bc8\u0baa\u0bcd \u0baa\u0bb1\u0bcd\u0bb1\u0bbf\u0b95\u0bcd\u0b95\u0bca\u0bb3\u0bcd\u0bb3\u0bc1\u0bae\u0bcd\u0baa\u0b9f\u0bbf \u0bb5\u0bb0\u0bc1\u0b99\u0bcd\u0b95\u0bbe\u0bb2\u0ba4\u0bcd\u0ba4\u0bbf\u0bb1\u0bcd\u0b95\u0bbe\u0b95\u0ba4\u0bcd \u0ba4\u0b99\u0bcd\u0b95\u0bb3\u0bc1\u0b95\u0bcd\u0b95\u0bc1 \u0ba8\u0bb2\u0bcd\u0bb2 \u0b86\u0ba4\u0bbe\u0bb0\u0ba4\u0bcd\u0ba4\u0bc8\u0baa\u0bcd \u0baa\u0bca\u0b95\u0bcd\u0b95\u0bbf\u0bb7\u0bae\u0bbe\u0b95 \u0bb5\u0bc8\u0b95\u0bcd\u0b95\u0bb5\u0bc1\u0bae\u0bcd \u0b85\u0bb5\u0bb0\u0bcd\u0b95\u0bb3\u0bc1\u0b95\u0bcd\u0b95\u0bc1\u0b95\u0bcd \u0b95\u0b9f\u0bcd\u0b9f\u0bb3\u0bc8\u0baf\u0bbf\u0b9f\u0bc1,"},{"Verseid":"53005019","Verse":"\u0b93 \u0ba4\u0bc0\u0bae\u0bcb\u0ba4\u0bcd\u0ba4\u0bc7\u0baf\u0bc1\u0bb5\u0bc7, \u0b89\u0ba9\u0bcd\u0ba9\u0bbf\u0b9f\u0ba4\u0bcd\u0ba4\u0bbf\u0bb2\u0bcd \u0b92\u0baa\u0bcd\u0baa\u0bc1\u0bb5\u0bbf\u0b95\u0bcd\u0b95\u0baa\u0bcd\u0baa\u0b9f\u0bcd\u0b9f\u0ba4\u0bc8 \u0ba8\u0bc0 \u0b95\u0bbe\u0ba4\u0bcd\u0ba4\u0bc1\u0b95\u0bcd\u0b95\u0bca\u0ba3\u0bcd\u0b9f\u0bc1, \u0b9a\u0bc0\u0bb0\u0bcd\u0b95\u0bc7\u0b9f\u0bbe\u0ba9 \u0bb5\u0bc0\u0ba3\u0bcd\u0baa\u0bc7\u0b9a\u0bcd\u0b9a\u0bc1\u0b95\u0bb3\u0bc1\u0b95\u0bcd\u0b95\u0bc1\u0bae\u0bcd, \u0b9e\u0bbe\u0ba9\u0bae\u0bc6\u0ba9\u0bcd\u0bb1\u0bc1 \u0baa\u0bca\u0baf\u0bcd\u0baf\u0bbe\u0baf\u0bcd\u0baa\u0bcd \u0baa\u0bc7\u0bb0\u0bcd\u0baa\u0bc6\u0bb1\u0bcd\u0bb1\u0bbf\u0bb0\u0bc1\u0b95\u0bcd\u0b95\u0bbf\u0bb1 \u0b95\u0bca\u0bb3\u0bcd\u0b95\u0bc8\u0baf\u0bbf\u0ba9\u0bcd \u0bb5\u0bbf\u0baa\u0bb0\u0bc0\u0ba4\u0b99\u0bcd\u0b95\u0bb3\u0bc1\u0b95\u0bcd\u0b95\u0bc1\u0bae\u0bcd \u0bb5\u0bbf\u0bb2\u0b95\u0bc1."},{"Verseid":"53005020","Verse":"\u0b9a\u0bbf\u0bb2\u0bb0\u0bcd \u0b85\u0ba4\u0bc8\u0baa\u0bcd \u0baa\u0bbe\u0bb0\u0bbe\u0b9f\u0bcd\u0b9f\u0bbf, \u0bb5\u0bbf\u0b9a\u0bc1\u0bb5\u0bbe\u0b9a\u0ba4\u0bcd\u0ba4\u0bc8\u0bb5\u0bbf\u0b9f\u0bcd\u0b9f\u0bc1 \u0bb5\u0bb4\u0bc1\u0bb5\u0bbf\u0baa\u0bcd\u0baa\u0bcb\u0ba9\u0bbe\u0bb0\u0bcd\u0b95\u0bb3\u0bcd. \u0b95\u0bbf\u0bb0\u0bc1\u0baa\u0bc8\u0baf\u0bbe\u0ba9\u0ba4\u0bc1 \u0b89\u0ba9\u0bcd\u0ba9\u0bcb\u0b9f\u0bc7\u0b95\u0bc2\u0b9f \u0b87\u0bb0\u0bc1\u0baa\u0bcd\u0baa\u0ba4\u0bbe\u0b95. \u0b86\u0bae\u0bc6\u0ba9\u0bcd."}]}]}