{"Chapter":[{"Verse":[{"Verseid":"54000000","Verse":"\u0b95\u0bbf\u0bb1\u0bbf\u0bb8\u0bcd\u0ba4\u0bc1 \u0b87\u0baf\u0bc7\u0b9a\u0bc1\u0bb5\u0bbf\u0ba9\u0bbe\u0bb2\u0bcd \u0b89\u0ba3\u0bcd\u0b9f\u0bbe\u0baf\u0bbf\u0bb0\u0bc1\u0b95\u0bcd\u0b95\u0bbf\u0bb1 \u0b9c\u0bc0\u0bb5\u0ba9\u0bc8\u0baa\u0bcd\u0baa\u0bb1\u0bcd\u0bb1\u0bbf\u0baf \u0bb5\u0bbe\u0b95\u0bcd\u0b95\u0bc1\u0ba4\u0bcd\u0ba4\u0ba4\u0bcd\u0ba4\u0ba4\u0bcd\u0ba4\u0bbf\u0ba9\u0bcd\u0baa\u0b9f\u0bbf, \u0ba4\u0bc7\u0bb5\u0ba9\u0bc1\u0b9f\u0bc8\u0baf \u0b9a\u0bbf\u0ba4\u0bcd\u0ba4\u0ba4\u0bcd\u0ba4\u0bbf\u0ba9\u0bbe\u0bb2\u0bc7, \u0b87\u0baf\u0bc7\u0b9a\u0bc1\u0b95\u0bbf\u0bb1\u0bbf\u0bb8\u0bcd\u0ba4\u0bc1\u0bb5\u0bbf\u0ba9\u0bcd \u0b85\u0baa\u0bcd\u0baa\u0bcb\u0bb8\u0bcd\u0ba4\u0bb2\u0ba9\u0bbe\u0baf\u0bbf\u0bb0\u0bc1\u0b95\u0bcd\u0b95\u0bbf\u0bb1 \u0baa\u0bb5\u0bc1\u0bb2\u0bcd,"},{"Verseid":"54000001","Verse":"\u0baa\u0bbf\u0bb0\u0bbf\u0baf\u0bae\u0bc1\u0bb3\u0bcd\u0bb3 \u0b95\u0bc1\u0bae\u0bbe\u0bb0\u0ba9\u0bbe\u0b95\u0bbf\u0baf \u0ba4\u0bc0\u0bae\u0bcb\u0ba4\u0bcd\u0ba4\u0bc7\u0baf\u0bc1\u0bb5\u0bc1\u0b95\u0bcd\u0b95\u0bc1 \u0b8e\u0bb4\u0bc1\u0ba4\u0bc1\u0b95\u0bbf\u0bb1\u0ba4\u0bbe\u0bb5\u0ba4\u0bc1: \u0baa\u0bbf\u0ba4\u0bbe\u0bb5\u0bbe\u0b95\u0bbf\u0baf \u0ba4\u0bc7\u0bb5\u0ba9\u0bbe\u0bb2\u0bc1\u0bae\u0bcd \u0ba8\u0bae\u0bcd\u0bae\u0bc1\u0b9f\u0bc8\u0baf \u0b95\u0bb0\u0bcd\u0ba4\u0bcd\u0ba4\u0bb0\u0bbe\u0b95\u0bbf\u0baf \u0b95\u0bbf\u0bb1\u0bbf\u0bb8\u0bcd\u0ba4\u0bc1 \u0b87\u0baf\u0bc7\u0b9a\u0bc1\u0bb5\u0bbf\u0ba9\u0bbe\u0bb2\u0bc1\u0bae\u0bcd \u0b95\u0bbf\u0bb0\u0bc1\u0baa\u0bc8\u0baf\u0bc1\u0bae\u0bcd \u0b87\u0bb0\u0b95\u0bcd\u0b95\u0bae\u0bc1\u0bae\u0bcd \u0b9a\u0bae\u0bbe\u0ba4\u0bbe\u0ba9\u0bae\u0bc1\u0bae\u0bcd \u0b89\u0ba3\u0bcd\u0b9f\u0bbe\u0bb5\u0ba4\u0bbe\u0b95."},{"Verseid":"54000002","Verse":"\u0ba8\u0bbe\u0ba9\u0bcd \u0b87\u0bb0\u0bb5\u0bc1\u0bae\u0bcd \u0baa\u0b95\u0bb2\u0bc1\u0bae\u0bcd \u0b87\u0b9f\u0bc8\u0bb5\u0bbf\u0b9f\u0bbe\u0bae\u0bb2\u0bcd \u0b8e\u0ba9\u0bcd \u0b9c\u0bc6\u0baa\u0b99\u0bcd\u0b95\u0bb3\u0bbf\u0bb2\u0bcd \u0b89\u0ba9\u0bcd\u0ba9\u0bc8 \u0ba8\u0bbf\u0ba9\u0bc8\u0ba4\u0bcd\u0ba4\u0bc1, \u0b89\u0ba9\u0bcd \u0b95\u0ba3\u0bcd\u0ba3\u0bc0\u0bb0\u0bc8 \u0b9e\u0bbe\u0baa\u0b95\u0bae\u0bcd\u0baa\u0ba3\u0bcd\u0ba3\u0bbf, \u0b9a\u0ba8\u0bcd\u0ba4\u0bcb\u0bb7\u0ba4\u0bcd\u0ba4\u0bbe\u0bb2\u0bcd \u0ba8\u0bbf\u0bb1\u0bc8\u0baf\u0baa\u0bcd\u0baa\u0b9f\u0bc1\u0bae\u0bcd\u0baa\u0b9f\u0bbf\u0b95\u0bcd\u0b95\u0bc1 \u0b89\u0ba9\u0bcd\u0ba9\u0bc8\u0b95\u0bcd \u0b95\u0bbe\u0ba3 \u0bb5\u0bbe\u0b9e\u0bcd\u0b9a\u0bc8\u0baf\u0bbe\u0baf\u0bbf\u0bb0\u0bc1\u0ba8\u0bcd\u0ba4\u0bc1,"},{"Verseid":"54000003","Verse":"\u0b89\u0ba9\u0bcd\u0ba9\u0bbf\u0bb2\u0bc1\u0bb3\u0bcd\u0bb3 \u0bae\u0bbe\u0baf\u0bae\u0bb1\u0bcd\u0bb1 \u0bb5\u0bbf\u0b9a\u0bc1\u0bb5\u0bbe\u0b9a\u0ba4\u0bcd\u0ba4\u0bc8 \u0ba8\u0bbf\u0ba9\u0bc8\u0bb5\u0bc1\u0b95\u0bc2\u0bb0\u0bc1\u0b95\u0bbf\u0bb1\u0ba4\u0bbf\u0ba9\u0bbe\u0bb2\u0bcd, \u0b8e\u0ba9\u0bcd \u0bae\u0bc1\u0ba9\u0bcd\u0ba9\u0bcb\u0bb0\u0bcd\u0b95\u0bb3\u0bcd \u0bae\u0bc1\u0ba4\u0bb1\u0bcd\u0b95\u0bca\u0ba3\u0bcd\u0b9f\u0bc1 \u0b9a\u0bc1\u0ba4\u0bcd\u0ba4 \u0bae\u0ba9\u0b9a\u0bcd\u0b9a\u0bbe\u0b9f\u0bcd\u0b9a\u0bbf\u0baf\u0bcb\u0b9f\u0bc7 \u0b86\u0bb0\u0bbe\u0ba4\u0bbf\u0ba4\u0bcd\u0ba4\u0bc1\u0bb5\u0bb0\u0bc1\u0bae\u0bcd \u0ba4\u0bc7\u0bb5\u0ba9\u0bc8 \u0ba8\u0bbe\u0ba9\u0bcd \u0bb8\u0bcd\u0ba4\u0bcb\u0ba4\u0bcd\u0ba4\u0bbf\u0bb0\u0bbf\u0b95\u0bcd\u0b95\u0bbf\u0bb1\u0bc7\u0ba9\u0bcd."},{"Verseid":"54000004","Verse":"\u0b85\u0ba8\u0bcd\u0ba4 \u0bb5\u0bbf\u0b9a\u0bc1\u0bb5\u0bbe\u0b9a\u0bae\u0bcd \u0bae\u0bc1\u0ba8\u0bcd\u0ba4\u0bbf \u0b89\u0ba9\u0bcd \u0baa\u0bbe\u0b9f\u0bcd\u0b9f\u0bbf\u0baf\u0bbe\u0b95\u0bbf\u0baf \u0bb2\u0bcb\u0bb5\u0bbf\u0b9a\u0bbe\u0bb3\u0bc1\u0b95\u0bcd\u0b95\u0bc1\u0bb3\u0bcd\u0bb3\u0bc1\u0bae\u0bcd \u0b89\u0ba9\u0bcd \u0ba4\u0bbe\u0baf\u0bbe\u0b95\u0bbf\u0baf \u0b90\u0ba9\u0bbf\u0b95\u0bcd\u0b95\u0bc7\u0baf\u0bbe\u0bb3\u0bc1\u0b95\u0bcd\u0b95\u0bc1\u0bb3\u0bcd\u0bb3\u0bc1\u0bae\u0bcd \u0ba8\u0bbf\u0bb2\u0bc8\u0ba4\u0bcd\u0ba4\u0bbf\u0bb0\u0bc1\u0ba8\u0bcd\u0ba4\u0ba4\u0bc1; \u0b85\u0ba4\u0bc1 \u0b89\u0ba9\u0b95\u0bcd\u0b95\u0bc1\u0bb3\u0bcd\u0bb3\u0bc1\u0bae\u0bcd \u0ba8\u0bbf\u0bb2\u0bc8\u0ba4\u0bcd\u0ba4\u0bbf\u0bb0\u0bc1\u0b95\u0bcd\u0b95\u0bbf\u0bb1\u0ba4\u0bc6\u0ba9\u0bcd\u0bb1\u0bc1 \u0ba8\u0bbf\u0b9a\u0bcd\u0b9a\u0baf\u0bbf\u0ba4\u0bcd\u0ba4\u0bbf\u0bb0\u0bc1\u0b95\u0bcd\u0b95\u0bbf\u0bb1\u0bc7\u0ba9\u0bcd."},{"Verseid":"54000005","Verse":"\u0b87\u0ba4\u0bbf\u0ba9\u0bbf\u0bae\u0bbf\u0ba4\u0bcd\u0ba4\u0bae\u0bbe\u0b95, \u0ba8\u0bbe\u0ba9\u0bcd \u0b89\u0ba9\u0bcd\u0bae\u0bc7\u0bb2\u0bcd \u0b8e\u0ba9\u0bcd \u0b95\u0bc8\u0bb3\u0bc8 \u0bb5\u0bc8\u0ba4\u0bcd\u0ba4\u0ba4\u0bbf\u0ba9\u0bbe\u0bb2\u0bcd \u0b89\u0ba9\u0b95\u0bcd\u0b95\u0bc1 \u0b89\u0ba3\u0bcd\u0b9f\u0bbe\u0ba9 \u0ba4\u0bc7\u0bb5\u0bb5\u0bb0\u0ba4\u0bcd\u0ba4\u0bc8 \u0ba8\u0bc0 \u0b85\u0ba9\u0bb2\u0bcd\u0bae\u0bc2\u0b9f\u0bcd\u0b9f\u0bbf \u0b8e\u0bb4\u0bc1\u0baa\u0bcd\u0baa\u0bbf\u0bb5\u0bbf\u0b9f\u0bc1\u0bae\u0bcd\u0baa\u0b9f\u0bbf \u0b89\u0ba9\u0b95\u0bcd\u0b95\u0bc1 \u0ba8\u0bbf\u0ba9\u0bc8\u0baa\u0bcd\u0baa\u0bc2\u0b9f\u0bcd\u0b9f\u0bc1\u0b95\u0bbf\u0bb1\u0bc7\u0ba9\u0bcd."},{"Verseid":"54000006","Verse":"\u0ba4\u0bc7\u0bb5\u0ba9\u0bcd \u0ba8\u0bae\u0b95\u0bcd\u0b95\u0bc1\u0baa\u0bcd \u0baa\u0baf\u0bae\u0bc1\u0bb3\u0bcd\u0bb3 \u0b86\u0bb5\u0bbf\u0baf\u0bc8\u0b95\u0bcd \u0b95\u0bca\u0b9f\u0bbe\u0bae\u0bb2\u0bcd, \u0baa\u0bb2\u0bae\u0bc1\u0bae\u0bcd \u0b85\u0ba9\u0bcd\u0baa\u0bc1\u0bae\u0bcd \u0ba4\u0bc6\u0bb3\u0bbf\u0ba8\u0bcd\u0ba4 \u0baa\u0bc1\u0ba4\u0bcd\u0ba4\u0bbf\u0baf\u0bc1\u0bae\u0bc1\u0bb3\u0bcd\u0bb3 \u0b86\u0bb5\u0bbf\u0baf\u0bc8\u0baf\u0bc7 \u0b95\u0bca\u0b9f\u0bc1\u0ba4\u0bcd\u0ba4\u0bbf\u0bb0\u0bc1\u0b95\u0bcd\u0b95\u0bbf\u0bb1\u0bbe\u0bb0\u0bcd."},{"Verseid":"54000007","Verse":"\u0b86\u0b95\u0bc8\u0baf\u0bbe\u0bb2\u0bcd \u0ba8\u0bae\u0bcd\u0bae\u0bc1\u0b9f\u0bc8\u0baf \u0b95\u0bb0\u0bcd\u0ba4\u0bcd\u0ba4\u0bb0\u0bc8\u0baa\u0bcd\u0baa\u0bb1\u0bcd\u0bb1\u0bbf\u0baf \u0b9a\u0bbe\u0b9f\u0bcd\u0b9a\u0bbf\u0baf\u0bc8\u0b95\u0bcd\u0b95\u0bc1\u0bb1\u0bbf\u0ba4\u0bcd\u0ba4\u0bbe\u0bb5\u0ba4\u0bc1, \u0b85\u0bb5\u0bb0\u0bcd\u0ba8\u0bbf\u0bae\u0bbf\u0ba4\u0bcd\u0ba4\u0bae\u0bcd \u0b95\u0b9f\u0bcd\u0b9f\u0baa\u0bcd\u0baa\u0b9f\u0bcd\u0b9f\u0bbf\u0bb0\u0bc1\u0b95\u0bcd\u0b95\u0bbf\u0bb1 \u0b8e\u0ba9\u0bcd\u0ba9\u0bc8\u0b95\u0bcd\u0b95\u0bc1\u0bb1\u0bbf\u0ba4\u0bcd\u0ba4\u0bbe\u0bb5\u0ba4\u0bc1, \u0ba8\u0bc0 \u0bb5\u0bc6\u0b9f\u0bcd\u0b95\u0baa\u0bcd\u0baa\u0b9f\u0bbe\u0bae\u0bb2\u0bcd, \u0ba4\u0bc7\u0bb5\u0bb5\u0bb2\u0bcd\u0bb2\u0bae\u0bc8\u0b95\u0bcd\u0b95\u0bc7\u0bb1\u0bcd\u0bb1\u0baa\u0b9f\u0bbf \u0b9a\u0bc1\u0bb5\u0bbf\u0b9a\u0bc7\u0bb7\u0ba4\u0bcd\u0ba4\u0bbf\u0bb1\u0bcd\u0b95\u0bbe\u0b95 \u0b8e\u0ba9\u0bcd\u0ba9\u0bcb\u0b9f\u0bc7\u0b95\u0bc2\u0b9f\u0ba4\u0bcd \u0ba4\u0bc0\u0b99\u0bcd\u0b95\u0ba8\u0bc1\u0baa\u0bb5\u0bbf."},{"Verseid":"54000008","Verse":"\u0b85\u0bb5\u0bb0\u0bcd \u0ba8\u0bae\u0bcd\u0bae\u0bc1\u0b9f\u0bc8\u0baf \u0b95\u0bbf\u0bb0\u0bbf\u0baf\u0bc8\u0b95\u0bb3\u0bbf\u0ba9\u0bcd\u0baa\u0b9f\u0bbf \u0ba8\u0bae\u0bcd\u0bae\u0bc8 \u0b87\u0bb0\u0b9f\u0bcd\u0b9a\u0bbf\u0b95\u0bcd\u0b95\u0bbe\u0bae\u0bb2\u0bcd, \u0ba4\u0bae\u0bcd\u0bae\u0bc1\u0b9f\u0bc8\u0baf \u0ba4\u0bc0\u0bb0\u0bcd\u0bae\u0bbe\u0ba9\u0ba4\u0bcd\u0ba4\u0bbf\u0ba9\u0bcd\u0baa\u0b9f\u0bbf\u0baf\u0bc1\u0bae\u0bcd, \u0b86\u0ba4\u0bbf\u0b95\u0bbe\u0bb2\u0bae\u0bc1\u0ba4\u0bb2\u0bcd \u0b95\u0bbf\u0bb1\u0bbf\u0bb8\u0bcd\u0ba4\u0bc1 \u0b87\u0baf\u0bc7\u0b9a\u0bc1\u0bb5\u0bc1\u0b95\u0bcd\u0b95\u0bc1\u0bb3\u0bcd \u0ba8\u0bae\u0b95\u0bcd\u0b95\u0bc1 \u0b85\u0bb0\u0bc1\u0bb3\u0baa\u0bcd\u0baa\u0b9f\u0bcd\u0b9f \u0b95\u0bbf\u0bb0\u0bc1\u0baa\u0bc8\u0baf\u0bbf\u0ba9\u0bcd\u0baa\u0b9f\u0bbf\u0baf\u0bc1\u0bae\u0bcd, \u0ba8\u0bae\u0bcd\u0bae\u0bc8 \u0b87\u0bb0\u0b9f\u0bcd\u0b9a\u0bbf\u0ba4\u0bcd\u0ba4\u0bc1, \u0baa\u0bb0\u0bbf\u0b9a\u0bc1\u0ba4\u0bcd\u0ba4 \u0b85\u0bb4\u0bc8\u0baa\u0bcd\u0baa\u0bbf\u0ba9\u0bbe\u0bb2\u0bc7 \u0b85\u0bb4\u0bc8\u0ba4\u0bcd\u0ba4\u0bbe\u0bb0\u0bcd."},{"Verseid":"54000009","Verse":"\u0ba8\u0bae\u0bcd\u0bae\u0bc1\u0b9f\u0bc8\u0baf \u0b87\u0bb0\u0b9f\u0bcd\u0b9a\u0b95\u0bb0\u0bbe\u0b95\u0bbf\u0baf \u0b87\u0baf\u0bc7\u0b9a\u0bc1\u0b95\u0bbf\u0bb1\u0bbf\u0bb8\u0bcd\u0ba4\u0bc1 \u0baa\u0bbf\u0bb0\u0b9a\u0ba9\u0bcd\u0ba9\u0bae\u0bbe\u0ba9\u0ba4\u0bbf\u0ba9\u0bbe\u0bb2\u0bc7 \u0b85\u0ba8\u0bcd\u0ba4\u0b95\u0bcd\u0b95\u0bbf\u0bb0\u0bc1\u0baa\u0bc8 \u0b87\u0baa\u0bcd\u0baa\u0bca\u0bb4\u0bc1\u0ba4\u0bc1 \u0bb5\u0bc6\u0bb3\u0bbf\u0baa\u0bcd\u0baa\u0b9f\u0bc1\u0ba4\u0bcd\u0ba4\u0baa\u0bcd\u0baa\u0b9f\u0bcd\u0b9f\u0ba4\u0bc1; \u0b85\u0bb5\u0bb0\u0bcd \u0bae\u0bb0\u0ba3\u0ba4\u0bcd\u0ba4\u0bc8\u0baa\u0bcd \u0baa\u0bb0\u0bbf\u0b95\u0bb0\u0bbf\u0ba4\u0bcd\u0ba4\u0bc1, \u0b9c\u0bc0\u0bb5\u0ba9\u0bc8\u0baf\u0bc1\u0bae\u0bcd \u0b85\u0bb4\u0bbf\u0baf\u0bbe\u0bae\u0bc8\u0baf\u0bc8\u0baf\u0bc1\u0bae\u0bcd \u0b9a\u0bc1\u0bb5\u0bbf\u0b9a\u0bc7\u0bb7\u0ba4\u0bcd\u0ba4\u0bbf\u0ba9\u0bbe\u0bb2\u0bc7 \u0bb5\u0bc6\u0bb3\u0bbf\u0baf\u0bb0\u0b99\u0bcd\u0b95\u0bae\u0bbe\u0b95\u0bcd\u0b95\u0bbf\u0ba9\u0bbe\u0bb0\u0bcd."},{"Verseid":"54000010","Verse":"\u0b85\u0ba4\u0bb1\u0bcd\u0b95\u0bc1 \u0ba8\u0bbe\u0ba9\u0bcd \u0baa\u0bbf\u0bb0\u0b9a\u0b99\u0bcd\u0b95\u0bbf\u0baf\u0bbe\u0b95\u0bb5\u0bc1\u0bae\u0bcd, \u0b85\u0baa\u0bcd\u0baa\u0bcb\u0bb8\u0bcd\u0ba4\u0bb2\u0ba9\u0bbe\u0b95\u0bb5\u0bc1\u0bae\u0bcd, \u0baa\u0bc1\u0bb1\u0b9c\u0bbe\u0ba4\u0bbf\u0baf\u0bbe\u0bb0\u0bc1\u0b95\u0bcd\u0b95\u0bc1\u0baa\u0bcd \u0baa\u0bcb\u0ba4\u0b95\u0ba9\u0bbe\u0b95\u0bb5\u0bc1\u0bae\u0bcd \u0ba8\u0bbf\u0baf\u0bae\u0bbf\u0b95\u0bcd\u0b95\u0baa\u0bcd\u0baa\u0b9f\u0bcd\u0b9f\u0bc7\u0ba9\u0bcd."},{"Verseid":"54000011","Verse":"\u0b85\u0ba4\u0bbf\u0ba9\u0bbf\u0bae\u0bbf\u0ba4\u0bcd\u0ba4\u0bae\u0bcd \u0ba8\u0bbe\u0ba9\u0bcd \u0b87\u0ba8\u0bcd\u0ba4\u0baa\u0bcd \u0baa\u0bbe\u0b9f\u0bc1\u0b95\u0bb3\u0bc8\u0baf\u0bc1\u0bae\u0bcd \u0b85\u0ba9\u0bc1\u0baa\u0bb5\u0bbf\u0b95\u0bcd\u0b95\u0bbf\u0bb1\u0bc7\u0ba9\u0bcd; \u0b86\u0baf\u0bbf\u0ba9\u0bc1\u0bae\u0bcd, \u0ba8\u0bbe\u0ba9\u0bcd \u0bb5\u0bc6\u0b9f\u0bcd\u0b95\u0baa\u0bcd\u0baa\u0b9f\u0bc1\u0b95\u0bbf\u0bb1\u0ba4\u0bbf\u0bb2\u0bcd\u0bb2\u0bc8; \u0b8f\u0ba9\u0bc6\u0ba9\u0bcd\u0bb1\u0bbe\u0bb2\u0bcd, \u0ba8\u0bbe\u0ba9\u0bcd \u0bb5\u0bbf\u0b9a\u0bc1\u0bb5\u0bbe\u0b9a\u0bbf\u0ba4\u0bcd\u0ba4\u0bbf\u0bb0\u0bc1\u0b95\u0bcd\u0b95\u0bbf\u0bb1\u0bb5\u0bb0\u0bcd \u0b87\u0ba9\u0bcd\u0ba9\u0bbe\u0bb0\u0bc6\u0ba9\u0bcd\u0bb1\u0bc1 \u0b85\u0bb1\u0bbf\u0bb5\u0bc7\u0ba9\u0bcd, \u0ba8\u0bbe\u0ba9\u0bcd \u0b85\u0bb5\u0bb0\u0bbf\u0b9f\u0ba4\u0bcd\u0ba4\u0bbf\u0bb2\u0bcd \u0b92\u0baa\u0bcd\u0baa\u0bc1\u0b95\u0bcd\u0b95\u0bca\u0b9f\u0bc1\u0ba4\u0bcd\u0ba4\u0ba4\u0bc8 \u0b85\u0bb5\u0bb0\u0bcd \u0b85\u0ba8\u0bcd\u0ba8\u0bbe\u0bb3\u0bcd \u0bb5\u0bb0\u0bc8\u0b95\u0bcd\u0b95\u0bc1\u0bae\u0bcd \u0b95\u0bbe\u0ba4\u0bcd\u0ba4\u0bc1\u0b95\u0bcd\u0b95\u0bca\u0bb3\u0bcd\u0bb3 \u0bb5\u0bb2\u0bcd\u0bb2\u0bb5\u0bb0\u0bbe\u0baf\u0bbf\u0bb0\u0bc1\u0b95\u0bcd\u0b95\u0bbf\u0bb1\u0bbe\u0bb0\u0bc6\u0ba9\u0bcd\u0bb1\u0bc1 \u0ba8\u0bbf\u0b9a\u0bcd\u0b9a\u0baf\u0bbf\u0ba4\u0bcd\u0ba4\u0bc1\u0bae\u0bbf\u0bb0\u0bc1\u0b95\u0bcd\u0b95\u0bbf\u0bb1\u0bc7\u0ba9\u0bcd."},{"Verseid":"54000012","Verse":"\u0ba8\u0bc0 \u0b95\u0bbf\u0bb1\u0bbf\u0bb8\u0bcd\u0ba4\u0bc1 \u0b87\u0baf\u0bc7\u0b9a\u0bc1\u0bb5\u0bc8\u0baa\u0bcd\u0baa\u0bb1\u0bcd\u0bb1\u0bc1\u0bae\u0bcd \u0bb5\u0bbf\u0b9a\u0bc1\u0bb5\u0bbe\u0b9a\u0ba4\u0bcd\u0ba4\u0bcb\u0b9f\u0bc1\u0bae\u0bcd \u0b85\u0ba9\u0bcd\u0baa\u0bcb\u0b9f\u0bc1\u0bae\u0bcd \u0b8e\u0ba9\u0bcd\u0ba9\u0bbf\u0b9f\u0ba4\u0bcd\u0ba4\u0bbf\u0bb2\u0bcd \u0b95\u0bc7\u0b9f\u0bcd\u0b9f\u0bbf\u0bb0\u0bc1\u0b95\u0bcd\u0b95\u0bbf\u0bb1 \u0b86\u0bb0\u0bcb\u0b95\u0bcd\u0b95\u0bbf\u0baf\u0bae\u0bbe\u0ba9 \u0bb5\u0b9a\u0ba9\u0b99\u0bcd\u0b95\u0bb3\u0bbf\u0ba9\u0bcd \u0b9a\u0b9f\u0bcd\u0b9f\u0ba4\u0bcd\u0ba4\u0bc8\u0b95\u0bcd \u0b95\u0bc8\u0b95\u0bcd\u0b95\u0bca\u0ba3\u0bcd\u0b9f\u0bbf\u0bb0\u0bc1."},{"Verseid":"54000013","Verse":"\u0b89\u0ba9\u0bcd\u0ba9\u0bbf\u0b9f\u0ba4\u0bcd\u0ba4\u0bbf\u0bb2\u0bcd \u0b92\u0baa\u0bcd\u0baa\u0bc1\u0bb5\u0bbf\u0b95\u0bcd\u0b95\u0baa\u0bcd\u0baa\u0b9f\u0bcd\u0b9f \u0b85\u0ba8\u0bcd\u0ba4 \u0ba8\u0bb1\u0bcd\u0baa\u0bca\u0bb0\u0bc1\u0bb3\u0bc8 \u0ba8\u0bae\u0b95\u0bcd\u0b95\u0bc1\u0bb3\u0bcd\u0bb3\u0bc7 \u0bb5\u0bbe\u0b9a\u0bae\u0bcd\u0baa\u0ba3\u0bcd\u0ba3\u0bc1\u0b95\u0bbf\u0bb1 \u0baa\u0bb0\u0bbf\u0b9a\u0bc1\u0ba4\u0bcd\u0ba4 \u0b86\u0bb5\u0bbf\u0baf\u0bbf\u0ba9\u0bbe\u0bb2\u0bc7 \u0b95\u0bbe\u0ba4\u0bcd\u0ba4\u0bc1\u0b95\u0bcd\u0b95\u0bca\u0bb3\u0bcd."},{"Verseid":"54000014","Verse":"\u0b86\u0b9a\u0bbf\u0baf\u0bbe \u0ba8\u0bbe\u0b9f\u0bcd\u0b9f\u0bbf\u0bb2\u0bbf\u0bb0\u0bc1\u0b95\u0bcd\u0b95\u0bbf\u0bb1 \u0baf\u0bbe\u0bb5\u0bb0\u0bc1\u0bae\u0bcd \u0b85\u0bb5\u0bb0\u0bcd\u0b95\u0bb3\u0bbf\u0bb2\u0bcd \u0baa\u0bbf\u0b95\u0bc6\u0bb2\u0bcd\u0bb2\u0bc1 \u0b8e\u0bb0\u0bcd\u0bae\u0bca\u0b95\u0bc6\u0ba9\u0bc7 \u0bae\u0bc1\u0ba4\u0bb2\u0bbe\u0baf\u0bcd \u0b8e\u0ba9\u0bcd\u0ba9\u0bc8\u0bb5\u0bbf\u0b9f\u0bcd\u0b9f\u0bc1\u0baa\u0bcd \u0bb5\u0bbf\u0bb2\u0b95\u0bbf\u0ba9\u0bbe\u0bb0\u0bcd\u0b95\u0bb3\u0bc6\u0ba9\u0bcd\u0bb1\u0bc1 \u0b85\u0bb1\u0bbf\u0ba8\u0bcd\u0ba4\u0bbf\u0bb0\u0bc1\u0b95\u0bcd\u0b95\u0bbf\u0bb1\u0bbe\u0baf\u0bcd."},{"Verseid":"54000015","Verse":"\u0b92\u0ba8\u0bc7\u0b9a\u0bbf\u0baa\u0bcd\u0baa\u0bcb\u0bb0\u0bc1\u0bb5\u0bbf\u0ba9\u0bcd \u0bb5\u0bc0\u0b9f\u0bcd\u0b9f\u0bbe\u0bb0\u0bc1\u0b95\u0bcd\u0b95\u0bc1\u0b95\u0bcd \u0b95\u0bb0\u0bcd\u0ba4\u0bcd\u0ba4\u0bb0\u0bcd \u0b87\u0bb0\u0b95\u0bcd\u0b95\u0b99\u0bcd \u0b95\u0b9f\u0bcd\u0b9f\u0bb3\u0bc8\u0baf\u0bbf\u0b9f\u0bc1\u0bb5\u0bbe\u0bb0\u0bbe\u0b95; \u0b85\u0bb5\u0ba9\u0bcd \u0b85\u0ba8\u0bc7\u0b95\u0ba8\u0bcd\u0ba4\u0bb0\u0bae\u0bcd \u0b8e\u0ba9\u0bcd\u0ba9\u0bc8 \u0b87\u0bb3\u0bc8\u0baa\u0bcd\u0baa\u0bbe\u0bb1\u0bcd\u0bb1\u0bbf\u0ba9\u0bbe\u0ba9\u0bcd; \u0b8e\u0ba9\u0bcd \u0bb5\u0bbf\u0bb2\u0b99\u0bcd\u0b95\u0bc8\u0b95\u0bcd\u0b95\u0bc1\u0bb1\u0bbf\u0ba4\u0bcd\u0ba4\u0bc1 \u0b85\u0bb5\u0ba9\u0bcd \u0bb5\u0bc6\u0b9f\u0bcd\u0b95\u0baa\u0bcd\u0baa\u0b9f\u0bb5\u0bc1\u0bae\u0bbf\u0bb2\u0bcd\u0bb2\u0bc8;"},{"Verseid":"54000016","Verse":"\u0b85\u0bb5\u0ba9\u0bcd \u0bb0\u0bcb\u0bae\u0bbe\u0bb5\u0bbf\u0bb2\u0bcd \u0bb5\u0ba8\u0bcd\u0ba4\u0bbf\u0bb0\u0bc1\u0ba8\u0bcd\u0ba4\u0baa\u0bcb\u0ba4\u0bc1 \u0b85\u0ba4\u0bbf\u0b95 \u0b9c\u0bbe\u0b95\u0bcd\u0b95\u0bbf\u0bb0\u0ba4\u0bc8\u0baf\u0bbe\u0baf\u0bcd \u0b8e\u0ba9\u0bcd\u0ba9\u0bc8\u0ba4\u0bcd\u0ba4\u0bc7\u0b9f\u0bbf\u0b95\u0bcd \u0b95\u0ba3\u0bcd\u0b9f\u0bc1\u0baa\u0bbf\u0b9f\u0bbf\u0ba4\u0bcd\u0ba4\u0bbe\u0ba9\u0bcd."},{"Verseid":"54000017","Verse":"\u0b85\u0ba8\u0bcd\u0ba8\u0bbe\u0bb3\u0bbf\u0bb2\u0bc7 \u0b85\u0bb5\u0ba9\u0bcd \u0b95\u0bb0\u0bcd\u0ba4\u0bcd\u0ba4\u0bb0\u0bbf\u0b9f\u0ba4\u0bcd\u0ba4\u0bbf\u0bb2\u0bcd \u0b87\u0bb0\u0b95\u0bcd\u0b95\u0ba4\u0bcd\u0ba4\u0bc8\u0b95\u0bcd \u0b95\u0ba3\u0bcd\u0b9f\u0b9f\u0bc8\u0baf\u0bc1\u0bae\u0bcd\u0baa\u0b9f\u0bbf, \u0b95\u0bb0\u0bcd\u0ba4\u0bcd\u0ba4\u0bb0\u0bcd \u0b85\u0bb5\u0ba9\u0bc1\u0b95\u0bcd\u0b95\u0bc1 \u0b85\u0ba9\u0bc1\u0b95\u0bcd\u0b95\u0bbf\u0bb0\u0b95\u0b9e\u0bcd\u0b9a\u0bc6\u0baf\u0bcd\u0bb5\u0bbe\u0bb0\u0bbe\u0b95; \u0b85\u0bb5\u0ba9\u0bcd \u0b8e\u0baa\u0bc7\u0b9a\u0bc1\u0bb5\u0bbf\u0bb2\u0bc7 \u0b9a\u0bc6\u0baf\u0bcd\u0ba4 \u0baa\u0bb1\u0bcd\u0baa\u0bb2 \u0b89\u0ba4\u0bb5\u0bbf\u0b95\u0bb3\u0bc8\u0baf\u0bc1\u0bae\u0bcd \u0ba8\u0bc0 \u0ba8\u0ba9\u0bcd\u0bb1\u0bbe\u0baf\u0bcd \u0b85\u0bb1\u0bbf\u0ba8\u0bcd\u0ba4\u0bbf\u0bb0\u0bc1\u0b95\u0bcd\u0b95\u0bbf\u0bb1\u0bbe\u0baf\u0bc7. \u0b86\u0ba4\u0bb2\u0bbe\u0bb2\u0bcd, \u0b8e\u0ba9\u0bcd \u0b95\u0bc1\u0bae\u0bbe\u0bb0\u0ba9\u0bc7, \u0ba8\u0bc0 \u0b95\u0bbf\u0bb1\u0bbf\u0bb8\u0bcd\u0ba4\u0bc1 \u0b87\u0baf\u0bc7\u0b9a\u0bc1\u0bb5\u0bbf\u0bb2\u0bc1\u0bb3\u0bcd\u0bb3 \u0b95\u0bbf\u0bb0\u0bc1\u0baa\u0bc8\u0baf\u0bbf\u0bb2\u0bcd \u0baa\u0bb2\u0baa\u0bcd\u0baa\u0b9f\u0bc1."}]},{"Verse":[{"Verseid":"54001000","Verse":"\u0b85\u0ba8\u0bc7\u0b95 \u0b9a\u0bbe\u0b9f\u0bcd\u0b9a\u0bbf\u0b95\u0bb3\u0bc1\u0b95\u0bcd\u0b95\u0bc1 \u0bae\u0bc1\u0ba9\u0bcd\u0baa\u0bbe\u0b95 \u0ba8\u0bc0 \u0b8e\u0ba9\u0bcd\u0ba9\u0bbf\u0b9f\u0ba4\u0bcd\u0ba4\u0bbf\u0bb2\u0bcd \u0b95\u0bc7\u0b9f\u0bcd\u0b9f\u0bb5\u0bc8\u0b95\u0bb3\u0bc8 \u0bae\u0bb1\u0bcd\u0bb1\u0bb5\u0bb0\u0bcd\u0b95\u0bb3\u0bc1\u0b95\u0bcd\u0b95\u0bc1\u0baa\u0bcd \u0baa\u0bcb\u0ba4\u0bbf\u0b95\u0bcd\u0b95\u0ba4\u0bcd\u0ba4\u0b95\u0bcd\u0b95 \u0b89\u0ba3\u0bcd\u0bae\u0bc8\u0baf\u0bc1\u0bb3\u0bcd\u0bb3 \u0bae\u0ba9\u0bc1\u0bb7\u0bb0\u0bcd\u0b95\u0bb3\u0bbf\u0b9f\u0ba4\u0bcd\u0ba4\u0bbf\u0bb2\u0bcd \u0b92\u0baa\u0bcd\u0baa\u0bc1\u0bb5\u0bbf."},{"Verseid":"54001001","Verse":"\u0ba8\u0bc0\u0baf\u0bc1\u0bae\u0bcd \u0b87\u0baf\u0bc7\u0b9a\u0bc1\u0b95\u0bbf\u0bb1\u0bbf\u0bb8\u0bcd\u0ba4\u0bc1\u0bb5\u0bc1\u0b95\u0bcd\u0b95\u0bc1 \u0ba8\u0bb2\u0bcd\u0bb2 \u0baa\u0bcb\u0bb0\u0bcd\u0b9a\u0bcd\u0b9a\u0bc7\u0bb5\u0b95\u0ba9\u0bbe\u0baf\u0bcd\u0ba4\u0bcd \u0ba4\u0bc0\u0b99\u0bcd\u0b95\u0ba8\u0bc1\u0baa\u0bb5\u0bbf."},{"Verseid":"54001002","Verse":"\u0ba4\u0ba3\u0bcd\u0b9f\u0bbf\u0bb2\u0bcd \u0b9a\u0bc7\u0bb5\u0b95\u0bae\u0bcd\u0baa\u0ba3\u0bcd\u0ba3\u0bc1\u0b95\u0bbf\u0bb1 \u0b8e\u0bb5\u0ba9\u0bc1\u0bae\u0bcd, \u0ba4\u0ba9\u0bcd\u0ba9\u0bc8\u0b9a\u0bcd \u0b9a\u0bc7\u0bb5\u0b95\u0bae\u0bc6\u0bb4\u0bc1\u0ba4\u0bbf\u0b95\u0bcd\u0b95\u0bca\u0ba3\u0bcd\u0b9f\u0bb5\u0ba9\u0bc1\u0b95\u0bcd\u0b95\u0bc1 \u0b8f\u0bb1\u0bcd\u0bb1\u0bb5\u0ba9\u0bbe\u0baf\u0bbf\u0bb0\u0bc1\u0b95\u0bcd\u0b95\u0bc1\u0bae\u0bcd\u0baa\u0b9f\u0bbf, \u0baa\u0bbf\u0bb4\u0bc8\u0baa\u0bcd\u0baa\u0bc1\u0b95\u0bcd\u0b95\u0b9f\u0bc1\u0ba4\u0bcd\u0ba4 \u0b85\u0bb2\u0bc1\u0bb5\u0bb2\u0bcd\u0b95\u0bb3\u0bbf\u0bb2\u0bcd \u0b9a\u0bbf\u0b95\u0bcd\u0b95\u0bbf\u0b95\u0bcd\u0b95\u0bca\u0bb3\u0bcd\u0bb3\u0bae\u0bbe\u0b9f\u0bcd\u0b9f\u0bbe\u0ba9\u0bcd."},{"Verseid":"54001003","Verse":"\u0bae\u0bc7\u0bb2\u0bc1\u0bae\u0bcd \u0b92\u0bb0\u0bc1\u0bb5\u0ba9\u0bcd \u0bae\u0bb2\u0bcd\u0baf\u0bc1\u0ba4\u0bcd\u0ba4\u0bae\u0bcd\u0baa\u0ba3\u0bcd\u0ba3\u0bbf\u0ba9\u0bbe\u0bb2\u0bc1\u0bae\u0bcd, \u0b9a\u0b9f\u0bcd\u0b9f\u0ba4\u0bcd\u0ba4\u0bbf\u0ba9\u0bcd\u0baa\u0b9f\u0bbf \u0baa\u0ba3\u0bcd\u0ba3\u0bbe\u0bb5\u0bbf\u0b9f\u0bcd\u0b9f\u0bbe\u0bb2\u0bcd \u0bae\u0bc1\u0b9f\u0bbf\u0b9a\u0bc2\u0b9f\u0bcd\u0b9f\u0baa\u0bcd\u0baa\u0b9f\u0bbe\u0ba9\u0bcd."},{"Verseid":"54001004","Verse":"\u0baa\u0bbf\u0bb0\u0baf\u0bbe\u0b9a\u0baa\u0bcd\u0baa\u0b9f\u0bcd\u0b9f\u0bc1\u0baa\u0bcd \u0baa\u0baf\u0bbf\u0bb0\u0bbf\u0b9f\u0bc1\u0b95\u0bbf\u0bb1\u0bb5\u0ba9\u0bcd \u0baa\u0bb2\u0ba9\u0bbf\u0bb2\u0bcd \u0bae\u0bc1\u0ba8\u0bcd\u0ba4\u0bbf\u0baa\u0bcd \u0baa\u0b99\u0bcd\u0b95\u0b9f\u0bc8\u0baf\u0bb5\u0bc7\u0ba3\u0bcd\u0b9f\u0bc1\u0bae\u0bcd."},{"Verseid":"54001005","Verse":"\u0ba8\u0bbe\u0ba9\u0bcd \u0b9a\u0bca\u0bb2\u0bcd\u0bb2\u0bc1\u0b95\u0bbf\u0bb1\u0bb5\u0bc8\u0b95\u0bb3\u0bc8\u0b9a\u0bcd \u0b9a\u0bbf\u0ba8\u0bcd\u0ba4\u0bbf\u0ba4\u0bcd\u0ba4\u0bc1\u0b95\u0bcd\u0b95\u0bca\u0bb3\u0bcd; \u0b95\u0bb0\u0bcd\u0ba4\u0bcd\u0ba4\u0bb0\u0bcd \u0b8e\u0bb2\u0bcd\u0bb2\u0bbe\u0b95\u0bcd \u0b95\u0bbe\u0bb0\u0bbf\u0baf\u0b99\u0bcd\u0b95\u0bb3\u0bbf\u0bb2\u0bc1\u0bae\u0bcd \u0b89\u0ba9\u0b95\u0bcd\u0b95\u0bc1\u0baa\u0bcd \u0baa\u0bc1\u0ba4\u0bcd\u0ba4\u0bbf\u0baf\u0bc8\u0ba4\u0bcd \u0ba4\u0ba8\u0bcd\u0ba4\u0bb0\u0bc1\u0bb3\u0bc1\u0bb5\u0bbe\u0bb0\u0bcd."},{"Verseid":"54001006","Verse":"\u0ba4\u0bbe\u0bb5\u0bc0\u0ba4\u0bbf\u0ba9\u0bcd \u0b9a\u0ba8\u0bcd\u0ba4\u0ba4\u0bbf\u0baf\u0bbf\u0bb2\u0bcd \u0baa\u0bbf\u0bb1\u0ba8\u0bcd\u0ba4 \u0b87\u0baf\u0bc7\u0b9a\u0bc1\u0b95\u0bbf\u0bb1\u0bbf\u0bb8\u0bcd\u0ba4\u0bc1, \u0b8e\u0ba9\u0bcd \u0b9a\u0bc1\u0bb5\u0bbf\u0b9a\u0bc7\u0bb7\u0ba4\u0bcd\u0ba4\u0bbf\u0ba9\u0bcd\u0baa\u0b9f\u0bbf\u0baf\u0bc7, \u0bae\u0bb0\u0bbf\u0ba4\u0bcd\u0ba4\u0bcb\u0bb0\u0bbf\u0bb2\u0bbf\u0bb0\u0bc1\u0ba8\u0bcd\u0ba4\u0bc6\u0bb4\u0bc1\u0baa\u0bcd\u0baa\u0baa\u0bcd\u0baa\u0b9f\u0bcd\u0b9f\u0bb5\u0bb0\u0bc6\u0ba9\u0bcd\u0bb1\u0bc1 \u0ba8\u0bbf\u0ba9\u0bc8\u0ba4\u0bcd\u0ba4\u0bc1\u0b95\u0bcd\u0b95\u0bca\u0bb3\u0bcd."},{"Verseid":"54001007","Verse":"\u0b87\u0ba8\u0bcd\u0ba4\u0b9a\u0bcd \u0b9a\u0bc1\u0bb5\u0bbf\u0b9a\u0bc7\u0bb7\u0ba4\u0bcd\u0ba4\u0bbf\u0ba9\u0bbf\u0bae\u0bbf\u0ba4\u0bcd\u0ba4\u0bae\u0bcd \u0ba8\u0bbe\u0ba9\u0bcd \u0baa\u0bbe\u0ba4\u0b95\u0ba9\u0bcd\u0baa\u0bcb\u0bb2\u0b95\u0bcd \u0b95\u0b9f\u0bcd\u0b9f\u0baa\u0bcd\u0baa\u0b9f\u0bcd\u0b9f\u0bc1, \u0ba4\u0bc1\u0ba9\u0bcd\u0baa\u0ba4\u0bcd\u0ba4\u0bc8 \u0b85\u0ba8\u0bc1\u0baa\u0bb5\u0bbf\u0b95\u0bcd\u0b95\u0bbf\u0bb1\u0bc7\u0ba9\u0bcd; \u0ba4\u0bc7\u0bb5\u0bb5\u0b9a\u0ba9\u0bae\u0bcb \u0b95\u0b9f\u0bcd\u0b9f\u0baa\u0bcd\u0baa\u0b9f\u0bcd\u0b9f\u0bbf\u0bb0\u0bc1\u0b95\u0bcd\u0b95\u0bb5\u0bbf\u0bb2\u0bcd\u0bb2\u0bc8."},{"Verseid":"54001008","Verse":"\u0b86\u0b95\u0bc8\u0baf\u0bbe\u0bb2\u0bcd, \u0ba4\u0bc6\u0bb0\u0bbf\u0ba8\u0bcd\u0ba4\u0bc1\u0b95\u0bca\u0bb3\u0bcd\u0bb3\u0baa\u0bcd\u0baa\u0b9f\u0bcd\u0b9f\u0bb5\u0bb0\u0bcd\u0b95\u0bb3\u0bcd \u0b95\u0bbf\u0bb1\u0bbf\u0bb8\u0bcd\u0ba4\u0bc1 \u0b87\u0baf\u0bc7\u0b9a\u0bc1\u0bb5\u0bbf\u0ba9\u0bbe\u0bb2\u0bcd \u0b89\u0ba3\u0bcd\u0b9f\u0bbe\u0ba9 \u0b87\u0bb0\u0b9f\u0bcd\u0b9a\u0bbf\u0baa\u0bcd\u0baa\u0bc8 \u0ba8\u0bbf\u0ba4\u0bcd\u0ba4\u0bbf\u0baf \u0bae\u0b95\u0bbf\u0bae\u0bc8\u0baf\u0bcb\u0b9f\u0bc7 \u0baa\u0bc6\u0bb1\u0bcd\u0bb1\u0bc1\u0b95\u0bcd\u0b95\u0bca\u0bb3\u0bcd\u0bb3\u0bc1\u0bae\u0bcd\u0baa\u0b9f\u0bbf, \u0b9a\u0b95\u0bb2\u0ba4\u0bcd\u0ba4\u0bc8\u0baf\u0bc1\u0bae\u0bcd \u0b85\u0bb5\u0bb0\u0bcd\u0b95\u0bb3\u0bcd \u0ba8\u0bbf\u0bae\u0bbf\u0ba4\u0bcd\u0ba4\u0bae\u0bbe\u0b95\u0b9a\u0bcd \u0b9a\u0b95\u0bbf\u0b95\u0bcd\u0b95\u0bbf\u0bb1\u0bc7\u0ba9\u0bcd."},{"Verseid":"54001009","Verse":"\u0b87\u0ba8\u0bcd\u0ba4 \u0bb5\u0bbe\u0bb0\u0bcd\u0ba4\u0bcd\u0ba4\u0bc8 \u0b89\u0ba3\u0bcd\u0bae\u0bc8\u0baf\u0bc1\u0bb3\u0bcd\u0bb3\u0ba4\u0bc1; \u0b8e\u0ba9\u0bcd\u0ba9\u0bb5\u0bc6\u0ba9\u0bbf\u0bb2\u0bcd, \u0ba8\u0bbe\u0bae\u0bcd \u0b85\u0bb5\u0bb0\u0bcb\u0b9f\u0bc7\u0b95\u0bc2\u0b9f \u0bae\u0bb0\u0bbf\u0ba4\u0bcd\u0ba4\u0bcb\u0bae\u0bbe\u0ba9\u0bbe\u0bb2\u0bcd, \u0b85\u0bb5\u0bb0\u0bcb\u0b9f\u0bc7\u0b95\u0bc2\u0b9f\u0baa\u0bcd \u0baa\u0bbf\u0bb4\u0bc8\u0ba4\u0bcd\u0ba4\u0bc1\u0bae\u0bbf\u0bb0\u0bc1\u0baa\u0bcd\u0baa\u0bcb\u0bae\u0bcd;"},{"Verseid":"54001010","Verse":"\u0b85\u0bb5\u0bb0\u0bcb\u0b9f\u0bc7\u0b95\u0bc2\u0b9f\u0baa\u0bcd \u0baa\u0bbe\u0b9f\u0bc1\u0b95\u0bb3\u0bc8\u0b9a\u0bcd \u0b9a\u0b95\u0bbf\u0ba4\u0bcd\u0ba4\u0bcb\u0bae\u0bbe\u0ba9\u0bbe\u0bb2\u0bcd \u0b85\u0bb5\u0bb0\u0bcb\u0b9f\u0bc7\u0b95\u0bc2\u0b9f \u0b86\u0bb3\u0bc1\u0b95\u0bc8\u0baf\u0bc1\u0bae\u0bcd \u0b9a\u0bc6\u0baf\u0bcd\u0bb5\u0bcb\u0bae\u0bcd; \u0ba8\u0bbe\u0bae\u0bcd \u0b85\u0bb5\u0bb0\u0bc8 \u0bae\u0bb1\u0bc1\u0ba4\u0bb2\u0bbf\u0ba4\u0bcd\u0ba4\u0bbe\u0bb2\u0bcd, \u0b85\u0bb5\u0bb0\u0bc1\u0bae\u0bcd \u0ba8\u0bae\u0bcd\u0bae\u0bc8 \u0bae\u0bb1\u0bc1\u0ba4\u0bb2\u0bbf\u0baa\u0bcd\u0baa\u0bbe\u0bb0\u0bcd;"},{"Verseid":"54001011","Verse":"\u0ba8\u0bbe\u0bae\u0bcd \u0b89\u0ba3\u0bcd\u0bae\u0bc8\u0baf\u0bbf\u0bb2\u0bcd\u0bb2\u0bbe\u0ba4\u0bb5\u0bb0\u0bcd\u0b95\u0bb3\u0bbe\u0baf\u0bbf\u0bb0\u0bc1\u0ba8\u0bcd\u0ba4\u0bbe\u0bb2\u0bc1\u0bae\u0bcd, \u0b85\u0bb5\u0bb0\u0bcd \u0b89\u0ba3\u0bcd\u0bae\u0bc8\u0baf\u0bc1\u0bb3\u0bcd\u0bb3\u0bb5\u0bb0\u0bbe\u0baf\u0bbf\u0bb0\u0bc1\u0b95\u0bcd\u0b95\u0bbf\u0bb1\u0bbe\u0bb0\u0bcd; \u0b85\u0bb5\u0bb0\u0bcd \u0ba4\u0bae\u0bcd\u0bae\u0bc8\u0ba4\u0bcd\u0ba4\u0bbe\u0bae\u0bcd \u0bae\u0bb1\u0bc1\u0ba4\u0bb2\u0bbf\u0b95\u0bcd\u0b95\u0bae\u0bbe\u0b9f\u0bcd\u0b9f\u0bbe\u0bb0\u0bcd."},{"Verseid":"54001012","Verse":"\u0b87\u0bb5\u0bc8\u0b95\u0bb3\u0bc8 \u0b85\u0bb5\u0bb0\u0bcd\u0b95\u0bb3\u0bc1\u0b95\u0bcd\u0b95\u0bc1 \u0ba8\u0bbf\u0ba9\u0bc8\u0baa\u0bcd\u0baa\u0bc2\u0b9f\u0bcd\u0b9f\u0bbf, \u0b92\u0ba9\u0bcd\u0bb1\u0bc1\u0b95\u0bcd\u0b95\u0bc1\u0bae\u0bcd \u0baa\u0bbf\u0bb0\u0baf\u0bcb\u0b9c\u0ba9\u0bae\u0bbf\u0bb2\u0bcd\u0bb2\u0bbe\u0bae\u0bb2\u0bcd, \u0b95\u0bc7\u0b9f\u0bcd\u0b95\u0bbf\u0bb1\u0bb5\u0bb0\u0bcd\u0b95\u0bb3\u0bc8\u0b95\u0bcd \u0b95\u0bb5\u0bbf\u0bb4\u0bcd\u0ba4\u0bcd\u0ba4\u0bc1\u0baa\u0bcd\u0baa\u0bcb\u0b9f\u0bc1\u0b95\u0bbf\u0bb1\u0ba4\u0bb1\u0bcd\u0b95\u0bc7\u0ba4\u0bc1\u0bb5\u0bbe\u0ba9 \u0bb5\u0bbe\u0b95\u0bcd\u0b95\u0bc1\u0bb5\u0bbe\u0ba4\u0bae\u0bcd \u0b9a\u0bc6\u0baf\u0bcd\u0baf\u0bbe\u0ba4\u0baa\u0b9f\u0bbf\u0b95\u0bcd\u0b95\u0bc1, \u0b95\u0bb0\u0bcd\u0ba4\u0bcd\u0ba4\u0bb0\u0bc1\u0b95\u0bcd\u0b95\u0bc1 \u0bae\u0bc1\u0ba9\u0bcd\u0baa\u0bbe\u0b95 \u0b85\u0bb5\u0bb0\u0bcd\u0b95\u0bb3\u0bc1\u0b95\u0bcd\u0b95\u0bc1 \u0b8e\u0b9a\u0bcd\u0b9a\u0bb0\u0bbf\u0ba4\u0bcd\u0ba4\u0bc1\u0baa\u0bcd \u0baa\u0bc1\u0ba4\u0bcd\u0ba4\u0bbf\u0b9a\u0bca\u0bb2\u0bcd\u0bb2\u0bc1."},{"Verseid":"54001013","Verse":"\u0ba8\u0bc0 \u0bb5\u0bc6\u0b9f\u0bcd\u0b95\u0baa\u0bcd\u0baa\u0b9f\u0bbe\u0ba4 \u0b8a\u0bb4\u0bbf\u0baf\u0b95\u0bcd\u0b95\u0bbe\u0bb0\u0ba9\u0bbe\u0baf\u0bc1\u0bae\u0bcd \u0b9a\u0ba4\u0bcd\u0ba4\u0bbf\u0baf \u0bb5\u0b9a\u0ba9\u0ba4\u0bcd\u0ba4\u0bc8 \u0ba8\u0bbf\u0ba4\u0bbe\u0ba9\u0bae\u0bbe\u0baf\u0bcd\u0baa\u0bcd \u0baa\u0b95\u0bc1\u0ba4\u0bcd\u0ba4\u0bc1\u0baa\u0bcd \u0baa\u0bcb\u0ba4\u0bbf\u0b95\u0bcd\u0b95\u0bbf\u0bb1\u0bb5\u0ba9\u0bbe\u0baf\u0bc1\u0bae\u0bcd \u0b89\u0ba9\u0bcd\u0ba9\u0bc8 \u0ba4\u0bc7\u0bb5\u0ba9\u0bc1\u0b95\u0bcd\u0b95\u0bc1 \u0bae\u0bc1\u0ba9\u0bcd\u0baa\u0bbe\u0b95 \u0b89\u0ba4\u0bcd\u0ba4\u0bae\u0ba9\u0bbe\u0b95 \u0ba8\u0bbf\u0bb1\u0bc1\u0ba4\u0bcd\u0ba4\u0bc1\u0bae\u0bcd\u0baa\u0b9f\u0bbf \u0b9c\u0bbe\u0b95\u0bcd\u0b95\u0bbf\u0bb0\u0ba4\u0bc8\u0baf\u0bbe\u0baf\u0bbf\u0bb0\u0bc1."},{"Verseid":"54001014","Verse":"\u0b9a\u0bc0\u0bb0\u0bcd\u0b95\u0bc7\u0b9f\u0bbe\u0ba9 \u0bb5\u0bc0\u0ba3\u0bcd\u0baa\u0bc7\u0b9a\u0bcd\u0b9a\u0bc1\u0b95\u0bb3\u0bc1\u0b95\u0bcd\u0b95\u0bc1 \u0bb5\u0bbf\u0bb2\u0b95\u0bbf\u0baf\u0bbf\u0bb0\u0bc1; \u0b85\u0bb5\u0bc8\u0b95\u0bb3\u0bbe\u0bb2\u0bcd (\u0b95\u0bb3\u0bcd\u0bb3\u0baa\u0bcd\u0baa\u0bcb\u0ba4\u0b95\u0bb0\u0bcd\u0b95\u0bb3\u0bbe\u0ba9) \u0b85\u0bb5\u0bb0\u0bcd\u0b95\u0bb3\u0bcd \u0b85\u0ba4\u0bbf\u0b95 \u0b85\u0bb5\u0baa\u0b95\u0bcd\u0ba4\u0bbf\u0baf\u0bc1\u0bb3\u0bcd\u0bb3\u0bb5\u0bb0\u0bcd\u0b95\u0bb3\u0bbe\u0bb5\u0bbe\u0bb0\u0bcd\u0b95\u0bb3\u0bcd;"},{"Verseid":"54001015","Verse":"\u0b85\u0bb5\u0bb0\u0bcd\u0b95\u0bb3\u0bc1\u0b9f\u0bc8\u0baf \u0bb5\u0bbe\u0bb0\u0bcd\u0ba4\u0bcd\u0ba4\u0bc8 \u0b85\u0bb0\u0bbf\u0baa\u0bbf\u0bb3\u0bb5\u0bc8\u0baf\u0bc8\u0baa\u0bcd\u0baa\u0bcb\u0bb2\u0baa\u0bcd \u0baa\u0b9f\u0bb0\u0bc1\u0bae\u0bcd; \u0b87\u0bae\u0bc6\u0ba8\u0bc7\u0baf\u0bc1\u0bae\u0bcd \u0baa\u0bbf\u0bb2\u0bc7\u0ba4\u0bcd\u0ba4\u0bc1\u0bae\u0bcd \u0b85\u0baa\u0bcd\u0baa\u0b9f\u0bbf\u0baa\u0bcd\u0baa\u0b9f\u0bcd\u0b9f\u0bb5\u0bb0\u0bcd\u0b95\u0bb3\u0bcd;"},{"Verseid":"54001016","Verse":"\u0b85\u0bb5\u0bb0\u0bcd\u0b95\u0bb3\u0bcd \u0b9a\u0ba4\u0bcd\u0ba4\u0bbf\u0baf\u0ba4\u0bcd\u0ba4\u0bc8 \u0bb5\u0bbf\u0b9f\u0bcd\u0b9f\u0bc1 \u0bb5\u0bbf\u0bb2\u0b95\u0bbf, \u0b89\u0baf\u0bbf\u0bb0\u0bcd\u0ba4\u0bcd\u0ba4\u0bc6\u0bb4\u0bc1\u0ba4\u0bb2\u0bcd \u0ba8\u0b9f\u0ba8\u0bcd\u0ba4\u0bbe\u0baf\u0bbf\u0bb1\u0bcd\u0bb1\u0bc6\u0ba9\u0bcd\u0bb1\u0bc1 \u0b9a\u0bca\u0bb2\u0bcd\u0bb2\u0bbf, \u0b9a\u0bbf\u0bb2\u0bb0\u0bc1\u0b9f\u0bc8\u0baf \u0bb5\u0bbf\u0b9a\u0bc1\u0bb5\u0bbe\u0b9a\u0ba4\u0bcd\u0ba4\u0bc8\u0b95\u0bcd \u0b95\u0bb5\u0bbf\u0bb4\u0bcd\u0ba4\u0bcd\u0ba4\u0bc1\u0baa\u0bcd\u0baa\u0bcb\u0b9f\u0bc1\u0b95\u0bbf\u0bb1\u0bbe\u0bb0\u0bcd\u0b95\u0bb3\u0bcd."},{"Verseid":"54001017","Verse":"\u0b86\u0b95\u0bbf\u0bb2\u0bc1\u0bae\u0bcd \u0ba4\u0bc7\u0bb5\u0ba9\u0bc1\u0b9f\u0bc8\u0baf \u0b89\u0bb1\u0bc1\u0ba4\u0bbf\u0baf\u0bbe\u0ba9 \u0b85\u0bb8\u0bcd\u0ba4\u0bbf\u0baa\u0bbe\u0bb0\u0bae\u0bcd \u0ba8\u0bbf\u0bb2\u0bc8\u0ba4\u0bcd\u0ba4\u0bbf\u0bb0\u0bc1\u0b95\u0bcd\u0b95\u0bbf\u0bb1\u0ba4\u0bc1; \u0b95\u0bb0\u0bcd\u0ba4\u0bcd\u0ba4\u0bb0\u0bcd \u0ba4\u0bae\u0bcd\u0bae\u0bc1\u0b9f\u0bc8\u0baf\u0bb5\u0bb0\u0bcd\u0b95\u0bb3\u0bc8 \u0b85\u0bb1\u0bbf\u0bb5\u0bbe\u0bb0\u0bc6\u0ba9\u0bcd\u0baa\u0ba4\u0bc1\u0bae\u0bcd, \u0b95\u0bbf\u0bb1\u0bbf\u0bb8\u0bcd\u0ba4\u0bc1\u0bb5\u0bbf\u0ba9\u0bcd \u0ba8\u0bbe\u0bae\u0ba4\u0bcd\u0ba4\u0bc8\u0b9a\u0bcd \u0b9a\u0bca\u0bb2\u0bcd\u0bb2\u0bc1\u0b95\u0bbf\u0bb1 \u0b8e\u0bb5\u0ba9\u0bc1\u0bae\u0bcd \u0b85\u0ba8\u0bbf\u0baf\u0bbe\u0baf\u0ba4\u0bcd\u0ba4\u0bc8\u0bb5\u0bbf\u0b9f\u0bcd\u0b9f\u0bc1 \u0bb5\u0bbf\u0bb2\u0b95\u0b95\u0bcd\u0b95\u0b9f\u0bb5\u0ba9\u0bc6\u0ba9\u0bcd\u0baa\u0ba4\u0bc1\u0bae\u0bcd, \u0b85\u0ba4\u0bb1\u0bcd\u0b95\u0bc1 \u0bae\u0bc1\u0ba4\u0bcd\u0ba4\u0bbf\u0bb0\u0bc8\u0baf\u0bbe\u0baf\u0bbf\u0bb0\u0bc1\u0b95\u0bcd\u0b95\u0bbf\u0bb1\u0ba4\u0bc1."},{"Verseid":"54001018","Verse":"\u0b92\u0bb0\u0bc1 \u0baa\u0bc6\u0bb0\u0bbf\u0baf \u0bb5\u0bc0\u0b9f\u0bcd\u0b9f\u0bbf\u0bb2\u0bc7 \u0baa\u0bca\u0ba9\u0bcd\u0ba9\u0bc1\u0bae\u0bcd \u0bb5\u0bc6\u0bb3\u0bcd\u0bb3\u0bbf\u0baf\u0bc1\u0bae\u0bbe\u0ba9 \u0baa\u0bbe\u0ba4\u0bcd\u0ba4\u0bbf\u0bb0\u0b99\u0bcd\u0b95\u0bb3\u0bc1\u0bae\u0bb2\u0bcd\u0bb2\u0bbe\u0bae\u0bb2\u0bcd, \u0bae\u0bb0\u0bae\u0bc1\u0bae\u0bcd \u0bae\u0ba3\u0bcd\u0ba3\u0bc1\u0bae\u0bbe\u0ba9 \u0baa\u0bbe\u0ba4\u0bcd\u0ba4\u0bbf\u0bb0\u0b99\u0bcd\u0b95\u0bb3\u0bc1\u0bae\u0bc1\u0ba3\u0bcd\u0b9f\u0bc1; \u0b85\u0bb5\u0bc8\u0b95\u0bb3\u0bbf\u0bb2\u0bcd \u0b9a\u0bbf\u0bb2 \u0b95\u0ba9\u0ba4\u0bcd\u0ba4\u0bbf\u0bb1\u0bcd\u0b95\u0bc1\u0bae\u0bcd \u0b9a\u0bbf\u0bb2 \u0b95\u0ba9\u0bb5\u0bc0\u0ba9\u0ba4\u0bcd\u0ba4\u0bbf\u0bb1\u0bcd\u0b95\u0bc1\u0bae\u0bbe\u0ba9\u0bb5\u0bc8\u0b95\u0bb3\u0bcd."},{"Verseid":"54001019","Verse":"\u0b86\u0b95\u0bc8\u0baf\u0bbe\u0bb2\u0bcd \u0b92\u0bb0\u0bc1\u0bb5\u0ba9\u0bcd \u0b87\u0bb5\u0bc8\u0b95\u0bb3\u0bc8\u0bb5\u0bbf\u0b9f\u0bcd\u0b9f\u0bc1, \u0ba4\u0ba9\u0bcd\u0ba9\u0bc8\u0b9a\u0bcd \u0b9a\u0bc1\u0ba4\u0bcd\u0ba4\u0bbf\u0b95\u0bb0\u0bbf\u0ba4\u0bcd\u0ba4\u0bc1\u0b95\u0bcd\u0b95\u0bca\u0ba3\u0bcd\u0b9f\u0bbe\u0bb2\u0bcd, \u0b85\u0bb5\u0ba9\u0bcd \u0baa\u0bb0\u0bbf\u0b9a\u0bc1\u0ba4\u0bcd\u0ba4\u0bae\u0bbe\u0b95\u0bcd\u0b95\u0baa\u0bcd\u0baa\u0b9f\u0bcd\u0b9f\u0ba4\u0bc1\u0bae\u0bcd \u0b8e\u0b9c\u0bae\u0bbe\u0ba9\u0bc1\u0b95\u0bcd\u0b95\u0bc1 \u0b89\u0baa\u0baf\u0bcb\u0b95\u0bae\u0bbe\u0ba9\u0ba4\u0bc1\u0bae\u0bcd, \u0b8e\u0ba8\u0bcd\u0ba4 \u0ba8\u0bb1\u0bcd\u0b95\u0bbf\u0bb0\u0bbf\u0baf\u0bc8\u0b95\u0bcd\u0b95\u0bc1\u0bae\u0bcd \u0b86\u0baf\u0ba4\u0bcd\u0ba4\u0bae\u0bbe\u0b95\u0bcd\u0b95\u0baa\u0bcd\u0baa\u0b9f\u0bcd\u0b9f\u0ba4\u0bc1\u0bae\u0bbe\u0ba9 \u0b95\u0ba9\u0ba4\u0bcd\u0ba4\u0bc1\u0b95\u0bcd\u0b95\u0bc1\u0bb0\u0bbf\u0baf \u0baa\u0bbe\u0ba4\u0bcd\u0ba4\u0bbf\u0bb0\u0bae\u0bbe\u0baf\u0bbf\u0bb0\u0bc1\u0baa\u0bcd\u0baa\u0bbe\u0ba9\u0bcd."},{"Verseid":"54001020","Verse":"\u0b85\u0ba9\u0bcd\u0bb1\u0bbf\u0baf\u0bc1\u0bae\u0bcd, \u0baa\u0bbe\u0bb2\u0bbf\u0baf\u0ba4\u0bcd\u0ba4\u0bc1\u0b95\u0bcd\u0b95\u0bc1\u0bb0\u0bbf\u0baf \u0b87\u0b9a\u0bcd\u0b9a\u0bc8\u0b95\u0bb3\u0bc1\u0b95\u0bcd\u0b95\u0bc1 \u0ba8\u0bc0 \u0bb5\u0bbf\u0bb2\u0b95\u0bbf\u0baf\u0bcb\u0b9f\u0bbf, \u0b9a\u0bc1\u0ba4\u0bcd\u0ba4 \u0b87\u0bb0\u0bc1\u0ba4\u0baf\u0ba4\u0bcd\u0ba4\u0bcb\u0b9f\u0bc7 \u0b95\u0bb0\u0bcd\u0ba4\u0bcd\u0ba4\u0bb0\u0bc8\u0ba4\u0bcd \u0ba4\u0bca\u0bb4\u0bc1\u0ba4\u0bc1\u0b95\u0bca\u0bb3\u0bcd\u0bb3\u0bc1\u0b95\u0bbf\u0bb1\u0bb5\u0bb0\u0bcd\u0b95\u0bb3\u0bc1\u0b9f\u0ba9\u0bc7, \u0ba8\u0bc0\u0ba4\u0bbf\u0baf\u0bc8\u0baf\u0bc1\u0bae\u0bcd \u0bb5\u0bbf\u0b9a\u0bc1\u0bb5\u0bbe\u0b9a\u0ba4\u0bcd\u0ba4\u0bc8\u0baf\u0bc1\u0bae\u0bcd \u0b85\u0ba9\u0bcd\u0baa\u0bc8\u0baf\u0bc1\u0bae\u0bcd \u0b9a\u0bae\u0bbe\u0ba4\u0bbe\u0ba9\u0ba4\u0bcd\u0ba4\u0bc8\u0baf\u0bc1\u0bae\u0bcd \u0b85\u0b9f\u0bc8\u0baf\u0bc1\u0bae\u0bcd\u0baa\u0b9f\u0bbf \u0ba8\u0bbe\u0b9f\u0bc1."},{"Verseid":"54001021","Verse":"\u0baa\u0bc1\u0ba4\u0bcd\u0ba4\u0bbf\u0baf\u0bc0\u0ba9\u0bae\u0bc1\u0bae\u0bcd \u0b85\u0baf\u0bc1\u0b95\u0bcd\u0ba4\u0bae\u0bc1\u0bae\u0bbe\u0ba9 \u0ba4\u0bb0\u0bcd\u0b95\u0bcd\u0b95\u0b99\u0bcd\u0b95\u0bb3\u0bcd \u0b9a\u0ba3\u0bcd\u0b9f\u0bc8\u0b95\u0bb3\u0bc8\u0baa\u0bcd \u0baa\u0bbf\u0bb1\u0baa\u0bcd\u0baa\u0bbf\u0b95\u0bcd\u0b95\u0bc1\u0bae\u0bc6\u0ba9\u0bcd\u0bb1\u0bc1 \u0b85\u0bb1\u0bbf\u0ba8\u0bcd\u0ba4\u0bc1, \u0b85\u0bb5\u0bc8\u0b95\u0bb3\u0bc1\u0b95\u0bcd\u0b95\u0bc1 \u0bb5\u0bbf\u0bb2\u0b95\u0bbf\u0baf\u0bbf\u0bb0\u0bc1."},{"Verseid":"54001022","Verse":"\u0b95\u0bb0\u0bcd\u0ba4\u0bcd\u0ba4\u0bb0\u0bc1\u0b9f\u0bc8\u0baf \u0b8a\u0bb4\u0bbf\u0baf\u0b95\u0bcd\u0b95\u0bbe\u0bb0\u0ba9\u0bcd \u0b9a\u0ba3\u0bcd\u0b9f\u0bc8\u0baa\u0ba3\u0bcd\u0ba3\u0bc1\u0b95\u0bbf\u0bb1\u0bb5\u0ba9\u0bbe\u0baf\u0bbf\u0bb0\u0bbe\u0bae\u0bb2\u0bcd, \u0b8e\u0bb2\u0bcd\u0bb2\u0bbe\u0bb0\u0bbf\u0b9f\u0ba4\u0bcd\u0ba4\u0bbf\u0bb2\u0bc1\u0bae\u0bcd \u0b9a\u0bbe\u0ba8\u0bcd\u0ba4\u0bae\u0bc1\u0bb3\u0bcd\u0bb3\u0bb5\u0ba9\u0bc1\u0bae\u0bcd, \u0baa\u0bcb\u0ba4\u0b95\u0b9a\u0bae\u0bb0\u0bcd\u0ba4\u0bcd\u0ba4\u0ba9\u0bc1\u0bae\u0bcd, \u0ba4\u0bc0\u0bae\u0bc8\u0baf\u0bc8\u0b9a\u0bcd \u0b9a\u0b95\u0bbf\u0b95\u0bcd\u0b95\u0bbf\u0bb1\u0bb5\u0ba9\u0bc1\u0bae\u0bbe\u0baf\u0bbf\u0bb0\u0bc1\u0b95\u0bcd\u0b95\u0bb5\u0bc7\u0ba3\u0bcd\u0b9f\u0bc1\u0bae\u0bcd."},{"Verseid":"54001023","Verse":"\u0b8e\u0ba4\u0bbf\u0bb0\u0bcd\u0baa\u0bc7\u0b9a\u0bc1\u0b95\u0bbf\u0bb1\u0bb5\u0bb0\u0bcd\u0b95\u0bb3\u0bcd \u0b9a\u0ba4\u0bcd\u0ba4\u0bbf\u0baf\u0ba4\u0bcd\u0ba4\u0bc8 \u0b85\u0bb1\u0bbf\u0baf\u0bc1\u0bae\u0bcd\u0baa\u0b9f\u0bbf \u0ba4\u0bc7\u0bb5\u0ba9\u0bcd \u0b85\u0bb5\u0bb0\u0bcd\u0b95\u0bb3\u0bc1\u0b95\u0bcd\u0b95\u0bc1 \u0bae\u0ba9\u0ba8\u0bcd\u0ba4\u0bbf\u0bb0\u0bc1\u0bae\u0bcd\u0baa\u0bc1\u0ba4\u0bb2\u0bc8 \u0b85\u0bb0\u0bc1\u0bb3\u0ba4\u0bcd\u0ba4\u0b95\u0bcd\u0b95\u0ba4\u0bbe\u0b95\u0bb5\u0bc1\u0bae\u0bcd,"},{"Verseid":"54001024","Verse":"\u0baa\u0bbf\u0b9a\u0bbe\u0b9a\u0bbe\u0ba9\u0bb5\u0ba9\u0bc1\u0b9f\u0bc8\u0baf \u0b87\u0b9a\u0bcd\u0b9a\u0bc8\u0baf\u0bbf\u0ba9\u0bcd\u0baa\u0b9f\u0bbf \u0b9a\u0bc6\u0baf\u0bcd\u0baf \u0b85\u0bb5\u0ba9\u0bbe\u0bb2\u0bcd \u0baa\u0bbf\u0b9f\u0bbf\u0baa\u0b9f\u0bcd\u0b9f\u0bbf\u0bb0\u0bc1\u0b95\u0bcd\u0b95\u0bbf\u0bb1 \u0b85\u0bb5\u0bb0\u0bcd\u0b95\u0bb3\u0bcd \u0bae\u0bb1\u0bc1\u0baa\u0b9f\u0bbf\u0baf\u0bc1\u0bae\u0bcd \u0bae\u0baf\u0b95\u0bcd\u0b95\u0ba8\u0bcd\u0ba4\u0bc6\u0bb3\u0bbf\u0ba8\u0bcd\u0ba4\u0bc1 \u0b85\u0bb5\u0ba9\u0bcd \u0b95\u0ba3\u0bcd\u0ba3\u0bbf\u0b95\u0bcd\u0b95\u0bc1 \u0ba8\u0bc0\u0b99\u0bcd\u0b95\u0ba4\u0bcd\u0ba4\u0b95\u0bcd\u0b95\u0ba4\u0bbe\u0b95\u0bb5\u0bc1\u0bae\u0bcd, \u0b9a\u0bbe\u0ba8\u0bcd\u0ba4\u0bae\u0bbe\u0baf\u0bcd \u0b85\u0bb5\u0bb0\u0bcd\u0b95\u0bb3\u0bc1\u0b95\u0bcd\u0b95\u0bc1 \u0b89\u0baa\u0ba4\u0bc7\u0b9a\u0bbf\u0b95\u0bcd\u0b95\u0bb5\u0bc7\u0ba3\u0bcd\u0b9f\u0bc1\u0bae\u0bcd."},{"Verseid":"54001025","Verse":"\u0bae\u0bc7\u0bb2\u0bc1\u0bae\u0bcd, \u0b95\u0b9f\u0bc8\u0b9a\u0bbf\u0ba8\u0bbe\u0b9f\u0bcd\u0b95\u0bb3\u0bbf\u0bb2\u0bcd \u0b95\u0bca\u0b9f\u0bbf\u0baf\u0b95\u0bbe\u0bb2\u0b99\u0bcd\u0b95\u0bb3\u0bcd \u0bb5\u0bb0\u0bc1\u0bae\u0bc6\u0ba9\u0bcd\u0bb1\u0bc1 \u0b85\u0bb1\u0bbf\u0bb5\u0bbe\u0baf\u0bbe\u0b95."}]},{"Verse":[{"Verseid":"54002000","Verse":"\u0b8e\u0baa\u0bcd\u0baa\u0b9f\u0bbf\u0baf\u0bc6\u0ba9\u0bbf\u0bb2\u0bcd, \u0bae\u0ba9\u0bc1\u0bb7\u0bb0\u0bcd\u0b95\u0bb3\u0bcd \u0ba4\u0bb1\u0bcd\u0baa\u0bbf\u0bb0\u0bbf\u0baf\u0bb0\u0bbe\u0baf\u0bc1\u0bae\u0bcd, \u0baa\u0ba3\u0baa\u0bcd\u0baa\u0bbf\u0bb0\u0bbf\u0baf\u0bb0\u0bbe\u0baf\u0bc1\u0bae\u0bcd, \u0bb5\u0bc0\u0bae\u0bcd\u0baa\u0bc1\u0b95\u0bcd\u0b95\u0bbe\u0bb0\u0bb0\u0bbe\u0baf\u0bc1\u0bae\u0bcd, \u0b85\u0b95\u0ba8\u0bcd\u0ba4\u0bc8\u0baf\u0bc1\u0bb3\u0bcd\u0bb3\u0bb5\u0bb0\u0bcd\u0b95\u0bb3\u0bbe\u0baf\u0bc1\u0bae\u0bcd, \u0ba4\u0bc2\u0bb7\u0bbf\u0b95\u0bcd\u0b95\u0bbf\u0bb1\u0bb5\u0bb0\u0bcd\u0b95\u0bb3\u0bbe\u0baf\u0bc1\u0bae\u0bcd, \u0ba4\u0bbe\u0baf\u0bcd \u0ba4\u0b95\u0baa\u0bcd\u0baa\u0ba9\u0bcd\u0bae\u0bbe\u0bb0\u0bc1\u0b95\u0bcd\u0b95\u0bc1\u0b95\u0bcd \u0b95\u0bc0\u0bb4\u0bcd\u0baa\u0bcd\u0baa\u0b9f\u0bbf\u0baf\u0bbe\u0ba4\u0bb5\u0bb0\u0bcd\u0b95\u0bb3\u0bbe\u0baf\u0bc1\u0bae\u0bcd, \u0ba8\u0ba9\u0bcd\u0bb1\u0bbf\u0baf\u0bb1\u0bbf\u0baf\u0bbe\u0ba4\u0bb5\u0bb0\u0bcd\u0b95\u0bb3\u0bbe\u0baf\u0bc1\u0bae\u0bcd, \u0baa\u0bb0\u0bbf\u0b9a\u0bc1\u0ba4\u0bcd\u0ba4\u0bae\u0bbf\u0bb2\u0bcd\u0bb2\u0bbe\u0ba4\u0bb5\u0bb0\u0bcd\u0b95\u0bb3\u0bbe\u0baf\u0bc1\u0bae\u0bcd,"},{"Verseid":"54002001","Verse":"\u0b9a\u0bc1\u0baa\u0bbe\u0bb5 \u0b85\u0ba9\u0bcd\u0baa\u0bbf\u0bb2\u0bcd\u0bb2\u0bbe\u0ba4\u0bb5\u0bb0\u0bcd\u0b95\u0bb3\u0bbe\u0baf\u0bc1\u0bae\u0bcd, \u0b87\u0ba3\u0b99\u0bcd\u0b95\u0bbe\u0ba4\u0bb5\u0bb0\u0bcd\u0b95\u0bb3\u0bbe\u0baf\u0bc1\u0bae\u0bcd, \u0b85\u0bb5\u0ba4\u0bc2\u0bb1\u0bc1 \u0b9a\u0bc6\u0baf\u0bcd\u0b95\u0bbf\u0bb1\u0bb5\u0bb0\u0bcd\u0b95\u0bb3\u0bbe\u0baf\u0bc1\u0bae\u0bcd, \u0b87\u0b9a\u0bcd\u0b9a\u0bc8\u0baf\u0b9f\u0b95\u0bcd\u0b95\u0bae\u0bbf\u0bb2\u0bcd\u0bb2\u0bbe\u0ba4\u0bb5\u0bb0\u0bcd\u0b95\u0bb3\u0bbe\u0baf\u0bc1\u0bae\u0bcd, \u0b95\u0bca\u0b9f\u0bc1\u0bae\u0bc8\u0baf\u0bc1\u0bb3\u0bcd\u0bb3\u0bb5\u0bb0\u0bcd\u0b95\u0bb3\u0bbe\u0baf\u0bc1\u0bae\u0bcd, \u0ba8\u0bb2\u0bcd\u0bb2\u0bcb\u0bb0\u0bc8\u0baa\u0bcd \u0baa\u0b95\u0bc8\u0b95\u0bcd\u0b95\u0bbf\u0bb1\u0bb5\u0bb0\u0bcd\u0b95\u0bb3\u0bbe\u0baf\u0bc1\u0bae\u0bcd,"},{"Verseid":"54002002","Verse":"\u0ba4\u0bc1\u0bb0\u0bcb\u0b95\u0bbf\u0b95\u0bb3\u0bbe\u0baf\u0bc1\u0bae\u0bcd, \u0ba4\u0bc1\u0ba3\u0bbf\u0b95\u0bb0\u0bae\u0bc1\u0bb3\u0bcd\u0bb3\u0bb5\u0bb0\u0bcd\u0b95\u0bb3\u0bbe\u0baf\u0bc1\u0bae\u0bcd, \u0b87\u0bb1\u0bc1\u0bae\u0bbe\u0baa\u0bcd\u0baa\u0bc1\u0bb3\u0bcd\u0bb3\u0bb5\u0bb0\u0bcd\u0b95\u0bb3\u0bbe\u0baf\u0bc1\u0bae\u0bcd, \u0ba4\u0bc7\u0bb5\u0baa\u0bcd\u0baa\u0bbf\u0bb0\u0bbf\u0baf\u0bb0\u0bbe\u0baf\u0bbf\u0bb0\u0bbe\u0bae\u0bb2\u0bcd \u0b9a\u0bc1\u0b95\u0baa\u0bcb\u0b95\u0baa\u0bcd\u0baa\u0bbf\u0bb0\u0bbf\u0baf\u0bb0\u0bbe\u0baf\u0bc1\u0bae\u0bcd,"},{"Verseid":"54002003","Verse":"\u0ba4\u0bc7\u0bb5\u0baa\u0b95\u0bcd\u0ba4\u0bbf\u0baf\u0bbf\u0ba9\u0bcd \u0bb5\u0bc7\u0bb7\u0ba4\u0bcd\u0ba4\u0bc8\u0ba4\u0bcd \u0ba4\u0bb0\u0bbf\u0ba4\u0bcd\u0ba4\u0bc1 \u0b85\u0ba4\u0bbf\u0ba9\u0bcd \u0baa\u0bc6\u0bb2\u0ba9\u0bc8 \u0bae\u0bb1\u0bc1\u0ba4\u0bb2\u0bbf\u0b95\u0bcd\u0b95\u0bbf\u0bb1\u0bb5\u0bb0\u0bcd\u0b95\u0bb3\u0bbe\u0baf\u0bc1\u0bae\u0bcd \u0b87\u0bb0\u0bc1\u0baa\u0bcd\u0baa\u0bbe\u0bb0\u0bcd\u0b95\u0bb3\u0bcd; \u0b87\u0baa\u0bcd\u0baa\u0b9f\u0bbf\u0baa\u0bcd\u0baa\u0b9f\u0bcd\u0b9f\u0bb5\u0bb0\u0bcd\u0b95\u0bb3\u0bc8 \u0ba8\u0bc0 \u0bb5\u0bbf\u0b9f\u0bcd\u0b9f\u0bc1 \u0bb5\u0bbf\u0bb2\u0b95\u0bc1."},{"Verseid":"54002004","Verse":"\u0baa\u0bbe\u0bb5\u0b99\u0bcd\u0b95\u0bb3\u0bbe\u0bb2\u0bcd \u0ba8\u0bbf\u0bb1\u0bc8\u0ba8\u0bcd\u0ba4\u0bc1, \u0baa\u0bb1\u0bcd\u0baa\u0bb2 \u0b87\u0b9a\u0bcd\u0b9a\u0bc8\u0b95\u0bb3\u0bbe\u0bb2\u0bcd \u0b87\u0bb4\u0bc1\u0baa\u0bcd\u0baa\u0bc1\u0ba3\u0bcd\u0b9f\u0bc1,"},{"Verseid":"54002005","Verse":"\u0b8e\u0baa\u0bcd\u0baa\u0bcb\u0ba4\u0bc1\u0bae\u0bcd \u0b95\u0bb1\u0bcd\u0bb1\u0bbe\u0bb2\u0bc1\u0bae\u0bcd \u0b92\u0bb0\u0bc1\u0baa\u0bcb\u0ba4\u0bc1\u0bae\u0bcd \u0b9a\u0ba4\u0bcd\u0ba4\u0bbf\u0baf\u0ba4\u0bcd\u0ba4\u0bc8 \u0b85\u0bb1\u0bbf\u0ba8\u0bcd\u0ba4\u0bc1 \u0b89\u0ba3\u0bb0\u0bbe\u0ba4\u0bb5\u0bb0\u0bcd\u0b95\u0bb3\u0bbe\u0baf\u0bbf\u0bb0\u0bc1\u0b95\u0bcd\u0b95\u0bbf\u0bb1 \u0baa\u0bc6\u0ba3\u0bcd\u0baa\u0bbf\u0bb3\u0bcd\u0bb3\u0bc8\u0b95\u0bb3\u0bc1\u0b9f\u0bc8\u0baf \u0bb5\u0bc0\u0b9f\u0bc1\u0b95\u0bb3\u0bbf\u0bb2\u0bcd \u0b87\u0baa\u0bcd\u0baa\u0b9f\u0bbf\u0baa\u0bcd\u0baa\u0b9f\u0bcd\u0b9f\u0bb5\u0bb0\u0bcd\u0b95\u0bb3\u0bcd \u0ba8\u0bc1\u0bb4\u0bc8\u0ba8\u0bcd\u0ba4\u0bc1, \u0b85\u0bb5\u0bb0\u0bcd\u0b95\u0bb3\u0bc8 \u0bb5\u0b9a\u0baa\u0bcd\u0baa\u0b9f\u0bc1\u0ba4\u0bcd\u0ba4\u0bbf\u0b95\u0bcd\u0b95\u0bca\u0bb3\u0bcd\u0bb3\u0bc1\u0b95\u0bbf\u0bb1\u0bbe\u0bb0\u0bcd\u0b95\u0bb3\u0bcd."},{"Verseid":"54002006","Verse":"\u0baf\u0ba8\u0bcd\u0ba8\u0bc7\u0baf\u0bc1\u0bae\u0bcd \u0baf\u0bae\u0bcd\u0baa\u0bbf\u0bb0\u0bc7\u0baf\u0bc1\u0bae\u0bcd \u0bae\u0bcb\u0b9a\u0bc7\u0b95\u0bcd\u0b95\u0bc1 \u0b8e\u0ba4\u0bbf\u0bb0\u0bcd\u0ba4\u0bcd\u0ba4\u0bc1 \u0ba8\u0bbf\u0ba9\u0bcd\u0bb1\u0ba4\u0bc1\u0baa\u0bcb\u0bb2 \u0b87\u0bb5\u0bb0\u0bcd\u0b95\u0bb3\u0bc1\u0bae\u0bcd \u0b9a\u0ba4\u0bcd\u0ba4\u0bbf\u0baf\u0ba4\u0bcd\u0ba4\u0bc1\u0b95\u0bcd\u0b95\u0bc1 \u0b8e\u0ba4\u0bbf\u0bb0\u0bcd\u0ba4\u0bcd\u0ba4\u0bc1 \u0ba8\u0bbf\u0bb1\u0bcd\u0b95\u0bbf\u0bb1\u0bbe\u0bb0\u0bcd\u0b95\u0bb3\u0bcd; \u0b87\u0bb5\u0bb0\u0bcd\u0b95\u0bb3\u0bcd \u0ba4\u0bc1\u0bb0\u0bcd\u0baa\u0bcd\u0baa\u0bc1\u0ba4\u0bcd\u0ba4\u0bbf\u0baf\u0bc1\u0bb3\u0bcd\u0bb3 \u0bae\u0ba9\u0bc1\u0bb7\u0bb0\u0bcd\u0b95\u0bb3\u0bcd, \u0bb5\u0bbf\u0b9a\u0bc1\u0bb5\u0bbe\u0b9a\u0bb5\u0bbf\u0bb7\u0baf\u0ba4\u0bcd\u0ba4\u0bbf\u0bb2\u0bcd \u0baa\u0bb0\u0bc0\u0b9f\u0bcd\u0b9a\u0bc8\u0b95\u0bcd\u0b95\u0bc1 \u0ba8\u0bbf\u0bb2\u0bcd\u0bb2\u0bbe\u0ba4\u0bb5\u0bb0\u0bcd\u0b95\u0bb3\u0bcd."},{"Verseid":"54002007","Verse":"\u0b86\u0ba9\u0bbe\u0bb2\u0bc1\u0bae\u0bcd, \u0b87\u0bb5\u0bb0\u0bcd\u0b95\u0bb3\u0bcd \u0b85\u0ba4\u0bbf\u0b95\u0bae\u0bbe\u0baf\u0bcd\u0baa\u0bcd \u0baa\u0bb2\u0baa\u0bcd\u0baa\u0b9f\u0bc1\u0bb5\u0ba4\u0bbf\u0bb2\u0bcd\u0bb2\u0bc8; \u0b85\u0bb5\u0bcd\u0bb5\u0bbf\u0bb0\u0bc1\u0bb5\u0bb0\u0bc1\u0b9f\u0bc8\u0baf \u0bae\u0ba4\u0bbf\u0b95\u0bc7\u0b9f\u0bc1 \u0b8e\u0bb2\u0bcd\u0bb2\u0bbe\u0bb0\u0bc1\u0b95\u0bcd\u0b95\u0bc1\u0bae\u0bcd \u0bb5\u0bc6\u0bb3\u0bbf\u0baa\u0bcd\u0baa\u0b9f\u0bcd\u0b9f\u0ba4\u0bc1\u0baa\u0bcb\u0bb2, \u0b87\u0bb5\u0bb0\u0bcd\u0b95\u0bb3\u0bc1\u0b9f\u0bc8\u0baf \u0bae\u0ba4\u0bbf\u0b95\u0bc7\u0b9f\u0bc1\u0bae\u0bcd \u0bb5\u0bc6\u0bb3\u0bbf\u0baa\u0bcd\u0baa\u0b9f\u0bc1\u0bae\u0bcd."},{"Verseid":"54002008","Verse":"\u0ba8\u0bc0\u0baf\u0bcb \u0b8e\u0ba9\u0bcd \u0baa\u0bcb\u0ba4\u0b95\u0ba4\u0bcd\u0ba4\u0bc8\u0baf\u0bc1\u0bae\u0bcd \u0ba8\u0b9f\u0b95\u0bcd\u0b95\u0bc8\u0baf\u0bc8\u0baf\u0bc1\u0bae\u0bcd \u0ba8\u0bcb\u0b95\u0bcd\u0b95\u0ba4\u0bcd\u0ba4\u0bc8\u0baf\u0bc1\u0bae\u0bcd \u0bb5\u0bbf\u0b9a\u0bc1\u0bb5\u0bbe\u0b9a\u0ba4\u0bcd\u0ba4\u0bc8\u0baf\u0bc1\u0bae\u0bcd \u0ba8\u0bc0\u0b9f\u0bbf\u0baf \u0b9a\u0bbe\u0ba8\u0bcd\u0ba4\u0ba4\u0bcd\u0ba4\u0bc8\u0baf\u0bc1\u0bae\u0bcd \u0b85\u0ba9\u0bcd\u0baa\u0bc8\u0baf\u0bc1\u0bae\u0bcd \u0baa\u0bca\u0bb1\u0bc1\u0bae\u0bc8\u0baf\u0bc8\u0baf\u0bc1\u0bae\u0bcd,"},{"Verseid":"54002009","Verse":"\u0b85\u0ba8\u0bcd\u0ba4\u0bbf\u0baf\u0bcb\u0b95\u0bbf\u0baf\u0bbe, \u0b87\u0b95\u0bcd\u0b95\u0bcb\u0ba9\u0bbf\u0baf\u0bbe, \u0bb2\u0bc0\u0bb8\u0bcd\u0ba4\u0bbf\u0bb0\u0bbe \u0b8e\u0ba9\u0bcd\u0ba9\u0bc1\u0bae\u0bcd \u0baa\u0b9f\u0bcd\u0b9f\u0ba3\u0b99\u0bcd\u0b95\u0bb3\u0bbf\u0bb2\u0bcd \u0b8e\u0ba9\u0b95\u0bcd\u0b95\u0bc1 \u0b89\u0ba3\u0bcd\u0b9f\u0bbe\u0ba9 \u0ba4\u0bc1\u0ba9\u0bcd\u0baa\u0b99\u0bcd\u0b95\u0bb3\u0bc8\u0baf\u0bc1\u0bae\u0bcd \u0baa\u0bbe\u0b9f\u0bc1\u0b95\u0bb3\u0bc8\u0baf\u0bc1\u0bae\u0bcd \u0ba8\u0ba9\u0bcd\u0bb1\u0bbe\u0baf\u0bcd \u0b85\u0bb1\u0bbf\u0ba8\u0bcd\u0ba4\u0bbf\u0bb0\u0bc1\u0b95\u0bcd\u0b95\u0bbf\u0bb1\u0bbe\u0baf\u0bcd; \u0b8e\u0bb5\u0bcd\u0bb5\u0bb3\u0bb5\u0bcb \u0ba4\u0bc1\u0ba9\u0bcd\u0baa\u0b99\u0bcd\u0b95\u0bb3\u0bc8\u0b9a\u0bcd \u0b9a\u0b95\u0bbf\u0ba4\u0bcd\u0ba4\u0bc7\u0ba9\u0bcd; \u0b87\u0bb5\u0bc8\u0baf\u0bc6\u0bb2\u0bcd\u0bb2\u0bbe\u0bb5\u0bb1\u0bcd\u0bb1\u0bbf\u0ba9\u0bbf\u0ba9\u0bcd\u0bb1\u0bc1\u0bae\u0bcd \u0b95\u0bb0\u0bcd\u0ba4\u0bcd\u0ba4\u0bb0\u0bcd \u0b8e\u0ba9\u0bcd\u0ba9\u0bc8 \u0ba8\u0bc0\u0b99\u0bcd\u0b95\u0bb2\u0bbe\u0b95\u0bcd\u0b95\u0bbf\u0bb5\u0bbf\u0b9f\u0bcd\u0b9f\u0bbe\u0bb0\u0bcd."},{"Verseid":"54002010","Verse":"\u0b85\u0ba9\u0bcd\u0bb1\u0bbf\u0baf\u0bc1\u0bae\u0bcd \u0b95\u0bbf\u0bb1\u0bbf\u0bb8\u0bcd\u0ba4\u0bc1 \u0b87\u0baf\u0bc7\u0b9a\u0bc1\u0bb5\u0bc1\u0b95\u0bcd\u0b95\u0bc1\u0bb3\u0bcd \u0ba4\u0bc7\u0bb5\u0baa\u0b95\u0bcd\u0ba4\u0bbf\u0baf\u0bbe\u0baf\u0bcd \u0ba8\u0b9f\u0b95\u0bcd\u0b95 \u0bae\u0ba9\u0ba4\u0bbe\u0baf\u0bbf\u0bb0\u0bc1\u0b95\u0bcd\u0b95\u0bbf\u0bb1 \u0baf\u0bbe\u0bb5\u0bb0\u0bc1\u0bae\u0bcd \u0ba4\u0bc1\u0ba9\u0bcd\u0baa\u0baa\u0bcd\u0baa\u0b9f\u0bc1\u0bb5\u0bbe\u0bb0\u0bcd\u0b95\u0bb3\u0bcd."},{"Verseid":"54002011","Verse":"\u0baa\u0bca\u0bb2\u0bcd\u0bb2\u0bbe\u0ba4\u0bb5\u0bb0\u0bcd\u0b95\u0bb3\u0bc1\u0bae\u0bcd \u0b8e\u0ba4\u0bcd\u0ba4\u0bb0\u0bcd\u0b95\u0bb3\u0bc1\u0bae\u0bbe\u0ba9\u0bb5\u0bb0\u0bcd\u0b95\u0bb3\u0bcd \u0bae\u0bcb\u0b9a\u0bae\u0bcd\u0baa\u0bcb\u0b95\u0bcd\u0b95\u0bc1\u0b95\u0bbf\u0bb1\u0bb5\u0bb0\u0bcd\u0b95\u0bb3\u0bbe\u0b95\u0bb5\u0bc1\u0bae\u0bcd, \u0bae\u0bcb\u0b9a\u0bae\u0bcd\u0baa\u0bcb\u0b95\u0bbf\u0bb1\u0bb5\u0bb0\u0bcd\u0b95\u0bb3\u0bbe\u0b95\u0bb5\u0bc1\u0bae\u0bbf\u0bb0\u0bc1\u0ba8\u0bcd\u0ba4\u0bc1 \u0bae\u0bc7\u0ba9\u0bcd\u0bae\u0bc7\u0bb2\u0bc1\u0bae\u0bcd \u0b95\u0bc7\u0b9f\u0bc1\u0bb3\u0bcd\u0bb3\u0bb5\u0bb0\u0bcd\u0b95\u0bb3\u0bbe\u0bb5\u0bbe\u0bb0\u0bcd\u0b95\u0bb3\u0bcd."},{"Verseid":"54002012","Verse":"\u0ba8\u0bc0 \u0b95\u0bb1\u0bcd\u0bb1\u0bc1 \u0ba8\u0bbf\u0b9a\u0bcd\u0b9a\u0baf\u0bbf\u0ba4\u0bcd\u0ba4\u0bc1\u0b95\u0bcd\u0b95\u0bca\u0ba3\u0bcd\u0b9f\u0bb5\u0bc8\u0b95\u0bb3\u0bbf\u0bb2\u0bcd \u0ba8\u0bbf\u0bb2\u0bc8\u0ba4\u0bcd\u0ba4\u0bbf\u0bb0\u0bc1; \u0b85\u0bb5\u0bc8\u0b95\u0bb3\u0bc8 \u0b87\u0ba9\u0bcd\u0ba9\u0bbe\u0bb0\u0bbf\u0b9f\u0ba4\u0bcd\u0ba4\u0bbf\u0bb2\u0bcd \u0b95\u0bb1\u0bcd\u0bb1\u0bbe\u0baf\u0bcd \u0b8e\u0ba9\u0bcd\u0bb1\u0bc1 \u0ba8\u0bc0 \u0b85\u0bb1\u0bbf\u0ba8\u0bcd\u0ba4\u0bbf\u0bb0\u0bc1\u0b95\u0bcd\u0b95\u0bbf\u0bb1\u0ba4\u0bc1\u0bae\u0bb2\u0bcd\u0bb2\u0bbe\u0bae\u0bb2\u0bcd,"},{"Verseid":"54002013","Verse":"\u0b95\u0bbf\u0bb1\u0bbf\u0bb8\u0bcd\u0ba4\u0bc1 \u0b87\u0baf\u0bc7\u0b9a\u0bc1\u0bb5\u0bc8\u0baa\u0bcd\u0baa\u0bb1\u0bcd\u0bb1\u0bc1\u0bae\u0bcd \u0bb5\u0bbf\u0b9a\u0bc1\u0bb5\u0bbe\u0b9a\u0ba4\u0bcd\u0ba4\u0bbf\u0ba9\u0bbe\u0bb2\u0bc7 \u0b89\u0ba9\u0bcd\u0ba9\u0bc8 \u0b87\u0bb0\u0b9f\u0bcd\u0b9a\u0bbf\u0baa\u0bcd\u0baa\u0bc1\u0b95\u0bcd\u0b95\u0bc7\u0bb1\u0bcd\u0bb1 \u0b9e\u0bbe\u0ba9\u0bae\u0bc1\u0bb3\u0bcd\u0bb3\u0bb5\u0ba9\u0bbe\u0b95\u0bcd\u0b95\u0ba4\u0bcd\u0ba4\u0b95\u0bcd\u0b95 \u0baa\u0bb0\u0bbf\u0b9a\u0bc1\u0ba4\u0bcd\u0ba4 \u0bb5\u0bc7\u0ba4 \u0b8e\u0bb4\u0bc1\u0ba4\u0bcd\u0ba4\u0bc1\u0b95\u0bcd\u0b95\u0bb3\u0bc8, \u0ba8\u0bc0 \u0b9a\u0bbf\u0bb1\u0bc1\u0bb5\u0baf\u0ba4\u0bc1\u0bae\u0bc1\u0ba4\u0bb2\u0bcd \u0b85\u0bb1\u0bbf\u0ba8\u0bcd\u0ba4\u0bb5\u0ba9\u0bc6\u0ba9\u0bcd\u0bb1\u0bc1\u0bae\u0bcd \u0b89\u0ba9\u0b95\u0bcd\u0b95\u0bc1\u0ba4\u0bcd \u0ba4\u0bc6\u0bb0\u0bbf\u0baf\u0bc1\u0bae\u0bcd."},{"Verseid":"54002014","Verse":"\u0bb5\u0bc7\u0ba4\u0bb5\u0bbe\u0b95\u0bcd\u0b95\u0bbf\u0baf\u0b99\u0bcd\u0b95\u0bb3\u0bc6\u0bb2\u0bcd\u0bb2\u0bbe\u0bae\u0bcd \u0ba4\u0bc7\u0bb5\u0b86\u0bb5\u0bbf\u0baf\u0bbf\u0ba9\u0bbe\u0bb2\u0bcd \u0b85\u0bb0\u0bc1\u0bb3\u0baa\u0bcd\u0baa\u0b9f\u0bcd\u0b9f\u0bbf\u0bb0\u0bc1\u0b95\u0bcd\u0b95\u0bbf\u0bb1\u0ba4\u0bc1; \u0ba4\u0bc7\u0bb5\u0ba9\u0bc1\u0b9f\u0bc8\u0baf \u0bae\u0ba9\u0bc1\u0bb7\u0ba9\u0bcd \u0ba4\u0bc7\u0bb1\u0bbf\u0ba9\u0bb5\u0ba9\u0bbe\u0b95\u0bb5\u0bc1\u0bae\u0bcd, \u0b8e\u0ba8\u0bcd\u0ba4 \u0ba8\u0bb1\u0bcd\u0b95\u0bbf\u0bb0\u0bbf\u0baf\u0bc8\u0baf\u0bc1\u0b9e\u0bcd \u0b9a\u0bc6\u0baf\u0bcd\u0baf\u0ba4\u0bcd \u0ba4\u0b95\u0bc1\u0ba4\u0bbf\u0baf\u0bc1\u0bb3\u0bcd\u0bb3\u0bb5\u0ba9\u0bbe\u0b95\u0bb5\u0bc1\u0bae\u0bcd \u0b87\u0bb0\u0bc1\u0b95\u0bcd\u0b95\u0bc1\u0bae\u0bcd\u0baa\u0b9f\u0bbf,"},{"Verseid":"54002015","Verse":"\u0b85\u0bb5\u0bc8\u0b95\u0bb3\u0bcd \u0b89\u0baa\u0ba4\u0bc7\u0b9a\u0ba4\u0bcd\u0ba4\u0bc1\u0b95\u0bcd\u0b95\u0bc1\u0bae\u0bcd, \u0b95\u0b9f\u0bbf\u0ba8\u0bcd\u0ba4\u0bc1\u0b95\u0bca\u0bb3\u0bcd\u0bb3\u0bc1\u0ba4\u0bb2\u0bc1\u0b95\u0bcd\u0b95\u0bc1\u0bae\u0bcd \u0b9a\u0bc0\u0bb0\u0bcd\u0ba4\u0bbf\u0bb0\u0bc1\u0ba4\u0bcd\u0ba4\u0bb2\u0bc1\u0b95\u0bcd\u0b95\u0bc1\u0bae\u0bcd, \u0ba8\u0bc0\u0ba4\u0bbf\u0baf\u0bc8\u0baa\u0bcd \u0baa\u0b9f\u0bbf\u0baa\u0bcd\u0baa\u0bbf\u0b95\u0bcd\u0b95\u0bc1\u0ba4\u0bb2\u0bc1\u0b95\u0bcd\u0b95\u0bc1\u0bae\u0bcd \u0baa\u0bbf\u0bb0\u0baf\u0bcb\u0b9c\u0ba9\u0bae\u0bc1\u0bb3\u0bcd\u0bb3\u0bb5\u0bc8\u0b95\u0bb3\u0bbe\u0baf\u0bbf\u0bb0\u0bc1\u0b95\u0bcd\u0b95\u0bbf\u0bb1\u0ba4\u0bc1."},{"Verseid":"54002016","Verse":"\u0ba8\u0bbe\u0ba9\u0bcd \u0ba4\u0bc7\u0bb5\u0ba9\u0bc1\u0b95\u0bcd\u0b95\u0bc1 \u0bae\u0bc1\u0ba9\u0bcd\u0baa\u0bbe\u0b95\u0bb5\u0bc1\u0bae\u0bcd \u0b89\u0baf\u0bbf\u0bb0\u0bcb\u0b9f\u0bbf\u0bb0\u0bc1\u0b95\u0bcd\u0b95\u0bbf\u0bb1\u0bb5\u0bb0\u0bcd\u0b95\u0bb3\u0bc8\u0baf\u0bc1\u0bae\u0bcd \u0bae\u0bb0\u0bbf\u0ba4\u0bcd\u0ba4\u0bb5\u0bb0\u0bcd\u0b95\u0bb3\u0bc8\u0baf\u0bc1\u0bae\u0bcd \u0ba8\u0bbf\u0baf\u0bbe\u0baf\u0ba8\u0bcd\u0ba4\u0bc0\u0bb0\u0bcd\u0b95\u0bcd\u0b95\u0baa\u0bcd\u0baa\u0bcb\u0b95\u0bbf\u0bb1 \u0b95\u0bb0\u0bcd\u0ba4\u0bcd\u0ba4\u0bb0\u0bbe\u0b95\u0bbf\u0baf \u0b87\u0baf\u0bc7\u0b9a\u0bc1\u0b95\u0bbf\u0bb1\u0bbf\u0bb8\u0bcd\u0ba4\u0bc1\u0bb5\u0bc1\u0b95\u0bcd\u0b95\u0bc1 \u0bae\u0bc1\u0ba9\u0bcd\u0baa\u0bbe\u0b95\u0bb5\u0bc1\u0bae\u0bcd, \u0b85\u0bb5\u0bb0\u0bc1\u0b9f\u0bc8\u0baf \u0baa\u0bbf\u0bb0\u0b9a\u0ba9\u0bcd\u0ba9\u0bae\u0bbe\u0b95\u0bc1\u0ba4\u0bb2\u0bc8\u0baf\u0bc1\u0bae\u0bcd \u0b85\u0bb5\u0bb0\u0bc1\u0b9f\u0bc8\u0baf \u0bb0\u0bbe\u0b9c\u0bcd\u0baf\u0ba4\u0bcd\u0ba4\u0bc8\u0baf\u0bc1\u0bae\u0bcd \u0b9a\u0bbe\u0b9f\u0bcd\u0b9a\u0bbf\u0baf\u0bbe\u0b95 \u0bb5\u0bc8\u0ba4\u0bcd\u0ba4\u0bc1\u0b95\u0bcd \u0b95\u0b9f\u0bcd\u0b9f\u0bb3\u0bc8\u0baf\u0bbf\u0b9f\u0bc1\u0b95\u0bbf\u0bb1\u0ba4\u0bbe\u0bb5\u0ba4\u0bc1:"}]},{"Verse":[{"Verseid":"54003000","Verse":"\u0b9a\u0bae\u0baf\u0bae\u0bcd \u0bb5\u0bbe\u0baf\u0bcd\u0ba4\u0bcd\u0ba4\u0bbe\u0bb2\u0bc1\u0bae\u0bcd \u0bb5\u0bbe\u0baf\u0bcd\u0b95\u0bcd\u0b95\u0bbe\u0bb5\u0bbf\u0b9f\u0bcd\u0b9f\u0bbe\u0bb2\u0bc1\u0bae\u0bcd \u0b9c\u0bbe\u0b95\u0bcd\u0b95\u0bbf\u0bb0\u0ba4\u0bc8\u0baf\u0bbe\u0baf\u0bcd\u0ba4\u0bcd \u0ba4\u0bbf\u0bb0\u0bc1\u0bb5\u0b9a\u0ba9\u0ba4\u0bcd\u0ba4\u0bc8\u0baa\u0bcd \u0baa\u0bbf\u0bb0\u0b9a\u0b99\u0bcd\u0b95\u0bae\u0bcd\u0baa\u0ba3\u0bcd\u0ba3\u0bc1; \u0b8e\u0bb2\u0bcd\u0bb2\u0bbe \u0ba8\u0bc0\u0b9f\u0bbf\u0baf \u0b9a\u0bbe\u0ba8\u0bcd\u0ba4\u0ba4\u0bcd\u0ba4\u0bcb\u0b9f\u0bc1\u0bae\u0bcd \u0b89\u0baa\u0ba4\u0bc7\u0b9a\u0ba4\u0bcd\u0ba4\u0bcb\u0b9f\u0bc1\u0bae\u0bcd \u0b95\u0ba3\u0bcd\u0b9f\u0ba9\u0bae\u0bcd \u0baa\u0ba3\u0bcd\u0ba3\u0bbf, \u0b95\u0b9f\u0bbf\u0ba8\u0bcd\u0ba4\u0bc1\u0b95\u0bca\u0ba3\u0bcd\u0b9f\u0bc1, \u0baa\u0bc1\u0ba4\u0bcd\u0ba4\u0bbf\u0b9a\u0bca\u0bb2\u0bcd\u0bb2\u0bc1."},{"Verseid":"54003001","Verse":"\u0b8f\u0ba9\u0bc6\u0ba9\u0bcd\u0bb1\u0bbe\u0bb2\u0bcd, \u0b85\u0bb5\u0bb0\u0bcd\u0b95\u0bb3\u0bcd \u0b86\u0bb0\u0bcb\u0b95\u0bcd\u0b95\u0bbf\u0baf\u0bae\u0bbe\u0ba9 \u0b89\u0baa\u0ba4\u0bc7\u0b9a\u0ba4\u0bcd\u0ba4\u0bc8\u0baa\u0bcd \u0baa\u0bca\u0bb1\u0bc1\u0b95\u0bcd\u0b95\u0bae\u0ba9\u0ba4\u0bbf\u0bb2\u0bcd\u0bb2\u0bbe\u0bae\u0bb2\u0bcd, \u0b9a\u0bc6\u0bb5\u0bbf\u0ba4\u0bcd\u0ba4\u0bbf\u0ba9\u0bb5\u0bc1\u0bb3\u0bcd\u0bb3\u0bb5\u0bb0\u0bcd\u0b95\u0bb3\u0bbe\u0b95\u0bbf, \u0ba4\u0b99\u0bcd\u0b95\u0bb3\u0bcd \u0b9a\u0bc1\u0baf \u0b87\u0b9a\u0bcd\u0b9a\u0bc8\u0b95\u0bb3\u0bc1\u0b95\u0bcd\u0b95\u0bc7\u0bb1\u0bcd\u0bb1 \u0baa\u0bcb\u0ba4\u0b95\u0bb0\u0bcd\u0b95\u0bb3\u0bc8\u0ba4\u0bcd \u0ba4\u0b99\u0bcd\u0b95\u0bb3\u0bc1\u0b95\u0bcd\u0b95\u0bc1\u0ba4\u0bcd \u0ba4\u0bbf\u0bb0\u0bb3\u0bbe\u0b95\u0b9a\u0bcd \u0b9a\u0bc7\u0bb0\u0bcd\u0ba4\u0bcd\u0ba4\u0bc1\u0b95\u0bcd\u0b95\u0bca\u0ba3\u0bcd\u0b9f\u0bc1,"},{"Verseid":"54003002","Verse":"\u0b9a\u0ba4\u0bcd\u0ba4\u0bbf\u0baf\u0ba4\u0bcd\u0ba4\u0bc1\u0b95\u0bcd\u0b95\u0bc1\u0b9a\u0bcd \u0b9a\u0bc6\u0bb5\u0bbf\u0baf\u0bc8 \u0bb5\u0bbf\u0bb2\u0b95\u0bcd\u0b95\u0bbf, \u0b95\u0b9f\u0bcd\u0b9f\u0bc1\u0b95\u0bcd\u0b95\u0ba4\u0bc8\u0b95\u0bb3\u0bc1\u0b95\u0bcd\u0b95\u0bc1\u0b9a\u0bcd \u0b9a\u0bbe\u0baf\u0bcd\u0ba8\u0bcd\u0ba4\u0bc1\u0baa\u0bcb\u0b95\u0bc1\u0b99\u0bcd\u0b95\u0bbe\u0bb2\u0bae\u0bcd \u0bb5\u0bb0\u0bc1\u0bae\u0bcd."},{"Verseid":"54003003","Verse":"\u0ba8\u0bc0\u0baf\u0bcb \u0b8e\u0bb2\u0bcd\u0bb2\u0bbe\u0bb5\u0bb1\u0bcd\u0bb1\u0bbf\u0bb2\u0bc1\u0bae\u0bcd \u0bae\u0ba9\u0ba4\u0bcd\u0ba4\u0bc6\u0bb3\u0bbf\u0bb5\u0bc1\u0bb3\u0bcd\u0bb3\u0bb5\u0ba9\u0bbe\u0baf\u0bbf\u0bb0\u0bc1, \u0ba4\u0bc0\u0b99\u0bcd\u0b95\u0ba8\u0bc1\u0baa\u0bb5\u0bbf, \u0b9a\u0bc1\u0bb5\u0bbf\u0b9a\u0bc7\u0bb7\u0b95\u0ba9\u0bc1\u0b9f\u0bc8\u0baf \u0bb5\u0bc7\u0bb2\u0bc8\u0baf\u0bc8\u0b9a\u0bcd \u0b9a\u0bc6\u0baf\u0bcd, \u0b89\u0ba9\u0bcd \u0b8a\u0bb4\u0bbf\u0baf\u0ba4\u0bcd\u0ba4\u0bc8 \u0ba8\u0bbf\u0bb1\u0bc8\u0bb5\u0bc7\u0bb1\u0bcd\u0bb1\u0bc1."},{"Verseid":"54003004","Verse":"\u0b8f\u0ba9\u0bc6\u0ba9\u0bcd\u0bb1\u0bbe\u0bb2\u0bcd, \u0ba8\u0bbe\u0ba9\u0bcd \u0b87\u0baa\u0bcd\u0baa\u0bca\u0bb4\u0bc1\u0ba4\u0bc7 \u0baa\u0bbe\u0ba9\u0baa\u0bb2\u0bbf\u0baf\u0bbe\u0b95 \u0bb5\u0bbe\u0bb0\u0bcd\u0b95\u0bcd\u0b95\u0baa\u0bcd\u0baa\u0b9f\u0bcd\u0b9f\u0bc1\u0baa\u0bcd\u0baa\u0bcb\u0b95\u0bbf\u0bb1\u0bc7\u0ba9\u0bcd; \u0ba8\u0bbe\u0ba9\u0bcd \u0ba4\u0bc7\u0b95\u0ba4\u0bcd\u0ba4\u0bc8 \u0bb5\u0bbf\u0b9f\u0bcd\u0b9f\u0bc1\u0baa\u0bcd \u0baa\u0bbf\u0bb0\u0bbf\u0baf\u0bc1\u0bae\u0bcd\u0b95\u0bbe\u0bb2\u0bae\u0bcd \u0bb5\u0ba8\u0bcd\u0ba4\u0ba4\u0bc1."},{"Verseid":"54003005","Verse":"\u0ba8\u0bb2\u0bcd\u0bb2 \u0baa\u0bcb\u0bb0\u0bbe\u0b9f\u0bcd\u0b9f\u0ba4\u0bcd\u0ba4\u0bc8\u0baa\u0bcd \u0baa\u0bcb\u0bb0\u0bbe\u0b9f\u0bbf\u0ba9\u0bc7\u0ba9\u0bcd, \u0b93\u0b9f\u0bcd\u0b9f\u0ba4\u0bcd\u0ba4\u0bc8 \u0bae\u0bc1\u0b9f\u0bbf\u0ba4\u0bcd\u0ba4\u0bc7\u0ba9\u0bcd, \u0bb5\u0bbf\u0b9a\u0bc1\u0bb5\u0bbe\u0b9a\u0ba4\u0bcd\u0ba4\u0bc8\u0b95\u0bcd \u0b95\u0bbe\u0ba4\u0bcd\u0ba4\u0bc1\u0b95\u0bcd\u0b95\u0bca\u0ba3\u0bcd\u0b9f\u0bc7\u0ba9\u0bcd."},{"Verseid":"54003006","Verse":"\u0b87\u0ba4\u0bc1\u0bae\u0bc1\u0ba4\u0bb2\u0bcd \u0ba8\u0bc0\u0ba4\u0bbf\u0baf\u0bbf\u0ba9\u0bcd \u0b95\u0bbf\u0bb0\u0bc0\u0b9f\u0bae\u0bcd \u0b8e\u0ba9\u0b95\u0bcd\u0b95\u0bbe\u0b95 \u0bb5\u0bc8\u0b95\u0bcd\u0b95\u0baa\u0bcd\u0baa\u0b9f\u0bcd\u0b9f\u0bbf\u0bb0\u0bc1\u0b95\u0bcd\u0b95\u0bbf\u0bb1\u0ba4\u0bc1, \u0ba8\u0bc0\u0ba4\u0bbf\u0baf\u0bc1\u0bb3\u0bcd\u0bb3 \u0ba8\u0bbf\u0baf\u0bbe\u0baf\u0bbe\u0ba4\u0bbf\u0baa\u0ba4\u0bbf\u0baf\u0bbe\u0b95\u0bbf\u0baf \u0b95\u0bb0\u0bcd\u0ba4\u0bcd\u0ba4\u0bb0\u0bcd \u0b85\u0ba8\u0bcd\u0ba8\u0bbe\u0bb3\u0bbf\u0bb2\u0bc7 \u0b85\u0ba4\u0bc8 \u0b8e\u0ba9\u0b95\u0bcd\u0b95\u0bc1\u0ba4\u0bcd \u0ba4\u0ba8\u0bcd\u0ba4\u0bb0\u0bc1\u0bb3\u0bc1\u0bb5\u0bbe\u0bb0\u0bcd; \u0b8e\u0ba9\u0b95\u0bcd\u0b95\u0bc1 \u0bae\u0bbe\u0ba4\u0bcd\u0ba4\u0bbf\u0bb0\u0bae\u0bb2\u0bcd\u0bb2, \u0b85\u0bb5\u0bb0\u0bcd \u0baa\u0bbf\u0bb0\u0b9a\u0ba9\u0bcd\u0ba9\u0bae\u0bbe\u0b95\u0bc1\u0ba4\u0bb2\u0bc8 \u0bb5\u0bbf\u0bb0\u0bc1\u0bae\u0bcd\u0baa\u0bc1\u0bae\u0bcd \u0baf\u0bbe\u0bb5\u0bb0\u0bc1\u0b95\u0bcd\u0b95\u0bc1\u0bae\u0bcd \u0b85\u0ba4\u0bc8\u0ba4\u0bcd \u0ba4\u0ba8\u0bcd\u0ba4\u0bb0\u0bc1\u0bb3\u0bc1\u0bb5\u0bbe\u0bb0\u0bcd."},{"Verseid":"54003007","Verse":"\u0ba8\u0bc0 \u0b9a\u0bc0\u0b95\u0bcd\u0b95\u0bbf\u0bb0\u0bae\u0bbe\u0baf\u0bcd \u0b8e\u0ba9\u0bcd\u0ba9\u0bbf\u0b9f\u0ba4\u0bcd\u0ba4\u0bbf\u0bb2\u0bcd \u0bb5\u0bb0\u0bc1\u0bae\u0bcd\u0baa\u0b9f\u0bbf \u0b9c\u0bbe\u0b95\u0bcd\u0b95\u0bbf\u0bb0\u0ba4\u0bc8\u0baa\u0bcd\u0baa\u0b9f\u0bc1."},{"Verseid":"54003008","Verse":"\u0b8f\u0ba9\u0bc6\u0ba9\u0bcd\u0bb1\u0bbe\u0bb2\u0bcd, \u0ba4\u0bc7\u0bae\u0bbe \u0b87\u0baa\u0bcd\u0baa\u0bbf\u0bb0\u0baa\u0b9e\u0bcd\u0b9a\u0ba4\u0bcd\u0ba4\u0bbf\u0ba9\u0bcd\u0bae\u0bc7\u0bb2\u0bcd \u0b86\u0b9a\u0bc8\u0bb5\u0bc8\u0ba4\u0bcd\u0ba4\u0bc1, \u0b8e\u0ba9\u0bcd\u0ba9\u0bc8\u0bb5\u0bbf\u0b9f\u0bcd\u0b9f\u0bc1\u0baa\u0bcd\u0baa\u0bbf\u0bb0\u0bbf\u0ba8\u0bcd\u0ba4\u0bc1, \u0ba4\u0bc6\u0b9a\u0bb2\u0bcb\u0ba9\u0bbf\u0b95\u0bcd\u0b95\u0bc7 \u0baa\u0b9f\u0bcd\u0b9f\u0ba3\u0ba4\u0bcd\u0ba4\u0bc1\u0b95\u0bcd\u0b95\u0bc1\u0baa\u0bcd \u0baa\u0bcb\u0baf\u0bcd\u0bb5\u0bbf\u0b9f\u0bcd\u0b9f\u0bbe\u0ba9\u0bcd; \u0b95\u0bbf\u0bb0\u0bc6\u0bb8\u0bcd\u0b95\u0bc7 \u0b95\u0bb2\u0bbe\u0ba4\u0bcd\u0ba4\u0bbf\u0baf\u0bbe \u0ba8\u0bbe\u0b9f\u0bcd\u0b9f\u0bbf\u0bb1\u0bcd\u0b95\u0bc1\u0bae\u0bcd, \u0ba4\u0bc0\u0ba4\u0bcd\u0ba4\u0bc1 \u0ba4\u0bb2\u0bcd\u0bae\u0bbe\u0ba4\u0bcd\u0ba4\u0bbf\u0baf\u0bbe \u0ba8\u0bbe\u0b9f\u0bcd\u0b9f\u0bbf\u0bb1\u0bcd\u0b95\u0bc1\u0bae\u0bcd \u0baa\u0bcb\u0baf\u0bcd\u0bb5\u0bbf\u0b9f\u0bcd\u0b9f\u0bbe\u0bb0\u0bcd\u0b95\u0bb3\u0bcd."},{"Verseid":"54003009","Verse":"\u0bb2\u0bc1\u0bc2\u0b95\u0bcd\u0b95\u0bbe \u0bae\u0bbe\u0ba4\u0bcd\u0ba4\u0bbf\u0bb0\u0bae\u0bcd \u0b8e\u0ba9\u0bcd\u0ba9\u0bcb\u0b9f\u0bc7 \u0b87\u0bb0\u0bc1\u0b95\u0bcd\u0b95\u0bbf\u0bb1\u0bbe\u0ba9\u0bcd. \u0bae\u0bbe\u0bb1\u0bcd\u0b95\u0bc1\u0bb5\u0bc8 \u0b89\u0ba9\u0bcd\u0ba9\u0bcb\u0b9f\u0bc7 \u0b95\u0bc2\u0b9f\u0bcd\u0b9f\u0bbf\u0b95\u0bcd\u0b95\u0bca\u0ba3\u0bcd\u0b9f\u0bc1\u0bb5\u0bbe; \u0b8a\u0bb4\u0bbf\u0baf\u0ba4\u0bcd\u0ba4\u0bbf\u0bb2\u0bcd \u0b85\u0bb5\u0ba9\u0bcd \u0b8e\u0ba9\u0b95\u0bcd\u0b95\u0bc1\u0baa\u0bcd \u0baa\u0bbf\u0bb0\u0baf\u0bcb\u0b9c\u0ba9\u0bae\u0bc1\u0bb3\u0bcd\u0bb3\u0bb5\u0ba9\u0bcd."},{"Verseid":"54003010","Verse":"\u0ba4\u0bc0\u0b95\u0bbf\u0b95\u0bcd\u0b95\u0bc1\u0bb5\u0bc8 \u0ba8\u0bbe\u0ba9\u0bcd \u0b8e\u0baa\u0bc7\u0b9a\u0bc1\u0bb5\u0bc1\u0b95\u0bcd\u0b95\u0bc1 \u0b85\u0ba9\u0bc1\u0baa\u0bcd\u0baa\u0bbf\u0ba9\u0bc7\u0ba9\u0bcd."},{"Verseid":"54003011","Verse":"\u0ba4\u0bc1\u0bb0\u0bcb\u0bb5\u0bbe \u0baa\u0b9f\u0bcd\u0b9f\u0ba3\u0ba4\u0bcd\u0ba4\u0bbf\u0bb2\u0bbf\u0bb0\u0bc1\u0b95\u0bcd\u0b95\u0bbf\u0bb1 \u0b95\u0bbe\u0bb0\u0bcd\u0baa\u0bcd\u0baa\u0bc1 \u0b8e\u0ba9\u0bcd\u0baa\u0bb5\u0ba9\u0bcd \u0bb5\u0b9a\u0ba4\u0bcd\u0ba4\u0bbf\u0bb2\u0bcd \u0ba8\u0bbe\u0ba9\u0bcd \u0bb5\u0bc8\u0ba4\u0bcd\u0ba4\u0bc1\u0bb5\u0ba8\u0bcd\u0ba4 \u0bae\u0bc7\u0bb2\u0b99\u0bcd\u0b95\u0bbf\u0baf\u0bc8\u0baf\u0bc1\u0bae\u0bcd, \u0baa\u0bc1\u0bb8\u0bcd\u0ba4\u0b95\u0b99\u0bcd\u0b95\u0bb3\u0bc8\u0baf\u0bc1\u0bae\u0bcd, \u0bb5\u0bbf\u0b9a\u0bc7\u0bb7\u0bae\u0bbe\u0baf\u0bcd\u0ba4\u0bcd \u0ba4\u0bcb\u0bb1\u0bcd\u0b9a\u0bc1\u0bb0\u0bc1\u0bb3\u0bcd\u0b95\u0bb3\u0bc8\u0baf\u0bc1\u0bae\u0bcd, \u0ba8\u0bc0 \u0bb5\u0bb0\u0bc1\u0b95\u0bbf\u0bb1\u0baa\u0bcb\u0ba4\u0bc1 \u0b8e\u0b9f\u0bc1\u0ba4\u0bcd\u0ba4\u0bc1\u0b95\u0bcd\u0b95\u0bca\u0ba3\u0bcd\u0b9f\u0bc1\u0bb5\u0bbe."},{"Verseid":"54003012","Verse":"\u0b95\u0ba9\u0bcd\u0ba9\u0bbe\u0ba9\u0bbe\u0b95\u0bbf\u0baf \u0b85\u0bb2\u0bc6\u0b95\u0bcd\u0b9a\u0ba8\u0bcd\u0ba4\u0bb0\u0bcd \u0b8e\u0ba9\u0b95\u0bcd\u0b95\u0bc1 \u0bb5\u0bc6\u0b95\u0bc1 \u0ba4\u0bc0\u0bae\u0bc8\u0b9a\u0bc6\u0baf\u0bcd\u0ba4\u0bbe\u0ba9\u0bcd; \u0b85\u0bb5\u0ba9\u0bc1\u0b9f\u0bc8\u0baf \u0b9a\u0bc6\u0baf\u0bcd\u0b95\u0bc8\u0b95\u0bcd\u0b95\u0bc1\u0ba4\u0bcd\u0ba4\u0b95\u0bcd\u0b95\u0ba4\u0bbe\u0b95\u0b95\u0bcd \u0b95\u0bb0\u0bcd\u0ba4\u0bcd\u0ba4\u0bb0\u0bcd \u0b85\u0bb5\u0ba9\u0bc1\u0b95\u0bcd\u0b95\u0bc1\u0baa\u0bcd \u0baa\u0ba4\u0bbf\u0bb2\u0bb3\u0bbf\u0baa\u0bcd\u0baa\u0bbe\u0bb0\u0bbe\u0b95."},{"Verseid":"54003013","Verse":"\u0ba8\u0bc0\u0baf\u0bc1\u0bae\u0bcd \u0b85\u0bb5\u0ba9\u0bc8\u0b95\u0bcd\u0b95\u0bc1\u0bb1\u0bbf\u0ba4\u0bcd\u0ba4\u0bc1 \u0b8e\u0b9a\u0bcd\u0b9a\u0bb0\u0bbf\u0b95\u0bcd\u0b95\u0bc8\u0baf\u0bbe\u0baf\u0bbf\u0bb0\u0bc1; \u0b85\u0bb5\u0ba9\u0bcd \u0ba8\u0bae\u0bcd\u0bae\u0bc1\u0b9f\u0bc8\u0baf \u0bb5\u0bbe\u0bb0\u0bcd\u0ba4\u0bcd\u0ba4\u0bc8\u0b95\u0bb3\u0bc1\u0b95\u0bcd\u0b95\u0bc1 \u0bae\u0bbf\u0b95\u0bb5\u0bc1\u0bae\u0bcd \u0b8e\u0ba4\u0bbf\u0bb0\u0bcd\u0ba4\u0bcd\u0ba4\u0bc1 \u0ba8\u0bbf\u0ba9\u0bcd\u0bb1\u0bb5\u0ba9\u0bcd."},{"Verseid":"54003014","Verse":"\u0ba8\u0bbe\u0ba9\u0bcd \u0bae\u0bc1\u0ba4\u0bb2\u0bcd\u0bb5\u0bbf\u0b9a\u0bc8 \u0b89\u0ba4\u0bcd\u0ba4\u0bb0\u0bb5\u0bc1\u0b9a\u0bca\u0bb2\u0bcd\u0bb2 \u0ba8\u0bbf\u0bb1\u0bcd\u0b95\u0bc8\u0baf\u0bbf\u0bb2\u0bcd \u0b92\u0bb0\u0bc1\u0bb5\u0ba9\u0bc1\u0bae\u0bcd \u0b8e\u0ba9\u0bcd\u0ba9\u0bcb\u0b9f\u0bc7\u0b95\u0bc2\u0b9f \u0b87\u0bb0\u0bc1\u0b95\u0bcd\u0b95\u0bb5\u0bbf\u0bb2\u0bcd\u0bb2\u0bc8, \u0b8e\u0bb2\u0bcd\u0bb2\u0bbe\u0bb0\u0bc1\u0bae\u0bcd \u0b8e\u0ba9\u0bcd\u0ba9\u0bc8\u0b95\u0bcd\u0b95\u0bc8\u0bb5\u0bbf\u0b9f\u0bcd\u0b9f\u0bbe\u0bb0\u0bcd\u0b95\u0bb3\u0bcd; \u0b85\u0ba8\u0bcd\u0ba4\u0b95\u0bcd \u0b95\u0bc1\u0bb1\u0bcd\u0bb1\u0bae\u0bcd \u0b85\u0bb5\u0bb0\u0bcd\u0b95\u0bb3\u0bcd\u0bae\u0bc7\u0bb2\u0bcd \u0b9a\u0bc1\u0bae\u0bb0\u0bbe\u0ba4\u0bbf\u0bb0\u0bc1\u0baa\u0bcd\u0baa\u0ba4\u0bbe\u0b95."},{"Verseid":"54003015","Verse":"\u0b95\u0bb0\u0bcd\u0ba4\u0bcd\u0ba4\u0bb0\u0bcb \u0b8e\u0ba9\u0b95\u0bcd\u0b95\u0bc1\u0ba4\u0bcd \u0ba4\u0bc1\u0ba3\u0bc8\u0baf\u0bbe\u0b95 \u0ba8\u0bbf\u0ba9\u0bcd\u0bb1\u0bc1 \u0b8e\u0ba9\u0bcd\u0ba9\u0bbe\u0bb2\u0bc7 \u0baa\u0bbf\u0bb0\u0b9a\u0b99\u0bcd\u0b95\u0bae\u0bcd \u0ba8\u0bbf\u0bb1\u0bc8\u0bb5\u0bc7\u0bb1\u0bc1\u0b95\u0bbf\u0bb1\u0ba4\u0bb1\u0bcd\u0b95\u0bbe\u0b95\u0bb5\u0bc1\u0bae\u0bcd, \u0baa\u0bc1\u0bb1\u0b9c\u0bbe\u0ba4\u0bbf\u0baf\u0bbe\u0bb0\u0bcd \u0b95\u0bc7\u0b9f\u0bcd\u0b95\u0bbf\u0bb1\u0ba4\u0bb1\u0bcd\u0b95\u0bbe\u0b95\u0bb5\u0bc1\u0bae\u0bcd, \u0b8e\u0ba9\u0bcd\u0ba9\u0bc8\u0baa\u0bcd \u0baa\u0bb2\u0baa\u0bcd\u0baa\u0b9f\u0bc1\u0ba4\u0bcd\u0ba4\u0bbf\u0ba9\u0bbe\u0bb0\u0bcd; \u0b9a\u0bbf\u0b99\u0bcd\u0b95\u0ba4\u0bcd\u0ba4\u0bbf\u0ba9\u0bcd \u0bb5\u0bbe\u0baf\u0bbf\u0bb2\u0bbf\u0bb0\u0bc1\u0ba8\u0bcd\u0ba4\u0bc1\u0bae\u0bcd \u0ba8\u0bbe\u0ba9\u0bcd \u0b87\u0bb0\u0b9f\u0bcd\u0b9a\u0bbf\u0b95\u0bcd\u0b95\u0baa\u0bcd\u0baa\u0b9f\u0bcd\u0b9f\u0bc7\u0ba9\u0bcd."},{"Verseid":"54003016","Verse":"\u0b95\u0bb0\u0bcd\u0ba4\u0bcd\u0ba4\u0bb0\u0bcd \u0b8e\u0bb2\u0bcd\u0bb2\u0bbe\u0ba4\u0bcd \u0ba4\u0bc0\u0bae\u0bc8\u0baf\u0bbf\u0ba9\u0bbf\u0ba9\u0bcd\u0bb1\u0bc1\u0bae\u0bcd \u0b8e\u0ba9\u0bcd\u0ba9\u0bc8 \u0b87\u0bb0\u0b9f\u0bcd\u0b9a\u0bbf\u0ba4\u0bcd\u0ba4\u0bc1, \u0ba4\u0bae\u0bcd\u0bae\u0bc1\u0b9f\u0bc8\u0baf \u0baa\u0bb0\u0bae \u0bb0\u0bbe\u0b9c\u0bcd\u0baf\u0ba4\u0bcd\u0ba4\u0bc8 \u0b85\u0b9f\u0bc8\u0baf\u0bc1\u0bae\u0bcd\u0baa\u0b9f\u0bbf \u0b95\u0bbe\u0baa\u0bcd\u0baa\u0bbe\u0bb1\u0bcd\u0bb1\u0bc1\u0bb5\u0bbe\u0bb0\u0bcd; \u0b85\u0bb5\u0bb0\u0bc1\u0b95\u0bcd\u0b95\u0bc1\u0b9a\u0bcd \u0b9a\u0ba4\u0bbe\u0b95\u0bbe\u0bb2\u0b99\u0bcd\u0b95\u0bb3\u0bbf\u0bb2\u0bc1\u0bae\u0bcd \u0bae\u0b95\u0bbf\u0bae\u0bc8 \u0b89\u0ba3\u0bcd\u0b9f\u0bbe\u0bb5\u0ba4\u0bbe\u0b95. \u0b86\u0bae\u0bc6\u0ba9\u0bcd."},{"Verseid":"54003017","Verse":"\u0baa\u0bbf\u0bb0\u0bbf\u0bb8\u0bcd\u0b95\u0bbe\u0bb3\u0bc1\u0b95\u0bcd\u0b95\u0bc1\u0bae\u0bcd \u0b86\u0b95\u0bcd\u0b95\u0bbf\u0bb2\u0bcd\u0bb2\u0bbe\u0bb5\u0bc1\u0b95\u0bcd\u0b95\u0bc1\u0bae\u0bcd, \u0b92\u0ba8\u0bc7\u0b9a\u0bbf\u0baa\u0bcd\u0baa\u0bcb\u0bb0\u0bc1\u0bb5\u0bbf\u0ba9\u0bcd \u0bb5\u0bc0\u0b9f\u0bcd\u0b9f\u0bbe\u0bb0\u0bc1\u0b95\u0bcd\u0b95\u0bc1\u0bae\u0bcd \u0b8e\u0ba9\u0bcd \u0bb5\u0bbe\u0bb4\u0bcd\u0ba4\u0bcd\u0ba4\u0bc1\u0ba4\u0bb2\u0bc8\u0b9a\u0bcd \u0b9a\u0bca\u0bb2\u0bcd\u0bb2\u0bc1."},{"Verseid":"54003018","Verse":"\u0b8e\u0bb0\u0bb8\u0bcd\u0ba4\u0bc1 \u0b95\u0bca\u0bb0\u0bbf\u0ba8\u0bcd\u0ba4\u0bc1\u0baa\u0b9f\u0bcd\u0b9f\u0ba3\u0ba4\u0bcd\u0ba4\u0bbf\u0bb2\u0bcd \u0b87\u0bb0\u0bc1\u0ba8\u0bcd\u0ba4\u0bc1\u0bb5\u0bbf\u0b9f\u0bcd\u0b9f\u0bbe\u0ba9\u0bcd; \u0ba4\u0bc1\u0bb0\u0bcb\u0baa\u0bcd\u0baa\u0bc0\u0bae\u0bc1\u0bb5\u0bc8 \u0bae\u0bbf\u0bb2\u0bc7\u0ba4\u0bcd\u0ba4\u0bc1\u0bb5\u0bbf\u0bb2\u0bcd \u0bb5\u0bbf\u0baf\u0bbe\u0ba4\u0bbf\u0baa\u0bcd\u0baa\u0b9f\u0bcd\u0b9f\u0bb5\u0ba9\u0bbe\u0b95 \u0bb5\u0bbf\u0b9f\u0bcd\u0b9f\u0bc1\u0bb5\u0ba8\u0bcd\u0ba4\u0bc7\u0ba9\u0bcd."},{"Verseid":"54003019","Verse":"\u0bae\u0bbe\u0bb0\u0bbf\u0b95\u0bbe\u0bb2\u0ba4\u0bcd\u0ba4\u0bc1\u0b95\u0bcd\u0b95\u0bc1\u0bae\u0bc1\u0ba9\u0bcd \u0ba8\u0bc0 \u0bb5\u0ba8\u0bcd\u0ba4\u0bc1 \u0b9a\u0bc7\u0bb0\u0bc1\u0bae\u0bcd\u0baa\u0b9f\u0bbf \u0b9c\u0bbe\u0b95\u0bcd\u0b95\u0bbf\u0bb0\u0ba4\u0bc8\u0baa\u0bcd\u0baa\u0b9f\u0bc1."},{"Verseid":"54003020","Verse":"\u0b90\u0baa\u0bc2\u0bb2\u0bc1\u0bb5\u0bc1\u0bae\u0bcd, \u0baa\u0bc1\u0ba4\u0bc7\u0b9e\u0bcd\u0b9a\u0bc1\u0bae\u0bcd, \u0bb2\u0bc0\u0ba9\u0bc1\u0bb5\u0bc1\u0bae\u0bcd, \u0b95\u0bb2\u0bb5\u0bc1\u0ba4\u0bbf\u0baf\u0bbe\u0bb3\u0bc1\u0bae\u0bcd, \u0bae\u0bb1\u0bcd\u0bb1\u0bc6\u0bb2\u0bcd\u0bb2\u0bbe\u0b9a\u0bcd \u0b9a\u0b95\u0bcb\u0ba4\u0bbe\u0bb0\u0bc1\u0bae\u0bcd \u0b89\u0ba9\u0b95\u0bcd\u0b95\u0bc1 \u0bb5\u0bbe\u0bb4\u0bcd\u0ba4\u0bcd\u0ba4\u0bc1\u0ba4\u0bb2\u0bcd \u0b9a\u0bca\u0bb2\u0bcd\u0bb2\u0bc1\u0b95\u0bbf\u0bb1\u0bbe\u0bb0\u0bcd\u0b95\u0bb3\u0bcd."},{"Verseid":"54003021","Verse":"\u0b95\u0bb0\u0bcd\u0ba4\u0bcd\u0ba4\u0bb0\u0bbe\u0b95\u0bbf\u0baf \u0b87\u0baf\u0bc7\u0b9a\u0bc1\u0b95\u0bbf\u0bb1\u0bbf\u0bb8\u0bcd\u0ba4\u0bc1 \u0b89\u0ba9\u0bcd \u0b86\u0bb5\u0bbf\u0baf\u0bc1\u0b9f\u0ba9\u0bc7\u0b95\u0bc2\u0b9f \u0b87\u0bb0\u0bc1\u0baa\u0bcd\u0baa\u0bbe\u0bb0\u0bbe\u0b95. \u0b95\u0bbf\u0bb0\u0bc1\u0baa\u0bc8 \u0b89\u0b99\u0bcd\u0b95\u0bb3\u0bcb\u0b9f\u0bbf\u0bb0\u0bc1\u0baa\u0bcd\u0baa\u0ba4\u0bbe\u0b95. \u0b86\u0bae\u0bc6\u0ba9\u0bcd."}]}]}