{"Chapter":[{"Verse":[{"Verseid":"58000000","Verse":"\u0ba4\u0bc7\u0bb5\u0ba9\u0bc1\u0b95\u0bcd\u0b95\u0bc1\u0bae\u0bcd \u0b95\u0bb0\u0bcd\u0ba4\u0bcd\u0ba4\u0bb0\u0bbe\u0b95\u0bbf\u0baf \u0b87\u0baf\u0bc7\u0b9a\u0bc1\u0b95\u0bbf\u0bb1\u0bbf\u0bb8\u0bcd\u0ba4\u0bc1\u0bb5\u0bc1\u0b95\u0bcd\u0b95\u0bc1\u0bae\u0bcd \u0b8a\u0bb4\u0bbf\u0baf\u0b95\u0bcd\u0b95\u0bbe\u0bb0\u0ba9\u0bbe\u0b95\u0bbf\u0baf \u0baf\u0bbe\u0b95\u0bcd\u0b95\u0bcb\u0baa\u0bc1, \u0b9a\u0bbf\u0ba4\u0bb1\u0bbf\u0baf\u0bbf\u0bb0\u0bc1\u0b95\u0bcd\u0b95\u0bbf\u0bb1 \u0baa\u0ba9\u0bcd\u0ba9\u0bbf\u0bb0\u0ba3\u0bcd\u0b9f\u0bc1 \u0b95\u0bcb\u0ba4\u0bcd\u0ba4\u0bbf\u0bb0\u0b99\u0bcd\u0b95\u0bb3\u0bc1\u0b95\u0bcd\u0b95\u0bc1\u0bae\u0bcd \u0bb5\u0bbe\u0bb4\u0bcd\u0ba4\u0bcd\u0ba4\u0bc1\u0ba4\u0bb2\u0bcd \u0b9a\u0bca\u0bb2\u0bcd\u0bb2\u0bbf \u0b8e\u0bb4\u0bc1\u0ba4\u0bc1\u0b95\u0bbf\u0bb1\u0ba4\u0bbe\u0bb5\u0ba4\u0bc1:"},{"Verseid":"58000001","Verse":"\u0b8e\u0ba9\u0bcd \u0b9a\u0b95\u0bcb\u0ba4\u0bb0\u0bb0\u0bc7, \u0ba8\u0bc0\u0b99\u0bcd\u0b95\u0bb3\u0bcd \u0baa\u0bb2\u0bb5\u0bbf\u0ba4\u0bae\u0bbe\u0ba9 \u0b9a\u0bcb\u0ba4\u0ba9\u0bc8\u0b95\u0bb3\u0bbf\u0bb2\u0bcd \u0b85\u0b95\u0baa\u0bcd\u0baa\u0b9f\u0bc1\u0bae\u0bcd\u0baa\u0bcb\u0ba4\u0bc1,"},{"Verseid":"58000002","Verse":"\u0b89\u0b99\u0bcd\u0b95\u0bb3\u0bcd \u0bb5\u0bbf\u0b9a\u0bc1\u0bb5\u0bbe\u0b9a\u0ba4\u0bcd\u0ba4\u0bbf\u0ba9\u0bcd \u0baa\u0bb0\u0bc0\u0b9f\u0bcd\u0b9a\u0bc8\u0baf\u0bbe\u0ba9\u0ba4\u0bc1 \u0baa\u0bca\u0bb1\u0bc1\u0bae\u0bc8\u0baf\u0bc8 \u0b89\u0ba3\u0bcd\u0b9f\u0bbe\u0b95\u0bcd\u0b95\u0bc1\u0bae\u0bc6\u0ba9\u0bcd\u0bb1\u0bc1 \u0b85\u0bb1\u0bbf\u0ba8\u0bcd\u0ba4\u0bc1, \u0b85\u0ba4\u0bc8 \u0bae\u0bbf\u0b95\u0bc1\u0ba8\u0bcd\u0ba4 \u0b9a\u0ba8\u0bcd\u0ba4\u0bcb\u0bb7\u0bae\u0bbe\u0b95 \u0b8e\u0ba3\u0bcd\u0ba3\u0bc1\u0b99\u0bcd\u0b95\u0bb3\u0bcd."},{"Verseid":"58000003","Verse":"\u0ba8\u0bc0\u0b99\u0bcd\u0b95\u0bb3\u0bcd \u0b92\u0ba9\u0bcd\u0bb1\u0bbf\u0bb2\u0bc1\u0bae\u0bcd \u0b95\u0bc1\u0bb1\u0bc8\u0bb5\u0bc1\u0bb3\u0bcd\u0bb3\u0bb5\u0bb0\u0bcd\u0b95\u0bb3\u0bbe\u0baf\u0bbf\u0bb0\u0bbe\u0bae\u0bb2\u0bcd, \u0baa\u0bc2\u0bb0\u0ba3\u0bb0\u0bbe\u0baf\u0bc1\u0bae\u0bcd \u0ba8\u0bbf\u0bb1\u0bc8\u0bb5\u0bc1\u0bb3\u0bcd\u0bb3\u0bb5\u0bb0\u0bcd\u0b95\u0bb3\u0bbe\u0baf\u0bc1\u0bae\u0bcd \u0b87\u0bb0\u0bc1\u0b95\u0bcd\u0b95\u0bc1\u0bae\u0bcd\u0baa\u0b9f\u0bbf, \u0baa\u0bca\u0bb1\u0bc1\u0bae\u0bc8\u0baf\u0bbe\u0ba9\u0ba4\u0bc1 \u0baa\u0bc2\u0bb0\u0ba3 \u0b95\u0bbf\u0bb0\u0bbf\u0baf\u0bc8 \u0b9a\u0bc6\u0baf\u0bcd\u0baf\u0b95\u0bcd\u0b95\u0b9f\u0bb5\u0ba4\u0bc1."},{"Verseid":"58000004","Verse":"\u0b89\u0b99\u0bcd\u0b95\u0bb3\u0bbf\u0bb2\u0bcd \u0b92\u0bb0\u0bc1\u0bb5\u0ba9\u0bcd \u0b9e\u0bbe\u0ba9\u0ba4\u0bcd\u0ba4\u0bbf\u0bb2\u0bcd \u0b95\u0bc1\u0bb1\u0bc8\u0bb5\u0bc1\u0bb3\u0bcd\u0bb3\u0bb5\u0ba9\u0bbe\u0baf\u0bbf\u0bb0\u0bc1\u0ba8\u0bcd\u0ba4\u0bbe\u0bb2\u0bcd, \u0baf\u0bbe\u0bb5\u0bb0\u0bc1\u0b95\u0bcd\u0b95\u0bc1\u0bae\u0bcd \u0b9a\u0bae\u0bcd\u0baa\u0bc2\u0bb0\u0ba3\u0bae\u0bbe\u0baf\u0bcd\u0b95\u0bcd \u0b95\u0bca\u0b9f\u0bc1\u0b95\u0bcd\u0b95\u0bbf\u0bb1\u0bb5\u0bb0\u0bc1\u0bae\u0bcd \u0b92\u0bb0\u0bc1\u0bb5\u0bb0\u0bc8\u0baf\u0bc1\u0bae\u0bcd \u0b95\u0b9f\u0bbf\u0ba8\u0bcd\u0ba4\u0bc1\u0b95\u0bca\u0bb3\u0bcd\u0bb3\u0bbe\u0ba4\u0bb5\u0bb0\u0bc1\u0bae\u0bbe\u0b95\u0bbf\u0baf \u0ba4\u0bc7\u0bb5\u0ba9\u0bbf\u0b9f\u0ba4\u0bcd\u0ba4\u0bbf\u0bb2\u0bcd \u0b95\u0bc7\u0b9f\u0bcd\u0b95\u0b95\u0bcd\u0b95\u0b9f\u0bb5\u0ba9\u0bcd, \u0b85\u0baa\u0bcd\u0baa\u0bca\u0bb4\u0bc1\u0ba4\u0bc1 \u0b85\u0bb5\u0ba9\u0bc1\u0b95\u0bcd\u0b95\u0bc1\u0b95\u0bcd \u0b95\u0bca\u0b9f\u0bc1\u0b95\u0bcd\u0b95\u0baa\u0bcd\u0baa\u0b9f\u0bc1\u0bae\u0bcd."},{"Verseid":"58000005","Verse":"\u0b86\u0ba9\u0bbe\u0bb2\u0bc1\u0bae\u0bcd \u0b85\u0bb5\u0ba9\u0bcd \u0b8e\u0bb5\u0bcd\u0bb5\u0bb3\u0bb5\u0bbe\u0b95\u0bbf\u0bb2\u0bc1\u0bae\u0bcd \u0b9a\u0ba8\u0bcd\u0ba4\u0bc7\u0b95\u0baa\u0bcd\u0baa\u0b9f\u0bbe\u0bae\u0bb2\u0bcd \u0bb5\u0bbf\u0b9a\u0bc1\u0bb5\u0bbe\u0b9a\u0ba4\u0bcd\u0ba4\u0bcb\u0b9f\u0bc7 \u0b95\u0bc7\u0b9f\u0bcd\u0b95\u0b95\u0bcd\u0b95\u0b9f\u0bb5\u0ba9\u0bcd; \u0b9a\u0ba8\u0bcd\u0ba4\u0bc7\u0b95\u0baa\u0bcd\u0baa\u0b9f\u0bc1\u0b95\u0bbf\u0bb1\u0bb5\u0ba9\u0bcd \u0b95\u0bbe\u0bb1\u0bcd\u0bb1\u0bbf\u0ba9\u0bbe\u0bb2\u0bcd \u0b85\u0b9f\u0bbf\u0baa\u0b9f\u0bcd\u0b9f\u0bc1 \u0b85\u0bb2\u0bc8\u0b95\u0bbf\u0bb1 \u0b95\u0b9f\u0bb2\u0bbf\u0ba9\u0bcd \u0b85\u0bb2\u0bc8\u0b95\u0bcd\u0b95\u0bc1 \u0b92\u0baa\u0bcd\u0baa\u0bbe\u0baf\u0bbf\u0bb0\u0bc1\u0b95\u0bcd\u0b95\u0bbf\u0bb1\u0bbe\u0ba9\u0bcd."},{"Verseid":"58000006","Verse":"\u0b85\u0baa\u0bcd\u0baa\u0b9f\u0bbf\u0baa\u0bcd\u0baa\u0b9f\u0bcd\u0b9f \u0bae\u0ba9\u0bc1\u0bb7\u0ba9\u0bcd \u0ba4\u0bbe\u0ba9\u0bcd \u0b95\u0bb0\u0bcd\u0ba4\u0bcd\u0ba4\u0bb0\u0bbf\u0b9f\u0ba4\u0bcd\u0ba4\u0bbf\u0bb2\u0bcd \u0b8e\u0ba4\u0bc8\u0baf\u0bbe\u0b95\u0bbf\u0bb2\u0bc1\u0bae\u0bcd \u0baa\u0bc6\u0bb1\u0bb2\u0bbe\u0bae\u0bc6\u0ba9\u0bcd\u0bb1\u0bc1 \u0ba8\u0bbf\u0ba9\u0bc8\u0baf\u0bbe\u0ba4\u0bbf\u0bb0\u0bc1\u0baa\u0bcd\u0baa\u0bbe\u0ba9\u0bbe\u0b95."},{"Verseid":"58000007","Verse":"\u0b87\u0bb0\u0bc1\u0bae\u0ba9\u0bae\u0bc1\u0bb3\u0bcd\u0bb3\u0bb5\u0ba9\u0bcd \u0ba4\u0ba9\u0bcd \u0bb5\u0bb4\u0bbf\u0b95\u0bb3\u0bbf\u0b95\u0bb2\u0bc6\u0bb2\u0bcd\u0bb2\u0bbe\u0bae\u0bcd \u0ba8\u0bbf\u0bb2\u0bc8\u0baf\u0bb1\u0bcd\u0bb1\u0bb5\u0ba9\u0bbe\u0baf\u0bbf\u0bb0\u0bc1\u0b95\u0bcd\u0b95\u0bbf\u0bb1\u0bbe\u0ba9\u0bcd."},{"Verseid":"58000008","Verse":"\u0ba4\u0bbe\u0bb4\u0bcd\u0ba8\u0bcd\u0ba4 \u0b9a\u0b95\u0bcb\u0ba4\u0bb0\u0ba9\u0bcd \u0ba4\u0bbe\u0ba9\u0bcd \u0b89\u0baf\u0bb0\u0bcd\u0ba4\u0bcd\u0ba4\u0baa\u0bcd\u0baa\u0b9f\u0bcd\u0b9f\u0ba4\u0bc8\u0b95\u0bcd\u0b95\u0bc1\u0bb1\u0bbf\u0ba4\u0bcd\u0ba4\u0bc1 \u0bae\u0bc7\u0ba9\u0bcd\u0bae\u0bc8\u0baa\u0bbe\u0bb0\u0bbe\u0b9f\u0bcd\u0b9f\u0b95\u0bcd\u0b95\u0b9f\u0bb5\u0ba9\u0bcd."},{"Verseid":"58000009","Verse":"\u0b90\u0b9a\u0bc1\u0bb5\u0bb0\u0bbf\u0baf\u0bb5\u0bbe\u0ba9\u0bcd \u0ba4\u0bbe\u0ba9\u0bcd \u0ba4\u0bbe\u0bb4\u0bcd\u0ba4\u0bcd\u0ba4\u0baa\u0bcd\u0baa\u0b9f\u0bcd\u0b9f\u0ba4\u0bc8\u0b95\u0bcd\u0b95\u0bc1\u0bb1\u0bbf\u0ba4\u0bcd\u0ba4\u0bc1 \u0bae\u0bc7\u0ba9\u0bcd\u0bae\u0bc8\u0baa\u0bbe\u0bb0\u0bbe\u0b9f\u0bcd\u0b9f\u0b95\u0bcd\u0b95\u0b9f\u0bb5\u0ba9\u0bcd; \u0b8f\u0ba9\u0bc6\u0ba9\u0bbf\u0bb2\u0bcd \u0b85\u0bb5\u0ba9\u0bcd \u0baa\u0bc1\u0bb2\u0bcd\u0bb2\u0bbf\u0ba9\u0bcd \u0baa\u0bc2\u0bb5\u0bc8\u0baa\u0bcd\u0baa\u0bcb\u0bb2\u0bcd \u0b92\u0bb4\u0bbf\u0ba8\u0bcd\u0ba4\u0bc1\u0baa\u0bcb\u0bb5\u0bbe\u0ba9\u0bcd."},{"Verseid":"58000010","Verse":"\u0b9a\u0bc2\u0bb0\u0bbf\u0baf\u0ba9\u0bcd \u0b95\u0b9f\u0bc1\u0bae\u0bcd \u0bb5\u0bc6\u0baf\u0bcd\u0baf\u0bbf\u0bb2\u0bc1\u0b9f\u0ba9\u0bcd \u0b89\u0ba4\u0bbf\u0ba4\u0bcd\u0ba4\u0bc1, \u0baa\u0bc1\u0bb2\u0bcd\u0bb2\u0bc8 \u0b89\u0bb2\u0bb0\u0bcd\u0ba4\u0bcd\u0ba4\u0bc1\u0bae\u0bcd\u0baa\u0bcb\u0ba4\u0bc1, \u0b85\u0ba4\u0bbf\u0ba9\u0bcd \u0baa\u0bc2 \u0b89\u0ba4\u0bbf\u0bb0\u0bcd\u0ba8\u0bcd\u0ba4\u0bc1, \u0b85\u0ba4\u0bbf\u0ba9\u0bcd \u0b85\u0bb4\u0b95\u0bbe\u0ba9 \u0bb5\u0b9f\u0bbf\u0bb5\u0bc1 \u0b85\u0bb4\u0bbf\u0ba8\u0bcd\u0ba4\u0bc1\u0baa\u0bcb\u0bae\u0bcd; \u0b90\u0b9a\u0bc1\u0bb5\u0bb0\u0bbf\u0baf\u0bb5\u0bbe\u0ba9\u0bc1\u0bae\u0bcd \u0b85\u0baa\u0bcd\u0baa\u0b9f\u0bbf\u0baf\u0bc7 \u0ba4\u0ba9\u0bcd \u0bb5\u0bb4\u0bbf\u0b95\u0bb3\u0bbf\u0bb2\u0bcd \u0bb5\u0bbe\u0b9f\u0bbf\u0baa\u0bcd\u0baa\u0bcb\u0bb5\u0bbe\u0ba9\u0bcd."},{"Verseid":"58000011","Verse":"\u0b9a\u0bcb\u0ba4\u0ba9\u0bc8\u0baf\u0bc8\u0b9a\u0bcd \u0b9a\u0b95\u0bbf\u0b95\u0bcd\u0b95\u0bbf\u0bb1 \u0bae\u0ba9\u0bc1\u0bb7\u0ba9\u0bcd \u0baa\u0bbe\u0b95\u0bcd\u0b95\u0bbf\u0baf\u0bb5\u0bbe\u0ba9\u0bcd; \u0b85\u0bb5\u0ba9\u0bcd \u0b89\u0ba4\u0bcd\u0ba4\u0bae\u0ba9\u0bc6\u0ba9\u0bcd\u0bb1\u0bc1 \u0bb5\u0bbf\u0bb3\u0b99\u0bcd\u0b95\u0bbf\u0ba9\u0baa\u0bbf\u0ba9\u0bcd\u0baa\u0bc1 \u0b95\u0bb0\u0bcd\u0ba4\u0bcd\u0ba4\u0bb0\u0bcd \u0ba4\u0bae\u0bcd\u0bae\u0bbf\u0b9f\u0ba4\u0bcd\u0ba4\u0bbf\u0bb2\u0bcd \u0b85\u0ba9\u0bcd\u0baa\u0bc1\u0b95\u0bc2\u0bb0\u0bc1\u0b95\u0bbf\u0bb1\u0bb5\u0bb0\u0bcd\u0b95\u0bb3\u0bc1\u0b95\u0bcd\u0b95\u0bc1 \u0bb5\u0bbe\u0b95\u0bcd\u0b95\u0bc1\u0ba4\u0bcd\u0ba4\u0ba4\u0bcd\u0ba4\u0bae\u0bcd \u0baa\u0ba3\u0bcd\u0ba3\u0bbf\u0ba9 \u0b9c\u0bc0\u0bb5\u0b95\u0bbf\u0bb0\u0bc0\u0b9f\u0ba4\u0bcd\u0ba4\u0bc8\u0baa\u0bcd \u0baa\u0bc6\u0bb1\u0bc1\u0bb5\u0bbe\u0ba9\u0bcd."},{"Verseid":"58000012","Verse":"\u0b9a\u0bcb\u0ba4\u0bbf\u0b95\u0bcd\u0b95\u0baa\u0bcd\u0b9f\u0bc1\u0b95\u0bbf\u0bb1 \u0b8e\u0bb5\u0ba9\u0bc1\u0bae\u0bcd, \u0ba8\u0bbe\u0ba9\u0bcd \u0ba4\u0bc7\u0bb5\u0ba9\u0bbe\u0bb2\u0bcd \u0b9a\u0bcb\u0ba4\u0bbf\u0b95\u0bcd\u0b95\u0baa\u0bcd\u0baa\u0b9f\u0bc1\u0b95\u0bbf\u0bb1\u0bc7\u0ba9\u0bcd \u0b8e\u0ba9\u0bcd\u0bb1\u0bc1 \u0b9a\u0bca\u0bb2\u0bcd\u0bb2\u0bbe\u0ba4\u0bbf\u0bb0\u0bc1\u0baa\u0bcd\u0baa\u0bbe\u0ba9\u0bbe\u0b95; \u0ba4\u0bc7\u0bb5\u0ba9\u0bcd \u0baa\u0bca\u0bb2\u0bcd\u0bb2\u0bbe\u0b99\u0bcd\u0b95\u0bbf\u0ba9\u0bbe\u0bb2\u0bcd \u0b9a\u0bcb\u0ba4\u0bbf\u0b95\u0bcd\u0b95\u0baa\u0bcd\u0baa\u0b9f\u0bc1\u0b95\u0bbf\u0bb1\u0bb5\u0bb0\u0bb2\u0bcd\u0bb2, \u0b92\u0bb0\u0bc1\u0bb5\u0ba9\u0bc8\u0baf\u0bc1\u0bae\u0bcd \u0b85\u0bb5\u0bb0\u0bcd \u0b9a\u0bcb\u0ba4\u0bbf\u0b95\u0bcd\u0b95\u0bbf\u0bb1\u0bb5\u0bb0\u0bc1\u0bae\u0bb2\u0bcd\u0bb2."},{"Verseid":"58000013","Verse":"\u0b85\u0bb5\u0ba9\u0bb5\u0ba9\u0bcd \u0ba4\u0ba9\u0bcd\u0ba4\u0ba9\u0bcd \u0b9a\u0bc1\u0baf \u0b87\u0b9a\u0bcd\u0b9a\u0bc8\u0baf\u0bbf\u0ba9\u0bbe\u0bb2\u0bc7 \u0b87\u0bb4\u0bc1\u0b95\u0bcd\u0b95\u0baa\u0bcd\u0baa\u0b9f\u0bcd\u0b9f\u0bc1, \u0b9a\u0bbf\u0b95\u0bcd\u0b95\u0bc1\u0ba3\u0bcd\u0b9f\u0bc1, \u0b9a\u0bcb\u0ba4\u0bbf\u0b95\u0bcd\u0b95\u0baa\u0bcd\u0baa\u0b9f\u0bc1\u0b95\u0bbf\u0bb1\u0bbe\u0ba9\u0bcd."},{"Verseid":"58000014","Verse":"\u0baa\u0bbf\u0ba9\u0bcd\u0baa\u0bc1 \u0b87\u0b9a\u0bcd\u0b9a\u0bc8\u0baf\u0bbe\u0ba9\u0ba4\u0bc1 \u0b95\u0bb0\u0bcd\u0baa\u0bcd\u0baa\u0ba8\u0bcd\u0ba4\u0bb0\u0bbf\u0ba4\u0bcd\u0ba4\u0bc1, \u0baa\u0bbe\u0bb5\u0ba4\u0bcd\u0ba4\u0bc8\u0baa\u0bcd \u0baa\u0bbf\u0bb1\u0baa\u0bcd\u0baa\u0bbf\u0b95\u0bcd\u0b95\u0bc1\u0bae\u0bcd, \u0baa\u0bbe\u0bb5\u0bae\u0bcd \u0baa\u0bc2\u0bb0\u0ba3\u0bae\u0bbe\u0b95\u0bc1\u0bae\u0bcd\u0baa\u0bcb\u0ba4\u0bc1, \u0bae\u0bb0\u0ba3\u0ba4\u0bcd\u0ba4\u0bc8\u0baa\u0bcd \u0baa\u0bbf\u0bb1\u0baa\u0bcd\u0baa\u0bbf\u0b95\u0bcd\u0b95\u0bc1\u0bae\u0bcd."},{"Verseid":"58000015","Verse":"\u0b8e\u0ba9\u0bcd \u0baa\u0bbf\u0bb0\u0bbf\u0baf\u0bae\u0bbe\u0ba9 \u0b9a\u0b95\u0bcb\u0ba4\u0bb0\u0bb0\u0bc7, \u0bae\u0bcb\u0b9a\u0bae\u0bcd\u0baa\u0bcb\u0b95\u0bbe\u0ba4\u0bbf\u0bb0\u0bc1\u0b99\u0bcd\u0b95\u0bb3\u0bcd."},{"Verseid":"58000016","Verse":"\u0ba8\u0ba9\u0bcd\u0bae\u0bc8\u0baf\u0bbe\u0ba9 \u0b8e\u0ba8\u0bcd\u0ba4 \u0b88\u0bb5\u0bc1\u0bae\u0bcd \u0baa\u0bc2\u0bb0\u0ba3\u0bae\u0bbe\u0ba9 \u0b8e\u0ba8\u0bcd\u0ba4 \u0bb5\u0bb0\u0bae\u0bc1\u0bae\u0bcd \u0baa\u0bb0\u0ba4\u0bcd\u0ba4\u0bbf\u0bb2\u0bbf\u0bb0\u0bc1\u0ba8\u0bcd\u0ba4\u0bc1\u0ba3\u0bcd\u0b9f\u0bbe\u0b95\u0bbf, \u0b9a\u0bcb\u0ba4\u0bbf\u0b95\u0bb3\u0bbf\u0ba9\u0bcd \u0baa\u0bbf\u0ba4\u0bbe\u0bb5\u0bbf\u0ba9\u0bbf\u0b9f\u0ba4\u0bcd\u0ba4\u0bbf\u0bb2\u0bbf\u0bb0\u0bc1\u0ba8\u0bcd\u0ba4\u0bc1 \u0b87\u0bb1\u0b99\u0bcd\u0b95\u0bbf\u0bb5\u0bb0\u0bc1\u0b95\u0bbf\u0bb1\u0ba4\u0bc1; \u0b85\u0bb5\u0bb0\u0bbf\u0b9f\u0ba4\u0bcd\u0ba4\u0bbf\u0bb2\u0bcd \u0baf\u0bbe\u0ba4\u0bca\u0bb0\u0bc1 \u0bae\u0bbe\u0bb1\u0bc1\u0ba4\u0bb2\u0bc1\u0bae\u0bcd \u0baf\u0bbe\u0ba4\u0bca\u0bb0\u0bc1 \u0bb5\u0bc7\u0bb1\u0bcd\u0bb1\u0bc1\u0bae\u0bc8\u0baf\u0bbf\u0ba9\u0bcd \u0ba8\u0bbf\u0bb4\u0bb2\u0bc1\u0bae\u0bbf\u0bb2\u0bcd\u0bb2\u0bc8."},{"Verseid":"58000017","Verse":"\u0b85\u0bb5\u0bb0\u0bcd \u0b9a\u0bbf\u0ba4\u0bcd\u0ba4\u0b99\u0bcd\u0b95\u0bca\u0ba3\u0bcd\u0b9f\u0bc1 \u0ba4\u0bae\u0bcd\u0bae\u0bc1\u0b9f\u0bc8\u0baf \u0b9a\u0bbf\u0bb0\u0bc1\u0bb7\u0bcd\u0b9f\u0bbf\u0b95\u0bb3\u0bbf\u0bb2\u0bcd \u0ba8\u0bbe\u0bae\u0bcd \u0bae\u0bc1\u0ba4\u0bb1\u0bcd\u0baa\u0bb2\u0ba9\u0bcd\u0b95\u0bb3\u0bbe\u0bb5\u0ba4\u0bb1\u0bcd\u0b95\u0bc1 \u0ba8\u0bae\u0bcd\u0bae\u0bc8\u0b9a\u0bcd \u0b9a\u0ba4\u0bcd\u0ba4\u0bbf\u0baf \u0bb5\u0b9a\u0ba9\u0ba4\u0bcd\u0ba4\u0bbf\u0ba9\u0bbe\u0bb2\u0bc7 \u0b9c\u0bc6\u0ba8\u0bbf\u0baa\u0bcd\u0baa\u0bbf\u0ba4\u0bcd\u0ba4\u0bbe\u0bb0\u0bcd."},{"Verseid":"58000018","Verse":"\u0b86\u0b95\u0bc8\u0baf\u0bbe\u0bb2\u0bcd, \u0b8e\u0ba9\u0bcd \u0baa\u0bbf\u0bb0\u0bbf\u0baf\u0bae\u0bbe\u0ba9 \u0b9a\u0b95\u0bcb\u0ba4\u0bb0\u0bb0\u0bc7, \u0baf\u0bbe\u0bb5\u0bb0\u0bc1\u0bae\u0bcd \u0b95\u0bc7\u0b9f\u0bcd\u0b95\u0bbf\u0bb1\u0ba4\u0bb1\u0bcd\u0b95\u0bc1\u0ba4\u0bcd \u0ba4\u0bc0\u0bb5\u0bbf\u0bb0\u0bae\u0bbe\u0baf\u0bc1\u0bae\u0bcd, \u0baa\u0bc7\u0b9a\u0bc1\u0b95\u0bbf\u0bb1\u0ba4\u0bb1\u0bcd\u0b95\u0bc1\u0baa\u0bcd \u0baa\u0bca\u0bb1\u0bc1\u0bae\u0bc8\u0baf\u0bbe\u0baf\u0bc1\u0bae\u0bcd, \u0b95\u0bcb\u0baa\u0bbf\u0b95\u0bcd\u0b95\u0bbf\u0bb1\u0ba4\u0bb1\u0bcd\u0b95\u0bc1\u0ba4\u0bcd \u0ba4\u0bbe\u0bae\u0ba4\u0bae\u0bbe\u0baf\u0bc1\u0bae\u0bbf\u0bb0\u0bc1\u0b95\u0bcd\u0b95\u0b95\u0bcd\u0b95\u0b9f\u0bb5\u0bb0\u0bcd\u0b95\u0bb3\u0bcd;"},{"Verseid":"58000019","Verse":"\u0bae\u0ba9\u0bc1\u0bb7\u0bb0\u0bc1\u0b9f\u0bc8\u0baf \u0b95\u0bcb\u0baa\u0bae\u0bcd \u0ba4\u0bc7\u0bb5\u0ba9\u0bc1\u0b9f\u0bc8\u0baf \u0ba8\u0bc0\u0ba4\u0bbf\u0baf\u0bc8 \u0ba8\u0b9f\u0baa\u0bcd\u0baa\u0bbf\u0b95\u0bcd\u0b95\u0bae\u0bbe\u0b9f\u0bcd\u0b9f\u0bbe\u0ba4\u0bc7."},{"Verseid":"58000020","Verse":"\u0b86\u0b95\u0bc8\u0baf\u0bbe\u0bb2\u0bcd, \u0ba8\u0bc0\u0b99\u0bcd\u0b95\u0bb3\u0bcd \u0b8e\u0bb2\u0bcd\u0bb2\u0bbe\u0bb5\u0bbf\u0ba4 \u0b85\u0bb4\u0bc1\u0b95\u0bcd\u0b95\u0bc8\u0baf\u0bc1\u0bae\u0bcd \u0b95\u0bca\u0b9f\u0bbf\u0baf \u0ba4\u0bc1\u0bb0\u0bcd\u0b95\u0bcd\u0b95\u0bc1\u0ba3\u0ba4\u0bcd\u0ba4\u0bc8\u0baf\u0bc1\u0bae\u0bcd \u0b92\u0bb4\u0bbf\u0ba4\u0bcd\u0ba4\u0bc1\u0bb5\u0bbf\u0b9f\u0bcd\u0b9f\u0bc1, \u0b89\u0b99\u0bcd\u0b95\u0bb3\u0bcd \u0b89\u0bb3\u0bcd\u0bb3\u0ba4\u0bcd\u0ba4\u0bbf\u0bb2\u0bcd \u0ba8\u0bbe\u0b9f\u0bcd\u0b9f\u0baa\u0bcd\u0baa\u0b9f\u0bcd\u0b9f\u0ba4\u0bbe\u0baf\u0bc1\u0bae\u0bcd \u0b89\u0b99\u0bcd\u0b95\u0bb3\u0bcd \u0b86\u0ba4\u0bcd\u0ba4\u0bc1\u0bae\u0bbe\u0b95\u0bcd\u0b95\u0bb3\u0bc8 \u0b87\u0bb0\u0b9f\u0bcd\u0b9a\u0bbf\u0b95\u0bcd\u0b95 \u0bb5\u0bb2\u0bcd\u0bb2\u0bae\u0bc8\u0baf\u0bc1\u0bb3\u0bcd\u0bb3\u0ba4\u0bbe\u0baf\u0bc1\u0bae\u0bbf\u0bb0\u0bc1\u0b95\u0bcd\u0b95\u0bbf\u0bb1 \u0bb5\u0b9a\u0ba9\u0ba4\u0bcd\u0ba4\u0bc8\u0b9a\u0bcd \u0b9a\u0bbe\u0ba8\u0bcd\u0ba4\u0bae\u0bbe\u0baf\u0bcd \u0b8f\u0bb1\u0bcd\u0bb1\u0bc1\u0b95\u0bcd\u0b95\u0bca\u0bb3\u0bcd\u0bb3\u0bc1\u0b99\u0bcd\u0b95\u0bb3\u0bcd."},{"Verseid":"58000021","Verse":"\u0b85\u0bb2\u0bcd\u0bb2\u0bbe\u0bae\u0bb2\u0bc1\u0bae\u0bcd, \u0ba8\u0bc0\u0b99\u0bcd\u0b95\u0bb3\u0bcd \u0b89\u0b99\u0bcd\u0b95\u0bb3\u0bc8 \u0bb5\u0b9e\u0bcd\u0b9a\u0bbf\u0baf\u0bbe\u0ba4\u0baa\u0b9f\u0bbf\u0b95\u0bcd\u0b95\u0bc1\u0ba4\u0bcd \u0ba4\u0bbf\u0bb0\u0bc1\u0bb5\u0b9a\u0ba9\u0ba4\u0bcd\u0ba4\u0bc8\u0b95\u0bcd \u0b95\u0bc7\u0b9f\u0bcd\u0b95\u0bbf\u0bb1\u0bb5\u0bb0\u0bcd\u0b95\u0bb3\u0bbe\u0baf\u0bcd \u0bae\u0bbe\u0ba4\u0bcd\u0ba4\u0bbf\u0bb0\u0bae\u0bb2\u0bcd\u0bb2, \u0b85\u0ba4\u0bbf\u0ba9\u0bcd\u0baa\u0b9f\u0bbf \u0b9a\u0bc6\u0baf\u0bcd\u0b95\u0bbf\u0bb1\u0bb5\u0bb0\u0bcd\u0b95\u0bb3\u0bbe\u0baf\u0bc1\u0bae\u0bcd \u0b87\u0bb0\u0bc1\u0b99\u0bcd\u0b95\u0bb3\u0bcd."},{"Verseid":"58000022","Verse":"\u0b8e\u0ba9\u0bcd\u0ba9\u0ba4\u0bcd\u0ba4\u0bbf\u0ba9\u0bbe\u0bb2\u0bc6\u0ba9\u0bbf\u0bb2\u0bcd, \u0b92\u0bb0\u0bc1\u0bb5\u0ba9\u0bcd \u0ba4\u0bbf\u0bb0\u0bc1\u0bb5\u0b9a\u0ba9\u0ba4\u0bcd\u0ba4\u0bc8\u0b95\u0bcd \u0b95\u0bc7\u0b9f\u0bcd\u0b9f\u0bc1\u0bae\u0bcd \u0b85\u0ba4\u0bbf\u0ba9\u0bcd\u0baa\u0b9f\u0bbf \u0b9a\u0bc6\u0baf\u0bcd\u0baf\u0bbe\u0ba4\u0bb5\u0ba9\u0bbe\u0ba9\u0bbe\u0bb2\u0bcd, \u0b95\u0ba3\u0bcd\u0ba3\u0bbe\u0b9f\u0bbf\u0baf\u0bbf\u0bb2\u0bc7 \u0ba4\u0ba9\u0bcd \u0b9a\u0bc1\u0baa\u0bbe\u0bb5 \u0bae\u0bc1\u0b95\u0ba4\u0bcd\u0ba4\u0bc8\u0baa\u0bcd \u0baa\u0bbe\u0bb0\u0bcd\u0b95\u0bcd\u0b95\u0bbf\u0bb1 \u0bae\u0ba9\u0bc1\u0bb7\u0ba9\u0bc1\u0b95\u0bcd\u0b95\u0bc1 \u0b92\u0baa\u0bcd\u0baa\u0bbe\u0baf\u0bbf\u0bb0\u0bc1\u0baa\u0bcd\u0baa\u0bbe\u0ba9\u0bcd;"},{"Verseid":"58000023","Verse":"\u0b85\u0bb5\u0ba9\u0bcd \u0ba4\u0ba9\u0bcd\u0ba9\u0bc8\u0ba4\u0bcd\u0ba4\u0bbe\u0ba9\u0bc7 \u0baa\u0bbe\u0bb0\u0bcd\u0ba4\u0bcd\u0ba4\u0bc1, \u0b85\u0bb5\u0bcd\u0bb5\u0bbf\u0b9f\u0bae\u0bcd\u0bb5\u0bbf\u0b9f\u0bcd\u0b9f\u0bc1\u0baa\u0bcd \u0baa\u0bcb\u0ba9\u0bb5\u0bc1\u0b9f\u0ba9\u0bc7, \u0ba4\u0ba9\u0bcd\u0b9a\u0bbe\u0baf\u0bb2\u0bcd \u0b87\u0ba9\u0bcd\u0ba9\u0ba4\u0bc6\u0ba9\u0bcd\u0baa\u0ba4\u0bc8 \u0bae\u0bb1\u0ba8\u0bcd\u0ba4\u0bc1\u0bb5\u0bbf\u0b9f\u0bc1\u0bb5\u0bbe\u0ba9\u0bcd."},{"Verseid":"58000024","Verse":"\u0b9a\u0bc1\u0baf\u0bbe\u0ba4\u0bc0\u0ba9\u0baa\u0bcd\u0baa\u0bbf\u0bb0\u0bae\u0bbe\u0ba3\u0bae\u0bbe\u0b95\u0bbf\u0baf \u0baa\u0bc2\u0bb0\u0ba3\u0baa\u0bcd\u0baa\u0bbf\u0bb0\u0bae\u0bbe\u0ba3\u0ba4\u0bcd\u0ba4\u0bc8 \u0b89\u0bb1\u0bcd\u0bb1\u0bc1\u0baa\u0bcd\u0baa\u0bbe\u0bb0\u0bcd\u0ba4\u0bcd\u0ba4\u0bc1, \u0b85\u0ba4\u0bbf\u0bb2\u0bc7 \u0ba8\u0bbf\u0bb2\u0bc8\u0ba4\u0bcd\u0ba4\u0bbf\u0bb0\u0bc1\u0b95\u0bcd\u0b95\u0bbf\u0bb1\u0bb5\u0ba9\u0bc7 \u0b95\u0bc7\u0b9f\u0bcd\u0b95\u0bbf\u0bb1\u0ba4\u0bc8 \u0bae\u0bb1\u0b95\u0bcd\u0b95\u0bbf\u0bb1\u0bb5\u0ba9\u0bbe\u0baf\u0bbf\u0bb0\u0bbe\u0bae\u0bb2\u0bcd, \u0b85\u0ba4\u0bb1\u0bcd\u0b95\u0bc7\u0bb1\u0bcd\u0bb1 \u0b95\u0bbf\u0bb0\u0bbf\u0baf\u0bc8 \u0b9a\u0bc6\u0baf\u0bcd\u0b95\u0bbf\u0bb1\u0bb5\u0ba9\u0bbe\u0baf\u0bbf\u0bb0\u0bc1\u0ba8\u0bcd\u0ba4\u0bc1, \u0ba4\u0ba9\u0bcd \u0b9a\u0bc6\u0baf\u0bcd\u0b95\u0bc8\u0baf\u0bbf\u0bb2\u0bcd \u0baa\u0bbe\u0b95\u0bcd\u0b95\u0bbf\u0baf\u0bb5\u0bbe\u0ba9\u0bbe\u0baf\u0bbf\u0bb0\u0bc1\u0baa\u0bcd\u0baa\u0bbe\u0ba9\u0bcd."},{"Verseid":"58000025","Verse":"\u0b89\u0b99\u0bcd\u0b95\u0bb3\u0bbf\u0bb2\u0bcd \u0b92\u0bb0\u0bc1\u0bb5\u0ba9\u0bcd \u0ba4\u0ba9\u0bcd \u0ba8\u0bbe\u0bb5\u0bc8 \u0b85\u0b9f\u0b95\u0bcd\u0b95\u0bbe\u0bae\u0bb2\u0bcd, \u0ba4\u0ba9\u0bcd \u0b87\u0bb0\u0bc1\u0ba4\u0baf\u0ba4\u0bcd\u0ba4\u0bc8 \u0bb5\u0b9e\u0bcd\u0b9a\u0bbf\u0ba4\u0bcd\u0ba4\u0bc1, \u0ba4\u0ba9\u0bcd\u0ba9\u0bc8 \u0ba4\u0bc7\u0bb5\u0baa\u0b95\u0bcd\u0ba4\u0bbf\u0baf\u0bc1\u0bb3\u0bcd\u0bb3\u0bb5\u0ba9\u0bc6\u0ba9\u0bcd\u0bb1\u0bc1 \u0b8e\u0ba3\u0bcd\u0ba3\u0bbf\u0ba9\u0bbe\u0bb2\u0bcd \u0b85\u0bb5\u0ba9\u0bc1\u0b9f\u0bc8\u0baf \u0ba4\u0bc7\u0bb5\u0baa\u0b95\u0bcd\u0ba4\u0bbf \u0bb5\u0bc0\u0ba3\u0bbe\u0baf\u0bbf\u0bb0\u0bc1\u0b95\u0bcd\u0b95\u0bc1\u0bae\u0bcd."},{"Verseid":"58000026","Verse":"\u0ba4\u0bbf\u0b95\u0bcd\u0b95\u0bb1\u0bcd\u0bb1 \u0baa\u0bbf\u0bb3\u0bcd\u0bb3\u0bc8\u0b95\u0bb3\u0bc1\u0bae\u0bcd \u0bb5\u0bbf\u0ba4\u0bb5\u0bc8\u0b95\u0bb3\u0bc1\u0bae\u0bcd \u0baa\u0b9f\u0bc1\u0b95\u0bbf\u0bb1 \u0b89\u0baa\u0ba4\u0bcd\u0ba4\u0bbf\u0bb0\u0bb5\u0ba4\u0bcd\u0ba4\u0bbf\u0bb2\u0bc7 \u0b85\u0bb5\u0bb0\u0bcd\u0b95\u0bb3\u0bc8 \u0bb5\u0bbf\u0b9a\u0bbe\u0bb0\u0bbf\u0b95\u0bcd\u0b95\u0bbf\u0bb1\u0ba4\u0bc1\u0bae\u0bcd, \u0b89\u0bb2\u0b95\u0ba4\u0bcd\u0ba4\u0bbe\u0bb2\u0bcd \u0b95\u0bb1\u0bc8\u0baa\u0b9f\u0bbe\u0ba4\u0baa\u0b9f\u0bbf\u0b95\u0bcd\u0b95\u0bc1\u0ba4\u0bcd \u0ba4\u0ba9\u0bcd\u0ba9\u0bc8\u0b95\u0bcd \u0b95\u0bbe\u0ba4\u0bcd\u0ba4\u0bc1\u0b95\u0bcd\u0b95\u0bca\u0bb3\u0bcd\u0bb3\u0bc1\u0b95\u0bbf\u0bb1\u0ba4\u0bc1\u0bae\u0bc7 \u0baa\u0bbf\u0ba4\u0bbe\u0bb5\u0bbe\u0b95\u0bbf\u0baf \u0ba4\u0bc7\u0bb5\u0ba9\u0bc1\u0b95\u0bcd\u0b95\u0bc1\u0bae\u0bc1\u0ba9\u0bcd\u0baa\u0bbe\u0b95 \u0bae\u0bbe\u0b9a\u0bbf\u0bb2\u0bcd\u0bb2\u0bbe\u0ba4 \u0b9a\u0bc1\u0ba4\u0bcd\u0ba4\u0bae\u0bbe\u0ba9 \u0baa\u0b95\u0bcd\u0ba4\u0bbf\u0baf\u0bbe\u0baf\u0bbf\u0bb0\u0bc1\u0b95\u0bcd\u0b95\u0bbf\u0bb1\u0ba4\u0bc1."}]},{"Verse":[{"Verseid":"58001000","Verse":"\u0b8e\u0ba9\u0bcd \u0b9a\u0b95\u0bcb\u0ba4\u0bb0\u0bb0\u0bc7, \u0bae\u0b95\u0bbf\u0bae\u0bc8\u0baf\u0bc1\u0bb3\u0bcd\u0bb3 \u0ba8\u0bae\u0bcd\u0bae\u0bc1\u0b9f\u0bc8\u0baf \u0b95\u0bb0\u0bcd\u0ba4\u0bcd\u0ba4\u0bb0\u0bbe\u0b95\u0bbf\u0baf \u0b87\u0baf\u0bc7\u0b9a\u0bc1\u0b95\u0bbf\u0bb1\u0bbf\u0bb8\u0bcd\u0ba4\u0bc1\u0bb5\u0bbf\u0ba9\u0bcd\u0bae\u0bc7\u0bb2\u0bc1\u0bb3\u0bcd\u0bb3 \u0bb5\u0bbf\u0b9a\u0bc1\u0bb5\u0bbe\u0b9a\u0ba4\u0bcd\u0ba4\u0bc8\u0baa\u0bcd \u0baa\u0b9f\u0bcd\u0b9a\u0baa\u0bbe\u0ba4\u0ba4\u0bcd\u0ba4\u0bcb\u0b9f\u0bc7 \u0baa\u0bb1\u0bcd\u0bb1\u0bbf\u0b95\u0bcd\u0b95\u0bca\u0bb3\u0bcd\u0bb3\u0bbe\u0ba4\u0bbf\u0bb0\u0bc1\u0baa\u0bcd\u0baa\u0bc0\u0bb0\u0bcd\u0b95\u0bb3\u0bbe\u0b95."},{"Verseid":"58001001","Verse":"\u0b8f\u0ba9\u0bc6\u0ba9\u0bbf\u0bb2\u0bcd, \u0baa\u0bca\u0ba9\u0bcd\u0bae\u0bcb\u0ba4\u0bbf\u0bb0\u0bae\u0bc1\u0bae\u0bcd \u0bae\u0bbf\u0ba9\u0bc1\u0b95\u0bcd\u0b95\u0bc1\u0bb3\u0bcd\u0bb3 \u0bb5\u0bb8\u0bcd\u0ba4\u0bbf\u0bb0\u0bae\u0bc1\u0bae\u0bcd \u0ba4\u0bb0\u0bbf\u0ba4\u0bcd\u0ba4\u0bbf\u0bb0\u0bc1\u0b95\u0bcd\u0b95\u0bbf\u0bb1 \u0b92\u0bb0\u0bc1\u0bae\u0ba9\u0bc1\u0bb7\u0ba9\u0bc1\u0bae\u0bcd, \u0b95\u0ba8\u0bcd\u0ba4\u0bc8\u0baf\u0bbe\u0ba9 \u0bb5\u0bb8\u0bcd\u0ba4\u0bbf\u0bb0\u0bae\u0bcd \u0ba4\u0bb0\u0bbf\u0ba4\u0bcd\u0ba4\u0bbf\u0bb0\u0bc1\u0b95\u0bcd\u0b95\u0bbf\u0bb1 \u0b92\u0bb0\u0bc1 \u0ba4\u0bb0\u0bbf\u0ba4\u0bcd\u0ba4\u0bbf\u0bb0\u0ba9\u0bc1\u0bae\u0bcd \u0b89\u0b99\u0bcd\u0b95\u0bb3\u0bcd \u0b86\u0bb2\u0baf\u0ba4\u0bcd\u0ba4\u0bbf\u0bb2\u0bcd \u0bb5\u0bb0\u0bc1\u0bae\u0bcd\u0baa\u0bcb\u0ba4\u0bc1,"},{"Verseid":"58001002","Verse":"\u0bae\u0bbf\u0ba9\u0bc1\u0b95\u0bcd\u0b95\u0bc1\u0bb3\u0bcd\u0bb3 \u0bb5\u0bb8\u0bcd\u0ba4\u0bbf\u0bb0\u0ba8\u0bcd\u0ba4\u0bb0\u0bbf\u0ba4\u0bcd\u0ba4\u0bb5\u0ba9\u0bc8\u0b95\u0bcd \u0b95\u0ba3\u0bcd\u0ba3\u0bcb\u0b95\u0bcd\u0b95\u0bbf: \u0ba8\u0bc0\u0bb0\u0bcd \u0b87\u0ba8\u0bcd\u0ba4 \u0ba8\u0bb2\u0bcd\u0bb2 \u0b87\u0b9f\u0ba4\u0bcd\u0ba4\u0bbf\u0bb2\u0bcd \u0b89\u0b9f\u0bcd\u0b95\u0bbe\u0bb0\u0bc1\u0bae\u0bcd \u0b8e\u0ba9\u0bcd\u0bb1\u0bc1\u0bae\u0bcd; \u0ba4\u0bb0\u0bbf\u0ba4\u0bcd\u0ba4\u0bbf\u0bb0\u0ba9\u0bc8\u0baa\u0bcd \u0baa\u0bbe\u0bb0\u0bcd\u0ba4\u0bcd\u0ba4\u0bc1: \u0ba8\u0bc0 \u0b85\u0b99\u0bcd\u0b95\u0bc7 \u0ba8\u0bbf\u0bb2\u0bcd\u0bb2\u0bc1, \u0b85\u0bb2\u0bcd\u0bb2\u0ba4\u0bc1 \u0b87\u0b99\u0bcd\u0b95\u0bc7 \u0b8e\u0ba9\u0bcd \u0baa\u0bbe\u0ba4\u0baa\u0b9f\u0bbf\u0baf\u0ba3\u0bcd\u0b9f\u0bc8\u0baf\u0bbf\u0bb2\u0bc7 \u0b89\u0b9f\u0bcd\u0b95\u0bbe\u0bb0\u0bc1 \u0b8e\u0ba9\u0bcd\u0bb1\u0bc1\u0bae\u0bcd \u0ba8\u0bc0\u0b99\u0bcd\u0b95\u0bb3\u0bcd \u0b9a\u0bca\u0ba9\u0bcd\u0ba9\u0bbe\u0bb2\u0bcd,"},{"Verseid":"58001003","Verse":"\u0b89\u0b99\u0bcd\u0b95\u0bb3\u0bc1\u0b95\u0bcd\u0b95\u0bc1\u0bb3\u0bcd\u0bb3\u0bc7 \u0baa\u0bc7\u0ba4\u0b95\u0bae\u0bcd\u0baa\u0ba3\u0bcd\u0ba3\u0bbf, \u0ba4\u0b95\u0bbe\u0ba4 \u0b9a\u0bbf\u0ba8\u0bcd\u0ba4\u0ba9\u0bc8\u0b95\u0bb3\u0bcb\u0b9f\u0bc7 \u0ba8\u0bbf\u0ba4\u0bbe\u0ba9\u0bbf\u0b95\u0bcd\u0b95\u0bbf\u0bb1\u0bb5\u0bb0\u0bcd\u0b95\u0bb3\u0bbe\u0baf\u0bbf\u0bb0\u0bc1\u0baa\u0bcd\u0baa\u0bc0\u0bb0\u0bcd\u0b95\u0bb3\u0bb2\u0bcd\u0bb2\u0bb5\u0bbe?"},{"Verseid":"58001004","Verse":"\u0b8e\u0ba9\u0bcd \u0baa\u0bbf\u0bb0\u0bbf\u0baf\u0bae\u0bbe\u0ba9 \u0b9a\u0b95\u0bcb\u0ba4\u0bb0\u0bb0\u0bc7, \u0b95\u0bc7\u0bb3\u0bc1\u0b99\u0bcd\u0b95\u0bb3\u0bcd; \u0ba4\u0bc7\u0bb5\u0ba9\u0bcd \u0b87\u0bb5\u0bcd\u0bb5\u0bc1\u0bb2\u0b95\u0ba4\u0bcd\u0ba4\u0bbf\u0ba9\u0bcd \u0ba4\u0bb0\u0bbf\u0ba4\u0bcd\u0ba4\u0bbf\u0bb0\u0bb0\u0bc8 \u0bb5\u0bbf\u0b9a\u0bc1\u0bb5\u0bbe\u0b9a\u0ba4\u0bcd\u0ba4\u0bbf\u0bb2\u0bcd \u0b90\u0b9a\u0bc1\u0bb5\u0bb0\u0bbf\u0baf\u0bb5\u0bbe\u0ba9\u0bcd\u0b95\u0bb3\u0bbe\u0b95\u0bb5\u0bc1\u0bae\u0bcd, \u0ba4\u0bae\u0bcd\u0bae\u0bbf\u0b9f\u0ba4\u0bcd\u0ba4\u0bbf\u0bb2\u0bcd \u0b85\u0ba9\u0bcd\u0baa\u0bc1\u0b95\u0bc2\u0bb0\u0bc1\u0b95\u0bbf\u0bb1\u0bb5\u0bb0\u0bcd\u0b95\u0bb3\u0bc1\u0b95\u0bcd\u0b95\u0bc1\u0ba4\u0bcd \u0ba4\u0bbe\u0bae\u0bcd \u0bb5\u0bbe\u0b95\u0bcd\u0b95\u0bc1\u0ba4\u0bcd\u0ba4\u0ba4\u0bcd\u0ba4\u0bae\u0bcd\u0baa\u0ba3\u0bcd\u0ba3\u0bbf\u0ba9 \u0bb0\u0bbe\u0b9c\u0bcd\u0baf\u0ba4\u0bcd\u0ba4\u0bc8\u0b9a\u0bcd \u0b9a\u0bc1\u0ba4\u0ba8\u0bcd\u0ba4\u0bb0\u0bbf\u0b95\u0bcd\u0b95\u0bbf\u0bb1\u0bb5\u0bb0\u0bcd\u0b95\u0bb3\u0bbe\u0b95\u0bb5\u0bc1\u0bae\u0bcd \u0ba4\u0bc6\u0bb0\u0bbf\u0ba8\u0bcd\u0ba4\u0bc1\u0b95\u0bca\u0bb3\u0bcd\u0bb3\u0bb5\u0bbf\u0bb2\u0bcd\u0bb2\u0bc8\u0baf\u0bbe?"},{"Verseid":"58001005","Verse":"\u0ba8\u0bc0\u0b99\u0bcd\u0b95\u0bb3\u0bcb \u0ba4\u0bb0\u0bbf\u0ba4\u0bcd\u0ba4\u0bbf\u0bb0\u0bb0\u0bc8\u0b95\u0bcd \u0b95\u0ba9\u0bb5\u0bc0\u0ba9\u0bae\u0bcd\u0baa\u0ba3\u0bcd\u0ba3\u0bc1\u0b95\u0bbf\u0bb1\u0bc0\u0bb0\u0bcd\u0b95\u0bb3\u0bcd. \u0b90\u0b9a\u0bc1\u0bb5\u0bb0\u0bbf\u0baf\u0bb5\u0bbe\u0ba9\u0bcd\u0b95\u0bb3\u0bb2\u0bcd\u0bb2\u0bb5\u0bcb \u0b89\u0b99\u0bcd\u0b95\u0bb3\u0bc8 \u0b92\u0b9f\u0bc1\u0b95\u0bcd\u0b95\u0bc1\u0b95\u0bbf\u0bb1\u0bbe\u0bb0\u0bcd\u0b95\u0bb3\u0bcd? \u0b85\u0bb5\u0bb0\u0bcd\u0b95\u0bb3\u0bb2\u0bcd\u0bb2\u0bb5\u0bcb \u0b89\u0b99\u0bcd\u0b95\u0bb3\u0bc8 \u0ba8\u0bbf\u0baf\u0bbe\u0baf\u0bbe\u0b9a\u0ba9\u0b99\u0bcd\u0b95\u0bb3\u0bc1\u0b95\u0bcd\u0b95\u0bc1 \u0bae\u0bc1\u0ba9\u0bcd\u0baa\u0bbe\u0b95 \u0b87\u0bb4\u0bc1\u0b95\u0bcd\u0b95\u0bbf\u0bb1\u0bbe\u0bb0\u0bcd\u0b95\u0bb3\u0bcd?"},{"Verseid":"58001006","Verse":"\u0b89\u0b99\u0bcd\u0b95\u0bb3\u0bc1\u0b95\u0bcd\u0b95\u0bc1\u0ba4\u0bcd \u0ba4\u0bb0\u0bbf\u0b95\u0bcd\u0b95\u0baa\u0bcd\u0baa\u0b9f\u0bcd\u0b9f \u0ba8\u0bb2\u0bcd\u0bb2 \u0ba8\u0bbe\u0bae\u0ba4\u0bcd\u0ba4\u0bc8 \u0b85\u0bb5\u0bb0\u0bcd\u0b95\u0bb3\u0bb2\u0bcd\u0bb2\u0bb5\u0bcb \u0ba4\u0bc2\u0bb7\u0bbf\u0b95\u0bcd\u0b95\u0bbf\u0bb1\u0bbe\u0bb0\u0bcd\u0b95\u0bb3\u0bcd?"},{"Verseid":"58001007","Verse":"\u0b89\u0ba9\u0bcd\u0ba9\u0bbf\u0b9f\u0ba4\u0bcd\u0ba4\u0bbf\u0bb2\u0bcd \u0ba8\u0bc0 \u0b85\u0ba9\u0bcd\u0baa\u0bc1\u0b95\u0bc2\u0bb0\u0bc1\u0b95\u0bbf\u0bb1\u0ba4\u0bc1\u0baa\u0bcb\u0bb2\u0baa\u0bcd \u0baa\u0bbf\u0bb1\u0ba9\u0bbf\u0b9f\u0ba4\u0bcd\u0ba4\u0bbf\u0bb2\u0bc1\u0bae\u0bcd \u0b85\u0ba9\u0bcd\u0baa\u0bc1\u0b95\u0bc2\u0bb0\u0bc1\u0bb5\u0bbe\u0baf\u0bbe\u0b95 \u0b8e\u0ba9\u0bcd\u0bb1\u0bc1 \u0bb5\u0bc7\u0ba4\u0bb5\u0bbe\u0b95\u0bcd\u0b95\u0bbf\u0baf\u0bae\u0bcd \u0b9a\u0bca\u0bb2\u0bcd\u0bb2\u0bc1\u0b95\u0bbf\u0bb1 \u0bb0\u0bbe\u0b9c\u0bb0\u0bc0\u0b95 \u0baa\u0bbf\u0bb0\u0bae\u0bbe\u0ba3\u0ba4\u0bcd\u0ba4\u0bc8 \u0ba8\u0bc0\u0b99\u0bcd\u0b95\u0bb3\u0bcd \u0ba8\u0bbf\u0bb1\u0bc8\u0bb5\u0bc7\u0bb1\u0bcd\u0bb1\u0bbf\u0ba9\u0bbe\u0bb2\u0bcd \u0ba8\u0ba9\u0bcd\u0bae\u0bc8\u0b9a\u0bc6\u0baf\u0bcd\u0bb5\u0bc0\u0bb0\u0bcd\u0b95\u0bb3\u0bcd."},{"Verseid":"58001008","Verse":"\u0baa\u0b9f\u0bcd\u0b9a\u0baa\u0bbe\u0ba4\u0bae\u0bc1\u0bb3\u0bcd\u0bb3\u0bb5\u0bb0\u0bcd\u0b95\u0bb3\u0bbe\u0baf\u0bbf\u0bb0\u0bc1\u0baa\u0bcd\u0baa\u0bc0\u0bb0\u0bcd\u0b95\u0bb3\u0bbe\u0ba9\u0bbe\u0bb2\u0bcd, \u0baa\u0bbe\u0bb5\u0b9e\u0bcd\u0b9a\u0bc6\u0baf\u0bcd\u0ba4\u0bc1, \u0bae\u0bc0\u0bb1\u0bbf\u0ba9\u0bb5\u0bb0\u0bcd\u0b95\u0bb3\u0bc6\u0ba9\u0bcd\u0bb1\u0bc1 \u0ba8\u0bbf\u0baf\u0bbe\u0baf\u0baa\u0bcd\u0baa\u0bbf\u0bb0\u0bae\u0bbe\u0ba3\u0ba4\u0bcd\u0ba4\u0bbe\u0bb2\u0bcd \u0ba4\u0bc0\u0bb0\u0bcd\u0b95\u0bcd\u0b95\u0baa\u0bcd\u0baa\u0b9f\u0bc1\u0bb5\u0bc0\u0bb0\u0bcd\u0b95\u0bb3\u0bcd."},{"Verseid":"58001009","Verse":"\u0b8e\u0baa\u0bcd\u0baa\u0b9f\u0bbf\u0baf\u0bc6\u0ba9\u0bbf\u0bb2\u0bcd, \u0b92\u0bb0\u0bc1\u0bb5\u0ba9\u0bcd \u0ba8\u0bbf\u0baf\u0bbe\u0baf\u0baa\u0bcd\u0baa\u0bbf\u0bb0\u0bae\u0bbe\u0ba3\u0bae\u0bcd \u0bae\u0bc1\u0bb4\u0bc1\u0bb5\u0ba4\u0bc8\u0baf\u0bc1\u0bae\u0bcd \u0b95\u0bc8\u0b95\u0bcd\u0b95\u0bca\u0ba3\u0bcd\u0b9f\u0bbf\u0bb0\u0bc1\u0ba8\u0bcd\u0ba4\u0bc1\u0bae\u0bcd, \u0b92\u0ba9\u0bcd\u0bb1\u0bbf\u0bb2\u0bc7 \u0ba4\u0bb5\u0bb1\u0bbf\u0ba9\u0bbe\u0bb2\u0bcd \u0b8e\u0bb2\u0bcd\u0bb2\u0bbe\u0bb5\u0bb1\u0bcd\u0bb1\u0bbf\u0bb2\u0bc1\u0bae\u0bcd \u0b95\u0bc1\u0bb1\u0bcd\u0bb1\u0bb5\u0bbe\u0bb3\u0bbf\u0baf\u0bbe\u0baf\u0bbf\u0bb0\u0bc1\u0baa\u0bcd\u0baa\u0bbe\u0ba9\u0bcd."},{"Verseid":"58001010","Verse":"\u0b8f\u0ba9\u0bc6\u0ba9\u0bcd\u0bb1\u0bbe\u0bb2\u0bcd, \u0bb5\u0bbf\u0baa\u0b9a\u0bbe\u0bb0\u0b9e\u0bcd\u0b9a\u0bc6\u0baf\u0bcd\u0baf\u0bbe\u0ba4\u0bbf\u0bb0\u0bc1\u0baa\u0bcd\u0baa\u0bbe\u0baf\u0bbe\u0b95 \u0b8e\u0ba9\u0bcd\u0bb1\u0bc1 \u0b9a\u0bca\u0ba9\u0bcd\u0ba9\u0bb5\u0bb0\u0bcd \u0b95\u0bca\u0bb2\u0bc8\u0b9a\u0bc6\u0baf\u0bcd\u0baf\u0bbe\u0ba4\u0bbf\u0bb0\u0bc1\u0baa\u0bcd\u0baa\u0bbe\u0baf\u0bbe\u0b95 \u0b8e\u0ba9\u0bcd\u0bb1\u0bc1\u0bae\u0bcd \u0b9a\u0bca\u0ba9\u0bcd\u0ba9\u0bbe\u0bb0\u0bcd; \u0b86\u0ba4\u0bb2\u0bbe\u0bb2\u0bcd, \u0ba8\u0bc0 \u0bb5\u0bbf\u0baa\u0b9a\u0bbe\u0bb0\u0b9e\u0bcd\u0b9a\u0bc6\u0baf\u0bcd\u0baf\u0bbe\u0bae\u0bb2\u0bbf\u0bb0\u0bc1\u0ba8\u0bcd\u0ba4\u0bc1\u0bae\u0bcd \u0b95\u0bca\u0bb2\u0bc8\u0b9a\u0bc6\u0baf\u0bcd\u0ba4\u0bbe\u0baf\u0bbe\u0ba9\u0bbe\u0bb2\u0bcd \u0ba8\u0bbf\u0baf\u0bbe\u0baf\u0baa\u0bcd\u0baa\u0bbf\u0bb0\u0bae\u0bbe\u0ba3\u0ba4\u0bcd\u0ba4\u0bc8 \u0bae\u0bc0\u0bb1\u0bbf\u0ba9\u0bb5\u0ba9\u0bbe\u0bb5\u0bbe\u0baf\u0bcd."},{"Verseid":"58001011","Verse":"\u0b9a\u0bc1\u0baf\u0bbe\u0ba4\u0bc0\u0ba9\u0baa\u0bcd\u0baa\u0bbf\u0bb0\u0bae\u0bbe\u0ba3\u0ba4\u0bcd\u0ba4\u0bbf\u0ba9\u0bbe\u0bb2\u0bcd \u0ba8\u0bbf\u0baf\u0bbe\u0baf\u0ba4\u0bcd\u0ba4\u0bc0\u0bb0\u0bcd\u0baa\u0bcd\u0baa\u0b9f\u0bc8\u0baf\u0baa\u0bcd\u0baa\u0bcb\u0b95\u0bbf\u0bb1\u0bb5\u0bb0\u0bcd\u0b95\u0bb3\u0bbe\u0baf\u0bcd \u0b85\u0ba4\u0bb1\u0bcd\u0b95\u0bc7\u0bb1\u0bcd\u0bb1\u0baa\u0b9f\u0bbf \u0baa\u0bc7\u0b9a\u0bbf, \u0b85\u0ba4\u0bb1\u0bcd\u0b95\u0bc7\u0bb1\u0bcd\u0bb1\u0baa\u0b9f\u0bbf \u0b9a\u0bc6\u0baf\u0bcd\u0baf\u0bc1\u0b99\u0bcd\u0b95\u0bb3\u0bcd."},{"Verseid":"58001012","Verse":"\u0b8f\u0ba9\u0bc6\u0ba9\u0bcd\u0bb1\u0bbe\u0bb2\u0bcd, \u0b87\u0bb0\u0b95\u0bcd\u0b95\u0b9e\u0bcd\u0b9a\u0bc6\u0baf\u0bcd\u0baf\u0bbe\u0ba4\u0bb5\u0ba9\u0bc1\u0b95\u0bcd\u0b95\u0bc1 \u0b87\u0bb0\u0b95\u0bcd\u0b95\u0bae\u0bbf\u0bb2\u0bcd\u0bb2\u0bbe\u0ba4 \u0ba8\u0bbf\u0baf\u0bbe\u0baf\u0ba4\u0bcd\u0ba4\u0bc0\u0bb0\u0bcd\u0baa\u0bcd\u0baa\u0bc1\u0b95\u0bcd \u0b95\u0bbf\u0b9f\u0bc8\u0b95\u0bcd\u0b95\u0bc1\u0bae\u0bcd; \u0ba8\u0bbf\u0baf\u0bbe\u0baf\u0ba4\u0bcd\u0ba4\u0bc0\u0bb0\u0bcd\u0baa\u0bcd\u0baa\u0bc1\u0b95\u0bcd\u0b95\u0bc1 \u0bae\u0bc1\u0ba9\u0bcd\u0baa\u0bbe\u0b95 \u0b87\u0bb0\u0b95\u0bcd\u0b95\u0bae\u0bcd \u0bae\u0bc7\u0ba9\u0bcd\u0bae\u0bc8\u0baa\u0bbe\u0bb0\u0bbe\u0b9f\u0bcd\u0b9f\u0bc1\u0bae\u0bcd."},{"Verseid":"58001013","Verse":"\u0b8e\u0ba9\u0bcd \u0b9a\u0b95\u0bcb\u0ba4\u0bb0\u0bb0\u0bc7, \u0b92\u0bb0\u0bc1\u0bb5\u0ba9\u0bcd \u0ba4\u0ba9\u0b95\u0bcd\u0b95\u0bc1 \u0bb5\u0bbf\u0b9a\u0bc1\u0bb5\u0bbe\u0b9a\u0bae\u0bc1\u0ba3\u0bcd\u0b9f\u0bc6\u0ba9\u0bcd\u0bb1\u0bc1 \u0b9a\u0bca\u0bb2\u0bcd\u0bb2\u0bbf\u0baf\u0bc1\u0bae\u0bcd, \u0b95\u0bbf\u0bb0\u0bbf\u0baf\u0bc8\u0b95\u0bb3\u0bbf\u0bb2\u0bcd\u0bb2\u0bbe\u0ba4\u0bb5\u0ba9\u0bbe\u0ba9\u0bbe\u0bb2\u0bcd \u0b85\u0bb5\u0ba9\u0bc1\u0b95\u0bcd\u0b95\u0bc1\u0baa\u0bcd \u0baa\u0bbf\u0bb0\u0baf\u0bcb\u0b9c\u0ba9\u0bae\u0bc6\u0ba9\u0bcd\u0ba9? \u0b85\u0ba8\u0bcd\u0ba4 \u0bb5\u0bbf\u0b9a\u0bc1\u0bb5\u0bbe\u0b9a\u0bae\u0bcd \u0b85\u0bb5\u0ba9\u0bc8 \u0b87\u0bb0\u0b9f\u0bcd\u0b9a\u0bbf\u0b95\u0bcd\u0b95\u0bc1\u0bae\u0bbe?"},{"Verseid":"58001014","Verse":"\u0b92\u0bb0\u0bc1 \u0b9a\u0b95\u0bcb\u0ba4\u0bb0\u0ba9\u0bbe\u0bb5\u0ba4\u0bc1 \u0b9a\u0b95\u0bcb\u0ba4\u0bb0\u0bbf\u0baf\u0bbe\u0bb5\u0ba4\u0bc1 \u0bb5\u0bb8\u0bcd\u0ba4\u0bbf\u0bb0\u0bae\u0bbf\u0bb2\u0bcd\u0bb2\u0bbe\u0bae\u0bb2\u0bc1\u0bae\u0bcd \u0b85\u0ba8\u0bc1\u0ba4\u0bbf\u0ba9 \u0b86\u0b95\u0bbe\u0bb0\u0bae\u0bbf\u0bb2\u0bcd\u0bb2\u0bbe\u0bae\u0bb2\u0bc1\u0bae\u0bcd \u0b87\u0bb0\u0bc1\u0b95\u0bcd\u0b95\u0bc1\u0bae\u0bcd\u0baa\u0bcb\u0ba4\u0bc1,"},{"Verseid":"58001015","Verse":"\u0b89\u0b99\u0bcd\u0b95\u0bb3\u0bbf\u0bb2\u0bcd \u0b92\u0bb0\u0bc1\u0bb5\u0ba9\u0bcd \u0b85\u0bb5\u0bb0\u0bcd\u0b95\u0bb3\u0bc8 \u0ba8\u0bcb\u0b95\u0bcd\u0b95\u0bbf: \u0ba8\u0bc0\u0b99\u0bcd\u0b95\u0bb3\u0bcd \u0b9a\u0bae\u0bbe\u0ba4\u0bbe\u0ba9\u0ba4\u0bcd\u0ba4\u0bcb\u0b9f\u0bc7 \u0baa\u0bcb\u0b99\u0bcd\u0b95\u0bb3\u0bcd, \u0b95\u0bc1\u0bb3\u0bbf\u0bb0\u0bcd\u0b95\u0bbe\u0baf\u0bcd\u0ba8\u0bcd\u0ba4\u0bc1 \u0baa\u0b9a\u0bbf\u0baf\u0bbe\u0bb1\u0bc1\u0b99\u0bcd\u0b95\u0bb3\u0bc6\u0ba9\u0bcd\u0bb1\u0bc1 \u0b9a\u0bca\u0bb2\u0bcd\u0bb2\u0bbf\u0baf\u0bc1\u0bae\u0bcd, \u0b9a\u0bb0\u0bc0\u0bb0\u0ba4\u0bcd\u0ba4\u0bbf\u0bb1\u0bcd\u0b95\u0bc1 \u0bb5\u0bc7\u0ba3\u0bcd\u0b9f\u0bbf\u0baf\u0bb5\u0bc8\u0b95\u0bb3\u0bc8 \u0b85\u0bb5\u0bb0\u0bcd\u0b95\u0bb3\u0bc1\u0b95\u0bcd\u0b95\u0bc1\u0b95\u0bcd \u0b95\u0bca\u0b9f\u0bbe\u0bb5\u0bbf\u0b9f\u0bcd\u0b9f\u0bbe\u0bb2\u0bcd \u0baa\u0bbf\u0bb0\u0baf\u0bcb\u0b9c\u0ba9\u0bae\u0bc6\u0ba9\u0bcd\u0ba9?"},{"Verseid":"58001016","Verse":"\u0b85\u0baa\u0bcd\u0baa\u0b9f\u0bbf\u0baf\u0bc7 \u0bb5\u0bbf\u0b9a\u0bc1\u0bb5\u0bbe\u0b9a\u0bae\u0bc1\u0bae\u0bcd \u0b95\u0bbf\u0bb0\u0bbf\u0baf\u0bc8\u0b95\u0bb3\u0bbf\u0bb2\u0bcd\u0bb2\u0bbe\u0ba4\u0bbf\u0bb0\u0bc1\u0ba8\u0bcd\u0ba4\u0bbe\u0bb2\u0bcd \u0ba4\u0ba9\u0bcd\u0ba9\u0bbf\u0bb2\u0bc7\u0ba4\u0bbe\u0ba9\u0bc7 \u0b9a\u0bc6\u0ba4\u0bcd\u0ba4\u0ba4\u0bbe\u0baf\u0bbf\u0bb0\u0bc1\u0b95\u0bcd\u0b95\u0bc1\u0bae\u0bcd."},{"Verseid":"58001017","Verse":"\u0b92\u0bb0\u0bc1\u0bb5\u0ba9\u0bcd: \u0b89\u0ba9\u0b95\u0bcd\u0b95\u0bc1 \u0bb5\u0bbf\u0b9a\u0bc1\u0bb5\u0bbe\u0b9a\u0bae\u0bc1\u0ba3\u0bcd\u0b9f\u0bc1, \u0b8e\u0ba9\u0b95\u0bcd\u0b95\u0bc1\u0b95\u0bcd \u0b95\u0bbf\u0bb0\u0bbf\u0baf\u0bc8\u0b95\u0bb3\u0bc1\u0ba3\u0bcd\u0b9f\u0bc1; \u0b95\u0bbf\u0bb0\u0bbf\u0baf\u0bc8\u0b95\u0bb3\u0bbf\u0bb2\u0bcd\u0bb2\u0bbe\u0bae\u0bb2\u0bcd \u0b89\u0ba9\u0bcd \u0bb5\u0bbf\u0b9a\u0bc1\u0bb5\u0bbe\u0b9a\u0ba4\u0bcd\u0ba4\u0bc8 \u0b8e\u0ba9\u0b95\u0bcd\u0b95\u0bc1\u0b95\u0bcd\u0b95\u0bbe\u0ba3\u0bcd\u0baa\u0bbf, \u0ba8\u0bbe\u0ba9\u0bcd \u0b8e\u0ba9\u0bcd \u0bb5\u0bbf\u0b9a\u0bc1\u0bb5\u0bbe\u0b9a\u0ba4\u0bcd\u0ba4\u0bc8 \u0b8e\u0ba9\u0bcd \u0b95\u0bbf\u0bb0\u0bbf\u0baf\u0bc8\u0b95\u0bb3\u0bbf\u0ba9\u0bbe\u0bb2\u0bc7 \u0b89\u0ba9\u0b95\u0bcd\u0b95\u0bc1\u0b95\u0bcd \u0b95\u0bbe\u0ba3\u0bcd\u0baa\u0bbf\u0baa\u0bcd\u0baa\u0bc7\u0ba9\u0bcd \u0b8e\u0ba9\u0bcd\u0baa\u0bbe\u0ba9\u0bc7."},{"Verseid":"58001018","Verse":"\u0ba4\u0bc7\u0bb5\u0ba9\u0bcd \u0b92\u0bb0\u0bc1\u0bb5\u0bb0\u0bcd \u0b89\u0ba3\u0bcd\u0b9f\u0bc6\u0ba9\u0bcd\u0bb1\u0bc1 \u0bb5\u0bbf\u0b9a\u0bc1\u0bb5\u0bbe\u0b9a\u0bbf\u0b95\u0bcd\u0b95\u0bbf\u0bb1\u0bbe\u0baf\u0bcd, \u0b85\u0baa\u0bcd\u0baa\u0b9f\u0bbf\u0b9a\u0bcd \u0b9a\u0bc6\u0baf\u0bcd\u0b95\u0bbf\u0bb1\u0ba4\u0bc1 \u0ba8\u0bb2\u0bcd\u0bb2\u0ba4\u0bc1\u0ba4\u0bbe\u0ba9\u0bcd; \u0baa\u0bbf\u0b9a\u0bbe\u0b9a\u0bc1\u0b95\u0bb3\u0bc1\u0bae\u0bcd \u0bb5\u0bbf\u0b9a\u0bc1\u0bb5\u0bbe\u0b9a\u0bbf\u0ba4\u0bcd\u0ba4\u0bc1, \u0ba8\u0b9f\u0bc1\u0b99\u0bcd\u0b95\u0bc1\u0b95\u0bbf\u0ba9\u0bcd\u0bb1\u0ba9."},{"Verseid":"58001019","Verse":"\u0bb5\u0bc0\u0ba3\u0bbe\u0ba9 \u0bae\u0ba9\u0bc1\u0bb7\u0ba9\u0bc7, \u0b95\u0bbf\u0bb0\u0bbf\u0baf\u0bc8\u0b95\u0bb3\u0bbf\u0bb2\u0bcd\u0bb2\u0bbe\u0ba4 \u0bb5\u0bbf\u0b9a\u0bc1\u0bb5\u0bbe\u0b9a\u0bae\u0bcd \u0b9a\u0bc6\u0ba4\u0bcd\u0ba4\u0ba4\u0bc6\u0ba9\u0bcd\u0bb1\u0bc1 \u0ba8\u0bc0 \u0b85\u0bb1\u0bbf\u0baf\u0bb5\u0bc7\u0ba3\u0bcd\u0b9f\u0bc1\u0bae\u0bcb?"},{"Verseid":"58001020","Verse":"\u0ba8\u0bae\u0bcd\u0bae\u0bc1\u0b9f\u0bc8\u0baf \u0baa\u0bbf\u0ba4\u0bbe\u0bb5\u0bbe\u0b95\u0bbf\u0baf \u0b86\u0baa\u0bbf\u0bb0\u0b95\u0bbe\u0bae\u0bcd \u0ba4\u0ba9\u0bcd \u0b95\u0bc1\u0bae\u0bbe\u0bb0\u0ba9\u0bcd \u0b88\u0b9a\u0bbe\u0b95\u0bcd\u0b95\u0bc8\u0baa\u0bcd \u0baa\u0bb2\u0bbf\u0baa\u0bc0\u0b9f\u0ba4\u0bcd\u0ba4\u0bbf\u0ba9\u0bcd\u0bae\u0bc7\u0bb2\u0bcd \u0b9a\u0bc6\u0bb2\u0bc1\u0ba4\u0bcd\u0ba4\u0bbf\u0ba9\u0baa\u0bcb\u0ba4\u0bc1, \u0b95\u0bbf\u0bb0\u0bbf\u0baf\u0bc8\u0b95\u0bb3\u0bbf\u0ba9\u0bbe\u0bb2\u0bc7 \u0b85\u0bb2\u0bcd\u0bb2\u0bb5\u0bcb \u0ba8\u0bc0\u0ba4\u0bbf\u0bae\u0bbe\u0ba9\u0bbe\u0b95\u0bcd\u0b95\u0baa\u0bcd\u0baa\u0b9f\u0bcd\u0b9f\u0bbe\u0ba9\u0bcd?"},{"Verseid":"58001021","Verse":"\u0bb5\u0bbf\u0b9a\u0bc1\u0bb5\u0bbe\u0b9a\u0bae\u0bcd \u0b85\u0bb5\u0ba9\u0bc1\u0b9f\u0bc8\u0baf \u0b95\u0bbf\u0bb0\u0bbf\u0baf\u0bc8\u0b95\u0bb3\u0bcb\u0b9f\u0bc7\u0b95\u0bc2\u0b9f \u0bae\u0bc1\u0baf\u0bb1\u0bcd\u0b9a\u0bbf\u0b9a\u0bc6\u0baf\u0bcd\u0ba4\u0bc1, \u0b95\u0bbf\u0bb0\u0bbf\u0baf\u0bc8\u0b95\u0bb3\u0bbf\u0ba9\u0bbe\u0bb2\u0bc7 \u0bb5\u0bbf\u0b9a\u0bc1\u0bb5\u0bbe\u0b9a\u0bae\u0bcd \u0baa\u0bc2\u0bb0\u0ba3\u0baa\u0bcd\u0baa\u0b9f\u0bcd\u0b9f\u0ba4\u0bc6\u0ba9\u0bcd\u0bb1\u0bc1 \u0b95\u0bbe\u0ba3\u0bcd\u0b95\u0bbf\u0bb1\u0bbe\u0baf\u0bc7."},{"Verseid":"58001022","Verse":"\u0b85\u0baa\u0bcd\u0baa\u0b9f\u0bbf\u0baf\u0bc7 \u0b86\u0baa\u0bbf\u0bb0\u0b95\u0bbe\u0bae\u0bcd \u0ba4\u0bc7\u0bb5\u0ba9\u0bc8 \u0bb5\u0bbf\u0b9a\u0bc1\u0bb5\u0bbe\u0b9a\u0bbf\u0ba4\u0bcd\u0ba4\u0bbe\u0ba9\u0bcd, \u0b85\u0ba4\u0bc1 \u0b85\u0bb5\u0ba9\u0bc1\u0b95\u0bcd\u0b95\u0bc1 \u0ba8\u0bc0\u0ba4\u0bbf\u0baf\u0bbe\u0b95 \u0b8e\u0ba3\u0bcd\u0ba3\u0baa\u0bcd\u0baa\u0b9f\u0bcd\u0b9f\u0ba4\u0bc1 \u0b8e\u0ba9\u0bcd\u0b95\u0bbf\u0bb1 \u0bb5\u0bc7\u0ba4\u0bb5\u0bbe\u0b95\u0bcd\u0b95\u0bbf\u0baf\u0bae\u0bcd \u0ba8\u0bbf\u0bb1\u0bc8\u0bb5\u0bc7\u0bb1\u0bbf\u0bb1\u0bcd\u0bb1\u0bc1; \u0b85\u0bb5\u0ba9\u0bcd \u0ba4\u0bc7\u0bb5\u0ba9\u0bc1\u0b9f\u0bc8\u0baf \u0b9a\u0bbf\u0ba8\u0bc7\u0b95\u0bbf\u0ba4\u0ba9\u0bc6\u0ba9\u0bcd\u0ba9\u0baa\u0bcd\u0baa\u0b9f\u0bcd\u0b9f\u0bbe\u0ba9\u0bcd."},{"Verseid":"58001023","Verse":"\u0b86\u0ba4\u0bb2\u0bbe\u0bb2\u0bcd, \u0bae\u0ba9\u0bc1\u0bb7\u0ba9\u0bcd \u0bb5\u0bbf\u0b9a\u0bc1\u0bb5\u0bbe\u0b9a\u0ba4\u0bcd\u0ba4\u0bbf\u0bb2\u0bc7\u0bae\u0bbe\u0ba4\u0bcd\u0ba4\u0bbf\u0bb0\u0bae\u0bb2\u0bcd\u0bb2, \u0b95\u0bbf\u0bb0\u0bbf\u0baf\u0bc8\u0b95\u0bb3\u0bbf\u0ba9\u0bbe\u0bb2\u0bc7\u0baf\u0bc1\u0bae\u0bcd \u0ba8\u0bc0\u0ba4\u0bbf\u0bae\u0bbe\u0ba9\u0bbe\u0b95\u0bcd\u0b95\u0baa\u0bcd\u0baa\u0b9f\u0bc1\u0b95\u0bbf\u0bb1\u0bbe\u0ba9\u0bc6\u0ba9\u0bcd\u0bb1\u0bc1 \u0ba8\u0bc0\u0b99\u0bcd\u0b95\u0bb3\u0bcd \u0b95\u0bbe\u0ba3\u0bcd\u0b95\u0bbf\u0bb1\u0bc0\u0bb0\u0bcd\u0b95\u0bb3\u0bc7."},{"Verseid":"58001024","Verse":"\u0b85\u0ba8\u0bcd\u0ba4\u0baa\u0bcd\u0baa\u0b9f\u0bbf \u0bb0\u0bbe\u0b95\u0bbe\u0baa\u0bcd \u0b8e\u0ba9\u0bcd\u0ba9\u0bc1\u0bae\u0bcd \u0bb5\u0bc7\u0b9a\u0bbf\u0baf\u0bc1\u0bae\u0bcd \u0ba4\u0bc2\u0ba4\u0bb0\u0bcd\u0b95\u0bb3\u0bc8 \u0b8f\u0bb1\u0bcd\u0bb1\u0bc1\u0b95\u0bcd\u0b95\u0bca\u0ba3\u0bcd\u0b9f\u0bc1 \u0bb5\u0bc7\u0bb1\u0bc1\u0bb5\u0bb4\u0bbf\u0baf\u0bbe\u0baf\u0bcd \u0b85\u0ba9\u0bc1\u0baa\u0bcd\u0baa\u0bbf\u0bb5\u0bbf\u0b9f\u0bcd\u0b9f\u0baa\u0bcb\u0ba4\u0bc1, \u0b95\u0bbf\u0bb0\u0bbf\u0baf\u0bc8\u0b95\u0bb3\u0bbf\u0bb2\u0bc7 \u0b85\u0bb2\u0bcd\u0bb2\u0bb5\u0bcb \u0ba8\u0bc0\u0ba4\u0bbf\u0baf\u0bc1\u0bb3\u0bcd\u0bb3\u0bb5\u0bb3\u0bbe\u0b95\u0bcd\u0b95\u0baa\u0bcd\u0baa\u0b9f\u0bcd\u0b9f\u0bbe\u0bb3\u0bcd?"},{"Verseid":"58001025","Verse":"\u0b85\u0baa\u0bcd\u0baa\u0b9f\u0bbf\u0baf\u0bc7, \u0b86\u0bb5\u0bbf\u0baf\u0bbf\u0bb2\u0bcd\u0bb2\u0bbe\u0ba4 \u0b9a\u0bb0\u0bc0\u0bb0\u0bae\u0bcd \u0b9a\u0bc6\u0ba4\u0bcd\u0ba4\u0ba4\u0bbe\u0baf\u0bbf\u0bb0\u0bc1\u0b95\u0bcd\u0b95\u0bbf\u0bb1\u0ba4\u0bc1\u0baa\u0bcb\u0bb2, \u0b95\u0bbf\u0bb0\u0bbf\u0baf\u0bc8\u0b95\u0bb3\u0bbf\u0bb2\u0bcd\u0bb2\u0bbe\u0ba4 \u0bb5\u0bbf\u0b9a\u0bc1\u0bb5\u0bbe\u0b9a\u0bae\u0bc1\u0bae\u0bcd \u0b9a\u0bc6\u0ba4\u0bcd\u0ba4\u0ba4\u0bbe\u0baf\u0bbf\u0bb0\u0bc1\u0b95\u0bcd\u0b95\u0bbf\u0bb1\u0ba4\u0bc1."}]},{"Verse":[{"Verseid":"58002000","Verse":"\u0b8e\u0ba9\u0bcd \u0b9a\u0b95\u0bcb\u0ba4\u0bb0\u0bb0\u0bc7, \u0b85\u0ba4\u0bbf\u0b95 \u0b86\u0b95\u0bcd\u0b95\u0bbf\u0ba9\u0bc8\u0baf\u0bc8 \u0b85\u0b9f\u0bc8\u0bb5\u0bcb\u0bae\u0bcd \u0b8e\u0ba9\u0bcd\u0bb1\u0bc1 \u0b85\u0bb1\u0bbf\u0ba8\u0bcd\u0ba4\u0bc1, \u0b89\u0b99\u0bcd\u0b95\u0bb3\u0bbf\u0bb2\u0bcd \u0b85\u0ba8\u0bc7\u0b95\u0bb0\u0bcd \u0baa\u0bcb\u0ba4\u0b95\u0bb0\u0bbe\u0b95\u0bbe\u0ba4\u0bbf\u0bb0\u0bc1\u0baa\u0bcd\u0baa\u0bc0\u0bb0\u0bcd\u0b95\u0bb3\u0bbe\u0b95."},{"Verseid":"58002001","Verse":"\u0ba8\u0bbe\u0bae\u0bcd \u0b8e\u0bb2\u0bcd\u0bb2\u0bbe\u0bb0\u0bc1\u0bae\u0bcd \u0b85\u0ba8\u0bc7\u0b95 \u0bb5\u0bbf\u0bb7\u0baf\u0b99\u0bcd\u0b95\u0bb3\u0bbf\u0bb2\u0bcd \u0ba4\u0bb5\u0bb1\u0bc1\u0b95\u0bbf\u0bb1\u0bcb\u0bae\u0bcd; \u0b92\u0bb0\u0bc1\u0bb5\u0ba9\u0bcd \u0b9a\u0bca\u0bb2\u0bcd\u0ba4\u0bb5\u0bb1\u0bbe\u0ba4\u0bb5\u0ba9\u0bbe\u0ba9\u0bbe\u0bb2\u0bcd \u0b85\u0bb5\u0ba9\u0bcd \u0baa\u0bc2\u0bb0\u0ba3\u0baa\u0bc1\u0bb0\u0bc1\u0bb7\u0ba9\u0bc1\u0bae\u0bcd, \u0ba4\u0ba9\u0bcd \u0b9a\u0bb0\u0bc0\u0bb0\u0bae\u0bc1\u0bb4\u0bc1\u0bb5\u0ba4\u0bc8\u0baf\u0bc1\u0bae\u0bcd \u0b95\u0b9f\u0bbf\u0bb5\u0bbe\u0bb3\u0ba4\u0bcd\u0ba4\u0bbf\u0ba9\u0bbe\u0bb2\u0bc7 \u0b85\u0b9f\u0b95\u0bcd\u0b95\u0bbf\u0b95\u0bcd\u0b95\u0bca\u0bb3\u0bcd\u0bb3\u0b95\u0bcd\u0b95\u0bc2\u0b9f\u0bbf\u0baf\u0bb5\u0ba9\u0bc1\u0bae\u0bbe\u0baf\u0bbf\u0bb0\u0bc1\u0b95\u0bcd\u0b95\u0bbf\u0bb1\u0bbe\u0ba9\u0bcd."},{"Verseid":"58002002","Verse":"\u0baa\u0bbe\u0bb0\u0bc1\u0b99\u0bcd\u0b95\u0bb3\u0bcd, \u0b95\u0bc1\u0ba4\u0bbf\u0bb0\u0bc8\u0b95\u0bb3\u0bcd \u0ba8\u0bae\u0b95\u0bcd\u0b95\u0bc1\u0b95\u0bcd \u0b95\u0bc0\u0bb4\u0bcd\u0baa\u0bcd\u0baa\u0b9f\u0bbf\u0baf\u0bc1\u0bae\u0bcd\u0baa\u0b9f\u0bbf\u0b95\u0bcd\u0b95\u0bc1 \u0b85\u0bb5\u0bc8\u0b95\u0bb3\u0bbf\u0ba9\u0bcd \u0bb5\u0bbe\u0baf\u0bcd\u0b95\u0bb3\u0bbf\u0bb2\u0bcd \u0b95\u0b9f\u0bbf\u0bb5\u0bbe\u0bb3\u0bae\u0bcd\u0baa\u0bcb\u0b9f\u0bcd\u0b9f\u0bc1, \u0b85\u0bb5\u0bc8\u0b95\u0bb3\u0bc1\u0b9f\u0bc8\u0baf \u0bae\u0bc1\u0bb4\u0bc1\u0b9a\u0bcd\u0b9a\u0bb0\u0bc0\u0bb0\u0ba4\u0bcd\u0ba4\u0bc8\u0baf\u0bc1\u0bae\u0bcd \u0ba4\u0bbf\u0bb0\u0bc1\u0baa\u0bcd\u0baa\u0bbf \u0ba8\u0b9f\u0ba4\u0bcd\u0ba4\u0bc1\u0b95\u0bbf\u0bb1\u0bcb\u0bae\u0bcd."},{"Verseid":"58002003","Verse":"\u0b95\u0baa\u0bcd\u0baa\u0bb2\u0bcd\u0b95\u0bb3\u0bc8\u0baf\u0bc1\u0bae\u0bcd \u0baa\u0bbe\u0bb0\u0bc1\u0b99\u0bcd\u0b95\u0bb3\u0bcd, \u0b85\u0bb5\u0bc8\u0b95\u0bb3\u0bcd \u0bae\u0b95\u0bbe \u0baa\u0bc6\u0bb0\u0bbf\u0baf\u0bb5\u0bc8\u0b95\u0bb3\u0bbe\u0baf\u0bbf\u0bb0\u0bc1\u0ba8\u0bcd\u0ba4\u0bbe\u0bb2\u0bc1\u0bae\u0bcd, \u0b95\u0b9f\u0bc1\u0b99\u0bcd\u0b95\u0bbe\u0bb1\u0bcd\u0bb1\u0bc1\u0b95\u0bb3\u0bbe\u0bb2\u0bcd \u0b85\u0b9f\u0bbf\u0baa\u0b9f\u0bcd\u0b9f\u0bbe\u0bb2\u0bc1\u0bae\u0bcd, \u0b85\u0bb5\u0bc8\u0b95\u0bb3\u0bc8 \u0ba8\u0b9f\u0ba4\u0bcd\u0ba4\u0bc1\u0b95\u0bbf\u0bb1\u0bb5\u0ba9\u0bcd \u0baa\u0bcb\u0b95\u0bc1\u0bae\u0bcd\u0baa\u0b9f\u0bbf \u0baf\u0bcb\u0b9a\u0bbf\u0b95\u0bcd\u0b95\u0bc1\u0bae\u0bcd \u0b87\u0b9f\u0bae\u0bcd \u0b8e\u0ba4\u0bc1\u0bb5\u0bcb \u0b85\u0bb5\u0bcd\u0bb5\u0bbf\u0b9f\u0ba4\u0bcd\u0ba4\u0bbf\u0bb1\u0bcd\u0b95\u0bc1 \u0ba8\u0bc7\u0bb0\u0bbe\u0b95 \u0bae\u0bbf\u0b95\u0bb5\u0bc1\u0bae\u0bcd \u0b9a\u0bbf\u0bb1\u0bbf\u0ba4\u0bbe\u0ba9 \u0b9a\u0bc1\u0b95\u0bcd\u0b95\u0bbe\u0ba9\u0bbe\u0bb2\u0bc7 \u0ba4\u0bbf\u0bb0\u0bc1\u0baa\u0bcd\u0baa\u0baa\u0bcd\u0baa\u0b9f\u0bc1\u0bae\u0bcd."},{"Verseid":"58002004","Verse":"\u0b85\u0baa\u0bcd\u0baa\u0b9f\u0bbf\u0baf\u0bc7, \u0ba8\u0bbe\u0bb5\u0bbe\u0ba9\u0ba4\u0bc1\u0bae\u0bcd \u0b9a\u0bbf\u0bb1\u0bbf\u0baf \u0b85\u0bb5\u0baf\u0bb5\u0bae\u0bbe\u0baf\u0bbf\u0bb0\u0bc1\u0ba8\u0bcd\u0ba4\u0bc1\u0bae\u0bcd \u0baa\u0bc6\u0bb0\u0bc1\u0bae\u0bc8\u0baf\u0bbe\u0ba9\u0bb5\u0bc8\u0b95\u0bb3\u0bc8\u0baa\u0bcd \u0baa\u0bc7\u0b9a\u0bc1\u0bae\u0bcd. \u0baa\u0bbe\u0bb0\u0bc1\u0b99\u0bcd\u0b95\u0bb3\u0bcd, \u0b9a\u0bbf\u0bb1\u0bbf\u0baf \u0ba8\u0bc6\u0bb0\u0bc1\u0baa\u0bcd\u0baa\u0bc1 \u0b8e\u0bb5\u0bcd\u0bb5\u0bb3\u0bb5\u0bc1 \u0baa\u0bc6\u0bb0\u0bbf\u0baf \u0b95\u0bbe\u0b9f\u0bcd\u0b9f\u0bc8\u0b95\u0bcd \u0b95\u0bca\u0bb3\u0bc1\u0ba4\u0bcd\u0ba4\u0bbf\u0bb5\u0bbf\u0b9f\u0bc1\u0b95\u0bbf\u0bb1\u0ba4\u0bc1!"},{"Verseid":"58002005","Verse":"\u0ba8\u0bbe\u0bb5\u0bc1\u0bae\u0bcd \u0ba8\u0bc6\u0bb0\u0bc1\u0baa\u0bcd\u0baa\u0bc1\u0ba4\u0bcd\u0ba4\u0bbe\u0ba9\u0bcd, \u0b85\u0ba4\u0bc1 \u0b85\u0ba8\u0bc0\u0ba4\u0bbf \u0ba8\u0bbf\u0bb1\u0bc8\u0ba8\u0bcd\u0ba4 \u0b89\u0bb2\u0b95\u0bae\u0bcd; \u0ba8\u0bae\u0bcd\u0bae\u0bc1\u0b9f\u0bc8\u0baf \u0b85\u0bb5\u0baf\u0bb5\u0b99\u0bcd\u0b95\u0bb3\u0bbf\u0bb2\u0bcd \u0ba8\u0bbe\u0bb5\u0bbe\u0ba9\u0ba4\u0bc1 \u0bae\u0bc1\u0bb4\u0bc1\u0b9a\u0bcd\u0b9a\u0bb0\u0bc0\u0bb0\u0ba4\u0bcd\u0ba4\u0bc8\u0baf\u0bc1\u0bae\u0bcd \u0b95\u0bb1\u0bc8\u0baa\u0bcd\u0baa\u0b9f\u0bc1\u0ba4\u0bcd\u0ba4\u0bbf, \u0b86\u0baf\u0bc1\u0bb3\u0bcd \u0b9a\u0b95\u0bcd\u0b95\u0bb0\u0ba4\u0bcd\u0ba4\u0bc8\u0b95\u0bcd \u0b95\u0bca\u0bb3\u0bc1\u0ba4\u0bcd\u0ba4\u0bbf\u0bb5\u0bbf\u0b9f\u0bc1\u0b95\u0bbf\u0bb1\u0ba4\u0bbe\u0baf\u0bc1\u0bae\u0bcd, \u0ba8\u0bb0\u0b95 \u0b85\u0b95\u0bcd\u0b95\u0bbf\u0ba9\u0bbf\u0baf\u0bbf\u0ba9\u0bbe\u0bb2\u0bcd \u0b95\u0bca\u0bb3\u0bc1\u0ba4\u0bcd\u0ba4\u0baa\u0bcd\u0baa\u0b9f\u0bc1\u0b95\u0bbf\u0bb1\u0ba4\u0bbe\u0baf\u0bc1\u0bae\u0bcd \u0b87\u0bb0\u0bc1\u0b95\u0bcd\u0b95\u0bbf\u0bb1\u0ba4\u0bc1!"},{"Verseid":"58002006","Verse":"\u0b9a\u0b95\u0bb2\u0bb5\u0bbf\u0ba4\u0bae\u0bbe\u0ba9 \u0bae\u0bbf\u0bb0\u0bc1\u0b95\u0b99\u0bcd\u0b95\u0bb3\u0bcd, \u0baa\u0bb1\u0bb5\u0bc8\u0b95\u0bb3\u0bcd, \u0b8a\u0bb0\u0bc1\u0bae\u0bcd\u0baa\u0bbf\u0bb0\u0bbe\u0ba3\u0bbf\u0b95\u0bb3\u0bcd, \u0ba8\u0bc0\u0bb0\u0bcd\u0bb5\u0bbe\u0bb4\u0bc1\u0bae\u0bcd \u0b9c\u0bc6\u0ba8\u0bcd\u0ba4\u0bc1\u0b95\u0bcd\u0b95\u0bb3\u0bcd \u0b86\u0b95\u0bbf\u0baf \u0b87\u0bb5\u0bc8\u0b95\u0bb3\u0bbf\u0ba9\u0bcd \u0b9a\u0bc1\u0baa\u0bbe\u0bb5\u0bae\u0bcd \u0bae\u0ba9\u0bc1\u0bb7\u0b9a\u0bc1\u0baa\u0bbe\u0bb5\u0ba4\u0bcd\u0ba4\u0bbe\u0bb2 \u0b85\u0b9f\u0b95\u0bcd\u0b95\u0baa\u0bcd\u0baa\u0b9f\u0bc1\u0bae\u0bcd, \u0b85\u0b9f\u0b95\u0bcd\u0b95\u0baa\u0bcd\u0baa\u0b9f\u0bcd\u0b9f\u0ba4\u0bc1\u0bae\u0bc1\u0ba3\u0bcd\u0b9f\u0bc1."},{"Verseid":"58002007","Verse":"\u0ba8\u0bbe\u0bb5\u0bc8 \u0b85\u0b9f\u0b95\u0bcd\u0b95 \u0b92\u0bb0\u0bc1 \u0bae\u0ba9\u0bc1\u0bb7\u0ba9\u0bbe\u0bb2\u0bc1\u0bae\u0bcd \u0b95\u0bc2\u0b9f\u0bbe\u0ba4\u0bc1; \u0b85\u0ba4\u0bc1 \u0b85\u0b9f\u0b99\u0bcd\u0b95\u0bbe\u0ba4 \u0baa\u0bca\u0bb2\u0bcd\u0bb2\u0bbe\u0b99\u0bcd\u0b95\u0bc1\u0bb3\u0bcd\u0bb3\u0ba4\u0bc1\u0bae\u0bcd \u0b9a\u0bbe\u0bb5\u0bc1\u0b95\u0bcd\u0b95\u0bc7\u0ba4\u0bc1\u0bb5\u0bbe\u0ba9 \u0bb5\u0bbf\u0bb7\u0bae\u0bcd \u0ba8\u0bbf\u0bb1\u0bc8\u0ba8\u0bcd\u0ba4\u0ba4\u0bc1\u0bae\u0bbe\u0baf\u0bbf\u0bb0\u0bc1\u0b95\u0bcd\u0b95\u0bbf\u0bb1\u0ba4\u0bc1."},{"Verseid":"58002008","Verse":"\u0b85\u0ba4\u0bbf\u0ba9\u0bbe\u0bb2\u0bc7 \u0ba8\u0bbe\u0bae\u0bcd \u0baa\u0bbf\u0ba4\u0bbe\u0bb5\u0bbe\u0b95\u0bbf\u0baf \u0ba4\u0bc7\u0bb5\u0ba9\u0bc8\u0ba4\u0bcd \u0ba4\u0bc1\u0ba4\u0bbf\u0b95\u0bcd\u0b95\u0bbf\u0bb1\u0bcb\u0bae\u0bcd; \u0ba4\u0bc7\u0bb5\u0ba9\u0bc1\u0b9f\u0bc8\u0baf \u0b9a\u0bbe\u0baf\u0bb2\u0bbf\u0ba9\u0bcd\u0baa\u0b9f\u0bbf \u0b89\u0ba3\u0bcd\u0b9f\u0bbe\u0b95\u0bcd\u0b95\u0baa\u0bcd\u0baa\u0b9f\u0bcd\u0b9f \u0bae\u0ba9\u0bc1\u0bb7\u0bb0\u0bc8 \u0b85\u0ba4\u0bbf\u0ba9\u0bbe\u0bb2\u0bc7\u0baf\u0bc7 \u0b9a\u0baa\u0bbf\u0b95\u0bcd\u0b95\u0bbf\u0bb1\u0bcb\u0bae\u0bcd."},{"Verseid":"58002009","Verse":"\u0ba4\u0bc1\u0ba4\u0bbf\u0ba4\u0bcd\u0ba4\u0bb2\u0bc1\u0bae\u0bcd \u0b9a\u0baa\u0bbf\u0ba4\u0bcd\u0ba4\u0bb2\u0bc1\u0bae\u0bcd \u0b92\u0bb0\u0bc7\u0bb5\u0bbe\u0baf\u0bbf\u0bb2\u0bbf\u0bb0\u0bc1\u0ba8\u0bcd\u0ba4\u0bc1 \u0baa\u0bc1\u0bb1\u0baa\u0bcd\u0baa\u0b9f\u0bc1\u0b95\u0bbf\u0bb1\u0ba4\u0bc1. \u0b8e\u0ba9\u0bcd \u0b9a\u0b95\u0bcb\u0ba4\u0bb0\u0bb0\u0bc7, \u0b87\u0baa\u0bcd\u0baa\u0b9f\u0bbf\u0baf\u0bbf\u0bb0\u0bc1\u0b95\u0bcd\u0b95\u0bb2\u0bbe\u0b95\u0bbe\u0ba4\u0bc1."},{"Verseid":"58002010","Verse":"\u0b92\u0bb0\u0bc7 \u0b8a\u0bb1\u0bcd\u0bb1\u0bc1\u0b95\u0bcd\u0b95\u0ba3\u0bcd\u0ba3\u0bbf\u0bb2\u0bbf\u0bb0\u0bc1\u0ba8\u0bcd\u0ba4\u0bc1 \u0ba4\u0bbf\u0ba4\u0bcd\u0ba4\u0bbf\u0baa\u0bcd\u0baa\u0bc1\u0bae\u0bcd \u0b95\u0b9a\u0baa\u0bcd\u0baa\u0bc1\u0bae\u0bbe\u0ba9 \u0ba4\u0ba3\u0bcd\u0ba3\u0bc0\u0bb0\u0bcd \u0b9a\u0bc1\u0bb0\u0b95\u0bcd\u0b95\u0bc1\u0bae\u0bbe?"},{"Verseid":"58002011","Verse":"\u0b8e\u0ba9\u0bcd \u0b9a\u0b95\u0bcb\u0ba4\u0bb0\u0bb0\u0bc7, \u0b85\u0ba4\u0bcd\u0ba4\u0bbf\u0bae\u0bb0\u0bae\u0bcd \u0b92\u0bb2\u0bbf\u0bb5\u0baa\u0bcd\u0baa\u0bb4\u0b99\u0bcd\u0b95\u0bb3\u0bc8\u0baf\u0bc1\u0bae\u0bcd, \u0ba4\u0bbf\u0bb0\u0bbe\u0b9f\u0bcd\u0b9a\u0b9a\u0bcd\u0b9a\u0bc6\u0b9f\u0bbf \u0b85\u0ba4\u0bcd\u0ba4\u0bbf\u0baa\u0bcd\u0baa\u0bb4\u0b99\u0bcd\u0b95\u0bb3\u0bc8\u0baf\u0bc1\u0bae\u0bcd \u0b95\u0bca\u0b9f\u0bc1\u0b95\u0bcd\u0b95\u0bc1\u0bae\u0bbe? \u0b85\u0baa\u0bcd\u0baa\u0b9f\u0bbf\u0baf\u0bc7 \u0b89\u0bb5\u0bb0\u0bcd\u0baa\u0bcd\u0baa\u0bbe\u0ba9 \u0ba8\u0bc0\u0bb0\u0bc2\u0bb1\u0bcd\u0bb1\u0bc1\u0ba4\u0bcd \u0ba4\u0bbf\u0ba4\u0bcd\u0ba4\u0bbf\u0baa\u0bcd\u0baa\u0bbe\u0ba9 \u0b9c\u0bb2\u0ba4\u0bcd\u0ba4\u0bc8\u0b95\u0bcd \u0b95\u0bca\u0b9f\u0bc1\u0b95\u0bcd\u0b95\u0bae\u0bbe\u0b9f\u0bcd\u0b9f\u0bbe\u0ba4\u0bc1."},{"Verseid":"58002012","Verse":"\u0b89\u0b99\u0bcd\u0b95\u0bb3\u0bbf\u0bb2\u0bcd \u0b9e\u0bbe\u0ba9\u0bbf\u0baf\u0bc1\u0bae\u0bcd \u0bb5\u0bbf\u0bb5\u0bc7\u0b95\u0bbf\u0baf\u0bc1\u0bae\u0bbe\u0baf\u0bbf\u0bb0\u0bc1\u0b95\u0bcd\u0b95\u0bbf\u0bb1\u0bb5\u0ba9\u0bcd \u0b8e\u0bb5\u0ba9\u0bcb, \u0b85\u0bb5\u0ba9\u0bcd \u0b9e\u0bbe\u0ba9\u0ba4\u0bcd\u0ba4\u0bbf\u0bb1\u0bcd\u0b95\u0bc1\u0bb0\u0bbf\u0baf \u0b9a\u0bbe\u0ba8\u0bcd\u0ba4\u0ba4\u0bcd\u0ba4\u0bcb\u0b9f\u0bc7 \u0ba4\u0ba9\u0bcd \u0b95\u0bbf\u0bb0\u0bbf\u0baf\u0bc8\u0b95\u0bb3\u0bc8 \u0ba8\u0bb2\u0bcd\u0bb2 \u0ba8\u0b9f\u0b95\u0bcd\u0b95\u0bc8\u0baf\u0bbf\u0ba9\u0bbe\u0bb2\u0bc7 \u0b95\u0bbe\u0ba3\u0bcd\u0baa\u0bbf\u0b95\u0bcd\u0b95\u0b95\u0bcd\u0b95\u0b9f\u0bb5\u0ba9\u0bcd."},{"Verseid":"58002013","Verse":"\u0b89\u0b99\u0bcd\u0b95\u0bb3\u0bcd \u0b87\u0bb0\u0bc1\u0ba4\u0baf\u0ba4\u0bcd\u0ba4\u0bbf\u0bb2\u0bc7 \u0b95\u0b9a\u0baa\u0bcd\u0baa\u0bbe\u0ba9 \u0bb5\u0bc8\u0bb0\u0bbe\u0b95\u0bcd\u0b95\u0bbf\u0baf\u0ba4\u0bcd\u0ba4\u0bc8\u0baf\u0bc1\u0bae\u0bcd \u0bb5\u0bbf\u0bb0\u0bcb\u0ba4\u0ba4\u0bcd\u0ba4\u0bc8\u0baf\u0bc1\u0bae\u0bcd \u0bb5\u0bc8\u0ba4\u0bcd\u0ba4\u0bc0\u0bb0\u0bcd\u0b95\u0bb3\u0bbe\u0ba9\u0bbe\u0bb2\u0bcd, \u0ba8\u0bc0\u0b99\u0bcd\u0b95\u0bb3\u0bcd \u0baa\u0bc6\u0bb0\u0bc1\u0bae\u0bc8\u0baa\u0bbe\u0bb0\u0bbe\u0b9f\u0bcd\u0b9f\u0bbe\u0ba4\u0bbf\u0bb0\u0bc1\u0b99\u0bcd\u0b95\u03b3\u0bcd; \u0b9a\u0ba4\u0bcd\u0ba4\u0bbf\u0baf\u0ba4\u0bcd\u0ba4\u0bbf\u0bb1\u0bcd\u0b95\u0bc1 \u0bb5\u0bbf\u0bb0\u0bcb\u0ba4\u0bae\u0bbe\u0baf\u0bcd\u0baa\u0bcd \u0baa\u0bca\u0baf\u0bcd\u0b9a\u0bca\u0bb2\u0bcd\u0bb2\u0bbe\u0bae\u0bb2\u0bc1\u0bae\u0bbf\u0bb0\u0bc1\u0b99\u0bcd\u0b95\u0bb3\u0bcd."},{"Verseid":"58002014","Verse":"\u0b87\u0baa\u0bcd\u0baa\u0b9f\u0bbf\u0baa\u0bcd\u0baa\u0b9f\u0bcd\u0b9f \u0b9e\u0bbe\u0ba9\u0bae\u0bcd \u0baa\u0bb0\u0ba4\u0bcd\u0ba4\u0bbf\u0bb2\u0bbf\u0bb0\u0bc1\u0ba8\u0bcd\u0ba4\u0bc1 \u0b87\u0bb1\u0b99\u0bcd\u0b95\u0bbf\u0bb5\u0bb0\u0bc1\u0b95\u0bbf\u0bb1 \u0b9e\u0bbe\u0ba9\u0bae\u0bbe\u0baf\u0bbf\u0bb0\u0bbe\u0bae\u0bb2\u0bcd, \u0bb2\u0bc6\u0bb3\u0b95\u0bbf\u0b95 \u0b9a\u0bae\u0bcd\u0baa\u0ba8\u0bcd\u0ba4\u0bae\u0bbe\u0ba9\u0ba4\u0bc1\u0bae\u0bcd, \u0b9c\u0bc6\u0ba9\u0bcd\u0bae\u0b9a\u0bc1\u0baa\u0bbe\u0bb5\u0ba4\u0bcd\u0ba4\u0bc1\u0b95\u0bcd\u0b95\u0bc1\u0bb0\u0bbf\u0baf\u0ba4\u0bc1\u0bae\u0bcd, \u0baa\u0bc7\u0baf\u0bcd\u0ba4\u0bcd\u0ba4\u0ba9\u0ba4\u0bcd\u0ba4\u0bc1\u0b95\u0bcd\u0b95\u0b9f\u0bc1\u0ba4\u0bcd\u0ba4\u0ba4\u0bc1\u0bae\u0bbe\u0baf\u0bbf\u0bb0\u0bc1\u0b95\u0bcd\u0b95\u0bbf\u0bb1\u0ba4\u0bc1."},{"Verseid":"58002015","Verse":"\u0bb5\u0bc8\u0bb0\u0bbe\u0b95\u0bcd\u0b95\u0bbf\u0baf\u0bae\u0bc1\u0bae\u0bcd \u0bb5\u0bbf\u0bb0\u0bcb\u0ba4\u0bae\u0bc1\u0bae\u0bcd \u0b8e\u0b99\u0bcd\u0b95\u0bc7 \u0b89\u0ba3\u0bcd\u0b9f\u0bcb, \u0b85\u0b99\u0bcd\u0b95\u0bc7 \u0b95\u0bb2\u0b95\u0bae\u0bc1\u0bae\u0bcd \u0b9a\u0b95\u0bb2 \u0ba4\u0bc1\u0bb0\u0bcd\u0b9a\u0bcd\u0b9a\u0bc6\u0baf\u0bcd\u0b95\u0bc8\u0b95\u0bb3\u0bc1\u0bae\u0bc1\u0ba3\u0bcd\u0b9f\u0bc1."},{"Verseid":"58002016","Verse":"\u0baa\u0bb0\u0ba4\u0bcd\u0ba4\u0bbf\u0bb2\u0bbf\u0bb0\u0bc1\u0ba8\u0bcd\u0ba4\u0bc1 \u0bb5\u0bb0\u0bc1\u0b95\u0bbf\u0bb1 \u0b9e\u0bbe\u0ba9\u0bae\u0bcb \u0bae\u0bc1\u0ba4\u0bb2\u0bbe\u0bb5\u0ba4\u0bc1 \u0b9a\u0bc1\u0ba4\u0bcd\u0ba4\u0bae\u0bc1\u0bb3\u0bcd\u0bb3\u0ba4\u0bbe\u0baf\u0bc1\u0bae\u0bcd, \u0baa\u0bbf\u0ba9\u0bcd\u0baa\u0bc1 \u0b9a\u0bae\u0bbe\u0ba4\u0bbe\u0ba9\u0bae\u0bc1\u0bae\u0bcd \u0b9a\u0bbe\u0ba8\u0bcd\u0ba4\u0bae\u0bc1\u0bae\u0bcd \u0b87\u0ba3\u0b95\u0bcd\u0b95\u0bae\u0bc1\u0bae\u0bc1\u0bb3\u0bcd\u0bb3\u0ba4\u0bbe\u0baf\u0bc1\u0bae\u0bcd, \u0b87\u0bb0\u0b95\u0bcd\u0b95\u0ba4\u0bcd\u0ba4\u0bbe\u0bb2\u0bc1\u0bae\u0bcd \u0ba8\u0bb1\u0bcd\u0b95\u0ba9\u0bbf\u0b95\u0bb3\u0bbe\u0bb2\u0bc1\u0bae\u0bcd \u0ba8\u0bbf\u0bb1\u0bc8\u0ba8\u0bcd\u0ba4\u0ba4\u0bbe\u0baf\u0bc1\u0bae\u0bcd, \u0baa\u0b9f\u0bcd\u0b9a\u0baa\u0bbe\u0ba4\u0bae\u0bbf\u0bb2\u0bcd\u0bb2\u0bbe\u0ba4\u0ba4\u0bbe\u0baf\u0bc1\u0bae\u0bcd, \u0bae\u0bbe\u0baf\u0bae\u0bb1\u0bcd\u0bb1\u0ba4\u0bbe\u0baf\u0bc1\u0bae\u0bbf\u0bb0\u0bc1\u0b95\u0bcd\u0b95\u0bbf\u0bb1\u0ba4\u0bc1."},{"Verseid":"58002017","Verse":"\u0ba8\u0bc0\u0ba4\u0bbf\u0baf\u0bbe\u0b95\u0bbf\u0baf \u0b95\u0ba9\u0bbf\u0baf\u0bbe\u0ba9\u0ba4\u0bc1 \u0b9a\u0bae\u0bbe\u0ba4\u0bbe\u0ba9\u0ba4\u0bcd\u0ba4\u0bc8 \u0ba8\u0b9f\u0baa\u0bcd\u0baa\u0bbf\u0b95\u0bcd\u0b95\u0bbf\u0bb1\u0bb5\u0bb0\u0bcd\u0b95\u0bb3\u0bbe\u0bb2\u0bc7 \u0b9a\u0bae\u0bbe\u0ba4\u0bbe\u0ba9\u0ba4\u0bcd\u0ba4\u0bbf\u0bb2\u0bc7 \u0bb5\u0bbf\u0ba4\u0bc8\u0b95\u0bcd\u0b95\u0baa\u0bcd\u0baa\u0b9f\u0bc1\u0b95\u0bbf\u0bb1\u0ba4\u0bc1."}]},{"Verse":[{"Verseid":"58003000","Verse":"\u0b89\u0b99\u0bcd\u0b95\u0bb3\u0bc1\u0b95\u0bcd\u0b95\u0bc1\u0bb3\u0bcd\u0bb3\u0bc7 \u0baf\u0bc1\u0ba4\u0bcd\u0ba4\u0b99\u0bcd\u0b95\u0bb3\u0bc1\u0bae\u0bcd \u0b9a\u0ba3\u0bcd\u0b9f\u0bc8\u0b95\u0bb3\u0bc1\u0bae\u0bcd \u0b8e\u0ba4\u0bbf\u0ba9\u0bbe\u0bb2\u0bc7 \u0bb5\u0bb0\u0bc1\u0b95\u0bbf\u0bb1\u0ba4\u0bc1; \u0b89\u0b99\u0bcd\u0b95\u0bb3\u0bcd \u0b85\u0bb5\u0baf\u0bb5\u0b99\u0bcd\u0b95\u0bb3\u0bbf\u0bb2\u0bcd \u0baa\u0bcb\u0bb0\u0bcd \u0b9a\u0bc6\u0baf\u0bcd\u0b95\u0bbf\u0bb1 \u0b87\u0b9a\u0bcd\u0b9a\u0bc8\u0b95\u0bb3\u0bbf\u0ba9\u0bbe\u0bb2\u0bb2\u0bcd\u0bb2\u0bb5\u0bbe?"},{"Verseid":"58003001","Verse":"\u0ba8\u0bc0\u0b99\u0bcd\u0b95\u0bb3\u0bcd \u0b87\u0b9a\u0bcd\u0b9a\u0bbf\u0ba4\u0bcd\u0ba4\u0bc1\u0bae\u0bcd \u0b89\u0b99\u0bcd\u0b95\u0bb3\u0bc1\u0b95\u0bcd\u0b95\u0bc1\u0b95\u0bcd \u0b95\u0bbf\u0b9f\u0bc8\u0b95\u0bcd\u0b95\u0bb5\u0bbf\u0bb2\u0bcd\u0bb2\u0bc8; \u0ba8\u0bc0\u0b99\u0bcd\u0b95\u0bb3\u0bcd \u0b95\u0bca\u0bb2\u0bc8\u0b9a\u0bc6\u0baf\u0bcd\u0ba4\u0bc1\u0bae\u0bcd, \u0baa\u0bca\u0bb1\u0bbe\u0bae\u0bc8\u0baf\u0bc1\u0bb3\u0bcd\u0bb3\u0bb5\u0bb0\u0bcd\u0b95\u0bb3\u0bbe\u0baf\u0bbf\u0bb0\u0bc1\u0ba8\u0bcd\u0ba4\u0bc1\u0bae\u0bcd, \u0b85\u0b9f\u0bc8\u0baf\u0b95\u0bcd\u0b95\u0bc2\u0b9f\u0bbe\u0bae\u0bb1\u0bcd\u0baa\u0bcb\u0b95\u0bbf\u0bb1\u0bc0\u0bb0\u0bcd\u0b95\u0bb3\u0bcd; \u0ba8\u0bc0\u0b99\u0bcd\u0b95\u0bb3\u0bcd \u0b9a\u0ba3\u0bcd\u0b9f\u0bc8\u0baf\u0bc1\u0bae\u0bcd \u0baf\u0bc1\u0ba4\u0bcd\u0ba4\u0bae\u0bc1\u0bae\u0bcd \u0baa\u0ba3\u0bcd\u0ba3\u0bbf\u0baf\u0bc1\u0bae\u0bcd, \u0ba8\u0bc0\u0b99\u0bcd\u0b95\u0bb3\u0bcd \u0bb5\u0bbf\u0ba3\u0bcd\u0ba3\u0baa\u0bcd\u0baa\u0bae\u0bcd \u0baa\u0ba3\u0bcd\u0ba3\u0bbe\u0bae\u0bb2\u0bbf\u0bb0\u0bc1\u0b95\u0bcd\u0b95\u0bbf\u0bb1\u0ba4\u0bbf\u0ba9\u0bbe\u0bb2\u0bc7, \u0b89\u0b99\u0bcd\u0b95\u0bb3\u0bc1\u0b95\u0bcd\u0b95\u0bc1\u0b9a\u0bcd \u0b9a\u0bbf\u0ba4\u0bcd\u0ba4\u0bbf\u0b95\u0bcd\u0b95\u0bbf\u0bb1\u0ba4\u0bbf\u0bb2\u0bcd\u0bb2\u0bc8."},{"Verseid":"58003002","Verse":"\u0ba8\u0bc0\u0b99\u0bcd\u0b95\u0bb3\u0bcd \u0bb5\u0bbf\u0ba3\u0bcd\u0ba3\u0baa\u0bcd\u0baa\u0bae\u0bcd\u0baa\u0ba3\u0bcd\u0ba3\u0bbf\u0baf\u0bc1\u0bae\u0bcd, \u0b89\u0b99\u0bcd\u0b95\u0bb3\u0bcd \u0b87\u0b9a\u0bcd\u0b9a\u0bc8\u0b95\u0bb3\u0bc8 \u0ba8\u0bbf\u0bb1\u0bc8\u0bb5\u0bc7\u0bb1\u0bcd\u0bb1\u0bc1\u0bae\u0bcd\u0baa\u0b9f\u0bbf \u0b9a\u0bc6\u0bb2\u0bb5\u0bb4\u0bbf\u0b95\u0bcd\u0b95\u0bb5\u0bc7\u0ba3\u0bcd\u0b9f\u0bc1\u0bae\u0bc6\u0ba9\u0bcd\u0bb1\u0bc1 \u0ba4\u0b95\u0bbe\u0ba4\u0bb5\u0bbf\u0ba4\u0bae\u0bbe\u0baf\u0bcd \u0bb5\u0bbf\u0ba3\u0bcd\u0ba3\u0baa\u0bcd\u0baa\u0bae\u0bcd\u0baa\u0ba3\u0bcd\u0ba3\u0bc1\u0b95\u0bbf\u0bb1\u0baa\u0b9f\u0bbf\u0baf\u0bbf\u0bb2\u0bcd, \u0baa\u0bc6\u0bb1\u0bcd\u0bb1\u0bc1\u0b95\u0bcd\u0b95\u0bca\u0bb3\u0bcd\u0bb3\u0bbe\u0bae\u0bb2\u0bbf\u0bb0\u0bc1\u0b95\u0bcd\u0b95\u0bbf\u0bb1\u0bc0\u0bb0\u0bcd\u0b95\u0bb3\u0bcd."},{"Verseid":"58003003","Verse":"\u0bb5\u0bbf\u0baa\u0b9a\u0bbe\u0bb0\u0bb0\u0bc7, \u0bb5\u0bbf\u0baa\u0b9a\u0bbe\u0bb0\u0bbf\u0b95\u0bb3\u0bc7, \u0b89\u0bb2\u0b95 \u0b9a\u0bbf\u0ba8\u0bc7\u0b95\u0bae\u0bcd \u0ba4\u0bc7\u0bb5\u0ba9\u0bc1\u0b95\u0bcd\u0b95\u0bc1 \u0bb5\u0bbf\u0bb0\u0bcb\u0ba4\u0bae\u0bbe\u0ba9 \u0baa\u0b95\u0bc8\u0baf\u0bc6\u0ba9\u0bcd\u0bb1\u0bc1 \u0b85\u0bb1\u0bbf\u0baf\u0bc0\u0bb0\u0bcd\u0b95\u0bb3\u0bbe? \u0b86\u0b95\u0bc8\u0baf\u0bbe\u0bb2\u0bcd \u0b89\u0bb2\u0b95\u0ba4\u0bcd\u0ba4\u0bc1\u0b95\u0bcd\u0b95\u0bc1\u0b9a\u0bcd \u0b9a\u0bbf\u0ba8\u0bc7\u0b95\u0bbf\u0ba4\u0ba9\u0bbe\u0baf\u0bbf\u0bb0\u0bc1\u0b95\u0bcd\u0b95 \u0bb5\u0bbf\u0bb0\u0bc1\u0bae\u0bcd\u0baa\u0bc1\u0b95\u0bbf\u0bb1\u0bb5\u0ba9\u0bcd \u0ba4\u0bc7\u0bb5\u0ba9\u0bc1\u0b95\u0bcd\u0b95\u0bc1\u0baa\u0bcd \u0baa\u0b95\u0bc8\u0b9e\u0ba9\u0bbe\u0b95\u0bbf\u0bb1\u0bbe\u0ba9\u0bcd."},{"Verseid":"58003004","Verse":"\u0ba8\u0bae\u0bcd\u0bae\u0bbf\u0bb2\u0bcd \u0bb5\u0bbe\u0b9a\u0bae\u0bbe\u0baf\u0bbf\u0bb0\u0bc1\u0b95\u0bcd\u0b95\u0bbf\u0bb1 \u0b86\u0bb5\u0bbf\u0baf\u0bbe\u0ba9\u0bb5\u0bb0\u0bcd \u0ba8\u0bae\u0bcd\u0bae\u0bbf\u0b9f\u0ba4\u0bcd\u0ba4\u0bbf\u0bb2\u0bcd \u0bb5\u0bc8\u0bb0\u0bbe\u0b95\u0bcd\u0b95\u0bbf\u0baf \u0bb5\u0bbe\u0b9e\u0bcd\u0b9a\u0bc8\u0baf\u0bbe\u0baf\u0bbf\u0bb0\u0bc1\u0b95\u0bcd\u0b95\u0bbf\u0bb1\u0bbe\u0bb0\u0bc6\u0ba9\u0bcd\u0bb1\u0bc1 \u0bb5\u0bc7\u0ba4\u0bb5\u0bbe\u0b95\u0bcd\u0b95\u0bbf\u0baf\u0bae\u0bcd \u0bb5\u0bc0\u0ba3\u0bbe\u0baf\u0bcd\u0b9a\u0bcd \u0b9a\u0bca\u0bb2\u0bcd\u0bb2\u0bc1\u0b95\u0bbf\u0bb1\u0ba4\u0bc6\u0ba9\u0bcd\u0bb1\u0bc1 \u0ba8\u0bbf\u0ba9\u0bc8\u0b95\u0bcd\u0b95\u0bbf\u0bb1\u0bc0\u0bb0\u0bcd\u0b95\u0bb3\u0bbe?"},{"Verseid":"58003005","Verse":"\u0b85\u0bb5\u0bb0\u0bcd \u0b85\u0ba4\u0bbf\u0b95\u0bae\u0bbe\u0ba9 \u0b95\u0bbf\u0bb0\u0bc1\u0baa\u0bc8\u0baf\u0bc8 \u0b85\u0bb3\u0bbf\u0b95\u0bcd\u0b95\u0bbf\u0bb1\u0bbe\u0bb0\u0bc7. \u0b86\u0ba4\u0bb2\u0bbe\u0bb2\u0bcd \u0ba4\u0bc7\u0bb5\u0ba9\u0bcd \u0baa\u0bc6\u0bb0\u0bc1\u0bae\u0bc8\u0baf\u0bc1\u0bb3\u0bcd\u0bb3\u0bb5\u0bb0\u0bcd\u0b95\u0bb3\u0bc1\u0b95\u0bcd\u0b95\u0bc1 \u0b8e\u0ba4\u0bbf\u0bb0\u0bcd\u0ba4\u0bcd\u0ba4\u0bc1 \u0ba8\u0bbf\u0bb1\u0bcd\u0b95\u0bbf\u0bb1\u0bbe\u0bb0\u0bcd, \u0ba4\u0bbe\u0bb4\u0bcd\u0bae\u0bc8\u0baf\u0bc1\u0bb3\u0bcd\u0bb3\u0bb5\u0bb0\u0bcd\u0b95\u0bb3\u0bc1\u0b95\u0bcd\u0b95\u0bcb \u0b95\u0bbf\u0bb0\u0bc1\u0baa\u0bc8 \u0b85\u0bb3\u0bbf\u0b95\u0bcd\u0b95\u0bbf\u0bb1\u0bbe\u0bb0\u0bc6\u0ba9\u0bcd\u0bb1\u0bc1 \u0b9a\u0bca\u0bb2\u0bcd\u0bb2\u0bbf\u0baf\u0bbf\u0bb0\u0bc1\u0b95\u0bcd\u0b95\u0bbf\u0bb1\u0ba4\u0bc1."},{"Verseid":"58003006","Verse":"\u0b86\u0b95\u0bc8\u0baf\u0bbe\u0bb2\u0bcd, \u0ba4\u0bc7\u0bb5\u0ba9\u0bc1\u0b95\u0bcd\u0b95\u0bc1\u0b95\u0bcd \u0b95\u0bc0\u0bb4\u0bcd\u0baa\u0bcd\u0baa\u0b9f\u0bbf\u0ba8\u0bcd\u0ba4\u0bbf\u0bb0\u0bc1\u0b99\u0bcd\u0b95\u0bb3\u0bcd; \u0baa\u0bbf\u0b9a\u0bbe\u0b9a\u0bc1\u0b95\u0bcd\u0b95\u0bc1 \u0b8e\u0ba4\u0bbf\u0bb0\u0bcd\u0ba4\u0bcd\u0ba4\u0bc1 \u0ba8\u0bbf\u0bb2\u0bcd\u0bb2\u0bc1\u0b99\u0bcd\u0b95\u0bb3\u0bcd, \u0b85\u0baa\u0bcd\u0baa\u0bca\u0bb4\u0bc1\u0ba4\u0bc1 \u0b85\u0bb5\u0ba9\u0bcd \u0b89\u0b99\u0bcd\u0b95\u0bb3\u0bc8\u0bb5\u0bbf\u0b9f\u0bcd\u0b9f\u0bc1 \u0b93\u0b9f\u0bbf\u0baa\u0bcd\u0baa\u0bcb\u0bb5\u0bbe\u0ba9\u0bcd."},{"Verseid":"58003007","Verse":"\u0ba4\u0bc7\u0bb5\u0ba9\u0bbf\u0b9f\u0ba4\u0bcd\u0ba4\u0bbf\u0bb2\u0bcd \u0b9a\u0bc7\u0bb0\u0bc1\u0b99\u0bcd\u0b95\u0bb3\u0bcd, \u0b85\u0baa\u0bcd\u0baa\u0bca\u0bb4\u0bc1\u0ba4\u0bc1 \u0b85\u0bb5\u0bb0\u0bcd \u0b89\u0b99\u0bcd\u0b95\u0bb3\u0bbf\u0b9f\u0ba4\u0bcd\u0ba4\u0bbf\u0bb2\u0bcd \u0b9a\u0bc7\u0bb0\u0bc1\u0bb5\u0bbe\u0bb0\u0bcd. \u0baa\u0bbe\u0bb5\u0bbf\u0b95\u0bb3\u0bc7, \u0b89\u0b99\u0bcd\u0b95\u0bb3\u0bcd \u0b95\u0bc8\u0b95\u0bb3\u0bc8\u0b9a\u0bcd \u0b9a\u0bc1\u0ba4\u0bcd\u0ba4\u0bbf\u0b95\u0bb0\u0bbf\u0baf\u0bc1\u0b99\u0bcd\u0b95\u0bb3\u0bcd; \u0b87\u0bb0\u0bc1\u0bae\u0ba9\u0bae\u0bc1\u0bb3\u0bcd\u0bb3\u0bb5\u0bb0\u0bcd\u0b95\u0bb3\u0bc7, \u0b89\u0b99\u0bcd\u0b95\u0bb3\u0bcd \u0b87\u0bb0\u0bc1\u0ba4\u0baf\u0b99\u0bcd\u0b95\u0bb3\u0bc8\u0baa\u0bcd \u0baa\u0bb0\u0bbf\u0b9a\u0bc1\u0ba4\u0bcd\u0ba4\u0bae\u0bbe\u0b95\u0bcd\u0b95\u0bc1\u0b99\u0bcd\u0b95\u0bb3\u0bcd."},{"Verseid":"58003008","Verse":"\u0ba8\u0bc0\u0b99\u0bcd\u0b95\u0bb3\u0bcd \u0ba4\u0bc1\u0baf\u0bb0\u0baa\u0bcd\u0baa\u0b9f\u0bcd\u0b9f\u0bc1\u0ba4\u0bcd \u0ba4\u0bc1\u0b95\u0bcd\u0b95\u0bbf\u0ba4\u0bcd\u0ba4\u0bc1 \u0b85\u0bb4\u0bc1\u0b99\u0bcd\u0b95\u0bb3\u0bcd; \u0b89\u0b99\u0bcd\u0b95\u0bb3\u0bcd \u0ba8\u0b95\u0bc8\u0baa\u0bcd\u0baa\u0bc1 \u0ba4\u0bc1\u0b95\u0bcd\u0b95\u0bbf\u0baa\u0bcd\u0baa\u0bbe\u0b95\u0bb5\u0bc1\u0bae\u0bcd, \u0b89\u0b99\u0bcd\u0b95\u0bb3\u0bcd \u0b9a\u0ba8\u0bcd\u0ba4\u0bcb\u0bb7\u0bae\u0bcd \u0b9a\u0b9e\u0bcd\u0b9a\u0bb2\u0bae\u0bbe\u0b95\u0bb5\u0bc1\u0bae\u0bcd \u0bae\u0bbe\u0bb1\u0b95\u0bcd\u0b95\u0b9f\u0bb5\u0ba4\u0bc1."},{"Verseid":"58003009","Verse":"\u0b95\u0bb0\u0bcd\u0ba4\u0bcd\u0ba4\u0bb0\u0bc1\u0b95\u0bcd\u0b95\u0bc1 \u0bae\u0bc1\u0ba9\u0bcd\u0baa\u0bbe\u0b95\u0ba4\u0bcd \u0ba4\u0bbe\u0bb4\u0bcd\u0bae\u0bc8\u0baa\u0bcd\u0baa\u0b9f\u0bc1\u0b99\u0bcd\u0b95\u0bb3\u0bcd, \u0b85\u0baa\u0bcd\u0baa\u0bca\u0bb4\u0bc1\u0ba4\u0bc1 \u0b85\u0bb5\u0bb0\u0bcd \u0b89\u0b99\u0bcd\u0b95\u0bb3\u0bc8 \u0b89\u0baf\u0bb0\u0bcd\u0ba4\u0bcd\u0ba4\u0bc1\u0bb5\u0bbe\u0bb0\u0bcd."},{"Verseid":"58003010","Verse":"\u0b9a\u0b95\u0bcb\u0ba4\u0bb0\u0bb0\u0bc7, \u0b92\u0bb0\u0bc1\u0bb5\u0bb0\u0bc1\u0b95\u0bcd\u0b95\u0bca\u0bb0\u0bc1\u0bb5\u0bb0\u0bcd \u0bb5\u0bbf\u0bb0\u0bcb\u0ba4\u0bae\u0bbe\u0baf\u0bcd\u0baa\u0bcd \u0baa\u0bc7\u0b9a\u0bbe\u0ba4\u0bbf\u0bb0\u0bc1\u0b99\u0bcd\u0b95\u0bb3\u0bcd; \u0b9a\u0b95\u0bcb\u0ba4\u0bb0\u0ba9\u0bc1\u0b95\u0bcd\u0b95\u0bc1 \u0bb5\u0bbf\u0bb0\u0bcb\u0ba4\u0bae\u0bbe\u0baf\u0bcd\u0baa\u0bcd \u0baa\u0bc7\u0b9a\u0bbf, \u0ba4\u0ba9\u0bcd \u0b9a\u0b95\u0bcb\u0ba4\u0bb0\u0ba9\u0bc8\u0b95\u0bcd \u0b95\u0bc1\u0bb1\u0bcd\u0bb1\u0baa\u0bcd\u0baa\u0b9f\u0bc1\u0ba4\u0bcd\u0ba4\u0bc1\u0b95\u0bbf\u0bb1\u0bb5\u0ba9\u0bcd \u0ba8\u0bbf\u0baf\u0bbe\u0baf\u0baa\u0bcd\u0baa\u0bbf\u0bb0\u0bae\u0bbe\u0ba3\u0ba4\u0bcd\u0ba4\u0bbf\u0bb1\u0bcd\u0b95\u0bc1 \u0bb5\u0bbf\u0bb0\u0bcb\u0ba4\u0bae\u0bbe\u0baf\u0bcd\u0baa\u0bcd\u0baa\u0bc7\u0b9a\u0bbf \u0ba8\u0bbf\u0baf\u0bbe\u0baf\u0baa\u0bcd\u0baa\u0bbf\u0bb0\u0bae\u0bbe\u0ba3\u0ba4\u0bcd\u0ba4\u0bc8\u0b95\u0bcd \u0b95\u0bc1\u0bb1\u0bcd\u0bb1\u0baa\u0bcd\u0baa\u0b9f\u0bc1\u0ba4\u0bcd\u0ba4\u0bc1\u0b95\u0bbf\u0bb1\u0bbe\u0ba9\u0bcd; \u0ba8\u0bbf\u0baf\u0bbe\u0baf\u0baa\u0bcd\u0baa\u0bbf\u0bb0\u0bae\u0bbe\u0ba3\u0ba4\u0bcd\u0ba4\u0bc8\u0b95\u0bcd \u0b95\u0bc1\u0bb1\u0bcd\u0bb1\u0baa\u0bcd\u0baa\u0b9f\u0bc1\u0ba4\u0bcd\u0ba4\u0bc1\u0bb5\u0bbe\u0baf\u0bbe\u0ba9\u0bbe\u0bb2\u0bcd, \u0ba8\u0bc0 \u0ba8\u0bbf\u0baf\u0bbe\u0baf\u0baa\u0bcd\u0baa\u0bbf\u0bb0\u0bae\u0bbe\u0ba3\u0ba4\u0bcd\u0ba4\u0bbf\u0ba9\u0bcd\u0baa\u0b9f\u0bbf \u0b9a\u0bc6\u0baf\u0bcd\u0b95\u0bbf\u0bb1\u0bb5\u0ba9\u0bbe\u0baf\u0bbf\u0bb0\u0bbe\u0bae\u0bb2\u0bcd, \u0b85\u0ba4\u0bb1\u0bcd\u0b95\u0bc1 \u0ba8\u0bbf\u0baf\u0bbe\u0baf\u0bbe\u0ba4\u0bbf\u0baa\u0ba4\u0bbf\u0baf\u0bbe\u0baf\u0bbf\u0bb0\u0bc1\u0baa\u0bcd\u0baa\u0bbe\u0baf\u0bcd."},{"Verseid":"58003011","Verse":"\u0ba8\u0bbf\u0baf\u0bbe\u0baf\u0baa\u0bcd\u0baa\u0bbf\u0bb0\u0bae\u0bbe\u0ba3\u0ba4\u0bcd\u0ba4\u0bc8\u0b95\u0bcd \u0b95\u0b9f\u0bcd\u0b9f\u0bb3\u0bc8\u0baf\u0bbf\u0b9f\u0bc1\u0b95\u0bbf\u0bb1\u0bb5\u0bb0\u0bcd \u0b92\u0bb0\u0bc1\u0bb5\u0bb0\u0bc7, \u0b85\u0bb5\u0bb0\u0bc7 \u0b87\u0bb0\u0b9f\u0bcd\u0b9a\u0bbf\u0b95\u0bcd\u0b95\u0bb5\u0bc1\u0bae\u0bcd \u0b85\u0bb4\u0bbf\u0b95\u0bcd\u0b95\u0bb5\u0bc1\u0bae\u0bcd \u0bb5\u0bb2\u0bcd\u0bb2\u0bb5\u0bb0\u0bcd; \u0bae\u0bb1\u0bcd\u0bb1\u0bb5\u0ba9\u0bc8\u0b95\u0bcd \u0b95\u0bc1\u0bb1\u0bcd\u0bb1\u0baa\u0bcd\u0baa\u0b9f\u0bc1\u0ba4\u0bcd\u0ba4\u0bc1\u0b95\u0bbf\u0bb1\u0ba4\u0bb1\u0bcd\u0b95\u0bc1 \u0ba8\u0bc0 \u0baf\u0bbe\u0bb0\u0bcd?"},{"Verseid":"58003012","Verse":"\u0bae\u0bc7\u0bb2\u0bc1\u0bae\u0bcd, \u0ba8\u0bbe\u0b99\u0bcd\u0b95\u0bb3\u0bcd \u0b87\u0ba9\u0bcd\u0bb1\u0bc8\u0b95\u0bcd\u0b95\u0bc1 \u0b85\u0bb2\u0bcd\u0bb2\u0ba4\u0bc1 \u0ba8\u0bbe\u0bb3\u0bc8\u0b95\u0bcd\u0b95\u0bc1 \u0b87\u0ba9\u0bcd\u0ba9 \u0baa\u0b9f\u0bcd\u0b9f\u0ba3\u0ba4\u0bcd\u0ba4\u0bbf\u0bb1\u0bcd\u0b95\u0bc1\u0baa\u0bcd \u0baa\u0bcb\u0baf\u0bcd, \u0b85\u0b99\u0bcd\u0b95\u0bc7 \u0b92\u0bb0\u0bc1\u0bb5\u0bb0\u0bc1\u0bb7\u0bae\u0bcd \u0ba4\u0b99\u0bcd\u0b95\u0bbf, \u0bb5\u0bbf\u0baf\u0bbe\u0baa\u0bbe\u0bb0\u0b9e\u0bcd\u0b9a\u0bc6\u0baf\u0bcd\u0ba4\u0bc1, \u0b9a\u0bae\u0bcd\u0baa\u0bbe\u0ba4\u0bcd\u0ba4\u0bbf\u0baf\u0bae\u0bcd\u0baa\u0ba3\u0bcd\u0ba3\u0bc1\u0bb5\u0bcb\u0bae\u0bc6\u0ba9\u0bcd\u0b95\u0bbf\u0bb1\u0bb5\u0bb0\u0bcd\u0b95\u0bb3\u0bc7, \u0b95\u0bc7\u0bb3\u0bc1\u0b99\u0bcd\u0b95\u0bb3\u0bcd."},{"Verseid":"58003013","Verse":"\u0ba8\u0bbe\u0bb3\u0bc8\u0b95\u0bcd\u0b95\u0bc1 \u0ba8\u0b9f\u0baa\u0bcd\u0baa\u0ba4\u0bc1 \u0b89\u0b99\u0bcd\u0b95\u0bb3\u0bc1\u0b95\u0bcd\u0b95\u0bc1\u0ba4\u0bcd \u0ba4\u0bc6\u0bb0\u0bbf\u0baf\u0bbe\u0ba4\u0bc7. \u0b89\u0b99\u0bcd\u0b95\u0bb3\u0bcd \u0b9c\u0bc0\u0bb5\u0ba9\u0bcd \u0b8e\u0baa\u0bcd\u0baa\u0b9f\u0bbf\u0baa\u0bcd\u0baa\u0b9f\u0bcd\u0b9f\u0ba4\u0bc1? \u0b95\u0bca\u0b9e\u0bcd\u0b9a\u0b95\u0bcd\u0b95\u0bbe\u0bb2\u0ba8\u0bcd\u0ba4\u0bcb\u0ba9\u0bcd\u0bb1\u0bbf\u0baa\u0bcd \u0baa\u0bbf\u0ba9\u0bcd\u0baa\u0bc1 \u0ba4\u0bcb\u0ba9\u0bcd\u0bb1\u0bbe\u0bae\u0bb1\u0bcd\u0baa\u0bcb\u0b95\u0bbf\u0bb1 \u0baa\u0bc1\u0b95\u0bc8\u0baf\u0bc8\u0baa\u0bcd\u0baa\u0bcb\u0bb2\u0bbf\u0bb0\u0bc1\u0b95\u0bcd\u0b95\u0bbf\u0bb1\u0ba4\u0bc7."},{"Verseid":"58003014","Verse":"\u0b86\u0ba4\u0bb2\u0bbe\u0bb2\u0bcd: \u0b86\u0ba3\u0bcd\u0b9f\u0bb5\u0bb0\u0bc1\u0b95\u0bcd\u0b95\u0bc1\u0b9a\u0bcd \u0b9a\u0bbf\u0ba4\u0bcd\u0ba4\u0bae\u0bbe\u0ba9\u0bbe\u0bb2\u0bcd, \u0ba8\u0bbe\u0b99\u0bcd\u0b95\u0bb3\u0bc1\u0bae\u0bcd \u0b89\u0baf\u0bbf\u0bb0\u0bcb\u0b9f\u0bbf\u0bb0\u0bc1\u0ba8\u0bcd\u0ba4\u0bbe\u0bb2\u0bcd, \u0b87\u0ba9\u0bcd\u0ba9\u0bbf\u0ba9\u0bcd\u0ba9\u0ba4\u0bc8\u0b9a\u0bcd \u0b9a\u0bc6\u0baf\u0bcd\u0bb5\u0bcb\u0bae\u0bcd \u0b8e\u0ba9\u0bcd\u0bb1\u0bc1 \u0b9a\u0bca\u0bb2\u0bcd\u0bb2\u0bb5\u0bc7\u0ba3\u0bcd\u0b9f\u0bc1\u0bae\u0bcd."},{"Verseid":"58003015","Verse":"\u0b87\u0baa\u0bcd\u0baa\u0bca\u0bb4\u0bc1\u0ba4\u0bc1 \u0b89\u0b99\u0bcd\u0b95\u0bb3\u0bcd \u0bb5\u0bc0\u0bae\u0bcd\u0baa\u0bc1\u0b95\u0bb3\u0bbf\u0bb2\u0bcd \u0bae\u0bc7\u0ba9\u0bcd\u0bae\u0bc8\u0baa\u0bbe\u0bb0\u0bbe\u0b9f\u0bcd\u0b9f\u0bc1\u0b95\u0bbf\u0bb1\u0bc0\u0bb0\u0bcd\u0b95\u0bb3\u0bcd; \u0b87\u0baa\u0bcd\u0baa\u0b9f\u0bbf\u0baa\u0bcd\u0baa\u0b9f\u0bcd\u0b9f \u0bae\u0bc7\u0ba9\u0bcd\u0bae\u0bc8\u0baa\u0bbe\u0bb0\u0bbe\u0b9f\u0bcd\u0b9f\u0bb2\u0bcd \u0baf\u0bbe\u0bb5\u0bc1\u0bae\u0bcd \u0baa\u0bca\u0bb2\u0bcd\u0bb2\u0bbe\u0b99\u0bcd\u0b95\u0bbe\u0baf\u0bbf\u0bb0\u0bc1\u0b95\u0bcd\u0b95\u0bbf\u0bb1\u0ba4\u0bc1."},{"Verseid":"58003016","Verse":"\u0b86\u0ba4\u0bb2\u0bbe\u0bb2\u0bcd, \u0b92\u0bb0\u0bc1\u0bb5\u0ba9\u0bcd \u0ba8\u0ba9\u0bcd\u0bae\u0bc8\u0b9a\u0bc6\u0baf\u0bcd\u0baf \u0b85\u0bb1\u0bbf\u0ba8\u0bcd\u0ba4\u0bb5\u0ba9\u0bbe\u0baf\u0bbf\u0bb0\u0bc1\u0ba8\u0bcd\u0ba4\u0bc1\u0bae\u0bcd, \u0b85\u0ba4\u0bc8\u0b9a\u0bcd \u0b9a\u0bc6\u0baf\u0bcd\u0baf\u0bbe\u0bae\u0bb1\u0bcd\u0baa\u0bcb\u0ba9\u0bbe\u0bb2\u0bcd, \u0b85\u0ba4\u0bc1 \u0b85\u0bb5\u0ba9\u0bc1\u0b95\u0bcd\u0b95\u0bc1\u0baa\u0bcd \u0baa\u0bbe\u0bb5\u0bae\u0bbe\u0baf\u0bbf\u0bb0\u0bc1\u0b95\u0bcd\u0b95\u0bc1\u0bae\u0bcd."}]},{"Verse":[{"Verseid":"58004000","Verse":"\u0b90\u0b9a\u0bc1\u0bb5\u0bb0\u0bbf\u0baf\u0bb5\u0bbe\u0ba9\u0bcd\u0b95\u0bb3\u0bc7, \u0b95\u0bc7\u0bb3\u0bc1\u0b99\u0bcd\u0b95\u0bb3\u0bcd, \u0b89\u0b99\u0bcd\u0b95\u0bb3\u0bcd\u0bae\u0bc7\u0bb2\u0bcd \u0bb5\u0bb0\u0bc1\u0bae\u0bcd \u0ba8\u0bbf\u0bb0\u0bcd\u0baa\u0bcd\u0baa\u0ba8\u0bcd\u0ba4\u0b99\u0bcd\u0b95\u0bb3\u0bbf\u0ba9\u0bbf\u0bae\u0bbf\u0ba4\u0bcd\u0ba4\u0bae\u0bcd \u0b85\u0bb2\u0bb1\u0bbf \u0b85\u0bb4\u0bc1\u0b99\u0bcd\u0b95\u0bb3\u0bcd."},{"Verseid":"58004001","Verse":"\u0b89\u0b99\u0bcd\u0b95\u0bb3\u0bcd \u0b90\u0b9a\u0bc1\u0bb5\u0bb0\u0bbf\u0baf\u0bae\u0bcd \u0b85\u0bb4\u0bbf\u0ba8\u0bcd\u0ba4\u0bc1, \u0b89\u0b99\u0bcd\u0b95\u0bb3\u0bcd \u0bb5\u0bb8\u0bcd\u0ba4\u0bbf\u0bb0\u0b99\u0bcd\u0b95\u0bb3\u0bcd \u0baa\u0bca\u0b9f\u0bcd\u0b9f\u0bb0\u0bbf\u0ba4\u0bcd\u0ba4\u0bc1\u0baa\u0bcd\u0baa\u0bcb\u0baf\u0bbf\u0ba9."},{"Verseid":"58004002","Verse":"\u0b89\u0b99\u0bcd\u0b95\u0bb3\u0bcd \u0baa\u0bca\u0ba9\u0bcd\u0ba9\u0bc1\u0bae\u0bcd \u0bb5\u0bc6\u0bb3\u0bcd\u0bb3\u0bbf\u0baf\u0bc1\u0bae\u0bcd \u0ba4\u0bc1\u0bb0\u0bc1\u0baa\u0bcd\u0baa\u0bbf\u0b9f\u0bbf\u0ba4\u0bcd\u0ba4\u0ba4\u0bc1; \u0b85\u0bb5\u0bc8\u0b95\u0bb3\u0bbf\u0bb2\u0bc1\u0bb3\u0bcd\u0bb3 \u0ba4\u0bc1\u0bb0\u0bc1 \u0b89\u0b99\u0bcd\u0b95\u0bb3\u0bc1\u0b95\u0bcd\u0b95\u0bc1 \u0bb5\u0bbf\u0bb0\u0bcb\u0ba4\u0bae\u0bbe\u0b95\u0b9a\u0bcd \u0b9a\u0bbe\u0b9f\u0bcd\u0b9a\u0bbf\u0baf\u0bbe\u0baf\u0bbf\u0bb0\u0bc1\u0ba8\u0bcd\u0ba4\u0bc1, \u0b85\u0b95\u0bcd\u0b95\u0bbf\u0ba9\u0bbf\u0baf\u0bc8\u0baa\u0bcd\u0baa\u0bcb\u0bb2 \u0b89\u0b99\u0bcd\u0b95\u0bb3\u0bcd \u0bae\u0bbe\u0bae\u0bcd\u0b9a\u0ba4\u0bcd\u0ba4\u0bc8\u0ba4\u0bcd \u0ba4\u0bbf\u0ba9\u0bcd\u0ba9\u0bc1\u0bae\u0bcd. \u0b95\u0b9f\u0bc8\u0b9a\u0bbf\u0ba8\u0bbe\u0b9f\u0bcd\u0b95\u0bb3\u0bbf\u0bb2\u0bc7 \u0baa\u0bca\u0b95\u0bcd\u0b95\u0bbf\u0bb7\u0ba4\u0bcd\u0ba4\u0bc8\u0b9a\u0bcd \u0b9a\u0bc7\u0bb0\u0bcd\u0ba4\u0bcd\u0ba4\u0bc0\u0bb0\u0bcd\u0b95\u0bb3\u0bcd."},{"Verseid":"58004003","Verse":"\u0b87\u0ba4\u0bcb, \u0b89\u0b99\u0bcd\u0b95\u0bb3\u0bcd \u0bb5\u0baf\u0bb2\u0bcd\u0b95\u0bb3\u0bc8 \u0b85\u0bb1\u0bc1\u0ba4\u0bcd\u0ba4 \u0bb5\u0bc7\u0bb2\u0bc8\u0b95\u0bcd\u0b95\u0bbe\u0bb0\u0bb0\u0bc1\u0b9f\u0bc8\u0baf \u0b95\u0bc2\u0bb2\u0bbf \u0b89\u0b99\u0bcd\u0b95\u0bb3\u0bbe\u0bb2\u0bcd \u0b85\u0ba8\u0bbf\u0baf\u0bbe\u0baf\u0bae\u0bbe\u0baf\u0bcd\u0baa\u0bcd \u0baa\u0bbf\u0b9f\u0bbf\u0b95\u0bcd\u0b95\u0baa\u0bcd\u0baa\u0b9f\u0bcd\u0b9f\u0bc1\u0b95\u0bcd \u0b95\u0bc2\u0b95\u0bcd\u0b95\u0bc1\u0bb0\u0bb2\u0bbf\u0b9f\u0bc1\u0b95\u0bbf\u0bb1\u0ba4\u0bc1; \u0b85\u0bb1\u0bc1\u0ba4\u0bcd\u0ba4\u0bb5\u0bb0\u0bcd\u0b95\u0bb3\u0bc1\u0b9f\u0bc8\u0baf, \u0b95\u0bc2\u0b95\u0bcd\u0b95\u0bc1\u0bb0\u0bb2\u0bcd \u0b9a\u0bc7\u0ba9\u0bc8\u0b95\u0bb3\u0bc1\u0b9f\u0bc8\u0baf \u0b95\u0bb0\u0bcd\u0ba4\u0bcd\u0ba4\u0bb0\u0bbf\u0ba9\u0bcd \u0b9a\u0bc6\u0bb5\u0bbf\u0b95\u0bb3\u0bbf\u0bb2\u0bcd \u0baa\u0b9f\u0bcd\u0b9f\u0ba4\u0bc1."},{"Verseid":"58004004","Verse":"\u0baa\u0bc2\u0bae\u0bbf\u0baf\u0bbf\u0bb2\u0bc7 \u0ba8\u0bc0\u0b99\u0bcd\u0b95\u0bb3\u0bcd \u0b9a\u0bae\u0bcd\u0baa\u0bbf\u0bb0\u0bae\u0bae\u0bbe\u0baf\u0bcd \u0bb5\u0bbe\u0bb4\u0bcd\u0ba8\u0bcd\u0ba4\u0bc1, \u0b9a\u0bc1\u0b95\u0baa\u0bcb\u0b95\u0ba4\u0bcd\u0ba4\u0bbf\u0bb2\u0bcd \u0b89\u0bb4\u0ba9\u0bcd\u0bb1\u0bc0\u0bb0\u0bcd\u0b95\u0bb3\u0bcd; \u0b95\u0bca\u0bb4\u0bc1\u0ba4\u0bcd\u0ba4\u0bb5\u0bc8\u0b95\u0bb3\u0bc8 \u0b85\u0b9f\u0bbf\u0b95\u0bcd\u0b95\u0bc1\u0bae\u0bcd \u0ba8\u0bbe\u0bb3\u0bbf\u0bb2\u0bcd \u0ba8\u0b9f\u0b95\u0bcd\u0b95\u0bbf\u0bb1\u0ba4\u0bc1\u0baa\u0bcb\u0bb2 \u0b89\u0b99\u0bcd\u0b95\u0bb3\u0bcd \u0b87\u0bb0\u0bc1\u0ba4\u0baf\u0b99\u0bcd\u0b95\u0bb3\u0bc8\u0baa\u0bcd \u0baa\u0bcb\u0bb7\u0bbf\u0ba4\u0bcd\u0ba4\u0bc0\u0bb0\u0bcd\u0b95\u0bb3\u0bcd."},{"Verseid":"58004005","Verse":"\u0ba8\u0bc0\u0ba4\u0bbf\u0bae\u0bbe\u0ba9\u0bc8 \u0ba8\u0bc0\u0b99\u0bcd\u0b95\u0bb3\u0bcd \u0b86\u0b95\u0bcd\u0b95\u0bbf\u0ba9\u0bc8\u0b95\u0bcd\u0b95\u0bc1\u0bb3\u0bcd\u0bb3\u0bbe\u0b95\u0ba4\u0bcd \u0ba4\u0bc0\u0bb0\u0bcd\u0ba4\u0bcd\u0ba4\u0bc1\u0b95\u0bcd \u0b95\u0bca\u0bb2\u0bc8\u0b9a\u0bc6\u0baf\u0bcd\u0ba4\u0bc0\u0bb0\u0bcd\u0b95\u0bb3\u0bcd; \u0b85\u0bb5\u0ba9\u0bcd \u0b89\u0b99\u0bcd\u0b95\u0bb3\u0bcb\u0b9f\u0bc7 \u0b8e\u0ba4\u0bbf\u0bb0\u0bcd\u0ba4\u0bcd\u0ba4\u0bc1 \u0ba8\u0bbf\u0bb1\u0bcd\u0b95\u0bb5\u0bbf\u0bb2\u0bcd\u0bb2\u0bc8."},{"Verseid":"58004006","Verse":"\u0b87\u0baa\u0bcd\u0baa\u0b9f\u0bbf\u0baf\u0bbf\u0bb0\u0bc1\u0b95\u0bcd\u0b95, \u0b9a\u0b95\u0bcb\u0ba4\u0bb0\u0bb0\u0bc7, \u0b95\u0bb0\u0bcd\u0ba4\u0bcd\u0ba4\u0bb0\u0bcd \u0bb5\u0bb0\u0bc1\u0bae\u0bb3\u0bb5\u0bc1\u0bae\u0bcd \u0ba8\u0bc0\u0b9f\u0bbf\u0baf \u0baa\u0bca\u0bb1\u0bc1\u0bae\u0bc8\u0baf\u0bbe\u0baf\u0bbf\u0bb0\u0bc1\u0b99\u0bcd\u0b95\u0bb3\u0bcd. \u0b87\u0ba4\u0bcb, \u0baa\u0baf\u0bbf\u0bb0\u0bbf\u0b9f\u0bc1\u0b95\u0bbf\u0bb1\u0bb5\u0ba9\u0bcd \u0baa\u0bc2\u0bae\u0bbf\u0baf\u0bbf\u0ba9\u0bcd \u0ba8\u0bb1\u0bcd\u0baa\u0bb2\u0ba9\u0bc8 \u0b85\u0b9f\u0bc8\u0baf\u0bb5\u0bc7\u0ba3\u0bcd\u0b9f\u0bc1\u0bae\u0bc6\u0ba9\u0bcd\u0bb1\u0bc1, \u0bae\u0bc1\u0ba9\u0bcd\u0bae\u0bbe\u0bb0\u0bbf\u0baf\u0bc1\u0bae\u0bcd \u0baa\u0bbf\u0ba9\u0bcd\u0bae\u0bbe\u0bb0\u0bbf\u0baf\u0bc1\u0bae\u0bcd \u0bb5\u0bb0\u0bc1\u0bae\u0bb3\u0bb5\u0bc1\u0bae\u0bcd, \u0ba8\u0bc0\u0b9f\u0bbf\u0baf \u0baa\u0bca\u0bb1\u0bc1\u0bae\u0bc8\u0baf\u0bcb\u0b9f\u0bc7 \u0b95\u0bbe\u0ba4\u0bcd\u0ba4\u0bbf\u0bb0\u0bc1\u0b95\u0bcd\u0b95\u0bbf\u0bb1\u0bbe\u0ba9\u0bcd."},{"Verseid":"58004007","Verse":"\u0ba8\u0bc0\u0b99\u0bcd\u0b95\u0bb3\u0bc1\u0bae\u0bcd \u0ba8\u0bc0\u0b9f\u0bbf\u0baf \u0baa\u0bca\u0bb1\u0bc1\u0bae\u0bc8\u0baf\u0bcb\u0b9f\u0bbf\u0bb0\u0bc1\u0ba8\u0bcd\u0ba4\u0bc1, \u0b89\u0b99\u0bcd\u0b95\u0bb3\u0bcd \u0b87\u0bb0\u0bc1\u0ba4\u0baf\u0b99\u0bcd\u0b95\u0bb3\u0bc8 \u0bb8\u0bcd\u0ba4\u0bbf\u0bb0\u0baa\u0bcd\u0baa\u0b9f\u0bc1\u0ba4\u0bcd\u0ba4\u0bc1\u0b99\u0bcd\u0b95\u0bb3\u0bcd; \u0b95\u0bb0\u0bcd\u0ba4\u0bcd\u0ba4\u0bb0\u0bbf\u0ba9\u0bcd \u0bb5\u0bb0\u0bc1\u0b95\u0bc8 \u0b9a\u0bae\u0bc0\u0baa\u0bae\u0bbe\u0baf\u0bbf\u0bb0\u0bc1\u0b95\u0bcd\u0b95\u0bbf\u0bb1\u0ba4\u0bc7."},{"Verseid":"58004008","Verse":"\u0b9a\u0b95\u0bcb\u0ba4\u0bb0\u0bb0\u0bc7, \u0ba8\u0bc0\u0b99\u0bcd\u0b95\u0bb3\u0bcd \u0ba8\u0bbf\u0baf\u0bbe\u0baf\u0ba8\u0bcd\u0ba4\u0bc0\u0bb0\u0bcd\u0b95\u0bcd\u0b95\u0baa\u0bcd\u0baa\u0b9f\u0bbe\u0ba4\u0baa\u0b9f\u0bbf\u0b95\u0bcd\u0b95\u0bc1 \u0b92\u0bb0\u0bc1\u0bb5\u0bb0\u0bc1\u0b95\u0bcd\u0b95\u0bca\u0bb0\u0bc1\u0bb5\u0bb0\u0bcd \u0bb5\u0bbf\u0bb0\u0bcb\u0ba4\u0bae\u0bbe\u0baf\u0bcd \u0bae\u0bc1\u0bb1\u0bc8\u0baf\u0bbf\u0b9f\u0bbe\u0ba4\u0bbf\u0bb0\u0bc1\u0b99\u0bcd\u0b95\u0bb3\u0bcd; \u0b87\u0ba4\u0bcb, \u0ba8\u0bbf\u0baf\u0bbe\u0baf\u0bbe\u0ba4\u0bbf\u0baa\u0ba4\u0bbf \u0bb5\u0bbe\u0b9a\u0bb1\u0bcd\u0baa\u0b9f\u0bbf\u0baf\u0bbf\u0bb2\u0bcd \u0ba8\u0bbf\u0bb1\u0bcd\u0b95\u0bbf\u0bb1\u0bbe\u0bb0\u0bcd."},{"Verseid":"58004009","Verse":"\u0b8e\u0ba9\u0bcd \u0b9a\u0b95\u0bcb\u0ba4\u0bb0\u0bb0\u0bc7, \u0b95\u0bb0\u0bcd\u0ba4\u0bcd\u0ba4\u0bb0\u0bc1\u0b9f\u0bc8\u0baf \u0ba8\u0bbe\u0bae\u0ba4\u0bcd\u0ba4\u0bbf\u0ba9\u0bbe\u0bb2\u0bc7 \u0baa\u0bc7\u0b9a\u0bbf \u0ba4\u0bc0\u0bb0\u0bcd\u0b95\u0bcd\u0b95\u0ba4\u0bb0\u0bbf\u0b9a\u0bbf\u0b95\u0bb3\u0bc8\u0ba4\u0bcd \u0ba4\u0bc1\u0ba9\u0bcd\u0baa\u0baa\u0bcd\u0baa\u0b9f\u0bc1\u0ba4\u0bb2\u0bc1\u0b95\u0bcd\u0b95\u0bc1\u0bae\u0bcd \u0ba8\u0bc0\u0b9f\u0bbf\u0baf \u0baa\u0bca\u0bb1\u0bc1\u0bae\u0bc8\u0b95\u0bcd\u0b95\u0bc1\u0bae\u0bcd \u0ba4\u0bbf\u0bb0\u0bc1\u0bb7\u0bcd\u0b9f\u0bbe\u0ba8\u0bcd\u0ba4\u0bae\u0bbe\u0b95 \u0bb5\u0bc8\u0ba4\u0bcd\u0ba4\u0bc1\u0b95\u0bcd\u0b95\u0bca\u0bb3\u0bcd\u0bb3\u0bc1\u0b99\u0bcd\u0b95\u0bb3\u0bcd."},{"Verseid":"58004010","Verse":"\u0b87\u0ba4\u0bcb, \u0baa\u0bca\u0bb1\u0bc1\u0bae\u0bc8\u0baf\u0bbe\u0baf\u0bbf\u0bb0\u0bc1\u0b95\u0bcd\u0b95\u0bbf\u0bb1\u0bb5\u0bb0\u0bcd\u0b95\u0bb3\u0bc8\u0baa\u0bcd \u0baa\u0bbe\u0b95\u0bcd\u0b95\u0bbf\u0baf\u0bb5\u0bbe\u0ba9\u0bcd\u0b95\u0bb3\u0bc6\u0ba9\u0bcd\u0b95\u0bbf\u0bb1\u0bcb\u0bae\u0bc7! \u0baf\u0bcb\u0baa\u0bbf\u0ba9\u0bcd \u0baa\u0bca\u0bb1\u0bc1\u0bae\u0bc8\u0baf\u0bc8\u0b95\u0bcd\u0b95\u0bc1\u0bb1\u0bbf\u0ba4\u0bcd\u0ba4\u0bc1\u0b95\u0bcd \u0b95\u0bc7\u0bb3\u0bcd\u0bb5\u0bbf\u0baa\u0bcd\u0baa\u0b9f\u0bcd\u0b9f\u0bbf\u0bb0\u0bc1\u0b95\u0bcd\u0b95\u0bbf\u0bb1\u0bc0\u0bb0\u0bcd\u0b95\u0bb3\u0bcd; \u0b95\u0bb0\u0bcd\u0ba4\u0bcd\u0ba4\u0bb0\u0bc1\u0b9f\u0bc8\u0baf \u0b9a\u0bc6\u0baf\u0bb2\u0bbf\u0ba9\u0bcd \u0bae\u0bc1\u0b9f\u0bbf\u0bb5\u0bc8\u0baf\u0bc1\u0bae\u0bcd \u0b95\u0ba3\u0bcd\u0b9f\u0bbf\u0bb0\u0bc1\u0b95\u0bcd\u0b95\u0bbf\u0bb1\u0bc0\u0bb0\u0bcd\u0b95\u0bb3\u0bcd; \u0b95\u0bb0\u0bcd\u0ba4\u0bcd\u0ba4\u0bb0\u0bcd \u0bae\u0bbf\u0b95\u0bc1\u0ba8\u0bcd\u0ba4 \u0b89\u0bb0\u0bc1\u0b95\u0bcd\u0b95\u0bae\u0bc1\u0bae\u0bcd \u0b87\u0bb0\u0b95\u0bcd\u0b95\u0bae\u0bc1\u0bae\u0bc1\u0bb3\u0bcd\u0bb3\u0bb5\u0bb0\u0bbe\u0baf\u0bbf\u0bb0\u0bc1\u0b95\u0bcd\u0b95\u0bbf\u0bb1\u0bbe\u0bb0\u0bc7."},{"Verseid":"58004011","Verse":"\u0bb5\u0bbf\u0b9a\u0bc7\u0bb7\u0bae\u0bbe\u0baf\u0bcd, \u0b8e\u0ba9\u0bcd \u0b9a\u0b95\u0bcb\u0ba4\u0bb0\u0bb0\u0bc7, \u0bb5\u0bbe\u0ba9\u0ba4\u0bcd\u0ba4\u0bbf\u0ba9\u0bcd\u0baa\u0bc7\u0bb0\u0bbf\u0bb2\u0bbe\u0bb5\u0ba4\u0bc1, \u0baa\u0bc2\u0bae\u0bbf\u0baf\u0bbf\u0ba9\u0bcd\u0baa\u0bc7\u0bb0\u0bbf\u0bb2\u0bbe\u0bb5\u0ba4\u0bc1, \u0bb5\u0bc7\u0bb1\u0bc6\u0ba8\u0bcd\u0ba4 \u0b86\u0ba3\u0bc8\u0baf\u0bbf\u0ba9\u0bbe\u0bb2\u0bbe\u0bb5\u0ba4\u0bc1 \u0b9a\u0ba4\u0bcd\u0ba4\u0bbf\u0baf\u0bae\u0bcd\u0baa\u0ba3\u0bcd\u0ba3\u0bbe\u0ba4\u0bbf\u0bb0\u0bc1\u0b99\u0bcd\u0b95\u0bb3\u0bcd; \u0ba8\u0bc0\u0b99\u0bcd\u0b95\u0bb3\u0bcd \u0b86\u0b95\u0bcd\u0b95\u0bbf\u0ba9\u0bc8\u0b95\u0bcd\u0b95\u0bc1\u0bb3\u0bcd\u0bb3\u0bbe\u0b95\u0ba4\u0bcd \u0ba4\u0bc0\u0bb0\u0bcd\u0b95\u0bcd\u0b95\u0baa\u0bcd\u0baa\u0b9f\u0bbe\u0ba4\u0baa\u0b9f\u0bbf\u0b95\u0bcd\u0b95\u0bc1 \u0b89\u0bb3\u0bcd\u0bb3\u0ba4\u0bc8 \u0b89\u0bb3\u0bcd\u0bb3\u0ba4\u0bc6\u0ba9\u0bcd\u0bb1\u0bc1\u0bae\u0bcd, \u0b87\u0bb2\u0bcd\u0bb2\u0ba4\u0bc8 \u0b87\u0bb2\u0bcd\u0bb2\u0ba4\u0bc6\u0ba9\u0bcd\u0bb1\u0bc1\u0bae\u0bcd \u0b9a\u0bca\u0bb2\u0bcd\u0bb2\u0b95\u0bcd\u0b95\u0b9f\u0bb5\u0bc0\u0bb0\u0bcd\u0b95\u0bb3\u0bcd."},{"Verseid":"58004012","Verse":"\u0b89\u0b99\u0bcd\u0b95\u0bb3\u0bbf\u0bb2\u0bcd \u0b92\u0bb0\u0bc1\u0bb5\u0ba9\u0bcd \u0ba4\u0bc1\u0ba9\u0bcd\u0baa\u0baa\u0bcd\u0baa\u0b9f\u0bcd\u0b9f\u0bbe\u0bb2\u0bcd \u0b9c\u0bc6\u0baa\u0bae\u0bcd\u0baa\u0ba3\u0bcd\u0ba3\u0b95\u0bcd\u0b95\u0b9f\u0bb5\u0ba9\u0bcd; \u0b92\u0bb0\u0bc1\u0bb5\u0ba9\u0bcd \u0bae\u0b95\u0bbf\u0bb4\u0bcd\u0b9a\u0bcd\u0b9a\u0bbf\u0baf\u0bbe\u0baf\u0bbf\u0bb0\u0bc1\u0ba8\u0bcd\u0ba4\u0bbe\u0bb2\u0bcd \u0b9a\u0b99\u0bcd\u0b95\u0bc0\u0ba4\u0bae\u0bcd \u0baa\u0bbe\u0b9f\u0b95\u0bcd\u0b95\u0b9f\u0bb5\u0ba9\u0bcd."},{"Verseid":"58004013","Verse":"\u0b89\u0b99\u0bcd\u0b95\u0bb3\u0bbf\u0bb2\u0bcd \u0b92\u0bb0\u0bc1\u0bb5\u0ba9\u0bcd \u0bb5\u0bbf\u0baf\u0bbe\u0ba4\u0bbf\u0baa\u0bcd\u0baa\u0b9f\u0bcd\u0b9f\u0bbe\u0bb2\u0bcd, \u0b85\u0bb5\u0ba9\u0bcd \u0b9a\u0baa\u0bc8\u0baf\u0bbf\u0ba9\u0bcd \u0bae\u0bc2\u0baa\u0bcd\u0baa\u0bb0\u0bcd\u0b95\u0bb3\u0bc8 \u0bb5\u0bb0\u0bb5\u0bb4\u0bc8\u0baa\u0bcd\u0baa\u0bbe\u0ba9\u0bbe\u0b95; \u0b85\u0bb5\u0bb0\u0bcd\u0b95\u0bb3\u0bcd \u0b95\u0bb0\u0bcd\u0ba4\u0bcd\u0ba4\u0bb0\u0bc1\u0b9f\u0bc8\u0baf \u0ba8\u0bbe\u0bae\u0ba4\u0bcd\u0ba4\u0bbf\u0ba9\u0bbe\u0bb2\u0bc7 \u0b85\u0bb5\u0ba9\u0bc1\u0b95\u0bcd\u0b95\u0bc1 \u0b8e\u0ba3\u0bcd\u0ba3\u0bc6\u0baf\u0bcd\u0baa\u0bc2\u0b9a\u0bbf, \u0b85\u0bb5\u0ba9\u0bc1\u0b95\u0bcd\u0b95\u0bbe\u0b95 \u0b9c\u0bc6\u0baa\u0bae\u0bcd\u0baa\u0ba3\u0bcd\u0ba3\u0b95\u0bcd\u0b95\u0b9f\u0bb5\u0bb0\u0bcd\u0b95\u0bb3\u0bcd."},{"Verseid":"58004014","Verse":"\u0b85\u0baa\u0bcd\u0baa\u0bca\u0bb4\u0bc1\u0ba4\u0bc1 \u0bb5\u0bbf\u0b9a\u0bc1\u0bb5\u0bbe\u0b9a\u0bae\u0bc1\u0bb3\u0bcd\u0bb3 \u0b9c\u0bc6\u0baa\u0bae\u0bcd \u0baa\u0bbf\u0ba3\u0bbf\u0baf\u0bbe\u0bb3\u0bbf\u0baf\u0bc8 \u0b87\u0bb0\u0b9f\u0bcd\u0b9a\u0bbf\u0b95\u0bcd\u0b95\u0bc1\u0bae\u0bcd; \u0b95\u0bb0\u0bcd\u0ba4\u0bcd\u0ba4\u0bb0\u0bcd \u0b85\u0bb5\u0ba9\u0bc8 \u0b8e\u0bb4\u0bc1\u0baa\u0bcd\u0baa\u0bc1\u0bb5\u0bbe\u0bb0\u0bcd; \u0b85\u0bb5\u0ba9\u0bcd \u0baa\u0bbe\u0bb5\u0b9e\u0bcd\u0b9a\u0bc6\u0baf\u0bcd\u0ba4\u0bb5\u0ba9\u0bbe\u0ba9\u0bbe\u0bb2\u0bcd \u0b85\u0ba4\u0bc1 \u0b85\u0bb5\u0ba9\u0bc1\u0b95\u0bcd\u0b95\u0bc1 \u0bae\u0ba9\u0bcd\u0ba9\u0bbf\u0b95\u0bcd\u0b95\u0baa\u0bcd\u0baa\u0b9f\u0bc1\u0bae\u0bcd."},{"Verseid":"58004015","Verse":"\u0ba8\u0bc0\u0b99\u0bcd\u0b95\u0bb3\u0bcd \u0b9a\u0bca\u0bb8\u0bcd\u0ba4\u0bae\u0b9f\u0bc8\u0baf\u0bc1\u0bae\u0bcd\u0baa\u0b9f\u0bbf\u0b95\u0bcd\u0b95\u0bc1, \u0b89\u0b99\u0bcd\u0b95\u0bb3\u0bcd \u0b95\u0bc1\u0bb1\u0bcd\u0bb1\u0b99\u0bcd\u0b95\u0bb3\u0bc8 \u0b92\u0bb0\u0bc1\u0bb5\u0bb0\u0bc1\u0b95\u0bcd\u0b95\u0bca\u0bb0\u0bc1\u0bb5\u0bb0\u0bcd \u0b85\u0bb1\u0bbf\u0b95\u0bcd\u0b95\u0bc8\u0baf\u0bbf\u0b9f\u0bcd\u0b9f\u0bc1, \u0b92\u0bb0\u0bc1\u0bb5\u0bb0\u0bc1\u0b95\u0bcd\u0b95\u0bbe\u0b95 \u0b92\u0bb0\u0bc1\u0bb5\u0bb0\u0bcd \u0b9c\u0bc6\u0baa\u0bae\u0bcd\u0baa\u0ba3\u0bcd\u0ba3\u0bc1\u0b99\u0bcd\u0b95\u0bb3\u0bcd. \u0ba8\u0bc0\u0ba4\u0bbf\u0bae\u0bbe\u0ba9\u0bcd \u0b9a\u0bc6\u0baf\u0bcd\u0baf\u0bc1\u0bae\u0bcd \u0b8a\u0b95\u0bcd\u0b95\u0bae\u0bbe\u0ba9 \u0bb5\u0bc7\u0ba3\u0bcd\u0b9f\u0bc1\u0ba4\u0bb2\u0bcd \u0bae\u0bbf\u0b95\u0bb5\u0bc1\u0bae\u0bcd \u0baa\u0bc6\u0bb2\u0ba9\u0bc1\u0bb3\u0bcd\u0bb3\u0ba4\u0bbe\u0baf\u0bbf\u0bb0\u0bc1\u0b95\u0bcd\u0b95\u0bbf\u0bb1\u0ba4\u0bc1."},{"Verseid":"58004016","Verse":"\u0b8e\u0bb2\u0bbf\u0baf\u0bbe \u0b8e\u0ba9\u0bcd\u0baa\u0bb5\u0ba9\u0bcd \u0ba8\u0bae\u0bcd\u0bae\u0bc8\u0baa\u0bcd\u0baa\u0bcb\u0bb2\u0baa\u0bcd\u0baa\u0bbe\u0b9f\u0bc1\u0bb3\u0bcd\u0bb3 \u0bae\u0ba9\u0bc1\u0bb7\u0ba9\u0bbe\u0baf\u0bbf\u0bb0\u0bc1\u0ba8\u0bcd\u0ba4\u0bc1\u0bae\u0bcd, \u0bae\u0bb4\u0bc8\u0baa\u0bc6\u0baf\u0bcd\u0baf\u0bbe\u0ba4\u0baa\u0b9f\u0bbf\u0b95\u0bcd\u0b95\u0bc1\u0b95\u0bcd \u0b95\u0bb0\u0bc1\u0ba4\u0bcd\u0ba4\u0bbe\u0baf\u0bcd \u0b9c\u0bc6\u0baa\u0bae\u0bcd\u0baa\u0ba3\u0bcd\u0ba3\u0bbf\u0ba9\u0bbe\u0ba9\u0bcd, \u0b85\u0baa\u0bcd\u0baa\u0bca\u0bb4\u0bc1\u0ba4\u0bc1 \u0bae\u0bc2\u0ba9\u0bcd\u0bb1\u0bc1\u0bb5\u0bb0\u0bc1\u0bb7\u0bae\u0bc1\u0bae\u0bcd \u0b86\u0bb1\u0bc1\u0bae\u0bbe\u0ba4\u0bae\u0bc1\u0bae\u0bcd \u0baa\u0bc2\u0bae\u0bbf\u0baf\u0bbf\u0ba9\u0bcd\u0bae\u0bc7\u0bb2\u0bcd \u0bae\u0bb4\u0bc8 \u0baa\u0bc6\u0baf\u0bcd\u0baf\u0bb5\u0bbf\u0bb2\u0bcd\u0bb2\u0bc8."},{"Verseid":"58004017","Verse":"\u0bae\u0bb1\u0bc1\u0baa\u0b9f\u0bbf\u0baf\u0bc1\u0bae\u0bcd \u0b9c\u0bc6\u0baa\u0bae\u0bcd\u0baa\u0ba3\u0bcd\u0ba3\u0bbf\u0ba9\u0bbe\u0ba9\u0bcd, \u0b85\u0baa\u0bcd\u0baa\u0bca\u0bb4\u0bc1\u0ba4\u0bc1 \u0bb5\u0bbe\u0ba9\u0bae\u0bcd \u0bae\u0bb4\u0bc8\u0baf\u0bc8\u0baa\u0bcd \u0baa\u0bca\u0bb4\u0bbf\u0ba8\u0bcd\u0ba4\u0ba4\u0bc1, \u0baa\u0bc2\u0bae\u0bbf \u0ba4\u0ba9\u0bcd \u0baa\u0bb2\u0ba9\u0bc8\u0ba4\u0bcd \u0ba4\u0ba8\u0bcd\u0ba4\u0ba4\u0bc1."},{"Verseid":"58004018","Verse":"\u0b9a\u0b95\u0bcb\u0ba4\u0bb0\u0bb0\u0bc7, \u0b89\u0b99\u0bcd\u0b95\u0bb3\u0bbf\u0bb2\u0bcd \u0b92\u0bb0\u0bc1\u0bb5\u0ba9\u0bcd \u0b9a\u0ba4\u0bcd\u0ba4\u0bbf\u0baf\u0ba4\u0bcd\u0ba4\u0bc8\u0bb5\u0bbf\u0b9f\u0bcd\u0b9f\u0bc1 \u0bb5\u0bbf\u0bb2\u0b95\u0bbf \u0bae\u0bcb\u0b9a\u0bae\u0bcd\u0baa\u0bcb\u0b95\u0bc1\u0bae\u0bcd\u0baa\u0bcb\u0ba4\u0bc1, \u0bae\u0bb1\u0bcd\u0bb1\u0bca\u0bb0\u0bc1\u0bb5\u0ba9\u0bcd \u0b85\u0bb5\u0ba9\u0bc8\u0ba4\u0bcd\u0ba4\u0bbf\u0bb0\u0bc1\u0baa\u0bcd\u0baa\u0bbf\u0ba9\u0bbe\u0bb2\u0bcd,"},{"Verseid":"58004019","Verse":"\u0ba4\u0baa\u0bcd\u0baa\u0bbf\u0baa\u0bcd\u0baa\u0bcb\u0ba9 \u0bae\u0bbe\u0bb0\u0bcd\u0b95\u0bcd\u0b95\u0ba4\u0bcd\u0ba4\u0bbf\u0ba9\u0bbf\u0ba9\u0bcd\u0bb1\u0bc1 \u0baa\u0bbe\u0bb5\u0bbf\u0baf\u0bc8\u0ba4\u0bcd \u0ba4\u0bbf\u0bb0\u0bc1\u0baa\u0bcd\u0baa\u0bc1\u0b95\u0bbf\u0bb1\u0bb5\u0ba9\u0bcd \u0b92\u0bb0\u0bc1 \u0b86\u0ba4\u0bcd\u0ba4\u0bc1\u0bae\u0bbe\u0bb5\u0bc8 \u0bae\u0bb0\u0ba3\u0ba4\u0bcd\u0ba4\u0bbf\u0ba9\u0bbf\u0ba9\u0bcd\u0bb1\u0bc1 \u0b87\u0bb0\u0b9f\u0bcd\u0b9a\u0bbf\u0ba4\u0bcd\u0ba4\u0bc1, \u0ba4\u0bbf\u0bb0\u0bb3\u0bbe\u0ba9 \u0baa\u0bbe\u0bb5\u0b99\u0bcd\u0b95\u0bb3\u0bc8 \u0bae\u0bc2\u0b9f\u0bc1\u0bb5\u0bbe\u0ba9\u0bc6\u0ba9\u0bcd\u0bb1\u0bc1 \u0b85\u0bb1\u0bbf\u0baf\u0b95\u0bcd\u0b95\u0b9f\u0bb5\u0ba9\u0bcd."}]}]}