{"Chapter":[{"Verse":[{"Verseid":"59000000","Verse":"\u0b87\u0baf\u0bc7\u0b9a\u0bc1\u0b95\u0bbf\u0bb1\u0bbf\u0bb8\u0bcd\u0ba4\u0bc1\u0bb5\u0bbf\u0ba9\u0bcd \u0b85\u0baa\u0bcd\u0baa\u0bcb\u0bb8\u0bcd\u0ba4\u0bb2\u0ba9\u0bbe\u0b95\u0bbf\u0baf \u0baa\u0bc7\u0ba4\u0bc1\u0bb0\u0bc1, \u0baa\u0bca\u0ba8\u0bcd\u0ba4\u0bc1, \u0b95\u0bb2\u0bbe\u0ba4\u0bcd\u0ba4\u0bbf\u0baf\u0bbe, \u0b95\u0baa\u0bcd\u0baa\u0ba4\u0bcd\u0ba4\u0bcb\u0b95\u0bcd\u0b95\u0bbf\u0baf\u0bbe, \u0b86\u0b9a\u0bbf\u0baf\u0bbe, \u0baa\u0bbf\u0ba4\u0bcd\u0ba4\u0bbf\u0ba9\u0bbf\u0baf\u0bbe \u0ba4\u0bc7\u0b9a\u0b99\u0bcd\u0b95\u0bb3\u0bbf\u0bb2\u0bc7 \u0b9a\u0bbf\u0ba4\u0bb1\u0bbf\u0baf\u0bbf\u0bb0\u0bc1\u0b95\u0bcd\u0b95\u0bbf\u0bb1\u0bb5\u0bb0\u0bcd\u0b95\u0bb3\u0bbf\u0bb2\u0bcd,"},{"Verseid":"59000001","Verse":"\u0baa\u0bbf\u0ba4\u0bbe\u0bb5\u0bbe\u0b95\u0bbf\u0baf \u0ba4\u0bc7\u0bb5\u0ba9\u0bc1\u0b9f\u0bc8\u0baf \u0bae\u0bc1\u0ba9\u0bcd\u0ba9\u0bb1\u0bbf\u0bb5\u0bbf\u0ba9\u0bcd\u0baa\u0b9f\u0bbf\u0baf\u0bc7, \u0b86\u0bb5\u0bbf\u0baf\u0bbe\u0ba9\u0bb5\u0bb0\u0bbf\u0ba9\u0bcd \u0baa\u0bb0\u0bbf\u0b9a\u0bc1\u0ba4\u0bcd\u0ba4\u0bae\u0bbe\u0b95\u0bcd\u0b95\u0bc1\u0ba4\u0bb2\u0bbf\u0ba9\u0bbe\u0bb2\u0bc7, \u0b95\u0bc0\u0bb4\u0bcd\u0baa\u0bcd\u0baa\u0b9f\u0bbf\u0ba4\u0bb2\u0bc1\u0b95\u0bcd\u0b95\u0bc1\u0bae\u0bcd \u0b87\u0baf\u0bc7\u0b9a\u0bc1\u0b95\u0bbf\u0bb1\u0bbf\u0bb8\u0bcd\u0ba4\u0bc1\u0bb5\u0bbf\u0ba9\u0bc1\u0b9f\u0bc8\u0baf \u0b87\u0bb0\u0ba4\u0bcd\u0ba4\u0ba8\u0bcd \u0ba4\u0bc6\u0bb3\u0bbf\u0b95\u0bcd\u0b95\u0baa\u0bcd\u0baa\u0b9f\u0bc1\u0ba4\u0bb2\u0bc1\u0b95\u0bcd\u0b95\u0bc1\u0bae\u0bcd \u0ba4\u0bc6\u0bb0\u0bbf\u0ba8\u0bcd\u0ba4\u0bc1\u0b95\u0bca\u0bb3\u0bcd\u0bb3\u0baa\u0bcd\u0baa\u0b9f\u0bcd\u0b9f \u0baa\u0bb0\u0ba4\u0bc7\u0b9a\u0bbf\u0b95\u0bb3\u0bc1\u0b95\u0bcd\u0b95\u0bc1 \u0b8e\u0bb4\u0bc1\u0ba4\u0bc1\u0b95\u0bbf\u0bb1\u0ba4\u0bbe\u0bb5\u0ba4\u0bc1: \u0b95\u0bbf\u0bb0\u0bc1\u0baa\u0bc8\u0baf\u0bc1\u0bae\u0bcd \u0b9a\u0bae\u0bbe\u0ba4\u0bbe\u0ba9\u0bae\u0bc1\u0bae\u0bcd \u0b89\u0b99\u0bcd\u0b95\u0bb3\u0bc1\u0b95\u0bcd\u0b95\u0bc1\u0baa\u0bcd \u0baa\u0bc6\u0bb0\u0bc1\u0b95\u0b95\u0bcd\u0b95\u0b9f\u0bb5\u0ba4\u0bc1."},{"Verseid":"59000002","Verse":"\u0ba8\u0bae\u0bcd\u0bae\u0bc1\u0b9f\u0bc8\u0baf \u0b95\u0bb0\u0bcd\u0ba4\u0bcd\u0ba4\u0bb0\u0bbe\u0b95\u0bbf\u0baf \u0b87\u0baf\u0bc7\u0b9a\u0bc1\u0b95\u0bbf\u0bb1\u0bbf\u0bb8\u0bcd\u0ba4\u0bc1\u0bb5\u0bbf\u0ba9\u0bcd \u0baa\u0bbf\u0ba4\u0bbe\u0bb5\u0bbe\u0b95\u0bbf\u0baf \u0ba4\u0bc7\u0bb5\u0ba9\u0bc1\u0b95\u0bcd\u0b95\u0bc1 \u0bb8\u0bcd\u0ba4\u0bcb\u0ba4\u0bcd\u0ba4\u0bbf\u0bb0\u0bae\u0bcd \u0b89\u0ba3\u0bcd\u0b9f\u0bbe\u0bb5\u0ba4\u0bbe\u0b95;"},{"Verseid":"59000003","Verse":"\u0b85\u0bb5\u0bb0\u0bcd, \u0b87\u0baf\u0bc7\u0b9a\u0bc1\u0b95\u0bbf\u0bb1\u0bbf\u0bb8\u0bcd\u0ba4\u0bc1 \u0bae\u0bb0\u0bbf\u0ba4\u0bcd\u0ba4\u0bcb\u0bb0\u0bbf\u0bb2\u0bbf\u0bb0\u0bc1\u0ba8\u0bcd\u0ba4\u0bc1 \u0b8e\u0bb4\u0bc1\u0ba8\u0bcd\u0ba4\u0ba4\u0bbf\u0ba9\u0bbe\u0bb2\u0bc7, \u0b85\u0bb4\u0bbf\u0baf\u0bbe\u0ba4\u0ba4\u0bc1\u0bae\u0bcd \u0bae\u0bbe\u0b9a\u0bb1\u0bcd\u0bb1\u0ba4\u0bc1\u0bae\u0bcd \u0bb5\u0bbe\u0b9f\u0bbe\u0ba4\u0ba4\u0bc1\u0bae\u0bbe\u0b95\u0bbf\u0baf \u0b9a\u0bc1\u0ba4\u0ba8\u0bcd\u0ba4\u0bb0\u0ba4\u0bcd\u0ba4\u0bbf\u0bb1\u0bcd\u0b95\u0bc7\u0ba4\u0bc1\u0bb5\u0bbe\u0b95, \u0b9c\u0bc0\u0bb5\u0ba9\u0bc1\u0bb3\u0bcd\u0bb3 \u0ba8\u0bae\u0bcd\u0baa\u0bbf\u0b95\u0bcd\u0b95\u0bc8 \u0b89\u0ba3\u0bcd\u0b9f\u0bbe\u0b95\u0bc1\u0bae\u0bcd\u0baa\u0b9f\u0bbf, \u0ba4\u0bae\u0ba4\u0bc1 \u0bae\u0bbf\u0b95\u0bc1\u0ba8\u0bcd\u0ba4 \u0b87\u0bb0\u0b95\u0bcd\u0b95\u0ba4\u0bcd\u0ba4\u0bbf\u0ba9\u0bcd\u0baa\u0b9f\u0bbf\u0baf\u0bc7 \u0ba8\u0bae\u0bcd\u0bae\u0bc8 \u0bae\u0bb1\u0bc1\u0baa\u0b9f\u0bbf\u0baf\u0bc1\u0bae\u0bcd \u0b9c\u0bc6\u0ba8\u0bbf\u0baa\u0bcd\u0baa\u0bbf\u0ba4\u0bcd\u0ba4\u0bbe\u0bb0\u0bcd."},{"Verseid":"59000004","Verse":"\u0b95\u0b9f\u0bc8\u0b9a\u0bbf\u0b95\u0bcd\u0b95\u0bbe\u0bb2\u0ba4\u0bcd\u0ba4\u0bbf\u0bb2\u0bc7 \u0bb5\u0bc6\u0bb3\u0bbf\u0baa\u0bcd\u0baa\u0b9f \u0b86\u0baf\u0ba4\u0bcd\u0ba4\u0bae\u0bbe\u0b95\u0bcd\u0b95\u0baa\u0bcd\u0baa\u0b9f\u0bcd\u0b9f\u0bbf\u0bb0\u0bc1\u0b95\u0bcd\u0b95\u0bbf\u0bb1 \u0b87\u0bb0\u0b9f\u0bcd\u0b9a\u0bbf\u0baa\u0bcd\u0baa\u0bc1\u0b95\u0bcd\u0b95\u0bc1 \u0b8f\u0ba4\u0bc1\u0bb5\u0bbe\u0b95 \u0bb5\u0bbf\u0b9a\u0bc1\u0bb5\u0bbe\u0b9a\u0ba4\u0bcd\u0ba4\u0bc8\u0b95\u0bcd \u0b95\u0bca\u0ba3\u0bcd\u0b9f\u0bc1 \u0ba4\u0bc7\u0bb5\u0ba9\u0bc1\u0b9f\u0bc8\u0baf \u0baa\u0bb2\u0ba4\u0bcd\u0ba4\u0bbf\u0ba9\u0bbe\u0bb2\u0bc7 \u0b95\u0bbe\u0b95\u0bcd\u0b95\u0baa\u0bcd\u0baa\u0b9f\u0bcd\u0b9f\u0bbf\u0bb0\u0bc1\u0b95\u0bcd\u0b95\u0bbf\u0bb1 \u0b89\u0b99\u0bcd\u0b95\u0bb3\u0bc1\u0b95\u0bcd\u0b95\u0bc1 \u0b85\u0ba8\u0bcd\u0ba4\u0b9a\u0bcd \u0b9a\u0bc1\u0ba4\u0ba8\u0bcd\u0ba4\u0bb0\u0bae\u0bcd \u0baa\u0bb0\u0bb2\u0bcb\u0b95\u0ba4\u0bcd\u0ba4\u0bbf\u0bb2\u0bcd \u0bb5\u0bc8\u0b95\u0bcd\u0b95\u0baa\u0bcd\u0baa\u0b9f\u0bcd\u0b9f\u0bbf\u0bb0\u0bc1\u0b95\u0bcd\u0b95\u0bbf\u0bb1\u0ba4\u0bc1."},{"Verseid":"59000005","Verse":"\u0b87\u0ba4\u0bbf\u0bb2\u0bc7 \u0ba8\u0bc0\u0b99\u0bcd\u0b95\u0bb3\u0bcd \u0bae\u0bbf\u0b95\u0bb5\u0bc1\u0bae\u0bcd \u0b9a\u0ba8\u0bcd\u0ba4\u0bcb\u0bb7\u0baa\u0bcd\u0baa\u0b9f\u0bc1\u0b95\u0bbf\u0bb1\u0bc0\u0bb0\u0bcd\u0b95\u0bb3\u0bcd; \u0b8e\u0ba9\u0bcd\u0bb1\u0bbe\u0bb2\u0bc1\u0bae\u0bcd, \u0ba4\u0bc1\u0ba9\u0bcd\u0baa\u0baa\u0bcd\u0baa\u0b9f\u0bb5\u0bc7\u0ba3\u0bcd\u0b9f\u0bbf\u0baf\u0ba4\u0bc1 \u0b85\u0bb5\u0b9a\u0bbf\u0baf\u0bae\u0bbe\u0ba9\u0ba4\u0bbe\u0bb2\u0bcd, \u0b87\u0baa\u0bcd\u0baa\u0bca\u0bb4\u0bc1\u0ba4\u0bc1 \u0b95\u0bca\u0b9e\u0bcd\u0b9a\u0b95\u0bcd\u0b95\u0bbe\u0bb2\u0bae\u0bcd \u0baa\u0bb2\u0bb5\u0bbf\u0ba4\u0bae\u0bbe\u0ba9 \u0b9a\u0bcb\u0ba4\u0ba9\u0bc8\u0b95\u0bb3\u0bbf\u0ba9\u0bbe\u0bb2\u0bc7 \u0ba4\u0bc1\u0b95\u0bcd\u0b95\u0baa\u0bcd\u0baa\u0b9f\u0bc1\u0b95\u0bbf\u0bb1\u0bc0\u0bb0\u0bcd\u0b95\u0bb3\u0bcd."},{"Verseid":"59000006","Verse":"\u0b85\u0bb4\u0bbf\u0ba8\u0bcd\u0ba4\u0bc1\u0baa\u0bcb\u0b95\u0bbf\u0bb1 \u0baa\u0bca\u0ba9\u0bcd \u0b85\u0b95\u0bcd\u0b95\u0bbf\u0ba9\u0bbf\u0baf\u0bbf\u0ba9\u0bbe\u0bb2\u0bc7 \u0b9a\u0bcb\u0ba4\u0bbf\u0b95\u0bcd\u0b95\u0baa\u0bcd\u0baa\u0b9f\u0bc1\u0bae\u0bcd; \u0b85\u0ba4\u0bc8\u0baa\u0bcd\u0baa\u0bbe\u0bb0\u0bcd\u0b95\u0bcd\u0b95\u0bbf\u0bb2\u0bc1\u0bae\u0bcd \u0b85\u0ba4\u0bbf\u0b95 \u0bb5\u0bbf\u0bb2\u0bc8\u0baf\u0bc7\u0bb1\u0baa\u0bcd\u0baa\u0bc6\u0bb1\u0bcd\u0bb1\u0ba4\u0bbe\u0baf\u0bbf\u0bb0\u0bc1\u0b95\u0bcd\u0b95\u0bbf\u0bb1 \u0b89\u0b99\u0bcd\u0b95\u0bb3\u0bcd \u0bb5\u0bbf\u0b9a\u0bc1\u0bb5\u0bbe\u0b9a\u0bae\u0bcd \u0b9a\u0bcb\u0ba4\u0bbf\u0b95\u0bcd\u0b95\u0baa\u0bcd\u0baa\u0b9f\u0bcd\u0b9f\u0bc1, \u0b87\u0baf\u0bc7\u0b9a\u0bc1\u0b95\u0bbf\u0bb1\u0bbf\u0bb8\u0bcd\u0ba4\u0bc1 \u0bb5\u0bc6\u0bb3\u0bbf\u0baa\u0bcd\u0baa\u0b9f\u0bc1\u0bae\u0bcd\u0baa\u0bcb\u0ba4\u0bc1 \u0b89\u0b99\u0bcd\u0b95\u0bb3\u0bc1\u0b95\u0bcd\u0b95\u0bc1\u0baa\u0bcd \u0baa\u0bc1\u0b95\u0bb4\u0bcd\u0b9a\u0bcd\u0b9a\u0bbf\u0baf\u0bc1\u0bae\u0bcd \u0b95\u0ba9\u0bae\u0bc1\u0bae\u0bcd \u0bae\u0b95\u0bbf\u0bae\u0bc8\u0baf\u0bc1\u0bae\u0bc1\u0ba3\u0bcd\u0b9f\u0bbe\u0b95\u0b95\u0bcd \u0b95\u0bbe\u0ba3\u0baa\u0bcd\u0baa\u0b9f\u0bc1\u0bae\u0bcd."},{"Verseid":"59000007","Verse":"\u0b85\u0bb5\u0bb0\u0bc8 \u0ba8\u0bc0\u0b99\u0bcd\u0b95\u0bb3\u0bcd \u0b95\u0bbe\u0ba3\u0bbe\u0bae\u0bb2\u0bbf\u0bb0\u0bc1\u0ba8\u0bcd\u0ba4\u0bc1\u0bae\u0bcd \u0b85\u0bb5\u0bb0\u0bbf\u0b9f\u0ba4\u0bcd\u0ba4\u0bbf\u0bb2\u0bcd \u0b85\u0ba9\u0bcd\u0baa\u0bc1\u0b95\u0bc2\u0bb0\u0bc1\u0b95\u0bbf\u0bb1\u0bc0\u0bb0\u0bcd\u0b95\u0bb3\u0bcd; \u0b87\u0baa\u0bcd\u0baa\u0bca\u0bb4\u0bc1\u0ba4\u0bc1 \u0b85\u0bb5\u0bb0\u0bc8\u0ba4\u0bcd \u0ba4\u0bb0\u0bbf\u0b9a\u0bbf\u0baf\u0bbe\u0bae\u0bb2\u0bbf\u0bb0\u0bc1\u0ba8\u0bcd\u0ba4\u0bc1\u0bae\u0bcd \u0b85\u0bb5\u0bb0\u0bbf\u0b9f\u0ba4\u0bcd\u0ba4\u0bbf\u0bb2\u0bcd \u0bb5\u0bbf\u0b9a\u0bc1\u0bb5\u0bbe\u0b9a\u0bae\u0bcd \u0bb5\u0bc8\u0ba4\u0bcd\u0ba4\u0bc1, \u0b9a\u0bca\u0bb2\u0bcd\u0bb2\u0bbf\u0bae\u0bc1\u0b9f\u0bbf\u0baf\u0bbe\u0ba4\u0ba4\u0bc1\u0bae\u0bcd \u0bae\u0b95\u0bbf\u0bae\u0bc8\u0baf\u0bbe\u0bb2\u0bcd \u0ba8\u0bbf\u0bb1\u0bc8\u0ba8\u0bcd\u0ba4\u0ba4\u0bc1\u0bae\u0bbe\u0baf\u0bbf\u0bb0\u0bc1\u0b95\u0bcd\u0b95\u0bbf\u0bb1 \u0b9a\u0ba8\u0bcd\u0ba4\u0bcb\u0bb7\u0bae\u0bc1\u0bb3\u0bcd\u0bb3\u0bb5\u0bb0\u0bcd\u0b95\u0bb3\u0bbe\u0baf\u0bcd\u0b95\u0bcd \u0b95\u0bb3\u0bbf\u0b95\u0bc2\u0bb0\u0bcd\u0ba8\u0bcd\u0ba4\u0bc1,"},{"Verseid":"59000008","Verse":"\u0b89\u0b99\u0bcd\u0b95\u0bb3\u0bcd \u0bb5\u0bbf\u0b9a\u0bc1\u0bb5\u0bbe\u0b9a\u0ba4\u0bcd\u0ba4\u0bbf\u0ba9\u0bcd \u0baa\u0bb2\u0ba9\u0bbe\u0b95\u0bbf\u0baf \u0b86\u0ba4\u0bcd\u0ba4\u0bc1\u0bae\u0bb0\u0b9f\u0bcd\u0b9a\u0bbf\u0baa\u0bcd\u0baa\u0bc8 \u0b85\u0b9f\u0bc8\u0b95\u0bbf\u0bb1\u0bc0\u0bb0\u0bcd\u0b95\u0bb3\u0bcd."},{"Verseid":"59000009","Verse":"\u0b89\u0b99\u0bcd\u0b95\u0bb3\u0bc1\u0b95\u0bcd\u0b95\u0bc1 \u0b89\u0ba3\u0bcd\u0b9f\u0bbe\u0ba9 \u0b95\u0bbf\u0bb0\u0bc1\u0baa\u0bc8\u0baf\u0bc8\u0b95\u0bcd \u0b95\u0bc1\u0bb1\u0bbf\u0ba4\u0bcd\u0ba4\u0bc1\u0ba4\u0bcd \u0ba4\u0bc0\u0bb0\u0bcd\u0b95\u0bcd\u0b95\u0ba4\u0bb0\u0bbf\u0b9a\u0ba9\u0b9e\u0bcd\u0b9a\u0bca\u0ba9\u0bcd\u0ba9 \u0ba4\u0bc0\u0bb0\u0bcd\u0b95\u0bcd\u0b95\u0ba4\u0bb0\u0bbf\u0b9a\u0bbf\u0b95\u0bb3\u0bcd \u0b87\u0ba8\u0bcd\u0ba4 \u0b87\u0bb0\u0b9f\u0bcd\u0b9a\u0bbf\u0baa\u0bcd\u0baa\u0bc8\u0b95\u0bcd\u0b95\u0bc1\u0bb1\u0bbf\u0ba4\u0bcd\u0ba4\u0bc1\u0b95\u0bcd \u0b95\u0bb0\u0bc1\u0ba4\u0bcd\u0ba4\u0bbe\u0baf\u0bcd \u0b86\u0bb0\u0bbe\u0baf\u0bcd\u0ba8\u0bcd\u0ba4\u0bc1 \u0baa\u0bb0\u0bbf\u0b9a\u0bcb\u0ba4\u0ba9\u0bc8 \u0baa\u0ba3\u0bcd\u0ba3\u0bbf\u0ba9\u0bbe\u0bb0\u0bcd\u0b95\u0bb3\u0bcd;"},{"Verseid":"59000010","Verse":"\u0ba4\u0b99\u0bcd\u0b95\u0bb3\u0bbf\u0bb2\u0bc1\u0bb3\u0bcd\u0bb3 \u0b95\u0bbf\u0bb1\u0bbf\u0bb8\u0bcd\u0ba4\u0bc1\u0bb5\u0bbf\u0ba9\u0bcd \u0b86\u0bb5\u0bbf\u0baf\u0bbe\u0ba9\u0bb5\u0bb0\u0bcd \u0b95\u0bbf\u0bb1\u0bbf\u0bb8\u0bcd\u0ba4\u0bc1\u0bb5\u0bc1\u0b95\u0bcd\u0b95\u0bc1 \u0b89\u0ba3\u0bcd\u0b9f\u0bbe\u0b95\u0bc1\u0bae\u0bcd \u0baa\u0bbe\u0b9f\u0bc1\u0b95\u0bb3\u0bc8\u0baf\u0bc1\u0bae\u0bcd, \u0b85\u0bb5\u0bc8\u0b95\u0bb3\u0bc1\u0b95\u0bcd\u0b95\u0bc1\u0baa\u0bcd \u0baa\u0bbf\u0ba9\u0bcd\u0bb5\u0bb0\u0bc1\u0bae\u0bcd \u0bae\u0b95\u0bbf\u0bae\u0bc8\u0b95\u0bb3\u0bc8\u0baf\u0bc1\u0bae\u0bcd \u0bae\u0bc1\u0ba9\u0bcd\u0ba9\u0bb1\u0bbf\u0bb5\u0bbf\u0ba4\u0bcd\u0ba4\u0baa\u0bcb\u0ba4\u0bc1, \u0b87\u0ba9\u0bcd\u0ba9\u0b95\u0bbe\u0bb2\u0ba4\u0bcd\u0ba4\u0bc8\u0b95\u0bcd \u0b95\u0bc1\u0bb1\u0bbf\u0ba4\u0bcd\u0ba4\u0bbe\u0bb0\u0bc6\u0ba9\u0bcd\u0baa\u0ba4\u0bc8\u0baf\u0bc1\u0bae\u0bcd, \u0b85\u0ba8\u0bcd\u0ba4\u0b95\u0bcd \u0b95\u0bbe\u0bb2\u0ba4\u0bcd\u0ba4\u0bbf\u0ba9\u0bcd \u0bb5\u0bbf\u0b9a\u0bc7\u0bb7\u0bae\u0bcd \u0b87\u0ba9\u0bcd\u0ba9\u0ba4\u0bc6\u0ba9\u0bcd\u0baa\u0ba4\u0bc8\u0baf\u0bc1\u0bae\u0bcd \u0b86\u0bb0\u0bbe\u0baf\u0bcd\u0ba8\u0bcd\u0ba4\u0bbe\u0bb0\u0bcd\u0b95\u0bb3\u0bcd."},{"Verseid":"59000011","Verse":"\u0ba4\u0b99\u0bcd\u0b95\u0bb3\u0bcd\u0ba8\u0bbf\u0bae\u0bbf\u0ba4\u0bcd\u0ba4\u0bae\u0bb2\u0bcd\u0bb2, \u0ba8\u0bae\u0ba4\u0bc1\u0ba8\u0bbf\u0bae\u0bbf\u0ba4\u0bcd\u0ba4\u0bae\u0bc7 \u0b87\u0bb5\u0bc8\u0b95\u0bb3\u0bc8\u0ba4\u0bcd \u0ba4\u0bc6\u0bb0\u0bbf\u0bb5\u0bbf\u0ba4\u0bcd\u0ba4\u0bbe\u0bb0\u0bcd\u0b95\u0bb3\u0bc6\u0ba9\u0bcd\u0bb1\u0bc1 \u0b85\u0bb5\u0bb0\u0bcd\u0b95\u0bb3\u0bc1\u0b95\u0bcd\u0b95\u0bc1 \u0bb5\u0bc6\u0bb3\u0bbf\u0baf\u0bbe\u0b95\u0bcd\u0b95\u0baa\u0bcd\u0baa\u0b9f\u0bcd\u0b9f\u0ba4\u0bc1, \u0baa\u0bb0\u0bb2\u0bcb\u0b95\u0ba4\u0bcd\u0ba4\u0bbf\u0bb2\u0bbf\u0bb0\u0bc1\u0ba8\u0bcd\u0ba4\u0bc1 \u0b85\u0ba9\u0bc1\u0baa\u0bcd\u0baa\u0baa\u0bcd\u0baa\u0b9f\u0bcd\u0b9f \u0baa\u0bb0\u0bbf\u0b9a\u0bc1\u0ba4\u0bcd\u0ba4 \u0b86\u0bb5\u0bbf\u0baf\u0bbf\u0ba9\u0bbe\u0bb2\u0bc7 \u0b89\u0b99\u0bcd\u0b95\u0bb3\u0bc1\u0b95\u0bcd\u0b95\u0bc1\u0b9a\u0bcd \u0b9a\u0bc1\u0bb5\u0bbf\u0b9a\u0bc7\u0bb7\u0ba4\u0bcd\u0ba4\u0bc8\u0baa\u0bcd \u0baa\u0bbf\u0bb0\u0b9a\u0b99\u0bcd\u0b95\u0bbf\u0ba4\u0bcd\u0ba4\u0bb5\u0bb0\u0bcd\u0b95\u0bb3\u0bc8\u0b95\u0bcd\u0b95\u0bca\u0ba3\u0bcd\u0b9f\u0bc1 \u0b87\u0bb5\u0bc8\u0b95\u0bb3\u0bcd \u0b87\u0baa\u0bcd\u0baa\u0bca\u0bb4\u0bc1\u0ba4\u0bc1 \u0b89\u0b99\u0bcd\u0b95\u0bb3\u0bc1\u0b95\u0bcd\u0b95\u0bc1 \u0b85\u0bb1\u0bbf\u0bb5\u0bbf\u0b95\u0bcd\u0b95\u0baa\u0bcd\u0baa\u0b9f\u0bcd\u0b9f\u0bc1 \u0bb5\u0bb0\u0bc1\u0b95\u0bbf\u0bb1\u0ba4\u0bc1; \u0b87\u0bb5\u0bc8\u0b95\u0bb3\u0bc8 \u0b89\u0bb1\u0bcd\u0bb1\u0bc1\u0baa\u0bcd\u0baa\u0bbe\u0bb0\u0bcd\u0b95\u0bcd\u0b95 \u0ba4\u0bc7\u0bb5\u0ba4\u0bc2\u0ba4\u0bb0\u0bc1\u0bae\u0bcd \u0b86\u0b9a\u0bc8\u0baf\u0bbe\u0baf\u0bbf\u0bb0\u0bc1\u0b95\u0bcd\u0b95\u0bbf\u0bb1\u0bbe\u0bb0\u0bcd\u0b95\u0bb3\u0bcd."},{"Verseid":"59000012","Verse":"\u0b86\u0b95\u0bc8\u0baf\u0bbe\u0bb2\u0bcd, \u0ba8\u0bc0\u0b99\u0bcd\u0b95\u0bb3\u0bcd \u0b89\u0b99\u0bcd\u0b95\u0bb3\u0bcd \u0bae\u0ba9\u0ba4\u0bbf\u0ba9\u0bcd \u0b85\u0bb0\u0bc8\u0baf\u0bc8\u0b95\u0bcd \u0b95\u0b9f\u0bcd\u0b9f\u0bbf\u0b95\u0bcd\u0b95\u0bca\u0ba3\u0bcd\u0b9f\u0bc1, \u0ba4\u0bc6\u0bb3\u0bbf\u0ba8\u0bcd\u0ba4\u0baa\u0bc1\u0ba4\u0bcd\u0ba4\u0bbf\u0baf\u0bc1\u0bb3\u0bcd\u0bb3\u0bb5\u0bb0\u0bcd\u0b95\u0bb3\u0bbe\u0baf\u0bbf\u0bb0\u0bc1\u0ba8\u0bcd\u0ba4\u0bc1; \u0b87\u0baf\u0bc7\u0b9a\u0bc1 \u0b95\u0bbf\u0bb1\u0bbf\u0bb8\u0bcd\u0ba4\u0bc1 \u0bb5\u0bc6\u0bb3\u0bbf\u0baa\u0bcd\u0baa\u0b9f\u0bc1\u0bae\u0bcd\u0baa\u0bcb\u0ba4\u0bc1 \u0b89\u0b99\u0bcd\u0b95\u0bb3\u0bc1\u0b95\u0bcd\u0b95\u0bc1 \u0b85\u0bb3\u0bbf\u0b95\u0bcd\u0b95\u0baa\u0bcd\u0baa\u0b9f\u0bc1\u0b99\u0bcd \u0b95\u0bbf\u0bb0\u0bc1\u0baa\u0bc8\u0baf\u0bbf\u0ba9\u0bcd\u0bae\u0bc7\u0bb2\u0bcd \u0baa\u0bc2\u0bb0\u0ba3 \u0ba8\u0bae\u0bcd\u0baa\u0bbf\u0b95\u0bcd\u0b95\u0bc8\u0baf\u0bc1\u0bb3\u0bcd\u0bb3\u0bb5\u0bb0\u0bcd\u0b95\u0bb3\u0bbe\u0baf\u0bbf\u0bb0\u0bc1\u0b99\u0bcd\u0b95\u0bb3\u0bcd."},{"Verseid":"59000013","Verse":"\u0ba8\u0bc0\u0b99\u0bcd\u0b95\u0bb3\u0bcd \u0bae\u0bc1\u0ba9\u0bcd\u0ba9\u0bc7 \u0b89\u0b99\u0bcd\u0b95\u0bb3\u0bcd \u0b85\u0bb1\u0bbf\u0baf\u0bbe\u0bae\u0bc8\u0baf\u0bbf\u0ba9\u0bbe\u0bb2\u0bc7 \u0b95\u0bca\u0ba3\u0bcd\u0b9f\u0bbf\u0bb0\u0bc1\u0ba8\u0bcd\u0ba4 \u0b87\u0b9a\u0bcd\u0b9a\u0bc8\u0b95\u0bb3\u0bbf\u0ba9\u0bcd\u0baa\u0b9f\u0bbf \u0b87\u0ba9\u0bbf \u0ba8\u0b9f\u0bb5\u0bbe\u0bae\u0bb2\u0bcd, \u0b95\u0bc0\u0bb4\u0bcd\u0baa\u0bcd\u0baa\u0b9f\u0bbf\u0b95\u0bbf\u0bb1 \u0baa\u0bbf\u0bb3\u0bcd\u0bb3\u0bc8\u0b95\u0bb3\u0bbe\u0baf\u0bbf\u0bb0\u0bc1\u0ba8\u0bcd\u0ba4\u0bc1,"},{"Verseid":"59000014","Verse":"\u0b89\u0b99\u0bcd\u0b95\u0bb3\u0bc8 \u0b85\u0bb4\u0bc8\u0ba4\u0bcd\u0ba4\u0bb5\u0bb0\u0bcd \u0baa\u0bb0\u0bbf\u0b9a\u0bc1\u0ba4\u0bcd\u0ba4\u0bb0\u0bbe\u0baf\u0bbf\u0bb0\u0bc1\u0b95\u0bcd\u0b95\u0bbf\u0bb1\u0ba4\u0bc1\u0baa\u0bcb\u0bb2, \u0ba8\u0bc0\u0b99\u0bcd\u0b95\u0bb3\u0bc1\u0bae\u0bcd \u0b89\u0b99\u0bcd\u0b95\u0bb3\u0bcd \u0ba8\u0b9f\u0b95\u0bcd\u0b95\u0bc8\u0b95\u0bb3\u0bc6\u0bb2\u0bcd\u0bb2\u0bbe\u0bb5\u0bb1\u0bcd\u0bb1\u0bbf\u0bb2\u0bc7\u0baf\u0bc1\u0bae\u0bcd \u0baa\u0bb0\u0bbf\u0b9a\u0bc1\u0ba4\u0bcd\u0ba4\u0bb0\u0bbe\u0baf\u0bbf\u0bb0\u0bc1\u0b99\u0bcd\u0b95\u0bb3\u0bcd."},{"Verseid":"59000015","Verse":"\u0ba8\u0bbe\u0ba9\u0bcd \u0baa\u0bb0\u0bbf\u0b9a\u0bc1\u0ba4\u0bcd\u0ba4\u0bb0\u0bcd, \u0b86\u0b95\u0bc8\u0baf\u0bbe\u0bb2\u0bcd \u0ba8\u0bc0\u0b99\u0bcd\u0b95\u0bb3\u0bc1\u0bae\u0bcd \u0baa\u0bb0\u0bbf\u0b9a\u0bc1\u0ba4\u0bcd\u0ba4\u0bb0\u0bbe\u0baf\u0bbf\u0bb0\u0bc1\u0b99\u0bcd\u0b95\u0bb3\u0bcd \u0b8e\u0ba9\u0bcd\u0bb1\u0bc1 \u0b8e\u0bb4\u0bc1\u0ba4\u0bbf\u0baf\u0bbf\u0bb0\u0bc1\u0b95\u0bcd\u0b95\u0bbf\u0bb1\u0ba4\u0bc7."},{"Verseid":"59000016","Verse":"\u0b85\u0ba9\u0bcd\u0bb1\u0bbf\u0baf\u0bc1\u0bae\u0bcd, \u0baa\u0b9f\u0bcd\u0b9a\u0baa\u0bbe\u0ba4\u0bae\u0bbf\u0bb2\u0bcd\u0bb2\u0bbe\u0bae\u0bb2\u0bcd \u0b85\u0bb5\u0ba9\u0bb5\u0ba9\u0bc1\u0b9f\u0bc8\u0baf \u0b95\u0bbf\u0bb0\u0bbf\u0baf\u0bc8\u0b95\u0bb3\u0bbf\u0ba9\u0bcd\u0baa\u0b9f\u0bbf \u0ba8\u0bbf\u0baf\u0bbe\u0baf\u0ba8\u0bcd\u0ba4\u0bc0\u0bb0\u0bcd\u0b95\u0bcd\u0b95\u0bbf\u0bb1\u0bb5\u0bb0\u0bc8 \u0ba8\u0bc0\u0b99\u0bcd\u0b95\u0bb3\u0bcd \u0baa\u0bbf\u0ba4\u0bbe\u0bb5\u0bbe\u0b95\u0ba4\u0bcd \u0ba4\u0bca\u0bb4\u0bc1\u0ba4\u0bc1\u0b95\u0bca\u0ba3\u0bcd\u0b9f\u0bc1\u0bb5\u0bb0\u0bc1\u0b95\u0bbf\u0bb1\u0baa\u0b9f\u0bbf\u0baf\u0bbe\u0bb2\u0bcd, \u0b87\u0b99\u0bcd\u0b95\u0bc7 \u0baa\u0bb0\u0ba4\u0bc7\u0b9a\u0bbf\u0b95\u0bb3\u0bbe\u0baf\u0bcd\u0b9a\u0bcd \u0b9a\u0b9e\u0bcd\u0b9a\u0bb0\u0bbf\u0b95\u0bcd\u0b95\u0bc1\u0bae\u0bb3\u0bb5\u0bc1\u0bae\u0bcd \u0baa\u0baf\u0ba4\u0bcd\u0ba4\u0bc1\u0b9f\u0ba9\u0bc7 \u0ba8\u0b9f\u0ba8\u0bcd\u0ba4\u0bc1\u0b95\u0bca\u0bb3\u0bcd\u0bb3\u0bc1\u0b99\u0bcd\u0b95\u0bb3\u0bcd."},{"Verseid":"59000017","Verse":"\u0b89\u0b99\u0bcd\u0b95\u0bb3\u0bcd \u0bae\u0bc1\u0ba9\u0bcd\u0ba9\u0bcb\u0bb0\u0bcd\u0b95\u0bb3\u0bbe\u0bb2\u0bcd \u0baa\u0bbe\u0bb0\u0bae\u0bcd\u0baa\u0bb0\u0bbf\u0baf\u0bae\u0bbe\u0baf\u0bcd \u0ba8\u0bc0\u0b99\u0bcd\u0b95\u0bb3\u0bcd \u0b85\u0ba8\u0bc1\u0b9a\u0bb0\u0bbf\u0ba4\u0bcd\u0ba4\u0bc1 \u0bb5\u0ba8\u0bcd\u0ba4 \u0bb5\u0bc0\u0ba3\u0bbe\u0ba9 \u0ba8\u0b9f\u0ba4\u0bcd\u0ba4\u0bc8\u0baf\u0bbf\u0ba9\u0bbf\u0ba9\u0bcd\u0bb1\u0bc1 \u0b85\u0bb4\u0bbf\u0bb5\u0bc1\u0bb3\u0bcd\u0bb3 \u0bb5\u0bb8\u0bcd\u0ba4\u0bc1\u0b95\u0bcd\u0b95\u0bb3\u0bbe\u0b95\u0bbf\u0baf \u0bb5\u0bc6\u0bb3\u0bcd\u0bb3\u0bbf\u0baf\u0bbf\u0ba9\u0bbe\u0bb2\u0bc1\u0bae\u0bcd \u0baa\u0bca\u0ba9\u0bcd\u0ba9\u0bbf\u0ba9\u0bbe\u0bb2\u0bc1\u0bae\u0bcd \u0bae\u0bc0\u0b9f\u0bcd\u0b95\u0baa\u0bcd\u0baa\u0b9f\u0bbe\u0bae\u0bb2\u0bcd,"},{"Verseid":"59000018","Verse":"\u0b95\u0bc1\u0bb1\u0bcd\u0bb1\u0bae\u0bbf\u0bb2\u0bcd\u0bb2\u0bbe\u0ba4 \u0bae\u0bbe\u0b9a\u0bb1\u0bcd\u0bb1 \u0b86\u0b9f\u0bcd\u0b9f\u0bc1\u0b95\u0bcd\u0b95\u0bc1\u0b9f\u0bcd\u0b9f\u0bbf\u0baf\u0bbe\u0b95\u0bbf\u0baf \u0b95\u0bbf\u0bb1\u0bbf\u0bb8\u0bcd\u0ba4\u0bc1\u0bb5\u0bbf\u0ba9\u0bcd \u0bb5\u0bbf\u0bb2\u0bc8\u0baf\u0bc7\u0bb1\u0baa\u0bcd\u0baa\u0bc6\u0bb1\u0bcd\u0bb1 \u0b87\u0bb0\u0ba4\u0bcd\u0ba4\u0ba4\u0bcd\u0ba4\u0bbf\u0ba9\u0bbe\u0bb2\u0bc7 \u0bae\u0bc0\u0b9f\u0bcd\u0b95\u0baa\u0bcd\u0baa\u0b9f\u0bcd\u0b9f\u0bc0\u0bb0\u0bcd\u0b95\u0bb3\u0bc6\u0ba9\u0bcd\u0bb1\u0bc1 \u0b85\u0bb1\u0bbf\u0ba8\u0bcd\u0ba4\u0bbf\u0bb0\u0bc1\u0b95\u0bcd\u0b95\u0bbf\u0bb1\u0bc0\u0bb0\u0bcd\u0b95\u0bb3\u0bc7."},{"Verseid":"59000019","Verse":"\u0b85\u0bb5\u0bb0\u0bcd \u0b89\u0bb2\u0b95\u0ba4\u0bcd\u0ba4\u0bcb\u0bb1\u0bcd\u0bb1\u0ba4\u0bcd\u0ba4\u0bbf\u0bb1\u0bcd\u0b95\u0bc1 \u0bae\u0bc1\u0ba9\u0bcd\u0ba9\u0bc7 \u0b95\u0bc1\u0bb1\u0bbf\u0b95\u0bcd\u0b95\u0baa\u0bcd\u0baa\u0b9f\u0bcd\u0b9f\u0bb5\u0bb0\u0bbe\u0baf\u0bbf\u0bb0\u0bc1\u0ba8\u0bcd\u0ba4\u0bc1, \u0ba4\u0bae\u0ba4\u0bc1 \u0bae\u0bc2\u0bb2\u0bae\u0bbe\u0baf\u0bcd \u0ba4\u0bc7\u0bb5\u0ba9\u0bcd\u0bae\u0bc7\u0bb2\u0bcd \u0bb5\u0bbf\u0b9a\u0bc1\u0bb5\u0bbe\u0b9a\u0bae\u0bbe\u0baf\u0bbf\u0bb0\u0bc1\u0b95\u0bcd\u0b95\u0bbf\u0bb1 \u0b89\u0b99\u0bcd\u0b95\u0bb3\u0bc1\u0b95\u0bcd\u0b95\u0bbe\u0b95 \u0b87\u0ba8\u0bcd\u0ba4\u0b95\u0bcd \u0b95\u0b9f\u0bc8\u0b9a\u0bbf\u0b95\u0bcd\u0b95\u0bbe\u0bb2\u0b99\u0bcd\u0b95\u0bb3\u0bbf\u0bb2\u0bcd \u0bb5\u0bc6\u0bb3\u0bbf\u0baa\u0bcd\u0baa\u0b9f\u0bcd\u0b9f\u0bbe\u0bb0\u0bcd."},{"Verseid":"59000020","Verse":"\u0b89\u0b99\u0bcd\u0b95\u0bb3\u0bcd \u0bb5\u0bbf\u0b9a\u0bc1\u0bb5\u0bbe\u0b9a\u0bae\u0bc1\u0bae\u0bcd \u0ba8\u0bae\u0bcd\u0baa\u0bbf\u0b95\u0bcd\u0b95\u0bc8\u0baf\u0bc1\u0bae\u0bcd \u0ba4\u0bc7\u0bb5\u0ba9\u0bcd\u0bae\u0bc7\u0bb2\u0bbf\u0bb0\u0bc1\u0b95\u0bcd\u0b95\u0bc1\u0bae\u0bcd\u0baa\u0b9f\u0bbf, \u0b85\u0bb5\u0bb0\u0bc8 \u0bae\u0bb0\u0bbf\u0ba4\u0bcd\u0ba4\u0bcb\u0bb0\u0bbf\u0bb2\u0bbf\u0bb0\u0bc1\u0ba8\u0bcd\u0ba4\u0bc1 \u0b8e\u0bb4\u0bc1\u0baa\u0bcd\u0baa\u0bbf, \u0b85\u0bb5\u0bb0\u0bc1\u0b95\u0bcd\u0b95\u0bc1 \u0bae\u0b95\u0bbf\u0bae\u0bc8\u0baf\u0bc8\u0b95\u0bcd \u0b95\u0bca\u0b9f\u0bc1\u0ba4\u0bcd\u0ba4\u0bbe\u0bb0\u0bcd."},{"Verseid":"59000021","Verse":"\u0b86\u0b95\u0bc8\u0baf\u0bbe\u0bb2\u0bcd \u0ba8\u0bc0\u0b99\u0bcd\u0b95\u0bb3\u0bcd \u0bae\u0bbe\u0baf\u0bae\u0bb1\u0bcd\u0bb1 \u0b9a\u0b95\u0bcb\u0ba4\u0bb0 \u0b9a\u0bbf\u0ba8\u0bc7\u0b95\u0bae\u0bc1\u0bb3\u0bcd\u0bb3\u0bb5\u0bb0\u0bcd\u0b95\u0bb3\u0bbe\u0b95\u0bc1\u0bae\u0bcd\u0baa\u0b9f\u0bbf, \u0b86\u0bb5\u0bbf\u0baf\u0bbf\u0ba9\u0bbe\u0bb2\u0bc7 \u0b9a\u0ba4\u0bcd\u0ba4\u0bbf\u0baf\u0ba4\u0bcd\u0ba4\u0bbf\u0bb1\u0bcd\u0b95\u0bc1\u0b95\u0bcd \u0b95\u0bc0\u0bb4\u0bcd\u0baa\u0bcd\u0baa\u0b9f\u0bbf\u0ba8\u0bcd\u0ba4\u0bc1, \u0b89\u0b99\u0bcd\u0b95\u0bb3\u0bcd \u0b86\u0ba4\u0bcd\u0ba4\u0bc1\u0bae\u0bbe\u0b95\u0bcd\u0b95\u0bb3\u0bc8\u0b9a\u0bcd \u0b9a\u0bc1\u0ba4\u0bcd\u0ba4\u0bae\u0bbe\u0b95\u0bcd\u0b95\u0bbf\u0b95\u0bcd\u0b95\u0bca\u0ba3\u0bcd\u0b9f\u0bb5\u0bb0\u0bcd\u0b95\u0bb3\u0bbe\u0baf\u0bbf\u0bb0\u0bc1\u0b95\u0bcd\u0b95\u0bbf\u0bb1\u0baa\u0b9f\u0bbf\u0baf\u0bbe\u0bb2\u0bcd, \u0b9a\u0bc1\u0ba4\u0bcd\u0ba4 \u0b87\u0bb0\u0bc1\u0ba4\u0baf\u0ba4\u0bcd\u0ba4\u0bcb\u0b9f\u0bc7 \u0b92\u0bb0\u0bc1\u0bb5\u0bb0\u0bbf\u0bb2\u0bca\u0bb0\u0bc1\u0bb5\u0bb0\u0bcd \u0b8a\u0b95\u0bcd\u0b95\u0bae\u0bbe\u0baf\u0bcd \u0b85\u0ba9\u0bcd\u0baa\u0bc1\u0b95\u0bc2\u0bb0\u0bc1\u0b99\u0bcd\u0b95\u0bb3\u0bcd;"},{"Verseid":"59000022","Verse":"\u0b85\u0bb4\u0bbf\u0bb5\u0bc1\u0bb3\u0bcd\u0bb3 \u0bb5\u0bbf\u0ba4\u0bcd\u0ba4\u0bbf\u0ba9\u0bbe\u0bb2\u0bc7 \u0b85\u0bb2\u0bcd\u0bb2, \u0b8e\u0ba9\u0bcd\u0bb1\u0bc6\u0ba9\u0bcd\u0bb1\u0bc8\u0b95\u0bcd\u0b95\u0bc1\u0bae\u0bcd \u0ba8\u0bbf\u0bb1\u0bcd\u0b95\u0bbf\u0bb1\u0ba4\u0bc1\u0bae\u0bcd \u0b9c\u0bc0\u0bb5\u0ba9\u0bc1\u0bb3\u0bcd\u0bb3\u0ba4\u0bc1\u0bae\u0bbe\u0ba9 \u0ba4\u0bc7\u0bb5\u0bb5\u0b9a\u0ba9\u0bae\u0bbe\u0b95\u0bbf\u0baf \u0b85\u0bb4\u0bbf\u0bb5\u0bbf\u0bb2\u0bcd\u0bb2\u0bbe\u0ba4 \u0bb5\u0bbf\u0ba4\u0bcd\u0ba4\u0bbf\u0ba9\u0bbe\u0bb2\u0bc7 \u0bae\u0bb1\u0bc1\u0baa\u0b9f\u0bbf\u0baf\u0bc1\u0bae\u0bcd \u0b9c\u0bc6\u0ba8\u0bbf\u0baa\u0bcd\u0baa\u0bbf\u0b95\u0bcd\u0b95\u0baa\u0bcd\u0baa\u0b9f\u0bcd\u0b9f\u0bbf\u0bb0\u0bc1\u0b95\u0bcd\u0b95\u0bbf\u0bb1\u0bc0\u0bb0\u0bcd\u0b95\u0bb3\u0bc7."},{"Verseid":"59000023","Verse":"\u0bae\u0bbe\u0bae\u0bcd\u0b9a\u0bae\u0bc6\u0bb2\u0bcd\u0bb2\u0bbe\u0bae\u0bcd \u0baa\u0bc1\u0bb2\u0bcd\u0bb2\u0bc8\u0baa\u0bcd\u0baa\u0bcb\u0bb2\u0bb5\u0bc1\u0bae\u0bcd, \u0bae\u0ba9\u0bc1\u0bb7\u0bb0\u0bc1\u0b9f\u0bc8\u0baf \u0bae\u0b95\u0bbf\u0bae\u0bc8\u0baf\u0bc6\u0bb2\u0bcd\u0bb2\u0bbe\u0bae\u0bcd \u0baa\u0bc1\u0bb2\u0bcd\u0bb2\u0bbf\u0ba9\u0bcd \u0baa\u0bc2\u0bb5\u0bc8\u0baa\u0bcd\u0baa\u0bcb\u0bb2\u0bb5\u0bc1\u0bae\u0bbf\u0bb0\u0bc1\u0b95\u0bcd\u0b95\u0bbf\u0bb1\u0ba4\u0bc1; \u0baa\u0bc1\u0bb2\u0bcd \u0b89\u0bb2\u0bb0\u0bcd\u0ba8\u0bcd\u0ba4\u0ba4\u0bc1, \u0b85\u0ba4\u0bbf\u0ba9\u0bcd \u0baa\u0bc2\u0bb5\u0bc1\u0bae\u0bcd \u0b89\u0ba4\u0bbf\u0bb0\u0bcd\u0ba8\u0bcd\u0ba4\u0ba4\u0bc1."},{"Verseid":"59000024","Verse":"\u0b95\u0bb0\u0bcd\u0ba4\u0bcd\u0ba4\u0bb0\u0bc1\u0b9f\u0bc8\u0baf \u0bb5\u0b9a\u0ba9\u0bae\u0bcb \u0b8e\u0ba9\u0bcd\u0bb1\u0bc6\u0ba9\u0bcd\u0bb1\u0bc8\u0b95\u0bcd\u0b95\u0bc1\u0bae\u0bcd \u0ba8\u0bbf\u0bb2\u0bc8\u0ba4\u0bcd\u0ba4\u0bbf\u0bb0\u0bc1\u0b95\u0bcd\u0b95\u0bc1\u0bae\u0bcd; \u0b89\u0b99\u0bcd\u0b95\u0bb3\u0bc1\u0b95\u0bcd\u0b95\u0bc1\u0b9a\u0bcd \u0b9a\u0bc1\u0bb5\u0bbf\u0b9a\u0bc7\u0bb7\u0bae\u0bbe\u0baf\u0bcd \u0b85\u0bb1\u0bbf\u0bb5\u0bbf\u0b95\u0bcd\u0b95\u0baa\u0bcd\u0baa\u0b9f\u0bcd\u0b9f\u0bc1\u0bb5\u0bb0\u0bc1\u0b95\u0bbf\u0bb1 \u0bb5\u0b9a\u0ba9\u0bae\u0bcd \u0b87\u0ba4\u0bc1\u0bb5\u0bc7."}]},{"Verse":[{"Verseid":"59001000","Verse":"\u0b87\u0baa\u0bcd\u0baa\u0b9f\u0bbf\u0baf\u0bbf\u0bb0\u0bc1\u0b95\u0bcd\u0b95, \u0b95\u0bb0\u0bcd\u0ba4\u0bcd\u0ba4\u0bb0\u0bcd \u0ba4\u0baf\u0bc8\u0baf\u0bc1\u0bb3\u0bcd\u0bb3\u0bb5\u0bb0\u0bc6\u0ba9\u0bcd\u0baa\u0ba4\u0bc8 \u0ba8\u0bc0\u0b99\u0bcd\u0b95\u0bb3\u0bcd \u0bb0\u0bc1\u0b9a\u0bbf\u0baa\u0bbe\u0bb0\u0bcd\u0ba4\u0bcd\u0ba4\u0ba4\u0bc1\u0ba3\u0bcd\u0b9f\u0bbe\u0ba9\u0bbe\u0bb2\u0bcd,"},{"Verseid":"59001001","Verse":"\u0b9a\u0b95\u0bb2 \u0ba4\u0bc1\u0bb0\u0bcd\u0b95\u0bcd\u0b95\u0bc1\u0ba3\u0ba4\u0bcd\u0ba4\u0bc8\u0baf\u0bc1\u0bae\u0bcd, \u0b9a\u0b95\u0bb2\u0bb5\u0bbf\u0ba4 \u0b95\u0baa\u0b9f\u0ba4\u0bcd\u0ba4\u0bc8\u0baf\u0bc1\u0bae\u0bcd, \u0bb5\u0b9e\u0bcd\u0b9a\u0b95\u0b99\u0bcd\u0b95\u0bb3\u0bc8\u0baf\u0bc1\u0bae\u0bcd, \u0baa\u0bca\u0bb1\u0bbe\u0bae\u0bc8\u0b95\u0bb3\u0bc8\u0baf\u0bc1\u0bae\u0bcd, \u0b9a\u0b95\u0bb2\u0bb5\u0bbf\u0ba4 \u0baa\u0bc1\u0bb1\u0b99\u0bcd\u0b95\u0bc2\u0bb1\u0bc1\u0ba4\u0bb2\u0bc8\u0baf\u0bc1\u0bae\u0bcd \u0b92\u0bb4\u0bbf\u0ba4\u0bcd\u0ba4\u0bc1\u0bb5\u0bbf\u0b9f\u0bcd\u0b9f\u0bc1,"},{"Verseid":"59001002","Verse":"\u0ba8\u0bc0\u0b99\u0bcd\u0b95\u0bb3\u0bcd \u0bb5\u0bb3\u0bb0\u0bc1\u0bae\u0bcd\u0baa\u0b9f\u0bbf, \u0baa\u0bc1\u0ba4\u0bbf\u0ba4\u0bbe\u0baf\u0bcd\u0baa\u0bcd \u0baa\u0bbf\u0bb1\u0ba8\u0bcd\u0ba4 \u0b95\u0bc1\u0bb4\u0ba8\u0bcd\u0ba4\u0bc8\u0b95\u0bb3\u0bc8\u0baa\u0bcd\u0baa\u0bcb\u0bb2, \u0ba4\u0bbf\u0bb0\u0bc1\u0bb5\u0b9a\u0ba9\u0bae\u0bbe\u0b95\u0bbf\u0baf \u0b95\u0bb3\u0b99\u0bcd\u0b95\u0bae\u0bbf\u0bb2\u0bcd\u0bb2\u0bbe\u0ba4 \u0b9e\u0bbe\u0ba9\u0baa\u0bcd\u0baa\u0bbe\u0bb2\u0bbf\u0ba9\u0bcd\u0bae\u0bc7\u0bb2\u0bcd \u0bb5\u0bbe\u0b9e\u0bcd\u0b9a\u0bc8\u0baf\u0bbe\u0baf\u0bbf\u0bb0\u0bc1\u0b99\u0bcd\u0b95\u0bb3\u0bcd."},{"Verseid":"59001003","Verse":"\u0bae\u0ba9\u0bc1\u0bb7\u0bb0\u0bbe\u0bb2\u0bcd \u0ba4\u0bb3\u0bcd\u0bb3\u0baa\u0bcd\u0baa\u0b9f\u0bcd\u0b9f\u0ba4\u0bbe\u0baf\u0bbf\u0ba9\u0bc1\u0bae\u0bcd, \u0ba4\u0bc7\u0bb5\u0ba9\u0bbe\u0bb2\u0bcd \u0ba4\u0bc6\u0bb0\u0bbf\u0ba8\u0bcd\u0ba4\u0bc1\u0b95\u0bca\u0bb3\u0bcd\u0bb3\u0baa\u0bcd\u0baa\u0b9f\u0bcd\u0b9f\u0ba4\u0bc1\u0bae\u0bcd \u0bb5\u0bbf\u0bb2\u0bc8\u0baf\u0bc7\u0bb1\u0baa\u0bcd\u0baa\u0bc6\u0bb1\u0bcd\u0bb1\u0ba4\u0bc1\u0bae\u0bbe\u0baf\u0bbf\u0bb0\u0bc1\u0b95\u0bcd\u0b95\u0bbf\u0bb1 \u0b9c\u0bc0\u0bb5\u0ba9\u0bc1\u0bb3\u0bcd\u0bb3 \u0b95\u0bb2\u0bcd\u0bb2\u0bbe\u0b95\u0bbf\u0baf \u0b85\u0bb5\u0bb0\u0bbf\u0b9f\u0ba4\u0bcd\u0ba4\u0bbf\u0bb2\u0bcd \u0b9a\u0bc7\u0bb0\u0bcd\u0ba8\u0bcd\u0ba4\u0bb5\u0bb0\u0bcd\u0b95\u0bb3\u0bbe\u0b95\u0bbf\u0baf \u0ba8\u0bc0\u0b99\u0bcd\u0b95\u0bb3\u0bc1\u0bae\u0bcd,"},{"Verseid":"59001004","Verse":"\u0b9c\u0bc0\u0bb5\u0ba9\u0bc1\u0bb3\u0bcd\u0bb3 \u0b95\u0bb1\u0bcd\u0b95\u0bb3\u0bc8\u0baa\u0bcd\u0baa\u0bcb\u0bb2 \u0b86\u0bb5\u0bbf\u0b95\u0bcd\u0b95\u0bc7\u0bb1\u0bcd\u0bb1 \u0bae\u0bbe\u0bb3\u0bbf\u0b95\u0bc8\u0baf\u0bbe\u0b95\u0bb5\u0bc1\u0bae\u0bcd, \u0b87\u0baf\u0bc7\u0b9a\u0bc1\u0b95\u0bbf\u0bb1\u0bbf\u0bb8\u0bcd\u0ba4\u0bc1 \u0bae\u0bc2\u0bb2\u0bae\u0bbe\u0baf\u0bcd \u0ba4\u0bc7\u0bb5\u0ba9\u0bc1\u0b95\u0bcd\u0b95\u0bc1\u0baa\u0bcd \u0baa\u0bbf\u0bb0\u0bbf\u0baf\u0bae\u0bbe\u0ba9 \u0b86\u0bb5\u0bbf\u0b95\u0bcd\u0b95\u0bc7\u0bb1\u0bcd\u0bb1 \u0baa\u0bb2\u0bbf\u0b95\u0bb3\u0bc8\u0b9a\u0bcd \u0b9a\u0bc6\u0bb2\u0bc1\u0ba4\u0bcd\u0ba4\u0bc1\u0bae\u0bcd\u0baa\u0b9f\u0bbf\u0b95\u0bcd\u0b95\u0bc1\u0baa\u0bcd \u0baa\u0bb0\u0bbf\u0b9a\u0bc1\u0ba4\u0bcd\u0ba4 \u0b86\u0b9a\u0bbe\u0bb0\u0bbf\u0baf\u0b95\u0bcd\u0b95\u0bc2\u0b9f\u0bcd\u0b9f\u0bae\u0bbe\u0b95\u0bb5\u0bc1\u0bae\u0bcd \u0b95\u0b9f\u0bcd\u0b9f\u0baa\u0bcd\u0baa\u0b9f\u0bcd\u0b9f\u0bc1\u0bb5\u0bb0\u0bc1\u0b95\u0bbf\u0bb1\u0bc0\u0bb0\u0bcd\u0b95\u0bb3\u0bcd."},{"Verseid":"59001005","Verse":"\u0b85\u0ba8\u0bcd\u0ba4\u0baa\u0bcd\u0baa\u0b9f\u0bbf\u0baf\u0bc7: \u0b87\u0ba4\u0bcb, \u0ba4\u0bc6\u0bb0\u0bbf\u0ba8\u0bcd\u0ba4\u0bc1\u0b95\u0bca\u0bb3\u0bcd\u0bb3\u0baa\u0bcd\u0baa\u0b9f\u0bcd\u0b9f\u0ba4\u0bc1\u0bae\u0bcd \u0bb5\u0bbf\u0bb2\u0bc8\u0baf\u0bc7\u0bb1\u0baa\u0bcd\u0baa\u0bc6\u0bb1\u0bcd\u0bb1\u0ba4\u0bc1\u0bae\u0bbe\u0baf\u0bbf\u0bb0\u0bc1\u0b95\u0bcd\u0b95\u0bbf\u0bb1 \u0bae\u0bc2\u0bb2\u0bc8\u0b95\u0bcd\u0b95\u0bb2\u0bcd\u0bb2\u0bc8\u0b9a\u0bcd \u0b9a\u0bc0\u0baf\u0bcb\u0ba9\u0bbf\u0bb2\u0bcd \u0bb5\u0bc8\u0b95\u0bcd\u0b95\u0bbf\u0bb1\u0bc7\u0ba9\u0bcd; \u0b85\u0ba4\u0bbf\u0ba9\u0bcd\u0bae\u0bc7\u0bb2\u0bcd \u0bb5\u0bbf\u0b9a\u0bc1\u0bb5\u0bbe\u0b9a\u0bae\u0bbe\u0baf\u0bbf\u0bb0\u0bc1\u0b95\u0bcd\u0b95\u0bbf\u0bb1\u0bb5\u0ba9\u0bcd \u0bb5\u0bc6\u0b9f\u0bcd\u0b95\u0baa\u0bcd\u0baa\u0b9f\u0bc1\u0bb5\u0ba4\u0bbf\u0bb2\u0bcd\u0bb2\u0bc8 \u0b8e\u0ba9\u0bcd\u0bb1\u0bc1 \u0bb5\u0bc7\u0ba4\u0ba4\u0bcd\u0ba4\u0bbf\u0bb2\u0bc7 \u0b9a\u0bca\u0bb2\u0bcd\u0bb2\u0bbf\u0baf\u0bbf\u0bb0\u0bc1\u0b95\u0bcd\u0b95\u0bbf\u0bb1\u0ba4\u0bc1."},{"Verseid":"59001006","Verse":"\u0b86\u0b95\u0bc8\u0baf\u0bbe\u0bb2\u0bcd \u0bb5\u0bbf\u0b9a\u0bc1\u0bb5\u0bbe\u0b9a\u0bbf\u0b95\u0bcd\u0b95\u0bbf\u0bb1 \u0b89\u0b99\u0bcd\u0b95\u0bb3\u0bc1\u0b95\u0bcd\u0b95\u0bc1 \u0b85\u0ba4\u0bc1 \u0bb5\u0bbf\u0bb2\u0bc8\u0baf\u0bc7\u0bb1\u0baa\u0bcd\u0baa\u0bc6\u0bb1\u0bcd\u0bb1\u0ba4\u0bc1; \u0b95\u0bc0\u0bb4\u0bcd\u0baa\u0bcd\u0baa\u0b9f\u0bbf\u0baf\u0bbe\u0bae\u0bb2\u0bbf\u0bb0\u0bc1\u0b95\u0bcd\u0b95\u0bbf\u0bb1\u0bb5\u0bb0\u0bcd\u0b95\u0bb3\u0bc1\u0b95\u0bcd\u0b95\u0bcb \u0bb5\u0bc0\u0b9f\u0bcd\u0b9f\u0bc8\u0b95\u0bcd \u0b95\u0b9f\u0bcd\u0b9f\u0bc1\u0b95\u0bbf\u0bb1\u0bb5\u0bb0\u0bcd\u0b95\u0bb3\u0bbe\u0bb2\u0bcd, \u0ba4\u0bb3\u0bcd\u0bb3\u0baa\u0bcd\u0baa\u0b9f\u0bcd\u0b9f \u0baa\u0bbf\u0bb0\u0ba4\u0bbe\u0ba9 \u0bae\u0bc2\u0bb2\u0bc8\u0b95\u0bcd\u0b95\u0bb2\u0bcd\u0bb2\u0bbe\u0b95\u0bbf\u0baf \u0b85\u0ba8\u0bcd\u0ba4\u0b95\u0bcd \u0b95\u0bb2\u0bcd \u0b87\u0b9f\u0bb1\u0bc1\u0ba4\u0bb1\u0bcd\u0b95\u0bc7\u0ba4\u0bc1\u0bb5\u0bbe\u0ba9 \u0b95\u0bb2\u0bcd\u0bb2\u0bc1\u0bae\u0bcd \u0bb5\u0bbf\u0bb4\u0bc1\u0ba4\u0bb1\u0bcd\u0b95\u0bc7\u0ba4\u0bc1\u0bb5\u0bbe\u0ba9 \u0b95\u0ba9\u0bcd\u0bae\u0bb2\u0bc8\u0baf\u0bc1\u0bae\u0bbe\u0baf\u0bbf\u0bb1\u0bcd\u0bb1\u0bc1;"},{"Verseid":"59001007","Verse":"\u0b85\u0bb5\u0bb0\u0bcd\u0b95\u0bb3\u0bcd \u0ba4\u0bbf\u0bb0\u0bc1\u0bb5\u0b9a\u0ba9\u0ba4\u0bcd\u0ba4\u0bbf\u0bb1\u0bcd\u0b95\u0bc1 \u0b95\u0bc0\u0bb4\u0bcd\u0baa\u0bcd\u0baa\u0b9f\u0bbf\u0baf\u0bbe\u0ba4\u0bb5\u0bb0\u0bcd\u0b95\u0bb3\u0bbe\u0baf\u0bbf\u0bb0\u0bc1\u0ba8\u0bcd\u0ba4\u0bc1 \u0b87\u0b9f\u0bb1\u0bc1\u0b95\u0bbf\u0bb1\u0bbe\u0bb0\u0bcd\u0b95\u0bb3\u0bcd; \u0b85\u0ba4\u0bb1\u0bcd\u0b95\u0bc6\u0ba9\u0bcd\u0bb1\u0bc7 \u0ba8\u0bbf\u0baf\u0bae\u0bbf\u0b95\u0bcd\u0b95\u0baa\u0bcd\u0baa\u0b9f\u0bcd\u0b9f\u0bb5\u0bb0\u0bcd\u0b95\u0bb3\u0bbe\u0baf\u0bc1\u0bae\u0bcd \u0b87\u0bb0\u0bc1\u0b95\u0bcd\u0b95\u0bbf\u0bb1\u0bbe\u0bb0\u0bcd\u0b95\u0bb3\u0bcd."},{"Verseid":"59001008","Verse":"\u0ba8\u0bc0\u0b99\u0bcd\u0b95\u0bb3\u0bcb, \u0b89\u0b99\u0bcd\u0b95\u0bb3\u0bc8 \u0b85\u0ba8\u0bcd\u0ba4\u0b95\u0bbe\u0bb0\u0ba4\u0bcd\u0ba4\u0bbf\u0ba9\u0bbf\u0ba9\u0bcd\u0bb1\u0bc1 \u0ba4\u0bae\u0bcd\u0bae\u0bc1\u0b9f\u0bc8\u0baf \u0b86\u0b9a\u0bcd\u0b9a\u0bb0\u0bbf\u0baf\u0bae\u0bbe\u0ba9 \u0b92\u0bb3\u0bbf\u0baf\u0bbf\u0ba9\u0bbf\u0b9f\u0ba4\u0bcd\u0ba4\u0bbf\u0bb1\u0bcd\u0b95\u0bc1 \u0bb5\u0bb0\u0bb5\u0bb4\u0bc8\u0ba4\u0bcd\u0ba4\u0bb5\u0bb0\u0bc1\u0b9f\u0bc8\u0baf \u0baa\u0bc1\u0ba3\u0bcd\u0ba3\u0bbf\u0baf\u0b99\u0bcd\u0b95\u0bb3\u0bc8 \u0b85\u0bb1\u0bbf\u0bb5\u0bbf\u0b95\u0bcd\u0b95\u0bc1\u0bae\u0bcd\u0baa\u0b9f\u0bbf\u0b95\u0bcd\u0b95\u0bc1\u0ba4\u0bcd \u0ba4\u0bc6\u0bb0\u0bbf\u0ba8\u0bcd\u0ba4\u0bc1\u0b95\u0bca\u0bb3\u0bcd\u0bb3\u0baa\u0bcd\u0baa\u0b9f\u0bcd\u0b9f \u0b9a\u0ba8\u0bcd\u0ba4\u0ba4\u0bbf\u0baf\u0bbe\u0baf\u0bc1\u0bae\u0bcd, \u0bb0\u0bbe\u0b9c\u0bb0\u0bc0\u0b95\u0bae\u0bbe\u0ba9 \u0b86\u0b9a\u0bbe\u0bb0\u0bbf\u0baf\u0b95\u0bcd\u0b95\u0bc2\u0b9f\u0bcd\u0b9f\u0bae\u0bbe\u0baf\u0bc1\u0bae\u0bcd, \u0baa\u0bb0\u0bbf\u0b9a\u0bc1\u0ba4\u0bcd\u0ba4 \u0b9c\u0bbe\u0ba4\u0bbf\u0baf\u0bbe\u0baf\u0bc1\u0bae\u0bcd, \u0b85\u0bb5\u0bb0\u0bc1\u0b95\u0bcd\u0b95\u0bc1\u0b9a\u0bcd \u0b9a\u0bca\u0ba8\u0bcd\u0ba4\u0bae\u0bbe\u0ba9 \u0b9c\u0ba9\u0bae\u0bbe\u0baf\u0bc1\u0bae\u0bcd \u0b87\u0bb0\u0bc1\u0b95\u0bcd\u0b95\u0bbf\u0bb1\u0bc0\u0bb0\u0bcd\u0b95\u0bb3\u0bcd."},{"Verseid":"59001009","Verse":"\u0bae\u0bc1\u0ba9\u0bcd\u0ba9\u0bc7 \u0ba8\u0bc0\u0b99\u0bcd\u0b95\u0bb3\u0bcd \u0ba4\u0bc7\u0bb5\u0ba9\u0bc1\u0b9f\u0bc8\u0baf \u0b9c\u0ba9\u0b99\u0bcd\u0b95\u0bb3\u0bbe\u0baf\u0bbf\u0bb0\u0bc1\u0b95\u0bcd\u0b95\u0bb5\u0bbf\u0bb2\u0bcd\u0bb2\u0bc8, \u0b87\u0baa\u0bcd\u0baa\u0bca\u0bb4\u0bc1\u0ba4\u0bcb \u0b85\u0bb5\u0bb0\u0bc1\u0b9f\u0bc8\u0baf \u0b9c\u0ba9\u0b99\u0bcd\u0b95\u0bb3\u0bbe\u0baf\u0bbf\u0bb0\u0bc1\u0b95\u0bcd\u0b95\u0bbf\u0bb1\u0bc0\u0bb0\u0bcd\u0b95\u0bb3\u0bcd; \u0bae\u0bc1\u0ba9\u0bcd\u0ba9\u0bc7 \u0ba8\u0bc0\u0b99\u0bcd\u0b95\u0bb3\u0bcd \u0b87\u0bb0\u0b95\u0bcd\u0b95\u0bae\u0bcd \u0baa\u0bc6\u0bb1\u0bbe\u0ba4\u0bb5\u0bb0\u0bcd\u0b95\u0bb3\u0bbe\u0baf\u0bbf\u0bb0\u0bc1\u0ba8\u0bcd\u0ba4\u0bc0\u0bb0\u0bcd\u0b95\u0bb3\u0bcd. \u0b87\u0baa\u0bcd\u0baa\u0bca\u0bb4\u0bc1\u0ba4\u0bcb \u0b87\u0bb0\u0b95\u0bcd\u0b95\u0bae\u0bcd \u0baa\u0bc6\u0bb1\u0bcd\u0bb1\u0bb5\u0bb0\u0bcd\u0b95\u0bb3\u0bbe\u0baf\u0bbf\u0bb0\u0bc1\u0b95\u0bcd\u0b95\u0bbf\u0bb1\u0bc0\u0bb0\u0bcd\u0b95\u0bb3\u0bcd."},{"Verseid":"59001010","Verse":"\u0baa\u0bbf\u0bb0\u0bbf\u0baf\u0bae\u0bbe\u0ba9\u0bb5\u0bb0\u0bcd\u0b95\u0bb3\u0bc7, \u0b85\u0ba8\u0bcd\u0ba8\u0bbf\u0baf\u0bb0\u0bcd\u0b95\u0bb3\u0bc1\u0bae\u0bcd \u0baa\u0bb0\u0ba4\u0bc7\u0b9a\u0bbf\u0b95\u0bb3\u0bc1\u0bae\u0bbe\u0baf\u0bbf\u0bb0\u0bc1\u0b95\u0bcd\u0b95\u0bbf\u0bb1 \u0ba8\u0bc0\u0b99\u0bcd\u0b95\u0bb3\u0bcd \u0b86\u0ba4\u0bcd\u0ba4\u0bc1\u0bae\u0bbe\u0bb5\u0bc1\u0b95\u0bcd\u0b95\u0bc1 \u0bb5\u0bbf\u0bb0\u0bcb\u0ba4\u0bae\u0bbe\u0baf\u0bcd\u0baa\u0bcd \u0baa\u0bcb\u0bb0\u0bcd\u0b9a\u0bc6\u0baf\u0bcd\u0b95\u0bbf\u0bb1 \u0bae\u0bbe\u0bae\u0bcd\u0b9a \u0b87\u0b9a\u0bcd\u0b9a\u0bc8\u0b95\u0bb3\u0bc8 \u0bb5\u0bbf\u0b9f\u0bcd\u0b9f\u0bc1 \u0bb5\u0bbf\u0bb2\u0b95\u0bbf,"},{"Verseid":"59001011","Verse":"\u0baa\u0bc1\u0bb1\u0b9c\u0bbe\u0ba4\u0bbf\u0b95\u0bb3\u0bcd \u0b89\u0b99\u0bcd\u0b95\u0bb3\u0bc8 \u0b85\u0b95\u0bcd\u0b95\u0bbf\u0bb0\u0bae\u0b95\u0bcd\u0b95\u0bbe\u0bb0\u0bb0\u0bc6\u0ba9\u0bcd\u0bb1\u0bc1 \u0bb5\u0bbf\u0bb0\u0bcb\u0ba4\u0bae\u0bbe\u0baf\u0bcd\u0baa\u0bcd \u0baa\u0bc7\u0b9a\u0bc1\u0bae\u0bcd \u0bb5\u0bbf\u0bb7\u0baf\u0ba4\u0bcd\u0ba4\u0bbf\u0bb2\u0bcd, \u0b85\u0bb5\u0bb0\u0bcd\u0b95\u0bb3\u0bcd \u0b89\u0b99\u0bcd\u0b95\u0bb3\u0bcd \u0ba8\u0bb1\u0bcd\u0b95\u0bbf\u0bb0\u0bbf\u0baf\u0bc8\u0b95\u0bb3\u0bc8\u0b95\u0bcd\u0b95\u0ba3\u0bcd\u0b9f\u0bc1 \u0b85\u0bb5\u0bb1\u0bcd\u0bb1\u0bbf\u0ba9\u0bbf\u0bae\u0bbf\u0ba4\u0bcd\u0ba4\u0bae\u0bcd \u0b9a\u0ba8\u0bcd\u0ba4\u0bbf\u0baa\u0bcd\u0baa\u0bbf\u0ba9\u0bcd \u0ba8\u0bbe\u0bb3\u0bbf\u0bb2\u0bc7 \u0ba4\u0bc7\u0bb5\u0ba9\u0bc8 \u0bae\u0b95\u0bbf\u0bae\u0bc8\u0baa\u0bcd\u0baa\u0b9f\u0bc1\u0ba4\u0bcd\u0ba4\u0bc1\u0bae\u0bcd\u0baa\u0b9f\u0bbf \u0ba8\u0bc0\u0b99\u0bcd\u0b95\u0bb3\u0bcd \u0b85\u0bb5\u0bb0\u0bcd\u0b95\u0bb3\u0bc1\u0b95\u0bcd\u0b95\u0bc1\u0bb3\u0bcd\u0bb3\u0bc7 \u0ba8\u0bb2\u0bcd\u0ba8\u0b9f\u0b95\u0bcd\u0b95\u0bc8\u0baf\u0bc1\u0bb3\u0bcd\u0bb3\u0bb5\u0bb0\u0bcd\u0b95\u0bb3\u0bbe\u0baf\u0bcd \u0ba8\u0b9f\u0ba8\u0bcd\u0ba4\u0bc1\u0b95\u0bca\u0bb3\u0bcd\u0bb3\u0bc1\u0b99\u0bcd\u0b95\u0bb3\u0bcd \u0b8e\u0ba9\u0bcd\u0bb1\u0bc1 \u0b89\u0b99\u0bcd\u0b95\u0bb3\u0bc1\u0b95\u0bcd\u0b95\u0bc1\u0baa\u0bcd \u0baa\u0bc1\u0ba4\u0bcd\u0ba4\u0bbf\u0b9a\u0bca\u0bb2\u0bcd\u0bb2\u0bc1\u0b95\u0bbf\u0bb1\u0bc7\u0ba9\u0bcd."},{"Verseid":"59001012","Verse":"\u0ba8\u0bc0\u0b99\u0bcd\u0b95\u0bb3\u0bcd \u0bae\u0ba9\u0bc1\u0bb7\u0bb0\u0bc1\u0b9f\u0bc8\u0baf \u0b95\u0b9f\u0bcd\u0b9f\u0bb3\u0bc8\u0b95\u0bb3\u0bcd \u0baf\u0bbe\u0bb5\u0bb1\u0bcd\u0bb1\u0bbf\u0bb1\u0bcd\u0b95\u0bc1\u0bae\u0bcd \u0b95\u0bb0\u0bcd\u0ba4\u0bcd\u0ba4\u0bb0\u0bcd\u0ba8\u0bbf\u0bae\u0bbf\u0ba4\u0bcd\u0ba4\u0bae\u0bcd \u0b95\u0bc0\u0bb4\u0bcd\u0baa\u0bcd\u0baa\u0b9f\u0bbf\u0baf\u0bc1\u0b99\u0bcd\u0b95\u0bb3\u0bcd."},{"Verseid":"59001013","Verse":"\u0bae\u0bc7\u0bb2\u0bbe\u0ba9 \u0b85\u0ba4\u0bbf\u0b95\u0bbe\u0bb0\u0bae\u0bc1\u0bb3\u0bcd\u0bb3 \u0bb0\u0bbe\u0b9c\u0bbe\u0bb5\u0bc1\u0b95\u0bcd\u0b95\u0bbe\u0ba9\u0bbe\u0bb2\u0bc1\u0b9e\u0bcd\u0b9a\u0bb0\u0bbf, \u0ba4\u0bc0\u0bae\u0bc8\u0b9a\u0bc6\u0baf\u0bcd\u0b95\u0bbf\u0bb1\u0bb5\u0bb0\u0bcd\u0b95\u0bb3\u0bc1\u0b95\u0bcd\u0b95\u0bc1 \u0b86\u0b95\u0bcd\u0b95\u0bbf\u0ba9\u0bc8\u0baf\u0bc1\u0bae\u0bcd \u0ba8\u0ba9\u0bcd\u0bae\u0bc8\u0b9a\u0bc6\u0baf\u0bcd\u0b95\u0bbf\u0bb1\u0bb5\u0bb0\u0bcd\u0b95\u0bb3\u0bc1\u0b95\u0bcd\u0b95\u0bc1\u0baa\u0bcd \u0baa\u0bc1\u0b95\u0bb4\u0bcd\u0b9a\u0bcd\u0b9a\u0bbf\u0baf\u0bc1\u0bae\u0bcd \u0b89\u0ba3\u0bcd\u0b9f\u0bbe\u0b95\u0bc1\u0bae\u0bcd\u0baa\u0b9f\u0bbf \u0b85\u0bb5\u0ba9\u0bbe\u0bb2\u0bcd \u0b85\u0ba9\u0bc1\u0baa\u0bcd\u0baa\u0baa\u0bcd\u0baa\u0b9f\u0bcd\u0b9f \u0b85\u0ba4\u0bbf\u0b95\u0bbe\u0bb0\u0bbf\u0b95\u0bb3\u0bc1\u0b95\u0bcd\u0b95\u0bbe\u0ba9\u0bbe\u0bb2\u0bc1\u0b9e\u0bcd\u0b9a\u0bb0\u0bbf, \u0b95\u0bc0\u0bb4\u0bcd\u0baa\u0bcd\u0baa\u0b9f\u0bbf\u0baf\u0bc1\u0b99\u0bcd\u0b95\u0bb3\u0bcd."},{"Verseid":"59001014","Verse":"\u0ba8\u0bc0\u0b99\u0bcd\u0b95\u0bb3\u0bcd \u0ba8\u0ba9\u0bcd\u0bae\u0bc8\u0b9a\u0bc6\u0baf\u0bcd\u0b95\u0bbf\u0bb1\u0ba4\u0bbf\u0ba9\u0bbe\u0bb2\u0bc7 \u0baa\u0bc1\u0ba4\u0bcd\u0ba4\u0bbf\u0baf\u0bc0\u0ba9 \u0bae\u0ba9\u0bc1\u0bb7\u0bb0\u0bc1\u0b9f\u0bc8\u0baf \u0b85\u0bb1\u0bbf\u0baf\u0bbe\u0bae\u0bc8\u0baf\u0bc8 \u0b85\u0b9f\u0b95\u0bcd\u0b95\u0bc1\u0bb5\u0ba4\u0bc1 \u0ba4\u0bc7\u0bb5\u0ba9\u0bc1\u0b9f\u0bc8\u0baf \u0b9a\u0bbf\u0ba4\u0bcd\u0ba4\u0bae\u0bbe\u0baf\u0bbf\u0bb0\u0bc1\u0b95\u0bcd\u0b95\u0bbf\u0bb1\u0ba4\u0bc1."},{"Verseid":"59001015","Verse":"\u0b9a\u0bc1\u0baf\u0bbe\u0ba4\u0bc0\u0ba9\u0bae\u0bc1\u0bb3\u0bcd\u0bb3\u0bb5\u0bb0\u0bcd\u0b95\u0bb3\u0bbe\u0baf\u0bbf\u0bb0\u0bc1\u0ba8\u0bcd\u0ba4\u0bc1\u0bae\u0bcd \u0b89\u0b99\u0bcd\u0b95\u0bb3\u0bcd \u0b9a\u0bc1\u0baf\u0bbe\u0ba4\u0bc0\u0ba9\u0ba4\u0bcd\u0ba4\u0bc8\u0ba4\u0bcd \u0ba4\u0bc1\u0bb0\u0bcd\u0b95\u0bcd\u0b95\u0bc1\u0ba3\u0ba4\u0bcd\u0ba4\u0bbf\u0bb1\u0bcd\u0b95\u0bc1 \u0bae\u0bc2\u0b9f\u0bb2\u0bbe\u0b95\u0b95\u0bcd \u0b95\u0bca\u0ba3\u0bcd\u0b9f\u0bbf\u0bb0\u0bbe\u0bae\u0bb2\u0bcd, \u0ba4\u0bc7\u0bb5\u0ba9\u0bc1\u0b95\u0bcd\u0b95\u0bc1 \u0b85\u0b9f\u0bbf\u0bae\u0bc8\u0b95\u0bb3\u0bbe\u0baf\u0bbf\u0bb0\u0bc1\u0b99\u0bcd\u0b95\u0bb3\u0bcd."},{"Verseid":"59001016","Verse":"\u0b8e\u0bb2\u0bcd\u0bb2\u0bbe\u0bb0\u0bc8\u0baf\u0bc1\u0bae\u0bcd \u0b95\u0ba9\u0bae\u0bcd\u0baa\u0ba3\u0bcd\u0ba3\u0bc1\u0b99\u0bcd\u0b95\u0bb3\u0bcd; \u0b9a\u0b95\u0bcb\u0ba4\u0bb0\u0bb0\u0bbf\u0b9f\u0ba4\u0bcd\u0ba4\u0bbf\u0bb2\u0bcd \u0b85\u0ba9\u0bcd\u0baa\u0bc1\u0b95\u0bc2\u0bb0\u0bc1\u0b99\u0bcd\u0b95\u0bb3\u0bcd; \u0ba4\u0bc7\u0bb5\u0ba9\u0bc1\u0b95\u0bcd\u0b95\u0bc1\u0baa\u0bcd \u0baa\u0baf\u0ba8\u0bcd\u0ba4\u0bbf\u0bb0\u0bc1\u0b99\u0bcd\u0b95\u0bb3\u0bcd; \u0bb0\u0bbe\u0b9c\u0bbe\u0bb5\u0bc8\u0b95\u0bcd \u0b95\u0ba9\u0bae\u0bcd\u0baa\u0ba3\u0bcd\u0ba3\u0bc1\u0b99\u0bcd\u0b95\u0bb3\u0bcd."},{"Verseid":"59001017","Verse":"\u0bb5\u0bc7\u0bb2\u0bc8\u0b95\u0bcd\u0b95\u0bbe\u0bb0\u0bb0\u0bc7, \u0b85\u0ba4\u0bbf\u0b95 \u0baa\u0baf\u0ba4\u0bcd\u0ba4\u0bc1\u0b9f\u0ba9\u0bc7 \u0b89\u0b99\u0bcd\u0b95\u0bb3\u0bcd \u0b8e\u0b9c\u0bae\u0bbe\u0ba9\u0bcd\u0b95\u0bb3\u0bc1\u0b95\u0bcd\u0b95\u0bc1\u0b95\u0bcd \u0b95\u0bc0\u0bb4\u0bcd\u0baa\u0bcd\u0baa\u0b9f\u0bbf\u0ba8\u0bcd\u0ba4\u0bbf\u0bb0\u0bc1\u0b99\u0bcd\u0b95\u0bb3\u0bcd; \u0ba8\u0bb2\u0bcd\u0bb2\u0bb5\u0bb0\u0bcd\u0b95\u0bb3\u0bc1\u0b95\u0bcd\u0b95\u0bc1\u0bae\u0bcd \u0b9a\u0bbe\u0ba8\u0bcd\u0ba4\u0b95\u0bc1\u0ba3\u0bae\u0bc1\u0bb3\u0bcd\u0bb3\u0bb5\u0bb0\u0bcd\u0b95\u0bb3\u0bc1\u0b95\u0bcd\u0b95\u0bc1\u0bae\u0bcd \u0bae\u0bbe\u0ba4\u0bcd\u0ba4\u0bbf\u0bb0\u0bae\u0bcd \u0b85\u0bb2\u0bcd\u0bb2, \u0bae\u0bc1\u0bb0\u0b9f\u0bcd\u0b9f\u0bc1\u0b95\u0bcd\u0b95\u0bc1\u0ba3\u0bae\u0bc1\u0bb3\u0bcd\u0bb3\u0bb5\u0bb0\u0bcd\u0b95\u0bb3\u0bc1\u0b95\u0bcd\u0b95\u0bc1\u0bae\u0bcd \u0b95\u0bc0\u0bb4\u0bcd\u0baa\u0bcd\u0baa\u0b9f\u0bbf\u0ba8\u0bcd\u0ba4\u0bbf\u0bb0\u0bc1\u0b99\u0bcd\u0b95\u0bb3\u0bcd."},{"Verseid":"59001018","Verse":"\u0b8f\u0ba9\u0bc6\u0ba9\u0bbf\u0bb2\u0bcd, \u0ba4\u0bc7\u0bb5\u0ba9\u0bcd\u0bae\u0bc7\u0bb2\u0bcd \u0baa\u0bb1\u0bcd\u0bb1\u0bc1\u0ba4\u0bb2\u0bbe\u0baf\u0bbf\u0bb0\u0bc1\u0b95\u0bcd\u0b95\u0bbf\u0bb1 \u0bae\u0ba9\u0b9a\u0bcd\u0b9a\u0bbe\u0b9f\u0bcd\u0b9a\u0bbf\u0baf\u0bbf\u0ba9\u0bbf\u0bae\u0bbf\u0ba4\u0bcd\u0ba4\u0bae\u0bcd \u0b92\u0bb0\u0bc1\u0bb5\u0ba9\u0bcd \u0b85\u0ba8\u0bbf\u0baf\u0bbe\u0baf\u0bae\u0bbe\u0baf\u0bcd\u0baa\u0bcd \u0baa\u0bbe\u0b9f\u0bc1\u0baa\u0b9f\u0bcd\u0b9f\u0bc1 \u0b89\u0baa\u0ba4\u0bcd\u0ba4\u0bbf\u0bb0\u0bb5\u0b99\u0bcd\u0b95\u0bb3\u0bc8\u0baa\u0bcd \u0baa\u0bca\u0bb1\u0bc1\u0bae\u0bc8\u0baf\u0bbe\u0baf\u0bcd\u0b9a\u0bcd \u0b9a\u0b95\u0bbf\u0ba4\u0bcd\u0ba4\u0bbe\u0bb2\u0bcd \u0b85\u0ba4\u0bc1\u0bb5\u0bc7 \u0baa\u0bbf\u0bb0\u0bc0\u0ba4\u0bbf\u0baf\u0bbe\u0baf\u0bbf\u0bb0\u0bc1\u0b95\u0bcd\u0b95\u0bc1\u0bae\u0bcd."},{"Verseid":"59001019","Verse":"\u0ba8\u0bc0\u0b99\u0bcd\u0b95\u0bb3\u0bcd \u0b95\u0bc1\u0bb1\u0bcd\u0bb1\u0b9e\u0bcd\u0b9a\u0bc6\u0baf\u0bcd\u0ba4\u0bc1 \u0b85\u0b9f\u0bbf\u0b95\u0bcd\u0b95\u0baa\u0bcd\u0baa\u0b9f\u0bc1\u0bae\u0bcd\u0baa\u0bcb\u0ba4\u0bc1 \u0baa\u0bca\u0bb1\u0bc1\u0bae\u0bc8\u0baf\u0bcb\u0b9f\u0bc7 \u0b9a\u0b95\u0bbf\u0ba4\u0bcd\u0ba4\u0bbe\u0bb2\u0bcd, \u0b85\u0ba4\u0bbf\u0ba9\u0bbe\u0bb2\u0bcd \u0b8e\u0ba9\u0bcd\u0ba9 \u0b95\u0bc0\u0bb0\u0bcd\u0ba4\u0bcd\u0ba4\u0bbf\u0baf\u0bc1\u0ba3\u0bcd\u0b9f\u0bc1? \u0ba8\u0bc0\u0b99\u0bcd\u0b95\u0bb3\u0bcd \u0ba8\u0ba9\u0bcd\u0bae\u0bc8\u0b9a\u0bc6\u0baf\u0bcd\u0ba4\u0bc1 \u0baa\u0bbe\u0b9f\u0bc1\u0baa\u0b9f\u0bc1\u0bae\u0bcd\u0baa\u0bcb\u0ba4\u0bc1 \u0baa\u0bca\u0bb1\u0bc1\u0bae\u0bc8\u0baf\u0bcb\u0b9f\u0bc7 \u0b9a\u0b95\u0bbf\u0ba4\u0bcd\u0ba4\u0bbe\u0bb2\u0bcd \u0b85\u0ba4\u0bc1\u0bb5\u0bc7 \u0ba4\u0bc7\u0bb5\u0ba9\u0bc1\u0b95\u0bcd\u0b95\u0bc1 \u0bae\u0bc1\u0ba9\u0bcd\u0baa\u0bbe\u0b95\u0baa\u0bcd \u0baa\u0bbf\u0bb0\u0bc0\u0ba4\u0bbf\u0baf\u0bbe\u0baf\u0bbf\u0bb0\u0bc1\u0b95\u0bcd\u0b95\u0bc1\u0bae\u0bcd."},{"Verseid":"59001020","Verse":"\u0b87\u0ba4\u0bb1\u0bcd\u0b95\u0bbe\u0b95 \u0ba8\u0bc0\u0b99\u0bcd\u0b95\u0bb3\u0bcd \u0b85\u0bb4\u0bc8\u0b95\u0bcd\u0b95\u0baa\u0bcd\u0baa\u0b9f\u0bcd\u0b9f\u0bc1\u0bae\u0bbf\u0bb0\u0bc1\u0b95\u0bcd\u0b95\u0bbf\u0bb1\u0bc0\u0bb0\u0bcd\u0b95\u0bb3\u0bcd; \u0b8f\u0ba9\u0bc6\u0ba9\u0bbf\u0bb2\u0bcd, \u0b95\u0bbf\u0bb1\u0bbf\u0bb8\u0bcd\u0ba4\u0bc1\u0bb5\u0bc1\u0bae\u0bcd \u0b89\u0b99\u0bcd\u0b95\u0bb3\u0bc1\u0b95\u0bcd\u0b95\u0bbe\u0b95\u0baa\u0bcd \u0baa\u0bbe\u0b9f\u0bc1\u0baa\u0b9f\u0bcd\u0b9f\u0bc1, \u0ba8\u0bc0\u0b99\u0bcd\u0b95\u0bb3\u0bcd \u0ba4\u0bae\u0bcd\u0bae\u0bc1\u0b9f\u0bc8\u0baf \u0b85\u0b9f\u0bbf\u0b9a\u0bcd\u0b9a\u0bc1\u0bb5\u0b9f\u0bc1\u0b95\u0bb3\u0bc8\u0ba4\u0bcd \u0ba4\u0bca\u0b9f\u0bb0\u0bcd\u0ba8\u0bcd\u0ba4\u0bc1\u0bb5\u0bb0\u0bc1\u0bae\u0bcd\u0baa\u0b9f\u0bbf \u0b89\u0b99\u0bcd\u0b95\u0bb3\u0bc1\u0b95\u0bcd\u0b95\u0bc1 \u0bae\u0bbe\u0ba4\u0bbf\u0bb0\u0bbf\u0baf\u0bc8\u0baa\u0bcd \u0baa\u0bbf\u0ba9\u0bcd\u0bb5\u0bc8\u0ba4\u0bcd\u0ba4\u0bc1\u0baa\u0bcd\u0baa\u0bcb\u0ba9\u0bbe\u0bb0\u0bcd."},{"Verseid":"59001021","Verse":"\u0b85\u0bb5\u0bb0\u0bcd \u0baa\u0bbe\u0bb5\u0b9e\u0bcd\u0b9a\u0bc6\u0baf\u0bcd\u0baf\u0bb5\u0bbf\u0bb2\u0bcd\u0bb2\u0bc8, \u0b85\u0bb5\u0bb0\u0bc1\u0b9f\u0bc8\u0baf \u0bb5\u0bbe\u0baf\u0bbf\u0bb2\u0bc7 \u0bb5\u0b9e\u0bcd\u0b9a\u0ba9\u0bc8 \u0b95\u0bbe\u0ba3\u0baa\u0bcd\u0baa\u0b9f\u0bb5\u0bc1\u0bae\u0bbf\u0bb2\u0bcd\u0bb2\u0bc8;"},{"Verseid":"59001022","Verse":"\u0b85\u0bb5\u0bb0\u0bcd \u0bb5\u0bc8\u0baf\u0baa\u0bcd\u0baa\u0b9f\u0bc1\u0bae\u0bcd\u0baa\u0bcb\u0ba4\u0bc1 \u0baa\u0ba4\u0bbf\u0bb2\u0bcd\u0bb5\u0bc8\u0baf\u0bbe\u0bae\u0bb2\u0bc1\u0bae\u0bcd, \u0baa\u0bbe\u0b9f\u0bc1\u0baa\u0b9f\u0bc1\u0bae\u0bcd\u0baa\u0bcb\u0ba4\u0bc1 \u0baa\u0baf\u0bae\u0bc1\u0bb1\u0bc1\u0ba4\u0bcd\u0ba4\u0bbe\u0bae\u0bb2\u0bc1\u0bae\u0bcd, \u0ba8\u0bbf\u0baf\u0bbe\u0baf\u0bae\u0bbe\u0baf\u0bcd\u0ba4\u0bcd \u0ba4\u0bc0\u0bb0\u0bcd\u0baa\u0bcd\u0baa\u0bc1\u0b9a\u0bcd\u0b9a\u0bc6\u0baf\u0bcd\u0b95\u0bbf\u0bb1\u0bb5\u0bb0\u0bc1\u0b95\u0bcd\u0b95\u0bc1\u0ba4\u0bcd \u0ba4\u0bae\u0bcd\u0bae\u0bc8 \u0b92\u0baa\u0bcd\u0baa\u0bc1\u0bb5\u0bbf\u0ba4\u0bcd\u0ba4\u0bbe\u0bb0\u0bcd."},{"Verseid":"59001023","Verse":"\u0ba8\u0bbe\u0bae\u0bcd \u0baa\u0bbe\u0bb5\u0b99\u0bcd\u0b95\u0bb3\u0bc1\u0b95\u0bcd\u0b95\u0bc1\u0b9a\u0bcd \u0b9a\u0bc6\u0ba4\u0bcd\u0ba4\u0bc1, \u0ba8\u0bc0\u0ba4\u0bbf\u0b95\u0bcd\u0b95\u0bc1\u0baa\u0bcd \u0baa\u0bbf\u0bb4\u0bc8\u0ba4\u0bcd\u0ba4\u0bbf\u0bb0\u0bc1\u0b95\u0bcd\u0b95\u0bc1\u0bae\u0bcd\u0baa\u0b9f\u0bbf\u0b95\u0bcd\u0b95\u0bc1, \u0b85\u0bb5\u0bb0\u0bcd\u0ba4\u0bbe\u0bae\u0bc7 \u0ba4\u0bae\u0ba4\u0bc1 \u0b9a\u0bb0\u0bc0\u0bb0\u0ba4\u0bcd\u0ba4\u0bbf\u0bb2\u0bc7 \u0ba8\u0bae\u0bcd\u0bae\u0bc1\u0b9f\u0bc8\u0baf \u0baa\u0bbe\u0bb5\u0b99\u0bcd\u0b95\u0bb3\u0bc8\u0b9a\u0bcd \u0b9a\u0bbf\u0bb2\u0bc1\u0bb5\u0bc8\u0baf\u0bbf\u0ba9\u0bcd\u0bae\u0bc7\u0bb2\u0bcd \u0b9a\u0bc1\u0bae\u0ba8\u0bcd\u0ba4\u0bbe\u0bb0\u0bcd; \u0b85\u0bb5\u0bb0\u0bc1\u0b9f\u0bc8\u0baf \u0ba4\u0bb4\u0bc1\u0bae\u0bcd\u0baa\u0bc1\u0b95\u0bb3\u0bbe\u0bb2\u0bcd \u0b95\u0bc1\u0ba3\u0bae\u0bbe\u0ba9\u0bc0\u0bb0\u0bcd\u0b95\u0bb3\u0bcd."},{"Verseid":"59001024","Verse":"\u0b9a\u0bbf\u0ba4\u0bb1\u0bc1\u0ba3\u0bcd\u0b9f \u0b86\u0b9f\u0bc1\u0b95\u0bb3\u0bc8\u0baa\u0bcd\u0baa\u0bcb\u0bb2\u0bbf\u0bb0\u0bc1\u0ba8\u0bcd\u0ba4\u0bc0\u0bb0\u0bcd\u0b95\u0bb3\u0bcd; \u0b87\u0baa\u0bcd\u0baa\u0bca\u0bb4\u0bc1\u0ba4\u0bcb \u0b89\u0b99\u0bcd\u0b95\u0bb3\u0bcd \u0b86\u0ba4\u0bcd\u0ba4\u0bc1\u0bae\u0bbe\u0b95\u0bcd\u0b95\u0bb3\u0bc1\u0b95\u0bcd\u0b95\u0bc1 \u0bae\u0bc7\u0baf\u0bcd\u0baa\u0bcd\u0baa\u0bb0\u0bc1\u0bae\u0bcd \u0b95\u0ba3\u0bcd\u0b95\u0bbe\u0ba3\u0bbf\u0baf\u0bc1\u0bae\u0bbe\u0ba9\u0bb5\u0bb0\u0bbf\u0b9f\u0ba4\u0bcd\u0ba4\u0bbf\u0bb2\u0bcd \u0ba4\u0bbf\u0bb0\u0bc1\u0baa\u0bcd\u0baa\u0baa\u0bcd\u0baa\u0b9f\u0bcd\u0b9f\u0bbf\u0bb0\u0bc1\u0b95\u0bcd\u0b95\u0bbf\u0bb1\u0bc0\u0bb0\u0bcd\u0b95\u0bb3\u0bcd."}]},{"Verse":[{"Verseid":"59002000","Verse":"\u0b85\u0ba8\u0bcd\u0ba4\u0baa\u0bcd\u0baa\u0b9f\u0bbf \u0bae\u0ba9\u0bc8\u0bb5\u0bbf\u0b95\u0bb3\u0bc7, \u0b89\u0b99\u0bcd\u0b95\u0bb3\u0bcd\u0b9a\u0bca\u0ba8\u0bcd\u0ba4\u0baa\u0bcd \u0baa\u0bc1\u0bb0\u0bc1\u0bb7\u0bb0\u0bcd\u0b95\u0bb3\u0bc1\u0b95\u0bcd\u0b95\u0bc1\u0b95\u0bcd \u0b95\u0bc0\u0bb4\u0bcd\u0baa\u0bcd\u0baa\u0b9f\u0bbf\u0ba8\u0bcd\u0ba4\u0bbf\u0bb0\u0bc1\u0b99\u0bcd\u0b95\u0bb3\u0bcd; \u0b85\u0baa\u0bcd\u0baa\u0bca\u0bb4\u0bc1\u0ba4\u0bc1 \u0b85\u0bb5\u0bb0\u0bcd\u0b95\u0bb3\u0bbf\u0bb2\u0bcd \u0baf\u0bbe\u0bb0\u0bbe\u0bb5\u0ba4\u0bc1 \u0ba4\u0bbf\u0bb0\u0bc1\u0bb5\u0b9a\u0ba9\u0ba4\u0bcd\u0ba4\u0bbf\u0bb1\u0bcd\u0b95\u0bc1\u0b95\u0bcd \u0b95\u0bc0\u0bb4\u0bcd\u0baa\u0bcd\u0baa\u0b9f\u0bbf\u0baf\u0bbe\u0ba4\u0bb5\u0bb0\u0bcd\u0b95\u0bb3\u0bbe\u0baf\u0bbf\u0bb0\u0bc1\u0ba8\u0bcd\u0ba4\u0bbe\u0bb2\u0bcd, \u0baa\u0baf\u0baa\u0b95\u0bcd\u0ba4\u0bbf\u0baf\u0bcb\u0b9f\u0bc1\u0b95\u0bc2\u0b9f\u0bbf\u0baf \u0b89\u0b99\u0bcd\u0b95\u0bb3\u0bcd \u0b95\u0bb1\u0bcd\u0baa\u0bc1\u0bb3\u0bcd\u0bb3 \u0ba8\u0b9f\u0b95\u0bcd\u0b95\u0bc8\u0baf\u0bc8 \u0b85\u0bb5\u0bb0\u0bcd\u0b95\u0bb3\u0bcd \u0baa\u0bbe\u0bb0\u0bcd\u0ba4\u0bcd\u0ba4\u0bc1,"},{"Verseid":"59002001","Verse":"\u0baa\u0bcb\u0ba4\u0ba9\u0bc8\u0baf\u0bbf\u0ba9\u0bcd\u0bb1\u0bbf, \u0bae\u0ba9\u0bc8\u0bb5\u0bbf\u0b95\u0bb3\u0bbf\u0ba9\u0bcd \u0ba8\u0b9f\u0b95\u0bcd\u0b95\u0bc8\u0baf\u0bbf\u0ba9\u0bbe\u0bb2\u0bc7\u0baf\u0bc7 \u0b86\u0ba4\u0bbe\u0baf\u0baa\u0bcd\u0baa\u0b9f\u0bc1\u0ba4\u0bcd\u0ba4\u0bbf\u0b95\u0bcd\u0b95\u0bca\u0bb3\u0bcd\u0bb3\u0baa\u0bcd\u0baa\u0b9f\u0bc1\u0bb5\u0bbe\u0bb0\u0bcd\u0b95\u0bb3\u0bcd."},{"Verseid":"59002002","Verse":"\u0bae\u0baf\u0bbf\u0bb0\u0bc8\u0baa\u0bcd \u0baa\u0bbf\u0ba9\u0bcd\u0ba9\u0bbf, \u0baa\u0bca\u0ba9\u0bcd\u0ba9\u0bbe\u0baa\u0bb0\u0ba3\u0b99\u0bcd\u0b95\u0bb3\u0bc8 \u0b85\u0ba3\u0bbf\u0ba8\u0bcd\u0ba4\u0bc1, \u0b89\u0baf\u0bb0\u0bcd\u0ba8\u0bcd\u0ba4 \u0bb5\u0bb8\u0bcd\u0ba4\u0bbf\u0bb0\u0b99\u0bcd\u0b95\u0bb3\u0bc8 \u0b89\u0b9f\u0bc1\u0ba4\u0bcd\u0ba4\u0bbf\u0b95\u0bcd\u0b95\u0bca\u0bb3\u0bcd\u0bb3\u0bc1\u0ba4\u0bb2\u0bbe\u0b95\u0bbf\u0baf \u0baa\u0bc1\u0bb1\u0bae\u0bcd\u0baa\u0bbe\u0ba9 \u0b85\u0bb2\u0b99\u0bcd\u0b95\u0bb0\u0bbf\u0baa\u0bcd\u0baa\u0bc1 \u0b89\u0b99\u0bcd\u0b95\u0bb3\u0bc1\u0b95\u0bcd\u0b95\u0bc1 \u0b85\u0bb2\u0b99\u0bcd\u0b95\u0bbe\u0bb0\u0bae\u0bbe\u0baf\u0bbf\u0bb0\u0bbe\u0bae\u0bb2\u0bcd,"},{"Verseid":"59002003","Verse":"\u0b85\u0bb4\u0bbf\u0baf\u0bbe\u0ba4 \u0b85\u0bb2\u0b99\u0bcd\u0b95\u0bb0\u0bbf\u0baa\u0bcd\u0baa\u0bbe\u0baf\u0bbf\u0bb0\u0bc1\u0b95\u0bcd\u0b95\u0bbf\u0bb1 \u0b9a\u0bbe\u0ba8\u0bcd\u0ba4\u0bae\u0bc1\u0bae\u0bcd \u0b85\u0bae\u0bc8\u0ba4\u0bb2\u0bc1\u0bae\u0bc1\u0bb3\u0bcd\u0bb3 \u0b86\u0bb5\u0bbf\u0baf\u0bbe\u0b95\u0bbf\u0baf \u0b87\u0bb0\u0bc1\u0ba4\u0baf\u0ba4\u0bcd\u0ba4\u0bbf\u0bb2\u0bcd \u0bae\u0bb1\u0bc8\u0ba8\u0bcd\u0ba4\u0bbf\u0bb0\u0bc1\u0b95\u0bcd\u0b95\u0bbf\u0bb1 \u0b95\u0bc1\u0ba3\u0bae\u0bc7 \u0b89\u0b99\u0bcd\u0b95\u0bb3\u0bc1\u0b95\u0bcd\u0b95\u0bc1 \u0b85\u0bb2\u0b99\u0bcd\u0b95\u0bbe\u0bb0\u0bae\u0bbe\u0baf\u0bbf\u0bb0\u0bc1\u0b95\u0bcd\u0b95\u0b95\u0bcd\u0b95\u0b9f\u0bb5\u0ba4\u0bc1; \u0b85\u0ba4\u0bc1\u0bb5\u0bc7 \u0ba4\u0bc7\u0bb5\u0ba9\u0bc1\u0b9f\u0bc8\u0baf \u0baa\u0bbe\u0bb0\u0bcd\u0bb5\u0bc8\u0baf\u0bbf\u0bb2\u0bcd \u0bb5\u0bbf\u0bb2\u0bc8\u0baf\u0bc7\u0bb1\u0baa\u0bcd\u0baa\u0bc6\u0bb1\u0bcd\u0bb1\u0ba4\u0bc1."},{"Verseid":"59002004","Verse":"\u0b87\u0baa\u0bcd\u0baa\u0b9f\u0bbf\u0baf\u0bc7 \u0baa\u0bc2\u0bb0\u0bcd\u0bb5\u0ba4\u0bcd\u0ba4\u0bbf\u0bb2\u0bcd \u0ba4\u0bc7\u0bb5\u0ba9\u0bbf\u0b9f\u0ba4\u0bcd\u0ba4\u0bbf\u0bb2\u0bcd \u0ba8\u0bae\u0bcd\u0baa\u0bbf\u0b95\u0bcd\u0b95\u0bc8\u0baf\u0bbe\u0baf\u0bbf\u0bb0\u0bc1\u0ba8\u0bcd\u0ba4 \u0baa\u0bb0\u0bbf\u0b9a\u0bc1\u0ba4\u0bcd\u0ba4 \u0bb8\u0bcd\u0ba4\u0bbf\u0bb0\u0bc0\u0b95\u0bb3\u0bc1\u0bae\u0bcd \u0ba4\u0b99\u0bcd\u0b95\u0bb3\u0bc1\u0b9f\u0bc8\u0baf \u0baa\u0bc1\u0bb0\u0bc1\u0bb7\u0bb0\u0bcd\u0b95\u0bb3\u0bc1\u0b95\u0bcd\u0b95\u0bc1\u0b95\u0bcd \u0b95\u0bc0\u0bb4\u0bcd\u0baa\u0bcd\u0baa\u0b9f\u0bbf\u0ba8\u0bcd\u0ba4\u0bc1 \u0ba4\u0b99\u0bcd\u0b95\u0bb3\u0bc8 \u0b85\u0bb2\u0b99\u0bcd\u0b95\u0bb0\u0bbf\u0ba4\u0bcd\u0ba4\u0bbe\u0bb0\u0bcd\u0b95\u0bb3\u0bcd."},{"Verseid":"59002005","Verse":"\u0b85\u0ba8\u0bcd\u0ba4\u0baa\u0bcd\u0baa\u0b9f\u0bbf\u0baf\u0bc7 \u0b9a\u0bbe\u0bb0\u0bbe\u0bb3\u0bcd \u0b86\u0baa\u0bbf\u0bb0\u0b95\u0bbe\u0bae\u0bc8 \u0b86\u0ba3\u0bcd\u0b9f\u0bb5\u0ba9\u0bcd \u0b8e\u0ba9\u0bcd\u0bb1\u0bc1 \u0b9a\u0bca\u0bb2\u0bcd\u0bb2\u0bbf, \u0b85\u0bb5\u0ba9\u0bc1\u0b95\u0bcd\u0b95\u0bc1\u0b95\u0bcd \u0b95\u0bc0\u0bb4\u0bcd\u0baa\u0bcd\u0baa\u0b9f\u0bbf\u0ba8\u0bcd\u0ba4\u0bbf\u0bb0\u0bc1\u0ba8\u0bcd\u0ba4\u0bbe\u0bb3\u0bcd; \u0ba8\u0bc0\u0b99\u0bcd\u0b95\u0bb3\u0bcd \u0ba8\u0ba9\u0bcd\u0bae\u0bc8\u0b9a\u0bc6\u0baf\u0bcd\u0ba4\u0bc1 \u0b92\u0bb0\u0bc1 \u0b86\u0baa\u0ba4\u0bcd\u0ba4\u0bc1\u0b95\u0bcd\u0b95\u0bc1\u0bae\u0bcd \u0baa\u0baf\u0baa\u0bcd\u0baa\u0b9f\u0bbe\u0ba4\u0bbf\u0bb0\u0bc1\u0ba8\u0bcd\u0ba4\u0bc0\u0bb0\u0bcd\u0b95\u0bb3\u0bbe\u0ba9\u0bbe\u0bb2\u0bcd \u0b85\u0bb5\u0bb3\u0bc1\u0b95\u0bcd\u0b95\u0bc1\u0baa\u0bcd \u0baa\u0bbf\u0bb3\u0bcd\u0bb3\u0bc8\u0b95\u0bb3\u0bbe\u0baf\u0bbf\u0bb0\u0bc1\u0baa\u0bcd\u0baa\u0bc0\u0bb0\u0bcd\u0b95\u0bb3\u0bcd."},{"Verseid":"59002006","Verse":"\u0b85\u0ba8\u0bcd\u0ba4\u0baa\u0bcd\u0baa\u0b9f\u0bbf \u0baa\u0bc1\u0bb0\u0bc1\u0bb7\u0bb0\u0bcd\u0b95\u0bb3\u0bc7, \u0bae\u0ba9\u0bc8\u0bb5\u0bbf\u0baf\u0bbe\u0ba9\u0bb5\u0bb3\u0bcd \u0baa\u0bc6\u0bb2\u0bb5\u0bc0\u0ba9 \u0baa\u0bbe\u0ba3\u0bcd\u0b9f\u0bae\u0bbe\u0baf\u0bbf\u0bb0\u0bc1\u0b95\u0bcd\u0b95\u0bbf\u0bb1\u0baa\u0b9f\u0bbf\u0baf\u0bbf\u0ba9\u0bbe\u0bb2\u0bcd, \u0b89\u0b99\u0bcd\u0b95\u0bb3\u0bcd \u0b9c\u0bc6\u0baa\u0b99\u0bcd\u0b95\u0bb3\u0bc1\u0b95\u0bcd\u0b95\u0bc1\u0ba4\u0bcd \u0ba4\u0b9f\u0bc8\u0bb5\u0bb0\u0bbe\u0ba4\u0baa\u0b9f\u0bbf\u0b95\u0bcd\u0b95\u0bc1, \u0ba8\u0bc0\u0b99\u0bcd\u0b95\u0bb3\u0bcd \u0bb5\u0bbf\u0bb5\u0bc7\u0b95\u0ba4\u0bcd\u0ba4\u0bcb\u0b9f\u0bc1 \u0b85\u0bb5\u0bb0\u0bcd\u0b95\u0bb3\u0bc1\u0b9f\u0ba9\u0bc7 \u0bb5\u0bbe\u0bb4\u0bcd\u0ba8\u0bcd\u0ba4\u0bc1, \u0b89\u0b99\u0bcd\u0b95\u0bb3\u0bc1\u0b9f\u0ba9\u0bc7\u0b95\u0bc2\u0b9f \u0b85\u0bb5\u0bb0\u0bcd\u0b95\u0bb3\u0bc1\u0bae\u0bcd \u0ba8\u0bbf\u0ba4\u0bcd\u0ba4\u0bbf\u0baf\u0b9c\u0bc0\u0bb5\u0ba9\u0bbe\u0b95\u0bbf\u0baf \u0b95\u0bbf\u0bb0\u0bc1\u0baa\u0bc8\u0baf\u0bc8\u0b9a\u0bcd \u0b9a\u0bc1\u0ba4\u0ba8\u0bcd\u0ba4\u0bb0\u0bbf\u0ba4\u0bcd\u0ba4\u0bc1\u0b95\u0bcd\u0b95\u0bca\u0bb3\u0bcd\u0bb3\u0bc1\u0b95\u0bbf\u0bb1\u0bb5\u0bb0\u0bcd\u0b95\u0bb3\u0bbe\u0ba9\u0baa\u0b9f\u0bbf\u0baf\u0bbf\u0ba9\u0bbe\u0bb2\u0bcd, \u0b85\u0bb5\u0bb0\u0bcd\u0b95\u0bb3\u0bc1\u0b95\u0bcd\u0b95\u0bc1\u0b9a\u0bcd \u0b9a\u0bc6\u0baf\u0bcd\u0baf\u0bb5\u0bc7\u0ba3\u0bcd\u0b9f\u0bbf\u0baf \u0b95\u0ba9\u0ba4\u0bcd\u0ba4\u0bc8\u0b9a\u0bcd \u0b9a\u0bc6\u0baf\u0bcd\u0baf\u0bc1\u0b99\u0bcd\u0b95\u0bb3\u0bcd."},{"Verseid":"59002007","Verse":"\u0bae\u0bc7\u0bb2\u0bc1\u0bae\u0bcd, \u0ba8\u0bc0\u0b99\u0bcd\u0b95\u0bb3\u0bc6\u0bb2\u0bcd\u0bb2\u0bbe\u0bb0\u0bc1\u0bae\u0bcd \u0b92\u0bb0\u0bc1\u0bae\u0ba9\u0baa\u0bcd\u0baa\u0b9f\u0bcd\u0b9f\u0bb5\u0bb0\u0bcd\u0b95\u0bb3\u0bc1\u0bae\u0bcd, \u0b87\u0bb0\u0b95\u0bcd\u0b95\u0bae\u0bc1\u0bb3\u0bcd\u0bb3\u0bb5\u0bb0\u0bcd\u0b95\u0bb3\u0bc1\u0bae\u0bcd, \u0b9a\u0b95\u0bcb\u0ba4\u0bb0 \u0b9a\u0bbf\u0ba8\u0bc7\u0b95\u0bae\u0bc1\u0bb3\u0bcd\u0bb3\u0bb5\u0bb0\u0bcd\u0b95\u0bb3\u0bc1\u0bae\u0bcd \u0bae\u0ba9 \u0b89\u0bb0\u0bc1\u0b95\u0bcd\u0b95\u0bae\u0bc1\u0bb3\u0bcd\u0bb3\u0bb5\u0bb0\u0bcd\u0b95\u0bb3\u0bc1\u0bae\u0bcd, \u0b87\u0ba3\u0b95\u0bcd\u0b95\u0bae\u0bc1\u0bb3\u0bcd\u0bb3\u0bb5\u0bb0\u0bcd\u0b95\u0bb3\u0bc1\u0bae\u0bbe\u0baf\u0bbf\u0bb0\u0bc1\u0ba8\u0bcd\u0ba4\u0bc1,"},{"Verseid":"59002008","Verse":"\u0ba4\u0bc0\u0bae\u0bc8\u0b95\u0bcd\u0b95\u0bc1\u0ba4\u0bcd \u0ba4\u0bc0\u0bae\u0bc8\u0baf\u0bc8\u0baf\u0bc1\u0bae\u0bcd, \u0b89\u0ba4\u0bbe\u0b9a\u0ba9\u0ba4\u0bcd\u0ba4\u0bc1\u0b95\u0bcd\u0b95\u0bc1 \u0b89\u0ba4\u0bbe\u0b9a\u0ba9\u0ba4\u0bcd\u0ba4\u0bc8\u0baf\u0bc1\u0bae\u0bcd \u0b9a\u0bb0\u0bbf\u0b95\u0bcd\u0b95\u0b9f\u0bcd\u0b9f\u0bbe\u0bae\u0bb2\u0bcd, \u0b85\u0ba4\u0bb1\u0bcd\u0b95\u0bc1\u0baa\u0bcd \u0baa\u0ba4\u0bbf\u0bb2\u0bbe\u0b95, \u0ba8\u0bc0\u0b99\u0bcd\u0b95\u0bb3\u0bcd \u0b86\u0b9a\u0bc0\u0bb0\u0bcd\u0bb5\u0bbe\u0ba4\u0ba4\u0bcd\u0ba4\u0bc8\u0b9a\u0bcd \u0b9a\u0bc1\u0ba4\u0ba8\u0bcd\u0ba4\u0bb0\u0bbf\u0ba4\u0bcd\u0ba4\u0bc1\u0b95\u0bcd \u0b95\u0bca\u0bb3\u0bcd\u0bb3\u0bc1\u0bae\u0bcd\u0baa\u0b9f\u0bbf \u0b85\u0bb4\u0bc8\u0b95\u0bcd\u0b95\u0baa\u0bcd\u0baa\u0b9f\u0bcd\u0b9f\u0bbf\u0bb0\u0bc1\u0b95\u0bcd\u0b95\u0bbf\u0bb1\u0bb5\u0bb0\u0bcd\u0b95\u0bb3\u0bc6\u0ba9\u0bcd\u0bb1\u0bc1 \u0b85\u0bb1\u0bbf\u0ba8\u0bcd\u0ba4\u0bc1, \u0b86\u0b9a\u0bc0\u0bb0\u0bcd\u0bb5\u0ba4\u0bbf\u0baf\u0bc1\u0b99\u0bcd\u0b95\u0bb3\u0bcd."},{"Verseid":"59002009","Verse":"\u0b9c\u0bc0\u0bb5\u0ba9\u0bc8 \u0bb5\u0bbf\u0bb0\u0bc1\u0bae\u0bcd\u0baa\u0bbf, \u0ba8\u0bb2\u0bcd\u0bb2 \u0ba8\u0bbe\u0b9f\u0bcd\u0b95\u0bb3\u0bc8\u0b95\u0bcd \u0b95\u0bbe\u0ba3\u0bb5\u0bc7\u0ba3\u0bcd\u0b9f\u0bc1\u0bae\u0bc6\u0ba9\u0bcd\u0bb1\u0bbf\u0bb0\u0bc1\u0b95\u0bcd\u0b95\u0bbf\u0bb1\u0bb5\u0ba9\u0bcd \u0baa\u0bca\u0bb2\u0bcd\u0bb2\u0bbe\u0baa\u0bcd\u0baa\u0bc1\u0b95\u0bcd\u0b95\u0bc1\u0ba4\u0bcd \u0ba4\u0ba9\u0bcd \u0ba8\u0bbe\u0bb5\u0bc8\u0baf\u0bc1\u0bae\u0bcd, \u0b95\u0baa\u0b9f\u0ba4\u0bcd\u0ba4\u0bc1\u0b95\u0bcd\u0b95\u0bc1\u0ba4\u0bcd \u0ba4\u0ba9\u0bcd \u0b89\u0ba4\u0b9f\u0bc1\u0b95\u0bb3\u0bc8\u0baf\u0bc1\u0bae\u0bcd \u0bb5\u0bbf\u0bb2\u0b95\u0bcd\u0b95\u0bbf\u0b95\u0bcd\u0b95\u0bbe\u0ba4\u0bcd\u0ba4\u0bc1,"},{"Verseid":"59002010","Verse":"\u0baa\u0bca\u0bb2\u0bcd\u0bb2\u0bbe\u0baa\u0bcd\u0baa\u0bc8\u0bb5\u0bbf\u0b9f\u0bcd\u0b9f\u0bc1 \u0ba8\u0bc0\u0b99\u0bcd\u0b95\u0bbf, \u0ba8\u0ba9\u0bcd\u0bae\u0bc8\u0b9a\u0bc6\u0baf\u0bcd\u0ba4\u0bc1, \u0b9a\u0bae\u0bbe\u0ba4\u0bbe\u0ba9\u0ba4\u0bcd\u0ba4\u0bc8\u0ba4\u0bcd \u0ba4\u0bc7\u0b9f\u0bbf, \u0b85\u0ba4\u0bc8\u0baa\u0bcd \u0baa\u0bbf\u0ba9\u0bcd\u0ba4\u0bca\u0b9f\u0bb0\u0b95\u0bcd\u0b95\u0b9f\u0bb5\u0ba9\u0bcd."},{"Verseid":"59002011","Verse":"\u0b95\u0bb0\u0bcd\u0ba4\u0bcd\u0ba4\u0bb0\u0bc1\u0b9f\u0bc8\u0baf \u0b95\u0ba3\u0bcd\u0b95\u0bb3\u0bcd \u0ba8\u0bc0\u0ba4\u0bbf\u0bae\u0bbe\u0ba9\u0bcd\u0b95\u0bb3\u0bcd\u0bae\u0bc7\u0bb2\u0bcd \u0ba8\u0bcb\u0b95\u0bcd\u0b95\u0bae\u0bbe\u0baf\u0bbf\u0bb0\u0bc1\u0b95\u0bcd\u0b95\u0bbf\u0bb1\u0ba4\u0bc1, \u0b85\u0bb5\u0bb0\u0bc1\u0b9f\u0bc8\u0baf \u0b9a\u0bc6\u0bb5\u0bbf\u0b95\u0bb3\u0bcd \u0b85\u0bb5\u0bb0\u0bcd\u0b95\u0bb3\u0bcd \u0bb5\u0bc7\u0ba3\u0bcd\u0b9f\u0bc1\u0ba4\u0bb2\u0bc1\u0b95\u0bcd\u0b95\u0bc1\u0b95\u0bcd \u0b95\u0bb5\u0ba9\u0bae\u0bbe\u0baf\u0bbf\u0bb0\u0bc1\u0b95\u0bcd\u0b95\u0bbf\u0bb1\u0ba4\u0bc1; \u0ba4\u0bc0\u0bae\u0bc8\u0b9a\u0bc6\u0baf\u0bcd\u0b95\u0bbf\u0bb1\u0bb5\u0bb0\u0bcd\u0b95\u0bb3\u0bc1\u0b95\u0bcd\u0b95\u0bcb \u0b95\u0bb0\u0bcd\u0ba4\u0bcd\u0ba4\u0bb0\u0bc1\u0b9f\u0bc8\u0baf \u0bae\u0bc1\u0b95\u0bae\u0bcd \u0bb5\u0bbf\u0bb0\u0bcb\u0ba4\u0bae\u0bbe\u0baf\u0bbf\u0bb0\u0bc1\u0b95\u0bcd\u0b95\u0bbf\u0bb1\u0ba4\u0bc1."},{"Verseid":"59002012","Verse":"\u0ba8\u0bc0\u0b99\u0bcd\u0b95\u0bb3\u0bcd \u0ba8\u0ba9\u0bcd\u0bae\u0bc8\u0baf\u0bc8\u0baa\u0bcd \u0baa\u0bbf\u0ba9\u0bcd\u0baa\u0bb1\u0bcd\u0bb1\u0bc1\u0b95\u0bbf\u0bb1\u0bb5\u0bb0\u0bcd\u0b95\u0bb3\u0bbe\u0ba9\u0bbe\u0bb2\u0bcd, \u0b89\u0b99\u0bcd\u0b95\u0bb3\u0bc1\u0b95\u0bcd\u0b95\u0bc1\u0ba4\u0bcd \u0ba4\u0bc0\u0bae\u0bc8\u0b9a\u0bc6\u0baf\u0bcd\u0b95\u0bbf\u0bb1\u0bb5\u0ba9\u0bcd \u0baf\u0bbe\u0bb0\u0bcd?"},{"Verseid":"59002013","Verse":"\u0ba8\u0bc0\u0ba4\u0bbf\u0baf\u0bbf\u0ba9\u0bbf\u0bae\u0bbf\u0ba4\u0bcd\u0ba4\u0bae\u0bbe\u0b95 \u0ba8\u0bc0\u0b99\u0bcd\u0b95\u0bb3\u0bcd \u0baa\u0bbe\u0b9f\u0bc1\u0baa\u0b9f\u0bcd\u0b9f\u0bbe\u0bb2\u0bcd \u0baa\u0bbe\u0b95\u0bcd\u0b95\u0bbf\u0baf\u0bb5\u0bbe\u0ba9\u0bcd\u0b95\u0bb3\u0bbe\u0baf\u0bbf\u0bb0\u0bc1\u0baa\u0bcd\u0baa\u0bc0\u0bb0\u0bcd\u0b95\u0bb3\u0bcd; \u0b85\u0bb5\u0bb0\u0bcd\u0b95\u0bb3\u0bc1\u0b9f\u0bc8\u0baf \u0baa\u0baf\u0bae\u0bc1\u0bb1\u0bc1\u0ba4\u0bcd\u0ba4\u0bb2\u0bc1\u0b95\u0bcd\u0b95\u0bc1 \u0ba8\u0bc0\u0b99\u0bcd\u0b95\u0bb3\u0bcd \u0baa\u0baf\u0baa\u0bcd\u0baa\u0b9f\u0bbe\u0bae\u0bb2\u0bc1\u0bae\u0bcd \u0b95\u0bb2\u0b99\u0bcd\u0b95\u0bbe\u0bae\u0bb2\u0bc1\u0bae\u0bcd \u0b87\u0bb0\u0bc1\u0ba8\u0bcd\u0ba4\u0bc1,"},{"Verseid":"59002014","Verse":"\u0b95\u0bb0\u0bcd\u0ba4\u0bcd\u0ba4\u0bb0\u0bbe\u0b95\u0bbf\u0baf \u0ba4\u0bc7\u0bb5\u0ba9\u0bc8 \u0b89\u0b99\u0bcd\u0b95\u0bb3\u0bcd \u0b87\u0bb0\u0bc1\u0ba4\u0baf\u0b99\u0bcd\u0b95\u0bb3\u0bbf\u0bb2\u0bcd \u0baa\u0bb0\u0bbf\u0b9a\u0bc1\u0ba4\u0bcd\u0ba4\u0bae\u0bcd\u0baa\u0ba3\u0bcd\u0ba3\u0bc1\u0b99\u0bcd\u0b95\u0bb3\u0bcd; \u0b89\u0b99\u0bcd\u0b95\u0bb3\u0bbf\u0bb2\u0bbf\u0bb0\u0bc1\u0b95\u0bcd\u0b95\u0bbf\u0bb1 \u0ba8\u0bae\u0bcd\u0baa\u0bbf\u0b95\u0bcd\u0b95\u0bc8\u0baf\u0bc8\u0b95\u0bcd\u0b95\u0bc1\u0bb1\u0bbf\u0ba4\u0bcd\u0ba4\u0bc1 \u0b89\u0b99\u0bcd\u0b95\u0bb3\u0bbf\u0b9f\u0ba4\u0bcd\u0ba4\u0bbf\u0bb2\u0bcd \u0bb5\u0bbf\u0b9a\u0bbe\u0bb0\u0bbf\u0ba4\u0bcd\u0ba4\u0bc1\u0b95\u0bcd \u0b95\u0bc7\u0b9f\u0bcd\u0b95\u0bbf\u0bb1 \u0baf\u0bbe\u0bb5\u0bb0\u0bc1\u0b95\u0bcd\u0b95\u0bc1\u0bae\u0bcd \u0b9a\u0bbe\u0ba8\u0bcd\u0ba4\u0ba4\u0bcd\u0ba4\u0bcb\u0b9f\u0bc1\u0bae\u0bcd \u0bb5\u0ba3\u0b95\u0bcd\u0b95\u0ba4\u0bcd\u0ba4\u0bcb\u0b9f\u0bc1\u0bae\u0bcd \u0b89\u0ba4\u0bcd\u0ba4\u0bb0\u0bb5\u0bc1\u0b9a\u0bca\u0bb2\u0bcd\u0bb2 \u0b8e\u0baa\u0bcd\u0baa\u0bca\u0bb4\u0bc1\u0ba4\u0bc1\u0bae\u0bcd \u0b86\u0baf\u0ba4\u0bcd\u0ba4\u0bae\u0bbe\u0baf\u0bbf\u0bb0\u0bc1\u0b99\u0bcd\u0b95\u0bb3\u0bcd."},{"Verseid":"59002015","Verse":"\u0b95\u0bbf\u0bb1\u0bbf\u0bb8\u0bcd\u0ba4\u0bc1\u0bb5\u0bc1\u0b95\u0bcd\u0b95\u0bc7\u0bb1\u0bcd\u0bb1 \u0b89\u0b99\u0bcd\u0b95\u0bb3\u0bcd \u0ba8\u0bb2\u0bcd\u0bb2 \u0ba8\u0b9f\u0b95\u0bcd\u0b95\u0bc8\u0baf\u0bc8\u0ba4\u0bcd \u0ba4\u0bc2\u0bb7\u0bbf\u0b95\u0bcd\u0b95\u0bbf\u0bb1\u0bb5\u0bb0\u0bcd\u0b95\u0bb3\u0bcd \u0b89\u0b99\u0bcd\u0b95\u0bb3\u0bc8 \u0b85\u0b95\u0bcd\u0b95\u0bbf\u0bb0\u0bae\u0b95\u0bcd\u0b95\u0bbe\u0bb0\u0bb0\u0bc6\u0ba9\u0bcd\u0bb1\u0bc1 \u0b89\u0b99\u0bcd\u0b95\u0bb3\u0bc1\u0b95\u0bcd\u0b95\u0bc1 \u0bb5\u0bbf\u0bb0\u0bcb\u0ba4\u0bae\u0bbe\u0baf\u0bcd\u0b9a\u0bcd \u0b9a\u0bca\u0bb2\u0bcd\u0bb2\u0bc1\u0b95\u0bbf\u0bb1 \u0bb5\u0bbf\u0bb7\u0baf\u0ba4\u0bcd\u0ba4\u0bbf\u0bb2\u0bcd \u0bb5\u0bc6\u0b9f\u0bcd\u0b95\u0baa\u0bcd\u0baa\u0b9f\u0bc1\u0bae\u0bcd\u0baa\u0b9f\u0bbf\u0b95\u0bcd\u0b95\u0bc1 \u0ba8\u0bb2\u0bcd\u0bae\u0ba9\u0b9a\u0bcd\u0b9a\u0bbe\u0b9f\u0bcd\u0b9a\u0bbf\u0baf\u0bc1\u0b9f\u0bc8\u0baf\u0bb5\u0bb0\u0bcd\u0b95\u0bb3\u0bbe\u0baf\u0bbf\u0bb0\u0bc1\u0b99\u0bcd\u0b95\u0bb3\u0bcd."},{"Verseid":"59002016","Verse":"\u0ba4\u0bc0\u0bae\u0bc8\u0b9a\u0bc6\u0baf\u0bcd\u0ba4\u0bc1 \u0baa\u0bbe\u0b9f\u0ba8\u0bc1\u0baa\u0bb5\u0bbf\u0baa\u0bcd\u0baa\u0ba4\u0bbf\u0bb2\u0bc1\u0bae\u0bcd, \u0ba4\u0bc7\u0bb5\u0ba9\u0bc1\u0b95\u0bcd\u0b95\u0bc1\u0b9a\u0bcd \u0b9a\u0bbf\u0ba4\u0bcd\u0ba4\u0bae\u0ba9\u0bbe\u0bb2\u0bcd, \u0ba8\u0ba9\u0bcd\u0bae\u0bc8\u0b9a\u0bc6\u0baf\u0bcd\u0ba4\u0bc1 \u0baa\u0bbe\u0b9f\u0ba8\u0bc1\u0baa\u0bb5\u0bbf\u0baa\u0bcd\u0baa\u0ba4\u0bc7 \u0bae\u0bc7\u0ba9\u0bcd\u0bae\u0bc8\u0baf\u0bbe\u0baf\u0bbf\u0bb0\u0bc1\u0b95\u0bcd\u0b95\u0bc1\u0bae\u0bcd."},{"Verseid":"59002017","Verse":"\u0b8f\u0ba9\u0bc6\u0ba9\u0bbf\u0bb2\u0bcd, \u0b95\u0bbf\u0bb1\u0bbf\u0bb8\u0bcd\u0ba4\u0bc1\u0bb5\u0bc1\u0bae\u0bcd \u0ba8\u0bae\u0bcd\u0bae\u0bc8\u0ba4\u0bcd \u0ba4\u0bc7\u0bb5\u0ba9\u0bbf\u0b9f\u0ba4\u0bcd\u0ba4\u0bbf\u0bb2\u0bcd \u0b9a\u0bc7\u0bb0\u0bcd\u0b95\u0bcd\u0b95\u0bc1\u0bae\u0bcd\u0baa\u0b9f\u0bbf \u0b85\u0ba8\u0bc0\u0ba4\u0bbf\u0baf\u0bc1\u0bb3\u0bcd\u0bb3\u0bb5\u0bb0\u0bcd\u0b95\u0bb3\u0bc1\u0b95\u0bcd\u0b95\u0bc1\u0baa\u0bcd \u0baa\u0ba4\u0bbf\u0bb2\u0bbe\u0b95 \u0ba8\u0bc0\u0ba4\u0bbf\u0baf\u0bc1\u0bb3\u0bcd\u0bb3\u0bb5\u0bb0\u0bbe\u0baf\u0bcd\u0baa\u0bcd \u0baa\u0bbe\u0bb5\u0b99\u0bcd\u0b95\u0bb3\u0bbf\u0ba9\u0bbf\u0bae\u0bbf\u0ba4\u0bcd\u0ba4\u0bae\u0bcd \u0b92\u0bb0\u0bc1\u0ba4\u0bb0\u0bae\u0bcd \u0baa\u0bbe\u0b9f\u0bc1\u0baa\u0b9f\u0bcd\u0b9f\u0bbe\u0bb0\u0bcd; \u0b85\u0bb5\u0bb0\u0bcd \u0bae\u0bbe\u0bae\u0bcd\u0b9a\u0ba4\u0bcd\u0ba4\u0bbf\u0bb2\u0bc7 \u0b95\u0bca\u0bb2\u0bc8\u0baf\u0bc1\u0ba3\u0bcd\u0b9f\u0bc1, \u0b86\u0bb5\u0bbf\u0baf\u0bbf\u0bb2\u0bc7 \u0b89\u0baf\u0bbf\u0bb0\u0bcd\u0baa\u0bcd\u0baa\u0bbf\u0b95\u0bcd\u0b95\u0baa\u0bcd\u0baa\u0b9f\u0bcd\u0b9f\u0bbe\u0bb0\u0bcd."},{"Verseid":"59002018","Verse":"\u0b85\u0ba8\u0bcd\u0ba4 \u0b86\u0bb5\u0bbf\u0baf\u0bbf\u0bb2\u0bc7 \u0b85\u0bb5\u0bb0\u0bcd \u0baa\u0bcb\u0baf\u0bcd\u0b95\u0bcd \u0b95\u0bbe\u0bb5\u0bb2\u0bbf\u0bb2\u0bc1\u0bb3\u0bcd\u0bb3 \u0b86\u0bb5\u0bbf\u0b95\u0bb3\u0bc1\u0b95\u0bcd\u0b95\u0bc1\u0baa\u0bcd \u0baa\u0bbf\u0bb0\u0b9a\u0b99\u0bcd\u0b95\u0bbf\u0ba4\u0bcd\u0ba4\u0bbe\u0bb0\u0bcd."},{"Verseid":"59002019","Verse":"\u0b85\u0ba8\u0bcd\u0ba4 \u0b86\u0bb5\u0bbf\u0b95\u0bb3\u0bcd, \u0baa\u0bc2\u0bb0\u0bcd\u0bb5\u0ba4\u0bcd\u0ba4\u0bbf\u0bb2\u0bc7 \u0ba8\u0bcb\u0bb5\u0bbe \u0baa\u0bc7\u0bb4\u0bc8\u0baf\u0bc8 \u0b86\u0baf\u0ba4\u0bcd\u0ba4\u0bae\u0bcd\u0baa\u0ba3\u0bcd\u0ba3\u0bc1\u0bae\u0bcd \u0ba8\u0bbe\u0b9f\u0bcd\u0b95\u0bb3\u0bbf\u0bb2\u0bc7, \u0ba4\u0bc7\u0bb5\u0ba9\u0bcd \u0ba8\u0bc0\u0b9f\u0bbf\u0baf \u0baa\u0bca\u0bb1\u0bc1\u0bae\u0bc8\u0baf\u0bcb\u0b9f\u0bc7 \u0b95\u0bbe\u0ba4\u0bcd\u0ba4\u0bbf\u0bb0\u0bc1\u0ba8\u0bcd\u0ba4\u0baa\u0bcb\u0ba4\u0bc1, \u0b95\u0bc0\u0bb4\u0bcd\u0baa\u0bcd\u0baa\u0b9f\u0bbf\u0baf\u0bbe\u0bae\u0bb1\u0bcd \u0baa\u0bcb\u0ba9\u0bb5\u0bc8\u0b95\u0bb3\u0bcd; \u0b85\u0ba8\u0bcd\u0ba4\u0baa\u0bcd \u0baa\u0bc7\u0bb4\u0bc8\u0baf\u0bbf\u0bb2\u0bc7 \u0b9a\u0bbf\u0bb2\u0bb0\u0bbe\u0b95\u0bbf\u0baf \u0b8e\u0b9f\u0bcd\u0b9f\u0bc1\u0baa\u0bcd\u0baa\u0bc7\u0bb0\u0bcd\u0bae\u0bbe\u0ba4\u0bcd\u0ba4\u0bbf\u0bb0\u0bae\u0bcd \u0baa\u0bbf\u0bb0\u0bb5\u0bc7\u0b9a\u0bbf\u0ba4\u0bcd\u0ba4\u0bc1 \u0b9c\u0bb2\u0ba4\u0bcd\u0ba4\u0bbf\u0ba9\u0bbe\u0bb2\u0bc7 \u0b95\u0bbe\u0b95\u0bcd\u0b95\u0baa\u0bcd\u0baa\u0b9f\u0bcd\u0b9f\u0bbe\u0bb0\u0bcd\u0b95\u0bb3\u0bcd."},{"Verseid":"59002020","Verse":"\u0b85\u0ba4\u0bb1\u0bcd\u0b95\u0bc1 \u0b92\u0baa\u0bcd\u0baa\u0ba9\u0bc8\u0baf\u0bbe\u0ba9 \u0b9e\u0bbe\u0ba9\u0bb8\u0bcd\u0ba8\u0bbe\u0ba9\u0bae\u0bbe\u0ba9\u0ba4\u0bc1, \u0bae\u0bbe\u0bae\u0bcd\u0b9a \u0b85\u0bb4\u0bc1\u0b95\u0bcd\u0b95\u0bc8 \u0ba8\u0bc0\u0b95\u0bcd\u0b95\u0bc1\u0ba4\u0bb2\u0bbe\u0baf\u0bbf\u0bb0\u0bbe\u0bae\u0bb2\u0bcd, \u0ba4\u0bc7\u0bb5\u0ba9\u0bc8\u0baa\u0bcd\u0baa\u0bb1\u0bcd\u0bb1\u0bc1\u0bae\u0bcd \u0ba8\u0bb2\u0bcd\u0bae\u0ba9\u0b9a\u0bcd\u0b9a\u0bbe\u0b9f\u0bcd\u0b9a\u0bbf\u0baf\u0bbf\u0ba9\u0bcd \u0b89\u0b9f\u0ba9\u0bcd\u0baa\u0b9f\u0bbf\u0b95\u0bcd\u0b95\u0bc8\u0baf\u0bbe\u0baf\u0bbf\u0bb0\u0bc1\u0ba8\u0bcd\u0ba4\u0bc1, \u0b87\u0baa\u0bcd\u0baa\u0bca\u0bb4\u0bc1\u0ba4\u0bc1 \u0ba8\u0bae\u0bcd\u0bae\u0bc8\u0baf\u0bc1\u0bae\u0bcd \u0b87\u0baf\u0bc7\u0b9a\u0bc1\u0b95\u0bbf\u0bb1\u0bbf\u0bb8\u0bcd\u0ba4\u0bc1\u0bb5\u0bbf\u0ba9\u0bc1\u0b9f\u0bc8\u0baf \u0b89\u0baf\u0bbf\u0bb0\u0bcd\u0ba4\u0bcd\u0ba4\u0bc6\u0bb4\u0bc1\u0ba4\u0bb2\u0bbf\u0ba9\u0bbe\u0bb2\u0bcd \u0b87\u0bb0\u0b9f\u0bcd\u0b9a\u0bbf\u0b95\u0bcd\u0b95\u0bbf\u0bb1\u0ba4\u0bc1;"},{"Verseid":"59002021","Verse":"\u0b85\u0bb5\u0bb0\u0bcd \u0baa\u0bb0\u0bb2\u0bcb\u0b95\u0ba4\u0bcd\u0ba4\u0bbf\u0bb1\u0bcd\u0b95\u0bc1\u0baa\u0bcd \u0baa\u0bcb\u0baf\u0bcd, \u0ba4\u0bc7\u0bb5\u0ba9\u0bc1\u0b9f\u0bc8\u0baf \u0bb5\u0bb2\u0ba4\u0bc1\u0baa\u0bbe\u0bb0\u0bbf\u0b9a\u0ba4\u0bcd\u0ba4\u0bbf\u0bb2\u0bcd \u0b87\u0bb0\u0bc1\u0b95\u0bcd\u0b95\u0bbf\u0bb1\u0bbe\u0bb0\u0bcd; \u0ba4\u0bc7\u0bb5\u0ba4\u0bc2\u0ba4\u0bb0\u0bcd\u0b95\u0bb3\u0bc1\u0bae\u0bcd \u0b85\u0ba4\u0bbf\u0b95\u0bbe\u0bb0\u0b99\u0bcd\u0b95\u0bb3\u0bc1\u0bae\u0bcd \u0bb5\u0bb2\u0bcd\u0bb2\u0bae\u0bc8\u0b95\u0bb3\u0bc1\u0bae\u0bcd \u0b85\u0bb5\u0bb0\u0bc1\u0b95\u0bcd\u0b95\u0bc1\u0b95\u0bcd \u0b95\u0bc0\u0bb4\u0bcd\u0baa\u0bcd\u0baa\u0b9f\u0bcd\u0b9f\u0bbf\u0bb0\u0bc1\u0b95\u0bcd\u0b95\u0bbf\u0bb1\u0ba4\u0bc1."}]},{"Verse":[{"Verseid":"59003000","Verse":"\u0b87\u0baa\u0bcd\u0baa\u0b9f\u0bbf\u0baf\u0bbf\u0bb0\u0bc1\u0b95\u0bcd\u0b95, \u0b95\u0bbf\u0bb1\u0bbf\u0bb8\u0bcd\u0ba4\u0bc1 \u0ba8\u0bae\u0b95\u0bcd\u0b95\u0bbe\u0b95 \u0bae\u0bbe\u0bae\u0bcd\u0b9a\u0ba4\u0bcd\u0ba4\u0bbf\u0bb2\u0bc7 \u0baa\u0bbe\u0b9f\u0bc1\u0baa\u0b9f\u0bcd\u0b9f\u0baa\u0b9f\u0bbf\u0baf\u0bbe\u0bb2\u0bcd, \u0ba8\u0bc0\u0b99\u0bcd\u0b95\u0bb3\u0bc1\u0bae\u0bcd \u0b85\u0baa\u0bcd\u0baa\u0b9f\u0bbf\u0baa\u0bcd\u0baa\u0b9f\u0bcd\u0b9f \u0b9a\u0bbf\u0ba8\u0bcd\u0ba4\u0bc8\u0baf\u0bc8 \u0b86\u0baf\u0bc1\u0ba4\u0bae\u0bbe\u0b95\u0ba4\u0bcd \u0ba4\u0bb0\u0bbf\u0ba4\u0bcd\u0ba4\u0bc1\u0b95\u0bcd\u0b95\u0bca\u0bb3\u0bcd\u0bb3\u0bc1\u0b99\u0bcd\u0b95\u0bb3\u0bcd."},{"Verseid":"59003001","Verse":"\u0b8f\u0ba9\u0bc6\u0ba9\u0bcd\u0bb1\u0bbe\u0bb2\u0bcd \u0bae\u0bbe\u0bae\u0bcd\u0b9a\u0ba4\u0bcd\u0ba4\u0bbf\u0bb2\u0bcd \u0baa\u0bbe\u0b9f\u0bc1\u0baa\u0b9f\u0bc1\u0b95\u0bbf\u0bb1\u0bb5\u0ba9\u0bcd \u0b87\u0ba9\u0bbf \u0bae\u0bbe\u0bae\u0bcd\u0b9a\u0ba4\u0bcd\u0ba4\u0bbf\u0bb2\u0bbf\u0bb0\u0bc1\u0b95\u0bcd\u0b95\u0bc1\u0bae\u0bcd \u0b95\u0bbe\u0bb2\u0bae\u0bcd\u0bb5\u0bb0\u0bc8\u0b95\u0bcd\u0b95\u0bc1\u0bae\u0bcd \u0bae\u0ba9\u0bc1\u0bb7\u0bb0\u0bc1\u0b9f\u0bc8\u0baf \u0b87\u0b9a\u0bcd\u0b9a\u0bc8\u0b95\u0bb3\u0bbf\u0ba9\u0bcd\u0baa\u0b9f\u0bbf \u0baa\u0bbf\u0bb4\u0bc8\u0b95\u0bcd\u0b95\u0bbe\u0bae\u0bb2\u0bcd \u0ba4\u0bc7\u0bb5\u0ba9\u0bc1\u0b9f\u0bc8\u0baf \u0b9a\u0bbf\u0ba4\u0bcd\u0ba4\u0ba4\u0bcd\u0ba4\u0bbf\u0ba9\u0bcd\u0baa\u0b9f\u0bbf\u0baf\u0bc7 \u0baa\u0bbf\u0bb4\u0bc8\u0b95\u0bcd\u0b95\u0ba4\u0bcd\u0ba4\u0b95\u0bcd\u0b95\u0ba4\u0bbe\u0b95\u0baa\u0bcd \u0baa\u0bbe\u0bb5\u0b99\u0bcd\u0b95\u0bb3\u0bc8 \u0bb5\u0bbf\u0b9f\u0bcd\u0b9f\u0bcb\u0baf\u0bcd\u0ba8\u0bcd\u0ba4\u0bbf\u0bb0\u0bc1\u0baa\u0bcd\u0baa\u0bbe\u0ba9\u0bcd."},{"Verseid":"59003002","Verse":"\u0b9a\u0bc6\u0ba9\u0bcd\u0bb1 \u0bb5\u0bbe\u0bb4\u0bcd\u0ba8\u0bbe\u0b9f\u0bcd \u0b95\u0bbe\u0bb2\u0ba4\u0bcd\u0ba4\u0bbf\u0bb2\u0bc7 \u0ba8\u0bbe\u0bae\u0bcd \u0baa\u0bc1\u0bb1\u0b9c\u0bbe\u0ba4\u0bbf\u0b95\u0bb3\u0bc1\u0b9f\u0bc8\u0baf \u0b87\u0bb7\u0bcd\u0b9f\u0ba4\u0bcd\u0ba4\u0bbf\u0ba9\u0bcd\u0baa\u0b9f\u0bbf \u0ba8\u0b9f\u0ba8\u0bcd\u0ba4\u0bc1\u0b95\u0bca\u0ba3\u0bcd\u0b9f\u0ba4\u0bc1 \u0baa\u0bcb\u0ba4\u0bc1\u0bae\u0bcd; \u0b85\u0baa\u0bcd\u0baa\u0bca\u0bb4\u0bc1\u0ba4\u0bc1 \u0ba8\u0bbe\u0bae\u0bcd \u0b95\u0bbe\u0bae\u0bb5\u0bbf\u0b95\u0bbe\u0bb0\u0ba4\u0bcd\u0ba4\u0bc8\u0baf\u0bc1\u0bae\u0bcd \u0ba4\u0bc1\u0bb0\u0bcd\u0b87\u0b9a\u0bcd\u0b9a\u0bc8\u0b95\u0bb3\u0bc8\u0baf\u0bc1\u0bae\u0bcd \u0ba8\u0b9f\u0baa\u0bcd\u0baa\u0bbf\u0ba4\u0bcd\u0ba4\u0bc1, \u0bae\u0ba4\u0bc1\u0baa\u0bbe\u0ba9\u0bae\u0bcd\u0baa\u0ba3\u0bcd\u0ba3\u0bbf, \u0b95\u0bb3\u0bbf\u0baf\u0bbe\u0b9f\u0bcd\u0b9f\u0bc1\u0b9a\u0bcd\u0b9a\u0bc6\u0baf\u0bcd\u0ba4\u0bc1, \u0bb5\u0bc6\u0bb1\u0bbf\u0b95\u0bca\u0ba3\u0bcd\u0b9f\u0bc1, \u0b85\u0bb0\u0bc1\u0bb5\u0bb0\u0bc1\u0baa\u0bcd\u0baa\u0bbe\u0ba9 \u0bb5\u0bbf\u0b95\u0bcd\u0b95\u0bbf\u0bb0\u0b95\u0bbe\u0bb0\u0bbe\u0ba4\u0ba9\u0bc8\u0baf\u0bc8\u0b9a\u0bcd \u0b9a\u0bc6\u0baf\u0bcd\u0ba4\u0bc1\u0bb5\u0ba8\u0bcd\u0ba4\u0bcb\u0bae\u0bcd."},{"Verseid":"59003003","Verse":"\u0b85\u0ba8\u0bcd\u0ba4\u0ba4\u0bcd \u0ba4\u0bc1\u0ba9\u0bcd\u0bae\u0bbe\u0bb0\u0bcd\u0b95\u0bcd\u0b95 \u0b89\u0bb3\u0bc8\u0baf\u0bbf\u0bb2\u0bc7 \u0b85\u0bb5\u0bb0\u0bcd\u0b95\u0bb3\u0bcb\u0b9f\u0bc7\u0b95\u0bc2\u0b9f \u0ba8\u0bc0\u0b99\u0bcd\u0b95\u0bb3\u0bcd \u0bb5\u0bbf\u0bb4\u0bbe\u0bae\u0bb2\u0bbf\u0bb0\u0bc1\u0b95\u0bcd\u0b95\u0bbf\u0bb1\u0ba4\u0bbf\u0ba9\u0bbe\u0bb2\u0bc7 \u0b85\u0bb5\u0bb0\u0bcd\u0b95\u0bb3\u0bcd \u0b86\u0b9a\u0bcd\u0b9a\u0bb0\u0bbf\u0baf\u0baa\u0bcd\u0baa\u0b9f\u0bcd\u0b9f\u0bc1, \u0b89\u0b99\u0bcd\u0b95\u0bb3\u0bc8\u0ba4\u0bcd \u0ba4\u0bc2\u0bb7\u0bbf\u0b95\u0bcd\u0b95\u0bbf\u0bb1\u0bbe\u0bb0\u0bcd\u0b95\u0bb3\u0bcd."},{"Verseid":"59003004","Verse":"\u0b89\u0baf\u0bbf\u0bb0\u0bcb\u0b9f\u0bbf\u0bb0\u0bc1\u0b95\u0bcd\u0b95\u0bbf\u0bb1\u0bb5\u0bb0\u0bcd\u0b95\u0bb3\u0bc1\u0b95\u0bcd\u0b95\u0bc1\u0bae\u0bcd \u0bae\u0bb0\u0bbf\u0ba4\u0bcd\u0ba4\u0bcb\u0bb0\u0bcd\u0b95\u0bb3\u0bc1\u0b95\u0bcd\u0b95\u0bc1\u0bae\u0bcd \u0ba8\u0bbf\u0baf\u0bbe\u0baf\u0ba4\u0bcd\u0ba4\u0bc0\u0bb0\u0bcd\u0baa\u0bcd\u0baa\u0bc1\u0b95\u0bcd\u0b95\u0bca\u0b9f\u0bc1\u0b95\u0bcd\u0b95 \u0b86\u0baf\u0ba4\u0bcd\u0ba4\u0bae\u0bbe\u0baf\u0bbf\u0bb0\u0bc1\u0b95\u0bcd\u0b95\u0bbf\u0bb1\u0bb5\u0bb0\u0bc1\u0b95\u0bcd\u0b95\u0bc1 \u0b85\u0bb5\u0bb0\u0bcd\u0b95\u0bb3\u0bcd \u0b95\u0ba3\u0b95\u0bcd\u0b95\u0bca\u0baa\u0bcd\u0baa\u0bc1\u0bb5\u0bbf\u0baa\u0bcd\u0baa\u0bbe\u0bb0\u0bcd\u0b95\u0bb3\u0bcd."},{"Verseid":"59003005","Verse":"\u0b87\u0ba4\u0bb1\u0bcd\u0b95\u0bbe\u0b95 \u0bae\u0bb0\u0bbf\u0ba4\u0bcd\u0ba4\u0bcb\u0bb0\u0bbe\u0ba9\u0bb5\u0bb0\u0bcd\u0b95\u0bb3\u0bcd, \u0bae\u0ba9\u0bc1\u0bb7\u0bb0\u0bcd \u0bae\u0bc1\u0ba9\u0bcd\u0baa\u0bbe\u0b95 \u0bae\u0bbe\u0bae\u0bcd\u0b9a\u0ba4\u0bcd\u0ba4\u0bbf\u0bb2\u0bc7 \u0b86\u0b95\u0bcd\u0b95\u0bbf\u0ba9\u0bc8\u0b95\u0bcd\u0b95\u0bc1\u0bb3\u0bcd\u0bb3\u0bbe\u0b95\u0bcd\u0b95\u0baa\u0bcd\u0baa\u0b9f\u0bcd\u0b9f\u0bbf\u0bb0\u0bc1\u0ba8\u0bcd\u0ba4\u0bc1, \u0ba4\u0bc7\u0bb5\u0ba9\u0bcd\u0bae\u0bc1\u0ba9\u0bcd\u0baa\u0bbe\u0b95 \u0b86\u0bb5\u0bbf\u0baf\u0bbf\u0bb2\u0bc7 \u0baa\u0bbf\u0bb4\u0bc8\u0b95\u0bcd\u0b95\u0bc1\u0bae\u0bcd\u0baa\u0b9f\u0bbf\u0baf\u0bbe\u0b95, \u0b85\u0bb5\u0bb0\u0bcd\u0b95\u0bb3\u0bc1\u0b95\u0bcd\u0b95\u0bc1\u0bae\u0bcd \u0b9a\u0bc1\u0bb5\u0bbf\u0b9a\u0bc7\u0bb7\u0bae\u0bcd \u0b85\u0bb1\u0bbf\u0bb5\u0bbf\u0b95\u0bcd\u0b95\u0baa\u0bcd\u0baa\u0b9f\u0bcd\u0b9f\u0ba4\u0bc1."},{"Verseid":"59003006","Verse":"\u0b8e\u0bb2\u0bcd\u0bb2\u0bbe\u0bb5\u0bb1\u0bcd\u0bb1\u0bbf\u0bb1\u0bcd\u0b95\u0bc1\u0bae\u0bcd \u0bae\u0bc1\u0b9f\u0bbf\u0bb5\u0bc1 \u0b9a\u0bae\u0bc0\u0baa\u0bae\u0bbe\u0baf\u0bbf\u0bb1\u0bcd\u0bb1\u0bc1; \u0b86\u0b95\u0bc8\u0baf\u0bbe\u0bb2\u0bcd \u0ba4\u0bc6\u0bb3\u0bbf\u0ba8\u0bcd\u0ba4 \u0baa\u0bc1\u0ba4\u0bcd\u0ba4\u0bbf\u0baf\u0bc1\u0bb3\u0bcd\u0bb3\u0bb5\u0bb0\u0bcd\u0b95\u0bb3\u0bbe\u0baf\u0bbf\u0bb0\u0bc1\u0ba8\u0bcd\u0ba4\u0bc1, \u0b9c\u0bc6\u0baa\u0bae\u0bcd\u0baa\u0ba3\u0bcd\u0ba3\u0bc1\u0bb5\u0ba4\u0bb1\u0bcd\u0b95\u0bc1 \u0b9c\u0bbe\u0b95\u0bcd\u0b95\u0bbf\u0bb0\u0ba4\u0bc8\u0baf\u0bc1\u0bb3\u0bcd\u0bb3\u0bb5\u0bb0\u0bcd\u0b95\u0bb3\u0bbe\u0baf\u0bbf\u0bb0\u0bc1\u0b99\u0bcd\u0b95\u0bb3\u0bcd."},{"Verseid":"59003007","Verse":"\u0b8e\u0bb2\u0bcd\u0bb2\u0bbe\u0bb5\u0bb1\u0bcd\u0bb1\u0bbf\u0bb1\u0bcd\u0b95\u0bc1\u0bae\u0bcd \u0bae\u0bc7\u0bb2\u0bbe\u0b95 \u0b92\u0bb0\u0bc1\u0bb5\u0bb0\u0bbf\u0bb2\u0bca\u0bb0\u0bc1\u0bb5\u0bb0\u0bcd \u0b8a\u0b95\u0bcd\u0b95\u0bae\u0bbe\u0ba9 \u0b85\u0ba9\u0bcd\u0baa\u0bc1\u0bb3\u0bcd\u0bb3\u0bb5\u0bb0\u0bcd\u0b95\u0bb3\u0bbe\u0baf\u0bbf\u0bb0\u0bc1\u0b99\u0bcd\u0b95\u0bb3\u0bcd; \u0b85\u0ba9\u0bcd\u0baa\u0bc1 \u0ba4\u0bbf\u0bb0\u0bb3\u0bbe\u0ba9 \u0baa\u0bbe\u0bb5\u0b99\u0bcd\u0b95\u0bb3\u0bc8 \u0bae\u0bc2\u0b9f\u0bc1\u0bae\u0bcd."},{"Verseid":"59003008","Verse":"\u0bae\u0bc1\u0bb1\u0bc1\u0bae\u0bc1\u0bb1\u0bc1\u0baa\u0bcd\u0baa\u0bbf\u0bb2\u0bcd\u0bb2\u0bbe\u0bae\u0bb2\u0bcd \u0b92\u0bb0\u0bc1\u0bb5\u0bb0\u0bc8\u0baf\u0bca\u0bb0\u0bc1\u0bb5\u0bb0\u0bcd \u0b89\u0baa\u0b9a\u0bb0\u0bbf\u0baf\u0bc1\u0b99\u0bcd\u0b95\u0bb3\u0bcd."},{"Verseid":"59003009","Verse":"\u0b85\u0bb5\u0ba9\u0bb5\u0ba9\u0bcd \u0baa\u0bc6\u0bb1\u0bcd\u0bb1 \u0bb5\u0bb0\u0ba4\u0bcd\u0ba4\u0bbf\u0ba9\u0bcd\u0baa\u0b9f\u0bbf\u0baf\u0bc7 \u0ba8\u0bc0\u0b99\u0bcd\u0b95\u0bb3\u0bcd \u0ba4\u0bc7\u0bb5\u0ba9\u0bc1\u0b9f\u0bc8\u0baf \u0baa\u0bb1\u0bcd\u0baa\u0bb2 \u0b95\u0bbf\u0bb0\u0bc1\u0baa\u0bc8\u0baf\u0bc1\u0bb3\u0bcd\u0bb3 \u0b88\u0bb5\u0bc1\u0b95\u0bb3\u0bc8\u0baa\u0bcd \u0baa\u0b95\u0bbf\u0bb0\u0bcd\u0ba8\u0bcd\u0ba4\u0bc1\u0b95\u0bca\u0b9f\u0bc1\u0b95\u0bcd\u0b95\u0bc1\u0bae\u0bcd \u0ba8\u0bb2\u0bcd\u0bb2 \u0b89\u0b95\u0bcd\u0b95\u0bbf\u0bb0\u0bbe\u0ba3\u0b95\u0bcd\u0b95\u0bbe\u0bb0\u0bb0\u0bcd\u0baa\u0bcb\u0bb2, \u0b92\u0bb0\u0bc1\u0bb5\u0bb0\u0bc1\u0b95\u0bcd\u0b95\u0bca\u0bb0\u0bc1\u0bb5\u0bb0\u0bcd \u0b89\u0ba4\u0bb5\u0bbf\u0b9a\u0bc6\u0baf\u0bcd\u0baf\u0bc1\u0b99\u0bcd\u0b95\u0bb3\u0bcd."},{"Verseid":"59003010","Verse":"\u0b92\u0bb0\u0bc1\u0bb5\u0ba9\u0bcd \u0baa\u0bcb\u0ba4\u0bbf\u0ba4\u0bcd\u0ba4\u0bbe\u0bb2\u0bcd \u0ba4\u0bc7\u0bb5\u0ba9\u0bc1\u0b9f\u0bc8\u0baf \u0bb5\u0bbe\u0b95\u0bcd\u0b95\u0bbf\u0baf\u0b99\u0bcd\u0b95\u0bb3\u0bbf\u0ba9\u0bcd\u0baa\u0b9f\u0bbf \u0baa\u0bcb\u0ba4\u0bbf\u0b95\u0bcd\u0b95\u0b95\u0bcd\u0b95\u0b9f\u0bb5\u0ba9\u0bcd; \u0b92\u0bb0\u0bc1\u0bb5\u0ba9\u0bcd \u0b89\u0ba4\u0bb5\u0bbf\u0b9a\u0bc6\u0baf\u0bcd\u0ba4\u0bbe\u0bb2\u0bcd \u0ba4\u0bc7\u0bb5\u0ba9\u0bcd \u0ba4\u0ba8\u0bcd\u0ba4\u0bb0\u0bc1\u0bb3\u0bc1\u0bae\u0bcd \u0baa\u0bc6\u0bb2\u0ba4\u0bcd\u0ba4\u0bbf\u0ba9\u0bcd\u0baa\u0b9f\u0bbf \u0b9a\u0bc6\u0baf\u0bcd\u0baf\u0b95\u0bcd\u0b95\u0b9f\u0bb5\u0ba9\u0bcd; \u0b8e\u0bb2\u0bcd\u0bb2\u0bbe\u0bb5\u0bb1\u0bcd\u0bb1\u0bbf\u0bb2\u0bc7\u0baf\u0bc1\u0bae\u0bcd \u0b87\u0baf\u0bc7\u0b9a\u0bc1\u0b95\u0bbf\u0bb1\u0bbf\u0bb8\u0bcd\u0ba4\u0bc1\u0bae\u0bc2\u0bb2\u0bae\u0bbe\u0baf\u0bcd \u0ba4\u0bc7\u0bb5\u0ba9\u0bcd \u0bae\u0b95\u0bbf\u0bae\u0bc8\u0baa\u0bcd\u0baa\u0b9f\u0bc1\u0bae\u0bcd\u0baa\u0b9f\u0bbf\u0baf\u0bc7 \u0b9a\u0bc6\u0baf\u0bcd\u0bb5\u0bc0\u0bb0\u0bcd\u0b95\u0bb3\u0bbe\u0b95; \u0b85\u0bb5\u0bb0\u0bc1\u0b95\u0bcd\u0b95\u0bc7 \u0bae\u0b95\u0bbf\u0bae\u0bc8\u0baf\u0bc1\u0bae\u0bcd \u0bb5\u0bb2\u0bcd\u0bb2\u0bae\u0bc8\u0baf\u0bc1\u0bae\u0bcd \u0b9a\u0ba4\u0bbe\u0b95\u0bbe\u0bb2\u0b99\u0bcd\u0b95\u0bb3\u0bbf\u0bb2\u0bc1\u0bae\u0bcd \u0b89\u0ba3\u0bcd\u0b9f\u0bbe\u0baf\u0bbf\u0bb0\u0bc1\u0baa\u0bcd\u0baa\u0ba4\u0bbe\u0b95. \u0b86\u0bae\u0bc6\u0ba9\u0bcd."},{"Verseid":"59003011","Verse":"\u0baa\u0bbf\u0bb0\u0bbf\u0baf\u0bae\u0bbe\u0ba9\u0bb5\u0bb0\u0bcd\u0b95\u0bb3\u0bc7, \u0b89\u0b99\u0bcd\u0b95\u0bb3\u0bc8\u0b9a\u0bcd \u0b9a\u0bcb\u0ba4\u0bbf\u0b95\u0bcd\u0b95\u0bc1\u0bae\u0bcd\u0baa\u0b9f\u0bbf \u0b89\u0b99\u0bcd\u0b95\u0bb3\u0bcd \u0ba8\u0b9f\u0bc1\u0bb5\u0bbf\u0bb2\u0bcd \u0baa\u0bb1\u0bcd\u0bb1\u0bbf\u0baf\u0bc6\u0bb0\u0bbf\u0b95\u0bbf\u0bb1 \u0b85\u0b95\u0bcd\u0b95\u0bbf\u0ba9\u0bbf\u0baf\u0bc8\u0b95\u0bcd\u0b95\u0bc1\u0bb1\u0bbf\u0ba4\u0bcd\u0ba4\u0bc1 \u0b8f\u0ba4\u0bcb \u0baa\u0bc1\u0ba4\u0bc1\u0bae\u0bc8\u0baf\u0bc6\u0ba9\u0bcd\u0bb1\u0bc1 \u0ba4\u0bbf\u0b95\u0bc8\u0baf\u0bbe\u0bae\u0bb2\u0bcd,"},{"Verseid":"59003012","Verse":"\u0b95\u0bbf\u0bb1\u0bbf\u0bb8\u0bcd\u0ba4\u0bc1\u0bb5\u0bbf\u0ba9\u0bcd \u0bae\u0b95\u0bbf\u0bae\u0bc8\u0bb5\u0bc6\u0bb3\u0bbf\u0baa\u0bcd\u0baa\u0b9f\u0bc1\u0bae\u0bcd\u0baa\u0bcb\u0ba4\u0bc1 \u0ba8\u0bc0\u0b99\u0bcd\u0b95\u0bb3\u0bcd \u0b95\u0bb3\u0bbf\u0b95\u0bc2\u0bb0\u0bcd\u0ba8\u0bcd\u0ba4\u0bc1 \u0bae\u0b95\u0bbf\u0bb4\u0bc1\u0bae\u0bcd\u0baa\u0b9f\u0bbf\u0baf\u0bbe\u0b95 \u0b85\u0bb5\u0bb0\u0bc1\u0b9f\u0bc8\u0baf \u0baa\u0bbe\u0b9f\u0bc1\u0b95\u0bb3\u0bc1\u0b95\u0bcd\u0b95\u0bc1 \u0ba8\u0bc0\u0b99\u0bcd\u0b95\u0bb3\u0bcd \u0baa\u0b99\u0bcd\u0b95\u0bbe\u0bb3\u0bbf\u0b95\u0bb3\u0bbe\u0ba9\u0ba4\u0bbe\u0bb2\u0bcd \u0b9a\u0ba8\u0bcd\u0ba4\u0bcb\u0bb7\u0baa\u0bcd\u0baa\u0b9f\u0bc1\u0b99\u0bcd\u0b95\u0bb3\u0bcd."},{"Verseid":"59003013","Verse":"\u0ba8\u0bc0\u0b99\u0bcd\u0b95\u0bb3\u0bcd \u0b95\u0bbf\u0bb1\u0bbf\u0bb8\u0bcd\u0ba4\u0bc1\u0bb5\u0bbf\u0ba9\u0bcd \u0ba8\u0bbe\u0bae\u0ba4\u0bcd\u0ba4\u0bbf\u0ba9\u0bbf\u0bae\u0bbf\u0ba4\u0bcd\u0ba4\u0bae\u0bcd \u0ba8\u0bbf\u0ba8\u0bcd\u0ba4\u0bbf\u0b95\u0bcd\u0b95\u0baa\u0bcd\u0baa\u0b9f\u0bcd\u0b9f\u0bbe\u0bb2\u0bcd \u0baa\u0bbe\u0b95\u0bcd\u0b95\u0bbf\u0baf\u0bb5\u0bbe\u0ba9\u0bcd\u0b95\u0bb3\u0bcd; \u0b8f\u0ba9\u0bc6\u0ba9\u0bcd\u0bb1\u0bbe\u0bb2\u0bcd \u0ba4\u0bc7\u0bb5\u0ba9\u0bc1\u0b9f\u0bc8\u0baf \u0b86\u0bb5\u0bbf\u0baf\u0bbe\u0b95\u0bbf\u0baf \u0bae\u0b95\u0bbf\u0bae\u0bc8\u0baf\u0bc1\u0bb3\u0bcd\u0bb3 \u0b86\u0bb5\u0bbf\u0baf\u0bbe\u0ba9\u0bb5\u0bb0\u0bcd \u0b89\u0b99\u0bcd\u0b95\u0bb3\u0bcd\u0bae\u0bc7\u0bb2\u0bcd \u0ba4\u0b99\u0bcd\u0b95\u0bbf\u0baf\u0bbf\u0bb0\u0bc1\u0b95\u0bcd\u0b95\u0bbf\u0bb1\u0bbe\u0bb0\u0bcd; \u0b85\u0bb5\u0bb0\u0bcd\u0b95\u0bb3\u0bbe\u0bb2\u0bc7 \u0ba4\u0bc2\u0bb7\u0bbf\u0b95\u0bcd\u0b95\u0baa\u0bcd\u0baa\u0b9f\u0bc1\u0b95\u0bbf\u0bb1\u0bbe\u0bb0\u0bcd; \u0b89\u0b99\u0bcd\u0b95\u0bb3\u0bbe\u0bb2\u0bc7 \u0bae\u0b95\u0bbf\u0bae\u0bc8\u0baa\u0bcd\u0baa\u0b9f\u0bc1\u0b95\u0bbf\u0bb1\u0bbe\u0bb0\u0bcd."},{"Verseid":"59003014","Verse":"\u0b86\u0ba4\u0bb2\u0bbe\u0bb2\u0bcd \u0b89\u0b99\u0bcd\u0b95\u0bb3\u0bbf\u0bb2\u0bcd \u0b92\u0bb0\u0bc1\u0bb5\u0ba9\u0bc1\u0bae\u0bcd \u0b95\u0bca\u0bb2\u0bc8\u0baa\u0bbe\u0ba4\u0b95\u0ba9\u0bbe\u0baf\u0bbe\u0bb5\u0ba4\u0bc1, \u0ba4\u0bbf\u0bb0\u0bc1\u0b9f\u0ba9\u0bbe\u0baf\u0bbe\u0bb5\u0ba4\u0bc1, \u0baa\u0bca\u0bb2\u0bcd\u0bb2\u0bbe\u0b99\u0bcd\u0b95\u0bc1 \u0b9a\u0bc6\u0baf\u0bcd\u0ba4\u0bb5\u0ba9\u0bbe\u0baf\u0bbe\u0bb5\u0ba4\u0bc1, \u0b85\u0ba8\u0bcd\u0ba8\u0bbf\u0baf \u0b95\u0bbe\u0bb0\u0bbf\u0baf\u0b99\u0bcd\u0b95\u0bb3\u0bbf\u0bb2\u0bcd \u0ba4\u0bb2\u0bc8\u0baf\u0bbf\u0b9f\u0bcd\u0b9f\u0bc1\u0b95\u0bcd\u0b95\u0bca\u0ba3\u0bcd\u0b9f\u0bb5\u0ba9\u0bbe\u0baf\u0bbe\u0bb5\u0ba4\u0bc1 \u0baa\u0bbe\u0b9f\u0bc1\u0baa\u0b9f\u0bc1\u0b95\u0bbf\u0bb1\u0bb5\u0ba9\u0bbe\u0baf\u0bbf\u0bb0\u0bc1\u0b95\u0bcd\u0b95\u0b95\u0bcd\u0b95\u0bc2\u0b9f\u0bbe\u0ba4\u0bc1."},{"Verseid":"59003015","Verse":"\u0b92\u0bb0\u0bc1\u0bb5\u0ba9\u0bcd \u0b95\u0bbf\u0bb1\u0bbf\u0bb8\u0bcd\u0ba4\u0bb5\u0ba9\u0bbe\u0baf\u0bbf\u0bb0\u0bc1\u0baa\u0bcd\u0baa\u0ba4\u0bbf\u0ba9\u0bbe\u0bb2\u0bcd \u0baa\u0bbe\u0b9f\u0bc1\u0baa\u0b9f\u0bcd\u0b9f\u0bbe\u0bb2\u0bcd \u0bb5\u0bc6\u0b9f\u0bcd\u0b95\u0baa\u0bcd\u0baa\u0b9f\u0bbe\u0bae\u0bb2\u0bbf\u0bb0\u0bc1\u0ba8\u0bcd\u0ba4\u0bc1, \u0b85\u0ba4\u0bbf\u0ba9\u0bbf\u0bae\u0bbf\u0ba4\u0bcd\u0ba4\u0bae\u0bcd \u0ba4\u0bc7\u0bb5\u0ba9\u0bc8 \u0bae\u0b95\u0bbf\u0bae\u0bc8\u0baa\u0bcd\u0baa\u0b9f\u0bc1\u0ba4\u0bcd\u0ba4\u0b95\u0bcd\u0b95\u0b9f\u0bb5\u0ba9\u0bcd."},{"Verseid":"59003016","Verse":"\u0ba8\u0bbf\u0baf\u0bbe\u0baf\u0ba4\u0bcd\u0ba4\u0bc0\u0bb0\u0bcd\u0baa\u0bcd\u0baa\u0bc1 \u0ba4\u0bc7\u0bb5\u0ba9\u0bc1\u0b9f\u0bc8\u0baf \u0bb5\u0bc0\u0b9f\u0bcd\u0b9f\u0bbf\u0bb2\u0bc7 \u0ba4\u0bc1\u0bb5\u0b95\u0bcd\u0b95\u0bc1\u0b99\u0bcd\u0b95\u0bbe\u0bb2\u0bae\u0bbe\u0baf\u0bbf\u0bb0\u0bc1\u0b95\u0bcd\u0b95\u0bbf\u0bb1\u0ba4\u0bc1; \u0bae\u0bc1\u0ba8\u0bcd\u0ba4\u0bbf \u0ba8\u0bae\u0bcd\u0bae\u0bbf\u0b9f\u0ba4\u0bcd\u0ba4\u0bbf\u0bb2\u0bc7 \u0b85\u0ba4\u0bc1 \u0ba4\u0bc1\u0bb5\u0b95\u0bcd\u0b95\u0bbf\u0ba9\u0bbe\u0bb2\u0bcd \u0ba4\u0bc7\u0bb5\u0ba9\u0bc1\u0b9f\u0bc8\u0baf \u0b9a\u0bc1\u0bb5\u0bbf\u0b9a\u0bc7\u0bb7\u0ba4\u0bcd\u0ba4\u0bbf\u0bb1\u0bcd\u0b95\u0bc1\u0b95\u0bcd \u0b95\u0bc0\u0bb4\u0bcd\u0baa\u0bcd\u0baa\u0b9f\u0bbf\u0baf\u0bbe\u0ba4\u0bb5\u0bb0\u0bcd\u0b95\u0bb3\u0bbf\u0ba9\u0bcd \u0bae\u0bc1\u0b9f\u0bbf\u0bb5\u0bc1 \u0b8e\u0ba9\u0bcd\u0ba9\u0bae\u0bbe\u0baf\u0bbf\u0bb0\u0bc1\u0b95\u0bcd\u0b95\u0bc1\u0bae\u0bcd?"},{"Verseid":"59003017","Verse":"\u0ba8\u0bc0\u0ba4\u0bbf\u0bae\u0bbe\u0ba9\u0bc7 \u0b87\u0bb0\u0b9f\u0bcd\u0b9a\u0bbf\u0b95\u0bcd\u0b95\u0baa\u0bcd\u0baa\u0b9f\u0bc1\u0bb5\u0ba4\u0bc1 \u0b85\u0bb0\u0bbf\u0ba4\u0bbe\u0ba9\u0bbe\u0bb2\u0bcd, \u0baa\u0b95\u0bcd\u0ba4\u0bbf\u0baf\u0bbf\u0bb2\u0bcd\u0bb2\u0bbe\u0ba4\u0bb5\u0ba9\u0bc1\u0bae\u0bcd \u0baa\u0bbe\u0bb5\u0bbf\u0baf\u0bc1\u0bae\u0bcd \u0b8e\u0b99\u0bcd\u0b95\u0bc7 \u0ba8\u0bbf\u0bb1\u0bcd\u0baa\u0bbe\u0ba9\u0bcd?"},{"Verseid":"59003018","Verse":"\u0b86\u0b95\u0bc8\u0baf\u0bbe\u0bb2\u0bcd \u0ba4\u0bc7\u0bb5\u0ba9\u0bc1\u0b9f\u0bc8\u0baf \u0b9a\u0bbf\u0ba4\u0bcd\u0ba4\u0ba4\u0bcd\u0ba4\u0bbf\u0ba9\u0bcd\u0baa\u0b9f\u0bbf \u0baa\u0bbe\u0b9f\u0ba8\u0bc1\u0baa\u0bb5\u0bbf\u0b95\u0bcd\u0b95\u0bbf\u0bb1\u0bb5\u0bb0\u0bcd\u0b95\u0bb3\u0bcd \u0ba8\u0ba9\u0bcd\u0bae\u0bc8\u0b9a\u0bc6\u0baf\u0bcd\u0b95\u0bbf\u0bb1\u0bb5\u0bb0\u0bcd\u0b95\u0bb3\u0bbe\u0baf\u0bcd\u0ba4\u0bcd \u0ba4\u0b99\u0bcd\u0b95\u0bb3\u0bcd \u0b86\u0ba4\u0bcd\u0ba4\u0bc1\u0bae\u0bbe\u0b95\u0bcd\u0b95\u0bb3\u0bc8 \u0b89\u0ba3\u0bcd\u0bae\u0bc8\u0baf\u0bc1\u0bb3\u0bcd\u0bb3 \u0b9a\u0bbf\u0bb0\u0bc1\u0bb7\u0bcd\u0b9f\u0bbf\u0b95\u0bb0\u0bcd\u0ba4\u0bcd\u0ba4\u0bbe\u0bb5\u0bbe\u0b95\u0bbf\u0baf \u0b85\u0bb5\u0bb0\u0bc1\u0b95\u0bcd\u0b95\u0bc1 \u0b92\u0baa\u0bcd\u0baa\u0bc1\u0b95\u0bcd\u0b95\u0bca\u0b9f\u0bc1\u0b95\u0bcd\u0b95\u0b95\u0bcd\u0b95\u0b9f\u0bb5\u0bb0\u0bcd\u0b95\u0bb3\u0bcd."}]},{"Verse":[{"Verseid":"59004000","Verse":"\u0b89\u0b99\u0bcd\u0b95\u0bb3\u0bbf\u0bb2\u0bc1\u0bb3\u0bcd\u0bb3 \u0bae\u0bc2\u0baa\u0bcd\u0baa\u0bb0\u0bc1\u0b95\u0bcd\u0b95\u0bc1 \u0b89\u0b9f\u0ba9\u0bcd\u0bae\u0bc2\u0baa\u0bcd\u0baa\u0ba9\u0bc1\u0bae\u0bcd, \u0b95\u0bbf\u0bb1\u0bbf\u0bb8\u0bcd\u0ba4\u0bc1\u0bb5\u0bbf\u0ba9\u0bcd \u0baa\u0bbe\u0b9f\u0bc1\u0b95\u0bb3\u0bc1\u0b95\u0bcd\u0b95\u0bc1\u0b9a\u0bcd \u0b9a\u0bbe\u0b9f\u0bcd\u0b9a\u0bbf\u0baf\u0bc1\u0bae\u0bcd, \u0b87\u0ba9\u0bbf \u0bb5\u0bc6\u0bb3\u0bbf\u0baa\u0bcd\u0baa\u0b9f\u0bc1\u0bae\u0bcd \u0bae\u0b95\u0bbf\u0bae\u0bc8\u0b95\u0bcd\u0b95\u0bc1\u0baa\u0bcd \u0baa\u0b99\u0bcd\u0b95\u0bbe\u0bb3\u0bbf\u0baf\u0bc1\u0bae\u0bbe\u0baf\u0bbf\u0bb0\u0bc1\u0b95\u0bcd\u0b95\u0bbf\u0bb1 \u0ba8\u0bbe\u0ba9\u0bcd \u0baa\u0bc1\u0ba4\u0bcd\u0ba4\u0bbf\u0b9a\u0bca\u0bb2\u0bcd\u0bb2\u0bc1\u0b95\u0bbf\u0bb1\u0ba4\u0bc6\u0ba9\u0bcd\u0ba9\u0bb5\u0bc6\u0ba9\u0bcd\u0bb1\u0bbe\u0bb2\u0bcd:"},{"Verseid":"59004001","Verse":"\u0b89\u0b99\u0bcd\u0b95\u0bb3\u0bbf\u0b9f\u0ba4\u0bcd\u0ba4\u0bbf\u0bb2\u0bc1\u0bb3\u0bcd\u0bb3 \u0ba4\u0bc7\u0bb5\u0ba9\u0bc1\u0b9f\u0bc8\u0baf \u0bae\u0ba8\u0bcd\u0ba4\u0bc8\u0baf\u0bc8 \u0ba8\u0bc0\u0b99\u0bcd\u0b95\u0bb3\u0bcd \u0bae\u0bc7\u0baf\u0bcd\u0ba4\u0bcd\u0ba4\u0bc1, \u0b95\u0b9f\u0bcd\u0b9f\u0bbe\u0baf\u0bae\u0bbe\u0baf\u0bcd \u0b85\u0bb2\u0bcd\u0bb2, \u0bae\u0ba9\u0baa\u0bcd\u0baa\u0bc2\u0bb0\u0bcd\u0bb5\u0bae\u0bbe\u0baf\u0bc1\u0bae\u0bcd, \u0b85\u0bb5\u0bb2\u0b9f\u0bcd\u0b9a\u0ba3\u0bae\u0bbe\u0ba9 \u0b86\u0ba4\u0bbe\u0baf\u0ba4\u0bcd\u0ba4\u0bbf\u0bb1\u0bcd\u0b95\u0bbe\u0b95 \u0b85\u0bb2\u0bcd\u0bb2, \u0b89\u0bb1\u0bcd\u0b9a\u0bbe\u0b95 \u0bae\u0ba9\u0ba4\u0bcb\u0b9f\u0bc1\u0bae\u0bcd,"},{"Verseid":"59004002","Verse":"\u0b9a\u0bc1\u0ba4\u0ba8\u0bcd\u0ba4\u0bb0\u0ba4\u0bcd\u0ba4\u0bc8 \u0b87\u0bb1\u0bc1\u0bae\u0bbe\u0baa\u0bcd\u0baa\u0bbe\u0baf\u0bcd \u0b86\u0bb3\u0bc1\u0b95\u0bbf\u0bb1\u0bb5\u0bb0\u0bcd\u0b95\u0bb3\u0bbe\u0b95 \u0b85\u0bb2\u0bcd\u0bb2, \u0bae\u0ba8\u0bcd\u0ba4\u0bc8\u0b95\u0bcd\u0b95\u0bc1 \u0bae\u0bbe\u0ba4\u0bbf\u0bb0\u0bbf\u0b95\u0bb3\u0bbe\u0b95\u0bb5\u0bc1\u0bae\u0bcd, \u0b95\u0ba3\u0bcd\u0b95\u0bbe\u0ba3\u0bbf\u0baa\u0bcd\u0baa\u0bc1\u0b9a\u0bcd \u0b9a\u0bc6\u0baf\u0bcd\u0baf\u0bc1\u0b99\u0bcd\u0b95\u0bb3\u0bcd."},{"Verseid":"59004003","Verse":"\u0b85\u0baa\u0bcd\u0baa\u0b9f\u0bbf\u0b9a\u0bcd \u0b9a\u0bc6\u0baf\u0bcd\u0ba4\u0bbe\u0bb2\u0bcd \u0baa\u0bbf\u0bb0\u0ba4\u0bbe\u0ba9 \u0bae\u0bc7\u0baf\u0bcd\u0baa\u0bcd\u0baa\u0bb0\u0bcd \u0bb5\u0bc6\u0bb3\u0bbf\u0baa\u0bcd\u0baa\u0b9f\u0bc1\u0bae\u0bcd\u0baa\u0bcb\u0ba4\u0bc1 \u0bae\u0b95\u0bbf\u0bae\u0bc8\u0baf\u0bc1\u0bb3\u0bcd\u0bb3 \u0bb5\u0bbe\u0b9f\u0bbe\u0ba4 \u0b95\u0bbf\u0bb0\u0bc0\u0b9f\u0ba4\u0bcd\u0ba4\u0bc8\u0baa\u0bcd \u0baa\u0bc6\u0bb1\u0bc1\u0bb5\u0bc0\u0bb0\u0bcd\u0b95\u0bb3\u0bcd."},{"Verseid":"59004004","Verse":"\u0b85\u0ba8\u0bcd\u0ba4\u0baa\u0bcd\u0baa\u0b9f\u0bbf, \u0b87\u0bb3\u0bc8\u0b9e\u0bb0\u0bc7, \u0bae\u0bc2\u0baa\u0bcd\u0baa\u0bb0\u0bc1\u0b95\u0bcd\u0b95\u0bc1\u0b95\u0bcd \u0b95\u0bc0\u0bb4\u0bcd\u0baa\u0bcd\u0baa\u0b9f\u0bbf\u0baf\u0bc1\u0b99\u0bcd\u0b95\u0bb3\u0bcd. \u0ba8\u0bc0\u0b99\u0bcd\u0b95\u0bb3\u0bc6\u0bb2\u0bcd\u0bb2\u0bbe\u0bb0\u0bc1\u0bae\u0bcd \u0b92\u0bb0\u0bc1\u0bb5\u0bb0\u0bc1\u0b95\u0bcd\u0b95\u0bca\u0bb0\u0bc1\u0bb5\u0bb0\u0bcd \u0b95\u0bc0\u0bb4\u0bcd\u0baa\u0bcd\u0baa\u0b9f\u0bbf\u0ba8\u0bcd\u0ba4\u0bc1, \u0bae\u0ba9\u0ba4\u0bcd\u0ba4\u0bbe\u0bb4\u0bcd\u0bae\u0bc8\u0baf\u0bc8 \u0b85\u0ba3\u0bbf\u0ba8\u0bcd\u0ba4\u0bc1\u0b95\u0bca\u0bb3\u0bcd\u0bb3\u0bc1\u0b99\u0bcd\u0b95\u0bb3\u0bcd; \u0baa\u0bc6\u0bb0\u0bc1\u0bae\u0bc8\u0baf\u0bc1\u0bb3\u0bcd\u0bb3\u0bb5\u0bb0\u0bcd\u0b95\u0bb3\u0bc1\u0b95\u0bcd\u0b95\u0bc1\u0ba4\u0bcd \u0ba4\u0bc7\u0bb5\u0ba9\u0bcd \u0b8e\u0ba4\u0bbf\u0bb0\u0bcd\u0ba4\u0bcd\u0ba4\u0bc1 \u0ba8\u0bbf\u0bb1\u0bcd\u0b95\u0bbf\u0bb1\u0bbe\u0bb0\u0bcd, \u0ba4\u0bbe\u0bb4\u0bcd\u0bae\u0bc8\u0baf\u0bc1\u0bb3\u0bcd\u0bb3\u0bb5\u0bb0\u0bcd\u0b95\u0bb3\u0bc1\u0b95\u0bcd\u0b95\u0bcb \u0b95\u0bbf\u0bb0\u0bc1\u0baa\u0bc8 \u0b85\u0bb3\u0bbf\u0b95\u0bcd\u0b95\u0bbf\u0bb1\u0bbe\u0bb0\u0bcd."},{"Verseid":"59004005","Verse":"\u0b86\u0b95\u0bc8\u0baf\u0bbe\u0bb2\u0bcd, \u0b8f\u0bb1\u0bcd\u0bb1\u0b95\u0bbe\u0bb2\u0ba4\u0bcd\u0ba4\u0bbf\u0bb2\u0bc7 \u0ba4\u0bc7\u0bb5\u0ba9\u0bcd \u0b89\u0b99\u0bcd\u0b95\u0bb3\u0bc8 \u0b89\u0baf\u0bb0\u0bcd\u0ba4\u0bcd\u0ba4\u0bc1\u0bae\u0bcd\u0baa\u0b9f\u0bbf\u0b95\u0bcd\u0b95\u0bc1, \u0b85\u0bb5\u0bb0\u0bc1\u0b9f\u0bc8\u0baf \u0baa\u0bb2\u0ba4\u0bcd\u0ba4 \u0b95\u0bc8\u0b95\u0bcd\u0b95\u0bc1\u0bb3\u0bcd \u0b85\u0b9f\u0b99\u0bcd\u0b95\u0bbf\u0baf\u0bbf\u0bb0\u0bc1\u0b99\u0bcd\u0b95\u0bb3\u0bcd."},{"Verseid":"59004006","Verse":"\u0b85\u0bb5\u0bb0\u0bcd \u0b89\u0b99\u0bcd\u0b95\u0bb3\u0bc8 \u0bb5\u0bbf\u0b9a\u0bbe\u0bb0\u0bbf\u0b95\u0bcd\u0b95\u0bbf\u0bb1\u0bb5\u0bb0\u0bbe\u0ba9\u0baa\u0b9f\u0bbf\u0baf\u0bbe\u0bb2\u0bcd, \u0b89\u0b99\u0bcd\u0b95\u0bb3\u0bcd \u0b95\u0bb5\u0bb2\u0bc8\u0b95\u0bb3\u0bc8\u0baf\u0bc6\u0bb2\u0bcd\u0bb2\u0bbe\u0bae\u0bcd \u0b85\u0bb5\u0bb0\u0bcd\u0bae\u0bc7\u0bb2\u0bcd \u0bb5\u0bc8\u0ba4\u0bcd\u0ba4\u0bc1\u0bb5\u0bbf\u0b9f\u0bc1\u0b99\u0bcd\u0b95\u0bb3\u0bcd."},{"Verseid":"59004007","Verse":"\u0ba4\u0bc6\u0bb3\u0bbf\u0ba8\u0bcd\u0ba4 \u0baa\u0bc1\u0ba4\u0bcd\u0ba4\u0bbf\u0baf\u0bc1\u0bb3\u0bcd\u0bb3\u0bb5\u0bb0\u0bcd\u0b95\u0bb3\u0bbe\u0baf\u0bbf\u0bb0\u0bc1\u0b99\u0bcd\u0b95\u0bb3\u0bcd, \u0bb5\u0bbf\u0bb4\u0bbf\u0ba4\u0bcd\u0ba4\u0bbf\u0bb0\u0bc1\u0b99\u0bcd\u0b95\u0bb3\u0bcd; \u0b8f\u0ba9\u0bc6\u0ba9\u0bbf\u0bb2\u0bcd, \u0b89\u0b99\u0bcd\u0b95\u0bb3\u0bcd \u0b8e\u0ba4\u0bbf\u0bb0\u0bbe\u0bb3\u0bbf\u0baf\u0bbe\u0b95\u0bbf\u0baf \u0baa\u0bbf\u0b9a\u0bbe\u0b9a\u0bbe\u0ba9\u0bb5\u0ba9\u0bcd \u0b95\u0bc6\u0bb0\u0bcd\u0b9a\u0bcd\u0b9a\u0bbf\u0b95\u0bcd\u0b95\u0bbf\u0bb1 \u0b9a\u0bbf\u0b99\u0bcd\u0b95\u0bae\u0bcd\u0baa\u0bcb\u0bb2\u0bcd \u0b8e\u0bb5\u0ba9\u0bc8 \u0bb5\u0bbf\u0bb4\u0bc1\u0b99\u0bcd\u0b95\u0bb2\u0bbe\u0bae\u0bcb \u0b8e\u0ba9\u0bcd\u0bb1\u0bc1 \u0bb5\u0b95\u0bc8\u0ba4\u0bc7\u0b9f\u0bbf\u0b9a\u0bcd \u0b9a\u0bc1\u0bb1\u0bcd\u0bb1\u0bbf\u0ba4\u0bcd\u0ba4\u0bbf\u0bb0\u0bbf\u0b95\u0bbf\u0bb1\u0bbe\u0ba9\u0bcd."},{"Verseid":"59004008","Verse":"\u0bb5\u0bbf\u0b9a\u0bc1\u0bb5\u0bbe\u0b9a\u0ba4\u0bcd\u0ba4\u0bbf\u0bb2\u0bcd \u0b89\u0bb1\u0bc1\u0ba4\u0bbf\u0baf\u0bbe\u0baf\u0bbf\u0bb0\u0bc1\u0ba8\u0bcd\u0ba4\u0bc1, \u0b85\u0bb5\u0ba9\u0bc1\u0b95\u0bcd\u0b95\u0bc1 \u0b8e\u0ba4\u0bbf\u0bb0\u0bcd\u0ba4\u0bcd\u0ba4\u0bc1 \u0ba8\u0bbf\u0bb2\u0bcd\u0bb2\u0bc1\u0b99\u0bcd\u0b95\u0bb3\u0bcd; \u0b89\u0bb2\u0b95\u0ba4\u0bcd\u0ba4\u0bbf\u0bb2\u0bc1\u0bb3\u0bcd\u0bb3 \u0b89\u0b99\u0bcd\u0b95\u0bb3\u0bcd \u0b9a\u0b95\u0bcb\u0ba4\u0bb0\u0bb0\u0bbf\u0b9f\u0ba4\u0bcd\u0ba4\u0bbf\u0bb2\u0bc7 \u0b85\u0baa\u0bcd\u0baa\u0b9f\u0bbf\u0baa\u0bcd\u0baa\u0b9f\u0bcd\u0b9f \u0baa\u0bbe\u0b9f\u0bc1\u0b95\u0bb3\u0bcd \u0ba8\u0bbf\u0bb1\u0bc8\u0bb5\u0bc7\u0bb1\u0bbf\u0bb5\u0bb0\u0bc1\u0b95\u0bbf\u0bb1\u0ba4\u0bc6\u0ba9\u0bcd\u0bb1\u0bc1 \u0b85\u0bb1\u0bbf\u0ba8\u0bcd\u0ba4\u0bbf\u0bb0\u0bc1\u0b95\u0bcd\u0b95\u0bbf\u0bb1\u0bc0\u0bb0\u0bcd\u0b95\u0bb3\u0bc7."},{"Verseid":"59004009","Verse":"\u0b95\u0bbf\u0bb1\u0bbf\u0bb8\u0bcd\u0ba4\u0bc1 \u0b87\u0baf\u0bc7\u0b9a\u0bc1\u0bb5\u0bc1\u0b95\u0bcd\u0b95\u0bc1\u0bb3\u0bcd \u0ba8\u0bae\u0bcd\u0bae\u0bc8\u0ba4\u0bcd \u0ba4\u0bae\u0ba4\u0bc1 \u0ba8\u0bbf\u0ba4\u0bcd\u0ba4\u0bbf\u0baf \u0bae\u0b95\u0bbf\u0bae\u0bc8\u0b95\u0bcd\u0b95\u0bc1 \u0b85\u0bb4\u0bc8\u0ba4\u0bcd\u0ba4\u0bb5\u0bb0\u0bbe\u0baf\u0bbf\u0bb0\u0bc1\u0b95\u0bcd\u0b95\u0bbf\u0bb1 \u0b9a\u0b95\u0bb2 \u0b95\u0bbf\u0bb0\u0bc1\u0baa\u0bc8\u0baf\u0bc1\u0bae\u0bcd \u0baa\u0bca\u0bb0\u0bc1\u0ba8\u0bcd\u0ba4\u0bbf\u0baf \u0ba4\u0bc7\u0bb5\u0ba9\u0bcd\u0ba4\u0bbe\u0bae\u0bc7 \u0b95\u0bca\u0b9e\u0bcd\u0b9a\u0b95\u0bcd\u0b95\u0bbe\u0bb2\u0bae\u0bcd \u0baa\u0bbe\u0b9f\u0ba8\u0bc1\u0baa\u0bb5\u0bbf\u0b95\u0bcd\u0b95\u0bbf\u0bb1 \u0b89\u0b99\u0bcd\u0b95\u0bb3\u0bc8\u0b9a\u0bcd \u0b9a\u0bc0\u0bb0\u0bcd\u0baa\u0bcd\u0baa\u0b9f\u0bc1\u0ba4\u0bcd\u0ba4\u0bbf, \u0bb8\u0bcd\u0ba4\u0bbf\u0bb0\u0baa\u0bcd\u0baa\u0b9f\u0bc1\u0ba4\u0bcd\u0ba4\u0bbf, \u0baa\u0bb2\u0baa\u0bcd\u0baa\u0b9f\u0bc1\u0ba4\u0bcd\u0ba4\u0bbf, \u0ba8\u0bbf\u0bb2\u0bc8\u0ba8\u0bbf\u0bb1\u0bc1\u0ba4\u0bcd\u0ba4\u0bc1\u0bb5\u0bbe\u0bb0\u0bbe\u0b95;"},{"Verseid":"59004010","Verse":"\u0b85\u0bb5\u0bb0\u0bc1\u0b95\u0bcd\u0b95\u0bc1 \u0bae\u0b95\u0bbf\u0bae\u0bc8\u0baf\u0bc1\u0bae\u0bcd \u0bb5\u0bb2\u0bcd\u0bb2\u0bae\u0bc8\u0baf\u0bc1\u0bae\u0bcd \u0b9a\u0ba4\u0bbe\u0b95\u0bbe\u0bb2\u0b99\u0bcd\u0b95\u0bb3\u0bbf\u0bb2\u0bc1\u0bae\u0bcd \u0b89\u0ba3\u0bcd\u0b9f\u0bbe\u0baf\u0bbf\u0bb0\u0bc1\u0baa\u0bcd\u0baa\u0ba4\u0bbe\u0b95. \u0b86\u0bae\u0bc6\u0ba9\u0bcd."},{"Verseid":"59004011","Verse":"\u0b89\u0b99\u0bcd\u0b95\u0bb3\u0bc1\u0b95\u0bcd\u0b95\u0bc1\u0baa\u0bcd \u0baa\u0bc1\u0ba4\u0bcd\u0ba4\u0bbf\u0b9a\u0bca\u0bb2\u0bcd\u0bb2\u0bc1\u0bae\u0bcd\u0baa\u0b9f\u0bbf\u0b95\u0bcd\u0b95\u0bc1\u0bae\u0bcd, \u0ba8\u0bc0\u0b99\u0bcd\u0b95\u0bb3\u0bcd \u0ba8\u0bbf\u0bb2\u0bc8\u0b95\u0bca\u0ba3\u0bcd\u0b9f\u0bc1 \u0ba8\u0bbf\u0bb1\u0bcd\u0b95\u0bbf\u0bb1 \u0b95\u0bbf\u0bb0\u0bc1\u0baa\u0bc8 \u0ba4\u0bc7\u0bb5\u0ba9\u0bc1\u0b9f\u0bc8\u0baf \u0bae\u0bc6\u0baf\u0bcd\u0baf\u0bbe\u0ba9 \u0b95\u0bbf\u0bb0\u0bc1\u0baa\u0bc8\u0ba4\u0bbe\u0ba9\u0bc6\u0ba9\u0bcd\u0bb1\u0bc1 \u0b9a\u0bbe\u0b9f\u0bcd\u0b9a\u0bbf\u0baf\u0bbf\u0b9f\u0bc1\u0bae\u0bcd\u0baa\u0b9f\u0bbf\u0b95\u0bcd\u0b95\u0bc1\u0bae\u0bcd, \u0ba8\u0bbe\u0ba9\u0bcd \u0b9a\u0bc1\u0bb0\u0bc1\u0b95\u0bcd\u0b95\u0bae\u0bbe\u0baf\u0bcd \u0b89\u0b99\u0bcd\u0b95\u0bb3\u0bc1\u0b95\u0bcd\u0b95\u0bc1 \u0b8e\u0bb4\u0bc1\u0ba4\u0bbf, \u0b8e\u0ba9\u0b95\u0bcd\u0b95\u0bc1\u0ba4\u0bcd \u0ba4\u0bcb\u0ba9\u0bcd\u0bb1\u0bc1\u0b95\u0bbf\u0bb1\u0baa\u0b9f\u0bbf \u0b89\u0ba3\u0bcd\u0bae\u0bc8\u0baf\u0bc1\u0bb3\u0bcd\u0bb3 \u0b9a\u0b95\u0bcb\u0ba4\u0bb0\u0ba9\u0bbe\u0b95\u0bbf\u0baf \u0b9a\u0bbf\u0bb2\u0bcd\u0bb5\u0bbe\u0ba9\u0bc1\u0bb5\u0bbf\u0ba9\u0bcd \u0b95\u0bc8\u0baf\u0bbf\u0bb2\u0bc7 \u0b95\u0bca\u0b9f\u0bc1\u0ba4\u0bcd\u0ba4\u0bc1 \u0b85\u0ba9\u0bc1\u0baa\u0bcd\u0baa\u0bbf\u0baf\u0bbf\u0bb0\u0bc1\u0b95\u0bcd\u0b95\u0bbf\u0bb1\u0bc7\u0ba9\u0bcd."},{"Verseid":"59004012","Verse":"\u0b89\u0b99\u0bcd\u0b95\u0bb3\u0bc1\u0b9f\u0ba9\u0bc7\u0b95\u0bc2\u0b9f\u0ba4\u0bcd \u0ba4\u0bc6\u0bb0\u0bbf\u0ba8\u0bcd\u0ba4\u0bc1\u0b95\u0bca\u0bb3\u0bcd\u0bb3\u0baa\u0bcd\u0baa\u0b9f\u0bcd\u0b9f\u0bbf\u0bb0\u0bc1\u0b95\u0bcd\u0b95\u0bbf\u0bb1 \u0baa\u0bbe\u0baa\u0bbf\u0bb2\u0bcb\u0ba9\u0bbf\u0bb2\u0bc1\u0bb3\u0bcd\u0bb3 \u0b9a\u0baa\u0bc8\u0baf\u0bc1\u0bae\u0bcd, \u0b8e\u0ba9\u0bcd \u0b95\u0bc1\u0bae\u0bbe\u0bb0\u0ba9\u0bbe\u0b95\u0bbf\u0baf \u0bae\u0bbe\u0bb1\u0bcd\u0b95\u0bc1\u0bae\u0bcd \u0b89\u0b99\u0bcd\u0b95\u0bb3\u0bc1\u0b95\u0bcd\u0b95\u0bc1 \u0bb5\u0bbe\u0bb4\u0bcd\u0ba4\u0bcd\u0ba4\u0bc1\u0ba4\u0bb2\u0bcd \u0b9a\u0bca\u0bb2\u0bcd\u0bb2\u0bc1\u0b95\u0bbf\u0bb1\u0bbe\u0bb0\u0bcd\u0b95\u0bb3\u0bcd."},{"Verseid":"59004013","Verse":"\u0b92\u0bb0\u0bc1\u0bb5\u0bb0\u0bc8\u0baf\u0bca\u0bb0\u0bc1\u0bb5\u0bb0\u0bcd \u0b85\u0ba9\u0bcd\u0baa\u0bbf\u0ba9\u0bcd \u0bae\u0bc1\u0ba4\u0bcd\u0ba4\u0ba4\u0bcd\u0ba4\u0bcb\u0b9f\u0bc7 \u0bb5\u0bbe\u0bb4\u0bcd\u0ba4\u0bcd\u0ba4\u0bc1\u0ba4\u0bb2\u0bcd \u0b9a\u0bc6\u0baf\u0bcd\u0baf\u0bc1\u0b99\u0bcd\u0b95\u0bb3\u0bcd. \u0b95\u0bbf\u0bb1\u0bbf\u0bb8\u0bcd\u0ba4\u0bc1 \u0b87\u0baf\u0bc7\u0b9a\u0bc1\u0bb5\u0bc1\u0b95\u0bcd\u0b95\u0bc1\u0bb3\u0bcd\u0bb3\u0bbe\u0ba9 \u0b89\u0b99\u0bcd\u0b95\u0bb3\u0bcd \u0b85\u0ba9\u0bc8\u0bb5\u0bb0\u0bc1\u0b95\u0bcd\u0b95\u0bc1\u0bae\u0bcd \u0b9a\u0bae\u0bbe\u0ba4\u0bbe\u0ba9\u0bae\u0bc1\u0ba3\u0bcd\u0b9f\u0bbe\u0bb5\u0ba4\u0bbe\u0b95. \u0b86\u0bae\u0bc6\u0ba9\u0bcd."}]}]}