{"Chapter":[{"Verse":[{"Verseid":"60000000","Verse":"\u0ba8\u0bae\u0bcd\u0bae\u0bc1\u0b9f\u0bc8\u0baf \u0ba4\u0bc7\u0bb5\u0ba9\u0bc1\u0bae\u0bcd \u0b87\u0bb0\u0b9f\u0bcd\u0b9a\u0b95\u0bb0\u0bc1\u0bae\u0bbe\u0baf\u0bbf\u0bb0\u0bc1\u0b95\u0bcd\u0b95\u0bbf\u0bb1 \u0b87\u0baf\u0bc7\u0b9a\u0bc1\u0b95\u0bbf\u0bb1\u0bbf\u0bb8\u0bcd\u0ba4\u0bc1\u0bb5\u0bbf\u0ba9\u0bc1\u0b9f\u0bc8\u0baf \u0ba8\u0bc0\u0ba4\u0bbf\u0baf\u0bbe\u0bb2\u0bcd \u0b8e\u0b99\u0bcd\u0b95\u0bb3\u0bc8\u0baa\u0bcd\u0baa\u0bcb\u0bb2 \u0b85\u0bb0\u0bc1\u0bae\u0bc8\u0baf\u0bbe\u0ba9 \u0bb5\u0bbf\u0b9a\u0bc1\u0bb5\u0bbe\u0b9a\u0ba4\u0bcd\u0ba4\u0bc8\u0baa\u0bcd \u0baa\u0bc6\u0bb1\u0bcd\u0bb1\u0bb5\u0bb0\u0bcd\u0b95\u0bb3\u0bc1\u0b95\u0bcd\u0b95\u0bc1, \u0b87\u0baf\u0bc7\u0b9a\u0bc1\u0b95\u0bbf\u0bb1\u0bbf\u0bb8\u0bcd\u0ba4\u0bc1\u0bb5\u0bbf\u0ba9\u0bcd \u0b8a\u0bb4\u0bbf\u0baf\u0b95\u0bcd\u0b95\u0bbe\u0bb0\u0ba9\u0bc1\u0bae\u0bcd \u0b85\u0baa\u0bcd\u0baa\u0bcb\u0bb8\u0bcd\u0ba4\u0bb2\u0ba9\u0bc1\u0bae\u0bbe\u0b95\u0bbf\u0baf \u0b9a\u0bc0\u0bae\u0bcb\u0ba9\u0bcd \u0baa\u0bc7\u0ba4\u0bc1\u0bb0\u0bc1 \u0b8e\u0bb4\u0bc1\u0ba4\u0bc1\u0b95\u0bbf\u0bb1\u0ba4\u0bbe\u0bb5\u0ba4\u0bc1:"},{"Verseid":"60000001","Verse":"\u0ba4\u0bc7\u0bb5\u0ba9\u0bc8\u0baf\u0bc1\u0bae\u0bcd \u0ba8\u0bae\u0bcd\u0bae\u0bc1\u0b9f\u0bc8\u0baf \u0b95\u0bb0\u0bcd\u0ba4\u0bcd\u0ba4\u0bb0\u0bbe\u0b95\u0bbf\u0baf \u0b87\u0baf\u0bc7\u0b9a\u0bc1\u0bb5\u0bc8\u0baf\u0bc1\u0bae\u0bcd \u0b85\u0bb1\u0bbf\u0b95\u0bbf\u0bb1 \u0b85\u0bb1\u0bbf\u0bb5\u0bbf\u0ba9\u0bbe\u0bb2\u0bcd \u0b89\u0b99\u0bcd\u0b95\u0bb3\u0bc1\u0b95\u0bcd\u0b95\u0bc1\u0b95\u0bcd \u0b95\u0bbf\u0bb0\u0bc1\u0baa\u0bc8\u0baf\u0bc1\u0bae\u0bcd \u0b9a\u0bae\u0bbe\u0ba4\u0bbe\u0ba9\u0bae\u0bc1\u0bae\u0bcd \u0baa\u0bc6\u0bb0\u0bc1\u0b95\u0b95\u0bcd\u0b95\u0b9f\u0bb5\u0ba4\u0bc1."},{"Verseid":"60000002","Verse":"\u0ba4\u0bae\u0bcd\u0bae\u0bc1\u0b9f\u0bc8\u0baf \u0bae\u0b95\u0bbf\u0bae\u0bc8\u0baf\u0bbf\u0ba9\u0bbe\u0bb2\u0bc1\u0bae\u0bcd \u0b95\u0bbe\u0bb0\u0bc1\u0ba3\u0bbf\u0baf\u0ba4\u0bcd\u0ba4\u0bbf\u0ba9\u0bbe\u0bb2\u0bc1\u0bae\u0bcd \u0ba8\u0bae\u0bcd\u0bae\u0bc8 \u0b85\u0bb4\u0bc8\u0ba4\u0bcd\u0ba4\u0bb5\u0bb0\u0bc8 \u0b85\u0bb1\u0bbf\u0b95\u0bbf\u0bb1 \u0b85\u0bb1\u0bbf\u0bb5\u0bbf\u0ba9\u0bbe\u0bb2\u0bc7 \u0b9c\u0bc0\u0bb5\u0ba9\u0bc1\u0b95\u0bcd\u0b95\u0bc1\u0bae\u0bcd \u0ba4\u0bc7\u0bb5\u0baa\u0b95\u0bcd\u0ba4\u0bbf\u0b95\u0bcd\u0b95\u0bc1\u0bae\u0bcd \u0bb5\u0bc7\u0ba3\u0bcd\u0b9f\u0bbf\u0baf \u0baf\u0bbe\u0bb5\u0bb1\u0bcd\u0bb1\u0bc8\u0baf\u0bc1\u0bae\u0bcd. \u0b85\u0bb5\u0bb0\u0bc1\u0b9f\u0bc8\u0baf \u0ba4\u0bbf\u0bb5\u0bcd\u0bb5\u0bbf\u0baf \u0bb5\u0bb2\u0bcd\u0bb2\u0bae\u0bc8\u0baf\u0bbe\u0ba9\u0ba4\u0bc1 \u0ba8\u0bae\u0b95\u0bcd\u0b95\u0bc1\u0ba4\u0bcd \u0ba4\u0ba8\u0bcd\u0ba4\u0bb0\u0bc1\u0bb3\u0bbf\u0ba9\u0ba4\u0bc1\u0bae\u0ba9\u0bcd\u0bb1\u0bbf,"},{"Verseid":"60000003","Verse":"\u0b87\u0b9a\u0bcd\u0b9a\u0bc8\u0baf\u0bbf\u0ba9\u0bbe\u0bb2\u0bcd \u0b89\u0bb2\u0b95\u0ba4\u0bcd\u0ba4\u0bbf\u0bb2\u0bc1\u0ba3\u0bcd\u0b9f\u0bbe\u0ba9 \u0b95\u0bc7\u0b9f\u0bcd\u0b9f\u0bc1\u0b95\u0bcd\u0b95\u0bc1\u0ba4\u0bcd \u0ba4\u0baa\u0bcd\u0baa\u0bbf, \u0ba4\u0bbf\u0bb5\u0bcd\u0bb5\u0bbf\u0baf \u0b9a\u0bc1\u0baa\u0bbe\u0bb5\u0ba4\u0bcd\u0ba4\u0bc1\u0b95\u0bcd\u0b95\u0bc1\u0baa\u0bcd \u0baa\u0b99\u0bcd\u0b95\u0bc1\u0bb3\u0bcd\u0bb3\u0bb5\u0bb0\u0bcd\u0b95\u0bb3\u0bbe\u0b95\u0bc1\u0bae\u0bcd\u0baa\u0bca\u0bb0\u0bc1\u0b9f\u0bcd\u0b9f\u0bc1, \u0bae\u0b95\u0bbe \u0bae\u0bc7\u0ba9\u0bcd\u0bae\u0bc8\u0baf\u0bc1\u0bae\u0bcd \u0b85\u0bb0\u0bc1\u0bae\u0bc8\u0baf\u0bc1\u0bae\u0bbe\u0ba9 \u0bb5\u0bbe\u0b95\u0bcd\u0b95\u0bc1\u0ba4\u0bcd\u0ba4\u0ba4\u0bcd\u0ba4\u0b99\u0bcd\u0b95\u0bb3\u0bc1\u0bae\u0bcd \u0b85\u0bb5\u0bc8\u0b95\u0bb3\u0bbf\u0ba9\u0bbe\u0bb2\u0bc7 \u0ba8\u0bae\u0b95\u0bcd\u0b95\u0bc1 \u0b85\u0bb3\u0bbf\u0b95\u0bcd\u0b95\u0baa\u0bcd\u0baa\u0b9f\u0bcd\u0b9f\u0bbf\u0bb0\u0bc1\u0b95\u0bcd\u0b95\u0bbf\u0bb1\u0ba4\u0bc1."},{"Verseid":"60000004","Verse":"\u0b87\u0baa\u0bcd\u0baa\u0b9f\u0bbf\u0baf\u0bbf\u0bb0\u0bc1\u0b95\u0bcd\u0b95, \u0ba8\u0bc0\u0b99\u0bcd\u0b95\u0bb3\u0bcd \u0b85\u0ba4\u0bbf\u0b95 \u0b9c\u0bbe\u0b95\u0bcd\u0b95\u0bbf\u0bb0\u0ba4\u0bc8\u0baf\u0bc1\u0bb3\u0bcd\u0bb3\u0bb5\u0bb0\u0bcd\u0b95\u0bb3\u0bbe\u0baf\u0bcd \u0b89\u0b99\u0bcd\u0b95\u0bb3\u0bcd \u0bb5\u0bbf\u0b9a\u0bc1\u0bb5\u0bbe\u0b9a\u0ba4\u0bcd\u0ba4\u0bcb\u0b9f\u0bc7 \u0ba4\u0bc8\u0bb0\u0bbf\u0baf\u0ba4\u0bcd\u0ba4\u0bc8\u0baf\u0bc1\u0bae\u0bcd, \u0ba4\u0bc8\u0bb0\u0bbf\u0baf\u0ba4\u0bcd\u0ba4\u0bcb\u0b9f\u0bc7 \u0b9e\u0bbe\u0ba9\u0ba4\u0bcd\u0ba4\u0bc8\u0baf\u0bc1\u0bae\u0bcd,"},{"Verseid":"60000005","Verse":"\u0b9e\u0bbe\u0ba9\u0ba4\u0bcd\u0ba4\u0bcb\u0b9f\u0bc7 \u0b87\u0b9a\u0bcd\u0b9a\u0bc8\u0baf\u0b9f\u0b95\u0bcd\u0b95\u0ba4\u0bcd\u0ba4\u0bc8\u0baf\u0bc1\u0bae\u0bcd, \u0b87\u0b9a\u0bcd\u0b9a\u0bc8\u0baf\u0b9f\u0b95\u0bcd\u0b95\u0ba4\u0bcd\u0ba4\u0bcb\u0b9f\u0bc7 \u0baa\u0bca\u0bb1\u0bc1\u0bae\u0bc8\u0baf\u0bc8\u0baf\u0bc1\u0bae\u0bcd, \u0baa\u0bca\u0bb1\u0bc1\u0bae\u0bc8\u0baf\u0bcb\u0b9f\u0bc7 \u0ba4\u0bc7\u0bb5\u0baa\u0b95\u0bcd\u0ba4\u0bbf\u0baf\u0bc8\u0baf\u0bc1\u0bae\u0bcd,"},{"Verseid":"60000006","Verse":"\u0ba4\u0bc7\u0bb5\u0baa\u0b95\u0bcd\u0ba4\u0bbf\u0baf\u0bcb\u0b9f\u0bc7 \u0b9a\u0b95\u0bcb\u0ba4\u0bb0 \u0b9a\u0bbf\u0ba8\u0bc7\u0b95\u0ba4\u0bcd\u0ba4\u0bc8\u0baf\u0bc1\u0bae\u0bcd, \u0b9a\u0b95\u0bcb\u0ba4\u0bb0 \u0b9a\u0bbf\u0ba8\u0bc7\u0b95\u0ba4\u0bcd\u0ba4\u0bcb\u0b9f\u0bc7 \u0b85\u0ba9\u0bcd\u0baa\u0bc8\u0baf\u0bc1\u0bae\u0bcd \u0b95\u0bc2\u0b9f\u0bcd\u0b9f\u0bbf \u0bb5\u0bb4\u0b99\u0bcd\u0b95\u0bc1\u0b99\u0bcd\u0b95\u0bb3\u0bcd."},{"Verseid":"60000007","Verse":"\u0b87\u0bb5\u0bc8\u0b95\u0bb3\u0bcd \u0b89\u0b99\u0bcd\u0b95\u0bb3\u0bc1\u0b95\u0bcd\u0b95\u0bc1 \u0b89\u0ba3\u0bcd\u0b9f\u0bbe\u0baf\u0bbf\u0bb0\u0bc1\u0ba8\u0bcd\u0ba4\u0bc1 \u0baa\u0bc6\u0bb0\u0bc1\u0b95\u0bbf\u0ba9\u0bbe\u0bb2\u0bcd, \u0b89\u0b99\u0bcd\u0b95\u0bb3\u0bc8 \u0ba8\u0bae\u0bcd\u0bae\u0bc1\u0b9f\u0bc8\u0baf \u0b95\u0bb0\u0bcd\u0ba4\u0bcd\u0ba4\u0bb0\u0bbe\u0b95\u0bbf\u0baf \u0b87\u0baf\u0bc7\u0b9a\u0bc1\u0b95\u0bbf\u0bb1\u0bbf\u0bb8\u0bcd\u0ba4\u0bc1\u0bb5\u0bc8 \u0b85\u0bb1\u0bbf\u0b95\u0bbf\u0bb1 \u0b85\u0bb1\u0bbf\u0bb5\u0bbf\u0bb2\u0bc7 \u0bb5\u0bc0\u0ba3\u0bb0\u0bc1\u0bae\u0bcd \u0b95\u0ba9\u0bbf\u0baf\u0bb1\u0bcd\u0bb1\u0bb5\u0bb0\u0bcd\u0b95\u0bb3\u0bc1\u0bae\u0bbe\u0baf\u0bbf\u0bb0\u0bc1\u0b95\u0bcd\u0b95\u0bb5\u0bca\u0b9f\u0bcd\u0b9f\u0bbe\u0ba4\u0bc1."},{"Verseid":"60000008","Verse":"\u0b87\u0bb5\u0bc8\u0b95\u0bb3\u0bcd \u0b87\u0bb2\u0bcd\u0bb2\u0bbe\u0ba4\u0bb5\u0ba9\u0bcd \u0b8e\u0bb5\u0ba9\u0bcb, \u0b85\u0bb5\u0ba9\u0bcd \u0bae\u0bc1\u0ba9\u0bcd\u0b9a\u0bc6\u0baf\u0bcd\u0ba4 \u0baa\u0bbe\u0bb5\u0b99\u0bcd\u0b95\u0bb3\u0bb1\u0ba4\u0bcd \u0ba4\u0bbe\u0ba9\u0bcd \u0b9a\u0bc1\u0ba4\u0bcd\u0ba4\u0bbf\u0b95\u0bb0\u0bbf\u0b95\u0bcd\u0b95\u0baa\u0bcd\u0baa\u0b9f\u0bcd\u0b9f\u0ba4\u0bc8 \u0bae\u0bb1\u0ba8\u0bcd\u0ba4\u0bc1 \u0b95\u0ba3\u0bcd\u0b9a\u0bca\u0bb0\u0bc1\u0b95\u0bbf\u0baa\u0bcd\u0baa\u0bcb\u0ba9 \u0b95\u0bc1\u0bb0\u0bc1\u0b9f\u0ba9\u0bbe\u0baf\u0bbf\u0bb0\u0bc1\u0b95\u0bcd\u0b95\u0bbf\u0bb1\u0bbe\u0ba9\u0bcd."},{"Verseid":"60000009","Verse":"\u0b86\u0b95\u0bc8\u0baf\u0bbe\u0bb2\u0bcd, \u0b9a\u0b95\u0bcb\u0ba4\u0bb0\u0bb0\u0bc7, \u0b89\u0b99\u0bcd\u0b95\u0bb3\u0bcd \u0b85\u0bb4\u0bc8\u0baa\u0bcd\u0baa\u0bc8\u0baf\u0bc1\u0bae\u0bcd \u0ba4\u0bc6\u0bb0\u0bbf\u0ba8\u0bcd\u0ba4\u0bc1\u0b95\u0bca\u0bb3\u0bcd\u0bb3\u0bc1\u0ba4\u0bb2\u0bc8\u0baf\u0bc1\u0bae\u0bcd \u0b89\u0bb1\u0bc1\u0ba4\u0bbf\u0baf\u0bbe\u0b95\u0bcd\u0b95\u0bc1\u0bae\u0bcd\u0baa\u0b9f\u0bbf \u0b9c\u0bbe\u0b95\u0bcd\u0b95\u0bbf\u0bb0\u0ba4\u0bc8\u0baf\u0bbe\u0baf\u0bbf\u0bb0\u0bc1\u0b99\u0bcd\u0b95\u0bb3\u0bcd; \u0b87\u0bb5\u0bc8\u0b95\u0bb3\u0bc8 \u0b9a\u0bc6\u0baf\u0bcd\u0ba4\u0bbe\u0bb2\u0bcd \u0ba8\u0bc0\u0b99\u0bcd\u0b95\u0bb3\u0bcd \u0b92\u0bb0\u0bc1\u0b95\u0bcd\u0b95\u0bbe\u0bb2\u0bc1\u0bae\u0bcd \u0b87\u0b9f\u0bb1\u0bbf\u0bb5\u0bbf\u0bb4\u0bc1\u0bb5\u0ba4\u0bbf\u0bb2\u0bcd\u0bb2\u0bc8."},{"Verseid":"60000010","Verse":"\u0b87\u0bb5\u0bcd\u0bb5\u0bbf\u0ba4\u0bae\u0bbe\u0baf\u0bcd, \u0ba8\u0bae\u0bcd\u0bae\u0bc1\u0b9f\u0bc8\u0baf \u0b95\u0bb0\u0bcd\u0ba4\u0bcd\u0ba4\u0bb0\u0bc1\u0bae\u0bcd \u0b87\u0bb0\u0b9f\u0bcd\u0b9a\u0b95\u0bb0\u0bc1\u0bae\u0bbe\u0b95\u0bbf\u0baf \u0b87\u0baf\u0bc7\u0b9a\u0bc1\u0b95\u0bbf\u0bb1\u0bbf\u0bb8\u0bcd\u0ba4\u0bc1\u0bb5\u0bbf\u0ba9\u0bc1\u0b9f\u0bc8\u0baf \u0ba8\u0bbf\u0ba4\u0bcd\u0ba4\u0bbf\u0baf \u0bb0\u0bbe\u0b9c\u0bcd\u0baf\u0ba4\u0bcd\u0ba4\u0bc1\u0b95\u0bcd\u0b95\u0bc1\u0b9f\u0bcd\u0baa\u0b9f\u0bc1\u0bae\u0bcd\u0baa\u0bbf\u0bb0\u0bb5\u0bc7\u0b9a\u0bae\u0bcd \u0b89\u0b99\u0bcd\u0b95\u0bb3\u0bc1\u0b95\u0bcd\u0b95\u0bc1\u0baa\u0bcd \u0baa\u0bb0\u0bbf\u0baa\u0bc2\u0bb0\u0ba3\u0bae\u0bbe\u0baf\u0bcd \u0b85\u0bb3\u0bbf\u0b95\u0bcd\u0b95\u0baa\u0bcd\u0baa\u0b9f\u0bc1\u0bae\u0bcd."},{"Verseid":"60000011","Verse":"\u0b87\u0ba4\u0bbf\u0ba9\u0bbf\u0bae\u0bbf\u0ba4\u0bcd\u0ba4\u0bae\u0bcd, \u0b87\u0bb5\u0bc8\u0b95\u0bb3\u0bc8 \u0ba8\u0bc0\u0b99\u0bcd\u0b95\u0bb3\u0bcd \u0b85\u0bb1\u0bbf\u0ba8\u0bcd\u0ba4\u0bc1\u0bae\u0bcd, \u0ba8\u0bc0\u0b99\u0bcd\u0b95\u0bb3\u0bcd \u0b87\u0baa\u0bcd\u0baa\u0bca\u0bb4\u0bc1\u0ba4\u0bc1 \u0b85\u0bb1\u0bbf\u0ba8\u0bcd\u0ba4\u0bbf\u0bb0\u0bc1\u0b95\u0bcd\u0b95\u0bbf\u0bb1 \u0b9a\u0ba4\u0bcd\u0ba4\u0bbf\u0baf\u0ba4\u0bcd\u0ba4\u0bbf\u0bb2\u0bcd \u0b89\u0bb1\u0bc1\u0ba4\u0bbf\u0baa\u0bcd\u0baa\u0b9f\u0bcd\u0b9f\u0bbf\u0bb0\u0bc1\u0ba8\u0bcd\u0ba4\u0bc1\u0bae\u0bcd, \u0b89\u0b99\u0bcd\u0b95\u0bb3\u0bc1\u0b95\u0bcd\u0b95\u0bc1 \u0b87\u0bb5\u0bc8\u0b95\u0bb3\u0bc8 \u0b8e\u0baa\u0bcd\u0baa\u0bca\u0bb4\u0bc1\u0ba4\u0bc1\u0bae\u0bcd \u0ba8\u0bbf\u0ba9\u0bc8\u0baa\u0bcd\u0baa\u0bc2\u0b9f\u0bcd\u0b9f \u0ba8\u0bbe\u0ba9\u0bcd \u0b85\u0b9a\u0ba4\u0bbf\u0baf\u0bbe\u0baf\u0bbf\u0bb0\u0bc7\u0ba9\u0bcd."},{"Verseid":"60000012","Verse":"\u0ba8\u0bae\u0bcd\u0bae\u0bc1\u0b9f\u0bc8\u0baf \u0b95\u0bb0\u0bcd\u0ba4\u0bcd\u0ba4\u0bb0\u0bbe\u0b95\u0bbf\u0baf \u0b87\u0baf\u0bc7\u0b9a\u0bc1\u0b95\u0bbf\u0bb1\u0bbf\u0bb8\u0bcd\u0ba4\u0bc1 \u0b8e\u0ba9\u0b95\u0bcd\u0b95\u0bc1 \u0b85\u0bb1\u0bbf\u0bb5\u0bbf\u0ba4\u0bcd\u0ba4\u0baa\u0b9f\u0bbf \u0ba8\u0bbe\u0ba9\u0bcd \u0b8e\u0ba9\u0bcd \u0b95\u0bc2\u0b9f\u0bbe\u0bb0\u0ba4\u0bcd\u0ba4\u0bc8\u0bb5\u0bbf\u0b9f\u0bcd\u0b9f\u0bc1\u0baa\u0bcd\u0baa\u0bcb\u0bb5\u0ba4\u0bc1 \u0b9a\u0bc0\u0b95\u0bcd\u0b95\u0bbf\u0bb0\u0ba4\u0bcd\u0ba4\u0bbf\u0bb2\u0bcd \u0ba8\u0bc7\u0bb0\u0bbf\u0b9f\u0bc1\u0bae\u0bc6\u0ba9\u0bcd\u0bb1\u0bc1 \u0b85\u0bb1\u0bbf\u0ba8\u0bcd\u0ba4\u0bc1,"},{"Verseid":"60000013","Verse":"\u0b87\u0ba8\u0bcd\u0ba4\u0b95\u0bcd \u0b95\u0bc2\u0b9f\u0bbe\u0bb0\u0ba4\u0bcd\u0ba4\u0bbf\u0bb2\u0bcd \u0ba8\u0bbe\u0ba9\u0bcd \u0b87\u0bb0\u0bc1\u0b95\u0bcd\u0b95\u0bc1\u0bae\u0bb3\u0bb5\u0bc1\u0bae\u0bcd \u0b89\u0b99\u0bcd\u0b95\u0bb3\u0bc8 \u0ba8\u0bbf\u0ba9\u0bc8\u0baa\u0bcd\u0baa\u0bc2\u0b9f\u0bcd\u0b9f\u0bbf \u0b8e\u0bb4\u0bc1\u0baa\u0bcd\u0baa\u0bbf\u0bb5\u0bbf\u0b9f\u0bc1\u0bb5\u0ba4\u0bc1 \u0ba8\u0bbf\u0baf\u0bbe\u0baf\u0bae\u0bc6\u0ba9\u0bcd\u0bb1\u0bc1 \u0b8e\u0ba3\u0bcd\u0ba3\u0bc1\u0b95\u0bbf\u0bb1\u0bc7\u0ba9\u0bcd."},{"Verseid":"60000014","Verse":"\u0bae\u0bc7\u0bb2\u0bc1\u0bae\u0bcd, \u0ba8\u0bbe\u0ba9\u0bcd \u0b9a\u0bc6\u0ba9\u0bcd\u0bb1\u0bc1\u0baa\u0bcb\u0ba9\u0baa\u0bbf\u0ba9\u0bcd\u0baa\u0bc1 \u0b87\u0bb5\u0bc8\u0b95\u0bb3\u0bc8 \u0ba8\u0bc0\u0b99\u0bcd\u0b95\u0bb3\u0bcd \u0b8e\u0baa\u0bcd\u0baa\u0bca\u0bb4\u0bc1\u0ba4\u0bc1\u0bae\u0bcd \u0ba8\u0bbf\u0ba9\u0bc8\u0ba4\u0bcd\u0ba4\u0bc1\u0b95\u0bcd\u0b95\u0bca\u0bb3\u0bcd\u0bb3 \u0b8f\u0ba4\u0bc1\u0bb5\u0bc1\u0ba3\u0bcd\u0b9f\u0bbe\u0baf\u0bbf\u0bb0\u0bc1\u0b95\u0bcd\u0b95\u0bc1\u0bae\u0bcd\u0baa\u0b9f\u0bbf \u0baa\u0bbf\u0bb0\u0baf\u0ba4\u0bcd\u0ba4\u0ba9\u0bae\u0bcd\u0baa\u0ba3\u0bcd\u0ba3\u0bc1\u0bb5\u0bc7\u0ba9\u0bcd."},{"Verseid":"60000015","Verse":"\u0ba8\u0bbe\u0b99\u0bcd\u0b95\u0bb3\u0bcd \u0ba4\u0ba8\u0bcd\u0ba4\u0bbf\u0bb0\u0bae\u0bbe\u0ba9 \u0b95\u0b9f\u0bcd\u0b9f\u0bc1\u0b95\u0bcd\u0b95\u0ba4\u0bc8\u0b95\u0bb3\u0bc8\u0baa\u0bcd \u0baa\u0bbf\u0ba9\u0bcd\u0baa\u0bb1\u0bcd\u0bb1\u0bbf\u0ba9\u0bb5\u0bb0\u0bcd\u0b95\u0bb3\u0bbe\u0b95 \u0b85\u0bb2\u0bcd\u0bb2, \u0b85\u0bb5\u0bb0\u0bc1\u0b9f\u0bc8\u0baf \u0bae\u0b95\u0ba4\u0bcd\u0ba4\u0bc1\u0bb5\u0ba4\u0bcd\u0ba4\u0bc8\u0b95\u0bcd \u0b95\u0ba3\u0bcd\u0ba3\u0bbe\u0bb0\u0b95\u0bcd \u0b95\u0ba3\u0bcd\u0b9f\u0bb5\u0bb0\u0bcd\u0b95\u0bb3\u0bbe\u0b95\u0bb5\u0bc7 \u0ba8\u0bae\u0bcd\u0bae\u0bc1\u0b9f\u0bc8\u0baf \u0b95\u0bb0\u0bcd\u0ba4\u0bcd\u0ba4\u0bb0\u0bbe\u0b95\u0bbf\u0baf \u0b87\u0baf\u0bc7\u0b9a\u0bc1\u0b95\u0bbf\u0bb1\u0bbf\u0bb8\u0bcd\u0ba4\u0bc1\u0bb5\u0bbf\u0ba9\u0bcd \u0bb5\u0bb2\u0bcd\u0bb2\u0bae\u0bc8\u0baf\u0bc8\u0baf\u0bc1\u0bae\u0bcd \u0bb5\u0bb0\u0bc1\u0b95\u0bc8\u0baf\u0bc8\u0baf\u0bc1\u0bae\u0bcd \u0b89\u0b99\u0bcd\u0b95\u0bb3\u0bc1\u0b95\u0bcd\u0b95\u0bc1 \u0b85\u0bb1\u0bbf\u0bb5\u0bbf\u0ba4\u0bcd\u0ba4\u0bcb\u0bae\u0bcd."},{"Verseid":"60000016","Verse":"\u0b87\u0bb5\u0bb0\u0bcd \u0b8e\u0ba9\u0bcd\u0ba9\u0bc1\u0b9f\u0bc8\u0baf \u0ba8\u0bc7\u0b9a\u0b95\u0bc1\u0bae\u0bbe\u0bb0\u0ba9\u0bcd, \u0b87\u0bb5\u0bb0\u0bbf\u0b9f\u0ba4\u0bcd\u0ba4\u0bbf\u0bb2\u0bcd \u0baa\u0bbf\u0bb0\u0bbf\u0baf\u03ae\u0bbe\u0baf\u0bbf\u0bb0\u0bc1\u0b95\u0bcd\u0b95\u0bbf\u0bb1\u0bc7\u0ba9\u0bcd \u0b8e\u0ba9\u0bcd\u0bb1\u0bc1 \u0b9a\u0bca\u0bb2\u0bcd\u0bb2\u0bc1\u0b95\u0bbf\u0bb1 \u0b9a\u0ba4\u0bcd\u0ba4\u0bae\u0bcd \u0b89\u0ba9\u0bcd\u0ba9\u0ba4\u0bae\u0bbe\u0ba9 \u0bae\u0b95\u0bbf\u0bae\u0bc8\u0baf\u0bbf\u0bb2\u0bbf\u0bb0\u0bc1\u0ba8\u0bcd\u0ba4\u0bc1 \u0b85\u0bb5\u0bb0\u0bc1\u0b95\u0bcd\u0b95\u0bc1 \u0b89\u0ba3\u0bcd\u0b9f\u0bbe\u0b95\u0bbf, \u0baa\u0bbf\u0ba4\u0bbe\u0bb5\u0bbe\u0b95\u0bbf\u0baf \u0ba4\u0bc7\u0bb5\u0ba9\u0bbe\u0bb2\u0bcd \u0b85\u0bb5\u0bb0\u0bcd \u0b95\u0ba9\u0ba4\u0bcd\u0ba4\u0bc8\u0baf\u0bc1\u0bae\u0bcd \u0bae\u0b95\u0bbf\u0bae\u0bc8\u0baf\u0bc8\u0baf\u0bc1\u0bae\u0bcd \u0baa\u0bc6\u0bb1\u0bcd\u0bb1\u0baa\u0bcb\u0ba4\u0bc1,"},{"Verseid":"60000017","Verse":"\u0b85\u0bb5\u0bb0\u0bcb\u0b9f\u0bc7\u0b95\u0bc2\u0b9f \u0ba8\u0bbe\u0b99\u0bcd\u0b95\u0bb3\u0bcd \u0baa\u0bb0\u0bbf\u0b9a\u0bc1\u0ba4\u0bcd\u0ba4 \u0baa\u0bb0\u0bc1\u0bb5\u0ba4\u0ba4\u0bcd\u0ba4\u0bbf\u0bb2\u0bbf\u0bb0\u0bc1\u0b95\u0bcd\u0b95\u0bc8\u0baf\u0bbf\u0bb2\u0bcd, \u0bb5\u0bbe\u0ba9\u0ba4\u0bcd\u0ba4\u0bbf\u0bb2\u0bbf\u0bb0\u0bc1\u0ba8\u0bcd\u0ba4\u0bc1 \u0baa\u0bbf\u0bb1\u0ba8\u0bcd\u0ba4 \u0b85\u0ba8\u0bcd\u0ba4\u0b9a\u0bcd \u0b9a\u0ba4\u0bcd\u0ba4\u0ba4\u0bcd\u0ba4\u0bc8\u0b95\u0bcd\u0b95\u0bc7\u0b9f\u0bcd\u0b9f\u0bcb\u0bae\u0bcd."},{"Verseid":"60000018","Verse":"\u0b85\u0ba4\u0bbf\u0b95 \u0b89\u0bb1\u0bc1\u0ba4\u0bbf\u0baf\u0bbe\u0ba9 \u0ba4\u0bc0\u0bb0\u0bcd\u0b95\u0bcd\u0b95\u0ba4\u0bb0\u0bbf\u0b9a\u0ba9\u0bae\u0bc1\u0bae\u0bcd \u0ba8\u0bae\u0b95\u0bcd\u0b95\u0bc1 \u0b89\u0ba3\u0bcd\u0b9f\u0bc1; \u0baa\u0bca\u0bb4\u0bc1\u0ba4\u0bc1\u0bb5\u0bbf\u0b9f\u0bbf\u0ba8\u0bcd\u0ba4\u0bc1 \u0bb5\u0bbf\u0b9f\u0bbf\u0bb5\u0bc6\u0bb3\u0bcd\u0bb3\u0bbf \u0b89\u0b99\u0bcd\u0b95\u0bb3\u0bcd \u0b87\u0bb0\u0bc1\u0ba4\u0baf\u0b99\u0bcd\u0b95\u0bb3\u0bbf\u0bb2\u0bcd \u0b89\u0ba4\u0bbf\u0b95\u0bcd\u0b95\u0bc1\u0bae\u0bb3\u0bb5\u0bc1\u0bae\u0bcd \u0b87\u0bb0\u0bc1\u0bb3\u0bc1\u0bb3\u0bcd\u0bb3 \u0bb8\u0bcd\u0ba4\u0bb2\u0ba4\u0bcd\u0ba4\u0bbf\u0bb2\u0bcd \u0baa\u0bbf\u0bb0\u0b95\u0bbe\u0b9a\u0bbf\u0b95\u0bcd\u0b95\u0bbf\u0bb1 \u0bb5\u0bbf\u0bb3\u0b95\u0bcd\u0b95\u0bc8\u0baa\u0bcd\u0baa\u0bcb\u0ba9\u0bcd\u0bb1 \u0b85\u0bb5\u0bcd\u0bb5\u0b9a\u0ba9\u0ba4\u0bcd\u0ba4\u0bc8\u0b95\u0bcd \u0b95\u0bb5\u0ba9\u0bbf\u0ba4\u0bcd\u0ba4\u0bbf\u0bb0\u0bc1\u0baa\u0bcd\u0baa\u0ba4\u0bc1 \u0ba8\u0bb2\u0bae\u0bbe\u0baf\u0bbf\u0bb0\u0bc1\u0b95\u0bcd\u0b95\u0bc1\u0bae\u0bcd."},{"Verseid":"60000019","Verse":"\u0bb5\u0bc7\u0ba4\u0ba4\u0bcd\u0ba4\u0bbf\u0bb2\u0bc1\u0bb3\u0bcd\u0bb3 \u0b8e\u0ba8\u0bcd\u0ba4\u0ba4\u0bcd \u0ba4\u0bc0\u0bb0\u0bcd\u0b95\u0bcd\u0b95\u0ba4\u0bb0\u0bbf\u0b9a\u0ba9\u0bae\u0bc1\u0bae\u0bcd \u0b9a\u0bc1\u0baf\u0ba4\u0bcb\u0bb1\u0bcd\u0bb1\u0bae\u0bbe\u0ba9 \u0baa\u0bca\u0bb0\u0bc1\u0bb3\u0bc8\u0baf\u0bc1\u0b9f\u0bc8\u0baf\u0ba4\u0bbe\u0baf\u0bbf\u0bb0\u0bbe\u0ba4\u0bc6\u0ba9\u0bcd\u0bb1\u0bc1 \u0ba8\u0bc0\u0b99\u0bcd\u0b95\u0bb3\u0bcd \u0bae\u0bc1\u0ba8\u0bcd\u0ba4\u0bbf \u0b85\u0bb1\u0bbf\u0baf\u0bb5\u0bc7\u0ba3\u0bcd\u0b9f\u0bbf\u0baf\u0ba4\u0bc1."},{"Verseid":"60000020","Verse":"\u0ba4\u0bc0\u0bb0\u0bcd\u0b95\u0bcd\u0b95\u0ba4\u0bb0\u0bbf\u0b9a\u0ba9\u0bae\u0bbe\u0ba9\u0ba4\u0bc1 \u0b92\u0bb0\u0bc1\u0b95\u0bbe\u0bb2\u0ba4\u0bcd\u0ba4\u0bbf\u0bb2\u0bc1\u0bae\u0bcd \u0bae\u0ba9\u0bc1\u0bb7\u0bb0\u0bc1\u0b9f\u0bc8\u0baf \u0b9a\u0bbf\u0ba4\u0bcd\u0ba4\u0ba4\u0bcd\u0ba4\u0bbf\u0ba9\u0bbe\u0bb2\u0bc7 \u0b89\u0ba3\u0bcd\u0b9f\u0bbe\u0b95\u0bb5\u0bbf\u0bb2\u0bcd\u0bb2\u0bc8; \u0ba4\u0bc7\u0bb5\u0ba9\u0bc1\u0b9f\u0bc8\u0baf \u0baa\u0bb0\u0bbf\u0b9a\u0bc1\u0ba4\u0bcd\u0ba4 \u0bae\u0ba9\u0bc1\u0bb7\u0bb0\u0bcd\u0b95\u0bb3\u0bcd \u0baa\u0bb0\u0bbf\u0b9a\u0bc1\u0ba4\u0bcd\u0ba4 \u0b86\u0bb5\u0bbf\u0baf\u0bbf\u0ba9\u0bbe\u0bb2\u0bc7 \u0b8f\u0bb5\u0baa\u0bcd\u0baa\u0b9f\u0bcd\u0b9f\u0bc1\u0baa\u0bcd \u0baa\u0bc7\u0b9a\u0bbf\u0ba9\u0bbe\u0bb0\u0bcd\u0b95\u0bb3\u0bcd."}]},{"Verse":[{"Verseid":"60001000","Verse":"\u0b95\u0bb3\u0bcd\u0bb3\u0ba4\u0bcd\u0ba4\u0bc0\u0bb0\u0bcd\u0b95\u0bcd\u0b95\u0ba4\u0bb0\u0bbf\u0b9a\u0bbf\u0b95\u0bb3\u0bc1\u0bae\u0bcd \u0b9c\u0ba9\u0b99\u0bcd\u0b95\u0bb3\u0bc1\u0b95\u0bcd\u0b95\u0bc1\u0bb3\u0bcd\u0bb3\u0bc7 \u0b87\u0bb0\u0bc1\u0ba8\u0bcd\u0ba4\u0bbe\u0bb0\u0bcd\u0b95\u0bb3\u0bcd, \u0b85\u0baa\u0bcd\u0baa\u0b9f\u0bbf\u0baf\u0bc7 \u0b89\u0b99\u0bcd\u0b95\u0bb3\u0bc1\u0b95\u0bcd\u0b95\u0bc1\u0bb3\u0bcd\u0bb3\u0bc1\u0bae\u0bcd \u0b95\u0bb3\u0bcd\u0bb3\u0baa\u0bcd\u0baa\u0bcb\u0ba4\u0b95\u0bb0\u0bcd\u0b95\u0bb3\u0bcd \u0b87\u0bb0\u0bc1\u0baa\u0bcd\u0baa\u0bbe\u0bb0\u0bcd\u0b95\u0bb3\u0bcd; \u0b85\u0bb5\u0bb0\u0bcd\u0b95\u0bb3\u0bcd \u0b95\u0bc7\u0b9f\u0bcd\u0b9f\u0bc1\u0b95\u0bcd\u0b95\u0bc7\u0ba4\u0bc1\u0bb5\u0bbe\u0ba9 \u0bb5\u0bc7\u0ba4\u0baa\u0bcd\u0baa\u0bc1\u0bb0\u0b9f\u0bcd\u0b9f\u0bc1\u0b95\u0bb3\u0bc8\u0ba4\u0bcd \u0ba4\u0ba8\u0bcd\u0ba4\u0bbf\u0bb0\u0bae\u0bbe\u0baf\u0bcd \u0ba8\u0bc1\u0bb4\u0bc8\u0baf\u0baa\u0bcd\u0baa\u0ba3\u0bcd\u0ba3\u0bbf, \u0ba4\u0b99\u0bcd\u0b95\u0bb3\u0bc8\u0b95\u0bcd \u0b95\u0bbf\u0bb0\u0baf\u0ba4\u0bcd\u0ba4\u0bc1\u0b95\u0bcd\u0b95\u0bc1\u0b95\u0bcd\u0b95\u0bca\u0ba3\u0bcd\u0b9f \u0b86\u0ba3\u0bcd\u0b9f\u0bb5\u0bb0\u0bc8 \u0bae\u0bb1\u0bc1\u0ba4\u0bb2\u0bbf\u0ba4\u0bcd\u0ba4\u0bc1, \u0ba4\u0b99\u0bcd\u0b95\u0bb3\u0bc1\u0b95\u0bcd\u0b95\u0bc1\u0ba4\u0bcd \u0ba4\u0bc0\u0bb5\u0bbf\u0bb0\u0bae\u0bbe\u0ba9 \u0b85\u0bb4\u0bbf\u0bb5\u0bc8 \u0bb5\u0bb0\u0bc1\u0bb5\u0bbf\u0ba4\u0bcd\u0ba4\u0bc1\u0b95\u0bcd\u0b95\u0bca\u0bb3\u0bcd\u0bb3\u0bc1\u0bb5\u0bbe\u0bb0\u0bcd\u0b95\u0bb3\u0bcd."},{"Verseid":"60001001","Verse":"\u0b85\u0bb5\u0bb0\u0bcd\u0b95\u0bb3\u0bc1\u0b9f\u0bc8\u0baf \u0b95\u0bc6\u0b9f\u0bcd\u0b9f \u0ba8\u0b9f\u0b95\u0bcd\u0b95\u0bc8\u0b95\u0bb3\u0bc8 \u0b85\u0ba8\u0bc7\u0b95\u0bb0\u0bcd \u0baa\u0bbf\u0ba9\u0bcd\u0baa\u0bb1\u0bcd\u0bb1\u0bc1\u0bb5\u0bbe\u0bb0\u0bcd\u0b95\u0bb3\u0bcd; \u0b85\u0bb5\u0bb0\u0bcd\u0b95\u0bb3\u0bcd\u0ba8\u0bbf\u0bae\u0bbf\u0ba4\u0bcd\u0ba4\u0bae\u0bcd \u0b9a\u0ba4\u0bcd\u0ba4\u0bbf\u0baf\u0bae\u0bbe\u0bb0\u0bcd\u0b95\u0bcd\u0b95\u0bae\u0bcd \u0ba4\u0bc2\u0bb7\u0bbf\u0b95\u0bcd\u0b95\u0baa\u0bcd\u0baa\u0b9f\u0bc1\u0bae\u0bcd."},{"Verseid":"60001002","Verse":"\u0baa\u0bca\u0bb0\u0bc1\u0bb3\u0bbe\u0b9a\u0bc8\u0baf\u0bc1\u0b9f\u0bc8\u0baf\u0bb5\u0bb0\u0bcd\u0b95\u0bb3\u0bbe\u0baf\u0bcd, \u0ba4\u0ba8\u0bcd\u0ba4\u0bbf\u0bb0\u0bae\u0bbe\u0ba9 \u0bb5\u0bbe\u0bb0\u0bcd\u0ba4\u0bcd\u0ba4\u0bc8\u0b95\u0bb3\u0bbe\u0bb2\u0bcd \u0b89\u0b99\u0bcd\u0b95\u0bb3\u0bc8\u0ba4\u0bcd \u0ba4\u0b99\u0bcd\u0b95\u0bb3\u0bc1\u0b95\u0bcd\u0b95\u0bc1 \u0b86\u0ba4\u0bbe\u0baf\u0bae\u0bbe\u0b95 \u0bb5\u0b9a\u0baa\u0bcd\u0baa\u0b9f\u0bc1\u0ba4\u0bcd\u0ba4\u0bbf\u0b95\u0bcd\u0b95\u0bca\u0bb3\u0bcd\u0bb3\u0bc1\u0bb5\u0bbe\u0bb0\u0bcd\u0b95\u0bb3\u0bcd; \u0baa\u0bc2\u0bb0\u0bcd\u0bb5\u0b95\u0bbe\u0bb2\u0bae\u0bc1\u0ba4\u0bb2\u0bcd \u0b85\u0bb5\u0bb0\u0bcd\u0b95\u0bb3\u0bc1\u0b95\u0bcd\u0b95\u0bc1 \u0bb5\u0bbf\u0ba4\u0bbf\u0b95\u0bcd\u0b95\u0baa\u0bcd\u0baa\u0b9f\u0bcd\u0b9f \u0b86\u0b95\u0bcd\u0b95\u0bbf\u0ba9\u0bc8 \u0b85\u0baf\u0bb0\u0bcd\u0ba8\u0bcd\u0ba4\u0bbf\u0bb0\u0bbe\u0ba4\u0bc1, \u0b85\u0bb5\u0bb0\u0bcd\u0b95\u0bb3\u0bc1\u0b9f\u0bc8\u0baf \u0b85\u0bb4\u0bbf\u0bb5\u0bc1 \u0b89\u0bb1\u0b99\u0bcd\u0b95\u0bbe\u0ba4\u0bc1."},{"Verseid":"60001003","Verse":"\u0baa\u0bbe\u0bb5\u0b9e\u0bcd\u0b9a\u0bc6\u0baf\u0bcd\u0ba4 \u0ba4\u0bc2\u0ba4\u0bb0\u0bcd\u0b95\u0bb3\u0bc8 \u0ba4\u0bc7\u0bb5\u0ba9\u0bcd \u0ba4\u0baa\u0bcd\u0baa\u0bb5\u0bbf\u0b9f\u0bbe\u0bae\u0bb2\u0bcd, \u0b85\u0ba8\u0bcd\u0ba4\u0b95\u0bbe\u0bb0\u0b9a\u0bcd \u0b9a\u0b99\u0bcd\u0b95\u0bbf\u0bb2\u0bbf\u0b95\u0bb3\u0bbf\u0ba9\u0bbe\u0bb2\u0bc7 \u0b95\u0b9f\u0bcd\u0b9f\u0bbf \u0ba8\u0bb0\u0b95\u0ba4\u0bcd\u0ba4\u0bbf\u0bb2\u0bc7 \u0ba4\u0bb3\u0bcd\u0bb3\u0bbf \u0ba8\u0bbf\u0baf\u0bbe\u0baf\u0ba4\u0bcd\u0ba4\u0bc0\u0bb0\u0bcd\u0baa\u0bcd\u0baa\u0bc1\u0b95\u0bcd\u0b95\u0bc1 \u0bb5\u0bc8\u0b95\u0bcd\u0b95\u0baa\u0bcd\u0baa\u0b9f\u0bcd\u0b9f\u0bb5\u0bb0\u0bcd\u0b95\u0bb3\u0bbe\u0b95 \u0b92\u0baa\u0bcd\u0baa\u0bc1\u0b95\u0bcd\u0b95\u0bca\u0b9f\u0bc1\u0ba4\u0bcd\u0ba4\u0bc1;"},{"Verseid":"60001004","Verse":"\u0baa\u0bc2\u0bb0\u0bcd\u0bb5 \u0b89\u0bb2\u0b95\u0ba4\u0bcd\u0ba4\u0bc8\u0baf\u0bc1\u0bae\u0bcd \u0ba4\u0baa\u0bcd\u0baa\u0bb5\u0bbf\u0b9f\u0bbe\u0bae\u0bb2\u0bcd, \u0ba8\u0bc0\u0ba4\u0bbf\u0baf\u0bc8\u0baa\u0bcd \u0baa\u0bbf\u0bb0\u0b9a\u0b99\u0bcd\u0b95\u0bbf\u0ba4\u0bcd\u0ba4\u0bb5\u0ba9\u0bbe\u0b95\u0bbf\u0baf \u0ba8\u0bcb\u0bb5\u0bbe \u0bae\u0bc1\u0ba4\u0bb2\u0bbe\u0ba9 \u0b8e\u0b9f\u0bcd\u0b9f\u0bc1\u0baa\u0bcd\u0baa\u0bc7\u0bb0\u0bc8\u0b95\u0bcd \u0b95\u0bbe\u0baa\u0bcd\u0baa\u0bbe\u0bb1\u0bcd\u0bb1\u0bbf, \u0b85\u0bb5\u0baa\u0b95\u0bcd\u0ba4\u0bbf\u0baf\u0bc1\u0bb3\u0bcd\u0bb3\u0bb5\u0bb0\u0bcd\u0b95\u0bb3\u0bcd \u0ba8\u0bbf\u0bb1\u0bc8\u0ba8\u0bcd\u0ba4 \u0b89\u0bb2\u0b95\u0ba4\u0bcd\u0ba4\u0bbf\u0ba9\u0bcd\u0bae\u0bc7\u0bb2\u0bcd \u0b9c\u0bb2\u0baa\u0bcd\u0baa\u0bbf\u0bb0\u0bb3\u0baf\u0ba4\u0bcd\u0ba4\u0bc8 \u0bb5\u0bb0\u0baa\u0bcd\u0baa\u0ba3\u0bcd\u0ba3\u0bbf; \u0b9a\u0bcb\u0ba4\u0bcb\u0bae\u0bcd \u0b95\u0bca\u0bae\u0bcb\u0bb0\u0bbe \u0b8e\u0ba9\u0bcd\u0ba9\u0bc1\u0bae\u0bcd \u0baa\u0b9f\u0bcd\u0b9f\u0ba3\u0b99\u0bcd\u0b95\u0bb3\u0bc8\u0baf\u0bc1\u0bae\u0bcd \u0b9a\u0bbe\u0bae\u0bcd\u0baa\u0bb2\u0bbe\u0b95\u0bcd\u0b95\u0bbf\u0b95\u0bcd \u0b95\u0bb5\u0bbf\u0bb4\u0bcd\u0ba4\u0bcd\u0ba4\u0bc1\u0baa\u0bcd\u0baa\u0bcb\u0b9f\u0bcd\u0b9f\u0bc1, \u0b86\u0b95\u0bcd\u0b95\u0bbf\u0ba9\u0bc8\u0b95\u0bcd\u0b95\u0bc1\u0bb3\u0bcd\u0bb3\u0bbe\u0b95\u0ba4\u0bcd \u0ba4\u0bc0\u0bb0\u0bcd\u0ba4\u0bcd\u0ba4\u0bc1, \u0baa\u0bbf\u0bb1\u0bcd\u0b95\u0bbe\u0bb2\u0ba4\u0bcd\u0ba4\u0bbf\u0bb2\u0bc7 \u0b85\u0bb5\u0baa\u0b95\u0bcd\u0ba4\u0bbf\u0baf\u0bbe\u0baf\u0bcd \u0ba8\u0b9f\u0baa\u0bcd\u0baa\u0bb5\u0bb0\u0bcd\u0b95\u0bb3\u0bc1\u0b95\u0bcd\u0b95\u0bc1 \u0b85\u0bb5\u0bc8\u0b95\u0bb3\u0bc8\u0ba4\u0bcd \u0ba4\u0bbf\u0bb0\u0bc1\u0bb7\u0bcd\u0b9f\u0bbe\u0ba8\u0bcd\u0ba4\u0bae\u0bbe\u0b95 \u0bb5\u0bc8\u0ba4\u0bcd\u0ba4\u0bc1;"},{"Verseid":"60001005","Verse":"\u0b85\u0b95\u0bcd\u0b95\u0bbf\u0bb0\u0bae\u0b95\u0bcd\u0b95\u0bbe\u0bb0\u0bb0\u0bc1\u0b95\u0bcd\u0b95\u0bc1\u0bb3\u0bcd \u0bb5\u0bbe\u0b9a\u0bae\u0bbe\u0baf\u0bbf\u0bb0\u0bc1\u0b95\u0bcd\u0b95\u0bc8\u0baf\u0bbf\u0bb2\u0bcd \u0b85\u0bb5\u0bb0\u0bcd\u0b95\u0bb3\u0bc1\u0b9f\u0bc8\u0baf \u0b95\u0bbe\u0bae\u0bb5\u0bbf\u0b95\u0bbe\u0bb0 \u0ba8\u0b9f\u0b95\u0bcd\u0b95\u0bc8\u0baf\u0bbe\u0bb2\u0bcd \u0bb5\u0bb0\u0bc1\u0ba4\u0bcd\u0ba4\u0baa\u0bcd\u0baa\u0b9f\u0bcd\u0b9f\u0bc1;"},{"Verseid":"60001006","Verse":"\u0ba8\u0bbe\u0bb3\u0bcd\u0ba4\u0bcb\u0bb1\u0bc1\u0bae\u0bcd \u0b85\u0bb5\u0bb0\u0bcd\u0b95\u0bb3\u0bc1\u0b9f\u0bc8\u0baf \u0b85\u0b95\u0bcd\u0b95\u0bbf\u0bb0\u0bae\u0b95\u0bcd\u0b95\u0bbf\u0bb0\u0bbf\u0baf\u0bc8\u0b95\u0bb3\u0bc8\u0b95\u0bcd \u0b95\u0ba3\u0bcd\u0b9f\u0bc1 \u0b95\u0bc7\u0b9f\u0bcd\u0b9f\u0bc1 \u0ba8\u0bc0\u0ba4\u0bbf\u0baf\u0bc1\u0bb3\u0bcd\u0bb3 \u0ba4\u0ba9\u0bcd\u0ba9\u0bc1\u0b9f\u0bc8\u0baf \u0b87\u0bb0\u0bc1\u0ba4\u0baf\u0ba4\u0bcd\u0ba4\u0bbf\u0bb2\u0bcd \u0bb5\u0bbe\u0ba4\u0bbf\u0b95\u0bcd\u0b95\u0baa\u0bcd\u0baa\u0b9f\u0bcd\u0b9f \u0ba8\u0bc0\u0ba4\u0bbf\u0bae\u0bbe\u0ba9\u0bbe\u0b95\u0bbf\u0baf \u0bb2\u0bcb\u0ba4\u0bcd\u0ba4\u0bc8 \u0b85\u0bb5\u0bb0\u0bcd \u0b87\u0bb0\u0b9f\u0bcd\u0b9a\u0bbf\u0ba4\u0bcd\u0ba4\u0bbf\u0bb0\u0bc1\u0b95\u0bcd\u0b95;"},{"Verseid":"60001007","Verse":"\u0b95\u0bb0\u0bcd\u0ba4\u0bcd\u0ba4\u0bb0\u0bcd \u0ba4\u0bc7\u0bb5\u0baa\u0b95\u0bcd\u0ba4\u0bbf\u0baf\u0bc1\u0bb3\u0bcd\u0bb3\u0bb5\u0bb0\u0bcd\u0b95\u0bb3\u0bc8\u0b9a\u0bcd \u0b9a\u0bcb\u0ba4\u0ba9\u0bc8\u0baf\u0bbf\u0ba9\u0bbf\u0ba9\u0bcd\u0bb1\u0bc1 \u0b87\u0bb0\u0b9f\u0bcd\u0b9a\u0bbf\u0b95\u0bcd\u0b95\u0bb5\u0bc1\u0bae\u0bcd, \u0b85\u0b95\u0bcd\u0b95\u0bbf\u0bb0\u0bae\u0b95\u0bcd\u0b95\u0bbe\u0bb0\u0bb0\u0bc8 \u0b86\u0b95\u0bcd\u0b95\u0bbf\u0ba9\u0bc8\u0b95\u0bcd\u0b95\u0bc1\u0bb3\u0bcd\u0bb3\u0bbe\u0ba9\u0bb5\u0bb0\u0bcd\u0b95\u0bb3\u0bbe\u0b95 \u0ba8\u0bbf\u0baf\u0bbe\u0baf\u0ba4\u0bcd\u0ba4\u0bc0\u0bb0\u0bcd\u0baa\u0bcd\u0baa\u0bc1 \u0ba8\u0bbe\u0bb3\u0bc1\u0b95\u0bcd\u0b95\u0bc1 \u0bb5\u0bc8\u0b95\u0bcd\u0b95\u0bb5\u0bc1\u0bae\u0bcd \u0b85\u0bb1\u0bbf\u0ba8\u0bcd\u0ba4\u0bbf\u0bb0\u0bc1\u0b95\u0bcd\u0b95\u0bbf\u0bb1\u0bbe\u0bb0\u0bcd."},{"Verseid":"60001008","Verse":"\u0bb5\u0bbf\u0b9a\u0bc7\u0bb7\u0bae\u0bbe\u0b95 \u0b85\u0b9a\u0bc1\u0ba4\u0bcd\u0ba4 \u0b87\u0b9a\u0bcd\u0b9a\u0bc8\u0baf\u0bcb\u0b9f\u0bc7 \u0bae\u0bbe\u0bae\u0bcd\u0b9a\u0ba4\u0bcd\u0ba4\u0bbf\u0bb1\u0bcd\u0b95\u0bc7\u0bb1\u0bcd\u0bb1\u0baa\u0b9f\u0bbf \u0ba8\u0b9f\u0ba8\u0bcd\u0ba4\u0bc1, \u0b95\u0bb0\u0bcd\u0ba4\u0bcd\u0ba4\u0ba4\u0bcd\u0ba4\u0bc1\u0bb5\u0ba4\u0bcd\u0ba4\u0bc8 \u0b85\u0b9a\u0b9f\u0bcd\u0b9f\u0bc8\u0baa\u0ba3\u0bcd\u0ba3\u0bc1\u0b95\u0bbf\u0bb1\u0bb5\u0bb0\u0bcd\u0b95\u0bb3\u0bc8 \u0b85\u0baa\u0bcd\u0baa\u0b9f\u0bbf\u0b9a\u0bcd \u0b9a\u0bc6\u0baf\u0bcd\u0bb5\u0bbe\u0bb0\u0bcd."},{"Verseid":"60001009","Verse":"\u0b87\u0bb5\u0bb0\u0bcd\u0b95\u0bb3\u0bcd \u0ba4\u0bc1\u0ba3\u0bbf\u0b95\u0bb0\u0b95\u0bcd\u0b95\u0bbe\u0bb0\u0bb0\u0bcd, \u0b85\u0b95\u0b99\u0bcd\u0b95\u0bbe\u0bb0\u0bbf\u0b95\u0bb3\u0bcd, \u0bae\u0b95\u0ba4\u0bcd\u0ba4\u0bc1\u0bb5\u0b99\u0bcd\u0b95\u0bb3\u0bc8 \u0ba4\u0bc2\u0bb7\u0bbf\u0b95\u0bcd\u0b95 \u0b85\u0b9e\u0bcd\u0b9a\u0bbe\u0ba4\u0bb5\u0bb0\u0bcd\u0b95\u0bb3\u0bcd."},{"Verseid":"60001010","Verse":"\u0b85\u0ba4\u0bbf\u0b95 \u0baa\u0bc6\u0bb2\u0ba9\u0bc8\u0baf\u0bc1\u0bae\u0bcd \u0bb5\u0bb2\u0bcd\u0bb2\u0bae\u0bc8\u0baf\u0bc8\u0baf\u0bc1\u0bae\u0bc1\u0b9f\u0bc8\u0baf \u0ba4\u0bc7\u0bb5\u0ba4\u0bc2\u0ba4\u0bb0\u0bcd\u0b95\u0bb3\u0bcd \u0bae\u0bc1\u0ba4\u0bb2\u0bbe\u0baf\u0bcd\u0b95\u0bcd \u0b95\u0bb0\u0bcd\u0ba4\u0bcd\u0ba4\u0bb0\u0bc1\u0b95\u0bcd\u0b95\u0bc1\u0bae\u0bc1\u0ba9\u0bcd\u0baa\u0bbe\u0b95 \u0b85\u0bb5\u0bb0\u0bcd\u0b95\u0bb3\u0bc8\u0ba4\u0bcd \u0ba4\u0bc2\u0bb7\u0ba3\u0bae\u0bbe\u0baf\u0bcd\u0b95\u0bcd \u0b95\u0bc1\u0bb1\u0bcd\u0bb1\u0baa\u0bcd\u0baa\u0b9f\u0bc1\u0ba4\u0bcd\u0ba4\u0bae\u0bbe\u0b9f\u0bcd\u0b9f\u0bbe\u0bb0\u0bcd\u0b95\u0bb3\u0bc7."},{"Verseid":"60001011","Verse":"\u0b87\u0bb5\u0bb0\u0bcd\u0b95\u0bb3\u0bcb \u0baa\u0bbf\u0b9f\u0bbf\u0baa\u0b9f\u0bcd\u0b9f\u0bb4\u0bbf\u0b95\u0bcd\u0b95\u0baa\u0bcd\u0baa\u0b9f\u0bc1\u0bb5\u0ba4\u0bb1\u0bcd\u0b95\u0bc1 \u0b89\u0ba3\u0bcd\u0b9f\u0bbe\u0ba9 \u0baa\u0bc1\u0ba4\u0bcd\u0ba4\u0bbf\u0baf\u0bb1\u0bcd\u0bb1 \u0bae\u0bbf\u0bb0\u0bc1\u0b95\u0b9c\u0bc0\u0bb5\u0ba9\u0bcd\u0b95\u0bb3\u0bc8\u0baa\u0bcd\u0baa\u0bcb\u0bb2\u0ba4\u0bcd \u0ba4\u0b99\u0bcd\u0b95\u0bb3\u0bc1\u0b95\u0bcd\u0b95\u0bc1\u0ba4\u0bcd \u0ba4\u0bc6\u0bb0\u0bbf\u0baf\u0bbe\u0ba4\u0bb5\u0bc8\u0b95\u0bb3\u0bc8\u0ba4\u0bcd \u0ba4\u0bc2\u0bb7\u0bbf\u0ba4\u0bcd\u0ba4\u0bc1, \u0ba4\u0b99\u0bcd\u0b95\u0bb3\u0bcd \u0b95\u0bc7\u0b9f\u0bcd\u0b9f\u0bbf\u0bb2\u0bc7 \u0b95\u0bc6\u0b9f\u0bcd\u0b9f\u0bb4\u0bbf\u0ba8\u0bcd\u0ba4\u0bc1, \u0b85\u0ba8\u0bc0\u0ba4\u0ba4\u0bcd\u0ba4\u0bbf\u0ba9\u0bcd \u0baa\u0bb2\u0ba9\u0bc8 \u0b85\u0b9f\u0bc8\u0bb5\u0bbe\u0bb0\u0bcd\u0b95\u0bb3\u0bcd."},{"Verseid":"60001012","Verse":"\u0b87\u0bb5\u0bb0\u0bcd\u0b95\u0bb3\u0bcd \u0b92\u0bb0\u0bc1\u0ba8\u0bbe\u0bb3\u0bcd \u0bb5\u0bbe\u0bb4\u0bcd\u0bb5\u0bc8 \u0b87\u0ba9\u0bcd\u0baa\u0bae\u0bc6\u0ba9\u0bcd\u0bb1\u0bc6\u0ba3\u0bcd\u0ba3\u0bbf, \u0b95\u0bb1\u0bc8\u0b95\u0bb3\u0bc1\u0bae\u0bcd \u0b87\u0bb2\u0b9a\u0bcd\u0b9a\u0bc8\u0b95\u0bb3\u0bc1\u0bae\u0bbe\u0baf\u0bbf\u0bb0\u0bc1\u0ba8\u0bcd\u0ba4\u0bc1; \u0b89\u0b99\u0bcd\u0b95\u0bb3\u0bcb\u0b9f\u0bc7 \u0bb5\u0bbf\u0bb0\u0bc1\u0ba8\u0bcd\u0ba4\u0bc1\u0ba3\u0bcd\u0b95\u0bc8\u0baf\u0bbf\u0bb2\u0bcd \u0ba4\u0b99\u0bcd\u0b95\u0bb3\u0bcd \u0bb5\u0b9e\u0bcd\u0b9a\u0ba9\u0bc8\u0b95\u0bb3\u0bbf\u0bb2\u0bcd \u0b89\u0bb2\u0bcd\u0bb2\u0bbe\u0b9a\u0bae\u0bbe\u0baf\u0bcd \u0bb5\u0bbe\u0bb4\u0bcd\u0b95\u0bbf\u0bb1\u0bb5\u0bb0\u0bcd\u0b95\u0bb3\u0bcd;"},{"Verseid":"60001013","Verse":"\u0bb5\u0bbf\u0baa\u0b9a\u0bbe\u0bb0 \u0bae\u0baf\u0b95\u0bcd\u0b95\u0ba4\u0bcd\u0ba4\u0bbe\u0bb2\u0bcd \u0ba8\u0bbf\u0bb1\u0bc8\u0ba8\u0bcd\u0ba4\u0bb5\u0bc8\u0b95\u0bb3\u0bc1\u0bae\u0bcd, \u0baa\u0bbe\u0bb5\u0ba4\u0bcd\u0ba4\u0bc8\u0bb5\u0bbf\u0b9f\u0bcd\u0b9f\u0bcb\u0baf\u0bbe\u0ba4\u0bb5\u0bc8\u0b95\u0bb3\u0bc1\u0bae\u0bbe\u0baf\u0bbf\u0bb0\u0bc1\u0b95\u0bcd\u0b95\u0bbf\u0bb1 \u0b95\u0ba3\u0bcd\u0b95\u0bb3\u0bc8\u0baf\u0bc1\u0b9f\u0bc8\u0baf\u0bb5\u0bb0\u0bcd\u0b95\u0bb3\u0bcd; \u0b89\u0bb1\u0bc1\u0ba4\u0bbf\u0baf\u0bbf\u0bb2\u0bcd\u0bb2\u0bbe\u0ba4 \u0b86\u0ba4\u0bcd\u0ba4\u0bc1\u0bae\u0bbe\u0b95\u0bcd\u0b95\u0bb3\u0bc8\u0ba4\u0bcd \u0ba4\u0ba8\u0bcd\u0ba4\u0bbf\u0bb0\u0bae\u0bbe\u0baf\u0bcd\u0baa\u0bcd \u0baa\u0bbf\u0b9f\u0bbf\u0ba4\u0bcd\u0ba4\u0bc1, \u0baa\u0bca\u0bb0\u0bc1\u0bb3\u0bbe\u0b9a\u0bc8\u0b95\u0bb3\u0bbf\u0bb2\u0bcd \u0baa\u0bb4\u0b95\u0bbf\u0ba9 \u0b87\u0bb0\u0bc1\u0ba4\u0baf\u0ba4\u0bcd\u0ba4\u0bc8\u0baf\u0bc1\u0b9f\u0bc8\u0baf \u0b9a\u0bbe\u0baa\u0ba4\u0bcd\u0ba4\u0bbf\u0ba9\u0bcd \u0baa\u0bbf\u0bb3\u0bcd\u0bb3\u0bc8\u0b95\u0bb3\u0bcd."},{"Verseid":"60001014","Verse":"\u0b9a\u0bc6\u0bae\u0bcd\u0bae\u0bc8\u0baf\u0bbe\u0ba9 \u0bb5\u0bb4\u0bbf\u0baf\u0bc8\u0bb5\u0bbf\u0b9f\u0bcd\u0b9f\u0bc1\u0ba4\u0bcd \u0ba4\u0baa\u0bcd\u0baa\u0bbf\u0ba8\u0b9f\u0ba8\u0bcd\u0ba4\u0bc1, \u0baa\u0bc7\u0baf\u0bcb\u0bb0\u0bbf\u0ba9\u0bcd \u0b95\u0bc1\u0bae\u0bbe\u0bb0\u0ba9\u0bbe\u0b95\u0bbf\u0baf \u0baa\u0bbf\u0bb2\u0bc7\u0baf\u0bbe\u0bae\u0bbf\u0ba9\u0bcd \u0bb5\u0bb4\u0bbf\u0baf\u0bc8\u0baa\u0bcd \u0baa\u0bbf\u0ba9\u0bcd\u0baa\u0bb1\u0bcd\u0bb1\u0bbf\u0baa\u0bcd\u0baa\u0bcb\u0ba9\u0bb5\u0bb0\u0bcd\u0b95\u0bb3\u0bcd; \u0b85\u0bb5\u0ba9\u0bcd \u0b85\u0ba8\u0bc0\u0ba4\u0ba4\u0bcd\u0ba4\u0bbf\u0ba9\u0bcd \u0b95\u0bc2\u0bb2\u0bbf\u0baf\u0bc8\u0bb5\u0bbf\u0bb0\u0bc1\u0bae\u0bcd\u0baa\u0bbf,"},{"Verseid":"60001015","Verse":"\u0ba4\u0ba9\u0bcd\u0ba9\u0bc1\u0b9f\u0bc8\u0baf \u0b85\u0b95\u0bcd\u0b95\u0bbf\u0bb0\u0bae\u0ba4\u0bcd\u0ba4\u0bbf\u0ba9\u0bbf\u0bae\u0bbf\u0ba4\u0bcd\u0ba4\u0bae\u0bcd \u0b95\u0b9f\u0bbf\u0ba8\u0bcd\u0ba4\u0bc1\u0b95\u0bca\u0bb3\u0bcd\u0bb3\u0baa\u0bcd\u0baa\u0b9f\u0bcd\u0b9f\u0bbe\u0ba9\u0bcd; \u0baa\u0bc7\u0b9a\u0bbe\u0ba4 \u0bae\u0bbf\u0bb0\u0bc1\u0b95\u0bae\u0bcd \u0bae\u0ba9\u0bc1\u0bb7\u0bb0\u0bcd\u0baa\u0bc7\u0b9a\u0bcd\u0b9a\u0bc8\u0baa\u0bcd \u0baa\u0bc7\u0b9a\u0bbf\u0ba4\u0bcd \u0ba4\u0bc0\u0bb0\u0bcd\u0b95\u0bcd\u0b95\u0ba4\u0bb0\u0bbf\u0b9a\u0bbf\u0baf\u0bbf\u0ba9\u0bc1\u0b9f\u0bc8\u0baf \u0bae\u0ba4\u0bbf\u0b95\u0bc7\u0b9f\u0bcd\u0b9f\u0bc8\u0ba4\u0bcd \u0ba4\u0b9f\u0bc1\u0ba4\u0bcd\u0ba4\u0ba4\u0bc1."},{"Verseid":"60001016","Verse":"\u0b87\u0bb5\u0bb0\u0bcd\u0b95\u0bb3\u0bcd \u0ba4\u0ba3\u0bcd\u0ba3\u0bc0\u0bb0\u0bbf\u0bb2\u0bcd\u0bb2\u0bbe\u0ba4 \u0b95\u0bbf\u0ba3\u0bb1\u0bc1\u0b95\u0bb3\u0bc1\u0bae\u0bcd, \u0b9a\u0bc1\u0bb4\u0bb2\u0bcd\u0b95\u0bbe\u0bb1\u0bcd\u0bb1\u0bbf\u0ba9\u0bbe\u0bb2\u0bcd \u0b85\u0b9f\u0bbf\u0baf\u0bc1\u0ba3\u0bcd\u0b9f\u0bcb\u0b9f\u0bc1\u0b95\u0bbf\u0bb1 \u0bae\u0bc7\u0b95\u0b99\u0bcd\u0b95\u0bb3\u0bc1\u0bae\u0bbe\u0baf\u0bbf\u0bb0\u0bc1\u0b95\u0bcd\u0b95\u0bbf\u0bb1\u0bbe\u0bb0\u0bcd\u0b95\u0bb3\u0bcd; \u0b8e\u0ba9\u0bcd\u0bb1\u0bc6\u0ba9\u0bcd\u0bb1\u0bc8\u0b95\u0bcd\u0b95\u0bc1\u0bae\u0bc1\u0bb3\u0bcd\u0bb3 \u0b95\u0bbe\u0bb0\u0bbf\u0bb0\u0bc1\u0bb3\u0bc7 \u0b87\u0bb5\u0bb0\u0bcd\u0b95\u0bb3\u0bc1\u0b95\u0bcd\u0b95\u0bc1 \u0bb5\u0bc8\u0b95\u0bcd\u0b95\u0baa\u0bcd\u0baa\u0b9f\u0bcd\u0b9f\u0bbf\u0bb0\u0bc1\u0b95\u0bcd\u0b95\u0bbf\u0bb1\u0ba4\u0bc1."},{"Verseid":"60001017","Verse":"\u0bb5\u0b9e\u0bcd\u0b9a\u0b95\u0bae\u0bbe\u0baf\u0bcd \u0ba8\u0b9f\u0b95\u0bcd\u0b95\u0bbf\u0bb1\u0bb5\u0bb0\u0bcd\u0b95\u0bb3\u0bbf\u0b9f\u0ba4\u0bcd\u0ba4\u0bbf\u0bb2\u0bbf\u0bb0\u0bc1\u0ba8\u0bcd\u0ba4\u0bc1 \u0b85\u0bb0\u0bbf\u0ba4\u0bbe\u0baf\u0bcd\u0ba4\u0bcd \u0ba4\u0baa\u0bcd\u0baa\u0bbf\u0ba9\u0bb5\u0bb0\u0bcd\u0b95\u0bb3\u0bbf\u0b9f\u0ba4\u0bcd\u0ba4\u0bbf\u0bb2\u0bcd \u0b87\u0bb5\u0bb0\u0bcd\u0b95\u0bb3\u0bcd \u0b85\u0b95\u0ba8\u0bcd\u0ba4\u0bc8\u0baf\u0bbe\u0ba9 \u0bb5\u0bc0\u0ba3\u0bcd\u0bb5\u0bbe\u0bb0\u0bcd\u0ba4\u0bcd\u0ba4\u0bc8\u0b95\u0bb3\u0bc8\u0baa\u0bcd \u0baa\u0bc7\u0b9a\u0bbf, \u0bae\u0bbe\u0bae\u0bcd\u0b9a \u0b87\u0b9a\u0bcd\u0b9a\u0bc8\u0b95\u0bb3\u0bbf\u0ba9\u0bbe\u0bb2\u0bc1\u0bae\u0bcd \u0b95\u0bbe\u0bae\u0bb5\u0bbf\u0b95\u0bbe\u0bb0\u0b99\u0bcd\u0b95\u0bb3\u0bbf\u0ba9\u0bbe\u0bb2\u0bc1\u0bae\u0bcd \u0b85\u0bb5\u0bb0\u0bcd\u0b95\u0bb3\u0bc8\u0ba4\u0bcd \u0ba4\u0ba8\u0bcd\u0ba4\u0bbf\u0bb0\u0bae\u0bbe\u0baf\u0bcd\u0baa\u0bcd \u0baa\u0bbf\u0b9f\u0bbf\u0b95\u0bcd\u0b95\u0bbf\u0bb1\u0bbe\u0bb0\u0bcd\u0b95\u0bb3\u0bcd."},{"Verseid":"60001018","Verse":"\u0ba4\u0bbe\u0b99\u0bcd\u0b95\u0bb3\u0bc7 \u0b95\u0bc7\u0b9f\u0bcd\u0b9f\u0bc1\u0b95\u0bcd\u0b95\u0bc1 \u0b85\u0b9f\u0bbf\u0bae\u0bc8\u0b95\u0bb3\u0bbe\u0baf\u0bbf\u0bb0\u0bc1\u0ba8\u0bcd\u0ba4\u0bc1\u0bae\u0bcd, \u0b85\u0bb5\u0bb0\u0bcd\u0b95\u0bb3\u0bc1\u0b95\u0bcd\u0b95\u0bc1\u0b9a\u0bcd \u0b9a\u0bc1\u0baf\u0bbe\u0ba4\u0bc0\u0ba9\u0ba4\u0bcd\u0ba4\u0bc8 \u0bb5\u0bbe\u0b95\u0bcd\u0b95\u0bc1\u0ba4\u0bcd\u0ba4\u0ba4\u0bcd\u0ba4\u0bae\u0bcd\u0baa\u0ba3\u0bcd\u0ba3\u0bc1\u0b95\u0bbf\u0bb1\u0bbe\u0bb0\u0bcd\u0b95\u0bb3\u0bcd; \u0b8e\u0ba4\u0bbf\u0ba9\u0bbe\u0bb2\u0bcd \u0b92\u0bb0\u0bc1\u0bb5\u0ba9\u0bcd \u0b9c\u0bc6\u0baf\u0bbf\u0b95\u0bcd\u0b95\u0baa\u0bcd\u0baa\u0b9f\u0bcd\u0b9f\u0bbf\u0bb0\u0bc1\u0b95\u0bcd\u0b95\u0bbf\u0bb1\u0bbe\u0ba9\u0bcb \u0b85\u0ba4\u0bb1\u0bcd\u0b95\u0bc1 \u0b85\u0bb5\u0ba9\u0bcd \u0b85\u0b9f\u0bbf\u0bae\u0bc8\u0baa\u0bcd\u0baa\u0b9f\u0bcd\u0b9f\u0bbf\u0bb0\u0bc1\u0b95\u0bcd\u0b95\u0bbf\u0bb1\u0bbe\u0ba9\u0bc7."},{"Verseid":"60001019","Verse":"\u0b95\u0bb0\u0bcd\u0ba4\u0bcd\u0ba4\u0bb0\u0bc1\u0bae\u0bcd \u0b87\u0bb0\u0b9f\u0bcd\u0b9a\u0b95\u0bb0\u0bc1\u0bae\u0bbe\u0baf\u0bbf\u0bb0\u0bc1\u0b95\u0bcd\u0b95\u0bbf\u0bb1 \u0b87\u0baf\u0bc7\u0b9a\u0bc1\u0b95\u0bbf\u0bb1\u0bbf\u0bb8\u0bcd\u0ba4\u0bc1\u0bb5\u0bc8 \u0b85\u0bb1\u0bbf\u0b95\u0bbf\u0bb1 \u0b85\u0bb1\u0bbf\u0bb5\u0bbf\u0ba9\u0bbe\u0bb2\u0bc7 \u0b89\u0bb2\u0b95\u0ba4\u0bcd\u0ba4\u0bbf\u0ba9\u0bcd \u0b85\u0b9a\u0bc1\u0ba4\u0bcd\u0ba4\u0b99\u0bcd\u0b95\u0bb3\u0bc1\u0b95\u0bcd\u0b95\u0bc1\u0ba4\u0bcd \u0ba4\u0baa\u0bcd\u0baa\u0bbf\u0ba9\u0bb5\u0bb0\u0bcd\u0b95\u0bb3\u0bcd \u0bae\u0bb1\u0bc1\u0baa\u0b9f\u0bbf\u0baf\u0bc1\u0bae\u0bcd \u0b85\u0bb5\u0bc8\u0b95\u0bb3\u0bbe\u0bb2\u0bcd \u0b9a\u0bbf\u0b95\u0bcd\u0b95\u0bbf\u0b95\u0bcd\u0b95\u0bca\u0ba3\u0bcd\u0b9f\u0bc1 \u0b9c\u0bc6\u0baf\u0bbf\u0b95\u0bcd\u0b95\u0baa\u0bcd\u0baa\u0b9f\u0bcd\u0b9f\u0bbe\u0bb2\u0bcd, \u0b85\u0bb5\u0bb0\u0bcd\u0b95\u0bb3\u0bc1\u0b9f\u0bc8\u0baf \u0baa\u0bbf\u0ba9\u0bcd\u0ba9\u0bbf\u0bb2\u0bc8\u0bae\u0bc8 \u0bae\u0bc1\u0ba9\u0bcd\u0ba9\u0bbf\u0bb2\u0bc8\u0bae\u0bc8\u0baf\u0bbf\u0bb2\u0bc1\u0bae\u0bcd \u0b95\u0bc7\u0b9f\u0bc1\u0bb3\u0bcd\u0bb3\u0ba4\u0bbe\u0baf\u0bbf\u0bb0\u0bc1\u0b95\u0bcd\u0b95\u0bc1\u0bae\u0bcd."},{"Verseid":"60001020","Verse":"\u0b85\u0bb5\u0bb0\u0bcd\u0b95\u0bb3\u0bcd \u0ba8\u0bc0\u0ba4\u0bbf\u0baf\u0bbf\u0ba9\u0bcd \u0bae\u0bbe\u0bb0\u0bcd\u0b95\u0bcd\u0b95\u0ba4\u0bcd\u0ba4\u0bc8 \u0b85\u0bb1\u0bbf\u0ba8\u0bcd\u0ba4 \u0baa\u0bbf\u0ba9\u0bcd\u0baa\u0bc1 \u0ba4\u0b99\u0bcd\u0b95\u0bb3\u0bc1\u0b95\u0bcd\u0b95\u0bc1 \u0b92\u0baa\u0bcd\u0baa\u0bc1\u0bb5\u0bbf\u0b95\u0bcd\u0b95\u0baa\u0bcd\u0baa\u0b9f\u0bcd\u0b9f \u0baa\u0bb0\u0bbf\u0b9a\u0bc1\u0ba4\u0bcd\u0ba4 \u0b95\u0bb1\u0bcd\u0baa\u0ba9\u0bc8\u0baf\u0bc8 \u0bb5\u0bbf\u0b9f\u0bcd\u0b9f\u0bc1 \u0bb5\u0bbf\u0bb2\u0b95\u0bc1\u0bb5\u0ba4\u0bc8\u0baa\u0bcd\u0baa\u0bbe\u0bb0\u0bcd\u0b95\u0bcd\u0b95\u0bbf\u0bb2\u0bc1\u0bae\u0bcd \u0b85\u0ba4\u0bc8 \u0b85\u0bb1\u0bbf\u0baf\u0bbe\u0ba4\u0bbf\u0bb0\u0bc1\u0ba8\u0bcd\u0ba4\u0bbe\u0bb0\u0bcd\u0b95\u0bb3\u0bbe\u0ba9\u0bbe\u0bb2\u0bcd \u0b85\u0bb5\u0bb0\u0bcd\u0b95\u0bb3\u0bc1\u0b95\u0bcd\u0b95\u0bc1 \u0ba8\u0bb2\u0bae\u0bbe\u0baf\u0bbf\u0bb0\u0bc1\u0b95\u0bcd\u0b95\u0bc1\u0bae\u0bcd."},{"Verseid":"60001021","Verse":"\u0ba8\u0bbe\u0baf\u0bcd \u0ba4\u0bbe\u0ba9\u0bcd \u0b95\u0b95\u0bcd\u0b95\u0bbf\u0ba9\u0ba4\u0bc8\u0ba4\u0bcd \u0ba4\u0bbf\u0ba9\u0bcd\u0ba9\u0bb5\u0bc1\u0bae\u0bcd, \u0b95\u0bb4\u0bc1\u0bb5\u0baa\u0bcd\u0baa\u0b9f\u0bcd\u0b9f \u0baa\u0ba9\u0bcd\u0bb1\u0bbf \u0b9a\u0bc7\u0bb1\u0bcd\u0bb1\u0bbf\u0bb2\u0bc7 \u0baa\u0bc1\u0bb0\u0bb3\u0bb5\u0bc1\u0bae\u0bcd \u0ba4\u0bbf\u0bb0\u0bc1\u0bae\u0bcd\u0baa\u0bbf\u0ba9\u0ba4\u0bc1 \u0b8e\u0ba9\u0bcd\u0bb1\u0bc1 \u0b9a\u0bca\u0bb2\u0bcd\u0bb2\u0baa\u0bcd\u0baa\u0b9f\u0bcd\u0b9f \u0bae\u0bc6\u0baf\u0bcd\u0baf\u0bbe\u0ba9 \u0baa\u0bb4\u0bae\u0bca\u0bb4\u0bbf\u0baf\u0bbf\u0ba9\u0bcd\u0baa\u0b9f\u0bbf\u0baf\u0bc7 \u0b85\u0bb5\u0bb0\u0bcd\u0b95\u0bb3\u0bc1\u0b95\u0bcd\u0b95\u0bc1\u0b9a\u0bcd \u0b9a\u0bae\u0bcd\u0baa\u0bb5\u0bbf\u0ba4\u0bcd\u0ba4\u0ba4\u0bc1."}]},{"Verse":[{"Verseid":"60002000","Verse":"\u0baa\u0bbf\u0bb0\u0bbf\u0baf\u0bae\u0bbe\u0ba9\u0bb5\u0bb0\u0bcd\u0b95\u0bb3\u0bc7, \u0b87\u0ba8\u0bcd\u0ba4 \u0b87\u0bb0\u0ba3\u0bcd\u0b9f\u0bbe\u0bae\u0bcd \u0ba8\u0bbf\u0bb0\u0bc1\u0baa\u0ba4\u0bcd\u0ba4\u0bc8 \u0b87\u0baa\u0bcd\u0baa\u0bca\u0bb4\u0bc1\u0ba4\u0bc1 \u0b89\u0b99\u0bcd\u0b95\u0bb3\u0bc1\u0b95\u0bcd\u0b95\u0bc1 \u0b8e\u0bb4\u0bc1\u0ba4\u0bc1\u0b95\u0bbf\u0bb1\u0bc7\u0ba9\u0bcd."},{"Verseid":"60002001","Verse":"\u0baa\u0bb0\u0bbf\u0b9a\u0bc1\u0ba4\u0bcd\u0ba4 \u0ba4\u0bc0\u0bb0\u0bcd\u0b95\u0bcd\u0b95\u0ba4\u0bb0\u0bbf\u0b9a\u0bbf\u0b95\u0bb3\u0bbe\u0bb2\u0bcd \u0bae\u0bc1\u0ba9\u0bcd\u0b9a\u0bca\u0bb2\u0bcd\u0bb2\u0baa\u0bcd\u0baa\u0b9f\u0bcd\u0b9f \u0bb5\u0bbe\u0bb0\u0bcd\u0ba4\u0bcd\u0ba4\u0bc8\u0b95\u0bb3\u0bc8\u0baf\u0bc1\u0bae\u0bcd, \u0b87\u0bb0\u0b9f\u0bcd\u0b9a\u0b95\u0bbe\u0bb0\u0bbe\u0baf\u0bbf\u0bb0\u0bc1\u0b95\u0bcd\u0b95\u0bbf\u0bb1 \u0b95\u0bb0\u0bcd\u0ba4\u0bcd\u0ba4\u0bb0\u0bc1\u0b9f\u0bc8\u0baf \u0b85\u0baa\u0bcd\u0baa\u0bcb\u0bb8\u0bcd\u0ba4\u0bb2\u0bb0\u0bbe\u0b95\u0bbf\u0baf \u0b8e\u0b99\u0bcd\u0b95\u0bb3\u0bc1\u0b9f\u0bc8\u0baf \u0b95\u0b9f\u0bcd\u0b9f\u0bb3\u0bc8\u0b95\u0bb3\u0bc8\u0baf\u0bc1\u0bae\u0bcd \u0ba8\u0bc0\u0b99\u0bcd\u0b95\u0bb3\u0bcd \u0ba8\u0bbf\u0ba9\u0bc8\u0bb5\u0bc1\u0b95\u0bc2\u0bb0\u0bc1\u0bae\u0bcd\u0baa\u0b9f\u0bbf \u0b87\u0ba8\u0bcd\u0ba4 \u0ba8\u0bbf\u0bb0\u0bc1\u0baa\u0b99\u0bcd\u0b95\u0bb3\u0bbf\u0ba9\u0bbe\u0bb2\u0bcd \u0b89\u0b99\u0bcd\u0b95\u0bb3\u0bcd \u0b89\u0ba3\u0bcd\u0bae\u0bc8\u0baf\u0bbe\u0ba9 \u0bae\u0ba9\u0ba4\u0bc8 \u0ba8\u0bbf\u0ba9\u0bc8\u0baa\u0bcd\u0baa\u0bc2\u0b9f\u0bcd\u0b9f\u0bbf \u0b8e\u0bb4\u0bc1\u0baa\u0bcd\u0baa\u0bc1\u0b95\u0bbf\u0bb1\u0bc7\u0ba9\u0bcd."},{"Verseid":"60002002","Verse":"\u0bae\u0bc1\u0ba4\u0bb2\u0bbe\u0bb5\u0ba4\u0bc1 \u0ba8\u0bc0\u0b99\u0bcd\u0b95\u0bb3\u0bcd \u0b85\u0bb1\u0bbf\u0baf\u0bb5\u0bc7\u0ba3\u0bcd\u0b9f\u0bbf\u0baf\u0ba4\u0bc1 \u0b8e\u0ba9\u0bcd\u0ba9\u0bb5\u0bc6\u0ba9\u0bbf\u0bb2\u0bcd: \u0b95\u0b9f\u0bc8\u0b9a\u0bbf\u0ba8\u0bbe\u0b9f\u0bcd\u0b95\u0bb3\u0bbf\u0bb2\u0bcd \u0baa\u0bb0\u0bbf\u0baf\u0bbe\u0b9a\u0b95\u0bcd\u0b95\u0bbe\u0bb0\u0bb0\u0bcd \u0bb5\u0ba8\u0bcd\u0ba4\u0bc1, \u0ba4\u0b99\u0bcd\u0b95\u0bb3\u0bcd \u0b9a\u0bc1\u0baf\u0b87\u0b9a\u0bcd\u0b9a\u0bc8\u0b95\u0bb3\u0bbf\u0ba9\u0bcd\u0baa\u0b9f\u0bbf\u0baf\u0bc7 \u0ba8\u0b9f\u0ba8\u0bcd\u0ba4\u0bc1,"},{"Verseid":"60002003","Verse":"\u0b85\u0bb5\u0bb0\u0bcd \u0bb5\u0bb0\u0bc1\u0bb5\u0bbe\u0bb0\u0bcd \u0b8e\u0ba9\u0bcd\u0bb1\u0bc1 \u0b9a\u0bca\u0bb2\u0bcd\u0bb2\u0bc1\u0b95\u0bbf\u0bb1 \u0bb5\u0bbe\u0b95\u0bcd\u0b95\u0bc1\u0ba4\u0bcd\u0ba4\u0ba4\u0bcd\u0ba4\u0bae\u0bcd \u0b8e\u0b99\u0bcd\u0b95\u0bc7? \u0baa\u0bbf\u0ba4\u0bbe\u0b95\u0bcd\u0b95\u0bb3\u0bcd \u0ba8\u0bbf\u0ba4\u0bcd\u0ba4\u0bbf\u0bb0\u0bc8\u0baf\u0b9f\u0bc8\u0ba8\u0bcd\u0ba4\u0baa\u0bbf\u0ba9\u0bcd\u0baa\u0bc1 \u0b9a\u0b95\u0bb2\u0bae\u0bc1\u0bae\u0bcd \u0b9a\u0bbf\u0bb0\u0bc1\u0bb7\u0bcd\u0b9f\u0bbf\u0baa\u0bcd\u0baa\u0bbf\u0ba9\u0bcd \u0ba4\u0bcb\u0bb1\u0bcd\u0bb1\u0bae\u0bc1\u0ba4\u0bb2\u0bcd \u0b87\u0bb0\u0bc1\u0ba8\u0bcd\u0ba4\u0bb5\u0bbf\u0ba4\u0bae\u0bbe\u0baf\u0bbf\u0bb0\u0bc1\u0b95\u0bcd\u0b95\u0bbf\u0bb1\u0ba4\u0bc7 \u0b8e\u0ba9\u0bcd\u0bb1\u0bc1 \u0b9a\u0bca\u0bb2\u0bcd\u0bb2\u0bc1\u0bb5\u0bbe\u0bb0\u0bcd\u0b95\u0bb3\u0bcd."},{"Verseid":"60002004","Verse":"\u0baa\u0bc2\u0bb0\u0bcd\u0bb5\u0b95\u0bbe\u0bb2\u0ba4\u0bcd\u0ba4\u0bbf\u0bb2\u0bcd \u0ba4\u0bc7\u0bb5\u0ba9\u0bc1\u0b9f\u0bc8\u0baf \u0bb5\u0bbe\u0bb0\u0bcd\u0ba4\u0bcd\u0ba4\u0bc8\u0baf\u0bbf\u0ba9\u0bbe\u0bb2\u0bc7 \u0bb5\u0bbe\u0ba9\u0b99\u0bcd\u0b95\u0bb3\u0bc1\u0bae\u0bcd, \u0b89\u0bb2\u0b95\u0ba4\u0bcd\u0ba4\u0bbf\u0ba9\u0bbf\u0ba9\u0bcd\u0bb1\u0bc1 \u0ba4\u0bcb\u0ba9\u0bcd\u0bb1\u0bbf \u0b9c\u0bb2\u0ba4\u0bcd\u0ba4\u0bbf\u0ba9\u0bbe\u0bb2\u0bc7 \u0ba8\u0bbf\u0bb2\u0bc8\u0b95\u0bca\u0ba3\u0bcd\u0b9f\u0bbf\u0bb0\u0bc1\u0b95\u0bcd\u0b95\u0bbf\u0bb1 \u0baa\u0bc2\u0bae\u0bbf\u0baf\u0bc1\u0bae\u0bcd \u0b89\u0ba3\u0b9f\u0bbe\u0baf\u0bbf\u0ba9\u0bb5\u0bc6\u0ba9\u0bcd\u0baa\u0ba4\u0bc8\u0baf\u0bc1\u0bae\u0bcd,"},{"Verseid":"60002005","Verse":"\u0b85\u0baa\u0bcd\u0baa\u0bca\u0bb4\u0bc1\u0ba4\u0bc1 \u0b87\u0bb0\u0bc1\u0ba8\u0bcd\u0ba4 \u0b89\u0bb2\u0b95\u0bae\u0bcd \u0b9c\u0bb2\u0baa\u0bcd\u0baa\u0bbf\u0bb0\u0bb3\u0baf\u0ba4\u0bcd\u0ba4\u0bbf\u0ba9\u0bbe\u0bb2\u0bc7 \u0b85\u0bb4\u0bbf\u0ba8\u0bcd\u0ba4\u0ba4\u0bc6\u0ba9\u0bcd\u0baa\u0ba4\u0bc8\u0baf\u0bc1\u0bae\u0bcd \u0bae\u0ba9\u0ba4\u0bbe\u0bb0 \u0b85\u0bb1\u0bbf\u0baf\u0bbe\u0bae\u0bb2\u0bbf\u0bb0\u0bc1\u0b95\u0bcd\u0b95\u0bbf\u0bb1\u0bbe\u0bb0\u0bcd\u0b95\u0bb3\u0bcd."},{"Verseid":"60002006","Verse":"\u0b87\u0baa\u0bcd\u0baa\u0bca\u0bb4\u0bc1\u0ba4\u0bc1 \u0b87\u0bb0\u0bc1\u0b95\u0bcd\u0b95\u0bbf\u0bb1 \u0bb5\u0bbe\u0ba9\u0b99\u0bcd\u0b95\u0bb3\u0bc1\u0bae\u0bcd \u0baa\u0bc2\u0bae\u0bbf\u0baf\u0bc1\u0bae\u0bcd \u0b85\u0ba8\u0bcd\u0ba4 \u0bb5\u0bbe\u0bb0\u0bcd\u0ba4\u0bcd\u0ba4\u0bc8\u0baf\u0bbf\u0ba9\u0bbe\u0bb2\u0bc7\u0baf\u0bc7 \u0b85\u0b95\u0bcd\u0b95\u0bbf\u0ba9\u0bbf\u0b95\u0bcd\u0b95\u0bc1 \u0b87\u0bb0\u0bc8\u0baf\u0bbe\u0b95 \u0bb5\u0bc8\u0b95\u0bcd\u0b95\u0baa\u0bcd\u0baa\u0b9f\u0bcd\u0b9f\u0bc1, \u0ba4\u0bc7\u0bb5\u0baa\u0b95\u0bcd\u0ba4\u0bbf\u0baf\u0bbf\u0bb2\u0bcd\u0bb2\u0bbe\u0ba4\u0bb5\u0bb0\u0bcd\u0b95\u0bb3\u0bcd \u0ba8\u0bbf\u0baf\u0bbe\u0baf\u0ba8\u0bcd\u0ba4\u0bc0\u0bb0\u0bcd\u0b95\u0bcd\u0b95\u0baa\u0bcd\u0baa\u0b9f\u0bcd\u0b9f\u0bc1 \u0b85\u0bb4\u0bbf\u0ba8\u0bcd\u0ba4\u0bc1\u0baa\u0bcb\u0b95\u0bc1\u0bae\u0bcd \u0ba8\u0bbe\u0bb3\u0bcd\u0bb5\u0bb0\u0bc8\u0b95\u0bcd\u0b95\u0bc1\u0bae\u0bcd \u0b95\u0bbe\u0b95\u0bcd\u0b95\u0baa\u0bcd\u0baa\u0b9f\u0bcd\u0b9f\u0bbf\u0bb0\u0bc1\u0b95\u0bcd\u0b95\u0bbf\u0bb1\u0ba4\u0bc1."},{"Verseid":"60002007","Verse":"\u0baa\u0bbf\u0bb0\u0bbf\u0baf\u0bae\u0bbe\u0ba9\u0bb5\u0bb0\u0bcd\u0b95\u0bb3\u0bc7, \u0b95\u0bb0\u0bcd\u0ba4\u0bcd\u0ba4\u0bb0\u0bc1\u0b95\u0bcd\u0b95\u0bc1 \u0b92\u0bb0\u0bc1\u0ba8\u0bbe\u0bb3\u0bcd \u0b86\u0baf\u0bbf\u0bb0\u0bae\u0bcd\u0bb5\u0bb0\u0bc1\u0bb7\u0bae\u0bcd\u0baa\u0bcb\u0bb2\u0bb5\u0bc1\u0bae\u0bcd, \u0b86\u0baf\u0bbf\u0bb0\u0bae\u0bcd\u0bb5\u0bb0\u0bc1\u0bb7\u0bae\u0bcd \u0b92\u0bb0\u0bc1\u0ba8\u0bbe\u0bb3\u0bcd\u0baa\u0bcb\u0bb2\u0bb5\u0bc1\u0bae\u0bcd \u0b87\u0bb0\u0bc1\u0b95\u0bcd\u0b95\u0bbf\u0bb1\u0ba4\u0bc6\u0ba9\u0bcd\u0b95\u0bbf\u0bb1 \u0b87\u0ba8\u0bcd\u0ba4 \u0b92\u0bb0\u0bc1 \u0b95\u0bbe\u0bb0\u0bbf\u0baf\u0ba4\u0bcd\u0ba4\u0bc8 \u0ba8\u0bc0\u0b99\u0bcd\u0b95\u0bb3\u0bcd \u0b85\u0bb1\u0bbf\u0baf\u0bbe\u0ba4\u0bbf\u0bb0\u0bc1\u0b95\u0bcd\u0b95\u0bb5\u0bc7\u0ba3\u0bcd\u0b9f\u0bbe\u0bae\u0bcd."},{"Verseid":"60002008","Verse":"\u0ba4\u0bbe\u0bae\u0ba4\u0bbf\u0b95\u0bcd\u0b95\u0bbf\u0bb1\u0bbe\u0bb0\u0bcd \u0b8e\u0ba9\u0bcd\u0bb1\u0bc1 \u0b9a\u0bbf\u0bb2\u0bb0\u0bcd \u0b8e\u0ba3\u0bcd\u0ba3\u0bc1\u0b95\u0bbf\u0bb1\u0baa\u0b9f\u0bbf \u0b95\u0bb0\u0bcd\u0ba4\u0bcd\u0ba4\u0bb0\u0bcd \u0ba4\u0bae\u0ba4\u0bc1 \u0bb5\u0bbe\u0b95\u0bcd\u0b95\u0bc1\u0ba4\u0bcd\u0ba4\u0ba4\u0bcd\u0ba4\u0ba4\u0bcd\u0ba4\u0bc8\u0b95\u0bcd\u0b95\u0bc1\u0bb1\u0bbf\u0ba4\u0bcd\u0ba4\u0bc1\u0ba4\u0bcd \u0ba4\u0bbe\u0bae\u0ba4\u0bae\u0bbe\u0baf\u0bbf\u0bb0\u0bbe\u0bae\u0bb2\u0bcd; \u0b92\u0bb0\u0bc1\u0bb5\u0bb0\u0bc1\u0bae\u0bcd \u0b95\u0bc6\u0b9f\u0bcd\u0b9f\u0bc1\u0baa\u0bcd\u0baa\u0bcb\u0b95\u0bbe\u0bae\u0bb2\u0bcd \u0b8e\u0bb2\u0bcd\u0bb2\u0bbe\u0bb0\u0bc1\u0bae\u0bcd \u0bae\u0ba9\u0ba8\u0bcd\u0ba4\u0bbf\u0bb0\u0bc1\u0bae\u0bcd\u0baa\u0bb5\u0bc7\u0ba3\u0bcd\u0b9f\u0bc1\u0bae\u0bc6\u0ba9\u0bcd\u0bb1\u0bc1 \u0bb5\u0bbf\u0bb0\u0bc1\u0bae\u0bcd\u0baa\u0bbf, \u0ba8\u0bae\u0bcd\u0bae\u0bc7\u0bb2\u0bcd \u0ba8\u0bc0\u0b9f\u0bbf\u0baf \u0baa\u0bca\u0bb1\u0bc1\u0bae\u0bc8\u0baf\u0bc1\u0bb3\u0bcd\u0bb3\u0bb5\u0bb0\u0bbe\u0baf\u0bbf\u0bb0\u0bc1\u0b95\u0bcd\u0b95\u0bbf\u0bb1\u0bbe\u0bb0\u0bcd."},{"Verseid":"60002009","Verse":"\u0b95\u0bb0\u0bcd\u0ba4\u0bcd\u0ba4\u0bb0\u0bc1\u0b9f\u0bc8\u0baf \u0ba8\u0bbe\u0bb3\u0bcd \u0b87\u0bb0\u0bb5\u0bbf\u0bb2\u0bc7 \u0ba4\u0bbf\u0bb0\u0bc1\u0b9f\u0ba9\u0bcd \u0bb5\u0bb0\u0bc1\u0b95\u0bbf\u0bb1\u0bb5\u0bbf\u0ba4\u0bae\u0bbe\u0baf\u0bcd \u0bb5\u0bb0\u0bc1\u0bae\u0bcd; \u0b85\u0baa\u0bcd\u0baa\u0bca\u0bb4\u0bc1\u0ba4\u0bc1 \u0bb5\u0bbe\u0ba9\u0b99\u0bcd\u0b95\u0bb3\u0bcd \u0bae\u0b9f\u0bae\u0b9f \u0b8e\u0ba9\u0bcd\u0bb1\u0bc1 \u0b85\u0b95\u0ba9\u0bcd\u0bb1\u0bc1\u0baa\u0bcb\u0bae\u0bcd, \u0baa\u0bc2\u0ba4\u0b99\u0bcd\u0b95\u0bb3\u0bcd \u0bb5\u0bc6\u0ba8\u0bcd\u0ba4\u0bc1 \u0b89\u0bb0\u0bc1\u0b95\u0bbf\u0baa\u0bcd\u0baa\u0bcb\u0bae\u0bcd, \u0baa\u0bc2\u0bae\u0bbf\u0baf\u0bc1\u0bae\u0bcd \u0b85\u0ba4\u0bbf\u0bb2\u0bc1\u0bb3\u0bcd\u0bb3 \u0b95\u0bbf\u0bb0\u0bbf\u0baf\u0bc8\u0b95\u0bb3\u0bc1\u0bae\u0bc6\u0bb0\u0bbf\u0ba8\u0bcd\u0ba4\u0bc1 \u0b85\u0bb4\u0bbf\u0ba8\u0bcd\u0ba4\u0bc1\u0baa\u0bcb\u0bae\u0bcd."},{"Verseid":"60002010","Verse":"\u0b87\u0baa\u0bcd\u0baa\u0b9f\u0bbf \u0b87\u0bb5\u0bc8\u0b95\u0bb3\u0bc6\u0bb2\u0bcd\u0bb2\u0bbe\u0bae\u0bcd \u0b85\u0bb4\u0bbf\u0ba8\u0bcd\u0ba4\u0bc1\u0baa\u0bcb\u0b95\u0bbf\u0bb1\u0ba4\u0bbe\u0baf\u0bbf\u0bb0\u0bc1\u0b95\u0bcd\u0b95\u0bbf\u0bb1\u0baa\u0b9f\u0bbf\u0baf\u0bbe\u0bb2\u0bcd \u0ba8\u0bc0\u0b99\u0bcd\u0b95\u0bb3\u0bcd \u0b8e\u0baa\u0bcd\u0baa\u0b9f\u0bbf\u0baa\u0bcd\u0baa\u0b9f\u0bcd\u0b9f \u0baa\u0bb0\u0bbf\u0b9a\u0bc1\u0ba4\u0bcd\u0ba4 \u0ba8\u0b9f\u0b95\u0bcd\u0b95\u0bc8\u0baf\u0bc1\u0bae\u0bcd \u0ba4\u0bc7\u0bb5\u0baa\u0b95\u0bcd\u0ba4\u0bbf\u0baf\u0bc1\u0bae\u0bcd \u0b89\u0bb3\u0bcd\u0bb3\u0bb5\u0bb0\u0bcd\u0b95\u0bb3\u0bbe\u0baf\u0bbf\u0bb0\u0bc1\u0b95\u0bcd\u0b95\u0bb5\u0bc7\u0ba3\u0bcd\u0b9f\u0bc1\u0bae\u0bcd!"},{"Verseid":"60002011","Verse":"\u0ba4\u0bc7\u0bb5\u0ba9\u0bc1\u0b9f\u0bc8\u0baf \u0ba8\u0bbe\u0bb3\u0bcd \u0b9a\u0bc0\u0b95\u0bcd\u0b95\u0bbf\u0bb0\u0bae\u0bbe\u0baf\u0bcd \u0bb5\u0bb0\u0bc1\u0bae\u0bcd\u0baa\u0b9f\u0bbf\u0b95\u0bcd\u0b95\u0bc1 \u0bae\u0bbf\u0b95\u0bc1\u0ba8\u0bcd\u0ba4 \u0b86\u0bb5\u0bb2\u0bcb\u0b9f\u0bc7 \u0b95\u0bbe\u0ba4\u0bcd\u0ba4\u0bbf\u0bb0\u0bc1\u0b99\u0bcd\u0b95\u0bb3\u0bcd; \u0b85\u0ba8\u0bcd\u0ba4 \u0ba8\u0bbe\u0bb3\u0bbf\u0bb2\u0bcd \u0bb5\u0bbe\u0ba9\u0b99\u0bcd\u0b95\u0bb3\u0bcd \u0bb5\u0bc6\u0ba8\u0bcd\u0ba4\u0bc1 \u0b85\u0bb4\u0bbf\u0ba8\u0bcd\u0ba4\u0bc1, \u0baa\u0bc2\u0ba4\u0b99\u0bcd\u0b95\u0bb3\u0bcd \u0b8e\u0bb0\u0bbf\u0ba8\u0bcd\u0ba4\u0bc1 \u0b89\u0bb0\u0bc1\u0b95\u0bbf\u0baa\u0bcd\u0baa\u0bcb\u0bae\u0bcd."},{"Verseid":"60002012","Verse":"\u0b85\u0bb5\u0bb0\u0bc1\u0b9f\u0bc8\u0baf \u0bb5\u0bbe\u0b95\u0bcd\u0b95\u0bc1\u0ba4\u0bcd\u0ba4\u0ba4\u0bcd\u0ba4\u0ba4\u0bcd\u0ba4\u0bbf\u0ba9\u0bcd\u0baa\u0b9f\u0bbf\u0baf\u0bc7 \u0ba8\u0bc0\u0ba4\u0bbf \u0bb5\u0bbe\u0b9a\u0bae\u0bbe\u0baf\u0bbf\u0bb0\u0bc1\u0b95\u0bcd\u0b95\u0bc1\u0bae\u0bcd \u0baa\u0bc1\u0ba4\u0bbf\u0baf \u0bb5\u0bbe\u0ba9\u0b99\u0bcd\u0b95\u0bb3\u0bc1\u0bae\u0bcd \u0baa\u0bc1\u0ba4\u0bbf\u0baf \u0baa\u0bc2\u0bae\u0bbf\u0baf\u0bc1\u0bae\u0bcd \u0b89\u0ba3\u0bcd\u0b9f\u0bbe\u0b95\u0bc1\u0bae\u0bc6\u0ba9\u0bcd\u0bb1\u0bc1 \u0b95\u0bbe\u0ba4\u0bcd\u0ba4\u0bbf\u0bb0\u0bc1\u0b95\u0bcd\u0b95\u0bbf\u0bb1\u0bcb\u0bae\u0bcd."},{"Verseid":"60002013","Verse":"\u0b86\u0b95\u0bc8\u0baf\u0bbe\u0bb2\u0bcd, \u0baa\u0bbf\u0bb0\u0bbf\u0baf\u0bae\u0bbe\u0ba9\u0bb5\u0bb0\u0bcd\u0b95\u0bb3\u0bc7, \u0b87\u0bb5\u0bc8\u0b95\u0bb3\u0bcd \u0bb5\u0bb0\u0b95\u0bcd \u0b95\u0bbe\u0ba4\u0bcd\u0ba4\u0bbf\u0bb0\u0bc1\u0b95\u0bcd\u0b95\u0bbf\u0bb1 \u0ba8\u0bc0\u0b99\u0bcd\u0b95\u0bb3\u0bcd \u0b95\u0bb1\u0bc8\u0baf\u0bb1\u0bcd\u0bb1\u0bb5\u0bb0\u0bcd\u0b95\u0bb3\u0bc1\u0bae\u0bcd \u0baa\u0bbf\u0bb4\u0bc8\u0baf\u0bbf\u0bb2\u0bcd\u0bb2\u0bbe\u0ba4\u0bb5\u0bb0\u0bcd\u0b95\u0bb3\u0bc1\u0bae\u0bbe\u0baf\u0bcd\u0b9a\u0bcd \u0b9a\u0bae\u0bbe\u0ba4\u0bbe\u0ba9\u0ba4\u0bcd\u0ba4\u0bcb\u0b9f\u0bc7 \u0b85\u0bb5\u0bb0\u0bcd \u0b9a\u0ba8\u0bcd\u0ba8\u0bbf\u0ba4\u0bbf\u0baf\u0bbf\u0bb2\u0bcd \u0b95\u0bbe\u0ba3\u0baa\u0bcd\u0baa\u0b9f\u0bc1\u0bae\u0bcd\u0baa\u0b9f\u0bbf \u0b9c\u0bbe\u0b95\u0bcd\u0b95\u0bbf\u0bb0\u0ba4\u0bc8\u0baf\u0bbe\u0baf\u0bbf\u0bb0\u0bc1\u0b99\u0bcd\u0b95\u0bb3\u0bcd."},{"Verseid":"60002014","Verse":"\u0bae\u0bc7\u0bb2\u0bc1\u0bae\u0bcd \u0ba8\u0bae\u0bcd\u0bae\u0bc1\u0b9f\u0bc8\u0baf \u0b95\u0bb0\u0bcd\u0ba4\u0bcd\u0ba4\u0bb0\u0bbf\u0ba9\u0bcd \u0ba8\u0bc0\u0b9f\u0bbf\u0baf\u0baa\u0bca\u0bb1\u0bc1\u0bae\u0bc8\u0baf\u0bc8 \u0b87\u0bb0\u0b9f\u0bcd\u0b9a\u0bbf\u0baa\u0bcd\u0baa\u0bc6\u0ba9\u0bcd\u0bb1\u0bc1 \u0b8e\u0ba3\u0bcd\u0ba3\u0bc1\u0b99\u0bcd\u0b95\u0bb3\u0bcd; \u0ba8\u0bae\u0b95\u0bcd\u0b95\u0bc1\u0baa\u0bcd \u0baa\u0bbf\u0bb0\u0bbf\u0baf\u0bae\u0bbe\u0ba9 \u0b9a\u0b95\u0bcb\u0ba4\u0bb0\u0ba9\u0bbe\u0b95\u0bbf\u0baf \u0baa\u0bb5\u0bc1\u0bb2\u0bc1\u0bae\u0bcd \u0ba4\u0ba9\u0b95\u0bcd\u0b95\u0bc1 \u0b85\u0bb0\u0bc1\u0bb3\u0baa\u0bcd\u0baa\u0b9f\u0bcd\u0b9f \u0b9e\u0bbe\u0ba9\u0ba4\u0bcd\u0ba4\u0bbf\u0ba9\u0bbe\u0bb2\u0bc7 \u0b87\u0baa\u0bcd\u0baa\u0b9f\u0bbf\u0baf\u0bc7 \u0b89\u0b99\u0bcd\u0b95\u0bb3\u0bc1\u0b95\u0bcd\u0b95\u0bc1 \u0b8e\u0bb4\u0bc1\u0ba4\u0bbf\u0baf\u0bbf\u0bb0\u0bc1\u0b95\u0bcd\u0b95\u0bbf\u0bb1\u0bbe\u0ba9\u0bcd;"},{"Verseid":"60002015","Verse":"\u0b8e\u0bb2\u0bcd\u0bb2\u0bbe \u0ba8\u0bbf\u0bb0\u0bc1\u0baa\u0b99\u0bcd\u0b95\u0bb3\u0bbf\u0bb2\u0bc1\u0bae\u0bcd \u0b87\u0bb5\u0bc8\u0b95\u0bb3\u0bc8\u0b95\u0bcd\u0b95\u0bc1\u0bb1\u0bbf\u0ba4\u0bcd\u0ba4\u0bc1\u0baa\u0bcd \u0baa\u0bc7\u0b9a\u0bbf\u0baf\u0bbf\u0bb0\u0bc1\u0b95\u0bcd\u0b95\u0bbf\u0bb1\u0bbe\u0ba9\u0bcd; \u0b85\u0bb5\u0ba9\u0bcd \u0b9a\u0bca\u0ba9\u0bcd\u0ba9\u0bb5\u0bc8\u0b95\u0bb3\u0bbf\u0bb2\u0bcd \u0b9a\u0bbf\u0bb2 \u0b95\u0bbe\u0bb0\u0bbf\u0baf\u0b99\u0bcd\u0b95\u0bb3\u0bcd \u0b85\u0bb1\u0bbf\u0b95\u0bbf\u0bb1\u0ba4\u0bb1\u0bcd\u0b95\u0bc1 \u0b85\u0bb0\u0bbf\u0ba4\u0bbe\u0baf\u0bbf\u0bb0\u0bc1\u0b95\u0bcd\u0b95\u0bbf\u0bb1\u0ba4\u0bc1; \u0b95\u0bb2\u0bcd\u0bb2\u0bbe\u0ba4\u0bb5\u0bb0\u0bcd\u0b95\u0bb3\u0bc1\u0bae\u0bcd \u0b89\u0bb1\u0bc1\u0ba4\u0bbf\u0baf\u0bbf\u0bb2\u0bcd\u0bb2\u0bbe\u0ba4\u0bb5\u0bb0\u0bcd\u0b95\u0bb3\u0bc1\u0bae\u0bcd \u0bae\u0bb1\u0bcd\u0bb1 \u0bb5\u0bc7\u0ba4\u0bb5\u0bbe\u0b95\u0bcd\u0b95\u0bbf\u0baf\u0b99\u0bcd\u0b95\u0bb3\u0bc8\u0baa\u0bcd \u0baa\u0bc1\u0bb0\u0b9f\u0bcd\u0b9f\u0bc1\u0b95\u0bbf\u0bb1\u0ba4\u0bc1\u0baa\u0bcb\u0bb2\u0ba4\u0bcd \u0ba4\u0b99\u0bcd\u0b95\u0bb3\u0bc1\u0b95\u0bcd\u0b95\u0bc1\u0b95\u0bcd \u0b95\u0bc7\u0b9f\u0bc1\u0bb5\u0bb0\u0ba4\u0bcd\u0ba4\u0b95\u0bcd\u0b95\u0ba4\u0bbe\u0b95 \u0b87\u0bb5\u0bc8\u0b95\u0bb3\u0bc8\u0baf\u0bc1\u0bae\u0bcd \u0baa\u0bc1\u0bb0\u0b9f\u0bcd\u0b9f\u0bc1\u0b95\u0bbf\u0bb1\u0bbe\u0bb0\u0bcd\u0b95\u0bb3\u0bcd."},{"Verseid":"60002016","Verse":"\u0b86\u0ba4\u0bb2\u0bbe\u0bb2\u0bcd \u0baa\u0bbf\u0bb0\u0bbf\u0baf\u0bae\u0bbe\u0ba9\u0bb5\u0bb0\u0bcd\u0b95\u0bb3\u0bc7, \u0b87\u0bb5\u0bc8\u0b95\u0bb3\u0bcd \u0bae\u0bc1\u0ba9\u0bcd\u0ba9\u0bae\u0bc7 \u0ba8\u0bc0\u0b99\u0bcd\u0b95\u0bb3\u0bcd \u0b85\u0bb1\u0bbf\u0ba8\u0bcd\u0ba4\u0bbf\u0bb0\u0bc1\u0b95\u0bcd\u0b95\u0bbf\u0bb1\u0baa\u0b9f\u0bbf\u0baf\u0bbe\u0bb2\u0bcd, \u0b85\u0b95\u0bcd\u0b95\u0bbf\u0bb0\u0bae\u0b95\u0bcd\u0b95\u0bbe\u0bb0\u0bb0\u0bc1\u0b9f\u0bc8\u0baf \u0bb5\u0b9e\u0bcd\u0b9a\u0b95\u0ba4\u0bcd\u0ba4\u0bbf\u0bb2\u0bc7 \u0ba8\u0bc0\u0b99\u0bcd\u0b95\u0bb3\u0bcd \u0b87\u0bb4\u0bc1\u0baa\u0bcd\u0baa\u0bc1\u0ba3\u0bcd\u0b9f\u0bc1 \u0b89\u0b99\u0bcd\u0b95\u0bb3\u0bcd \u0b89\u0bb1\u0bc1\u0ba4\u0bbf\u0baf\u0bbf\u0bb2\u0bbf\u0bb0\u0bc1\u0ba8\u0bcd\u0ba4\u0bc1 \u0bb5\u0bbf\u0bb2\u0b95\u0bbf \u0bb5\u0bbf\u0bb4\u0bc1\u0ba8\u0bcd\u0ba4\u0bc1\u0baa\u0bcb\u0b95\u0bbe\u0ba4\u0baa\u0b9f\u0bbf\u0b95\u0bcd\u0b95\u0bc1 \u0b8e\u0b9a\u0bcd\u0b9a\u0bb0\u0bbf\u0b95\u0bcd\u0b95\u0bc8\u0baf\u0bbe\u0baf\u0bbf\u0bb0\u0bc1\u0ba8\u0bcd\u0ba4\u0bc1,"},{"Verseid":"60002017","Verse":"\u0ba8\u0bae\u0bcd\u0bae\u0bc1\u0b9f\u0bc8\u0baf \u0b95\u0bb0\u0bcd\u0ba4\u0bcd\u0ba4\u0bb0\u0bc1\u0bae\u0bcd \u0b87\u0bb0\u0b9f\u0bcd\u0b9a\u0b95\u0bb0\u0bc1\u0bae\u0bbe\u0b95\u0bbf\u0baf \u0b87\u0baf\u0bc7\u0b9a\u0bc1\u0b95\u0bbf\u0bb1\u0bbf\u0bb8\u0bcd\u0ba4\u0bc1\u0bb5\u0bbf\u0ba9\u0bcd \u0b95\u0bbf\u0bb0\u0bc1\u0baa\u0bc8\u0baf\u0bbf\u0bb2\u0bc1\u0bae\u0bcd \u0b85\u0bb5\u0bb0\u0bc8 \u0b85\u0bb1\u0bbf\u0b95\u0bbf\u0bb1 \u0b85\u0bb1\u0bbf\u0bb5\u0bbf\u0bb2\u0bc1\u0bae\u0bcd \u0bb5\u0bb3\u0bb0\u0bc1\u0b99\u0bcd\u0b95\u0bb3\u0bcd. \u0b85\u0bb5\u0bb0\u0bc1\u0b95\u0bcd\u0b95\u0bc1 \u0b87\u0baa\u0bcd\u0baa\u0bca\u0bb4\u0bc1\u0ba4\u0bc1\u0bae\u0bcd \u0b8e\u0ba9\u0bcd\u0bb1\u0bc6\u0ba9\u0bcd\u0bb1\u0bc8\u0b95\u0bcd\u0b95\u0bc1\u0bae\u0bcd \u0bae\u0b95\u0bbf\u0bae\u0bc8\u0baf\u0bc1\u0ba3\u0bcd\u0b9f\u0bbe\u0bb5\u0ba4\u0bbe\u0b95. \u0b86\u0bae\u0bc6\u0ba9\u0bcd."}]}]}