{"Chapter":[{"Verse":[{"Verseid":"61000000","Verse":"\u0b86\u0ba4\u0bbf\u0bae\u0bc1\u0ba4\u0bb2\u0bbe\u0baf\u0bcd \u0b87\u0bb0\u0bc1\u0ba8\u0bcd\u0ba4\u0ba4\u0bc1\u0bae\u0bcd, \u0ba8\u0bbe\u0b99\u0bcd\u0b95\u0bb3\u0bcd \u0b95\u0bc7\u0b9f\u0bcd\u0b9f\u0ba4\u0bc1\u0bae\u0bcd, \u0b8e\u0b99\u0bcd\u0b95\u0bb3\u0bcd \u0b95\u0ba3\u0bcd\u0b95\u0bb3\u0bbf\u0ba9\u0bbe\u0bb2\u0bc7 \u0b95\u0ba3\u0bcd\u0b9f\u0ba4\u0bc1\u0bae\u0bcd, \u0ba8\u0bbe\u0b99\u0bcd\u0b95\u0bb3\u0bcd \u0ba8\u0bcb\u0b95\u0bcd\u0b95\u0bbf\u0baa\u0bcd\u0baa\u0bbe\u0bb0\u0bcd\u0ba4\u0bcd\u0ba4\u0ba4\u0bc1\u0bae\u0bcd, \u0b8e\u0b99\u0bcd\u0b95\u0bb3\u0bcd \u0b95\u0bc8\u0b95\u0bb3\u0bbf\u0ba9\u0bbe\u0bb2\u0bc7 \u0ba4\u0bca\u0b9f\u0bcd\u0b9f\u0bc1\u0baa\u0bcd\u0baa\u0bbe\u0bb0\u0bcd\u0ba4\u0bcd\u0ba4\u0ba4\u0bc1\u0bae\u0bbe\u0baf\u0bbf\u0bb0\u0bc1\u0b95\u0bcd\u0b95\u0bbf\u0bb1 \u0b9c\u0bc0\u0bb5\u0bb5\u0bbe\u0bb0\u0bcd\u0ba4\u0bcd\u0ba4\u0bc8\u0baf\u0bc8\u0b95\u0bcd \u0b95\u0bc1\u0bb1\u0bbf\u0ba4\u0bcd\u0ba4\u0bc1 \u0b89\u0b99\u0bcd\u0b95\u0bb3\u0bc1\u0b95\u0bcd\u0b95\u0bc1 \u0b85\u0bb1\u0bbf\u0bb5\u0bbf\u0b95\u0bcd\u0b95\u0bbf\u0bb1\u0bcb\u0bae\u0bcd."},{"Verseid":"61000001","Verse":"\u0b85\u0ba8\u0bcd\u0ba4 \u0b9c\u0bc0\u0bb5\u0ba9\u0bcd \u0bb5\u0bc6\u0bb3\u0bbf\u0baa\u0bcd\u0baa\u0b9f\u0bcd\u0b9f\u0ba4\u0bc1; \u0baa\u0bbf\u0ba4\u0bbe\u0bb5\u0bbf\u0ba9\u0bbf\u0b9f\u0ba4\u0bcd\u0ba4\u0bbf\u0bb2\u0bbf\u0bb0\u0bc1\u0ba8\u0bcd\u0ba4\u0bc1\u0bae\u0bcd, \u0b8e\u0b99\u0bcd\u0b95\u0bb3\u0bc1\u0b95\u0bcd\u0b95\u0bc1 \u0bb5\u0bc6\u0bb3\u0bbf\u0baa\u0bcd\u0baa\u0b9f\u0bcd\u0b9f\u0ba4\u0bc1\u0bae\u0bbe\u0ba9 \u0ba8\u0bbf\u0ba4\u0bcd\u0ba4\u07e0\u03af\u0bae\u0bbe\u0baf\u0bbf\u0bb0\u0bc1\u0b95\u0bcd\u0b95\u0bbf\u0bb1 \u0b85\u0ba8\u0bcd\u0ba4 \u0b9c\u0bc0\u0bb5\u0ba9\u0bc8 \u0ba8\u0bbe\u0b99\u0bcd\u0b95\u0bb3\u0bcd \u0b95\u0ba3\u0bcd\u0b9f\u0bc1, \u0b85\u0ba4\u0bc8\u0b95\u0bcd\u0b95\u0bc1\u0bb1\u0bbf\u0ba4\u0bcd\u0ba4\u0bc1\u0b9a\u0bcd \u0b9a\u0bbe\u0b9f\u0bcd\u0b9a\u0bbf\u0b95\u0bcd\u0b95\u0bca\u0b9f\u0bc1\u0ba4\u0bcd\u0ba4\u0bc1, \u0b85\u0ba4\u0bc8 \u0b89\u0b99\u0bcd\u0b95\u0bb3\u0bc1\u0b95\u0bcd\u0b95\u0bc1 \u0b85\u0bb1\u0bbf\u0bb5\u0bbf\u0b95\u0bcd\u0b95\u0bbf\u0bb1\u0bcb\u0bae\u0bcd."},{"Verseid":"61000002","Verse":"\u0ba8\u0bc0\u0b99\u0bcd\u0b95\u0bb3\u0bc1\u0bae\u0bcd \u0b8e\u0b99\u0bcd\u0b95\u0bb3\u0bcb\u0b9f\u0bc7 \u0b90\u0b95\u0bcd\u0b95\u0bbf\u0baf\u0bae\u0bc1\u0bb3\u0bcd\u0bb3\u0bb5\u0bb0\u0bcd\u0b95\u0bb3\u0bbe\u0b95\u0bc1\u0bae\u0bcd\u0baa\u0b9f\u0bbf, \u0ba8\u0bbe\u0b99\u0bcd\u0b95\u0bb3\u0bcd \u0b95\u0ba3\u0bcd\u0b9f\u0bc1\u0bae\u0bcd \u0b95\u0bc7\u0b9f\u0bcd\u0b9f\u0bc1\u0bae\u0bcd \u0b87\u0bb0\u0bc1\u0b95\u0bcd\u0b95\u0bbf\u0bb1\u0ba4\u0bc8 \u0b89\u0b99\u0bcd\u0b95\u0bb3\u0bc1\u0b95\u0bcd\u0b95\u0bc1\u0bae\u0bcd \u0b85\u0bb1\u0bbf\u0bb5\u0bbf\u0b95\u0bcd\u0b95\u0bbf\u0bb1\u0bcb\u0bae\u0bcd; \u0b8e\u0b99\u0bcd\u0b95\u0bb3\u0bc1\u0b9f\u0bc8\u0baf \u0b90\u0b95\u0bcd\u0b95\u0bbf\u0baf\u0bae\u0bcd \u0baa\u0bbf\u0ba4\u0bbe\u0bb5\u0bcb\u0b9f\u0bc1\u0bae\u0bcd \u0b85\u0bb5\u0bb0\u0bc1\u0b9f\u0bc8\u0baf \u0b95\u0bc1\u0bae\u0bbe\u0bb0\u0ba9\u0bbe\u0b95\u0bbf\u0baf \u0b87\u0baf\u0bc7\u0b9a\u0bc1\u0b95\u0bbf\u0bb1\u0bbf\u0bb8\u0bcd\u0ba4\u0bc1\u0bb5\u0bcb\u0b9f\u0bc1\u0bae\u0bcd \u0b87\u0bb0\u0bc1\u0b95\u0bcd\u0b95\u0bbf\u0bb1\u0ba4\u0bc1."},{"Verseid":"61000003","Verse":"\u0b89\u0b99\u0bcd\u0b95\u0bb3\u0bcd \u0b9a\u0ba8\u0bcd\u0ba4\u0bcb\u0bb7\u0bae\u0bcd \u0ba8\u0bbf\u0bb1\u0bc8\u0bb5\u0bbe\u0baf\u0bbf\u0bb0\u0bc1\u0b95\u0bcd\u0b95\u0bc1\u0bae\u0bcd\u0baa\u0b9f\u0bbf \u0b87\u0bb5\u0bc8\u0b95\u0bb3\u0bc8 \u0b89\u0b99\u0bcd\u0b95\u0bb3\u0bc1\u0b95\u0bcd\u0b95\u0bc1 \u0b8e\u0bb4\u0bc1\u0ba4\u0bc1\u0b95\u0bbf\u0bb1\u0bc7\u0ba9\u0bcd."},{"Verseid":"61000004","Verse":"\u0ba4\u0bc7\u0bb5\u0ba9\u0bcd \u0b92\u0bb3\u0bbf\u0baf\u0bbe\u0baf\u0bbf\u0bb0\u0bc1\u0b95\u0bcd\u0b95\u0bbf\u0bb1\u0bbe\u0bb0\u0bcd, \u0b85\u0bb5\u0bb0\u0bbf\u0bb2\u0bcd \u0b8e\u0bb5\u0bcd\u0bb5\u0bb3\u0bb5\u0bc7\u0ba9\u0bc1\u0bae\u0bcd \u0b87\u0bb0\u0bc1\u0bb3\u0bbf\u0bb2\u0bcd\u0bb2\u0bc8; \u0b87\u0ba4\u0bc1 \u0ba8\u0bbe\u0b99\u0bcd\u0b95\u0bb3\u0bcd \u0b85\u0bb5\u0bb0\u0bbf\u0b9f\u0ba4\u0bcd\u0ba4\u0bbf\u0bb2\u0bcd \u0b95\u0bc7\u0b9f\u0bcd\u0b9f\u0bc1, \u0b89\u0b99\u0bcd\u0b95\u0bb3\u0bc1\u0b95\u0bcd\u0b95\u0bc1 \u0b85\u0bb1\u0bbf\u0bb5\u0bbf\u0b95\u0bcd\u0b95\u0bbf\u0bb1 \u0bb5\u0bbf\u0b9a\u0bc7\u0bb7\u0bae\u0bbe\u0baf\u0bbf\u0bb0\u0bc1\u0b95\u0bcd\u0b95\u0bbf\u0bb1\u0ba4\u0bc1."},{"Verseid":"61000005","Verse":"\u0ba8\u0bbe\u0bae\u0bcd \u0b85\u0bb5\u0bb0\u0bcb\u0b9f\u0bc7 \u0b90\u0b95\u0bcd\u0b95\u0bbf\u0baf\u0baa\u0bcd\u0baa\u0b9f\u0bcd\u0b9f\u0bb5\u0bb0\u0bcd\u0b95\u0bb3\u0bcd \u0b8e\u0ba9\u0bcd\u0bb1\u0bc1 \u0b9a\u0bca\u0bb2\u0bcd\u0bb2\u0bbf\u0baf\u0bc1\u0bae\u0bcd, \u0b87\u0bb0\u0bc1\u0bb3\u0bbf\u0bb2\u0bc7 \u0ba8\u0b9f\u0b95\u0bcd\u0b95\u0bbf\u0bb1\u0bb5\u0bb0\u0bcd\u0b95\u0bb3\u0bbe\u0baf\u0bbf\u0bb0\u0bc1\u0ba8\u0bcd\u0ba4\u0bbe\u0bb2\u0bcd, \u0b9a\u0ba4\u0bcd\u0ba4\u0bbf\u0baf\u0ba4\u0bcd\u0ba4\u0bbf\u0ba9\u0bcd\u0baa\u0b9f\u0bbf \u0ba8\u0b9f\u0bb5\u0bbe\u0bae\u0bb2\u0bcd \u0baa\u0bca\u0baf\u0bcd\u0b9a\u0bca\u0bb2\u0bcd\u0bb2\u0bc1\u0b95\u0bbf\u0bb1\u0bb5\u0bb0\u0bcd\u0b95\u0bb3\u0bbe\u0baf\u0bbf\u0bb0\u0bc1\u0baa\u0bcd\u0baa\u0bcb\u0bae\u0bcd."},{"Verseid":"61000006","Verse":"\u0b85\u0bb5\u0bb0\u0bcd \u0b92\u0bb3\u0bbf\u0baf\u0bbf\u0bb2\u0bbf\u0bb0\u0bc1\u0b95\u0bcd\u0b95\u0bbf\u0bb1\u0ba4\u0bc1\u0baa\u0bcb\u0bb2 \u0ba8\u0bbe\u0bae\u0bc1\u0bae\u0bcd \u0b92\u0bb3\u0bbf\u0baf\u0bbf\u0bb2\u0bc7 \u0ba8\u0b9f\u0ba8\u0bcd\u0ba4\u0bbe\u0bb2\u0bcd \u0b92\u0bb0\u0bc1\u0bb5\u0bb0\u0bcb\u0b9f\u0bca\u0bb0\u0bc1\u0bb5\u0bb0\u0bcd \u0b90\u0b95\u0bcd\u0b95\u0bbf\u0baf\u0baa\u0bcd\u0baa\u0b9f\u0bcd\u0b9f\u0bbf\u0bb0\u0bc1\u0baa\u0bcd\u0baa\u0bcb\u0bae\u0bcd; \u0b85\u0bb5\u0bb0\u0bc1\u0b9f\u0bc8\u0baf \u0b95\u0bc1\u0bae\u0bbe\u0bb0\u0ba9\u0bbe\u0b95\u0bbf\u0baf \u0b87\u0baf\u0bc7\u0b9a\u0bc1\u0b95\u0bbf\u0bb1\u0bbf\u0bb8\u0bcd\u0ba4\u0bc1\u0bb5\u0bbf\u0ba9\u0bcd \u0b87\u0bb0\u0ba4\u0bcd\u0ba4\u0bae\u0bcd \u0b9a\u0b95\u0bb2 \u0baa\u0bbe\u0bb5\u0b99\u0bcd\u0b95\u0bb3\u0bc8\u0baf\u0bc1\u0bae\u0bcd \u0ba8\u0bc0\u0b95\u0bcd\u0b95\u0bbf, \u0ba8\u0bae\u0bcd\u0bae\u0bc8\u0b9a\u0bcd \u0b9a\u0bc1\u0ba4\u0bcd\u0ba4\u0bbf\u0b95\u0bb0\u0bbf\u0b95\u0bcd\u0b95\u0bc1\u0bae\u0bcd."},{"Verseid":"61000007","Verse":"\u0ba8\u0bae\u0b95\u0bcd\u0b95\u0bc1\u0baa\u0bcd \u0baa\u0bbe\u0bb5\u0bae\u0bbf\u0bb2\u0bcd\u0bb2\u0bc8\u0baf\u0bc6\u0ba9\u0bcd\u0baa\u0bcb\u0bae\u0bbe\u0ba9\u0bbe\u0bb2\u0bcd \u0ba8\u0bae\u0bcd\u0bae\u0bc8 \u0ba8\u0bbe\u0bae\u0bc7 \u0bb5\u0b9e\u0bcd\u0b9a\u0bbf\u0b95\u0bcd\u0b95\u0bbf\u0bb1\u0bb5\u0bb0\u0bcd\u0b95\u0bb3\u0bbe\u0baf\u0bbf\u0bb0\u0bc1\u0baa\u0bcd\u0baa\u0bcb\u0bae\u0bcd, \u0b9a\u0ba4\u0bcd\u0ba4\u0bbf\u0baf\u0bae\u0bcd \u0ba8\u0bae\u0b95\u0bcd\u0b95\u0bc1\u0bb3\u0bcd \u0b87\u0bb0\u0bbe\u0ba4\u0bc1."},{"Verseid":"61000008","Verse":"\u0ba8\u0bae\u0bcd\u0bae\u0bc1\u0b9f\u0bc8\u0baf \u0baa\u0bbe\u0bb5\u0b99\u0bcd\u0b95\u0bb3\u0bc8 \u0ba8\u0bbe\u0bae\u0bcd \u0b85\u0bb1\u0bbf\u0b95\u0bcd\u0b95\u0bc8\u0baf\u0bbf\u0b9f\u0bcd\u0b9f\u0bbe\u0bb2\u0bcd, \u0baa\u0bbe\u0bb5\u0b99\u0bcd\u0b95\u0bb3\u0bc8 \u0ba8\u0bae\u0b95\u0bcd\u0b95\u0bc1 \u0bae\u0ba9\u0bcd\u0ba9\u0bbf\u0ba4\u0bcd\u0ba4\u0bc1 \u0b8e\u0bb2\u0bcd\u0bb2\u0bbe \u0b85\u0ba8\u0bbf\u0baf\u0bbe\u0baf\u0ba4\u0bcd\u0ba4\u0bc8\u0baf\u0bc1\u0bae\u0bcd \u0ba8\u0bc0\u0b95\u0bcd\u0b95\u0bbf \u0ba8\u0bae\u0bcd\u0bae\u0bc8\u0b9a\u0bcd \u0b9a\u0bc1\u0ba4\u0bcd\u0ba4\u0bbf\u0b95\u0bb0\u0bbf\u0baa\u0bcd\u0baa\u0ba4\u0bb1\u0bcd\u0b95\u0bc1 \u0b85\u0bb5\u0bb0\u0bcd \u0b89\u0ba3\u0bcd\u0bae\u0bc8\u0baf\u0bc1\u0bae\u0bcd \u0ba8\u0bc0\u0ba4\u0bbf\u0baf\u0bc1\u0bae\u0bcd \u0b89\u0bb3\u0bcd\u0bb3\u0bb5\u0bb0\u0bbe\u0baf\u0bbf\u0bb0\u0bc1\u0b95\u0bcd\u0b95\u0bbf\u0bb1\u0bbe\u0bb0\u0bcd."},{"Verseid":"61000009","Verse":"\u0ba8\u0bbe\u0bae\u0bcd \u0baa\u0bbe\u0bb5\u0b9e\u0bcd\u0b9a\u0bc6\u0baf\u0bcd\u0baf\u0bb5\u0bbf\u0bb2\u0bcd\u0bb2\u0bc8\u0baf\u0bc6\u0ba9\u0bcd\u0baa\u0bcb\u0bae\u0bbe\u0ba9\u0bbe\u0bb2\u0bcd, \u0ba8\u0bbe\u0bae\u0bcd \u0b85\u0bb5\u0bb0\u0bc8\u0baa\u0bcd \u0baa\u0bca\u0baf\u0bcd\u0baf\u0bb0\u0bbe\u0b95\u0bcd\u0b95\u0bc1\u0b95\u0bbf\u0bb1\u0bb5\u0bb0\u0bcd\u0b95\u0bb3\u0bbe\u0baf\u0bbf\u0bb0\u0bc1\u0baa\u0bcd\u0baa\u0bcb\u0bae\u0bcd, \u0b85\u0bb5\u0bb0\u0bc1\u0b9f\u0bc8\u0baf \u0bb5\u0bbe\u0bb0\u0bcd\u0ba4\u0bcd\u0ba4\u0bc8 \u0ba8\u0bae\u0b95\u0bcd\u0b95\u0bc1\u0bb3\u0bcd \u0b87\u0bb0\u0bbe\u0ba4\u0bc1."}]},{"Verse":[{"Verseid":"61001000","Verse":"\u0b8e\u0ba9\u0bcd \u0baa\u0bbf\u0bb3\u0bcd\u0bb3\u0bc8\u0b95\u0bb3\u0bc7, \u0ba8\u0bc0\u0b99\u0bcd\u0b95\u0bb3\u0bcd \u0baa\u0bbe\u0bb5\u0b9e\u0bcd\u0b9a\u0bc6\u0baf\u0bcd\u0baf\u0bbe\u0ba4\u0baa\u0b9f\u0bbf\u0b95\u0bcd\u0b95\u0bc1 \u0b87\u0bb5\u0bc8\u0b95\u0bb3\u0bc8 \u0b89\u0b99\u0bcd\u0b95\u0bb3\u0bc1\u0b95\u0bcd\u0b95\u0bc1 \u0b8e\u0bb4\u0bc1\u0ba4\u0bc1\u0b95\u0bbf\u0bb1\u0bc7\u0ba9\u0bcd; \u0b92\u0bb0\u0bc1\u0bb5\u0ba9\u0bcd \u0baa\u0bbe\u0bb5\u0b9e\u0bcd\u0b9a\u0bc6\u0baf\u0bcd\u0bb5\u0bbe\u0ba9\u0bbe\u0ba9\u0bbe\u0bb2\u0bcd \u0ba8\u0bc0\u0ba4\u0bbf\u0baa\u0bb0\u0bb0\u0bbe\u0baf\u0bbf\u0bb0\u0bc1\u0b95\u0bcd\u0b95\u0bbf\u0bb1 \u0b87\u0baf\u0bc7\u0b9a\u0bc1\u0b95\u0bbf\u0bb1\u0bbf\u0bb8\u0bcd\u0ba4\u0bc1 \u0ba8\u0bae\u0b95\u0bcd\u0b95\u0bbe\u0b95\u0baa\u0bcd \u0baa\u0bbf\u0ba4\u0bbe\u0bb5\u0bbf\u0ba9\u0bbf\u0b9f\u0ba4\u0bcd\u0ba4\u0bbf\u0bb2\u0bcd \u0baa\u0bb0\u0bbf\u0ba8\u0bcd\u0ba4\u0bc1 \u0baa\u0bc7\u0b9a\u0bc1\u0b95\u0bbf\u0bb1\u0bb5\u0bb0\u0bbe\u0baf\u0bbf\u0bb0\u0bc1\u0b95\u0bcd\u0b95\u0bbf\u0bb1\u0bbe\u0bb0\u0bcd."},{"Verseid":"61001001","Verse":"\u0ba8\u0bae\u0bcd\u0bae\u0bc1\u0b9f\u0bc8\u0baf \u0baa\u0bbe\u0bb5\u0b99\u0bcd\u0b95\u0bb3\u0bc8 \u0ba8\u0bbf\u0bb5\u0bbf\u0bb0\u0bcd\u0ba4\u0bcd\u0ba4\u0bbf \u0b9a\u0bc6\u0baf\u0bcd\u0b95\u0bbf\u0bb1 \u0b95\u0bbf\u0bb0\u0bc1\u0baa\u0bbe\u0ba4\u0bbe\u0bb0\u0baa\u0bb2\u0bbf \u0b85\u0bb5\u0bb0\u0bc7; \u0ba8\u0bae\u0bcd\u0bae\u0bc1\u0b9f\u0bc8\u0baf \u0baa\u0bbe\u0bb5\u0b99\u0bcd\u0b95\u0bb3\u0bc8 \u0bae\u0bbe\u0ba4\u0bcd\u0ba4\u0bbf\u0bb0\u0bae\u0bcd \u0b85\u0bb2\u0bcd\u0bb2, \u0b9a\u0bb0\u0bcd\u0bb5\u0bb2\u0bcb\u0b95\u0ba4\u0bcd\u0ba4\u0bbf\u0ba9\u0bcd \u0baa\u0bbe\u0bb5\u0b99\u0bcd\u0b95\u0bb3\u0bc8\u0baf\u0bc1\u0bae\u0bcd \u0ba8\u0bbf\u0bb5\u0bbf\u0bb0\u0bcd\u0ba4\u0bcd\u0ba4\u0bbf\u0b9a\u0bc6\u0baf\u0bcd\u0b95\u0bbf\u0bb1 \u0baa\u0bb2\u0bbf\u0baf\u0bbe\u0baf\u0bbf\u0bb0\u0bc1\u0b95\u0bcd\u0b95\u0bbf\u0bb1\u0bbe\u0bb0\u0bcd."},{"Verseid":"61001002","Verse":"\u0b85\u0bb5\u0bb0\u0bc1\u0b9f\u0bc8\u0baf \u0b95\u0bb1\u0bcd\u0baa\u0ba9\u0bc8\u0b95\u0bb3\u0bc8 \u0ba8\u0bbe\u0bae\u0bcd \u0b95\u0bc8\u0b95\u0bcd\u0b95\u0bca\u0bb3\u0bcd\u0bb3\u0bc1\u0b95\u0bbf\u0bb1\u0bb5\u0bb0\u0bcd\u0b95\u0bb3\u0bbe\u0ba9\u0bbe\u0bb2\u0bcd, \u0b85\u0bb5\u0bb0\u0bc8 \u0b85\u0bb1\u0bbf\u0ba8\u0bcd\u0ba4\u0bbf\u0bb0\u0bc1\u0b95\u0bcd\u0b95\u0bbf\u0bb1\u0bcb\u0bae\u0bc6\u0ba9\u0bcd\u0baa\u0ba4\u0bc8 \u0b85\u0ba4\u0bbf\u0ba9\u0bbe\u0bb2\u0bcd \u0b85\u0bb1\u0bbf\u0bb5\u0bcb\u0bae\u0bcd."},{"Verseid":"61001003","Verse":"\u0b85\u0bb5\u0bb0\u0bc8 \u0b85\u0bb1\u0bbf\u0ba8\u0bcd\u0ba4\u0bbf\u0bb0\u0bc1\u0b95\u0bcd\u0b95\u0bbf\u0bb1\u0bc7\u0ba9\u0bc6\u0ba9\u0bcd\u0bb1\u0bc1 \u0b9a\u0bca\u0bb2\u0bcd\u0bb2\u0bbf\u0baf\u0bc1\u0bae\u0bcd, \u0b85\u0bb5\u0bb0\u0bc1\u0b9f\u0bc8\u0baf \u0b95\u0bb1\u0bcd\u0baa\u0ba9\u0bc8\u0b95\u0bb3\u0bc8\u0b95\u0bcd \u0b95\u0bc8\u0b95\u0bcd\u0b95\u0bca\u0bb3\u0bcd\u0bb3\u0bbe\u0ba4\u0bb5\u0ba9\u0bcd \u0baa\u0bca\u0baf\u0bcd\u0baf\u0ba9\u0bbe\u0baf\u0bbf\u0bb0\u0bc1\u0b95\u0bcd\u0b95\u0bbf\u0bb1\u0bbe\u0ba9\u0bcd, \u0b85\u0bb5\u0ba9\u0bc1\u0b95\u0bcd\u0b95\u0bc1\u0bb3\u0bcd \u0b9a\u0ba4\u0bcd\u0ba4\u0bbf\u0baf\u0bae\u0bbf\u0bb2\u0bcd\u0bb2\u0bc8."},{"Verseid":"61001004","Verse":"\u0b85\u0bb5\u0bb0\u0bc1\u0b9f\u0bc8\u0baf \u0bb5\u0b9a\u0ba9\u0ba4\u0bcd\u0ba4\u0bc8\u0b95\u0bcd \u0b95\u0bc8\u0b95\u0bcd\u0b95\u0bca\u0bb3\u0bcd\u0bb3\u0bc1\u0b95\u0bbf\u0bb1\u0bb5\u0ba9\u0bbf\u0b9f\u0ba4\u0bcd\u0ba4\u0bbf\u0bb2\u0bcd \u0ba4\u0bc7\u0bb5 \u0b85\u0ba9\u0bcd\u0baa\u0bc1 \u0bae\u0bc6\u0baf\u0bcd\u0baf\u0bbe\u0b95\u0baa\u0bcd \u0baa\u0bc2\u0bb0\u0ba3\u0baa\u0bcd\u0baa\u0b9f\u0bcd\u0b9f\u0bbf\u0bb0\u0bc1\u0b95\u0bcd\u0b95\u0bc1\u0bae\u0bcd; \u0ba8\u0bbe\u0bae\u0bcd \u0b85\u0bb5\u0bb0\u0bc1\u0b95\u0bcd\u0b95\u0bc1\u0bb3\u0bcd \u0b87\u0bb0\u0bc1\u0b95\u0bcd\u0b95\u0bbf\u0bb1\u0bcb\u0bae\u0bc6\u0ba9\u0bcd\u0baa\u0ba4\u0bc8 \u0b85\u0ba4\u0bbf\u0ba9\u0bbe\u0bb2\u0bc7 \u0b85\u0bb1\u0bbf\u0ba8\u0bcd\u0ba4\u0bbf\u0bb0\u0bc1\u0b95\u0bcd\u0b95\u0bbf\u0bb1\u0bcb\u0bae\u0bcd."},{"Verseid":"61001005","Verse":"\u0b85\u0bb5\u0bb0\u0bc1\u0b95\u0bcd\u0b95\u0bc1\u0bb3\u0bcd \u0ba8\u0bbf\u0bb2\u0bc8\u0ba4\u0bcd\u0ba4\u0bbf\u0bb0\u0bc1\u0b95\u0bcd\u0b95\u0bbf\u0bb1\u0bc7\u0ba9\u0bc6\u0ba9\u0bcd\u0bb1\u0bc1 \u0b9a\u0bca\u0bb2\u0bcd\u0bb2\u0bc1\u0b95\u0bbf\u0bb1\u0bb5\u0ba9\u0bcd, \u0b85\u0bb5\u0bb0\u0bcd \u0ba8\u0b9f\u0ba8\u0bcd\u0ba4\u0baa\u0b9f\u0bbf\u0baf\u0bc7 \u0ba4\u0bbe\u0ba9\u0bc1\u0bae\u0bcd \u0ba8\u0b9f\u0b95\u0bcd\u0b95\u0bb5\u0bc7\u0ba3\u0bcd\u0b9f\u0bc1\u0bae\u0bcd."},{"Verseid":"61001006","Verse":"\u0b9a\u0b95\u0bcb\u0ba4\u0bb0\u0bb0\u0bc7, \u0ba8\u0bbe\u0ba9\u0bcd \u0b89\u0b99\u0bcd\u0b95\u0bb3\u0bc1\u0b95\u0bcd\u0b95\u0bc1\u0baa\u0bcd \u0baa\u0bc1\u0ba4\u0bbf\u0baf \u0b95\u0bb1\u0bcd\u0baa\u0ba9\u0bc8\u0baf\u0bc8 \u0b85\u0bb2\u0bcd\u0bb2, \u0b86\u0ba4\u0bbf\u0bae\u0bc1\u0ba4\u0bb2\u0bcd \u0ba8\u0bc0\u0b99\u0bcd\u0b95\u0bb3\u0bcd \u0baa\u0bc6\u0bb1\u0bcd\u0bb1\u0bbf\u0bb0\u0bc1\u0b95\u0bcd\u0b95\u0bbf\u0bb1 \u0baa\u0bb4\u0bc8\u0baf \u0b95\u0bb1\u0bcd\u0baa\u0ba9\u0bc8\u0baf\u0bc8\u0baf\u0bc7 \u0b8e\u0bb4\u0bc1\u0ba4\u0bc1\u0b95\u0bbf\u0bb1\u0bc7\u0ba9\u0bcd; \u0b85\u0ba8\u0bcd\u0ba4\u0baa\u0bcd \u0baa\u0bb4\u0bc8\u0baf \u0b95\u0bb1\u0bcd\u0baa\u0ba9\u0bc8 \u0ba8\u0bc0\u0b99\u0bcd\u0b95\u0bb3\u0bcd \u0b86\u0ba4\u0bbf\u0bae\u0bc1\u0ba4\u0bb2\u0bcd \u0b95\u0bc7\u0b9f\u0bcd\u0b9f\u0bbf\u0bb0\u0bc1\u0b95\u0bcd\u0b95\u0bbf\u0bb1 \u0bb5\u0b9a\u0ba9\u0ba8\u0bcd\u0ba4\u0bbe\u0ba9\u0bc7."},{"Verseid":"61001007","Verse":"\u0bae\u0bc7\u0bb2\u0bc1\u0bae\u0bcd, \u0ba8\u0bbe\u0ba9\u0bcd \u0baa\u0bc1\u0ba4\u0bbf\u0baf \u0b95\u0bb1\u0bcd\u0baa\u0ba9\u0bc8\u0baf\u0bc8\u0baf\u0bc1\u0bae\u0bcd \u0b89\u0b99\u0bcd\u0b95\u0bb3\u0bc1\u0b95\u0bcd\u0b95\u0bc1 \u0b8e\u0bb4\u0bc1\u0ba4\u0bc1\u0b95\u0bbf\u0bb1\u0bc7\u0ba9\u0bcd, \u0b87\u0ba4\u0bc1 \u0b85\u0bb5\u0bb0\u0bc1\u0b95\u0bcd\u0b95\u0bc1\u0bb3\u0bcd\u0bb3\u0bc1\u0bae\u0bcd \u0b89\u0b99\u0bcd\u0b95\u0bb3\u0bc1\u0b95\u0bcd\u0b95\u0bc1\u0bb3\u0bcd\u0bb3\u0bc1\u0bae\u0bcd \u0bae\u0bc6\u0baf\u0bcd\u0baf\u0bbe\u0baf\u0bbf\u0bb0\u0bc1\u0b95\u0bcd\u0b95\u0bbf\u0bb1\u0ba4\u0bc1; \u0b8f\u0ba9\u0bc6\u0ba9\u0bcd\u0bb1\u0bbe\u0bb2\u0bcd, \u0b87\u0bb0\u0bc1\u0bb3\u0bcd \u0ba8\u0bc0\u0b99\u0bcd\u0b95\u0bbf\u0baa\u0bcd\u0baa\u0bcb\u0b95\u0bbf\u0bb1\u0ba4\u0bc1, \u0bae\u0bc6\u0baf\u0bcd\u0baf\u0bbe\u0ba9 \u0b92\u0bb3\u0bbf \u0b87\u0baa\u0bcd\u0baa\u0bca\u0bb4\u0bc1\u0ba4\u0bc1 \u0baa\u0bbf\u0bb0\u0b95\u0bbe\u0b9a\u0bbf\u0b95\u0bcd\u0b95\u0bbf\u0bb1\u0ba4\u0bc1."},{"Verseid":"61001008","Verse":"\u0b92\u0bb3\u0bbf\u0baf\u0bbf\u0bb2\u0bc7 \u0b87\u0bb0\u0bc1\u0b95\u0bcd\u0b95\u0bbf\u0bb1\u0bc7\u0ba9\u0bcd \u0b8e\u0ba9\u0bcd\u0bb1\u0bc1 \u0b9a\u0bca\u0bb2\u0bcd\u0bb2\u0bbf\u0baf\u0bc1\u0bae\u0bcd \u0ba4\u0ba9\u0bcd \u0b9a\u0b95\u0bcb\u0ba4\u0bb0\u0ba9\u0bc8\u0baa\u0bcd \u0baa\u0b95\u0bc8\u0b95\u0bcd\u0b95\u0bbf\u0bb1\u0bb5\u0ba9\u0bcd \u0b87\u0ba4\u0bc1\u0bb5\u0bb0\u0bc8\u0b95\u0bcd\u0b95\u0bc1\u0bae\u0bcd \u0b87\u0bb0\u0bc1\u0bb3\u0bbf\u0bb2\u0bc7 \u0b87\u0bb0\u0bc1\u0b95\u0bcd\u0b95\u0bbf\u0bb1\u0bbe\u0ba9\u0bcd."},{"Verseid":"61001009","Verse":"\u0ba4\u0ba9\u0bcd \u0b9a\u0b95\u0bcb\u0ba4\u0bb0\u0ba9\u0bbf\u0b9f\u0ba4\u0bcd\u0ba4\u0bbf\u0bb2\u0bcd \u0b85\u0ba9\u0bcd\u0baa\u0bc1\u0b95\u0bc2\u0bb0\u0bc1\u0b95\u0bbf\u0bb1\u0bb5\u0ba9\u0bcd \u0b92\u0bb3\u0bbf\u0baf\u0bbf\u0bb2\u0bc7 \u0ba8\u0bbf\u0bb2\u0bc8\u0b95\u0bca\u0ba3\u0bcd\u0b9f\u0bbf\u0bb0\u0bc1\u0b95\u0bcd\u0b95\u0bbf\u0bb1\u0bbe\u0ba9\u0bcd; \u0b85\u0bb5\u0ba9\u0bbf\u0b9f\u0ba4\u0bcd\u0ba4\u0bbf\u0bb2\u0bcd \u0b87\u0b9f\u0bb1\u0bb2\u0bcd \u0b92\u0ba9\u0bcd\u0bb1\u0bc1\u0bae\u0bbf\u0bb2\u0bcd\u0bb2\u0bc8."},{"Verseid":"61001010","Verse":"\u0ba4\u0ba9\u0bcd \u0b9a\u0b95\u0bcb\u0ba4\u0bb0\u0ba9\u0bc8\u0baa\u0bcd \u0baa\u0b95\u0bc8\u0b95\u0bcd\u0b95\u0bbf\u0bb1\u0bb5\u0ba9\u0bcd \u0b87\u0bb0\u0bc1\u0bb3\u0bbf\u0bb2\u0bc7 \u0b87\u0bb0\u0bc1\u0ba8\u0bcd\u0ba4\u0bc1 \u0b87\u0bb0\u0bc1\u0bb3\u0bbf\u0bb2\u0bc7 \u0ba8\u0b9f\u0b95\u0bcd\u0b95\u0bbf\u0bb1\u0bbe\u0ba9\u0bcd; \u0b87\u0bb0\u0bc1\u0bb3\u0bbe\u0ba9\u0ba4\u0bc1 \u0b85\u0bb5\u0ba9\u0bcd \u0b95\u0ba3\u0bcd\u0b95\u0bb3\u0bc8\u0b95\u0bcd \u0b95\u0bc1\u0bb0\u0bc1\u0b9f\u0bbe\u0b95\u0bcd\u0b95\u0bbf\u0ba9\u0baa\u0b9f\u0bbf\u0baf\u0bbe\u0bb2\u0bcd \u0ba4\u0bbe\u0ba9\u0bcd \u0baa\u0bcb\u0b95\u0bc1\u0bae\u0bcd \u0b87\u0b9f\u0bae\u0bcd \u0b87\u0ba9\u0bcd\u0ba9\u0ba4\u0bc6\u0ba9\u0bcd\u0bb1\u0bc1 \u0b85\u0bb1\u0bbf\u0baf\u0bbe\u0ba4\u0bbf\u0bb0\u0bc1\u0b95\u0bcd\u0b95\u0bbf\u0bb1\u0bbe\u0ba9\u0bcd."},{"Verseid":"61001011","Verse":"\u0baa\u0bbf\u0bb3\u0bcd\u0bb3\u0bc8\u0b95\u0bb3\u0bc7, \u0b85\u0bb5\u0bb0\u0bc1\u0b9f\u0bc8\u0baf \u0ba8\u0bbe\u0bae\u0ba4\u0bcd\u0ba4\u0bbf\u0ba9\u0bbf\u0bae\u0bbf\u0ba4\u0bcd\u0ba4\u0bae\u0bcd \u0b89\u0b99\u0bcd\u0b95\u0bb3\u0bcd \u0baa\u0bbe\u0bb5\u0b99\u0bcd\u0b95\u0bb3\u0bcd \u0bae\u0ba9\u0bcd\u0ba9\u0bbf\u0b95\u0bcd\u0b95\u0baa\u0bcd\u0baa\u0b9f\u0bcd\u0b9f\u0bbf\u0bb0\u0bc1\u0b95\u0bcd\u0b95\u0bbf\u0bb1\u0ba4\u0bbf\u0ba9\u0bbe\u0bb2\u0bcd \u0b89\u0b99\u0bcd\u0b95\u0bb3\u0bc1\u0b95\u0bcd\u0b95\u0bc1 \u0b8e\u0bb4\u0bc1\u0ba4\u0bc1\u0b95\u0bbf\u0bb1\u0bc7\u0ba9\u0bcd."},{"Verseid":"61001012","Verse":"\u0baa\u0bbf\u0ba4\u0bbe\u0b95\u0bcd\u0b95\u0bb3\u0bc7, \u0b86\u0ba4\u0bbf\u0bae\u0bc1\u0ba4\u0bb2\u0bbf\u0bb0\u0bc1\u0b95\u0bcd\u0b95\u0bbf\u0bb1\u0bb5\u0bb0\u0bc8 \u0ba8\u0bc0\u0b99\u0bcd\u0b95\u0bb3\u0bcd \u0b85\u0bb1\u0bbf\u0ba8\u0bcd\u0ba4\u0bbf\u0bb0\u0bc1\u0b95\u0bcd\u0b95\u0bbf\u0bb1\u0ba4\u0bbf\u0ba9\u0bbe\u0bb2\u0bcd \u0b89\u0b99\u0bcd\u0b95\u0bb3\u0bc1\u0b95\u0bcd\u0b95\u0bc1 \u0b8e\u0bb4\u0bc1\u0ba4\u0bc1\u0b95\u0bbf\u0bb1\u0bc7\u0ba9\u0bcd. \u0bb5\u0bbe\u0bb2\u0bbf\u0baa\u0bb0\u0bc7, \u0b9c\u0bc6\u0baf\u0bbf\u0ba4\u0bcd\u0ba4\u0ba4\u0bbf\u0ba9\u0bbe\u0bb2\u0bcd \u0b89\u0b99\u0bcd\u0b95\u0bb3\u0bc1\u0b95\u0bcd\u0b95\u0bc1 \u0b8e\u0bb4\u0bc1\u0ba4\u0bc1\u0b95\u0bbf\u0bb1\u0bc7\u0ba9\u0bcd. \u0baa\u0bbf\u0bb3\u0bcd\u0bb3\u0bc8\u0b95\u0bb3\u0bc7 \u0ba8\u0bc0\u0b99\u0bcd\u0b95\u0bb3\u0bcd \u0baa\u0bbf\u0ba4\u0bbe\u0bb5\u0bc8 \u0b85\u0bb1\u0bbf\u0ba8\u0bcd\u0ba4\u0bbf\u0bb0\u0bc1\u0b95\u0bcd\u0b95\u0bbf\u0bb1\u0ba4\u0bbf\u0ba9\u0bbe\u0bb2\u0bcd \u0b89\u0b99\u0bcd\u0b95\u0bb3\u0bc1\u0b95\u0bcd\u0b95\u0bc1 \u0b8e\u0bb4\u0bc1\u0ba4\u0bc1\u0b95\u0bbf\u0bb1\u0bc7\u0ba9\u0bcd."},{"Verseid":"61001013","Verse":"\u0baa\u0bbf\u0ba4\u0bbe\u0b95\u0bcd\u0b95\u0bb3\u0bc7, \u0b86\u0ba4\u0bbf\u0bae\u0bc1\u0ba4\u0bb2\u0bbf\u0bb0\u0bc1\u0b95\u0bcd\u0b95\u0bbf\u0bb1\u0bb5\u0bb0\u0bc8 \u0ba8\u0bc0\u0b99\u0bcd\u0b95\u0bb3\u0bcd \u0b85\u0bb1\u0bbf\u0ba8\u0bcd\u0ba4\u0bbf\u0bb0\u0bc1\u0b95\u0bcd\u0b95\u0bbf\u0bb1\u0ba4\u0bbf\u0ba9\u0bbe\u0bb2\u0bcd \u0b89\u0b99\u0bcd\u0b95\u0bb3\u0bc1\u0b95\u0bcd\u0b95\u0bc1 \u0b8e\u0bb4\u0bc1\u0ba4\u0bbf\u0baf\u0bbf\u0bb0\u0bc1\u0b95\u0bcd\u0b95\u0bbf\u0bb1\u0bc7\u0ba9\u0bcd. \u0bb5\u0bbe\u0bb2\u0bbf\u0baa\u0bb0\u0bc7, \u0ba8\u0bc0\u0b99\u0bcd\u0b95\u0bb3\u0bcd \u0baa\u0bb2\u0bb5\u0bbe\u0ba9\u0bcd\u0b95\u0bb3\u0bbe\u0baf\u0bbf\u0bb0\u0bc1\u0b95\u0bcd\u0b95\u0bbf\u0bb1\u0ba4\u0bbf\u0ba9\u0bbe\u0bb2\u0bc1\u0bae\u0bcd, \u0ba4\u0bc7\u0bb5\u0bb5\u0b9a\u0ba9\u0bae\u0bcd \u0b89\u0b99\u0bcd\u0b95\u0bb3\u0bbf\u0bb2\u0bcd \u0ba8\u0bbf\u0bb2\u0bc8\u0ba4\u0bcd\u0ba4\u0bbf\u0bb0\u0bc1\u0b95\u0bcd\u0b95\u0bbf\u0bb1\u0ba4\u0bbf\u0ba9\u0bbe\u0bb2\u0bc1\u0bae\u0bcd, \u0ba8\u0bc0\u0b99\u0bcd\u0b95\u0bb3\u0bcd \u0baa\u0bca\u0bb2\u0bcd\u0bb2\u0bbe\u0b99\u0bcd\u0b95\u0ba9\u0bc8 \u0b9c\u0bc6\u0baf\u0bbf\u0ba4\u0bcd\u0ba4\u0ba4\u0bbf\u0ba9\u0bbe\u0bb2\u0bc1\u0bae\u0bcd, \u0b89\u0b99\u0bcd\u0b95\u0bb3\u0bc1\u0b95\u0bcd\u0b95\u0bc1 \u0b8e\u0bb4\u0bc1\u0ba4\u0bbf\u0baf\u0bbf\u0bb0\u0bc1\u0b95\u0bcd\u0b95\u0bbf\u0bb1\u0bc7\u0ba9\u0bcd."},{"Verseid":"61001014","Verse":"\u0b89\u0bb2\u0b95\u0ba4\u0bcd\u0ba4\u0bbf\u0bb2\u0bc1\u0bae\u0bcd \u0b89\u0bb2\u0b95\u0ba4\u0bcd\u0ba4\u0bbf\u0bb2\u0bc1\u0bb3\u0bcd\u0bb3\u0bb5\u0bc8\u0b95\u0bb3\u0bbf\u0bb2\u0bc1\u0bae\u0bcd \u0b85\u0ba9\u0bcd\u0baa\u0bc1\u0b95\u0bc2\u0bb0\u0bbe\u0ba4\u0bbf\u0bb0\u0bc1\u0b99\u0bcd\u0b95\u0bb3\u0bcd; \u0b92\u0bb0\u0bc1\u0bb5\u0ba9\u0bcd \u0b89\u0bb2\u0b95\u0ba4\u0bcd\u0ba4\u0bbf\u0bb2\u0bcd \u0b85\u0ba9\u0bcd\u0baa\u0bc1\u0b95\u0bc2\u0bb0\u0bcd\u0ba8\u0bcd\u0ba4\u0bbe\u0bb2\u0bcd \u0b85\u0bb5\u0ba9\u0bbf\u0b9f\u0ba4\u0bcd\u0ba4\u0bbf\u0bb2\u0bcd \u0baa\u0bbf\u0ba4\u0bbe\u0bb5\u0bbf\u0ba9\u0bcd \u0b85\u0ba9\u0bcd\u0baa\u0bbf\u0bb2\u0bcd\u0bb2\u0bc8."},{"Verseid":"61001015","Verse":"\u0b8f\u0ba9\u0bc6\u0ba9\u0bbf\u0bb2\u0bcd, \u0bae\u0bbe\u0bae\u0bcd\u0b9a\u0ba4\u0bcd\u0ba4\u0bbf\u0ba9\u0bcd \u0b87\u0b9a\u0bcd\u0b9a\u0bc8\u0baf\u0bc1\u0bae\u0bcd, \u0b95\u0ba3\u0bcd\u0b95\u0bb3\u0bbf\u0ba9\u0bcd \u0b87\u0b9a\u0bcd\u0b9a\u0bc8\u0baf\u0bc1\u0bae\u0bcd, \u0b9c\u0bc0\u0bb5\u0ba9\u0ba4\u0bcd\u0ba4\u0bbf\u0ba9\u0bcd \u0baa\u0bc6\u0bb0\u0bc1\u0bae\u0bc8\u0baf\u0bc1\u0bae\u0bbe\u0b95\u0bbf\u0baf \u0b89\u0bb2\u0b95\u0ba4\u0bcd\u0ba4\u0bbf\u0bb2\u0bc1\u0bb3\u0bcd\u0bb3\u0bb5\u0bc8\u0b95\u0bb3\u0bc6\u0bb2\u0bcd\u0bb2\u0bbe\u0bae\u0bcd \u0baa\u0bbf\u0ba4\u0bbe\u0bb5\u0bbf\u0ba9\u0bbe\u0bb2\u0bc1\u0ba3\u0bcd\u0b9f\u0bbe\u0ba9\u0bb5\u0bc8\u0b95\u0bb3\u0bb2\u0bcd\u0bb2, \u0b85\u0bb5\u0bc8\u0b95\u0bb3\u0bcd \u0b89\u0bb2\u0b95\u0ba4\u0bcd\u0ba4\u0bbf\u0ba9\u0bbe\u0bb2\u0bc1\u0ba3\u0bcd\u0b9f\u0bbe\u0ba9\u0bb5\u0bc8\u0b95\u0bb3\u0bcd."},{"Verseid":"61001016","Verse":"\u0b89\u0bb2\u0b95\u0bae\u0bc1\u0bae\u0bcd \u0b85\u0ba4\u0bbf\u0ba9\u0bcd \u0b87\u0b9a\u0bcd\u0b9a\u0bc8\u0baf\u0bc1\u0bae\u0bcd \u0b92\u0bb4\u0bbf\u0ba8\u0bcd\u0ba4\u0bc1\u0baa\u0bcb\u0bae\u0bcd; \u0ba4\u0bc7\u0bb5\u0ba9\u0bc1\u0b9f\u0bc8\u0baf \u0b9a\u0bbf\u0ba4\u0bcd\u0ba4\u0ba4\u0bcd\u0ba4\u0bbf\u0ba9\u0bcd\u0baa\u0b9f\u0bbf \u0b9a\u0bc6\u0baf\u0bcd\u0b95\u0bbf\u0bb1\u0bb5\u0ba9\u0bcb \u0b8e\u0ba9\u0bcd\u0bb1\u0bc6\u0ba9\u0bcd\u0bb1\u0bc8\u0b95\u0bcd\u0b95\u0bc1\u0bae\u0bcd \u0ba8\u0bbf\u0bb2\u0bc8\u0ba4\u0bcd\u0ba4\u0bbf\u0bb0\u0bc1\u0baa\u0bcd\u0baa\u0bbe\u0ba9\u0bcd."},{"Verseid":"61001017","Verse":"\u0baa\u0bbf\u0bb3\u0bcd\u0bb3\u0bc8\u0b95\u0bb3\u0bc7, \u0b87\u0ba4\u0bc1 \u0b95\u0b9f\u0bc8\u0b9a\u0bbf\u0b95\u0bcd\u0b95\u0bbe\u0bb2\u0bae\u0bbe\u0baf\u0bbf\u0bb0\u0bc1\u0b95\u0bcd\u0b95\u0bbf\u0bb1\u0ba4\u0bc1; \u0b85\u0ba8\u0bcd\u0ba4\u0bbf\u0b95\u0bcd\u0b95\u0bbf\u0bb1\u0bbf\u0bb8\u0bcd\u0ba4\u0bc1 \u0bb5\u0bb0\u0bc1\u0b95\u0bbf\u0bb1\u0bbe\u0ba9\u0bc6\u0ba9\u0bcd\u0bb1\u0bc1 \u0ba8\u0bc0\u0b99\u0bcd\u0b95\u0bb3\u0bcd \u0b95\u0bc7\u0bb3\u0bcd\u0bb5\u0bbf\u0baa\u0bcd\u0baa\u0b9f\u0bcd\u0b9f\u0baa\u0b9f\u0bbf \u0b87\u0baa\u0bcd\u0baa\u0bca\u0bb4\u0bc1\u0ba4\u0bc1\u0bae\u0bcd \u0b85\u0ba8\u0bc7\u0b95 \u0b85\u0ba8\u0bcd\u0ba4\u0bbf\u0b95\u0bcd\u0b95\u0bbf\u0bb1\u0bbf\u0bb8\u0bcd\u0ba4\u0bc1\u0b95\u0bb3\u0bcd \u0b87\u0bb0\u0bc1\u0b95\u0bcd\u0b95\u0bbf\u0bb1\u0bbe\u0bb0\u0bcd\u0b95\u0bb3\u0bcd; \u0b85\u0ba4\u0bbf\u0ba9\u0bbe\u0bb2\u0bc7 \u0b87\u0ba4\u0bc1 \u0b95\u0b9f\u0bc8\u0b9a\u0bbf\u0b95\u0bcd\u0b95\u0bbe\u0bb2\u0bae\u0bc6\u0ba9\u0bcd\u0bb1\u0bc1 \u0b85\u0bb1\u0bbf\u0b95\u0bbf\u0bb1\u0bcb\u0bae\u0bcd."},{"Verseid":"61001018","Verse":"\u0b85\u0bb5\u0bb0\u0bcd\u0b95\u0bb3\u0bcd \u0ba8\u0bae\u0bcd\u0bae\u0bc8\u0bb5\u0bbf\u0b9f\u0bcd\u0b9f\u0bc1\u0baa\u0bcd \u0baa\u0bbf\u0bb0\u0bbf\u0ba8\u0bcd\u0ba4\u0bc1 \u0baa\u0bcb\u0ba9\u0bbe\u0bb0\u0bcd\u0b95\u0bb3\u0bcd, \u0b86\u0b95\u0bbf\u0bb2\u0bc1\u0bae\u0bcd \u0b85\u0bb5\u0bb0\u0bcd\u0b95\u0bb3\u0bcd \u0ba8\u0bae\u0bcd\u0bae\u0bc1\u0b9f\u0bc8\u0baf\u0bb5\u0bb0\u0bcd\u0b95\u0bb3\u0bbe\u0baf\u0bbf\u0bb0\u0bc1\u0b95\u0bcd\u0b95\u0bb5\u0bbf\u0bb2\u0bcd\u0bb2\u0bc8; \u0ba8\u0bae\u0bcd\u0bae\u0bc1\u0b9f\u0bc8\u0baf\u0bb5\u0bb0\u0bcd\u0b95\u0bb3\u0bbe\u0baf\u0bbf\u0bb0\u0bc1\u0ba8\u0bcd\u0ba4\u0bbe\u0bb0\u0bcd\u0b95\u0bb3\u0bbe\u0ba9\u0bbe\u0bb2\u0bcd \u0ba8\u0bae\u0bcd\u0bae\u0bc1\u0b9f\u0ba9\u0bc7 \u0ba8\u0bbf\u0bb2\u0bc8\u0ba4\u0bcd\u0ba4\u0bbf\u0bb0\u0bc1\u0baa\u0bcd\u0baa\u0bbe\u0bb0\u0bcd\u0b95\u0bb3\u0bc7; \u0b8e\u0bb2\u0bcd\u0bb2\u0bbe\u0bb0\u0bc1\u0bae\u0bcd \u0ba8\u0bae\u0bcd\u0bae\u0bc1\u0b9f\u0bc8\u0baf\u0bb5\u0bb0\u0bcd\u0b95\u0bb3\u0bb2\u0bcd\u0bb2\u0bb5\u0bc6\u0ba9\u0bcd\u0bb1\u0bc1 \u0bb5\u0bc6\u0bb3\u0bbf\u0baf\u0bbe\u0b95\u0bc1\u0bae\u0bcd\u0baa\u0b9f\u0bbf\u0b95\u0bcd\u0b95\u0bc7 \u0baa\u0bbf\u0bb0\u0bbf\u0ba8\u0bcd\u0ba4\u0bc1\u0baa\u0bcb\u0ba9\u0bbe\u0bb0\u0bcd\u0b95\u0bb3\u0bcd."},{"Verseid":"61001019","Verse":"\u0ba8\u0bc0\u0b99\u0bcd\u0b95\u0bb3\u0bcd \u0baa\u0bb0\u0bbf\u0b9a\u0bc1\u0ba4\u0bcd\u0ba4\u0bb0\u0bbe\u0bb2\u0bc7 \u0b85\u0baa\u0bbf\u0bb7\u0bc7\u0b95\u0bae\u0bcd \u0baa\u0bc6\u0bb1\u0bcd\u0bb1\u0bc1\u0b9a\u0bcd \u0b9a\u0b95\u0bb2\u0ba4\u0bcd\u0ba4\u0bc8\u0baf\u0bc1\u0bae\u0bcd \u0b85\u0bb1\u0bbf\u0ba8\u0bcd\u0ba4\u0bbf\u0bb0\u0bc1\u0b95\u0bcd\u0b95\u0bbf\u0bb1\u0bc0\u0bb0\u0bcd\u0b95\u0bb3\u0bcd."},{"Verseid":"61001020","Verse":"\u0b9a\u0ba4\u0bcd\u0ba4\u0bbf\u0baf\u0ba4\u0bcd\u0ba4\u0bc8 \u0ba8\u0bc0\u0b99\u0bcd\u0b95\u0bb3\u0bcd \u0b85\u0bb1\u0bbf\u0baf\u0bbe\u0ba4\u0ba4\u0bbf\u0ba9\u0bbe\u0bb2\u0bb2\u0bcd\u0bb2, \u0ba8\u0bc0\u0b99\u0bcd\u0b95\u0bb3\u0bcd \u0b9a\u0ba4\u0bcd\u0ba4\u0bbf\u0baf\u0ba4\u0bcd\u0ba4\u0bc8 \u0b85\u0bb1\u0bbf\u0ba8\u0bcd\u0ba4\u0bbf\u0bb0\u0bc1\u0b95\u0bcd\u0b95\u0bbf\u0bb1\u0ba4\u0bbf\u0ba9\u0bbe\u0bb2\u0bc1\u0bae\u0bcd \u0b9a\u0ba4\u0bcd\u0ba4\u0bbf\u0baf\u0ba4\u0bcd\u0ba4\u0bbf\u0ba9\u0bbe\u0bb2\u0bcd \u0b92\u0bb0\u0bc1 \u0baa\u0bca\u0baf\u0bcd\u0baf\u0bc1\u0bae\u0bc1\u0ba3\u0bcd\u0b9f\u0bbe\u0baf\u0bbf\u0bb0\u0bbe\u0ba4\u0bc6\u0ba9\u0bcd\u0baa\u0ba4\u0bc8 \u0ba8\u0bc0\u0b99\u0bcd\u0b95\u0bb3\u0bcd \u0b85\u0bb1\u0bbf\u0ba8\u0bcd\u0ba4\u0bbf\u0bb0\u0bc1\u0b95\u0bcd\u0b95\u0bbf\u0bb1\u0ba4\u0bbf\u0ba9\u0bbe\u0bb2\u0bc1\u0bae\u0bcd, \u0b89\u0b99\u0bcd\u0b95\u0bb3\u0bc1\u0b95\u0bcd\u0b95\u0bc1 \u0b8e\u0bb4\u0bc1\u0ba4\u0bbf\u0baf\u0bbf\u0bb0\u0bc1\u0b95\u0bcd\u0b95\u0bbf\u0bb1\u0bc7\u0ba9\u0bcd."},{"Verseid":"61001021","Verse":"\u0b87\u0baf\u0bc7\u0b9a\u0bc1\u0bb5\u0bc8\u0b95\u0bcd \u0b95\u0bbf\u0bb1\u0bbf\u0bb8\u0bcd\u0ba4\u0bc1 \u0b85\u0bb2\u0bcd\u0bb2 \u0b8e\u0ba9\u0bcd\u0bb1\u0bc1 \u0bae\u0bb1\u0bc1\u0ba4\u0bb2\u0bbf\u0b95\u0bcd\u0b95\u0bbf\u0bb1\u0bb5\u0ba9\u0bc7\u0baf\u0bb2\u0bcd\u0bb2\u0bbe\u0bae\u0bb2\u0bcd \u0bb5\u0bc7\u0bb1\u0bc7 \u0baf\u0bbe\u0bb0\u0bcd \u0baa\u0bca\u0baf\u0bcd\u0baf\u0ba9\u0bcd? \u0baa\u0bbf\u0ba4\u0bbe\u0bb5\u0bc8\u0baf\u0bc1\u0bae\u0bcd \u0b95\u0bc1\u0bae\u0bbe\u0bb0\u0ba9\u0bc8\u0baf\u0bc1\u0bae\u0bcd \u0bae\u0bb1\u0bc1\u0ba4\u0bb2\u0bbf\u0b95\u0bcd\u0b95\u0bbf\u0bb1\u0bb5\u0ba9\u0bc7 \u0b85\u0ba8\u0bcd\u0ba4\u0bbf\u0b95\u0bcd\u0b95\u0bbf\u0bb1\u0bbf\u0bb8\u0bcd\u0ba4\u0bc1."},{"Verseid":"61001022","Verse":"\u0b95\u0bc1\u0bae\u0bbe\u0bb0\u0ba9\u0bc8 \u0bae\u0bb1\u0bc1\u0ba4\u0bb2\u0bbf\u0b95\u0bcd\u0b95\u0bbf\u0bb1\u0bb5\u0ba9\u0bcd \u0baa\u0bbf\u0ba4\u0bbe\u0bb5\u0bc8 \u0b89\u0b9f\u0bc8\u0baf\u0bb5\u0ba9\u0bb2\u0bcd\u0bb2, \u0b95\u0bc1\u0bae\u0bbe\u0bb0\u0ba9\u0bc8 \u0b85\u0bb1\u0bbf\u0b95\u0bcd\u0b95\u0bc8\u0baf\u0bbf\u0b9f\u0bc1\u0b95\u0bbf\u0bb1\u0bb5\u0ba9\u0bcd \u0baa\u0bbf\u0ba4\u0bbe\u0bb5\u0bc8\u0baf\u0bc1\u0bae\u0bcd \u0b89\u0b9f\u0bc8\u0baf\u0bb5\u0ba9\u0bbe\u0baf\u0bbf\u0bb0\u0bc1\u0b95\u0bcd\u0b95\u0bbf\u0bb1\u0bbe\u0ba9\u0bcd."},{"Verseid":"61001023","Verse":"\u0b86\u0b95\u0bc8\u0baf\u0bbe\u0bb2\u0bcd \u0b86\u0ba4\u0bbf\u0bae\u0bc1\u0ba4\u0bb2\u0bcd \u0ba8\u0bc0\u0b99\u0bcd\u0b95\u0bb3\u0bcd \u0b95\u0bc7\u0bb3\u0bcd\u0bb5\u0bbf\u0baa\u0bcd\u0baa\u0b9f\u0bcd\u0b9f\u0ba4\u0bc1 \u0b89\u0b99\u0bcd\u0b95\u0bb3\u0bbf\u0bb2\u0bcd \u0ba8\u0bbf\u0bb2\u0bc8\u0ba4\u0bcd\u0ba4\u0bbf\u0bb0\u0bc1\u0b95\u0bcd\u0b95\u0b95\u0bcd\u0b95\u0b9f\u0bb5\u0ba4\u0bc1; \u0b86\u0ba4\u0bbf\u0bae\u0bc1\u0ba4\u0bb2\u0bcd \u0ba8\u0bc0\u0b99\u0bcd\u0b95\u0bb3\u0bcd \u0b95\u0bc7\u0bb3\u0bcd\u0bb5\u0bbf\u0baa\u0bcd\u0baa\u0b9f\u0bcd\u0b9f\u0ba4\u0bc1 \u0b89\u0b99\u0bcd\u0b95\u0bb3\u0bbf\u0bb2\u0bcd \u0ba8\u0bbf\u0bb2\u0bc8\u0ba4\u0bcd\u0ba4\u0bbf\u0bb0\u0bc1\u0ba8\u0bcd\u0ba4\u0bbe\u0bb2\u0bcd, \u0ba8\u0bc0\u0b99\u0bcd\u0b95\u0bb3\u0bc1\u0bae\u0bcd \u0b95\u0bc1\u0bae\u0bbe\u0bb0\u0ba9\u0bbf\u0bb2\u0bc1\u0bae\u0bcd \u0baa\u0bbf\u0ba4\u0bbe\u0bb5\u0bbf\u0bb2\u0bc1\u0bae\u0bcd \u0ba8\u0bbf\u0bb2\u0bc8\u0ba4\u0bcd\u0ba4\u0bbf\u0bb0\u0bc1\u0baa\u0bcd\u0baa\u0bc0\u0bb0\u0bcd\u0b95\u0bb3\u0bcd."},{"Verseid":"61001024","Verse":"\u0ba8\u0bbf\u0ba4\u0bcd\u0ba4\u0bbf\u0baf \u0b9c\u0bc0\u0bb5\u0ba9\u0bc8 \u0b85\u0bb3\u0bbf\u0baa\u0bcd\u0baa\u0bc7\u0ba9\u0bcd \u0b8e\u0ba9\u0bcd\u0baa\u0ba4\u0bc7 \u0b85\u0bb5\u0bb0\u0bcd \u0ba8\u0bae\u0b95\u0bcd\u0b95\u0bc1\u0b9a\u0bcd \u0b9a\u0bc6\u0baf\u0bcd\u0ba4 \u0bb5\u0bbe\u0b95\u0bcd\u0b95\u0bc1\u0ba4\u0bcd\u0ba4\u0ba4\u0bcd\u0ba4\u0bae\u0bcd."},{"Verseid":"61001025","Verse":"\u0b89\u0b99\u0bcd\u0b95\u0bb3\u0bc8 \u0bb5\u0b9e\u0bcd\u0b9a\u0bbf\u0b95\u0bcd\u0b95\u0bbf\u0bb1\u0bb5\u0bb0\u0bcd\u0b95\u0bb3\u0bc8\u0b95\u0bcd \u0b95\u0bc1\u0bb1\u0bbf\u0ba4\u0bcd\u0ba4\u0bc1 \u0b87\u0bb5\u0bc8\u0b95\u0bb3\u0bc8 \u0b89\u0b99\u0bcd\u0b95\u0bb3\u0bc1\u0b95\u0bcd\u0b95\u0bc1 \u0b8e\u0bb4\u0bc1\u0ba4\u0bbf\u0baf\u0bbf\u0bb0\u0bc1\u0b95\u0bcd\u0b95\u0bbf\u0bb1\u0bc7\u0ba9\u0bcd."},{"Verseid":"61001026","Verse":"\u0ba8\u0bc0\u0b99\u0bcd\u0b95\u0bb3\u0bcd \u0b85\u0bb5\u0bb0\u0bbe\u0bb2\u0bc7 \u0baa\u0bc6\u0bb1\u0bcd\u0bb1 \u0b85\u0baa\u0bbf\u0bb7\u0bc7\u0b95\u0bae\u0bcd \u0b89\u0b99\u0bcd\u0b95\u0bb3\u0bbf\u0bb2\u0bcd \u0ba8\u0bbf\u0bb2\u0bc8\u0ba4\u0bcd\u0ba4\u0bbf\u0bb0\u0bc1\u0b95\u0bcd\u0b95\u0bbf\u0bb1\u0ba4\u0bc1, \u0b92\u0bb0\u0bc1\u0bb5\u0bb0\u0bc1\u0bae\u0bcd \u0b89\u0b99\u0bcd\u0b95\u0bb3\u0bc1\u0b95\u0bcd\u0b95\u0bc1\u0baa\u0bcd \u0baa\u0bcb\u0ba4\u0bbf\u0b95\u0bcd\u0b95\u0bb5\u0bc7\u0ba3\u0bcd\u0b9f\u0bc1\u0bb5\u0ba4\u0bbf\u0bb2\u0bcd\u0bb2\u0bc8; \u0b85\u0ba8\u0bcd\u0ba4 \u0b85\u0baa\u0bbf\u0bb7\u0bc7\u0b95\u0bae\u0bcd \u0b9a\u0b95\u0bb2\u0ba4\u0bcd\u0ba4\u0bc8\u0baf\u0bc1\u0b99\u0bcd\u0b95\u0bc1\u0bb1\u0bbf\u0ba4\u0bcd\u0ba4\u0bc1 \u0b89\u0b99\u0bcd\u0b95\u0bb3\u0bc1\u0b95\u0bcd\u0b95\u0bc1\u0baa\u0bcd \u0baa\u0bcb\u0ba4\u0bbf\u0b95\u0bcd\u0b95\u0bbf\u0bb1\u0ba4\u0bc1; \u0b85\u0ba4\u0bc1 \u0b9a\u0ba4\u0bcd\u0ba4\u0bbf\u0baf\u0bae\u0bbe\u0baf\u0bbf\u0bb0\u0bc1\u0b95\u0bcd\u0b95\u0bbf\u0bb1\u0ba4\u0bc1, \u0baa\u0bca\u0baf\u0bcd\u0baf\u0bb2\u0bcd\u0bb2, \u0b85\u0ba4\u0bc1 \u0b89\u0b99\u0bcd\u0b95\u0bb3\u0bc1\u0b95\u0bcd\u0b95\u0bc1\u0baa\u0bcd \u0baa\u0bcb\u0ba4\u0bbf\u0ba4\u0bcd\u0ba4\u0baa\u0b9f\u0bbf\u0baf\u0bc7 \u0b85\u0bb5\u0bb0\u0bbf\u0bb2\u0bcd \u0ba8\u0bbf\u0bb2\u0bc8\u0ba4\u0bcd\u0ba4\u0bbf\u0bb0\u0bc1\u0baa\u0bcd\u0baa\u0bc0\u0bb0\u0bcd\u0b95\u0bb3\u0bbe\u0b95."},{"Verseid":"61001027","Verse":"\u0b87\u0baa\u0bcd\u0baa\u0b9f\u0bbf\u0baf\u0bbf\u0bb0\u0bc1\u0b95\u0bcd\u0b95, \u0baa\u0bbf\u0bb3\u0bcd\u0bb3\u0bc8\u0b95\u0bb3\u0bc7, \u0b85\u0bb5\u0bb0\u0bcd \u0bb5\u0bc6\u0bb3\u0bbf\u0baa\u0bcd\u0baa\u0b9f\u0bc1\u0bae\u0bcd\u0baa\u0bcb\u0ba4\u0bc1 \u0ba8\u0bbe\u0bae\u0bcd \u0b85\u0bb5\u0bb0\u0bcd \u0bb5\u0bb0\u0bc1\u0b95\u0bc8\u0baf\u0bbf\u0bb2\u0bcd \u0b85\u0bb5\u0bb0\u0bc1\u0b95\u0bcd\u0b95\u0bc1 \u0bae\u0bc1\u0ba9\u0bcd\u0baa\u0bbe\u0b95 \u0bb5\u0bc6\u0b9f\u0bcd\u0b95\u0baa\u0bcd\u0baa\u0b9f\u0bcd\u0b9f\u0bc1\u0baa\u0bcd\u0baa\u0bcb\u0b95\u0bbe\u0bae\u0bb2\u0bcd \u0ba4\u0bc8\u0bb0\u0bbf\u0baf\u0bae\u0bc1\u0bb3\u0bcd\u0bb3\u0bb5\u0bb0\u0bcd\u0b95\u0bb3\u0bbe\u0baf\u0bbf\u0bb0\u0bc1\u0b95\u0bcd\u0b95\u0bc1\u0bae\u0bcd\u0baa\u0b9f\u0bbf \u0b85\u0bb5\u0bb0\u0bbf\u0bb2\u0bcd \u0ba8\u0bbf\u0bb2\u0bc8\u0ba4\u0bcd\u0ba4\u0bbf\u0bb0\u0bc1\u0b99\u0bcd\u0b95\u0bb3\u0bcd."},{"Verseid":"61001028","Verse":"\u0b85\u0bb5\u0bb0\u0bcd \u0ba8\u0bc0\u0ba4\u0bbf\u0baf\u0bc1\u0bb3\u0bcd\u0bb3\u0bb5\u0bb0\u0bbe\u0baf\u0bbf\u0bb0\u0bc1\u0b95\u0bcd\u0b95\u0bbf\u0bb1\u0bbe\u0bb0\u0bc6\u0ba9\u0bcd\u0bb1\u0bc1 \u0b89\u0b99\u0bcd\u0b95\u0bb3\u0bc1\u0b95\u0bcd\u0b95\u0bc1\u0ba4\u0bcd \u0ba4\u0bc6\u0bb0\u0bbf\u0ba8\u0bcd\u0ba4\u0bbf\u0bb0\u0bc1\u0baa\u0bcd\u0baa\u0ba4\u0bbf\u0ba9\u0bbe\u0bb2\u0bcd, \u0ba8\u0bc0\u0ba4\u0bbf\u0baf\u0bc8\u0b9a\u0bcd \u0b9a\u0bc6\u0baf\u0bcd\u0b95\u0bbf\u0bb1\u0bb5\u0ba9\u0bc6\u0bb5\u0ba9\u0bc1\u0bae\u0bcd \u0b85\u0bb5\u0bb0\u0bbf\u0bb2\u0bcd \u0baa\u0bbf\u0bb1\u0ba8\u0bcd\u0ba4\u0bb5\u0ba9\u0bc6\u0ba9\u0bcd\u0bb1\u0bc1 \u0b85\u0bb1\u0bbf\u0ba8\u0bcd\u0ba4\u0bbf\u0bb0\u0bc1\u0b95\u0bcd\u0b95\u0bbf\u0bb1\u0bc0\u0bb0\u0bcd\u0b95\u0bb3\u0bcd."}]},{"Verse":[{"Verseid":"61002000","Verse":"\u0ba8\u0bbe\u0bae\u0bcd \u0ba4\u0bc7\u0bb5\u0ba9\u0bc1\u0b9f\u0bc8\u0baf \u0baa\u0bbf\u0bb3\u0bcd\u0bb3\u0bc8\u0b95\u0bb3\u0bc6\u0ba9\u0bcd\u0bb1\u0bc1 \u0b85\u0bb4\u0bc8\u0b95\u0bcd\u0b95\u0baa\u0bcd\u0baa\u0b9f\u0bc1\u0bb5\u0ba4\u0bbf\u0ba9\u0bbe\u0bb2\u0bc7 \u0baa\u0bbf\u0ba4\u0bbe\u0bb5\u0bbe\u0ba9\u0bb5\u0bb0\u0bcd \u0ba8\u0bae\u0b95\u0bcd\u0b95\u0bc1\u0baa\u0bcd \u0baa\u0bbe\u0bb0\u0bbe\u0b9f\u0bcd\u0b9f\u0bbf\u0ba9 \u0b85\u0ba9\u0bcd\u0baa\u0bc1 \u0b8e\u0bb5\u0bcd\u0bb5\u0bb3\u0bb5\u0bc1 \u0baa\u0bc6\u0bb0\u0bbf\u0ba4\u0bc6\u0ba9\u0bcd\u0bb1\u0bc1 \u0baa\u0bbe\u0bb0\u0bc1\u0b99\u0bcd\u0b95\u0bb3\u0bcd; \u0b89\u0bb2\u0b95\u0bae\u0bcd \u0b85\u0bb5\u0bb0\u0bc8 \u0b85\u0bb1\u0bbf\u0baf\u0bbe\u0ba4\u0baa\u0b9f\u0bbf\u0baf\u0bbf\u0ba9\u0bbe\u0bb2\u0bc7 \u0ba8\u0bae\u0bcd\u0bae\u0bc8\u0baf\u0bc1\u0bae\u0bcd \u0b85\u0bb1\u0bbf\u0baf\u0bb5\u0bbf\u0bb2\u0bcd\u0bb2\u0bc8."},{"Verseid":"61002001","Verse":"\u0baa\u0bbf\u0bb0\u0bbf\u0baf\u0bae\u0bbe\u0ba9\u0bb5\u0bb0\u0bcd\u0b95\u0bb3\u0bc7, \u0b87\u0baa\u0bcd\u0baa\u0bca\u0bb4\u0bc1\u0ba4\u0bc1 \u0ba4\u0bc7\u0bb5\u0ba9\u0bc1\u0b9f\u0bc8\u0baf \u0baa\u0bbf\u0bb3\u0bcd\u0bb3\u0bc8\u0b95\u0bb3\u0bbe\u0baf\u0bbf\u0bb0\u0bc1\u0b95\u0bcd\u0b95\u0bbf\u0bb1\u0bcb\u0bae\u0bcd, \u0b87\u0ba9\u0bbf \u0b8e\u0bb5\u0bcd\u0bb5\u0bbf\u0ba4\u0bae\u0bbe\u0baf\u0bbf\u0bb0\u0bc1\u0baa\u0bcd\u0baa\u0bcb\u0bae\u0bc6\u0ba9\u0bcd\u0bb1\u0bc1 \u0b87\u0ba9\u0bcd\u0ba9\u0bc1\u0bae\u0bcd \u0bb5\u0bc6\u0bb3\u0bbf\u0baa\u0bcd\u0baa\u0b9f\u0bb5\u0bbf\u0bb2\u0bcd\u0bb2\u0bc8; \u0b86\u0b95\u0bbf\u0bb2\u0bc1\u0bae\u0bcd \u0b85\u0bb5\u0bb0\u0bcd \u0bb5\u0bc6\u0bb3\u0bbf\u0baa\u0bcd\u0baa\u0b9f\u0bc1\u0bae\u0bcd\u0baa\u0bcb\u0ba4\u0bc1 \u0b85\u0bb5\u0bb0\u0bcd \u0b87\u0bb0\u0bc1\u0b95\u0bcd\u0b95\u0bbf\u0bb1\u0bb5\u0ba3\u0bcd\u0ba3\u0bae\u0bbe\u0b95\u0bb5\u0bc7 \u0ba8\u0bbe\u0bae\u0bcd \u0b85\u0bb5\u0bb0\u0bc8\u0ba4\u0bcd \u0ba4\u0bb0\u0bbf\u0b9a\u0bbf\u0baa\u0bcd\u0baa\u0ba4\u0bbf\u0ba9\u0bbe\u0bb2\u0bcd, \u0b85\u0bb5\u0bb0\u0bc1\u0b95\u0bcd\u0b95\u0bc1 \u0b92\u0baa\u0bcd\u0baa\u0bbe\u0baf\u0bbf\u0bb0\u0bc1\u0baa\u0bcd\u0baa\u0bcb\u0bae\u0bc6\u0ba9\u0bcd\u0bb1\u0bc1 \u0b85\u0bb1\u0bbf\u0ba8\u0bcd\u0ba4\u0bbf\u0bb0\u0bc1\u0b95\u0bcd\u0b95\u0bbf\u0bb1\u0bcb\u0bae\u0bcd."},{"Verseid":"61002002","Verse":"\u0b85\u0bb5\u0bb0\u0bcd\u0bae\u0bc7\u0bb2\u0bcd \u0b87\u0baa\u0bcd\u0baa\u0b9f\u0bbf\u0baa\u0bcd\u0baa\u0b9f\u0bcd\u0b9f \u0ba8\u0bae\u0bcd\u0baa\u0bbf\u0b95\u0bcd\u0b95\u0bc8 \u0bb5\u0bc8\u0ba4\u0bcd\u0ba4\u0bbf\u0bb0\u0bc1\u0b95\u0bcd\u0b95\u0bbf\u0bb1\u0bb5\u0ba9\u0bc6\u0bb5\u0ba9\u0bc1\u0bae\u0bcd, \u0b85\u0bb5\u0bb0\u0bcd \u0b9a\u0bc1\u0ba4\u0bcd\u0ba4\u0bae\u0bc1\u0bb3\u0bcd\u0bb3\u0bb5\u0bb0\u0bbe\u0baf\u0bbf\u0bb0\u0bc1\u0b95\u0bcd\u0b95\u0bbf\u0bb1\u0ba4\u0bc1\u0baa\u0bcb\u0bb2, \u0ba4\u0ba9\u0bcd\u0ba9\u0bc8\u0baf\u0bc1\u0bae\u0bcd \u0b9a\u0bc1\u0ba4\u0bcd\u0ba4\u0bbf\u0b95\u0bb0\u0bbf\u0ba4\u0bcd\u0ba4\u0bc1\u0b95\u0bcd\u0b95\u0bca\u0bb3\u0bcd\u0bb3\u0bc1\u0b95\u0bbf\u0bb1\u0bbe\u0ba9\u0bcd."},{"Verseid":"61002003","Verse":"\u0baa\u0bbe\u0bb5\u0b9e\u0bcd\u0b9a\u0bc6\u0baf\u0bcd\u0b95\u0bbf\u0bb1 \u0b8e\u0bb5\u0ba9\u0bc1\u0bae\u0bcd \u0ba8\u0bbf\u0baf\u0bbe\u0baf\u0baa\u0bcd\u0baa\u0bbf\u0bb0\u0bae\u0bbe\u0ba3\u0ba4\u0bcd\u0ba4\u0bc8 \u0bae\u0bc0\u0bb1\u0bc1\u0b95\u0bbf\u0bb1\u0bbe\u0ba9\u0bcd; \u0ba8\u0bbf\u0baf\u0bbe\u0baf\u0baa\u0bcd\u0baa\u0bbf\u0bb0\u0bae\u0bbe\u0ba3\u0ba4\u0bcd\u0ba4\u0bc8 \u0bae\u0bc0\u0bb1\u0bc1\u0b95\u0bbf\u0bb1\u0ba4\u0bc7 \u0baa\u0bbe\u0bb5\u0bae\u0bcd."},{"Verseid":"61002004","Verse":"\u0b85\u0bb5\u0bb0\u0bcd \u0ba8\u0bae\u0bcd\u0bae\u0bc1\u0b9f\u0bc8\u0baf \u0baa\u0bbe\u0bb5\u0b99\u0bcd\u0b95\u0bb3\u0bc8\u0b9a\u0bcd \u0b9a\u0bc1\u0bae\u0ba8\u0bcd\u0ba4\u0bc1 \u0ba4\u0bc0\u0bb0\u0bcd\u0b95\u0bcd\u0b95 \u0bb5\u0bc6\u0bb3\u0bbf\u0baa\u0bcd\u0baa\u0b9f\u0bcd\u0b9f\u0bbe\u0bb0\u0bc6\u0ba9\u0bcd\u0bb1\u0bc1 \u0b85\u0bb1\u0bbf\u0bb5\u0bc0\u0bb0\u0bcd\u0b95\u0bb3\u0bcd; \u0b85\u0bb5\u0bb0\u0bbf\u0b9f\u0ba4\u0bcd\u0ba4\u0bbf\u0bb2\u0bcd \u0baa\u0bbe\u0bb5\u0bae\u0bbf\u0bb2\u0bcd\u0bb2\u0bc8."},{"Verseid":"61002005","Verse":"\u0b85\u0bb5\u0bb0\u0bbf\u0bb2\u0bcd \u0ba8\u0bbf\u0bb2\u0bc8\u0ba4\u0bcd\u0ba4\u0bbf\u0bb0\u0bc1\u0b95\u0bcd\u0b95\u0bbf\u0bb1 \u0b8e\u0bb5\u0ba9\u0bc1\u0bae\u0bcd \u0baa\u0bbe\u0bb5\u0b9e\u0bcd\u0b9a\u0bc6\u0baf\u0bcd\u0b95\u0bbf\u0bb1\u0ba4\u0bbf\u0bb2\u0bcd\u0bb2\u0bc8; \u0baa\u0bbe\u0bb5\u0b9e\u0bcd\u0b9a\u0bc6\u0baf\u0bcd\u0b95\u0bbf\u0bb1 \u0b8e\u0bb5\u0ba9\u0bc1\u0bae\u0bcd \u0b85\u0bb5\u0bb0\u0bc8\u0b95\u0bcd \u0b95\u0bbe\u0ba3\u0bb5\u0bc1\u0bae\u0bbf\u0bb2\u0bcd\u0bb2\u0bc8, \u0b85\u0bb5\u0bb0\u0bc8 \u0b85\u0bb1\u0bbf\u0baf\u0bb5\u0bc1\u0bae\u0bbf\u0bb2\u0bcd\u0bb2\u0bc8"},{"Verseid":"61002006","Verse":"\u0baa\u0bbf\u0bb3\u0bcd\u0bb3\u0bc8\u0b95\u0bb3\u0bc7 \u0ba8\u0bc0\u0b99\u0bcd\u0b95\u0bb3\u0bcd \u0b92\u0bb0\u0bc1\u0bb5\u0bb0\u0bbe\u0bb2\u0bc1\u0bae\u0bcd \u0bb5\u0b9e\u0bcd\u0b9a\u0bbf\u0b95\u0bcd\u0b95\u0baa\u0bcd\u0baa\u0b9f\u0bbe\u0ba4\u0bbf\u0bb0\u0bc1\u0b99\u0bcd\u0b95\u0bb3\u0bcd; \u0ba8\u0bc0\u0ba4\u0bbf\u0baf\u0bc8\u0b9a\u0bcd \u0b9a\u0bc6\u0baf\u0bcd\u0b95\u0bbf\u0bb1\u0bb5\u0ba9\u0bcd \u0b85\u0bb5\u0bb0\u0bcd \u0ba8\u0bc0\u0ba4\u0bbf\u0baf\u0bc1\u0bb3\u0bcd\u0bb3\u0bb5\u0bb0\u0bbe\u0baf\u0bbf\u0bb0\u0bc1\u0b95\u0bcd\u0b95\u0bbf\u0bb1\u0ba4\u0bc1\u0baa\u0bcb\u0bb2\u0ba4\u0bcd \u0ba4\u0bbe\u0ba9\u0bc1\u0bae\u0bcd \u0ba8\u0bc0\u0ba4\u0bbf\u0baf\u0bc1\u0bb3\u0bcd\u0bb3\u0bb5\u0ba9\u0bbe\u0baf\u0bbf\u0bb0\u0bc1\u0b95\u0bcd\u0b95\u0bbf\u0bb1\u0bbe\u0ba9\u0bcd."},{"Verseid":"61002007","Verse":"\u0baa\u0bbe\u0bb5\u0b9e\u0bcd\u0b9a\u0bc6\u0baf\u0bcd\u0b95\u0bbf\u0bb1\u0bb5\u0ba9\u0bcd \u0baa\u0bbf\u0b9a\u0bbe\u0b9a\u0bbf\u0ba9\u0bbe\u0bb2\u0bc1\u0ba3\u0bcd\u0b9f\u0bbe\u0baf\u0bbf\u0bb0\u0bc1\u0b95\u0bcd\u0b95\u0bbf\u0bb1\u0bbe\u0ba9\u0bcd; \u0b8f\u0ba9\u0bc6\u0ba9\u0bbf\u0bb2\u0bcd \u0baa\u0bbf\u0b9a\u0bbe\u0b9a\u0bbe\u0ba9\u0bb5\u0ba9\u0bcd \u0b86\u0ba4\u0bbf\u0bae\u0bc1\u0ba4\u0bb2\u0bcd \u0baa\u0bbe\u0bb5\u0b9e\u0bcd\u0b9a\u0bc6\u0baf\u0bcd\u0b95\u0bbf\u0bb1\u0bbe\u0ba9\u0bcd, \u0baa\u0bbf\u0b9a\u0bbe\u0b9a\u0bbf\u0ba9\u0bc1\u0b9f\u0bc8\u0baf \u0b95\u0bbf\u0bb0\u0bbf\u0baf\u0bc8\u0b95\u0bb3\u0bc8 \u0b85\u0bb4\u0bbf\u0b95\u0bcd\u0b95\u0bc1\u0bae\u0bcd\u0baa\u0b9f\u0bbf\u0b95\u0bcd\u0b95\u0bc7 \u0ba4\u0bc7\u0bb5\u0ba9\u0bc1\u0b9f\u0bc8\u0baf \u0b95\u0bc1\u0bae\u0bbe\u0bb0\u0ba9\u0bcd \u0bb5\u0bc6\u0bb3\u0bbf\u0baa\u0bcd\u0baa\u0b9f\u0bcd\u0b9f\u0bbe\u0bb0\u0bcd."},{"Verseid":"61002008","Verse":"\u0ba4\u0bc7\u0bb5\u0ba9\u0bbe\u0bb2\u0bcd \u0baa\u0bbf\u0bb1\u0ba8\u0bcd\u0ba4 \u0b8e\u0bb5\u0ba9\u0bc1\u0bae\u0bcd \u0baa\u0bbe\u0bb5\u0b9e\u0bcd\u0b9a\u0bc6\u0baf\u0bcd\u0baf\u0bbe\u0ba9\u0bcd, \u0b8f\u0ba9\u0bc6\u0ba9\u0bbf\u0bb2\u0bcd \u0b85\u0bb5\u0bb0\u0bc1\u0b9f\u0bc8\u0baf \u0bb5\u0bbf\u0ba4\u0bcd\u0ba4\u0bc1 \u0b85\u0bb5\u0ba9\u0bc1\u0b95\u0bcd\u0b95\u0bc1\u0bb3\u0bcd \u0ba4\u0bb0\u0bbf\u0ba4\u0bcd\u0ba4\u0bbf\u0bb0\u0bc1\u0b95\u0bcd\u0b95\u0bbf\u0bb1\u0ba4\u0bc1; \u0b85\u0bb5\u0ba9\u0bcd \u0ba4\u0bc7\u0bb5\u0ba9\u0bbe\u0bb2\u0bcd \u0baa\u0bbf\u0bb1\u0ba8\u0bcd\u0ba4\u0baa\u0b9f\u0bbf\u0baf\u0bbf\u0ba9\u0bbe\u0bb2\u0bcd \u0baa\u0bbe\u0bb5\u0b9e\u0bcd\u0b9a\u0bc6\u0baf\u0bcd\u0baf\u0bae\u0bbe\u0b9f\u0bcd\u0b9f\u0bbe\u0ba9\u0bcd."},{"Verseid":"61002009","Verse":"\u0b87\u0ba4\u0bbf\u0ba9\u0bbe\u0bb2\u0bc7 \u0ba4\u0bc7\u0bb5\u0ba9\u0bc1\u0b9f\u0bc8\u0baf \u0baa\u0bbf\u0bb3\u0bcd\u0bb3\u0bc8\u0b95\u0bb3\u0bcd \u0b87\u0ba9\u0bcd\u0ba9\u0bbe\u0bb0\u0bc6\u0ba9\u0bcd\u0bb1\u0bc1\u0bae\u0bcd, \u0baa\u0bbf\u0b9a\u0bbe\u0b9a\u0bbf\u0ba9\u0bcd \u0baa\u0bbf\u0bb3\u0bcd\u0bb3\u0bc8\u0b95\u0bb3\u0bcd \u0b87\u0ba9\u0bcd\u0ba9\u0bbe\u0bb0\u0bc6\u0ba9\u0bcd\u0bb1\u0bc1\u0bae\u0bcd \u0bb5\u0bc6\u0bb3\u0bbf\u0baa\u0bcd\u0baa\u0b9f\u0bc1\u0bae\u0bcd; \u0ba8\u0bc0\u0ba4\u0bbf\u0baf\u0bc8\u0b9a\u0bcd\u0b9a\u0bc6\u0baf\u0bcd\u0baf\u0bbe\u0bae\u0bb2\u0bc1\u0bae\u0bcd \u0ba4\u0ba9\u0bcd \u0b9a\u0b95\u0bcb\u0ba4\u0bb0\u0ba9\u0bbf\u0bb2\u0bcd \u0b85\u0ba9\u0bcd\u0baa\u0bc1\u0b95\u0bc2\u0bb0\u0bbe\u0bae\u0bb2\u0bc1\u0bae\u0bcd \u0b87\u0bb0\u0bc1\u0b95\u0bcd\u0b95\u0bbf\u0bb1 \u0b8e\u0bb5\u0ba9\u0bc1\u0bae\u0bcd \u0ba4\u0bc7\u0bb5\u0ba9\u0bbe\u0bb2\u0bc1\u0ba3\u0bcd\u0b9f\u0bbe\u0ba9\u0bb5\u0ba9\u0bb2\u0bcd\u0bb2."},{"Verseid":"61002010","Verse":"\u0ba8\u0bbe\u0bae\u0bcd \u0b92\u0bb0\u0bc1\u0bb5\u0bb0\u0bbf\u0bb2\u0bca\u0bb0\u0bc1\u0bb5\u0bb0\u0bcd \u0b85\u0ba9\u0bcd\u0baa\u0bc1\u0b95\u0bc2\u0bb0\u0bb5\u0bc7\u0ba3\u0bcd\u0b9f\u0bc1\u0bae\u0bc6\u0ba9\u0bcd\u0baa\u0ba4\u0bc7 \u0ba8\u0bc0\u0b99\u0bcd\u0b95\u0bb3\u0bcd \u0b86\u0ba4\u0bbf\u0bae\u0bc1\u0ba4\u0bb2\u0bcd \u0b95\u0bc7\u0bb3\u0bcd\u0bb5\u0bbf\u0baa\u0bcd\u0baa\u0b9f\u0bcd\u0b9f \u0bb5\u0bbf\u0b9a\u0bc7\u0bb7\u0bae\u0bbe\u0baf\u0bbf\u0bb0\u0bc1\u0b95\u0bcd\u0b95\u0bbf\u0bb1\u0ba4\u0bc1."},{"Verseid":"61002011","Verse":"\u0baa\u0bca\u0bb2\u0bcd\u0bb2\u0bbe\u0b99\u0bcd\u0b95\u0ba9\u0bbe\u0bb2\u0bcd \u0b89\u0ba3\u0bcd\u0b9f\u0bbe\u0baf\u0bbf\u0bb0\u0bc1\u0ba8\u0bcd\u0ba4\u0bc1 \u0ba4\u0ba9\u0bcd \u0b9a\u0b95\u0bcb\u0ba4\u0bb0\u0ba9\u0bc8\u0b95\u0bcd \u0b95\u0bca\u0bb2\u0bc8\u0b9a\u0bc6\u0baf\u0bcd\u0ba4 \u0b95\u0bbe\u0baf\u0bc0\u0ba9\u0bc8\u0baa\u0bcd\u0baa\u0bcb\u0bb2\u0bbf\u0bb0\u0bc1\u0b95\u0bcd\u0b95\u0bb5\u0bc7\u0ba3\u0bcd\u0b9f\u0bbe\u0bae\u0bcd; \u0b85\u0bb5\u0ba9\u0bcd \u0b8e\u0ba4\u0bbf\u0ba9\u0bbf\u0bae\u0bbf\u0ba4\u0bcd\u0ba4\u0bae\u0bcd \u0b85\u0bb5\u0ba9\u0bc8\u0b95\u0bcd \u0b95\u0bca\u0bb2\u0bc8\u0b9a\u0bc6\u0baf\u0bcd\u0ba4\u0bbe\u0ba9\u0bcd? \u0ba4\u0ba9\u0bcd \u0b95\u0bbf\u0bb0\u0bbf\u0baf\u0bc8\u0b95\u0bb3\u0bcd \u0baa\u0bca\u0bb2\u0bcd\u0bb2\u0bbe\u0ba4\u0bb5\u0bc8\u0b95\u0bb3\u0bc1\u0bae\u0bcd, \u0ba4\u0ba9\u0bcd \u0b9a\u0b95\u0bcb\u0ba4\u0bb0\u0ba9\u0bc1\u0b9f\u0bc8\u0baf \u0b95\u0bbf\u0bb0\u0bbf\u0baf\u0bc8\u0b95\u0bb3\u0bcd \u0ba8\u0bc0\u0ba4\u0bbf\u0baf\u0bc1\u0bb3\u0bcd\u0bb3\u0bb5\u0bc8\u0b95\u0bb3\u0bc1\u0bae\u0bbe\u0baf\u0bbf\u0bb0\u0bc1\u0ba8\u0bcd\u0ba4\u0ba4\u0bbf\u0ba9\u0bbf\u0bae\u0bbf\u0ba4\u0bcd\u0ba4\u0ba8\u0bcd\u0ba4\u0bbe\u0ba9\u0bc7."},{"Verseid":"61002012","Verse":"\u0b8e\u0ba9\u0bcd \u0b9a\u0b95\u0bcb\u0ba4\u0bb0\u0bb0\u0bc7, \u0b89\u0bb2\u0b95\u0bae\u0bcd \u0b89\u0b99\u0bcd\u0b95\u0bb3\u0bc8\u0baa\u0bcd \u0baa\u0b95\u0bc8\u0ba4\u0bcd\u0ba4\u0bbe\u0bb2\u0bcd \u0b86\u0b9a\u0bcd\u0b9a\u0bb0\u0bbf\u0baf\u0baa\u0bcd\u0baa\u0b9f\u0bbe\u0ba4\u0bbf\u0bb0\u0bc1\u0b99\u0bcd\u0b95\u0bb3\u0bcd."},{"Verseid":"61002013","Verse":"\u0ba8\u0bbe\u0bae\u0bcd \u0b9a\u0b95\u0bcb\u0ba4\u0bb0\u0bb0\u0bbf\u0b9f\u0ba4\u0bcd\u0ba4\u0bbf\u0bb2\u0bcd \u0b85\u0ba9\u0bcd\u0baa\u0bc1\u0b95\u0bc2\u0bb0\u0bc1\u0b95\u0bbf\u0bb1\u0baa\u0b9f\u0bbf\u0baf\u0bbe\u0bb2\u0bcd, \u0bae\u0bb0\u0ba3\u0ba4\u0bcd\u0ba4\u0bc8\u0bb5\u0bbf\u0b9f\u0bcd\u0b9f\u0bc1 \u0ba8\u0bc0\u0b99\u0bcd\u0b95\u0bbf \u0b9c\u0bc0\u0bb5\u0ba9\u0bc1\u0b95\u0bcd\u0b95\u0bc1\u0b9f\u0bcd\u0baa\u0b9f\u0bcd\u0b9f\u0bbf\u0bb0\u0bc1\u0b95\u0bcd\u0b95\u0bbf\u0bb1\u0bcb\u0bae\u0bc6\u0ba9\u0bcd\u0bb1\u0bc1 \u0b85\u0bb1\u0bbf\u0ba8\u0bcd\u0ba4\u0bbf\u0bb0\u0bc1\u0b95\u0bcd\u0b95\u0bbf\u0bb1\u0bcb\u0bae\u0bcd. \u0b9a\u0b95\u0bcb\u0ba4\u0bb0\u0ba9\u0bbf\u0b9f\u0ba4\u0bcd\u0ba4\u0bbf\u0bb2\u0bcd \u0b85\u0ba9\u0bcd\u0baa\u0bc1\u0b95\u0bc2\u0bb0\u0bbe\u0ba4\u0bb5\u0ba9\u0bcd \u0bae\u0bb0\u0ba3\u0ba4\u0bcd\u0ba4\u0bbf\u0bb2\u0bcd \u0ba8\u0bbf\u0bb2\u0bc8\u0b95\u0bca\u0ba3\u0bcd\u0b9f\u0bbf\u0bb0\u0bc1\u0b95\u0bcd\u0b95\u0bbf\u0bb1\u0bbe\u0ba9\u0bcd."},{"Verseid":"61002014","Verse":"\u0ba4\u0ba9\u0bcd \u0b9a\u0b95\u0bcb\u0ba4\u0bb0\u0ba9\u0bc8\u0baa\u0bcd \u0baa\u0b95\u0bc8\u0b95\u0bcd\u0b95\u0bbf\u0bb1 \u0b8e\u0bb5\u0ba9\u0bc1\u0bae\u0bcd \u0bae\u0ba9\u0bc1\u0bb7\u0b95\u0bca\u0bb2\u0bc8\u0baa\u0bbe\u0ba4\u0b95\u0ba9\u0bbe\u0baf\u0bbf\u0bb0\u0bc1\u0b95\u0bcd\u0b95\u0bbf\u0bb1\u0bbe\u0ba9\u0bcd; \u0bae\u0ba9\u0bc1\u0bb7 \u0b95\u0bca\u0bb2\u0bc8\u0baa\u0bbe\u0ba4\u0b95\u0ba9\u0bc6\u0bb5\u0ba9\u0bcb \u0b85\u0bb5\u0ba9\u0bc1\u0b95\u0bcd\u0b95\u0bc1\u0bb3\u0bcd \u0ba8\u0bbf\u0ba4\u0bcd\u0ba4\u0bbf\u0baf\u0b9c\u0bc0\u0bb5\u0ba9\u0bcd \u0ba8\u0bbf\u0bb2\u0bc8\u0ba4\u0bcd\u0ba4\u0bbf\u0bb0\u0bbe\u0ba4\u0bc1 \u0b8e\u0ba9\u0bcd\u0bb1\u0bc1 \u0b85\u0bb1\u0bbf\u0bb5\u0bc0\u0bb0\u0bcd\u0b95\u0bb3\u0bcd."},{"Verseid":"61002015","Verse":"\u0b85\u0bb5\u0bb0\u0bcd \u0ba4\u0bae\u0bcd\u0bae\u0bc1\u0b9f\u0bc8\u0baf \u0b9c\u0bc0\u0bb5\u0ba9\u0bc8 \u0ba8\u0bae\u0b95\u0bcd\u0b95\u0bbe\u0b95\u0b95\u0bcd \u0b95\u0bca\u0b9f\u0bc1\u0ba4\u0bcd\u0ba4\u0ba4\u0bbf\u0ba9\u0bbe\u0bb2\u0bc7 \u0b85\u0ba9\u0bcd\u0baa\u0bc1 \u0b87\u0ba9\u0bcd\u0ba9\u0ba4\u0bc6\u0ba9\u0bcd\u0bb1\u0bc1 \u0b85\u0bb1\u0bbf\u0ba8\u0bcd\u0ba4\u0bbf\u0bb0\u0bc1\u0b95\u0bcd\u0b95\u0bbf\u0bb1\u0bcb\u0bae\u0bcd; \u0ba8\u0bbe\u0bae\u0bc1\u0bae\u0bcd \u0b9a\u0b95\u0bcb\u0ba4\u0bb0\u0bb0\u0bc1\u0b95\u0bcd\u0b95\u0bbe\u0b95 \u0b9c\u0bc0\u0bb5\u0ba9\u0bc8\u0b95\u0bcd\u0b95\u0bca\u0b9f\u0bc1\u0b95\u0bcd\u0b95\u0b95\u0bcd \u0b95\u0b9f\u0ba9\u0bbe\u0bb3\u0bbf\u0b95\u0bb3\u0bbe\u0baf\u0bbf\u0bb0\u0bc1\u0b95\u0bcd\u0b95\u0bbf\u0bb1\u0bcb\u0bae\u0bcd."},{"Verseid":"61002016","Verse":"\u0b92\u0bb0\u0bc1\u0bb5\u0ba9\u0bcd \u0b87\u0bb5\u0bcd\u0bb5\u0bc1\u0bb2\u0b95 \u0b86\u0bb8\u0bcd\u0ba4\u0bbf \u0b89\u0b9f\u0bc8\u0baf\u0bb5\u0ba9\u0bbe\u0baf\u0bbf\u0bb0\u0bc1\u0ba8\u0bcd\u0ba4\u0bc1, \u0ba4\u0ba9\u0bcd \u0b9a\u0b95\u0bcb\u0ba4\u0bb0\u0ba9\u0bc1\u0b95\u0bcd\u0b95\u0bc1\u0b95\u0bcd \u0b95\u0bc1\u0bb1\u0bc8\u0b9a\u0bcd\u0b9a\u0bb2\u0bc1\u0ba3\u0bcd\u0b9f\u0bc6\u0ba9\u0bcd\u0bb1\u0bc1 \u0b95\u0ba3\u0bcd\u0b9f\u0bc1, \u0ba4\u0ba9\u0bcd \u0b87\u0bb0\u0bc1\u0ba4\u0baf\u0ba4\u0bcd\u0ba4\u0bc8 \u0b85\u0bb5\u0ba9\u0bc1\u0b95\u0bcd\u0b95\u0bc1 \u0b85\u0b9f\u0bc8\u0ba4\u0bcd\u0ba4\u0bc1\u0b95\u0bcd\u0b95\u0bca\u0ba3\u0bcd\u0b9f\u0bbe\u0bb2\u0bcd, \u0b85\u0bb5\u0ba9\u0bc1\u0b95\u0bcd\u0b95\u0bc1\u0bb3\u0bcd \u0ba4\u0bc7\u0bb5 \u0b85\u0ba9\u0bcd\u0baa\u0bc1 \u0ba8\u0bbf\u0bb2\u0bc8\u0b95\u0bca\u0bb3\u0bcd\u0bb3\u0bc1\u0b95\u0bbf\u0bb1\u0ba4\u0bc6\u0baa\u0bcd\u0baa\u0b9f\u0bbf?"},{"Verseid":"61002017","Verse":"\u0b8e\u0ba9\u0bcd \u0baa\u0bbf\u0bb3\u0bcd\u0bb3\u0bc8\u0b95\u0bb3\u0bc7, \u0bb5\u0b9a\u0ba9\u0ba4\u0bcd\u0ba4\u0bbf\u0ba9\u0bbe\u0bb2\u0bc1\u0bae\u0bcd, \u0ba8\u0bbe\u0bb5\u0bbf\u0ba9\u0bbe\u0bb2\u0bc1\u0bae\u0bb2\u0bcd\u0bb2, \u0b95\u0bbf\u0bb0\u0bbf\u0baf\u0bc8\u0baf\u0bbf\u0ba9\u0bbe\u0bb2\u0bc1\u0bae\u0bcd \u0b89\u0ba3\u0bcd\u0bae\u0bc8\u0baf\u0bbf\u0ba9\u0bbe\u0bb2\u0bc1\u0bae\u0bcd \u0b85\u0ba9\u0bcd\u0baa\u0bc1\u0b95\u0bc2\u0bb0\u0b95\u0bcd\u0b95\u0b9f\u0bb5\u0bcb\u0bae\u0bcd."},{"Verseid":"61002018","Verse":"\u0b87\u0ba4\u0bbf\u0ba9\u0bbe\u0bb2\u0bc7 \u0ba8\u0bbe\u0bae\u0bcd \u0ba8\u0bae\u0bcd\u0bae\u0bc8\u0b9a\u0bcd \u0b9a\u0ba4\u0bcd\u0ba4\u0bbf\u0baf\u0ba4\u0bcd\u0ba4\u0bbf\u0bb1\u0bcd\u0b95\u0bc1\u0bb0\u0bbf\u0baf\u0bb5\u0bb0\u0bcd\u0b95\u0bb3\u0bc6\u0ba9\u0bcd\u0bb1\u0bc1 \u0b85\u0bb1\u0bbf\u0ba8\u0bcd\u0ba4\u0bc1, \u0ba8\u0bae\u0bcd\u0bae\u0bc1\u0b9f\u0bc8\u0baf \u0b87\u0bb0\u0bc1\u0ba4\u0baf\u0ba4\u0bcd\u0ba4\u0bc8 \u0b85\u0bb5\u0bb0\u0bc1\u0b95\u0bcd\u0b95\u0bc1 \u0bae\u0bc1\u0ba9\u0bcd\u0baa\u0bbe\u0b95 \u0ba8\u0bbf\u0b9a\u0bcd\u0b9a\u0baf\u0baa\u0bcd\u0baa\u0b9f\u0bc1\u0ba4\u0bcd\u0ba4\u0bbf\u0b95\u0bcd\u0b95\u0bca\u0bb3\u0bcd\u0bb3\u0bb2\u0bbe\u0bae\u0bcd."},{"Verseid":"61002019","Verse":"\u0ba8\u0bae\u0bcd\u0bae\u0bc1\u0b9f\u0bc8\u0baf \u0b87\u0bb0\u0bc1\u0ba4\u0baf\u0bae\u0bc7 \u0ba8\u0bae\u0bcd\u0bae\u0bc8\u0b95\u0bcd \u0b95\u0bc1\u0bb1\u0bcd\u0bb1\u0bb5\u0bbe\u0bb3\u0bbf\u0b95\u0bb3\u0bbe\u0b95\u0ba4\u0bcd \u0ba4\u0bc0\u0bb0\u0bcd\u0b95\u0bcd\u0b95\u0bc1\u0bae\u0bbe\u0ba9\u0bbe\u0bb2\u0bcd, \u0ba4\u0bc7\u0bb5\u0ba9\u0bcd \u0ba8\u0bae\u0bcd\u0bae\u0bc1\u0b9f\u0bc8\u0baf \u0b87\u0bb0\u0bc1\u0ba4\u0baf\u0ba4\u0bcd\u0ba4\u0bbf\u0bb2\u0bc1\u0bae\u0bcd \u0baa\u0bc6\u0bb0\u0bbf\u0baf\u0bb5\u0bb0\u0bbe\u0baf\u0bbf\u0bb0\u0bc1\u0ba8\u0bcd\u0ba4\u0bc1 \u0b9a\u0b95\u0bb2\u0ba4\u0bcd\u0ba4\u0bc8\u0baf\u0bc1\u0bae\u0bcd \u0b85\u0bb1\u0bbf\u0ba8\u0bcd\u0ba4\u0bbf\u0bb0\u0bc1\u0b95\u0bcd\u0b95\u0bbf\u0bb1\u0bbe\u0bb0\u0bcd."},{"Verseid":"61002020","Verse":"\u0baa\u0bbf\u0bb0\u0bbf\u0baf\u0bae\u0bbe\u0ba9\u0bb5\u0bb0\u0bcd\u0b95\u0bb3\u0bc7, \u0ba8\u0bae\u0bcd\u0bae\u0bc1\u0b9f\u0bc8\u0baf \u0b87\u0bb0\u0bc1\u0ba4\u0baf\u0bae\u0bcd \u0ba8\u0bae\u0bcd\u0bae\u0bc8\u0b95\u0bcd \u0b95\u0bc1\u0bb1\u0bcd\u0bb1\u0bb5\u0bbe\u0bb3\u0bbf\u0b95\u0bb3\u0bc6\u0ba9\u0bcd\u0bb1\u0bc1 \u0ba4\u0bc0\u0bb0\u0bcd\u0b95\u0bcd\u0b95\u0bbe\u0ba4\u0bbf\u0bb0\u0bc1\u0ba8\u0bcd\u0ba4\u0bbe\u0bb2\u0bcd, \u0ba8\u0bbe\u0bae\u0bcd \u0ba4\u0bc7\u0bb5\u0ba9\u0bbf\u0b9f\u0ba4\u0bcd\u0ba4\u0bbf\u0bb2\u0bcd \u0ba4\u0bc8\u0bb0\u0bbf\u0baf\u0b99\u0bcd\u0b95\u0bca\u0ba3\u0bcd\u0b9f\u0bbf\u0bb0\u0bc1\u0ba8\u0bcd\u0ba4\u0bc1,"},{"Verseid":"61002021","Verse":"\u0b85\u0bb5\u0bb0\u0bc1\u0b9f\u0bc8\u0baf \u0b95\u0bb1\u0bcd\u0baa\u0ba9\u0bc8\u0b95\u0bb3\u0bc8 \u0ba8\u0bbe\u0bae\u0bcd \u0b95\u0bc8\u0b95\u0bcd\u0b95\u0bca\u0ba3\u0bcd\u0b9f\u0bc1 \u0b85\u0bb5\u0bb0\u0bc1\u0b95\u0bcd\u0b95\u0bc1 \u0bae\u0bc1\u0ba9\u0bcd\u0baa\u0bbe\u0b95\u0baa\u0bcd \u0baa\u0bbf\u0bb0\u0bbf\u0baf\u0bae\u0bbe\u0ba9\u0bb5\u0bc8\u0b95\u0bb3\u0bc8\u0b9a\u0bcd \u0b9a\u0bc6\u0baf\u0bcd\u0b95\u0bbf\u0bb1\u0baa\u0b9f\u0bbf\u0baf\u0bbf\u0ba9\u0bbe\u0bb2\u0bcd \u0ba8\u0bbe\u0bae\u0bcd \u0bb5\u0bc7\u0ba3\u0bcd\u0b9f\u0bbf\u0b95\u0bcd\u0b95\u0bca\u0bb3\u0bcd\u0bb3\u0bc1\u0b95\u0bbf\u0bb1\u0ba4\u0bc6\u0ba4\u0bc1\u0bb5\u0bcb \u0b85\u0ba4\u0bc8 \u0b85\u0bb5\u0bb0\u0bbe\u0bb2\u0bc7 \u0baa\u0bc6\u0bb1\u0bcd\u0bb1\u0bc1\u0b95\u0bcd\u0b95\u0bca\u0bb3\u0bcd\u0bb3\u0bc1\u0b95\u0bbf\u0bb1\u0bcb\u0bae\u0bcd."},{"Verseid":"61002022","Verse":"\u0ba8\u0bbe\u0bae\u0bcd \u0b85\u0bb5\u0bb0\u0bc1\u0b9f\u0bc8\u0baf \u0b95\u0bc1\u0bae\u0bbe\u0bb0\u0ba9\u0bbe\u0b95\u0bbf\u0baf \u0b87\u0baf\u0bc7\u0b9a\u0bc1\u0b95\u0bbf\u0bb1\u0bbf\u0bb8\u0bcd\u0ba4\u0bc1\u0bb5\u0bbf\u0ba9\u0bcd \u0ba8\u0bbe\u0bae\u0ba4\u0bcd\u0ba4\u0bbf\u0ba9\u0bcd\u0bae\u0bc7\u0bb2\u0bcd \u0bb5\u0bbf\u0b9a\u0bc1\u0bb5\u0bbe\u0b9a\u0bae\u0bbe\u0baf\u0bbf\u0bb0\u0bc1\u0ba8\u0bcd\u0ba4\u0bc1, \u0b85\u0bb5\u0bb0\u0bcd \u0ba8\u0bae\u0b95\u0bcd\u0b95\u0bc1\u0b95\u0bcd \u0b95\u0b9f\u0bcd\u0b9f\u0bb3\u0bc8\u0baf\u0bbf\u0b9f\u0bcd\u0b9f\u0baa\u0b9f\u0bbf \u0b92\u0bb0\u0bc1\u0bb5\u0bb0\u0bbf\u0bb2\u0bca\u0bb0\u0bc1\u0bb5\u0bb0\u0bcd \u0b85\u0ba9\u0bcd\u0baa\u0bbe\u0baf\u0bbf\u0bb0\u0bc1\u0b95\u0bcd\u0b95\u0bb5\u0bc7\u0ba3\u0bcd\u0b9f\u0bc1\u0bae\u0bc6\u0ba9\u0bcd\u0baa\u0ba4\u0bc7 \u0b85\u0bb5\u0bb0\u0bc1\u0b9f\u0bc8\u0baf \u0b95\u0bb1\u0bcd\u0baa\u0ba9\u0bc8\u0baf\u0bbe\u0baf\u0bbf\u0bb0\u0bc1\u0b95\u0bcd\u0b95\u0bbf\u0bb1\u0ba4\u0bc1."},{"Verseid":"61002023","Verse":"\u0b85\u0bb5\u0bb0\u0bc1\u0b9f\u0bc8\u0baf \u0b95\u0b9f\u0bcd\u0b9f\u0bb3\u0bc8\u0b95\u0bb3\u0bc8\u0b95\u0bcd \u0b95\u0bc8\u0b95\u0bcd\u0b95\u0bca\u0bb3\u0bcd\u0bb3\u0bc1\u0b95\u0bbf\u0bb1\u0bb5\u0ba9\u0bcd \u0b85\u0bb5\u0bb0\u0bbf\u0bb2\u0bcd \u0ba8\u0bbf\u0bb2\u0bc8\u0ba4\u0bcd\u0ba4\u0bbf\u0bb0\u0bc1\u0b95\u0bcd\u0b95\u0bbf\u0bb1\u0bbe\u0ba9\u0bcd. \u0b85\u0bb5\u0bb0\u0bc1\u0bae\u0bcd \u0b85\u0bb5\u0ba9\u0bbf\u0bb2\u0bcd \u0ba8\u0bbf\u0bb2\u0bc8\u0ba4\u0bcd\u0ba4\u0bbf\u0bb0\u0bc1\u0b95\u0bcd\u0b95\u0bbf\u0bb1\u0bbe\u0bb0\u0bcd; \u0b85\u0bb5\u0bb0\u0bcd \u0ba8\u0bae\u0bcd\u0bae\u0bbf\u0bb2\u0bcd \u0ba8\u0bbf\u0bb2\u0bc8\u0ba4\u0bcd\u0ba4\u0bbf\u0bb0\u0bc1\u0b95\u0bcd\u0b95\u0bbf\u0bb1\u0ba4\u0bc8 \u0b85\u0bb5\u0bb0\u0bcd \u0ba8\u0bae\u0b95\u0bcd\u0b95\u0bc1\u0ba4\u0bcd \u0ba4\u0ba8\u0bcd\u0ba4\u0bb0\u0bc1\u0bb3\u0bbf\u0ba9 \u0b86\u0bb5\u0bbf\u0baf\u0bbf\u0ba9\u0bbe\u0bb2\u0bc7 \u0b85\u0bb1\u0bbf\u0ba8\u0bcd\u0ba4\u0bbf\u0bb0\u0bc1\u0b95\u0bcd\u0b95\u0bbf\u0bb1\u0bcb\u0bae\u0bcd."}]},{"Verse":[{"Verseid":"61003000","Verse":"\u0b85\u0ba8\u0bc7\u0b95\u0b99\u0bcd \u0b95\u0bb3\u0bcd\u0bb3\u0ba4\u0bcd\u0ba4\u0bc0\u0bb0\u0bcd\u0b95\u0bcd\u0b95\u0ba4\u0bb0\u0bbf\u0b9a\u0bbf\u0b95\u0bb3\u0bcd \u0ba4\u0bcb\u0ba9\u0bcd\u0bb1\u0bbf\u0baf\u0bbf\u0bb0\u0bc1\u0baa\u0bcd\u0baa\u0ba4\u0bbf\u0ba9\u0bbe\u0bb2\u0bcd, \u0ba8\u0bc0\u0b99\u0bcd\u0b95\u0bb3\u0bcd \u0b8e\u0bb2\u0bcd\u0bb2\u0bbe \u0b86\u0bb5\u0bbf\u0b95\u0bb3\u0bc8\u0baf\u0bc1\u0bae\u0bcd \u0ba8\u0bae\u0bcd\u0baa\u0bbe\u0bae\u0bb2\u0bcd, \u0b85\u0ba8\u0bcd\u0ba4 \u0b86\u0bb5\u0bbf\u0b95\u0bb3\u0bcd \u0ba4\u0bc7\u0bb5\u0ba9\u0bbe\u0bb2\u0bc1\u0ba3\u0bcd\u0b9f\u0bbe\u0ba9\u0bb5\u0bc8\u0b95\u0bb3\u0bcb \u0b8e\u0ba9\u0bcd\u0bb1\u0bc1 \u0b9a\u0bcb\u0ba4\u0bbf\u0ba4\u0bcd\u0ba4\u0bb1\u0bbf\u0baf\u0bc1\u0b99\u0bcd\u0b95\u0bb3\u0bcd."},{"Verseid":"61003001","Verse":"\u0ba4\u0bc7\u0bb5\u0b86\u0bb5\u0bbf\u0baf\u0bc8 \u0ba8\u0bc0\u0b99\u0bcd\u0b95\u0bb3\u0bcd \u0b8e\u0ba4\u0bbf\u0ba9\u0bbe\u0bb2\u0bc7 \u0b85\u0bb1\u0bbf\u0baf\u0bb2\u0bbe\u0bae\u0bc6\u0ba9\u0bcd\u0bb1\u0bbe\u0bb2\u0bcd: \u0bae\u0bbe\u0bae\u0bcd\u0b9a\u0ba4\u0bcd\u0ba4\u0bbf\u0bb2\u0bcd \u0bb5\u0ba8\u0bcd\u0ba4 \u0b87\u0baf\u0bc7\u0b9a\u0bc1\u0b95\u0bbf\u0bb1\u0bbf\u0bb8\u0bcd\u0ba4\u0bc1\u0bb5\u0bc8 \u0b85\u0bb1\u0bbf\u0b95\u0bcd\u0b95\u0bc8\u0baa\u0ba3\u0bcd\u0ba3\u0bc1\u0b95\u0bbf\u0bb1 \u0b8e\u0ba8\u0bcd\u0ba4 \u0b86\u0bb5\u0bbf\u0baf\u0bc1\u0bae\u0bcd \u0ba4\u0bc7\u0bb5\u0ba9\u0bbe\u0bb2\u0bcd \u0b89\u0ba3\u0bcd\u0b9f\u0bbe\u0baf\u0bbf\u0bb0\u0bc1\u0b95\u0bcd\u0b95\u0bbf\u0bb1\u0ba4\u0bc1."},{"Verseid":"61003002","Verse":"\u0bae\u0bbe\u0bae\u0bcd\u0b9a\u0ba4\u0bcd\u0ba4\u0bbf\u0bb2\u0bcd \u0bb5\u0ba8\u0bcd\u0ba4 \u0b87\u0baf\u0bc7\u0b9a\u0bc1\u0b95\u0bbf\u0bb1\u0bbf\u0bb8\u0bcd\u0ba4\u0bc1\u0bb5\u0bc8 \u0b85\u0bb1\u0bbf\u0b95\u0bcd\u0b95\u0bc8\u0baa\u0ba3\u0bcd\u0ba3\u0bbe\u0ba4 \u0b8e\u0ba8\u0bcd\u0ba4 \u0b86\u0bb5\u0bbf\u0baf\u0bc1\u0bae\u0bcd \u0ba4\u0bc7\u0bb5\u0ba9\u0bbe\u0bb2\u0bcd \u0b89\u0ba3\u0bcd\u0b9f\u0bbe\u0ba9\u0ba4\u0bb2\u0bcd\u0bb2; \u0bb5\u0bb0\u0bc1\u0bae\u0bc6\u0ba9\u0bcd\u0bb1\u0bc1 \u0ba8\u0bc0\u0b99\u0bcd\u0b95\u0bb3\u0bcd \u0b95\u0bc7\u0bb3\u0bcd\u0bb5\u0bbf\u0baa\u0bcd\u0baa\u0b9f\u0bcd\u0b9f \u0b85\u0ba8\u0bcd\u0ba4\u0bbf\u0b95\u0bcd\u0b95\u0bbf\u0bb1\u0bbf\u0bb8\u0bcd\u0ba4\u0bc1\u0bb5\u0bbf\u0ba9\u0bc1\u0b9f\u0bc8\u0baf \u0b86\u0bb5\u0bbf \u0b85\u0ba4\u0bc1\u0bb5\u0bc7, \u0b85\u0ba4\u0bc1 \u0b87\u0baa\u0bcd\u0baa\u0bca\u0bb4\u0bc1\u0ba4\u0bc1\u0bae\u0bcd \u0b89\u0bb2\u0b95\u0ba4\u0bcd\u0ba4\u0bbf\u0bb2\u0bcd \u0b87\u0bb0\u0bc1\u0b95\u0bcd\u0b95\u0bbf\u0bb1\u0ba4\u0bc1."},{"Verseid":"61003003","Verse":"\u0baa\u0bbf\u0bb3\u0bcd\u0bb3\u0bc8\u0b95\u0bb3\u0bc7, \u0ba8\u0bc0\u0b99\u0bcd\u0b95\u0bb3\u0bcd \u0ba4\u0bc7\u0bb5\u0ba9\u0bbe\u0bb2\u0bc1\u0ba3\u0bcd\u0b9f\u0bbe\u0baf\u0bbf\u0bb0\u0bc1\u0ba8\u0bcd\u0ba4\u0bc1, \u0b85\u0bb5\u0bb0\u0bcd\u0b95\u0bb3\u0bc8 \u0b9c\u0bc6\u0baf\u0bbf\u0ba4\u0bcd\u0ba4\u0bc0\u0bb0\u0bcd\u0b95\u0bb3\u0bcd; \u0b8f\u0ba9\u0bc6\u0ba9\u0bbf\u0bb2\u0bcd \u0b89\u0bb2\u0b95\u0ba4\u0bcd\u0ba4\u0bbf\u0bb2\u0bbf\u0bb0\u0bc1\u0b95\u0bcd\u0b95\u0bbf\u0bb1\u0bb5\u0ba9\u0bbf\u0bb2\u0bc1\u0bae\u0bcd \u0b89\u0b99\u0bcd\u0b95\u0bb3\u0bbf\u0bb2\u0bbf\u0bb0\u0bc1\u0b95\u0bcd\u0b95\u0bbf\u0bb1\u0bb5\u0bb0\u0bcd \u0baa\u0bc6\u0bb0\u0bbf\u0baf\u0bb5\u0bb0\u0bcd."},{"Verseid":"61003004","Verse":"\u0b85\u0bb5\u0bb0\u0bcd\u0b95\u0bb3\u0bcd \u0b89\u0bb2\u0b95\u0ba4\u0bcd\u0ba4\u0bc1\u0b95\u0bcd\u0b95\u0bc1\u0bb0\u0bbf\u0baf\u0bb5\u0bb0\u0bcd\u0b95\u0bb3\u0bcd, \u0b86\u0b95\u0bc8\u0baf\u0bbe\u0bb2\u0bcd \u0b89\u0bb2\u0b95\u0ba4\u0bcd\u0ba4\u0bc1\u0b95\u0bcd\u0b95\u0bc1\u0bb0\u0bbf\u0baf\u0bb5\u0bc8\u0b95\u0bb3\u0bc8\u0baa\u0bcd \u0baa\u0bc7\u0b9a\u0bc1\u0b95\u0bbf\u0bb1\u0bbe\u0bb0\u0bcd\u0b95\u0bb3\u0bcd, \u0b89\u0bb2\u0b95\u0bae\u0bc1\u0bae\u0bcd \u0b85\u0bb5\u0bb0\u0bcd\u0b95\u0bb3\u0bc1\u0b95\u0bcd\u0b95\u0bc1\u0b9a\u0bcd \u0b9a\u0bc6\u0bb5\u0bbf\u0b95\u0bca\u0b9f\u0bc1\u0b95\u0bcd\u0b95\u0bc1\u0bae\u0bcd."},{"Verseid":"61003005","Verse":"\u0ba8\u0bbe\u0b99\u0bcd\u0b95\u0bb3\u0bcd \u0ba4\u0bc7\u0bb5\u0ba9\u0bbe\u0bb2\u0bcd \u0b89\u0ba3\u0bcd\u0b9f\u0bbe\u0ba9\u0bb5\u0bb0\u0bcd\u0b95\u0bb3\u0bcd; \u0ba4\u0bc7\u0bb5\u0ba9\u0bc8 \u0b85\u0bb1\u0bbf\u0ba8\u0bcd\u0ba4\u0bb5\u0ba9\u0bcd \u0b8e\u0b99\u0bcd\u0b95\u0bb3\u0bc1\u0b95\u0bcd\u0b95\u0bc1\u0b9a\u0bcd \u0b9a\u0bc6\u0bb5\u0bbf\u0b95\u0bca\u0b9f\u0bc1\u0b95\u0bcd\u0b95\u0bbf\u0bb1\u0bbe\u0ba9\u0bcd; \u0ba4\u0bc7\u0bb5\u0ba9\u0bbe\u0bb2\u0bcd \u0b89\u0ba3\u0bcd\u0b9f\u0bbe\u0baf\u0bbf\u0bb0\u0bbe\u0ba4\u0bb5\u0ba9\u0bcd \u0b8e\u0b99\u0bcd\u0b95\u0bb3\u0bc1\u0b95\u0bcd\u0b95\u0bc1\u0b9a\u0bcd \u0b9a\u0bc6\u0bb5\u0bbf\u0b95\u0bca\u0b9f\u0bc1\u0b95\u0bcd\u0b95\u0bbf\u0bb1\u0ba4\u0bbf\u0bb2\u0bcd\u0bb2\u0bc8; \u0b87\u0ba4\u0bbf\u0ba9\u0bbe\u0bb2\u0bc7 \u0b9a\u0ba4\u0bcd\u0ba4\u0bbf\u0baf \u0b86\u0bb5\u0bbf \u0b87\u0ba9\u0bcd\u0ba9\u0ba4\u0bc6\u0ba9\u0bcd\u0bb1\u0bc1\u0bae\u0bcd, \u0bb5\u0b9e\u0bcd\u0b9a\u0b95\u0b86\u0bb5\u0bbf \u0b87\u0ba9\u0bcd\u0ba9\u0ba4\u0bc6\u0ba9\u0bcd\u0bb1\u0bc1\u0bae\u0bcd \u0b85\u0bb1\u0bbf\u0ba8\u0bcd\u0ba4\u0bbf\u0bb0\u0bc1\u0b95\u0bcd\u0b95\u0bbf\u0bb1\u0bcb\u0bae\u0bcd."},{"Verseid":"61003006","Verse":"\u0b85\u0ba9\u0bcd\u0baa\u0bbe\u0baf\u0bbf\u0bb0\u0bc1\u0b95\u0bcd\u0b95\u0b95\u0bcd\u0b95\u0b9f\u0bb5\u0bcb\u0bae\u0bcd; \u0b8f\u0ba9\u0bc6\u0ba9\u0bbf\u0bb2\u0bcd \u0b85\u0ba9\u0bcd\u0baa\u0bc1 \u0ba4\u0bc7\u0bb5\u0ba9\u0bbe\u0bb2\u0bcd \u0b89\u0ba3\u0bcd\u0b9f\u0bbe\u0baf\u0bbf\u0bb0\u0bc1\u0b95\u0bcd\u0b95\u0bbf\u0bb1\u0ba4\u0bc1; \u0b85\u0ba9\u0bcd\u0baa\u0bc1\u0bb3\u0bcd\u0bb3 \u0b8e\u0bb5\u0ba9\u0bc1\u0bae\u0bcd \u0ba4\u0bc7\u0bb5\u0ba9\u0bbe\u0bb2\u0bcd \u0baa\u0bbf\u0bb1\u0ba8\u0bcd\u0ba4\u0bc1, \u0b85\u0bb5\u0bb0\u0bc8 \u0b85\u0bb1\u0bbf\u0ba8\u0bcd\u0ba4\u0bbf\u0bb0\u0bc1\u0b95\u0bcd\u0b95\u0bbf\u0bb1\u0bbe\u0ba9\u0bcd."},{"Verseid":"61003007","Verse":"\u0b85\u0ba9\u0bcd\u0baa\u0bbf\u0bb2\u0bcd\u0bb2\u0bbe\u0ba4\u0bb5\u0ba9\u0bcd \u0ba4\u0bc7\u0bb5\u0ba9\u0bc8 \u0b85\u0bb1\u0bbf\u0baf\u0bbe\u0ba9\u0bcd, \u0ba4\u0bc7\u0bb5\u0ba9\u0bcd \u0b85\u0ba9\u0bcd\u0baa\u0bbe\u0b95\u0bb5\u0bc7 \u0b87\u0bb0\u0bc1\u0b95\u0bcd\u0b95\u0bbf\u0bb1\u0bbe\u0bb0\u0bcd."},{"Verseid":"61003008","Verse":"\u0ba4\u0bae\u0bcd\u0bae\u0bc1\u0b9f\u0bc8\u0baf \u0b92\u0bb0\u0bc7 \u0baa\u0bc7\u0bb1\u0bbe\u0ba9 \u0b95\u0bc1\u0bae\u0bbe\u0bb0\u0ba9\u0bbe\u0bb2\u0bc7 \u0ba8\u0bbe\u0bae\u0bcd \u0baa\u0bbf\u0bb4\u0bc8\u0b95\u0bcd\u0b95\u0bc1\u0bae\u0bcd\u0baa\u0b9f\u0bbf\u0b95\u0bcd\u0b95\u0bc1 \u0ba4\u0bc7\u0bb5\u0ba9\u0bcd \u0b85\u0bb5\u0bb0\u0bc8 \u0b87\u0bb5\u0bcd\u0bb5\u0bc1\u0bb2\u0b95\u0ba4\u0bcd\u0ba4\u0bbf\u0bb2\u0bc7 \u0b85\u0ba9\u0bc1\u0baa\u0bcd\u0baa\u0bbf\u0ba9\u0ba4\u0bbf\u0ba9\u0bbe\u0bb2\u0bcd \u0ba4\u0bc7\u0bb5\u0ba9\u0bcd \u0ba8\u0bae\u0bcd\u0bae\u0bc7\u0bb2\u0bcd \u0bb5\u0bc8\u0ba4\u0bcd\u0ba4 \u0b85\u0ba9\u0bcd\u0baa\u0bc1 \u0bb5\u0bc6\u0bb3\u0bbf\u0baa\u0bcd\u0baa\u0b9f\u0bcd\u0b9f\u0ba4\u0bc1."},{"Verseid":"61003009","Verse":"\u0ba8\u0bbe\u0bae\u0bcd \u0ba4\u0bc7\u0bb5\u0ba9\u0bbf\u0b9f\u0ba4\u0bcd\u0ba4\u0bbf\u0bb2\u0bcd \u0b85\u0ba9\u0bcd\u0baa\u0bc1\u0b95\u0bc2\u0bb0\u0bcd\u0ba8\u0bcd\u0ba4\u0ba4\u0bbf\u0ba9\u0bbe\u0bb2\u0bcd \u0b85\u0bb2\u0bcd\u0bb2, \u0b85\u0bb5\u0bb0\u0bcd \u0ba8\u0bae\u0bcd\u0bae\u0bbf\u0b9f\u0ba4\u0bcd\u0ba4\u0bbf\u0bb2\u0bcd \u0b85\u0ba9\u0bcd\u0baa\u0bc1\u0b95\u0bc2\u0bb0\u0bcd\u0ba8\u0bcd\u0ba4\u0bc1, \u0ba8\u0bae\u0bcd\u0bae\u0bc1\u0b9f\u0bc8\u0baf \u0baa\u0bbe\u0bb5\u0b99\u0bcd\u0b95\u0bb3\u0bc8 \u0ba8\u0bbf\u0bb5\u0bbf\u0bb0\u0bcd\u0ba4\u0bcd\u0ba4\u0bbf\u0b9a\u0bc6\u0baf\u0bcd\u0b95\u0bbf\u0bb1 \u0b95\u0bbf\u0bb0\u0bc1\u0baa\u0bbe\u0ba4\u0bbe\u0bb0\u0baa\u0bb2\u0bbf\u0baf\u0bbe\u0b95\u0ba4\u0bcd \u0ba4\u0bae\u0bcd\u0bae\u0bc1\u0b9f\u0bc8\u0baf \u0b95\u0bc1\u0bae\u0bbe\u0bb0\u0ba9\u0bc8 \u0b85\u0ba9\u0bc1\u0baa\u0bcd\u0baa\u0bbf\u0ba9\u0ba4\u0bbf\u0ba9\u0bbe\u0bb2\u0bc7 \u0b85\u0ba9\u0bcd\u0baa\u0bc1 \u0b89\u0ba3\u0bcd\u0b9f\u0bbe\u0baf\u0bbf\u0bb0\u0bc1\u0b95\u0bcd\u0b95\u0bbf\u0bb1\u0ba4\u0bc1."},{"Verseid":"61003010","Verse":"\u0baa\u0bbf\u0bb0\u0bbf\u0baf\u0bae\u0bbe\u0ba9\u0bb5\u0bb0\u0bcd\u0b95\u0bb3\u0bc7, \u0ba4\u0bc7\u0bb5\u0ba9\u0bcd \u0b87\u0bb5\u0bcd\u0bb5\u0bbf\u0ba4\u0bae\u0bbe\u0baf\u0bcd \u0ba8\u0bae\u0bcd\u0bae\u0bbf\u0b9f\u0ba4\u0bcd\u0ba4\u0bbf\u0bb2\u0bcd \u0b85\u0ba9\u0bcd\u0baa\u0bc1\u0b95\u0bc2\u0bb0\u0bcd\u0ba8\u0bcd\u0ba4\u0bbf\u0bb0\u0bc1\u0b95\u0bcd\u0b95, \u0ba8\u0bbe\u0bae\u0bc1\u0bae\u0bcd \u0b92\u0bb0\u0bc1\u0bb5\u0bb0\u0bbf\u0b9f\u0ba4\u0bcd\u0ba4\u0bbf\u0bb2\u0bcd \u0b92\u0bb0\u0bc1\u0bb5\u0bb0\u0bcd \u0b85\u0ba9\u0bcd\u0baa\u0bc1\u0b95\u0bc2\u0bb0\u0b95\u0bcd \u0b95\u0b9f\u0ba9\u0bbe\u0bb3\u0bbf\u0b95\u0bb3\u0bbe\u0baf\u0bbf\u0bb0\u0bc1\u0b95\u0bcd\u0b95\u0bbf\u0bb1\u0bcb\u0bae\u0bcd."},{"Verseid":"61003011","Verse":"\u0ba4\u0bc7\u0bb5\u0ba9\u0bc8 \u0b92\u0bb0\u0bc1\u0bb5\u0bb0\u0bc1\u0bae\u0bcd \u0b92\u0bb0\u0bc1\u0baa\u0bcb\u0ba4\u0bc1\u0bae\u0bcd \u0b95\u0ba3\u0bcd\u0b9f\u0ba4\u0bbf\u0bb2\u0bcd\u0bb2\u0bc8; \u0ba8\u0bbe\u0bae\u0bcd \u0b92\u0bb0\u0bc1\u0bb5\u0bb0\u0bbf\u0b9f\u0ba4\u0bcd\u0ba4\u0bbf\u0bb2\u0bcd \u0b92\u0bb0\u0bc1\u0bb5\u0bb0\u0bcd \u0b85\u0ba9\u0bcd\u0baa\u0bc1\u0b95\u0bc2\u0bb0\u0bcd\u0ba8\u0bcd\u0ba4\u0bbe\u0bb2\u0bcd \u0ba4\u0bc7\u0bb5\u0ba9\u0bcd \u0ba8\u0bae\u0b95\u0bcd\u0b95\u0bc1\u0bb3\u0bcd \u0ba8\u0bbf\u0bb2\u0bc8\u0ba4\u0bcd\u0ba4\u0bbf\u0bb0\u0bc1\u0b95\u0bcd\u0b95\u0bbf\u0bb1\u0bbe\u0bb0\u0bcd; \u0b85\u0bb5\u0bb0\u0bc1\u0b9f\u0bc8\u0baf \u0b85\u0ba9\u0bcd\u0baa\u0bc1\u0bae\u0bcd \u0ba8\u0bae\u0b95\u0bcd\u0b95\u0bc1\u0bb3\u0bcd \u0baa\u0bc2\u0bb0\u0ba3\u0baa\u0bcd\u0baa\u0b9f\u0bc1\u0bae\u0bcd."},{"Verseid":"61003012","Verse":"\u0b85\u0bb5\u0bb0\u0bcd \u0ba4\u0bae\u0bcd\u0bae\u0bc1\u0b9f\u0bc8\u0baf \u0b86\u0bb5\u0bbf\u0baf\u0bbf\u0bb2\u0bcd \u0ba8\u0bae\u0b95\u0bcd\u0b95\u0bc1\u0ba4\u0bcd \u0ba4\u0ba8\u0bcd\u0ba4\u0bb0\u0bc1\u0bb3\u0bbf\u0ba9\u0ba4\u0bbf\u0ba9\u0bbe\u0bb2\u0bc7 \u0ba8\u0bbe\u0bae\u0bcd \u0b85\u0bb5\u0bb0\u0bbf\u0bb2\u0bc1\u0bae\u0bcd \u0b85\u0bb5\u0bb0\u0bcd \u0ba8\u0bae\u0bcd\u0bae\u0bbf\u0bb2\u0bc1\u0bae\u0bcd \u0ba8\u0bbf\u0bb2\u0bc8\u0ba4\u0bcd\u0ba4\u0bbf\u0bb0\u0bc1\u0b95\u0bcd\u0b95\u0bbf\u0bb1\u0ba4\u0bc8 \u0b85\u0bb1\u0bbf\u0ba8\u0bcd\u0ba4\u0bbf\u0bb0\u0bc1\u0b95\u0bcd\u0b95\u0bbf\u0bb1\u0bcb\u0bae\u0bcd."},{"Verseid":"61003013","Verse":"\u0baa\u0bbf\u0ba4\u0bbe\u0bb5\u0bbe\u0ba9\u0bb5\u0bb0\u0bcd \u0b95\u0bc1\u0bae\u0bbe\u0bb0\u0ba9\u0bc8 \u0b89\u0bb2\u0b95\u0bb0\u0b9f\u0bcd\u0b9a\u0b95\u0bb0\u0bbe\u0b95 \u0b85\u0ba9\u0bc1\u0baa\u0bcd\u0baa\u0bbf\u0ba9\u0bbe\u0bb0\u0bc6\u0ba9\u0bcd\u0bb1\u0bc1 \u0ba8\u0bbe\u0b99\u0bcd\u0b95\u0bb3\u0bcd \u0b95\u0ba3\u0bcd\u0b9f\u0bc1 \u0b9a\u0bbe\u0b9f\u0bcd\u0b9a\u0bbf\u0baf\u0bbf\u0b9f\u0bc1\u0b95\u0bbf\u0bb1\u0bcb\u0bae\u0bcd."},{"Verseid":"61003014","Verse":"\u0b87\u0baf\u0bc7\u0b9a\u0bc1\u0bb5\u0bbe\u0ba9\u0bb5\u0bb0\u0bcd \u0ba4\u0bc7\u0bb5\u0ba9\u0bc1\u0b9f\u0bc8\u0baf \u0b95\u0bc1\u0bae\u0bbe\u0bb0\u0ba9\u0bc6\u0ba9\u0bcd\u0bb1\u0bc1 \u0b85\u0bb1\u0bbf\u0b95\u0bcd\u0b95\u0bc8\u0baa\u0ba3\u0bcd\u0ba3\u0bc1\u0b95\u0bbf\u0bb1\u0bb5\u0ba9\u0bcd \u0b8e\u0bb5\u0ba9\u0bcb \u0b85\u0bb5\u0ba9\u0bbf\u0bb2\u0bcd \u0ba4\u0bc7\u0bb5\u0ba9\u0bcd \u0ba8\u0bbf\u0bb2\u0bc8\u0ba4\u0bcd\u0ba4\u0bbf\u0bb0\u0bc1\u0b95\u0bcd\u0b95\u0bbf\u0bb1\u0bbe\u0bb0\u0bcd, \u0b85\u0bb5\u0ba9\u0bc1\u0bae\u0bcd \u0ba4\u0bc7\u0bb5\u0ba9\u0bbf\u0bb2\u0bcd \u0ba8\u0bbf\u0bb2\u0bc8\u0ba4\u0bcd\u0ba4\u0bbf\u0bb0\u0bc1\u0b95\u0bcd\u0b95\u0bbf\u0bb1\u0bbe\u0ba9\u0bcd."},{"Verseid":"61003015","Verse":"\u0ba4\u0bc7\u0bb5\u0ba9\u0bcd \u0ba8\u0bae\u0bcd\u0bae\u0bc7\u0bb2\u0bcd \u0bb5\u0bc8\u0ba4\u0bcd\u0ba4\u0bbf\u0bb0\u0bc1\u0b95\u0bcd\u0b95\u0bbf\u0bb1 \u0b85\u0ba9\u0bcd\u0baa\u0bc8 \u0ba8\u0bbe\u0bae\u0bcd \u0b85\u0bb1\u0bbf\u0ba8\u0bcd\u0ba4\u0bc1 \u0bb5\u0bbf\u0b9a\u0bc1\u0bb5\u0bbe\u0b9a\u0bbf\u0ba4\u0bcd\u0ba4\u0bbf\u0bb0\u0bc1\u0b95\u0bcd\u0b95\u0bbf\u0bb1\u0bcb\u0bae\u0bcd. \u0ba4\u0bc7\u0bb5\u0ba9\u0bcd \u0b85\u0ba9\u0bcd\u0baa\u0bbe\u0b95\u0bb5\u0bc7 \u0b87\u0bb0\u0bc1\u0b95\u0bcd\u0b95\u0bbf\u0bb1\u0bbe\u0bb0\u0bcd; \u0b85\u0ba9\u0bcd\u0baa\u0bbf\u0bb2\u0bcd \u0ba8\u0bbf\u0bb2\u0bc8\u0ba4\u0bcd\u0ba4\u0bbf\u0bb0\u0bc1\u0b95\u0bcd\u0b95\u0bbf\u0bb1\u0bb5\u0ba9\u0bcd \u0ba4\u0bc7\u0bb5\u0ba9\u0bbf\u0bb2\u0bcd \u0ba8\u0bbf\u0bb2\u0bc8\u0ba4\u0bcd\u0ba4\u0bbf\u0bb0\u0bc1\u0b95\u0bcd\u0b95\u0bbf\u0bb1\u0bbe\u0ba9\u0bcd, \u0ba4\u0bc7\u0bb5\u0ba9\u0bc1\u0bae\u0bcd \u0b85\u0bb5\u0ba9\u0bbf\u0bb2\u0bcd \u0ba8\u0bbf\u0bb2\u0bc8\u0ba4\u0bcd\u0ba4\u0bbf\u0bb0\u0bc1\u0b95\u0bcd\u0b95\u0bbf\u0bb1\u0bbe\u0bb0\u0bcd."},{"Verseid":"61003016","Verse":"\u0ba8\u0bbf\u0baf\u0bbe\u0baf\u0ba4\u0bcd\u0ba4\u0bc0\u0bb0\u0bcd\u0baa\u0bcd\u0baa\u0bc1\u0ba8\u0bbe\u0bb3\u0bbf\u0bb2\u0bc7 \u0ba8\u0bae\u0b95\u0bcd\u0b95\u0bc1\u0ba4\u0bcd \u0ba4\u0bc8\u0bb0\u0bbf\u0baf\u0bae\u0bc1\u0ba3\u0bcd\u0b9f\u0bbe\u0baf\u0bbf\u0bb0\u0bc1\u0b95\u0bcd\u0b95\u0ba4\u0bcd\u0ba4\u0b95\u0bcd\u0b95\u0ba4\u0bbe\u0b95 \u0b85\u0ba9\u0bcd\u0baa\u0bc1 \u0ba8\u0bae\u0bcd\u0bae\u0bbf\u0b9f\u0ba4\u0bcd\u0ba4\u0bbf\u0bb2\u0bcd \u0baa\u0bc2\u0bb0\u0ba3\u0baa\u0bcd\u0baa\u0b9f\u0bc1\u0b95\u0bbf\u0bb1\u0ba4\u0bc1; \u0b8f\u0ba9\u0bc6\u0ba9\u0bcd\u0bb1\u0bbe\u0bb2\u0bcd, \u0b85\u0bb5\u0bb0\u0bcd \u0b87\u0bb0\u0bc1\u0b95\u0bcd\u0b95\u0bbf\u0bb1\u0baa\u0bbf\u0bb0\u0b95\u0bbe\u0bb0\u0bae\u0bbe\u0b95 \u0ba8\u0bbe\u0bae\u0bc1\u0bae\u0bcd \u0b87\u0bb5\u0bcd\u0bb5\u0bc1\u0bb2\u0b95\u0ba4\u0bcd\u0ba4\u0bbf\u0bb2\u0bcd \u0b87\u0bb0\u0bc1\u0b95\u0bcd\u0b95\u0bbf\u0bb1\u0bcb\u0bae\u0bcd."},{"Verseid":"61003017","Verse":"\u0b85\u0ba9\u0bcd\u0baa\u0bbf\u0bb2\u0bc7 \u0baa\u0baf\u0bae\u0bbf\u0bb2\u0bcd\u0bb2\u0bc8; \u0baa\u0bc2\u0bb0\u0ba3 \u0b85\u0ba9\u0bcd\u0baa\u0bc1 \u0baa\u0baf\u0ba4\u0bcd\u0ba4\u0bc8\u0baa\u0bcd \u0baa\u0bc1\u0bb1\u0bae\u0bcd\u0baa\u0bc7 \u0ba4\u0bb3\u0bcd\u0bb3\u0bc1\u0bae\u0bcd; \u0baa\u0baf\u0bae\u0bbe\u0ba9\u0ba4\u0bc1 \u0bb5\u0bc7\u0ba4\u0ba9\u0bc8\u0baf\u0bc1\u0bb3\u0bcd\u0bb3\u0ba4\u0bc1, \u0baa\u0baf\u0baa\u0bcd\u0baa\u0b9f\u0bc1\u0b95\u0bbf\u0bb1\u0bb5\u0ba9\u0bcd \u0b85\u0ba9\u0bcd\u0baa\u0bbf\u0bb2\u0bcd \u0baa\u0bc2\u0bb0\u0ba3\u0baa\u0bcd\u0baa\u0b9f\u0bcd\u0b9f\u0bb5\u0ba9\u0bcd \u0b85\u0bb2\u0bcd\u0bb2."},{"Verseid":"61003018","Verse":"\u0b85\u0bb5\u0bb0\u0bcd \u0bae\u0bc1\u0ba8\u0bcd\u0ba4\u0bbf \u0ba8\u0bae\u0bcd\u0bae\u0bbf\u0b9f\u0ba4\u0bcd\u0ba4\u0bbf\u0bb2\u0bcd \u0b85\u0ba9\u0bcd\u0baa\u0bc1\u0b95\u0bc2\u0bb0\u0bcd\u0ba8\u0bcd\u0ba4\u0baa\u0b9f\u0bbf\u0baf\u0bbe\u0bb2\u0bcd \u0ba8\u0bbe\u0bae\u0bc1\u0bae\u0bcd \u0b85\u0bb5\u0bb0\u0bbf\u0b9f\u0ba4\u0bcd\u0ba4\u0bbf\u0bb2\u0bcd \u0b85\u0ba9\u0bcd\u0baa\u0bc1\u0b95\u0bc2\u0bb0\u0bc1\u0b95\u0bbf\u0bb1\u0bcb\u0bae\u0bcd."},{"Verseid":"61003019","Verse":"\u0ba4\u0bc7\u0bb5\u0ba9\u0bbf\u0b9f\u0ba4\u0bcd\u0ba4\u0bbf\u0bb2\u0bcd \u0b85\u0ba9\u0bcd\u0baa\u0bc1\u0b95\u0bc2\u0bb0\u0bc1\u0b95\u0bbf\u0bb1\u0bc7\u0ba9\u0bc6\u0ba9\u0bcd\u0bb1\u0bc1 \u0b92\u0bb0\u0bc1\u0bb5\u0ba9\u0bcd \u0b9a\u0bca\u0bb2\u0bcd\u0bb2\u0bbf\u0baf\u0bc1\u0bae\u0bcd, \u0ba4\u0ba9\u0bcd \u0b9a\u0b95\u0bcb\u0ba4\u0bb0\u0ba9\u0bc8\u0baa\u0bcd \u0baa\u0b95\u0bc8\u0ba4\u0bcd\u0ba4\u0bbe\u0bb2\u0bcd, \u0b85\u0bb5\u0ba9\u0bcd \u0baa\u0bca\u0baf\u0bcd\u0baf\u0ba9\u0bcd; \u0ba4\u0bbe\u0ba9\u0bcd \u0b95\u0ba3\u0bcd\u0b9f \u0b9a\u0b95\u0bcb\u0ba4\u0bb0\u0ba9\u0bbf\u0b9f\u0ba4\u0bcd\u0ba4\u0bbf\u0bb2\u0bcd \u0b85\u0ba9\u0bcd\u0baa\u0bc1\u0b95\u0bc2\u0bb0\u0bbe\u0bae\u0bb2\u0bbf\u0bb0\u0bc1\u0b95\u0bcd\u0b95\u0bbf\u0bb1\u0bb5\u0ba9\u0bcd, \u0ba4\u0bbe\u0ba9\u0bcd \u0b95\u0bbe\u0ba3\u0bbe\u0ba4 \u0ba4\u0bc7\u0bb5\u0ba9\u0bbf\u0b9f\u0ba4\u0bcd\u0ba4\u0bbf\u0bb2\u0bcd \u0b8e\u0baa\u0bcd\u0baa\u0b9f\u0bbf \u0b85\u0ba9\u0bcd\u0baa\u0bc1\u0b95\u0bc2\u0bb0\u0bc1\u0bb5\u0bbe\u0ba9\u0bcd?"},{"Verseid":"61003020","Verse":"\u0ba4\u0bc7\u0bb5\u0ba9\u0bbf\u0b9f\u0ba4\u0bcd\u0ba4\u0bbf\u0bb2\u0bcd \u0b85\u0ba9\u0bcd\u0baa\u0bc1\u0b95\u0bc2\u0bb0\u0bc1\u0b95\u0bbf\u0bb1\u0bb5\u0ba9\u0bcd \u0ba4\u0ba9\u0bcd \u0b9a\u0b95\u0bcb\u0ba4\u0bb0\u0ba9\u0bbf\u0b9f\u0ba4\u0bcd\u0ba4\u0bbf\u0bb2\u0bc1\u0bae\u0bcd \u0b85\u0ba9\u0bcd\u0baa\u0bc1\u0b95\u0bc2\u0bb0\u0bb5\u0bc7\u0ba3\u0bcd\u0b9f\u0bc1\u0bae\u0bc6\u0ba9\u0bcd\u0b95\u0bbf\u0bb1 \u0b87\u0ba8\u0bcd\u0ba4\u0b95\u0bcd \u0b95\u0bb1\u0bcd\u0baa\u0ba9\u0bc8\u0baf\u0bc8 \u0b85\u0bb5\u0bb0\u0bbe\u0bb2\u0bc7 \u0baa\u0bc6\u0bb1\u0bcd\u0bb1\u0bbf\u0bb0\u0bc1\u0b95\u0bcd\u0b95\u0bbf\u0bb1\u0bcb\u0bae\u0bcd."}]},{"Verse":[{"Verseid":"61004000","Verse":"\u0b87\u0baf\u0bc7\u0b9a\u0bc1\u0bb5\u0bbe\u0ba9\u0bb5\u0bb0\u0bc7 \u0b95\u0bbf\u0bb1\u0bbf\u0bb8\u0bcd\u0ba4\u0bc1 \u0b8e\u0ba9\u0bcd\u0bb1\u0bc1 \u0bb5\u0bbf\u0b9a\u0bc1\u0bb5\u0bbe\u0b9a\u0bbf\u0b95\u0bcd\u0b95\u0bbf\u0bb1 \u0b8e\u0bb5\u0ba9\u0bc1\u0bae\u0bcd \u0ba4\u0bc7\u0bb5\u0ba9\u0bbe\u0bb2\u0bcd \u0baa\u0bbf\u0bb1\u0ba8\u0bcd\u0ba4\u0bbf\u0bb0\u0bc1\u0b95\u0bcd\u0b95\u0bbf\u0bb1\u0bbe\u0ba9\u0bcd; \u0baa\u0bbf\u0bb1\u0baa\u0bcd\u0baa\u0bbf\u0ba4\u0bcd\u0ba4\u0bb5\u0bb0\u0bbf\u0b9f\u0ba4\u0bcd\u0ba4\u0bbf\u0bb2\u0bcd \u0b85\u0ba9\u0bcd\u0baa\u0bc1\u0b95\u0bc2\u0bb0\u0bc1\u0b95\u0bbf\u0bb1 \u0b8e\u0bb5\u0ba9\u0bc1\u0bae\u0bcd \u0b85\u0bb5\u0bb0\u0bbe\u0bb2\u0bcd \u0baa\u0bbf\u0bb1\u0baa\u0bcd\u0baa\u0bbf\u0b95\u0bcd\u0b95\u0baa\u0bcd\u0baa\u0b9f\u0bcd\u0b9f\u0bb5\u0ba9\u0bbf\u0b9f\u0ba4\u0bcd\u0ba4\u0bbf\u0bb2\u0bc1\u0bae\u0bcd \u0b85\u0ba9\u0bcd\u0baa\u0bc1\u0b95\u0bc2\u0bb0\u0bc1\u0b95\u0bbf\u0bb1\u0bbe\u0ba9\u0bcd."},{"Verseid":"61004001","Verse":"\u0ba8\u0bbe\u0bae\u0bcd \u0ba4\u0bc7\u0bb5\u0ba9\u0bbf\u0b9f\u0ba4\u0bcd\u0ba4\u0bbf\u0bb2\u0bcd \u0b85\u0ba9\u0bcd\u0baa\u0bc1\u0b95\u0bc2\u0bb0\u0bcd\u0ba8\u0bcd\u0ba4\u0bc1 \u0b85\u0bb5\u0bb0\u0bc1\u0b9f\u0bc8\u0baf \u0b95\u0bb1\u0bcd\u0baa\u0ba9\u0bc8\u0b95\u0bb3\u0bc8\u0b95\u0bcd \u0b95\u0bc8\u0b95\u0bcd\u0b95\u0bca\u0bb3\u0bcd\u0bb3\u0bc1\u0bae\u0bcd\u0baa\u0bcb\u0ba4\u0bc1, \u0ba4\u0bc7\u0bb5\u0ba9\u0bc1\u0b9f\u0bc8\u0baf \u0baa\u0bbf\u0bb3\u0bcd\u0bb3\u0bc8\u0b95\u0bb3\u0bbf\u0b9f\u0ba4\u0bcd\u0ba4\u0bbf\u0bb2\u0bcd \u0b85\u0ba9\u0bcd\u0baa\u0bc1\u0b95\u0bc2\u0bb0\u0bc1\u0b95\u0bbf\u0bb1\u0bcb\u0bae\u0bc6\u0ba9\u0bcd\u0bb1\u0bc1 \u0b85\u0bb1\u0bbf\u0ba8\u0bcd\u0ba4\u0bc1 \u0b95\u0bca\u0bb3\u0bcd\u0bb3\u0bc1\u0b95\u0bbf\u0bb1\u0bcb\u0bae\u0bcd."},{"Verseid":"61004002","Verse":"\u0ba8\u0bbe\u0bae\u0bcd \u0ba4\u0bc7\u0bb5\u0ba9\u0bc1\u0b9f\u0bc8\u0baf \u0b95\u0bb1\u0bcd\u0baa\u0ba9\u0bc8\u0b95\u0bb3\u0bc8\u0b95\u0bcd \u0b95\u0bc8\u0b95\u0bcd\u0b95\u0bca\u0bb3\u0bcd\u0bb5\u0ba4\u0bc7 \u0b85\u0bb5\u0bb0\u0bbf\u0b9f\u0ba4\u0bcd\u0ba4\u0bbf\u0bb2\u0bcd \u0b85\u0ba9\u0bcd\u0baa\u0bc1\u0b95\u0bc2\u0bb0\u0bc1\u0bb5\u0ba4\u0bbe\u0bae\u0bcd; \u0b85\u0bb5\u0bb0\u0bc1\u0b9f\u0bc8\u0baf \u0b95\u0bb1\u0bcd\u0baa\u0ba9\u0bc8\u0b95\u0bb3\u0bcd \u0baa\u0bbe\u0bb0\u0bae\u0bbe\u0ba9\u0bb5\u0bc8\u0b95\u0bb3\u0bc1\u0bae\u0bb2\u0bcd\u0bb2."},{"Verseid":"61004003","Verse":"\u0ba4\u0bc7\u0bb5\u0ba9\u0bbe\u0bb2\u0bcd \u0baa\u0bbf\u0bb1\u0baa\u0bcd\u0baa\u0ba4\u0bc6\u0bb2\u0bcd\u0bb2\u0bbe\u0bae\u0bcd \u0b89\u0bb2\u0b95\u0ba4\u0bcd\u0ba4\u0bc8 \u0b9c\u0bc6\u0baf\u0bbf\u0b95\u0bcd\u0b95\u0bc1\u0bae\u0bcd; \u0ba8\u0bae\u0bcd\u0bae\u0bc1\u0b9f\u0bc8\u0baf \u0bb5\u0bbf\u0b9a\u0bc1\u0bb5\u0bbe\u0b9a\u0bae\u0bc7 \u0b89\u0bb2\u0b95\u0ba4\u0bcd\u0ba4\u0bc8 \u0b9c\u0bc6\u0baf\u0bbf\u0b95\u0bcd\u0b95\u0bbf\u0bb1 \u0b9c\u0bc6\u0baf\u0bae\u0bcd."},{"Verseid":"61004004","Verse":"\u0b87\u0baf\u0bc7\u0b9a\u0bc1\u0bb5\u0bbe\u0ba9\u0bb5\u0bb0\u0bcd \u0ba4\u0bc7\u0bb5\u0ba9\u0bc1\u0b9f\u0bc8\u0baf \u0b95\u0bc1\u0bae\u0bbe\u0bb0\u0ba9\u0bc6\u0ba9\u0bcd\u0bb1\u0bc1 \u0bb5\u0bbf\u0b9a\u0bc1\u0bb5\u0bbe\u0b9a\u0bbf\u0b95\u0bcd\u0b95\u0bbf\u0bb1\u0bb5\u0ba9\u0bc7\u0baf\u0ba9\u0bcd\u0bb1\u0bbf \u0b89\u0bb2\u0b95\u0ba4\u0bcd\u0ba4\u0bc8 \u0b9c\u0bc6\u0baf\u0bbf\u0b95\u0bcd\u0b95\u0bbf\u0bb1\u0bb5\u0ba9\u0bcd \u0baf\u0bbe\u0bb0\u0bcd?"},{"Verseid":"61004005","Verse":"\u0b87\u0baf\u0bc7\u0b9a\u0bc1\u0b95\u0bbf\u0bb1\u0bbf\u0bb8\u0bcd\u0ba4\u0bc1\u0bb5\u0bbe\u0b95\u0bbf\u0baf \u0b87\u0bb5\u0bb0\u0bc7 \u0b9c\u0bb2\u0ba4\u0bcd\u0ba4\u0bbf\u0ba9\u0bbe\u0bb2\u0bc1\u0bae\u0bcd \u0b87\u0bb0\u0ba4\u0bcd\u0ba4\u0ba4\u0bcd\u0ba4\u0bbf\u0ba9\u0bbe\u0bb2\u0bc1\u0bae\u0bcd \u0bb5\u0ba8\u0bcd\u0ba4\u0bb5\u0bb0\u0bcd; \u0b9c\u0bb2\u0ba4\u0bcd\u0ba4\u0bbf\u0ba9\u0bbe\u0bb2\u0bc7 \u0bae\u0bbe\u0ba4\u0bcd\u0ba4\u0bbf\u0bb0\u0bae\u0bb2\u0bcd\u0bb2, \u0b9c\u0bb2\u0ba4\u0bcd\u0ba4\u0bbf\u0ba9\u0bbe\u0bb2\u0bc1\u0bae\u0bcd \u0b87\u0bb0\u0ba4\u0bcd\u0ba4\u0ba4\u0bcd\u0ba4\u0bbf\u0ba9\u0bbe\u0bb2\u0bc1\u0bae\u0bcd \u0bb5\u0ba8\u0bcd\u0ba4\u0bb5\u0bb0\u0bcd. \u0b86\u0bb5\u0bbf\u0baf\u0bbe\u0ba9\u0bb5\u0bb0\u0bcd \u0b9a\u0ba4\u0bcd\u0ba4\u0bbf\u0baf\u0bae\u0bbe\u0b95\u0bc8\u0baf\u0bbe\u0bb2\u0bcd, \u0b86\u0bb5\u0bbf\u0baf\u0bbe\u0ba9\u0bb5\u0bb0\u0bc7 \u0b9a\u0bbe\u0b9f\u0bcd\u0b9a\u0bbf\u0b95\u0bca\u0b9f\u0bc1\u0b95\u0bcd\u0b95\u0bbf\u0bb1\u0bb5\u0bb0\u0bcd."},{"Verseid":"61004006","Verse":"[\u0baa\u0bb0\u0bb2\u0bcb\u0b95\u0ba4\u0bcd\u0ba4\u0bbf\u0bb2\u0bc7 \u0b9a\u0bbe\u0b9f\u0bcd\u0b9a\u0bbf\u0baf\u0bbf\u0b9f\u0bc1\u0b95\u0bbf\u0bb1\u0bb5\u0bb0\u0bcd\u0b95\u0bb3\u0bcd \u0bae\u0bc2\u0bb5\u0bb0\u0bcd, \u0baa\u0bbf\u0ba4\u0bbe, \u0bb5\u0bbe\u0bb0\u0bcd\u0ba4\u0bcd\u0ba4\u0bc8, \u0baa\u0bb0\u0bbf\u0b9a\u0bc1\u0ba4\u0bcd\u0ba4 \u0b86\u0bb5\u0bbf \u0b8e\u0ba9\u0bcd\u0baa\u0bb5\u0bb0\u0bcd\u0b95\u0bb3\u0bc7, \u0b87\u0bae\u0bcd\u0bae\u0bc2\u0bb5\u0bb0\u0bc1\u0bae\u0bcd \u0b92\u0ba9\u0bcd\u0bb1\u0bbe\u0baf\u0bbf\u0bb0\u0bc1\u0b95\u0bcd\u0b95\u0bbf\u0bb1\u0bbe\u0bb0\u0bcd\u0b95\u0bb3\u0bcd;"},{"Verseid":"61004007","Verse":"\u0baa\u0bc2\u0bb2\u0bcb\u0b95\u0ba4\u0bcd\u0ba4\u0bbf\u0bb2\u0bc7] \u0b9a\u0bbe\u0b9f\u0bcd\u0b9a\u0bbf\u0baf\u0bbf\u0b9f\u0bc1\u0b95\u0bbf\u0bb1\u0bb5\u0bc8\u0b95\u0bb3\u0bcd \u0bae\u0bc2\u0ba9\u0bcd\u0bb1\u0bc1, \u0b86\u0bb5\u0bbf, \u0b9c\u0bb2\u0bae\u0bcd, \u0b87\u0bb0\u0ba4\u0bcd\u0ba4\u0bae\u0bcd \u0b8e\u0ba9\u0bcd\u0baa\u0bb5\u0bc8\u0b95\u0bb3\u0bc7, \u0b87\u0bae\u0bcd\u0bae\u0bc2\u0ba9\u0bcd\u0bb1\u0bc1\u0bae\u0bcd \u0b92\u0bb0\u0bc1\u0bae\u0bc8\u0baa\u0bcd\u0baa\u0b9f\u0bcd\u0b9f\u0bbf\u0bb0\u0bc1\u0b95\u0bcd\u0b95\u0bbf\u0bb1\u0ba4\u0bc1."},{"Verseid":"61004008","Verse":"\u0ba8\u0bbe\u0bae\u0bcd \u0bae\u0ba9\u0bc1\u0bb7\u0bb0\u0bc1\u0b9f\u0bc8\u0baf \u0b9a\u0bbe\u0b9f\u0bcd\u0b9a\u0bbf\u0baf\u0bc8 \u0b8f\u0bb1\u0bcd\u0bb1\u0bc1\u0b95\u0bcd\u0b95\u0bca\u0ba3\u0bcd\u0b9f\u0bbe\u0bb2\u0bcd, \u0b85\u0ba4\u0bc8\u0baa\u0bcd\u0baa\u0bbe\u0bb0\u0bcd\u0b95\u0bcd\u0b95\u0bbf\u0bb2\u0bc1\u0bae\u0bcd \u0ba4\u0bc7\u0bb5\u0ba9\u0bc1\u0b9f\u0bc8\u0baf \u0b9a\u0bbe\u0b9f\u0bcd\u0b9a\u0bbf \u0b85\u0ba4\u0bbf\u0b95\u0bae\u0bbe\u0baf\u0bbf\u0bb0\u0bc1\u0b95\u0bcd\u0b95\u0bbf\u0bb1\u0ba4\u0bc1; \u0ba4\u0bc7\u0bb5\u0ba9\u0bcd \u0ba4\u0bae\u0ba4\u0bc1 \u0b95\u0bc1\u0bae\u0bbe\u0bb0\u0ba9\u0bc8\u0b95\u0bcd \u0b95\u0bc1\u0bb1\u0bbf\u0ba4\u0bcd\u0ba4\u0bc1\u0b95\u0bcd \u0b95\u0bca\u0b9f\u0bc1\u0ba4\u0bcd\u0ba4 \u0b9a\u0bbe\u0b9f\u0bcd\u0b9a\u0bbf \u0b87\u0ba4\u0bc1\u0bb5\u0bc7."},{"Verseid":"61004009","Verse":"\u0ba4\u0bc7\u0bb5\u0ba9\u0bc1\u0b9f\u0bc8\u0baf \u0b95\u0bc1\u0bae\u0bbe\u0bb0\u0ba9\u0bbf\u0b9f\u0ba4\u0bcd\u0ba4\u0bbf\u0bb2\u0bcd \u0bb5\u0bbf\u0b9a\u0bc1\u0bb5\u0bbe\u0b9a\u0bae\u0bbe\u0baf\u0bbf\u0bb0\u0bc1\u0b95\u0bcd\u0b95\u0bbf\u0bb1\u0bb5\u0ba9\u0bcd \u0b85\u0ba8\u0bcd\u0ba4\u0b9a\u0bcd \u0b9a\u0bbe\u0b9f\u0bcd\u0b9a\u0bbf\u0baf\u0bc8\u0ba4\u0bcd \u0ba4\u0ba9\u0b95\u0bcd\u0b95\u0bc1\u0bb3\u0bcd\u0bb3\u0bc7 \u0b95\u0bca\u0ba3\u0bcd\u0b9f\u0bbf\u0bb0\u0bc1\u0b95\u0bcd\u0b95\u0bbf\u0bb1\u0bbe\u0ba9\u0bcd; \u0ba4\u0bc7\u0bb5\u0ba9\u0bc8 \u0bb5\u0bbf\u0b9a\u0bc1\u0bb5\u0bbe\u0b9a\u0bbf\u0baf\u0bbe\u0ba4\u0bb5\u0ba9\u0bcb, \u0ba4\u0bc7\u0bb5\u0ba9\u0bcd \u0ba4\u0bae\u0bcd\u0bae\u0bc1\u0b9f\u0bc8\u0baf \u0b95\u0bc1\u0bae\u0bbe\u0bb0\u0ba9\u0bc8\u0b95\u0bcd \u0b95\u0bc1\u0bb1\u0bbf\u0ba4\u0bcd\u0ba4\u0bc1\u0b95\u0bcd\u0b95\u0bca\u0b9f\u0bc1\u0ba4\u0bcd\u0ba4 \u0b9a\u0bbe\u0b9f\u0bcd\u0b9a\u0bbf\u0baf\u0bc8 \u0bb5\u0bbf\u0b9a\u0bc1\u0bb5\u0bbe\u0b9a\u0bbf\u0baf\u0bbe\u0ba4\u0ba4\u0bbf\u0ba9\u0bbe\u0bb2\u0bcd \u0b85\u0bb5\u0bb0\u0bc8\u0baa\u0bcd \u0baa\u0bca\u0baf\u0bcd\u0baf\u0bb0\u0bbe\u0b95\u0bcd\u0b95\u0bc1\u0b95\u0bbf\u0bb1\u0bbe\u0ba9\u0bcd."},{"Verseid":"61004010","Verse":"\u0ba4\u0bc7\u0bb5\u0ba9\u0bcd \u0ba8\u0bae\u0b95\u0bcd\u0b95\u0bc1 \u0ba8\u0bbf\u0ba4\u0bcd\u0ba4\u0bbf\u0baf \u0b9c\u0bc0\u0bb5\u0ba9\u0bc8\u0ba4\u0bcd \u0ba4\u0ba8\u0bcd\u0ba4\u0bbf\u0bb0\u0bc1\u0b95\u0bcd\u0b95\u0bbf\u0bb1\u0bbe\u0bb0\u0bcd, \u0b85\u0ba8\u0bcd\u0ba4 \u0b9c\u0bc0\u0bb5\u0ba9\u0bcd \u0b85\u0bb5\u0bb0\u0bc1\u0b9f\u0bc8\u0baf \u0b95\u0bc1\u0bae\u0bbe\u0bb0\u0ba9\u0bbf\u0bb2\u0bcd \u0b87\u0bb0\u0bc1\u0b95\u0bcd\u0b95\u0bbf\u0bb1\u0ba4\u0bc6\u0ba9\u0bcd\u0baa\u0ba4\u0bc7 \u0b85\u0ba8\u0bcd\u0ba4\u0b9a\u0bcd\u0b9a\u0bbe\u0b9f\u0bcd\u0b9a\u0bbf\u0baf\u0bbe\u0bae\u0bcd."},{"Verseid":"61004011","Verse":"\u0b95\u0bc1\u0bae\u0bbe\u0bb0\u0ba9\u0bc8 \u0b89\u0b9f\u0bc8\u0baf\u0bb5\u0ba9\u0bcd \u0b9c\u0bc0\u0bb5\u0ba9\u0bc8 \u0b89\u0b9f\u0bc8\u0baf\u0bb5\u0ba9\u0bcd, \u0ba4\u0bc7\u0bb5\u0ba9\u0bc1\u0b9f\u0bc8\u0baf \u0b95\u0bc1\u0bae\u0bbe\u0bb0\u0ba9\u0bcd \u0b87\u0bb2\u0bcd\u0bb2\u0bbe\u0ba4\u0bb5\u0ba9\u0bcd \u0b9c\u0bc0\u0bb5\u0ba9\u0bcd \u0b87\u0bb2\u0bcd\u0bb2\u0bbe\u0ba4\u0bb5\u0ba9\u0bcd."},{"Verseid":"61004012","Verse":"\u0b89\u0b99\u0bcd\u0b95\u0bb3\u0bc1\u0b95\u0bcd\u0b95\u0bc1 \u0ba8\u0bbf\u0ba4\u0bcd\u0ba4\u0bbf\u0baf\u0b9c\u0bc0\u0bb5\u0ba9\u0bcd \u0b89\u0ba3\u0bcd\u0b9f\u0bc6\u0ba9\u0bcd\u0bb1\u0bc1 \u0ba8\u0bc0\u0b99\u0bcd\u0b95\u0bb3\u0bcd \u0b85\u0bb1\u0bbf\u0baf\u0bb5\u0bc1\u0bae\u0bcd, \u0ba4\u0bc7\u0bb5\u0b95\u0bc1\u0bae\u0bbe\u0bb0\u0ba9\u0bc1\u0b9f\u0bc8\u0baf \u0ba8\u0bbe\u0bae\u0ba4\u0bcd\u0ba4\u0bbf\u0ba9\u0bcd \u0bae\u0bc7\u0bb2\u0bcd \u0ba8\u0bc0\u0b99\u0bcd\u0b95\u0bb3\u0bcd \u0bb5\u0bbf\u0b9a\u0bc1\u0bb5\u0bbe\u0b9a\u0bae\u0bbe\u0baf\u0bbf\u0bb0\u0bc1\u0b95\u0bcd\u0b95\u0bb5\u0bc1\u0bae\u0bcd, \u0ba4\u0bc7\u0bb5\u0b95\u0bc1\u0bae\u0bbe\u0bb0\u0ba9\u0bc1\u0b9f\u0bc8\u0baf \u0ba8\u0bbe\u0bae\u0ba4\u0bcd\u0ba4\u0bbf\u0ba9\u0bcd \u0bae\u0bc7\u0bb2\u0bcd \u0bb5\u0bbf\u0b9a\u0bc1\u0bb5\u0bbe\u0b9a\u0bae\u0bbe\u0baf\u0bbf\u0bb0\u0bc1\u0b95\u0bcd\u0b95\u0bbf\u0bb1 \u0b89\u0b99\u0bcd\u0b95\u0bb3\u0bc1\u0b95\u0bcd\u0b95\u0bc1 \u0b87\u0bb5\u0bc8\u0b95\u0bb3\u0bc8 \u0b8e\u0bb4\u0bc1\u0ba4\u0bbf\u0baf\u0bbf\u0bb0\u0bc1\u0b95\u0bcd\u0b95\u0bbf\u0bb1\u0bc7\u0ba9\u0bcd."},{"Verseid":"61004013","Verse":"\u0ba8\u0bbe\u0bae\u0bcd \u0b8e\u0ba4\u0bc8\u0baf\u0bbe\u0b95\u0bbf\u0bb2\u0bc1\u0bae\u0bcd \u0b85\u0bb5\u0bb0\u0bc1\u0b9f\u0bc8\u0baf \u0b9a\u0bbf\u0ba4\u0bcd\u0ba4\u0ba4\u0bcd\u0ba4\u0bbf\u0ba9\u0bcd\u0baa\u0b9f\u0bbf\u0b95\u0bc7\u0b9f\u0bcd\u0b9f\u0bbe\u0bb2\u0bcd, \u0b85\u0bb5\u0bb0\u0bcd \u0ba8\u0bae\u0b95\u0bcd\u0b95\u0bc1\u0b9a\u0bcd \u0b9a\u0bc6\u0bb5\u0bbf\u0b95\u0bca\u0b9f\u0bc1\u0b95\u0bcd\u0b95\u0bbf\u0bb1\u0bbe\u0bb0\u0bc6\u0ba9\u0bcd\u0baa\u0ba4\u0bc7 \u0b85\u0bb5\u0bb0\u0bc8\u0baa\u0bcd \u0baa\u0bb1\u0bcd\u0bb1\u0bbf \u0ba8\u0bbe\u0bae\u0bcd \u0b95\u0bca\u0ba3\u0bcd\u0b9f\u0bbf\u0bb0\u0bc1\u0b95\u0bcd\u0b95\u0bbf\u0bb1 \u0ba4\u0bc8\u0bb0\u0bbf\u0baf\u0bae\u0bcd."},{"Verseid":"61004014","Verse":"\u0ba8\u0bbe\u0bae\u0bcd \u0b8e\u0ba4\u0bc8\u0b95\u0bcd \u0b95\u0bc7\u0b9f\u0bcd\u0b9f\u0bbe\u0bb2\u0bc1\u0bae\u0bcd \u0b85\u0bb5\u0bb0\u0bcd \u0ba8\u0bae\u0b95\u0bcd\u0b95\u0bc1\u0b9a\u0bcd \u0b9a\u0bc6\u0bb5\u0bbf\u0b95\u0bca\u0b9f\u0bc1\u0b95\u0bcd\u0b95\u0bbf\u0bb1\u0bbe\u0bb0\u0bc6\u0ba9\u0bcd\u0bb1\u0bc1 \u0ba8\u0bbe\u0bae\u0bcd \u0b85\u0bb1\u0bbf\u0ba8\u0bcd\u0ba4\u0bbf\u0bb0\u0bc1\u0ba8\u0bcd\u0ba4\u0bcb\u0bae\u0bbe\u0ba9\u0bbe\u0bb2\u0bcd, \u0b85\u0bb5\u0bb0\u0bbf\u0b9f\u0ba4\u0bcd\u0ba4\u0bbf\u0bb2\u0bcd \u0ba8\u0bbe\u0bae\u0bcd \u0b95\u0bc7\u0b9f\u0bcd\u0b9f\u0bb5\u0bc8\u0b95\u0bb3\u0bc8\u0baa\u0bcd \u0baa\u0bc6\u0bb1\u0bcd\u0bb1\u0bc1\u0b95\u0bcd\u0b95\u0bca\u0ba3\u0bcd\u0b9f\u0bcb\u0bae\u0bc6\u0ba9\u0bcd\u0bb1\u0bc1\u0bae\u0bcd \u0b85\u0bb1\u0bbf\u0ba8\u0bcd\u0ba4\u0bbf\u0bb0\u0bc1\u0b95\u0bcd\u0b95\u0bbf\u0bb1\u0bcb\u0bae\u0bcd."},{"Verseid":"61004015","Verse":"\u0bae\u0bb0\u0ba3\u0ba4\u0bcd\u0ba4\u0bc1\u0b95\u0bcd\u0b95\u0bc1 \u0b8f\u0ba4\u0bc1\u0bb5\u0bb2\u0bcd\u0bb2\u0bbe\u0ba4 \u0baa\u0bbe\u0bb5\u0ba4\u0bcd\u0ba4\u0bc8\u0ba4\u0bcd \u0ba4\u0ba9\u0bcd \u0b9a\u0b95\u0bcb\u0ba4\u0bb0\u0ba9\u0bcd \u0b9a\u0bc6\u0baf\u0bcd\u0baf \u0b92\u0bb0\u0bc1\u0bb5\u0ba9\u0bcd \u0b95\u0ba3\u0bcd\u0b9f\u0bbe\u0bb2\u0bcd, \u0b85\u0bb5\u0ba9\u0bcd \u0bb5\u0bc7\u0ba3\u0bcd\u0b9f\u0bc1\u0ba4\u0bb2\u0bcd\u0b9a\u0bc6\u0baf\u0bcd\u0baf\u0b95\u0bcd\u0b95\u0b9f\u0bb5\u0ba9\u0bcd, \u0b85\u0baa\u0bcd\u0baa\u0bca\u0bb4\u0bc1\u0ba4\u0bc1 \u0b85\u0bb5\u0ba9\u0bc1\u0b95\u0bcd\u0b95\u0bc1 \u0b9c\u0bc0\u0bb5\u0ba9\u0bc8\u0b95\u0bcd \u0b95\u0bca\u0b9f\u0bc1\u0baa\u0bcd\u0baa\u0bbe\u0bb0\u0bcd; \u0baf\u0bbe\u0bb0\u0bc1\u0b95\u0bcd\u0b95\u0bc6\u0ba9\u0bcd\u0bb1\u0bbe\u0bb2\u0bcd, \u0bae\u0bb0\u0ba3\u0ba4\u0bcd\u0ba4\u0bc1\u0b95\u0bcd\u0b95\u0bc1 \u0b8f\u0ba4\u0bc1\u0bb5\u0bb2\u0bcd\u0bb2\u0bbe\u0ba4 \u0baa\u0bbe\u0bb5\u0ba4\u0bcd\u0ba4\u0bc8\u0b9a\u0bcd \u0b9a\u0bc6\u0baf\u0bcd\u0ba4\u0bb5\u0bb0\u0bcd\u0b95\u0bb3\u0bc1\u0b95\u0bcd\u0b95\u0bc7; \u0bae\u0bb0\u0ba3\u0ba4\u0bcd\u0ba4\u0bc1\u0b95\u0bcd\u0b95\u0bc1 \u0b8f\u0ba4\u0bc1\u0bb5\u0bbe\u0ba9 \u0baa\u0bbe\u0bb5\u0bae\u0bc1\u0ba3\u0bcd\u0b9f\u0bc1, \u0b85\u0ba4\u0bc8\u0b95\u0bcd\u0b95\u0bc1\u0bb1\u0bbf\u0ba4\u0bcd\u0ba4\u0bc1 \u0bb5\u0bc7\u0ba3\u0bcd\u0b9f\u0bc1\u0ba4\u0bb2\u0bcd\u0b9a\u0bc6\u0baf\u0bcd\u0baf \u0ba8\u0bbe\u0ba9\u0bcd \u0b9a\u0bca\u0bb2\u0bcd\u0bb2\u0bc7\u0ba9\u0bcd."},{"Verseid":"61004016","Verse":"\u0b85\u0ba8\u0bc0\u0ba4\u0bbf\u0baf\u0bc6\u0bb2\u0bcd\u0bb2\u0bbe\u0bae\u0bcd \u0baa\u0bbe\u0bb5\u0ba8\u0bcd\u0ba4\u0bbe\u0ba9\u0bcd; \u0b8e\u0ba9\u0bcd\u0bb1\u0bbe\u0bb2\u0bc1\u0bae\u0bcd \u0bae\u0bb0\u0ba3\u0ba4\u0bcd\u0ba4\u0bc1\u0b95\u0bcd\u0b95\u0bc1 \u0b8f\u0ba4\u0bc1\u0bb5\u0bb2\u0bcd\u0bb2\u0bbe\u0ba4 \u0baa\u0bbe\u0bb5\u0bae\u0bc1\u0bae\u0bc1\u0ba3\u0bcd\u0b9f\u0bc1."},{"Verseid":"61004017","Verse":"\u0ba4\u0bc7\u0bb5\u0ba9\u0bbe\u0bb2\u0bcd \u0baa\u0bbf\u0bb1\u0ba8\u0bcd\u0ba4 \u0b8e\u0bb5\u0ba9\u0bc1\u0bae\u0bcd \u0baa\u0bbe\u0bb5\u0b9e\u0bcd\u0b9a\u0bc6\u0baf\u0bcd\u0baf\u0bbe\u0ba9\u0bc6\u0ba9\u0bcd\u0bb1\u0bc1 \u0b85\u0bb1\u0bbf\u0ba8\u0bcd\u0ba4\u0bbf\u0bb0\u0bc1\u0b95\u0bcd\u0b95\u0bbf\u0bb1\u0bcb\u0bae\u0bcd; \u0ba4\u0bc7\u0bb5\u0ba9\u0bbe\u0bb2\u0bcd \u0baa\u0bbf\u0bb1\u0ba8\u0bcd\u0ba4\u0bb5\u0ba9\u0bcd \u0ba4\u0ba9\u0bcd\u0ba9\u0bc8\u0b95\u0bcd \u0b95\u0bbe\u0b95\u0bcd\u0b95\u0bbf\u0bb1\u0bbe\u0ba9\u0bcd, \u0baa\u0bca\u0bb2\u0bcd\u0bb2\u0bbe\u0b99\u0bcd\u0b95\u0ba9\u0bcd \u0b85\u0bb5\u0ba9\u0bc8\u0ba4\u0bcd \u0ba4\u0bca\u0b9f\u0bbe\u0ba9\u0bcd."},{"Verseid":"61004018","Verse":"\u0ba8\u0bbe\u0bae\u0bcd \u0ba4\u0bc7\u0bb5\u0ba9\u0bbe\u0bb2\u0bcd \u0b89\u0ba3\u0bcd\u0b9f\u0bbe\u0baf\u0bbf\u0bb0\u0bc1\u0b95\u0bcd\u0b95\u0bbf\u0bb1\u0bcb\u0bae\u0bc6\u0ba9\u0bcd\u0bb1\u0bc1\u0bae\u0bcd, \u0b89\u0bb2\u0b95\u0bae\u0bc1\u0bb4\u0bc1\u0bb5\u0ba4\u0bc1\u0bae\u0bcd \u0baa\u0bca\u0bb2\u0bcd\u0bb2\u0bbe\u0b99\u0bcd\u0b95\u0ba9\u0bc1\u0b95\u0bcd\u0b95\u0bc1\u0bb3\u0bcd \u0b95\u0bbf\u0b9f\u0b95\u0bcd\u0b95\u0bbf\u0bb1\u0ba4\u0bc6\u0ba9\u0bcd\u0bb1\u0bc1\u0bae\u0bcd \u0b85\u0bb1\u0bbf\u0ba8\u0bcd\u0ba4\u0bbf\u0bb0\u0bc1\u0b95\u0bcd\u0b95\u0bbf\u0bb1\u0bcb\u0bae\u0bcd."},{"Verseid":"61004019","Verse":"\u0b85\u0ba9\u0bcd\u0bb1\u0bbf\u0baf\u0bc1\u0bae\u0bcd, \u0ba8\u0bbe\u0bae\u0bcd \u0b9a\u0ba4\u0bcd\u0ba4\u0bbf\u0baf\u0bae\u0bc1\u0bb3\u0bcd\u0bb3\u0bb5\u0bb0\u0bc8 \u0b85\u0bb1\u0bbf\u0ba8\u0bcd\u0ba4\u0bc1\u0b95\u0bca\u0bb3\u0bcd\u0bb5\u0ba4\u0bb1\u0bcd\u0b95\u0bc1 \u0ba4\u0bc7\u0bb5\u0ba9\u0bc1\u0b9f\u0bc8\u0baf \u0b95\u0bc1\u0bae\u0bbe\u0bb0\u0ba9\u0bcd \u0bb5\u0ba8\u0bcd\u0ba4\u0bc1 \u0ba8\u0bae\u0b95\u0bcd\u0b95\u0bc1\u0baa\u0bcd \u0baa\u0bc1\u0ba4\u0bcd\u0ba4\u0bbf\u0baf\u0bc8\u0ba4\u0bcd \u0ba4\u0ba8\u0bcd\u0ba4\u0bbf\u0bb0\u0bc1\u0b95\u0bcd\u0b95\u0bbf\u0bb1\u0bbe\u0bb0\u0bc6\u0ba9\u0bcd\u0bb1\u0bc1\u0bae\u0bcd \u0b85\u0bb1\u0bbf\u0bb5\u0bcb\u0bae\u0bcd; \u0b85\u0bb5\u0bb0\u0bc1\u0b9f\u0bc8\u0baf \u0b95\u0bc1\u0bae\u0bbe\u0bb0\u0ba9\u0bbe\u0b95\u0bbf\u0baf \u0b87\u0baf\u0bc7\u0b9a\u0bc1\u0b95\u0bbf\u0bb1\u0bbf\u0bb8\u0bcd\u0ba4\u0bc1 \u0b8e\u0ba9\u0bcd\u0ba9\u0baa\u0bcd\u0baa\u0b9f\u0bcd\u0b9f \u0b9a\u0ba4\u0bcd\u0ba4\u0bbf\u0baf\u0bae\u0bc1\u0bb3\u0bcd\u0bb3\u0bb5\u0bb0\u0bc1\u0b95\u0bcd\u0b95\u0bc1\u0bb3\u0bcd\u0bb3\u0bc1\u0bae\u0bcd \u0b87\u0bb0\u0bc1\u0b95\u0bcd\u0b95\u0bbf\u0bb1\u0bcb\u0bae\u0bcd; \u0b87\u0bb5\u0bb0\u0bc7 \u0bae\u0bc6\u0baf\u0bcd\u0baf\u0bbe\u0ba9 \u0ba4\u0bc7\u0bb5\u0ba9\u0bc1\u0bae\u0bcd \u0ba8\u0bbf\u0ba4\u0bcd\u0ba4\u0bbf\u0baf\u0b9c\u0bc0\u0bb5\u0ba9\u0bc1\u0bae\u0bbe\u0baf\u0bbf\u0bb0\u0bc1\u0b95\u0bcd\u0b95\u0bbf\u0bb1\u0bbe\u0bb0\u0bcd."},{"Verseid":"61004020","Verse":"\u0baa\u0bbf\u0bb3\u0bcd\u0bb3\u0bc8\u0b95\u0bb3\u0bc7, \u0ba8\u0bc0\u0b99\u0bcd\u0b95\u0bb3\u0bcd \u0bb5\u0bbf\u0b95\u0bcd\u0b95\u0bbf\u0bb0\u0b95\u0b99\u0bcd\u0b95\u0bb3\u0bc1\u0b95\u0bcd\u0b95\u0bc1 \u0bb5\u0bbf\u0bb2\u0b95\u0bbf, \u0b89\u0b99\u0bcd\u0b95\u0bb3\u0bc8\u0b95\u0bcd \u0b95\u0bbe\u0ba4\u0bcd\u0ba4\u0bc1\u0b95\u0bcd\u0b95\u0bca\u0bb3\u0bcd\u0bb5\u0bc0\u0bb0\u0bcd\u0b95\u0bb3\u0bbe\u0b95. \u0b86\u0bae\u0bc6\u0ba9\u0bcd."}]}]}