{"Chapter":[{"Verse":[{"Verseid":"62000000","Verse":"\u0ba8\u0bae\u0b95\u0bcd\u0b95\u0bc1\u0bb3\u0bcd \u0ba8\u0bbf\u0bb2\u0bc8\u0ba8\u0bbf\u0bb1\u0bcd\u0b95\u0bbf\u0bb1\u0ba4\u0bc1\u0bae\u0bcd, \u0b8e\u0ba9\u0bcd\u0bb1\u0bc6\u0ba9\u0bcd\u0bb1\u0bc8\u0b95\u0bcd\u0b95\u0bc1\u0bae\u0bcd \u0ba8\u0bae\u0bcd\u0bae\u0bcb\u0b9f\u0bbf\u0bb0\u0bc1\u0baa\u0bcd\u0baa\u0ba4\u0bc1\u0bae\u0bbe\u0b95\u0bbf\u0baf \u0b9a\u0ba4\u0bcd\u0ba4\u0bbf\u0baf\u0ba4\u0bcd\u0ba4\u0bbf\u0ba9\u0bbf\u0bae\u0bbf\u0ba4\u0bcd\u0ba4\u0bae\u0bcd, \u0ba8\u0bbe\u0ba9\u0bcd \u0bae\u0bbe\u0ba4\u0bcd\u0ba4\u0bbf\u0bb0\u0bae\u0bb2\u0bcd\u0bb2, \u0b9a\u0ba4\u0bcd\u0ba4\u0bbf\u0baf\u0ba4\u0bcd\u0ba4\u0bc8 \u0b85\u0bb1\u0bbf\u0ba8\u0bcd\u0ba4\u0bbf\u0bb0\u0bc1\u0b95\u0bcd\u0b95\u0bbf\u0bb1 \u0baf\u0bbe\u0bb5\u0bb0\u0bc1\u0bae\u0bcd \u0b9a\u0ba4\u0bcd\u0ba4\u0bbf\u0baf\u0ba4\u0bcd\u0ba4\u0bbf\u0ba9\u0bcd\u0baa\u0b9f\u0bbf \u0ba8\u0bc7\u0b9a\u0bbf\u0ba4\u0bcd\u0ba4\u0bbf\u0bb0\u0bc1\u0b95\u0bcd\u0b95\u0bbf\u0bb1\u0bb5\u0bb3\u0bc1\u0bae\u0bcd,"},{"Verseid":"62000001","Verse":"\u0ba4\u0bc6\u0bb0\u0bbf\u0ba8\u0bcd\u0ba4\u0bc1\u0b95\u0bca\u0bb3\u0bcd\u0bb3\u0baa\u0bcd\u0baa\u0b9f\u0bcd\u0b9f\u0bb5\u0bb3\u0bc1\u0bae\u0bbe\u0b95\u0bbf\u0baf \u0b85\u0bae\u0bcd\u0bae\u0bbe\u0bb3\u0bc1\u0b95\u0bcd\u0b95\u0bc1\u0bae\u0bcd \u0b85\u0bb5\u0bb3\u0bc1\u0b9f\u0bc8\u0baf \u0baa\u0bbf\u0bb3\u0bcd\u0bb3\u0bc8\u0b95\u0bb3\u0bc1\u0b95\u0bcd\u0b95\u0bc1\u0bae\u0bcd, \u0bae\u0bc2\u0baa\u0bcd\u0baa\u0ba9\u0bbe\u0b95\u0bbf\u0baf \u0ba8\u0bbe\u0ba9\u0bcd \u0b8e\u0bb4\u0bc1\u0ba4\u0bc1\u0b95\u0bbf\u0bb1\u0ba4\u0bbe\u0bb5\u0ba4\u0bc1,"},{"Verseid":"62000002","Verse":"\u0baa\u0bbf\u0ba4\u0bbe\u0bb5\u0bbe\u0b95\u0bbf\u0baf \u0ba4\u0bc7\u0bb5\u0ba9\u0bbe\u0bb2\u0bc1\u0bae\u0bcd \u0baa\u0bbf\u0ba4\u0bbe\u0bb5\u0bbf\u0ba9\u0bcd \u0b95\u0bc1\u0bae\u0bbe\u0bb0\u0ba9\u0bbe\u0baf\u0bbf\u0bb0\u0bc1\u0b95\u0bcd\u0b95\u0bbf\u0bb1 \u0b95\u0bb0\u0bcd\u0ba4\u0bcd\u0ba4\u0bb0\u0bbe\u0b95\u0bbf\u0baf \u0b87\u0baf\u0bc7\u0b9a\u0bc1\u0b95\u0bbf\u0bb1\u0bbf\u0bb8\u0bcd\u0ba4\u0bc1\u0bb5\u0bbf\u0ba9\u0bbe\u0bb2\u0bc1\u0bae\u0bcd, \u0b95\u0bbf\u0bb0\u0bc1\u0baa\u0bc8\u0baf\u0bc1\u0bae\u0bcd \u0b87\u0bb0\u0b95\u0bcd\u0b95\u0bae\u0bc1\u0bae\u0bcd \u0b9a\u0bae\u0bbe\u0ba4\u0bbe\u0ba9\u0bae\u0bc1\u0bae\u0bcd, \u0b9a\u0ba4\u0bcd\u0ba4\u0bbf\u0baf\u0ba4\u0bcd\u0ba4\u0bcb\u0b9f\u0bc1\u0bae\u0bcd \u0b85\u0ba9\u0bcd\u0baa\u0bcb\u0b9f\u0bc1\u0b99\u0bcd\u0b95\u0bc2\u0b9f \u0b89\u0b99\u0bcd\u0b95\u0bb3\u0bcb\u0b9f\u0bbf\u0bb0\u0bc1\u0baa\u0bcd\u0baa\u0ba4\u0bbe\u0b95."},{"Verseid":"62000003","Verse":"\u0baa\u0bbf\u0ba4\u0bbe\u0bb5\u0bbf\u0ba9\u0bbe\u0bb2\u0bcd \u0ba8\u0bbe\u0bae\u0bcd \u0baa\u0bc6\u0bb1\u0bcd\u0bb1 \u0b95\u0bb1\u0bcd\u0baa\u0ba9\u0bc8\u0baf\u0bbf\u0ba9\u0bcd\u0baa\u0b9f\u0bbf\u0baf\u0bc7 \u0b89\u0bae\u0bcd\u0bae\u0bc1\u0b9f\u0bc8\u0baf \u0baa\u0bbf\u0bb3\u0bcd\u0bb3\u0bc8\u0b95\u0bb3\u0bbf\u0bb2\u0bcd \u0b9a\u0bbf\u0bb2\u0bb0\u0bcd \u0b9a\u0ba4\u0bcd\u0ba4\u0bbf\u0baf\u0ba4\u0bcd\u0ba4\u0bbf\u0bb2\u0bc7 \u0ba8\u0b9f\u0b95\u0bcd\u0b95\u0bbf\u0bb1\u0ba4\u0bc8 \u0ba8\u0bbe\u0ba9\u0bcd \u0b95\u0ba3\u0bcd\u0b9f\u0bc1; \u0bae\u0bbf\u0b95\u0bb5\u0bc1\u0bae\u0bcd \u0b9a\u0ba8\u0bcd\u0ba4\u0bcb\u0bb7\u0baa\u0bcd\u0baa\u0b9f\u0bcd\u0b9f\u0bc7\u0ba9\u0bcd."},{"Verseid":"62000004","Verse":"\u0b87\u0baa\u0bcd\u0baa\u0bca\u0bb4\u0bc1\u0ba4\u0bc1\u0bae\u0bcd \u0b85\u0bae\u0bcd\u0bae\u0bbe\u0bb3\u0bc7, \u0ba8\u0bbe\u0bae\u0bcd \u0b92\u0bb0\u0bc1\u0bb5\u0bb0\u0bbf\u0bb2\u0bca\u0bb0\u0bc1\u0bb5\u0bb0\u0bcd \u0b85\u0ba9\u0bcd\u0baa\u0bc1\u0b95\u0bc2\u0bb0\u0bb5\u0bc7\u0ba3\u0bcd\u0b9f\u0bc1\u0bae\u0bc6\u0ba9\u0bcd\u0bb1\u0bc1, \u0b89\u0bae\u0b95\u0bcd\u0b95\u0bc1\u0baa\u0bcd \u0baa\u0bc1\u0ba4\u0bbf\u0baf \u0b95\u0bb1\u0bcd\u0baa\u0ba9\u0bc8\u0baf\u0bbe\u0b95 \u0b8e\u0bb4\u0bc1\u0ba4\u0bbe\u0bae\u0bb2\u0bcd, \u0b86\u0ba4\u0bbf\u0bae\u0bc1\u0ba4\u0bb2\u0bcd \u0ba8\u0bae\u0b95\u0bcd\u0b95\u0bc1 \u0b89\u0ba3\u0bcd\u0b9f\u0bbe\u0baf\u0bbf\u0bb0\u0bc1\u0b95\u0bcd\u0b95\u0bbf\u0bb1 \u0b95\u0bb1\u0bcd\u0baa\u0ba9\u0bc8\u0baf\u0bbe\u0b95 \u0b8e\u0bb4\u0bc1\u0ba4\u0bbf, \u0b89\u0bae\u0bcd\u0bae\u0bc8 \u0bb5\u0bc7\u0ba3\u0bcd\u0b9f\u0bbf\u0b95\u0bcd\u0b95\u0bca\u0bb3\u0bcd\u0bb3\u0bc1\u0b95\u0bbf\u0bb1\u0bc7\u0ba9\u0bcd."},{"Verseid":"62000005","Verse":"\u0ba8\u0bbe\u0bae\u0bcd \u0b85\u0bb5\u0bb0\u0bc1\u0b9f\u0bc8\u0baf \u0b95\u0bb1\u0bcd\u0baa\u0ba9\u0bc8\u0b95\u0bb3\u0bbf\u0ba9\u0bcd\u0baa\u0b9f\u0bbf \u0ba8\u0b9f\u0baa\u0bcd\u0baa\u0ba4\u0bc7 \u0b85\u0ba9\u0bcd\u0baa\u0bc1; \u0ba8\u0bc0\u0b99\u0bcd\u0b95\u0bb3\u0bcd \u0b86\u0ba4\u0bbf\u0bae\u0bc1\u0ba4\u0bb2\u0bcd \u0b95\u0bc7\u0b9f\u0bcd\u0b9f\u0bbf\u0bb0\u0bc1\u0b95\u0bcd\u0b95\u0bbf\u0bb1\u0baa\u0b9f\u0bbf \u0ba8\u0b9f\u0ba8\u0bcd\u0ba4\u0bc1\u0b95\u0bca\u0bb3\u0bcd\u0bb3\u0bb5\u0bc7\u0ba3\u0bcd\u0b9f\u0bbf\u0baf \u0b95\u0bb1\u0bcd\u0baa\u0ba9\u0bc8 \u0b87\u0ba4\u0bc1\u0bb5\u0bc7."},{"Verseid":"62000006","Verse":"\u0bae\u0bbe\u0bae\u0bcd\u0b9a\u0ba4\u0bcd\u0ba4\u0bbf\u0bb2\u0bcd \u0bb5\u0ba8\u0bcd\u0ba4 \u0b87\u0baf\u0bc7\u0b9a\u0bc1\u0b95\u0bbf\u0bb1\u0bbf\u0bb8\u0bcd\u0ba4\u0bc1\u0bb5\u0bc8 \u0b85\u0bb1\u0bbf\u0b95\u0bcd\u0b95\u0bc8\u0baa\u0ba3\u0bcd\u0ba3\u0bbe\u0ba4 \u0b85\u0ba8\u0bc7\u0b95 \u0bb5\u0b9e\u0bcd\u0b9a\u0b95\u0bb0\u0bcd \u0b89\u0bb2\u0b95\u0ba4\u0bcd\u0ba4\u0bbf\u0bb2\u0bc7 \u0ba4\u0bcb\u0ba9\u0bcd\u0bb1\u0bbf\u0baf\u0bbf\u0bb0\u0bc1\u0b95\u0bcd\u0b95\u0bbf\u0bb1\u0bbe\u0bb0\u0bcd\u0b95\u0bb3\u0bcd; \u0b87\u0baa\u0bcd\u0baa\u0b9f\u0bbf\u0baa\u0bcd\u0baa\u0b9f\u0bcd\u0b9f\u0bb5\u0ba9\u0bc7 \u0bb5\u0b9e\u0bcd\u0b9a\u0b95\u0ba9\u0bc1\u0bae\u0bcd \u0b85\u0ba8\u0bcd\u0ba4\u0bbf\u0b95\u0bcd\u0b95\u0bbf\u0bb1\u0bbf\u0bb8\u0bcd\u0ba4\u0bc1\u0bb5\u0bc1\u0bae\u0bbe\u0baf\u0bbf\u0bb0\u0bc1\u0b95\u0bcd\u0b95\u0bbf\u0bb1\u0bbe\u0ba9\u0bcd."},{"Verseid":"62000007","Verse":"\u0b89\u0b99\u0bcd\u0b95\u0bb3\u0bcd \u0b9a\u0bc6\u0baf\u0bcd\u0b95\u0bc8\u0b95\u0bb3\u0bbf\u0ba9\u0bcd \u0baa\u0bb2\u0ba9\u0bc8 \u0b87\u0bb4\u0ba8\u0bcd\u0ba4\u0bc1\u0baa\u0bcb\u0b95\u0bbe\u0bae\u0bb2\u0bcd, \u0baa\u0bc2\u0bb0\u0ba3 \u0baa\u0bb2\u0ba9\u0bc8\u0baa\u0bcd \u0baa\u0bc6\u0bb1\u0bc1\u0bae\u0bcd\u0baa\u0b9f\u0bbf\u0b95\u0bcd\u0b95\u0bc1 \u0b8e\u0b9a\u0bcd\u0b9a\u0bb0\u0bbf\u0b95\u0bcd\u0b95\u0bc8\u0baf\u0bbe\u0baf\u0bbf\u0bb0\u0bc1\u0b99\u0bcd\u0b95\u0bb3\u0bcd."},{"Verseid":"62000008","Verse":"\u0b95\u0bbf\u0bb1\u0bbf\u0bb8\u0bcd\u0ba4\u0bc1\u0bb5\u0bbf\u0ba9\u0bcd \u0b89\u0baa\u0ba4\u0bc7\u0b9a\u0ba4\u0bcd\u0ba4\u0bbf\u0bb2\u0bc7 \u0ba8\u0bbf\u0bb2\u0bc8\u0ba4\u0bcd\u0ba4\u0bbf\u0bb0\u0bbe\u0bae\u0bb2\u0bcd \u0bae\u0bc0\u0bb1\u0bbf \u0ba8\u0b9f\u0b95\u0bcd\u0b95\u0bbf\u0bb1 \u0b8e\u0bb5\u0ba9\u0bc1\u0bae\u0bcd \u0ba4\u0bc7\u0bb5\u0ba9\u0bc8 \u0b89\u0b9f\u0bc8\u0baf\u0bb5\u0ba9\u0bb2\u0bcd\u0bb2; \u0b95\u0bbf\u0bb1\u0bbf\u0bb8\u0bcd\u0ba4\u0bc1\u0bb5\u0bbf\u0ba9\u0bcd \u0b89\u0baa\u0ba4\u0bc7\u0b9a\u0ba4\u0bcd\u0ba4\u0bbf\u0bb2\u0bcd \u0ba8\u0bbf\u0bb2\u0bc8\u0ba4\u0bcd\u0ba4\u0bbf\u0bb0\u0bc1\u0b95\u0bcd\u0b95\u0bbf\u0bb1\u0bb5\u0ba9\u0bcb \u0baa\u0bbf\u0ba4\u0bbe\u0bb5\u0bc8\u0baf\u0bc1\u0bae\u0bcd \u0b95\u0bc1\u0bae\u0bbe\u0bb0\u0ba9\u0bc8\u0baf\u0bc1\u0bae\u0bcd \u0b89\u0b9f\u0bc8\u0baf\u0bb5\u0ba9\u0bcd."},{"Verseid":"62000009","Verse":"\u0b92\u0bb0\u0bc1\u0bb5\u0ba9\u0bcd \u0b89\u0b99\u0bcd\u0b95\u0bb3\u0bbf\u0b9f\u0ba4\u0bcd\u0ba4\u0bbf\u0bb2\u0bcd \u0bb5\u0ba8\u0bcd\u0ba4\u0bc1 \u0b87\u0ba8\u0bcd\u0ba4 \u0b89\u0baa\u0ba4\u0bc7\u0b9a\u0ba4\u0bcd\u0ba4\u0bc8\u0b95\u0bcd\u0b95\u0bca\u0ba3\u0bcd\u0b9f\u0bc1\u0bb5\u0bb0\u0bbe\u0bae\u0bb2\u0bbf\u0bb0\u0bc1\u0ba8\u0bcd\u0ba4\u0bbe\u0bb2\u0bcd, \u0b85\u0bb5\u0ba9\u0bc8 \u0b89\u0b99\u0bcd\u0b95\u0bb3\u0bcd \u0bb5\u0bc0\u0b9f\u0bcd\u0b9f\u0bbf\u0bb2\u0bc7 \u0b8f\u0bb1\u0bcd\u0bb1\u0bc1\u0b95\u0bcd\u0b95\u0bca\u0bb3\u0bcd\u0bb3\u0bbe\u0bae\u0bb2\u0bc1\u0bae\u0bcd, \u0b85\u0bb5\u0ba9\u0bc1\u0b95\u0bcd\u0b95\u0bc1 \u0bb5\u0bbe\u0bb4\u0bcd\u0ba4\u0bcd\u0ba4\u0bc1\u0ba4\u0bb2\u0bcd \u0b9a\u0bca\u0bb2\u0bcd\u0bb2\u0bbe\u0bae\u0bb2\u0bc1\u0bae\u0bcd \u0b87\u0bb0\u0bc1\u0b99\u0bcd\u0b95\u0bb3\u0bcd."},{"Verseid":"62000010","Verse":"\u0b85\u0bb5\u0ba9\u0bc1\u0b95\u0bcd\u0b95\u0bc1 \u0bb5\u0bbe\u0bb4\u0bcd\u0ba4\u0bcd\u0ba4\u0bc1\u0ba4\u0bb2\u0bcd \u0b9a\u0bca\u0bb2\u0bcd\u0bb2\u0bc1\u0b95\u0bbf\u0bb1\u0bb5\u0ba9\u0bcd \u0b85\u0bb5\u0ba9\u0bc1\u0b9f\u0bc8\u0baf \u0ba4\u0bc1\u0bb0\u0bcd\u0b95\u0bcd\u0b95\u0bbf\u0bb0\u0bbf\u0baf\u0bc8\u0b95\u0bb3\u0bc1\u0b95\u0bcd\u0b95\u0bc1\u0baa\u0bcd \u0baa\u0b99\u0bcd\u0b95\u0bc1\u0bb3\u0bcd\u0bb3\u0bb5\u0ba9\u0bbe\u0baf\u0bbf\u0bb0\u0bc1\u0b95\u0bcd\u0b95\u0bbf\u0bb1\u0bbe\u0ba9\u0bcd."},{"Verseid":"62000011","Verse":"\u0b89\u0b99\u0bcd\u0b95\u0bb3\u0bc1\u0b95\u0bcd\u0b95\u0bc1 \u0b8e\u0bb4\u0bc1\u0ba4\u0bb5\u0bc7\u0ba3\u0bcd\u0b9f\u0bbf\u0baf \u0b95\u0bbe\u0bb0\u0bbf\u0baf\u0b99\u0bcd\u0b95\u0bb3\u0bcd \u0b85\u0ba8\u0bc7\u0b95\u0bae\u0bcd \u0b89\u0ba3\u0bcd\u0b9f\u0bc1; \u0b95\u0bbe\u0b95\u0bbf\u0ba4\u0ba4\u0bcd\u0ba4\u0bbf\u0ba9\u0bbe\u0bb2\u0bc1\u0bae\u0bcd \u0bae\u0bc8\u0baf\u0bbf\u0ba9\u0bbe\u0bb2\u0bc1\u0bae\u0bcd \u0b85\u0bb5\u0bc8\u0b95\u0bb3\u0bc8 \u0b8e\u0bb4\u0bc1\u0ba4 \u0b8e\u0ba9\u0b95\u0bcd\u0b95\u0bc1 \u0bae\u0ba9\u0ba4\u0bbf\u0bb2\u0bcd\u0bb2\u0bc8. \u0b89\u0b99\u0bcd\u0b95\u0bb3\u0bc1\u0b9f\u0bc8\u0baf \u0b9a\u0ba8\u0bcd\u0ba4\u0bcb\u0bb7\u0bae\u0bcd \u0ba8\u0bbf\u0bb1\u0bc8\u0bb5\u0bbe\u0baf\u0bbf\u0bb0\u0bc1\u0b95\u0bcd\u0b95\u0bc1\u0bae\u0bcd\u0baa\u0b9f\u0bbf\u0b95\u0bcd\u0b95\u0bc1 \u0b89\u0b99\u0bcd\u0b95\u0bb3\u0bbf\u0b9f\u0ba4\u0bcd\u0ba4\u0bbf\u0bb2\u0bcd \u0bb5\u0ba8\u0bcd\u0ba4\u0bc1, \u0bae\u0bc1\u0b95\u0bae\u0bc1\u0b95\u0bae\u0bbe\u0baf\u0bcd\u0baa\u0bcd \u0baa\u0bc7\u0b9a\u0bb2\u0bbe\u0bae\u0bc6\u0ba9\u0bcd\u0bb1\u0bc1 \u0ba8\u0bae\u0bcd\u0baa\u0bbf\u0baf\u0bbf\u0bb0\u0bc1\u0b95\u0bcd\u0b95\u0bbf\u0bb1\u0bc7\u0ba9\u0bcd."},{"Verseid":"62000012","Verse":"\u0ba4\u0bc6\u0bb0\u0bbf\u0ba8\u0bcd\u0ba4\u0bc1\u0b95\u0bca\u0bb3\u0bcd\u0bb3\u0baa\u0bcd\u0baa\u0b9f\u0bcd\u0b9f \u0ba8\u0bae\u0bcd\u0bae\u0bc1\u0b9f\u0bc8\u0baf \u0b9a\u0b95\u0bcb\u0ba4\u0bb0\u0bbf\u0baf\u0bbf\u0ba9\u0bcd \u0baa\u0bbf\u0bb3\u0bcd\u0bb3\u0bc8\u0b95\u0bb3\u0bcd \u0b89\u0ba9\u0b95\u0bcd\u0b95\u0bc1 \u0bb5\u0bbe\u0bb4\u0bcd\u0ba4\u0bcd\u0ba4\u0bc1\u0ba4\u0bb2\u0bcd \u0b9a\u0bca\u0bb2\u0bcd\u0bb2\u0bc1\u0b95\u0bbf\u0bb1\u0bbe\u0bb0\u0bcd\u0b95\u0bb3\u0bcd. \u0b86\u0bae\u0bc6\u0ba9\u0bcd"}]}]}