{"Chapter":[{"Verse":[{"Verseid":"07000000","Verse":"\u0ba8\u0bbf\u0baf\u0bbe\u0baf\u0bbe\u0ba4\u0bbf\u0baa\u0ba4\u0bbf\u0b95\u0bb3\u0bcd \u0ba8\u0bbf\u0baf\u0bbe\u0baf\u0bae\u0bcd \u0bb5\u0bbf\u0b9a\u0bbe\u0bb0\u0bbf\u0ba4\u0bcd\u0ba4\u0bc1\u0bb5\u0bb0\u0bc1\u0bae\u0bcd \u0ba8\u0bbe\u0b9f\u0bcd\u0b95\u0bb3\u0bbf\u0bb2\u0bcd, \u0ba4\u0bc7\u0b9a\u0ba4\u0bcd\u0ba4\u0bbf\u0bb2\u0bc7 \u0baa\u0b9e\u0bcd\u0b9a\u0bae\u0bcd \u0b89\u0ba3\u0bcd\u0b9f\u0bbe\u0baf\u0bbf\u0bb1\u0bcd\u0bb1\u0bc1; \u0b85\u0baa\u0bcd\u0baa\u0bca\u0bb4\u0bc1\u0ba4\u0bc1 \u0baf\u0bc2\u0ba4\u0bbe\u0bb5\u0bbf\u0bb2\u0bc1\u0bb3\u0bcd\u0bb3 \u0baa\u0bc6\u0ba4\u0bcd\u0bb2\u0bc6\u0b95\u0bc7\u0bae\u0bcd \u0b8a\u0bb0\u0bbe\u0ba9\u0bbe\u0b95\u0bbf\u0baf \u0b92\u0bb0\u0bc1 \u0bae\u0ba9\u0bc1\u0bb7\u0ba9\u0bcd \u0ba4\u0ba9\u0bcd \u0bae\u0ba9\u0bc8\u0bb5\u0bbf\u0baf\u0bcb\u0b9f\u0bc1\u0bae\u0bcd \u0b87\u0bb0\u0ba3\u0bcd\u0b9f\u0bc1 \u0b95\u0bc1\u0bae\u0bbe\u0bb0\u0bb0\u0bcb\u0b9f\u0bc1\u0b99\u0bcd\u0b95\u0bc2\u0b9f \u0bae\u0bcb\u0bb5\u0bbe\u0baa\u0bcd \u0ba4\u0bc7\u0b9a\u0ba4\u0bcd\u0ba4\u0bbf\u0bb2\u0bc7 \u0baa\u0bcb\u0baf\u0bcd\u0b9a\u0bcd \u0b9a\u0b9e\u0bcd\u0b9a\u0bb0\u0bbf\u0ba4\u0bcd\u0ba4\u0bbe\u0ba9\u0bcd."},{"Verseid":"07000001","Verse":"\u0b85\u0ba8\u0bcd\u0ba4 \u0bae\u0ba9\u0bc1\u0bb7\u0ba9\u0bc1\u0b9f\u0bc8\u0baf \u0baa\u0bc7\u0bb0\u0bcd \u0b8e\u0bb2\u0bbf\u0bae\u0bc6\u0bb2\u0bc7\u0b95\u0bcd\u0b95\u0bc1, \u0b85\u0bb5\u0ba9\u0bcd \u0bae\u0ba9\u0bc8\u0bb5\u0bbf\u0baf\u0bbf\u0ba9\u0bcd \u0baa\u0bc7\u0bb0\u0bcd \u0ba8\u0b95\u0bcb\u0bae\u0bbf, \u0b85\u0bb5\u0ba9\u0bc1\u0b9f\u0bc8\u0baf \u0b87\u0bb0\u0ba3\u0bcd\u0b9f\u0bc1 \u0b95\u0bc1\u0bae\u0bbe\u0bb0\u0bb0\u0bbf\u0bb2\u0bcd \u0b92\u0bb0\u0bc1\u0bb5\u0ba9\u0bcd \u0baa\u0bc7\u0bb0\u0bcd \u0bae\u0b95\u0bcd\u0bb2\u0bcb\u0ba9\u0bcd, \u0bae\u0bb1\u0bcd\u0bb1\u0bca\u0bb0\u0bc1\u0bb5\u0ba9\u0bcd \u0baa\u0bc7\u0bb0\u0bcd \u0b95\u0bbf\u0bb2\u0bbf\u0baf\u0bcb\u0ba9\u0bcd; \u0baf\u0bc2\u0ba4\u0bbe\u0bb5\u0bbf\u0bb2\u0bc1\u0bb3\u0bcd\u0bb3 \u0baa\u0bc6\u0ba4\u0bcd\u0bb2\u0bc6\u0b95\u0bc7\u0bae\u0bcd \u0b8a\u0bb0\u0bbe\u0b95\u0bbf\u0baf \u0b8e\u0baa\u0bcd\u0baa\u0bbf\u0bb0\u0bbe\u0ba4\u0bcd\u0ba4\u0bbf\u0baf\u0bb0\u0bbe\u0b95\u0bbf\u0baf \u0b85\u0bb5\u0bb0\u0bcd\u0b95\u0bb3\u0bcd \u0bae\u0bcb\u0bb5\u0bbe\u0baa\u0bcd\u0ba4\u0bc7\u0b9a\u0ba4\u0bcd\u0ba4\u0bbf\u0bb1\u0bcd\u0b95\u0bc1\u0baa\u0bcd \u0baa\u0bcb\u0baf\u0bcd, \u0b85\u0b99\u0bcd\u0b95\u0bc7 \u0b87\u0bb0\u0bc1\u0ba8\u0bcd\u0ba4\u0bc1\u0bb5\u0bbf\u0b9f\u0bcd\u0b9f\u0bbe\u0bb0\u0bcd\u0b95\u0bb3\u0bcd."},{"Verseid":"07000002","Verse":"\u0ba8\u0b95\u0bcb\u0bae\u0bbf\u0baf\u0bbf\u0ba9\u0bcd \u0baa\u0bc1\u0bb0\u0bc1\u0bb7\u0ba9\u0bbe\u0b95\u0bbf\u0baf \u0b8e\u0bb2\u0bbf\u0bae\u0bc6\u0bb2\u0bc7\u0b95\u0bcd\u0b95\u0bc1 \u0b87\u0bb1\u0ba8\u0bcd\u0ba4\u0bc1\u0baa\u0bcb\u0ba9\u0bbe\u0ba9\u0bcd; \u0b85\u0bb5\u0bb3\u0bc1\u0bae\u0bcd \u0b85\u0bb5\u0bb3\u0bc1\u0b9f\u0bc8\u0baf \u0b87\u0bb0\u0ba3\u0bcd\u0b9f\u0bc1 \u0b95\u0bc1\u0bae\u0bbe\u0bb0\u0bb0\u0bc1\u0bae\u0bcd \u0bae\u0bbe\u0ba4\u0bcd\u0ba4\u0bbf\u0bb0\u0bae\u0bcd \u0b87\u0bb0\u0bc1\u0ba8\u0bcd\u0ba4\u0bbe\u0bb0\u0bcd\u0b95\u0bb3\u0bcd."},{"Verseid":"07000003","Verse":"\u0b87\u0bb5\u0bb0\u0bcd\u0b95\u0bb3\u0bcd \u0bae\u0bcb\u0bb5\u0bbe\u0baa\u0bbf\u0baf\u0bb0\u0bbf\u0bb2\u0bcd \u0baa\u0bc6\u0ba3\u0bcd \u0b95\u0bca\u0ba3\u0bcd\u0b9f\u0bbe\u0bb0\u0bcd\u0b95\u0bb3\u0bcd; \u0b85\u0bb5\u0bb0\u0bcd\u0b95\u0bb3\u0bbf\u0bb2\u0bcd \u0b92\u0bb0\u0bc1\u0ba4\u0bcd\u0ba4\u0bbf \u0baa\u0bc7\u0bb0\u0bcd \u0b92\u0bb0\u0bcd\u0baa\u0bbe\u0bb3\u0bcd, \u0bae\u0bb1\u0bcd\u0bb1\u0bb5\u0bb3\u0bcd \u0baa\u0bc7\u0bb0\u0bcd \u0bb0\u0bc2\u0ba4\u0bcd; \u0b85\u0b99\u0bcd\u0b95\u0bc7 \u0b8f\u0bb1\u0b95\u0bcd\u0b95\u0bc1\u0bb1\u0bc8\u0baf\u0baa\u0bcd \u0baa\u0ba4\u0bcd\u0ba4\u0bc1\u0bb5\u0bb0\u0bc1\u0bb7\u0bae\u0bcd \u0bb5\u0bbe\u0b9a\u0bae\u0bcd \u0baa\u0ba3\u0bcd\u0ba3\u0bbf\u0ba9\u0bbe\u0bb0\u0bcd\u0b95\u0bb3\u0bcd."},{"Verseid":"07000004","Verse":"\u0baa\u0bbf\u0ba9\u0bcd\u0baa\u0bc1 \u0bae\u0b95\u0bcd\u0bb2\u0bcb\u0ba9\u0bcd \u0b95\u0bbf\u0bb2\u0bbf\u0baf\u0bcb\u0ba9\u0bcd \u0b8e\u0ba9\u0bcd\u0ba9\u0bc1\u0bae\u0bcd \u0b85\u0bb5\u0bb0\u0bcd\u0b95\u0bb3\u0bcd \u0b87\u0bb0\u0bc1\u0bb5\u0bb0\u0bc1\u0bae\u0bcd \u0b87\u0bb1\u0ba8\u0bcd\u0ba4\u0bc1\u0baa\u0bcb\u0ba9\u0bbe\u0bb0\u0bcd\u0b95\u0bb3\u0bcd; \u0b85\u0ba8\u0bcd\u0ba4 \u0bb8\u0bcd\u0ba4\u0bbf\u0bb0\u0bc0 \u0ba4\u0ba9\u0bcd \u0b95\u0bc1\u0bae\u0bbe\u0bb0\u0bb0\u0bcd \u0b87\u0bb0\u0bc1\u0bb5\u0bb0\u0bc8\u0baf\u0bc1\u0bae\u0bcd \u0ba4\u0ba9\u0bcd \u0baa\u0bc1\u0bb0\u0bc1\u0bb7\u0ba9\u0bc8\u0baf\u0bc1\u0bae\u0bcd \u0b87\u0bb4\u0ba8\u0bcd\u0ba4\u0bc1 \u0ba4\u0ba9\u0bbf\u0ba4\u0bcd\u0ba4\u0bb5\u0bb3\u0bbe\u0ba9\u0bbe\u0bb3\u0bcd."},{"Verseid":"07000005","Verse":"\u0b95\u0bb0\u0bcd\u0ba4\u0bcd\u0ba4\u0bb0\u0bcd \u0ba4\u0bae\u0bcd\u0bae\u0bc1\u0b9f\u0bc8\u0baf \u0b9c\u0ba9\u0b99\u0bcd\u0b95\u0bb3\u0bc8\u0b9a\u0bcd \u0b9a\u0ba8\u0bcd\u0ba4\u0bbf\u0ba4\u0bcd\u0ba4\u0bc1, \u0b85\u0bb5\u0bb0\u0bcd\u0b95\u0bb3\u0bc1\u0b95\u0bcd\u0b95\u0bc1 \u0b86\u0b95\u0bbe\u0bb0\u0bae\u0bcd \u0b85\u0bb0\u0bc1\u0bb3\u0bbf\u0ba9\u0bbe\u0bb0\u0bcd \u0b8e\u0ba9\u0bcd\u0bb1\u0bc1 \u0b85\u0bb5\u0bb3\u0bcd \u0bae\u0bcb\u0bb5\u0bbe\u0baa\u0bcd\u0ba4\u0bc7\u0b9a\u0ba4\u0bcd\u0ba4\u0bbf\u0bb2\u0bc7 \u0b95\u0bc7\u0bb3\u0bcd\u0bb5\u0bbf\u0baa\u0bcd\u0baa\u0b9f\u0bcd\u0b9f\u0bc1, \u0ba4\u0ba9\u0bcd \u0bae\u0bb0\u0bc1\u0bae\u0b95\u0bb3\u0bcb\u0b9f\u0bc7\u0b95\u0bc2\u0b9f \u0bae\u0bcb\u0bb5\u0bbe\u0baa\u0bcd \u0ba4\u0bc7\u0b9a\u0ba4\u0bcd\u0ba4\u0bbf\u0bb2\u0bbf\u0bb0\u0bc1\u0ba8\u0bcd\u0ba4\u0bc1 \u0ba4\u0bbf\u0bb0\u0bc1\u0bae\u0bcd\u0baa\u0bbf\u0bb5\u0bb0\u0bc1\u0bae\u0bcd\u0baa\u0b9f\u0bbf \u0b8e\u0bb4\u0bc1\u0ba8\u0bcd\u0ba4\u0bc1,"},{"Verseid":"07000006","Verse":"\u0ba4\u0ba9\u0bcd \u0b87\u0bb0\u0ba3\u0bcd\u0b9f\u0bc1 \u0bae\u0bb0\u0bc1\u0bae\u0b95\u0bcd\u0b95\u0bb3\u0bcb\u0b9f\u0bc1\u0b99\u0bcd\u0b95\u0bc2\u0b9f\u0ba4\u0bcd \u0ba4\u0bbe\u0ba9\u0bbf\u0bb0\u0bc1\u0ba8\u0bcd\u0ba4 \u0bb8\u0bcd\u0ba4\u0bb2\u0ba4\u0bcd\u0ba4\u0bc8 \u0bb5\u0bbf\u0b9f\u0bcd\u0b9f\u0bc1\u0baa\u0bcd \u0baa\u0bc1\u0bb1\u0baa\u0bcd\u0baa\u0b9f\u0bcd\u0b9f\u0bbe\u0bb3\u0bcd. \u0baf\u0bc2\u0ba4\u0bbe\u0ba4\u0bc7\u0b9a\u0ba4\u0bcd\u0ba4\u0bbf\u0bb1\u0bcd\u0b95\u0bc1\u0ba4\u0bcd \u0ba4\u0bbf\u0bb0\u0bc1\u0bae\u0bcd\u0baa\u0bbf\u0baa\u0bcd\u0baa\u0bcb\u0b95, \u0b85\u0bb5\u0bb0\u0bcd\u0b95\u0bb3\u0bcd \u0bb5\u0bb4\u0bbf\u0ba8\u0b9f\u0b95\u0bcd\u0b95\u0bc8\u0baf\u0bbf\u0bb2\u0bcd,"},{"Verseid":"07000007","Verse":"\u0ba8\u0b95\u0bcb\u0bae\u0bbf \u0ba4\u0ba9\u0bcd \u0b87\u0bb0\u0ba3\u0bcd\u0b9f\u0bc1 \u0bae\u0bb0\u0bc1\u0bae\u0b95\u0bcd\u0b95\u0bb3\u0bc8\u0baf\u0bc1\u0bae\u0bcd \u0ba8\u0bcb\u0b95\u0bcd\u0b95\u0bbf: \u0ba8\u0bc0\u0b99\u0bcd\u0b95\u0bb3\u0bcd \u0b87\u0bb0\u0bc1\u0bb5\u0bb0\u0bc1\u0bae\u0bcd \u0b89\u0b99\u0bcd\u0b95\u0bb3\u0bcd \u0ba4\u0bbe\u0baf\u0bcd\u0bb5\u0bc0\u0b9f\u0bcd\u0b9f\u0bc1\u0b95\u0bcd\u0b95\u0bc1\u0ba4\u0bcd \u0ba4\u0bbf\u0bb0\u0bc1\u0bae\u0bcd\u0baa\u0bbf\u0baa\u0bcd\u0baa\u0bcb\u0b99\u0bcd\u0b95\u0bb3\u0bcd; \u0bae\u0bb0\u0bbf\u0ba4\u0bcd\u0ba4\u0bc1\u0baa\u0bcd\u0baa\u0bcb\u0ba9\u0bb5\u0bb0\u0bcd\u0b95\u0bb3\u0bc1\u0b95\u0bcd\u0b95\u0bc1\u0bae\u0bcd \u0b8e\u0ba9\u0b95\u0bcd\u0b95\u0bc1\u0bae\u0bcd \u0ba8\u0bc0\u0b99\u0bcd\u0b95\u0bb3\u0bcd \u0ba4\u0baf\u0bc8\u0b9a\u0bc6\u0baf\u0bcd\u0ba4\u0ba4\u0bc1\u0baa\u0bcb\u0bb2, \u0b95\u0bb0\u0bcd\u0ba4\u0bcd\u0ba4\u0bb0\u0bcd \u0b89\u0b99\u0bcd\u0b95\u0bb3\u0bc1\u0b95\u0bcd\u0b95\u0bc1\u0bae\u0bcd \u0ba4\u0baf\u0bc8\u0b9a\u0bc6\u0baf\u0bcd\u0bb5\u0bbe\u0bb0\u0bbe\u0b95."},{"Verseid":"07000008","Verse":"\u0b95\u0bb0\u0bcd\u0ba4\u0bcd\u0ba4\u0bb0\u0bcd \u0b89\u0b99\u0bcd\u0b95\u0bb3\u0bcd \u0b87\u0bb0\u0bc1\u0bb5\u0bb0\u0bc1\u0b95\u0bcd\u0b95\u0bc1\u0bae\u0bcd \u0bb5\u0bbe\u0baf\u0bcd\u0b95\u0bcd\u0b95\u0bc1\u0bae\u0bcd \u0baa\u0bc1\u0bb0\u0bc1\u0bb7\u0ba9\u0bc1\u0b9f\u0bc8\u0baf \u0bb5\u0bc0\u0b9f\u0bcd\u0b9f\u0bbf\u0bb2\u0bc7 \u0ba8\u0bc0\u0b99\u0bcd\u0b95\u0bb3\u0bcd \u0b9a\u0bc1\u0b95\u0bae\u0bbe\u0baf\u0bcd \u0bb5\u0bbe\u0bb4\u0bcd\u0ba8\u0bcd\u0ba4\u0bbf\u0bb0\u0bc1\u0b95\u0bcd\u0b95\u0b9a\u0bcd \u0b9a\u0bc6\u0baf\u0bcd\u0bb5\u0bbe\u0bb0\u0bbe\u0b95 \u0b8e\u0ba9\u0bcd\u0bb1\u0bc1 \u0b9a\u0bca\u0bb2\u0bcd\u0bb2\u0bbf, \u0b85\u0bb5\u0bb0\u0bcd\u0b95\u0bb3\u0bc8 \u0bae\u0bc1\u0ba4\u0bcd\u0ba4\u0bae\u0bbf\u0b9f\u0bcd\u0b9f\u0bbe\u0bb3\u0bcd. \u0b85\u0baa\u0bcd\u0baa\u0bca\u0bb4\u0bc1\u0ba4\u0bc1 \u0b85\u0bb5\u0bb0\u0bcd\u0b95\u0bb3\u0bcd \u0b9a\u0ba4\u0bcd\u0ba4\u0bae\u0bbf\u0b9f\u0bcd\u0b9f\u0bc1 \u0b85\u0bb4\u0bc1\u0ba4\u0bc1, \u0b85\u0bb5\u0bb3\u0bc8\u0baa\u0bcd \u0baa\u0bbe\u0bb0\u0bcd\u0ba4\u0bcd\u0ba4\u0bc1:"},{"Verseid":"07000009","Verse":"\u0b89\u0bae\u0bcd\u0bae\u0bc1\u0b9f\u0bc8\u0baf \u0b9c\u0ba9\u0ba4\u0bcd\u0ba4\u0ba3\u0bcd\u0b9f\u0bc8\u0b95\u0bcd\u0b95\u0bc7 \u0b89\u0bae\u0bcd\u0bae\u0bc1\u0b9f\u0ba9\u0bcd\u0b95\u0bc2\u0b9f \u0bb5\u0bb0\u0bc1\u0bb5\u0bcb\u0bae\u0bcd \u0b8e\u0ba9\u0bcd\u0bb1\u0bbe\u0bb0\u0bcd\u0b95\u0bb3\u0bcd."},{"Verseid":"07000010","Verse":"\u0b85\u0ba4\u0bb1\u0bcd\u0b95\u0bc1 \u0ba8\u0b95\u0bcb\u0bae\u0bbf: \u0b8e\u0ba9\u0bcd \u0bae\u0b95\u0bcd\u0b95\u0bb3\u0bc7, \u0ba8\u0bc0\u0b99\u0bcd\u0b95\u0bb3\u0bcd \u0ba4\u0bbf\u0bb0\u0bc1\u0bae\u0bcd\u0baa\u0bbf\u0baa\u0bcd\u0baa\u0bcb\u0b99\u0bcd\u0b95\u0bb3\u0bcd; \u0b8e\u0ba9\u0bcd\u0ba9\u0bcb\u0b9f\u0bc7 \u0b8f\u0ba9\u0bcd \u0bb5\u0bb0\u0bc1\u0b95\u0bbf\u0bb1\u0bc0\u0bb0\u0bcd\u0b95\u0bb3\u0bcd? \u0b89\u0b99\u0bcd\u0b95\u0bb3\u0bc1\u0b95\u0bcd\u0b95\u0bc1\u0baa\u0bcd \u0baa\u0bc1\u0bb0\u0bc1\u0bb7\u0bb0\u0bbe\u0b95\u0bc1\u0bae\u0bcd\u0baa\u0b9f\u0bbf\u0b95\u0bcd\u0b95\u0bc1, \u0b87\u0ba9\u0bbf\u0bae\u0bc7\u0bb2\u0bcd \u0b8e\u0ba9\u0bcd \u0b95\u0bb0\u0bcd\u0baa\u0bcd\u0baa\u0ba4\u0bcd\u0ba4\u0bbf\u0bb2\u0bc7 \u0b8e\u0ba9\u0b95\u0bcd\u0b95\u0bc1\u0baa\u0bcd \u0baa\u0bbf\u0bb3\u0bcd\u0bb3\u0bc8\u0b95\u0bb3\u0bcd \u0b89\u0ba3\u0bcd\u0b9f\u0bbe\u0b95\u0bc1\u0bae\u0bcb?"},{"Verseid":"07000011","Verse":"\u0b8e\u0ba9\u0bcd \u0bae\u0b95\u0bcd\u0b95\u0bb3\u0bc7, \u0ba4\u0bbf\u0bb0\u0bc1\u0bae\u0bcd\u0baa\u0bbf\u0baa\u0bcd\u0baa\u0bcb\u0b99\u0bcd\u0b95\u0bb3\u0bcd; \u0ba8\u0bbe\u0ba9\u0bcd \u0bb5\u0baf\u0ba4\u0bc1\u0b9a\u0bc6\u0ba9\u0bcd\u0bb1\u0bb5\u0bb3\u0bcd; \u0b92\u0bb0\u0bc1 \u0baa\u0bc1\u0bb0\u0bc1\u0bb7\u0ba9\u0bc1\u0b9f\u0ba9\u0bcd \u0bb5\u0bbe\u0bb4\u0ba4\u0bcd\u0ba4\u0b95\u0bcd\u0b95\u0bb5\u0bb3\u0bb2\u0bcd\u0bb2; \u0b85\u0baa\u0bcd\u0baa\u0b9f\u0bbf\u0baa\u0bcd\u0baa\u0b9f\u0bcd\u0b9f \u0ba8\u0bae\u0bcd\u0baa\u0bbf\u0b95\u0bcd\u0b95\u0bc8 \u0b8e\u0ba9\u0b95\u0bcd\u0b95\u0bc1 \u0b89\u0ba3\u0bcd\u0b9f\u0bbe\u0baf\u0bbf\u0bb0\u0bc1\u0ba8\u0bcd\u0ba4\u0bc1, \u0ba8\u0bbe\u0ba9\u0bcd \u0b87\u0ba9\u0bcd\u0bb1\u0bc1 \u0b87\u0bb0\u0bb5\u0bbf\u0bb2\u0bcd \u0b92\u0bb0\u0bc1 \u0baa\u0bc1\u0bb0\u0bc1\u0bb7\u0ba9\u0bc1\u0b95\u0bcd\u0b95\u0bc1 \u0bb5\u0bbe\u0bb4\u0bcd\u0b95\u0bcd\u0b95\u0bc8\u0baa\u0bcd\u0baa\u0b9f\u0bcd\u0b9f\u0bc1, \u0baa\u0bbf\u0bb3\u0bcd\u0bb3\u0bc8\u0b95\u0bb3\u0bc8\u0baa\u0bcd \u0baa\u0bc6\u0bb1\u0bcd\u0bb1\u0bbe\u0bb2\u0bc1\u0bae\u0bcd,"},{"Verseid":"07000012","Verse":"\u0b85\u0bb5\u0bb0\u0bcd\u0b95\u0bb3\u0bcd \u0baa\u0bc6\u0bb0\u0bbf\u0baf\u0bb5\u0bb0\u0bcd\u0b95\u0bb3\u0bbe\u0b95\u0bc1\u0bae\u0b9f\u0bcd\u0b9f\u0bc1\u0bae\u0bcd \u0baa\u0bc1\u0bb0\u0bc1\u0bb7\u0bb0\u0bc1\u0b95\u0bcd\u0b95\u0bc1 \u0bb5\u0bbe\u0bb4\u0bcd\u0b95\u0bcd\u0b95\u0bc8\u0baa\u0bcd\u0baa\u0b9f\u0bbe\u0ba4\u0baa\u0b9f\u0bbf\u0b95\u0bcd\u0b95\u0bc1 \u0ba8\u0bc0\u0b99\u0bcd\u0b95\u0bb3\u0bcd \u0baa\u0bca\u0bb1\u0bc1\u0ba4\u0bcd\u0ba4\u0bbf\u0bb0\u0bc1\u0baa\u0bcd\u0baa\u0bc0\u0bb0\u0bcd\u0b95\u0bb3\u0bcb? \u0b85\u0ba4\u0bc1 \u0b95\u0bc2\u0b9f\u0bbe\u0ba4\u0bc1; \u0b8e\u0ba9\u0bcd \u0bae\u0b95\u0bcd\u0b95\u0bb3\u0bc7, \u0b95\u0bb0\u0bcd\u0ba4\u0bcd\u0ba4\u0bb0\u0bc1\u0b9f\u0bc8\u0baf \u0b95\u0bc8 \u0b8e\u0ba9\u0b95\u0bcd\u0b95\u0bc1 \u0bb5\u0bbf\u0bb0\u0bcb\u0ba4\u0bae\u0bbe\u0baf\u0bbf\u0bb0\u0bc1\u0b95\u0bcd\u0b95\u0bbf\u0bb1\u0ba4\u0bbf\u0ba9\u0bbe\u0bb2\u0bcd, \u0b89\u0b99\u0bcd\u0b95\u0bb3\u0bcd\u0ba8\u0bbf\u0bae\u0bbf\u0ba4\u0bcd\u0ba4\u0bae\u0bcd \u0b8e\u0ba9\u0b95\u0bcd\u0b95\u0bc1 \u0bae\u0bbf\u0b95\u0bc1\u0ba8\u0bcd\u0ba4 \u0bb5\u0bbf\u0b9a\u0ba9\u0bae\u0bcd \u0b87\u0bb0\u0bc1\u0b95\u0bcd\u0b95\u0bbf\u0bb1\u0ba4\u0bc1 \u0b8e\u0ba9\u0bcd\u0bb1\u0bbe\u0bb3\u0bcd."},{"Verseid":"07000013","Verse":"\u0b85\u0baa\u0bcd\u0baa\u0bca\u0bb4\u0bc1\u0ba4\u0bc1 \u0b85\u0bb5\u0bb0\u0bcd\u0b95\u0bb3\u0bcd \u0b9a\u0ba4\u0bcd\u0ba4\u0bae\u0bbf\u0b9f\u0bcd\u0b9f\u0bc1 \u0b85\u0ba4\u0bbf\u0b95\u0bae\u0bbe\u0baf\u0bcd \u0b85\u0bb4\u0bc1\u0ba4\u0bbe\u0bb0\u0bcd\u0b95\u0bb3\u0bcd; \u0b92\u0bb0\u0bcd\u0baa\u0bbe\u0bb3\u0bcd \u0ba4\u0ba9\u0bcd \u0bae\u0bbe\u0bae\u0bbf\u0baf\u0bc8 \u0bae\u0bc1\u0ba4\u0bcd\u0ba4\u0bae\u0bbf\u0b9f\u0bcd\u0b9f\u0bc1\u0baa\u0bcd\u0baa\u0bcb\u0ba9\u0bbe\u0bb3\u0bcd; \u0bb0\u0bc2\u0ba4\u0bcd\u0ba4\u0bcb \u0b85\u0bb5\u0bb3\u0bc8 \u0bb5\u0bbf\u0b9f\u0bbe\u0bae\u0bb2\u0bcd \u0baa\u0bb1\u0bcd\u0bb1\u0bbf\u0b95\u0bcd \u0b95\u0bca\u0ba3\u0bcd\u0b9f\u0bbe\u0bb3\u0bcd."},{"Verseid":"07000014","Verse":"\u0b85\u0baa\u0bcd\u0baa\u0bca\u0bb4\u0bc1\u0ba4\u0bc1 \u0b85\u0bb5\u0bb3\u0bcd: \u0b87\u0ba4\u0bcb, \u0b89\u0ba9\u0bcd \u0b9a\u0b95\u0bcb\u0ba4\u0bb0\u0bbf \u0ba4\u0ba9\u0bcd \u0b9c\u0ba9\u0b99\u0bcd\u0b95\u0bb3\u0bbf\u0b9f\u0ba4\u0bcd\u0ba4\u0bc1\u0b95\u0bcd\u0b95\u0bc1\u0bae\u0bcd \u0ba4\u0ba9\u0bcd \u0ba4\u0bc7\u0bb5\u0bb0\u0bcd\u0b95\u0bb3\u0bbf\u0b9f\u0ba4\u0bcd\u0ba4\u0bc1\u0b95\u0bcd\u0b95\u0bc1\u0bae\u0bcd \u0ba4\u0bbf\u0bb0\u0bc1\u0bae\u0bcd\u0baa\u0bbf\u0baa\u0bcd \u0baa\u0bcb\u0baf\u0bcd\u0bb5\u0bbf\u0b9f\u0bcd\u0b9f\u0bbe\u0bb3\u0bc7; \u0ba8\u0bc0\u0baf\u0bc1\u0bae\u0bcd \u0b89\u0ba9\u0bcd \u0b9a\u0b95\u0bcb\u0ba4\u0bb0\u0bbf\u0baf\u0bbf\u0ba9\u0bcd \u0baa\u0bbf\u0bb1\u0b95\u0bc7 \u0ba4\u0bbf\u0bb0\u0bc1\u0bae\u0bcd\u0baa\u0bbf\u0baa\u0bcd\u0baa\u0bcb \u0b8e\u0ba9\u0bcd\u0bb1\u0bbe\u0bb3\u0bcd."},{"Verseid":"07000015","Verse":"\u0b85\u0ba4\u0bb1\u0bcd\u0b95\u0bc1 \u0bb0\u0bc2\u0ba4\u0bcd: \u0ba8\u0bbe\u0ba9\u0bcd \u0b89\u0bae\u0bcd\u0bae\u0bc8\u0baa\u0bcd \u0baa\u0bbf\u0ba9\u0bcd\u0baa\u0bb1\u0bcd\u0bb1\u0bbe\u0bae\u0bb2\u0bcd \u0b89\u0bae\u0bcd\u0bae\u0bc8\u0bb5\u0bbf\u0b9f\u0bcd\u0b9f\u0bc1\u0ba4\u0bcd \u0ba4\u0bbf\u0bb0\u0bc1\u0bae\u0bcd\u0baa\u0bbf\u0baa\u0bcd \u0baa\u0bcb\u0bb5\u0ba4\u0bc8\u0b95\u0bcd\u0b95\u0bc1\u0bb1\u0bbf\u0ba4\u0bcd\u0ba4\u0bc1, \u0b8e\u0ba9\u0bcd\u0ba9\u0bcb\u0b9f\u0bc7 \u0baa\u0bc7\u0b9a\u0bb5\u0bc7\u0ba3\u0bcd\u0b9f\u0bbe\u0bae\u0bcd; \u0ba8\u0bc0\u0bb0\u0bcd \u0baa\u0bcb\u0b95\u0bc1\u0bae\u0bcd \u0b87\u0b9f\u0ba4\u0bcd\u0ba4\u0bbf\u0bb1\u0bcd\u0b95\u0bc1 \u0ba8\u0bbe\u0ba9\u0bc1\u0bae\u0bcd \u0bb5\u0bb0\u0bc1\u0bb5\u0bc7\u0ba9\u0bcd; \u0ba8\u0bc0\u0bb0\u0bcd \u0ba4\u0b99\u0bcd\u0b95\u0bc1\u0bae\u0bcd \u0b87\u0b9f\u0ba4\u0bcd\u0ba4\u0bbf\u0bb2\u0bc7 \u0ba8\u0bbe\u0ba9\u0bc1\u0bae\u0bcd \u0ba4\u0b99\u0bcd\u0b95\u0bc1\u0bb5\u0bc7\u0ba9\u0bcd; \u0b89\u0bae\u0bcd\u0bae\u0bc1\u0b9f\u0bc8\u0baf \u0b9c\u0ba9\u0bae\u0bcd \u0b8e\u0ba9\u0bcd\u0ba9\u0bc1\u0b9f\u0bc8\u0baf \u0b9c\u0ba9\u0bae\u0bcd; \u0b89\u0bae\u0bcd\u0bae\u0bc1\u0b9f\u0bc8\u0baf \u0ba4\u0bc7\u0bb5\u0ba9\u0bcd \u0b8e\u0ba9\u0bcd\u0ba9\u0bc1\u0b9f\u0bc8\u0baf \u0ba4\u0bc7\u0bb5\u0ba9\u0bcd."},{"Verseid":"07000016","Verse":"\u0ba8\u0bc0\u0bb0\u0bcd \u0bae\u0bb0\u0ba3\u0bae\u0b9f\u0bc8\u0baf\u0bc1\u0bae\u0bcd \u0b87\u0b9f\u0ba4\u0bcd\u0ba4\u0bbf\u0bb2\u0bcd \u0ba8\u0bbe\u0ba9\u0bc1\u0bae\u0bcd \u0bae\u0bb0\u0ba3\u0bae\u0b9f\u0bc8\u0ba8\u0bcd\u0ba4\u0bc1, \u0b85\u0b99\u0bcd\u0b95\u0bc7 \u0b85\u0b9f\u0b95\u0bcd\u0b95\u0bae\u0bcd\u0baa\u0ba3\u0bcd\u0ba3\u0baa\u0bcd\u0baa\u0b9f\u0bc1\u0bb5\u0bc7\u0ba9\u0bcd; \u0bae\u0bb0\u0ba3\u0bae\u0bc7\u0baf\u0bb2\u0bcd\u0bb2\u0bbe\u0bae\u0bb2\u0bcd \u0bb5\u0bc7\u0bb1\u0bca\u0ba9\u0bcd\u0bb1\u0bc1\u0bae\u0bcd \u0b89\u0bae\u0bcd\u0bae\u0bc8 \u0bb5\u0bbf\u0b9f\u0bcd\u0b9f\u0bc1 \u0b8e\u0ba9\u0bcd\u0ba9\u0bc8\u0baa\u0bcd \u0baa\u0bbf\u0bb0\u0bbf\u0ba4\u0bcd\u0ba4\u0bbe\u0bb2\u0bcd, \u0b95\u0bb0\u0bcd\u0ba4\u0bcd\u0ba4\u0bb0\u0bcd \u0b85\u0ba4\u0bb1\u0bcd\u0b95\u0bc1\u0b9a\u0bcd \u0b9a\u0bb0\u0bbf\u0baf\u0bbe\u0b95\u0bb5\u0bc1\u0bae\u0bcd \u0b85\u0ba4\u0bb1\u0bcd\u0b95\u0bc1 \u0b85\u0ba4\u0bbf\u0b95\u0bae\u0bbe\u0b95\u0bb5\u0bc1\u0bae\u0bcd \u0b8e\u0ba9\u0b95\u0bcd\u0b95\u0bc1\u0b9a\u0bcd \u0b9a\u0bc6\u0baf\u0bcd\u0baf\u0b95\u0bcd\u0b95\u0b9f\u0bb5\u0bb0\u0bcd \u0b8e\u0ba9\u0bcd\u0bb1\u0bbe\u0bb3\u0bcd."},{"Verseid":"07000017","Verse":"\u0b85\u0bb5\u0bb3\u0bcd \u0ba4\u0ba9\u0bcd\u0ba9\u0bcb\u0b9f\u0bc7\u0b95\u0bc2\u0b9f \u0bb5\u0bb0 \u0bae\u0ba9 \u0b89\u0bb1\u0bc1\u0ba4\u0bbf\u0baf\u0bbe\u0baf\u0bbf\u0bb0\u0bc1\u0b95\u0bcd\u0b95\u0bbf\u0bb1\u0ba4\u0bc8\u0b95\u0bcd \u0b95\u0ba3\u0bcd\u0b9f\u0bc1, \u0b85\u0baa\u0bcd\u0baa\u0bc1\u0bb1\u0bae\u0bcd \u0b85\u0ba4\u0bc8\u0b95\u0bcd\u0b95\u0bc1\u0bb1\u0bbf\u0ba4\u0bcd\u0ba4\u0bc1 \u0b85\u0bb5\u0bb3\u0bcb\u0b9f\u0bc7 \u0b92\u0ba9\u0bcd\u0bb1\u0bc1\u0bae\u0bcd \u0baa\u0bc7\u0b9a\u0bb5\u0bbf\u0bb2\u0bcd\u0bb2\u0bc8."},{"Verseid":"07000018","Verse":"\u0b85\u0baa\u0bcd\u0baa\u0b9f\u0bbf\u0baf\u0bc7 \u0b87\u0bb0\u0bc1\u0bb5\u0bb0\u0bc1\u0bae\u0bcd \u0baa\u0bc6\u0ba4\u0bcd\u0bb2\u0bc6\u0b95\u0bc7\u0bae\u0bcd \u0bae\u0b9f\u0bcd\u0b9f\u0bc1\u0bae\u0bcd \u0ba8\u0b9f\u0ba8\u0bcd\u0ba4\u0bc1\u0baa\u0bcb\u0ba9\u0bbe\u0bb0\u0bcd\u0b95\u0bb3\u0bcd; \u0b85\u0bb5\u0bb0\u0bcd\u0b95\u0bb3\u0bcd \u0baa\u0bc6\u0ba4\u0bcd\u0bb2\u0bc6\u0b95\u0bc7\u0bae\u0bc1\u0b95\u0bcd\u0b95\u0bc1 \u0bb5\u0ba8\u0bcd\u0ba4\u0baa\u0bcb\u0ba4\u0bc1, \u0b8a\u0bb0\u0bbe\u0bb0\u0bcd \u0b8e\u0bb2\u0bcd\u0bb2\u0bbe\u0bb0\u0bc1\u0bae\u0bcd \u0b85\u0bb5\u0bb0\u0bcd\u0b95\u0bb3\u0bc8\u0b95\u0bcd \u0b95\u0bc1\u0bb1\u0bbf\u0ba4\u0bcd\u0ba4\u0bc1 \u0b86\u0b9a\u0bcd\u0b9a\u0bb0\u0bbf\u0baf\u0baa\u0bcd\u0baa\u0b9f\u0bcd\u0b9f\u0bc1, \u0b87\u0bb5\u0bb3\u0bcd \u0ba8\u0b95\u0bcb\u0bae\u0bbf\u0baf\u0bcb \u0b8e\u0ba9\u0bcd\u0bb1\u0bc1 \u0baa\u0bc7\u0b9a\u0bbf\u0b95\u0bcd\u0b95\u0bca\u0ba3\u0bcd\u0b9f\u0bbe\u0bb0\u0bcd\u0b95\u0bb3\u0bcd."},{"Verseid":"07000019","Verse":"\u0b85\u0ba4\u0bb1\u0bcd\u0b95\u0bc1 \u0b85\u0bb5\u0bb3\u0bcd: \u0ba8\u0bc0\u0b99\u0bcd\u0b95\u0bb3\u0bcd \u0b8e\u0ba9\u0bcd\u0ba9\u0bc8 \u0ba8\u0b95\u0bcb\u0bae\u0bbf \u0b8e\u0ba9\u0bcd\u0bb1\u0bc1 \u0b9a\u0bca\u0bb2\u0bcd\u0bb2\u0bbe\u0bae\u0bb2\u0bcd, \u0bae\u0bbe\u0bb0\u0bbe\u0bb3\u0bcd \u0b8e\u0ba9\u0bcd\u0bb1\u0bc1 \u0b9a\u0bca\u0bb2\u0bcd\u0bb2\u0bc1\u0b99\u0bcd\u0b95\u0bb3\u0bcd; \u0b9a\u0bb0\u0bcd\u0bb5\u0bb5\u0bb2\u0bcd\u0bb2\u0bb5\u0bb0\u0bcd \u0b8e\u0ba9\u0b95\u0bcd\u0b95\u0bc1 \u0bae\u0bbf\u0b95\u0bc1\u0ba8\u0bcd\u0ba4 \u0b95\u0b9a\u0baa\u0bcd\u0baa\u0bc8\u0b95\u0bcd \u0b95\u0b9f\u0bcd\u0b9f\u0bb3\u0bc8\u0baf\u0bbf\u0b9f\u0bcd\u0b9f\u0bbe\u0bb0\u0bcd."},{"Verseid":"07000020","Verse":"\u0ba8\u0bbe\u0ba9\u0bcd \u0ba8\u0bbf\u0bb1\u0bc8\u0bb5\u0bc1\u0bb3\u0bcd\u0bb3\u0bb5\u0bb3\u0bbe\u0baf\u0bcd\u0baa\u0bcd \u0baa\u0bcb\u0ba9\u0bc7\u0ba9\u0bcd; \u0b95\u0bb0\u0bcd\u0ba4\u0bcd\u0ba4\u0bb0\u0bcd \u0b8e\u0ba9\u0bcd\u0ba9\u0bc8 \u0bb5\u0bc6\u0bb1\u0bc1\u0bae\u0bc8\u0baf\u0bbe\u0baf\u0bcd\u0ba4\u0bcd \u0ba4\u0bbf\u0bb0\u0bc1\u0bae\u0bcd\u0baa\u0bbf\u0bb5\u0bb0\u0baa\u0bcd\u0baa\u0ba3\u0bcd\u0ba3\u0bbf\u0ba9\u0bbe\u0bb0\u0bcd; \u0b95\u0bb0\u0bcd\u0ba4\u0bcd\u0ba4\u0bb0\u0bcd \u0b8e\u0ba9\u0bcd\u0ba9\u0bc8\u0b9a\u0bcd \u0b9a\u0bbf\u0bb1\u0bc1\u0bae\u0bc8\u0baa\u0bcd\u0baa\u0b9f\u0bc1\u0ba4\u0bcd\u0ba4\u0bbf, \u0b9a\u0bb0\u0bcd\u0bb5\u0bb5\u0bb2\u0bcd\u0bb2\u0bb5\u0bb0\u0bcd \u0b8e\u0ba9\u0bcd\u0ba9\u0bc8\u0b95\u0bcd \u0b95\u0bbf\u0bb2\u0bc7\u0b9a\u0baa\u0bcd\u0baa\u0b9f\u0bc1\u0ba4\u0bcd\u0ba4\u0bbf\u0baf\u0bbf\u0bb0\u0bc1\u0b95\u0bcd\u0b95\u0bc8\u0baf\u0bbf\u0bb2\u0bcd, \u0ba8\u0bc0\u0b99\u0bcd\u0b95\u0bb3\u0bcd \u0b8e\u0ba9\u0bcd\u0ba9\u0bc8 \u0ba8\u0b95\u0bcb\u0bae\u0bbf \u0b8e\u0ba9\u0bcd\u0baa\u0bbe\u0ba9\u0bc7\u0ba9\u0bcd \u0b8e\u0ba9\u0bcd\u0bb1\u0bbe\u0bb3\u0bcd."},{"Verseid":"07000021","Verse":"\u0b87\u0baa\u0bcd\u0baa\u0b9f\u0bbf \u0ba8\u0b95\u0bcb\u0bae\u0bbf \u0bae\u0bcb\u0bb5\u0bbe\u0baa\u0bbf\u0baf \u0bb8\u0bcd\u0ba4\u0bbf\u0bb0\u0bc0\u0baf\u0bbe\u0ba9 \u0ba4\u0ba9\u0bcd \u0bae\u0bb0\u0bc1\u0bae\u0b95\u0bb3\u0bcd \u0bb0\u0bc2\u0ba4\u0bcd\u0ba4\u0bcb\u0b9f\u0bc1\u0b99\u0bcd\u0b95\u0bc2\u0b9f \u0bae\u0bcb\u0bb5\u0bbe\u0baa\u0bcd \u0ba4\u0bc7\u0b9a\u0ba4\u0bcd\u0ba4\u0bbf\u0bb2\u0bbf\u0bb0\u0bc1\u0ba8\u0bcd\u0ba4\u0bc1 \u0ba4\u0bbf\u0bb0\u0bc1\u0bae\u0bcd\u0baa\u0bbf\u0bb5\u0ba8\u0bcd\u0ba4\u0bbe\u0bb3\u0bcd; \u0bb5\u0bbe\u0bb1\u0bcd\u0b95\u0bcb\u0ba4\u0bc1\u0bae\u0bc8 \u0b85\u0bb1\u0bc1\u0baa\u0bcd\u0baa\u0bbf\u0ba9\u0bcd \u0ba4\u0bc1\u0bb5\u0b95\u0bcd\u0b95\u0ba4\u0bcd\u0ba4\u0bbf\u0bb2\u0bcd \u0b85\u0bb5\u0bb0\u0bcd\u0b95\u0bb3\u0bcd \u0baa\u0bc6\u0ba4\u0bcd\u0bb2\u0bc6\u0b95\u0bc7\u0bae\u0bc1\u0b95\u0bcd\u0b95\u0bc1 \u0bb5\u0ba8\u0bcd\u0ba4\u0bbe\u0bb0\u0bcd\u0b95\u0bb3\u0bcd."}]},{"Verse":[{"Verseid":"07001000","Verse":"\u0ba8\u0b95\u0bcb\u0bae\u0bbf\u0b95\u0bcd\u0b95\u0bc1 \u0b85\u0bb5\u0bb3\u0bc1\u0b9f\u0bc8\u0baf \u0baa\u0bc1\u0bb0\u0bc1\u0bb7\u0ba9\u0bbe\u0b95\u0bbf\u0baf \u0b8e\u0bb2\u0bbf\u0bae\u0bc6\u0bb2\u0bc7\u0b95\u0bcd\u0b95\u0bbf\u0ba9\u0bcd \u0b89\u0bb1\u0bb5\u0bbf\u0ba9\u0bcd\u0bae\u0bc1\u0bb1\u0bc8\u0baf\u0bbf\u0bb2\u0bcd \u0baa\u0bcb\u0bb5\u0bbe\u0bb8\u0bcd \u0b8e\u0ba9\u0bcd\u0ba9\u0bc1\u0bae\u0bcd \u0baa\u0bc7\u0bb0\u0bc1\u0bb3\u0bcd\u0bb3 \u0bae\u0bbf\u0b95\u0bc1\u0ba8\u0bcd\u0ba4 \u0b86\u0bb8\u0bcd\u0ba4\u0bbf\u0b95\u0bcd\u0b95\u0bbe\u0bb0\u0ba9\u0bbe\u0b95\u0bbf\u0baf \u0b87\u0ba9\u0ba4\u0bcd\u0ba4\u0bbe\u0ba9\u0bcd \u0b92\u0bb0\u0bc1\u0bb5\u0ba9\u0bcd \u0b87\u0bb0\u0bc1\u0ba8\u0bcd\u0ba4\u0bbe\u0ba9\u0bcd."},{"Verseid":"07001001","Verse":"\u0bae\u0bcb\u0bb5\u0bbe\u0baa\u0bbf\u0baf \u0bb8\u0bcd\u0ba4\u0bbf\u0bb0\u0bc0\u0baf\u0bbe\u0ba9 \u0bb0\u0bc2\u0ba4\u0bcd \u0b8e\u0ba9\u0bcd\u0baa\u0bb5\u0bb3\u0bcd \u0ba8\u0b95\u0bcb\u0bae\u0bbf\u0baf\u0bc8\u0baa\u0bcd \u0baa\u0bbe\u0bb0\u0bcd\u0ba4\u0bcd\u0ba4\u0bc1: \u0ba8\u0bbe\u0ba9\u0bcd \u0bb5\u0baf\u0bb2\u0bcd\u0bb5\u0bc6\u0bb3\u0bbf\u0b95\u0bcd\u0b95\u0bc1\u0baa\u0bcd \u0baa\u0bcb\u0baf\u0bcd, \u0baf\u0bbe\u0bb0\u0bc1\u0b9f\u0bc8\u0baf \u0b95\u0ba3\u0bcd\u0b95\u0bb3\u0bbf\u0bb2\u0bcd \u0b8e\u0ba9\u0b95\u0bcd\u0b95\u0bc1\u0ba4\u0bcd \u0ba4\u0baf\u0bc8\u0b95\u0bbf\u0b9f\u0bc8\u0b95\u0bcd\u0b95\u0bc1\u0bae\u0bcb, \u0b85\u0bb5\u0bb0\u0bcd \u0baa\u0bbf\u0bb1\u0b95\u0bc7 \u0b95\u0ba4\u0bbf\u0bb0\u0bcd\u0b95\u0bb3\u0bc8\u0baa\u0bcd \u0baa\u0bca\u0bb1\u0bc1\u0b95\u0bcd\u0b95\u0bbf\u0b95\u0bcd\u0b95\u0bca\u0ba3\u0bcd\u0b9f\u0bc1\u0bb5\u0bb0\u0bc1\u0b95\u0bbf\u0bb1\u0bc7\u0ba9\u0bcd \u0b8e\u0ba9\u0bcd\u0bb1\u0bbe\u0bb3\u0bcd; \u0b85\u0ba4\u0bb1\u0bcd\u0b95\u0bc1 \u0b87\u0bb5\u0bb3\u0bcd: \u0b8e\u0ba9\u0bcd \u0bae\u0b95\u0bb3\u0bc7, \u0baa\u0bcb \u0b8e\u0ba9\u0bcd\u0bb1\u0bbe\u0bb3\u0bcd."},{"Verseid":"07001002","Verse":"\u0b85\u0bb5\u0bb3\u0bcd \u0baa\u0bcb\u0baf\u0bcd, \u0bb5\u0baf\u0bb2\u0bcd\u0bb5\u0bc6\u0bb3\u0bbf\u0baf\u0bbf\u0bb2\u0bcd \u0b85\u0bb1\u0bc1\u0b95\u0bcd\u0b95\u0bbf\u0bb1\u0bb5\u0bb0\u0bcd\u0b95\u0bb3\u0bcd \u0baa\u0bbf\u0bb1\u0b95\u0bc7 \u0baa\u0bca\u0bb1\u0bc1\u0b95\u0bcd\u0b95\u0bbf\u0ba9\u0bbe\u0bb3\u0bcd; \u0ba4\u0bb1\u0bcd\u0b9a\u0bc6\u0baf\u0bb2\u0bbe\u0baf\u0bcd \u0b85\u0bb5\u0bb3\u0bc1\u0b95\u0bcd\u0b95\u0bc1 \u0ba8\u0bc7\u0bb0\u0bbf\u0b9f\u0bcd\u0b9f \u0b85\u0ba8\u0bcd\u0ba4 \u0bb5\u0baf\u0bb2\u0bcd\u0ba8\u0bbf\u0bb2\u0bae\u0bcd \u0b8e\u0bb2\u0bbf\u0bae\u0bc6\u0bb2\u0bc7\u0b95\u0bcd\u0b95\u0bbf\u0ba9\u0bcd \u0bb5\u0bae\u0bcd\u0b9a\u0ba4\u0bcd\u0ba4\u0bbe\u0ba9\u0bbe\u0b95\u0bbf\u0baf \u0baa\u0bcb\u0bb5\u0bbe\u0b9a\u0bc1\u0b9f\u0bc8\u0baf\u0ba4\u0bbe\u0baf\u0bbf\u0bb0\u0bc1\u0ba8\u0bcd\u0ba4\u0ba4\u0bc1."},{"Verseid":"07001003","Verse":"\u0b85\u0baa\u0bcd\u0baa\u0bca\u0bb4\u0bc1\u0ba4\u0bc1 \u0baa\u0bcb\u0bb5\u0bbe\u0bb8\u0bcd \u0baa\u0bc6\u0ba4\u0bcd\u0bb2\u0bc6\u0b95\u0bc7\u0bae\u0bbf\u0bb2\u0bbf\u0bb0\u0bc1\u0ba8\u0bcd\u0ba4\u0bc1 \u0bb5\u0ba8\u0bcd\u0ba4\u0bc1, \u0b85\u0bb1\u0bc1\u0b95\u0bcd\u0b95\u0bbf\u0bb1\u0bb5\u0bb0\u0bcd\u0b95\u0bb3\u0bc8\u0baa\u0bcd \u0baa\u0bbe\u0bb0\u0bcd\u0ba4\u0bcd\u0ba4\u0bc1: \u0b95\u0bb0\u0bcd\u0ba4\u0bcd\u0ba4\u0bb0\u0bcd \u0b89\u0b99\u0bcd\u0b95\u0bb3\u0bcb\u0b9f\u0bc7 \u0b87\u0bb0\u0bc1\u0baa\u0bcd\u0baa\u0bbe\u0bb0\u0bbe\u0b95 \u0b8e\u0ba9\u0bcd\u0bb1\u0bbe\u0ba9\u0bcd; \u0b85\u0ba4\u0bb1\u0bcd\u0b95\u0bc1 \u0b85\u0bb5\u0bb0\u0bcd\u0b95\u0bb3\u0bcd: \u0b95\u0bb0\u0bcd\u0ba4\u0bcd\u0ba4\u0bb0\u0bcd \u0b89\u0bae\u0bcd\u0bae\u0bc8 \u0b86\u0b9a\u0bc0\u0bb0\u0bcd\u0bb5\u0ba4\u0bbf\u0baa\u0bcd\u0baa\u0bbe\u0bb0\u0bbe\u0b95 \u0b8e\u0ba9\u0bcd\u0bb1\u0bbe\u0bb0\u0bcd\u0b95\u0bb3\u0bcd."},{"Verseid":"07001004","Verse":"\u0baa\u0bbf\u0ba9\u0bcd\u0baa\u0bc1 \u0baa\u0bcb\u0bb5\u0bbe\u0bb8\u0bcd \u0b85\u0bb1\u0bc1\u0b95\u0bcd\u0b95\u0bbf\u0bb1\u0bb5\u0bb0\u0bcd\u0b95\u0bb3\u0bcd \u0bae\u0bc7\u0bb2\u0bcd \u0b95\u0ba3\u0bcd\u0b95\u0bbe\u0ba3\u0bbf\u0baf\u0bbe\u0b95 \u0bb5\u0bc8\u0b95\u0bcd\u0b95\u0baa\u0bcd\u0baa\u0b9f\u0bcd\u0b9f \u0ba4\u0ba9\u0bcd \u0bb5\u0bc7\u0bb2\u0bc8\u0b95\u0bcd\u0b95\u0bbe\u0bb0\u0ba9\u0bc8 \u0ba8\u0bcb\u0b95\u0bcd\u0b95\u0bbf: \u0b87\u0ba8\u0bcd\u0ba4\u0baa\u0bcd \u0baa\u0bc6\u0ba3\u0bcd\u0baa\u0bbf\u0bb3\u0bcd\u0bb3\u0bc8 \u0baf\u0bbe\u0bb0\u0bc1\u0b9f\u0bc8\u0baf\u0bb5\u0bb3\u0bcd \u0b8e\u0ba9\u0bcd\u0bb1\u0bc1 \u0b95\u0bc7\u0b9f\u0bcd\u0b9f\u0bbe\u0ba9\u0bcd."},{"Verseid":"07001005","Verse":"\u0b85\u0bb1\u0bc1\u0b95\u0bcd\u0b95\u0bbf\u0bb1\u0bb5\u0bb0\u0bcd\u0b95\u0bb3\u0bcd\u0bae\u0bc7\u0bb2\u0bcd \u0b95\u0ba3\u0bcd\u0b95\u0bbe\u0ba3\u0bbf\u0baf\u0bbe\u0b95 \u0bb5\u0bc8\u0b95\u0bcd\u0b95\u0baa\u0bcd\u0baa\u0b9f\u0bcd\u0b9f \u0b85\u0ba8\u0bcd\u0ba4 \u0bb5\u0bc7\u0bb2\u0bc8\u0b95\u0bcd\u0b95\u0bbe\u0bb0\u0ba9\u0bcd \u0baa\u0bbf\u0bb0\u0ba4\u0bbf\u0baf\u0bc1\u0ba4\u0bcd\u0ba4\u0bb0\u0bae\u0bbe\u0b95: \u0b87\u0bb5\u0bb3\u0bcd \u0bae\u0bcb\u0bb5\u0bbe\u0baa\u0bcd \u0ba4\u0bc7\u0b9a\u0ba4\u0bcd\u0ba4\u0bbf\u0bb2\u0bbf\u0bb0\u0bc1\u0ba8\u0bcd\u0ba4\u0bc1 \u0ba8\u0b95\u0bcb\u0bae\u0bbf\u0baf\u0bcb\u0b9f\u0bc7\u0b95\u0bc2\u0b9f \u0bb5\u0ba8\u0bcd\u0ba4 \u0bae\u0bcb\u0bb5\u0bbe\u0baa\u0bbf\u0baf \u0baa\u0bc6\u0ba3\u0bcd\u0baa\u0bbf\u0bb3\u0bcd\u0bb3\u0bc8."},{"Verseid":"07001006","Verse":"\u0b85\u0bb1\u0bc1\u0b95\u0bcd\u0b95\u0bbf\u0bb1\u0bb5\u0bb0\u0bcd\u0b95\u0bb3\u0bcd \u0baa\u0bbf\u0bb1\u0b95\u0bc7 \u0b85\u0bb0\u0bbf\u0b95\u0bcd\u0b95\u0b9f\u0bcd\u0b9f\u0bc1\u0b95\u0bb3\u0bbf\u0bb2\u0bbf\u0bb0\u0bc1\u0ba8\u0bcd\u0ba4\u0bc1 \u0b9a\u0bbf\u0ba8\u0bcd\u0ba4\u0bbf\u0ba9\u0ba4\u0bc8\u0baa\u0bcd \u0baa\u0bca\u0bb1\u0bc1\u0b95\u0bcd\u0b95\u0bbf\u0b95\u0bcd \u0b95\u0bca\u0bb3\u0bcd\u0bb3\u0bc1\u0b95\u0bbf\u0bb1\u0bc7\u0ba9\u0bcd \u0b8e\u0ba9\u0bcd\u0bb1\u0bc1 \u0b85\u0bb5\u0bb3\u0bcd \u0b8e\u0ba9\u0bcd\u0ba9\u0bbf\u0b9f\u0ba4\u0bcd\u0ba4\u0bbf\u0bb2\u0bcd \u0b95\u0bc7\u0b9f\u0bcd\u0b9f\u0bc1\u0b95\u0bcd \u0b95\u0bca\u0ba3\u0bcd\u0b9f\u0bbe\u0bb3\u0bcd; \u0b95\u0bbe\u0bb2\u0bae\u0bc7 \u0ba4\u0bc1\u0bb5\u0b95\u0bcd\u0b95\u0bbf \u0b87\u0ba4\u0bc1\u0bb5\u0bb0\u0bc8\u0b95\u0bcd\u0b95\u0bc1\u0bae\u0bcd \u0b87\u0b99\u0bcd\u0b95\u0bc7 \u0b87\u0bb0\u0bc1\u0b95\u0bcd\u0b95\u0bbf\u0bb1\u0bbe\u0bb3\u0bcd; \u0b87\u0baa\u0bcd\u0baa\u0bca\u0bb4\u0bc1\u0ba4\u0bc1 \u0b85\u0bb5\u0bb3\u0bcd \u0b95\u0bc1\u0b9f\u0bbf\u0b9a\u0bc8\u0b95\u0bcd\u0b95\u0bc1 \u0bb5\u0ba8\u0bcd\u0ba4\u0bc1 \u0b95\u0bca\u0b9e\u0bcd\u0b9a\u0ba8\u0bc7\u0bb0\u0ba8\u0bcd\u0ba4\u0bbe\u0ba9\u0bcd \u0b86\u0baf\u0bbf\u0bb1\u0bcd\u0bb1\u0bc1 \u0b8e\u0ba9\u0bcd\u0bb1\u0bbe\u0ba9\u0bcd."},{"Verseid":"07001007","Verse":"\u0b85\u0baa\u0bcd\u0baa\u0bca\u0bb4\u0bc1\u0ba4\u0bc1 \u0baa\u0bcb\u0bb5\u0bbe\u0bb8\u0bcd \u0bb0\u0bc2\u0ba4\u0bcd\u0ba4\u0bc8\u0baa\u0bcd\u0baa\u0bbe\u0bb0\u0bcd\u0ba4\u0bcd\u0ba4\u0bc1: \u0bae\u0b95\u0bb3\u0bc7, \u0b95\u0bc7\u0bb3\u0bcd; \u0baa\u0bca\u0bb1\u0bc1\u0b95\u0bcd\u0b95\u0bbf\u0b95\u0bcd\u0b95\u0bca\u0bb3\u0bcd\u0bb3 \u0bb5\u0bc7\u0bb1\u0bc7 \u0bb5\u0baf\u0bb2\u0bbf\u0bb2\u0bcd \u0baa\u0bcb\u0b95\u0bbe\u0bae\u0bb2\u0bc1\u0bae\u0bcd, \u0b87\u0bb5\u0bcd\u0bb5\u0bbf\u0b9f\u0ba4\u0bcd\u0ba4\u0bc8\u0bb5\u0bbf\u0b9f\u0bcd\u0b9f\u0bc1\u0baa\u0bcd \u0baa\u0bcb\u0b95\u0bbe\u0bae\u0bb2\u0bc1\u0bae\u0bcd, \u0b87\u0b99\u0bcd\u0b95\u0bc7 \u0b8e\u0ba9\u0bcd \u0b8a\u0bb4\u0bbf\u0baf\u0b95\u0bcd\u0b95\u0bbe\u0bb0\u0baa\u0bcd \u0baa\u0bc6\u0ba3\u0bcd\u0b95\u0bb3\u0bcb\u0b9f\u0bc1 \u0b95\u0bc2\u0b9f\u0bb5\u0bc7 \u0b87\u0bb0\u0bc1."},{"Verseid":"07001008","Verse":"\u0b85\u0bb5\u0bb0\u0bcd\u0b95\u0bb3\u0bcd \u0b85\u0bb1\u0bc1\u0baa\u0bcd\u0baa\u0bb1\u0bc1\u0b95\u0bcd\u0b95\u0bc1\u0bae\u0bcd \u0bb5\u0baf\u0bb2\u0bc8 \u0ba8\u0bc0 \u0baa\u0bbe\u0bb0\u0bcd\u0ba4\u0bcd\u0ba4\u0bc1, \u0b85\u0bb5\u0bb0\u0bcd\u0b95\u0bb3\u0bcd \u0baa\u0bbf\u0bb1\u0b95\u0bc7 \u0baa\u0bcb; \u0b92\u0bb0\u0bc1\u0bb5\u0bb0\u0bc1\u0bae\u0bcd \u0b89\u0ba9\u0bcd\u0ba9\u0bc8\u0ba4\u0bcd \u0ba4\u0bca\u0b9f\u0bbe\u0ba4\u0baa\u0b9f\u0bbf\u0b95\u0bcd\u0b95\u0bc1, \u0bb5\u0bc7\u0bb2\u0bc8\u0b95\u0bcd\u0b95\u0bbe\u0bb0\u0bb0\u0bc1\u0b95\u0bcd\u0b95\u0bc1\u0b95\u0bcd \u0b95\u0b9f\u0bcd\u0b9f\u0bb3\u0bc8\u0baf\u0bbf\u0b9f\u0bcd\u0b9f\u0bbf\u0bb0\u0bc1\u0b95\u0bcd\u0b95\u0bbf\u0bb1\u0bc7\u0ba9\u0bcd; \u0b89\u0ba9\u0b95\u0bcd\u0b95\u0bc1\u0ba4\u0bcd \u0ba4\u0bbe\u0b95\u0bae\u0bcd \u0b8e\u0b9f\u0bc1\u0ba4\u0bcd\u0ba4\u0bbe\u0bb2\u0bcd, \u0ba4\u0ba3\u0bcd\u0ba3\u0bc0\u0bb0\u0bcd\u0b95\u0bcd\u0b95\u0bc1\u0b9f\u0b99\u0bcd\u0b95\u0bb3\u0ba3\u0bcd\u0b9f\u0bc8\u0b95\u0bcd\u0b95\u0bc1\u0baa\u0bcd \u0baa\u0bcb\u0baf\u0bcd, \u0bb5\u0bc7\u0bb2\u0bc8\u0b95\u0bcd\u0b95\u0bbe\u0bb0\u0bb0\u0bcd \u0bae\u0bca\u0ba3\u0bcd\u0b9f\u0bc1\u0b95\u0bca\u0ba3\u0bcd\u0b9f\u0bc1 \u0bb5\u0bb0\u0bc1\u0b95\u0bbf\u0bb1\u0ba4\u0bbf\u0bb2\u0bc7 \u0b95\u0bc1\u0b9f\u0bbf\u0b95\u0bcd\u0b95\u0bb2\u0bbe\u0bae\u0bcd \u0b8e\u0ba9\u0bcd\u0bb1\u0bbe\u0ba9\u0bcd."},{"Verseid":"07001009","Verse":"\u0b85\u0baa\u0bcd\u0baa\u0bca\u0bb4\u0bc1\u0ba4\u0bc1 \u0b85\u0bb5\u0bb3\u0bcd \u0ba4\u0bb0\u0bc8\u0baf\u0bbf\u0bb2\u0bc7 \u0bae\u0bc1\u0b95\u0b99\u0bcd\u0b95\u0bc1\u0baa\u0bcd\u0baa\u0bc1\u0bb1 \u0bb5\u0bbf\u0bb4\u0bc1\u0ba8\u0bcd\u0ba4\u0bc1 \u0bb5\u0ba3\u0b99\u0bcd\u0b95\u0bbf: \u0ba8\u0bbe\u0ba9\u0bcd \u0b85\u0ba8\u0bcd\u0ba8\u0bbf\u0baf\u0ba4\u0bc7\u0b9a\u0ba4\u0bcd\u0ba4\u0bbe\u0bb3\u0bbe\u0baf\u0bbf\u0bb0\u0bc1\u0b95\u0bcd\u0b95, \u0ba8\u0bc0\u0bb0\u0bcd \u0b8e\u0ba9\u0bcd\u0ba9\u0bc8 \u0bb5\u0bbf\u0b9a\u0bbe\u0bb0\u0bbf\u0b95\u0bcd\u0b95\u0bc1\u0bae\u0bcd\u0baa\u0b9f\u0bbf \u0b8e\u0ba9\u0b95\u0bcd\u0b95\u0bc1 \u0b8e\u0ba4\u0bbf\u0ba9\u0bbe\u0bb2\u0bc7 \u0b89\u0bae\u0bcd\u0bae\u0bc1\u0b9f\u0bc8\u0baf \u0b95\u0ba3\u0bcd\u0b95\u0bb3\u0bbf\u0bb2\u0bcd \u0ba4\u0baf\u0bc8 \u0b95\u0bbf\u0b9f\u0bc8\u0ba4\u0bcd\u0ba4\u0ba4\u0bc1 \u0b8e\u0ba9\u0bcd\u0bb1\u0bbe\u0bb3\u0bcd."},{"Verseid":"07001010","Verse":"\u0b85\u0ba4\u0bb1\u0bcd\u0b95\u0bc1\u0baa\u0bcd \u0baa\u0bcb\u0bb5\u0bbe\u0bb8\u0bcd \u0baa\u0bbf\u0bb0\u0ba4\u0bbf\u0baf\u0bc1\u0ba4\u0bcd\u0ba4\u0bb0\u0bae\u0bbe\u0b95: \u0b89\u0ba9\u0bcd \u0baa\u0bc1\u0bb0\u0bc1\u0bb7\u0ba9\u0bcd \u0bae\u0bb0\u0ba3\u0bae\u0b9f\u0bc8\u0ba8\u0bcd\u0ba4 \u0baa\u0bbf\u0ba9\u0bcd\u0baa\u0bc1, \u0ba8\u0bc0 \u0b89\u0ba9\u0bcd \u0bae\u0bbe\u0bae\u0bbf\u0baf\u0bbe\u0bb0\u0bc1\u0b95\u0bcd\u0b95\u0bbe\u0b95\u0b9a\u0bcd \u0b9a\u0bc6\u0baf\u0bcd\u0ba4\u0ba4\u0bc1\u0bae\u0bcd, \u0ba8\u0bc0 \u0b89\u0ba9\u0bcd \u0ba4\u0b95\u0baa\u0bcd\u0baa\u0ba9\u0bc8\u0baf\u0bc1\u0bae\u0bcd \u0b89\u0ba9\u0bcd \u0ba4\u0bbe\u0baf\u0bc8\u0baf\u0bc1\u0bae\u0bcd, \u0b89\u0ba9\u0bcd \u0b9c\u0ba8\u0bcd\u0bae\u0ba4\u0bc7\u0b9a\u0ba4\u0bcd\u0ba4\u0bc8\u0baf\u0bc1\u0bae\u0bcd \u0bb5\u0bbf\u0b9f\u0bcd\u0b9f\u0bc1, \u0bae\u0bc1\u0ba9\u0bcd\u0ba9\u0bc7 \u0ba8\u0bc0 \u0b85\u0bb1\u0bbf\u0baf\u0bbe\u0ba4 \u0b9c\u0ba9\u0b99\u0bcd\u0b95\u0bb3\u0bbf\u0b9f\u0ba4\u0bcd\u0ba4\u0bbf\u0bb2\u0bcd \u0bb5\u0ba8\u0bcd\u0ba4\u0ba4\u0bc1\u0bae\u0bcd \u0b8e\u0bb2\u0bcd\u0bb2\u0bbe\u0bae\u0bcd \u0b8e\u0ba9\u0b95\u0bcd\u0b95\u0bc1 \u0bb5\u0bbf\u0bb5\u0bb0\u0bae\u0bbe\u0baf\u0bcd\u0ba4\u0bcd \u0ba4\u0bc6\u0bb0\u0bbf\u0bb5\u0bbf\u0b95\u0bcd\u0b95\u0baa\u0bcd\u0baa\u0b9f\u0bcd\u0b9f\u0ba4\u0bc1."},{"Verseid":"07001011","Verse":"\u0b89\u0ba9\u0bcd \u0b9a\u0bc6\u0baf\u0bcd\u0b95\u0bc8\u0b95\u0bcd\u0b95\u0bc1\u0ba4\u0bcd\u0ba4\u0b95\u0bcd\u0b95 \u0baa\u0bb2\u0ba9\u0bc8\u0b95\u0bcd \u0b95\u0bb0\u0bcd\u0ba4\u0bcd\u0ba4\u0bb0\u0bcd \u0b89\u0ba9\u0b95\u0bcd\u0b95\u0bc1\u0b95\u0bcd \u0b95\u0b9f\u0bcd\u0b9f\u0bb3\u0bc8\u0baf\u0bbf\u0b9f\u0bc1\u0bb5\u0bbe\u0bb0\u0bbe\u0b95; \u0b87\u0bb8\u0bcd\u0bb0\u0bb5\u0bc7\u0bb2\u0bbf\u0ba9\u0bcd \u0ba4\u0bc7\u0bb5\u0ba9\u0bbe\u0b95\u0bbf\u0baf \u0b95\u0bb0\u0bcd\u0ba4\u0bcd\u0ba4\u0bb0\u0bc1\u0b9f\u0bc8\u0baf \u0b9a\u0bc6\u0b9f\u0bcd\u0b9f\u0bc8\u0b95\u0bb3\u0bbf\u0ba9\u0bcd\u0b95\u0bc0\u0bb4\u0bcd \u0b85\u0b9f\u0bc8\u0b95\u0bcd\u0b95\u0bb2\u0bae\u0bbe\u0baf\u0bcd \u0bb5\u0ba8\u0bcd\u0ba4 \u0b89\u0ba9\u0b95\u0bcd\u0b95\u0bc1 \u0b85\u0bb5\u0bb0\u0bbe\u0bb2\u0bc7 \u0ba8\u0bbf\u0bb1\u0bc8\u0bb5\u0bbe\u0ba9 \u0baa\u0bb2\u0ba9\u0bcd \u0b95\u0bbf\u0b9f\u0bc8\u0baa\u0bcd\u0baa\u0ba4\u0bbe\u0b95 \u0b8e\u0ba9\u0bcd\u0bb1\u0bbe\u0ba9\u0bcd."},{"Verseid":"07001012","Verse":"\u0b85\u0ba4\u0bb1\u0bcd\u0b95\u0bc1 \u0b85\u0bb5\u0bb3\u0bcd: \u0b8e\u0ba9\u0bcd \u0b86\u0ba3\u0bcd\u0b9f\u0bb5\u0ba9\u0bc7, \u0b89\u0bae\u0bcd\u0bae\u0bc1\u0b9f\u0bc8\u0baf \u0b95\u0ba3\u0bcd\u0b95\u0bb3\u0bbf\u0bb2\u0bcd \u0b8e\u0ba9\u0b95\u0bcd\u0b95\u0bc1\u0ba4\u0bcd \u0ba4\u0baf\u0bc8\u0b95\u0bbf\u0b9f\u0bc8\u0b95\u0bcd\u0b95\u0bb5\u0bc7\u0ba3\u0bcd\u0b9f\u0bc1\u0bae\u0bcd; \u0ba8\u0bbe\u0ba9\u0bcd \u0b89\u0bae\u0bcd\u0bae\u0bc1\u0b9f\u0bc8\u0baf \u0bb5\u0bc7\u0bb2\u0bc8\u0b95\u0bcd\u0b95\u0bbe\u0bb0\u0bbf\u0b95\u0bb3\u0bbf\u0bb2\u0bcd \u0b92\u0bb0\u0bc1\u0ba4\u0bcd\u0ba4\u0bbf\u0b95\u0bcd\u0b95\u0bc1\u0bae\u0bcd \u0b9a\u0bae\u0bbe\u0ba9\u0bae\u0bbe\u0baf\u0bbf\u0bb0\u0bbe\u0bb5\u0bbf\u0b9f\u0bcd\u0b9f\u0bbe\u0bb2\u0bc1\u0bae\u0bcd, \u0ba8\u0bc0\u0bb0\u0bcd \u0b8e\u0ba9\u0b95\u0bcd\u0b95\u0bc1 \u0b86\u0bb1\u0bc1\u0ba4\u0bb2\u0bcd \u0b9a\u0bca\u0bb2\u0bcd\u0bb2\u0bbf \u0b89\u0bae\u0bcd\u0bae\u0bc1\u0b9f\u0bc8\u0baf \u0b85\u0b9f\u0bbf\u0baf\u0bbe\u0bb3\u0bcb\u0b9f\u0bc7 \u0baa\u0b9f\u0bcd\u0b9a\u0bae\u0bbe\u0baf\u0bcd\u0baa\u0bcd \u0baa\u0bc7\u0b9a\u0bbf\u0ba9\u0bc0\u0bb0\u0bc7 \u0b8e\u0ba9\u0bcd\u0bb1\u0bbe\u0bb3\u0bcd."},{"Verseid":"07001013","Verse":"\u0baa\u0bbf\u0ba9\u0bcd\u0ba9\u0bc1\u0bae\u0bcd \u0baa\u0bcb\u0bb5\u0bbe\u0bb8\u0bcd \u0b9a\u0bbe\u0baa\u0bcd\u0baa\u0bbe\u0b9f\u0bcd\u0b9f\u0bc1 \u0bb5\u0bc7\u0bb3\u0bc8\u0baf\u0bbf\u0bb2\u0bcd \u0b85\u0bb5\u0bb3\u0bc8\u0baa\u0bcd \u0baa\u0bbe\u0bb0\u0bcd\u0ba4\u0bcd\u0ba4\u0bc1: \u0ba8\u0bc0 \u0b87\u0b99\u0bcd\u0b95\u0bc7 \u0bb5\u0ba8\u0bcd\u0ba4\u0bc1, \u0b87\u0ba8\u0bcd\u0ba4 \u0b85\u0baa\u0bcd\u0baa\u0ba4\u0bcd\u0ba4\u0bbf\u0bb2\u0bc7 \u0baa\u0bc1\u0b9a\u0bbf\u0ba4\u0bcd\u0ba4\u0bc1, \u0b95\u0bbe\u0b9f\u0bbf\u0baf\u0bbf\u0bb2\u0bc7 \u0b89\u0ba9\u0bcd \u0ba4\u0bc1\u0ba3\u0bbf\u0b95\u0bcd\u0b95\u0bc8\u0baf\u0bc8\u0ba4\u0bcd \u0ba4\u0bcb\u0baf\u0bcd\u0ba4\u0bcd\u0ba4\u0bc1\u0b95\u0bcd\u0b95\u0bca\u0bb3\u0bcd \u0b8e\u0ba9\u0bcd\u0bb1\u0bbe\u0ba9\u0bcd. \u0b85\u0baa\u0bcd\u0baa\u0b9f\u0bbf\u0baf\u0bc7 \u0b85\u0bb5\u0bb3\u0bcd \u0b85\u0bb1\u0bc1\u0baa\u0bcd\u0baa\u0bb1\u0bc1\u0b95\u0bcd\u0b95\u0bbf\u0bb1\u0bb5\u0bb0\u0bcd\u0b95\u0bb3\u0bcd \u0b85\u0bb0\u0bc1\u0b95\u0bc7 \u0b89\u0b9f\u0bcd\u0b95\u0bbe\u0bb0\u0bcd\u0ba8\u0bcd\u0ba4\u0bbe\u0bb3\u0bcd, \u0b85\u0bb5\u0bb3\u0bc1\u0b95\u0bcd\u0b95\u0bc1 \u0bb5\u0bb1\u0bc1\u0ba4\u0bcd\u0ba4 \u0b95\u0bcb\u0ba4\u0bc1\u0bae\u0bc8\u0baf\u0bc8\u0b95\u0bcd \u0b95\u0bca\u0b9f\u0bc1\u0ba4\u0bcd\u0ba4\u0bbe\u0ba9\u0bcd; \u0b85\u0bb5\u0bb3\u0bcd \u0b9a\u0bbe\u0baa\u0bcd\u0baa\u0bbf\u0b9f\u0bcd\u0b9f\u0bc1, \u0ba4\u0bbf\u0bb0\u0bc1\u0baa\u0bcd\u0ba4\u0bbf\u0baf\u0b9f\u0bc8\u0ba8\u0bcd\u0ba4\u0bc1, \u0bae\u0bc0\u0ba8\u0bcd\u0ba4\u0ba4\u0bc8 \u0bb5\u0bc8\u0ba4\u0bcd\u0ba4\u0bc1\u0b95\u0bcd\u0b95\u0bca\u0ba3\u0bcd\u0b9f\u0bbe\u0bb3\u0bcd."},{"Verseid":"07001014","Verse":"\u0b85\u0bb5\u0bb3\u0bcd \u0b95\u0ba4\u0bbf\u0bb0\u0bcd \u0baa\u0bca\u0bb1\u0bc1\u0b95\u0bcd\u0b95\u0bbf\u0b95\u0bcd\u0b95\u0bca\u0bb3\u0bcd\u0bb3 \u0b8e\u0bb4\u0bc1\u0ba8\u0bcd\u0ba4\u0baa\u0bcb\u0ba4\u0bc1, \u0baa\u0bcb\u0bb5\u0bbe\u0bb8\u0bcd \u0ba4\u0ba9\u0bcd \u0bb5\u0bc7\u0bb2\u0bc8\u0b95\u0bcd\u0b95\u0bbe\u0bb0\u0bb0\u0bc8 \u0ba8\u0bcb\u0b95\u0bcd\u0b95\u0bbf: \u0b85\u0bb5\u0bb3\u0bcd \u0b85\u0bb0\u0bbf\u0b95\u0bcd\u0b95\u0b9f\u0bcd\u0b9f\u0bc1\u0b95\u0bb3\u0bcd \u0ba8\u0b9f\u0bc1\u0bb5\u0bc7 \u0baa\u0bca\u0bb1\u0bc1\u0b95\u0bcd\u0b95\u0bbf\u0b95\u0bcd\u0b95\u0bca\u0bb3\u0bcd\u0bb3\u0b9f\u0bcd\u0b9f\u0bc1\u0bae\u0bcd; \u0b85\u0bb5\u0bb3\u0bc8 \u0b88\u0ba9\u0bae\u0bcd \u0baa\u0ba3\u0bcd\u0ba3\u0bb5\u0bc7\u0ba3\u0bcd\u0b9f\u0bbe\u0bae\u0bcd."},{"Verseid":"07001015","Verse":"\u0b85\u0bb5\u0bb3\u0bcd \u0baa\u0bca\u0bb1\u0bc1\u0b95\u0bcd\u0b95\u0bbf\u0b95\u0bcd\u0b95\u0bca\u0bb3\u0bcd\u0bb3\u0bc1\u0bae\u0bcd \u0baa\u0b9f\u0bbf\u0b95\u0bcd\u0b95\u0bc1 \u0b85\u0bb5\u0bb3\u0bc1\u0b95\u0bcd\u0b95\u0bbe\u0b95 \u0b85\u0bb0\u0bbf\u0b95\u0bb3\u0bbf\u0bb2\u0bc7 \u0b9a\u0bbf\u0bb2\u0ba4\u0bc8\u0b9a\u0bcd \u0b9a\u0bbf\u0ba8\u0bcd\u0ba4\u0bb5\u0bbf\u0b9f\u0bc1\u0b99\u0bcd\u0b95\u0bb3\u0bcd, \u0b85\u0bb5\u0bb3\u0bc8 \u0b85\u0ba4\u0b9f\u0bcd\u0b9f\u0bbe\u0ba4\u0bbf\u0bb0\u0bc1\u0b99\u0bcd\u0b95\u0bb3\u0bcd \u0b8e\u0ba9\u0bcd\u0bb1\u0bc1 \u0b95\u0b9f\u0bcd\u0b9f\u0bb3\u0bc8\u0baf\u0bbf\u0b9f\u0bcd\u0b9f\u0bbe\u0ba9\u0bcd."},{"Verseid":"07001016","Verse":"\u0b85\u0baa\u0bcd\u0baa\u0b9f\u0bbf\u0baf\u0bc7 \u0b85\u0bb5\u0bb3\u0bcd \u0b9a\u0bbe\u0baf\u0b99\u0bcd\u0b95\u0bbe\u0bb2\u0bae\u0b9f\u0bcd\u0b9f\u0bc1\u0bae\u0bcd \u0bb5\u0baf\u0bb2\u0bbf\u0bb2\u0bc7 \u0b95\u0ba4\u0bbf\u0bb0\u0bcd \u0baa\u0bca\u0bb1\u0bc1\u0b95\u0bcd\u0b95\u0bbf\u0ba9\u0bbe\u0bb3\u0bcd; \u0baa\u0bca\u0bb1\u0bc1\u0b95\u0bcd\u0b95\u0bbf\u0ba9\u0ba4\u0bc8 \u0b85\u0bb5\u0bb3\u0bcd \u0ba4\u0b9f\u0bcd\u0b9f\u0bbf \u0b85\u0b9f\u0bbf\u0ba4\u0bcd\u0ba4\u0bc1\u0ba4\u0bcd \u0ba4\u0bc0\u0bb0\u0bcd\u0ba8\u0bcd\u0ba4\u0baa\u0bcb\u0ba4\u0bc1, \u0b85\u0ba4\u0bc1 \u0b8f\u0bb1\u0b95\u0bcd\u0b95\u0bc1\u0bb1\u0bc8\u0baf \u0b92\u0bb0\u0bc1 \u0bae\u0bb0\u0b95\u0bcd\u0b95\u0bbe\u0bb2\u0bcd \u0bb5\u0bbe\u0bb1\u0bcd\u0b95\u0bcb\u0ba4\u0bc1\u0bae\u0bc8 \u0b95\u0ba3\u0bcd\u0b9f\u0ba4\u0bc1."},{"Verseid":"07001017","Verse":"\u0b85\u0bb5\u0bb3\u0bcd \u0b85\u0ba4\u0bc8 \u0b8e\u0b9f\u0bc1\u0ba4\u0bcd\u0ba4\u0bc1\u0b95\u0bcd\u0b95\u0bca\u0ba3\u0bcd\u0b9f\u0bc1, \u0b8a\u0bb0\u0bc1\u0b95\u0bcd\u0b95\u0bc1\u0bb3\u0bcd \u0bb5\u0ba8\u0bcd\u0ba4\u0bbe\u0bb3\u0bcd; \u0b85\u0bb5\u0bb3\u0bcd \u0baa\u0bca\u0bb1\u0bc1\u0b95\u0bcd\u0b95\u0bbf\u0ba9\u0ba4\u0bc8 \u0b85\u0bb5\u0bb3\u0bc1\u0b9f\u0bc8\u0baf \u0bae\u0bbe\u0bae\u0bbf \u0baa\u0bbe\u0bb0\u0bcd\u0ba4\u0bcd\u0ba4\u0bbe\u0bb3\u0bcd; \u0ba4\u0bbe\u0ba9\u0bcd \u0ba4\u0bbf\u0bb0\u0bc1\u0baa\u0bcd\u0ba4\u0bbf\u0baf\u0bbe\u0baf\u0bcd\u0b9a\u0bcd \u0b9a\u0bbe\u0baa\u0bcd\u0baa\u0bbf\u0b9f\u0bcd\u0b9f\u0bc1 \u0bae\u0bc0\u0ba4\u0bbf\u0baf\u0bbe\u0b95 \u0bb5\u0bc8\u0ba4\u0bcd\u0ba4\u0ba4\u0bc8\u0baf\u0bc1\u0bae\u0bcd \u0b8e\u0b9f\u0bc1\u0ba4\u0bcd\u0ba4\u0bc1 \u0b85\u0bb5\u0bb3\u0bc1\u0b95\u0bcd\u0b95\u0bc1\u0b95\u0bcd \u0b95\u0bca\u0b9f\u0bc1\u0ba4\u0bcd\u0ba4\u0bbe\u0bb3\u0bcd."},{"Verseid":"07001018","Verse":"\u0b85\u0baa\u0bcd\u0baa\u0bca\u0bb4\u0bc1\u0ba4\u0bc1 \u0b85\u0bb5\u0bb3\u0bc1\u0b9f\u0bc8\u0baf \u0bae\u0bbe\u0bae\u0bbf: \u0b87\u0ba9\u0bcd\u0bb1\u0bc1 \u0b8e\u0b99\u0bcd\u0b95\u0bc7 \u0b95\u0ba4\u0bbf\u0bb0\u0bcd\u0baa\u0bca\u0bb1\u0bc1\u0b95\u0bcd\u0b95\u0bbf\u0ba9\u0bbe\u0baf\u0bcd \u0b8e\u0bb5\u0bcd\u0bb5\u0bbf\u0b9f\u0ba4\u0bcd\u0ba4\u0bbf\u0bb2\u0bcd \u0bb5\u0bc7\u0bb2\u0bc8\u0b9a\u0bc6\u0baf\u0bcd\u0ba4\u0bbe\u0baf\u0bcd \u0b8e\u0ba9\u0bcd\u0bb1\u0bc1 \u0b85\u0bb5\u0bb3\u0bbf\u0b9f\u0ba4\u0bcd\u0ba4\u0bbf\u0bb2\u0bcd \u0b95\u0bc7\u0b9f\u0bcd\u0b9f\u0bc1; \u0b89\u0ba9\u0bcd\u0ba9\u0bc8 \u0bb5\u0bbf\u0b9a\u0bbe\u0bb0\u0bbf\u0ba4\u0bcd\u0ba4\u0bb5\u0ba9\u0bcd \u0b86\u0b9a\u0bc0\u0bb0\u0bcd\u0bb5\u0ba4\u0bbf\u0b95\u0bcd\u0b95\u0baa\u0bcd\u0baa\u0b9f\u0bc1\u0bb5\u0bbe\u0ba9\u0bbe\u0b95 \u0b8e\u0ba9\u0bcd\u0bb1\u0bbe\u0bb3\u0bcd; \u0b85\u0baa\u0bcd\u0baa\u0bca\u0bb4\u0bc1\u0ba4\u0bc1 \u0b85\u0bb5\u0bb3\u0bcd: \u0b87\u0ba9\u0bcd\u0ba9\u0bbe\u0bb0\u0bbf\u0b9f\u0ba4\u0bcd\u0ba4\u0bbf\u0bb2\u0bc7 \u0bb5\u0bc7\u0bb2\u0bc8\u0b9a\u0bc6\u0baf\u0bcd\u0ba4\u0bc7\u0ba9\u0bcd \u0b8e\u0ba9\u0bcd\u0bb1\u0bc1 \u0ba4\u0ba9\u0bcd \u0bae\u0bbe\u0bae\u0bbf\u0b95\u0bcd\u0b95\u0bc1 \u0b85\u0bb1\u0bbf\u0bb5\u0bbf\u0ba4\u0bcd\u0ba4\u0bc1: \u0ba8\u0bbe\u0ba9\u0bcd \u0b87\u0ba9\u0bcd\u0bb1\u0bc1 \u0bb5\u0bc7\u0bb2\u0bc8 \u0b9a\u0bc6\u0baf\u0bcd\u0ba4 \u0bb5\u0baf\u0bb2\u0bcd\u0b95\u0bbe\u0bb0\u0ba9\u0bcd \u0baa\u0bc7\u0bb0\u0bcd \u0baa\u0bcb\u0bb5\u0bbe\u0bb8\u0bcd \u0b8e\u0ba9\u0bcd\u0bb1\u0bbe\u0bb3\u0bcd."},{"Verseid":"07001019","Verse":"\u0b85\u0baa\u0bcd\u0baa\u0bca\u0bb4\u0bc1\u0ba4\u0bc1 \u0ba8\u0b95\u0bcb\u0bae\u0bbf \u0ba4\u0ba9\u0bcd \u0bae\u0bb0\u0bc1\u0bae\u0b95\u0bb3\u0bc8\u0baa\u0bcd \u0baa\u0bbe\u0bb0\u0bcd\u0ba4\u0bcd\u0ba4\u0bc1: \u0b89\u0baf\u0bbf\u0bb0\u0bcb\u0b9f\u0bbf\u0bb0\u0bc1\u0b95\u0bcd\u0b95\u0bbf\u0bb1\u0bb5\u0bb0\u0bcd\u0b95\u0bb3\u0bc1\u0b95\u0bcd\u0b95\u0bc1\u0bae\u0bcd \u0bae\u0bb0\u0bbf\u0ba4\u0bcd\u0ba4\u0bb5\u0bb0\u0bcd\u0b95\u0bb3\u0bc1\u0b95\u0bcd\u0b95\u0bc1\u0bae\u0bcd \u0ba4\u0baf\u0bb5\u0bc1\u0b9a\u0bc6\u0baf\u0bcd\u0b95\u0bbf\u0bb1 \u0b95\u0bb0\u0bcd\u0ba4\u0bcd\u0ba4\u0bb0\u0bbe\u0bb2\u0bc7 \u0b85\u0bb5\u0ba9\u0bcd \u0b86\u0b9a\u0bc0\u0bb0\u0bcd\u0bb5\u0ba4\u0bbf\u0b95\u0bcd\u0b95\u0baa\u0bcd\u0baa\u0b9f\u0bc1\u0bb5\u0bbe\u0ba9\u0bbe\u0b95 \u0b8e\u0ba9\u0bcd\u0bb1\u0bbe\u0bb3\u0bcd; \u0baa\u0bbf\u0ba9\u0bcd\u0ba9\u0bc1\u0bae\u0bcd \u0ba8\u0b95\u0bcb\u0bae\u0bbf \u0b85\u0bb5\u0bb3\u0bc8\u0baa\u0bcd\u0baa\u0bbe\u0bb0\u0bcd\u0ba4\u0bcd\u0ba4\u0bc1: \u0b85\u0ba8\u0bcd\u0ba4 \u0bae\u0ba9\u0bc1\u0bb7\u0ba9\u0bcd \u0ba8\u0bae\u0b95\u0bcd\u0b95\u0bc1 \u0ba8\u0bc6\u0bb0\u0bc1\u0b99\u0bcd\u0b95\u0bbf\u0ba9 \u0b89\u0bb1\u0bb5\u0bbf\u0ba9\u0bcd \u0bae\u0bc1\u0bb1\u0bc8\u0baf\u0bbe\u0ba9\u0bc1\u0bae\u0bcd \u0ba8\u0bae\u0bcd\u0bae\u0bc8 \u0b86\u0ba4\u0bb0\u0bbf\u0b95\u0bcd\u0b95\u0bbf\u0bb1 \u0b9a\u0bc1\u0ba4\u0ba8\u0bcd\u0ba4\u0bb0\u0bb5\u0bbe\u0bb3\u0bbf\u0b95\u0bb3\u0bbf\u0bb2\u0bcd \u0b92\u0bb0\u0bc1\u0bb5\u0ba9\u0bc1\u0bae\u0bbe\u0baf\u0bcd \u0b87\u0bb0\u0bc1\u0b95\u0bcd\u0b95\u0bbf\u0bb1\u0bbe\u0ba9\u0bcd \u0b8e\u0ba9\u0bcd\u0bb1\u0bbe\u0bb3\u0bcd."},{"Verseid":"07001020","Verse":"\u0baa\u0bbf\u0ba9\u0bcd\u0ba9\u0bc1\u0bae\u0bcd \u0bae\u0bcb\u0bb5\u0bbe\u0baa\u0bbf\u0baf \u0bb8\u0bcd\u0ba4\u0bbf\u0bb0\u0bc0\u0baf\u0bbe\u0ba9 \u0bb0\u0bc2\u0ba4\u0bcd: \u0b85\u0bb5\u0bb0\u0bcd \u0b8e\u0ba9\u0bcd\u0ba9\u0bc8 \u0ba8\u0bcb\u0b95\u0bcd\u0b95\u0bbf, \u0b8e\u0ba9\u0bcd \u0b85\u0bb1\u0bc1\u0baa\u0bcd\u0baa\u0bc6\u0bb2\u0bcd\u0bb2\u0bbe\u0bae\u0bcd \u0b85\u0bb1\u0bc1\u0ba4\u0bcd\u0ba4\u0bc1\u0ba4\u0bcd \u0ba4\u0bc0\u0bb0\u0bc1\u0bae\u0b9f\u0bcd\u0b9f\u0bc1\u0bae\u0bcd, \u0ba8\u0bc0 \u0b8e\u0ba9\u0bcd \u0bb5\u0bc7\u0bb2\u0bc8\u0b95\u0bcd\u0b95\u0bbe\u0bb0\u0bbf\u0b95\u0bb3\u0bcb\u0b9f\u0bc7 \u0b95\u0bc2\u0b9f\u0bb5\u0bc7 \u0b87\u0bb0\u0bc1 \u0b8e\u0ba9\u0bcd\u0bb1\u0bc1 \u0b9a\u0bca\u0ba9\u0bcd\u0ba9\u0bbe\u0bb0\u0bcd \u0b8e\u0ba9\u0bcd\u0bb1\u0bbe\u0bb3\u0bcd."},{"Verseid":"07001021","Verse":"\u0b85\u0baa\u0bcd\u0baa\u0bca\u0bb4\u0bc1\u0ba4\u0bc1 \u0ba8\u0b95\u0bcb\u0bae\u0bbf \u0ba4\u0ba9\u0bcd \u0bae\u0bb0\u0bc1\u0bae\u0b95\u0bb3\u0bbe\u0b95\u0bbf\u0baf \u0bb0\u0bc2\u0ba4\u0bcd\u0ba4\u0bc8\u0baa\u0bcd \u0baa\u0bbe\u0bb0\u0bcd\u0ba4\u0bcd\u0ba4\u0bc1: \u0b8e\u0ba9\u0bcd \u0bae\u0b95\u0bb3\u0bc7, \u0bb5\u0bc7\u0bb1\u0bca\u0bb0\u0bc1 \u0bb5\u0baf\u0bb2\u0bbf\u0bb2\u0bc7 \u0bae\u0ba9\u0bc1\u0bb7\u0bb0\u0bcd \u0b89\u0ba9\u0bcd\u0ba9\u0bc8 \u0b8e\u0ba4\u0bbf\u0bb0\u0bcd\u0b95\u0bcd\u0b95\u0bbe\u0ba4\u0baa\u0b9f\u0bbf\u0b95\u0bcd\u0b95\u0bc1 \u0ba8\u0bc0 \u0b85\u0bb5\u0ba9\u0bcd \u0bb5\u0bc7\u0bb2\u0bc8\u0b95\u0bcd\u0b95\u0bbe\u0bb0\u0bbf\u0b95\u0bb3\u0bcb\u0b9f\u0bc7 \u0baa\u0bcb\u0b95\u0bbf\u0bb1\u0ba4\u0bc1 \u0ba8\u0bb2\u0bcd\u0bb2\u0ba4\u0bc1 \u0b8e\u0ba9\u0bcd\u0bb1\u0bbe\u0bb3\u0bcd."},{"Verseid":"07001022","Verse":"\u0b85\u0baa\u0bcd\u0baa\u0b9f\u0bbf\u0baf\u0bc7 \u0b95\u0bcb\u0ba4\u0bc1\u0bae\u0bc8 \u0b85\u0bb1\u0bc1\u0baa\u0bcd\u0baa\u0bc1\u0bae\u0bcd \u0bb5\u0bbe\u0bb1\u0bcd\u0b95\u0bcb\u0ba4\u0bc1\u0bae\u0bc8 \u0b85\u0bb1\u0bc1\u0baa\u0bcd\u0baa\u0bc1\u0bae\u0bcd \u0ba4\u0bc0\u0bb0\u0bc1\u0bae\u0b9f\u0bcd\u0b9f\u0bc1\u0bae\u0bcd \u0b85\u0bb5\u0bb3\u0bcd \u0b95\u0ba4\u0bbf\u0bb0\u0bcd \u0baa\u0bca\u0bb1\u0bc1\u0b95\u0bcd\u0b95\u0bc1\u0bae\u0bcd\u0baa\u0b9f\u0bbf\u0b95\u0bcd\u0b95\u0bc1, \u0baa\u0bcb\u0bb5\u0bbe\u0b9a\u0bc1\u0b9f\u0bc8\u0baf \u0bb5\u0bc7\u0bb2\u0bc8\u0b95\u0bcd\u0b95\u0bbe\u0bb0\u0bbf\u0b95\u0bb3\u0bcb\u0b9f\u0bc7 \u0b95\u0bc2\u0b9f\u0bbf\u0baf\u0bbf\u0bb0\u0bc1\u0ba8\u0bcd\u0ba4\u0bc1, \u0ba4\u0ba9\u0bcd \u0bae\u0bbe\u0bae\u0bbf\u0baf\u0bbf\u0ba9\u0bbf\u0b9f\u0ba4\u0bcd\u0ba4\u0bbf\u0bb2\u0bcd \u0ba4\u0b99\u0bcd\u0b95\u0bbf\u0ba9\u0bbe\u0bb3\u0bcd."}]},{"Verse":[{"Verseid":"07002000","Verse":"\u0baa\u0bbf\u0ba9\u0bcd\u0baa\u0bc1 \u0b85\u0bb5\u0bb3\u0bcd \u0bae\u0bbe\u0bae\u0bbf\u0baf\u0bbe\u0b95\u0bbf\u0baf \u0ba8\u0b95\u0bcb\u0bae\u0bbf \u0b85\u0bb5\u0bb3\u0bc8 \u0ba8\u0bcb\u0b95\u0bcd\u0b95\u0bbf: \u0b8e\u0ba9\u0bcd \u0bae\u0b95\u0bb3\u0bc7, \u0ba8\u0bc0 \u0b9a\u0bc1\u0b95\u0bae\u0bbe\u0baf\u0bcd \u0bb5\u0bbe\u0bb4\u0bcd\u0ba8\u0bcd\u0ba4\u0bbf\u0bb0\u0bc1\u0b95\u0bcd\u0b95\u0bc1\u0bae\u0bcd\u0baa\u0b9f\u0bbf \u0ba8\u0bbe\u0ba9\u0bcd \u0b89\u0ba9\u0b95\u0bcd\u0b95\u0bc1\u0b9a\u0bcd \u0b9a\u0bb5\u0bc1\u0b95\u0bcd\u0b95\u0bbf\u0baf\u0ba4\u0bcd\u0ba4\u0bc8\u0ba4\u0bcd \u0ba4\u0bc7\u0b9f\u0bbe\u0ba4\u0bbf\u0bb0\u0bc1\u0baa\u0bcd\u0baa\u0bc7\u0ba9\u0bcb?"},{"Verseid":"07002001","Verse":"\u0ba8\u0bc0 \u0baa\u0bcb\u0bb5\u0bbe\u0b9a\u0bbf\u0ba9\u0bcd \u0bb5\u0bc7\u0bb2\u0bc8\u0b95\u0bcd\u0b95\u0bbe\u0bb0\u0bbf\u0b95\u0bb3\u0bcb\u0b9f\u0bc7 \u0b95\u0bc2\u0b9f\u0bbf\u0baf\u0bbf\u0bb0\u0bc1\u0ba8\u0bcd\u0ba4\u0bbe\u0baf\u0bc7, \u0b85\u0bb5\u0ba9\u0bcd \u0ba8\u0bae\u0bcd\u0bae\u0bc1\u0b9f\u0bc8\u0baf \u0b89\u0bb1\u0bb5\u0bbf\u0ba9\u0bcd \u0bae\u0bc1\u0bb1\u0bc8\u0baf\u0bbe\u0ba9\u0bcd \u0b85\u0bb2\u0bcd\u0bb2\u0bb5\u0bbe? \u0b87\u0ba4\u0bcb, \u0b85\u0bb5\u0ba9\u0bcd \u0b87\u0ba9\u0bcd\u0bb1\u0bc1 \u0b87\u0bb0\u0bbe\u0ba4\u0bcd\u0ba4\u0bbf\u0bb0\u0bbf \u0b95\u0bb3\u0ba4\u0bcd\u0ba4\u0bbf\u0bb2\u0bc7 \u0bb5\u0bbe\u0bb1\u0bcd\u0b95\u0bcb\u0ba4\u0bc1\u0bae\u0bc8 \u0ba4\u0bc2\u0bb1\u0bcd\u0bb1\u0bc1\u0bb5\u0bbe\u0ba9\u0bcd."},{"Verseid":"07002002","Verse":"\u0ba8\u0bc0 \u0b95\u0bc1\u0bb3\u0bbf\u0ba4\u0bcd\u0ba4\u0bc1, \u0b8e\u0ba3\u0bcd\u0ba3\u0bc6\u0baf\u0bcd \u0baa\u0bc2\u0b9a\u0bbf, \u0b89\u0ba9\u0bcd \u0bb5\u0bb8\u0bcd\u0ba4\u0bbf\u0bb0\u0b99\u0bcd\u0b95\u0bb3\u0bc8 \u0b89\u0b9f\u0bc1\u0ba4\u0bcd\u0ba4\u0bbf\u0b95\u0bcd\u0b95\u0bca\u0ba3\u0bcd\u0b9f\u0bc1, \u0b85\u0ba8\u0bcd\u0ba4\u0b95\u0bcd \u0b95\u0bb3\u0ba4\u0bcd\u0ba4\u0bbf\u0bb1\u0bcd\u0b95\u0bc1\u0baa\u0bcd \u0baa\u0bcb; \u0b85\u0ba8\u0bcd\u0ba4 \u0bae\u0ba9\u0bc1\u0bb7\u0ba9\u0bcd \u0baa\u0bc1\u0b9a\u0bbf\u0ba4\u0bcd\u0ba4\u0bc1\u0b95\u0bcd \u0b95\u0bc1\u0b9f\u0bbf\u0ba4\u0bcd\u0ba4\u0bc1\u0ba4\u0bcd \u0ba4\u0bc0\u0bb0\u0bc1\u0bae\u0b9f\u0bcd\u0b9f\u0bc1\u0bae\u0bcd \u0b85\u0bb5\u0ba9\u0bcd \u0b95\u0ba3\u0bcd\u0ba3\u0bc1\u0b95\u0bcd\u0b95\u0bc1 \u0b8e\u0ba4\u0bbf\u0bb0\u0bcd\u0baa\u0bcd\u0baa\u0b9f\u0bbe\u0bae\u0bb2\u0bbf\u0bb0\u0bc1."},{"Verseid":"07002003","Verse":"\u0b85\u0bb5\u0ba9\u0bcd \u0baa\u0b9f\u0bc1\u0ba4\u0bcd\u0ba4\u0bc1\u0b95\u0bcd\u0b95\u0bca\u0ba3\u0bcd\u0b9f\u0baa\u0bcb\u0ba4\u0bc1, \u0b85\u0bb5\u0ba9\u0bcd \u0baa\u0b9f\u0bc1\u0ba4\u0bcd\u0ba4\u0bbf\u0bb0\u0bc1\u0b95\u0bcd\u0b95\u0bc1\u0bae\u0bcd \u0b87\u0b9f\u0ba4\u0bcd\u0ba4\u0bc8 \u0ba8\u0bc0 \u0baa\u0bbe\u0bb0\u0bcd\u0ba4\u0bcd\u0ba4\u0bbf\u0bb0\u0bc1\u0ba8\u0bcd\u0ba4\u0bc1 \u0baa\u0bcb\u0baf\u0bcd, \u0b85\u0bb5\u0ba9\u0bcd \u0b95\u0bbe\u0bb2\u0bcd\u0b95\u0bb3\u0bbf\u0ba9\u0bcd\u0bae\u0bc7\u0bb2\u0bcd \u0bae\u0bc2\u0b9f\u0bbf\u0baf\u0bbf\u0bb0\u0bc1\u0b95\u0bcd\u0b95\u0bbf\u0bb1 \u0baa\u0bcb\u0bb0\u0bcd\u0bb5\u0bc8\u0baf\u0bc8 \u0b92\u0ba4\u0bc1\u0b95\u0bcd\u0b95\u0bbf \u0ba8\u0bc0 \u0baa\u0b9f\u0bc1\u0ba4\u0bcd\u0ba4\u0bc1\u0b95\u0bcd\u0b95\u0bca\u0bb3\u0bcd; \u0b85\u0baa\u0bcd\u0baa\u0bca\u0bb4\u0bc1\u0ba4\u0bc1 \u0ba8\u0bc0 \u0b9a\u0bc6\u0baf\u0bcd\u0baf\u0bb5\u0bc7\u0ba3\u0bcd\u0b9f\u0bbf\u0baf\u0ba4\u0bc1 \u0b87\u0ba9\u0bcd\u0ba9\u0ba4\u0bc6\u0ba9\u0bcd\u0bb1\u0bc1 \u0b85\u0bb5\u0ba9\u0bcd \u0b89\u0ba9\u0b95\u0bcd\u0b95\u0bc1\u0b9a\u0bcd \u0b9a\u0bca\u0bb2\u0bcd\u0bb2\u0bc1\u0bb5\u0bbe\u0ba9\u0bcd \u0b8e\u0ba9\u0bcd\u0bb1\u0bbe\u0bb3\u0bcd."},{"Verseid":"07002004","Verse":"\u0b85\u0ba4\u0bb1\u0bcd\u0b95\u0bc1 \u0b85\u0bb5\u0bb3\u0bcd: \u0ba8\u0bc0\u0bb0\u0bcd \u0b8e\u0ba9\u0b95\u0bcd\u0b95\u0bc1\u0b9a\u0bcd \u0b9a\u0bca\u0ba9\u0bcd\u0ba9\u0baa\u0b9f\u0bbf\u0baf\u0bc6\u0bb2\u0bcd\u0bb2\u0bbe\u0bae\u0bcd \u0b9a\u0bc6\u0baf\u0bcd\u0bb5\u0bc7\u0ba9\u0bcd \u0b8e\u0ba9\u0bcd\u0bb1\u0bbe\u0bb3\u0bcd."},{"Verseid":"07002005","Verse":"\u0b85\u0bb5\u0bb3\u0bcd \u0b95\u0bb3\u0ba4\u0bcd\u0ba4\u0bbf\u0bb1\u0bcd\u0b95\u0bc1\u0baa\u0bcd\u0baa\u0bcb\u0baf\u0bcd, \u0ba4\u0ba9\u0bcd \u0bae\u0bbe\u0bae\u0bbf \u0ba4\u0ba9\u0b95\u0bcd\u0b95\u0bc1\u0b95\u0bcd \u0b95\u0bb1\u0bcd\u0baa\u0bbf\u0ba4\u0bcd\u0ba4\u0baa\u0b9f\u0bbf\u0baf\u0bc6\u0bb2\u0bcd\u0bb2\u0bbe\u0bae\u0bcd \u0b9a\u0bc6\u0baf\u0bcd\u0ba4\u0bbe\u0bb3\u0bcd."},{"Verseid":"07002006","Verse":"\u0baa\u0bcb\u0bb5\u0bbe\u0bb8\u0bcd \u0baa\u0bc1\u0b9a\u0bbf\u0ba4\u0bcd\u0ba4\u0bc1\u0b95\u0bcd \u0b95\u0bc1\u0b9f\u0bbf\u0ba4\u0bcd\u0ba4\u0bc1, \u0bae\u0b95\u0bbf\u0bb4\u0bcd\u0b9a\u0bcd\u0b9a\u0bbf\u0baf\u0bbe\u0baf\u0bbf\u0bb0\u0bc1\u0ba8\u0bcd\u0ba4\u0bc1, \u0b92\u0bb0\u0bc1 \u0b85\u0bae\u0bcd\u0baa\u0bbe\u0bb0\u0ba4\u0bcd\u0ba4\u0bc1 \u0b85\u0b9f\u0bbf\u0baf\u0bbf\u0bb2\u0bc7 \u0bb5\u0ba8\u0bcd\u0ba4\u0bc1 \u0baa\u0b9f\u0bc1\u0ba4\u0bcd\u0ba4\u0bc1\u0b95\u0bcd\u0b95\u0bca\u0ba3\u0bcd\u0b9f\u0bbe\u0ba9\u0bcd. \u0b85\u0baa\u0bcd\u0baa\u0bca\u0bb4\u0bc1\u0ba4\u0bc1 \u0b85\u0bb5\u0bb3\u0bcd: \u0bae\u0bc6\u0bb3\u0bcd\u0bb3\u0baa\u0bcd\u0baa\u0bcb\u0baf\u0bcd, \u0b85\u0bb5\u0ba9\u0bcd \u0b95\u0bbe\u0bb2\u0bcd\u0b95\u0bb3\u0bbf\u0ba9\u0bcd\u0bae\u0bc7\u0bb2\u0bcd \u0bae\u0bc2\u0b9f\u0bbf\u0baf\u0bbf\u0bb0\u0bc1\u0b95\u0bcd\u0b95\u0bbf\u0bb1 \u0baa\u0bcb\u0bb0\u0bcd\u0bb5\u0bc8\u0baf\u0bc8 \u0b92\u0ba4\u0bc1\u0b95\u0bcd\u0b95\u0bbf\u0baa\u0bcd \u0baa\u0b9f\u0bc1\u0ba4\u0bcd\u0ba4\u0bc1\u0b95\u0bcd\u0b95\u0bca\u0ba3\u0bcd\u0b9f\u0bbe\u0bb3\u0bcd."},{"Verseid":"07002007","Verse":"\u0baa\u0bbe\u0ba4\u0bbf\u0bb0\u0bbe\u0ba4\u0bcd\u0ba4\u0bbf\u0bb0\u0bbf\u0baf\u0bbf\u0bb2\u0bc7, \u0b85\u0ba8\u0bcd\u0ba4 \u0bae\u0ba9\u0bc1\u0bb7\u0ba9\u0bcd \u0b85\u0bb0\u0bc1\u0ba3\u0bcd\u0b9f\u0bc1, \u0ba4\u0bbf\u0bb0\u0bc1\u0bae\u0bcd\u0baa\u0bbf, \u0b92\u0bb0\u0bc1 \u0bb8\u0bcd\u0ba4\u0bbf\u0bb0\u0bc0 \u0ba4\u0ba9\u0bcd \u0baa\u0bbe\u0ba4\u0ba4\u0bcd\u0ba4\u0ba3\u0bcd\u0b9f\u0bc8\u0baf\u0bbf\u0bb2\u0bc7 \u0baa\u0b9f\u0bc1\u0ba4\u0bcd\u0ba4\u0bbf\u0bb0\u0bc1\u0b95\u0bcd\u0b95\u0bbf\u0bb1\u0ba4\u0bc8\u0b95\u0bcd \u0b95\u0ba3\u0bcd\u0b9f\u0bc1,"},{"Verseid":"07002008","Verse":"\u0ba8\u0bc0 \u0baf\u0bbe\u0bb0\u0bcd \u0b8e\u0ba9\u0bcd\u0bb1\u0bc1 \u0b95\u0bc7\u0b9f\u0bcd\u0b9f\u0bbe\u0ba9\u0bcd; \u0b85\u0bb5\u0bb3\u0bcd, \u0ba8\u0bbe\u0ba9\u0bcd \u0b89\u0bae\u0bcd\u0bae\u0bc1\u0b9f\u0bc8\u0baf \u0b85\u0b9f\u0bbf\u0baf\u0bbe\u0bb3\u0bbe\u0b95\u0bbf\u0baf \u0bb0\u0bc2\u0ba4\u0bcd; \u0ba8\u0bc0\u0bb0\u0bcd \u0b89\u0bae\u0bcd\u0bae\u0bc1\u0b9f\u0bc8\u0baf \u0b85\u0b9f\u0bbf\u0baf\u0bbe\u0bb3\u0bcd\u0bae\u0bc7\u0bb2\u0bcd \u0b89\u0bae\u0bcd\u0bae\u0bc1\u0b9f\u0bc8\u0baf \u0baa\u0bcb\u0bb0\u0bcd\u0bb5\u0bc8\u0baf\u0bc8 \u0bb5\u0bbf\u0bb0\u0bbf\u0baf\u0bc1\u0bae\u0bcd; \u0ba8\u0bc0\u0bb0\u0bcd \u0b9a\u0bc1\u0ba4\u0ba8\u0bcd\u0ba4\u0bbe\u0bb5\u0bbe\u0bb3\u0bbf \u0b8e\u0ba9\u0bcd\u0bb1\u0bbe\u0bb3\u0bcd."},{"Verseid":"07002009","Verse":"\u0b85\u0ba4\u0bb1\u0bcd\u0b95\u0bc1 \u0b85\u0bb5\u0ba9\u0bcd: \u0bae\u0b95\u0bb3\u0bc7, \u0ba8\u0bc0 \u0b95\u0bb0\u0bcd\u0ba4\u0bcd\u0ba4\u0bb0\u0bbe\u0bb2\u0bcd \u0b86\u0b9a\u0bc0\u0bb0\u0bcd\u0bb5\u0ba4\u0bbf\u0b95\u0bcd\u0b95\u0baa\u0bcd\u0baa\u0b9f\u0bc1\u0bb5\u0bbe\u0baf\u0bbe\u0b95; \u0ba8\u0bc0 \u0ba4\u0bb0\u0bbf\u0ba4\u0bcd\u0ba4\u0bbf\u0bb0\u0bb0\u0bc1\u0bae\u0bcd \u0b90\u0b9a\u0bc1\u0bb5\u0bb0\u0bbf\u0baf\u0bb5\u0bbe\u0ba9\u0bcd\u0b95\u0bb3\u0bc1\u0bae\u0bbe\u0ba9 \u0bb5\u0bbe\u0bb2\u0bbf\u0baa\u0bb0\u0bcd\u0b95\u0bb3\u0bbf\u0ba9\u0bcd \u0baa\u0bbf\u0bb1\u0b95\u0bc7 \u0baa\u0bcb\u0b95\u0bbe\u0ba4\u0ba4\u0bbf\u0ba9\u0bbe\u0bb2\u0bcd, \u0b89\u0ba9\u0bcd \u0bae\u0bc1\u0ba8\u0bcd\u0ba4\u0bbf\u0ba9 \u0ba8\u0bb1\u0bcd\u0b95\u0bc1\u0ba3\u0ba4\u0bcd\u0ba4\u0bc8\u0baa\u0bcd\u0baa\u0bb0\u0bcd\u0b95\u0bcd\u0b95\u0bbf\u0bb2\u0bc1\u0bae\u0bcd \u0b89\u0ba9\u0bcd \u0baa\u0bbf\u0ba8\u0bcd\u0ba4\u0bbf\u0ba9 \u0ba8\u0bb1\u0bcd\u0b95\u0bc1\u0ba3\u0bae\u0bcd \u0b89\u0ba4\u0bcd\u0ba4\u0bae\u0bae\u0bbe\u0baf\u0bbf\u0bb0\u0bc1\u0b95\u0bcd\u0b95\u0bbf\u0bb1\u0ba4\u0bc1."},{"Verseid":"07002010","Verse":"\u0b87\u0baa\u0bcd\u0baa\u0bcb\u0ba4\u0bc1\u0bae\u0bcd \u0bae\u0b95\u0bb3\u0bc7, \u0ba8\u0bc0 \u0baa\u0baf\u0baa\u0bcd\u0baa\u0b9f\u0bbe\u0ba4\u0bc7; \u0b89\u0ba9\u0b95\u0bcd\u0b95\u0bc1 \u0bb5\u0bc7\u0ba3\u0bcd\u0b9f\u0bbf\u0baf\u0baa\u0b9f\u0bbf\u0baf\u0bc6\u0bb2\u0bcd\u0bb2\u0bbe\u0bae\u0bcd \u0b9a\u0bc6\u0baf\u0bcd\u0bb5\u0bc7\u0ba9\u0bcd; \u0ba8\u0bc0 \u0b95\u0bc1\u0ba3\u0b9a\u0bbe\u0bb2\u0bbf \u0b8e\u0ba9\u0bcd\u0baa\u0ba4\u0bc8 \u0b8e\u0ba9\u0bcd \u0b9c\u0ba9\u0bae\u0bbe\u0b95\u0bbf\u0baf \u0b8a\u0bb0\u0bbe\u0bb0\u0bc6\u0bb2\u0bcd\u0bb2\u0bbe\u0bb0\u0bc1\u0bae\u0bcd \u0b85\u0bb1\u0bbf\u0bb5\u0bbe\u0bb0\u0bcd\u0b95\u0bb3\u0bcd."},{"Verseid":"07002011","Verse":"\u0ba8\u0bbe\u0ba9\u0bcd \u0b9a\u0bc1\u0ba4\u0ba8\u0bcd\u0ba4\u0bb0\u0bb5\u0bbe\u0bb3\u0bbf \u0b8e\u0ba9\u0bcd\u0baa\u0ba4\u0bc1 \u0bae\u0bc6\u0baf\u0bcd\u0ba4\u0bbe\u0ba9\u0bcd; \u0b86\u0ba9\u0bbe\u0bb2\u0bc1\u0bae\u0bcd \u0b8e\u0ba9\u0bcd\u0ba9\u0bbf\u0bb2\u0bc1\u0bae\u0bcd \u0b95\u0bbf\u0b9f\u0bcd\u0b9f\u0bbf\u0ba9 \u0b9a\u0bc1\u0ba4\u0ba8\u0bcd\u0ba4\u0bb0\u0bb5\u0bbe\u0bb3\u0bbf \u0b92\u0bb0\u0bc1\u0bb5\u0ba9\u0bcd \u0b87\u0bb0\u0bc1\u0b95\u0bcd\u0b95\u0bbf\u0bb1\u0bbe\u0ba9\u0bcd."},{"Verseid":"07002012","Verse":"\u0b87\u0bb0\u0bbe\u0ba4\u0bcd\u0ba4\u0bbf\u0bb0\u0bbf\u0b95\u0bcd\u0b95\u0bc1\u0ba4\u0bcd \u0ba4\u0b99\u0bcd\u0b95\u0bbf\u0baf\u0bbf\u0bb0\u0bc1; \u0ba8\u0bbe\u0bb3\u0bc8\u0b95\u0bcd\u0b95\u0bc1 \u0b85\u0bb5\u0ba9\u0bcd \u0b89\u0ba9\u0bcd\u0ba9\u0bc8\u0b9a\u0bcd \u0b9a\u0bc1\u0ba4\u0ba8\u0bcd\u0ba4\u0bb0\u0bae\u0bc1\u0bb1\u0bc8\u0baf\u0bbe\u0baf\u0bcd \u0bb5\u0bbf\u0bb5\u0bbe\u0b95\u0bae\u0bcd\u0baa\u0ba3\u0bcd\u0ba3\u0b9a\u0bcd \u0b9a\u0bae\u0bcd\u0bae\u0ba4\u0bbf\u0ba4\u0bcd\u0ba4\u0bbe\u0bb2\u0bcd \u0ba8\u0bb2\u0bcd\u0bb2\u0ba4\u0bc1, \u0b85\u0bb5\u0ba9\u0bcd \u0bb5\u0bbf\u0bb5\u0bbe\u0b95\u0bae\u0bcd\u0baa\u0ba3\u0bcd\u0ba3\u0b9f\u0bcd\u0b9f\u0bc1\u0bae\u0bcd; \u0b85\u0bb5\u0ba9\u0bcd \u0b89\u0ba9\u0bcd\u0ba9\u0bc8 \u0bb5\u0bbf\u0bb5\u0bbe\u0b95\u0bae\u0bcd \u0baa\u0ba3\u0bcd\u0ba3 \u0bae\u0ba9\u0ba4\u0bbf\u0bb2\u0bcd\u0bb2\u0bbe\u0ba4\u0bbf\u0bb0\u0bc1\u0ba8\u0bcd\u0ba4\u0bbe\u0ba9\u0bc7\u0baf\u0bbe\u0b95\u0bbf\u0bb2\u0bcd, \u0ba8\u0bbe\u0ba9\u0bcd \u0b89\u0ba9\u0bcd\u0ba9\u0bc8\u0b9a\u0bcd \u0b9a\u0bc1\u0ba4\u0ba8\u0bcd\u0ba4\u0bb0\u0bae\u0bc1\u0bb1\u0bc8\u0baf\u0bbe\u0baf\u0bcd \u0bb5\u0bbf\u0bb5\u0bbe\u0b95\u0bae\u0bcd\u0baa\u0ba3\u0bcd\u0ba3\u0bc1\u0bb5\u0bc7\u0ba9\u0bcd \u0b8e\u0ba9\u0bcd\u0bb1\u0bc1 \u0b95\u0bb0\u0bcd\u0ba4\u0bcd\u0ba4\u0bb0\u0bc1\u0b9f\u0bc8\u0baf \u0b9c\u0bc0\u0bb5\u0ba9\u0bc8\u0b95\u0bcd\u0b95\u0bca\u0ba3\u0bcd\u0b9f\u0bc1 \u0b86\u0ba3\u0bc8\u0baf\u0bbf\u0b9f\u0bc1\u0b95\u0bbf\u0bb1\u0bc7\u0ba9\u0bcd; \u0bb5\u0bbf\u0b9f\u0bbf\u0baf\u0bb1\u0bcd\u0b95\u0bbe\u0bb2\u0bae\u0b9f\u0bcd\u0b9f\u0bc1\u0bae\u0bcd \u0baa\u0b9f\u0bc1\u0ba4\u0bcd\u0ba4\u0bc1\u0b95\u0bcd \u0b95\u0bca\u0ba3\u0bcd\u0b9f\u0bbf\u0bb0\u0bc1 \u0b8e\u0ba9\u0bcd\u0bb1\u0bbe\u0ba9\u0bcd."},{"Verseid":"07002013","Verse":"\u0b85\u0bb5\u0bb3\u0bcd \u0bb5\u0bbf\u0b9f\u0bbf\u0baf\u0bb1\u0bcd\u0b95\u0bbe\u0bb2\u0bae\u0b9f\u0bcd\u0b9f\u0bc1\u0bae\u0bcd \u0b85\u0bb5\u0ba9\u0bcd \u0baa\u0bbe\u0ba4\u0ba4\u0bcd\u0ba4\u0ba3\u0bcd\u0b9f\u0bc8\u0baf\u0bbf\u0bb2\u0bcd \u0baa\u0b9f\u0bc1\u0ba4\u0bcd\u0ba4\u0bbf\u0bb0\u0bc1\u0ba8\u0bcd\u0ba4\u0bc1, \u0b95\u0bb3\u0ba4\u0bcd\u0ba4\u0bbf\u0bb2\u0bc7 \u0b92\u0bb0\u0bc1 \u0bb8\u0bcd\u0ba4\u0bbf\u0bb0\u0bc0 \u0bb5\u0ba8\u0bcd\u0ba4\u0ba4\u0bbe\u0b95 \u0b92\u0bb0\u0bc1\u0bb5\u0bb0\u0bc1\u0b95\u0bcd\u0b95\u0bc1\u0bae\u0bcd \u0ba4\u0bc6\u0bb0\u0bbf\u0bb5\u0bbf\u0b95\u0bcd\u0b95\u0bb5\u0bc7\u0ba3\u0bcd\u0b9f\u0bbe\u0bae\u0bcd \u0b8e\u0ba9\u0bcd\u0bb1\u0bc1 \u0b85\u0bb5\u0ba9\u0bcd \u0b9a\u0bca\u0bb2\u0bcd\u0bb2\u0bbf\u0baf\u0bbf\u0bb0\u0bc1\u0ba8\u0bcd\u0ba4\u0baa\u0b9f\u0bbf\u0baf\u0bbe\u0bb2\u0bcd, \u0b92\u0bb0\u0bc1\u0bb5\u0bb0\u0bcd \u0bae\u0bc1\u0b95\u0bae\u0bcd \u0b92\u0bb0\u0bc1\u0bb5\u0bb0\u0bc1\u0b95\u0bcd\u0b95\u0bc1\u0ba4\u0bcd \u0ba4\u0bc6\u0bb0\u0bbf\u0baf\u0bbe\u0ba4\u0ba4\u0bb1\u0bcd\u0b95\u0bc1 \u0bae\u0bc1\u0ba9\u0bcd\u0ba9\u0bc7 \u0b8e\u0bb4\u0bc1\u0ba8\u0bcd\u0ba4\u0bbf\u0bb0\u0bc1\u0ba8\u0bcd\u0ba4\u0bbe\u0bb3\u0bcd."},{"Verseid":"07002014","Verse":"\u0b85\u0bb5\u0ba9\u0bcd \u0b85\u0bb5\u0bb3\u0bc8 \u0ba8\u0bcb\u0b95\u0bcd\u0b95\u0bbf: \u0ba8\u0bc0 \u0baa\u0bcb\u0bb0\u0bcd\u0ba4\u0bcd\u0ba4\u0bc1\u0b95\u0bcd\u0b95\u0bca\u0ba3\u0bcd\u0b9f\u0bbf\u0bb0\u0bc1\u0b95\u0bcd\u0b95\u0bbf\u0bb1 \u0baa\u0bcb\u0bb0\u0bcd\u0bb5\u0bc8\u0baf\u0bc8 \u0bb5\u0bbf\u0bb0\u0bbf\u0ba4\u0bcd\u0ba4\u0bc1\u0baa\u0bcd\u0baa\u0bbf\u0b9f\u0bbf \u0b8e\u0ba9\u0bcd\u0bb1\u0bbe\u0ba9\u0bcd; \u0b85\u0bb5\u0bb3\u0bcd \u0b85\u0ba4\u0bc8\u0baa\u0bcd \u0baa\u0bbf\u0b9f\u0bbf\u0ba4\u0bcd\u0ba4\u0baa\u0bcb\u0ba4\u0bc1, \u0b85\u0bb5\u0ba9\u0bcd \u0b85\u0ba4\u0bbf\u0bb2\u0bc7 \u0b86\u0bb1\u0bc1\u0baa\u0b9f\u0bbf \u0bb5\u0bbe\u0bb1\u0bcd\u0b95\u0bcb\u0ba4\u0bc1\u0bae\u0bc8\u0baf\u0bc8 \u0b85\u0bb3\u0ba8\u0bcd\u0ba4\u0bc1\u0baa\u0bcb\u0b9f\u0bcd\u0b9f\u0bc1, \u0b85\u0bb5\u0bb3\u0bcd\u0bae\u0bc7\u0bb2\u0bcd \u0ba4\u0bc2\u0b95\u0bcd\u0b95\u0bbf\u0bb5\u0bbf\u0b9f\u0bcd\u0b9f\u0bc1, \u0baa\u0b9f\u0bcd\u0b9f\u0ba3\u0ba4\u0bcd\u0ba4\u0bbf\u0bb1\u0bcd\u0b95\u0bc1\u0baa\u0bcd \u0baa\u0bc1\u0bb1\u0baa\u0bcd\u0baa\u0b9f\u0bcd\u0b9f\u0bc1\u0bb5\u0ba8\u0bcd\u0ba4\u0bbe\u0ba9\u0bcd."},{"Verseid":"07002015","Verse":"\u0b85\u0bb5\u0bb3\u0bcd \u0ba4\u0ba9\u0bcd \u0bae\u0bbe\u0bae\u0bbf\u0baf\u0bbf\u0ba9\u0bbf\u0b9f\u0ba4\u0bcd\u0ba4\u0bbf\u0bb2\u0bcd \u0bb5\u0ba8\u0bcd\u0ba4\u0baa\u0bcb\u0ba4\u0bc1, \u0b85\u0bb5\u0bb3\u0bcd: \u0b8e\u0ba9\u0bcd \u0bae\u0b95\u0bb3\u0bc7, \u0b89\u0ba9\u0bcd \u0b9a\u0bc6\u0baf\u0bcd\u0ba4\u0bbf \u0b8e\u0ba9\u0bcd\u0ba9 \u0b8e\u0ba9\u0bcd\u0bb1\u0bc1 \u0b95\u0bc7\u0b9f\u0bcd\u0b9f\u0bbe\u0bb3\u0bcd; \u0b85\u0baa\u0bcd\u0baa\u0bca\u0bb4\u0bc1\u0ba4\u0bc1 \u0b85\u0bb5\u0bb3\u0bcd: \u0b85\u0ba8\u0bcd\u0ba4 \u0bae\u0ba9\u0bc1\u0bb7\u0ba9\u0bcd \u0ba4\u0ba9\u0b95\u0bcd\u0b95\u0bc1\u0b9a\u0bcd \u0b9a\u0bc6\u0baf\u0bcd\u0ba4\u0ba4\u0bc8\u0baf\u0bc6\u0bb2\u0bcd\u0bb2\u0bbe\u0bae\u0bcd \u0b85\u0bb5\u0bb3\u0bc1\u0b95\u0bcd\u0b95\u0bc1 \u0bb5\u0bbf\u0bb5\u0bb0\u0bbf\u0ba4\u0bcd\u0ba4\u0bbe\u0bb3\u0bcd."},{"Verseid":"07002016","Verse":"\u0bae\u0bc7\u0bb2\u0bc1\u0bae\u0bcd \u0b85\u0bb5\u0bb0\u0bcd, \u0ba8\u0bc0 \u0b89\u0ba9\u0bcd \u0bae\u0bbe\u0bae\u0bbf\u0baf\u0bbe\u0bb0\u0ba3\u0bcd\u0b9f\u0bc8\u0b95\u0bcd\u0b95\u0bc1 \u0bb5\u0bc6\u0bb1\u0bc1\u0bae\u0bc8\u0baf\u0bbe\u0baf\u0bcd\u0baa\u0bcd \u0baa\u0bcb\u0b95\u0bb5\u0bc7\u0ba3\u0bcd\u0b9f\u0bbe\u0bae\u0bcd \u0b8e\u0ba9\u0bcd\u0bb1\u0bc1 \u0b9a\u0bca\u0bb2\u0bcd\u0bb2\u0bbf, \u0b87\u0ba8\u0bcd\u0ba4 \u0b86\u0bb1\u0bc1\u0baa\u0b9f\u0bbf \u0bb5\u0bbe\u0bb1\u0bcd\u0b95\u0bcb\u0ba4\u0bc1\u0bae\u0bc8\u0baf\u0bc8 \u0b8e\u0ba9\u0b95\u0bcd\u0b95\u0bc1\u0b95\u0bcd \u0b95\u0bca\u0b9f\u0bc1\u0ba4\u0bcd\u0ba4\u0bbe\u0bb0\u0bcd \u0b8e\u0ba9\u0bcd\u0bb1\u0bbe\u0bb3\u0bcd."},{"Verseid":"07002017","Verse":"\u0b85\u0baa\u0bcd\u0baa\u0bca\u0bb4\u0bc1\u0ba4\u0bc1 \u0b85\u0bb5\u0bb3\u0bcd: \u0b8e\u0ba9\u0bcd \u0bae\u0b95\u0bb3\u0bc7, \u0b87\u0ba8\u0bcd\u0ba4\u0b95\u0bcd \u0b95\u0bbe\u0bb0\u0bbf\u0baf\u0bae\u0bcd \u0b8e\u0ba9\u0bcd\u0ba9\u0bae\u0bbe\u0baf\u0bcd \u0bae\u0bc1\u0b9f\u0bbf\u0baf\u0bc1\u0bae\u0bcd \u0b8e\u0ba9\u0bcd\u0bb1\u0bc1 \u0ba8\u0bc0 \u0b85\u0bb1\u0bbf\u0baf\u0bc1\u0bae\u0b9f\u0bcd\u0b9f\u0bc1\u0bae\u0bcd \u0baa\u0bca\u0bb1\u0bc1\u0ba4\u0bcd\u0ba4\u0bbf\u0bb0\u0bc1; \u0b85\u0ba8\u0bcd\u0ba4 \u0bae\u0ba9\u0bc1\u0bb7\u0ba9\u0bcd \u0b87\u0ba9\u0bcd\u0bb1\u0bc8\u0b95\u0bcd\u0b95\u0bc1 \u0b87\u0ba8\u0bcd\u0ba4\u0b95\u0bcd \u0b95\u0bbe\u0bb0\u0bbf\u0baf\u0ba4\u0bcd\u0ba4\u0bc8 \u0bae\u0bc1\u0b9f\u0bbf\u0b95\u0bcd\u0b95\u0bc1\u0bae\u0bc1\u0ba9\u0bcd \u0b87\u0bb3\u0bc8\u0baa\u0bcd\u0baa\u0bbe\u0bb1\u0bae\u0bbe\u0b9f\u0bcd\u0b9f\u0bbe\u0ba9\u0bcd \u0b8e\u0ba9\u0bcd\u0bb1\u0bbe\u0bb3\u0bcd."}]},{"Verse":[{"Verseid":"07003000","Verse":"\u0baa\u0bcb\u0bb5\u0bbe\u0bb8\u0bcd \u0baa\u0b9f\u0bcd\u0b9f\u0ba3\u0bb5\u0bbe\u0b9a\u0bb2\u0bbf\u0bb2\u0bcd \u0baa\u0bcb\u0baf\u0bcd, \u0b89\u0b9f\u0bcd\u0b95\u0bbe\u0bb0\u0bcd\u0ba8\u0bcd\u0ba4\u0bc1\u0b95\u0bca\u0ba3\u0bcd\u0b9f\u0bbf\u0bb0\u0bc1\u0ba8\u0bcd\u0ba4\u0bbe\u0ba9\u0bcd; \u0b85\u0baa\u0bcd\u0baa\u0bca\u0bb4\u0bc1\u0ba4\u0bc1 \u0baa\u0bcb\u0bb5\u0bbe\u0bb8\u0bcd \u0b9a\u0bca\u0bb2\u0bcd\u0bb2\u0bbf\u0baf\u0bbf\u0bb0\u0bc1\u0ba8\u0bcd\u0ba4 \u0b85\u0ba8\u0bcd\u0ba4\u0b9a\u0bcd \u0b9a\u0bc1\u0ba4\u0ba8\u0bcd\u0ba4\u0bb0\u0bb5\u0bbe\u0bb3\u0bbf \u0b85\u0ba8\u0bcd\u0ba4 \u0bb5\u0bb4\u0bbf\u0baf\u0bc7 \u0bb5\u0ba8\u0bcd\u0ba4\u0bbe\u0ba9\u0bcd; \u0b85\u0bb5\u0ba9\u0bc8 \u0ba8\u0bcb\u0b95\u0bcd\u0b95\u0bbf: \u0b93\u0baf\u0bcd, \u0b8e\u0ba9\u0bcd\u0bb1\u0bc1 \u0baa\u0bc7\u0bb0\u0bcd \u0b9a\u0bca\u0bb2\u0bcd\u0bb2\u0bbf\u0b95\u0bcd \u0b95\u0bc2\u0baa\u0bcd\u0baa\u0bbf\u0b9f\u0bcd\u0b9f\u0bc1, \u0b87\u0b99\u0bcd\u0b95\u0bc7 \u0bb5\u0ba8\u0bcd\u0ba4\u0bc1 \u0b9a\u0bb1\u0bcd\u0bb1\u0bc1 \u0b89\u0b9f\u0bcd\u0b95\u0bbe\u0bb0\u0bc1\u0bae\u0bcd \u0b8e\u0ba9\u0bcd\u0bb1\u0bbe\u0ba9\u0bcd; \u0b85\u0bb5\u0ba9\u0bcd \u0bb5\u0ba8\u0bcd\u0ba4\u0bc1 \u0b89\u0b9f\u0bcd\u0b95\u0bbe\u0bb0\u0bcd\u0ba8\u0bcd\u0ba4\u0bbe\u0ba9\u0bcd."},{"Verseid":"07003001","Verse":"\u0b85\u0baa\u0bcd\u0baa\u0bca\u0bb4\u0bc1\u0ba4\u0bc1 \u0b85\u0bb5\u0ba9\u0bcd \u0baa\u0b9f\u0bcd\u0b9f\u0ba3\u0ba4\u0bcd\u0ba4\u0bc1 \u0bae\u0bc2\u0baa\u0bcd\u0baa\u0bb0\u0bbe\u0ba9\u0bb5\u0bb0\u0bcd\u0b95\u0bb3\u0bbf\u0bb2\u0bcd \u0baa\u0ba4\u0bcd\u0ba4\u0bc1\u0baa\u0bcd\u0baa\u0bc7\u0bb0\u0bc8 \u0b85\u0bb4\u0bc8\u0ba4\u0bcd\u0ba4\u0bc1, \u0b87\u0b99\u0bcd\u0b95\u0bc7 \u0b89\u0b9f\u0bcd\u0b95\u0bbe\u0bb0\u0bc1\u0b99\u0bcd\u0b95\u0bb3\u0bcd \u0b8e\u0ba9\u0bcd\u0bb1\u0bbe\u0ba9\u0bcd; \u0b85\u0bb5\u0bb0\u0bcd\u0b95\u0bb3\u0bc1\u0bae\u0bcd \u0b89\u0b9f\u0bcd\u0b95\u0bbe\u0bb0\u0bcd\u0ba8\u0bcd\u0ba4\u0bbe\u0bb0\u0bcd\u0b95\u0bb3\u0bcd."},{"Verseid":"07003002","Verse":"\u0b85\u0baa\u0bcd\u0baa\u0bca\u0bb4\u0bc1\u0ba4\u0bc1 \u0b85\u0bb5\u0ba9\u0bcd \u0b85\u0ba8\u0bcd\u0ba4\u0b9a\u0bcd \u0b9a\u0bc1\u0ba4\u0ba8\u0bcd\u0ba4\u0bb0\u0bb5\u0bbe\u0bb3\u0bbf\u0baf\u0bc8 \u0ba8\u0bcb\u0b95\u0bcd\u0b95\u0bbf: \u0b8e\u0bb2\u0bbf\u0bae\u0bc6\u0bb2\u0bc7\u0b95\u0bcd \u0b8e\u0ba9\u0bcd\u0ba9\u0bc1\u0bae\u0bcd \u0ba8\u0bae\u0bcd\u0bae\u0bc1\u0b9f\u0bc8\u0baf \u0b9a\u0b95\u0bcb\u0ba4\u0bb0\u0ba9\u0bc1\u0b95\u0bcd\u0b95\u0bc1 \u0b87\u0bb0\u0bc1\u0ba8\u0bcd\u0ba4 \u0bb5\u0baf\u0bb2\u0bcd\u0ba8\u0bbf\u0bb2\u0ba4\u0bcd\u0ba4\u0bbf\u0ba9\u0bcd \u0baa\u0b99\u0bcd\u0b95\u0bc8 \u0bae\u0bcb\u0bb5\u0bbe\u0baa\u0bcd \u0ba4\u0bc7\u0b9a\u0ba4\u0bcd\u0ba4\u0bbf\u0bb2\u0bbf\u0bb0\u0bc1\u0ba8\u0bcd\u0ba4\u0bc1 \u0ba4\u0bbf\u0bb0\u0bc1\u0bae\u0bcd\u0baa\u0bbf \u0bb5\u0ba8\u0bcd\u0ba4 \u0ba8\u0b95\u0bcb\u0bae\u0bbf \u0bb5\u0bbf\u0bb1\u0bcd\u0b95\u0baa\u0bcd\u0baa\u0bcb\u0b95\u0bbf\u0bb1\u0bbe\u0bb3\u0bcd."},{"Verseid":"07003003","Verse":"\u0b86\u0b95\u0bc8\u0baf\u0bbe\u0bb2\u0bcd \u0ba8\u0bc0\u0bb0\u0bcd \u0b85\u0ba4\u0bc8 \u0b8a\u0bb0\u0bbe\u0bb0\u0bc1\u0b95\u0bcd\u0b95\u0bc1 \u0bae\u0bc1\u0ba9\u0bcd\u0baa\u0bbe\u0b95\u0bb5\u0bc1\u0bae\u0bcd, \u0b8e\u0ba9\u0bcd \u0b9c\u0ba9\u0ba4\u0bcd\u0ba4\u0bbf\u0ba9\u0bcd \u0bae\u0bc2\u0baa\u0bcd\u0baa\u0bb0\u0bc1\u0b95\u0bcd\u0b95\u0bc1 \u0bae\u0bc1\u0ba9\u0bcd\u0baa\u0bbe\u0b95\u0bb5\u0bc1\u0bae\u0bcd \u0bb5\u0bbe\u0b99\u0bcd\u0b95\u0bbf\u0b95\u0bcd\u0b95\u0bca\u0bb3\u0bcd\u0bb3\u0bc1\u0bae\u0bcd\u0baa\u0b9f\u0bbf \u0b89\u0bae\u0b95\u0bcd\u0b95\u0bc1 \u0b85\u0bb1\u0bbf\u0baf\u0baa\u0bcd\u0baa\u0ba3\u0bcd\u0ba3\u0bb5\u0bc7\u0ba3\u0bcd\u0b9f\u0bc1\u0bae\u0bcd \u038e\u0ba9\u0bcd\u0bb1\u0bbf\u0bb0\u0bc1\u0ba8\u0bcd\u0ba4\u0bc7\u0ba9\u0bcd; \u0ba8\u0bc0\u0bb0\u0bcd \u0b85\u0ba4\u0bc8\u0b9a\u0bcd \u0b9a\u0bc1\u0ba4\u0ba8\u0bcd\u0ba4\u0bb0\u0bae\u0bc1\u0bb1\u0bc8\u0baf\u0bbe\u0b95 \u0bae\u0bc0\u0b9f\u0bcd\u0b9f\u0bc1\u0b95\u0bcd\u0b95\u0bca\u0bb3\u0bcd\u0bb3 \u0bae\u0ba9\u0ba4\u0bbf\u0bb0\u0bc1\u0ba8\u0bcd\u0ba4\u0bbe\u0bb2\u0bcd, \u0bae\u0bc0\u0b9f\u0bcd\u0b9f\u0bc1\u0b95\u0bcd\u0b95\u0bca\u0bb3\u0bcd\u0bb3\u0bc1\u0bae\u0bcd; \u0b85\u0ba4\u0bc8 \u0bae\u0bc0\u0b9f\u0bcd\u0b9f\u0bc1\u0b95\u0bcd\u0b95\u0bca\u0bb3\u0bcd\u0bb3 \u0bae\u0ba9\u0ba4\u0bbf\u0bb2\u0bcd\u0bb2\u0bbe\u0ba4\u0bbf\u0bb0\u0bc1\u0ba8\u0bcd\u0ba4\u0bbe\u0bb2\u0bcd, \u0ba8\u0bbe\u0ba9\u0bcd \u0b85\u0ba4\u0bc8 \u0b85\u0bb1\u0bbf\u0baf\u0bc1\u0bae\u0bcd\u0baa\u0b9f\u0bbf\u0b95\u0bcd\u0b95\u0bc1 \u0b8e\u0ba9\u0b95\u0bcd\u0b95\u0bc1\u0b9a\u0bcd \u0b9a\u0bca\u0bb2\u0bcd\u0bb2\u0bc1\u0bae\u0bcd; \u0b89\u0bae\u0bcd\u0bae\u0bc8\u0baf\u0bc1\u0bae\u0bcd \u0b89\u0bae\u0b95\u0bcd\u0b95\u0bc1\u0baa\u0bcd\u0baa\u0bbf\u0ba9\u0bcd\u0baa\u0bc1 \u0b8e\u0ba9\u0bcd\u0ba9\u0bc8\u0baf\u0bc1\u0bae\u0bcd \u0ba4\u0bb5\u0bbf\u0bb0, \u0b85\u0ba4\u0bc8 \u0bae\u0bc0\u0b9f\u0bcd\u0b95\u0ba4\u0bcd\u0ba4\u0b95\u0bcd\u0b95\u0bb5\u0ba9\u0bcd \u0bb5\u0bc7\u0bb1\u0bca\u0bb0\u0bc1\u0bb5\u0ba9\u0bc1\u0bae\u0bcd \u0b87\u0bb2\u0bcd\u0bb2\u0bc8 \u0b8e\u0ba9\u0bcd\u0bb1\u0bbe\u0ba9\u0bcd; \u0b85\u0ba4\u0bb1\u0bcd\u0b95\u0bc1 \u0b85\u0bb5\u0ba9\u0bcd: \u0ba8\u0bbe\u0ba9\u0bcd \u0b85\u0ba4\u0bc8 \u0bae\u0bc0\u0b9f\u0bcd\u0b9f\u0bc1\u0b95\u0bcd\u0b95\u0bca\u0bb3\u0bcd\u0bb3\u0bc1\u0b95\u0bbf\u0bb1\u0bc7\u0ba9\u0bcd \u0b8e\u0ba9\u0bcd\u0bb1\u0bbe\u0ba9\u0bcd."},{"Verseid":"07003004","Verse":"\u0b85\u0baa\u0bcd\u0baa\u0bca\u0bb4\u0bc1\u0ba4\u0bc1 \u0baa\u0bcb\u0bb5\u0bbe\u0bb8\u0bcd: \u0ba8\u0bc0\u0bb0\u0bcd \u0ba8\u0b95\u0bcb\u0bae\u0bbf\u0baf\u0bbf\u0ba9\u0bcd \u0b95\u0bc8\u0baf\u0bbf\u0bb2\u0bc7 \u0b85\u0ba8\u0bcd\u0ba4 \u0bb5\u0baf\u0bb2\u0bcd \u0ba8\u0bbf\u0bb2\u0ba4\u0bcd\u0ba4\u0bc8 \u0bb5\u0bbe\u0b99\u0bcd\u0b95\u0bc1\u0b95\u0bbf\u0bb1 \u0ba8\u0bbe\u0bb3\u0bbf\u0bb2\u0bc7 \u0bae\u0bb0\u0bbf\u0ba4\u0bcd\u0ba4\u0bb5\u0ba9\u0bc1\u0b9f\u0bc8\u0baf \u0b9a\u0bc1\u0ba4\u0ba8\u0bcd\u0ba4\u0bb0\u0ba4\u0bcd\u0ba4\u0bbf\u0bb2\u0bcd \u0b85\u0bb5\u0ba9\u0bcd \u0baa\u0bc7\u0bb0\u0bc8 \u0ba8\u0bbf\u0bb2\u0bc8\u0ba8\u0bbf\u0bb1\u0bcd\u0b95\u0baa\u0bcd\u0baa\u0ba3\u0bcd\u0ba3\u0bc1\u0bae\u0bcd\u0baa\u0b9f\u0bbf\u0b95\u0bcd\u0b95\u0bc1, \u0b85\u0ba4\u0bc8 \u0bae\u0bb0\u0bbf\u0ba4\u0bcd\u0ba4\u0bb5\u0ba9\u0bcd \u0bae\u0ba9\u0bc8\u0bb5\u0bbf\u0baf\u0bbe\u0b95\u0bbf\u0baf \u0bae\u0bcb\u0bb5\u0bbe\u0baa\u0bbf\u0baf \u0bb8\u0bcd\u0ba4\u0bbf\u0bb0\u0bc0\u0baf\u0bbe\u0ba9 \u0bb0\u0bc2\u0ba4\u0bcd \u0b95\u0bc8\u0baf\u0bbf\u0bb2\u0bc1\u0bae\u0bcd \u0bb5\u0bbe\u0b99\u0bcd\u0b95\u0bb5\u0bc7\u0ba3\u0bcd\u0b9f\u0bbf\u0baf\u0ba4\u0bc1 \u0b8e\u0ba9\u0bcd\u0bb1\u0bbe\u0ba9\u0bcd."},{"Verseid":"07003005","Verse":"\u0b85\u0baa\u0bcd\u0baa\u0bca\u0bb4\u0bc1\u0ba4\u0bc1 \u0b85\u0ba8\u0bcd\u0ba4\u0b9a\u0bcd \u0b9a\u0bc1\u0ba4\u0ba8\u0bcd\u0ba4\u0bb0\u0bb5\u0bbe\u0bb3\u0bbf: \u0ba8\u0bbe\u0ba9\u0bcd \u0b8e\u0ba9\u0bcd \u0b9a\u0bc1\u0ba4\u0ba8\u0bcd\u0ba4\u0bb0\u0ba4\u0bcd\u0ba4\u0bc8\u0b95\u0bcd \u0b95\u0bc6\u0b9f\u0bc1\u0b95\u0bcd\u0b95\u0bbe\u0ba4\u0baa\u0b9f\u0bbf\u0b95\u0bcd\u0b95\u0bc1, \u0ba8\u0bbe\u0ba9\u0bcd \u0b85\u0ba4\u0bc8 \u0bae\u0bc0\u0b9f\u0bcd\u0b9f\u0bc1\u0b95\u0bcd \u0b95\u0bca\u0bb3\u0bcd\u0bb3\u0bae\u0bbe\u0b9f\u0bcd\u0b9f\u0bc7\u0ba9\u0bcd; \u0ba8\u0bbe\u0ba9\u0bcd \u0bae\u0bc0\u0b9f\u0bcd\u0b95\u0ba4\u0bcd\u0ba4\u0b95\u0bcd\u0b95\u0ba4\u0bc8 \u0ba8\u0bc0\u0bb0\u0bcd \u0bae\u0bc0\u0b9f\u0bcd\u0b9f\u0bc1\u0b95\u0bcd\u0b95\u0bca\u0bb3\u0bcd\u0bb3\u0bc1\u0bae\u0bcd; \u0ba8\u0bbe\u0ba9\u0bcd \u0b85\u0ba4\u0bc8 \u0bae\u0bc0\u0b9f\u0bcd\u0b9f\u0bc1\u0b95\u0bcd\u0b95\u0bca\u0bb3\u0bcd\u0bb3\u0bae\u0bbe\u0b9f\u0bcd\u0b9f\u0bc7\u0ba9\u0bcd \u0b8e\u0ba9\u0bcd\u0bb1\u0bbe\u0ba9\u0bcd."},{"Verseid":"07003006","Verse":"\u0bae\u0bc0\u0b9f\u0bcd\u0b95\u0bbf\u0bb1\u0ba4\u0bbf\u0bb2\u0bc1\u0bae\u0bcd \u0bae\u0bbe\u0bb1\u0bcd\u0bb1\u0bc1\u0b95\u0bbf\u0bb1\u0ba4\u0bbf\u0bb2\u0bc1\u0bae\u0bcd \u0b9a\u0b95\u0bb2 \u0b95\u0bbe\u0bb0\u0bbf\u0baf\u0ba4\u0bcd\u0ba4\u0bc8\u0baf\u0bc1\u0bae\u0bcd \u0b89\u0bb1\u0bc1\u0ba4\u0bbf\u0baa\u0bcd\u0baa\u0b9f\u0bc1\u0ba4\u0bcd\u0ba4\u0bc1\u0bae\u0bcd \u0baa\u0b9f\u0bbf\u0b95\u0bcd\u0b95\u0bc1, \u0b87\u0bb8\u0bcd\u0bb0\u0bb5\u0bc7\u0bb2\u0bbf\u0bb2\u0bc7 \u0baa\u0bc2\u0bb0\u0bcd\u0bb5\u0b95\u0bbe\u0bb2 \u0bb5\u0bb4\u0b95\u0bcd\u0b95\u0bae\u0bcd \u0b8e\u0ba9\u0bcd\u0ba9\u0bb5\u0bc6\u0ba9\u0bcd\u0bb1\u0bbe\u0bb2\u0bcd, \u0b92\u0bb0\u0bc1\u0bb5\u0ba9\u0bcd \u0ba4\u0ba9\u0bcd \u0baa\u0bbe\u0ba4\u0bb0\u0b9f\u0bcd\u0b9a\u0bc8\u0baf\u0bc8\u0b95\u0bcd \u0b95\u0bb4\u0bb1\u0bcd\u0bb1\u0bbf, \u0bae\u0bb1\u0bcd\u0bb1\u0bb5\u0ba9\u0bc1\u0b95\u0bcd\u0b95\u0bc1\u0b95\u0bcd \u0b95\u0bca\u0b9f\u0bc1\u0baa\u0bcd\u0baa\u0bbe\u0ba9\u0bcd, \u0b87\u0ba4\u0bc1 \u0b87\u0bb8\u0bcd\u0bb0\u0bb5\u0bc7\u0bb2\u0bbf\u0bb2\u0bc7 \u0bb5\u0bb4\u0b99\u0bcd\u0b95\u0bbf\u0ba9 \u0b89\u0bb1\u0bc1\u0ba4\u0bbf\u0baa\u0bcd\u0baa\u0bbe\u0b9f\u0bc1."},{"Verseid":"07003007","Verse":"\u0b85\u0baa\u0bcd\u0baa\u0b9f\u0bbf\u0baf\u0bc7 \u0b85\u0ba8\u0bcd\u0ba4\u0b9a\u0bcd \u0b9a\u0bc1\u0ba4\u0ba8\u0bcd\u0ba4\u0bb0\u0bb5\u0bbe\u0bb3\u0bbf \u0baa\u0bcb\u0bb5\u0bbe\u0b9a\u0bc8 \u0ba8\u0bcb\u0b95\u0bcd\u0b95\u0bbf: \u0ba8\u0bc0 \u0b85\u0ba4\u0bc8 \u0bb5\u0bbe\u0b99\u0bcd\u0b95\u0bbf\u0b95\u0bcd\u0b95\u0bca\u0bb3\u0bcd\u0bb3\u0bc1\u0bae\u0bcd \u0b8e\u0ba9\u0bcd\u0bb1\u0bc1 \u0b9a\u0bca\u0bb2\u0bcd\u0bb2\u0bbf, \u0ba4\u0ba9\u0bcd \u0baa\u0bbe\u0ba4\u0bb0\u0b9f\u0bcd\u0b9a\u0bc8\u0baf\u0bc8\u0b95\u0bcd \u0b95\u0bb4\u0bb1\u0bcd\u0bb1\u0bbf\u0baa\u0bcd \u0baa\u0bcb\u0b9f\u0bcd\u0b9f\u0bbe\u0ba9\u0bcd."},{"Verseid":"07003008","Verse":"\u0b85\u0baa\u0bcd\u0baa\u0bca\u0bb4\u0bc1\u0ba4\u0bc1 \u0baa\u0bcb\u0bb5\u0bbe\u0bb8\u0bcd \u0bae\u0bc2\u0baa\u0bcd\u0baa\u0bb0\u0bc8\u0baf\u0bc1\u0bae\u0bcd \u0b9a\u0b95\u0bb2 \u0b9c\u0ba9\u0b99\u0bcd\u0b95\u0bb3\u0bc8\u0baf\u0bc1\u0bae\u0bcd \u0ba8\u0bcb\u0b95\u0bcd\u0b95\u0bbf: \u0b8e\u0bb2\u0bbf\u0bae\u0bc6\u0bb2\u0bc7\u0b95\u0bcd\u0b95\u0bc1\u0b95\u0bcd\u0b95\u0bc1 \u0b87\u0bb0\u0bc1\u0ba8\u0bcd\u0ba4 \u0b8e\u0bb2\u0bcd\u0bb2\u0bbe\u0bb5\u0bb1\u0bcd\u0bb1\u0bc8\u0baf\u0bc1\u0bae\u0bcd \u0b95\u0bbf\u0bb2\u0bbf\u0baf\u0bcb\u0ba9\u0bc1\u0b95\u0bcd\u0b95\u0bc1\u0bae\u0bcd \u0bae\u0b95\u0bcd\u0bb2\u0bcb\u0ba9\u0bc1\u0b95\u0bcd\u0b95\u0bc1\u0bae\u0bcd \u0b87\u0bb0\u0bc1\u0ba8\u0bcd\u0ba4 \u0b8e\u0bb2\u0bcd\u0bb2\u0bbe\u0bb5\u0bb1\u0bcd\u0bb1\u0bc8\u0baf\u0bc1\u0bae\u0bcd \u0ba8\u0b95\u0bcb\u0bae\u0bbf\u0baf\u0bbf\u0ba9\u0bcd \u0b95\u0bc8\u0baf\u0bbf\u0bb2\u0bc7 \u0bb5\u0bbe\u0b99\u0bcd\u0b95\u0bbf\u0b95\u0bcd\u0b95\u0bca\u0ba3\u0bcd\u0b9f\u0bc7\u0ba9\u0bcd \u0b8e\u0ba9\u0bcd\u0baa\u0ba4\u0bb1\u0bcd\u0b95\u0bc1 \u0b87\u0ba9\u0bcd\u0bb1\u0bc8\u0baf\u0ba4\u0bbf\u0ba9\u0bae\u0bcd \u0ba8\u0bc0\u0b99\u0bcd\u0b95\u0bb3\u0bcd \u0b9a\u0bbe\u0b9f\u0bcd\u0b9a\u0bbf."},{"Verseid":"07003009","Verse":"\u0b87\u0ba4\u0bc1\u0bb5\u0bc1\u0bae\u0bb2\u0bcd\u0bb2\u0bbe\u0bae\u0bb2\u0bcd, \u0bae\u0bb0\u0bbf\u0ba4\u0bcd\u0ba4\u0bb5\u0ba9\u0bc1\u0b9f\u0bc8\u0baf \u0b9a\u0b95\u0bcb\u0ba4\u0bb0\u0bb0\u0bc1\u0b95\u0bcd\u0b95\u0bc1\u0bb3\u0bcd\u0bb3\u0bc1\u0bae\u0bcd, \u0b8a\u0bb0\u0bbe\u0bb0\u0bc1\u0b95\u0bcd\u0b95\u0bc1\u0bb3\u0bcd\u0bb3\u0bc1\u0bae\u0bcd, \u0b85\u0bb5\u0ba9\u0bc1\u0b9f\u0bc8\u0baf \u0baa\u0bc7\u0bb0\u0bcd \u0b85\u0bb1\u0bcd\u0bb1\u0bc1\u0baa\u0bcd \u0baa\u0bcb\u0b95\u0bbe\u0bae\u0bb2\u0bcd, \u0bae\u0bb0\u0bbf\u0ba4\u0bcd\u0ba4\u0bb5\u0ba9\u0bc1\u0b9f\u0bc8\u0baf \u0b9a\u0bc1\u0ba4\u0ba8\u0bcd\u0ba4\u0bb0\u0ba4\u0bcd\u0ba4\u0bbf\u0bb2\u0bc7 \u0b85\u0bb5\u0ba9\u0bcd \u0baa\u0bc7\u0bb0\u0bc8 \u0ba8\u0bbf\u0bb2\u0bc8\u0ba8\u0bbf\u0bb1\u0bc1\u0ba4\u0bcd\u0ba4, \u0ba8\u0bbe\u0ba9\u0bcd \u0bae\u0b95\u0bcd\u0bb2\u0bcb\u0ba9\u0bbf\u0ba9\u0bcd \u0bae\u0ba9\u0bc8\u0bb5\u0bbf\u0baf\u0bbe\u0baf\u0bbf\u0bb0\u0bc1\u0ba8\u0bcd\u0ba4 \u0bae\u0bcb\u0bb5\u0bbe\u0baa\u0bbf\u0baf \u0bb8\u0bcd\u0ba4\u0bbf\u0bb0\u0bc0\u0baf\u0bbe\u0ba9 \u0bb0\u0bc2\u0ba4\u0bcd\u0ba4\u0bc8 \u0b8e\u0ba9\u0b95\u0bcd\u0b95\u0bc1 \u0bae\u0ba9\u0bc8\u0bb5\u0bbf\u0baf\u0bbe\u0b95\u0b95\u0bcd \u0b95\u0bca\u0ba3\u0bcd\u0b9f\u0bc7\u0ba9\u0bcd; \u0b85\u0ba4\u0bb1\u0bcd\u0b95\u0bc1\u0bae\u0bcd \u0b87\u0ba9\u0bcd\u0bb1\u0bc8\u0baf \u0ba4\u0bbf\u0ba9\u0bae\u0bcd \u0ba8\u0bc0\u0b99\u0bcd\u0b95\u0bb3\u0bcd \u0b9a\u0bbe\u0b9f\u0bcd\u0b9a\u0bbf \u0b8e\u0ba9\u0bcd\u0bb1\u0bbe\u0ba9\u0bcd."},{"Verseid":"07003010","Verse":"\u0b85\u0baa\u0bcd\u0baa\u0bca\u0bb4\u0bc1\u0ba4\u0bc1 \u0b92\u0bb2\u0bbf\u0bae\u0bc1\u0b95\u0bb5\u0bbe\u0b9a\u0bb2\u0bbf\u0bb2\u0bcd \u0b87\u0bb0\u0bc1\u0b95\u0bcd\u0b95\u0bbf\u0bb1 \u0b9a\u0b95\u0bb2 \u0b9c\u0ba9\u0b99\u0bcd\u0b95\u0bb3\u0bc1\u0bae\u0bcd \u0bae\u0bc2\u0baa\u0bcd\u0baa\u0bb0\u0bbe\u0ba9\u0bb5\u0bb0\u0bcd\u0b95\u0bb3\u0bc1\u0bae\u0bcd \u0b85\u0bb5\u0ba9\u0bc8 \u0ba8\u0bcb\u0b95\u0bcd\u0b95\u0bbf: \u0ba8\u0bbe\u0b99\u0bcd\u0b95\u0bb3\u0bcd \u0b9a\u0bbe\u0b9f\u0bcd\u0b9a\u0bbf\u0ba4\u0bbe\u0ba9\u0bcd; \u0b89\u0ba9\u0bcd \u0bb5\u0bc0\u0b9f\u0bcd\u0b9f\u0bbf\u0bb2\u0bc7 \u0bb5\u0bb0\u0bc1\u0b95\u0bbf\u0bb1 \u0bae\u0ba9\u0bc8\u0bb5\u0bbf\u0baf\u0bc8\u0b95\u0bcd \u0b95\u0bb0\u0bcd\u0ba4\u0bcd\u0ba4\u0bb0\u0bcd \u0b87\u0bb8\u0bcd\u0bb0\u0bb5\u0bc7\u0bb2\u0bcd \u0bb5\u0bc0\u0b9f\u0bcd\u0b9f\u0bc8\u0b95\u0bcd \u0b95\u0b9f\u0bcd\u0b9f\u0bc1\u0bb5\u0bbf\u0ba4\u0bcd\u0ba4 \u0b87\u0bb0\u0ba3\u0bcd\u0b9f\u0bc1\u0baa\u0bc7\u0bb0\u0bbe\u0b95\u0bbf\u0baf \u0bb0\u0bbe\u0b95\u0bc7\u0bb2\u0bc8\u0baa\u0bcd \u0baa\u0bcb\u0bb2\u0bb5\u0bc1\u0bae\u0bcd \u0bb2\u0bc7\u0baf\u0bbe\u0bb3\u0bc8\u0baa\u0bcd\u0baa\u0bcb\u0bb2\u0bb5\u0bc1\u0bae\u0bcd \u0bb5\u0bbe\u0bb4\u0bcd\u0ba8\u0bcd\u0ba4\u0bbf\u0bb0\u0bc1\u0b95\u0bcd\u0b95\u0b9a\u0bcd \u0b9a\u0bc6\u0baf\u0bcd\u0bb5\u0bbe\u0bb0\u0bbe\u0b95: \u0ba8\u0bc0 \u0b8e\u0baa\u0bcd\u0baa\u0bbf\u0bb0\u0bbe\u0ba4\u0bcd\u0ba4\u0bbe\u0bb5\u0bbf\u0bb2\u0bc7 \u0baa\u0bbe\u0b95\u0bcd\u0b95\u0bbf\u0baf\u0bb5\u0bbe\u0ba9\u0bbe\u0baf\u0bbf\u0bb0\u0bc1\u0ba8\u0bcd\u0ba4\u0bc1, \u0baa\u0bc6\u0ba4\u0bcd\u0bb2\u0bc6\u0b95\u0bc7\u0bae\u0bbf\u0bb2\u0bc7 \u0baa\u0bc1\u0b95\u0bb4\u0bcd\u0baa\u0bc6\u0bb1\u0bcd\u0bb1\u0bbf\u0bb0\u0bc1\u0b95\u0bcd\u0b95\u0b95\u0bcd\u0b95\u0b9f\u0bb5\u0bbe\u0baf\u0bcd."},{"Verseid":"07003011","Verse":"\u0b87\u0ba8\u0bcd\u0ba4\u0baa\u0bcd \u0baa\u0bc6\u0ba3\u0bcd\u0ba3\u0bbf\u0b9f\u0ba4\u0bcd\u0ba4\u0bbf\u0bb2\u0bc7 \u0b95\u0bb0\u0bcd\u0ba4\u0bcd\u0ba4\u0bb0\u0bcd \u0b89\u0ba9\u0b95\u0bcd\u0b95\u0bc1 \u0b85\u0bb0\u0bc1\u0bb3\u0bbf\u0b9a\u0bcd\u0b9a\u0bc6\u0baf\u0bcd\u0baf\u0baa\u0bcd\u0baa\u0bcb\u0b95\u0bbf\u0bb1 \u0b9a\u0ba8\u0bcd\u0ba4\u0bbe\u0ba9\u0ba4\u0bcd\u0ba4\u0bbf\u0ba9\u0bbe\u0bb2\u0bc7, \u0b89\u0ba9\u0bcd \u0bb5\u0bc0\u0b9f\u0bc1 \u0ba4\u0bbe\u0bae\u0bbe\u0bb0\u0bcd \u0baf\u0bc2\u0ba4\u0bbe\u0bb5\u0bc1\u0b95\u0bcd\u0b95\u0bc1\u0baa\u0bcd \u0baa\u0bc6\u0bb1\u0bcd\u0bb1 \u0baa\u0bc7\u0bb0\u0bc7\u0b9a\u0bbf\u0ba9\u0bcd \u0bb5\u0bc0\u0b9f\u0bcd\u0b9f\u0bc8\u0baa\u0bcd\u0baa\u0bcb\u0bb2 \u0b86\u0b95\u0b95\u0bcd\u0b95\u0b9f\u0bb5\u0ba4\u0bc1 \u0b8e\u0ba9\u0bcd\u0bb1\u0bbe\u0bb0\u0bcd\u0b95\u0bb3\u0bcd."},{"Verseid":"07003012","Verse":"\u0baa\u0bcb\u0bb5\u0bbe\u0bb8\u0bcd \u0bb0\u0bc2\u0ba4\u0bcd\u0ba4\u0bc8 \u0bb5\u0bbf\u0bb5\u0bbe\u0b95\u0bae\u0bcd \u0baa\u0ba3\u0bcd\u0ba3\u0bbf\u0ba9\u0bbe\u0ba9\u0bcd; \u0b85\u0bb5\u0bb3\u0bcd \u0b85\u0bb5\u0ba9\u0bc1\u0b95\u0bcd\u0b95\u0bc1 \u0bae\u0ba9\u0bc8\u0bb5\u0bbf\u0baf\u0bbe\u0ba9\u0bbe\u0bb3\u0bcd; \u0b85\u0bb5\u0ba9\u0bcd \u0b85\u0bb5\u0bb3\u0bbf\u0b9f\u0ba4\u0bcd\u0ba4\u0bbf\u0bb2\u0bcd \u0baa\u0bbf\u0bb0\u0bb5\u0bc7\u0b9a\u0bbf\u0ba4\u0bcd\u0ba4\u0baa\u0bcb\u0ba4\u0bc1, \u0b85\u0bb5\u0bb3\u0bcd \u0b95\u0bb0\u0bcd\u0baa\u0bcd\u0baa\u0ba8\u0bcd\u0ba4\u0bb0\u0bbf\u0ba4\u0bcd\u0ba4\u0bc1, \u0b92\u0bb0\u0bc1 \u0b86\u0ba3\u0bcd\u0baa\u0bbf\u0bb3\u0bcd\u0bb3\u0bc8\u0baf\u0bc8\u0baa\u0bcd \u0baa\u0bc6\u0bb1\u0b95\u0bcd \u0b95\u0bb0\u0bcd\u0ba4\u0bcd\u0ba4\u0bb0\u0bcd \u0b85\u0ba8\u0bc1\u0b95\u0bcd\u0b95\u0bbf\u0bb0\u0b95\u0bae\u0bcd\u0baa\u0ba3\u0bcd\u0ba3\u0bbf\u0ba9\u0bbe\u0bb0\u0bcd."},{"Verseid":"07003013","Verse":"\u0b85\u0baa\u0bcd\u0baa\u0bca\u0bb4\u0bc1\u0ba4\u0bc1 \u0bb8\u0bcd\u0ba4\u0bbf\u0bb0\u0bc0\u0b95\u0bb3\u0bcd \u0ba8\u0b95\u0bcb\u0bae\u0bbf\u0baf\u0bc8\u0baa\u0bcd \u0baa\u0bbe\u0bb0\u0bcd\u0ba4\u0bcd\u0ba4\u0bc1: \u0b9a\u0bc1\u0ba4\u0ba8\u0bcd\u0ba4\u0bb0\u0bb5\u0bbe\u0bb3\u0bbf \u0b85\u0bb1\u0bcd\u0bb1\u0bc1\u0baa\u0bcd\u0baa\u0bcb\u0b95\u0bbe\u0ba4\u0baa\u0b9f\u0bbf\u0b95\u0bcd\u0b95\u0bc1 \u0b87\u0ba9\u0bcd\u0bb1\u0bc1 \u0b89\u0ba9\u0b95\u0bcd\u0b95\u0bc1\u0ba4\u0bcd \u0ba4\u0baf\u0bc8\u0b9a\u0bc6\u0baf\u0bcd\u0ba4 \u0b95\u0bb0\u0bcd\u0ba4\u0bcd\u0ba4\u0bb0\u0bc1\u0b95\u0bcd\u0b95\u0bc1 \u0bb8\u0bcd\u0ba4\u0bcb\u0ba4\u0bcd\u0ba4\u0bbf\u0bb0\u0bae\u0bcd; \u0b85\u0bb5\u0ba9\u0bcd \u0baa\u0bc7\u0bb0\u0bcd \u0b87\u0bb8\u0bcd\u0bb0\u0bb5\u0bc7\u0bb2\u0bbf\u0bb2\u0bc7 \u0baa\u0bbf\u0bb0\u0baa\u0bb2\u0bae\u0bbe\u0b95\u0b95\u0bcd\u0b95\u0b9f\u0bb5\u0ba4\u0bc1."},{"Verseid":"07003014","Verse":"\u0b85\u0bb5\u0ba9\u0bcd \u0b89\u0ba9\u0bcd \u0b86\u0ba4\u0bcd\u0ba4\u0bc1\u0bae\u0bbe\u0bb5\u0bc1\u0b95\u0bcd\u0b95\u0bc1 \u0b86\u0bb1\u0bc1\u0ba4\u0bb2\u0bcd \u0b9a\u0bc6\u0baf\u0bcd\u0b95\u0bbf\u0bb1\u0bb5\u0ba9\u0bc1\u0bae\u0bcd, \u0b89\u0ba9\u0bcd \u0bae\u0bc1\u0ba4\u0bbf\u0bb0\u0bcd\u0bb5\u0baf\u0ba4\u0bbf\u0bb2\u0bc7 \u0b89\u0ba9\u0bcd\u0ba9\u0bc8 \u0b86\u0ba4\u0bb0\u0bbf\u0b95\u0bcd\u0b95\u0bbf\u0bb1\u0bb5\u0ba9\u0bc1\u0bae\u0bbe\u0baf\u0bbf\u0bb0\u0bc1\u0b95\u0bcd\u0b95\u0b95\u0bcd\u0b95\u0b9f\u0bb5\u0ba9\u0bcd; \u0b89\u0ba9\u0bcd\u0ba9\u0bc8\u0b9a\u0bcd \u0b9a\u0bbf\u0ba8\u0bc7\u0b95\u0bbf\u0ba4\u0bcd\u0ba4\u0bc1, \u0b8f\u0bb4\u0bc1 \u0b95\u0bc1\u0bae\u0bbe\u0bb0\u0bb0\u0bc8\u0baa\u0bcd\u0baa\u0bbe\u0bb0\u0bcd\u0b95\u0bcd\u0b95\u0bbf\u0bb2\u0bc1\u0bae\u0bcd \u0b89\u0ba9\u0b95\u0bcd\u0b95\u0bc1 \u0b85\u0bb0\u0bc1\u0bae\u0bc8\u0baf\u0bbe\u0baf\u0bbf\u0bb0\u0bc1\u0b95\u0bcd\u0b95\u0bbf\u0bb1 \u0b89\u0ba9\u0bcd \u0bae\u0bb0\u0bc1\u0bae\u0b95\u0bb3\u0bcd \u0b85\u0bb5\u0ba9\u0bc8\u0baa\u0bcd \u0baa\u0bc6\u0bb1\u0bcd\u0bb1\u0bbe\u0bb3\u0bc7 \u0b8e\u0ba9\u0bcd\u0bb1\u0bbe\u0bb0\u0bcd\u0b95\u0bb3\u0bcd."},{"Verseid":"07003015","Verse":"\u0ba8\u0b95\u0bcb\u0bae\u0bbf \u0b85\u0ba8\u0bcd\u0ba4\u0baa\u0bcd \u0baa\u0bbf\u0bb3\u0bcd\u0bb3\u0bc8\u0baf\u0bc8 \u0b8e\u0b9f\u0bc1\u0ba4\u0bcd\u0ba4\u0bc1, \u0ba4\u0ba9\u0bcd \u0bae\u0b9f\u0bbf\u0baf\u0bbf\u0bb2\u0bc7 \u0bb5\u0bc8\u0ba4\u0bcd\u0ba4\u0bc1, \u0b85\u0ba4\u0bc8 \u0bb5\u0bb3\u0bb0\u0bcd\u0b95\u0bcd\u0b95\u0bbf\u0bb1 \u0ba4\u0bbe\u0baf\u0bbe\u0ba9\u0bbe\u0bb3\u0bcd."},{"Verseid":"07003016","Verse":"\u0b85\u0baf\u0bb2\u0bcd \u0bb5\u0bc0\u0b9f\u0bcd\u0b9f\u0bc1\u0b95\u0bcd\u0b95\u0bbe\u0bb0\u0bbf\u0b95\u0bb3\u0bcd \u0ba8\u0b95\u0bcb\u0bae\u0bbf\u0b95\u0bcd\u0b95\u0bc1 \u0b92\u0bb0\u0bc1 \u0b86\u0ba3\u0bcd\u0baa\u0bbf\u0bb3\u0bcd\u0bb3\u0bc8 \u0baa\u0bbf\u0bb1\u0ba8\u0bcd\u0ba4\u0ba4\u0bc1 \u0b8e\u0ba9\u0bcd\u0bb1\u0bc1 \u0bb5\u0bbe\u0bb4\u0bcd\u0ba4\u0bcd\u0ba4\u0bbf, \u0b85\u0ba4\u0bb1\u0bcd\u0b95\u0bc1 \u0b93\u0baa\u0bc7\u0ba4\u0bcd \u0b8e\u0ba9\u0bcd\u0bb1\u0bc1 \u0baa\u0bc7\u0bb0\u0bbf\u0b9f\u0bcd\u0b9f\u0bbe\u0bb0\u0bcd\u0b95\u0bb3\u0bcd; \u0b85\u0bb5\u0ba9\u0bcd \u0ba4\u0bbe\u0bb5\u0bc0\u0ba4\u0bbf\u0ba9\u0bcd \u0ba4\u0b95\u0baa\u0bcd\u0baa\u0ba9\u0bbe\u0b95\u0bbf\u0baf \u0b88\u0b9a\u0bbe\u0baf\u0bbf\u0ba9\u0bcd \u0ba4\u0b95\u0baa\u0bcd\u0baa\u0ba9\u0bcd."},{"Verseid":"07003017","Verse":"\u0baa\u0bc7\u0bb0\u0bc7\u0b9a\u0bc1\u0b9f\u0bc8\u0baf \u0b9a\u0ba8\u0bcd\u0ba4\u0ba4\u0bbf\u0baf\u0bbf\u0ba9\u0bcd \u0bb5\u0bb0\u0bb2\u0bbe\u0bb1\u0bc1: \u0baa\u0bc7\u0bb0\u0bc7\u0bb8\u0bcd \u0b8e\u0bb8\u0bcd\u0bb0\u0bcb\u0ba9\u0bc8\u0baa\u0bcd \u0baa\u0bc6\u0bb1\u0bcd\u0bb1\u0bbe\u0ba9\u0bcd."},{"Verseid":"07003018","Verse":"\u0b8e\u0bb8\u0bcd\u0bb0\u0bcb\u0ba9\u0bcd \u0bb0\u0bbe\u0bae\u0bc8\u0baa\u0bcd \u0baa\u0bc6\u0bb1\u0bcd\u0bb1\u0bbe\u0ba9\u0bcd; \u0bb0\u0bbe\u0bae\u0bcd \u0b85\u0bae\u0bcd\u0bae\u0bbf\u0ba9\u0ba4\u0bbe\u0baa\u0bc8\u0baa\u0bcd \u0baa\u0bc6\u0bb1\u0bcd\u0bb1\u0bbe\u0ba9\u0bcd."},{"Verseid":"07003019","Verse":"\u0b85\u0bae\u0bcd\u0bae\u0bbf\u0ba9\u0ba4\u0bbe\u0baa\u0bcd \u0ba8\u0b95\u0b9a\u0bcb\u0ba9\u0bc8\u0baa\u0bcd \u0baa\u0bc6\u0bb1\u0bcd\u0bb1\u0bbe\u0ba9\u0bcd; \u0ba8\u0b95\u0b9a\u0bcb\u0ba9\u0bcd \u0b9a\u0bb2\u0bcd\u0bae\u0bcb\u0ba9\u0bc8\u0baa\u0bcd \u0baa\u0bc6\u0bb1\u0bcd\u0bb1\u0bbe\u0ba9\u0bcd."},{"Verseid":"07003020","Verse":"\u0b9a\u0bb2\u0bcd\u0bae\u0bcb\u0ba9\u0bcd \u0baa\u0bcb\u0bb5\u0bbe\u0b9a\u0bc8\u0baa\u0bcd \u0baa\u0bc6\u0bb1\u0bcd\u0bb1\u0bbe\u0ba9\u0bcd; \u0baa\u0bcb\u0bb5\u0bbe\u0bb8\u0bcd \u0b93\u0baa\u0bc7\u0ba4\u0bc8\u0baa\u0bcd \u0baa\u0bc6\u0bb1\u0bcd\u0bb1\u0bbe\u0ba9\u0bcd."},{"Verseid":"07003021","Verse":"\u0b93\u0baa\u0bc7\u0ba4\u0bcd \u0b88\u0b9a\u0bbe\u0baf\u0bc8\u0baa\u0bcd \u0baa\u0bc6\u0bb1\u0bcd\u0bb1\u0bbe\u0ba9\u0bcd; \u0b88\u0b9a\u0bbe\u0baf\u0bcd \u0ba4\u0bbe\u0bb5\u0bc0\u0ba4\u0bc8\u0baa\u0bcd \u0baa\u0bc6\u0bb1\u0bcd\u0bb1\u0bbe\u0ba9\u0bcd."}]}]}