{"Chapter":[{"Verse":[{"Verseid":"27000000","Verse":"The word of the LORD that came unto Hosea, the son of Beeri, in the days of Uzziah, Jotham, Ahaz, and Hezekiah, kings of Judah, and in the days of Jeroboam the son of Joash, king of Israel."},{"Verseid":"27000001","Verse":"The beginning of the word of the LORD by Hosea. And the LORD said to Hosea, Go, take unto you a wife of whoredoms and children of whoredoms: for the land has committed great whoredom, departing from the LORD."},{"Verseid":"27000002","Verse":"So he went and took Gomer the daughter of Diblaim; which conceived, and bare him a son."},{"Verseid":"27000003","Verse":"And the LORD said unto him, Call his name Jezreel; for yet a little while, and I will avenge the blood of Jezreel upon the house of Jehu, and will cause to cease the kingdom of the house of Israel."},{"Verseid":"27000004","Verse":"And it shall come to pass at that day, that I will break the bow of Israel, in the valley of Jezreel."},{"Verseid":"27000005","Verse":"And she conceived again, and bare a daughter. And God said unto him, Call her name Loruhamah: for I will no more have mercy upon the house of Israel; but I will utterly take them away."},{"Verseid":"27000006","Verse":"But I will have mercy upon the house of Judah, and will save them by the LORD their God, and will not save them by bow, nor by sword, nor by battle, by horses, nor by horsemen."},{"Verseid":"27000007","Verse":"Now when she had weaned Loruhamah, she conceived, and bare a son."},{"Verseid":"27000008","Verse":"Then said God, Call his name Loammi: for all of you are not my people, and I will not be your God."},{"Verseid":"27000009","Verse":"Yet the number of the children of Israel shall be as the sand of the sea, which cannot be measured nor numbered; and it shall come to pass, that in the place where it was said unto them, All of you are not my people, there it shall be said unto them, All of you are the sons of the living God."},{"Verseid":"27000010","Verse":"Then shall the children of Judah and the children of Israel be gathered together, and appoint themselves one head, and they shall come up out of the land: for great shall be the day of Jezreel."}]},{"Verse":[{"Verseid":"27001000","Verse":"Say all of you unto your brethren, Ammi; and to your sisters, Ruhamah."},{"Verseid":"27001001","Verse":"Plead with your mother, plead: for she is not my wife, neither am I her husband: let her therefore put away her whoredoms out of her sight, and her adulteries from between her breasts;"},{"Verseid":"27001002","Verse":"Lest I strip her naked, and set her as in the day that she was born, and make her as a wilderness, and set her like a dry land, and slay her with thirst."},{"Verseid":"27001003","Verse":"And I will not have mercy upon her children; for they be the children of whoredoms."},{"Verseid":"27001004","Verse":"For their mother has played the harlot: she that conceived them has done shamefully: for she said, I will go after my lovers, that give me my bread and my water, my wool and my flax, mine oil and my drink."},{"Verseid":"27001005","Verse":"Therefore, behold, I will hedge up your way with thorns, and make a wall, that she shall not find her paths."},{"Verseid":"27001006","Verse":"And she shall follow after her lovers, but she shall not overtake them; and she shall seek them, but shall not find them: then shall she say, I will go and return to my first husband; for then was it better with me than now."},{"Verseid":"27001007","Verse":"For she did not know that I gave her corn, and wine, and oil, and multiplied her silver and gold, which they prepared for Baal."},{"Verseid":"27001008","Verse":"Therefore will I return, and take away my corn in the time thereof, and my wine in the season thereof, and will recover my wool and my flax given to cover her nakedness."},{"Verseid":"27001009","Verse":"And now will I discover her lewdness in the sight of her lovers, and none shall deliver her out of mine hand."},{"Verseid":"27001010","Verse":"I will also cause all her delight to cease, her feast days, her new moons, and her sabbaths, and all her solemn feasts."},{"Verseid":"27001011","Verse":"And I will destroy her vines and her fig trees, whereof she has said, These are my rewards that my lovers have given me: and I will make them a forest, and the beasts of the field shall eat them."},{"Verseid":"27001012","Verse":"And I will visit upon her the days of Baalim, wherein she burned incense to them, and she decked herself with her earrings and her jewels, and she went after her lovers, and forgotten about me, says the LORD."},{"Verseid":"27001013","Verse":"Therefore, behold, I will allure her, and bring her into the wilderness, and speak comfortably unto her."},{"Verseid":"27001014","Verse":"And I will give her her vineyards from thence, and the valley of Achor for a door of hope: and she shall sing there, as in the days of her youth, and as in the day when she came up out of the land of Egypt."},{"Verseid":"27001015","Verse":"And it shall be at that day, says the LORD, that you shall call me Ishi; and shall call me no more Baali."},{"Verseid":"27001016","Verse":"For I will take away the names of Baalim out of her mouth, and they shall no more be remembered by their name."},{"Verseid":"27001017","Verse":"And in that day will I make a covenant for them with the beasts of the field and with the fowls of heaven, and with the creeping things of the ground: and I will break the bow and the sword and the battle out of the earth, and will make them to lie down safely."},{"Verseid":"27001018","Verse":"And I will betroth you unto me for ever; yea, I will betroth you unto me in righteousness, and in judgment, and in loving kindness, and in mercies."},{"Verseid":"27001019","Verse":"I will even betroth you unto me in faithfulness: and you shall know the LORD."},{"Verseid":"27001020","Verse":"And it shall come to pass in that day, I will hear, says the LORD, I will hear the heavens, and they shall hear the earth;"},{"Verseid":"27001021","Verse":"And the earth shall hear the corn, and the wine, and the oil; and they shall hear Jezreel."},{"Verseid":"27001022","Verse":"And I will sow her unto me in the earth; and I will have mercy upon her that had not obtained mercy; and I will say to them which were not my people, You are my people; and they shall say, You are my God."}]},{"Verse":[{"Verseid":"27002000","Verse":"Then said the LORD unto me, Go yet, love a woman beloved of her friend, yet an adulteress, according to the love of the LORD toward the children of Israel, who look to other gods, and love flagons of wine."},{"Verseid":"27002001","Verse":"So I bought her to me for fifteen pieces of silver, and for an homer of barley, and an half homer of barley:"},{"Verseid":"27002002","Verse":"And I said unto her, You shall abide for me many days; you shall not play the harlot, and you shall not be for another man: so will I also be for you."},{"Verseid":"27002003","Verse":"For the children of Israel shall abide many days without a king, and without a prince, and without a sacrifice, and without an image, and without an ephod, and without teraphim:"},{"Verseid":"27002004","Verse":"Afterward shall the children of Israel return, and seek the LORD their God, and David their king; and shall fear the LORD and his goodness in the latter days."}]},{"Verse":[{"Verseid":"27003000","Verse":"Hear the word of the LORD, all of you children of Israel: for the LORD has a controversy with the inhabitants of the land, because there is no truth, nor mercy, nor knowledge of God in the land."},{"Verseid":"27003001","Verse":"By swearing, and lying, and killing, and stealing, and committing adultery, they break out, and blood touches blood."},{"Verseid":"27003002","Verse":"Therefore shall the land mourn, and every one that dwells therein shall languish, with the beasts of the field, and with the fowls of heaven; yea, the fishes of the sea also shall be taken away."},{"Verseid":"27003003","Verse":"Yet let no man strive, nor reprove another: for your people are as they that strive with the priest."},{"Verseid":"27003004","Verse":"Therefore shall you fall in the day, and the prophet also shall fall with you in the night, and I will destroy your mother."},{"Verseid":"27003005","Verse":"My people are destroyed for lack of knowledge: because you have rejected knowledge, I will also reject you, that you shall be no priest to me: seeing you have forgotten the law of your God, I will also forget your children."},{"Verseid":"27003006","Verse":"As they were increased, so they sinned against me: therefore will I change their glory into shame."},{"Verseid":"27003007","Verse":"They eat up the sin of my people, and they set their heart on their iniquity."},{"Verseid":"27003008","Verse":"And there shall be, like people, like priest: and I will punish them for their ways, and reward them their doings."},{"Verseid":"27003009","Verse":"For they shall eat, and not have enough: they shall commit whoredom, and shall not increase: because they have left off to take heed to the LORD."},{"Verseid":"27003010","Verse":"Whoredom and wine and new wine take away the heart."},{"Verseid":"27003011","Verse":"My people ask counsel at their stocks, and their staff declares unto them: for the spirit of whoredoms has caused them to go astray, and they have gone a whoring from under their God."},{"Verseid":"27003012","Verse":"They sacrifice upon the tops of the mountains, and burn incense upon the hills, under oaks and poplars and elms, because the shadow thereof is good: therefore your daughters shall commit whoredom, and your spouses shall commit adultery."},{"Verseid":"27003013","Verse":"I will not punish your daughters when they commit whoredom, nor your spouses when they commit adultery: for themselves are separated with whores, and they sacrifice with harlots: therefore the people that does not understand shall fall."},{"Verseid":"27003014","Verse":"Though you, Israel, play the harlot, yet let not Judah offend; and come not all of you unto Gilgal, neither go all of you up to Bethaven, nor swear, The LORD lives."},{"Verseid":"27003015","Verse":"For Israel slides back as a backsliding heifer: now the LORD will feed them as a lamb in a large place."},{"Verseid":"27003016","Verse":"Ephraim is joined to idols: let him alone."},{"Verseid":"27003017","Verse":"Their drink is sour: they have committed whoredom continually: her rulers with shame do love, Give all of you."},{"Verseid":"27003018","Verse":"The wind has bound her up in her wings, and they shall be ashamed because of their sacrifices."}]},{"Verse":[{"Verseid":"27004000","Verse":"Hear all of you this, O priests; and hearken, all of you house of Israel; and give all of you ear, O house of the king; for judgment is toward you, because all of you have been a snare on Mizpah, and a net spread upon Tabor."},{"Verseid":"27004001","Verse":"And the apostates are profound to make slaughter, though I have been a rebuker of them all."},{"Verseid":"27004002","Verse":"I know Ephraim, and Israel is not hid from me: for now, O Ephraim, you commit whoredom, and Israel is defiled."},{"Verseid":"27004003","Verse":"They will not frame their doings to turn unto their God: for the spirit of whoredoms is in the midst of them, and they have not known the LORD."},{"Verseid":"27004004","Verse":"And the pride of Israel does testify to his face: therefore shall Israel and Ephraim fall in their iniquity: Judah also shall fall with them."},{"Verseid":"27004005","Verse":"They shall go with their flocks and with their herds to seek the LORD; but they shall not find him; he has withdrawn himself from them."},{"Verseid":"27004006","Verse":"They have dealt treacherously against the LORD: for they have begotten strange children: now shall a month devour them with their portions."},{"Verseid":"27004007","Verse":"Blow all of you the cornet in Gibeah, and the trumpet in Ramah: cry aloud at Bethaven, after you, O Benjamin."},{"Verseid":"27004008","Verse":"Ephraim shall be desolate in the day of rebuke: among the tribes of Israel have I made known that which shall surely be."},{"Verseid":"27004009","Verse":"The princes of Judah were like them that remove the bound: therefore I will pour out my wrath upon them like water."},{"Verseid":"27004010","Verse":"Ephraim is oppressed and broken in judgment, because he willingly walked after the commandment."},{"Verseid":"27004011","Verse":"Therefore will I be unto Ephraim as a moth, and to the house of Judah as rottenness."},{"Verseid":"27004012","Verse":"When Ephraim saw his sickness, and Judah saw his wound, then went Ephraim to the Assyrian, and sent to king Jareb: yet could he not heal you, nor cure you of your wound."},{"Verseid":"27004013","Verse":"For I will be unto Ephraim as a lion, and as a young lion to the house of Judah: I, even I, will tear and go away; I will take away, and none shall rescue him."},{"Verseid":"27004014","Verse":"I will go and return to my place, till they acknowledge their offence, and seek my face: in their affliction they will seek me early."}]},{"Verse":[{"Verseid":"27005000","Verse":"Come, and let us return unto the LORD: for he has torn, and he will heal us; he has smitten, and he will bind us up."},{"Verseid":"27005001","Verse":"After two days will he revive us: in the third day he will raise us up, and we shall live in his sight."},{"Verseid":"27005002","Verse":"Then shall we know, if we follow on to know the LORD: his going forth is prepared as the morning; and he shall come unto us as the rain, as the latter and former rain unto the earth."},{"Verseid":"27005003","Verse":"O Ephraim, what shall I do unto you? O Judah, what shall I do unto you? for your goodness is as a morning cloud, and as the early dew it goes away."},{"Verseid":"27005004","Verse":"Therefore have I hewed them by the prophets; I have slain them by the words of my mouth: and your judgments are as the light that goes forth."},{"Verseid":"27005005","Verse":"For I desired mercy, and not sacrifice; and the knowledge of God more than burnt offerings."},{"Verseid":"27005006","Verse":"But they like men have transgressed the covenant: there have they dealt treacherously against me."},{"Verseid":"27005007","Verse":"Gilead is a city of them that work iniquity, and is polluted with blood."},{"Verseid":"27005008","Verse":"And as troops of robbers wait for a man, so the company of priests murder in the way by consent: for they commit lewdness."},{"Verseid":"27005009","Verse":"I have seen an horrible thing in the house of Israel: there is the whoredom of Ephraim, Israel is defiled."},{"Verseid":"27005010","Verse":"Also, O Judah, he has set an harvest for you, when I returned the captivity of my people."}]},{"Verse":[{"Verseid":"27006000","Verse":"When I would have healed Israel, then the iniquity of Ephraim was discovered, and the wickedness of Samaria: for they commit falsehood; and the thief comes in, and the troop of robbers spoils without."},{"Verseid":"27006001","Verse":"And they consider not in their hearts that I remember all their wickedness: now their own doings have beset them about; they are before my face."},{"Verseid":"27006002","Verse":"They make the king glad with their wickedness, and the princes with their lies."},{"Verseid":"27006003","Verse":"They are all adulterers, as an oven heated by the baker, who ceases from raising after he has kneaded the dough, until it be leavened."},{"Verseid":"27006004","Verse":"In the day of our king the princes have made him sick with bottles of wine; he stretched out his hand with scorners."},{"Verseid":"27006005","Verse":"For they have made ready their heart like an oven, while they lie in wait: their baker sleeps all the night; in the morning it burns as a flaming fire."},{"Verseid":"27006006","Verse":"They are all hot as an oven, and have devoured their judges; all their kings are fallen: there is none among them that calls unto me."},{"Verseid":"27006007","Verse":"Ephraim, he has mixed himself among the people; Ephraim is a cake not turned."},{"Verseid":"27006008","Verse":"Strangers have devoured his strength, and he knows it not: yea, gray hairs are here and there upon him, yet he knows not."},{"Verseid":"27006009","Verse":"And the pride of Israel testifies to his face: and they do not return to the LORD their God, nor seek him for all this."},{"Verseid":"27006010","Verse":"Ephraim also is like a silly dove without heart: they call to Egypt, they go to Assyria."},{"Verseid":"27006011","Verse":"When they shall go, I will spread my net upon them; I will bring them down as the fowls of the heaven; I will chastise them, as their congregation has heard."},{"Verseid":"27006012","Verse":"Woe unto them! for they have fled from me: destruction unto them! because they have transgressed against me: though I have redeemed them, yet they have spoken lies against me."},{"Verseid":"27006013","Verse":"And they have not cried unto me with their heart, when they howled upon their beds: they assemble themselves for corn and wine, and they rebel against me."},{"Verseid":"27006014","Verse":"Though I have bound and strengthened their arms, yet do they imagine mischief against me."},{"Verseid":"27006015","Verse":"They return, but not to the most High: they are like a deceitful bow: their princes shall fall by the sword for the rage of their tongue: this shall be their derision in the land of Egypt."}]},{"Verse":[{"Verseid":"27007000","Verse":"Set the trumpet to your mouth. He shall come as an eagle against the house of the LORD, because they have transgressed my covenant, and trespassed against my law."},{"Verseid":"27007001","Verse":"Israel shall cry unto me, My God, we know you."},{"Verseid":"27007002","Verse":"Israel has cast off the thing that is good: the enemy shall pursue him."},{"Verseid":"27007003","Verse":"They have set up kings, but not by me: they have made princes, and I knew it not: of their silver and their gold have they made them idols, that they may be cut off."},{"Verseid":"27007004","Verse":"Your calf, O Samaria, has cast you off; mine anger is kindled against them: how long will it be before they attain to innocence?"},{"Verseid":"27007005","Verse":"For from Israel was it also: the workman made it; therefore it is not God: but the calf of Samaria shall be broken in pieces."},{"Verseid":"27007006","Verse":"For they have sown the wind, and they shall reap the whirlwind: it has no stalk; the bud shall yield no meal: if so be it yield, the strangers shall swallow it up."},{"Verseid":"27007007","Verse":"Israel is swallowed up: now shall they be among the Gentiles as a vessel wherein is no pleasure."},{"Verseid":"27007008","Verse":"For they are gone up to Assyria, a wild ass alone by himself: Ephraim has hired lovers."},{"Verseid":"27007009","Verse":"Yea, though they have hired among the nations, now will I gather them, and they shall sorrow a little for the burden of the king of princes."},{"Verseid":"27007010","Verse":"Because Ephraim has made many altars to sin, altars shall be unto him to sin."},{"Verseid":"27007011","Verse":"I have written to him the great things of my law, but they were counted as a strange thing."},{"Verseid":"27007012","Verse":"They sacrifice flesh for the sacrifices of mine offerings, and eat it; but the LORD accepts them not; now will he remember their iniquity, and visit their sins: they shall return to Egypt."},{"Verseid":"27007013","Verse":"For Israel has forgotten his Maker, and builds temples; and Judah has multiplied fenced cities: but I will send a fire upon his cities, and it shall devour the palaces thereof."}]},{"Verse":[{"Verseid":"27008000","Verse":"Rejoice not, O Israel, for joy, as other people: for you have gone a whoring from your God, you have loved a reward upon floors of corn."},{"Verseid":"27008001","Verse":"The floor and the winepress shall not feed them, and the new wine shall fail in her."},{"Verseid":"27008002","Verse":"They shall not dwell in the LORD's land; but Ephraim shall return to Egypt, and they shall eat unclean things in Assyria."},{"Verseid":"27008003","Verse":"They shall not offer wine offerings to the LORD, neither shall they be pleasing unto him: their sacrifices shall be unto them as the bread of mourners; all that eat thereof shall be polluted: for their bread for their soul shall not come into the house of the LORD."},{"Verseid":"27008004","Verse":"What will all of you do in the solemn day, and in the day of the feast of the LORD?"},{"Verseid":"27008005","Verse":"For, lo, they are gone because of destruction: Egypt shall gather them up, Memphis shall bury them: the pleasant places for their silver, nettles shall possess them: thorns shall be in their tabernacles."},{"Verseid":"27008006","Verse":"The days of visitation are come, the days of recompence are come; Israel shall know it: the prophet is a fool, the spiritual man is mad, for the multitude of yours iniquity, and the great hatred."},{"Verseid":"27008007","Verse":"The watchman of Ephraim was with my God: but the prophet is a snare of a fowler in all his ways, and hatred in the house of his God."},{"Verseid":"27008008","Verse":"They have deeply corrupted themselves, as in the days of Gibeah: therefore he will remember their iniquity, he will visit their sins."},{"Verseid":"27008009","Verse":"I found Israel like grapes in the wilderness; I saw your fathers as the first-fruits in the fig tree at her first time: but they went to Baalpeor, and separated themselves unto that shame; and their abominations were according as they loved."},{"Verseid":"27008010","Verse":"As for Ephraim, their glory shall fly away like a bird, from the birth, and from the womb, and from the conception."},{"Verseid":"27008011","Verse":"Though they bring up their children, yet will I bereave them, that there shall not be a man left: yea, woe also to them when I depart from them!"},{"Verseid":"27008012","Verse":"Ephraim, as I saw Tyrus, is planted in a pleasant place: but Ephraim shall bring forth his children to the murderer."},{"Verseid":"27008013","Verse":"Give them, O LORD: what will you give? give them a miscarrying womb and dry breasts."},{"Verseid":"27008014","Verse":"All their wickedness is in Gilgal: for there I hated them: for the wickedness of their doings I will drive them out of mine house, I will love them no more: all their princes are apostates."},{"Verseid":"27008015","Verse":"Ephraim is smitten, their root is dried up, they shall bear no fruit: yea, though they bring forth, yet will I slay even the beloved fruit of their womb."},{"Verseid":"27008016","Verse":"My God will cast them away, because they did not hearken unto him: and they shall be wanderers among the nations."}]},{"Verse":[{"Verseid":"27009000","Verse":"Israel is an empty vine, he brings forth fruit unto himself: according to the multitude of his fruit he has increased the altars; according to the goodness of his land they have made goodly images."},{"Verseid":"27009001","Verse":"Their heart is divided; now shall they be found faulty: he shall break down their altars, he shall spoil their images."},{"Verseid":"27009002","Verse":"For now they shall say, We have no king, because we feared not the LORD; what then should a king do to us?"},{"Verseid":"27009003","Verse":"They have spoken words, swearing falsely in making a covenant: thus judgment springs up as hemlock in the furrows of the field."},{"Verseid":"27009004","Verse":"The inhabitants of Samaria shall fear because of the calves of Bethaven: for the people thereof shall mourn over it, and the priests thereof that rejoiced on it, for the glory thereof, because it is departed from it."},{"Verseid":"27009005","Verse":"It shall be also carried unto Assyria for a present to king Jareb: Ephraim shall receive shame, and Israel shall be ashamed of his own counsel."},{"Verseid":"27009006","Verse":"As for Samaria, her king is cut off as the foam upon the water."},{"Verseid":"27009007","Verse":"The high places also of Aven, the sin of Israel, shall be destroyed: the thorn and the thistle shall come up on their altars; and they shall say to the mountains, Cover us; and to the hills, Fall on us."},{"Verseid":"27009008","Verse":"O Israel, you have sinned from the days of Gibeah: there they stood: the battle in Gibeah against the children of iniquity did not overtake them."},{"Verseid":"27009009","Verse":"It is in my desire that I should chastise them; and the people shall be gathered against them, when they shall bind themselves in their two furrows."},{"Verseid":"27009010","Verse":"And Ephraim is as an heifer that is taught, and loves to tread out the corn; but I passed over upon her fair neck: I will make Ephraim to ride; Judah shall plow, and Jacob shall break his clods."},{"Verseid":"27009011","Verse":"Sow to yourselves in righteousness, reap in mercy; break up your fallow ground: for it is time to seek the LORD, till he comes and rain righteousness upon you."},{"Verseid":"27009012","Verse":"All of you have plowed wickedness, all of you have reaped iniquity; all of you have eaten the fruit of lies: because you did trust in your way, in the multitude of your mighty men."},{"Verseid":"27009013","Verse":"Therefore shall a tumult arise among your people, and all your fortresses shall be spoiled, as Shalman spoiled Betharbel in the day of battle: the mother was dashed in pieces upon her children."},{"Verseid":"27009014","Verse":"So shall Bethel do unto you because of your great wickedness: in a morning shall the king of Israel utterly be cut off."}]},{"Verse":[{"Verseid":"27010000","Verse":"When Israel was a child, then I loved him, and called my son out of Egypt."},{"Verseid":"27010001","Verse":"As they called them, so they went from them: they sacrificed unto Baalim, and burned incense to graven images."},{"Verseid":"27010002","Verse":"I taught Ephraim also to go, taking them by their arms; but they knew not that I healed them."},{"Verseid":"27010003","Verse":"I drew them with cords of a man, with bands of love: and I was to them as they that take off the yoke on their jaws, and I laid food unto them."},{"Verseid":"27010004","Verse":"He shall not return into the land of Egypt, and the Assyrian shall be his king, because they refused to return."},{"Verseid":"27010005","Verse":"And the sword shall abide on his cities, and shall consume his branches, and devour them, because of their own counsels."},{"Verseid":"27010006","Verse":"And my people are bent to backsliding from me: though they called them to the most High, none at all would exalt him."},{"Verseid":"27010007","Verse":"How shall I give you up, Ephraim? how shall I deliver you, Israel? how shall I make you as Admah? how shall I set you as Zeboim? mine heart is turned within me, my repentings are kindled together."},{"Verseid":"27010008","Verse":"I will not execute the fierceness of mine anger, I will not return to destroy Ephraim: for I am God, and not man; the Holy One in the midst of you: and I will not enter into the city."},{"Verseid":"27010009","Verse":"They shall walk after the LORD: he shall roar like a lion: when he shall roar, then the children shall tremble from the west."},{"Verseid":"27010010","Verse":"They shall tremble as a bird out of Egypt, and as a dove out of the land of Assyria: and I will place them in their houses, says the LORD."},{"Verseid":"27010011","Verse":"Ephraim compasses me about with lies, and the house of Israel with deceit: but Judah yet rules with God, and is faithful with the saints."}]},{"Verse":[{"Verseid":"27011000","Verse":"Ephraim feeds on wind, and follows after the east wind: he daily increases lies and desolation; and they do make a covenant with the Assyrians, and oil is carried into Egypt."},{"Verseid":"27011001","Verse":"The LORD has also a controversy with Judah, and will punish Jacob according to his ways; according to his doings will he recompense him."},{"Verseid":"27011002","Verse":"He took his brother by the heel in the womb, and by his strength he had power with God:"},{"Verseid":"27011003","Verse":"Yea, he had power over the angel, and prevailed: he wept, and made supplication unto him: he found him in Bethel, and there he spoke with us;"},{"Verseid":"27011004","Verse":"Even the LORD God of hosts; the LORD is his memorial."},{"Verseid":"27011005","Verse":"Therefore turn you to your God: keep mercy and judgment and wait on your God continually."},{"Verseid":"27011006","Verse":"He is a merchant, the balances of deceit are in his hand: he loves to oppress."},{"Verseid":"27011007","Verse":"And Ephraim said, Yet I am become rich, I have found me out substance: in all my labours they shall find none iniquity in me that were sin."},{"Verseid":"27011008","Verse":"And I that am the LORD your God from the land of Egypt will yet make you to dwell in tabernacles, as in the days of the solemn feast."},{"Verseid":"27011009","Verse":"I have also spoken by the prophets, and I have multiplied visions, and used similitudes, by the ministry of the prophets."},{"Verseid":"27011010","Verse":"Is there iniquity in Gilead? surely they are vanity: they sacrifice bullocks in Gilgal; yea, their altars are as heaps in the furrows of the fields."},{"Verseid":"27011011","Verse":"And Jacob fled into the country of Syria, and Israel served for a wife, and for a wife he kept sheep."},{"Verseid":"27011012","Verse":"And by a prophet the LORD brought Israel out of Egypt, and by a prophet was he preserved."},{"Verseid":"27011013","Verse":"Ephraim provoked him to anger most bitterly: therefore shall he leave his blood upon him, and his reproach shall his LORD return unto him."}]},{"Verse":[{"Verseid":"27012000","Verse":"When Ephraim spoke trembling, he exalted himself in Israel; but when he offended in Baal, he died."},{"Verseid":"27012001","Verse":"And now they sin more and more, and have made them molten images of their silver, and idols according to their own understanding, all of it the work of the craftsmen: they say of them, Let the men that sacrifice kiss the calves."},{"Verseid":"27012002","Verse":"Therefore they shall be as the morning cloud and as the early dew that passes away, as the chaff that is driven with the whirlwind out of the floor, and as the smoke out of the chimney."},{"Verseid":"27012003","Verse":"Yet I am the LORD your God from the land of Egypt, and you shall know no god but me: for there is no saviour beside me."},{"Verseid":"27012004","Verse":"I did know you in the wilderness, in the land of great drought."},{"Verseid":"27012005","Verse":"According to their pasture, so were they filled; they were filled, and their heart was exalted; therefore have they forgotten me."},{"Verseid":"27012006","Verse":"Therefore I will be unto them as a lion: as a leopard by the way will I observe them:"},{"Verseid":"27012007","Verse":"I will meet them as a bear that is bereaved of her whelps, and will rend the lobe of their heart, and there will I devour them like a lion: the wild beast shall tear them."},{"Verseid":"27012008","Verse":"O Israel, you have destroyed yourself; but in me is yours help."},{"Verseid":"27012009","Verse":"I will be your king: where is any other that may save you in all your cities? and your judges of whom you said, Give me a king and princes?"},{"Verseid":"27012010","Verse":"I gave you a king in mine anger, and took him away in my wrath."},{"Verseid":"27012011","Verse":"The iniquity of Ephraim is bound up; his sin is hid."},{"Verseid":"27012012","Verse":"The sorrows of a travailing woman shall come upon him: he is an unwise son; for he should not stay long in the place of the breaking out of children."},{"Verseid":"27012013","Verse":"I will ransom them from the power of the grave; I will redeem them from death: O death, I will be your plagues; O grave, I will be your destruction: repentance shall be hid from mine eyes."},{"Verseid":"27012014","Verse":"Though he be fruitful among his brethren, an east wind shall come, the wind of the LORD shall come up from the wilderness, and his spring shall become dry, and his fountain shall be dried up: he shall spoil the treasure of all pleasant vessels."},{"Verseid":"27012015","Verse":"Samaria shall become desolate; for she has rebelled against her God: they shall fall by the sword: their infants shall be dashed in pieces, and their women with child shall be ripped up."}]},{"Verse":[{"Verseid":"27013000","Verse":"O israel, return unto the LORD your God; for you have fallen by yours iniquity."},{"Verseid":"27013001","Verse":"Take with you words, and turn to the LORD: say unto him, Take away all iniquity, and receive us graciously: so will we render the calves of our lips."},{"Verseid":"27013002","Verse":"Asshur shall not save us; we will not ride upon horses: neither will we say any more to the work of our hands, All of you are our gods: for in you the fatherless finds mercy."},{"Verseid":"27013003","Verse":"I will heal their backsliding, I will love them freely: for mine anger is turned away from him."},{"Verseid":"27013004","Verse":"I will be as the dew unto Israel: he shall grow as the lily, and cast forth his roots as Lebanon."},{"Verseid":"27013005","Verse":"His branches shall spread, and his beauty shall be as the olive tree, and his smell as Lebanon."},{"Verseid":"27013006","Verse":"They that dwell under his shadow shall return; they shall revive as the corn, and grow as the vine: the scent thereof shall be as the wine of Lebanon."},{"Verseid":"27013007","Verse":"Ephraim shall say, What have I to do any more with idols? I have heard him, and observed him: I am like a green fir tree. From me is your fruit found."},{"Verseid":"27013008","Verse":"Who is wise, and he shall understand these things? prudent, and he shall know them? for the ways of the LORD are right, and the just shall walk in them: but the transgressors shall fall therein."}]}]}