{"Chapter":[{"Verse":[{"Verseid":"32000000","Verse":"The word of the LORD that came to Micah the Morasthite in the days of Jotham, Ahaz, and Hezekiah, kings of Judah, which he saw concerning Samaria and Jerusalem."},{"Verseid":"32000001","Verse":"Hear, all you people; hearken, O earth, and all that therein is: and let the Lord GOD be witness against you, the LORD from his holy temple."},{"Verseid":"32000002","Verse":"For, behold, the LORD comes forth out of his place, and will come down, and tread upon the high places of the earth."},{"Verseid":"32000003","Verse":"And the mountains shall be molten under him, and the valleys shall be cleft, as wax before the fire, and as the waters that are poured down a steep place."},{"Verseid":"32000004","Verse":"For the transgression of Jacob is all this, and for the sins of the house of Israel. What is the transgression of Jacob? is it not Samaria? and what are the high places of Judah? are they not Jerusalem?"},{"Verseid":"32000005","Verse":"Therefore I will make Samaria as an heap of the field, and as plantings of a vineyard: and I will pour down the stones thereof into the valley, and I will discover the foundations thereof."},{"Verseid":"32000006","Verse":"And all the graven images thereof shall be beaten to pieces, and all the hires thereof shall be burned with the fire, and all the idols thereof will I lay desolate: for she gathered it of the hire of an harlot, and they shall return to the hire of an harlot."},{"Verseid":"32000007","Verse":"Therefore I will wail and wail, I will go stripped and naked: I will make a wailing like the dragons, and mourning as the owls."},{"Verseid":"32000008","Verse":"For her wound is incurable; for it has come unto Judah; he has come unto the gate of my people, even to Jerusalem."},{"Verseid":"32000009","Verse":"Declare all of you it not at Gath, weep all of you not at all: in the house of Aphrah roll yourself in the dust."},{"Verseid":"32000010","Verse":"Pass all of you away, you inhabitant of Saphir, having your shame naked: the inhabitant of Zaanan came not forth in the mourning of Bethezel; he shall receive of you his standing."},{"Verseid":"32000011","Verse":"For the inhabitant of Maroth waited carefully for good: but evil came down from the LORD unto the gate of Jerusalem."},{"Verseid":"32000012","Verse":"O you inhabitant of Lachish, bind the chariot to the swift beast: she is the beginning of the sin to the daughter of Zion: for the transgressions of Israel were found in you."},{"Verseid":"32000013","Verse":"Therefore shall you give presents to Moreshethgath: the houses of Achzib shall be a lie to the kings of Israel."},{"Verseid":"32000014","Verse":"Yet will I bring an heir unto you, O inhabitant of Mareshah: he shall come unto Adullam the glory of Israel."},{"Verseid":"32000015","Verse":"Make you bald, and poll you for your delicate children; enlarge your baldness as the eagle; for they are gone into captivity from you."}]},{"Verse":[{"Verseid":"32001000","Verse":"Woe to them that devise iniquity, and work evil upon their beds! when the morning is light, they practice it, because it is in the power of their hand."},{"Verseid":"32001001","Verse":"And they covet fields, and take them by violence; and houses, and take them away: so they oppress a man and his house, even a man and his heritage."},{"Verseid":"32001002","Verse":"Therefore thus says the LORD; Behold, against this family do I devise an evil, from which all of you shall not remove your necks; neither shall all of you go haughtily: for this time is evil."},{"Verseid":"32001003","Verse":"In that day shall one take up a parable against you, and lament with a doleful lamentation, and say, We be utterly spoiled: he has changed the portion of my people: how has he removed it from me! turning away he has divided our fields."},{"Verseid":"32001004","Verse":"Therefore you shall have none that shall cast a cord by lot in the congregation of the LORD."},{"Verseid":"32001005","Verse":"Prophesy all of you not, say they to them that prophesy: they shall not prophesy to them, that they shall not take shame."},{"Verseid":"32001006","Verse":"O you that are named the house of Jacob, is the spirit of the LORD straitened? are these his doings? do not my words do good to him that walks uprightly?"},{"Verseid":"32001007","Verse":"Even of late my people has risen up as an enemy: all of you pull off the robe with the garment from them that pass by securely as men averse from war."},{"Verseid":"32001008","Verse":"The women of my people have all of you cast out from their pleasant houses; from their children have all of you taken away my glory for ever."},{"Verseid":"32001009","Verse":"Arise all of you, and depart; for this is not your rest: because it is polluted, it shall destroy you, even with a sore destruction."},{"Verseid":"32001010","Verse":"If a man walking in the spirit and falsehood do lie, saying, I will prophesy unto you of wine and of strong drink; he shall even be the prophet of this people."},{"Verseid":"32001011","Verse":"I will surely assemble, O Jacob, all of you; I will surely gather the remnant of Israel; I will put them together as the sheep of Bozrah, as the flock in the midst of their fold: they shall make great noise by reason of the multitude of men."},{"Verseid":"32001012","Verse":"The breaker has come up before them: they have broken up, and have passed through the gate, and are gone out by it: and their king shall pass before them, and the LORD on the head of them."}]},{"Verse":[{"Verseid":"32002000","Verse":"And I said, Hear, I pray you, O heads of Jacob, and all of you princes of the house of Israel; Is it not for you to know judgment?"},{"Verseid":"32002001","Verse":"Who hate the good, and love the evil; who pluck off their skin from off them, and their flesh from off their bones;"},{"Verseid":"32002002","Verse":"Who also eat the flesh of my people, and flay their skin from off them; and they break their bones, and chop them in pieces, as for the pot, and as flesh within the caldron."},{"Verseid":"32002003","Verse":"Then shall they cry unto the LORD, but he will not hear them: he will even hide his face from them at that time, as they have behaved themselves ill in their doings."},{"Verseid":"32002004","Verse":"Thus says the LORD concerning the prophets that make my people go astray, that bite with their teeth, and cry, Peace; and he that puts not into their mouths, they even prepare war against him."},{"Verseid":"32002005","Verse":"Therefore night shall be unto you, that all of you shall not have a vision; and it shall be dark unto you, that all of you shall not divine; and the sun shall go down over the prophets, and the day shall be dark over them."},{"Verseid":"32002006","Verse":"Then shall the seers be ashamed, and the diviners confounded: yea, they shall all cover their lips; for there is no answer of God."},{"Verseid":"32002007","Verse":"But truly I am full of power by the spirit of the LORD, and of judgment, and of might, to declare unto Jacob his transgression, and to Israel his sin."},{"Verseid":"32002008","Verse":"Hear this, I pray you, all of you heads of the house of Jacob, and princes of the house of Israel, that detest judgment, and pervert all equity."},{"Verseid":"32002009","Verse":"They build up Zion with blood, and Jerusalem with iniquity."},{"Verseid":"32002010","Verse":"The heads thereof judge for reward, and the priests thereof teach for hire, and the prophets thereof divine for money: yet will they lean upon the LORD, and say, Is not the LORD among us? none evil can come upon us."},{"Verseid":"32002011","Verse":"Therefore shall Zion for your sake be plowed as a field, and Jerusalem shall become heaps, and the mountain of the house as the high places of the forest."}]},{"Verse":[{"Verseid":"32003000","Verse":"But in the last days it shall come to pass, that the mountain of the house of the LORD shall be established in the top of the mountains, and it shall be exalted above the hills; and people shall flow unto it."},{"Verseid":"32003001","Verse":"And many nations shall come, and say, Come, and let us go up to the mountain of the LORD, and to the house of the God of Jacob; and he will teach us of his ways, and we will walk in his paths: for the law shall go out of Zion, and the word of the LORD from Jerusalem."},{"Verseid":"32003002","Verse":"And he shall judge among many people, and rebuke strong nations far off; and they shall beat their swords into plowshares, and their spears into pruning hooks: nation shall not lift up a sword against nation, neither shall they learn war any more."},{"Verseid":"32003003","Verse":"But they shall sit every man under his vine and under his fig tree; and none shall make them afraid: for the mouth of the LORD of hosts has spoken it."},{"Verseid":"32003004","Verse":"For all people will walk every one in the name of his god, and we will walk in the name of the LORD our God for ever and ever."},{"Verseid":"32003005","Verse":"In that day, says the LORD, will I assemble her that haltes, and I will gather her that is driven out, and her that I have afflicted;"},{"Verseid":"32003006","Verse":"And I will make her that halted a remnant, and her that was cast far off a strong nation: and the LORD shall reign over them in mount Zion from henceforth, even for ever."},{"Verseid":"32003007","Verse":"And you, O tower of the flock, the strong hold of the daughter of Zion, unto you shall it come, even the first dominion; the kingdom shall come to the daughter of Jerusalem."},{"Verseid":"32003008","Verse":"Now why do you cry out aloud? is there no king in you? is your counsellor perished? for pangs have taken you as a woman in travail."},{"Verseid":"32003009","Verse":"Be in pain, and labour to bring forth, O daughter of Zion, like a woman in travail: for now shall you go forth out of the city, and you shall dwell in the field, and you shall go even to Babylon; there shall you be delivered; there the LORD shall redeem you from the hand of yours enemies."},{"Verseid":"32003010","Verse":"Now also many nations are gathered against you, that say, Let her be defiled, and let our eye look upon Zion."},{"Verseid":"32003011","Verse":"But they know not the thoughts of the LORD, neither understand they his counsel: for he shall gather them as the sheaves into the floor."},{"Verseid":"32003012","Verse":"Arise and thresh, O daughter of Zion: for I will make yours horn iron, and I will make your hoofs brass: and you shall beat in pieces many people: and I will consecrate their gain unto the LORD, and their substance unto the Lord of the whole earth."}]},{"Verse":[{"Verseid":"32004000","Verse":"Now gather yourself in troops, O daughter of troops: he has laid siege against us: they shall strike the judge of Israel with a rod upon the cheek."},{"Verseid":"32004001","Verse":"But you, Bethlehem Ephratah, though you be little among the thousands of Judah, yet out of you shall he comes forth unto me that is to be ruler in Israel; whose activities forth have been from of old, from everlasting."},{"Verseid":"32004002","Verse":"Therefore will he give them up, until the time that she which labors has brought forth: then the remnant of his brethren shall return unto the children of Israel."},{"Verseid":"32004003","Verse":"And he shall stand and feed in the strength of the LORD, in the majesty of the name of the LORD his God; and they shall abide: for now shall he be great unto the ends of the earth."},{"Verseid":"32004004","Verse":"And this man shall be the peace, when the Assyrian shall come into our land: and when he shall tread in our palaces, then shall we raise against him seven shepherds, and eight principal men."},{"Verseid":"32004005","Verse":"And they shall waste the land of Assyria with the sword, and the land of Nimrod in the entrances thereof: thus shall he deliver us from the Assyrian, when he comes into our land, and when he treads within our borders."},{"Verseid":"32004006","Verse":"And the remnant of Jacob shall be in the midst of many people as a dew from the LORD, as the showers upon the grass, that tarries not for man, nor waits for the sons of men."},{"Verseid":"32004007","Verse":"And the remnant of Jacob shall be among the Gentiles in the midst of many people as a lion among the beasts of the forest, as a young lion among the flocks of sheep: who, if he go through, both treads down, and tears in pieces, and none can deliver."},{"Verseid":"32004008","Verse":"Yours hand shall be lifted up upon yours adversaries, and all yours enemies shall be cut off."},{"Verseid":"32004009","Verse":"And it shall come to pass in that day, says the LORD, that I will cut off your horses out of the midst of you, and I will destroy your chariots:"},{"Verseid":"32004010","Verse":"And I will cut off the cities of your land, and throw down all your strong holds:"},{"Verseid":"32004011","Verse":"And I will cut off witchcrafts out of yours hand; and you shall have no more soothsayers:"},{"Verseid":"32004012","Verse":"Your graven images also will I cut off, and your standing images out of the midst of you; and you shall no more worship the work of yours hands."},{"Verseid":"32004013","Verse":"And I will pluck up your groves out of the midst of you: so will I destroy your cities."},{"Verseid":"32004014","Verse":"And I will execute vengeance in anger and fury upon the heathen, such as they have not heard."}]},{"Verse":[{"Verseid":"32005000","Verse":"Hear all of you now what the LORD says; Arise, contend you before the mountains, and let the hills hear your voice."},{"Verseid":"32005001","Verse":"Hear all of you, O mountains, the LORD's controversy, and all of you strong foundations of the earth: for the LORD has a controversy with his people, and he will plead with Israel."},{"Verseid":"32005002","Verse":"O my people, what have I done unto you? and wherein have I wearied you? testify against me."},{"Verseid":"32005003","Verse":"For I brought you up out of the land of Egypt, and redeemed you out of the house of servants; and I sent before you Moses, Aaron, and Miriam."},{"Verseid":"32005004","Verse":"O my people, remember now what Balak king of Moab consulted, and what Balaam the son of Beor answered him from Shittim unto Gilgal; that all of you may know the righteousness of the LORD."},{"Verseid":"32005005","Verse":"Wherewith shall I come before the LORD, and bow myself before the high God? shall I come before him with burnt offerings, with calves of a year old?"},{"Verseid":"32005006","Verse":"Will the LORD be pleased with thousands of rams, or with ten thousands of rivers of oil? shall I give my firstborn for my transgression, the fruit of my body for the sin of my soul?"},{"Verseid":"32005007","Verse":"He has showed you, O man, what is good; and what does the LORD require of you, but to do justly, and to love mercy, and to walk humbly with your God?"},{"Verseid":"32005008","Verse":"The LORD's voice cries unto the city, and the man of wisdom shall see your name: hear all of you the rod, and who has appointed it."},{"Verseid":"32005009","Verse":"Are there yet the treasures of wickedness in the house of the wicked, and the scant measure that is abominable?"},{"Verseid":"32005010","Verse":"Shall I count them pure with the wicked balances, and with the bag of deceitful weights?"},{"Verseid":"32005011","Verse":"For the rich men thereof are full of violence, and the inhabitants thereof have spoken lies, and their tongue is deceitful in their mouth."},{"Verseid":"32005012","Verse":"Therefore also will I make you sick in smiting you, in making you desolate because of your sins."},{"Verseid":"32005013","Verse":"You shall eat, but not be satisfied; and your casting down shall be in the midst of you; and you shall take hold, but shall not deliver; and that which you deliver will I give up to the sword."},{"Verseid":"32005014","Verse":"You shall sow, but you shall not reap; you shall tread the olives, but you shall not anoint you with oil; and sweet wine, but shall not drink wine."},{"Verseid":"32005015","Verse":"For the statutes of Omri are kept, and all the works of the house of Ahab, and all of you walk in their counsels; that I should make you a desolation, and the inhabitants thereof an hissing: therefore all of you shall bear the reproach of my people."}]},{"Verse":[{"Verseid":"32006000","Verse":"Woe is me! for I am as when they have gathered the summer fruits, as the gleaning of grapes of the vintage: there is no cluster to eat: my soul desired the first-fruits fruit."},{"Verseid":"32006001","Verse":"The good man is perished out of the earth: and there is none upright among men: they all lie in wait for blood; they hunt every man his brother with a net."},{"Verseid":"32006002","Verse":"That they may do evil with both hands earnestly, the prince asks, and the judge asks for a reward; and the great man, he utters his mischievous desire: so they wrap it up."},{"Verseid":"32006003","Verse":"The best of them is as a brier: the most upright is sharper than a thorn hedge: the day of your watchmen and your visitation comes; now shall be their perplexity."},{"Verseid":"32006004","Verse":"Trust all of you not in a friend, put all of you not confidence in a guide: keep the doors of your mouth from her that lies in your bosom."},{"Verseid":"32006005","Verse":"For the son dishonours the father, the daughter rises up against her mother, the daughter in law against her mother in law; a man's enemies are the men of his own house."},{"Verseid":"32006006","Verse":"Therefore I will look unto the LORD; I will wait for the God of my salvation: my God will hear me."},{"Verseid":"32006007","Verse":"Rejoice not against me, O mine enemy: when I fall, I shall arise; when I sit in darkness, the LORD shall be a light unto me."},{"Verseid":"32006008","Verse":"I will bear the indignation of the LORD, because I have sinned against him, until he plead my cause, and execute judgment for me: he will bring me forth to the light, and I shall behold his righteousness."},{"Verseid":"32006009","Verse":"Then she that is mine enemy shall see it, and shame shall cover her which said unto me, Where is the LORD your God? mine eyes shall behold her: now shall she be trodden down as the mire of the streets."},{"Verseid":"32006010","Verse":"In the day that your walls are to be built, in that day shall the decree be far removed."},{"Verseid":"32006011","Verse":"In that day also he shall come even to you from Assyria, and from the fortified cities, and from the fortress even to the river, and from sea to sea, and from mountain to mountain."},{"Verseid":"32006012","Verse":"Notwithstanding the land shall be desolate because of them that dwell therein, for the fruit of their doings."},{"Verseid":"32006013","Verse":"Feed your people with your rod, the flock of yours heritage, which dwell solitarily in the wood, in the midst of Carmel: let them feed in Bashan and Gilead, as in the days of old."},{"Verseid":"32006014","Verse":"According to the days of your coming out of the land of Egypt will I show unto him marvellous things."},{"Verseid":"32006015","Verse":"The nations shall see and be confounded at all their might: they shall lay their hand upon their mouth, their ears shall be deaf."},{"Verseid":"32006016","Verse":"They shall lick the dust like a serpent, they shall move out of their holes like worms of the earth: they shall be afraid of the LORD our God, and shall fear because of you."},{"Verseid":"32006017","Verse":"Who is a God like unto you, that pardons iniquity, and passes by the transgression of the remnant of his heritage? he retains not his anger for ever, because he delights in mercy."},{"Verseid":"32006018","Verse":"He will return, he will have compassion upon us; he will subdue our iniquities; and you will cast all their sins into the depths of the sea."},{"Verseid":"32006019","Verse":"You will perform the truth to Jacob, and the mercy to Abraham, which you have sworn unto our fathers from the days of old."}]}]}