{"Chapter":[{"Verse":[{"Verseid":"34000000","Verse":"The burden which Habakkuk the prophet did see."},{"Verseid":"34000001","Verse":"O LORD, how long shall I cry, and you will not hear! even cry out unto you of violence, and you will not save!"},{"Verseid":"34000002","Verse":"Why do you show me iniquity, and cause me to behold grievance? for spoiling and violence are before me: and there are that raise up strife and contention."},{"Verseid":"34000003","Verse":"Therefore the law is slacked, and judgment does never go forth: for the wicked does compass about the righteous; therefore wrong judgment proceeds."},{"Verseid":"34000004","Verse":"Behold all of you among the heathen, and regard, and wonder marvelously: for I will work a work in your days which all of you will not believe, though it be told you."},{"Verseid":"34000005","Verse":"For, lo, I raise up the Chaldeans, that bitter and hasty nation, which shall march through the breadth of the land, to possess the dwelling places that are not their's."},{"Verseid":"34000006","Verse":"They are terrible and dreadful: their judgment and their dignity shall proceed of themselves."},{"Verseid":"34000007","Verse":"Their horses also are swifter than the leopards, and are more fierce than the evening wolves: and their horsemen shall spread themselves, and their horsemen shall come from far; they shall fly as the eagle that hastes to eat."},{"Verseid":"34000008","Verse":"They shall come all for violence: their faces shall sup up as the east wind, and they shall gather the captivity as the sand."},{"Verseid":"34000009","Verse":"And they shall scoff at the kings, and the princes shall be a scorn unto them: they shall deride every strong hold; for they shall heap dust, and take it."},{"Verseid":"34000010","Verse":"Then shall his mind change, and he shall pass over, and offend, imputing this his power unto his god."},{"Verseid":"34000011","Verse":"Are you not from everlasting, O LORD my God, mine Holy One? we shall not die. O LORD, you have ordained them for judgment; and, O mighty God, you have established them for correction."},{"Verseid":"34000012","Verse":"You are of purer eyes than to behold evil, and can not look on iniquity: wherefore look you upon them that deal treacherously, and hold your tongue when the wicked devours the man that is more righteous than he?"},{"Verseid":"34000013","Verse":"And make men as the fishes of the sea, as the creeping things, that have no ruler over them?"},{"Verseid":"34000014","Verse":"They take up all of them with the angle, they catch them in their net, and gather them in their drag: therefore they rejoice and are glad."},{"Verseid":"34000015","Verse":"Therefore they sacrifice unto their net, and burn incense unto their drag; because by them their portion is fat, and their food abundant."},{"Verseid":"34000016","Verse":"Shall they therefore empty their net, and not spare continually to slay the nations?"}]},{"Verse":[{"Verseid":"34001000","Verse":"I will stand upon my watch, and set me upon the tower, and will watch to see what he will say unto me, and what I shall answer when I am reproved."},{"Verseid":"34001001","Verse":"And the LORD answered me, and said, Write the vision, and make it plain upon tables, that he may run that reads it."},{"Verseid":"34001002","Verse":"For the vision is yet for an appointed time, but at the end it shall speak, and not lie: though it tarry, wait for it; because it will surely come, it will not tarry."},{"Verseid":"34001003","Verse":"Behold, his soul which is lifted up is not upright in him: but the just shall live by his faith."},{"Verseid":"34001004","Verse":"Yea also, because he trangresses by wine, he is a proud man, neither keeps at home, who enlarges his desire as hell, and is as death, and cannot be satisfied, but gathers unto him all nations, and heaps unto him all people:"},{"Verseid":"34001005","Verse":"Shall not all these take up a parable against him, and a taunting proverb against him, and say, Woe to him that increases that which is not his! how long? and to him that loads himself with thick clay!"},{"Verseid":"34001006","Verse":"Shall they not rise up suddenly that shall bite you, and awake that shall vex you, and you shall be for booties unto them?"},{"Verseid":"34001007","Verse":"Because you have spoiled many nations, all the remnant of the people shall spoil you; because of men's blood, and for the violence of the land, of the city, and of all that dwell therein."},{"Verseid":"34001008","Verse":"Woe to him that covers an evil covetousness to his house, that he may set his nest on high, that he may be delivered from the power of evil!"},{"Verseid":"34001009","Verse":"You have consulted shame to your house by cutting off many people, and have sinned against your soul."},{"Verseid":"34001010","Verse":"For the stone shall cry out of the wall, and the beam out of the timber shall answer it."},{"Verseid":"34001011","Verse":"Woe to him that builds a town with blood, and establishes a city by iniquity!"},{"Verseid":"34001012","Verse":"Behold, is it not of the LORD of hosts that the people shall labour in the very fire, and the people shall weary themselves for very vanity?"},{"Verseid":"34001013","Verse":"For the earth shall be filled with the knowledge of the glory of the LORD, as the waters cover the sea."},{"Verseid":"34001014","Verse":"Woe unto him that gives his neighbour drink, that put your bottle to him, and make him drunken also, that you may look on their nakedness!"},{"Verseid":"34001015","Verse":"You are filled with shame for glory: drink you also, and let your foreskin be uncovered: the cup of the LORD's right hand shall be turned unto you, and shameful spewing shall be on your glory."},{"Verseid":"34001016","Verse":"For the violence of Lebanon shall cover you, and the spoil of beasts, which made them afraid, because of men's blood, and for the violence of the land, of the city, and of all that dwell therein."},{"Verseid":"34001017","Verse":"What profits the graven image that the maker thereof has graven it; the molten image, and a teacher of lies, that the maker of his work trusts therein, to make dumb idols?"},{"Verseid":"34001018","Verse":"Woe unto him that says to the wood, Awake; to the dumb stone, Arise, it shall teach! Behold, it is laid over with gold and silver, and there is no breath at all in the midst of it."},{"Verseid":"34001019","Verse":"But the LORD is in his holy temple: let all the earth keep silence before him."}]},{"Verse":[{"Verseid":"34002000","Verse":"A prayer of Habakkuk the prophet upon Shigionoth."},{"Verseid":"34002001","Verse":"O LORD, I have heard your speech, and was afraid: O LORD, revive your work in the midst of the years, in the midst of the years make known; in wrath remember mercy."},{"Verseid":"34002002","Verse":"God came from Teman, and the Holy One from mount Paran. Selah. His glory covered the heavens, and the earth was full of his praise."},{"Verseid":"34002003","Verse":"And his brightness was as the light; he had horns coming out of his hand: and there was the hiding of his power."},{"Verseid":"34002004","Verse":"Before him went the pestilence, and burning coals went forth at his feet."},{"Verseid":"34002005","Verse":"He stood, and measured the earth: he beheld, and drove asunder the nations; and the everlasting mountains were scattered, the perpetual hills did bow: his ways are everlasting."},{"Verseid":"34002006","Verse":"I saw the tents of Cushan in affliction: and the curtains of the land of Midian did tremble."},{"Verseid":"34002007","Verse":"Was the LORD displeased against the rivers? was yours anger against the rivers? was your wrath against the sea, that you did ride upon yours horses and your chariots of salvation?"},{"Verseid":"34002008","Verse":"Your bow was made quite naked, according to the oaths of the tribes, even your word. Selah. You did cleave the earth with rivers."},{"Verseid":"34002009","Verse":"The mountains saw you, and they trembled: the overflowing of the water passed by: the deep uttered his voice, and lifted up his hands on high."},{"Verseid":"34002010","Verse":"The sun and moon stood still in their habitation: at the light of yours arrows they went, and at the shining of your glittering spear."},{"Verseid":"34002011","Verse":"You did march through the land in indignation, you did thresh the heathen in anger."},{"Verseid":"34002012","Verse":"You went forth for the salvation of your people, even for salvation with yours anointed; you wounded the head out of the house of the wicked, by discovering the foundation unto the neck. Selah."},{"Verseid":"34002013","Verse":"You did strike through with his staves the head of his villages: they came out as a whirlwind to scatter me: their rejoicing was as to devour the poor secretly."},{"Verseid":"34002014","Verse":"You did walk through the sea with yours horses, through the heap of great waters."},{"Verseid":"34002015","Verse":"When I heard, my belly trembled; my lips quivered at the voice: rottenness entered into my bones, and I trembled in myself, that I might rest in the day of trouble: when he comes up unto the people, he will invade them with his troops."},{"Verseid":"34002016","Verse":"Although the fig tree shall not blossom, neither shall fruit be in the vines; the labour of the olive shall fail, and the fields shall yield no food; the flock shall be cut off from the fold, and there shall be no herd in the stalls:"},{"Verseid":"34002017","Verse":"Yet I will rejoice in the LORD, I will joy in the God of my salvation."},{"Verseid":"34002018","Verse":"The LORD God is my strength, and he will make my feet like hinds' feet, and he will make me to walk upon mine high places. To the chief singer on my stringed instruments."}]}]}