{"Chapter":[{"Verse":[{"Verseid":"35000000","Verse":"The word of the LORD which came unto Zephaniah the son of Cushi, the son of Gedaliah, the son of Amariah, the son of Hizkiah, in the days of Josiah the son of Amon, king of Judah."},{"Verseid":"35000001","Verse":"I will utterly consume all things from off the land, says the LORD."},{"Verseid":"35000002","Verse":"I will consume man and beast; I will consume the fowls of the heaven, and the fishes of the sea, and the stumbling blocks with the wicked: and I will cut off man from off the land, says the LORD."},{"Verseid":"35000003","Verse":"I will also stretch out mine hand upon Judah, and upon all the inhabitants of Jerusalem; and I will cut off the remnant of Baal from this place, and the name of the Chemarims with the priests;"},{"Verseid":"35000004","Verse":"And them that worship the host of heaven upon the housetops; and them that worship and that swear by the LORD, and that swear by Malcham;"},{"Verseid":"35000005","Verse":"And them that are turned back from the LORD; and those that have not sought the LORD, nor enquired for him."},{"Verseid":"35000006","Verse":"Hold your peace at the presence of the Lord GOD: for the day of the LORD is at hand: for the LORD has prepared a sacrifice, he has bid his guest."},{"Verseid":"35000007","Verse":"And it shall come to pass in the day of the LORD's sacrifice, that I will punish the princes, and the king's children, and all such as are clothed with strange apparel."},{"Verseid":"35000008","Verse":"In the same day also will I punish all those that leap on the threshold, which fill their masters' houses with violence and deceit."},{"Verseid":"35000009","Verse":"And it shall come to pass in that day, says the LORD, that there shall be the noise of a cry from the fish gate, and an howling from the second, and a great crashing from the hills."},{"Verseid":"35000010","Verse":"Wail, all of you inhabitants of Maktesh, for all the merchant people are cut down; all they that bear silver are cut off."},{"Verseid":"35000011","Verse":"And it shall come to pass at that time, that I will search Jerusalem with candles, and punish the men that are settled on their sediments of wine: that say in their heart, The LORD will not do good, neither will he do evil."},{"Verseid":"35000012","Verse":"Therefore their goods shall become a booty, and their houses a desolation: they shall also build houses, but not inhabit them; and they shall plant vineyards, but not drink the wine thereof."},{"Verseid":"35000013","Verse":"The great day of the LORD is near, it is near, and hastes greatly, even the voice of the day of the LORD: the mighty man shall cry there bitterly."},{"Verseid":"35000014","Verse":"That day is a day of wrath, a day of trouble and distress, a day of devastation and desolation, a day of darkness and gloominess, a day of clouds and thick darkness,"},{"Verseid":"35000015","Verse":"A day of the trumpet and alarm against the fenced cities, and against the high towers."},{"Verseid":"35000016","Verse":"And I will bring distress upon men, that they shall walk like blind men, because they have sinned against the LORD: and their blood shall be poured out as dust, and their flesh as the dung."},{"Verseid":"35000017","Verse":"Neither their silver nor their gold shall be able to deliver them in the day of the LORD's wrath; but the whole land shall be devoured by the fire of his jealousy: for he shall make even a speedy purging of all them that dwell in the land."}]},{"Verse":[{"Verseid":"35001000","Verse":"Gather yourselves together, yea, gather together, O nation not desired;"},{"Verseid":"35001001","Verse":"Before the decree bring forth, before the day pass as the chaff, before the fierce anger of the LORD come upon you, before the day of the LORD's anger come upon you."},{"Verseid":"35001002","Verse":"Seek all of you the LORD, all you meek of the earth, which have wrought his judgment; seek righteousness, seek meekness: it may be all of you shall be hid in the day of the LORD's anger."},{"Verseid":"35001003","Verse":"For Gaza shall be forsaken, and Ashkelon a desolation: they shall drive out Ashdod at the noon day, and Ekron shall be rooted up."},{"Verseid":"35001004","Verse":"Woe unto the inhabitants of the sea coast, the nation of the Cherethites! the word of the LORD is against you; O Canaan, the land of the Philistines, I will even destroy you, that there shall be no inhabitant."},{"Verseid":"35001005","Verse":"And the sea coast shall be dwellings and cottages for shepherds, and folds for flocks."},{"Verseid":"35001006","Verse":"And the coast shall be for the remnant of the house of Judah; they shall feed thereupon: in the houses of Ashkelon shall they lie down in the evening: for the LORD their God shall visit them, and turn away their captivity."},{"Verseid":"35001007","Verse":"I have heard the reproach of Moab, and the revilings of the children of Ammon, whereby they have reproached my people, and magnified themselves against their border."},{"Verseid":"35001008","Verse":"Therefore as I live, says the LORD of hosts, the God of Israel, Surely Moab shall be as Sodom, and the children of Ammon as Gomorrah, even the breeding of nettles, and salt-pits, and a perpetual desolation: the residue of my people shall spoil them, and the remnant of my people shall possess them."},{"Verseid":"35001009","Verse":"This shall they have for their pride, because they have reproached and magnified themselves against the people of the LORD of hosts."},{"Verseid":"35001010","Verse":"The LORD will be terrible unto them: for he will famish all the gods of the earth; and men shall worship him, every one from his place, even all the isles of the heathen."},{"Verseid":"35001011","Verse":"All of you Ethiopians also, all of you shall be slain by my sword."},{"Verseid":"35001012","Verse":"And he will stretch out his hand against the north, and destroy Assyria; and will make Nineveh a desolation, and dry like a wilderness."},{"Verseid":"35001013","Verse":"And flocks shall lie down in the midst of her, all the beasts of the nations: both the cormorant and the bittern shall lodge in the upper lintels of it; their voice shall sing in the windows; desolation shall be in the thresholds; for he shall uncover the cedar work."},{"Verseid":"35001014","Verse":"This is the rejoicing city that dwelt carelessly, that said in her heart, I am, and there is none beside me: how is she become a desolation, a place for beasts to lie down in! every one that passes by her shall hiss, and wag his hand."}]},{"Verse":[{"Verseid":"35002000","Verse":"Woe to her that is filthy and polluted, to the oppressing city!"},{"Verseid":"35002001","Verse":"She obeyed not the voice; she received not correction; she trusted not in the LORD; she drew not near to her God."},{"Verseid":"35002002","Verse":"Her princes within her are roaring lions; her judges are evening wolves; they gnaw not the bones till the next day."},{"Verseid":"35002003","Verse":"Her prophets are light and treacherous persons: her priests have polluted the sanctuary, they have done violence to the law."},{"Verseid":"35002004","Verse":"The just LORD is in the midst thereof; he will not do iniquity: every morning does he bring his judgment to light, he fails not; but the unjust knows no shame."},{"Verseid":"35002005","Verse":"I have cut off the nations: their towers are desolate; I made their streets waste, that none passes by: their cities are destroyed, so that there is no man, that there is none inhabitant."},{"Verseid":"35002006","Verse":"I said, Surely you will fear me, you will receive instruction; so their dwelling should not be cut off, howsoever I punished them: but they rose early, and corrupted all their doings."},{"Verseid":"35002007","Verse":"Therefore wait all of you upon me, says the LORD, until the day that I rise up to the prey: for my determination is to gather the nations, that I may assemble the kingdoms, to pour upon them mine indignation, even all my fierce anger: for all the earth shall be devoured with the fire of my jealousy."},{"Verseid":"35002008","Verse":"For then will I turn to the people a pure language, that they may all call upon the name of the LORD, to serve him with one consent."},{"Verseid":"35002009","Verse":"From beyond the rivers of Ethiopia my suppliants, even the daughter of my dispersed, shall bring mine offering."},{"Verseid":"35002010","Verse":"In that day shall you not be ashamed for all your doings, wherein you have transgressed against me: for then I will take away out of the midst of you them that rejoice in your pride, and you shall no more be haughty because of my holy mountain."},{"Verseid":"35002011","Verse":"I will also leave in the midst of you an afflicted and poor people, and they shall trust in the name of the LORD."},{"Verseid":"35002012","Verse":"The remnant of Israel shall not do iniquity, nor speak lies; neither shall a deceitful tongue be found in their mouth: for they shall feed and lie down, and none shall make them afraid."},{"Verseid":"35002013","Verse":"Sing, O daughter of Zion; shout, O Israel; be glad and rejoice with all the heart, O daughter of Jerusalem."},{"Verseid":"35002014","Verse":"The LORD has taken away your judgments, he has cast out yours enemy: the king of Israel, even the LORD, is in the midst of you: you shall not see evil any more."},{"Verseid":"35002015","Verse":"In that day it shall be said to Jerusalem, Fear you not: and to Zion, Let not yours hands be slack."},{"Verseid":"35002016","Verse":"The LORD your God in the midst of you is mighty; he will save, he will rejoice over you with joy; he will rest in his love, he will joy over you with singing."},{"Verseid":"35002017","Verse":"I will gather them that are sorrowful for the solemn assembly, who are of you, to whom the reproach of it was a burden."},{"Verseid":"35002018","Verse":"Behold, at that time I will undo all that afflict you: and I will save her that haltes, and gather her that was driven out; and I will get them praise and fame in every land where they have been put to shame."},{"Verseid":"35002019","Verse":"At that time will I bring you again, even in the time that I gather you: for I will make you a name and a praise among all people of the earth, when I turn back your captivity before your eyes, says the LORD."}]}]}