{"Chapter":[{"Verse":[{"Verseid":"44000000","Verse":"Paul, a servant of Jesus Christ, called to be an apostle, separated unto the gospel of God,"},{"Verseid":"44000001","Verse":"(Which he had promised before by his prophets in the holy scriptures,)"},{"Verseid":"44000002","Verse":"Concerning his Son Jesus Christ our Lord, which was made of the seed of David according to the flesh;"},{"Verseid":"44000003","Verse":"And declared to be the Son of God with power, according to the spirit of holiness, by the resurrection from the dead:"},{"Verseid":"44000004","Verse":"By whom we have received grace and apostleship, for obedience to the faith among all nations, for his name:"},{"Verseid":"44000005","Verse":"Among whom are all of you also the called of Jesus Christ:"},{"Verseid":"44000006","Verse":"To all that be in Rome, beloved of God, called to be saints: Grace to you and peace from God our Father, and the Lord Jesus Christ."},{"Verseid":"44000007","Verse":"First, I thank my God through Jesus Christ for you all, that your faith is spoken of throughout the whole world."},{"Verseid":"44000008","Verse":"For God is my witness, whom I serve with my spirit in the gospel of his Son, that without ceasing I make mention of you always in my prayers;"},{"Verseid":"44000009","Verse":"Making request, if by any means now at length I might have a prosperous journey by the will of God to come unto you."},{"Verseid":"44000010","Verse":"For I long to see you, that I may impart unto you some spiritual gift, to the end all of you may be established;"},{"Verseid":"44000011","Verse":"That is, that I may be comforted together with you by the mutual faith both of you and me."},{"Verseid":"44000012","Verse":"Now I would not have you ignorant, brethren, that oftentimes I purposed to come unto you, (but was let until now,) that I might have some fruit among you also, even as among other Gentiles."},{"Verseid":"44000013","Verse":"I am debtor both to the Greeks, and to the Barbarians; both to the wise, and to the unwise."},{"Verseid":"44000014","Verse":"So, as much as in me is, I am ready to preach the gospel to you that are at Rome also."},{"Verseid":"44000015","Verse":"For I am not ashamed of the gospel of Christ: for it is the power of God unto salvation to every one that believes; to the Jew first, and also to the Greek."},{"Verseid":"44000016","Verse":"For therein is the righteousness of God revealed from faith to faith: as it is written, The just shall live by faith."},{"Verseid":"44000017","Verse":"For the wrath of God is revealed from heaven against all ungodliness and unrighteousness of men, who hold the truth in unrighteousness;"},{"Verseid":"44000018","Verse":"Because that which may be known of God is manifest in them; for God has showed it unto them."},{"Verseid":"44000019","Verse":"For the invisible things of him from the creation of the world are clearly seen, being understood by the things that are made, even his eternal power and Godhead; so that they are without excuse:"},{"Verseid":"44000020","Verse":"Because that, when they knew God, they glorified him not as God, neither were thankful; but became vain in their imaginations, and their foolish heart was darkened."},{"Verseid":"44000021","Verse":"Professing themselves to be wise, they became fools,"},{"Verseid":"44000022","Verse":"And changed the glory of the incorruptible God into an image made like to corruptible man, and to birds, and four-footed beasts, and creeping things."},{"Verseid":"44000023","Verse":"Wherefore God also gave them up to uncleanness through the lusts of their own hearts, to dishonour their own bodies between themselves:"},{"Verseid":"44000024","Verse":"Who changed the truth of God into a lie, and worshipped and served the creature more than the Creator, who is blessed for ever. Amen."},{"Verseid":"44000025","Verse":"For this cause God gave them up unto vile affections: for even their women did change the natural use into that which is against nature:"},{"Verseid":"44000026","Verse":"And likewise also the men, leaving the natural use of the woman, burned in their lust one toward another; men with men working that which is unseemly, and receiving in themselves that recompence of their error which was meet."},{"Verseid":"44000027","Verse":"And even as they did not like to retain God in their knowledge, God gave them over to a reprobate mind, to do those things which are not convenient;"},{"Verseid":"44000028","Verse":"Being filled with all unrighteousness, fornication, wickedness, covetousness, maliciousness; full of envy, murder, debate, deceit, ill will; whisperers,"},{"Verseid":"44000029","Verse":"Backbiters, haters of God, despiteful, proud, boasters, inventors of evil things, disobedient to parents,"},{"Verseid":"44000030","Verse":"Without understanding, covenant-breakers, without natural affection, refusing to reconcile, unmerciful:"},{"Verseid":"44000031","Verse":"Who knowing the judgment of God, that they which commit such things are worthy of death, not only do the same, but have pleasure in them that do them."}]},{"Verse":[{"Verseid":"44001000","Verse":"Therefore you are inexcusable, O man, whosoever you are that judge: for wherein you judge another, you condemn yourself; for you that judge do the same things."},{"Verseid":"44001001","Verse":"But we are sure that the judgment of God is according to truth against them which commit such things."},{"Verseid":"44001002","Verse":"And think you this, O man, that judge them which do such things, and do the same, that you shall escape the judgment of God?"},{"Verseid":"44001003","Verse":"Or despise you the riches of his goodness and forbearance and longsuffering; not knowing that the goodness of God leads you to repentance?"},{"Verseid":"44001004","Verse":"But after your hardness and refusing to repent heart treasure up unto yourself wrath against the day of wrath and revelation of the righteous judgment of God;"},{"Verseid":"44001005","Verse":"Who will render to every man according to his deeds:"},{"Verseid":"44001006","Verse":"To them who by patient continuance in well doing seek for glory and honour and immortality, eternal life:"},{"Verseid":"44001007","Verse":"But unto them that are contentious, and do not obey the truth, but obey unrighteousness, indignation and wrath,"},{"Verseid":"44001008","Verse":"Tribulation and anguish, upon every soul of man that does evil, of the Jew first, and also of the Gentile;"},{"Verseid":"44001009","Verse":"But glory, honour, and peace, to every man that works good, to the Jew first, and also to the Gentile:"},{"Verseid":"44001010","Verse":"For there is no respect of persons with God."},{"Verseid":"44001011","Verse":"For as many as have sinned without law shall also perish without law: and as many as have sinned in the law shall be judged by the law;"},{"Verseid":"44001012","Verse":"(For not the hearers of the law are just before God, but the doers of the law shall be justified."},{"Verseid":"44001013","Verse":"For when the Gentiles, which have not the law, do by nature the things contained in the law, these, having not the law, are a law unto themselves:"},{"Verseid":"44001014","Verse":"Which show the work of the law written in their hearts, their conscience also bearing witness, and their thoughts the mean while accusing or else excusing one another;)"},{"Verseid":"44001015","Verse":"In the day when God shall judge the secrets of men by Jesus Christ according to my gospel."},{"Verseid":"44001016","Verse":"Behold, you are called a Jew, and rest in the law, and make your boast of God,"},{"Verseid":"44001017","Verse":"And know his will, and approve the things that are more excellent, being instructed out of the law;"},{"Verseid":"44001018","Verse":"And are confident that you yourself are a guide of the blind, a light of them which are in darkness,"},{"Verseid":"44001019","Verse":"An instructor of the foolish, a teacher of babes, which have the form of knowledge and of the truth in the law."},{"Verseid":"44001020","Verse":"You therefore which teach another, teach you not yourself? you that preach a man should not steal, do you steal?"},{"Verseid":"44001021","Verse":"You that says a man should not commit adultery, do you commit adultery? you that abhor idols, do you commit sacrilege?"},{"Verseid":"44001022","Verse":"You that make your boast of the law, through breaking the law dishonour you God?"},{"Verseid":"44001023","Verse":"For the name of God is blasphemed among the Gentiles through you, as it is written."},{"Verseid":"44001024","Verse":"For circumcision verily profits, if you keep the law: but if you be a breaker of the law, your circumcision is made uncircumcision."},{"Verseid":"44001025","Verse":"Therefore if the uncircumcision keep the righteousness of the law, shall not his uncircumcision be counted for circumcision?"},{"Verseid":"44001026","Verse":"And shall not uncircumcision which is by nature, if it fulfill the law, judge you, who by the letter and circumcision do transgress the law?"},{"Verseid":"44001027","Verse":"For he is not a Jew, which is one outwardly; neither is that circumcision, which is outward in the flesh:"},{"Verseid":"44001028","Verse":"But he is a Jew, which is one inwardly; and circumcision is that of the heart, in the spirit, and not in the letter; whose praise is not of men, but of God."}]},{"Verse":[{"Verseid":"44002000","Verse":"What advantage then has the Jew? or what profit is there of circumcision?"},{"Verseid":"44002001","Verse":"Much every way: chiefly, because that unto them were committed the oracles of God."},{"Verseid":"44002002","Verse":"For what if some did not believe? shall their unbelief make the faith of God without effect?"},{"Verseid":"44002003","Verse":"God forbid: yea, let God be true, but every man a liar; as it is written, That you might be justified in your sayings, and might overcome when you are judged."},{"Verseid":"44002004","Verse":"But if our unrighteousness commend the righteousness of God, what shall we say? Is God unrighteous who takes vengeance? (I speak as a man)"},{"Verseid":"44002005","Verse":"God forbid: for then how shall God judge the world?"},{"Verseid":"44002006","Verse":"For if the truth of God has more abounded through my lie unto his glory; why yet am I also judged as a sinner?"},{"Verseid":"44002007","Verse":"And not rather, (as we be slanderously reported, and as some affirm that we say,) Let us do evil, that good may come? whose damnation is just."},{"Verseid":"44002008","Verse":"What then? are we better than they? No, in no wise: for we have before proved both Jews and Gentiles, that they are all under sin;"},{"Verseid":"44002009","Verse":"As it is written, There is none righteous, no, not one:"},{"Verseid":"44002010","Verse":"There is none that understands, there is none that seeks after God."},{"Verseid":"44002011","Verse":"They are all gone out of the way, they are together become useless; there is none that does good, no, not one."},{"Verseid":"44002012","Verse":"Their throat is an open tomb; with their tongues they have used deceit; the poison of asps is under their lips:"},{"Verseid":"44002013","Verse":"Whose mouth is full of cursing and bitterness:"},{"Verseid":"44002014","Verse":"Their feet are swift to shed blood:"},{"Verseid":"44002015","Verse":"Destruction and misery are in their ways:"},{"Verseid":"44002016","Verse":"And the way of peace have they not known:"},{"Verseid":"44002017","Verse":"There is no fear of God before their eyes."},{"Verseid":"44002018","Verse":"Now we know that what things whatsoever the law says, it says to them who are under the law: that every mouth may be stopped, and all the world may become guilty before God."},{"Verseid":"44002019","Verse":"Therefore by the deeds of the law there shall no flesh be justified in his sight: for by the law is the knowledge of sin."},{"Verseid":"44002020","Verse":"But now the righteousness of God without the law is manifested, being witnessed by the law and the prophets;"},{"Verseid":"44002021","Verse":"Even the righteousness of God which is by faith of Jesus Christ unto all and upon all them that believe: for there is no difference:"},{"Verseid":"44002022","Verse":"For all have sinned, and come short of the glory of God;"},{"Verseid":"44002023","Verse":"Being justified freely by his grace through the redemption that is in Christ Jesus:"},{"Verseid":"44002024","Verse":"Whom God has set forth to be a propitiation through faith in his blood, to declare his righteousness for the remission of sins that are past, through the forbearance of God;"},{"Verseid":"44002025","Verse":"To declare, I say, at this time his righteousness: that he might be just, and the justifier of him which believes in Jesus."},{"Verseid":"44002026","Verse":"Where is boasting then? It is excluded. By what law? of works? Nay: but by the law of faith."},{"Verseid":"44002027","Verse":"Therefore we conclude that a man is justified by faith without the deeds of the law."},{"Verseid":"44002028","Verse":"Is he the God of the Jews only? is he not also of the Gentiles? Yes, of the Gentiles also:"},{"Verseid":"44002029","Verse":"Seeing it is one God, which shall justify the circumcision by faith, and uncircumcision through faith."},{"Verseid":"44002030","Verse":"Do we then make void the law through faith? God forbid: yea, we establish the law."}]},{"Verse":[{"Verseid":"44003000","Verse":"What shall we say then that Abraham our father, as pertaining to the flesh, has found?"},{"Verseid":"44003001","Verse":"For if Abraham were justified by works, he has whereof to glory; but not before God."},{"Verseid":"44003002","Verse":"For what says the scripture? Abraham believed God, and it was counted unto him for righteousness."},{"Verseid":"44003003","Verse":"Now to him that works is the reward not reckoned of grace, but of debt."},{"Verseid":"44003004","Verse":"But to him that works not, but believes on him that justifies the ungodly, his faith is counted for righteousness."},{"Verseid":"44003005","Verse":"Even as David also describes the blessedness of the man, unto whom God imputes righteousness without works,"},{"Verseid":"44003006","Verse":"Saying, Blessed are they whose iniquities are forgiven, and whose sins are covered."},{"Verseid":"44003007","Verse":"Blessed is the man to whom the Lord will not impute sin."},{"Verseid":"44003008","Verse":"Comes this blessedness then upon the circumcision only, or upon the uncircumcision also? for we say that faith was reckoned to Abraham for righteousness."},{"Verseid":"44003009","Verse":"How was it then reckoned? when he was in circumcision, or in uncircumcision? Not in circumcision, but in uncircumcision."},{"Verseid":"44003010","Verse":"And he received the sign of circumcision, a seal of the righteousness of the faith which he had yet being uncircumcised: that he might be the father of all them that believe, though they be not circumcised; that righteousness might be imputed unto them also:"},{"Verseid":"44003011","Verse":"And the father of circumcision to them who are not of the circumcision only, but who also walk in the steps of that faith of our father Abraham, which he had being yet uncircumcised."},{"Verseid":"44003012","Verse":"For the promise, that he should be the heir of the world, was not to Abraham, or to his seed, through the law, but through the righteousness of faith."},{"Verseid":"44003013","Verse":"For if they which are of the law be heirs, faith is made void, and the promise made of no effect:"},{"Verseid":"44003014","Verse":"Because the law works wrath: for where no law is, there is no transgression."},{"Verseid":"44003015","Verse":"Therefore it is of faith, that it might be by grace; to the end the promise might be sure to all the seed; not to that only which is of the law, but to that also which is of the faith of Abraham; who is the father of us all,"},{"Verseid":"44003016","Verse":"(As it is written, I have made you a father of many nations,) before him whom he believed, even God, who replenishes life to the dead, and calls those things which be not as though they were."},{"Verseid":"44003017","Verse":"Who against hope believed in hope, that he might become the father of many nations, according to that which was spoken, So shall your seed be."},{"Verseid":"44003018","Verse":"And being not weak in faith, he considered not his own body now dead, when he was about an hundred years old, neither yet the deadness of Sarah's womb:"},{"Verseid":"44003019","Verse":"He staggered not at the promise of God through unbelief; but was strong in faith, giving glory to God;"},{"Verseid":"44003020","Verse":"And being fully persuaded that, what he had promised, he was able also to perform."},{"Verseid":"44003021","Verse":"And therefore it was imputed to him for righteousness."},{"Verseid":"44003022","Verse":"Now it was not written for his sake alone, that it was imputed to him;"},{"Verseid":"44003023","Verse":"But for us also, to whom it shall be imputed, if we believe on him that raised up Jesus our Lord from the dead;"},{"Verseid":"44003024","Verse":"Who was delivered for our offences, and was raised again for our justification."}]},{"Verse":[{"Verseid":"44004000","Verse":"Therefore being justified by faith, we have peace with God through our Lord Jesus Christ:"},{"Verseid":"44004001","Verse":"By whom also we have access by faith into this grace wherein we stand, and rejoice in hope of the glory of God."},{"Verseid":"44004002","Verse":"And not only so, but we glory in tribulations also: knowing that tribulation works patience;"},{"Verseid":"44004003","Verse":"And patience, experience; and experience, hope:"},{"Verseid":"44004004","Verse":"And hope makes not ashamed; because the love of God is shed abroad in our hearts by the Holy Spirit which is given unto us."},{"Verseid":"44004005","Verse":"For when we were yet without strength, in due time Christ died for the ungodly."},{"Verseid":"44004006","Verse":"For scarcely for a righteous man will one die: yet possibly for a good man some would even dare to die."},{"Verseid":"44004007","Verse":"But God commends his love toward us, in that, while we were yet sinners, Christ died for us."},{"Verseid":"44004008","Verse":"Much more then, being now justified by his blood, we shall be saved from wrath through him."},{"Verseid":"44004009","Verse":"For if, when we were enemies, we were reconciled to God by the death of his Son, much more, being reconciled, we shall be saved by his life."},{"Verseid":"44004010","Verse":"And not only so, but we also joy in God through our Lord Jesus Christ, by whom we have now received the atonement."},{"Verseid":"44004011","Verse":"Wherefore, as by one man sin entered into the world, and death by sin; and so death passed upon all men, for that all have sinned:"},{"Verseid":"44004012","Verse":"(For until the law sin was in the world: but sin is not imputed when there is no law."},{"Verseid":"44004013","Verse":"Nevertheless death reigned from Adam to Moses, even over them that had not sinned after the embodiment of Adam's transgression, who is the figure of him that was to come."},{"Verseid":"44004014","Verse":"But not as the offence, so also is the free gift. For if through the offence of one many be dead, much more the grace of God, and the gift by grace, which is by one man, Jesus Christ, has abounded unto many."},{"Verseid":"44004015","Verse":"And not as it was by one that sinned, so is the gift: for the judgment was by one to condemnation, but the free gift is of many offences unto justification."},{"Verseid":"44004016","Verse":"For if by one man's offence death reigned by one; much more they which receive abundance of grace and of the gift of righteousness shall reign in life by one, Jesus Christ.)"},{"Verseid":"44004017","Verse":"Therefore as by the offence of one judgment came upon all men to condemnation; even so by the righteousness of one the free gift came upon all men unto justification of life."},{"Verseid":"44004018","Verse":"For as by one man's disobedience many were made sinners, so by the obedience of one shall many be made righteous."},{"Verseid":"44004019","Verse":"Moreover the law entered, that the offence might abound. But where sin abounded, grace did much more abound:"},{"Verseid":"44004020","Verse":"That as sin has reigned unto death, even so might grace reign through righteousness unto eternal life by Jesus Christ our Lord."}]},{"Verse":[{"Verseid":"44005000","Verse":"What shall we say then? Shall we continue in sin, that grace may abound?"},{"Verseid":"44005001","Verse":"God forbid. How shall we, that are dead to sin, live any longer therein?"},{"Verseid":"44005002","Verse":"Know all of you not, that so many of us as were baptized into Jesus Christ were baptized into his death?"},{"Verseid":"44005003","Verse":"Therefore we are buried with him by baptism into death: that like Christ was raised up from the dead by the glory of the Father, even so we also should walk in newness of life."},{"Verseid":"44005004","Verse":"For if we have been planted together in the likeness of his death, we shall be also in the likeness of his resurrection:"},{"Verseid":"44005005","Verse":"Knowing this, that our old man is crucified with him, that the body of sin might be destroyed, that henceforth we should not serve sin."},{"Verseid":"44005006","Verse":"For he that is dead is freed from sin."},{"Verseid":"44005007","Verse":"Now if we be dead with Christ, we believe that we shall also live with him:"},{"Verseid":"44005008","Verse":"Knowing that Christ being raised from the dead dies no more; death has no more dominion over him."},{"Verseid":"44005009","Verse":"For in that he died, he died unto sin once: but in that he lives, he lives unto God."},{"Verseid":"44005010","Verse":"Likewise reckon all of you also yourselves to be dead indeed unto sin, but alive unto God through Jesus Christ our Lord."},{"Verseid":"44005011","Verse":"Let not sin therefore reign in your mortal body, that all of you should obey it in the lusts thereof."},{"Verseid":"44005012","Verse":"Neither yield all of you your members as instruments of unrighteousness unto sin: but yield yourselves unto God, as those that are alive from the dead, and your members as instruments of righteousness unto God."},{"Verseid":"44005013","Verse":"For sin shall not have dominion over you: for all of you are not under the law, but under grace."},{"Verseid":"44005014","Verse":"What then? shall we sin, because we are not under the law, but under grace? God forbid."},{"Verseid":"44005015","Verse":"Know all of you not, that to whom all of you yield yourselves servants to obey, his servants all of you are to whom all of you obey; whether of sin unto death, or of obedience unto righteousness?"},{"Verseid":"44005016","Verse":"But God be thanked, that all of you were the servants of sin, but all of you have obeyed from the heart that form of doctrine which was delivered you."},{"Verseid":"44005017","Verse":"Being then made free from sin, all of you became the servants of righteousness."},{"Verseid":"44005018","Verse":"I speak after the manner of men because of the infirmity of your flesh: for as all of you have yielded your members servants to uncleanness and to iniquity unto iniquity; even so now yield your members servants to righteousness unto holiness."},{"Verseid":"44005019","Verse":"For when all of you were the servants of sin, all of you were free from righteousness."},{"Verseid":"44005020","Verse":"What fruit had all of you then in those things whereof all of you are now ashamed? for the end of those things is death."},{"Verseid":"44005021","Verse":"But now being made free from sin, and become servants to God, all of you have your fruit unto holiness, and the end everlasting life."},{"Verseid":"44005022","Verse":"For the wages of sin is death; but the gift of God is eternal life through Jesus Christ our Lord."}]},{"Verse":[{"Verseid":"44006000","Verse":"Know all of you not, brethren, (for I speak to them that know the law,) how that the law has dominion over a man as long as he lives?"},{"Verseid":"44006001","Verse":"For the woman which has an husband is bound by the law to her husband so long as he lives; but if the husband be dead, she is loosed from the law of her husband."},{"Verseid":"44006002","Verse":"So then if, while her husband lives, she be married to another man, she shall be called an adulteress: but if her husband be dead, she is free from that law; so that she is no adulteress, though she be married to another man."},{"Verseid":"44006003","Verse":"Wherefore, my brethren, all of you also are become dead to the law by the body of Christ; that all of you should be married to another, even to him who is raised from the dead, that we should bring forth fruit unto God."},{"Verseid":"44006004","Verse":"For when we were in the flesh, the motions of sins, which were by the law, did work in our members to bring forth fruit unto death."},{"Verseid":"44006005","Verse":"But now we are delivered from the law, that being dead wherein we were held; that we should serve in newness of spirit, and not in the oldness of the letter."},{"Verseid":"44006006","Verse":"What shall we say then? Is the law sin? God forbid. Nay, I had not known sin, but by the law: for I had not known lust, except the law had said, You shall not covet."},{"Verseid":"44006007","Verse":"But sin, taking occasion by the commandment, wrought in me all manner of concupiscence. For without the law sin was dead."},{"Verseid":"44006008","Verse":"For I was alive without the law once: but when the commandment came, sin revived, and I died."},{"Verseid":"44006009","Verse":"And the commandment, which was ordained to life, I found to be unto death."},{"Verseid":"44006010","Verse":"For sin, taking occasion by the commandment, deceived me, and by it slew me."},{"Verseid":"44006011","Verse":"Wherefore the law is holy, and the commandment holy, and just, and good."},{"Verseid":"44006012","Verse":"Was then that which is good made death unto me? God forbid. But sin, that it might appear sin, working death in me by that which is good; that sin by the commandment might become exceeding sinful."},{"Verseid":"44006013","Verse":"For we know that the law is spiritual: but I am carnal, sold under sin."},{"Verseid":"44006014","Verse":"For that which I do I allow not: for what I would, that do I not; but what I hate, that do I."},{"Verseid":"44006015","Verse":"If then I do that which I would not, I consent unto the law that it is good."},{"Verseid":"44006016","Verse":"Now then it is no more I that do it, but sin that dwells in me."},{"Verseid":"44006017","Verse":"For I know that in me (that is, in my flesh,) dwells no good thing: in order to will is present with me; but how to perform that which is good I find not."},{"Verseid":"44006018","Verse":"For the good that I would I do not: but the evil which I would not, that I do."},{"Verseid":"44006019","Verse":"Now if I do that I would not, it is no more I that do it, but sin that dwells in me."},{"Verseid":"44006020","Verse":"I find then a law, that, when I would do good, evil is present with me."},{"Verseid":"44006021","Verse":"For I delight in the law of God after the inward man:"},{"Verseid":"44006022","Verse":"But I see another law in my members, warring against the law of my mind, and bringing me into captivity to the law of sin which is in my members."},{"Verseid":"44006023","Verse":"O wretched man that I am! who shall deliver me from the body of this death?"},{"Verseid":"44006024","Verse":"I thank God through Jesus Christ our Lord. So then with the mind I myself serve the law of God; but with the flesh the law of sin."}]},{"Verse":[{"Verseid":"44007000","Verse":"There is therefore now no condemnation to them which are in Christ Jesus, who walk not after the flesh, but after the Spirit."},{"Verseid":"44007001","Verse":"For the law of the Spirit of life in Christ Jesus has made me free from the law of sin and death."},{"Verseid":"44007002","Verse":"For what the law could not do, in that it was weak through the flesh, God sending his own Son in the likeness of sinful flesh, and for sin, condemned sin in the flesh:"},{"Verseid":"44007003","Verse":"That the righteousness of the law might be fulfilled in us, who walk not after the flesh, but after the Spirit."},{"Verseid":"44007004","Verse":"For they that are after the flesh do mind the things of the flesh; but they that are after the Spirit the things of the Spirit."},{"Verseid":"44007005","Verse":"In order to be carnally minded is death; but to be spiritually minded is life and peace."},{"Verseid":"44007006","Verse":"Because the carnal mind is enmity against God: for it is not subject to the law of God, neither indeed can be."},{"Verseid":"44007007","Verse":"So then they that are in the flesh cannot please God."},{"Verseid":"44007008","Verse":"But all of you are not in the flesh, but in the Spirit, if so be that the Spirit of God dwell in you. Now if any man have not the Spirit of Christ, he is none of his."},{"Verseid":"44007009","Verse":"And if Christ be in you, the body is dead because of sin; but the Spirit is life because of righteousness."},{"Verseid":"44007010","Verse":"But if the Spirit of him that raised up Jesus from the dead dwell in you, he that raised up Christ from the dead shall also retore life in your mortal bodies by his Spirit that dwells in you."},{"Verseid":"44007011","Verse":"Therefore, brethren, we are debtors, not to the flesh, to live after the flesh."},{"Verseid":"44007012","Verse":"For if all of you live after the flesh, all of you shall die: but if all of you through the Spirit do mortify the deeds of the body, all of you shall live."},{"Verseid":"44007013","Verse":"For as many as are led by the Spirit of God, they are the sons of God."},{"Verseid":"44007014","Verse":"For all of you have not received the spirit of bondage again to fear; but all of you have received the Spirit of adoption, whereby we cry, Abba, Father."},{"Verseid":"44007015","Verse":"The Spirit itself bears witness with our spirit, that we are the children of God:"},{"Verseid":"44007016","Verse":"And if children, then heirs; heirs of God, and joint-heirs with Christ; if so be that we suffer with him, that we may be also glorified together."},{"Verseid":"44007017","Verse":"For I reckon that the sufferings of this present time are not worthy to be compared with the glory which shall be revealed in us."},{"Verseid":"44007018","Verse":"For the earn expectation of the creature waits for the manifestation of the sons of God."},{"Verseid":"44007019","Verse":"For the creature was made subject to vanity, not willingly, but by reason of him who has subjected the same in hope,"},{"Verseid":"44007020","Verse":"Because the creature itself also shall be delivered from the bondage of corruption into the glorious liberty of the children of God."},{"Verseid":"44007021","Verse":"For we know that the whole creation groans and labors in pain together until now."},{"Verseid":"44007022","Verse":"And not only they, but ourselves also, which have the first-fruits of the Spirit, even we ourselves groan within ourselves, waiting for the adoption, to know, the redemption of our body."},{"Verseid":"44007023","Verse":"For we are saved by hope: but hope that is seen is not hope: for what a man sees, why does he yet hope for?"},{"Verseid":"44007024","Verse":"But if we hope for that we see not, then do we with patience wait for it."},{"Verseid":"44007025","Verse":"Likewise the Spirit also helps our infirmities: for we know not what we should pray for as we ought: but the Spirit itself makes intercession for us with groanings which cannot be uttered."},{"Verseid":"44007026","Verse":"And he that searches the hearts knows what is the mind of the Spirit, because he makes intercession for the saints according to the will of God."},{"Verseid":"44007027","Verse":"And we know that all things work together for good to them that love God, to them who are the called according to his purpose."},{"Verseid":"44007028","Verse":"For whom he did foreknow, he also did predestinate to be conformed to the image of his Son, that he might be the firstborn among many brethren."},{"Verseid":"44007029","Verse":"Moreover whom he did predestinate, them he also called: and whom he called, them he also justified: and whom he justified, them he also glorified."},{"Verseid":"44007030","Verse":"What shall we then say to these things? If God be for us, who can be against us?"},{"Verseid":"44007031","Verse":"He that spared not his own Son, but delivered him up for us all, how shall he not with him also freely give us all things?"},{"Verseid":"44007032","Verse":"Who shall lay any thing to the charge of God's elect? It is God that justifies."},{"Verseid":"44007033","Verse":"Who is he that condemns? It is Christ that died, yea rather, that has risen again, who is even at the right hand of God, who also makes intercession for us."},{"Verseid":"44007034","Verse":"Who shall separate us from the love of Christ? shall tribulation, or distress, or persecution, or famine, or nakedness, or peril, or sword?"},{"Verseid":"44007035","Verse":"As it is written, For your sake we are killed all the day long; we are accounted as sheep for the slaughter."},{"Verseid":"44007036","Verse":"Nay, in all these things we are more than conquerors through him that loved us."},{"Verseid":"44007037","Verse":"For I am persuaded, that neither death, nor life, nor angels, nor principalities, nor powers, nor things present, nor things to come,"},{"Verseid":"44007038","Verse":"Nor height, nor depth, nor any other creature, shall be able to separate us from the love of God, which is in Christ Jesus our Lord."}]},{"Verse":[{"Verseid":"44008000","Verse":"I say the truth in Christ, I lie not, my conscience also bearing me witness in the Holy Spirit,"},{"Verseid":"44008001","Verse":"That I have great heaviness and continual sorrow in my heart."},{"Verseid":"44008002","Verse":"For I could wish that myself were accursed from Christ for my brethren, my kinsmen according to the flesh:"},{"Verseid":"44008003","Verse":"Who are Israelites; to whom pertains the adoption, and the glory, and the covenants, and the giving of the law, and the service of God, and the promises;"},{"Verseid":"44008004","Verse":"Whose are the fathers, and of whom as concerning the flesh Christ came, who is over all, God blessed for ever. Amen."},{"Verseid":"44008005","Verse":"Not as though the word of God has taken no effect. For they are not all Israel, which are of Israel:"},{"Verseid":"44008006","Verse":"Neither, because they are the seed of Abraham, are they all children: but, In Isaac shall your seed be called."},{"Verseid":"44008007","Verse":"That is, They which are the children of the flesh, these are not the children of God: but the children of the promise are counted for the seed."},{"Verseid":"44008008","Verse":"For this is the word of promise, At this time will I come, and Sarah shall have a son."},{"Verseid":"44008009","Verse":"And not only this; but when Rebecca also had conceived by one, even by our father Isaac;"},{"Verseid":"44008010","Verse":"(For the children being not yet born, neither having done any good or evil, that the purpose of God according to election might stand, not of works, but of him that calls;)"},{"Verseid":"44008011","Verse":"It was said unto her, The elder shall serve the younger."},{"Verseid":"44008012","Verse":"As it is written, Jacob have I loved, but Esau have I hated."},{"Verseid":"44008013","Verse":"What shall we say then? Is there unrighteousness with God? God forbid."},{"Verseid":"44008014","Verse":"For he says to Moses, I will have mercy on whom I will have mercy, and I will have compassion on whom I will have compassion."},{"Verseid":"44008015","Verse":"So then it is not of him that wills, nor of him that runs, but of God that shows mercy."},{"Verseid":"44008016","Verse":"For the scripture says unto Pharaoh, Even for this same purpose have I raised you up, that I might show my power in you, and that my name might be declared throughout all the earth."},{"Verseid":"44008017","Verse":"Therefore has he mercy on whom he will have mercy, and whom he will he hardens."},{"Verseid":"44008018","Verse":"You will say then unto me, Why does he yet find fault? For who has resisted his will?"},{"Verseid":"44008019","Verse":"On the contrary;, O man, who are you that reply against God? Shall the thing formed say to him that formed it, Why have you made me thus?"},{"Verseid":"44008020","Verse":"Has not the potter power over the clay, of the same lump to make one vessel unto honour, and another unto dishonour?"},{"Verseid":"44008021","Verse":"What if God, willing to show his wrath, and to make his power known, endured with much longsuffering the vessels of wrath fitted to destruction:"},{"Verseid":"44008022","Verse":"And that he might make known the riches of his glory on the vessels of mercy, which he had before prepared unto glory,"},{"Verseid":"44008023","Verse":"Even us, whom he has called, not of the Jews only, but also of the Gentiles?"},{"Verseid":"44008024","Verse":"As he says also in Osee, I will call them my people, which were not my people; and her beloved, which was not beloved."},{"Verseid":"44008025","Verse":"And it shall come to pass, that in the place where it was said unto them, All of you are not my people; there shall they be called the children of the living God."},{"Verseid":"44008026","Verse":"Isaiah also cries concerning Israel, Though the number of the children of Israel be as the sand of the sea, a remnant shall be saved:"},{"Verseid":"44008027","Verse":"For he will finish the work, and cut it short in righteousness: because a short work will the Lord make upon the earth."},{"Verseid":"44008028","Verse":"And as Isaiah said before, Except the Lord of Sabaoth had left us a seed, we had been as Sodoma, and been made like unto Gomorrha."},{"Verseid":"44008029","Verse":"What shall we say then? That the Gentiles, which followed not after righteousness, have attained to righteousness, even the righteousness which is of faith."},{"Verseid":"44008030","Verse":"But Israel, which followed after the law of righteousness, has not attained to the law of righteousness."},{"Verseid":"44008031","Verse":"Wherefore? Because they sought it not by faith, but as it were by the works of the law. For they stumbled at that stumbling stone;"},{"Verseid":"44008032","Verse":"As it is written, Behold, I lay in Sion a stumbling stone and rock of offence: and whosoever believes on him shall not be ashamed."}]},{"Verse":[{"Verseid":"44009000","Verse":"Brethren, my heart's desire and prayer to God for Israel is, that they might be saved."},{"Verseid":"44009001","Verse":"For I bear them record that they have a zeal of God, but not according to knowledge."},{"Verseid":"44009002","Verse":"For they being ignorant of God's righteousness, and going about to establish their own righteousness, have not submitted themselves unto the righteousness of God."},{"Verseid":"44009003","Verse":"For Christ is the end of the law for righteousness to every one that believes."},{"Verseid":"44009004","Verse":"For Moses describes the righteousness which is of the law, That the man which does those things shall live by them."},{"Verseid":"44009005","Verse":"But the righteousness which is of faith speaks likewise, Say not in yours heart, Who shall ascend into heaven? (that is, to bring Christ down from above:)"},{"Verseid":"44009006","Verse":"Or, Who shall descend into the deep? (that is, to bring up Christ again from the dead.)"},{"Verseid":"44009007","Verse":"But what says it? The word is nigh you, even in your mouth, and in your heart: that is, the word of faith, which we preach;"},{"Verseid":"44009008","Verse":"That if you shall confess with your mouth the Lord Jesus, and shall believe in yours heart that God has raised him from the dead, you shall be saved."},{"Verseid":"44009009","Verse":"For with the heart man believes unto righteousness; and with the mouth confession is made unto salvation."},{"Verseid":"44009010","Verse":"For the scripture says, Whosoever believes on him shall not be ashamed."},{"Verseid":"44009011","Verse":"For there is no difference between the Jew and the Greek: for the same Lord over all is rich unto all that call upon him."},{"Verseid":"44009012","Verse":"For whosoever shall call upon the name of the Lord shall be saved."},{"Verseid":"44009013","Verse":"How then shall they call on him in whom they have not believed? and how shall they believe in him of whom they have not heard? and how shall they hear without a preacher?"},{"Verseid":"44009014","Verse":"And how shall they preach, except they be sent? as it is written, How beautiful are the feet of them that preach the gospel of peace, and bring glad tidings of good things!"},{"Verseid":"44009015","Verse":"But they have not all obeyed the gospel. For Isaiah says, Lord, who has believed our report?"},{"Verseid":"44009016","Verse":"So then faith comes by hearing, and hearing by the word of God."},{"Verseid":"44009017","Verse":"But I say, Have they not heard? Yes verily, their sound went into all the earth, and their words unto the ends of the world."},{"Verseid":"44009018","Verse":"But I say, Did not Israel know? First Moses says, I will provoke you to jealousy by them that are no people, and by a foolish nation I will anger you."},{"Verseid":"44009019","Verse":"But Isaiah is very bold, and says, I was found of them that sought me not; I was made manifest unto them that asked not after me."},{"Verseid":"44009020","Verse":"But to Israel he says, All day long I have stretched forth my hands unto a disobedient and gainsaying people."}]},{"Verse":[{"Verseid":"44010000","Verse":"I say then, Has God cast away his people? God forbid. For I also am an Israelite, of the seed of Abraham, of the tribe of Benjamin."},{"Verseid":"44010001","Verse":"God has not cast away his people which he foreknew. Know all of you not what the scripture says of Elijah? how he makes intercession to God against Israel saying,"},{"Verseid":"44010002","Verse":"Lord, they have killed your prophets, and dug down yours altars; and I am left alone, and they seek my life."},{"Verseid":"44010003","Verse":"But what says the answer of God unto him? I have reserved to myself seven thousand men, who have not bowed the knee to the image of Baal."},{"Verseid":"44010004","Verse":"Even so then at this present time also there is a remnant according to the election of grace."},{"Verseid":"44010005","Verse":"And if by grace, then is it no more of works: otherwise grace is no more grace. But if it be of works, then it is no more grace: otherwise work is no more work."},{"Verseid":"44010006","Verse":"What then? Israel has not obtained that which he seeks for; but the election has obtained it, and the rest were blinded."},{"Verseid":"44010007","Verse":"(According as it is written, God has given them the spirit of slumber, eyes that they should not see, and ears that they should not hear;) unto this day."},{"Verseid":"44010008","Verse":"And David says, Let their table be made a snare, and a trap, and a stumbling block, and a recompence unto them:"},{"Verseid":"44010009","Verse":"Let their eyes be darkened, that they may not see, and bow down their back always."},{"Verseid":"44010010","Verse":"I say then, Have they stumbled that they should fall? God forbid: but rather through their fall salvation has come unto the Gentiles, in order to provoke them to jealousy."},{"Verseid":"44010011","Verse":"Now if the fall of them be the riches of the world, and the diminishing of them the riches of the Gentiles; how much more their fullness?"},{"Verseid":"44010012","Verse":"For I speak to you Gentiles, inasmuch as I am the apostle of the Gentiles, I magnify mine office:"},{"Verseid":"44010013","Verse":"If by any means I may provoke to awaken jealousy in them which are my flesh, and might save some of them."},{"Verseid":"44010014","Verse":"For if the casting away of them be the reconciling of the world, what shall the receiving of them be, but life from the dead?"},{"Verseid":"44010015","Verse":"For if the first-fruit be holy, the lump is also holy: and if the root be holy, so are the branches."},{"Verseid":"44010016","Verse":"And if some of the branches be broken off, and you, being a wild olive tree, were grafted in among them, and with them partake of the root and fatness of the olive tree;"},{"Verseid":"44010017","Verse":"Boast not against the branches. But if you boast, you bear not the root, but the root you."},{"Verseid":"44010018","Verse":"You will say then, The branches were broken off, that I might be grafted in."},{"Verseid":"44010019","Verse":"Well; because of unbelief they were broken off, and you stand by faith. Be not high-minded, but fear:"},{"Verseid":"44010020","Verse":"For if God spared not the natural branches, take heed lest he also spare not you."},{"Verseid":"44010021","Verse":"Behold therefore the goodness and severity of God: on them which fell, severity; but toward you, goodness, if you continue in his goodness: otherwise you also shall be cut off."},{"Verseid":"44010022","Verse":"And they also, if they abide not still in unbelief, shall be grafted in: for God is able to graft them in again."},{"Verseid":"44010023","Verse":"For if you were cut out of the olive tree which is wild by nature, and were grafted contrary to nature into a good olive tree: how much more shall these, which be the natural branches, be grafted into their own olive tree?"},{"Verseid":"44010024","Verse":"For I would not, brethren, that all of you should be ignorant of this mystery, lest all of you should be wise in your own conceits; that blindness in part is happened to Israel, until the fullness of the Gentiles be come in."},{"Verseid":"44010025","Verse":"And so all Israel shall be saved: as it is written, There shall come out of Sion the Deliverer, and shall turn away ungodliness from Jacob:"},{"Verseid":"44010026","Verse":"For this is my covenant unto them, when I shall take away their sins."},{"Verseid":"44010027","Verse":"As concerning the gospel, they are enemies for your sakes: but as concerning the election, they are beloved for the father's sakes."},{"Verseid":"44010028","Verse":"For the gifts and calling of God are without repentance."},{"Verseid":"44010029","Verse":"For as all of you in times past have not believed God, yet have now obtained mercy through their unbelief:"},{"Verseid":"44010030","Verse":"Even so have these also now not believed, that through your mercy they also may obtain mercy."},{"Verseid":"44010031","Verse":"For God has concluded them all in unbelief, that he might have mercy upon all."},{"Verseid":"44010032","Verse":"O the depth of the riches both of the wisdom and knowledge of God! how unsearchable are his judgments, and his ways past finding out!"},{"Verseid":"44010033","Verse":"For who has known the mind of the Lord? or who has been his counsellor?"},{"Verseid":"44010034","Verse":"Or who has first given to him, and it shall be recompensed unto him again?"},{"Verseid":"44010035","Verse":"For of him, and through him, and to him, are all things: to whom be glory for ever. Amen."}]},{"Verse":[{"Verseid":"44011000","Verse":"I plead to you therefore, brethren, by the mercies of God, that all of you present your bodies a living sacrifice, holy, acceptable unto God, which is your reasonable service."},{"Verseid":"44011001","Verse":"And be not conformed to this world: but be all of you transformed by the renewing of your mind, that all of you may prove what is that good, and acceptable, and perfect, will of God."},{"Verseid":"44011002","Verse":"For I say, through the grace given unto me, to every man that is among you, not to think of himself more highly than he ought to think; but to think soberly, according as God has dealt to every man the measure of faith."},{"Verseid":"44011003","Verse":"For as we have many members in one body, and all members have not the same office:"},{"Verseid":"44011004","Verse":"So we, being many, are one body in Christ, and every one members one of another."},{"Verseid":"44011005","Verse":"Having then gifts differing according to the grace that is given to us, whether prophecy, let us prophesy according to the proportion of faith;"},{"Verseid":"44011006","Verse":"Or ministry, let us wait on our ministering: or he that teaches, on teaching;"},{"Verseid":"44011007","Verse":"Or he that exhorts, on exhortation: he that gives, let him do it with simplicity; he that rules, with diligence; he that shows mercy, with cheerfulness."},{"Verseid":"44011008","Verse":"Let love be without dissimulation. Detest that which is evil; cleave to that which is good."},{"Verseid":"44011009","Verse":"Be kindly affectionate one to another with brotherly love; in honour preferring one another;"},{"Verseid":"44011010","Verse":"Not slothful in business; fervent in spirit; serving the Lord;"},{"Verseid":"44011011","Verse":"Rejoicing in hope; patient in tribulation; continuing instant in prayer;"},{"Verseid":"44011012","Verse":"Distributing to the necessity of saints; given to hospitality."},{"Verseid":"44011013","Verse":"Bless them which persecute you: bless, and curse not."},{"Verseid":"44011014","Verse":"Rejoice with them that do rejoice, and weep with them that weep."},{"Verseid":"44011015","Verse":"Be of the same mind one toward another. Mind not high things, but condescend to men of low estate. Be not wise in your own conceits."},{"Verseid":"44011016","Verse":"Recompense to no man evil for evil. Provide things honest in the sight of all men."},{"Verseid":"44011017","Verse":"If it be possible, as much as lies in you, live peaceably with all men."},{"Verseid":"44011018","Verse":"Dearly beloved, avenge not yourselves, but rather give place unto wrath: for it is written, Vengeance is mine; I will repay, says the Lord."},{"Verseid":"44011019","Verse":"Therefore if yours enemy hunger, feed him; if he thirst, give him drink: for in so doing you shall heap coals of fire on his head."},{"Verseid":"44011020","Verse":"Be not overcome of evil, but overcome evil with good."}]},{"Verse":[{"Verseid":"44012000","Verse":"Let every soul be subject unto the higher powers. For there is no power but of God: the powers that be are ordained of God."},{"Verseid":"44012001","Verse":"Whosoever therefore resists the power, resists the ordinance of God: and they that resist shall receive to themselves damnation."},{"Verseid":"44012002","Verse":"For rulers are not a terror to good works, but to the evil. Will you then not be afraid of the power? do that which is good, and you shall have praise of the same:"},{"Verseid":"44012003","Verse":"For he is the minister of God to you for good. But if you do that which is evil, be afraid; for he bears not the sword in vain: for he is the minister of God, a revenger to execute wrath upon him that does evil."},{"Verseid":"44012004","Verse":"Wherefore all of you must essentially be subject, not only for wrath, but also for conscience sake."},{"Verseid":"44012005","Verse":"For for this cause pay all of you tribute also: for they are God's ministers, attending continually upon this very thing."},{"Verseid":"44012006","Verse":"Render therefore to all their dues: tribute to whom tribute is due; custom to whom custom; fear to whom fear; honour to whom honour."},{"Verseid":"44012007","Verse":"Owe no man any thing, but to love one another: for he that loves another has fulfilled the law."},{"Verseid":"44012008","Verse":"For this, You shall not commit adultery, You shall not kill, You shall not steal, You shall not bear false witness, You shall not covet; and if there be any other commandment, it is briefly comprehended in this saying, namely, You shall love your neighbour as yourself."},{"Verseid":"44012009","Verse":"Love works no ill to his neighbour: therefore love is the fulfilling of the law."},{"Verseid":"44012010","Verse":"And that, knowing the time, that now it is high time to awake out of sleep: for now is our salvation nearer than when we believed."},{"Verseid":"44012011","Verse":"The night is far spent, the day is at hand: let us therefore cast off the works of darkness, and let us put on the armour of light."},{"Verseid":"44012012","Verse":"Let us walk honestly, as in the day; not in rioting and drunkenness, not in chambering and wantonness, not in strife and envying."},{"Verseid":"44012013","Verse":"But put all of you on the Lord Jesus Christ, and make not provision for the flesh, to fulfill the lusts thereof."}]},{"Verse":[{"Verseid":"44013000","Verse":"Him that is weak in the faith receive all of you, but not to doubtful disputations."},{"Verseid":"44013001","Verse":"For one believes that he may eat all things: another, who is weak, eats herbs."},{"Verseid":"44013002","Verse":"Let not him that eats despise him that eats not; and let not him which eats not judge him that eats: for God has received him."},{"Verseid":"44013003","Verse":"Who are you that judge another man's servant? to his own master he stands or falls. Yea, he shall be held up: for God is able to make him stand."},{"Verseid":"44013004","Verse":"One man esteems one day above another: another esteems every day alike. Let every man be fully persuaded in his own mind."},{"Verseid":"44013005","Verse":"He that regards the day, regards it unto the Lord; and he that regards not the day, to the Lord he does not regard it. He that eats, eats to the Lord, for he gives God thanks; and he that eats not, to the Lord he eats not, and gives God thanks."},{"Verseid":"44013006","Verse":"For none of us lives to himself, and no man dies to himself."},{"Verseid":"44013007","Verse":"For whether we live, we live unto the Lord; and whether we die, we die unto the Lord: whether we live therefore, or die, we are the Lord's."},{"Verseid":"44013008","Verse":"In order to this end Christ both died, and rose, and revived, that he might be Lord both of the dead and living."},{"Verseid":"44013009","Verse":"But why do you judge your brother? or why do you set at nothing your brother? for we shall all stand before the judgment seat of Christ."},{"Verseid":"44013010","Verse":"For it is written, As I live, says the Lord, every knee shall bow to me, and every tongue shall confess to God."},{"Verseid":"44013011","Verse":"So then every one of us shall give account of himself to God."},{"Verseid":"44013012","Verse":"Let us not therefore judge one another any more: but judge this rather, that no man put a stumbling block or an occasion to fall in his brother's way."},{"Verseid":"44013013","Verse":"I know, and am persuaded by the Lord Jesus, that there is nothing unclean of itself: but to him that esteems any thing to be unclean, to him it is unclean."},{"Verseid":"44013014","Verse":"But if your brother be grieved with your food, now walk you not charitably. Destroy not him with your food, for whom Christ died."},{"Verseid":"44013015","Verse":"Let not then your good be evil spoken of:"},{"Verseid":"44013016","Verse":"For the kingdom of God is not food and drink; but righteousness, and peace, and joy in the Holy Spirit."},{"Verseid":"44013017","Verse":"For he that in these things serves Christ is acceptable to God, and approved of men."},{"Verseid":"44013018","Verse":"Let us therefore follow after the things which make for peace, and things wherewith one may edify another."},{"Verseid":"44013019","Verse":"For food destroy not the work of God. All things indeed are pure; but it is evil for that man who eats with offence."},{"Verseid":"44013020","Verse":"It is good neither to eat flesh, nor to drink wine, nor any thing whereby your brother stumbles, or is offended, or is made weak."},{"Verseid":"44013021","Verse":"Have you faith? have it to yourself before God. Happy is he that condemns not himself in that thing which he allows."},{"Verseid":"44013022","Verse":"And he that doubts is damned if he eat, because he eats not of faith: for whatsoever is not of faith is sin."}]},{"Verse":[{"Verseid":"44014000","Verse":"We then that are strong ought to bear the infirmities of the weak, and not to please ourselves."},{"Verseid":"44014001","Verse":"Let every one of us please his neighbour for his good to edification."},{"Verseid":"44014002","Verse":"For even Christ pleased not himself; but, as it is written, The reproaches of them that reproached you fell on me."},{"Verseid":"44014003","Verse":"For whatsoever things were written in old times were written for our learning, that we through patience and comfort of the scriptures might have hope."},{"Verseid":"44014004","Verse":"Now the God of patience and consolation grant you to be likeminded one toward another according to Christ Jesus:"},{"Verseid":"44014005","Verse":"That all of you may with one mind and one mouth glorify God, even the Father of our Lord Jesus Christ."},{"Verseid":"44014006","Verse":"Wherefore receive all of you one another, as Christ also received us to the glory of God."},{"Verseid":"44014007","Verse":"Now I say that Jesus Christ was a minister of the circumcision for the truth of God, to confirm the promises made unto the fathers:"},{"Verseid":"44014008","Verse":"And that the Gentiles might glorify God for his mercy; as it is written, For this cause I will confess to you among the Gentiles, and sing unto your name."},{"Verseid":"44014009","Verse":"And again he says, Rejoice, all of you Gentiles, with his people."},{"Verseid":"44014010","Verse":"And again, Praise the Lord, all you Gentiles; and extol him, all you people."},{"Verseid":"44014011","Verse":"And again, Isaiah says, There shall be a root of Jesse, and he that shall rise to reign over the Gentiles; in him shall the Gentiles trust."},{"Verseid":"44014012","Verse":"Now the God of hope fill you with all joy and peace in believing, that all of you may abound in hope, through the power of the Holy Spirit."},{"Verseid":"44014013","Verse":"And I myself also am persuaded of you, my brethren, that all of you also are full of goodness, filled with all knowledge, able also to admonish one another."},{"Verseid":"44014014","Verse":"Nevertheless, brethren, I have written the more boldly unto you in some sort, as putting you in mind, because of the grace that is given to me of God,"},{"Verseid":"44014015","Verse":"That I should be the minister of Jesus Christ to the Gentiles, ministering the gospel of God, that the offering up of the Gentiles might be acceptable, being sanctified by the Holy Spirit."},{"Verseid":"44014016","Verse":"I have therefore whereof I may glory through Jesus Christ in those things which pertain to God."},{"Verseid":"44014017","Verse":"For I will not dare to speak of any of those things which Christ has not wrought by me, to make the Gentiles obedient, by word and deed,"},{"Verseid":"44014018","Verse":"Through mighty signs and wonders, by the power of the Spirit of God; so that from Jerusalem, and round about unto Illyricum, I have fully preached the gospel of Christ."},{"Verseid":"44014019","Verse":"Yea, so have I strived to preach the gospel, not where Christ was named, lest I should build upon another man's foundation:"},{"Verseid":"44014020","Verse":"But as it is written, To whom he was not spoken of, they shall see: and they that have not heard shall understand."},{"Verseid":"44014021","Verse":"For which cause also I have been much hindered from coming to you."},{"Verseid":"44014022","Verse":"But now having no more place in these parts, and having a great desire these many years to come unto you;"},{"Verseid":"44014023","Verse":"Whenever I take my journey into Spain, I will come to you: for I trust to see you in my journey, and to be brought on my way in that direction by you, if first I be somewhat filled with your company."},{"Verseid":"44014024","Verse":"But now I go unto Jerusalem to minister unto the saints."},{"Verseid":"44014025","Verse":"For it has pleased them of Macedonia and Achaia to make a certain contribution for the poor saints which are at Jerusalem."},{"Verseid":"44014026","Verse":"It has pleased them verily; and their debtors they are. For if the Gentiles have been made partakers of their spiritual things, their duty is also to minister unto them in carnal things."},{"Verseid":"44014027","Verse":"When therefore I have performed this, and have sealed to them this fruit, I will come by you into Spain."},{"Verseid":"44014028","Verse":"And I am sure that, when I come unto you, I shall come in the fullness of the blessing of the gospel of Christ."},{"Verseid":"44014029","Verse":"Now I plead to you, brethren, for the Lord Jesus Christ's sake, and for the love of the Spirit, that all of you strive together with me in your prayers to God for me;"},{"Verseid":"44014030","Verse":"That I may be delivered from them that do not believe in Judaea; and that my service which I have for Jerusalem may be accepted of the saints;"},{"Verseid":"44014031","Verse":"That I may come unto you with joy by the will of God, and may with you be refreshed."},{"Verseid":"44014032","Verse":"Now the God of peace be with you all. Amen."}]},{"Verse":[{"Verseid":"44015000","Verse":"I commend unto you Phebe our sister, which is a servant of the church which is at Cenchrea:"},{"Verseid":"44015001","Verse":"That all of you receive her in the Lord, as becomes saints, and that all of you assist her in whatsoever business she has need of you: for she has been a supporter of many, and of myself also."},{"Verseid":"44015002","Verse":"Greet Priscilla and Aquila my helpers in Christ Jesus:"},{"Verseid":"44015003","Verse":"Who have for my life laid down their own necks: unto whom not only I give thanks, but also all the churches of the Gentiles."},{"Verseid":"44015004","Verse":"Likewise greet the church that is in their house. Salute my well-beloved Epaenetus, who is the first- fruits of Achaia unto Christ."},{"Verseid":"44015005","Verse":"Greet Mary, who bestowed much labour on us."},{"Verseid":"44015006","Verse":"Salute Andronicus and Junia, my kinsmen, and my fellow-prisoners, who are of note among the apostles, who also were in Christ before me."},{"Verseid":"44015007","Verse":"Greet Amplias my beloved in the Lord."},{"Verseid":"44015008","Verse":"Salute Urbane, our helper in Christ, and Stachys my beloved."},{"Verseid":"44015009","Verse":"Salute Apelles approved in Christ. Salute them which are of Aristobulus' household."},{"Verseid":"44015010","Verse":"Salute Herodion my kinsman. Greet them that be of the household of Narcissus, which are in the Lord."},{"Verseid":"44015011","Verse":"Salute Tryphena and Tryphosa, who labour in the Lord. Salute the beloved Persis, which laboured much in the Lord."},{"Verseid":"44015012","Verse":"Salute Rufus chosen in the Lord, and his mother and mine."},{"Verseid":"44015013","Verse":"Salute Asyncritus, Phlegon, Hermas, Patrobas, Hermes, and the brethren which are with them."},{"Verseid":"44015014","Verse":"Salute Philologus, and Julia, Nereus, and his sister, and Olympas, and all the saints which are with them."},{"Verseid":"44015015","Verse":"Salute one another with an holy kiss. The churches of Christ salute you."},{"Verseid":"44015016","Verse":"Now I plead to you, brethren, mark them which cause divisions and offences contrary to the doctrine which all of you have learned; and avoid them."},{"Verseid":"44015017","Verse":"For they that are such serve not our Lord Jesus Christ, but their own belly; and by good words and fair speeches deceive the hearts of the simple."},{"Verseid":"44015018","Verse":"For your obedience has come abroad unto all men. I am glad therefore on your behalf: but yet I would have you wise unto that which is good, and simple concerning evil."},{"Verseid":"44015019","Verse":"And the God of peace shall bruise Satan under your feet shortly. The grace of our Lord Jesus Christ be with you. Amen."},{"Verseid":"44015020","Verse":"Timotheus my fellow worker, and Lucius, and Jason, and Sosipater, my kinsmen, salute you."},{"Verseid":"44015021","Verse":"I Tertius, who wrote this epistle, salute you in the Lord."},{"Verseid":"44015022","Verse":"Gaius mine host, and of the whole church, salutes you. Erastus the chamberlain of the city salutes you, and Quartus a brother."},{"Verseid":"44015023","Verse":"The grace of our Lord Jesus Christ be with you all. Amen."},{"Verseid":"44015024","Verse":"Now to him that is of power to establish you according to my gospel, and the preaching of Jesus Christ, according to the revelation of the mystery, which was kept secret since the world began,"},{"Verseid":"44015025","Verse":"But now is made manifest, and by the scriptures of the prophets, according to the commandment of the everlasting God, made known to all nations for the obedience of faith:"},{"Verseid":"44015026","Verse":"To God only wise, be glory through Jesus Christ for ever. Amen."}]}]}