{"Chapter":[{"Verse":[{"Verseid":"45000000","Verse":"Paul called to be an apostle of Jesus Christ through the will of God, and Sosthenes our brother,"},{"Verseid":"45000001","Verse":"Unto the church of God which is at Corinth, to them that are sanctified in Christ Jesus, called to be saints, with all that in every place call upon the name of Jesus Christ our Lord, both their's and our's:"},{"Verseid":"45000002","Verse":"Grace be unto you, and peace, from God our Father, and from the Lord Jesus Christ."},{"Verseid":"45000003","Verse":"I thank my God always on your behalf, for the grace of God which is given you by Jesus Christ;"},{"Verseid":"45000004","Verse":"That in every thing all of you are enriched by him, in all utterance, and in all knowledge;"},{"Verseid":"45000005","Verse":"Even as the testimony of Christ was confirmed in you:"},{"Verseid":"45000006","Verse":"So that all of you come behind in no gift; waiting for the coming of our Lord Jesus Christ:"},{"Verseid":"45000007","Verse":"Who shall also confirm you unto the end, that all of you may be blameless in the day of our Lord Jesus Christ."},{"Verseid":"45000008","Verse":"God is faithful, by whom all of you were called unto the fellowship of his Son Jesus Christ our Lord."},{"Verseid":"45000009","Verse":"Now I plead to you, brethren, by the name of our Lord Jesus Christ, that all of you all speak the same thing, and that there be no divisions among you; but that all of you be perfectly joined together in the same mind and in the same judgment."},{"Verseid":"45000010","Verse":"For it has been declared unto me of you, my brethren, by them which are of the house of Chloe, that there are contentions among you."},{"Verseid":"45000011","Verse":"Now this I say, that every one of you says, I am of Paul; and I of Apollos; and I of Cephas; and I of Christ."},{"Verseid":"45000012","Verse":"Is Christ divided? was Paul crucified for you? or were all of you baptized in the name of Paul?"},{"Verseid":"45000013","Verse":"I thank God that I baptized none of you, but Crispus and Gaius;"},{"Verseid":"45000014","Verse":"Lest any should say that I had baptized in mine own name."},{"Verseid":"45000015","Verse":"And I baptized also the household of Stephanas: besides, I know not whether I baptized any other."},{"Verseid":"45000016","Verse":"For Christ sent me not to baptize, but to preach the gospel: not with wisdom of words, lest the cross of Christ should be made of no effect."},{"Verseid":"45000017","Verse":"For the preaching of the cross is to them that perish foolishness; but unto us which are saved it is the power of God."},{"Verseid":"45000018","Verse":"For it is written, I will destroy the wisdom of the wise, and will bring to nothing the understanding of the prudent."},{"Verseid":"45000019","Verse":"Where is the wise? where is the scribe? where is the disputer of this world? has not God made foolish the wisdom of this world?"},{"Verseid":"45000020","Verse":"For after that in the wisdom of God the world by wisdom knew not God, it pleased God by the foolishness of preaching to save them that believe."},{"Verseid":"45000021","Verse":"For the Jews require a sign, and the Greeks seek after wisdom:"},{"Verseid":"45000022","Verse":"But we preach Christ crucified, unto the Jews a stumbling block, and unto the Greeks foolishness;"},{"Verseid":"45000023","Verse":"But unto them which are called, both Jews and Greeks, Christ the power of God, and the wisdom of God."},{"Verseid":"45000024","Verse":"Because the foolishness of God is wiser than men; and the weakness of God is stronger than men."},{"Verseid":"45000025","Verse":"For all of you see your calling, brethren, how that not many wise men after the flesh, not many mighty, not many noble, are called:"},{"Verseid":"45000026","Verse":"But God has chosen the foolish things of the world to confound the wise; and God has chosen the weak things of the world to confound the things which are mighty;"},{"Verseid":"45000027","Verse":"And base things of the world, and things which are despised, has God chosen, yea, and things which are not, to bring to nothing things that are:"},{"Verseid":"45000028","Verse":"That no flesh should glory in his presence."},{"Verseid":"45000029","Verse":"But of him are all of you in Christ Jesus, who of God is made unto us wisdom, and righteousness, and sanctification, and redemption:"},{"Verseid":"45000030","Verse":"That, according as it is written, He that glories, let him glory in the Lord."}]},{"Verse":[{"Verseid":"45001000","Verse":"And I, brethren, when I came to you, came not with excellency of speech or of wisdom, declaring unto you the testimony of God."},{"Verseid":"45001001","Verse":"For I determined not to know any thing among you, save Jesus Christ, and him crucified."},{"Verseid":"45001002","Verse":"And I was with you in weakness, and in fear, and in much trembling."},{"Verseid":"45001003","Verse":"And my speech and my preaching was not with enticing words of man's wisdom, but in demonstration of the Spirit and of power:"},{"Verseid":"45001004","Verse":"That your faith should not stand in the wisdom of men, but in the power of God."},{"Verseid":"45001005","Verse":"Nevertheless we speak wisdom among them that are perfect: yet not the wisdom of this world, nor of the princes of this world, that come to nothing:"},{"Verseid":"45001006","Verse":"But we speak the wisdom of God in a mystery, even the hidden wisdom, which God ordained before the world unto our glory:"},{"Verseid":"45001007","Verse":"Which none of the princes of this world knew: for had they known it, they would not have crucified the Lord of glory."},{"Verseid":"45001008","Verse":"But as it is written, Eye has not seen, nor ear heard, neither have entered into the heart of man, the things which God has prepared for them that love him."},{"Verseid":"45001009","Verse":"But God has revealed them unto us by his Spirit: for the Spirit searches all things, yea, the deep things of God."},{"Verseid":"45001010","Verse":"For what man knows the things of a man, save the spirit of man which is in him? even so the things of God knows no man, but the Spirit of God."},{"Verseid":"45001011","Verse":"Now we have received, not the spirit of the world, but the spirit which is of God; that we might know the things that are freely given to us of God."},{"Verseid":"45001012","Verse":"Which things also we speak, not in the words which man's wisdom teaches, but which the Holy Spirit teaches; comparing spiritual things with spiritual."},{"Verseid":"45001013","Verse":"But the natural man receives not the things of the Spirit of God: for they are foolishness unto him: neither can he know them, because they are spiritually discerned."},{"Verseid":"45001014","Verse":"But he that is spiritual judges all things, yet he himself is judged of no man."},{"Verseid":"45001015","Verse":"For who has known the mind of the Lord, that he may instruct him? But we have the mind of Christ."}]},{"Verse":[{"Verseid":"45002000","Verse":"And I, brethren, could not speak unto you as unto spiritual, but as unto carnal, even as unto babes in Christ."},{"Verseid":"45002001","Verse":"I have fed you with milk, and not with food: for until now all of you were not able to bear it, neither yet now are all of you able."},{"Verseid":"45002002","Verse":"For all of you are yet carnal: for whereas there is among you envying, and strife, and divisions, are all of you not carnal, and walk as men?"},{"Verseid":"45002003","Verse":"For while one says, I am of Paul; and another, I am of Apollos; are all of you not carnal?"},{"Verseid":"45002004","Verse":"Who then is Paul, and who is Apollos, but ministers by whom all of you believed, even as the Lord gave to every man?"},{"Verseid":"45002005","Verse":"I have planted, Apollos watered; but God gave the increase."},{"Verseid":"45002006","Verse":"So then neither is he that plants any thing, neither he that waters; but God that gives the increase."},{"Verseid":"45002007","Verse":"Now he that plants and he that waters are one: and every man shall receive his own reward according to his own labour."},{"Verseid":"45002008","Verse":"For we are labourers together with God: all of you are God's farming, all of you are God's building."},{"Verseid":"45002009","Verse":"According to the grace of God which is given unto me, as a wise architect, I have laid the foundation, and another builds thereon. But let every man take heed how he builds thereupon."},{"Verseid":"45002010","Verse":"For other foundation can no man lay than that is laid, which is Jesus Christ."},{"Verseid":"45002011","Verse":"Now if any man build upon this foundation gold, silver, precious stones, wood, hay, stubble;"},{"Verseid":"45002012","Verse":"Every man's work shall be made manifest: for the day shall declare it, because it shall be revealed by fire; and the fire shall try every man's work of what sort it is."},{"Verseid":"45002013","Verse":"If any man's work abide which he has built thereupon, he shall receive a reward."},{"Verseid":"45002014","Verse":"If any man's work shall be burned, he shall suffer loss: but he himself shall be saved; yet so as by fire."},{"Verseid":"45002015","Verse":"Know all of you not that all of you are the temple of God, and that the Spirit of God dwells in you?"},{"Verseid":"45002016","Verse":"If any man defile the temple of God, him shall God destroy; for the temple of God is holy, which temple all of you are."},{"Verseid":"45002017","Verse":"Let no man deceive himself. If any man among you seems to be wise in this world, let him become a fool, that he may be wise."},{"Verseid":"45002018","Verse":"For the wisdom of this world is foolishness with God. For it is written, He takes the wise in their own craftiness."},{"Verseid":"45002019","Verse":"And again, The Lord knows the thoughts of the wise, that they are vain."},{"Verseid":"45002020","Verse":"Therefore let no man glory in men. For all things are your's;"},{"Verseid":"45002021","Verse":"Whether Paul, or Apollos, or Cephas, or the world, or life, or death, or things present, or things to come; all are your's;"},{"Verseid":"45002022","Verse":"And all of you are Christ's; and Christ is God's."}]},{"Verse":[{"Verseid":"45003000","Verse":"Let a man so account of us, as of the ministers of Christ, and stewards of the mysteries of God."},{"Verseid":"45003001","Verse":"Moreover it is required in stewards, that a man be found faithful."},{"Verseid":"45003002","Verse":"But with me it is a very small thing that I should be judged of you, or of man's judgment: yea, I judge not mine own self."},{"Verseid":"45003003","Verse":"For I know nothing by myself; yet am I not hereby justified: but he that judges me is the Lord."},{"Verseid":"45003004","Verse":"Therefore judge nothing before the time, until the Lord come, who both will bring to light the hidden things of darkness, and will make manifest the counsels of the hearts: and then shall every man have praise of God."},{"Verseid":"45003005","Verse":"And these things, brethren, I have in a figure transferred to myself and to Apollos for your sakes; that all of you might learn in us not to think of men above that which is written, that no one of you be puffed up for one against another."},{"Verseid":"45003006","Verse":"For who makes you to differ from another? and what have you that you did not receive? now if you did receive it, why do you glory, as if you had not received it?"},{"Verseid":"45003007","Verse":"Now all of you are full, now all of you are rich, all of you have reigned as kings without us: and I would to God all of you did reign, that we also might reign with you."},{"Verseid":"45003008","Verse":"For I think that God has set forth us the apostles last, as it were appointed to death: for we are made a spectacle unto the world, and to angels, and to men."},{"Verseid":"45003009","Verse":"We are fools for Christ's sake, but all of you are wise in Christ; we are weak, but all of you are strong; all of you are honourable, but we are despised."},{"Verseid":"45003010","Verse":"Even unto this present hour we both hunger, and thirst, and are naked, and are buffeted, and have no certain dwelling place;"},{"Verseid":"45003011","Verse":"And labour, working with our own hands: being reviled, we bless; being persecuted, we suffer it:"},{"Verseid":"45003012","Verse":"Being defamed, we implore: we are made as the filth of the world, and are the waste of all things unto this day."},{"Verseid":"45003013","Verse":"I write not these things to shame you, but as my beloved sons I warn you."},{"Verseid":"45003014","Verse":"For though all of you have ten thousand instructors in Christ, yet have all of you not many fathers: for in Christ Jesus I have begotten you through the gospel."},{"Verseid":"45003015","Verse":"Wherefore I plead to you, be all of you followers of me."},{"Verseid":"45003016","Verse":"For this cause have I sent unto you Timotheus, who is my beloved son, and faithful in the Lord, who shall bring you into remembrance of my ways which be in Christ, as I teach every where in every church."},{"Verseid":"45003017","Verse":"Now some are puffed up, as though I would not come to you."},{"Verseid":"45003018","Verse":"But I will come to you shortly, if the Lord will, and will know, not the speech of them which are puffed up, but the power."},{"Verseid":"45003019","Verse":"For the kingdom of God is not in word, but in power."},{"Verseid":"45003020","Verse":"What will all of you? shall I come unto you with a rod, or in love, and in the spirit of meekness?"}]},{"Verse":[{"Verseid":"45004000","Verse":"It is reported commonly that there is fornication among you, and such fornication as is not so much as named among the Gentiles, that one should have his father's wife."},{"Verseid":"45004001","Verse":"And all of you are puffed up, and have not rather mourned, that he that has done this deed might be taken away from among you."},{"Verseid":"45004002","Verse":"For I verily, as absent in body, but present in spirit, have judged already, as though I were present, concerning him that has so done this deed,"},{"Verseid":"45004003","Verse":"In the name of our Lord Jesus Christ, when all of you are gathered together, and my spirit, with the power of our Lord Jesus Christ,"},{"Verseid":"45004004","Verse":"To deliver such an one unto Satan for the destruction of the flesh, that the spirit may be saved in the day of the Lord Jesus."},{"Verseid":"45004005","Verse":"Your glorying is not good. Know all of you not that a little leaven leavens the whole lump?"},{"Verseid":"45004006","Verse":"Purge out therefore the old leaven, that all of you may be a new lump, as all of you are unleavened. For even Christ our passover is sacrificed for us:"},{"Verseid":"45004007","Verse":"Therefore let us keep the feast, not with old leaven, neither with the leaven of malice and wickedness; but with the unleavened bread of sincerity and truth."},{"Verseid":"45004008","Verse":"I wrote unto you in an epistle not to company with fornicators:"},{"Verseid":"45004009","Verse":"Yet not altogether with the fornicators of this world, or with the covetous, or extortionists, or with idolaters; for then must all of you essentially go out of the world."},{"Verseid":"45004010","Verse":"But now I have written unto you not to keep company, if any man that is called a brother be a fornicator, or covetous, or an idolater, or a reviler, or a drunkard, or an extortionist; with such an one no not to eat."},{"Verseid":"45004011","Verse":"For what have I to do to judge them also that are without? do not all of you judge them that are within?"},{"Verseid":"45004012","Verse":"But them that are without God judges. Therefore put away from among yourselves that wicked person."}]},{"Verse":[{"Verseid":"45005000","Verse":"Dare any of you, having a matter against another, go to law before the unjust, and not before the saints?"},{"Verseid":"45005001","Verse":"Do all of you not know that the saints shall judge the world? and if the world shall be judged by you, are all of you unworthy to judge the smallest matters?"},{"Verseid":"45005002","Verse":"Know all of you not that we shall judge angels? how much more things that pertain to this life?"},{"Verseid":"45005003","Verse":"If then all of you have judgments of things pertaining to this life, set them to judge who are least esteemed in the church."},{"Verseid":"45005004","Verse":"I speak to your shame. Is it so, that there is not a wise man among you? no, not one that shall be able to judge between his brethren?"},{"Verseid":"45005005","Verse":"But brother goes to law with brother, and that before the unbelievers."},{"Verseid":"45005006","Verse":"Now therefore there is utterly a fault among you, because all of you go to law one with another. Why do all of you not rather endure wrong? why do all of you not rather suffer yourselves to be defrauded?"},{"Verseid":"45005007","Verse":"Nay, all of you do wrong, and defraud, and that your brethren."},{"Verseid":"45005008","Verse":"Know all of you not that the unrighteous shall not inherit the kingdom of God? Be not deceived: neither fornicators, nor idolaters, nor adulterers, nor effeminate, nor abusers of themselves with mankind,"},{"Verseid":"45005009","Verse":"Nor thieves, nor covetous, nor drunkards, nor revilers, nor extortionists, shall inherit the kingdom of God."},{"Verseid":"45005010","Verse":"And such were some of you: but all of you are washed, but all of you are sanctified, but all of you are justified in the name of the Lord Jesus, and by the Spirit of our God."},{"Verseid":"45005011","Verse":"All things are lawful unto me, but all things are not expedient: all things are lawful for me, but I will not be brought under the power of any."},{"Verseid":"45005012","Verse":"Meats for the belly, and the belly for meats: but God shall destroy both it and them. Now the body is not for fornication, but for the Lord; and the Lord for the body."},{"Verseid":"45005013","Verse":"And God has both raised up the Lord, and will also raise up us by his own power."},{"Verseid":"45005014","Verse":"Know all of you not that your bodies are the members of Christ? shall I then take the members of Christ, and make them the members of an harlot? God forbid."},{"Verseid":"45005015","Verse":"What? know all of you not that he which is joined to an harlot is one body? for two, says he, shall be one flesh."},{"Verseid":"45005016","Verse":"But he that is joined unto the Lord is one spirit."},{"Verseid":"45005017","Verse":"Flee fornication. Every sin that a man does is without the body; but he that commits fornication sins against his own body."},{"Verseid":"45005018","Verse":"What? know all of you not that your body is the temple of the Holy Spirit which is in you, which all of you have of God, and all of you are not your own?"},{"Verseid":"45005019","Verse":"For all of you are bought with a price: therefore glorify God in your body, and in your spirit, which are God's."}]},{"Verse":[{"Verseid":"45006000","Verse":"Now concerning the things whereof all of you wrote unto me: It is good for a man not to touch a woman."},{"Verseid":"45006001","Verse":"Nevertheless, to avoid fornication, let every man have his own wife, and let every woman have her own husband."},{"Verseid":"45006002","Verse":"Let the husband render unto the wife due benevolence: and likewise also the wife unto the husband."},{"Verseid":"45006003","Verse":"The wife has not power of her own body, but the husband: and likewise also the husband has not power of his own body, but the wife."},{"Verseid":"45006004","Verse":"Defraud all of you not one the other, except it be with consent for a time, that all of you may give yourselves to fasting and prayer; and come together again, that Satan tempt you not for your incontinency."},{"Verseid":"45006005","Verse":"But I speak this by permission, and not of commandment."},{"Verseid":"45006006","Verse":"For I would that all men were even as I myself. But every man has his proper gift of God, one after this manner, and another after that."},{"Verseid":"45006007","Verse":"I say therefore to the unmarried and widows, It is good for them if they abide even as I."},{"Verseid":"45006008","Verse":"But if they cannot contain, let them marry: for it is better to marry than to burn."},{"Verseid":"45006009","Verse":"And unto the married I command, yet not I, but the Lord, Let not the wife depart from her husband:"},{"Verseid":"45006010","Verse":"But and if she depart, let her remain unmarried or be reconciled to her husband: and let not the husband put away his wife."},{"Verseid":"45006011","Verse":"But to the rest speak I, not the Lord: If any brother has a wife that believes not, and she be pleased to dwell with him, let him not put her away."},{"Verseid":"45006012","Verse":"And the woman which has an husband that believes not, and if he be pleased to dwell with her, let her not leave him."},{"Verseid":"45006013","Verse":"For the unbelieving husband is sanctified by the wife, and the unbelieving wife is sanctified by the husband: else were your children unclean; but now are they holy."},{"Verseid":"45006014","Verse":"But if the unbelieving depart, let him depart. A brother or a sister is not under bondage in such cases: but God has called us to peace."},{"Verseid":"45006015","Verse":"For what know you, O wife, whether you shall save your husband? or how know you, O man, whether you shall save your wife?"},{"Verseid":"45006016","Verse":"But as God has distributed to every man, as the Lord has called every one, so let him walk. And so ordain I in all churches."},{"Verseid":"45006017","Verse":"Is any man called being circumcised? let him not become uncircumcised. Is any called in uncircumcision? let him not be circumcised."},{"Verseid":"45006018","Verse":"Circumcision is nothing, and uncircumcision is nothing, but the keeping of the commandments of God."},{"Verseid":"45006019","Verse":"Let every man abide in the same calling wherein he was called."},{"Verseid":"45006020","Verse":"Are you called being a servant? care not for it: but if you may be made free, use it rather."},{"Verseid":"45006021","Verse":"For he that is called in the Lord, being a servant, is the Lord's freeman: likewise also he that is called, being free, is Christ's servant."},{"Verseid":"45006022","Verse":"All of you are bought with a price; be not all of you the servants of men."},{"Verseid":"45006023","Verse":"Brethren, let every man, wherein he is called, therein abide with God."},{"Verseid":"45006024","Verse":"Now concerning virgins I have no commandment of the Lord: yet I give my judgment, as one that has obtained mercy of the Lord to be faithful."},{"Verseid":"45006025","Verse":"I suppose therefore that this is good for the present distress, I say, that it is good for a man so to be."},{"Verseid":"45006026","Verse":"Are you bound unto a wife? seek not to be loosed. Are you loosed from a wife? seek not a wife."},{"Verseid":"45006027","Verse":"But and if you marry, you have not sinned; and if a virgin marry, she has not sinned. Nevertheless such shall have trouble in the flesh: but I spare you."},{"Verseid":"45006028","Verse":"But this I say, brethren, the time is short: it remains, that both they that have wives be as though they had none;"},{"Verseid":"45006029","Verse":"And they that weep, as though they wept not; and they that rejoice, as though they rejoiced not; and they that buy, as though they possessed not;"},{"Verseid":"45006030","Verse":"And they that use this world, as not abusing it: for the fashion of this world passes away."},{"Verseid":"45006031","Verse":"But I would have you without carefulness. He that is unmarried cares for the things that belong to the Lord, how he may please the Lord:"},{"Verseid":"45006032","Verse":"But he that is married cares for the things that are of the world, how he may please his wife."},{"Verseid":"45006033","Verse":"There is difference also between a wife and a virgin. The unmarried woman cares for the things of the Lord, that she may be holy both in body and in spirit: but she that is married cares for the things of the world, how she may please her husband."},{"Verseid":"45006034","Verse":"And this I speak for your own profit; not that I may cast a snare upon you, but for that which is comely, and that all of you may attend upon the Lord without distraction."},{"Verseid":"45006035","Verse":"But if any man think that he behaves himself indecent toward his virgin, if she pass the flower of her age, and need so require, let him do what he will, he sins not: let them marry."},{"Verseid":"45006036","Verse":"Nevertheless he that stands steadfast in his heart, having no necessity, but has power over his own will, and has so decreed in his heart that he will keep his virgin, does well."},{"Verseid":"45006037","Verse":"So then he that gives her in marriage does well; but he that gives her not in marriage does better."},{"Verseid":"45006038","Verse":"The wife is bound by the law as long as her husband lives; but if her husband be dead, she is at liberty to be married to whom she will; only in the Lord."},{"Verseid":"45006039","Verse":"But she is happier if she so abide, after my judgment: and I think also that I have the Spirit of God."}]},{"Verse":[{"Verseid":"45007000","Verse":"Now as concerning things offered unto idols, we know that we all have knowledge. Knowledge puffs up, but love edifies."},{"Verseid":"45007001","Verse":"And if any man think that he knows any thing, he knows nothing yet as he ought to know."},{"Verseid":"45007002","Verse":"But if any man love God, the same is known of him."},{"Verseid":"45007003","Verse":"As concerning therefore the eating of those things that are offered in sacrifice unto idols, we know that an idol is nothing in the world, and that there is no other God but one."},{"Verseid":"45007004","Verse":"For though there be that are called gods, whether in heaven or in earth, (as there be gods many, and lords many,)"},{"Verseid":"45007005","Verse":"But to us there is but one God, the Father, of whom are all things, and we in him; and one Lord Jesus Christ, by whom are all things, and we by him."},{"Verseid":"45007006","Verse":"Nevertheless there is not in every man that knowledge: for some with conscience of the idol unto this hour eat it as a thing offered unto an idol; and their conscience being weak is defiled."},{"Verseid":"45007007","Verse":"But food commends us not to God: for neither, if we eat, are we the better; neither, if we eat not, are we the worse."},{"Verseid":"45007008","Verse":"But take heed lest by any means this liberty of your's become a stumbling block to them that are weak."},{"Verseid":"45007009","Verse":"For if any man see you which have knowledge sit to eat in the idol's temple, shall not the conscience of him which is weak be emboldened to eat those things which are offered to idols;"},{"Verseid":"45007010","Verse":"And through your knowledge shall the weak brother perish, for whom Christ died?"},{"Verseid":"45007011","Verse":"But when all of you sin so against the brethren, and wound their weak conscience, all of you sin against Christ."},{"Verseid":"45007012","Verse":"Wherefore, if food make my brother to offend, I will eat no flesh while the world stands, lest I make my brother to offend."}]},{"Verse":[{"Verseid":"45008000","Verse":"Am I not an apostle? am I not free? have I not seen Jesus Christ our Lord? are not all of you my work in the Lord?"},{"Verseid":"45008001","Verse":"If I be not an apostle unto others, yet doubtless I am to you: for the seal of mine apostleship are all of you in the Lord."},{"Verseid":"45008002","Verse":"Mine answer to them that do examine me is this,"},{"Verseid":"45008003","Verse":"Have we not power to eat and to drink?"},{"Verseid":"45008004","Verse":"Have we not power to lead about a sister, a wife, as well as other apostles, and as the brethren of the Lord, and Cephas?"},{"Verseid":"45008005","Verse":"Or I only and Barnabas, have not we power to forbear working?"},{"Verseid":"45008006","Verse":"Who goes a warfare any time at his own charges? who plants a vineyard, and eats not of the fruit thereof? or who feeds a flock, and eats not of the milk of the flock?"},{"Verseid":"45008007","Verse":"Say I these things as a man? or says not the law the same also?"},{"Verseid":"45008008","Verse":"For it is written in the law of Moses, You shall not suppress the mouth of the ox that treads out the corn. Does God take care for oxen?"},{"Verseid":"45008009","Verse":"Or says he it altogether for our sakes? For our sakes, no doubt, this is written: that he that plows should plow in hope; and that he that threshes in hope should be partaker of his hope."},{"Verseid":"45008010","Verse":"If we have sown unto you spiritual things, is it a great thing if we shall reap your carnal things?"},{"Verseid":"45008011","Verse":"If others be partakers of this power over you, are not we rather? Nevertheless we have not used this power; but suffer all things, lest we should hinder the gospel of Christ."},{"Verseid":"45008012","Verse":"Do all of you not know that they which minister about holy things live of the things of the temple? and they which wait at the altar are partakers with the altar?"},{"Verseid":"45008013","Verse":"Even so has the Lord ordained that they which preach the gospel should live of the gospel."},{"Verseid":"45008014","Verse":"But I have used none of these things: neither have I written these things, that it should be so done unto me: for it were better for me to die, than that any man should make my glorying void."},{"Verseid":"45008015","Verse":"For though I preach the gospel, I have nothing to glory of: for necessity is laid upon me; yea, woe is unto me, if I preach not the gospel!"},{"Verseid":"45008016","Verse":"For if I do this thing willingly, I have a reward: but if against my will, a dispensation of the gospel is committed unto me."},{"Verseid":"45008017","Verse":"What is my reward then? Verily that, when I preach the gospel, I may make the gospel of Christ without charge, that I abuse not my power in the gospel."},{"Verseid":"45008018","Verse":"For though I be free from all men, yet have I made myself servant unto all, that I might gain the more."},{"Verseid":"45008019","Verse":"And unto the Jews I became as a Jew, that I might gain the Jews; to them that are under the law, as under the law, that I might gain them that are under the law;"},{"Verseid":"45008020","Verse":"To them that are without law, as without law, (being not without law to God, but under the law to Christ,) that I might gain them that are without law."},{"Verseid":"45008021","Verse":"To the weak became I as weak, that I might gain the weak: I am made all things to all men, that I might by all means save some."},{"Verseid":"45008022","Verse":"And this I do for the gospel's sake, that I might be partaker thereof with you."},{"Verseid":"45008023","Verse":"Know all of you not that they which run in a race run all, but one receives the prize? So run, that all of you may obtain."},{"Verseid":"45008024","Verse":"And every man that strives for the mastery is temperate in all things. Now they do it to obtain a corruptible crown; but we an incorruptible."},{"Verseid":"45008025","Verse":"I therefore so run, not as uncertainly; so fight I, not as one that beats the air:"},{"Verseid":"45008026","Verse":"But I keep under my body, and bring it into subjection: lest that by any means, when I have preached to others, I myself should be a castaway."}]},{"Verse":[{"Verseid":"45009000","Verse":"Moreover, brethren, I would not that all of you should be ignorant, how that all our fathers were under the cloud, and all passed through the sea;"},{"Verseid":"45009001","Verse":"And were all baptized unto Moses in the cloud and in the sea;"},{"Verseid":"45009002","Verse":"And did all eat the same spiritual food;"},{"Verseid":"45009003","Verse":"And did all drink the same spiritual drink: for they drank of that spiritual Rock that followed them: and that Rock was Christ."},{"Verseid":"45009004","Verse":"But with many of them God was not well pleased: for they were overthrown in the wilderness."},{"Verseid":"45009005","Verse":"Now these things were our examples, to the intent we should not lust after evil things, as they also lusted."},{"Verseid":"45009006","Verse":"Neither be all of you idolaters, as were some of them; as it is written, The people sat down to eat and drink, and rose up to play."},{"Verseid":"45009007","Verse":"Neither let us commit fornication, as some of them committed, and fell in one day three and twenty thousand."},{"Verseid":"45009008","Verse":"Neither let us tempt Christ, as some of them also tempted, and were destroyed of serpents."},{"Verseid":"45009009","Verse":"Neither murmur all of you, as some of them also murmured, and were destroyed of the destroyer."},{"Verseid":"45009010","Verse":"Now all these things happened unto them for ensamples: and they are written for our admonition, upon whom the ends of the world are come."},{"Verseid":"45009011","Verse":"Wherefore let him that thinks he stands take heed lest he fall."},{"Verseid":"45009012","Verse":"There has no temptation taken you but such as is common to man: but God is faithful, who will not suffer you to be tempted above that all of you are able; but will with the temptation also make a way to escape, that all of you may be able to bear it."},{"Verseid":"45009013","Verse":"Wherefore, my dearly beloved, flee from idolatry."},{"Verseid":"45009014","Verse":"I speak as to wise men; judge all of you what I say."},{"Verseid":"45009015","Verse":"The cup of blessing which we bless, is it not the communion of the blood of Christ? The bread which we break, is it not the communion of the body of Christ?"},{"Verseid":"45009016","Verse":"For we being many are one bread, and one body: for we are all partakers of that one bread."},{"Verseid":"45009017","Verse":"Behold Israel after the flesh: are not they which eat of the sacrifices partakers of the altar?"},{"Verseid":"45009018","Verse":"What say I then? that the idol is any thing, or that which is offered in sacrifice to idols is any thing?"},{"Verseid":"45009019","Verse":"But I say, that the things which the Gentiles sacrifice, they sacrifice to devils, and not to God: and I would not that all of you should have fellowship with devils."},{"Verseid":"45009020","Verse":"All of you cannot drink the cup of the Lord, and the cup of devils: all of you cannot be partakers of the Lord's table, and of the table of devils."},{"Verseid":"45009021","Verse":"Do we provoke the Lord to jealousy? are we stronger than he?"},{"Verseid":"45009022","Verse":"All things are lawful for me, but all things are not expedient: all things are lawful for me, but all things edify not."},{"Verseid":"45009023","Verse":"Let no man seek his own, but every man another's wealth."},{"Verseid":"45009024","Verse":"Whatsoever is sold in the shambles, that eat, asking no question for conscience sake:"},{"Verseid":"45009025","Verse":"For the earth is the Lord's, and the fullness thereof."},{"Verseid":"45009026","Verse":"If any of them that believe not bid you to a feast, and all of you be disposed to go; whatsoever is set before you, eat, asking no question for conscience sake."},{"Verseid":"45009027","Verse":"But if any man say unto you, This is offered in sacrifice unto idols, eat not for his sake that showed it, and for conscience sake: for the earth is the Lord's, and the fullness thereof:"},{"Verseid":"45009028","Verse":"Conscience, I say, not yours own, but of the other: for why is my liberty judged of another man's conscience?"},{"Verseid":"45009029","Verse":"For if I by grace be a partaker, why am I evil spoken of for that for which I give thanks?"},{"Verseid":"45009030","Verse":"Whether therefore all of you eat, or drink, or whatsoever all of you do, do all to the glory of God."},{"Verseid":"45009031","Verse":"Give none offence, neither to the Jews, nor to the Gentiles, nor to the church of God:"},{"Verseid":"45009032","Verse":"Even as I please all men in all things, not seeking mine own profit, but the profit of many, that they may be saved."}]},{"Verse":[{"Verseid":"45010000","Verse":"Be all of you followers of me, even as I also am of Christ."},{"Verseid":"45010001","Verse":"Now I praise you, brethren, that all of you remember me in all things, and keep the ordinances, as I delivered them to you."},{"Verseid":"45010002","Verse":"But I would have you know, that the head of every man is Christ; and the head of the woman is the man; and the head of Christ is God."},{"Verseid":"45010003","Verse":"Every man praying or prophesying, having his head covered, dishonours his head."},{"Verseid":"45010004","Verse":"But every woman that prays or prophesies with her head uncovered dishonours her head: for that is even all one as if she were shaven."},{"Verseid":"45010005","Verse":"For if the woman be not covered, let her also be shorn: but if it be a shame for a woman to be shorn or shaven, let her be covered."},{"Verseid":"45010006","Verse":"For a man indeed ought not to cover his head, forasmuch as he is the image and glory of God: but the woman is the glory of the man."},{"Verseid":"45010007","Verse":"For the man is not of the woman: but the woman of the man."},{"Verseid":"45010008","Verse":"Neither was the man created for the woman; but the woman for the man."},{"Verseid":"45010009","Verse":"For this cause ought the woman to have power on her head because of the angels."},{"Verseid":"45010010","Verse":"Nevertheless neither is the man without the woman, neither the woman without the man, in the Lord."},{"Verseid":"45010011","Verse":"For as the woman is of the man, even so is the man also by the woman; but all things of God."},{"Verseid":"45010012","Verse":"Judge in yourselves: is it comely that a woman pray unto God uncovered?"},{"Verseid":"45010013","Verse":"Does not even nature itself teach you, that, if a man have long hair, it is a shame unto him?"},{"Verseid":"45010014","Verse":"But if a woman have long hair, it is a glory to her: for her hair is given her for a covering."},{"Verseid":"45010015","Verse":"But if any man seem to be contentious, we have no such custom, neither the churches of God."},{"Verseid":"45010016","Verse":"Now in this that I declare unto you I praise you not, that all of you come together not for the better, but for the worse."},{"Verseid":"45010017","Verse":"For first of all, when all of you come together in the church, I hear that there be divisions among you; and I partly believe it."},{"Verseid":"45010018","Verse":"For there must be also heresies among you, that they which are approved may be made manifest among you."},{"Verseid":"45010019","Verse":"When all of you come together therefore into one place, this is not to eat the Lord's supper."},{"Verseid":"45010020","Verse":"For in eating every one takes before other his own supper: and one is hungry, and another is drunken."},{"Verseid":"45010021","Verse":"What? have all of you not houses to eat and to drink in? or despise all of you the church of God, and shame them that have not? What shall I say to you? shall I praise you in this? I praise you not."},{"Verseid":"45010022","Verse":"For I have received of the Lord that which also I delivered unto you, That the Lord Jesus the same night in which he was betrayed took bread:"},{"Verseid":"45010023","Verse":"And when he had given thanks, he brake it, and said, Take, eat: this is my body, which is broken for you: this do in remembrance of me."},{"Verseid":"45010024","Verse":"After the same manner also he took the cup, when he had supped, saying, This cup is the new testament in my blood: this do all of you, as often as all of you drink it, in remembrance of me."},{"Verseid":"45010025","Verse":"For as often as all of you eat this bread, and drink this cup, all of you do show the Lord's death till he comes."},{"Verseid":"45010026","Verse":"Wherefore whosoever shall eat this bread, and drink this cup of the Lord, unworthily, shall be guilty of the body and blood of the Lord."},{"Verseid":"45010027","Verse":"But let a man examine himself, and so let him eat of that bread, and drink of that cup."},{"Verseid":"45010028","Verse":"For he that eats and drinks unworthily, eats and drinks damnation to himself, not discerning the Lord's body."},{"Verseid":"45010029","Verse":"For this cause many are weak and sickly among you, and many sleep."},{"Verseid":"45010030","Verse":"For if we would judge ourselves, we should not be judged."},{"Verseid":"45010031","Verse":"But when we are judged, we are chastened of the Lord, that we should not be condemned with the world."},{"Verseid":"45010032","Verse":"Wherefore, my brethren, when all of you come together to eat, tarry one for another."},{"Verseid":"45010033","Verse":"And if any man hunger, let him eat at home; that all of you come not together unto condemnation. And the rest will I set in order when I come."}]},{"Verse":[{"Verseid":"45011000","Verse":"Now concerning spiritual gifts, brethren, I would not have you ignorant."},{"Verseid":"45011001","Verse":"All of you know that all of you were Gentiles, carried away unto these dumb idols, even as all of you were led."},{"Verseid":"45011002","Verse":"Wherefore I give you to understand, that no man speaking by the Spirit of God calls Jesus accursed: and that no man can say that Jesus is the Lord, but by the Holy Spirit."},{"Verseid":"45011003","Verse":"Now there are diversities of gifts, but the same Spirit."},{"Verseid":"45011004","Verse":"And there are differences of administrations, but the same Lord."},{"Verseid":"45011005","Verse":"And there are diversities of operations, but it is the same God which works all in all."},{"Verseid":"45011006","Verse":"But the manifestation of the Spirit is given to every man to profit likewise."},{"Verseid":"45011007","Verse":"In order to one is given by the Spirit the word of wisdom; to another the word of knowledge by the same Spirit;"},{"Verseid":"45011008","Verse":"To another faith by the same Spirit; to another the gifts of healing by the same Spirit;"},{"Verseid":"45011009","Verse":"To another the working of miracles; to another prophecy; to another discerning of spirits; to another divers kinds of tongues; to another the interpretation of tongues:"},{"Verseid":"45011010","Verse":"But all these works that one and the very same Spirit, dividing to every man severally as he will."},{"Verseid":"45011011","Verse":"For as the body is one, and has many members, and all the members of that one body, being many, are one body: so also is Christ."},{"Verseid":"45011012","Verse":"For by one Spirit are we all baptized into one body, whether we be Jews or Gentiles, whether we be bond or free; and have been all made to drink into one Spirit."},{"Verseid":"45011013","Verse":"For the body is not one member, but many."},{"Verseid":"45011014","Verse":"If the foot shall say, Because I am not the hand, I am not of the body; is it therefore not of the body?"},{"Verseid":"45011015","Verse":"And if the ear shall say, Because I am not the eye, I am not of the body; is it therefore not of the body?"},{"Verseid":"45011016","Verse":"If the whole body were an eye, where were the hearing? If the whole were hearing, where were the smelling?"},{"Verseid":"45011017","Verse":"But now has God set the members every one of them in the body, as it has pleased him."},{"Verseid":"45011018","Verse":"And if they were all one member, where were the body?"},{"Verseid":"45011019","Verse":"But now are they many members, yet but one body."},{"Verseid":"45011020","Verse":"And the eye cannot say unto the hand, I have no need of you: nor again the head to the feet, I have no need of you."},{"Verseid":"45011021","Verse":"Nay, much more those members of the body, which seem to be more feeble, are necessary:"},{"Verseid":"45011022","Verse":"And those members of the body, which we think to be less honourable, upon these we bestow more abundant honour; and our indecent parts have more abundant loveliness."},{"Verseid":"45011023","Verse":"For our comely parts have no need: but God has tempered the body together, having given more abundant honour to that part which lacked."},{"Verseid":"45011024","Verse":"That there should be no division in the body; but that the members should have the same care one for another."},{"Verseid":"45011025","Verse":"And whether one member suffer, all the members suffer with it; or one member be honoured, all the members rejoice with it."},{"Verseid":"45011026","Verse":"Now all of you are the body of Christ, and members in particular."},{"Verseid":"45011027","Verse":"And God has set some in the church, first apostles, secondly prophets, thirdly teachers, after that miracles, then gifts of healings, helps, governments, diversities of tongues."},{"Verseid":"45011028","Verse":"Are all apostles? are all prophets? are all teachers? are all workers of miracles?"},{"Verseid":"45011029","Verse":"Have all the gifts of healing? do all speak with tongues? do all interpret?"},{"Verseid":"45011030","Verse":"But covet earnestly the best gifts: and yet show I unto you a more excellent way."}]},{"Verse":[{"Verseid":"45012000","Verse":"Though I speak with the tongues of men and of angels, and have not love, I am become as sounding brass, or a tinkling cymbal."},{"Verseid":"45012001","Verse":"And though I have the gift of prophecy, and understand all mysteries, and all knowledge; and though I have all faith, so that I could remove mountains, and have not love, I am nothing."},{"Verseid":"45012002","Verse":"And though I bestow all my goods to feed the poor, and though I give my body to be burned, and have not love, it profits me nothing."},{"Verseid":"45012003","Verse":"Love suffers long, and is kind; love envies not; love vaunts not itself, is not puffed up,"},{"Verseid":"45012004","Verse":"Does not behave itself unseemly, seeks not her own, is not easily provoked, thinks no evil;"},{"Verseid":"45012005","Verse":"Rejoices not in iniquity, but rejoices in the truth;"},{"Verseid":"45012006","Verse":"Bears all things, believes all things, hopes all things, endures all things."},{"Verseid":"45012007","Verse":"Love never fails: but whether there be prophecies, they shall fail; whether there be tongues, they shall cease; whether there be knowledge, it shall vanish away."},{"Verseid":"45012008","Verse":"For we know in part, and we prophesy in part."},{"Verseid":"45012009","Verse":"But when that which is perfect has come, then that which is in part shall be done away."},{"Verseid":"45012010","Verse":"When I was a child, I spoke as a child, I understood as a child, I thought as a child: but when I became a man, I put away childish things."},{"Verseid":"45012011","Verse":"For now we see through a glass, darkly; but then face to face: now I know in part; but then shall I know even as also I am known."},{"Verseid":"45012012","Verse":"And now abides faith, hope, love, these three; but the greatest of these is love."}]},{"Verse":[{"Verseid":"45013000","Verse":"Follow after love, and desire spiritual gifts, but rather that all of you may prophesy."},{"Verseid":"45013001","Verse":"For he that speaks in an unknown tongue speaks not unto men, but unto God: for no man understands him; nevertheless in the spirit he speaks mysteries."},{"Verseid":"45013002","Verse":"But he that prophesies speaks unto men to edification, and exhortation, and comfort."},{"Verseid":"45013003","Verse":"He that speaks in an unknown tongue edifies himself; but he that prophesies edifies the church."},{"Verseid":"45013004","Verse":"I would that all of you all spoke with tongues but rather that all of you prophesied: for greater is he that prophesies than he that speaks with tongues, except he interpret, that the church may receive edifying."},{"Verseid":"45013005","Verse":"Now, brethren, if I come unto you speaking with tongues, what shall I profit you, except I shall speak to you either by revelation, or by knowledge, or by prophesying, or by doctrine?"},{"Verseid":"45013006","Verse":"And even things without life giving sound, whether pipe or harp, except they give a distinction in the sounds, how shall it be known what is piped or harped?"},{"Verseid":"45013007","Verse":"For if the trumpet give an uncertain sound, who shall prepare himself to the battle?"},{"Verseid":"45013008","Verse":"So likewise all of you, except all of you utter by the tongue words easy to be understood, how shall it be known what is spoken? for all of you shall speak into the air."},{"Verseid":"45013009","Verse":"There are, it may be, so many kinds of voices in the world, and none of them is without signification."},{"Verseid":"45013010","Verse":"Therefore if I know not the meaning of the voice, I shall be unto him that speaks a barbarian, and he that speaks shall be a barbarian unto me."},{"Verseid":"45013011","Verse":"Even so all of you, forasmuch as all of you are zealous of spiritual gifts, seek that all of you may excel to the edifying of the church."},{"Verseid":"45013012","Verse":"Wherefore let him that speaks in an unknown tongue pray that he may interpret."},{"Verseid":"45013013","Verse":"For if I pray in an unknown tongue, my spirit prays, but my understanding is unfruitful."},{"Verseid":"45013014","Verse":"What is it then? I will pray with the spirit, and I will pray with the understanding also: I will sing with the spirit, and I will sing with the understanding also."},{"Verseid":"45013015","Verse":"Else when you shall bless with the spirit, how shall he that occupies the room of the unlearned say Amen at your giving of thanks, seeing he understands not what you says?"},{"Verseid":"45013016","Verse":"For you verily give thanks well, but the other is not edified."},{"Verseid":"45013017","Verse":"I thank my God, I speak with tongues more than all of you all:"},{"Verseid":"45013018","Verse":"Yet in the church I had rather speak five words with my understanding, that by my voice I might teach others also, than ten thousand words in an unknown tongue."},{"Verseid":"45013019","Verse":"Brethren, be not children in understanding: nevertheless in malice be all of you children, but in understanding be men."},{"Verseid":"45013020","Verse":"In the law it is written, With men of other tongues and other lips will I speak unto this people; and yet for all that will they not hear me, says the LORD."},{"Verseid":"45013021","Verse":"Wherefore tongues are for a sign, not to them that believe, but to them that believe not: but prophesying serves not for them that believe not, but for them which believe."},{"Verseid":"45013022","Verse":"If therefore the whole church be come together into one place, and all speak with tongues, and there come in those that are unlearned, or unbelievers, will they not say that all of you are mad?"},{"Verseid":"45013023","Verse":"But if all prophesy, and there come in one that believes not, or one unlearned, he is convinced of all, he is judged of all:"},{"Verseid":"45013024","Verse":"And thus are the secrets of his heart made manifest; and so falling down on his face he will worship God, and report that God is in you truthfully."},{"Verseid":"45013025","Verse":"How is it then, brethren? when all of you come together, every one of you has a psalm, has a doctrine, has a tongue, has a revelation, has an interpretation. Let all things be done unto edifying."},{"Verseid":"45013026","Verse":"If any man speak in an unknown tongue, let it be by two, or at the most by three, and that by course; and let one interpret."},{"Verseid":"45013027","Verse":"But if there be no interpreter, let him keep silence in the church; and let him speak to himself, and to God."},{"Verseid":"45013028","Verse":"Let the prophets speak two or three, and let the other judge."},{"Verseid":"45013029","Verse":"If any thing be revealed to another that sits by, let the first hold his peace."},{"Verseid":"45013030","Verse":"For all of you may all prophesy one by one, that all may learn, and all may be comforted."},{"Verseid":"45013031","Verse":"And the spirits of the prophets are subject to the prophets."},{"Verseid":"45013032","Verse":"For God is not the author of confusion, but of peace, as in all churches of the saints."},{"Verseid":"45013033","Verse":"Let your women keep silence in the churches: for it is not permitted unto them to speak; but they are commanded to be under obedience as also says the law."},{"Verseid":"45013034","Verse":"And if they will learn any thing, let them ask their husbands at home: for it is a shame for women to speak in the church."},{"Verseid":"45013035","Verse":"What? came the word of God out from you? or came it unto you only?"},{"Verseid":"45013036","Verse":"If any man think himself to be a prophet, or spiritual, let him acknowledge that the things that I write unto you are the commandments of the Lord."},{"Verseid":"45013037","Verse":"But if any man be ignorant, let him be ignorant."},{"Verseid":"45013038","Verse":"Wherefore, brethren, covet to prophesy, and forbid not to speak with tongues."},{"Verseid":"45013039","Verse":"Let all things be done decently and in order."}]},{"Verse":[{"Verseid":"45014000","Verse":"Moreover, brethren, I declare unto you the gospel which I preached unto you, which also all of you have received, and wherein all of you stand;"},{"Verseid":"45014001","Verse":"By which also all of you are saved, if all of you keep in memory what I preached unto you, unless all of you have believed in vain."},{"Verseid":"45014002","Verse":"For I delivered unto you first of all that which I also received, how that Christ died for our sins according to the scriptures;"},{"Verseid":"45014003","Verse":"And that he was buried, and that he rose again the third day according to the scriptures:"},{"Verseid":"45014004","Verse":"And that he was seen of Cephas, then of the twelve:"},{"Verseid":"45014005","Verse":"After that, he was seen of above five hundred brethren at once; of whom the greater part remain unto this present, but some are fallen asleep."},{"Verseid":"45014006","Verse":"After that, he was seen of James; then of all the apostles."},{"Verseid":"45014007","Verse":"And last of all he was seen of me also, as of one born out of due time."},{"Verseid":"45014008","Verse":"For I am the least of the apostles, that am not meet to be called an apostle, because I persecuted the church of God."},{"Verseid":"45014009","Verse":"But by the grace of God I am what I am: and his grace which was bestowed upon me was not in vain; but I laboured more abundantly than they all: yet not I, but the grace of God which was with me."},{"Verseid":"45014010","Verse":"Therefore whether it were I or they, so we preach, and so all of you believed."},{"Verseid":"45014011","Verse":"Now if Christ be preached that he rose from the dead, how say some among you that there is no resurrection of the dead?"},{"Verseid":"45014012","Verse":"But if there be no resurrection of the dead, then is Christ not risen:"},{"Verseid":"45014013","Verse":"And if Christ be not risen, then is our preaching vain, and your faith is also vain."},{"Verseid":"45014014","Verse":"Yea, and we are found false witnesses of God; because we have testified of God that he raised up Christ: whom he raised not up, if so be that the dead rise not."},{"Verseid":"45014015","Verse":"For if the dead rise not, then is not Christ raised:"},{"Verseid":"45014016","Verse":"And if Christ be not raised, your faith is vain; all of you are yet in your sins."},{"Verseid":"45014017","Verse":"Then they also which are fallen asleep in Christ are perished."},{"Verseid":"45014018","Verse":"If in this life only we have hope in Christ, we are of all men most miserable."},{"Verseid":"45014019","Verse":"But now is Christ risen from the dead, and become the first-fruits of them that slept."},{"Verseid":"45014020","Verse":"For since by man came death, by man came also the resurrection of the dead."},{"Verseid":"45014021","Verse":"For as in Adam all die, even so in Christ shall all be made alive."},{"Verseid":"45014022","Verse":"But every man in his own order: Christ the first-fruits; afterward they that are Christ's at his coming."},{"Verseid":"45014023","Verse":"Then comes the end, when he shall have delivered up the kingdom to God, even the Father; when he shall have put down all rule and all authority and power."},{"Verseid":"45014024","Verse":"For he must reign, till he has put all enemies under his feet."},{"Verseid":"45014025","Verse":"The last enemy that shall be destroyed is death."},{"Verseid":"45014026","Verse":"For he has put all things under his feet. But when he says all things are put under him, it is manifest that he is excepted, which did put all things under him."},{"Verseid":"45014027","Verse":"And when all things shall be subdued unto him, then shall the Son also himself be subject unto him that put all things under him, that God may be all in all."},{"Verseid":"45014028","Verse":"Else what shall they do which are baptized for the dead, if the dead rise not at all? why are they then baptized for the dead?"},{"Verseid":"45014029","Verse":"And why stand we in jeopardy every hour?"},{"Verseid":"45014030","Verse":"I protest by your rejoicing which I have in Christ Jesus our LORD, I die daily."},{"Verseid":"45014031","Verse":"If after the manner of men I have fought with beasts at Ephesus, what advantages it me, if the dead rise not? let us eat and drink; in order to morrow we die."},{"Verseid":"45014032","Verse":"Be not deceived: evil communications corrupt good manners."},{"Verseid":"45014033","Verse":"Awake to righteousness, and sin not; for some have not the knowledge of God: I speak this to your shame."},{"Verseid":"45014034","Verse":"But some man will say, How are the dead raised up? and with what body do they come?"},{"Verseid":"45014035","Verse":"You fool, that which you sow is not quickened, except it die:"},{"Verseid":"45014036","Verse":"And that which you sow, you sow not that body that shall be, but bare grain, it may chance of wheat, or of some other grain:"},{"Verseid":"45014037","Verse":"But God gives it a body as it has pleased him, and to every seed his own body."},{"Verseid":"45014038","Verse":"All flesh is not the same flesh: but there is one kind of flesh of men, another flesh of beasts, another of fishes, and another of birds."},{"Verseid":"45014039","Verse":"There are also celestial bodies, and bodies terrestrial: but the glory of the celestial is one, and the glory of the terrestrial is another."},{"Verseid":"45014040","Verse":"There is one glory of the sun, and another glory of the moon, and another glory of the stars: for one star differs from another star in glory."},{"Verseid":"45014041","Verse":"So also is the resurrection of the dead. It is sown in corruption; it is raised in incorruption:"},{"Verseid":"45014042","Verse":"It is sown in dishonour; it is raised in glory: it is sown in weakness; it is raised in power:"},{"Verseid":"45014043","Verse":"It is sown a natural body; it is raised a spiritual body. There is a natural body, and there is a spiritual body."},{"Verseid":"45014044","Verse":"And so it is written, The first man Adam was made a living soul; the last Adam was made a life- giving spirit."},{"Verseid":"45014045","Verse":"Nevertheless that was not first which is spiritual, but that which is natural; and afterward that which is spiritual."},{"Verseid":"45014046","Verse":"The first man is of the earth, earthy; the second man is the Lord from heaven."},{"Verseid":"45014047","Verse":"As is the earthy, such are they also that are earthy: and as is the heavenly, such are they also that are heavenly."},{"Verseid":"45014048","Verse":"And as we have borne the image of the earthy, we shall also bear the image of the heavenly."},{"Verseid":"45014049","Verse":"Now this I say, brethren, that flesh and blood cannot inherit the kingdom of God; neither does corruption inherit incorruption."},{"Verseid":"45014050","Verse":"Behold, I show you a mystery; We shall not all sleep, but we shall all be changed,"},{"Verseid":"45014051","Verse":"In a moment, in the twinkling of an eye, at the last trump: for the trumpet shall sound, and the dead shall be raised incorruptible, and we shall be changed."},{"Verseid":"45014052","Verse":"For this corruptible must put on incorruption, and this mortal must put on immortality."},{"Verseid":"45014053","Verse":"So when this corruptible shall have put on incorruption, and this mortal shall have put on immortality, then shall be brought to pass the saying that is written, Death is swallowed up in victory."},{"Verseid":"45014054","Verse":"O death, where is your sting? O grave, where is your victory?"},{"Verseid":"45014055","Verse":"The sting of death is sin; and the strength of sin is the law."},{"Verseid":"45014056","Verse":"But thanks be to God, which gives us the victory through our Lord Jesus Christ."},{"Verseid":"45014057","Verse":"Therefore, my beloved brethren, be all of you steadfast, immoveable, always abounding in the work of the Lord, forasmuch as all of you know that your labour is not in vain in the Lord."}]},{"Verse":[{"Verseid":"45015000","Verse":"Now concerning the collection for the saints, as I have given order to the churches of Galatia, even so do all of you."},{"Verseid":"45015001","Verse":"Upon the first day of the week let every one of you lay by him in store, as God has prospered him, that there be no gatherings when I come."},{"Verseid":"45015002","Verse":"And when I come, whomsoever all of you shall approve by your letters, them will I send to bring your liberality unto Jerusalem."},{"Verseid":"45015003","Verse":"And if it be meet that I go also, they shall go with me."},{"Verseid":"45015004","Verse":"Now I will come unto you, when I shall pass through Macedonia: for I do pass through Macedonia."},{"Verseid":"45015005","Verse":"And it may be that I will abide, yea, and winter with you, that all of you may bring me on my journey anywhere I go."},{"Verseid":"45015006","Verse":"For I will not see you now by the way; but I trust to tarry a while with you, if the Lord permit."},{"Verseid":"45015007","Verse":"But I will tarry at Ephesus until Pentecost."},{"Verseid":"45015008","Verse":"For a great door and effectual is opened unto me, and there are many adversaries."},{"Verseid":"45015009","Verse":"Now if Timotheus come, see that he may be with you without fear: for he works the work of the Lord, as I also do."},{"Verseid":"45015010","Verse":"Let no man therefore despise him: but conduct him forth in peace, that he may come unto me: for I look for him with the brethren."},{"Verseid":"45015011","Verse":"As concerning our brother Apollos, I greatly desired him to come unto you with the brethren: but his will was not at all to come at this time; but he will come when he shall have convenient time."},{"Verseid":"45015012","Verse":"Watch all of you, stand fast in the faith, quit you like men, be strong."},{"Verseid":"45015013","Verse":"Let all your things be done with love."},{"Verseid":"45015014","Verse":"I plead to (all of you know the house of Stephanas, that it is the first-fruits of Achaia, and that they have addicted themselves to the ministry of the saints,)"},{"Verseid":"45015015","Verse":"That all of you submit yourselves unto such, and to every one that helps with us, and labours."},{"Verseid":"45015016","Verse":"I am glad of the coming of Stephanas and Fortunatus and Achaicus: for that which was lacking on your part they have supplied."},{"Verseid":"45015017","Verse":"For they have refreshed my spirit and your's: therefore acknowledge all of you them that are such."},{"Verseid":"45015018","Verse":"The churches of Asia salute you. Aquila and Priscilla salute you much in the Lord, with the church that is in their house."},{"Verseid":"45015019","Verse":"All the brethren greet you. Greet all of you one another with an holy kiss."},{"Verseid":"45015020","Verse":"The salutation of me Paul with mine own hand."},{"Verseid":"45015021","Verse":"If any man love not the Lord Jesus Christ, let him be Anathema Maranatha."},{"Verseid":"45015022","Verse":"The grace of our Lord Jesus Christ be with you."},{"Verseid":"45015023","Verse":"My love be with you all in Christ Jesus. Amen."}]}]}