{"Chapter":[{"Verse":[{"Verseid":"51000000","Verse":"Paul, and Silvanus, and Timotheus, unto the church of the Thessalonians which is in God the Father and in the Lord Jesus Christ: Grace be unto you, and peace, from God our Father, and the Lord Jesus Christ."},{"Verseid":"51000001","Verse":"We give thanks to God always for you all, making mention of you in our prayers;"},{"Verseid":"51000002","Verse":"Remembering without ceasing your work of faith, and labour of love, and patience of hope in our Lord Jesus Christ, in the sight of God and our Father;"},{"Verseid":"51000003","Verse":"Knowing, brethren beloved, your election of God."},{"Verseid":"51000004","Verse":"For our gospel came not unto you in word only, but also in power, and in the Holy Spirit, and in much assurance; as all of you know what manner of men we were among you for your sake."},{"Verseid":"51000005","Verse":"And all of you became followers of us, and of the Lord, having received the word in much affliction, with joy of the Holy Spirit."},{"Verseid":"51000006","Verse":"So that all of you were ensamples to all that believe in Macedonia and Achaia."},{"Verseid":"51000007","Verse":"For from you sounded out the word of the Lord not only in Macedonia and Achaia, but also in every place your faith toward God is spread abroad; so that we need not to speak any thing."},{"Verseid":"51000008","Verse":"For they themselves show of us what manner of entering in we had unto you, and how all of you turned to God from idols to serve the living and true God;"},{"Verseid":"51000009","Verse":"And to wait for his Son from heaven, whom he raised from the dead, even Jesus, which delivered us from the wrath to come."}]},{"Verse":[{"Verseid":"51001000","Verse":"For yourselves, brethren, know our entrance in unto you, that it was not in vain:"},{"Verseid":"51001001","Verse":"But even after that we had suffered before, and were shamefully pleaded, as all of you know, at Philippi, we were bold in our God to speak unto you the gospel of God with much contention."},{"Verseid":"51001002","Verse":"For our exhortation was not of deceit, nor of uncleanness, nor in guile:"},{"Verseid":"51001003","Verse":"But as we were allowed of God to be put in trust with the gospel, even so we speak; not as pleasing men, but God, which tries our hearts."},{"Verseid":"51001004","Verse":"For neither at any time used we flattering words, as all of you know, nor a coat of covetousness; God is witness:"},{"Verseid":"51001005","Verse":"Nor of men sought we glory, neither of you, nor yet of others, when we might have been burdensome, as the apostles of Christ."},{"Verseid":"51001006","Verse":"But we were gentle among you, even as a nurse cherishes her children:"},{"Verseid":"51001007","Verse":"So being affectionately desirous of you, we were willing to have imparted unto you, not the gospel of God only, but also our own souls, because all of you were dear unto us."},{"Verseid":"51001008","Verse":"For all of you remember, brethren, our labour and travail: for labouring night and day, because we would not be chargeable unto any of you, we preached unto you the gospel of God."},{"Verseid":"51001009","Verse":"All of you are witnesses, and God also, how holily and justly and unblameably we behaved ourselves among you that believe:"},{"Verseid":"51001010","Verse":"As all of you know how we exhorted and comforted and charged every one of you, as a father does his children,"},{"Verseid":"51001011","Verse":"That all of you would walk worthy of God, who has called you unto his kingdom and glory."},{"Verseid":"51001012","Verse":"For this cause also thank we God without ceasing, because, when all of you received the word of God which all of you heard of us, all of you received it not as the word of men, but as it is in truth, the word of God, which effectually works also in you that believe."},{"Verseid":"51001013","Verse":"For all of you, brethren, became followers of the churches of God which in Judaea are in Christ Jesus: for all of you also have suffered like things of your own countrymen, even as they have of the Jews:"},{"Verseid":"51001014","Verse":"Who both killed the Lord Jesus, and their own prophets, and have persecuted us; and they please not God, and are contrary to all men:"},{"Verseid":"51001015","Verse":"Forbidding us to speak to the Gentiles that they might be saved, to fill up their sins always: for the wrath has come upon them to the uttermost."},{"Verseid":"51001016","Verse":"But we, brethren, being taken from you for a short time in presence, not in heart, endeavoured the more abundantly to see your face with great desire."},{"Verseid":"51001017","Verse":"Wherefore we would have come unto you, even I Paul, once and again; but Satan hindered us."},{"Verseid":"51001018","Verse":"For what is our hope, or joy, or crown of rejoicing? Are not even all of you in the presence of our Lord Jesus Christ at his coming?"},{"Verseid":"51001019","Verse":"For all of you are our glory and joy."}]},{"Verse":[{"Verseid":"51002000","Verse":"Wherefore when we could no longer forbear, we thought it good to be left at Athens alone;"},{"Verseid":"51002001","Verse":"And sent Timotheus, our brother, and minister of God, and our fellow labourer in the gospel of Christ, to establish you, and to comfort you concerning your faith:"},{"Verseid":"51002002","Verse":"That no man should be moved by these afflictions: for yourselves know that we are appointed thereunto."},{"Verseid":"51002003","Verse":"For verily, when we were with you, we told you before that we should suffer tribulation; even as it came to pass, and all of you know."},{"Verseid":"51002004","Verse":"For this cause, when I could no longer forbear, I sent to know your faith, lest by some means the tempter have tempted you, and our labour be in vain."},{"Verseid":"51002005","Verse":"But now when Timotheus came from you unto us, and brought us good tidings of your faith and love, and that all of you have good remembrance of us always, desiring greatly to see us, as we also to see you:"},{"Verseid":"51002006","Verse":"Therefore, brethren, we were comforted over you in all our affliction and distress by your faith:"},{"Verseid":"51002007","Verse":"For now we live, if all of you stand fast in the Lord."},{"Verseid":"51002008","Verse":"For what thanks can we render to God again for you, for all the joy wherewith we joy for your sakes before our God;"},{"Verseid":"51002009","Verse":"Night and day praying exceedingly that we might see your face, and might perfect that which is lacking in your faith?"},{"Verseid":"51002010","Verse":"Now God himself and our Father, and our Lord Jesus Christ, direct our way unto you."},{"Verseid":"51002011","Verse":"And the Lord make you to increase and abound in love one toward another, and toward all men, even as we do toward you:"},{"Verseid":"51002012","Verse":"To the end he may establish your hearts unblameable in holiness before God, even our Father, at the coming of our Lord Jesus Christ with all his saints."}]},{"Verse":[{"Verseid":"51003000","Verse":"Furthermore then we plead to you, brethren, and exhort you by the Lord Jesus, that as all of you have received of us how all of you ought to walk and to please God, so all of you would abound more and more."},{"Verseid":"51003001","Verse":"For all of you know what commandments we gave you by the Lord Jesus."},{"Verseid":"51003002","Verse":"For this is the will of God, even your sanctification, that all of you should abstain from fornication:"},{"Verseid":"51003003","Verse":"That every one of you should know how to possess his vessel in sanctification and honour;"},{"Verseid":"51003004","Verse":"Not in the lust of concupiscence, even as the Gentiles which know not God:"},{"Verseid":"51003005","Verse":"That no man go beyond and defraud his brother in any matter: because that the Lord is the avenger of all such, as we also have forewarned you and testified."},{"Verseid":"51003006","Verse":"For God has not called us unto uncleanness, but unto holiness."},{"Verseid":"51003007","Verse":"He therefore that despises, despises not man, but God, who has also given unto us his holy Spirit."},{"Verseid":"51003008","Verse":"But as concerning brotherly love all of you need not that I write unto you: for all of you yourselves are taught of God to love one another."},{"Verseid":"51003009","Verse":"And indeed all of you do it toward all the brethren which are in all Macedonia: but we plead to you, brethren, that all of you increase more and more;"},{"Verseid":"51003010","Verse":"And that all of you study to be quiet, and to do your own business, and to work with your own hands, as we commanded you;"},{"Verseid":"51003011","Verse":"That all of you may walk honestly toward them that are without, and that all of you may have lack of nothing."},{"Verseid":"51003012","Verse":"But I would not have you to be ignorant, brethren, concerning them which are asleep, that all of you sorrow not, even as others which have no hope."},{"Verseid":"51003013","Verse":"For if we believe that Jesus died and rose again, even so them also which sleep in Jesus will God bring with him."},{"Verseid":"51003014","Verse":"For this we say unto you by the word of the Lord, that we which are alive and remain unto the coming of the Lord shall not prevent them which are asleep."},{"Verseid":"51003015","Verse":"For the Lord himself shall descend from heaven with a shout, with the voice of the archangel, and with the trump of God: and the dead in Christ shall rise first:"},{"Verseid":"51003016","Verse":"Then we which are alive and remain shall be caught up together with them in the clouds, to meet the Lord in the air: and so shall we ever be with the Lord."},{"Verseid":"51003017","Verse":"Wherefore comfort one another with these words."}]},{"Verse":[{"Verseid":"51004000","Verse":"But of the times and the seasons, brethren, all of you have no need that I write unto you."},{"Verseid":"51004001","Verse":"For yourselves know perfectly that the day of the Lord so comes as a thief in the night."},{"Verseid":"51004002","Verse":"For when they shall say, Peace and safety; then sudden destruction comes upon them, as travail upon a woman with child; and they shall not escape."},{"Verseid":"51004003","Verse":"But all of you, brethren, are not in darkness, that that day should overtake you as a thief."},{"Verseid":"51004004","Verse":"All of you are all the children of light, and the children of the day: we are not of the night, nor of darkness."},{"Verseid":"51004005","Verse":"Therefore let us not sleep, as do others; but let us watch and be sober."},{"Verseid":"51004006","Verse":"For they that sleep sleep in the night; and they that be drunken are drunken in the night."},{"Verseid":"51004007","Verse":"But let us, who are of the day, be sober, putting on the breastplate of faith and love; and for an helmet, the hope of salvation."},{"Verseid":"51004008","Verse":"For God has not appointed us to wrath, but to obtain salvation by our Lord Jesus Christ,"},{"Verseid":"51004009","Verse":"Who died for us, that, whether we wake or sleep, we should live together with him."},{"Verseid":"51004010","Verse":"Wherefore comfort yourselves together, and edify one another, even as also all of you do."},{"Verseid":"51004011","Verse":"And we plead to you, brethren, to know them which labour among you, and are over you in the Lord, and admonish you;"},{"Verseid":"51004012","Verse":"And to esteem them very highly in love for their work's sake. And be at peace among yourselves."},{"Verseid":"51004013","Verse":"Now we exhort you, brethren, warn them that are unruly, comfort the feebleminded, support the weak, be patient toward all men."},{"Verseid":"51004014","Verse":"See that none render evil for evil unto any man; but ever follow that which is good, both among yourselves, and to all men."},{"Verseid":"51004015","Verse":"Rejoice evermore."},{"Verseid":"51004016","Verse":"Pray without ceasing."},{"Verseid":"51004017","Verse":"In every thing give thanks: for this is the will of God in Christ Jesus concerning you."},{"Verseid":"51004018","Verse":"Quench not the Spirit."},{"Verseid":"51004019","Verse":"Despise not prophesyings."},{"Verseid":"51004020","Verse":"Prove all things; hold fast that which is good."},{"Verseid":"51004021","Verse":"Abstain from all appearance of evil."},{"Verseid":"51004022","Verse":"And the very God of peace sanctify you wholly; and I pray God your whole spirit and soul and body be preserved blameless unto the coming of our Lord Jesus Christ."},{"Verseid":"51004023","Verse":"Faithful is he that calls you, who also will do it."},{"Verseid":"51004024","Verse":"Brethren, pray for us."},{"Verseid":"51004025","Verse":"Greet all the brethren with an holy kiss."},{"Verseid":"51004026","Verse":"I charge you by the Lord that this epistle be read unto all the holy brethren."},{"Verseid":"51004027","Verse":"The grace of our Lord Jesus Christ be with you. Amen."}]}]}