{"Chapter":[{"Verse":[{"Verseid":"52000000","Verse":"Paul, and Silvanus, and Timotheus, unto the church of the Thessalonians in God our Father and the Lord Jesus Christ:"},{"Verseid":"52000001","Verse":"Grace unto you, and peace, from God our Father and the Lord Jesus Christ."},{"Verseid":"52000002","Verse":"We are bound to thank God always for you, brethren, as it is meet, because that your faith grows exceedingly, and the love of every one of you all toward each other abounds;"},{"Verseid":"52000003","Verse":"So that we ourselves glory in you in the churches of God for your patience and faith in all your persecutions and tribulations that all of you endure:"},{"Verseid":"52000004","Verse":"Which is a manifest token of the righteous judgment of God, that all of you may be counted worthy of the kingdom of God, for which all of you also suffer:"},{"Verseid":"52000005","Verse":"Seeing it is a righteous thing with God to recompense tribulation to them that trouble you;"},{"Verseid":"52000006","Verse":"And to you who are troubled rest with us, when the Lord Jesus shall be revealed from heaven with his mighty angels,"},{"Verseid":"52000007","Verse":"In flaming fire taking vengeance on them that know not God, and that obey not the gospel of our Lord Jesus Christ:"},{"Verseid":"52000008","Verse":"Who shall be punished with everlasting destruction from the presence of the Lord, and from the glory of his power;"},{"Verseid":"52000009","Verse":"When he shall come to be glorified in his saints, and to be admired in all them that believe (because our testimony among you was believed) in that day."},{"Verseid":"52000010","Verse":"Wherefore also we pray always for you, that our God would count you worthy of this calling, and fulfill all the good pleasure of his goodness, and the work of faith with power:"},{"Verseid":"52000011","Verse":"That the name of our Lord Jesus Christ may be glorified in you, and all of you in him, according to the grace of our God and the Lord Jesus Christ."}]},{"Verse":[{"Verseid":"52001000","Verse":"Now we plead to you, brethren, by the coming of our Lord Jesus Christ, and by our gathering together unto him,"},{"Verseid":"52001001","Verse":"That all of you be not soon shaken in mind, or be troubled, neither by spirit, nor by word, nor by letter as from us, as that the day of Christ is at hand."},{"Verseid":"52001002","Verse":"Let no man deceive you by any means: for that day shall not come, except there come a falling away first, and that man of sin be revealed, the son of perdition;"},{"Verseid":"52001003","Verse":"Who opposes and exalts himself above all that is called God, or that is worshipped; so that he as God sits in the temple of God, showing himself that he is God."},{"Verseid":"52001004","Verse":"Remember all of you not, that, when I was yet with you, I told you these things?"},{"Verseid":"52001005","Verse":"And now all of you know what withholds that he might be revealed in his time."},{"Verseid":"52001006","Verse":"For the mystery of iniquity does already work: only he who now lets will let, until he be taken out of the way."},{"Verseid":"52001007","Verse":"And then shall that Wicked be revealed, whom the Lord shall consume with the spirit of his mouth, and shall destroy with the brightness of his coming:"},{"Verseid":"52001008","Verse":"Even him, whose coming is after the working of Satan with all power and signs and lying wonders,"},{"Verseid":"52001009","Verse":"And with all deceivableness of unrighteousness in them that perish; because they received not the love of the truth, that they might be saved."},{"Verseid":"52001010","Verse":"And for this cause God shall send them strong delusion, that they should believe a lie:"},{"Verseid":"52001011","Verse":"That they all might be damned who believed not the truth, but had pleasure in unrighteousness."},{"Verseid":"52001012","Verse":"But we are bound to give thanks always to God for you, brethren beloved of the Lord, because God has from the beginning chosen you to salvation through sanctification of the Spirit and belief of the truth:"},{"Verseid":"52001013","Verse":"Unto which he called you by our gospel, to the obtaining of the glory of our Lord Jesus Christ."},{"Verseid":"52001014","Verse":"Therefore, brethren, stand fast, and hold the traditions which all of you have been taught, whether by word, or our epistle."},{"Verseid":"52001015","Verse":"Now our Lord Jesus Christ himself, and God, even our Father, which has loved us, and has given us everlasting consolation and good hope through grace,"},{"Verseid":"52001016","Verse":"Comfort your hearts, and establish you in every good word and work."}]},{"Verse":[{"Verseid":"52002000","Verse":"Finally, brethren, pray for us, that the word of the Lord may have free course, and be glorified, even as it is with you:"},{"Verseid":"52002001","Verse":"And that we may be delivered from unreasonable and wicked men: for all men have not faith."},{"Verseid":"52002002","Verse":"But the Lord is faithful, who shall establish you, and keep you from evil."},{"Verseid":"52002003","Verse":"And we have confidence in the Lord concerning you, that all of you both do and will do the things which we command you."},{"Verseid":"52002004","Verse":"And the Lord direct your hearts into the love of God, and into the patient waiting for Christ."},{"Verseid":"52002005","Verse":"Now we command you, brethren, in the name of our Lord Jesus Christ, that all of you withdraw yourselves from every brother that walks disorderly, and not after the tradition which he received of us."},{"Verseid":"52002006","Verse":"For yourselves know how all of you ought to follow us: for we behaved not ourselves disorderly among you;"},{"Verseid":"52002007","Verse":"Neither did we eat any man's bread for nothing; but wrought with labour and travail night and day, that we might not be chargeable to any of you:"},{"Verseid":"52002008","Verse":"Not because we have not power, but to make ourselves an example unto you to follow us."},{"Verseid":"52002009","Verse":"For even when we were with you, this we commanded you, that if any would not work, neither should he eat."},{"Verseid":"52002010","Verse":"For we hear that there are some which walk among you disorderly, working not at all, but are busybodies."},{"Verseid":"52002011","Verse":"Now them that are such we command and exhort by our Lord Jesus Christ, that with quietness they work, and eat their own bread."},{"Verseid":"52002012","Verse":"But all of you, brethren, be not weary in well doing."},{"Verseid":"52002013","Verse":"And if any man obey not our word by this epistle, note that man, and have no company with him, that he may be ashamed."},{"Verseid":"52002014","Verse":"Yet count him not as an enemy, but admonish him as a brother."},{"Verseid":"52002015","Verse":"Now the Lord of peace himself give you peace always by all means. The Lord be with you all."},{"Verseid":"52002016","Verse":"The salutation of Paul with mine own hand, which is the token in every epistle: so I write."},{"Verseid":"52002017","Verse":"The grace of our Lord Jesus Christ be with you all. Amen."}]}]}