{"Chapter":[{"Verse":[{"Verseid":"53000000","Verse":"Paul, an apostle of Jesus Christ by the commandment of God our Saviour, and Lord Jesus Christ, which is our hope;"},{"Verseid":"53000001","Verse":"Unto Timothy, my own son in the faith: Grace, mercy, and peace, from God our Father and Jesus Christ our Lord."},{"Verseid":"53000002","Verse":"As I besought you to abide still at Ephesus, when I went into Macedonia, that you might charge some that they teach no other doctrine,"},{"Verseid":"53000003","Verse":"Neither give heed to fables and endless genealogies, which minister questions, rather than godly edifying which is in faith: so do."},{"Verseid":"53000004","Verse":"Now the end of the commandment is love out of a pure heart, and of a good conscience, and of faith sincere:"},{"Verseid":"53000005","Verse":"From which some having miss the mark have turned aside unto vain arguments;"},{"Verseid":"53000006","Verse":"Desiring to be teachers of the law; understanding neither what they say, nor whereof they affirm."},{"Verseid":"53000007","Verse":"But we know that the law is good, if a man use it lawfully;"},{"Verseid":"53000008","Verse":"Knowing this, that the law is not made for a righteous man, but for the lawless and disobedient, for the ungodly and for sinners, for unholy and profane, for murderers of fathers and murderers of mothers, for manslayers,"},{"Verseid":"53000009","Verse":"For whoremongers, for them that defile themselves with mankind, for men-stealers , for liars, for promise breakers, and if there be any other thing that is contrary to sound doctrine;"},{"Verseid":"53000010","Verse":"According to the glorious gospel of the blessed God, which was committed to my trust."},{"Verseid":"53000011","Verse":"And I thank Christ Jesus our Lord, who has enabled me, for that he counted me faithful, putting me into the ministry;"},{"Verseid":"53000012","Verse":"Who was before a blasphemer, and a persecutor, and prone to cause hurt: but I obtained mercy, because I did it ignorantly in unbelief."},{"Verseid":"53000013","Verse":"And the grace of our Lord was exceeding abundant with faith and love which is in Christ Jesus."},{"Verseid":"53000014","Verse":"This is a faithful saying, and worthy of all acceptation, that Christ Jesus came into the world to save sinners; of whom I am chief."},{"Verseid":"53000015","Verse":"Nevertheless for this cause I obtained mercy, that in me first Jesus Christ might show forth all longsuffering, for a pattern to them which should hereafter believe on him to life everlasting."},{"Verseid":"53000016","Verse":"Now unto the King eternal, immortal, invisible, the only wise God, be honour and glory for ever and ever. Amen."},{"Verseid":"53000017","Verse":"This charge I commit unto you, son Timothy, according to the prophecies which went before on you, that you by them might war a good warfare;"},{"Verseid":"53000018","Verse":"Holding faith, and a good conscience; which some having put away concerning faith have made shipwreck:"},{"Verseid":"53000019","Verse":"Of whom is Hymenaeus and Alexander; whom I have delivered unto Satan, that they may learn not to blaspheme."}]},{"Verse":[{"Verseid":"53001000","Verse":"I exhort therefore, that, first of all, supplications, prayers, intercessions, and giving of thanks, be made for all men;"},{"Verseid":"53001001","Verse":"For kings, and for all that are in authority; that we may lead a quiet and peaceable life in all godliness and honesty."},{"Verseid":"53001002","Verse":"For this is good and acceptable in the sight of God our Saviour;"},{"Verseid":"53001003","Verse":"Who will have all men to be saved, and to come unto the knowledge of the truth."},{"Verseid":"53001004","Verse":"For there is one God, and one mediator between God and men, the man Christ Jesus;"},{"Verseid":"53001005","Verse":"Who gave himself a ransom for all, to be testified in due time."},{"Verseid":"53001006","Verse":"Unto which I am ordained a preacher, and an apostle, (I speak the truth in Christ, and lie not;) a teacher of the Gentiles in faith and verity."},{"Verseid":"53001007","Verse":"I will therefore that men pray every where, lifting up holy hands, without wrath and doubting."},{"Verseid":"53001008","Verse":"In like manner also, that women adorn themselves in modest apparel, with reverence and sobriety; not with braided hair, or gold, or pearls, or costly array;"},{"Verseid":"53001009","Verse":"But (which becomes women professing godliness) with good works."},{"Verseid":"53001010","Verse":"Let the woman learn in silence with all subjection."},{"Verseid":"53001011","Verse":"But I suffer not a woman to teach, nor to usurp authority over the man, but to be in silence."},{"Verseid":"53001012","Verse":"For Adam was first formed, then Eve."},{"Verseid":"53001013","Verse":"And Adam was not deceived, but the woman being deceived was in the transgression."},{"Verseid":"53001014","Verse":"Notwithstanding she shall be saved in childbearing, if they continue in faith and love and holiness with sobriety."}]},{"Verse":[{"Verseid":"53002000","Verse":"This is a true saying, If a man desire the office of a bishop, he desires a good work."},{"Verseid":"53002001","Verse":"A bishop then must be blameless, the husband of one wife, vigilant, sober, of good behaviour, given to hospitality, able to teach;"},{"Verseid":"53002002","Verse":"Not given to wine, not an attacker, not greedy of filthy illegal gain; but patient, not a brawler, not covetous;"},{"Verseid":"53002003","Verse":"One that rules well his own house, having his children in subjection with all gravity;"},{"Verseid":"53002004","Verse":"(For if a man know not how to rule his own house, how shall he take care of the church of God?)"},{"Verseid":"53002005","Verse":"Not a novice, lest being lifted up with pride he fall into the condemnation of the devil."},{"Verseid":"53002006","Verse":"Moreover he must have a good report of them which are without; lest he fall into reproach and the snare of the devil."},{"Verseid":"53002007","Verse":"Likewise must the deacons be grave, not double-tongued, not given to much wine, not greedy of filthy illegal gain;"},{"Verseid":"53002008","Verse":"Holding the mystery of the faith in a pure conscience."},{"Verseid":"53002009","Verse":"And let these also first be proved; then let them use the office of a deacon, being found blameless."},{"Verseid":"53002010","Verse":"Even so must their wives be grave, not slanderers, sober, faithful in all things."},{"Verseid":"53002011","Verse":"Let the deacons be the husbands of one wife, ruling their children and their own houses well."},{"Verseid":"53002012","Verse":"For they that have used the office of a deacon well purchase to themselves a good degree, and great boldness in the faith which is in Christ Jesus."},{"Verseid":"53002013","Verse":"These things write I unto you, hoping to come unto you shortly:"},{"Verseid":"53002014","Verse":"But if I tarry long, that you may know how you ought to behave yourself in the house of God, which is the church of the living God, the pillar and ground of the truth."},{"Verseid":"53002015","Verse":"And without controversy great is the mystery of godliness: God was manifest in the flesh, justified in the Spirit, seen of angels, preached unto the Gentiles, believed on in the world, received up into glory."}]},{"Verse":[{"Verseid":"53003000","Verse":"Now the Spirit speaks expressly, that in the latter times some shall depart from the faith, giving heed to seducing spirits, and doctrines of devils;"},{"Verseid":"53003001","Verse":"Speaking lies in hypocrisy; having their conscience seared with a hot iron;"},{"Verseid":"53003002","Verse":"Forbidding to marry, and commanding to abstain from meats, which God has created to be received with thanksgiving of them which believe and know the truth."},{"Verseid":"53003003","Verse":"For every creature of God is good, and nothing to be refused, if it be received with thanksgiving:"},{"Verseid":"53003004","Verse":"For it is sanctified by the word of God and prayer."},{"Verseid":"53003005","Verse":"If you put the brethren in remembrance of these things, you shall be a good minister of Jesus Christ, nourished up in the words of faith and of good doctrine, unto which you have attained."},{"Verseid":"53003006","Verse":"But refuse profane and old wives' fables, and exercise yourself rather unto godliness."},{"Verseid":"53003007","Verse":"For bodily exercise profits little: but godliness is profitable unto all things, having promise of the life that now is, and of that which is to come."},{"Verseid":"53003008","Verse":"This is a faithful saying and worthy of all acceptation."},{"Verseid":"53003009","Verse":"For therefore we both labour and suffer reproach, because we trust in the living God, who is the Saviour of all men, specially of those that believe."},{"Verseid":"53003010","Verse":"These things command and teach."},{"Verseid":"53003011","Verse":"Let no man despise your youth; but be you an example of the believers, in word, in conversation, in love, in spirit, in faith, in purity."},{"Verseid":"53003012","Verse":"Till I come, give attendance to reading, to exhortation, to doctrine."},{"Verseid":"53003013","Verse":"Neglect not the gift that is in you, which was given you by prophecy, with the laying on of the hands of the presbytery."},{"Verseid":"53003014","Verse":"Meditate upon these things; give yourself wholly to them; that your profiting may appear to all."},{"Verseid":"53003015","Verse":"Take heed unto yourself, and unto the doctrine; continue in them: for in doing this you shall both save yourself, and them that hear you."}]},{"Verse":[{"Verseid":"53004000","Verse":"Rebuke not an elder, but implore him as a father; and the younger men as brethren;"},{"Verseid":"53004001","Verse":"The elder women as mothers; the younger as sisters, with all purity."},{"Verseid":"53004002","Verse":"Honour widows that are widows indeed."},{"Verseid":"53004003","Verse":"But if any widow have children or nephews, let them learn first to show piety at home, and to requite their parents: for that is good and acceptable before God."},{"Verseid":"53004004","Verse":"Now she that is a widow indeed, and desolate, trusts in God, and continues in supplications and prayers night and day."},{"Verseid":"53004005","Verse":"But she that lives in pleasure is dead while she lives."},{"Verseid":"53004006","Verse":"And these things give in charge, that they may be blameless."},{"Verseid":"53004007","Verse":"But if any provide not for his own, and specially for those of his own house, he has denied the faith, and is worse than an infidel."},{"Verseid":"53004008","Verse":"Let not a widow be taken into the number under threescore years old, having been the wife of one man."},{"Verseid":"53004009","Verse":"Well reported of for good works; if she have brought up children, if she have lodged strangers, if she have washed the saints' feet, if she have relieved the afflicted, if she have diligently followed every good work."},{"Verseid":"53004010","Verse":"But the younger widows refuse: for when they have begun to wax wanton against Christ, they will marry;"},{"Verseid":"53004011","Verse":"Having damnation, because they have cast off their first faith."},{"Verseid":"53004012","Verse":"And likewise they learn to be idle, wandering about from house to house; and not only idle, but gossiping also and busybodies, speaking things which they ought not."},{"Verseid":"53004013","Verse":"I will therefore that the younger women marry, bear children, guide the house, give none occasion to the adversary to speak reproachfully."},{"Verseid":"53004014","Verse":"For some are already turned aside after Satan."},{"Verseid":"53004015","Verse":"If any man or woman that believes have widows, let them relieve them, and let not the church be charged; that it may relieve them that are widows indeed."},{"Verseid":"53004016","Verse":"Let the elders that rule well be counted worthy of double honour, especially they who labour in the word and doctrine."},{"Verseid":"53004017","Verse":"For the scripture says, You shall not suppress the ox that treads out the corn. And, The labourer is worthy of his reward."},{"Verseid":"53004018","Verse":"Against an elder receive not an accusation, but before two or three witnesses."},{"Verseid":"53004019","Verse":"Them that sin rebuke before all, that others also may fear."},{"Verseid":"53004020","Verse":"I charge you before God, and the Lord Jesus Christ, and the elect angels, that you observe these things without preferring one before another, doing nothing by partiality."},{"Verseid":"53004021","Verse":"Lay hands suddenly on no man, neither be partaker of other men's sins: keep yourself pure."},{"Verseid":"53004022","Verse":"Drink no longer water, but use a little wine for your stomach's sake and yours often infirmities."},{"Verseid":"53004023","Verse":"Some men's sins are open beforehand, going before to judgment; and some men they follow after."},{"Verseid":"53004024","Verse":"Likewise also the good works of some are manifest beforehand; and they that are otherwise cannot be hid."}]},{"Verse":[{"Verseid":"53005000","Verse":"Let as many servants as are under the yoke count their own masters worthy of all honour, that the name of God and his doctrine be not blasphemed."},{"Verseid":"53005001","Verse":"And they that have believing masters, let them not despise them, because they are brethren; but rather do them service, because they are faithful and beloved, partakers of the benefit. These things teach and exhort."},{"Verseid":"53005002","Verse":"If any man teach otherwise, and consent not to wholesome words, even the words of our Lord Jesus Christ, and to the doctrine which is according to godliness;"},{"Verseid":"53005003","Verse":"He is proud, knowing nothing, but doting about questions and strifes of words, whereof comes envy, strife, railings, evil questionings,"},{"Verseid":"53005004","Verse":"Perverse disputings of men of corrupt minds, and destitute of the truth, supposing that gain is godliness: from such withdraw yourself."},{"Verseid":"53005005","Verse":"But godliness with contentment is great gain."},{"Verseid":"53005006","Verse":"For we brought nothing into this world, and it is certain we can carry nothing out."},{"Verseid":"53005007","Verse":"And having food and raiment let us be therewith content."},{"Verseid":"53005008","Verse":"But they that will be rich fall into temptation and a snare, and into many foolish and hurtful lusts, which drown men in destruction and perdition."},{"Verseid":"53005009","Verse":"For the love of money is the root of all evil: which while some coveted after, they have erred from the faith, and pierced themselves through with many sorrows."},{"Verseid":"53005010","Verse":"But you, O man of God, flee these things; and follow after righteousness, godliness, faith, love, patience, meekness."},{"Verseid":"53005011","Verse":"Fight the good fight of faith, lay hold on eternal life, unto which you are also called, and have professed a good profession before many witnesses."},{"Verseid":"53005012","Verse":"I give you charge in the sight of God, who replenishes life to all things, and before Christ Jesus, who before Pontius Pilate witnessed a good confession;"},{"Verseid":"53005013","Verse":"That you keep this commandment without spot, blameless, until the appearing of our Lord Jesus Christ:"},{"Verseid":"53005014","Verse":"Which in his times he shall show, who is the blessed and only Potentate, the King of kings, and Lord of lords;"},{"Verseid":"53005015","Verse":"Who only has immortality, dwelling in the light which no man can approach unto; whom no man has seen, nor can see: to whom be honour and power everlasting. Amen."},{"Verseid":"53005016","Verse":"Charge them that are rich in this world, that they be not high-minded, nor trust in uncertain riches, but in the living God, who gives us richly all things to enjoy;"},{"Verseid":"53005017","Verse":"That they do good, that they be rich in good works, ready to distribute, willing to communicate;"},{"Verseid":"53005018","Verse":"Laying up in store for themselves a good foundation against the time to come, that they may lay hold on eternal life."},{"Verseid":"53005019","Verse":"O Timothy, keep that which is committed to your trust, avoiding profane and vain babblings, and oppositions of science falsely so called:"},{"Verseid":"53005020","Verse":"Which some professing have erred concerning the faith. Grace be with you. Amen."}]}]}