{"Chapter":[{"Verse":[{"Verseid":"55000000","Verse":"Paul, a servant of God, and an apostle of Jesus Christ, according to the faith of God's elect, and the acknowledging of the truth which is after godliness;"},{"Verseid":"55000001","Verse":"In hope of eternal life, which God, that cannot lie, promised before the world began;"},{"Verseid":"55000002","Verse":"But has in due times manifested his word through preaching, which is committed unto me according to the commandment of God our Saviour;"},{"Verseid":"55000003","Verse":"To Titus, mine own son after the common faith: Grace, mercy, and peace, from God the Father and the Lord Jesus Christ our Saviour."},{"Verseid":"55000004","Verse":"For this cause left I you in Crete, that you should set in order the things that are lacking, and ordain elders in every city, as I had appointed you:"},{"Verseid":"55000005","Verse":"If any be blameless, the husband of one wife, having faithful children not accused of riot or unruly."},{"Verseid":"55000006","Verse":"For a bishop must be blameless, as the steward of God; not self-willed, not soon angry, not given to wine, not an attacker, not given to filthy illegal gain;"},{"Verseid":"55000007","Verse":"But a lover of hospitality, a lover of good men, sober, just, holy, temperate;"},{"Verseid":"55000008","Verse":"Holding fast the faithful word as he has been taught, that he may be able by sound doctrine both to exhort and to convince the gainsayers."},{"Verseid":"55000009","Verse":"For there are many unruly and vain talkers and deceivers, specially they of the circumcision:"},{"Verseid":"55000010","Verse":"Whose mouths must be stopped, who subvert whole houses, teaching things which they ought not, for filthy illegal gain's sake."},{"Verseid":"55000011","Verse":"One of themselves, even a prophet of their own, said, The Cretians are always liars, evil beasts, sluggards."},{"Verseid":"55000012","Verse":"This witness is true. Wherefore rebuke them sharply, that they may be sound in the faith;"},{"Verseid":"55000013","Verse":"Not giving heed to Jewish fables, and commandments of men, that turn from the truth."},{"Verseid":"55000014","Verse":"Unto the pure all things are pure: but unto them that are defiled and unbelieving is nothing pure; but even their mind and conscience is defiled."},{"Verseid":"55000015","Verse":"They profess that they know God; but in works they deny him, being abominable, and disobedient, and unto every good work reprobate."}]},{"Verse":[{"Verseid":"55001000","Verse":"But speak you the things which become sound doctrine:"},{"Verseid":"55001001","Verse":"That the aged men be sober, grave, temperate, sound in faith, in love, in patience."},{"Verseid":"55001002","Verse":"The aged women likewise, that they be in behaviour as becomes holiness, not false accusers, not given to much wine, teachers of good things;"},{"Verseid":"55001003","Verse":"That they may teach the young women to be sober, to love their husbands, to love their children,"},{"Verseid":"55001004","Verse":"To be discreet, chaste, keepers at home, good, obedient to their own husbands, that the word of God be not blasphemed."},{"Verseid":"55001005","Verse":"Young men likewise exhort to be sober minded."},{"Verseid":"55001006","Verse":"In all things showing yourself a pattern of good works: in doctrine showing incorruptness, gravity, sincerity,"},{"Verseid":"55001007","Verse":"Sound speech, that cannot be condemned; that he that is of the contrary part may be ashamed, having no evil thing to say of you."},{"Verseid":"55001008","Verse":"Exhort servants to be obedient unto their own masters, and to please them well in all things; not answering again;"},{"Verseid":"55001009","Verse":"Not embezzling, but showing all good fidelity; that they may adorn the doctrine of God our Saviour in all things."},{"Verseid":"55001010","Verse":"For the grace of God that brings salvation has appeared to all men,"},{"Verseid":"55001011","Verse":"Teaching us that, denying ungodliness and worldly lusts, we should live soberly, righteously, and godly, in this present world;"},{"Verseid":"55001012","Verse":"Looking for that blessed hope, and the glorious appearing of the great God and our Saviour Jesus Christ;"},{"Verseid":"55001013","Verse":"Who gave himself for us, that he might redeem us from all iniquity, and purify unto himself an exclusive people, zealous of good works."},{"Verseid":"55001014","Verse":"These things speak, and exhort, and rebuke with all authority. Let no man despise you."}]},{"Verse":[{"Verseid":"55002000","Verse":"Put them in mind to be subject to principalities and powers, to obey magistrates, to be ready to every good work,"},{"Verseid":"55002001","Verse":"To speak evil of no man, to be no brawlers, but gentle, showing all meekness unto all men."},{"Verseid":"55002002","Verse":"For we ourselves also were sometimes foolish, disobedient, deceived, serving divers lusts and pleasures, living in malice and envy, hateful, and hating one another."},{"Verseid":"55002003","Verse":"But after that the kindness and love of God our Saviour toward man appeared,"},{"Verseid":"55002004","Verse":"Not by works of righteousness which we have done, but according to his mercy he saved us, by the washing of regeneration, and renewing of the Holy Spirit;"},{"Verseid":"55002005","Verse":"Which he shed on us abundantly through Jesus Christ our Saviour;"},{"Verseid":"55002006","Verse":"That being justified by his grace, we should be made heirs according to the hope of eternal life."},{"Verseid":"55002007","Verse":"This is a faithful saying, and these things I will that you affirm constantly, that they which have believed in God might be careful to maintain good works. These things are good and profitable unto men."},{"Verseid":"55002008","Verse":"But avoid foolish questions, and genealogies, and contentions, and strivings about the law; for they are useless and vain."},{"Verseid":"55002009","Verse":"A man that is an heretic after the first and second admonition reject;"},{"Verseid":"55002010","Verse":"Knowing that he that is such is subverted, and sins, being condemned of himself."},{"Verseid":"55002011","Verse":"When I shall send Artemas unto you, or Tychicus, be diligent to come unto me to Nicopolis: for I have determined there to winter."},{"Verseid":"55002012","Verse":"Bring Zenas the lawyer and Apollos on their journey diligently, that nothing be lacking unto them."},{"Verseid":"55002013","Verse":"And let our's also learn to maintain good works for necessary uses, that they be not unfruitful."},{"Verseid":"55002014","Verse":"All that are with me salute you. Greet them that love us in the faith. Grace be with you all. Amen."}]}]}