{"Chapter":[{"Verse":[{"Verseid":"56000000","Verse":"Paul, a prisoner of Jesus Christ, and Timothy our brother, unto Philemon our dearly beloved, and fellow labourer,"},{"Verseid":"56000001","Verse":"And to our beloved Apphia, and Archippus our fellow soldier, and to the church in your house:"},{"Verseid":"56000002","Verse":"Grace to you, and peace, from God our Father and the Lord Jesus Christ."},{"Verseid":"56000003","Verse":"I thank my God, making mention of you always in my prayers,"},{"Verseid":"56000004","Verse":"Hearing of your love and faith, which you have toward the Lord Jesus, and toward all saints;"},{"Verseid":"56000005","Verse":"That the communication of your faith may become effectual by the acknowledging of every good thing which is in you in Christ Jesus."},{"Verseid":"56000006","Verse":"For we have great joy and consolation in your love, because the bowels of the saints are refreshed by you, brother."},{"Verseid":"56000007","Verse":"Wherefore, though I might be much bold in Christ to admonish you that which is convenient,"},{"Verseid":"56000008","Verse":"Yet for love's sake I rather plead to you, being such an one as Paul the aged, and now also a prisoner of Jesus Christ."},{"Verseid":"56000009","Verse":"I plead to you for my son Onesimus, whom I have begotten in my bonds:"},{"Verseid":"56000010","Verse":"Which in time past was to you useless, but now profitable to you and to me:"},{"Verseid":"56000011","Verse":"Whom I have sent again: you therefore receive him, that is, mine own bowels:"},{"Verseid":"56000012","Verse":"Whom I would have retained with me, that in your position he might have ministered unto me in the bonds of the gospel:"},{"Verseid":"56000013","Verse":"But without your mind would I do nothing; that your benefit should not be as it were of necessity, but willingly."},{"Verseid":"56000014","Verse":"For perhaps he therefore departed for a season, that you should receive him for ever;"},{"Verseid":"56000015","Verse":"Not now as a servant, but above a servant, a brother beloved, specially to me, but how much more unto you, both in the flesh, and in the Lord?"},{"Verseid":"56000016","Verse":"If you count me therefore a partner, receive him as myself."},{"Verseid":"56000017","Verse":"If he has wronged you, or owes you ought, put that on mine account;"},{"Verseid":"56000018","Verse":"I Paul have written it with mine own hand, I will repay it: although it be I do not say to you how you owe unto me even yours own self besides."},{"Verseid":"56000019","Verse":"Yea, brother, let me have joy of you in the Lord: refresh my bowels in the Lord."},{"Verseid":"56000020","Verse":"Having confidence in your obedience I wrote unto you, knowing that you will also do more than I say."},{"Verseid":"56000021","Verse":"But likewise prepare me also a lodging: for I trust that through your prayers I shall be given unto you."},{"Verseid":"56000022","Verse":"There salute you Epaphras, my fellow-prisoner in Christ Jesus;"},{"Verseid":"56000023","Verse":"Marcus, Aristarchus, Demas, Lucas, my fellow labourers."},{"Verseid":"56000024","Verse":"The grace of our Lord Jesus Christ be with your spirit. Amen."}]}]}