{"Chapter":[{"Verse":[{"Verseid":"61000000","Verse":"That which was from the beginning, which we have heard, which we have seen with our eyes, which we have looked upon, and our hands have handled, of the Word of life;"},{"Verseid":"61000001","Verse":"(For the life was manifested, and we have seen it, and bear witness, and show unto you that eternal life, which was with the Father, and was manifested unto us;)"},{"Verseid":"61000002","Verse":"That which we have seen and heard declare we unto you, that all of you also may have fellowship with us: and truly our fellowship is with the Father, and with his Son Jesus Christ."},{"Verseid":"61000003","Verse":"And these things write we unto you, that your joy may be full."},{"Verseid":"61000004","Verse":"This then is the message which we have heard of him, and declare unto you, that God is light, and in him is no darkness at all."},{"Verseid":"61000005","Verse":"If we say that we have fellowship with him, and walk in darkness, we lie, and do not the truth:"},{"Verseid":"61000006","Verse":"But if we walk in the light, as he is in the light, we have fellowship one with another, and the blood of Jesus Christ his Son cleanses us from all sin."},{"Verseid":"61000007","Verse":"If we say that we have no sin, we deceive ourselves, and the truth is not in us."},{"Verseid":"61000008","Verse":"If we confess our sins, he is faithful and just to forgive us our sins, and to cleanse us from all unrighteousness."},{"Verseid":"61000009","Verse":"If we say that we have not sinned, we make him a liar, and his word is not in us."}]},{"Verse":[{"Verseid":"61001000","Verse":"My little children, these things write I unto you, that all of you sin not. And if any man sin, we have an advocate with the Father, Jesus Christ the righteous:"},{"Verseid":"61001001","Verse":"And he is the propitiation for our sins: and not for our's only, but also for the sins of the whole world."},{"Verseid":"61001002","Verse":"And hereby we do know that we know him, if we keep his commandments."},{"Verseid":"61001003","Verse":"He that says, I know him, and keeps not his commandments, is a liar, and the truth is not in him."},{"Verseid":"61001004","Verse":"But whoso keeps his word, in him verily is the love of God perfected: hereby know we that we are in him."},{"Verseid":"61001005","Verse":"He that says he abides in him ought himself also so to walk, even as he walked."},{"Verseid":"61001006","Verse":"Brethren, I write no new commandment unto you, but an old commandment which all of you had from the beginning. The old commandment is the word which all of you have heard from the beginning."},{"Verseid":"61001007","Verse":"Again, a new commandment I write unto you, which thing is true in him and in you: because the darkness is past, and the true light now shines."},{"Verseid":"61001008","Verse":"He that says he is in the light, and hates his brother, is in darkness even until now."},{"Verseid":"61001009","Verse":"He that loves his brother abides in the light, and there is none occasion of stumbling in him."},{"Verseid":"61001010","Verse":"But he that hates his brother is in darkness, and walks in darkness, and knows not where he goes, because that darkness has blinded his eyes."},{"Verseid":"61001011","Verse":"I write unto you, little children, because your sins are forgiven you for his name's sake."},{"Verseid":"61001012","Verse":"I write unto you, fathers, because all of you have known him that is from the beginning. I write unto you, young men, because all of you have overcome the wicked one. I write unto you, little children, because all of you have known the Father."},{"Verseid":"61001013","Verse":"I have written unto you, fathers, because all of you have known him that is from the beginning. I have written unto you, young men, because all of you are strong, and the word of God abides in you, and all of you have overcome the wicked one."},{"Verseid":"61001014","Verse":"Love not the world, neither the things that are in the world. If any man love the world, the love of the Father is not in him."},{"Verseid":"61001015","Verse":"For all that is in the world, the lust of the flesh, and the lust of the eyes, and the pride of life, is not of the Father, but is of the world."},{"Verseid":"61001016","Verse":"And the world passes away, and the lust thereof: but he that does the will of God abides for ever."},{"Verseid":"61001017","Verse":"Little children, it is the last time: and as all of you have heard that antichrist shall come, even now are there many antichrists; whereby we know that it is the last time."},{"Verseid":"61001018","Verse":"They went out from us, but they were not of us; for if they had been of us, they would no doubt have continued with us: but they went out, that they might be made manifest that they were not all of us."},{"Verseid":"61001019","Verse":"But all of you have an anointing from the Holy One, and all of you know all things."},{"Verseid":"61001020","Verse":"I have not written unto you because all of you know not the truth, but because all of you know it, and that no lie is of the truth."},{"Verseid":"61001021","Verse":"Who is a liar but he that denies that Jesus is the Christ? He is antichrist, that denies the Father and the Son."},{"Verseid":"61001022","Verse":"Whosoever denies the Son, the same has not the Father: he that acknowledges the Son has the Father also."},{"Verseid":"61001023","Verse":"Let that therefore abide in you, which all of you have heard from the beginning. If that which all of you have heard from the beginning shall remain in you, all of you also shall continue in the Son, and in the Father."},{"Verseid":"61001024","Verse":"And this is the promise that he has promised us, even eternal life."},{"Verseid":"61001025","Verse":"These things have I written unto you concerning them that seduce you."},{"Verseid":"61001026","Verse":"But the anointing which all of you have received of him abides in you, and all of you need not that any man teach you: but as the same anointing teaches you of all things, and is truth, and is no lie, and even as it has taught you, all of you shall abide in him."},{"Verseid":"61001027","Verse":"And now, little children, abide in him; that, when he shall appear, we may have confidence, and not be ashamed before him at his coming."},{"Verseid":"61001028","Verse":"If all of you know that he is righteous, all of you know that every one that does righteousness is born of him."}]},{"Verse":[{"Verseid":"61002000","Verse":"Behold, what manner of love the Father has bestowed upon us, that we should be called the sons of God: therefore the world knows us not, because it knew him not."},{"Verseid":"61002001","Verse":"Beloved, now are we the sons of God, and it does not yet appear what we shall be: but we know that, when he shall appear, we shall be like him; for we shall see him as he is."},{"Verseid":"61002002","Verse":"And every man that has this hope in him purifies himself, even as he is pure."},{"Verseid":"61002003","Verse":"Whosoever commits sin trangresses also the law: for sin is the transgression of the law."},{"Verseid":"61002004","Verse":"And all of you know that he was manifested to take away our sins; and in him is no sin."},{"Verseid":"61002005","Verse":"Whosoever abides in him sins not: whosoever sins has not seen him, neither known him."},{"Verseid":"61002006","Verse":"Little children, let no man deceive you: he that does righteousness is righteous, even as he is righteous."},{"Verseid":"61002007","Verse":"He that commits sin is of the devil; for the devil sins from the beginning. For this purpose the Son of God was manifested, that he might destroy the works of the devil."},{"Verseid":"61002008","Verse":"Whosoever is born of God does not commit sin; for his seed remains in him: and he cannot sin, because he is born of God."},{"Verseid":"61002009","Verse":"In this the children of God are manifest, and the children of the devil: whosoever does not righteousness is not of God, neither he that loves not his brother."},{"Verseid":"61002010","Verse":"For this is the message that all of you heard from the beginning, that we should love one another."},{"Verseid":"61002011","Verse":"Not as Cain, who was of that wicked one, and slew his brother. And wherefore slew he him? Because his own works were evil, and his brother's righteous."},{"Verseid":"61002012","Verse":"Marvel not, my brethren, if the world hate you."},{"Verseid":"61002013","Verse":"We know that we have passed from death unto life, because we love the brethren. He that loves not his brother abides in death."},{"Verseid":"61002014","Verse":"Whosoever hates his brother is a murderer: and all of you know that no murderer has eternal life abiding in him."},{"Verseid":"61002015","Verse":"Hereby perceive we the love of God, because he laid down his life for us: and we ought to lay down our lives for the brethren."},{"Verseid":"61002016","Verse":"But whoso has this world's good, and sees his brother have need, and shuts up his bowels of compassion from him, how dwells the love of God in him?"},{"Verseid":"61002017","Verse":"My little children, let us not love in word, neither in tongue; but in deed and in truth."},{"Verseid":"61002018","Verse":"And hereby we know that we are of the truth, and shall assure our hearts before him."},{"Verseid":"61002019","Verse":"For if our heart condemn us, God is greater than our heart, and knows all things."},{"Verseid":"61002020","Verse":"Beloved, if our heart condemn us not, then have we confidence toward God."},{"Verseid":"61002021","Verse":"And whatsoever we ask, we receive of him, because we keep his commandments, and do those things that are pleasing in his sight."},{"Verseid":"61002022","Verse":"And this is his commandment, That we should believe on the name of his Son Jesus Christ, and love one another, as he gave us commandment."},{"Verseid":"61002023","Verse":"And he that keeps his commandments dwells in him, and he in him. And hereby we know that he abides in us, by the Spirit which he has given us."}]},{"Verse":[{"Verseid":"61003000","Verse":"Beloved, believe not every spirit, but try the spirits whether they are of God: because many false prophets are gone out into the world."},{"Verseid":"61003001","Verse":"Hereby know all of you the Spirit of God: Every spirit that confesses that Jesus Christ has come in the flesh is of God:"},{"Verseid":"61003002","Verse":"And every spirit that confesses not that Jesus Christ has come in the flesh is not of God: and this is that spirit of antichrist, whereof all of you have heard that it should come; and even now already is it in the world."},{"Verseid":"61003003","Verse":"All of you are of God, little children, and have overcome them: because greater is he that is in you, than he that is in the world."},{"Verseid":"61003004","Verse":"They are of the world: therefore speak they of the world, and the world hears them."},{"Verseid":"61003005","Verse":"We are of God: he that knows God hears us; he that is not of God hears not us. Hereby know we the spirit of truth, and the spirit of error."},{"Verseid":"61003006","Verse":"Beloved, let us love one another: for love is of God; and every one that loves is born of God, and knows God."},{"Verseid":"61003007","Verse":"He that loves not knows not God; for God is love."},{"Verseid":"61003008","Verse":"In this was manifested the love of God toward us, because that God sent his only begotten Son into the world, that we might live through him."},{"Verseid":"61003009","Verse":"Herein is love, not that we loved God, but that he loved us, and sent his Son to be the propitiation for our sins."},{"Verseid":"61003010","Verse":"Beloved, if God so loved us, we ought also to love one another."},{"Verseid":"61003011","Verse":"No man has seen God at any time. If we love one another, God dwells in us, and his love is perfected in us."},{"Verseid":"61003012","Verse":"Hereby know we that we dwell in him, and he in us, because he has given us of his Spirit."},{"Verseid":"61003013","Verse":"And we have seen and do testify that the Father sent the Son to be the Saviour of the world."},{"Verseid":"61003014","Verse":"Whosoever shall confess that Jesus is the Son of God, God dwells in him, and he in God."},{"Verseid":"61003015","Verse":"And we have known and believed the love that God has to us. God is love; and he that dwells in love dwells in God, and God in him."},{"Verseid":"61003016","Verse":"Herein is our love made perfect, that we may have boldness in the day of judgment: because as he is, so are we in this world."},{"Verseid":"61003017","Verse":"There is no fear in love; but perfect love casts out fear: because fear has torment. He that fears is not made perfect in love."},{"Verseid":"61003018","Verse":"We love him, because he first loved us."},{"Verseid":"61003019","Verse":"If a man say, I love God, and hates his brother, he is a liar: for he that loves not his brother whom he has seen, how can he love God whom he has not seen?"},{"Verseid":"61003020","Verse":"And this commandment have we from him, That he who loves God love his brother also."}]},{"Verse":[{"Verseid":"61004000","Verse":"Whosoever believes that Jesus is the Christ is born of God: and every one that loves him that brings forth loves him also that is begotten of him."},{"Verseid":"61004001","Verse":"By this we know that we love the children of God, when we love God, and keep his commandments."},{"Verseid":"61004002","Verse":"For this is the love of God, that we keep his commandments: and his commandments are not grievous."},{"Verseid":"61004003","Verse":"For whatsoever is born of God overcomes the world: and this is the victory that overcomes the world, even our faith."},{"Verseid":"61004004","Verse":"Who is he that overcomes the world, but he that believes that Jesus is the Son of God?"},{"Verseid":"61004005","Verse":"This is he that came by water and blood, even Jesus Christ; not by water only, but by water and blood. And it is the Spirit that bears witness, because the Spirit is truth."},{"Verseid":"61004006","Verse":"For there are three that bear record in heaven, the Father, the Word, and the Holy Spirit: and these three are one."},{"Verseid":"61004007","Verse":"And there are three that bear witness in earth, the Spirit, and the water, and the blood: and these three agree in one."},{"Verseid":"61004008","Verse":"If we receive the witness of men, the witness of God is greater: for this is the witness of God which he has testified of his Son."},{"Verseid":"61004009","Verse":"He that believes on the Son of God has the witness in himself: he that believes not God has made him a liar; because he believes not the record that God gave of his Son."},{"Verseid":"61004010","Verse":"And this is the record, that God has given to us eternal life, and this life is in his Son."},{"Verseid":"61004011","Verse":"He that has the Son has life; and he that has not the Son of God has not life."},{"Verseid":"61004012","Verse":"These things have I written unto you that believe on the name of the Son of God; that all of you may know that all of you have eternal life, and that all of you may believe on the name of the Son of God."},{"Verseid":"61004013","Verse":"And this is the confidence that we have in him, that, if we ask any thing according to his will, he hears us:"},{"Verseid":"61004014","Verse":"And if we know that he hear us, whatsoever we ask, we know that we have the petitions that we desired of him."},{"Verseid":"61004015","Verse":"If any man see his brother sin a sin which is not unto death, he shall ask, and he shall give him life for them that sin not unto death. There is a sin unto death: I do not say that he shall pray for it."},{"Verseid":"61004016","Verse":"All unrighteousness is sin: and there is a sin not unto death."},{"Verseid":"61004017","Verse":"We know that whosoever is born of God sins not; but he that is begotten of God keeps himself, and that wicked one touches him not."},{"Verseid":"61004018","Verse":"And we know that we are of God, and the whole world lies in wickedness."},{"Verseid":"61004019","Verse":"And we know that the Son of God has come, and has given us an understanding, that we may know him that is true, and we are in him that is true, even in his Son Jesus Christ. This is the true God, and eternal life."},{"Verseid":"61004020","Verse":"Little children, keep yourselves from idols. Amen."}]}]}