{"Chapter":[{"Verse":[{"Verseid":"63000000","Verse":"The elder unto the beloved Gaius, whom I love in the truth."},{"Verseid":"63000001","Verse":"Beloved, I wish above all things that you may prosper and be in health, even as your soul prospers."},{"Verseid":"63000002","Verse":"For I rejoiced greatly, when the brethren came and testified of the truth that is in you, even as you walk in the truth."},{"Verseid":"63000003","Verse":"I have no greater joy than to hear that my children walk in truth."},{"Verseid":"63000004","Verse":"Beloved, you do faithfully whatsoever you do to the brethren, and to strangers;"},{"Verseid":"63000005","Verse":"Which have borne witness of your love before the church: whom if you bring forward on their journey after a godly sort, you shall do well:"},{"Verseid":"63000006","Verse":"Because that for his name's sake they went forth, taking nothing of the Gentiles."},{"Verseid":"63000007","Verse":"We therefore ought to receive such, that we might be fellow-helpers to the truth."},{"Verseid":"63000008","Verse":"I wrote unto the church: but Diotrephes, who loves to have the preeminence among them, receives us not."},{"Verseid":"63000009","Verse":"Wherefore, if I come, I will remember his deeds which he does, babbling against us with malicious words: and not content therewith, neither does he himself receive the brethren, and forbids them that would, and casts them out of the church."},{"Verseid":"63000010","Verse":"Beloved, follow not that which is evil, but that which is good. He that does good is of God: but he that does evil has not seen God."},{"Verseid":"63000011","Verse":"Demetrius has good report of all men, and of the truth itself: yea, and we also bear record; and all of you know that our record is true."},{"Verseid":"63000012","Verse":"I had many things to write, but I will not with ink and pen write unto you:"},{"Verseid":"63000013","Verse":"But I trust I shall shortly see you, and we shall speak face to face. Peace be to you. Our friends salute you. Greet the friends by name."}]}]}